T_Planet,N_Planet,Aspect_Angle,Category,N_House,N_Sign_Element,T_Retrograde_Flag,Orb_Status,Text_Description,Countdown_Label,Countdown_ID,Score_Impact,Priority,Advised_Task
TRANSIT_SUN,NATAL_SUN,0,General,1,Fire,0,Applying,新しい1年のサイクルが始まる予Eがあり活力が冁EEから高まってぁEす。接近中の今E新しい目標を立てる準備に最適な時期でぁE新しい自刁E目覚める日まで,,85,10,これから1年で成し遂げたいことめEつ書きEぁETRANSIT_SUN,NATAL_MERCURY,90,Work,10,Earth,0,Separating,仕事上E立場と自刁EE老Eが衝突した余韻が残ってぁEす。離脱中の今E議論を深めるよりも決定事頁EE事後E琁E雁Eすべき時でぁE思老EE混乱が収まるまで,,-30,7,会議の議事録を見直し漏れがなぁE再確認すめETRANSIT_MERCURY,NATAL_SATURN,0,Work,6,Earth,1,Applying,実務において過去のミスめEぁE頁EE見直しを迫られる予感があります。送Eかつ接近中の今E焦らずにシスチEの再点検を行うべきでぁE知皁E基盤がE構築されるまで,,20,8,過去のプロジェクト賁Eを読み返し改喁Eを探ぁETRANSIT_VENUS,NATAL_MOON,120,Love,4,Water,0,Applying,プライベEトで深ぁE忁Eを得られる喜Eが近づぁEぁEす。接近中の今E大刁E人をE宁Eもてなす準備をすると愛が深まりまぁE忁E愛で満たされる日まで,,75,8,部屋に花を飾り忁Eよい空間を整える
TRANSIT_MARS,NATAL_SUN,150,Health,1,Fire,0,Separating,自刁E追ぁEみすぎた影響が体調の違和感として残ってぁEす。離脱中の今E無琁E動かず活動量の微調整を行うことで回復が早まりまぁE身体E調和が整ぁEまで,,-25,6,ストレチEで筋肉を緩め十刁E睡眠をとめETRANSIT_JUPITER,NATAL_MC,0,Work,10,Earth,0,Applying,社会的な成功めEきなチャンスが目前まで迫ってぁEす。接近中の今E受け入れE勢を整え周囲への協力を仰ぐ準備をしてください,努力が形となり報われる日まで,,95,10,実績をまとめたポEトフォリオを最新版に更新する
TRANSIT_SATURN,NATAL_VENUS,180,Money,2,Earth,0,Separating,金銭面での厳しい制限や規律を求められた時期を過ぎつつあります。離脱中の今E学んだ節紁Eを今後E習Eとして定着させるべき時でぁE経済的な基盤が安定する日まで,,-40,9,固定費の見直し結果を家計簿に反映させめETRANSIT_URANUS,NATAL_MERCURY,120,Work,3,Air,0,Applying,独創皁EアイチEが閃き日常のコミュニケーションが刷新される予Eがあります。接近中の今E新しいチEタルチEEルの導Eを検討してください,閁Eが未来をEり拓く日まで,,80,5,最新のAIチEEルめEジェチEの惁Eを収雁EめETRANSIT_NEPTUNE,NATAL_SUN,90,General,12,Water,1,Separating,琁Eと現実E墁Eが曖昧になり迷ぁE生じた余韻が続いてぁEす。送Eかつ離脱中の今E過去の夢をE解釈し現実的な落とし所を見つける時でぁE忁EE霧が完Eに晴れる日まで,,-45,7,一人で静かに瞑想し直感E冁Eを言語化してみめETRANSIT_SUN,NATAL_SUN,0,General,1,Fire,0,Applying,自刁EE身の存在感が高まり、新しい活動を開始する意欲が湧ぁEくる時期です。周囲へのアピEル力も増すため、E刁EE老Eを表明するEに適してぁEす、E新しい挑戦が実を結E日まで,,80,10,今日から始めたい新しい習EめEつ決め、手帳に書きEぁETRANSIT_SUN,NATAL_SUN,0,General,1,Fire,0,Separating,新しいサイクルが本格皁E始まり、これまでの準備が形になりつつあります。勢ぁEけで進まず、現在の状況を冷静に把握して定着させるべき時です、E新しい自刁E確立する日まで,,70,8,始めたEかりの活動E進捗を確認し、無琁EなぁE調整する
TRANSIT_SUN,NATAL_SUN,0,Work,1,Fire,0,Applying,仕事における主導権を握りやすく、リーダーシチEEを発揮できる機会が増えます。新しいプロジェクトE提案や、E刁EE役割をE確にするのに良ぁEイミングです、E仕事での地位が確立される日まで,,85,10,現在の業務におけるE刁EE役割と目標を再確認し、チームに共有すめETRANSIT_SUN,NATAL_SUN,0,Work,1,Fire,0,Separating,仕事での新しい役割が周囲に認められ、E体的な成果が期征Eれる段階に入りました。E忁Eず、着実に業務を遂行して信頼を固めてください、Eキャリアの基盤が安定する日まで,,75,7,これまでの成果を整琁E、次のスチEプに忁EなスキルをリストアチEEする
TRANSIT_SUN,NATAL_SUN,0,Money,1,Fire,0,Applying,自己投賁E新しい収E源E確保に向けた意欲が高まってぁEす。E刁EE身のスキルを高めるためE支出は、封E皁Eプラスのリターンをもたらす可能性が高いです、E経済的な自立を果たす日まで,,60,9,自刁EE封Eに役立つセミナーめE材を1つ選び、受講を検討すめETRANSIT_SUN,NATAL_SUN,0,Money,1,Fire,0,Separating,おの使ぁEめEぎ方につぁEの新しい方針が固まってきました。今E大きな勝負に出るよりも、計画に基づぁE着実な賁E管琁E優先すべき時期です、E賁E形成E土台が整ぁEまで,,55,6,今月の収支を振り返り、無駁E支出がなぁE再チェチEする
TRANSIT_SUN,NATAL_SUN,0,Love,1,Fire,0,Applying,自刁EE身の魁Eが高まり、対人関係において積極皁Eなれる時期です。新しい出会いめE既存E関係を一歩前進させるためE行動が功を奏します、E琁EのパEトナーシチEEに近づくまで,,75,8,気になる相手やパEトナーに自刁Eら連絡を取り、対話の機会を作る
TRANSIT_SUN,NATAL_SUN,0,Love,1,Fire,0,Separating,対人関係での新しい展開が落ち着き、お互いの琁Eが深まりつつあります。無琁E自刁E飾らず、E然体で接することで良好な関係を維持できます、E忁EE絁E深まる日まで,,65,7,身近な人に日頁EE感謝を伝え、相手E話をじっくり聞く時間を持つ
TRANSIT_SUN,NATAL_SUN,0,Health,1,Fire,0,Applying,エネルギーがE実し、体力を向上させるための活動に適した時期です。スポEチE始めたり、生活習Eを改喁Eたりすることで、忁EともにリフレチEュできます、E健康皁E体を手に入れる日まで,,80,10,15刁E度の軽ぁE動やウォーキングを今日のスケジュールに絁E込む
TRANSIT_SUN,NATAL_SUN,0,Health,1,Fire,0,Separating,体力皁EピEクを過ぎ、調整が忁Eな段階に入りました。無琁E運動は控え、十刁E睡眠と栁Eを摂ることで、Eまったエネルギーを安定させてください、E活力Eバランスが整ぁEまで,,70,6,夜更かしを避け、いつもよめE時間早く就寝して体力を回復させるTRANSIT_SUN,NATAL_SUN,0,General,1,Fire,1,Applying,自刁EE身の方向性を見直すべき時期です。勢ぁEけで進むのではなく、現在の目標が本当に自刁E合ってぁEかE検討してください、E進むべき道がE確になる日まで,,65,9,これまでの活動を振り返り、修正が忁Eな点を見つけEぁE
TRANSIT_SUN,NATAL_SUN,0,Work,1,Fire,1,Applying,現在の仕事E進め方に無琁EなぁE確認するタイミングです。新しい提案をする前に、既存E業務E質を高めることに注力してください、E業務E質が向上する日まで,,60,8,過去の業務報告書を読み返し、効玁Eできる箁Eを特定すめE
TRANSIT_SUN,NATAL_SUN,0,Money,1,Fire,1,Applying,過去の投賁E支出の計画をE評価するのに適してぁEす。衝動皁E買ぁEを控え、E期的な賁E形成E視点を持つことが重要です、E家計が安定する日まで,,50,7,固定費の契紁EE容をE確認し、不要なオプションを解紁EめE
TRANSIT_SUN,NATAL_SUN,0,Love,1,Fire,1,Applying,対人関係において、E刁EE振るEぁE客観皁E振り返る時です。相手に対して強引になりすぎてぁEかったか、E静に老Eてみてください、E対人関係が冁Eになる日まで,,55,6,友人めE人との最近EめE取りを思い返し、感謝E言葉を伝えめE
TRANSIT_SUN,NATAL_SUN,0,Health,1,Fire,1,Applying,体力の使ぁEを見直し、無琁E活動を制限すべき時期です。休Eの質を高めることで、E側からエネルギーを蓄えることができます、E活力が回復する日まで,,60,9,睡眠時間を確保し、リラチEスできる環墁E整える
TRANSIT_SUN,NATAL_SUN,0,General,1,Fire,1,Separating,自刁EE身の見直しが一段落し、新しい持EEが見えてきました。焦らずに、確定した計画を少しずつ実行に移してぁE段階です、E新しい計画が動きEす日まで,,70,7,整琁Eた目標を視覚化し、優先頁Eをつけて整琁EめE
TRANSIT_SUN,NATAL_SUN,0,Work,1,Fire,1,Separating,業務E見直しによって得られた気づきを、実際の作業に反映させる時です。着実に改喁E重Eることで、周囲の信頼も回復してぁEます、E仕事E精度が高まる日まで,,65,6,改喁Eを1つ実行に移し、その結果を記録する
TRANSIT_SUN,NATAL_SUN,0,Money,1,Fire,1,Separating,支出の見直し効果が少しずつ現れ、家計E管琁EしやすくなってぁEす。節紁Eた賁Eを、次の自己投賁E回す準備を始めましょぁEE封Eの備えができる日まで,,55,5,浮ぁE賁Eの使ぁEE貯蓁E学習などEを具体的に決める
TRANSIT_SUN,NATAL_SUN,0,Love,1,Fire,1,Separating,対人関係での誤解が解消され、落ち着ぁE対話ができるようになります。素直な気持ちを伝えることで、絁Eより強固にできるでしょぁEE忁EE距離が縮まる日まで,,60,6,身近な人に、最近感じた感謝やポジチEブな気持ちを伝えめE
TRANSIT_SUN,NATAL_SUN,0,Health,1,Fire,1,Separating,体調の揺らぎが収まり、安定したコンチEションを取り戻しつつあります。無琁EEなぁEEで、日常皁E運動習EをE開させてください、E健康皁Eリズムが整ぁEまで,,65,7,軽ぁEトレチEめE歩を日常のルーチンに絁E込む
TRANSIT_SUN,NATAL_SUN,0,1,Earth,0,Applying,現実的な目標設定と、着実な行動が実を結E時期です。目に見えるE果を重視し、E体的なスケジュールを立てて行動することがE功E鍵となります、E成果が形になる日まで,,85,10,今週の目標を数字で設定し、E捗管琁Eを作Eする
TRANSIT_SUN,NATAL_SUN,0,General,1,Fire,1,Applying,自分自身の方向性を見直すべき時期です。勢いだけで進むのではなく、現在の目標が本当に自分に合っているか再検討してください。,進むべき道が明確になる日まで,,65,9,これまでの活動を振り返り、修正が必要な点を見つけ出す
TRANSIT_SUN,NATAL_SUN,0,Work,1,Fire,1,Applying,現在の仕事の進め方に無理がないか確認するタイミングです。新しい提案をする前に、既存の業務の質を高めることに注力してください。,業務の質が向上する日まで,,60,8,過去の業務報告書を読み返し、効率化できる箇所を特定する
TRANSIT_SUN,NATAL_SUN,0,Money,1,Fire,1,Applying,過去の投資や支出の計画を再評価するのに適しています。衝動的な買い物を控え、長期的な資産形成の視点を持つことが重要です。,家計が安定する日まで,,50,7,固定費の契約内容を再確認し、不要なオプションを解約する
TRANSIT_SUN,NATAL_SUN,0,Love,1,Fire,1,Applying,対人関係において、自分の振る舞いを客観的に振り返る時です。相手に対して強引になりすぎていなかったか、冷静に考えてみてください。,対人関係が円滑になる日まで,,55,6,友人や知人との最近のやり取りを思い返し、感謝の言葉を伝える
TRANSIT_SUN,NATAL_SUN,0,Health,1,Fire,1,Applying,体力の使い方を見直し、無理な活動を制限すべき時期です。休息の質を高めることで、内側からエネルギーを蓄えることができます。,活力が回復する日まで,,60,9,睡眠時間を確保し、リラックスできる環境を整える
TRANSIT_SUN,NATAL_SUN,0,General,1,Fire,1,Separating,自分自身の見直しが一段落し、新しい指針が見えてきました。焦らずに、確定した計画を少しずつ実行に移していく段階です。,新しい計画が動き出す日まで,,70,7,整理した目標を視覚化し、優先順位をつけて整理する
TRANSIT_SUN,NATAL_SUN,0,Work,1,Fire,1,Separating,業務の見直しによって得られた気づきを、実際の作業に反映させる時です。着実に改善を重ねることで、周囲の信頼も回復していきます。,仕事の精度が高まる日まで,,65,6,改善案を1つ実行に移し、その結果を記録する
TRANSIT_SUN,NATAL_SUN,0,Money,1,Fire,1,Separating,支出の見直し効果が少しずつ現れ、家計の管理がしやすくなっています。節約した資金を、次の自己投資に回す準備を始めましょう。,将来の備えができる日まで,,55,5,浮いた資金の使い道（貯蓄や学習など）を具体的に決める
TRANSIT_SUN,NATAL_SUN,0,Love,1,Fire,1,Separating,対人関係での誤解が解消され、落ち着いた対話ができるようになります。素直な気持ちを伝えることで、絆をより強固にできるでしょう。,心の距離が縮まる日まで,,60,6,身近な人に、最近感じた感謝やポジティブな気持ちを伝える
TRANSIT_SUN,NATAL_SUN,0,Health,1,Fire,1,Separating,体調の揺らぎが収まり、安定したコンディションを取り戻しつつあります。無理のない範囲で、日常的な運動習慣を再開させてください。,健康的なリズムが整う日まで,,65,7,軽いストレッチや散歩を日常のルーチンに組み込む
TRANSIT_SUN,NATAL_SUN,0,General,1,Earth,0,Applying,現実的な目標設定と、着実な行動が実を結ぶ時期です。目に見える成果を重視し、具体的なスケジュールを立てて行動することが成功の鍵となります。,成果が形になる日まで,,85,10,今週の目標を数字で設定し、進捗管理表を作成する
TRANSIT_SUN,NATAL_SUN,0,Work,1,Earth,0,Applying,実務能力が高まり、効率的に業務を遂行できます。周囲からも信頼されやすく、重要な仕事を任される可能性が高いタイミングです。,仕事の評価が高まる日まで,,80,9,担当業務の効率化案を1つ作成し、上司に提案する
TRANSIT_SUN,NATAL_SUN,0,Money,1,Earth,0,Applying,金銭面での管理能力が向上し、堅実な資産形成が期待できます。無駄を省き、本当に価値のあるものにお金を使う意識を持ってください。,経済的な基盤が固まる日まで,,75,8,今月の予算を詳細に立て、支出を項目ごとに管理する
TRANSIT_SUN,NATAL_SUN,0,Love,1,Earth,0,Applying,安定した人間関係を築ける時期です。派手なアピールよりも、誠実な対応と約束を守る姿勢が相手からの信頼を深めます。,信頼関係が深まる日まで,,70,7,約束事や期限を再確認し、誠実に対応することを徹底する
TRANSIT_SUN,NATAL_SUN,0,Health,1,Earth,0,Applying,体調管理に意識が向き、健康的な生活習慣を確立しやすい時です。食事の内容や規則正しい生活を心がけることで、安定した活力を維持できます。,健康的な習慣が定着する日まで,,80,10,3食の栄養バランスを見直し、野菜を意識的に摂取する
TRANSIT_SUN,NATAL_SUN,0,General,1,Earth,0,Separating,努力した結果が具体的な形として定着し始めています。現在の良いリズムを維持し、長期的な視点で成果を積み上げていくことが大切です。,土台が完成する日まで,,75,8,これまでの活動で得られた成果をリストアップし、自信につなげる
TRANSIT_SUN,NATAL_SUN,0,Work,1,Earth,0,Separating,業務が安定し、安定した成果を出せるようになっています。現状に満足せず、得られた成果を次のプロジェクトにどう活かすかを考えてください。,さらなる飛躍の準備ができる日まで,,70,7,現在の成功要因を分析し、標準的な手順としてマニュアル化する
TRANSIT_SUN,NATAL_SUN,0,Money,1,Earth,0,Separating,経済的な安定感が増し、将来への見通しが立ちやすくなっています。節約と運用のバランスを保ち、無理のない資金計画を継続しましょう。,資産が着実に増える日まで,,65,6,現在の貯蓄状況を確認し、将来の目標に向けた積立額を調整する
TRANSIT_SUN,NATAL_SUN,0,Love,1,Earth,0,Separating,周囲との信頼関係が確かなものになり、落ち着いた交流が続いています。お互いを尊重し合う姿勢が、長く続く良好な関係の基盤となります。,穏やかな関係が続く日まで,,65,5,日頃お世話になっている人に、ささやかなお礼や気遣いを示す
TRANSIT_SUN,NATAL_SUN,0,Health,1,Earth,0,Separating,健康的な生活リズムが身につき、体調の良さを実感できる時期です。この習慣を崩さないよう、適度な休息を挟みながら活動を続けてください。,良好なコンディションが続く日まで,,70,6,現在の健康習慣（食事・睡眠・運動）を今後も継続するよう意識する
TRANSIT_SUN,NATAL_SUN,0,General,1,Earth,1,Applying,これまでの現実的な取り組みを再評価し、修正すべき点を探る時期です。成果を焦らず、まずは足元を固め直すことに注力してください。,より強固な基盤ができる日まで,,60,7,現在の計画に含まれるリスクや改善点を再点検する
TRANSIT_SUN,NATAL_SUN,0,Work,1,Earth,1,Applying,仕事の進め方や手順に非効率な部分がないか、過去の事例を参考に振り返ってみましょう。地道な改善が、将来の大きな成果につながります。,効率的な仕組みが整う日まで,,55,6,過去の失敗事例を分析し、再発防止策を業務に組み込む
TRANSIT_SUN,NATAL_SUN,0,Money,1,Earth,1,Applying,家計や資産の管理方法を根本から見直すのに良いタイミングです。古い習慣を捨て、より現代的で効率的な管理手法を検討してください。,無駄のない家計になる日まで,,50,5,銀行口座やクレジットカードの利用状況を整理し、不要なものを解約する
TRANSIT_SUN,NATAL_SUN,0,Love,1,Earth,1,Applying,人間関係における過去のしこりや誤解を解消するための対話が必要です。自分の非を認め、誠実に謝罪することが関係修復の第一歩となります。,和解が進む日まで,,55,4,疎遠になっていた知人に連絡を取り、近況を報告し合う
TRANSIT_SUN,NATAL_SUN,0,Health,1,Earth,1,Applying,健康習慣に潜む問題点（偏食や運動不足など）を自覚し、改善に着手すべき時です。無理なダイエットよりも、生活リズムを整えることから始めましょう。,体質改善の準備が整う日まで,,60,8,最近の食事内容を記録し、過剰な摂取や不足している栄養素を特定する
TRANSIT_SUN,NATAL_SUN,0,General,1,Earth,1,Separating,足元の見直しが完了し、新たな現実的な目標に向かって進む準備ができました。改善された手順によって、以前よりもスムーズに行動できるようになります。,新しい一歩を踏み出す日まで,,65,6,修正した計画に基づいて、最初の小さなアクションを実行する
TRANSIT_SUN,NATAL_SUN,0,Work,1,Earth,1,Separating,業務改善の成果が徐々に現れ、作業の効率化を実感できるようになります。新しい手法をチームに共有し、全体の底上げを図りましょう。,チームの生産性が向上する日まで,,60,5,改善したワークフローをドキュメント化し、関係者に共有する
TRANSIT_SUN,NATAL_SUN,0,Money,1,Earth,1,Separating,資産管理の再編が落ち着き、将来に向けた安心感が出てきました。整理された資金計画を忠実に守り、着実に資産を積み上げていきましょう。,確かな安心感が得られる日まで,,55,4,新しく設定した家計の予算を守り、1週間の収支を確認する
TRANSIT_SUN,NATAL_SUN,0,Love,1,Earth,1,Separating,過去のわだかまりが消え、誠実な対話によって関係が再構築されつつあります。焦らずに、ゆっくりと信頼を積み重ねていってください。,新たな信頼が芽生える日まで,,60,4,相手の話を批判せずに聞き、お互いの価値観を認め合う
TRANSIT_SUN,NATAL_SUN,0,Health,1,Earth,1,Separating,健康面での改善効果が数字や感覚として現れ始めています。無理のない範囲で、新しく取り入れた健康習慣をルーチン化させていきましょう。,体調の安定を実感する日まで,,65,6,健康診断や数値の改善結果を確認し、モチベーションを高める
TRANSIT_SUN,NATAL_SUN,0,General,1,Air,0,Applying,新しい知識の習得や、情報の収集がスムーズに進む時期です。論理的な思考が高まっているため、学習やコミュニケーションに積極的に取り組んでください。,知見が広がる日まで,,80,10,興味のある分野の本を1冊読み、要点を3つ書き出す
TRANSIT_SUN,NATAL_SUN,0,Work,1,Air,0,Applying,知的な活動が活発になり、プレゼンテーションや会議での発言が効果を発揮します。自分の考えを明確に言語化し、周囲に伝える努力をしてください。,説得力が増す日まで,,75,9,会議での発言内容を事前に整理し、簡潔に伝える準備をする
TRANSIT_SUN,NATAL_SUN,0,Money,1,Air,0,Applying,最新の金融情報やお得なサービスをキャッチしやすい時です。情報を精査し、より賢いお金の使い方や管理方法を検討するのに適しています。,マネーリテラシーが高まる日まで,,65,7,家計管理に役立つアプリやツールをリサーチし、試用してみる
TRANSIT_SUN,NATAL_SUN,0,Love,1,Air,0,Applying,活発な交流を通じて、新しい人脈が広がる予感があります。相手の話を論理的に理解し、適切なアドバイスをすることで信頼を得られるでしょう。,知的な絆が生まれる日まで,,70,8,興味のあるコミュニティやセミナーに参加し、積極的に挨拶する
TRANSIT_SUN,NATAL_SUN,0,Health,1,Air,0,Applying,健康に関する最新の知識を取り入れ、科学的な根拠に基づいた体調管理を始めるのに良い時期です。アプリや数値を活用して、現状を把握しましょう。,健康状態が可視化される日まで,,70,9,歩数計や睡眠ログを活用し、1日の活動量を数値で把握する
TRANSIT_SUN,NATAL_SUN,0,General,1,Air,0,Separating,得られた知識や情報が自分の中で整理され、実用的な知恵に変わる段階です。複雑な問題をシンプルに捉え直し、周囲に分かりやすく説明してください。,知恵が定着する日まで,,75,7,学んだ内容を誰かに説明するか、ブログなどにまとめてアウトプットする
TRANSIT_SUN,NATAL_SUN,0,Work,1,Air,0,Separating,コミュニケーションの成果が業務に反映され、円滑な協力体制が整っています。情報の共有漏れがないか再確認し、安定した連携を維持しましょう。,チームの連携がスムーズになる日まで,,70,6,重要な情報を関係者にリマインドし、認識の相違がないか確認する
TRANSIT_SUN,NATAL_SUN,0,Money,1,Air,0,Separating,情報収集に基づいた経済的な判断が、具体的な利益や節約につながっています。現在の良好な管理方法を継続し、さらに精度を高めていきましょう。,賢い消費習慣が身につくまで,,60,5,今回の情報収集で得た節約効果を計算し、成果を確認する
TRANSIT_SUN,NATAL_SUN,0,Love,1,Air,0,Separating,対人関係における緊張が解け、知的な刺激を交換し合える関係が続いています。お互いの独立性を尊重しつつ、軽やかな交流を楽しんでください。,爽やかな交流が続く日まで,,65,6,最近会った人と情報交換の時間を持ち、新しい視点を取り入れる
TRANSIT_SUN,NATAL_SUN,0,Health,1,Air,0,Separating,体調管理の理論が実践に移され、心身のバランスが整ってきています。ストレスを論理的に解消する方法を見つけ、健やかな状態を維持しましょう。,心が軽やかになる日まで,,70,6,自分のストレス源をリストアップし、それぞれの解決策を論理的に考える
TRANSIT_SUN,NATAL_SUN,0,General,1,Air,1,Applying,過去の考え方や知識に誤りがないか、再点検すべき時期です。独りよがりな思い込みを捨て、多角的な視点から情報を再解釈してください。,視野がより広くなる日まで,,60,7,以前失敗した際の判断基準を思い出し、どこに問題があったか分析する
TRANSIT_SUN,NATAL_SUN,0,Work,1,Air,1,Applying,過去の企画書やメールのやり取りを読み返し、隠れた改善点を見つけ出すのに適しています。コミュニケーションの癖を修正することで、伝達の精度が向上します。,伝達の精度が上がる日まで,,55,6,過去のメール送信履歴を確認し、言葉足らずだった箇所を特定する
TRANSIT_SUN,NATAL_SUN,0,Money,1,Air,1,Applying,お金に関する過去の契約や判断ミスを最新情報に照らして見直してください。契約の更新忘れや、より良いサービスの見落としがないか確認しましょう。,不要な出費が見つかる日まで,,50,5,サブスク等の定期支払履歴を全て洗い出し、見直す
TRANSIT_SUN,NATAL_SUN,0,Love,1,Air,1,Applying,過去の対人関係における言動を振り返り、誤解を与えていなかったか確認しましょう。必要なら、改めて説明を加えたりフォローを入れたりしてください。,誤解が解け始める日まで,,55,5,過去のやり取りで不自然な間があった相手に近況を報告する
TRANSIT_SUN,NATAL_SUN,0,Health,1,Air,1,Applying,これまでの体調管理法が今の自分に合っているか、改めて疑ってみる時期です。流行の健康法よりも、自分の身体の声を冷静に分析することを優先してください。,自分に最適な健康法が見つかる日まで,,60,7,現在の健康習慣を始めてからの体調変化を客観的に評価する
TRANSIT_SUN,NATAL_SUN,0,General,1,Air,1,Separating,思考の整理が完了し、洗練された考え方で再び行動を開始できるようになります。情報の取捨選択がスムーズになり、迷いが少なくなっているのを実感できるでしょう。,考えがスッキリまとまる日まで,,65,6,整理した考えを箇条書きでメモし、今後の行動指針にする
TRANSIT_SUN,NATAL_SUN,0,Work,1,Air,1,Separating,コミュニケーション上の改善が成果を出し始め、業務での連携ミスが減少します。過去の失敗を教訓とした確実な報連相が定着してくるでしょう。,情報の風通しが良くなる日まで,,60,5,再発防止のための連絡ルールを策定し、チーム内で共有する
TRANSIT_SUN,NATAL_SUN,0,Money,1,Air,1,Separating,経済的な判断の見直しが一段落し、より合理的な資産管理が始まります。情報のアップデートを怠らず、賢い消費者としての姿勢を維持してください。,経済的な知恵が定着する日まで,,55,4,見直した契約の変更手続きを完了させ、節約額を確認する
TRANSIT_SUN,NATAL_SUN,0,Love,1,Air,1,Separating,人間関係におけるわだかまりが整理され、建設的な議論ができる状態に戻ります。過去の失敗を教訓として、より知的な付き合いを心がけましょう。,新たな信頼が芽生える日まで,,60,5,最近和解した相手と、共通の興味について話し合う機会を持つ
TRANSIT_SUN,NATAL_SUN,0,Health,1,Air,1,Separating,自分に合った体調管理の仕組みが再構築され、安定したリズムを取り戻せます。精神的なストレスを言語化して解消する習慣を大切にしてください。,思考と体のバランスが整う日まで,,65,6,毎晩の短い日記を通じて、その日の感情と体調を言語化する
TRANSIT_SUN,NATAL_SUN,0,General,1,Water,0,Applying,自分の感情や感性に意識が向き、内面的な充実を求める時期です。周囲への共感力が高まっているため、親しい人との心の交流を大切にしてください。,心が豊かになる日まで,,75,9,今の正直な気持ちをノートに書き出し、自分を労う時間を作る
TRANSIT_SUN,NATAL_SUN,0,Work,1,Water,0,Applying,職場の雰囲気を敏感に察知し、チームの心理的なサポートができるタイミングです。共感をベースにしたコミュニケーションが円滑な業務遂行を助けます。,チームの結束が強まる日まで,,70,8,同僚の悩みや相談に耳を傾け、心理的な安心感を提供する
TRANSIT_SUN,NATAL_SUN,0,Money,1,Water,0,Applying,心が満たされるような情緒的価値があるものにお金を使いたくなる時期です。衝動買いに注意しつつ、自分の精神的安定に役立つ支出を検討しましょう。,心の満足が得られる日まで,,60,7,リラックスできる入浴剤等を1つ購入し、使用してみる
TRANSIT_SUN,NATAL_SUN,0,Love,1,Water,0,Applying,深い感情の結びつきを求め、大切な人と過ごす時間に幸せを感じられる時です。相手の気持ちを優しく受け止めることで信頼関係がより強固になります。,愛の絆が深まる日まで,,80,9,大切な人とゆっくり食事をし、最近の感情や思い出を共有する
TRANSIT_SUN,NATAL_SUN,0,Health,1,Water,0,Applying,精神的な安定が身体の調子に大きく影響する時期です。瞑想やアロマ等、心を落ち着かせる習慣を取り入れることで体調を整えましょう。,心身の調和が整う日まで,,75,10,寝る前の5分間、静かに深呼吸をしてその日の感情を整理する
TRANSIT_SUN,NATAL_SUN,0,General,1,Water,0,Separating,内面的な充足感が落ち着き、得られた心の平穏を日常に定着させる段階です。感性を信じて、無理のないペースで行動を続けてください。,心が安定する日まで,,70,7,最近感じた幸せな瞬間を思い出し、その感覚を維持するよう意識する
TRANSIT_SUN,NATAL_SUN,0,Work,1,Water,0,Separating,職場の人間関係が改善され、穏やかな協力体制が維持されています。感謝の言葉を日常的に伝えることで良好な雰囲気を保ちましょう。,心地よい職場環境が続く日まで,,65,6,チームメンバーに日頃のサポートへの感謝を伝える
TRANSIT_SUN,NATAL_SUN,0,Money,1,Water,0,Separating,感情的な支出が落ち着き、落ち着いた判断ができるようになっています。感性を満たしつつ、現実的な予算内に収めるバランスを保ちましょう。,経済的な平穏が得られる日まで,,55,5,今月の娯楽費の支出を振り返り、満足度を確認する
TRANSIT_SUN,NATAL_SUN,0,Love,1,Water,0,Separating,お互いの理解が深まり、言葉にしなくても通じ合えるような安心感が漂っています。この穏やかな関係を大切に育んでいってください。,心の安らぎが続く日まで,,70,6,パートナーや家族との日常の何気ない会話を大切に楽しむ
TRANSIT_SUN,NATAL_SUN,0,Health,1,Water,0,Separating,心のケアが身体の回復に繋がり、安定した体調を維持できています。ストレスを溜め込まないよう、感性を解放する時間を継続して持ちましょう。,健やかなリズムが続く日まで,,70,6,好きな音楽を聴いたり美しい景色を見たりしてリフレッシュする
TRANSIT_SUN,NATAL_SUN,0,General,1,Water,1,Applying,過去の感情的なパターンや内面的なわだかまりを見つめ直すべき時期です。抑え込んできた気持ちを丁寧に汲み取り、癒やすことに専念してください。,心の重荷が軽くなる日まで,,60,7,昔の出来事に対する未消化な感情を紙に書き出し受け入れる
TRANSIT_SUN,NATAL_SUN,0,Work,1,Water,1,Applying,仕事での人間関係において、過去の誤解や心理的な葛藤を整理する時です。相手の立場を共感的理解し直すことで、わだかまりが解消されます。,職場のわだかまりが解ける日まで,,55,6,苦手な同僚の良い面を1つ見つけ、過去の印象を更新する
TRANSIT_SUN,NATAL_SUN,0,Money,1,Water,1,Applying,「寂しさを埋めるための買い物」等、感情的な支出パターンを再点検してください。過去を振り返り、より心の充足に繋がる管理法を考えましょう。,支出習慣が再構築される日まで,,50,5,過去3ヶ月のストレス買い等をリストアップする
TRANSIT_SUN,NATAL_SUN,0,Love,1,Water,1,Applying,過去の恋愛や対人関係での未練、あるいは古い感情的習慣を断ち切る準備をしましょう。内面を整えることが新しい関係への第一歩となります。,新しい愛への準備ができる日まで,,55,5,昔の思い出の品を整理し、心の区切りをつける
TRANSIT_SUN,NATAL_SUN,0,Health,1,Water,1,Applying,慢性的なストレスや心理的要因による不調がないか見直す時期です。過去に効果があったリラックス法を思い出し、今の生活に再導入してください。,自己治癒力が高まる日まで,,60,8,以前リラックスできた場所を思い出し週末の予定に入れる
TRANSIT_SUN,NATAL_SUN,0,General,1,Water,1,Separating,感情の整理が一段落し、内面的な透明感が高まっています。過去の執着から解放され、より自由な感性で日常を楽しめるようになるでしょう。,心が澄み渡る日まで,,65,6,整理した感情を糧にして、今の自分を肯定する言葉を日記に書く
TRANSIT_SUN,NATAL_SUN,0,Work,1,Water,1,Separating,職場の人間関係におけるわだかまりが消え、自然体で接することができるようになっています。心理的な負担が減り集中力も回復してきます。,仕事に集中できる環境が整う日まで,,60,5,以前は避けていた同僚に自分から軽く挨拶をしてみる
TRANSIT_SUN,NATAL_SUN,0,Money,1,Water,1,Separating,感情に流されない落ち着いた金銭管理ができるようになってきました。整理された心の状態を反映した、より質の高いお金の使い方が始まります。,心が満たされる管理ができる日まで,,55,4,新しく決めたルールに従い、1週間の買い物を振り返る
TRANSIT_SUN,NATAL_SUN,0,Love,1,Water,1,Separating,対人関係における過去のしこりが消え、より深いレベルでの共感が生まれています。再生した絆を大切に誠実な交流を続けてください。,絆が新しく生まれ変わる日まで,,60,5,和解した相手と、これからの関係を良くするための話をする
TRANSIT_SUN,NATAL_SUN,0,Health,1,Water,1,Separating,心の安定が身体にも波及し、穏やかな回復を実感できる時期です。自分自身の感性を労わる習慣を今後も継続して体調を維持しましょう。,健やかな状態が戻る日まで,,65,6,睡眠の質を記録し、心が穏やかであることの影響を実感する
TRANSIT_SUN,NATAL_SUN,0,General,2,Fire,0,Applying,自分の才能を形にし、具体的な収益に繋げる意欲が高まっています。新しい収入源を開拓するのに最適なタイミングです。,可能性が広がる日まで,,85,10,得意なことを活かした副業やスキルの活用案を1つ書き出す
TRANSIT_SUN,NATAL_SUN,0,Work,2,Fire,0,Applying,仕事において専門性やスキルを最大限に発揮できる時期です。主体的に行動し実力で成果を勝ち取る姿勢が成功を引き寄せます。,実力が認められる日まで,,80,9,自分の強みを1つ明確にし、それを活かせる業務に立候補する
TRANSIT_SUN,NATAL_SUN,0,Money,2,Fire,0,Applying,稼ぐためのエネルギーが充実し、積極的な経済活動が期待できます。投資や新しいチャンスに果敢にチャレンジする価値があります。,資産が成長し始める日まで,,75,8,興味のある投資対象について具体的なリサーチを開始する
TRANSIT_SUN,NATAL_SUN,0,Love,2,Fire,0,Applying,自分の価値観を堂々と表明し、共感してくれる仲間を引き寄せられる時です。対等な立場で人と接することを心がけてください。,自分らしい関係が築ける日まで,,70,7,自分が本当に大切にしたい価値観を3つ挙げる
TRANSIT_SUN,NATAL_SUN,0,Health,2,Fire,0,Applying,活力を維持するための栄養補給や、体力を資本とした活動に注力すべき時です。健康への投資を意識してください。,身体の基盤が強化される日まで,,80,10,持久力を高めるための食事メニューを1つ夕食に取り入れる
TRANSIT_SUN,NATAL_SUN,0,General,2,Fire,0,Separating,新しい収入源やスキルの活用の芽が出始め、自信がついてきた段階です。持続可能な形へと磨き上げていきましょう。,収益が安定する日まで,,75,8,開始した新しい活動の初期成果を記録し次の目標を設定する
TRANSIT_SUN,NATAL_SUN,0,Work,2,Fire,0,Separating,仕事での実力発揮が認められ、成果が具体的に手元に残り始めています。さらにスキルの専門性を高めていってください。,専門家としての地位が固まる日まで,,70,7,今回の業務で得た知見を整理しスキルリストに加える
TRANSIT_SUN,NATAL_SUN,0,Money,2,Fire,0,Separating,積極的な投資や経済活動の成果が見えてきました。得られた利益を次の成長のために計画的に再投資する準備をしましょう。,資産形成の土台が整う日まで,,65,6,収支を計算し目標達成までの期間を再シミュレーションする
TRANSIT_SUN,NATAL_SUN,0,Love,2,Fire,0,Separating,自分の価値観に基づいた人間関係が安定し心地よい環境が整っています。自分を大切に扱うことで周囲からも尊重されます。,自己肯定感が高まる日まで,,65,5,成し遂げたことを1つ褒め、小さなご褒美を用意する
TRANSIT_SUN,NATAL_SUN,0,Health,2,Fire,0,Separating,体力が向上しハードな活動にも耐えられる心身の状態が維持されています。現在のトレーニングを継続し強い身体をキープしてください。,活力が安定して続く日まで,,70,6,身体の変化を確認し今の習慣の正しさを実感する
TRANSIT_SUN,NATAL_SUN,0,General,2,Fire,1,Applying,持っているスキルや才能をどう使うべきか再検討が必要な時期です。今の時代に合った活用法を模索してください。,才能が再定義される日まで,,60,7,1年以上更新していないスキルセットを見直し刷新する
TRANSIT_SUN,NATAL_SUN,0,Work,2,Fire,1,Applying,現在の収益モデルが自分の価値観と合致しているか確認する時です。無理のある働き方を修正し本来の自分を取り戻しましょう。,納得のいく働き方が見つかる日まで,,55,6,仕事の満足度を給与・やりがい・時間の3軸で評価してみる
TRANSIT_SUN,NATAL_SUN,0,Money,2,Fire,1,Applying,過去の投資判断や稼ぐための方針を見直すのに適しています。計画通りに進んでいないものは立ち止まって改善策を練り直してください。,方向性が修正される日まで,,50,5,活用できていない資産や道具をリストアップする
TRANSIT_SUN,NATAL_SUN,0,Love,2,Fire,1,Applying,自分の価値観を他人に押し付けていなかったか振り返りましょう。対人関係のバランスを再調整する時です。,自分軸の関係に戻れる日まで,,55,4,「断れなかった誘い」を思い返し本音を確認する
TRANSIT_SUN,NATAL_SUN,0,Health,2,Fire,1,Applying,過去の体調不良の原因を食事や運動の観点から再分析してください。良かれと思っていた習慣が負担になっていないか点検が必要です。,真に効果的な方法が見つかる日まで,,60,8,体調不良だった時期の習慣を今の生活と比較点検する
TRANSIT_SUN,NATAL_SUN,0,General,2,Fire,1,Separating,才能の再定義が終わり磨き直したスキルで再び行動できる状態になります。洗練された形で自己表現が可能になるでしょう。,新しい価値を生む日まで,,65,6,見直したスキルを活かせる小さなタスクに挑戦してみる
TRANSIT_SUN,NATAL_SUN,0,Work,2,Fire,1,Separating,仕事のスタイルの修正が功を奏しストレスの少ない働き方が形になってきます。価値を正しく評価される環境が整いつつあります。,働きやすさを実感する日まで,,60,5,改善した働き方について上司やチームに現状を報告する
TRANSIT_SUN,NATAL_SUN,0,Money,2,Fire,1,Separating,経済的な見直しによって資金の漏れが止まり不安が減少しています。再構築した収益計画を着実に実行に移していく段階です。,家計の健全化が進む日まで,,55,4,見直した予算案を実際に1週間運用し実効性を確認する
TRANSIT_SUN,NATAL_SUN,0,Love,2,Fire,1,Separating,価値観を再確認したことで周囲との関係性がクリアで風通しの良いものに変化しています。毅然とした態度が信頼に繋がります。,心地よい関係が再定着する日まで,,60,4,自分の意見を穏やかにはっきりと伝える練習をする
TRANSIT_SUN,NATAL_SUN,0,Health,2,Fire,1,Separating,自分に最適な健康習慣が特定され体調の土台が安定してきました。見直した生活リズムを守り持続可能な活力を維持しましょう。,身体の芯から安定する日まで,,65,6,体調が改善したことを実感できる活動を1つ行い成果を喜ぶ
TRANSIT_SUN,NATAL_SUN,0,General,2,Earth,0,Applying,現実的な資産形成と具体的な利益の積み上げに最適な時期です。実務的な作業を優先してください。,着実に資産が増える日まで,,90,10,毎月の積立額や投資計画を具体的に設定し実行を開始する
TRANSIT_SUN,NATAL_SUN,0,Work,2,Earth,0,Applying,仕事での実務能力が高く評価されます。細かい作業や正確性が求められる業務で成果を出し信頼を勝ち取ることができるでしょう。,精度が評価される日まで,,85,9,業務フローの無駄を省き10%の効率化を目指す計画を立てる
TRANSIT_SUN,NATAL_SUN,0,Money,2,Earth,0,Applying,金銭感覚が鋭くなり堅実な資産運用が捗る時です。無駄を徹底的に排除し将来の安定に向けた基盤を構築してください。,家計の守りができる日まで,,80,8,固定費だけでなく変動費の1円単位の管理を1週間継続する
TRANSIT_SUN,NATAL_SUN,0,Love,2,Earth,0,Applying,信頼をベースにした実務的な人間関係を築ける時期です。具体的な行動や結果で示すことが関係をより強固にします。,揺るぎない信頼が築ける日まで,,75,7,借りていたものや返すべきものを全て返し清算を完了させる
TRANSIT_SUN,NATAL_SUN,0,Health,2,Earth,0,Applying,身体のメンテナンスに時間をかけ、健康維持の仕組みを整えるのに良い時です。科学的な管理を徹底しましょう。,健診結果が改善する日まで,,85,10,定期健康診断の予約を入れるか現在の数値を記録し始める
TRANSIT_SUN,NATAL_SUN,0,General,2,Earth,0,Separating,努力した経済的基盤が安定した状態に入っています。現在の慎重な管理を継続し得られた成果を大切に守っていく時期です。,安定した基盤が続く日まで,,80,8,現在の家計管理の手順をルーチン化し記録を継続する
TRANSIT_SUN,NATAL_SUN,0,Work,2,Earth,0,Separating,実務的成果が安定的に出せるようになり職場での信頼も揺るぎないものとなっています。さらなる専門性の向上を目指してください。,専門性が確立される日まで,,75,7,今回の成果を数値化して記録し次の目標設定の資料にする
TRANSIT_SUN,NATAL_SUN,0,Money,2,Earth,0,Separating,金銭的規律が身につき無理のない資産管理ができている状態です。得られた余裕を将来の備蓄に回す計画を立てましょう。,家計の守りが完成する日まで,,70,6,貯蓄専用口座の残高を確認し目標達成の進捗を喜ぶ
TRANSIT_SUN,NATAL_SUN,0,Love,2,Earth,0,Separating,周囲との信頼関係が具体的な協力体制として定着しています。お互いの利益を尊重し合う姿勢が鍵となります。,共栄共存の形ができる日まで,,65,5,協力してくれた人に具体的な成果報告と感謝を伝える
TRANSIT_SUN,NATAL_SUN,0,Health,2,Earth,0,Separating,健康習慣が定着し身体の安定感を実感できている時期です。現在の良好なリズムを淡々と維持することを優先してください。,良好な体調が続く日まで,,75,6,定着した健康習慣を今後も継続する
TRANSIT_SUN,NATAL_SUN,0,General,2,Earth,1,Applying,資産管理や稼ぎ方の方針を冷静に再点検すべき時です。土台部分に不備がないか厳しくチェックしてください。,基盤が再点検される日まで,,60,7,家計簿や資産状況を過去に遡って確認し不明な支出を洗い出す
TRANSIT_SUN,NATAL_SUN,0,Work,2,Earth,1,Applying,仕事の進め方やスキルの活用方法に無駄がないか見直す時期です。過去の失敗を参考に確実な手順への再構築を検討しましょう。,業務効率が再構築される日まで,,55,6,過去の業務ミスを振り返り根本原因を分析する
TRANSIT_SUN,NATAL_SUN,0,Money,2,Earth,1,Applying,稼ぐための古い仕組みや非効率な投資を整理するのに良いタイミングです。現在の状況に合った管理体制にアップデートしてください。,無駄な出費が止まる日まで,,50,5,資産や道具の活用頻度を確認し不要なものを処分する
TRANSIT_SUN,NATAL_SUN,0,Love,2,Earth,1,Applying,人間関係における過去の金銭的、実務的なトラブルを整理しましょう。未解決の案件があれば今こそ清算すべき時です。,わだかまりが解消される日まで,,55,4,以前から気になっていた未完了の約束や支払いを完了させる
TRANSIT_SUN,NATAL_SUN,0,Health,2,Earth,1,Applying,習慣化していた健康法が今の自分に合っていない可能性があります。基本に立ち返り身体の状態を精密に確認してください。,体質の変化に気づく日まで,,60,8,過去の食事記録と今の体調を比較し不調の原因を推測する
TRANSIT_SUN,NATAL_SUN,0,General,2,Earth,1,Separating,資産管理の再編が完了し、より確かな方針で再スタートを切れる状態です。将来の安定性が飛躍的に高まります。,確かな指針が得られる日まで,,65,6,改善した予算案に従って実際に一週間の支出を管理する
TRANSIT_SUN,NATAL_SUN,0,Work,2,Earth,1,Separating,仕事の進め方の修正が実を結び、ミスが減って効率が向上してきます。再構築した手順を定着させ安定した成果を目指しましょう。,確実な成果が出始める日まで,,60,5,見直した業務手順をマニュアル化し日常業務に定着させる
TRANSIT_SUN,NATAL_SUN,0,Money,2,Earth,1,Separating,経済的な見直しによって、将来の展望が現実的で確かなものに変化しています。着実に貯蓄を増やしていきましょう。,将来への不安が消える日まで,,55,4,新しく設定した積立計画の初回の振込を確認する
TRANSIT_SUN,NATAL_SUN,0,Love,2,Earth,1,Separating,過去の実務的なわだかまりが解消され、誠実な協力体制が戻りつつあります。新しい信頼を築いていってください。,クリーンな関係が始まる日まで,,60,4,清算が済んだ相手とこれからの協力について前向きに話す
TRANSIT_SUN,NATAL_SUN,0,Health,2,Earth,1,Separating,自分に最適な健康管理の仕組みが再構築され体調の安定を実感できます。健やかな身体を維持してください。,身体の芯から整う日まで,,65,6,新しい健康ルーチンを1週間継続し体調の変化を実感する
TRANSIT_SUN,NATAL_SUN,0,General,2,Air,0,Applying,自分の才能を言語化し周囲にアピールできる時期です。情報の収集が直接的に収益機会を生み出す可能性があります。,知恵が富を生む日まで,,80,10,自分のスキルをまとめたプロフィールを更新し公開する
TRANSIT_SUN,NATAL_SUN,0,Work,2,Air,0,Applying,プレゼンテーションや交渉が功を奏し、価値を高く評価してもらえる時です。論理的な説明を心がけてください。,価値が認められる日まで,,75,9,交渉相手のニーズをリサーチし説得力のある提案資料を作成する
TRANSIT_SUN,NATAL_SUN,0,Money,2,Air,0,Applying,最新の金融情報や効率的な資産運用の知識を得やすい時です。賢いお金の使い方や増やし方を研究してみましょう。,金融知識が武器になる日まで,,65,7,マネーセミナーやニュースから最新の情報を収集する
TRANSIT_SUN,NATAL_SUN,0,Love,2,Air,0,Applying,共通の価値観を持つ人との知的な交流がビジネスのヒントになる予感があります。有益な情報交換を楽しんでください。,刺激的な交流が始まる日まで,,70,8,興味のあるコミュニティに参加し新しい視点を取り入れる
TRANSIT_SUN,NATAL_SUN,0,Health,2,Air,0,Applying,健康に関する知識を精査し、科学的根拠に基づいた管理を始めるのに良い時期です。データを活用しましょう。,健康が可視化される日まで,,70,9,ウェアラブル端末等を活用し活動量を数値で記録する
TRANSIT_SUN,NATAL_SUN,0,General,2,Air,0,Separating,収集した情報が整理され、自分の価値を高める具体的な方針が固まりました。着実に成果を積み上げてください。,知恵が定着する日まで,,75,7,学んだ収益化のコツを1つ実際の業務や副業に反映させる
TRANSIT_SUN,NATAL_SUN,0,Work,2,Air,0,Separating,コミュニケーションの成果が仕事に反映され、円滑な連携が続いています。情報のアップデートを怠らないでください。,連携が成果を生む日まで,,70,6,自分の実績を定期的に報告し周囲との認識の相違をなくす
TRANSIT_SUN,NATAL_SUN,0,Money,2,Air,0,Separating,情報収集に基づいた賢い消費や投資が利益に繋がっています。現在の合理的な管理を継続しましょう。,賢い消費習慣が身につくまで,,60,5,今回の情報収集による節約効果を計算し成果を確認する
TRANSIT_SUN,NATAL_SUN,0,Love,2,Air,0,Separating,知的な交流を通じて得られた気づきが価値観を洗練されたものにしています。お互いの専門性を尊重してください。,専門家同士の絆が深まる日まで,,65,6,情報交換をした相手にフォローアップの連絡をする
TRANSIT_SUN,NATAL_SUN,0,Health,2,Air,0,Separating,データに基づいた健康管理が習慣化しバランスが整ってきています。ストレスを論理的に解消しましょう。,思考と体の調和が続く日まで,,70,6,一週間の体調データを振り返り不調の予兆がないか確認する
TRANSIT_SUN,NATAL_SUN,0,General,2,Air,1,Applying,才能やスキルに対する考え方を再点検すべき時期です。古い情報や独りよがりな解釈がないか見直してください。,才能が磨き直される日まで,,60,7,以前失敗した際の判断基準を分析し問題点を特定する
TRANSIT_SUN,NATAL_SUN,0,Work,2,Air,1,Applying,現在の仕事の進め方に非効率な部分がないか振り返りましょう。より正確で伝わる表現方法を模索してください。,伝達の精度が向上する日まで,,55,6,過去のメールや書類を見返し言葉足らずだった箇所を特定する
TRANSIT_SUN,NATAL_SUN,0,Money,2,Air,1,Applying,お金に関する過去の契約や判断ミスを最新情報に照らして見直してください。条件の良いプランへの乗り換えを検討しましょう。,支出の無駄が特定される日まで,,50,5,サブスクリプション等の契約を全て洗い出し見直す
TRANSIT_SUN,NATAL_SUN,0,Love,2,Air,1,Applying,価値観を他人に説明する際、誤解を与えていなかったか確認しましょう。必要ならフォローを入れてください。,誤解が解け始める日まで,,55,5,過去に不自然な間があった相手に近況を報告する
TRANSIT_SUN,NATAL_SUN,0,Health,2,Air,1,Applying,信じてきた健康法が今の自分に合っているか再評価してください。体の変化を冷静に分析し知識を更新しましょう。,真に効果的な方法が見つかる日まで,,60,7,現在の習慣を始めてからの体調変化を客観的に評価する
TRANSIT_SUN,NATAL_SUN,0,General,2,Air,1,Separating,思考の整理が完了し、洗練された価値観で再び行動を開始できるようになります。アピールの迷いがなくなるでしょう。,考えがスッキリまとまる日まで,,65,6,整理した考えを箇条書きでメモし今後の行動指針にする
TRANSIT_SUN,NATAL_SUN,0,Work,2,Air,1,Separating,コミュニケーション上の改善が成果を出し始め評価が徐々に回復してきます。より確実なアピールが可能になります。,実力が正しく伝わる日まで,,60,5,再発防止のための連絡ルールを策定しチーム内で共有する
TRANSIT_SUN,NATAL_SUN,0,Money,2,Air,1,Separating,経済的な判断の見直しが一段落し合理的な資産管理が始まります。賢い消費者としての姿勢を維持しましょう。,経済的な知恵が定着する日まで,,55,4,見直した契約の変更手続きを完了させ節約額を確認する
TRANSIT_SUN,NATAL_SUN,0,Love,2,Air,1,Separating,価値観の再確認を通じて関係性がクリアで風通しの良いものに変化しています。誠実な説明が信頼の基盤となります。,新たな信頼が芽生える日まで,,60,5,最近和解した相手と共通の興味について話し合う
TRANSIT_SUN,NATAL_SUN,0,Health,2,Air,1,Separating,自分に合った健康管理の仕組みが再構築され安定したリズムを取り戻せます。ストレスを言語化して解消してください。,思考と体のバランスが整う日まで,,65,6,毎晩の短い日記を通じて感情と体調を言語化する
TRANSIT_SUN,NATAL_SUN,0,General,2,Water,0,Applying,感性や心の満足を重視した経済活動に意識が向く時期です。自分が愛着を持てるものに投資することを検討しましょう。,心が豊かになる支出ができる日まで,,75,9,今の正直な気持ちをノートに書き自分を労う支出を計画する
TRANSIT_SUN,NATAL_SUN,0,Work,2,Water,0,Applying,周囲への心理的な配慮や共感が評価に繋がる時です。人の心を動かす行動が、結果的に自分の価値を高めます。,チームの安心感を作る日まで,,70,8,同僚の悩みや相談に耳を傾け心理的なサポートを申し出る
TRANSIT_SUN,NATAL_SUN,0,Money,2,Water,0,Applying,情緒的な価値があるものにお金を使いたくなる時期です。衝動買いに注意しつつ、将来の精神的安定に役立つものを選びましょう。,満足度の高い買い物ができる日まで,,60,7,リラックスできるアイテムを1つ購入し使用感を確認する
TRANSIT_SUN,NATAL_SUN,0,Love,2,Water,0,Applying,お互いの価値観を深く尊重し合える人との交流が捗る時です。繊細な感性を大切にしてくれる人との関係を育んでください。,深い絆が生まれる日まで,,80,9,大切な人とゆっくり過ごしお互いの理想や価値観を分かち合う
TRANSIT_SUN,NATAL_SUN,0,Health,2,Water,0,Applying,心の安定が体力の基盤となる時期です。好きなことに没頭する時間を意識的に持つことで、内面的な充実を図りましょう。,心身の調和が整う日まで,,75,10,寝る前の5分間、静かに深呼吸をしてその日の感情を整理する
TRANSIT_SUN,NATAL_SUN,0,General,2,Water,0,Separating,内面的な充足感が安定し、自分自身の価値を穏やかに肯定できる段階です。心地よいペースで生活を整えていきましょう。,心が安定する日まで,,70,7,最近感じた幸せな瞬間を思い出しその感覚を維持するよう意識する
TRANSIT_SUN,NATAL_SUN,0,Work,2,Water,0,Separating,職場の人間関係における心理的な安心感が定着しています。良好な雰囲気を保つために感謝を言葉にし続けてください。,心地よい職場環境が続く日まで,,65,6,チームメンバーに日頃のサポートへの感謝を伝える
TRANSIT_SUN,NATAL_SUN,0,Money,2,Water,0,Separating,感情的な支出が落ち着き、予算内に収めるバランスが取れてきました。現在の安定した管理を継続しましょう。,経済的な平穏が続く日まで,,55,5,今月の娯楽費の支出を振り返り心の満足度を再確認する
TRANSIT_SUN,NATAL_SUN,0,Love,2,Water,0,Separating,お互いの理解が深まり言葉にしなくても通じ合えるような安心感が漂っています。穏やかな関係を大切に育んでください。,心の安らぎが続く日まで,,70,6,パートナーや家族との日常の何気ない会話を楽しむ
TRANSIT_SUN,NATAL_SUN,0,Health,2,Water,0,Separating,心のケアが身体の回復に繋がり安定した体調を維持できています。感性を解放する時間を持ち、ストレスを溜め込まないようにしましょう。,健やかなリズムが続く日まで,,70,6,好きな音楽や景色を楽しみ心をリフレッシュさせる
TRANSIT_SUN,NATAL_SUN,0,General,2,Water,1,Applying,稼ぐことや持ち物に対する過去の感情的な執着を見つめ直すべき時期です。古い価値観を丁寧に解きほぐしてください。,心が自由になる日まで,,60,7,「自分には価値がない」という思い込みに繋がる過去を書き出す
TRANSIT_SUN,NATAL_SUN,0,Work,2,Water,1,Applying,仕事での人間関係において、心理的な葛藤を整理する時です。相手の立場を理解し直すことで、わだかまりが解消されます。,職場のわだかまりが解ける日まで,,55,6,苦手な同僚の良い面を1つ見つけ過去の印象を上書きする
TRANSIT_SUN,NATAL_SUN,0,Money,2,Water,1,Applying,「寂しさを埋めるための買い物」等、感情的支出パターンを点検してください。心の充足に繋がる管理法を考えましょう。,賢い支出習慣が身につくまで,,50,5,過去3ヶ月のストレス買いをリストアップし感情を分析する
TRANSIT_SUN,NATAL_SUN,0,Love,2,Water,1,Applying,価値観を他人に理解してもらうための過去の努力を振り返りましょう。押し付けすぎていなかったか点検してください。,自分軸の価値観に戻れる日まで,,55,5,「断れなかった誘い」を思い返し自分の本音を再確認する
TRANSIT_SUN,NATAL_SUN,0,Health,2,Water,1,Applying,慢性的なストレスや心理的要因による不調の原因を探る時期です。過去に効果があった習慣を今の生活に再導入してみましょう。,自己治癒力が高まる日まで,,60,8,以前リラックスできた趣味や場所を思い出し予定に入れる
TRANSIT_SUN,NATAL_SUN,0,General,2,Water,1,Separating,感情の整理が一段落し、自分の価値を再確認したことで心が安定しています。自由な感性で日常を楽しめるようになるでしょう。,心が澄み渡る日まで,,65,6,今の自分を肯定する言葉を日記に書く
TRANSIT_SUN,NATAL_SUN,0,Work,2,Water,1,Separating,職場の人間関係におけるわだかまりが消え、自然体で接することができるようになっています。実務への集中力が回復します。,仕事に集中できる環境が整う日まで,,60,5,以前は避けていた同僚に軽く挨拶をしてみる
TRANSIT_SUN,NATAL_SUN,0,Money,2,Water,1,Separating,感情に流されない落ち着いた金銭管理ができるようになってきました。より質の高いお金の使い方が始まります。,満足度の高い管理ができる日まで,,55,4,見直した支出ルールに従い1週間の買い物を振り返る
TRANSIT_SUN,NATAL_SUN,0,Love,2,Water,1,Separating,対人関係における過去のしこりが消え、深いレベルでの共感が生まれています。誠実な交流を続けてください。,絆が新しく生まれ変わる日まで,,60,5,和解した相手とこれからの関係を良くするための話をする
TRANSIT_SUN,NATAL_SUN,0,Health,2,Water,1,Separating,心の安定が身体にも波及し、穏やかな回復を実感できる時期です。感性を労わる習慣を今後も継続し体調を維持しましょう。,健やかな状態が戻る日まで,,65,6,睡眠の質を記録し心が穏やかであることの影響を実感する
TRANSIT_SUN,NATAL_SUN,0,General,3,Fire,0,Applying,好奇心が旺盛になり、新しいことを学びたいという意欲が高まっています。活発なコミュニケーションを通じて有益な情報を得られる時期です。,知識が広がる日まで,,85,10,興味のある分野の記事を3つ読み、要点をまとめる
TRANSIT_SUN,NATAL_SUN,0,Work,3,Fire,0,Applying,自分の考えを積極的に発信する力が高まっています。プレゼンや日常会話において主導権を握りやすく、意図を明確に伝えられる時です。,言葉に力が宿る日まで,,80,9,自分の提案や意見を簡潔にまとめ、関係者に発信する
TRANSIT_SUN,NATAL_SUN,0,Money,3,Fire,0,Applying,移動や通信に関する出費が、新しいチャンスを運んでくる可能性があります。フットワークを軽く保つための投資を検討しましょう。,チャンスが広がる日まで,,65,8,行きたかった場所やイベントのチケットを手配する
TRANSIT_SUN,NATAL_SUN,0,Love,3,Fire,0,Applying,身近な人との交流が活発になり、元気をもらえる時期です。自分から声をかけることで、周囲の雰囲気も明るく変化していくでしょう。,笑顔の輪が広がる日まで,,70,7,身近な人や最近連絡を取っていない友人に連絡する
TRANSIT_SUN,NATAL_SUN,0,Health,3,Fire,0,Applying,知的好奇心を刺激する活動が、精神的な活力を高めてくれます。短距離の旅行や新しい習い事など、変化のある日常を楽しんでください。,活力が溢れる日まで,,75,10,普段行かない場所まで足を伸ばし、新しい景色を楽しむ
TRANSIT_SUN,NATAL_SUN,0,General,3,Fire,0,Separating,学んだことや得た情報が自分の中で形になりつつあります。一時の盛り上がりで終わらせず、知識を日常のスキルとして定着させていきましょう。,学びが力に変わる日まで,,75,8,得た情報を整理し今後の活動にどう活かすかメモする
TRANSIT_SUN,NATAL_SUN,0,Work,3,Fire,0,Separating,活発なコミュニケーションによって周囲との協力体制が整いました。得られた合意を元に、具体的なアクションを加速させる段階です。,行動が成果を生む日まで,,70,7,話し合った内容を実行に移すための、最初の一歩を踏み出す
TRANSIT_SUN,NATAL_SUN,0,Money,3,Fire,0,Separating,移動や情報収集のための支出が、具体的な情報や人脈となって返ってきています。現在のフットワークを維持し成果を回収しましょう。,実りが得られる日まで,,60,6,最近出会った人との情報を整理し連携プランを立てる
TRANSIT_SUN,NATAL_SUN,0,Love,3,Fire,0,Separating,対人関係での刺激が落ち着き、心地よい交流が続いています。自分の発信が周囲にポジティブな影響を与えているのを実感できるはずです。,影響力が定着する日まで,,65,6,周囲に与えた良い変化を喜び、現在の接し方を継続する
TRANSIT_SUN,NATAL_SUN,0,Health,3,Fire,0,Separating,活動的な日常がリズムとして定着しコンディションも安定しています。得られた知識を活かして効率的な生活スタイルを目指してください。,新しいリズムが続く日まで,,70,6,現在の活動量を維持しつつ、適度な休息をスケジュールに入れる
TRANSIT_SUN,NATAL_SUN,0,General,3,Fire,1,Applying,自分の考え方や情報の伝え方に、独りよがりな部分がないか見直すべき時期です。過去を教訓にしてより伝わる表現を模索してください。,伝え方が洗練される日まで,,60,7,過去のメールや発言で誤解を招いた箇所を特定し原因を分析する
TRANSIT_SUN,NATAL_SUN,0,Work,3,Fire,1,Applying,仕事での連絡ミスや情報の行き違いがないか再点検する時です。過去に上手くいかなかった連絡網を振り返り改善点を見つけ出しましょう。,連絡の精度が高まる日まで,,55,6,重要事項の共有漏れがないか、過去一週間の履歴を確認する
TRANSIT_SUN,NATAL_SUN,0,Money,3,Fire,1,Applying,通信費や交通費の無駄、あるいは活用できていないツールの契約を見直してください。今の自分に本当に必要なものを精査しましょう。,支出が最適化される日まで,,50,5,スマホの料金プランやサブスクの利用状況を再点検する
TRANSIT_SUN,NATAL_SUN,0,Love,3,Fire,1,Applying,兄弟姉妹や身近な人との間に過去のわだかまりがないか確認しましょう。誤解を放置せず対話することで関係を修復できるチャンスです。,誤解が解ける日まで,,55,5,気まずくなっていた身近な相手に明るく挨拶をしてみる
TRANSIT_SUN,NATAL_SUN,0,Health,3,Fire,1,Applying,興味が散漫になり精神的なエネルギーを消耗していないか振り返る時期です。無理に新しいことを始めるより復習に力を入れましょう。,思考が整理される日まで,,60,8,中断していた学習や読書を再開し、内容を理解し直す
TRANSIT_SUN,NATAL_SUN,0,General,3,Fire,1,Separating,情報の伝え方の修正が完了し、洗練された表現で再び発信できるようになります。意図がスムーズに伝わるのを実感できるでしょう。,意図が真っ直ぐ伝わる日まで,,65,6,整理した考えを改めて言葉にし周囲に伝えてみる
TRANSIT_SUN,NATAL_SUN,0,Work,3,Fire,1,Separating,コミュニケーション上の改善が功を奏し連絡ミスによるストレスが減少します。確実な報連相が信頼回復に繋がります。,連携がスムーズになる日まで,,60,5,改善した連絡ルールをチーム内で再度確認し徹底する
TRANSIT_SUN,NATAL_SUN,0,Money,3,Fire,1,Separating,支出の見直しによって情報収集や移動のコストが最適化されました。効率的になったリソースを必要な学びや活動に集中させてください。,効率的な活動ができる日まで,,55,4,解約したサブスクの浮いた金額を必要な書籍の購入に充てる
TRANSIT_SUN,NATAL_SUN,0,Love,3,Fire,1,Separating,身近な人との誤解が解消され再び活発な交流が始まります。過去を教訓にしてより相手を尊重した言葉選びを心がけましょう。,新しい絆が芽生える日まで,,60,5,和解した相手と共通の話題で明るい話をしてみる
TRANSIT_SUN,NATAL_SUN,0,Health,3,Fire,1,Separating,中断していた学習の再開が軌道に乗り知識の定着を実感できる時期です。見直した学習習慣を守り知性を磨いていってください。,知的な自信が戻る日まで,,65,6,復習した内容を元に自分なりのまとめやメモを作成する
TRANSIT_SUN,NATAL_SUN,0,General,3,Earth,0,Applying,実用的で具体的な知識の習得に最適な時期です。資格試験の勉強や仕事に直結するスキルの習得など、形に残る学びに注力してください。,スキルが形になる日まで,,90,10,習得したいスキルに関する本を1冊選び学習計画を立てる
TRANSIT_SUN,NATAL_SUN,0,Work,3,Earth,0,Applying,文書作成や事務作業において正確さとスピードが両立できる時です。報告書やマニュアルの整備など地道ながら重要な業務で成果を上げられます。,仕事の精度が評価される日まで,,85,9,溜まっている事務作業を片付けデスク周りを整理する
TRANSIT_SUN,NATAL_SUN,0,Money,3,Earth,0,Applying,情報収集を金銭的な利益に結びつけやすい時期です。具体的な節約術や手堅い投資情報の精査など、実利を重視したリサーチを行ってください。,実利が得られる日まで,,80,8,お得なポイント制度を調べ日用品の買い物に活用する
TRANSIT_SUN,NATAL_SUN,0,Love,3,Earth,0,Applying,実務的な情報交換が捗る時です。感情的な結びつきよりも、お互いに役立つ情報を共有することで堅実な信頼関係を築けるでしょう。,確かな信頼が築ける日まで,,75,7,仕事仲間と最近役立ったツールや情報の共有会を行う
TRANSIT_SUN,NATAL_SUN,0,Health,3,Earth,0,Applying,健康維持のための具体的な知識を学び実践に移しやすい時です。栄養学の基礎や効率的なトレーニング法を論理的に学びましょう。,健康習慣が理論で支えられる日まで,,85,10,体調管理に役立つ専門家の記事や動画を1つ確認する
TRANSIT_SUN,NATAL_SUN,0,General,3,Earth,0,Separating,学んだ実用的な知識が実際の行動として定着し始めています。成果をリストアップし、さらなるスキルアップの土台にしてください。,学びが成果として残る日まで,,80,8,これまでの学習成果を確認し理解度をセルフチェックする
TRANSIT_SUN,NATAL_SUN,0,Work,3,Earth,0,Separating,事務作業の効率化が完了し業務がスムーズに回っています。現在の高い精度を維持するためにチェック体制をルーチン化しましょう。,安定した品質が続く日まで,,75,7,整備したマニュアルに従って業務を行い不備がないか最終確認する
TRANSIT_SUN,NATAL_SUN,0,Money,3,Earth,0,Separating,収集したお得な情報が家計の節約に繋がっています。現在の賢い消費習慣を継続し、浮いた資金を確実に貯蓄に回してください。,確かな節約効果が出る日まで,,70,6,今週の節約額を計算し浮いたお金を別の貯蓄口座に移す
TRANSIT_SUN,NATAL_SUN,0,Love,3,Earth,0,Separating,実務的な情報交換を通じて周囲からの信頼が確かなものになっています。約束を確実に守る姿勢を継続し良好な関係を維持しましょう。,評価が得られる日まで,,65,5,情報交換をした相手にその後どう役立ったかを報告する
TRANSIT_SUN,NATAL_SUN,0,Health,3,Earth,0,Separating,学んだ健康法が身体のリズムとして定着しています。得られた知識を活かして日々のコンディションを自己管理してください。,体調が安定する日まで,,75,6,現在の健康習慣を1ヶ月継続するための計画を立てる
TRANSIT_SUN,NATAL_SUN,0,General,3,Earth,1,Applying,これまでに学んできた知識の基礎部分に欠落がないか再確認すべき時期です。曖昧なままにしていた手順を丁寧に復習し直してください。,知識の土台が固まる日まで,,60,7,以前学んだ資料を読み返し理解が浅かった箇所を補習する
TRANSIT_SUN,NATAL_SUN,0,Work,3,Earth,1,Applying,過去の文書作成やデータの管理方法に不備がなかったか点検する時です。古いファイルの整理や情報の更新を行いましょう。,データの精度が向上する日まで,,55,6,PC内の不要なファイルを削除しフォルダ構成を整理する
TRANSIT_SUN,NATAL_SUN,0,Money,3,Earth,1,Applying,金銭面での過去の判断や、利用している移動サービスを再点検してください。当初の目的とズレていないか確認が必要です。,契約が適正化される日まで,,50,5,通帳記帳を行い不明な引き落としがないか一件ずつ確認する
TRANSIT_SUN,NATAL_SUN,0,Love,3,Earth,1,Applying,実務的な約束事や貸し借りが放置されていないか確認しましょう。過去の些細なわだかまりを清算し関係をクリーンにするのに良い時です。,未完了案件が片付く日まで,,55,4,借りていた本や少額の返金を速やかに完了させる
TRANSIT_SUN,NATAL_SUN,0,Health,3,Earth,1,Applying,習慣化していた健康法の手順が自己流になっていないか見直してください。専門的な資料を読み返し正しい知識に修正しましょう。,習慣が修正される日まで,,60,8,普段行っているストレッチのフォームを動画等で再確認する
TRANSIT_SUN,NATAL_SUN,0,General,3,Earth,1,Separating,知識の再構築が完了し、より正確で実用的な知性を身につけることができました。新しい学びに進む準備が整った段階です。,新しい学びに進む日まで,,65,6,修正した知識を使って実際の課題を一つ解いてみる
TRANSIT_SUN,NATAL_SUN,0,Work,3,Earth,1,Separating,データ整理の修正が実を結び、必要な情報がすぐに見つかるようになっています。ストレスの少ない業務環境を維持していきましょう。,業務の風通しが良くなる日まで,,60,5,整理したフォルダ構成を元に新しい案件の管理を開始する
TRANSIT_SUN,NATAL_SUN,0,Money,3,Earth,1,Separating,経済的な見直しによって固定費の削減が完了しました。クリアな家計状態を保ち将来への不安を解消させてください。,家計がスッキリ整理される日まで,,55,4,見直した節約計画を実践し効果を数値で確認する
TRANSIT_SUN,NATAL_SUN,0,Love,3,Earth,1,Separating,過去の実務的なしこりが解消され連絡がスムーズになっています。お互いに誠実な対応を心がけることで新しい信頼が芽生えます。,関係が再起動する日まで,,60,4,清算が済んだ相手に新しい有益な情報を1つ提供してみる
TRANSIT_SUN,NATAL_SUN,0,Health,3,Earth,1,Separating,最適な健康習慣の理論が再構築され体調の安定を実感できる時期です。生活リズムを大切に守り身体を維持してください。,身体の芯から安定する日まで,,65,6,改善したルーチンを1週間継続し体調の変化を実感する
TRANSIT_SUN,NATAL_SUN,0,General,3,Air,0,Applying,知的な活動がピークに達し、情報の吸収やアイデアの創出がスムーズな時期です。情報発信も多くの支持を得やすい時です。,知的な影響力が高まる日まで,,80,10,自分の得意分野についての情報をSNS等で公開する
TRANSIT_SUN,NATAL_SUN,0,Work,3,Air,0,Applying,論理的思考が高まり、会議での発言が説得力を持ちます。シンプルに伝える能力を活かし周囲の合意を取り付けてください。,議論がまとまる日まで,,75,9,会議での発言内容を箇条書きで整理し論理を確認する
TRANSIT_SUN,NATAL_SUN,0,Money,3,Air,0,Applying,金融や経済の最新トレンドをキャッチし資産管理に活かすのに最適な時期です。合理的な判断を下しましょう。,投資の目が肥える日まで,,65,7,気になるニュースサイトを3つ比較し重要な情報を抽出する
TRANSIT_SUN,NATAL_SUN,0,Love,3,Air,0,Applying,活発な交流を通じて知的な刺激を交換できる新しい友人が増える予感があります。軽やかに情報の交換を楽しんでください。,知的な人脈が広がる日まで,,70,8,勉強会に参加し3人以上の人と連絡先を交換する
TRANSIT_SUN,NATAL_SUN,0,Health,3,Air,0,Applying,最新のデータや論文を読み解き、科学的なアプローチを開始できる時です。メンタルヘルスの知識も積極的に取り入れましょう。,知性が健康を守る日まで,,70,9,ストレス解消に役立つ心理学の記事を読み実践してみる
TRANSIT_SUN,NATAL_SUN,0,General,3,Air,0,Separating,収集した情報の整理が完了し、自分なりの知恵として定着しています。周囲に分かりやすく説明してください。,知恵が定着する日まで,,75,7,学んだ内容を誰かに説明するかアウトプットする
TRANSIT_SUN,NATAL_SUN,0,Work,3,Air,0,Separating,コミュニケーションの成果が業務に反映され円滑な協力体制が続いています。情報の共有漏れがないか再確認しましょう。,連携が成果を生む日まで,,70,6,重要な情報を関係者にリマインドし認識の相違がないか確認する
TRANSIT_SUN,NATAL_SUN,0,Money,3,Air,0,Separating,合理的な判断に基づいた経済活動が具体的なメリットを生んでいます。現在の賢い消費習慣を継続し効率を高めましょう。,賢い消費習慣が身につくまで,,60,5,今回の情報収集による節約効果を計算し成果を確認する
TRANSIT_SUN,NATAL_SUN,0,Love,3,Air,0,Separating,知的な交流を通じて得られた気づきが対人関係に新しい風を吹き込んでいます。軽やかな交流を楽しんでください。,爽やかな交流が続く日まで,,65,6,情報交換をした相手にフォローアップの連絡を入れる
TRANSIT_SUN,NATAL_SUN,0,Health,3,Air,0,Separating,データに基づいた健康管理が習慣化し心身のバランスが整っています。ストレスを解消する方法を継続して実践しましょう。,思考と体の調和が続く日まで,,70,6,一週間の体調データを振り返り不調の予兆がないか確認する
TRANSIT_SUN,NATAL_SUN,0,General,3,Air,1,Applying,考え方や知識に誤解がないか再点検すべき時期です。多角的な視点から情報を再解釈してください。,視野がより広くなる日まで,,60,7,以前失敗した際の判断基準を思い出し問題点を分析する
TRANSIT_SUN,NATAL_SUN,0,Work,3,Air,1,Applying,企画書やメールのやり取りを読み返し改善点を見つけ出すのに適しています。コミュニケーションの癖を修正しましょう。,伝達の精度が向上する日まで,,55,6,過去のメール送信履歴を確認し言葉足らずだった箇所を特定する
TRANSIT_SUN,NATAL_SUN,0,Money,3,Air,1,Applying,お金に関する過去の契約を最新情報に照らして見直してください。有利なプランの検討や不要なプランの解約を検討しましょう。,不要な出費が見つかる日まで,,50,5,サブスクリプションや固定費の契約を洗い出し見直す
TRANSIT_SUN,NATAL_SUN,0,Love,3,Air,1,Applying,対人関係における言動を振り返り誤解を与えていなかったか確認しましょう。必要であれば改めて説明を加えてください。,誤解が解け始める日まで,,55,5,過去に不自然な間があった相手に近況を報告する
TRANSIT_SUN,NATAL_SUN,0,Health,3,Air,1,Applying,これまで信じてきた健康法が今の自分に合っているか疑ってみる時期です。体の変化を冷静に分析し知識を更新しましょう。,真に効果的な方法が見つかる日まで,,60,7,現在の習慣を始めてからの体調変化を客観的に評価する
TRANSIT_SUN,NATAL_SUN,0,General,3,Air,1,Separating,思考の整理が完了し洗練された考え方で再び行動を開始できるようになります。情報の取捨選択がスムーズになるでしょう。,考えがスッキリまとまる日まで,,65,6,整理した考えを箇条書きでメモし今後の指針にする
TRANSIT_SUN,NATAL_SUN,0,Work,3,Air,1,Separating,コミュニケーション上の改善が成果を出し始め業務での連携ミスが減少します。確実な報連相が定着してくるでしょう。,情報の風通しが良くなる日まで,,60,5,再発防止のための連絡ルールを策定しチーム内で共有する
TRANSIT_SUN,NATAL_SUN,0,Money,3,Air,1,Separating,経済的な判断の見直しが一段落し合理的な資産管理が始まります。賢い消費者としての姿勢を維持しましょう。,経済的な知恵が定着する日まで,,55,4,見直した契約の変更手続きを完了させ節約額を確認する
TRANSIT_SUN,NATAL_SUN,0,Love,3,Air,1,Separating,人間関係におけるわだかまりが整理され建設的な議論ができる状態に戻ります。より知的な付き合いを心がけましょう。,新たな信頼が芽生える日まで,,60,5,最近和解した相手と共通の話題について話し合う
TRANSIT_SUN,NATAL_SUN,0,Health,3,Air,1,Separating,最適な体調管理の仕組みが再構築され安定したリズムを取り戻せます。ストレスを言語化して解消してください。,思考と体のバランスが整う日まで,,65,6,毎晩の短い日記を通じてその日の感情と体調を言語化する
TRANSIT_SUN,NATAL_SUN,0,General,3,Water,0,Applying,感性や心の満足を重視した情報のやり取りに意識が向く時期です。共感できる知識や人との交流を深めましょう。,心が豊かになる交流ができる日まで,,75,9,今の正直な気持ちをノートに書き出し共感し合える友人に共有する
TRANSIT_SUN,NATAL_SUN,0,Work,3,Water,0,Applying,周囲への心理的な配慮や共感が円滑な連携を生む時です。職場の雰囲気を良くするための言葉がけが評価に繋がります。,チームの安心感を作る日まで,,70,8,同僚の悩みや相談に耳を傾け心理的なサポートを申し出る
TRANSIT_SUN,NATAL_SUN,0,Money,3,Water,0,Applying,情緒的価値がある情報の習得にお金を使いたくなる時期です。精神的な成長に役立つ学びを選びましょう。,満足度の高い学びができる日まで,,60,7,興味のある癒やしや感性に関する書籍を1つ購入し読み始める
TRANSIT_SUN,NATAL_SUN,0,Love,3,Water,0,Applying,身近な人との情緒的な交流が捗る時です。繊細な感性を大切にしてくれる人との対話を優先し絆を深めてください。,深い絆が生まれる日まで,,80,9,大切な人とゆっくり過ごしお互いの理想や想いを分かち合う
TRANSIT_SUN,NATAL_SUN,0,Health,3,Water,0,Applying,心の安定が知的活動の基盤となる時期です。ストレスを溜め込まず好きなことに没頭する時間を持ちましょう。,心身の調和が整う日まで,,75,10,寝る前の5分間、静かに深呼吸をしてその日の感情を整理する
TRANSIT_SUN,NATAL_SUN,0,General,3,Water,0,Separating,内面的な充足感が安定し自分の考えを穏やかに肯定できる段階です。心地よい感性に従って情報を整理していきましょう。,心が安定する日まで,,70,7,最近感じた幸せな瞬間を思い出しその感覚を維持するよう意識する
TRANSIT_SUN,NATAL_SUN,0,Work,3,Water,0,Separating,心理的な安心感が定着し円滑な協力が続いています。良好な雰囲気を保つために感謝を言葉にし続けてください。,心地よい職場環境が続く日まで,,65,6,チームメンバーに日頃のサポートへの感謝を伝える
TRANSIT_SUN,NATAL_SUN,0,Money,3,Water,0,Separating,感情的な支出が落ち着き予算内に収めるバランスが取れてきました。現在の安定した管理を継続しましょう。,経済的な平穏が続く日まで,,55,5,今月の娯楽費の支出を振り返り心の満足度を再確認する
TRANSIT_SUN,NATAL_SUN,0,Love,3,Water,0,Separating,お互いの理解が深まり言葉にしなくても通じ合えるような安心感が漂っています。穏やかな関係を大切に育んでください。,心の安らぎが続く日まで,,70,6,パートナーや家族との日常の何気ない会話を楽しむ
TRANSIT_SUN,NATAL_SUN,0,Health,3,Water,0,Separating,心のケアが身体の回復に繋がり安定した体調を維持できています。感性を解放する時間を持ちストレスを溜め込まないようにしましょう。,健やかなリズムが続く日まで,,70,6,好きな音楽や景色を楽しみ心をリフレッシュさせる
TRANSIT_SUN,NATAL_SUN,0,General,3,Water,1,Applying,学びや伝達に対する過去の感情的な執着を見つめ直すべき時期です。古い固定概念を丁寧に解きほぐし整理してください。,心が自由になる日まで,,60,7,「こう言わなければならない」という思い込みを書き出し手放す
TRANSIT_SUN,NATAL_SUN,0,Work,3,Water,1,Applying,人間関係において過去の誤解や心理的葛藤を整理する時です。相手の立場を理解し直すことでわだかまりが解消されます。,誤解が解ける日まで,,55,6,疎遠になっていた身近な人に自分から近況を尋ねる
TRANSIT_SUN,NATAL_SUN,0,Money,3,Water,1,Applying,「寂しさを埋めるための情報収集」等、感情的行動パターンを点検してください。本質的な学びに注力しましょう。,賢い行動習慣が身につくまで,,50,5,過去3ヶ月の情報収集を振り返り時間を整理する
TRANSIT_SUN,NATAL_SUN,0,Love,3,Water,1,Applying,考えを他人に理解してもらうための過去の努力を振り返りましょう。押し付けすぎていなかったか点検してください。,自分軸の考えに戻れる日まで,,55,5,「つい同調してしまった」会話を思い返し自分の本音を確認する
TRANSIT_SUN,NATAL_SUN,0,Health,3,Water,1,Applying,精神的要因による疲れを感じやすい時期です。過去に効果があった癒やしの習慣を思い出し今の生活に再導入しましょう。,自己治癒力が高まる日まで,,60,8,以前リラックスできた趣味を思い出し予定に入れる
TRANSIT_SUN,NATAL_SUN,0,General,3,Water,1,Separating,感情の整理が一段落し自分の感性を信じて情報を発信できる状態になります。より自由な心で対話を楽しめるでしょう。,心が澄み渡る日まで,,65,6,今の自分を肯定する言葉を日記に書く
TRANSIT_SUN,NATAL_SUN,0,Work,3,Water,1,Separating,身近な関係におけるわだかまりが消え自然体で接することができるようになっています。コミュニケーションがスムーズになります。,対話がスムーズになる日まで,,60,5,以前は避けていた相手に軽く挨拶をしてみる
TRANSIT_SUN,NATAL_SUN,0,Money,3,Water,1,Separating,落ち着いた情報の取捨選択ができるようになってきました。整理された心の状態を反映した質の高い学びが始まります。,満足度の高い学びができる日まで,,55,4,見直した学習ルールに従い1週間の成果を振り返る
TRANSIT_SUN,NATAL_SUN,0,Love,3,Water,1,Separating,過去のしこりが消え深いレベルでの共感が生まれています。再生した絆を大切に誠実な交流を続けてください。,絆が新しく生まれ変わる日まで,,60,5,和解した相手とこれからの関係を良くするための話をする
TRANSIT_SUN,NATAL_SUN,0,Health,3,Water,1,Separating,心の安定が身体にも波及し穏やかな回復を実感できる時期です。感性を労わる習慣を今後も継続し体調を維持しましょう。,健やかな状態が戻る日まで,,65,6,睡眠の質を記録し心が穏やかであることの影響を実感する
TRANSIT_SUN,NATAL_SUN,0,General,4,Fire,0,Applying,住まいを活発に整える時期です。,環境が刷新される日まで,,75,8,部屋の掃除を一箇所徹底的に行う
TRANSIT_SUN,NATAL_SUN,0,Work,4,Fire,0,Applying,在宅ワークや業務の土台を整える時期です。,基盤が強化される日まで,,70,7,デスク周りを整理し集中できる環境を作る
TRANSIT_SUN,NATAL_SUN,0,Money,4,Fire,0,Applying,住居費や不動産、家族に関する支出を点検しましょう。,資産が守られる日まで,,60,6,住居関連の固定費を見直し無駄を省く
TRANSIT_SUN,NATAL_SUN,0,Love,4,Fire,0,Applying,家族や同居人との絆を深めるための交流を大切に。,絆が深まる日まで,,65,6,家族に感謝を伝え一緒に食事をする
TRANSIT_SUN,NATAL_SUN,0,Health,4,Fire,0,Applying,家庭でのリラックスが健康の源です。睡眠の質を高めましょう。,活力が戻る日まで,,70,9,寝具を整え早めに就寝する
TRANSIT_SUN,NATAL_SUN,0,General,4,Fire,0,Separating,住まいを活発に整える時期です。,環境が刷新される日まで,,75,8,部屋の掃除を一箇所徹底的に行う
TRANSIT_SUN,NATAL_SUN,0,Work,4,Fire,0,Separating,在宅ワークや業務の土台を整える時期です。,基盤が強化される日まで,,70,7,デスク周りを整理し集中できる環境を作る
TRANSIT_SUN,NATAL_SUN,0,Money,4,Fire,0,Separating,住居費や不動産、家族に関する支出を点検しましょう。,資産が守られる日まで,,60,6,住居関連の固定費を見直し無駄を省く
TRANSIT_SUN,NATAL_SUN,0,Love,4,Fire,0,Separating,家族や同居人との絆を深めるための交流を大切に。,絆が深まる日まで,,65,6,家族に感謝を伝え一緒に食事をする
TRANSIT_SUN,NATAL_SUN,0,Health,4,Fire,0,Separating,家庭でのリラックスが健康の源です。睡眠の質を高めましょう。,活力が戻る日まで,,70,9,寝具を整え早めに就寝する
TRANSIT_SUN,NATAL_SUN,0,General,4,Fire,1,Applying,住環境の役割を見直す時期です。,環境が刷新される日まで,,75,8,部屋の掃除を一箇所徹底的に行う
TRANSIT_SUN,NATAL_SUN,0,Work,4,Fire,1,Applying,在宅ワークや業務の土台を整える時期です。,基盤が強化される日まで,,70,7,デスク周りを整理し集中できる環境を作る
TRANSIT_SUN,NATAL_SUN,0,Money,4,Fire,1,Applying,住居費や不動産、家族に関する支出を点検しましょう。,資産が守られる日まで,,60,6,住居関連の固定費を見直し無駄を省く
TRANSIT_SUN,NATAL_SUN,0,Love,4,Fire,1,Applying,家族や同居人との絆を深めるための交流を大切に。,絆が深まる日まで,,65,6,家族に感謝を伝え一緒に食事をする
TRANSIT_SUN,NATAL_SUN,0,Health,4,Fire,1,Applying,家庭でのリラックスが健康の源です。睡眠の質を高めましょう。,活力が戻る日まで,,70,9,寝具を整え早めに就寝する
TRANSIT_SUN,NATAL_SUN,0,General,4,Fire,1,Separating,住環境の役割を見直す時期です。,環境が刷新される日まで,,75,8,部屋の掃除を一箇所徹底的に行う
TRANSIT_SUN,NATAL_SUN,0,Work,4,Fire,1,Separating,在宅ワークや業務の土台を整える時期です。,基盤が強化される日まで,,70,7,デスク周りを整理し集中できる環境を作る
TRANSIT_SUN,NATAL_SUN,0,Money,4,Fire,1,Separating,住居費や不動産、家族に関する支出を点検しましょう。,資産が守られる日まで,,60,6,住居関連の固定費を見直し無駄を省く
TRANSIT_SUN,NATAL_SUN,0,Love,4,Fire,1,Separating,家族や同居人との絆を深めるための交流を大切に。,絆が深まる日まで,,65,6,家族に感謝を伝え一緒に食事をする
TRANSIT_SUN,NATAL_SUN,0,Health,4,Fire,1,Separating,家庭でのリラックスが健康の源です。睡眠の質を高めましょう。,活力が戻る日まで,,70,9,寝具を整え早めに就寝する
TRANSIT_SUN,NATAL_SUN,0,General,4,Earth,0,Applying,実務的な家事や修繕に最適な時期です。,基盤が安定する日まで,,75,8,住宅関連の書類や備蓄品を整理する
TRANSIT_SUN,NATAL_SUN,0,Work,4,Earth,0,Applying,在宅ワークや業務の土台を整える時期です。,基盤が強化される日まで,,70,7,デスク周りを整理し集中できる環境を作る
TRANSIT_SUN,NATAL_SUN,0,Money,4,Earth,0,Applying,住居費や不動産、家族に関する支出を点検しましょう。,資産が守られる日まで,,60,6,住居関連の固定費を見直し無駄を省く
TRANSIT_SUN,NATAL_SUN,0,Love,4,Earth,0,Applying,家族や同居人との絆を深めるための交流を大切に。,絆が深まる日まで,,65,6,家族に感謝を伝え一緒に食事をする
TRANSIT_SUN,NATAL_SUN,0,Health,4,Earth,0,Applying,家庭でのリラックスが健康の源です。睡眠の質を高めましょう。,活力が戻る日まで,,70,9,寝具を整え早めに就寝する
TRANSIT_SUN,NATAL_SUN,0,General,4,Earth,0,Separating,実務的な家事や修繕に最適な時期です。,基盤が安定する日まで,,75,8,住宅関連の書類や備蓄品を整理する
TRANSIT_SUN,NATAL_SUN,0,Work,4,Earth,0,Separating,在宅ワークや業務の土台を整える時期です。,基盤が強化される日まで,,70,7,デスク周りを整理し集中できる環境を作る
TRANSIT_SUN,NATAL_SUN,0,Money,4,Earth,0,Separating,住居費や不動産、家族に関する支出を点検しましょう。,資産が守られる日まで,,60,6,住居関連の固定費を見直し無駄を省く
TRANSIT_SUN,NATAL_SUN,0,Love,4,Earth,0,Separating,家族や同居人との絆を深めるための交流を大切に。,絆が深まる日まで,,65,6,家族に感謝を伝え一緒に食事をする
TRANSIT_SUN,NATAL_SUN,0,Health,4,Earth,0,Separating,家庭でのリラックスが健康の源です。睡眠の質を高めましょう。,活力が戻る日まで,,70,9,寝具を整え早めに就寝する
TRANSIT_SUN,NATAL_SUN,0,General,4,Earth,1,Applying,住居の安全性や契約を点検する時期です。,基盤が安定する日まで,,75,8,住宅関連の書類や備蓄品を整理する
TRANSIT_SUN,NATAL_SUN,0,Work,4,Earth,1,Applying,在宅ワークや業務の土台を整える時期です。,基盤が強化される日まで,,70,7,デスク周りを整理し集中できる環境を作る
TRANSIT_SUN,NATAL_SUN,0,Money,4,Earth,1,Applying,住居費や不動産、家族に関する支出を点検しましょう。,資産が守られる日まで,,60,6,住居関連の固定費を見直し無駄を省く
TRANSIT_SUN,NATAL_SUN,0,Love,4,Earth,1,Applying,家族や同居人との絆を深めるための交流を大切に。,絆が深まる日まで,,65,6,家族に感謝を伝え一緒に食事をする
TRANSIT_SUN,NATAL_SUN,0,Health,4,Earth,1,Applying,家庭でのリラックスが健康の源です。睡眠の質を高めましょう。,活力が戻る日まで,,70,9,寝具を整え早めに就寝する
TRANSIT_SUN,NATAL_SUN,0,General,4,Earth,1,Separating,住居の安全性や契約を点検する時期です。,基盤が安定する日まで,,75,8,住宅関連の書類や備蓄品を整理する
TRANSIT_SUN,NATAL_SUN,0,Work,4,Earth,1,Separating,在宅ワークや業務の土台を整える時期です。,基盤が強化される日まで,,70,7,デスク周りを整理し集中できる環境を作る
TRANSIT_SUN,NATAL_SUN,0,Money,4,Earth,1,Separating,住居費や不動産、家族に関する支出を点検しましょう。,資産が守られる日まで,,60,6,住居関連の固定費を見直し無駄を省く
TRANSIT_SUN,NATAL_SUN,0,Love,4,Earth,1,Separating,家族や同居人との絆を深めるための交流を大切に。,絆が深まる日まで,,65,6,家族に感謝を伝え一緒に食事をする
TRANSIT_SUN,NATAL_SUN,0,Health,4,Earth,1,Separating,家庭でのリラックスが健康の源です。睡眠の質を高めましょう。,活力が戻る日まで,,70,9,寝具を整え早めに就寝する
TRANSIT_SUN,NATAL_SUN,0,General,4,Air,0,Applying,家族との対話や情報共有が捗る時です。,理解が深まる日まで,,75,8,家族会議を開き生活方針を話し合う
TRANSIT_SUN,NATAL_SUN,0,Work,4,Air,0,Applying,在宅ワークや業務の土台を整える時期です。,基盤が強化される日まで,,70,7,デスク周りを整理し集中できる環境を作る
TRANSIT_SUN,NATAL_SUN,0,Money,4,Air,0,Applying,住居費や不動産、家族に関する支出を点検しましょう。,資産が守られる日まで,,60,6,住居関連の固定費を見直し無駄を省く
TRANSIT_SUN,NATAL_SUN,0,Love,4,Air,0,Applying,家族や同居人との絆を深めるための交流を大切に。,絆が深まる日まで,,65,6,家族に感謝を伝え一緒に食事をする
TRANSIT_SUN,NATAL_SUN,0,Health,4,Air,0,Applying,家庭でのリラックスが健康の源です。睡眠の質を高めましょう。,活力が戻る日まで,,70,9,寝具を整え早めに就寝する
TRANSIT_SUN,NATAL_SUN,0,General,4,Air,0,Separating,家族との対話や情報共有が捗る時です。,理解が深まる日まで,,75,8,家族会議を開き生活方針を話し合う
TRANSIT_SUN,NATAL_SUN,0,Work,4,Air,0,Separating,在宅ワークや業務の土台を整える時期です。,基盤が強化される日まで,,70,7,デスク周りを整理し集中できる環境を作る
TRANSIT_SUN,NATAL_SUN,0,Money,4,Air,0,Separating,住居費や不動産、家族に関する支出を点検しましょう。,資産が守られる日まで,,60,6,住居関連の固定費を見直し無駄を省く
TRANSIT_SUN,NATAL_SUN,0,Love,4,Air,0,Separating,家族や同居人との絆を深めるための交流を大切に。,絆が深まる日まで,,65,6,家族に感謝を伝え一緒に食事をする
TRANSIT_SUN,NATAL_SUN,0,Health,4,Air,0,Separating,家庭でのリラックスが健康の源です。睡眠の質を高めましょう。,活力が戻る日まで,,70,9,寝具を整え早めに就寝する
TRANSIT_SUN,NATAL_SUN,0,General,4,Air,1,Applying,家族間の連絡ミスを修正する時期です。,理解が深まる日まで,,75,8,家族会議を開き生活方針を話し合う
TRANSIT_SUN,NATAL_SUN,0,Work,4,Air,1,Applying,在宅ワークや業務の土台を整える時期です。,基盤が強化される日まで,,70,7,デスク周りを整理し集中できる環境を作る
TRANSIT_SUN,NATAL_SUN,0,Money,4,Air,1,Applying,住居費や不動産、家族に関する支出を点検しましょう。,資産が守られる日まで,,60,6,住居関連の固定費を見直し無駄を省く
TRANSIT_SUN,NATAL_SUN,0,Love,4,Air,1,Applying,家族や同居人との絆を深めるための交流を大切に。,絆が深まる日まで,,65,6,家族に感謝を伝え一緒に食事をする
TRANSIT_SUN,NATAL_SUN,0,Health,4,Air,1,Applying,家庭でのリラックスが健康の源です。睡眠の質を高めましょう。,活力が戻る日まで,,70,9,寝具を整え早めに就寝する
TRANSIT_SUN,NATAL_SUN,0,General,4,Air,1,Separating,家族間の連絡ミスを修正する時期です。,理解が深まる日まで,,75,8,家族会議を開き生活方針を話し合う
TRANSIT_SUN,NATAL_SUN,0,Work,4,Air,1,Separating,在宅ワークや業務の土台を整える時期です。,基盤が強化される日まで,,70,7,デスク周りを整理し集中できる環境を作る
TRANSIT_SUN,NATAL_SUN,0,Money,4,Air,1,Separating,住居費や不動産、家族に関する支出を点検しましょう。,資産が守られる日まで,,60,6,住居関連の固定費を見直し無駄を省く
TRANSIT_SUN,NATAL_SUN,0,Love,4,Air,1,Separating,家族や同居人との絆を深めるための交流を大切に。,絆が深まる日まで,,65,6,家族に感謝を伝え一緒に食事をする
TRANSIT_SUN,NATAL_SUN,0,Health,4,Air,1,Separating,家庭でのリラックスが健康の源です。睡眠の質を高めましょう。,活力が戻る日まで,,70,9,寝具を整え早めに就寝する
TRANSIT_SUN,NATAL_SUN,0,General,4,Water,0,Applying,心の安らぎを家庭に求める時期です。,心が安定する日まで,,75,8,家族とゆっくり過ごす時間を確保する
TRANSIT_SUN,NATAL_SUN,0,Work,4,Water,0,Applying,在宅ワークや業務の土台を整える時期です。,基盤が強化される日まで,,70,7,デスク周りを整理し集中できる環境を作る
TRANSIT_SUN,NATAL_SUN,0,Money,4,Water,0,Applying,住居費や不動産、家族に関する支出を点検しましょう。,資産が守られる日まで,,60,6,住居関連の固定費を見直し無駄を省く
TRANSIT_SUN,NATAL_SUN,0,Love,4,Water,0,Applying,家族や同居人との絆を深めるための交流を大切に。,絆が深まる日まで,,65,6,家族に感謝を伝え一緒に食事をする
TRANSIT_SUN,NATAL_SUN,0,Health,4,Water,0,Applying,家庭でのリラックスが健康の源です。睡眠の質を高めましょう。,活力が戻る日まで,,70,9,寝具を整え早めに就寝する
TRANSIT_SUN,NATAL_SUN,0,General,4,Water,0,Separating,心の安らぎを家庭に求める時期です。,心が安定する日まで,,75,8,家族とゆっくり過ごす時間を確保する
TRANSIT_SUN,NATAL_SUN,0,Work,4,Water,0,Separating,在宅ワークや業務の土台を整える時期です。,基盤が強化される日まで,,70,7,デスク周りを整理し集中できる環境を作る
TRANSIT_SUN,NATAL_SUN,0,Money,4,Water,0,Separating,住居費や不動産、家族に関する支出を点検しましょう。,資産が守られる日まで,,60,6,住居関連の固定費を見直し無駄を省く
TRANSIT_SUN,NATAL_SUN,0,Love,4,Water,0,Separating,家族や同居人との絆を深めるための交流を大切に。,絆が深まる日まで,,65,6,家族に感謝を伝え一緒に食事をする
TRANSIT_SUN,NATAL_SUN,0,Health,4,Water,0,Separating,家庭でのリラックスが健康の源です。睡眠の質を高めましょう。,活力が戻る日まで,,70,9,寝具を整え早めに就寝する
TRANSIT_SUN,NATAL_SUN,0,General,4,Water,1,Applying,家庭内の情緒的わだかまりを整理する時です。,心が安定する日まで,,75,8,家族とゆっくり過ごす時間を確保する
TRANSIT_SUN,NATAL_SUN,0,Work,4,Water,1,Applying,在宅ワークや業務の土台を整える時期です。,基盤が強化される日まで,,70,7,デスク周りを整理し集中できる環境を作る
TRANSIT_SUN,NATAL_SUN,0,Money,4,Water,1,Applying,住居費や不動産、家族に関する支出を点検しましょう。,資産が守られる日まで,,60,6,住居関連の固定費を見直し無駄を省く
TRANSIT_SUN,NATAL_SUN,0,Love,4,Water,1,Applying,家族や同居人との絆を深めるための交流を大切に。,絆が深まる日まで,,65,6,家族に感謝を伝え一緒に食事をする
TRANSIT_SUN,NATAL_SUN,0,Health,4,Water,1,Applying,家庭でのリラックスが健康の源です。睡眠の質を高めましょう。,活力が戻る日まで,,70,9,寝具を整え早めに就寝する
TRANSIT_SUN,NATAL_SUN,0,General,4,Water,1,Separating,家庭内の情緒的わだかまりを整理する時です。,心が安定する日まで,,75,8,家族とゆっくり過ごす時間を確保する
TRANSIT_SUN,NATAL_SUN,0,Work,4,Water,1,Separating,在宅ワークや業務の土台を整える時期です。,基盤が強化される日まで,,70,7,デスク周りを整理し集中できる環境を作る
TRANSIT_SUN,NATAL_SUN,0,Money,4,Water,1,Separating,住居費や不動産、家族に関する支出を点検しましょう。,資産が守られる日まで,,60,6,住居関連の固定費を見直し無駄を省く
TRANSIT_SUN,NATAL_SUN,0,Love,4,Water,1,Separating,家族や同居人との絆を深めるための交流を大切に。,絆が深まる日まで,,65,6,家族に感謝を伝え一緒に食事をする
TRANSIT_SUN,NATAL_SUN,0,Health,4,Water,1,Separating,家庭でのリラックスが健康の源です。睡眠の質を高めましょう。,活力が戻る日まで,,70,9,寝具を整え早めに就寝する
TRANSIT_SUN,NATAL_SUN,0,General,5,Fire,0,Applying,自分を表現し、趣味を楽しむ時期です。,才能が輝く日まで,,80,9,クリエイティブな趣味を1つ実行する
TRANSIT_SUN,NATAL_SUN,0,Work,5,Fire,0,Applying,独自のアイデアを仕事に活かせる時期です。,評価が高まる日まで,,75,8,新しい企画を提案する
TRANSIT_SUN,NATAL_SUN,0,Money,5,Fire,0,Applying,自己投資や趣味に関する支出を管理しましょう。,満足が得られる日まで,,60,7,趣味の道具の費用対効果を確認する
TRANSIT_SUN,NATAL_SUN,0,Love,5,Fire,0,Applying,明るい交流が新しい人脈を引き寄せます。,笑顔が続く日まで,,70,8,イベントや交流会に参加する
TRANSIT_SUN,NATAL_SUN,0,Health,5,Fire,0,Applying,心から楽しむことが最大の健康法です。,活力が溢れる日まで,,75,9,思い切り遊ぶ時間を確保する
TRANSIT_SUN,NATAL_SUN,0,General,5,Fire,0,Separating,自分を表現し、趣味を楽しむ時期です。,才能が輝く日まで,,80,9,クリエイティブな趣味を1つ実行する
TRANSIT_SUN,NATAL_SUN,0,Work,5,Fire,0,Separating,独自のアイデアを仕事に活かせる時期です。,評価が高まる日まで,,75,8,新しい企画を提案する
TRANSIT_SUN,NATAL_SUN,0,Money,5,Fire,0,Separating,自己投資や趣味に関する支出を管理しましょう。,満足が得られる日まで,,60,7,趣味の道具の費用対効果を確認する
TRANSIT_SUN,NATAL_SUN,0,Love,5,Fire,0,Separating,明るい交流が新しい人脈を引き寄せます。,笑顔が続く日まで,,70,8,イベントや交流会に参加する
TRANSIT_SUN,NATAL_SUN,0,Health,5,Fire,0,Separating,心から楽しむことが最大の健康法です。,活力が溢れる日まで,,75,9,思い切り遊ぶ時間を確保する
TRANSIT_SUN,NATAL_SUN,0,General,5,Fire,1,Applying,楽しみ方や自己表現を再定義する時期です。,才能が輝く日まで,,80,9,クリエイティブな趣味を1つ実行する
TRANSIT_SUN,NATAL_SUN,0,Work,5,Fire,1,Applying,独自のアイデアを仕事に活かせる時期です。,評価が高まる日まで,,75,8,新しい企画を提案する
TRANSIT_SUN,NATAL_SUN,0,Money,5,Fire,1,Applying,自己投資や趣味に関する支出を管理しましょう。,満足が得られる日まで,,60,7,趣味の道具の費用対効果を確認する
TRANSIT_SUN,NATAL_SUN,0,Love,5,Fire,1,Applying,明るい交流が新しい人脈を引き寄せます。,笑顔が続く日まで,,70,8,イベントや交流会に参加する
TRANSIT_SUN,NATAL_SUN,0,Health,5,Fire,1,Applying,心から楽しむことが最大の健康法です。,活力が溢れる日まで,,75,9,思い切り遊ぶ時間を確保する
TRANSIT_SUN,NATAL_SUN,0,General,5,Fire,1,Separating,楽しみ方や自己表現を再定義する時期です。,才能が輝く日まで,,80,9,クリエイティブな趣味を1つ実行する
TRANSIT_SUN,NATAL_SUN,0,Work,5,Fire,1,Separating,独自のアイデアを仕事に活かせる時期です。,評価が高まる日まで,,75,8,新しい企画を提案する
TRANSIT_SUN,NATAL_SUN,0,Money,5,Fire,1,Separating,自己投資や趣味に関する支出を管理しましょう。,満足が得られる日まで,,60,7,趣味の道具の費用対効果を確認する
TRANSIT_SUN,NATAL_SUN,0,Love,5,Fire,1,Separating,明るい交流が新しい人脈を引き寄せます。,笑顔が続く日まで,,70,8,イベントや交流会に参加する
TRANSIT_SUN,NATAL_SUN,0,Health,5,Fire,1,Separating,心から楽しむことが最大の健康法です。,活力が溢れる日まで,,75,9,思い切り遊ぶ時間を確保する
TRANSIT_SUN,NATAL_SUN,0,General,5,Earth,0,Applying,実務的なスキルアップや創作に最適な時です。,技術が定着する日まで,,80,9,自分の得意分野で成果物を1つ作成する
TRANSIT_SUN,NATAL_SUN,0,Work,5,Earth,0,Applying,独自のアイデアを仕事に活かせる時期です。,評価が高まる日まで,,75,8,新しい企画を提案する
TRANSIT_SUN,NATAL_SUN,0,Money,5,Earth,0,Applying,自己投資や趣味に関する支出を管理しましょう。,満足が得られる日まで,,60,7,趣味の道具の費用対効果を確認する
TRANSIT_SUN,NATAL_SUN,0,Love,5,Earth,0,Applying,明るい交流が新しい人脈を引き寄せます。,笑顔が続く日まで,,70,8,イベントや交流会に参加する
TRANSIT_SUN,NATAL_SUN,0,Health,5,Earth,0,Applying,心から楽しむことが最大の健康法です。,活力が溢れる日まで,,75,9,思い切り遊ぶ時間を確保する
TRANSIT_SUN,NATAL_SUN,0,General,5,Earth,0,Separating,実務的なスキルアップや創作に最適な時です。,技術が定着する日まで,,80,9,自分の得意分野で成果物を1つ作成する
TRANSIT_SUN,NATAL_SUN,0,Work,5,Earth,0,Separating,独自のアイデアを仕事に活かせる時期です。,評価が高まる日まで,,75,8,新しい企画を提案する
TRANSIT_SUN,NATAL_SUN,0,Money,5,Earth,0,Separating,自己投資や趣味に関する支出を管理しましょう。,満足が得られる日まで,,60,7,趣味の道具の費用対効果を確認する
TRANSIT_SUN,NATAL_SUN,0,Love,5,Earth,0,Separating,明るい交流が新しい人脈を引き寄せます。,笑顔が続く日まで,,70,8,イベントや交流会に参加する
TRANSIT_SUN,NATAL_SUN,0,Health,5,Earth,0,Separating,心から楽しむことが最大の健康法です。,活力が溢れる日まで,,75,9,思い切り遊ぶ時間を確保する
TRANSIT_SUN,NATAL_SUN,0,General,5,Earth,1,Applying,スキルの基礎を復習し直す時期です。,技術が定着する日まで,,80,9,自分の得意分野で成果物を1つ作成する
TRANSIT_SUN,NATAL_SUN,0,Work,5,Earth,1,Applying,独自のアイデアを仕事に活かせる時期です。,評価が高まる日まで,,75,8,新しい企画を提案する
TRANSIT_SUN,NATAL_SUN,0,Money,5,Earth,1,Applying,自己投資や趣味に関する支出を管理しましょう。,満足が得られる日まで,,60,7,趣味の道具の費用対効果を確認する
TRANSIT_SUN,NATAL_SUN,0,Love,5,Earth,1,Applying,明るい交流が新しい人脈を引き寄せます。,笑顔が続く日まで,,70,8,イベントや交流会に参加する
TRANSIT_SUN,NATAL_SUN,0,Health,5,Earth,1,Applying,心から楽しむことが最大の健康法です。,活力が溢れる日まで,,75,9,思い切り遊ぶ時間を確保する
TRANSIT_SUN,NATAL_SUN,0,General,5,Earth,1,Separating,スキルの基礎を復習し直す時期です。,技術が定着する日まで,,80,9,自分の得意分野で成果物を1つ作成する
TRANSIT_SUN,NATAL_SUN,0,Work,5,Earth,1,Separating,独自のアイデアを仕事に活かせる時期です。,評価が高まる日まで,,75,8,新しい企画を提案する
TRANSIT_SUN,NATAL_SUN,0,Money,5,Earth,1,Separating,自己投資や趣味に関する支出を管理しましょう。,満足が得られる日まで,,60,7,趣味の道具の費用対効果を確認する
TRANSIT_SUN,NATAL_SUN,0,Love,5,Earth,1,Separating,明るい交流が新しい人脈を引き寄せます。,笑顔が続く日まで,,70,8,イベントや交流会に参加する
TRANSIT_SUN,NATAL_SUN,0,Health,5,Earth,1,Separating,心から楽しむことが最大の健康法です。,活力が溢れる日まで,,75,9,思い切り遊ぶ時間を確保する
TRANSIT_SUN,NATAL_SUN,0,General,5,Air,0,Applying,知的な楽しみや情報発信が捗る時期です。,知性が輝く日まで,,80,9,SNS等で自分の考えを発信する
TRANSIT_SUN,NATAL_SUN,0,Work,5,Air,0,Applying,独自のアイデアを仕事に活かせる時期です。,評価が高まる日まで,,75,8,新しい企画を提案する
TRANSIT_SUN,NATAL_SUN,0,Money,5,Air,0,Applying,自己投資や趣味に関する支出を管理しましょう。,満足が得られる日まで,,60,7,趣味の道具の費用対効果を確認する
TRANSIT_SUN,NATAL_SUN,0,Love,5,Air,0,Applying,明るい交流が新しい人脈を引き寄せます。,笑顔が続く日まで,,70,8,イベントや交流会に参加する
TRANSIT_SUN,NATAL_SUN,0,Health,5,Air,0,Applying,心から楽しむことが最大の健康法です。,活力が溢れる日まで,,75,9,思い切り遊ぶ時間を確保する
TRANSIT_SUN,NATAL_SUN,0,General,5,Air,0,Separating,知的な楽しみや情報発信が捗る時期です。,知性が輝く日まで,,80,9,SNS等で自分の考えを発信する
TRANSIT_SUN,NATAL_SUN,0,Work,5,Air,0,Separating,独自のアイデアを仕事に活かせる時期です。,評価が高まる日まで,,75,8,新しい企画を提案する
TRANSIT_SUN,NATAL_SUN,0,Money,5,Air,0,Separating,自己投資や趣味に関する支出を管理しましょう。,満足が得られる日まで,,60,7,趣味の道具の費用対効果を確認する
TRANSIT_SUN,NATAL_SUN,0,Love,5,Air,0,Separating,明るい交流が新しい人脈を引き寄せます。,笑顔が続く日まで,,70,8,イベントや交流会に参加する
TRANSIT_SUN,NATAL_SUN,0,Health,5,Air,0,Separating,心から楽しむことが最大の健康法です。,活力が溢れる日まで,,75,9,思い切り遊ぶ時間を確保する
TRANSIT_SUN,NATAL_SUN,0,General,5,Air,1,Applying,発信内容や伝え方を再検討する時期です。,知性が輝く日まで,,80,9,SNS等で自分の考えを発信する
TRANSIT_SUN,NATAL_SUN,0,Work,5,Air,1,Applying,独自のアイデアを仕事に活かせる時期です。,評価が高まる日まで,,75,8,新しい企画を提案する
TRANSIT_SUN,NATAL_SUN,0,Money,5,Air,1,Applying,自己投資や趣味に関する支出を管理しましょう。,満足が得られる日まで,,60,7,趣味の道具の費用対効果を確認する
TRANSIT_SUN,NATAL_SUN,0,Love,5,Air,1,Applying,明るい交流が新しい人脈を引き寄せます。,笑顔が続く日まで,,70,8,イベントや交流会に参加する
TRANSIT_SUN,NATAL_SUN,0,Health,5,Air,1,Applying,心から楽しむことが最大の健康法です。,活力が溢れる日まで,,75,9,思い切り遊ぶ時間を確保する
TRANSIT_SUN,NATAL_SUN,0,General,5,Air,1,Separating,発信内容や伝え方を再検討する時期です。,知性が輝く日まで,,80,9,SNS等で自分の考えを発信する
TRANSIT_SUN,NATAL_SUN,0,Work,5,Air,1,Separating,独自のアイデアを仕事に活かせる時期です。,評価が高まる日まで,,75,8,新しい企画を提案する
TRANSIT_SUN,NATAL_SUN,0,Money,5,Air,1,Separating,自己投資や趣味に関する支出を管理しましょう。,満足が得られる日まで,,60,7,趣味の道具の費用対効果を確認する
TRANSIT_SUN,NATAL_SUN,0,Love,5,Air,1,Separating,明るい交流が新しい人脈を引き寄せます。,笑顔が続く日まで,,70,8,イベントや交流会に参加する
TRANSIT_SUN,NATAL_SUN,0,Health,5,Air,1,Separating,心から楽しむことが最大の健康法です。,活力が溢れる日まで,,75,9,思い切り遊ぶ時間を確保する
TRANSIT_SUN,NATAL_SUN,0,General,5,Water,0,Applying,感性を大切にし、心を満たす時期です。,心が豊かになる日まで,,80,9,アートや音楽に触れ、感性を刺激する
TRANSIT_SUN,NATAL_SUN,0,Work,5,Water,0,Applying,独自のアイデアを仕事に活かせる時期です。,評価が高まる日まで,,75,8,新しい企画を提案する
TRANSIT_SUN,NATAL_SUN,0,Money,5,Water,0,Applying,自己投資や趣味に関する支出を管理しましょう。,満足が得られる日まで,,60,7,趣味の道具の費用対効果を確認する
TRANSIT_SUN,NATAL_SUN,0,Love,5,Water,0,Applying,明るい交流が新しい人脈を引き寄せます。,笑顔が続く日まで,,70,8,イベントや交流会に参加する
TRANSIT_SUN,NATAL_SUN,0,Health,5,Water,0,Applying,心から楽しむことが最大の健康法です。,活力が溢れる日まで,,75,9,思い切り遊ぶ時間を確保する
TRANSIT_SUN,NATAL_SUN,0,General,5,Water,0,Separating,感性を大切にし、心を満たす時期です。,心が豊かになる日まで,,80,9,アートや音楽に触れ、感性を刺激する
TRANSIT_SUN,NATAL_SUN,0,Work,5,Water,0,Separating,独自のアイデアを仕事に活かせる時期です。,評価が高まる日まで,,75,8,新しい企画を提案する
TRANSIT_SUN,NATAL_SUN,0,Money,5,Water,0,Separating,自己投資や趣味に関する支出を管理しましょう。,満足が得られる日まで,,60,7,趣味の道具の費用対効果を確認する
TRANSIT_SUN,NATAL_SUN,0,Love,5,Water,0,Separating,明るい交流が新しい人脈を引き寄せます。,笑顔が続く日まで,,70,8,イベントや交流会に参加する
TRANSIT_SUN,NATAL_SUN,0,Health,5,Water,0,Separating,心から楽しむことが最大の健康法です。,活力が溢れる日まで,,75,9,思い切り遊ぶ時間を確保する
TRANSIT_SUN,NATAL_SUN,0,General,5,Water,1,Applying,趣味への執着や感情を整理する時です。,心が豊かになる日まで,,80,9,アートや音楽に触れ、感性を刺激する
TRANSIT_SUN,NATAL_SUN,0,Work,5,Water,1,Applying,独自のアイデアを仕事に活かせる時期です。,評価が高まる日まで,,75,8,新しい企画を提案する
TRANSIT_SUN,NATAL_SUN,0,Money,5,Water,1,Applying,自己投資や趣味に関する支出を管理しましょう。,満足が得られる日まで,,60,7,趣味の道具の費用対効果を確認する
TRANSIT_SUN,NATAL_SUN,0,Love,5,Water,1,Applying,明るい交流が新しい人脈を引き寄せます。,笑顔が続く日まで,,70,8,イベントや交流会に参加する
TRANSIT_SUN,NATAL_SUN,0,Health,5,Water,1,Applying,心から楽しむことが最大の健康法です。,活力が溢れる日まで,,75,9,思い切り遊ぶ時間を確保する
TRANSIT_SUN,NATAL_SUN,0,General,5,Water,1,Separating,趣味への執着や感情を整理する時です。,心が豊かになる日まで,,80,9,アートや音楽に触れ、感性を刺激する
TRANSIT_SUN,NATAL_SUN,0,Work,5,Water,1,Separating,独自のアイデアを仕事に活かせる時期です。,評価が高まる日まで,,75,8,新しい企画を提案する
TRANSIT_SUN,NATAL_SUN,0,Money,5,Water,1,Separating,自己投資や趣味に関する支出を管理しましょう。,満足が得られる日まで,,60,7,趣味の道具の費用対効果を確認する
TRANSIT_SUN,NATAL_SUN,0,Love,5,Water,1,Separating,明るい交流が新しい人脈を引き寄せます。,笑顔が続く日まで,,70,8,イベントや交流会に参加する
TRANSIT_SUN,NATAL_SUN,0,Health,5,Water,1,Separating,心から楽しむことが最大の健康法です。,活力が溢れる日まで,,75,9,思い切り遊ぶ時間を確保する
TRANSIT_SUN,NATAL_SUN,0,General,6,Fire,0,Applying,仕事の効率を高め、ルーチンを刷新する時期です。,効率が向上する日まで,,85,10,今日のタスクを優先順位順に整理する
TRANSIT_SUN,NATAL_SUN,0,Work,6,Fire,0,Applying,実務能力を高く評価されるチャンスです。,信頼が高まる日まで,,80,9,担当業務を期日より早く仕上げる
TRANSIT_SUN,NATAL_SUN,0,Money,6,Fire,0,Applying,実務コストや健康維持費を見直しましょう。,資産が守られる日まで,,60,7,サプリメント等の支出を精査する
TRANSIT_SUN,NATAL_SUN,0,Love,6,Fire,0,Applying,同僚との誠実な協力関係を築ける時期です。,チームワークが強まる日まで,,65,6,周囲の業務を積極的にサポートする
TRANSIT_SUN,NATAL_SUN,0,Health,6,Fire,0,Applying,規則正しい生活習慣を徹底しましょう。,健やかさが定着する日まで,,80,10,1日の歩数を計測し記録する
TRANSIT_SUN,NATAL_SUN,0,General,6,Fire,0,Separating,仕事の効率を高め、ルーチンを刷新する時期です。,効率が向上する日まで,,85,10,今日のタスクを優先順位順に整理する
TRANSIT_SUN,NATAL_SUN,0,Work,6,Fire,0,Separating,実務能力を高く評価されるチャンスです。,信頼が高まる日まで,,80,9,担当業務を期日より早く仕上げる
TRANSIT_SUN,NATAL_SUN,0,Money,6,Fire,0,Separating,実務コストや健康維持費を見直しましょう。,資産が守られる日まで,,60,7,サプリメント等の支出を精査する
TRANSIT_SUN,NATAL_SUN,0,Love,6,Fire,0,Separating,同僚との誠実な協力関係を築ける時期です。,チームワークが強まる日まで,,65,6,周囲の業務を積極的にサポートする
TRANSIT_SUN,NATAL_SUN,0,Health,6,Fire,0,Separating,規則正しい生活習慣を徹底しましょう。,健やかさが定着する日まで,,80,10,1日の歩数を計測し記録する
TRANSIT_SUN,NATAL_SUN,0,General,6,Fire,1,Applying,習慣や手順を再点検し、無駄を省く時期です。,効率が向上する日まで,,85,10,今日のタスクを優先順位順に整理する
TRANSIT_SUN,NATAL_SUN,0,Work,6,Fire,1,Applying,実務能力を高く評価されるチャンスです。,信頼が高まる日まで,,80,9,担当業務を期日より早く仕上げる
TRANSIT_SUN,NATAL_SUN,0,Money,6,Fire,1,Applying,実務コストや健康維持費を見直しましょう。,資産が守られる日まで,,60,7,サプリメント等の支出を精査する
TRANSIT_SUN,NATAL_SUN,0,Love,6,Fire,1,Applying,同僚との誠実な協力関係を築ける時期です。,チームワークが強まる日まで,,65,6,周囲の業務を積極的にサポートする
TRANSIT_SUN,NATAL_SUN,0,Health,6,Fire,1,Applying,規則正しい生活習慣を徹底しましょう。,健やかさが定着する日まで,,80,10,1日の歩数を計測し記録する
TRANSIT_SUN,NATAL_SUN,0,General,6,Fire,1,Separating,習慣や手順を再点検し、無駄を省く時期です。,効率が向上する日まで,,85,10,今日のタスクを優先順位順に整理する
TRANSIT_SUN,NATAL_SUN,0,Work,6,Fire,1,Separating,実務能力を高く評価されるチャンスです。,信頼が高まる日まで,,80,9,担当業務を期日より早く仕上げる
TRANSIT_SUN,NATAL_SUN,0,Money,6,Fire,1,Separating,実務コストや健康維持費を見直しましょう。,資産が守られる日まで,,60,7,サプリメント等の支出を精査する
TRANSIT_SUN,NATAL_SUN,0,Love,6,Fire,1,Separating,同僚との誠実な協力関係を築ける時期です。,チームワークが強まる日まで,,65,6,周囲の業務を積極的にサポートする
TRANSIT_SUN,NATAL_SUN,0,Health,6,Fire,1,Separating,規則正しい生活習慣を徹底しましょう。,健やかさが定着する日まで,,80,10,1日の歩数を計測し記録する
TRANSIT_SUN,NATAL_SUN,0,General,6,Earth,0,Applying,実務的な正確さを追求し、完璧を期す時期です。,精度が安定する日まで,,85,10,業務のチェックリストを作成する
TRANSIT_SUN,NATAL_SUN,0,Work,6,Earth,0,Applying,実務能力を高く評価されるチャンスです。,信頼が高まる日まで,,80,9,担当業務を期日より早く仕上げる
TRANSIT_SUN,NATAL_SUN,0,Money,6,Earth,0,Applying,実務コストや健康維持費を見直しましょう。,資産が守られる日まで,,60,7,サプリメント等の支出を精査する
TRANSIT_SUN,NATAL_SUN,0,Love,6,Earth,0,Applying,同僚との誠実な協力関係を築ける時期です。,チームワークが強まる日まで,,65,6,周囲の業務を積極的にサポートする
TRANSIT_SUN,NATAL_SUN,0,Health,6,Earth,0,Applying,規則正しい生活習慣を徹底しましょう。,健やかさが定着する日まで,,80,10,1日の歩数を計測し記録する
TRANSIT_SUN,NATAL_SUN,0,General,6,Earth,0,Separating,実務的な正確さを追求し、完璧を期す時期です。,精度が安定する日まで,,85,10,業務のチェックリストを作成する
TRANSIT_SUN,NATAL_SUN,0,Work,6,Earth,0,Separating,実務能力を高く評価されるチャンスです。,信頼が高まる日まで,,80,9,担当業務を期日より早く仕上げる
TRANSIT_SUN,NATAL_SUN,0,Money,6,Earth,0,Separating,実務コストや健康維持費を見直しましょう。,資産が守られる日まで,,60,7,サプリメント等の支出を精査する
TRANSIT_SUN,NATAL_SUN,0,Love,6,Earth,0,Separating,同僚との誠実な協力関係を築ける時期です。,チームワークが強まる日まで,,65,6,周囲の業務を積極的にサポートする
TRANSIT_SUN,NATAL_SUN,0,Health,6,Earth,0,Separating,規則正しい生活習慣を徹底しましょう。,健やかさが定着する日まで,,80,10,1日の歩数を計測し記録する
TRANSIT_SUN,NATAL_SUN,0,General,6,Earth,1,Applying,業務フローの不備を修正する時期です。,精度が安定する日まで,,85,10,業務のチェックリストを作成する
TRANSIT_SUN,NATAL_SUN,0,Work,6,Earth,1,Applying,実務能力を高く評価されるチャンスです。,信頼が高まる日まで,,80,9,担当業務を期日より早く仕上げる
TRANSIT_SUN,NATAL_SUN,0,Money,6,Earth,1,Applying,実務コストや健康維持費を見直しましょう。,資産が守られる日まで,,60,7,サプリメント等の支出を精査する
TRANSIT_SUN,NATAL_SUN,0,Love,6,Earth,1,Applying,同僚との誠実な協力関係を築ける時期です。,チームワークが強まる日まで,,65,6,周囲の業務を積極的にサポートする
TRANSIT_SUN,NATAL_SUN,0,Health,6,Earth,1,Applying,規則正しい生活習慣を徹底しましょう。,健やかさが定着する日まで,,80,10,1日の歩数を計測し記録する
TRANSIT_SUN,NATAL_SUN,0,General,6,Earth,1,Separating,業務フローの不備を修正する時期です。,精度が安定する日まで,,85,10,業務のチェックリストを作成する
TRANSIT_SUN,NATAL_SUN,0,Work,6,Earth,1,Separating,実務能力を高く評価されるチャンスです。,信頼が高まる日まで,,80,9,担当業務を期日より早く仕上げる
TRANSIT_SUN,NATAL_SUN,0,Money,6,Earth,1,Separating,実務コストや健康維持費を見直しましょう。,資産が守られる日まで,,60,7,サプリメント等の支出を精査する
TRANSIT_SUN,NATAL_SUN,0,Love,6,Earth,1,Separating,同僚との誠実な協力関係を築ける時期です。,チームワークが強まる日まで,,65,6,周囲の業務を積極的にサポートする
TRANSIT_SUN,NATAL_SUN,0,Health,6,Earth,1,Separating,規則正しい生活習慣を徹底しましょう。,健やかさが定着する日まで,,80,10,1日の歩数を計測し記録する
TRANSIT_SUN,NATAL_SUN,0,General,6,Air,0,Applying,論理的に情報を整理し、業務を最適化する時です。,思考が整理される日まで,,85,10,業務マニュアルを最新の状態に更新する
TRANSIT_SUN,NATAL_SUN,0,Work,6,Air,0,Applying,実務能力を高く評価されるチャンスです。,信頼が高まる日まで,,80,9,担当業務を期日より早く仕上げる
TRANSIT_SUN,NATAL_SUN,0,Money,6,Air,0,Applying,実務コストや健康維持費を見直しましょう。,資産が守られる日まで,,60,7,サプリメント等の支出を精査する
TRANSIT_SUN,NATAL_SUN,0,Love,6,Air,0,Applying,同僚との誠実な協力関係を築ける時期です。,チームワークが強まる日まで,,65,6,周囲の業務を積極的にサポートする
TRANSIT_SUN,NATAL_SUN,0,Health,6,Air,0,Applying,規則正しい生活習慣を徹底しましょう。,健やかさが定着する日まで,,80,10,1日の歩数を計測し記録する
TRANSIT_SUN,NATAL_SUN,0,General,6,Air,0,Separating,論理的に情報を整理し、業務を最適化する時です。,思考が整理される日まで,,85,10,業務マニュアルを最新の状態に更新する
TRANSIT_SUN,NATAL_SUN,0,Work,6,Air,0,Separating,実務能力を高く評価されるチャンスです。,信頼が高まる日まで,,80,9,担当業務を期日より早く仕上げる
TRANSIT_SUN,NATAL_SUN,0,Money,6,Air,0,Separating,実務コストや健康維持費を見直しましょう。,資産が守られる日まで,,60,7,サプリメント等の支出を精査する
TRANSIT_SUN,NATAL_SUN,0,Love,6,Air,0,Separating,同僚との誠実な協力関係を築ける時期です。,チームワークが強まる日まで,,65,6,周囲の業務を積極的にサポートする
TRANSIT_SUN,NATAL_SUN,0,Health,6,Air,0,Separating,規則正しい生活習慣を徹底しましょう。,健やかさが定着する日まで,,80,10,1日の歩数を計測し記録する
TRANSIT_SUN,NATAL_SUN,0,General,6,Air,1,Applying,連絡方法や共有方法を見直す時期です。,思考が整理される日まで,,85,10,業務マニュアルを最新の状態に更新する
TRANSIT_SUN,NATAL_SUN,0,Work,6,Air,1,Applying,実務能力を高く評価されるチャンスです。,信頼が高まる日まで,,80,9,担当業務を期日より早く仕上げる
TRANSIT_SUN,NATAL_SUN,0,Money,6,Air,1,Applying,実務コストや健康維持費を見直しましょう。,資産が守られる日まで,,60,7,サプリメント等の支出を精査する
TRANSIT_SUN,NATAL_SUN,0,Love,6,Air,1,Applying,同僚との誠実な協力関係を築ける時期です。,チームワークが強まる日まで,,65,6,周囲の業務を積極的にサポートする
TRANSIT_SUN,NATAL_SUN,0,Health,6,Air,1,Applying,規則正しい生活習慣を徹底しましょう。,健やかさが定着する日まで,,80,10,1日の歩数を計測し記録する
TRANSIT_SUN,NATAL_SUN,0,General,6,Air,1,Separating,連絡方法や共有方法を見直す時期です。,思考が整理される日まで,,85,10,業務マニュアルを最新の状態に更新する
TRANSIT_SUN,NATAL_SUN,0,Work,6,Air,1,Separating,実務能力を高く評価されるチャンスです。,信頼が高まる日まで,,80,9,担当業務を期日より早く仕上げる
TRANSIT_SUN,NATAL_SUN,0,Money,6,Air,1,Separating,実務コストや健康維持費を見直しましょう。,資産が守られる日まで,,60,7,サプリメント等の支出を精査する
TRANSIT_SUN,NATAL_SUN,0,Love,6,Air,1,Separating,同僚との誠実な協力関係を築ける時期です。,チームワークが強まる日まで,,65,6,周囲の業務を積極的にサポートする
TRANSIT_SUN,NATAL_SUN,0,Health,6,Air,1,Separating,規則正しい生活習慣を徹底しましょう。,健やかさが定着する日まで,,80,10,1日の歩数を計測し記録する
TRANSIT_SUN,NATAL_SUN,0,General,6,Water,0,Applying,心理的な配慮を実務に活かす時期です。,心身が整う日まで,,85,10,ストレス解消法を1つ実践する
TRANSIT_SUN,NATAL_SUN,0,Work,6,Water,0,Applying,実務能力を高く評価されるチャンスです。,信頼が高まる日まで,,80,9,担当業務を期日より早く仕上げる
TRANSIT_SUN,NATAL_SUN,0,Money,6,Water,0,Applying,実務コストや健康維持費を見直しましょう。,資産が守られる日まで,,60,7,サプリメント等の支出を精査する
TRANSIT_SUN,NATAL_SUN,0,Love,6,Water,0,Applying,同僚との誠実な協力関係を築ける時期です。,チームワークが強まる日まで,,65,6,周囲の業務を積極的にサポートする
TRANSIT_SUN,NATAL_SUN,0,Health,6,Water,0,Applying,規則正しい生活習慣を徹底しましょう。,健やかさが定着する日まで,,80,10,1日の歩数を計測し記録する
TRANSIT_SUN,NATAL_SUN,0,General,6,Water,0,Separating,心理的な配慮を実務に活かす時期です。,心身が整う日まで,,85,10,ストレス解消法を1つ実践する
TRANSIT_SUN,NATAL_SUN,0,Work,6,Water,0,Separating,実務能力を高く評価されるチャンスです。,信頼が高まる日まで,,80,9,担当業務を期日より早く仕上げる
TRANSIT_SUN,NATAL_SUN,0,Money,6,Water,0,Separating,実務コストや健康維持費を見直しましょう。,資産が守られる日まで,,60,7,サプリメント等の支出を精査する
TRANSIT_SUN,NATAL_SUN,0,Love,6,Water,0,Separating,同僚との誠実な協力関係を築ける時期です。,チームワークが強まる日まで,,65,6,周囲の業務を積極的にサポートする
TRANSIT_SUN,NATAL_SUN,0,Health,6,Water,0,Separating,規則正しい生活習慣を徹底しましょう。,健やかさが定着する日まで,,80,10,1日の歩数を計測し記録する
TRANSIT_SUN,NATAL_SUN,0,General,6,Water,1,Applying,仕事への執着やストレスを整理する時です。,心身が整う日まで,,85,10,ストレス解消法を1つ実践する
TRANSIT_SUN,NATAL_SUN,0,Work,6,Water,1,Applying,実務能力を高く評価されるチャンスです。,信頼が高まる日まで,,80,9,担当業務を期日より早く仕上げる
TRANSIT_SUN,NATAL_SUN,0,Money,6,Water,1,Applying,実務コストや健康維持費を見直しましょう。,資産が守られる日まで,,60,7,サプリメント等の支出を精査する
TRANSIT_SUN,NATAL_SUN,0,Love,6,Water,1,Applying,同僚との誠実な協力関係を築ける時期です。,チームワークが強まる日まで,,65,6,周囲の業務を積極的にサポートする
TRANSIT_SUN,NATAL_SUN,0,Health,6,Water,1,Applying,規則正しい生活習慣を徹底しましょう。,健やかさが定着する日まで,,80,10,1日の歩数を計測し記録する
TRANSIT_SUN,NATAL_SUN,0,General,6,Water,1,Separating,仕事への執着やストレスを整理する時です。,心身が整う日まで,,85,10,ストレス解消法を1つ実践する
TRANSIT_SUN,NATAL_SUN,0,Work,6,Water,1,Separating,実務能力を高く評価されるチャンスです。,信頼が高まる日まで,,80,9,担当業務を期日より早く仕上げる
TRANSIT_SUN,NATAL_SUN,0,Money,6,Water,1,Separating,実務コストや健康維持費を見直しましょう。,資産が守られる日まで,,60,7,サプリメント等の支出を精査する
TRANSIT_SUN,NATAL_SUN,0,Love,6,Water,1,Separating,同僚との誠実な協力関係を築ける時期です。,チームワークが強まる日まで,,65,6,周囲の業務を積極的にサポートする
TRANSIT_SUN,NATAL_SUN,0,Health,6,Water,1,Separating,規則正しい生活習慣を徹底しましょう。,健やかさが定着する日まで,,80,10,1日の歩数を計測し記録する
TRANSIT_SUN,NATAL_SUN,0,General,7,Fire,0,Applying,対人関係に積極的になり、新しい絆を築く時期です。,絆が生まれる日まで,,80,9,興味のある相手に自分から連絡する
TRANSIT_SUN,NATAL_SUN,0,Work,7,Fire,0,Applying,強力なパートナーシップが成果を生みます。,合意が得られる日まで,,75,8,交渉相手に納得のいく提案をする
TRANSIT_SUN,NATAL_SUN,0,Money,7,Fire,0,Applying,共同資産や契約に関する支出を管理しましょう。,契約が適正化される日まで,,60,7,共有の資産管理表を更新する
TRANSIT_SUN,NATAL_SUN,0,Love,7,Fire,0,Applying,一対一の関係を深めるのに最適な時期です。,愛が深まる日まで,,80,10,大切な人に日頃の感謝を言葉で伝える
TRANSIT_SUN,NATAL_SUN,0,Health,7,Fire,0,Applying,パートナーと一緒に健康習慣を始めましょう。,共に健やかになる日まで,,70,7,二人で散歩や軽い運動を楽しむ
TRANSIT_SUN,NATAL_SUN,0,General,7,Fire,0,Separating,対人関係に積極的になり、新しい絆を築く時期です。,絆が生まれる日まで,,80,9,興味のある相手に自分から連絡する
TRANSIT_SUN,NATAL_SUN,0,Work,7,Fire,0,Separating,強力なパートナーシップが成果を生みます。,合意が得られる日まで,,75,8,交渉相手に納得のいく提案をする
TRANSIT_SUN,NATAL_SUN,0,Money,7,Fire,0,Separating,共同資産や契約に関する支出を管理しましょう。,契約が適正化される日まで,,60,7,共有の資産管理表を更新する
TRANSIT_SUN,NATAL_SUN,0,Love,7,Fire,0,Separating,一対一の関係を深めるのに最適な時期です。,愛が深まる日まで,,80,10,大切な人に日頃の感謝を言葉で伝える
TRANSIT_SUN,NATAL_SUN,0,Health,7,Fire,0,Separating,パートナーと一緒に健康習慣を始めましょう。,共に健やかになる日まで,,70,7,二人で散歩や軽い運動を楽しむ
TRANSIT_SUN,NATAL_SUN,0,General,7,Fire,1,Applying,他者との関わり方を見直し、誠実に接する時期です。,絆が生まれる日まで,,80,9,興味のある相手に自分から連絡する
TRANSIT_SUN,NATAL_SUN,0,Work,7,Fire,1,Applying,強力なパートナーシップが成果を生みます。,合意が得られる日まで,,75,8,交渉相手に納得のいく提案をする
TRANSIT_SUN,NATAL_SUN,0,Money,7,Fire,1,Applying,共同資産や契約に関する支出を管理しましょう。,契約が適正化される日まで,,60,7,共有の資産管理表を更新する
TRANSIT_SUN,NATAL_SUN,0,Love,7,Fire,1,Applying,一対一の関係を深めるのに最適な時期です。,愛が深まる日まで,,80,10,大切な人に日頃の感謝を言葉で伝える
TRANSIT_SUN,NATAL_SUN,0,Health,7,Fire,1,Applying,パートナーと一緒に健康習慣を始めましょう。,共に健やかになる日まで,,70,7,二人で散歩や軽い運動を楽しむ
TRANSIT_SUN,NATAL_SUN,0,General,7,Fire,1,Separating,他者との関わり方を見直し、誠実に接する時期です。,絆が生まれる日まで,,80,9,興味のある相手に自分から連絡する
TRANSIT_SUN,NATAL_SUN,0,Work,7,Fire,1,Separating,強力なパートナーシップが成果を生みます。,合意が得られる日まで,,75,8,交渉相手に納得のいく提案をする
TRANSIT_SUN,NATAL_SUN,0,Money,7,Fire,1,Separating,共同資産や契約に関する支出を管理しましょう。,契約が適正化される日まで,,60,7,共有の資産管理表を更新する
TRANSIT_SUN,NATAL_SUN,0,Love,7,Fire,1,Separating,一対一の関係を深めるのに最適な時期です。,愛が深まる日まで,,80,10,大切な人に日頃の感謝を言葉で伝える
TRANSIT_SUN,NATAL_SUN,0,Health,7,Fire,1,Separating,パートナーと一緒に健康習慣を始めましょう。,共に健やかになる日まで,,70,7,二人で散歩や軽い運動を楽しむ
TRANSIT_SUN,NATAL_SUN,0,General,7,Earth,0,Applying,信頼に基づいた実務的な協力関係を築く時です。,信頼が固まる日まで,,80,9,パートナーとの役割分担を明確にする
TRANSIT_SUN,NATAL_SUN,0,Work,7,Earth,0,Applying,強力なパートナーシップが成果を生みます。,合意が得られる日まで,,75,8,交渉相手に納得のいく提案をする
TRANSIT_SUN,NATAL_SUN,0,Money,7,Earth,0,Applying,共同資産や契約に関する支出を管理しましょう。,契約が適正化される日まで,,60,7,共有の資産管理表を更新する
TRANSIT_SUN,NATAL_SUN,0,Love,7,Earth,0,Applying,一対一の関係を深めるのに最適な時期です。,愛が深まる日まで,,80,10,大切な人に日頃の感謝を言葉で伝える
TRANSIT_SUN,NATAL_SUN,0,Health,7,Earth,0,Applying,パートナーと一緒に健康習慣を始めましょう。,共に健やかになる日まで,,70,7,二人で散歩や軽い運動を楽しむ
TRANSIT_SUN,NATAL_SUN,0,General,7,Earth,0,Separating,信頼に基づいた実務的な協力関係を築く時です。,信頼が固まる日まで,,80,9,パートナーとの役割分担を明確にする
TRANSIT_SUN,NATAL_SUN,0,Work,7,Earth,0,Separating,強力なパートナーシップが成果を生みます。,合意が得られる日まで,,75,8,交渉相手に納得のいく提案をする
TRANSIT_SUN,NATAL_SUN,0,Money,7,Earth,0,Separating,共同資産や契約に関する支出を管理しましょう。,契約が適正化される日まで,,60,7,共有の資産管理表を更新する
TRANSIT_SUN,NATAL_SUN,0,Love,7,Earth,0,Separating,一対一の関係を深めるのに最適な時期です。,愛が深まる日まで,,80,10,大切な人に日頃の感謝を言葉で伝える
TRANSIT_SUN,NATAL_SUN,0,Health,7,Earth,0,Separating,パートナーと一緒に健康習慣を始めましょう。,共に健やかになる日まで,,70,7,二人で散歩や軽い運動を楽しむ
TRANSIT_SUN,NATAL_SUN,0,General,7,Earth,1,Applying,契約内容や約束事を再点検する時期です。,信頼が固まる日まで,,80,9,パートナーとの役割分担を明確にする
TRANSIT_SUN,NATAL_SUN,0,Work,7,Earth,1,Applying,強力なパートナーシップが成果を生みます。,合意が得られる日まで,,75,8,交渉相手に納得のいく提案をする
TRANSIT_SUN,NATAL_SUN,0,Money,7,Earth,1,Applying,共同資産や契約に関する支出を管理しましょう。,契約が適正化される日まで,,60,7,共有の資産管理表を更新する
TRANSIT_SUN,NATAL_SUN,0,Love,7,Earth,1,Applying,一対一の関係を深めるのに最適な時期です。,愛が深まる日まで,,80,10,大切な人に日頃の感謝を言葉で伝える
TRANSIT_SUN,NATAL_SUN,0,Health,7,Earth,1,Applying,パートナーと一緒に健康習慣を始めましょう。,共に健やかになる日まで,,70,7,二人で散歩や軽い運動を楽しむ
TRANSIT_SUN,NATAL_SUN,0,General,7,Earth,1,Separating,契約内容や約束事を再点検する時期です。,信頼が固まる日まで,,80,9,パートナーとの役割分担を明確にする
TRANSIT_SUN,NATAL_SUN,0,Work,7,Earth,1,Separating,強力なパートナーシップが成果を生みます。,合意が得られる日まで,,75,8,交渉相手に納得のいく提案をする
TRANSIT_SUN,NATAL_SUN,0,Money,7,Earth,1,Separating,共同資産や契約に関する支出を管理しましょう。,契約が適正化される日まで,,60,7,共有の資産管理表を更新する
TRANSIT_SUN,NATAL_SUN,0,Love,7,Earth,1,Separating,一対一の関係を深めるのに最適な時期です。,愛が深まる日まで,,80,10,大切な人に日頃の感謝を言葉で伝える
TRANSIT_SUN,NATAL_SUN,0,Health,7,Earth,1,Separating,パートナーと一緒に健康習慣を始めましょう。,共に健やかになる日まで,,70,7,二人で散歩や軽い運動を楽しむ
TRANSIT_SUN,NATAL_SUN,0,General,7,Air,0,Applying,知的な刺激を交換し、理解を深める時期です。,理解が深まる日まで,,80,9,相手の意見を批判せずに最後まで聞く
TRANSIT_SUN,NATAL_SUN,0,Work,7,Air,0,Applying,強力なパートナーシップが成果を生みます。,合意が得られる日まで,,75,8,交渉相手に納得のいく提案をする
TRANSIT_SUN,NATAL_SUN,0,Money,7,Air,0,Applying,共同資産や契約に関する支出を管理しましょう。,契約が適正化される日まで,,60,7,共有の資産管理表を更新する
TRANSIT_SUN,NATAL_SUN,0,Love,7,Air,0,Applying,一対一の関係を深めるのに最適な時期です。,愛が深まる日まで,,80,10,大切な人に日頃の感謝を言葉で伝える
TRANSIT_SUN,NATAL_SUN,0,Health,7,Air,0,Applying,パートナーと一緒に健康習慣を始めましょう。,共に健やかになる日まで,,70,7,二人で散歩や軽い運動を楽しむ
TRANSIT_SUN,NATAL_SUN,0,General,7,Air,0,Separating,知的な刺激を交換し、理解を深める時期です。,理解が深まる日まで,,80,9,相手の意見を批判せずに最後まで聞く
TRANSIT_SUN,NATAL_SUN,0,Work,7,Air,0,Separating,強力なパートナーシップが成果を生みます。,合意が得られる日まで,,75,8,交渉相手に納得のいく提案をする
TRANSIT_SUN,NATAL_SUN,0,Money,7,Air,0,Separating,共同資産や契約に関する支出を管理しましょう。,契約が適正化される日まで,,60,7,共有の資産管理表を更新する
TRANSIT_SUN,NATAL_SUN,0,Love,7,Air,0,Separating,一対一の関係を深めるのに最適な時期です。,愛が深まる日まで,,80,10,大切な人に日頃の感謝を言葉で伝える
TRANSIT_SUN,NATAL_SUN,0,Health,7,Air,0,Separating,パートナーと一緒に健康習慣を始めましょう。,共に健やかになる日まで,,70,7,二人で散歩や軽い運動を楽しむ
TRANSIT_SUN,NATAL_SUN,0,General,7,Air,1,Applying,対話の誤解を解き、意思疎通を修正する時です。,理解が深まる日まで,,80,9,相手の意見を批判せずに最後まで聞く
TRANSIT_SUN,NATAL_SUN,0,Work,7,Air,1,Applying,強力なパートナーシップが成果を生みます。,合意が得られる日まで,,75,8,交渉相手に納得のいく提案をする
TRANSIT_SUN,NATAL_SUN,0,Money,7,Air,1,Applying,共同資産や契約に関する支出を管理しましょう。,契約が適正化される日まで,,60,7,共有の資産管理表を更新する
TRANSIT_SUN,NATAL_SUN,0,Love,7,Air,1,Applying,一対一の関係を深めるのに最適な時期です。,愛が深まる日まで,,80,10,大切な人に日頃の感謝を言葉で伝える
TRANSIT_SUN,NATAL_SUN,0,Health,7,Air,1,Applying,パートナーと一緒に健康習慣を始めましょう。,共に健やかになる日まで,,70,7,二人で散歩や軽い運動を楽しむ
TRANSIT_SUN,NATAL_SUN,0,General,7,Air,1,Separating,対話の誤解を解き、意思疎通を修正する時です。,理解が深まる日まで,,80,9,相手の意見を批判せずに最後まで聞く
TRANSIT_SUN,NATAL_SUN,0,Work,7,Air,1,Separating,強力なパートナーシップが成果を生みます。,合意が得られる日まで,,75,8,交渉相手に納得のいく提案をする
TRANSIT_SUN,NATAL_SUN,0,Money,7,Air,1,Separating,共同資産や契約に関する支出を管理しましょう。,契約が適正化される日まで,,60,7,共有の資産管理表を更新する
TRANSIT_SUN,NATAL_SUN,0,Love,7,Air,1,Separating,一対一の関係を深めるのに最適な時期です。,愛が深まる日まで,,80,10,大切な人に日頃の感謝を言葉で伝える
TRANSIT_SUN,NATAL_SUN,0,Health,7,Air,1,Separating,パートナーと一緒に健康習慣を始めましょう。,共に健やかになる日まで,,70,7,二人で散歩や軽い運動を楽しむ
TRANSIT_SUN,NATAL_SUN,0,General,7,Water,0,Applying,情緒的な結びつきを大切にし、共感し合う時期です。,心が通じ合う日まで,,80,9,大切な人とゆっくり話し合う時間を設ける
TRANSIT_SUN,NATAL_SUN,0,Work,7,Water,0,Applying,強力なパートナーシップが成果を生みます。,合意が得られる日まで,,75,8,交渉相手に納得のいく提案をする
TRANSIT_SUN,NATAL_SUN,0,Money,7,Water,0,Applying,共同資産や契約に関する支出を管理しましょう。,契約が適正化される日まで,,60,7,共有の資産管理表を更新する
TRANSIT_SUN,NATAL_SUN,0,Love,7,Water,0,Applying,一対一の関係を深めるのに最適な時期です。,愛が深まる日まで,,80,10,大切な人に日頃の感謝を言葉で伝える
TRANSIT_SUN,NATAL_SUN,0,Health,7,Water,0,Applying,パートナーと一緒に健康習慣を始めましょう。,共に健やかになる日まで,,70,7,二人で散歩や軽い運動を楽しむ
TRANSIT_SUN,NATAL_SUN,0,General,7,Water,0,Separating,情緒的な結びつきを大切にし、共感し合う時期です。,心が通じ合う日まで,,80,9,大切な人とゆっくり話し合う時間を設ける
TRANSIT_SUN,NATAL_SUN,0,Work,7,Water,0,Separating,強力なパートナーシップが成果を生みます。,合意が得られる日まで,,75,8,交渉相手に納得のいく提案をする
TRANSIT_SUN,NATAL_SUN,0,Money,7,Water,0,Separating,共同資産や契約に関する支出を管理しましょう。,契約が適正化される日まで,,60,7,共有の資産管理表を更新する
TRANSIT_SUN,NATAL_SUN,0,Love,7,Water,0,Separating,一対一の関係を深めるのに最適な時期です。,愛が深まる日まで,,80,10,大切な人に日頃の感謝を言葉で伝える
TRANSIT_SUN,NATAL_SUN,0,Health,7,Water,0,Separating,パートナーと一緒に健康習慣を始めましょう。,共に健やかになる日まで,,70,7,二人で散歩や軽い運動を楽しむ
TRANSIT_SUN,NATAL_SUN,0,General,7,Water,1,Applying,対人関係の心理的葛藤を整理する時期です。,心が通じ合う日まで,,80,9,大切な人とゆっくり話し合う時間を設ける
TRANSIT_SUN,NATAL_SUN,0,Work,7,Water,1,Applying,強力なパートナーシップが成果を生みます。,合意が得られる日まで,,75,8,交渉相手に納得のいく提案をする
TRANSIT_SUN,NATAL_SUN,0,Money,7,Water,1,Applying,共同資産や契約に関する支出を管理しましょう。,契約が適正化される日まで,,60,7,共有の資産管理表を更新する
TRANSIT_SUN,NATAL_SUN,0,Love,7,Water,1,Applying,一対一の関係を深めるのに最適な時期です。,愛が深まる日まで,,80,10,大切な人に日頃の感謝を言葉で伝える
TRANSIT_SUN,NATAL_SUN,0,Health,7,Water,1,Applying,パートナーと一緒に健康習慣を始めましょう。,共に健やかになる日まで,,70,7,二人で散歩や軽い運動を楽しむ
TRANSIT_SUN,NATAL_SUN,0,General,7,Water,1,Separating,対人関係の心理的葛藤を整理する時期です。,心が通じ合う日まで,,80,9,大切な人とゆっくり話し合う時間を設ける
TRANSIT_SUN,NATAL_SUN,0,Work,7,Water,1,Separating,強力なパートナーシップが成果を生みます。,合意が得られる日まで,,75,8,交渉相手に納得のいく提案をする
TRANSIT_SUN,NATAL_SUN,0,Money,7,Water,1,Separating,共同資産や契約に関する支出を管理しましょう。,契約が適正化される日まで,,60,7,共有の資産管理表を更新する
TRANSIT_SUN,NATAL_SUN,0,Love,7,Water,1,Separating,一対一の関係を深めるのに最適な時期です。,愛が深まる日まで,,80,10,大切な人に日頃の感謝を言葉で伝える
TRANSIT_SUN,NATAL_SUN,0,Health,7,Water,1,Separating,パートナーと一緒に健康習慣を始めましょう。,共に健やかになる日まで,,70,7,二人で散歩や軽い運動を楽しむ
TRANSIT_SUN,NATAL_SUN,0,General,8,Fire,0,Applying,深いレベルでの自己変容を促す時期です。,新しく生まれ変わる日まで,,70,7,自分が本当に手放したい習慣を書き出す
TRANSIT_SUN,NATAL_SUN,0,Work,8,Fire,0,Applying,他者からの支援やリソースを活かせる時です。,支援が得られる日まで,,75,7,他人の専門知識や助けを素直に借りる
TRANSIT_SUN,NATAL_SUN,0,Money,8,Fire,0,Applying,ローンや税金、保険の管理を徹底しましょう。,資産が整理される日まで,,80,8,銀行の引き落としや負債状況を整理する
TRANSIT_SUN,NATAL_SUN,0,Love,8,Fire,0,Applying,究極の信頼関係を築ける特別な時期です。,絆が永遠になる日まで,,85,9,パートナーと深い悩みや秘密を共有する
TRANSIT_SUN,NATAL_SUN,0,Health,8,Fire,0,Applying,体質の根本改善に取り組むのに最適な時です。,再生が始まる日まで,,75,8,断食やデトックス、生活習慣の根本変更を試す
TRANSIT_SUN,NATAL_SUN,0,General,8,Fire,0,Separating,深いレベルでの自己変容を促す時期です。,新しく生まれ変わる日まで,,70,7,自分が本当に手放したい習慣を書き出す
TRANSIT_SUN,NATAL_SUN,0,Work,8,Fire,0,Separating,他者からの支援やリソースを活かせる時です。,支援が得られる日まで,,75,7,他人の専門知識や助けを素直に借りる
TRANSIT_SUN,NATAL_SUN,0,Money,8,Fire,0,Separating,ローンや税金、保険の管理を徹底しましょう。,資産が整理される日まで,,80,8,銀行の引き落としや負債状況を整理する
TRANSIT_SUN,NATAL_SUN,0,Love,8,Fire,0,Separating,究極の信頼関係を築ける特別な時期です。,絆が永遠になる日まで,,85,9,パートナーと深い悩みや秘密を共有する
TRANSIT_SUN,NATAL_SUN,0,Health,8,Fire,0,Separating,体質の根本改善に取り組むのに最適な時です。,再生が始まる日まで,,75,8,断食やデトックス、生活習慣の根本変更を試す
TRANSIT_SUN,NATAL_SUN,0,General,8,Fire,1,Applying,過去の執着を手放し、再生を図る時期です。,新しく生まれ変わる日まで,,70,7,自分が本当に手放したい習慣を書き出す
TRANSIT_SUN,NATAL_SUN,0,Work,8,Fire,1,Applying,他者からの支援やリソースを活かせる時です。,支援が得られる日まで,,75,7,他人の専門知識や助けを素直に借りる
TRANSIT_SUN,NATAL_SUN,0,Money,8,Fire,1,Applying,ローンや税金、保険の管理を徹底しましょう。,資産が整理される日まで,,80,8,銀行の引き落としや負債状況を整理する
TRANSIT_SUN,NATAL_SUN,0,Love,8,Fire,1,Applying,究極の信頼関係を築ける特別な時期です。,絆が永遠になる日まで,,85,9,パートナーと深い悩みや秘密を共有する
TRANSIT_SUN,NATAL_SUN,0,Health,8,Fire,1,Applying,体質の根本改善に取り組むのに最適な時です。,再生が始まる日まで,,75,8,断食やデトックス、生活習慣の根本変更を試す
TRANSIT_SUN,NATAL_SUN,0,General,8,Fire,1,Separating,過去の執着を手放し、再生を図る時期です。,新しく生まれ変わる日まで,,70,7,自分が本当に手放したい習慣を書き出す
TRANSIT_SUN,NATAL_SUN,0,Work,8,Fire,1,Separating,他者からの支援やリソースを活かせる時です。,支援が得られる日まで,,75,7,他人の専門知識や助けを素直に借りる
TRANSIT_SUN,NATAL_SUN,0,Money,8,Fire,1,Separating,ローンや税金、保険の管理を徹底しましょう。,資産が整理される日まで,,80,8,銀行の引き落としや負債状況を整理する
TRANSIT_SUN,NATAL_SUN,0,Love,8,Fire,1,Separating,究極の信頼関係を築ける特別な時期です。,絆が永遠になる日まで,,85,9,パートナーと深い悩みや秘密を共有する
TRANSIT_SUN,NATAL_SUN,0,Health,8,Fire,1,Separating,体質の根本改善に取り組むのに最適な時です。,再生が始まる日まで,,75,8,断食やデトックス、生活習慣の根本変更を試す
TRANSIT_SUN,NATAL_SUN,0,General,8,Earth,0,Applying,遺産や共同資産を具体的に整理する時期です。,基盤が刷新される日まで,,70,7,保険や相続、負債の状況を詳細に把握する
TRANSIT_SUN,NATAL_SUN,0,Work,8,Earth,0,Applying,他者からの支援やリソースを活かせる時です。,支援が得られる日まで,,75,7,他人の専門知識や助けを素直に借りる
TRANSIT_SUN,NATAL_SUN,0,Money,8,Earth,0,Applying,ローンや税金、保険の管理を徹底しましょう。,資産が整理される日まで,,80,8,銀行の引き落としや負債状況を整理する
TRANSIT_SUN,NATAL_SUN,0,Love,8,Earth,0,Applying,究極の信頼関係を築ける特別な時期です。,絆が永遠になる日まで,,85,9,パートナーと深い悩みや秘密を共有する
TRANSIT_SUN,NATAL_SUN,0,Health,8,Earth,0,Applying,体質の根本改善に取り組むのに最適な時です。,再生が始まる日まで,,75,8,断食やデトックス、生活習慣の根本変更を試す
TRANSIT_SUN,NATAL_SUN,0,General,8,Earth,0,Separating,遺産や共同資産を具体的に整理する時期です。,基盤が刷新される日まで,,70,7,保険や相続、負債の状況を詳細に把握する
TRANSIT_SUN,NATAL_SUN,0,Work,8,Earth,0,Separating,他者からの支援やリソースを活かせる時です。,支援が得られる日まで,,75,7,他人の専門知識や助けを素直に借りる
TRANSIT_SUN,NATAL_SUN,0,Money,8,Earth,0,Separating,ローンや税金、保険の管理を徹底しましょう。,資産が整理される日まで,,80,8,銀行の引き落としや負債状況を整理する
TRANSIT_SUN,NATAL_SUN,0,Love,8,Earth,0,Separating,究極の信頼関係を築ける特別な時期です。,絆が永遠になる日まで,,85,9,パートナーと深い悩みや秘密を共有する
TRANSIT_SUN,NATAL_SUN,0,Health,8,Earth,0,Separating,体質の根本改善に取り組むのに最適な時です。,再生が始まる日まで,,75,8,断食やデトックス、生活習慣の根本変更を試す
TRANSIT_SUN,NATAL_SUN,0,General,8,Earth,1,Applying,借入や税金等の義務を再点検する時期です。,基盤が刷新される日まで,,70,7,保険や相続、負債の状況を詳細に把握する
TRANSIT_SUN,NATAL_SUN,0,Work,8,Earth,1,Applying,他者からの支援やリソースを活かせる時です。,支援が得られる日まで,,75,7,他人の専門知識や助けを素直に借りる
TRANSIT_SUN,NATAL_SUN,0,Money,8,Earth,1,Applying,ローンや税金、保険の管理を徹底しましょう。,資産が整理される日まで,,80,8,銀行の引き落としや負債状況を整理する
TRANSIT_SUN,NATAL_SUN,0,Love,8,Earth,1,Applying,究極の信頼関係を築ける特別な時期です。,絆が永遠になる日まで,,85,9,パートナーと深い悩みや秘密を共有する
TRANSIT_SUN,NATAL_SUN,0,Health,8,Earth,1,Applying,体質の根本改善に取り組むのに最適な時です。,再生が始まる日まで,,75,8,断食やデトックス、生活習慣の根本変更を試す
TRANSIT_SUN,NATAL_SUN,0,General,8,Earth,1,Separating,借入や税金等の義務を再点検する時期です。,基盤が刷新される日まで,,70,7,保険や相続、負債の状況を詳細に把握する
TRANSIT_SUN,NATAL_SUN,0,Work,8,Earth,1,Separating,他者からの支援やリソースを活かせる時です。,支援が得られる日まで,,75,7,他人の専門知識や助けを素直に借りる
TRANSIT_SUN,NATAL_SUN,0,Money,8,Earth,1,Separating,ローンや税金、保険の管理を徹底しましょう。,資産が整理される日まで,,80,8,銀行の引き落としや負債状況を整理する
TRANSIT_SUN,NATAL_SUN,0,Love,8,Earth,1,Separating,究極の信頼関係を築ける特別な時期です。,絆が永遠になる日まで,,85,9,パートナーと深い悩みや秘密を共有する
TRANSIT_SUN,NATAL_SUN,0,Health,8,Earth,1,Separating,体質の根本改善に取り組むのに最適な時です。,再生が始まる日まで,,75,8,断食やデトックス、生活習慣の根本変更を試す
TRANSIT_SUN,NATAL_SUN,0,General,8,Air,0,Applying,深層心理や秘密の情報を解明する時期です。,本質が見える日まで,,70,7,心理学や専門的な知識を深く学ぶ
TRANSIT_SUN,NATAL_SUN,0,Work,8,Air,0,Applying,他者からの支援やリソースを活かせる時です。,支援が得られる日まで,,75,7,他人の専門知識や助けを素直に借りる
TRANSIT_SUN,NATAL_SUN,0,Money,8,Air,0,Applying,ローンや税金、保険の管理を徹底しましょう。,資産が整理される日まで,,80,8,銀行の引き落としや負債状況を整理する
TRANSIT_SUN,NATAL_SUN,0,Love,8,Air,0,Applying,究極の信頼関係を築ける特別な時期です。,絆が永遠になる日まで,,85,9,パートナーと深い悩みや秘密を共有する
TRANSIT_SUN,NATAL_SUN,0,Health,8,Air,0,Applying,体質の根本改善に取り組むのに最適な時です。,再生が始まる日まで,,75,8,断食やデトックス、生活習慣の根本変更を試す
TRANSIT_SUN,NATAL_SUN,0,General,8,Air,0,Separating,深層心理や秘密の情報を解明する時期です。,本質が見える日まで,,70,7,心理学や専門的な知識を深く学ぶ
TRANSIT_SUN,NATAL_SUN,0,Work,8,Air,0,Separating,他者からの支援やリソースを活かせる時です。,支援が得られる日まで,,75,7,他人の専門知識や助けを素直に借りる
TRANSIT_SUN,NATAL_SUN,0,Money,8,Air,0,Separating,ローンや税金、保険の管理を徹底しましょう。,資産が整理される日まで,,80,8,銀行の引き落としや負債状況を整理する
TRANSIT_SUN,NATAL_SUN,0,Love,8,Air,0,Separating,究極の信頼関係を築ける特別な時期です。,絆が永遠になる日まで,,85,9,パートナーと深い悩みや秘密を共有する
TRANSIT_SUN,NATAL_SUN,0,Health,8,Air,0,Separating,体質の根本改善に取り組むのに最適な時です。,再生が始まる日まで,,75,8,断食やデトックス、生活習慣の根本変更を試す
TRANSIT_SUN,NATAL_SUN,0,General,8,Air,1,Applying,隠れた問題や誤解を論理的に整理する時です。,本質が見える日まで,,70,7,心理学や専門的な知識を深く学ぶ
TRANSIT_SUN,NATAL_SUN,0,Work,8,Air,1,Applying,他者からの支援やリソースを活かせる時です。,支援が得られる日まで,,75,7,他人の専門知識や助けを素直に借りる
TRANSIT_SUN,NATAL_SUN,0,Money,8,Air,1,Applying,ローンや税金、保険の管理を徹底しましょう。,資産が整理される日まで,,80,8,銀行の引き落としや負債状況を整理する
TRANSIT_SUN,NATAL_SUN,0,Love,8,Air,1,Applying,究極の信頼関係を築ける特別な時期です。,絆が永遠になる日まで,,85,9,パートナーと深い悩みや秘密を共有する
TRANSIT_SUN,NATAL_SUN,0,Health,8,Air,1,Applying,体質の根本改善に取り組むのに最適な時です。,再生が始まる日まで,,75,8,断食やデトックス、生活習慣の根本変更を試す
TRANSIT_SUN,NATAL_SUN,0,General,8,Air,1,Separating,隠れた問題や誤解を論理的に整理する時です。,本質が見える日まで,,70,7,心理学や専門的な知識を深く学ぶ
TRANSIT_SUN,NATAL_SUN,0,Work,8,Air,1,Separating,他者からの支援やリソースを活かせる時です。,支援が得られる日まで,,75,7,他人の専門知識や助けを素直に借りる
TRANSIT_SUN,NATAL_SUN,0,Money,8,Air,1,Separating,ローンや税金、保険の管理を徹底しましょう。,資産が整理される日まで,,80,8,銀行の引き落としや負債状況を整理する
TRANSIT_SUN,NATAL_SUN,0,Love,8,Air,1,Separating,究極の信頼関係を築ける特別な時期です。,絆が永遠になる日まで,,85,9,パートナーと深い悩みや秘密を共有する
TRANSIT_SUN,NATAL_SUN,0,Health,8,Air,1,Separating,体質の根本改善に取り組むのに最適な時です。,再生が始まる日まで,,75,8,断食やデトックス、生活習慣の根本変更を試す
TRANSIT_SUN,NATAL_SUN,0,General,8,Water,0,Applying,深い情緒的絆を再構築する時期です。,魂が浄化される日まで,,70,7,自分の深層心理と向き合い、感情を吐き出す
TRANSIT_SUN,NATAL_SUN,0,Work,8,Water,0,Applying,他者からの支援やリソースを活かせる時です。,支援が得られる日まで,,75,7,他人の専門知識や助けを素直に借りる
TRANSIT_SUN,NATAL_SUN,0,Money,8,Water,0,Applying,ローンや税金、保険の管理を徹底しましょう。,資産が整理される日まで,,80,8,銀行の引き落としや負債状況を整理する
TRANSIT_SUN,NATAL_SUN,0,Love,8,Water,0,Applying,究極の信頼関係を築ける特別な時期です。,絆が永遠になる日まで,,85,9,パートナーと深い悩みや秘密を共有する
TRANSIT_SUN,NATAL_SUN,0,Health,8,Water,0,Applying,体質の根本改善に取り組むのに最適な時です。,再生が始まる日まで,,75,8,断食やデトックス、生活習慣の根本変更を試す
TRANSIT_SUN,NATAL_SUN,0,General,8,Water,0,Separating,深い情緒的絆を再構築する時期です。,魂が浄化される日まで,,70,7,自分の深層心理と向き合い、感情を吐き出す
TRANSIT_SUN,NATAL_SUN,0,Work,8,Water,0,Separating,他者からの支援やリソースを活かせる時です。,支援が得られる日まで,,75,7,他人の専門知識や助けを素直に借りる
TRANSIT_SUN,NATAL_SUN,0,Money,8,Water,0,Separating,ローンや税金、保険の管理を徹底しましょう。,資産が整理される日まで,,80,8,銀行の引き落としや負債状況を整理する
TRANSIT_SUN,NATAL_SUN,0,Love,8,Water,0,Separating,究極の信頼関係を築ける特別な時期です。,絆が永遠になる日まで,,85,9,パートナーと深い悩みや秘密を共有する
TRANSIT_SUN,NATAL_SUN,0,Health,8,Water,0,Separating,体質の根本改善に取り組むのに最適な時です。,再生が始まる日まで,,75,8,断食やデトックス、生活習慣の根本変更を試す
TRANSIT_SUN,NATAL_SUN,0,General,8,Water,1,Applying,心理的な恐怖やトラウマを癒やす時期です。,魂が浄化される日まで,,70,7,自分の深層心理と向き合い、感情を吐き出す
TRANSIT_SUN,NATAL_SUN,0,Work,8,Water,1,Applying,他者からの支援やリソースを活かせる時です。,支援が得られる日まで,,75,7,他人の専門知識や助けを素直に借りる
TRANSIT_SUN,NATAL_SUN,0,Money,8,Water,1,Applying,ローンや税金、保険の管理を徹底しましょう。,資産が整理される日まで,,80,8,銀行の引き落としや負債状況を整理する
TRANSIT_SUN,NATAL_SUN,0,Love,8,Water,1,Applying,究極の信頼関係を築ける特別な時期です。,絆が永遠になる日まで,,85,9,パートナーと深い悩みや秘密を共有する
TRANSIT_SUN,NATAL_SUN,0,Health,8,Water,1,Applying,体質の根本改善に取り組むのに最適な時です。,再生が始まる日まで,,75,8,断食やデトックス、生活習慣の根本変更を試す
TRANSIT_SUN,NATAL_SUN,0,General,8,Water,1,Separating,心理的な恐怖やトラウマを癒やす時期です。,魂が浄化される日まで,,70,7,自分の深層心理と向き合い、感情を吐き出す
TRANSIT_SUN,NATAL_SUN,0,Work,8,Water,1,Separating,他者からの支援やリソースを活かせる時です。,支援が得られる日まで,,75,7,他人の専門知識や助けを素直に借りる
TRANSIT_SUN,NATAL_SUN,0,Money,8,Water,1,Separating,ローンや税金、保険の管理を徹底しましょう。,資産が整理される日まで,,80,8,銀行の引き落としや負債状況を整理する
TRANSIT_SUN,NATAL_SUN,0,Love,8,Water,1,Separating,究極の信頼関係を築ける特別な時期です。,絆が永遠になる日まで,,85,9,パートナーと深い悩みや秘密を共有する
TRANSIT_SUN,NATAL_SUN,0,Health,8,Water,1,Separating,体質の根本改善に取り組むのに最適な時です。,再生が始まる日まで,,75,8,断食やデトックス、生活習慣の根本変更を試す
TRANSIT_SUN,NATAL_SUN,0,General,9,Fire,0,Applying,高い理想を掲げ、未知の世界へ挑戦する時期です。,視野が広がる日まで,,80,9,遠くの場所へ出かけるか、新しい分野の勉強を始める
TRANSIT_SUN,NATAL_SUN,0,Work,9,Fire,0,Applying,専門性を高めることがキャリアアップに繋がります。,専門性が武器になる日まで,,75,8,業務に関連する資格や高度な技術をリサーチする
TRANSIT_SUN,NATAL_SUN,0,Money,9,Fire,0,Applying,長期的な視点に基づいた投資や支出を検討しましょう。,資産の未来が見える日まで,,65,7,将来のための長期的な貯蓄計画を再シミュレーションする
TRANSIT_SUN,NATAL_SUN,0,Love,9,Fire,0,Applying,価値観を共有できる人との交流が絆を深めます。,理解し合える日々まで,,70,7,尊敬できる人物と対話し、新しい価値観を取り入れる
TRANSIT_SUN,NATAL_SUN,0,Health,9,Fire,0,Applying,精神的な充実が身体の活力を支える時期です。,活力がみなぎる日まで,,75,8,心を落ち着かせる音楽や香りを楽しみ、リラックスする
TRANSIT_SUN,NATAL_SUN,0,General,9,Fire,0,Separating,高い理想を掲げ、未知の世界へ挑戦する時期です。,視野が広がる日まで,,80,9,遠くの場所へ出かけるか、新しい分野の勉強を始める
TRANSIT_SUN,NATAL_SUN,0,Work,9,Fire,0,Separating,専門性を高めることがキャリアアップに繋がります。,専門性が武器になる日まで,,75,8,業務に関連する資格や高度な技術をリサーチする
TRANSIT_SUN,NATAL_SUN,0,Money,9,Fire,0,Separating,長期的な視点に基づいた投資や支出を検討しましょう。,資産の未来が見える日まで,,65,7,将来のための長期的な貯蓄計画を再シミュレーションする
TRANSIT_SUN,NATAL_SUN,0,Love,9,Fire,0,Separating,価値観を共有できる人との交流が絆を深めます。,理解し合える日々まで,,70,7,尊敬できる人物と対話し、新しい価値観を取り入れる
TRANSIT_SUN,NATAL_SUN,0,Health,9,Fire,0,Separating,精神的な充実が身体の活力を支える時期です。,活力がみなぎる日まで,,75,8,心を落ち着かせる音楽や香りを楽しみ、リラックスする
TRANSIT_SUN,NATAL_SUN,0,General,9,Fire,1,Applying,自分の信念や価値観を再定義し、修正する時です。,視野が広がる日まで,,80,9,遠くの場所へ出かけるか、新しい分野の勉強を始める
TRANSIT_SUN,NATAL_SUN,0,Work,9,Fire,1,Applying,専門性を高めることがキャリアアップに繋がります。,専門性が武器になる日まで,,75,8,業務に関連する資格や高度な技術をリサーチする
TRANSIT_SUN,NATAL_SUN,0,Money,9,Fire,1,Applying,長期的な視点に基づいた投資や支出を検討しましょう。,資産の未来が見える日まで,,65,7,将来のための長期的な貯蓄計画を再シミュレーションする
TRANSIT_SUN,NATAL_SUN,0,Love,9,Fire,1,Applying,価値観を共有できる人との交流が絆を深めます。,理解し合える日々まで,,70,7,尊敬できる人物と対話し、新しい価値観を取り入れる
TRANSIT_SUN,NATAL_SUN,0,Health,9,Fire,1,Applying,精神的な充実が身体の活力を支える時期です。,活力がみなぎる日まで,,75,8,心を落ち着かせる音楽や香りを楽しみ、リラックスする
TRANSIT_SUN,NATAL_SUN,0,General,9,Fire,1,Separating,自分の信念や価値観を再定義し、修正する時です。,視野が広がる日まで,,80,9,遠くの場所へ出かけるか、新しい分野の勉強を始める
TRANSIT_SUN,NATAL_SUN,0,Work,9,Fire,1,Separating,専門性を高めることがキャリアアップに繋がります。,専門性が武器になる日まで,,75,8,業務に関連する資格や高度な技術をリサーチする
TRANSIT_SUN,NATAL_SUN,0,Money,9,Fire,1,Separating,長期的な視点に基づいた投資や支出を検討しましょう。,資産の未来が見える日まで,,65,7,将来のための長期的な貯蓄計画を再シミュレーションする
TRANSIT_SUN,NATAL_SUN,0,Love,9,Fire,1,Separating,価値観を共有できる人との交流が絆を深めます。,理解し合える日々まで,,70,7,尊敬できる人物と対話し、新しい価値観を取り入れる
TRANSIT_SUN,NATAL_SUN,0,Health,9,Fire,1,Separating,精神的な充実が身体の活力を支える時期です。,活力がみなぎる日まで,,75,8,心を落ち着かせる音楽や香りを楽しみ、リラックスする
TRANSIT_SUN,NATAL_SUN,0,General,9,Earth,0,Applying,専門的な知識を体系化し、実用的に活かす時期です。,知性が形になる日まで,,80,9,専門書の重要箇所を抜き出し、自分なりの要約を作る
TRANSIT_SUN,NATAL_SUN,0,Work,9,Earth,0,Applying,専門性を高めることがキャリアアップに繋がります。,専門性が武器になる日まで,,75,8,業務に関連する資格や高度な技術をリサーチする
TRANSIT_SUN,NATAL_SUN,0,Money,9,Earth,0,Applying,長期的な視点に基づいた投資や支出を検討しましょう。,資産の未来が見える日まで,,65,7,将来のための長期的な貯蓄計画を再シミュレーションする
TRANSIT_SUN,NATAL_SUN,0,Love,9,Earth,0,Applying,価値観を共有できる人との交流が絆を深めます。,理解し合える日々まで,,70,7,尊敬できる人物と対話し、新しい価値観を取り入れる
TRANSIT_SUN,NATAL_SUN,0,Health,9,Earth,0,Applying,精神的な充実が身体の活力を支える時期です。,活力がみなぎる日まで,,75,8,心を落ち着かせる音楽や香りを楽しみ、リラックスする
TRANSIT_SUN,NATAL_SUN,0,General,9,Earth,0,Separating,専門的な知識を体系化し、実用的に活かす時期です。,知性が形になる日まで,,80,9,専門書の重要箇所を抜き出し、自分なりの要約を作る
TRANSIT_SUN,NATAL_SUN,0,Work,9,Earth,0,Separating,専門性を高めることがキャリアアップに繋がります。,専門性が武器になる日まで,,75,8,業務に関連する資格や高度な技術をリサーチする
TRANSIT_SUN,NATAL_SUN,0,Money,9,Earth,0,Separating,長期的な視点に基づいた投資や支出を検討しましょう。,資産の未来が見える日まで,,65,7,将来のための長期的な貯蓄計画を再シミュレーションする
TRANSIT_SUN,NATAL_SUN,0,Love,9,Earth,0,Separating,価値観を共有できる人との交流が絆を深めます。,理解し合える日々まで,,70,7,尊敬できる人物と対話し、新しい価値観を取り入れる
TRANSIT_SUN,NATAL_SUN,0,Health,9,Earth,0,Separating,精神的な充実が身体の活力を支える時期です。,活力がみなぎる日まで,,75,8,心を落ち着かせる音楽や香りを楽しみ、リラックスする
TRANSIT_SUN,NATAL_SUN,0,General,9,Earth,1,Applying,学んできた理論を現在の状況に合わせて点検する時です。,知性が形になる日まで,,80,9,専門書の重要箇所を抜き出し、自分なりの要約を作る
TRANSIT_SUN,NATAL_SUN,0,Work,9,Earth,1,Applying,専門性を高めることがキャリアアップに繋がります。,専門性が武器になる日まで,,75,8,業務に関連する資格や高度な技術をリサーチする
TRANSIT_SUN,NATAL_SUN,0,Money,9,Earth,1,Applying,長期的な視点に基づいた投資や支出を検討しましょう。,資産の未来が見える日まで,,65,7,将来のための長期的な貯蓄計画を再シミュレーションする
TRANSIT_SUN,NATAL_SUN,0,Love,9,Earth,1,Applying,価値観を共有できる人との交流が絆を深めます。,理解し合える日々まで,,70,7,尊敬できる人物と対話し、新しい価値観を取り入れる
TRANSIT_SUN,NATAL_SUN,0,Health,9,Earth,1,Applying,精神的な充実が身体の活力を支える時期です。,活力がみなぎる日まで,,75,8,心を落ち着かせる音楽や香りを楽しみ、リラックスする
TRANSIT_SUN,NATAL_SUN,0,General,9,Earth,1,Separating,学んできた理論を現在の状況に合わせて点検する時です。,知性が形になる日まで,,80,9,専門書の重要箇所を抜き出し、自分なりの要約を作る
TRANSIT_SUN,NATAL_SUN,0,Work,9,Earth,1,Separating,専門性を高めることがキャリアアップに繋がります。,専門性が武器になる日まで,,75,8,業務に関連する資格や高度な技術をリサーチする
TRANSIT_SUN,NATAL_SUN,0,Money,9,Earth,1,Separating,長期的な視点に基づいた投資や支出を検討しましょう。,資産の未来が見える日まで,,65,7,将来のための長期的な貯蓄計画を再シミュレーションする
TRANSIT_SUN,NATAL_SUN,0,Love,9,Earth,1,Separating,価値観を共有できる人との交流が絆を深めます。,理解し合える日々まで,,70,7,尊敬できる人物と対話し、新しい価値観を取り入れる
TRANSIT_SUN,NATAL_SUN,0,Health,9,Earth,1,Separating,精神的な充実が身体の活力を支える時期です。,活力がみなぎる日まで,,75,8,心を落ち着かせる音楽や香りを楽しみ、リラックスする
TRANSIT_SUN,NATAL_SUN,0,General,9,Air,0,Applying,広い視点から情報を収集し、論理的に分析する時です。,理解が深化する日まで,,80,9,外国語や異文化のニュースを1つ詳しく調べる
TRANSIT_SUN,NATAL_SUN,0,Work,9,Air,0,Applying,専門性を高めることがキャリアアップに繋がります。,専門性が武器になる日まで,,75,8,業務に関連する資格や高度な技術をリサーチする
TRANSIT_SUN,NATAL_SUN,0,Money,9,Air,0,Applying,長期的な視点に基づいた投資や支出を検討しましょう。,資産の未来が見える日まで,,65,7,将来のための長期的な貯蓄計画を再シミュレーションする
TRANSIT_SUN,NATAL_SUN,0,Love,9,Air,0,Applying,価値観を共有できる人との交流が絆を深めます。,理解し合える日々まで,,70,7,尊敬できる人物と対話し、新しい価値観を取り入れる
TRANSIT_SUN,NATAL_SUN,0,Health,9,Air,0,Applying,精神的な充実が身体の活力を支える時期です。,活力がみなぎる日まで,,75,8,心を落ち着かせる音楽や香りを楽しみ、リラックスする
TRANSIT_SUN,NATAL_SUN,0,General,9,Air,0,Separating,広い視点から情報を収集し、論理的に分析する時です。,理解が深化する日まで,,80,9,外国語や異文化のニュースを1つ詳しく調べる
TRANSIT_SUN,NATAL_SUN,0,Work,9,Air,0,Separating,専門性を高めることがキャリアアップに繋がります。,専門性が武器になる日まで,,75,8,業務に関連する資格や高度な技術をリサーチする
TRANSIT_SUN,NATAL_SUN,0,Money,9,Air,0,Separating,長期的な視点に基づいた投資や支出を検討しましょう。,資産の未来が見える日まで,,65,7,将来のための長期的な貯蓄計画を再シミュレーションする
TRANSIT_SUN,NATAL_SUN,0,Love,9,Air,0,Separating,価値観を共有できる人との交流が絆を深めます。,理解し合える日々まで,,70,7,尊敬できる人物と対話し、新しい価値観を取り入れる
TRANSIT_SUN,NATAL_SUN,0,Health,9,Air,0,Separating,精神的な充実が身体の活力を支える時期です。,活力がみなぎる日まで,,75,8,心を落ち着かせる音楽や香りを楽しみ、リラックスする
TRANSIT_SUN,NATAL_SUN,0,General,9,Air,1,Applying,伝達内容や教育方針に誤解がないか点検する時期です。,理解が深化する日まで,,80,9,外国語や異文化のニュースを1つ詳しく調べる
TRANSIT_SUN,NATAL_SUN,0,Work,9,Air,1,Applying,専門性を高めることがキャリアアップに繋がります。,専門性が武器になる日まで,,75,8,業務に関連する資格や高度な技術をリサーチする
TRANSIT_SUN,NATAL_SUN,0,Money,9,Air,1,Applying,長期的な視点に基づいた投資や支出を検討しましょう。,資産の未来が見える日まで,,65,7,将来のための長期的な貯蓄計画を再シミュレーションする
TRANSIT_SUN,NATAL_SUN,0,Love,9,Air,1,Applying,価値観を共有できる人との交流が絆を深めます。,理解し合える日々まで,,70,7,尊敬できる人物と対話し、新しい価値観を取り入れる
TRANSIT_SUN,NATAL_SUN,0,Health,9,Air,1,Applying,精神的な充実が身体の活力を支える時期です。,活力がみなぎる日まで,,75,8,心を落ち着かせる音楽や香りを楽しみ、リラックスする
TRANSIT_SUN,NATAL_SUN,0,General,9,Air,1,Separating,伝達内容や教育方針に誤解がないか点検する時期です。,理解が深化する日まで,,80,9,外国語や異文化のニュースを1つ詳しく調べる
TRANSIT_SUN,NATAL_SUN,0,Work,9,Air,1,Separating,専門性を高めることがキャリアアップに繋がります。,専門性が武器になる日まで,,75,8,業務に関連する資格や高度な技術をリサーチする
TRANSIT_SUN,NATAL_SUN,0,Money,9,Air,1,Separating,長期的な視点に基づいた投資や支出を検討しましょう。,資産の未来が見える日まで,,65,7,将来のための長期的な貯蓄計画を再シミュレーションする
TRANSIT_SUN,NATAL_SUN,0,Love,9,Air,1,Separating,価値観を共有できる人との交流が絆を深めます。,理解し合える日々まで,,70,7,尊敬できる人物と対話し、新しい価値観を取り入れる
TRANSIT_SUN,NATAL_SUN,0,Health,9,Air,1,Separating,精神的な充実が身体の活力を支える時期です。,活力がみなぎる日まで,,75,8,心を落ち着かせる音楽や香りを楽しみ、リラックスする
TRANSIT_SUN,NATAL_SUN,0,General,9,Water,0,Applying,精神的な成長を求め、心の奥深くを旅する時期です。,魂が満たされる日まで,,80,9,自分の人生哲学について、静かに考えを巡らせる
TRANSIT_SUN,NATAL_SUN,0,Work,9,Water,0,Applying,専門性を高めることがキャリアアップに繋がります。,専門性が武器になる日まで,,75,8,業務に関連する資格や高度な技術をリサーチする
TRANSIT_SUN,NATAL_SUN,0,Money,9,Water,0,Applying,長期的な視点に基づいた投資や支出を検討しましょう。,資産の未来が見える日まで,,65,7,将来のための長期的な貯蓄計画を再シミュレーションする
TRANSIT_SUN,NATAL_SUN,0,Love,9,Water,0,Applying,価値観を共有できる人との交流が絆を深めます。,理解し合える日々まで,,70,7,尊敬できる人物と対話し、新しい価値観を取り入れる
TRANSIT_SUN,NATAL_SUN,0,Health,9,Water,0,Applying,精神的な充実が身体の活力を支える時期です。,活力がみなぎる日まで,,75,8,心を落ち着かせる音楽や香りを楽しみ、リラックスする
TRANSIT_SUN,NATAL_SUN,0,General,9,Water,0,Separating,精神的な成長を求め、心の奥深くを旅する時期です。,魂が満たされる日まで,,80,9,自分の人生哲学について、静かに考えを巡らせる
TRANSIT_SUN,NATAL_SUN,0,Work,9,Water,0,Separating,専門性を高めることがキャリアアップに繋がります。,専門性が武器になる日まで,,75,8,業務に関連する資格や高度な技術をリサーチする
TRANSIT_SUN,NATAL_SUN,0,Money,9,Water,0,Separating,長期的な視点に基づいた投資や支出を検討しましょう。,資産の未来が見える日まで,,65,7,将来のための長期的な貯蓄計画を再シミュレーションする
TRANSIT_SUN,NATAL_SUN,0,Love,9,Water,0,Separating,価値観を共有できる人との交流が絆を深めます。,理解し合える日々まで,,70,7,尊敬できる人物と対話し、新しい価値観を取り入れる
TRANSIT_SUN,NATAL_SUN,0,Health,9,Water,0,Separating,精神的な充実が身体の活力を支える時期です。,活力がみなぎる日まで,,75,8,心を落ち着かせる音楽や香りを楽しみ、リラックスする
TRANSIT_SUN,NATAL_SUN,0,General,9,Water,1,Applying,過去の信念に対する感情的なわだかまりを整理する時です。,魂が満たされる日まで,,80,9,自分の人生哲学について、静かに考えを巡らせる
TRANSIT_SUN,NATAL_SUN,0,Work,9,Water,1,Applying,専門性を高めることがキャリアアップに繋がります。,専門性が武器になる日まで,,75,8,業務に関連する資格や高度な技術をリサーチする
TRANSIT_SUN,NATAL_SUN,0,Money,9,Water,1,Applying,長期的な視点に基づいた投資や支出を検討しましょう。,資産の未来が見える日まで,,65,7,将来のための長期的な貯蓄計画を再シミュレーションする
TRANSIT_SUN,NATAL_SUN,0,Love,9,Water,1,Applying,価値観を共有できる人との交流が絆を深めます。,理解し合える日々まで,,70,7,尊敬できる人物と対話し、新しい価値観を取り入れる
TRANSIT_SUN,NATAL_SUN,0,Health,9,Water,1,Applying,精神的な充実が身体の活力を支える時期です。,活力がみなぎる日まで,,75,8,心を落ち着かせる音楽や香りを楽しみ、リラックスする
TRANSIT_SUN,NATAL_SUN,0,General,9,Water,1,Separating,過去の信念に対する感情的なわだかまりを整理する時です。,魂が満たされる日まで,,80,9,自分の人生哲学について、静かに考えを巡らせる
TRANSIT_SUN,NATAL_SUN,0,Work,9,Water,1,Separating,専門性を高めることがキャリアアップに繋がります。,専門性が武器になる日まで,,75,8,業務に関連する資格や高度な技術をリサーチする
TRANSIT_SUN,NATAL_SUN,0,Money,9,Water,1,Separating,長期的な視点に基づいた投資や支出を検討しましょう。,資産の未来が見える日まで,,65,7,将来のための長期的な貯蓄計画を再シミュレーションする
TRANSIT_SUN,NATAL_SUN,0,Love,9,Water,1,Separating,価値観を共有できる人との交流が絆を深めます。,理解し合える日々まで,,70,7,尊敬できる人物と対話し、新しい価値観を取り入れる
TRANSIT_SUN,NATAL_SUN,0,Health,9,Water,1,Separating,精神的な充実が身体の活力を支える時期です。,活力がみなぎる日まで,,75,8,心を落ち着かせる音楽や香りを楽しみ、リラックスする
TRANSIT_SUN,NATAL_SUN,0,General,10,Fire,0,Applying,社会的な目標を達成するために情熱を注ぐ時期です。,頂点が見える日まで,,90,10,自分のキャリアパスを1年後、3年後まで描く
TRANSIT_SUN,NATAL_SUN,0,Work,10,Fire,0,Applying,重要なポストやプロジェクトを任されるチャンスです。,実力が評価される日まで,,85,10,上司や責任者との面談を設定し、自分の意思を伝える
TRANSIT_SUN,NATAL_SUN,0,Money,10,Fire,0,Applying,社会的な活動に伴う収益や支出を管理しましょう。,収益が安定する日まで,,75,8,年間の収支目標を立て、現在の立ち位置を確認する
TRANSIT_SUN,NATAL_SUN,0,Love,10,Fire,0,Applying,公私ともに信頼される人物として注目されます。,注目の的になる日まで,,70,7,周囲からの期待に誠実に応え、信頼を確かなものにする
TRANSIT_SUN,NATAL_SUN,0,Health,10,Fire,0,Applying,責任感による過労に注意し、持続可能なペースを。,活力が続く日まで,,75,9,オンとオフの切り替えを明確にし、休息を予定に入れる
TRANSIT_SUN,NATAL_SUN,0,General,10,Fire,0,Separating,社会的な目標を達成するために情熱を注ぐ時期です。,頂点が見える日まで,,90,10,自分のキャリアパスを1年後、3年後まで描く
TRANSIT_SUN,NATAL_SUN,0,Work,10,Fire,0,Separating,重要なポストやプロジェクトを任されるチャンスです。,実力が評価される日まで,,85,10,上司や責任者との面談を設定し、自分の意思を伝える
TRANSIT_SUN,NATAL_SUN,0,Money,10,Fire,0,Separating,社会的な活動に伴う収益や支出を管理しましょう。,収益が安定する日まで,,75,8,年間の収支目標を立て、現在の立ち位置を確認する
TRANSIT_SUN,NATAL_SUN,0,Love,10,Fire,0,Separating,公私ともに信頼される人物として注目されます。,注目の的になる日まで,,70,7,周囲からの期待に誠実に応え、信頼を確かなものにする
TRANSIT_SUN,NATAL_SUN,0,Health,10,Fire,0,Separating,責任感による過労に注意し、持続可能なペースを。,活力が続く日まで,,75,9,オンとオフの切り替えを明確にし、休息を予定に入れる
TRANSIT_SUN,NATAL_SUN,0,General,10,Fire,1,Applying,キャリアの方向性を再検討し、軌道修正する時です。,頂点が見える日まで,,90,10,自分のキャリアパスを1年後、3年後まで描く
TRANSIT_SUN,NATAL_SUN,0,Work,10,Fire,1,Applying,重要なポストやプロジェクトを任されるチャンスです。,実力が評価される日まで,,85,10,上司や責任者との面談を設定し、自分の意思を伝える
TRANSIT_SUN,NATAL_SUN,0,Money,10,Fire,1,Applying,社会的な活動に伴う収益や支出を管理しましょう。,収益が安定する日まで,,75,8,年間の収支目標を立て、現在の立ち位置を確認する
TRANSIT_SUN,NATAL_SUN,0,Love,10,Fire,1,Applying,公私ともに信頼される人物として注目されます。,注目の的になる日まで,,70,7,周囲からの期待に誠実に応え、信頼を確かなものにする
TRANSIT_SUN,NATAL_SUN,0,Health,10,Fire,1,Applying,責任感による過労に注意し、持続可能なペースを。,活力が続く日まで,,75,9,オンとオフの切り替えを明確にし、休息を予定に入れる
TRANSIT_SUN,NATAL_SUN,0,General,10,Fire,1,Separating,キャリアの方向性を再検討し、軌道修正する時です。,頂点が見える日まで,,90,10,自分のキャリアパスを1年後、3年後まで描く
TRANSIT_SUN,NATAL_SUN,0,Work,10,Fire,1,Separating,重要なポストやプロジェクトを任されるチャンスです。,実力が評価される日まで,,85,10,上司や責任者との面談を設定し、自分の意思を伝える
TRANSIT_SUN,NATAL_SUN,0,Money,10,Fire,1,Separating,社会的な活動に伴う収益や支出を管理しましょう。,収益が安定する日まで,,75,8,年間の収支目標を立て、現在の立ち位置を確認する
TRANSIT_SUN,NATAL_SUN,0,Love,10,Fire,1,Separating,公私ともに信頼される人物として注目されます。,注目の的になる日まで,,70,7,周囲からの期待に誠実に応え、信頼を確かなものにする
TRANSIT_SUN,NATAL_SUN,0,Health,10,Fire,1,Separating,責任感による過労に注意し、持続可能なペースを。,活力が続く日まで,,75,9,オンとオフの切り替えを明確にし、休息を予定に入れる
TRANSIT_SUN,NATAL_SUN,0,General,10,Earth,0,Applying,着実に実績を積み上げ、地位を確立する時期です。,信頼が揺るぎなくなる日まで,,90,10,現在のプロジェクトの進捗を具体的な数値で整理する
TRANSIT_SUN,NATAL_SUN,0,Work,10,Earth,0,Applying,重要なポストやプロジェクトを任されるチャンスです。,実力が評価される日まで,,85,10,上司や責任者との面談を設定し、自分の意思を伝える
TRANSIT_SUN,NATAL_SUN,0,Money,10,Earth,0,Applying,社会的な活動に伴う収益や支出を管理しましょう。,収益が安定する日まで,,75,8,年間の収支目標を立て、現在の立ち位置を確認する
TRANSIT_SUN,NATAL_SUN,0,Love,10,Earth,0,Applying,公私ともに信頼される人物として注目されます。,注目の的になる日まで,,70,7,周囲からの期待に誠実に応え、信頼を確かなものにする
TRANSIT_SUN,NATAL_SUN,0,Health,10,Earth,0,Applying,責任感による過労に注意し、持続可能なペースを。,活力が続く日まで,,75,9,オンとオフの切り替えを明確にし、休息を予定に入れる
TRANSIT_SUN,NATAL_SUN,0,General,10,Earth,0,Separating,着実に実績を積み上げ、地位を確立する時期です。,信頼が揺るぎなくなる日まで,,90,10,現在のプロジェクトの進捗を具体的な数値で整理する
TRANSIT_SUN,NATAL_SUN,0,Work,10,Earth,0,Separating,重要なポストやプロジェクトを任されるチャンスです。,実力が評価される日まで,,85,10,上司や責任者との面談を設定し、自分の意思を伝える
TRANSIT_SUN,NATAL_SUN,0,Money,10,Earth,0,Separating,社会的な活動に伴う収益や支出を管理しましょう。,収益が安定する日まで,,75,8,年間の収支目標を立て、現在の立ち位置を確認する
TRANSIT_SUN,NATAL_SUN,0,Love,10,Earth,0,Separating,公私ともに信頼される人物として注目されます。,注目の的になる日まで,,70,7,周囲からの期待に誠実に応え、信頼を確かなものにする
TRANSIT_SUN,NATAL_SUN,0,Health,10,Earth,0,Separating,責任感による過労に注意し、持続可能なペースを。,活力が続く日まで,,75,9,オンとオフの切り替えを明確にし、休息を予定に入れる
TRANSIT_SUN,NATAL_SUN,0,General,10,Earth,1,Applying,仕事の実績や評価体制を客観的に点検する時期です。,信頼が揺るぎなくなる日まで,,90,10,現在のプロジェクトの進捗を具体的な数値で整理する
TRANSIT_SUN,NATAL_SUN,0,Work,10,Earth,1,Applying,重要なポストやプロジェクトを任されるチャンスです。,実力が評価される日まで,,85,10,上司や責任者との面談を設定し、自分の意思を伝える
TRANSIT_SUN,NATAL_SUN,0,Money,10,Earth,1,Applying,社会的な活動に伴う収益や支出を管理しましょう。,収益が安定する日まで,,75,8,年間の収支目標を立て、現在の立ち位置を確認する
TRANSIT_SUN,NATAL_SUN,0,Love,10,Earth,1,Applying,公私ともに信頼される人物として注目されます。,注目の的になる日まで,,70,7,周囲からの期待に誠実に応え、信頼を確かなものにする
TRANSIT_SUN,NATAL_SUN,0,Health,10,Earth,1,Applying,責任感による過労に注意し、持続可能なペースを。,活力が続く日まで,,75,9,オンとオフの切り替えを明確にし、休息を予定に入れる
TRANSIT_SUN,NATAL_SUN,0,General,10,Earth,1,Separating,仕事の実績や評価体制を客観的に点検する時期です。,信頼が揺るぎなくなる日まで,,90,10,現在のプロジェクトの進捗を具体的な数値で整理する
TRANSIT_SUN,NATAL_SUN,0,Work,10,Earth,1,Separating,重要なポストやプロジェクトを任されるチャンスです。,実力が評価される日まで,,85,10,上司や責任者との面談を設定し、自分の意思を伝える
TRANSIT_SUN,NATAL_SUN,0,Money,10,Earth,1,Separating,社会的な活動に伴う収益や支出を管理しましょう。,収益が安定する日まで,,75,8,年間の収支目標を立て、現在の立ち位置を確認する
TRANSIT_SUN,NATAL_SUN,0,Love,10,Earth,1,Separating,公私ともに信頼される人物として注目されます。,注目の的になる日まで,,70,7,周囲からの期待に誠実に応え、信頼を確かなものにする
TRANSIT_SUN,NATAL_SUN,0,Health,10,Earth,1,Separating,責任感による過労に注意し、持続可能なペースを。,活力が続く日まで,,75,9,オンとオフの切り替えを明確にし、休息を予定に入れる
TRANSIT_SUN,NATAL_SUN,0,General,10,Air,0,Applying,社会的な影響力を持ち、情報を巧みに操る時期です。,存在感が認められる日まで,,90,10,業界の最新トレンドを分析し、自分の強みを整理する
TRANSIT_SUN,NATAL_SUN,0,Work,10,Air,0,Applying,重要なポストやプロジェクトを任されるチャンスです。,実力が評価される日まで,,85,10,上司や責任者との面談を設定し、自分の意思を伝える
TRANSIT_SUN,NATAL_SUN,0,Money,10,Air,0,Applying,社会的な活動に伴う収益や支出を管理しましょう。,収益が安定する日まで,,75,8,年間の収支目標を立て、現在の立ち位置を確認する
TRANSIT_SUN,NATAL_SUN,0,Love,10,Air,0,Applying,公私ともに信頼される人物として注目されます。,注目の的になる日まで,,70,7,周囲からの期待に誠実に応え、信頼を確かなものにする
TRANSIT_SUN,NATAL_SUN,0,Health,10,Air,0,Applying,責任感による過労に注意し、持続可能なペースを。,活力が続く日まで,,75,9,オンとオフの切り替えを明確にし、休息を予定に入れる
TRANSIT_SUN,NATAL_SUN,0,General,10,Air,0,Separating,社会的な影響力を持ち、情報を巧みに操る時期です。,存在感が認められる日まで,,90,10,業界の最新トレンドを分析し、自分の強みを整理する
TRANSIT_SUN,NATAL_SUN,0,Work,10,Air,0,Separating,重要なポストやプロジェクトを任されるチャンスです。,実力が評価される日まで,,85,10,上司や責任者との面談を設定し、自分の意思を伝える
TRANSIT_SUN,NATAL_SUN,0,Money,10,Air,0,Separating,社会的な活動に伴う収益や支出を管理しましょう。,収益が安定する日まで,,75,8,年間の収支目標を立て、現在の立ち位置を確認する
TRANSIT_SUN,NATAL_SUN,0,Love,10,Air,0,Separating,公私ともに信頼される人物として注目されます。,注目の的になる日まで,,70,7,周囲からの期待に誠実に応え、信頼を確かなものにする
TRANSIT_SUN,NATAL_SUN,0,Health,10,Air,0,Separating,責任感による過労に注意し、持続可能なペースを。,活力が続く日まで,,75,9,オンとオフの切り替えを明確にし、休息を予定に入れる
TRANSIT_SUN,NATAL_SUN,0,General,10,Air,1,Applying,公的な発信や連絡方法に誤解がないか点検する時です。,存在感が認められる日まで,,90,10,業界の最新トレンドを分析し、自分の強みを整理する
TRANSIT_SUN,NATAL_SUN,0,Work,10,Air,1,Applying,重要なポストやプロジェクトを任されるチャンスです。,実力が評価される日まで,,85,10,上司や責任者との面談を設定し、自分の意思を伝える
TRANSIT_SUN,NATAL_SUN,0,Money,10,Air,1,Applying,社会的な活動に伴う収益や支出を管理しましょう。,収益が安定する日まで,,75,8,年間の収支目標を立て、現在の立ち位置を確認する
TRANSIT_SUN,NATAL_SUN,0,Love,10,Air,1,Applying,公私ともに信頼される人物として注目されます。,注目の的になる日まで,,70,7,周囲からの期待に誠実に応え、信頼を確かなものにする
TRANSIT_SUN,NATAL_SUN,0,Health,10,Air,1,Applying,責任感による過労に注意し、持続可能なペースを。,活力が続く日まで,,75,9,オンとオフの切り替えを明確にし、休息を予定に入れる
TRANSIT_SUN,NATAL_SUN,0,General,10,Air,1,Separating,公的な発信や連絡方法に誤解がないか点検する時です。,存在感が認められる日まで,,90,10,業界の最新トレンドを分析し、自分の強みを整理する
TRANSIT_SUN,NATAL_SUN,0,Work,10,Air,1,Separating,重要なポストやプロジェクトを任されるチャンスです。,実力が評価される日まで,,85,10,上司や責任者との面談を設定し、自分の意思を伝える
TRANSIT_SUN,NATAL_SUN,0,Money,10,Air,1,Separating,社会的な活動に伴う収益や支出を管理しましょう。,収益が安定する日まで,,75,8,年間の収支目標を立て、現在の立ち位置を確認する
TRANSIT_SUN,NATAL_SUN,0,Love,10,Air,1,Separating,公私ともに信頼される人物として注目されます。,注目の的になる日まで,,70,7,周囲からの期待に誠実に応え、信頼を確かなものにする
TRANSIT_SUN,NATAL_SUN,0,Health,10,Air,1,Separating,責任感による過労に注意し、持続可能なペースを。,活力が続く日まで,,75,9,オンとオフの切り替えを明確にし、休息を予定に入れる
TRANSIT_SUN,NATAL_SUN,0,General,10,Water,0,Applying,周囲の期待に応え、心理的な絆を社会で活かす時です。,使命感が強まる日まで,,90,10,自分が社会で果たしたい役割を言語化する
TRANSIT_SUN,NATAL_SUN,0,Work,10,Water,0,Applying,重要なポストやプロジェクトを任されるチャンスです。,実力が評価される日まで,,85,10,上司や責任者との面談を設定し、自分の意思を伝える
TRANSIT_SUN,NATAL_SUN,0,Money,10,Water,0,Applying,社会的な活動に伴う収益や支出を管理しましょう。,収益が安定する日まで,,75,8,年間の収支目標を立て、現在の立ち位置を確認する
TRANSIT_SUN,NATAL_SUN,0,Love,10,Water,0,Applying,公私ともに信頼される人物として注目されます。,注目の的になる日まで,,70,7,周囲からの期待に誠実に応え、信頼を確かなものにする
TRANSIT_SUN,NATAL_SUN,0,Health,10,Water,0,Applying,責任感による過労に注意し、持続可能なペースを。,活力が続く日まで,,75,9,オンとオフの切り替えを明確にし、休息を予定に入れる
TRANSIT_SUN,NATAL_SUN,0,General,10,Water,0,Separating,周囲の期待に応え、心理的な絆を社会で活かす時です。,使命感が強まる日まで,,90,10,自分が社会で果たしたい役割を言語化する
TRANSIT_SUN,NATAL_SUN,0,Work,10,Water,0,Separating,重要なポストやプロジェクトを任されるチャンスです。,実力が評価される日まで,,85,10,上司や責任者との面談を設定し、自分の意思を伝える
TRANSIT_SUN,NATAL_SUN,0,Money,10,Water,0,Separating,社会的な活動に伴う収益や支出を管理しましょう。,収益が安定する日まで,,75,8,年間の収支目標を立て、現在の立ち位置を確認する
TRANSIT_SUN,NATAL_SUN,0,Love,10,Water,0,Separating,公私ともに信頼される人物として注目されます。,注目の的になる日まで,,70,7,周囲からの期待に誠実に応え、信頼を確かなものにする
TRANSIT_SUN,NATAL_SUN,0,Health,10,Water,0,Separating,責任感による過労に注意し、持続可能なペースを。,活力が続く日まで,,75,9,オンとオフの切り替えを明確にし、休息を予定に入れる
TRANSIT_SUN,NATAL_SUN,0,General,10,Water,1,Applying,仕事上の役割に対する感情的な負担を整理する時期です。,使命感が強まる日まで,,90,10,自分が社会で果たしたい役割を言語化する
TRANSIT_SUN,NATAL_SUN,0,Work,10,Water,1,Applying,重要なポストやプロジェクトを任されるチャンスです。,実力が評価される日まで,,85,10,上司や責任者との面談を設定し、自分の意思を伝える
TRANSIT_SUN,NATAL_SUN,0,Money,10,Water,1,Applying,社会的な活動に伴う収益や支出を管理しましょう。,収益が安定する日まで,,75,8,年間の収支目標を立て、現在の立ち位置を確認する
TRANSIT_SUN,NATAL_SUN,0,Love,10,Water,1,Applying,公私ともに信頼される人物として注目されます。,注目の的になる日まで,,70,7,周囲からの期待に誠実に応え、信頼を確かなものにする
TRANSIT_SUN,NATAL_SUN,0,Health,10,Water,1,Applying,責任感による過労に注意し、持続可能なペースを。,活力が続く日まで,,75,9,オンとオフの切り替えを明確にし、休息を予定に入れる
TRANSIT_SUN,NATAL_SUN,0,General,10,Water,1,Separating,仕事上の役割に対する感情的な負担を整理する時期です。,使命感が強まる日まで,,90,10,自分が社会で果たしたい役割を言語化する
TRANSIT_SUN,NATAL_SUN,0,Work,10,Water,1,Separating,重要なポストやプロジェクトを任されるチャンスです。,実力が評価される日まで,,85,10,上司や責任者との面談を設定し、自分の意思を伝える
TRANSIT_SUN,NATAL_SUN,0,Money,10,Water,1,Separating,社会的な活動に伴う収益や支出を管理しましょう。,収益が安定する日まで,,75,8,年間の収支目標を立て、現在の立ち位置を確認する
TRANSIT_SUN,NATAL_SUN,0,Love,10,Water,1,Separating,公私ともに信頼される人物として注目されます。,注目の的になる日まで,,70,7,周囲からの期待に誠実に応え、信頼を確かなものにする
TRANSIT_SUN,NATAL_SUN,0,Health,10,Water,1,Separating,責任感による過労に注意し、持続可能なペースを。,活力が続く日まで,,75,9,オンとオフの切り替えを明確にし、休息を予定に入れる
TRANSIT_SUN,NATAL_SUN,0,General,11,Fire,0,Applying,志を同じくする仲間と新しい計画を立てる時期です。,夢が具体化する日まで,,80,9,将来のビジョンを仲間に語り、意見交換をする
TRANSIT_SUN,NATAL_SUN,0,Work,11,Fire,0,Applying,社外のネットワークが業務上のヒントになります。,チャンスが訪れる日まで,,75,8,社外の知人と連絡を取り、業界の裏事情を聴く
TRANSIT_SUN,NATAL_SUN,0,Money,11,Fire,0,Applying,コミュニティ活動に伴う支出を賢く管理しましょう。,賢い支出ができる日まで,,60,7,所属している団体の会費や寄付金の状況を整理する
TRANSIT_SUN,NATAL_SUN,0,Love,11,Fire,0,Applying,友人からパートナー候補を紹介される予感があります。,素敵な出会いがある日まで,,75,8,友人からの誘いには積極的に乗り、新しい輪を広げる
TRANSIT_SUN,NATAL_SUN,0,Health,11,Fire,0,Applying,仲間と一緒に運動することでモチベーションが向上。,共に健康になる日まで,,70,7,友人を誘ってウォーキングやスポーツを楽しむ
TRANSIT_SUN,NATAL_SUN,0,General,11,Fire,0,Separating,志を同じくする仲間と新しい計画を立てる時期です。,夢が具体化する日まで,,80,9,将来のビジョンを仲間に語り、意見交換をする
TRANSIT_SUN,NATAL_SUN,0,Work,11,Fire,0,Separating,社外のネットワークが業務上のヒントになります。,チャンスが訪れる日まで,,75,8,社外の知人と連絡を取り、業界の裏事情を聴く
TRANSIT_SUN,NATAL_SUN,0,Money,11,Fire,0,Separating,コミュニティ活動に伴う支出を賢く管理しましょう。,賢い支出ができる日まで,,60,7,所属している団体の会費や寄付金の状況を整理する
TRANSIT_SUN,NATAL_SUN,0,Love,11,Fire,0,Separating,友人からパートナー候補を紹介される予感があります。,素敵な出会いがある日まで,,75,8,友人からの誘いには積極的に乗り、新しい輪を広げる
TRANSIT_SUN,NATAL_SUN,0,Health,11,Fire,0,Separating,仲間と一緒に運動することでモチベーションが向上。,共に健康になる日まで,,70,7,友人を誘ってウォーキングやスポーツを楽しむ
TRANSIT_SUN,NATAL_SUN,0,General,11,Fire,1,Applying,コミュニティでの役割や目標を見直す時期です。,夢が具体化する日まで,,80,9,将来のビジョンを仲間に語り、意見交換をする
TRANSIT_SUN,NATAL_SUN,0,Work,11,Fire,1,Applying,社外のネットワークが業務上のヒントになります。,チャンスが訪れる日まで,,75,8,社外の知人と連絡を取り、業界の裏事情を聴く
TRANSIT_SUN,NATAL_SUN,0,Money,11,Fire,1,Applying,コミュニティ活動に伴う支出を賢く管理しましょう。,賢い支出ができる日まで,,60,7,所属している団体の会費や寄付金の状況を整理する
TRANSIT_SUN,NATAL_SUN,0,Love,11,Fire,1,Applying,友人からパートナー候補を紹介される予感があります。,素敵な出会いがある日まで,,75,8,友人からの誘いには積極的に乗り、新しい輪を広げる
TRANSIT_SUN,NATAL_SUN,0,Health,11,Fire,1,Applying,仲間と一緒に運動することでモチベーションが向上。,共に健康になる日まで,,70,7,友人を誘ってウォーキングやスポーツを楽しむ
TRANSIT_SUN,NATAL_SUN,0,General,11,Fire,1,Separating,コミュニティでの役割や目標を見直す時期です。,夢が具体化する日まで,,80,9,将来のビジョンを仲間に語り、意見交換をする
TRANSIT_SUN,NATAL_SUN,0,Work,11,Fire,1,Separating,社外のネットワークが業務上のヒントになります。,チャンスが訪れる日まで,,75,8,社外の知人と連絡を取り、業界の裏事情を聴く
TRANSIT_SUN,NATAL_SUN,0,Money,11,Fire,1,Separating,コミュニティ活動に伴う支出を賢く管理しましょう。,賢い支出ができる日まで,,60,7,所属している団体の会費や寄付金の状況を整理する
TRANSIT_SUN,NATAL_SUN,0,Love,11,Fire,1,Separating,友人からパートナー候補を紹介される予感があります。,素敵な出会いがある日まで,,75,8,友人からの誘いには積極的に乗り、新しい輪を広げる
TRANSIT_SUN,NATAL_SUN,0,Health,11,Fire,1,Separating,仲間と一緒に運動することでモチベーションが向上。,共に健康になる日まで,,70,7,友人を誘ってウォーキングやスポーツを楽しむ
TRANSIT_SUN,NATAL_SUN,0,General,11,Earth,0,Applying,実利を伴う健全なネットワークを構築する時です。,絆が強まる日まで,,80,9,有益な情報を共有し、お互いのメリットを確認する
TRANSIT_SUN,NATAL_SUN,0,Work,11,Earth,0,Applying,社外のネットワークが業務上のヒントになります。,チャンスが訪れる日まで,,75,8,社外の知人と連絡を取り、業界の裏事情を聴く
TRANSIT_SUN,NATAL_SUN,0,Money,11,Earth,0,Applying,コミュニティ活動に伴う支出を賢く管理しましょう。,賢い支出ができる日まで,,60,7,所属している団体の会費や寄付金の状況を整理する
TRANSIT_SUN,NATAL_SUN,0,Love,11,Earth,0,Applying,友人からパートナー候補を紹介される予感があります。,素敵な出会いがある日まで,,75,8,友人からの誘いには積極的に乗り、新しい輪を広げる
TRANSIT_SUN,NATAL_SUN,0,Health,11,Earth,0,Applying,仲間と一緒に運動することでモチベーションが向上。,共に健康になる日まで,,70,7,友人を誘ってウォーキングやスポーツを楽しむ
TRANSIT_SUN,NATAL_SUN,0,General,11,Earth,0,Separating,実利を伴う健全なネットワークを構築する時です。,絆が強まる日まで,,80,9,有益な情報を共有し、お互いのメリットを確認する
TRANSIT_SUN,NATAL_SUN,0,Work,11,Earth,0,Separating,社外のネットワークが業務上のヒントになります。,チャンスが訪れる日まで,,75,8,社外の知人と連絡を取り、業界の裏事情を聴く
TRANSIT_SUN,NATAL_SUN,0,Money,11,Earth,0,Separating,コミュニティ活動に伴う支出を賢く管理しましょう。,賢い支出ができる日まで,,60,7,所属している団体の会費や寄付金の状況を整理する
TRANSIT_SUN,NATAL_SUN,0,Love,11,Earth,0,Separating,友人からパートナー候補を紹介される予感があります。,素敵な出会いがある日まで,,75,8,友人からの誘いには積極的に乗り、新しい輪を広げる
TRANSIT_SUN,NATAL_SUN,0,Health,11,Earth,0,Separating,仲間と一緒に運動することでモチベーションが向上。,共に健康になる日まで,,70,7,友人を誘ってウォーキングやスポーツを楽しむ
TRANSIT_SUN,NATAL_SUN,0,General,11,Earth,1,Applying,友人関係や所属団体の利害関係を点検する時期です。,絆が強まる日まで,,80,9,有益な情報を共有し、お互いのメリットを確認する
TRANSIT_SUN,NATAL_SUN,0,Work,11,Earth,1,Applying,社外のネットワークが業務上のヒントになります。,チャンスが訪れる日まで,,75,8,社外の知人と連絡を取り、業界の裏事情を聴く
TRANSIT_SUN,NATAL_SUN,0,Money,11,Earth,1,Applying,コミュニティ活動に伴う支出を賢く管理しましょう。,賢い支出ができる日まで,,60,7,所属している団体の会費や寄付金の状況を整理する
TRANSIT_SUN,NATAL_SUN,0,Love,11,Earth,1,Applying,友人からパートナー候補を紹介される予感があります。,素敵な出会いがある日まで,,75,8,友人からの誘いには積極的に乗り、新しい輪を広げる
TRANSIT_SUN,NATAL_SUN,0,Health,11,Earth,1,Applying,仲間と一緒に運動することでモチベーションが向上。,共に健康になる日まで,,70,7,友人を誘ってウォーキングやスポーツを楽しむ
TRANSIT_SUN,NATAL_SUN,0,General,11,Earth,1,Separating,友人関係や所属団体の利害関係を点検する時期です。,絆が強まる日まで,,80,9,有益な情報を共有し、お互いのメリットを確認する
TRANSIT_SUN,NATAL_SUN,0,Work,11,Earth,1,Separating,社外のネットワークが業務上のヒントになります。,チャンスが訪れる日まで,,75,8,社外の知人と連絡を取り、業界の裏事情を聴く
TRANSIT_SUN,NATAL_SUN,0,Money,11,Earth,1,Separating,コミュニティ活動に伴う支出を賢く管理しましょう。,賢い支出ができる日まで,,60,7,所属している団体の会費や寄付金の状況を整理する
TRANSIT_SUN,NATAL_SUN,0,Love,11,Earth,1,Separating,友人からパートナー候補を紹介される予感があります。,素敵な出会いがある日まで,,75,8,友人からの誘いには積極的に乗り、新しい輪を広げる
TRANSIT_SUN,NATAL_SUN,0,Health,11,Earth,1,Separating,仲間と一緒に運動することでモチベーションが向上。,共に健康になる日まで,,70,7,友人を誘ってウォーキングやスポーツを楽しむ
TRANSIT_SUN,NATAL_SUN,0,General,11,Air,0,Applying,知的なネットワークを広げ、多様な視点を得る時です。,理解者が増える日まで,,80,9,新しいオンラインサロンや交流会に参加してみる
TRANSIT_SUN,NATAL_SUN,0,Work,11,Air,0,Applying,社外のネットワークが業務上のヒントになります。,チャンスが訪れる日まで,,75,8,社外の知人と連絡を取り、業界の裏事情を聴く
TRANSIT_SUN,NATAL_SUN,0,Money,11,Air,0,Applying,コミュニティ活動に伴う支出を賢く管理しましょう。,賢い支出ができる日まで,,60,7,所属している団体の会費や寄付金の状況を整理する
TRANSIT_SUN,NATAL_SUN,0,Love,11,Air,0,Applying,友人からパートナー候補を紹介される予感があります。,素敵な出会いがある日まで,,75,8,友人からの誘いには積極的に乗り、新しい輪を広げる
TRANSIT_SUN,NATAL_SUN,0,Health,11,Air,0,Applying,仲間と一緒に運動することでモチベーションが向上。,共に健康になる日まで,,70,7,友人を誘ってウォーキングやスポーツを楽しむ
TRANSIT_SUN,NATAL_SUN,0,General,11,Air,0,Separating,知的なネットワークを広げ、多様な視点を得る時です。,理解者が増える日まで,,80,9,新しいオンラインサロンや交流会に参加してみる
TRANSIT_SUN,NATAL_SUN,0,Work,11,Air,0,Separating,社外のネットワークが業務上のヒントになります。,チャンスが訪れる日まで,,75,8,社外の知人と連絡を取り、業界の裏事情を聴く
TRANSIT_SUN,NATAL_SUN,0,Money,11,Air,0,Separating,コミュニティ活動に伴う支出を賢く管理しましょう。,賢い支出ができる日まで,,60,7,所属している団体の会費や寄付金の状況を整理する
TRANSIT_SUN,NATAL_SUN,0,Love,11,Air,0,Separating,友人からパートナー候補を紹介される予感があります。,素敵な出会いがある日まで,,75,8,友人からの誘いには積極的に乗り、新しい輪を広げる
TRANSIT_SUN,NATAL_SUN,0,Health,11,Air,0,Separating,仲間と一緒に運動することでモチベーションが向上。,共に健康になる日まで,,70,7,友人を誘ってウォーキングやスポーツを楽しむ
TRANSIT_SUN,NATAL_SUN,0,General,11,Air,1,Applying,グループ内の連絡ミスや情報の行き違いを正す時です。,理解者が増える日まで,,80,9,新しいオンラインサロンや交流会に参加してみる
TRANSIT_SUN,NATAL_SUN,0,Work,11,Air,1,Applying,社外のネットワークが業務上のヒントになります。,チャンスが訪れる日まで,,75,8,社外の知人と連絡を取り、業界の裏事情を聴く
TRANSIT_SUN,NATAL_SUN,0,Money,11,Air,1,Applying,コミュニティ活動に伴う支出を賢く管理しましょう。,賢い支出ができる日まで,,60,7,所属している団体の会費や寄付金の状況を整理する
TRANSIT_SUN,NATAL_SUN,0,Love,11,Air,1,Applying,友人からパートナー候補を紹介される予感があります。,素敵な出会いがある日まで,,75,8,友人からの誘いには積極的に乗り、新しい輪を広げる
TRANSIT_SUN,NATAL_SUN,0,Health,11,Air,1,Applying,仲間と一緒に運動することでモチベーションが向上。,共に健康になる日まで,,70,7,友人を誘ってウォーキングやスポーツを楽しむ
TRANSIT_SUN,NATAL_SUN,0,General,11,Air,1,Separating,グループ内の連絡ミスや情報の行き違いを正す時です。,理解者が増える日まで,,80,9,新しいオンラインサロンや交流会に参加してみる
TRANSIT_SUN,NATAL_SUN,0,Work,11,Air,1,Separating,社外のネットワークが業務上のヒントになります。,チャンスが訪れる日まで,,75,8,社外の知人と連絡を取り、業界の裏事情を聴く
TRANSIT_SUN,NATAL_SUN,0,Money,11,Air,1,Separating,コミュニティ活動に伴う支出を賢く管理しましょう。,賢い支出ができる日まで,,60,7,所属している団体の会費や寄付金の状況を整理する
TRANSIT_SUN,NATAL_SUN,0,Love,11,Air,1,Separating,友人からパートナー候補を紹介される予感があります。,素敵な出会いがある日まで,,75,8,友人からの誘いには積極的に乗り、新しい輪を広げる
TRANSIT_SUN,NATAL_SUN,0,Health,11,Air,1,Separating,仲間と一緒に運動することでモチベーションが向上。,共に健康になる日まで,,70,7,友人を誘ってウォーキングやスポーツを楽しむ
TRANSIT_SUN,NATAL_SUN,0,General,11,Water,0,Applying,深い情緒的絆を持つ仲間との時間を大切にする時です。,心が通じ合う日まで,,80,9,友人と将来の夢や今の悩みについて深く語り合う
TRANSIT_SUN,NATAL_SUN,0,Work,11,Water,0,Applying,社外のネットワークが業務上のヒントになります。,チャンスが訪れる日まで,,75,8,社外の知人と連絡を取り、業界の裏事情を聴く
TRANSIT_SUN,NATAL_SUN,0,Money,11,Water,0,Applying,コミュニティ活動に伴う支出を賢く管理しましょう。,賢い支出ができる日まで,,60,7,所属している団体の会費や寄付金の状況を整理する
TRANSIT_SUN,NATAL_SUN,0,Love,11,Water,0,Applying,友人からパートナー候補を紹介される予感があります。,素敵な出会いがある日まで,,75,8,友人からの誘いには積極的に乗り、新しい輪を広げる
TRANSIT_SUN,NATAL_SUN,0,Health,11,Water,0,Applying,仲間と一緒に運動することでモチベーションが向上。,共に健康になる日まで,,70,7,友人を誘ってウォーキングやスポーツを楽しむ
TRANSIT_SUN,NATAL_SUN,0,General,11,Water,0,Separating,深い情緒的絆を持つ仲間との時間を大切にする時です。,心が通じ合う日まで,,80,9,友人と将来の夢や今の悩みについて深く語り合う
TRANSIT_SUN,NATAL_SUN,0,Work,11,Water,0,Separating,社外のネットワークが業務上のヒントになります。,チャンスが訪れる日まで,,75,8,社外の知人と連絡を取り、業界の裏事情を聴く
TRANSIT_SUN,NATAL_SUN,0,Money,11,Water,0,Separating,コミュニティ活動に伴う支出を賢く管理しましょう。,賢い支出ができる日まで,,60,7,所属している団体の会費や寄付金の状況を整理する
TRANSIT_SUN,NATAL_SUN,0,Love,11,Water,0,Separating,友人からパートナー候補を紹介される予感があります。,素敵な出会いがある日まで,,75,8,友人からの誘いには積極的に乗り、新しい輪を広げる
TRANSIT_SUN,NATAL_SUN,0,Health,11,Water,0,Separating,仲間と一緒に運動することでモチベーションが向上。,共に健康になる日まで,,70,7,友人を誘ってウォーキングやスポーツを楽しむ
TRANSIT_SUN,NATAL_SUN,0,General,11,Water,1,Applying,グループ内の心理的葛藤やしこりを整理する時です。,心が通じ合う日まで,,80,9,友人と将来の夢や今の悩みについて深く語り合う
TRANSIT_SUN,NATAL_SUN,0,Work,11,Water,1,Applying,社外のネットワークが業務上のヒントになります。,チャンスが訪れる日まで,,75,8,社外の知人と連絡を取り、業界の裏事情を聴く
TRANSIT_SUN,NATAL_SUN,0,Money,11,Water,1,Applying,コミュニティ活動に伴う支出を賢く管理しましょう。,賢い支出ができる日まで,,60,7,所属している団体の会費や寄付金の状況を整理する
TRANSIT_SUN,NATAL_SUN,0,Love,11,Water,1,Applying,友人からパートナー候補を紹介される予感があります。,素敵な出会いがある日まで,,75,8,友人からの誘いには積極的に乗り、新しい輪を広げる
TRANSIT_SUN,NATAL_SUN,0,Health,11,Water,1,Applying,仲間と一緒に運動することでモチベーションが向上。,共に健康になる日まで,,70,7,友人を誘ってウォーキングやスポーツを楽しむ
TRANSIT_SUN,NATAL_SUN,0,General,11,Water,1,Separating,グループ内の心理的葛藤やしこりを整理する時です。,心が通じ合う日まで,,80,9,友人と将来の夢や今の悩みについて深く語り合う
TRANSIT_SUN,NATAL_SUN,0,Work,11,Water,1,Separating,社外のネットワークが業務上のヒントになります。,チャンスが訪れる日まで,,75,8,社外の知人と連絡を取り、業界の裏事情を聴く
TRANSIT_SUN,NATAL_SUN,0,Money,11,Water,1,Separating,コミュニティ活動に伴う支出を賢く管理しましょう。,賢い支出ができる日まで,,60,7,所属している団体の会費や寄付金の状況を整理する
TRANSIT_SUN,NATAL_SUN,0,Love,11,Water,1,Separating,友人からパートナー候補を紹介される予感があります。,素敵な出会いがある日まで,,75,8,友人からの誘いには積極的に乗り、新しい輪を広げる
TRANSIT_SUN,NATAL_SUN,0,Health,11,Water,1,Separating,仲間と一緒に運動することでモチベーションが向上。,共に健康になる日まで,,70,7,友人を誘ってウォーキングやスポーツを楽しむ
TRANSIT_SUN,NATAL_SUN,0,General,12,Fire,0,Applying,内面的な情熱を静かに燃やし、浄化する時期です。,魂が浄化される日まで,,70,7,1人の時間を確保し、瞑想や内省を15分行う
TRANSIT_SUN,NATAL_SUN,0,Work,12,Fire,0,Applying,舞台裏での準備や、目立たない貢献が光る時期です。,準備が整う日まで,,75,7,誰も見ていないところでの作業を丁寧に仕上げる
TRANSIT_SUN,NATAL_SUN,0,Money,12,Fire,0,Applying,無意識の浪費を点検し、密かに資産を整えましょう。,資産が守られる日まで,,60,6,「なんとなく」の支出を1週間記録し、原因を探る
TRANSIT_SUN,NATAL_SUN,0,Love,12,Fire,0,Applying,秘密の共有や、静かな愛が絆を深める時期です。,愛が純化される日まで,,70,7,大切な人と二人きりで、静かな場所で本音を語る
TRANSIT_SUN,NATAL_SUN,0,Health,12,Fire,0,Applying,睡眠を最優先にし、潜在意識から体調を整える。,心身が癒える日まで,,80,10,寝る前にスマホを見ず、暗い部屋で早めに眠りにつく
TRANSIT_SUN,NATAL_SUN,0,General,12,Fire,0,Separating,内面的な情熱を静かに燃やし、浄化する時期です。,魂が浄化される日まで,,70,7,1人の時間を確保し、瞑想や内省を15分行う
TRANSIT_SUN,NATAL_SUN,0,Work,12,Fire,0,Separating,舞台裏での準備や、目立たない貢献が光る時期です。,準備が整う日まで,,75,7,誰も見ていないところでの作業を丁寧に仕上げる
TRANSIT_SUN,NATAL_SUN,0,Money,12,Fire,0,Separating,無意識の浪費を点検し、密かに資産を整えましょう。,資産が守られる日まで,,60,6,「なんとなく」の支出を1週間記録し、原因を探る
TRANSIT_SUN,NATAL_SUN,0,Love,12,Fire,0,Separating,秘密の共有や、静かな愛が絆を深める時期です。,愛が純化される日まで,,70,7,大切な人と二人きりで、静かな場所で本音を語る
TRANSIT_SUN,NATAL_SUN,0,Health,12,Fire,0,Separating,睡眠を最優先にし、潜在意識から体調を整える。,心身が癒える日まで,,80,10,寝る前にスマホを見ず、暗い部屋で早めに眠りにつく
TRANSIT_SUN,NATAL_SUN,0,General,12,Fire,1,Applying,心の奥に隠していた怒りや執着を手放す時期です。,魂が浄化される日まで,,70,7,1人の時間を確保し、瞑想や内省を15分行う
TRANSIT_SUN,NATAL_SUN,0,Work,12,Fire,1,Applying,舞台裏での準備や、目立たない貢献が光る時期です。,準備が整う日まで,,75,7,誰も見ていないところでの作業を丁寧に仕上げる
TRANSIT_SUN,NATAL_SUN,0,Money,12,Fire,1,Applying,無意識の浪費を点検し、密かに資産を整えましょう。,資産が守られる日まで,,60,6,「なんとなく」の支出を1週間記録し、原因を探る
TRANSIT_SUN,NATAL_SUN,0,Love,12,Fire,1,Applying,秘密の共有や、静かな愛が絆を深める時期です。,愛が純化される日まで,,70,7,大切な人と二人きりで、静かな場所で本音を語る
TRANSIT_SUN,NATAL_SUN,0,Health,12,Fire,1,Applying,睡眠を最優先にし、潜在意識から体調を整える。,心身が癒える日まで,,80,10,寝る前にスマホを見ず、暗い部屋で早めに眠りにつく
TRANSIT_SUN,NATAL_SUN,0,General,12,Fire,1,Separating,心の奥に隠していた怒りや執着を手放す時期です。,魂が浄化される日まで,,70,7,1人の時間を確保し、瞑想や内省を15分行う
TRANSIT_SUN,NATAL_SUN,0,Work,12,Fire,1,Separating,舞台裏での準備や、目立たない貢献が光る時期です。,準備が整う日まで,,75,7,誰も見ていないところでの作業を丁寧に仕上げる
TRANSIT_SUN,NATAL_SUN,0,Money,12,Fire,1,Separating,無意識の浪費を点検し、密かに資産を整えましょう。,資産が守られる日まで,,60,6,「なんとなく」の支出を1週間記録し、原因を探る
TRANSIT_SUN,NATAL_SUN,0,Love,12,Fire,1,Separating,秘密の共有や、静かな愛が絆を深める時期です。,愛が純化される日まで,,70,7,大切な人と二人きりで、静かな場所で本音を語る
TRANSIT_SUN,NATAL_SUN,0,Health,12,Fire,1,Separating,睡眠を最優先にし、潜在意識から体調を整える。,心身が癒える日まで,,80,10,寝る前にスマホを見ず、暗い部屋で早めに眠りにつく
TRANSIT_SUN,NATAL_SUN,0,General,12,Earth,0,Applying,現実を忘れ、精神的な土台を密かに整える時です。,安らぎが戻る日まで,,70,7,溜まっていた不要な感情や物を静かに処分する
TRANSIT_SUN,NATAL_SUN,0,Work,12,Earth,0,Applying,舞台裏での準備や、目立たない貢献が光る時期です。,準備が整う日まで,,75,7,誰も見ていないところでの作業を丁寧に仕上げる
TRANSIT_SUN,NATAL_SUN,0,Money,12,Earth,0,Applying,無意識の浪費を点検し、密かに資産を整えましょう。,資産が守られる日まで,,60,6,「なんとなく」の支出を1週間記録し、原因を探る
TRANSIT_SUN,NATAL_SUN,0,Love,12,Earth,0,Applying,秘密の共有や、静かな愛が絆を深める時期です。,愛が純化される日まで,,70,7,大切な人と二人きりで、静かな場所で本音を語る
TRANSIT_SUN,NATAL_SUN,0,Health,12,Earth,0,Applying,睡眠を最優先にし、潜在意識から体調を整える。,心身が癒える日まで,,80,10,寝る前にスマホを見ず、暗い部屋で早めに眠りにつく
TRANSIT_SUN,NATAL_SUN,0,General,12,Earth,0,Separating,現実を忘れ、精神的な土台を密かに整える時です。,安らぎが戻る日まで,,70,7,溜まっていた不要な感情や物を静かに処分する
TRANSIT_SUN,NATAL_SUN,0,Work,12,Earth,0,Separating,舞台裏での準備や、目立たない貢献が光る時期です。,準備が整う日まで,,75,7,誰も見ていないところでの作業を丁寧に仕上げる
TRANSIT_SUN,NATAL_SUN,0,Money,12,Earth,0,Separating,無意識の浪費を点検し、密かに資産を整えましょう。,資産が守られる日まで,,60,6,「なんとなく」の支出を1週間記録し、原因を探る
TRANSIT_SUN,NATAL_SUN,0,Love,12,Earth,0,Separating,秘密の共有や、静かな愛が絆を深める時期です。,愛が純化される日まで,,70,7,大切な人と二人きりで、静かな場所で本音を語る
TRANSIT_SUN,NATAL_SUN,0,Health,12,Earth,0,Separating,睡眠を最優先にし、潜在意識から体調を整える。,心身が癒える日まで,,80,10,寝る前にスマホを見ず、暗い部屋で早めに眠りにつく
TRANSIT_SUN,NATAL_SUN,0,General,12,Earth,1,Applying,隠れた問題や曖昧にしていた義務を清算する時期です。,安らぎが戻る日まで,,70,7,溜まっていた不要な感情や物を静かに処分する
TRANSIT_SUN,NATAL_SUN,0,Work,12,Earth,1,Applying,舞台裏での準備や、目立たない貢献が光る時期です。,準備が整う日まで,,75,7,誰も見ていないところでの作業を丁寧に仕上げる
TRANSIT_SUN,NATAL_SUN,0,Money,12,Earth,1,Applying,無意識の浪費を点検し、密かに資産を整えましょう。,資産が守られる日まで,,60,6,「なんとなく」の支出を1週間記録し、原因を探る
TRANSIT_SUN,NATAL_SUN,0,Love,12,Earth,1,Applying,秘密の共有や、静かな愛が絆を深める時期です。,愛が純化される日まで,,70,7,大切な人と二人きりで、静かな場所で本音を語る
TRANSIT_SUN,NATAL_SUN,0,Health,12,Earth,1,Applying,睡眠を最優先にし、潜在意識から体調を整える。,心身が癒える日まで,,80,10,寝る前にスマホを見ず、暗い部屋で早めに眠りにつく
TRANSIT_SUN,NATAL_SUN,0,General,12,Earth,1,Separating,隠れた問題や曖昧にしていた義務を清算する時期です。,安らぎが戻る日まで,,70,7,溜まっていた不要な感情や物を静かに処分する
TRANSIT_SUN,NATAL_SUN,0,Work,12,Earth,1,Separating,舞台裏での準備や、目立たない貢献が光る時期です。,準備が整う日まで,,75,7,誰も見ていないところでの作業を丁寧に仕上げる
TRANSIT_SUN,NATAL_SUN,0,Money,12,Earth,1,Separating,無意識の浪費を点検し、密かに資産を整えましょう。,資産が守られる日まで,,60,6,「なんとなく」の支出を1週間記録し、原因を探る
TRANSIT_SUN,NATAL_SUN,0,Love,12,Earth,1,Separating,秘密の共有や、静かな愛が絆を深める時期です。,愛が純化される日まで,,70,7,大切な人と二人きりで、静かな場所で本音を語る
TRANSIT_SUN,NATAL_SUN,0,Health,12,Earth,1,Separating,睡眠を最優先にし、潜在意識から体調を整える。,心身が癒える日まで,,80,10,寝る前にスマホを見ず、暗い部屋で早めに眠りにつく
TRANSIT_SUN,NATAL_SUN,0,General,12,Air,0,Applying,潜在意識の声を論理的に分析し、理解する時期です。,本質に気づく日まで,,70,7,夢日記をつけ、自分の潜在意識の傾向を分析する
TRANSIT_SUN,NATAL_SUN,0,Work,12,Air,0,Applying,舞台裏での準備や、目立たない貢献が光る時期です。,準備が整う日まで,,75,7,誰も見ていないところでの作業を丁寧に仕上げる
TRANSIT_SUN,NATAL_SUN,0,Money,12,Air,0,Applying,無意識の浪費を点検し、密かに資産を整えましょう。,資産が守られる日まで,,60,6,「なんとなく」の支出を1週間記録し、原因を探る
TRANSIT_SUN,NATAL_SUN,0,Love,12,Air,0,Applying,秘密の共有や、静かな愛が絆を深める時期です。,愛が純化される日まで,,70,7,大切な人と二人きりで、静かな場所で本音を語る
TRANSIT_SUN,NATAL_SUN,0,Health,12,Air,0,Applying,睡眠を最優先にし、潜在意識から体調を整える。,心身が癒える日まで,,80,10,寝る前にスマホを見ず、暗い部屋で早めに眠りにつく
TRANSIT_SUN,NATAL_SUN,0,General,12,Air,0,Separating,潜在意識の声を論理的に分析し、理解する時期です。,本質に気づく日まで,,70,7,夢日記をつけ、自分の潜在意識の傾向を分析する
TRANSIT_SUN,NATAL_SUN,0,Work,12,Air,0,Separating,舞台裏での準備や、目立たない貢献が光る時期です。,準備が整う日まで,,75,7,誰も見ていないところでの作業を丁寧に仕上げる
TRANSIT_SUN,NATAL_SUN,0,Money,12,Air,0,Separating,無意識の浪費を点検し、密かに資産を整えましょう。,資産が守られる日まで,,60,6,「なんとなく」の支出を1週間記録し、原因を探る
TRANSIT_SUN,NATAL_SUN,0,Love,12,Air,0,Separating,秘密の共有や、静かな愛が絆を深める時期です。,愛が純化される日まで,,70,7,大切な人と二人きりで、静かな場所で本音を語る
TRANSIT_SUN,NATAL_SUN,0,Health,12,Air,0,Separating,睡眠を最優先にし、潜在意識から体調を整える。,心身が癒える日まで,,80,10,寝る前にスマホを見ず、暗い部屋で早めに眠りにつく
TRANSIT_SUN,NATAL_SUN,0,General,12,Air,1,Applying,無意識の思い込みや偏見を客観的に点検する時です。,本質に気づく日まで,,70,7,夢日記をつけ、自分の潜在意識の傾向を分析する
TRANSIT_SUN,NATAL_SUN,0,Work,12,Air,1,Applying,舞台裏での準備や、目立たない貢献が光る時期です。,準備が整う日まで,,75,7,誰も見ていないところでの作業を丁寧に仕上げる
TRANSIT_SUN,NATAL_SUN,0,Money,12,Air,1,Applying,無意識の浪費を点検し、密かに資産を整えましょう。,資産が守られる日まで,,60,6,「なんとなく」の支出を1週間記録し、原因を探る
TRANSIT_SUN,NATAL_SUN,0,Love,12,Air,1,Applying,秘密の共有や、静かな愛が絆を深める時期です。,愛が純化される日まで,,70,7,大切な人と二人きりで、静かな場所で本音を語る
TRANSIT_SUN,NATAL_SUN,0,Health,12,Air,1,Applying,睡眠を最優先にし、潜在意識から体調を整える。,心身が癒える日まで,,80,10,寝る前にスマホを見ず、暗い部屋で早めに眠りにつく
TRANSIT_SUN,NATAL_SUN,0,General,12,Air,1,Separating,無意識の思い込みや偏見を客観的に点検する時です。,本質に気づく日まで,,70,7,夢日記をつけ、自分の潜在意識の傾向を分析する
TRANSIT_SUN,NATAL_SUN,0,Work,12,Air,1,Separating,舞台裏での準備や、目立たない貢献が光る時期です。,準備が整う日まで,,75,7,誰も見ていないところでの作業を丁寧に仕上げる
TRANSIT_SUN,NATAL_SUN,0,Money,12,Air,1,Separating,無意識の浪費を点検し、密かに資産を整えましょう。,資産が守られる日まで,,60,6,「なんとなく」の支出を1週間記録し、原因を探る
TRANSIT_SUN,NATAL_SUN,0,Love,12,Air,1,Separating,秘密の共有や、静かな愛が絆を深める時期です。,愛が純化される日まで,,70,7,大切な人と二人きりで、静かな場所で本音を語る
TRANSIT_SUN,NATAL_SUN,0,Health,12,Air,1,Separating,睡眠を最優先にし、潜在意識から体調を整える。,心身が癒える日まで,,80,10,寝る前にスマホを見ず、暗い部屋で早めに眠りにつく
TRANSIT_SUN,NATAL_SUN,0,General,12,Water,0,Applying,深い癒やしを求め、魂を休息させる時期です。,心が澄み渡る日まで,,70,7,1人で静かに音楽を聴くか、入浴して心身を休める
TRANSIT_SUN,NATAL_SUN,0,Work,12,Water,0,Applying,舞台裏での準備や、目立たない貢献が光る時期です。,準備が整う日まで,,75,7,誰も見ていないところでの作業を丁寧に仕上げる
TRANSIT_SUN,NATAL_SUN,0,Money,12,Water,0,Applying,無意識の浪費を点検し、密かに資産を整えましょう。,資産が守られる日まで,,60,6,「なんとなく」の支出を1週間記録し、原因を探る
TRANSIT_SUN,NATAL_SUN,0,Love,12,Water,0,Applying,秘密の共有や、静かな愛が絆を深める時期です。,愛が純化される日まで,,70,7,大切な人と二人きりで、静かな場所で本音を語る
TRANSIT_SUN,NATAL_SUN,0,Health,12,Water,0,Applying,睡眠を最優先にし、潜在意識から体調を整える。,心身が癒える日まで,,80,10,寝る前にスマホを見ず、暗い部屋で早めに眠りにつく
TRANSIT_SUN,NATAL_SUN,0,General,12,Water,0,Separating,深い癒やしを求め、魂を休息させる時期です。,心が澄み渡る日まで,,70,7,1人で静かに音楽を聴くか、入浴して心身を休める
TRANSIT_SUN,NATAL_SUN,0,Work,12,Water,0,Separating,舞台裏での準備や、目立たない貢献が光る時期です。,準備が整う日まで,,75,7,誰も見ていないところでの作業を丁寧に仕上げる
TRANSIT_SUN,NATAL_SUN,0,Money,12,Water,0,Separating,無意識の浪費を点検し、密かに資産を整えましょう。,資産が守られる日まで,,60,6,「なんとなく」の支出を1週間記録し、原因を探る
TRANSIT_SUN,NATAL_SUN,0,Love,12,Water,0,Separating,秘密の共有や、静かな愛が絆を深める時期です。,愛が純化される日まで,,70,7,大切な人と二人きりで、静かな場所で本音を語る
TRANSIT_SUN,NATAL_SUN,0,Health,12,Water,0,Separating,睡眠を最優先にし、潜在意識から体調を整える。,心身が癒える日まで,,80,10,寝る前にスマホを見ず、暗い部屋で早めに眠りにつく
TRANSIT_SUN,NATAL_SUN,0,General,12,Water,1,Applying,過去のトラウマや心理的ダメージを整理する時期です。,心が澄み渡る日まで,,70,7,1人で静かに音楽を聴くか、入浴して心身を休める
TRANSIT_SUN,NATAL_SUN,0,Work,12,Water,1,Applying,舞台裏での準備や、目立たない貢献が光る時期です。,準備が整う日まで,,75,7,誰も見ていないところでの作業を丁寧に仕上げる
TRANSIT_SUN,NATAL_SUN,0,Money,12,Water,1,Applying,無意識の浪費を点検し、密かに資産を整えましょう。,資産が守られる日まで,,60,6,「なんとなく」の支出を1週間記録し、原因を探る
TRANSIT_SUN,NATAL_SUN,0,Love,12,Water,1,Applying,秘密の共有や、静かな愛が絆を深める時期です。,愛が純化される日まで,,70,7,大切な人と二人きりで、静かな場所で本音を語る
TRANSIT_SUN,NATAL_SUN,0,Health,12,Water,1,Applying,睡眠を最優先にし、潜在意識から体調を整える。,心身が癒える日まで,,80,10,寝る前にスマホを見ず、暗い部屋で早めに眠りにつく
TRANSIT_SUN,NATAL_SUN,0,General,12,Water,1,Separating,過去のトラウマや心理的ダメージを整理する時期です。,心が澄み渡る日まで,,70,7,1人で静かに音楽を聴くか、入浴して心身を休める
TRANSIT_SUN,NATAL_SUN,0,Work,12,Water,1,Separating,舞台裏での準備や、目立たない貢献が光る時期です。,準備が整う日まで,,75,7,誰も見ていないところでの作業を丁寧に仕上げる
TRANSIT_SUN,NATAL_SUN,0,Money,12,Water,1,Separating,無意識の浪費を点検し、密かに資産を整えましょう。,資産が守られる日まで,,60,6,「なんとなく」の支出を1週間記録し、原因を探る
TRANSIT_SUN,NATAL_SUN,0,Love,12,Water,1,Separating,秘密の共有や、静かな愛が絆を深める時期です。,愛が純化される日まで,,70,7,大切な人と二人きりで、静かな場所で本音を語る
TRANSIT_SUN,NATAL_SUN,0,Health,12,Water,1,Separating,睡眠を最優先にし、潜在意識から体調を整える。,心身が癒える日まで,,80,10,寝る前にスマホを見ず、暗い部屋で早めに眠りにつく
TRANSIT_SUN,NATAL_MOON,0,General,1,Fire,0,Applying,自分の感情や直感が非常に活発になり、自分らしく過ごしたいという衝動が強まる時期です。内なる活力を信じて、新しい活動に着手しましょう。,心が弾む日々まで,,85,10,今一番やりたいことを1つ選び、そのための最初のアクションを起こす
TRANSIT_SUN,NATAL_MOON,0,Work,1,Fire,0,Applying,仕事において直感や情熱を活かし、周囲に自分の存在感をアピールできる時です。主体的に動くことで、メンタル面でも安定が得られます。,自信が芯から湧く日まで,,80,9,自分の感情を仕事のアイデアに変換し、企画を提案してみる
TRANSIT_SUN,NATAL_MOON,0,Money,1,Fire,0,Applying,心が満たされるための支出が、結果的に意欲の向上に繋がる時期です。自分の可能性を広げるための「ときめく投資」を検討しましょう。,満足が得られる日まで,,65,8,以前から欲しかった、使うたびに元気になれる道具を1つ購入する
TRANSIT_SUN,NATAL_MOON,0,Love,1,Fire,0,Applying,自分の素直な感情をストレートに表現することで、魅力が最大限に発揮される時期です。情熱的な交流を楽しみ、絆を深めてください。,絆が燃え上がる日まで,,70,7,大切な人に自分の熱い思いや、今の正直な気持ちを言葉で伝える
TRANSIT_SUN,NATAL_MOON,0,Health,1,Fire,0,Applying,精神的な高揚感が身体の軽快さに繋がる時期です。運動を通じて内面のエネルギーを発散させることで、心身のバランスが整います。,活力が溢れる日まで,,75,10,音楽を聴きながらの軽いランニングやダンスを15分楽しむ
TRANSIT_SUN,NATAL_MOON,0,General,1,Fire,0,Separating,高まった感情が落ち着き、得られた活力を自分の中心に定着させる段階です。無理に動き続けず、内面の安定をじっくり楽しみましょう。,心が安定する日まで,,75,8,最近感じた高揚感を思い出し、その感覚を日記に整理する
TRANSIT_SUN,NATAL_SUN,0,Work,1,Fire,0,Separating,直感に基づいた活動が評価され、実務的な自信に繋がっています。現在の高いモチベーションを維持し、着実に業務を積み上げてください。,自信が成果を生む日まで,,70,7,得られた自信を元に、次に取り組むべきタスクの計画を立てる
TRANSIT_SUN,NATAL_MOON,0,Money,1,Fire,0,Separating,自分への投資によって満足感が高まり、経済活動への意欲が維持されています。良好な資金バランスを崩さないよう計画的な運用を。,確かな安心感が続く日まで,,60,6,今回の支出による心の変化を確認し、家計簿を更新する
TRANSIT_SUN,NATAL_MOON,0,Love,1,Fire,0,Separating,相手との情熱的な交流が一段落し、深い信頼関係へと移行する時期です。お互いの感情を尊重し合い、温かな関係を維持しましょう。,心が満たされる日々まで,,65,6,パートナーへの感謝を伝え、穏やかな二人きりの時間を過ごす
TRANSIT_SUN,NATAL_MOON,0,Health,1,Fire,0,Separating,活動による爽快感が定着し、安定した体調を実感できる時期です。現在の良好な生活リズムを維持することを優先してください。,新しいリズムが続く日まで,,70,6,運動後のリラックスした状態を大切にし、睡眠の質を確保する
TRANSIT_SUN,NATAL_MOON,0,General,1,Fire,1,Applying,自分の内面的な欲求や感情のパターンを冷静に再点検すべき時期です。抑え込んできた不満や情熱がないか、静かに見つめ直してください。,心が透明になる日まで,,60,7,最近感じたモヤモヤの原因を書き出し、本音を探る
TRANSIT_SUN,NATAL_MOON,0,Work,1,Fire,1,Applying,仕事に対する心理的な執着や無理がないか確認する時です。過去の情熱的な振る舞いが空回りしていなかったか振り返り、修正しましょう。,働きやすさが戻る日まで,,55,6,以前の成功体験が今の自分の足かせになっていないか自問自答する
TRANSIT_SUN,NATAL_MOON,0,Money,1,Fire,1,Applying,感情的な支出や、自分の価値を証明するための出費を見直してください。本当に心を満たしてくれる支出とは何かを再定義しましょう。,支出が最適化される日まで,,50,5,過去の「見栄」による支出がないかレシートを点検する
TRANSIT_SUN,NATAL_MOON,0,Love,1,Fire,1,Applying,対人関係における過去の感情的なトラブルやしこりを整理しましょう。意固地にならず、素直な気持ちを再確認することで道が開けます。,誤解が解ける日まで,,55,5,気まずかった相手との過去のやり取りを読み返し、自分の言動を省みる
TRANSIT_SUN,NATAL_MOON,0,Health,1,Fire,1,Applying,慢性的なストレスや心理的要因による体調の揺らぎを点検すべき時期です。過去に効果があった癒やしの習慣を思い出してください。,内なる安らぎが戻る日まで,,60,8,昔好きだった静かな趣味に没頭し、心の緊張を解きほぐす
TRANSIT_SUN,NATAL_MOON,0,General,1,Fire,1,Separating,内面の整理が完了し、洗練された感情で再び活動を開始できる状態です。自分の欲求がクリアになり、迷いがなくなっているはずです。,考えがスッキリまとまる日まで,,65,6,整理した感情を糧にして、今後の行動指針を1つ決める
TRANSIT_SUN,NATAL_MOON,0,Work,1,Fire,1,Separating,仕事に対する心理的な負担が解消され、再び前向きに取り組めるようになります。過去の失敗を教訓とした確実な業務遂行を目指しましょう。,自信が形になる日まで,,60,5,見直した仕事の進め方を1つ実行し、その手応えを確認する
TRANSIT_SUN,NATAL_MOON,0,Money,1,Fire,1,Separating,経済的な見直しが一段落し、心の満足度に基づいた健全な資産管理が始まります。賢い支出習慣を身につけていきましょう。,確かな安心感が得られる日まで,,55,4,見直した予算案を実際に運用し、心の変化を数値で確認する
TRANSIT_SUN,NATAL_MOON,0,Love,1,Fire,1,Separating,感情的なわだかまりが消え、誠実な対話によって関係が再構築されつつあります。再生した絆を大切に、ゆっくり信頼を深めてください。,新たな信頼が芽生える日まで,,60,4,和解した相手と、これからの将来について明るく話し合う
TRANSIT_SUN,NATAL_MOON,0,Health,1,Fire,1,Separating,心理的な要因による疲れが取れ、体調の安定を実感できる時期です。見直した生活リズムを守り、持続可能な活力を維持しましょう。,身体の芯から安定する日まで,,65,6,新しい健康習慣を1週間継続し、体調の変化を実感する
TRANSIT_SUN,NATAL_MOON,0,General,1,Earth,0,Applying,自分の感覚や身体的な心地よさを大切に、実利的な活動を積み上げる時期です。五感を満たしながら、地道に行動することが幸運を呼びます。,成果が目に見える日まで,,90,10,自分が最も心地よいと感じる空間を作り、そこで作業をする
TRANSIT_SUN,NATAL_MOON,0,Work,1,Earth,0,Applying,仕事において丁寧さと正確さが発揮され、周囲からの信頼が厚くなる時です。地味な作業もコツコツこなすことで、大きな成果に繋がります。,プロの仕事が評価される日まで,,85,9,担当業務の全工程を丁寧に見直し、完成度をさらに10%高める
TRANSIT_SUN,NATAL_MOON,0,Money,1,Earth,0,Applying,堅実な金銭感覚が高まり、長期的な安心感のための資産形成が捗る時です。無駄を省き、実用的なものに投資する意識を持ってください。,経済的基盤が固まる日まで,,80,8,毎月の貯蓄額を再確認し、1000円でも上乗せする計画を立てる
TRANSIT_SUN,NATAL_MOON,0,Love,1,Earth,0,Applying,安定した人間関係を築ける時期です。派手なアピールよりも、日々の誠実な対応や約束を守る姿勢が、深い信頼を育みます。,揺るぎない絆ができる日まで,,75,7,大切な人のために、実用的な手伝いやサポートを自分から行う
TRANSIT_SUN,NATAL_MOON,0,Health,1,Earth,0,Applying,身体のメンテナンスを楽しみながら行える時期です。良質な食事や規則正しい生活を習慣化し、安定した活力を維持しましょう。,健康的な美しさが宿る日まで,,85,10,旬の食材を1つ料理に取り入れ、身体が喜ぶ食事を楽しむ
TRANSIT_SUN,NATAL_MOON,0,General,1,Earth,0,Separating,努力した結果が具体的な形として定着し、心身の安定感が増しています。現在の良好なリズムを崩さず、淡々と継続してください。,安定した暮らしが続く日まで,,80,8,これまでの整理整頓の効果を確認し、今の状態を維持する
TRANSIT_SUN,NATAL_MOON,0,Work,1,Earth,0,Separating,実務的な評価が揺るぎないものとなり、職場での立場が安定しています。現在の高い品質を維持し、さらなる専門特化を目指しましょう。,確かな地位が固まる日まで,,75,7,今回の成功事例をメモに残し、自分の標準的な手順として定着させる
TRANSIT_SUN,NATAL_MOON,0,Money,1,Earth,0,Separating,経済的な規律が身につき、無理のない資産管理ができている状態です。得られた余裕を、将来の備えに回す計画を継続してください。,資産が着実に増える日まで,,70,6,貯蓄専用口座の残高を確認し、計画の正しさを実感する
TRANSIT_SUN,NATAL_MOON,0,Love,1,Earth,0,Separating,周囲との信頼関係が安定した協力体制となり、落ち着いた日々が続いています。お互いを尊重し合う姿勢が、良好な関係を維持させます。,穏やかな絆が続く日まで,,65,5,サポートしてくれた仲間に、ささやかなお礼や気遣いを示す
TRANSIT_SUN,NATAL_MOON,0,Health,1,Earth,0,Separating,健康的な生活習慣が定着し、良好なコンディションを維持できています。見直したリズムを守り、内側からの活力を安定させましょう。,良好な体調が続く日まで,,75,6,定着した健康習慣を今後も継続し、体調の変化を記録し続ける
TRANSIT_SUN,NATAL_MOON,0,General,1,Earth,1,Applying,生活習慣や身体感覚に対する、過去の思い込みを見直すべき時期です。曖昧にしていた体調のサインを丁寧に汲み取ってください。,身体の声が聞こえる日まで,,60,7,最近感じた身体の違和感を書き出し、その原因（睡眠不足等）を推測する
TRANSIT_SUN,NATAL_MOON,0,Work,1,Earth,1,Applying,実務において、過去のミスや見落としがないか再点検する時です。以前上手くいかなかった手順を思い出し、今の自分ならどう改善するか考えましょう。,仕事の精度が上がる日まで,,55,6,過去の業務マニュアルを読み返し、自己流になっていた箇所を修正する
TRANSIT_SUN,NATAL_MOON,0,Money,1,Earth,1,Applying,「不安を埋めるための買い溜め」など、過去の支出パターンを再評価してください。より安心に繋がる、効率的な管理法への転換が必要です。,無駄な出費が特定される日まで,,50,5,家計の備蓄品の在庫を全て洗い出し、不要な購入を控える計画を立てる
TRANSIT_SUN,NATAL_MOON,0,Love,1,Earth,1,Applying,人間関係における過去の実務的な貸し借りや、曖昧な約束を整理しましょう。しこりを清算し、関係をクリアにするのに良い時です。,未完了の案件が片付く日まで,,55,4,借りていた事務用品や、家族に頼まれていた小さな用事を速やかに済ます
TRANSIT_SUN,NATAL_MOON,0,Health,1,Earth,1,Applying,習慣化していた健康法が実は身体の負担になっていないか確認する時期です。基本に立ち返り、自分の今の体調を精密に点検してください。,習慣が正しく修正される日まで,,60,8,普段の運動のフォームや、食事のタイミングが適切か再点検する
TRANSIT_SUN,NATAL_MOON,0,General,1,Earth,1,Separating,基盤の再構築が完了し、より確かな感覚で再スタートを切れる状態です。見直した生活習慣によって、毎日の快適さが向上するでしょう。,確かな指針が得られる日まで,,65,6,修正したルーチンを1週間実践し、その効果を確認する
TRANSIT_SUN,NATAL_MOON,0,Work,1,Earth,1,Separating,実務上の修正が実を結び、ミスが減って作業効率が向上してきます。再構築した手順を定着させ、安定した精神状態で仕事に臨みましょう。,確実な成果が出始める日まで,,60,5,改善した手順をチームに共有し、定着を図る
TRANSIT_SUN,NATAL_MOON,0,Money,1,Earth,1,Separating,経済的な見直しによって将来の展望が確かなものに変化しました。整理されたクリアな状態を維持し、着実に備蓄を増やしていきましょう。,将来への不安が消える日まで,,55,4,見直した節約計画を1週間実践し、その効果を数値で確認する
TRANSIT_SUN,NATAL_MOON,0,Love,1,Earth,1,Separating,過去の実務的なしこりが解消され、誠実な協力体制が戻りつつあります。清算された状態で、新しい信頼を築いていってください。,クリーンな関係が始まる日まで,,60,4,清算が済んだ相手と、これからの生活改善について前向きに話す
TRANSIT_SUN,NATAL_MOON,0,Health,1,Earth,1,Separating,最適な健康管理の仕組みが再構築され、身体の安定を実感できる時期です。見直した生活リズムを大切に守り、健やかな身体を維持してください。,身体の芯から整う日まで,,65,6,改善したルーチンを1週間継続し、体調の変化を実感する
TRANSIT_SUN,NATAL_MOON,0,General,1,Air,0,Applying,論理的な思考が高まり、自分の感情を言葉で整理して発信できる時期です。情報の取捨選択がスムーズになり、知的な自信が高まります。,思考が整理される日まで,,80,10,今の複雑な感情を箇条書きでメモし、客観的に分析する
TRANSIT_SUN,NATAL_MOON,0,Work,1,Air,0,Applying,仕事での伝達能力が高まり、プレゼンや連絡がスムーズに進む時です。簡潔で分かりやすい説明を心がけることで、高い評価が得られます。,言葉の精度が上がる日まで,,75,9,指示や報告をする際、5W1Hを明確にしたテンプレートを作成して活用する
TRANSIT_SUN,NATAL_MOON,0,Money,1,Air,0,Applying,家計管理や投資に関する最新の情報を効率よくキャッチできる時です。合理的な判断を下し、無駄のない資金運用を目指しましょう。,賢い選択ができる日まで,,65,7,家賃や保険の比較サイトを精査し、より有利なプランを探す
TRANSIT_SUN,NATAL_MOON,0,Love,1,Air,0,Applying,知的な刺激を交換し合える新しい人脈が広がる予感があります。相手の独立した考えを尊重しながら、軽やかな交流を楽しんでください。,刺激的な交流が始まる日まで,,70,8,興味のある分野のコミュニティに参加し、自分から積極的に発信を始める
TRANSIT_SUN,NATAL_MOON,0,Health,1,Air,0,Applying,健康に関する最新のデータや論文を読み解き、科学的な管理を開始できる時です。メンタルヘルスの知識も積極的に取り入れましょう。,知性が健康を守る日まで,,70,9,ストレス解消に役立つ科学的な方法を1つ学び、試してみる
TRANSIT_SUN,NATAL_MOON,0,General,1,Air,0,Separating,収集した情報の整理が完了し、自分なりの考えが固まっています。論理的な裏付けがあるため、迷いなく行動を続けていけるでしょう。,計画が形になる日まで,,75,7,整理した情報を元に、一つ行動指針（メモ）を完成させる
TRANSIT_SUN,NATAL_MOON,0,Work,1,Air,0,Separating,スムーズな連絡が実務上のストレスを大幅に軽減しています。現在の風通しの良いコミュニケーションを維持し、安定した連携を保ちましょう。,連携が成果を生む日まで,,70,6,重要な連絡を共有カレンダー等に反映させ、漏れをなくす
TRANSIT_SUN,NATAL_MOON,0,Money,1,Air,0,Separating,合理的な判断に基づいた家計管理が、具体的な時間の節約や効率化に繋がっています。現在の情報管理を継続してください。,賢い働き方が定着する日まで,,60,5,今回導入した効率化ツールの効果を計算し、成果を確認する
TRANSIT_SUN,NATAL_MOON,0,Love,1,Air,0,Separating,知的な交流を通じて相手との理解が一段と深まりました。独立した個として尊重し合える関係を、今後も大切に育んでください。,深い理解が続く日まで,,65,6,情報交換をした相手に感謝を伝え、自分の進捗も定期的に共有する
TRANSIT_SUN,NATAL_MOON,0,Health,1,Air,0,Separating,データに基づいた健康管理が習慣化し、心身のバランスが整っています。ストレスを論理的に分析・解消する習慣を継続してください。,心が安定するリズムが続く日まで,,70,6,一週間の体調データを振り返り、不調の予兆がないか確認する
TRANSIT_SUN,NATAL_MOON,0,General,1,Air,1,Applying,自分の考えを論理的に整理し直す時期です。,心が整理される日まで,,75,8,過去のメモや日記を読み返す
TRANSIT_SUN,NATAL_MOON,0,Work,1,Air,1,Applying,実務的な連絡や連携を点検しましょう。,連携がスムーズになる日まで,,70,7,未返信のメールや連絡事項がないか確認する
TRANSIT_SUN,NATAL_MOON,0,Money,1,Air,1,Applying,家計の管理方法を合理的に見直す時期です。,資産が守られる日まで,,60,6,サブスク等の固定費を1つ解約する
TRANSIT_SUN,NATAL_MOON,0,Love,1,Air,1,Applying,相手との距離感を適切に保ちましょう。,絆が深まる日まで,,65,6,感謝の気持ちをメッセージで伝える
TRANSIT_SUN,NATAL_MOON,0,Health,1,Air,1,Applying,睡眠のリズムを整え、脳を休めてください。,活力が戻る日まで,,70,9,寝る前のスマホ操作を控え、読書をする
TRANSIT_SUN,NATAL_MOON,0,General,1,Air,1,Separating,自分の考えを論理的に整理し直す時期です。,心が整理される日まで,,75,8,過去のメモや日記を読み返す
TRANSIT_SUN,NATAL_MOON,0,Work,1,Air,1,Separating,実務的な連絡や連携を点検しましょう。,連携がスムーズになる日まで,,70,7,未返信のメールや連絡事項がないか確認する
TRANSIT_SUN,NATAL_MOON,0,Money,1,Air,1,Separating,家計の管理方法を合理的に見直す時期です。,資産が守られる日まで,,60,6,サブスク等の固定費を1つ解約する
TRANSIT_SUN,NATAL_MOON,0,Love,1,Air,1,Separating,相手との距離感を適切に保ちましょう。,絆が深まる日まで,,65,6,感謝の気持ちをメッセージで伝える
TRANSIT_SUN,NATAL_MOON,0,Health,1,Air,1,Separating,睡眠のリズムを整え、脳を休めてください。,活力が戻る日まで,,70,9,寝る前のスマホ操作を控え、読書をする
TRANSIT_SUN,NATAL_MOON,0,General,1,Water,0,Applying,心の平穏を第一に考える時期です。,心が整理される日まで,,75,8,1人で静かに過ごす時間を15分確保する
TRANSIT_SUN,NATAL_MOON,0,Work,1,Water,0,Applying,実務的な連絡や連携を点検しましょう。,連携がスムーズになる日まで,,70,7,未返信のメールや連絡事項がないか確認する
TRANSIT_SUN,NATAL_MOON,0,Money,1,Water,0,Applying,家計の管理方法を合理的に見直す時期です。,資産が守られる日まで,,60,6,サブスク等の固定費を1つ解約する
TRANSIT_SUN,NATAL_MOON,0,Love,1,Water,0,Applying,相手との距離感を適切に保ちましょう。,絆が深まる日まで,,65,6,感謝の気持ちをメッセージで伝える
TRANSIT_SUN,NATAL_MOON,0,Health,1,Water,0,Applying,睡眠のリズムを整え、脳を休めてください。,活力が戻る日まで,,70,9,寝る前のスマホ操作を控え、読書をする
TRANSIT_SUN,NATAL_MOON,0,General,1,Water,0,Separating,心の平穏を第一に考える時期です。,心が整理される日まで,,75,8,1人で静かに過ごす時間を15分確保する
TRANSIT_SUN,NATAL_MOON,0,Work,1,Water,0,Separating,実務的な連絡や連携を点検しましょう。,連携がスムーズになる日まで,,70,7,未返信のメールや連絡事項がないか確認する
TRANSIT_SUN,NATAL_MOON,0,Money,1,Water,0,Separating,家計の管理方法を合理的に見直す時期です。,資産が守られる日まで,,60,6,サブスク等の固定費を1つ解約する
TRANSIT_SUN,NATAL_MOON,0,Love,1,Water,0,Separating,相手との距離感を適切に保ちましょう。,絆が深まる日まで,,65,6,感謝の気持ちをメッセージで伝える
TRANSIT_SUN,NATAL_MOON,0,Health,1,Water,0,Separating,睡眠のリズムを整え、脳を休めてください。,活力が戻る日まで,,70,9,寝る前のスマホ操作を控え、読書をする
TRANSIT_SUN,NATAL_MOON,0,General,1,Water,1,Applying,内面的な感情の波を静かに見つめる時期です。,心が整理される日まで,,75,8,1人で静かに過ごす時間を15分確保する
TRANSIT_SUN,NATAL_MOON,0,Work,1,Water,1,Applying,実務的な連絡や連携を点検しましょう。,連携がスムーズになる日まで,,70,7,未返信のメールや連絡事項がないか確認する
TRANSIT_SUN,NATAL_MOON,0,Money,1,Water,1,Applying,家計の管理方法を合理的に見直す時期です。,資産が守られる日まで,,60,6,サブスク等の固定費を1つ解約する
TRANSIT_SUN,NATAL_MOON,0,Love,1,Water,1,Applying,相手との距離感を適切に保ちましょう。,絆が深まる日まで,,65,6,感謝の気持ちをメッセージで伝える
TRANSIT_SUN,NATAL_MOON,0,Health,1,Water,1,Applying,睡眠のリズムを整え、脳を休めてください。,活力が戻る日まで,,70,9,寝る前のスマホ操作を控え、読書をする
TRANSIT_SUN,NATAL_MOON,0,General,1,Water,1,Separating,内面的な感情の波を静かに見つめる時期です。,心が整理される日まで,,75,8,1人で静かに過ごす時間を15分確保する
TRANSIT_SUN,NATAL_MOON,0,Work,1,Water,1,Separating,実務的な連絡や連携を点検しましょう。,連携がスムーズになる日まで,,70,7,未返信のメールや連絡事項がないか確認する
TRANSIT_SUN,NATAL_MOON,0,Money,1,Water,1,Separating,家計の管理方法を合理的に見直す時期です。,資産が守られる日まで,,60,6,サブスク等の固定費を1つ解約する
TRANSIT_SUN,NATAL_MOON,0,Love,1,Water,1,Separating,相手との距離感を適切に保ちましょう。,絆が深まる日まで,,65,6,感謝の気持ちをメッセージで伝える
TRANSIT_SUN,NATAL_MOON,0,Health,1,Water,1,Separating,睡眠のリズムを整え、脳を休めてください。,活力が戻る日まで,,70,9,寝る前のスマホ操作を控え、読書をする
TRANSIT_SUN,NATAL_MOON,0,General,2,Fire,0,Applying,価値観や収益への意欲が高まる時期です。,目標が形になる日まで,,80,8,自分の強みを1つ書き出し収益化を考える
TRANSIT_SUN,NATAL_MOON,0,Work,2,Fire,0,Applying,実務面での安定を目指しましょう。,評価が上がる日まで,,75,7,業務の進捗を上司に報告する
TRANSIT_SUN,NATAL_MOON,0,Money,2,Fire,0,Applying,経済的な安心感を優先してください。,家計が安定する日まで,,65,6,今週の支出を振り返り無駄を省く
TRANSIT_SUN,NATAL_MOON,0,Love,2,Fire,0,Applying,情緒的な交流が絆を深めます。,絆が深まる日まで,,70,7,相手の相談を親身に聞く
TRANSIT_SUN,NATAL_MOON,0,Health,2,Fire,0,Applying,体調の変化に敏感になりましょう。,活力が続く日まで,,75,9,バランスの良い食事を心がける
TRANSIT_SUN,NATAL_MOON,0,General,2,Fire,0,Separating,価値観や収益への意欲が高まる時期です。,目標が形になる日まで,,80,8,自分の強みを1つ書き出し収益化を考える
TRANSIT_SUN,NATAL_MOON,0,Work,2,Fire,0,Separating,実務面での安定を目指しましょう。,評価が上がる日まで,,75,7,業務の進捗を上司に報告する
TRANSIT_SUN,NATAL_MOON,0,Money,2,Fire,0,Separating,経済的な安心感を優先してください。,家計が安定する日まで,,65,6,今週の支出を振り返り無駄を省く
TRANSIT_SUN,NATAL_MOON,0,Love,2,Fire,0,Separating,情緒的な交流が絆を深めます。,絆が深まる日まで,,70,7,相手の相談を親身に聞く
TRANSIT_SUN,NATAL_MOON,0,Health,2,Fire,0,Separating,体調の変化に敏感になりましょう。,活力が続く日まで,,75,9,バランスの良い食事を心がける
TRANSIT_SUN,NATAL_MOON,0,General,2,Fire,1,Applying,価値観や収益への意欲が高まる時期です。,目標が形になる日まで,,80,8,自分の強みを1つ書き出し収益化を考える
TRANSIT_SUN,NATAL_MOON,0,Work,2,Fire,1,Applying,実務面での安定を目指しましょう。,評価が上がる日まで,,75,7,業務の進捗を上司に報告する
TRANSIT_SUN,NATAL_MOON,0,Money,2,Fire,1,Applying,経済的な安心感を優先してください。,家計が安定する日まで,,65,6,今週の支出を振り返り無駄を省く
TRANSIT_SUN,NATAL_MOON,0,Love,2,Fire,1,Applying,情緒的な交流が絆を深めます。,絆が深まる日まで,,70,7,相手の相談を親身に聞く
TRANSIT_SUN,NATAL_MOON,0,Health,2,Fire,1,Applying,体調の変化に敏感になりましょう。,活力が続く日まで,,75,9,バランスの良い食事を心がける
TRANSIT_SUN,NATAL_MOON,0,General,2,Fire,1,Separating,価値観や収益への意欲が高まる時期です。,目標が形になる日まで,,80,8,自分の強みを1つ書き出し収益化を考える
TRANSIT_SUN,NATAL_MOON,0,Work,2,Fire,1,Separating,実務面での安定を目指しましょう。,評価が上がる日まで,,75,7,業務の進捗を上司に報告する
TRANSIT_SUN,NATAL_MOON,0,Money,2,Fire,1,Separating,経済的な安心感を優先してください。,家計が安定する日まで,,65,6,今週の支出を振り返り無駄を省く
TRANSIT_SUN,NATAL_MOON,0,Love,2,Fire,1,Separating,情緒的な交流が絆を深めます。,絆が深まる日まで,,70,7,相手の相談を親身に聞く
TRANSIT_SUN,NATAL_MOON,0,Health,2,Fire,1,Separating,体調の変化に敏感になりましょう。,活力が続く日まで,,75,9,バランスの良い食事を心がける
TRANSIT_SUN,NATAL_MOON,0,General,2,Earth,0,Applying,価値観や収益への意欲が高まる時期です。,目標が形になる日まで,,80,8,自分の強みを1つ書き出し収益化を考える
TRANSIT_SUN,NATAL_MOON,0,Work,2,Earth,0,Applying,実務面での安定を目指しましょう。,評価が上がる日まで,,75,7,業務の進捗を上司に報告する
TRANSIT_SUN,NATAL_MOON,0,Money,2,Earth,0,Applying,経済的な安心感を優先してください。,家計が安定する日まで,,65,6,今週の支出を振り返り無駄を省く
TRANSIT_SUN,NATAL_MOON,0,Love,2,Earth,0,Applying,情緒的な交流が絆を深めます。,絆が深まる日まで,,70,7,相手の相談を親身に聞く
TRANSIT_SUN,NATAL_MOON,0,Health,2,Earth,0,Applying,体調の変化に敏感になりましょう。,活力が続く日まで,,75,9,バランスの良い食事を心がける
TRANSIT_SUN,NATAL_MOON,0,General,2,Earth,0,Separating,価値観や収益への意欲が高まる時期です。,目標が形になる日まで,,80,8,自分の強みを1つ書き出し収益化を考える
TRANSIT_SUN,NATAL_MOON,0,Work,2,Earth,0,Separating,実務面での安定を目指しましょう。,評価が上がる日まで,,75,7,業務の進捗を上司に報告する
TRANSIT_SUN,NATAL_MOON,0,Money,2,Earth,0,Separating,経済的な安心感を優先してください。,家計が安定する日まで,,65,6,今週の支出を振り返り無駄を省く
TRANSIT_SUN,NATAL_MOON,0,Love,2,Earth,0,Separating,情緒的な交流が絆を深めます。,絆が深まる日まで,,70,7,相手の相談を親身に聞く
TRANSIT_SUN,NATAL_MOON,0,Health,2,Earth,0,Separating,体調の変化に敏感になりましょう。,活力が続く日まで,,75,9,バランスの良い食事を心がける
TRANSIT_SUN,NATAL_MOON,0,General,2,Earth,1,Applying,価値観や収益への意欲が高まる時期です。,目標が形になる日まで,,80,8,自分の強みを1つ書き出し収益化を考える
TRANSIT_SUN,NATAL_MOON,0,Work,2,Earth,1,Applying,実務面での安定を目指しましょう。,評価が上がる日まで,,75,7,業務の進捗を上司に報告する
TRANSIT_SUN,NATAL_MOON,0,Money,2,Earth,1,Applying,経済的な安心感を優先してください。,家計が安定する日まで,,65,6,今週の支出を振り返り無駄を省く
TRANSIT_SUN,NATAL_MOON,0,Love,2,Earth,1,Applying,情緒的な交流が絆を深めます。,絆が深まる日まで,,70,7,相手の相談を親身に聞く
TRANSIT_SUN,NATAL_MOON,0,Health,2,Earth,1,Applying,体調の変化に敏感になりましょう。,活力が続く日まで,,75,9,バランスの良い食事を心がける
TRANSIT_SUN,NATAL_MOON,0,General,2,Earth,1,Separating,価値観や収益への意欲が高まる時期です。,目標が形になる日まで,,80,8,自分の強みを1つ書き出し収益化を考える
TRANSIT_SUN,NATAL_MOON,0,Work,2,Earth,1,Separating,実務面での安定を目指しましょう。,評価が上がる日まで,,75,7,業務の進捗を上司に報告する
TRANSIT_SUN,NATAL_MOON,0,Money,2,Earth,1,Separating,経済的な安心感を優先してください。,家計が安定する日まで,,65,6,今週の支出を振り返り無駄を省く
TRANSIT_SUN,NATAL_MOON,0,Love,2,Earth,1,Separating,情緒的な交流が絆を深めます。,絆が深まる日まで,,70,7,相手の相談を親身に聞く
TRANSIT_SUN,NATAL_MOON,0,Health,2,Earth,1,Separating,体調の変化に敏感になりましょう。,活力が続く日まで,,75,9,バランスの良い食事を心がける
TRANSIT_SUN,NATAL_MOON,0,General,2,Air,0,Applying,価値観や収益への意欲が高まる時期です。,目標が形になる日まで,,80,8,自分の強みを1つ書き出し収益化を考える
TRANSIT_SUN,NATAL_MOON,0,Work,2,Air,0,Applying,実務面での安定を目指しましょう。,評価が上がる日まで,,75,7,業務の進捗を上司に報告する
TRANSIT_SUN,NATAL_MOON,0,Money,2,Air,0,Applying,経済的な安心感を優先してください。,家計が安定する日まで,,65,6,今週の支出を振り返り無駄を省く
TRANSIT_SUN,NATAL_MOON,0,Love,2,Air,0,Applying,情緒的な交流が絆を深めます。,絆が深まる日まで,,70,7,相手の相談を親身に聞く
TRANSIT_SUN,NATAL_MOON,0,Health,2,Air,0,Applying,体調の変化に敏感になりましょう。,活力が続く日まで,,75,9,バランスの良い食事を心がける
TRANSIT_SUN,NATAL_MOON,0,General,2,Air,0,Separating,価値観や収益への意欲が高まる時期です。,目標が形になる日まで,,80,8,自分の強みを1つ書き出し収益化を考える
TRANSIT_SUN,NATAL_MOON,0,Work,2,Air,0,Separating,実務面での安定を目指しましょう。,評価が上がる日まで,,75,7,業務の進捗を上司に報告する
TRANSIT_SUN,NATAL_MOON,0,Money,2,Air,0,Separating,経済的な安心感を優先してください。,家計が安定する日まで,,65,6,今週の支出を振り返り無駄を省く
TRANSIT_SUN,NATAL_MOON,0,Love,2,Air,0,Separating,情緒的な交流が絆を深めます。,絆が深まる日まで,,70,7,相手の相談を親身に聞く
TRANSIT_SUN,NATAL_MOON,0,Health,2,Air,0,Separating,体調の変化に敏感になりましょう。,活力が続く日まで,,75,9,バランスの良い食事を心がける
TRANSIT_SUN,NATAL_MOON,0,General,2,Air,1,Applying,価値観や収益への意欲が高まる時期です。,目標が形になる日まで,,80,8,自分の強みを1つ書き出し収益化を考える
TRANSIT_SUN,NATAL_MOON,0,Work,2,Air,1,Applying,実務面での安定を目指しましょう。,評価が上がる日まで,,75,7,業務の進捗を上司に報告する
TRANSIT_SUN,NATAL_MOON,0,Money,2,Air,1,Applying,経済的な安心感を優先してください。,家計が安定する日まで,,65,6,今週の支出を振り返り無駄を省く
TRANSIT_SUN,NATAL_MOON,0,Love,2,Air,1,Applying,情緒的な交流が絆を深めます。,絆が深まる日まで,,70,7,相手の相談を親身に聞く
TRANSIT_SUN,NATAL_MOON,0,Health,2,Air,1,Applying,体調の変化に敏感になりましょう。,活力が続く日まで,,75,9,バランスの良い食事を心がける
TRANSIT_SUN,NATAL_MOON,0,General,2,Air,1,Separating,価値観や収益への意欲が高まる時期です。,目標が形になる日まで,,80,8,自分の強みを1つ書き出し収益化を考える
TRANSIT_SUN,NATAL_MOON,0,Work,2,Air,1,Separating,実務面での安定を目指しましょう。,評価が上がる日まで,,75,7,業務の進捗を上司に報告する
TRANSIT_SUN,NATAL_MOON,0,Money,2,Air,1,Separating,経済的な安心感を優先してください。,家計が安定する日まで,,65,6,今週の支出を振り返り無駄を省く
TRANSIT_SUN,NATAL_MOON,0,Love,2,Air,1,Separating,情緒的な交流が絆を深めます。,絆が深まる日まで,,70,7,相手の相談を親身に聞く
TRANSIT_SUN,NATAL_MOON,0,Health,2,Air,1,Separating,体調の変化に敏感になりましょう。,活力が続く日まで,,75,9,バランスの良い食事を心がける
TRANSIT_SUN,NATAL_MOON,0,General,2,Water,0,Applying,価値観や収益への意欲が高まる時期です。,目標が形になる日まで,,80,8,自分の強みを1つ書き出し収益化を考える
TRANSIT_SUN,NATAL_MOON,0,Work,2,Water,0,Applying,実務面での安定を目指しましょう。,評価が上がる日まで,,75,7,業務の進捗を上司に報告する
TRANSIT_SUN,NATAL_MOON,0,Money,2,Water,0,Applying,経済的な安心感を優先してください。,家計が安定する日まで,,65,6,今週の支出を振り返り無駄を省く
TRANSIT_SUN,NATAL_MOON,0,Love,2,Water,0,Applying,情緒的な交流が絆を深めます。,絆が深まる日まで,,70,7,相手の相談を親身に聞く
TRANSIT_SUN,NATAL_MOON,0,Health,2,Water,0,Applying,体調の変化に敏感になりましょう。,活力が続く日まで,,75,9,バランスの良い食事を心がける
TRANSIT_SUN,NATAL_MOON,0,General,2,Water,0,Separating,価値観や収益への意欲が高まる時期です。,目標が形になる日まで,,80,8,自分の強みを1つ書き出し収益化を考える
TRANSIT_SUN,NATAL_MOON,0,Work,2,Water,0,Separating,実務面での安定を目指しましょう。,評価が上がる日まで,,75,7,業務の進捗を上司に報告する
TRANSIT_SUN,NATAL_MOON,0,Money,2,Water,0,Separating,経済的な安心感を優先してください。,家計が安定する日まで,,65,6,今週の支出を振り返り無駄を省く
TRANSIT_SUN,NATAL_MOON,0,Love,2,Water,0,Separating,情緒的な交流が絆を深めます。,絆が深まる日まで,,70,7,相手の相談を親身に聞く
TRANSIT_SUN,NATAL_MOON,0,Health,2,Water,0,Separating,体調の変化に敏感になりましょう。,活力が続く日まで,,75,9,バランスの良い食事を心がける
TRANSIT_SUN,NATAL_MOON,0,General,2,Water,1,Applying,価値観や収益への意欲が高まる時期です。,目標が形になる日まで,,80,8,自分の強みを1つ書き出し収益化を考える
TRANSIT_SUN,NATAL_MOON,0,Work,2,Water,1,Applying,実務面での安定を目指しましょう。,評価が上がる日まで,,75,7,業務の進捗を上司に報告する
TRANSIT_SUN,NATAL_MOON,0,Money,2,Water,1,Applying,経済的な安心感を優先してください。,家計が安定する日まで,,65,6,今週の支出を振り返り無駄を省く
TRANSIT_SUN,NATAL_MOON,0,Love,2,Water,1,Applying,情緒的な交流が絆を深めます。,絆が深まる日まで,,70,7,相手の相談を親身に聞く
TRANSIT_SUN,NATAL_MOON,0,Health,2,Water,1,Applying,体調の変化に敏感になりましょう。,活力が続く日まで,,75,9,バランスの良い食事を心がける
TRANSIT_SUN,NATAL_MOON,0,General,2,Water,1,Separating,価値観や収益への意欲が高まる時期です。,目標が形になる日まで,,80,8,自分の強みを1つ書き出し収益化を考える
TRANSIT_SUN,NATAL_MOON,0,Work,2,Water,1,Separating,実務面での安定を目指しましょう。,評価が上がる日まで,,75,7,業務の進捗を上司に報告する
TRANSIT_SUN,NATAL_MOON,0,Money,2,Water,1,Separating,経済的な安心感を優先してください。,家計が安定する日まで,,65,6,今週の支出を振り返り無駄を省く
TRANSIT_SUN,NATAL_MOON,0,Love,2,Water,1,Separating,情緒的な交流が絆を深めます。,絆が深まる日まで,,70,7,相手の相談を親身に聞く
TRANSIT_SUN,NATAL_MOON,0,Health,2,Water,1,Separating,体調の変化に敏感になりましょう。,活力が続く日まで,,75,9,バランスの良い食事を心がける
TRANSIT_SUN,NATAL_MOON,0,General,3,Fire,0,Applying,学びや伝達が捗る時期です。,目標が形になる日まで,,80,8,興味のある分野の記事を読み要約する
TRANSIT_SUN,NATAL_MOON,0,Work,3,Fire,0,Applying,実務面での安定を目指しましょう。,評価が上がる日まで,,75,7,業務の進捗を上司に報告する
TRANSIT_SUN,NATAL_MOON,0,Money,3,Fire,0,Applying,経済的な安心感を優先してください。,家計が安定する日まで,,65,6,今週の支出を振り返り無駄を省く
TRANSIT_SUN,NATAL_MOON,0,Love,3,Fire,0,Applying,情緒的な交流が絆を深めます。,絆が深まる日まで,,70,7,相手の相談を親身に聞く
TRANSIT_SUN,NATAL_MOON,0,Health,3,Fire,0,Applying,体調の変化に敏感になりましょう。,活力が続く日まで,,75,9,バランスの良い食事を心がける
TRANSIT_SUN,NATAL_MOON,0,General,3,Fire,0,Separating,学びや伝達が捗る時期です。,目標が形になる日まで,,80,8,興味のある分野の記事を読み要約する
TRANSIT_SUN,NATAL_MOON,0,Work,3,Fire,0,Separating,実務面での安定を目指しましょう。,評価が上がる日まで,,75,7,業務の進捗を上司に報告する
TRANSIT_SUN,NATAL_MOON,0,Money,3,Fire,0,Separating,経済的な安心感を優先してください。,家計が安定する日まで,,65,6,今週の支出を振り返り無駄を省く
TRANSIT_SUN,NATAL_MOON,0,Love,3,Fire,0,Separating,情緒的な交流が絆を深めます。,絆が深まる日まで,,70,7,相手の相談を親身に聞く
TRANSIT_SUN,NATAL_MOON,0,Health,3,Fire,0,Separating,体調の変化に敏感になりましょう。,活力が続く日まで,,75,9,バランスの良い食事を心がける
TRANSIT_SUN,NATAL_MOON,0,General,3,Fire,1,Applying,学びや伝達が捗る時期です。,目標が形になる日まで,,80,8,興味のある分野の記事を読み要約する
TRANSIT_SUN,NATAL_MOON,0,Work,3,Fire,1,Applying,実務面での安定を目指しましょう。,評価が上がる日まで,,75,7,業務の進捗を上司に報告する
TRANSIT_SUN,NATAL_MOON,0,Money,3,Fire,1,Applying,経済的な安心感を優先してください。,家計が安定する日まで,,65,6,今週の支出を振り返り無駄を省く
TRANSIT_SUN,NATAL_MOON,0,Love,3,Fire,1,Applying,情緒的な交流が絆を深めます。,絆が深まる日まで,,70,7,相手の相談を親身に聞く
TRANSIT_SUN,NATAL_MOON,0,Health,3,Fire,1,Applying,体調の変化に敏感になりましょう。,活力が続く日まで,,75,9,バランスの良い食事を心がける
TRANSIT_SUN,NATAL_MOON,0,General,3,Fire,1,Separating,学びや伝達が捗る時期です。,目標が形になる日まで,,80,8,興味のある分野の記事を読み要約する
TRANSIT_SUN,NATAL_MOON,0,Work,3,Fire,1,Separating,実務面での安定を目指しましょう。,評価が上がる日まで,,75,7,業務の進捗を上司に報告する
TRANSIT_SUN,NATAL_MOON,0,Money,3,Fire,1,Separating,経済的な安心感を優先してください。,家計が安定する日まで,,65,6,今週の支出を振り返り無駄を省く
TRANSIT_SUN,NATAL_MOON,0,Love,3,Fire,1,Separating,情緒的な交流が絆を深めます。,絆が深まる日まで,,70,7,相手の相談を親身に聞く
TRANSIT_SUN,NATAL_MOON,0,Health,3,Fire,1,Separating,体調の変化に敏感になりましょう。,活力が続く日まで,,75,9,バランスの良い食事を心がける
TRANSIT_SUN,NATAL_MOON,0,General,3,Earth,0,Applying,学びや伝達が捗る時期です。,目標が形になる日まで,,80,8,興味のある分野の記事を読み要約する
TRANSIT_SUN,NATAL_MOON,0,Work,3,Earth,0,Applying,実務面での安定を目指しましょう。,評価が上がる日まで,,75,7,業務の進捗を上司に報告する
TRANSIT_SUN,NATAL_MOON,0,Money,3,Earth,0,Applying,経済的な安心感を優先してください。,家計が安定する日まで,,65,6,今週の支出を振り返り無駄を省く
TRANSIT_SUN,NATAL_MOON,0,Love,3,Earth,0,Applying,情緒的な交流が絆を深めます。,絆が深まる日まで,,70,7,相手の相談を親身に聞く
TRANSIT_SUN,NATAL_MOON,0,Health,3,Earth,0,Applying,体調の変化に敏感になりましょう。,活力が続く日まで,,75,9,バランスの良い食事を心がける
TRANSIT_SUN,NATAL_MOON,0,General,3,Earth,0,Separating,学びや伝達が捗る時期です。,目標が形になる日まで,,80,8,興味のある分野の記事を読み要約する
TRANSIT_SUN,NATAL_MOON,0,Work,3,Earth,0,Separating,実務面での安定を目指しましょう。,評価が上がる日まで,,75,7,業務の進捗を上司に報告する
TRANSIT_SUN,NATAL_MOON,0,Money,3,Earth,0,Separating,経済的な安心感を優先してください。,家計が安定する日まで,,65,6,今週の支出を振り返り無駄を省く
TRANSIT_SUN,NATAL_MOON,0,Love,3,Earth,0,Separating,情緒的な交流が絆を深めます。,絆が深まる日まで,,70,7,相手の相談を親身に聞く
TRANSIT_SUN,NATAL_MOON,0,Health,3,Earth,0,Separating,体調の変化に敏感になりましょう。,活力が続く日まで,,75,9,バランスの良い食事を心がける
TRANSIT_SUN,NATAL_MOON,0,General,3,Earth,1,Applying,学びや伝達が捗る時期です。,目標が形になる日まで,,80,8,興味のある分野の記事を読み要約する
TRANSIT_SUN,NATAL_MOON,0,Work,3,Earth,1,Applying,実務面での安定を目指しましょう。,評価が上がる日まで,,75,7,業務の進捗を上司に報告する
TRANSIT_SUN,NATAL_MOON,0,Money,3,Earth,1,Applying,経済的な安心感を優先してください。,家計が安定する日まで,,65,6,今週の支出を振り返り無駄を省く
TRANSIT_SUN,NATAL_MOON,0,Love,3,Earth,1,Applying,情緒的な交流が絆を深めます。,絆が深まる日まで,,70,7,相手の相談を親身に聞く
TRANSIT_SUN,NATAL_MOON,0,Health,3,Earth,1,Applying,体調の変化に敏感になりましょう。,活力が続く日まで,,75,9,バランスの良い食事を心がける
TRANSIT_SUN,NATAL_MOON,0,General,3,Earth,1,Separating,学びや伝達が捗る時期です。,目標が形になる日まで,,80,8,興味のある分野の記事を読み要約する
TRANSIT_SUN,NATAL_MOON,0,Work,3,Earth,1,Separating,実務面での安定を目指しましょう。,評価が上がる日まで,,75,7,業務の進捗を上司に報告する
TRANSIT_SUN,NATAL_MOON,0,Money,3,Earth,1,Separating,経済的な安心感を優先してください。,家計が安定する日まで,,65,6,今週の支出を振り返り無駄を省く
TRANSIT_SUN,NATAL_MOON,0,Love,3,Earth,1,Separating,情緒的な交流が絆を深めます。,絆が深まる日まで,,70,7,相手の相談を親身に聞く
TRANSIT_SUN,NATAL_MOON,0,Health,3,Earth,1,Separating,体調の変化に敏感になりましょう。,活力が続く日まで,,75,9,バランスの良い食事を心がける
TRANSIT_SUN,NATAL_MOON,0,General,3,Air,0,Applying,学びや伝達が捗る時期です。,目標が形になる日まで,,80,8,興味のある分野の記事を読み要約する
TRANSIT_SUN,NATAL_MOON,0,Work,3,Air,0,Applying,実務面での安定を目指しましょう。,評価が上がる日まで,,75,7,業務の進捗を上司に報告する
TRANSIT_SUN,NATAL_MOON,0,Money,3,Air,0,Applying,経済的な安心感を優先してください。,家計が安定する日まで,,65,6,今週の支出を振り返り無駄を省く
TRANSIT_SUN,NATAL_MOON,0,Love,3,Air,0,Applying,情緒的な交流が絆を深めます。,絆が深まる日まで,,70,7,相手の相談を親身に聞く
TRANSIT_SUN,NATAL_MOON,0,Health,3,Air,0,Applying,体調の変化に敏感になりましょう。,活力が続く日まで,,75,9,バランスの良い食事を心がける
TRANSIT_SUN,NATAL_MOON,0,General,3,Air,0,Separating,学びや伝達が捗る時期です。,目標が形になる日まで,,80,8,興味のある分野の記事を読み要約する
TRANSIT_SUN,NATAL_MOON,0,Work,3,Air,0,Separating,実務面での安定を目指しましょう。,評価が上がる日まで,,75,7,業務の進捗を上司に報告する
TRANSIT_SUN,NATAL_MOON,0,Money,3,Air,0,Separating,経済的な安心感を優先してください。,家計が安定する日まで,,65,6,今週の支出を振り返り無駄を省く
TRANSIT_SUN,NATAL_MOON,0,Love,3,Air,0,Separating,情緒的な交流が絆を深めます。,絆が深まる日まで,,70,7,相手の相談を親身に聞く
TRANSIT_SUN,NATAL_MOON,0,Health,3,Air,0,Separating,体調の変化に敏感になりましょう。,活力が続く日まで,,75,9,バランスの良い食事を心がける
TRANSIT_SUN,NATAL_MOON,0,General,3,Air,1,Applying,学びや伝達が捗る時期です。,目標が形になる日まで,,80,8,興味のある分野の記事を読み要約する
TRANSIT_SUN,NATAL_MOON,0,Work,3,Air,1,Applying,実務面での安定を目指しましょう。,評価が上がる日まで,,75,7,業務の進捗を上司に報告する
TRANSIT_SUN,NATAL_MOON,0,Money,3,Air,1,Applying,経済的な安心感を優先してください。,家計が安定する日まで,,65,6,今週の支出を振り返り無駄を省く
TRANSIT_SUN,NATAL_MOON,0,Love,3,Air,1,Applying,情緒的な交流が絆を深めます。,絆が深まる日まで,,70,7,相手の相談を親身に聞く
TRANSIT_SUN,NATAL_MOON,0,Health,3,Air,1,Applying,体調の変化に敏感になりましょう。,活力が続く日まで,,75,9,バランスの良い食事を心がける
TRANSIT_SUN,NATAL_MOON,0,General,3,Air,1,Separating,学びや伝達が捗る時期です。,目標が形になる日まで,,80,8,興味のある分野の記事を読み要約する
TRANSIT_SUN,NATAL_MOON,0,Work,3,Air,1,Separating,実務面での安定を目指しましょう。,評価が上がる日まで,,75,7,業務の進捗を上司に報告する
TRANSIT_SUN,NATAL_MOON,0,Money,3,Air,1,Separating,経済的な安心感を優先してください。,家計が安定する日まで,,65,6,今週の支出を振り返り無駄を省く
TRANSIT_SUN,NATAL_MOON,0,Love,3,Air,1,Separating,情緒的な交流が絆を深めます。,絆が深まる日まで,,70,7,相手の相談を親身に聞く
TRANSIT_SUN,NATAL_MOON,0,Health,3,Air,1,Separating,体調の変化に敏感になりましょう。,活力が続く日まで,,75,9,バランスの良い食事を心がける
TRANSIT_SUN,NATAL_MOON,0,General,3,Water,0,Applying,学びや伝達が捗る時期です。,目標が形になる日まで,,80,8,興味のある分野の記事を読み要約する
TRANSIT_SUN,NATAL_MOON,0,Work,3,Water,0,Applying,実務面での安定を目指しましょう。,評価が上がる日まで,,75,7,業務の進捗を上司に報告する
TRANSIT_SUN,NATAL_MOON,0,Money,3,Water,0,Applying,経済的な安心感を優先してください。,家計が安定する日まで,,65,6,今週の支出を振り返り無駄を省く
TRANSIT_SUN,NATAL_MOON,0,Love,3,Water,0,Applying,情緒的な交流が絆を深めます。,絆が深まる日まで,,70,7,相手の相談を親身に聞く
TRANSIT_SUN,NATAL_MOON,0,Health,3,Water,0,Applying,体調の変化に敏感になりましょう。,活力が続く日まで,,75,9,バランスの良い食事を心がける
TRANSIT_SUN,NATAL_MOON,0,General,3,Water,0,Separating,学びや伝達が捗る時期です。,目標が形になる日まで,,80,8,興味のある分野の記事を読み要約する
TRANSIT_SUN,NATAL_MOON,0,Work,3,Water,0,Separating,実務面での安定を目指しましょう。,評価が上がる日まで,,75,7,業務の進捗を上司に報告する
TRANSIT_SUN,NATAL_MOON,0,Money,3,Water,0,Separating,経済的な安心感を優先してください。,家計が安定する日まで,,65,6,今週の支出を振り返り無駄を省く
TRANSIT_SUN,NATAL_MOON,0,Love,3,Water,0,Separating,情緒的な交流が絆を深めます。,絆が深まる日まで,,70,7,相手の相談を親身に聞く
TRANSIT_SUN,NATAL_MOON,0,Health,3,Water,0,Separating,体調の変化に敏感になりましょう。,活力が続く日まで,,75,9,バランスの良い食事を心がける
TRANSIT_SUN,NATAL_MOON,0,General,3,Water,1,Applying,学びや伝達が捗る時期です。,目標が形になる日まで,,80,8,興味のある分野の記事を読み要約する
TRANSIT_SUN,NATAL_MOON,0,Work,3,Water,1,Applying,実務面での安定を目指しましょう。,評価が上がる日まで,,75,7,業務の進捗を上司に報告する
TRANSIT_SUN,NATAL_MOON,0,Money,3,Water,1,Applying,経済的な安心感を優先してください。,家計が安定する日まで,,65,6,今週の支出を振り返り無駄を省く
TRANSIT_SUN,NATAL_MOON,0,Love,3,Water,1,Applying,情緒的な交流が絆を深めます。,絆が深まる日まで,,70,7,相手の相談を親身に聞く
TRANSIT_SUN,NATAL_MOON,0,Health,3,Water,1,Applying,体調の変化に敏感になりましょう。,活力が続く日まで,,75,9,バランスの良い食事を心がける
TRANSIT_SUN,NATAL_MOON,0,General,3,Water,1,Separating,学びや伝達が捗る時期です。,目標が形になる日まで,,80,8,興味のある分野の記事を読み要約する
TRANSIT_SUN,NATAL_MOON,0,Work,3,Water,1,Separating,実務面での安定を目指しましょう。,評価が上がる日まで,,75,7,業務の進捗を上司に報告する
TRANSIT_SUN,NATAL_MOON,0,Money,3,Water,1,Separating,経済的な安心感を優先してください。,家計が安定する日まで,,65,6,今週の支出を振り返り無駄を省く
TRANSIT_SUN,NATAL_MOON,0,Love,3,Water,1,Separating,情緒的な交流が絆を深めます。,絆が深まる日まで,,70,7,相手の相談を親身に聞く
TRANSIT_SUN,NATAL_MOON,0,Health,3,Water,1,Separating,体調の変化に敏感になりましょう。,活力が続く日まで,,75,9,バランスの良い食事を心がける
TRANSIT_SUN,NATAL_MOON,0,General,4,Fire,0,Applying,家庭や基盤を整える時期です。,目標が形になる日まで,,80,8,部屋の掃除を一部徹底的に行う
TRANSIT_SUN,NATAL_MOON,0,Work,4,Fire,0,Applying,実務面での安定を目指しましょう。,評価が上がる日まで,,75,7,業務の進捗を上司に報告する
TRANSIT_SUN,NATAL_MOON,0,Money,4,Fire,0,Applying,経済的な安心感を優先してください。,家計が安定する日まで,,65,6,今週の支出を振り返り無駄を省く
TRANSIT_SUN,NATAL_MOON,0,Love,4,Fire,0,Applying,情緒的な交流が絆を深めます。,絆が深まる日まで,,70,7,相手の相談を親身に聞く
TRANSIT_SUN,NATAL_MOON,0,Health,4,Fire,0,Applying,体調の変化に敏感になりましょう。,活力が続く日まで,,75,9,バランスの良い食事を心がける
TRANSIT_SUN,NATAL_MOON,0,General,4,Fire,0,Separating,家庭や基盤を整える時期です。,目標が形になる日まで,,80,8,部屋の掃除を一部徹底的に行う
TRANSIT_SUN,NATAL_MOON,0,Work,4,Fire,0,Separating,実務面での安定を目指しましょう。,評価が上がる日まで,,75,7,業務の進捗を上司に報告する
TRANSIT_SUN,NATAL_MOON,0,Money,4,Fire,0,Separating,経済的な安心感を優先してください。,家計が安定する日まで,,65,6,今週の支出を振り返り無駄を省く
TRANSIT_SUN,NATAL_MOON,0,Love,4,Fire,0,Separating,情緒的な交流が絆を深めます。,絆が深まる日まで,,70,7,相手の相談を親身に聞く
TRANSIT_SUN,NATAL_MOON,0,Health,4,Fire,0,Separating,体調の変化に敏感になりましょう。,活力が続く日まで,,75,9,バランスの良い食事を心がける
TRANSIT_SUN,NATAL_MOON,0,General,4,Fire,1,Applying,家庭や基盤を整える時期です。,目標が形になる日まで,,80,8,部屋の掃除を一部徹底的に行う
TRANSIT_SUN,NATAL_MOON,0,Work,4,Fire,1,Applying,実務面での安定を目指しましょう。,評価が上がる日まで,,75,7,業務の進捗を上司に報告する
TRANSIT_SUN,NATAL_MOON,0,Money,4,Fire,1,Applying,経済的な安心感を優先してください。,家計が安定する日まで,,65,6,今週の支出を振り返り無駄を省く
TRANSIT_SUN,NATAL_MOON,0,Love,4,Fire,1,Applying,情緒的な交流が絆を深めます。,絆が深まる日まで,,70,7,相手の相談を親身に聞く
TRANSIT_SUN,NATAL_MOON,0,Health,4,Fire,1,Applying,体調の変化に敏感になりましょう。,活力が続く日まで,,75,9,バランスの良い食事を心がける
TRANSIT_SUN,NATAL_MOON,0,General,4,Fire,1,Separating,家庭や基盤を整える時期です。,目標が形になる日まで,,80,8,部屋の掃除を一部徹底的に行う
TRANSIT_SUN,NATAL_MOON,0,Work,4,Fire,1,Separating,実務面での安定を目指しましょう。,評価が上がる日まで,,75,7,業務の進捗を上司に報告する
TRANSIT_SUN,NATAL_MOON,0,Money,4,Fire,1,Separating,経済的な安心感を優先してください。,家計が安定する日まで,,65,6,今週の支出を振り返り無駄を省く
TRANSIT_SUN,NATAL_MOON,0,Love,4,Fire,1,Separating,情緒的な交流が絆を深めます。,絆が深まる日まで,,70,7,相手の相談を親身に聞く
TRANSIT_SUN,NATAL_MOON,0,Health,4,Fire,1,Separating,体調の変化に敏感になりましょう。,活力が続く日まで,,75,9,バランスの良い食事を心がける
TRANSIT_SUN,NATAL_MOON,0,General,4,Earth,0,Applying,家庭や基盤を整える時期です。,目標が形になる日まで,,80,8,部屋の掃除を一部徹底的に行う
TRANSIT_SUN,NATAL_MOON,0,Work,4,Earth,0,Applying,実務面での安定を目指しましょう。,評価が上がる日まで,,75,7,業務の進捗を上司に報告する
TRANSIT_SUN,NATAL_MOON,0,Money,4,Earth,0,Applying,経済的な安心感を優先してください。,家計が安定する日まで,,65,6,今週の支出を振り返り無駄を省く
TRANSIT_SUN,NATAL_MOON,0,Love,4,Earth,0,Applying,情緒的な交流が絆を深めます。,絆が深まる日まで,,70,7,相手の相談を親身に聞く
TRANSIT_SUN,NATAL_MOON,0,Health,4,Earth,0,Applying,体調の変化に敏感になりましょう。,活力が続く日まで,,75,9,バランスの良い食事を心がける
TRANSIT_SUN,NATAL_MOON,0,General,4,Earth,0,Separating,家庭や基盤を整える時期です。,目標が形になる日まで,,80,8,部屋の掃除を一部徹底的に行う
TRANSIT_SUN,NATAL_MOON,0,Work,4,Earth,0,Separating,実務面での安定を目指しましょう。,評価が上がる日まで,,75,7,業務の進捗を上司に報告する
TRANSIT_SUN,NATAL_MOON,0,Money,4,Earth,0,Separating,経済的な安心感を優先してください。,家計が安定する日まで,,65,6,今週の支出を振り返り無駄を省く
TRANSIT_SUN,NATAL_MOON,0,Love,4,Earth,0,Separating,情緒的な交流が絆を深めます。,絆が深まる日まで,,70,7,相手の相談を親身に聞く
TRANSIT_SUN,NATAL_MOON,0,Health,4,Earth,0,Separating,体調の変化に敏感になりましょう。,活力が続く日まで,,75,9,バランスの良い食事を心がける
TRANSIT_SUN,NATAL_MOON,0,General,4,Earth,1,Applying,家庭や基盤を整える時期です。,目標が形になる日まで,,80,8,部屋の掃除を一部徹底的に行う
TRANSIT_SUN,NATAL_MOON,0,Work,4,Earth,1,Applying,実務面での安定を目指しましょう。,評価が上がる日まで,,75,7,業務の進捗を上司に報告する
TRANSIT_SUN,NATAL_MOON,0,Money,4,Earth,1,Applying,経済的な安心感を優先してください。,家計が安定する日まで,,65,6,今週の支出を振り返り無駄を省く
TRANSIT_SUN,NATAL_MOON,0,Love,4,Earth,1,Applying,情緒的な交流が絆を深めます。,絆が深まる日まで,,70,7,相手の相談を親身に聞く
TRANSIT_SUN,NATAL_MOON,0,Health,4,Earth,1,Applying,体調の変化に敏感になりましょう。,活力が続く日まで,,75,9,バランスの良い食事を心がける
TRANSIT_SUN,NATAL_MOON,0,General,4,Earth,1,Separating,家庭や基盤を整える時期です。,目標が形になる日まで,,80,8,部屋の掃除を一部徹底的に行う
TRANSIT_SUN,NATAL_MOON,0,Work,4,Earth,1,Separating,実務面での安定を目指しましょう。,評価が上がる日まで,,75,7,業務の進捗を上司に報告する
TRANSIT_SUN,NATAL_MOON,0,Money,4,Earth,1,Separating,経済的な安心感を優先してください。,家計が安定する日まで,,65,6,今週の支出を振り返り無駄を省く
TRANSIT_SUN,NATAL_MOON,0,Love,4,Earth,1,Separating,情緒的な交流が絆を深めます。,絆が深まる日まで,,70,7,相手の相談を親身に聞く
TRANSIT_SUN,NATAL_MOON,0,Health,4,Earth,1,Separating,体調の変化に敏感になりましょう。,活力が続く日まで,,75,9,バランスの良い食事を心がける
TRANSIT_SUN,NATAL_MOON,0,General,4,Air,0,Applying,家庭や基盤を整える時期です。,目標が形になる日まで,,80,8,部屋の掃除を一部徹底的に行う
TRANSIT_SUN,NATAL_MOON,0,Work,4,Air,0,Applying,実務面での安定を目指しましょう。,評価が上がる日まで,,75,7,業務の進捗を上司に報告する
TRANSIT_SUN,NATAL_MOON,0,Money,4,Air,0,Applying,経済的な安心感を優先してください。,家計が安定する日まで,,65,6,今週の支出を振り返り無駄を省く
TRANSIT_SUN,NATAL_MOON,0,Love,4,Air,0,Applying,情緒的な交流が絆を深めます。,絆が深まる日まで,,70,7,相手の相談を親身に聞く
TRANSIT_SUN,NATAL_MOON,0,Health,4,Air,0,Applying,体調の変化に敏感になりましょう。,活力が続く日まで,,75,9,バランスの良い食事を心がける
TRANSIT_SUN,NATAL_MOON,0,General,4,Air,0,Separating,家庭や基盤を整える時期です。,目標が形になる日まで,,80,8,部屋の掃除を一部徹底的に行う
TRANSIT_SUN,NATAL_MOON,0,Work,4,Air,0,Separating,実務面での安定を目指しましょう。,評価が上がる日まで,,75,7,業務の進捗を上司に報告する
TRANSIT_SUN,NATAL_MOON,0,Money,4,Air,0,Separating,経済的な安心感を優先してください。,家計が安定する日まで,,65,6,今週の支出を振り返り無駄を省く
TRANSIT_SUN,NATAL_MOON,0,Love,4,Air,0,Separating,情緒的な交流が絆を深めます。,絆が深まる日まで,,70,7,相手の相談を親身に聞く
TRANSIT_SUN,NATAL_MOON,0,Health,4,Air,0,Separating,体調の変化に敏感になりましょう。,活力が続く日まで,,75,9,バランスの良い食事を心がける
TRANSIT_SUN,NATAL_MOON,0,General,4,Air,1,Applying,家庭や基盤を整える時期です。,目標が形になる日まで,,80,8,部屋の掃除を一部徹底的に行う
TRANSIT_SUN,NATAL_MOON,0,Work,4,Air,1,Applying,実務面での安定を目指しましょう。,評価が上がる日まで,,75,7,業務の進捗を上司に報告する
TRANSIT_SUN,NATAL_MOON,0,Money,4,Air,1,Applying,経済的な安心感を優先してください。,家計が安定する日まで,,65,6,今週の支出を振り返り無駄を省く
TRANSIT_SUN,NATAL_MOON,0,Love,4,Air,1,Applying,情緒的な交流が絆を深めます。,絆が深まる日まで,,70,7,相手の相談を親身に聞く
TRANSIT_SUN,NATAL_MOON,0,Health,4,Air,1,Applying,体調の変化に敏感になりましょう。,活力が続く日まで,,75,9,バランスの良い食事を心がける
TRANSIT_SUN,NATAL_MOON,0,General,4,Air,1,Separating,家庭や基盤を整える時期です。,目標が形になる日まで,,80,8,部屋の掃除を一部徹底的に行う
TRANSIT_SUN,NATAL_MOON,0,Work,4,Air,1,Separating,実務面での安定を目指しましょう。,評価が上がる日まで,,75,7,業務の進捗を上司に報告する
TRANSIT_SUN,NATAL_MOON,0,Money,4,Air,1,Separating,経済的な安心感を優先してください。,家計が安定する日まで,,65,6,今週の支出を振り返り無駄を省く
TRANSIT_SUN,NATAL_MOON,0,Love,4,Air,1,Separating,情緒的な交流が絆を深めます。,絆が深まる日まで,,70,7,相手の相談を親身に聞く
TRANSIT_SUN,NATAL_MOON,0,Health,4,Air,1,Separating,体調の変化に敏感になりましょう。,活力が続く日まで,,75,9,バランスの良い食事を心がける
TRANSIT_SUN,NATAL_MOON,0,General,4,Water,0,Applying,家庭や基盤を整える時期です。,目標が形になる日まで,,80,8,部屋の掃除を一部徹底的に行う
TRANSIT_SUN,NATAL_MOON,0,Work,4,Water,0,Applying,実務面での安定を目指しましょう。,評価が上がる日まで,,75,7,業務の進捗を上司に報告する
TRANSIT_SUN,NATAL_MOON,0,Money,4,Water,0,Applying,経済的な安心感を優先してください。,家計が安定する日まで,,65,6,今週の支出を振り返り無駄を省く
TRANSIT_SUN,NATAL_MOON,0,Love,4,Water,0,Applying,情緒的な交流が絆を深めます。,絆が深まる日まで,,70,7,相手の相談を親身に聞く
TRANSIT_SUN,NATAL_MOON,0,Health,4,Water,0,Applying,体調の変化に敏感になりましょう。,活力が続く日まで,,75,9,バランスの良い食事を心がける
TRANSIT_SUN,NATAL_MOON,0,General,4,Water,0,Separating,家庭や基盤を整える時期です。,目標が形になる日まで,,80,8,部屋の掃除を一部徹底的に行う
TRANSIT_SUN,NATAL_MOON,0,Work,4,Water,0,Separating,実務面での安定を目指しましょう。,評価が上がる日まで,,75,7,業務の進捗を上司に報告する
TRANSIT_SUN,NATAL_MOON,0,Money,4,Water,0,Separating,経済的な安心感を優先してください。,家計が安定する日まで,,65,6,今週の支出を振り返り無駄を省く
TRANSIT_SUN,NATAL_MOON,0,Love,4,Water,0,Separating,情緒的な交流が絆を深めます。,絆が深まる日まで,,70,7,相手の相談を親身に聞く
TRANSIT_SUN,NATAL_MOON,0,Health,4,Water,0,Separating,体調の変化に敏感になりましょう。,活力が続く日まで,,75,9,バランスの良い食事を心がける
TRANSIT_SUN,NATAL_MOON,0,General,4,Water,1,Applying,家庭や基盤を整える時期です。,目標が形になる日まで,,80,8,部屋の掃除を一部徹底的に行う
TRANSIT_SUN,NATAL_MOON,0,Work,4,Water,1,Applying,実務面での安定を目指しましょう。,評価が上がる日まで,,75,7,業務の進捗を上司に報告する
TRANSIT_SUN,NATAL_MOON,0,Money,4,Water,1,Applying,経済的な安心感を優先してください。,家計が安定する日まで,,65,6,今週の支出を振り返り無駄を省く
TRANSIT_SUN,NATAL_MOON,0,Love,4,Water,1,Applying,情緒的な交流が絆を深めます。,絆が深まる日まで,,70,7,相手の相談を親身に聞く
TRANSIT_SUN,NATAL_MOON,0,Health,4,Water,1,Applying,体調の変化に敏感になりましょう。,活力が続く日まで,,75,9,バランスの良い食事を心がける
TRANSIT_SUN,NATAL_MOON,0,General,4,Water,1,Separating,家庭や基盤を整える時期です。,目標が形になる日まで,,80,8,部屋の掃除を一部徹底的に行う
TRANSIT_SUN,NATAL_MOON,0,Work,4,Water,1,Separating,実務面での安定を目指しましょう。,評価が上がる日まで,,75,7,業務の進捗を上司に報告する
TRANSIT_SUN,NATAL_MOON,0,Money,4,Water,1,Separating,経済的な安心感を優先してください。,家計が安定する日まで,,65,6,今週の支出を振り返り無駄を省く
TRANSIT_SUN,NATAL_MOON,0,Love,4,Water,1,Separating,情緒的な交流が絆を深めます。,絆が深まる日まで,,70,7,相手の相談を親身に聞く
TRANSIT_SUN,NATAL_MOON,0,Health,4,Water,1,Separating,体調の変化に敏感になりましょう。,活力が続く日まで,,75,9,バランスの良い食事を心がける
TRANSIT_SUN,NATAL_MOON,0,General,5,Fire,0,Applying,喜びや表現を大切にする時期です。,目標が形になる日まで,,80,8,趣味の時間を1時間確保する
TRANSIT_SUN,NATAL_MOON,0,Work,5,Fire,0,Applying,実務面での安定を目指しましょう。,評価が上がる日まで,,75,7,業務の進捗を上司に報告する
TRANSIT_SUN,NATAL_MOON,0,Money,5,Fire,0,Applying,経済的な安心感を優先してください。,家計が安定する日まで,,65,6,今週の支出を振り返り無駄を省く
TRANSIT_SUN,NATAL_MOON,0,Love,5,Fire,0,Applying,情緒的な交流が絆を深めます。,絆が深まる日まで,,70,7,相手の相談を親身に聞く
TRANSIT_SUN,NATAL_MOON,0,Health,5,Fire,0,Applying,体調の変化に敏感になりましょう。,活力が続く日まで,,75,9,バランスの良い食事を心がける
TRANSIT_SUN,NATAL_MOON,0,General,5,Fire,0,Separating,喜びや表現を大切にする時期です。,目標が形になる日まで,,80,8,趣味の時間を1時間確保する
TRANSIT_SUN,NATAL_MOON,0,Work,5,Fire,0,Separating,実務面での安定を目指しましょう。,評価が上がる日まで,,75,7,業務の進捗を上司に報告する
TRANSIT_SUN,NATAL_MOON,0,Money,5,Fire,0,Separating,経済的な安心感を優先してください。,家計が安定する日まで,,65,6,今週の支出を振り返り無駄を省く
TRANSIT_SUN,NATAL_MOON,0,Love,5,Fire,0,Separating,情緒的な交流が絆を深めます。,絆が深まる日まで,,70,7,相手の相談を親身に聞く
TRANSIT_SUN,NATAL_MOON,0,Health,5,Fire,0,Separating,体調の変化に敏感になりましょう。,活力が続く日まで,,75,9,バランスの良い食事を心がける
TRANSIT_SUN,NATAL_MOON,0,General,5,Fire,1,Applying,喜びや表現を大切にする時期です。,目標が形になる日まで,,80,8,趣味の時間を1時間確保する
TRANSIT_SUN,NATAL_MOON,0,Work,5,Fire,1,Applying,実務面での安定を目指しましょう。,評価が上がる日まで,,75,7,業務の進捗を上司に報告する
TRANSIT_SUN,NATAL_MOON,0,Money,5,Fire,1,Applying,経済的な安心感を優先してください。,家計が安定する日まで,,65,6,今週の支出を振り返り無駄を省く
TRANSIT_SUN,NATAL_MOON,0,Love,5,Fire,1,Applying,情緒的な交流が絆を深めます。,絆が深まる日まで,,70,7,相手の相談を親身に聞く
TRANSIT_SUN,NATAL_MOON,0,Health,5,Fire,1,Applying,体調の変化に敏感になりましょう。,活力が続く日まで,,75,9,バランスの良い食事を心がける
TRANSIT_SUN,NATAL_MOON,0,General,5,Fire,1,Separating,喜びや表現を大切にする時期です。,目標が形になる日まで,,80,8,趣味の時間を1時間確保する
TRANSIT_SUN,NATAL_MOON,0,Work,5,Fire,1,Separating,実務面での安定を目指しましょう。,評価が上がる日まで,,75,7,業務の進捗を上司に報告する
TRANSIT_SUN,NATAL_MOON,0,Money,5,Fire,1,Separating,経済的な安心感を優先してください。,家計が安定する日まで,,65,6,今週の支出を振り返り無駄を省く
TRANSIT_SUN,NATAL_MOON,0,Love,5,Fire,1,Separating,情緒的な交流が絆を深めます。,絆が深まる日まで,,70,7,相手の相談を親身に聞く
TRANSIT_SUN,NATAL_MOON,0,Health,5,Fire,1,Separating,体調の変化に敏感になりましょう。,活力が続く日まで,,75,9,バランスの良い食事を心がける
TRANSIT_SUN,NATAL_MOON,0,General,5,Earth,0,Applying,喜びや表現を大切にする時期です。,目標が形になる日まで,,80,8,趣味の時間を1時間確保する
TRANSIT_SUN,NATAL_MOON,0,Work,5,Earth,0,Applying,実務面での安定を目指しましょう。,評価が上がる日まで,,75,7,業務の進捗を上司に報告する
TRANSIT_SUN,NATAL_MOON,0,Money,5,Earth,0,Applying,経済的な安心感を優先してください。,家計が安定する日まで,,65,6,今週の支出を振り返り無駄を省く
TRANSIT_SUN,NATAL_MOON,0,Love,5,Earth,0,Applying,情緒的な交流が絆を深めます。,絆が深まる日まで,,70,7,相手の相談を親身に聞く
TRANSIT_SUN,NATAL_MOON,0,Health,5,Earth,0,Applying,体調の変化に敏感になりましょう。,活力が続く日まで,,75,9,バランスの良い食事を心がける
TRANSIT_SUN,NATAL_MOON,0,General,5,Earth,0,Separating,喜びや表現を大切にする時期です。,目標が形になる日まで,,80,8,趣味の時間を1時間確保する
TRANSIT_SUN,NATAL_MOON,0,Work,5,Earth,0,Separating,実務面での安定を目指しましょう。,評価が上がる日まで,,75,7,業務の進捗を上司に報告する
TRANSIT_SUN,NATAL_MOON,0,Money,5,Earth,0,Separating,経済的な安心感を優先してください。,家計が安定する日まで,,65,6,今週の支出を振り返り無駄を省く
TRANSIT_SUN,NATAL_MOON,0,Love,5,Earth,0,Separating,情緒的な交流が絆を深めます。,絆が深まる日まで,,70,7,相手の相談を親身に聞く
TRANSIT_SUN,NATAL_MOON,0,Health,5,Earth,0,Separating,体調の変化に敏感になりましょう。,活力が続く日まで,,75,9,バランスの良い食事を心がける
TRANSIT_SUN,NATAL_MOON,0,General,5,Earth,1,Applying,喜びや表現を大切にする時期です。,目標が形になる日まで,,80,8,趣味の時間を1時間確保する
TRANSIT_SUN,NATAL_MOON,0,Work,5,Earth,1,Applying,実務面での安定を目指しましょう。,評価が上がる日まで,,75,7,業務の進捗を上司に報告する
TRANSIT_SUN,NATAL_MOON,0,Money,5,Earth,1,Applying,経済的な安心感を優先してください。,家計が安定する日まで,,65,6,今週の支出を振り返り無駄を省く
TRANSIT_SUN,NATAL_MOON,0,Love,5,Earth,1,Applying,情緒的な交流が絆を深めます。,絆が深まる日まで,,70,7,相手の相談を親身に聞く
TRANSIT_SUN,NATAL_MOON,0,Health,5,Earth,1,Applying,体調の変化に敏感になりましょう。,活力が続く日まで,,75,9,バランスの良い食事を心がける
TRANSIT_SUN,NATAL_MOON,0,General,5,Earth,1,Separating,喜びや表現を大切にする時期です。,目標が形になる日まで,,80,8,趣味の時間を1時間確保する
TRANSIT_SUN,NATAL_MOON,0,Work,5,Earth,1,Separating,実務面での安定を目指しましょう。,評価が上がる日まで,,75,7,業務の進捗を上司に報告する
TRANSIT_SUN,NATAL_MOON,0,Money,5,Earth,1,Separating,経済的な安心感を優先してください。,家計が安定する日まで,,65,6,今週の支出を振り返り無駄を省く
TRANSIT_SUN,NATAL_MOON,0,Love,5,Earth,1,Separating,情緒的な交流が絆を深めます。,絆が深まる日まで,,70,7,相手の相談を親身に聞く
TRANSIT_SUN,NATAL_MOON,0,Health,5,Earth,1,Separating,体調の変化に敏感になりましょう。,活力が続く日まで,,75,9,バランスの良い食事を心がける
TRANSIT_SUN,NATAL_MOON,0,General,5,Air,0,Applying,喜びや表現を大切にする時期です。,目標が形になる日まで,,80,8,趣味の時間を1時間確保する
TRANSIT_SUN,NATAL_MOON,0,Work,5,Air,0,Applying,実務面での安定を目指しましょう。,評価が上がる日まで,,75,7,業務の進捗を上司に報告する
TRANSIT_SUN,NATAL_MOON,0,Money,5,Air,0,Applying,経済的な安心感を優先してください。,家計が安定する日まで,,65,6,今週の支出を振り返り無駄を省く
TRANSIT_SUN,NATAL_MOON,0,Love,5,Air,0,Applying,情緒的な交流が絆を深めます。,絆が深まる日まで,,70,7,相手の相談を親身に聞く
TRANSIT_SUN,NATAL_MOON,0,Health,5,Air,0,Applying,体調の変化に敏感になりましょう。,活力が続く日まで,,75,9,バランスの良い食事を心がける
TRANSIT_SUN,NATAL_MOON,0,General,5,Air,0,Separating,喜びや表現を大切にする時期です。,目標が形になる日まで,,80,8,趣味の時間を1時間確保する
TRANSIT_SUN,NATAL_MOON,0,Work,5,Air,0,Separating,実務面での安定を目指しましょう。,評価が上がる日まで,,75,7,業務の進捗を上司に報告する
TRANSIT_SUN,NATAL_MOON,0,Money,5,Air,0,Separating,経済的な安心感を優先してください。,家計が安定する日まで,,65,6,今週の支出を振り返り無駄を省く
TRANSIT_SUN,NATAL_MOON,0,Love,5,Air,0,Separating,情緒的な交流が絆を深めます。,絆が深まる日まで,,70,7,相手の相談を親身に聞く
TRANSIT_SUN,NATAL_MOON,0,Health,5,Air,0,Separating,体調の変化に敏感になりましょう。,活力が続く日まで,,75,9,バランスの良い食事を心がける
TRANSIT_SUN,NATAL_MOON,0,General,5,Air,1,Applying,喜びや表現を大切にする時期です。,目標が形になる日まで,,80,8,趣味の時間を1時間確保する
TRANSIT_SUN,NATAL_MOON,0,Work,5,Air,1,Applying,実務面での安定を目指しましょう。,評価が上がる日まで,,75,7,業務の進捗を上司に報告する
TRANSIT_SUN,NATAL_MOON,0,Money,5,Air,1,Applying,経済的な安心感を優先してください。,家計が安定する日まで,,65,6,今週の支出を振り返り無駄を省く
TRANSIT_SUN,NATAL_MOON,0,Love,5,Air,1,Applying,情緒的な交流が絆を深めます。,絆が深まる日まで,,70,7,相手の相談を親身に聞く
TRANSIT_SUN,NATAL_MOON,0,Health,5,Air,1,Applying,体調の変化に敏感になりましょう。,活力が続く日まで,,75,9,バランスの良い食事を心がける
TRANSIT_SUN,NATAL_MOON,0,General,5,Air,1,Separating,喜びや表現を大切にする時期です。,目標が形になる日まで,,80,8,趣味の時間を1時間確保する
TRANSIT_SUN,NATAL_MOON,0,Work,5,Air,1,Separating,実務面での安定を目指しましょう。,評価が上がる日まで,,75,7,業務の進捗を上司に報告する
TRANSIT_SUN,NATAL_MOON,0,Money,5,Air,1,Separating,経済的な安心感を優先してください。,家計が安定する日まで,,65,6,今週の支出を振り返り無駄を省く
TRANSIT_SUN,NATAL_MOON,0,Love,5,Air,1,Separating,情緒的な交流が絆を深めます。,絆が深まる日まで,,70,7,相手の相談を親身に聞く
TRANSIT_SUN,NATAL_MOON,0,Health,5,Air,1,Separating,体調の変化に敏感になりましょう。,活力が続く日まで,,75,9,バランスの良い食事を心がける
TRANSIT_SUN,NATAL_MOON,0,General,5,Water,0,Applying,喜びや表現を大切にする時期です。,目標が形になる日まで,,80,8,趣味の時間を1時間確保する
TRANSIT_SUN,NATAL_MOON,0,Work,5,Water,0,Applying,実務面での安定を目指しましょう。,評価が上がる日まで,,75,7,業務の進捗を上司に報告する
TRANSIT_SUN,NATAL_MOON,0,Money,5,Water,0,Applying,経済的な安心感を優先してください。,家計が安定する日まで,,65,6,今週の支出を振り返り無駄を省く
TRANSIT_SUN,NATAL_MOON,0,Love,5,Water,0,Applying,情緒的な交流が絆を深めます。,絆が深まる日まで,,70,7,相手の相談を親身に聞く
TRANSIT_SUN,NATAL_MOON,0,Health,5,Water,0,Applying,体調の変化に敏感になりましょう。,活力が続く日まで,,75,9,バランスの良い食事を心がける
TRANSIT_SUN,NATAL_MOON,0,General,5,Water,0,Separating,喜びや表現を大切にする時期です。,目標が形になる日まで,,80,8,趣味の時間を1時間確保する
TRANSIT_SUN,NATAL_MOON,0,Work,5,Water,0,Separating,実務面での安定を目指しましょう。,評価が上がる日まで,,75,7,業務の進捗を上司に報告する
TRANSIT_SUN,NATAL_MOON,0,Money,5,Water,0,Separating,経済的な安心感を優先してください。,家計が安定する日まで,,65,6,今週の支出を振り返り無駄を省く
TRANSIT_SUN,NATAL_MOON,0,Love,5,Water,0,Separating,情緒的な交流が絆を深めます。,絆が深まる日まで,,70,7,相手の相談を親身に聞く
TRANSIT_SUN,NATAL_MOON,0,Health,5,Water,0,Separating,体調の変化に敏感になりましょう。,活力が続く日まで,,75,9,バランスの良い食事を心がける
TRANSIT_SUN,NATAL_MOON,0,General,5,Water,1,Applying,喜びや表現を大切にする時期です。,目標が形になる日まで,,80,8,趣味の時間を1時間確保する
TRANSIT_SUN,NATAL_MOON,0,Work,5,Water,1,Applying,実務面での安定を目指しましょう。,評価が上がる日まで,,75,7,業務の進捗を上司に報告する
TRANSIT_SUN,NATAL_MOON,0,Money,5,Water,1,Applying,経済的な安心感を優先してください。,家計が安定する日まで,,65,6,今週の支出を振り返り無駄を省く
TRANSIT_SUN,NATAL_MOON,0,Love,5,Water,1,Applying,情緒的な交流が絆を深めます。,絆が深まる日まで,,70,7,相手の相談を親身に聞く
TRANSIT_SUN,NATAL_MOON,0,Health,5,Water,1,Applying,体調の変化に敏感になりましょう。,活力が続く日まで,,75,9,バランスの良い食事を心がける
TRANSIT_SUN,NATAL_MOON,0,General,5,Water,1,Separating,喜びや表現を大切にする時期です。,目標が形になる日まで,,80,8,趣味の時間を1時間確保する
TRANSIT_SUN,NATAL_MOON,0,Work,5,Water,1,Separating,実務面での安定を目指しましょう。,評価が上がる日まで,,75,7,業務の進捗を上司に報告する
TRANSIT_SUN,NATAL_MOON,0,Money,5,Water,1,Separating,経済的な安心感を優先してください。,家計が安定する日まで,,65,6,今週の支出を振り返り無駄を省く
TRANSIT_SUN,NATAL_MOON,0,Love,5,Water,1,Separating,情緒的な交流が絆を深めます。,絆が深まる日まで,,70,7,相手の相談を親身に聞く
TRANSIT_SUN,NATAL_MOON,0,Health,5,Water,1,Separating,体調の変化に敏感になりましょう。,活力が続く日まで,,75,9,バランスの良い食事を心がける
TRANSIT_SUN,NATAL_MOON,0,General,6,Fire,0,Applying,実務や健康に注力する時期です。,目標が形になる日まで,,80,8,今日のタスクを優先順位順に整理する
TRANSIT_SUN,NATAL_MOON,0,Work,6,Fire,0,Applying,実務面での安定を目指しましょう。,評価が上がる日まで,,75,7,業務の進捗を上司に報告する
TRANSIT_SUN,NATAL_MOON,0,Money,6,Fire,0,Applying,経済的な安心感を優先してください。,家計が安定する日まで,,65,6,今週の支出を振り返り無駄を省く
TRANSIT_SUN,NATAL_MOON,0,Love,6,Fire,0,Applying,情緒的な交流が絆を深めます。,絆が深まる日まで,,70,7,相手の相談を親身に聞く
TRANSIT_SUN,NATAL_MOON,0,Health,6,Fire,0,Applying,体調の変化に敏感になりましょう。,活力が続く日まで,,75,9,バランスの良い食事を心がける
TRANSIT_SUN,NATAL_MOON,0,General,6,Fire,0,Separating,実務や健康に注力する時期です。,目標が形になる日まで,,80,8,今日のタスクを優先順位順に整理する
TRANSIT_SUN,NATAL_MOON,0,Work,6,Fire,0,Separating,実務面での安定を目指しましょう。,評価が上がる日まで,,75,7,業務の進捗を上司に報告する
TRANSIT_SUN,NATAL_MOON,0,Money,6,Fire,0,Separating,経済的な安心感を優先してください。,家計が安定する日まで,,65,6,今週の支出を振り返り無駄を省く
TRANSIT_SUN,NATAL_MOON,0,Love,6,Fire,0,Separating,情緒的な交流が絆を深めます。,絆が深まる日まで,,70,7,相手の相談を親身に聞く
TRANSIT_SUN,NATAL_MOON,0,Health,6,Fire,0,Separating,体調の変化に敏感になりましょう。,活力が続く日まで,,75,9,バランスの良い食事を心がける
TRANSIT_SUN,NATAL_MOON,0,General,6,Fire,1,Applying,実務や健康に注力する時期です。,目標が形になる日まで,,80,8,今日のタスクを優先順位順に整理する
TRANSIT_SUN,NATAL_MOON,0,Work,6,Fire,1,Applying,実務面での安定を目指しましょう。,評価が上がる日まで,,75,7,業務の進捗を上司に報告する
TRANSIT_SUN,NATAL_MOON,0,Money,6,Fire,1,Applying,経済的な安心感を優先してください。,家計が安定する日まで,,65,6,今週の支出を振り返り無駄を省く
TRANSIT_SUN,NATAL_MOON,0,Love,6,Fire,1,Applying,情緒的な交流が絆を深めます。,絆が深まる日まで,,70,7,相手の相談を親身に聞く
TRANSIT_SUN,NATAL_MOON,0,Health,6,Fire,1,Applying,体調の変化に敏感になりましょう。,活力が続く日まで,,75,9,バランスの良い食事を心がける
TRANSIT_SUN,NATAL_MOON,0,General,6,Fire,1,Separating,実務や健康に注力する時期です。,目標が形になる日まで,,80,8,今日のタスクを優先順位順に整理する
TRANSIT_SUN,NATAL_MOON,0,Work,6,Fire,1,Separating,実務面での安定を目指しましょう。,評価が上がる日まで,,75,7,業務の進捗を上司に報告する
TRANSIT_SUN,NATAL_MOON,0,Money,6,Fire,1,Separating,経済的な安心感を優先してください。,家計が安定する日まで,,65,6,今週の支出を振り返り無駄を省く
TRANSIT_SUN,NATAL_MOON,0,Love,6,Fire,1,Separating,情緒的な交流が絆を深めます。,絆が深まる日まで,,70,7,相手の相談を親身に聞く
TRANSIT_SUN,NATAL_MOON,0,Health,6,Fire,1,Separating,体調の変化に敏感になりましょう。,活力が続く日まで,,75,9,バランスの良い食事を心がける
TRANSIT_SUN,NATAL_MOON,0,General,6,Earth,0,Applying,実務や健康に注力する時期です。,目標が形になる日まで,,80,8,今日のタスクを優先順位順に整理する
TRANSIT_SUN,NATAL_MOON,0,Work,6,Earth,0,Applying,実務面での安定を目指しましょう。,評価が上がる日まで,,75,7,業務の進捗を上司に報告する
TRANSIT_SUN,NATAL_MOON,0,Money,6,Earth,0,Applying,経済的な安心感を優先してください。,家計が安定する日まで,,65,6,今週の支出を振り返り無駄を省く
TRANSIT_SUN,NATAL_MOON,0,Love,6,Earth,0,Applying,情緒的な交流が絆を深めます。,絆が深まる日まで,,70,7,相手の相談を親身に聞く
TRANSIT_SUN,NATAL_MOON,0,Health,6,Earth,0,Applying,体調の変化に敏感になりましょう。,活力が続く日まで,,75,9,バランスの良い食事を心がける
TRANSIT_SUN,NATAL_MOON,0,General,6,Earth,0,Separating,実務や健康に注力する時期です。,目標が形になる日まで,,80,8,今日のタスクを優先順位順に整理する
TRANSIT_SUN,NATAL_MOON,0,Work,6,Earth,0,Separating,実務面での安定を目指しましょう。,評価が上がる日まで,,75,7,業務の進捗を上司に報告する
TRANSIT_SUN,NATAL_MOON,0,Money,6,Earth,0,Separating,経済的な安心感を優先してください。,家計が安定する日まで,,65,6,今週の支出を振り返り無駄を省く
TRANSIT_SUN,NATAL_MOON,0,Love,6,Earth,0,Separating,情緒的な交流が絆を深めます。,絆が深まる日まで,,70,7,相手の相談を親身に聞く
TRANSIT_SUN,NATAL_MOON,0,Health,6,Earth,0,Separating,体調の変化に敏感になりましょう。,活力が続く日まで,,75,9,バランスの良い食事を心がける
TRANSIT_SUN,NATAL_MOON,0,General,6,Earth,1,Applying,実務や健康に注力する時期です。,目標が形になる日まで,,80,8,今日のタスクを優先順位順に整理する
TRANSIT_SUN,NATAL_MOON,0,Work,6,Earth,1,Applying,実務面での安定を目指しましょう。,評価が上がる日まで,,75,7,業務の進捗を上司に報告する
TRANSIT_SUN,NATAL_MOON,0,Money,6,Earth,1,Applying,経済的な安心感を優先してください。,家計が安定する日まで,,65,6,今週の支出を振り返り無駄を省く
TRANSIT_SUN,NATAL_MOON,0,Love,6,Earth,1,Applying,情緒的な交流が絆を深めます。,絆が深まる日まで,,70,7,相手の相談を親身に聞く
TRANSIT_SUN,NATAL_MOON,0,Health,6,Earth,1,Applying,体調の変化に敏感になりましょう。,活力が続く日まで,,75,9,バランスの良い食事を心がける
TRANSIT_SUN,NATAL_MOON,0,General,6,Earth,1,Separating,実務や健康に注力する時期です。,目標が形になる日まで,,80,8,今日のタスクを優先順位順に整理する
TRANSIT_SUN,NATAL_MOON,0,Work,6,Earth,1,Separating,実務面での安定を目指しましょう。,評価が上がる日まで,,75,7,業務の進捗を上司に報告する
TRANSIT_SUN,NATAL_MOON,0,Money,6,Earth,1,Separating,経済的な安心感を優先してください。,家計が安定する日まで,,65,6,今週の支出を振り返り無駄を省く
TRANSIT_SUN,NATAL_MOON,0,Love,6,Earth,1,Separating,情緒的な交流が絆を深めます。,絆が深まる日まで,,70,7,相手の相談を親身に聞く
TRANSIT_SUN,NATAL_MOON,0,Health,6,Earth,1,Separating,体調の変化に敏感になりましょう。,活力が続く日まで,,75,9,バランスの良い食事を心がける
TRANSIT_SUN,NATAL_MOON,0,General,6,Air,0,Applying,実務や健康に注力する時期です。,目標が形になる日まで,,80,8,今日のタスクを優先順位順に整理する
TRANSIT_SUN,NATAL_MOON,0,Work,6,Air,0,Applying,実務面での安定を目指しましょう。,評価が上がる日まで,,75,7,業務の進捗を上司に報告する
TRANSIT_SUN,NATAL_MOON,0,Money,6,Air,0,Applying,経済的な安心感を優先してください。,家計が安定する日まで,,65,6,今週の支出を振り返り無駄を省く
TRANSIT_SUN,NATAL_MOON,0,Love,6,Air,0,Applying,情緒的な交流が絆を深めます。,絆が深まる日まで,,70,7,相手の相談を親身に聞く
TRANSIT_SUN,NATAL_MOON,0,Health,6,Air,0,Applying,体調の変化に敏感になりましょう。,活力が続く日まで,,75,9,バランスの良い食事を心がける
TRANSIT_SUN,NATAL_MOON,0,General,6,Air,0,Separating,実務や健康に注力する時期です。,目標が形になる日まで,,80,8,今日のタスクを優先順位順に整理する
TRANSIT_SUN,NATAL_MOON,0,Work,6,Air,0,Separating,実務面での安定を目指しましょう。,評価が上がる日まで,,75,7,業務の進捗を上司に報告する
TRANSIT_SUN,NATAL_MOON,0,Money,6,Air,0,Separating,経済的な安心感を優先してください。,家計が安定する日まで,,65,6,今週の支出を振り返り無駄を省く
TRANSIT_SUN,NATAL_MOON,0,Love,6,Air,0,Separating,情緒的な交流が絆を深めます。,絆が深まる日まで,,70,7,相手の相談を親身に聞く
TRANSIT_SUN,NATAL_MOON,0,Health,6,Air,0,Separating,体調の変化に敏感になりましょう。,活力が続く日まで,,75,9,バランスの良い食事を心がける
TRANSIT_SUN,NATAL_MOON,0,General,6,Air,1,Applying,実務や健康に注力する時期です。,目標が形になる日まで,,80,8,今日のタスクを優先順位順に整理する
TRANSIT_SUN,NATAL_MOON,0,Work,6,Air,1,Applying,実務面での安定を目指しましょう。,評価が上がる日まで,,75,7,業務の進捗を上司に報告する
TRANSIT_SUN,NATAL_MOON,0,Money,6,Air,1,Applying,経済的な安心感を優先してください。,家計が安定する日まで,,65,6,今週の支出を振り返り無駄を省く
TRANSIT_SUN,NATAL_MOON,0,Love,6,Air,1,Applying,情緒的な交流が絆を深めます。,絆が深まる日まで,,70,7,相手の相談を親身に聞く
TRANSIT_SUN,NATAL_MOON,0,Health,6,Air,1,Applying,体調の変化に敏感になりましょう。,活力が続く日まで,,75,9,バランスの良い食事を心がける
TRANSIT_SUN,NATAL_MOON,0,General,6,Air,1,Separating,実務や健康に注力する時期です。,目標が形になる日まで,,80,8,今日のタスクを優先順位順に整理する
TRANSIT_SUN,NATAL_MOON,0,Work,6,Air,1,Separating,実務面での安定を目指しましょう。,評価が上がる日まで,,75,7,業務の進捗を上司に報告する
TRANSIT_SUN,NATAL_MOON,0,Money,6,Air,1,Separating,経済的な安心感を優先してください。,家計が安定する日まで,,65,6,今週の支出を振り返り無駄を省く
TRANSIT_SUN,NATAL_MOON,0,Love,6,Air,1,Separating,情緒的な交流が絆を深めます。,絆が深まる日まで,,70,7,相手の相談を親身に聞く
TRANSIT_SUN,NATAL_MOON,0,Health,6,Air,1,Separating,体調の変化に敏感になりましょう。,活力が続く日まで,,75,9,バランスの良い食事を心がける
TRANSIT_SUN,NATAL_MOON,0,General,6,Water,0,Applying,実務や健康に注力する時期です。,目標が形になる日まで,,80,8,今日のタスクを優先順位順に整理する
TRANSIT_SUN,NATAL_MOON,0,Work,6,Water,0,Applying,実務面での安定を目指しましょう。,評価が上がる日まで,,75,7,業務の進捗を上司に報告する
TRANSIT_SUN,NATAL_MOON,0,Money,6,Water,0,Applying,経済的な安心感を優先してください。,家計が安定する日まで,,65,6,今週の支出を振り返り無駄を省く
TRANSIT_SUN,NATAL_MOON,0,Love,6,Water,0,Applying,情緒的な交流が絆を深めます。,絆が深まる日まで,,70,7,相手の相談を親身に聞く
TRANSIT_SUN,NATAL_MOON,0,Health,6,Water,0,Applying,体調の変化に敏感になりましょう。,活力が続く日まで,,75,9,バランスの良い食事を心がける
TRANSIT_SUN,NATAL_MOON,0,General,6,Water,0,Separating,実務や健康に注力する時期です。,目標が形になる日まで,,80,8,今日のタスクを優先順位順に整理する
TRANSIT_SUN,NATAL_MOON,0,Work,6,Water,0,Separating,実務面での安定を目指しましょう。,評価が上がる日まで,,75,7,業務の進捗を上司に報告する
TRANSIT_SUN,NATAL_MOON,0,Money,6,Water,0,Separating,経済的な安心感を優先してください。,家計が安定する日まで,,65,6,今週の支出を振り返り無駄を省く
TRANSIT_SUN,NATAL_MOON,0,Love,6,Water,0,Separating,情緒的な交流が絆を深めます。,絆が深まる日まで,,70,7,相手の相談を親身に聞く
TRANSIT_SUN,NATAL_MOON,0,Health,6,Water,0,Separating,体調の変化に敏感になりましょう。,活力が続く日まで,,75,9,バランスの良い食事を心がける
TRANSIT_SUN,NATAL_MOON,0,General,6,Water,1,Applying,実務や健康に注力する時期です。,目標が形になる日まで,,80,8,今日のタスクを優先順位順に整理する
TRANSIT_SUN,NATAL_MOON,0,Work,6,Water,1,Applying,実務面での安定を目指しましょう。,評価が上がる日まで,,75,7,業務の進捗を上司に報告する
TRANSIT_SUN,NATAL_MOON,0,Money,6,Water,1,Applying,経済的な安心感を優先してください。,家計が安定する日まで,,65,6,今週の支出を振り返り無駄を省く
TRANSIT_SUN,NATAL_MOON,0,Love,6,Water,1,Applying,情緒的な交流が絆を深めます。,絆が深まる日まで,,70,7,相手の相談を親身に聞く
TRANSIT_SUN,NATAL_MOON,0,Health,6,Water,1,Applying,体調の変化に敏感になりましょう。,活力が続く日まで,,75,9,バランスの良い食事を心がける
TRANSIT_SUN,NATAL_MOON,0,General,6,Water,1,Separating,実務や健康に注力する時期です。,目標が形になる日まで,,80,8,今日のタスクを優先順位順に整理する
TRANSIT_SUN,NATAL_MOON,0,Work,6,Water,1,Separating,実務面での安定を目指しましょう。,評価が上がる日まで,,75,7,業務の進捗を上司に報告する
TRANSIT_SUN,NATAL_MOON,0,Money,6,Water,1,Separating,経済的な安心感を優先してください。,家計が安定する日まで,,65,6,今週の支出を振り返り無駄を省く
TRANSIT_SUN,NATAL_MOON,0,Love,6,Water,1,Separating,情緒的な交流が絆を深めます。,絆が深まる日まで,,70,7,相手の相談を親身に聞く
TRANSIT_SUN,NATAL_MOON,0,Health,6,Water,1,Separating,体調の変化に敏感になりましょう。,活力が続く日まで,,75,9,バランスの良い食事を心がける
TRANSIT_SUN,NATAL_MOON,0,General,7,Fire,0,Applying,パートナーシップを深める時期です。,目標が形になる日まで,,80,8,大切な人に感謝を伝える
TRANSIT_SUN,NATAL_MOON,0,Work,7,Fire,0,Applying,実務面での安定を目指しましょう。,評価が上がる日まで,,75,7,業務の進捗を上司に報告する
TRANSIT_SUN,NATAL_MOON,0,Money,7,Fire,0,Applying,経済的な安心感を優先してください。,家計が安定する日まで,,65,6,今週の支出を振り返り無駄を省く
TRANSIT_SUN,NATAL_MOON,0,Love,7,Fire,0,Applying,情緒的な交流が絆を深めます。,絆が深まる日まで,,70,7,相手の相談を親身に聞く
TRANSIT_SUN,NATAL_MOON,0,Health,7,Fire,0,Applying,体調の変化に敏感になりましょう。,活力が続く日まで,,75,9,バランスの良い食事を心がける
TRANSIT_SUN,NATAL_MOON,0,General,7,Fire,0,Separating,パートナーシップを深める時期です。,目標が形になる日まで,,80,8,大切な人に感謝を伝える
TRANSIT_SUN,NATAL_MOON,0,Work,7,Fire,0,Separating,実務面での安定を目指しましょう。,評価が上がる日まで,,75,7,業務の進捗を上司に報告する
TRANSIT_SUN,NATAL_MOON,0,Money,7,Fire,0,Separating,経済的な安心感を優先してください。,家計が安定する日まで,,65,6,今週の支出を振り返り無駄を省く
TRANSIT_SUN,NATAL_MOON,0,Love,7,Fire,0,Separating,情緒的な交流が絆を深めます。,絆が深まる日まで,,70,7,相手の相談を親身に聞く
TRANSIT_SUN,NATAL_MOON,0,Health,7,Fire,0,Separating,体調の変化に敏感になりましょう。,活力が続く日まで,,75,9,バランスの良い食事を心がける
TRANSIT_SUN,NATAL_MOON,0,General,7,Fire,1,Applying,パートナーシップを深める時期です。,目標が形になる日まで,,80,8,大切な人に感謝を伝える
TRANSIT_SUN,NATAL_MOON,0,Work,7,Fire,1,Applying,実務面での安定を目指しましょう。,評価が上がる日まで,,75,7,業務の進捗を上司に報告する
TRANSIT_SUN,NATAL_MOON,0,Money,7,Fire,1,Applying,経済的な安心感を優先してください。,家計が安定する日まで,,65,6,今週の支出を振り返り無駄を省く
TRANSIT_SUN,NATAL_MOON,0,Love,7,Fire,1,Applying,情緒的な交流が絆を深めます。,絆が深まる日まで,,70,7,相手の相談を親身に聞く
TRANSIT_SUN,NATAL_MOON,0,Health,7,Fire,1,Applying,体調の変化に敏感になりましょう。,活力が続く日まで,,75,9,バランスの良い食事を心がける
TRANSIT_SUN,NATAL_MOON,0,General,7,Fire,1,Separating,パートナーシップを深める時期です。,目標が形になる日まで,,80,8,大切な人に感謝を伝える
TRANSIT_SUN,NATAL_MOON,0,Work,7,Fire,1,Separating,実務面での安定を目指しましょう。,評価が上がる日まで,,75,7,業務の進捗を上司に報告する
TRANSIT_SUN,NATAL_MOON,0,Money,7,Fire,1,Separating,経済的な安心感を優先してください。,家計が安定する日まで,,65,6,今週の支出を振り返り無駄を省く
TRANSIT_SUN,NATAL_MOON,0,Love,7,Fire,1,Separating,情緒的な交流が絆を深めます。,絆が深まる日まで,,70,7,相手の相談を親身に聞く
TRANSIT_SUN,NATAL_MOON,0,Health,7,Fire,1,Separating,体調の変化に敏感になりましょう。,活力が続く日まで,,75,9,バランスの良い食事を心がける
TRANSIT_SUN,NATAL_MOON,0,General,7,Earth,0,Applying,パートナーシップを深める時期です。,目標が形になる日まで,,80,8,大切な人に感謝を伝える
TRANSIT_SUN,NATAL_MOON,0,Work,7,Earth,0,Applying,実務面での安定を目指しましょう。,評価が上がる日まで,,75,7,業務の進捗を上司に報告する
TRANSIT_SUN,NATAL_MOON,0,Money,7,Earth,0,Applying,経済的な安心感を優先してください。,家計が安定する日まで,,65,6,今週の支出を振り返り無駄を省く
TRANSIT_SUN,NATAL_MOON,0,Love,7,Earth,0,Applying,情緒的な交流が絆を深めます。,絆が深まる日まで,,70,7,相手の相談を親身に聞く
TRANSIT_SUN,NATAL_MOON,0,Health,7,Earth,0,Applying,体調の変化に敏感になりましょう。,活力が続く日まで,,75,9,バランスの良い食事を心がける
TRANSIT_SUN,NATAL_MOON,0,General,7,Earth,0,Separating,パートナーシップを深める時期です。,目標が形になる日まで,,80,8,大切な人に感謝を伝える
TRANSIT_SUN,NATAL_MOON,0,Work,7,Earth,0,Separating,実務面での安定を目指しましょう。,評価が上がる日まで,,75,7,業務の進捗を上司に報告する
TRANSIT_SUN,NATAL_MOON,0,Money,7,Earth,0,Separating,経済的な安心感を優先してください。,家計が安定する日まで,,65,6,今週の支出を振り返り無駄を省く
TRANSIT_SUN,NATAL_MOON,0,Love,7,Earth,0,Separating,情緒的な交流が絆を深めます。,絆が深まる日まで,,70,7,相手の相談を親身に聞く
TRANSIT_SUN,NATAL_MOON,0,Health,7,Earth,0,Separating,体調の変化に敏感になりましょう。,活力が続く日まで,,75,9,バランスの良い食事を心がける
TRANSIT_SUN,NATAL_MOON,0,General,7,Earth,1,Applying,パートナーシップを深める時期です。,目標が形になる日まで,,80,8,大切な人に感謝を伝える
TRANSIT_SUN,NATAL_MOON,0,Work,7,Earth,1,Applying,実務面での安定を目指しましょう。,評価が上がる日まで,,75,7,業務の進捗を上司に報告する
TRANSIT_SUN,NATAL_MOON,0,Money,7,Earth,1,Applying,経済的な安心感を優先してください。,家計が安定する日まで,,65,6,今週の支出を振り返り無駄を省く
TRANSIT_SUN,NATAL_MOON,0,Love,7,Earth,1,Applying,情緒的な交流が絆を深めます。,絆が深まる日まで,,70,7,相手の相談を親身に聞く
TRANSIT_SUN,NATAL_MOON,0,Health,7,Earth,1,Applying,体調の変化に敏感になりましょう。,活力が続く日まで,,75,9,バランスの良い食事を心がける
TRANSIT_SUN,NATAL_MOON,0,General,7,Earth,1,Separating,パートナーシップを深める時期です。,目標が形になる日まで,,80,8,大切な人に感謝を伝える
TRANSIT_SUN,NATAL_MOON,0,Work,7,Earth,1,Separating,実務面での安定を目指しましょう。,評価が上がる日まで,,75,7,業務の進捗を上司に報告する
TRANSIT_SUN,NATAL_MOON,0,Money,7,Earth,1,Separating,経済的な安心感を優先してください。,家計が安定する日まで,,65,6,今週の支出を振り返り無駄を省く
TRANSIT_SUN,NATAL_MOON,0,Love,7,Earth,1,Separating,情緒的な交流が絆を深めます。,絆が深まる日まで,,70,7,相手の相談を親身に聞く
TRANSIT_SUN,NATAL_MOON,0,Health,7,Earth,1,Separating,体調の変化に敏感になりましょう。,活力が続く日まで,,75,9,バランスの良い食事を心がける
TRANSIT_SUN,NATAL_MOON,0,General,7,Air,0,Applying,パートナーシップを深める時期です。,目標が形になる日まで,,80,8,大切な人に感謝を伝える
TRANSIT_SUN,NATAL_MOON,0,Work,7,Air,0,Applying,実務面での安定を目指しましょう。,評価が上がる日まで,,75,7,業務の進捗を上司に報告する
TRANSIT_SUN,NATAL_MOON,0,Money,7,Air,0,Applying,経済的な安心感を優先してください。,家計が安定する日まで,,65,6,今週の支出を振り返り無駄を省く
TRANSIT_SUN,NATAL_MOON,0,Love,7,Air,0,Applying,情緒的な交流が絆を深めます。,絆が深まる日まで,,70,7,相手の相談を親身に聞く
TRANSIT_SUN,NATAL_MOON,0,Health,7,Air,0,Applying,体調の変化に敏感になりましょう。,活力が続く日まで,,75,9,バランスの良い食事を心がける
TRANSIT_SUN,NATAL_MOON,0,General,7,Air,0,Separating,パートナーシップを深める時期です。,目標が形になる日まで,,80,8,大切な人に感謝を伝える
TRANSIT_SUN,NATAL_MOON,0,Work,7,Air,0,Separating,実務面での安定を目指しましょう。,評価が上がる日まで,,75,7,業務の進捗を上司に報告する
TRANSIT_SUN,NATAL_MOON,0,Money,7,Air,0,Separating,経済的な安心感を優先してください。,家計が安定する日まで,,65,6,今週の支出を振り返り無駄を省く
TRANSIT_SUN,NATAL_MOON,0,Love,7,Air,0,Separating,情緒的な交流が絆を深めます。,絆が深まる日まで,,70,7,相手の相談を親身に聞く
TRANSIT_SUN,NATAL_MOON,0,Health,7,Air,0,Separating,体調の変化に敏感になりましょう。,活力が続く日まで,,75,9,バランスの良い食事を心がける
TRANSIT_SUN,NATAL_MOON,0,General,7,Air,1,Applying,パートナーシップを深める時期です。,目標が形になる日まで,,80,8,大切な人に感謝を伝える
TRANSIT_SUN,NATAL_MOON,0,Work,7,Air,1,Applying,実務面での安定を目指しましょう。,評価が上がる日まで,,75,7,業務の進捗を上司に報告する
TRANSIT_SUN,NATAL_MOON,0,Money,7,Air,1,Applying,経済的な安心感を優先してください。,家計が安定する日まで,,65,6,今週の支出を振り返り無駄を省く
TRANSIT_SUN,NATAL_MOON,0,Love,7,Air,1,Applying,情緒的な交流が絆を深めます。,絆が深まる日まで,,70,7,相手の相談を親身に聞く
TRANSIT_SUN,NATAL_MOON,0,Health,7,Air,1,Applying,体調の変化に敏感になりましょう。,活力が続く日まで,,75,9,バランスの良い食事を心がける
TRANSIT_SUN,NATAL_MOON,0,General,7,Air,1,Separating,パートナーシップを深める時期です。,目標が形になる日まで,,80,8,大切な人に感謝を伝える
TRANSIT_SUN,NATAL_MOON,0,Work,7,Air,1,Separating,実務面での安定を目指しましょう。,評価が上がる日まで,,75,7,業務の進捗を上司に報告する
TRANSIT_SUN,NATAL_MOON,0,Money,7,Air,1,Separating,経済的な安心感を優先してください。,家計が安定する日まで,,65,6,今週の支出を振り返り無駄を省く
TRANSIT_SUN,NATAL_MOON,0,Love,7,Air,1,Separating,情緒的な交流が絆を深めます。,絆が深まる日まで,,70,7,相手の相談を親身に聞く
TRANSIT_SUN,NATAL_MOON,0,Health,7,Air,1,Separating,体調の変化に敏感になりましょう。,活力が続く日まで,,75,9,バランスの良い食事を心がける
TRANSIT_SUN,NATAL_MOON,0,General,7,Water,0,Applying,パートナーシップを深める時期です。,目標が形になる日まで,,80,8,大切な人に感謝を伝える
TRANSIT_SUN,NATAL_MOON,0,Work,7,Water,0,Applying,実務面での安定を目指しましょう。,評価が上がる日まで,,75,7,業務の進捗を上司に報告する
TRANSIT_SUN,NATAL_MOON,0,Money,7,Water,0,Applying,経済的な安心感を優先してください。,家計が安定する日まで,,65,6,今週の支出を振り返り無駄を省く
TRANSIT_SUN,NATAL_MOON,0,Love,7,Water,0,Applying,情緒的な交流が絆を深めます。,絆が深まる日まで,,70,7,相手の相談を親身に聞く
TRANSIT_SUN,NATAL_MOON,0,Health,7,Water,0,Applying,体調の変化に敏感になりましょう。,活力が続く日まで,,75,9,バランスの良い食事を心がける
TRANSIT_SUN,NATAL_MOON,0,General,7,Water,0,Separating,パートナーシップを深める時期です。,目標が形になる日まで,,80,8,大切な人に感謝を伝える
TRANSIT_SUN,NATAL_MOON,0,Work,7,Water,0,Separating,実務面での安定を目指しましょう。,評価が上がる日まで,,75,7,業務の進捗を上司に報告する
TRANSIT_SUN,NATAL_MOON,0,Money,7,Water,0,Separating,経済的な安心感を優先してください。,家計が安定する日まで,,65,6,今週の支出を振り返り無駄を省く
TRANSIT_SUN,NATAL_MOON,0,Love,7,Water,0,Separating,情緒的な交流が絆を深めます。,絆が深まる日まで,,70,7,相手の相談を親身に聞く
TRANSIT_SUN,NATAL_MOON,0,Health,7,Water,0,Separating,体調の変化に敏感になりましょう。,活力が続く日まで,,75,9,バランスの良い食事を心がける
TRANSIT_SUN,NATAL_MOON,0,General,7,Water,1,Applying,パートナーシップを深める時期です。,目標が形になる日まで,,80,8,大切な人に感謝を伝える
TRANSIT_SUN,NATAL_MOON,0,Work,7,Water,1,Applying,実務面での安定を目指しましょう。,評価が上がる日まで,,75,7,業務の進捗を上司に報告する
TRANSIT_SUN,NATAL_MOON,0,Money,7,Water,1,Applying,経済的な安心感を優先してください。,家計が安定する日まで,,65,6,今週の支出を振り返り無駄を省く
TRANSIT_SUN,NATAL_MOON,0,Love,7,Water,1,Applying,情緒的な交流が絆を深めます。,絆が深まる日まで,,70,7,相手の相談を親身に聞く
TRANSIT_SUN,NATAL_MOON,0,Health,7,Water,1,Applying,体調の変化に敏感になりましょう。,活力が続く日まで,,75,9,バランスの良い食事を心がける
TRANSIT_SUN,NATAL_MOON,0,General,7,Water,1,Separating,パートナーシップを深める時期です。,目標が形になる日まで,,80,8,大切な人に感謝を伝える
TRANSIT_SUN,NATAL_MOON,0,Work,7,Water,1,Separating,実務面での安定を目指しましょう。,評価が上がる日まで,,75,7,業務の進捗を上司に報告する
TRANSIT_SUN,NATAL_MOON,0,Money,7,Water,1,Separating,経済的な安心感を優先してください。,家計が安定する日まで,,65,6,今週の支出を振り返り無駄を省く
TRANSIT_SUN,NATAL_MOON,0,Love,7,Water,1,Separating,情緒的な交流が絆を深めます。,絆が深まる日まで,,70,7,相手の相談を親身に聞く
TRANSIT_SUN,NATAL_MOON,0,Health,7,Water,1,Separating,体調の変化に敏感になりましょう。,活力が続く日まで,,75,9,バランスの良い食事を心がける
TRANSIT_SUN,NATAL_MOON,0,General,8,Fire,0,Applying,深い絆や共有財産を扱う時期です。,目標が形になる日まで,,80,8,保険や負債の状況を整理する
TRANSIT_SUN,NATAL_MOON,0,Work,8,Fire,0,Applying,実務面での安定を目指しましょう。,評価が上がる日まで,,75,7,業務の進捗を上司に報告する
TRANSIT_SUN,NATAL_MOON,0,Money,8,Fire,0,Applying,経済的な安心感を優先してください。,家計が安定する日まで,,65,6,今週の支出を振り返り無駄を省く
TRANSIT_SUN,NATAL_MOON,0,Love,8,Fire,0,Applying,情緒的な交流が絆を深めます。,絆が深まる日まで,,70,7,相手の相談を親身に聞く
TRANSIT_SUN,NATAL_MOON,0,Health,8,Fire,0,Applying,体調の変化に敏感になりましょう。,活力が続く日まで,,75,9,バランスの良い食事を心がける
TRANSIT_SUN,NATAL_MOON,0,General,8,Fire,0,Separating,深い絆や共有財産を扱う時期です。,目標が形になる日まで,,80,8,保険や負債の状況を整理する
TRANSIT_SUN,NATAL_MOON,0,Work,8,Fire,0,Separating,実務面での安定を目指しましょう。,評価が上がる日まで,,75,7,業務の進捗を上司に報告する
TRANSIT_SUN,NATAL_MOON,0,Money,8,Fire,0,Separating,経済的な安心感を優先してください。,家計が安定する日まで,,65,6,今週の支出を振り返り無駄を省く
TRANSIT_SUN,NATAL_MOON,0,Love,8,Fire,0,Separating,情緒的な交流が絆を深めます。,絆が深まる日まで,,70,7,相手の相談を親身に聞く
TRANSIT_SUN,NATAL_MOON,0,Health,8,Fire,0,Separating,体調の変化に敏感になりましょう。,活力が続く日まで,,75,9,バランスの良い食事を心がける
TRANSIT_SUN,NATAL_MOON,0,General,8,Fire,1,Applying,深い絆や共有財産を扱う時期です。,目標が形になる日まで,,80,8,保険や負債の状況を整理する
TRANSIT_SUN,NATAL_MOON,0,Work,8,Fire,1,Applying,実務面での安定を目指しましょう。,評価が上がる日まで,,75,7,業務の進捗を上司に報告する
TRANSIT_SUN,NATAL_MOON,0,Money,8,Fire,1,Applying,経済的な安心感を優先してください。,家計が安定する日まで,,65,6,今週の支出を振り返り無駄を省く
TRANSIT_SUN,NATAL_MOON,0,Love,8,Fire,1,Applying,情緒的な交流が絆を深めます。,絆が深まる日まで,,70,7,相手の相談を親身に聞く
TRANSIT_SUN,NATAL_MOON,0,Health,8,Fire,1,Applying,体調の変化に敏感になりましょう。,活力が続く日まで,,75,9,バランスの良い食事を心がける
TRANSIT_SUN,NATAL_MOON,0,General,8,Fire,1,Separating,深い絆や共有財産を扱う時期です。,目標が形になる日まで,,80,8,保険や負債の状況を整理する
TRANSIT_SUN,NATAL_MOON,0,Work,8,Fire,1,Separating,実務面での安定を目指しましょう。,評価が上がる日まで,,75,7,業務の進捗を上司に報告する
TRANSIT_SUN,NATAL_MOON,0,Money,8,Fire,1,Separating,経済的な安心感を優先してください。,家計が安定する日まで,,65,6,今週の支出を振り返り無駄を省く
TRANSIT_SUN,NATAL_MOON,0,Love,8,Fire,1,Separating,情緒的な交流が絆を深めます。,絆が深まる日まで,,70,7,相手の相談を親身に聞く
TRANSIT_SUN,NATAL_MOON,0,Health,8,Fire,1,Separating,体調の変化に敏感になりましょう。,活力が続く日まで,,75,9,バランスの良い食事を心がける
TRANSIT_SUN,NATAL_MOON,0,General,8,Earth,0,Applying,深い絆や共有財産を扱う時期です。,目標が形になる日まで,,80,8,保険や負債の状況を整理する
TRANSIT_SUN,NATAL_MOON,0,Work,8,Earth,0,Applying,実務面での安定を目指しましょう。,評価が上がる日まで,,75,7,業務の進捗を上司に報告する
TRANSIT_SUN,NATAL_MOON,0,Money,8,Earth,0,Applying,経済的な安心感を優先してください。,家計が安定する日まで,,65,6,今週の支出を振り返り無駄を省く
TRANSIT_SUN,NATAL_MOON,0,Love,8,Earth,0,Applying,情緒的な交流が絆を深めます。,絆が深まる日まで,,70,7,相手の相談を親身に聞く
TRANSIT_SUN,NATAL_MOON,0,Health,8,Earth,0,Applying,体調の変化に敏感になりましょう。,活力が続く日まで,,75,9,バランスの良い食事を心がける
TRANSIT_SUN,NATAL_MOON,0,General,8,Earth,0,Separating,深い絆や共有財産を扱う時期です。,目標が形になる日まで,,80,8,保険や負債の状況を整理する
TRANSIT_SUN,NATAL_MOON,0,Work,8,Earth,0,Separating,実務面での安定を目指しましょう。,評価が上がる日まで,,75,7,業務の進捗を上司に報告する
TRANSIT_SUN,NATAL_MOON,0,Money,8,Earth,0,Separating,経済的な安心感を優先してください。,家計が安定する日まで,,65,6,今週の支出を振り返り無駄を省く
TRANSIT_SUN,NATAL_MOON,0,Love,8,Earth,0,Separating,情緒的な交流が絆を深めます。,絆が深まる日まで,,70,7,相手の相談を親身に聞く
TRANSIT_SUN,NATAL_MOON,0,Health,8,Earth,0,Separating,体調の変化に敏感になりましょう。,活力が続く日まで,,75,9,バランスの良い食事を心がける
TRANSIT_SUN,NATAL_MOON,0,General,8,Earth,1,Applying,深い絆や共有財産を扱う時期です。,目標が形になる日まで,,80,8,保険や負債の状況を整理する
TRANSIT_SUN,NATAL_MOON,0,Work,8,Earth,1,Applying,実務面での安定を目指しましょう。,評価が上がる日まで,,75,7,業務の進捗を上司に報告する
TRANSIT_SUN,NATAL_MOON,0,Money,8,Earth,1,Applying,経済的な安心感を優先してください。,家計が安定する日まで,,65,6,今週の支出を振り返り無駄を省く
TRANSIT_SUN,NATAL_MOON,0,Love,8,Earth,1,Applying,情緒的な交流が絆を深めます。,絆が深まる日まで,,70,7,相手の相談を親身に聞く
TRANSIT_SUN,NATAL_MOON,0,Health,8,Earth,1,Applying,体調の変化に敏感になりましょう。,活力が続く日まで,,75,9,バランスの良い食事を心がける
TRANSIT_SUN,NATAL_MOON,0,General,8,Earth,1,Separating,深い絆や共有財産を扱う時期です。,目標が形になる日まで,,80,8,保険や負債の状況を整理する
TRANSIT_SUN,NATAL_MOON,0,Work,8,Earth,1,Separating,実務面での安定を目指しましょう。,評価が上がる日まで,,75,7,業務の進捗を上司に報告する
TRANSIT_SUN,NATAL_MOON,0,Money,8,Earth,1,Separating,経済的な安心感を優先してください。,家計が安定する日まで,,65,6,今週の支出を振り返り無駄を省く
TRANSIT_SUN,NATAL_MOON,0,Love,8,Earth,1,Separating,情緒的な交流が絆を深めます。,絆が深まる日まで,,70,7,相手の相談を親身に聞く
TRANSIT_SUN,NATAL_MOON,0,Health,8,Earth,1,Separating,体調の変化に敏感になりましょう。,活力が続く日まで,,75,9,バランスの良い食事を心がける
TRANSIT_SUN,NATAL_MOON,0,General,8,Air,0,Applying,深い絆や共有財産を扱う時期です。,目標が形になる日まで,,80,8,保険や負債の状況を整理する
TRANSIT_SUN,NATAL_MOON,0,Work,8,Air,0,Applying,実務面での安定を目指しましょう。,評価が上がる日まで,,75,7,業務の進捗を上司に報告する
TRANSIT_SUN,NATAL_MOON,0,Money,8,Air,0,Applying,経済的な安心感を優先してください。,家計が安定する日まで,,65,6,今週の支出を振り返り無駄を省く
TRANSIT_SUN,NATAL_MOON,0,Love,8,Air,0,Applying,情緒的な交流が絆を深めます。,絆が深まる日まで,,70,7,相手の相談を親身に聞く
TRANSIT_SUN,NATAL_MOON,0,Health,8,Air,0,Applying,体調の変化に敏感になりましょう。,活力が続く日まで,,75,9,バランスの良い食事を心がける
TRANSIT_SUN,NATAL_MOON,0,General,8,Air,0,Separating,深い絆や共有財産を扱う時期です。,目標が形になる日まで,,80,8,保険や負債の状況を整理する
TRANSIT_SUN,NATAL_MOON,0,Work,8,Air,0,Separating,実務面での安定を目指しましょう。,評価が上がる日まで,,75,7,業務の進捗を上司に報告する
TRANSIT_SUN,NATAL_MOON,0,Money,8,Air,0,Separating,経済的な安心感を優先してください。,家計が安定する日まで,,65,6,今週の支出を振り返り無駄を省く
TRANSIT_SUN,NATAL_MOON,0,Love,8,Air,0,Separating,情緒的な交流が絆を深めます。,絆が深まる日まで,,70,7,相手の相談を親身に聞く
TRANSIT_SUN,NATAL_MOON,0,Health,8,Air,0,Separating,体調の変化に敏感になりましょう。,活力が続く日まで,,75,9,バランスの良い食事を心がける
TRANSIT_SUN,NATAL_MOON,0,General,8,Air,1,Applying,深い絆や共有財産を扱う時期です。,目標が形になる日まで,,80,8,保険や負債の状況を整理する
TRANSIT_SUN,NATAL_MOON,0,Work,8,Air,1,Applying,実務面での安定を目指しましょう。,評価が上がる日まで,,75,7,業務の進捗を上司に報告する
TRANSIT_SUN,NATAL_MOON,0,Money,8,Air,1,Applying,経済的な安心感を優先してください。,家計が安定する日まで,,65,6,今週の支出を振り返り無駄を省く
TRANSIT_SUN,NATAL_MOON,0,Love,8,Air,1,Applying,情緒的な交流が絆を深めます。,絆が深まる日まで,,70,7,相手の相談を親身に聞く
TRANSIT_SUN,NATAL_MOON,0,Health,8,Air,1,Applying,体調の変化に敏感になりましょう。,活力が続く日まで,,75,9,バランスの良い食事を心がける
TRANSIT_SUN,NATAL_MOON,0,General,8,Air,1,Separating,深い絆や共有財産を扱う時期です。,目標が形になる日まで,,80,8,保険や負債の状況を整理する
TRANSIT_SUN,NATAL_MOON,0,Work,8,Air,1,Separating,実務面での安定を目指しましょう。,評価が上がる日まで,,75,7,業務の進捗を上司に報告する
TRANSIT_SUN,NATAL_MOON,0,Money,8,Air,1,Separating,経済的な安心感を優先してください。,家計が安定する日まで,,65,6,今週の支出を振り返り無駄を省く
TRANSIT_SUN,NATAL_MOON,0,Love,8,Air,1,Separating,情緒的な交流が絆を深めます。,絆が深まる日まで,,70,7,相手の相談を親身に聞く
TRANSIT_SUN,NATAL_MOON,0,Health,8,Air,1,Separating,体調の変化に敏感になりましょう。,活力が続く日まで,,75,9,バランスの良い食事を心がける
TRANSIT_SUN,NATAL_MOON,0,General,8,Water,0,Applying,深い絆や共有財産を扱う時期です。,目標が形になる日まで,,80,8,保険や負債の状況を整理する
TRANSIT_SUN,NATAL_MOON,0,Work,8,Water,0,Applying,実務面での安定を目指しましょう。,評価が上がる日まで,,75,7,業務の進捗を上司に報告する
TRANSIT_SUN,NATAL_MOON,0,Money,8,Water,0,Applying,経済的な安心感を優先してください。,家計が安定する日まで,,65,6,今週の支出を振り返り無駄を省く
TRANSIT_SUN,NATAL_MOON,0,Love,8,Water,0,Applying,情緒的な交流が絆を深めます。,絆が深まる日まで,,70,7,相手の相談を親身に聞く
TRANSIT_SUN,NATAL_MOON,0,Health,8,Water,0,Applying,体調の変化に敏感になりましょう。,活力が続く日まで,,75,9,バランスの良い食事を心がける
TRANSIT_SUN,NATAL_MOON,0,General,8,Water,0,Separating,深い絆や共有財産を扱う時期です。,目標が形になる日まで,,80,8,保険や負債の状況を整理する
TRANSIT_SUN,NATAL_MOON,0,Work,8,Water,0,Separating,実務面での安定を目指しましょう。,評価が上がる日まで,,75,7,業務の進捗を上司に報告する
TRANSIT_SUN,NATAL_MOON,0,Money,8,Water,0,Separating,経済的な安心感を優先してください。,家計が安定する日まで,,65,6,今週の支出を振り返り無駄を省く
TRANSIT_SUN,NATAL_MOON,0,Love,8,Water,0,Separating,情緒的な交流が絆を深めます。,絆が深まる日まで,,70,7,相手の相談を親身に聞く
TRANSIT_SUN,NATAL_MOON,0,Health,8,Water,0,Separating,体調の変化に敏感になりましょう。,活力が続く日まで,,75,9,バランスの良い食事を心がける
TRANSIT_SUN,NATAL_MOON,0,General,8,Water,1,Applying,深い絆や共有財産を扱う時期です。,目標が形になる日まで,,80,8,保険や負債の状況を整理する
TRANSIT_SUN,NATAL_MOON,0,Work,8,Water,1,Applying,実務面での安定を目指しましょう。,評価が上がる日まで,,75,7,業務の進捗を上司に報告する
TRANSIT_SUN,NATAL_MOON,0,Money,8,Water,1,Applying,経済的な安心感を優先してください。,家計が安定する日まで,,65,6,今週の支出を振り返り無駄を省く
TRANSIT_SUN,NATAL_MOON,0,Love,8,Water,1,Applying,情緒的な交流が絆を深めます。,絆が深まる日まで,,70,7,相手の相談を親身に聞く
TRANSIT_SUN,NATAL_MOON,0,Health,8,Water,1,Applying,体調の変化に敏感になりましょう。,活力が続く日まで,,75,9,バランスの良い食事を心がける
TRANSIT_SUN,NATAL_MOON,0,General,8,Water,1,Separating,深い絆や共有財産を扱う時期です。,目標が形になる日まで,,80,8,保険や負債の状況を整理する
TRANSIT_SUN,NATAL_MOON,0,Work,8,Water,1,Separating,実務面での安定を目指しましょう。,評価が上がる日まで,,75,7,業務の進捗を上司に報告する
TRANSIT_SUN,NATAL_MOON,0,Money,8,Water,1,Separating,経済的な安心感を優先してください。,家計が安定する日まで,,65,6,今週の支出を振り返り無駄を省く
TRANSIT_SUN,NATAL_MOON,0,Love,8,Water,1,Separating,情緒的な交流が絆を深めます。,絆が深まる日まで,,70,7,相手の相談を親身に聞く
TRANSIT_SUN,NATAL_MOON,0,Health,8,Water,1,Separating,体調の変化に敏感になりましょう。,活力が続く日まで,,75,9,バランスの良い食事を心がける
TRANSIT_SUN,NATAL_MOON,0,General,9,Fire,0,Applying,広い視点や学びを求める時期です。,目標が形になる日まで,,80,8,専門書を読み新しい知識を1つ得る
TRANSIT_SUN,NATAL_MOON,0,Work,9,Fire,0,Applying,実務面での安定を目指しましょう。,評価が上がる日まで,,75,7,業務の進捗を上司に報告する
TRANSIT_SUN,NATAL_MOON,0,Money,9,Fire,0,Applying,経済的な安心感を優先してください。,家計が安定する日まで,,65,6,今週の支出を振り返り無駄を省く
TRANSIT_SUN,NATAL_MOON,0,Love,9,Fire,0,Applying,情緒的な交流が絆を深めます。,絆が深まる日まで,,70,7,相手の相談を親身に聞く
TRANSIT_SUN,NATAL_MOON,0,Health,9,Fire,0,Applying,体調の変化に敏感になりましょう。,活力が続く日まで,,75,9,バランスの良い食事を心がける
TRANSIT_SUN,NATAL_MOON,0,General,9,Fire,0,Separating,広い視点や学びを求める時期です。,目標が形になる日まで,,80,8,専門書を読み新しい知識を1つ得る
TRANSIT_SUN,NATAL_MOON,0,Work,9,Fire,0,Separating,実務面での安定を目指しましょう。,評価が上がる日まで,,75,7,業務の進捗を上司に報告する
TRANSIT_SUN,NATAL_MOON,0,Money,9,Fire,0,Separating,経済的な安心感を優先してください。,家計が安定する日まで,,65,6,今週の支出を振り返り無駄を省く
TRANSIT_SUN,NATAL_MOON,0,Love,9,Fire,0,Separating,情緒的な交流が絆を深めます。,絆が深まる日まで,,70,7,相手の相談を親身に聞く
TRANSIT_SUN,NATAL_MOON,0,Health,9,Fire,0,Separating,体調の変化に敏感になりましょう。,活力が続く日まで,,75,9,バランスの良い食事を心がける
TRANSIT_SUN,NATAL_MOON,0,General,9,Fire,1,Applying,広い視点や学びを求める時期です。,目標が形になる日まで,,80,8,専門書を読み新しい知識を1つ得る
TRANSIT_SUN,NATAL_MOON,0,Work,9,Fire,1,Applying,実務面での安定を目指しましょう。,評価が上がる日まで,,75,7,業務の進捗を上司に報告する
TRANSIT_SUN,NATAL_MOON,0,Money,9,Fire,1,Applying,経済的な安心感を優先してください。,家計が安定する日まで,,65,6,今週の支出を振り返り無駄を省く
TRANSIT_SUN,NATAL_MOON,0,Love,9,Fire,1,Applying,情緒的な交流が絆を深めます。,絆が深まる日まで,,70,7,相手の相談を親身に聞く
TRANSIT_SUN,NATAL_MOON,0,Health,9,Fire,1,Applying,体調の変化に敏感になりましょう。,活力が続く日まで,,75,9,バランスの良い食事を心がける
TRANSIT_SUN,NATAL_MOON,0,General,9,Fire,1,Separating,広い視点や学びを求める時期です。,目標が形になる日まで,,80,8,専門書を読み新しい知識を1つ得る
TRANSIT_SUN,NATAL_MOON,0,Work,9,Fire,1,Separating,実務面での安定を目指しましょう。,評価が上がる日まで,,75,7,業務の進捗を上司に報告する
TRANSIT_SUN,NATAL_MOON,0,Money,9,Fire,1,Separating,経済的な安心感を優先してください。,家計が安定する日まで,,65,6,今週の支出を振り返り無駄を省く
TRANSIT_SUN,NATAL_MOON,0,Love,9,Fire,1,Separating,情緒的な交流が絆を深めます。,絆が深まる日まで,,70,7,相手の相談を親身に聞く
TRANSIT_SUN,NATAL_MOON,0,Health,9,Fire,1,Separating,体調の変化に敏感になりましょう。,活力が続く日まで,,75,9,バランスの良い食事を心がける
TRANSIT_SUN,NATAL_MOON,0,General,9,Earth,0,Applying,広い視点や学びを求める時期です。,目標が形になる日まで,,80,8,専門書を読み新しい知識を1つ得る
TRANSIT_SUN,NATAL_MOON,0,Work,9,Earth,0,Applying,実務面での安定を目指しましょう。,評価が上がる日まで,,75,7,業務の進捗を上司に報告する
TRANSIT_SUN,NATAL_MOON,0,Money,9,Earth,0,Applying,経済的な安心感を優先してください。,家計が安定する日まで,,65,6,今週の支出を振り返り無駄を省く
TRANSIT_SUN,NATAL_MOON,0,Love,9,Earth,0,Applying,情緒的な交流が絆を深めます。,絆が深まる日まで,,70,7,相手の相談を親身に聞く
TRANSIT_SUN,NATAL_MOON,0,Health,9,Earth,0,Applying,体調の変化に敏感になりましょう。,活力が続く日まで,,75,9,バランスの良い食事を心がける
TRANSIT_SUN,NATAL_MOON,0,General,9,Earth,0,Separating,広い視点や学びを求める時期です。,目標が形になる日まで,,80,8,専門書を読み新しい知識を1つ得る
TRANSIT_SUN,NATAL_MOON,0,Work,9,Earth,0,Separating,実務面での安定を目指しましょう。,評価が上がる日まで,,75,7,業務の進捗を上司に報告する
TRANSIT_SUN,NATAL_MOON,0,Money,9,Earth,0,Separating,経済的な安心感を優先してください。,家計が安定する日まで,,65,6,今週の支出を振り返り無駄を省く
TRANSIT_SUN,NATAL_MOON,0,Love,9,Earth,0,Separating,情緒的な交流が絆を深めます。,絆が深まる日まで,,70,7,相手の相談を親身に聞く
TRANSIT_SUN,NATAL_MOON,0,Health,9,Earth,0,Separating,体調の変化に敏感になりましょう。,活力が続く日まで,,75,9,バランスの良い食事を心がける
TRANSIT_SUN,NATAL_MOON,0,General,9,Earth,1,Applying,広い視点や学びを求める時期です。,目標が形になる日まで,,80,8,専門書を読み新しい知識を1つ得る
TRANSIT_SUN,NATAL_MOON,0,Work,9,Earth,1,Applying,実務面での安定を目指しましょう。,評価が上がる日まで,,75,7,業務の進捗を上司に報告する
TRANSIT_SUN,NATAL_MOON,0,Money,9,Earth,1,Applying,経済的な安心感を優先してください。,家計が安定する日まで,,65,6,今週の支出を振り返り無駄を省く
TRANSIT_SUN,NATAL_MOON,0,Love,9,Earth,1,Applying,情緒的な交流が絆を深めます。,絆が深まる日まで,,70,7,相手の相談を親身に聞く
TRANSIT_SUN,NATAL_MOON,0,Health,9,Earth,1,Applying,体調の変化に敏感になりましょう。,活力が続く日まで,,75,9,バランスの良い食事を心がける
TRANSIT_SUN,NATAL_MOON,0,General,9,Earth,1,Separating,広い視点や学びを求める時期です。,目標が形になる日まで,,80,8,専門書を読み新しい知識を1つ得る
TRANSIT_SUN,NATAL_MOON,0,Work,9,Earth,1,Separating,実務面での安定を目指しましょう。,評価が上がる日まで,,75,7,業務の進捗を上司に報告する
TRANSIT_SUN,NATAL_MOON,0,Money,9,Earth,1,Separating,経済的な安心感を優先してください。,家計が安定する日まで,,65,6,今週の支出を振り返り無駄を省く
TRANSIT_SUN,NATAL_MOON,0,Love,9,Earth,1,Separating,情緒的な交流が絆を深めます。,絆が深まる日まで,,70,7,相手の相談を親身に聞く
TRANSIT_SUN,NATAL_MOON,0,Health,9,Earth,1,Separating,体調の変化に敏感になりましょう。,活力が続く日まで,,75,9,バランスの良い食事を心がける
TRANSIT_SUN,NATAL_MOON,0,General,9,Air,0,Applying,広い視点や学びを求める時期です。,目標が形になる日まで,,80,8,専門書を読み新しい知識を1つ得る
TRANSIT_SUN,NATAL_MOON,0,Work,9,Air,0,Applying,実務面での安定を目指しましょう。,評価が上がる日まで,,75,7,業務の進捗を上司に報告する
TRANSIT_SUN,NATAL_MOON,0,Money,9,Air,0,Applying,経済的な安心感を優先してください。,家計が安定する日まで,,65,6,今週の支出を振り返り無駄を省く
TRANSIT_SUN,NATAL_MOON,0,Love,9,Air,0,Applying,情緒的な交流が絆を深めます。,絆が深まる日まで,,70,7,相手の相談を親身に聞く
TRANSIT_SUN,NATAL_MOON,0,Health,9,Air,0,Applying,体調の変化に敏感になりましょう。,活力が続く日まで,,75,9,バランスの良い食事を心がける
TRANSIT_SUN,NATAL_MOON,0,General,9,Air,0,Separating,広い視点や学びを求める時期です。,目標が形になる日まで,,80,8,専門書を読み新しい知識を1つ得る
TRANSIT_SUN,NATAL_MOON,0,Work,9,Air,0,Separating,実務面での安定を目指しましょう。,評価が上がる日まで,,75,7,業務の進捗を上司に報告する
TRANSIT_SUN,NATAL_MOON,0,Money,9,Air,0,Separating,経済的な安心感を優先してください。,家計が安定する日まで,,65,6,今週の支出を振り返り無駄を省く
TRANSIT_SUN,NATAL_MOON,0,Love,9,Air,0,Separating,情緒的な交流が絆を深めます。,絆が深まる日まで,,70,7,相手の相談を親身に聞く
TRANSIT_SUN,NATAL_MOON,0,Health,9,Air,0,Separating,体調の変化に敏感になりましょう。,活力が続く日まで,,75,9,バランスの良い食事を心がける
TRANSIT_SUN,NATAL_MOON,0,General,9,Air,1,Applying,広い視点や学びを求める時期です。,目標が形になる日まで,,80,8,専門書を読み新しい知識を1つ得る
TRANSIT_SUN,NATAL_MOON,0,Work,9,Air,1,Applying,実務面での安定を目指しましょう。,評価が上がる日まで,,75,7,業務の進捗を上司に報告する
TRANSIT_SUN,NATAL_MOON,0,Money,9,Air,1,Applying,経済的な安心感を優先してください。,家計が安定する日まで,,65,6,今週の支出を振り返り無駄を省く
TRANSIT_SUN,NATAL_MOON,0,Love,9,Air,1,Applying,情緒的な交流が絆を深めます。,絆が深まる日まで,,70,7,相手の相談を親身に聞く
TRANSIT_SUN,NATAL_MOON,0,Health,9,Air,1,Applying,体調の変化に敏感になりましょう。,活力が続く日まで,,75,9,バランスの良い食事を心がける
TRANSIT_SUN,NATAL_MOON,0,General,9,Air,1,Separating,広い視点や学びを求める時期です。,目標が形になる日まで,,80,8,専門書を読み新しい知識を1つ得る
TRANSIT_SUN,NATAL_MOON,0,Work,9,Air,1,Separating,実務面での安定を目指しましょう。,評価が上がる日まで,,75,7,業務の進捗を上司に報告する
TRANSIT_SUN,NATAL_MOON,0,Money,9,Air,1,Separating,経済的な安心感を優先してください。,家計が安定する日まで,,65,6,今週の支出を振り返り無駄を省く
TRANSIT_SUN,NATAL_MOON,0,Love,9,Air,1,Separating,情緒的な交流が絆を深めます。,絆が深まる日まで,,70,7,相手の相談を親身に聞く
TRANSIT_SUN,NATAL_MOON,0,Health,9,Air,1,Separating,体調の変化に敏感になりましょう。,活力が続く日まで,,75,9,バランスの良い食事を心がける
TRANSIT_SUN,NATAL_MOON,0,General,9,Water,0,Applying,広い視点や学びを求める時期です。,目標が形になる日まで,,80,8,専門書を読み新しい知識を1つ得る
TRANSIT_SUN,NATAL_MOON,0,Work,9,Water,0,Applying,実務面での安定を目指しましょう。,評価が上がる日まで,,75,7,業務の進捗を上司に報告する
TRANSIT_SUN,NATAL_MOON,0,Money,9,Water,0,Applying,経済的な安心感を優先してください。,家計が安定する日まで,,65,6,今週の支出を振り返り無駄を省く
TRANSIT_SUN,NATAL_MOON,0,Love,9,Water,0,Applying,情緒的な交流が絆を深めます。,絆が深まる日まで,,70,7,相手の相談を親身に聞く
TRANSIT_SUN,NATAL_MOON,0,Health,9,Water,0,Applying,体調の変化に敏感になりましょう。,活力が続く日まで,,75,9,バランスの良い食事を心がける
TRANSIT_SUN,NATAL_MOON,0,General,9,Water,0,Separating,広い視点や学びを求める時期です。,目標が形になる日まで,,80,8,専門書を読み新しい知識を1つ得る
TRANSIT_SUN,NATAL_MOON,0,Work,9,Water,0,Separating,実務面での安定を目指しましょう。,評価が上がる日まで,,75,7,業務の進捗を上司に報告する
TRANSIT_SUN,NATAL_MOON,0,Money,9,Water,0,Separating,経済的な安心感を優先してください。,家計が安定する日まで,,65,6,今週の支出を振り返り無駄を省く
TRANSIT_SUN,NATAL_MOON,0,Love,9,Water,0,Separating,情緒的な交流が絆を深めます。,絆が深まる日まで,,70,7,相手の相談を親身に聞く
TRANSIT_SUN,NATAL_MOON,0,Health,9,Water,0,Separating,体調の変化に敏感になりましょう。,活力が続く日まで,,75,9,バランスの良い食事を心がける
TRANSIT_SUN,NATAL_MOON,0,General,9,Water,1,Applying,広い視点や学びを求める時期です。,目標が形になる日まで,,80,8,専門書を読み新しい知識を1つ得る
TRANSIT_SUN,NATAL_MOON,0,Work,9,Water,1,Applying,実務面での安定を目指しましょう。,評価が上がる日まで,,75,7,業務の進捗を上司に報告する
TRANSIT_SUN,NATAL_MOON,0,Money,9,Water,1,Applying,経済的な安心感を優先してください。,家計が安定する日まで,,65,6,今週の支出を振り返り無駄を省く
TRANSIT_SUN,NATAL_MOON,0,Love,9,Water,1,Applying,情緒的な交流が絆を深めます。,絆が深まる日まで,,70,7,相手の相談を親身に聞く
TRANSIT_SUN,NATAL_MOON,0,Health,9,Water,1,Applying,体調の変化に敏感になりましょう。,活力が続く日まで,,75,9,バランスの良い食事を心がける
TRANSIT_SUN,NATAL_MOON,0,General,9,Water,1,Separating,広い視点や学びを求める時期です。,目標が形になる日まで,,80,8,専門書を読み新しい知識を1つ得る
TRANSIT_SUN,NATAL_MOON,0,Work,9,Water,1,Separating,実務面での安定を目指しましょう。,評価が上がる日まで,,75,7,業務の進捗を上司に報告する
TRANSIT_SUN,NATAL_MOON,0,Money,9,Water,1,Separating,経済的な安心感を優先してください。,家計が安定する日まで,,65,6,今週の支出を振り返り無駄を省く
TRANSIT_SUN,NATAL_MOON,0,Love,9,Water,1,Separating,情緒的な交流が絆を深めます。,絆が深まる日まで,,70,7,相手の相談を親身に聞く
TRANSIT_SUN,NATAL_MOON,0,Health,9,Water,1,Separating,体調の変化に敏感になりましょう。,活力が続く日まで,,75,9,バランスの良い食事を心がける
TRANSIT_SUN,NATAL_MOON,0,General,10,Fire,0,Applying,キャリアや目標に情熱を注ぐ時期です。,目標が形になる日まで,,80,8,3ヶ月後の仕事の目標を設定する
TRANSIT_SUN,NATAL_MOON,0,Work,10,Fire,0,Applying,実務面での安定を目指しましょう。,評価が上がる日まで,,75,7,業務の進捗を上司に報告する
TRANSIT_SUN,NATAL_MOON,0,Money,10,Fire,0,Applying,経済的な安心感を優先してください。,家計が安定する日まで,,65,6,今週の支出を振り返り無駄を省く
TRANSIT_SUN,NATAL_MOON,0,Love,10,Fire,0,Applying,情緒的な交流が絆を深めます。,絆が深まる日まで,,70,7,相手の相談を親身に聞く
TRANSIT_SUN,NATAL_MOON,0,Health,10,Fire,0,Applying,体調の変化に敏感になりましょう。,活力が続く日まで,,75,9,バランスの良い食事を心がける
TRANSIT_SUN,NATAL_MOON,0,General,10,Fire,0,Separating,キャリアや目標に情熱を注ぐ時期です。,目標が形になる日まで,,80,8,3ヶ月後の仕事の目標を設定する
TRANSIT_SUN,NATAL_MOON,0,Work,10,Fire,0,Separating,実務面での安定を目指しましょう。,評価が上がる日まで,,75,7,業務の進捗を上司に報告する
TRANSIT_SUN,NATAL_MOON,0,Money,10,Fire,0,Separating,経済的な安心感を優先してください。,家計が安定する日まで,,65,6,今週の支出を振り返り無駄を省く
TRANSIT_SUN,NATAL_MOON,0,Love,10,Fire,0,Separating,情緒的な交流が絆を深めます。,絆が深まる日まで,,70,7,相手の相談を親身に聞く
TRANSIT_SUN,NATAL_MOON,0,Health,10,Fire,0,Separating,体調の変化に敏感になりましょう。,活力が続く日まで,,75,9,バランスの良い食事を心がける
TRANSIT_SUN,NATAL_MOON,0,General,10,Fire,1,Applying,キャリアや目標に情熱を注ぐ時期です。,目標が形になる日まで,,80,8,3ヶ月後の仕事の目標を設定する
TRANSIT_SUN,NATAL_MOON,0,Work,10,Fire,1,Applying,実務面での安定を目指しましょう。,評価が上がる日まで,,75,7,業務の進捗を上司に報告する
TRANSIT_SUN,NATAL_MOON,0,Money,10,Fire,1,Applying,経済的な安心感を優先してください。,家計が安定する日まで,,65,6,今週の支出を振り返り無駄を省く
TRANSIT_SUN,NATAL_MOON,0,Love,10,Fire,1,Applying,情緒的な交流が絆を深めます。,絆が深まる日まで,,70,7,相手の相談を親身に聞く
TRANSIT_SUN,NATAL_MOON,0,Health,10,Fire,1,Applying,体調の変化に敏感になりましょう。,活力が続く日まで,,75,9,バランスの良い食事を心がける
TRANSIT_SUN,NATAL_MOON,0,General,10,Fire,1,Separating,キャリアや目標に情熱を注ぐ時期です。,目標が形になる日まで,,80,8,3ヶ月後の仕事の目標を設定する
TRANSIT_SUN,NATAL_MOON,0,Work,10,Fire,1,Separating,実務面での安定を目指しましょう。,評価が上がる日まで,,75,7,業務の進捗を上司に報告する
TRANSIT_SUN,NATAL_MOON,0,Money,10,Fire,1,Separating,経済的な安心感を優先してください。,家計が安定する日まで,,65,6,今週の支出を振り返り無駄を省く
TRANSIT_SUN,NATAL_MOON,0,Love,10,Fire,1,Separating,情緒的な交流が絆を深めます。,絆が深まる日まで,,70,7,相手の相談を親身に聞く
TRANSIT_SUN,NATAL_MOON,0,Health,10,Fire,1,Separating,体調の変化に敏感になりましょう。,活力が続く日まで,,75,9,バランスの良い食事を心がける
TRANSIT_SUN,NATAL_MOON,0,General,10,Earth,0,Applying,キャリアや目標に情熱を注ぐ時期です。,目標が形になる日まで,,80,8,3ヶ月後の仕事の目標を設定する
TRANSIT_SUN,NATAL_MOON,0,Work,10,Earth,0,Applying,実務面での安定を目指しましょう。,評価が上がる日まで,,75,7,業務の進捗を上司に報告する
TRANSIT_SUN,NATAL_MOON,0,Money,10,Earth,0,Applying,経済的な安心感を優先してください。,家計が安定する日まで,,65,6,今週の支出を振り返り無駄を省く
TRANSIT_SUN,NATAL_MOON,0,Love,10,Earth,0,Applying,情緒的な交流が絆を深めます。,絆が深まる日まで,,70,7,相手の相談を親身に聞く
TRANSIT_SUN,NATAL_MOON,0,Health,10,Earth,0,Applying,体調の変化に敏感になりましょう。,活力が続く日まで,,75,9,バランスの良い食事を心がける
TRANSIT_SUN,NATAL_MOON,0,General,10,Earth,0,Separating,キャリアや目標に情熱を注ぐ時期です。,目標が形になる日まで,,80,8,3ヶ月後の仕事の目標を設定する
TRANSIT_SUN,NATAL_MOON,0,Work,10,Earth,0,Separating,実務面での安定を目指しましょう。,評価が上がる日まで,,75,7,業務の進捗を上司に報告する
TRANSIT_SUN,NATAL_MOON,0,Money,10,Earth,0,Separating,経済的な安心感を優先してください。,家計が安定する日まで,,65,6,今週の支出を振り返り無駄を省く
TRANSIT_SUN,NATAL_MOON,0,Love,10,Earth,0,Separating,情緒的な交流が絆を深めます。,絆が深まる日まで,,70,7,相手の相談を親身に聞く
TRANSIT_SUN,NATAL_MOON,0,Health,10,Earth,0,Separating,体調の変化に敏感になりましょう。,活力が続く日まで,,75,9,バランスの良い食事を心がける
TRANSIT_SUN,NATAL_MOON,0,General,10,Earth,1,Applying,キャリアや目標に情熱を注ぐ時期です。,目標が形になる日まで,,80,8,3ヶ月後の仕事の目標を設定する
TRANSIT_SUN,NATAL_MOON,0,Work,10,Earth,1,Applying,実務面での安定を目指しましょう。,評価が上がる日まで,,75,7,業務の進捗を上司に報告する
TRANSIT_SUN,NATAL_MOON,0,Money,10,Earth,1,Applying,経済的な安心感を優先してください。,家計が安定する日まで,,65,6,今週の支出を振り返り無駄を省く
TRANSIT_SUN,NATAL_MOON,0,Love,10,Earth,1,Applying,情緒的な交流が絆を深めます。,絆が深まる日まで,,70,7,相手の相談を親身に聞く
TRANSIT_SUN,NATAL_MOON,0,Health,10,Earth,1,Applying,体調の変化に敏感になりましょう。,活力が続く日まで,,75,9,バランスの良い食事を心がける
TRANSIT_SUN,NATAL_MOON,0,General,10,Earth,1,Separating,キャリアや目標に情熱を注ぐ時期です。,目標が形になる日まで,,80,8,3ヶ月後の仕事の目標を設定する
TRANSIT_SUN,NATAL_MOON,0,Work,10,Earth,1,Separating,実務面での安定を目指しましょう。,評価が上がる日まで,,75,7,業務の進捗を上司に報告する
TRANSIT_SUN,NATAL_MOON,0,Money,10,Earth,1,Separating,経済的な安心感を優先してください。,家計が安定する日まで,,65,6,今週の支出を振り返り無駄を省く
TRANSIT_SUN,NATAL_MOON,0,Love,10,Earth,1,Separating,情緒的な交流が絆を深めます。,絆が深まる日まで,,70,7,相手の相談を親身に聞く
TRANSIT_SUN,NATAL_MOON,0,Health,10,Earth,1,Separating,体調の変化に敏感になりましょう。,活力が続く日まで,,75,9,バランスの良い食事を心がける
TRANSIT_SUN,NATAL_MOON,0,General,10,Air,0,Applying,キャリアや目標に情熱を注ぐ時期です。,目標が形になる日まで,,80,8,3ヶ月後の仕事の目標を設定する
TRANSIT_SUN,NATAL_MOON,0,Work,10,Air,0,Applying,実務面での安定を目指しましょう。,評価が上がる日まで,,75,7,業務の進捗を上司に報告する
TRANSIT_SUN,NATAL_MOON,0,Money,10,Air,0,Applying,経済的な安心感を優先してください。,家計が安定する日まで,,65,6,今週の支出を振り返り無駄を省く
TRANSIT_SUN,NATAL_MOON,0,Love,10,Air,0,Applying,情緒的な交流が絆を深めます。,絆が深まる日まで,,70,7,相手の相談を親身に聞く
TRANSIT_SUN,NATAL_MOON,0,Health,10,Air,0,Applying,体調の変化に敏感になりましょう。,活力が続く日まで,,75,9,バランスの良い食事を心がける
TRANSIT_SUN,NATAL_MOON,0,General,10,Air,0,Separating,キャリアや目標に情熱を注ぐ時期です。,目標が形になる日まで,,80,8,3ヶ月後の仕事の目標を設定する
TRANSIT_SUN,NATAL_MOON,0,Work,10,Air,0,Separating,実務面での安定を目指しましょう。,評価が上がる日まで,,75,7,業務の進捗を上司に報告する
TRANSIT_SUN,NATAL_MOON,0,Money,10,Air,0,Separating,経済的な安心感を優先してください。,家計が安定する日まで,,65,6,今週の支出を振り返り無駄を省く
TRANSIT_SUN,NATAL_MOON,0,Love,10,Air,0,Separating,情緒的な交流が絆を深めます。,絆が深まる日まで,,70,7,相手の相談を親身に聞く
TRANSIT_SUN,NATAL_MOON,0,Health,10,Air,0,Separating,体調の変化に敏感になりましょう。,活力が続く日まで,,75,9,バランスの良い食事を心がける
TRANSIT_SUN,NATAL_MOON,0,General,10,Air,1,Applying,キャリアや目標に情熱を注ぐ時期です。,目標が形になる日まで,,80,8,3ヶ月後の仕事の目標を設定する
TRANSIT_SUN,NATAL_MOON,0,Work,10,Air,1,Applying,実務面での安定を目指しましょう。,評価が上がる日まで,,75,7,業務の進捗を上司に報告する
TRANSIT_SUN,NATAL_MOON,0,Money,10,Air,1,Applying,経済的な安心感を優先してください。,家計が安定する日まで,,65,6,今週の支出を振り返り無駄を省く
TRANSIT_SUN,NATAL_MOON,0,Love,10,Air,1,Applying,情緒的な交流が絆を深めます。,絆が深まる日まで,,70,7,相手の相談を親身に聞く
TRANSIT_SUN,NATAL_MOON,0,Health,10,Air,1,Applying,体調の変化に敏感になりましょう。,活力が続く日まで,,75,9,バランスの良い食事を心がける
TRANSIT_SUN,NATAL_MOON,0,General,10,Air,1,Separating,キャリアや目標に情熱を注ぐ時期です。,目標が形になる日まで,,80,8,3ヶ月後の仕事の目標を設定する
TRANSIT_SUN,NATAL_MOON,0,Work,10,Air,1,Separating,実務面での安定を目指しましょう。,評価が上がる日まで,,75,7,業務の進捗を上司に報告する
TRANSIT_SUN,NATAL_MOON,0,Money,10,Air,1,Separating,経済的な安心感を優先してください。,家計が安定する日まで,,65,6,今週の支出を振り返り無駄を省く
TRANSIT_SUN,NATAL_MOON,0,Love,10,Air,1,Separating,情緒的な交流が絆を深めます。,絆が深まる日まで,,70,7,相手の相談を親身に聞く
TRANSIT_SUN,NATAL_MOON,0,Health,10,Air,1,Separating,体調の変化に敏感になりましょう。,活力が続く日まで,,75,9,バランスの良い食事を心がける
TRANSIT_SUN,NATAL_MOON,0,General,10,Water,0,Applying,キャリアや目標に情熱を注ぐ時期です。,目標が形になる日まで,,80,8,3ヶ月後の仕事の目標を設定する
TRANSIT_SUN,NATAL_MOON,0,Work,10,Water,0,Applying,実務面での安定を目指しましょう。,評価が上がる日まで,,75,7,業務の進捗を上司に報告する
TRANSIT_SUN,NATAL_MOON,0,Money,10,Water,0,Applying,経済的な安心感を優先してください。,家計が安定する日まで,,65,6,今週の支出を振り返り無駄を省く
TRANSIT_SUN,NATAL_MOON,0,Love,10,Water,0,Applying,情緒的な交流が絆を深めます。,絆が深まる日まで,,70,7,相手の相談を親身に聞く
TRANSIT_SUN,NATAL_MOON,0,Health,10,Water,0,Applying,体調の変化に敏感になりましょう。,活力が続く日まで,,75,9,バランスの良い食事を心がける
TRANSIT_SUN,NATAL_MOON,0,General,10,Water,0,Separating,キャリアや目標に情熱を注ぐ時期です。,目標が形になる日まで,,80,8,3ヶ月後の仕事の目標を設定する
TRANSIT_SUN,NATAL_MOON,0,Work,10,Water,0,Separating,実務面での安定を目指しましょう。,評価が上がる日まで,,75,7,業務の進捗を上司に報告する
TRANSIT_SUN,NATAL_MOON,0,Money,10,Water,0,Separating,経済的な安心感を優先してください。,家計が安定する日まで,,65,6,今週の支出を振り返り無駄を省く
TRANSIT_SUN,NATAL_MOON,0,Love,10,Water,0,Separating,情緒的な交流が絆を深めます。,絆が深まる日まで,,70,7,相手の相談を親身に聞く
TRANSIT_SUN,NATAL_MOON,0,Health,10,Water,0,Separating,体調の変化に敏感になりましょう。,活力が続く日まで,,75,9,バランスの良い食事を心がける
TRANSIT_SUN,NATAL_MOON,0,General,10,Water,1,Applying,キャリアや目標に情熱を注ぐ時期です。,目標が形になる日まで,,80,8,3ヶ月後の仕事の目標を設定する
TRANSIT_SUN,NATAL_MOON,0,Work,10,Water,1,Applying,実務面での安定を目指しましょう。,評価が上がる日まで,,75,7,業務の進捗を上司に報告する
TRANSIT_SUN,NATAL_MOON,0,Money,10,Water,1,Applying,経済的な安心感を優先してください。,家計が安定する日まで,,65,6,今週の支出を振り返り無駄を省く
TRANSIT_SUN,NATAL_MOON,0,Love,10,Water,1,Applying,情緒的な交流が絆を深めます。,絆が深まる日まで,,70,7,相手の相談を親身に聞く
TRANSIT_SUN,NATAL_MOON,0,Health,10,Water,1,Applying,体調の変化に敏感になりましょう。,活力が続く日まで,,75,9,バランスの良い食事を心がける
TRANSIT_SUN,NATAL_MOON,0,General,10,Water,1,Separating,キャリアや目標に情熱を注ぐ時期です。,目標が形になる日まで,,80,8,3ヶ月後の仕事の目標を設定する
TRANSIT_SUN,NATAL_MOON,0,Work,10,Water,1,Separating,実務面での安定を目指しましょう。,評価が上がる日まで,,75,7,業務の進捗を上司に報告する
TRANSIT_SUN,NATAL_MOON,0,Money,10,Water,1,Separating,経済的な安心感を優先してください。,家計が安定する日まで,,65,6,今週の支出を振り返り無駄を省く
TRANSIT_SUN,NATAL_MOON,0,Love,10,Water,1,Separating,情緒的な交流が絆を深めます。,絆が深まる日まで,,70,7,相手の相談を親身に聞く
TRANSIT_SUN,NATAL_MOON,0,Health,10,Water,1,Separating,体調の変化に敏感になりましょう。,活力が続く日まで,,75,9,バランスの良い食事を心がける
TRANSIT_SUN,NATAL_MOON,0,General,11,Fire,0,Applying,仲間や夢を大切にする時期です。,目標が形になる日まで,,80,8,友人と将来の展望について話す
TRANSIT_SUN,NATAL_MOON,0,Work,11,Fire,0,Applying,実務面での安定を目指しましょう。,評価が上がる日まで,,75,7,業務の進捗を上司に報告する
TRANSIT_SUN,NATAL_MOON,0,Money,11,Fire,0,Applying,経済的な安心感を優先してください。,家計が安定する日まで,,65,6,今週の支出を振り返り無駄を省く
TRANSIT_SUN,NATAL_MOON,0,Love,11,Fire,0,Applying,情緒的な交流が絆を深めます。,絆が深まる日まで,,70,7,相手の相談を親身に聞く
TRANSIT_SUN,NATAL_MOON,0,Health,11,Fire,0,Applying,体調の変化に敏感になりましょう。,活力が続く日まで,,75,9,バランスの良い食事を心がける
TRANSIT_SUN,NATAL_MOON,0,General,11,Fire,0,Separating,仲間や夢を大切にする時期です。,目標が形になる日まで,,80,8,友人と将来の展望について話す
TRANSIT_SUN,NATAL_MOON,0,Work,11,Fire,0,Separating,実務面での安定を目指しましょう。,評価が上がる日まで,,75,7,業務の進捗を上司に報告する
TRANSIT_SUN,NATAL_MOON,0,Money,11,Fire,0,Separating,経済的な安心感を優先してください。,家計が安定する日まで,,65,6,今週の支出を振り返り無駄を省く
TRANSIT_SUN,NATAL_MOON,0,Love,11,Fire,0,Separating,情緒的な交流が絆を深めます。,絆が深まる日まで,,70,7,相手の相談を親身に聞く
TRANSIT_SUN,NATAL_MOON,0,Health,11,Fire,0,Separating,体調の変化に敏感になりましょう。,活力が続く日まで,,75,9,バランスの良い食事を心がける
TRANSIT_SUN,NATAL_MOON,0,General,11,Fire,1,Applying,仲間や夢を大切にする時期です。,目標が形になる日まで,,80,8,友人と将来の展望について話す
TRANSIT_SUN,NATAL_MOON,0,Work,11,Fire,1,Applying,実務面での安定を目指しましょう。,評価が上がる日まで,,75,7,業務の進捗を上司に報告する
TRANSIT_SUN,NATAL_MOON,0,Money,11,Fire,1,Applying,経済的な安心感を優先してください。,家計が安定する日まで,,65,6,今週の支出を振り返り無駄を省く
TRANSIT_SUN,NATAL_MOON,0,Love,11,Fire,1,Applying,情緒的な交流が絆を深めます。,絆が深まる日まで,,70,7,相手の相談を親身に聞く
TRANSIT_SUN,NATAL_MOON,0,Health,11,Fire,1,Applying,体調の変化に敏感になりましょう。,活力が続く日まで,,75,9,バランスの良い食事を心がける
TRANSIT_SUN,NATAL_MOON,0,General,11,Fire,1,Separating,仲間や夢を大切にする時期です。,目標が形になる日まで,,80,8,友人と将来の展望について話す
TRANSIT_SUN,NATAL_MOON,0,Work,11,Fire,1,Separating,実務面での安定を目指しましょう。,評価が上がる日まで,,75,7,業務の進捗を上司に報告する
TRANSIT_SUN,NATAL_MOON,0,Money,11,Fire,1,Separating,経済的な安心感を優先してください。,家計が安定する日まで,,65,6,今週の支出を振り返り無駄を省く
TRANSIT_SUN,NATAL_MOON,0,Love,11,Fire,1,Separating,情緒的な交流が絆を深めます。,絆が深まる日まで,,70,7,相手の相談を親身に聞く
TRANSIT_SUN,NATAL_MOON,0,Health,11,Fire,1,Separating,体調の変化に敏感になりましょう。,活力が続く日まで,,75,9,バランスの良い食事を心がける
TRANSIT_SUN,NATAL_MOON,0,General,11,Earth,0,Applying,仲間や夢を大切にする時期です。,目標が形になる日まで,,80,8,友人と将来の展望について話す
TRANSIT_SUN,NATAL_MOON,0,Work,11,Earth,0,Applying,実務面での安定を目指しましょう。,評価が上がる日まで,,75,7,業務の進捗を上司に報告する
TRANSIT_SUN,NATAL_MOON,0,Money,11,Earth,0,Applying,経済的な安心感を優先してください。,家計が安定する日まで,,65,6,今週の支出を振り返り無駄を省く
TRANSIT_SUN,NATAL_MOON,0,Love,11,Earth,0,Applying,情緒的な交流が絆を深めます。,絆が深まる日まで,,70,7,相手の相談を親身に聞く
TRANSIT_SUN,NATAL_MOON,0,Health,11,Earth,0,Applying,体調の変化に敏感になりましょう。,活力が続く日まで,,75,9,バランスの良い食事を心がける
TRANSIT_SUN,NATAL_MOON,0,General,11,Earth,0,Separating,仲間や夢を大切にする時期です。,目標が形になる日まで,,80,8,友人と将来の展望について話す
TRANSIT_SUN,NATAL_MOON,0,Work,11,Earth,0,Separating,実務面での安定を目指しましょう。,評価が上がる日まで,,75,7,業務の進捗を上司に報告する
TRANSIT_SUN,NATAL_MOON,0,Money,11,Earth,0,Separating,経済的な安心感を優先してください。,家計が安定する日まで,,65,6,今週の支出を振り返り無駄を省く
TRANSIT_SUN,NATAL_MOON,0,Love,11,Earth,0,Separating,情緒的な交流が絆を深めます。,絆が深まる日まで,,70,7,相手の相談を親身に聞く
TRANSIT_SUN,NATAL_MOON,0,Health,11,Earth,0,Separating,体調の変化に敏感になりましょう。,活力が続く日まで,,75,9,バランスの良い食事を心がける
TRANSIT_SUN,NATAL_MOON,0,General,11,Earth,1,Applying,仲間や夢を大切にする時期です。,目標が形になる日まで,,80,8,友人と将来の展望について話す
TRANSIT_SUN,NATAL_MOON,0,Work,11,Earth,1,Applying,実務面での安定を目指しましょう。,評価が上がる日まで,,75,7,業務の進捗を上司に報告する
TRANSIT_SUN,NATAL_MOON,0,Money,11,Earth,1,Applying,経済的な安心感を優先してください。,家計が安定する日まで,,65,6,今週の支出を振り返り無駄を省く
TRANSIT_SUN,NATAL_MOON,0,Love,11,Earth,1,Applying,情緒的な交流が絆を深めます。,絆が深まる日まで,,70,7,相手の相談を親身に聞く
TRANSIT_SUN,NATAL_MOON,0,Health,11,Earth,1,Applying,体調の変化に敏感になりましょう。,活力が続く日まで,,75,9,バランスの良い食事を心がける
TRANSIT_SUN,NATAL_MOON,0,General,11,Earth,1,Separating,仲間や夢を大切にする時期です。,目標が形になる日まで,,80,8,友人と将来の展望について話す
TRANSIT_SUN,NATAL_MOON,0,Work,11,Earth,1,Separating,実務面での安定を目指しましょう。,評価が上がる日まで,,75,7,業務の進捗を上司に報告する
TRANSIT_SUN,NATAL_MOON,0,Money,11,Earth,1,Separating,経済的な安心感を優先してください。,家計が安定する日まで,,65,6,今週の支出を振り返り無駄を省く
TRANSIT_SUN,NATAL_MOON,0,Love,11,Earth,1,Separating,情緒的な交流が絆を深めます。,絆が深まる日まで,,70,7,相手の相談を親身に聞く
TRANSIT_SUN,NATAL_MOON,0,Health,11,Earth,1,Separating,体調の変化に敏感になりましょう。,活力が続く日まで,,75,9,バランスの良い食事を心がける
TRANSIT_SUN,NATAL_MOON,0,General,11,Air,0,Applying,仲間や夢を大切にする時期です。,目標が形になる日まで,,80,8,友人と将来の展望について話す
TRANSIT_SUN,NATAL_MOON,0,Work,11,Air,0,Applying,実務面での安定を目指しましょう。,評価が上がる日まで,,75,7,業務の進捗を上司に報告する
TRANSIT_SUN,NATAL_MOON,0,Money,11,Air,0,Applying,経済的な安心感を優先してください。,家計が安定する日まで,,65,6,今週の支出を振り返り無駄を省く
TRANSIT_SUN,NATAL_MOON,0,Love,11,Air,0,Applying,情緒的な交流が絆を深めます。,絆が深まる日まで,,70,7,相手の相談を親身に聞く
TRANSIT_SUN,NATAL_MOON,0,Health,11,Air,0,Applying,体調の変化に敏感になりましょう。,活力が続く日まで,,75,9,バランスの良い食事を心がける
TRANSIT_SUN,NATAL_MOON,0,General,11,Air,0,Separating,仲間や夢を大切にする時期です。,目標が形になる日まで,,80,8,友人と将来の展望について話す
TRANSIT_SUN,NATAL_MOON,0,Work,11,Air,0,Separating,実務面での安定を目指しましょう。,評価が上がる日まで,,75,7,業務の進捗を上司に報告する
TRANSIT_SUN,NATAL_MOON,0,Money,11,Air,0,Separating,経済的な安心感を優先してください。,家計が安定する日まで,,65,6,今週の支出を振り返り無駄を省く
TRANSIT_SUN,NATAL_MOON,0,Love,11,Air,0,Separating,情緒的な交流が絆を深めます。,絆が深まる日まで,,70,7,相手の相談を親身に聞く
TRANSIT_SUN,NATAL_MOON,0,Health,11,Air,0,Separating,体調の変化に敏感になりましょう。,活力が続く日まで,,75,9,バランスの良い食事を心がける
TRANSIT_SUN,NATAL_MOON,0,General,11,Air,1,Applying,仲間や夢を大切にする時期です。,目標が形になる日まで,,80,8,友人と将来の展望について話す
TRANSIT_SUN,NATAL_MOON,0,Work,11,Air,1,Applying,実務面での安定を目指しましょう。,評価が上がる日まで,,75,7,業務の進捗を上司に報告する
TRANSIT_SUN,NATAL_MOON,0,Money,11,Air,1,Applying,経済的な安心感を優先してください。,家計が安定する日まで,,65,6,今週の支出を振り返り無駄を省く
TRANSIT_SUN,NATAL_MOON,0,Love,11,Air,1,Applying,情緒的な交流が絆を深めます。,絆が深まる日まで,,70,7,相手の相談を親身に聞く
TRANSIT_SUN,NATAL_MOON,0,Health,11,Air,1,Applying,体調の変化に敏感になりましょう。,活力が続く日まで,,75,9,バランスの良い食事を心がける
TRANSIT_SUN,NATAL_MOON,0,General,11,Air,1,Separating,仲間や夢を大切にする時期です。,目標が形になる日まで,,80,8,友人と将来の展望について話す
TRANSIT_SUN,NATAL_MOON,0,Work,11,Air,1,Separating,実務面での安定を目指しましょう。,評価が上がる日まで,,75,7,業務の進捗を上司に報告する
TRANSIT_SUN,NATAL_MOON,0,Money,11,Air,1,Separating,経済的な安心感を優先してください。,家計が安定する日まで,,65,6,今週の支出を振り返り無駄を省く
TRANSIT_SUN,NATAL_MOON,0,Love,11,Air,1,Separating,情緒的な交流が絆を深めます。,絆が深まる日まで,,70,7,相手の相談を親身に聞く
TRANSIT_SUN,NATAL_MOON,0,Health,11,Air,1,Separating,体調の変化に敏感になりましょう。,活力が続く日まで,,75,9,バランスの良い食事を心がける
TRANSIT_SUN,NATAL_MOON,0,General,11,Water,0,Applying,仲間や夢を大切にする時期です。,目標が形になる日まで,,80,8,友人と将来の展望について話す
TRANSIT_SUN,NATAL_MOON,0,Work,11,Water,0,Applying,実務面での安定を目指しましょう。,評価が上がる日まで,,75,7,業務の進捗を上司に報告する
TRANSIT_SUN,NATAL_MOON,0,Money,11,Water,0,Applying,経済的な安心感を優先してください。,家計が安定する日まで,,65,6,今週の支出を振り返り無駄を省く
TRANSIT_SUN,NATAL_MOON,0,Love,11,Water,0,Applying,情緒的な交流が絆を深めます。,絆が深まる日まで,,70,7,相手の相談を親身に聞く
TRANSIT_SUN,NATAL_MOON,0,Health,11,Water,0,Applying,体調の変化に敏感になりましょう。,活力が続く日まで,,75,9,バランスの良い食事を心がける
TRANSIT_SUN,NATAL_MOON,0,General,11,Water,0,Separating,仲間や夢を大切にする時期です。,目標が形になる日まで,,80,8,友人と将来の展望について話す
TRANSIT_SUN,NATAL_MOON,0,Work,11,Water,0,Separating,実務面での安定を目指しましょう。,評価が上がる日まで,,75,7,業務の進捗を上司に報告する
TRANSIT_SUN,NATAL_MOON,0,Money,11,Water,0,Separating,経済的な安心感を優先してください。,家計が安定する日まで,,65,6,今週の支出を振り返り無駄を省く
TRANSIT_SUN,NATAL_MOON,0,Love,11,Water,0,Separating,情緒的な交流が絆を深めます。,絆が深まる日まで,,70,7,相手の相談を親身に聞く
TRANSIT_SUN,NATAL_MOON,0,Health,11,Water,0,Separating,体調の変化に敏感になりましょう。,活力が続く日まで,,75,9,バランスの良い食事を心がける
TRANSIT_SUN,NATAL_MOON,0,General,11,Water,1,Applying,仲間や夢を大切にする時期です。,目標が形になる日まで,,80,8,友人と将来の展望について話す
TRANSIT_SUN,NATAL_MOON,0,Work,11,Water,1,Applying,実務面での安定を目指しましょう。,評価が上がる日まで,,75,7,業務の進捗を上司に報告する
TRANSIT_SUN,NATAL_MOON,0,Money,11,Water,1,Applying,経済的な安心感を優先してください。,家計が安定する日まで,,65,6,今週の支出を振り返り無駄を省く
TRANSIT_SUN,NATAL_MOON,0,Love,11,Water,1,Applying,情緒的な交流が絆を深めます。,絆が深まる日まで,,70,7,相手の相談を親身に聞く
TRANSIT_SUN,NATAL_MOON,0,Health,11,Water,1,Applying,体調の変化に敏感になりましょう。,活力が続く日まで,,75,9,バランスの良い食事を心がける
TRANSIT_SUN,NATAL_MOON,0,General,11,Water,1,Separating,仲間や夢を大切にする時期です。,目標が形になる日まで,,80,8,友人と将来の展望について話す
TRANSIT_SUN,NATAL_MOON,0,Work,11,Water,1,Separating,実務面での安定を目指しましょう。,評価が上がる日まで,,75,7,業務の進捗を上司に報告する
TRANSIT_SUN,NATAL_MOON,0,Money,11,Water,1,Separating,経済的な安心感を優先してください。,家計が安定する日まで,,65,6,今週の支出を振り返り無駄を省く
TRANSIT_SUN,NATAL_MOON,0,Love,11,Water,1,Separating,情緒的な交流が絆を深めます。,絆が深まる日まで,,70,7,相手の相談を親身に聞く
TRANSIT_SUN,NATAL_MOON,0,Health,11,Water,1,Separating,体調の変化に敏感になりましょう。,活力が続く日まで,,75,9,バランスの良い食事を心がける
TRANSIT_SUN,NATAL_MOON,0,General,12,Fire,0,Applying,内面や隠れた問題に向き合う時期です。,目標が形になる日まで,,80,8,15分間の瞑想や内省を行う
TRANSIT_SUN,NATAL_MOON,0,Work,12,Fire,0,Applying,実務面での安定を目指しましょう。,評価が上がる日まで,,75,7,業務の進捗を上司に報告する
TRANSIT_SUN,NATAL_MOON,0,Money,12,Fire,0,Applying,経済的な安心感を優先してください。,家計が安定する日まで,,65,6,今週の支出を振り返り無駄を省く
TRANSIT_SUN,NATAL_MOON,0,Love,12,Fire,0,Applying,情緒的な交流が絆を深めます。,絆が深まる日まで,,70,7,相手の相談を親身に聞く
TRANSIT_SUN,NATAL_MOON,0,Health,12,Fire,0,Applying,体調の変化に敏感になりましょう。,活力が続く日まで,,75,9,バランスの良い食事を心がける
TRANSIT_SUN,NATAL_MOON,0,General,12,Fire,0,Separating,内面や隠れた問題に向き合う時期です。,目標が形になる日まで,,80,8,15分間の瞑想や内省を行う
TRANSIT_SUN,NATAL_MOON,0,Work,12,Fire,0,Separating,実務面での安定を目指しましょう。,評価が上がる日まで,,75,7,業務の進捗を上司に報告する
TRANSIT_SUN,NATAL_MOON,0,Money,12,Fire,0,Separating,経済的な安心感を優先してください。,家計が安定する日まで,,65,6,今週の支出を振り返り無駄を省く
TRANSIT_SUN,NATAL_MOON,0,Love,12,Fire,0,Separating,情緒的な交流が絆を深めます。,絆が深まる日まで,,70,7,相手の相談を親身に聞く
TRANSIT_SUN,NATAL_MOON,0,Health,12,Fire,0,Separating,体調の変化に敏感になりましょう。,活力が続く日まで,,75,9,バランスの良い食事を心がける
TRANSIT_SUN,NATAL_MOON,0,General,12,Fire,1,Applying,内面や隠れた問題に向き合う時期です。,目標が形になる日まで,,80,8,15分間の瞑想や内省を行う
TRANSIT_SUN,NATAL_MOON,0,Work,12,Fire,1,Applying,実務面での安定を目指しましょう。,評価が上がる日まで,,75,7,業務の進捗を上司に報告する
TRANSIT_SUN,NATAL_MOON,0,Money,12,Fire,1,Applying,経済的な安心感を優先してください。,家計が安定する日まで,,65,6,今週の支出を振り返り無駄を省く
TRANSIT_SUN,NATAL_MOON,0,Love,12,Fire,1,Applying,情緒的な交流が絆を深めます。,絆が深まる日まで,,70,7,相手の相談を親身に聞く
TRANSIT_SUN,NATAL_MOON,0,Health,12,Fire,1,Applying,体調の変化に敏感になりましょう。,活力が続く日まで,,75,9,バランスの良い食事を心がける
TRANSIT_SUN,NATAL_MOON,0,General,12,Fire,1,Separating,内面や隠れた問題に向き合う時期です。,目標が形になる日まで,,80,8,15分間の瞑想や内省を行う
TRANSIT_SUN,NATAL_MOON,0,Work,12,Fire,1,Separating,実務面での安定を目指しましょう。,評価が上がる日まで,,75,7,業務の進捗を上司に報告する
TRANSIT_SUN,NATAL_MOON,0,Money,12,Fire,1,Separating,経済的な安心感を優先してください。,家計が安定する日まで,,65,6,今週の支出を振り返り無駄を省く
TRANSIT_SUN,NATAL_MOON,0,Love,12,Fire,1,Separating,情緒的な交流が絆を深めます。,絆が深まる日まで,,70,7,相手の相談を親身に聞く
TRANSIT_SUN,NATAL_MOON,0,Health,12,Fire,1,Separating,体調の変化に敏感になりましょう。,活力が続く日まで,,75,9,バランスの良い食事を心がける
TRANSIT_SUN,NATAL_MOON,0,General,12,Earth,0,Applying,内面や隠れた問題に向き合う時期です。,目標が形になる日まで,,80,8,15分間の瞑想や内省を行う
TRANSIT_SUN,NATAL_MOON,0,Work,12,Earth,0,Applying,実務面での安定を目指しましょう。,評価が上がる日まで,,75,7,業務の進捗を上司に報告する
TRANSIT_SUN,NATAL_MOON,0,Money,12,Earth,0,Applying,経済的な安心感を優先してください。,家計が安定する日まで,,65,6,今週の支出を振り返り無駄を省く
TRANSIT_SUN,NATAL_MOON,0,Love,12,Earth,0,Applying,情緒的な交流が絆を深めます。,絆が深まる日まで,,70,7,相手の相談を親身に聞く
TRANSIT_SUN,NATAL_MOON,0,Health,12,Earth,0,Applying,体調の変化に敏感になりましょう。,活力が続く日まで,,75,9,バランスの良い食事を心がける
TRANSIT_SUN,NATAL_MOON,0,General,12,Earth,0,Separating,内面や隠れた問題に向き合う時期です。,目標が形になる日まで,,80,8,15分間の瞑想や内省を行う
TRANSIT_SUN,NATAL_MOON,0,Work,12,Earth,0,Separating,実務面での安定を目指しましょう。,評価が上がる日まで,,75,7,業務の進捗を上司に報告する
TRANSIT_SUN,NATAL_MOON,0,Money,12,Earth,0,Separating,経済的な安心感を優先してください。,家計が安定する日まで,,65,6,今週の支出を振り返り無駄を省く
TRANSIT_SUN,NATAL_MOON,0,Love,12,Earth,0,Separating,情緒的な交流が絆を深めます。,絆が深まる日まで,,70,7,相手の相談を親身に聞く
TRANSIT_SUN,NATAL_MOON,0,Health,12,Earth,0,Separating,体調の変化に敏感になりましょう。,活力が続く日まで,,75,9,バランスの良い食事を心がける
TRANSIT_SUN,NATAL_MOON,0,General,12,Earth,1,Applying,内面や隠れた問題に向き合う時期です。,目標が形になる日まで,,80,8,15分間の瞑想や内省を行う
TRANSIT_SUN,NATAL_MOON,0,Work,12,Earth,1,Applying,実務面での安定を目指しましょう。,評価が上がる日まで,,75,7,業務の進捗を上司に報告する
TRANSIT_SUN,NATAL_MOON,0,Money,12,Earth,1,Applying,経済的な安心感を優先してください。,家計が安定する日まで,,65,6,今週の支出を振り返り無駄を省く
TRANSIT_SUN,NATAL_MOON,0,Love,12,Earth,1,Applying,情緒的な交流が絆を深めます。,絆が深まる日まで,,70,7,相手の相談を親身に聞く
TRANSIT_SUN,NATAL_MOON,0,Health,12,Earth,1,Applying,体調の変化に敏感になりましょう。,活力が続く日まで,,75,9,バランスの良い食事を心がける
TRANSIT_SUN,NATAL_MOON,0,General,12,Earth,1,Separating,内面や隠れた問題に向き合う時期です。,目標が形になる日まで,,80,8,15分間の瞑想や内省を行う
TRANSIT_SUN,NATAL_MOON,0,Work,12,Earth,1,Separating,実務面での安定を目指しましょう。,評価が上がる日まで,,75,7,業務の進捗を上司に報告する
TRANSIT_SUN,NATAL_MOON,0,Money,12,Earth,1,Separating,経済的な安心感を優先してください。,家計が安定する日まで,,65,6,今週の支出を振り返り無駄を省く
TRANSIT_SUN,NATAL_MOON,0,Love,12,Earth,1,Separating,情緒的な交流が絆を深めます。,絆が深まる日まで,,70,7,相手の相談を親身に聞く
TRANSIT_SUN,NATAL_MOON,0,Health,12,Earth,1,Separating,体調の変化に敏感になりましょう。,活力が続く日まで,,75,9,バランスの良い食事を心がける
TRANSIT_SUN,NATAL_MOON,0,General,12,Air,0,Applying,内面や隠れた問題に向き合う時期です。,目標が形になる日まで,,80,8,15分間の瞑想や内省を行う
TRANSIT_SUN,NATAL_MOON,0,Work,12,Air,0,Applying,実務面での安定を目指しましょう。,評価が上がる日まで,,75,7,業務の進捗を上司に報告する
TRANSIT_SUN,NATAL_MOON,0,Money,12,Air,0,Applying,経済的な安心感を優先してください。,家計が安定する日まで,,65,6,今週の支出を振り返り無駄を省く
TRANSIT_SUN,NATAL_MOON,0,Love,12,Air,0,Applying,情緒的な交流が絆を深めます。,絆が深まる日まで,,70,7,相手の相談を親身に聞く
TRANSIT_SUN,NATAL_MOON,0,Health,12,Air,0,Applying,体調の変化に敏感になりましょう。,活力が続く日まで,,75,9,バランスの良い食事を心がける
TRANSIT_SUN,NATAL_MOON,0,General,12,Air,0,Separating,内面や隠れた問題に向き合う時期です。,目標が形になる日まで,,80,8,15分間の瞑想や内省を行う
TRANSIT_SUN,NATAL_MOON,0,Work,12,Air,0,Separating,実務面での安定を目指しましょう。,評価が上がる日まで,,75,7,業務の進捗を上司に報告する
TRANSIT_SUN,NATAL_MOON,0,Money,12,Air,0,Separating,経済的な安心感を優先してください。,家計が安定する日まで,,65,6,今週の支出を振り返り無駄を省く
TRANSIT_SUN,NATAL_MOON,0,Love,12,Air,0,Separating,情緒的な交流が絆を深めます。,絆が深まる日まで,,70,7,相手の相談を親身に聞く
TRANSIT_SUN,NATAL_MOON,0,Health,12,Air,0,Separating,体調の変化に敏感になりましょう。,活力が続く日まで,,75,9,バランスの良い食事を心がける
TRANSIT_SUN,NATAL_MOON,0,General,12,Air,1,Applying,内面や隠れた問題に向き合う時期です。,目標が形になる日まで,,80,8,15分間の瞑想や内省を行う
TRANSIT_SUN,NATAL_MOON,0,Work,12,Air,1,Applying,実務面での安定を目指しましょう。,評価が上がる日まで,,75,7,業務の進捗を上司に報告する
TRANSIT_SUN,NATAL_MOON,0,Money,12,Air,1,Applying,経済的な安心感を優先してください。,家計が安定する日まで,,65,6,今週の支出を振り返り無駄を省く
TRANSIT_SUN,NATAL_MOON,0,Love,12,Air,1,Applying,情緒的な交流が絆を深めます。,絆が深まる日まで,,70,7,相手の相談を親身に聞く
TRANSIT_SUN,NATAL_MOON,0,Health,12,Air,1,Applying,体調の変化に敏感になりましょう。,活力が続く日まで,,75,9,バランスの良い食事を心がける
TRANSIT_SUN,NATAL_MOON,0,General,12,Air,1,Separating,内面や隠れた問題に向き合う時期です。,目標が形になる日まで,,80,8,15分間の瞑想や内省を行う
TRANSIT_SUN,NATAL_MOON,0,Work,12,Air,1,Separating,実務面での安定を目指しましょう。,評価が上がる日まで,,75,7,業務の進捗を上司に報告する
TRANSIT_SUN,NATAL_MOON,0,Money,12,Air,1,Separating,経済的な安心感を優先してください。,家計が安定する日まで,,65,6,今週の支出を振り返り無駄を省く
TRANSIT_SUN,NATAL_MOON,0,Love,12,Air,1,Separating,情緒的な交流が絆を深めます。,絆が深まる日まで,,70,7,相手の相談を親身に聞く
TRANSIT_SUN,NATAL_MOON,0,Health,12,Air,1,Separating,体調の変化に敏感になりましょう。,活力が続く日まで,,75,9,バランスの良い食事を心がける
TRANSIT_SUN,NATAL_MOON,0,General,12,Water,0,Applying,内面や隠れた問題に向き合う時期です。,目標が形になる日まで,,80,8,15分間の瞑想や内省を行う
TRANSIT_SUN,NATAL_MOON,0,Work,12,Water,0,Applying,実務面での安定を目指しましょう。,評価が上がる日まで,,75,7,業務の進捗を上司に報告する
TRANSIT_SUN,NATAL_MOON,0,Money,12,Water,0,Applying,経済的な安心感を優先してください。,家計が安定する日まで,,65,6,今週の支出を振り返り無駄を省く
TRANSIT_SUN,NATAL_MOON,0,Love,12,Water,0,Applying,情緒的な交流が絆を深めます。,絆が深まる日まで,,70,7,相手の相談を親身に聞く
TRANSIT_SUN,NATAL_MOON,0,Health,12,Water,0,Applying,体調の変化に敏感になりましょう。,活力が続く日まで,,75,9,バランスの良い食事を心がける
TRANSIT_SUN,NATAL_MOON,0,General,12,Water,0,Separating,内面や隠れた問題に向き合う時期です。,目標が形になる日まで,,80,8,15分間の瞑想や内省を行う
TRANSIT_SUN,NATAL_MOON,0,Work,12,Water,0,Separating,実務面での安定を目指しましょう。,評価が上がる日まで,,75,7,業務の進捗を上司に報告する
TRANSIT_SUN,NATAL_MOON,0,Money,12,Water,0,Separating,経済的な安心感を優先してください。,家計が安定する日まで,,65,6,今週の支出を振り返り無駄を省く
TRANSIT_SUN,NATAL_MOON,0,Love,12,Water,0,Separating,情緒的な交流が絆を深めます。,絆が深まる日まで,,70,7,相手の相談を親身に聞く
TRANSIT_SUN,NATAL_MOON,0,Health,12,Water,0,Separating,体調の変化に敏感になりましょう。,活力が続く日まで,,75,9,バランスの良い食事を心がける
TRANSIT_SUN,NATAL_MOON,0,General,12,Water,1,Applying,内面や隠れた問題に向き合う時期です。,目標が形になる日まで,,80,8,15分間の瞑想や内省を行う
TRANSIT_SUN,NATAL_MOON,0,Work,12,Water,1,Applying,実務面での安定を目指しましょう。,評価が上がる日まで,,75,7,業務の進捗を上司に報告する
TRANSIT_SUN,NATAL_MOON,0,Money,12,Water,1,Applying,経済的な安心感を優先してください。,家計が安定する日まで,,65,6,今週の支出を振り返り無駄を省く
TRANSIT_SUN,NATAL_MOON,0,Love,12,Water,1,Applying,情緒的な交流が絆を深めます。,絆が深まる日まで,,70,7,相手の相談を親身に聞く
TRANSIT_SUN,NATAL_MOON,0,Health,12,Water,1,Applying,体調の変化に敏感になりましょう。,活力が続く日まで,,75,9,バランスの良い食事を心がける
TRANSIT_SUN,NATAL_MOON,0,General,12,Water,1,Separating,内面や隠れた問題に向き合う時期です。,目標が形になる日まで,,80,8,15分間の瞑想や内省を行う
TRANSIT_SUN,NATAL_MOON,0,Work,12,Water,1,Separating,実務面での安定を目指しましょう。,評価が上がる日まで,,75,7,業務の進捗を上司に報告する
TRANSIT_SUN,NATAL_MOON,0,Money,12,Water,1,Separating,経済的な安心感を優先してください。,家計が安定する日まで,,65,6,今週の支出を振り返り無駄を省く
TRANSIT_SUN,NATAL_MOON,0,Love,12,Water,1,Separating,情緒的な交流が絆を深めます。,絆が深まる日まで,,70,7,相手の相談を親身に聞く
TRANSIT_SUN,NATAL_MOON,0,Health,12,Water,1,Separating,体調の変化に敏感になりましょう。,活力が続く日まで,,75,9,バランスの良い食事を心がける
TRANSIT_SUN,NATAL_MERCURY,0,General,1,Fire,0,Applying,知性が高まり、自分の考えを明確に伝えられる時です。,知恵が力になる日まで,,85,10,考えを整理し、箇条書きでメモにまとめる
TRANSIT_SUN,NATAL_MERCURY,0,Work,1,Fire,0,Applying,論理的な提案が評価されます。,説得力が増す日まで,,80,9,企画書の論理構成を再チェックする
TRANSIT_SUN,NATAL_MERCURY,0,Money,1,Fire,0,Applying,情報の精査が利益に繋がります。,賢い選択ができる日まで,,65,7,契約プランを比較し、最も合理的なものを選ぶ
TRANSIT_SUN,NATAL_MERCURY,0,Love,1,Fire,0,Applying,知的な交流が関係を良好にします。,理解が深まる日まで,,70,8,相手と将来の計画について話し合う
TRANSIT_SUN,NATAL_MERCURY,0,Health,1,Fire,0,Applying,健康情報を収集し、科学的に管理しましょう。,身体が整う日まで,,75,9,健康診断の結果を読み返し、改善点を見つける
TRANSIT_SUN,NATAL_MERCURY,0,General,1,Fire,0,Separating,知性が高まり、自分の考えを明確に伝えられる時です。,知恵が力になる日まで,,85,10,考えを整理し、箇条書きでメモにまとめる
TRANSIT_SUN,NATAL_MERCURY,0,Work,1,Fire,0,Separating,論理的な提案が評価されます。,説得力が増す日まで,,80,9,企画書の論理構成を再チェックする
TRANSIT_SUN,NATAL_MERCURY,0,Money,1,Fire,0,Separating,情報の精査が利益に繋がります。,賢い選択ができる日まで,,65,7,契約プランを比較し、最も合理的なものを選ぶ
TRANSIT_SUN,NATAL_MERCURY,0,Love,1,Fire,0,Separating,知的な交流が関係を良好にします。,理解が深まる日まで,,70,8,相手と将来の計画について話し合う
TRANSIT_SUN,NATAL_MERCURY,0,Health,1,Fire,0,Separating,健康情報を収集し、科学的に管理しましょう。,身体が整う日まで,,75,9,健康診断の結果を読み返し、改善点を見つける
TRANSIT_SUN,NATAL_MERCURY,0,General,1,Fire,1,Applying,知性が高まり、自分の考えを明確に伝えられる時です。,知恵が力になる日まで,,85,10,考えを整理し、箇条書きでメモにまとめる
TRANSIT_SUN,NATAL_MERCURY,0,Work,1,Fire,1,Applying,論理的な提案が評価されます。,説得力が増す日まで,,80,9,企画書の論理構成を再チェックする
TRANSIT_SUN,NATAL_MERCURY,0,Money,1,Fire,1,Applying,情報の精査が利益に繋がります。,賢い選択ができる日まで,,65,7,契約プランを比較し、最も合理的なものを選ぶ
TRANSIT_SUN,NATAL_MERCURY,0,Love,1,Fire,1,Applying,知的な交流が関係を良好にします。,理解が深まる日まで,,70,8,相手と将来の計画について話し合う
TRANSIT_SUN,NATAL_MERCURY,0,Health,1,Fire,1,Applying,健康情報を収集し、科学的に管理しましょう。,身体が整う日まで,,75,9,健康診断の結果を読み返し、改善点を見つける
TRANSIT_SUN,NATAL_MERCURY,0,General,1,Fire,1,Separating,知性が高まり、自分の考えを明確に伝えられる時です。,知恵が力になる日まで,,85,10,考えを整理し、箇条書きでメモにまとめる
TRANSIT_SUN,NATAL_MERCURY,0,Work,1,Fire,1,Separating,論理的な提案が評価されます。,説得力が増す日まで,,80,9,企画書の論理構成を再チェックする
TRANSIT_SUN,NATAL_MERCURY,0,Money,1,Fire,1,Separating,情報の精査が利益に繋がります。,賢い選択ができる日まで,,65,7,契約プランを比較し、最も合理的なものを選ぶ
TRANSIT_SUN,NATAL_MERCURY,0,Love,1,Fire,1,Separating,知的な交流が関係を良好にします。,理解が深まる日まで,,70,8,相手と将来の計画について話し合う
TRANSIT_SUN,NATAL_MERCURY,0,Health,1,Fire,1,Separating,健康情報を収集し、科学的に管理しましょう。,身体が整う日まで,,75,9,健康診断の結果を読み返し、改善点を見つける
TRANSIT_SUN,NATAL_MERCURY,0,General,1,Earth,0,Applying,知性が高まり、自分の考えを明確に伝えられる時です。,知恵が力になる日まで,,85,10,考えを整理し、箇条書きでメモにまとめる
TRANSIT_SUN,NATAL_MERCURY,0,Work,1,Earth,0,Applying,論理的な提案が評価されます。,説得力が増す日まで,,80,9,企画書の論理構成を再チェックする
TRANSIT_SUN,NATAL_MERCURY,0,Money,1,Earth,0,Applying,情報の精査が利益に繋がります。,賢い選択ができる日まで,,65,7,契約プランを比較し、最も合理的なものを選ぶ
TRANSIT_SUN,NATAL_MERCURY,0,Love,1,Earth,0,Applying,知的な交流が関係を良好にします。,理解が深まる日まで,,70,8,相手と将来の計画について話し合う
TRANSIT_SUN,NATAL_MERCURY,0,Health,1,Earth,0,Applying,健康情報を収集し、科学的に管理しましょう。,身体が整う日まで,,75,9,健康診断の結果を読み返し、改善点を見つける
TRANSIT_SUN,NATAL_MERCURY,0,General,1,Earth,0,Separating,知性が高まり、自分の考えを明確に伝えられる時です。,知恵が力になる日まで,,85,10,考えを整理し、箇条書きでメモにまとめる
TRANSIT_SUN,NATAL_MERCURY,0,Work,1,Earth,0,Separating,論理的な提案が評価されます。,説得力が増す日まで,,80,9,企画書の論理構成を再チェックする
TRANSIT_SUN,NATAL_MERCURY,0,Money,1,Earth,0,Separating,情報の精査が利益に繋がります。,賢い選択ができる日まで,,65,7,契約プランを比較し、最も合理的なものを選ぶ
TRANSIT_SUN,NATAL_MERCURY,0,Love,1,Earth,0,Separating,知的な交流が関係を良好にします。,理解が深まる日まで,,70,8,相手と将来の計画について話し合う
TRANSIT_SUN,NATAL_MERCURY,0,Health,1,Earth,0,Separating,健康情報を収集し、科学的に管理しましょう。,身体が整う日まで,,75,9,健康診断の結果を読み返し、改善点を見つける
TRANSIT_SUN,NATAL_MERCURY,0,General,1,Earth,1,Applying,知性が高まり、自分の考えを明確に伝えられる時です。,知恵が力になる日まで,,85,10,考えを整理し、箇条書きでメモにまとめる
TRANSIT_SUN,NATAL_MERCURY,0,Work,1,Earth,1,Applying,論理的な提案が評価されます。,説得力が増す日まで,,80,9,企画書の論理構成を再チェックする
TRANSIT_SUN,NATAL_MERCURY,0,Money,1,Earth,1,Applying,情報の精査が利益に繋がります。,賢い選択ができる日まで,,65,7,契約プランを比較し、最も合理的なものを選ぶ
TRANSIT_SUN,NATAL_MERCURY,0,Love,1,Earth,1,Applying,知的な交流が関係を良好にします。,理解が深まる日まで,,70,8,相手と将来の計画について話し合う
TRANSIT_SUN,NATAL_MERCURY,0,Health,1,Earth,1,Applying,健康情報を収集し、科学的に管理しましょう。,身体が整う日まで,,75,9,健康診断の結果を読み返し、改善点を見つける
TRANSIT_SUN,NATAL_MERCURY,0,General,1,Earth,1,Separating,知性が高まり、自分の考えを明確に伝えられる時です。,知恵が力になる日まで,,85,10,考えを整理し、箇条書きでメモにまとめる
TRANSIT_SUN,NATAL_MERCURY,0,Work,1,Earth,1,Separating,論理的な提案が評価されます。,説得力が増す日まで,,80,9,企画書の論理構成を再チェックする
TRANSIT_SUN,NATAL_MERCURY,0,Money,1,Earth,1,Separating,情報の精査が利益に繋がります。,賢い選択ができる日まで,,65,7,契約プランを比較し、最も合理的なものを選ぶ
TRANSIT_SUN,NATAL_MERCURY,0,Love,1,Earth,1,Separating,知的な交流が関係を良好にします。,理解が深まる日まで,,70,8,相手と将来の計画について話し合う
TRANSIT_SUN,NATAL_MERCURY,0,Health,1,Earth,1,Separating,健康情報を収集し、科学的に管理しましょう。,身体が整う日まで,,75,9,健康診断の結果を読み返し、改善点を見つける
TRANSIT_SUN,NATAL_MERCURY,0,General,1,Air,0,Applying,知性が高まり、自分の考えを明確に伝えられる時です。,知恵が力になる日まで,,85,10,考えを整理し、箇条書きでメモにまとめる
TRANSIT_SUN,NATAL_MERCURY,0,Work,1,Air,0,Applying,論理的な提案が評価されます。,説得力が増す日まで,,80,9,企画書の論理構成を再チェックする
TRANSIT_SUN,NATAL_MERCURY,0,Money,1,Air,0,Applying,情報の精査が利益に繋がります。,賢い選択ができる日まで,,65,7,契約プランを比較し、最も合理的なものを選ぶ
TRANSIT_SUN,NATAL_MERCURY,0,Love,1,Air,0,Applying,知的な交流が関係を良好にします。,理解が深まる日まで,,70,8,相手と将来の計画について話し合う
TRANSIT_SUN,NATAL_MERCURY,0,Health,1,Air,0,Applying,健康情報を収集し、科学的に管理しましょう。,身体が整う日まで,,75,9,健康診断の結果を読み返し、改善点を見つける
TRANSIT_SUN,NATAL_MERCURY,0,General,1,Air,0,Separating,知性が高まり、自分の考えを明確に伝えられる時です。,知恵が力になる日まで,,85,10,考えを整理し、箇条書きでメモにまとめる
TRANSIT_SUN,NATAL_MERCURY,0,Work,1,Air,0,Separating,論理的な提案が評価されます。,説得力が増す日まで,,80,9,企画書の論理構成を再チェックする
TRANSIT_SUN,NATAL_MERCURY,0,Money,1,Air,0,Separating,情報の精査が利益に繋がります。,賢い選択ができる日まで,,65,7,契約プランを比較し、最も合理的なものを選ぶ
TRANSIT_SUN,NATAL_MERCURY,0,Love,1,Air,0,Separating,知的な交流が関係を良好にします。,理解が深まる日まで,,70,8,相手と将来の計画について話し合う
TRANSIT_SUN,NATAL_MERCURY,0,Health,1,Air,0,Separating,健康情報を収集し、科学的に管理しましょう。,身体が整う日まで,,75,9,健康診断の結果を読み返し、改善点を見つける
TRANSIT_SUN,NATAL_MERCURY,0,General,1,Air,1,Applying,知性が高まり、自分の考えを明確に伝えられる時です。,知恵が力になる日まで,,85,10,考えを整理し、箇条書きでメモにまとめる
TRANSIT_SUN,NATAL_MERCURY,0,Work,1,Air,1,Applying,論理的な提案が評価されます。,説得力が増す日まで,,80,9,企画書の論理構成を再チェックする
TRANSIT_SUN,NATAL_MERCURY,0,Money,1,Air,1,Applying,情報の精査が利益に繋がります。,賢い選択ができる日まで,,65,7,契約プランを比較し、最も合理的なものを選ぶ
TRANSIT_SUN,NATAL_MERCURY,0,Love,1,Air,1,Applying,知的な交流が関係を良好にします。,理解が深まる日まで,,70,8,相手と将来の計画について話し合う
TRANSIT_SUN,NATAL_MERCURY,0,Health,1,Air,1,Applying,健康情報を収集し、科学的に管理しましょう。,身体が整う日まで,,75,9,健康診断の結果を読み返し、改善点を見つける
TRANSIT_SUN,NATAL_MERCURY,0,General,1,Air,1,Separating,知性が高まり、自分の考えを明確に伝えられる時です。,知恵が力になる日まで,,85,10,考えを整理し、箇条書きでメモにまとめる
TRANSIT_SUN,NATAL_MERCURY,0,Work,1,Air,1,Separating,論理的な提案が評価されます。,説得力が増す日まで,,80,9,企画書の論理構成を再チェックする
TRANSIT_SUN,NATAL_MERCURY,0,Money,1,Air,1,Separating,情報の精査が利益に繋がります。,賢い選択ができる日まで,,65,7,契約プランを比較し、最も合理的なものを選ぶ
TRANSIT_SUN,NATAL_MERCURY,0,Love,1,Air,1,Separating,知的な交流が関係を良好にします。,理解が深まる日まで,,70,8,相手と将来の計画について話し合う
TRANSIT_SUN,NATAL_MERCURY,0,Health,1,Air,1,Separating,健康情報を収集し、科学的に管理しましょう。,身体が整う日まで,,75,9,健康診断の結果を読み返し、改善点を見つける
TRANSIT_SUN,NATAL_MERCURY,0,General,1,Water,0,Applying,知性が高まり、自分の考えを明確に伝えられる時です。,知恵が力になる日まで,,85,10,考えを整理し、箇条書きでメモにまとめる
TRANSIT_SUN,NATAL_MERCURY,0,Work,1,Water,0,Applying,論理的な提案が評価されます。,説得力が増す日まで,,80,9,企画書の論理構成を再チェックする
TRANSIT_SUN,NATAL_MERCURY,0,Money,1,Water,0,Applying,情報の精査が利益に繋がります。,賢い選択ができる日まで,,65,7,契約プランを比較し、最も合理的なものを選ぶ
TRANSIT_SUN,NATAL_MERCURY,0,Love,1,Water,0,Applying,知的な交流が関係を良好にします。,理解が深まる日まで,,70,8,相手と将来の計画について話し合う
TRANSIT_SUN,NATAL_MERCURY,0,Health,1,Water,0,Applying,健康情報を収集し、科学的に管理しましょう。,身体が整う日まで,,75,9,健康診断の結果を読み返し、改善点を見つける
TRANSIT_SUN,NATAL_MERCURY,0,General,1,Water,0,Separating,知性が高まり、自分の考えを明確に伝えられる時です。,知恵が力になる日まで,,85,10,考えを整理し、箇条書きでメモにまとめる
TRANSIT_SUN,NATAL_MERCURY,0,Work,1,Water,0,Separating,論理的な提案が評価されます。,説得力が増す日まで,,80,9,企画書の論理構成を再チェックする
TRANSIT_SUN,NATAL_MERCURY,0,Money,1,Water,0,Separating,情報の精査が利益に繋がります。,賢い選択ができる日まで,,65,7,契約プランを比較し、最も合理的なものを選ぶ
TRANSIT_SUN,NATAL_MERCURY,0,Love,1,Water,0,Separating,知的な交流が関係を良好にします。,理解が深まる日まで,,70,8,相手と将来の計画について話し合う
TRANSIT_SUN,NATAL_MERCURY,0,Health,1,Water,0,Separating,健康情報を収集し、科学的に管理しましょう。,身体が整う日まで,,75,9,健康診断の結果を読み返し、改善点を見つける
TRANSIT_SUN,NATAL_MERCURY,0,General,1,Water,1,Applying,知性が高まり、自分の考えを明確に伝えられる時です。,知恵が力になる日まで,,85,10,考えを整理し、箇条書きでメモにまとめる
TRANSIT_SUN,NATAL_MERCURY,0,Work,1,Water,1,Applying,論理的な提案が評価されます。,説得力が増す日まで,,80,9,企画書の論理構成を再チェックする
TRANSIT_SUN,NATAL_MERCURY,0,Money,1,Water,1,Applying,情報の精査が利益に繋がります。,賢い選択ができる日まで,,65,7,契約プランを比較し、最も合理的なものを選ぶ
TRANSIT_SUN,NATAL_MERCURY,0,Love,1,Water,1,Applying,知的な交流が関係を良好にします。,理解が深まる日まで,,70,8,相手と将来の計画について話し合う
TRANSIT_SUN,NATAL_MERCURY,0,Health,1,Water,1,Applying,健康情報を収集し、科学的に管理しましょう。,身体が整う日まで,,75,9,健康診断の結果を読み返し、改善点を見つける
TRANSIT_SUN,NATAL_MERCURY,0,General,1,Water,1,Separating,知性が高まり、自分の考えを明確に伝えられる時です。,知恵が力になる日まで,,85,10,考えを整理し、箇条書きでメモにまとめる
TRANSIT_SUN,NATAL_MERCURY,0,Work,1,Water,1,Separating,論理的な提案が評価されます。,説得力が増す日まで,,80,9,企画書の論理構成を再チェックする
TRANSIT_SUN,NATAL_MERCURY,0,Money,1,Water,1,Separating,情報の精査が利益に繋がります。,賢い選択ができる日まで,,65,7,契約プランを比較し、最も合理的なものを選ぶ
TRANSIT_SUN,NATAL_MERCURY,0,Love,1,Water,1,Separating,知的な交流が関係を良好にします。,理解が深まる日まで,,70,8,相手と将来の計画について話し合う
TRANSIT_SUN,NATAL_MERCURY,0,Health,1,Water,1,Separating,健康情報を収集し、科学的に管理しましょう。,身体が整う日まで,,75,9,健康診断の結果を読み返し、改善点を見つける
TRANSIT_SUN,NATAL_MERCURY,0,General,2,Fire,0,Applying,実益に繋がる知恵が湧き出す時期です。,豊かさが訪れる日まで,,80,9,収益化のアイデアを1つ形にしてみる
TRANSIT_SUN,NATAL_MERCURY,0,Work,2,Fire,0,Applying,実力に見合った報酬を追求しましょう。,成果が認められる日まで,,75,8,自分の業務実績を整理しアピールする
TRANSIT_SUN,NATAL_MERCURY,0,Money,2,Fire,0,Applying,金銭的な交渉に有利な時期です。,資産が増える日まで,,70,7,不用品を売却し現金化する
TRANSIT_SUN,NATAL_MERCURY,0,Love,2,Fire,0,Applying,お互いの価値観を言葉で確認しましょう。,絆が固まる日まで,,65,6,大切な人と経済的な将来について話す
TRANSIT_SUN,NATAL_MERCURY,0,Health,2,Fire,0,Applying,体力維持のための知識を学びましょう。,活力が続く日まで,,70,8,効率的な運動法について調べる
TRANSIT_SUN,NATAL_MERCURY,0,General,2,Fire,0,Separating,実益に繋がる知恵が湧き出す時期です。,豊かさが訪れる日まで,,80,9,収益化のアイデアを1つ形にしてみる
TRANSIT_SUN,NATAL_MERCURY,0,Work,2,Fire,0,Separating,実力に見合った報酬を追求しましょう。,成果が認められる日まで,,75,8,自分の業務実績を整理しアピールする
TRANSIT_SUN,NATAL_MERCURY,0,Money,2,Fire,0,Separating,金銭的な交渉に有利な時期です。,資産が増える日まで,,70,7,不用品を売却し現金化する
TRANSIT_SUN,NATAL_MERCURY,0,Love,2,Fire,0,Separating,お互いの価値観を言葉で確認しましょう。,絆が固まる日まで,,65,6,大切な人と経済的な将来について話す
TRANSIT_SUN,NATAL_MERCURY,0,Health,2,Fire,0,Separating,体力維持のための知識を学びましょう。,活力が続く日まで,,70,8,効率的な運動法について調べる
TRANSIT_SUN,NATAL_MERCURY,0,General,2,Fire,1,Applying,実益に繋がる知恵が湧き出す時期です。,豊かさが訪れる日まで,,80,9,収益化のアイデアを1つ形にしてみる
TRANSIT_SUN,NATAL_MERCURY,0,Work,2,Fire,1,Applying,実力に見合った報酬を追求しましょう。,成果が認められる日まで,,75,8,自分の業務実績を整理しアピールする
TRANSIT_SUN,NATAL_MERCURY,0,Money,2,Fire,1,Applying,金銭的な交渉に有利な時期です。,資産が増える日まで,,70,7,不用品を売却し現金化する
TRANSIT_SUN,NATAL_MERCURY,0,Love,2,Fire,1,Applying,お互いの価値観を言葉で確認しましょう。,絆が固まる日まで,,65,6,大切な人と経済的な将来について話す
TRANSIT_SUN,NATAL_MERCURY,0,Health,2,Fire,1,Applying,体力維持のための知識を学びましょう。,活力が続く日まで,,70,8,効率的な運動法について調べる
TRANSIT_SUN,NATAL_MERCURY,0,General,2,Fire,1,Separating,実益に繋がる知恵が湧き出す時期です。,豊かさが訪れる日まで,,80,9,収益化のアイデアを1つ形にしてみる
TRANSIT_SUN,NATAL_MERCURY,0,Work,2,Fire,1,Separating,実力に見合った報酬を追求しましょう。,成果が認められる日まで,,75,8,自分の業務実績を整理しアピールする
TRANSIT_SUN,NATAL_MERCURY,0,Money,2,Fire,1,Separating,金銭的な交渉に有利な時期です。,資産が増える日まで,,70,7,不用品を売却し現金化する
TRANSIT_SUN,NATAL_MERCURY,0,Love,2,Fire,1,Separating,お互いの価値観を言葉で確認しましょう。,絆が固まる日まで,,65,6,大切な人と経済的な将来について話す
TRANSIT_SUN,NATAL_MERCURY,0,Health,2,Fire,1,Separating,体力維持のための知識を学びましょう。,活力が続く日まで,,70,8,効率的な運動法について調べる
TRANSIT_SUN,NATAL_MERCURY,0,General,2,Earth,0,Applying,実務的な知恵が収益に直結する時期です。,豊かさが形になる日まで,,80,8,収支の計算を細かく行い、無駄を1つ見つける
TRANSIT_SUN,NATAL_MERCURY,0,Work,2,Earth,0,Applying,専門的なスキルを活かして成果を上げましょう。,実力が評価される日まで,,75,7,収支の計算を細かく行い、無駄を1つ見つける
TRANSIT_SUN,NATAL_MERCURY,0,Money,2,Earth,0,Applying,経済的な情報の精査が重要です。,家計が安定する日まで,,70,6,収支の計算を細かく行い、無駄を1つ見つける
TRANSIT_SUN,NATAL_MERCURY,0,Love,2,Earth,0,Applying,価値観を言葉で共有しましょう。,絆が深まる日まで,,65,6,収支の計算を細かく行い、無駄を1つ見つける
TRANSIT_SUN,NATAL_MERCURY,0,Health,2,Earth,0,Applying,健康維持のための知識を取り入れて。,活力が続く日まで,,70,7,収支の計算を細かく行い、無駄を1つ見つける
TRANSIT_SUN,NATAL_MERCURY,0,General,2,Earth,0,Separating,実務的な知恵が収益に直結する時期です。,豊かさが形になる日まで,,80,8,収支の計算を細かく行い、無駄を1つ見つける
TRANSIT_SUN,NATAL_MERCURY,0,Work,2,Earth,0,Separating,専門的なスキルを活かして成果を上げましょう。,実力が評価される日まで,,75,7,収支の計算を細かく行い、無駄を1つ見つける
TRANSIT_SUN,NATAL_MERCURY,0,Money,2,Earth,0,Separating,経済的な情報の精査が重要です。,家計が安定する日まで,,70,6,収支の計算を細かく行い、無駄を1つ見つける
TRANSIT_SUN,NATAL_MERCURY,0,Love,2,Earth,0,Separating,価値観を言葉で共有しましょう。,絆が深まる日まで,,65,6,収支の計算を細かく行い、無駄を1つ見つける
TRANSIT_SUN,NATAL_MERCURY,0,Health,2,Earth,0,Separating,健康維持のための知識を取り入れて。,活力が続く日まで,,70,7,収支の計算を細かく行い、無駄を1つ見つける
TRANSIT_SUN,NATAL_MERCURY,0,General,2,Earth,1,Applying,実務的な知恵が収益に直結する時期です。,豊かさが形になる日まで,,80,8,収支の計算を細かく行い、無駄を1つ見つける
TRANSIT_SUN,NATAL_MERCURY,0,Work,2,Earth,1,Applying,専門的なスキルを活かして成果を上げましょう。,実力が評価される日まで,,75,7,収支の計算を細かく行い、無駄を1つ見つける
TRANSIT_SUN,NATAL_MERCURY,0,Money,2,Earth,1,Applying,経済的な情報の精査が重要です。,家計が安定する日まで,,70,6,収支の計算を細かく行い、無駄を1つ見つける
TRANSIT_SUN,NATAL_MERCURY,0,Love,2,Earth,1,Applying,価値観を言葉で共有しましょう。,絆が深まる日まで,,65,6,収支の計算を細かく行い、無駄を1つ見つける
TRANSIT_SUN,NATAL_MERCURY,0,Health,2,Earth,1,Applying,健康維持のための知識を取り入れて。,活力が続く日まで,,70,7,収支の計算を細かく行い、無駄を1つ見つける
TRANSIT_SUN,NATAL_MERCURY,0,General,2,Earth,1,Separating,実務的な知恵が収益に直結する時期です。,豊かさが形になる日まで,,80,8,収支の計算を細かく行い、無駄を1つ見つける
TRANSIT_SUN,NATAL_MERCURY,0,Work,2,Earth,1,Separating,専門的なスキルを活かして成果を上げましょう。,実力が評価される日まで,,75,7,収支の計算を細かく行い、無駄を1つ見つける
TRANSIT_SUN,NATAL_MERCURY,0,Money,2,Earth,1,Separating,経済的な情報の精査が重要です。,家計が安定する日まで,,70,6,収支の計算を細かく行い、無駄を1つ見つける
TRANSIT_SUN,NATAL_MERCURY,0,Love,2,Earth,1,Separating,価値観を言葉で共有しましょう。,絆が深まる日まで,,65,6,収支の計算を細かく行い、無駄を1つ見つける
TRANSIT_SUN,NATAL_MERCURY,0,Health,2,Earth,1,Separating,健康維持のための知識を取り入れて。,活力が続く日まで,,70,7,収支の計算を細かく行い、無駄を1つ見つける
TRANSIT_SUN,NATAL_MERCURY,0,General,2,Air,0,Applying,知的なネットワークが金銭的なヒントを運んできます。,豊かさが形になる日まで,,80,8,金融に関するニュースをチェックし情報を整理する
TRANSIT_SUN,NATAL_MERCURY,0,Work,2,Air,0,Applying,専門的なスキルを活かして成果を上げましょう。,実力が評価される日まで,,75,7,金融に関するニュースをチェックし情報を整理する
TRANSIT_SUN,NATAL_MERCURY,0,Money,2,Air,0,Applying,経済的な情報の精査が重要です。,家計が安定する日まで,,70,6,金融に関するニュースをチェックし情報を整理する
TRANSIT_SUN,NATAL_MERCURY,0,Love,2,Air,0,Applying,価値観を言葉で共有しましょう。,絆が深まる日まで,,65,6,金融に関するニュースをチェックし情報を整理する
TRANSIT_SUN,NATAL_MERCURY,0,Health,2,Air,0,Applying,健康維持のための知識を取り入れて。,活力が続く日まで,,70,7,金融に関するニュースをチェックし情報を整理する
TRANSIT_SUN,NATAL_MERCURY,0,General,2,Air,0,Separating,知的なネットワークが金銭的なヒントを運んできます。,豊かさが形になる日まで,,80,8,金融に関するニュースをチェックし情報を整理する
TRANSIT_SUN,NATAL_MERCURY,0,Work,2,Air,0,Separating,専門的なスキルを活かして成果を上げましょう。,実力が評価される日まで,,75,7,金融に関するニュースをチェックし情報を整理する
TRANSIT_SUN,NATAL_MERCURY,0,Money,2,Air,0,Separating,経済的な情報の精査が重要です。,家計が安定する日まで,,70,6,金融に関するニュースをチェックし情報を整理する
TRANSIT_SUN,NATAL_MERCURY,0,Love,2,Air,0,Separating,価値観を言葉で共有しましょう。,絆が深まる日まで,,65,6,金融に関するニュースをチェックし情報を整理する
TRANSIT_SUN,NATAL_MERCURY,0,Health,2,Air,0,Separating,健康維持のための知識を取り入れて。,活力が続く日まで,,70,7,金融に関するニュースをチェックし情報を整理する
TRANSIT_SUN,NATAL_MERCURY,0,General,2,Air,1,Applying,知的なネットワークが金銭的なヒントを運んできます。,豊かさが形になる日まで,,80,8,金融に関するニュースをチェックし情報を整理する
TRANSIT_SUN,NATAL_MERCURY,0,Work,2,Air,1,Applying,専門的なスキルを活かして成果を上げましょう。,実力が評価される日まで,,75,7,金融に関するニュースをチェックし情報を整理する
TRANSIT_SUN,NATAL_MERCURY,0,Money,2,Air,1,Applying,経済的な情報の精査が重要です。,家計が安定する日まで,,70,6,金融に関するニュースをチェックし情報を整理する
TRANSIT_SUN,NATAL_MERCURY,0,Love,2,Air,1,Applying,価値観を言葉で共有しましょう。,絆が深まる日まで,,65,6,金融に関するニュースをチェックし情報を整理する
TRANSIT_SUN,NATAL_MERCURY,0,Health,2,Air,1,Applying,健康維持のための知識を取り入れて。,活力が続く日まで,,70,7,金融に関するニュースをチェックし情報を整理する
TRANSIT_SUN,NATAL_MERCURY,0,General,2,Air,1,Separating,知的なネットワークが金銭的なヒントを運んできます。,豊かさが形になる日まで,,80,8,金融に関するニュースをチェックし情報を整理する
TRANSIT_SUN,NATAL_MERCURY,0,Work,2,Air,1,Separating,専門的なスキルを活かして成果を上げましょう。,実力が評価される日まで,,75,7,金融に関するニュースをチェックし情報を整理する
TRANSIT_SUN,NATAL_MERCURY,0,Money,2,Air,1,Separating,経済的な情報の精査が重要です。,家計が安定する日まで,,70,6,金融に関するニュースをチェックし情報を整理する
TRANSIT_SUN,NATAL_MERCURY,0,Love,2,Air,1,Separating,価値観を言葉で共有しましょう。,絆が深まる日まで,,65,6,金融に関するニュースをチェックし情報を整理する
TRANSIT_SUN,NATAL_MERCURY,0,Health,2,Air,1,Separating,健康維持のための知識を取り入れて。,活力が続く日まで,,70,7,金融に関するニュースをチェックし情報を整理する
TRANSIT_SUN,NATAL_MERCURY,0,General,2,Water,0,Applying,感性を活かしたアイデアが価値を生む時期です。,豊かさが形になる日まで,,80,8,自分が本当に良いと思うものに価値を置く
TRANSIT_SUN,NATAL_MERCURY,0,Work,2,Water,0,Applying,専門的なスキルを活かして成果を上げましょう。,実力が評価される日まで,,75,7,自分が本当に良いと思うものに価値を置く
TRANSIT_SUN,NATAL_MERCURY,0,Money,2,Water,0,Applying,経済的な情報の精査が重要です。,家計が安定する日まで,,70,6,自分が本当に良いと思うものに価値を置く
TRANSIT_SUN,NATAL_MERCURY,0,Love,2,Water,0,Applying,価値観を言葉で共有しましょう。,絆が深まる日まで,,65,6,自分が本当に良いと思うものに価値を置く
TRANSIT_SUN,NATAL_MERCURY,0,Health,2,Water,0,Applying,健康維持のための知識を取り入れて。,活力が続く日まで,,70,7,自分が本当に良いと思うものに価値を置く
TRANSIT_SUN,NATAL_MERCURY,0,General,2,Water,0,Separating,感性を活かしたアイデアが価値を生む時期です。,豊かさが形になる日まで,,80,8,自分が本当に良いと思うものに価値を置く
TRANSIT_SUN,NATAL_MERCURY,0,Work,2,Water,0,Separating,専門的なスキルを活かして成果を上げましょう。,実力が評価される日まで,,75,7,自分が本当に良いと思うものに価値を置く
TRANSIT_SUN,NATAL_MERCURY,0,Money,2,Water,0,Separating,経済的な情報の精査が重要です。,家計が安定する日まで,,70,6,自分が本当に良いと思うものに価値を置く
TRANSIT_SUN,NATAL_MERCURY,0,Love,2,Water,0,Separating,価値観を言葉で共有しましょう。,絆が深まる日まで,,65,6,自分が本当に良いと思うものに価値を置く
TRANSIT_SUN,NATAL_MERCURY,0,Health,2,Water,0,Separating,健康維持のための知識を取り入れて。,活力が続く日まで,,70,7,自分が本当に良いと思うものに価値を置く
TRANSIT_SUN,NATAL_MERCURY,0,General,2,Water,1,Applying,感性を活かしたアイデアが価値を生む時期です。,豊かさが形になる日まで,,80,8,自分が本当に良いと思うものに価値を置く
TRANSIT_SUN,NATAL_MERCURY,0,Work,2,Water,1,Applying,専門的なスキルを活かして成果を上げましょう。,実力が評価される日まで,,75,7,自分が本当に良いと思うものに価値を置く
TRANSIT_SUN,NATAL_MERCURY,0,Money,2,Water,1,Applying,経済的な情報の精査が重要です。,家計が安定する日まで,,70,6,自分が本当に良いと思うものに価値を置く
TRANSIT_SUN,NATAL_MERCURY,0,Love,2,Water,1,Applying,価値観を言葉で共有しましょう。,絆が深まる日まで,,65,6,自分が本当に良いと思うものに価値を置く
TRANSIT_SUN,NATAL_MERCURY,0,Health,2,Water,1,Applying,健康維持のための知識を取り入れて。,活力が続く日まで,,70,7,自分が本当に良いと思うものに価値を置く
TRANSIT_SUN,NATAL_MERCURY,0,General,2,Water,1,Separating,感性を活かしたアイデアが価値を生む時期です。,豊かさが形になる日まで,,80,8,自分が本当に良いと思うものに価値を置く
TRANSIT_SUN,NATAL_MERCURY,0,Work,2,Water,1,Separating,専門的なスキルを活かして成果を上げましょう。,実力が評価される日まで,,75,7,自分が本当に良いと思うものに価値を置く
TRANSIT_SUN,NATAL_MERCURY,0,Money,2,Water,1,Separating,経済的な情報の精査が重要です。,家計が安定する日まで,,70,6,自分が本当に良いと思うものに価値を置く
TRANSIT_SUN,NATAL_MERCURY,0,Love,2,Water,1,Separating,価値観を言葉で共有しましょう。,絆が深まる日まで,,65,6,自分が本当に良いと思うものに価値を置く
TRANSIT_SUN,NATAL_MERCURY,0,Health,2,Water,1,Separating,健康維持のための知識を取り入れて。,活力が続く日まで,,70,7,自分が本当に良いと思うものに価値を置く
TRANSIT_SUN,NATAL_MERCURY,0,General,3,Fire,0,Applying,コミュニケーションや学びが活発になる時期です。,知恵が定着する日まで,,80,8,最近学んだことをノートに整理する
TRANSIT_SUN,NATAL_MERCURY,0,Work,3,Fire,0,Applying,実務的な精度を高めましょう。,評価が高まる日まで,,75,7,ミスがないかダブルチェックする
TRANSIT_SUN,NATAL_MERCURY,0,Money,3,Fire,0,Applying,情報の取捨選択が金銭的メリットを生みます。,家計が安定する日まで,,65,6,支出項目を1つ精査する
TRANSIT_SUN,NATAL_MERCURY,0,Love,3,Fire,0,Applying,言葉による意思疎通を大切に。,理解が深まる日まで,,70,7,相手の話を最後まで聞く
TRANSIT_SUN,NATAL_MERCURY,0,Health,3,Fire,0,Applying,健康情報を収集し、習慣に取り入れましょう。,体調が整う日まで,,75,9,最新の健康習慣を1つ試す
TRANSIT_SUN,NATAL_MERCURY,0,General,3,Fire,0,Separating,コミュニケーションや学びが活発になる時期です。,知恵が定着する日まで,,80,8,最近学んだことをノートに整理する
TRANSIT_SUN,NATAL_MERCURY,0,Work,3,Fire,0,Separating,実務的な精度を高めましょう。,評価が高まる日まで,,75,7,ミスがないかダブルチェックする
TRANSIT_SUN,NATAL_MERCURY,0,Money,3,Fire,0,Separating,情報の取捨選択が金銭的メリットを生みます。,家計が安定する日まで,,65,6,支出項目を1つ精査する
TRANSIT_SUN,NATAL_MERCURY,0,Love,3,Fire,0,Separating,言葉による意思疎通を大切に。,理解が深まる日まで,,70,7,相手の話を最後まで聞く
TRANSIT_SUN,NATAL_MERCURY,0,Health,3,Fire,0,Separating,健康情報を収集し、習慣に取り入れましょう。,体調が整う日まで,,75,9,最新の健康習慣を1つ試す
TRANSIT_SUN,NATAL_MERCURY,0,General,3,Fire,1,Applying,コミュニケーションや学びが活発になる時期です。,知恵が定着する日まで,,80,8,最近学んだことをノートに整理する
TRANSIT_SUN,NATAL_MERCURY,0,Work,3,Fire,1,Applying,実務的な精度を高めましょう。,評価が高まる日まで,,75,7,ミスがないかダブルチェックする
TRANSIT_SUN,NATAL_MERCURY,0,Money,3,Fire,1,Applying,情報の取捨選択が金銭的メリットを生みます。,家計が安定する日まで,,65,6,支出項目を1つ精査する
TRANSIT_SUN,NATAL_MERCURY,0,Love,3,Fire,1,Applying,言葉による意思疎通を大切に。,理解が深まる日まで,,70,7,相手の話を最後まで聞く
TRANSIT_SUN,NATAL_MERCURY,0,Health,3,Fire,1,Applying,健康情報を収集し、習慣に取り入れましょう。,体調が整う日まで,,75,9,最新の健康習慣を1つ試す
TRANSIT_SUN,NATAL_MERCURY,0,General,3,Fire,1,Separating,コミュニケーションや学びが活発になる時期です。,知恵が定着する日まで,,80,8,最近学んだことをノートに整理する
TRANSIT_SUN,NATAL_MERCURY,0,Work,3,Fire,1,Separating,実務的な精度を高めましょう。,評価が高まる日まで,,75,7,ミスがないかダブルチェックする
TRANSIT_SUN,NATAL_MERCURY,0,Money,3,Fire,1,Separating,情報の取捨選択が金銭的メリットを生みます。,家計が安定する日まで,,65,6,支出項目を1つ精査する
TRANSIT_SUN,NATAL_MERCURY,0,Love,3,Fire,1,Separating,言葉による意思疎通を大切に。,理解が深まる日まで,,70,7,相手の話を最後まで聞く
TRANSIT_SUN,NATAL_MERCURY,0,Health,3,Fire,1,Separating,健康情報を収集し、習慣に取り入れましょう。,体調が整う日まで,,75,9,最新の健康習慣を1つ試す
TRANSIT_SUN,NATAL_MERCURY,0,General,3,Earth,0,Applying,コミュニケーションや学びが活発になる時期です。,知恵が定着する日まで,,80,8,最近学んだことをノートに整理する
TRANSIT_SUN,NATAL_MERCURY,0,Work,3,Earth,0,Applying,実務的な精度を高めましょう。,評価が高まる日まで,,75,7,ミスがないかダブルチェックする
TRANSIT_SUN,NATAL_MERCURY,0,Money,3,Earth,0,Applying,情報の取捨選択が金銭的メリットを生みます。,家計が安定する日まで,,65,6,支出項目を1つ精査する
TRANSIT_SUN,NATAL_MERCURY,0,Love,3,Earth,0,Applying,言葉による意思疎通を大切に。,理解が深まる日まで,,70,7,相手の話を最後まで聞く
TRANSIT_SUN,NATAL_MERCURY,0,Health,3,Earth,0,Applying,健康情報を収集し、習慣に取り入れましょう。,体調が整う日まで,,75,9,最新の健康習慣を1つ試す
TRANSIT_SUN,NATAL_MERCURY,0,General,3,Earth,0,Separating,コミュニケーションや学びが活発になる時期です。,知恵が定着する日まで,,80,8,最近学んだことをノートに整理する
TRANSIT_SUN,NATAL_MERCURY,0,Work,3,Earth,0,Separating,実務的な精度を高めましょう。,評価が高まる日まで,,75,7,ミスがないかダブルチェックする
TRANSIT_SUN,NATAL_MERCURY,0,Money,3,Earth,0,Separating,情報の取捨選択が金銭的メリットを生みます。,家計が安定する日まで,,65,6,支出項目を1つ精査する
TRANSIT_SUN,NATAL_MERCURY,0,Love,3,Earth,0,Separating,言葉による意思疎通を大切に。,理解が深まる日まで,,70,7,相手の話を最後まで聞く
TRANSIT_SUN,NATAL_MERCURY,0,Health,3,Earth,0,Separating,健康情報を収集し、習慣に取り入れましょう。,体調が整う日まで,,75,9,最新の健康習慣を1つ試す
TRANSIT_SUN,NATAL_MERCURY,0,General,3,Earth,1,Applying,コミュニケーションや学びが活発になる時期です。,知恵が定着する日まで,,80,8,最近学んだことをノートに整理する
TRANSIT_SUN,NATAL_MERCURY,0,Work,3,Earth,1,Applying,実務的な精度を高めましょう。,評価が高まる日まで,,75,7,ミスがないかダブルチェックする
TRANSIT_SUN,NATAL_MERCURY,0,Money,3,Earth,1,Applying,情報の取捨選択が金銭的メリットを生みます。,家計が安定する日まで,,65,6,支出項目を1つ精査する
TRANSIT_SUN,NATAL_MERCURY,0,Love,3,Earth,1,Applying,言葉による意思疎通を大切に。,理解が深まる日まで,,70,7,相手の話を最後まで聞く
TRANSIT_SUN,NATAL_MERCURY,0,Health,3,Earth,1,Applying,健康情報を収集し、習慣に取り入れましょう。,体調が整う日まで,,75,9,最新の健康習慣を1つ試す
TRANSIT_SUN,NATAL_MERCURY,0,General,3,Earth,1,Separating,コミュニケーションや学びが活発になる時期です。,知恵が定着する日まで,,80,8,最近学んだことをノートに整理する
TRANSIT_SUN,NATAL_MERCURY,0,Work,3,Earth,1,Separating,実務的な精度を高めましょう。,評価が高まる日まで,,75,7,ミスがないかダブルチェックする
TRANSIT_SUN,NATAL_MERCURY,0,Money,3,Earth,1,Separating,情報の取捨選択が金銭的メリットを生みます。,家計が安定する日まで,,65,6,支出項目を1つ精査する
TRANSIT_SUN,NATAL_MERCURY,0,Love,3,Earth,1,Separating,言葉による意思疎通を大切に。,理解が深まる日まで,,70,7,相手の話を最後まで聞く
TRANSIT_SUN,NATAL_MERCURY,0,Health,3,Earth,1,Separating,健康情報を収集し、習慣に取り入れましょう。,体調が整う日まで,,75,9,最新の健康習慣を1つ試す
TRANSIT_SUN,NATAL_MERCURY,0,General,3,Air,0,Applying,コミュニケーションや学びが活発になる時期です。,知恵が定着する日まで,,80,8,最近学んだことをノートに整理する
TRANSIT_SUN,NATAL_MERCURY,0,Work,3,Air,0,Applying,実務的な精度を高めましょう。,評価が高まる日まで,,75,7,ミスがないかダブルチェックする
TRANSIT_SUN,NATAL_MERCURY,0,Money,3,Air,0,Applying,情報の取捨選択が金銭的メリットを生みます。,家計が安定する日まで,,65,6,支出項目を1つ精査する
TRANSIT_SUN,NATAL_MERCURY,0,Love,3,Air,0,Applying,言葉による意思疎通を大切に。,理解が深まる日まで,,70,7,相手の話を最後まで聞く
TRANSIT_SUN,NATAL_MERCURY,0,Health,3,Air,0,Applying,健康情報を収集し、習慣に取り入れましょう。,体調が整う日まで,,75,9,最新の健康習慣を1つ試す
TRANSIT_SUN,NATAL_MERCURY,0,General,3,Air,0,Separating,コミュニケーションや学びが活発になる時期です。,知恵が定着する日まで,,80,8,最近学んだことをノートに整理する
TRANSIT_SUN,NATAL_MERCURY,0,Work,3,Air,0,Separating,実務的な精度を高めましょう。,評価が高まる日まで,,75,7,ミスがないかダブルチェックする
TRANSIT_SUN,NATAL_MERCURY,0,Money,3,Air,0,Separating,情報の取捨選択が金銭的メリットを生みます。,家計が安定する日まで,,65,6,支出項目を1つ精査する
TRANSIT_SUN,NATAL_MERCURY,0,Love,3,Air,0,Separating,言葉による意思疎通を大切に。,理解が深まる日まで,,70,7,相手の話を最後まで聞く
TRANSIT_SUN,NATAL_MERCURY,0,Health,3,Air,0,Separating,健康情報を収集し、習慣に取り入れましょう。,体調が整う日まで,,75,9,最新の健康習慣を1つ試す
TRANSIT_SUN,NATAL_MERCURY,0,General,3,Air,1,Applying,コミュニケーションや学びが活発になる時期です。,知恵が定着する日まで,,80,8,最近学んだことをノートに整理する
TRANSIT_SUN,NATAL_MERCURY,0,Work,3,Air,1,Applying,実務的な精度を高めましょう。,評価が高まる日まで,,75,7,ミスがないかダブルチェックする
TRANSIT_SUN,NATAL_MERCURY,0,Money,3,Air,1,Applying,情報の取捨選択が金銭的メリットを生みます。,家計が安定する日まで,,65,6,支出項目を1つ精査する
TRANSIT_SUN,NATAL_MERCURY,0,Love,3,Air,1,Applying,言葉による意思疎通を大切に。,理解が深まる日まで,,70,7,相手の話を最後まで聞く
TRANSIT_SUN,NATAL_MERCURY,0,Health,3,Air,1,Applying,健康情報を収集し、習慣に取り入れましょう。,体調が整う日まで,,75,9,最新の健康習慣を1つ試す
TRANSIT_SUN,NATAL_MERCURY,0,General,3,Air,1,Separating,コミュニケーションや学びが活発になる時期です。,知恵が定着する日まで,,80,8,最近学んだことをノートに整理する
TRANSIT_SUN,NATAL_MERCURY,0,Work,3,Air,1,Separating,実務的な精度を高めましょう。,評価が高まる日まで,,75,7,ミスがないかダブルチェックする
TRANSIT_SUN,NATAL_MERCURY,0,Money,3,Air,1,Separating,情報の取捨選択が金銭的メリットを生みます。,家計が安定する日まで,,65,6,支出項目を1つ精査する
TRANSIT_SUN,NATAL_MERCURY,0,Love,3,Air,1,Separating,言葉による意思疎通を大切に。,理解が深まる日まで,,70,7,相手の話を最後まで聞く
TRANSIT_SUN,NATAL_MERCURY,0,Health,3,Air,1,Separating,健康情報を収集し、習慣に取り入れましょう。,体調が整う日まで,,75,9,最新の健康習慣を1つ試す
TRANSIT_SUN,NATAL_MERCURY,0,General,3,Water,0,Applying,コミュニケーションや学びが活発になる時期です。,知恵が定着する日まで,,80,8,最近学んだことをノートに整理する
TRANSIT_SUN,NATAL_MERCURY,0,Work,3,Water,0,Applying,実務的な精度を高めましょう。,評価が高まる日まで,,75,7,ミスがないかダブルチェックする
TRANSIT_SUN,NATAL_MERCURY,0,Money,3,Water,0,Applying,情報の取捨選択が金銭的メリットを生みます。,家計が安定する日まで,,65,6,支出項目を1つ精査する
TRANSIT_SUN,NATAL_MERCURY,0,Love,3,Water,0,Applying,言葉による意思疎通を大切に。,理解が深まる日まで,,70,7,相手の話を最後まで聞く
TRANSIT_SUN,NATAL_MERCURY,0,Health,3,Water,0,Applying,健康情報を収集し、習慣に取り入れましょう。,体調が整う日まで,,75,9,最新の健康習慣を1つ試す
TRANSIT_SUN,NATAL_MERCURY,0,General,3,Water,0,Separating,コミュニケーションや学びが活発になる時期です。,知恵が定着する日まで,,80,8,最近学んだことをノートに整理する
TRANSIT_SUN,NATAL_MERCURY,0,Work,3,Water,0,Separating,実務的な精度を高めましょう。,評価が高まる日まで,,75,7,ミスがないかダブルチェックする
TRANSIT_SUN,NATAL_MERCURY,0,Money,3,Water,0,Separating,情報の取捨選択が金銭的メリットを生みます。,家計が安定する日まで,,65,6,支出項目を1つ精査する
TRANSIT_SUN,NATAL_MERCURY,0,Love,3,Water,0,Separating,言葉による意思疎通を大切に。,理解が深まる日まで,,70,7,相手の話を最後まで聞く
TRANSIT_SUN,NATAL_MERCURY,0,Health,3,Water,0,Separating,健康情報を収集し、習慣に取り入れましょう。,体調が整う日まで,,75,9,最新の健康習慣を1つ試す
TRANSIT_SUN,NATAL_MERCURY,0,General,3,Water,1,Applying,コミュニケーションや学びが活発になる時期です。,知恵が定着する日まで,,80,8,最近学んだことをノートに整理する
TRANSIT_SUN,NATAL_MERCURY,0,Work,3,Water,1,Applying,実務的な精度を高めましょう。,評価が高まる日まで,,75,7,ミスがないかダブルチェックする
TRANSIT_SUN,NATAL_MERCURY,0,Money,3,Water,1,Applying,情報の取捨選択が金銭的メリットを生みます。,家計が安定する日まで,,65,6,支出項目を1つ精査する
TRANSIT_SUN,NATAL_MERCURY,0,Love,3,Water,1,Applying,言葉による意思疎通を大切に。,理解が深まる日まで,,70,7,相手の話を最後まで聞く
TRANSIT_SUN,NATAL_MERCURY,0,Health,3,Water,1,Applying,健康情報を収集し、習慣に取り入れましょう。,体調が整う日まで,,75,9,最新の健康習慣を1つ試す
TRANSIT_SUN,NATAL_MERCURY,0,General,3,Water,1,Separating,コミュニケーションや学びが活発になる時期です。,知恵が定着する日まで,,80,8,最近学んだことをノートに整理する
TRANSIT_SUN,NATAL_MERCURY,0,Work,3,Water,1,Separating,実務的な精度を高めましょう。,評価が高まる日まで,,75,7,ミスがないかダブルチェックする
TRANSIT_SUN,NATAL_MERCURY,0,Money,3,Water,1,Separating,情報の取捨選択が金銭的メリットを生みます。,家計が安定する日まで,,65,6,支出項目を1つ精査する
TRANSIT_SUN,NATAL_MERCURY,0,Love,3,Water,1,Separating,言葉による意思疎通を大切に。,理解が深まる日まで,,70,7,相手の話を最後まで聞く
TRANSIT_SUN,NATAL_MERCURY,0,Health,3,Water,1,Separating,健康情報を収集し、習慣に取り入れましょう。,体調が整う日まで,,75,9,最新の健康習慣を1つ試す
TRANSIT_SUN,NATAL_MERCURY,0,General,4,Fire,0,Applying,家庭や環境を論理的に整える時です。,知恵が定着する日まで,,80,8,家族との連絡方法を見直す
TRANSIT_SUN,NATAL_MERCURY,0,Work,4,Fire,0,Applying,実務的な精度を高めましょう。,評価が高まる日まで,,75,7,ミスがないかダブルチェックする
TRANSIT_SUN,NATAL_MERCURY,0,Money,4,Fire,0,Applying,情報の取捨選択が金銭的メリットを生みます。,家計が安定する日まで,,65,6,支出項目を1つ精査する
TRANSIT_SUN,NATAL_MERCURY,0,Love,4,Fire,0,Applying,言葉による意思疎通を大切に。,理解が深まる日まで,,70,7,相手の話を最後まで聞く
TRANSIT_SUN,NATAL_MERCURY,0,Health,4,Fire,0,Applying,健康情報を収集し、習慣に取り入れましょう。,体調が整う日まで,,75,9,最新の健康習慣を1つ試す
TRANSIT_SUN,NATAL_MERCURY,0,General,4,Fire,0,Separating,家庭や環境を論理的に整える時です。,知恵が定着する日まで,,80,8,家族との連絡方法を見直す
TRANSIT_SUN,NATAL_MERCURY,0,Work,4,Fire,0,Separating,実務的な精度を高めましょう。,評価が高まる日まで,,75,7,ミスがないかダブルチェックする
TRANSIT_SUN,NATAL_MERCURY,0,Money,4,Fire,0,Separating,情報の取捨選択が金銭的メリットを生みます。,家計が安定する日まで,,65,6,支出項目を1つ精査する
TRANSIT_SUN,NATAL_MERCURY,0,Love,4,Fire,0,Separating,言葉による意思疎通を大切に。,理解が深まる日まで,,70,7,相手の話を最後まで聞く
TRANSIT_SUN,NATAL_MERCURY,0,Health,4,Fire,0,Separating,健康情報を収集し、習慣に取り入れましょう。,体調が整う日まで,,75,9,最新の健康習慣を1つ試す
TRANSIT_SUN,NATAL_MERCURY,0,General,4,Fire,1,Applying,家庭や環境を論理的に整える時です。,知恵が定着する日まで,,80,8,家族との連絡方法を見直す
TRANSIT_SUN,NATAL_MERCURY,0,Work,4,Fire,1,Applying,実務的な精度を高めましょう。,評価が高まる日まで,,75,7,ミスがないかダブルチェックする
TRANSIT_SUN,NATAL_MERCURY,0,Money,4,Fire,1,Applying,情報の取捨選択が金銭的メリットを生みます。,家計が安定する日まで,,65,6,支出項目を1つ精査する
TRANSIT_SUN,NATAL_MERCURY,0,Love,4,Fire,1,Applying,言葉による意思疎通を大切に。,理解が深まる日まで,,70,7,相手の話を最後まで聞く
TRANSIT_SUN,NATAL_MERCURY,0,Health,4,Fire,1,Applying,健康情報を収集し、習慣に取り入れましょう。,体調が整う日まで,,75,9,最新の健康習慣を1つ試す
TRANSIT_SUN,NATAL_MERCURY,0,General,4,Fire,1,Separating,家庭や環境を論理的に整える時です。,知恵が定着する日まで,,80,8,家族との連絡方法を見直す
TRANSIT_SUN,NATAL_MERCURY,0,Work,4,Fire,1,Separating,実務的な精度を高めましょう。,評価が高まる日まで,,75,7,ミスがないかダブルチェックする
TRANSIT_SUN,NATAL_MERCURY,0,Money,4,Fire,1,Separating,情報の取捨選択が金銭的メリットを生みます。,家計が安定する日まで,,65,6,支出項目を1つ精査する
TRANSIT_SUN,NATAL_MERCURY,0,Love,4,Fire,1,Separating,言葉による意思疎通を大切に。,理解が深まる日まで,,70,7,相手の話を最後まで聞く
TRANSIT_SUN,NATAL_MERCURY,0,Health,4,Fire,1,Separating,健康情報を収集し、習慣に取り入れましょう。,体調が整う日まで,,75,9,最新の健康習慣を1つ試す
TRANSIT_SUN,NATAL_MERCURY,0,General,4,Earth,0,Applying,家庭や環境を論理的に整える時です。,知恵が定着する日まで,,80,8,家族との連絡方法を見直す
TRANSIT_SUN,NATAL_MERCURY,0,Work,4,Earth,0,Applying,実務的な精度を高めましょう。,評価が高まる日まで,,75,7,ミスがないかダブルチェックする
TRANSIT_SUN,NATAL_MERCURY,0,Money,4,Earth,0,Applying,情報の取捨選択が金銭的メリットを生みます。,家計が安定する日まで,,65,6,支出項目を1つ精査する
TRANSIT_SUN,NATAL_MERCURY,0,Love,4,Earth,0,Applying,言葉による意思疎通を大切に。,理解が深まる日まで,,70,7,相手の話を最後まで聞く
TRANSIT_SUN,NATAL_MERCURY,0,Health,4,Earth,0,Applying,健康情報を収集し、習慣に取り入れましょう。,体調が整う日まで,,75,9,最新の健康習慣を1つ試す
TRANSIT_SUN,NATAL_MERCURY,0,General,4,Earth,0,Separating,家庭や環境を論理的に整える時です。,知恵が定着する日まで,,80,8,家族との連絡方法を見直す
TRANSIT_SUN,NATAL_MERCURY,0,Work,4,Earth,0,Separating,実務的な精度を高めましょう。,評価が高まる日まで,,75,7,ミスがないかダブルチェックする
TRANSIT_SUN,NATAL_MERCURY,0,Money,4,Earth,0,Separating,情報の取捨選択が金銭的メリットを生みます。,家計が安定する日まで,,65,6,支出項目を1つ精査する
TRANSIT_SUN,NATAL_MERCURY,0,Love,4,Earth,0,Separating,言葉による意思疎通を大切に。,理解が深まる日まで,,70,7,相手の話を最後まで聞く
TRANSIT_SUN,NATAL_MERCURY,0,Health,4,Earth,0,Separating,健康情報を収集し、習慣に取り入れましょう。,体調が整う日まで,,75,9,最新の健康習慣を1つ試す
TRANSIT_SUN,NATAL_MERCURY,0,General,4,Earth,1,Applying,家庭や環境を論理的に整える時です。,知恵が定着する日まで,,80,8,家族との連絡方法を見直す
TRANSIT_SUN,NATAL_MERCURY,0,Work,4,Earth,1,Applying,実務的な精度を高めましょう。,評価が高まる日まで,,75,7,ミスがないかダブルチェックする
TRANSIT_SUN,NATAL_MERCURY,0,Money,4,Earth,1,Applying,情報の取捨選択が金銭的メリットを生みます。,家計が安定する日まで,,65,6,支出項目を1つ精査する
TRANSIT_SUN,NATAL_MERCURY,0,Love,4,Earth,1,Applying,言葉による意思疎通を大切に。,理解が深まる日まで,,70,7,相手の話を最後まで聞く
TRANSIT_SUN,NATAL_MERCURY,0,Health,4,Earth,1,Applying,健康情報を収集し、習慣に取り入れましょう。,体調が整う日まで,,75,9,最新の健康習慣を1つ試す
TRANSIT_SUN,NATAL_MERCURY,0,General,4,Earth,1,Separating,家庭や環境を論理的に整える時です。,知恵が定着する日まで,,80,8,家族との連絡方法を見直す
TRANSIT_SUN,NATAL_MERCURY,0,Work,4,Earth,1,Separating,実務的な精度を高めましょう。,評価が高まる日まで,,75,7,ミスがないかダブルチェックする
TRANSIT_SUN,NATAL_MERCURY,0,Money,4,Earth,1,Separating,情報の取捨選択が金銭的メリットを生みます。,家計が安定する日まで,,65,6,支出項目を1つ精査する
TRANSIT_SUN,NATAL_MERCURY,0,Love,4,Earth,1,Separating,言葉による意思疎通を大切に。,理解が深まる日まで,,70,7,相手の話を最後まで聞く
TRANSIT_SUN,NATAL_MERCURY,0,Health,4,Earth,1,Separating,健康情報を収集し、習慣に取り入れましょう。,体調が整う日まで,,75,9,最新の健康習慣を1つ試す
TRANSIT_SUN,NATAL_MERCURY,0,General,4,Air,0,Applying,家庭や環境を論理的に整える時です。,知恵が定着する日まで,,80,8,家族との連絡方法を見直す
TRANSIT_SUN,NATAL_MERCURY,0,Work,4,Air,0,Applying,実務的な精度を高めましょう。,評価が高まる日まで,,75,7,ミスがないかダブルチェックする
TRANSIT_SUN,NATAL_MERCURY,0,Money,4,Air,0,Applying,情報の取捨選択が金銭的メリットを生みます。,家計が安定する日まで,,65,6,支出項目を1つ精査する
TRANSIT_SUN,NATAL_MERCURY,0,Love,4,Air,0,Applying,言葉による意思疎通を大切に。,理解が深まる日まで,,70,7,相手の話を最後まで聞く
TRANSIT_SUN,NATAL_MERCURY,0,Health,4,Air,0,Applying,健康情報を収集し、習慣に取り入れましょう。,体調が整う日まで,,75,9,最新の健康習慣を1つ試す
TRANSIT_SUN,NATAL_MERCURY,0,General,4,Air,0,Separating,家庭や環境を論理的に整える時です。,知恵が定着する日まで,,80,8,家族との連絡方法を見直す
TRANSIT_SUN,NATAL_MERCURY,0,Work,4,Air,0,Separating,実務的な精度を高めましょう。,評価が高まる日まで,,75,7,ミスがないかダブルチェックする
TRANSIT_SUN,NATAL_MERCURY,0,Money,4,Air,0,Separating,情報の取捨選択が金銭的メリットを生みます。,家計が安定する日まで,,65,6,支出項目を1つ精査する
TRANSIT_SUN,NATAL_MERCURY,0,Love,4,Air,0,Separating,言葉による意思疎通を大切に。,理解が深まる日まで,,70,7,相手の話を最後まで聞く
TRANSIT_SUN,NATAL_MERCURY,0,Health,4,Air,0,Separating,健康情報を収集し、習慣に取り入れましょう。,体調が整う日まで,,75,9,最新の健康習慣を1つ試す
TRANSIT_SUN,NATAL_MERCURY,0,General,4,Air,1,Applying,家庭や環境を論理的に整える時です。,知恵が定着する日まで,,80,8,家族との連絡方法を見直す
TRANSIT_SUN,NATAL_MERCURY,0,Work,4,Air,1,Applying,実務的な精度を高めましょう。,評価が高まる日まで,,75,7,ミスがないかダブルチェックする
TRANSIT_SUN,NATAL_MERCURY,0,Money,4,Air,1,Applying,情報の取捨選択が金銭的メリットを生みます。,家計が安定する日まで,,65,6,支出項目を1つ精査する
TRANSIT_SUN,NATAL_MERCURY,0,Love,4,Air,1,Applying,言葉による意思疎通を大切に。,理解が深まる日まで,,70,7,相手の話を最後まで聞く
TRANSIT_SUN,NATAL_MERCURY,0,Health,4,Air,1,Applying,健康情報を収集し、習慣に取り入れましょう。,体調が整う日まで,,75,9,最新の健康習慣を1つ試す
TRANSIT_SUN,NATAL_MERCURY,0,General,4,Air,1,Separating,家庭や環境を論理的に整える時です。,知恵が定着する日まで,,80,8,家族との連絡方法を見直す
TRANSIT_SUN,NATAL_MERCURY,0,Work,4,Air,1,Separating,実務的な精度を高めましょう。,評価が高まる日まで,,75,7,ミスがないかダブルチェックする
TRANSIT_SUN,NATAL_MERCURY,0,Money,4,Air,1,Separating,情報の取捨選択が金銭的メリットを生みます。,家計が安定する日まで,,65,6,支出項目を1つ精査する
TRANSIT_SUN,NATAL_MERCURY,0,Love,4,Air,1,Separating,言葉による意思疎通を大切に。,理解が深まる日まで,,70,7,相手の話を最後まで聞く
TRANSIT_SUN,NATAL_MERCURY,0,Health,4,Air,1,Separating,健康情報を収集し、習慣に取り入れましょう。,体調が整う日まで,,75,9,最新の健康習慣を1つ試す
TRANSIT_SUN,NATAL_MERCURY,0,General,4,Water,0,Applying,家庭や環境を論理的に整える時です。,知恵が定着する日まで,,80,8,家族との連絡方法を見直す
TRANSIT_SUN,NATAL_MERCURY,0,Work,4,Water,0,Applying,実務的な精度を高めましょう。,評価が高まる日まで,,75,7,ミスがないかダブルチェックする
TRANSIT_SUN,NATAL_MERCURY,0,Money,4,Water,0,Applying,情報の取捨選択が金銭的メリットを生みます。,家計が安定する日まで,,65,6,支出項目を1つ精査する
TRANSIT_SUN,NATAL_MERCURY,0,Love,4,Water,0,Applying,言葉による意思疎通を大切に。,理解が深まる日まで,,70,7,相手の話を最後まで聞く
TRANSIT_SUN,NATAL_MERCURY,0,Health,4,Water,0,Applying,健康情報を収集し、習慣に取り入れましょう。,体調が整う日まで,,75,9,最新の健康習慣を1つ試す
TRANSIT_SUN,NATAL_MERCURY,0,General,4,Water,0,Separating,家庭や環境を論理的に整える時です。,知恵が定着する日まで,,80,8,家族との連絡方法を見直す
TRANSIT_SUN,NATAL_MERCURY,0,Work,4,Water,0,Separating,実務的な精度を高めましょう。,評価が高まる日まで,,75,7,ミスがないかダブルチェックする
TRANSIT_SUN,NATAL_MERCURY,0,Money,4,Water,0,Separating,情報の取捨選択が金銭的メリットを生みます。,家計が安定する日まで,,65,6,支出項目を1つ精査する
TRANSIT_SUN,NATAL_MERCURY,0,Love,4,Water,0,Separating,言葉による意思疎通を大切に。,理解が深まる日まで,,70,7,相手の話を最後まで聞く
TRANSIT_SUN,NATAL_MERCURY,0,Health,4,Water,0,Separating,健康情報を収集し、習慣に取り入れましょう。,体調が整う日まで,,75,9,最新の健康習慣を1つ試す
TRANSIT_SUN,NATAL_MERCURY,0,General,4,Water,1,Applying,家庭や環境を論理的に整える時です。,知恵が定着する日まで,,80,8,家族との連絡方法を見直す
TRANSIT_SUN,NATAL_MERCURY,0,Work,4,Water,1,Applying,実務的な精度を高めましょう。,評価が高まる日まで,,75,7,ミスがないかダブルチェックする
TRANSIT_SUN,NATAL_MERCURY,0,Money,4,Water,1,Applying,情報の取捨選択が金銭的メリットを生みます。,家計が安定する日まで,,65,6,支出項目を1つ精査する
TRANSIT_SUN,NATAL_MERCURY,0,Love,4,Water,1,Applying,言葉による意思疎通を大切に。,理解が深まる日まで,,70,7,相手の話を最後まで聞く
TRANSIT_SUN,NATAL_MERCURY,0,Health,4,Water,1,Applying,健康情報を収集し、習慣に取り入れましょう。,体調が整う日まで,,75,9,最新の健康習慣を1つ試す
TRANSIT_SUN,NATAL_MERCURY,0,General,4,Water,1,Separating,家庭や環境を論理的に整える時です。,知恵が定着する日まで,,80,8,家族との連絡方法を見直す
TRANSIT_SUN,NATAL_MERCURY,0,Work,4,Water,1,Separating,実務的な精度を高めましょう。,評価が高まる日まで,,75,7,ミスがないかダブルチェックする
TRANSIT_SUN,NATAL_MERCURY,0,Money,4,Water,1,Separating,情報の取捨選択が金銭的メリットを生みます。,家計が安定する日まで,,65,6,支出項目を1つ精査する
TRANSIT_SUN,NATAL_MERCURY,0,Love,4,Water,1,Separating,言葉による意思疎通を大切に。,理解が深まる日まで,,70,7,相手の話を最後まで聞く
TRANSIT_SUN,NATAL_MERCURY,0,Health,4,Water,1,Separating,健康情報を収集し、習慣に取り入れましょう。,体調が整う日まで,,75,9,最新の健康習慣を1つ試す
TRANSIT_SUN,NATAL_MERCURY,0,General,5,Fire,0,Applying,知的な楽しみや表現が評価される時期です。,知恵が定着する日まで,,80,8,新しい趣味の計画を立てる
TRANSIT_SUN,NATAL_MERCURY,0,Work,5,Fire,0,Applying,実務的な精度を高めましょう。,評価が高まる日まで,,75,7,ミスがないかダブルチェックする
TRANSIT_SUN,NATAL_MERCURY,0,Money,5,Fire,0,Applying,情報の取捨選択が金銭的メリットを生みます。,家計が安定する日まで,,65,6,支出項目を1つ精査する
TRANSIT_SUN,NATAL_MERCURY,0,Love,5,Fire,0,Applying,言葉による意思疎通を大切に。,理解が深まる日まで,,70,7,相手の話を最後まで聞く
TRANSIT_SUN,NATAL_MERCURY,0,Health,5,Fire,0,Applying,健康情報を収集し、習慣に取り入れましょう。,体調が整う日まで,,75,9,最新の健康習慣を1つ試す
TRANSIT_SUN,NATAL_MERCURY,0,General,5,Fire,0,Separating,知的な楽しみや表現が評価される時期です。,知恵が定着する日まで,,80,8,新しい趣味の計画を立てる
TRANSIT_SUN,NATAL_MERCURY,0,Work,5,Fire,0,Separating,実務的な精度を高めましょう。,評価が高まる日まで,,75,7,ミスがないかダブルチェックする
TRANSIT_SUN,NATAL_MERCURY,0,Money,5,Fire,0,Separating,情報の取捨選択が金銭的メリットを生みます。,家計が安定する日まで,,65,6,支出項目を1つ精査する
TRANSIT_SUN,NATAL_MERCURY,0,Love,5,Fire,0,Separating,言葉による意思疎通を大切に。,理解が深まる日まで,,70,7,相手の話を最後まで聞く
TRANSIT_SUN,NATAL_MERCURY,0,Health,5,Fire,0,Separating,健康情報を収集し、習慣に取り入れましょう。,体調が整う日まで,,75,9,最新の健康習慣を1つ試す
TRANSIT_SUN,NATAL_MERCURY,0,General,5,Fire,1,Applying,知的な楽しみや表現が評価される時期です。,知恵が定着する日まで,,80,8,新しい趣味の計画を立てる
TRANSIT_SUN,NATAL_MERCURY,0,Work,5,Fire,1,Applying,実務的な精度を高めましょう。,評価が高まる日まで,,75,7,ミスがないかダブルチェックする
TRANSIT_SUN,NATAL_MERCURY,0,Money,5,Fire,1,Applying,情報の取捨選択が金銭的メリットを生みます。,家計が安定する日まで,,65,6,支出項目を1つ精査する
TRANSIT_SUN,NATAL_MERCURY,0,Love,5,Fire,1,Applying,言葉による意思疎通を大切に。,理解が深まる日まで,,70,7,相手の話を最後まで聞く
TRANSIT_SUN,NATAL_MERCURY,0,Health,5,Fire,1,Applying,健康情報を収集し、習慣に取り入れましょう。,体調が整う日まで,,75,9,最新の健康習慣を1つ試す
TRANSIT_SUN,NATAL_MERCURY,0,General,5,Fire,1,Separating,知的な楽しみや表現が評価される時期です。,知恵が定着する日まで,,80,8,新しい趣味の計画を立てる
TRANSIT_SUN,NATAL_MERCURY,0,Work,5,Fire,1,Separating,実務的な精度を高めましょう。,評価が高まる日まで,,75,7,ミスがないかダブルチェックする
TRANSIT_SUN,NATAL_MERCURY,0,Money,5,Fire,1,Separating,情報の取捨選択が金銭的メリットを生みます。,家計が安定する日まで,,65,6,支出項目を1つ精査する
TRANSIT_SUN,NATAL_MERCURY,0,Love,5,Fire,1,Separating,言葉による意思疎通を大切に。,理解が深まる日まで,,70,7,相手の話を最後まで聞く
TRANSIT_SUN,NATAL_MERCURY,0,Health,5,Fire,1,Separating,健康情報を収集し、習慣に取り入れましょう。,体調が整う日まで,,75,9,最新の健康習慣を1つ試す
TRANSIT_SUN,NATAL_MERCURY,0,General,5,Earth,0,Applying,知的な楽しみや表現が評価される時期です。,知恵が定着する日まで,,80,8,新しい趣味の計画を立てる
TRANSIT_SUN,NATAL_MERCURY,0,Work,5,Earth,0,Applying,実務的な精度を高めましょう。,評価が高まる日まで,,75,7,ミスがないかダブルチェックする
TRANSIT_SUN,NATAL_MERCURY,0,Money,5,Earth,0,Applying,情報の取捨選択が金銭的メリットを生みます。,家計が安定する日まで,,65,6,支出項目を1つ精査する
TRANSIT_SUN,NATAL_MERCURY,0,Love,5,Earth,0,Applying,言葉による意思疎通を大切に。,理解が深まる日まで,,70,7,相手の話を最後まで聞く
TRANSIT_SUN,NATAL_MERCURY,0,Health,5,Earth,0,Applying,健康情報を収集し、習慣に取り入れましょう。,体調が整う日まで,,75,9,最新の健康習慣を1つ試す
TRANSIT_SUN,NATAL_MERCURY,0,General,5,Earth,0,Separating,知的な楽しみや表現が評価される時期です。,知恵が定着する日まで,,80,8,新しい趣味の計画を立てる
TRANSIT_SUN,NATAL_MERCURY,0,Work,5,Earth,0,Separating,実務的な精度を高めましょう。,評価が高まる日まで,,75,7,ミスがないかダブルチェックする
TRANSIT_SUN,NATAL_MERCURY,0,Money,5,Earth,0,Separating,情報の取捨選択が金銭的メリットを生みます。,家計が安定する日まで,,65,6,支出項目を1つ精査する
TRANSIT_SUN,NATAL_MERCURY,0,Love,5,Earth,0,Separating,言葉による意思疎通を大切に。,理解が深まる日まで,,70,7,相手の話を最後まで聞く
TRANSIT_SUN,NATAL_MERCURY,0,Health,5,Earth,0,Separating,健康情報を収集し、習慣に取り入れましょう。,体調が整う日まで,,75,9,最新の健康習慣を1つ試す
TRANSIT_SUN,NATAL_MERCURY,0,General,5,Earth,1,Applying,知的な楽しみや表現が評価される時期です。,知恵が定着する日まで,,80,8,新しい趣味の計画を立てる
TRANSIT_SUN,NATAL_MERCURY,0,Work,5,Earth,1,Applying,実務的な精度を高めましょう。,評価が高まる日まで,,75,7,ミスがないかダブルチェックする
TRANSIT_SUN,NATAL_MERCURY,0,Money,5,Earth,1,Applying,情報の取捨選択が金銭的メリットを生みます。,家計が安定する日まで,,65,6,支出項目を1つ精査する
TRANSIT_SUN,NATAL_MERCURY,0,Love,5,Earth,1,Applying,言葉による意思疎通を大切に。,理解が深まる日まで,,70,7,相手の話を最後まで聞く
TRANSIT_SUN,NATAL_MERCURY,0,Health,5,Earth,1,Applying,健康情報を収集し、習慣に取り入れましょう。,体調が整う日まで,,75,9,最新の健康習慣を1つ試す
TRANSIT_SUN,NATAL_MERCURY,0,General,5,Earth,1,Separating,知的な楽しみや表現が評価される時期です。,知恵が定着する日まで,,80,8,新しい趣味の計画を立てる
TRANSIT_SUN,NATAL_MERCURY,0,Work,5,Earth,1,Separating,実務的な精度を高めましょう。,評価が高まる日まで,,75,7,ミスがないかダブルチェックする
TRANSIT_SUN,NATAL_MERCURY,0,Money,5,Earth,1,Separating,情報の取捨選択が金銭的メリットを生みます。,家計が安定する日まで,,65,6,支出項目を1つ精査する
TRANSIT_SUN,NATAL_MERCURY,0,Love,5,Earth,1,Separating,言葉による意思疎通を大切に。,理解が深まる日まで,,70,7,相手の話を最後まで聞く
TRANSIT_SUN,NATAL_MERCURY,0,Health,5,Earth,1,Separating,健康情報を収集し、習慣に取り入れましょう。,体調が整う日まで,,75,9,最新の健康習慣を1つ試す
TRANSIT_SUN,NATAL_MERCURY,0,General,5,Air,0,Applying,知的な楽しみや表現が評価される時期です。,知恵が定着する日まで,,80,8,新しい趣味の計画を立てる
TRANSIT_SUN,NATAL_MERCURY,0,Work,5,Air,0,Applying,実務的な精度を高めましょう。,評価が高まる日まで,,75,7,ミスがないかダブルチェックする
TRANSIT_SUN,NATAL_MERCURY,0,Money,5,Air,0,Applying,情報の取捨選択が金銭的メリットを生みます。,家計が安定する日まで,,65,6,支出項目を1つ精査する
TRANSIT_SUN,NATAL_MERCURY,0,Love,5,Air,0,Applying,言葉による意思疎通を大切に。,理解が深まる日まで,,70,7,相手の話を最後まで聞く
TRANSIT_SUN,NATAL_MERCURY,0,Health,5,Air,0,Applying,健康情報を収集し、習慣に取り入れましょう。,体調が整う日まで,,75,9,最新の健康習慣を1つ試す
TRANSIT_SUN,NATAL_MERCURY,0,General,5,Air,0,Separating,知的な楽しみや表現が評価される時期です。,知恵が定着する日まで,,80,8,新しい趣味の計画を立てる
TRANSIT_SUN,NATAL_MERCURY,0,Work,5,Air,0,Separating,実務的な精度を高めましょう。,評価が高まる日まで,,75,7,ミスがないかダブルチェックする
TRANSIT_SUN,NATAL_MERCURY,0,Money,5,Air,0,Separating,情報の取捨選択が金銭的メリットを生みます。,家計が安定する日まで,,65,6,支出項目を1つ精査する
TRANSIT_SUN,NATAL_MERCURY,0,Love,5,Air,0,Separating,言葉による意思疎通を大切に。,理解が深まる日まで,,70,7,相手の話を最後まで聞く
TRANSIT_SUN,NATAL_MERCURY,0,Health,5,Air,0,Separating,健康情報を収集し、習慣に取り入れましょう。,体調が整う日まで,,75,9,最新の健康習慣を1つ試す
TRANSIT_SUN,NATAL_MERCURY,0,General,5,Air,1,Applying,知的な楽しみや表現が評価される時期です。,知恵が定着する日まで,,80,8,新しい趣味の計画を立てる
TRANSIT_SUN,NATAL_MERCURY,0,Work,5,Air,1,Applying,実務的な精度を高めましょう。,評価が高まる日まで,,75,7,ミスがないかダブルチェックする
TRANSIT_SUN,NATAL_MERCURY,0,Money,5,Air,1,Applying,情報の取捨選択が金銭的メリットを生みます。,家計が安定する日まで,,65,6,支出項目を1つ精査する
TRANSIT_SUN,NATAL_MERCURY,0,Love,5,Air,1,Applying,言葉による意思疎通を大切に。,理解が深まる日まで,,70,7,相手の話を最後まで聞く
TRANSIT_SUN,NATAL_MERCURY,0,Health,5,Air,1,Applying,健康情報を収集し、習慣に取り入れましょう。,体調が整う日まで,,75,9,最新の健康習慣を1つ試す
TRANSIT_SUN,NATAL_MERCURY,0,General,5,Air,1,Separating,知的な楽しみや表現が評価される時期です。,知恵が定着する日まで,,80,8,新しい趣味の計画を立てる
TRANSIT_SUN,NATAL_MERCURY,0,Work,5,Air,1,Separating,実務的な精度を高めましょう。,評価が高まる日まで,,75,7,ミスがないかダブルチェックする
TRANSIT_SUN,NATAL_MERCURY,0,Money,5,Air,1,Separating,情報の取捨選択が金銭的メリットを生みます。,家計が安定する日まで,,65,6,支出項目を1つ精査する
TRANSIT_SUN,NATAL_MERCURY,0,Love,5,Air,1,Separating,言葉による意思疎通を大切に。,理解が深まる日まで,,70,7,相手の話を最後まで聞く
TRANSIT_SUN,NATAL_MERCURY,0,Health,5,Air,1,Separating,健康情報を収集し、習慣に取り入れましょう。,体調が整う日まで,,75,9,最新の健康習慣を1つ試す
TRANSIT_SUN,NATAL_MERCURY,0,General,5,Water,0,Applying,知的な楽しみや表現が評価される時期です。,知恵が定着する日まで,,80,8,新しい趣味の計画を立てる
TRANSIT_SUN,NATAL_MERCURY,0,Work,5,Water,0,Applying,実務的な精度を高めましょう。,評価が高まる日まで,,75,7,ミスがないかダブルチェックする
TRANSIT_SUN,NATAL_MERCURY,0,Money,5,Water,0,Applying,情報の取捨選択が金銭的メリットを生みます。,家計が安定する日まで,,65,6,支出項目を1つ精査する
TRANSIT_SUN,NATAL_MERCURY,0,Love,5,Water,0,Applying,言葉による意思疎通を大切に。,理解が深まる日まで,,70,7,相手の話を最後まで聞く
TRANSIT_SUN,NATAL_MERCURY,0,Health,5,Water,0,Applying,健康情報を収集し、習慣に取り入れましょう。,体調が整う日まで,,75,9,最新の健康習慣を1つ試す
TRANSIT_SUN,NATAL_MERCURY,0,General,5,Water,0,Separating,知的な楽しみや表現が評価される時期です。,知恵が定着する日まで,,80,8,新しい趣味の計画を立てる
TRANSIT_SUN,NATAL_MERCURY,0,Work,5,Water,0,Separating,実務的な精度を高めましょう。,評価が高まる日まで,,75,7,ミスがないかダブルチェックする
TRANSIT_SUN,NATAL_MERCURY,0,Money,5,Water,0,Separating,情報の取捨選択が金銭的メリットを生みます。,家計が安定する日まで,,65,6,支出項目を1つ精査する
TRANSIT_SUN,NATAL_MERCURY,0,Love,5,Water,0,Separating,言葉による意思疎通を大切に。,理解が深まる日まで,,70,7,相手の話を最後まで聞く
TRANSIT_SUN,NATAL_MERCURY,0,Health,5,Water,0,Separating,健康情報を収集し、習慣に取り入れましょう。,体調が整う日まで,,75,9,最新の健康習慣を1つ試す
TRANSIT_SUN,NATAL_MERCURY,0,General,5,Water,1,Applying,知的な楽しみや表現が評価される時期です。,知恵が定着する日まで,,80,8,新しい趣味の計画を立てる
TRANSIT_SUN,NATAL_MERCURY,0,Work,5,Water,1,Applying,実務的な精度を高めましょう。,評価が高まる日まで,,75,7,ミスがないかダブルチェックする
TRANSIT_SUN,NATAL_MERCURY,0,Money,5,Water,1,Applying,情報の取捨選択が金銭的メリットを生みます。,家計が安定する日まで,,65,6,支出項目を1つ精査する
TRANSIT_SUN,NATAL_MERCURY,0,Love,5,Water,1,Applying,言葉による意思疎通を大切に。,理解が深まる日まで,,70,7,相手の話を最後まで聞く
TRANSIT_SUN,NATAL_MERCURY,0,Health,5,Water,1,Applying,健康情報を収集し、習慣に取り入れましょう。,体調が整う日まで,,75,9,最新の健康習慣を1つ試す
TRANSIT_SUN,NATAL_MERCURY,0,General,5,Water,1,Separating,知的な楽しみや表現が評価される時期です。,知恵が定着する日まで,,80,8,新しい趣味の計画を立てる
TRANSIT_SUN,NATAL_MERCURY,0,Work,5,Water,1,Separating,実務的な精度を高めましょう。,評価が高まる日まで,,75,7,ミスがないかダブルチェックする
TRANSIT_SUN,NATAL_MERCURY,0,Money,5,Water,1,Separating,情報の取捨選択が金銭的メリットを生みます。,家計が安定する日まで,,65,6,支出項目を1つ精査する
TRANSIT_SUN,NATAL_MERCURY,0,Love,5,Water,1,Separating,言葉による意思疎通を大切に。,理解が深まる日まで,,70,7,相手の話を最後まで聞く
TRANSIT_SUN,NATAL_MERCURY,0,Health,5,Water,1,Separating,健康情報を収集し、習慣に取り入れましょう。,体調が整う日まで,,75,9,最新の健康習慣を1つ試す
TRANSIT_SUN,NATAL_MERCURY,0,General,6,Fire,0,Applying,実務の効率化と健康管理に最適な時期です。,知恵が定着する日まで,,80,8,業務マニュアルを更新する
TRANSIT_SUN,NATAL_MERCURY,0,Work,6,Fire,0,Applying,実務的な精度を高めましょう。,評価が高まる日まで,,75,7,ミスがないかダブルチェックする
TRANSIT_SUN,NATAL_MERCURY,0,Money,6,Fire,0,Applying,情報の取捨選択が金銭的メリットを生みます。,家計が安定する日まで,,65,6,支出項目を1つ精査する
TRANSIT_SUN,NATAL_MERCURY,0,Love,6,Fire,0,Applying,言葉による意思疎通を大切に。,理解が深まる日まで,,70,7,相手の話を最後まで聞く
TRANSIT_SUN,NATAL_MERCURY,0,Health,6,Fire,0,Applying,健康情報を収集し、習慣に取り入れましょう。,体調が整う日まで,,75,9,最新の健康習慣を1つ試す
TRANSIT_SUN,NATAL_MERCURY,0,General,6,Fire,0,Separating,実務の効率化と健康管理に最適な時期です。,知恵が定着する日まで,,80,8,業務マニュアルを更新する
TRANSIT_SUN,NATAL_MERCURY,0,Work,6,Fire,0,Separating,実務的な精度を高めましょう。,評価が高まる日まで,,75,7,ミスがないかダブルチェックする
TRANSIT_SUN,NATAL_MERCURY,0,Money,6,Fire,0,Separating,情報の取捨選択が金銭的メリットを生みます。,家計が安定する日まで,,65,6,支出項目を1つ精査する
TRANSIT_SUN,NATAL_MERCURY,0,Love,6,Fire,0,Separating,言葉による意思疎通を大切に。,理解が深まる日まで,,70,7,相手の話を最後まで聞く
TRANSIT_SUN,NATAL_MERCURY,0,Health,6,Fire,0,Separating,健康情報を収集し、習慣に取り入れましょう。,体調が整う日まで,,75,9,最新の健康習慣を1つ試す
TRANSIT_SUN,NATAL_MERCURY,0,General,6,Fire,1,Applying,実務の効率化と健康管理に最適な時期です。,知恵が定着する日まで,,80,8,業務マニュアルを更新する
TRANSIT_SUN,NATAL_MERCURY,0,Work,6,Fire,1,Applying,実務的な精度を高めましょう。,評価が高まる日まで,,75,7,ミスがないかダブルチェックする
TRANSIT_SUN,NATAL_MERCURY,0,Money,6,Fire,1,Applying,情報の取捨選択が金銭的メリットを生みます。,家計が安定する日まで,,65,6,支出項目を1つ精査する
TRANSIT_SUN,NATAL_MERCURY,0,Love,6,Fire,1,Applying,言葉による意思疎通を大切に。,理解が深まる日まで,,70,7,相手の話を最後まで聞く
TRANSIT_SUN,NATAL_MERCURY,0,Health,6,Fire,1,Applying,健康情報を収集し、習慣に取り入れましょう。,体調が整う日まで,,75,9,最新の健康習慣を1つ試す
TRANSIT_SUN,NATAL_MERCURY,0,General,6,Fire,1,Separating,実務の効率化と健康管理に最適な時期です。,知恵が定着する日まで,,80,8,業務マニュアルを更新する
TRANSIT_SUN,NATAL_MERCURY,0,Work,6,Fire,1,Separating,実務的な精度を高めましょう。,評価が高まる日まで,,75,7,ミスがないかダブルチェックする
TRANSIT_SUN,NATAL_MERCURY,0,Money,6,Fire,1,Separating,情報の取捨選択が金銭的メリットを生みます。,家計が安定する日まで,,65,6,支出項目を1つ精査する
TRANSIT_SUN,NATAL_MERCURY,0,Love,6,Fire,1,Separating,言葉による意思疎通を大切に。,理解が深まる日まで,,70,7,相手の話を最後まで聞く
TRANSIT_SUN,NATAL_MERCURY,0,Health,6,Fire,1,Separating,健康情報を収集し、習慣に取り入れましょう。,体調が整う日まで,,75,9,最新の健康習慣を1つ試す
TRANSIT_SUN,NATAL_MERCURY,0,General,6,Earth,0,Applying,実務の効率化と健康管理に最適な時期です。,知恵が定着する日まで,,80,8,業務マニュアルを更新する
TRANSIT_SUN,NATAL_MERCURY,0,Work,6,Earth,0,Applying,実務的な精度を高めましょう。,評価が高まる日まで,,75,7,ミスがないかダブルチェックする
TRANSIT_SUN,NATAL_MERCURY,0,Money,6,Earth,0,Applying,情報の取捨選択が金銭的メリットを生みます。,家計が安定する日まで,,65,6,支出項目を1つ精査する
TRANSIT_SUN,NATAL_MERCURY,0,Love,6,Earth,0,Applying,言葉による意思疎通を大切に。,理解が深まる日まで,,70,7,相手の話を最後まで聞く
TRANSIT_SUN,NATAL_MERCURY,0,Health,6,Earth,0,Applying,健康情報を収集し、習慣に取り入れましょう。,体調が整う日まで,,75,9,最新の健康習慣を1つ試す
TRANSIT_SUN,NATAL_MERCURY,0,General,6,Earth,0,Separating,実務の効率化と健康管理に最適な時期です。,知恵が定着する日まで,,80,8,業務マニュアルを更新する
TRANSIT_SUN,NATAL_MERCURY,0,Work,6,Earth,0,Separating,実務的な精度を高めましょう。,評価が高まる日まで,,75,7,ミスがないかダブルチェックする
TRANSIT_SUN,NATAL_MERCURY,0,Money,6,Earth,0,Separating,情報の取捨選択が金銭的メリットを生みます。,家計が安定する日まで,,65,6,支出項目を1つ精査する
TRANSIT_SUN,NATAL_MERCURY,0,Love,6,Earth,0,Separating,言葉による意思疎通を大切に。,理解が深まる日まで,,70,7,相手の話を最後まで聞く
TRANSIT_SUN,NATAL_MERCURY,0,Health,6,Earth,0,Separating,健康情報を収集し、習慣に取り入れましょう。,体調が整う日まで,,75,9,最新の健康習慣を1つ試す
TRANSIT_SUN,NATAL_MERCURY,0,General,6,Earth,1,Applying,実務の効率化と健康管理に最適な時期です。,知恵が定着する日まで,,80,8,業務マニュアルを更新する
TRANSIT_SUN,NATAL_MERCURY,0,Work,6,Earth,1,Applying,実務的な精度を高めましょう。,評価が高まる日まで,,75,7,ミスがないかダブルチェックする
TRANSIT_SUN,NATAL_MERCURY,0,Money,6,Earth,1,Applying,情報の取捨選択が金銭的メリットを生みます。,家計が安定する日まで,,65,6,支出項目を1つ精査する
TRANSIT_SUN,NATAL_MERCURY,0,Love,6,Earth,1,Applying,言葉による意思疎通を大切に。,理解が深まる日まで,,70,7,相手の話を最後まで聞く
TRANSIT_SUN,NATAL_MERCURY,0,Health,6,Earth,1,Applying,健康情報を収集し、習慣に取り入れましょう。,体調が整う日まで,,75,9,最新の健康習慣を1つ試す
TRANSIT_SUN,NATAL_MERCURY,0,General,6,Earth,1,Separating,実務の効率化と健康管理に最適な時期です。,知恵が定着する日まで,,80,8,業務マニュアルを更新する
TRANSIT_SUN,NATAL_MERCURY,0,Work,6,Earth,1,Separating,実務的な精度を高めましょう。,評価が高まる日まで,,75,7,ミスがないかダブルチェックする
TRANSIT_SUN,NATAL_MERCURY,0,Money,6,Earth,1,Separating,情報の取捨選択が金銭的メリットを生みます。,家計が安定する日まで,,65,6,支出項目を1つ精査する
TRANSIT_SUN,NATAL_MERCURY,0,Love,6,Earth,1,Separating,言葉による意思疎通を大切に。,理解が深まる日まで,,70,7,相手の話を最後まで聞く
TRANSIT_SUN,NATAL_MERCURY,0,Health,6,Earth,1,Separating,健康情報を収集し、習慣に取り入れましょう。,体調が整う日まで,,75,9,最新の健康習慣を1つ試す
TRANSIT_SUN,NATAL_MERCURY,0,General,6,Air,0,Applying,実務の効率化と健康管理に最適な時期です。,知恵が定着する日まで,,80,8,業務マニュアルを更新する
TRANSIT_SUN,NATAL_MERCURY,0,Work,6,Air,0,Applying,実務的な精度を高めましょう。,評価が高まる日まで,,75,7,ミスがないかダブルチェックする
TRANSIT_SUN,NATAL_MERCURY,0,Money,6,Air,0,Applying,情報の取捨選択が金銭的メリットを生みます。,家計が安定する日まで,,65,6,支出項目を1つ精査する
TRANSIT_SUN,NATAL_MERCURY,0,Love,6,Air,0,Applying,言葉による意思疎通を大切に。,理解が深まる日まで,,70,7,相手の話を最後まで聞く
TRANSIT_SUN,NATAL_MERCURY,0,Health,6,Air,0,Applying,健康情報を収集し、習慣に取り入れましょう。,体調が整う日まで,,75,9,最新の健康習慣を1つ試す
TRANSIT_SUN,NATAL_MERCURY,0,General,6,Air,0,Separating,実務の効率化と健康管理に最適な時期です。,知恵が定着する日まで,,80,8,業務マニュアルを更新する
TRANSIT_SUN,NATAL_MERCURY,0,Work,6,Air,0,Separating,実務的な精度を高めましょう。,評価が高まる日まで,,75,7,ミスがないかダブルチェックする
TRANSIT_SUN,NATAL_MERCURY,0,Money,6,Air,0,Separating,情報の取捨選択が金銭的メリットを生みます。,家計が安定する日まで,,65,6,支出項目を1つ精査する
TRANSIT_SUN,NATAL_MERCURY,0,Love,6,Air,0,Separating,言葉による意思疎通を大切に。,理解が深まる日まで,,70,7,相手の話を最後まで聞く
TRANSIT_SUN,NATAL_MERCURY,0,Health,6,Air,0,Separating,健康情報を収集し、習慣に取り入れましょう。,体調が整う日まで,,75,9,最新の健康習慣を1つ試す
TRANSIT_SUN,NATAL_MERCURY,0,General,6,Air,1,Applying,実務の効率化と健康管理に最適な時期です。,知恵が定着する日まで,,80,8,業務マニュアルを更新する
TRANSIT_SUN,NATAL_MERCURY,0,Work,6,Air,1,Applying,実務的な精度を高めましょう。,評価が高まる日まで,,75,7,ミスがないかダブルチェックする
TRANSIT_SUN,NATAL_MERCURY,0,Money,6,Air,1,Applying,情報の取捨選択が金銭的メリットを生みます。,家計が安定する日まで,,65,6,支出項目を1つ精査する
TRANSIT_SUN,NATAL_MERCURY,0,Love,6,Air,1,Applying,言葉による意思疎通を大切に。,理解が深まる日まで,,70,7,相手の話を最後まで聞く
TRANSIT_SUN,NATAL_MERCURY,0,Health,6,Air,1,Applying,健康情報を収集し、習慣に取り入れましょう。,体調が整う日まで,,75,9,最新の健康習慣を1つ試す
TRANSIT_SUN,NATAL_MERCURY,0,General,6,Air,1,Separating,実務の効率化と健康管理に最適な時期です。,知恵が定着する日まで,,80,8,業務マニュアルを更新する
TRANSIT_SUN,NATAL_MERCURY,0,Work,6,Air,1,Separating,実務的な精度を高めましょう。,評価が高まる日まで,,75,7,ミスがないかダブルチェックする
TRANSIT_SUN,NATAL_MERCURY,0,Money,6,Air,1,Separating,情報の取捨選択が金銭的メリットを生みます。,家計が安定する日まで,,65,6,支出項目を1つ精査する
TRANSIT_SUN,NATAL_MERCURY,0,Love,6,Air,1,Separating,言葉による意思疎通を大切に。,理解が深まる日まで,,70,7,相手の話を最後まで聞く
TRANSIT_SUN,NATAL_MERCURY,0,Health,6,Air,1,Separating,健康情報を収集し、習慣に取り入れましょう。,体調が整う日まで,,75,9,最新の健康習慣を1つ試す
TRANSIT_SUN,NATAL_MERCURY,0,General,6,Water,0,Applying,実務の効率化と健康管理に最適な時期です。,知恵が定着する日まで,,80,8,業務マニュアルを更新する
TRANSIT_SUN,NATAL_MERCURY,0,Work,6,Water,0,Applying,実務的な精度を高めましょう。,評価が高まる日まで,,75,7,ミスがないかダブルチェックする
TRANSIT_SUN,NATAL_MERCURY,0,Money,6,Water,0,Applying,情報の取捨選択が金銭的メリットを生みます。,家計が安定する日まで,,65,6,支出項目を1つ精査する
TRANSIT_SUN,NATAL_MERCURY,0,Love,6,Water,0,Applying,言葉による意思疎通を大切に。,理解が深まる日まで,,70,7,相手の話を最後まで聞く
TRANSIT_SUN,NATAL_MERCURY,0,Health,6,Water,0,Applying,健康情報を収集し、習慣に取り入れましょう。,体調が整う日まで,,75,9,最新の健康習慣を1つ試す
TRANSIT_SUN,NATAL_MERCURY,0,General,6,Water,0,Separating,実務の効率化と健康管理に最適な時期です。,知恵が定着する日まで,,80,8,業務マニュアルを更新する
TRANSIT_SUN,NATAL_MERCURY,0,Work,6,Water,0,Separating,実務的な精度を高めましょう。,評価が高まる日まで,,75,7,ミスがないかダブルチェックする
TRANSIT_SUN,NATAL_MERCURY,0,Money,6,Water,0,Separating,情報の取捨選択が金銭的メリットを生みます。,家計が安定する日まで,,65,6,支出項目を1つ精査する
TRANSIT_SUN,NATAL_MERCURY,0,Love,6,Water,0,Separating,言葉による意思疎通を大切に。,理解が深まる日まで,,70,7,相手の話を最後まで聞く
TRANSIT_SUN,NATAL_MERCURY,0,Health,6,Water,0,Separating,健康情報を収集し、習慣に取り入れましょう。,体調が整う日まで,,75,9,最新の健康習慣を1つ試す
TRANSIT_SUN,NATAL_MERCURY,0,General,6,Water,1,Applying,実務の効率化と健康管理に最適な時期です。,知恵が定着する日まで,,80,8,業務マニュアルを更新する
TRANSIT_SUN,NATAL_MERCURY,0,Work,6,Water,1,Applying,実務的な精度を高めましょう。,評価が高まる日まで,,75,7,ミスがないかダブルチェックする
TRANSIT_SUN,NATAL_MERCURY,0,Money,6,Water,1,Applying,情報の取捨選択が金銭的メリットを生みます。,家計が安定する日まで,,65,6,支出項目を1つ精査する
TRANSIT_SUN,NATAL_MERCURY,0,Love,6,Water,1,Applying,言葉による意思疎通を大切に。,理解が深まる日まで,,70,7,相手の話を最後まで聞く
TRANSIT_SUN,NATAL_MERCURY,0,Health,6,Water,1,Applying,健康情報を収集し、習慣に取り入れましょう。,体調が整う日まで,,75,9,最新の健康習慣を1つ試す
TRANSIT_SUN,NATAL_MERCURY,0,General,6,Water,1,Separating,実務の効率化と健康管理に最適な時期です。,知恵が定着する日まで,,80,8,業務マニュアルを更新する
TRANSIT_SUN,NATAL_MERCURY,0,Work,6,Water,1,Separating,実務的な精度を高めましょう。,評価が高まる日まで,,75,7,ミスがないかダブルチェックする
TRANSIT_SUN,NATAL_MERCURY,0,Money,6,Water,1,Separating,情報の取捨選択が金銭的メリットを生みます。,家計が安定する日まで,,65,6,支出項目を1つ精査する
TRANSIT_SUN,NATAL_MERCURY,0,Love,6,Water,1,Separating,言葉による意思疎通を大切に。,理解が深まる日まで,,70,7,相手の話を最後まで聞く
TRANSIT_SUN,NATAL_MERCURY,0,Health,6,Water,1,Separating,健康情報を収集し、習慣に取り入れましょう。,体調が整う日まで,,75,9,最新の健康習慣を1つ試す
TRANSIT_SUN,NATAL_MERCURY,0,General,7,Fire,0,Applying,対人関係での交渉や対話が捗る時です。,知恵が定着する日まで,,80,8,パートナーと将来の計画を話す
TRANSIT_SUN,NATAL_MERCURY,0,Work,7,Fire,0,Applying,実務的な精度を高めましょう。,評価が高まる日まで,,75,7,ミスがないかダブルチェックする
TRANSIT_SUN,NATAL_MERCURY,0,Money,7,Fire,0,Applying,情報の取捨選択が金銭的メリットを生みます。,家計が安定する日まで,,65,6,支出項目を1つ精査する
TRANSIT_SUN,NATAL_MERCURY,0,Love,7,Fire,0,Applying,言葉による意思疎通を大切に。,理解が深まる日まで,,70,7,相手の話を最後まで聞く
TRANSIT_SUN,NATAL_MERCURY,0,Health,7,Fire,0,Applying,健康情報を収集し、習慣に取り入れましょう。,体調が整う日まで,,75,9,最新の健康習慣を1つ試す
TRANSIT_SUN,NATAL_MERCURY,0,General,7,Fire,0,Separating,対人関係での交渉や対話が捗る時です。,知恵が定着する日まで,,80,8,パートナーと将来の計画を話す
TRANSIT_SUN,NATAL_MERCURY,0,Work,7,Fire,0,Separating,実務的な精度を高めましょう。,評価が高まる日まで,,75,7,ミスがないかダブルチェックする
TRANSIT_SUN,NATAL_MERCURY,0,Money,7,Fire,0,Separating,情報の取捨選択が金銭的メリットを生みます。,家計が安定する日まで,,65,6,支出項目を1つ精査する
TRANSIT_SUN,NATAL_MERCURY,0,Love,7,Fire,0,Separating,言葉による意思疎通を大切に。,理解が深まる日まで,,70,7,相手の話を最後まで聞く
TRANSIT_SUN,NATAL_MERCURY,0,Health,7,Fire,0,Separating,健康情報を収集し、習慣に取り入れましょう。,体調が整う日まで,,75,9,最新の健康習慣を1つ試す
TRANSIT_SUN,NATAL_MERCURY,0,General,7,Fire,1,Applying,対人関係での交渉や対話が捗る時です。,知恵が定着する日まで,,80,8,パートナーと将来の計画を話す
TRANSIT_SUN,NATAL_MERCURY,0,Work,7,Fire,1,Applying,実務的な精度を高めましょう。,評価が高まる日まで,,75,7,ミスがないかダブルチェックする
TRANSIT_SUN,NATAL_MERCURY,0,Money,7,Fire,1,Applying,情報の取捨選択が金銭的メリットを生みます。,家計が安定する日まで,,65,6,支出項目を1つ精査する
TRANSIT_SUN,NATAL_MERCURY,0,Love,7,Fire,1,Applying,言葉による意思疎通を大切に。,理解が深まる日まで,,70,7,相手の話を最後まで聞く
TRANSIT_SUN,NATAL_MERCURY,0,Health,7,Fire,1,Applying,健康情報を収集し、習慣に取り入れましょう。,体調が整う日まで,,75,9,最新の健康習慣を1つ試す
TRANSIT_SUN,NATAL_MERCURY,0,General,7,Fire,1,Separating,対人関係での交渉や対話が捗る時です。,知恵が定着する日まで,,80,8,パートナーと将来の計画を話す
TRANSIT_SUN,NATAL_MERCURY,0,Work,7,Fire,1,Separating,実務的な精度を高めましょう。,評価が高まる日まで,,75,7,ミスがないかダブルチェックする
TRANSIT_SUN,NATAL_MERCURY,0,Money,7,Fire,1,Separating,情報の取捨選択が金銭的メリットを生みます。,家計が安定する日まで,,65,6,支出項目を1つ精査する
TRANSIT_SUN,NATAL_MERCURY,0,Love,7,Fire,1,Separating,言葉による意思疎通を大切に。,理解が深まる日まで,,70,7,相手の話を最後まで聞く
TRANSIT_SUN,NATAL_MERCURY,0,Health,7,Fire,1,Separating,健康情報を収集し、習慣に取り入れましょう。,体調が整う日まで,,75,9,最新の健康習慣を1つ試す
TRANSIT_SUN,NATAL_MERCURY,0,General,7,Earth,0,Applying,対人関係での交渉や対話が捗る時です。,知恵が定着する日まで,,80,8,パートナーと将来の計画を話す
TRANSIT_SUN,NATAL_MERCURY,0,Work,7,Earth,0,Applying,実務的な精度を高めましょう。,評価が高まる日まで,,75,7,ミスがないかダブルチェックする
TRANSIT_SUN,NATAL_MERCURY,0,Money,7,Earth,0,Applying,情報の取捨選択が金銭的メリットを生みます。,家計が安定する日まで,,65,6,支出項目を1つ精査する
TRANSIT_SUN,NATAL_MERCURY,0,Love,7,Earth,0,Applying,言葉による意思疎通を大切に。,理解が深まる日まで,,70,7,相手の話を最後まで聞く
TRANSIT_SUN,NATAL_MERCURY,0,Health,7,Earth,0,Applying,健康情報を収集し、習慣に取り入れましょう。,体調が整う日まで,,75,9,最新の健康習慣を1つ試す
TRANSIT_SUN,NATAL_MERCURY,0,General,7,Earth,0,Separating,対人関係での交渉や対話が捗る時です。,知恵が定着する日まで,,80,8,パートナーと将来の計画を話す
TRANSIT_SUN,NATAL_MERCURY,0,Work,7,Earth,0,Separating,実務的な精度を高めましょう。,評価が高まる日まで,,75,7,ミスがないかダブルチェックする
TRANSIT_SUN,NATAL_MERCURY,0,Money,7,Earth,0,Separating,情報の取捨選択が金銭的メリットを生みます。,家計が安定する日まで,,65,6,支出項目を1つ精査する
TRANSIT_SUN,NATAL_MERCURY,0,Love,7,Earth,0,Separating,言葉による意思疎通を大切に。,理解が深まる日まで,,70,7,相手の話を最後まで聞く
TRANSIT_SUN,NATAL_MERCURY,0,Health,7,Earth,0,Separating,健康情報を収集し、習慣に取り入れましょう。,体調が整う日まで,,75,9,最新の健康習慣を1つ試す
TRANSIT_SUN,NATAL_MERCURY,0,General,7,Earth,1,Applying,対人関係での交渉や対話が捗る時です。,知恵が定着する日まで,,80,8,パートナーと将来の計画を話す
TRANSIT_SUN,NATAL_MERCURY,0,Work,7,Earth,1,Applying,実務的な精度を高めましょう。,評価が高まる日まで,,75,7,ミスがないかダブルチェックする
TRANSIT_SUN,NATAL_MERCURY,0,Money,7,Earth,1,Applying,情報の取捨選択が金銭的メリットを生みます。,家計が安定する日まで,,65,6,支出項目を1つ精査する
TRANSIT_SUN,NATAL_MERCURY,0,Love,7,Earth,1,Applying,言葉による意思疎通を大切に。,理解が深まる日まで,,70,7,相手の話を最後まで聞く
TRANSIT_SUN,NATAL_MERCURY,0,Health,7,Earth,1,Applying,健康情報を収集し、習慣に取り入れましょう。,体調が整う日まで,,75,9,最新の健康習慣を1つ試す
TRANSIT_SUN,NATAL_MERCURY,0,General,7,Earth,1,Separating,対人関係での交渉や対話が捗る時です。,知恵が定着する日まで,,80,8,パートナーと将来の計画を話す
TRANSIT_SUN,NATAL_MERCURY,0,Work,7,Earth,1,Separating,実務的な精度を高めましょう。,評価が高まる日まで,,75,7,ミスがないかダブルチェックする
TRANSIT_SUN,NATAL_MERCURY,0,Money,7,Earth,1,Separating,情報の取捨選択が金銭的メリットを生みます。,家計が安定する日まで,,65,6,支出項目を1つ精査する
TRANSIT_SUN,NATAL_MERCURY,0,Love,7,Earth,1,Separating,言葉による意思疎通を大切に。,理解が深まる日まで,,70,7,相手の話を最後まで聞く
TRANSIT_SUN,NATAL_MERCURY,0,Health,7,Earth,1,Separating,健康情報を収集し、習慣に取り入れましょう。,体調が整う日まで,,75,9,最新の健康習慣を1つ試す
TRANSIT_SUN,NATAL_MERCURY,0,General,7,Air,0,Applying,対人関係での交渉や対話が捗る時です。,知恵が定着する日まで,,80,8,パートナーと将来の計画を話す
TRANSIT_SUN,NATAL_MERCURY,0,Work,7,Air,0,Applying,実務的な精度を高めましょう。,評価が高まる日まで,,75,7,ミスがないかダブルチェックする
TRANSIT_SUN,NATAL_MERCURY,0,Money,7,Air,0,Applying,情報の取捨選択が金銭的メリットを生みます。,家計が安定する日まで,,65,6,支出項目を1つ精査する
TRANSIT_SUN,NATAL_MERCURY,0,Love,7,Air,0,Applying,言葉による意思疎通を大切に。,理解が深まる日まで,,70,7,相手の話を最後まで聞く
TRANSIT_SUN,NATAL_MERCURY,0,Health,7,Air,0,Applying,健康情報を収集し、習慣に取り入れましょう。,体調が整う日まで,,75,9,最新の健康習慣を1つ試す
TRANSIT_SUN,NATAL_MERCURY,0,General,7,Air,0,Separating,対人関係での交渉や対話が捗る時です。,知恵が定着する日まで,,80,8,パートナーと将来の計画を話す
TRANSIT_SUN,NATAL_MERCURY,0,Work,7,Air,0,Separating,実務的な精度を高めましょう。,評価が高まる日まで,,75,7,ミスがないかダブルチェックする
TRANSIT_SUN,NATAL_MERCURY,0,Money,7,Air,0,Separating,情報の取捨選択が金銭的メリットを生みます。,家計が安定する日まで,,65,6,支出項目を1つ精査する
TRANSIT_SUN,NATAL_MERCURY,0,Love,7,Air,0,Separating,言葉による意思疎通を大切に。,理解が深まる日まで,,70,7,相手の話を最後まで聞く
TRANSIT_SUN,NATAL_MERCURY,0,Health,7,Air,0,Separating,健康情報を収集し、習慣に取り入れましょう。,体調が整う日まで,,75,9,最新の健康習慣を1つ試す
TRANSIT_SUN,NATAL_MERCURY,0,General,7,Air,1,Applying,対人関係での交渉や対話が捗る時です。,知恵が定着する日まで,,80,8,パートナーと将来の計画を話す
TRANSIT_SUN,NATAL_MERCURY,0,Work,7,Air,1,Applying,実務的な精度を高めましょう。,評価が高まる日まで,,75,7,ミスがないかダブルチェックする
TRANSIT_SUN,NATAL_MERCURY,0,Money,7,Air,1,Applying,情報の取捨選択が金銭的メリットを生みます。,家計が安定する日まで,,65,6,支出項目を1つ精査する
TRANSIT_SUN,NATAL_MERCURY,0,Love,7,Air,1,Applying,言葉による意思疎通を大切に。,理解が深まる日まで,,70,7,相手の話を最後まで聞く
TRANSIT_SUN,NATAL_MERCURY,0,Health,7,Air,1,Applying,健康情報を収集し、習慣に取り入れましょう。,体調が整う日まで,,75,9,最新の健康習慣を1つ試す
TRANSIT_SUN,NATAL_MERCURY,0,General,7,Air,1,Separating,対人関係での交渉や対話が捗る時です。,知恵が定着する日まで,,80,8,パートナーと将来の計画を話す
TRANSIT_SUN,NATAL_MERCURY,0,Work,7,Air,1,Separating,実務的な精度を高めましょう。,評価が高まる日まで,,75,7,ミスがないかダブルチェックする
TRANSIT_SUN,NATAL_MERCURY,0,Money,7,Air,1,Separating,情報の取捨選択が金銭的メリットを生みます。,家計が安定する日まで,,65,6,支出項目を1つ精査する
TRANSIT_SUN,NATAL_MERCURY,0,Love,7,Air,1,Separating,言葉による意思疎通を大切に。,理解が深まる日まで,,70,7,相手の話を最後まで聞く
TRANSIT_SUN,NATAL_MERCURY,0,Health,7,Air,1,Separating,健康情報を収集し、習慣に取り入れましょう。,体調が整う日まで,,75,9,最新の健康習慣を1つ試す
TRANSIT_SUN,NATAL_MERCURY,0,General,7,Water,0,Applying,対人関係での交渉や対話が捗る時です。,知恵が定着する日まで,,80,8,パートナーと将来の計画を話す
TRANSIT_SUN,NATAL_MERCURY,0,Work,7,Water,0,Applying,実務的な精度を高めましょう。,評価が高まる日まで,,75,7,ミスがないかダブルチェックする
TRANSIT_SUN,NATAL_MERCURY,0,Money,7,Water,0,Applying,情報の取捨選択が金銭的メリットを生みます。,家計が安定する日まで,,65,6,支出項目を1つ精査する
TRANSIT_SUN,NATAL_MERCURY,0,Love,7,Water,0,Applying,言葉による意思疎通を大切に。,理解が深まる日まで,,70,7,相手の話を最後まで聞く
TRANSIT_SUN,NATAL_MERCURY,0,Health,7,Water,0,Applying,健康情報を収集し、習慣に取り入れましょう。,体調が整う日まで,,75,9,最新の健康習慣を1つ試す
TRANSIT_SUN,NATAL_MERCURY,0,General,7,Water,0,Separating,対人関係での交渉や対話が捗る時です。,知恵が定着する日まで,,80,8,パートナーと将来の計画を話す
TRANSIT_SUN,NATAL_MERCURY,0,Work,7,Water,0,Separating,実務的な精度を高めましょう。,評価が高まる日まで,,75,7,ミスがないかダブルチェックする
TRANSIT_SUN,NATAL_MERCURY,0,Money,7,Water,0,Separating,情報の取捨選択が金銭的メリットを生みます。,家計が安定する日まで,,65,6,支出項目を1つ精査する
TRANSIT_SUN,NATAL_MERCURY,0,Love,7,Water,0,Separating,言葉による意思疎通を大切に。,理解が深まる日まで,,70,7,相手の話を最後まで聞く
TRANSIT_SUN,NATAL_MERCURY,0,Health,7,Water,0,Separating,健康情報を収集し、習慣に取り入れましょう。,体調が整う日まで,,75,9,最新の健康習慣を1つ試す
TRANSIT_SUN,NATAL_MERCURY,0,General,7,Water,1,Applying,対人関係での交渉や対話が捗る時です。,知恵が定着する日まで,,80,8,パートナーと将来の計画を話す
TRANSIT_SUN,NATAL_MERCURY,0,Work,7,Water,1,Applying,実務的な精度を高めましょう。,評価が高まる日まで,,75,7,ミスがないかダブルチェックする
TRANSIT_SUN,NATAL_MERCURY,0,Money,7,Water,1,Applying,情報の取捨選択が金銭的メリットを生みます。,家計が安定する日まで,,65,6,支出項目を1つ精査する
TRANSIT_SUN,NATAL_MERCURY,0,Love,7,Water,1,Applying,言葉による意思疎通を大切に。,理解が深まる日まで,,70,7,相手の話を最後まで聞く
TRANSIT_SUN,NATAL_MERCURY,0,Health,7,Water,1,Applying,健康情報を収集し、習慣に取り入れましょう。,体調が整う日まで,,75,9,最新の健康習慣を1つ試す
TRANSIT_SUN,NATAL_MERCURY,0,General,7,Water,1,Separating,対人関係での交渉や対話が捗る時です。,知恵が定着する日まで,,80,8,パートナーと将来の計画を話す
TRANSIT_SUN,NATAL_MERCURY,0,Work,7,Water,1,Separating,実務的な精度を高めましょう。,評価が高まる日まで,,75,7,ミスがないかダブルチェックする
TRANSIT_SUN,NATAL_MERCURY,0,Money,7,Water,1,Separating,情報の取捨選択が金銭的メリットを生みます。,家計が安定する日まで,,65,6,支出項目を1つ精査する
TRANSIT_SUN,NATAL_MERCURY,0,Love,7,Water,1,Separating,言葉による意思疎通を大切に。,理解が深まる日まで,,70,7,相手の話を最後まで聞く
TRANSIT_SUN,NATAL_MERCURY,0,Health,7,Water,1,Separating,健康情報を収集し、習慣に取り入れましょう。,体調が整う日まで,,75,9,最新の健康習慣を1つ試す
TRANSIT_SUN,NATAL_MERCURY,0,General,8,Fire,0,Applying,深い知識や共有資産を整理する時期です。,知恵が定着する日まで,,80,8,契約書の内容を再確認する
TRANSIT_SUN,NATAL_MERCURY,0,Work,8,Fire,0,Applying,実務的な精度を高めましょう。,評価が高まる日まで,,75,7,ミスがないかダブルチェックする
TRANSIT_SUN,NATAL_MERCURY,0,Money,8,Fire,0,Applying,情報の取捨選択が金銭的メリットを生みます。,家計が安定する日まで,,65,6,支出項目を1つ精査する
TRANSIT_SUN,NATAL_MERCURY,0,Love,8,Fire,0,Applying,言葉による意思疎通を大切に。,理解が深まる日まで,,70,7,相手の話を最後まで聞く
TRANSIT_SUN,NATAL_MERCURY,0,Health,8,Fire,0,Applying,健康情報を収集し、習慣に取り入れましょう。,体調が整う日まで,,75,9,最新の健康習慣を1つ試す
TRANSIT_SUN,NATAL_MERCURY,0,General,8,Fire,0,Separating,深い知識や共有資産を整理する時期です。,知恵が定着する日まで,,80,8,契約書の内容を再確認する
TRANSIT_SUN,NATAL_MERCURY,0,Work,8,Fire,0,Separating,実務的な精度を高めましょう。,評価が高まる日まで,,75,7,ミスがないかダブルチェックする
TRANSIT_SUN,NATAL_MERCURY,0,Money,8,Fire,0,Separating,情報の取捨選択が金銭的メリットを生みます。,家計が安定する日まで,,65,6,支出項目を1つ精査する
TRANSIT_SUN,NATAL_MERCURY,0,Love,8,Fire,0,Separating,言葉による意思疎通を大切に。,理解が深まる日まで,,70,7,相手の話を最後まで聞く
TRANSIT_SUN,NATAL_MERCURY,0,Health,8,Fire,0,Separating,健康情報を収集し、習慣に取り入れましょう。,体調が整う日まで,,75,9,最新の健康習慣を1つ試す
TRANSIT_SUN,NATAL_MERCURY,0,General,8,Fire,1,Applying,深い知識や共有資産を整理する時期です。,知恵が定着する日まで,,80,8,契約書の内容を再確認する
TRANSIT_SUN,NATAL_MERCURY,0,Work,8,Fire,1,Applying,実務的な精度を高めましょう。,評価が高まる日まで,,75,7,ミスがないかダブルチェックする
TRANSIT_SUN,NATAL_MERCURY,0,Money,8,Fire,1,Applying,情報の取捨選択が金銭的メリットを生みます。,家計が安定する日まで,,65,6,支出項目を1つ精査する
TRANSIT_SUN,NATAL_MERCURY,0,Love,8,Fire,1,Applying,言葉による意思疎通を大切に。,理解が深まる日まで,,70,7,相手の話を最後まで聞く
TRANSIT_SUN,NATAL_MERCURY,0,Health,8,Fire,1,Applying,健康情報を収集し、習慣に取り入れましょう。,体調が整う日まで,,75,9,最新の健康習慣を1つ試す
TRANSIT_SUN,NATAL_MERCURY,0,General,8,Fire,1,Separating,深い知識や共有資産を整理する時期です。,知恵が定着する日まで,,80,8,契約書の内容を再確認する
TRANSIT_SUN,NATAL_MERCURY,0,Work,8,Fire,1,Separating,実務的な精度を高めましょう。,評価が高まる日まで,,75,7,ミスがないかダブルチェックする
TRANSIT_SUN,NATAL_MERCURY,0,Money,8,Fire,1,Separating,情報の取捨選択が金銭的メリットを生みます。,家計が安定する日まで,,65,6,支出項目を1つ精査する
TRANSIT_SUN,NATAL_MERCURY,0,Love,8,Fire,1,Separating,言葉による意思疎通を大切に。,理解が深まる日まで,,70,7,相手の話を最後まで聞く
TRANSIT_SUN,NATAL_MERCURY,0,Health,8,Fire,1,Separating,健康情報を収集し、習慣に取り入れましょう。,体調が整う日まで,,75,9,最新の健康習慣を1つ試す
TRANSIT_SUN,NATAL_MERCURY,0,General,8,Earth,0,Applying,深い知識や共有資産を整理する時期です。,知恵が定着する日まで,,80,8,契約書の内容を再確認する
TRANSIT_SUN,NATAL_MERCURY,0,Work,8,Earth,0,Applying,実務的な精度を高めましょう。,評価が高まる日まで,,75,7,ミスがないかダブルチェックする
TRANSIT_SUN,NATAL_MERCURY,0,Money,8,Earth,0,Applying,情報の取捨選択が金銭的メリットを生みます。,家計が安定する日まで,,65,6,支出項目を1つ精査する
TRANSIT_SUN,NATAL_MERCURY,0,Love,8,Earth,0,Applying,言葉による意思疎通を大切に。,理解が深まる日まで,,70,7,相手の話を最後まで聞く
TRANSIT_SUN,NATAL_MERCURY,0,Health,8,Earth,0,Applying,健康情報を収集し、習慣に取り入れましょう。,体調が整う日まで,,75,9,最新の健康習慣を1つ試す
TRANSIT_SUN,NATAL_MERCURY,0,General,8,Earth,0,Separating,深い知識や共有資産を整理する時期です。,知恵が定着する日まで,,80,8,契約書の内容を再確認する
TRANSIT_SUN,NATAL_MERCURY,0,Work,8,Earth,0,Separating,実務的な精度を高めましょう。,評価が高まる日まで,,75,7,ミスがないかダブルチェックする
TRANSIT_SUN,NATAL_MERCURY,0,Money,8,Earth,0,Separating,情報の取捨選択が金銭的メリットを生みます。,家計が安定する日まで,,65,6,支出項目を1つ精査する
TRANSIT_SUN,NATAL_MERCURY,0,Love,8,Earth,0,Separating,言葉による意思疎通を大切に。,理解が深まる日まで,,70,7,相手の話を最後まで聞く
TRANSIT_SUN,NATAL_MERCURY,0,Health,8,Earth,0,Separating,健康情報を収集し、習慣に取り入れましょう。,体調が整う日まで,,75,9,最新の健康習慣を1つ試す
TRANSIT_SUN,NATAL_MERCURY,0,General,8,Earth,1,Applying,深い知識や共有資産を整理する時期です。,知恵が定着する日まで,,80,8,契約書の内容を再確認する
TRANSIT_SUN,NATAL_MERCURY,0,Work,8,Earth,1,Applying,実務的な精度を高めましょう。,評価が高まる日まで,,75,7,ミスがないかダブルチェックする
TRANSIT_SUN,NATAL_MERCURY,0,Money,8,Earth,1,Applying,情報の取捨選択が金銭的メリットを生みます。,家計が安定する日まで,,65,6,支出項目を1つ精査する
TRANSIT_SUN,NATAL_MERCURY,0,Love,8,Earth,1,Applying,言葉による意思疎通を大切に。,理解が深まる日まで,,70,7,相手の話を最後まで聞く
TRANSIT_SUN,NATAL_MERCURY,0,Health,8,Earth,1,Applying,健康情報を収集し、習慣に取り入れましょう。,体調が整う日まで,,75,9,最新の健康習慣を1つ試す
TRANSIT_SUN,NATAL_MERCURY,0,General,8,Earth,1,Separating,深い知識や共有資産を整理する時期です。,知恵が定着する日まで,,80,8,契約書の内容を再確認する
TRANSIT_SUN,NATAL_MERCURY,0,Work,8,Earth,1,Separating,実務的な精度を高めましょう。,評価が高まる日まで,,75,7,ミスがないかダブルチェックする
TRANSIT_SUN,NATAL_MERCURY,0,Money,8,Earth,1,Separating,情報の取捨選択が金銭的メリットを生みます。,家計が安定する日まで,,65,6,支出項目を1つ精査する
TRANSIT_SUN,NATAL_MERCURY,0,Love,8,Earth,1,Separating,言葉による意思疎通を大切に。,理解が深まる日まで,,70,7,相手の話を最後まで聞く
TRANSIT_SUN,NATAL_MERCURY,0,Health,8,Earth,1,Separating,健康情報を収集し、習慣に取り入れましょう。,体調が整う日まで,,75,9,最新の健康習慣を1つ試す
TRANSIT_SUN,NATAL_MERCURY,0,General,8,Air,0,Applying,深い知識や共有資産を整理する時期です。,知恵が定着する日まで,,80,8,契約書の内容を再確認する
TRANSIT_SUN,NATAL_MERCURY,0,Work,8,Air,0,Applying,実務的な精度を高めましょう。,評価が高まる日まで,,75,7,ミスがないかダブルチェックする
TRANSIT_SUN,NATAL_MERCURY,0,Money,8,Air,0,Applying,情報の取捨選択が金銭的メリットを生みます。,家計が安定する日まで,,65,6,支出項目を1つ精査する
TRANSIT_SUN,NATAL_MERCURY,0,Love,8,Air,0,Applying,言葉による意思疎通を大切に。,理解が深まる日まで,,70,7,相手の話を最後まで聞く
TRANSIT_SUN,NATAL_MERCURY,0,Health,8,Air,0,Applying,健康情報を収集し、習慣に取り入れましょう。,体調が整う日まで,,75,9,最新の健康習慣を1つ試す
TRANSIT_SUN,NATAL_MERCURY,0,General,8,Air,0,Separating,深い知識や共有資産を整理する時期です。,知恵が定着する日まで,,80,8,契約書の内容を再確認する
TRANSIT_SUN,NATAL_MERCURY,0,Work,8,Air,0,Separating,実務的な精度を高めましょう。,評価が高まる日まで,,75,7,ミスがないかダブルチェックする
TRANSIT_SUN,NATAL_MERCURY,0,Money,8,Air,0,Separating,情報の取捨選択が金銭的メリットを生みます。,家計が安定する日まで,,65,6,支出項目を1つ精査する
TRANSIT_SUN,NATAL_MERCURY,0,Love,8,Air,0,Separating,言葉による意思疎通を大切に。,理解が深まる日まで,,70,7,相手の話を最後まで聞く
TRANSIT_SUN,NATAL_MERCURY,0,Health,8,Air,0,Separating,健康情報を収集し、習慣に取り入れましょう。,体調が整う日まで,,75,9,最新の健康習慣を1つ試す
TRANSIT_SUN,NATAL_MERCURY,0,General,8,Air,1,Applying,深い知識や共有資産を整理する時期です。,知恵が定着する日まで,,80,8,契約書の内容を再確認する
TRANSIT_SUN,NATAL_MERCURY,0,Work,8,Air,1,Applying,実務的な精度を高めましょう。,評価が高まる日まで,,75,7,ミスがないかダブルチェックする
TRANSIT_SUN,NATAL_MERCURY,0,Money,8,Air,1,Applying,情報の取捨選択が金銭的メリットを生みます。,家計が安定する日まで,,65,6,支出項目を1つ精査する
TRANSIT_SUN,NATAL_MERCURY,0,Love,8,Air,1,Applying,言葉による意思疎通を大切に。,理解が深まる日まで,,70,7,相手の話を最後まで聞く
TRANSIT_SUN,NATAL_MERCURY,0,Health,8,Air,1,Applying,健康情報を収集し、習慣に取り入れましょう。,体調が整う日まで,,75,9,最新の健康習慣を1つ試す
TRANSIT_SUN,NATAL_MERCURY,0,General,8,Air,1,Separating,深い知識や共有資産を整理する時期です。,知恵が定着する日まで,,80,8,契約書の内容を再確認する
TRANSIT_SUN,NATAL_MERCURY,0,Work,8,Air,1,Separating,実務的な精度を高めましょう。,評価が高まる日まで,,75,7,ミスがないかダブルチェックする
TRANSIT_SUN,NATAL_MERCURY,0,Money,8,Air,1,Separating,情報の取捨選択が金銭的メリットを生みます。,家計が安定する日まで,,65,6,支出項目を1つ精査する
TRANSIT_SUN,NATAL_MERCURY,0,Love,8,Air,1,Separating,言葉による意思疎通を大切に。,理解が深まる日まで,,70,7,相手の話を最後まで聞く
TRANSIT_SUN,NATAL_MERCURY,0,Health,8,Air,1,Separating,健康情報を収集し、習慣に取り入れましょう。,体調が整う日まで,,75,9,最新の健康習慣を1つ試す
TRANSIT_SUN,NATAL_MERCURY,0,General,8,Water,0,Applying,深い知識や共有資産を整理する時期です。,知恵が定着する日まで,,80,8,契約書の内容を再確認する
TRANSIT_SUN,NATAL_MERCURY,0,Work,8,Water,0,Applying,実務的な精度を高めましょう。,評価が高まる日まで,,75,7,ミスがないかダブルチェックする
TRANSIT_SUN,NATAL_MERCURY,0,Money,8,Water,0,Applying,情報の取捨選択が金銭的メリットを生みます。,家計が安定する日まで,,65,6,支出項目を1つ精査する
TRANSIT_SUN,NATAL_MERCURY,0,Love,8,Water,0,Applying,言葉による意思疎通を大切に。,理解が深まる日まで,,70,7,相手の話を最後まで聞く
TRANSIT_SUN,NATAL_MERCURY,0,Health,8,Water,0,Applying,健康情報を収集し、習慣に取り入れましょう。,体調が整う日まで,,75,9,最新の健康習慣を1つ試す
TRANSIT_SUN,NATAL_MERCURY,0,General,8,Water,0,Separating,深い知識や共有資産を整理する時期です。,知恵が定着する日まで,,80,8,契約書の内容を再確認する
TRANSIT_SUN,NATAL_MERCURY,0,Work,8,Water,0,Separating,実務的な精度を高めましょう。,評価が高まる日まで,,75,7,ミスがないかダブルチェックする
TRANSIT_SUN,NATAL_MERCURY,0,Money,8,Water,0,Separating,情報の取捨選択が金銭的メリットを生みます。,家計が安定する日まで,,65,6,支出項目を1つ精査する
TRANSIT_SUN,NATAL_MERCURY,0,Love,8,Water,0,Separating,言葉による意思疎通を大切に。,理解が深まる日まで,,70,7,相手の話を最後まで聞く
TRANSIT_SUN,NATAL_MERCURY,0,Health,8,Water,0,Separating,健康情報を収集し、習慣に取り入れましょう。,体調が整う日まで,,75,9,最新の健康習慣を1つ試す
TRANSIT_SUN,NATAL_MERCURY,0,General,8,Water,1,Applying,深い知識や共有資産を整理する時期です。,知恵が定着する日まで,,80,8,契約書の内容を再確認する
TRANSIT_SUN,NATAL_MERCURY,0,Work,8,Water,1,Applying,実務的な精度を高めましょう。,評価が高まる日まで,,75,7,ミスがないかダブルチェックする
TRANSIT_SUN,NATAL_MERCURY,0,Money,8,Water,1,Applying,情報の取捨選択が金銭的メリットを生みます。,家計が安定する日まで,,65,6,支出項目を1つ精査する
TRANSIT_SUN,NATAL_MERCURY,0,Love,8,Water,1,Applying,言葉による意思疎通を大切に。,理解が深まる日まで,,70,7,相手の話を最後まで聞く
TRANSIT_SUN,NATAL_MERCURY,0,Health,8,Water,1,Applying,健康情報を収集し、習慣に取り入れましょう。,体調が整う日まで,,75,9,最新の健康習慣を1つ試す
TRANSIT_SUN,NATAL_MERCURY,0,General,8,Water,1,Separating,深い知識や共有資産を整理する時期です。,知恵が定着する日まで,,80,8,契約書の内容を再確認する
TRANSIT_SUN,NATAL_MERCURY,0,Work,8,Water,1,Separating,実務的な精度を高めましょう。,評価が高まる日まで,,75,7,ミスがないかダブルチェックする
TRANSIT_SUN,NATAL_MERCURY,0,Money,8,Water,1,Separating,情報の取捨選択が金銭的メリットを生みます。,家計が安定する日まで,,65,6,支出項目を1つ精査する
TRANSIT_SUN,NATAL_MERCURY,0,Love,8,Water,1,Separating,言葉による意思疎通を大切に。,理解が深まる日まで,,70,7,相手の話を最後まで聞く
TRANSIT_SUN,NATAL_MERCURY,0,Health,8,Water,1,Separating,健康情報を収集し、習慣に取り入れましょう。,体調が整う日まで,,75,9,最新の健康習慣を1つ試す
TRANSIT_SUN,NATAL_MERCURY,0,General,9,Fire,0,Applying,広い視点で学び、信念を深める時期です。,知恵が定着する日まで,,80,8,専門的な講座の受講を検討する
TRANSIT_SUN,NATAL_MERCURY,0,Work,9,Fire,0,Applying,実務的な精度を高めましょう。,評価が高まる日まで,,75,7,ミスがないかダブルチェックする
TRANSIT_SUN,NATAL_MERCURY,0,Money,9,Fire,0,Applying,情報の取捨選択が金銭的メリットを生みます。,家計が安定する日まで,,65,6,支出項目を1つ精査する
TRANSIT_SUN,NATAL_MERCURY,0,Love,9,Fire,0,Applying,言葉による意思疎通を大切に。,理解が深まる日まで,,70,7,相手の話を最後まで聞く
TRANSIT_SUN,NATAL_MERCURY,0,Health,9,Fire,0,Applying,健康情報を収集し、習慣に取り入れましょう。,体調が整う日まで,,75,9,最新の健康習慣を1つ試す
TRANSIT_SUN,NATAL_MERCURY,0,General,9,Fire,0,Separating,広い視点で学び、信念を深める時期です。,知恵が定着する日まで,,80,8,専門的な講座の受講を検討する
TRANSIT_SUN,NATAL_MERCURY,0,Work,9,Fire,0,Separating,実務的な精度を高めましょう。,評価が高まる日まで,,75,7,ミスがないかダブルチェックする
TRANSIT_SUN,NATAL_MERCURY,0,Money,9,Fire,0,Separating,情報の取捨選択が金銭的メリットを生みます。,家計が安定する日まで,,65,6,支出項目を1つ精査する
TRANSIT_SUN,NATAL_MERCURY,0,Love,9,Fire,0,Separating,言葉による意思疎通を大切に。,理解が深まる日まで,,70,7,相手の話を最後まで聞く
TRANSIT_SUN,NATAL_MERCURY,0,Health,9,Fire,0,Separating,健康情報を収集し、習慣に取り入れましょう。,体調が整う日まで,,75,9,最新の健康習慣を1つ試す
TRANSIT_SUN,NATAL_MERCURY,0,General,9,Fire,1,Applying,広い視点で学び、信念を深める時期です。,知恵が定着する日まで,,80,8,専門的な講座の受講を検討する
TRANSIT_SUN,NATAL_MERCURY,0,Work,9,Fire,1,Applying,実務的な精度を高めましょう。,評価が高まる日まで,,75,7,ミスがないかダブルチェックする
TRANSIT_SUN,NATAL_MERCURY,0,Money,9,Fire,1,Applying,情報の取捨選択が金銭的メリットを生みます。,家計が安定する日まで,,65,6,支出項目を1つ精査する
TRANSIT_SUN,NATAL_MERCURY,0,Love,9,Fire,1,Applying,言葉による意思疎通を大切に。,理解が深まる日まで,,70,7,相手の話を最後まで聞く
TRANSIT_SUN,NATAL_MERCURY,0,Health,9,Fire,1,Applying,健康情報を収集し、習慣に取り入れましょう。,体調が整う日まで,,75,9,最新の健康習慣を1つ試す
TRANSIT_SUN,NATAL_MERCURY,0,General,9,Fire,1,Separating,広い視点で学び、信念を深める時期です。,知恵が定着する日まで,,80,8,専門的な講座の受講を検討する
TRANSIT_SUN,NATAL_MERCURY,0,Work,9,Fire,1,Separating,実務的な精度を高めましょう。,評価が高まる日まで,,75,7,ミスがないかダブルチェックする
TRANSIT_SUN,NATAL_MERCURY,0,Money,9,Fire,1,Separating,情報の取捨選択が金銭的メリットを生みます。,家計が安定する日まで,,65,6,支出項目を1つ精査する
TRANSIT_SUN,NATAL_MERCURY,0,Love,9,Fire,1,Separating,言葉による意思疎通を大切に。,理解が深まる日まで,,70,7,相手の話を最後まで聞く
TRANSIT_SUN,NATAL_MERCURY,0,Health,9,Fire,1,Separating,健康情報を収集し、習慣に取り入れましょう。,体調が整う日まで,,75,9,最新の健康習慣を1つ試す
TRANSIT_SUN,NATAL_MERCURY,0,General,9,Earth,0,Applying,広い視点で学び、信念を深める時期です。,知恵が定着する日まで,,80,8,専門的な講座の受講を検討する
TRANSIT_SUN,NATAL_MERCURY,0,Work,9,Earth,0,Applying,実務的な精度を高めましょう。,評価が高まる日まで,,75,7,ミスがないかダブルチェックする
TRANSIT_SUN,NATAL_MERCURY,0,Money,9,Earth,0,Applying,情報の取捨選択が金銭的メリットを生みます。,家計が安定する日まで,,65,6,支出項目を1つ精査する
TRANSIT_SUN,NATAL_MERCURY,0,Love,9,Earth,0,Applying,言葉による意思疎通を大切に。,理解が深まる日まで,,70,7,相手の話を最後まで聞く
TRANSIT_SUN,NATAL_MERCURY,0,Health,9,Earth,0,Applying,健康情報を収集し、習慣に取り入れましょう。,体調が整う日まで,,75,9,最新の健康習慣を1つ試す
TRANSIT_SUN,NATAL_MERCURY,0,General,9,Earth,0,Separating,広い視点で学び、信念を深める時期です。,知恵が定着する日まで,,80,8,専門的な講座の受講を検討する
TRANSIT_SUN,NATAL_MERCURY,0,Work,9,Earth,0,Separating,実務的な精度を高めましょう。,評価が高まる日まで,,75,7,ミスがないかダブルチェックする
TRANSIT_SUN,NATAL_MERCURY,0,Money,9,Earth,0,Separating,情報の取捨選択が金銭的メリットを生みます。,家計が安定する日まで,,65,6,支出項目を1つ精査する
TRANSIT_SUN,NATAL_MERCURY,0,Love,9,Earth,0,Separating,言葉による意思疎通を大切に。,理解が深まる日まで,,70,7,相手の話を最後まで聞く
TRANSIT_SUN,NATAL_MERCURY,0,Health,9,Earth,0,Separating,健康情報を収集し、習慣に取り入れましょう。,体調が整う日まで,,75,9,最新の健康習慣を1つ試す
TRANSIT_SUN,NATAL_MERCURY,0,General,9,Earth,1,Applying,広い視点で学び、信念を深める時期です。,知恵が定着する日まで,,80,8,専門的な講座の受講を検討する
TRANSIT_SUN,NATAL_MERCURY,0,Work,9,Earth,1,Applying,実務的な精度を高めましょう。,評価が高まる日まで,,75,7,ミスがないかダブルチェックする
TRANSIT_SUN,NATAL_MERCURY,0,Money,9,Earth,1,Applying,情報の取捨選択が金銭的メリットを生みます。,家計が安定する日まで,,65,6,支出項目を1つ精査する
TRANSIT_SUN,NATAL_MERCURY,0,Love,9,Earth,1,Applying,言葉による意思疎通を大切に。,理解が深まる日まで,,70,7,相手の話を最後まで聞く
TRANSIT_SUN,NATAL_MERCURY,0,Health,9,Earth,1,Applying,健康情報を収集し、習慣に取り入れましょう。,体調が整う日まで,,75,9,最新の健康習慣を1つ試す
TRANSIT_SUN,NATAL_MERCURY,0,General,9,Earth,1,Separating,広い視点で学び、信念を深める時期です。,知恵が定着する日まで,,80,8,専門的な講座の受講を検討する
TRANSIT_SUN,NATAL_MERCURY,0,Work,9,Earth,1,Separating,実務的な精度を高めましょう。,評価が高まる日まで,,75,7,ミスがないかダブルチェックする
TRANSIT_SUN,NATAL_MERCURY,0,Money,9,Earth,1,Separating,情報の取捨選択が金銭的メリットを生みます。,家計が安定する日まで,,65,6,支出項目を1つ精査する
TRANSIT_SUN,NATAL_MERCURY,0,Love,9,Earth,1,Separating,言葉による意思疎通を大切に。,理解が深まる日まで,,70,7,相手の話を最後まで聞く
TRANSIT_SUN,NATAL_MERCURY,0,Health,9,Earth,1,Separating,健康情報を収集し、習慣に取り入れましょう。,体調が整う日まで,,75,9,最新の健康習慣を1つ試す
TRANSIT_SUN,NATAL_MERCURY,0,General,9,Air,0,Applying,広い視点で学び、信念を深める時期です。,知恵が定着する日まで,,80,8,専門的な講座の受講を検討する
TRANSIT_SUN,NATAL_MERCURY,0,Work,9,Air,0,Applying,実務的な精度を高めましょう。,評価が高まる日まで,,75,7,ミスがないかダブルチェックする
TRANSIT_SUN,NATAL_MERCURY,0,Money,9,Air,0,Applying,情報の取捨選択が金銭的メリットを生みます。,家計が安定する日まで,,65,6,支出項目を1つ精査する
TRANSIT_SUN,NATAL_MERCURY,0,Love,9,Air,0,Applying,言葉による意思疎通を大切に。,理解が深まる日まで,,70,7,相手の話を最後まで聞く
TRANSIT_SUN,NATAL_MERCURY,0,Health,9,Air,0,Applying,健康情報を収集し、習慣に取り入れましょう。,体調が整う日まで,,75,9,最新の健康習慣を1つ試す
TRANSIT_SUN,NATAL_MERCURY,0,General,9,Air,0,Separating,広い視点で学び、信念を深める時期です。,知恵が定着する日まで,,80,8,専門的な講座の受講を検討する
TRANSIT_SUN,NATAL_MERCURY,0,Work,9,Air,0,Separating,実務的な精度を高めましょう。,評価が高まる日まで,,75,7,ミスがないかダブルチェックする
TRANSIT_SUN,NATAL_MERCURY,0,Money,9,Air,0,Separating,情報の取捨選択が金銭的メリットを生みます。,家計が安定する日まで,,65,6,支出項目を1つ精査する
TRANSIT_SUN,NATAL_MERCURY,0,Love,9,Air,0,Separating,言葉による意思疎通を大切に。,理解が深まる日まで,,70,7,相手の話を最後まで聞く
TRANSIT_SUN,NATAL_MERCURY,0,Health,9,Air,0,Separating,健康情報を収集し、習慣に取り入れましょう。,体調が整う日まで,,75,9,最新の健康習慣を1つ試す
TRANSIT_SUN,NATAL_MERCURY,0,General,9,Air,1,Applying,広い視点で学び、信念を深める時期です。,知恵が定着する日まで,,80,8,専門的な講座の受講を検討する
TRANSIT_SUN,NATAL_MERCURY,0,Work,9,Air,1,Applying,実務的な精度を高めましょう。,評価が高まる日まで,,75,7,ミスがないかダブルチェックする
TRANSIT_SUN,NATAL_MERCURY,0,Money,9,Air,1,Applying,情報の取捨選択が金銭的メリットを生みます。,家計が安定する日まで,,65,6,支出項目を1つ精査する
TRANSIT_SUN,NATAL_MERCURY,0,Love,9,Air,1,Applying,言葉による意思疎通を大切に。,理解が深まる日まで,,70,7,相手の話を最後まで聞く
TRANSIT_SUN,NATAL_MERCURY,0,Health,9,Air,1,Applying,健康情報を収集し、習慣に取り入れましょう。,体調が整う日まで,,75,9,最新の健康習慣を1つ試す
TRANSIT_SUN,NATAL_MERCURY,0,General,9,Air,1,Separating,広い視点で学び、信念を深める時期です。,知恵が定着する日まで,,80,8,専門的な講座の受講を検討する
TRANSIT_SUN,NATAL_MERCURY,0,Work,9,Air,1,Separating,実務的な精度を高めましょう。,評価が高まる日まで,,75,7,ミスがないかダブルチェックする
TRANSIT_SUN,NATAL_MERCURY,0,Money,9,Air,1,Separating,情報の取捨選択が金銭的メリットを生みます。,家計が安定する日まで,,65,6,支出項目を1つ精査する
TRANSIT_SUN,NATAL_MERCURY,0,Love,9,Air,1,Separating,言葉による意思疎通を大切に。,理解が深まる日まで,,70,7,相手の話を最後まで聞く
TRANSIT_SUN,NATAL_MERCURY,0,Health,9,Air,1,Separating,健康情報を収集し、習慣に取り入れましょう。,体調が整う日まで,,75,9,最新の健康習慣を1つ試す
TRANSIT_SUN,NATAL_MERCURY,0,General,9,Water,0,Applying,広い視点で学び、信念を深める時期です。,知恵が定着する日まで,,80,8,専門的な講座の受講を検討する
TRANSIT_SUN,NATAL_MERCURY,0,Work,9,Water,0,Applying,実務的な精度を高めましょう。,評価が高まる日まで,,75,7,ミスがないかダブルチェックする
TRANSIT_SUN,NATAL_MERCURY,0,Money,9,Water,0,Applying,情報の取捨選択が金銭的メリットを生みます。,家計が安定する日まで,,65,6,支出項目を1つ精査する
TRANSIT_SUN,NATAL_MERCURY,0,Love,9,Water,0,Applying,言葉による意思疎通を大切に。,理解が深まる日まで,,70,7,相手の話を最後まで聞く
TRANSIT_SUN,NATAL_MERCURY,0,Health,9,Water,0,Applying,健康情報を収集し、習慣に取り入れましょう。,体調が整う日まで,,75,9,最新の健康習慣を1つ試す
TRANSIT_SUN,NATAL_MERCURY,0,General,9,Water,0,Separating,広い視点で学び、信念を深める時期です。,知恵が定着する日まで,,80,8,専門的な講座の受講を検討する
TRANSIT_SUN,NATAL_MERCURY,0,Work,9,Water,0,Separating,実務的な精度を高めましょう。,評価が高まる日まで,,75,7,ミスがないかダブルチェックする
TRANSIT_SUN,NATAL_MERCURY,0,Money,9,Water,0,Separating,情報の取捨選択が金銭的メリットを生みます。,家計が安定する日まで,,65,6,支出項目を1つ精査する
TRANSIT_SUN,NATAL_MERCURY,0,Love,9,Water,0,Separating,言葉による意思疎通を大切に。,理解が深まる日まで,,70,7,相手の話を最後まで聞く
TRANSIT_SUN,NATAL_MERCURY,0,Health,9,Water,0,Separating,健康情報を収集し、習慣に取り入れましょう。,体調が整う日まで,,75,9,最新の健康習慣を1つ試す
TRANSIT_SUN,NATAL_MERCURY,0,General,9,Water,1,Applying,広い視点で学び、信念を深める時期です。,知恵が定着する日まで,,80,8,専門的な講座の受講を検討する
TRANSIT_SUN,NATAL_MERCURY,0,Work,9,Water,1,Applying,実務的な精度を高めましょう。,評価が高まる日まで,,75,7,ミスがないかダブルチェックする
TRANSIT_SUN,NATAL_MERCURY,0,Money,9,Water,1,Applying,情報の取捨選択が金銭的メリットを生みます。,家計が安定する日まで,,65,6,支出項目を1つ精査する
TRANSIT_SUN,NATAL_MERCURY,0,Love,9,Water,1,Applying,言葉による意思疎通を大切に。,理解が深まる日まで,,70,7,相手の話を最後まで聞く
TRANSIT_SUN,NATAL_MERCURY,0,Health,9,Water,1,Applying,健康情報を収集し、習慣に取り入れましょう。,体調が整う日まで,,75,9,最新の健康習慣を1つ試す
TRANSIT_SUN,NATAL_MERCURY,0,General,9,Water,1,Separating,広い視点で学び、信念を深める時期です。,知恵が定着する日まで,,80,8,専門的な講座の受講を検討する
TRANSIT_SUN,NATAL_MERCURY,0,Work,9,Water,1,Separating,実務的な精度を高めましょう。,評価が高まる日まで,,75,7,ミスがないかダブルチェックする
TRANSIT_SUN,NATAL_MERCURY,0,Money,9,Water,1,Separating,情報の取捨選択が金銭的メリットを生みます。,家計が安定する日まで,,65,6,支出項目を1つ精査する
TRANSIT_SUN,NATAL_MERCURY,0,Love,9,Water,1,Separating,言葉による意思疎通を大切に。,理解が深まる日まで,,70,7,相手の話を最後まで聞く
TRANSIT_SUN,NATAL_MERCURY,0,Health,9,Water,1,Separating,健康情報を収集し、習慣に取り入れましょう。,体調が整う日まで,,75,9,最新の健康習慣を1つ試す
TRANSIT_SUN,NATAL_MERCURY,0,General,10,Fire,0,Applying,キャリアにおける知的な貢献が評価される時です。,知恵が定着する日まで,,80,8,実績報告書を作成する
TRANSIT_SUN,NATAL_MERCURY,0,Work,10,Fire,0,Applying,実務的な精度を高めましょう。,評価が高まる日まで,,75,7,ミスがないかダブルチェックする
TRANSIT_SUN,NATAL_MERCURY,0,Money,10,Fire,0,Applying,情報の取捨選択が金銭的メリットを生みます。,家計が安定する日まで,,65,6,支出項目を1つ精査する
TRANSIT_SUN,NATAL_MERCURY,0,Love,10,Fire,0,Applying,言葉による意思疎通を大切に。,理解が深まる日まで,,70,7,相手の話を最後まで聞く
TRANSIT_SUN,NATAL_MERCURY,0,Health,10,Fire,0,Applying,健康情報を収集し、習慣に取り入れましょう。,体調が整う日まで,,75,9,最新の健康習慣を1つ試す
TRANSIT_SUN,NATAL_MERCURY,0,General,10,Fire,0,Separating,キャリアにおける知的な貢献が評価される時です。,知恵が定着する日まで,,80,8,実績報告書を作成する
TRANSIT_SUN,NATAL_MERCURY,0,Work,10,Fire,0,Separating,実務的な精度を高めましょう。,評価が高まる日まで,,75,7,ミスがないかダブルチェックする
TRANSIT_SUN,NATAL_MERCURY,0,Money,10,Fire,0,Separating,情報の取捨選択が金銭的メリットを生みます。,家計が安定する日まで,,65,6,支出項目を1つ精査する
TRANSIT_SUN,NATAL_MERCURY,0,Love,10,Fire,0,Separating,言葉による意思疎通を大切に。,理解が深まる日まで,,70,7,相手の話を最後まで聞く
TRANSIT_SUN,NATAL_MERCURY,0,Health,10,Fire,0,Separating,健康情報を収集し、習慣に取り入れましょう。,体調が整う日まで,,75,9,最新の健康習慣を1つ試す
TRANSIT_SUN,NATAL_MERCURY,0,General,10,Fire,1,Applying,キャリアにおける知的な貢献が評価される時です。,知恵が定着する日まで,,80,8,実績報告書を作成する
TRANSIT_SUN,NATAL_MERCURY,0,Work,10,Fire,1,Applying,実務的な精度を高めましょう。,評価が高まる日まで,,75,7,ミスがないかダブルチェックする
TRANSIT_SUN,NATAL_MERCURY,0,Money,10,Fire,1,Applying,情報の取捨選択が金銭的メリットを生みます。,家計が安定する日まで,,65,6,支出項目を1つ精査する
TRANSIT_SUN,NATAL_MERCURY,0,Love,10,Fire,1,Applying,言葉による意思疎通を大切に。,理解が深まる日まで,,70,7,相手の話を最後まで聞く
TRANSIT_SUN,NATAL_MERCURY,0,Health,10,Fire,1,Applying,健康情報を収集し、習慣に取り入れましょう。,体調が整う日まで,,75,9,最新の健康習慣を1つ試す
TRANSIT_SUN,NATAL_MERCURY,0,General,10,Fire,1,Separating,キャリアにおける知的な貢献が評価される時です。,知恵が定着する日まで,,80,8,実績報告書を作成する
TRANSIT_SUN,NATAL_MERCURY,0,Work,10,Fire,1,Separating,実務的な精度を高めましょう。,評価が高まる日まで,,75,7,ミスがないかダブルチェックする
TRANSIT_SUN,NATAL_MERCURY,0,Money,10,Fire,1,Separating,情報の取捨選択が金銭的メリットを生みます。,家計が安定する日まで,,65,6,支出項目を1つ精査する
TRANSIT_SUN,NATAL_MERCURY,0,Love,10,Fire,1,Separating,言葉による意思疎通を大切に。,理解が深まる日まで,,70,7,相手の話を最後まで聞く
TRANSIT_SUN,NATAL_MERCURY,0,Health,10,Fire,1,Separating,健康情報を収集し、習慣に取り入れましょう。,体調が整う日まで,,75,9,最新の健康習慣を1つ試す
TRANSIT_SUN,NATAL_MERCURY,0,General,10,Earth,0,Applying,キャリアにおける知的な貢献が評価される時です。,知恵が定着する日まで,,80,8,実績報告書を作成する
TRANSIT_SUN,NATAL_MERCURY,0,Work,10,Earth,0,Applying,実務的な精度を高めましょう。,評価が高まる日まで,,75,7,ミスがないかダブルチェックする
TRANSIT_SUN,NATAL_MERCURY,0,Money,10,Earth,0,Applying,情報の取捨選択が金銭的メリットを生みます。,家計が安定する日まで,,65,6,支出項目を1つ精査する
TRANSIT_SUN,NATAL_MERCURY,0,Love,10,Earth,0,Applying,言葉による意思疎通を大切に。,理解が深まる日まで,,70,7,相手の話を最後まで聞く
TRANSIT_SUN,NATAL_MERCURY,0,Health,10,Earth,0,Applying,健康情報を収集し、習慣に取り入れましょう。,体調が整う日まで,,75,9,最新の健康習慣を1つ試す
TRANSIT_SUN,NATAL_MERCURY,0,General,10,Earth,0,Separating,キャリアにおける知的な貢献が評価される時です。,知恵が定着する日まで,,80,8,実績報告書を作成する
TRANSIT_SUN,NATAL_MERCURY,0,Work,10,Earth,0,Separating,実務的な精度を高めましょう。,評価が高まる日まで,,75,7,ミスがないかダブルチェックする
TRANSIT_SUN,NATAL_MERCURY,0,Money,10,Earth,0,Separating,情報の取捨選択が金銭的メリットを生みます。,家計が安定する日まで,,65,6,支出項目を1つ精査する
TRANSIT_SUN,NATAL_MERCURY,0,Love,10,Earth,0,Separating,言葉による意思疎通を大切に。,理解が深まる日まで,,70,7,相手の話を最後まで聞く
TRANSIT_SUN,NATAL_MERCURY,0,Health,10,Earth,0,Separating,健康情報を収集し、習慣に取り入れましょう。,体調が整う日まで,,75,9,最新の健康習慣を1つ試す
TRANSIT_SUN,NATAL_MERCURY,0,General,10,Earth,1,Applying,キャリアにおける知的な貢献が評価される時です。,知恵が定着する日まで,,80,8,実績報告書を作成する
TRANSIT_SUN,NATAL_MERCURY,0,Work,10,Earth,1,Applying,実務的な精度を高めましょう。,評価が高まる日まで,,75,7,ミスがないかダブルチェックする
TRANSIT_SUN,NATAL_MERCURY,0,Money,10,Earth,1,Applying,情報の取捨選択が金銭的メリットを生みます。,家計が安定する日まで,,65,6,支出項目を1つ精査する
TRANSIT_SUN,NATAL_MERCURY,0,Love,10,Earth,1,Applying,言葉による意思疎通を大切に。,理解が深まる日まで,,70,7,相手の話を最後まで聞く
TRANSIT_SUN,NATAL_MERCURY,0,Health,10,Earth,1,Applying,健康情報を収集し、習慣に取り入れましょう。,体調が整う日まで,,75,9,最新の健康習慣を1つ試す
TRANSIT_SUN,NATAL_MERCURY,0,General,10,Earth,1,Separating,キャリアにおける知的な貢献が評価される時です。,知恵が定着する日まで,,80,8,実績報告書を作成する
TRANSIT_SUN,NATAL_MERCURY,0,Work,10,Earth,1,Separating,実務的な精度を高めましょう。,評価が高まる日まで,,75,7,ミスがないかダブルチェックする
TRANSIT_SUN,NATAL_MERCURY,0,Money,10,Earth,1,Separating,情報の取捨選択が金銭的メリットを生みます。,家計が安定する日まで,,65,6,支出項目を1つ精査する
TRANSIT_SUN,NATAL_MERCURY,0,Love,10,Earth,1,Separating,言葉による意思疎通を大切に。,理解が深まる日まで,,70,7,相手の話を最後まで聞く
TRANSIT_SUN,NATAL_MERCURY,0,Health,10,Earth,1,Separating,健康情報を収集し、習慣に取り入れましょう。,体調が整う日まで,,75,9,最新の健康習慣を1つ試す
TRANSIT_SUN,NATAL_MERCURY,0,General,10,Air,0,Applying,キャリアにおける知的な貢献が評価される時です。,知恵が定着する日まで,,80,8,実績報告書を作成する
TRANSIT_SUN,NATAL_MERCURY,0,Work,10,Air,0,Applying,実務的な精度を高めましょう。,評価が高まる日まで,,75,7,ミスがないかダブルチェックする
TRANSIT_SUN,NATAL_MERCURY,0,Money,10,Air,0,Applying,情報の取捨選択が金銭的メリットを生みます。,家計が安定する日まで,,65,6,支出項目を1つ精査する
TRANSIT_SUN,NATAL_MERCURY,0,Love,10,Air,0,Applying,言葉による意思疎通を大切に。,理解が深まる日まで,,70,7,相手の話を最後まで聞く
TRANSIT_SUN,NATAL_MERCURY,0,Health,10,Air,0,Applying,健康情報を収集し、習慣に取り入れましょう。,体調が整う日まで,,75,9,最新の健康習慣を1つ試す
TRANSIT_SUN,NATAL_MERCURY,0,General,10,Air,0,Separating,キャリアにおける知的な貢献が評価される時です。,知恵が定着する日まで,,80,8,実績報告書を作成する
TRANSIT_SUN,NATAL_MERCURY,0,Work,10,Air,0,Separating,実務的な精度を高めましょう。,評価が高まる日まで,,75,7,ミスがないかダブルチェックする
TRANSIT_SUN,NATAL_MERCURY,0,Money,10,Air,0,Separating,情報の取捨選択が金銭的メリットを生みます。,家計が安定する日まで,,65,6,支出項目を1つ精査する
TRANSIT_SUN,NATAL_MERCURY,0,Love,10,Air,0,Separating,言葉による意思疎通を大切に。,理解が深まる日まで,,70,7,相手の話を最後まで聞く
TRANSIT_SUN,NATAL_MERCURY,0,Health,10,Air,0,Separating,健康情報を収集し、習慣に取り入れましょう。,体調が整う日まで,,75,9,最新の健康習慣を1つ試す
TRANSIT_SUN,NATAL_MERCURY,0,General,10,Air,1,Applying,キャリアにおける知的な貢献が評価される時です。,知恵が定着する日まで,,80,8,実績報告書を作成する
TRANSIT_SUN,NATAL_MERCURY,0,Work,10,Air,1,Applying,実務的な精度を高めましょう。,評価が高まる日まで,,75,7,ミスがないかダブルチェックする
TRANSIT_SUN,NATAL_MERCURY,0,Money,10,Air,1,Applying,情報の取捨選択が金銭的メリットを生みます。,家計が安定する日まで,,65,6,支出項目を1つ精査する
TRANSIT_SUN,NATAL_MERCURY,0,Love,10,Air,1,Applying,言葉による意思疎通を大切に。,理解が深まる日まで,,70,7,相手の話を最後まで聞く
TRANSIT_SUN,NATAL_MERCURY,0,Health,10,Air,1,Applying,健康情報を収集し、習慣に取り入れましょう。,体調が整う日まで,,75,9,最新の健康習慣を1つ試す
TRANSIT_SUN,NATAL_MERCURY,0,General,10,Air,1,Separating,キャリアにおける知的な貢献が評価される時です。,知恵が定着する日まで,,80,8,実績報告書を作成する
TRANSIT_SUN,NATAL_MERCURY,0,Work,10,Air,1,Separating,実務的な精度を高めましょう。,評価が高まる日まで,,75,7,ミスがないかダブルチェックする
TRANSIT_SUN,NATAL_MERCURY,0,Money,10,Air,1,Separating,情報の取捨選択が金銭的メリットを生みます。,家計が安定する日まで,,65,6,支出項目を1つ精査する
TRANSIT_SUN,NATAL_MERCURY,0,Love,10,Air,1,Separating,言葉による意思疎通を大切に。,理解が深まる日まで,,70,7,相手の話を最後まで聞く
TRANSIT_SUN,NATAL_MERCURY,0,Health,10,Air,1,Separating,健康情報を収集し、習慣に取り入れましょう。,体調が整う日まで,,75,9,最新の健康習慣を1つ試す
TRANSIT_SUN,NATAL_MERCURY,0,General,10,Water,0,Applying,キャリアにおける知的な貢献が評価される時です。,知恵が定着する日まで,,80,8,実績報告書を作成する
TRANSIT_SUN,NATAL_MERCURY,0,Work,10,Water,0,Applying,実務的な精度を高めましょう。,評価が高まる日まで,,75,7,ミスがないかダブルチェックする
TRANSIT_SUN,NATAL_MERCURY,0,Money,10,Water,0,Applying,情報の取捨選択が金銭的メリットを生みます。,家計が安定する日まで,,65,6,支出項目を1つ精査する
TRANSIT_SUN,NATAL_MERCURY,0,Love,10,Water,0,Applying,言葉による意思疎通を大切に。,理解が深まる日まで,,70,7,相手の話を最後まで聞く
TRANSIT_SUN,NATAL_MERCURY,0,Health,10,Water,0,Applying,健康情報を収集し、習慣に取り入れましょう。,体調が整う日まで,,75,9,最新の健康習慣を1つ試す
TRANSIT_SUN,NATAL_MERCURY,0,General,10,Water,0,Separating,キャリアにおける知的な貢献が評価される時です。,知恵が定着する日まで,,80,8,実績報告書を作成する
TRANSIT_SUN,NATAL_MERCURY,0,Work,10,Water,0,Separating,実務的な精度を高めましょう。,評価が高まる日まで,,75,7,ミスがないかダブルチェックする
TRANSIT_SUN,NATAL_MERCURY,0,Money,10,Water,0,Separating,情報の取捨選択が金銭的メリットを生みます。,家計が安定する日まで,,65,6,支出項目を1つ精査する
TRANSIT_SUN,NATAL_MERCURY,0,Love,10,Water,0,Separating,言葉による意思疎通を大切に。,理解が深まる日まで,,70,7,相手の話を最後まで聞く
TRANSIT_SUN,NATAL_MERCURY,0,Health,10,Water,0,Separating,健康情報を収集し、習慣に取り入れましょう。,体調が整う日まで,,75,9,最新の健康習慣を1つ試す
TRANSIT_SUN,NATAL_MERCURY,0,General,10,Water,1,Applying,キャリアにおける知的な貢献が評価される時です。,知恵が定着する日まで,,80,8,実績報告書を作成する
TRANSIT_SUN,NATAL_MERCURY,0,Work,10,Water,1,Applying,実務的な精度を高めましょう。,評価が高まる日まで,,75,7,ミスがないかダブルチェックする
TRANSIT_SUN,NATAL_MERCURY,0,Money,10,Water,1,Applying,情報の取捨選択が金銭的メリットを生みます。,家計が安定する日まで,,65,6,支出項目を1つ精査する
TRANSIT_SUN,NATAL_MERCURY,0,Love,10,Water,1,Applying,言葉による意思疎通を大切に。,理解が深まる日まで,,70,7,相手の話を最後まで聞く
TRANSIT_SUN,NATAL_MERCURY,0,Health,10,Water,1,Applying,健康情報を収集し、習慣に取り入れましょう。,体調が整う日まで,,75,9,最新の健康習慣を1つ試す
TRANSIT_SUN,NATAL_MERCURY,0,General,10,Water,1,Separating,キャリアにおける知的な貢献が評価される時です。,知恵が定着する日まで,,80,8,実績報告書を作成する
TRANSIT_SUN,NATAL_MERCURY,0,Work,10,Water,1,Separating,実務的な精度を高めましょう。,評価が高まる日まで,,75,7,ミスがないかダブルチェックする
TRANSIT_SUN,NATAL_MERCURY,0,Money,10,Water,1,Separating,情報の取捨選択が金銭的メリットを生みます。,家計が安定する日まで,,65,6,支出項目を1つ精査する
TRANSIT_SUN,NATAL_MERCURY,0,Love,10,Water,1,Separating,言葉による意思疎通を大切に。,理解が深まる日まで,,70,7,相手の話を最後まで聞く
TRANSIT_SUN,NATAL_MERCURY,0,Health,10,Water,1,Separating,健康情報を収集し、習慣に取り入れましょう。,体調が整う日まで,,75,9,最新の健康習慣を1つ試す
TRANSIT_SUN,NATAL_MERCURY,0,General,11,Fire,0,Applying,知的な仲間との交流が未来を拓く時期です。,知恵が定着する日まで,,80,8,友人と有益な情報を交換する
TRANSIT_SUN,NATAL_MERCURY,0,Work,11,Fire,0,Applying,実務的な精度を高めましょう。,評価が高まる日まで,,75,7,ミスがないかダブルチェックする
TRANSIT_SUN,NATAL_MERCURY,0,Money,11,Fire,0,Applying,情報の取捨選択が金銭的メリットを生みます。,家計が安定する日まで,,65,6,支出項目を1つ精査する
TRANSIT_SUN,NATAL_MERCURY,0,Love,11,Fire,0,Applying,言葉による意思疎通を大切に。,理解が深まる日まで,,70,7,相手の話を最後まで聞く
TRANSIT_SUN,NATAL_MERCURY,0,Health,11,Fire,0,Applying,健康情報を収集し、習慣に取り入れましょう。,体調が整う日まで,,75,9,最新の健康習慣を1つ試す
TRANSIT_SUN,NATAL_MERCURY,0,General,11,Fire,0,Separating,知的な仲間との交流が未来を拓く時期です。,知恵が定着する日まで,,80,8,友人と有益な情報を交換する
TRANSIT_SUN,NATAL_MERCURY,0,Work,11,Fire,0,Separating,実務的な精度を高めましょう。,評価が高まる日まで,,75,7,ミスがないかダブルチェックする
TRANSIT_SUN,NATAL_MERCURY,0,Money,11,Fire,0,Separating,情報の取捨選択が金銭的メリットを生みます。,家計が安定する日まで,,65,6,支出項目を1つ精査する
TRANSIT_SUN,NATAL_MERCURY,0,Love,11,Fire,0,Separating,言葉による意思疎通を大切に。,理解が深まる日まで,,70,7,相手の話を最後まで聞く
TRANSIT_SUN,NATAL_MERCURY,0,Health,11,Fire,0,Separating,健康情報を収集し、習慣に取り入れましょう。,体調が整う日まで,,75,9,最新の健康習慣を1つ試す
TRANSIT_SUN,NATAL_MERCURY,0,General,11,Fire,1,Applying,知的な仲間との交流が未来を拓く時期です。,知恵が定着する日まで,,80,8,友人と有益な情報を交換する
TRANSIT_SUN,NATAL_MERCURY,0,Work,11,Fire,1,Applying,実務的な精度を高めましょう。,評価が高まる日まで,,75,7,ミスがないかダブルチェックする
TRANSIT_SUN,NATAL_MERCURY,0,Money,11,Fire,1,Applying,情報の取捨選択が金銭的メリットを生みます。,家計が安定する日まで,,65,6,支出項目を1つ精査する
TRANSIT_SUN,NATAL_MERCURY,0,Love,11,Fire,1,Applying,言葉による意思疎通を大切に。,理解が深まる日まで,,70,7,相手の話を最後まで聞く
TRANSIT_SUN,NATAL_MERCURY,0,Health,11,Fire,1,Applying,健康情報を収集し、習慣に取り入れましょう。,体調が整う日まで,,75,9,最新の健康習慣を1つ試す
TRANSIT_SUN,NATAL_MERCURY,0,General,11,Fire,1,Separating,知的な仲間との交流が未来を拓く時期です。,知恵が定着する日まで,,80,8,友人と有益な情報を交換する
TRANSIT_SUN,NATAL_MERCURY,0,Work,11,Fire,1,Separating,実務的な精度を高めましょう。,評価が高まる日まで,,75,7,ミスがないかダブルチェックする
TRANSIT_SUN,NATAL_MERCURY,0,Money,11,Fire,1,Separating,情報の取捨選択が金銭的メリットを生みます。,家計が安定する日まで,,65,6,支出項目を1つ精査する
TRANSIT_SUN,NATAL_MERCURY,0,Love,11,Fire,1,Separating,言葉による意思疎通を大切に。,理解が深まる日まで,,70,7,相手の話を最後まで聞く
TRANSIT_SUN,NATAL_MERCURY,0,Health,11,Fire,1,Separating,健康情報を収集し、習慣に取り入れましょう。,体調が整う日まで,,75,9,最新の健康習慣を1つ試す
TRANSIT_SUN,NATAL_MERCURY,0,General,11,Earth,0,Applying,知的な仲間との交流が未来を拓く時期です。,知恵が定着する日まで,,80,8,友人と有益な情報を交換する
TRANSIT_SUN,NATAL_MERCURY,0,Work,11,Earth,0,Applying,実務的な精度を高めましょう。,評価が高まる日まで,,75,7,ミスがないかダブルチェックする
TRANSIT_SUN,NATAL_MERCURY,0,Money,11,Earth,0,Applying,情報の取捨選択が金銭的メリットを生みます。,家計が安定する日まで,,65,6,支出項目を1つ精査する
TRANSIT_SUN,NATAL_MERCURY,0,Love,11,Earth,0,Applying,言葉による意思疎通を大切に。,理解が深まる日まで,,70,7,相手の話を最後まで聞く
TRANSIT_SUN,NATAL_MERCURY,0,Health,11,Earth,0,Applying,健康情報を収集し、習慣に取り入れましょう。,体調が整う日まで,,75,9,最新の健康習慣を1つ試す
TRANSIT_SUN,NATAL_MERCURY,0,General,11,Earth,0,Separating,知的な仲間との交流が未来を拓く時期です。,知恵が定着する日まで,,80,8,友人と有益な情報を交換する
TRANSIT_SUN,NATAL_MERCURY,0,Work,11,Earth,0,Separating,実務的な精度を高めましょう。,評価が高まる日まで,,75,7,ミスがないかダブルチェックする
TRANSIT_SUN,NATAL_MERCURY,0,Money,11,Earth,0,Separating,情報の取捨選択が金銭的メリットを生みます。,家計が安定する日まで,,65,6,支出項目を1つ精査する
TRANSIT_SUN,NATAL_MERCURY,0,Love,11,Earth,0,Separating,言葉による意思疎通を大切に。,理解が深まる日まで,,70,7,相手の話を最後まで聞く
TRANSIT_SUN,NATAL_MERCURY,0,Health,11,Earth,0,Separating,健康情報を収集し、習慣に取り入れましょう。,体調が整う日まで,,75,9,最新の健康習慣を1つ試す
TRANSIT_SUN,NATAL_MERCURY,0,General,11,Earth,1,Applying,知的な仲間との交流が未来を拓く時期です。,知恵が定着する日まで,,80,8,友人と有益な情報を交換する
TRANSIT_SUN,NATAL_MERCURY,0,Work,11,Earth,1,Applying,実務的な精度を高めましょう。,評価が高まる日まで,,75,7,ミスがないかダブルチェックする
TRANSIT_SUN,NATAL_MERCURY,0,Money,11,Earth,1,Applying,情報の取捨選択が金銭的メリットを生みます。,家計が安定する日まで,,65,6,支出項目を1つ精査する
TRANSIT_SUN,NATAL_MERCURY,0,Love,11,Earth,1,Applying,言葉による意思疎通を大切に。,理解が深まる日まで,,70,7,相手の話を最後まで聞く
TRANSIT_SUN,NATAL_MERCURY,0,Health,11,Earth,1,Applying,健康情報を収集し、習慣に取り入れましょう。,体調が整う日まで,,75,9,最新の健康習慣を1つ試す
TRANSIT_SUN,NATAL_MERCURY,0,General,11,Earth,1,Separating,知的な仲間との交流が未来を拓く時期です。,知恵が定着する日まで,,80,8,友人と有益な情報を交換する
TRANSIT_SUN,NATAL_MERCURY,0,Work,11,Earth,1,Separating,実務的な精度を高めましょう。,評価が高まる日まで,,75,7,ミスがないかダブルチェックする
TRANSIT_SUN,NATAL_MERCURY,0,Money,11,Earth,1,Separating,情報の取捨選択が金銭的メリットを生みます。,家計が安定する日まで,,65,6,支出項目を1つ精査する
TRANSIT_SUN,NATAL_MERCURY,0,Love,11,Earth,1,Separating,言葉による意思疎通を大切に。,理解が深まる日まで,,70,7,相手の話を最後まで聞く
TRANSIT_SUN,NATAL_MERCURY,0,Health,11,Earth,1,Separating,健康情報を収集し、習慣に取り入れましょう。,体調が整う日まで,,75,9,最新の健康習慣を1つ試す
TRANSIT_SUN,NATAL_MERCURY,0,General,11,Air,0,Applying,知的な仲間との交流が未来を拓く時期です。,知恵が定着する日まで,,80,8,友人と有益な情報を交換する
TRANSIT_SUN,NATAL_MERCURY,0,Work,11,Air,0,Applying,実務的な精度を高めましょう。,評価が高まる日まで,,75,7,ミスがないかダブルチェックする
TRANSIT_SUN,NATAL_MERCURY,0,Money,11,Air,0,Applying,情報の取捨選択が金銭的メリットを生みます。,家計が安定する日まで,,65,6,支出項目を1つ精査する
TRANSIT_SUN,NATAL_MERCURY,0,Love,11,Air,0,Applying,言葉による意思疎通を大切に。,理解が深まる日まで,,70,7,相手の話を最後まで聞く
TRANSIT_SUN,NATAL_MERCURY,0,Health,11,Air,0,Applying,健康情報を収集し、習慣に取り入れましょう。,体調が整う日まで,,75,9,最新の健康習慣を1つ試す
TRANSIT_SUN,NATAL_MERCURY,0,General,11,Air,0,Separating,知的な仲間との交流が未来を拓く時期です。,知恵が定着する日まで,,80,8,友人と有益な情報を交換する
TRANSIT_SUN,NATAL_MERCURY,0,Work,11,Air,0,Separating,実務的な精度を高めましょう。,評価が高まる日まで,,75,7,ミスがないかダブルチェックする
TRANSIT_SUN,NATAL_MERCURY,0,Money,11,Air,0,Separating,情報の取捨選択が金銭的メリットを生みます。,家計が安定する日まで,,65,6,支出項目を1つ精査する
TRANSIT_SUN,NATAL_MERCURY,0,Love,11,Air,0,Separating,言葉による意思疎通を大切に。,理解が深まる日まで,,70,7,相手の話を最後まで聞く
TRANSIT_SUN,NATAL_MERCURY,0,Health,11,Air,0,Separating,健康情報を収集し、習慣に取り入れましょう。,体調が整う日まで,,75,9,最新の健康習慣を1つ試す
TRANSIT_SUN,NATAL_MERCURY,0,General,11,Air,1,Applying,知的な仲間との交流が未来を拓く時期です。,知恵が定着する日まで,,80,8,友人と有益な情報を交換する
TRANSIT_SUN,NATAL_MERCURY,0,Work,11,Air,1,Applying,実務的な精度を高めましょう。,評価が高まる日まで,,75,7,ミスがないかダブルチェックする
TRANSIT_SUN,NATAL_MERCURY,0,Money,11,Air,1,Applying,情報の取捨選択が金銭的メリットを生みます。,家計が安定する日まで,,65,6,支出項目を1つ精査する
TRANSIT_SUN,NATAL_MERCURY,0,Love,11,Air,1,Applying,言葉による意思疎通を大切に。,理解が深まる日まで,,70,7,相手の話を最後まで聞く
TRANSIT_SUN,NATAL_MERCURY,0,Health,11,Air,1,Applying,健康情報を収集し、習慣に取り入れましょう。,体調が整う日まで,,75,9,最新の健康習慣を1つ試す
TRANSIT_SUN,NATAL_MERCURY,0,General,11,Air,1,Separating,知的な仲間との交流が未来を拓く時期です。,知恵が定着する日まで,,80,8,友人と有益な情報を交換する
TRANSIT_SUN,NATAL_MERCURY,0,Work,11,Air,1,Separating,実務的な精度を高めましょう。,評価が高まる日まで,,75,7,ミスがないかダブルチェックする
TRANSIT_SUN,NATAL_MERCURY,0,Money,11,Air,1,Separating,情報の取捨選択が金銭的メリットを生みます。,家計が安定する日まで,,65,6,支出項目を1つ精査する
TRANSIT_SUN,NATAL_MERCURY,0,Love,11,Air,1,Separating,言葉による意思疎通を大切に。,理解が深まる日まで,,70,7,相手の話を最後まで聞く
TRANSIT_SUN,NATAL_MERCURY,0,Health,11,Air,1,Separating,健康情報を収集し、習慣に取り入れましょう。,体調が整う日まで,,75,9,最新の健康習慣を1つ試す
TRANSIT_SUN,NATAL_MERCURY,0,General,11,Water,0,Applying,知的な仲間との交流が未来を拓く時期です。,知恵が定着する日まで,,80,8,友人と有益な情報を交換する
TRANSIT_SUN,NATAL_MERCURY,0,Work,11,Water,0,Applying,実務的な精度を高めましょう。,評価が高まる日まで,,75,7,ミスがないかダブルチェックする
TRANSIT_SUN,NATAL_MERCURY,0,Money,11,Water,0,Applying,情報の取捨選択が金銭的メリットを生みます。,家計が安定する日まで,,65,6,支出項目を1つ精査する
TRANSIT_SUN,NATAL_MERCURY,0,Love,11,Water,0,Applying,言葉による意思疎通を大切に。,理解が深まる日まで,,70,7,相手の話を最後まで聞く
TRANSIT_SUN,NATAL_MERCURY,0,Health,11,Water,0,Applying,健康情報を収集し、習慣に取り入れましょう。,体調が整う日まで,,75,9,最新の健康習慣を1つ試す
TRANSIT_SUN,NATAL_MERCURY,0,General,11,Water,0,Separating,知的な仲間との交流が未来を拓く時期です。,知恵が定着する日まで,,80,8,友人と有益な情報を交換する
TRANSIT_SUN,NATAL_MERCURY,0,Work,11,Water,0,Separating,実務的な精度を高めましょう。,評価が高まる日まで,,75,7,ミスがないかダブルチェックする
TRANSIT_SUN,NATAL_MERCURY,0,Money,11,Water,0,Separating,情報の取捨選択が金銭的メリットを生みます。,家計が安定する日まで,,65,6,支出項目を1つ精査する
TRANSIT_SUN,NATAL_MERCURY,0,Love,11,Water,0,Separating,言葉による意思疎通を大切に。,理解が深まる日まで,,70,7,相手の話を最後まで聞く
TRANSIT_SUN,NATAL_MERCURY,0,Health,11,Water,0,Separating,健康情報を収集し、習慣に取り入れましょう。,体調が整う日まで,,75,9,最新の健康習慣を1つ試す
TRANSIT_SUN,NATAL_MERCURY,0,General,11,Water,1,Applying,知的な仲間との交流が未来を拓く時期です。,知恵が定着する日まで,,80,8,友人と有益な情報を交換する
TRANSIT_SUN,NATAL_MERCURY,0,Work,11,Water,1,Applying,実務的な精度を高めましょう。,評価が高まる日まで,,75,7,ミスがないかダブルチェックする
TRANSIT_SUN,NATAL_MERCURY,0,Money,11,Water,1,Applying,情報の取捨選択が金銭的メリットを生みます。,家計が安定する日まで,,65,6,支出項目を1つ精査する
TRANSIT_SUN,NATAL_MERCURY,0,Love,11,Water,1,Applying,言葉による意思疎通を大切に。,理解が深まる日まで,,70,7,相手の話を最後まで聞く
TRANSIT_SUN,NATAL_MERCURY,0,Health,11,Water,1,Applying,健康情報を収集し、習慣に取り入れましょう。,体調が整う日まで,,75,9,最新の健康習慣を1つ試す
TRANSIT_SUN,NATAL_MERCURY,0,General,11,Water,1,Separating,知的な仲間との交流が未来を拓く時期です。,知恵が定着する日まで,,80,8,友人と有益な情報を交換する
TRANSIT_SUN,NATAL_MERCURY,0,Work,11,Water,1,Separating,実務的な精度を高めましょう。,評価が高まる日まで,,75,7,ミスがないかダブルチェックする
TRANSIT_SUN,NATAL_MERCURY,0,Money,11,Water,1,Separating,情報の取捨選択が金銭的メリットを生みます。,家計が安定する日まで,,65,6,支出項目を1つ精査する
TRANSIT_SUN,NATAL_MERCURY,0,Love,11,Water,1,Separating,言葉による意思疎通を大切に。,理解が深まる日まで,,70,7,相手の話を最後まで聞く
TRANSIT_SUN,NATAL_MERCURY,0,Health,11,Water,1,Separating,健康情報を収集し、習慣に取り入れましょう。,体調が整う日まで,,75,9,最新の健康習慣を1つ試す
TRANSIT_SUN,NATAL_MERCURY,0,General,12,Fire,0,Applying,内面を整理し、静かに知識を深める時期です。,知恵が定着する日まで,,80,8,15分間の読書や内省を行う
TRANSIT_SUN,NATAL_MERCURY,0,Work,12,Fire,0,Applying,実務的な精度を高めましょう。,評価が高まる日まで,,75,7,ミスがないかダブルチェックする
TRANSIT_SUN,NATAL_MERCURY,0,Money,12,Fire,0,Applying,情報の取捨選択が金銭的メリットを生みます。,家計が安定する日まで,,65,6,支出項目を1つ精査する
TRANSIT_SUN,NATAL_MERCURY,0,Love,12,Fire,0,Applying,言葉による意思疎通を大切に。,理解が深まる日まで,,70,7,相手の話を最後まで聞く
TRANSIT_SUN,NATAL_MERCURY,0,Health,12,Fire,0,Applying,健康情報を収集し、習慣に取り入れましょう。,体調が整う日まで,,75,9,最新の健康習慣を1つ試す
TRANSIT_SUN,NATAL_MERCURY,0,General,12,Fire,0,Separating,内面を整理し、静かに知識を深める時期です。,知恵が定着する日まで,,80,8,15分間の読書や内省を行う
TRANSIT_SUN,NATAL_MERCURY,0,Work,12,Fire,0,Separating,実務的な精度を高めましょう。,評価が高まる日まで,,75,7,ミスがないかダブルチェックする
TRANSIT_SUN,NATAL_MERCURY,0,Money,12,Fire,0,Separating,情報の取捨選択が金銭的メリットを生みます。,家計が安定する日まで,,65,6,支出項目を1つ精査する
TRANSIT_SUN,NATAL_MERCURY,0,Love,12,Fire,0,Separating,言葉による意思疎通を大切に。,理解が深まる日まで,,70,7,相手の話を最後まで聞く
TRANSIT_SUN,NATAL_MERCURY,0,Health,12,Fire,0,Separating,健康情報を収集し、習慣に取り入れましょう。,体調が整う日まで,,75,9,最新の健康習慣を1つ試す
TRANSIT_SUN,NATAL_MERCURY,0,General,12,Fire,1,Applying,内面を整理し、静かに知識を深める時期です。,知恵が定着する日まで,,80,8,15分間の読書や内省を行う
TRANSIT_SUN,NATAL_MERCURY,0,Work,12,Fire,1,Applying,実務的な精度を高めましょう。,評価が高まる日まで,,75,7,ミスがないかダブルチェックする
TRANSIT_SUN,NATAL_MERCURY,0,Money,12,Fire,1,Applying,情報の取捨選択が金銭的メリットを生みます。,家計が安定する日まで,,65,6,支出項目を1つ精査する
TRANSIT_SUN,NATAL_MERCURY,0,Love,12,Fire,1,Applying,言葉による意思疎通を大切に。,理解が深まる日まで,,70,7,相手の話を最後まで聞く
TRANSIT_SUN,NATAL_MERCURY,0,Health,12,Fire,1,Applying,健康情報を収集し、習慣に取り入れましょう。,体調が整う日まで,,75,9,最新の健康習慣を1つ試す
TRANSIT_SUN,NATAL_MERCURY,0,General,12,Fire,1,Separating,内面を整理し、静かに知識を深める時期です。,知恵が定着する日まで,,80,8,15分間の読書や内省を行う
TRANSIT_SUN,NATAL_MERCURY,0,Work,12,Fire,1,Separating,実務的な精度を高めましょう。,評価が高まる日まで,,75,7,ミスがないかダブルチェックする
TRANSIT_SUN,NATAL_MERCURY,0,Money,12,Fire,1,Separating,情報の取捨選択が金銭的メリットを生みます。,家計が安定する日まで,,65,6,支出項目を1つ精査する
TRANSIT_SUN,NATAL_MERCURY,0,Love,12,Fire,1,Separating,言葉による意思疎通を大切に。,理解が深まる日まで,,70,7,相手の話を最後まで聞く
TRANSIT_SUN,NATAL_MERCURY,0,Health,12,Fire,1,Separating,健康情報を収集し、習慣に取り入れましょう。,体調が整う日まで,,75,9,最新の健康習慣を1つ試す
TRANSIT_SUN,NATAL_MERCURY,0,General,12,Earth,0,Applying,内面を整理し、静かに知識を深める時期です。,知恵が定着する日まで,,80,8,15分間の読書や内省を行う
TRANSIT_SUN,NATAL_MERCURY,0,Work,12,Earth,0,Applying,実務的な精度を高めましょう。,評価が高まる日まで,,75,7,ミスがないかダブルチェックする
TRANSIT_SUN,NATAL_MERCURY,0,Money,12,Earth,0,Applying,情報の取捨選択が金銭的メリットを生みます。,家計が安定する日まで,,65,6,支出項目を1つ精査する
TRANSIT_SUN,NATAL_MERCURY,0,Love,12,Earth,0,Applying,言葉による意思疎通を大切に。,理解が深まる日まで,,70,7,相手の話を最後まで聞く
TRANSIT_SUN,NATAL_MERCURY,0,Health,12,Earth,0,Applying,健康情報を収集し、習慣に取り入れましょう。,体調が整う日まで,,75,9,最新の健康習慣を1つ試す
TRANSIT_SUN,NATAL_MERCURY,0,General,12,Earth,0,Separating,内面を整理し、静かに知識を深める時期です。,知恵が定着する日まで,,80,8,15分間の読書や内省を行う
TRANSIT_SUN,NATAL_MERCURY,0,Work,12,Earth,0,Separating,実務的な精度を高めましょう。,評価が高まる日まで,,75,7,ミスがないかダブルチェックする
TRANSIT_SUN,NATAL_MERCURY,0,Money,12,Earth,0,Separating,情報の取捨選択が金銭的メリットを生みます。,家計が安定する日まで,,65,6,支出項目を1つ精査する
TRANSIT_SUN,NATAL_MERCURY,0,Love,12,Earth,0,Separating,言葉による意思疎通を大切に。,理解が深まる日まで,,70,7,相手の話を最後まで聞く
TRANSIT_SUN,NATAL_MERCURY,0,Health,12,Earth,0,Separating,健康情報を収集し、習慣に取り入れましょう。,体調が整う日まで,,75,9,最新の健康習慣を1つ試す
TRANSIT_SUN,NATAL_MERCURY,0,General,12,Earth,1,Applying,内面を整理し、静かに知識を深める時期です。,知恵が定着する日まで,,80,8,15分間の読書や内省を行う
TRANSIT_SUN,NATAL_MERCURY,0,Work,12,Earth,1,Applying,実務的な精度を高めましょう。,評価が高まる日まで,,75,7,ミスがないかダブルチェックする
TRANSIT_SUN,NATAL_MERCURY,0,Money,12,Earth,1,Applying,情報の取捨選択が金銭的メリットを生みます。,家計が安定する日まで,,65,6,支出項目を1つ精査する
TRANSIT_SUN,NATAL_MERCURY,0,Love,12,Earth,1,Applying,言葉による意思疎通を大切に。,理解が深まる日まで,,70,7,相手の話を最後まで聞く
TRANSIT_SUN,NATAL_MERCURY,0,Health,12,Earth,1,Applying,健康情報を収集し、習慣に取り入れましょう。,体調が整う日まで,,75,9,最新の健康習慣を1つ試す
TRANSIT_SUN,NATAL_MERCURY,0,General,12,Earth,1,Separating,内面を整理し、静かに知識を深める時期です。,知恵が定着する日まで,,80,8,15分間の読書や内省を行う
TRANSIT_SUN,NATAL_MERCURY,0,Work,12,Earth,1,Separating,実務的な精度を高めましょう。,評価が高まる日まで,,75,7,ミスがないかダブルチェックする
TRANSIT_SUN,NATAL_MERCURY,0,Money,12,Earth,1,Separating,情報の取捨選択が金銭的メリットを生みます。,家計が安定する日まで,,65,6,支出項目を1つ精査する
TRANSIT_SUN,NATAL_MERCURY,0,Love,12,Earth,1,Separating,言葉による意思疎通を大切に。,理解が深まる日まで,,70,7,相手の話を最後まで聞く
TRANSIT_SUN,NATAL_MERCURY,0,Health,12,Earth,1,Separating,健康情報を収集し、習慣に取り入れましょう。,体調が整う日まで,,75,9,最新の健康習慣を1つ試す
TRANSIT_SUN,NATAL_MERCURY,0,General,12,Air,0,Applying,内面を整理し、静かに知識を深める時期です。,知恵が定着する日まで,,80,8,15分間の読書や内省を行う
TRANSIT_SUN,NATAL_MERCURY,0,Work,12,Air,0,Applying,実務的な精度を高めましょう。,評価が高まる日まで,,75,7,ミスがないかダブルチェックする
TRANSIT_SUN,NATAL_MERCURY,0,Money,12,Air,0,Applying,情報の取捨選択が金銭的メリットを生みます。,家計が安定する日まで,,65,6,支出項目を1つ精査する
TRANSIT_SUN,NATAL_MERCURY,0,Love,12,Air,0,Applying,言葉による意思疎通を大切に。,理解が深まる日まで,,70,7,相手の話を最後まで聞く
TRANSIT_SUN,NATAL_MERCURY,0,Health,12,Air,0,Applying,健康情報を収集し、習慣に取り入れましょう。,体調が整う日まで,,75,9,最新の健康習慣を1つ試す
TRANSIT_SUN,NATAL_MERCURY,0,General,12,Air,0,Separating,内面を整理し、静かに知識を深める時期です。,知恵が定着する日まで,,80,8,15分間の読書や内省を行う
TRANSIT_SUN,NATAL_MERCURY,0,Work,12,Air,0,Separating,実務的な精度を高めましょう。,評価が高まる日まで,,75,7,ミスがないかダブルチェックする
TRANSIT_SUN,NATAL_MERCURY,0,Money,12,Air,0,Separating,情報の取捨選択が金銭的メリットを生みます。,家計が安定する日まで,,65,6,支出項目を1つ精査する
TRANSIT_SUN,NATAL_MERCURY,0,Love,12,Air,0,Separating,言葉による意思疎通を大切に。,理解が深まる日まで,,70,7,相手の話を最後まで聞く
TRANSIT_SUN,NATAL_MERCURY,0,Health,12,Air,0,Separating,健康情報を収集し、習慣に取り入れましょう。,体調が整う日まで,,75,9,最新の健康習慣を1つ試す
TRANSIT_SUN,NATAL_MERCURY,0,General,12,Air,1,Applying,内面を整理し、静かに知識を深める時期です。,知恵が定着する日まで,,80,8,15分間の読書や内省を行う
TRANSIT_SUN,NATAL_MERCURY,0,Work,12,Air,1,Applying,実務的な精度を高めましょう。,評価が高まる日まで,,75,7,ミスがないかダブルチェックする
TRANSIT_SUN,NATAL_MERCURY,0,Money,12,Air,1,Applying,情報の取捨選択が金銭的メリットを生みます。,家計が安定する日まで,,65,6,支出項目を1つ精査する
TRANSIT_SUN,NATAL_MERCURY,0,Love,12,Air,1,Applying,言葉による意思疎通を大切に。,理解が深まる日まで,,70,7,相手の話を最後まで聞く
TRANSIT_SUN,NATAL_MERCURY,0,Health,12,Air,1,Applying,健康情報を収集し、習慣に取り入れましょう。,体調が整う日まで,,75,9,最新の健康習慣を1つ試す
TRANSIT_SUN,NATAL_MERCURY,0,General,12,Air,1,Separating,内面を整理し、静かに知識を深める時期です。,知恵が定着する日まで,,80,8,15分間の読書や内省を行う
TRANSIT_SUN,NATAL_MERCURY,0,Work,12,Air,1,Separating,実務的な精度を高めましょう。,評価が高まる日まで,,75,7,ミスがないかダブルチェックする
TRANSIT_SUN,NATAL_MERCURY,0,Money,12,Air,1,Separating,情報の取捨選択が金銭的メリットを生みます。,家計が安定する日まで,,65,6,支出項目を1つ精査する
TRANSIT_SUN,NATAL_MERCURY,0,Love,12,Air,1,Separating,言葉による意思疎通を大切に。,理解が深まる日まで,,70,7,相手の話を最後まで聞く
TRANSIT_SUN,NATAL_MERCURY,0,Health,12,Air,1,Separating,健康情報を収集し、習慣に取り入れましょう。,体調が整う日まで,,75,9,最新の健康習慣を1つ試す
TRANSIT_SUN,NATAL_MERCURY,0,General,12,Water,0,Applying,内面を整理し、静かに知識を深める時期です。,知恵が定着する日まで,,80,8,15分間の読書や内省を行う
TRANSIT_SUN,NATAL_MERCURY,0,Work,12,Water,0,Applying,実務的な精度を高めましょう。,評価が高まる日まで,,75,7,ミスがないかダブルチェックする
TRANSIT_SUN,NATAL_MERCURY,0,Money,12,Water,0,Applying,情報の取捨選択が金銭的メリットを生みます。,家計が安定する日まで,,65,6,支出項目を1つ精査する
TRANSIT_SUN,NATAL_MERCURY,0,Love,12,Water,0,Applying,言葉による意思疎通を大切に。,理解が深まる日まで,,70,7,相手の話を最後まで聞く
TRANSIT_SUN,NATAL_MERCURY,0,Health,12,Water,0,Applying,健康情報を収集し、習慣に取り入れましょう。,体調が整う日まで,,75,9,最新の健康習慣を1つ試す
TRANSIT_SUN,NATAL_MERCURY,0,General,12,Water,0,Separating,内面を整理し、静かに知識を深める時期です。,知恵が定着する日まで,,80,8,15分間の読書や内省を行う
TRANSIT_SUN,NATAL_MERCURY,0,Work,12,Water,0,Separating,実務的な精度を高めましょう。,評価が高まる日まで,,75,7,ミスがないかダブルチェックする
TRANSIT_SUN,NATAL_MERCURY,0,Money,12,Water,0,Separating,情報の取捨選択が金銭的メリットを生みます。,家計が安定する日まで,,65,6,支出項目を1つ精査する
TRANSIT_SUN,NATAL_MERCURY,0,Love,12,Water,0,Separating,言葉による意思疎通を大切に。,理解が深まる日まで,,70,7,相手の話を最後まで聞く
TRANSIT_SUN,NATAL_MERCURY,0,Health,12,Water,0,Separating,健康情報を収集し、習慣に取り入れましょう。,体調が整う日まで,,75,9,最新の健康習慣を1つ試す
TRANSIT_SUN,NATAL_MERCURY,0,General,12,Water,1,Applying,内面を整理し、静かに知識を深める時期です。,知恵が定着する日まで,,80,8,15分間の読書や内省を行う
TRANSIT_SUN,NATAL_MERCURY,0,Work,12,Water,1,Applying,実務的な精度を高めましょう。,評価が高まる日まで,,75,7,ミスがないかダブルチェックする
TRANSIT_SUN,NATAL_MERCURY,0,Money,12,Water,1,Applying,情報の取捨選択が金銭的メリットを生みます。,家計が安定する日まで,,65,6,支出項目を1つ精査する
TRANSIT_SUN,NATAL_MERCURY,0,Love,12,Water,1,Applying,言葉による意思疎通を大切に。,理解が深まる日まで,,70,7,相手の話を最後まで聞く
TRANSIT_SUN,NATAL_MERCURY,0,Health,12,Water,1,Applying,健康情報を収集し、習慣に取り入れましょう。,体調が整う日まで,,75,9,最新の健康習慣を1つ試す
TRANSIT_SUN,NATAL_MERCURY,0,General,12,Water,1,Separating,内面を整理し、静かに知識を深める時期です。,知恵が定着する日まで,,80,8,15分間の読書や内省を行う
TRANSIT_SUN,NATAL_MERCURY,0,Work,12,Water,1,Separating,実務的な精度を高めましょう。,評価が高まる日まで,,75,7,ミスがないかダブルチェックする
TRANSIT_SUN,NATAL_MERCURY,0,Money,12,Water,1,Separating,情報の取捨選択が金銭的メリットを生みます。,家計が安定する日まで,,65,6,支出項目を1つ精査する
TRANSIT_SUN,NATAL_MERCURY,0,Love,12,Water,1,Separating,言葉による意思疎通を大切に。,理解が深まる日まで,,70,7,相手の話を最後まで聞く
TRANSIT_SUN,NATAL_MERCURY,0,Health,12,Water,1,Separating,健康情報を収集し、習慣に取り入れましょう。,体調が整う日まで,,75,9,最新の健康習慣を1つ試す
TRANSIT_SUN,NATAL_VENUS,0,General,1,Fire,0,Applying,自分自身の魅力が高まり、対人関係が円滑になる時期です。,魅力が輝く日まで,,85,10,自分の長所を3つ書き出してみる
TRANSIT_SUN,NATAL_VENUS,0,Work,1,Fire,0,Applying,円滑な人間関係が仕事の成果に繋がります。,職場の雰囲気が良くなる日まで,,75,8,同僚に感謝を伝える
TRANSIT_SUN,NATAL_VENUS,0,Money,1,Fire,0,Applying,満足度の高い支出ができる時期です。,資産が心を満たす日まで,,70,7,長く使える質の良いものを1つ選ぶ
TRANSIT_SUN,NATAL_VENUS,0,Love,1,Fire,0,Applying,愛情表現が豊かになり、絆が深まる時です。,愛が深まる日まで,,80,10,大切な人と美味しい食事を楽しむ
TRANSIT_SUN,NATAL_VENUS,0,Health,1,Fire,0,Applying,心地よい休息と美容が健康を支えます。,輝きが増す日まで,,75,9,入浴やスキンケアに時間をかける
TRANSIT_SUN,NATAL_VENUS,0,General,1,Fire,0,Separating,自分自身の魅力が高まり、対人関係が円滑になる時期です。,魅力が輝く日まで,,85,10,自分の長所を3つ書き出してみる
TRANSIT_SUN,NATAL_VENUS,0,Work,1,Fire,0,Separating,円滑な人間関係が仕事の成果に繋がります。,職場の雰囲気が良くなる日まで,,75,8,同僚に感謝を伝える
TRANSIT_SUN,NATAL_VENUS,0,Money,1,Fire,0,Separating,満足度の高い支出ができる時期です。,資産が心を満たす日まで,,70,7,長く使える質の良いものを1つ選ぶ
TRANSIT_SUN,NATAL_VENUS,0,Love,1,Fire,0,Separating,愛情表現が豊かになり、絆が深まる時です。,愛が深まる日まで,,80,10,大切な人と美味しい食事を楽しむ
TRANSIT_SUN,NATAL_VENUS,0,Health,1,Fire,0,Separating,心地よい休息と美容が健康を支えます。,輝きが増す日まで,,75,9,入浴やスキンケアに時間をかける
TRANSIT_SUN,NATAL_VENUS,0,General,1,Fire,1,Applying,自分自身の魅力が高まり、対人関係が円滑になる時期です。,魅力が輝く日まで,,85,10,自分の長所を3つ書き出してみる
TRANSIT_SUN,NATAL_VENUS,0,Work,1,Fire,1,Applying,円滑な人間関係が仕事の成果に繋がります。,職場の雰囲気が良くなる日まで,,75,8,同僚に感謝を伝える
TRANSIT_SUN,NATAL_VENUS,0,Money,1,Fire,1,Applying,満足度の高い支出ができる時期です。,資産が心を満たす日まで,,70,7,長く使える質の良いものを1つ選ぶ
TRANSIT_SUN,NATAL_VENUS,0,Love,1,Fire,1,Applying,愛情表現が豊かになり、絆が深まる時です。,愛が深まる日まで,,80,10,大切な人と美味しい食事を楽しむ
TRANSIT_SUN,NATAL_VENUS,0,Health,1,Fire,1,Applying,心地よい休息と美容が健康を支えます。,輝きが増す日まで,,75,9,入浴やスキンケアに時間をかける
TRANSIT_SUN,NATAL_VENUS,0,General,1,Fire,1,Separating,自分自身の魅力が高まり、対人関係が円滑になる時期です。,魅力が輝く日まで,,85,10,自分の長所を3つ書き出してみる
TRANSIT_SUN,NATAL_VENUS,0,Work,1,Fire,1,Separating,円滑な人間関係が仕事の成果に繋がります。,職場の雰囲気が良くなる日まで,,75,8,同僚に感謝を伝える
TRANSIT_SUN,NATAL_VENUS,0,Money,1,Fire,1,Separating,満足度の高い支出ができる時期です。,資産が心を満たす日まで,,70,7,長く使える質の良いものを1つ選ぶ
TRANSIT_SUN,NATAL_VENUS,0,Love,1,Fire,1,Separating,愛情表現が豊かになり、絆が深まる時です。,愛が深まる日まで,,80,10,大切な人と美味しい食事を楽しむ
TRANSIT_SUN,NATAL_VENUS,0,Health,1,Fire,1,Separating,心地よい休息と美容が健康を支えます。,輝きが増す日まで,,75,9,入浴やスキンケアに時間をかける
TRANSIT_SUN,NATAL_VENUS,0,General,1,Earth,0,Applying,自分自身の魅力が高まり、対人関係が円滑になる時期です。,魅力が輝く日まで,,85,10,自分の長所を3つ書き出してみる
TRANSIT_SUN,NATAL_VENUS,0,Work,1,Earth,0,Applying,円滑な人間関係が仕事の成果に繋がります。,職場の雰囲気が良くなる日まで,,75,8,同僚に感謝を伝える
TRANSIT_SUN,NATAL_VENUS,0,Money,1,Earth,0,Applying,満足度の高い支出ができる時期です。,資産が心を満たす日まで,,70,7,長く使える質の良いものを1つ選ぶ
TRANSIT_SUN,NATAL_VENUS,0,Love,1,Earth,0,Applying,愛情表現が豊かになり、絆が深まる時です。,愛が深まる日まで,,80,10,大切な人と美味しい食事を楽しむ
TRANSIT_SUN,NATAL_VENUS,0,Health,1,Earth,0,Applying,心地よい休息と美容が健康を支えます。,輝きが増す日まで,,75,9,入浴やスキンケアに時間をかける
TRANSIT_SUN,NATAL_VENUS,0,General,1,Earth,0,Separating,自分自身の魅力が高まり、対人関係が円滑になる時期です。,魅力が輝く日まで,,85,10,自分の長所を3つ書き出してみる
TRANSIT_SUN,NATAL_VENUS,0,Work,1,Earth,0,Separating,円滑な人間関係が仕事の成果に繋がります。,職場の雰囲気が良くなる日まで,,75,8,同僚に感謝を伝える
TRANSIT_SUN,NATAL_VENUS,0,Money,1,Earth,0,Separating,満足度の高い支出ができる時期です。,資産が心を満たす日まで,,70,7,長く使える質の良いものを1つ選ぶ
TRANSIT_SUN,NATAL_VENUS,0,Love,1,Earth,0,Separating,愛情表現が豊かになり、絆が深まる時です。,愛が深まる日まで,,80,10,大切な人と美味しい食事を楽しむ
TRANSIT_SUN,NATAL_VENUS,0,Health,1,Earth,0,Separating,心地よい休息と美容が健康を支えます。,輝きが増す日まで,,75,9,入浴やスキンケアに時間をかける
TRANSIT_SUN,NATAL_VENUS,0,General,1,Earth,1,Applying,自分自身の魅力が高まり、対人関係が円滑になる時期です。,魅力が輝く日まで,,85,10,自分の長所を3つ書き出してみる
TRANSIT_SUN,NATAL_VENUS,0,Work,1,Earth,1,Applying,円滑な人間関係が仕事の成果に繋がります。,職場の雰囲気が良くなる日まで,,75,8,同僚に感謝を伝える
TRANSIT_SUN,NATAL_VENUS,0,Money,1,Earth,1,Applying,満足度の高い支出ができる時期です。,資産が心を満たす日まで,,70,7,長く使える質の良いものを1つ選ぶ
TRANSIT_SUN,NATAL_VENUS,0,Love,1,Earth,1,Applying,愛情表現が豊かになり、絆が深まる時です。,愛が深まる日まで,,80,10,大切な人と美味しい食事を楽しむ
TRANSIT_SUN,NATAL_VENUS,0,Health,1,Earth,1,Applying,心地よい休息と美容が健康を支えます。,輝きが増す日まで,,75,9,入浴やスキンケアに時間をかける
TRANSIT_SUN,NATAL_VENUS,0,General,1,Earth,1,Separating,自分自身の魅力が高まり、対人関係が円滑になる時期です。,魅力が輝く日まで,,85,10,自分の長所を3つ書き出してみる
TRANSIT_SUN,NATAL_VENUS,0,Work,1,Earth,1,Separating,円滑な人間関係が仕事の成果に繋がります。,職場の雰囲気が良くなる日まで,,75,8,同僚に感謝を伝える
TRANSIT_SUN,NATAL_VENUS,0,Money,1,Earth,1,Separating,満足度の高い支出ができる時期です。,資産が心を満たす日まで,,70,7,長く使える質の良いものを1つ選ぶ
TRANSIT_SUN,NATAL_VENUS,0,Love,1,Earth,1,Separating,愛情表現が豊かになり、絆が深まる時です。,愛が深まる日まで,,80,10,大切な人と美味しい食事を楽しむ
TRANSIT_SUN,NATAL_VENUS,0,Health,1,Earth,1,Separating,心地よい休息と美容が健康を支えます。,輝きが増す日まで,,75,9,入浴やスキンケアに時間をかける
TRANSIT_SUN,NATAL_VENUS,0,General,1,Air,0,Applying,自分自身の魅力が高まり、対人関係が円滑になる時期です。,魅力が輝く日まで,,85,10,自分の長所を3つ書き出してみる
TRANSIT_SUN,NATAL_VENUS,0,Work,1,Air,0,Applying,円滑な人間関係が仕事の成果に繋がります。,職場の雰囲気が良くなる日まで,,75,8,同僚に感謝を伝える
TRANSIT_SUN,NATAL_VENUS,0,Money,1,Air,0,Applying,満足度の高い支出ができる時期です。,資産が心を満たす日まで,,70,7,長く使える質の良いものを1つ選ぶ
TRANSIT_SUN,NATAL_VENUS,0,Love,1,Air,0,Applying,愛情表現が豊かになり、絆が深まる時です。,愛が深まる日まで,,80,10,大切な人と美味しい食事を楽しむ
TRANSIT_SUN,NATAL_VENUS,0,Health,1,Air,0,Applying,心地よい休息と美容が健康を支えます。,輝きが増す日まで,,75,9,入浴やスキンケアに時間をかける
TRANSIT_SUN,NATAL_VENUS,0,General,1,Air,0,Separating,自分自身の魅力が高まり、対人関係が円滑になる時期です。,魅力が輝く日まで,,85,10,自分の長所を3つ書き出してみる
TRANSIT_SUN,NATAL_VENUS,0,Work,1,Air,0,Separating,円滑な人間関係が仕事の成果に繋がります。,職場の雰囲気が良くなる日まで,,75,8,同僚に感謝を伝える
TRANSIT_SUN,NATAL_VENUS,0,Money,1,Air,0,Separating,満足度の高い支出ができる時期です。,資産が心を満たす日まで,,70,7,長く使える質の良いものを1つ選ぶ
TRANSIT_SUN,NATAL_VENUS,0,Love,1,Air,0,Separating,愛情表現が豊かになり、絆が深まる時です。,愛が深まる日まで,,80,10,大切な人と美味しい食事を楽しむ
TRANSIT_SUN,NATAL_VENUS,0,Health,1,Air,0,Separating,心地よい休息と美容が健康を支えます。,輝きが増す日まで,,75,9,入浴やスキンケアに時間をかける
TRANSIT_SUN,NATAL_VENUS,0,General,1,Air,1,Applying,自分自身の魅力が高まり、対人関係が円滑になる時期です。,魅力が輝く日まで,,85,10,自分の長所を3つ書き出してみる
TRANSIT_SUN,NATAL_VENUS,0,Work,1,Air,1,Applying,円滑な人間関係が仕事の成果に繋がります。,職場の雰囲気が良くなる日まで,,75,8,同僚に感謝を伝える
TRANSIT_SUN,NATAL_VENUS,0,Money,1,Air,1,Applying,満足度の高い支出ができる時期です。,資産が心を満たす日まで,,70,7,長く使える質の良いものを1つ選ぶ
TRANSIT_SUN,NATAL_VENUS,0,Love,1,Air,1,Applying,愛情表現が豊かになり、絆が深まる時です。,愛が深まる日まで,,80,10,大切な人と美味しい食事を楽しむ
TRANSIT_SUN,NATAL_VENUS,0,Health,1,Air,1,Applying,心地よい休息と美容が健康を支えます。,輝きが増す日まで,,75,9,入浴やスキンケアに時間をかける
TRANSIT_SUN,NATAL_VENUS,0,General,1,Air,1,Separating,自分自身の魅力が高まり、対人関係が円滑になる時期です。,魅力が輝く日まで,,85,10,自分の長所を3つ書き出してみる
TRANSIT_SUN,NATAL_VENUS,0,Work,1,Air,1,Separating,円滑な人間関係が仕事の成果に繋がります。,職場の雰囲気が良くなる日まで,,75,8,同僚に感謝を伝える
TRANSIT_SUN,NATAL_VENUS,0,Money,1,Air,1,Separating,満足度の高い支出ができる時期です。,資産が心を満たす日まで,,70,7,長く使える質の良いものを1つ選ぶ
TRANSIT_SUN,NATAL_VENUS,0,Love,1,Air,1,Separating,愛情表現が豊かになり、絆が深まる時です。,愛が深まる日まで,,80,10,大切な人と美味しい食事を楽しむ
TRANSIT_SUN,NATAL_VENUS,0,Health,1,Air,1,Separating,心地よい休息と美容が健康を支えます。,輝きが増す日まで,,75,9,入浴やスキンケアに時間をかける
TRANSIT_SUN,NATAL_VENUS,0,General,1,Water,0,Applying,自分自身の魅力が高まり、対人関係が円滑になる時期です。,魅力が輝く日まで,,85,10,自分の長所を3つ書き出してみる
TRANSIT_SUN,NATAL_VENUS,0,Work,1,Water,0,Applying,円滑な人間関係が仕事の成果に繋がります。,職場の雰囲気が良くなる日まで,,75,8,同僚に感謝を伝える
TRANSIT_SUN,NATAL_VENUS,0,Money,1,Water,0,Applying,満足度の高い支出ができる時期です。,資産が心を満たす日まで,,70,7,長く使える質の良いものを1つ選ぶ
TRANSIT_SUN,NATAL_VENUS,0,Love,1,Water,0,Applying,愛情表現が豊かになり、絆が深まる時です。,愛が深まる日まで,,80,10,大切な人と美味しい食事を楽しむ
TRANSIT_SUN,NATAL_VENUS,0,Health,1,Water,0,Applying,心地よい休息と美容が健康を支えます。,輝きが増す日まで,,75,9,入浴やスキンケアに時間をかける
TRANSIT_SUN,NATAL_VENUS,0,General,1,Water,0,Separating,自分自身の魅力が高まり、対人関係が円滑になる時期です。,魅力が輝く日まで,,85,10,自分の長所を3つ書き出してみる
TRANSIT_SUN,NATAL_VENUS,0,Work,1,Water,0,Separating,円滑な人間関係が仕事の成果に繋がります。,職場の雰囲気が良くなる日まで,,75,8,同僚に感謝を伝える
TRANSIT_SUN,NATAL_VENUS,0,Money,1,Water,0,Separating,満足度の高い支出ができる時期です。,資産が心を満たす日まで,,70,7,長く使える質の良いものを1つ選ぶ
TRANSIT_SUN,NATAL_VENUS,0,Love,1,Water,0,Separating,愛情表現が豊かになり、絆が深まる時です。,愛が深まる日まで,,80,10,大切な人と美味しい食事を楽しむ
TRANSIT_SUN,NATAL_VENUS,0,Health,1,Water,0,Separating,心地よい休息と美容が健康を支えます。,輝きが増す日まで,,75,9,入浴やスキンケアに時間をかける
TRANSIT_SUN,NATAL_VENUS,0,General,1,Water,1,Applying,自分自身の魅力が高まり、対人関係が円滑になる時期です。,魅力が輝く日まで,,85,10,自分の長所を3つ書き出してみる
TRANSIT_SUN,NATAL_VENUS,0,Work,1,Water,1,Applying,円滑な人間関係が仕事の成果に繋がります。,職場の雰囲気が良くなる日まで,,75,8,同僚に感謝を伝える
TRANSIT_SUN,NATAL_VENUS,0,Money,1,Water,1,Applying,満足度の高い支出ができる時期です。,資産が心を満たす日まで,,70,7,長く使える質の良いものを1つ選ぶ
TRANSIT_SUN,NATAL_VENUS,0,Love,1,Water,1,Applying,愛情表現が豊かになり、絆が深まる時です。,愛が深まる日まで,,80,10,大切な人と美味しい食事を楽しむ
TRANSIT_SUN,NATAL_VENUS,0,Health,1,Water,1,Applying,心地よい休息と美容が健康を支えます。,輝きが増す日まで,,75,9,入浴やスキンケアに時間をかける
TRANSIT_SUN,NATAL_VENUS,0,General,1,Water,1,Separating,自分自身の魅力が高まり、対人関係が円滑になる時期です。,魅力が輝く日まで,,85,10,自分の長所を3つ書き出してみる
TRANSIT_SUN,NATAL_VENUS,0,Work,1,Water,1,Separating,円滑な人間関係が仕事の成果に繋がります。,職場の雰囲気が良くなる日まで,,75,8,同僚に感謝を伝える
TRANSIT_SUN,NATAL_VENUS,0,Money,1,Water,1,Separating,満足度の高い支出ができる時期です。,資産が心を満たす日まで,,70,7,長く使える質の良いものを1つ選ぶ
TRANSIT_SUN,NATAL_VENUS,0,Love,1,Water,1,Separating,愛情表現が豊かになり、絆が深まる時です。,愛が深まる日まで,,80,10,大切な人と美味しい食事を楽しむ
TRANSIT_SUN,NATAL_VENUS,0,Health,1,Water,1,Separating,心地よい休息と美容が健康を支えます。,輝きが増す日まで,,75,9,入浴やスキンケアに時間をかける
TRANSIT_SUN,NATAL_VENUS,0,General,2,Fire,0,Applying,価値観が明確になり、美しいものや実益に惹かれる時期です。,魅力が輝く日まで,,85,10,本当に欲しいものを1つリストアップする
TRANSIT_SUN,NATAL_VENUS,0,Work,2,Fire,0,Applying,円滑な人間関係が仕事の成果に繋がります。,職場の雰囲気が良くなる日まで,,75,8,同僚に感謝を伝える
TRANSIT_SUN,NATAL_VENUS,0,Money,2,Fire,0,Applying,満足度の高い支出ができる時期です。,資産が心を満たす日まで,,70,7,長く使える質の良いものを1つ選ぶ
TRANSIT_SUN,NATAL_VENUS,0,Love,2,Fire,0,Applying,愛情表現が豊かになり、絆が深まる時です。,愛が深まる日まで,,80,10,大切な人と美味しい食事を楽しむ
TRANSIT_SUN,NATAL_VENUS,0,Health,2,Fire,0,Applying,心地よい休息と美容が健康を支えます。,輝きが増す日まで,,75,9,入浴やスキンケアに時間をかける
TRANSIT_SUN,NATAL_VENUS,0,General,2,Fire,0,Separating,価値観が明確になり、美しいものや実益に惹かれる時期です。,魅力が輝く日まで,,85,10,本当に欲しいものを1つリストアップする
TRANSIT_SUN,NATAL_VENUS,0,Work,2,Fire,0,Separating,円滑な人間関係が仕事の成果に繋がります。,職場の雰囲気が良くなる日まで,,75,8,同僚に感謝を伝える
TRANSIT_SUN,NATAL_VENUS,0,Money,2,Fire,0,Separating,満足度の高い支出ができる時期です。,資産が心を満たす日まで,,70,7,長く使える質の良いものを1つ選ぶ
TRANSIT_SUN,NATAL_VENUS,0,Love,2,Fire,0,Separating,愛情表現が豊かになり、絆が深まる時です。,愛が深まる日まで,,80,10,大切な人と美味しい食事を楽しむ
TRANSIT_SUN,NATAL_VENUS,0,Health,2,Fire,0,Separating,心地よい休息と美容が健康を支えます。,輝きが増す日まで,,75,9,入浴やスキンケアに時間をかける
TRANSIT_SUN,NATAL_VENUS,0,General,2,Fire,1,Applying,価値観が明確になり、美しいものや実益に惹かれる時期です。,魅力が輝く日まで,,85,10,本当に欲しいものを1つリストアップする
TRANSIT_SUN,NATAL_VENUS,0,Work,2,Fire,1,Applying,円滑な人間関係が仕事の成果に繋がります。,職場の雰囲気が良くなる日まで,,75,8,同僚に感謝を伝える
TRANSIT_SUN,NATAL_VENUS,0,Money,2,Fire,1,Applying,満足度の高い支出ができる時期です。,資産が心を満たす日まで,,70,7,長く使える質の良いものを1つ選ぶ
TRANSIT_SUN,NATAL_VENUS,0,Love,2,Fire,1,Applying,愛情表現が豊かになり、絆が深まる時です。,愛が深まる日まで,,80,10,大切な人と美味しい食事を楽しむ
TRANSIT_SUN,NATAL_VENUS,0,Health,2,Fire,1,Applying,心地よい休息と美容が健康を支えます。,輝きが増す日まで,,75,9,入浴やスキンケアに時間をかける
TRANSIT_SUN,NATAL_VENUS,0,General,2,Fire,1,Separating,価値観が明確になり、美しいものや実益に惹かれる時期です。,魅力が輝く日まで,,85,10,本当に欲しいものを1つリストアップする
TRANSIT_SUN,NATAL_VENUS,0,Work,2,Fire,1,Separating,円滑な人間関係が仕事の成果に繋がります。,職場の雰囲気が良くなる日まで,,75,8,同僚に感謝を伝える
TRANSIT_SUN,NATAL_VENUS,0,Money,2,Fire,1,Separating,満足度の高い支出ができる時期です。,資産が心を満たす日まで,,70,7,長く使える質の良いものを1つ選ぶ
TRANSIT_SUN,NATAL_VENUS,0,Love,2,Fire,1,Separating,愛情表現が豊かになり、絆が深まる時です。,愛が深まる日まで,,80,10,大切な人と美味しい食事を楽しむ
TRANSIT_SUN,NATAL_VENUS,0,Health,2,Fire,1,Separating,心地よい休息と美容が健康を支えます。,輝きが増す日まで,,75,9,入浴やスキンケアに時間をかける
TRANSIT_SUN,NATAL_VENUS,0,General,2,Earth,0,Applying,価値観が明確になり、美しいものや実益に惹かれる時期です。,魅力が輝く日まで,,85,10,本当に欲しいものを1つリストアップする
TRANSIT_SUN,NATAL_VENUS,0,Work,2,Earth,0,Applying,円滑な人間関係が仕事の成果に繋がります。,職場の雰囲気が良くなる日まで,,75,8,同僚に感謝を伝える
TRANSIT_SUN,NATAL_VENUS,0,Money,2,Earth,0,Applying,満足度の高い支出ができる時期です。,資産が心を満たす日まで,,70,7,長く使える質の良いものを1つ選ぶ
TRANSIT_SUN,NATAL_VENUS,0,Love,2,Earth,0,Applying,愛情表現が豊かになり、絆が深まる時です。,愛が深まる日まで,,80,10,大切な人と美味しい食事を楽しむ
TRANSIT_SUN,NATAL_VENUS,0,Health,2,Earth,0,Applying,心地よい休息と美容が健康を支えます。,輝きが増す日まで,,75,9,入浴やスキンケアに時間をかける
TRANSIT_SUN,NATAL_VENUS,0,General,2,Earth,0,Separating,価値観が明確になり、美しいものや実益に惹かれる時期です。,魅力が輝く日まで,,85,10,本当に欲しいものを1つリストアップする
TRANSIT_SUN,NATAL_VENUS,0,Work,2,Earth,0,Separating,円滑な人間関係が仕事の成果に繋がります。,職場の雰囲気が良くなる日まで,,75,8,同僚に感謝を伝える
TRANSIT_SUN,NATAL_VENUS,0,Money,2,Earth,0,Separating,満足度の高い支出ができる時期です。,資産が心を満たす日まで,,70,7,長く使える質の良いものを1つ選ぶ
TRANSIT_SUN,NATAL_VENUS,0,Love,2,Earth,0,Separating,愛情表現が豊かになり、絆が深まる時です。,愛が深まる日まで,,80,10,大切な人と美味しい食事を楽しむ
TRANSIT_SUN,NATAL_VENUS,0,Health,2,Earth,0,Separating,心地よい休息と美容が健康を支えます。,輝きが増す日まで,,75,9,入浴やスキンケアに時間をかける
TRANSIT_SUN,NATAL_VENUS,0,General,2,Earth,1,Applying,価値観が明確になり、美しいものや実益に惹かれる時期です。,魅力が輝く日まで,,85,10,本当に欲しいものを1つリストアップする
TRANSIT_SUN,NATAL_VENUS,0,Work,2,Earth,1,Applying,円滑な人間関係が仕事の成果に繋がります。,職場の雰囲気が良くなる日まで,,75,8,同僚に感謝を伝える
TRANSIT_SUN,NATAL_VENUS,0,Money,2,Earth,1,Applying,満足度の高い支出ができる時期です。,資産が心を満たす日まで,,70,7,長く使える質の良いものを1つ選ぶ
TRANSIT_SUN,NATAL_VENUS,0,Love,2,Earth,1,Applying,愛情表現が豊かになり、絆が深まる時です。,愛が深まる日まで,,80,10,大切な人と美味しい食事を楽しむ
TRANSIT_SUN,NATAL_VENUS,0,Health,2,Earth,1,Applying,心地よい休息と美容が健康を支えます。,輝きが増す日まで,,75,9,入浴やスキンケアに時間をかける
TRANSIT_SUN,NATAL_VENUS,0,General,2,Earth,1,Separating,価値観が明確になり、美しいものや実益に惹かれる時期です。,魅力が輝く日まで,,85,10,本当に欲しいものを1つリストアップする
TRANSIT_SUN,NATAL_VENUS,0,Work,2,Earth,1,Separating,円滑な人間関係が仕事の成果に繋がります。,職場の雰囲気が良くなる日まで,,75,8,同僚に感謝を伝える
TRANSIT_SUN,NATAL_VENUS,0,Money,2,Earth,1,Separating,満足度の高い支出ができる時期です。,資産が心を満たす日まで,,70,7,長く使える質の良いものを1つ選ぶ
TRANSIT_SUN,NATAL_VENUS,0,Love,2,Earth,1,Separating,愛情表現が豊かになり、絆が深まる時です。,愛が深まる日まで,,80,10,大切な人と美味しい食事を楽しむ
TRANSIT_SUN,NATAL_VENUS,0,Health,2,Earth,1,Separating,心地よい休息と美容が健康を支えます。,輝きが増す日まで,,75,9,入浴やスキンケアに時間をかける
TRANSIT_SUN,NATAL_VENUS,0,General,2,Air,0,Applying,価値観が明確になり、美しいものや実益に惹かれる時期です。,魅力が輝く日まで,,85,10,本当に欲しいものを1つリストアップする
TRANSIT_SUN,NATAL_VENUS,0,Work,2,Air,0,Applying,円滑な人間関係が仕事の成果に繋がります。,職場の雰囲気が良くなる日まで,,75,8,同僚に感謝を伝える
TRANSIT_SUN,NATAL_VENUS,0,Money,2,Air,0,Applying,満足度の高い支出ができる時期です。,資産が心を満たす日まで,,70,7,長く使える質の良いものを1つ選ぶ
TRANSIT_SUN,NATAL_VENUS,0,Love,2,Air,0,Applying,愛情表現が豊かになり、絆が深まる時です。,愛が深まる日まで,,80,10,大切な人と美味しい食事を楽しむ
TRANSIT_SUN,NATAL_VENUS,0,Health,2,Air,0,Applying,心地よい休息と美容が健康を支えます。,輝きが増す日まで,,75,9,入浴やスキンケアに時間をかける
TRANSIT_SUN,NATAL_VENUS,0,General,2,Air,0,Separating,価値観が明確になり、美しいものや実益に惹かれる時期です。,魅力が輝く日まで,,85,10,本当に欲しいものを1つリストアップする
TRANSIT_SUN,NATAL_VENUS,0,Work,2,Air,0,Separating,円滑な人間関係が仕事の成果に繋がります。,職場の雰囲気が良くなる日まで,,75,8,同僚に感謝を伝える
TRANSIT_SUN,NATAL_VENUS,0,Money,2,Air,0,Separating,満足度の高い支出ができる時期です。,資産が心を満たす日まで,,70,7,長く使える質の良いものを1つ選ぶ
TRANSIT_SUN,NATAL_VENUS,0,Love,2,Air,0,Separating,愛情表現が豊かになり、絆が深まる時です。,愛が深まる日まで,,80,10,大切な人と美味しい食事を楽しむ
TRANSIT_SUN,NATAL_VENUS,0,Health,2,Air,0,Separating,心地よい休息と美容が健康を支えます。,輝きが増す日まで,,75,9,入浴やスキンケアに時間をかける
TRANSIT_SUN,NATAL_VENUS,0,General,2,Air,1,Applying,価値観が明確になり、美しいものや実益に惹かれる時期です。,魅力が輝く日まで,,85,10,本当に欲しいものを1つリストアップする
TRANSIT_SUN,NATAL_VENUS,0,Work,2,Air,1,Applying,円滑な人間関係が仕事の成果に繋がります。,職場の雰囲気が良くなる日まで,,75,8,同僚に感謝を伝える
TRANSIT_SUN,NATAL_VENUS,0,Money,2,Air,1,Applying,満足度の高い支出ができる時期です。,資産が心を満たす日まで,,70,7,長く使える質の良いものを1つ選ぶ
TRANSIT_SUN,NATAL_VENUS,0,Love,2,Air,1,Applying,愛情表現が豊かになり、絆が深まる時です。,愛が深まる日まで,,80,10,大切な人と美味しい食事を楽しむ
TRANSIT_SUN,NATAL_VENUS,0,Health,2,Air,1,Applying,心地よい休息と美容が健康を支えます。,輝きが増す日まで,,75,9,入浴やスキンケアに時間をかける
TRANSIT_SUN,NATAL_VENUS,0,General,2,Air,1,Separating,価値観が明確になり、美しいものや実益に惹かれる時期です。,魅力が輝く日まで,,85,10,本当に欲しいものを1つリストアップする
TRANSIT_SUN,NATAL_VENUS,0,Work,2,Air,1,Separating,円滑な人間関係が仕事の成果に繋がります。,職場の雰囲気が良くなる日まで,,75,8,同僚に感謝を伝える
TRANSIT_SUN,NATAL_VENUS,0,Money,2,Air,1,Separating,満足度の高い支出ができる時期です。,資産が心を満たす日まで,,70,7,長く使える質の良いものを1つ選ぶ
TRANSIT_SUN,NATAL_VENUS,0,Love,2,Air,1,Separating,愛情表現が豊かになり、絆が深まる時です。,愛が深まる日まで,,80,10,大切な人と美味しい食事を楽しむ
TRANSIT_SUN,NATAL_VENUS,0,Health,2,Air,1,Separating,心地よい休息と美容が健康を支えます。,輝きが増す日まで,,75,9,入浴やスキンケアに時間をかける
TRANSIT_SUN,NATAL_VENUS,0,General,2,Water,0,Applying,価値観が明確になり、美しいものや実益に惹かれる時期です。,魅力が輝く日まで,,85,10,本当に欲しいものを1つリストアップする
TRANSIT_SUN,NATAL_VENUS,0,Work,2,Water,0,Applying,円滑な人間関係が仕事の成果に繋がります。,職場の雰囲気が良くなる日まで,,75,8,同僚に感謝を伝える
TRANSIT_SUN,NATAL_VENUS,0,Money,2,Water,0,Applying,満足度の高い支出ができる時期です。,資産が心を満たす日まで,,70,7,長く使える質の良いものを1つ選ぶ
TRANSIT_SUN,NATAL_VENUS,0,Love,2,Water,0,Applying,愛情表現が豊かになり、絆が深まる時です。,愛が深まる日まで,,80,10,大切な人と美味しい食事を楽しむ
TRANSIT_SUN,NATAL_VENUS,0,Health,2,Water,0,Applying,心地よい休息と美容が健康を支えます。,輝きが増す日まで,,75,9,入浴やスキンケアに時間をかける
TRANSIT_SUN,NATAL_VENUS,0,General,2,Water,0,Separating,価値観が明確になり、美しいものや実益に惹かれる時期です。,魅力が輝く日まで,,85,10,本当に欲しいものを1つリストアップする
TRANSIT_SUN,NATAL_VENUS,0,Work,2,Water,0,Separating,円滑な人間関係が仕事の成果に繋がります。,職場の雰囲気が良くなる日まで,,75,8,同僚に感謝を伝える
TRANSIT_SUN,NATAL_VENUS,0,Money,2,Water,0,Separating,満足度の高い支出ができる時期です。,資産が心を満たす日まで,,70,7,長く使える質の良いものを1つ選ぶ
TRANSIT_SUN,NATAL_VENUS,0,Love,2,Water,0,Separating,愛情表現が豊かになり、絆が深まる時です。,愛が深まる日まで,,80,10,大切な人と美味しい食事を楽しむ
TRANSIT_SUN,NATAL_VENUS,0,Health,2,Water,0,Separating,心地よい休息と美容が健康を支えます。,輝きが増す日まで,,75,9,入浴やスキンケアに時間をかける
TRANSIT_SUN,NATAL_VENUS,0,General,2,Water,1,Applying,価値観が明確になり、美しいものや実益に惹かれる時期です。,魅力が輝く日まで,,85,10,本当に欲しいものを1つリストアップする
TRANSIT_SUN,NATAL_VENUS,0,Work,2,Water,1,Applying,円滑な人間関係が仕事の成果に繋がります。,職場の雰囲気が良くなる日まで,,75,8,同僚に感謝を伝える
TRANSIT_SUN,NATAL_VENUS,0,Money,2,Water,1,Applying,満足度の高い支出ができる時期です。,資産が心を満たす日まで,,70,7,長く使える質の良いものを1つ選ぶ
TRANSIT_SUN,NATAL_VENUS,0,Love,2,Water,1,Applying,愛情表現が豊かになり、絆が深まる時です。,愛が深まる日まで,,80,10,大切な人と美味しい食事を楽しむ
TRANSIT_SUN,NATAL_VENUS,0,Health,2,Water,1,Applying,心地よい休息と美容が健康を支えます。,輝きが増す日まで,,75,9,入浴やスキンケアに時間をかける
TRANSIT_SUN,NATAL_VENUS,0,General,2,Water,1,Separating,価値観が明確になり、美しいものや実益に惹かれる時期です。,魅力が輝く日まで,,85,10,本当に欲しいものを1つリストアップする
TRANSIT_SUN,NATAL_VENUS,0,Work,2,Water,1,Separating,円滑な人間関係が仕事の成果に繋がります。,職場の雰囲気が良くなる日まで,,75,8,同僚に感謝を伝える
TRANSIT_SUN,NATAL_VENUS,0,Money,2,Water,1,Separating,満足度の高い支出ができる時期です。,資産が心を満たす日まで,,70,7,長く使える質の良いものを1つ選ぶ
TRANSIT_SUN,NATAL_VENUS,0,Love,2,Water,1,Separating,愛情表現が豊かになり、絆が深まる時です。,愛が深まる日まで,,80,10,大切な人と美味しい食事を楽しむ
TRANSIT_SUN,NATAL_VENUS,0,Health,2,Water,1,Separating,心地よい休息と美容が健康を支えます。,輝きが増す日まで,,75,9,入浴やスキンケアに時間をかける
TRANSIT_SUN,NATAL_VENUS,0,General,3,Fire,0,Applying,心地よいコミュニケーションや、感性を刺激する学びに最適な時期です。,心が満たされる日まで,,80,8,気になっていた趣味の講座や本をチェックする
TRANSIT_SUN,NATAL_VENUS,0,Work,3,Fire,0,Applying,円滑な連携が成果に繋がります。,職場の雰囲気が良くなる日まで,,75,7,周囲に感謝を伝え、サポートを申し出る
TRANSIT_SUN,NATAL_VENUS,0,Money,3,Fire,0,Applying,満足度の高い支出を心がけましょう。,資産が心を満たす日まで,,65,6,長く愛用できる質の良いものを検討する
TRANSIT_SUN,NATAL_VENUS,0,Love,3,Fire,0,Applying,愛情深い交流が絆を深めます。,愛が深まる日まで,,80,9,相手の良いところを言葉にして伝える
TRANSIT_SUN,NATAL_VENUS,0,Health,3,Fire,0,Applying,心地よい休息と美容が健康を支えます。,輝きが増す日まで,,75,9,肌のケアや入浴時間を大切にする
TRANSIT_SUN,NATAL_VENUS,0,General,3,Fire,0,Separating,心地よいコミュニケーションや、感性を刺激する学びに最適な時期です。,心が満たされる日まで,,80,8,気になっていた趣味の講座や本をチェックする
TRANSIT_SUN,NATAL_VENUS,0,Work,3,Fire,0,Separating,円滑な連携が成果に繋がります。,職場の雰囲気が良くなる日まで,,75,7,周囲に感謝を伝え、サポートを申し出る
TRANSIT_SUN,NATAL_VENUS,0,Money,3,Fire,0,Separating,満足度の高い支出を心がけましょう。,資産が心を満たす日まで,,65,6,長く愛用できる質の良いものを検討する
TRANSIT_SUN,NATAL_VENUS,0,Love,3,Fire,0,Separating,愛情深い交流が絆を深めます。,愛が深まる日まで,,80,9,相手の良いところを言葉にして伝える
TRANSIT_SUN,NATAL_VENUS,0,Health,3,Fire,0,Separating,心地よい休息と美容が健康を支えます。,輝きが増す日まで,,75,9,肌のケアや入浴時間を大切にする
TRANSIT_SUN,NATAL_VENUS,0,General,3,Fire,1,Applying,心地よいコミュニケーションや、感性を刺激する学びに最適な時期です。,心が満たされる日まで,,80,8,気になっていた趣味の講座や本をチェックする
TRANSIT_SUN,NATAL_VENUS,0,Work,3,Fire,1,Applying,円滑な連携が成果に繋がります。,職場の雰囲気が良くなる日まで,,75,7,周囲に感謝を伝え、サポートを申し出る
TRANSIT_SUN,NATAL_VENUS,0,Money,3,Fire,1,Applying,満足度の高い支出を心がけましょう。,資産が心を満たす日まで,,65,6,長く愛用できる質の良いものを検討する
TRANSIT_SUN,NATAL_VENUS,0,Love,3,Fire,1,Applying,愛情深い交流が絆を深めます。,愛が深まる日まで,,80,9,相手の良いところを言葉にして伝える
TRANSIT_SUN,NATAL_VENUS,0,Health,3,Fire,1,Applying,心地よい休息と美容が健康を支えます。,輝きが増す日まで,,75,9,肌のケアや入浴時間を大切にする
TRANSIT_SUN,NATAL_VENUS,0,General,3,Fire,1,Separating,心地よいコミュニケーションや、感性を刺激する学びに最適な時期です。,心が満たされる日まで,,80,8,気になっていた趣味の講座や本をチェックする
TRANSIT_SUN,NATAL_VENUS,0,Work,3,Fire,1,Separating,円滑な連携が成果に繋がります。,職場の雰囲気が良くなる日まで,,75,7,周囲に感謝を伝え、サポートを申し出る
TRANSIT_SUN,NATAL_VENUS,0,Money,3,Fire,1,Separating,満足度の高い支出を心がけましょう。,資産が心を満たす日まで,,65,6,長く愛用できる質の良いものを検討する
TRANSIT_SUN,NATAL_VENUS,0,Love,3,Fire,1,Separating,愛情深い交流が絆を深めます。,愛が深まる日まで,,80,9,相手の良いところを言葉にして伝える
TRANSIT_SUN,NATAL_VENUS,0,Health,3,Fire,1,Separating,心地よい休息と美容が健康を支えます。,輝きが増す日まで,,75,9,肌のケアや入浴時間を大切にする
TRANSIT_SUN,NATAL_VENUS,0,General,3,Earth,0,Applying,心地よいコミュニケーションや、感性を刺激する学びに最適な時期です。,心が満たされる日まで,,80,8,気になっていた趣味の講座や本をチェックする
TRANSIT_SUN,NATAL_VENUS,0,Work,3,Earth,0,Applying,円滑な連携が成果に繋がります。,職場の雰囲気が良くなる日まで,,75,7,周囲に感謝を伝え、サポートを申し出る
TRANSIT_SUN,NATAL_VENUS,0,Money,3,Earth,0,Applying,満足度の高い支出を心がけましょう。,資産が心を満たす日まで,,65,6,長く愛用できる質の良いものを検討する
TRANSIT_SUN,NATAL_VENUS,0,Love,3,Earth,0,Applying,愛情深い交流が絆を深めます。,愛が深まる日まで,,80,9,相手の良いところを言葉にして伝える
TRANSIT_SUN,NATAL_VENUS,0,Health,3,Earth,0,Applying,心地よい休息と美容が健康を支えます。,輝きが増す日まで,,75,9,肌のケアや入浴時間を大切にする
TRANSIT_SUN,NATAL_VENUS,0,General,3,Earth,0,Separating,心地よいコミュニケーションや、感性を刺激する学びに最適な時期です。,心が満たされる日まで,,80,8,気になっていた趣味の講座や本をチェックする
TRANSIT_SUN,NATAL_VENUS,0,Work,3,Earth,0,Separating,円滑な連携が成果に繋がります。,職場の雰囲気が良くなる日まで,,75,7,周囲に感謝を伝え、サポートを申し出る
TRANSIT_SUN,NATAL_VENUS,0,Money,3,Earth,0,Separating,満足度の高い支出を心がけましょう。,資産が心を満たす日まで,,65,6,長く愛用できる質の良いものを検討する
TRANSIT_SUN,NATAL_VENUS,0,Love,3,Earth,0,Separating,愛情深い交流が絆を深めます。,愛が深まる日まで,,80,9,相手の良いところを言葉にして伝える
TRANSIT_SUN,NATAL_VENUS,0,Health,3,Earth,0,Separating,心地よい休息と美容が健康を支えます。,輝きが増す日まで,,75,9,肌のケアや入浴時間を大切にする
TRANSIT_SUN,NATAL_VENUS,0,General,3,Earth,1,Applying,心地よいコミュニケーションや、感性を刺激する学びに最適な時期です。,心が満たされる日まで,,80,8,気になっていた趣味の講座や本をチェックする
TRANSIT_SUN,NATAL_VENUS,0,Work,3,Earth,1,Applying,円滑な連携が成果に繋がります。,職場の雰囲気が良くなる日まで,,75,7,周囲に感謝を伝え、サポートを申し出る
TRANSIT_SUN,NATAL_VENUS,0,Money,3,Earth,1,Applying,満足度の高い支出を心がけましょう。,資産が心を満たす日まで,,65,6,長く愛用できる質の良いものを検討する
TRANSIT_SUN,NATAL_VENUS,0,Love,3,Earth,1,Applying,愛情深い交流が絆を深めます。,愛が深まる日まで,,80,9,相手の良いところを言葉にして伝える
TRANSIT_SUN,NATAL_VENUS,0,Health,3,Earth,1,Applying,心地よい休息と美容が健康を支えます。,輝きが増す日まで,,75,9,肌のケアや入浴時間を大切にする
TRANSIT_SUN,NATAL_VENUS,0,General,3,Earth,1,Separating,心地よいコミュニケーションや、感性を刺激する学びに最適な時期です。,心が満たされる日まで,,80,8,気になっていた趣味の講座や本をチェックする
TRANSIT_SUN,NATAL_VENUS,0,Work,3,Earth,1,Separating,円滑な連携が成果に繋がります。,職場の雰囲気が良くなる日まで,,75,7,周囲に感謝を伝え、サポートを申し出る
TRANSIT_SUN,NATAL_VENUS,0,Money,3,Earth,1,Separating,満足度の高い支出を心がけましょう。,資産が心を満たす日まで,,65,6,長く愛用できる質の良いものを検討する
TRANSIT_SUN,NATAL_VENUS,0,Love,3,Earth,1,Separating,愛情深い交流が絆を深めます。,愛が深まる日まで,,80,9,相手の良いところを言葉にして伝える
TRANSIT_SUN,NATAL_VENUS,0,Health,3,Earth,1,Separating,心地よい休息と美容が健康を支えます。,輝きが増す日まで,,75,9,肌のケアや入浴時間を大切にする
TRANSIT_SUN,NATAL_VENUS,0,General,3,Air,0,Applying,心地よいコミュニケーションや、感性を刺激する学びに最適な時期です。,心が満たされる日まで,,80,8,気になっていた趣味の講座や本をチェックする
TRANSIT_SUN,NATAL_VENUS,0,Work,3,Air,0,Applying,円滑な連携が成果に繋がります。,職場の雰囲気が良くなる日まで,,75,7,周囲に感謝を伝え、サポートを申し出る
TRANSIT_SUN,NATAL_VENUS,0,Money,3,Air,0,Applying,満足度の高い支出を心がけましょう。,資産が心を満たす日まで,,65,6,長く愛用できる質の良いものを検討する
TRANSIT_SUN,NATAL_VENUS,0,Love,3,Air,0,Applying,愛情深い交流が絆を深めます。,愛が深まる日まで,,80,9,相手の良いところを言葉にして伝える
TRANSIT_SUN,NATAL_VENUS,0,Health,3,Air,0,Applying,心地よい休息と美容が健康を支えます。,輝きが増す日まで,,75,9,肌のケアや入浴時間を大切にする
TRANSIT_SUN,NATAL_VENUS,0,General,3,Air,0,Separating,心地よいコミュニケーションや、感性を刺激する学びに最適な時期です。,心が満たされる日まで,,80,8,気になっていた趣味の講座や本をチェックする
TRANSIT_SUN,NATAL_VENUS,0,Work,3,Air,0,Separating,円滑な連携が成果に繋がります。,職場の雰囲気が良くなる日まで,,75,7,周囲に感謝を伝え、サポートを申し出る
TRANSIT_SUN,NATAL_VENUS,0,Money,3,Air,0,Separating,満足度の高い支出を心がけましょう。,資産が心を満たす日まで,,65,6,長く愛用できる質の良いものを検討する
TRANSIT_SUN,NATAL_VENUS,0,Love,3,Air,0,Separating,愛情深い交流が絆を深めます。,愛が深まる日まで,,80,9,相手の良いところを言葉にして伝える
TRANSIT_SUN,NATAL_VENUS,0,Health,3,Air,0,Separating,心地よい休息と美容が健康を支えます。,輝きが増す日まで,,75,9,肌のケアや入浴時間を大切にする
TRANSIT_SUN,NATAL_VENUS,0,General,3,Air,1,Applying,心地よいコミュニケーションや、感性を刺激する学びに最適な時期です。,心が満たされる日まで,,80,8,気になっていた趣味の講座や本をチェックする
TRANSIT_SUN,NATAL_VENUS,0,Work,3,Air,1,Applying,円滑な連携が成果に繋がります。,職場の雰囲気が良くなる日まで,,75,7,周囲に感謝を伝え、サポートを申し出る
TRANSIT_SUN,NATAL_VENUS,0,Money,3,Air,1,Applying,満足度の高い支出を心がけましょう。,資産が心を満たす日まで,,65,6,長く愛用できる質の良いものを検討する
TRANSIT_SUN,NATAL_VENUS,0,Love,3,Air,1,Applying,愛情深い交流が絆を深めます。,愛が深まる日まで,,80,9,相手の良いところを言葉にして伝える
TRANSIT_SUN,NATAL_VENUS,0,Health,3,Air,1,Applying,心地よい休息と美容が健康を支えます。,輝きが増す日まで,,75,9,肌のケアや入浴時間を大切にする
TRANSIT_SUN,NATAL_VENUS,0,General,3,Air,1,Separating,心地よいコミュニケーションや、感性を刺激する学びに最適な時期です。,心が満たされる日まで,,80,8,気になっていた趣味の講座や本をチェックする
TRANSIT_SUN,NATAL_VENUS,0,Work,3,Air,1,Separating,円滑な連携が成果に繋がります。,職場の雰囲気が良くなる日まで,,75,7,周囲に感謝を伝え、サポートを申し出る
TRANSIT_SUN,NATAL_VENUS,0,Money,3,Air,1,Separating,満足度の高い支出を心がけましょう。,資産が心を満たす日まで,,65,6,長く愛用できる質の良いものを検討する
TRANSIT_SUN,NATAL_VENUS,0,Love,3,Air,1,Separating,愛情深い交流が絆を深めます。,愛が深まる日まで,,80,9,相手の良いところを言葉にして伝える
TRANSIT_SUN,NATAL_VENUS,0,Health,3,Air,1,Separating,心地よい休息と美容が健康を支えます。,輝きが増す日まで,,75,9,肌のケアや入浴時間を大切にする
TRANSIT_SUN,NATAL_VENUS,0,General,3,Water,0,Applying,心地よいコミュニケーションや、感性を刺激する学びに最適な時期です。,心が満たされる日まで,,80,8,気になっていた趣味の講座や本をチェックする
TRANSIT_SUN,NATAL_VENUS,0,Work,3,Water,0,Applying,円滑な連携が成果に繋がります。,職場の雰囲気が良くなる日まで,,75,7,周囲に感謝を伝え、サポートを申し出る
TRANSIT_SUN,NATAL_VENUS,0,Money,3,Water,0,Applying,満足度の高い支出を心がけましょう。,資産が心を満たす日まで,,65,6,長く愛用できる質の良いものを検討する
TRANSIT_SUN,NATAL_VENUS,0,Love,3,Water,0,Applying,愛情深い交流が絆を深めます。,愛が深まる日まで,,80,9,相手の良いところを言葉にして伝える
TRANSIT_SUN,NATAL_VENUS,0,Health,3,Water,0,Applying,心地よい休息と美容が健康を支えます。,輝きが増す日まで,,75,9,肌のケアや入浴時間を大切にする
TRANSIT_SUN,NATAL_VENUS,0,General,3,Water,0,Separating,心地よいコミュニケーションや、感性を刺激する学びに最適な時期です。,心が満たされる日まで,,80,8,気になっていた趣味の講座や本をチェックする
TRANSIT_SUN,NATAL_VENUS,0,Work,3,Water,0,Separating,円滑な連携が成果に繋がります。,職場の雰囲気が良くなる日まで,,75,7,周囲に感謝を伝え、サポートを申し出る
TRANSIT_SUN,NATAL_VENUS,0,Money,3,Water,0,Separating,満足度の高い支出を心がけましょう。,資産が心を満たす日まで,,65,6,長く愛用できる質の良いものを検討する
TRANSIT_SUN,NATAL_VENUS,0,Love,3,Water,0,Separating,愛情深い交流が絆を深めます。,愛が深まる日まで,,80,9,相手の良いところを言葉にして伝える
TRANSIT_SUN,NATAL_VENUS,0,Health,3,Water,0,Separating,心地よい休息と美容が健康を支えます。,輝きが増す日まで,,75,9,肌のケアや入浴時間を大切にする
TRANSIT_SUN,NATAL_VENUS,0,General,3,Water,1,Applying,心地よいコミュニケーションや、感性を刺激する学びに最適な時期です。,心が満たされる日まで,,80,8,気になっていた趣味の講座や本をチェックする
TRANSIT_SUN,NATAL_VENUS,0,Work,3,Water,1,Applying,円滑な連携が成果に繋がります。,職場の雰囲気が良くなる日まで,,75,7,周囲に感謝を伝え、サポートを申し出る
TRANSIT_SUN,NATAL_VENUS,0,Money,3,Water,1,Applying,満足度の高い支出を心がけましょう。,資産が心を満たす日まで,,65,6,長く愛用できる質の良いものを検討する
TRANSIT_SUN,NATAL_VENUS,0,Love,3,Water,1,Applying,愛情深い交流が絆を深めます。,愛が深まる日まで,,80,9,相手の良いところを言葉にして伝える
TRANSIT_SUN,NATAL_VENUS,0,Health,3,Water,1,Applying,心地よい休息と美容が健康を支えます。,輝きが増す日まで,,75,9,肌のケアや入浴時間を大切にする
TRANSIT_SUN,NATAL_VENUS,0,General,3,Water,1,Separating,心地よいコミュニケーションや、感性を刺激する学びに最適な時期です。,心が満たされる日まで,,80,8,気になっていた趣味の講座や本をチェックする
TRANSIT_SUN,NATAL_VENUS,0,Work,3,Water,1,Separating,円滑な連携が成果に繋がります。,職場の雰囲気が良くなる日まで,,75,7,周囲に感謝を伝え、サポートを申し出る
TRANSIT_SUN,NATAL_VENUS,0,Money,3,Water,1,Separating,満足度の高い支出を心がけましょう。,資産が心を満たす日まで,,65,6,長く愛用できる質の良いものを検討する
TRANSIT_SUN,NATAL_VENUS,0,Love,3,Water,1,Separating,愛情深い交流が絆を深めます。,愛が深まる日まで,,80,9,相手の良いところを言葉にして伝える
TRANSIT_SUN,NATAL_VENUS,0,Health,3,Water,1,Separating,心地よい休息と美容が健康を支えます。,輝きが増す日まで,,75,9,肌のケアや入浴時間を大切にする
TRANSIT_SUN,NATAL_VENUS,0,General,4,Fire,0,Applying,家庭環境を美しく整え、情緒的な安らぎを得る時です。,心が満たされる日まで,,80,8,インテリアに花や小物を1つ取り入れる
TRANSIT_SUN,NATAL_VENUS,0,Work,4,Fire,0,Applying,円滑な連携が成果に繋がります。,職場の雰囲気が良くなる日まで,,75,7,周囲に感謝を伝え、サポートを申し出る
TRANSIT_SUN,NATAL_VENUS,0,Money,4,Fire,0,Applying,満足度の高い支出を心がけましょう。,資産が心を満たす日まで,,65,6,長く愛用できる質の良いものを検討する
TRANSIT_SUN,NATAL_VENUS,0,Love,4,Fire,0,Applying,愛情深い交流が絆を深めます。,愛が深まる日まで,,80,9,相手の良いところを言葉にして伝える
TRANSIT_SUN,NATAL_VENUS,0,Health,4,Fire,0,Applying,心地よい休息と美容が健康を支えます。,輝きが増す日まで,,75,9,肌のケアや入浴時間を大切にする
TRANSIT_SUN,NATAL_VENUS,0,General,4,Fire,0,Separating,家庭環境を美しく整え、情緒的な安らぎを得る時です。,心が満たされる日まで,,80,8,インテリアに花や小物を1つ取り入れる
TRANSIT_SUN,NATAL_VENUS,0,Work,4,Fire,0,Separating,円滑な連携が成果に繋がります。,職場の雰囲気が良くなる日まで,,75,7,周囲に感謝を伝え、サポートを申し出る
TRANSIT_SUN,NATAL_VENUS,0,Money,4,Fire,0,Separating,満足度の高い支出を心がけましょう。,資産が心を満たす日まで,,65,6,長く愛用できる質の良いものを検討する
TRANSIT_SUN,NATAL_VENUS,0,Love,4,Fire,0,Separating,愛情深い交流が絆を深めます。,愛が深まる日まで,,80,9,相手の良いところを言葉にして伝える
TRANSIT_SUN,NATAL_VENUS,0,Health,4,Fire,0,Separating,心地よい休息と美容が健康を支えます。,輝きが増す日まで,,75,9,肌のケアや入浴時間を大切にする
TRANSIT_SUN,NATAL_VENUS,0,General,4,Fire,1,Applying,家庭環境を美しく整え、情緒的な安らぎを得る時です。,心が満たされる日まで,,80,8,インテリアに花や小物を1つ取り入れる
TRANSIT_SUN,NATAL_VENUS,0,Work,4,Fire,1,Applying,円滑な連携が成果に繋がります。,職場の雰囲気が良くなる日まで,,75,7,周囲に感謝を伝え、サポートを申し出る
TRANSIT_SUN,NATAL_VENUS,0,Money,4,Fire,1,Applying,満足度の高い支出を心がけましょう。,資産が心を満たす日まで,,65,6,長く愛用できる質の良いものを検討する
TRANSIT_SUN,NATAL_VENUS,0,Love,4,Fire,1,Applying,愛情深い交流が絆を深めます。,愛が深まる日まで,,80,9,相手の良いところを言葉にして伝える
TRANSIT_SUN,NATAL_VENUS,0,Health,4,Fire,1,Applying,心地よい休息と美容が健康を支えます。,輝きが増す日まで,,75,9,肌のケアや入浴時間を大切にする
TRANSIT_SUN,NATAL_VENUS,0,General,4,Fire,1,Separating,家庭環境を美しく整え、情緒的な安らぎを得る時です。,心が満たされる日まで,,80,8,インテリアに花や小物を1つ取り入れる
TRANSIT_SUN,NATAL_VENUS,0,Work,4,Fire,1,Separating,円滑な連携が成果に繋がります。,職場の雰囲気が良くなる日まで,,75,7,周囲に感謝を伝え、サポートを申し出る
TRANSIT_SUN,NATAL_VENUS,0,Money,4,Fire,1,Separating,満足度の高い支出を心がけましょう。,資産が心を満たす日まで,,65,6,長く愛用できる質の良いものを検討する
TRANSIT_SUN,NATAL_VENUS,0,Love,4,Fire,1,Separating,愛情深い交流が絆を深めます。,愛が深まる日まで,,80,9,相手の良いところを言葉にして伝える
TRANSIT_SUN,NATAL_VENUS,0,Health,4,Fire,1,Separating,心地よい休息と美容が健康を支えます。,輝きが増す日まで,,75,9,肌のケアや入浴時間を大切にする
TRANSIT_SUN,NATAL_VENUS,0,General,4,Earth,0,Applying,家庭環境を美しく整え、情緒的な安らぎを得る時です。,心が満たされる日まで,,80,8,インテリアに花や小物を1つ取り入れる
TRANSIT_SUN,NATAL_VENUS,0,Work,4,Earth,0,Applying,円滑な連携が成果に繋がります。,職場の雰囲気が良くなる日まで,,75,7,周囲に感謝を伝え、サポートを申し出る
TRANSIT_SUN,NATAL_VENUS,0,Money,4,Earth,0,Applying,満足度の高い支出を心がけましょう。,資産が心を満たす日まで,,65,6,長く愛用できる質の良いものを検討する
TRANSIT_SUN,NATAL_VENUS,0,Love,4,Earth,0,Applying,愛情深い交流が絆を深めます。,愛が深まる日まで,,80,9,相手の良いところを言葉にして伝える
TRANSIT_SUN,NATAL_VENUS,0,Health,4,Earth,0,Applying,心地よい休息と美容が健康を支えます。,輝きが増す日まで,,75,9,肌のケアや入浴時間を大切にする
TRANSIT_SUN,NATAL_VENUS,0,General,4,Earth,0,Separating,家庭環境を美しく整え、情緒的な安らぎを得る時です。,心が満たされる日まで,,80,8,インテリアに花や小物を1つ取り入れる
TRANSIT_SUN,NATAL_VENUS,0,Work,4,Earth,0,Separating,円滑な連携が成果に繋がります。,職場の雰囲気が良くなる日まで,,75,7,周囲に感謝を伝え、サポートを申し出る
TRANSIT_SUN,NATAL_VENUS,0,Money,4,Earth,0,Separating,満足度の高い支出を心がけましょう。,資産が心を満たす日まで,,65,6,長く愛用できる質の良いものを検討する
TRANSIT_SUN,NATAL_VENUS,0,Love,4,Earth,0,Separating,愛情深い交流が絆を深めます。,愛が深まる日まで,,80,9,相手の良いところを言葉にして伝える
TRANSIT_SUN,NATAL_VENUS,0,Health,4,Earth,0,Separating,心地よい休息と美容が健康を支えます。,輝きが増す日まで,,75,9,肌のケアや入浴時間を大切にする
TRANSIT_SUN,NATAL_VENUS,0,General,4,Earth,1,Applying,家庭環境を美しく整え、情緒的な安らぎを得る時です。,心が満たされる日まで,,80,8,インテリアに花や小物を1つ取り入れる
TRANSIT_SUN,NATAL_VENUS,0,Work,4,Earth,1,Applying,円滑な連携が成果に繋がります。,職場の雰囲気が良くなる日まで,,75,7,周囲に感謝を伝え、サポートを申し出る
TRANSIT_SUN,NATAL_VENUS,0,Money,4,Earth,1,Applying,満足度の高い支出を心がけましょう。,資産が心を満たす日まで,,65,6,長く愛用できる質の良いものを検討する
TRANSIT_SUN,NATAL_VENUS,0,Love,4,Earth,1,Applying,愛情深い交流が絆を深めます。,愛が深まる日まで,,80,9,相手の良いところを言葉にして伝える
TRANSIT_SUN,NATAL_VENUS,0,Health,4,Earth,1,Applying,心地よい休息と美容が健康を支えます。,輝きが増す日まで,,75,9,肌のケアや入浴時間を大切にする
TRANSIT_SUN,NATAL_VENUS,0,General,4,Earth,1,Separating,家庭環境を美しく整え、情緒的な安らぎを得る時です。,心が満たされる日まで,,80,8,インテリアに花や小物を1つ取り入れる
TRANSIT_SUN,NATAL_VENUS,0,Work,4,Earth,1,Separating,円滑な連携が成果に繋がります。,職場の雰囲気が良くなる日まで,,75,7,周囲に感謝を伝え、サポートを申し出る
TRANSIT_SUN,NATAL_VENUS,0,Money,4,Earth,1,Separating,満足度の高い支出を心がけましょう。,資産が心を満たす日まで,,65,6,長く愛用できる質の良いものを検討する
TRANSIT_SUN,NATAL_VENUS,0,Love,4,Earth,1,Separating,愛情深い交流が絆を深めます。,愛が深まる日まで,,80,9,相手の良いところを言葉にして伝える
TRANSIT_SUN,NATAL_VENUS,0,Health,4,Earth,1,Separating,心地よい休息と美容が健康を支えます。,輝きが増す日まで,,75,9,肌のケアや入浴時間を大切にする
TRANSIT_SUN,NATAL_VENUS,0,General,4,Air,0,Applying,家庭環境を美しく整え、情緒的な安らぎを得る時です。,心が満たされる日まで,,80,8,インテリアに花や小物を1つ取り入れる
TRANSIT_SUN,NATAL_VENUS,0,Work,4,Air,0,Applying,円滑な連携が成果に繋がります。,職場の雰囲気が良くなる日まで,,75,7,周囲に感謝を伝え、サポートを申し出る
TRANSIT_SUN,NATAL_VENUS,0,Money,4,Air,0,Applying,満足度の高い支出を心がけましょう。,資産が心を満たす日まで,,65,6,長く愛用できる質の良いものを検討する
TRANSIT_SUN,NATAL_VENUS,0,Love,4,Air,0,Applying,愛情深い交流が絆を深めます。,愛が深まる日まで,,80,9,相手の良いところを言葉にして伝える
TRANSIT_SUN,NATAL_VENUS,0,Health,4,Air,0,Applying,心地よい休息と美容が健康を支えます。,輝きが増す日まで,,75,9,肌のケアや入浴時間を大切にする
TRANSIT_SUN,NATAL_VENUS,0,General,4,Air,0,Separating,家庭環境を美しく整え、情緒的な安らぎを得る時です。,心が満たされる日まで,,80,8,インテリアに花や小物を1つ取り入れる
TRANSIT_SUN,NATAL_VENUS,0,Work,4,Air,0,Separating,円滑な連携が成果に繋がります。,職場の雰囲気が良くなる日まで,,75,7,周囲に感謝を伝え、サポートを申し出る
TRANSIT_SUN,NATAL_VENUS,0,Money,4,Air,0,Separating,満足度の高い支出を心がけましょう。,資産が心を満たす日まで,,65,6,長く愛用できる質の良いものを検討する
TRANSIT_SUN,NATAL_VENUS,0,Love,4,Air,0,Separating,愛情深い交流が絆を深めます。,愛が深まる日まで,,80,9,相手の良いところを言葉にして伝える
TRANSIT_SUN,NATAL_VENUS,0,Health,4,Air,0,Separating,心地よい休息と美容が健康を支えます。,輝きが増す日まで,,75,9,肌のケアや入浴時間を大切にする
TRANSIT_SUN,NATAL_VENUS,0,General,4,Air,1,Applying,家庭環境を美しく整え、情緒的な安らぎを得る時です。,心が満たされる日まで,,80,8,インテリアに花や小物を1つ取り入れる
TRANSIT_SUN,NATAL_VENUS,0,Work,4,Air,1,Applying,円滑な連携が成果に繋がります。,職場の雰囲気が良くなる日まで,,75,7,周囲に感謝を伝え、サポートを申し出る
TRANSIT_SUN,NATAL_VENUS,0,Money,4,Air,1,Applying,満足度の高い支出を心がけましょう。,資産が心を満たす日まで,,65,6,長く愛用できる質の良いものを検討する
TRANSIT_SUN,NATAL_VENUS,0,Love,4,Air,1,Applying,愛情深い交流が絆を深めます。,愛が深まる日まで,,80,9,相手の良いところを言葉にして伝える
TRANSIT_SUN,NATAL_VENUS,0,Health,4,Air,1,Applying,心地よい休息と美容が健康を支えます。,輝きが増す日まで,,75,9,肌のケアや入浴時間を大切にする
TRANSIT_SUN,NATAL_VENUS,0,General,4,Air,1,Separating,家庭環境を美しく整え、情緒的な安らぎを得る時です。,心が満たされる日まで,,80,8,インテリアに花や小物を1つ取り入れる
TRANSIT_SUN,NATAL_VENUS,0,Work,4,Air,1,Separating,円滑な連携が成果に繋がります。,職場の雰囲気が良くなる日まで,,75,7,周囲に感謝を伝え、サポートを申し出る
TRANSIT_SUN,NATAL_VENUS,0,Money,4,Air,1,Separating,満足度の高い支出を心がけましょう。,資産が心を満たす日まで,,65,6,長く愛用できる質の良いものを検討する
TRANSIT_SUN,NATAL_VENUS,0,Love,4,Air,1,Separating,愛情深い交流が絆を深めます。,愛が深まる日まで,,80,9,相手の良いところを言葉にして伝える
TRANSIT_SUN,NATAL_VENUS,0,Health,4,Air,1,Separating,心地よい休息と美容が健康を支えます。,輝きが増す日まで,,75,9,肌のケアや入浴時間を大切にする
TRANSIT_SUN,NATAL_VENUS,0,General,4,Water,0,Applying,家庭環境を美しく整え、情緒的な安らぎを得る時です。,心が満たされる日まで,,80,8,インテリアに花や小物を1つ取り入れる
TRANSIT_SUN,NATAL_VENUS,0,Work,4,Water,0,Applying,円滑な連携が成果に繋がります。,職場の雰囲気が良くなる日まで,,75,7,周囲に感謝を伝え、サポートを申し出る
TRANSIT_SUN,NATAL_VENUS,0,Money,4,Water,0,Applying,満足度の高い支出を心がけましょう。,資産が心を満たす日まで,,65,6,長く愛用できる質の良いものを検討する
TRANSIT_SUN,NATAL_VENUS,0,Love,4,Water,0,Applying,愛情深い交流が絆を深めます。,愛が深まる日まで,,80,9,相手の良いところを言葉にして伝える
TRANSIT_SUN,NATAL_VENUS,0,Health,4,Water,0,Applying,心地よい休息と美容が健康を支えます。,輝きが増す日まで,,75,9,肌のケアや入浴時間を大切にする
TRANSIT_SUN,NATAL_VENUS,0,General,4,Water,0,Separating,家庭環境を美しく整え、情緒的な安らぎを得る時です。,心が満たされる日まで,,80,8,インテリアに花や小物を1つ取り入れる
TRANSIT_SUN,NATAL_VENUS,0,Work,4,Water,0,Separating,円滑な連携が成果に繋がります。,職場の雰囲気が良くなる日まで,,75,7,周囲に感謝を伝え、サポートを申し出る
TRANSIT_SUN,NATAL_VENUS,0,Money,4,Water,0,Separating,満足度の高い支出を心がけましょう。,資産が心を満たす日まで,,65,6,長く愛用できる質の良いものを検討する
TRANSIT_SUN,NATAL_VENUS,0,Love,4,Water,0,Separating,愛情深い交流が絆を深めます。,愛が深まる日まで,,80,9,相手の良いところを言葉にして伝える
TRANSIT_SUN,NATAL_VENUS,0,Health,4,Water,0,Separating,心地よい休息と美容が健康を支えます。,輝きが増す日まで,,75,9,肌のケアや入浴時間を大切にする
TRANSIT_SUN,NATAL_VENUS,0,General,4,Water,1,Applying,家庭環境を美しく整え、情緒的な安らぎを得る時です。,心が満たされる日まで,,80,8,インテリアに花や小物を1つ取り入れる
TRANSIT_SUN,NATAL_VENUS,0,Work,4,Water,1,Applying,円滑な連携が成果に繋がります。,職場の雰囲気が良くなる日まで,,75,7,周囲に感謝を伝え、サポートを申し出る
TRANSIT_SUN,NATAL_VENUS,0,Money,4,Water,1,Applying,満足度の高い支出を心がけましょう。,資産が心を満たす日まで,,65,6,長く愛用できる質の良いものを検討する
TRANSIT_SUN,NATAL_VENUS,0,Love,4,Water,1,Applying,愛情深い交流が絆を深めます。,愛が深まる日まで,,80,9,相手の良いところを言葉にして伝える
TRANSIT_SUN,NATAL_VENUS,0,Health,4,Water,1,Applying,心地よい休息と美容が健康を支えます。,輝きが増す日まで,,75,9,肌のケアや入浴時間を大切にする
TRANSIT_SUN,NATAL_VENUS,0,General,4,Water,1,Separating,家庭環境を美しく整え、情緒的な安らぎを得る時です。,心が満たされる日まで,,80,8,インテリアに花や小物を1つ取り入れる
TRANSIT_SUN,NATAL_VENUS,0,Work,4,Water,1,Separating,円滑な連携が成果に繋がります。,職場の雰囲気が良くなる日まで,,75,7,周囲に感謝を伝え、サポートを申し出る
TRANSIT_SUN,NATAL_VENUS,0,Money,4,Water,1,Separating,満足度の高い支出を心がけましょう。,資産が心を満たす日まで,,65,6,長く愛用できる質の良いものを検討する
TRANSIT_SUN,NATAL_VENUS,0,Love,4,Water,1,Separating,愛情深い交流が絆を深めます。,愛が深まる日まで,,80,9,相手の良いところを言葉にして伝える
TRANSIT_SUN,NATAL_VENUS,0,Health,4,Water,1,Separating,心地よい休息と美容が健康を支えます。,輝きが増す日まで,,75,9,肌のケアや入浴時間を大切にする
TRANSIT_SUN,NATAL_VENUS,0,General,5,Fire,0,Applying,自己表現を楽しみ、クリエイティブな喜びに満たされる時期です。,心が満たされる日まで,,80,8,自分の作品やアイデアを形にしてみる
TRANSIT_SUN,NATAL_VENUS,0,Work,5,Fire,0,Applying,円滑な連携が成果に繋がります。,職場の雰囲気が良くなる日まで,,75,7,周囲に感謝を伝え、サポートを申し出る
TRANSIT_SUN,NATAL_VENUS,0,Money,5,Fire,0,Applying,満足度の高い支出を心がけましょう。,資産が心を満たす日まで,,65,6,長く愛用できる質の良いものを検討する
TRANSIT_SUN,NATAL_VENUS,0,Love,5,Fire,0,Applying,愛情深い交流が絆を深めます。,愛が深まる日まで,,80,9,相手の良いところを言葉にして伝える
TRANSIT_SUN,NATAL_VENUS,0,Health,5,Fire,0,Applying,心地よい休息と美容が健康を支えます。,輝きが増す日まで,,75,9,肌のケアや入浴時間を大切にする
TRANSIT_SUN,NATAL_VENUS,0,General,5,Fire,0,Separating,自己表現を楽しみ、クリエイティブな喜びに満たされる時期です。,心が満たされる日まで,,80,8,自分の作品やアイデアを形にしてみる
TRANSIT_SUN,NATAL_VENUS,0,Work,5,Fire,0,Separating,円滑な連携が成果に繋がります。,職場の雰囲気が良くなる日まで,,75,7,周囲に感謝を伝え、サポートを申し出る
TRANSIT_SUN,NATAL_VENUS,0,Money,5,Fire,0,Separating,満足度の高い支出を心がけましょう。,資産が心を満たす日まで,,65,6,長く愛用できる質の良いものを検討する
TRANSIT_SUN,NATAL_VENUS,0,Love,5,Fire,0,Separating,愛情深い交流が絆を深めます。,愛が深まる日まで,,80,9,相手の良いところを言葉にして伝える
TRANSIT_SUN,NATAL_VENUS,0,Health,5,Fire,0,Separating,心地よい休息と美容が健康を支えます。,輝きが増す日まで,,75,9,肌のケアや入浴時間を大切にする
TRANSIT_SUN,NATAL_VENUS,0,General,5,Fire,1,Applying,自己表現を楽しみ、クリエイティブな喜びに満たされる時期です。,心が満たされる日まで,,80,8,自分の作品やアイデアを形にしてみる
TRANSIT_SUN,NATAL_VENUS,0,Work,5,Fire,1,Applying,円滑な連携が成果に繋がります。,職場の雰囲気が良くなる日まで,,75,7,周囲に感謝を伝え、サポートを申し出る
TRANSIT_SUN,NATAL_VENUS,0,Money,5,Fire,1,Applying,満足度の高い支出を心がけましょう。,資産が心を満たす日まで,,65,6,長く愛用できる質の良いものを検討する
TRANSIT_SUN,NATAL_VENUS,0,Love,5,Fire,1,Applying,愛情深い交流が絆を深めます。,愛が深まる日まで,,80,9,相手の良いところを言葉にして伝える
TRANSIT_SUN,NATAL_VENUS,0,Health,5,Fire,1,Applying,心地よい休息と美容が健康を支えます。,輝きが増す日まで,,75,9,肌のケアや入浴時間を大切にする
TRANSIT_SUN,NATAL_VENUS,0,General,5,Fire,1,Separating,自己表現を楽しみ、クリエイティブな喜びに満たされる時期です。,心が満たされる日まで,,80,8,自分の作品やアイデアを形にしてみる
TRANSIT_SUN,NATAL_VENUS,0,Work,5,Fire,1,Separating,円滑な連携が成果に繋がります。,職場の雰囲気が良くなる日まで,,75,7,周囲に感謝を伝え、サポートを申し出る
TRANSIT_SUN,NATAL_VENUS,0,Money,5,Fire,1,Separating,満足度の高い支出を心がけましょう。,資産が心を満たす日まで,,65,6,長く愛用できる質の良いものを検討する
TRANSIT_SUN,NATAL_VENUS,0,Love,5,Fire,1,Separating,愛情深い交流が絆を深めます。,愛が深まる日まで,,80,9,相手の良いところを言葉にして伝える
TRANSIT_SUN,NATAL_VENUS,0,Health,5,Fire,1,Separating,心地よい休息と美容が健康を支えます。,輝きが増す日まで,,75,9,肌のケアや入浴時間を大切にする
TRANSIT_SUN,NATAL_VENUS,0,General,5,Earth,0,Applying,自己表現を楽しみ、クリエイティブな喜びに満たされる時期です。,心が満たされる日まで,,80,8,自分の作品やアイデアを形にしてみる
TRANSIT_SUN,NATAL_VENUS,0,Work,5,Earth,0,Applying,円滑な連携が成果に繋がります。,職場の雰囲気が良くなる日まで,,75,7,周囲に感謝を伝え、サポートを申し出る
TRANSIT_SUN,NATAL_VENUS,0,Money,5,Earth,0,Applying,満足度の高い支出を心がけましょう。,資産が心を満たす日まで,,65,6,長く愛用できる質の良いものを検討する
TRANSIT_SUN,NATAL_VENUS,0,Love,5,Earth,0,Applying,愛情深い交流が絆を深めます。,愛が深まる日まで,,80,9,相手の良いところを言葉にして伝える
TRANSIT_SUN,NATAL_VENUS,0,Health,5,Earth,0,Applying,心地よい休息と美容が健康を支えます。,輝きが増す日まで,,75,9,肌のケアや入浴時間を大切にする
TRANSIT_SUN,NATAL_VENUS,0,General,5,Earth,0,Separating,自己表現を楽しみ、クリエイティブな喜びに満たされる時期です。,心が満たされる日まで,,80,8,自分の作品やアイデアを形にしてみる
TRANSIT_SUN,NATAL_VENUS,0,Work,5,Earth,0,Separating,円滑な連携が成果に繋がります。,職場の雰囲気が良くなる日まで,,75,7,周囲に感謝を伝え、サポートを申し出る
TRANSIT_SUN,NATAL_VENUS,0,Money,5,Earth,0,Separating,満足度の高い支出を心がけましょう。,資産が心を満たす日まで,,65,6,長く愛用できる質の良いものを検討する
TRANSIT_SUN,NATAL_VENUS,0,Love,5,Earth,0,Separating,愛情深い交流が絆を深めます。,愛が深まる日まで,,80,9,相手の良いところを言葉にして伝える
TRANSIT_SUN,NATAL_VENUS,0,Health,5,Earth,0,Separating,心地よい休息と美容が健康を支えます。,輝きが増す日まで,,75,9,肌のケアや入浴時間を大切にする
TRANSIT_SUN,NATAL_VENUS,0,General,5,Earth,1,Applying,自己表現を楽しみ、クリエイティブな喜びに満たされる時期です。,心が満たされる日まで,,80,8,自分の作品やアイデアを形にしてみる
TRANSIT_SUN,NATAL_VENUS,0,Work,5,Earth,1,Applying,円滑な連携が成果に繋がります。,職場の雰囲気が良くなる日まで,,75,7,周囲に感謝を伝え、サポートを申し出る
TRANSIT_SUN,NATAL_VENUS,0,Money,5,Earth,1,Applying,満足度の高い支出を心がけましょう。,資産が心を満たす日まで,,65,6,長く愛用できる質の良いものを検討する
TRANSIT_SUN,NATAL_VENUS,0,Love,5,Earth,1,Applying,愛情深い交流が絆を深めます。,愛が深まる日まで,,80,9,相手の良いところを言葉にして伝える
TRANSIT_SUN,NATAL_VENUS,0,Health,5,Earth,1,Applying,心地よい休息と美容が健康を支えます。,輝きが増す日まで,,75,9,肌のケアや入浴時間を大切にする
TRANSIT_SUN,NATAL_VENUS,0,General,5,Earth,1,Separating,自己表現を楽しみ、クリエイティブな喜びに満たされる時期です。,心が満たされる日まで,,80,8,自分の作品やアイデアを形にしてみる
TRANSIT_SUN,NATAL_VENUS,0,Work,5,Earth,1,Separating,円滑な連携が成果に繋がります。,職場の雰囲気が良くなる日まで,,75,7,周囲に感謝を伝え、サポートを申し出る
TRANSIT_SUN,NATAL_VENUS,0,Money,5,Earth,1,Separating,満足度の高い支出を心がけましょう。,資産が心を満たす日まで,,65,6,長く愛用できる質の良いものを検討する
TRANSIT_SUN,NATAL_VENUS,0,Love,5,Earth,1,Separating,愛情深い交流が絆を深めます。,愛が深まる日まで,,80,9,相手の良いところを言葉にして伝える
TRANSIT_SUN,NATAL_VENUS,0,Health,5,Earth,1,Separating,心地よい休息と美容が健康を支えます。,輝きが増す日まで,,75,9,肌のケアや入浴時間を大切にする
TRANSIT_SUN,NATAL_VENUS,0,General,5,Air,0,Applying,自己表現を楽しみ、クリエイティブな喜びに満たされる時期です。,心が満たされる日まで,,80,8,自分の作品やアイデアを形にしてみる
TRANSIT_SUN,NATAL_VENUS,0,Work,5,Air,0,Applying,円滑な連携が成果に繋がります。,職場の雰囲気が良くなる日まで,,75,7,周囲に感謝を伝え、サポートを申し出る
TRANSIT_SUN,NATAL_VENUS,0,Money,5,Air,0,Applying,満足度の高い支出を心がけましょう。,資産が心を満たす日まで,,65,6,長く愛用できる質の良いものを検討する
TRANSIT_SUN,NATAL_VENUS,0,Love,5,Air,0,Applying,愛情深い交流が絆を深めます。,愛が深まる日まで,,80,9,相手の良いところを言葉にして伝える
TRANSIT_SUN,NATAL_VENUS,0,Health,5,Air,0,Applying,心地よい休息と美容が健康を支えます。,輝きが増す日まで,,75,9,肌のケアや入浴時間を大切にする
TRANSIT_SUN,NATAL_VENUS,0,General,5,Air,0,Separating,自己表現を楽しみ、クリエイティブな喜びに満たされる時期です。,心が満たされる日まで,,80,8,自分の作品やアイデアを形にしてみる
TRANSIT_SUN,NATAL_VENUS,0,Work,5,Air,0,Separating,円滑な連携が成果に繋がります。,職場の雰囲気が良くなる日まで,,75,7,周囲に感謝を伝え、サポートを申し出る
TRANSIT_SUN,NATAL_VENUS,0,Money,5,Air,0,Separating,満足度の高い支出を心がけましょう。,資産が心を満たす日まで,,65,6,長く愛用できる質の良いものを検討する
TRANSIT_SUN,NATAL_VENUS,0,Love,5,Air,0,Separating,愛情深い交流が絆を深めます。,愛が深まる日まで,,80,9,相手の良いところを言葉にして伝える
TRANSIT_SUN,NATAL_VENUS,0,Health,5,Air,0,Separating,心地よい休息と美容が健康を支えます。,輝きが増す日まで,,75,9,肌のケアや入浴時間を大切にする
TRANSIT_SUN,NATAL_VENUS,0,General,5,Air,1,Applying,自己表現を楽しみ、クリエイティブな喜びに満たされる時期です。,心が満たされる日まで,,80,8,自分の作品やアイデアを形にしてみる
TRANSIT_SUN,NATAL_VENUS,0,Work,5,Air,1,Applying,円滑な連携が成果に繋がります。,職場の雰囲気が良くなる日まで,,75,7,周囲に感謝を伝え、サポートを申し出る
TRANSIT_SUN,NATAL_VENUS,0,Money,5,Air,1,Applying,満足度の高い支出を心がけましょう。,資産が心を満たす日まで,,65,6,長く愛用できる質の良いものを検討する
TRANSIT_SUN,NATAL_VENUS,0,Love,5,Air,1,Applying,愛情深い交流が絆を深めます。,愛が深まる日まで,,80,9,相手の良いところを言葉にして伝える
TRANSIT_SUN,NATAL_VENUS,0,Health,5,Air,1,Applying,心地よい休息と美容が健康を支えます。,輝きが増す日まで,,75,9,肌のケアや入浴時間を大切にする
TRANSIT_SUN,NATAL_VENUS,0,General,5,Air,1,Separating,自己表現を楽しみ、クリエイティブな喜びに満たされる時期です。,心が満たされる日まで,,80,8,自分の作品やアイデアを形にしてみる
TRANSIT_SUN,NATAL_VENUS,0,Work,5,Air,1,Separating,円滑な連携が成果に繋がります。,職場の雰囲気が良くなる日まで,,75,7,周囲に感謝を伝え、サポートを申し出る
TRANSIT_SUN,NATAL_VENUS,0,Money,5,Air,1,Separating,満足度の高い支出を心がけましょう。,資産が心を満たす日まで,,65,6,長く愛用できる質の良いものを検討する
TRANSIT_SUN,NATAL_VENUS,0,Love,5,Air,1,Separating,愛情深い交流が絆を深めます。,愛が深まる日まで,,80,9,相手の良いところを言葉にして伝える
TRANSIT_SUN,NATAL_VENUS,0,Health,5,Air,1,Separating,心地よい休息と美容が健康を支えます。,輝きが増す日まで,,75,9,肌のケアや入浴時間を大切にする
TRANSIT_SUN,NATAL_VENUS,0,General,5,Water,0,Applying,自己表現を楽しみ、クリエイティブな喜びに満たされる時期です。,心が満たされる日まで,,80,8,自分の作品やアイデアを形にしてみる
TRANSIT_SUN,NATAL_VENUS,0,Work,5,Water,0,Applying,円滑な連携が成果に繋がります。,職場の雰囲気が良くなる日まで,,75,7,周囲に感謝を伝え、サポートを申し出る
TRANSIT_SUN,NATAL_VENUS,0,Money,5,Water,0,Applying,満足度の高い支出を心がけましょう。,資産が心を満たす日まで,,65,6,長く愛用できる質の良いものを検討する
TRANSIT_SUN,NATAL_VENUS,0,Love,5,Water,0,Applying,愛情深い交流が絆を深めます。,愛が深まる日まで,,80,9,相手の良いところを言葉にして伝える
TRANSIT_SUN,NATAL_VENUS,0,Health,5,Water,0,Applying,心地よい休息と美容が健康を支えます。,輝きが増す日まで,,75,9,肌のケアや入浴時間を大切にする
TRANSIT_SUN,NATAL_VENUS,0,General,5,Water,0,Separating,自己表現を楽しみ、クリエイティブな喜びに満たされる時期です。,心が満たされる日まで,,80,8,自分の作品やアイデアを形にしてみる
TRANSIT_SUN,NATAL_VENUS,0,Work,5,Water,0,Separating,円滑な連携が成果に繋がります。,職場の雰囲気が良くなる日まで,,75,7,周囲に感謝を伝え、サポートを申し出る
TRANSIT_SUN,NATAL_VENUS,0,Money,5,Water,0,Separating,満足度の高い支出を心がけましょう。,資産が心を満たす日まで,,65,6,長く愛用できる質の良いものを検討する
TRANSIT_SUN,NATAL_VENUS,0,Love,5,Water,0,Separating,愛情深い交流が絆を深めます。,愛が深まる日まで,,80,9,相手の良いところを言葉にして伝える
TRANSIT_SUN,NATAL_VENUS,0,Health,5,Water,0,Separating,心地よい休息と美容が健康を支えます。,輝きが増す日まで,,75,9,肌のケアや入浴時間を大切にする
TRANSIT_SUN,NATAL_VENUS,0,General,5,Water,1,Applying,自己表現を楽しみ、クリエイティブな喜びに満たされる時期です。,心が満たされる日まで,,80,8,自分の作品やアイデアを形にしてみる
TRANSIT_SUN,NATAL_VENUS,0,Work,5,Water,1,Applying,円滑な連携が成果に繋がります。,職場の雰囲気が良くなる日まで,,75,7,周囲に感謝を伝え、サポートを申し出る
TRANSIT_SUN,NATAL_VENUS,0,Money,5,Water,1,Applying,満足度の高い支出を心がけましょう。,資産が心を満たす日まで,,65,6,長く愛用できる質の良いものを検討する
TRANSIT_SUN,NATAL_VENUS,0,Love,5,Water,1,Applying,愛情深い交流が絆を深めます。,愛が深まる日まで,,80,9,相手の良いところを言葉にして伝える
TRANSIT_SUN,NATAL_VENUS,0,Health,5,Water,1,Applying,心地よい休息と美容が健康を支えます。,輝きが増す日まで,,75,9,肌のケアや入浴時間を大切にする
TRANSIT_SUN,NATAL_VENUS,0,General,5,Water,1,Separating,自己表現を楽しみ、クリエイティブな喜びに満たされる時期です。,心が満たされる日まで,,80,8,自分の作品やアイデアを形にしてみる
TRANSIT_SUN,NATAL_VENUS,0,Work,5,Water,1,Separating,円滑な連携が成果に繋がります。,職場の雰囲気が良くなる日まで,,75,7,周囲に感謝を伝え、サポートを申し出る
TRANSIT_SUN,NATAL_VENUS,0,Money,5,Water,1,Separating,満足度の高い支出を心がけましょう。,資産が心を満たす日まで,,65,6,長く愛用できる質の良いものを検討する
TRANSIT_SUN,NATAL_VENUS,0,Love,5,Water,1,Separating,愛情深い交流が絆を深めます。,愛が深まる日まで,,80,9,相手の良いところを言葉にして伝える
TRANSIT_SUN,NATAL_VENUS,0,Health,5,Water,1,Separating,心地よい休息と美容が健康を支えます。,輝きが増す日まで,,75,9,肌のケアや入浴時間を大切にする
TRANSIT_SUN,NATAL_VENUS,0,General,6,Fire,0,Applying,職場環境を整え、実務の中に心地よさを見出す時期です。,心が満たされる日まで,,80,8,デスク周りを自分好みに整理する
TRANSIT_SUN,NATAL_VENUS,0,Work,6,Fire,0,Applying,円滑な連携が成果に繋がります。,職場の雰囲気が良くなる日まで,,75,7,周囲に感謝を伝え、サポートを申し出る
TRANSIT_SUN,NATAL_VENUS,0,Money,6,Fire,0,Applying,満足度の高い支出を心がけましょう。,資産が心を満たす日まで,,65,6,長く愛用できる質の良いものを検討する
TRANSIT_SUN,NATAL_VENUS,0,Love,6,Fire,0,Applying,愛情深い交流が絆を深めます。,愛が深まる日まで,,80,9,相手の良いところを言葉にして伝える
TRANSIT_SUN,NATAL_VENUS,0,Health,6,Fire,0,Applying,心地よい休息と美容が健康を支えます。,輝きが増す日まで,,75,9,肌のケアや入浴時間を大切にする
TRANSIT_SUN,NATAL_VENUS,0,General,6,Fire,0,Separating,職場環境を整え、実務の中に心地よさを見出す時期です。,心が満たされる日まで,,80,8,デスク周りを自分好みに整理する
TRANSIT_SUN,NATAL_VENUS,0,Work,6,Fire,0,Separating,円滑な連携が成果に繋がります。,職場の雰囲気が良くなる日まで,,75,7,周囲に感謝を伝え、サポートを申し出る
TRANSIT_SUN,NATAL_VENUS,0,Money,6,Fire,0,Separating,満足度の高い支出を心がけましょう。,資産が心を満たす日まで,,65,6,長く愛用できる質の良いものを検討する
TRANSIT_SUN,NATAL_VENUS,0,Love,6,Fire,0,Separating,愛情深い交流が絆を深めます。,愛が深まる日まで,,80,9,相手の良いところを言葉にして伝える
TRANSIT_SUN,NATAL_VENUS,0,Health,6,Fire,0,Separating,心地よい休息と美容が健康を支えます。,輝きが増す日まで,,75,9,肌のケアや入浴時間を大切にする
TRANSIT_SUN,NATAL_VENUS,0,General,6,Fire,1,Applying,職場環境を整え、実務の中に心地よさを見出す時期です。,心が満たされる日まで,,80,8,デスク周りを自分好みに整理する
TRANSIT_SUN,NATAL_VENUS,0,Work,6,Fire,1,Applying,円滑な連携が成果に繋がります。,職場の雰囲気が良くなる日まで,,75,7,周囲に感謝を伝え、サポートを申し出る
TRANSIT_SUN,NATAL_VENUS,0,Money,6,Fire,1,Applying,満足度の高い支出を心がけましょう。,資産が心を満たす日まで,,65,6,長く愛用できる質の良いものを検討する
TRANSIT_SUN,NATAL_VENUS,0,Love,6,Fire,1,Applying,愛情深い交流が絆を深めます。,愛が深まる日まで,,80,9,相手の良いところを言葉にして伝える
TRANSIT_SUN,NATAL_VENUS,0,Health,6,Fire,1,Applying,心地よい休息と美容が健康を支えます。,輝きが増す日まで,,75,9,肌のケアや入浴時間を大切にする
TRANSIT_SUN,NATAL_VENUS,0,General,6,Fire,1,Separating,職場環境を整え、実務の中に心地よさを見出す時期です。,心が満たされる日まで,,80,8,デスク周りを自分好みに整理する
TRANSIT_SUN,NATAL_VENUS,0,Work,6,Fire,1,Separating,円滑な連携が成果に繋がります。,職場の雰囲気が良くなる日まで,,75,7,周囲に感謝を伝え、サポートを申し出る
TRANSIT_SUN,NATAL_VENUS,0,Money,6,Fire,1,Separating,満足度の高い支出を心がけましょう。,資産が心を満たす日まで,,65,6,長く愛用できる質の良いものを検討する
TRANSIT_SUN,NATAL_VENUS,0,Love,6,Fire,1,Separating,愛情深い交流が絆を深めます。,愛が深まる日まで,,80,9,相手の良いところを言葉にして伝える
TRANSIT_SUN,NATAL_VENUS,0,Health,6,Fire,1,Separating,心地よい休息と美容が健康を支えます。,輝きが増す日まで,,75,9,肌のケアや入浴時間を大切にする
TRANSIT_SUN,NATAL_VENUS,0,General,6,Earth,0,Applying,職場環境を整え、実務の中に心地よさを見出す時期です。,心が満たされる日まで,,80,8,デスク周りを自分好みに整理する
TRANSIT_SUN,NATAL_VENUS,0,Work,6,Earth,0,Applying,円滑な連携が成果に繋がります。,職場の雰囲気が良くなる日まで,,75,7,周囲に感謝を伝え、サポートを申し出る
TRANSIT_SUN,NATAL_VENUS,0,Money,6,Earth,0,Applying,満足度の高い支出を心がけましょう。,資産が心を満たす日まで,,65,6,長く愛用できる質の良いものを検討する
TRANSIT_SUN,NATAL_VENUS,0,Love,6,Earth,0,Applying,愛情深い交流が絆を深めます。,愛が深まる日まで,,80,9,相手の良いところを言葉にして伝える
TRANSIT_SUN,NATAL_VENUS,0,Health,6,Earth,0,Applying,心地よい休息と美容が健康を支えます。,輝きが増す日まで,,75,9,肌のケアや入浴時間を大切にする
TRANSIT_SUN,NATAL_VENUS,0,General,6,Earth,0,Separating,職場環境を整え、実務の中に心地よさを見出す時期です。,心が満たされる日まで,,80,8,デスク周りを自分好みに整理する
TRANSIT_SUN,NATAL_VENUS,0,Work,6,Earth,0,Separating,円滑な連携が成果に繋がります。,職場の雰囲気が良くなる日まで,,75,7,周囲に感謝を伝え、サポートを申し出る
TRANSIT_SUN,NATAL_VENUS,0,Money,6,Earth,0,Separating,満足度の高い支出を心がけましょう。,資産が心を満たす日まで,,65,6,長く愛用できる質の良いものを検討する
TRANSIT_SUN,NATAL_VENUS,0,Love,6,Earth,0,Separating,愛情深い交流が絆を深めます。,愛が深まる日まで,,80,9,相手の良いところを言葉にして伝える
TRANSIT_SUN,NATAL_VENUS,0,Health,6,Earth,0,Separating,心地よい休息と美容が健康を支えます。,輝きが増す日まで,,75,9,肌のケアや入浴時間を大切にする
TRANSIT_SUN,NATAL_VENUS,0,General,6,Earth,1,Applying,職場環境を整え、実務の中に心地よさを見出す時期です。,心が満たされる日まで,,80,8,デスク周りを自分好みに整理する
TRANSIT_SUN,NATAL_VENUS,0,Work,6,Earth,1,Applying,円滑な連携が成果に繋がります。,職場の雰囲気が良くなる日まで,,75,7,周囲に感謝を伝え、サポートを申し出る
TRANSIT_SUN,NATAL_VENUS,0,Money,6,Earth,1,Applying,満足度の高い支出を心がけましょう。,資産が心を満たす日まで,,65,6,長く愛用できる質の良いものを検討する
TRANSIT_SUN,NATAL_VENUS,0,Love,6,Earth,1,Applying,愛情深い交流が絆を深めます。,愛が深まる日まで,,80,9,相手の良いところを言葉にして伝える
TRANSIT_SUN,NATAL_VENUS,0,Health,6,Earth,1,Applying,心地よい休息と美容が健康を支えます。,輝きが増す日まで,,75,9,肌のケアや入浴時間を大切にする
TRANSIT_SUN,NATAL_VENUS,0,General,6,Earth,1,Separating,職場環境を整え、実務の中に心地よさを見出す時期です。,心が満たされる日まで,,80,8,デスク周りを自分好みに整理する
TRANSIT_SUN,NATAL_VENUS,0,Work,6,Earth,1,Separating,円滑な連携が成果に繋がります。,職場の雰囲気が良くなる日まで,,75,7,周囲に感謝を伝え、サポートを申し出る
TRANSIT_SUN,NATAL_VENUS,0,Money,6,Earth,1,Separating,満足度の高い支出を心がけましょう。,資産が心を満たす日まで,,65,6,長く愛用できる質の良いものを検討する
TRANSIT_SUN,NATAL_VENUS,0,Love,6,Earth,1,Separating,愛情深い交流が絆を深めます。,愛が深まる日まで,,80,9,相手の良いところを言葉にして伝える
TRANSIT_SUN,NATAL_VENUS,0,Health,6,Earth,1,Separating,心地よい休息と美容が健康を支えます。,輝きが増す日まで,,75,9,肌のケアや入浴時間を大切にする
TRANSIT_SUN,NATAL_VENUS,0,General,6,Air,0,Applying,職場環境を整え、実務の中に心地よさを見出す時期です。,心が満たされる日まで,,80,8,デスク周りを自分好みに整理する
TRANSIT_SUN,NATAL_VENUS,0,Work,6,Air,0,Applying,円滑な連携が成果に繋がります。,職場の雰囲気が良くなる日まで,,75,7,周囲に感謝を伝え、サポートを申し出る
TRANSIT_SUN,NATAL_VENUS,0,Money,6,Air,0,Applying,満足度の高い支出を心がけましょう。,資産が心を満たす日まで,,65,6,長く愛用できる質の良いものを検討する
TRANSIT_SUN,NATAL_VENUS,0,Love,6,Air,0,Applying,愛情深い交流が絆を深めます。,愛が深まる日まで,,80,9,相手の良いところを言葉にして伝える
TRANSIT_SUN,NATAL_VENUS,0,Health,6,Air,0,Applying,心地よい休息と美容が健康を支えます。,輝きが増す日まで,,75,9,肌のケアや入浴時間を大切にする
TRANSIT_SUN,NATAL_VENUS,0,General,6,Air,0,Separating,職場環境を整え、実務の中に心地よさを見出す時期です。,心が満たされる日まで,,80,8,デスク周りを自分好みに整理する
TRANSIT_SUN,NATAL_VENUS,0,Work,6,Air,0,Separating,円滑な連携が成果に繋がります。,職場の雰囲気が良くなる日まで,,75,7,周囲に感謝を伝え、サポートを申し出る
TRANSIT_SUN,NATAL_VENUS,0,Money,6,Air,0,Separating,満足度の高い支出を心がけましょう。,資産が心を満たす日まで,,65,6,長く愛用できる質の良いものを検討する
TRANSIT_SUN,NATAL_VENUS,0,Love,6,Air,0,Separating,愛情深い交流が絆を深めます。,愛が深まる日まで,,80,9,相手の良いところを言葉にして伝える
TRANSIT_SUN,NATAL_VENUS,0,Health,6,Air,0,Separating,心地よい休息と美容が健康を支えます。,輝きが増す日まで,,75,9,肌のケアや入浴時間を大切にする
TRANSIT_SUN,NATAL_VENUS,0,General,6,Air,1,Applying,職場環境を整え、実務の中に心地よさを見出す時期です。,心が満たされる日まで,,80,8,デスク周りを自分好みに整理する
TRANSIT_SUN,NATAL_VENUS,0,Work,6,Air,1,Applying,円滑な連携が成果に繋がります。,職場の雰囲気が良くなる日まで,,75,7,周囲に感謝を伝え、サポートを申し出る
TRANSIT_SUN,NATAL_VENUS,0,Money,6,Air,1,Applying,満足度の高い支出を心がけましょう。,資産が心を満たす日まで,,65,6,長く愛用できる質の良いものを検討する
TRANSIT_SUN,NATAL_VENUS,0,Love,6,Air,1,Applying,愛情深い交流が絆を深めます。,愛が深まる日まで,,80,9,相手の良いところを言葉にして伝える
TRANSIT_SUN,NATAL_VENUS,0,Health,6,Air,1,Applying,心地よい休息と美容が健康を支えます。,輝きが増す日まで,,75,9,肌のケアや入浴時間を大切にする
TRANSIT_SUN,NATAL_VENUS,0,General,6,Air,1,Separating,職場環境を整え、実務の中に心地よさを見出す時期です。,心が満たされる日まで,,80,8,デスク周りを自分好みに整理する
TRANSIT_SUN,NATAL_VENUS,0,Work,6,Air,1,Separating,円滑な連携が成果に繋がります。,職場の雰囲気が良くなる日まで,,75,7,周囲に感謝を伝え、サポートを申し出る
TRANSIT_SUN,NATAL_VENUS,0,Money,6,Air,1,Separating,満足度の高い支出を心がけましょう。,資産が心を満たす日まで,,65,6,長く愛用できる質の良いものを検討する
TRANSIT_SUN,NATAL_VENUS,0,Love,6,Air,1,Separating,愛情深い交流が絆を深めます。,愛が深まる日まで,,80,9,相手の良いところを言葉にして伝える
TRANSIT_SUN,NATAL_VENUS,0,Health,6,Air,1,Separating,心地よい休息と美容が健康を支えます。,輝きが増す日まで,,75,9,肌のケアや入浴時間を大切にする
TRANSIT_SUN,NATAL_VENUS,0,General,6,Water,0,Applying,職場環境を整え、実務の中に心地よさを見出す時期です。,心が満たされる日まで,,80,8,デスク周りを自分好みに整理する
TRANSIT_SUN,NATAL_VENUS,0,Work,6,Water,0,Applying,円滑な連携が成果に繋がります。,職場の雰囲気が良くなる日まで,,75,7,周囲に感謝を伝え、サポートを申し出る
TRANSIT_SUN,NATAL_VENUS,0,Money,6,Water,0,Applying,満足度の高い支出を心がけましょう。,資産が心を満たす日まで,,65,6,長く愛用できる質の良いものを検討する
TRANSIT_SUN,NATAL_VENUS,0,Love,6,Water,0,Applying,愛情深い交流が絆を深めます。,愛が深まる日まで,,80,9,相手の良いところを言葉にして伝える
TRANSIT_SUN,NATAL_VENUS,0,Health,6,Water,0,Applying,心地よい休息と美容が健康を支えます。,輝きが増す日まで,,75,9,肌のケアや入浴時間を大切にする
TRANSIT_SUN,NATAL_VENUS,0,General,6,Water,0,Separating,職場環境を整え、実務の中に心地よさを見出す時期です。,心が満たされる日まで,,80,8,デスク周りを自分好みに整理する
TRANSIT_SUN,NATAL_VENUS,0,Work,6,Water,0,Separating,円滑な連携が成果に繋がります。,職場の雰囲気が良くなる日まで,,75,7,周囲に感謝を伝え、サポートを申し出る
TRANSIT_SUN,NATAL_VENUS,0,Money,6,Water,0,Separating,満足度の高い支出を心がけましょう。,資産が心を満たす日まで,,65,6,長く愛用できる質の良いものを検討する
TRANSIT_SUN,NATAL_VENUS,0,Love,6,Water,0,Separating,愛情深い交流が絆を深めます。,愛が深まる日まで,,80,9,相手の良いところを言葉にして伝える
TRANSIT_SUN,NATAL_VENUS,0,Health,6,Water,0,Separating,心地よい休息と美容が健康を支えます。,輝きが増す日まで,,75,9,肌のケアや入浴時間を大切にする
TRANSIT_SUN,NATAL_VENUS,0,General,6,Water,1,Applying,職場環境を整え、実務の中に心地よさを見出す時期です。,心が満たされる日まで,,80,8,デスク周りを自分好みに整理する
TRANSIT_SUN,NATAL_VENUS,0,Work,6,Water,1,Applying,円滑な連携が成果に繋がります。,職場の雰囲気が良くなる日まで,,75,7,周囲に感謝を伝え、サポートを申し出る
TRANSIT_SUN,NATAL_VENUS,0,Money,6,Water,1,Applying,満足度の高い支出を心がけましょう。,資産が心を満たす日まで,,65,6,長く愛用できる質の良いものを検討する
TRANSIT_SUN,NATAL_VENUS,0,Love,6,Water,1,Applying,愛情深い交流が絆を深めます。,愛が深まる日まで,,80,9,相手の良いところを言葉にして伝える
TRANSIT_SUN,NATAL_VENUS,0,Health,6,Water,1,Applying,心地よい休息と美容が健康を支えます。,輝きが増す日まで,,75,9,肌のケアや入浴時間を大切にする
TRANSIT_SUN,NATAL_VENUS,0,General,6,Water,1,Separating,職場環境を整え、実務の中に心地よさを見出す時期です。,心が満たされる日まで,,80,8,デスク周りを自分好みに整理する
TRANSIT_SUN,NATAL_VENUS,0,Work,6,Water,1,Separating,円滑な連携が成果に繋がります。,職場の雰囲気が良くなる日まで,,75,7,周囲に感謝を伝え、サポートを申し出る
TRANSIT_SUN,NATAL_VENUS,0,Money,6,Water,1,Separating,満足度の高い支出を心がけましょう。,資産が心を満たす日まで,,65,6,長く愛用できる質の良いものを検討する
TRANSIT_SUN,NATAL_VENUS,0,Love,6,Water,1,Separating,愛情深い交流が絆を深めます。,愛が深まる日まで,,80,9,相手の良いところを言葉にして伝える
TRANSIT_SUN,NATAL_VENUS,0,Health,6,Water,1,Separating,心地よい休息と美容が健康を支えます。,輝きが増す日まで,,75,9,肌のケアや入浴時間を大切にする
TRANSIT_SUN,NATAL_VENUS,0,General,7,Fire,0,Applying,対人関係が華やかになり、パートナーシップが深まる時期です。,心が満たされる日まで,,80,8,大切な人とゆっくり対話する時間を設ける
TRANSIT_SUN,NATAL_VENUS,0,Work,7,Fire,0,Applying,円滑な連携が成果に繋がります。,職場の雰囲気が良くなる日まで,,75,7,周囲に感謝を伝え、サポートを申し出る
TRANSIT_SUN,NATAL_VENUS,0,Money,7,Fire,0,Applying,満足度の高い支出を心がけましょう。,資産が心を満たす日まで,,65,6,長く愛用できる質の良いものを検討する
TRANSIT_SUN,NATAL_VENUS,0,Love,7,Fire,0,Applying,愛情深い交流が絆を深めます。,愛が深まる日まで,,80,9,相手の良いところを言葉にして伝える
TRANSIT_SUN,NATAL_VENUS,0,Health,7,Fire,0,Applying,心地よい休息と美容が健康を支えます。,輝きが増す日まで,,75,9,肌のケアや入浴時間を大切にする
TRANSIT_SUN,NATAL_VENUS,0,General,7,Fire,0,Separating,対人関係が華やかになり、パートナーシップが深まる時期です。,心が満たされる日まで,,80,8,大切な人とゆっくり対話する時間を設ける
TRANSIT_SUN,NATAL_VENUS,0,Work,7,Fire,0,Separating,円滑な連携が成果に繋がります。,職場の雰囲気が良くなる日まで,,75,7,周囲に感謝を伝え、サポートを申し出る
TRANSIT_SUN,NATAL_VENUS,0,Money,7,Fire,0,Separating,満足度の高い支出を心がけましょう。,資産が心を満たす日まで,,65,6,長く愛用できる質の良いものを検討する
TRANSIT_SUN,NATAL_VENUS,0,Love,7,Fire,0,Separating,愛情深い交流が絆を深めます。,愛が深まる日まで,,80,9,相手の良いところを言葉にして伝える
TRANSIT_SUN,NATAL_VENUS,0,Health,7,Fire,0,Separating,心地よい休息と美容が健康を支えます。,輝きが増す日まで,,75,9,肌のケアや入浴時間を大切にする
TRANSIT_SUN,NATAL_VENUS,0,General,7,Fire,1,Applying,対人関係が華やかになり、パートナーシップが深まる時期です。,心が満たされる日まで,,80,8,大切な人とゆっくり対話する時間を設ける
TRANSIT_SUN,NATAL_VENUS,0,Work,7,Fire,1,Applying,円滑な連携が成果に繋がります。,職場の雰囲気が良くなる日まで,,75,7,周囲に感謝を伝え、サポートを申し出る
TRANSIT_SUN,NATAL_VENUS,0,Money,7,Fire,1,Applying,満足度の高い支出を心がけましょう。,資産が心を満たす日まで,,65,6,長く愛用できる質の良いものを検討する
TRANSIT_SUN,NATAL_VENUS,0,Love,7,Fire,1,Applying,愛情深い交流が絆を深めます。,愛が深まる日まで,,80,9,相手の良いところを言葉にして伝える
TRANSIT_SUN,NATAL_VENUS,0,Health,7,Fire,1,Applying,心地よい休息と美容が健康を支えます。,輝きが増す日まで,,75,9,肌のケアや入浴時間を大切にする
TRANSIT_SUN,NATAL_VENUS,0,General,7,Fire,1,Separating,対人関係が華やかになり、パートナーシップが深まる時期です。,心が満たされる日まで,,80,8,大切な人とゆっくり対話する時間を設ける
TRANSIT_SUN,NATAL_VENUS,0,Work,7,Fire,1,Separating,円滑な連携が成果に繋がります。,職場の雰囲気が良くなる日まで,,75,7,周囲に感謝を伝え、サポートを申し出る
TRANSIT_SUN,NATAL_VENUS,0,Money,7,Fire,1,Separating,満足度の高い支出を心がけましょう。,資産が心を満たす日まで,,65,6,長く愛用できる質の良いものを検討する
TRANSIT_SUN,NATAL_VENUS,0,Love,7,Fire,1,Separating,愛情深い交流が絆を深めます。,愛が深まる日まで,,80,9,相手の良いところを言葉にして伝える
TRANSIT_SUN,NATAL_VENUS,0,Health,7,Fire,1,Separating,心地よい休息と美容が健康を支えます。,輝きが増す日まで,,75,9,肌のケアや入浴時間を大切にする
TRANSIT_SUN,NATAL_VENUS,0,General,7,Earth,0,Applying,対人関係が華やかになり、パートナーシップが深まる時期です。,心が満たされる日まで,,80,8,大切な人とゆっくり対話する時間を設ける
TRANSIT_SUN,NATAL_VENUS,0,Work,7,Earth,0,Applying,円滑な連携が成果に繋がります。,職場の雰囲気が良くなる日まで,,75,7,周囲に感謝を伝え、サポートを申し出る
TRANSIT_SUN,NATAL_VENUS,0,Money,7,Earth,0,Applying,満足度の高い支出を心がけましょう。,資産が心を満たす日まで,,65,6,長く愛用できる質の良いものを検討する
TRANSIT_SUN,NATAL_VENUS,0,Love,7,Earth,0,Applying,愛情深い交流が絆を深めます。,愛が深まる日まで,,80,9,相手の良いところを言葉にして伝える
TRANSIT_SUN,NATAL_VENUS,0,Health,7,Earth,0,Applying,心地よい休息と美容が健康を支えます。,輝きが増す日まで,,75,9,肌のケアや入浴時間を大切にする
TRANSIT_SUN,NATAL_VENUS,0,General,7,Earth,0,Separating,対人関係が華やかになり、パートナーシップが深まる時期です。,心が満たされる日まで,,80,8,大切な人とゆっくり対話する時間を設ける
TRANSIT_SUN,NATAL_VENUS,0,Work,7,Earth,0,Separating,円滑な連携が成果に繋がります。,職場の雰囲気が良くなる日まで,,75,7,周囲に感謝を伝え、サポートを申し出る
TRANSIT_SUN,NATAL_VENUS,0,Money,7,Earth,0,Separating,満足度の高い支出を心がけましょう。,資産が心を満たす日まで,,65,6,長く愛用できる質の良いものを検討する
TRANSIT_SUN,NATAL_VENUS,0,Love,7,Earth,0,Separating,愛情深い交流が絆を深めます。,愛が深まる日まで,,80,9,相手の良いところを言葉にして伝える
TRANSIT_SUN,NATAL_VENUS,0,Health,7,Earth,0,Separating,心地よい休息と美容が健康を支えます。,輝きが増す日まで,,75,9,肌のケアや入浴時間を大切にする
TRANSIT_SUN,NATAL_VENUS,0,General,7,Earth,1,Applying,対人関係が華やかになり、パートナーシップが深まる時期です。,心が満たされる日まで,,80,8,大切な人とゆっくり対話する時間を設ける
TRANSIT_SUN,NATAL_VENUS,0,Work,7,Earth,1,Applying,円滑な連携が成果に繋がります。,職場の雰囲気が良くなる日まで,,75,7,周囲に感謝を伝え、サポートを申し出る
TRANSIT_SUN,NATAL_VENUS,0,Money,7,Earth,1,Applying,満足度の高い支出を心がけましょう。,資産が心を満たす日まで,,65,6,長く愛用できる質の良いものを検討する
TRANSIT_SUN,NATAL_VENUS,0,Love,7,Earth,1,Applying,愛情深い交流が絆を深めます。,愛が深まる日まで,,80,9,相手の良いところを言葉にして伝える
TRANSIT_SUN,NATAL_VENUS,0,Health,7,Earth,1,Applying,心地よい休息と美容が健康を支えます。,輝きが増す日まで,,75,9,肌のケアや入浴時間を大切にする
TRANSIT_SUN,NATAL_VENUS,0,General,7,Earth,1,Separating,対人関係が華やかになり、パートナーシップが深まる時期です。,心が満たされる日まで,,80,8,大切な人とゆっくり対話する時間を設ける
TRANSIT_SUN,NATAL_VENUS,0,Work,7,Earth,1,Separating,円滑な連携が成果に繋がります。,職場の雰囲気が良くなる日まで,,75,7,周囲に感謝を伝え、サポートを申し出る
TRANSIT_SUN,NATAL_VENUS,0,Money,7,Earth,1,Separating,満足度の高い支出を心がけましょう。,資産が心を満たす日まで,,65,6,長く愛用できる質の良いものを検討する
TRANSIT_SUN,NATAL_VENUS,0,Love,7,Earth,1,Separating,愛情深い交流が絆を深めます。,愛が深まる日まで,,80,9,相手の良いところを言葉にして伝える
TRANSIT_SUN,NATAL_VENUS,0,Health,7,Earth,1,Separating,心地よい休息と美容が健康を支えます。,輝きが増す日まで,,75,9,肌のケアや入浴時間を大切にする
TRANSIT_SUN,NATAL_VENUS,0,General,7,Air,0,Applying,対人関係が華やかになり、パートナーシップが深まる時期です。,心が満たされる日まで,,80,8,大切な人とゆっくり対話する時間を設ける
TRANSIT_SUN,NATAL_VENUS,0,Work,7,Air,0,Applying,円滑な連携が成果に繋がります。,職場の雰囲気が良くなる日まで,,75,7,周囲に感謝を伝え、サポートを申し出る
TRANSIT_SUN,NATAL_VENUS,0,Money,7,Air,0,Applying,満足度の高い支出を心がけましょう。,資産が心を満たす日まで,,65,6,長く愛用できる質の良いものを検討する
TRANSIT_SUN,NATAL_VENUS,0,Love,7,Air,0,Applying,愛情深い交流が絆を深めます。,愛が深まる日まで,,80,9,相手の良いところを言葉にして伝える
TRANSIT_SUN,NATAL_VENUS,0,Health,7,Air,0,Applying,心地よい休息と美容が健康を支えます。,輝きが増す日まで,,75,9,肌のケアや入浴時間を大切にする
TRANSIT_SUN,NATAL_VENUS,0,General,7,Air,0,Separating,対人関係が華やかになり、パートナーシップが深まる時期です。,心が満たされる日まで,,80,8,大切な人とゆっくり対話する時間を設ける
TRANSIT_SUN,NATAL_VENUS,0,Work,7,Air,0,Separating,円滑な連携が成果に繋がります。,職場の雰囲気が良くなる日まで,,75,7,周囲に感謝を伝え、サポートを申し出る
TRANSIT_SUN,NATAL_VENUS,0,Money,7,Air,0,Separating,満足度の高い支出を心がけましょう。,資産が心を満たす日まで,,65,6,長く愛用できる質の良いものを検討する
TRANSIT_SUN,NATAL_VENUS,0,Love,7,Air,0,Separating,愛情深い交流が絆を深めます。,愛が深まる日まで,,80,9,相手の良いところを言葉にして伝える
TRANSIT_SUN,NATAL_VENUS,0,Health,7,Air,0,Separating,心地よい休息と美容が健康を支えます。,輝きが増す日まで,,75,9,肌のケアや入浴時間を大切にする
TRANSIT_SUN,NATAL_VENUS,0,General,7,Air,1,Applying,対人関係が華やかになり、パートナーシップが深まる時期です。,心が満たされる日まで,,80,8,大切な人とゆっくり対話する時間を設ける
TRANSIT_SUN,NATAL_VENUS,0,Work,7,Air,1,Applying,円滑な連携が成果に繋がります。,職場の雰囲気が良くなる日まで,,75,7,周囲に感謝を伝え、サポートを申し出る
TRANSIT_SUN,NATAL_VENUS,0,Money,7,Air,1,Applying,満足度の高い支出を心がけましょう。,資産が心を満たす日まで,,65,6,長く愛用できる質の良いものを検討する
TRANSIT_SUN,NATAL_VENUS,0,Love,7,Air,1,Applying,愛情深い交流が絆を深めます。,愛が深まる日まで,,80,9,相手の良いところを言葉にして伝える
TRANSIT_SUN,NATAL_VENUS,0,Health,7,Air,1,Applying,心地よい休息と美容が健康を支えます。,輝きが増す日まで,,75,9,肌のケアや入浴時間を大切にする
TRANSIT_SUN,NATAL_VENUS,0,General,7,Air,1,Separating,対人関係が華やかになり、パートナーシップが深まる時期です。,心が満たされる日まで,,80,8,大切な人とゆっくり対話する時間を設ける
TRANSIT_SUN,NATAL_VENUS,0,Work,7,Air,1,Separating,円滑な連携が成果に繋がります。,職場の雰囲気が良くなる日まで,,75,7,周囲に感謝を伝え、サポートを申し出る
TRANSIT_SUN,NATAL_VENUS,0,Money,7,Air,1,Separating,満足度の高い支出を心がけましょう。,資産が心を満たす日まで,,65,6,長く愛用できる質の良いものを検討する
TRANSIT_SUN,NATAL_VENUS,0,Love,7,Air,1,Separating,愛情深い交流が絆を深めます。,愛が深まる日まで,,80,9,相手の良いところを言葉にして伝える
TRANSIT_SUN,NATAL_VENUS,0,Health,7,Air,1,Separating,心地よい休息と美容が健康を支えます。,輝きが増す日まで,,75,9,肌のケアや入浴時間を大切にする
TRANSIT_SUN,NATAL_VENUS,0,General,7,Water,0,Applying,対人関係が華やかになり、パートナーシップが深まる時期です。,心が満たされる日まで,,80,8,大切な人とゆっくり対話する時間を設ける
TRANSIT_SUN,NATAL_VENUS,0,Work,7,Water,0,Applying,円滑な連携が成果に繋がります。,職場の雰囲気が良くなる日まで,,75,7,周囲に感謝を伝え、サポートを申し出る
TRANSIT_SUN,NATAL_VENUS,0,Money,7,Water,0,Applying,満足度の高い支出を心がけましょう。,資産が心を満たす日まで,,65,6,長く愛用できる質の良いものを検討する
TRANSIT_SUN,NATAL_VENUS,0,Love,7,Water,0,Applying,愛情深い交流が絆を深めます。,愛が深まる日まで,,80,9,相手の良いところを言葉にして伝える
TRANSIT_SUN,NATAL_VENUS,0,Health,7,Water,0,Applying,心地よい休息と美容が健康を支えます。,輝きが増す日まで,,75,9,肌のケアや入浴時間を大切にする
TRANSIT_SUN,NATAL_VENUS,0,General,7,Water,0,Separating,対人関係が華やかになり、パートナーシップが深まる時期です。,心が満たされる日まで,,80,8,大切な人とゆっくり対話する時間を設ける
TRANSIT_SUN,NATAL_VENUS,0,Work,7,Water,0,Separating,円滑な連携が成果に繋がります。,職場の雰囲気が良くなる日まで,,75,7,周囲に感謝を伝え、サポートを申し出る
TRANSIT_SUN,NATAL_VENUS,0,Money,7,Water,0,Separating,満足度の高い支出を心がけましょう。,資産が心を満たす日まで,,65,6,長く愛用できる質の良いものを検討する
TRANSIT_SUN,NATAL_VENUS,0,Love,7,Water,0,Separating,愛情深い交流が絆を深めます。,愛が深まる日まで,,80,9,相手の良いところを言葉にして伝える
TRANSIT_SUN,NATAL_VENUS,0,Health,7,Water,0,Separating,心地よい休息と美容が健康を支えます。,輝きが増す日まで,,75,9,肌のケアや入浴時間を大切にする
TRANSIT_SUN,NATAL_VENUS,0,General,7,Water,1,Applying,対人関係が華やかになり、パートナーシップが深まる時期です。,心が満たされる日まで,,80,8,大切な人とゆっくり対話する時間を設ける
TRANSIT_SUN,NATAL_VENUS,0,Work,7,Water,1,Applying,円滑な連携が成果に繋がります。,職場の雰囲気が良くなる日まで,,75,7,周囲に感謝を伝え、サポートを申し出る
TRANSIT_SUN,NATAL_VENUS,0,Money,7,Water,1,Applying,満足度の高い支出を心がけましょう。,資産が心を満たす日まで,,65,6,長く愛用できる質の良いものを検討する
TRANSIT_SUN,NATAL_VENUS,0,Love,7,Water,1,Applying,愛情深い交流が絆を深めます。,愛が深まる日まで,,80,9,相手の良いところを言葉にして伝える
TRANSIT_SUN,NATAL_VENUS,0,Health,7,Water,1,Applying,心地よい休息と美容が健康を支えます。,輝きが増す日まで,,75,9,肌のケアや入浴時間を大切にする
TRANSIT_SUN,NATAL_VENUS,0,General,7,Water,1,Separating,対人関係が華やかになり、パートナーシップが深まる時期です。,心が満たされる日まで,,80,8,大切な人とゆっくり対話する時間を設ける
TRANSIT_SUN,NATAL_VENUS,0,Work,7,Water,1,Separating,円滑な連携が成果に繋がります。,職場の雰囲気が良くなる日まで,,75,7,周囲に感謝を伝え、サポートを申し出る
TRANSIT_SUN,NATAL_VENUS,0,Money,7,Water,1,Separating,満足度の高い支出を心がけましょう。,資産が心を満たす日まで,,65,6,長く愛用できる質の良いものを検討する
TRANSIT_SUN,NATAL_VENUS,0,Love,7,Water,1,Separating,愛情深い交流が絆を深めます。,愛が深まる日まで,,80,9,相手の良いところを言葉にして伝える
TRANSIT_SUN,NATAL_VENUS,0,Health,7,Water,1,Separating,心地よい休息と美容が健康を支えます。,輝きが増す日まで,,75,9,肌のケアや入浴時間を大切にする
TRANSIT_SUN,NATAL_VENUS,0,General,8,Fire,0,Applying,深い絆を感じ、共有の価値観を大切にする時期です。,心が満たされる日まで,,80,8,大切な人と将来の夢や価値観を分かち合う
TRANSIT_SUN,NATAL_VENUS,0,Work,8,Fire,0,Applying,円滑な連携が成果に繋がります。,職場の雰囲気が良くなる日まで,,75,7,周囲に感謝を伝え、サポートを申し出る
TRANSIT_SUN,NATAL_VENUS,0,Money,8,Fire,0,Applying,満足度の高い支出を心がけましょう。,資産が心を満たす日まで,,65,6,長く愛用できる質の良いものを検討する
TRANSIT_SUN,NATAL_VENUS,0,Love,8,Fire,0,Applying,愛情深い交流が絆を深めます。,愛が深まる日まで,,80,9,相手の良いところを言葉にして伝える
TRANSIT_SUN,NATAL_VENUS,0,Health,8,Fire,0,Applying,心地よい休息と美容が健康を支えます。,輝きが増す日まで,,75,9,肌のケアや入浴時間を大切にする
TRANSIT_SUN,NATAL_VENUS,0,General,8,Fire,0,Separating,深い絆を感じ、共有の価値観を大切にする時期です。,心が満たされる日まで,,80,8,大切な人と将来の夢や価値観を分かち合う
TRANSIT_SUN,NATAL_VENUS,0,Work,8,Fire,0,Separating,円滑な連携が成果に繋がります。,職場の雰囲気が良くなる日まで,,75,7,周囲に感謝を伝え、サポートを申し出る
TRANSIT_SUN,NATAL_VENUS,0,Money,8,Fire,0,Separating,満足度の高い支出を心がけましょう。,資産が心を満たす日まで,,65,6,長く愛用できる質の良いものを検討する
TRANSIT_SUN,NATAL_VENUS,0,Love,8,Fire,0,Separating,愛情深い交流が絆を深めます。,愛が深まる日まで,,80,9,相手の良いところを言葉にして伝える
TRANSIT_SUN,NATAL_VENUS,0,Health,8,Fire,0,Separating,心地よい休息と美容が健康を支えます。,輝きが増す日まで,,75,9,肌のケアや入浴時間を大切にする
TRANSIT_SUN,NATAL_VENUS,0,General,8,Fire,1,Applying,深い絆を感じ、共有の価値観を大切にする時期です。,心が満たされる日まで,,80,8,大切な人と将来の夢や価値観を分かち合う
TRANSIT_SUN,NATAL_VENUS,0,Work,8,Fire,1,Applying,円滑な連携が成果に繋がります。,職場の雰囲気が良くなる日まで,,75,7,周囲に感謝を伝え、サポートを申し出る
TRANSIT_SUN,NATAL_VENUS,0,Money,8,Fire,1,Applying,満足度の高い支出を心がけましょう。,資産が心を満たす日まで,,65,6,長く愛用できる質の良いものを検討する
TRANSIT_SUN,NATAL_VENUS,0,Love,8,Fire,1,Applying,愛情深い交流が絆を深めます。,愛が深まる日まで,,80,9,相手の良いところを言葉にして伝える
TRANSIT_SUN,NATAL_VENUS,0,Health,8,Fire,1,Applying,心地よい休息と美容が健康を支えます。,輝きが増す日まで,,75,9,肌のケアや入浴時間を大切にする
TRANSIT_SUN,NATAL_VENUS,0,General,8,Fire,1,Separating,深い絆を感じ、共有の価値観を大切にする時期です。,心が満たされる日まで,,80,8,大切な人と将来の夢や価値観を分かち合う
TRANSIT_SUN,NATAL_VENUS,0,Work,8,Fire,1,Separating,円滑な連携が成果に繋がります。,職場の雰囲気が良くなる日まで,,75,7,周囲に感謝を伝え、サポートを申し出る
TRANSIT_SUN,NATAL_VENUS,0,Money,8,Fire,1,Separating,満足度の高い支出を心がけましょう。,資産が心を満たす日まで,,65,6,長く愛用できる質の良いものを検討する
TRANSIT_SUN,NATAL_VENUS,0,Love,8,Fire,1,Separating,愛情深い交流が絆を深めます。,愛が深まる日まで,,80,9,相手の良いところを言葉にして伝える
TRANSIT_SUN,NATAL_VENUS,0,Health,8,Fire,1,Separating,心地よい休息と美容が健康を支えます。,輝きが増す日まで,,75,9,肌のケアや入浴時間を大切にする
TRANSIT_SUN,NATAL_VENUS,0,General,8,Earth,0,Applying,深い絆を感じ、共有の価値観を大切にする時期です。,心が満たされる日まで,,80,8,大切な人と将来の夢や価値観を分かち合う
TRANSIT_SUN,NATAL_VENUS,0,Work,8,Earth,0,Applying,円滑な連携が成果に繋がります。,職場の雰囲気が良くなる日まで,,75,7,周囲に感謝を伝え、サポートを申し出る
TRANSIT_SUN,NATAL_VENUS,0,Money,8,Earth,0,Applying,満足度の高い支出を心がけましょう。,資産が心を満たす日まで,,65,6,長く愛用できる質の良いものを検討する
TRANSIT_SUN,NATAL_VENUS,0,Love,8,Earth,0,Applying,愛情深い交流が絆を深めます。,愛が深まる日まで,,80,9,相手の良いところを言葉にして伝える
TRANSIT_SUN,NATAL_VENUS,0,Health,8,Earth,0,Applying,心地よい休息と美容が健康を支えます。,輝きが増す日まで,,75,9,肌のケアや入浴時間を大切にする
TRANSIT_SUN,NATAL_VENUS,0,General,8,Earth,0,Separating,深い絆を感じ、共有の価値観を大切にする時期です。,心が満たされる日まで,,80,8,大切な人と将来の夢や価値観を分かち合う
TRANSIT_SUN,NATAL_VENUS,0,Work,8,Earth,0,Separating,円滑な連携が成果に繋がります。,職場の雰囲気が良くなる日まで,,75,7,周囲に感謝を伝え、サポートを申し出る
TRANSIT_SUN,NATAL_VENUS,0,Money,8,Earth,0,Separating,満足度の高い支出を心がけましょう。,資産が心を満たす日まで,,65,6,長く愛用できる質の良いものを検討する
TRANSIT_SUN,NATAL_VENUS,0,Love,8,Earth,0,Separating,愛情深い交流が絆を深めます。,愛が深まる日まで,,80,9,相手の良いところを言葉にして伝える
TRANSIT_SUN,NATAL_VENUS,0,Health,8,Earth,0,Separating,心地よい休息と美容が健康を支えます。,輝きが増す日まで,,75,9,肌のケアや入浴時間を大切にする
TRANSIT_SUN,NATAL_VENUS,0,General,8,Earth,1,Applying,深い絆を感じ、共有の価値観を大切にする時期です。,心が満たされる日まで,,80,8,大切な人と将来の夢や価値観を分かち合う
TRANSIT_SUN,NATAL_VENUS,0,Work,8,Earth,1,Applying,円滑な連携が成果に繋がります。,職場の雰囲気が良くなる日まで,,75,7,周囲に感謝を伝え、サポートを申し出る
TRANSIT_SUN,NATAL_VENUS,0,Money,8,Earth,1,Applying,満足度の高い支出を心がけましょう。,資産が心を満たす日まで,,65,6,長く愛用できる質の良いものを検討する
TRANSIT_SUN,NATAL_VENUS,0,Love,8,Earth,1,Applying,愛情深い交流が絆を深めます。,愛が深まる日まで,,80,9,相手の良いところを言葉にして伝える
TRANSIT_SUN,NATAL_VENUS,0,Health,8,Earth,1,Applying,心地よい休息と美容が健康を支えます。,輝きが増す日まで,,75,9,肌のケアや入浴時間を大切にする
TRANSIT_SUN,NATAL_VENUS,0,General,8,Earth,1,Separating,深い絆を感じ、共有の価値観を大切にする時期です。,心が満たされる日まで,,80,8,大切な人と将来の夢や価値観を分かち合う
TRANSIT_SUN,NATAL_VENUS,0,Work,8,Earth,1,Separating,円滑な連携が成果に繋がります。,職場の雰囲気が良くなる日まで,,75,7,周囲に感謝を伝え、サポートを申し出る
TRANSIT_SUN,NATAL_VENUS,0,Money,8,Earth,1,Separating,満足度の高い支出を心がけましょう。,資産が心を満たす日まで,,65,6,長く愛用できる質の良いものを検討する
TRANSIT_SUN,NATAL_VENUS,0,Love,8,Earth,1,Separating,愛情深い交流が絆を深めます。,愛が深まる日まで,,80,9,相手の良いところを言葉にして伝える
TRANSIT_SUN,NATAL_VENUS,0,Health,8,Earth,1,Separating,心地よい休息と美容が健康を支えます。,輝きが増す日まで,,75,9,肌のケアや入浴時間を大切にする
TRANSIT_SUN,NATAL_VENUS,0,General,8,Air,0,Applying,深い絆を感じ、共有の価値観を大切にする時期です。,心が満たされる日まで,,80,8,大切な人と将来の夢や価値観を分かち合う
TRANSIT_SUN,NATAL_VENUS,0,Work,8,Air,0,Applying,円滑な連携が成果に繋がります。,職場の雰囲気が良くなる日まで,,75,7,周囲に感謝を伝え、サポートを申し出る
TRANSIT_SUN,NATAL_VENUS,0,Money,8,Air,0,Applying,満足度の高い支出を心がけましょう。,資産が心を満たす日まで,,65,6,長く愛用できる質の良いものを検討する
TRANSIT_SUN,NATAL_VENUS,0,Love,8,Air,0,Applying,愛情深い交流が絆を深めます。,愛が深まる日まで,,80,9,相手の良いところを言葉にして伝える
TRANSIT_SUN,NATAL_VENUS,0,Health,8,Air,0,Applying,心地よい休息と美容が健康を支えます。,輝きが増す日まで,,75,9,肌のケアや入浴時間を大切にする
TRANSIT_SUN,NATAL_VENUS,0,General,8,Air,0,Separating,深い絆を感じ、共有の価値観を大切にする時期です。,心が満たされる日まで,,80,8,大切な人と将来の夢や価値観を分かち合う
TRANSIT_SUN,NATAL_VENUS,0,Work,8,Air,0,Separating,円滑な連携が成果に繋がります。,職場の雰囲気が良くなる日まで,,75,7,周囲に感謝を伝え、サポートを申し出る
TRANSIT_SUN,NATAL_VENUS,0,Money,8,Air,0,Separating,満足度の高い支出を心がけましょう。,資産が心を満たす日まで,,65,6,長く愛用できる質の良いものを検討する
TRANSIT_SUN,NATAL_VENUS,0,Love,8,Air,0,Separating,愛情深い交流が絆を深めます。,愛が深まる日まで,,80,9,相手の良いところを言葉にして伝える
TRANSIT_SUN,NATAL_VENUS,0,Health,8,Air,0,Separating,心地よい休息と美容が健康を支えます。,輝きが増す日まで,,75,9,肌のケアや入浴時間を大切にする
TRANSIT_SUN,NATAL_VENUS,0,General,8,Air,1,Applying,深い絆を感じ、共有の価値観を大切にする時期です。,心が満たされる日まで,,80,8,大切な人と将来の夢や価値観を分かち合う
TRANSIT_SUN,NATAL_VENUS,0,Work,8,Air,1,Applying,円滑な連携が成果に繋がります。,職場の雰囲気が良くなる日まで,,75,7,周囲に感謝を伝え、サポートを申し出る
TRANSIT_SUN,NATAL_VENUS,0,Money,8,Air,1,Applying,満足度の高い支出を心がけましょう。,資産が心を満たす日まで,,65,6,長く愛用できる質の良いものを検討する
TRANSIT_SUN,NATAL_VENUS,0,Love,8,Air,1,Applying,愛情深い交流が絆を深めます。,愛が深まる日まで,,80,9,相手の良いところを言葉にして伝える
TRANSIT_SUN,NATAL_VENUS,0,Health,8,Air,1,Applying,心地よい休息と美容が健康を支えます。,輝きが増す日まで,,75,9,肌のケアや入浴時間を大切にする
TRANSIT_SUN,NATAL_VENUS,0,General,8,Air,1,Separating,深い絆を感じ、共有の価値観を大切にする時期です。,心が満たされる日まで,,80,8,大切な人と将来の夢や価値観を分かち合う
TRANSIT_SUN,NATAL_VENUS,0,Work,8,Air,1,Separating,円滑な連携が成果に繋がります。,職場の雰囲気が良くなる日まで,,75,7,周囲に感謝を伝え、サポートを申し出る
TRANSIT_SUN,NATAL_VENUS,0,Money,8,Air,1,Separating,満足度の高い支出を心がけましょう。,資産が心を満たす日まで,,65,6,長く愛用できる質の良いものを検討する
TRANSIT_SUN,NATAL_VENUS,0,Love,8,Air,1,Separating,愛情深い交流が絆を深めます。,愛が深まる日まで,,80,9,相手の良いところを言葉にして伝える
TRANSIT_SUN,NATAL_VENUS,0,Health,8,Air,1,Separating,心地よい休息と美容が健康を支えます。,輝きが増す日まで,,75,9,肌のケアや入浴時間を大切にする
TRANSIT_SUN,NATAL_VENUS,0,General,8,Water,0,Applying,深い絆を感じ、共有の価値観を大切にする時期です。,心が満たされる日まで,,80,8,大切な人と将来の夢や価値観を分かち合う
TRANSIT_SUN,NATAL_VENUS,0,Work,8,Water,0,Applying,円滑な連携が成果に繋がります。,職場の雰囲気が良くなる日まで,,75,7,周囲に感謝を伝え、サポートを申し出る
TRANSIT_SUN,NATAL_VENUS,0,Money,8,Water,0,Applying,満足度の高い支出を心がけましょう。,資産が心を満たす日まで,,65,6,長く愛用できる質の良いものを検討する
TRANSIT_SUN,NATAL_VENUS,0,Love,8,Water,0,Applying,愛情深い交流が絆を深めます。,愛が深まる日まで,,80,9,相手の良いところを言葉にして伝える
TRANSIT_SUN,NATAL_VENUS,0,Health,8,Water,0,Applying,心地よい休息と美容が健康を支えます。,輝きが増す日まで,,75,9,肌のケアや入浴時間を大切にする
TRANSIT_SUN,NATAL_VENUS,0,General,8,Water,0,Separating,深い絆を感じ、共有の価値観を大切にする時期です。,心が満たされる日まで,,80,8,大切な人と将来の夢や価値観を分かち合う
TRANSIT_SUN,NATAL_VENUS,0,Work,8,Water,0,Separating,円滑な連携が成果に繋がります。,職場の雰囲気が良くなる日まで,,75,7,周囲に感謝を伝え、サポートを申し出る
TRANSIT_SUN,NATAL_VENUS,0,Money,8,Water,0,Separating,満足度の高い支出を心がけましょう。,資産が心を満たす日まで,,65,6,長く愛用できる質の良いものを検討する
TRANSIT_SUN,NATAL_VENUS,0,Love,8,Water,0,Separating,愛情深い交流が絆を深めます。,愛が深まる日まで,,80,9,相手の良いところを言葉にして伝える
TRANSIT_SUN,NATAL_VENUS,0,Health,8,Water,0,Separating,心地よい休息と美容が健康を支えます。,輝きが増す日まで,,75,9,肌のケアや入浴時間を大切にする
TRANSIT_SUN,NATAL_VENUS,0,General,8,Water,1,Applying,深い絆を感じ、共有の価値観を大切にする時期です。,心が満たされる日まで,,80,8,大切な人と将来の夢や価値観を分かち合う
TRANSIT_SUN,NATAL_VENUS,0,Work,8,Water,1,Applying,円滑な連携が成果に繋がります。,職場の雰囲気が良くなる日まで,,75,7,周囲に感謝を伝え、サポートを申し出る
TRANSIT_SUN,NATAL_VENUS,0,Money,8,Water,1,Applying,満足度の高い支出を心がけましょう。,資産が心を満たす日まで,,65,6,長く愛用できる質の良いものを検討する
TRANSIT_SUN,NATAL_VENUS,0,Love,8,Water,1,Applying,愛情深い交流が絆を深めます。,愛が深まる日まで,,80,9,相手の良いところを言葉にして伝える
TRANSIT_SUN,NATAL_VENUS,0,Health,8,Water,1,Applying,心地よい休息と美容が健康を支えます。,輝きが増す日まで,,75,9,肌のケアや入浴時間を大切にする
TRANSIT_SUN,NATAL_VENUS,0,General,8,Water,1,Separating,深い絆を感じ、共有の価値観を大切にする時期です。,心が満たされる日まで,,80,8,大切な人と将来の夢や価値観を分かち合う
TRANSIT_SUN,NATAL_VENUS,0,Work,8,Water,1,Separating,円滑な連携が成果に繋がります。,職場の雰囲気が良くなる日まで,,75,7,周囲に感謝を伝え、サポートを申し出る
TRANSIT_SUN,NATAL_VENUS,0,Money,8,Water,1,Separating,満足度の高い支出を心がけましょう。,資産が心を満たす日まで,,65,6,長く愛用できる質の良いものを検討する
TRANSIT_SUN,NATAL_VENUS,0,Love,8,Water,1,Separating,愛情深い交流が絆を深めます。,愛が深まる日まで,,80,9,相手の良いところを言葉にして伝える
TRANSIT_SUN,NATAL_VENUS,0,Health,8,Water,1,Separating,心地よい休息と美容が健康を支えます。,輝きが増す日まで,,75,9,肌のケアや入浴時間を大切にする
TRANSIT_SUN,NATAL_VENUS,0,General,9,Fire,0,Applying,広い視点で美や価値観を学び、精神を豊かにする時期です。,心が満たされる日まで,,80,8,美しい景色を見に行くか、芸術に触れる
TRANSIT_SUN,NATAL_VENUS,0,Work,9,Fire,0,Applying,円滑な連携が成果に繋がります。,職場の雰囲気が良くなる日まで,,75,7,周囲に感謝を伝え、サポートを申し出る
TRANSIT_SUN,NATAL_VENUS,0,Money,9,Fire,0,Applying,満足度の高い支出を心がけましょう。,資産が心を満たす日まで,,65,6,長く愛用できる質の良いものを検討する
TRANSIT_SUN,NATAL_VENUS,0,Love,9,Fire,0,Applying,愛情深い交流が絆を深めます。,愛が深まる日まで,,80,9,相手の良いところを言葉にして伝える
TRANSIT_SUN,NATAL_VENUS,0,Health,9,Fire,0,Applying,心地よい休息と美容が健康を支えます。,輝きが増す日まで,,75,9,肌のケアや入浴時間を大切にする
TRANSIT_SUN,NATAL_VENUS,0,General,9,Fire,0,Separating,広い視点で美や価値観を学び、精神を豊かにする時期です。,心が満たされる日まで,,80,8,美しい景色を見に行くか、芸術に触れる
TRANSIT_SUN,NATAL_VENUS,0,Work,9,Fire,0,Separating,円滑な連携が成果に繋がります。,職場の雰囲気が良くなる日まで,,75,7,周囲に感謝を伝え、サポートを申し出る
TRANSIT_SUN,NATAL_VENUS,0,Money,9,Fire,0,Separating,満足度の高い支出を心がけましょう。,資産が心を満たす日まで,,65,6,長く愛用できる質の良いものを検討する
TRANSIT_SUN,NATAL_VENUS,0,Love,9,Fire,0,Separating,愛情深い交流が絆を深めます。,愛が深まる日まで,,80,9,相手の良いところを言葉にして伝える
TRANSIT_SUN,NATAL_VENUS,0,Health,9,Fire,0,Separating,心地よい休息と美容が健康を支えます。,輝きが増す日まで,,75,9,肌のケアや入浴時間を大切にする
TRANSIT_SUN,NATAL_VENUS,0,General,9,Fire,1,Applying,広い視点で美や価値観を学び、精神を豊かにする時期です。,心が満たされる日まで,,80,8,美しい景色を見に行くか、芸術に触れる
TRANSIT_SUN,NATAL_VENUS,0,Work,9,Fire,1,Applying,円滑な連携が成果に繋がります。,職場の雰囲気が良くなる日まで,,75,7,周囲に感謝を伝え、サポートを申し出る
TRANSIT_SUN,NATAL_VENUS,0,Money,9,Fire,1,Applying,満足度の高い支出を心がけましょう。,資産が心を満たす日まで,,65,6,長く愛用できる質の良いものを検討する
TRANSIT_SUN,NATAL_VENUS,0,Love,9,Fire,1,Applying,愛情深い交流が絆を深めます。,愛が深まる日まで,,80,9,相手の良いところを言葉にして伝える
TRANSIT_SUN,NATAL_VENUS,0,Health,9,Fire,1,Applying,心地よい休息と美容が健康を支えます。,輝きが増す日まで,,75,9,肌のケアや入浴時間を大切にする
TRANSIT_SUN,NATAL_VENUS,0,General,9,Fire,1,Separating,広い視点で美や価値観を学び、精神を豊かにする時期です。,心が満たされる日まで,,80,8,美しい景色を見に行くか、芸術に触れる
TRANSIT_SUN,NATAL_VENUS,0,Work,9,Fire,1,Separating,円滑な連携が成果に繋がります。,職場の雰囲気が良くなる日まで,,75,7,周囲に感謝を伝え、サポートを申し出る
TRANSIT_SUN,NATAL_VENUS,0,Money,9,Fire,1,Separating,満足度の高い支出を心がけましょう。,資産が心を満たす日まで,,65,6,長く愛用できる質の良いものを検討する
TRANSIT_SUN,NATAL_VENUS,0,Love,9,Fire,1,Separating,愛情深い交流が絆を深めます。,愛が深まる日まで,,80,9,相手の良いところを言葉にして伝える
TRANSIT_SUN,NATAL_VENUS,0,Health,9,Fire,1,Separating,心地よい休息と美容が健康を支えます。,輝きが増す日まで,,75,9,肌のケアや入浴時間を大切にする
TRANSIT_SUN,NATAL_VENUS,0,General,9,Earth,0,Applying,広い視点で美や価値観を学び、精神を豊かにする時期です。,心が満たされる日まで,,80,8,美しい景色を見に行くか、芸術に触れる
TRANSIT_SUN,NATAL_VENUS,0,Work,9,Earth,0,Applying,円滑な連携が成果に繋がります。,職場の雰囲気が良くなる日まで,,75,7,周囲に感謝を伝え、サポートを申し出る
TRANSIT_SUN,NATAL_VENUS,0,Money,9,Earth,0,Applying,満足度の高い支出を心がけましょう。,資産が心を満たす日まで,,65,6,長く愛用できる質の良いものを検討する
TRANSIT_SUN,NATAL_VENUS,0,Love,9,Earth,0,Applying,愛情深い交流が絆を深めます。,愛が深まる日まで,,80,9,相手の良いところを言葉にして伝える
TRANSIT_SUN,NATAL_VENUS,0,Health,9,Earth,0,Applying,心地よい休息と美容が健康を支えます。,輝きが増す日まで,,75,9,肌のケアや入浴時間を大切にする
TRANSIT_SUN,NATAL_VENUS,0,General,9,Earth,0,Separating,広い視点で美や価値観を学び、精神を豊かにする時期です。,心が満たされる日まで,,80,8,美しい景色を見に行くか、芸術に触れる
TRANSIT_SUN,NATAL_VENUS,0,Work,9,Earth,0,Separating,円滑な連携が成果に繋がります。,職場の雰囲気が良くなる日まで,,75,7,周囲に感謝を伝え、サポートを申し出る
TRANSIT_SUN,NATAL_VENUS,0,Money,9,Earth,0,Separating,満足度の高い支出を心がけましょう。,資産が心を満たす日まで,,65,6,長く愛用できる質の良いものを検討する
TRANSIT_SUN,NATAL_VENUS,0,Love,9,Earth,0,Separating,愛情深い交流が絆を深めます。,愛が深まる日まで,,80,9,相手の良いところを言葉にして伝える
TRANSIT_SUN,NATAL_VENUS,0,Health,9,Earth,0,Separating,心地よい休息と美容が健康を支えます。,輝きが増す日まで,,75,9,肌のケアや入浴時間を大切にする
TRANSIT_SUN,NATAL_VENUS,0,General,9,Earth,1,Applying,広い視点で美や価値観を学び、精神を豊かにする時期です。,心が満たされる日まで,,80,8,美しい景色を見に行くか、芸術に触れる
TRANSIT_SUN,NATAL_VENUS,0,Work,9,Earth,1,Applying,円滑な連携が成果に繋がります。,職場の雰囲気が良くなる日まで,,75,7,周囲に感謝を伝え、サポートを申し出る
TRANSIT_SUN,NATAL_VENUS,0,Money,9,Earth,1,Applying,満足度の高い支出を心がけましょう。,資産が心を満たす日まで,,65,6,長く愛用できる質の良いものを検討する
TRANSIT_SUN,NATAL_VENUS,0,Love,9,Earth,1,Applying,愛情深い交流が絆を深めます。,愛が深まる日まで,,80,9,相手の良いところを言葉にして伝える
TRANSIT_SUN,NATAL_VENUS,0,Health,9,Earth,1,Applying,心地よい休息と美容が健康を支えます。,輝きが増す日まで,,75,9,肌のケアや入浴時間を大切にする
TRANSIT_SUN,NATAL_VENUS,0,General,9,Earth,1,Separating,広い視点で美や価値観を学び、精神を豊かにする時期です。,心が満たされる日まで,,80,8,美しい景色を見に行くか、芸術に触れる
TRANSIT_SUN,NATAL_VENUS,0,Work,9,Earth,1,Separating,円滑な連携が成果に繋がります。,職場の雰囲気が良くなる日まで,,75,7,周囲に感謝を伝え、サポートを申し出る
TRANSIT_SUN,NATAL_VENUS,0,Money,9,Earth,1,Separating,満足度の高い支出を心がけましょう。,資産が心を満たす日まで,,65,6,長く愛用できる質の良いものを検討する
TRANSIT_SUN,NATAL_VENUS,0,Love,9,Earth,1,Separating,愛情深い交流が絆を深めます。,愛が深まる日まで,,80,9,相手の良いところを言葉にして伝える
TRANSIT_SUN,NATAL_VENUS,0,Health,9,Earth,1,Separating,心地よい休息と美容が健康を支えます。,輝きが増す日まで,,75,9,肌のケアや入浴時間を大切にする
TRANSIT_SUN,NATAL_VENUS,0,General,9,Air,0,Applying,広い視点で美や価値観を学び、精神を豊かにする時期です。,心が満たされる日まで,,80,8,美しい景色を見に行くか、芸術に触れる
TRANSIT_SUN,NATAL_VENUS,0,Work,9,Air,0,Applying,円滑な連携が成果に繋がります。,職場の雰囲気が良くなる日まで,,75,7,周囲に感謝を伝え、サポートを申し出る
TRANSIT_SUN,NATAL_VENUS,0,Money,9,Air,0,Applying,満足度の高い支出を心がけましょう。,資産が心を満たす日まで,,65,6,長く愛用できる質の良いものを検討する
TRANSIT_SUN,NATAL_VENUS,0,Love,9,Air,0,Applying,愛情深い交流が絆を深めます。,愛が深まる日まで,,80,9,相手の良いところを言葉にして伝える
TRANSIT_SUN,NATAL_VENUS,0,Health,9,Air,0,Applying,心地よい休息と美容が健康を支えます。,輝きが増す日まで,,75,9,肌のケアや入浴時間を大切にする
TRANSIT_SUN,NATAL_VENUS,0,General,9,Air,0,Separating,広い視点で美や価値観を学び、精神を豊かにする時期です。,心が満たされる日まで,,80,8,美しい景色を見に行くか、芸術に触れる
TRANSIT_SUN,NATAL_VENUS,0,Work,9,Air,0,Separating,円滑な連携が成果に繋がります。,職場の雰囲気が良くなる日まで,,75,7,周囲に感謝を伝え、サポートを申し出る
TRANSIT_SUN,NATAL_VENUS,0,Money,9,Air,0,Separating,満足度の高い支出を心がけましょう。,資産が心を満たす日まで,,65,6,長く愛用できる質の良いものを検討する
TRANSIT_SUN,NATAL_VENUS,0,Love,9,Air,0,Separating,愛情深い交流が絆を深めます。,愛が深まる日まで,,80,9,相手の良いところを言葉にして伝える
TRANSIT_SUN,NATAL_VENUS,0,Health,9,Air,0,Separating,心地よい休息と美容が健康を支えます。,輝きが増す日まで,,75,9,肌のケアや入浴時間を大切にする
TRANSIT_SUN,NATAL_VENUS,0,General,9,Air,1,Applying,広い視点で美や価値観を学び、精神を豊かにする時期です。,心が満たされる日まで,,80,8,美しい景色を見に行くか、芸術に触れる
TRANSIT_SUN,NATAL_VENUS,0,Work,9,Air,1,Applying,円滑な連携が成果に繋がります。,職場の雰囲気が良くなる日まで,,75,7,周囲に感謝を伝え、サポートを申し出る
TRANSIT_SUN,NATAL_VENUS,0,Money,9,Air,1,Applying,満足度の高い支出を心がけましょう。,資産が心を満たす日まで,,65,6,長く愛用できる質の良いものを検討する
TRANSIT_SUN,NATAL_VENUS,0,Love,9,Air,1,Applying,愛情深い交流が絆を深めます。,愛が深まる日まで,,80,9,相手の良いところを言葉にして伝える
TRANSIT_SUN,NATAL_VENUS,0,Health,9,Air,1,Applying,心地よい休息と美容が健康を支えます。,輝きが増す日まで,,75,9,肌のケアや入浴時間を大切にする
TRANSIT_SUN,NATAL_VENUS,0,General,9,Air,1,Separating,広い視点で美や価値観を学び、精神を豊かにする時期です。,心が満たされる日まで,,80,8,美しい景色を見に行くか、芸術に触れる
TRANSIT_SUN,NATAL_VENUS,0,Work,9,Air,1,Separating,円滑な連携が成果に繋がります。,職場の雰囲気が良くなる日まで,,75,7,周囲に感謝を伝え、サポートを申し出る
TRANSIT_SUN,NATAL_VENUS,0,Money,9,Air,1,Separating,満足度の高い支出を心がけましょう。,資産が心を満たす日まで,,65,6,長く愛用できる質の良いものを検討する
TRANSIT_SUN,NATAL_VENUS,0,Love,9,Air,1,Separating,愛情深い交流が絆を深めます。,愛が深まる日まで,,80,9,相手の良いところを言葉にして伝える
TRANSIT_SUN,NATAL_VENUS,0,Health,9,Air,1,Separating,心地よい休息と美容が健康を支えます。,輝きが増す日まで,,75,9,肌のケアや入浴時間を大切にする
TRANSIT_SUN,NATAL_VENUS,0,General,9,Water,0,Applying,広い視点で美や価値観を学び、精神を豊かにする時期です。,心が満たされる日まで,,80,8,美しい景色を見に行くか、芸術に触れる
TRANSIT_SUN,NATAL_VENUS,0,Work,9,Water,0,Applying,円滑な連携が成果に繋がります。,職場の雰囲気が良くなる日まで,,75,7,周囲に感謝を伝え、サポートを申し出る
TRANSIT_SUN,NATAL_VENUS,0,Money,9,Water,0,Applying,満足度の高い支出を心がけましょう。,資産が心を満たす日まで,,65,6,長く愛用できる質の良いものを検討する
TRANSIT_SUN,NATAL_VENUS,0,Love,9,Water,0,Applying,愛情深い交流が絆を深めます。,愛が深まる日まで,,80,9,相手の良いところを言葉にして伝える
TRANSIT_SUN,NATAL_VENUS,0,Health,9,Water,0,Applying,心地よい休息と美容が健康を支えます。,輝きが増す日まで,,75,9,肌のケアや入浴時間を大切にする
TRANSIT_SUN,NATAL_VENUS,0,General,9,Water,0,Separating,広い視点で美や価値観を学び、精神を豊かにする時期です。,心が満たされる日まで,,80,8,美しい景色を見に行くか、芸術に触れる
TRANSIT_SUN,NATAL_VENUS,0,Work,9,Water,0,Separating,円滑な連携が成果に繋がります。,職場の雰囲気が良くなる日まで,,75,7,周囲に感謝を伝え、サポートを申し出る
TRANSIT_SUN,NATAL_VENUS,0,Money,9,Water,0,Separating,満足度の高い支出を心がけましょう。,資産が心を満たす日まで,,65,6,長く愛用できる質の良いものを検討する
TRANSIT_SUN,NATAL_VENUS,0,Love,9,Water,0,Separating,愛情深い交流が絆を深めます。,愛が深まる日まで,,80,9,相手の良いところを言葉にして伝える
TRANSIT_SUN,NATAL_VENUS,0,Health,9,Water,0,Separating,心地よい休息と美容が健康を支えます。,輝きが増す日まで,,75,9,肌のケアや入浴時間を大切にする
TRANSIT_SUN,NATAL_VENUS,0,General,9,Water,1,Applying,広い視点で美や価値観を学び、精神を豊かにする時期です。,心が満たされる日まで,,80,8,美しい景色を見に行くか、芸術に触れる
TRANSIT_SUN,NATAL_VENUS,0,Work,9,Water,1,Applying,円滑な連携が成果に繋がります。,職場の雰囲気が良くなる日まで,,75,7,周囲に感謝を伝え、サポートを申し出る
TRANSIT_SUN,NATAL_VENUS,0,Money,9,Water,1,Applying,満足度の高い支出を心がけましょう。,資産が心を満たす日まで,,65,6,長く愛用できる質の良いものを検討する
TRANSIT_SUN,NATAL_VENUS,0,Love,9,Water,1,Applying,愛情深い交流が絆を深めます。,愛が深まる日まで,,80,9,相手の良いところを言葉にして伝える
TRANSIT_SUN,NATAL_VENUS,0,Health,9,Water,1,Applying,心地よい休息と美容が健康を支えます。,輝きが増す日まで,,75,9,肌のケアや入浴時間を大切にする
TRANSIT_SUN,NATAL_VENUS,0,General,9,Water,1,Separating,広い視点で美や価値観を学び、精神を豊かにする時期です。,心が満たされる日まで,,80,8,美しい景色を見に行くか、芸術に触れる
TRANSIT_SUN,NATAL_VENUS,0,Work,9,Water,1,Separating,円滑な連携が成果に繋がります。,職場の雰囲気が良くなる日まで,,75,7,周囲に感謝を伝え、サポートを申し出る
TRANSIT_SUN,NATAL_VENUS,0,Money,9,Water,1,Separating,満足度の高い支出を心がけましょう。,資産が心を満たす日まで,,65,6,長く愛用できる質の良いものを検討する
TRANSIT_SUN,NATAL_VENUS,0,Love,9,Water,1,Separating,愛情深い交流が絆を深めます。,愛が深まる日まで,,80,9,相手の良いところを言葉にして伝える
TRANSIT_SUN,NATAL_VENUS,0,Health,9,Water,1,Separating,心地よい休息と美容が健康を支えます。,輝きが増す日まで,,75,9,肌のケアや入浴時間を大切にする
TRANSIT_SUN,NATAL_VENUS,0,General,10,Fire,0,Applying,社会的な活動において、自分の魅力が評価される時期です。,心が満たされる日まで,,80,8,自分の強みを活かしたプレゼンや提案を行う
TRANSIT_SUN,NATAL_VENUS,0,Work,10,Fire,0,Applying,円滑な連携が成果に繋がります。,職場の雰囲気が良くなる日まで,,75,7,周囲に感謝を伝え、サポートを申し出る
TRANSIT_SUN,NATAL_VENUS,0,Money,10,Fire,0,Applying,満足度の高い支出を心がけましょう。,資産が心を満たす日まで,,65,6,長く愛用できる質の良いものを検討する
TRANSIT_SUN,NATAL_VENUS,0,Love,10,Fire,0,Applying,愛情深い交流が絆を深めます。,愛が深まる日まで,,80,9,相手の良いところを言葉にして伝える
TRANSIT_SUN,NATAL_VENUS,0,Health,10,Fire,0,Applying,心地よい休息と美容が健康を支えます。,輝きが増す日まで,,75,9,肌のケアや入浴時間を大切にする
TRANSIT_SUN,NATAL_VENUS,0,General,10,Fire,0,Separating,社会的な活動において、自分の魅力が評価される時期です。,心が満たされる日まで,,80,8,自分の強みを活かしたプレゼンや提案を行う
TRANSIT_SUN,NATAL_VENUS,0,Work,10,Fire,0,Separating,円滑な連携が成果に繋がります。,職場の雰囲気が良くなる日まで,,75,7,周囲に感謝を伝え、サポートを申し出る
TRANSIT_SUN,NATAL_VENUS,0,Money,10,Fire,0,Separating,満足度の高い支出を心がけましょう。,資産が心を満たす日まで,,65,6,長く愛用できる質の良いものを検討する
TRANSIT_SUN,NATAL_VENUS,0,Love,10,Fire,0,Separating,愛情深い交流が絆を深めます。,愛が深まる日まで,,80,9,相手の良いところを言葉にして伝える
TRANSIT_SUN,NATAL_VENUS,0,Health,10,Fire,0,Separating,心地よい休息と美容が健康を支えます。,輝きが増す日まで,,75,9,肌のケアや入浴時間を大切にする
TRANSIT_SUN,NATAL_VENUS,0,General,10,Fire,1,Applying,社会的な活動において、自分の魅力が評価される時期です。,心が満たされる日まで,,80,8,自分の強みを活かしたプレゼンや提案を行う
TRANSIT_SUN,NATAL_VENUS,0,Work,10,Fire,1,Applying,円滑な連携が成果に繋がります。,職場の雰囲気が良くなる日まで,,75,7,周囲に感謝を伝え、サポートを申し出る
TRANSIT_SUN,NATAL_VENUS,0,Money,10,Fire,1,Applying,満足度の高い支出を心がけましょう。,資産が心を満たす日まで,,65,6,長く愛用できる質の良いものを検討する
TRANSIT_SUN,NATAL_VENUS,0,Love,10,Fire,1,Applying,愛情深い交流が絆を深めます。,愛が深まる日まで,,80,9,相手の良いところを言葉にして伝える
TRANSIT_SUN,NATAL_VENUS,0,Health,10,Fire,1,Applying,心地よい休息と美容が健康を支えます。,輝きが増す日まで,,75,9,肌のケアや入浴時間を大切にする
TRANSIT_SUN,NATAL_VENUS,0,General,10,Fire,1,Separating,社会的な活動において、自分の魅力が評価される時期です。,心が満たされる日まで,,80,8,自分の強みを活かしたプレゼンや提案を行う
TRANSIT_SUN,NATAL_VENUS,0,Work,10,Fire,1,Separating,円滑な連携が成果に繋がります。,職場の雰囲気が良くなる日まで,,75,7,周囲に感謝を伝え、サポートを申し出る
TRANSIT_SUN,NATAL_VENUS,0,Money,10,Fire,1,Separating,満足度の高い支出を心がけましょう。,資産が心を満たす日まで,,65,6,長く愛用できる質の良いものを検討する
TRANSIT_SUN,NATAL_VENUS,0,Love,10,Fire,1,Separating,愛情深い交流が絆を深めます。,愛が深まる日まで,,80,9,相手の良いところを言葉にして伝える
TRANSIT_SUN,NATAL_VENUS,0,Health,10,Fire,1,Separating,心地よい休息と美容が健康を支えます。,輝きが増す日まで,,75,9,肌のケアや入浴時間を大切にする
TRANSIT_SUN,NATAL_VENUS,0,General,10,Earth,0,Applying,社会的な活動において、自分の魅力が評価される時期です。,心が満たされる日まで,,80,8,自分の強みを活かしたプレゼンや提案を行う
TRANSIT_SUN,NATAL_VENUS,0,Work,10,Earth,0,Applying,円滑な連携が成果に繋がります。,職場の雰囲気が良くなる日まで,,75,7,周囲に感謝を伝え、サポートを申し出る
TRANSIT_SUN,NATAL_VENUS,0,Money,10,Earth,0,Applying,満足度の高い支出を心がけましょう。,資産が心を満たす日まで,,65,6,長く愛用できる質の良いものを検討する
TRANSIT_SUN,NATAL_VENUS,0,Love,10,Earth,0,Applying,愛情深い交流が絆を深めます。,愛が深まる日まで,,80,9,相手の良いところを言葉にして伝える
TRANSIT_SUN,NATAL_VENUS,0,Health,10,Earth,0,Applying,心地よい休息と美容が健康を支えます。,輝きが増す日まで,,75,9,肌のケアや入浴時間を大切にする
TRANSIT_SUN,NATAL_VENUS,0,General,10,Earth,0,Separating,社会的な活動において、自分の魅力が評価される時期です。,心が満たされる日まで,,80,8,自分の強みを活かしたプレゼンや提案を行う
TRANSIT_SUN,NATAL_VENUS,0,Work,10,Earth,0,Separating,円滑な連携が成果に繋がります。,職場の雰囲気が良くなる日まで,,75,7,周囲に感謝を伝え、サポートを申し出る
TRANSIT_SUN,NATAL_VENUS,0,Money,10,Earth,0,Separating,満足度の高い支出を心がけましょう。,資産が心を満たす日まで,,65,6,長く愛用できる質の良いものを検討する
TRANSIT_SUN,NATAL_VENUS,0,Love,10,Earth,0,Separating,愛情深い交流が絆を深めます。,愛が深まる日まで,,80,9,相手の良いところを言葉にして伝える
TRANSIT_SUN,NATAL_VENUS,0,Health,10,Earth,0,Separating,心地よい休息と美容が健康を支えます。,輝きが増す日まで,,75,9,肌のケアや入浴時間を大切にする
TRANSIT_SUN,NATAL_VENUS,0,General,10,Earth,1,Applying,社会的な活動において、自分の魅力が評価される時期です。,心が満たされる日まで,,80,8,自分の強みを活かしたプレゼンや提案を行う
TRANSIT_SUN,NATAL_VENUS,0,Work,10,Earth,1,Applying,円滑な連携が成果に繋がります。,職場の雰囲気が良くなる日まで,,75,7,周囲に感謝を伝え、サポートを申し出る
TRANSIT_SUN,NATAL_VENUS,0,Money,10,Earth,1,Applying,満足度の高い支出を心がけましょう。,資産が心を満たす日まで,,65,6,長く愛用できる質の良いものを検討する
TRANSIT_SUN,NATAL_VENUS,0,Love,10,Earth,1,Applying,愛情深い交流が絆を深めます。,愛が深まる日まで,,80,9,相手の良いところを言葉にして伝える
TRANSIT_SUN,NATAL_VENUS,0,Health,10,Earth,1,Applying,心地よい休息と美容が健康を支えます。,輝きが増す日まで,,75,9,肌のケアや入浴時間を大切にする
TRANSIT_SUN,NATAL_VENUS,0,General,10,Earth,1,Separating,社会的な活動において、自分の魅力が評価される時期です。,心が満たされる日まで,,80,8,自分の強みを活かしたプレゼンや提案を行う
TRANSIT_SUN,NATAL_VENUS,0,Work,10,Earth,1,Separating,円滑な連携が成果に繋がります。,職場の雰囲気が良くなる日まで,,75,7,周囲に感謝を伝え、サポートを申し出る
TRANSIT_SUN,NATAL_VENUS,0,Money,10,Earth,1,Separating,満足度の高い支出を心がけましょう。,資産が心を満たす日まで,,65,6,長く愛用できる質の良いものを検討する
TRANSIT_SUN,NATAL_VENUS,0,Love,10,Earth,1,Separating,愛情深い交流が絆を深めます。,愛が深まる日まで,,80,9,相手の良いところを言葉にして伝える
TRANSIT_SUN,NATAL_VENUS,0,Health,10,Earth,1,Separating,心地よい休息と美容が健康を支えます。,輝きが増す日まで,,75,9,肌のケアや入浴時間を大切にする
TRANSIT_SUN,NATAL_VENUS,0,General,10,Air,0,Applying,社会的な活動において、自分の魅力が評価される時期です。,心が満たされる日まで,,80,8,自分の強みを活かしたプレゼンや提案を行う
TRANSIT_SUN,NATAL_VENUS,0,Work,10,Air,0,Applying,円滑な連携が成果に繋がります。,職場の雰囲気が良くなる日まで,,75,7,周囲に感謝を伝え、サポートを申し出る
TRANSIT_SUN,NATAL_VENUS,0,Money,10,Air,0,Applying,満足度の高い支出を心がけましょう。,資産が心を満たす日まで,,65,6,長く愛用できる質の良いものを検討する
TRANSIT_SUN,NATAL_VENUS,0,Love,10,Air,0,Applying,愛情深い交流が絆を深めます。,愛が深まる日まで,,80,9,相手の良いところを言葉にして伝える
TRANSIT_SUN,NATAL_VENUS,0,Health,10,Air,0,Applying,心地よい休息と美容が健康を支えます。,輝きが増す日まで,,75,9,肌のケアや入浴時間を大切にする
TRANSIT_SUN,NATAL_VENUS,0,General,10,Air,0,Separating,社会的な活動において、自分の魅力が評価される時期です。,心が満たされる日まで,,80,8,自分の強みを活かしたプレゼンや提案を行う
TRANSIT_SUN,NATAL_VENUS,0,Work,10,Air,0,Separating,円滑な連携が成果に繋がります。,職場の雰囲気が良くなる日まで,,75,7,周囲に感謝を伝え、サポートを申し出る
TRANSIT_SUN,NATAL_VENUS,0,Money,10,Air,0,Separating,満足度の高い支出を心がけましょう。,資産が心を満たす日まで,,65,6,長く愛用できる質の良いものを検討する
TRANSIT_SUN,NATAL_VENUS,0,Love,10,Air,0,Separating,愛情深い交流が絆を深めます。,愛が深まる日まで,,80,9,相手の良いところを言葉にして伝える
TRANSIT_SUN,NATAL_VENUS,0,Health,10,Air,0,Separating,心地よい休息と美容が健康を支えます。,輝きが増す日まで,,75,9,肌のケアや入浴時間を大切にする
TRANSIT_SUN,NATAL_VENUS,0,General,10,Air,1,Applying,社会的な活動において、自分の魅力が評価される時期です。,心が満たされる日まで,,80,8,自分の強みを活かしたプレゼンや提案を行う
TRANSIT_SUN,NATAL_VENUS,0,Work,10,Air,1,Applying,円滑な連携が成果に繋がります。,職場の雰囲気が良くなる日まで,,75,7,周囲に感謝を伝え、サポートを申し出る
TRANSIT_SUN,NATAL_VENUS,0,Money,10,Air,1,Applying,満足度の高い支出を心がけましょう。,資産が心を満たす日まで,,65,6,長く愛用できる質の良いものを検討する
TRANSIT_SUN,NATAL_VENUS,0,Love,10,Air,1,Applying,愛情深い交流が絆を深めます。,愛が深まる日まで,,80,9,相手の良いところを言葉にして伝える
TRANSIT_SUN,NATAL_VENUS,0,Health,10,Air,1,Applying,心地よい休息と美容が健康を支えます。,輝きが増す日まで,,75,9,肌のケアや入浴時間を大切にする
TRANSIT_SUN,NATAL_VENUS,0,General,10,Air,1,Separating,社会的な活動において、自分の魅力が評価される時期です。,心が満たされる日まで,,80,8,自分の強みを活かしたプレゼンや提案を行う
TRANSIT_SUN,NATAL_VENUS,0,Work,10,Air,1,Separating,円滑な連携が成果に繋がります。,職場の雰囲気が良くなる日まで,,75,7,周囲に感謝を伝え、サポートを申し出る
TRANSIT_SUN,NATAL_VENUS,0,Money,10,Air,1,Separating,満足度の高い支出を心がけましょう。,資産が心を満たす日まで,,65,6,長く愛用できる質の良いものを検討する
TRANSIT_SUN,NATAL_VENUS,0,Love,10,Air,1,Separating,愛情深い交流が絆を深めます。,愛が深まる日まで,,80,9,相手の良いところを言葉にして伝える
TRANSIT_SUN,NATAL_VENUS,0,Health,10,Air,1,Separating,心地よい休息と美容が健康を支えます。,輝きが増す日まで,,75,9,肌のケアや入浴時間を大切にする
TRANSIT_SUN,NATAL_VENUS,0,General,10,Water,0,Applying,社会的な活動において、自分の魅力が評価される時期です。,心が満たされる日まで,,80,8,自分の強みを活かしたプレゼンや提案を行う
TRANSIT_SUN,NATAL_VENUS,0,Work,10,Water,0,Applying,円滑な連携が成果に繋がります。,職場の雰囲気が良くなる日まで,,75,7,周囲に感謝を伝え、サポートを申し出る
TRANSIT_SUN,NATAL_VENUS,0,Money,10,Water,0,Applying,満足度の高い支出を心がけましょう。,資産が心を満たす日まで,,65,6,長く愛用できる質の良いものを検討する
TRANSIT_SUN,NATAL_VENUS,0,Love,10,Water,0,Applying,愛情深い交流が絆を深めます。,愛が深まる日まで,,80,9,相手の良いところを言葉にして伝える
TRANSIT_SUN,NATAL_VENUS,0,Health,10,Water,0,Applying,心地よい休息と美容が健康を支えます。,輝きが増す日まで,,75,9,肌のケアや入浴時間を大切にする
TRANSIT_SUN,NATAL_VENUS,0,General,10,Water,0,Separating,社会的な活動において、自分の魅力が評価される時期です。,心が満たされる日まで,,80,8,自分の強みを活かしたプレゼンや提案を行う
TRANSIT_SUN,NATAL_VENUS,0,Work,10,Water,0,Separating,円滑な連携が成果に繋がります。,職場の雰囲気が良くなる日まで,,75,7,周囲に感謝を伝え、サポートを申し出る
TRANSIT_SUN,NATAL_VENUS,0,Money,10,Water,0,Separating,満足度の高い支出を心がけましょう。,資産が心を満たす日まで,,65,6,長く愛用できる質の良いものを検討する
TRANSIT_SUN,NATAL_VENUS,0,Love,10,Water,0,Separating,愛情深い交流が絆を深めます。,愛が深まる日まで,,80,9,相手の良いところを言葉にして伝える
TRANSIT_SUN,NATAL_VENUS,0,Health,10,Water,0,Separating,心地よい休息と美容が健康を支えます。,輝きが増す日まで,,75,9,肌のケアや入浴時間を大切にする
TRANSIT_SUN,NATAL_VENUS,0,General,10,Water,1,Applying,社会的な活動において、自分の魅力が評価される時期です。,心が満たされる日まで,,80,8,自分の強みを活かしたプレゼンや提案を行う
TRANSIT_SUN,NATAL_VENUS,0,Work,10,Water,1,Applying,円滑な連携が成果に繋がります。,職場の雰囲気が良くなる日まで,,75,7,周囲に感謝を伝え、サポートを申し出る
TRANSIT_SUN,NATAL_VENUS,0,Money,10,Water,1,Applying,満足度の高い支出を心がけましょう。,資産が心を満たす日まで,,65,6,長く愛用できる質の良いものを検討する
TRANSIT_SUN,NATAL_VENUS,0,Love,10,Water,1,Applying,愛情深い交流が絆を深めます。,愛が深まる日まで,,80,9,相手の良いところを言葉にして伝える
TRANSIT_SUN,NATAL_VENUS,0,Health,10,Water,1,Applying,心地よい休息と美容が健康を支えます。,輝きが増す日まで,,75,9,肌のケアや入浴時間を大切にする
TRANSIT_SUN,NATAL_VENUS,0,General,10,Water,1,Separating,社会的な活動において、自分の魅力が評価される時期です。,心が満たされる日まで,,80,8,自分の強みを活かしたプレゼンや提案を行う
TRANSIT_SUN,NATAL_VENUS,0,Work,10,Water,1,Separating,円滑な連携が成果に繋がります。,職場の雰囲気が良くなる日まで,,75,7,周囲に感謝を伝え、サポートを申し出る
TRANSIT_SUN,NATAL_VENUS,0,Money,10,Water,1,Separating,満足度の高い支出を心がけましょう。,資産が心を満たす日まで,,65,6,長く愛用できる質の良いものを検討する
TRANSIT_SUN,NATAL_VENUS,0,Love,10,Water,1,Separating,愛情深い交流が絆を深めます。,愛が深まる日まで,,80,9,相手の良いところを言葉にして伝える
TRANSIT_SUN,NATAL_VENUS,0,Health,10,Water,1,Separating,心地よい休息と美容が健康を支えます。,輝きが増す日まで,,75,9,肌のケアや入浴時間を大切にする
TRANSIT_SUN,NATAL_VENUS,0,General,11,Fire,0,Applying,仲間との交流を楽しみ、希望を共有できる時期です。,心が満たされる日まで,,80,8,友人と楽しいイベントや食事の計画を立てる
TRANSIT_SUN,NATAL_VENUS,0,Work,11,Fire,0,Applying,円滑な連携が成果に繋がります。,職場の雰囲気が良くなる日まで,,75,7,周囲に感謝を伝え、サポートを申し出る
TRANSIT_SUN,NATAL_VENUS,0,Money,11,Fire,0,Applying,満足度の高い支出を心がけましょう。,資産が心を満たす日まで,,65,6,長く愛用できる質の良いものを検討する
TRANSIT_SUN,NATAL_VENUS,0,Love,11,Fire,0,Applying,愛情深い交流が絆を深めます。,愛が深まる日まで,,80,9,相手の良いところを言葉にして伝える
TRANSIT_SUN,NATAL_VENUS,0,Health,11,Fire,0,Applying,心地よい休息と美容が健康を支えます。,輝きが増す日まで,,75,9,肌のケアや入浴時間を大切にする
TRANSIT_SUN,NATAL_VENUS,0,General,11,Fire,0,Separating,仲間との交流を楽しみ、希望を共有できる時期です。,心が満たされる日まで,,80,8,友人と楽しいイベントや食事の計画を立てる
TRANSIT_SUN,NATAL_VENUS,0,Work,11,Fire,0,Separating,円滑な連携が成果に繋がります。,職場の雰囲気が良くなる日まで,,75,7,周囲に感謝を伝え、サポートを申し出る
TRANSIT_SUN,NATAL_VENUS,0,Money,11,Fire,0,Separating,満足度の高い支出を心がけましょう。,資産が心を満たす日まで,,65,6,長く愛用できる質の良いものを検討する
TRANSIT_SUN,NATAL_VENUS,0,Love,11,Fire,0,Separating,愛情深い交流が絆を深めます。,愛が深まる日まで,,80,9,相手の良いところを言葉にして伝える
TRANSIT_SUN,NATAL_VENUS,0,Health,11,Fire,0,Separating,心地よい休息と美容が健康を支えます。,輝きが増す日まで,,75,9,肌のケアや入浴時間を大切にする
TRANSIT_SUN,NATAL_VENUS,0,General,11,Fire,1,Applying,仲間との交流を楽しみ、希望を共有できる時期です。,心が満たされる日まで,,80,8,友人と楽しいイベントや食事の計画を立てる
TRANSIT_SUN,NATAL_VENUS,0,Work,11,Fire,1,Applying,円滑な連携が成果に繋がります。,職場の雰囲気が良くなる日まで,,75,7,周囲に感謝を伝え、サポートを申し出る
TRANSIT_SUN,NATAL_VENUS,0,Money,11,Fire,1,Applying,満足度の高い支出を心がけましょう。,資産が心を満たす日まで,,65,6,長く愛用できる質の良いものを検討する
TRANSIT_SUN,NATAL_VENUS,0,Love,11,Fire,1,Applying,愛情深い交流が絆を深めます。,愛が深まる日まで,,80,9,相手の良いところを言葉にして伝える
TRANSIT_SUN,NATAL_VENUS,0,Health,11,Fire,1,Applying,心地よい休息と美容が健康を支えます。,輝きが増す日まで,,75,9,肌のケアや入浴時間を大切にする
TRANSIT_SUN,NATAL_VENUS,0,General,11,Fire,1,Separating,仲間との交流を楽しみ、希望を共有できる時期です。,心が満たされる日まで,,80,8,友人と楽しいイベントや食事の計画を立てる
TRANSIT_SUN,NATAL_VENUS,0,Work,11,Fire,1,Separating,円滑な連携が成果に繋がります。,職場の雰囲気が良くなる日まで,,75,7,周囲に感謝を伝え、サポートを申し出る
TRANSIT_SUN,NATAL_VENUS,0,Money,11,Fire,1,Separating,満足度の高い支出を心がけましょう。,資産が心を満たす日まで,,65,6,長く愛用できる質の良いものを検討する
TRANSIT_SUN,NATAL_VENUS,0,Love,11,Fire,1,Separating,愛情深い交流が絆を深めます。,愛が深まる日まで,,80,9,相手の良いところを言葉にして伝える
TRANSIT_SUN,NATAL_VENUS,0,Health,11,Fire,1,Separating,心地よい休息と美容が健康を支えます。,輝きが増す日まで,,75,9,肌のケアや入浴時間を大切にする
TRANSIT_SUN,NATAL_VENUS,0,General,11,Earth,0,Applying,仲間との交流を楽しみ、希望を共有できる時期です。,心が満たされる日まで,,80,8,友人と楽しいイベントや食事の計画を立てる
TRANSIT_SUN,NATAL_VENUS,0,Work,11,Earth,0,Applying,円滑な連携が成果に繋がります。,職場の雰囲気が良くなる日まで,,75,7,周囲に感謝を伝え、サポートを申し出る
TRANSIT_SUN,NATAL_VENUS,0,Money,11,Earth,0,Applying,満足度の高い支出を心がけましょう。,資産が心を満たす日まで,,65,6,長く愛用できる質の良いものを検討する
TRANSIT_SUN,NATAL_VENUS,0,Love,11,Earth,0,Applying,愛情深い交流が絆を深めます。,愛が深まる日まで,,80,9,相手の良いところを言葉にして伝える
TRANSIT_SUN,NATAL_VENUS,0,Health,11,Earth,0,Applying,心地よい休息と美容が健康を支えます。,輝きが増す日まで,,75,9,肌のケアや入浴時間を大切にする
TRANSIT_SUN,NATAL_VENUS,0,General,11,Earth,0,Separating,仲間との交流を楽しみ、希望を共有できる時期です。,心が満たされる日まで,,80,8,友人と楽しいイベントや食事の計画を立てる
TRANSIT_SUN,NATAL_VENUS,0,Work,11,Earth,0,Separating,円滑な連携が成果に繋がります。,職場の雰囲気が良くなる日まで,,75,7,周囲に感謝を伝え、サポートを申し出る
TRANSIT_SUN,NATAL_VENUS,0,Money,11,Earth,0,Separating,満足度の高い支出を心がけましょう。,資産が心を満たす日まで,,65,6,長く愛用できる質の良いものを検討する
TRANSIT_SUN,NATAL_VENUS,0,Love,11,Earth,0,Separating,愛情深い交流が絆を深めます。,愛が深まる日まで,,80,9,相手の良いところを言葉にして伝える
TRANSIT_SUN,NATAL_VENUS,0,Health,11,Earth,0,Separating,心地よい休息と美容が健康を支えます。,輝きが増す日まで,,75,9,肌のケアや入浴時間を大切にする
TRANSIT_SUN,NATAL_VENUS,0,General,11,Earth,1,Applying,仲間との交流を楽しみ、希望を共有できる時期です。,心が満たされる日まで,,80,8,友人と楽しいイベントや食事の計画を立てる
TRANSIT_SUN,NATAL_VENUS,0,Work,11,Earth,1,Applying,円滑な連携が成果に繋がります。,職場の雰囲気が良くなる日まで,,75,7,周囲に感謝を伝え、サポートを申し出る
TRANSIT_SUN,NATAL_VENUS,0,Money,11,Earth,1,Applying,満足度の高い支出を心がけましょう。,資産が心を満たす日まで,,65,6,長く愛用できる質の良いものを検討する
TRANSIT_SUN,NATAL_VENUS,0,Love,11,Earth,1,Applying,愛情深い交流が絆を深めます。,愛が深まる日まで,,80,9,相手の良いところを言葉にして伝える
TRANSIT_SUN,NATAL_VENUS,0,Health,11,Earth,1,Applying,心地よい休息と美容が健康を支えます。,輝きが増す日まで,,75,9,肌のケアや入浴時間を大切にする
TRANSIT_SUN,NATAL_VENUS,0,General,11,Earth,1,Separating,仲間との交流を楽しみ、希望を共有できる時期です。,心が満たされる日まで,,80,8,友人と楽しいイベントや食事の計画を立てる
TRANSIT_SUN,NATAL_VENUS,0,Work,11,Earth,1,Separating,円滑な連携が成果に繋がります。,職場の雰囲気が良くなる日まで,,75,7,周囲に感謝を伝え、サポートを申し出る
TRANSIT_SUN,NATAL_VENUS,0,Money,11,Earth,1,Separating,満足度の高い支出を心がけましょう。,資産が心を満たす日まで,,65,6,長く愛用できる質の良いものを検討する
TRANSIT_SUN,NATAL_VENUS,0,Love,11,Earth,1,Separating,愛情深い交流が絆を深めます。,愛が深まる日まで,,80,9,相手の良いところを言葉にして伝える
TRANSIT_SUN,NATAL_VENUS,0,Health,11,Earth,1,Separating,心地よい休息と美容が健康を支えます。,輝きが増す日まで,,75,9,肌のケアや入浴時間を大切にする
TRANSIT_SUN,NATAL_VENUS,0,General,11,Air,0,Applying,仲間との交流を楽しみ、希望を共有できる時期です。,心が満たされる日まで,,80,8,友人と楽しいイベントや食事の計画を立てる
TRANSIT_SUN,NATAL_VENUS,0,Work,11,Air,0,Applying,円滑な連携が成果に繋がります。,職場の雰囲気が良くなる日まで,,75,7,周囲に感謝を伝え、サポートを申し出る
TRANSIT_SUN,NATAL_VENUS,0,Money,11,Air,0,Applying,満足度の高い支出を心がけましょう。,資産が心を満たす日まで,,65,6,長く愛用できる質の良いものを検討する
TRANSIT_SUN,NATAL_VENUS,0,Love,11,Air,0,Applying,愛情深い交流が絆を深めます。,愛が深まる日まで,,80,9,相手の良いところを言葉にして伝える
TRANSIT_SUN,NATAL_VENUS,0,Health,11,Air,0,Applying,心地よい休息と美容が健康を支えます。,輝きが増す日まで,,75,9,肌のケアや入浴時間を大切にする
TRANSIT_SUN,NATAL_VENUS,0,General,11,Air,0,Separating,仲間との交流を楽しみ、希望を共有できる時期です。,心が満たされる日まで,,80,8,友人と楽しいイベントや食事の計画を立てる
TRANSIT_SUN,NATAL_VENUS,0,Work,11,Air,0,Separating,円滑な連携が成果に繋がります。,職場の雰囲気が良くなる日まで,,75,7,周囲に感謝を伝え、サポートを申し出る
TRANSIT_SUN,NATAL_VENUS,0,Money,11,Air,0,Separating,満足度の高い支出を心がけましょう。,資産が心を満たす日まで,,65,6,長く愛用できる質の良いものを検討する
TRANSIT_SUN,NATAL_VENUS,0,Love,11,Air,0,Separating,愛情深い交流が絆を深めます。,愛が深まる日まで,,80,9,相手の良いところを言葉にして伝える
TRANSIT_SUN,NATAL_VENUS,0,Health,11,Air,0,Separating,心地よい休息と美容が健康を支えます。,輝きが増す日まで,,75,9,肌のケアや入浴時間を大切にする
TRANSIT_SUN,NATAL_VENUS,0,General,11,Air,1,Applying,仲間との交流を楽しみ、希望を共有できる時期です。,心が満たされる日まで,,80,8,友人と楽しいイベントや食事の計画を立てる
TRANSIT_SUN,NATAL_VENUS,0,Work,11,Air,1,Applying,円滑な連携が成果に繋がります。,職場の雰囲気が良くなる日まで,,75,7,周囲に感謝を伝え、サポートを申し出る
TRANSIT_SUN,NATAL_VENUS,0,Money,11,Air,1,Applying,満足度の高い支出を心がけましょう。,資産が心を満たす日まで,,65,6,長く愛用できる質の良いものを検討する
TRANSIT_SUN,NATAL_VENUS,0,Love,11,Air,1,Applying,愛情深い交流が絆を深めます。,愛が深まる日まで,,80,9,相手の良いところを言葉にして伝える
TRANSIT_SUN,NATAL_VENUS,0,Health,11,Air,1,Applying,心地よい休息と美容が健康を支えます。,輝きが増す日まで,,75,9,肌のケアや入浴時間を大切にする
TRANSIT_SUN,NATAL_VENUS,0,General,11,Air,1,Separating,仲間との交流を楽しみ、希望を共有できる時期です。,心が満たされる日まで,,80,8,友人と楽しいイベントや食事の計画を立てる
TRANSIT_SUN,NATAL_VENUS,0,Work,11,Air,1,Separating,円滑な連携が成果に繋がります。,職場の雰囲気が良くなる日まで,,75,7,周囲に感謝を伝え、サポートを申し出る
TRANSIT_SUN,NATAL_VENUS,0,Money,11,Air,1,Separating,満足度の高い支出を心がけましょう。,資産が心を満たす日まで,,65,6,長く愛用できる質の良いものを検討する
TRANSIT_SUN,NATAL_VENUS,0,Love,11,Air,1,Separating,愛情深い交流が絆を深めます。,愛が深まる日まで,,80,9,相手の良いところを言葉にして伝える
TRANSIT_SUN,NATAL_VENUS,0,Health,11,Air,1,Separating,心地よい休息と美容が健康を支えます。,輝きが増す日まで,,75,9,肌のケアや入浴時間を大切にする
TRANSIT_SUN,NATAL_VENUS,0,General,11,Water,0,Applying,仲間との交流を楽しみ、希望を共有できる時期です。,心が満たされる日まで,,80,8,友人と楽しいイベントや食事の計画を立てる
TRANSIT_SUN,NATAL_VENUS,0,Work,11,Water,0,Applying,円滑な連携が成果に繋がります。,職場の雰囲気が良くなる日まで,,75,7,周囲に感謝を伝え、サポートを申し出る
TRANSIT_SUN,NATAL_VENUS,0,Money,11,Water,0,Applying,満足度の高い支出を心がけましょう。,資産が心を満たす日まで,,65,6,長く愛用できる質の良いものを検討する
TRANSIT_SUN,NATAL_VENUS,0,Love,11,Water,0,Applying,愛情深い交流が絆を深めます。,愛が深まる日まで,,80,9,相手の良いところを言葉にして伝える
TRANSIT_SUN,NATAL_VENUS,0,Health,11,Water,0,Applying,心地よい休息と美容が健康を支えます。,輝きが増す日まで,,75,9,肌のケアや入浴時間を大切にする
TRANSIT_SUN,NATAL_VENUS,0,General,11,Water,0,Separating,仲間との交流を楽しみ、希望を共有できる時期です。,心が満たされる日まで,,80,8,友人と楽しいイベントや食事の計画を立てる
TRANSIT_SUN,NATAL_VENUS,0,Work,11,Water,0,Separating,円滑な連携が成果に繋がります。,職場の雰囲気が良くなる日まで,,75,7,周囲に感謝を伝え、サポートを申し出る
TRANSIT_SUN,NATAL_VENUS,0,Money,11,Water,0,Separating,満足度の高い支出を心がけましょう。,資産が心を満たす日まで,,65,6,長く愛用できる質の良いものを検討する
TRANSIT_SUN,NATAL_VENUS,0,Love,11,Water,0,Separating,愛情深い交流が絆を深めます。,愛が深まる日まで,,80,9,相手の良いところを言葉にして伝える
TRANSIT_SUN,NATAL_VENUS,0,Health,11,Water,0,Separating,心地よい休息と美容が健康を支えます。,輝きが増す日まで,,75,9,肌のケアや入浴時間を大切にする
TRANSIT_SUN,NATAL_VENUS,0,General,11,Water,1,Applying,仲間との交流を楽しみ、希望を共有できる時期です。,心が満たされる日まで,,80,8,友人と楽しいイベントや食事の計画を立てる
TRANSIT_SUN,NATAL_VENUS,0,Work,11,Water,1,Applying,円滑な連携が成果に繋がります。,職場の雰囲気が良くなる日まで,,75,7,周囲に感謝を伝え、サポートを申し出る
TRANSIT_SUN,NATAL_VENUS,0,Money,11,Water,1,Applying,満足度の高い支出を心がけましょう。,資産が心を満たす日まで,,65,6,長く愛用できる質の良いものを検討する
TRANSIT_SUN,NATAL_VENUS,0,Love,11,Water,1,Applying,愛情深い交流が絆を深めます。,愛が深まる日まで,,80,9,相手の良いところを言葉にして伝える
TRANSIT_SUN,NATAL_VENUS,0,Health,11,Water,1,Applying,心地よい休息と美容が健康を支えます。,輝きが増す日まで,,75,9,肌のケアや入浴時間を大切にする
TRANSIT_SUN,NATAL_VENUS,0,General,11,Water,1,Separating,仲間との交流を楽しみ、希望を共有できる時期です。,心が満たされる日まで,,80,8,友人と楽しいイベントや食事の計画を立てる
TRANSIT_SUN,NATAL_VENUS,0,Work,11,Water,1,Separating,円滑な連携が成果に繋がります。,職場の雰囲気が良くなる日まで,,75,7,周囲に感謝を伝え、サポートを申し出る
TRANSIT_SUN,NATAL_VENUS,0,Money,11,Water,1,Separating,満足度の高い支出を心がけましょう。,資産が心を満たす日まで,,65,6,長く愛用できる質の良いものを検討する
TRANSIT_SUN,NATAL_VENUS,0,Love,11,Water,1,Separating,愛情深い交流が絆を深めます。,愛が深まる日まで,,80,9,相手の良いところを言葉にして伝える
TRANSIT_SUN,NATAL_VENUS,0,Health,11,Water,1,Separating,心地よい休息と美容が健康を支えます。,輝きが増す日まで,,75,9,肌のケアや入浴時間を大切にする
TRANSIT_SUN,NATAL_VENUS,0,General,12,Fire,0,Applying,内面を癒やし、静かな時間を大切にすることで感性が磨かれる時期です。,心が満たされる日まで,,80,8,15分間の瞑想やアロマでリラックスする
TRANSIT_SUN,NATAL_VENUS,0,Work,12,Fire,0,Applying,円滑な連携が成果に繋がります。,職場の雰囲気が良くなる日まで,,75,7,周囲に感謝を伝え、サポートを申し出る
TRANSIT_SUN,NATAL_VENUS,0,Money,12,Fire,0,Applying,満足度の高い支出を心がけましょう。,資産が心を満たす日まで,,65,6,長く愛用できる質の良いものを検討する
TRANSIT_SUN,NATAL_VENUS,0,Love,12,Fire,0,Applying,愛情深い交流が絆を深めます。,愛が深まる日まで,,80,9,相手の良いところを言葉にして伝える
TRANSIT_SUN,NATAL_VENUS,0,Health,12,Fire,0,Applying,心地よい休息と美容が健康を支えます。,輝きが増す日まで,,75,9,肌のケアや入浴時間を大切にする
TRANSIT_SUN,NATAL_VENUS,0,General,12,Fire,0,Separating,内面を癒やし、静かな時間を大切にすることで感性が磨かれる時期です。,心が満たされる日まで,,80,8,15分間の瞑想やアロマでリラックスする
TRANSIT_SUN,NATAL_VENUS,0,Work,12,Fire,0,Separating,円滑な連携が成果に繋がります。,職場の雰囲気が良くなる日まで,,75,7,周囲に感謝を伝え、サポートを申し出る
TRANSIT_SUN,NATAL_VENUS,0,Money,12,Fire,0,Separating,満足度の高い支出を心がけましょう。,資産が心を満たす日まで,,65,6,長く愛用できる質の良いものを検討する
TRANSIT_SUN,NATAL_VENUS,0,Love,12,Fire,0,Separating,愛情深い交流が絆を深めます。,愛が深まる日まで,,80,9,相手の良いところを言葉にして伝える
TRANSIT_SUN,NATAL_VENUS,0,Health,12,Fire,0,Separating,心地よい休息と美容が健康を支えます。,輝きが増す日まで,,75,9,肌のケアや入浴時間を大切にする
TRANSIT_SUN,NATAL_VENUS,0,General,12,Fire,1,Applying,内面を癒やし、静かな時間を大切にすることで感性が磨かれる時期です。,心が満たされる日まで,,80,8,15分間の瞑想やアロマでリラックスする
TRANSIT_SUN,NATAL_VENUS,0,Work,12,Fire,1,Applying,円滑な連携が成果に繋がります。,職場の雰囲気が良くなる日まで,,75,7,周囲に感謝を伝え、サポートを申し出る
TRANSIT_SUN,NATAL_VENUS,0,Money,12,Fire,1,Applying,満足度の高い支出を心がけましょう。,資産が心を満たす日まで,,65,6,長く愛用できる質の良いものを検討する
TRANSIT_SUN,NATAL_VENUS,0,Love,12,Fire,1,Applying,愛情深い交流が絆を深めます。,愛が深まる日まで,,80,9,相手の良いところを言葉にして伝える
TRANSIT_SUN,NATAL_VENUS,0,Health,12,Fire,1,Applying,心地よい休息と美容が健康を支えます。,輝きが増す日まで,,75,9,肌のケアや入浴時間を大切にする
TRANSIT_SUN,NATAL_VENUS,0,General,12,Fire,1,Separating,内面を癒やし、静かな時間を大切にすることで感性が磨かれる時期です。,心が満たされる日まで,,80,8,15分間の瞑想やアロマでリラックスする
TRANSIT_SUN,NATAL_VENUS,0,Work,12,Fire,1,Separating,円滑な連携が成果に繋がります。,職場の雰囲気が良くなる日まで,,75,7,周囲に感謝を伝え、サポートを申し出る
TRANSIT_SUN,NATAL_VENUS,0,Money,12,Fire,1,Separating,満足度の高い支出を心がけましょう。,資産が心を満たす日まで,,65,6,長く愛用できる質の良いものを検討する
TRANSIT_SUN,NATAL_VENUS,0,Love,12,Fire,1,Separating,愛情深い交流が絆を深めます。,愛が深まる日まで,,80,9,相手の良いところを言葉にして伝える
TRANSIT_SUN,NATAL_VENUS,0,Health,12,Fire,1,Separating,心地よい休息と美容が健康を支えます。,輝きが増す日まで,,75,9,肌のケアや入浴時間を大切にする
TRANSIT_SUN,NATAL_VENUS,0,General,12,Earth,0,Applying,内面を癒やし、静かな時間を大切にすることで感性が磨かれる時期です。,心が満たされる日まで,,80,8,15分間の瞑想やアロマでリラックスする
TRANSIT_SUN,NATAL_VENUS,0,Work,12,Earth,0,Applying,円滑な連携が成果に繋がります。,職場の雰囲気が良くなる日まで,,75,7,周囲に感謝を伝え、サポートを申し出る
TRANSIT_SUN,NATAL_VENUS,0,Money,12,Earth,0,Applying,満足度の高い支出を心がけましょう。,資産が心を満たす日まで,,65,6,長く愛用できる質の良いものを検討する
TRANSIT_SUN,NATAL_VENUS,0,Love,12,Earth,0,Applying,愛情深い交流が絆を深めます。,愛が深まる日まで,,80,9,相手の良いところを言葉にして伝える
TRANSIT_SUN,NATAL_VENUS,0,Health,12,Earth,0,Applying,心地よい休息と美容が健康を支えます。,輝きが増す日まで,,75,9,肌のケアや入浴時間を大切にする
TRANSIT_SUN,NATAL_VENUS,0,General,12,Earth,0,Separating,内面を癒やし、静かな時間を大切にすることで感性が磨かれる時期です。,心が満たされる日まで,,80,8,15分間の瞑想やアロマでリラックスする
TRANSIT_SUN,NATAL_VENUS,0,Work,12,Earth,0,Separating,円滑な連携が成果に繋がります。,職場の雰囲気が良くなる日まで,,75,7,周囲に感謝を伝え、サポートを申し出る
TRANSIT_SUN,NATAL_VENUS,0,Money,12,Earth,0,Separating,満足度の高い支出を心がけましょう。,資産が心を満たす日まで,,65,6,長く愛用できる質の良いものを検討する
TRANSIT_SUN,NATAL_VENUS,0,Love,12,Earth,0,Separating,愛情深い交流が絆を深めます。,愛が深まる日まで,,80,9,相手の良いところを言葉にして伝える
TRANSIT_SUN,NATAL_VENUS,0,Health,12,Earth,0,Separating,心地よい休息と美容が健康を支えます。,輝きが増す日まで,,75,9,肌のケアや入浴時間を大切にする
TRANSIT_SUN,NATAL_VENUS,0,General,12,Earth,1,Applying,内面を癒やし、静かな時間を大切にすることで感性が磨かれる時期です。,心が満たされる日まで,,80,8,15分間の瞑想やアロマでリラックスする
TRANSIT_SUN,NATAL_VENUS,0,Work,12,Earth,1,Applying,円滑な連携が成果に繋がります。,職場の雰囲気が良くなる日まで,,75,7,周囲に感謝を伝え、サポートを申し出る
TRANSIT_SUN,NATAL_VENUS,0,Money,12,Earth,1,Applying,満足度の高い支出を心がけましょう。,資産が心を満たす日まで,,65,6,長く愛用できる質の良いものを検討する
TRANSIT_SUN,NATAL_VENUS,0,Love,12,Earth,1,Applying,愛情深い交流が絆を深めます。,愛が深まる日まで,,80,9,相手の良いところを言葉にして伝える
TRANSIT_SUN,NATAL_VENUS,0,Health,12,Earth,1,Applying,心地よい休息と美容が健康を支えます。,輝きが増す日まで,,75,9,肌のケアや入浴時間を大切にする
TRANSIT_SUN,NATAL_VENUS,0,General,12,Earth,1,Separating,内面を癒やし、静かな時間を大切にすることで感性が磨かれる時期です。,心が満たされる日まで,,80,8,15分間の瞑想やアロマでリラックスする
TRANSIT_SUN,NATAL_VENUS,0,Work,12,Earth,1,Separating,円滑な連携が成果に繋がります。,職場の雰囲気が良くなる日まで,,75,7,周囲に感謝を伝え、サポートを申し出る
TRANSIT_SUN,NATAL_VENUS,0,Money,12,Earth,1,Separating,満足度の高い支出を心がけましょう。,資産が心を満たす日まで,,65,6,長く愛用できる質の良いものを検討する
TRANSIT_SUN,NATAL_VENUS,0,Love,12,Earth,1,Separating,愛情深い交流が絆を深めます。,愛が深まる日まで,,80,9,相手の良いところを言葉にして伝える
TRANSIT_SUN,NATAL_VENUS,0,Health,12,Earth,1,Separating,心地よい休息と美容が健康を支えます。,輝きが増す日まで,,75,9,肌のケアや入浴時間を大切にする
TRANSIT_SUN,NATAL_VENUS,0,General,12,Air,0,Applying,内面を癒やし、静かな時間を大切にすることで感性が磨かれる時期です。,心が満たされる日まで,,80,8,15分間の瞑想やアロマでリラックスする
TRANSIT_SUN,NATAL_VENUS,0,Work,12,Air,0,Applying,円滑な連携が成果に繋がります。,職場の雰囲気が良くなる日まで,,75,7,周囲に感謝を伝え、サポートを申し出る
TRANSIT_SUN,NATAL_VENUS,0,Money,12,Air,0,Applying,満足度の高い支出を心がけましょう。,資産が心を満たす日まで,,65,6,長く愛用できる質の良いものを検討する
TRANSIT_SUN,NATAL_VENUS,0,Love,12,Air,0,Applying,愛情深い交流が絆を深めます。,愛が深まる日まで,,80,9,相手の良いところを言葉にして伝える
TRANSIT_SUN,NATAL_VENUS,0,Health,12,Air,0,Applying,心地よい休息と美容が健康を支えます。,輝きが増す日まで,,75,9,肌のケアや入浴時間を大切にする
TRANSIT_SUN,NATAL_VENUS,0,General,12,Air,0,Separating,内面を癒やし、静かな時間を大切にすることで感性が磨かれる時期です。,心が満たされる日まで,,80,8,15分間の瞑想やアロマでリラックスする
TRANSIT_SUN,NATAL_VENUS,0,Work,12,Air,0,Separating,円滑な連携が成果に繋がります。,職場の雰囲気が良くなる日まで,,75,7,周囲に感謝を伝え、サポートを申し出る
TRANSIT_SUN,NATAL_VENUS,0,Money,12,Air,0,Separating,満足度の高い支出を心がけましょう。,資産が心を満たす日まで,,65,6,長く愛用できる質の良いものを検討する
TRANSIT_SUN,NATAL_VENUS,0,Love,12,Air,0,Separating,愛情深い交流が絆を深めます。,愛が深まる日まで,,80,9,相手の良いところを言葉にして伝える
TRANSIT_SUN,NATAL_VENUS,0,Health,12,Air,0,Separating,心地よい休息と美容が健康を支えます。,輝きが増す日まで,,75,9,肌のケアや入浴時間を大切にする
TRANSIT_SUN,NATAL_VENUS,0,General,12,Air,1,Applying,内面を癒やし、静かな時間を大切にすることで感性が磨かれる時期です。,心が満たされる日まで,,80,8,15分間の瞑想やアロマでリラックスする
TRANSIT_SUN,NATAL_VENUS,0,Work,12,Air,1,Applying,円滑な連携が成果に繋がります。,職場の雰囲気が良くなる日まで,,75,7,周囲に感謝を伝え、サポートを申し出る
TRANSIT_SUN,NATAL_VENUS,0,Money,12,Air,1,Applying,満足度の高い支出を心がけましょう。,資産が心を満たす日まで,,65,6,長く愛用できる質の良いものを検討する
TRANSIT_SUN,NATAL_VENUS,0,Love,12,Air,1,Applying,愛情深い交流が絆を深めます。,愛が深まる日まで,,80,9,相手の良いところを言葉にして伝える
TRANSIT_SUN,NATAL_VENUS,0,Health,12,Air,1,Applying,心地よい休息と美容が健康を支えます。,輝きが増す日まで,,75,9,肌のケアや入浴時間を大切にする
TRANSIT_SUN,NATAL_VENUS,0,General,12,Air,1,Separating,内面を癒やし、静かな時間を大切にすることで感性が磨かれる時期です。,心が満たされる日まで,,80,8,15分間の瞑想やアロマでリラックスする
TRANSIT_SUN,NATAL_VENUS,0,Work,12,Air,1,Separating,円滑な連携が成果に繋がります。,職場の雰囲気が良くなる日まで,,75,7,周囲に感謝を伝え、サポートを申し出る
TRANSIT_SUN,NATAL_VENUS,0,Money,12,Air,1,Separating,満足度の高い支出を心がけましょう。,資産が心を満たす日まで,,65,6,長く愛用できる質の良いものを検討する
TRANSIT_SUN,NATAL_VENUS,0,Love,12,Air,1,Separating,愛情深い交流が絆を深めます。,愛が深まる日まで,,80,9,相手の良いところを言葉にして伝える
TRANSIT_SUN,NATAL_VENUS,0,Health,12,Air,1,Separating,心地よい休息と美容が健康を支えます。,輝きが増す日まで,,75,9,肌のケアや入浴時間を大切にする
TRANSIT_SUN,NATAL_VENUS,0,General,12,Water,0,Applying,内面を癒やし、静かな時間を大切にすることで感性が磨かれる時期です。,心が満たされる日まで,,80,8,15分間の瞑想やアロマでリラックスする
TRANSIT_SUN,NATAL_VENUS,0,Work,12,Water,0,Applying,円滑な連携が成果に繋がります。,職場の雰囲気が良くなる日まで,,75,7,周囲に感謝を伝え、サポートを申し出る
TRANSIT_SUN,NATAL_VENUS,0,Money,12,Water,0,Applying,満足度の高い支出を心がけましょう。,資産が心を満たす日まで,,65,6,長く愛用できる質の良いものを検討する
TRANSIT_SUN,NATAL_VENUS,0,Love,12,Water,0,Applying,愛情深い交流が絆を深めます。,愛が深まる日まで,,80,9,相手の良いところを言葉にして伝える
TRANSIT_SUN,NATAL_VENUS,0,Health,12,Water,0,Applying,心地よい休息と美容が健康を支えます。,輝きが増す日まで,,75,9,肌のケアや入浴時間を大切にする
TRANSIT_SUN,NATAL_VENUS,0,General,12,Water,0,Separating,内面を癒やし、静かな時間を大切にすることで感性が磨かれる時期です。,心が満たされる日まで,,80,8,15分間の瞑想やアロマでリラックスする
TRANSIT_SUN,NATAL_VENUS,0,Work,12,Water,0,Separating,円滑な連携が成果に繋がります。,職場の雰囲気が良くなる日まで,,75,7,周囲に感謝を伝え、サポートを申し出る
TRANSIT_SUN,NATAL_VENUS,0,Money,12,Water,0,Separating,満足度の高い支出を心がけましょう。,資産が心を満たす日まで,,65,6,長く愛用できる質の良いものを検討する
TRANSIT_SUN,NATAL_VENUS,0,Love,12,Water,0,Separating,愛情深い交流が絆を深めます。,愛が深まる日まで,,80,9,相手の良いところを言葉にして伝える
TRANSIT_SUN,NATAL_VENUS,0,Health,12,Water,0,Separating,心地よい休息と美容が健康を支えます。,輝きが増す日まで,,75,9,肌のケアや入浴時間を大切にする
TRANSIT_SUN,NATAL_VENUS,0,General,12,Water,1,Applying,内面を癒やし、静かな時間を大切にすることで感性が磨かれる時期です。,心が満たされる日まで,,80,8,15分間の瞑想やアロマでリラックスする
TRANSIT_SUN,NATAL_VENUS,0,Work,12,Water,1,Applying,円滑な連携が成果に繋がります。,職場の雰囲気が良くなる日まで,,75,7,周囲に感謝を伝え、サポートを申し出る
TRANSIT_SUN,NATAL_VENUS,0,Money,12,Water,1,Applying,満足度の高い支出を心がけましょう。,資産が心を満たす日まで,,65,6,長く愛用できる質の良いものを検討する
TRANSIT_SUN,NATAL_VENUS,0,Love,12,Water,1,Applying,愛情深い交流が絆を深めます。,愛が深まる日まで,,80,9,相手の良いところを言葉にして伝える
TRANSIT_SUN,NATAL_VENUS,0,Health,12,Water,1,Applying,心地よい休息と美容が健康を支えます。,輝きが増す日まで,,75,9,肌のケアや入浴時間を大切にする
TRANSIT_SUN,NATAL_VENUS,0,General,12,Water,1,Separating,内面を癒やし、静かな時間を大切にすることで感性が磨かれる時期です。,心が満たされる日まで,,80,8,15分間の瞑想やアロマでリラックスする
TRANSIT_SUN,NATAL_VENUS,0,Work,12,Water,1,Separating,円滑な連携が成果に繋がります。,職場の雰囲気が良くなる日まで,,75,7,周囲に感謝を伝え、サポートを申し出る
TRANSIT_SUN,NATAL_VENUS,0,Money,12,Water,1,Separating,満足度の高い支出を心がけましょう。,資産が心を満たす日まで,,65,6,長く愛用できる質の良いものを検討する
TRANSIT_SUN,NATAL_VENUS,0,Love,12,Water,1,Separating,愛情深い交流が絆を深めます。,愛が深まる日まで,,80,9,相手の良いところを言葉にして伝える
TRANSIT_SUN,NATAL_VENUS,0,Health,12,Water,1,Separating,心地よい休息と美容が健康を支えます。,輝きが増す日まで,,75,9,肌のケアや入浴時間を大切にする
TRANSIT_SUN,NATAL_MARS,0,General,1,Fire,0,Applying,活力が溢れ、新しいことに挑戦する意欲が高まる時期です。,活力が形になる日まで,,85,10,今日から始める小さな目標を1つ決める
TRANSIT_SUN,NATAL_MARS,0,Work,1,Fire,0,Applying,主体的な行動が大きな成果を呼び寄せます。,実力が評価される日まで,,80,9,担当業務をスピーディーに片付ける
TRANSIT_SUN,NATAL_MARS,0,Money,1,Fire,0,Applying,積極的な経済活動が期待できる時期です。,資産が増える日まで,,70,7,投資や副業のリサーチを具体的に開始する
TRANSIT_SUN,NATAL_MARS,0,Love,1,Fire,0,Applying,情熱的な交流が絆を強固にします。,絆が深まる日まで,,75,8,自分の正直な思いをストレートに伝える
TRANSIT_SUN,NATAL_MARS,0,Health,1,Fire,0,Applying,適度な運動が活力を維持する鍵となります。,身体が引き締まる日まで,,80,10,15分程度の筋トレや有酸素運動を行う
TRANSIT_SUN,NATAL_MARS,0,General,1,Fire,0,Separating,活力が溢れ、新しいことに挑戦する意欲が高まる時期です。,活力が形になる日まで,,85,10,今日から始める小さな目標を1つ決める
TRANSIT_SUN,NATAL_MARS,0,Work,1,Fire,0,Separating,主体的な行動が大きな成果を呼び寄せます。,実力が評価される日まで,,80,9,担当業務をスピーディーに片付ける
TRANSIT_SUN,NATAL_MARS,0,Money,1,Fire,0,Separating,積極的な経済活動が期待できる時期です。,資産が増える日まで,,70,7,投資や副業のリサーチを具体的に開始する
TRANSIT_SUN,NATAL_MARS,0,Love,1,Fire,0,Separating,情熱的な交流が絆を強固にします。,絆が深まる日まで,,75,8,自分の正直な思いをストレートに伝える
TRANSIT_SUN,NATAL_MARS,0,Health,1,Fire,0,Separating,適度な運動が活力を維持する鍵となります。,身体が引き締まる日まで,,80,10,15分程度の筋トレや有酸素運動を行う
TRANSIT_SUN,NATAL_MARS,0,General,1,Fire,1,Applying,活力が溢れ、新しいことに挑戦する意欲が高まる時期です。,活力が形になる日まで,,85,10,今日から始める小さな目標を1つ決める
TRANSIT_SUN,NATAL_MARS,0,Work,1,Fire,1,Applying,主体的な行動が大きな成果を呼び寄せます。,実力が評価される日まで,,80,9,担当業務をスピーディーに片付ける
TRANSIT_SUN,NATAL_MARS,0,Money,1,Fire,1,Applying,積極的な経済活動が期待できる時期です。,資産が増える日まで,,70,7,投資や副業のリサーチを具体的に開始する
TRANSIT_SUN,NATAL_MARS,0,Love,1,Fire,1,Applying,情熱的な交流が絆を強固にします。,絆が深まる日まで,,75,8,自分の正直な思いをストレートに伝える
TRANSIT_SUN,NATAL_MARS,0,Health,1,Fire,1,Applying,適度な運動が活力を維持する鍵となります。,身体が引き締まる日まで,,80,10,15分程度の筋トレや有酸素運動を行う
TRANSIT_SUN,NATAL_MARS,0,General,1,Fire,1,Separating,活力が溢れ、新しいことに挑戦する意欲が高まる時期です。,活力が形になる日まで,,85,10,今日から始める小さな目標を1つ決める
TRANSIT_SUN,NATAL_MARS,0,Work,1,Fire,1,Separating,主体的な行動が大きな成果を呼び寄せます。,実力が評価される日まで,,80,9,担当業務をスピーディーに片付ける
TRANSIT_SUN,NATAL_MARS,0,Money,1,Fire,1,Separating,積極的な経済活動が期待できる時期です。,資産が増える日まで,,70,7,投資や副業のリサーチを具体的に開始する
TRANSIT_SUN,NATAL_MARS,0,Love,1,Fire,1,Separating,情熱的な交流が絆を強固にします。,絆が深まる日まで,,75,8,自分の正直な思いをストレートに伝える
TRANSIT_SUN,NATAL_MARS,0,Health,1,Fire,1,Separating,適度な運動が活力を維持する鍵となります。,身体が引き締まる日まで,,80,10,15分程度の筋トレや有酸素運動を行う
TRANSIT_SUN,NATAL_MARS,0,General,1,Earth,0,Applying,活力が溢れ、新しいことに挑戦する意欲が高まる時期です。,活力が形になる日まで,,85,10,今日から始める小さな目標を1つ決める
TRANSIT_SUN,NATAL_MARS,0,Work,1,Earth,0,Applying,主体的な行動が大きな成果を呼び寄せます。,実力が評価される日まで,,80,9,担当業務をスピーディーに片付ける
TRANSIT_SUN,NATAL_MARS,0,Money,1,Earth,0,Applying,積極的な経済活動が期待できる時期です。,資産が増える日まで,,70,7,投資や副業のリサーチを具体的に開始する
TRANSIT_SUN,NATAL_MARS,0,Love,1,Earth,0,Applying,情熱的な交流が絆を強固にします。,絆が深まる日まで,,75,8,自分の正直な思いをストレートに伝える
TRANSIT_SUN,NATAL_MARS,0,Health,1,Earth,0,Applying,適度な運動が活力を維持する鍵となります。,身体が引き締まる日まで,,80,10,15分程度の筋トレや有酸素運動を行う
TRANSIT_SUN,NATAL_MARS,0,General,1,Earth,0,Separating,活力が溢れ、新しいことに挑戦する意欲が高まる時期です。,活力が形になる日まで,,85,10,今日から始める小さな目標を1つ決める
TRANSIT_SUN,NATAL_MARS,0,Work,1,Earth,0,Separating,主体的な行動が大きな成果を呼び寄せます。,実力が評価される日まで,,80,9,担当業務をスピーディーに片付ける
TRANSIT_SUN,NATAL_MARS,0,Money,1,Earth,0,Separating,積極的な経済活動が期待できる時期です。,資産が増える日まで,,70,7,投資や副業のリサーチを具体的に開始する
TRANSIT_SUN,NATAL_MARS,0,Love,1,Earth,0,Separating,情熱的な交流が絆を強固にします。,絆が深まる日まで,,75,8,自分の正直な思いをストレートに伝える
TRANSIT_SUN,NATAL_MARS,0,Health,1,Earth,0,Separating,適度な運動が活力を維持する鍵となります。,身体が引き締まる日まで,,80,10,15分程度の筋トレや有酸素運動を行う
TRANSIT_SUN,NATAL_MARS,0,General,1,Earth,1,Applying,活力が溢れ、新しいことに挑戦する意欲が高まる時期です。,活力が形になる日まで,,85,10,今日から始める小さな目標を1つ決める
TRANSIT_SUN,NATAL_MARS,0,Work,1,Earth,1,Applying,主体的な行動が大きな成果を呼び寄せます。,実力が評価される日まで,,80,9,担当業務をスピーディーに片付ける
TRANSIT_SUN,NATAL_MARS,0,Money,1,Earth,1,Applying,積極的な経済活動が期待できる時期です。,資産が増える日まで,,70,7,投資や副業のリサーチを具体的に開始する
TRANSIT_SUN,NATAL_MARS,0,Love,1,Earth,1,Applying,情熱的な交流が絆を強固にします。,絆が深まる日まで,,75,8,自分の正直な思いをストレートに伝える
TRANSIT_SUN,NATAL_MARS,0,Health,1,Earth,1,Applying,適度な運動が活力を維持する鍵となります。,身体が引き締まる日まで,,80,10,15分程度の筋トレや有酸素運動を行う
TRANSIT_SUN,NATAL_MARS,0,General,1,Earth,1,Separating,活力が溢れ、新しいことに挑戦する意欲が高まる時期です。,活力が形になる日まで,,85,10,今日から始める小さな目標を1つ決める
TRANSIT_SUN,NATAL_MARS,0,Work,1,Earth,1,Separating,主体的な行動が大きな成果を呼び寄せます。,実力が評価される日まで,,80,9,担当業務をスピーディーに片付ける
TRANSIT_SUN,NATAL_MARS,0,Money,1,Earth,1,Separating,積極的な経済活動が期待できる時期です。,資産が増える日まで,,70,7,投資や副業のリサーチを具体的に開始する
TRANSIT_SUN,NATAL_MARS,0,Love,1,Earth,1,Separating,情熱的な交流が絆を強固にします。,絆が深まる日まで,,75,8,自分の正直な思いをストレートに伝える
TRANSIT_SUN,NATAL_MARS,0,Health,1,Earth,1,Separating,適度な運動が活力を維持する鍵となります。,身体が引き締まる日まで,,80,10,15分程度の筋トレや有酸素運動を行う
TRANSIT_SUN,NATAL_MARS,0,General,1,Air,0,Applying,活力が溢れ、新しいことに挑戦する意欲が高まる時期です。,活力が形になる日まで,,85,10,今日から始める小さな目標を1つ決める
TRANSIT_SUN,NATAL_MARS,0,Work,1,Air,0,Applying,主体的な行動が大きな成果を呼び寄せます。,実力が評価される日まで,,80,9,担当業務をスピーディーに片付ける
TRANSIT_SUN,NATAL_MARS,0,Money,1,Air,0,Applying,積極的な経済活動が期待できる時期です。,資産が増える日まで,,70,7,投資や副業のリサーチを具体的に開始する
TRANSIT_SUN,NATAL_MARS,0,Love,1,Air,0,Applying,情熱的な交流が絆を強固にします。,絆が深まる日まで,,75,8,自分の正直な思いをストレートに伝える
TRANSIT_SUN,NATAL_MARS,0,Health,1,Air,0,Applying,適度な運動が活力を維持する鍵となります。,身体が引き締まる日まで,,80,10,15分程度の筋トレや有酸素運動を行う
TRANSIT_SUN,NATAL_MARS,0,General,1,Air,0,Separating,活力が溢れ、新しいことに挑戦する意欲が高まる時期です。,活力が形になる日まで,,85,10,今日から始める小さな目標を1つ決める
TRANSIT_SUN,NATAL_MARS,0,Work,1,Air,0,Separating,主体的な行動が大きな成果を呼び寄せます。,実力が評価される日まで,,80,9,担当業務をスピーディーに片付ける
TRANSIT_SUN,NATAL_MARS,0,Money,1,Air,0,Separating,積極的な経済活動が期待できる時期です。,資産が増える日まで,,70,7,投資や副業のリサーチを具体的に開始する
TRANSIT_SUN,NATAL_MARS,0,Love,1,Air,0,Separating,情熱的な交流が絆を強固にします。,絆が深まる日まで,,75,8,自分の正直な思いをストレートに伝える
TRANSIT_SUN,NATAL_MARS,0,Health,1,Air,0,Separating,適度な運動が活力を維持する鍵となります。,身体が引き締まる日まで,,80,10,15分程度の筋トレや有酸素運動を行う
TRANSIT_SUN,NATAL_MARS,0,General,1,Air,1,Applying,活力が溢れ、新しいことに挑戦する意欲が高まる時期です。,活力が形になる日まで,,85,10,今日から始める小さな目標を1つ決める
TRANSIT_SUN,NATAL_MARS,0,Work,1,Air,1,Applying,主体的な行動が大きな成果を呼び寄せます。,実力が評価される日まで,,80,9,担当業務をスピーディーに片付ける
TRANSIT_SUN,NATAL_MARS,0,Money,1,Air,1,Applying,積極的な経済活動が期待できる時期です。,資産が増える日まで,,70,7,投資や副業のリサーチを具体的に開始する
TRANSIT_SUN,NATAL_MARS,0,Love,1,Air,1,Applying,情熱的な交流が絆を強固にします。,絆が深まる日まで,,75,8,自分の正直な思いをストレートに伝える
TRANSIT_SUN,NATAL_MARS,0,Health,1,Air,1,Applying,適度な運動が活力を維持する鍵となります。,身体が引き締まる日まで,,80,10,15分程度の筋トレや有酸素運動を行う
TRANSIT_SUN,NATAL_MARS,0,General,1,Air,1,Separating,活力が溢れ、新しいことに挑戦する意欲が高まる時期です。,活力が形になる日まで,,85,10,今日から始める小さな目標を1つ決める
TRANSIT_SUN,NATAL_MARS,0,Work,1,Air,1,Separating,主体的な行動が大きな成果を呼び寄せます。,実力が評価される日まで,,80,9,担当業務をスピーディーに片付ける
TRANSIT_SUN,NATAL_MARS,0,Money,1,Air,1,Separating,積極的な経済活動が期待できる時期です。,資産が増える日まで,,70,7,投資や副業のリサーチを具体的に開始する
TRANSIT_SUN,NATAL_MARS,0,Love,1,Air,1,Separating,情熱的な交流が絆を強固にします。,絆が深まる日まで,,75,8,自分の正直な思いをストレートに伝える
TRANSIT_SUN,NATAL_MARS,0,Health,1,Air,1,Separating,適度な運動が活力を維持する鍵となります。,身体が引き締まる日まで,,80,10,15分程度の筋トレや有酸素運動を行う
TRANSIT_SUN,NATAL_MARS,0,General,1,Water,0,Applying,活力が溢れ、新しいことに挑戦する意欲が高まる時期です。,活力が形になる日まで,,85,10,今日から始める小さな目標を1つ決める
TRANSIT_SUN,NATAL_MARS,0,Work,1,Water,0,Applying,主体的な行動が大きな成果を呼び寄せます。,実力が評価される日まで,,80,9,担当業務をスピーディーに片付ける
TRANSIT_SUN,NATAL_MARS,0,Money,1,Water,0,Applying,積極的な経済活動が期待できる時期です。,資産が増える日まで,,70,7,投資や副業のリサーチを具体的に開始する
TRANSIT_SUN,NATAL_MARS,0,Love,1,Water,0,Applying,情熱的な交流が絆を強固にします。,絆が深まる日まで,,75,8,自分の正直な思いをストレートに伝える
TRANSIT_SUN,NATAL_MARS,0,Health,1,Water,0,Applying,適度な運動が活力を維持する鍵となります。,身体が引き締まる日まで,,80,10,15分程度の筋トレや有酸素運動を行う
TRANSIT_SUN,NATAL_MARS,0,General,1,Water,0,Separating,活力が溢れ、新しいことに挑戦する意欲が高まる時期です。,活力が形になる日まで,,85,10,今日から始める小さな目標を1つ決める
TRANSIT_SUN,NATAL_MARS,0,Work,1,Water,0,Separating,主体的な行動が大きな成果を呼び寄せます。,実力が評価される日まで,,80,9,担当業務をスピーディーに片付ける
TRANSIT_SUN,NATAL_MARS,0,Money,1,Water,0,Separating,積極的な経済活動が期待できる時期です。,資産が増える日まで,,70,7,投資や副業のリサーチを具体的に開始する
TRANSIT_SUN,NATAL_MARS,0,Love,1,Water,0,Separating,情熱的な交流が絆を強固にします。,絆が深まる日まで,,75,8,自分の正直な思いをストレートに伝える
TRANSIT_SUN,NATAL_MARS,0,Health,1,Water,0,Separating,適度な運動が活力を維持する鍵となります。,身体が引き締まる日まで,,80,10,15分程度の筋トレや有酸素運動を行う
TRANSIT_SUN,NATAL_MARS,0,General,1,Water,1,Applying,活力が溢れ、新しいことに挑戦する意欲が高まる時期です。,活力が形になる日まで,,85,10,今日から始める小さな目標を1つ決める
TRANSIT_SUN,NATAL_MARS,0,Work,1,Water,1,Applying,主体的な行動が大きな成果を呼び寄せます。,実力が評価される日まで,,80,9,担当業務をスピーディーに片付ける
TRANSIT_SUN,NATAL_MARS,0,Money,1,Water,1,Applying,積極的な経済活動が期待できる時期です。,資産が増える日まで,,70,7,投資や副業のリサーチを具体的に開始する
TRANSIT_SUN,NATAL_MARS,0,Love,1,Water,1,Applying,情熱的な交流が絆を強固にします。,絆が深まる日まで,,75,8,自分の正直な思いをストレートに伝える
TRANSIT_SUN,NATAL_MARS,0,Health,1,Water,1,Applying,適度な運動が活力を維持する鍵となります。,身体が引き締まる日まで,,80,10,15分程度の筋トレや有酸素運動を行う
TRANSIT_SUN,NATAL_MARS,0,General,1,Water,1,Separating,活力が溢れ、新しいことに挑戦する意欲が高まる時期です。,活力が形になる日まで,,85,10,今日から始める小さな目標を1つ決める
TRANSIT_SUN,NATAL_MARS,0,Work,1,Water,1,Separating,主体的な行動が大きな成果を呼び寄せます。,実力が評価される日まで,,80,9,担当業務をスピーディーに片付ける
TRANSIT_SUN,NATAL_MARS,0,Money,1,Water,1,Separating,積極的な経済活動が期待できる時期です。,資産が増える日まで,,70,7,投資や副業のリサーチを具体的に開始する
TRANSIT_SUN,NATAL_MARS,0,Love,1,Water,1,Separating,情熱的な交流が絆を強固にします。,絆が深まる日まで,,75,8,自分の正直な思いをストレートに伝える
TRANSIT_SUN,NATAL_MARS,0,Health,1,Water,1,Separating,適度な運動が活力を維持する鍵となります。,身体が引き締まる日まで,,80,10,15分程度の筋トレや有酸素運動を行う
TRANSIT_SUN,NATAL_MARS,0,General,2,Fire,0,Applying,収益を上げるためのエネルギーが高まり、具体的な行動が捗る時です。,活力が形になる日まで,,85,10,収入アップに繋がる具体的なアクションを起こす
TRANSIT_SUN,NATAL_MARS,0,Work,2,Fire,0,Applying,主体的な行動が大きな成果を呼び寄せます。,実力が評価される日まで,,80,9,担当業務をスピーディーに片付ける
TRANSIT_SUN,NATAL_MARS,0,Money,2,Fire,0,Applying,積極的な経済活動が期待できる時期です。,資産が増える日まで,,70,7,投資や副業のリサーチを具体的に開始する
TRANSIT_SUN,NATAL_MARS,0,Love,2,Fire,0,Applying,情熱的な交流が絆を強固にします。,絆が深まる日まで,,75,8,自分の正直な思いをストレートに伝える
TRANSIT_SUN,NATAL_MARS,0,Health,2,Fire,0,Applying,適度な運動が活力を維持する鍵となります。,身体が引き締まる日まで,,80,10,15分程度の筋トレや有酸素運動を行う
TRANSIT_SUN,NATAL_MARS,0,General,2,Fire,0,Separating,収益を上げるためのエネルギーが高まり、具体的な行動が捗る時です。,活力が形になる日まで,,85,10,収入アップに繋がる具体的なアクションを起こす
TRANSIT_SUN,NATAL_MARS,0,Work,2,Fire,0,Separating,主体的な行動が大きな成果を呼び寄せます。,実力が評価される日まで,,80,9,担当業務をスピーディーに片付ける
TRANSIT_SUN,NATAL_MARS,0,Money,2,Fire,0,Separating,積極的な経済活動が期待できる時期です。,資産が増える日まで,,70,7,投資や副業のリサーチを具体的に開始する
TRANSIT_SUN,NATAL_MARS,0,Love,2,Fire,0,Separating,情熱的な交流が絆を強固にします。,絆が深まる日まで,,75,8,自分の正直な思いをストレートに伝える
TRANSIT_SUN,NATAL_MARS,0,Health,2,Fire,0,Separating,適度な運動が活力を維持する鍵となります。,身体が引き締まる日まで,,80,10,15分程度の筋トレや有酸素運動を行う
TRANSIT_SUN,NATAL_MARS,0,General,2,Fire,1,Applying,収益を上げるためのエネルギーが高まり、具体的な行動が捗る時です。,活力が形になる日まで,,85,10,収入アップに繋がる具体的なアクションを起こす
TRANSIT_SUN,NATAL_MARS,0,Work,2,Fire,1,Applying,主体的な行動が大きな成果を呼び寄せます。,実力が評価される日まで,,80,9,担当業務をスピーディーに片付ける
TRANSIT_SUN,NATAL_MARS,0,Money,2,Fire,1,Applying,積極的な経済活動が期待できる時期です。,資産が増える日まで,,70,7,投資や副業のリサーチを具体的に開始する
TRANSIT_SUN,NATAL_MARS,0,Love,2,Fire,1,Applying,情熱的な交流が絆を強固にします。,絆が深まる日まで,,75,8,自分の正直な思いをストレートに伝える
TRANSIT_SUN,NATAL_MARS,0,Health,2,Fire,1,Applying,適度な運動が活力を維持する鍵となります。,身体が引き締まる日まで,,80,10,15分程度の筋トレや有酸素運動を行う
TRANSIT_SUN,NATAL_MARS,0,General,2,Fire,1,Separating,収益を上げるためのエネルギーが高まり、具体的な行動が捗る時です。,活力が形になる日まで,,85,10,収入アップに繋がる具体的なアクションを起こす
TRANSIT_SUN,NATAL_MARS,0,Work,2,Fire,1,Separating,主体的な行動が大きな成果を呼び寄せます。,実力が評価される日まで,,80,9,担当業務をスピーディーに片付ける
TRANSIT_SUN,NATAL_MARS,0,Money,2,Fire,1,Separating,積極的な経済活動が期待できる時期です。,資産が増える日まで,,70,7,投資や副業のリサーチを具体的に開始する
TRANSIT_SUN,NATAL_MARS,0,Love,2,Fire,1,Separating,情熱的な交流が絆を強固にします。,絆が深まる日まで,,75,8,自分の正直な思いをストレートに伝える
TRANSIT_SUN,NATAL_MARS,0,Health,2,Fire,1,Separating,適度な運動が活力を維持する鍵となります。,身体が引き締まる日まで,,80,10,15分程度の筋トレや有酸素運動を行う
TRANSIT_SUN,NATAL_MARS,0,General,2,Earth,0,Applying,収益を上げるためのエネルギーが高まり、具体的な行動が捗る時です。,活力が形になる日まで,,85,10,収入アップに繋がる具体的なアクションを起こす
TRANSIT_SUN,NATAL_MARS,0,Work,2,Earth,0,Applying,主体的な行動が大きな成果を呼び寄せます。,実力が評価される日まで,,80,9,担当業務をスピーディーに片付ける
TRANSIT_SUN,NATAL_MARS,0,Money,2,Earth,0,Applying,積極的な経済活動が期待できる時期です。,資産が増える日まで,,70,7,投資や副業のリサーチを具体的に開始する
TRANSIT_SUN,NATAL_MARS,0,Love,2,Earth,0,Applying,情熱的な交流が絆を強固にします。,絆が深まる日まで,,75,8,自分の正直な思いをストレートに伝える
TRANSIT_SUN,NATAL_MARS,0,Health,2,Earth,0,Applying,適度な運動が活力を維持する鍵となります。,身体が引き締まる日まで,,80,10,15分程度の筋トレや有酸素運動を行う
TRANSIT_SUN,NATAL_MARS,0,General,2,Earth,0,Separating,収益を上げるためのエネルギーが高まり、具体的な行動が捗る時です。,活力が形になる日まで,,85,10,収入アップに繋がる具体的なアクションを起こす
TRANSIT_SUN,NATAL_MARS,0,Work,2,Earth,0,Separating,主体的な行動が大きな成果を呼び寄せます。,実力が評価される日まで,,80,9,担当業務をスピーディーに片付ける
TRANSIT_SUN,NATAL_MARS,0,Money,2,Earth,0,Separating,積極的な経済活動が期待できる時期です。,資産が増える日まで,,70,7,投資や副業のリサーチを具体的に開始する
TRANSIT_SUN,NATAL_MARS,0,Love,2,Earth,0,Separating,情熱的な交流が絆を強固にします。,絆が深まる日まで,,75,8,自分の正直な思いをストレートに伝える
TRANSIT_SUN,NATAL_MARS,0,Health,2,Earth,0,Separating,適度な運動が活力を維持する鍵となります。,身体が引き締まる日まで,,80,10,15分程度の筋トレや有酸素運動を行う
TRANSIT_SUN,NATAL_MARS,0,General,2,Earth,1,Applying,収益を上げるためのエネルギーが高まり、具体的な行動が捗る時です。,活力が形になる日まで,,85,10,収入アップに繋がる具体的なアクションを起こす
TRANSIT_SUN,NATAL_MARS,0,Work,2,Earth,1,Applying,主体的な行動が大きな成果を呼び寄せます。,実力が評価される日まで,,80,9,担当業務をスピーディーに片付ける
TRANSIT_SUN,NATAL_MARS,0,Money,2,Earth,1,Applying,積極的な経済活動が期待できる時期です。,資産が増える日まで,,70,7,投資や副業のリサーチを具体的に開始する
TRANSIT_SUN,NATAL_MARS,0,Love,2,Earth,1,Applying,情熱的な交流が絆を強固にします。,絆が深まる日まで,,75,8,自分の正直な思いをストレートに伝える
TRANSIT_SUN,NATAL_MARS,0,Health,2,Earth,1,Applying,適度な運動が活力を維持する鍵となります。,身体が引き締まる日まで,,80,10,15分程度の筋トレや有酸素運動を行う
TRANSIT_SUN,NATAL_MARS,0,General,2,Earth,1,Separating,収益を上げるためのエネルギーが高まり、具体的な行動が捗る時です。,活力が形になる日まで,,85,10,収入アップに繋がる具体的なアクションを起こす
TRANSIT_SUN,NATAL_MARS,0,Work,2,Earth,1,Separating,主体的な行動が大きな成果を呼び寄せます。,実力が評価される日まで,,80,9,担当業務をスピーディーに片付ける
TRANSIT_SUN,NATAL_MARS,0,Money,2,Earth,1,Separating,積極的な経済活動が期待できる時期です。,資産が増える日まで,,70,7,投資や副業のリサーチを具体的に開始する
TRANSIT_SUN,NATAL_MARS,0,Love,2,Earth,1,Separating,情熱的な交流が絆を強固にします。,絆が深まる日まで,,75,8,自分の正直な思いをストレートに伝える
TRANSIT_SUN,NATAL_MARS,0,Health,2,Earth,1,Separating,適度な運動が活力を維持する鍵となります。,身体が引き締まる日まで,,80,10,15分程度の筋トレや有酸素運動を行う
TRANSIT_SUN,NATAL_MARS,0,General,2,Air,0,Applying,収益を上げるためのエネルギーが高まり、具体的な行動が捗る時です。,活力が形になる日まで,,85,10,収入アップに繋がる具体的なアクションを起こす
TRANSIT_SUN,NATAL_MARS,0,Work,2,Air,0,Applying,主体的な行動が大きな成果を呼び寄せます。,実力が評価される日まで,,80,9,担当業務をスピーディーに片付ける
TRANSIT_SUN,NATAL_MARS,0,Money,2,Air,0,Applying,積極的な経済活動が期待できる時期です。,資産が増える日まで,,70,7,投資や副業のリサーチを具体的に開始する
TRANSIT_SUN,NATAL_MARS,0,Love,2,Air,0,Applying,情熱的な交流が絆を強固にします。,絆が深まる日まで,,75,8,自分の正直な思いをストレートに伝える
TRANSIT_SUN,NATAL_MARS,0,Health,2,Air,0,Applying,適度な運動が活力を維持する鍵となります。,身体が引き締まる日まで,,80,10,15分程度の筋トレや有酸素運動を行う
TRANSIT_SUN,NATAL_MARS,0,General,2,Air,0,Separating,収益を上げるためのエネルギーが高まり、具体的な行動が捗る時です。,活力が形になる日まで,,85,10,収入アップに繋がる具体的なアクションを起こす
TRANSIT_SUN,NATAL_MARS,0,Work,2,Air,0,Separating,主体的な行動が大きな成果を呼び寄せます。,実力が評価される日まで,,80,9,担当業務をスピーディーに片付ける
TRANSIT_SUN,NATAL_MARS,0,Money,2,Air,0,Separating,積極的な経済活動が期待できる時期です。,資産が増える日まで,,70,7,投資や副業のリサーチを具体的に開始する
TRANSIT_SUN,NATAL_MARS,0,Love,2,Air,0,Separating,情熱的な交流が絆を強固にします。,絆が深まる日まで,,75,8,自分の正直な思いをストレートに伝える
TRANSIT_SUN,NATAL_MARS,0,Health,2,Air,0,Separating,適度な運動が活力を維持する鍵となります。,身体が引き締まる日まで,,80,10,15分程度の筋トレや有酸素運動を行う
TRANSIT_SUN,NATAL_MARS,0,General,2,Air,1,Applying,収益を上げるためのエネルギーが高まり、具体的な行動が捗る時です。,活力が形になる日まで,,85,10,収入アップに繋がる具体的なアクションを起こす
TRANSIT_SUN,NATAL_MARS,0,Work,2,Air,1,Applying,主体的な行動が大きな成果を呼び寄せます。,実力が評価される日まで,,80,9,担当業務をスピーディーに片付ける
TRANSIT_SUN,NATAL_MARS,0,Money,2,Air,1,Applying,積極的な経済活動が期待できる時期です。,資産が増える日まで,,70,7,投資や副業のリサーチを具体的に開始する
TRANSIT_SUN,NATAL_MARS,0,Love,2,Air,1,Applying,情熱的な交流が絆を強固にします。,絆が深まる日まで,,75,8,自分の正直な思いをストレートに伝える
TRANSIT_SUN,NATAL_MARS,0,Health,2,Air,1,Applying,適度な運動が活力を維持する鍵となります。,身体が引き締まる日まで,,80,10,15分程度の筋トレや有酸素運動を行う
TRANSIT_SUN,NATAL_MARS,0,General,2,Air,1,Separating,収益を上げるためのエネルギーが高まり、具体的な行動が捗る時です。,活力が形になる日まで,,85,10,収入アップに繋がる具体的なアクションを起こす
TRANSIT_SUN,NATAL_MARS,0,Work,2,Air,1,Separating,主体的な行動が大きな成果を呼び寄せます。,実力が評価される日まで,,80,9,担当業務をスピーディーに片付ける
TRANSIT_SUN,NATAL_MARS,0,Money,2,Air,1,Separating,積極的な経済活動が期待できる時期です。,資産が増える日まで,,70,7,投資や副業のリサーチを具体的に開始する
TRANSIT_SUN,NATAL_MARS,0,Love,2,Air,1,Separating,情熱的な交流が絆を強固にします。,絆が深まる日まで,,75,8,自分の正直な思いをストレートに伝える
TRANSIT_SUN,NATAL_MARS,0,Health,2,Air,1,Separating,適度な運動が活力を維持する鍵となります。,身体が引き締まる日まで,,80,10,15分程度の筋トレや有酸素運動を行う
TRANSIT_SUN,NATAL_MARS,0,General,2,Water,0,Applying,収益を上げるためのエネルギーが高まり、具体的な行動が捗る時です。,活力が形になる日まで,,85,10,収入アップに繋がる具体的なアクションを起こす
TRANSIT_SUN,NATAL_MARS,0,Work,2,Water,0,Applying,主体的な行動が大きな成果を呼び寄せます。,実力が評価される日まで,,80,9,担当業務をスピーディーに片付ける
TRANSIT_SUN,NATAL_MARS,0,Money,2,Water,0,Applying,積極的な経済活動が期待できる時期です。,資産が増える日まで,,70,7,投資や副業のリサーチを具体的に開始する
TRANSIT_SUN,NATAL_MARS,0,Love,2,Water,0,Applying,情熱的な交流が絆を強固にします。,絆が深まる日まで,,75,8,自分の正直な思いをストレートに伝える
TRANSIT_SUN,NATAL_MARS,0,Health,2,Water,0,Applying,適度な運動が活力を維持する鍵となります。,身体が引き締まる日まで,,80,10,15分程度の筋トレや有酸素運動を行う
TRANSIT_SUN,NATAL_MARS,0,General,2,Water,0,Separating,収益を上げるためのエネルギーが高まり、具体的な行動が捗る時です。,活力が形になる日まで,,85,10,収入アップに繋がる具体的なアクションを起こす
TRANSIT_SUN,NATAL_MARS,0,Work,2,Water,0,Separating,主体的な行動が大きな成果を呼び寄せます。,実力が評価される日まで,,80,9,担当業務をスピーディーに片付ける
TRANSIT_SUN,NATAL_MARS,0,Money,2,Water,0,Separating,積極的な経済活動が期待できる時期です。,資産が増える日まで,,70,7,投資や副業のリサーチを具体的に開始する
TRANSIT_SUN,NATAL_MARS,0,Love,2,Water,0,Separating,情熱的な交流が絆を強固にします。,絆が深まる日まで,,75,8,自分の正直な思いをストレートに伝える
TRANSIT_SUN,NATAL_MARS,0,Health,2,Water,0,Separating,適度な運動が活力を維持する鍵となります。,身体が引き締まる日まで,,80,10,15分程度の筋トレや有酸素運動を行う
TRANSIT_SUN,NATAL_MARS,0,General,2,Water,1,Applying,収益を上げるためのエネルギーが高まり、具体的な行動が捗る時です。,活力が形になる日まで,,85,10,収入アップに繋がる具体的なアクションを起こす
TRANSIT_SUN,NATAL_MARS,0,Work,2,Water,1,Applying,主体的な行動が大きな成果を呼び寄せます。,実力が評価される日まで,,80,9,担当業務をスピーディーに片付ける
TRANSIT_SUN,NATAL_MARS,0,Money,2,Water,1,Applying,積極的な経済活動が期待できる時期です。,資産が増える日まで,,70,7,投資や副業のリサーチを具体的に開始する
TRANSIT_SUN,NATAL_MARS,0,Love,2,Water,1,Applying,情熱的な交流が絆を強固にします。,絆が深まる日まで,,75,8,自分の正直な思いをストレートに伝える
TRANSIT_SUN,NATAL_MARS,0,Health,2,Water,1,Applying,適度な運動が活力を維持する鍵となります。,身体が引き締まる日まで,,80,10,15分程度の筋トレや有酸素運動を行う
TRANSIT_SUN,NATAL_MARS,0,General,2,Water,1,Separating,収益を上げるためのエネルギーが高まり、具体的な行動が捗る時です。,活力が形になる日まで,,85,10,収入アップに繋がる具体的なアクションを起こす
TRANSIT_SUN,NATAL_MARS,0,Work,2,Water,1,Separating,主体的な行動が大きな成果を呼び寄せます。,実力が評価される日まで,,80,9,担当業務をスピーディーに片付ける
TRANSIT_SUN,NATAL_MARS,0,Money,2,Water,1,Separating,積極的な経済活動が期待できる時期です。,資産が増える日まで,,70,7,投資や副業のリサーチを具体的に開始する
TRANSIT_SUN,NATAL_MARS,0,Love,2,Water,1,Separating,情熱的な交流が絆を強固にします。,絆が深まる日まで,,75,8,自分の正直な思いをストレートに伝える
TRANSIT_SUN,NATAL_MARS,0,Health,2,Water,1,Separating,適度な運動が活力を維持する鍵となります。,身体が引き締まる日まで,,80,10,15分程度の筋トレや有酸素運動を行う
TRANSIT_SUN,NATAL_MARS,0,General,3,Fire,0,Applying,コミュニケーションや移動が活発になり、フットワークが軽くなる時期です。,活力が形になる日まで,,85,10,気になる場所へ出かけるか、誰かに連絡を取る
TRANSIT_SUN,NATAL_MARS,0,Work,3,Fire,0,Applying,主体的な行動が大きな成果を呼び寄せます。,実力が評価される日まで,,80,9,担当業務をスピーディーに片付ける
TRANSIT_SUN,NATAL_MARS,0,Money,3,Fire,0,Applying,積極的な経済活動が期待できる時期です。,資産が増える日まで,,70,7,投資や副業のリサーチを具体的に開始する
TRANSIT_SUN,NATAL_MARS,0,Love,3,Fire,0,Applying,情熱的な交流が絆を強固にします。,絆が深まる日まで,,75,8,自分の正直な思いをストレートに伝える
TRANSIT_SUN,NATAL_MARS,0,Health,3,Fire,0,Applying,適度な運動が活力を維持する鍵となります。,身体が引き締まる日まで,,80,10,15分程度の筋トレや有酸素運動を行う
TRANSIT_SUN,NATAL_MARS,0,General,3,Fire,0,Separating,コミュニケーションや移動が活発になり、フットワークが軽くなる時期です。,活力が形になる日まで,,85,10,気になる場所へ出かけるか、誰かに連絡を取る
TRANSIT_SUN,NATAL_MARS,0,Work,3,Fire,0,Separating,主体的な行動が大きな成果を呼び寄せます。,実力が評価される日まで,,80,9,担当業務をスピーディーに片付ける
TRANSIT_SUN,NATAL_MARS,0,Money,3,Fire,0,Separating,積極的な経済活動が期待できる時期です。,資産が増える日まで,,70,7,投資や副業のリサーチを具体的に開始する
TRANSIT_SUN,NATAL_MARS,0,Love,3,Fire,0,Separating,情熱的な交流が絆を強固にします。,絆が深まる日まで,,75,8,自分の正直な思いをストレートに伝える
TRANSIT_SUN,NATAL_MARS,0,Health,3,Fire,0,Separating,適度な運動が活力を維持する鍵となります。,身体が引き締まる日まで,,80,10,15分程度の筋トレや有酸素運動を行う
TRANSIT_SUN,NATAL_MARS,0,General,3,Fire,1,Applying,コミュニケーションや移動が活発になり、フットワークが軽くなる時期です。,活力が形になる日まで,,85,10,気になる場所へ出かけるか、誰かに連絡を取る
TRANSIT_SUN,NATAL_MARS,0,Work,3,Fire,1,Applying,主体的な行動が大きな成果を呼び寄せます。,実力が評価される日まで,,80,9,担当業務をスピーディーに片付ける
TRANSIT_SUN,NATAL_MARS,0,Money,3,Fire,1,Applying,積極的な経済活動が期待できる時期です。,資産が増える日まで,,70,7,投資や副業のリサーチを具体的に開始する
TRANSIT_SUN,NATAL_MARS,0,Love,3,Fire,1,Applying,情熱的な交流が絆を強固にします。,絆が深まる日まで,,75,8,自分の正直な思いをストレートに伝える
TRANSIT_SUN,NATAL_MARS,0,Health,3,Fire,1,Applying,適度な運動が活力を維持する鍵となります。,身体が引き締まる日まで,,80,10,15分程度の筋トレや有酸素運動を行う
TRANSIT_SUN,NATAL_MARS,0,General,3,Fire,1,Separating,コミュニケーションや移動が活発になり、フットワークが軽くなる時期です。,活力が形になる日まで,,85,10,気になる場所へ出かけるか、誰かに連絡を取る
TRANSIT_SUN,NATAL_MARS,0,Work,3,Fire,1,Separating,主体的な行動が大きな成果を呼び寄せます。,実力が評価される日まで,,80,9,担当業務をスピーディーに片付ける
TRANSIT_SUN,NATAL_MARS,0,Money,3,Fire,1,Separating,積極的な経済活動が期待できる時期です。,資産が増える日まで,,70,7,投資や副業のリサーチを具体的に開始する
TRANSIT_SUN,NATAL_MARS,0,Love,3,Fire,1,Separating,情熱的な交流が絆を強固にします。,絆が深まる日まで,,75,8,自分の正直な思いをストレートに伝える
TRANSIT_SUN,NATAL_MARS,0,Health,3,Fire,1,Separating,適度な運動が活力を維持する鍵となります。,身体が引き締まる日まで,,80,10,15分程度の筋トレや有酸素運動を行う
TRANSIT_SUN,NATAL_MARS,0,General,3,Earth,0,Applying,コミュニケーションや移動が活発になり、フットワークが軽くなる時期です。,活力が形になる日まで,,85,10,気になる場所へ出かけるか、誰かに連絡を取る
TRANSIT_SUN,NATAL_MARS,0,Work,3,Earth,0,Applying,主体的な行動が大きな成果を呼び寄せます。,実力が評価される日まで,,80,9,担当業務をスピーディーに片付ける
TRANSIT_SUN,NATAL_MARS,0,Money,3,Earth,0,Applying,積極的な経済活動が期待できる時期です。,資産が増える日まで,,70,7,投資や副業のリサーチを具体的に開始する
TRANSIT_SUN,NATAL_MARS,0,Love,3,Earth,0,Applying,情熱的な交流が絆を強固にします。,絆が深まる日まで,,75,8,自分の正直な思いをストレートに伝える
TRANSIT_SUN,NATAL_MARS,0,Health,3,Earth,0,Applying,適度な運動が活力を維持する鍵となります。,身体が引き締まる日まで,,80,10,15分程度の筋トレや有酸素運動を行う
TRANSIT_SUN,NATAL_MARS,0,General,3,Earth,0,Separating,コミュニケーションや移動が活発になり、フットワークが軽くなる時期です。,活力が形になる日まで,,85,10,気になる場所へ出かけるか、誰かに連絡を取る
TRANSIT_SUN,NATAL_MARS,0,Work,3,Earth,0,Separating,主体的な行動が大きな成果を呼び寄せます。,実力が評価される日まで,,80,9,担当業務をスピーディーに片付ける
TRANSIT_SUN,NATAL_MARS,0,Money,3,Earth,0,Separating,積極的な経済活動が期待できる時期です。,資産が増える日まで,,70,7,投資や副業のリサーチを具体的に開始する
TRANSIT_SUN,NATAL_MARS,0,Love,3,Earth,0,Separating,情熱的な交流が絆を強固にします。,絆が深まる日まで,,75,8,自分の正直な思いをストレートに伝える
TRANSIT_SUN,NATAL_MARS,0,Health,3,Earth,0,Separating,適度な運動が活力を維持する鍵となります。,身体が引き締まる日まで,,80,10,15分程度の筋トレや有酸素運動を行う
TRANSIT_SUN,NATAL_MARS,0,General,3,Earth,1,Applying,コミュニケーションや移動が活発になり、フットワークが軽くなる時期です。,活力が形になる日まで,,85,10,気になる場所へ出かけるか、誰かに連絡を取る
TRANSIT_SUN,NATAL_MARS,0,Work,3,Earth,1,Applying,主体的な行動が大きな成果を呼び寄せます。,実力が評価される日まで,,80,9,担当業務をスピーディーに片付ける
TRANSIT_SUN,NATAL_MARS,0,Money,3,Earth,1,Applying,積極的な経済活動が期待できる時期です。,資産が増える日まで,,70,7,投資や副業のリサーチを具体的に開始する
TRANSIT_SUN,NATAL_MARS,0,Love,3,Earth,1,Applying,情熱的な交流が絆を強固にします。,絆が深まる日まで,,75,8,自分の正直な思いをストレートに伝える
TRANSIT_SUN,NATAL_MARS,0,Health,3,Earth,1,Applying,適度な運動が活力を維持する鍵となります。,身体が引き締まる日まで,,80,10,15分程度の筋トレや有酸素運動を行う
TRANSIT_SUN,NATAL_MARS,0,General,3,Earth,1,Separating,コミュニケーションや移動が活発になり、フットワークが軽くなる時期です。,活力が形になる日まで,,85,10,気になる場所へ出かけるか、誰かに連絡を取る
TRANSIT_SUN,NATAL_MARS,0,Work,3,Earth,1,Separating,主体的な行動が大きな成果を呼び寄せます。,実力が評価される日まで,,80,9,担当業務をスピーディーに片付ける
TRANSIT_SUN,NATAL_MARS,0,Money,3,Earth,1,Separating,積極的な経済活動が期待できる時期です。,資産が増える日まで,,70,7,投資や副業のリサーチを具体的に開始する
TRANSIT_SUN,NATAL_MARS,0,Love,3,Earth,1,Separating,情熱的な交流が絆を強固にします。,絆が深まる日まで,,75,8,自分の正直な思いをストレートに伝える
TRANSIT_SUN,NATAL_MARS,0,Health,3,Earth,1,Separating,適度な運動が活力を維持する鍵となります。,身体が引き締まる日まで,,80,10,15分程度の筋トレや有酸素運動を行う
TRANSIT_SUN,NATAL_MARS,0,General,3,Air,0,Applying,コミュニケーションや移動に情熱を注ぎ、スピーディーに行動できる時期です。,活力が形になる日まで,,80,8,気になっているニュースを深掘りするか、誰かに連絡する
TRANSIT_SUN,NATAL_MARS,0,Work,3,Air,0,Applying,主体的な行動が成果を呼び寄せます。,実力が評価される日まで,,75,7,担当業務をスピーディーに片付ける
TRANSIT_SUN,NATAL_MARS,0,Money,3,Air,0,Applying,積極的な経済活動が期待できる時期です。,資産が増える日まで,,65,6,収益アップに繋がる情報を精査する
TRANSIT_SUN,NATAL_MARS,0,Love,3,Air,0,Applying,情熱的な交流が絆を深めます。,絆が深まる日まで,,70,7,相手に自分の熱意を正直に伝える
TRANSIT_SUN,NATAL_MARS,0,Health,3,Air,0,Applying,適度な運動が活力を維持する鍵となります。,身体が整う日まで,,75,9,短時間でも集中して身体を動かす
TRANSIT_SUN,NATAL_MARS,0,General,3,Air,0,Separating,コミュニケーションや移動に情熱を注ぎ、スピーディーに行動できる時期です。,活力が形になる日まで,,80,8,気になっているニュースを深掘りするか、誰かに連絡する
TRANSIT_SUN,NATAL_MARS,0,Work,3,Air,0,Separating,主体的な行動が成果を呼び寄せます。,実力が評価される日まで,,75,7,担当業務をスピーディーに片付ける
TRANSIT_SUN,NATAL_MARS,0,Money,3,Air,0,Separating,積極的な経済活動が期待できる時期です。,資産が増える日まで,,65,6,収益アップに繋がる情報を精査する
TRANSIT_SUN,NATAL_MARS,0,Love,3,Air,0,Separating,情熱的な交流が絆を深めます。,絆が深まる日まで,,70,7,相手に自分の熱意を正直に伝える
TRANSIT_SUN,NATAL_MARS,0,Health,3,Air,0,Separating,適度な運動が活力を維持する鍵となります。,身体が整う日まで,,75,9,短時間でも集中して身体を動かす
TRANSIT_SUN,NATAL_MARS,0,General,3,Air,1,Applying,コミュニケーションや移動に情熱を注ぎ、スピーディーに行動できる時期です。,活力が形になる日まで,,80,8,気になっているニュースを深掘りするか、誰かに連絡する
TRANSIT_SUN,NATAL_MARS,0,Work,3,Air,1,Applying,主体的な行動が成果を呼び寄せます。,実力が評価される日まで,,75,7,担当業務をスピーディーに片付ける
TRANSIT_SUN,NATAL_MARS,0,Money,3,Air,1,Applying,積極的な経済活動が期待できる時期です。,資産が増える日まで,,65,6,収益アップに繋がる情報を精査する
TRANSIT_SUN,NATAL_MARS,0,Love,3,Air,1,Applying,情熱的な交流が絆を深めます。,絆が深まる日まで,,70,7,相手に自分の熱意を正直に伝える
TRANSIT_SUN,NATAL_MARS,0,Health,3,Air,1,Applying,適度な運動が活力を維持する鍵となります。,身体が整う日まで,,75,9,短時間でも集中して身体を動かす
TRANSIT_SUN,NATAL_MARS,0,General,3,Air,1,Separating,コミュニケーションや移動に情熱を注ぎ、スピーディーに行動できる時期です。,活力が形になる日まで,,80,8,気になっているニュースを深掘りするか、誰かに連絡する
TRANSIT_SUN,NATAL_MARS,0,Work,3,Air,1,Separating,主体的な行動が成果を呼び寄せます。,実力が評価される日まで,,75,7,担当業務をスピーディーに片付ける
TRANSIT_SUN,NATAL_MARS,0,Money,3,Air,1,Separating,積極的な経済活動が期待できる時期です。,資産が増える日まで,,65,6,収益アップに繋がる情報を精査する
TRANSIT_SUN,NATAL_MARS,0,Love,3,Air,1,Separating,情熱的な交流が絆を深めます。,絆が深まる日まで,,70,7,相手に自分の熱意を正直に伝える
TRANSIT_SUN,NATAL_MARS,0,Health,3,Air,1,Separating,適度な運動が活力を維持する鍵となります。,身体が整う日まで,,75,9,短時間でも集中して身体を動かす
TRANSIT_SUN,NATAL_MARS,0,General,3,Water,0,Applying,コミュニケーションや移動に情熱を注ぎ、スピーディーに行動できる時期です。,活力が形になる日まで,,80,8,気になっているニュースを深掘りするか、誰かに連絡する
TRANSIT_SUN,NATAL_MARS,0,Work,3,Water,0,Applying,主体的な行動が成果を呼び寄せます。,実力が評価される日まで,,75,7,担当業務をスピーディーに片付ける
TRANSIT_SUN,NATAL_MARS,0,Money,3,Water,0,Applying,積極的な経済活動が期待できる時期です。,資産が増える日まで,,65,6,収益アップに繋がる情報を精査する
TRANSIT_SUN,NATAL_MARS,0,Love,3,Water,0,Applying,情熱的な交流が絆を深めます。,絆が深まる日まで,,70,7,相手に自分の熱意を正直に伝える
TRANSIT_SUN,NATAL_MARS,0,Health,3,Water,0,Applying,適度な運動が活力を維持する鍵となります。,身体が整う日まで,,75,9,短時間でも集中して身体を動かす
TRANSIT_SUN,NATAL_MARS,0,General,3,Water,0,Separating,コミュニケーションや移動に情熱を注ぎ、スピーディーに行動できる時期です。,活力が形になる日まで,,80,8,気になっているニュースを深掘りするか、誰かに連絡する
TRANSIT_SUN,NATAL_MARS,0,Work,3,Water,0,Separating,主体的な行動が成果を呼び寄せます。,実力が評価される日まで,,75,7,担当業務をスピーディーに片付ける
TRANSIT_SUN,NATAL_MARS,0,Money,3,Water,0,Separating,積極的な経済活動が期待できる時期です。,資産が増える日まで,,65,6,収益アップに繋がる情報を精査する
TRANSIT_SUN,NATAL_MARS,0,Love,3,Water,0,Separating,情熱的な交流が絆を深めます。,絆が深まる日まで,,70,7,相手に自分の熱意を正直に伝える
TRANSIT_SUN,NATAL_MARS,0,Health,3,Water,0,Separating,適度な運動が活力を維持する鍵となります。,身体が整う日まで,,75,9,短時間でも集中して身体を動かす
TRANSIT_SUN,NATAL_MARS,0,General,3,Water,1,Applying,コミュニケーションや移動に情熱を注ぎ、スピーディーに行動できる時期です。,活力が形になる日まで,,80,8,気になっているニュースを深掘りするか、誰かに連絡する
TRANSIT_SUN,NATAL_MARS,0,Work,3,Water,1,Applying,主体的な行動が成果を呼び寄せます。,実力が評価される日まで,,75,7,担当業務をスピーディーに片付ける
TRANSIT_SUN,NATAL_MARS,0,Money,3,Water,1,Applying,積極的な経済活動が期待できる時期です。,資産が増える日まで,,65,6,収益アップに繋がる情報を精査する
TRANSIT_SUN,NATAL_MARS,0,Love,3,Water,1,Applying,情熱的な交流が絆を深めます。,絆が深まる日まで,,70,7,相手に自分の熱意を正直に伝える
TRANSIT_SUN,NATAL_MARS,0,Health,3,Water,1,Applying,適度な運動が活力を維持する鍵となります。,身体が整う日まで,,75,9,短時間でも集中して身体を動かす
TRANSIT_SUN,NATAL_MARS,0,General,3,Water,1,Separating,コミュニケーションや移動に情熱を注ぎ、スピーディーに行動できる時期です。,活力が形になる日まで,,80,8,気になっているニュースを深掘りするか、誰かに連絡する
TRANSIT_SUN,NATAL_MARS,0,Work,3,Water,1,Separating,主体的な行動が成果を呼び寄せます。,実力が評価される日まで,,75,7,担当業務をスピーディーに片付ける
TRANSIT_SUN,NATAL_MARS,0,Money,3,Water,1,Separating,積極的な経済活動が期待できる時期です。,資産が増える日まで,,65,6,収益アップに繋がる情報を精査する
TRANSIT_SUN,NATAL_MARS,0,Love,3,Water,1,Separating,情熱的な交流が絆を深めます。,絆が深まる日まで,,70,7,相手に自分の熱意を正直に伝える
TRANSIT_SUN,NATAL_MARS,0,Health,3,Water,1,Separating,適度な運動が活力を維持する鍵となります。,身体が整う日まで,,75,9,短時間でも集中して身体を動かす
TRANSIT_SUN,NATAL_MARS,0,General,4,Fire,0,Applying,家庭内での役割や環境改善にエネルギーを注ぐ時です。家族のために行動しましょう。,活力が形になる日まで,,80,8,家の中の不便な箇所を1つ修理するか改善する
TRANSIT_SUN,NATAL_MARS,0,Work,4,Fire,0,Applying,主体的な行動が成果を呼び寄せます。,実力が評価される日まで,,75,7,担当業務をスピーディーに片付ける
TRANSIT_SUN,NATAL_MARS,0,Money,4,Fire,0,Applying,積極的な経済活動が期待できる時期です。,資産が増える日まで,,65,6,収益アップに繋がる情報を精査する
TRANSIT_SUN,NATAL_MARS,0,Love,4,Fire,0,Applying,情熱的な交流が絆を深めます。,絆が深まる日まで,,70,7,相手に自分の熱意を正直に伝える
TRANSIT_SUN,NATAL_MARS,0,Health,4,Fire,0,Applying,適度な運動が活力を維持する鍵となります。,身体が整う日まで,,75,9,短時間でも集中して身体を動かす
TRANSIT_SUN,NATAL_MARS,0,General,4,Fire,0,Separating,家庭内での役割や環境改善にエネルギーを注ぐ時です。家族のために行動しましょう。,活力が形になる日まで,,80,8,家の中の不便な箇所を1つ修理するか改善する
TRANSIT_SUN,NATAL_MARS,0,Work,4,Fire,0,Separating,主体的な行動が成果を呼び寄せます。,実力が評価される日まで,,75,7,担当業務をスピーディーに片付ける
TRANSIT_SUN,NATAL_MARS,0,Money,4,Fire,0,Separating,積極的な経済活動が期待できる時期です。,資産が増える日まで,,65,6,収益アップに繋がる情報を精査する
TRANSIT_SUN,NATAL_MARS,0,Love,4,Fire,0,Separating,情熱的な交流が絆を深めます。,絆が深まる日まで,,70,7,相手に自分の熱意を正直に伝える
TRANSIT_SUN,NATAL_MARS,0,Health,4,Fire,0,Separating,適度な運動が活力を維持する鍵となります。,身体が整う日まで,,75,9,短時間でも集中して身体を動かす
TRANSIT_SUN,NATAL_MARS,0,General,4,Fire,1,Applying,家庭内での役割や環境改善にエネルギーを注ぐ時です。家族のために行動しましょう。,活力が形になる日まで,,80,8,家の中の不便な箇所を1つ修理するか改善する
TRANSIT_SUN,NATAL_MARS,0,Work,4,Fire,1,Applying,主体的な行動が成果を呼び寄せます。,実力が評価される日まで,,75,7,担当業務をスピーディーに片付ける
TRANSIT_SUN,NATAL_MARS,0,Money,4,Fire,1,Applying,積極的な経済活動が期待できる時期です。,資産が増える日まで,,65,6,収益アップに繋がる情報を精査する
TRANSIT_SUN,NATAL_MARS,0,Love,4,Fire,1,Applying,情熱的な交流が絆を深めます。,絆が深まる日まで,,70,7,相手に自分の熱意を正直に伝える
TRANSIT_SUN,NATAL_MARS,0,Health,4,Fire,1,Applying,適度な運動が活力を維持する鍵となります。,身体が整う日まで,,75,9,短時間でも集中して身体を動かす
TRANSIT_SUN,NATAL_MARS,0,General,4,Fire,1,Separating,家庭内での役割や環境改善にエネルギーを注ぐ時です。家族のために行動しましょう。,活力が形になる日まで,,80,8,家の中の不便な箇所を1つ修理するか改善する
TRANSIT_SUN,NATAL_MARS,0,Work,4,Fire,1,Separating,主体的な行動が成果を呼び寄せます。,実力が評価される日まで,,75,7,担当業務をスピーディーに片付ける
TRANSIT_SUN,NATAL_MARS,0,Money,4,Fire,1,Separating,積極的な経済活動が期待できる時期です。,資産が増える日まで,,65,6,収益アップに繋がる情報を精査する
TRANSIT_SUN,NATAL_MARS,0,Love,4,Fire,1,Separating,情熱的な交流が絆を深めます。,絆が深まる日まで,,70,7,相手に自分の熱意を正直に伝える
TRANSIT_SUN,NATAL_MARS,0,Health,4,Fire,1,Separating,適度な運動が活力を維持する鍵となります。,身体が整う日まで,,75,9,短時間でも集中して身体を動かす
TRANSIT_SUN,NATAL_MARS,0,General,4,Earth,0,Applying,家庭内での役割や環境改善にエネルギーを注ぐ時です。家族のために行動しましょう。,活力が形になる日まで,,80,8,家の中の不便な箇所を1つ修理するか改善する
TRANSIT_SUN,NATAL_MARS,0,Work,4,Earth,0,Applying,主体的な行動が成果を呼び寄せます。,実力が評価される日まで,,75,7,担当業務をスピーディーに片付ける
TRANSIT_SUN,NATAL_MARS,0,Money,4,Earth,0,Applying,積極的な経済活動が期待できる時期です。,資産が増える日まで,,65,6,収益アップに繋がる情報を精査する
TRANSIT_SUN,NATAL_MARS,0,Love,4,Earth,0,Applying,情熱的な交流が絆を深めます。,絆が深まる日まで,,70,7,相手に自分の熱意を正直に伝える
TRANSIT_SUN,NATAL_MARS,0,Health,4,Earth,0,Applying,適度な運動が活力を維持する鍵となります。,身体が整う日まで,,75,9,短時間でも集中して身体を動かす
TRANSIT_SUN,NATAL_MARS,0,General,4,Earth,0,Separating,家庭内での役割や環境改善にエネルギーを注ぐ時です。家族のために行動しましょう。,活力が形になる日まで,,80,8,家の中の不便な箇所を1つ修理するか改善する
TRANSIT_SUN,NATAL_MARS,0,Work,4,Earth,0,Separating,主体的な行動が成果を呼び寄せます。,実力が評価される日まで,,75,7,担当業務をスピーディーに片付ける
TRANSIT_SUN,NATAL_MARS,0,Money,4,Earth,0,Separating,積極的な経済活動が期待できる時期です。,資産が増える日まで,,65,6,収益アップに繋がる情報を精査する
TRANSIT_SUN,NATAL_MARS,0,Love,4,Earth,0,Separating,情熱的な交流が絆を深めます。,絆が深まる日まで,,70,7,相手に自分の熱意を正直に伝える
TRANSIT_SUN,NATAL_MARS,0,Health,4,Earth,0,Separating,適度な運動が活力を維持する鍵となります。,身体が整う日まで,,75,9,短時間でも集中して身体を動かす
TRANSIT_SUN,NATAL_MARS,0,General,4,Earth,1,Applying,家庭内での役割や環境改善にエネルギーを注ぐ時です。家族のために行動しましょう。,活力が形になる日まで,,80,8,家の中の不便な箇所を1つ修理するか改善する
TRANSIT_SUN,NATAL_MARS,0,Work,4,Earth,1,Applying,主体的な行動が成果を呼び寄せます。,実力が評価される日まで,,75,7,担当業務をスピーディーに片付ける
TRANSIT_SUN,NATAL_MARS,0,Money,4,Earth,1,Applying,積極的な経済活動が期待できる時期です。,資産が増える日まで,,65,6,収益アップに繋がる情報を精査する
TRANSIT_SUN,NATAL_MARS,0,Love,4,Earth,1,Applying,情熱的な交流が絆を深めます。,絆が深まる日まで,,70,7,相手に自分の熱意を正直に伝える
TRANSIT_SUN,NATAL_MARS,0,Health,4,Earth,1,Applying,適度な運動が活力を維持する鍵となります。,身体が整う日まで,,75,9,短時間でも集中して身体を動かす
TRANSIT_SUN,NATAL_MARS,0,General,4,Earth,1,Separating,家庭内での役割や環境改善にエネルギーを注ぐ時です。家族のために行動しましょう。,活力が形になる日まで,,80,8,家の中の不便な箇所を1つ修理するか改善する
TRANSIT_SUN,NATAL_MARS,0,Work,4,Earth,1,Separating,主体的な行動が成果を呼び寄せます。,実力が評価される日まで,,75,7,担当業務をスピーディーに片付ける
TRANSIT_SUN,NATAL_MARS,0,Money,4,Earth,1,Separating,積極的な経済活動が期待できる時期です。,資産が増える日まで,,65,6,収益アップに繋がる情報を精査する
TRANSIT_SUN,NATAL_MARS,0,Love,4,Earth,1,Separating,情熱的な交流が絆を深めます。,絆が深まる日まで,,70,7,相手に自分の熱意を正直に伝える
TRANSIT_SUN,NATAL_MARS,0,Health,4,Earth,1,Separating,適度な運動が活力を維持する鍵となります。,身体が整う日まで,,75,9,短時間でも集中して身体を動かす
TRANSIT_SUN,NATAL_MARS,0,General,4,Air,0,Applying,家庭内での役割や環境改善にエネルギーを注ぐ時です。家族のために行動しましょう。,活力が形になる日まで,,80,8,家の中の不便な箇所を1つ修理するか改善する
TRANSIT_SUN,NATAL_MARS,0,Work,4,Air,0,Applying,主体的な行動が成果を呼び寄せます。,実力が評価される日まで,,75,7,担当業務をスピーディーに片付ける
TRANSIT_SUN,NATAL_MARS,0,Money,4,Air,0,Applying,積極的な経済活動が期待できる時期です。,資産が増える日まで,,65,6,収益アップに繋がる情報を精査する
TRANSIT_SUN,NATAL_MARS,0,Love,4,Air,0,Applying,情熱的な交流が絆を深めます。,絆が深まる日まで,,70,7,相手に自分の熱意を正直に伝える
TRANSIT_SUN,NATAL_MARS,0,Health,4,Air,0,Applying,適度な運動が活力を維持する鍵となります。,身体が整う日まで,,75,9,短時間でも集中して身体を動かす
TRANSIT_SUN,NATAL_MARS,0,General,4,Air,0,Separating,家庭内での役割や環境改善にエネルギーを注ぐ時です。家族のために行動しましょう。,活力が形になる日まで,,80,8,家の中の不便な箇所を1つ修理するか改善する
TRANSIT_SUN,NATAL_MARS,0,Work,4,Air,0,Separating,主体的な行動が成果を呼び寄せます。,実力が評価される日まで,,75,7,担当業務をスピーディーに片付ける
TRANSIT_SUN,NATAL_MARS,0,Money,4,Air,0,Separating,積極的な経済活動が期待できる時期です。,資産が増える日まで,,65,6,収益アップに繋がる情報を精査する
TRANSIT_SUN,NATAL_MARS,0,Love,4,Air,0,Separating,情熱的な交流が絆を深めます。,絆が深まる日まで,,70,7,相手に自分の熱意を正直に伝える
TRANSIT_SUN,NATAL_MARS,0,Health,4,Air,0,Separating,適度な運動が活力を維持する鍵となります。,身体が整う日まで,,75,9,短時間でも集中して身体を動かす
TRANSIT_SUN,NATAL_MARS,0,General,4,Air,1,Applying,家庭内での役割や環境改善にエネルギーを注ぐ時です。家族のために行動しましょう。,活力が形になる日まで,,80,8,家の中の不便な箇所を1つ修理するか改善する
TRANSIT_SUN,NATAL_MARS,0,Work,4,Air,1,Applying,主体的な行動が成果を呼び寄せます。,実力が評価される日まで,,75,7,担当業務をスピーディーに片付ける
TRANSIT_SUN,NATAL_MARS,0,Money,4,Air,1,Applying,積極的な経済活動が期待できる時期です。,資産が増える日まで,,65,6,収益アップに繋がる情報を精査する
TRANSIT_SUN,NATAL_MARS,0,Love,4,Air,1,Applying,情熱的な交流が絆を深めます。,絆が深まる日まで,,70,7,相手に自分の熱意を正直に伝える
TRANSIT_SUN,NATAL_MARS,0,Health,4,Air,1,Applying,適度な運動が活力を維持する鍵となります。,身体が整う日まで,,75,9,短時間でも集中して身体を動かす
TRANSIT_SUN,NATAL_MARS,0,General,4,Air,1,Separating,家庭内での役割や環境改善にエネルギーを注ぐ時です。家族のために行動しましょう。,活力が形になる日まで,,80,8,家の中の不便な箇所を1つ修理するか改善する
TRANSIT_SUN,NATAL_MARS,0,Work,4,Air,1,Separating,主体的な行動が成果を呼び寄せます。,実力が評価される日まで,,75,7,担当業務をスピーディーに片付ける
TRANSIT_SUN,NATAL_MARS,0,Money,4,Air,1,Separating,積極的な経済活動が期待できる時期です。,資産が増える日まで,,65,6,収益アップに繋がる情報を精査する
TRANSIT_SUN,NATAL_MARS,0,Love,4,Air,1,Separating,情熱的な交流が絆を深めます。,絆が深まる日まで,,70,7,相手に自分の熱意を正直に伝える
TRANSIT_SUN,NATAL_MARS,0,Health,4,Air,1,Separating,適度な運動が活力を維持する鍵となります。,身体が整う日まで,,75,9,短時間でも集中して身体を動かす
TRANSIT_SUN,NATAL_MARS,0,General,4,Water,0,Applying,家庭内での役割や環境改善にエネルギーを注ぐ時です。家族のために行動しましょう。,活力が形になる日まで,,80,8,家の中の不便な箇所を1つ修理するか改善する
TRANSIT_SUN,NATAL_MARS,0,Work,4,Water,0,Applying,主体的な行動が成果を呼び寄せます。,実力が評価される日まで,,75,7,担当業務をスピーディーに片付ける
TRANSIT_SUN,NATAL_MARS,0,Money,4,Water,0,Applying,積極的な経済活動が期待できる時期です。,資産が増える日まで,,65,6,収益アップに繋がる情報を精査する
TRANSIT_SUN,NATAL_MARS,0,Love,4,Water,0,Applying,情熱的な交流が絆を深めます。,絆が深まる日まで,,70,7,相手に自分の熱意を正直に伝える
TRANSIT_SUN,NATAL_MARS,0,Health,4,Water,0,Applying,適度な運動が活力を維持する鍵となります。,身体が整う日まで,,75,9,短時間でも集中して身体を動かす
TRANSIT_SUN,NATAL_MARS,0,General,4,Water,0,Separating,家庭内での役割や環境改善にエネルギーを注ぐ時です。家族のために行動しましょう。,活力が形になる日まで,,80,8,家の中の不便な箇所を1つ修理するか改善する
TRANSIT_SUN,NATAL_MARS,0,Work,4,Water,0,Separating,主体的な行動が成果を呼び寄せます。,実力が評価される日まで,,75,7,担当業務をスピーディーに片付ける
TRANSIT_SUN,NATAL_MARS,0,Money,4,Water,0,Separating,積極的な経済活動が期待できる時期です。,資産が増える日まで,,65,6,収益アップに繋がる情報を精査する
TRANSIT_SUN,NATAL_MARS,0,Love,4,Water,0,Separating,情熱的な交流が絆を深めます。,絆が深まる日まで,,70,7,相手に自分の熱意を正直に伝える
TRANSIT_SUN,NATAL_MARS,0,Health,4,Water,0,Separating,適度な運動が活力を維持する鍵となります。,身体が整う日まで,,75,9,短時間でも集中して身体を動かす
TRANSIT_SUN,NATAL_MARS,0,General,4,Water,1,Applying,家庭内での役割や環境改善にエネルギーを注ぐ時です。家族のために行動しましょう。,活力が形になる日まで,,80,8,家の中の不便な箇所を1つ修理するか改善する
TRANSIT_SUN,NATAL_MARS,0,Work,4,Water,1,Applying,主体的な行動が成果を呼び寄せます。,実力が評価される日まで,,75,7,担当業務をスピーディーに片付ける
TRANSIT_SUN,NATAL_MARS,0,Money,4,Water,1,Applying,積極的な経済活動が期待できる時期です。,資産が増える日まで,,65,6,収益アップに繋がる情報を精査する
TRANSIT_SUN,NATAL_MARS,0,Love,4,Water,1,Applying,情熱的な交流が絆を深めます。,絆が深まる日まで,,70,7,相手に自分の熱意を正直に伝える
TRANSIT_SUN,NATAL_MARS,0,Health,4,Water,1,Applying,適度な運動が活力を維持する鍵となります。,身体が整う日まで,,75,9,短時間でも集中して身体を動かす
TRANSIT_SUN,NATAL_MARS,0,General,4,Water,1,Separating,家庭内での役割や環境改善にエネルギーを注ぐ時です。家族のために行動しましょう。,活力が形になる日まで,,80,8,家の中の不便な箇所を1つ修理するか改善する
TRANSIT_SUN,NATAL_MARS,0,Work,4,Water,1,Separating,主体的な行動が成果を呼び寄せます。,実力が評価される日まで,,75,7,担当業務をスピーディーに片付ける
TRANSIT_SUN,NATAL_MARS,0,Money,4,Water,1,Separating,積極的な経済活動が期待できる時期です。,資産が増える日まで,,65,6,収益アップに繋がる情報を精査する
TRANSIT_SUN,NATAL_MARS,0,Love,4,Water,1,Separating,情熱的な交流が絆を深めます。,絆が深まる日まで,,70,7,相手に自分の熱意を正直に伝える
TRANSIT_SUN,NATAL_MARS,0,Health,4,Water,1,Separating,適度な運動が活力を維持する鍵となります。,身体が整う日まで,,75,9,短時間でも集中して身体を動かす
TRANSIT_SUN,NATAL_MARS,0,General,5,Fire,0,Applying,趣味や表現活動に全力で取り組み、大きな喜びを得られる時期です。,活力が形になる日まで,,80,8,全力で楽しめるアクティビティを1つ実行する
TRANSIT_SUN,NATAL_MARS,0,Work,5,Fire,0,Applying,主体的な行動が成果を呼び寄せます。,実力が評価される日まで,,75,7,担当業務をスピーディーに片付ける
TRANSIT_SUN,NATAL_MARS,0,Money,5,Fire,0,Applying,積極的な経済活動が期待できる時期です。,資産が増える日まで,,65,6,収益アップに繋がる情報を精査する
TRANSIT_SUN,NATAL_MARS,0,Love,5,Fire,0,Applying,情熱的な交流が絆を深めます。,絆が深まる日まで,,70,7,相手に自分の熱意を正直に伝える
TRANSIT_SUN,NATAL_MARS,0,Health,5,Fire,0,Applying,適度な運動が活力を維持する鍵となります。,身体が整う日まで,,75,9,短時間でも集中して身体を動かす
TRANSIT_SUN,NATAL_MARS,0,General,5,Fire,0,Separating,趣味や表現活動に全力で取り組み、大きな喜びを得られる時期です。,活力が形になる日まで,,80,8,全力で楽しめるアクティビティを1つ実行する
TRANSIT_SUN,NATAL_MARS,0,Work,5,Fire,0,Separating,主体的な行動が成果を呼び寄せます。,実力が評価される日まで,,75,7,担当業務をスピーディーに片付ける
TRANSIT_SUN,NATAL_MARS,0,Money,5,Fire,0,Separating,積極的な経済活動が期待できる時期です。,資産が増える日まで,,65,6,収益アップに繋がる情報を精査する
TRANSIT_SUN,NATAL_MARS,0,Love,5,Fire,0,Separating,情熱的な交流が絆を深めます。,絆が深まる日まで,,70,7,相手に自分の熱意を正直に伝える
TRANSIT_SUN,NATAL_MARS,0,Health,5,Fire,0,Separating,適度な運動が活力を維持する鍵となります。,身体が整う日まで,,75,9,短時間でも集中して身体を動かす
TRANSIT_SUN,NATAL_MARS,0,General,5,Fire,1,Applying,趣味や表現活動に全力で取り組み、大きな喜びを得られる時期です。,活力が形になる日まで,,80,8,全力で楽しめるアクティビティを1つ実行する
TRANSIT_SUN,NATAL_MARS,0,Work,5,Fire,1,Applying,主体的な行動が成果を呼び寄せます。,実力が評価される日まで,,75,7,担当業務をスピーディーに片付ける
TRANSIT_SUN,NATAL_MARS,0,Money,5,Fire,1,Applying,積極的な経済活動が期待できる時期です。,資産が増える日まで,,65,6,収益アップに繋がる情報を精査する
TRANSIT_SUN,NATAL_MARS,0,Love,5,Fire,1,Applying,情熱的な交流が絆を深めます。,絆が深まる日まで,,70,7,相手に自分の熱意を正直に伝える
TRANSIT_SUN,NATAL_MARS,0,Health,5,Fire,1,Applying,適度な運動が活力を維持する鍵となります。,身体が整う日まで,,75,9,短時間でも集中して身体を動かす
TRANSIT_SUN,NATAL_MARS,0,General,5,Fire,1,Separating,趣味や表現活動に全力で取り組み、大きな喜びを得られる時期です。,活力が形になる日まで,,80,8,全力で楽しめるアクティビティを1つ実行する
TRANSIT_SUN,NATAL_MARS,0,Work,5,Fire,1,Separating,主体的な行動が成果を呼び寄せます。,実力が評価される日まで,,75,7,担当業務をスピーディーに片付ける
TRANSIT_SUN,NATAL_MARS,0,Money,5,Fire,1,Separating,積極的な経済活動が期待できる時期です。,資産が増える日まで,,65,6,収益アップに繋がる情報を精査する
TRANSIT_SUN,NATAL_MARS,0,Love,5,Fire,1,Separating,情熱的な交流が絆を深めます。,絆が深まる日まで,,70,7,相手に自分の熱意を正直に伝える
TRANSIT_SUN,NATAL_MARS,0,Health,5,Fire,1,Separating,適度な運動が活力を維持する鍵となります。,身体が整う日まで,,75,9,短時間でも集中して身体を動かす
TRANSIT_SUN,NATAL_MARS,0,General,5,Earth,0,Applying,趣味や表現活動に全力で取り組み、大きな喜びを得られる時期です。,活力が形になる日まで,,80,8,全力で楽しめるアクティビティを1つ実行する
TRANSIT_SUN,NATAL_MARS,0,Work,5,Earth,0,Applying,主体的な行動が成果を呼び寄せます。,実力が評価される日まで,,75,7,担当業務をスピーディーに片付ける
TRANSIT_SUN,NATAL_MARS,0,Money,5,Earth,0,Applying,積極的な経済活動が期待できる時期です。,資産が増える日まで,,65,6,収益アップに繋がる情報を精査する
TRANSIT_SUN,NATAL_MARS,0,Love,5,Earth,0,Applying,情熱的な交流が絆を深めます。,絆が深まる日まで,,70,7,相手に自分の熱意を正直に伝える
TRANSIT_SUN,NATAL_MARS,0,Health,5,Earth,0,Applying,適度な運動が活力を維持する鍵となります。,身体が整う日まで,,75,9,短時間でも集中して身体を動かす
TRANSIT_SUN,NATAL_MARS,0,General,5,Earth,0,Separating,趣味や表現活動に全力で取り組み、大きな喜びを得られる時期です。,活力が形になる日まで,,80,8,全力で楽しめるアクティビティを1つ実行する
TRANSIT_SUN,NATAL_MARS,0,Work,5,Earth,0,Separating,主体的な行動が成果を呼び寄せます。,実力が評価される日まで,,75,7,担当業務をスピーディーに片付ける
TRANSIT_SUN,NATAL_MARS,0,Money,5,Earth,0,Separating,積極的な経済活動が期待できる時期です。,資産が増える日まで,,65,6,収益アップに繋がる情報を精査する
TRANSIT_SUN,NATAL_MARS,0,Love,5,Earth,0,Separating,情熱的な交流が絆を深めます。,絆が深まる日まで,,70,7,相手に自分の熱意を正直に伝える
TRANSIT_SUN,NATAL_MARS,0,Health,5,Earth,0,Separating,適度な運動が活力を維持する鍵となります。,身体が整う日まで,,75,9,短時間でも集中して身体を動かす
TRANSIT_SUN,NATAL_MARS,0,General,5,Earth,1,Applying,趣味や表現活動に全力で取り組み、大きな喜びを得られる時期です。,活力が形になる日まで,,80,8,全力で楽しめるアクティビティを1つ実行する
TRANSIT_SUN,NATAL_MARS,0,Work,5,Earth,1,Applying,主体的な行動が成果を呼び寄せます。,実力が評価される日まで,,75,7,担当業務をスピーディーに片付ける
TRANSIT_SUN,NATAL_MARS,0,Money,5,Earth,1,Applying,積極的な経済活動が期待できる時期です。,資産が増える日まで,,65,6,収益アップに繋がる情報を精査する
TRANSIT_SUN,NATAL_MARS,0,Love,5,Earth,1,Applying,情熱的な交流が絆を深めます。,絆が深まる日まで,,70,7,相手に自分の熱意を正直に伝える
TRANSIT_SUN,NATAL_MARS,0,Health,5,Earth,1,Applying,適度な運動が活力を維持する鍵となります。,身体が整う日まで,,75,9,短時間でも集中して身体を動かす
TRANSIT_SUN,NATAL_MARS,0,General,5,Earth,1,Separating,趣味や表現活動に全力で取り組み、大きな喜びを得られる時期です。,活力が形になる日まで,,80,8,全力で楽しめるアクティビティを1つ実行する
TRANSIT_SUN,NATAL_MARS,0,Work,5,Earth,1,Separating,主体的な行動が成果を呼び寄せます。,実力が評価される日まで,,75,7,担当業務をスピーディーに片付ける
TRANSIT_SUN,NATAL_MARS,0,Money,5,Earth,1,Separating,積極的な経済活動が期待できる時期です。,資産が増える日まで,,65,6,収益アップに繋がる情報を精査する
TRANSIT_SUN,NATAL_MARS,0,Love,5,Earth,1,Separating,情熱的な交流が絆を深めます。,絆が深まる日まで,,70,7,相手に自分の熱意を正直に伝える
TRANSIT_SUN,NATAL_MARS,0,Health,5,Earth,1,Separating,適度な運動が活力を維持する鍵となります。,身体が整う日まで,,75,9,短時間でも集中して身体を動かす
TRANSIT_SUN,NATAL_MARS,0,General,5,Air,0,Applying,趣味や表現活動に全力で取り組み、大きな喜びを得られる時期です。,活力が形になる日まで,,80,8,全力で楽しめるアクティビティを1つ実行する
TRANSIT_SUN,NATAL_MARS,0,Work,5,Air,0,Applying,主体的な行動が成果を呼び寄せます。,実力が評価される日まで,,75,7,担当業務をスピーディーに片付ける
TRANSIT_SUN,NATAL_MARS,0,Money,5,Air,0,Applying,積極的な経済活動が期待できる時期です。,資産が増える日まで,,65,6,収益アップに繋がる情報を精査する
TRANSIT_SUN,NATAL_MARS,0,Love,5,Air,0,Applying,情熱的な交流が絆を深めます。,絆が深まる日まで,,70,7,相手に自分の熱意を正直に伝える
TRANSIT_SUN,NATAL_MARS,0,Health,5,Air,0,Applying,適度な運動が活力を維持する鍵となります。,身体が整う日まで,,75,9,短時間でも集中して身体を動かす
TRANSIT_SUN,NATAL_MARS,0,General,5,Air,0,Separating,趣味や表現活動に全力で取り組み、大きな喜びを得られる時期です。,活力が形になる日まで,,80,8,全力で楽しめるアクティビティを1つ実行する
TRANSIT_SUN,NATAL_MARS,0,Work,5,Air,0,Separating,主体的な行動が成果を呼び寄せます。,実力が評価される日まで,,75,7,担当業務をスピーディーに片付ける
TRANSIT_SUN,NATAL_MARS,0,Money,5,Air,0,Separating,積極的な経済活動が期待できる時期です。,資産が増える日まで,,65,6,収益アップに繋がる情報を精査する
TRANSIT_SUN,NATAL_MARS,0,Love,5,Air,0,Separating,情熱的な交流が絆を深めます。,絆が深まる日まで,,70,7,相手に自分の熱意を正直に伝える
TRANSIT_SUN,NATAL_MARS,0,Health,5,Air,0,Separating,適度な運動が活力を維持する鍵となります。,身体が整う日まで,,75,9,短時間でも集中して身体を動かす
TRANSIT_SUN,NATAL_MARS,0,General,5,Air,1,Applying,趣味や表現活動に全力で取り組み、大きな喜びを得られる時期です。,活力が形になる日まで,,80,8,全力で楽しめるアクティビティを1つ実行する
TRANSIT_SUN,NATAL_MARS,0,Work,5,Air,1,Applying,主体的な行動が成果を呼び寄せます。,実力が評価される日まで,,75,7,担当業務をスピーディーに片付ける
TRANSIT_SUN,NATAL_MARS,0,Money,5,Air,1,Applying,積極的な経済活動が期待できる時期です。,資産が増える日まで,,65,6,収益アップに繋がる情報を精査する
TRANSIT_SUN,NATAL_MARS,0,Love,5,Air,1,Applying,情熱的な交流が絆を深めます。,絆が深まる日まで,,70,7,相手に自分の熱意を正直に伝える
TRANSIT_SUN,NATAL_MARS,0,Health,5,Air,1,Applying,適度な運動が活力を維持する鍵となります。,身体が整う日まで,,75,9,短時間でも集中して身体を動かす
TRANSIT_SUN,NATAL_MARS,0,General,5,Air,1,Separating,趣味や表現活動に全力で取り組み、大きな喜びを得られる時期です。,活力が形になる日まで,,80,8,全力で楽しめるアクティビティを1つ実行する
TRANSIT_SUN,NATAL_MARS,0,Work,5,Air,1,Separating,主体的な行動が成果を呼び寄せます。,実力が評価される日まで,,75,7,担当業務をスピーディーに片付ける
TRANSIT_SUN,NATAL_MARS,0,Money,5,Air,1,Separating,積極的な経済活動が期待できる時期です。,資産が増える日まで,,65,6,収益アップに繋がる情報を精査する
TRANSIT_SUN,NATAL_MARS,0,Love,5,Air,1,Separating,情熱的な交流が絆を深めます。,絆が深まる日まで,,70,7,相手に自分の熱意を正直に伝える
TRANSIT_SUN,NATAL_MARS,0,Health,5,Air,1,Separating,適度な運動が活力を維持する鍵となります。,身体が整う日まで,,75,9,短時間でも集中して身体を動かす
TRANSIT_SUN,NATAL_MARS,0,General,5,Water,0,Applying,趣味や表現活動に全力で取り組み、大きな喜びを得られる時期です。,活力が形になる日まで,,80,8,全力で楽しめるアクティビティを1つ実行する
TRANSIT_SUN,NATAL_MARS,0,Work,5,Water,0,Applying,主体的な行動が成果を呼び寄せます。,実力が評価される日まで,,75,7,担当業務をスピーディーに片付ける
TRANSIT_SUN,NATAL_MARS,0,Money,5,Water,0,Applying,積極的な経済活動が期待できる時期です。,資産が増える日まで,,65,6,収益アップに繋がる情報を精査する
TRANSIT_SUN,NATAL_MARS,0,Love,5,Water,0,Applying,情熱的な交流が絆を深めます。,絆が深まる日まで,,70,7,相手に自分の熱意を正直に伝える
TRANSIT_SUN,NATAL_MARS,0,Health,5,Water,0,Applying,適度な運動が活力を維持する鍵となります。,身体が整う日まで,,75,9,短時間でも集中して身体を動かす
TRANSIT_SUN,NATAL_MARS,0,General,5,Water,0,Separating,趣味や表現活動に全力で取り組み、大きな喜びを得られる時期です。,活力が形になる日まで,,80,8,全力で楽しめるアクティビティを1つ実行する
TRANSIT_SUN,NATAL_MARS,0,Work,5,Water,0,Separating,主体的な行動が成果を呼び寄せます。,実力が評価される日まで,,75,7,担当業務をスピーディーに片付ける
TRANSIT_SUN,NATAL_MARS,0,Money,5,Water,0,Separating,積極的な経済活動が期待できる時期です。,資産が増える日まで,,65,6,収益アップに繋がる情報を精査する
TRANSIT_SUN,NATAL_MARS,0,Love,5,Water,0,Separating,情熱的な交流が絆を深めます。,絆が深まる日まで,,70,7,相手に自分の熱意を正直に伝える
TRANSIT_SUN,NATAL_MARS,0,Health,5,Water,0,Separating,適度な運動が活力を維持する鍵となります。,身体が整う日まで,,75,9,短時間でも集中して身体を動かす
TRANSIT_SUN,NATAL_MARS,0,General,5,Water,1,Applying,趣味や表現活動に全力で取り組み、大きな喜びを得られる時期です。,活力が形になる日まで,,80,8,全力で楽しめるアクティビティを1つ実行する
TRANSIT_SUN,NATAL_MARS,0,Work,5,Water,1,Applying,主体的な行動が成果を呼び寄せます。,実力が評価される日まで,,75,7,担当業務をスピーディーに片付ける
TRANSIT_SUN,NATAL_MARS,0,Money,5,Water,1,Applying,積極的な経済活動が期待できる時期です。,資産が増える日まで,,65,6,収益アップに繋がる情報を精査する
TRANSIT_SUN,NATAL_MARS,0,Love,5,Water,1,Applying,情熱的な交流が絆を深めます。,絆が深まる日まで,,70,7,相手に自分の熱意を正直に伝える
TRANSIT_SUN,NATAL_MARS,0,Health,5,Water,1,Applying,適度な運動が活力を維持する鍵となります。,身体が整う日まで,,75,9,短時間でも集中して身体を動かす
TRANSIT_SUN,NATAL_MARS,0,General,5,Water,1,Separating,趣味や表現活動に全力で取り組み、大きな喜びを得られる時期です。,活力が形になる日まで,,80,8,全力で楽しめるアクティビティを1つ実行する
TRANSIT_SUN,NATAL_MARS,0,Work,5,Water,1,Separating,主体的な行動が成果を呼び寄せます。,実力が評価される日まで,,75,7,担当業務をスピーディーに片付ける
TRANSIT_SUN,NATAL_MARS,0,Money,5,Water,1,Separating,積極的な経済活動が期待できる時期です。,資産が増える日まで,,65,6,収益アップに繋がる情報を精査する
TRANSIT_SUN,NATAL_MARS,0,Love,5,Water,1,Separating,情熱的な交流が絆を深めます。,絆が深まる日まで,,70,7,相手に自分の熱意を正直に伝える
TRANSIT_SUN,NATAL_MARS,0,Health,5,Water,1,Separating,適度な運動が活力を維持する鍵となります。,身体が整う日まで,,75,9,短時間でも集中して身体を動かす
TRANSIT_SUN,NATAL_MARS,0,General,6,Fire,0,Applying,仕事や日常のタスクを精力的にこなし、実務を前進させる時期です。,活力が形になる日まで,,80,8,山積みになっているタスクを今日中に3つ片付ける
TRANSIT_SUN,NATAL_MARS,0,Work,6,Fire,0,Applying,主体的な行動が成果を呼び寄せます。,実力が評価される日まで,,75,7,担当業務をスピーディーに片付ける
TRANSIT_SUN,NATAL_MARS,0,Money,6,Fire,0,Applying,積極的な経済活動が期待できる時期です。,資産が増える日まで,,65,6,収益アップに繋がる情報を精査する
TRANSIT_SUN,NATAL_MARS,0,Love,6,Fire,0,Applying,情熱的な交流が絆を深めます。,絆が深まる日まで,,70,7,相手に自分の熱意を正直に伝える
TRANSIT_SUN,NATAL_MARS,0,Health,6,Fire,0,Applying,適度な運動が活力を維持する鍵となります。,身体が整う日まで,,75,9,短時間でも集中して身体を動かす
TRANSIT_SUN,NATAL_MARS,0,General,6,Fire,0,Separating,仕事や日常のタスクを精力的にこなし、実務を前進させる時期です。,活力が形になる日まで,,80,8,山積みになっているタスクを今日中に3つ片付ける
TRANSIT_SUN,NATAL_MARS,0,Work,6,Fire,0,Separating,主体的な行動が成果を呼び寄せます。,実力が評価される日まで,,75,7,担当業務をスピーディーに片付ける
TRANSIT_SUN,NATAL_MARS,0,Money,6,Fire,0,Separating,積極的な経済活動が期待できる時期です。,資産が増える日まで,,65,6,収益アップに繋がる情報を精査する
TRANSIT_SUN,NATAL_MARS,0,Love,6,Fire,0,Separating,情熱的な交流が絆を深めます。,絆が深まる日まで,,70,7,相手に自分の熱意を正直に伝える
TRANSIT_SUN,NATAL_MARS,0,Health,6,Fire,0,Separating,適度な運動が活力を維持する鍵となります。,身体が整う日まで,,75,9,短時間でも集中して身体を動かす
TRANSIT_SUN,NATAL_MARS,0,General,6,Fire,1,Applying,仕事や日常のタスクを精力的にこなし、実務を前進させる時期です。,活力が形になる日まで,,80,8,山積みになっているタスクを今日中に3つ片付ける
TRANSIT_SUN,NATAL_MARS,0,Work,6,Fire,1,Applying,主体的な行動が成果を呼び寄せます。,実力が評価される日まで,,75,7,担当業務をスピーディーに片付ける
TRANSIT_SUN,NATAL_MARS,0,Money,6,Fire,1,Applying,積極的な経済活動が期待できる時期です。,資産が増える日まで,,65,6,収益アップに繋がる情報を精査する
TRANSIT_SUN,NATAL_MARS,0,Love,6,Fire,1,Applying,情熱的な交流が絆を深めます。,絆が深まる日まで,,70,7,相手に自分の熱意を正直に伝える
TRANSIT_SUN,NATAL_MARS,0,Health,6,Fire,1,Applying,適度な運動が活力を維持する鍵となります。,身体が整う日まで,,75,9,短時間でも集中して身体を動かす
TRANSIT_SUN,NATAL_MARS,0,General,6,Fire,1,Separating,仕事や日常のタスクを精力的にこなし、実務を前進させる時期です。,活力が形になる日まで,,80,8,山積みになっているタスクを今日中に3つ片付ける
TRANSIT_SUN,NATAL_MARS,0,Work,6,Fire,1,Separating,主体的な行動が成果を呼び寄せます。,実力が評価される日まで,,75,7,担当業務をスピーディーに片付ける
TRANSIT_SUN,NATAL_MARS,0,Money,6,Fire,1,Separating,積極的な経済活動が期待できる時期です。,資産が増える日まで,,65,6,収益アップに繋がる情報を精査する
TRANSIT_SUN,NATAL_MARS,0,Love,6,Fire,1,Separating,情熱的な交流が絆を深めます。,絆が深まる日まで,,70,7,相手に自分の熱意を正直に伝える
TRANSIT_SUN,NATAL_MARS,0,Health,6,Fire,1,Separating,適度な運動が活力を維持する鍵となります。,身体が整う日まで,,75,9,短時間でも集中して身体を動かす
TRANSIT_SUN,NATAL_MARS,0,General,6,Earth,0,Applying,仕事や日常のタスクを精力的にこなし、実務を前進させる時期です。,活力が形になる日まで,,80,8,山積みになっているタスクを今日中に3つ片付ける
TRANSIT_SUN,NATAL_MARS,0,Work,6,Earth,0,Applying,主体的な行動が成果を呼び寄せます。,実力が評価される日まで,,75,7,担当業務をスピーディーに片付ける
TRANSIT_SUN,NATAL_MARS,0,Money,6,Earth,0,Applying,積極的な経済活動が期待できる時期です。,資産が増える日まで,,65,6,収益アップに繋がる情報を精査する
TRANSIT_SUN,NATAL_MARS,0,Love,6,Earth,0,Applying,情熱的な交流が絆を深めます。,絆が深まる日まで,,70,7,相手に自分の熱意を正直に伝える
TRANSIT_SUN,NATAL_MARS,0,Health,6,Earth,0,Applying,適度な運動が活力を維持する鍵となります。,身体が整う日まで,,75,9,短時間でも集中して身体を動かす
TRANSIT_SUN,NATAL_MARS,0,General,6,Earth,0,Separating,仕事や日常のタスクを精力的にこなし、実務を前進させる時期です。,活力が形になる日まで,,80,8,山積みになっているタスクを今日中に3つ片付ける
TRANSIT_SUN,NATAL_MARS,0,Work,6,Earth,0,Separating,主体的な行動が成果を呼び寄せます。,実力が評価される日まで,,75,7,担当業務をスピーディーに片付ける
TRANSIT_SUN,NATAL_MARS,0,Money,6,Earth,0,Separating,積極的な経済活動が期待できる時期です。,資産が増える日まで,,65,6,収益アップに繋がる情報を精査する
TRANSIT_SUN,NATAL_MARS,0,Love,6,Earth,0,Separating,情熱的な交流が絆を深めます。,絆が深まる日まで,,70,7,相手に自分の熱意を正直に伝える
TRANSIT_SUN,NATAL_MARS,0,Health,6,Earth,0,Separating,適度な運動が活力を維持する鍵となります。,身体が整う日まで,,75,9,短時間でも集中して身体を動かす
TRANSIT_SUN,NATAL_MARS,0,General,6,Earth,1,Applying,仕事や日常のタスクを精力的にこなし、実務を前進させる時期です。,活力が形になる日まで,,80,8,山積みになっているタスクを今日中に3つ片付ける
TRANSIT_SUN,NATAL_MARS,0,Work,6,Earth,1,Applying,主体的な行動が成果を呼び寄せます。,実力が評価される日まで,,75,7,担当業務をスピーディーに片付ける
TRANSIT_SUN,NATAL_MARS,0,Money,6,Earth,1,Applying,積極的な経済活動が期待できる時期です。,資産が増える日まで,,65,6,収益アップに繋がる情報を精査する
TRANSIT_SUN,NATAL_MARS,0,Love,6,Earth,1,Applying,情熱的な交流が絆を深めます。,絆が深まる日まで,,70,7,相手に自分の熱意を正直に伝える
TRANSIT_SUN,NATAL_MARS,0,Health,6,Earth,1,Applying,適度な運動が活力を維持する鍵となります。,身体が整う日まで,,75,9,短時間でも集中して身体を動かす
TRANSIT_SUN,NATAL_MARS,0,General,6,Earth,1,Separating,仕事や日常のタスクを精力的にこなし、実務を前進させる時期です。,活力が形になる日まで,,80,8,山積みになっているタスクを今日中に3つ片付ける
TRANSIT_SUN,NATAL_MARS,0,Work,6,Earth,1,Separating,主体的な行動が成果を呼び寄せます。,実力が評価される日まで,,75,7,担当業務をスピーディーに片付ける
TRANSIT_SUN,NATAL_MARS,0,Money,6,Earth,1,Separating,積極的な経済活動が期待できる時期です。,資産が増える日まで,,65,6,収益アップに繋がる情報を精査する
TRANSIT_SUN,NATAL_MARS,0,Love,6,Earth,1,Separating,情熱的な交流が絆を深めます。,絆が深まる日まで,,70,7,相手に自分の熱意を正直に伝える
TRANSIT_SUN,NATAL_MARS,0,Health,6,Earth,1,Separating,適度な運動が活力を維持する鍵となります。,身体が整う日まで,,75,9,短時間でも集中して身体を動かす
TRANSIT_SUN,NATAL_MARS,0,General,6,Air,0,Applying,仕事や日常のタスクを精力的にこなし、実務を前進させる時期です。,活力が形になる日まで,,80,8,山積みになっているタスクを今日中に3つ片付ける
TRANSIT_SUN,NATAL_MARS,0,Work,6,Air,0,Applying,主体的な行動が成果を呼び寄せます。,実力が評価される日まで,,75,7,担当業務をスピーディーに片付ける
TRANSIT_SUN,NATAL_MARS,0,Money,6,Air,0,Applying,積極的な経済活動が期待できる時期です。,資産が増える日まで,,65,6,収益アップに繋がる情報を精査する
TRANSIT_SUN,NATAL_MARS,0,Love,6,Air,0,Applying,情熱的な交流が絆を深めます。,絆が深まる日まで,,70,7,相手に自分の熱意を正直に伝える
TRANSIT_SUN,NATAL_MARS,0,Health,6,Air,0,Applying,適度な運動が活力を維持する鍵となります。,身体が整う日まで,,75,9,短時間でも集中して身体を動かす
TRANSIT_SUN,NATAL_MARS,0,General,6,Air,0,Separating,仕事や日常のタスクを精力的にこなし、実務を前進させる時期です。,活力が形になる日まで,,80,8,山積みになっているタスクを今日中に3つ片付ける
TRANSIT_SUN,NATAL_MARS,0,Work,6,Air,0,Separating,主体的な行動が成果を呼び寄せます。,実力が評価される日まで,,75,7,担当業務をスピーディーに片付ける
TRANSIT_SUN,NATAL_MARS,0,Money,6,Air,0,Separating,積極的な経済活動が期待できる時期です。,資産が増える日まで,,65,6,収益アップに繋がる情報を精査する
TRANSIT_SUN,NATAL_MARS,0,Love,6,Air,0,Separating,情熱的な交流が絆を深めます。,絆が深まる日まで,,70,7,相手に自分の熱意を正直に伝える
TRANSIT_SUN,NATAL_MARS,0,Health,6,Air,0,Separating,適度な運動が活力を維持する鍵となります。,身体が整う日まで,,75,9,短時間でも集中して身体を動かす
TRANSIT_SUN,NATAL_MARS,0,General,6,Air,1,Applying,仕事や日常のタスクを精力的にこなし、実務を前進させる時期です。,活力が形になる日まで,,80,8,山積みになっているタスクを今日中に3つ片付ける
TRANSIT_SUN,NATAL_MARS,0,Work,6,Air,1,Applying,主体的な行動が成果を呼び寄せます。,実力が評価される日まで,,75,7,担当業務をスピーディーに片付ける
TRANSIT_SUN,NATAL_MARS,0,Money,6,Air,1,Applying,積極的な経済活動が期待できる時期です。,資産が増える日まで,,65,6,収益アップに繋がる情報を精査する
TRANSIT_SUN,NATAL_MARS,0,Love,6,Air,1,Applying,情熱的な交流が絆を深めます。,絆が深まる日まで,,70,7,相手に自分の熱意を正直に伝える
TRANSIT_SUN,NATAL_MARS,0,Health,6,Air,1,Applying,適度な運動が活力を維持する鍵となります。,身体が整う日まで,,75,9,短時間でも集中して身体を動かす
TRANSIT_SUN,NATAL_MARS,0,General,6,Air,1,Separating,仕事や日常のタスクを精力的にこなし、実務を前進させる時期です。,活力が形になる日まで,,80,8,山積みになっているタスクを今日中に3つ片付ける
TRANSIT_SUN,NATAL_MARS,0,Work,6,Air,1,Separating,主体的な行動が成果を呼び寄せます。,実力が評価される日まで,,75,7,担当業務をスピーディーに片付ける
TRANSIT_SUN,NATAL_MARS,0,Money,6,Air,1,Separating,積極的な経済活動が期待できる時期です。,資産が増える日まで,,65,6,収益アップに繋がる情報を精査する
TRANSIT_SUN,NATAL_MARS,0,Love,6,Air,1,Separating,情熱的な交流が絆を深めます。,絆が深まる日まで,,70,7,相手に自分の熱意を正直に伝える
TRANSIT_SUN,NATAL_MARS,0,Health,6,Air,1,Separating,適度な運動が活力を維持する鍵となります。,身体が整う日まで,,75,9,短時間でも集中して身体を動かす
TRANSIT_SUN,NATAL_MARS,0,General,6,Water,0,Applying,仕事や日常のタスクを精力的にこなし、実務を前進させる時期です。,活力が形になる日まで,,80,8,山積みになっているタスクを今日中に3つ片付ける
TRANSIT_SUN,NATAL_MARS,0,Work,6,Water,0,Applying,主体的な行動が成果を呼び寄せます。,実力が評価される日まで,,75,7,担当業務をスピーディーに片付ける
TRANSIT_SUN,NATAL_MARS,0,Money,6,Water,0,Applying,積極的な経済活動が期待できる時期です。,資産が増える日まで,,65,6,収益アップに繋がる情報を精査する
TRANSIT_SUN,NATAL_MARS,0,Love,6,Water,0,Applying,情熱的な交流が絆を深めます。,絆が深まる日まで,,70,7,相手に自分の熱意を正直に伝える
TRANSIT_SUN,NATAL_MARS,0,Health,6,Water,0,Applying,適度な運動が活力を維持する鍵となります。,身体が整う日まで,,75,9,短時間でも集中して身体を動かす
TRANSIT_SUN,NATAL_MARS,0,General,6,Water,0,Separating,仕事や日常のタスクを精力的にこなし、実務を前進させる時期です。,活力が形になる日まで,,80,8,山積みになっているタスクを今日中に3つ片付ける
TRANSIT_SUN,NATAL_MARS,0,Work,6,Water,0,Separating,主体的な行動が成果を呼び寄せます。,実力が評価される日まで,,75,7,担当業務をスピーディーに片付ける
TRANSIT_SUN,NATAL_MARS,0,Money,6,Water,0,Separating,積極的な経済活動が期待できる時期です。,資産が増える日まで,,65,6,収益アップに繋がる情報を精査する
TRANSIT_SUN,NATAL_MARS,0,Love,6,Water,0,Separating,情熱的な交流が絆を深めます。,絆が深まる日まで,,70,7,相手に自分の熱意を正直に伝える
TRANSIT_SUN,NATAL_MARS,0,Health,6,Water,0,Separating,適度な運動が活力を維持する鍵となります。,身体が整う日まで,,75,9,短時間でも集中して身体を動かす
TRANSIT_SUN,NATAL_MARS,0,General,6,Water,1,Applying,仕事や日常のタスクを精力的にこなし、実務を前進させる時期です。,活力が形になる日まで,,80,8,山積みになっているタスクを今日中に3つ片付ける
TRANSIT_SUN,NATAL_MARS,0,Work,6,Water,1,Applying,主体的な行動が成果を呼び寄せます。,実力が評価される日まで,,75,7,担当業務をスピーディーに片付ける
TRANSIT_SUN,NATAL_MARS,0,Money,6,Water,1,Applying,積極的な経済活動が期待できる時期です。,資産が増える日まで,,65,6,収益アップに繋がる情報を精査する
TRANSIT_SUN,NATAL_MARS,0,Love,6,Water,1,Applying,情熱的な交流が絆を深めます。,絆が深まる日まで,,70,7,相手に自分の熱意を正直に伝える
TRANSIT_SUN,NATAL_MARS,0,Health,6,Water,1,Applying,適度な運動が活力を維持する鍵となります。,身体が整う日まで,,75,9,短時間でも集中して身体を動かす
TRANSIT_SUN,NATAL_MARS,0,General,6,Water,1,Separating,仕事や日常のタスクを精力的にこなし、実務を前進させる時期です。,活力が形になる日まで,,80,8,山積みになっているタスクを今日中に3つ片付ける
TRANSIT_SUN,NATAL_MARS,0,Work,6,Water,1,Separating,主体的な行動が成果を呼び寄せます。,実力が評価される日まで,,75,7,担当業務をスピーディーに片付ける
TRANSIT_SUN,NATAL_MARS,0,Money,6,Water,1,Separating,積極的な経済活動が期待できる時期です。,資産が増える日まで,,65,6,収益アップに繋がる情報を精査する
TRANSIT_SUN,NATAL_MARS,0,Love,6,Water,1,Separating,情熱的な交流が絆を深めます。,絆が深まる日まで,,70,7,相手に自分の熱意を正直に伝える
TRANSIT_SUN,NATAL_MARS,0,Health,6,Water,1,Separating,適度な運動が活力を維持する鍵となります。,身体が整う日まで,,75,9,短時間でも集中して身体を動かす
TRANSIT_SUN,NATAL_MARS,0,General,7,Fire,0,Applying,対人関係において積極的な交渉や協力が捗る時期です。,活力が形になる日まで,,80,8,交渉相手に自分の主張をはっきりと伝える
TRANSIT_SUN,NATAL_MARS,0,Work,7,Fire,0,Applying,主体的な行動が成果を呼び寄せます。,実力が評価される日まで,,75,7,担当業務をスピーディーに片付ける
TRANSIT_SUN,NATAL_MARS,0,Money,7,Fire,0,Applying,積極的な経済活動が期待できる時期です。,資産が増える日まで,,65,6,収益アップに繋がる情報を精査する
TRANSIT_SUN,NATAL_MARS,0,Love,7,Fire,0,Applying,情熱的な交流が絆を深めます。,絆が深まる日まで,,70,7,相手に自分の熱意を正直に伝える
TRANSIT_SUN,NATAL_MARS,0,Health,7,Fire,0,Applying,適度な運動が活力を維持する鍵となります。,身体が整う日まで,,75,9,短時間でも集中して身体を動かす
TRANSIT_SUN,NATAL_MARS,0,General,7,Fire,0,Separating,対人関係において積極的な交渉や協力が捗る時期です。,活力が形になる日まで,,80,8,交渉相手に自分の主張をはっきりと伝える
TRANSIT_SUN,NATAL_MARS,0,Work,7,Fire,0,Separating,主体的な行動が成果を呼び寄せます。,実力が評価される日まで,,75,7,担当業務をスピーディーに片付ける
TRANSIT_SUN,NATAL_MARS,0,Money,7,Fire,0,Separating,積極的な経済活動が期待できる時期です。,資産が増える日まで,,65,6,収益アップに繋がる情報を精査する
TRANSIT_SUN,NATAL_MARS,0,Love,7,Fire,0,Separating,情熱的な交流が絆を深めます。,絆が深まる日まで,,70,7,相手に自分の熱意を正直に伝える
TRANSIT_SUN,NATAL_MARS,0,Health,7,Fire,0,Separating,適度な運動が活力を維持する鍵となります。,身体が整う日まで,,75,9,短時間でも集中して身体を動かす
TRANSIT_SUN,NATAL_MARS,0,General,7,Fire,1,Applying,対人関係において積極的な交渉や協力が捗る時期です。,活力が形になる日まで,,80,8,交渉相手に自分の主張をはっきりと伝える
TRANSIT_SUN,NATAL_MARS,0,Work,7,Fire,1,Applying,主体的な行動が成果を呼び寄せます。,実力が評価される日まで,,75,7,担当業務をスピーディーに片付ける
TRANSIT_SUN,NATAL_MARS,0,Money,7,Fire,1,Applying,積極的な経済活動が期待できる時期です。,資産が増える日まで,,65,6,収益アップに繋がる情報を精査する
TRANSIT_SUN,NATAL_MARS,0,Love,7,Fire,1,Applying,情熱的な交流が絆を深めます。,絆が深まる日まで,,70,7,相手に自分の熱意を正直に伝える
TRANSIT_SUN,NATAL_MARS,0,Health,7,Fire,1,Applying,適度な運動が活力を維持する鍵となります。,身体が整う日まで,,75,9,短時間でも集中して身体を動かす
TRANSIT_SUN,NATAL_MARS,0,General,7,Fire,1,Separating,対人関係において積極的な交渉や協力が捗る時期です。,活力が形になる日まで,,80,8,交渉相手に自分の主張をはっきりと伝える
TRANSIT_SUN,NATAL_MARS,0,Work,7,Fire,1,Separating,主体的な行動が成果を呼び寄せます。,実力が評価される日まで,,75,7,担当業務をスピーディーに片付ける
TRANSIT_SUN,NATAL_MARS,0,Money,7,Fire,1,Separating,積極的な経済活動が期待できる時期です。,資産が増える日まで,,65,6,収益アップに繋がる情報を精査する
TRANSIT_SUN,NATAL_MARS,0,Love,7,Fire,1,Separating,情熱的な交流が絆を深めます。,絆が深まる日まで,,70,7,相手に自分の熱意を正直に伝える
TRANSIT_SUN,NATAL_MARS,0,Health,7,Fire,1,Separating,適度な運動が活力を維持する鍵となります。,身体が整う日まで,,75,9,短時間でも集中して身体を動かす
TRANSIT_SUN,NATAL_MARS,0,General,7,Earth,0,Applying,対人関係において積極的な交渉や協力が捗る時期です。,活力が形になる日まで,,80,8,交渉相手に自分の主張をはっきりと伝える
TRANSIT_SUN,NATAL_MARS,0,Work,7,Earth,0,Applying,主体的な行動が成果を呼び寄せます。,実力が評価される日まで,,75,7,担当業務をスピーディーに片付ける
TRANSIT_SUN,NATAL_MARS,0,Money,7,Earth,0,Applying,積極的な経済活動が期待できる時期です。,資産が増える日まで,,65,6,収益アップに繋がる情報を精査する
TRANSIT_SUN,NATAL_MARS,0,Love,7,Earth,0,Applying,情熱的な交流が絆を深めます。,絆が深まる日まで,,70,7,相手に自分の熱意を正直に伝える
TRANSIT_SUN,NATAL_MARS,0,Health,7,Earth,0,Applying,適度な運動が活力を維持する鍵となります。,身体が整う日まで,,75,9,短時間でも集中して身体を動かす
TRANSIT_SUN,NATAL_MARS,0,General,7,Earth,0,Separating,対人関係において積極的な交渉や協力が捗る時期です。,活力が形になる日まで,,80,8,交渉相手に自分の主張をはっきりと伝える
TRANSIT_SUN,NATAL_MARS,0,Work,7,Earth,0,Separating,主体的な行動が成果を呼び寄せます。,実力が評価される日まで,,75,7,担当業務をスピーディーに片付ける
TRANSIT_SUN,NATAL_MARS,0,Money,7,Earth,0,Separating,積極的な経済活動が期待できる時期です。,資産が増える日まで,,65,6,収益アップに繋がる情報を精査する
TRANSIT_SUN,NATAL_MARS,0,Love,7,Earth,0,Separating,情熱的な交流が絆を深めます。,絆が深まる日まで,,70,7,相手に自分の熱意を正直に伝える
TRANSIT_SUN,NATAL_MARS,0,Health,7,Earth,0,Separating,適度な運動が活力を維持する鍵となります。,身体が整う日まで,,75,9,短時間でも集中して身体を動かす
TRANSIT_SUN,NATAL_MARS,0,General,7,Earth,1,Applying,対人関係において積極的な交渉や協力が捗る時期です。,活力が形になる日まで,,80,8,交渉相手に自分の主張をはっきりと伝える
TRANSIT_SUN,NATAL_MARS,0,Work,7,Earth,1,Applying,主体的な行動が成果を呼び寄せます。,実力が評価される日まで,,75,7,担当業務をスピーディーに片付ける
TRANSIT_SUN,NATAL_MARS,0,Money,7,Earth,1,Applying,積極的な経済活動が期待できる時期です。,資産が増える日まで,,65,6,収益アップに繋がる情報を精査する
TRANSIT_SUN,NATAL_MARS,0,Love,7,Earth,1,Applying,情熱的な交流が絆を深めます。,絆が深まる日まで,,70,7,相手に自分の熱意を正直に伝える
TRANSIT_SUN,NATAL_MARS,0,Health,7,Earth,1,Applying,適度な運動が活力を維持する鍵となります。,身体が整う日まで,,75,9,短時間でも集中して身体を動かす
TRANSIT_SUN,NATAL_MARS,0,General,7,Earth,1,Separating,対人関係において積極的な交渉や協力が捗る時期です。,活力が形になる日まで,,80,8,交渉相手に自分の主張をはっきりと伝える
TRANSIT_SUN,NATAL_MARS,0,Work,7,Earth,1,Separating,主体的な行動が成果を呼び寄せます。,実力が評価される日まで,,75,7,担当業務をスピーディーに片付ける
TRANSIT_SUN,NATAL_MARS,0,Money,7,Earth,1,Separating,積極的な経済活動が期待できる時期です。,資産が増える日まで,,65,6,収益アップに繋がる情報を精査する
TRANSIT_SUN,NATAL_MARS,0,Love,7,Earth,1,Separating,情熱的な交流が絆を深めます。,絆が深まる日まで,,70,7,相手に自分の熱意を正直に伝える
TRANSIT_SUN,NATAL_MARS,0,Health,7,Earth,1,Separating,適度な運動が活力を維持する鍵となります。,身体が整う日まで,,75,9,短時間でも集中して身体を動かす
TRANSIT_SUN,NATAL_MARS,0,General,7,Air,0,Applying,対人関係において積極的な交渉や協力が捗る時期です。,活力が形になる日まで,,80,8,交渉相手に自分の主張をはっきりと伝える
TRANSIT_SUN,NATAL_MARS,0,Work,7,Air,0,Applying,主体的な行動が成果を呼び寄せます。,実力が評価される日まで,,75,7,担当業務をスピーディーに片付ける
TRANSIT_SUN,NATAL_MARS,0,Money,7,Air,0,Applying,積極的な経済活動が期待できる時期です。,資産が増える日まで,,65,6,収益アップに繋がる情報を精査する
TRANSIT_SUN,NATAL_MARS,0,Love,7,Air,0,Applying,情熱的な交流が絆を深めます。,絆が深まる日まで,,70,7,相手に自分の熱意を正直に伝える
TRANSIT_SUN,NATAL_MARS,0,Health,7,Air,0,Applying,適度な運動が活力を維持する鍵となります。,身体が整う日まで,,75,9,短時間でも集中して身体を動かす
TRANSIT_SUN,NATAL_MARS,0,General,7,Air,0,Separating,対人関係において積極的な交渉や協力が捗る時期です。,活力が形になる日まで,,80,8,交渉相手に自分の主張をはっきりと伝える
TRANSIT_SUN,NATAL_MARS,0,Work,7,Air,0,Separating,主体的な行動が成果を呼び寄せます。,実力が評価される日まで,,75,7,担当業務をスピーディーに片付ける
TRANSIT_SUN,NATAL_MARS,0,Money,7,Air,0,Separating,積極的な経済活動が期待できる時期です。,資産が増える日まで,,65,6,収益アップに繋がる情報を精査する
TRANSIT_SUN,NATAL_MARS,0,Love,7,Air,0,Separating,情熱的な交流が絆を深めます。,絆が深まる日まで,,70,7,相手に自分の熱意を正直に伝える
TRANSIT_SUN,NATAL_MARS,0,Health,7,Air,0,Separating,適度な運動が活力を維持する鍵となります。,身体が整う日まで,,75,9,短時間でも集中して身体を動かす
TRANSIT_SUN,NATAL_MARS,0,General,7,Air,1,Applying,対人関係において積極的な交渉や協力が捗る時期です。,活力が形になる日まで,,80,8,交渉相手に自分の主張をはっきりと伝える
TRANSIT_SUN,NATAL_MARS,0,Work,7,Air,1,Applying,主体的な行動が成果を呼び寄せます。,実力が評価される日まで,,75,7,担当業務をスピーディーに片付ける
TRANSIT_SUN,NATAL_MARS,0,Money,7,Air,1,Applying,積極的な経済活動が期待できる時期です。,資産が増える日まで,,65,6,収益アップに繋がる情報を精査する
TRANSIT_SUN,NATAL_MARS,0,Love,7,Air,1,Applying,情熱的な交流が絆を深めます。,絆が深まる日まで,,70,7,相手に自分の熱意を正直に伝える
TRANSIT_SUN,NATAL_MARS,0,Health,7,Air,1,Applying,適度な運動が活力を維持する鍵となります。,身体が整う日まで,,75,9,短時間でも集中して身体を動かす
TRANSIT_SUN,NATAL_MARS,0,General,7,Air,1,Separating,対人関係において積極的な交渉や協力が捗る時期です。,活力が形になる日まで,,80,8,交渉相手に自分の主張をはっきりと伝える
TRANSIT_SUN,NATAL_MARS,0,Work,7,Air,1,Separating,主体的な行動が成果を呼び寄せます。,実力が評価される日まで,,75,7,担当業務をスピーディーに片付ける
TRANSIT_SUN,NATAL_MARS,0,Money,7,Air,1,Separating,積極的な経済活動が期待できる時期です。,資産が増える日まで,,65,6,収益アップに繋がる情報を精査する
TRANSIT_SUN,NATAL_MARS,0,Love,7,Air,1,Separating,情熱的な交流が絆を深めます。,絆が深まる日まで,,70,7,相手に自分の熱意を正直に伝える
TRANSIT_SUN,NATAL_MARS,0,Health,7,Air,1,Separating,適度な運動が活力を維持する鍵となります。,身体が整う日まで,,75,9,短時間でも集中して身体を動かす
TRANSIT_SUN,NATAL_MARS,0,General,7,Water,0,Applying,対人関係において積極的な交渉や協力が捗る時期です。,活力が形になる日まで,,80,8,交渉相手に自分の主張をはっきりと伝える
TRANSIT_SUN,NATAL_MARS,0,Work,7,Water,0,Applying,主体的な行動が成果を呼び寄せます。,実力が評価される日まで,,75,7,担当業務をスピーディーに片付ける
TRANSIT_SUN,NATAL_MARS,0,Money,7,Water,0,Applying,積極的な経済活動が期待できる時期です。,資産が増える日まで,,65,6,収益アップに繋がる情報を精査する
TRANSIT_SUN,NATAL_MARS,0,Love,7,Water,0,Applying,情熱的な交流が絆を深めます。,絆が深まる日まで,,70,7,相手に自分の熱意を正直に伝える
TRANSIT_SUN,NATAL_MARS,0,Health,7,Water,0,Applying,適度な運動が活力を維持する鍵となります。,身体が整う日まで,,75,9,短時間でも集中して身体を動かす
TRANSIT_SUN,NATAL_MARS,0,General,7,Water,0,Separating,対人関係において積極的な交渉や協力が捗る時期です。,活力が形になる日まで,,80,8,交渉相手に自分の主張をはっきりと伝える
TRANSIT_SUN,NATAL_MARS,0,Work,7,Water,0,Separating,主体的な行動が成果を呼び寄せます。,実力が評価される日まで,,75,7,担当業務をスピーディーに片付ける
TRANSIT_SUN,NATAL_MARS,0,Money,7,Water,0,Separating,積極的な経済活動が期待できる時期です。,資産が増える日まで,,65,6,収益アップに繋がる情報を精査する
TRANSIT_SUN,NATAL_MARS,0,Love,7,Water,0,Separating,情熱的な交流が絆を深めます。,絆が深まる日まで,,70,7,相手に自分の熱意を正直に伝える
TRANSIT_SUN,NATAL_MARS,0,Health,7,Water,0,Separating,適度な運動が活力を維持する鍵となります。,身体が整う日まで,,75,9,短時間でも集中して身体を動かす
TRANSIT_SUN,NATAL_MARS,0,General,7,Water,1,Applying,対人関係において積極的な交渉や協力が捗る時期です。,活力が形になる日まで,,80,8,交渉相手に自分の主張をはっきりと伝える
TRANSIT_SUN,NATAL_MARS,0,Work,7,Water,1,Applying,主体的な行動が成果を呼び寄せます。,実力が評価される日まで,,75,7,担当業務をスピーディーに片付ける
TRANSIT_SUN,NATAL_MARS,0,Money,7,Water,1,Applying,積極的な経済活動が期待できる時期です。,資産が増える日まで,,65,6,収益アップに繋がる情報を精査する
TRANSIT_SUN,NATAL_MARS,0,Love,7,Water,1,Applying,情熱的な交流が絆を深めます。,絆が深まる日まで,,70,7,相手に自分の熱意を正直に伝える
TRANSIT_SUN,NATAL_MARS,0,Health,7,Water,1,Applying,適度な運動が活力を維持する鍵となります。,身体が整う日まで,,75,9,短時間でも集中して身体を動かす
TRANSIT_SUN,NATAL_MARS,0,General,7,Water,1,Separating,対人関係において積極的な交渉や協力が捗る時期です。,活力が形になる日まで,,80,8,交渉相手に自分の主張をはっきりと伝える
TRANSIT_SUN,NATAL_MARS,0,Work,7,Water,1,Separating,主体的な行動が成果を呼び寄せます。,実力が評価される日まで,,75,7,担当業務をスピーディーに片付ける
TRANSIT_SUN,NATAL_MARS,0,Money,7,Water,1,Separating,積極的な経済活動が期待できる時期です。,資産が増える日まで,,65,6,収益アップに繋がる情報を精査する
TRANSIT_SUN,NATAL_MARS,0,Love,7,Water,1,Separating,情熱的な交流が絆を深めます。,絆が深まる日まで,,70,7,相手に自分の熱意を正直に伝える
TRANSIT_SUN,NATAL_MARS,0,Health,7,Water,1,Separating,適度な運動が活力を維持する鍵となります。,身体が整う日まで,,75,9,短時間でも集中して身体を動かす
TRANSIT_SUN,NATAL_MARS,0,General,8,Fire,0,Applying,深い絆や共有財産の整理に強いエネルギーを注ぐ時期です。,活力が形になる日まで,,80,8,保険や契約、共有資産の状況を徹底的に点検する
TRANSIT_SUN,NATAL_MARS,0,Work,8,Fire,0,Applying,主体的な行動が成果を呼び寄せます。,実力が評価される日まで,,75,7,担当業務をスピーディーに片付ける
TRANSIT_SUN,NATAL_MARS,0,Money,8,Fire,0,Applying,積極的な経済活動が期待できる時期です。,資産が増える日まで,,65,6,収益アップに繋がる情報を精査する
TRANSIT_SUN,NATAL_MARS,0,Love,8,Fire,0,Applying,情熱的な交流が絆を深めます。,絆が深まる日まで,,70,7,相手に自分の熱意を正直に伝える
TRANSIT_SUN,NATAL_MARS,0,Health,8,Fire,0,Applying,適度な運動が活力を維持する鍵となります。,身体が整う日まで,,75,9,短時間でも集中して身体を動かす
TRANSIT_SUN,NATAL_MARS,0,General,8,Fire,0,Separating,深い絆や共有財産の整理に強いエネルギーを注ぐ時期です。,活力が形になる日まで,,80,8,保険や契約、共有資産の状況を徹底的に点検する
TRANSIT_SUN,NATAL_MARS,0,Work,8,Fire,0,Separating,主体的な行動が成果を呼び寄せます。,実力が評価される日まで,,75,7,担当業務をスピーディーに片付ける
TRANSIT_SUN,NATAL_MARS,0,Money,8,Fire,0,Separating,積極的な経済活動が期待できる時期です。,資産が増える日まで,,65,6,収益アップに繋がる情報を精査する
TRANSIT_SUN,NATAL_MARS,0,Love,8,Fire,0,Separating,情熱的な交流が絆を深めます。,絆が深まる日まで,,70,7,相手に自分の熱意を正直に伝える
TRANSIT_SUN,NATAL_MARS,0,Health,8,Fire,0,Separating,適度な運動が活力を維持する鍵となります。,身体が整う日まで,,75,9,短時間でも集中して身体を動かす
TRANSIT_SUN,NATAL_MARS,0,General,8,Fire,1,Applying,深い絆や共有財産の整理に強いエネルギーを注ぐ時期です。,活力が形になる日まで,,80,8,保険や契約、共有資産の状況を徹底的に点検する
TRANSIT_SUN,NATAL_MARS,0,Work,8,Fire,1,Applying,主体的な行動が成果を呼び寄せます。,実力が評価される日まで,,75,7,担当業務をスピーディーに片付ける
TRANSIT_SUN,NATAL_MARS,0,Money,8,Fire,1,Applying,積極的な経済活動が期待できる時期です。,資産が増える日まで,,65,6,収益アップに繋がる情報を精査する
TRANSIT_SUN,NATAL_MARS,0,Love,8,Fire,1,Applying,情熱的な交流が絆を深めます。,絆が深まる日まで,,70,7,相手に自分の熱意を正直に伝える
TRANSIT_SUN,NATAL_MARS,0,Health,8,Fire,1,Applying,適度な運動が活力を維持する鍵となります。,身体が整う日まで,,75,9,短時間でも集中して身体を動かす
TRANSIT_SUN,NATAL_MARS,0,General,8,Fire,1,Separating,深い絆や共有財産の整理に強いエネルギーを注ぐ時期です。,活力が形になる日まで,,80,8,保険や契約、共有資産の状況を徹底的に点検する
TRANSIT_SUN,NATAL_MARS,0,Work,8,Fire,1,Separating,主体的な行動が成果を呼び寄せます。,実力が評価される日まで,,75,7,担当業務をスピーディーに片付ける
TRANSIT_SUN,NATAL_MARS,0,Money,8,Fire,1,Separating,積極的な経済活動が期待できる時期です。,資産が増える日まで,,65,6,収益アップに繋がる情報を精査する
TRANSIT_SUN,NATAL_MARS,0,Love,8,Fire,1,Separating,情熱的な交流が絆を深めます。,絆が深まる日まで,,70,7,相手に自分の熱意を正直に伝える
TRANSIT_SUN,NATAL_MARS,0,Health,8,Fire,1,Separating,適度な運動が活力を維持する鍵となります。,身体が整う日まで,,75,9,短時間でも集中して身体を動かす
TRANSIT_SUN,NATAL_MARS,0,General,8,Earth,0,Applying,深い絆や共有財産の整理に強いエネルギーを注ぐ時期です。,活力が形になる日まで,,80,8,保険や契約、共有資産の状況を徹底的に点検する
TRANSIT_SUN,NATAL_MARS,0,Work,8,Earth,0,Applying,主体的な行動が成果を呼び寄せます。,実力が評価される日まで,,75,7,担当業務をスピーディーに片付ける
TRANSIT_SUN,NATAL_MARS,0,Money,8,Earth,0,Applying,積極的な経済活動が期待できる時期です。,資産が増える日まで,,65,6,収益アップに繋がる情報を精査する
TRANSIT_SUN,NATAL_MARS,0,Love,8,Earth,0,Applying,情熱的な交流が絆を深めます。,絆が深まる日まで,,70,7,相手に自分の熱意を正直に伝える
TRANSIT_SUN,NATAL_MARS,0,Health,8,Earth,0,Applying,適度な運動が活力を維持する鍵となります。,身体が整う日まで,,75,9,短時間でも集中して身体を動かす
TRANSIT_SUN,NATAL_MARS,0,General,8,Earth,0,Separating,深い絆や共有財産の整理に強いエネルギーを注ぐ時期です。,活力が形になる日まで,,80,8,保険や契約、共有資産の状況を徹底的に点検する
TRANSIT_SUN,NATAL_MARS,0,Work,8,Earth,0,Separating,主体的な行動が成果を呼び寄せます。,実力が評価される日まで,,75,7,担当業務をスピーディーに片付ける
TRANSIT_SUN,NATAL_MARS,0,Money,8,Earth,0,Separating,積極的な経済活動が期待できる時期です。,資産が増える日まで,,65,6,収益アップに繋がる情報を精査する
TRANSIT_SUN,NATAL_MARS,0,Love,8,Earth,0,Separating,情熱的な交流が絆を深めます。,絆が深まる日まで,,70,7,相手に自分の熱意を正直に伝える
TRANSIT_SUN,NATAL_MARS,0,Health,8,Earth,0,Separating,適度な運動が活力を維持する鍵となります。,身体が整う日まで,,75,9,短時間でも集中して身体を動かす
TRANSIT_SUN,NATAL_MARS,0,General,8,Earth,1,Applying,深い絆や共有財産の整理に強いエネルギーを注ぐ時期です。,活力が形になる日まで,,80,8,保険や契約、共有資産の状況を徹底的に点検する
TRANSIT_SUN,NATAL_MARS,0,Work,8,Earth,1,Applying,主体的な行動が成果を呼び寄せます。,実力が評価される日まで,,75,7,担当業務をスピーディーに片付ける
TRANSIT_SUN,NATAL_MARS,0,Money,8,Earth,1,Applying,積極的な経済活動が期待できる時期です。,資産が増える日まで,,65,6,収益アップに繋がる情報を精査する
TRANSIT_SUN,NATAL_MARS,0,Love,8,Earth,1,Applying,情熱的な交流が絆を深めます。,絆が深まる日まで,,70,7,相手に自分の熱意を正直に伝える
TRANSIT_SUN,NATAL_MARS,0,Health,8,Earth,1,Applying,適度な運動が活力を維持する鍵となります。,身体が整う日まで,,75,9,短時間でも集中して身体を動かす
TRANSIT_SUN,NATAL_MARS,0,General,8,Earth,1,Separating,深い絆や共有財産の整理に強いエネルギーを注ぐ時期です。,活力が形になる日まで,,80,8,保険や契約、共有資産の状況を徹底的に点検する
TRANSIT_SUN,NATAL_MARS,0,Work,8,Earth,1,Separating,主体的な行動が成果を呼び寄せます。,実力が評価される日まで,,75,7,担当業務をスピーディーに片付ける
TRANSIT_SUN,NATAL_MARS,0,Money,8,Earth,1,Separating,積極的な経済活動が期待できる時期です。,資産が増える日まで,,65,6,収益アップに繋がる情報を精査する
TRANSIT_SUN,NATAL_MARS,0,Love,8,Earth,1,Separating,情熱的な交流が絆を深めます。,絆が深まる日まで,,70,7,相手に自分の熱意を正直に伝える
TRANSIT_SUN,NATAL_MARS,0,Health,8,Earth,1,Separating,適度な運動が活力を維持する鍵となります。,身体が整う日まで,,75,9,短時間でも集中して身体を動かす
TRANSIT_SUN,NATAL_MARS,0,General,8,Air,0,Applying,深い絆や共有財産の整理に強いエネルギーを注ぐ時期です。,活力が形になる日まで,,80,8,保険や契約、共有資産の状況を徹底的に点検する
TRANSIT_SUN,NATAL_MARS,0,Work,8,Air,0,Applying,主体的な行動が成果を呼び寄せます。,実力が評価される日まで,,75,7,担当業務をスピーディーに片付ける
TRANSIT_SUN,NATAL_MARS,0,Money,8,Air,0,Applying,積極的な経済活動が期待できる時期です。,資産が増える日まで,,65,6,収益アップに繋がる情報を精査する
TRANSIT_SUN,NATAL_MARS,0,Love,8,Air,0,Applying,情熱的な交流が絆を深めます。,絆が深まる日まで,,70,7,相手に自分の熱意を正直に伝える
TRANSIT_SUN,NATAL_MARS,0,Health,8,Air,0,Applying,適度な運動が活力を維持する鍵となります。,身体が整う日まで,,75,9,短時間でも集中して身体を動かす
TRANSIT_SUN,NATAL_MARS,0,General,8,Air,0,Separating,深い絆や共有財産の整理に強いエネルギーを注ぐ時期です。,活力が形になる日まで,,80,8,保険や契約、共有資産の状況を徹底的に点検する
TRANSIT_SUN,NATAL_MARS,0,Work,8,Air,0,Separating,主体的な行動が成果を呼び寄せます。,実力が評価される日まで,,75,7,担当業務をスピーディーに片付ける
TRANSIT_SUN,NATAL_MARS,0,Money,8,Air,0,Separating,積極的な経済活動が期待できる時期です。,資産が増える日まで,,65,6,収益アップに繋がる情報を精査する
TRANSIT_SUN,NATAL_MARS,0,Love,8,Air,0,Separating,情熱的な交流が絆を深めます。,絆が深まる日まで,,70,7,相手に自分の熱意を正直に伝える
TRANSIT_SUN,NATAL_MARS,0,Health,8,Air,0,Separating,適度な運動が活力を維持する鍵となります。,身体が整う日まで,,75,9,短時間でも集中して身体を動かす
TRANSIT_SUN,NATAL_MARS,0,General,8,Air,1,Applying,深い絆や共有財産の整理に強いエネルギーを注ぐ時期です。,活力が形になる日まで,,80,8,保険や契約、共有資産の状況を徹底的に点検する
TRANSIT_SUN,NATAL_MARS,0,Work,8,Air,1,Applying,主体的な行動が成果を呼び寄せます。,実力が評価される日まで,,75,7,担当業務をスピーディーに片付ける
TRANSIT_SUN,NATAL_MARS,0,Money,8,Air,1,Applying,積極的な経済活動が期待できる時期です。,資産が増える日まで,,65,6,収益アップに繋がる情報を精査する
TRANSIT_SUN,NATAL_MARS,0,Love,8,Air,1,Applying,情熱的な交流が絆を深めます。,絆が深まる日まで,,70,7,相手に自分の熱意を正直に伝える
TRANSIT_SUN,NATAL_MARS,0,Health,8,Air,1,Applying,適度な運動が活力を維持する鍵となります。,身体が整う日まで,,75,9,短時間でも集中して身体を動かす
TRANSIT_SUN,NATAL_MARS,0,General,8,Air,1,Separating,深い絆や共有財産の整理に強いエネルギーを注ぐ時期です。,活力が形になる日まで,,80,8,保険や契約、共有資産の状況を徹底的に点検する
TRANSIT_SUN,NATAL_MARS,0,Work,8,Air,1,Separating,主体的な行動が成果を呼び寄せます。,実力が評価される日まで,,75,7,担当業務をスピーディーに片付ける
TRANSIT_SUN,NATAL_MARS,0,Money,8,Air,1,Separating,積極的な経済活動が期待できる時期です。,資産が増える日まで,,65,6,収益アップに繋がる情報を精査する
TRANSIT_SUN,NATAL_MARS,0,Love,8,Air,1,Separating,情熱的な交流が絆を深めます。,絆が深まる日まで,,70,7,相手に自分の熱意を正直に伝える
TRANSIT_SUN,NATAL_MARS,0,Health,8,Air,1,Separating,適度な運動が活力を維持する鍵となります。,身体が整う日まで,,75,9,短時間でも集中して身体を動かす
TRANSIT_SUN,NATAL_MARS,0,General,8,Water,0,Applying,深い絆や共有財産の整理に強いエネルギーを注ぐ時期です。,活力が形になる日まで,,80,8,保険や契約、共有資産の状況を徹底的に点検する
TRANSIT_SUN,NATAL_MARS,0,Work,8,Water,0,Applying,主体的な行動が成果を呼び寄せます。,実力が評価される日まで,,75,7,担当業務をスピーディーに片付ける
TRANSIT_SUN,NATAL_MARS,0,Money,8,Water,0,Applying,積極的な経済活動が期待できる時期です。,資産が増える日まで,,65,6,収益アップに繋がる情報を精査する
TRANSIT_SUN,NATAL_MARS,0,Love,8,Water,0,Applying,情熱的な交流が絆を深めます。,絆が深まる日まで,,70,7,相手に自分の熱意を正直に伝える
TRANSIT_SUN,NATAL_MARS,0,Health,8,Water,0,Applying,適度な運動が活力を維持する鍵となります。,身体が整う日まで,,75,9,短時間でも集中して身体を動かす
TRANSIT_SUN,NATAL_MARS,0,General,8,Water,0,Separating,深い絆や共有財産の整理に強いエネルギーを注ぐ時期です。,活力が形になる日まで,,80,8,保険や契約、共有資産の状況を徹底的に点検する
TRANSIT_SUN,NATAL_MARS,0,Work,8,Water,0,Separating,主体的な行動が成果を呼び寄せます。,実力が評価される日まで,,75,7,担当業務をスピーディーに片付ける
TRANSIT_SUN,NATAL_MARS,0,Money,8,Water,0,Separating,積極的な経済活動が期待できる時期です。,資産が増える日まで,,65,6,収益アップに繋がる情報を精査する
TRANSIT_SUN,NATAL_MARS,0,Love,8,Water,0,Separating,情熱的な交流が絆を深めます。,絆が深まる日まで,,70,7,相手に自分の熱意を正直に伝える
TRANSIT_SUN,NATAL_MARS,0,Health,8,Water,0,Separating,適度な運動が活力を維持する鍵となります。,身体が整う日まで,,75,9,短時間でも集中して身体を動かす
TRANSIT_SUN,NATAL_MARS,0,General,8,Water,1,Applying,深い絆や共有財産の整理に強いエネルギーを注ぐ時期です。,活力が形になる日まで,,80,8,保険や契約、共有資産の状況を徹底的に点検する
TRANSIT_SUN,NATAL_MARS,0,Work,8,Water,1,Applying,主体的な行動が成果を呼び寄せます。,実力が評価される日まで,,75,7,担当業務をスピーディーに片付ける
TRANSIT_SUN,NATAL_MARS,0,Money,8,Water,1,Applying,積極的な経済活動が期待できる時期です。,資産が増える日まで,,65,6,収益アップに繋がる情報を精査する
TRANSIT_SUN,NATAL_MARS,0,Love,8,Water,1,Applying,情熱的な交流が絆を深めます。,絆が深まる日まで,,70,7,相手に自分の熱意を正直に伝える
TRANSIT_SUN,NATAL_MARS,0,Health,8,Water,1,Applying,適度な運動が活力を維持する鍵となります。,身体が整う日まで,,75,9,短時間でも集中して身体を動かす
TRANSIT_SUN,NATAL_MARS,0,General,8,Water,1,Separating,深い絆や共有財産の整理に強いエネルギーを注ぐ時期です。,活力が形になる日まで,,80,8,保険や契約、共有資産の状況を徹底的に点検する
TRANSIT_SUN,NATAL_MARS,0,Work,8,Water,1,Separating,主体的な行動が成果を呼び寄せます。,実力が評価される日まで,,75,7,担当業務をスピーディーに片付ける
TRANSIT_SUN,NATAL_MARS,0,Money,8,Water,1,Separating,積極的な経済活動が期待できる時期です。,資産が増える日まで,,65,6,収益アップに繋がる情報を精査する
TRANSIT_SUN,NATAL_MARS,0,Love,8,Water,1,Separating,情熱的な交流が絆を深めます。,絆が深まる日まで,,70,7,相手に自分の熱意を正直に伝える
TRANSIT_SUN,NATAL_MARS,0,Health,8,Water,1,Separating,適度な運動が活力を維持する鍵となります。,身体が整う日まで,,75,9,短時間でも集中して身体を動かす
TRANSIT_SUN,NATAL_MARS,0,General,9,Fire,0,Applying,高い理想を掲げて学び、未知の領域へ果敢に挑戦する時期です。,活力が形になる日まで,,80,8,新しいスキルの習得や専門的な学習に熱中する
TRANSIT_SUN,NATAL_MARS,0,Work,9,Fire,0,Applying,主体的な行動が成果を呼び寄せます。,実力が評価される日まで,,75,7,担当業務をスピーディーに片付ける
TRANSIT_SUN,NATAL_MARS,0,Money,9,Fire,0,Applying,積極的な経済活動が期待できる時期です。,資産が増える日まで,,65,6,収益アップに繋がる情報を精査する
TRANSIT_SUN,NATAL_MARS,0,Love,9,Fire,0,Applying,情熱的な交流が絆を深めます。,絆が深まる日まで,,70,7,相手に自分の熱意を正直に伝える
TRANSIT_SUN,NATAL_MARS,0,Health,9,Fire,0,Applying,適度な運動が活力を維持する鍵となります。,身体が整う日まで,,75,9,短時間でも集中して身体を動かす
TRANSIT_SUN,NATAL_MARS,0,General,9,Fire,0,Separating,高い理想を掲げて学び、未知の領域へ果敢に挑戦する時期です。,活力が形になる日まで,,80,8,新しいスキルの習得や専門的な学習に熱中する
TRANSIT_SUN,NATAL_MARS,0,Work,9,Fire,0,Separating,主体的な行動が成果を呼び寄せます。,実力が評価される日まで,,75,7,担当業務をスピーディーに片付ける
TRANSIT_SUN,NATAL_MARS,0,Money,9,Fire,0,Separating,積極的な経済活動が期待できる時期です。,資産が増える日まで,,65,6,収益アップに繋がる情報を精査する
TRANSIT_SUN,NATAL_MARS,0,Love,9,Fire,0,Separating,情熱的な交流が絆を深めます。,絆が深まる日まで,,70,7,相手に自分の熱意を正直に伝える
TRANSIT_SUN,NATAL_MARS,0,Health,9,Fire,0,Separating,適度な運動が活力を維持する鍵となります。,身体が整う日まで,,75,9,短時間でも集中して身体を動かす
TRANSIT_SUN,NATAL_MARS,0,General,9,Fire,1,Applying,高い理想を掲げて学び、未知の領域へ果敢に挑戦する時期です。,活力が形になる日まで,,80,8,新しいスキルの習得や専門的な学習に熱中する
TRANSIT_SUN,NATAL_MARS,0,Work,9,Fire,1,Applying,主体的な行動が成果を呼び寄せます。,実力が評価される日まで,,75,7,担当業務をスピーディーに片付ける
TRANSIT_SUN,NATAL_MARS,0,Money,9,Fire,1,Applying,積極的な経済活動が期待できる時期です。,資産が増える日まで,,65,6,収益アップに繋がる情報を精査する
TRANSIT_SUN,NATAL_MARS,0,Love,9,Fire,1,Applying,情熱的な交流が絆を深めます。,絆が深まる日まで,,70,7,相手に自分の熱意を正直に伝える
TRANSIT_SUN,NATAL_MARS,0,Health,9,Fire,1,Applying,適度な運動が活力を維持する鍵となります。,身体が整う日まで,,75,9,短時間でも集中して身体を動かす
TRANSIT_SUN,NATAL_MARS,0,General,9,Fire,1,Separating,高い理想を掲げて学び、未知の領域へ果敢に挑戦する時期です。,活力が形になる日まで,,80,8,新しいスキルの習得や専門的な学習に熱中する
TRANSIT_SUN,NATAL_MARS,0,Work,9,Fire,1,Separating,主体的な行動が成果を呼び寄せます。,実力が評価される日まで,,75,7,担当業務をスピーディーに片付ける
TRANSIT_SUN,NATAL_MARS,0,Money,9,Fire,1,Separating,積極的な経済活動が期待できる時期です。,資産が増える日まで,,65,6,収益アップに繋がる情報を精査する
TRANSIT_SUN,NATAL_MARS,0,Love,9,Fire,1,Separating,情熱的な交流が絆を深めます。,絆が深まる日まで,,70,7,相手に自分の熱意を正直に伝える
TRANSIT_SUN,NATAL_MARS,0,Health,9,Fire,1,Separating,適度な運動が活力を維持する鍵となります。,身体が整う日まで,,75,9,短時間でも集中して身体を動かす
TRANSIT_SUN,NATAL_MARS,0,General,9,Earth,0,Applying,高い理想を掲げて学び、未知の領域へ果敢に挑戦する時期です。,活力が形になる日まで,,80,8,新しいスキルの習得や専門的な学習に熱中する
TRANSIT_SUN,NATAL_MARS,0,Work,9,Earth,0,Applying,主体的な行動が成果を呼び寄せます。,実力が評価される日まで,,75,7,担当業務をスピーディーに片付ける
TRANSIT_SUN,NATAL_MARS,0,Money,9,Earth,0,Applying,積極的な経済活動が期待できる時期です。,資産が増える日まで,,65,6,収益アップに繋がる情報を精査する
TRANSIT_SUN,NATAL_MARS,0,Love,9,Earth,0,Applying,情熱的な交流が絆を深めます。,絆が深まる日まで,,70,7,相手に自分の熱意を正直に伝える
TRANSIT_SUN,NATAL_MARS,0,Health,9,Earth,0,Applying,適度な運動が活力を維持する鍵となります。,身体が整う日まで,,75,9,短時間でも集中して身体を動かす
TRANSIT_SUN,NATAL_MARS,0,General,9,Earth,0,Separating,高い理想を掲げて学び、未知の領域へ果敢に挑戦する時期です。,活力が形になる日まで,,80,8,新しいスキルの習得や専門的な学習に熱中する
TRANSIT_SUN,NATAL_MARS,0,Work,9,Earth,0,Separating,主体的な行動が成果を呼び寄せます。,実力が評価される日まで,,75,7,担当業務をスピーディーに片付ける
TRANSIT_SUN,NATAL_MARS,0,Money,9,Earth,0,Separating,積極的な経済活動が期待できる時期です。,資産が増える日まで,,65,6,収益アップに繋がる情報を精査する
TRANSIT_SUN,NATAL_MARS,0,Love,9,Earth,0,Separating,情熱的な交流が絆を深めます。,絆が深まる日まで,,70,7,相手に自分の熱意を正直に伝える
TRANSIT_SUN,NATAL_MARS,0,Health,9,Earth,0,Separating,適度な運動が活力を維持する鍵となります。,身体が整う日まで,,75,9,短時間でも集中して身体を動かす
TRANSIT_SUN,NATAL_MARS,0,General,9,Earth,1,Applying,高い理想を掲げて学び、未知の領域へ果敢に挑戦する時期です。,活力が形になる日まで,,80,8,新しいスキルの習得や専門的な学習に熱中する
TRANSIT_SUN,NATAL_MARS,0,Work,9,Earth,1,Applying,主体的な行動が成果を呼び寄せます。,実力が評価される日まで,,75,7,担当業務をスピーディーに片付ける
TRANSIT_SUN,NATAL_MARS,0,Money,9,Earth,1,Applying,積極的な経済活動が期待できる時期です。,資産が増える日まで,,65,6,収益アップに繋がる情報を精査する
TRANSIT_SUN,NATAL_MARS,0,Love,9,Earth,1,Applying,情熱的な交流が絆を深めます。,絆が深まる日まで,,70,7,相手に自分の熱意を正直に伝える
TRANSIT_SUN,NATAL_MARS,0,Health,9,Earth,1,Applying,適度な運動が活力を維持する鍵となります。,身体が整う日まで,,75,9,短時間でも集中して身体を動かす
TRANSIT_SUN,NATAL_MARS,0,General,9,Earth,1,Separating,高い理想を掲げて学び、未知の領域へ果敢に挑戦する時期です。,活力が形になる日まで,,80,8,新しいスキルの習得や専門的な学習に熱中する
TRANSIT_SUN,NATAL_MARS,0,Work,9,Earth,1,Separating,主体的な行動が成果を呼び寄せます。,実力が評価される日まで,,75,7,担当業務をスピーディーに片付ける
TRANSIT_SUN,NATAL_MARS,0,Money,9,Earth,1,Separating,積極的な経済活動が期待できる時期です。,資産が増える日まで,,65,6,収益アップに繋がる情報を精査する
TRANSIT_SUN,NATAL_MARS,0,Love,9,Earth,1,Separating,情熱的な交流が絆を深めます。,絆が深まる日まで,,70,7,相手に自分の熱意を正直に伝える
TRANSIT_SUN,NATAL_MARS,0,Health,9,Earth,1,Separating,適度な運動が活力を維持する鍵となります。,身体が整う日まで,,75,9,短時間でも集中して身体を動かす
TRANSIT_SUN,NATAL_MARS,0,General,9,Air,0,Applying,高い理想を掲げて学び、未知の領域へ果敢に挑戦する時期です。,活力が形になる日まで,,80,8,新しいスキルの習得や専門的な学習に熱中する
TRANSIT_SUN,NATAL_MARS,0,Work,9,Air,0,Applying,主体的な行動が成果を呼び寄せます。,実力が評価される日まで,,75,7,担当業務をスピーディーに片付ける
TRANSIT_SUN,NATAL_MARS,0,Money,9,Air,0,Applying,積極的な経済活動が期待できる時期です。,資産が増える日まで,,65,6,収益アップに繋がる情報を精査する
TRANSIT_SUN,NATAL_MARS,0,Love,9,Air,0,Applying,情熱的な交流が絆を深めます。,絆が深まる日まで,,70,7,相手に自分の熱意を正直に伝える
TRANSIT_SUN,NATAL_MARS,0,Health,9,Air,0,Applying,適度な運動が活力を維持する鍵となります。,身体が整う日まで,,75,9,短時間でも集中して身体を動かす
TRANSIT_SUN,NATAL_MARS,0,General,9,Air,0,Separating,高い理想を掲げて学び、未知の領域へ果敢に挑戦する時期です。,活力が形になる日まで,,80,8,新しいスキルの習得や専門的な学習に熱中する
TRANSIT_SUN,NATAL_MARS,0,Work,9,Air,0,Separating,主体的な行動が成果を呼び寄せます。,実力が評価される日まで,,75,7,担当業務をスピーディーに片付ける
TRANSIT_SUN,NATAL_MARS,0,Money,9,Air,0,Separating,積極的な経済活動が期待できる時期です。,資産が増える日まで,,65,6,収益アップに繋がる情報を精査する
TRANSIT_SUN,NATAL_MARS,0,Love,9,Air,0,Separating,情熱的な交流が絆を深めます。,絆が深まる日まで,,70,7,相手に自分の熱意を正直に伝える
TRANSIT_SUN,NATAL_MARS,0,Health,9,Air,0,Separating,適度な運動が活力を維持する鍵となります。,身体が整う日まで,,75,9,短時間でも集中して身体を動かす
TRANSIT_SUN,NATAL_MARS,0,General,9,Air,1,Applying,高い理想を掲げて学び、未知の領域へ果敢に挑戦する時期です。,活力が形になる日まで,,80,8,新しいスキルの習得や専門的な学習に熱中する
TRANSIT_SUN,NATAL_MARS,0,Work,9,Air,1,Applying,主体的な行動が成果を呼び寄せます。,実力が評価される日まで,,75,7,担当業務をスピーディーに片付ける
TRANSIT_SUN,NATAL_MARS,0,Money,9,Air,1,Applying,積極的な経済活動が期待できる時期です。,資産が増える日まで,,65,6,収益アップに繋がる情報を精査する
TRANSIT_SUN,NATAL_MARS,0,Love,9,Air,1,Applying,情熱的な交流が絆を深めます。,絆が深まる日まで,,70,7,相手に自分の熱意を正直に伝える
TRANSIT_SUN,NATAL_MARS,0,Health,9,Air,1,Applying,適度な運動が活力を維持する鍵となります。,身体が整う日まで,,75,9,短時間でも集中して身体を動かす
TRANSIT_SUN,NATAL_MARS,0,General,9,Air,1,Separating,高い理想を掲げて学び、未知の領域へ果敢に挑戦する時期です。,活力が形になる日まで,,80,8,新しいスキルの習得や専門的な学習に熱中する
TRANSIT_SUN,NATAL_MARS,0,Work,9,Air,1,Separating,主体的な行動が成果を呼び寄せます。,実力が評価される日まで,,75,7,担当業務をスピーディーに片付ける
TRANSIT_SUN,NATAL_MARS,0,Money,9,Air,1,Separating,積極的な経済活動が期待できる時期です。,資産が増える日まで,,65,6,収益アップに繋がる情報を精査する
TRANSIT_SUN,NATAL_MARS,0,Love,9,Air,1,Separating,情熱的な交流が絆を深めます。,絆が深まる日まで,,70,7,相手に自分の熱意を正直に伝える
TRANSIT_SUN,NATAL_MARS,0,Health,9,Air,1,Separating,適度な運動が活力を維持する鍵となります。,身体が整う日まで,,75,9,短時間でも集中して身体を動かす
TRANSIT_SUN,NATAL_MARS,0,General,9,Water,0,Applying,高い理想を掲げて学び、未知の領域へ果敢に挑戦する時期です。,活力が形になる日まで,,80,8,新しいスキルの習得や専門的な学習に熱中する
TRANSIT_SUN,NATAL_MARS,0,Work,9,Water,0,Applying,主体的な行動が成果を呼び寄せます。,実力が評価される日まで,,75,7,担当業務をスピーディーに片付ける
TRANSIT_SUN,NATAL_MARS,0,Money,9,Water,0,Applying,積極的な経済活動が期待できる時期です。,資産が増える日まで,,65,6,収益アップに繋がる情報を精査する
TRANSIT_SUN,NATAL_MARS,0,Love,9,Water,0,Applying,情熱的な交流が絆を深めます。,絆が深まる日まで,,70,7,相手に自分の熱意を正直に伝える
TRANSIT_SUN,NATAL_MARS,0,Health,9,Water,0,Applying,適度な運動が活力を維持する鍵となります。,身体が整う日まで,,75,9,短時間でも集中して身体を動かす
TRANSIT_SUN,NATAL_MARS,0,General,9,Water,0,Separating,高い理想を掲げて学び、未知の領域へ果敢に挑戦する時期です。,活力が形になる日まで,,80,8,新しいスキルの習得や専門的な学習に熱中する
TRANSIT_SUN,NATAL_MARS,0,Work,9,Water,0,Separating,主体的な行動が成果を呼び寄せます。,実力が評価される日まで,,75,7,担当業務をスピーディーに片付ける
TRANSIT_SUN,NATAL_MARS,0,Money,9,Water,0,Separating,積極的な経済活動が期待できる時期です。,資産が増える日まで,,65,6,収益アップに繋がる情報を精査する
TRANSIT_SUN,NATAL_MARS,0,Love,9,Water,0,Separating,情熱的な交流が絆を深めます。,絆が深まる日まで,,70,7,相手に自分の熱意を正直に伝える
TRANSIT_SUN,NATAL_MARS,0,Health,9,Water,0,Separating,適度な運動が活力を維持する鍵となります。,身体が整う日まで,,75,9,短時間でも集中して身体を動かす
TRANSIT_SUN,NATAL_MARS,0,General,9,Water,1,Applying,高い理想を掲げて学び、未知の領域へ果敢に挑戦する時期です。,活力が形になる日まで,,80,8,新しいスキルの習得や専門的な学習に熱中する
TRANSIT_SUN,NATAL_MARS,0,Work,9,Water,1,Applying,主体的な行動が成果を呼び寄せます。,実力が評価される日まで,,75,7,担当業務をスピーディーに片付ける
TRANSIT_SUN,NATAL_MARS,0,Money,9,Water,1,Applying,積極的な経済活動が期待できる時期です。,資産が増える日まで,,65,6,収益アップに繋がる情報を精査する
TRANSIT_SUN,NATAL_MARS,0,Love,9,Water,1,Applying,情熱的な交流が絆を深めます。,絆が深まる日まで,,70,7,相手に自分の熱意を正直に伝える
TRANSIT_SUN,NATAL_MARS,0,Health,9,Water,1,Applying,適度な運動が活力を維持する鍵となります。,身体が整う日まで,,75,9,短時間でも集中して身体を動かす
TRANSIT_SUN,NATAL_MARS,0,General,9,Water,1,Separating,高い理想を掲げて学び、未知の領域へ果敢に挑戦する時期です。,活力が形になる日まで,,80,8,新しいスキルの習得や専門的な学習に熱中する
TRANSIT_SUN,NATAL_MARS,0,Work,9,Water,1,Separating,主体的な行動が成果を呼び寄せます。,実力が評価される日まで,,75,7,担当業務をスピーディーに片付ける
TRANSIT_SUN,NATAL_MARS,0,Money,9,Water,1,Separating,積極的な経済活動が期待できる時期です。,資産が増える日まで,,65,6,収益アップに繋がる情報を精査する
TRANSIT_SUN,NATAL_MARS,0,Love,9,Water,1,Separating,情熱的な交流が絆を深めます。,絆が深まる日まで,,70,7,相手に自分の熱意を正直に伝える
TRANSIT_SUN,NATAL_MARS,0,Health,9,Water,1,Separating,適度な運動が活力を維持する鍵となります。,身体が整う日まで,,75,9,短時間でも集中して身体を動かす
TRANSIT_SUN,NATAL_MARS,0,General,10,Fire,0,Applying,キャリアの目標達成のために、不屈の精神で努力する時期です。,活力が形になる日まで,,80,8,仕事の大きな目標に向けた最初の一歩を今日踏み出す
TRANSIT_SUN,NATAL_MARS,0,Work,10,Fire,0,Applying,主体的な行動が成果を呼び寄せます。,実力が評価される日まで,,75,7,担当業務をスピーディーに片付ける
TRANSIT_SUN,NATAL_MARS,0,Money,10,Fire,0,Applying,積極的な経済活動が期待できる時期です。,資産が増える日まで,,65,6,収益アップに繋がる情報を精査する
TRANSIT_SUN,NATAL_MARS,0,Love,10,Fire,0,Applying,情熱的な交流が絆を深めます。,絆が深まる日まで,,70,7,相手に自分の熱意を正直に伝える
TRANSIT_SUN,NATAL_MARS,0,Health,10,Fire,0,Applying,適度な運動が活力を維持する鍵となります。,身体が整う日まで,,75,9,短時間でも集中して身体を動かす
TRANSIT_SUN,NATAL_MARS,0,General,10,Fire,0,Separating,キャリアの目標達成のために、不屈の精神で努力する時期です。,活力が形になる日まで,,80,8,仕事の大きな目標に向けた最初の一歩を今日踏み出す
TRANSIT_SUN,NATAL_MARS,0,Work,10,Fire,0,Separating,主体的な行動が成果を呼び寄せます。,実力が評価される日まで,,75,7,担当業務をスピーディーに片付ける
TRANSIT_SUN,NATAL_MARS,0,Money,10,Fire,0,Separating,積極的な経済活動が期待できる時期です。,資産が増える日まで,,65,6,収益アップに繋がる情報を精査する
TRANSIT_SUN,NATAL_MARS,0,Love,10,Fire,0,Separating,情熱的な交流が絆を深めます。,絆が深まる日まで,,70,7,相手に自分の熱意を正直に伝える
TRANSIT_SUN,NATAL_MARS,0,Health,10,Fire,0,Separating,適度な運動が活力を維持する鍵となります。,身体が整う日まで,,75,9,短時間でも集中して身体を動かす
TRANSIT_SUN,NATAL_MARS,0,General,10,Fire,1,Applying,キャリアの目標達成のために、不屈の精神で努力する時期です。,活力が形になる日まで,,80,8,仕事の大きな目標に向けた最初の一歩を今日踏み出す
TRANSIT_SUN,NATAL_MARS,0,Work,10,Fire,1,Applying,主体的な行動が成果を呼び寄せます。,実力が評価される日まで,,75,7,担当業務をスピーディーに片付ける
TRANSIT_SUN,NATAL_MARS,0,Money,10,Fire,1,Applying,積極的な経済活動が期待できる時期です。,資産が増える日まで,,65,6,収益アップに繋がる情報を精査する
TRANSIT_SUN,NATAL_MARS,0,Love,10,Fire,1,Applying,情熱的な交流が絆を深めます。,絆が深まる日まで,,70,7,相手に自分の熱意を正直に伝える
TRANSIT_SUN,NATAL_MARS,0,Health,10,Fire,1,Applying,適度な運動が活力を維持する鍵となります。,身体が整う日まで,,75,9,短時間でも集中して身体を動かす
TRANSIT_SUN,NATAL_MARS,0,General,10,Fire,1,Separating,キャリアの目標達成のために、不屈の精神で努力する時期です。,活力が形になる日まで,,80,8,仕事の大きな目標に向けた最初の一歩を今日踏み出す
TRANSIT_SUN,NATAL_MARS,0,Work,10,Fire,1,Separating,主体的な行動が成果を呼び寄せます。,実力が評価される日まで,,75,7,担当業務をスピーディーに片付ける
TRANSIT_SUN,NATAL_MARS,0,Money,10,Fire,1,Separating,積極的な経済活動が期待できる時期です。,資産が増える日まで,,65,6,収益アップに繋がる情報を精査する
TRANSIT_SUN,NATAL_MARS,0,Love,10,Fire,1,Separating,情熱的な交流が絆を深めます。,絆が深まる日まで,,70,7,相手に自分の熱意を正直に伝える
TRANSIT_SUN,NATAL_MARS,0,Health,10,Fire,1,Separating,適度な運動が活力を維持する鍵となります。,身体が整う日まで,,75,9,短時間でも集中して身体を動かす
TRANSIT_SUN,NATAL_MARS,0,General,10,Earth,0,Applying,キャリアの目標達成のために、不屈の精神で努力する時期です。,活力が形になる日まで,,80,8,仕事の大きな目標に向けた最初の一歩を今日踏み出す
TRANSIT_SUN,NATAL_MARS,0,Work,10,Earth,0,Applying,主体的な行動が成果を呼び寄せます。,実力が評価される日まで,,75,7,担当業務をスピーディーに片付ける
TRANSIT_SUN,NATAL_MARS,0,Money,10,Earth,0,Applying,積極的な経済活動が期待できる時期です。,資産が増える日まで,,65,6,収益アップに繋がる情報を精査する
TRANSIT_SUN,NATAL_MARS,0,Love,10,Earth,0,Applying,情熱的な交流が絆を深めます。,絆が深まる日まで,,70,7,相手に自分の熱意を正直に伝える
TRANSIT_SUN,NATAL_MARS,0,Health,10,Earth,0,Applying,適度な運動が活力を維持する鍵となります。,身体が整う日まで,,75,9,短時間でも集中して身体を動かす
TRANSIT_SUN,NATAL_MARS,0,General,10,Earth,0,Separating,キャリアの目標達成のために、不屈の精神で努力する時期です。,活力が形になる日まで,,80,8,仕事の大きな目標に向けた最初の一歩を今日踏み出す
TRANSIT_SUN,NATAL_MARS,0,Work,10,Earth,0,Separating,主体的な行動が成果を呼び寄せます。,実力が評価される日まで,,75,7,担当業務をスピーディーに片付ける
TRANSIT_SUN,NATAL_MARS,0,Money,10,Earth,0,Separating,積極的な経済活動が期待できる時期です。,資産が増える日まで,,65,6,収益アップに繋がる情報を精査する
TRANSIT_SUN,NATAL_MARS,0,Love,10,Earth,0,Separating,情熱的な交流が絆を深めます。,絆が深まる日まで,,70,7,相手に自分の熱意を正直に伝える
TRANSIT_SUN,NATAL_MARS,0,Health,10,Earth,0,Separating,適度な運動が活力を維持する鍵となります。,身体が整う日まで,,75,9,短時間でも集中して身体を動かす
TRANSIT_SUN,NATAL_MARS,0,General,10,Earth,1,Applying,キャリアの目標達成のために、不屈の精神で努力する時期です。,活力が形になる日まで,,80,8,仕事の大きな目標に向けた最初の一歩を今日踏み出す
TRANSIT_SUN,NATAL_MARS,0,Work,10,Earth,1,Applying,主体的な行動が成果を呼び寄せます。,実力が評価される日まで,,75,7,担当業務をスピーディーに片付ける
TRANSIT_SUN,NATAL_MARS,0,Money,10,Earth,1,Applying,積極的な経済活動が期待できる時期です。,資産が増える日まで,,65,6,収益アップに繋がる情報を精査する
TRANSIT_SUN,NATAL_MARS,0,Love,10,Earth,1,Applying,情熱的な交流が絆を深めます。,絆が深まる日まで,,70,7,相手に自分の熱意を正直に伝える
TRANSIT_SUN,NATAL_MARS,0,Health,10,Earth,1,Applying,適度な運動が活力を維持する鍵となります。,身体が整う日まで,,75,9,短時間でも集中して身体を動かす
TRANSIT_SUN,NATAL_MARS,0,General,10,Earth,1,Separating,キャリアの目標達成のために、不屈の精神で努力する時期です。,活力が形になる日まで,,80,8,仕事の大きな目標に向けた最初の一歩を今日踏み出す
TRANSIT_SUN,NATAL_MARS,0,Work,10,Earth,1,Separating,主体的な行動が成果を呼び寄せます。,実力が評価される日まで,,75,7,担当業務をスピーディーに片付ける
TRANSIT_SUN,NATAL_MARS,0,Money,10,Earth,1,Separating,積極的な経済活動が期待できる時期です。,資産が増える日まで,,65,6,収益アップに繋がる情報を精査する
TRANSIT_SUN,NATAL_MARS,0,Love,10,Earth,1,Separating,情熱的な交流が絆を深めます。,絆が深まる日まで,,70,7,相手に自分の熱意を正直に伝える
TRANSIT_SUN,NATAL_MARS,0,Health,10,Earth,1,Separating,適度な運動が活力を維持する鍵となります。,身体が整う日まで,,75,9,短時間でも集中して身体を動かす
TRANSIT_SUN,NATAL_MARS,0,General,10,Air,0,Applying,キャリアの目標達成のために、不屈の精神で努力する時期です。,活力が形になる日まで,,80,8,仕事の大きな目標に向けた最初の一歩を今日踏み出す
TRANSIT_SUN,NATAL_MARS,0,Work,10,Air,0,Applying,主体的な行動が成果を呼び寄せます。,実力が評価される日まで,,75,7,担当業務をスピーディーに片付ける
TRANSIT_SUN,NATAL_MARS,0,Money,10,Air,0,Applying,積極的な経済活動が期待できる時期です。,資産が増える日まで,,65,6,収益アップに繋がる情報を精査する
TRANSIT_SUN,NATAL_MARS,0,Love,10,Air,0,Applying,情熱的な交流が絆を深めます。,絆が深まる日まで,,70,7,相手に自分の熱意を正直に伝える
TRANSIT_SUN,NATAL_MARS,0,Health,10,Air,0,Applying,適度な運動が活力を維持する鍵となります。,身体が整う日まで,,75,9,短時間でも集中して身体を動かす
TRANSIT_SUN,NATAL_MARS,0,General,10,Air,0,Separating,キャリアの目標達成のために、不屈の精神で努力する時期です。,活力が形になる日まで,,80,8,仕事の大きな目標に向けた最初の一歩を今日踏み出す
TRANSIT_SUN,NATAL_MARS,0,Work,10,Air,0,Separating,主体的な行動が成果を呼び寄せます。,実力が評価される日まで,,75,7,担当業務をスピーディーに片付ける
TRANSIT_SUN,NATAL_MARS,0,Money,10,Air,0,Separating,積極的な経済活動が期待できる時期です。,資産が増える日まで,,65,6,収益アップに繋がる情報を精査する
TRANSIT_SUN,NATAL_MARS,0,Love,10,Air,0,Separating,情熱的な交流が絆を深めます。,絆が深まる日まで,,70,7,相手に自分の熱意を正直に伝える
TRANSIT_SUN,NATAL_MARS,0,Health,10,Air,0,Separating,適度な運動が活力を維持する鍵となります。,身体が整う日まで,,75,9,短時間でも集中して身体を動かす
TRANSIT_SUN,NATAL_MARS,0,General,10,Air,1,Applying,キャリアの目標達成のために、不屈の精神で努力する時期です。,活力が形になる日まで,,80,8,仕事の大きな目標に向けた最初の一歩を今日踏み出す
TRANSIT_SUN,NATAL_MARS,0,Work,10,Air,1,Applying,主体的な行動が成果を呼び寄せます。,実力が評価される日まで,,75,7,担当業務をスピーディーに片付ける
TRANSIT_SUN,NATAL_MARS,0,Money,10,Air,1,Applying,積極的な経済活動が期待できる時期です。,資産が増える日まで,,65,6,収益アップに繋がる情報を精査する
TRANSIT_SUN,NATAL_MARS,0,Love,10,Air,1,Applying,情熱的な交流が絆を深めます。,絆が深まる日まで,,70,7,相手に自分の熱意を正直に伝える
TRANSIT_SUN,NATAL_MARS,0,Health,10,Air,1,Applying,適度な運動が活力を維持する鍵となります。,身体が整う日まで,,75,9,短時間でも集中して身体を動かす
TRANSIT_SUN,NATAL_MARS,0,General,10,Air,1,Separating,キャリアの目標達成のために、不屈の精神で努力する時期です。,活力が形になる日まで,,80,8,仕事の大きな目標に向けた最初の一歩を今日踏み出す
TRANSIT_SUN,NATAL_MARS,0,Work,10,Air,1,Separating,主体的な行動が成果を呼び寄せます。,実力が評価される日まで,,75,7,担当業務をスピーディーに片付ける
TRANSIT_SUN,NATAL_MARS,0,Money,10,Air,1,Separating,積極的な経済活動が期待できる時期です。,資産が増える日まで,,65,6,収益アップに繋がる情報を精査する
TRANSIT_SUN,NATAL_MARS,0,Love,10,Air,1,Separating,情熱的な交流が絆を深めます。,絆が深まる日まで,,70,7,相手に自分の熱意を正直に伝える
TRANSIT_SUN,NATAL_MARS,0,Health,10,Air,1,Separating,適度な運動が活力を維持する鍵となります。,身体が整う日まで,,75,9,短時間でも集中して身体を動かす
TRANSIT_SUN,NATAL_MARS,0,General,10,Water,0,Applying,キャリアの目標達成のために、不屈の精神で努力する時期です。,活力が形になる日まで,,80,8,仕事の大きな目標に向けた最初の一歩を今日踏み出す
TRANSIT_SUN,NATAL_MARS,0,Work,10,Water,0,Applying,主体的な行動が成果を呼び寄せます。,実力が評価される日まで,,75,7,担当業務をスピーディーに片付ける
TRANSIT_SUN,NATAL_MARS,0,Money,10,Water,0,Applying,積極的な経済活動が期待できる時期です。,資産が増える日まで,,65,6,収益アップに繋がる情報を精査する
TRANSIT_SUN,NATAL_MARS,0,Love,10,Water,0,Applying,情熱的な交流が絆を深めます。,絆が深まる日まで,,70,7,相手に自分の熱意を正直に伝える
TRANSIT_SUN,NATAL_MARS,0,Health,10,Water,0,Applying,適度な運動が活力を維持する鍵となります。,身体が整う日まで,,75,9,短時間でも集中して身体を動かす
TRANSIT_SUN,NATAL_MARS,0,General,10,Water,0,Separating,キャリアの目標達成のために、不屈の精神で努力する時期です。,活力が形になる日まで,,80,8,仕事の大きな目標に向けた最初の一歩を今日踏み出す
TRANSIT_SUN,NATAL_MARS,0,Work,10,Water,0,Separating,主体的な行動が成果を呼び寄せます。,実力が評価される日まで,,75,7,担当業務をスピーディーに片付ける
TRANSIT_SUN,NATAL_MARS,0,Money,10,Water,0,Separating,積極的な経済活動が期待できる時期です。,資産が増える日まで,,65,6,収益アップに繋がる情報を精査する
TRANSIT_SUN,NATAL_MARS,0,Love,10,Water,0,Separating,情熱的な交流が絆を深めます。,絆が深まる日まで,,70,7,相手に自分の熱意を正直に伝える
TRANSIT_SUN,NATAL_MARS,0,Health,10,Water,0,Separating,適度な運動が活力を維持する鍵となります。,身体が整う日まで,,75,9,短時間でも集中して身体を動かす
TRANSIT_SUN,NATAL_MARS,0,General,10,Water,1,Applying,キャリアの目標達成のために、不屈の精神で努力する時期です。,活力が形になる日まで,,80,8,仕事の大きな目標に向けた最初の一歩を今日踏み出す
TRANSIT_SUN,NATAL_MARS,0,Work,10,Water,1,Applying,主体的な行動が成果を呼び寄せます。,実力が評価される日まで,,75,7,担当業務をスピーディーに片付ける
TRANSIT_SUN,NATAL_MARS,0,Money,10,Water,1,Applying,積極的な経済活動が期待できる時期です。,資産が増える日まで,,65,6,収益アップに繋がる情報を精査する
TRANSIT_SUN,NATAL_MARS,0,Love,10,Water,1,Applying,情熱的な交流が絆を深めます。,絆が深まる日まで,,70,7,相手に自分の熱意を正直に伝える
TRANSIT_SUN,NATAL_MARS,0,Health,10,Water,1,Applying,適度な運動が活力を維持する鍵となります。,身体が整う日まで,,75,9,短時間でも集中して身体を動かす
TRANSIT_SUN,NATAL_MARS,0,General,10,Water,1,Separating,キャリアの目標達成のために、不屈の精神で努力する時期です。,活力が形になる日まで,,80,8,仕事の大きな目標に向けた最初の一歩を今日踏み出す
TRANSIT_SUN,NATAL_MARS,0,Work,10,Water,1,Separating,主体的な行動が成果を呼び寄せます。,実力が評価される日まで,,75,7,担当業務をスピーディーに片付ける
TRANSIT_SUN,NATAL_MARS,0,Money,10,Water,1,Separating,積極的な経済活動が期待できる時期です。,資産が増える日まで,,65,6,収益アップに繋がる情報を精査する
TRANSIT_SUN,NATAL_MARS,0,Love,10,Water,1,Separating,情熱的な交流が絆を深めます。,絆が深まる日まで,,70,7,相手に自分の熱意を正直に伝える
TRANSIT_SUN,NATAL_MARS,0,Health,10,Water,1,Separating,適度な運動が活力を維持する鍵となります。,身体が整う日まで,,75,9,短時間でも集中して身体を動かす
TRANSIT_SUN,NATAL_MARS,0,General,11,Fire,0,Applying,仲間と協力して大きな夢を追いかけ、コミュニティで活躍する時です。,活力が形になる日まで,,80,8,共通の目的を持つグループに参加し、自分の役割を果たす
TRANSIT_SUN,NATAL_MARS,0,Work,11,Fire,0,Applying,主体的な行動が成果を呼び寄せます。,実力が評価される日まで,,75,7,担当業務をスピーディーに片付ける
TRANSIT_SUN,NATAL_MARS,0,Money,11,Fire,0,Applying,積極的な経済活動が期待できる時期です。,資産が増える日まで,,65,6,収益アップに繋がる情報を精査する
TRANSIT_SUN,NATAL_MARS,0,Love,11,Fire,0,Applying,情熱的な交流が絆を深めます。,絆が深まる日まで,,70,7,相手に自分の熱意を正直に伝える
TRANSIT_SUN,NATAL_MARS,0,Health,11,Fire,0,Applying,適度な運動が活力を維持する鍵となります。,身体が整う日まで,,75,9,短時間でも集中して身体を動かす
TRANSIT_SUN,NATAL_MARS,0,General,11,Fire,0,Separating,仲間と協力して大きな夢を追いかけ、コミュニティで活躍する時です。,活力が形になる日まで,,80,8,共通の目的を持つグループに参加し、自分の役割を果たす
TRANSIT_SUN,NATAL_MARS,0,Work,11,Fire,0,Separating,主体的な行動が成果を呼び寄せます。,実力が評価される日まで,,75,7,担当業務をスピーディーに片付ける
TRANSIT_SUN,NATAL_MARS,0,Money,11,Fire,0,Separating,積極的な経済活動が期待できる時期です。,資産が増える日まで,,65,6,収益アップに繋がる情報を精査する
TRANSIT_SUN,NATAL_MARS,0,Love,11,Fire,0,Separating,情熱的な交流が絆を深めます。,絆が深まる日まで,,70,7,相手に自分の熱意を正直に伝える
TRANSIT_SUN,NATAL_MARS,0,Health,11,Fire,0,Separating,適度な運動が活力を維持する鍵となります。,身体が整う日まで,,75,9,短時間でも集中して身体を動かす
TRANSIT_SUN,NATAL_MARS,0,General,11,Fire,1,Applying,仲間と協力して大きな夢を追いかけ、コミュニティで活躍する時です。,活力が形になる日まで,,80,8,共通の目的を持つグループに参加し、自分の役割を果たす
TRANSIT_SUN,NATAL_MARS,0,Work,11,Fire,1,Applying,主体的な行動が成果を呼び寄せます。,実力が評価される日まで,,75,7,担当業務をスピーディーに片付ける
TRANSIT_SUN,NATAL_MARS,0,Money,11,Fire,1,Applying,積極的な経済活動が期待できる時期です。,資産が増える日まで,,65,6,収益アップに繋がる情報を精査する
TRANSIT_SUN,NATAL_MARS,0,Love,11,Fire,1,Applying,情熱的な交流が絆を深めます。,絆が深まる日まで,,70,7,相手に自分の熱意を正直に伝える
TRANSIT_SUN,NATAL_MARS,0,Health,11,Fire,1,Applying,適度な運動が活力を維持する鍵となります。,身体が整う日まで,,75,9,短時間でも集中して身体を動かす
TRANSIT_SUN,NATAL_MARS,0,General,11,Fire,1,Separating,仲間と協力して大きな夢を追いかけ、コミュニティで活躍する時です。,活力が形になる日まで,,80,8,共通の目的を持つグループに参加し、自分の役割を果たす
TRANSIT_SUN,NATAL_MARS,0,Work,11,Fire,1,Separating,主体的な行動が成果を呼び寄せます。,実力が評価される日まで,,75,7,担当業務をスピーディーに片付ける
TRANSIT_SUN,NATAL_MARS,0,Money,11,Fire,1,Separating,積極的な経済活動が期待できる時期です。,資産が増える日まで,,65,6,収益アップに繋がる情報を精査する
TRANSIT_SUN,NATAL_MARS,0,Love,11,Fire,1,Separating,情熱的な交流が絆を深めます。,絆が深まる日まで,,70,7,相手に自分の熱意を正直に伝える
TRANSIT_SUN,NATAL_MARS,0,Health,11,Fire,1,Separating,適度な運動が活力を維持する鍵となります。,身体が整う日まで,,75,9,短時間でも集中して身体を動かす
TRANSIT_SUN,NATAL_MARS,0,General,11,Earth,0,Applying,仲間と協力して大きな夢を追いかけ、コミュニティで活躍する時です。,活力が形になる日まで,,80,8,共通の目的を持つグループに参加し、自分の役割を果たす
TRANSIT_SUN,NATAL_MARS,0,Work,11,Earth,0,Applying,主体的な行動が成果を呼び寄せます。,実力が評価される日まで,,75,7,担当業務をスピーディーに片付ける
TRANSIT_SUN,NATAL_MARS,0,Money,11,Earth,0,Applying,積極的な経済活動が期待できる時期です。,資産が増える日まで,,65,6,収益アップに繋がる情報を精査する
TRANSIT_SUN,NATAL_MARS,0,Love,11,Earth,0,Applying,情熱的な交流が絆を深めます。,絆が深まる日まで,,70,7,相手に自分の熱意を正直に伝える
TRANSIT_SUN,NATAL_MARS,0,Health,11,Earth,0,Applying,適度な運動が活力を維持する鍵となります。,身体が整う日まで,,75,9,短時間でも集中して身体を動かす
TRANSIT_SUN,NATAL_MARS,0,General,11,Earth,0,Separating,仲間と協力して大きな夢を追いかけ、コミュニティで活躍する時です。,活力が形になる日まで,,80,8,共通の目的を持つグループに参加し、自分の役割を果たす
TRANSIT_SUN,NATAL_MARS,0,Work,11,Earth,0,Separating,主体的な行動が成果を呼び寄せます。,実力が評価される日まで,,75,7,担当業務をスピーディーに片付ける
TRANSIT_SUN,NATAL_MARS,0,Money,11,Earth,0,Separating,積極的な経済活動が期待できる時期です。,資産が増える日まで,,65,6,収益アップに繋がる情報を精査する
TRANSIT_SUN,NATAL_MARS,0,Love,11,Earth,0,Separating,情熱的な交流が絆を深めます。,絆が深まる日まで,,70,7,相手に自分の熱意を正直に伝える
TRANSIT_SUN,NATAL_MARS,0,Health,11,Earth,0,Separating,適度な運動が活力を維持する鍵となります。,身体が整う日まで,,75,9,短時間でも集中して身体を動かす
TRANSIT_SUN,NATAL_MARS,0,General,11,Earth,1,Applying,仲間と協力して大きな夢を追いかけ、コミュニティで活躍する時です。,活力が形になる日まで,,80,8,共通の目的を持つグループに参加し、自分の役割を果たす
TRANSIT_SUN,NATAL_MARS,0,Work,11,Earth,1,Applying,主体的な行動が成果を呼び寄せます。,実力が評価される日まで,,75,7,担当業務をスピーディーに片付ける
TRANSIT_SUN,NATAL_MARS,0,Money,11,Earth,1,Applying,積極的な経済活動が期待できる時期です。,資産が増える日まで,,65,6,収益アップに繋がる情報を精査する
TRANSIT_SUN,NATAL_MARS,0,Love,11,Earth,1,Applying,情熱的な交流が絆を深めます。,絆が深まる日まで,,70,7,相手に自分の熱意を正直に伝える
TRANSIT_SUN,NATAL_MARS,0,Health,11,Earth,1,Applying,適度な運動が活力を維持する鍵となります。,身体が整う日まで,,75,9,短時間でも集中して身体を動かす
TRANSIT_SUN,NATAL_MARS,0,General,11,Earth,1,Separating,仲間と協力して大きな夢を追いかけ、コミュニティで活躍する時です。,活力が形になる日まで,,80,8,共通の目的を持つグループに参加し、自分の役割を果たす
TRANSIT_SUN,NATAL_MARS,0,Work,11,Earth,1,Separating,主体的な行動が成果を呼び寄せます。,実力が評価される日まで,,75,7,担当業務をスピーディーに片付ける
TRANSIT_SUN,NATAL_MARS,0,Money,11,Earth,1,Separating,積極的な経済活動が期待できる時期です。,資産が増える日まで,,65,6,収益アップに繋がる情報を精査する
TRANSIT_SUN,NATAL_MARS,0,Love,11,Earth,1,Separating,情熱的な交流が絆を深めます。,絆が深まる日まで,,70,7,相手に自分の熱意を正直に伝える
TRANSIT_SUN,NATAL_MARS,0,Health,11,Earth,1,Separating,適度な運動が活力を維持する鍵となります。,身体が整う日まで,,75,9,短時間でも集中して身体を動かす
TRANSIT_SUN,NATAL_MARS,0,General,11,Air,0,Applying,仲間と協力して大きな夢を追いかけ、コミュニティで活躍する時です。,活力が形になる日まで,,80,8,共通の目的を持つグループに参加し、自分の役割を果たす
TRANSIT_SUN,NATAL_MARS,0,Work,11,Air,0,Applying,主体的な行動が成果を呼び寄せます。,実力が評価される日まで,,75,7,担当業務をスピーディーに片付ける
TRANSIT_SUN,NATAL_MARS,0,Money,11,Air,0,Applying,積極的な経済活動が期待できる時期です。,資産が増える日まで,,65,6,収益アップに繋がる情報を精査する
TRANSIT_SUN,NATAL_MARS,0,Love,11,Air,0,Applying,情熱的な交流が絆を深めます。,絆が深まる日まで,,70,7,相手に自分の熱意を正直に伝える
TRANSIT_SUN,NATAL_MARS,0,Health,11,Air,0,Applying,適度な運動が活力を維持する鍵となります。,身体が整う日まで,,75,9,短時間でも集中して身体を動かす
TRANSIT_SUN,NATAL_MARS,0,General,11,Air,0,Separating,仲間と協力して大きな夢を追いかけ、コミュニティで活躍する時です。,活力が形になる日まで,,80,8,共通の目的を持つグループに参加し、自分の役割を果たす
TRANSIT_SUN,NATAL_MARS,0,Work,11,Air,0,Separating,主体的な行動が成果を呼び寄せます。,実力が評価される日まで,,75,7,担当業務をスピーディーに片付ける
TRANSIT_SUN,NATAL_MARS,0,Money,11,Air,0,Separating,積極的な経済活動が期待できる時期です。,資産が増える日まで,,65,6,収益アップに繋がる情報を精査する
TRANSIT_SUN,NATAL_MARS,0,Love,11,Air,0,Separating,情熱的な交流が絆を深めます。,絆が深まる日まで,,70,7,相手に自分の熱意を正直に伝える
TRANSIT_SUN,NATAL_MARS,0,Health,11,Air,0,Separating,適度な運動が活力を維持する鍵となります。,身体が整う日まで,,75,9,短時間でも集中して身体を動かす
TRANSIT_SUN,NATAL_MARS,0,General,11,Air,1,Applying,仲間と協力して大きな夢を追いかけ、コミュニティで活躍する時です。,活力が形になる日まで,,80,8,共通の目的を持つグループに参加し、自分の役割を果たす
TRANSIT_SUN,NATAL_MARS,0,Work,11,Air,1,Applying,主体的な行動が成果を呼び寄せます。,実力が評価される日まで,,75,7,担当業務をスピーディーに片付ける
TRANSIT_SUN,NATAL_MARS,0,Money,11,Air,1,Applying,積極的な経済活動が期待できる時期です。,資産が増える日まで,,65,6,収益アップに繋がる情報を精査する
TRANSIT_SUN,NATAL_MARS,0,Love,11,Air,1,Applying,情熱的な交流が絆を深めます。,絆が深まる日まで,,70,7,相手に自分の熱意を正直に伝える
TRANSIT_SUN,NATAL_MARS,0,Health,11,Air,1,Applying,適度な運動が活力を維持する鍵となります。,身体が整う日まで,,75,9,短時間でも集中して身体を動かす
TRANSIT_SUN,NATAL_MARS,0,General,11,Air,1,Separating,仲間と協力して大きな夢を追いかけ、コミュニティで活躍する時です。,活力が形になる日まで,,80,8,共通の目的を持つグループに参加し、自分の役割を果たす
TRANSIT_SUN,NATAL_MARS,0,Work,11,Air,1,Separating,主体的な行動が成果を呼び寄せます。,実力が評価される日まで,,75,7,担当業務をスピーディーに片付ける
TRANSIT_SUN,NATAL_MARS,0,Money,11,Air,1,Separating,積極的な経済活動が期待できる時期です。,資産が増える日まで,,65,6,収益アップに繋がる情報を精査する
TRANSIT_SUN,NATAL_MARS,0,Love,11,Air,1,Separating,情熱的な交流が絆を深めます。,絆が深まる日まで,,70,7,相手に自分の熱意を正直に伝える
TRANSIT_SUN,NATAL_MARS,0,Health,11,Air,1,Separating,適度な運動が活力を維持する鍵となります。,身体が整う日まで,,75,9,短時間でも集中して身体を動かす
TRANSIT_SUN,NATAL_MARS,0,General,11,Water,0,Applying,仲間と協力して大きな夢を追いかけ、コミュニティで活躍する時です。,活力が形になる日まで,,80,8,共通の目的を持つグループに参加し、自分の役割を果たす
TRANSIT_SUN,NATAL_MARS,0,Work,11,Water,0,Applying,主体的な行動が成果を呼び寄せます。,実力が評価される日まで,,75,7,担当業務をスピーディーに片付ける
TRANSIT_SUN,NATAL_MARS,0,Money,11,Water,0,Applying,積極的な経済活動が期待できる時期です。,資産が増える日まで,,65,6,収益アップに繋がる情報を精査する
TRANSIT_SUN,NATAL_MARS,0,Love,11,Water,0,Applying,情熱的な交流が絆を深めます。,絆が深まる日まで,,70,7,相手に自分の熱意を正直に伝える
TRANSIT_SUN,NATAL_MARS,0,Health,11,Water,0,Applying,適度な運動が活力を維持する鍵となります。,身体が整う日まで,,75,9,短時間でも集中して身体を動かす
TRANSIT_SUN,NATAL_MARS,0,General,11,Water,0,Separating,仲間と協力して大きな夢を追いかけ、コミュニティで活躍する時です。,活力が形になる日まで,,80,8,共通の目的を持つグループに参加し、自分の役割を果たす
TRANSIT_SUN,NATAL_MARS,0,Work,11,Water,0,Separating,主体的な行動が成果を呼び寄せます。,実力が評価される日まで,,75,7,担当業務をスピーディーに片付ける
TRANSIT_SUN,NATAL_MARS,0,Money,11,Water,0,Separating,積極的な経済活動が期待できる時期です。,資産が増える日まで,,65,6,収益アップに繋がる情報を精査する
TRANSIT_SUN,NATAL_MARS,0,Love,11,Water,0,Separating,情熱的な交流が絆を深めます。,絆が深まる日まで,,70,7,相手に自分の熱意を正直に伝える
TRANSIT_SUN,NATAL_MARS,0,Health,11,Water,0,Separating,適度な運動が活力を維持する鍵となります。,身体が整う日まで,,75,9,短時間でも集中して身体を動かす
TRANSIT_SUN,NATAL_MARS,0,General,11,Water,1,Applying,仲間と協力して大きな夢を追いかけ、コミュニティで活躍する時です。,活力が形になる日まで,,80,8,共通の目的を持つグループに参加し、自分の役割を果たす
TRANSIT_SUN,NATAL_MARS,0,Work,11,Water,1,Applying,主体的な行動が成果を呼び寄せます。,実力が評価される日まで,,75,7,担当業務をスピーディーに片付ける
TRANSIT_SUN,NATAL_MARS,0,Money,11,Water,1,Applying,積極的な経済活動が期待できる時期です。,資産が増える日まで,,65,6,収益アップに繋がる情報を精査する
TRANSIT_SUN,NATAL_MARS,0,Love,11,Water,1,Applying,情熱的な交流が絆を深めます。,絆が深まる日まで,,70,7,相手に自分の熱意を正直に伝える
TRANSIT_SUN,NATAL_MARS,0,Health,11,Water,1,Applying,適度な運動が活力を維持する鍵となります。,身体が整う日まで,,75,9,短時間でも集中して身体を動かす
TRANSIT_SUN,NATAL_MARS,0,General,11,Water,1,Separating,仲間と協力して大きな夢を追いかけ、コミュニティで活躍する時です。,活力が形になる日まで,,80,8,共通の目的を持つグループに参加し、自分の役割を果たす
TRANSIT_SUN,NATAL_MARS,0,Work,11,Water,1,Separating,主体的な行動が成果を呼び寄せます。,実力が評価される日まで,,75,7,担当業務をスピーディーに片付ける
TRANSIT_SUN,NATAL_MARS,0,Money,11,Water,1,Separating,積極的な経済活動が期待できる時期です。,資産が増える日まで,,65,6,収益アップに繋がる情報を精査する
TRANSIT_SUN,NATAL_MARS,0,Love,11,Water,1,Separating,情熱的な交流が絆を深めます。,絆が深まる日まで,,70,7,相手に自分の熱意を正直に伝える
TRANSIT_SUN,NATAL_MARS,0,Health,11,Water,1,Separating,適度な運動が活力を維持する鍵となります。,身体が整う日まで,,75,9,短時間でも集中して身体を動かす
TRANSIT_SUN,NATAL_MARS,0,General,12,Fire,0,Applying,内面的な葛藤をエネルギーに変え、静かに自分を磨き直す時期です。,活力が形になる日まで,,80,8,15分間の激しい運動でストレスを発散させる
TRANSIT_SUN,NATAL_MARS,0,Work,12,Fire,0,Applying,主体的な行動が成果を呼び寄せます。,実力が評価される日まで,,75,7,担当業務をスピーディーに片付ける
TRANSIT_SUN,NATAL_MARS,0,Money,12,Fire,0,Applying,積極的な経済活動が期待できる時期です。,資産が増える日まで,,65,6,収益アップに繋がる情報を精査する
TRANSIT_SUN,NATAL_MARS,0,Love,12,Fire,0,Applying,情熱的な交流が絆を深めます。,絆が深まる日まで,,70,7,相手に自分の熱意を正直に伝える
TRANSIT_SUN,NATAL_MARS,0,Health,12,Fire,0,Applying,適度な運動が活力を維持する鍵となります。,身体が整う日まで,,75,9,短時間でも集中して身体を動かす
TRANSIT_SUN,NATAL_MARS,0,General,12,Fire,0,Separating,内面的な葛藤をエネルギーに変え、静かに自分を磨き直す時期です。,活力が形になる日まで,,80,8,15分間の激しい運動でストレスを発散させる
TRANSIT_SUN,NATAL_MARS,0,Work,12,Fire,0,Separating,主体的な行動が成果を呼び寄せます。,実力が評価される日まで,,75,7,担当業務をスピーディーに片付ける
TRANSIT_SUN,NATAL_MARS,0,Money,12,Fire,0,Separating,積極的な経済活動が期待できる時期です。,資産が増える日まで,,65,6,収益アップに繋がる情報を精査する
TRANSIT_SUN,NATAL_MARS,0,Love,12,Fire,0,Separating,情熱的な交流が絆を深めます。,絆が深まる日まで,,70,7,相手に自分の熱意を正直に伝える
TRANSIT_SUN,NATAL_MARS,0,Health,12,Fire,0,Separating,適度な運動が活力を維持する鍵となります。,身体が整う日まで,,75,9,短時間でも集中して身体を動かす
TRANSIT_SUN,NATAL_MARS,0,General,12,Fire,1,Applying,内面的な葛藤をエネルギーに変え、静かに自分を磨き直す時期です。,活力が形になる日まで,,80,8,15分間の激しい運動でストレスを発散させる
TRANSIT_SUN,NATAL_MARS,0,Work,12,Fire,1,Applying,主体的な行動が成果を呼び寄せます。,実力が評価される日まで,,75,7,担当業務をスピーディーに片付ける
TRANSIT_SUN,NATAL_MARS,0,Money,12,Fire,1,Applying,積極的な経済活動が期待できる時期です。,資産が増える日まで,,65,6,収益アップに繋がる情報を精査する
TRANSIT_SUN,NATAL_MARS,0,Love,12,Fire,1,Applying,情熱的な交流が絆を深めます。,絆が深まる日まで,,70,7,相手に自分の熱意を正直に伝える
TRANSIT_SUN,NATAL_MARS,0,Health,12,Fire,1,Applying,適度な運動が活力を維持する鍵となります。,身体が整う日まで,,75,9,短時間でも集中して身体を動かす
TRANSIT_SUN,NATAL_MARS,0,General,12,Fire,1,Separating,内面的な葛藤をエネルギーに変え、静かに自分を磨き直す時期です。,活力が形になる日まで,,80,8,15分間の激しい運動でストレスを発散させる
TRANSIT_SUN,NATAL_MARS,0,Work,12,Fire,1,Separating,主体的な行動が成果を呼び寄せます。,実力が評価される日まで,,75,7,担当業務をスピーディーに片付ける
TRANSIT_SUN,NATAL_MARS,0,Money,12,Fire,1,Separating,積極的な経済活動が期待できる時期です。,資産が増える日まで,,65,6,収益アップに繋がる情報を精査する
TRANSIT_SUN,NATAL_MARS,0,Love,12,Fire,1,Separating,情熱的な交流が絆を深めます。,絆が深まる日まで,,70,7,相手に自分の熱意を正直に伝える
TRANSIT_SUN,NATAL_MARS,0,Health,12,Fire,1,Separating,適度な運動が活力を維持する鍵となります。,身体が整う日まで,,75,9,短時間でも集中して身体を動かす
TRANSIT_SUN,NATAL_MARS,0,General,12,Earth,0,Applying,内面的な葛藤をエネルギーに変え、静かに自分を磨き直す時期です。,活力が形になる日まで,,80,8,15分間の激しい運動でストレスを発散させる
TRANSIT_SUN,NATAL_MARS,0,Work,12,Earth,0,Applying,主体的な行動が成果を呼び寄せます。,実力が評価される日まで,,75,7,担当業務をスピーディーに片付ける
TRANSIT_SUN,NATAL_MARS,0,Money,12,Earth,0,Applying,積極的な経済活動が期待できる時期です。,資産が増える日まで,,65,6,収益アップに繋がる情報を精査する
TRANSIT_SUN,NATAL_MARS,0,Love,12,Earth,0,Applying,情熱的な交流が絆を深めます。,絆が深まる日まで,,70,7,相手に自分の熱意を正直に伝える
TRANSIT_SUN,NATAL_MARS,0,Health,12,Earth,0,Applying,適度な運動が活力を維持する鍵となります。,身体が整う日まで,,75,9,短時間でも集中して身体を動かす
TRANSIT_SUN,NATAL_MARS,0,General,12,Earth,0,Separating,内面的な葛藤をエネルギーに変え、静かに自分を磨き直す時期です。,活力が形になる日まで,,80,8,15分間の激しい運動でストレスを発散させる
TRANSIT_SUN,NATAL_MARS,0,Work,12,Earth,0,Separating,主体的な行動が成果を呼び寄せます。,実力が評価される日まで,,75,7,担当業務をスピーディーに片付ける
TRANSIT_SUN,NATAL_MARS,0,Money,12,Earth,0,Separating,積極的な経済活動が期待できる時期です。,資産が増える日まで,,65,6,収益アップに繋がる情報を精査する
TRANSIT_SUN,NATAL_MARS,0,Love,12,Earth,0,Separating,情熱的な交流が絆を深めます。,絆が深まる日まで,,70,7,相手に自分の熱意を正直に伝える
TRANSIT_SUN,NATAL_MARS,0,Health,12,Earth,0,Separating,適度な運動が活力を維持する鍵となります。,身体が整う日まで,,75,9,短時間でも集中して身体を動かす
TRANSIT_SUN,NATAL_MARS,0,General,12,Earth,1,Applying,内面的な葛藤をエネルギーに変え、静かに自分を磨き直す時期です。,活力が形になる日まで,,80,8,15分間の激しい運動でストレスを発散させる
TRANSIT_SUN,NATAL_MARS,0,Work,12,Earth,1,Applying,主体的な行動が成果を呼び寄せます。,実力が評価される日まで,,75,7,担当業務をスピーディーに片付ける
TRANSIT_SUN,NATAL_MARS,0,Money,12,Earth,1,Applying,積極的な経済活動が期待できる時期です。,資産が増える日まで,,65,6,収益アップに繋がる情報を精査する
TRANSIT_SUN,NATAL_MARS,0,Love,12,Earth,1,Applying,情熱的な交流が絆を深めます。,絆が深まる日まで,,70,7,相手に自分の熱意を正直に伝える
TRANSIT_SUN,NATAL_MARS,0,Health,12,Earth,1,Applying,適度な運動が活力を維持する鍵となります。,身体が整う日まで,,75,9,短時間でも集中して身体を動かす
TRANSIT_SUN,NATAL_MARS,0,General,12,Earth,1,Separating,内面的な葛藤をエネルギーに変え、静かに自分を磨き直す時期です。,活力が形になる日まで,,80,8,15分間の激しい運動でストレスを発散させる
TRANSIT_SUN,NATAL_MARS,0,Work,12,Earth,1,Separating,主体的な行動が成果を呼び寄せます。,実力が評価される日まで,,75,7,担当業務をスピーディーに片付ける
TRANSIT_SUN,NATAL_MARS,0,Money,12,Earth,1,Separating,積極的な経済活動が期待できる時期です。,資産が増える日まで,,65,6,収益アップに繋がる情報を精査する
TRANSIT_SUN,NATAL_MARS,0,Love,12,Earth,1,Separating,情熱的な交流が絆を深めます。,絆が深まる日まで,,70,7,相手に自分の熱意を正直に伝える
TRANSIT_SUN,NATAL_MARS,0,Health,12,Earth,1,Separating,適度な運動が活力を維持する鍵となります。,身体が整う日まで,,75,9,短時間でも集中して身体を動かす
TRANSIT_SUN,NATAL_MARS,0,General,12,Air,0,Applying,内面的な葛藤をエネルギーに変え、静かに自分を磨き直す時期です。,活力が形になる日まで,,80,8,15分間の激しい運動でストレスを発散させる
TRANSIT_SUN,NATAL_MARS,0,Work,12,Air,0,Applying,主体的な行動が成果を呼び寄せます。,実力が評価される日まで,,75,7,担当業務をスピーディーに片付ける
TRANSIT_SUN,NATAL_MARS,0,Money,12,Air,0,Applying,積極的な経済活動が期待できる時期です。,資産が増える日まで,,65,6,収益アップに繋がる情報を精査する
TRANSIT_SUN,NATAL_MARS,0,Love,12,Air,0,Applying,情熱的な交流が絆を深めます。,絆が深まる日まで,,70,7,相手に自分の熱意を正直に伝える
TRANSIT_SUN,NATAL_MARS,0,Health,12,Air,0,Applying,適度な運動が活力を維持する鍵となります。,身体が整う日まで,,75,9,短時間でも集中して身体を動かす
TRANSIT_SUN,NATAL_MARS,0,General,12,Air,0,Separating,内面的な葛藤をエネルギーに変え、静かに自分を磨き直す時期です。,活力が形になる日まで,,80,8,15分間の激しい運動でストレスを発散させる
TRANSIT_SUN,NATAL_MARS,0,Work,12,Air,0,Separating,主体的な行動が成果を呼び寄せます。,実力が評価される日まで,,75,7,担当業務をスピーディーに片付ける
TRANSIT_SUN,NATAL_MARS,0,Money,12,Air,0,Separating,積極的な経済活動が期待できる時期です。,資産が増える日まで,,65,6,収益アップに繋がる情報を精査する
TRANSIT_SUN,NATAL_MARS,0,Love,12,Air,0,Separating,情熱的な交流が絆を深めます。,絆が深まる日まで,,70,7,相手に自分の熱意を正直に伝える
TRANSIT_SUN,NATAL_MARS,0,Health,12,Air,0,Separating,適度な運動が活力を維持する鍵となります。,身体が整う日まで,,75,9,短時間でも集中して身体を動かす
TRANSIT_SUN,NATAL_MARS,0,General,12,Air,1,Applying,内面的な葛藤をエネルギーに変え、静かに自分を磨き直す時期です。,活力が形になる日まで,,80,8,15分間の激しい運動でストレスを発散させる
TRANSIT_SUN,NATAL_MARS,0,Work,12,Air,1,Applying,主体的な行動が成果を呼び寄せます。,実力が評価される日まで,,75,7,担当業務をスピーディーに片付ける
TRANSIT_SUN,NATAL_MARS,0,Money,12,Air,1,Applying,積極的な経済活動が期待できる時期です。,資産が増える日まで,,65,6,収益アップに繋がる情報を精査する
TRANSIT_SUN,NATAL_MARS,0,Love,12,Air,1,Applying,情熱的な交流が絆を深めます。,絆が深まる日まで,,70,7,相手に自分の熱意を正直に伝える
TRANSIT_SUN,NATAL_MARS,0,Health,12,Air,1,Applying,適度な運動が活力を維持する鍵となります。,身体が整う日まで,,75,9,短時間でも集中して身体を動かす
TRANSIT_SUN,NATAL_MARS,0,General,12,Air,1,Separating,内面的な葛藤をエネルギーに変え、静かに自分を磨き直す時期です。,活力が形になる日まで,,80,8,15分間の激しい運動でストレスを発散させる
TRANSIT_SUN,NATAL_MARS,0,Work,12,Air,1,Separating,主体的な行動が成果を呼び寄せます。,実力が評価される日まで,,75,7,担当業務をスピーディーに片付ける
TRANSIT_SUN,NATAL_MARS,0,Money,12,Air,1,Separating,積極的な経済活動が期待できる時期です。,資産が増える日まで,,65,6,収益アップに繋がる情報を精査する
TRANSIT_SUN,NATAL_MARS,0,Love,12,Air,1,Separating,情熱的な交流が絆を深めます。,絆が深まる日まで,,70,7,相手に自分の熱意を正直に伝える
TRANSIT_SUN,NATAL_MARS,0,Health,12,Air,1,Separating,適度な運動が活力を維持する鍵となります。,身体が整う日まで,,75,9,短時間でも集中して身体を動かす
TRANSIT_SUN,NATAL_MARS,0,General,12,Water,0,Applying,内面的な葛藤をエネルギーに変え、静かに自分を磨き直す時期です。,活力が形になる日まで,,80,8,15分間の激しい運動でストレスを発散させる
TRANSIT_SUN,NATAL_MARS,0,Work,12,Water,0,Applying,主体的な行動が成果を呼び寄せます。,実力が評価される日まで,,75,7,担当業務をスピーディーに片付ける
TRANSIT_SUN,NATAL_MARS,0,Money,12,Water,0,Applying,積極的な経済活動が期待できる時期です。,資産が増える日まで,,65,6,収益アップに繋がる情報を精査する
TRANSIT_SUN,NATAL_MARS,0,Love,12,Water,0,Applying,情熱的な交流が絆を深めます。,絆が深まる日まで,,70,7,相手に自分の熱意を正直に伝える
TRANSIT_SUN,NATAL_MARS,0,Health,12,Water,0,Applying,適度な運動が活力を維持する鍵となります。,身体が整う日まで,,75,9,短時間でも集中して身体を動かす
TRANSIT_SUN,NATAL_MARS,0,General,12,Water,0,Separating,内面的な葛藤をエネルギーに変え、静かに自分を磨き直す時期です。,活力が形になる日まで,,80,8,15分間の激しい運動でストレスを発散させる
TRANSIT_SUN,NATAL_MARS,0,Work,12,Water,0,Separating,主体的な行動が成果を呼び寄せます。,実力が評価される日まで,,75,7,担当業務をスピーディーに片付ける
TRANSIT_SUN,NATAL_MARS,0,Money,12,Water,0,Separating,積極的な経済活動が期待できる時期です。,資産が増える日まで,,65,6,収益アップに繋がる情報を精査する
TRANSIT_SUN,NATAL_MARS,0,Love,12,Water,0,Separating,情熱的な交流が絆を深めます。,絆が深まる日まで,,70,7,相手に自分の熱意を正直に伝える
TRANSIT_SUN,NATAL_MARS,0,Health,12,Water,0,Separating,適度な運動が活力を維持する鍵となります。,身体が整う日まで,,75,9,短時間でも集中して身体を動かす
TRANSIT_SUN,NATAL_MARS,0,General,12,Water,1,Applying,内面的な葛藤をエネルギーに変え、静かに自分を磨き直す時期です。,活力が形になる日まで,,80,8,15分間の激しい運動でストレスを発散させる
TRANSIT_SUN,NATAL_MARS,0,Work,12,Water,1,Applying,主体的な行動が成果を呼び寄せます。,実力が評価される日まで,,75,7,担当業務をスピーディーに片付ける
TRANSIT_SUN,NATAL_MARS,0,Money,12,Water,1,Applying,積極的な経済活動が期待できる時期です。,資産が増える日まで,,65,6,収益アップに繋がる情報を精査する
TRANSIT_SUN,NATAL_MARS,0,Love,12,Water,1,Applying,情熱的な交流が絆を深めます。,絆が深まる日まで,,70,7,相手に自分の熱意を正直に伝える
TRANSIT_SUN,NATAL_MARS,0,Health,12,Water,1,Applying,適度な運動が活力を維持する鍵となります。,身体が整う日まで,,75,9,短時間でも集中して身体を動かす
TRANSIT_SUN,NATAL_MARS,0,General,12,Water,1,Separating,内面的な葛藤をエネルギーに変え、静かに自分を磨き直す時期です。,活力が形になる日まで,,80,8,15分間の激しい運動でストレスを発散させる
TRANSIT_SUN,NATAL_MARS,0,Work,12,Water,1,Separating,主体的な行動が成果を呼び寄せます。,実力が評価される日まで,,75,7,担当業務をスピーディーに片付ける
TRANSIT_SUN,NATAL_MARS,0,Money,12,Water,1,Separating,積極的な経済活動が期待できる時期です。,資産が増える日まで,,65,6,収益アップに繋がる情報を精査する
TRANSIT_SUN,NATAL_MARS,0,Love,12,Water,1,Separating,情熱的な交流が絆を深めます。,絆が深まる日まで,,70,7,相手に自分の熱意を正直に伝える
TRANSIT_SUN,NATAL_MARS,0,Health,12,Water,1,Separating,適度な運動が活力を維持する鍵となります。,身体が整う日まで,,75,9,短時間でも集中して身体を動かす
TRANSIT_SUN,NATAL_JUPITER,0,General,1,Fire,0,Applying,自信が深まり、自分自身の可能性を大きく広げられる幸運な時期です。,幸運が拡大する日まで,,85,10,新しい自己啓発やスキルアップの計画を立てる
TRANSIT_SUN,NATAL_JUPITER,0,Work,1,Fire,0,Applying,仕事での発展が期待でき、周囲からのサポートも得られやすい時です。,チャンスを掴む日まで,,80,9,大きなプロジェクトの提案や実行に移す
TRANSIT_SUN,NATAL_JUPITER,0,Money,1,Fire,0,Applying,経済的な発展が期待できる時期です。,資産が増える日まで,,75,8,将来のための資産運用を具体的に開始する
TRANSIT_SUN,NATAL_JUPITER,0,Love,1,Fire,0,Applying,寛大な心で人と接することで、素晴らしい絆が広がる時期です。,愛が広がる日まで,,75,8,大切な人を誘って、新しい場所や体験を共有する
TRANSIT_SUN,NATAL_JUPITER,0,Health,1,Fire,0,Applying,心身ともに健やかで、前向きなエネルギーに満たされる時期です。,活力がみなぎる日まで,,80,10,屋外での活動や、身体を大きく動かすスポーツを楽しむ
TRANSIT_SUN,NATAL_JUPITER,0,General,1,Fire,0,Separating,自信が深まり、自分自身の可能性を大きく広げられる幸運な時期です。,幸運が拡大する日まで,,85,10,新しい自己啓発やスキルアップの計画を立てる
TRANSIT_SUN,NATAL_JUPITER,0,Work,1,Fire,0,Separating,仕事での発展が期待でき、周囲からのサポートも得られやすい時です。,チャンスを掴む日まで,,80,9,大きなプロジェクトの提案や実行に移す
TRANSIT_SUN,NATAL_JUPITER,0,Money,1,Fire,0,Separating,経済的な発展が期待できる時期です。,資産が増える日まで,,75,8,将来のための資産運用を具体的に開始する
TRANSIT_SUN,NATAL_JUPITER,0,Love,1,Fire,0,Separating,寛大な心で人と接することで、素晴らしい絆が広がる時期です。,愛が広がる日まで,,75,8,大切な人を誘って、新しい場所や体験を共有する
TRANSIT_SUN,NATAL_JUPITER,0,Health,1,Fire,0,Separating,心身ともに健やかで、前向きなエネルギーに満たされる時期です。,活力がみなぎる日まで,,80,10,屋外での活動や、身体を大きく動かすスポーツを楽しむ
TRANSIT_SUN,NATAL_JUPITER,0,General,1,Fire,1,Applying,自信が深まり、自分自身の可能性を大きく広げられる幸運な時期です。,幸運が拡大する日まで,,85,10,新しい自己啓発やスキルアップの計画を立てる
TRANSIT_SUN,NATAL_JUPITER,0,Work,1,Fire,1,Applying,仕事での発展が期待でき、周囲からのサポートも得られやすい時です。,チャンスを掴む日まで,,80,9,大きなプロジェクトの提案や実行に移す
TRANSIT_SUN,NATAL_JUPITER,0,Money,1,Fire,1,Applying,経済的な発展が期待できる時期です。,資産が増える日まで,,75,8,将来のための資産運用を具体的に開始する
TRANSIT_SUN,NATAL_JUPITER,0,Love,1,Fire,1,Applying,寛大な心で人と接することで、素晴らしい絆が広がる時期です。,愛が広がる日まで,,75,8,大切な人を誘って、新しい場所や体験を共有する
TRANSIT_SUN,NATAL_JUPITER,0,Health,1,Fire,1,Applying,心身ともに健やかで、前向きなエネルギーに満たされる時期です。,活力がみなぎる日まで,,80,10,屋外での活動や、身体を大きく動かすスポーツを楽しむ
TRANSIT_SUN,NATAL_JUPITER,0,General,1,Fire,1,Separating,自信が深まり、自分自身の可能性を大きく広げられる幸運な時期です。,幸運が拡大する日まで,,85,10,新しい自己啓発やスキルアップの計画を立てる
TRANSIT_SUN,NATAL_JUPITER,0,Work,1,Fire,1,Separating,仕事での発展が期待でき、周囲からのサポートも得られやすい時です。,チャンスを掴む日まで,,80,9,大きなプロジェクトの提案や実行に移す
TRANSIT_SUN,NATAL_JUPITER,0,Money,1,Fire,1,Separating,経済的な発展が期待できる時期です。,資産が増える日まで,,75,8,将来のための資産運用を具体的に開始する
TRANSIT_SUN,NATAL_JUPITER,0,Love,1,Fire,1,Separating,寛大な心で人と接することで、素晴らしい絆が広がる時期です。,愛が広がる日まで,,75,8,大切な人を誘って、新しい場所や体験を共有する
TRANSIT_SUN,NATAL_JUPITER,0,Health,1,Fire,1,Separating,心身ともに健やかで、前向きなエネルギーに満たされる時期です。,活力がみなぎる日まで,,80,10,屋外での活動や、身体を大きく動かすスポーツを楽しむ
TRANSIT_SUN,NATAL_JUPITER,0,General,1,Earth,0,Applying,自信が深まり、自分自身の可能性を大きく広げられる幸運な時期です。,幸運が拡大する日まで,,85,10,新しい自己啓発やスキルアップの計画を立てる
TRANSIT_SUN,NATAL_JUPITER,0,Work,1,Earth,0,Applying,仕事での発展が期待でき、周囲からのサポートも得られやすい時です。,チャンスを掴む日まで,,80,9,大きなプロジェクトの提案や実行に移す
TRANSIT_SUN,NATAL_JUPITER,0,Money,1,Earth,0,Applying,経済的な発展が期待できる時期です。,資産が増える日まで,,75,8,将来のための資産運用を具体的に開始する
TRANSIT_SUN,NATAL_JUPITER,0,Love,1,Earth,0,Applying,寛大な心で人と接することで、素晴らしい絆が広がる時期です。,愛が広がる日まで,,75,8,大切な人を誘って、新しい場所や体験を共有する
TRANSIT_SUN,NATAL_JUPITER,0,Health,1,Earth,0,Applying,心身ともに健やかで、前向きなエネルギーに満たされる時期です。,活力がみなぎる日まで,,80,10,屋外での活動や、身体を大きく動かすスポーツを楽しむ
TRANSIT_SUN,NATAL_JUPITER,0,General,1,Earth,0,Separating,自信が深まり、自分自身の可能性を大きく広げられる幸運な時期です。,幸運が拡大する日まで,,85,10,新しい自己啓発やスキルアップの計画を立てる
TRANSIT_SUN,NATAL_JUPITER,0,Work,1,Earth,0,Separating,仕事での発展が期待でき、周囲からのサポートも得られやすい時です。,チャンスを掴む日まで,,80,9,大きなプロジェクトの提案や実行に移す
TRANSIT_SUN,NATAL_JUPITER,0,Money,1,Earth,0,Separating,経済的な発展が期待できる時期です。,資産が増える日まで,,75,8,将来のための資産運用を具体的に開始する
TRANSIT_SUN,NATAL_JUPITER,0,Love,1,Earth,0,Separating,寛大な心で人と接することで、素晴らしい絆が広がる時期です。,愛が広がる日まで,,75,8,大切な人を誘って、新しい場所や体験を共有する
TRANSIT_SUN,NATAL_JUPITER,0,Health,1,Earth,0,Separating,心身ともに健やかで、前向きなエネルギーに満たされる時期です。,活力がみなぎる日まで,,80,10,屋外での活動や、身体を大きく動かすスポーツを楽しむ
TRANSIT_SUN,NATAL_JUPITER,0,General,1,Earth,1,Applying,自信が深まり、自分自身の可能性を大きく広げられる幸運な時期です。,幸運が拡大する日まで,,85,10,新しい自己啓発やスキルアップの計画を立てる
TRANSIT_SUN,NATAL_JUPITER,0,Work,1,Earth,1,Applying,仕事での発展が期待でき、周囲からのサポートも得られやすい時です。,チャンスを掴む日まで,,80,9,大きなプロジェクトの提案や実行に移す
TRANSIT_SUN,NATAL_JUPITER,0,Money,1,Earth,1,Applying,経済的な発展が期待できる時期です。,資産が増える日まで,,75,8,将来のための資産運用を具体的に開始する
TRANSIT_SUN,NATAL_JUPITER,0,Love,1,Earth,1,Applying,寛大な心で人と接することで、素晴らしい絆が広がる時期です。,愛が広がる日まで,,75,8,大切な人を誘って、新しい場所や体験を共有する
TRANSIT_SUN,NATAL_JUPITER,0,Health,1,Earth,1,Applying,心身ともに健やかで、前向きなエネルギーに満たされる時期です。,活力がみなぎる日まで,,80,10,屋外での活動や、身体を大きく動かすスポーツを楽しむ
TRANSIT_SUN,NATAL_JUPITER,0,General,1,Earth,1,Separating,自信が深まり、自分自身の可能性を大きく広げられる幸運な時期です。,幸運が拡大する日まで,,85,10,新しい自己啓発やスキルアップの計画を立てる
TRANSIT_SUN,NATAL_JUPITER,0,Work,1,Earth,1,Separating,仕事での発展が期待でき、周囲からのサポートも得られやすい時です。,チャンスを掴む日まで,,80,9,大きなプロジェクトの提案や実行に移す
TRANSIT_SUN,NATAL_JUPITER,0,Money,1,Earth,1,Separating,経済的な発展が期待できる時期です。,資産が増える日まで,,75,8,将来のための資産運用を具体的に開始する
TRANSIT_SUN,NATAL_JUPITER,0,Love,1,Earth,1,Separating,寛大な心で人と接することで、素晴らしい絆が広がる時期です。,愛が広がる日まで,,75,8,大切な人を誘って、新しい場所や体験を共有する
TRANSIT_SUN,NATAL_JUPITER,0,Health,1,Earth,1,Separating,心身ともに健やかで、前向きなエネルギーに満たされる時期です。,活力がみなぎる日まで,,80,10,屋外での活動や、身体を大きく動かすスポーツを楽しむ
TRANSIT_SUN,NATAL_JUPITER,0,General,1,Air,0,Applying,自信が深まり、自分自身の可能性を大きく広げられる幸運な時期です。,幸運が拡大する日まで,,85,10,新しい自己啓発やスキルアップの計画を立てる
TRANSIT_SUN,NATAL_JUPITER,0,Work,1,Air,0,Applying,仕事での発展が期待でき、周囲からのサポートも得られやすい時です。,チャンスを掴む日まで,,80,9,大きなプロジェクトの提案や実行に移す
TRANSIT_SUN,NATAL_JUPITER,0,Money,1,Air,0,Applying,経済的な発展が期待できる時期です。,資産が増える日まで,,75,8,将来のための資産運用を具体的に開始する
TRANSIT_SUN,NATAL_JUPITER,0,Love,1,Air,0,Applying,寛大な心で人と接することで、素晴らしい絆が広がる時期です。,愛が広がる日まで,,75,8,大切な人を誘って、新しい場所や体験を共有する
TRANSIT_SUN,NATAL_JUPITER,0,Health,1,Air,0,Applying,心身ともに健やかで、前向きなエネルギーに満たされる時期です。,活力がみなぎる日まで,,80,10,屋外での活動や、身体を大きく動かすスポーツを楽しむ
TRANSIT_SUN,NATAL_JUPITER,0,General,1,Air,0,Separating,自信が深まり、自分自身の可能性を大きく広げられる幸運な時期です。,幸運が拡大する日まで,,85,10,新しい自己啓発やスキルアップの計画を立てる
TRANSIT_SUN,NATAL_JUPITER,0,Work,1,Air,0,Separating,仕事での発展が期待でき、周囲からのサポートも得られやすい時です。,チャンスを掴む日まで,,80,9,大きなプロジェクトの提案や実行に移す
TRANSIT_SUN,NATAL_JUPITER,0,Money,1,Air,0,Separating,経済的な発展が期待できる時期です。,資産が増える日まで,,75,8,将来のための資産運用を具体的に開始する
TRANSIT_SUN,NATAL_JUPITER,0,Love,1,Air,0,Separating,寛大な心で人と接することで、素晴らしい絆が広がる時期です。,愛が広がる日まで,,75,8,大切な人を誘って、新しい場所や体験を共有する
TRANSIT_SUN,NATAL_JUPITER,0,Health,1,Air,0,Separating,心身ともに健やかで、前向きなエネルギーに満たされる時期です。,活力がみなぎる日まで,,80,10,屋外での活動や、身体を大きく動かすスポーツを楽しむ
TRANSIT_SUN,NATAL_JUPITER,0,General,1,Air,1,Applying,自信が深まり、自分自身の可能性を大きく広げられる幸運な時期です。,幸運が拡大する日まで,,85,10,新しい自己啓発やスキルアップの計画を立てる
TRANSIT_SUN,NATAL_JUPITER,0,Work,1,Air,1,Applying,仕事での発展が期待でき、周囲からのサポートも得られやすい時です。,チャンスを掴む日まで,,80,9,大きなプロジェクトの提案や実行に移す
TRANSIT_SUN,NATAL_JUPITER,0,Money,1,Air,1,Applying,経済的な発展が期待できる時期です。,資産が増える日まで,,75,8,将来のための資産運用を具体的に開始する
TRANSIT_SUN,NATAL_JUPITER,0,Love,1,Air,1,Applying,寛大な心で人と接することで、素晴らしい絆が広がる時期です。,愛が広がる日まで,,75,8,大切な人を誘って、新しい場所や体験を共有する
TRANSIT_SUN,NATAL_JUPITER,0,Health,1,Air,1,Applying,心身ともに健やかで、前向きなエネルギーに満たされる時期です。,活力がみなぎる日まで,,80,10,屋外での活動や、身体を大きく動かすスポーツを楽しむ
TRANSIT_SUN,NATAL_JUPITER,0,General,1,Air,1,Separating,自信が深まり、自分自身の可能性を大きく広げられる幸運な時期です。,幸運が拡大する日まで,,85,10,新しい自己啓発やスキルアップの計画を立てる
TRANSIT_SUN,NATAL_JUPITER,0,Work,1,Air,1,Separating,仕事での発展が期待でき、周囲からのサポートも得られやすい時です。,チャンスを掴む日まで,,80,9,大きなプロジェクトの提案や実行に移す
TRANSIT_SUN,NATAL_JUPITER,0,Money,1,Air,1,Separating,経済的な発展が期待できる時期です。,資産が増える日まで,,75,8,将来のための資産運用を具体的に開始する
TRANSIT_SUN,NATAL_JUPITER,0,Love,1,Air,1,Separating,寛大な心で人と接することで、素晴らしい絆が広がる時期です。,愛が広がる日まで,,75,8,大切な人を誘って、新しい場所や体験を共有する
TRANSIT_SUN,NATAL_JUPITER,0,Health,1,Air,1,Separating,心身ともに健やかで、前向きなエネルギーに満たされる時期です。,活力がみなぎる日まで,,80,10,屋外での活動や、身体を大きく動かすスポーツを楽しむ
TRANSIT_SUN,NATAL_JUPITER,0,General,1,Water,0,Applying,自信が深まり、自分自身の可能性を大きく広げられる幸運な時期です。,幸運が拡大する日まで,,85,10,新しい自己啓発やスキルアップの計画を立てる
TRANSIT_SUN,NATAL_JUPITER,0,Work,1,Water,0,Applying,仕事での発展が期待でき、周囲からのサポートも得られやすい時です。,チャンスを掴む日まで,,80,9,大きなプロジェクトの提案や実行に移す
TRANSIT_SUN,NATAL_JUPITER,0,Money,1,Water,0,Applying,経済的な発展が期待できる時期です。,資産が増える日まで,,75,8,将来のための資産運用を具体的に開始する
TRANSIT_SUN,NATAL_JUPITER,0,Love,1,Water,0,Applying,寛大な心で人と接することで、素晴らしい絆が広がる時期です。,愛が広がる日まで,,75,8,大切な人を誘って、新しい場所や体験を共有する
TRANSIT_SUN,NATAL_JUPITER,0,Health,1,Water,0,Applying,心身ともに健やかで、前向きなエネルギーに満たされる時期です。,活力がみなぎる日まで,,80,10,屋外での活動や、身体を大きく動かすスポーツを楽しむ
TRANSIT_SUN,NATAL_JUPITER,0,General,1,Water,0,Separating,自信が深まり、自分自身の可能性を大きく広げられる幸運な時期です。,幸運が拡大する日まで,,85,10,新しい自己啓発やスキルアップの計画を立てる
TRANSIT_SUN,NATAL_JUPITER,0,Work,1,Water,0,Separating,仕事での発展が期待でき、周囲からのサポートも得られやすい時です。,チャンスを掴む日まで,,80,9,大きなプロジェクトの提案や実行に移す
TRANSIT_SUN,NATAL_JUPITER,0,Money,1,Water,0,Separating,経済的な発展が期待できる時期です。,資産が増える日まで,,75,8,将来のための資産運用を具体的に開始する
TRANSIT_SUN,NATAL_JUPITER,0,Love,1,Water,0,Separating,寛大な心で人と接することで、素晴らしい絆が広がる時期です。,愛が広がる日まで,,75,8,大切な人を誘って、新しい場所や体験を共有する
TRANSIT_SUN,NATAL_JUPITER,0,Health,1,Water,0,Separating,心身ともに健やかで、前向きなエネルギーに満たされる時期です。,活力がみなぎる日まで,,80,10,屋外での活動や、身体を大きく動かすスポーツを楽しむ
TRANSIT_SUN,NATAL_JUPITER,0,General,1,Water,1,Applying,自信が深まり、自分自身の可能性を大きく広げられる幸運な時期です。,幸運が拡大する日まで,,85,10,新しい自己啓発やスキルアップの計画を立てる
TRANSIT_SUN,NATAL_JUPITER,0,Work,1,Water,1,Applying,仕事での発展が期待でき、周囲からのサポートも得られやすい時です。,チャンスを掴む日まで,,80,9,大きなプロジェクトの提案や実行に移す
TRANSIT_SUN,NATAL_JUPITER,0,Money,1,Water,1,Applying,経済的な発展が期待できる時期です。,資産が増える日まで,,75,8,将来のための資産運用を具体的に開始する
TRANSIT_SUN,NATAL_JUPITER,0,Love,1,Water,1,Applying,寛大な心で人と接することで、素晴らしい絆が広がる時期です。,愛が広がる日まで,,75,8,大切な人を誘って、新しい場所や体験を共有する
TRANSIT_SUN,NATAL_JUPITER,0,Health,1,Water,1,Applying,心身ともに健やかで、前向きなエネルギーに満たされる時期です。,活力がみなぎる日まで,,80,10,屋外での活動や、身体を大きく動かすスポーツを楽しむ
TRANSIT_SUN,NATAL_JUPITER,0,General,1,Water,1,Separating,自信が深まり、自分自身の可能性を大きく広げられる幸運な時期です。,幸運が拡大する日まで,,85,10,新しい自己啓発やスキルアップの計画を立てる
TRANSIT_SUN,NATAL_JUPITER,0,Work,1,Water,1,Separating,仕事での発展が期待でき、周囲からのサポートも得られやすい時です。,チャンスを掴む日まで,,80,9,大きなプロジェクトの提案や実行に移す
TRANSIT_SUN,NATAL_JUPITER,0,Money,1,Water,1,Separating,経済的な発展が期待できる時期です。,資産が増える日まで,,75,8,将来のための資産運用を具体的に開始する
TRANSIT_SUN,NATAL_JUPITER,0,Love,1,Water,1,Separating,寛大な心で人と接することで、素晴らしい絆が広がる時期です。,愛が広がる日まで,,75,8,大切な人を誘って、新しい場所や体験を共有する
TRANSIT_SUN,NATAL_JUPITER,0,Health,1,Water,1,Separating,心身ともに健やかで、前向きなエネルギーに満たされる時期です。,活力がみなぎる日まで,,80,10,屋外での活動や、身体を大きく動かすスポーツを楽しむ
TRANSIT_SUN,NATAL_JUPITER,0,General,2,Fire,0,Applying,金銭的なチャンスに恵まれ、経済的な基盤を拡大できる時期です。,幸運が拡大する日まで,,85,10,収入を増やすための具体的な投資や副業を検討する
TRANSIT_SUN,NATAL_JUPITER,0,Work,2,Fire,0,Applying,仕事での発展が期待でき、周囲からのサポートも得られやすい時です。,チャンスを掴む日まで,,80,9,大きなプロジェクトの提案や実行に移す
TRANSIT_SUN,NATAL_JUPITER,0,Money,2,Fire,0,Applying,経済的な発展が期待できる時期です。,資産が増える日まで,,75,8,将来のための資産運用を具体的に開始する
TRANSIT_SUN,NATAL_JUPITER,0,Love,2,Fire,0,Applying,寛大な心で人と接することで、素晴らしい絆が広がる時期です。,愛が広がる日まで,,75,8,大切な人を誘って、新しい場所や体験を共有する
TRANSIT_SUN,NATAL_JUPITER,0,Health,2,Fire,0,Applying,心身ともに健やかで、前向きなエネルギーに満たされる時期です。,活力がみなぎる日まで,,80,10,屋外での活動や、身体を大きく動かすスポーツを楽しむ
TRANSIT_SUN,NATAL_JUPITER,0,General,2,Fire,0,Separating,金銭的なチャンスに恵まれ、経済的な基盤を拡大できる時期です。,幸運が拡大する日まで,,85,10,収入を増やすための具体的な投資や副業を検討する
TRANSIT_SUN,NATAL_JUPITER,0,Work,2,Fire,0,Separating,仕事での発展が期待でき、周囲からのサポートも得られやすい時です。,チャンスを掴む日まで,,80,9,大きなプロジェクトの提案や実行に移す
TRANSIT_SUN,NATAL_JUPITER,0,Money,2,Fire,0,Separating,経済的な発展が期待できる時期です。,資産が増える日まで,,75,8,将来のための資産運用を具体的に開始する
TRANSIT_SUN,NATAL_JUPITER,0,Love,2,Fire,0,Separating,寛大な心で人と接することで、素晴らしい絆が広がる時期です。,愛が広がる日まで,,75,8,大切な人を誘って、新しい場所や体験を共有する
TRANSIT_SUN,NATAL_JUPITER,0,Health,2,Fire,0,Separating,心身ともに健やかで、前向きなエネルギーに満たされる時期です。,活力がみなぎる日まで,,80,10,屋外での活動や、身体を大きく動かすスポーツを楽しむ
TRANSIT_SUN,NATAL_JUPITER,0,General,2,Fire,1,Applying,金銭的なチャンスに恵まれ、経済的な基盤を拡大できる時期です。,幸運が拡大する日まで,,85,10,収入を増やすための具体的な投資や副業を検討する
TRANSIT_SUN,NATAL_JUPITER,0,Work,2,Fire,1,Applying,仕事での発展が期待でき、周囲からのサポートも得られやすい時です。,チャンスを掴む日まで,,80,9,大きなプロジェクトの提案や実行に移す
TRANSIT_SUN,NATAL_JUPITER,0,Money,2,Fire,1,Applying,経済的な発展が期待できる時期です。,資産が増える日まで,,75,8,将来のための資産運用を具体的に開始する
TRANSIT_SUN,NATAL_JUPITER,0,Love,2,Fire,1,Applying,寛大な心で人と接することで、素晴らしい絆が広がる時期です。,愛が広がる日まで,,75,8,大切な人を誘って、新しい場所や体験を共有する
TRANSIT_SUN,NATAL_JUPITER,0,Health,2,Fire,1,Applying,心身ともに健やかで、前向きなエネルギーに満たされる時期です。,活力がみなぎる日まで,,80,10,屋外での活動や、身体を大きく動かすスポーツを楽しむ
TRANSIT_SUN,NATAL_JUPITER,0,General,2,Fire,1,Separating,金銭的なチャンスに恵まれ、経済的な基盤を拡大できる時期です。,幸運が拡大する日まで,,85,10,収入を増やすための具体的な投資や副業を検討する
TRANSIT_SUN,NATAL_JUPITER,0,Work,2,Fire,1,Separating,仕事での発展が期待でき、周囲からのサポートも得られやすい時です。,チャンスを掴む日まで,,80,9,大きなプロジェクトの提案や実行に移す
TRANSIT_SUN,NATAL_JUPITER,0,Money,2,Fire,1,Separating,経済的な発展が期待できる時期です。,資産が増える日まで,,75,8,将来のための資産運用を具体的に開始する
TRANSIT_SUN,NATAL_JUPITER,0,Love,2,Fire,1,Separating,寛大な心で人と接することで、素晴らしい絆が広がる時期です。,愛が広がる日まで,,75,8,大切な人を誘って、新しい場所や体験を共有する
TRANSIT_SUN,NATAL_JUPITER,0,Health,2,Fire,1,Separating,心身ともに健やかで、前向きなエネルギーに満たされる時期です。,活力がみなぎる日まで,,80,10,屋外での活動や、身体を大きく動かすスポーツを楽しむ
TRANSIT_SUN,NATAL_JUPITER,0,General,2,Earth,0,Applying,金銭的なチャンスに恵まれ、経済的な基盤を拡大できる時期です。,幸運が拡大する日まで,,85,10,収入を増やすための具体的な投資や副業を検討する
TRANSIT_SUN,NATAL_JUPITER,0,Work,2,Earth,0,Applying,仕事での発展が期待でき、周囲からのサポートも得られやすい時です。,チャンスを掴む日まで,,80,9,大きなプロジェクトの提案や実行に移す
TRANSIT_SUN,NATAL_JUPITER,0,Money,2,Earth,0,Applying,経済的な発展が期待できる時期です。,資産が増える日まで,,75,8,将来のための資産運用を具体的に開始する
TRANSIT_SUN,NATAL_JUPITER,0,Love,2,Earth,0,Applying,寛大な心で人と接することで、素晴らしい絆が広がる時期です。,愛が広がる日まで,,75,8,大切な人を誘って、新しい場所や体験を共有する
TRANSIT_SUN,NATAL_JUPITER,0,Health,2,Earth,0,Applying,心身ともに健やかで、前向きなエネルギーに満たされる時期です。,活力がみなぎる日まで,,80,10,屋外での活動や、身体を大きく動かすスポーツを楽しむ
TRANSIT_SUN,NATAL_JUPITER,0,General,2,Earth,0,Separating,金銭的なチャンスに恵まれ、経済的な基盤を拡大できる時期です。,幸運が拡大する日まで,,85,10,収入を増やすための具体的な投資や副業を検討する
TRANSIT_SUN,NATAL_JUPITER,0,Work,2,Earth,0,Separating,仕事での発展が期待でき、周囲からのサポートも得られやすい時です。,チャンスを掴む日まで,,80,9,大きなプロジェクトの提案や実行に移す
TRANSIT_SUN,NATAL_JUPITER,0,Money,2,Earth,0,Separating,経済的な発展が期待できる時期です。,資産が増える日まで,,75,8,将来のための資産運用を具体的に開始する
TRANSIT_SUN,NATAL_JUPITER,0,Love,2,Earth,0,Separating,寛大な心で人と接することで、素晴らしい絆が広がる時期です。,愛が広がる日まで,,75,8,大切な人を誘って、新しい場所や体験を共有する
TRANSIT_SUN,NATAL_JUPITER,0,Health,2,Earth,0,Separating,心身ともに健やかで、前向きなエネルギーに満たされる時期です。,活力がみなぎる日まで,,80,10,屋外での活動や、身体を大きく動かすスポーツを楽しむ
TRANSIT_SUN,NATAL_JUPITER,0,General,2,Earth,1,Applying,金銭的なチャンスに恵まれ、経済的な基盤を拡大できる時期です。,幸運が拡大する日まで,,85,10,収入を増やすための具体的な投資や副業を検討する
TRANSIT_SUN,NATAL_JUPITER,0,Work,2,Earth,1,Applying,仕事での発展が期待でき、周囲からのサポートも得られやすい時です。,チャンスを掴む日まで,,80,9,大きなプロジェクトの提案や実行に移す
TRANSIT_SUN,NATAL_JUPITER,0,Money,2,Earth,1,Applying,経済的な発展が期待できる時期です。,資産が増える日まで,,75,8,将来のための資産運用を具体的に開始する
TRANSIT_SUN,NATAL_JUPITER,0,Love,2,Earth,1,Applying,寛大な心で人と接することで、素晴らしい絆が広がる時期です。,愛が広がる日まで,,75,8,大切な人を誘って、新しい場所や体験を共有する
TRANSIT_SUN,NATAL_JUPITER,0,Health,2,Earth,1,Applying,心身ともに健やかで、前向きなエネルギーに満たされる時期です。,活力がみなぎる日まで,,80,10,屋外での活動や、身体を大きく動かすスポーツを楽しむ
TRANSIT_SUN,NATAL_JUPITER,0,General,2,Earth,1,Separating,金銭的なチャンスに恵まれ、経済的な基盤を拡大できる時期です。,幸運が拡大する日まで,,85,10,収入を増やすための具体的な投資や副業を検討する
TRANSIT_SUN,NATAL_JUPITER,0,Work,2,Earth,1,Separating,仕事での発展が期待でき、周囲からのサポートも得られやすい時です。,チャンスを掴む日まで,,80,9,大きなプロジェクトの提案や実行に移す
TRANSIT_SUN,NATAL_JUPITER,0,Money,2,Earth,1,Separating,経済的な発展が期待できる時期です。,資産が増える日まで,,75,8,将来のための資産運用を具体的に開始する
TRANSIT_SUN,NATAL_JUPITER,0,Love,2,Earth,1,Separating,寛大な心で人と接することで、素晴らしい絆が広がる時期です。,愛が広がる日まで,,75,8,大切な人を誘って、新しい場所や体験を共有する
TRANSIT_SUN,NATAL_JUPITER,0,Health,2,Earth,1,Separating,心身ともに健やかで、前向きなエネルギーに満たされる時期です。,活力がみなぎる日まで,,80,10,屋外での活動や、身体を大きく動かすスポーツを楽しむ
TRANSIT_SUN,NATAL_JUPITER,0,General,2,Air,0,Applying,金銭的なチャンスに恵まれ、経済的な基盤を拡大できる時期です。,幸運が拡大する日まで,,85,10,収入を増やすための具体的な投資や副業を検討する
TRANSIT_SUN,NATAL_JUPITER,0,Work,2,Air,0,Applying,仕事での発展が期待でき、周囲からのサポートも得られやすい時です。,チャンスを掴む日まで,,80,9,大きなプロジェクトの提案や実行に移す
TRANSIT_SUN,NATAL_JUPITER,0,Money,2,Air,0,Applying,経済的な発展が期待できる時期です。,資産が増える日まで,,75,8,将来のための資産運用を具体的に開始する
TRANSIT_SUN,NATAL_JUPITER,0,Love,2,Air,0,Applying,寛大な心で人と接することで、素晴らしい絆が広がる時期です。,愛が広がる日まで,,75,8,大切な人を誘って、新しい場所や体験を共有する
TRANSIT_SUN,NATAL_JUPITER,0,Health,2,Air,0,Applying,心身ともに健やかで、前向きなエネルギーに満たされる時期です。,活力がみなぎる日まで,,80,10,屋外での活動や、身体を大きく動かすスポーツを楽しむ
TRANSIT_SUN,NATAL_JUPITER,0,General,2,Air,0,Separating,金銭的なチャンスに恵まれ、経済的な基盤を拡大できる時期です。,幸運が拡大する日まで,,85,10,収入を増やすための具体的な投資や副業を検討する
TRANSIT_SUN,NATAL_JUPITER,0,Work,2,Air,0,Separating,仕事での発展が期待でき、周囲からのサポートも得られやすい時です。,チャンスを掴む日まで,,80,9,大きなプロジェクトの提案や実行に移す
TRANSIT_SUN,NATAL_JUPITER,0,Money,2,Air,0,Separating,経済的な発展が期待できる時期です。,資産が増える日まで,,75,8,将来のための資産運用を具体的に開始する
TRANSIT_SUN,NATAL_JUPITER,0,Love,2,Air,0,Separating,寛大な心で人と接することで、素晴らしい絆が広がる時期です。,愛が広がる日まで,,75,8,大切な人を誘って、新しい場所や体験を共有する
TRANSIT_SUN,NATAL_JUPITER,0,Health,2,Air,0,Separating,心身ともに健やかで、前向きなエネルギーに満たされる時期です。,活力がみなぎる日まで,,80,10,屋外での活動や、身体を大きく動かすスポーツを楽しむ
TRANSIT_SUN,NATAL_JUPITER,0,General,2,Air,1,Applying,金銭的なチャンスに恵まれ、経済的な基盤を拡大できる時期です。,幸運が拡大する日まで,,85,10,収入を増やすための具体的な投資や副業を検討する
TRANSIT_SUN,NATAL_JUPITER,0,Work,2,Air,1,Applying,仕事での発展が期待でき、周囲からのサポートも得られやすい時です。,チャンスを掴む日まで,,80,9,大きなプロジェクトの提案や実行に移す
TRANSIT_SUN,NATAL_JUPITER,0,Money,2,Air,1,Applying,経済的な発展が期待できる時期です。,資産が増える日まで,,75,8,将来のための資産運用を具体的に開始する
TRANSIT_SUN,NATAL_JUPITER,0,Love,2,Air,1,Applying,寛大な心で人と接することで、素晴らしい絆が広がる時期です。,愛が広がる日まで,,75,8,大切な人を誘って、新しい場所や体験を共有する
TRANSIT_SUN,NATAL_JUPITER,0,Health,2,Air,1,Applying,心身ともに健やかで、前向きなエネルギーに満たされる時期です。,活力がみなぎる日まで,,80,10,屋外での活動や、身体を大きく動かすスポーツを楽しむ
TRANSIT_SUN,NATAL_JUPITER,0,General,2,Air,1,Separating,金銭的なチャンスに恵まれ、経済的な基盤を拡大できる時期です。,幸運が拡大する日まで,,85,10,収入を増やすための具体的な投資や副業を検討する
TRANSIT_SUN,NATAL_JUPITER,0,Work,2,Air,1,Separating,仕事での発展が期待でき、周囲からのサポートも得られやすい時です。,チャンスを掴む日まで,,80,9,大きなプロジェクトの提案や実行に移す
TRANSIT_SUN,NATAL_JUPITER,0,Money,2,Air,1,Separating,経済的な発展が期待できる時期です。,資産が増える日まで,,75,8,将来のための資産運用を具体的に開始する
TRANSIT_SUN,NATAL_JUPITER,0,Love,2,Air,1,Separating,寛大な心で人と接することで、素晴らしい絆が広がる時期です。,愛が広がる日まで,,75,8,大切な人を誘って、新しい場所や体験を共有する
TRANSIT_SUN,NATAL_JUPITER,0,Health,2,Air,1,Separating,心身ともに健やかで、前向きなエネルギーに満たされる時期です。,活力がみなぎる日まで,,80,10,屋外での活動や、身体を大きく動かすスポーツを楽しむ
TRANSIT_SUN,NATAL_JUPITER,0,General,2,Water,0,Applying,金銭的なチャンスに恵まれ、経済的な基盤を拡大できる時期です。,幸運が拡大する日まで,,85,10,収入を増やすための具体的な投資や副業を検討する
TRANSIT_SUN,NATAL_JUPITER,0,Work,2,Water,0,Applying,仕事での発展が期待でき、周囲からのサポートも得られやすい時です。,チャンスを掴む日まで,,80,9,大きなプロジェクトの提案や実行に移す
TRANSIT_SUN,NATAL_JUPITER,0,Money,2,Water,0,Applying,経済的な発展が期待できる時期です。,資産が増える日まで,,75,8,将来のための資産運用を具体的に開始する
TRANSIT_SUN,NATAL_JUPITER,0,Love,2,Water,0,Applying,寛大な心で人と接することで、素晴らしい絆が広がる時期です。,愛が広がる日まで,,75,8,大切な人を誘って、新しい場所や体験を共有する
TRANSIT_SUN,NATAL_JUPITER,0,Health,2,Water,0,Applying,心身ともに健やかで、前向きなエネルギーに満たされる時期です。,活力がみなぎる日まで,,80,10,屋外での活動や、身体を大きく動かすスポーツを楽しむ
TRANSIT_SUN,NATAL_JUPITER,0,General,2,Water,0,Separating,金銭的なチャンスに恵まれ、経済的な基盤を拡大できる時期です。,幸運が拡大する日まで,,85,10,収入を増やすための具体的な投資や副業を検討する
TRANSIT_SUN,NATAL_JUPITER,0,Work,2,Water,0,Separating,仕事での発展が期待でき、周囲からのサポートも得られやすい時です。,チャンスを掴む日まで,,80,9,大きなプロジェクトの提案や実行に移す
TRANSIT_SUN,NATAL_JUPITER,0,Money,2,Water,0,Separating,経済的な発展が期待できる時期です。,資産が増える日まで,,75,8,将来のための資産運用を具体的に開始する
TRANSIT_SUN,NATAL_JUPITER,0,Love,2,Water,0,Separating,寛大な心で人と接することで、素晴らしい絆が広がる時期です。,愛が広がる日まで,,75,8,大切な人を誘って、新しい場所や体験を共有する
TRANSIT_SUN,NATAL_JUPITER,0,Health,2,Water,0,Separating,心身ともに健やかで、前向きなエネルギーに満たされる時期です。,活力がみなぎる日まで,,80,10,屋外での活動や、身体を大きく動かすスポーツを楽しむ
TRANSIT_SUN,NATAL_JUPITER,0,General,2,Water,1,Applying,金銭的なチャンスに恵まれ、経済的な基盤を拡大できる時期です。,幸運が拡大する日まで,,85,10,収入を増やすための具体的な投資や副業を検討する
TRANSIT_SUN,NATAL_JUPITER,0,Work,2,Water,1,Applying,仕事での発展が期待でき、周囲からのサポートも得られやすい時です。,チャンスを掴む日まで,,80,9,大きなプロジェクトの提案や実行に移す
TRANSIT_SUN,NATAL_JUPITER,0,Money,2,Water,1,Applying,経済的な発展が期待できる時期です。,資産が増える日まで,,75,8,将来のための資産運用を具体的に開始する
TRANSIT_SUN,NATAL_JUPITER,0,Love,2,Water,1,Applying,寛大な心で人と接することで、素晴らしい絆が広がる時期です。,愛が広がる日まで,,75,8,大切な人を誘って、新しい場所や体験を共有する
TRANSIT_SUN,NATAL_JUPITER,0,Health,2,Water,1,Applying,心身ともに健やかで、前向きなエネルギーに満たされる時期です。,活力がみなぎる日まで,,80,10,屋外での活動や、身体を大きく動かすスポーツを楽しむ
TRANSIT_SUN,NATAL_JUPITER,0,General,2,Water,1,Separating,金銭的なチャンスに恵まれ、経済的な基盤を拡大できる時期です。,幸運が拡大する日まで,,85,10,収入を増やすための具体的な投資や副業を検討する
TRANSIT_SUN,NATAL_JUPITER,0,Work,2,Water,1,Separating,仕事での発展が期待でき、周囲からのサポートも得られやすい時です。,チャンスを掴む日まで,,80,9,大きなプロジェクトの提案や実行に移す
TRANSIT_SUN,NATAL_JUPITER,0,Money,2,Water,1,Separating,経済的な発展が期待できる時期です。,資産が増える日まで,,75,8,将来のための資産運用を具体的に開始する
TRANSIT_SUN,NATAL_JUPITER,0,Love,2,Water,1,Separating,寛大な心で人と接することで、素晴らしい絆が広がる時期です。,愛が広がる日まで,,75,8,大切な人を誘って、新しい場所や体験を共有する
TRANSIT_SUN,NATAL_JUPITER,0,Health,2,Water,1,Separating,心身ともに健やかで、前向きなエネルギーに満たされる時期です。,活力がみなぎる日まで,,80,10,屋外での活動や、身体を大きく動かすスポーツを楽しむ
TRANSIT_SUN,NATAL_JUPITER,0,General,3,Fire,0,Applying,知的な好奇心が旺盛になり、学びや交流を通じて視野が広がる時期です。,幸運が拡大する日まで,,85,10,興味のある分野のセミナーや講座を予約する
TRANSIT_SUN,NATAL_JUPITER,0,Work,3,Fire,0,Applying,仕事での発展が期待でき、周囲からのサポートも得られやすい時です。,チャンスを掴む日まで,,80,9,大きなプロジェクトの提案や実行に移す
TRANSIT_SUN,NATAL_JUPITER,0,Money,3,Fire,0,Applying,経済的な発展が期待できる時期です。,資産が増える日まで,,75,8,将来のための資産運用を具体的に開始する
TRANSIT_SUN,NATAL_JUPITER,0,Love,3,Fire,0,Applying,寛大な心で人と接することで、素晴らしい絆が広がる時期です。,愛が広がる日まで,,75,8,大切な人を誘って、新しい場所や体験を共有する
TRANSIT_SUN,NATAL_JUPITER,0,Health,3,Fire,0,Applying,心身ともに健やかで、前向きなエネルギーに満たされる時期です。,活力がみなぎる日まで,,80,10,屋外での活動や、身体を大きく動かすスポーツを楽しむ
TRANSIT_SUN,NATAL_JUPITER,0,General,3,Fire,0,Separating,知的な好奇心が旺盛になり、学びや交流を通じて視野が広がる時期です。,幸運が拡大する日まで,,85,10,興味のある分野のセミナーや講座を予約する
TRANSIT_SUN,NATAL_JUPITER,0,Work,3,Fire,0,Separating,仕事での発展が期待でき、周囲からのサポートも得られやすい時です。,チャンスを掴む日まで,,80,9,大きなプロジェクトの提案や実行に移す
TRANSIT_SUN,NATAL_JUPITER,0,Money,3,Fire,0,Separating,経済的な発展が期待できる時期です。,資産が増える日まで,,75,8,将来のための資産運用を具体的に開始する
TRANSIT_SUN,NATAL_JUPITER,0,Love,3,Fire,0,Separating,寛大な心で人と接することで、素晴らしい絆が広がる時期です。,愛が広がる日まで,,75,8,大切な人を誘って、新しい場所や体験を共有する
TRANSIT_SUN,NATAL_JUPITER,0,Health,3,Fire,0,Separating,心身ともに健やかで、前向きなエネルギーに満たされる時期です。,活力がみなぎる日まで,,80,10,屋外での活動や、身体を大きく動かすスポーツを楽しむ
TRANSIT_SUN,NATAL_JUPITER,0,General,3,Fire,1,Applying,知的な好奇心が旺盛になり、学びや交流を通じて視野が広がる時期です。,幸運が拡大する日まで,,85,10,興味のある分野のセミナーや講座を予約する
TRANSIT_SUN,NATAL_JUPITER,0,Work,3,Fire,1,Applying,仕事での発展が期待でき、周囲からのサポートも得られやすい時です。,チャンスを掴む日まで,,80,9,大きなプロジェクトの提案や実行に移す
TRANSIT_SUN,NATAL_JUPITER,0,Money,3,Fire,1,Applying,経済的な発展が期待できる時期です。,資産が増える日まで,,75,8,将来のための資産運用を具体的に開始する
TRANSIT_SUN,NATAL_JUPITER,0,Love,3,Fire,1,Applying,寛大な心で人と接することで、素晴らしい絆が広がる時期です。,愛が広がる日まで,,75,8,大切な人を誘って、新しい場所や体験を共有する
TRANSIT_SUN,NATAL_JUPITER,0,Health,3,Fire,1,Applying,心身ともに健やかで、前向きなエネルギーに満たされる時期です。,活力がみなぎる日まで,,80,10,屋外での活動や、身体を大きく動かすスポーツを楽しむ
TRANSIT_SUN,NATAL_JUPITER,0,General,3,Fire,1,Separating,知的な好奇心が旺盛になり、学びや交流を通じて視野が広がる時期です。,幸運が拡大する日まで,,85,10,興味のある分野のセミナーや講座を予約する
TRANSIT_SUN,NATAL_JUPITER,0,Work,3,Fire,1,Separating,仕事での発展が期待でき、周囲からのサポートも得られやすい時です。,チャンスを掴む日まで,,80,9,大きなプロジェクトの提案や実行に移す
TRANSIT_SUN,NATAL_JUPITER,0,Money,3,Fire,1,Separating,経済的な発展が期待できる時期です。,資産が増える日まで,,75,8,将来のための資産運用を具体的に開始する
TRANSIT_SUN,NATAL_JUPITER,0,Love,3,Fire,1,Separating,寛大な心で人と接することで、素晴らしい絆が広がる時期です。,愛が広がる日まで,,75,8,大切な人を誘って、新しい場所や体験を共有する
TRANSIT_SUN,NATAL_JUPITER,0,Health,3,Fire,1,Separating,心身ともに健やかで、前向きなエネルギーに満たされる時期です。,活力がみなぎる日まで,,80,10,屋外での活動や、身体を大きく動かすスポーツを楽しむ
TRANSIT_SUN,NATAL_JUPITER,0,General,3,Earth,0,Applying,知的な好奇心が旺盛になり、学びや交流を通じて視野が広がる時期です。,幸運が拡大する日まで,,85,10,興味のある分野のセミナーや講座を予約する
TRANSIT_SUN,NATAL_JUPITER,0,Work,3,Earth,0,Applying,仕事での発展が期待でき、周囲からのサポートも得られやすい時です。,チャンスを掴む日まで,,80,9,大きなプロジェクトの提案や実行に移す
TRANSIT_SUN,NATAL_JUPITER,0,Money,3,Earth,0,Applying,経済的な発展が期待できる時期です。,資産が増える日まで,,75,8,将来のための資産運用を具体的に開始する
TRANSIT_SUN,NATAL_JUPITER,0,Love,3,Earth,0,Applying,寛大な心で人と接することで、素晴らしい絆が広がる時期です。,愛が広がる日まで,,75,8,大切な人を誘って、新しい場所や体験を共有する
TRANSIT_SUN,NATAL_JUPITER,0,Health,3,Earth,0,Applying,心身ともに健やかで、前向きなエネルギーに満たされる時期です。,活力がみなぎる日まで,,80,10,屋外での活動や、身体を大きく動かすスポーツを楽しむ
TRANSIT_SUN,NATAL_JUPITER,0,General,3,Earth,0,Separating,知的な好奇心が旺盛になり、学びや交流を通じて視野が広がる時期です。,幸運が拡大する日まで,,85,10,興味のある分野のセミナーや講座を予約する
TRANSIT_SUN,NATAL_JUPITER,0,Work,3,Earth,0,Separating,仕事での発展が期待でき、周囲からのサポートも得られやすい時です。,チャンスを掴む日まで,,80,9,大きなプロジェクトの提案や実行に移す
TRANSIT_SUN,NATAL_JUPITER,0,Money,3,Earth,0,Separating,経済的な発展が期待できる時期です。,資産が増える日まで,,75,8,将来のための資産運用を具体的に開始する
TRANSIT_SUN,NATAL_JUPITER,0,Love,3,Earth,0,Separating,寛大な心で人と接することで、素晴らしい絆が広がる時期です。,愛が広がる日まで,,75,8,大切な人を誘って、新しい場所や体験を共有する
TRANSIT_SUN,NATAL_JUPITER,0,Health,3,Earth,0,Separating,心身ともに健やかで、前向きなエネルギーに満たされる時期です。,活力がみなぎる日まで,,80,10,屋外での活動や、身体を大きく動かすスポーツを楽しむ
TRANSIT_SUN,NATAL_JUPITER,0,General,3,Earth,1,Applying,知的な好奇心が旺盛になり、学びや交流を通じて視野が広がる時期です。,幸運が拡大する日まで,,85,10,興味のある分野のセミナーや講座を予約する
TRANSIT_SUN,NATAL_JUPITER,0,Work,3,Earth,1,Applying,仕事での発展が期待でき、周囲からのサポートも得られやすい時です。,チャンスを掴む日まで,,80,9,大きなプロジェクトの提案や実行に移す
TRANSIT_SUN,NATAL_JUPITER,0,Money,3,Earth,1,Applying,経済的な発展が期待できる時期です。,資産が増える日まで,,75,8,将来のための資産運用を具体的に開始する
TRANSIT_SUN,NATAL_JUPITER,0,Love,3,Earth,1,Applying,寛大な心で人と接することで、素晴らしい絆が広がる時期です。,愛が広がる日まで,,75,8,大切な人を誘って、新しい場所や体験を共有する
TRANSIT_SUN,NATAL_JUPITER,0,Health,3,Earth,1,Applying,心身ともに健やかで、前向きなエネルギーに満たされる時期です。,活力がみなぎる日まで,,80,10,屋外での活動や、身体を大きく動かすスポーツを楽しむ
TRANSIT_SUN,NATAL_JUPITER,0,General,3,Earth,1,Separating,知的な好奇心が旺盛になり、学びや交流を通じて視野が広がる時期です。,幸運が拡大する日まで,,85,10,興味のある分野のセミナーや講座を予約する
TRANSIT_SUN,NATAL_JUPITER,0,Work,3,Earth,1,Separating,仕事での発展が期待でき、周囲からのサポートも得られやすい時です。,チャンスを掴む日まで,,80,9,大きなプロジェクトの提案や実行に移す
TRANSIT_SUN,NATAL_JUPITER,0,Money,3,Earth,1,Separating,経済的な発展が期待できる時期です。,資産が増える日まで,,75,8,将来のための資産運用を具体的に開始する
TRANSIT_SUN,NATAL_JUPITER,0,Love,3,Earth,1,Separating,寛大な心で人と接することで、素晴らしい絆が広がる時期です。,愛が広がる日まで,,75,8,大切な人を誘って、新しい場所や体験を共有する
TRANSIT_SUN,NATAL_JUPITER,0,Health,3,Earth,1,Separating,心身ともに健やかで、前向きなエネルギーに満たされる時期です。,活力がみなぎる日まで,,80,10,屋外での活動や、身体を大きく動かすスポーツを楽しむ
TRANSIT_SUN,NATAL_JUPITER,0,General,3,Air,0,Applying,知的な好奇心が旺盛になり、学びや交流を通じて視野が広がる時期です。,幸運が拡大する日まで,,85,10,興味のある分野のセミナーや講座を予約する
TRANSIT_SUN,NATAL_JUPITER,0,Work,3,Air,0,Applying,仕事での発展が期待でき、周囲からのサポートも得られやすい時です。,チャンスを掴む日まで,,80,9,大きなプロジェクトの提案や実行に移す
TRANSIT_SUN,NATAL_JUPITER,0,Money,3,Air,0,Applying,経済的な発展が期待できる時期です。,資産が増える日まで,,75,8,将来のための資産運用を具体的に開始する
TRANSIT_SUN,NATAL_JUPITER,0,Love,3,Air,0,Applying,寛大な心で人と接することで、素晴らしい絆が広がる時期です。,愛が広がる日まで,,75,8,大切な人を誘って、新しい場所や体験を共有する
TRANSIT_SUN,NATAL_JUPITER,0,Health,3,Air,0,Applying,心身ともに健やかで、前向きなエネルギーに満たされる時期です。,活力がみなぎる日まで,,80,10,屋外での活動や、身体を大きく動かすスポーツを楽しむ
TRANSIT_SUN,NATAL_JUPITER,0,General,3,Air,0,Separating,知的な好奇心が旺盛になり、学びや交流を通じて視野が広がる時期です。,幸運が拡大する日まで,,85,10,興味のある分野のセミナーや講座を予約する
TRANSIT_SUN,NATAL_JUPITER,0,Work,3,Air,0,Separating,仕事での発展が期待でき、周囲からのサポートも得られやすい時です。,チャンスを掴む日まで,,80,9,大きなプロジェクトの提案や実行に移す
TRANSIT_SUN,NATAL_JUPITER,0,Money,3,Air,0,Separating,経済的な発展が期待できる時期です。,資産が増える日まで,,75,8,将来のための資産運用を具体的に開始する
TRANSIT_SUN,NATAL_JUPITER,0,Love,3,Air,0,Separating,寛大な心で人と接することで、素晴らしい絆が広がる時期です。,愛が広がる日まで,,75,8,大切な人を誘って、新しい場所や体験を共有する
TRANSIT_SUN,NATAL_JUPITER,0,Health,3,Air,0,Separating,心身ともに健やかで、前向きなエネルギーに満たされる時期です。,活力がみなぎる日まで,,80,10,屋外での活動や、身体を大きく動かすスポーツを楽しむ
TRANSIT_SUN,NATAL_JUPITER,0,General,3,Air,1,Applying,知的な好奇心が旺盛になり、学びや交流を通じて視野が広がる時期です。,幸運が拡大する日まで,,85,10,興味のある分野のセミナーや講座を予約する
TRANSIT_SUN,NATAL_JUPITER,0,Work,3,Air,1,Applying,仕事での発展が期待でき、周囲からのサポートも得られやすい時です。,チャンスを掴む日まで,,80,9,大きなプロジェクトの提案や実行に移す
TRANSIT_SUN,NATAL_JUPITER,0,Money,3,Air,1,Applying,経済的な発展が期待できる時期です。,資産が増える日まで,,75,8,将来のための資産運用を具体的に開始する
TRANSIT_SUN,NATAL_JUPITER,0,Love,3,Air,1,Applying,寛大な心で人と接することで、素晴らしい絆が広がる時期です。,愛が広がる日まで,,75,8,大切な人を誘って、新しい場所や体験を共有する
TRANSIT_SUN,NATAL_JUPITER,0,Health,3,Air,1,Applying,心身ともに健やかで、前向きなエネルギーに満たされる時期です。,活力がみなぎる日まで,,80,10,屋外での活動や、身体を大きく動かすスポーツを楽しむ
TRANSIT_SUN,NATAL_JUPITER,0,General,3,Air,1,Separating,知的な好奇心が旺盛になり、学びや交流を通じて視野が広がる時期です。,幸運が拡大する日まで,,85,10,興味のある分野のセミナーや講座を予約する
TRANSIT_SUN,NATAL_JUPITER,0,Work,3,Air,1,Separating,仕事での発展が期待でき、周囲からのサポートも得られやすい時です。,チャンスを掴む日まで,,80,9,大きなプロジェクトの提案や実行に移す
TRANSIT_SUN,NATAL_JUPITER,0,Money,3,Air,1,Separating,経済的な発展が期待できる時期です。,資産が増える日まで,,75,8,将来のための資産運用を具体的に開始する
TRANSIT_SUN,NATAL_JUPITER,0,Love,3,Air,1,Separating,寛大な心で人と接することで、素晴らしい絆が広がる時期です。,愛が広がる日まで,,75,8,大切な人を誘って、新しい場所や体験を共有する
TRANSIT_SUN,NATAL_JUPITER,0,Health,3,Air,1,Separating,心身ともに健やかで、前向きなエネルギーに満たされる時期です。,活力がみなぎる日まで,,80,10,屋外での活動や、身体を大きく動かすスポーツを楽しむ
TRANSIT_SUN,NATAL_JUPITER,0,General,3,Water,0,Applying,知的な好奇心が旺盛になり、学びや交流を通じて視野が広がる時期です。,幸運が拡大する日まで,,85,10,興味のある分野のセミナーや講座を予約する
TRANSIT_SUN,NATAL_JUPITER,0,Work,3,Water,0,Applying,仕事での発展が期待でき、周囲からのサポートも得られやすい時です。,チャンスを掴む日まで,,80,9,大きなプロジェクトの提案や実行に移す
TRANSIT_SUN,NATAL_JUPITER,0,Money,3,Water,0,Applying,経済的な発展が期待できる時期です。,資産が増える日まで,,75,8,将来のための資産運用を具体的に開始する
TRANSIT_SUN,NATAL_JUPITER,0,Love,3,Water,0,Applying,寛大な心で人と接することで、素晴らしい絆が広がる時期です。,愛が広がる日まで,,75,8,大切な人を誘って、新しい場所や体験を共有する
TRANSIT_SUN,NATAL_JUPITER,0,Health,3,Water,0,Applying,心身ともに健やかで、前向きなエネルギーに満たされる時期です。,活力がみなぎる日まで,,80,10,屋外での活動や、身体を大きく動かすスポーツを楽しむ
TRANSIT_SUN,NATAL_JUPITER,0,General,3,Water,0,Separating,知的な好奇心が旺盛になり、学びや交流を通じて視野が広がる時期です。,幸運が拡大する日まで,,85,10,興味のある分野のセミナーや講座を予約する
TRANSIT_SUN,NATAL_JUPITER,0,Work,3,Water,0,Separating,仕事での発展が期待でき、周囲からのサポートも得られやすい時です。,チャンスを掴む日まで,,80,9,大きなプロジェクトの提案や実行に移す
TRANSIT_SUN,NATAL_JUPITER,0,Money,3,Water,0,Separating,経済的な発展が期待できる時期です。,資産が増える日まで,,75,8,将来のための資産運用を具体的に開始する
TRANSIT_SUN,NATAL_JUPITER,0,Love,3,Water,0,Separating,寛大な心で人と接することで、素晴らしい絆が広がる時期です。,愛が広がる日まで,,75,8,大切な人を誘って、新しい場所や体験を共有する
TRANSIT_SUN,NATAL_JUPITER,0,Health,3,Water,0,Separating,心身ともに健やかで、前向きなエネルギーに満たされる時期です。,活力がみなぎる日まで,,80,10,屋外での活動や、身体を大きく動かすスポーツを楽しむ
TRANSIT_SUN,NATAL_JUPITER,0,General,3,Water,1,Applying,知的な好奇心が旺盛になり、学びや交流を通じて視野が広がる時期です。,幸運が拡大する日まで,,85,10,興味のある分野のセミナーや講座を予約する
TRANSIT_SUN,NATAL_JUPITER,0,Work,3,Water,1,Applying,仕事での発展が期待でき、周囲からのサポートも得られやすい時です。,チャンスを掴む日まで,,80,9,大きなプロジェクトの提案や実行に移す
TRANSIT_SUN,NATAL_JUPITER,0,Money,3,Water,1,Applying,経済的な発展が期待できる時期です。,資産が増える日まで,,75,8,将来のための資産運用を具体的に開始する
TRANSIT_SUN,NATAL_JUPITER,0,Love,3,Water,1,Applying,寛大な心で人と接することで、素晴らしい絆が広がる時期です。,愛が広がる日まで,,75,8,大切な人を誘って、新しい場所や体験を共有する
TRANSIT_SUN,NATAL_JUPITER,0,Health,3,Water,1,Applying,心身ともに健やかで、前向きなエネルギーに満たされる時期です。,活力がみなぎる日まで,,80,10,屋外での活動や、身体を大きく動かすスポーツを楽しむ
TRANSIT_SUN,NATAL_JUPITER,0,General,3,Water,1,Separating,知的な好奇心が旺盛になり、学びや交流を通じて視野が広がる時期です。,幸運が拡大する日まで,,85,10,興味のある分野のセミナーや講座を予約する
TRANSIT_SUN,NATAL_JUPITER,0,Work,3,Water,1,Separating,仕事での発展が期待でき、周囲からのサポートも得られやすい時です。,チャンスを掴む日まで,,80,9,大きなプロジェクトの提案や実行に移す
TRANSIT_SUN,NATAL_JUPITER,0,Money,3,Water,1,Separating,経済的な発展が期待できる時期です。,資産が増える日まで,,75,8,将来のための資産運用を具体的に開始する
TRANSIT_SUN,NATAL_JUPITER,0,Love,3,Water,1,Separating,寛大な心で人と接することで、素晴らしい絆が広がる時期です。,愛が広がる日まで,,75,8,大切な人を誘って、新しい場所や体験を共有する
TRANSIT_SUN,NATAL_JUPITER,0,Health,3,Water,1,Separating,心身ともに健やかで、前向きなエネルギーに満たされる時期です。,活力がみなぎる日まで,,80,10,屋外での活動や、身体を大きく動かすスポーツを楽しむ
TRANSIT_SUN,NATAL_JUPITER,0,General,4,Fire,0,Applying,家庭環境や住まいにおいて幸運が訪れ、安心感が拡大する時期です。,幸運が広がる日まで,,80,8,住まいの環境をより快適にするための改善案を1つ実行する
TRANSIT_SUN,NATAL_JUPITER,0,Work,4,Fire,0,Applying,仕事での発展が期待できる時期です。,成果が認められる日まで,,75,7,新しいアイデアを業務に活かしてみる
TRANSIT_SUN,NATAL_JUPITER,0,Money,4,Fire,0,Applying,経済的な発展が期待できる幸運な時です。,資産が増える日まで,,70,6,長期的な資産運用の計画を再確認し、必要なら調整する
TRANSIT_SUN,NATAL_JUPITER,0,Love,4,Fire,0,Applying,寛大な心で人と接することで絆が深まります。,愛が満たされる日まで,,75,7,大切な人と喜びを分かち合い、感謝の気持ちを伝える
TRANSIT_SUN,NATAL_JUPITER,0,Health,4,Fire,0,Applying,前向きなエネルギーが心身を整えてくれます。,活力が続く日まで,,75,9,身体を動かすことを楽しみ、健康的な生活を謳歌する
TRANSIT_SUN,NATAL_JUPITER,0,General,4,Fire,0,Separating,家庭環境や住まいにおいて幸運が訪れ、安心感が拡大する時期です。,幸運が広がる日まで,,80,8,住まいの環境をより快適にするための改善案を1つ実行する
TRANSIT_SUN,NATAL_JUPITER,0,Work,4,Fire,0,Separating,仕事での発展が期待できる時期です。,成果が認められる日まで,,75,7,新しいアイデアを業務に活かしてみる
TRANSIT_SUN,NATAL_JUPITER,0,Money,4,Fire,0,Separating,経済的な発展が期待できる幸運な時です。,資産が増える日まで,,70,6,長期的な資産運用の計画を再確認し、必要なら調整する
TRANSIT_SUN,NATAL_JUPITER,0,Love,4,Fire,0,Separating,寛大な心で人と接することで絆が深まります。,愛が満たされる日まで,,75,7,大切な人と喜びを分かち合い、感謝の気持ちを伝える
TRANSIT_SUN,NATAL_JUPITER,0,Health,4,Fire,0,Separating,前向きなエネルギーが心身を整えてくれます。,活力が続く日まで,,75,9,身体を動かすことを楽しみ、健康的な生活を謳歌する
TRANSIT_SUN,NATAL_JUPITER,0,General,4,Fire,1,Applying,家庭環境や住まいにおいて幸運が訪れ、安心感が拡大する時期です。,幸運が広がる日まで,,80,8,住まいの環境をより快適にするための改善案を1つ実行する
TRANSIT_SUN,NATAL_JUPITER,0,Work,4,Fire,1,Applying,仕事での発展が期待できる時期です。,成果が認められる日まで,,75,7,新しいアイデアを業務に活かしてみる
TRANSIT_SUN,NATAL_JUPITER,0,Money,4,Fire,1,Applying,経済的な発展が期待できる幸運な時です。,資産が増える日まで,,70,6,長期的な資産運用の計画を再確認し、必要なら調整する
TRANSIT_SUN,NATAL_JUPITER,0,Love,4,Fire,1,Applying,寛大な心で人と接することで絆が深まります。,愛が満たされる日まで,,75,7,大切な人と喜びを分かち合い、感謝の気持ちを伝える
TRANSIT_SUN,NATAL_JUPITER,0,Health,4,Fire,1,Applying,前向きなエネルギーが心身を整えてくれます。,活力が続く日まで,,75,9,身体を動かすことを楽しみ、健康的な生活を謳歌する
TRANSIT_SUN,NATAL_JUPITER,0,General,4,Fire,1,Separating,家庭環境や住まいにおいて幸運が訪れ、安心感が拡大する時期です。,幸運が広がる日まで,,80,8,住まいの環境をより快適にするための改善案を1つ実行する
TRANSIT_SUN,NATAL_JUPITER,0,Work,4,Fire,1,Separating,仕事での発展が期待できる時期です。,成果が認められる日まで,,75,7,新しいアイデアを業務に活かしてみる
TRANSIT_SUN,NATAL_JUPITER,0,Money,4,Fire,1,Separating,経済的な発展が期待できる幸運な時です。,資産が増える日まで,,70,6,長期的な資産運用の計画を再確認し、必要なら調整する
TRANSIT_SUN,NATAL_JUPITER,0,Love,4,Fire,1,Separating,寛大な心で人と接することで絆が深まります。,愛が満たされる日まで,,75,7,大切な人と喜びを分かち合い、感謝の気持ちを伝える
TRANSIT_SUN,NATAL_JUPITER,0,Health,4,Fire,1,Separating,前向きなエネルギーが心身を整えてくれます。,活力が続く日まで,,75,9,身体を動かすことを楽しみ、健康的な生活を謳歌する
TRANSIT_SUN,NATAL_JUPITER,0,General,4,Earth,0,Applying,家庭環境や住まいにおいて幸運が訪れ、安心感が拡大する時期です。,幸運が広がる日まで,,80,8,住まいの環境をより快適にするための改善案を1つ実行する
TRANSIT_SUN,NATAL_JUPITER,0,Work,4,Earth,0,Applying,仕事での発展が期待できる時期です。,成果が認められる日まで,,75,7,新しいアイデアを業務に活かしてみる
TRANSIT_SUN,NATAL_JUPITER,0,Money,4,Earth,0,Applying,経済的な発展が期待できる幸運な時です。,資産が増える日まで,,70,6,長期的な資産運用の計画を再確認し、必要なら調整する
TRANSIT_SUN,NATAL_JUPITER,0,Love,4,Earth,0,Applying,寛大な心で人と接することで絆が深まります。,愛が満たされる日まで,,75,7,大切な人と喜びを分かち合い、感謝の気持ちを伝える
TRANSIT_SUN,NATAL_JUPITER,0,Health,4,Earth,0,Applying,前向きなエネルギーが心身を整えてくれます。,活力が続く日まで,,75,9,身体を動かすことを楽しみ、健康的な生活を謳歌する
TRANSIT_SUN,NATAL_JUPITER,0,General,4,Earth,0,Separating,家庭環境や住まいにおいて幸運が訪れ、安心感が拡大する時期です。,幸運が広がる日まで,,80,8,住まいの環境をより快適にするための改善案を1つ実行する
TRANSIT_SUN,NATAL_JUPITER,0,Work,4,Earth,0,Separating,仕事での発展が期待できる時期です。,成果が認められる日まで,,75,7,新しいアイデアを業務に活かしてみる
TRANSIT_SUN,NATAL_JUPITER,0,Money,4,Earth,0,Separating,経済的な発展が期待できる幸運な時です。,資産が増える日まで,,70,6,長期的な資産運用の計画を再確認し、必要なら調整する
TRANSIT_SUN,NATAL_JUPITER,0,Love,4,Earth,0,Separating,寛大な心で人と接することで絆が深まります。,愛が満たされる日まで,,75,7,大切な人と喜びを分かち合い、感謝の気持ちを伝える
TRANSIT_SUN,NATAL_JUPITER,0,Health,4,Earth,0,Separating,前向きなエネルギーが心身を整えてくれます。,活力が続く日まで,,75,9,身体を動かすことを楽しみ、健康的な生活を謳歌する
TRANSIT_SUN,NATAL_JUPITER,0,General,4,Earth,1,Applying,家庭環境や住まいにおいて幸運が訪れ、安心感が拡大する時期です。,幸運が広がる日まで,,80,8,住まいの環境をより快適にするための改善案を1つ実行する
TRANSIT_SUN,NATAL_JUPITER,0,Work,4,Earth,1,Applying,仕事での発展が期待できる時期です。,成果が認められる日まで,,75,7,新しいアイデアを業務に活かしてみる
TRANSIT_SUN,NATAL_JUPITER,0,Money,4,Earth,1,Applying,経済的な発展が期待できる幸運な時です。,資産が増える日まで,,70,6,長期的な資産運用の計画を再確認し、必要なら調整する
TRANSIT_SUN,NATAL_JUPITER,0,Love,4,Earth,1,Applying,寛大な心で人と接することで絆が深まります。,愛が満たされる日まで,,75,7,大切な人と喜びを分かち合い、感謝の気持ちを伝える
TRANSIT_SUN,NATAL_JUPITER,0,Health,4,Earth,1,Applying,前向きなエネルギーが心身を整えてくれます。,活力が続く日まで,,75,9,身体を動かすことを楽しみ、健康的な生活を謳歌する
TRANSIT_SUN,NATAL_JUPITER,0,General,4,Earth,1,Separating,家庭環境や住まいにおいて幸運が訪れ、安心感が拡大する時期です。,幸運が広がる日まで,,80,8,住まいの環境をより快適にするための改善案を1つ実行する
TRANSIT_SUN,NATAL_JUPITER,0,Work,4,Earth,1,Separating,仕事での発展が期待できる時期です。,成果が認められる日まで,,75,7,新しいアイデアを業務に活かしてみる
TRANSIT_SUN,NATAL_JUPITER,0,Money,4,Earth,1,Separating,経済的な発展が期待できる幸運な時です。,資産が増える日まで,,70,6,長期的な資産運用の計画を再確認し、必要なら調整する
TRANSIT_SUN,NATAL_JUPITER,0,Love,4,Earth,1,Separating,寛大な心で人と接することで絆が深まります。,愛が満たされる日まで,,75,7,大切な人と喜びを分かち合い、感謝の気持ちを伝える
TRANSIT_SUN,NATAL_JUPITER,0,Health,4,Earth,1,Separating,前向きなエネルギーが心身を整えてくれます。,活力が続く日まで,,75,9,身体を動かすことを楽しみ、健康的な生活を謳歌する
TRANSIT_SUN,NATAL_JUPITER,0,General,4,Air,0,Applying,家庭環境や住まいにおいて幸運が訪れ、安心感が拡大する時期です。,幸運が広がる日まで,,80,8,住まいの環境をより快適にするための改善案を1つ実行する
TRANSIT_SUN,NATAL_JUPITER,0,Work,4,Air,0,Applying,仕事での発展が期待できる時期です。,成果が認められる日まで,,75,7,新しいアイデアを業務に活かしてみる
TRANSIT_SUN,NATAL_JUPITER,0,Money,4,Air,0,Applying,経済的な発展が期待できる幸運な時です。,資産が増える日まで,,70,6,長期的な資産運用の計画を再確認し、必要なら調整する
TRANSIT_SUN,NATAL_JUPITER,0,Love,4,Air,0,Applying,寛大な心で人と接することで絆が深まります。,愛が満たされる日まで,,75,7,大切な人と喜びを分かち合い、感謝の気持ちを伝える
TRANSIT_SUN,NATAL_JUPITER,0,Health,4,Air,0,Applying,前向きなエネルギーが心身を整えてくれます。,活力が続く日まで,,75,9,身体を動かすことを楽しみ、健康的な生活を謳歌する
TRANSIT_SUN,NATAL_JUPITER,0,General,4,Air,0,Separating,家庭環境や住まいにおいて幸運が訪れ、安心感が拡大する時期です。,幸運が広がる日まで,,80,8,住まいの環境をより快適にするための改善案を1つ実行する
TRANSIT_SUN,NATAL_JUPITER,0,Work,4,Air,0,Separating,仕事での発展が期待できる時期です。,成果が認められる日まで,,75,7,新しいアイデアを業務に活かしてみる
TRANSIT_SUN,NATAL_JUPITER,0,Money,4,Air,0,Separating,経済的な発展が期待できる幸運な時です。,資産が増える日まで,,70,6,長期的な資産運用の計画を再確認し、必要なら調整する
TRANSIT_SUN,NATAL_JUPITER,0,Love,4,Air,0,Separating,寛大な心で人と接することで絆が深まります。,愛が満たされる日まで,,75,7,大切な人と喜びを分かち合い、感謝の気持ちを伝える
TRANSIT_SUN,NATAL_JUPITER,0,Health,4,Air,0,Separating,前向きなエネルギーが心身を整えてくれます。,活力が続く日まで,,75,9,身体を動かすことを楽しみ、健康的な生活を謳歌する
TRANSIT_SUN,NATAL_JUPITER,0,General,4,Air,1,Applying,家庭環境や住まいにおいて幸運が訪れ、安心感が拡大する時期です。,幸運が広がる日まで,,80,8,住まいの環境をより快適にするための改善案を1つ実行する
TRANSIT_SUN,NATAL_JUPITER,0,Work,4,Air,1,Applying,仕事での発展が期待できる時期です。,成果が認められる日まで,,75,7,新しいアイデアを業務に活かしてみる
TRANSIT_SUN,NATAL_JUPITER,0,Money,4,Air,1,Applying,経済的な発展が期待できる幸運な時です。,資産が増える日まで,,70,6,長期的な資産運用の計画を再確認し、必要なら調整する
TRANSIT_SUN,NATAL_JUPITER,0,Love,4,Air,1,Applying,寛大な心で人と接することで絆が深まります。,愛が満たされる日まで,,75,7,大切な人と喜びを分かち合い、感謝の気持ちを伝える
TRANSIT_SUN,NATAL_JUPITER,0,Health,4,Air,1,Applying,前向きなエネルギーが心身を整えてくれます。,活力が続く日まで,,75,9,身体を動かすことを楽しみ、健康的な生活を謳歌する
TRANSIT_SUN,NATAL_JUPITER,0,General,4,Air,1,Separating,家庭環境や住まいにおいて幸運が訪れ、安心感が拡大する時期です。,幸運が広がる日まで,,80,8,住まいの環境をより快適にするための改善案を1つ実行する
TRANSIT_SUN,NATAL_JUPITER,0,Work,4,Air,1,Separating,仕事での発展が期待できる時期です。,成果が認められる日まで,,75,7,新しいアイデアを業務に活かしてみる
TRANSIT_SUN,NATAL_JUPITER,0,Money,4,Air,1,Separating,経済的な発展が期待できる幸運な時です。,資産が増える日まで,,70,6,長期的な資産運用の計画を再確認し、必要なら調整する
TRANSIT_SUN,NATAL_JUPITER,0,Love,4,Air,1,Separating,寛大な心で人と接することで絆が深まります。,愛が満たされる日まで,,75,7,大切な人と喜びを分かち合い、感謝の気持ちを伝える
TRANSIT_SUN,NATAL_JUPITER,0,Health,4,Air,1,Separating,前向きなエネルギーが心身を整えてくれます。,活力が続く日まで,,75,9,身体を動かすことを楽しみ、健康的な生活を謳歌する
TRANSIT_SUN,NATAL_JUPITER,0,General,4,Water,0,Applying,家庭環境や住まいにおいて幸運が訪れ、安心感が拡大する時期です。,幸運が広がる日まで,,80,8,住まいの環境をより快適にするための改善案を1つ実行する
TRANSIT_SUN,NATAL_JUPITER,0,Work,4,Water,0,Applying,仕事での発展が期待できる時期です。,成果が認められる日まで,,75,7,新しいアイデアを業務に活かしてみる
TRANSIT_SUN,NATAL_JUPITER,0,Money,4,Water,0,Applying,経済的な発展が期待できる幸運な時です。,資産が増える日まで,,70,6,長期的な資産運用の計画を再確認し、必要なら調整する
TRANSIT_SUN,NATAL_JUPITER,0,Love,4,Water,0,Applying,寛大な心で人と接することで絆が深まります。,愛が満たされる日まで,,75,7,大切な人と喜びを分かち合い、感謝の気持ちを伝える
TRANSIT_SUN,NATAL_JUPITER,0,Health,4,Water,0,Applying,前向きなエネルギーが心身を整えてくれます。,活力が続く日まで,,75,9,身体を動かすことを楽しみ、健康的な生活を謳歌する
TRANSIT_SUN,NATAL_JUPITER,0,General,4,Water,0,Separating,家庭環境や住まいにおいて幸運が訪れ、安心感が拡大する時期です。,幸運が広がる日まで,,80,8,住まいの環境をより快適にするための改善案を1つ実行する
TRANSIT_SUN,NATAL_JUPITER,0,Work,4,Water,0,Separating,仕事での発展が期待できる時期です。,成果が認められる日まで,,75,7,新しいアイデアを業務に活かしてみる
TRANSIT_SUN,NATAL_JUPITER,0,Money,4,Water,0,Separating,経済的な発展が期待できる幸運な時です。,資産が増える日まで,,70,6,長期的な資産運用の計画を再確認し、必要なら調整する
TRANSIT_SUN,NATAL_JUPITER,0,Love,4,Water,0,Separating,寛大な心で人と接することで絆が深まります。,愛が満たされる日まで,,75,7,大切な人と喜びを分かち合い、感謝の気持ちを伝える
TRANSIT_SUN,NATAL_JUPITER,0,Health,4,Water,0,Separating,前向きなエネルギーが心身を整えてくれます。,活力が続く日まで,,75,9,身体を動かすことを楽しみ、健康的な生活を謳歌する
TRANSIT_SUN,NATAL_JUPITER,0,General,4,Water,1,Applying,家庭環境や住まいにおいて幸運が訪れ、安心感が拡大する時期です。,幸運が広がる日まで,,80,8,住まいの環境をより快適にするための改善案を1つ実行する
TRANSIT_SUN,NATAL_JUPITER,0,Work,4,Water,1,Applying,仕事での発展が期待できる時期です。,成果が認められる日まで,,75,7,新しいアイデアを業務に活かしてみる
TRANSIT_SUN,NATAL_JUPITER,0,Money,4,Water,1,Applying,経済的な発展が期待できる幸運な時です。,資産が増える日まで,,70,6,長期的な資産運用の計画を再確認し、必要なら調整する
TRANSIT_SUN,NATAL_JUPITER,0,Love,4,Water,1,Applying,寛大な心で人と接することで絆が深まります。,愛が満たされる日まで,,75,7,大切な人と喜びを分かち合い、感謝の気持ちを伝える
TRANSIT_SUN,NATAL_JUPITER,0,Health,4,Water,1,Applying,前向きなエネルギーが心身を整えてくれます。,活力が続く日まで,,75,9,身体を動かすことを楽しみ、健康的な生活を謳歌する
TRANSIT_SUN,NATAL_JUPITER,0,General,4,Water,1,Separating,家庭環境や住まいにおいて幸運が訪れ、安心感が拡大する時期です。,幸運が広がる日まで,,80,8,住まいの環境をより快適にするための改善案を1つ実行する
TRANSIT_SUN,NATAL_JUPITER,0,Work,4,Water,1,Separating,仕事での発展が期待できる時期です。,成果が認められる日まで,,75,7,新しいアイデアを業務に活かしてみる
TRANSIT_SUN,NATAL_JUPITER,0,Money,4,Water,1,Separating,経済的な発展が期待できる幸運な時です。,資産が増える日まで,,70,6,長期的な資産運用の計画を再確認し、必要なら調整する
TRANSIT_SUN,NATAL_JUPITER,0,Love,4,Water,1,Separating,寛大な心で人と接することで絆が深まります。,愛が満たされる日まで,,75,7,大切な人と喜びを分かち合い、感謝の気持ちを伝える
TRANSIT_SUN,NATAL_JUPITER,0,Health,4,Water,1,Separating,前向きなエネルギーが心身を整えてくれます。,活力が続く日まで,,75,9,身体を動かすことを楽しみ、健康的な生活を謳歌する
TRANSIT_SUN,NATAL_JUPITER,0,General,5,Fire,0,Applying,創造性が豊かになり、趣味や楽しみを通じて大きな喜びを得られる時期です。,幸運が広がる日まで,,80,8,心から楽しめる活動に時間を使い、自分の感性を解放する
TRANSIT_SUN,NATAL_JUPITER,0,Work,5,Fire,0,Applying,仕事での発展が期待できる時期です。,成果が認められる日まで,,75,7,新しいアイデアを業務に活かしてみる
TRANSIT_SUN,NATAL_JUPITER,0,Money,5,Fire,0,Applying,経済的な発展が期待できる幸運な時です。,資産が増える日まで,,70,6,長期的な資産運用の計画を再確認し、必要なら調整する
TRANSIT_SUN,NATAL_JUPITER,0,Love,5,Fire,0,Applying,寛大な心で人と接することで絆が深まります。,愛が満たされる日まで,,75,7,大切な人と喜びを分かち合い、感謝の気持ちを伝える
TRANSIT_SUN,NATAL_JUPITER,0,Health,5,Fire,0,Applying,前向きなエネルギーが心身を整えてくれます。,活力が続く日まで,,75,9,身体を動かすことを楽しみ、健康的な生活を謳歌する
TRANSIT_SUN,NATAL_JUPITER,0,General,5,Fire,0,Separating,創造性が豊かになり、趣味や楽しみを通じて大きな喜びを得られる時期です。,幸運が広がる日まで,,80,8,心から楽しめる活動に時間を使い、自分の感性を解放する
TRANSIT_SUN,NATAL_JUPITER,0,Work,5,Fire,0,Separating,仕事での発展が期待できる時期です。,成果が認められる日まで,,75,7,新しいアイデアを業務に活かしてみる
TRANSIT_SUN,NATAL_JUPITER,0,Money,5,Fire,0,Separating,経済的な発展が期待できる幸運な時です。,資産が増える日まで,,70,6,長期的な資産運用の計画を再確認し、必要なら調整する
TRANSIT_SUN,NATAL_JUPITER,0,Love,5,Fire,0,Separating,寛大な心で人と接することで絆が深まります。,愛が満たされる日まで,,75,7,大切な人と喜びを分かち合い、感謝の気持ちを伝える
TRANSIT_SUN,NATAL_JUPITER,0,Health,5,Fire,0,Separating,前向きなエネルギーが心身を整えてくれます。,活力が続く日まで,,75,9,身体を動かすことを楽しみ、健康的な生活を謳歌する
TRANSIT_SUN,NATAL_JUPITER,0,General,5,Fire,1,Applying,創造性が豊かになり、趣味や楽しみを通じて大きな喜びを得られる時期です。,幸運が広がる日まで,,80,8,心から楽しめる活動に時間を使い、自分の感性を解放する
TRANSIT_SUN,NATAL_JUPITER,0,Work,5,Fire,1,Applying,仕事での発展が期待できる時期です。,成果が認められる日まで,,75,7,新しいアイデアを業務に活かしてみる
TRANSIT_SUN,NATAL_JUPITER,0,Money,5,Fire,1,Applying,経済的な発展が期待できる幸運な時です。,資産が増える日まで,,70,6,長期的な資産運用の計画を再確認し、必要なら調整する
TRANSIT_SUN,NATAL_JUPITER,0,Love,5,Fire,1,Applying,寛大な心で人と接することで絆が深まります。,愛が満たされる日まで,,75,7,大切な人と喜びを分かち合い、感謝の気持ちを伝える
TRANSIT_SUN,NATAL_JUPITER,0,Health,5,Fire,1,Applying,前向きなエネルギーが心身を整えてくれます。,活力が続く日まで,,75,9,身体を動かすことを楽しみ、健康的な生活を謳歌する
TRANSIT_SUN,NATAL_JUPITER,0,General,5,Fire,1,Separating,創造性が豊かになり、趣味や楽しみを通じて大きな喜びを得られる時期です。,幸運が広がる日まで,,80,8,心から楽しめる活動に時間を使い、自分の感性を解放する
TRANSIT_SUN,NATAL_JUPITER,0,Work,5,Fire,1,Separating,仕事での発展が期待できる時期です。,成果が認められる日まで,,75,7,新しいアイデアを業務に活かしてみる
TRANSIT_SUN,NATAL_JUPITER,0,Money,5,Fire,1,Separating,経済的な発展が期待できる幸運な時です。,資産が増える日まで,,70,6,長期的な資産運用の計画を再確認し、必要なら調整する
TRANSIT_SUN,NATAL_JUPITER,0,Love,5,Fire,1,Separating,寛大な心で人と接することで絆が深まります。,愛が満たされる日まで,,75,7,大切な人と喜びを分かち合い、感謝の気持ちを伝える
TRANSIT_SUN,NATAL_JUPITER,0,Health,5,Fire,1,Separating,前向きなエネルギーが心身を整えてくれます。,活力が続く日まで,,75,9,身体を動かすことを楽しみ、健康的な生活を謳歌する
TRANSIT_SUN,NATAL_JUPITER,0,General,5,Earth,0,Applying,創造性が豊かになり、趣味や楽しみを通じて大きな喜びを得られる時期です。,幸運が広がる日まで,,80,8,心から楽しめる活動に時間を使い、自分の感性を解放する
TRANSIT_SUN,NATAL_JUPITER,0,Work,5,Earth,0,Applying,仕事での発展が期待できる時期です。,成果が認められる日まで,,75,7,新しいアイデアを業務に活かしてみる
TRANSIT_SUN,NATAL_JUPITER,0,Money,5,Earth,0,Applying,経済的な発展が期待できる幸運な時です。,資産が増える日まで,,70,6,長期的な資産運用の計画を再確認し、必要なら調整する
TRANSIT_SUN,NATAL_JUPITER,0,Love,5,Earth,0,Applying,寛大な心で人と接することで絆が深まります。,愛が満たされる日まで,,75,7,大切な人と喜びを分かち合い、感謝の気持ちを伝える
TRANSIT_SUN,NATAL_JUPITER,0,Health,5,Earth,0,Applying,前向きなエネルギーが心身を整えてくれます。,活力が続く日まで,,75,9,身体を動かすことを楽しみ、健康的な生活を謳歌する
TRANSIT_SUN,NATAL_JUPITER,0,General,5,Earth,0,Separating,創造性が豊かになり、趣味や楽しみを通じて大きな喜びを得られる時期です。,幸運が広がる日まで,,80,8,心から楽しめる活動に時間を使い、自分の感性を解放する
TRANSIT_SUN,NATAL_JUPITER,0,Work,5,Earth,0,Separating,仕事での発展が期待できる時期です。,成果が認められる日まで,,75,7,新しいアイデアを業務に活かしてみる
TRANSIT_SUN,NATAL_JUPITER,0,Money,5,Earth,0,Separating,経済的な発展が期待できる幸運な時です。,資産が増える日まで,,70,6,長期的な資産運用の計画を再確認し、必要なら調整する
TRANSIT_SUN,NATAL_JUPITER,0,Love,5,Earth,0,Separating,寛大な心で人と接することで絆が深まります。,愛が満たされる日まで,,75,7,大切な人と喜びを分かち合い、感謝の気持ちを伝える
TRANSIT_SUN,NATAL_JUPITER,0,Health,5,Earth,0,Separating,前向きなエネルギーが心身を整えてくれます。,活力が続く日まで,,75,9,身体を動かすことを楽しみ、健康的な生活を謳歌する
TRANSIT_SUN,NATAL_JUPITER,0,General,5,Earth,1,Applying,創造性が豊かになり、趣味や楽しみを通じて大きな喜びを得られる時期です。,幸運が広がる日まで,,80,8,心から楽しめる活動に時間を使い、自分の感性を解放する
TRANSIT_SUN,NATAL_JUPITER,0,Work,5,Earth,1,Applying,仕事での発展が期待できる時期です。,成果が認められる日まで,,75,7,新しいアイデアを業務に活かしてみる
TRANSIT_SUN,NATAL_JUPITER,0,Money,5,Earth,1,Applying,経済的な発展が期待できる幸運な時です。,資産が増える日まで,,70,6,長期的な資産運用の計画を再確認し、必要なら調整する
TRANSIT_SUN,NATAL_JUPITER,0,Love,5,Earth,1,Applying,寛大な心で人と接することで絆が深まります。,愛が満たされる日まで,,75,7,大切な人と喜びを分かち合い、感謝の気持ちを伝える
TRANSIT_SUN,NATAL_JUPITER,0,Health,5,Earth,1,Applying,前向きなエネルギーが心身を整えてくれます。,活力が続く日まで,,75,9,身体を動かすことを楽しみ、健康的な生活を謳歌する
TRANSIT_SUN,NATAL_JUPITER,0,General,5,Earth,1,Separating,創造性が豊かになり、趣味や楽しみを通じて大きな喜びを得られる時期です。,幸運が広がる日まで,,80,8,心から楽しめる活動に時間を使い、自分の感性を解放する
TRANSIT_SUN,NATAL_JUPITER,0,Work,5,Earth,1,Separating,仕事での発展が期待できる時期です。,成果が認められる日まで,,75,7,新しいアイデアを業務に活かしてみる
TRANSIT_SUN,NATAL_JUPITER,0,Money,5,Earth,1,Separating,経済的な発展が期待できる幸運な時です。,資産が増える日まで,,70,6,長期的な資産運用の計画を再確認し、必要なら調整する
TRANSIT_SUN,NATAL_JUPITER,0,Love,5,Earth,1,Separating,寛大な心で人と接することで絆が深まります。,愛が満たされる日まで,,75,7,大切な人と喜びを分かち合い、感謝の気持ちを伝える
TRANSIT_SUN,NATAL_JUPITER,0,Health,5,Earth,1,Separating,前向きなエネルギーが心身を整えてくれます。,活力が続く日まで,,75,9,身体を動かすことを楽しみ、健康的な生活を謳歌する
TRANSIT_SUN,NATAL_JUPITER,0,General,5,Air,0,Applying,創造性が豊かになり、趣味や楽しみを通じて大きな喜びを得られる時期です。,幸運が広がる日まで,,80,8,心から楽しめる活動に時間を使い、自分の感性を解放する
TRANSIT_SUN,NATAL_JUPITER,0,Work,5,Air,0,Applying,仕事での発展が期待できる時期です。,成果が認められる日まで,,75,7,新しいアイデアを業務に活かしてみる
TRANSIT_SUN,NATAL_JUPITER,0,Money,5,Air,0,Applying,経済的な発展が期待できる幸運な時です。,資産が増える日まで,,70,6,長期的な資産運用の計画を再確認し、必要なら調整する
TRANSIT_SUN,NATAL_JUPITER,0,Love,5,Air,0,Applying,寛大な心で人と接することで絆が深まります。,愛が満たされる日まで,,75,7,大切な人と喜びを分かち合い、感謝の気持ちを伝える
TRANSIT_SUN,NATAL_JUPITER,0,Health,5,Air,0,Applying,前向きなエネルギーが心身を整えてくれます。,活力が続く日まで,,75,9,身体を動かすことを楽しみ、健康的な生活を謳歌する
TRANSIT_SUN,NATAL_JUPITER,0,General,5,Air,0,Separating,創造性が豊かになり、趣味や楽しみを通じて大きな喜びを得られる時期です。,幸運が広がる日まで,,80,8,心から楽しめる活動に時間を使い、自分の感性を解放する
TRANSIT_SUN,NATAL_JUPITER,0,Work,5,Air,0,Separating,仕事での発展が期待できる時期です。,成果が認められる日まで,,75,7,新しいアイデアを業務に活かしてみる
TRANSIT_SUN,NATAL_JUPITER,0,Money,5,Air,0,Separating,経済的な発展が期待できる幸運な時です。,資産が増える日まで,,70,6,長期的な資産運用の計画を再確認し、必要なら調整する
TRANSIT_SUN,NATAL_JUPITER,0,Love,5,Air,0,Separating,寛大な心で人と接することで絆が深まります。,愛が満たされる日まで,,75,7,大切な人と喜びを分かち合い、感謝の気持ちを伝える
TRANSIT_SUN,NATAL_JUPITER,0,Health,5,Air,0,Separating,前向きなエネルギーが心身を整えてくれます。,活力が続く日まで,,75,9,身体を動かすことを楽しみ、健康的な生活を謳歌する
TRANSIT_SUN,NATAL_JUPITER,0,General,5,Air,1,Applying,創造性が豊かになり、趣味や楽しみを通じて大きな喜びを得られる時期です。,幸運が広がる日まで,,80,8,心から楽しめる活動に時間を使い、自分の感性を解放する
TRANSIT_SUN,NATAL_JUPITER,0,Work,5,Air,1,Applying,仕事での発展が期待できる時期です。,成果が認められる日まで,,75,7,新しいアイデアを業務に活かしてみる
TRANSIT_SUN,NATAL_JUPITER,0,Money,5,Air,1,Applying,経済的な発展が期待できる幸運な時です。,資産が増える日まで,,70,6,長期的な資産運用の計画を再確認し、必要なら調整する
TRANSIT_SUN,NATAL_JUPITER,0,Love,5,Air,1,Applying,寛大な心で人と接することで絆が深まります。,愛が満たされる日まで,,75,7,大切な人と喜びを分かち合い、感謝の気持ちを伝える
TRANSIT_SUN,NATAL_JUPITER,0,Health,5,Air,1,Applying,前向きなエネルギーが心身を整えてくれます。,活力が続く日まで,,75,9,身体を動かすことを楽しみ、健康的な生活を謳歌する
TRANSIT_SUN,NATAL_JUPITER,0,General,5,Air,1,Separating,創造性が豊かになり、趣味や楽しみを通じて大きな喜びを得られる時期です。,幸運が広がる日まで,,80,8,心から楽しめる活動に時間を使い、自分の感性を解放する
TRANSIT_SUN,NATAL_JUPITER,0,Work,5,Air,1,Separating,仕事での発展が期待できる時期です。,成果が認められる日まで,,75,7,新しいアイデアを業務に活かしてみる
TRANSIT_SUN,NATAL_JUPITER,0,Money,5,Air,1,Separating,経済的な発展が期待できる幸運な時です。,資産が増える日まで,,70,6,長期的な資産運用の計画を再確認し、必要なら調整する
TRANSIT_SUN,NATAL_JUPITER,0,Love,5,Air,1,Separating,寛大な心で人と接することで絆が深まります。,愛が満たされる日まで,,75,7,大切な人と喜びを分かち合い、感謝の気持ちを伝える
TRANSIT_SUN,NATAL_JUPITER,0,Health,5,Air,1,Separating,前向きなエネルギーが心身を整えてくれます。,活力が続く日まで,,75,9,身体を動かすことを楽しみ、健康的な生活を謳歌する
TRANSIT_SUN,NATAL_JUPITER,0,General,5,Water,0,Applying,創造性が豊かになり、趣味や楽しみを通じて大きな喜びを得られる時期です。,幸運が広がる日まで,,80,8,心から楽しめる活動に時間を使い、自分の感性を解放する
TRANSIT_SUN,NATAL_JUPITER,0,Work,5,Water,0,Applying,仕事での発展が期待できる時期です。,成果が認められる日まで,,75,7,新しいアイデアを業務に活かしてみる
TRANSIT_SUN,NATAL_JUPITER,0,Money,5,Water,0,Applying,経済的な発展が期待できる幸運な時です。,資産が増える日まで,,70,6,長期的な資産運用の計画を再確認し、必要なら調整する
TRANSIT_SUN,NATAL_JUPITER,0,Love,5,Water,0,Applying,寛大な心で人と接することで絆が深まります。,愛が満たされる日まで,,75,7,大切な人と喜びを分かち合い、感謝の気持ちを伝える
TRANSIT_SUN,NATAL_JUPITER,0,Health,5,Water,0,Applying,前向きなエネルギーが心身を整えてくれます。,活力が続く日まで,,75,9,身体を動かすことを楽しみ、健康的な生活を謳歌する
TRANSIT_SUN,NATAL_JUPITER,0,General,5,Water,0,Separating,創造性が豊かになり、趣味や楽しみを通じて大きな喜びを得られる時期です。,幸運が広がる日まで,,80,8,心から楽しめる活動に時間を使い、自分の感性を解放する
TRANSIT_SUN,NATAL_JUPITER,0,Work,5,Water,0,Separating,仕事での発展が期待できる時期です。,成果が認められる日まで,,75,7,新しいアイデアを業務に活かしてみる
TRANSIT_SUN,NATAL_JUPITER,0,Money,5,Water,0,Separating,経済的な発展が期待できる幸運な時です。,資産が増える日まで,,70,6,長期的な資産運用の計画を再確認し、必要なら調整する
TRANSIT_SUN,NATAL_JUPITER,0,Love,5,Water,0,Separating,寛大な心で人と接することで絆が深まります。,愛が満たされる日まで,,75,7,大切な人と喜びを分かち合い、感謝の気持ちを伝える
TRANSIT_SUN,NATAL_JUPITER,0,Health,5,Water,0,Separating,前向きなエネルギーが心身を整えてくれます。,活力が続く日まで,,75,9,身体を動かすことを楽しみ、健康的な生活を謳歌する
TRANSIT_SUN,NATAL_JUPITER,0,General,5,Water,1,Applying,創造性が豊かになり、趣味や楽しみを通じて大きな喜びを得られる時期です。,幸運が広がる日まで,,80,8,心から楽しめる活動に時間を使い、自分の感性を解放する
TRANSIT_SUN,NATAL_JUPITER,0,Work,5,Water,1,Applying,仕事での発展が期待できる時期です。,成果が認められる日まで,,75,7,新しいアイデアを業務に活かしてみる
TRANSIT_SUN,NATAL_JUPITER,0,Money,5,Water,1,Applying,経済的な発展が期待できる幸運な時です。,資産が増える日まで,,70,6,長期的な資産運用の計画を再確認し、必要なら調整する
TRANSIT_SUN,NATAL_JUPITER,0,Love,5,Water,1,Applying,寛大な心で人と接することで絆が深まります。,愛が満たされる日まで,,75,7,大切な人と喜びを分かち合い、感謝の気持ちを伝える
TRANSIT_SUN,NATAL_JUPITER,0,Health,5,Water,1,Applying,前向きなエネルギーが心身を整えてくれます。,活力が続く日まで,,75,9,身体を動かすことを楽しみ、健康的な生活を謳歌する
TRANSIT_SUN,NATAL_JUPITER,0,General,5,Water,1,Separating,創造性が豊かになり、趣味や楽しみを通じて大きな喜びを得られる時期です。,幸運が広がる日まで,,80,8,心から楽しめる活動に時間を使い、自分の感性を解放する
TRANSIT_SUN,NATAL_JUPITER,0,Work,5,Water,1,Separating,仕事での発展が期待できる時期です。,成果が認められる日まで,,75,7,新しいアイデアを業務に活かしてみる
TRANSIT_SUN,NATAL_JUPITER,0,Money,5,Water,1,Separating,経済的な発展が期待できる幸運な時です。,資産が増える日まで,,70,6,長期的な資産運用の計画を再確認し、必要なら調整する
TRANSIT_SUN,NATAL_JUPITER,0,Love,5,Water,1,Separating,寛大な心で人と接することで絆が深まります。,愛が満たされる日まで,,75,7,大切な人と喜びを分かち合い、感謝の気持ちを伝える
TRANSIT_SUN,NATAL_JUPITER,0,Health,5,Water,1,Separating,前向きなエネルギーが心身を整えてくれます。,活力が続く日まで,,75,9,身体を動かすことを楽しみ、健康的な生活を謳歌する
TRANSIT_SUN,NATAL_JUPITER,0,General,6,Fire,0,Applying,仕事の効率が上がり、健康面でも前向きな改善が期待できる時期です。,幸運が広がる日まで,,80,8,業務フローの改善や、新しい健康習慣を1つ取り入れる
TRANSIT_SUN,NATAL_JUPITER,0,Work,6,Fire,0,Applying,仕事での発展が期待できる時期です。,成果が認められる日まで,,75,7,新しいアイデアを業務に活かしてみる
TRANSIT_SUN,NATAL_JUPITER,0,Money,6,Fire,0,Applying,経済的な発展が期待できる幸運な時です。,資産が増える日まで,,70,6,長期的な資産運用の計画を再確認し、必要なら調整する
TRANSIT_SUN,NATAL_JUPITER,0,Love,6,Fire,0,Applying,寛大な心で人と接することで絆が深まります。,愛が満たされる日まで,,75,7,大切な人と喜びを分かち合い、感謝の気持ちを伝える
TRANSIT_SUN,NATAL_JUPITER,0,Health,6,Fire,0,Applying,前向きなエネルギーが心身を整えてくれます。,活力が続く日まで,,75,9,身体を動かすことを楽しみ、健康的な生活を謳歌する
TRANSIT_SUN,NATAL_JUPITER,0,General,6,Fire,0,Separating,仕事の効率が上がり、健康面でも前向きな改善が期待できる時期です。,幸運が広がる日まで,,80,8,業務フローの改善や、新しい健康習慣を1つ取り入れる
TRANSIT_SUN,NATAL_JUPITER,0,Work,6,Fire,0,Separating,仕事での発展が期待できる時期です。,成果が認められる日まで,,75,7,新しいアイデアを業務に活かしてみる
TRANSIT_SUN,NATAL_JUPITER,0,Money,6,Fire,0,Separating,経済的な発展が期待できる幸運な時です。,資産が増える日まで,,70,6,長期的な資産運用の計画を再確認し、必要なら調整する
TRANSIT_SUN,NATAL_JUPITER,0,Love,6,Fire,0,Separating,寛大な心で人と接することで絆が深まります。,愛が満たされる日まで,,75,7,大切な人と喜びを分かち合い、感謝の気持ちを伝える
TRANSIT_SUN,NATAL_JUPITER,0,Health,6,Fire,0,Separating,前向きなエネルギーが心身を整えてくれます。,活力が続く日まで,,75,9,身体を動かすことを楽しみ、健康的な生活を謳歌する
TRANSIT_SUN,NATAL_JUPITER,0,General,6,Fire,1,Applying,仕事の効率が上がり、健康面でも前向きな改善が期待できる時期です。,幸運が広がる日まで,,80,8,業務フローの改善や、新しい健康習慣を1つ取り入れる
TRANSIT_SUN,NATAL_JUPITER,0,Work,6,Fire,1,Applying,仕事での発展が期待できる時期です。,成果が認められる日まで,,75,7,新しいアイデアを業務に活かしてみる
TRANSIT_SUN,NATAL_JUPITER,0,Money,6,Fire,1,Applying,経済的な発展が期待できる幸運な時です。,資産が増える日まで,,70,6,長期的な資産運用の計画を再確認し、必要なら調整する
TRANSIT_SUN,NATAL_JUPITER,0,Love,6,Fire,1,Applying,寛大な心で人と接することで絆が深まります。,愛が満たされる日まで,,75,7,大切な人と喜びを分かち合い、感謝の気持ちを伝える
TRANSIT_SUN,NATAL_JUPITER,0,Health,6,Fire,1,Applying,前向きなエネルギーが心身を整えてくれます。,活力が続く日まで,,75,9,身体を動かすことを楽しみ、健康的な生活を謳歌する
TRANSIT_SUN,NATAL_JUPITER,0,General,6,Fire,1,Separating,仕事の効率が上がり、健康面でも前向きな改善が期待できる時期です。,幸運が広がる日まで,,80,8,業務フローの改善や、新しい健康習慣を1つ取り入れる
TRANSIT_SUN,NATAL_JUPITER,0,Work,6,Fire,1,Separating,仕事での発展が期待できる時期です。,成果が認められる日まで,,75,7,新しいアイデアを業務に活かしてみる
TRANSIT_SUN,NATAL_JUPITER,0,Money,6,Fire,1,Separating,経済的な発展が期待できる幸運な時です。,資産が増える日まで,,70,6,長期的な資産運用の計画を再確認し、必要なら調整する
TRANSIT_SUN,NATAL_JUPITER,0,Love,6,Fire,1,Separating,寛大な心で人と接することで絆が深まります。,愛が満たされる日まで,,75,7,大切な人と喜びを分かち合い、感謝の気持ちを伝える
TRANSIT_SUN,NATAL_JUPITER,0,Health,6,Fire,1,Separating,前向きなエネルギーが心身を整えてくれます。,活力が続く日まで,,75,9,身体を動かすことを楽しみ、健康的な生活を謳歌する
TRANSIT_SUN,NATAL_JUPITER,0,General,6,Earth,0,Applying,仕事の効率が上がり、健康面でも前向きな改善が期待できる時期です。,幸運が広がる日まで,,80,8,業務フローの改善や、新しい健康習慣を1つ取り入れる
TRANSIT_SUN,NATAL_JUPITER,0,Work,6,Earth,0,Applying,仕事での発展が期待できる時期です。,成果が認められる日まで,,75,7,新しいアイデアを業務に活かしてみる
TRANSIT_SUN,NATAL_JUPITER,0,Money,6,Earth,0,Applying,経済的な発展が期待できる幸運な時です。,資産が増える日まで,,70,6,長期的な資産運用の計画を再確認し、必要なら調整する
TRANSIT_SUN,NATAL_JUPITER,0,Love,6,Earth,0,Applying,寛大な心で人と接することで絆が深まります。,愛が満たされる日まで,,75,7,大切な人と喜びを分かち合い、感謝の気持ちを伝える
TRANSIT_SUN,NATAL_JUPITER,0,Health,6,Earth,0,Applying,前向きなエネルギーが心身を整えてくれます。,活力が続く日まで,,75,9,身体を動かすことを楽しみ、健康的な生活を謳歌する
TRANSIT_SUN,NATAL_JUPITER,0,General,6,Earth,0,Separating,仕事の効率が上がり、健康面でも前向きな改善が期待できる時期です。,幸運が広がる日まで,,80,8,業務フローの改善や、新しい健康習慣を1つ取り入れる
TRANSIT_SUN,NATAL_JUPITER,0,Work,6,Earth,0,Separating,仕事での発展が期待できる時期です。,成果が認められる日まで,,75,7,新しいアイデアを業務に活かしてみる
TRANSIT_SUN,NATAL_JUPITER,0,Money,6,Earth,0,Separating,経済的な発展が期待できる幸運な時です。,資産が増える日まで,,70,6,長期的な資産運用の計画を再確認し、必要なら調整する
TRANSIT_SUN,NATAL_JUPITER,0,Love,6,Earth,0,Separating,寛大な心で人と接することで絆が深まります。,愛が満たされる日まで,,75,7,大切な人と喜びを分かち合い、感謝の気持ちを伝える
TRANSIT_SUN,NATAL_JUPITER,0,Health,6,Earth,0,Separating,前向きなエネルギーが心身を整えてくれます。,活力が続く日まで,,75,9,身体を動かすことを楽しみ、健康的な生活を謳歌する
TRANSIT_SUN,NATAL_JUPITER,0,General,6,Earth,1,Applying,仕事の効率が上がり、健康面でも前向きな改善が期待できる時期です。,幸運が広がる日まで,,80,8,業務フローの改善や、新しい健康習慣を1つ取り入れる
TRANSIT_SUN,NATAL_JUPITER,0,Work,6,Earth,1,Applying,仕事での発展が期待できる時期です。,成果が認められる日まで,,75,7,新しいアイデアを業務に活かしてみる
TRANSIT_SUN,NATAL_JUPITER,0,Money,6,Earth,1,Applying,経済的な発展が期待できる幸運な時です。,資産が増える日まで,,70,6,長期的な資産運用の計画を再確認し、必要なら調整する
TRANSIT_SUN,NATAL_JUPITER,0,Love,6,Earth,1,Applying,寛大な心で人と接することで絆が深まります。,愛が満たされる日まで,,75,7,大切な人と喜びを分かち合い、感謝の気持ちを伝える
TRANSIT_SUN,NATAL_JUPITER,0,Health,6,Earth,1,Applying,前向きなエネルギーが心身を整えてくれます。,活力が続く日まで,,75,9,身体を動かすことを楽しみ、健康的な生活を謳歌する
TRANSIT_SUN,NATAL_JUPITER,0,General,6,Earth,1,Separating,仕事の効率が上がり、健康面でも前向きな改善が期待できる時期です。,幸運が広がる日まで,,80,8,業務フローの改善や、新しい健康習慣を1つ取り入れる
TRANSIT_SUN,NATAL_JUPITER,0,Work,6,Earth,1,Separating,仕事での発展が期待できる時期です。,成果が認められる日まで,,75,7,新しいアイデアを業務に活かしてみる
TRANSIT_SUN,NATAL_JUPITER,0,Money,6,Earth,1,Separating,経済的な発展が期待できる幸運な時です。,資産が増える日まで,,70,6,長期的な資産運用の計画を再確認し、必要なら調整する
TRANSIT_SUN,NATAL_JUPITER,0,Love,6,Earth,1,Separating,寛大な心で人と接することで絆が深まります。,愛が満たされる日まで,,75,7,大切な人と喜びを分かち合い、感謝の気持ちを伝える
TRANSIT_SUN,NATAL_JUPITER,0,Health,6,Earth,1,Separating,前向きなエネルギーが心身を整えてくれます。,活力が続く日まで,,75,9,身体を動かすことを楽しみ、健康的な生活を謳歌する
TRANSIT_SUN,NATAL_JUPITER,0,General,6,Air,0,Applying,仕事の効率が上がり、健康面でも前向きな改善が期待できる時期です。,幸運が広がる日まで,,80,8,業務フローの改善や、新しい健康習慣を1つ取り入れる
TRANSIT_SUN,NATAL_JUPITER,0,Work,6,Air,0,Applying,仕事での発展が期待できる時期です。,成果が認められる日まで,,75,7,新しいアイデアを業務に活かしてみる
TRANSIT_SUN,NATAL_JUPITER,0,Money,6,Air,0,Applying,経済的な発展が期待できる幸運な時です。,資産が増える日まで,,70,6,長期的な資産運用の計画を再確認し、必要なら調整する
TRANSIT_SUN,NATAL_JUPITER,0,Love,6,Air,0,Applying,寛大な心で人と接することで絆が深まります。,愛が満たされる日まで,,75,7,大切な人と喜びを分かち合い、感謝の気持ちを伝える
TRANSIT_SUN,NATAL_JUPITER,0,Health,6,Air,0,Applying,前向きなエネルギーが心身を整えてくれます。,活力が続く日まで,,75,9,身体を動かすことを楽しみ、健康的な生活を謳歌する
TRANSIT_SUN,NATAL_JUPITER,0,General,6,Air,0,Separating,仕事の効率が上がり、健康面でも前向きな改善が期待できる時期です。,幸運が広がる日まで,,80,8,業務フローの改善や、新しい健康習慣を1つ取り入れる
TRANSIT_SUN,NATAL_JUPITER,0,Work,6,Air,0,Separating,仕事での発展が期待できる時期です。,成果が認められる日まで,,75,7,新しいアイデアを業務に活かしてみる
TRANSIT_SUN,NATAL_JUPITER,0,Money,6,Air,0,Separating,経済的な発展が期待できる幸運な時です。,資産が増える日まで,,70,6,長期的な資産運用の計画を再確認し、必要なら調整する
TRANSIT_SUN,NATAL_JUPITER,0,Love,6,Air,0,Separating,寛大な心で人と接することで絆が深まります。,愛が満たされる日まで,,75,7,大切な人と喜びを分かち合い、感謝の気持ちを伝える
TRANSIT_SUN,NATAL_JUPITER,0,Health,6,Air,0,Separating,前向きなエネルギーが心身を整えてくれます。,活力が続く日まで,,75,9,身体を動かすことを楽しみ、健康的な生活を謳歌する
TRANSIT_SUN,NATAL_JUPITER,0,General,6,Air,1,Applying,仕事の効率が上がり、健康面でも前向きな改善が期待できる時期です。,幸運が広がる日まで,,80,8,業務フローの改善や、新しい健康習慣を1つ取り入れる
TRANSIT_SUN,NATAL_JUPITER,0,Work,6,Air,1,Applying,仕事での発展が期待できる時期です。,成果が認められる日まで,,75,7,新しいアイデアを業務に活かしてみる
TRANSIT_SUN,NATAL_JUPITER,0,Money,6,Air,1,Applying,経済的な発展が期待できる幸運な時です。,資産が増える日まで,,70,6,長期的な資産運用の計画を再確認し、必要なら調整する
TRANSIT_SUN,NATAL_JUPITER,0,Love,6,Air,1,Applying,寛大な心で人と接することで絆が深まります。,愛が満たされる日まで,,75,7,大切な人と喜びを分かち合い、感謝の気持ちを伝える
TRANSIT_SUN,NATAL_JUPITER,0,Health,6,Air,1,Applying,前向きなエネルギーが心身を整えてくれます。,活力が続く日まで,,75,9,身体を動かすことを楽しみ、健康的な生活を謳歌する
TRANSIT_SUN,NATAL_JUPITER,0,General,6,Air,1,Separating,仕事の効率が上がり、健康面でも前向きな改善が期待できる時期です。,幸運が広がる日まで,,80,8,業務フローの改善や、新しい健康習慣を1つ取り入れる
TRANSIT_SUN,NATAL_JUPITER,0,Work,6,Air,1,Separating,仕事での発展が期待できる時期です。,成果が認められる日まで,,75,7,新しいアイデアを業務に活かしてみる
TRANSIT_SUN,NATAL_JUPITER,0,Money,6,Air,1,Separating,経済的な発展が期待できる幸運な時です。,資産が増える日まで,,70,6,長期的な資産運用の計画を再確認し、必要なら調整する
TRANSIT_SUN,NATAL_JUPITER,0,Love,6,Air,1,Separating,寛大な心で人と接することで絆が深まります。,愛が満たされる日まで,,75,7,大切な人と喜びを分かち合い、感謝の気持ちを伝える
TRANSIT_SUN,NATAL_JUPITER,0,Health,6,Air,1,Separating,前向きなエネルギーが心身を整えてくれます。,活力が続く日まで,,75,9,身体を動かすことを楽しみ、健康的な生活を謳歌する
TRANSIT_SUN,NATAL_JUPITER,0,General,6,Water,0,Applying,仕事の効率が上がり、健康面でも前向きな改善が期待できる時期です。,幸運が広がる日まで,,80,8,業務フローの改善や、新しい健康習慣を1つ取り入れる
TRANSIT_SUN,NATAL_JUPITER,0,Work,6,Water,0,Applying,仕事での発展が期待できる時期です。,成果が認められる日まで,,75,7,新しいアイデアを業務に活かしてみる
TRANSIT_SUN,NATAL_JUPITER,0,Money,6,Water,0,Applying,経済的な発展が期待できる幸運な時です。,資産が増える日まで,,70,6,長期的な資産運用の計画を再確認し、必要なら調整する
TRANSIT_SUN,NATAL_JUPITER,0,Love,6,Water,0,Applying,寛大な心で人と接することで絆が深まります。,愛が満たされる日まで,,75,7,大切な人と喜びを分かち合い、感謝の気持ちを伝える
TRANSIT_SUN,NATAL_JUPITER,0,Health,6,Water,0,Applying,前向きなエネルギーが心身を整えてくれます。,活力が続く日まで,,75,9,身体を動かすことを楽しみ、健康的な生活を謳歌する
TRANSIT_SUN,NATAL_JUPITER,0,General,6,Water,0,Separating,仕事の効率が上がり、健康面でも前向きな改善が期待できる時期です。,幸運が広がる日まで,,80,8,業務フローの改善や、新しい健康習慣を1つ取り入れる
TRANSIT_SUN,NATAL_JUPITER,0,Work,6,Water,0,Separating,仕事での発展が期待できる時期です。,成果が認められる日まで,,75,7,新しいアイデアを業務に活かしてみる
TRANSIT_SUN,NATAL_JUPITER,0,Money,6,Water,0,Separating,経済的な発展が期待できる幸運な時です。,資産が増える日まで,,70,6,長期的な資産運用の計画を再確認し、必要なら調整する
TRANSIT_SUN,NATAL_JUPITER,0,Love,6,Water,0,Separating,寛大な心で人と接することで絆が深まります。,愛が満たされる日まで,,75,7,大切な人と喜びを分かち合い、感謝の気持ちを伝える
TRANSIT_SUN,NATAL_JUPITER,0,Health,6,Water,0,Separating,前向きなエネルギーが心身を整えてくれます。,活力が続く日まで,,75,9,身体を動かすことを楽しみ、健康的な生活を謳歌する
TRANSIT_SUN,NATAL_JUPITER,0,General,6,Water,1,Applying,仕事の効率が上がり、健康面でも前向きな改善が期待できる時期です。,幸運が広がる日まで,,80,8,業務フローの改善や、新しい健康習慣を1つ取り入れる
TRANSIT_SUN,NATAL_JUPITER,0,Work,6,Water,1,Applying,仕事での発展が期待できる時期です。,成果が認められる日まで,,75,7,新しいアイデアを業務に活かしてみる
TRANSIT_SUN,NATAL_JUPITER,0,Money,6,Water,1,Applying,経済的な発展が期待できる幸運な時です。,資産が増える日まで,,70,6,長期的な資産運用の計画を再確認し、必要なら調整する
TRANSIT_SUN,NATAL_JUPITER,0,Love,6,Water,1,Applying,寛大な心で人と接することで絆が深まります。,愛が満たされる日まで,,75,7,大切な人と喜びを分かち合い、感謝の気持ちを伝える
TRANSIT_SUN,NATAL_JUPITER,0,Health,6,Water,1,Applying,前向きなエネルギーが心身を整えてくれます。,活力が続く日まで,,75,9,身体を動かすことを楽しみ、健康的な生活を謳歌する
TRANSIT_SUN,NATAL_JUPITER,0,General,6,Water,1,Separating,仕事の効率が上がり、健康面でも前向きな改善が期待できる時期です。,幸運が広がる日まで,,80,8,業務フローの改善や、新しい健康習慣を1つ取り入れる
TRANSIT_SUN,NATAL_JUPITER,0,Work,6,Water,1,Separating,仕事での発展が期待できる時期です。,成果が認められる日まで,,75,7,新しいアイデアを業務に活かしてみる
TRANSIT_SUN,NATAL_JUPITER,0,Money,6,Water,1,Separating,経済的な発展が期待できる幸運な時です。,資産が増える日まで,,70,6,長期的な資産運用の計画を再確認し、必要なら調整する
TRANSIT_SUN,NATAL_JUPITER,0,Love,6,Water,1,Separating,寛大な心で人と接することで絆が深まります。,愛が満たされる日まで,,75,7,大切な人と喜びを分かち合い、感謝の気持ちを伝える
TRANSIT_SUN,NATAL_JUPITER,0,Health,6,Water,1,Separating,前向きなエネルギーが心身を整えてくれます。,活力が続く日まで,,75,9,身体を動かすことを楽しみ、健康的な生活を謳歌する
TRANSIT_SUN,NATAL_JUPITER,0,General,7,Fire,0,Applying,対人関係において素晴らしい協力者が現れ、絆が広がる幸運な時期です。,幸運が広がる日まで,,80,8,パートナーや重要な相手と将来の展望を前向きに話し合う
TRANSIT_SUN,NATAL_JUPITER,0,Work,7,Fire,0,Applying,仕事での発展が期待できる時期です。,成果が認められる日まで,,75,7,新しいアイデアを業務に活かしてみる
TRANSIT_SUN,NATAL_JUPITER,0,Money,7,Fire,0,Applying,経済的な発展が期待できる幸運な時です。,資産が増える日まで,,70,6,長期的な資産運用の計画を再確認し、必要なら調整する
TRANSIT_SUN,NATAL_JUPITER,0,Love,7,Fire,0,Applying,寛大な心で人と接することで絆が深まります。,愛が満たされる日まで,,75,7,大切な人と喜びを分かち合い、感謝の気持ちを伝える
TRANSIT_SUN,NATAL_JUPITER,0,Health,7,Fire,0,Applying,前向きなエネルギーが心身を整えてくれます。,活力が続く日まで,,75,9,身体を動かすことを楽しみ、健康的な生活を謳歌する
TRANSIT_SUN,NATAL_JUPITER,0,General,7,Fire,0,Separating,対人関係において素晴らしい協力者が現れ、絆が広がる幸運な時期です。,幸運が広がる日まで,,80,8,パートナーや重要な相手と将来の展望を前向きに話し合う
TRANSIT_SUN,NATAL_JUPITER,0,Work,7,Fire,0,Separating,仕事での発展が期待できる時期です。,成果が認められる日まで,,75,7,新しいアイデアを業務に活かしてみる
TRANSIT_SUN,NATAL_JUPITER,0,Money,7,Fire,0,Separating,経済的な発展が期待できる幸運な時です。,資産が増える日まで,,70,6,長期的な資産運用の計画を再確認し、必要なら調整する
TRANSIT_SUN,NATAL_JUPITER,0,Love,7,Fire,0,Separating,寛大な心で人と接することで絆が深まります。,愛が満たされる日まで,,75,7,大切な人と喜びを分かち合い、感謝の気持ちを伝える
TRANSIT_SUN,NATAL_JUPITER,0,Health,7,Fire,0,Separating,前向きなエネルギーが心身を整えてくれます。,活力が続く日まで,,75,9,身体を動かすことを楽しみ、健康的な生活を謳歌する
TRANSIT_SUN,NATAL_JUPITER,0,General,7,Fire,1,Applying,対人関係において素晴らしい協力者が現れ、絆が広がる幸運な時期です。,幸運が広がる日まで,,80,8,パートナーや重要な相手と将来の展望を前向きに話し合う
TRANSIT_SUN,NATAL_JUPITER,0,Work,7,Fire,1,Applying,仕事での発展が期待できる時期です。,成果が認められる日まで,,75,7,新しいアイデアを業務に活かしてみる
TRANSIT_SUN,NATAL_JUPITER,0,Money,7,Fire,1,Applying,経済的な発展が期待できる幸運な時です。,資産が増える日まで,,70,6,長期的な資産運用の計画を再確認し、必要なら調整する
TRANSIT_SUN,NATAL_JUPITER,0,Love,7,Fire,1,Applying,寛大な心で人と接することで絆が深まります。,愛が満たされる日まで,,75,7,大切な人と喜びを分かち合い、感謝の気持ちを伝える
TRANSIT_SUN,NATAL_JUPITER,0,Health,7,Fire,1,Applying,前向きなエネルギーが心身を整えてくれます。,活力が続く日まで,,75,9,身体を動かすことを楽しみ、健康的な生活を謳歌する
TRANSIT_SUN,NATAL_JUPITER,0,General,7,Fire,1,Separating,対人関係において素晴らしい協力者が現れ、絆が広がる幸運な時期です。,幸運が広がる日まで,,80,8,パートナーや重要な相手と将来の展望を前向きに話し合う
TRANSIT_SUN,NATAL_JUPITER,0,Work,7,Fire,1,Separating,仕事での発展が期待できる時期です。,成果が認められる日まで,,75,7,新しいアイデアを業務に活かしてみる
TRANSIT_SUN,NATAL_JUPITER,0,Money,7,Fire,1,Separating,経済的な発展が期待できる幸運な時です。,資産が増える日まで,,70,6,長期的な資産運用の計画を再確認し、必要なら調整する
TRANSIT_SUN,NATAL_JUPITER,0,Love,7,Fire,1,Separating,寛大な心で人と接することで絆が深まります。,愛が満たされる日まで,,75,7,大切な人と喜びを分かち合い、感謝の気持ちを伝える
TRANSIT_SUN,NATAL_JUPITER,0,Health,7,Fire,1,Separating,前向きなエネルギーが心身を整えてくれます。,活力が続く日まで,,75,9,身体を動かすことを楽しみ、健康的な生活を謳歌する
TRANSIT_SUN,NATAL_JUPITER,0,General,7,Earth,0,Applying,対人関係において素晴らしい協力者が現れ、絆が広がる幸運な時期です。,幸運が広がる日まで,,80,8,パートナーや重要な相手と将来の展望を前向きに話し合う
TRANSIT_SUN,NATAL_JUPITER,0,Work,7,Earth,0,Applying,仕事での発展が期待できる時期です。,成果が認められる日まで,,75,7,新しいアイデアを業務に活かしてみる
TRANSIT_SUN,NATAL_JUPITER,0,Money,7,Earth,0,Applying,経済的な発展が期待できる幸運な時です。,資産が増える日まで,,70,6,長期的な資産運用の計画を再確認し、必要なら調整する
TRANSIT_SUN,NATAL_JUPITER,0,Love,7,Earth,0,Applying,寛大な心で人と接することで絆が深まります。,愛が満たされる日まで,,75,7,大切な人と喜びを分かち合い、感謝の気持ちを伝える
TRANSIT_SUN,NATAL_JUPITER,0,Health,7,Earth,0,Applying,前向きなエネルギーが心身を整えてくれます。,活力が続く日まで,,75,9,身体を動かすことを楽しみ、健康的な生活を謳歌する
TRANSIT_SUN,NATAL_JUPITER,0,General,7,Earth,0,Separating,対人関係において素晴らしい協力者が現れ、絆が広がる幸運な時期です。,幸運が広がる日まで,,80,8,パートナーや重要な相手と将来の展望を前向きに話し合う
TRANSIT_SUN,NATAL_JUPITER,0,Work,7,Earth,0,Separating,仕事での発展が期待できる時期です。,成果が認められる日まで,,75,7,新しいアイデアを業務に活かしてみる
TRANSIT_SUN,NATAL_JUPITER,0,Money,7,Earth,0,Separating,経済的な発展が期待できる幸運な時です。,資産が増える日まで,,70,6,長期的な資産運用の計画を再確認し、必要なら調整する
TRANSIT_SUN,NATAL_JUPITER,0,Love,7,Earth,0,Separating,寛大な心で人と接することで絆が深まります。,愛が満たされる日まで,,75,7,大切な人と喜びを分かち合い、感謝の気持ちを伝える
TRANSIT_SUN,NATAL_JUPITER,0,Health,7,Earth,0,Separating,前向きなエネルギーが心身を整えてくれます。,活力が続く日まで,,75,9,身体を動かすことを楽しみ、健康的な生活を謳歌する
TRANSIT_SUN,NATAL_JUPITER,0,General,7,Earth,1,Applying,対人関係において素晴らしい協力者が現れ、絆が広がる幸運な時期です。,幸運が広がる日まで,,80,8,パートナーや重要な相手と将来の展望を前向きに話し合う
TRANSIT_SUN,NATAL_JUPITER,0,Work,7,Earth,1,Applying,仕事での発展が期待できる時期です。,成果が認められる日まで,,75,7,新しいアイデアを業務に活かしてみる
TRANSIT_SUN,NATAL_JUPITER,0,Money,7,Earth,1,Applying,経済的な発展が期待できる幸運な時です。,資産が増える日まで,,70,6,長期的な資産運用の計画を再確認し、必要なら調整する
TRANSIT_SUN,NATAL_JUPITER,0,Love,7,Earth,1,Applying,寛大な心で人と接することで絆が深まります。,愛が満たされる日まで,,75,7,大切な人と喜びを分かち合い、感謝の気持ちを伝える
TRANSIT_SUN,NATAL_JUPITER,0,Health,7,Earth,1,Applying,前向きなエネルギーが心身を整えてくれます。,活力が続く日まで,,75,9,身体を動かすことを楽しみ、健康的な生活を謳歌する
TRANSIT_SUN,NATAL_JUPITER,0,General,7,Earth,1,Separating,対人関係において素晴らしい協力者が現れ、絆が広がる幸運な時期です。,幸運が広がる日まで,,80,8,パートナーや重要な相手と将来の展望を前向きに話し合う
TRANSIT_SUN,NATAL_JUPITER,0,Work,7,Earth,1,Separating,仕事での発展が期待できる時期です。,成果が認められる日まで,,75,7,新しいアイデアを業務に活かしてみる
TRANSIT_SUN,NATAL_JUPITER,0,Money,7,Earth,1,Separating,経済的な発展が期待できる幸運な時です。,資産が増える日まで,,70,6,長期的な資産運用の計画を再確認し、必要なら調整する
TRANSIT_SUN,NATAL_JUPITER,0,Love,7,Earth,1,Separating,寛大な心で人と接することで絆が深まります。,愛が満たされる日まで,,75,7,大切な人と喜びを分かち合い、感謝の気持ちを伝える
TRANSIT_SUN,NATAL_JUPITER,0,Health,7,Earth,1,Separating,前向きなエネルギーが心身を整えてくれます。,活力が続く日まで,,75,9,身体を動かすことを楽しみ、健康的な生活を謳歌する
TRANSIT_SUN,NATAL_JUPITER,0,General,7,Air,0,Applying,対人関係において素晴らしい協力者が現れ、絆が広がる幸運な時期です。,幸運が広がる日まで,,80,8,パートナーや重要な相手と将来の展望を前向きに話し合う
TRANSIT_SUN,NATAL_JUPITER,0,Work,7,Air,0,Applying,仕事での発展が期待できる時期です。,成果が認められる日まで,,75,7,新しいアイデアを業務に活かしてみる
TRANSIT_SUN,NATAL_JUPITER,0,Money,7,Air,0,Applying,経済的な発展が期待できる幸運な時です。,資産が増える日まで,,70,6,長期的な資産運用の計画を再確認し、必要なら調整する
TRANSIT_SUN,NATAL_JUPITER,0,Love,7,Air,0,Applying,寛大な心で人と接することで絆が深まります。,愛が満たされる日まで,,75,7,大切な人と喜びを分かち合い、感謝の気持ちを伝える
TRANSIT_SUN,NATAL_JUPITER,0,Health,7,Air,0,Applying,前向きなエネルギーが心身を整えてくれます。,活力が続く日まで,,75,9,身体を動かすことを楽しみ、健康的な生活を謳歌する
TRANSIT_SUN,NATAL_JUPITER,0,General,7,Air,0,Separating,対人関係において素晴らしい協力者が現れ、絆が広がる幸運な時期です。,幸運が広がる日まで,,80,8,パートナーや重要な相手と将来の展望を前向きに話し合う
TRANSIT_SUN,NATAL_JUPITER,0,Work,7,Air,0,Separating,仕事での発展が期待できる時期です。,成果が認められる日まで,,75,7,新しいアイデアを業務に活かしてみる
TRANSIT_SUN,NATAL_JUPITER,0,Money,7,Air,0,Separating,経済的な発展が期待できる幸運な時です。,資産が増える日まで,,70,6,長期的な資産運用の計画を再確認し、必要なら調整する
TRANSIT_SUN,NATAL_JUPITER,0,Love,7,Air,0,Separating,寛大な心で人と接することで絆が深まります。,愛が満たされる日まで,,75,7,大切な人と喜びを分かち合い、感謝の気持ちを伝える
TRANSIT_SUN,NATAL_JUPITER,0,Health,7,Air,0,Separating,前向きなエネルギーが心身を整えてくれます。,活力が続く日まで,,75,9,身体を動かすことを楽しみ、健康的な生活を謳歌する
TRANSIT_SUN,NATAL_JUPITER,0,General,7,Air,1,Applying,対人関係において素晴らしい協力者が現れ、絆が広がる幸運な時期です。,幸運が広がる日まで,,80,8,パートナーや重要な相手と将来の展望を前向きに話し合う
TRANSIT_SUN,NATAL_JUPITER,0,Work,7,Air,1,Applying,仕事での発展が期待できる時期です。,成果が認められる日まで,,75,7,新しいアイデアを業務に活かしてみる
TRANSIT_SUN,NATAL_JUPITER,0,Money,7,Air,1,Applying,経済的な発展が期待できる幸運な時です。,資産が増える日まで,,70,6,長期的な資産運用の計画を再確認し、必要なら調整する
TRANSIT_SUN,NATAL_JUPITER,0,Love,7,Air,1,Applying,寛大な心で人と接することで絆が深まります。,愛が満たされる日まで,,75,7,大切な人と喜びを分かち合い、感謝の気持ちを伝える
TRANSIT_SUN,NATAL_JUPITER,0,Health,7,Air,1,Applying,前向きなエネルギーが心身を整えてくれます。,活力が続く日まで,,75,9,身体を動かすことを楽しみ、健康的な生活を謳歌する
TRANSIT_SUN,NATAL_JUPITER,0,General,7,Air,1,Separating,対人関係において素晴らしい協力者が現れ、絆が広がる幸運な時期です。,幸運が広がる日まで,,80,8,パートナーや重要な相手と将来の展望を前向きに話し合う
TRANSIT_SUN,NATAL_JUPITER,0,Work,7,Air,1,Separating,仕事での発展が期待できる時期です。,成果が認められる日まで,,75,7,新しいアイデアを業務に活かしてみる
TRANSIT_SUN,NATAL_JUPITER,0,Money,7,Air,1,Separating,経済的な発展が期待できる幸運な時です。,資産が増える日まで,,70,6,長期的な資産運用の計画を再確認し、必要なら調整する
TRANSIT_SUN,NATAL_JUPITER,0,Love,7,Air,1,Separating,寛大な心で人と接することで絆が深まります。,愛が満たされる日まで,,75,7,大切な人と喜びを分かち合い、感謝の気持ちを伝える
TRANSIT_SUN,NATAL_JUPITER,0,Health,7,Air,1,Separating,前向きなエネルギーが心身を整えてくれます。,活力が続く日まで,,75,9,身体を動かすことを楽しみ、健康的な生活を謳歌する
TRANSIT_SUN,NATAL_JUPITER,0,General,7,Water,0,Applying,対人関係において素晴らしい協力者が現れ、絆が広がる幸運な時期です。,幸運が広がる日まで,,80,8,パートナーや重要な相手と将来の展望を前向きに話し合う
TRANSIT_SUN,NATAL_JUPITER,0,Work,7,Water,0,Applying,仕事での発展が期待できる時期です。,成果が認められる日まで,,75,7,新しいアイデアを業務に活かしてみる
TRANSIT_SUN,NATAL_JUPITER,0,Money,7,Water,0,Applying,経済的な発展が期待できる幸運な時です。,資産が増える日まで,,70,6,長期的な資産運用の計画を再確認し、必要なら調整する
TRANSIT_SUN,NATAL_JUPITER,0,Love,7,Water,0,Applying,寛大な心で人と接することで絆が深まります。,愛が満たされる日まで,,75,7,大切な人と喜びを分かち合い、感謝の気持ちを伝える
TRANSIT_SUN,NATAL_JUPITER,0,Health,7,Water,0,Applying,前向きなエネルギーが心身を整えてくれます。,活力が続く日まで,,75,9,身体を動かすことを楽しみ、健康的な生活を謳歌する
TRANSIT_SUN,NATAL_JUPITER,0,General,7,Water,0,Separating,対人関係において素晴らしい協力者が現れ、絆が広がる幸運な時期です。,幸運が広がる日まで,,80,8,パートナーや重要な相手と将来の展望を前向きに話し合う
TRANSIT_SUN,NATAL_JUPITER,0,Work,7,Water,0,Separating,仕事での発展が期待できる時期です。,成果が認められる日まで,,75,7,新しいアイデアを業務に活かしてみる
TRANSIT_SUN,NATAL_JUPITER,0,Money,7,Water,0,Separating,経済的な発展が期待できる幸運な時です。,資産が増える日まで,,70,6,長期的な資産運用の計画を再確認し、必要なら調整する
TRANSIT_SUN,NATAL_JUPITER,0,Love,7,Water,0,Separating,寛大な心で人と接することで絆が深まります。,愛が満たされる日まで,,75,7,大切な人と喜びを分かち合い、感謝の気持ちを伝える
TRANSIT_SUN,NATAL_JUPITER,0,Health,7,Water,0,Separating,前向きなエネルギーが心身を整えてくれます。,活力が続く日まで,,75,9,身体を動かすことを楽しみ、健康的な生活を謳歌する
TRANSIT_SUN,NATAL_JUPITER,0,General,7,Water,1,Applying,対人関係において素晴らしい協力者が現れ、絆が広がる幸運な時期です。,幸運が広がる日まで,,80,8,パートナーや重要な相手と将来の展望を前向きに話し合う
TRANSIT_SUN,NATAL_JUPITER,0,Work,7,Water,1,Applying,仕事での発展が期待できる時期です。,成果が認められる日まで,,75,7,新しいアイデアを業務に活かしてみる
TRANSIT_SUN,NATAL_JUPITER,0,Money,7,Water,1,Applying,経済的な発展が期待できる幸運な時です。,資産が増える日まで,,70,6,長期的な資産運用の計画を再確認し、必要なら調整する
TRANSIT_SUN,NATAL_JUPITER,0,Love,7,Water,1,Applying,寛大な心で人と接することで絆が深まります。,愛が満たされる日まで,,75,7,大切な人と喜びを分かち合い、感謝の気持ちを伝える
TRANSIT_SUN,NATAL_JUPITER,0,Health,7,Water,1,Applying,前向きなエネルギーが心身を整えてくれます。,活力が続く日まで,,75,9,身体を動かすことを楽しみ、健康的な生活を謳歌する
TRANSIT_SUN,NATAL_JUPITER,0,General,7,Water,1,Separating,対人関係において素晴らしい協力者が現れ、絆が広がる幸運な時期です。,幸運が広がる日まで,,80,8,パートナーや重要な相手と将来の展望を前向きに話し合う
TRANSIT_SUN,NATAL_JUPITER,0,Work,7,Water,1,Separating,仕事での発展が期待できる時期です。,成果が認められる日まで,,75,7,新しいアイデアを業務に活かしてみる
TRANSIT_SUN,NATAL_JUPITER,0,Money,7,Water,1,Separating,経済的な発展が期待できる幸運な時です。,資産が増える日まで,,70,6,長期的な資産運用の計画を再確認し、必要なら調整する
TRANSIT_SUN,NATAL_JUPITER,0,Love,7,Water,1,Separating,寛大な心で人と接することで絆が深まります。,愛が満たされる日まで,,75,7,大切な人と喜びを分かち合い、感謝の気持ちを伝える
TRANSIT_SUN,NATAL_JUPITER,0,Health,7,Water,1,Separating,前向きなエネルギーが心身を整えてくれます。,活力が続く日まで,,75,9,身体を動かすことを楽しみ、健康的な生活を謳歌する
TRANSIT_SUN,NATAL_JUPITER,0,General,8,Fire,0,Applying,深い絆や共有財産を通じて、精神的・物質的な豊かさが拡大する時期です。,幸運が広がる日まで,,80,8,共有資産の運用や、深い信頼関係を築くための対話を行う
TRANSIT_SUN,NATAL_JUPITER,0,Work,8,Fire,0,Applying,仕事での発展が期待できる時期です。,成果が認められる日まで,,75,7,新しいアイデアを業務に活かしてみる
TRANSIT_SUN,NATAL_JUPITER,0,Money,8,Fire,0,Applying,経済的な発展が期待できる幸運な時です。,資産が増える日まで,,70,6,長期的な資産運用の計画を再確認し、必要なら調整する
TRANSIT_SUN,NATAL_JUPITER,0,Love,8,Fire,0,Applying,寛大な心で人と接することで絆が深まります。,愛が満たされる日まで,,75,7,大切な人と喜びを分かち合い、感謝の気持ちを伝える
TRANSIT_SUN,NATAL_JUPITER,0,Health,8,Fire,0,Applying,前向きなエネルギーが心身を整えてくれます。,活力が続く日まで,,75,9,身体を動かすことを楽しみ、健康的な生活を謳歌する
TRANSIT_SUN,NATAL_JUPITER,0,General,8,Fire,0,Separating,深い絆や共有財産を通じて、精神的・物質的な豊かさが拡大する時期です。,幸運が広がる日まで,,80,8,共有資産の運用や、深い信頼関係を築くための対話を行う
TRANSIT_SUN,NATAL_JUPITER,0,Work,8,Fire,0,Separating,仕事での発展が期待できる時期です。,成果が認められる日まで,,75,7,新しいアイデアを業務に活かしてみる
TRANSIT_SUN,NATAL_JUPITER,0,Money,8,Fire,0,Separating,経済的な発展が期待できる幸運な時です。,資産が増える日まで,,70,6,長期的な資産運用の計画を再確認し、必要なら調整する
TRANSIT_SUN,NATAL_JUPITER,0,Love,8,Fire,0,Separating,寛大な心で人と接することで絆が深まります。,愛が満たされる日まで,,75,7,大切な人と喜びを分かち合い、感謝の気持ちを伝える
TRANSIT_SUN,NATAL_JUPITER,0,Health,8,Fire,0,Separating,前向きなエネルギーが心身を整えてくれます。,活力が続く日まで,,75,9,身体を動かすことを楽しみ、健康的な生活を謳歌する
TRANSIT_SUN,NATAL_JUPITER,0,General,8,Fire,1,Applying,深い絆や共有財産を通じて、精神的・物質的な豊かさが拡大する時期です。,幸運が広がる日まで,,80,8,共有資産の運用や、深い信頼関係を築くための対話を行う
TRANSIT_SUN,NATAL_JUPITER,0,Work,8,Fire,1,Applying,仕事での発展が期待できる時期です。,成果が認められる日まで,,75,7,新しいアイデアを業務に活かしてみる
TRANSIT_SUN,NATAL_JUPITER,0,Money,8,Fire,1,Applying,経済的な発展が期待できる幸運な時です。,資産が増える日まで,,70,6,長期的な資産運用の計画を再確認し、必要なら調整する
TRANSIT_SUN,NATAL_JUPITER,0,Love,8,Fire,1,Applying,寛大な心で人と接することで絆が深まります。,愛が満たされる日まで,,75,7,大切な人と喜びを分かち合い、感謝の気持ちを伝える
TRANSIT_SUN,NATAL_JUPITER,0,Health,8,Fire,1,Applying,前向きなエネルギーが心身を整えてくれます。,活力が続く日まで,,75,9,身体を動かすことを楽しみ、健康的な生活を謳歌する
TRANSIT_SUN,NATAL_JUPITER,0,General,8,Fire,1,Separating,深い絆や共有財産を通じて、精神的・物質的な豊かさが拡大する時期です。,幸運が広がる日まで,,80,8,共有資産の運用や、深い信頼関係を築くための対話を行う
TRANSIT_SUN,NATAL_JUPITER,0,Work,8,Fire,1,Separating,仕事での発展が期待できる時期です。,成果が認められる日まで,,75,7,新しいアイデアを業務に活かしてみる
TRANSIT_SUN,NATAL_JUPITER,0,Money,8,Fire,1,Separating,経済的な発展が期待できる幸運な時です。,資産が増える日まで,,70,6,長期的な資産運用の計画を再確認し、必要なら調整する
TRANSIT_SUN,NATAL_JUPITER,0,Love,8,Fire,1,Separating,寛大な心で人と接することで絆が深まります。,愛が満たされる日まで,,75,7,大切な人と喜びを分かち合い、感謝の気持ちを伝える
TRANSIT_SUN,NATAL_JUPITER,0,Health,8,Fire,1,Separating,前向きなエネルギーが心身を整えてくれます。,活力が続く日まで,,75,9,身体を動かすことを楽しみ、健康的な生活を謳歌する
TRANSIT_SUN,NATAL_JUPITER,0,General,8,Earth,0,Applying,深い絆や共有財産を通じて、精神的・物質的な豊かさが拡大する時期です。,幸運が広がる日まで,,80,8,共有資産の運用や、深い信頼関係を築くための対話を行う
TRANSIT_SUN,NATAL_JUPITER,0,Work,8,Earth,0,Applying,仕事での発展が期待できる時期です。,成果が認められる日まで,,75,7,新しいアイデアを業務に活かしてみる
TRANSIT_SUN,NATAL_JUPITER,0,Money,8,Earth,0,Applying,経済的な発展が期待できる幸運な時です。,資産が増える日まで,,70,6,長期的な資産運用の計画を再確認し、必要なら調整する
TRANSIT_SUN,NATAL_JUPITER,0,Love,8,Earth,0,Applying,寛大な心で人と接することで絆が深まります。,愛が満たされる日まで,,75,7,大切な人と喜びを分かち合い、感謝の気持ちを伝える
TRANSIT_SUN,NATAL_JUPITER,0,Health,8,Earth,0,Applying,前向きなエネルギーが心身を整えてくれます。,活力が続く日まで,,75,9,身体を動かすことを楽しみ、健康的な生活を謳歌する
TRANSIT_SUN,NATAL_JUPITER,0,General,8,Earth,0,Separating,深い絆や共有財産を通じて、精神的・物質的な豊かさが拡大する時期です。,幸運が広がる日まで,,80,8,共有資産の運用や、深い信頼関係を築くための対話を行う
TRANSIT_SUN,NATAL_JUPITER,0,Work,8,Earth,0,Separating,仕事での発展が期待できる時期です。,成果が認められる日まで,,75,7,新しいアイデアを業務に活かしてみる
TRANSIT_SUN,NATAL_JUPITER,0,Money,8,Earth,0,Separating,経済的な発展が期待できる幸運な時です。,資産が増える日まで,,70,6,長期的な資産運用の計画を再確認し、必要なら調整する
TRANSIT_SUN,NATAL_JUPITER,0,Love,8,Earth,0,Separating,寛大な心で人と接することで絆が深まります。,愛が満たされる日まで,,75,7,大切な人と喜びを分かち合い、感謝の気持ちを伝える
TRANSIT_SUN,NATAL_JUPITER,0,Health,8,Earth,0,Separating,前向きなエネルギーが心身を整えてくれます。,活力が続く日まで,,75,9,身体を動かすことを楽しみ、健康的な生活を謳歌する
TRANSIT_SUN,NATAL_JUPITER,0,General,8,Earth,1,Applying,深い絆や共有財産を通じて、精神的・物質的な豊かさが拡大する時期です。,幸運が広がる日まで,,80,8,共有資産の運用や、深い信頼関係を築くための対話を行う
TRANSIT_SUN,NATAL_JUPITER,0,Work,8,Earth,1,Applying,仕事での発展が期待できる時期です。,成果が認められる日まで,,75,7,新しいアイデアを業務に活かしてみる
TRANSIT_SUN,NATAL_JUPITER,0,Money,8,Earth,1,Applying,経済的な発展が期待できる幸運な時です。,資産が増える日まで,,70,6,長期的な資産運用の計画を再確認し、必要なら調整する
TRANSIT_SUN,NATAL_JUPITER,0,Love,8,Earth,1,Applying,寛大な心で人と接することで絆が深まります。,愛が満たされる日まで,,75,7,大切な人と喜びを分かち合い、感謝の気持ちを伝える
TRANSIT_SUN,NATAL_JUPITER,0,Health,8,Earth,1,Applying,前向きなエネルギーが心身を整えてくれます。,活力が続く日まで,,75,9,身体を動かすことを楽しみ、健康的な生活を謳歌する
TRANSIT_SUN,NATAL_JUPITER,0,General,8,Earth,1,Separating,深い絆や共有財産を通じて、精神的・物質的な豊かさが拡大する時期です。,幸運が広がる日まで,,80,8,共有資産の運用や、深い信頼関係を築くための対話を行う
TRANSIT_SUN,NATAL_JUPITER,0,Work,8,Earth,1,Separating,仕事での発展が期待できる時期です。,成果が認められる日まで,,75,7,新しいアイデアを業務に活かしてみる
TRANSIT_SUN,NATAL_JUPITER,0,Money,8,Earth,1,Separating,経済的な発展が期待できる幸運な時です。,資産が増える日まで,,70,6,長期的な資産運用の計画を再確認し、必要なら調整する
TRANSIT_SUN,NATAL_JUPITER,0,Love,8,Earth,1,Separating,寛大な心で人と接することで絆が深まります。,愛が満たされる日まで,,75,7,大切な人と喜びを分かち合い、感謝の気持ちを伝える
TRANSIT_SUN,NATAL_JUPITER,0,Health,8,Earth,1,Separating,前向きなエネルギーが心身を整えてくれます。,活力が続く日まで,,75,9,身体を動かすことを楽しみ、健康的な生活を謳歌する
TRANSIT_SUN,NATAL_JUPITER,0,General,8,Air,0,Applying,深い絆や共有財産を通じて、精神的・物質的な豊かさが拡大する時期です。,幸運が広がる日まで,,80,8,共有資産の運用や、深い信頼関係を築くための対話を行う
TRANSIT_SUN,NATAL_JUPITER,0,Work,8,Air,0,Applying,仕事での発展が期待できる時期です。,成果が認められる日まで,,75,7,新しいアイデアを業務に活かしてみる
TRANSIT_SUN,NATAL_JUPITER,0,Money,8,Air,0,Applying,経済的な発展が期待できる幸運な時です。,資産が増える日まで,,70,6,長期的な資産運用の計画を再確認し、必要なら調整する
TRANSIT_SUN,NATAL_JUPITER,0,Love,8,Air,0,Applying,寛大な心で人と接することで絆が深まります。,愛が満たされる日まで,,75,7,大切な人と喜びを分かち合い、感謝の気持ちを伝える
TRANSIT_SUN,NATAL_JUPITER,0,Health,8,Air,0,Applying,前向きなエネルギーが心身を整えてくれます。,活力が続く日まで,,75,9,身体を動かすことを楽しみ、健康的な生活を謳歌する
TRANSIT_SUN,NATAL_JUPITER,0,General,8,Air,0,Separating,深い絆や共有財産を通じて、精神的・物質的な豊かさが拡大する時期です。,幸運が広がる日まで,,80,8,共有資産の運用や、深い信頼関係を築くための対話を行う
TRANSIT_SUN,NATAL_JUPITER,0,Work,8,Air,0,Separating,仕事での発展が期待できる時期です。,成果が認められる日まで,,75,7,新しいアイデアを業務に活かしてみる
TRANSIT_SUN,NATAL_JUPITER,0,Money,8,Air,0,Separating,経済的な発展が期待できる幸運な時です。,資産が増える日まで,,70,6,長期的な資産運用の計画を再確認し、必要なら調整する
TRANSIT_SUN,NATAL_JUPITER,0,Love,8,Air,0,Separating,寛大な心で人と接することで絆が深まります。,愛が満たされる日まで,,75,7,大切な人と喜びを分かち合い、感謝の気持ちを伝える
TRANSIT_SUN,NATAL_JUPITER,0,Health,8,Air,0,Separating,前向きなエネルギーが心身を整えてくれます。,活力が続く日まで,,75,9,身体を動かすことを楽しみ、健康的な生活を謳歌する
TRANSIT_SUN,NATAL_JUPITER,0,General,8,Air,1,Applying,深い絆や共有財産を通じて、精神的・物質的な豊かさが拡大する時期です。,幸運が広がる日まで,,80,8,共有資産の運用や、深い信頼関係を築くための対話を行う
TRANSIT_SUN,NATAL_JUPITER,0,Work,8,Air,1,Applying,仕事での発展が期待できる時期です。,成果が認められる日まで,,75,7,新しいアイデアを業務に活かしてみる
TRANSIT_SUN,NATAL_JUPITER,0,Money,8,Air,1,Applying,経済的な発展が期待できる幸運な時です。,資産が増える日まで,,70,6,長期的な資産運用の計画を再確認し、必要なら調整する
TRANSIT_SUN,NATAL_JUPITER,0,Love,8,Air,1,Applying,寛大な心で人と接することで絆が深まります。,愛が満たされる日まで,,75,7,大切な人と喜びを分かち合い、感謝の気持ちを伝える
TRANSIT_SUN,NATAL_JUPITER,0,Health,8,Air,1,Applying,前向きなエネルギーが心身を整えてくれます。,活力が続く日まで,,75,9,身体を動かすことを楽しみ、健康的な生活を謳歌する
TRANSIT_SUN,NATAL_JUPITER,0,General,8,Air,1,Separating,深い絆や共有財産を通じて、精神的・物質的な豊かさが拡大する時期です。,幸運が広がる日まで,,80,8,共有資産の運用や、深い信頼関係を築くための対話を行う
TRANSIT_SUN,NATAL_JUPITER,0,Work,8,Air,1,Separating,仕事での発展が期待できる時期です。,成果が認められる日まで,,75,7,新しいアイデアを業務に活かしてみる
TRANSIT_SUN,NATAL_JUPITER,0,Money,8,Air,1,Separating,経済的な発展が期待できる幸運な時です。,資産が増える日まで,,70,6,長期的な資産運用の計画を再確認し、必要なら調整する
TRANSIT_SUN,NATAL_JUPITER,0,Love,8,Air,1,Separating,寛大な心で人と接することで絆が深まります。,愛が満たされる日まで,,75,7,大切な人と喜びを分かち合い、感謝の気持ちを伝える
TRANSIT_SUN,NATAL_JUPITER,0,Health,8,Air,1,Separating,前向きなエネルギーが心身を整えてくれます。,活力が続く日まで,,75,9,身体を動かすことを楽しみ、健康的な生活を謳歌する
TRANSIT_SUN,NATAL_JUPITER,0,General,8,Water,0,Applying,深い絆や共有財産を通じて、精神的・物質的な豊かさが拡大する時期です。,幸運が広がる日まで,,80,8,共有資産の運用や、深い信頼関係を築くための対話を行う
TRANSIT_SUN,NATAL_JUPITER,0,Work,8,Water,0,Applying,仕事での発展が期待できる時期です。,成果が認められる日まで,,75,7,新しいアイデアを業務に活かしてみる
TRANSIT_SUN,NATAL_JUPITER,0,Money,8,Water,0,Applying,経済的な発展が期待できる幸運な時です。,資産が増える日まで,,70,6,長期的な資産運用の計画を再確認し、必要なら調整する
TRANSIT_SUN,NATAL_JUPITER,0,Love,8,Water,0,Applying,寛大な心で人と接することで絆が深まります。,愛が満たされる日まで,,75,7,大切な人と喜びを分かち合い、感謝の気持ちを伝える
TRANSIT_SUN,NATAL_JUPITER,0,Health,8,Water,0,Applying,前向きなエネルギーが心身を整えてくれます。,活力が続く日まで,,75,9,身体を動かすことを楽しみ、健康的な生活を謳歌する
TRANSIT_SUN,NATAL_JUPITER,0,General,8,Water,0,Separating,深い絆や共有財産を通じて、精神的・物質的な豊かさが拡大する時期です。,幸運が広がる日まで,,80,8,共有資産の運用や、深い信頼関係を築くための対話を行う
TRANSIT_SUN,NATAL_JUPITER,0,Work,8,Water,0,Separating,仕事での発展が期待できる時期です。,成果が認められる日まで,,75,7,新しいアイデアを業務に活かしてみる
TRANSIT_SUN,NATAL_JUPITER,0,Money,8,Water,0,Separating,経済的な発展が期待できる幸運な時です。,資産が増える日まで,,70,6,長期的な資産運用の計画を再確認し、必要なら調整する
TRANSIT_SUN,NATAL_JUPITER,0,Love,8,Water,0,Separating,寛大な心で人と接することで絆が深まります。,愛が満たされる日まで,,75,7,大切な人と喜びを分かち合い、感謝の気持ちを伝える
TRANSIT_SUN,NATAL_JUPITER,0,Health,8,Water,0,Separating,前向きなエネルギーが心身を整えてくれます。,活力が続く日まで,,75,9,身体を動かすことを楽しみ、健康的な生活を謳歌する
TRANSIT_SUN,NATAL_JUPITER,0,General,8,Water,1,Applying,深い絆や共有財産を通じて、精神的・物質的な豊かさが拡大する時期です。,幸運が広がる日まで,,80,8,共有資産の運用や、深い信頼関係を築くための対話を行う
TRANSIT_SUN,NATAL_JUPITER,0,Work,8,Water,1,Applying,仕事での発展が期待できる時期です。,成果が認められる日まで,,75,7,新しいアイデアを業務に活かしてみる
TRANSIT_SUN,NATAL_JUPITER,0,Money,8,Water,1,Applying,経済的な発展が期待できる幸運な時です。,資産が増える日まで,,70,6,長期的な資産運用の計画を再確認し、必要なら調整する
TRANSIT_SUN,NATAL_JUPITER,0,Love,8,Water,1,Applying,寛大な心で人と接することで絆が深まります。,愛が満たされる日まで,,75,7,大切な人と喜びを分かち合い、感謝の気持ちを伝える
TRANSIT_SUN,NATAL_JUPITER,0,Health,8,Water,1,Applying,前向きなエネルギーが心身を整えてくれます。,活力が続く日まで,,75,9,身体を動かすことを楽しみ、健康的な生活を謳歌する
TRANSIT_SUN,NATAL_JUPITER,0,General,8,Water,1,Separating,深い絆や共有財産を通じて、精神的・物質的な豊かさが拡大する時期です。,幸運が広がる日まで,,80,8,共有資産の運用や、深い信頼関係を築くための対話を行う
TRANSIT_SUN,NATAL_JUPITER,0,Work,8,Water,1,Separating,仕事での発展が期待できる時期です。,成果が認められる日まで,,75,7,新しいアイデアを業務に活かしてみる
TRANSIT_SUN,NATAL_JUPITER,0,Money,8,Water,1,Separating,経済的な発展が期待できる幸運な時です。,資産が増える日まで,,70,6,長期的な資産運用の計画を再確認し、必要なら調整する
TRANSIT_SUN,NATAL_JUPITER,0,Love,8,Water,1,Separating,寛大な心で人と接することで絆が深まります。,愛が満たされる日まで,,75,7,大切な人と喜びを分かち合い、感謝の気持ちを伝える
TRANSIT_SUN,NATAL_JUPITER,0,Health,8,Water,1,Separating,前向きなエネルギーが心身を整えてくれます。,活力が続く日まで,,75,9,身体を動かすことを楽しみ、健康的な生活を謳歌する
TRANSIT_SUN,NATAL_JUPITER,0,General,9,Fire,0,Applying,広い視点から学び、知的な探求を通じて精神的な成長を遂げる時期です。,幸運が広がる日まで,,80,8,専門的な分野の学習を開始するか、視野を広げる旅を計画する
TRANSIT_SUN,NATAL_JUPITER,0,Work,9,Fire,0,Applying,仕事での発展が期待できる時期です。,成果が認められる日まで,,75,7,新しいアイデアを業務に活かしてみる
TRANSIT_SUN,NATAL_JUPITER,0,Money,9,Fire,0,Applying,経済的な発展が期待できる幸運な時です。,資産が増える日まで,,70,6,長期的な資産運用の計画を再確認し、必要なら調整する
TRANSIT_SUN,NATAL_JUPITER,0,Love,9,Fire,0,Applying,寛大な心で人と接することで絆が深まります。,愛が満たされる日まで,,75,7,大切な人と喜びを分かち合い、感謝の気持ちを伝える
TRANSIT_SUN,NATAL_JUPITER,0,Health,9,Fire,0,Applying,前向きなエネルギーが心身を整えてくれます。,活力が続く日まで,,75,9,身体を動かすことを楽しみ、健康的な生活を謳歌する
TRANSIT_SUN,NATAL_JUPITER,0,General,9,Fire,0,Separating,広い視点から学び、知的な探求を通じて精神的な成長を遂げる時期です。,幸運が広がる日まで,,80,8,専門的な分野の学習を開始するか、視野を広げる旅を計画する
TRANSIT_SUN,NATAL_JUPITER,0,Work,9,Fire,0,Separating,仕事での発展が期待できる時期です。,成果が認められる日まで,,75,7,新しいアイデアを業務に活かしてみる
TRANSIT_SUN,NATAL_JUPITER,0,Money,9,Fire,0,Separating,経済的な発展が期待できる幸運な時です。,資産が増える日まで,,70,6,長期的な資産運用の計画を再確認し、必要なら調整する
TRANSIT_SUN,NATAL_JUPITER,0,Love,9,Fire,0,Separating,寛大な心で人と接することで絆が深まります。,愛が満たされる日まで,,75,7,大切な人と喜びを分かち合い、感謝の気持ちを伝える
TRANSIT_SUN,NATAL_JUPITER,0,Health,9,Fire,0,Separating,前向きなエネルギーが心身を整えてくれます。,活力が続く日まで,,75,9,身体を動かすことを楽しみ、健康的な生活を謳歌する
TRANSIT_SUN,NATAL_JUPITER,0,General,9,Fire,1,Applying,広い視点から学び、知的な探求を通じて精神的な成長を遂げる時期です。,幸運が広がる日まで,,80,8,専門的な分野の学習を開始するか、視野を広げる旅を計画する
TRANSIT_SUN,NATAL_JUPITER,0,Work,9,Fire,1,Applying,仕事での発展が期待できる時期です。,成果が認められる日まで,,75,7,新しいアイデアを業務に活かしてみる
TRANSIT_SUN,NATAL_JUPITER,0,Money,9,Fire,1,Applying,経済的な発展が期待できる幸運な時です。,資産が増える日まで,,70,6,長期的な資産運用の計画を再確認し、必要なら調整する
TRANSIT_SUN,NATAL_JUPITER,0,Love,9,Fire,1,Applying,寛大な心で人と接することで絆が深まります。,愛が満たされる日まで,,75,7,大切な人と喜びを分かち合い、感謝の気持ちを伝える
TRANSIT_SUN,NATAL_JUPITER,0,Health,9,Fire,1,Applying,前向きなエネルギーが心身を整えてくれます。,活力が続く日まで,,75,9,身体を動かすことを楽しみ、健康的な生活を謳歌する
TRANSIT_SUN,NATAL_JUPITER,0,General,9,Fire,1,Separating,広い視点から学び、知的な探求を通じて精神的な成長を遂げる時期です。,幸運が広がる日まで,,80,8,専門的な分野の学習を開始するか、視野を広げる旅を計画する
TRANSIT_SUN,NATAL_JUPITER,0,Work,9,Fire,1,Separating,仕事での発展が期待できる時期です。,成果が認められる日まで,,75,7,新しいアイデアを業務に活かしてみる
TRANSIT_SUN,NATAL_JUPITER,0,Money,9,Fire,1,Separating,経済的な発展が期待できる幸運な時です。,資産が増える日まで,,70,6,長期的な資産運用の計画を再確認し、必要なら調整する
TRANSIT_SUN,NATAL_JUPITER,0,Love,9,Fire,1,Separating,寛大な心で人と接することで絆が深まります。,愛が満たされる日まで,,75,7,大切な人と喜びを分かち合い、感謝の気持ちを伝える
TRANSIT_SUN,NATAL_JUPITER,0,Health,9,Fire,1,Separating,前向きなエネルギーが心身を整えてくれます。,活力が続く日まで,,75,9,身体を動かすことを楽しみ、健康的な生活を謳歌する
TRANSIT_SUN,NATAL_JUPITER,0,General,9,Earth,0,Applying,広い視点から学び、知的な探求を通じて精神的な成長を遂げる時期です。,幸運が広がる日まで,,80,8,専門的な分野の学習を開始するか、視野を広げる旅を計画する
TRANSIT_SUN,NATAL_JUPITER,0,Work,9,Earth,0,Applying,仕事での発展が期待できる時期です。,成果が認められる日まで,,75,7,新しいアイデアを業務に活かしてみる
TRANSIT_SUN,NATAL_JUPITER,0,Money,9,Earth,0,Applying,経済的な発展が期待できる幸運な時です。,資産が増える日まで,,70,6,長期的な資産運用の計画を再確認し、必要なら調整する
TRANSIT_SUN,NATAL_JUPITER,0,Love,9,Earth,0,Applying,寛大な心で人と接することで絆が深まります。,愛が満たされる日まで,,75,7,大切な人と喜びを分かち合い、感謝の気持ちを伝える
TRANSIT_SUN,NATAL_JUPITER,0,Health,9,Earth,0,Applying,前向きなエネルギーが心身を整えてくれます。,活力が続く日まで,,75,9,身体を動かすことを楽しみ、健康的な生活を謳歌する
TRANSIT_SUN,NATAL_JUPITER,0,General,9,Earth,0,Separating,広い視点から学び、知的な探求を通じて精神的な成長を遂げる時期です。,幸運が広がる日まで,,80,8,専門的な分野の学習を開始するか、視野を広げる旅を計画する
TRANSIT_SUN,NATAL_JUPITER,0,Work,9,Earth,0,Separating,仕事での発展が期待できる時期です。,成果が認められる日まで,,75,7,新しいアイデアを業務に活かしてみる
TRANSIT_SUN,NATAL_JUPITER,0,Money,9,Earth,0,Separating,経済的な発展が期待できる幸運な時です。,資産が増える日まで,,70,6,長期的な資産運用の計画を再確認し、必要なら調整する
TRANSIT_SUN,NATAL_JUPITER,0,Love,9,Earth,0,Separating,寛大な心で人と接することで絆が深まります。,愛が満たされる日まで,,75,7,大切な人と喜びを分かち合い、感謝の気持ちを伝える
TRANSIT_SUN,NATAL_JUPITER,0,Health,9,Earth,0,Separating,前向きなエネルギーが心身を整えてくれます。,活力が続く日まで,,75,9,身体を動かすことを楽しみ、健康的な生活を謳歌する
TRANSIT_SUN,NATAL_JUPITER,0,General,9,Earth,1,Applying,広い視点から学び、知的な探求を通じて精神的な成長を遂げる時期です。,幸運が広がる日まで,,80,8,専門的な分野の学習を開始するか、視野を広げる旅を計画する
TRANSIT_SUN,NATAL_JUPITER,0,Work,9,Earth,1,Applying,仕事での発展が期待できる時期です。,成果が認められる日まで,,75,7,新しいアイデアを業務に活かしてみる
TRANSIT_SUN,NATAL_JUPITER,0,Money,9,Earth,1,Applying,経済的な発展が期待できる幸運な時です。,資産が増える日まで,,70,6,長期的な資産運用の計画を再確認し、必要なら調整する
TRANSIT_SUN,NATAL_JUPITER,0,Love,9,Earth,1,Applying,寛大な心で人と接することで絆が深まります。,愛が満たされる日まで,,75,7,大切な人と喜びを分かち合い、感謝の気持ちを伝える
TRANSIT_SUN,NATAL_JUPITER,0,Health,9,Earth,1,Applying,前向きなエネルギーが心身を整えてくれます。,活力が続く日まで,,75,9,身体を動かすことを楽しみ、健康的な生活を謳歌する
TRANSIT_SUN,NATAL_JUPITER,0,General,9,Earth,1,Separating,広い視点から学び、知的な探求を通じて精神的な成長を遂げる時期です。,幸運が広がる日まで,,80,8,専門的な分野の学習を開始するか、視野を広げる旅を計画する
TRANSIT_SUN,NATAL_JUPITER,0,Work,9,Earth,1,Separating,仕事での発展が期待できる時期です。,成果が認められる日まで,,75,7,新しいアイデアを業務に活かしてみる
TRANSIT_SUN,NATAL_JUPITER,0,Money,9,Earth,1,Separating,経済的な発展が期待できる幸運な時です。,資産が増える日まで,,70,6,長期的な資産運用の計画を再確認し、必要なら調整する
TRANSIT_SUN,NATAL_JUPITER,0,Love,9,Earth,1,Separating,寛大な心で人と接することで絆が深まります。,愛が満たされる日まで,,75,7,大切な人と喜びを分かち合い、感謝の気持ちを伝える
TRANSIT_SUN,NATAL_JUPITER,0,Health,9,Earth,1,Separating,前向きなエネルギーが心身を整えてくれます。,活力が続く日まで,,75,9,身体を動かすことを楽しみ、健康的な生活を謳歌する
TRANSIT_SUN,NATAL_JUPITER,0,General,9,Air,0,Applying,広い視点から学び、知的な探求を通じて精神的な成長を遂げる時期です。,幸運が広がる日まで,,80,8,専門的な分野の学習を開始するか、視野を広げる旅を計画する
TRANSIT_SUN,NATAL_JUPITER,0,Work,9,Air,0,Applying,仕事での発展が期待できる時期です。,成果が認められる日まで,,75,7,新しいアイデアを業務に活かしてみる
TRANSIT_SUN,NATAL_JUPITER,0,Money,9,Air,0,Applying,経済的な発展が期待できる幸運な時です。,資産が増える日まで,,70,6,長期的な資産運用の計画を再確認し、必要なら調整する
TRANSIT_SUN,NATAL_JUPITER,0,Love,9,Air,0,Applying,寛大な心で人と接することで絆が深まります。,愛が満たされる日まで,,75,7,大切な人と喜びを分かち合い、感謝の気持ちを伝える
TRANSIT_SUN,NATAL_JUPITER,0,Health,9,Air,0,Applying,前向きなエネルギーが心身を整えてくれます。,活力が続く日まで,,75,9,身体を動かすことを楽しみ、健康的な生活を謳歌する
TRANSIT_SUN,NATAL_JUPITER,0,General,9,Air,0,Separating,広い視点から学び、知的な探求を通じて精神的な成長を遂げる時期です。,幸運が広がる日まで,,80,8,専門的な分野の学習を開始するか、視野を広げる旅を計画する
TRANSIT_SUN,NATAL_JUPITER,0,Work,9,Air,0,Separating,仕事での発展が期待できる時期です。,成果が認められる日まで,,75,7,新しいアイデアを業務に活かしてみる
TRANSIT_SUN,NATAL_JUPITER,0,Money,9,Air,0,Separating,経済的な発展が期待できる幸運な時です。,資産が増える日まで,,70,6,長期的な資産運用の計画を再確認し、必要なら調整する
TRANSIT_SUN,NATAL_JUPITER,0,Love,9,Air,0,Separating,寛大な心で人と接することで絆が深まります。,愛が満たされる日まで,,75,7,大切な人と喜びを分かち合い、感謝の気持ちを伝える
TRANSIT_SUN,NATAL_JUPITER,0,Health,9,Air,0,Separating,前向きなエネルギーが心身を整えてくれます。,活力が続く日まで,,75,9,身体を動かすことを楽しみ、健康的な生活を謳歌する
TRANSIT_SUN,NATAL_JUPITER,0,General,9,Air,1,Applying,広い視点から学び、知的な探求を通じて精神的な成長を遂げる時期です。,幸運が広がる日まで,,80,8,専門的な分野の学習を開始するか、視野を広げる旅を計画する
TRANSIT_SUN,NATAL_JUPITER,0,Work,9,Air,1,Applying,仕事での発展が期待できる時期です。,成果が認められる日まで,,75,7,新しいアイデアを業務に活かしてみる
TRANSIT_SUN,NATAL_JUPITER,0,Money,9,Air,1,Applying,経済的な発展が期待できる幸運な時です。,資産が増える日まで,,70,6,長期的な資産運用の計画を再確認し、必要なら調整する
TRANSIT_SUN,NATAL_JUPITER,0,Love,9,Air,1,Applying,寛大な心で人と接することで絆が深まります。,愛が満たされる日まで,,75,7,大切な人と喜びを分かち合い、感謝の気持ちを伝える
TRANSIT_SUN,NATAL_JUPITER,0,Health,9,Air,1,Applying,前向きなエネルギーが心身を整えてくれます。,活力が続く日まで,,75,9,身体を動かすことを楽しみ、健康的な生活を謳歌する
TRANSIT_SUN,NATAL_JUPITER,0,General,9,Air,1,Separating,広い視点から学び、知的な探求を通じて精神的な成長を遂げる時期です。,幸運が広がる日まで,,80,8,専門的な分野の学習を開始するか、視野を広げる旅を計画する
TRANSIT_SUN,NATAL_JUPITER,0,Work,9,Air,1,Separating,仕事での発展が期待できる時期です。,成果が認められる日まで,,75,7,新しいアイデアを業務に活かしてみる
TRANSIT_SUN,NATAL_JUPITER,0,Money,9,Air,1,Separating,経済的な発展が期待できる幸運な時です。,資産が増える日まで,,70,6,長期的な資産運用の計画を再確認し、必要なら調整する
TRANSIT_SUN,NATAL_JUPITER,0,Love,9,Air,1,Separating,寛大な心で人と接することで絆が深まります。,愛が満たされる日まで,,75,7,大切な人と喜びを分かち合い、感謝の気持ちを伝える
TRANSIT_SUN,NATAL_JUPITER,0,Health,9,Air,1,Separating,前向きなエネルギーが心身を整えてくれます。,活力が続く日まで,,75,9,身体を動かすことを楽しみ、健康的な生活を謳歌する
TRANSIT_SUN,NATAL_JUPITER,0,General,9,Water,0,Applying,広い視点から学び、知的な探求を通じて精神的な成長を遂げる時期です。,幸運が広がる日まで,,80,8,専門的な分野の学習を開始するか、視野を広げる旅を計画する
TRANSIT_SUN,NATAL_JUPITER,0,Work,9,Water,0,Applying,仕事での発展が期待できる時期です。,成果が認められる日まで,,75,7,新しいアイデアを業務に活かしてみる
TRANSIT_SUN,NATAL_JUPITER,0,Money,9,Water,0,Applying,経済的な発展が期待できる幸運な時です。,資産が増える日まで,,70,6,長期的な資産運用の計画を再確認し、必要なら調整する
TRANSIT_SUN,NATAL_JUPITER,0,Love,9,Water,0,Applying,寛大な心で人と接することで絆が深まります。,愛が満たされる日まで,,75,7,大切な人と喜びを分かち合い、感謝の気持ちを伝える
TRANSIT_SUN,NATAL_JUPITER,0,Health,9,Water,0,Applying,前向きなエネルギーが心身を整えてくれます。,活力が続く日まで,,75,9,身体を動かすことを楽しみ、健康的な生活を謳歌する
TRANSIT_SUN,NATAL_JUPITER,0,General,9,Water,0,Separating,広い視点から学び、知的な探求を通じて精神的な成長を遂げる時期です。,幸運が広がる日まで,,80,8,専門的な分野の学習を開始するか、視野を広げる旅を計画する
TRANSIT_SUN,NATAL_JUPITER,0,Work,9,Water,0,Separating,仕事での発展が期待できる時期です。,成果が認められる日まで,,75,7,新しいアイデアを業務に活かしてみる
TRANSIT_SUN,NATAL_JUPITER,0,Money,9,Water,0,Separating,経済的な発展が期待できる幸運な時です。,資産が増える日まで,,70,6,長期的な資産運用の計画を再確認し、必要なら調整する
TRANSIT_SUN,NATAL_JUPITER,0,Love,9,Water,0,Separating,寛大な心で人と接することで絆が深まります。,愛が満たされる日まで,,75,7,大切な人と喜びを分かち合い、感謝の気持ちを伝える
TRANSIT_SUN,NATAL_JUPITER,0,Health,9,Water,0,Separating,前向きなエネルギーが心身を整えてくれます。,活力が続く日まで,,75,9,身体を動かすことを楽しみ、健康的な生活を謳歌する
TRANSIT_SUN,NATAL_JUPITER,0,General,9,Water,1,Applying,広い視点から学び、知的な探求を通じて精神的な成長を遂げる時期です。,幸運が広がる日まで,,80,8,専門的な分野の学習を開始するか、視野を広げる旅を計画する
TRANSIT_SUN,NATAL_JUPITER,0,Work,9,Water,1,Applying,仕事での発展が期待できる時期です。,成果が認められる日まで,,75,7,新しいアイデアを業務に活かしてみる
TRANSIT_SUN,NATAL_JUPITER,0,Money,9,Water,1,Applying,経済的な発展が期待できる幸運な時です。,資産が増える日まで,,70,6,長期的な資産運用の計画を再確認し、必要なら調整する
TRANSIT_SUN,NATAL_JUPITER,0,Love,9,Water,1,Applying,寛大な心で人と接することで絆が深まります。,愛が満たされる日まで,,75,7,大切な人と喜びを分かち合い、感謝の気持ちを伝える
TRANSIT_SUN,NATAL_JUPITER,0,Health,9,Water,1,Applying,前向きなエネルギーが心身を整えてくれます。,活力が続く日まで,,75,9,身体を動かすことを楽しみ、健康的な生活を謳歌する
TRANSIT_SUN,NATAL_JUPITER,0,General,9,Water,1,Separating,広い視点から学び、知的な探求を通じて精神的な成長を遂げる時期です。,幸運が広がる日まで,,80,8,専門的な分野の学習を開始するか、視野を広げる旅を計画する
TRANSIT_SUN,NATAL_JUPITER,0,Work,9,Water,1,Separating,仕事での発展が期待できる時期です。,成果が認められる日まで,,75,7,新しいアイデアを業務に活かしてみる
TRANSIT_SUN,NATAL_JUPITER,0,Money,9,Water,1,Separating,経済的な発展が期待できる幸運な時です。,資産が増える日まで,,70,6,長期的な資産運用の計画を再確認し、必要なら調整する
TRANSIT_SUN,NATAL_JUPITER,0,Love,9,Water,1,Separating,寛大な心で人と接することで絆が深まります。,愛が満たされる日まで,,75,7,大切な人と喜びを分かち合い、感謝の気持ちを伝える
TRANSIT_SUN,NATAL_JUPITER,0,Health,9,Water,1,Separating,前向きなエネルギーが心身を整えてくれます。,活力が続く日まで,,75,9,身体を動かすことを楽しみ、健康的な生活を謳歌する
TRANSIT_SUN,NATAL_JUPITER,0,General,10,Fire,0,Applying,社会的な目標達成に向けて大きなチャンスが訪れ、評価が高まる時期です。,幸運が広がる日まで,,80,8,キャリアの目標に向けた具体的なアクションを起こし、実力を発揮する
TRANSIT_SUN,NATAL_JUPITER,0,Work,10,Fire,0,Applying,仕事での発展が期待できる時期です。,成果が認められる日まで,,75,7,新しいアイデアを業務に活かしてみる
TRANSIT_SUN,NATAL_JUPITER,0,Money,10,Fire,0,Applying,経済的な発展が期待できる幸運な時です。,資産が増える日まで,,70,6,長期的な資産運用の計画を再確認し、必要なら調整する
TRANSIT_SUN,NATAL_JUPITER,0,Love,10,Fire,0,Applying,寛大な心で人と接することで絆が深まります。,愛が満たされる日まで,,75,7,大切な人と喜びを分かち合い、感謝の気持ちを伝える
TRANSIT_SUN,NATAL_JUPITER,0,Health,10,Fire,0,Applying,前向きなエネルギーが心身を整えてくれます。,活力が続く日まで,,75,9,身体を動かすことを楽しみ、健康的な生活を謳歌する
TRANSIT_SUN,NATAL_JUPITER,0,General,10,Fire,0,Separating,社会的な目標達成に向けて大きなチャンスが訪れ、評価が高まる時期です。,幸運が広がる日まで,,80,8,キャリアの目標に向けた具体的なアクションを起こし、実力を発揮する
TRANSIT_SUN,NATAL_JUPITER,0,Work,10,Fire,0,Separating,仕事での発展が期待できる時期です。,成果が認められる日まで,,75,7,新しいアイデアを業務に活かしてみる
TRANSIT_SUN,NATAL_JUPITER,0,Money,10,Fire,0,Separating,経済的な発展が期待できる幸運な時です。,資産が増える日まで,,70,6,長期的な資産運用の計画を再確認し、必要なら調整する
TRANSIT_SUN,NATAL_JUPITER,0,Love,10,Fire,0,Separating,寛大な心で人と接することで絆が深まります。,愛が満たされる日まで,,75,7,大切な人と喜びを分かち合い、感謝の気持ちを伝える
TRANSIT_SUN,NATAL_JUPITER,0,Health,10,Fire,0,Separating,前向きなエネルギーが心身を整えてくれます。,活力が続く日まで,,75,9,身体を動かすことを楽しみ、健康的な生活を謳歌する
TRANSIT_SUN,NATAL_JUPITER,0,General,10,Fire,1,Applying,社会的な目標達成に向けて大きなチャンスが訪れ、評価が高まる時期です。,幸運が広がる日まで,,80,8,キャリアの目標に向けた具体的なアクションを起こし、実力を発揮する
TRANSIT_SUN,NATAL_JUPITER,0,Work,10,Fire,1,Applying,仕事での発展が期待できる時期です。,成果が認められる日まで,,75,7,新しいアイデアを業務に活かしてみる
TRANSIT_SUN,NATAL_JUPITER,0,Money,10,Fire,1,Applying,経済的な発展が期待できる幸運な時です。,資産が増える日まで,,70,6,長期的な資産運用の計画を再確認し、必要なら調整する
TRANSIT_SUN,NATAL_JUPITER,0,Love,10,Fire,1,Applying,寛大な心で人と接することで絆が深まります。,愛が満たされる日まで,,75,7,大切な人と喜びを分かち合い、感謝の気持ちを伝える
TRANSIT_SUN,NATAL_JUPITER,0,Health,10,Fire,1,Applying,前向きなエネルギーが心身を整えてくれます。,活力が続く日まで,,75,9,身体を動かすことを楽しみ、健康的な生活を謳歌する
TRANSIT_SUN,NATAL_JUPITER,0,General,10,Fire,1,Separating,社会的な目標達成に向けて大きなチャンスが訪れ、評価が高まる時期です。,幸運が広がる日まで,,80,8,キャリアの目標に向けた具体的なアクションを起こし、実力を発揮する
TRANSIT_SUN,NATAL_JUPITER,0,Work,10,Fire,1,Separating,仕事での発展が期待できる時期です。,成果が認められる日まで,,75,7,新しいアイデアを業務に活かしてみる
TRANSIT_SUN,NATAL_JUPITER,0,Money,10,Fire,1,Separating,経済的な発展が期待できる幸運な時です。,資産が増える日まで,,70,6,長期的な資産運用の計画を再確認し、必要なら調整する
TRANSIT_SUN,NATAL_JUPITER,0,Love,10,Fire,1,Separating,寛大な心で人と接することで絆が深まります。,愛が満たされる日まで,,75,7,大切な人と喜びを分かち合い、感謝の気持ちを伝える
TRANSIT_SUN,NATAL_JUPITER,0,Health,10,Fire,1,Separating,前向きなエネルギーが心身を整えてくれます。,活力が続く日まで,,75,9,身体を動かすことを楽しみ、健康的な生活を謳歌する
TRANSIT_SUN,NATAL_JUPITER,0,General,10,Earth,0,Applying,社会的な目標達成に向けて大きなチャンスが訪れ、評価が高まる時期です。,幸運が広がる日まで,,80,8,キャリアの目標に向けた具体的なアクションを起こし、実力を発揮する
TRANSIT_SUN,NATAL_JUPITER,0,Work,10,Earth,0,Applying,仕事での発展が期待できる時期です。,成果が認められる日まで,,75,7,新しいアイデアを業務に活かしてみる
TRANSIT_SUN,NATAL_JUPITER,0,Money,10,Earth,0,Applying,経済的な発展が期待できる幸運な時です。,資産が増える日まで,,70,6,長期的な資産運用の計画を再確認し、必要なら調整する
TRANSIT_SUN,NATAL_JUPITER,0,Love,10,Earth,0,Applying,寛大な心で人と接することで絆が深まります。,愛が満たされる日まで,,75,7,大切な人と喜びを分かち合い、感謝の気持ちを伝える
TRANSIT_SUN,NATAL_JUPITER,0,Health,10,Earth,0,Applying,前向きなエネルギーが心身を整えてくれます。,活力が続く日まで,,75,9,身体を動かすことを楽しみ、健康的な生活を謳歌する
TRANSIT_SUN,NATAL_JUPITER,0,General,10,Earth,0,Separating,社会的な目標達成に向けて大きなチャンスが訪れ、評価が高まる時期です。,幸運が広がる日まで,,80,8,キャリアの目標に向けた具体的なアクションを起こし、実力を発揮する
TRANSIT_SUN,NATAL_JUPITER,0,Work,10,Earth,0,Separating,仕事での発展が期待できる時期です。,成果が認められる日まで,,75,7,新しいアイデアを業務に活かしてみる
TRANSIT_SUN,NATAL_JUPITER,0,Money,10,Earth,0,Separating,経済的な発展が期待できる幸運な時です。,資産が増える日まで,,70,6,長期的な資産運用の計画を再確認し、必要なら調整する
TRANSIT_SUN,NATAL_JUPITER,0,Love,10,Earth,0,Separating,寛大な心で人と接することで絆が深まります。,愛が満たされる日まで,,75,7,大切な人と喜びを分かち合い、感謝の気持ちを伝える
TRANSIT_SUN,NATAL_JUPITER,0,Health,10,Earth,0,Separating,前向きなエネルギーが心身を整えてくれます。,活力が続く日まで,,75,9,身体を動かすことを楽しみ、健康的な生活を謳歌する
TRANSIT_SUN,NATAL_JUPITER,0,General,10,Earth,1,Applying,社会的な目標達成に向けて大きなチャンスが訪れ、評価が高まる時期です。,幸運が広がる日まで,,80,8,キャリアの目標に向けた具体的なアクションを起こし、実力を発揮する
TRANSIT_SUN,NATAL_JUPITER,0,Work,10,Earth,1,Applying,仕事での発展が期待できる時期です。,成果が認められる日まで,,75,7,新しいアイデアを業務に活かしてみる
TRANSIT_SUN,NATAL_JUPITER,0,Money,10,Earth,1,Applying,経済的な発展が期待できる幸運な時です。,資産が増える日まで,,70,6,長期的な資産運用の計画を再確認し、必要なら調整する
TRANSIT_SUN,NATAL_JUPITER,0,Love,10,Earth,1,Applying,寛大な心で人と接することで絆が深まります。,愛が満たされる日まで,,75,7,大切な人と喜びを分かち合い、感謝の気持ちを伝える
TRANSIT_SUN,NATAL_JUPITER,0,Health,10,Earth,1,Applying,前向きなエネルギーが心身を整えてくれます。,活力が続く日まで,,75,9,身体を動かすことを楽しみ、健康的な生活を謳歌する
TRANSIT_SUN,NATAL_JUPITER,0,General,10,Earth,1,Separating,社会的な目標達成に向けて大きなチャンスが訪れ、評価が高まる時期です。,幸運が広がる日まで,,80,8,キャリアの目標に向けた具体的なアクションを起こし、実力を発揮する
TRANSIT_SUN,NATAL_JUPITER,0,Work,10,Earth,1,Separating,仕事での発展が期待できる時期です。,成果が認められる日まで,,75,7,新しいアイデアを業務に活かしてみる
TRANSIT_SUN,NATAL_JUPITER,0,Money,10,Earth,1,Separating,経済的な発展が期待できる幸運な時です。,資産が増える日まで,,70,6,長期的な資産運用の計画を再確認し、必要なら調整する
TRANSIT_SUN,NATAL_JUPITER,0,Love,10,Earth,1,Separating,寛大な心で人と接することで絆が深まります。,愛が満たされる日まで,,75,7,大切な人と喜びを分かち合い、感謝の気持ちを伝える
TRANSIT_SUN,NATAL_JUPITER,0,Health,10,Earth,1,Separating,前向きなエネルギーが心身を整えてくれます。,活力が続く日まで,,75,9,身体を動かすことを楽しみ、健康的な生活を謳歌する
TRANSIT_SUN,NATAL_JUPITER,0,General,10,Air,0,Applying,社会的な目標達成に向けて大きなチャンスが訪れ、評価が高まる時期です。,幸運が広がる日まで,,80,8,キャリアの目標に向けた具体的なアクションを起こし、実力を発揮する
TRANSIT_SUN,NATAL_JUPITER,0,Work,10,Air,0,Applying,仕事での発展が期待できる時期です。,成果が認められる日まで,,75,7,新しいアイデアを業務に活かしてみる
TRANSIT_SUN,NATAL_JUPITER,0,Money,10,Air,0,Applying,経済的な発展が期待できる幸運な時です。,資産が増える日まで,,70,6,長期的な資産運用の計画を再確認し、必要なら調整する
TRANSIT_SUN,NATAL_JUPITER,0,Love,10,Air,0,Applying,寛大な心で人と接することで絆が深まります。,愛が満たされる日まで,,75,7,大切な人と喜びを分かち合い、感謝の気持ちを伝える
TRANSIT_SUN,NATAL_JUPITER,0,Health,10,Air,0,Applying,前向きなエネルギーが心身を整えてくれます。,活力が続く日まで,,75,9,身体を動かすことを楽しみ、健康的な生活を謳歌する
TRANSIT_SUN,NATAL_JUPITER,0,General,10,Air,0,Separating,社会的な目標達成に向けて大きなチャンスが訪れ、評価が高まる時期です。,幸運が広がる日まで,,80,8,キャリアの目標に向けた具体的なアクションを起こし、実力を発揮する
TRANSIT_SUN,NATAL_JUPITER,0,Work,10,Air,0,Separating,仕事での発展が期待できる時期です。,成果が認められる日まで,,75,7,新しいアイデアを業務に活かしてみる
TRANSIT_SUN,NATAL_JUPITER,0,Money,10,Air,0,Separating,経済的な発展が期待できる幸運な時です。,資産が増える日まで,,70,6,長期的な資産運用の計画を再確認し、必要なら調整する
TRANSIT_SUN,NATAL_JUPITER,0,Love,10,Air,0,Separating,寛大な心で人と接することで絆が深まります。,愛が満たされる日まで,,75,7,大切な人と喜びを分かち合い、感謝の気持ちを伝える
TRANSIT_SUN,NATAL_JUPITER,0,Health,10,Air,0,Separating,前向きなエネルギーが心身を整えてくれます。,活力が続く日まで,,75,9,身体を動かすことを楽しみ、健康的な生活を謳歌する
TRANSIT_SUN,NATAL_JUPITER,0,General,10,Air,1,Applying,社会的な目標達成に向けて大きなチャンスが訪れ、評価が高まる時期です。,幸運が広がる日まで,,80,8,キャリアの目標に向けた具体的なアクションを起こし、実力を発揮する
TRANSIT_SUN,NATAL_JUPITER,0,Work,10,Air,1,Applying,仕事での発展が期待できる時期です。,成果が認められる日まで,,75,7,新しいアイデアを業務に活かしてみる
TRANSIT_SUN,NATAL_JUPITER,0,Money,10,Air,1,Applying,経済的な発展が期待できる幸運な時です。,資産が増える日まで,,70,6,長期的な資産運用の計画を再確認し、必要なら調整する
TRANSIT_SUN,NATAL_JUPITER,0,Love,10,Air,1,Applying,寛大な心で人と接することで絆が深まります。,愛が満たされる日まで,,75,7,大切な人と喜びを分かち合い、感謝の気持ちを伝える
TRANSIT_SUN,NATAL_JUPITER,0,Health,10,Air,1,Applying,前向きなエネルギーが心身を整えてくれます。,活力が続く日まで,,75,9,身体を動かすことを楽しみ、健康的な生活を謳歌する
TRANSIT_SUN,NATAL_JUPITER,0,General,10,Air,1,Separating,社会的な目標達成に向けて大きなチャンスが訪れ、評価が高まる時期です。,幸運が広がる日まで,,80,8,キャリアの目標に向けた具体的なアクションを起こし、実力を発揮する
TRANSIT_SUN,NATAL_JUPITER,0,Work,10,Air,1,Separating,仕事での発展が期待できる時期です。,成果が認められる日まで,,75,7,新しいアイデアを業務に活かしてみる
TRANSIT_SUN,NATAL_JUPITER,0,Money,10,Air,1,Separating,経済的な発展が期待できる幸運な時です。,資産が増える日まで,,70,6,長期的な資産運用の計画を再確認し、必要なら調整する
TRANSIT_SUN,NATAL_JUPITER,0,Love,10,Air,1,Separating,寛大な心で人と接することで絆が深まります。,愛が満たされる日まで,,75,7,大切な人と喜びを分かち合い、感謝の気持ちを伝える
TRANSIT_SUN,NATAL_JUPITER,0,Health,10,Air,1,Separating,前向きなエネルギーが心身を整えてくれます。,活力が続く日まで,,75,9,身体を動かすことを楽しみ、健康的な生活を謳歌する
TRANSIT_SUN,NATAL_JUPITER,0,General,10,Water,0,Applying,社会的な目標達成に向けて大きなチャンスが訪れ、評価が高まる時期です。,幸運が広がる日まで,,80,8,キャリアの目標に向けた具体的なアクションを起こし、実力を発揮する
TRANSIT_SUN,NATAL_JUPITER,0,Work,10,Water,0,Applying,仕事での発展が期待できる時期です。,成果が認められる日まで,,75,7,新しいアイデアを業務に活かしてみる
TRANSIT_SUN,NATAL_JUPITER,0,Money,10,Water,0,Applying,経済的な発展が期待できる幸運な時です。,資産が増える日まで,,70,6,長期的な資産運用の計画を再確認し、必要なら調整する
TRANSIT_SUN,NATAL_JUPITER,0,Love,10,Water,0,Applying,寛大な心で人と接することで絆が深まります。,愛が満たされる日まで,,75,7,大切な人と喜びを分かち合い、感謝の気持ちを伝える
TRANSIT_SUN,NATAL_JUPITER,0,Health,10,Water,0,Applying,前向きなエネルギーが心身を整えてくれます。,活力が続く日まで,,75,9,身体を動かすことを楽しみ、健康的な生活を謳歌する
TRANSIT_SUN,NATAL_JUPITER,0,General,10,Water,0,Separating,社会的な目標達成に向けて大きなチャンスが訪れ、評価が高まる時期です。,幸運が広がる日まで,,80,8,キャリアの目標に向けた具体的なアクションを起こし、実力を発揮する
TRANSIT_SUN,NATAL_JUPITER,0,Work,10,Water,0,Separating,仕事での発展が期待できる時期です。,成果が認められる日まで,,75,7,新しいアイデアを業務に活かしてみる
TRANSIT_SUN,NATAL_JUPITER,0,Money,10,Water,0,Separating,経済的な発展が期待できる幸運な時です。,資産が増える日まで,,70,6,長期的な資産運用の計画を再確認し、必要なら調整する
TRANSIT_SUN,NATAL_JUPITER,0,Love,10,Water,0,Separating,寛大な心で人と接することで絆が深まります。,愛が満たされる日まで,,75,7,大切な人と喜びを分かち合い、感謝の気持ちを伝える
TRANSIT_SUN,NATAL_JUPITER,0,Health,10,Water,0,Separating,前向きなエネルギーが心身を整えてくれます。,活力が続く日まで,,75,9,身体を動かすことを楽しみ、健康的な生活を謳歌する
TRANSIT_SUN,NATAL_JUPITER,0,General,10,Water,1,Applying,社会的な目標達成に向けて大きなチャンスが訪れ、評価が高まる時期です。,幸運が広がる日まで,,80,8,キャリアの目標に向けた具体的なアクションを起こし、実力を発揮する
TRANSIT_SUN,NATAL_JUPITER,0,Work,10,Water,1,Applying,仕事での発展が期待できる時期です。,成果が認められる日まで,,75,7,新しいアイデアを業務に活かしてみる
TRANSIT_SUN,NATAL_JUPITER,0,Money,10,Water,1,Applying,経済的な発展が期待できる幸運な時です。,資産が増える日まで,,70,6,長期的な資産運用の計画を再確認し、必要なら調整する
TRANSIT_SUN,NATAL_JUPITER,0,Love,10,Water,1,Applying,寛大な心で人と接することで絆が深まります。,愛が満たされる日まで,,75,7,大切な人と喜びを分かち合い、感謝の気持ちを伝える
TRANSIT_SUN,NATAL_JUPITER,0,Health,10,Water,1,Applying,前向きなエネルギーが心身を整えてくれます。,活力が続く日まで,,75,9,身体を動かすことを楽しみ、健康的な生活を謳歌する
TRANSIT_SUN,NATAL_JUPITER,0,General,10,Water,1,Separating,社会的な目標達成に向けて大きなチャンスが訪れ、評価が高まる時期です。,幸運が広がる日まで,,80,8,キャリアの目標に向けた具体的なアクションを起こし、実力を発揮する
TRANSIT_SUN,NATAL_JUPITER,0,Work,10,Water,1,Separating,仕事での発展が期待できる時期です。,成果が認められる日まで,,75,7,新しいアイデアを業務に活かしてみる
TRANSIT_SUN,NATAL_JUPITER,0,Money,10,Water,1,Separating,経済的な発展が期待できる幸運な時です。,資産が増える日まで,,70,6,長期的な資産運用の計画を再確認し、必要なら調整する
TRANSIT_SUN,NATAL_JUPITER,0,Love,10,Water,1,Separating,寛大な心で人と接することで絆が深まります。,愛が満たされる日まで,,75,7,大切な人と喜びを分かち合い、感謝の気持ちを伝える
TRANSIT_SUN,NATAL_JUPITER,0,Health,10,Water,1,Separating,前向きなエネルギーが心身を整えてくれます。,活力が続く日まで,,75,9,身体を動かすことを楽しみ、健康的な生活を謳歌する
TRANSIT_SUN,NATAL_JUPITER,0,General,11,Fire,0,Applying,志を同じくする仲間とのネットワークが広がり、夢に近づける時期です。,幸運が広がる日まで,,80,8,共通の目的を持つグループでの活動を活性化させ、有益な情報を交換する
TRANSIT_SUN,NATAL_JUPITER,0,Work,11,Fire,0,Applying,仕事での発展が期待できる時期です。,成果が認められる日まで,,75,7,新しいアイデアを業務に活かしてみる
TRANSIT_SUN,NATAL_JUPITER,0,Money,11,Fire,0,Applying,経済的な発展が期待できる幸運な時です。,資産が増える日まで,,70,6,長期的な資産運用の計画を再確認し、必要なら調整する
TRANSIT_SUN,NATAL_JUPITER,0,Love,11,Fire,0,Applying,寛大な心で人と接することで絆が深まります。,愛が満たされる日まで,,75,7,大切な人と喜びを分かち合い、感謝の気持ちを伝える
TRANSIT_SUN,NATAL_JUPITER,0,Health,11,Fire,0,Applying,前向きなエネルギーが心身を整えてくれます。,活力が続く日まで,,75,9,身体を動かすことを楽しみ、健康的な生活を謳歌する
TRANSIT_SUN,NATAL_JUPITER,0,General,11,Fire,0,Separating,志を同じくする仲間とのネットワークが広がり、夢に近づける時期です。,幸運が広がる日まで,,80,8,共通の目的を持つグループでの活動を活性化させ、有益な情報を交換する
TRANSIT_SUN,NATAL_JUPITER,0,Work,11,Fire,0,Separating,仕事での発展が期待できる時期です。,成果が認められる日まで,,75,7,新しいアイデアを業務に活かしてみる
TRANSIT_SUN,NATAL_JUPITER,0,Money,11,Fire,0,Separating,経済的な発展が期待できる幸運な時です。,資産が増える日まで,,70,6,長期的な資産運用の計画を再確認し、必要なら調整する
TRANSIT_SUN,NATAL_JUPITER,0,Love,11,Fire,0,Separating,寛大な心で人と接することで絆が深まります。,愛が満たされる日まで,,75,7,大切な人と喜びを分かち合い、感謝の気持ちを伝える
TRANSIT_SUN,NATAL_JUPITER,0,Health,11,Fire,0,Separating,前向きなエネルギーが心身を整えてくれます。,活力が続く日まで,,75,9,身体を動かすことを楽しみ、健康的な生活を謳歌する
TRANSIT_SUN,NATAL_JUPITER,0,General,11,Fire,1,Applying,志を同じくする仲間とのネットワークが広がり、夢に近づける時期です。,幸運が広がる日まで,,80,8,共通の目的を持つグループでの活動を活性化させ、有益な情報を交換する
TRANSIT_SUN,NATAL_JUPITER,0,Work,11,Fire,1,Applying,仕事での発展が期待できる時期です。,成果が認められる日まで,,75,7,新しいアイデアを業務に活かしてみる
TRANSIT_SUN,NATAL_JUPITER,0,Money,11,Fire,1,Applying,経済的な発展が期待できる幸運な時です。,資産が増える日まで,,70,6,長期的な資産運用の計画を再確認し、必要なら調整する
TRANSIT_SUN,NATAL_JUPITER,0,Love,11,Fire,1,Applying,寛大な心で人と接することで絆が深まります。,愛が満たされる日まで,,75,7,大切な人と喜びを分かち合い、感謝の気持ちを伝える
TRANSIT_SUN,NATAL_JUPITER,0,Health,11,Fire,1,Applying,前向きなエネルギーが心身を整えてくれます。,活力が続く日まで,,75,9,身体を動かすことを楽しみ、健康的な生活を謳歌する
TRANSIT_SUN,NATAL_JUPITER,0,General,11,Fire,1,Separating,志を同じくする仲間とのネットワークが広がり、夢に近づける時期です。,幸運が広がる日まで,,80,8,共通の目的を持つグループでの活動を活性化させ、有益な情報を交換する
TRANSIT_SUN,NATAL_JUPITER,0,Work,11,Fire,1,Separating,仕事での発展が期待できる時期です。,成果が認められる日まで,,75,7,新しいアイデアを業務に活かしてみる
TRANSIT_SUN,NATAL_JUPITER,0,Money,11,Fire,1,Separating,経済的な発展が期待できる幸運な時です。,資産が増える日まで,,70,6,長期的な資産運用の計画を再確認し、必要なら調整する
TRANSIT_SUN,NATAL_JUPITER,0,Love,11,Fire,1,Separating,寛大な心で人と接することで絆が深まります。,愛が満たされる日まで,,75,7,大切な人と喜びを分かち合い、感謝の気持ちを伝える
TRANSIT_SUN,NATAL_JUPITER,0,Health,11,Fire,1,Separating,前向きなエネルギーが心身を整えてくれます。,活力が続く日まで,,75,9,身体を動かすことを楽しみ、健康的な生活を謳歌する
TRANSIT_SUN,NATAL_JUPITER,0,General,11,Earth,0,Applying,志を同じくする仲間とのネットワークが広がり、夢に近づける時期です。,幸運が広がる日まで,,80,8,共通の目的を持つグループでの活動を活性化させ、有益な情報を交換する
TRANSIT_SUN,NATAL_JUPITER,0,Work,11,Earth,0,Applying,仕事での発展が期待できる時期です。,成果が認められる日まで,,75,7,新しいアイデアを業務に活かしてみる
TRANSIT_SUN,NATAL_JUPITER,0,Money,11,Earth,0,Applying,経済的な発展が期待できる幸運な時です。,資産が増える日まで,,70,6,長期的な資産運用の計画を再確認し、必要なら調整する
TRANSIT_SUN,NATAL_JUPITER,0,Love,11,Earth,0,Applying,寛大な心で人と接することで絆が深まります。,愛が満たされる日まで,,75,7,大切な人と喜びを分かち合い、感謝の気持ちを伝える
TRANSIT_SUN,NATAL_JUPITER,0,Health,11,Earth,0,Applying,前向きなエネルギーが心身を整えてくれます。,活力が続く日まで,,75,9,身体を動かすことを楽しみ、健康的な生活を謳歌する
TRANSIT_SUN,NATAL_JUPITER,0,General,11,Earth,0,Separating,志を同じくする仲間とのネットワークが広がり、夢に近づける時期です。,幸運が広がる日まで,,80,8,共通の目的を持つグループでの活動を活性化させ、有益な情報を交換する
TRANSIT_SUN,NATAL_JUPITER,0,Work,11,Earth,0,Separating,仕事での発展が期待できる時期です。,成果が認められる日まで,,75,7,新しいアイデアを業務に活かしてみる
TRANSIT_SUN,NATAL_JUPITER,0,Money,11,Earth,0,Separating,経済的な発展が期待できる幸運な時です。,資産が増える日まで,,70,6,長期的な資産運用の計画を再確認し、必要なら調整する
TRANSIT_SUN,NATAL_JUPITER,0,Love,11,Earth,0,Separating,寛大な心で人と接することで絆が深まります。,愛が満たされる日まで,,75,7,大切な人と喜びを分かち合い、感謝の気持ちを伝える
TRANSIT_SUN,NATAL_JUPITER,0,Health,11,Earth,0,Separating,前向きなエネルギーが心身を整えてくれます。,活力が続く日まで,,75,9,身体を動かすことを楽しみ、健康的な生活を謳歌する
TRANSIT_SUN,NATAL_JUPITER,0,General,11,Earth,1,Applying,志を同じくする仲間とのネットワークが広がり、夢に近づける時期です。,幸運が広がる日まで,,80,8,共通の目的を持つグループでの活動を活性化させ、有益な情報を交換する
TRANSIT_SUN,NATAL_JUPITER,0,Work,11,Earth,1,Applying,仕事での発展が期待できる時期です。,成果が認められる日まで,,75,7,新しいアイデアを業務に活かしてみる
TRANSIT_SUN,NATAL_JUPITER,0,Money,11,Earth,1,Applying,経済的な発展が期待できる幸運な時です。,資産が増える日まで,,70,6,長期的な資産運用の計画を再確認し、必要なら調整する
TRANSIT_SUN,NATAL_JUPITER,0,Love,11,Earth,1,Applying,寛大な心で人と接することで絆が深まります。,愛が満たされる日まで,,75,7,大切な人と喜びを分かち合い、感謝の気持ちを伝える
TRANSIT_SUN,NATAL_JUPITER,0,Health,11,Earth,1,Applying,前向きなエネルギーが心身を整えてくれます。,活力が続く日まで,,75,9,身体を動かすことを楽しみ、健康的な生活を謳歌する
TRANSIT_SUN,NATAL_JUPITER,0,General,11,Earth,1,Separating,志を同じくする仲間とのネットワークが広がり、夢に近づける時期です。,幸運が広がる日まで,,80,8,共通の目的を持つグループでの活動を活性化させ、有益な情報を交換する
TRANSIT_SUN,NATAL_JUPITER,0,Work,11,Earth,1,Separating,仕事での発展が期待できる時期です。,成果が認められる日まで,,75,7,新しいアイデアを業務に活かしてみる
TRANSIT_SUN,NATAL_JUPITER,0,Money,11,Earth,1,Separating,経済的な発展が期待できる幸運な時です。,資産が増える日まで,,70,6,長期的な資産運用の計画を再確認し、必要なら調整する
TRANSIT_SUN,NATAL_JUPITER,0,Love,11,Earth,1,Separating,寛大な心で人と接することで絆が深まります。,愛が満たされる日まで,,75,7,大切な人と喜びを分かち合い、感謝の気持ちを伝える
TRANSIT_SUN,NATAL_JUPITER,0,Health,11,Earth,1,Separating,前向きなエネルギーが心身を整えてくれます。,活力が続く日まで,,75,9,身体を動かすことを楽しみ、健康的な生活を謳歌する
TRANSIT_SUN,NATAL_JUPITER,0,General,11,Air,0,Applying,志を同じくする仲間とのネットワークが広がり、夢に近づける時期です。,幸運が広がる日まで,,80,8,共通の目的を持つグループでの活動を活性化させ、有益な情報を交換する
TRANSIT_SUN,NATAL_JUPITER,0,Work,11,Air,0,Applying,仕事での発展が期待できる時期です。,成果が認められる日まで,,75,7,新しいアイデアを業務に活かしてみる
TRANSIT_SUN,NATAL_JUPITER,0,Money,11,Air,0,Applying,経済的な発展が期待できる幸運な時です。,資産が増える日まで,,70,6,長期的な資産運用の計画を再確認し、必要なら調整する
TRANSIT_SUN,NATAL_JUPITER,0,Love,11,Air,0,Applying,寛大な心で人と接することで絆が深まります。,愛が満たされる日まで,,75,7,大切な人と喜びを分かち合い、感謝の気持ちを伝える
TRANSIT_SUN,NATAL_JUPITER,0,Health,11,Air,0,Applying,前向きなエネルギーが心身を整えてくれます。,活力が続く日まで,,75,9,身体を動かすことを楽しみ、健康的な生活を謳歌する
TRANSIT_SUN,NATAL_JUPITER,0,General,11,Air,0,Separating,志を同じくする仲間とのネットワークが広がり、夢に近づける時期です。,幸運が広がる日まで,,80,8,共通の目的を持つグループでの活動を活性化させ、有益な情報を交換する
TRANSIT_SUN,NATAL_JUPITER,0,Work,11,Air,0,Separating,仕事での発展が期待できる時期です。,成果が認められる日まで,,75,7,新しいアイデアを業務に活かしてみる
TRANSIT_SUN,NATAL_JUPITER,0,Money,11,Air,0,Separating,経済的な発展が期待できる幸運な時です。,資産が増える日まで,,70,6,長期的な資産運用の計画を再確認し、必要なら調整する
TRANSIT_SUN,NATAL_JUPITER,0,Love,11,Air,0,Separating,寛大な心で人と接することで絆が深まります。,愛が満たされる日まで,,75,7,大切な人と喜びを分かち合い、感謝の気持ちを伝える
TRANSIT_SUN,NATAL_JUPITER,0,Health,11,Air,0,Separating,前向きなエネルギーが心身を整えてくれます。,活力が続く日まで,,75,9,身体を動かすことを楽しみ、健康的な生活を謳歌する
TRANSIT_SUN,NATAL_JUPITER,0,General,11,Air,1,Applying,志を同じくする仲間とのネットワークが広がり、夢に近づける時期です。,幸運が広がる日まで,,80,8,共通の目的を持つグループでの活動を活性化させ、有益な情報を交換する
TRANSIT_SUN,NATAL_JUPITER,0,Work,11,Air,1,Applying,仕事での発展が期待できる時期です。,成果が認められる日まで,,75,7,新しいアイデアを業務に活かしてみる
TRANSIT_SUN,NATAL_JUPITER,0,Money,11,Air,1,Applying,経済的な発展が期待できる幸運な時です。,資産が増える日まで,,70,6,長期的な資産運用の計画を再確認し、必要なら調整する
TRANSIT_SUN,NATAL_JUPITER,0,Love,11,Air,1,Applying,寛大な心で人と接することで絆が深まります。,愛が満たされる日まで,,75,7,大切な人と喜びを分かち合い、感謝の気持ちを伝える
TRANSIT_SUN,NATAL_JUPITER,0,Health,11,Air,1,Applying,前向きなエネルギーが心身を整えてくれます。,活力が続く日まで,,75,9,身体を動かすことを楽しみ、健康的な生活を謳歌する
TRANSIT_SUN,NATAL_JUPITER,0,General,11,Air,1,Separating,志を同じくする仲間とのネットワークが広がり、夢に近づける時期です。,幸運が広がる日まで,,80,8,共通の目的を持つグループでの活動を活性化させ、有益な情報を交換する
TRANSIT_SUN,NATAL_JUPITER,0,Work,11,Air,1,Separating,仕事での発展が期待できる時期です。,成果が認められる日まで,,75,7,新しいアイデアを業務に活かしてみる
TRANSIT_SUN,NATAL_JUPITER,0,Money,11,Air,1,Separating,経済的な発展が期待できる幸運な時です。,資産が増える日まで,,70,6,長期的な資産運用の計画を再確認し、必要なら調整する
TRANSIT_SUN,NATAL_JUPITER,0,Love,11,Air,1,Separating,寛大な心で人と接することで絆が深まります。,愛が満たされる日まで,,75,7,大切な人と喜びを分かち合い、感謝の気持ちを伝える
TRANSIT_SUN,NATAL_JUPITER,0,Health,11,Air,1,Separating,前向きなエネルギーが心身を整えてくれます。,活力が続く日まで,,75,9,身体を動かすことを楽しみ、健康的な生活を謳歌する
TRANSIT_SUN,NATAL_JUPITER,0,General,11,Water,0,Applying,志を同じくする仲間とのネットワークが広がり、夢に近づける時期です。,幸運が広がる日まで,,80,8,共通の目的を持つグループでの活動を活性化させ、有益な情報を交換する
TRANSIT_SUN,NATAL_JUPITER,0,Work,11,Water,0,Applying,仕事での発展が期待できる時期です。,成果が認められる日まで,,75,7,新しいアイデアを業務に活かしてみる
TRANSIT_SUN,NATAL_JUPITER,0,Money,11,Water,0,Applying,経済的な発展が期待できる幸運な時です。,資産が増える日まで,,70,6,長期的な資産運用の計画を再確認し、必要なら調整する
TRANSIT_SUN,NATAL_JUPITER,0,Love,11,Water,0,Applying,寛大な心で人と接することで絆が深まります。,愛が満たされる日まで,,75,7,大切な人と喜びを分かち合い、感謝の気持ちを伝える
TRANSIT_SUN,NATAL_JUPITER,0,Health,11,Water,0,Applying,前向きなエネルギーが心身を整えてくれます。,活力が続く日まで,,75,9,身体を動かすことを楽しみ、健康的な生活を謳歌する
TRANSIT_SUN,NATAL_JUPITER,0,General,11,Water,0,Separating,志を同じくする仲間とのネットワークが広がり、夢に近づける時期です。,幸運が広がる日まで,,80,8,共通の目的を持つグループでの活動を活性化させ、有益な情報を交換する
TRANSIT_SUN,NATAL_JUPITER,0,Work,11,Water,0,Separating,仕事での発展が期待できる時期です。,成果が認められる日まで,,75,7,新しいアイデアを業務に活かしてみる
TRANSIT_SUN,NATAL_JUPITER,0,Money,11,Water,0,Separating,経済的な発展が期待できる幸運な時です。,資産が増える日まで,,70,6,長期的な資産運用の計画を再確認し、必要なら調整する
TRANSIT_SUN,NATAL_JUPITER,0,Love,11,Water,0,Separating,寛大な心で人と接することで絆が深まります。,愛が満たされる日まで,,75,7,大切な人と喜びを分かち合い、感謝の気持ちを伝える
TRANSIT_SUN,NATAL_JUPITER,0,Health,11,Water,0,Separating,前向きなエネルギーが心身を整えてくれます。,活力が続く日まで,,75,9,身体を動かすことを楽しみ、健康的な生活を謳歌する
TRANSIT_SUN,NATAL_JUPITER,0,General,11,Water,1,Applying,志を同じくする仲間とのネットワークが広がり、夢に近づける時期です。,幸運が広がる日まで,,80,8,共通の目的を持つグループでの活動を活性化させ、有益な情報を交換する
TRANSIT_SUN,NATAL_JUPITER,0,Work,11,Water,1,Applying,仕事での発展が期待できる時期です。,成果が認められる日まで,,75,7,新しいアイデアを業務に活かしてみる
TRANSIT_SUN,NATAL_JUPITER,0,Money,11,Water,1,Applying,経済的な発展が期待できる幸運な時です。,資産が増える日まで,,70,6,長期的な資産運用の計画を再確認し、必要なら調整する
TRANSIT_SUN,NATAL_JUPITER,0,Love,11,Water,1,Applying,寛大な心で人と接することで絆が深まります。,愛が満たされる日まで,,75,7,大切な人と喜びを分かち合い、感謝の気持ちを伝える
TRANSIT_SUN,NATAL_JUPITER,0,Health,11,Water,1,Applying,前向きなエネルギーが心身を整えてくれます。,活力が続く日まで,,75,9,身体を動かすことを楽しみ、健康的な生活を謳歌する
TRANSIT_SUN,NATAL_JUPITER,0,General,11,Water,1,Separating,志を同じくする仲間とのネットワークが広がり、夢に近づける時期です。,幸運が広がる日まで,,80,8,共通の目的を持つグループでの活動を活性化させ、有益な情報を交換する
TRANSIT_SUN,NATAL_JUPITER,0,Work,11,Water,1,Separating,仕事での発展が期待できる時期です。,成果が認められる日まで,,75,7,新しいアイデアを業務に活かしてみる
TRANSIT_SUN,NATAL_JUPITER,0,Money,11,Water,1,Separating,経済的な発展が期待できる幸運な時です。,資産が増える日まで,,70,6,長期的な資産運用の計画を再確認し、必要なら調整する
TRANSIT_SUN,NATAL_JUPITER,0,Love,11,Water,1,Separating,寛大な心で人と接することで絆が深まります。,愛が満たされる日まで,,75,7,大切な人と喜びを分かち合い、感謝の気持ちを伝える
TRANSIT_SUN,NATAL_JUPITER,0,Health,11,Water,1,Separating,前向きなエネルギーが心身を整えてくれます。,活力が続く日まで,,75,9,身体を動かすことを楽しみ、健康的な生活を謳歌する
TRANSIT_SUN,NATAL_JUPITER,0,General,12,Fire,0,Applying,内面的な平穏が得られ、静かな時間を通じて精神的な充実を感じる時期です。,幸運が広がる日まで,,80,8,15分間の内省や瞑想を行い、自分の内なる成長を確認する
TRANSIT_SUN,NATAL_JUPITER,0,Work,12,Fire,0,Applying,仕事での発展が期待できる時期です。,成果が認められる日まで,,75,7,新しいアイデアを業務に活かしてみる
TRANSIT_SUN,NATAL_JUPITER,0,Money,12,Fire,0,Applying,経済的な発展が期待できる幸運な時です。,資産が増える日まで,,70,6,長期的な資産運用の計画を再確認し、必要なら調整する
TRANSIT_SUN,NATAL_JUPITER,0,Love,12,Fire,0,Applying,寛大な心で人と接することで絆が深まります。,愛が満たされる日まで,,75,7,大切な人と喜びを分かち合い、感謝の気持ちを伝える
TRANSIT_SUN,NATAL_JUPITER,0,Health,12,Fire,0,Applying,前向きなエネルギーが心身を整えてくれます。,活力が続く日まで,,75,9,身体を動かすことを楽しみ、健康的な生活を謳歌する
TRANSIT_SUN,NATAL_JUPITER,0,General,12,Fire,0,Separating,内面的な平穏が得られ、静かな時間を通じて精神的な充実を感じる時期です。,幸運が広がる日まで,,80,8,15分間の内省や瞑想を行い、自分の内なる成長を確認する
TRANSIT_SUN,NATAL_JUPITER,0,Work,12,Fire,0,Separating,仕事での発展が期待できる時期です。,成果が認められる日まで,,75,7,新しいアイデアを業務に活かしてみる
TRANSIT_SUN,NATAL_JUPITER,0,Money,12,Fire,0,Separating,経済的な発展が期待できる幸運な時です。,資産が増える日まで,,70,6,長期的な資産運用の計画を再確認し、必要なら調整する
TRANSIT_SUN,NATAL_JUPITER,0,Love,12,Fire,0,Separating,寛大な心で人と接することで絆が深まります。,愛が満たされる日まで,,75,7,大切な人と喜びを分かち合い、感謝の気持ちを伝える
TRANSIT_SUN,NATAL_JUPITER,0,Health,12,Fire,0,Separating,前向きなエネルギーが心身を整えてくれます。,活力が続く日まで,,75,9,身体を動かすことを楽しみ、健康的な生活を謳歌する
TRANSIT_SUN,NATAL_JUPITER,0,General,12,Fire,1,Applying,内面的な平穏が得られ、静かな時間を通じて精神的な充実を感じる時期です。,幸運が広がる日まで,,80,8,15分間の内省や瞑想を行い、自分の内なる成長を確認する
TRANSIT_SUN,NATAL_JUPITER,0,Work,12,Fire,1,Applying,仕事での発展が期待できる時期です。,成果が認められる日まで,,75,7,新しいアイデアを業務に活かしてみる
TRANSIT_SUN,NATAL_JUPITER,0,Money,12,Fire,1,Applying,経済的な発展が期待できる幸運な時です。,資産が増える日まで,,70,6,長期的な資産運用の計画を再確認し、必要なら調整する
TRANSIT_SUN,NATAL_JUPITER,0,Love,12,Fire,1,Applying,寛大な心で人と接することで絆が深まります。,愛が満たされる日まで,,75,7,大切な人と喜びを分かち合い、感謝の気持ちを伝える
TRANSIT_SUN,NATAL_JUPITER,0,Health,12,Fire,1,Applying,前向きなエネルギーが心身を整えてくれます。,活力が続く日まで,,75,9,身体を動かすことを楽しみ、健康的な生活を謳歌する
TRANSIT_SUN,NATAL_JUPITER,0,General,12,Fire,1,Separating,内面的な平穏が得られ、静かな時間を通じて精神的な充実を感じる時期です。,幸運が広がる日まで,,80,8,15分間の内省や瞑想を行い、自分の内なる成長を確認する
TRANSIT_SUN,NATAL_JUPITER,0,Work,12,Fire,1,Separating,仕事での発展が期待できる時期です。,成果が認められる日まで,,75,7,新しいアイデアを業務に活かしてみる
TRANSIT_SUN,NATAL_JUPITER,0,Money,12,Fire,1,Separating,経済的な発展が期待できる幸運な時です。,資産が増える日まで,,70,6,長期的な資産運用の計画を再確認し、必要なら調整する
TRANSIT_SUN,NATAL_JUPITER,0,Love,12,Fire,1,Separating,寛大な心で人と接することで絆が深まります。,愛が満たされる日まで,,75,7,大切な人と喜びを分かち合い、感謝の気持ちを伝える
TRANSIT_SUN,NATAL_JUPITER,0,Health,12,Fire,1,Separating,前向きなエネルギーが心身を整えてくれます。,活力が続く日まで,,75,9,身体を動かすことを楽しみ、健康的な生活を謳歌する
TRANSIT_SUN,NATAL_JUPITER,0,General,12,Earth,0,Applying,内面的な平穏が得られ、静かな時間を通じて精神的な充実を感じる時期です。,幸運が広がる日まで,,80,8,15分間の内省や瞑想を行い、自分の内なる成長を確認する
TRANSIT_SUN,NATAL_JUPITER,0,Work,12,Earth,0,Applying,仕事での発展が期待できる時期です。,成果が認められる日まで,,75,7,新しいアイデアを業務に活かしてみる
TRANSIT_SUN,NATAL_JUPITER,0,Money,12,Earth,0,Applying,経済的な発展が期待できる幸運な時です。,資産が増える日まで,,70,6,長期的な資産運用の計画を再確認し、必要なら調整する
TRANSIT_SUN,NATAL_JUPITER,0,Love,12,Earth,0,Applying,寛大な心で人と接することで絆が深まります。,愛が満たされる日まで,,75,7,大切な人と喜びを分かち合い、感謝の気持ちを伝える
TRANSIT_SUN,NATAL_JUPITER,0,Health,12,Earth,0,Applying,前向きなエネルギーが心身を整えてくれます。,活力が続く日まで,,75,9,身体を動かすことを楽しみ、健康的な生活を謳歌する
TRANSIT_SUN,NATAL_JUPITER,0,General,12,Earth,0,Separating,内面的な平穏が得られ、静かな時間を通じて精神的な充実を感じる時期です。,幸運が広がる日まで,,80,8,15分間の内省や瞑想を行い、自分の内なる成長を確認する
TRANSIT_SUN,NATAL_JUPITER,0,Work,12,Earth,0,Separating,仕事での発展が期待できる時期です。,成果が認められる日まで,,75,7,新しいアイデアを業務に活かしてみる
TRANSIT_SUN,NATAL_JUPITER,0,Money,12,Earth,0,Separating,経済的な発展が期待できる幸運な時です。,資産が増える日まで,,70,6,長期的な資産運用の計画を再確認し、必要なら調整する
TRANSIT_SUN,NATAL_JUPITER,0,Love,12,Earth,0,Separating,寛大な心で人と接することで絆が深まります。,愛が満たされる日まで,,75,7,大切な人と喜びを分かち合い、感謝の気持ちを伝える
TRANSIT_SUN,NATAL_JUPITER,0,Health,12,Earth,0,Separating,前向きなエネルギーが心身を整えてくれます。,活力が続く日まで,,75,9,身体を動かすことを楽しみ、健康的な生活を謳歌する
TRANSIT_SUN,NATAL_JUPITER,0,General,12,Earth,1,Applying,内面的な平穏が得られ、静かな時間を通じて精神的な充実を感じる時期です。,幸運が広がる日まで,,80,8,15分間の内省や瞑想を行い、自分の内なる成長を確認する
TRANSIT_SUN,NATAL_JUPITER,0,Work,12,Earth,1,Applying,仕事での発展が期待できる時期です。,成果が認められる日まで,,75,7,新しいアイデアを業務に活かしてみる
TRANSIT_SUN,NATAL_JUPITER,0,Money,12,Earth,1,Applying,経済的な発展が期待できる幸運な時です。,資産が増える日まで,,70,6,長期的な資産運用の計画を再確認し、必要なら調整する
TRANSIT_SUN,NATAL_JUPITER,0,Love,12,Earth,1,Applying,寛大な心で人と接することで絆が深まります。,愛が満たされる日まで,,75,7,大切な人と喜びを分かち合い、感謝の気持ちを伝える
TRANSIT_SUN,NATAL_JUPITER,0,Health,12,Earth,1,Applying,前向きなエネルギーが心身を整えてくれます。,活力が続く日まで,,75,9,身体を動かすことを楽しみ、健康的な生活を謳歌する
TRANSIT_SUN,NATAL_JUPITER,0,General,12,Earth,1,Separating,内面的な平穏が得られ、静かな時間を通じて精神的な充実を感じる時期です。,幸運が広がる日まで,,80,8,15分間の内省や瞑想を行い、自分の内なる成長を確認する
TRANSIT_SUN,NATAL_JUPITER,0,Work,12,Earth,1,Separating,仕事での発展が期待できる時期です。,成果が認められる日まで,,75,7,新しいアイデアを業務に活かしてみる
TRANSIT_SUN,NATAL_JUPITER,0,Money,12,Earth,1,Separating,経済的な発展が期待できる幸運な時です。,資産が増える日まで,,70,6,長期的な資産運用の計画を再確認し、必要なら調整する
TRANSIT_SUN,NATAL_JUPITER,0,Love,12,Earth,1,Separating,寛大な心で人と接することで絆が深まります。,愛が満たされる日まで,,75,7,大切な人と喜びを分かち合い、感謝の気持ちを伝える
TRANSIT_SUN,NATAL_JUPITER,0,Health,12,Earth,1,Separating,前向きなエネルギーが心身を整えてくれます。,活力が続く日まで,,75,9,身体を動かすことを楽しみ、健康的な生活を謳歌する
TRANSIT_SUN,NATAL_JUPITER,0,General,12,Air,0,Applying,内面的な平穏が得られ、静かな時間を通じて精神的な充実を感じる時期です。,幸運が広がる日まで,,80,8,15分間の内省や瞑想を行い、自分の内なる成長を確認する
TRANSIT_SUN,NATAL_JUPITER,0,Work,12,Air,0,Applying,仕事での発展が期待できる時期です。,成果が認められる日まで,,75,7,新しいアイデアを業務に活かしてみる
TRANSIT_SUN,NATAL_JUPITER,0,Money,12,Air,0,Applying,経済的な発展が期待できる幸運な時です。,資産が増える日まで,,70,6,長期的な資産運用の計画を再確認し、必要なら調整する
TRANSIT_SUN,NATAL_JUPITER,0,Love,12,Air,0,Applying,寛大な心で人と接することで絆が深まります。,愛が満たされる日まで,,75,7,大切な人と喜びを分かち合い、感謝の気持ちを伝える
TRANSIT_SUN,NATAL_JUPITER,0,Health,12,Air,0,Applying,前向きなエネルギーが心身を整えてくれます。,活力が続く日まで,,75,9,身体を動かすことを楽しみ、健康的な生活を謳歌する
TRANSIT_SUN,NATAL_JUPITER,0,General,12,Air,0,Separating,内面的な平穏が得られ、静かな時間を通じて精神的な充実を感じる時期です。,幸運が広がる日まで,,80,8,15分間の内省や瞑想を行い、自分の内なる成長を確認する
TRANSIT_SUN,NATAL_JUPITER,0,Work,12,Air,0,Separating,仕事での発展が期待できる時期です。,成果が認められる日まで,,75,7,新しいアイデアを業務に活かしてみる
TRANSIT_SUN,NATAL_JUPITER,0,Money,12,Air,0,Separating,経済的な発展が期待できる幸運な時です。,資産が増える日まで,,70,6,長期的な資産運用の計画を再確認し、必要なら調整する
TRANSIT_SUN,NATAL_JUPITER,0,Love,12,Air,0,Separating,寛大な心で人と接することで絆が深まります。,愛が満たされる日まで,,75,7,大切な人と喜びを分かち合い、感謝の気持ちを伝える
TRANSIT_SUN,NATAL_JUPITER,0,Health,12,Air,0,Separating,前向きなエネルギーが心身を整えてくれます。,活力が続く日まで,,75,9,身体を動かすことを楽しみ、健康的な生活を謳歌する
TRANSIT_SUN,NATAL_JUPITER,0,General,12,Air,1,Applying,内面的な平穏が得られ、静かな時間を通じて精神的な充実を感じる時期です。,幸運が広がる日まで,,80,8,15分間の内省や瞑想を行い、自分の内なる成長を確認する
TRANSIT_SUN,NATAL_JUPITER,0,Work,12,Air,1,Applying,仕事での発展が期待できる時期です。,成果が認められる日まで,,75,7,新しいアイデアを業務に活かしてみる
TRANSIT_SUN,NATAL_JUPITER,0,Money,12,Air,1,Applying,経済的な発展が期待できる幸運な時です。,資産が増える日まで,,70,6,長期的な資産運用の計画を再確認し、必要なら調整する
TRANSIT_SUN,NATAL_JUPITER,0,Love,12,Air,1,Applying,寛大な心で人と接することで絆が深まります。,愛が満たされる日まで,,75,7,大切な人と喜びを分かち合い、感謝の気持ちを伝える
TRANSIT_SUN,NATAL_JUPITER,0,Health,12,Air,1,Applying,前向きなエネルギーが心身を整えてくれます。,活力が続く日まで,,75,9,身体を動かすことを楽しみ、健康的な生活を謳歌する
TRANSIT_SUN,NATAL_JUPITER,0,General,12,Air,1,Separating,内面的な平穏が得られ、静かな時間を通じて精神的な充実を感じる時期です。,幸運が広がる日まで,,80,8,15分間の内省や瞑想を行い、自分の内なる成長を確認する
TRANSIT_SUN,NATAL_JUPITER,0,Work,12,Air,1,Separating,仕事での発展が期待できる時期です。,成果が認められる日まで,,75,7,新しいアイデアを業務に活かしてみる
TRANSIT_SUN,NATAL_JUPITER,0,Money,12,Air,1,Separating,経済的な発展が期待できる幸運な時です。,資産が増える日まで,,70,6,長期的な資産運用の計画を再確認し、必要なら調整する
TRANSIT_SUN,NATAL_JUPITER,0,Love,12,Air,1,Separating,寛大な心で人と接することで絆が深まります。,愛が満たされる日まで,,75,7,大切な人と喜びを分かち合い、感謝の気持ちを伝える
TRANSIT_SUN,NATAL_JUPITER,0,Health,12,Air,1,Separating,前向きなエネルギーが心身を整えてくれます。,活力が続く日まで,,75,9,身体を動かすことを楽しみ、健康的な生活を謳歌する
TRANSIT_SUN,NATAL_JUPITER,0,General,12,Water,0,Applying,内面的な平穏が得られ、静かな時間を通じて精神的な充実を感じる時期です。,幸運が広がる日まで,,80,8,15分間の内省や瞑想を行い、自分の内なる成長を確認する
TRANSIT_SUN,NATAL_JUPITER,0,Work,12,Water,0,Applying,仕事での発展が期待できる時期です。,成果が認められる日まで,,75,7,新しいアイデアを業務に活かしてみる
TRANSIT_SUN,NATAL_JUPITER,0,Money,12,Water,0,Applying,経済的な発展が期待できる幸運な時です。,資産が増える日まで,,70,6,長期的な資産運用の計画を再確認し、必要なら調整する
TRANSIT_SUN,NATAL_JUPITER,0,Love,12,Water,0,Applying,寛大な心で人と接することで絆が深まります。,愛が満たされる日まで,,75,7,大切な人と喜びを分かち合い、感謝の気持ちを伝える
TRANSIT_SUN,NATAL_JUPITER,0,Health,12,Water,0,Applying,前向きなエネルギーが心身を整えてくれます。,活力が続く日まで,,75,9,身体を動かすことを楽しみ、健康的な生活を謳歌する
TRANSIT_SUN,NATAL_JUPITER,0,General,12,Water,0,Separating,内面的な平穏が得られ、静かな時間を通じて精神的な充実を感じる時期です。,幸運が広がる日まで,,80,8,15分間の内省や瞑想を行い、自分の内なる成長を確認する
TRANSIT_SUN,NATAL_JUPITER,0,Work,12,Water,0,Separating,仕事での発展が期待できる時期です。,成果が認められる日まで,,75,7,新しいアイデアを業務に活かしてみる
TRANSIT_SUN,NATAL_JUPITER,0,Money,12,Water,0,Separating,経済的な発展が期待できる幸運な時です。,資産が増える日まで,,70,6,長期的な資産運用の計画を再確認し、必要なら調整する
TRANSIT_SUN,NATAL_JUPITER,0,Love,12,Water,0,Separating,寛大な心で人と接することで絆が深まります。,愛が満たされる日まで,,75,7,大切な人と喜びを分かち合い、感謝の気持ちを伝える
TRANSIT_SUN,NATAL_JUPITER,0,Health,12,Water,0,Separating,前向きなエネルギーが心身を整えてくれます。,活力が続く日まで,,75,9,身体を動かすことを楽しみ、健康的な生活を謳歌する
TRANSIT_SUN,NATAL_JUPITER,0,General,12,Water,1,Applying,内面的な平穏が得られ、静かな時間を通じて精神的な充実を感じる時期です。,幸運が広がる日まで,,80,8,15分間の内省や瞑想を行い、自分の内なる成長を確認する
TRANSIT_SUN,NATAL_JUPITER,0,Work,12,Water,1,Applying,仕事での発展が期待できる時期です。,成果が認められる日まで,,75,7,新しいアイデアを業務に活かしてみる
TRANSIT_SUN,NATAL_JUPITER,0,Money,12,Water,1,Applying,経済的な発展が期待できる幸運な時です。,資産が増える日まで,,70,6,長期的な資産運用の計画を再確認し、必要なら調整する
TRANSIT_SUN,NATAL_JUPITER,0,Love,12,Water,1,Applying,寛大な心で人と接することで絆が深まります。,愛が満たされる日まで,,75,7,大切な人と喜びを分かち合い、感謝の気持ちを伝える
TRANSIT_SUN,NATAL_JUPITER,0,Health,12,Water,1,Applying,前向きなエネルギーが心身を整えてくれます。,活力が続く日まで,,75,9,身体を動かすことを楽しみ、健康的な生活を謳歌する
TRANSIT_SUN,NATAL_JUPITER,0,General,12,Water,1,Separating,内面的な平穏が得られ、静かな時間を通じて精神的な充実を感じる時期です。,幸運が広がる日まで,,80,8,15分間の内省や瞑想を行い、自分の内なる成長を確認する
TRANSIT_SUN,NATAL_JUPITER,0,Work,12,Water,1,Separating,仕事での発展が期待できる時期です。,成果が認められる日まで,,75,7,新しいアイデアを業務に活かしてみる
TRANSIT_SUN,NATAL_JUPITER,0,Money,12,Water,1,Separating,経済的な発展が期待できる幸運な時です。,資産が増える日まで,,70,6,長期的な資産運用の計画を再確認し、必要なら調整する
TRANSIT_SUN,NATAL_JUPITER,0,Love,12,Water,1,Separating,寛大な心で人と接することで絆が深まります。,愛が満たされる日まで,,75,7,大切な人と喜びを分かち合い、感謝の気持ちを伝える
TRANSIT_SUN,NATAL_JUPITER,0,Health,12,Water,1,Separating,前向きなエネルギーが心身を整えてくれます。,活力が続く日まで,,75,9,身体を動かすことを楽しみ、健康的な生活を謳歌する
TRANSIT_SUN,NATAL_SATURN,0,General,1,Fire,0,Applying,規律正しく自分を律し、着実に土台を固めるべき重要な時期です。,土台が固まる日まで,,85,10,現在の自分の責任と役割を明確にし、1日の計画を立てる
TRANSIT_SUN,NATAL_SATURN,0,Work,1,Fire,0,Applying,責任ある仕事を通じて、周囲からの信頼を勝ち取る時期です。,実力が評価される日まで,,80,9,担当業務を期日通りに、正確に遂行することを徹底する
TRANSIT_SUN,NATAL_SATURN,0,Money,1,Fire,0,Applying,金銭面での規律を正し、堅実な資産管理を優先すべき時です。,資産が守られる日まで,,75,8,固定費の見直しや、無理のない範囲での積立を継続する
TRANSIT_SUN,NATAL_SATURN,0,Love,1,Fire,0,Applying,誠実な対応と時間をかけた対話が、揺るぎない信頼関係を築きます。,絆が深まる日まで,,70,7,相手との約束を必ず守り、誠意を持って接することを心がける
TRANSIT_SUN,NATAL_SATURN,0,Health,1,Fire,0,Applying,規則正しい生活習慣を徹底し、身体の基礎を整える時期です。,健康が安定する日まで,,80,10,睡眠と食事の時間を一定に保ち、無理のない運動を継続する
TRANSIT_SUN,NATAL_SATURN,0,General,1,Fire,0,Separating,規律正しく自分を律し、着実に土台を固めるべき重要な時期です。,土台が固まる日まで,,85,10,現在の自分の責任と役割を明確にし、1日の計画を立てる
TRANSIT_SUN,NATAL_SATURN,0,Work,1,Fire,0,Separating,責任ある仕事を通じて、周囲からの信頼を勝ち取る時期です。,実力が評価される日まで,,80,9,担当業務を期日通りに、正確に遂行することを徹底する
TRANSIT_SUN,NATAL_SATURN,0,Money,1,Fire,0,Separating,金銭面での規律を正し、堅実な資産管理を優先すべき時です。,資産が守られる日まで,,75,8,固定費の見直しや、無理のない範囲での積立を継続する
TRANSIT_SUN,NATAL_SATURN,0,Love,1,Fire,0,Separating,誠実な対応と時間をかけた対話が、揺るぎない信頼関係を築きます。,絆が深まる日まで,,70,7,相手との約束を必ず守り、誠意を持って接することを心がける
TRANSIT_SUN,NATAL_SATURN,0,Health,1,Fire,0,Separating,規則正しい生活習慣を徹底し、身体の基礎を整える時期です。,健康が安定する日まで,,80,10,睡眠と食事の時間を一定に保ち、無理のない運動を継続する
TRANSIT_SUN,NATAL_SATURN,0,General,1,Fire,1,Applying,規律正しく自分を律し、着実に土台を固めるべき重要な時期です。,土台が固まる日まで,,85,10,現在の自分の責任と役割を明確にし、1日の計画を立てる
TRANSIT_SUN,NATAL_SATURN,0,Work,1,Fire,1,Applying,責任ある仕事を通じて、周囲からの信頼を勝ち取る時期です。,実力が評価される日まで,,80,9,担当業務を期日通りに、正確に遂行することを徹底する
TRANSIT_SUN,NATAL_SATURN,0,Money,1,Fire,1,Applying,金銭面での規律を正し、堅実な資産管理を優先すべき時です。,資産が守られる日まで,,75,8,固定費の見直しや、無理のない範囲での積立を継続する
TRANSIT_SUN,NATAL_SATURN,0,Love,1,Fire,1,Applying,誠実な対応と時間をかけた対話が、揺るぎない信頼関係を築きます。,絆が深まる日まで,,70,7,相手との約束を必ず守り、誠意を持って接することを心がける
TRANSIT_SUN,NATAL_SATURN,0,Health,1,Fire,1,Applying,規則正しい生活習慣を徹底し、身体の基礎を整える時期です。,健康が安定する日まで,,80,10,睡眠と食事の時間を一定に保ち、無理のない運動を継続する
TRANSIT_SUN,NATAL_SATURN,0,General,1,Fire,1,Separating,規律正しく自分を律し、着実に土台を固めるべき重要な時期です。,土台が固まる日まで,,85,10,現在の自分の責任と役割を明確にし、1日の計画を立てる
TRANSIT_SUN,NATAL_SATURN,0,Work,1,Fire,1,Separating,責任ある仕事を通じて、周囲からの信頼を勝ち取る時期です。,実力が評価される日まで,,80,9,担当業務を期日通りに、正確に遂行することを徹底する
TRANSIT_SUN,NATAL_SATURN,0,Money,1,Fire,1,Separating,金銭面での規律を正し、堅実な資産管理を優先すべき時です。,資産が守られる日まで,,75,8,固定費の見直しや、無理のない範囲での積立を継続する
TRANSIT_SUN,NATAL_SATURN,0,Love,1,Fire,1,Separating,誠実な対応と時間をかけた対話が、揺るぎない信頼関係を築きます。,絆が深まる日まで,,70,7,相手との約束を必ず守り、誠意を持って接することを心がける
TRANSIT_SUN,NATAL_SATURN,0,Health,1,Fire,1,Separating,規則正しい生活習慣を徹底し、身体の基礎を整える時期です。,健康が安定する日まで,,80,10,睡眠と食事の時間を一定に保ち、無理のない運動を継続する
TRANSIT_SUN,NATAL_SATURN,0,General,1,Earth,0,Applying,規律正しく自分を律し、着実に土台を固めるべき重要な時期です。,土台が固まる日まで,,85,10,現在の自分の責任と役割を明確にし、1日の計画を立てる
TRANSIT_SUN,NATAL_SATURN,0,Work,1,Earth,0,Applying,責任ある仕事を通じて、周囲からの信頼を勝ち取る時期です。,実力が評価される日まで,,80,9,担当業務を期日通りに、正確に遂行することを徹底する
TRANSIT_SUN,NATAL_SATURN,0,Money,1,Earth,0,Applying,金銭面での規律を正し、堅実な資産管理を優先すべき時です。,資産が守られる日まで,,75,8,固定費の見直しや、無理のない範囲での積立を継続する
TRANSIT_SUN,NATAL_SATURN,0,Love,1,Earth,0,Applying,誠実な対応と時間をかけた対話が、揺るぎない信頼関係を築きます。,絆が深まる日まで,,70,7,相手との約束を必ず守り、誠意を持って接することを心がける
TRANSIT_SUN,NATAL_SATURN,0,Health,1,Earth,0,Applying,規則正しい生活習慣を徹底し、身体の基礎を整える時期です。,健康が安定する日まで,,80,10,睡眠と食事の時間を一定に保ち、無理のない運動を継続する
TRANSIT_SUN,NATAL_SATURN,0,General,1,Earth,0,Separating,規律正しく自分を律し、着実に土台を固めるべき重要な時期です。,土台が固まる日まで,,85,10,現在の自分の責任と役割を明確にし、1日の計画を立てる
TRANSIT_SUN,NATAL_SATURN,0,Work,1,Earth,0,Separating,責任ある仕事を通じて、周囲からの信頼を勝ち取る時期です。,実力が評価される日まで,,80,9,担当業務を期日通りに、正確に遂行することを徹底する
TRANSIT_SUN,NATAL_SATURN,0,Money,1,Earth,0,Separating,金銭面での規律を正し、堅実な資産管理を優先すべき時です。,資産が守られる日まで,,75,8,固定費の見直しや、無理のない範囲での積立を継続する
TRANSIT_SUN,NATAL_SATURN,0,Love,1,Earth,0,Separating,誠実な対応と時間をかけた対話が、揺るぎない信頼関係を築きます。,絆が深まる日まで,,70,7,相手との約束を必ず守り、誠意を持って接することを心がける
TRANSIT_SUN,NATAL_SATURN,0,Health,1,Earth,0,Separating,規則正しい生活習慣を徹底し、身体の基礎を整える時期です。,健康が安定する日まで,,80,10,睡眠と食事の時間を一定に保ち、無理のない運動を継続する
TRANSIT_SUN,NATAL_SATURN,0,General,1,Earth,1,Applying,規律正しく自分を律し、着実に土台を固めるべき重要な時期です。,土台が固まる日まで,,85,10,現在の自分の責任と役割を明確にし、1日の計画を立てる
TRANSIT_SUN,NATAL_SATURN,0,Work,1,Earth,1,Applying,責任ある仕事を通じて、周囲からの信頼を勝ち取る時期です。,実力が評価される日まで,,80,9,担当業務を期日通りに、正確に遂行することを徹底する
TRANSIT_SUN,NATAL_SATURN,0,Money,1,Earth,1,Applying,金銭面での規律を正し、堅実な資産管理を優先すべき時です。,資産が守られる日まで,,75,8,固定費の見直しや、無理のない範囲での積立を継続する
TRANSIT_SUN,NATAL_SATURN,0,Love,1,Earth,1,Applying,誠実な対応と時間をかけた対話が、揺るぎない信頼関係を築きます。,絆が深まる日まで,,70,7,相手との約束を必ず守り、誠意を持って接することを心がける
TRANSIT_SUN,NATAL_SATURN,0,Health,1,Earth,1,Applying,規則正しい生活習慣を徹底し、身体の基礎を整える時期です。,健康が安定する日まで,,80,10,睡眠と食事の時間を一定に保ち、無理のない運動を継続する
TRANSIT_SUN,NATAL_SATURN,0,General,1,Earth,1,Separating,規律正しく自分を律し、着実に土台を固めるべき重要な時期です。,土台が固まる日まで,,85,10,現在の自分の責任と役割を明確にし、1日の計画を立てる
TRANSIT_SUN,NATAL_SATURN,0,Work,1,Earth,1,Separating,責任ある仕事を通じて、周囲からの信頼を勝ち取る時期です。,実力が評価される日まで,,80,9,担当業務を期日通りに、正確に遂行することを徹底する
TRANSIT_SUN,NATAL_SATURN,0,Money,1,Earth,1,Separating,金銭面での規律を正し、堅実な資産管理を優先すべき時です。,資産が守られる日まで,,75,8,固定費の見直しや、無理のない範囲での積立を継続する
TRANSIT_SUN,NATAL_SATURN,0,Love,1,Earth,1,Separating,誠実な対応と時間をかけた対話が、揺るぎない信頼関係を築きます。,絆が深まる日まで,,70,7,相手との約束を必ず守り、誠意を持って接することを心がける
TRANSIT_SUN,NATAL_SATURN,0,Health,1,Earth,1,Separating,規則正しい生活習慣を徹底し、身体の基礎を整える時期です。,健康が安定する日まで,,80,10,睡眠と食事の時間を一定に保ち、無理のない運動を継続する
TRANSIT_SUN,NATAL_SATURN,0,General,1,Air,0,Applying,規律正しく自分を律し、着実に土台を固めるべき重要な時期です。,土台が固まる日まで,,85,10,現在の自分の責任と役割を明確にし、1日の計画を立てる
TRANSIT_SUN,NATAL_SATURN,0,Work,1,Air,0,Applying,責任ある仕事を通じて、周囲からの信頼を勝ち取る時期です。,実力が評価される日まで,,80,9,担当業務を期日通りに、正確に遂行することを徹底する
TRANSIT_SUN,NATAL_SATURN,0,Money,1,Air,0,Applying,金銭面での規律を正し、堅実な資産管理を優先すべき時です。,資産が守られる日まで,,75,8,固定費の見直しや、無理のない範囲での積立を継続する
TRANSIT_SUN,NATAL_SATURN,0,Love,1,Air,0,Applying,誠実な対応と時間をかけた対話が、揺るぎない信頼関係を築きます。,絆が深まる日まで,,70,7,相手との約束を必ず守り、誠意を持って接することを心がける
TRANSIT_SUN,NATAL_SATURN,0,Health,1,Air,0,Applying,規則正しい生活習慣を徹底し、身体の基礎を整える時期です。,健康が安定する日まで,,80,10,睡眠と食事の時間を一定に保ち、無理のない運動を継続する
TRANSIT_SUN,NATAL_SATURN,0,General,1,Air,0,Separating,規律正しく自分を律し、着実に土台を固めるべき重要な時期です。,土台が固まる日まで,,85,10,現在の自分の責任と役割を明確にし、1日の計画を立てる
TRANSIT_SUN,NATAL_SATURN,0,Work,1,Air,0,Separating,責任ある仕事を通じて、周囲からの信頼を勝ち取る時期です。,実力が評価される日まで,,80,9,担当業務を期日通りに、正確に遂行することを徹底する
TRANSIT_SUN,NATAL_SATURN,0,Money,1,Air,0,Separating,金銭面での規律を正し、堅実な資産管理を優先すべき時です。,資産が守られる日まで,,75,8,固定費の見直しや、無理のない範囲での積立を継続する
TRANSIT_SUN,NATAL_SATURN,0,Love,1,Air,0,Separating,誠実な対応と時間をかけた対話が、揺るぎない信頼関係を築きます。,絆が深まる日まで,,70,7,相手との約束を必ず守り、誠意を持って接することを心がける
TRANSIT_SUN,NATAL_SATURN,0,Health,1,Air,0,Separating,規則正しい生活習慣を徹底し、身体の基礎を整える時期です。,健康が安定する日まで,,80,10,睡眠と食事の時間を一定に保ち、無理のない運動を継続する
TRANSIT_SUN,NATAL_SATURN,0,General,1,Air,1,Applying,規律正しく自分を律し、着実に土台を固めるべき重要な時期です。,土台が固まる日まで,,85,10,現在の自分の責任と役割を明確にし、1日の計画を立てる
TRANSIT_SUN,NATAL_SATURN,0,Work,1,Air,1,Applying,責任ある仕事を通じて、周囲からの信頼を勝ち取る時期です。,実力が評価される日まで,,80,9,担当業務を期日通りに、正確に遂行することを徹底する
TRANSIT_SUN,NATAL_SATURN,0,Money,1,Air,1,Applying,金銭面での規律を正し、堅実な資産管理を優先すべき時です。,資産が守られる日まで,,75,8,固定費の見直しや、無理のない範囲での積立を継続する
TRANSIT_SUN,NATAL_SATURN,0,Love,1,Air,1,Applying,誠実な対応と時間をかけた対話が、揺るぎない信頼関係を築きます。,絆が深まる日まで,,70,7,相手との約束を必ず守り、誠意を持って接することを心がける
TRANSIT_SUN,NATAL_SATURN,0,Health,1,Air,1,Applying,規則正しい生活習慣を徹底し、身体の基礎を整える時期です。,健康が安定する日まで,,80,10,睡眠と食事の時間を一定に保ち、無理のない運動を継続する
TRANSIT_SUN,NATAL_SATURN,0,General,1,Air,1,Separating,規律正しく自分を律し、着実に土台を固めるべき重要な時期です。,土台が固まる日まで,,85,10,現在の自分の責任と役割を明確にし、1日の計画を立てる
TRANSIT_SUN,NATAL_SATURN,0,Work,1,Air,1,Separating,責任ある仕事を通じて、周囲からの信頼を勝ち取る時期です。,実力が評価される日まで,,80,9,担当業務を期日通りに、正確に遂行することを徹底する
TRANSIT_SUN,NATAL_SATURN,0,Money,1,Air,1,Separating,金銭面での規律を正し、堅実な資産管理を優先すべき時です。,資産が守られる日まで,,75,8,固定費の見直しや、無理のない範囲での積立を継続する
TRANSIT_SUN,NATAL_SATURN,0,Love,1,Air,1,Separating,誠実な対応と時間をかけた対話が、揺るぎない信頼関係を築きます。,絆が深まる日まで,,70,7,相手との約束を必ず守り、誠意を持って接することを心がける
TRANSIT_SUN,NATAL_SATURN,0,Health,1,Air,1,Separating,規則正しい生活習慣を徹底し、身体の基礎を整える時期です。,健康が安定する日まで,,80,10,睡眠と食事の時間を一定に保ち、無理のない運動を継続する
TRANSIT_SUN,NATAL_SATURN,0,General,1,Water,0,Applying,規律正しく自分を律し、着実に土台を固めるべき重要な時期です。,土台が固まる日まで,,85,10,現在の自分の責任と役割を明確にし、1日の計画を立てる
TRANSIT_SUN,NATAL_SATURN,0,Work,1,Water,0,Applying,責任ある仕事を通じて、周囲からの信頼を勝ち取る時期です。,実力が評価される日まで,,80,9,担当業務を期日通りに、正確に遂行することを徹底する
TRANSIT_SUN,NATAL_SATURN,0,Money,1,Water,0,Applying,金銭面での規律を正し、堅実な資産管理を優先すべき時です。,資産が守られる日まで,,75,8,固定費の見直しや、無理のない範囲での積立を継続する
TRANSIT_SUN,NATAL_SATURN,0,Love,1,Water,0,Applying,誠実な対応と時間をかけた対話が、揺るぎない信頼関係を築きます。,絆が深まる日まで,,70,7,相手との約束を必ず守り、誠意を持って接することを心がける
TRANSIT_SUN,NATAL_SATURN,0,Health,1,Water,0,Applying,規則正しい生活習慣を徹底し、身体の基礎を整える時期です。,健康が安定する日まで,,80,10,睡眠と食事の時間を一定に保ち、無理のない運動を継続する
TRANSIT_SUN,NATAL_SATURN,0,General,1,Water,0,Separating,規律正しく自分を律し、着実に土台を固めるべき重要な時期です。,土台が固まる日まで,,85,10,現在の自分の責任と役割を明確にし、1日の計画を立てる
TRANSIT_SUN,NATAL_SATURN,0,Work,1,Water,0,Separating,責任ある仕事を通じて、周囲からの信頼を勝ち取る時期です。,実力が評価される日まで,,80,9,担当業務を期日通りに、正確に遂行することを徹底する
TRANSIT_SUN,NATAL_SATURN,0,Money,1,Water,0,Separating,金銭面での規律を正し、堅実な資産管理を優先すべき時です。,資産が守られる日まで,,75,8,固定費の見直しや、無理のない範囲での積立を継続する
TRANSIT_SUN,NATAL_SATURN,0,Love,1,Water,0,Separating,誠実な対応と時間をかけた対話が、揺るぎない信頼関係を築きます。,絆が深まる日まで,,70,7,相手との約束を必ず守り、誠意を持って接することを心がける
TRANSIT_SUN,NATAL_SATURN,0,Health,1,Water,0,Separating,規則正しい生活習慣を徹底し、身体の基礎を整える時期です。,健康が安定する日まで,,80,10,睡眠と食事の時間を一定に保ち、無理のない運動を継続する
TRANSIT_SUN,NATAL_SATURN,0,General,1,Water,1,Applying,規律正しく自分を律し、着実に土台を固めるべき重要な時期です。,土台が固まる日まで,,85,10,現在の自分の責任と役割を明確にし、1日の計画を立てる
TRANSIT_SUN,NATAL_SATURN,0,Work,1,Water,1,Applying,責任ある仕事を通じて、周囲からの信頼を勝ち取る時期です。,実力が評価される日まで,,80,9,担当業務を期日通りに、正確に遂行することを徹底する
TRANSIT_SUN,NATAL_SATURN,0,Money,1,Water,1,Applying,金銭面での規律を正し、堅実な資産管理を優先すべき時です。,資産が守られる日まで,,75,8,固定費の見直しや、無理のない範囲での積立を継続する
TRANSIT_SUN,NATAL_SATURN,0,Love,1,Water,1,Applying,誠実な対応と時間をかけた対話が、揺るぎない信頼関係を築きます。,絆が深まる日まで,,70,7,相手との約束を必ず守り、誠意を持って接することを心がける
TRANSIT_SUN,NATAL_SATURN,0,Health,1,Water,1,Applying,規則正しい生活習慣を徹底し、身体の基礎を整える時期です。,健康が安定する日まで,,80,10,睡眠と食事の時間を一定に保ち、無理のない運動を継続する
TRANSIT_SUN,NATAL_SATURN,0,General,1,Water,1,Separating,規律正しく自分を律し、着実に土台を固めるべき重要な時期です。,土台が固まる日まで,,85,10,現在の自分の責任と役割を明確にし、1日の計画を立てる
TRANSIT_SUN,NATAL_SATURN,0,Work,1,Water,1,Separating,責任ある仕事を通じて、周囲からの信頼を勝ち取る時期です。,実力が評価される日まで,,80,9,担当業務を期日通りに、正確に遂行することを徹底する
TRANSIT_SUN,NATAL_SATURN,0,Money,1,Water,1,Separating,金銭面での規律を正し、堅実な資産管理を優先すべき時です。,資産が守られる日まで,,75,8,固定費の見直しや、無理のない範囲での積立を継続する
TRANSIT_SUN,NATAL_SATURN,0,Love,1,Water,1,Separating,誠実な対応と時間をかけた対話が、揺るぎない信頼関係を築きます。,絆が深まる日まで,,70,7,相手との約束を必ず守り、誠意を持って接することを心がける
TRANSIT_SUN,NATAL_SATURN,0,Health,1,Water,1,Separating,規則正しい生活習慣を徹底し、身体の基礎を整える時期です。,健康が安定する日まで,,80,10,睡眠と食事の時間を一定に保ち、無理のない運動を継続する
TRANSIT_SUN,NATAL_SATURN,0,General,2,Fire,0,Applying,経済的な基盤を固めるために、責任ある管理と長期的な視点が必要な時です。,土台が固まる日まで,,85,10,無駄な支出を徹底的に排除し、将来のための貯蓄計画を再編する
TRANSIT_SUN,NATAL_SATURN,0,Work,2,Fire,0,Applying,責任ある仕事を通じて、周囲からの信頼を勝ち取る時期です。,実力が評価される日まで,,80,9,担当業務を期日通りに、正確に遂行することを徹底する
TRANSIT_SUN,NATAL_SATURN,0,Money,2,Fire,0,Applying,金銭面での規律を正し、堅実な資産管理を優先すべき時です。,資産が守られる日まで,,75,8,固定費の見直しや、無理のない範囲での積立を継続する
TRANSIT_SUN,NATAL_SATURN,0,Love,2,Fire,0,Applying,誠実な対応と時間をかけた対話が、揺るぎない信頼関係を築きます。,絆が深まる日まで,,70,7,相手との約束を必ず守り、誠意を持って接することを心がける
TRANSIT_SUN,NATAL_SATURN,0,Health,2,Fire,0,Applying,規則正しい生活習慣を徹底し、身体の基礎を整える時期です。,健康が安定する日まで,,80,10,睡眠と食事の時間を一定に保ち、無理のない運動を継続する
TRANSIT_SUN,NATAL_SATURN,0,General,2,Fire,0,Separating,経済的な基盤を固めるために、責任ある管理と長期的な視点が必要な時です。,土台が固まる日まで,,85,10,無駄な支出を徹底的に排除し、将来のための貯蓄計画を再編する
TRANSIT_SUN,NATAL_SATURN,0,Work,2,Fire,0,Separating,責任ある仕事を通じて、周囲からの信頼を勝ち取る時期です。,実力が評価される日まで,,80,9,担当業務を期日通りに、正確に遂行することを徹底する
TRANSIT_SUN,NATAL_SATURN,0,Money,2,Fire,0,Separating,金銭面での規律を正し、堅実な資産管理を優先すべき時です。,資産が守られる日まで,,75,8,固定費の見直しや、無理のない範囲での積立を継続する
TRANSIT_SUN,NATAL_SATURN,0,Love,2,Fire,0,Separating,誠実な対応と時間をかけた対話が、揺るぎない信頼関係を築きます。,絆が深まる日まで,,70,7,相手との約束を必ず守り、誠意を持って接することを心がける
TRANSIT_SUN,NATAL_SATURN,0,Health,2,Fire,0,Separating,規則正しい生活習慣を徹底し、身体の基礎を整える時期です。,健康が安定する日まで,,80,10,睡眠と食事の時間を一定に保ち、無理のない運動を継続する
TRANSIT_SUN,NATAL_SATURN,0,General,2,Fire,1,Applying,経済的な基盤を固めるために、責任ある管理と長期的な視点が必要な時です。,土台が固まる日まで,,85,10,無駄な支出を徹底的に排除し、将来のための貯蓄計画を再編する
TRANSIT_SUN,NATAL_SATURN,0,Work,2,Fire,1,Applying,責任ある仕事を通じて、周囲からの信頼を勝ち取る時期です。,実力が評価される日まで,,80,9,担当業務を期日通りに、正確に遂行することを徹底する
TRANSIT_SUN,NATAL_SATURN,0,Money,2,Fire,1,Applying,金銭面での規律を正し、堅実な資産管理を優先すべき時です。,資産が守られる日まで,,75,8,固定費の見直しや、無理のない範囲での積立を継続する
TRANSIT_SUN,NATAL_SATURN,0,Love,2,Fire,1,Applying,誠実な対応と時間をかけた対話が、揺るぎない信頼関係を築きます。,絆が深まる日まで,,70,7,相手との約束を必ず守り、誠意を持って接することを心がける
TRANSIT_SUN,NATAL_SATURN,0,Health,2,Fire,1,Applying,規則正しい生活習慣を徹底し、身体の基礎を整える時期です。,健康が安定する日まで,,80,10,睡眠と食事の時間を一定に保ち、無理のない運動を継続する
TRANSIT_SUN,NATAL_SATURN,0,General,2,Fire,1,Separating,経済的な基盤を固めるために、責任ある管理と長期的な視点が必要な時です。,土台が固まる日まで,,85,10,無駄な支出を徹底的に排除し、将来のための貯蓄計画を再編する
TRANSIT_SUN,NATAL_SATURN,0,Work,2,Fire,1,Separating,責任ある仕事を通じて、周囲からの信頼を勝ち取る時期です。,実力が評価される日まで,,80,9,担当業務を期日通りに、正確に遂行することを徹底する
TRANSIT_SUN,NATAL_SATURN,0,Money,2,Fire,1,Separating,金銭面での規律を正し、堅実な資産管理を優先すべき時です。,資産が守られる日まで,,75,8,固定費の見直しや、無理のない範囲での積立を継続する
TRANSIT_SUN,NATAL_SATURN,0,Love,2,Fire,1,Separating,誠実な対応と時間をかけた対話が、揺るぎない信頼関係を築きます。,絆が深まる日まで,,70,7,相手との約束を必ず守り、誠意を持って接することを心がける
TRANSIT_SUN,NATAL_SATURN,0,Health,2,Fire,1,Separating,規則正しい生活習慣を徹底し、身体の基礎を整える時期です。,健康が安定する日まで,,80,10,睡眠と食事の時間を一定に保ち、無理のない運動を継続する
TRANSIT_SUN,NATAL_SATURN,0,General,2,Earth,0,Applying,経済的な基盤を固めるために、責任ある管理と長期的な視点が必要な時です。,土台が固まる日まで,,85,10,無駄な支出を徹底的に排除し、将来のための貯蓄計画を再編する
TRANSIT_SUN,NATAL_SATURN,0,Work,2,Earth,0,Applying,責任ある仕事を通じて、周囲からの信頼を勝ち取る時期です。,実力が評価される日まで,,80,9,担当業務を期日通りに、正確に遂行することを徹底する
TRANSIT_SUN,NATAL_SATURN,0,Money,2,Earth,0,Applying,金銭面での規律を正し、堅実な資産管理を優先すべき時です。,資産が守られる日まで,,75,8,固定費の見直しや、無理のない範囲での積立を継続する
TRANSIT_SUN,NATAL_SATURN,0,Love,2,Earth,0,Applying,誠実な対応と時間をかけた対話が、揺るぎない信頼関係を築きます。,絆が深まる日まで,,70,7,相手との約束を必ず守り、誠意を持って接することを心がける
TRANSIT_SUN,NATAL_SATURN,0,Health,2,Earth,0,Applying,規則正しい生活習慣を徹底し、身体の基礎を整える時期です。,健康が安定する日まで,,80,10,睡眠と食事の時間を一定に保ち、無理のない運動を継続する
TRANSIT_SUN,NATAL_SATURN,0,General,2,Earth,0,Separating,経済的な基盤を固めるために、責任ある管理と長期的な視点が必要な時です。,土台が固まる日まで,,85,10,無駄な支出を徹底的に排除し、将来のための貯蓄計画を再編する
TRANSIT_SUN,NATAL_SATURN,0,Work,2,Earth,0,Separating,責任ある仕事を通じて、周囲からの信頼を勝ち取る時期です。,実力が評価される日まで,,80,9,担当業務を期日通りに、正確に遂行することを徹底する
TRANSIT_SUN,NATAL_SATURN,0,Money,2,Earth,0,Separating,金銭面での規律を正し、堅実な資産管理を優先すべき時です。,資産が守られる日まで,,75,8,固定費の見直しや、無理のない範囲での積立を継続する
TRANSIT_SUN,NATAL_SATURN,0,Love,2,Earth,0,Separating,誠実な対応と時間をかけた対話が、揺るぎない信頼関係を築きます。,絆が深まる日まで,,70,7,相手との約束を必ず守り、誠意を持って接することを心がける
TRANSIT_SUN,NATAL_SATURN,0,Health,2,Earth,0,Separating,規則正しい生活習慣を徹底し、身体の基礎を整える時期です。,健康が安定する日まで,,80,10,睡眠と食事の時間を一定に保ち、無理のない運動を継続する
TRANSIT_SUN,NATAL_SATURN,0,General,2,Earth,1,Applying,経済的な基盤を固めるために、責任ある管理と長期的な視点が必要な時です。,土台が固まる日まで,,85,10,無駄な支出を徹底的に排除し、将来のための貯蓄計画を再編する
TRANSIT_SUN,NATAL_SATURN,0,Work,2,Earth,1,Applying,責任ある仕事を通じて、周囲からの信頼を勝ち取る時期です。,実力が評価される日まで,,80,9,担当業務を期日通りに、正確に遂行することを徹底する
TRANSIT_SUN,NATAL_SATURN,0,Money,2,Earth,1,Applying,金銭面での規律を正し、堅実な資産管理を優先すべき時です。,資産が守られる日まで,,75,8,固定費の見直しや、無理のない範囲での積立を継続する
TRANSIT_SUN,NATAL_SATURN,0,Love,2,Earth,1,Applying,誠実な対応と時間をかけた対話が、揺るぎない信頼関係を築きます。,絆が深まる日まで,,70,7,相手との約束を必ず守り、誠意を持って接することを心がける
TRANSIT_SUN,NATAL_SATURN,0,Health,2,Earth,1,Applying,規則正しい生活習慣を徹底し、身体の基礎を整える時期です。,健康が安定する日まで,,80,10,睡眠と食事の時間を一定に保ち、無理のない運動を継続する
TRANSIT_SUN,NATAL_SATURN,0,General,2,Earth,1,Separating,経済的な基盤を固めるために、責任ある管理と長期的な視点が必要な時です。,土台が固まる日まで,,85,10,無駄な支出を徹底的に排除し、将来のための貯蓄計画を再編する
TRANSIT_SUN,NATAL_SATURN,0,Work,2,Earth,1,Separating,責任ある仕事を通じて、周囲からの信頼を勝ち取る時期です。,実力が評価される日まで,,80,9,担当業務を期日通りに、正確に遂行することを徹底する
TRANSIT_SUN,NATAL_SATURN,0,Money,2,Earth,1,Separating,金銭面での規律を正し、堅実な資産管理を優先すべき時です。,資産が守られる日まで,,75,8,固定費の見直しや、無理のない範囲での積立を継続する
TRANSIT_SUN,NATAL_SATURN,0,Love,2,Earth,1,Separating,誠実な対応と時間をかけた対話が、揺るぎない信頼関係を築きます。,絆が深まる日まで,,70,7,相手との約束を必ず守り、誠意を持って接することを心がける
TRANSIT_SUN,NATAL_SATURN,0,Health,2,Earth,1,Separating,規則正しい生活習慣を徹底し、身体の基礎を整える時期です。,健康が安定する日まで,,80,10,睡眠と食事の時間を一定に保ち、無理のない運動を継続する
TRANSIT_SUN,NATAL_SATURN,0,General,2,Air,0,Applying,経済的な基盤を固めるために、責任ある管理と長期的な視点が必要な時です。,土台が固まる日まで,,85,10,無駄な支出を徹底的に排除し、将来のための貯蓄計画を再編する
TRANSIT_SUN,NATAL_SATURN,0,Work,2,Air,0,Applying,責任ある仕事を通じて、周囲からの信頼を勝ち取る時期です。,実力が評価される日まで,,80,9,担当業務を期日通りに、正確に遂行することを徹底する
TRANSIT_SUN,NATAL_SATURN,0,Money,2,Air,0,Applying,金銭面での規律を正し、堅実な資産管理を優先すべき時です。,資産が守られる日まで,,75,8,固定費の見直しや、無理のない範囲での積立を継続する
TRANSIT_SUN,NATAL_SATURN,0,Love,2,Air,0,Applying,誠実な対応と時間をかけた対話が、揺るぎない信頼関係を築きます。,絆が深まる日まで,,70,7,相手との約束を必ず守り、誠意を持って接することを心がける
TRANSIT_SUN,NATAL_SATURN,0,Health,2,Air,0,Applying,規則正しい生活習慣を徹底し、身体の基礎を整える時期です。,健康が安定する日まで,,80,10,睡眠と食事の時間を一定に保ち、無理のない運動を継続する
TRANSIT_SUN,NATAL_SATURN,0,General,2,Air,0,Separating,経済的な基盤を固めるために、責任ある管理と長期的な視点が必要な時です。,土台が固まる日まで,,85,10,無駄な支出を徹底的に排除し、将来のための貯蓄計画を再編する
TRANSIT_SUN,NATAL_SATURN,0,Work,2,Air,0,Separating,責任ある仕事を通じて、周囲からの信頼を勝ち取る時期です。,実力が評価される日まで,,80,9,担当業務を期日通りに、正確に遂行することを徹底する
TRANSIT_SUN,NATAL_SATURN,0,Money,2,Air,0,Separating,金銭面での規律を正し、堅実な資産管理を優先すべき時です。,資産が守られる日まで,,75,8,固定費の見直しや、無理のない範囲での積立を継続する
TRANSIT_SUN,NATAL_SATURN,0,Love,2,Air,0,Separating,誠実な対応と時間をかけた対話が、揺るぎない信頼関係を築きます。,絆が深まる日まで,,70,7,相手との約束を必ず守り、誠意を持って接することを心がける
TRANSIT_SUN,NATAL_SATURN,0,Health,2,Air,0,Separating,規則正しい生活習慣を徹底し、身体の基礎を整える時期です。,健康が安定する日まで,,80,10,睡眠と食事の時間を一定に保ち、無理のない運動を継続する
TRANSIT_SUN,NATAL_SATURN,0,General,2,Air,1,Applying,経済的な基盤を固めるために、責任ある管理と長期的な視点が必要な時です。,土台が固まる日まで,,85,10,無駄な支出を徹底的に排除し、将来のための貯蓄計画を再編する
TRANSIT_SUN,NATAL_SATURN,0,Work,2,Air,1,Applying,責任ある仕事を通じて、周囲からの信頼を勝ち取る時期です。,実力が評価される日まで,,80,9,担当業務を期日通りに、正確に遂行することを徹底する
TRANSIT_SUN,NATAL_SATURN,0,Money,2,Air,1,Applying,金銭面での規律を正し、堅実な資産管理を優先すべき時です。,資産が守られる日まで,,75,8,固定費の見直しや、無理のない範囲での積立を継続する
TRANSIT_SUN,NATAL_SATURN,0,Love,2,Air,1,Applying,誠実な対応と時間をかけた対話が、揺るぎない信頼関係を築きます。,絆が深まる日まで,,70,7,相手との約束を必ず守り、誠意を持って接することを心がける
TRANSIT_SUN,NATAL_SATURN,0,Health,2,Air,1,Applying,規則正しい生活習慣を徹底し、身体の基礎を整える時期です。,健康が安定する日まで,,80,10,睡眠と食事の時間を一定に保ち、無理のない運動を継続する
TRANSIT_SUN,NATAL_SATURN,0,General,2,Air,1,Separating,経済的な基盤を固めるために、責任ある管理と長期的な視点が必要な時です。,土台が固まる日まで,,85,10,無駄な支出を徹底的に排除し、将来のための貯蓄計画を再編する
TRANSIT_SUN,NATAL_SATURN,0,Work,2,Air,1,Separating,責任ある仕事を通じて、周囲からの信頼を勝ち取る時期です。,実力が評価される日まで,,80,9,担当業務を期日通りに、正確に遂行することを徹底する
TRANSIT_SUN,NATAL_SATURN,0,Money,2,Air,1,Separating,金銭面での規律を正し、堅実な資産管理を優先すべき時です。,資産が守られる日まで,,75,8,固定費の見直しや、無理のない範囲での積立を継続する
TRANSIT_SUN,NATAL_SATURN,0,Love,2,Air,1,Separating,誠実な対応と時間をかけた対話が、揺るぎない信頼関係を築きます。,絆が深まる日まで,,70,7,相手との約束を必ず守り、誠意を持って接することを心がける
TRANSIT_SUN,NATAL_SATURN,0,Health,2,Air,1,Separating,規則正しい生活習慣を徹底し、身体の基礎を整える時期です。,健康が安定する日まで,,80,10,睡眠と食事の時間を一定に保ち、無理のない運動を継続する
TRANSIT_SUN,NATAL_SATURN,0,General,2,Water,0,Applying,経済的な基盤を固めるために、責任ある管理と長期的な視点が必要な時です。,土台が固まる日まで,,85,10,無駄な支出を徹底的に排除し、将来のための貯蓄計画を再編する
TRANSIT_SUN,NATAL_SATURN,0,Work,2,Water,0,Applying,責任ある仕事を通じて、周囲からの信頼を勝ち取る時期です。,実力が評価される日まで,,80,9,担当業務を期日通りに、正確に遂行することを徹底する
TRANSIT_SUN,NATAL_SATURN,0,Money,2,Water,0,Applying,金銭面での規律を正し、堅実な資産管理を優先すべき時です。,資産が守られる日まで,,75,8,固定費の見直しや、無理のない範囲での積立を継続する
TRANSIT_SUN,NATAL_SATURN,0,Love,2,Water,0,Applying,誠実な対応と時間をかけた対話が、揺るぎない信頼関係を築きます。,絆が深まる日まで,,70,7,相手との約束を必ず守り、誠意を持って接することを心がける
TRANSIT_SUN,NATAL_SATURN,0,Health,2,Water,0,Applying,規則正しい生活習慣を徹底し、身体の基礎を整える時期です。,健康が安定する日まで,,80,10,睡眠と食事の時間を一定に保ち、無理のない運動を継続する
TRANSIT_SUN,NATAL_SATURN,0,General,2,Water,0,Separating,経済的な基盤を固めるために、責任ある管理と長期的な視点が必要な時です。,土台が固まる日まで,,85,10,無駄な支出を徹底的に排除し、将来のための貯蓄計画を再編する
TRANSIT_SUN,NATAL_SATURN,0,Work,2,Water,0,Separating,責任ある仕事を通じて、周囲からの信頼を勝ち取る時期です。,実力が評価される日まで,,80,9,担当業務を期日通りに、正確に遂行することを徹底する
TRANSIT_SUN,NATAL_SATURN,0,Money,2,Water,0,Separating,金銭面での規律を正し、堅実な資産管理を優先すべき時です。,資産が守られる日まで,,75,8,固定費の見直しや、無理のない範囲での積立を継続する
TRANSIT_SUN,NATAL_SATURN,0,Love,2,Water,0,Separating,誠実な対応と時間をかけた対話が、揺るぎない信頼関係を築きます。,絆が深まる日まで,,70,7,相手との約束を必ず守り、誠意を持って接することを心がける
TRANSIT_SUN,NATAL_SATURN,0,Health,2,Water,0,Separating,規則正しい生活習慣を徹底し、身体の基礎を整える時期です。,健康が安定する日まで,,80,10,睡眠と食事の時間を一定に保ち、無理のない運動を継続する
TRANSIT_SUN,NATAL_SATURN,0,General,2,Water,1,Applying,経済的な基盤を固めるために、責任ある管理と長期的な視点が必要な時です。,土台が固まる日まで,,85,10,無駄な支出を徹底的に排除し、将来のための貯蓄計画を再編する
TRANSIT_SUN,NATAL_SATURN,0,Work,2,Water,1,Applying,責任ある仕事を通じて、周囲からの信頼を勝ち取る時期です。,実力が評価される日まで,,80,9,担当業務を期日通りに、正確に遂行することを徹底する
TRANSIT_SUN,NATAL_SATURN,0,Money,2,Water,1,Applying,金銭面での規律を正し、堅実な資産管理を優先すべき時です。,資産が守られる日まで,,75,8,固定費の見直しや、無理のない範囲での積立を継続する
TRANSIT_SUN,NATAL_SATURN,0,Love,2,Water,1,Applying,誠実な対応と時間をかけた対話が、揺るぎない信頼関係を築きます。,絆が深まる日まで,,70,7,相手との約束を必ず守り、誠意を持って接することを心がける
TRANSIT_SUN,NATAL_SATURN,0,Health,2,Water,1,Applying,規則正しい生活習慣を徹底し、身体の基礎を整える時期です。,健康が安定する日まで,,80,10,睡眠と食事の時間を一定に保ち、無理のない運動を継続する
TRANSIT_SUN,NATAL_SATURN,0,General,2,Water,1,Separating,経済的な基盤を固めるために、責任ある管理と長期的な視点が必要な時です。,土台が固まる日まで,,85,10,無駄な支出を徹底的に排除し、将来のための貯蓄計画を再編する
TRANSIT_SUN,NATAL_SATURN,0,Work,2,Water,1,Separating,責任ある仕事を通じて、周囲からの信頼を勝ち取る時期です。,実力が評価される日まで,,80,9,担当業務を期日通りに、正確に遂行することを徹底する
TRANSIT_SUN,NATAL_SATURN,0,Money,2,Water,1,Separating,金銭面での規律を正し、堅実な資産管理を優先すべき時です。,資産が守られる日まで,,75,8,固定費の見直しや、無理のない範囲での積立を継続する
TRANSIT_SUN,NATAL_SATURN,0,Love,2,Water,1,Separating,誠実な対応と時間をかけた対話が、揺るぎない信頼関係を築きます。,絆が深まる日まで,,70,7,相手との約束を必ず守り、誠意を持って接することを心がける
TRANSIT_SUN,NATAL_SATURN,0,Health,2,Water,1,Separating,規則正しい生活習慣を徹底し、身体の基礎を整える時期です。,健康が安定する日まで,,80,10,睡眠と食事の時間を一定に保ち、無理のない運動を継続する
TRANSIT_SUN,NATAL_SATURN,0,General,3,Fire,0,Applying,知的な活動において集中力が高まり、専門的な学びを深めるのに最適な時期です。,土台が固まる日まで,,85,10,難易度の高い資料や本をじっくり読み込み、知識を確実に定着させる
TRANSIT_SUN,NATAL_SATURN,0,Work,3,Fire,0,Applying,責任ある仕事を通じて、周囲からの信頼を勝ち取る時期です。,実力が評価される日まで,,80,9,担当業務を期日通りに、正確に遂行することを徹底する
TRANSIT_SUN,NATAL_SATURN,0,Money,3,Fire,0,Applying,金銭面での規律を正し、堅実な資産管理を優先すべき時です。,資産が守られる日まで,,75,8,固定費の見直しや、無理のない範囲での積立を継続する
TRANSIT_SUN,NATAL_SATURN,0,Love,3,Fire,0,Applying,誠実な対応と時間をかけた対話が、揺るぎない信頼関係を築きます。,絆が深まる日まで,,70,7,相手との約束を必ず守り、誠意を持って接することを心がける
TRANSIT_SUN,NATAL_SATURN,0,Health,3,Fire,0,Applying,規則正しい生活習慣を徹底し、身体の基礎を整える時期です。,健康が安定する日まで,,80,10,睡眠と食事の時間を一定に保ち、無理のない運動を継続する
TRANSIT_SUN,NATAL_SATURN,0,General,3,Fire,0,Separating,知的な活動において集中力が高まり、専門的な学びを深めるのに最適な時期です。,土台が固まる日まで,,85,10,難易度の高い資料や本をじっくり読み込み、知識を確実に定着させる
TRANSIT_SUN,NATAL_SATURN,0,Work,3,Fire,0,Separating,責任ある仕事を通じて、周囲からの信頼を勝ち取る時期です。,実力が評価される日まで,,80,9,担当業務を期日通りに、正確に遂行することを徹底する
TRANSIT_SUN,NATAL_SATURN,0,Money,3,Fire,0,Separating,金銭面での規律を正し、堅実な資産管理を優先すべき時です。,資産が守られる日まで,,75,8,固定費の見直しや、無理のない範囲での積立を継続する
TRANSIT_SUN,NATAL_SATURN,0,Love,3,Fire,0,Separating,誠実な対応と時間をかけた対話が、揺るぎない信頼関係を築きます。,絆が深まる日まで,,70,7,相手との約束を必ず守り、誠意を持って接することを心がける
TRANSIT_SUN,NATAL_SATURN,0,Health,3,Fire,0,Separating,規則正しい生活習慣を徹底し、身体の基礎を整える時期です。,健康が安定する日まで,,80,10,睡眠と食事の時間を一定に保ち、無理のない運動を継続する
TRANSIT_SUN,NATAL_SATURN,0,General,3,Fire,1,Applying,知的な活動において集中力が高まり、専門的な学びを深めるのに最適な時期です。,土台が固まる日まで,,85,10,難易度の高い資料や本をじっくり読み込み、知識を確実に定着させる
TRANSIT_SUN,NATAL_SATURN,0,Work,3,Fire,1,Applying,責任ある仕事を通じて、周囲からの信頼を勝ち取る時期です。,実力が評価される日まで,,80,9,担当業務を期日通りに、正確に遂行することを徹底する
TRANSIT_SUN,NATAL_SATURN,0,Money,3,Fire,1,Applying,金銭面での規律を正し、堅実な資産管理を優先すべき時です。,資産が守られる日まで,,75,8,固定費の見直しや、無理のない範囲での積立を継続する
TRANSIT_SUN,NATAL_SATURN,0,Love,3,Fire,1,Applying,誠実な対応と時間をかけた対話が、揺るぎない信頼関係を築きます。,絆が深まる日まで,,70,7,相手との約束を必ず守り、誠意を持って接することを心がける
TRANSIT_SUN,NATAL_SATURN,0,Health,3,Fire,1,Applying,規則正しい生活習慣を徹底し、身体の基礎を整える時期です。,健康が安定する日まで,,80,10,睡眠と食事の時間を一定に保ち、無理のない運動を継続する
TRANSIT_SUN,NATAL_SATURN,0,General,3,Fire,1,Separating,知的な活動において集中力が高まり、専門的な学びを深めるのに最適な時期です。,土台が固まる日まで,,85,10,難易度の高い資料や本をじっくり読み込み、知識を確実に定着させる
TRANSIT_SUN,NATAL_SATURN,0,Work,3,Fire,1,Separating,責任ある仕事を通じて、周囲からの信頼を勝ち取る時期です。,実力が評価される日まで,,80,9,担当業務を期日通りに、正確に遂行することを徹底する
TRANSIT_SUN,NATAL_SATURN,0,Money,3,Fire,1,Separating,金銭面での規律を正し、堅実な資産管理を優先すべき時です。,資産が守られる日まで,,75,8,固定費の見直しや、無理のない範囲での積立を継続する
TRANSIT_SUN,NATAL_SATURN,0,Love,3,Fire,1,Separating,誠実な対応と時間をかけた対話が、揺るぎない信頼関係を築きます。,絆が深まる日まで,,70,7,相手との約束を必ず守り、誠意を持って接することを心がける
TRANSIT_SUN,NATAL_SATURN,0,Health,3,Fire,1,Separating,規則正しい生活習慣を徹底し、身体の基礎を整える時期です。,健康が安定する日まで,,80,10,睡眠と食事の時間を一定に保ち、無理のない運動を継続する
TRANSIT_SUN,NATAL_SATURN,0,General,3,Earth,0,Applying,知的な活動において集中力が高まり、専門的な学びを深めるのに最適な時期です。,土台が固まる日まで,,85,10,難易度の高い資料や本をじっくり読み込み、知識を確実に定着させる
TRANSIT_SUN,NATAL_SATURN,0,Work,3,Earth,0,Applying,責任ある仕事を通じて、周囲からの信頼を勝ち取る時期です。,実力が評価される日まで,,80,9,担当業務を期日通りに、正確に遂行することを徹底する
TRANSIT_SUN,NATAL_SATURN,0,Money,3,Earth,0,Applying,金銭面での規律を正し、堅実な資産管理を優先すべき時です。,資産が守られる日まで,,75,8,固定費の見直しや、無理のない範囲での積立を継続する
TRANSIT_SUN,NATAL_SATURN,0,Love,3,Earth,0,Applying,誠実な対応と時間をかけた対話が、揺るぎない信頼関係を築きます。,絆が深まる日まで,,70,7,相手との約束を必ず守り、誠意を持って接することを心がける
TRANSIT_SUN,NATAL_SATURN,0,Health,3,Earth,0,Applying,規則正しい生活習慣を徹底し、身体の基礎を整える時期です。,健康が安定する日まで,,80,10,睡眠と食事の時間を一定に保ち、無理のない運動を継続する
TRANSIT_SUN,NATAL_SATURN,0,General,3,Earth,0,Separating,知的な活動において集中力が高まり、専門的な学びを深めるのに最適な時期です。,土台が固まる日まで,,85,10,難易度の高い資料や本をじっくり読み込み、知識を確実に定着させる
TRANSIT_SUN,NATAL_SATURN,0,Work,3,Earth,0,Separating,責任ある仕事を通じて、周囲からの信頼を勝ち取る時期です。,実力が評価される日まで,,80,9,担当業務を期日通りに、正確に遂行することを徹底する
TRANSIT_SUN,NATAL_SATURN,0,Money,3,Earth,0,Separating,金銭面での規律を正し、堅実な資産管理を優先すべき時です。,資産が守られる日まで,,75,8,固定費の見直しや、無理のない範囲での積立を継続する
TRANSIT_SUN,NATAL_SATURN,0,Love,3,Earth,0,Separating,誠実な対応と時間をかけた対話が、揺るぎない信頼関係を築きます。,絆が深まる日まで,,70,7,相手との約束を必ず守り、誠意を持って接することを心がける
TRANSIT_SUN,NATAL_SATURN,0,Health,3,Earth,0,Separating,規則正しい生活習慣を徹底し、身体の基礎を整える時期です。,健康が安定する日まで,,80,10,睡眠と食事の時間を一定に保ち、無理のない運動を継続する
TRANSIT_SUN,NATAL_SATURN,0,General,3,Earth,1,Applying,知的な活動において集中力が高まり、専門的な学びを深めるのに最適な時期です。,土台が固まる日まで,,85,10,難易度の高い資料や本をじっくり読み込み、知識を確実に定着させる
TRANSIT_SUN,NATAL_SATURN,0,Work,3,Earth,1,Applying,責任ある仕事を通じて、周囲からの信頼を勝ち取る時期です。,実力が評価される日まで,,80,9,担当業務を期日通りに、正確に遂行することを徹底する
TRANSIT_SUN,NATAL_SATURN,0,Money,3,Earth,1,Applying,金銭面での規律を正し、堅実な資産管理を優先すべき時です。,資産が守られる日まで,,75,8,固定費の見直しや、無理のない範囲での積立を継続する
TRANSIT_SUN,NATAL_SATURN,0,Love,3,Earth,1,Applying,誠実な対応と時間をかけた対話が、揺るぎない信頼関係を築きます。,絆が深まる日まで,,70,7,相手との約束を必ず守り、誠意を持って接することを心がける
TRANSIT_SUN,NATAL_SATURN,0,Health,3,Earth,1,Applying,規則正しい生活習慣を徹底し、身体の基礎を整える時期です。,健康が安定する日まで,,80,10,睡眠と食事の時間を一定に保ち、無理のない運動を継続する
TRANSIT_SUN,NATAL_SATURN,0,General,3,Earth,1,Separating,知的な活動において集中力が高まり、専門的な学びを深めるのに最適な時期です。,土台が固まる日まで,,85,10,難易度の高い資料や本をじっくり読み込み、知識を確実に定着させる
TRANSIT_SUN,NATAL_SATURN,0,Work,3,Earth,1,Separating,責任ある仕事を通じて、周囲からの信頼を勝ち取る時期です。,実力が評価される日まで,,80,9,担当業務を期日通りに、正確に遂行することを徹底する
TRANSIT_SUN,NATAL_SATURN,0,Money,3,Earth,1,Separating,金銭面での規律を正し、堅実な資産管理を優先すべき時です。,資産が守られる日まで,,75,8,固定費の見直しや、無理のない範囲での積立を継続する
TRANSIT_SUN,NATAL_SATURN,0,Love,3,Earth,1,Separating,誠実な対応と時間をかけた対話が、揺るぎない信頼関係を築きます。,絆が深まる日まで,,70,7,相手との約束を必ず守り、誠意を持って接することを心がける
TRANSIT_SUN,NATAL_SATURN,0,Health,3,Earth,1,Separating,規則正しい生活習慣を徹底し、身体の基礎を整える時期です。,健康が安定する日まで,,80,10,睡眠と食事の時間を一定に保ち、無理のない運動を継続する
TRANSIT_SUN,NATAL_SATURN,0,General,3,Air,0,Applying,知的な活動において集中力が高まり、専門的な学びを深めるのに最適な時期です。,土台が固まる日まで,,85,10,難易度の高い資料や本をじっくり読み込み、知識を確実に定着させる
TRANSIT_SUN,NATAL_SATURN,0,Work,3,Air,0,Applying,責任ある仕事を通じて、周囲からの信頼を勝ち取る時期です。,実力が評価される日まで,,80,9,担当業務を期日通りに、正確に遂行することを徹底する
TRANSIT_SUN,NATAL_SATURN,0,Money,3,Air,0,Applying,金銭面での規律を正し、堅実な資産管理を優先すべき時です。,資産が守られる日まで,,75,8,固定費の見直しや、無理のない範囲での積立を継続する
TRANSIT_SUN,NATAL_SATURN,0,Love,3,Air,0,Applying,誠実な対応と時間をかけた対話が、揺るぎない信頼関係を築きます。,絆が深まる日まで,,70,7,相手との約束を必ず守り、誠意を持って接することを心がける
TRANSIT_SUN,NATAL_SATURN,0,Health,3,Air,0,Applying,規則正しい生活習慣を徹底し、身体の基礎を整える時期です。,健康が安定する日まで,,80,10,睡眠と食事の時間を一定に保ち、無理のない運動を継続する
TRANSIT_SUN,NATAL_SATURN,0,General,3,Air,0,Separating,知的な活動において集中力が高まり、専門的な学びを深めるのに最適な時期です。,土台が固まる日まで,,85,10,難易度の高い資料や本をじっくり読み込み、知識を確実に定着させる
TRANSIT_SUN,NATAL_SATURN,0,Work,3,Air,0,Separating,責任ある仕事を通じて、周囲からの信頼を勝ち取る時期です。,実力が評価される日まで,,80,9,担当業務を期日通りに、正確に遂行することを徹底する
TRANSIT_SUN,NATAL_SATURN,0,Money,3,Air,0,Separating,金銭面での規律を正し、堅実な資産管理を優先すべき時です。,資産が守られる日まで,,75,8,固定費の見直しや、無理のない範囲での積立を継続する
TRANSIT_SUN,NATAL_SATURN,0,Love,3,Air,0,Separating,誠実な対応と時間をかけた対話が、揺るぎない信頼関係を築きます。,絆が深まる日まで,,70,7,相手との約束を必ず守り、誠意を持って接することを心がける
TRANSIT_SUN,NATAL_SATURN,0,Health,3,Air,0,Separating,規則正しい生活習慣を徹底し、身体の基礎を整える時期です。,健康が安定する日まで,,80,10,睡眠と食事の時間を一定に保ち、無理のない運動を継続する
TRANSIT_SUN,NATAL_SATURN,0,General,3,Air,1,Applying,知的な活動において集中力が高まり、専門的な学びを深めるのに最適な時期です。,土台が固まる日まで,,85,10,難易度の高い資料や本をじっくり読み込み、知識を確実に定着させる
TRANSIT_SUN,NATAL_SATURN,0,Work,3,Air,1,Applying,責任ある仕事を通じて、周囲からの信頼を勝ち取る時期です。,実力が評価される日まで,,80,9,担当業務を期日通りに、正確に遂行することを徹底する
TRANSIT_SUN,NATAL_SATURN,0,Money,3,Air,1,Applying,金銭面での規律を正し、堅実な資産管理を優先すべき時です。,資産が守られる日まで,,75,8,固定費の見直しや、無理のない範囲での積立を継続する
TRANSIT_SUN,NATAL_SATURN,0,Love,3,Air,1,Applying,誠実な対応と時間をかけた対話が、揺るぎない信頼関係を築きます。,絆が深まる日まで,,70,7,相手との約束を必ず守り、誠意を持って接することを心がける
TRANSIT_SUN,NATAL_SATURN,0,Health,3,Air,1,Applying,規則正しい生活習慣を徹底し、身体の基礎を整える時期です。,健康が安定する日まで,,80,10,睡眠と食事の時間を一定に保ち、無理のない運動を継続する
TRANSIT_SUN,NATAL_SATURN,0,General,3,Air,1,Separating,知的な活動において集中力が高まり、専門的な学びを深めるのに最適な時期です。,土台が固まる日まで,,85,10,難易度の高い資料や本をじっくり読み込み、知識を確実に定着させる
TRANSIT_SUN,NATAL_SATURN,0,Work,3,Air,1,Separating,責任ある仕事を通じて、周囲からの信頼を勝ち取る時期です。,実力が評価される日まで,,80,9,担当業務を期日通りに、正確に遂行することを徹底する
TRANSIT_SUN,NATAL_SATURN,0,Money,3,Air,1,Separating,金銭面での規律を正し、堅実な資産管理を優先すべき時です。,資産が守られる日まで,,75,8,固定費の見直しや、無理のない範囲での積立を継続する
TRANSIT_SUN,NATAL_SATURN,0,Love,3,Air,1,Separating,誠実な対応と時間をかけた対話が、揺るぎない信頼関係を築きます。,絆が深まる日まで,,70,7,相手との約束を必ず守り、誠意を持って接することを心がける
TRANSIT_SUN,NATAL_SATURN,0,Health,3,Air,1,Separating,規則正しい生活習慣を徹底し、身体の基礎を整える時期です。,健康が安定する日まで,,80,10,睡眠と食事の時間を一定に保ち、無理のない運動を継続する
TRANSIT_SUN,NATAL_SATURN,0,General,3,Water,0,Applying,知的な活動において集中力が高まり、専門的な学びを深めるのに最適な時期です。,土台が固まる日まで,,85,10,難易度の高い資料や本をじっくり読み込み、知識を確実に定着させる
TRANSIT_SUN,NATAL_SATURN,0,Work,3,Water,0,Applying,責任ある仕事を通じて、周囲からの信頼を勝ち取る時期です。,実力が評価される日まで,,80,9,担当業務を期日通りに、正確に遂行することを徹底する
TRANSIT_SUN,NATAL_SATURN,0,Money,3,Water,0,Applying,金銭面での規律を正し、堅実な資産管理を優先すべき時です。,資産が守られる日まで,,75,8,固定費の見直しや、無理のない範囲での積立を継続する
TRANSIT_SUN,NATAL_SATURN,0,Love,3,Water,0,Applying,誠実な対応と時間をかけた対話が、揺るぎない信頼関係を築きます。,絆が深まる日まで,,70,7,相手との約束を必ず守り、誠意を持って接することを心がける
TRANSIT_SUN,NATAL_SATURN,0,Health,3,Water,0,Applying,規則正しい生活習慣を徹底し、身体の基礎を整える時期です。,健康が安定する日まで,,80,10,睡眠と食事の時間を一定に保ち、無理のない運動を継続する
TRANSIT_SUN,NATAL_SATURN,0,General,3,Water,0,Separating,知的な活動において集中力が高まり、専門的な学びを深めるのに最適な時期です。,土台が固まる日まで,,85,10,難易度の高い資料や本をじっくり読み込み、知識を確実に定着させる
TRANSIT_SUN,NATAL_SATURN,0,Work,3,Water,0,Separating,責任ある仕事を通じて、周囲からの信頼を勝ち取る時期です。,実力が評価される日まで,,80,9,担当業務を期日通りに、正確に遂行することを徹底する
TRANSIT_SUN,NATAL_SATURN,0,Money,3,Water,0,Separating,金銭面での規律を正し、堅実な資産管理を優先すべき時です。,資産が守られる日まで,,75,8,固定費の見直しや、無理のない範囲での積立を継続する
TRANSIT_SUN,NATAL_SATURN,0,Love,3,Water,0,Separating,誠実な対応と時間をかけた対話が、揺るぎない信頼関係を築きます。,絆が深まる日まで,,70,7,相手との約束を必ず守り、誠意を持って接することを心がける
TRANSIT_SUN,NATAL_SATURN,0,Health,3,Water,0,Separating,規則正しい生活習慣を徹底し、身体の基礎を整える時期です。,健康が安定する日まで,,80,10,睡眠と食事の時間を一定に保ち、無理のない運動を継続する
TRANSIT_SUN,NATAL_SATURN,0,General,3,Water,1,Applying,知的な活動において集中力が高まり、専門的な学びを深めるのに最適な時期です。,土台が固まる日まで,,85,10,難易度の高い資料や本をじっくり読み込み、知識を確実に定着させる
TRANSIT_SUN,NATAL_SATURN,0,Work,3,Water,1,Applying,責任ある仕事を通じて、周囲からの信頼を勝ち取る時期です。,実力が評価される日まで,,80,9,担当業務を期日通りに、正確に遂行することを徹底する
TRANSIT_SUN,NATAL_SATURN,0,Money,3,Water,1,Applying,金銭面での規律を正し、堅実な資産管理を優先すべき時です。,資産が守られる日まで,,75,8,固定費の見直しや、無理のない範囲での積立を継続する
TRANSIT_SUN,NATAL_SATURN,0,Love,3,Water,1,Applying,誠実な対応と時間をかけた対話が、揺るぎない信頼関係を築きます。,絆が深まる日まで,,70,7,相手との約束を必ず守り、誠意を持って接することを心がける
TRANSIT_SUN,NATAL_SATURN,0,Health,3,Water,1,Applying,規則正しい生活習慣を徹底し、身体の基礎を整える時期です。,健康が安定する日まで,,80,10,睡眠と食事の時間を一定に保ち、無理のない運動を継続する
TRANSIT_SUN,NATAL_SATURN,0,General,3,Water,1,Separating,知的な活動において集中力が高まり、専門的な学びを深めるのに最適な時期です。,土台が固まる日まで,,85,10,難易度の高い資料や本をじっくり読み込み、知識を確実に定着させる
TRANSIT_SUN,NATAL_SATURN,0,Work,3,Water,1,Separating,責任ある仕事を通じて、周囲からの信頼を勝ち取る時期です。,実力が評価される日まで,,80,9,担当業務を期日通りに、正確に遂行することを徹底する
TRANSIT_SUN,NATAL_SATURN,0,Money,3,Water,1,Separating,金銭面での規律を正し、堅実な資産管理を優先すべき時です。,資産が守られる日まで,,75,8,固定費の見直しや、無理のない範囲での積立を継続する
TRANSIT_SUN,NATAL_SATURN,0,Love,3,Water,1,Separating,誠実な対応と時間をかけた対話が、揺るぎない信頼関係を築きます。,絆が深まる日まで,,70,7,相手との約束を必ず守り、誠意を持って接することを心がける
TRANSIT_SUN,NATAL_SATURN,0,Health,3,Water,1,Separating,規則正しい生活習慣を徹底し、身体の基礎を整える時期です。,健康が安定する日まで,,80,10,睡眠と食事の時間を一定に保ち、無理のない運動を継続する
TRANSIT_SUN,NATAL_SATURN,0,General,4,Fire,0,Applying,家庭内の役割や住まいの基盤を安定させるために、地道な努力が必要な時です。,土台が固まる日まで,,85,10,住まいの点検や掃除を行い、家族とのルールを再確認して守る
TRANSIT_SUN,NATAL_SATURN,0,Work,4,Fire,0,Applying,責任ある仕事を通じて、周囲からの信頼を勝ち取る時期です。,実力が評価される日まで,,80,9,担当業務を期日通りに、正確に遂行することを徹底する
TRANSIT_SUN,NATAL_SATURN,0,Money,4,Fire,0,Applying,金銭面での規律を正し、堅実な資産管理を優先すべき時です。,資産が守られる日まで,,75,8,固定費の見直しや、無理のない範囲での積立を継続する
TRANSIT_SUN,NATAL_SATURN,0,Love,4,Fire,0,Applying,誠実な対応と時間をかけた対話が、揺るぎない信頼関係を築きます。,絆が深まる日まで,,70,7,相手との約束を必ず守り、誠意を持って接することを心がける
TRANSIT_SUN,NATAL_SATURN,0,Health,4,Fire,0,Applying,規則正しい生活習慣を徹底し、身体の基礎を整える時期です。,健康が安定する日まで,,80,10,睡眠と食事の時間を一定に保ち、無理のない運動を継続する
TRANSIT_SUN,NATAL_SATURN,0,General,4,Fire,0,Separating,家庭内の役割や住まいの基盤を安定させるために、地道な努力が必要な時です。,土台が固まる日まで,,85,10,住まいの点検や掃除を行い、家族とのルールを再確認して守る
TRANSIT_SUN,NATAL_SATURN,0,Work,4,Fire,0,Separating,責任ある仕事を通じて、周囲からの信頼を勝ち取る時期です。,実力が評価される日まで,,80,9,担当業務を期日通りに、正確に遂行することを徹底する
TRANSIT_SUN,NATAL_SATURN,0,Money,4,Fire,0,Separating,金銭面での規律を正し、堅実な資産管理を優先すべき時です。,資産が守られる日まで,,75,8,固定費の見直しや、無理のない範囲での積立を継続する
TRANSIT_SUN,NATAL_SATURN,0,Love,4,Fire,0,Separating,誠実な対応と時間をかけた対話が、揺るぎない信頼関係を築きます。,絆が深まる日まで,,70,7,相手との約束を必ず守り、誠意を持って接することを心がける
TRANSIT_SUN,NATAL_SATURN,0,Health,4,Fire,0,Separating,規則正しい生活習慣を徹底し、身体の基礎を整える時期です。,健康が安定する日まで,,80,10,睡眠と食事の時間を一定に保ち、無理のない運動を継続する
TRANSIT_SUN,NATAL_SATURN,0,General,4,Fire,1,Applying,家庭内の役割や住まいの基盤を安定させるために、地道な努力が必要な時です。,土台が固まる日まで,,85,10,住まいの点検や掃除を行い、家族とのルールを再確認して守る
TRANSIT_SUN,NATAL_SATURN,0,Work,4,Fire,1,Applying,責任ある仕事を通じて、周囲からの信頼を勝ち取る時期です。,実力が評価される日まで,,80,9,担当業務を期日通りに、正確に遂行することを徹底する
TRANSIT_SUN,NATAL_SATURN,0,Money,4,Fire,1,Applying,金銭面での規律を正し、堅実な資産管理を優先すべき時です。,資産が守られる日まで,,75,8,固定費の見直しや、無理のない範囲での積立を継続する
TRANSIT_SUN,NATAL_SATURN,0,Love,4,Fire,1,Applying,誠実な対応と時間をかけた対話が、揺るぎない信頼関係を築きます。,絆が深まる日まで,,70,7,相手との約束を必ず守り、誠意を持って接することを心がける
TRANSIT_SUN,NATAL_SATURN,0,Health,4,Fire,1,Applying,規則正しい生活習慣を徹底し、身体の基礎を整える時期です。,健康が安定する日まで,,80,10,睡眠と食事の時間を一定に保ち、無理のない運動を継続する
TRANSIT_SUN,NATAL_SATURN,0,General,4,Fire,1,Separating,家庭内の役割や住まいの基盤を安定させるために、地道な努力が必要な時です。,土台が固まる日まで,,85,10,住まいの点検や掃除を行い、家族とのルールを再確認して守る
TRANSIT_SUN,NATAL_SATURN,0,Work,4,Fire,1,Separating,責任ある仕事を通じて、周囲からの信頼を勝ち取る時期です。,実力が評価される日まで,,80,9,担当業務を期日通りに、正確に遂行することを徹底する
TRANSIT_SUN,NATAL_SATURN,0,Money,4,Fire,1,Separating,金銭面での規律を正し、堅実な資産管理を優先すべき時です。,資産が守られる日まで,,75,8,固定費の見直しや、無理のない範囲での積立を継続する
TRANSIT_SUN,NATAL_SATURN,0,Love,4,Fire,1,Separating,誠実な対応と時間をかけた対話が、揺るぎない信頼関係を築きます。,絆が深まる日まで,,70,7,相手との約束を必ず守り、誠意を持って接することを心がける
TRANSIT_SUN,NATAL_SATURN,0,Health,4,Fire,1,Separating,規則正しい生活習慣を徹底し、身体の基礎を整える時期です。,健康が安定する日まで,,80,10,睡眠と食事の時間を一定に保ち、無理のない運動を継続する
TRANSIT_SUN,NATAL_SATURN,0,General,4,Earth,0,Applying,家庭内の役割や住まいの基盤を安定させるために、地道な努力が必要な時です。,土台が固まる日まで,,85,10,住まいの点検や掃除を行い、家族とのルールを再確認して守る
TRANSIT_SUN,NATAL_SATURN,0,Work,4,Earth,0,Applying,責任ある仕事を通じて、周囲からの信頼を勝ち取る時期です。,実力が評価される日まで,,80,9,担当業務を期日通りに、正確に遂行することを徹底する
TRANSIT_SUN,NATAL_SATURN,0,Money,4,Earth,0,Applying,金銭面での規律を正し、堅実な資産管理を優先すべき時です。,資産が守られる日まで,,75,8,固定費の見直しや、無理のない範囲での積立を継続する
TRANSIT_SUN,NATAL_SATURN,0,Love,4,Earth,0,Applying,誠実な対応と時間をかけた対話が、揺るぎない信頼関係を築きます。,絆が深まる日まで,,70,7,相手との約束を必ず守り、誠意を持って接することを心がける
TRANSIT_SUN,NATAL_SATURN,0,Health,4,Earth,0,Applying,規則正しい生活習慣を徹底し、身体の基礎を整える時期です。,健康が安定する日まで,,80,10,睡眠と食事の時間を一定に保ち、無理のない運動を継続する
TRANSIT_SUN,NATAL_SATURN,0,General,4,Earth,0,Separating,家庭内の役割や住まいの基盤を安定させるために、地道な努力が必要な時です。,土台が固まる日まで,,85,10,住まいの点検や掃除を行い、家族とのルールを再確認して守る
TRANSIT_SUN,NATAL_SATURN,0,Work,4,Earth,0,Separating,責任ある仕事を通じて、周囲からの信頼を勝ち取る時期です。,実力が評価される日まで,,80,9,担当業務を期日通りに、正確に遂行することを徹底する
TRANSIT_SUN,NATAL_SATURN,0,Money,4,Earth,0,Separating,金銭面での規律を正し、堅実な資産管理を優先すべき時です。,資産が守られる日まで,,75,8,固定費の見直しや、無理のない範囲での積立を継続する
TRANSIT_SUN,NATAL_SATURN,0,Love,4,Earth,0,Separating,誠実な対応と時間をかけた対話が、揺るぎない信頼関係を築きます。,絆が深まる日まで,,70,7,相手との約束を必ず守り、誠意を持って接することを心がける
TRANSIT_SUN,NATAL_SATURN,0,Health,4,Earth,0,Separating,規則正しい生活習慣を徹底し、身体の基礎を整える時期です。,健康が安定する日まで,,80,10,睡眠と食事の時間を一定に保ち、無理のない運動を継続する
TRANSIT_SUN,NATAL_SATURN,0,General,4,Earth,1,Applying,家庭内の役割や住まいの基盤を安定させるために、地道な努力が必要な時です。,土台が固まる日まで,,85,10,住まいの点検や掃除を行い、家族とのルールを再確認して守る
TRANSIT_SUN,NATAL_SATURN,0,Work,4,Earth,1,Applying,責任ある仕事を通じて、周囲からの信頼を勝ち取る時期です。,実力が評価される日まで,,80,9,担当業務を期日通りに、正確に遂行することを徹底する
TRANSIT_SUN,NATAL_SATURN,0,Money,4,Earth,1,Applying,金銭面での規律を正し、堅実な資産管理を優先すべき時です。,資産が守られる日まで,,75,8,固定費の見直しや、無理のない範囲での積立を継続する
TRANSIT_SUN,NATAL_SATURN,0,Love,4,Earth,1,Applying,誠実な対応と時間をかけた対話が、揺るぎない信頼関係を築きます。,絆が深まる日まで,,70,7,相手との約束を必ず守り、誠意を持って接することを心がける
TRANSIT_SUN,NATAL_SATURN,0,Health,4,Earth,1,Applying,規則正しい生活習慣を徹底し、身体の基礎を整える時期です。,健康が安定する日まで,,80,10,睡眠と食事の時間を一定に保ち、無理のない運動を継続する
TRANSIT_SUN,NATAL_SATURN,0,General,4,Earth,1,Separating,家庭内の役割や住まいの基盤を安定させるために、地道な努力が必要な時です。,土台が固まる日まで,,85,10,住まいの点検や掃除を行い、家族とのルールを再確認して守る
TRANSIT_SUN,NATAL_SATURN,0,Work,4,Earth,1,Separating,責任ある仕事を通じて、周囲からの信頼を勝ち取る時期です。,実力が評価される日まで,,80,9,担当業務を期日通りに、正確に遂行することを徹底する
TRANSIT_SUN,NATAL_SATURN,0,Money,4,Earth,1,Separating,金銭面での規律を正し、堅実な資産管理を優先すべき時です。,資産が守られる日まで,,75,8,固定費の見直しや、無理のない範囲での積立を継続する
TRANSIT_SUN,NATAL_SATURN,0,Love,4,Earth,1,Separating,誠実な対応と時間をかけた対話が、揺るぎない信頼関係を築きます。,絆が深まる日まで,,70,7,相手との約束を必ず守り、誠意を持って接することを心がける
TRANSIT_SUN,NATAL_SATURN,0,Health,4,Earth,1,Separating,規則正しい生活習慣を徹底し、身体の基礎を整える時期です。,健康が安定する日まで,,80,10,睡眠と食事の時間を一定に保ち、無理のない運動を継続する
TRANSIT_SUN,NATAL_SATURN,0,General,5,Fire,0,Applying,自己表現や趣味において、規律と地道な努力が大きな成果を生む時期です。,土台が固まる日まで,,80,8,趣味や創作活動において、基礎練習や土台作りを徹底する
TRANSIT_SUN,NATAL_SATURN,0,Work,5,Fire,0,Applying,責任感ある行動が評価されます。,信頼が高まる日まで,,75,7,担当業務を完璧に仕上げ、報告を怠らない
TRANSIT_SUN,NATAL_SATURN,0,Money,5,Fire,0,Applying,堅実な資産管理を優先すべき時です。,資産が守られる日まで,,65,6,支出を1円単位で管理し、無駄を徹底的に省く
TRANSIT_SUN,NATAL_SATURN,0,Love,5,Fire,0,Applying,誠実な対話が揺るぎない絆を作ります。,絆が深まる日まで,,70,7,相手に対して誠実な約束をし、それを必ず守る
TRANSIT_SUN,NATAL_SATURN,0,Health,5,Fire,0,Applying,規則正しい生活が健康の鍵です。,身体が整う日まで,,75,9,生活のリズムを一定に保ち、無理のない運動を継続する
TRANSIT_SUN,NATAL_SATURN,0,General,5,Fire,0,Separating,自己表現や趣味において、規律と地道な努力が大きな成果を生む時期です。,土台が固まる日まで,,80,8,趣味や創作活動において、基礎練習や土台作りを徹底する
TRANSIT_SUN,NATAL_SATURN,0,Work,5,Fire,0,Separating,責任感ある行動が評価されます。,信頼が高まる日まで,,75,7,担当業務を完璧に仕上げ、報告を怠らない
TRANSIT_SUN,NATAL_SATURN,0,Money,5,Fire,0,Separating,堅実な資産管理を優先すべき時です。,資産が守られる日まで,,65,6,支出を1円単位で管理し、無駄を徹底的に省く
TRANSIT_SUN,NATAL_SATURN,0,Love,5,Fire,0,Separating,誠実な対話が揺るぎない絆を作ります。,絆が深まる日まで,,70,7,相手に対して誠実な約束をし、それを必ず守る
TRANSIT_SUN,NATAL_SATURN,0,Health,5,Fire,0,Separating,規則正しい生活が健康の鍵です。,身体が整う日まで,,75,9,生活のリズムを一定に保ち、無理のない運動を継続する
TRANSIT_SUN,NATAL_SATURN,0,General,5,Fire,1,Applying,自己表現や趣味において、規律と地道な努力が大きな成果を生む時期です。,土台が固まる日まで,,80,8,趣味や創作活動において、基礎練習や土台作りを徹底する
TRANSIT_SUN,NATAL_SATURN,0,Work,5,Fire,1,Applying,責任感ある行動が評価されます。,信頼が高まる日まで,,75,7,担当業務を完璧に仕上げ、報告を怠らない
TRANSIT_SUN,NATAL_SATURN,0,Money,5,Fire,1,Applying,堅実な資産管理を優先すべき時です。,資産が守られる日まで,,65,6,支出を1円単位で管理し、無駄を徹底的に省く
TRANSIT_SUN,NATAL_SATURN,0,Love,5,Fire,1,Applying,誠実な対話が揺るぎない絆を作ります。,絆が深まる日まで,,70,7,相手に対して誠実な約束をし、それを必ず守る
TRANSIT_SUN,NATAL_SATURN,0,Health,5,Fire,1,Applying,規則正しい生活が健康の鍵です。,身体が整う日まで,,75,9,生活のリズムを一定に保ち、無理のない運動を継続する
TRANSIT_SUN,NATAL_SATURN,0,General,5,Fire,1,Separating,自己表現や趣味において、規律と地道な努力が大きな成果を生む時期です。,土台が固まる日まで,,80,8,趣味や創作活動において、基礎練習や土台作りを徹底する
TRANSIT_SUN,NATAL_SATURN,0,Work,5,Fire,1,Separating,責任感ある行動が評価されます。,信頼が高まる日まで,,75,7,担当業務を完璧に仕上げ、報告を怠らない
TRANSIT_SUN,NATAL_SATURN,0,Money,5,Fire,1,Separating,堅実な資産管理を優先すべき時です。,資産が守られる日まで,,65,6,支出を1円単位で管理し、無駄を徹底的に省く
TRANSIT_SUN,NATAL_SATURN,0,Love,5,Fire,1,Separating,誠実な対話が揺るぎない絆を作ります。,絆が深まる日まで,,70,7,相手に対して誠実な約束をし、それを必ず守る
TRANSIT_SUN,NATAL_SATURN,0,Health,5,Fire,1,Separating,規則正しい生活が健康の鍵です。,身体が整う日まで,,75,9,生活のリズムを一定に保ち、無理のない運動を継続する
TRANSIT_SUN,NATAL_SATURN,0,General,5,Earth,0,Applying,自己表現や趣味において、規律と地道な努力が大きな成果を生む時期です。,土台が固まる日まで,,80,8,趣味や創作活動において、基礎練習や土台作りを徹底する
TRANSIT_SUN,NATAL_SATURN,0,Work,5,Earth,0,Applying,責任感ある行動が評価されます。,信頼が高まる日まで,,75,7,担当業務を完璧に仕上げ、報告を怠らない
TRANSIT_SUN,NATAL_SATURN,0,Money,5,Earth,0,Applying,堅実な資産管理を優先すべき時です。,資産が守られる日まで,,65,6,支出を1円単位で管理し、無駄を徹底的に省く
TRANSIT_SUN,NATAL_SATURN,0,Love,5,Earth,0,Applying,誠実な対話が揺るぎない絆を作ります。,絆が深まる日まで,,70,7,相手に対して誠実な約束をし、それを必ず守る
TRANSIT_SUN,NATAL_SATURN,0,Health,5,Earth,0,Applying,規則正しい生活が健康の鍵です。,身体が整う日まで,,75,9,生活のリズムを一定に保ち、無理のない運動を継続する
TRANSIT_SUN,NATAL_SATURN,0,General,5,Earth,0,Separating,自己表現や趣味において、規律と地道な努力が大きな成果を生む時期です。,土台が固まる日まで,,80,8,趣味や創作活動において、基礎練習や土台作りを徹底する
TRANSIT_SUN,NATAL_SATURN,0,Work,5,Earth,0,Separating,責任感ある行動が評価されます。,信頼が高まる日まで,,75,7,担当業務を完璧に仕上げ、報告を怠らない
TRANSIT_SUN,NATAL_SATURN,0,Money,5,Earth,0,Separating,堅実な資産管理を優先すべき時です。,資産が守られる日まで,,65,6,支出を1円単位で管理し、無駄を徹底的に省く
TRANSIT_SUN,NATAL_SATURN,0,Love,5,Earth,0,Separating,誠実な対話が揺るぎない絆を作ります。,絆が深まる日まで,,70,7,相手に対して誠実な約束をし、それを必ず守る
TRANSIT_SUN,NATAL_SATURN,0,Health,5,Earth,0,Separating,規則正しい生活が健康の鍵です。,身体が整う日まで,,75,9,生活のリズムを一定に保ち、無理のない運動を継続する
TRANSIT_SUN,NATAL_SATURN,0,General,5,Earth,1,Applying,自己表現や趣味において、規律と地道な努力が大きな成果を生む時期です。,土台が固まる日まで,,80,8,趣味や創作活動において、基礎練習や土台作りを徹底する
TRANSIT_SUN,NATAL_SATURN,0,Work,5,Earth,1,Applying,責任感ある行動が評価されます。,信頼が高まる日まで,,75,7,担当業務を完璧に仕上げ、報告を怠らない
TRANSIT_SUN,NATAL_SATURN,0,Money,5,Earth,1,Applying,堅実な資産管理を優先すべき時です。,資産が守られる日まで,,65,6,支出を1円単位で管理し、無駄を徹底的に省く
TRANSIT_SUN,NATAL_SATURN,0,Love,5,Earth,1,Applying,誠実な対話が揺るぎない絆を作ります。,絆が深まる日まで,,70,7,相手に対して誠実な約束をし、それを必ず守る
TRANSIT_SUN,NATAL_SATURN,0,Health,5,Earth,1,Applying,規則正しい生活が健康の鍵です。,身体が整う日まで,,75,9,生活のリズムを一定に保ち、無理のない運動を継続する
TRANSIT_SUN,NATAL_SATURN,0,General,5,Earth,1,Separating,自己表現や趣味において、規律と地道な努力が大きな成果を生む時期です。,土台が固まる日まで,,80,8,趣味や創作活動において、基礎練習や土台作りを徹底する
TRANSIT_SUN,NATAL_SATURN,0,Work,5,Earth,1,Separating,責任感ある行動が評価されます。,信頼が高まる日まで,,75,7,担当業務を完璧に仕上げ、報告を怠らない
TRANSIT_SUN,NATAL_SATURN,0,Money,5,Earth,1,Separating,堅実な資産管理を優先すべき時です。,資産が守られる日まで,,65,6,支出を1円単位で管理し、無駄を徹底的に省く
TRANSIT_SUN,NATAL_SATURN,0,Love,5,Earth,1,Separating,誠実な対話が揺るぎない絆を作ります。,絆が深まる日まで,,70,7,相手に対して誠実な約束をし、それを必ず守る
TRANSIT_SUN,NATAL_SATURN,0,Health,5,Earth,1,Separating,規則正しい生活が健康の鍵です。,身体が整う日まで,,75,9,生活のリズムを一定に保ち、無理のない運動を継続する
TRANSIT_SUN,NATAL_SATURN,0,General,5,Air,0,Applying,自己表現や趣味において、規律と地道な努力が大きな成果を生む時期です。,土台が固まる日まで,,80,8,趣味や創作活動において、基礎練習や土台作りを徹底する
TRANSIT_SUN,NATAL_SATURN,0,Work,5,Air,0,Applying,責任感ある行動が評価されます。,信頼が高まる日まで,,75,7,担当業務を完璧に仕上げ、報告を怠らない
TRANSIT_SUN,NATAL_SATURN,0,Money,5,Air,0,Applying,堅実な資産管理を優先すべき時です。,資産が守られる日まで,,65,6,支出を1円単位で管理し、無駄を徹底的に省く
TRANSIT_SUN,NATAL_SATURN,0,Love,5,Air,0,Applying,誠実な対話が揺るぎない絆を作ります。,絆が深まる日まで,,70,7,相手に対して誠実な約束をし、それを必ず守る
TRANSIT_SUN,NATAL_SATURN,0,Health,5,Air,0,Applying,規則正しい生活が健康の鍵です。,身体が整う日まで,,75,9,生活のリズムを一定に保ち、無理のない運動を継続する
TRANSIT_SUN,NATAL_SATURN,0,General,5,Air,0,Separating,自己表現や趣味において、規律と地道な努力が大きな成果を生む時期です。,土台が固まる日まで,,80,8,趣味や創作活動において、基礎練習や土台作りを徹底する
TRANSIT_SUN,NATAL_SATURN,0,Work,5,Air,0,Separating,責任感ある行動が評価されます。,信頼が高まる日まで,,75,7,担当業務を完璧に仕上げ、報告を怠らない
TRANSIT_SUN,NATAL_SATURN,0,Money,5,Air,0,Separating,堅実な資産管理を優先すべき時です。,資産が守られる日まで,,65,6,支出を1円単位で管理し、無駄を徹底的に省く
TRANSIT_SUN,NATAL_SATURN,0,Love,5,Air,0,Separating,誠実な対話が揺るぎない絆を作ります。,絆が深まる日まで,,70,7,相手に対して誠実な約束をし、それを必ず守る
TRANSIT_SUN,NATAL_SATURN,0,Health,5,Air,0,Separating,規則正しい生活が健康の鍵です。,身体が整う日まで,,75,9,生活のリズムを一定に保ち、無理のない運動を継続する
TRANSIT_SUN,NATAL_SATURN,0,General,5,Air,1,Applying,自己表現や趣味において、規律と地道な努力が大きな成果を生む時期です。,土台が固まる日まで,,80,8,趣味や創作活動において、基礎練習や土台作りを徹底する
TRANSIT_SUN,NATAL_SATURN,0,Work,5,Air,1,Applying,責任感ある行動が評価されます。,信頼が高まる日まで,,75,7,担当業務を完璧に仕上げ、報告を怠らない
TRANSIT_SUN,NATAL_SATURN,0,Money,5,Air,1,Applying,堅実な資産管理を優先すべき時です。,資産が守られる日まで,,65,6,支出を1円単位で管理し、無駄を徹底的に省く
TRANSIT_SUN,NATAL_SATURN,0,Love,5,Air,1,Applying,誠実な対話が揺るぎない絆を作ります。,絆が深まる日まで,,70,7,相手に対して誠実な約束をし、それを必ず守る
TRANSIT_SUN,NATAL_SATURN,0,Health,5,Air,1,Applying,規則正しい生活が健康の鍵です。,身体が整う日まで,,75,9,生活のリズムを一定に保ち、無理のない運動を継続する
TRANSIT_SUN,NATAL_SATURN,0,General,5,Air,1,Separating,自己表現や趣味において、規律と地道な努力が大きな成果を生む時期です。,土台が固まる日まで,,80,8,趣味や創作活動において、基礎練習や土台作りを徹底する
TRANSIT_SUN,NATAL_SATURN,0,Work,5,Air,1,Separating,責任感ある行動が評価されます。,信頼が高まる日まで,,75,7,担当業務を完璧に仕上げ、報告を怠らない
TRANSIT_SUN,NATAL_SATURN,0,Money,5,Air,1,Separating,堅実な資産管理を優先すべき時です。,資産が守られる日まで,,65,6,支出を1円単位で管理し、無駄を徹底的に省く
TRANSIT_SUN,NATAL_SATURN,0,Love,5,Air,1,Separating,誠実な対話が揺るぎない絆を作ります。,絆が深まる日まで,,70,7,相手に対して誠実な約束をし、それを必ず守る
TRANSIT_SUN,NATAL_SATURN,0,Health,5,Air,1,Separating,規則正しい生活が健康の鍵です。,身体が整う日まで,,75,9,生活のリズムを一定に保ち、無理のない運動を継続する
TRANSIT_SUN,NATAL_SATURN,0,General,5,Water,0,Applying,自己表現や趣味において、規律と地道な努力が大きな成果を生む時期です。,土台が固まる日まで,,80,8,趣味や創作活動において、基礎練習や土台作りを徹底する
TRANSIT_SUN,NATAL_SATURN,0,Work,5,Water,0,Applying,責任感ある行動が評価されます。,信頼が高まる日まで,,75,7,担当業務を完璧に仕上げ、報告を怠らない
TRANSIT_SUN,NATAL_SATURN,0,Money,5,Water,0,Applying,堅実な資産管理を優先すべき時です。,資産が守られる日まで,,65,6,支出を1円単位で管理し、無駄を徹底的に省く
TRANSIT_SUN,NATAL_SATURN,0,Love,5,Water,0,Applying,誠実な対話が揺るぎない絆を作ります。,絆が深まる日まで,,70,7,相手に対して誠実な約束をし、それを必ず守る
TRANSIT_SUN,NATAL_SATURN,0,Health,5,Water,0,Applying,規則正しい生活が健康の鍵です。,身体が整う日まで,,75,9,生活のリズムを一定に保ち、無理のない運動を継続する
TRANSIT_SUN,NATAL_SATURN,0,General,5,Water,0,Separating,自己表現や趣味において、規律と地道な努力が大きな成果を生む時期です。,土台が固まる日まで,,80,8,趣味や創作活動において、基礎練習や土台作りを徹底する
TRANSIT_SUN,NATAL_SATURN,0,Work,5,Water,0,Separating,責任感ある行動が評価されます。,信頼が高まる日まで,,75,7,担当業務を完璧に仕上げ、報告を怠らない
TRANSIT_SUN,NATAL_SATURN,0,Money,5,Water,0,Separating,堅実な資産管理を優先すべき時です。,資産が守られる日まで,,65,6,支出を1円単位で管理し、無駄を徹底的に省く
TRANSIT_SUN,NATAL_SATURN,0,Love,5,Water,0,Separating,誠実な対話が揺るぎない絆を作ります。,絆が深まる日まで,,70,7,相手に対して誠実な約束をし、それを必ず守る
TRANSIT_SUN,NATAL_SATURN,0,Health,5,Water,0,Separating,規則正しい生活が健康の鍵です。,身体が整う日まで,,75,9,生活のリズムを一定に保ち、無理のない運動を継続する
TRANSIT_SUN,NATAL_SATURN,0,General,5,Water,1,Applying,自己表現や趣味において、規律と地道な努力が大きな成果を生む時期です。,土台が固まる日まで,,80,8,趣味や創作活動において、基礎練習や土台作りを徹底する
TRANSIT_SUN,NATAL_SATURN,0,Work,5,Water,1,Applying,責任感ある行動が評価されます。,信頼が高まる日まで,,75,7,担当業務を完璧に仕上げ、報告を怠らない
TRANSIT_SUN,NATAL_SATURN,0,Money,5,Water,1,Applying,堅実な資産管理を優先すべき時です。,資産が守られる日まで,,65,6,支出を1円単位で管理し、無駄を徹底的に省く
TRANSIT_SUN,NATAL_SATURN,0,Love,5,Water,1,Applying,誠実な対話が揺るぎない絆を作ります。,絆が深まる日まで,,70,7,相手に対して誠実な約束をし、それを必ず守る
TRANSIT_SUN,NATAL_SATURN,0,Health,5,Water,1,Applying,規則正しい生活が健康の鍵です。,身体が整う日まで,,75,9,生活のリズムを一定に保ち、無理のない運動を継続する
TRANSIT_SUN,NATAL_SATURN,0,General,5,Water,1,Separating,自己表現や趣味において、規律と地道な努力が大きな成果を生む時期です。,土台が固まる日まで,,80,8,趣味や創作活動において、基礎練習や土台作りを徹底する
TRANSIT_SUN,NATAL_SATURN,0,Work,5,Water,1,Separating,責任感ある行動が評価されます。,信頼が高まる日まで,,75,7,担当業務を完璧に仕上げ、報告を怠らない
TRANSIT_SUN,NATAL_SATURN,0,Money,5,Water,1,Separating,堅実な資産管理を優先すべき時です。,資産が守られる日まで,,65,6,支出を1円単位で管理し、無駄を徹底的に省く
TRANSIT_SUN,NATAL_SATURN,0,Love,5,Water,1,Separating,誠実な対話が揺るぎない絆を作ります。,絆が深まる日まで,,70,7,相手に対して誠実な約束をし、それを必ず守る
TRANSIT_SUN,NATAL_SATURN,0,Health,5,Water,1,Separating,規則正しい生活が健康の鍵です。,身体が整う日まで,,75,9,生活のリズムを一定に保ち、無理のない運動を継続する
TRANSIT_SUN,NATAL_SATURN,0,General,6,Fire,0,Applying,仕事の義務や健康管理において、厳格な規律が安定をもたらす時期です。,土台が固まる日まで,,80,8,日常の業務フローを再点検し、無駄のないルーチンを確立する
TRANSIT_SUN,NATAL_SATURN,0,Work,6,Fire,0,Applying,責任感ある行動が評価されます。,信頼が高まる日まで,,75,7,担当業務を完璧に仕上げ、報告を怠らない
TRANSIT_SUN,NATAL_SATURN,0,Money,6,Fire,0,Applying,堅実な資産管理を優先すべき時です。,資産が守られる日まで,,65,6,支出を1円単位で管理し、無駄を徹底的に省く
TRANSIT_SUN,NATAL_SATURN,0,Love,6,Fire,0,Applying,誠実な対話が揺るぎない絆を作ります。,絆が深まる日まで,,70,7,相手に対して誠実な約束をし、それを必ず守る
TRANSIT_SUN,NATAL_SATURN,0,Health,6,Fire,0,Applying,規則正しい生活が健康の鍵です。,身体が整う日まで,,75,9,生活のリズムを一定に保ち、無理のない運動を継続する
TRANSIT_SUN,NATAL_SATURN,0,General,6,Fire,0,Separating,仕事の義務や健康管理において、厳格な規律が安定をもたらす時期です。,土台が固まる日まで,,80,8,日常の業務フローを再点検し、無駄のないルーチンを確立する
TRANSIT_SUN,NATAL_SATURN,0,Work,6,Fire,0,Separating,責任感ある行動が評価されます。,信頼が高まる日まで,,75,7,担当業務を完璧に仕上げ、報告を怠らない
TRANSIT_SUN,NATAL_SATURN,0,Money,6,Fire,0,Separating,堅実な資産管理を優先すべき時です。,資産が守られる日まで,,65,6,支出を1円単位で管理し、無駄を徹底的に省く
TRANSIT_SUN,NATAL_SATURN,0,Love,6,Fire,0,Separating,誠実な対話が揺るぎない絆を作ります。,絆が深まる日まで,,70,7,相手に対して誠実な約束をし、それを必ず守る
TRANSIT_SUN,NATAL_SATURN,0,Health,6,Fire,0,Separating,規則正しい生活が健康の鍵です。,身体が整う日まで,,75,9,生活のリズムを一定に保ち、無理のない運動を継続する
TRANSIT_SUN,NATAL_SATURN,0,General,6,Fire,1,Applying,仕事の義務や健康管理において、厳格な規律が安定をもたらす時期です。,土台が固まる日まで,,80,8,日常の業務フローを再点検し、無駄のないルーチンを確立する
TRANSIT_SUN,NATAL_SATURN,0,Work,6,Fire,1,Applying,責任感ある行動が評価されます。,信頼が高まる日まで,,75,7,担当業務を完璧に仕上げ、報告を怠らない
TRANSIT_SUN,NATAL_SATURN,0,Money,6,Fire,1,Applying,堅実な資産管理を優先すべき時です。,資産が守られる日まで,,65,6,支出を1円単位で管理し、無駄を徹底的に省く
TRANSIT_SUN,NATAL_SATURN,0,Love,6,Fire,1,Applying,誠実な対話が揺るぎない絆を作ります。,絆が深まる日まで,,70,7,相手に対して誠実な約束をし、それを必ず守る
TRANSIT_SUN,NATAL_SATURN,0,Health,6,Fire,1,Applying,規則正しい生活が健康の鍵です。,身体が整う日まで,,75,9,生活のリズムを一定に保ち、無理のない運動を継続する
TRANSIT_SUN,NATAL_SATURN,0,General,6,Fire,1,Separating,仕事の義務や健康管理において、厳格な規律が安定をもたらす時期です。,土台が固まる日まで,,80,8,日常の業務フローを再点検し、無駄のないルーチンを確立する
TRANSIT_SUN,NATAL_SATURN,0,Work,6,Fire,1,Separating,責任感ある行動が評価されます。,信頼が高まる日まで,,75,7,担当業務を完璧に仕上げ、報告を怠らない
TRANSIT_SUN,NATAL_SATURN,0,Money,6,Fire,1,Separating,堅実な資産管理を優先すべき時です。,資産が守られる日まで,,65,6,支出を1円単位で管理し、無駄を徹底的に省く
TRANSIT_SUN,NATAL_SATURN,0,Love,6,Fire,1,Separating,誠実な対話が揺るぎない絆を作ります。,絆が深まる日まで,,70,7,相手に対して誠実な約束をし、それを必ず守る
TRANSIT_SUN,NATAL_SATURN,0,Health,6,Fire,1,Separating,規則正しい生活が健康の鍵です。,身体が整う日まで,,75,9,生活のリズムを一定に保ち、無理のない運動を継続する
TRANSIT_SUN,NATAL_SATURN,0,General,6,Earth,0,Applying,仕事の義務や健康管理において、厳格な規律が安定をもたらす時期です。,土台が固まる日まで,,80,8,日常の業務フローを再点検し、無駄のないルーチンを確立する
TRANSIT_SUN,NATAL_SATURN,0,Work,6,Earth,0,Applying,責任感ある行動が評価されます。,信頼が高まる日まで,,75,7,担当業務を完璧に仕上げ、報告を怠らない
TRANSIT_SUN,NATAL_SATURN,0,Money,6,Earth,0,Applying,堅実な資産管理を優先すべき時です。,資産が守られる日まで,,65,6,支出を1円単位で管理し、無駄を徹底的に省く
TRANSIT_SUN,NATAL_SATURN,0,Love,6,Earth,0,Applying,誠実な対話が揺るぎない絆を作ります。,絆が深まる日まで,,70,7,相手に対して誠実な約束をし、それを必ず守る
TRANSIT_SUN,NATAL_SATURN,0,Health,6,Earth,0,Applying,規則正しい生活が健康の鍵です。,身体が整う日まで,,75,9,生活のリズムを一定に保ち、無理のない運動を継続する
TRANSIT_SUN,NATAL_SATURN,0,General,6,Earth,0,Separating,仕事の義務や健康管理において、厳格な規律が安定をもたらす時期です。,土台が固まる日まで,,80,8,日常の業務フローを再点検し、無駄のないルーチンを確立する
TRANSIT_SUN,NATAL_SATURN,0,Work,6,Earth,0,Separating,責任感ある行動が評価されます。,信頼が高まる日まで,,75,7,担当業務を完璧に仕上げ、報告を怠らない
TRANSIT_SUN,NATAL_SATURN,0,Money,6,Earth,0,Separating,堅実な資産管理を優先すべき時です。,資産が守られる日まで,,65,6,支出を1円単位で管理し、無駄を徹底的に省く
TRANSIT_SUN,NATAL_SATURN,0,Love,6,Earth,0,Separating,誠実な対話が揺るぎない絆を作ります。,絆が深まる日まで,,70,7,相手に対して誠実な約束をし、それを必ず守る
TRANSIT_SUN,NATAL_SATURN,0,Health,6,Earth,0,Separating,規則正しい生活が健康の鍵です。,身体が整う日まで,,75,9,生活のリズムを一定に保ち、無理のない運動を継続する
TRANSIT_SUN,NATAL_SATURN,0,General,6,Earth,1,Applying,仕事の義務や健康管理において、厳格な規律が安定をもたらす時期です。,土台が固まる日まで,,80,8,日常の業務フローを再点検し、無駄のないルーチンを確立する
TRANSIT_SUN,NATAL_SATURN,0,Work,6,Earth,1,Applying,責任感ある行動が評価されます。,信頼が高まる日まで,,75,7,担当業務を完璧に仕上げ、報告を怠らない
TRANSIT_SUN,NATAL_SATURN,0,Money,6,Earth,1,Applying,堅実な資産管理を優先すべき時です。,資産が守られる日まで,,65,6,支出を1円単位で管理し、無駄を徹底的に省く
TRANSIT_SUN,NATAL_SATURN,0,Love,6,Earth,1,Applying,誠実な対話が揺るぎない絆を作ります。,絆が深まる日まで,,70,7,相手に対して誠実な約束をし、それを必ず守る
TRANSIT_SUN,NATAL_SATURN,0,Health,6,Earth,1,Applying,規則正しい生活が健康の鍵です。,身体が整う日まで,,75,9,生活のリズムを一定に保ち、無理のない運動を継続する
TRANSIT_SUN,NATAL_SATURN,0,General,6,Earth,1,Separating,仕事の義務や健康管理において、厳格な規律が安定をもたらす時期です。,土台が固まる日まで,,80,8,日常の業務フローを再点検し、無駄のないルーチンを確立する
TRANSIT_SUN,NATAL_SATURN,0,Work,6,Earth,1,Separating,責任感ある行動が評価されます。,信頼が高まる日まで,,75,7,担当業務を完璧に仕上げ、報告を怠らない
TRANSIT_SUN,NATAL_SATURN,0,Money,6,Earth,1,Separating,堅実な資産管理を優先すべき時です。,資産が守られる日まで,,65,6,支出を1円単位で管理し、無駄を徹底的に省く
TRANSIT_SUN,NATAL_SATURN,0,Love,6,Earth,1,Separating,誠実な対話が揺るぎない絆を作ります。,絆が深まる日まで,,70,7,相手に対して誠実な約束をし、それを必ず守る
TRANSIT_SUN,NATAL_SATURN,0,Health,6,Earth,1,Separating,規則正しい生活が健康の鍵です。,身体が整う日まで,,75,9,生活のリズムを一定に保ち、無理のない運動を継続する
TRANSIT_SUN,NATAL_SATURN,0,General,6,Air,0,Applying,仕事の義務や健康管理において、厳格な規律が安定をもたらす時期です。,土台が固まる日まで,,80,8,日常の業務フローを再点検し、無駄のないルーチンを確立する
TRANSIT_SUN,NATAL_SATURN,0,Work,6,Air,0,Applying,責任感ある行動が評価されます。,信頼が高まる日まで,,75,7,担当業務を完璧に仕上げ、報告を怠らない
TRANSIT_SUN,NATAL_SATURN,0,Money,6,Air,0,Applying,堅実な資産管理を優先すべき時です。,資産が守られる日まで,,65,6,支出を1円単位で管理し、無駄を徹底的に省く
TRANSIT_SUN,NATAL_SATURN,0,Love,6,Air,0,Applying,誠実な対話が揺るぎない絆を作ります。,絆が深まる日まで,,70,7,相手に対して誠実な約束をし、それを必ず守る
TRANSIT_SUN,NATAL_SATURN,0,Health,6,Air,0,Applying,規則正しい生活が健康の鍵です。,身体が整う日まで,,75,9,生活のリズムを一定に保ち、無理のない運動を継続する
TRANSIT_SUN,NATAL_SATURN,0,General,6,Air,0,Separating,仕事の義務や健康管理において、厳格な規律が安定をもたらす時期です。,土台が固まる日まで,,80,8,日常の業務フローを再点検し、無駄のないルーチンを確立する
TRANSIT_SUN,NATAL_SATURN,0,Work,6,Air,0,Separating,責任感ある行動が評価されます。,信頼が高まる日まで,,75,7,担当業務を完璧に仕上げ、報告を怠らない
TRANSIT_SUN,NATAL_SATURN,0,Money,6,Air,0,Separating,堅実な資産管理を優先すべき時です。,資産が守られる日まで,,65,6,支出を1円単位で管理し、無駄を徹底的に省く
TRANSIT_SUN,NATAL_SATURN,0,Love,6,Air,0,Separating,誠実な対話が揺るぎない絆を作ります。,絆が深まる日まで,,70,7,相手に対して誠実な約束をし、それを必ず守る
TRANSIT_SUN,NATAL_SATURN,0,Health,6,Air,0,Separating,規則正しい生活が健康の鍵です。,身体が整う日まで,,75,9,生活のリズムを一定に保ち、無理のない運動を継続する
TRANSIT_SUN,NATAL_SATURN,0,General,6,Air,1,Applying,仕事の義務や健康管理において、厳格な規律が安定をもたらす時期です。,土台が固まる日まで,,80,8,日常の業務フローを再点検し、無駄のないルーチンを確立する
TRANSIT_SUN,NATAL_SATURN,0,Work,6,Air,1,Applying,責任感ある行動が評価されます。,信頼が高まる日まで,,75,7,担当業務を完璧に仕上げ、報告を怠らない
TRANSIT_SUN,NATAL_SATURN,0,Money,6,Air,1,Applying,堅実な資産管理を優先すべき時です。,資産が守られる日まで,,65,6,支出を1円単位で管理し、無駄を徹底的に省く
TRANSIT_SUN,NATAL_SATURN,0,Love,6,Air,1,Applying,誠実な対話が揺るぎない絆を作ります。,絆が深まる日まで,,70,7,相手に対して誠実な約束をし、それを必ず守る
TRANSIT_SUN,NATAL_SATURN,0,Health,6,Air,1,Applying,規則正しい生活が健康の鍵です。,身体が整う日まで,,75,9,生活のリズムを一定に保ち、無理のない運動を継続する
TRANSIT_SUN,NATAL_SATURN,0,General,6,Air,1,Separating,仕事の義務や健康管理において、厳格な規律が安定をもたらす時期です。,土台が固まる日まで,,80,8,日常の業務フローを再点検し、無駄のないルーチンを確立する
TRANSIT_SUN,NATAL_SATURN,0,Work,6,Air,1,Separating,責任感ある行動が評価されます。,信頼が高まる日まで,,75,7,担当業務を完璧に仕上げ、報告を怠らない
TRANSIT_SUN,NATAL_SATURN,0,Money,6,Air,1,Separating,堅実な資産管理を優先すべき時です。,資産が守られる日まで,,65,6,支出を1円単位で管理し、無駄を徹底的に省く
TRANSIT_SUN,NATAL_SATURN,0,Love,6,Air,1,Separating,誠実な対話が揺るぎない絆を作ります。,絆が深まる日まで,,70,7,相手に対して誠実な約束をし、それを必ず守る
TRANSIT_SUN,NATAL_SATURN,0,Health,6,Air,1,Separating,規則正しい生活が健康の鍵です。,身体が整う日まで,,75,9,生活のリズムを一定に保ち、無理のない運動を継続する
TRANSIT_SUN,NATAL_SATURN,0,General,6,Water,0,Applying,仕事の義務や健康管理において、厳格な規律が安定をもたらす時期です。,土台が固まる日まで,,80,8,日常の業務フローを再点検し、無駄のないルーチンを確立する
TRANSIT_SUN,NATAL_SATURN,0,Work,6,Water,0,Applying,責任感ある行動が評価されます。,信頼が高まる日まで,,75,7,担当業務を完璧に仕上げ、報告を怠らない
TRANSIT_SUN,NATAL_SATURN,0,Money,6,Water,0,Applying,堅実な資産管理を優先すべき時です。,資産が守られる日まで,,65,6,支出を1円単位で管理し、無駄を徹底的に省く
TRANSIT_SUN,NATAL_SATURN,0,Love,6,Water,0,Applying,誠実な対話が揺るぎない絆を作ります。,絆が深まる日まで,,70,7,相手に対して誠実な約束をし、それを必ず守る
TRANSIT_SUN,NATAL_SATURN,0,Health,6,Water,0,Applying,規則正しい生活が健康の鍵です。,身体が整う日まで,,75,9,生活のリズムを一定に保ち、無理のない運動を継続する
TRANSIT_SUN,NATAL_SATURN,0,General,6,Water,0,Separating,仕事の義務や健康管理において、厳格な規律が安定をもたらす時期です。,土台が固まる日まで,,80,8,日常の業務フローを再点検し、無駄のないルーチンを確立する
TRANSIT_SUN,NATAL_SATURN,0,Work,6,Water,0,Separating,責任感ある行動が評価されます。,信頼が高まる日まで,,75,7,担当業務を完璧に仕上げ、報告を怠らない
TRANSIT_SUN,NATAL_SATURN,0,Money,6,Water,0,Separating,堅実な資産管理を優先すべき時です。,資産が守られる日まで,,65,6,支出を1円単位で管理し、無駄を徹底的に省く
TRANSIT_SUN,NATAL_SATURN,0,Love,6,Water,0,Separating,誠実な対話が揺るぎない絆を作ります。,絆が深まる日まで,,70,7,相手に対して誠実な約束をし、それを必ず守る
TRANSIT_SUN,NATAL_SATURN,0,Health,6,Water,0,Separating,規則正しい生活が健康の鍵です。,身体が整う日まで,,75,9,生活のリズムを一定に保ち、無理のない運動を継続する
TRANSIT_SUN,NATAL_SATURN,0,General,6,Water,1,Applying,仕事の義務や健康管理において、厳格な規律が安定をもたらす時期です。,土台が固まる日まで,,80,8,日常の業務フローを再点検し、無駄のないルーチンを確立する
TRANSIT_SUN,NATAL_SATURN,0,Work,6,Water,1,Applying,責任感ある行動が評価されます。,信頼が高まる日まで,,75,7,担当業務を完璧に仕上げ、報告を怠らない
TRANSIT_SUN,NATAL_SATURN,0,Money,6,Water,1,Applying,堅実な資産管理を優先すべき時です。,資産が守られる日まで,,65,6,支出を1円単位で管理し、無駄を徹底的に省く
TRANSIT_SUN,NATAL_SATURN,0,Love,6,Water,1,Applying,誠実な対話が揺るぎない絆を作ります。,絆が深まる日まで,,70,7,相手に対して誠実な約束をし、それを必ず守る
TRANSIT_SUN,NATAL_SATURN,0,Health,6,Water,1,Applying,規則正しい生活が健康の鍵です。,身体が整う日まで,,75,9,生活のリズムを一定に保ち、無理のない運動を継続する
TRANSIT_SUN,NATAL_SATURN,0,General,6,Water,1,Separating,仕事の義務や健康管理において、厳格な規律が安定をもたらす時期です。,土台が固まる日まで,,80,8,日常の業務フローを再点検し、無駄のないルーチンを確立する
TRANSIT_SUN,NATAL_SATURN,0,Work,6,Water,1,Separating,責任感ある行動が評価されます。,信頼が高まる日まで,,75,7,担当業務を完璧に仕上げ、報告を怠らない
TRANSIT_SUN,NATAL_SATURN,0,Money,6,Water,1,Separating,堅実な資産管理を優先すべき時です。,資産が守られる日まで,,65,6,支出を1円単位で管理し、無駄を徹底的に省く
TRANSIT_SUN,NATAL_SATURN,0,Love,6,Water,1,Separating,誠実な対話が揺るぎない絆を作ります。,絆が深まる日まで,,70,7,相手に対して誠実な約束をし、それを必ず守る
TRANSIT_SUN,NATAL_SATURN,0,Health,6,Water,1,Separating,規則正しい生活が健康の鍵です。,身体が整う日まで,,75,9,生活のリズムを一定に保ち、無理のない運動を継続する
TRANSIT_SUN,NATAL_SATURN,0,General,7,Fire,0,Applying,対人関係において責任ある立場を求められ、信頼を築くべき重要な時です。,土台が固まる日まで,,80,8,パートナーや重要な相手との約束を厳守し、誠実な対応を貫く
TRANSIT_SUN,NATAL_SATURN,0,Work,7,Fire,0,Applying,責任感ある行動が評価されます。,信頼が高まる日まで,,75,7,担当業務を完璧に仕上げ、報告を怠らない
TRANSIT_SUN,NATAL_SATURN,0,Money,7,Fire,0,Applying,堅実な資産管理を優先すべき時です。,資産が守られる日まで,,65,6,支出を1円単位で管理し、無駄を徹底的に省く
TRANSIT_SUN,NATAL_SATURN,0,Love,7,Fire,0,Applying,誠実な対話が揺るぎない絆を作ります。,絆が深まる日まで,,70,7,相手に対して誠実な約束をし、それを必ず守る
TRANSIT_SUN,NATAL_SATURN,0,Health,7,Fire,0,Applying,規則正しい生活が健康の鍵です。,身体が整う日まで,,75,9,生活のリズムを一定に保ち、無理のない運動を継続する
TRANSIT_SUN,NATAL_SATURN,0,General,7,Fire,0,Separating,対人関係において責任ある立場を求められ、信頼を築くべき重要な時です。,土台が固まる日まで,,80,8,パートナーや重要な相手との約束を厳守し、誠実な対応を貫く
TRANSIT_SUN,NATAL_SATURN,0,Work,7,Fire,0,Separating,責任感ある行動が評価されます。,信頼が高まる日まで,,75,7,担当業務を完璧に仕上げ、報告を怠らない
TRANSIT_SUN,NATAL_SATURN,0,Money,7,Fire,0,Separating,堅実な資産管理を優先すべき時です。,資産が守られる日まで,,65,6,支出を1円単位で管理し、無駄を徹底的に省く
TRANSIT_SUN,NATAL_SATURN,0,Love,7,Fire,0,Separating,誠実な対話が揺るぎない絆を作ります。,絆が深まる日まで,,70,7,相手に対して誠実な約束をし、それを必ず守る
TRANSIT_SUN,NATAL_SATURN,0,Health,7,Fire,0,Separating,規則正しい生活が健康の鍵です。,身体が整う日まで,,75,9,生活のリズムを一定に保ち、無理のない運動を継続する
TRANSIT_SUN,NATAL_SATURN,0,General,7,Fire,1,Applying,対人関係において責任ある立場を求められ、信頼を築くべき重要な時です。,土台が固まる日まで,,80,8,パートナーや重要な相手との約束を厳守し、誠実な対応を貫く
TRANSIT_SUN,NATAL_SATURN,0,Work,7,Fire,1,Applying,責任感ある行動が評価されます。,信頼が高まる日まで,,75,7,担当業務を完璧に仕上げ、報告を怠らない
TRANSIT_SUN,NATAL_SATURN,0,Money,7,Fire,1,Applying,堅実な資産管理を優先すべき時です。,資産が守られる日まで,,65,6,支出を1円単位で管理し、無駄を徹底的に省く
TRANSIT_SUN,NATAL_SATURN,0,Love,7,Fire,1,Applying,誠実な対話が揺るぎない絆を作ります。,絆が深まる日まで,,70,7,相手に対して誠実な約束をし、それを必ず守る
TRANSIT_SUN,NATAL_SATURN,0,Health,7,Fire,1,Applying,規則正しい生活が健康の鍵です。,身体が整う日まで,,75,9,生活のリズムを一定に保ち、無理のない運動を継続する
TRANSIT_SUN,NATAL_SATURN,0,General,7,Fire,1,Separating,対人関係において責任ある立場を求められ、信頼を築くべき重要な時です。,土台が固まる日まで,,80,8,パートナーや重要な相手との約束を厳守し、誠実な対応を貫く
TRANSIT_SUN,NATAL_SATURN,0,Work,7,Fire,1,Separating,責任感ある行動が評価されます。,信頼が高まる日まで,,75,7,担当業務を完璧に仕上げ、報告を怠らない
TRANSIT_SUN,NATAL_SATURN,0,Money,7,Fire,1,Separating,堅実な資産管理を優先すべき時です。,資産が守られる日まで,,65,6,支出を1円単位で管理し、無駄を徹底的に省く
TRANSIT_SUN,NATAL_SATURN,0,Love,7,Fire,1,Separating,誠実な対話が揺るぎない絆を作ります。,絆が深まる日まで,,70,7,相手に対して誠実な約束をし、それを必ず守る
TRANSIT_SUN,NATAL_SATURN,0,Health,7,Fire,1,Separating,規則正しい生活が健康の鍵です。,身体が整う日まで,,75,9,生活のリズムを一定に保ち、無理のない運動を継続する
TRANSIT_SUN,NATAL_SATURN,0,General,7,Earth,0,Applying,対人関係において責任ある立場を求められ、信頼を築くべき重要な時です。,土台が固まる日まで,,80,8,パートナーや重要な相手との約束を厳守し、誠実な対応を貫く
TRANSIT_SUN,NATAL_SATURN,0,Work,7,Earth,0,Applying,責任感ある行動が評価されます。,信頼が高まる日まで,,75,7,担当業務を完璧に仕上げ、報告を怠らない
TRANSIT_SUN,NATAL_SATURN,0,Money,7,Earth,0,Applying,堅実な資産管理を優先すべき時です。,資産が守られる日まで,,65,6,支出を1円単位で管理し、無駄を徹底的に省く
TRANSIT_SUN,NATAL_SATURN,0,Love,7,Earth,0,Applying,誠実な対話が揺るぎない絆を作ります。,絆が深まる日まで,,70,7,相手に対して誠実な約束をし、それを必ず守る
TRANSIT_SUN,NATAL_SATURN,0,Health,7,Earth,0,Applying,規則正しい生活が健康の鍵です。,身体が整う日まで,,75,9,生活のリズムを一定に保ち、無理のない運動を継続する
TRANSIT_SUN,NATAL_SATURN,0,General,7,Earth,0,Separating,対人関係において責任ある立場を求められ、信頼を築くべき重要な時です。,土台が固まる日まで,,80,8,パートナーや重要な相手との約束を厳守し、誠実な対応を貫く
TRANSIT_SUN,NATAL_SATURN,0,Work,7,Earth,0,Separating,責任感ある行動が評価されます。,信頼が高まる日まで,,75,7,担当業務を完璧に仕上げ、報告を怠らない
TRANSIT_SUN,NATAL_SATURN,0,Money,7,Earth,0,Separating,堅実な資産管理を優先すべき時です。,資産が守られる日まで,,65,6,支出を1円単位で管理し、無駄を徹底的に省く
TRANSIT_SUN,NATAL_SATURN,0,Love,7,Earth,0,Separating,誠実な対話が揺るぎない絆を作ります。,絆が深まる日まで,,70,7,相手に対して誠実な約束をし、それを必ず守る
TRANSIT_SUN,NATAL_SATURN,0,Health,7,Earth,0,Separating,規則正しい生活が健康の鍵です。,身体が整う日まで,,75,9,生活のリズムを一定に保ち、無理のない運動を継続する
TRANSIT_SUN,NATAL_SATURN,0,General,7,Earth,1,Applying,対人関係において責任ある立場を求められ、信頼を築くべき重要な時です。,土台が固まる日まで,,80,8,パートナーや重要な相手との約束を厳守し、誠実な対応を貫く
TRANSIT_SUN,NATAL_SATURN,0,Work,7,Earth,1,Applying,責任感ある行動が評価されます。,信頼が高まる日まで,,75,7,担当業務を完璧に仕上げ、報告を怠らない
TRANSIT_SUN,NATAL_SATURN,0,Money,7,Earth,1,Applying,堅実な資産管理を優先すべき時です。,資産が守られる日まで,,65,6,支出を1円単位で管理し、無駄を徹底的に省く
TRANSIT_SUN,NATAL_SATURN,0,Love,7,Earth,1,Applying,誠実な対話が揺るぎない絆を作ります。,絆が深まる日まで,,70,7,相手に対して誠実な約束をし、それを必ず守る
TRANSIT_SUN,NATAL_SATURN,0,Health,7,Earth,1,Applying,規則正しい生活が健康の鍵です。,身体が整う日まで,,75,9,生活のリズムを一定に保ち、無理のない運動を継続する
TRANSIT_SUN,NATAL_SATURN,0,General,7,Earth,1,Separating,対人関係において責任ある立場を求められ、信頼を築くべき重要な時です。,土台が固まる日まで,,80,8,パートナーや重要な相手との約束を厳守し、誠実な対応を貫く
TRANSIT_SUN,NATAL_SATURN,0,Work,7,Earth,1,Separating,責任感ある行動が評価されます。,信頼が高まる日まで,,75,7,担当業務を完璧に仕上げ、報告を怠らない
TRANSIT_SUN,NATAL_SATURN,0,Money,7,Earth,1,Separating,堅実な資産管理を優先すべき時です。,資産が守られる日まで,,65,6,支出を1円単位で管理し、無駄を徹底的に省く
TRANSIT_SUN,NATAL_SATURN,0,Love,7,Earth,1,Separating,誠実な対話が揺るぎない絆を作ります。,絆が深まる日まで,,70,7,相手に対して誠実な約束をし、それを必ず守る
TRANSIT_SUN,NATAL_SATURN,0,Health,7,Earth,1,Separating,規則正しい生活が健康の鍵です。,身体が整う日まで,,75,9,生活のリズムを一定に保ち、無理のない運動を継続する
TRANSIT_SUN,NATAL_SATURN,0,General,7,Air,0,Applying,対人関係において責任ある立場を求められ、信頼を築くべき重要な時です。,土台が固まる日まで,,80,8,パートナーや重要な相手との約束を厳守し、誠実な対応を貫く
TRANSIT_SUN,NATAL_SATURN,0,Work,7,Air,0,Applying,責任感ある行動が評価されます。,信頼が高まる日まで,,75,7,担当業務を完璧に仕上げ、報告を怠らない
TRANSIT_SUN,NATAL_SATURN,0,Money,7,Air,0,Applying,堅実な資産管理を優先すべき時です。,資産が守られる日まで,,65,6,支出を1円単位で管理し、無駄を徹底的に省く
TRANSIT_SUN,NATAL_SATURN,0,Love,7,Air,0,Applying,誠実な対話が揺るぎない絆を作ります。,絆が深まる日まで,,70,7,相手に対して誠実な約束をし、それを必ず守る
TRANSIT_SUN,NATAL_SATURN,0,Health,7,Air,0,Applying,規則正しい生活が健康の鍵です。,身体が整う日まで,,75,9,生活のリズムを一定に保ち、無理のない運動を継続する
TRANSIT_SUN,NATAL_SATURN,0,General,7,Air,0,Separating,対人関係において責任ある立場を求められ、信頼を築くべき重要な時です。,土台が固まる日まで,,80,8,パートナーや重要な相手との約束を厳守し、誠実な対応を貫く
TRANSIT_SUN,NATAL_SATURN,0,Work,7,Air,0,Separating,責任感ある行動が評価されます。,信頼が高まる日まで,,75,7,担当業務を完璧に仕上げ、報告を怠らない
TRANSIT_SUN,NATAL_SATURN,0,Money,7,Air,0,Separating,堅実な資産管理を優先すべき時です。,資産が守られる日まで,,65,6,支出を1円単位で管理し、無駄を徹底的に省く
TRANSIT_SUN,NATAL_SATURN,0,Love,7,Air,0,Separating,誠実な対話が揺るぎない絆を作ります。,絆が深まる日まで,,70,7,相手に対して誠実な約束をし、それを必ず守る
TRANSIT_SUN,NATAL_SATURN,0,Health,7,Air,0,Separating,規則正しい生活が健康の鍵です。,身体が整う日まで,,75,9,生活のリズムを一定に保ち、無理のない運動を継続する
TRANSIT_SUN,NATAL_SATURN,0,General,7,Air,1,Applying,対人関係において責任ある立場を求められ、信頼を築くべき重要な時です。,土台が固まる日まで,,80,8,パートナーや重要な相手との約束を厳守し、誠実な対応を貫く
TRANSIT_SUN,NATAL_SATURN,0,Work,7,Air,1,Applying,責任感ある行動が評価されます。,信頼が高まる日まで,,75,7,担当業務を完璧に仕上げ、報告を怠らない
TRANSIT_SUN,NATAL_SATURN,0,Money,7,Air,1,Applying,堅実な資産管理を優先すべき時です。,資産が守られる日まで,,65,6,支出を1円単位で管理し、無駄を徹底的に省く
TRANSIT_SUN,NATAL_SATURN,0,Love,7,Air,1,Applying,誠実な対話が揺るぎない絆を作ります。,絆が深まる日まで,,70,7,相手に対して誠実な約束をし、それを必ず守る
TRANSIT_SUN,NATAL_SATURN,0,Health,7,Air,1,Applying,規則正しい生活が健康の鍵です。,身体が整う日まで,,75,9,生活のリズムを一定に保ち、無理のない運動を継続する
TRANSIT_SUN,NATAL_SATURN,0,General,7,Air,1,Separating,対人関係において責任ある立場を求められ、信頼を築くべき重要な時です。,土台が固まる日まで,,80,8,パートナーや重要な相手との約束を厳守し、誠実な対応を貫く
TRANSIT_SUN,NATAL_SATURN,0,Work,7,Air,1,Separating,責任感ある行動が評価されます。,信頼が高まる日まで,,75,7,担当業務を完璧に仕上げ、報告を怠らない
TRANSIT_SUN,NATAL_SATURN,0,Money,7,Air,1,Separating,堅実な資産管理を優先すべき時です。,資産が守られる日まで,,65,6,支出を1円単位で管理し、無駄を徹底的に省く
TRANSIT_SUN,NATAL_SATURN,0,Love,7,Air,1,Separating,誠実な対話が揺るぎない絆を作ります。,絆が深まる日まで,,70,7,相手に対して誠実な約束をし、それを必ず守る
TRANSIT_SUN,NATAL_SATURN,0,Health,7,Air,1,Separating,規則正しい生活が健康の鍵です。,身体が整う日まで,,75,9,生活のリズムを一定に保ち、無理のない運動を継続する
TRANSIT_SUN,NATAL_SATURN,0,General,7,Water,0,Applying,対人関係において責任ある立場を求められ、信頼を築くべき重要な時です。,土台が固まる日まで,,80,8,パートナーや重要な相手との約束を厳守し、誠実な対応を貫く
TRANSIT_SUN,NATAL_SATURN,0,Work,7,Water,0,Applying,責任感ある行動が評価されます。,信頼が高まる日まで,,75,7,担当業務を完璧に仕上げ、報告を怠らない
TRANSIT_SUN,NATAL_SATURN,0,Money,7,Water,0,Applying,堅実な資産管理を優先すべき時です。,資産が守られる日まで,,65,6,支出を1円単位で管理し、無駄を徹底的に省く
TRANSIT_SUN,NATAL_SATURN,0,Love,7,Water,0,Applying,誠実な対話が揺るぎない絆を作ります。,絆が深まる日まで,,70,7,相手に対して誠実な約束をし、それを必ず守る
TRANSIT_SUN,NATAL_SATURN,0,Health,7,Water,0,Applying,規則正しい生活が健康の鍵です。,身体が整う日まで,,75,9,生活のリズムを一定に保ち、無理のない運動を継続する
TRANSIT_SUN,NATAL_SATURN,0,General,7,Water,0,Separating,対人関係において責任ある立場を求められ、信頼を築くべき重要な時です。,土台が固まる日まで,,80,8,パートナーや重要な相手との約束を厳守し、誠実な対応を貫く
TRANSIT_SUN,NATAL_SATURN,0,Work,7,Water,0,Separating,責任感ある行動が評価されます。,信頼が高まる日まで,,75,7,担当業務を完璧に仕上げ、報告を怠らない
TRANSIT_SUN,NATAL_SATURN,0,Money,7,Water,0,Separating,堅実な資産管理を優先すべき時です。,資産が守られる日まで,,65,6,支出を1円単位で管理し、無駄を徹底的に省く
TRANSIT_SUN,NATAL_SATURN,0,Love,7,Water,0,Separating,誠実な対話が揺るぎない絆を作ります。,絆が深まる日まで,,70,7,相手に対して誠実な約束をし、それを必ず守る
TRANSIT_SUN,NATAL_SATURN,0,Health,7,Water,0,Separating,規則正しい生活が健康の鍵です。,身体が整う日まで,,75,9,生活のリズムを一定に保ち、無理のない運動を継続する
TRANSIT_SUN,NATAL_SATURN,0,General,7,Water,1,Applying,対人関係において責任ある立場を求められ、信頼を築くべき重要な時です。,土台が固まる日まで,,80,8,パートナーや重要な相手との約束を厳守し、誠実な対応を貫く
TRANSIT_SUN,NATAL_SATURN,0,Work,7,Water,1,Applying,責任感ある行動が評価されます。,信頼が高まる日まで,,75,7,担当業務を完璧に仕上げ、報告を怠らない
TRANSIT_SUN,NATAL_SATURN,0,Money,7,Water,1,Applying,堅実な資産管理を優先すべき時です。,資産が守られる日まで,,65,6,支出を1円単位で管理し、無駄を徹底的に省く
TRANSIT_SUN,NATAL_SATURN,0,Love,7,Water,1,Applying,誠実な対話が揺るぎない絆を作ります。,絆が深まる日まで,,70,7,相手に対して誠実な約束をし、それを必ず守る
TRANSIT_SUN,NATAL_SATURN,0,Health,7,Water,1,Applying,規則正しい生活が健康の鍵です。,身体が整う日まで,,75,9,生活のリズムを一定に保ち、無理のない運動を継続する
TRANSIT_SUN,NATAL_SATURN,0,General,7,Water,1,Separating,対人関係において責任ある立場を求められ、信頼を築くべき重要な時です。,土台が固まる日まで,,80,8,パートナーや重要な相手との約束を厳守し、誠実な対応を貫く
TRANSIT_SUN,NATAL_SATURN,0,Work,7,Water,1,Separating,責任感ある行動が評価されます。,信頼が高まる日まで,,75,7,担当業務を完璧に仕上げ、報告を怠らない
TRANSIT_SUN,NATAL_SATURN,0,Money,7,Water,1,Separating,堅実な資産管理を優先すべき時です。,資産が守られる日まで,,65,6,支出を1円単位で管理し、無駄を徹底的に省く
TRANSIT_SUN,NATAL_SATURN,0,Love,7,Water,1,Separating,誠実な対話が揺るぎない絆を作ります。,絆が深まる日まで,,70,7,相手に対して誠実な約束をし、それを必ず守る
TRANSIT_SUN,NATAL_SATURN,0,Health,7,Water,1,Separating,規則正しい生活が健康の鍵です。,身体が整う日まで,,75,9,生活のリズムを一定に保ち、無理のない運動を継続する
TRANSIT_SUN,NATAL_SATURN,0,General,8,Fire,0,Applying,共有資産や深い絆の管理において、慎重さと責任が求められる時期です。,土台が固まる日まで,,80,8,保険や税金、負債の状況を詳細に確認し、将来に備えた整理を行う
TRANSIT_SUN,NATAL_SATURN,0,Work,8,Fire,0,Applying,責任感ある行動が評価されます。,信頼が高まる日まで,,75,7,担当業務を完璧に仕上げ、報告を怠らない
TRANSIT_SUN,NATAL_SATURN,0,Money,8,Fire,0,Applying,堅実な資産管理を優先すべき時です。,資産が守られる日まで,,65,6,支出を1円単位で管理し、無駄を徹底的に省く
TRANSIT_SUN,NATAL_SATURN,0,Love,8,Fire,0,Applying,誠実な対話が揺るぎない絆を作ります。,絆が深まる日まで,,70,7,相手に対して誠実な約束をし、それを必ず守る
TRANSIT_SUN,NATAL_SATURN,0,Health,8,Fire,0,Applying,規則正しい生活が健康の鍵です。,身体が整う日まで,,75,9,生活のリズムを一定に保ち、無理のない運動を継続する
TRANSIT_SUN,NATAL_SATURN,0,General,8,Fire,0,Separating,共有資産や深い絆の管理において、慎重さと責任が求められる時期です。,土台が固まる日まで,,80,8,保険や税金、負債の状況を詳細に確認し、将来に備えた整理を行う
TRANSIT_SUN,NATAL_SATURN,0,Work,8,Fire,0,Separating,責任感ある行動が評価されます。,信頼が高まる日まで,,75,7,担当業務を完璧に仕上げ、報告を怠らない
TRANSIT_SUN,NATAL_SATURN,0,Money,8,Fire,0,Separating,堅実な資産管理を優先すべき時です。,資産が守られる日まで,,65,6,支出を1円単位で管理し、無駄を徹底的に省く
TRANSIT_SUN,NATAL_SATURN,0,Love,8,Fire,0,Separating,誠実な対話が揺るぎない絆を作ります。,絆が深まる日まで,,70,7,相手に対して誠実な約束をし、それを必ず守る
TRANSIT_SUN,NATAL_SATURN,0,Health,8,Fire,0,Separating,規則正しい生活が健康の鍵です。,身体が整う日まで,,75,9,生活のリズムを一定に保ち、無理のない運動を継続する
TRANSIT_SUN,NATAL_SATURN,0,General,8,Fire,1,Applying,共有資産や深い絆の管理において、慎重さと責任が求められる時期です。,土台が固まる日まで,,80,8,保険や税金、負債の状況を詳細に確認し、将来に備えた整理を行う
TRANSIT_SUN,NATAL_SATURN,0,Work,8,Fire,1,Applying,責任感ある行動が評価されます。,信頼が高まる日まで,,75,7,担当業務を完璧に仕上げ、報告を怠らない
TRANSIT_SUN,NATAL_SATURN,0,Money,8,Fire,1,Applying,堅実な資産管理を優先すべき時です。,資産が守られる日まで,,65,6,支出を1円単位で管理し、無駄を徹底的に省く
TRANSIT_SUN,NATAL_SATURN,0,Love,8,Fire,1,Applying,誠実な対話が揺るぎない絆を作ります。,絆が深まる日まで,,70,7,相手に対して誠実な約束をし、それを必ず守る
TRANSIT_SUN,NATAL_SATURN,0,Health,8,Fire,1,Applying,規則正しい生活が健康の鍵です。,身体が整う日まで,,75,9,生活のリズムを一定に保ち、無理のない運動を継続する
TRANSIT_SUN,NATAL_SATURN,0,General,8,Fire,1,Separating,共有資産や深い絆の管理において、慎重さと責任が求められる時期です。,土台が固まる日まで,,80,8,保険や税金、負債の状況を詳細に確認し、将来に備えた整理を行う
TRANSIT_SUN,NATAL_SATURN,0,Work,8,Fire,1,Separating,責任感ある行動が評価されます。,信頼が高まる日まで,,75,7,担当業務を完璧に仕上げ、報告を怠らない
TRANSIT_SUN,NATAL_SATURN,0,Money,8,Fire,1,Separating,堅実な資産管理を優先すべき時です。,資産が守られる日まで,,65,6,支出を1円単位で管理し、無駄を徹底的に省く
TRANSIT_SUN,NATAL_SATURN,0,Love,8,Fire,1,Separating,誠実な対話が揺るぎない絆を作ります。,絆が深まる日まで,,70,7,相手に対して誠実な約束をし、それを必ず守る
TRANSIT_SUN,NATAL_SATURN,0,Health,8,Fire,1,Separating,規則正しい生活が健康の鍵です。,身体が整う日まで,,75,9,生活のリズムを一定に保ち、無理のない運動を継続する
TRANSIT_SUN,NATAL_SATURN,0,General,8,Earth,0,Applying,共有資産や深い絆の管理において、慎重さと責任が求められる時期です。,土台が固まる日まで,,80,8,保険や税金、負債の状況を詳細に確認し、将来に備えた整理を行う
TRANSIT_SUN,NATAL_SATURN,0,Work,8,Earth,0,Applying,責任感ある行動が評価されます。,信頼が高まる日まで,,75,7,担当業務を完璧に仕上げ、報告を怠らない
TRANSIT_SUN,NATAL_SATURN,0,Money,8,Earth,0,Applying,堅実な資産管理を優先すべき時です。,資産が守られる日まで,,65,6,支出を1円単位で管理し、無駄を徹底的に省く
TRANSIT_SUN,NATAL_SATURN,0,Love,8,Earth,0,Applying,誠実な対話が揺るぎない絆を作ります。,絆が深まる日まで,,70,7,相手に対して誠実な約束をし、それを必ず守る
TRANSIT_SUN,NATAL_SATURN,0,Health,8,Earth,0,Applying,規則正しい生活が健康の鍵です。,身体が整う日まで,,75,9,生活のリズムを一定に保ち、無理のない運動を継続する
TRANSIT_SUN,NATAL_SATURN,0,General,8,Earth,0,Separating,共有資産や深い絆の管理において、慎重さと責任が求められる時期です。,土台が固まる日まで,,80,8,保険や税金、負債の状況を詳細に確認し、将来に備えた整理を行う
TRANSIT_SUN,NATAL_SATURN,0,Work,8,Earth,0,Separating,責任感ある行動が評価されます。,信頼が高まる日まで,,75,7,担当業務を完璧に仕上げ、報告を怠らない
TRANSIT_SUN,NATAL_SATURN,0,Money,8,Earth,0,Separating,堅実な資産管理を優先すべき時です。,資産が守られる日まで,,65,6,支出を1円単位で管理し、無駄を徹底的に省く
TRANSIT_SUN,NATAL_SATURN,0,Love,8,Earth,0,Separating,誠実な対話が揺るぎない絆を作ります。,絆が深まる日まで,,70,7,相手に対して誠実な約束をし、それを必ず守る
TRANSIT_SUN,NATAL_SATURN,0,Health,8,Earth,0,Separating,規則正しい生活が健康の鍵です。,身体が整う日まで,,75,9,生活のリズムを一定に保ち、無理のない運動を継続する
TRANSIT_SUN,NATAL_SATURN,0,General,8,Earth,1,Applying,共有資産や深い絆の管理において、慎重さと責任が求められる時期です。,土台が固まる日まで,,80,8,保険や税金、負債の状況を詳細に確認し、将来に備えた整理を行う
TRANSIT_SUN,NATAL_SATURN,0,Work,8,Earth,1,Applying,責任感ある行動が評価されます。,信頼が高まる日まで,,75,7,担当業務を完璧に仕上げ、報告を怠らない
TRANSIT_SUN,NATAL_SATURN,0,Money,8,Earth,1,Applying,堅実な資産管理を優先すべき時です。,資産が守られる日まで,,65,6,支出を1円単位で管理し、無駄を徹底的に省く
TRANSIT_SUN,NATAL_SATURN,0,Love,8,Earth,1,Applying,誠実な対話が揺るぎない絆を作ります。,絆が深まる日まで,,70,7,相手に対して誠実な約束をし、それを必ず守る
TRANSIT_SUN,NATAL_SATURN,0,Health,8,Earth,1,Applying,規則正しい生活が健康の鍵です。,身体が整う日まで,,75,9,生活のリズムを一定に保ち、無理のない運動を継続する
TRANSIT_SUN,NATAL_SATURN,0,General,8,Earth,1,Separating,共有資産や深い絆の管理において、慎重さと責任が求められる時期です。,土台が固まる日まで,,80,8,保険や税金、負債の状況を詳細に確認し、将来に備えた整理を行う
TRANSIT_SUN,NATAL_SATURN,0,Work,8,Earth,1,Separating,責任感ある行動が評価されます。,信頼が高まる日まで,,75,7,担当業務を完璧に仕上げ、報告を怠らない
TRANSIT_SUN,NATAL_SATURN,0,Money,8,Earth,1,Separating,堅実な資産管理を優先すべき時です。,資産が守られる日まで,,65,6,支出を1円単位で管理し、無駄を徹底的に省く
TRANSIT_SUN,NATAL_SATURN,0,Love,8,Earth,1,Separating,誠実な対話が揺るぎない絆を作ります。,絆が深まる日まで,,70,7,相手に対して誠実な約束をし、それを必ず守る
TRANSIT_SUN,NATAL_SATURN,0,Health,8,Earth,1,Separating,規則正しい生活が健康の鍵です。,身体が整う日まで,,75,9,生活のリズムを一定に保ち、無理のない運動を継続する
TRANSIT_SUN,NATAL_SATURN,0,General,8,Air,0,Applying,共有資産や深い絆の管理において、慎重さと責任が求められる時期です。,土台が固まる日まで,,80,8,保険や税金、負債の状況を詳細に確認し、将来に備えた整理を行う
TRANSIT_SUN,NATAL_SATURN,0,Work,8,Air,0,Applying,責任感ある行動が評価されます。,信頼が高まる日まで,,75,7,担当業務を完璧に仕上げ、報告を怠らない
TRANSIT_SUN,NATAL_SATURN,0,Money,8,Air,0,Applying,堅実な資産管理を優先すべき時です。,資産が守られる日まで,,65,6,支出を1円単位で管理し、無駄を徹底的に省く
TRANSIT_SUN,NATAL_SATURN,0,Love,8,Air,0,Applying,誠実な対話が揺るぎない絆を作ります。,絆が深まる日まで,,70,7,相手に対して誠実な約束をし、それを必ず守る
TRANSIT_SUN,NATAL_SATURN,0,Health,8,Air,0,Applying,規則正しい生活が健康の鍵です。,身体が整う日まで,,75,9,生活のリズムを一定に保ち、無理のない運動を継続する
TRANSIT_SUN,NATAL_SATURN,0,General,8,Air,0,Separating,共有資産や深い絆の管理において、慎重さと責任が求められる時期です。,土台が固まる日まで,,80,8,保険や税金、負債の状況を詳細に確認し、将来に備えた整理を行う
TRANSIT_SUN,NATAL_SATURN,0,Work,8,Air,0,Separating,責任感ある行動が評価されます。,信頼が高まる日まで,,75,7,担当業務を完璧に仕上げ、報告を怠らない
TRANSIT_SUN,NATAL_SATURN,0,Money,8,Air,0,Separating,堅実な資産管理を優先すべき時です。,資産が守られる日まで,,65,6,支出を1円単位で管理し、無駄を徹底的に省く
TRANSIT_SUN,NATAL_SATURN,0,Love,8,Air,0,Separating,誠実な対話が揺るぎない絆を作ります。,絆が深まる日まで,,70,7,相手に対して誠実な約束をし、それを必ず守る
TRANSIT_SUN,NATAL_SATURN,0,Health,8,Air,0,Separating,規則正しい生活が健康の鍵です。,身体が整う日まで,,75,9,生活のリズムを一定に保ち、無理のない運動を継続する
TRANSIT_SUN,NATAL_SATURN,0,General,8,Air,1,Applying,共有資産や深い絆の管理において、慎重さと責任が求められる時期です。,土台が固まる日まで,,80,8,保険や税金、負債の状況を詳細に確認し、将来に備えた整理を行う
TRANSIT_SUN,NATAL_SATURN,0,Work,8,Air,1,Applying,責任感ある行動が評価されます。,信頼が高まる日まで,,75,7,担当業務を完璧に仕上げ、報告を怠らない
TRANSIT_SUN,NATAL_SATURN,0,Money,8,Air,1,Applying,堅実な資産管理を優先すべき時です。,資産が守られる日まで,,65,6,支出を1円単位で管理し、無駄を徹底的に省く
TRANSIT_SUN,NATAL_SATURN,0,Love,8,Air,1,Applying,誠実な対話が揺るぎない絆を作ります。,絆が深まる日まで,,70,7,相手に対して誠実な約束をし、それを必ず守る
TRANSIT_SUN,NATAL_SATURN,0,Health,8,Air,1,Applying,規則正しい生活が健康の鍵です。,身体が整う日まで,,75,9,生活のリズムを一定に保ち、無理のない運動を継続する
TRANSIT_SUN,NATAL_SATURN,0,General,8,Air,1,Separating,共有資産や深い絆の管理において、慎重さと責任が求められる時期です。,土台が固まる日まで,,80,8,保険や税金、負債の状況を詳細に確認し、将来に備えた整理を行う
TRANSIT_SUN,NATAL_SATURN,0,Work,8,Air,1,Separating,責任感ある行動が評価されます。,信頼が高まる日まで,,75,7,担当業務を完璧に仕上げ、報告を怠らない
TRANSIT_SUN,NATAL_SATURN,0,Money,8,Air,1,Separating,堅実な資産管理を優先すべき時です。,資産が守られる日まで,,65,6,支出を1円単位で管理し、無駄を徹底的に省く
TRANSIT_SUN,NATAL_SATURN,0,Love,8,Air,1,Separating,誠実な対話が揺るぎない絆を作ります。,絆が深まる日まで,,70,7,相手に対して誠実な約束をし、それを必ず守る
TRANSIT_SUN,NATAL_SATURN,0,Health,8,Air,1,Separating,規則正しい生活が健康の鍵です。,身体が整う日まで,,75,9,生活のリズムを一定に保ち、無理のない運動を継続する
TRANSIT_SUN,NATAL_SATURN,0,General,8,Water,0,Applying,共有資産や深い絆の管理において、慎重さと責任が求められる時期です。,土台が固まる日まで,,80,8,保険や税金、負債の状況を詳細に確認し、将来に備えた整理を行う
TRANSIT_SUN,NATAL_SATURN,0,Work,8,Water,0,Applying,責任感ある行動が評価されます。,信頼が高まる日まで,,75,7,担当業務を完璧に仕上げ、報告を怠らない
TRANSIT_SUN,NATAL_SATURN,0,Money,8,Water,0,Applying,堅実な資産管理を優先すべき時です。,資産が守られる日まで,,65,6,支出を1円単位で管理し、無駄を徹底的に省く
TRANSIT_SUN,NATAL_SATURN,0,Love,8,Water,0,Applying,誠実な対話が揺るぎない絆を作ります。,絆が深まる日まで,,70,7,相手に対して誠実な約束をし、それを必ず守る
TRANSIT_SUN,NATAL_SATURN,0,Health,8,Water,0,Applying,規則正しい生活が健康の鍵です。,身体が整う日まで,,75,9,生活のリズムを一定に保ち、無理のない運動を継続する
TRANSIT_SUN,NATAL_SATURN,0,General,8,Water,0,Separating,共有資産や深い絆の管理において、慎重さと責任が求められる時期です。,土台が固まる日まで,,80,8,保険や税金、負債の状況を詳細に確認し、将来に備えた整理を行う
TRANSIT_SUN,NATAL_SATURN,0,Work,8,Water,0,Separating,責任感ある行動が評価されます。,信頼が高まる日まで,,75,7,担当業務を完璧に仕上げ、報告を怠らない
TRANSIT_SUN,NATAL_SATURN,0,Money,8,Water,0,Separating,堅実な資産管理を優先すべき時です。,資産が守られる日まで,,65,6,支出を1円単位で管理し、無駄を徹底的に省く
TRANSIT_SUN,NATAL_SATURN,0,Love,8,Water,0,Separating,誠実な対話が揺るぎない絆を作ります。,絆が深まる日まで,,70,7,相手に対して誠実な約束をし、それを必ず守る
TRANSIT_SUN,NATAL_SATURN,0,Health,8,Water,0,Separating,規則正しい生活が健康の鍵です。,身体が整う日まで,,75,9,生活のリズムを一定に保ち、無理のない運動を継続する
TRANSIT_SUN,NATAL_SATURN,0,General,8,Water,1,Applying,共有資産や深い絆の管理において、慎重さと責任が求められる時期です。,土台が固まる日まで,,80,8,保険や税金、負債の状況を詳細に確認し、将来に備えた整理を行う
TRANSIT_SUN,NATAL_SATURN,0,Work,8,Water,1,Applying,責任感ある行動が評価されます。,信頼が高まる日まで,,75,7,担当業務を完璧に仕上げ、報告を怠らない
TRANSIT_SUN,NATAL_SATURN,0,Money,8,Water,1,Applying,堅実な資産管理を優先すべき時です。,資産が守られる日まで,,65,6,支出を1円単位で管理し、無駄を徹底的に省く
TRANSIT_SUN,NATAL_SATURN,0,Love,8,Water,1,Applying,誠実な対話が揺るぎない絆を作ります。,絆が深まる日まで,,70,7,相手に対して誠実な約束をし、それを必ず守る
TRANSIT_SUN,NATAL_SATURN,0,Health,8,Water,1,Applying,規則正しい生活が健康の鍵です。,身体が整う日まで,,75,9,生活のリズムを一定に保ち、無理のない運動を継続する
TRANSIT_SUN,NATAL_SATURN,0,General,8,Water,1,Separating,共有資産や深い絆の管理において、慎重さと責任が求められる時期です。,土台が固まる日まで,,80,8,保険や税金、負債の状況を詳細に確認し、将来に備えた整理を行う
TRANSIT_SUN,NATAL_SATURN,0,Work,8,Water,1,Separating,責任感ある行動が評価されます。,信頼が高まる日まで,,75,7,担当業務を完璧に仕上げ、報告を怠らない
TRANSIT_SUN,NATAL_SATURN,0,Money,8,Water,1,Separating,堅実な資産管理を優先すべき時です。,資産が守られる日まで,,65,6,支出を1円単位で管理し、無駄を徹底的に省く
TRANSIT_SUN,NATAL_SATURN,0,Love,8,Water,1,Separating,誠実な対話が揺るぎない絆を作ります。,絆が深まる日まで,,70,7,相手に対して誠実な約束をし、それを必ず守る
TRANSIT_SUN,NATAL_SATURN,0,Health,8,Water,1,Separating,規則正しい生活が健康の鍵です。,身体が整う日まで,,75,9,生活のリズムを一定に保ち、無理のない運動を継続する
TRANSIT_SUN,NATAL_SATURN,0,General,9,Fire,0,Applying,専門的な学問や信念の探求において、長期的な努力が実を結ぶ時期です。,土台が固まる日まで,,80,8,高い目標を掲げた学習計画を立て、一歩ずつ着実に進める
TRANSIT_SUN,NATAL_SATURN,0,Work,9,Fire,0,Applying,責任感ある行動が評価されます。,信頼が高まる日まで,,75,7,担当業務を完璧に仕上げ、報告を怠らない
TRANSIT_SUN,NATAL_SATURN,0,Money,9,Fire,0,Applying,堅実な資産管理を優先すべき時です。,資産が守られる日まで,,65,6,支出を1円単位で管理し、無駄を徹底的に省く
TRANSIT_SUN,NATAL_SATURN,0,Love,9,Fire,0,Applying,誠実な対話が揺るぎない絆を作ります。,絆が深まる日まで,,70,7,相手に対して誠実な約束をし、それを必ず守る
TRANSIT_SUN,NATAL_SATURN,0,Health,9,Fire,0,Applying,規則正しい生活が健康の鍵です。,身体が整う日まで,,75,9,生活のリズムを一定に保ち、無理のない運動を継続する
TRANSIT_SUN,NATAL_SATURN,0,General,9,Fire,0,Separating,専門的な学問や信念の探求において、長期的な努力が実を結ぶ時期です。,土台が固まる日まで,,80,8,高い目標を掲げた学習計画を立て、一歩ずつ着実に進める
TRANSIT_SUN,NATAL_SATURN,0,Work,9,Fire,0,Separating,責任感ある行動が評価されます。,信頼が高まる日まで,,75,7,担当業務を完璧に仕上げ、報告を怠らない
TRANSIT_SUN,NATAL_SATURN,0,Money,9,Fire,0,Separating,堅実な資産管理を優先すべき時です。,資産が守られる日まで,,65,6,支出を1円単位で管理し、無駄を徹底的に省く
TRANSIT_SUN,NATAL_SATURN,0,Love,9,Fire,0,Separating,誠実な対話が揺るぎない絆を作ります。,絆が深まる日まで,,70,7,相手に対して誠実な約束をし、それを必ず守る
TRANSIT_SUN,NATAL_SATURN,0,Health,9,Fire,0,Separating,規則正しい生活が健康の鍵です。,身体が整う日まで,,75,9,生活のリズムを一定に保ち、無理のない運動を継続する
TRANSIT_SUN,NATAL_SATURN,0,General,9,Fire,1,Applying,専門的な学問や信念の探求において、長期的な努力が実を結ぶ時期です。,土台が固まる日まで,,80,8,高い目標を掲げた学習計画を立て、一歩ずつ着実に進める
TRANSIT_SUN,NATAL_SATURN,0,Work,9,Fire,1,Applying,責任感ある行動が評価されます。,信頼が高まる日まで,,75,7,担当業務を完璧に仕上げ、報告を怠らない
TRANSIT_SUN,NATAL_SATURN,0,Money,9,Fire,1,Applying,堅実な資産管理を優先すべき時です。,資産が守られる日まで,,65,6,支出を1円単位で管理し、無駄を徹底的に省く
TRANSIT_SUN,NATAL_SATURN,0,Love,9,Fire,1,Applying,誠実な対話が揺るぎない絆を作ります。,絆が深まる日まで,,70,7,相手に対して誠実な約束をし、それを必ず守る
TRANSIT_SUN,NATAL_SATURN,0,Health,9,Fire,1,Applying,規則正しい生活が健康の鍵です。,身体が整う日まで,,75,9,生活のリズムを一定に保ち、無理のない運動を継続する
TRANSIT_SUN,NATAL_SATURN,0,General,9,Fire,1,Separating,専門的な学問や信念の探求において、長期的な努力が実を結ぶ時期です。,土台が固まる日まで,,80,8,高い目標を掲げた学習計画を立て、一歩ずつ着実に進める
TRANSIT_SUN,NATAL_SATURN,0,Work,9,Fire,1,Separating,責任感ある行動が評価されます。,信頼が高まる日まで,,75,7,担当業務を完璧に仕上げ、報告を怠らない
TRANSIT_SUN,NATAL_SATURN,0,Money,9,Fire,1,Separating,堅実な資産管理を優先すべき時です。,資産が守られる日まで,,65,6,支出を1円単位で管理し、無駄を徹底的に省く
TRANSIT_SUN,NATAL_SATURN,0,Love,9,Fire,1,Separating,誠実な対話が揺るぎない絆を作ります。,絆が深まる日まで,,70,7,相手に対して誠実な約束をし、それを必ず守る
TRANSIT_SUN,NATAL_SATURN,0,Health,9,Fire,1,Separating,規則正しい生活が健康の鍵です。,身体が整う日まで,,75,9,生活のリズムを一定に保ち、無理のない運動を継続する
TRANSIT_SUN,NATAL_SATURN,0,General,9,Earth,0,Applying,専門的な学問や信念の探求において、長期的な努力が実を結ぶ時期です。,土台が固まる日まで,,80,8,高い目標を掲げた学習計画を立て、一歩ずつ着実に進める
TRANSIT_SUN,NATAL_SATURN,0,Work,9,Earth,0,Applying,責任感ある行動が評価されます。,信頼が高まる日まで,,75,7,担当業務を完璧に仕上げ、報告を怠らない
TRANSIT_SUN,NATAL_SATURN,0,Money,9,Earth,0,Applying,堅実な資産管理を優先すべき時です。,資産が守られる日まで,,65,6,支出を1円単位で管理し、無駄を徹底的に省く
TRANSIT_SUN,NATAL_SATURN,0,Love,9,Earth,0,Applying,誠実な対話が揺るぎない絆を作ります。,絆が深まる日まで,,70,7,相手に対して誠実な約束をし、それを必ず守る
TRANSIT_SUN,NATAL_SATURN,0,Health,9,Earth,0,Applying,規則正しい生活が健康の鍵です。,身体が整う日まで,,75,9,生活のリズムを一定に保ち、無理のない運動を継続する
TRANSIT_SUN,NATAL_SATURN,0,General,9,Earth,0,Separating,専門的な学問や信念の探求において、長期的な努力が実を結ぶ時期です。,土台が固まる日まで,,80,8,高い目標を掲げた学習計画を立て、一歩ずつ着実に進める
TRANSIT_SUN,NATAL_SATURN,0,Work,9,Earth,0,Separating,責任感ある行動が評価されます。,信頼が高まる日まで,,75,7,担当業務を完璧に仕上げ、報告を怠らない
TRANSIT_SUN,NATAL_SATURN,0,Money,9,Earth,0,Separating,堅実な資産管理を優先すべき時です。,資産が守られる日まで,,65,6,支出を1円単位で管理し、無駄を徹底的に省く
TRANSIT_SUN,NATAL_SATURN,0,Love,9,Earth,0,Separating,誠実な対話が揺るぎない絆を作ります。,絆が深まる日まで,,70,7,相手に対して誠実な約束をし、それを必ず守る
TRANSIT_SUN,NATAL_SATURN,0,Health,9,Earth,0,Separating,規則正しい生活が健康の鍵です。,身体が整う日まで,,75,9,生活のリズムを一定に保ち、無理のない運動を継続する
TRANSIT_SUN,NATAL_SATURN,0,General,9,Earth,1,Applying,専門的な学問や信念の探求において、長期的な努力が実を結ぶ時期です。,土台が固まる日まで,,80,8,高い目標を掲げた学習計画を立て、一歩ずつ着実に進める
TRANSIT_SUN,NATAL_SATURN,0,Work,9,Earth,1,Applying,責任感ある行動が評価されます。,信頼が高まる日まで,,75,7,担当業務を完璧に仕上げ、報告を怠らない
TRANSIT_SUN,NATAL_SATURN,0,Money,9,Earth,1,Applying,堅実な資産管理を優先すべき時です。,資産が守られる日まで,,65,6,支出を1円単位で管理し、無駄を徹底的に省く
TRANSIT_SUN,NATAL_SATURN,0,Love,9,Earth,1,Applying,誠実な対話が揺るぎない絆を作ります。,絆が深まる日まで,,70,7,相手に対して誠実な約束をし、それを必ず守る
TRANSIT_SUN,NATAL_SATURN,0,Health,9,Earth,1,Applying,規則正しい生活が健康の鍵です。,身体が整う日まで,,75,9,生活のリズムを一定に保ち、無理のない運動を継続する
TRANSIT_SUN,NATAL_SATURN,0,General,9,Earth,1,Separating,専門的な学問や信念の探求において、長期的な努力が実を結ぶ時期です。,土台が固まる日まで,,80,8,高い目標を掲げた学習計画を立て、一歩ずつ着実に進める
TRANSIT_SUN,NATAL_SATURN,0,Work,9,Earth,1,Separating,責任感ある行動が評価されます。,信頼が高まる日まで,,75,7,担当業務を完璧に仕上げ、報告を怠らない
TRANSIT_SUN,NATAL_SATURN,0,Money,9,Earth,1,Separating,堅実な資産管理を優先すべき時です。,資産が守られる日まで,,65,6,支出を1円単位で管理し、無駄を徹底的に省く
TRANSIT_SUN,NATAL_SATURN,0,Love,9,Earth,1,Separating,誠実な対話が揺るぎない絆を作ります。,絆が深まる日まで,,70,7,相手に対して誠実な約束をし、それを必ず守る
TRANSIT_SUN,NATAL_SATURN,0,Health,9,Earth,1,Separating,規則正しい生活が健康の鍵です。,身体が整う日まで,,75,9,生活のリズムを一定に保ち、無理のない運動を継続する
TRANSIT_SUN,NATAL_SATURN,0,General,9,Air,0,Applying,専門的な学問や信念の探求において、長期的な努力が実を結ぶ時期です。,土台が固まる日まで,,80,8,高い目標を掲げた学習計画を立て、一歩ずつ着実に進める
TRANSIT_SUN,NATAL_SATURN,0,Work,9,Air,0,Applying,責任感ある行動が評価されます。,信頼が高まる日まで,,75,7,担当業務を完璧に仕上げ、報告を怠らない
TRANSIT_SUN,NATAL_SATURN,0,Money,9,Air,0,Applying,堅実な資産管理を優先すべき時です。,資産が守られる日まで,,65,6,支出を1円単位で管理し、無駄を徹底的に省く
TRANSIT_SUN,NATAL_SATURN,0,Love,9,Air,0,Applying,誠実な対話が揺るぎない絆を作ります。,絆が深まる日まで,,70,7,相手に対して誠実な約束をし、それを必ず守る
TRANSIT_SUN,NATAL_SATURN,0,Health,9,Air,0,Applying,規則正しい生活が健康の鍵です。,身体が整う日まで,,75,9,生活のリズムを一定に保ち、無理のない運動を継続する
TRANSIT_SUN,NATAL_SATURN,0,General,9,Air,0,Separating,専門的な学問や信念の探求において、長期的な努力が実を結ぶ時期です。,土台が固まる日まで,,80,8,高い目標を掲げた学習計画を立て、一歩ずつ着実に進める
TRANSIT_SUN,NATAL_SATURN,0,Work,9,Air,0,Separating,責任感ある行動が評価されます。,信頼が高まる日まで,,75,7,担当業務を完璧に仕上げ、報告を怠らない
TRANSIT_SUN,NATAL_SATURN,0,Money,9,Air,0,Separating,堅実な資産管理を優先すべき時です。,資産が守られる日まで,,65,6,支出を1円単位で管理し、無駄を徹底的に省く
TRANSIT_SUN,NATAL_SATURN,0,Love,9,Air,0,Separating,誠実な対話が揺るぎない絆を作ります。,絆が深まる日まで,,70,7,相手に対して誠実な約束をし、それを必ず守る
TRANSIT_SUN,NATAL_SATURN,0,Health,9,Air,0,Separating,規則正しい生活が健康の鍵です。,身体が整う日まで,,75,9,生活のリズムを一定に保ち、無理のない運動を継続する
TRANSIT_SUN,NATAL_SATURN,0,General,9,Air,1,Applying,専門的な学問や信念の探求において、長期的な努力が実を結ぶ時期です。,土台が固まる日まで,,80,8,高い目標を掲げた学習計画を立て、一歩ずつ着実に進める
TRANSIT_SUN,NATAL_SATURN,0,Work,9,Air,1,Applying,責任感ある行動が評価されます。,信頼が高まる日まで,,75,7,担当業務を完璧に仕上げ、報告を怠らない
TRANSIT_SUN,NATAL_SATURN,0,Money,9,Air,1,Applying,堅実な資産管理を優先すべき時です。,資産が守られる日まで,,65,6,支出を1円単位で管理し、無駄を徹底的に省く
TRANSIT_SUN,NATAL_SATURN,0,Love,9,Air,1,Applying,誠実な対話が揺るぎない絆を作ります。,絆が深まる日まで,,70,7,相手に対して誠実な約束をし、それを必ず守る
TRANSIT_SUN,NATAL_SATURN,0,Health,9,Air,1,Applying,規則正しい生活が健康の鍵です。,身体が整う日まで,,75,9,生活のリズムを一定に保ち、無理のない運動を継続する
TRANSIT_SUN,NATAL_SATURN,0,General,9,Air,1,Separating,専門的な学問や信念の探求において、長期的な努力が実を結ぶ時期です。,土台が固まる日まで,,80,8,高い目標を掲げた学習計画を立て、一歩ずつ着実に進める
TRANSIT_SUN,NATAL_SATURN,0,Work,9,Air,1,Separating,責任感ある行動が評価されます。,信頼が高まる日まで,,75,7,担当業務を完璧に仕上げ、報告を怠らない
TRANSIT_SUN,NATAL_SATURN,0,Money,9,Air,1,Separating,堅実な資産管理を優先すべき時です。,資産が守られる日まで,,65,6,支出を1円単位で管理し、無駄を徹底的に省く
TRANSIT_SUN,NATAL_SATURN,0,Love,9,Air,1,Separating,誠実な対話が揺るぎない絆を作ります。,絆が深まる日まで,,70,7,相手に対して誠実な約束をし、それを必ず守る
TRANSIT_SUN,NATAL_SATURN,0,Health,9,Air,1,Separating,規則正しい生活が健康の鍵です。,身体が整う日まで,,75,9,生活のリズムを一定に保ち、無理のない運動を継続する
TRANSIT_SUN,NATAL_SATURN,0,General,9,Water,0,Applying,専門的な学問や信念の探求において、長期的な努力が実を結ぶ時期です。,土台が固まる日まで,,80,8,高い目標を掲げた学習計画を立て、一歩ずつ着実に進める
TRANSIT_SUN,NATAL_SATURN,0,Work,9,Water,0,Applying,責任感ある行動が評価されます。,信頼が高まる日まで,,75,7,担当業務を完璧に仕上げ、報告を怠らない
TRANSIT_SUN,NATAL_SATURN,0,Money,9,Water,0,Applying,堅実な資産管理を優先すべき時です。,資産が守られる日まで,,65,6,支出を1円単位で管理し、無駄を徹底的に省く
TRANSIT_SUN,NATAL_SATURN,0,Love,9,Water,0,Applying,誠実な対話が揺るぎない絆を作ります。,絆が深まる日まで,,70,7,相手に対して誠実な約束をし、それを必ず守る
TRANSIT_SUN,NATAL_SATURN,0,Health,9,Water,0,Applying,規則正しい生活が健康の鍵です。,身体が整う日まで,,75,9,生活のリズムを一定に保ち、無理のない運動を継続する
TRANSIT_SUN,NATAL_SATURN,0,General,9,Water,0,Separating,専門的な学問や信念の探求において、長期的な努力が実を結ぶ時期です。,土台が固まる日まで,,80,8,高い目標を掲げた学習計画を立て、一歩ずつ着実に進める
TRANSIT_SUN,NATAL_SATURN,0,Work,9,Water,0,Separating,責任感ある行動が評価されます。,信頼が高まる日まで,,75,7,担当業務を完璧に仕上げ、報告を怠らない
TRANSIT_SUN,NATAL_SATURN,0,Money,9,Water,0,Separating,堅実な資産管理を優先すべき時です。,資産が守られる日まで,,65,6,支出を1円単位で管理し、無駄を徹底的に省く
TRANSIT_SUN,NATAL_SATURN,0,Love,9,Water,0,Separating,誠実な対話が揺るぎない絆を作ります。,絆が深まる日まで,,70,7,相手に対して誠実な約束をし、それを必ず守る
TRANSIT_SUN,NATAL_SATURN,0,Health,9,Water,0,Separating,規則正しい生活が健康の鍵です。,身体が整う日まで,,75,9,生活のリズムを一定に保ち、無理のない運動を継続する
TRANSIT_SUN,NATAL_SATURN,0,General,9,Water,1,Applying,専門的な学問や信念の探求において、長期的な努力が実を結ぶ時期です。,土台が固まる日まで,,80,8,高い目標を掲げた学習計画を立て、一歩ずつ着実に進める
TRANSIT_SUN,NATAL_SATURN,0,Work,9,Water,1,Applying,責任感ある行動が評価されます。,信頼が高まる日まで,,75,7,担当業務を完璧に仕上げ、報告を怠らない
TRANSIT_SUN,NATAL_SATURN,0,Money,9,Water,1,Applying,堅実な資産管理を優先すべき時です。,資産が守られる日まで,,65,6,支出を1円単位で管理し、無駄を徹底的に省く
TRANSIT_SUN,NATAL_SATURN,0,Love,9,Water,1,Applying,誠実な対話が揺るぎない絆を作ります。,絆が深まる日まで,,70,7,相手に対して誠実な約束をし、それを必ず守る
TRANSIT_SUN,NATAL_SATURN,0,Health,9,Water,1,Applying,規則正しい生活が健康の鍵です。,身体が整う日まで,,75,9,生活のリズムを一定に保ち、無理のない運動を継続する
TRANSIT_SUN,NATAL_SATURN,0,General,9,Water,1,Separating,専門的な学問や信念の探求において、長期的な努力が実を結ぶ時期です。,土台が固まる日まで,,80,8,高い目標を掲げた学習計画を立て、一歩ずつ着実に進める
TRANSIT_SUN,NATAL_SATURN,0,Work,9,Water,1,Separating,責任感ある行動が評価されます。,信頼が高まる日まで,,75,7,担当業務を完璧に仕上げ、報告を怠らない
TRANSIT_SUN,NATAL_SATURN,0,Money,9,Water,1,Separating,堅実な資産管理を優先すべき時です。,資産が守られる日まで,,65,6,支出を1円単位で管理し、無駄を徹底的に省く
TRANSIT_SUN,NATAL_SATURN,0,Love,9,Water,1,Separating,誠実な対話が揺るぎない絆を作ります。,絆が深まる日まで,,70,7,相手に対して誠実な約束をし、それを必ず守る
TRANSIT_SUN,NATAL_SATURN,0,Health,9,Water,1,Separating,規則正しい生活が健康の鍵です。,身体が整う日まで,,75,9,生活のリズムを一定に保ち、無理のない運動を継続する
TRANSIT_SUN,NATAL_SATURN,0,General,10,Fire,0,Applying,社会的な地位やキャリアにおいて、最大の責任と努力が求められる時期です。,土台が固まる日まで,,80,8,キャリアの大きな目標達成に向けて、最も困難な課題から着手する
TRANSIT_SUN,NATAL_SATURN,0,Work,10,Fire,0,Applying,責任感ある行動が評価されます。,信頼が高まる日まで,,75,7,担当業務を完璧に仕上げ、報告を怠らない
TRANSIT_SUN,NATAL_SATURN,0,Money,10,Fire,0,Applying,堅実な資産管理を優先すべき時です。,資産が守られる日まで,,65,6,支出を1円単位で管理し、無駄を徹底的に省く
TRANSIT_SUN,NATAL_SATURN,0,Love,10,Fire,0,Applying,誠実な対話が揺るぎない絆を作ります。,絆が深まる日まで,,70,7,相手に対して誠実な約束をし、それを必ず守る
TRANSIT_SUN,NATAL_SATURN,0,Health,10,Fire,0,Applying,規則正しい生活が健康の鍵です。,身体が整う日まで,,75,9,生活のリズムを一定に保ち、無理のない運動を継続する
TRANSIT_SUN,NATAL_SATURN,0,General,10,Fire,0,Separating,社会的な地位やキャリアにおいて、最大の責任と努力が求められる時期です。,土台が固まる日まで,,80,8,キャリアの大きな目標達成に向けて、最も困難な課題から着手する
TRANSIT_SUN,NATAL_SATURN,0,Work,10,Fire,0,Separating,責任感ある行動が評価されます。,信頼が高まる日まで,,75,7,担当業務を完璧に仕上げ、報告を怠らない
TRANSIT_SUN,NATAL_SATURN,0,Money,10,Fire,0,Separating,堅実な資産管理を優先すべき時です。,資産が守られる日まで,,65,6,支出を1円単位で管理し、無駄を徹底的に省く
TRANSIT_SUN,NATAL_SATURN,0,Love,10,Fire,0,Separating,誠実な対話が揺るぎない絆を作ります。,絆が深まる日まで,,70,7,相手に対して誠実な約束をし、それを必ず守る
TRANSIT_SUN,NATAL_SATURN,0,Health,10,Fire,0,Separating,規則正しい生活が健康の鍵です。,身体が整う日まで,,75,9,生活のリズムを一定に保ち、無理のない運動を継続する
TRANSIT_SUN,NATAL_SATURN,0,General,10,Fire,1,Applying,社会的な地位やキャリアにおいて、最大の責任と努力が求められる時期です。,土台が固まる日まで,,80,8,キャリアの大きな目標達成に向けて、最も困難な課題から着手する
TRANSIT_SUN,NATAL_SATURN,0,Work,10,Fire,1,Applying,責任感ある行動が評価されます。,信頼が高まる日まで,,75,7,担当業務を完璧に仕上げ、報告を怠らない
TRANSIT_SUN,NATAL_SATURN,0,Money,10,Fire,1,Applying,堅実な資産管理を優先すべき時です。,資産が守られる日まで,,65,6,支出を1円単位で管理し、無駄を徹底的に省く
TRANSIT_SUN,NATAL_SATURN,0,Love,10,Fire,1,Applying,誠実な対話が揺るぎない絆を作ります。,絆が深まる日まで,,70,7,相手に対して誠実な約束をし、それを必ず守る
TRANSIT_SUN,NATAL_SATURN,0,Health,10,Fire,1,Applying,規則正しい生活が健康の鍵です。,身体が整う日まで,,75,9,生活のリズムを一定に保ち、無理のない運動を継続する
TRANSIT_SUN,NATAL_SATURN,0,General,10,Fire,1,Separating,社会的な地位やキャリアにおいて、最大の責任と努力が求められる時期です。,土台が固まる日まで,,80,8,キャリアの大きな目標達成に向けて、最も困難な課題から着手する
TRANSIT_SUN,NATAL_SATURN,0,Work,10,Fire,1,Separating,責任感ある行動が評価されます。,信頼が高まる日まで,,75,7,担当業務を完璧に仕上げ、報告を怠らない
TRANSIT_SUN,NATAL_SATURN,0,Money,10,Fire,1,Separating,堅実な資産管理を優先すべき時です。,資産が守られる日まで,,65,6,支出を1円単位で管理し、無駄を徹底的に省く
TRANSIT_SUN,NATAL_SATURN,0,Love,10,Fire,1,Separating,誠実な対話が揺るぎない絆を作ります。,絆が深まる日まで,,70,7,相手に対して誠実な約束をし、それを必ず守る
TRANSIT_SUN,NATAL_SATURN,0,Health,10,Fire,1,Separating,規則正しい生活が健康の鍵です。,身体が整う日まで,,75,9,生活のリズムを一定に保ち、無理のない運動を継続する
TRANSIT_SUN,NATAL_SATURN,0,General,10,Earth,0,Applying,社会的な地位やキャリアにおいて、最大の責任と努力が求められる時期です。,土台が固まる日まで,,80,8,キャリアの大きな目標達成に向けて、最も困難な課題から着手する
TRANSIT_SUN,NATAL_SATURN,0,Work,10,Earth,0,Applying,責任感ある行動が評価されます。,信頼が高まる日まで,,75,7,担当業務を完璧に仕上げ、報告を怠らない
TRANSIT_SUN,NATAL_SATURN,0,Money,10,Earth,0,Applying,堅実な資産管理を優先すべき時です。,資産が守られる日まで,,65,6,支出を1円単位で管理し、無駄を徹底的に省く
TRANSIT_SUN,NATAL_SATURN,0,Love,10,Earth,0,Applying,誠実な対話が揺るぎない絆を作ります。,絆が深まる日まで,,70,7,相手に対して誠実な約束をし、それを必ず守る
TRANSIT_SUN,NATAL_SATURN,0,Health,10,Earth,0,Applying,規則正しい生活が健康の鍵です。,身体が整う日まで,,75,9,生活のリズムを一定に保ち、無理のない運動を継続する
TRANSIT_SUN,NATAL_SATURN,0,General,10,Earth,0,Separating,社会的な地位やキャリアにおいて、最大の責任と努力が求められる時期です。,土台が固まる日まで,,80,8,キャリアの大きな目標達成に向けて、最も困難な課題から着手する
TRANSIT_SUN,NATAL_SATURN,0,Work,10,Earth,0,Separating,責任感ある行動が評価されます。,信頼が高まる日まで,,75,7,担当業務を完璧に仕上げ、報告を怠らない
TRANSIT_SUN,NATAL_SATURN,0,Money,10,Earth,0,Separating,堅実な資産管理を優先すべき時です。,資産が守られる日まで,,65,6,支出を1円単位で管理し、無駄を徹底的に省く
TRANSIT_SUN,NATAL_SATURN,0,Love,10,Earth,0,Separating,誠実な対話が揺るぎない絆を作ります。,絆が深まる日まで,,70,7,相手に対して誠実な約束をし、それを必ず守る
TRANSIT_SUN,NATAL_SATURN,0,Health,10,Earth,0,Separating,規則正しい生活が健康の鍵です。,身体が整う日まで,,75,9,生活のリズムを一定に保ち、無理のない運動を継続する
TRANSIT_SUN,NATAL_SATURN,0,General,10,Earth,1,Applying,社会的な地位やキャリアにおいて、最大の責任と努力が求められる時期です。,土台が固まる日まで,,80,8,キャリアの大きな目標達成に向けて、最も困難な課題から着手する
TRANSIT_SUN,NATAL_SATURN,0,Work,10,Earth,1,Applying,責任感ある行動が評価されます。,信頼が高まる日まで,,75,7,担当業務を完璧に仕上げ、報告を怠らない
TRANSIT_SUN,NATAL_SATURN,0,Money,10,Earth,1,Applying,堅実な資産管理を優先すべき時です。,資産が守られる日まで,,65,6,支出を1円単位で管理し、無駄を徹底的に省く
TRANSIT_SUN,NATAL_SATURN,0,Love,10,Earth,1,Applying,誠実な対話が揺るぎない絆を作ります。,絆が深まる日まで,,70,7,相手に対して誠実な約束をし、それを必ず守る
TRANSIT_SUN,NATAL_SATURN,0,Health,10,Earth,1,Applying,規則正しい生活が健康の鍵です。,身体が整う日まで,,75,9,生活のリズムを一定に保ち、無理のない運動を継続する
TRANSIT_SUN,NATAL_SATURN,0,General,10,Earth,1,Separating,社会的な地位やキャリアにおいて、最大の責任と努力が求められる時期です。,土台が固まる日まで,,80,8,キャリアの大きな目標達成に向けて、最も困難な課題から着手する
TRANSIT_SUN,NATAL_SATURN,0,Work,10,Earth,1,Separating,責任感ある行動が評価されます。,信頼が高まる日まで,,75,7,担当業務を完璧に仕上げ、報告を怠らない
TRANSIT_SUN,NATAL_SATURN,0,Money,10,Earth,1,Separating,堅実な資産管理を優先すべき時です。,資産が守られる日まで,,65,6,支出を1円単位で管理し、無駄を徹底的に省く
TRANSIT_SUN,NATAL_SATURN,0,Love,10,Earth,1,Separating,誠実な対話が揺るぎない絆を作ります。,絆が深まる日まで,,70,7,相手に対して誠実な約束をし、それを必ず守る
TRANSIT_SUN,NATAL_SATURN,0,Health,10,Earth,1,Separating,規則正しい生活が健康の鍵です。,身体が整う日まで,,75,9,生活のリズムを一定に保ち、無理のない運動を継続する
TRANSIT_SUN,NATAL_SATURN,0,General,10,Air,0,Applying,社会的な地位やキャリアにおいて、最大の責任と努力が求められる時期です。,土台が固まる日まで,,80,8,キャリアの大きな目標達成に向けて、最も困難な課題から着手する
TRANSIT_SUN,NATAL_SATURN,0,Work,10,Air,0,Applying,責任感ある行動が評価されます。,信頼が高まる日まで,,75,7,担当業務を完璧に仕上げ、報告を怠らない
TRANSIT_SUN,NATAL_SATURN,0,Money,10,Air,0,Applying,堅実な資産管理を優先すべき時です。,資産が守られる日まで,,65,6,支出を1円単位で管理し、無駄を徹底的に省く
TRANSIT_SUN,NATAL_SATURN,0,Love,10,Air,0,Applying,誠実な対話が揺るぎない絆を作ります。,絆が深まる日まで,,70,7,相手に対して誠実な約束をし、それを必ず守る
TRANSIT_SUN,NATAL_SATURN,0,Health,10,Air,0,Applying,規則正しい生活が健康の鍵です。,身体が整う日まで,,75,9,生活のリズムを一定に保ち、無理のない運動を継続する
TRANSIT_SUN,NATAL_SATURN,0,General,10,Air,0,Separating,社会的な地位やキャリアにおいて、最大の責任と努力が求められる時期です。,土台が固まる日まで,,80,8,キャリアの大きな目標達成に向けて、最も困難な課題から着手する
TRANSIT_SUN,NATAL_SATURN,0,Work,10,Air,0,Separating,責任感ある行動が評価されます。,信頼が高まる日まで,,75,7,担当業務を完璧に仕上げ、報告を怠らない
TRANSIT_SUN,NATAL_SATURN,0,Money,10,Air,0,Separating,堅実な資産管理を優先すべき時です。,資産が守られる日まで,,65,6,支出を1円単位で管理し、無駄を徹底的に省く
TRANSIT_SUN,NATAL_SATURN,0,Love,10,Air,0,Separating,誠実な対話が揺るぎない絆を作ります。,絆が深まる日まで,,70,7,相手に対して誠実な約束をし、それを必ず守る
TRANSIT_SUN,NATAL_SATURN,0,Health,10,Air,0,Separating,規則正しい生活が健康の鍵です。,身体が整う日まで,,75,9,生活のリズムを一定に保ち、無理のない運動を継続する
TRANSIT_SUN,NATAL_SATURN,0,General,10,Air,1,Applying,社会的な地位やキャリアにおいて、最大の責任と努力が求められる時期です。,土台が固まる日まで,,80,8,キャリアの大きな目標達成に向けて、最も困難な課題から着手する
TRANSIT_SUN,NATAL_SATURN,0,Work,10,Air,1,Applying,責任感ある行動が評価されます。,信頼が高まる日まで,,75,7,担当業務を完璧に仕上げ、報告を怠らない
TRANSIT_SUN,NATAL_SATURN,0,Money,10,Air,1,Applying,堅実な資産管理を優先すべき時です。,資産が守られる日まで,,65,6,支出を1円単位で管理し、無駄を徹底的に省く
TRANSIT_SUN,NATAL_SATURN,0,Love,10,Air,1,Applying,誠実な対話が揺るぎない絆を作ります。,絆が深まる日まで,,70,7,相手に対して誠実な約束をし、それを必ず守る
TRANSIT_SUN,NATAL_SATURN,0,Health,10,Air,1,Applying,規則正しい生活が健康の鍵です。,身体が整う日まで,,75,9,生活のリズムを一定に保ち、無理のない運動を継続する
TRANSIT_SUN,NATAL_SATURN,0,General,10,Air,1,Separating,社会的な地位やキャリアにおいて、最大の責任と努力が求められる時期です。,土台が固まる日まで,,80,8,キャリアの大きな目標達成に向けて、最も困難な課題から着手する
TRANSIT_SUN,NATAL_SATURN,0,Work,10,Air,1,Separating,責任感ある行動が評価されます。,信頼が高まる日まで,,75,7,担当業務を完璧に仕上げ、報告を怠らない
TRANSIT_SUN,NATAL_SATURN,0,Money,10,Air,1,Separating,堅実な資産管理を優先すべき時です。,資産が守られる日まで,,65,6,支出を1円単位で管理し、無駄を徹底的に省く
TRANSIT_SUN,NATAL_SATURN,0,Love,10,Air,1,Separating,誠実な対話が揺るぎない絆を作ります。,絆が深まる日まで,,70,7,相手に対して誠実な約束をし、それを必ず守る
TRANSIT_SUN,NATAL_SATURN,0,Health,10,Air,1,Separating,規則正しい生活が健康の鍵です。,身体が整う日まで,,75,9,生活のリズムを一定に保ち、無理のない運動を継続する
TRANSIT_SUN,NATAL_SATURN,0,General,10,Water,0,Applying,社会的な地位やキャリアにおいて、最大の責任と努力が求められる時期です。,土台が固まる日まで,,80,8,キャリアの大きな目標達成に向けて、最も困難な課題から着手する
TRANSIT_SUN,NATAL_SATURN,0,Work,10,Water,0,Applying,責任感ある行動が評価されます。,信頼が高まる日まで,,75,7,担当業務を完璧に仕上げ、報告を怠らない
TRANSIT_SUN,NATAL_SATURN,0,Money,10,Water,0,Applying,堅実な資産管理を優先すべき時です。,資産が守られる日まで,,65,6,支出を1円単位で管理し、無駄を徹底的に省く
TRANSIT_SUN,NATAL_SATURN,0,Love,10,Water,0,Applying,誠実な対話が揺るぎない絆を作ります。,絆が深まる日まで,,70,7,相手に対して誠実な約束をし、それを必ず守る
TRANSIT_SUN,NATAL_SATURN,0,Health,10,Water,0,Applying,規則正しい生活が健康の鍵です。,身体が整う日まで,,75,9,生活のリズムを一定に保ち、無理のない運動を継続する
TRANSIT_SUN,NATAL_SATURN,0,General,10,Water,0,Separating,社会的な地位やキャリアにおいて、最大の責任と努力が求められる時期です。,土台が固まる日まで,,80,8,キャリアの大きな目標達成に向けて、最も困難な課題から着手する
TRANSIT_SUN,NATAL_SATURN,0,Work,10,Water,0,Separating,責任感ある行動が評価されます。,信頼が高まる日まで,,75,7,担当業務を完璧に仕上げ、報告を怠らない
TRANSIT_SUN,NATAL_SATURN,0,Money,10,Water,0,Separating,堅実な資産管理を優先すべき時です。,資産が守られる日まで,,65,6,支出を1円単位で管理し、無駄を徹底的に省く
TRANSIT_SUN,NATAL_SATURN,0,Love,10,Water,0,Separating,誠実な対話が揺るぎない絆を作ります。,絆が深まる日まで,,70,7,相手に対して誠実な約束をし、それを必ず守る
TRANSIT_SUN,NATAL_SATURN,0,Health,10,Water,0,Separating,規則正しい生活が健康の鍵です。,身体が整う日まで,,75,9,生活のリズムを一定に保ち、無理のない運動を継続する
TRANSIT_SUN,NATAL_SATURN,0,General,10,Water,1,Applying,社会的な地位やキャリアにおいて、最大の責任と努力が求められる時期です。,土台が固まる日まで,,80,8,キャリアの大きな目標達成に向けて、最も困難な課題から着手する
TRANSIT_SUN,NATAL_SATURN,0,Work,10,Water,1,Applying,責任感ある行動が評価されます。,信頼が高まる日まで,,75,7,担当業務を完璧に仕上げ、報告を怠らない
TRANSIT_SUN,NATAL_SATURN,0,Money,10,Water,1,Applying,堅実な資産管理を優先すべき時です。,資産が守られる日まで,,65,6,支出を1円単位で管理し、無駄を徹底的に省く
TRANSIT_SUN,NATAL_SATURN,0,Love,10,Water,1,Applying,誠実な対話が揺るぎない絆を作ります。,絆が深まる日まで,,70,7,相手に対して誠実な約束をし、それを必ず守る
TRANSIT_SUN,NATAL_SATURN,0,Health,10,Water,1,Applying,規則正しい生活が健康の鍵です。,身体が整う日まで,,75,9,生活のリズムを一定に保ち、無理のない運動を継続する
TRANSIT_SUN,NATAL_SATURN,0,General,10,Water,1,Separating,社会的な地位やキャリアにおいて、最大の責任と努力が求められる時期です。,土台が固まる日まで,,80,8,キャリアの大きな目標達成に向けて、最も困難な課題から着手する
TRANSIT_SUN,NATAL_SATURN,0,Work,10,Water,1,Separating,責任感ある行動が評価されます。,信頼が高まる日まで,,75,7,担当業務を完璧に仕上げ、報告を怠らない
TRANSIT_SUN,NATAL_SATURN,0,Money,10,Water,1,Separating,堅実な資産管理を優先すべき時です。,資産が守られる日まで,,65,6,支出を1円単位で管理し、無駄を徹底的に省く
TRANSIT_SUN,NATAL_SATURN,0,Love,10,Water,1,Separating,誠実な対話が揺るぎない絆を作ります。,絆が深まる日まで,,70,7,相手に対して誠実な約束をし、それを必ず守る
TRANSIT_SUN,NATAL_SATURN,0,Health,10,Water,1,Separating,規則正しい生活が健康の鍵です。,身体が整う日まで,,75,9,生活のリズムを一定に保ち、無理のない運動を継続する
TRANSIT_SUN,NATAL_SATURN,0,General,11,Fire,0,Applying,コミュニティや将来の計画において、現実的な土台作りが必要な時期です。,土台が固まる日まで,,80,8,志を同じくする仲間と長期的な展望を話し合い、役割を明確にする
TRANSIT_SUN,NATAL_SATURN,0,Work,11,Fire,0,Applying,責任感ある行動が評価されます。,信頼が高まる日まで,,75,7,担当業務を完璧に仕上げ、報告を怠らない
TRANSIT_SUN,NATAL_SATURN,0,Money,11,Fire,0,Applying,堅実な資産管理を優先すべき時です。,資産が守られる日まで,,65,6,支出を1円単位で管理し、無駄を徹底的に省く
TRANSIT_SUN,NATAL_SATURN,0,Love,11,Fire,0,Applying,誠実な対話が揺るぎない絆を作ります。,絆が深まる日まで,,70,7,相手に対して誠実な約束をし、それを必ず守る
TRANSIT_SUN,NATAL_SATURN,0,Health,11,Fire,0,Applying,規則正しい生活が健康の鍵です。,身体が整う日まで,,75,9,生活のリズムを一定に保ち、無理のない運動を継続する
TRANSIT_SUN,NATAL_SATURN,0,General,11,Fire,0,Separating,コミュニティや将来の計画において、現実的な土台作りが必要な時期です。,土台が固まる日まで,,80,8,志を同じくする仲間と長期的な展望を話し合い、役割を明確にする
TRANSIT_SUN,NATAL_SATURN,0,Work,11,Fire,0,Separating,責任感ある行動が評価されます。,信頼が高まる日まで,,75,7,担当業務を完璧に仕上げ、報告を怠らない
TRANSIT_SUN,NATAL_SATURN,0,Money,11,Fire,0,Separating,堅実な資産管理を優先すべき時です。,資産が守られる日まで,,65,6,支出を1円単位で管理し、無駄を徹底的に省く
TRANSIT_SUN,NATAL_SATURN,0,Love,11,Fire,0,Separating,誠実な対話が揺るぎない絆を作ります。,絆が深まる日まで,,70,7,相手に対して誠実な約束をし、それを必ず守る
TRANSIT_SUN,NATAL_SATURN,0,Health,11,Fire,0,Separating,規則正しい生活が健康の鍵です。,身体が整う日まで,,75,9,生活のリズムを一定に保ち、無理のない運動を継続する
TRANSIT_SUN,NATAL_SATURN,0,General,11,Fire,1,Applying,コミュニティや将来の計画において、現実的な土台作りが必要な時期です。,土台が固まる日まで,,80,8,志を同じくする仲間と長期的な展望を話し合い、役割を明確にする
TRANSIT_SUN,NATAL_SATURN,0,Work,11,Fire,1,Applying,責任感ある行動が評価されます。,信頼が高まる日まで,,75,7,担当業務を完璧に仕上げ、報告を怠らない
TRANSIT_SUN,NATAL_SATURN,0,Money,11,Fire,1,Applying,堅実な資産管理を優先すべき時です。,資産が守られる日まで,,65,6,支出を1円単位で管理し、無駄を徹底的に省く
TRANSIT_SUN,NATAL_SATURN,0,Love,11,Fire,1,Applying,誠実な対話が揺るぎない絆を作ります。,絆が深まる日まで,,70,7,相手に対して誠実な約束をし、それを必ず守る
TRANSIT_SUN,NATAL_SATURN,0,Health,11,Fire,1,Applying,規則正しい生活が健康の鍵です。,身体が整う日まで,,75,9,生活のリズムを一定に保ち、無理のない運動を継続する
TRANSIT_SUN,NATAL_SATURN,0,General,11,Fire,1,Separating,コミュニティや将来の計画において、現実的な土台作りが必要な時期です。,土台が固まる日まで,,80,8,志を同じくする仲間と長期的な展望を話し合い、役割を明確にする
TRANSIT_SUN,NATAL_SATURN,0,Work,11,Fire,1,Separating,責任感ある行動が評価されます。,信頼が高まる日まで,,75,7,担当業務を完璧に仕上げ、報告を怠らない
TRANSIT_SUN,NATAL_SATURN,0,Money,11,Fire,1,Separating,堅実な資産管理を優先すべき時です。,資産が守られる日まで,,65,6,支出を1円単位で管理し、無駄を徹底的に省く
TRANSIT_SUN,NATAL_SATURN,0,Love,11,Fire,1,Separating,誠実な対話が揺るぎない絆を作ります。,絆が深まる日まで,,70,7,相手に対して誠実な約束をし、それを必ず守る
TRANSIT_SUN,NATAL_SATURN,0,Health,11,Fire,1,Separating,規則正しい生活が健康の鍵です。,身体が整う日まで,,75,9,生活のリズムを一定に保ち、無理のない運動を継続する
TRANSIT_SUN,NATAL_SATURN,0,General,11,Earth,0,Applying,コミュニティや将来の計画において、現実的な土台作りが必要な時期です。,土台が固まる日まで,,80,8,志を同じくする仲間と長期的な展望を話し合い、役割を明確にする
TRANSIT_SUN,NATAL_SATURN,0,Work,11,Earth,0,Applying,責任感ある行動が評価されます。,信頼が高まる日まで,,75,7,担当業務を完璧に仕上げ、報告を怠らない
TRANSIT_SUN,NATAL_SATURN,0,Money,11,Earth,0,Applying,堅実な資産管理を優先すべき時です。,資産が守られる日まで,,65,6,支出を1円単位で管理し、無駄を徹底的に省く
TRANSIT_SUN,NATAL_SATURN,0,Love,11,Earth,0,Applying,誠実な対話が揺るぎない絆を作ります。,絆が深まる日まで,,70,7,相手に対して誠実な約束をし、それを必ず守る
TRANSIT_SUN,NATAL_SATURN,0,Health,11,Earth,0,Applying,規則正しい生活が健康の鍵です。,身体が整う日まで,,75,9,生活のリズムを一定に保ち、無理のない運動を継続する
TRANSIT_SUN,NATAL_SATURN,0,General,11,Earth,0,Separating,コミュニティや将来の計画において、現実的な土台作りが必要な時期です。,土台が固まる日まで,,80,8,志を同じくする仲間と長期的な展望を話し合い、役割を明確にする
TRANSIT_SUN,NATAL_SATURN,0,Work,11,Earth,0,Separating,責任感ある行動が評価されます。,信頼が高まる日まで,,75,7,担当業務を完璧に仕上げ、報告を怠らない
TRANSIT_SUN,NATAL_SATURN,0,Money,11,Earth,0,Separating,堅実な資産管理を優先すべき時です。,資産が守られる日まで,,65,6,支出を1円単位で管理し、無駄を徹底的に省く
TRANSIT_SUN,NATAL_SATURN,0,Love,11,Earth,0,Separating,誠実な対話が揺るぎない絆を作ります。,絆が深まる日まで,,70,7,相手に対して誠実な約束をし、それを必ず守る
TRANSIT_SUN,NATAL_SATURN,0,Health,11,Earth,0,Separating,規則正しい生活が健康の鍵です。,身体が整う日まで,,75,9,生活のリズムを一定に保ち、無理のない運動を継続する
TRANSIT_SUN,NATAL_SATURN,0,General,11,Earth,1,Applying,コミュニティや将来の計画において、現実的な土台作りが必要な時期です。,土台が固まる日まで,,80,8,志を同じくする仲間と長期的な展望を話し合い、役割を明確にする
TRANSIT_SUN,NATAL_SATURN,0,Work,11,Earth,1,Applying,責任感ある行動が評価されます。,信頼が高まる日まで,,75,7,担当業務を完璧に仕上げ、報告を怠らない
TRANSIT_SUN,NATAL_SATURN,0,Money,11,Earth,1,Applying,堅実な資産管理を優先すべき時です。,資産が守られる日まで,,65,6,支出を1円単位で管理し、無駄を徹底的に省く
TRANSIT_SUN,NATAL_SATURN,0,Love,11,Earth,1,Applying,誠実な対話が揺るぎない絆を作ります。,絆が深まる日まで,,70,7,相手に対して誠実な約束をし、それを必ず守る
TRANSIT_SUN,NATAL_SATURN,0,Health,11,Earth,1,Applying,規則正しい生活が健康の鍵です。,身体が整う日まで,,75,9,生活のリズムを一定に保ち、無理のない運動を継続する
TRANSIT_SUN,NATAL_SATURN,0,General,11,Earth,1,Separating,コミュニティや将来の計画において、現実的な土台作りが必要な時期です。,土台が固まる日まで,,80,8,志を同じくする仲間と長期的な展望を話し合い、役割を明確にする
TRANSIT_SUN,NATAL_SATURN,0,Work,11,Earth,1,Separating,責任感ある行動が評価されます。,信頼が高まる日まで,,75,7,担当業務を完璧に仕上げ、報告を怠らない
TRANSIT_SUN,NATAL_SATURN,0,Money,11,Earth,1,Separating,堅実な資産管理を優先すべき時です。,資産が守られる日まで,,65,6,支出を1円単位で管理し、無駄を徹底的に省く
TRANSIT_SUN,NATAL_SATURN,0,Love,11,Earth,1,Separating,誠実な対話が揺るぎない絆を作ります。,絆が深まる日まで,,70,7,相手に対して誠実な約束をし、それを必ず守る
TRANSIT_SUN,NATAL_SATURN,0,Health,11,Earth,1,Separating,規則正しい生活が健康の鍵です。,身体が整う日まで,,75,9,生活のリズムを一定に保ち、無理のない運動を継続する
TRANSIT_SUN,NATAL_SATURN,0,General,11,Air,0,Applying,コミュニティや将来の計画において、現実的な土台作りが必要な時期です。,土台が固まる日まで,,80,8,志を同じくする仲間と長期的な展望を話し合い、役割を明確にする
TRANSIT_SUN,NATAL_SATURN,0,Work,11,Air,0,Applying,責任感ある行動が評価されます。,信頼が高まる日まで,,75,7,担当業務を完璧に仕上げ、報告を怠らない
TRANSIT_SUN,NATAL_SATURN,0,Money,11,Air,0,Applying,堅実な資産管理を優先すべき時です。,資産が守られる日まで,,65,6,支出を1円単位で管理し、無駄を徹底的に省く
TRANSIT_SUN,NATAL_SATURN,0,Love,11,Air,0,Applying,誠実な対話が揺るぎない絆を作ります。,絆が深まる日まで,,70,7,相手に対して誠実な約束をし、それを必ず守る
TRANSIT_SUN,NATAL_SATURN,0,Health,11,Air,0,Applying,規則正しい生活が健康の鍵です。,身体が整う日まで,,75,9,生活のリズムを一定に保ち、無理のない運動を継続する
TRANSIT_SUN,NATAL_SATURN,0,General,11,Air,0,Separating,コミュニティや将来の計画において、現実的な土台作りが必要な時期です。,土台が固まる日まで,,80,8,志を同じくする仲間と長期的な展望を話し合い、役割を明確にする
TRANSIT_SUN,NATAL_SATURN,0,Work,11,Air,0,Separating,責任感ある行動が評価されます。,信頼が高まる日まで,,75,7,担当業務を完璧に仕上げ、報告を怠らない
TRANSIT_SUN,NATAL_SATURN,0,Money,11,Air,0,Separating,堅実な資産管理を優先すべき時です。,資産が守られる日まで,,65,6,支出を1円単位で管理し、無駄を徹底的に省く
TRANSIT_SUN,NATAL_SATURN,0,Love,11,Air,0,Separating,誠実な対話が揺るぎない絆を作ります。,絆が深まる日まで,,70,7,相手に対して誠実な約束をし、それを必ず守る
TRANSIT_SUN,NATAL_SATURN,0,Health,11,Air,0,Separating,規則正しい生活が健康の鍵です。,身体が整う日まで,,75,9,生活のリズムを一定に保ち、無理のない運動を継続する
TRANSIT_SUN,NATAL_SATURN,0,General,11,Air,1,Applying,コミュニティや将来の計画において、現実的な土台作りが必要な時期です。,土台が固まる日まで,,80,8,志を同じくする仲間と長期的な展望を話し合い、役割を明確にする
TRANSIT_SUN,NATAL_SATURN,0,Work,11,Air,1,Applying,責任感ある行動が評価されます。,信頼が高まる日まで,,75,7,担当業務を完璧に仕上げ、報告を怠らない
TRANSIT_SUN,NATAL_SATURN,0,Money,11,Air,1,Applying,堅実な資産管理を優先すべき時です。,資産が守られる日まで,,65,6,支出を1円単位で管理し、無駄を徹底的に省く
TRANSIT_SUN,NATAL_SATURN,0,Love,11,Air,1,Applying,誠実な対話が揺るぎない絆を作ります。,絆が深まる日まで,,70,7,相手に対して誠実な約束をし、それを必ず守る
TRANSIT_SUN,NATAL_SATURN,0,Health,11,Air,1,Applying,規則正しい生活が健康の鍵です。,身体が整う日まで,,75,9,生活のリズムを一定に保ち、無理のない運動を継続する
TRANSIT_SUN,NATAL_SATURN,0,General,11,Air,1,Separating,コミュニティや将来の計画において、現実的な土台作りが必要な時期です。,土台が固まる日まで,,80,8,志を同じくする仲間と長期的な展望を話し合い、役割を明確にする
TRANSIT_SUN,NATAL_SATURN,0,Work,11,Air,1,Separating,責任感ある行動が評価されます。,信頼が高まる日まで,,75,7,担当業務を完璧に仕上げ、報告を怠らない
TRANSIT_SUN,NATAL_SATURN,0,Money,11,Air,1,Separating,堅実な資産管理を優先すべき時です。,資産が守られる日まで,,65,6,支出を1円単位で管理し、無駄を徹底的に省く
TRANSIT_SUN,NATAL_SATURN,0,Love,11,Air,1,Separating,誠実な対話が揺るぎない絆を作ります。,絆が深まる日まで,,70,7,相手に対して誠実な約束をし、それを必ず守る
TRANSIT_SUN,NATAL_SATURN,0,Health,11,Air,1,Separating,規則正しい生活が健康の鍵です。,身体が整う日まで,,75,9,生活のリズムを一定に保ち、無理のない運動を継続する
TRANSIT_SUN,NATAL_SATURN,0,General,11,Water,0,Applying,コミュニティや将来の計画において、現実的な土台作りが必要な時期です。,土台が固まる日まで,,80,8,志を同じくする仲間と長期的な展望を話し合い、役割を明確にする
TRANSIT_SUN,NATAL_SATURN,0,Work,11,Water,0,Applying,責任感ある行動が評価されます。,信頼が高まる日まで,,75,7,担当業務を完璧に仕上げ、報告を怠らない
TRANSIT_SUN,NATAL_SATURN,0,Money,11,Water,0,Applying,堅実な資産管理を優先すべき時です。,資産が守られる日まで,,65,6,支出を1円単位で管理し、無駄を徹底的に省く
TRANSIT_SUN,NATAL_SATURN,0,Love,11,Water,0,Applying,誠実な対話が揺るぎない絆を作ります。,絆が深まる日まで,,70,7,相手に対して誠実な約束をし、それを必ず守る
TRANSIT_SUN,NATAL_SATURN,0,Health,11,Water,0,Applying,規則正しい生活が健康の鍵です。,身体が整う日まで,,75,9,生活のリズムを一定に保ち、無理のない運動を継続する
TRANSIT_SUN,NATAL_SATURN,0,General,11,Water,0,Separating,コミュニティや将来の計画において、現実的な土台作りが必要な時期です。,土台が固まる日まで,,80,8,志を同じくする仲間と長期的な展望を話し合い、役割を明確にする
TRANSIT_SUN,NATAL_SATURN,0,Work,11,Water,0,Separating,責任感ある行動が評価されます。,信頼が高まる日まで,,75,7,担当業務を完璧に仕上げ、報告を怠らない
TRANSIT_SUN,NATAL_SATURN,0,Money,11,Water,0,Separating,堅実な資産管理を優先すべき時です。,資産が守られる日まで,,65,6,支出を1円単位で管理し、無駄を徹底的に省く
TRANSIT_SUN,NATAL_SATURN,0,Love,11,Water,0,Separating,誠実な対話が揺るぎない絆を作ります。,絆が深まる日まで,,70,7,相手に対して誠実な約束をし、それを必ず守る
TRANSIT_SUN,NATAL_SATURN,0,Health,11,Water,0,Separating,規則正しい生活が健康の鍵です。,身体が整う日まで,,75,9,生活のリズムを一定に保ち、無理のない運動を継続する
TRANSIT_SUN,NATAL_SATURN,0,General,11,Water,1,Applying,コミュニティや将来の計画において、現実的な土台作りが必要な時期です。,土台が固まる日まで,,80,8,志を同じくする仲間と長期的な展望を話し合い、役割を明確にする
TRANSIT_SUN,NATAL_SATURN,0,Work,11,Water,1,Applying,責任感ある行動が評価されます。,信頼が高まる日まで,,75,7,担当業務を完璧に仕上げ、報告を怠らない
TRANSIT_SUN,NATAL_SATURN,0,Money,11,Water,1,Applying,堅実な資産管理を優先すべき時です。,資産が守られる日まで,,65,6,支出を1円単位で管理し、無駄を徹底的に省く
TRANSIT_SUN,NATAL_SATURN,0,Love,11,Water,1,Applying,誠実な対話が揺るぎない絆を作ります。,絆が深まる日まで,,70,7,相手に対して誠実な約束をし、それを必ず守る
TRANSIT_SUN,NATAL_SATURN,0,Health,11,Water,1,Applying,規則正しい生活が健康の鍵です。,身体が整う日まで,,75,9,生活のリズムを一定に保ち、無理のない運動を継続する
TRANSIT_SUN,NATAL_SATURN,0,General,11,Water,1,Separating,コミュニティや将来の計画において、現実的な土台作りが必要な時期です。,土台が固まる日まで,,80,8,志を同じくする仲間と長期的な展望を話し合い、役割を明確にする
TRANSIT_SUN,NATAL_SATURN,0,Work,11,Water,1,Separating,責任感ある行動が評価されます。,信頼が高まる日まで,,75,7,担当業務を完璧に仕上げ、報告を怠らない
TRANSIT_SUN,NATAL_SATURN,0,Money,11,Water,1,Separating,堅実な資産管理を優先すべき時です。,資産が守られる日まで,,65,6,支出を1円単位で管理し、無駄を徹底的に省く
TRANSIT_SUN,NATAL_SATURN,0,Love,11,Water,1,Separating,誠実な対話が揺るぎない絆を作ります。,絆が深まる日まで,,70,7,相手に対して誠実な約束をし、それを必ず守る
TRANSIT_SUN,NATAL_SATURN,0,Health,11,Water,1,Separating,規則正しい生活が健康の鍵です。,身体が整う日まで,,75,9,生活のリズムを一定に保ち、無理のない運動を継続する
TRANSIT_SUN,NATAL_SATURN,0,General,12,Fire,0,Applying,内面的な省察を通じて、自分自身の根本的な基盤を整える時期です。,土台が固まる日まで,,80,8,15分間の静かな時間を確保し、自分の人生の目的を再確認する
TRANSIT_SUN,NATAL_SATURN,0,Work,12,Fire,0,Applying,責任感ある行動が評価されます。,信頼が高まる日まで,,75,7,担当業務を完璧に仕上げ、報告を怠らない
TRANSIT_SUN,NATAL_SATURN,0,Money,12,Fire,0,Applying,堅実な資産管理を優先すべき時です。,資産が守られる日まで,,65,6,支出を1円単位で管理し、無駄を徹底的に省く
TRANSIT_SUN,NATAL_SATURN,0,Love,12,Fire,0,Applying,誠実な対話が揺るぎない絆を作ります。,絆が深まる日まで,,70,7,相手に対して誠実な約束をし、それを必ず守る
TRANSIT_SUN,NATAL_SATURN,0,Health,12,Fire,0,Applying,規則正しい生活が健康の鍵です。,身体が整う日まで,,75,9,生活のリズムを一定に保ち、無理のない運動を継続する
TRANSIT_SUN,NATAL_SATURN,0,General,12,Fire,0,Separating,内面的な省察を通じて、自分自身の根本的な基盤を整える時期です。,土台が固まる日まで,,80,8,15分間の静かな時間を確保し、自分の人生の目的を再確認する
TRANSIT_SUN,NATAL_SATURN,0,Work,12,Fire,0,Separating,責任感ある行動が評価されます。,信頼が高まる日まで,,75,7,担当業務を完璧に仕上げ、報告を怠らない
TRANSIT_SUN,NATAL_SATURN,0,Money,12,Fire,0,Separating,堅実な資産管理を優先すべき時です。,資産が守られる日まで,,65,6,支出を1円単位で管理し、無駄を徹底的に省く
TRANSIT_SUN,NATAL_SATURN,0,Love,12,Fire,0,Separating,誠実な対話が揺るぎない絆を作ります。,絆が深まる日まで,,70,7,相手に対して誠実な約束をし、それを必ず守る
TRANSIT_SUN,NATAL_SATURN,0,Health,12,Fire,0,Separating,規則正しい生活が健康の鍵です。,身体が整う日まで,,75,9,生活のリズムを一定に保ち、無理のない運動を継続する
TRANSIT_SUN,NATAL_SATURN,0,General,12,Fire,1,Applying,内面的な省察を通じて、自分自身の根本的な基盤を整える時期です。,土台が固まる日まで,,80,8,15分間の静かな時間を確保し、自分の人生の目的を再確認する
TRANSIT_SUN,NATAL_SATURN,0,Work,12,Fire,1,Applying,責任感ある行動が評価されます。,信頼が高まる日まで,,75,7,担当業務を完璧に仕上げ、報告を怠らない
TRANSIT_SUN,NATAL_SATURN,0,Money,12,Fire,1,Applying,堅実な資産管理を優先すべき時です。,資産が守られる日まで,,65,6,支出を1円単位で管理し、無駄を徹底的に省く
TRANSIT_SUN,NATAL_SATURN,0,Love,12,Fire,1,Applying,誠実な対話が揺るぎない絆を作ります。,絆が深まる日まで,,70,7,相手に対して誠実な約束をし、それを必ず守る
TRANSIT_SUN,NATAL_SATURN,0,Health,12,Fire,1,Applying,規則正しい生活が健康の鍵です。,身体が整う日まで,,75,9,生活のリズムを一定に保ち、無理のない運動を継続する
TRANSIT_SUN,NATAL_SATURN,0,General,12,Fire,1,Separating,内面的な省察を通じて、自分自身の根本的な基盤を整える時期です。,土台が固まる日まで,,80,8,15分間の静かな時間を確保し、自分の人生の目的を再確認する
TRANSIT_SUN,NATAL_SATURN,0,Work,12,Fire,1,Separating,責任感ある行動が評価されます。,信頼が高まる日まで,,75,7,担当業務を完璧に仕上げ、報告を怠らない
TRANSIT_SUN,NATAL_SATURN,0,Money,12,Fire,1,Separating,堅実な資産管理を優先すべき時です。,資産が守られる日まで,,65,6,支出を1円単位で管理し、無駄を徹底的に省く
TRANSIT_SUN,NATAL_SATURN,0,Love,12,Fire,1,Separating,誠実な対話が揺るぎない絆を作ります。,絆が深まる日まで,,70,7,相手に対して誠実な約束をし、それを必ず守る
TRANSIT_SUN,NATAL_SATURN,0,Health,12,Fire,1,Separating,規則正しい生活が健康の鍵です。,身体が整う日まで,,75,9,生活のリズムを一定に保ち、無理のない運動を継続する
TRANSIT_SUN,NATAL_SATURN,0,General,12,Earth,0,Applying,内面的な省察を通じて、自分自身の根本的な基盤を整える時期です。,土台が固まる日まで,,80,8,15分間の静かな時間を確保し、自分の人生の目的を再確認する
TRANSIT_SUN,NATAL_SATURN,0,Work,12,Earth,0,Applying,責任感ある行動が評価されます。,信頼が高まる日まで,,75,7,担当業務を完璧に仕上げ、報告を怠らない
TRANSIT_SUN,NATAL_SATURN,0,Money,12,Earth,0,Applying,堅実な資産管理を優先すべき時です。,資産が守られる日まで,,65,6,支出を1円単位で管理し、無駄を徹底的に省く
TRANSIT_SUN,NATAL_SATURN,0,Love,12,Earth,0,Applying,誠実な対話が揺るぎない絆を作ります。,絆が深まる日まで,,70,7,相手に対して誠実な約束をし、それを必ず守る
TRANSIT_SUN,NATAL_SATURN,0,Health,12,Earth,0,Applying,規則正しい生活が健康の鍵です。,身体が整う日まで,,75,9,生活のリズムを一定に保ち、無理のない運動を継続する
TRANSIT_SUN,NATAL_SATURN,0,General,12,Earth,0,Separating,内面的な省察を通じて、自分自身の根本的な基盤を整える時期です。,土台が固まる日まで,,80,8,15分間の静かな時間を確保し、自分の人生の目的を再確認する
TRANSIT_SUN,NATAL_SATURN,0,Work,12,Earth,0,Separating,責任感ある行動が評価されます。,信頼が高まる日まで,,75,7,担当業務を完璧に仕上げ、報告を怠らない
TRANSIT_SUN,NATAL_SATURN,0,Money,12,Earth,0,Separating,堅実な資産管理を優先すべき時です。,資産が守られる日まで,,65,6,支出を1円単位で管理し、無駄を徹底的に省く
TRANSIT_SUN,NATAL_SATURN,0,Love,12,Earth,0,Separating,誠実な対話が揺るぎない絆を作ります。,絆が深まる日まで,,70,7,相手に対して誠実な約束をし、それを必ず守る
TRANSIT_SUN,NATAL_SATURN,0,Health,12,Earth,0,Separating,規則正しい生活が健康の鍵です。,身体が整う日まで,,75,9,生活のリズムを一定に保ち、無理のない運動を継続する
TRANSIT_SUN,NATAL_SATURN,0,General,12,Earth,1,Applying,内面的な省察を通じて、自分自身の根本的な基盤を整える時期です。,土台が固まる日まで,,80,8,15分間の静かな時間を確保し、自分の人生の目的を再確認する
TRANSIT_SUN,NATAL_SATURN,0,Work,12,Earth,1,Applying,責任感ある行動が評価されます。,信頼が高まる日まで,,75,7,担当業務を完璧に仕上げ、報告を怠らない
TRANSIT_SUN,NATAL_SATURN,0,Money,12,Earth,1,Applying,堅実な資産管理を優先すべき時です。,資産が守られる日まで,,65,6,支出を1円単位で管理し、無駄を徹底的に省く
TRANSIT_SUN,NATAL_SATURN,0,Love,12,Earth,1,Applying,誠実な対話が揺るぎない絆を作ります。,絆が深まる日まで,,70,7,相手に対して誠実な約束をし、それを必ず守る
TRANSIT_SUN,NATAL_SATURN,0,Health,12,Earth,1,Applying,規則正しい生活が健康の鍵です。,身体が整う日まで,,75,9,生活のリズムを一定に保ち、無理のない運動を継続する
TRANSIT_SUN,NATAL_SATURN,0,General,12,Earth,1,Separating,内面的な省察を通じて、自分自身の根本的な基盤を整える時期です。,土台が固まる日まで,,80,8,15分間の静かな時間を確保し、自分の人生の目的を再確認する
TRANSIT_SUN,NATAL_SATURN,0,Work,12,Earth,1,Separating,責任感ある行動が評価されます。,信頼が高まる日まで,,75,7,担当業務を完璧に仕上げ、報告を怠らない
TRANSIT_SUN,NATAL_SATURN,0,Money,12,Earth,1,Separating,堅実な資産管理を優先すべき時です。,資産が守られる日まで,,65,6,支出を1円単位で管理し、無駄を徹底的に省く
TRANSIT_SUN,NATAL_SATURN,0,Love,12,Earth,1,Separating,誠実な対話が揺るぎない絆を作ります。,絆が深まる日まで,,70,7,相手に対して誠実な約束をし、それを必ず守る
TRANSIT_SUN,NATAL_SATURN,0,Health,12,Earth,1,Separating,規則正しい生活が健康の鍵です。,身体が整う日まで,,75,9,生活のリズムを一定に保ち、無理のない運動を継続する
TRANSIT_SUN,NATAL_SATURN,0,General,12,Air,0,Applying,内面的な省察を通じて、自分自身の根本的な基盤を整える時期です。,土台が固まる日まで,,80,8,15分間の静かな時間を確保し、自分の人生の目的を再確認する
TRANSIT_SUN,NATAL_SATURN,0,Work,12,Air,0,Applying,責任感ある行動が評価されます。,信頼が高まる日まで,,75,7,担当業務を完璧に仕上げ、報告を怠らない
TRANSIT_SUN,NATAL_SATURN,0,Money,12,Air,0,Applying,堅実な資産管理を優先すべき時です。,資産が守られる日まで,,65,6,支出を1円単位で管理し、無駄を徹底的に省く
TRANSIT_SUN,NATAL_SATURN,0,Love,12,Air,0,Applying,誠実な対話が揺るぎない絆を作ります。,絆が深まる日まで,,70,7,相手に対して誠実な約束をし、それを必ず守る
TRANSIT_SUN,NATAL_SATURN,0,Health,12,Air,0,Applying,規則正しい生活が健康の鍵です。,身体が整う日まで,,75,9,生活のリズムを一定に保ち、無理のない運動を継続する
TRANSIT_SUN,NATAL_SATURN,0,General,12,Air,0,Separating,内面的な省察を通じて、自分自身の根本的な基盤を整える時期です。,土台が固まる日まで,,80,8,15分間の静かな時間を確保し、自分の人生の目的を再確認する
TRANSIT_SUN,NATAL_SATURN,0,Work,12,Air,0,Separating,責任感ある行動が評価されます。,信頼が高まる日まで,,75,7,担当業務を完璧に仕上げ、報告を怠らない
TRANSIT_SUN,NATAL_SATURN,0,Money,12,Air,0,Separating,堅実な資産管理を優先すべき時です。,資産が守られる日まで,,65,6,支出を1円単位で管理し、無駄を徹底的に省く
TRANSIT_SUN,NATAL_SATURN,0,Love,12,Air,0,Separating,誠実な対話が揺るぎない絆を作ります。,絆が深まる日まで,,70,7,相手に対して誠実な約束をし、それを必ず守る
TRANSIT_SUN,NATAL_SATURN,0,Health,12,Air,0,Separating,規則正しい生活が健康の鍵です。,身体が整う日まで,,75,9,生活のリズムを一定に保ち、無理のない運動を継続する
TRANSIT_SUN,NATAL_SATURN,0,General,12,Air,1,Applying,内面的な省察を通じて、自分自身の根本的な基盤を整える時期です。,土台が固まる日まで,,80,8,15分間の静かな時間を確保し、自分の人生の目的を再確認する
TRANSIT_SUN,NATAL_SATURN,0,Work,12,Air,1,Applying,責任感ある行動が評価されます。,信頼が高まる日まで,,75,7,担当業務を完璧に仕上げ、報告を怠らない
TRANSIT_SUN,NATAL_SATURN,0,Money,12,Air,1,Applying,堅実な資産管理を優先すべき時です。,資産が守られる日まで,,65,6,支出を1円単位で管理し、無駄を徹底的に省く
TRANSIT_SUN,NATAL_SATURN,0,Love,12,Air,1,Applying,誠実な対話が揺るぎない絆を作ります。,絆が深まる日まで,,70,7,相手に対して誠実な約束をし、それを必ず守る
TRANSIT_SUN,NATAL_SATURN,0,Health,12,Air,1,Applying,規則正しい生活が健康の鍵です。,身体が整う日まで,,75,9,生活のリズムを一定に保ち、無理のない運動を継続する
TRANSIT_SUN,NATAL_SATURN,0,General,12,Air,1,Separating,内面的な省察を通じて、自分自身の根本的な基盤を整える時期です。,土台が固まる日まで,,80,8,15分間の静かな時間を確保し、自分の人生の目的を再確認する
TRANSIT_SUN,NATAL_SATURN,0,Work,12,Air,1,Separating,責任感ある行動が評価されます。,信頼が高まる日まで,,75,7,担当業務を完璧に仕上げ、報告を怠らない
TRANSIT_SUN,NATAL_SATURN,0,Money,12,Air,1,Separating,堅実な資産管理を優先すべき時です。,資産が守られる日まで,,65,6,支出を1円単位で管理し、無駄を徹底的に省く
TRANSIT_SUN,NATAL_SATURN,0,Love,12,Air,1,Separating,誠実な対話が揺るぎない絆を作ります。,絆が深まる日まで,,70,7,相手に対して誠実な約束をし、それを必ず守る
TRANSIT_SUN,NATAL_SATURN,0,Health,12,Air,1,Separating,規則正しい生活が健康の鍵です。,身体が整う日まで,,75,9,生活のリズムを一定に保ち、無理のない運動を継続する
TRANSIT_SUN,NATAL_SATURN,0,General,12,Water,0,Applying,内面的な省察を通じて、自分自身の根本的な基盤を整える時期です。,土台が固まる日まで,,80,8,15分間の静かな時間を確保し、自分の人生の目的を再確認する
TRANSIT_SUN,NATAL_SATURN,0,Work,12,Water,0,Applying,責任感ある行動が評価されます。,信頼が高まる日まで,,75,7,担当業務を完璧に仕上げ、報告を怠らない
TRANSIT_SUN,NATAL_SATURN,0,Money,12,Water,0,Applying,堅実な資産管理を優先すべき時です。,資産が守られる日まで,,65,6,支出を1円単位で管理し、無駄を徹底的に省く
TRANSIT_SUN,NATAL_SATURN,0,Love,12,Water,0,Applying,誠実な対話が揺るぎない絆を作ります。,絆が深まる日まで,,70,7,相手に対して誠実な約束をし、それを必ず守る
TRANSIT_SUN,NATAL_SATURN,0,Health,12,Water,0,Applying,規則正しい生活が健康の鍵です。,身体が整う日まで,,75,9,生活のリズムを一定に保ち、無理のない運動を継続する
TRANSIT_SUN,NATAL_SATURN,0,General,12,Water,0,Separating,内面的な省察を通じて、自分自身の根本的な基盤を整える時期です。,土台が固まる日まで,,80,8,15分間の静かな時間を確保し、自分の人生の目的を再確認する
TRANSIT_SUN,NATAL_SATURN,0,Work,12,Water,0,Separating,責任感ある行動が評価されます。,信頼が高まる日まで,,75,7,担当業務を完璧に仕上げ、報告を怠らない
TRANSIT_SUN,NATAL_SATURN,0,Money,12,Water,0,Separating,堅実な資産管理を優先すべき時です。,資産が守られる日まで,,65,6,支出を1円単位で管理し、無駄を徹底的に省く
TRANSIT_SUN,NATAL_SATURN,0,Love,12,Water,0,Separating,誠実な対話が揺るぎない絆を作ります。,絆が深まる日まで,,70,7,相手に対して誠実な約束をし、それを必ず守る
TRANSIT_SUN,NATAL_SATURN,0,Health,12,Water,0,Separating,規則正しい生活が健康の鍵です。,身体が整う日まで,,75,9,生活のリズムを一定に保ち、無理のない運動を継続する
TRANSIT_SUN,NATAL_SATURN,0,General,12,Water,1,Applying,内面的な省察を通じて、自分自身の根本的な基盤を整える時期です。,土台が固まる日まで,,80,8,15分間の静かな時間を確保し、自分の人生の目的を再確認する
TRANSIT_SUN,NATAL_SATURN,0,Work,12,Water,1,Applying,責任感ある行動が評価されます。,信頼が高まる日まで,,75,7,担当業務を完璧に仕上げ、報告を怠らない
TRANSIT_SUN,NATAL_SATURN,0,Money,12,Water,1,Applying,堅実な資産管理を優先すべき時です。,資産が守られる日まで,,65,6,支出を1円単位で管理し、無駄を徹底的に省く
TRANSIT_SUN,NATAL_SATURN,0,Love,12,Water,1,Applying,誠実な対話が揺るぎない絆を作ります。,絆が深まる日まで,,70,7,相手に対して誠実な約束をし、それを必ず守る
TRANSIT_SUN,NATAL_SATURN,0,Health,12,Water,1,Applying,規則正しい生活が健康の鍵です。,身体が整う日まで,,75,9,生活のリズムを一定に保ち、無理のない運動を継続する
TRANSIT_SUN,NATAL_SATURN,0,General,12,Water,1,Separating,内面的な省察を通じて、自分自身の根本的な基盤を整える時期です。,土台が固まる日まで,,80,8,15分間の静かな時間を確保し、自分の人生の目的を再確認する
TRANSIT_SUN,NATAL_SATURN,0,Work,12,Water,1,Separating,責任感ある行動が評価されます。,信頼が高まる日まで,,75,7,担当業務を完璧に仕上げ、報告を怠らない
TRANSIT_SUN,NATAL_SATURN,0,Money,12,Water,1,Separating,堅実な資産管理を優先すべき時です。,資産が守られる日まで,,65,6,支出を1円単位で管理し、無駄を徹底的に省く
TRANSIT_SUN,NATAL_SATURN,0,Love,12,Water,1,Separating,誠実な対話が揺るぎない絆を作ります。,絆が深まる日まで,,70,7,相手に対して誠実な約束をし、それを必ず守る
TRANSIT_SUN,NATAL_SATURN,0,Health,12,Water,1,Separating,規則正しい生活が健康の鍵です。,身体が整う日まで,,75,9,生活のリズムを一定に保ち、無理のない運動を継続する
TRANSIT_SUN,NATAL_URANUS,0,General,1,Fire,0,Applying,革新的な変化を自分自身に取り入れ、新しい個性を発揮できる時期です。,革新が定着する日まで,,85,10,これまでの自分とは違う、新しい試みを1つ実行してみる
TRANSIT_SUN,NATAL_URANUS,0,Work,1,Fire,0,Applying,独創的なアイデアが仕事に変化をもたらします。,評価が刷新される日まで,,80,9,業務における非効率な慣習を打破する提案を行う
TRANSIT_SUN,NATAL_URANUS,0,Money,1,Fire,0,Applying,経済的なチャンスに革新が訪れます。,新しい豊かさが届く日まで,,75,8,仮想通貨や新しい決済システムなどの情報を精査する
TRANSIT_SUN,NATAL_URANUS,0,Love,1,Fire,0,Applying,自由で新しい形の人間関係を築ける時期です。,絆がアップデートされる日まで,,70,7,相手の個性を尊重し、新しいスタイルの付き合い方を試みる
TRANSIT_SUN,NATAL_URANUS,0,Health,1,Fire,0,Applying,最新の健康法やテクノロジーを取り入れましょう。,活力が刷新される日まで,,80,10,最新の健康アプリや健康器具を1つ試してみる
TRANSIT_SUN,NATAL_URANUS,0,General,1,Fire,0,Separating,革新的な変化を自分自身に取り入れ、新しい個性を発揮できる時期です。,革新が定着する日まで,,85,10,これまでの自分とは違う、新しい試みを1つ実行してみる
TRANSIT_SUN,NATAL_URANUS,0,Work,1,Fire,0,Separating,独創的なアイデアが仕事に変化をもたらします。,評価が刷新される日まで,,80,9,業務における非効率な慣習を打破する提案を行う
TRANSIT_SUN,NATAL_URANUS,0,Money,1,Fire,0,Separating,経済的なチャンスに革新が訪れます。,新しい豊かさが届く日まで,,75,8,仮想通貨や新しい決済システムなどの情報を精査する
TRANSIT_SUN,NATAL_URANUS,0,Love,1,Fire,0,Separating,自由で新しい形の人間関係を築ける時期です。,絆がアップデートされる日まで,,70,7,相手の個性を尊重し、新しいスタイルの付き合い方を試みる
TRANSIT_SUN,NATAL_URANUS,0,Health,1,Fire,0,Separating,最新の健康法やテクノロジーを取り入れましょう。,活力が刷新される日まで,,80,10,最新の健康アプリや健康器具を1つ試してみる
TRANSIT_SUN,NATAL_URANUS,0,General,1,Fire,1,Applying,革新的な変化を自分自身に取り入れ、新しい個性を発揮できる時期です。,革新が定着する日まで,,85,10,これまでの自分とは違う、新しい試みを1つ実行してみる
TRANSIT_SUN,NATAL_URANUS,0,Work,1,Fire,1,Applying,独創的なアイデアが仕事に変化をもたらします。,評価が刷新される日まで,,80,9,業務における非効率な慣習を打破する提案を行う
TRANSIT_SUN,NATAL_URANUS,0,Money,1,Fire,1,Applying,経済的なチャンスに革新が訪れます。,新しい豊かさが届く日まで,,75,8,仮想通貨や新しい決済システムなどの情報を精査する
TRANSIT_SUN,NATAL_URANUS,0,Love,1,Fire,1,Applying,自由で新しい形の人間関係を築ける時期です。,絆がアップデートされる日まで,,70,7,相手の個性を尊重し、新しいスタイルの付き合い方を試みる
TRANSIT_SUN,NATAL_URANUS,0,Health,1,Fire,1,Applying,最新の健康法やテクノロジーを取り入れましょう。,活力が刷新される日まで,,80,10,最新の健康アプリや健康器具を1つ試してみる
TRANSIT_SUN,NATAL_URANUS,0,General,1,Fire,1,Separating,革新的な変化を自分自身に取り入れ、新しい個性を発揮できる時期です。,革新が定着する日まで,,85,10,これまでの自分とは違う、新しい試みを1つ実行してみる
TRANSIT_SUN,NATAL_URANUS,0,Work,1,Fire,1,Separating,独創的なアイデアが仕事に変化をもたらします。,評価が刷新される日まで,,80,9,業務における非効率な慣習を打破する提案を行う
TRANSIT_SUN,NATAL_URANUS,0,Money,1,Fire,1,Separating,経済的なチャンスに革新が訪れます。,新しい豊かさが届く日まで,,75,8,仮想通貨や新しい決済システムなどの情報を精査する
TRANSIT_SUN,NATAL_URANUS,0,Love,1,Fire,1,Separating,自由で新しい形の人間関係を築ける時期です。,絆がアップデートされる日まで,,70,7,相手の個性を尊重し、新しいスタイルの付き合い方を試みる
TRANSIT_SUN,NATAL_URANUS,0,Health,1,Fire,1,Separating,最新の健康法やテクノロジーを取り入れましょう。,活力が刷新される日まで,,80,10,最新の健康アプリや健康器具を1つ試してみる
TRANSIT_SUN,NATAL_URANUS,0,General,1,Earth,0,Applying,革新的な変化を自分自身に取り入れ、新しい個性を発揮できる時期です。,革新が定着する日まで,,85,10,これまでの自分とは違う、新しい試みを1つ実行してみる
TRANSIT_SUN,NATAL_URANUS,0,Work,1,Earth,0,Applying,独創的なアイデアが仕事に変化をもたらします。,評価が刷新される日まで,,80,9,業務における非効率な慣習を打破する提案を行う
TRANSIT_SUN,NATAL_URANUS,0,Money,1,Earth,0,Applying,経済的なチャンスに革新が訪れます。,新しい豊かさが届く日まで,,75,8,仮想通貨や新しい決済システムなどの情報を精査する
TRANSIT_SUN,NATAL_URANUS,0,Love,1,Earth,0,Applying,自由で新しい形の人間関係を築ける時期です。,絆がアップデートされる日まで,,70,7,相手の個性を尊重し、新しいスタイルの付き合い方を試みる
TRANSIT_SUN,NATAL_URANUS,0,Health,1,Earth,0,Applying,最新の健康法やテクノロジーを取り入れましょう。,活力が刷新される日まで,,80,10,最新の健康アプリや健康器具を1つ試してみる
TRANSIT_SUN,NATAL_URANUS,0,General,1,Earth,0,Separating,革新的な変化を自分自身に取り入れ、新しい個性を発揮できる時期です。,革新が定着する日まで,,85,10,これまでの自分とは違う、新しい試みを1つ実行してみる
TRANSIT_SUN,NATAL_URANUS,0,Work,1,Earth,0,Separating,独創的なアイデアが仕事に変化をもたらします。,評価が刷新される日まで,,80,9,業務における非効率な慣習を打破する提案を行う
TRANSIT_SUN,NATAL_URANUS,0,Money,1,Earth,0,Separating,経済的なチャンスに革新が訪れます。,新しい豊かさが届く日まで,,75,8,仮想通貨や新しい決済システムなどの情報を精査する
TRANSIT_SUN,NATAL_URANUS,0,Love,1,Earth,0,Separating,自由で新しい形の人間関係を築ける時期です。,絆がアップデートされる日まで,,70,7,相手の個性を尊重し、新しいスタイルの付き合い方を試みる
TRANSIT_SUN,NATAL_URANUS,0,Health,1,Earth,0,Separating,最新の健康法やテクノロジーを取り入れましょう。,活力が刷新される日まで,,80,10,最新の健康アプリや健康器具を1つ試してみる
TRANSIT_SUN,NATAL_URANUS,0,General,1,Earth,1,Applying,革新的な変化を自分自身に取り入れ、新しい個性を発揮できる時期です。,革新が定着する日まで,,85,10,これまでの自分とは違う、新しい試みを1つ実行してみる
TRANSIT_SUN,NATAL_URANUS,0,Work,1,Earth,1,Applying,独創的なアイデアが仕事に変化をもたらします。,評価が刷新される日まで,,80,9,業務における非効率な慣習を打破する提案を行う
TRANSIT_SUN,NATAL_URANUS,0,Money,1,Earth,1,Applying,経済的なチャンスに革新が訪れます。,新しい豊かさが届く日まで,,75,8,仮想通貨や新しい決済システムなどの情報を精査する
TRANSIT_SUN,NATAL_URANUS,0,Love,1,Earth,1,Applying,自由で新しい形の人間関係を築ける時期です。,絆がアップデートされる日まで,,70,7,相手の個性を尊重し、新しいスタイルの付き合い方を試みる
TRANSIT_SUN,NATAL_URANUS,0,Health,1,Earth,1,Applying,最新の健康法やテクノロジーを取り入れましょう。,活力が刷新される日まで,,80,10,最新の健康アプリや健康器具を1つ試してみる
TRANSIT_SUN,NATAL_URANUS,0,General,1,Earth,1,Separating,革新的な変化を自分自身に取り入れ、新しい個性を発揮できる時期です。,革新が定着する日まで,,85,10,これまでの自分とは違う、新しい試みを1つ実行してみる
TRANSIT_SUN,NATAL_URANUS,0,Work,1,Earth,1,Separating,独創的なアイデアが仕事に変化をもたらします。,評価が刷新される日まで,,80,9,業務における非効率な慣習を打破する提案を行う
TRANSIT_SUN,NATAL_URANUS,0,Money,1,Earth,1,Separating,経済的なチャンスに革新が訪れます。,新しい豊かさが届く日まで,,75,8,仮想通貨や新しい決済システムなどの情報を精査する
TRANSIT_SUN,NATAL_URANUS,0,Love,1,Earth,1,Separating,自由で新しい形の人間関係を築ける時期です。,絆がアップデートされる日まで,,70,7,相手の個性を尊重し、新しいスタイルの付き合い方を試みる
TRANSIT_SUN,NATAL_URANUS,0,Health,1,Earth,1,Separating,最新の健康法やテクノロジーを取り入れましょう。,活力が刷新される日まで,,80,10,最新の健康アプリや健康器具を1つ試してみる
TRANSIT_SUN,NATAL_URANUS,0,General,1,Air,0,Applying,革新的な変化を自分自身に取り入れ、新しい個性を発揮できる時期です。,革新が定着する日まで,,85,10,これまでの自分とは違う、新しい試みを1つ実行してみる
TRANSIT_SUN,NATAL_URANUS,0,Work,1,Air,0,Applying,独創的なアイデアが仕事に変化をもたらします。,評価が刷新される日まで,,80,9,業務における非効率な慣習を打破する提案を行う
TRANSIT_SUN,NATAL_URANUS,0,Money,1,Air,0,Applying,経済的なチャンスに革新が訪れます。,新しい豊かさが届く日まで,,75,8,仮想通貨や新しい決済システムなどの情報を精査する
TRANSIT_SUN,NATAL_URANUS,0,Love,1,Air,0,Applying,自由で新しい形の人間関係を築ける時期です。,絆がアップデートされる日まで,,70,7,相手の個性を尊重し、新しいスタイルの付き合い方を試みる
TRANSIT_SUN,NATAL_URANUS,0,Health,1,Air,0,Applying,最新の健康法やテクノロジーを取り入れましょう。,活力が刷新される日まで,,80,10,最新の健康アプリや健康器具を1つ試してみる
TRANSIT_SUN,NATAL_URANUS,0,General,1,Air,0,Separating,革新的な変化を自分自身に取り入れ、新しい個性を発揮できる時期です。,革新が定着する日まで,,85,10,これまでの自分とは違う、新しい試みを1つ実行してみる
TRANSIT_SUN,NATAL_URANUS,0,Work,1,Air,0,Separating,独創的なアイデアが仕事に変化をもたらします。,評価が刷新される日まで,,80,9,業務における非効率な慣習を打破する提案を行う
TRANSIT_SUN,NATAL_URANUS,0,Money,1,Air,0,Separating,経済的なチャンスに革新が訪れます。,新しい豊かさが届く日まで,,75,8,仮想通貨や新しい決済システムなどの情報を精査する
TRANSIT_SUN,NATAL_URANUS,0,Love,1,Air,0,Separating,自由で新しい形の人間関係を築ける時期です。,絆がアップデートされる日まで,,70,7,相手の個性を尊重し、新しいスタイルの付き合い方を試みる
TRANSIT_SUN,NATAL_URANUS,0,Health,1,Air,0,Separating,最新の健康法やテクノロジーを取り入れましょう。,活力が刷新される日まで,,80,10,最新の健康アプリや健康器具を1つ試してみる
TRANSIT_SUN,NATAL_URANUS,0,General,1,Air,1,Applying,革新的な変化を自分自身に取り入れ、新しい個性を発揮できる時期です。,革新が定着する日まで,,85,10,これまでの自分とは違う、新しい試みを1つ実行してみる
TRANSIT_SUN,NATAL_URANUS,0,Work,1,Air,1,Applying,独創的なアイデアが仕事に変化をもたらします。,評価が刷新される日まで,,80,9,業務における非効率な慣習を打破する提案を行う
TRANSIT_SUN,NATAL_URANUS,0,Money,1,Air,1,Applying,経済的なチャンスに革新が訪れます。,新しい豊かさが届く日まで,,75,8,仮想通貨や新しい決済システムなどの情報を精査する
TRANSIT_SUN,NATAL_URANUS,0,Love,1,Air,1,Applying,自由で新しい形の人間関係を築ける時期です。,絆がアップデートされる日まで,,70,7,相手の個性を尊重し、新しいスタイルの付き合い方を試みる
TRANSIT_SUN,NATAL_URANUS,0,Health,1,Air,1,Applying,最新の健康法やテクノロジーを取り入れましょう。,活力が刷新される日まで,,80,10,最新の健康アプリや健康器具を1つ試してみる
TRANSIT_SUN,NATAL_URANUS,0,General,1,Air,1,Separating,革新的な変化を自分自身に取り入れ、新しい個性を発揮できる時期です。,革新が定着する日まで,,85,10,これまでの自分とは違う、新しい試みを1つ実行してみる
TRANSIT_SUN,NATAL_URANUS,0,Work,1,Air,1,Separating,独創的なアイデアが仕事に変化をもたらします。,評価が刷新される日まで,,80,9,業務における非効率な慣習を打破する提案を行う
TRANSIT_SUN,NATAL_URANUS,0,Money,1,Air,1,Separating,経済的なチャンスに革新が訪れます。,新しい豊かさが届く日まで,,75,8,仮想通貨や新しい決済システムなどの情報を精査する
TRANSIT_SUN,NATAL_URANUS,0,Love,1,Air,1,Separating,自由で新しい形の人間関係を築ける時期です。,絆がアップデートされる日まで,,70,7,相手の個性を尊重し、新しいスタイルの付き合い方を試みる
TRANSIT_SUN,NATAL_URANUS,0,Health,1,Air,1,Separating,最新の健康法やテクノロジーを取り入れましょう。,活力が刷新される日まで,,80,10,最新の健康アプリや健康器具を1つ試してみる
TRANSIT_SUN,NATAL_URANUS,0,General,1,Water,0,Applying,革新的な変化を自分自身に取り入れ、新しい個性を発揮できる時期です。,革新が定着する日まで,,85,10,これまでの自分とは違う、新しい試みを1つ実行してみる
TRANSIT_SUN,NATAL_URANUS,0,Work,1,Water,0,Applying,独創的なアイデアが仕事に変化をもたらします。,評価が刷新される日まで,,80,9,業務における非効率な慣習を打破する提案を行う
TRANSIT_SUN,NATAL_URANUS,0,Money,1,Water,0,Applying,経済的なチャンスに革新が訪れます。,新しい豊かさが届く日まで,,75,8,仮想通貨や新しい決済システムなどの情報を精査する
TRANSIT_SUN,NATAL_URANUS,0,Love,1,Water,0,Applying,自由で新しい形の人間関係を築ける時期です。,絆がアップデートされる日まで,,70,7,相手の個性を尊重し、新しいスタイルの付き合い方を試みる
TRANSIT_SUN,NATAL_URANUS,0,Health,1,Water,0,Applying,最新の健康法やテクノロジーを取り入れましょう。,活力が刷新される日まで,,80,10,最新の健康アプリや健康器具を1つ試してみる
TRANSIT_SUN,NATAL_URANUS,0,General,1,Water,0,Separating,革新的な変化を自分自身に取り入れ、新しい個性を発揮できる時期です。,革新が定着する日まで,,85,10,これまでの自分とは違う、新しい試みを1つ実行してみる
TRANSIT_SUN,NATAL_URANUS,0,Work,1,Water,0,Separating,独創的なアイデアが仕事に変化をもたらします。,評価が刷新される日まで,,80,9,業務における非効率な慣習を打破する提案を行う
TRANSIT_SUN,NATAL_URANUS,0,Money,1,Water,0,Separating,経済的なチャンスに革新が訪れます。,新しい豊かさが届く日まで,,75,8,仮想通貨や新しい決済システムなどの情報を精査する
TRANSIT_SUN,NATAL_URANUS,0,Love,1,Water,0,Separating,自由で新しい形の人間関係を築ける時期です。,絆がアップデートされる日まで,,70,7,相手の個性を尊重し、新しいスタイルの付き合い方を試みる
TRANSIT_SUN,NATAL_URANUS,0,Health,1,Water,0,Separating,最新の健康法やテクノロジーを取り入れましょう。,活力が刷新される日まで,,80,10,最新の健康アプリや健康器具を1つ試してみる
TRANSIT_SUN,NATAL_URANUS,0,General,1,Water,1,Applying,革新的な変化を自分自身に取り入れ、新しい個性を発揮できる時期です。,革新が定着する日まで,,85,10,これまでの自分とは違う、新しい試みを1つ実行してみる
TRANSIT_SUN,NATAL_URANUS,0,Work,1,Water,1,Applying,独創的なアイデアが仕事に変化をもたらします。,評価が刷新される日まで,,80,9,業務における非効率な慣習を打破する提案を行う
TRANSIT_SUN,NATAL_URANUS,0,Money,1,Water,1,Applying,経済的なチャンスに革新が訪れます。,新しい豊かさが届く日まで,,75,8,仮想通貨や新しい決済システムなどの情報を精査する
TRANSIT_SUN,NATAL_URANUS,0,Love,1,Water,1,Applying,自由で新しい形の人間関係を築ける時期です。,絆がアップデートされる日まで,,70,7,相手の個性を尊重し、新しいスタイルの付き合い方を試みる
TRANSIT_SUN,NATAL_URANUS,0,Health,1,Water,1,Applying,最新の健康法やテクノロジーを取り入れましょう。,活力が刷新される日まで,,80,10,最新の健康アプリや健康器具を1つ試してみる
TRANSIT_SUN,NATAL_URANUS,0,General,1,Water,1,Separating,革新的な変化を自分自身に取り入れ、新しい個性を発揮できる時期です。,革新が定着する日まで,,85,10,これまでの自分とは違う、新しい試みを1つ実行してみる
TRANSIT_SUN,NATAL_URANUS,0,Work,1,Water,1,Separating,独創的なアイデアが仕事に変化をもたらします。,評価が刷新される日まで,,80,9,業務における非効率な慣習を打破する提案を行う
TRANSIT_SUN,NATAL_URANUS,0,Money,1,Water,1,Separating,経済的なチャンスに革新が訪れます。,新しい豊かさが届く日まで,,75,8,仮想通貨や新しい決済システムなどの情報を精査する
TRANSIT_SUN,NATAL_URANUS,0,Love,1,Water,1,Separating,自由で新しい形の人間関係を築ける時期です。,絆がアップデートされる日まで,,70,7,相手の個性を尊重し、新しいスタイルの付き合い方を試みる
TRANSIT_SUN,NATAL_URANUS,0,Health,1,Water,1,Separating,最新の健康法やテクノロジーを取り入れましょう。,活力が刷新される日まで,,80,10,最新の健康アプリや健康器具を1つ試してみる
TRANSIT_SUN,NATAL_URANUS,0,General,2,Fire,0,Applying,経済的な基盤に革新が訪れ、新しい収益の形を模索するのに適した時です。,革新が定着する日まで,,85,10,最新のテクノロジーやトレンドを活かした収益化の方法をリサーチする
TRANSIT_SUN,NATAL_URANUS,0,Work,2,Fire,0,Applying,独創的なアイデアが仕事に変化をもたらします。,評価が刷新される日まで,,80,9,業務における非効率な慣習を打破する提案を行う
TRANSIT_SUN,NATAL_URANUS,0,Money,2,Fire,0,Applying,経済的なチャンスに革新が訪れます。,新しい豊かさが届く日まで,,75,8,仮想通貨や新しい決済システムなどの情報を精査する
TRANSIT_SUN,NATAL_URANUS,0,Love,2,Fire,0,Applying,自由で新しい形の人間関係を築ける時期です。,絆がアップデートされる日まで,,70,7,相手の個性を尊重し、新しいスタイルの付き合い方を試みる
TRANSIT_SUN,NATAL_URANUS,0,Health,2,Fire,0,Applying,最新の健康法やテクノロジーを取り入れましょう。,活力が刷新される日まで,,80,10,最新の健康アプリや健康器具を1つ試してみる
TRANSIT_SUN,NATAL_URANUS,0,General,2,Fire,0,Separating,経済的な基盤に革新が訪れ、新しい収益の形を模索するのに適した時です。,革新が定着する日まで,,85,10,最新のテクノロジーやトレンドを活かした収益化の方法をリサーチする
TRANSIT_SUN,NATAL_URANUS,0,Work,2,Fire,0,Separating,独創的なアイデアが仕事に変化をもたらします。,評価が刷新される日まで,,80,9,業務における非効率な慣習を打破する提案を行う
TRANSIT_SUN,NATAL_URANUS,0,Money,2,Fire,0,Separating,経済的なチャンスに革新が訪れます。,新しい豊かさが届く日まで,,75,8,仮想通貨や新しい決済システムなどの情報を精査する
TRANSIT_SUN,NATAL_URANUS,0,Love,2,Fire,0,Separating,自由で新しい形の人間関係を築ける時期です。,絆がアップデートされる日まで,,70,7,相手の個性を尊重し、新しいスタイルの付き合い方を試みる
TRANSIT_SUN,NATAL_URANUS,0,Health,2,Fire,0,Separating,最新の健康法やテクノロジーを取り入れましょう。,活力が刷新される日まで,,80,10,最新の健康アプリや健康器具を1つ試してみる
TRANSIT_SUN,NATAL_URANUS,0,General,2,Fire,1,Applying,経済的な基盤に革新が訪れ、新しい収益の形を模索するのに適した時です。,革新が定着する日まで,,85,10,最新のテクノロジーやトレンドを活かした収益化の方法をリサーチする
TRANSIT_SUN,NATAL_URANUS,0,Work,2,Fire,1,Applying,独創的なアイデアが仕事に変化をもたらします。,評価が刷新される日まで,,80,9,業務における非効率な慣習を打破する提案を行う
TRANSIT_SUN,NATAL_URANUS,0,Money,2,Fire,1,Applying,経済的なチャンスに革新が訪れます。,新しい豊かさが届く日まで,,75,8,仮想通貨や新しい決済システムなどの情報を精査する
TRANSIT_SUN,NATAL_URANUS,0,Love,2,Fire,1,Applying,自由で新しい形の人間関係を築ける時期です。,絆がアップデートされる日まで,,70,7,相手の個性を尊重し、新しいスタイルの付き合い方を試みる
TRANSIT_SUN,NATAL_URANUS,0,Health,2,Fire,1,Applying,最新の健康法やテクノロジーを取り入れましょう。,活力が刷新される日まで,,80,10,最新の健康アプリや健康器具を1つ試してみる
TRANSIT_SUN,NATAL_URANUS,0,General,2,Fire,1,Separating,経済的な基盤に革新が訪れ、新しい収益の形を模索するのに適した時です。,革新が定着する日まで,,85,10,最新のテクノロジーやトレンドを活かした収益化の方法をリサーチする
TRANSIT_SUN,NATAL_URANUS,0,Work,2,Fire,1,Separating,独創的なアイデアが仕事に変化をもたらします。,評価が刷新される日まで,,80,9,業務における非効率な慣習を打破する提案を行う
TRANSIT_SUN,NATAL_URANUS,0,Money,2,Fire,1,Separating,経済的なチャンスに革新が訪れます。,新しい豊かさが届く日まで,,75,8,仮想通貨や新しい決済システムなどの情報を精査する
TRANSIT_SUN,NATAL_URANUS,0,Love,2,Fire,1,Separating,自由で新しい形の人間関係を築ける時期です。,絆がアップデートされる日まで,,70,7,相手の個性を尊重し、新しいスタイルの付き合い方を試みる
TRANSIT_SUN,NATAL_URANUS,0,Health,2,Fire,1,Separating,最新の健康法やテクノロジーを取り入れましょう。,活力が刷新される日まで,,80,10,最新の健康アプリや健康器具を1つ試してみる
TRANSIT_SUN,NATAL_URANUS,0,General,2,Earth,0,Applying,経済的な基盤に革新が訪れ、新しい収益の形を模索するのに適した時です。,革新が定着する日まで,,85,10,最新のテクノロジーやトレンドを活かした収益化の方法をリサーチする
TRANSIT_SUN,NATAL_URANUS,0,Work,2,Earth,0,Applying,独創的なアイデアが仕事に変化をもたらします。,評価が刷新される日まで,,80,9,業務における非効率な慣習を打破する提案を行う
TRANSIT_SUN,NATAL_URANUS,0,Money,2,Earth,0,Applying,経済的なチャンスに革新が訪れます。,新しい豊かさが届く日まで,,75,8,仮想通貨や新しい決済システムなどの情報を精査する
TRANSIT_SUN,NATAL_URANUS,0,Love,2,Earth,0,Applying,自由で新しい形の人間関係を築ける時期です。,絆がアップデートされる日まで,,70,7,相手の個性を尊重し、新しいスタイルの付き合い方を試みる
TRANSIT_SUN,NATAL_URANUS,0,Health,2,Earth,0,Applying,最新の健康法やテクノロジーを取り入れましょう。,活力が刷新される日まで,,80,10,最新の健康アプリや健康器具を1つ試してみる
TRANSIT_SUN,NATAL_URANUS,0,General,2,Earth,0,Separating,経済的な基盤に革新が訪れ、新しい収益の形を模索するのに適した時です。,革新が定着する日まで,,85,10,最新のテクノロジーやトレンドを活かした収益化の方法をリサーチする
TRANSIT_SUN,NATAL_URANUS,0,Work,2,Earth,0,Separating,独創的なアイデアが仕事に変化をもたらします。,評価が刷新される日まで,,80,9,業務における非効率な慣習を打破する提案を行う
TRANSIT_SUN,NATAL_URANUS,0,Money,2,Earth,0,Separating,経済的なチャンスに革新が訪れます。,新しい豊かさが届く日まで,,75,8,仮想通貨や新しい決済システムなどの情報を精査する
TRANSIT_SUN,NATAL_URANUS,0,Love,2,Earth,0,Separating,自由で新しい形の人間関係を築ける時期です。,絆がアップデートされる日まで,,70,7,相手の個性を尊重し、新しいスタイルの付き合い方を試みる
TRANSIT_SUN,NATAL_URANUS,0,Health,2,Earth,0,Separating,最新の健康法やテクノロジーを取り入れましょう。,活力が刷新される日まで,,80,10,最新の健康アプリや健康器具を1つ試してみる
TRANSIT_SUN,NATAL_URANUS,0,General,2,Earth,1,Applying,経済的な基盤に革新が訪れ、新しい収益の形を模索するのに適した時です。,革新が定着する日まで,,85,10,最新のテクノロジーやトレンドを活かした収益化の方法をリサーチする
TRANSIT_SUN,NATAL_URANUS,0,Work,2,Earth,1,Applying,独創的なアイデアが仕事に変化をもたらします。,評価が刷新される日まで,,80,9,業務における非効率な慣習を打破する提案を行う
TRANSIT_SUN,NATAL_URANUS,0,Money,2,Earth,1,Applying,経済的なチャンスに革新が訪れます。,新しい豊かさが届く日まで,,75,8,仮想通貨や新しい決済システムなどの情報を精査する
TRANSIT_SUN,NATAL_URANUS,0,Love,2,Earth,1,Applying,自由で新しい形の人間関係を築ける時期です。,絆がアップデートされる日まで,,70,7,相手の個性を尊重し、新しいスタイルの付き合い方を試みる
TRANSIT_SUN,NATAL_URANUS,0,Health,2,Earth,1,Applying,最新の健康法やテクノロジーを取り入れましょう。,活力が刷新される日まで,,80,10,最新の健康アプリや健康器具を1つ試してみる
TRANSIT_SUN,NATAL_URANUS,0,General,2,Earth,1,Separating,経済的な基盤に革新が訪れ、新しい収益の形を模索するのに適した時です。,革新が定着する日まで,,85,10,最新のテクノロジーやトレンドを活かした収益化の方法をリサーチする
TRANSIT_SUN,NATAL_URANUS,0,Work,2,Earth,1,Separating,独創的なアイデアが仕事に変化をもたらします。,評価が刷新される日まで,,80,9,業務における非効率な慣習を打破する提案を行う
TRANSIT_SUN,NATAL_URANUS,0,Money,2,Earth,1,Separating,経済的なチャンスに革新が訪れます。,新しい豊かさが届く日まで,,75,8,仮想通貨や新しい決済システムなどの情報を精査する
TRANSIT_SUN,NATAL_URANUS,0,Love,2,Earth,1,Separating,自由で新しい形の人間関係を築ける時期です。,絆がアップデートされる日まで,,70,7,相手の個性を尊重し、新しいスタイルの付き合い方を試みる
TRANSIT_SUN,NATAL_URANUS,0,Health,2,Earth,1,Separating,最新の健康法やテクノロジーを取り入れましょう。,活力が刷新される日まで,,80,10,最新の健康アプリや健康器具を1つ試してみる
TRANSIT_SUN,NATAL_URANUS,0,General,2,Air,0,Applying,経済的な基盤に革新が訪れ、新しい収益の形を模索するのに適した時です。,革新が定着する日まで,,85,10,最新のテクノロジーやトレンドを活かした収益化の方法をリサーチする
TRANSIT_SUN,NATAL_URANUS,0,Work,2,Air,0,Applying,独創的なアイデアが仕事に変化をもたらします。,評価が刷新される日まで,,80,9,業務における非効率な慣習を打破する提案を行う
TRANSIT_SUN,NATAL_URANUS,0,Money,2,Air,0,Applying,経済的なチャンスに革新が訪れます。,新しい豊かさが届く日まで,,75,8,仮想通貨や新しい決済システムなどの情報を精査する
TRANSIT_SUN,NATAL_URANUS,0,Love,2,Air,0,Applying,自由で新しい形の人間関係を築ける時期です。,絆がアップデートされる日まで,,70,7,相手の個性を尊重し、新しいスタイルの付き合い方を試みる
TRANSIT_SUN,NATAL_URANUS,0,Health,2,Air,0,Applying,最新の健康法やテクノロジーを取り入れましょう。,活力が刷新される日まで,,80,10,最新の健康アプリや健康器具を1つ試してみる
TRANSIT_SUN,NATAL_URANUS,0,General,2,Air,0,Separating,経済的な基盤に革新が訪れ、新しい収益の形を模索するのに適した時です。,革新が定着する日まで,,85,10,最新のテクノロジーやトレンドを活かした収益化の方法をリサーチする
TRANSIT_SUN,NATAL_URANUS,0,Work,2,Air,0,Separating,独創的なアイデアが仕事に変化をもたらします。,評価が刷新される日まで,,80,9,業務における非効率な慣習を打破する提案を行う
TRANSIT_SUN,NATAL_URANUS,0,Money,2,Air,0,Separating,経済的なチャンスに革新が訪れます。,新しい豊かさが届く日まで,,75,8,仮想通貨や新しい決済システムなどの情報を精査する
TRANSIT_SUN,NATAL_URANUS,0,Love,2,Air,0,Separating,自由で新しい形の人間関係を築ける時期です。,絆がアップデートされる日まで,,70,7,相手の個性を尊重し、新しいスタイルの付き合い方を試みる
TRANSIT_SUN,NATAL_URANUS,0,Health,2,Air,0,Separating,最新の健康法やテクノロジーを取り入れましょう。,活力が刷新される日まで,,80,10,最新の健康アプリや健康器具を1つ試してみる
TRANSIT_SUN,NATAL_URANUS,0,General,2,Air,1,Applying,経済的な基盤に革新が訪れ、新しい収益の形を模索するのに適した時です。,革新が定着する日まで,,85,10,最新のテクノロジーやトレンドを活かした収益化の方法をリサーチする
TRANSIT_SUN,NATAL_URANUS,0,Work,2,Air,1,Applying,独創的なアイデアが仕事に変化をもたらします。,評価が刷新される日まで,,80,9,業務における非効率な慣習を打破する提案を行う
TRANSIT_SUN,NATAL_URANUS,0,Money,2,Air,1,Applying,経済的なチャンスに革新が訪れます。,新しい豊かさが届く日まで,,75,8,仮想通貨や新しい決済システムなどの情報を精査する
TRANSIT_SUN,NATAL_URANUS,0,Love,2,Air,1,Applying,自由で新しい形の人間関係を築ける時期です。,絆がアップデートされる日まで,,70,7,相手の個性を尊重し、新しいスタイルの付き合い方を試みる
TRANSIT_SUN,NATAL_URANUS,0,Health,2,Air,1,Applying,最新の健康法やテクノロジーを取り入れましょう。,活力が刷新される日まで,,80,10,最新の健康アプリや健康器具を1つ試してみる
TRANSIT_SUN,NATAL_URANUS,0,General,2,Air,1,Separating,経済的な基盤に革新が訪れ、新しい収益の形を模索するのに適した時です。,革新が定着する日まで,,85,10,最新のテクノロジーやトレンドを活かした収益化の方法をリサーチする
TRANSIT_SUN,NATAL_URANUS,0,Work,2,Air,1,Separating,独創的なアイデアが仕事に変化をもたらします。,評価が刷新される日まで,,80,9,業務における非効率な慣習を打破する提案を行う
TRANSIT_SUN,NATAL_URANUS,0,Money,2,Air,1,Separating,経済的なチャンスに革新が訪れます。,新しい豊かさが届く日まで,,75,8,仮想通貨や新しい決済システムなどの情報を精査する
TRANSIT_SUN,NATAL_URANUS,0,Love,2,Air,1,Separating,自由で新しい形の人間関係を築ける時期です。,絆がアップデートされる日まで,,70,7,相手の個性を尊重し、新しいスタイルの付き合い方を試みる
TRANSIT_SUN,NATAL_URANUS,0,Health,2,Air,1,Separating,最新の健康法やテクノロジーを取り入れましょう。,活力が刷新される日まで,,80,10,最新の健康アプリや健康器具を1つ試してみる
TRANSIT_SUN,NATAL_URANUS,0,General,2,Water,0,Applying,経済的な基盤に革新が訪れ、新しい収益の形を模索するのに適した時です。,革新が定着する日まで,,85,10,最新のテクノロジーやトレンドを活かした収益化の方法をリサーチする
TRANSIT_SUN,NATAL_URANUS,0,Work,2,Water,0,Applying,独創的なアイデアが仕事に変化をもたらします。,評価が刷新される日まで,,80,9,業務における非効率な慣習を打破する提案を行う
TRANSIT_SUN,NATAL_URANUS,0,Money,2,Water,0,Applying,経済的なチャンスに革新が訪れます。,新しい豊かさが届く日まで,,75,8,仮想通貨や新しい決済システムなどの情報を精査する
TRANSIT_SUN,NATAL_URANUS,0,Love,2,Water,0,Applying,自由で新しい形の人間関係を築ける時期です。,絆がアップデートされる日まで,,70,7,相手の個性を尊重し、新しいスタイルの付き合い方を試みる
TRANSIT_SUN,NATAL_URANUS,0,Health,2,Water,0,Applying,最新の健康法やテクノロジーを取り入れましょう。,活力が刷新される日まで,,80,10,最新の健康アプリや健康器具を1つ試してみる
TRANSIT_SUN,NATAL_URANUS,0,General,2,Water,0,Separating,経済的な基盤に革新が訪れ、新しい収益の形を模索するのに適した時です。,革新が定着する日まで,,85,10,最新のテクノロジーやトレンドを活かした収益化の方法をリサーチする
TRANSIT_SUN,NATAL_URANUS,0,Work,2,Water,0,Separating,独創的なアイデアが仕事に変化をもたらします。,評価が刷新される日まで,,80,9,業務における非効率な慣習を打破する提案を行う
TRANSIT_SUN,NATAL_URANUS,0,Money,2,Water,0,Separating,経済的なチャンスに革新が訪れます。,新しい豊かさが届く日まで,,75,8,仮想通貨や新しい決済システムなどの情報を精査する
TRANSIT_SUN,NATAL_URANUS,0,Love,2,Water,0,Separating,自由で新しい形の人間関係を築ける時期です。,絆がアップデートされる日まで,,70,7,相手の個性を尊重し、新しいスタイルの付き合い方を試みる
TRANSIT_SUN,NATAL_URANUS,0,Health,2,Water,0,Separating,最新の健康法やテクノロジーを取り入れましょう。,活力が刷新される日まで,,80,10,最新の健康アプリや健康器具を1つ試してみる
TRANSIT_SUN,NATAL_URANUS,0,General,2,Water,1,Applying,経済的な基盤に革新が訪れ、新しい収益の形を模索するのに適した時です。,革新が定着する日まで,,85,10,最新のテクノロジーやトレンドを活かした収益化の方法をリサーチする
TRANSIT_SUN,NATAL_URANUS,0,Work,2,Water,1,Applying,独創的なアイデアが仕事に変化をもたらします。,評価が刷新される日まで,,80,9,業務における非効率な慣習を打破する提案を行う
TRANSIT_SUN,NATAL_URANUS,0,Money,2,Water,1,Applying,経済的なチャンスに革新が訪れます。,新しい豊かさが届く日まで,,75,8,仮想通貨や新しい決済システムなどの情報を精査する
TRANSIT_SUN,NATAL_URANUS,0,Love,2,Water,1,Applying,自由で新しい形の人間関係を築ける時期です。,絆がアップデートされる日まで,,70,7,相手の個性を尊重し、新しいスタイルの付き合い方を試みる
TRANSIT_SUN,NATAL_URANUS,0,Health,2,Water,1,Applying,最新の健康法やテクノロジーを取り入れましょう。,活力が刷新される日まで,,80,10,最新の健康アプリや健康器具を1つ試してみる
TRANSIT_SUN,NATAL_URANUS,0,General,2,Water,1,Separating,経済的な基盤に革新が訪れ、新しい収益の形を模索するのに適した時です。,革新が定着する日まで,,85,10,最新のテクノロジーやトレンドを活かした収益化の方法をリサーチする
TRANSIT_SUN,NATAL_URANUS,0,Work,2,Water,1,Separating,独創的なアイデアが仕事に変化をもたらします。,評価が刷新される日まで,,80,9,業務における非効率な慣習を打破する提案を行う
TRANSIT_SUN,NATAL_URANUS,0,Money,2,Water,1,Separating,経済的なチャンスに革新が訪れます。,新しい豊かさが届く日まで,,75,8,仮想通貨や新しい決済システムなどの情報を精査する
TRANSIT_SUN,NATAL_URANUS,0,Love,2,Water,1,Separating,自由で新しい形の人間関係を築ける時期です。,絆がアップデートされる日まで,,70,7,相手の個性を尊重し、新しいスタイルの付き合い方を試みる
TRANSIT_SUN,NATAL_URANUS,0,Health,2,Water,1,Separating,最新の健康法やテクノロジーを取り入れましょう。,活力が刷新される日まで,,80,10,最新の健康アプリや健康器具を1つ試してみる
TRANSIT_SUN,NATAL_URANUS,0,General,3,Fire,0,Applying,知的な好奇心が爆発し、斬新なアイデアが次々と湧き出す時期です。,革新が定着する日まで,,85,10,思いついたアイデアを即座にメモし、独創的な提案を作成する
TRANSIT_SUN,NATAL_URANUS,0,Work,3,Fire,0,Applying,独創的なアイデアが仕事に変化をもたらします。,評価が刷新される日まで,,80,9,業務における非効率な慣習を打破する提案を行う
TRANSIT_SUN,NATAL_URANUS,0,Money,3,Fire,0,Applying,経済的なチャンスに革新が訪れます。,新しい豊かさが届く日まで,,75,8,仮想通貨や新しい決済システムなどの情報を精査する
TRANSIT_SUN,NATAL_URANUS,0,Love,3,Fire,0,Applying,自由で新しい形の人間関係を築ける時期です。,絆がアップデートされる日まで,,70,7,相手の個性を尊重し、新しいスタイルの付き合い方を試みる
TRANSIT_SUN,NATAL_URANUS,0,Health,3,Fire,0,Applying,最新の健康法やテクノロジーを取り入れましょう。,活力が刷新される日まで,,80,10,最新の健康アプリや健康器具を1つ試してみる
TRANSIT_SUN,NATAL_URANUS,0,General,3,Fire,0,Separating,知的な好奇心が爆発し、斬新なアイデアが次々と湧き出す時期です。,革新が定着する日まで,,85,10,思いついたアイデアを即座にメモし、独創的な提案を作成する
TRANSIT_SUN,NATAL_URANUS,0,Work,3,Fire,0,Separating,独創的なアイデアが仕事に変化をもたらします。,評価が刷新される日まで,,80,9,業務における非効率な慣習を打破する提案を行う
TRANSIT_SUN,NATAL_URANUS,0,Money,3,Fire,0,Separating,経済的なチャンスに革新が訪れます。,新しい豊かさが届く日まで,,75,8,仮想通貨や新しい決済システムなどの情報を精査する
TRANSIT_SUN,NATAL_URANUS,0,Love,3,Fire,0,Separating,自由で新しい形の人間関係を築ける時期です。,絆がアップデートされる日まで,,70,7,相手の個性を尊重し、新しいスタイルの付き合い方を試みる
TRANSIT_SUN,NATAL_URANUS,0,Health,3,Fire,0,Separating,最新の健康法やテクノロジーを取り入れましょう。,活力が刷新される日まで,,80,10,最新の健康アプリや健康器具を1つ試してみる
TRANSIT_SUN,NATAL_URANUS,0,General,3,Fire,1,Applying,知的な好奇心が爆発し、斬新なアイデアが次々と湧き出す時期です。,革新が定着する日まで,,85,10,思いついたアイデアを即座にメモし、独創的な提案を作成する
TRANSIT_SUN,NATAL_URANUS,0,Work,3,Fire,1,Applying,独創的なアイデアが仕事に変化をもたらします。,評価が刷新される日まで,,80,9,業務における非効率な慣習を打破する提案を行う
TRANSIT_SUN,NATAL_URANUS,0,Money,3,Fire,1,Applying,経済的なチャンスに革新が訪れます。,新しい豊かさが届く日まで,,75,8,仮想通貨や新しい決済システムなどの情報を精査する
TRANSIT_SUN,NATAL_URANUS,0,Love,3,Fire,1,Applying,自由で新しい形の人間関係を築ける時期です。,絆がアップデートされる日まで,,70,7,相手の個性を尊重し、新しいスタイルの付き合い方を試みる
TRANSIT_SUN,NATAL_URANUS,0,Health,3,Fire,1,Applying,最新の健康法やテクノロジーを取り入れましょう。,活力が刷新される日まで,,80,10,最新の健康アプリや健康器具を1つ試してみる
TRANSIT_SUN,NATAL_URANUS,0,General,3,Fire,1,Separating,知的な好奇心が爆発し、斬新なアイデアが次々と湧き出す時期です。,革新が定着する日まで,,85,10,思いついたアイデアを即座にメモし、独創的な提案を作成する
TRANSIT_SUN,NATAL_URANUS,0,Work,3,Fire,1,Separating,独創的なアイデアが仕事に変化をもたらします。,評価が刷新される日まで,,80,9,業務における非効率な慣習を打破する提案を行う
TRANSIT_SUN,NATAL_URANUS,0,Money,3,Fire,1,Separating,経済的なチャンスに革新が訪れます。,新しい豊かさが届く日まで,,75,8,仮想通貨や新しい決済システムなどの情報を精査する
TRANSIT_SUN,NATAL_URANUS,0,Love,3,Fire,1,Separating,自由で新しい形の人間関係を築ける時期です。,絆がアップデートされる日まで,,70,7,相手の個性を尊重し、新しいスタイルの付き合い方を試みる
TRANSIT_SUN,NATAL_URANUS,0,Health,3,Fire,1,Separating,最新の健康法やテクノロジーを取り入れましょう。,活力が刷新される日まで,,80,10,最新の健康アプリや健康器具を1つ試してみる
TRANSIT_SUN,NATAL_URANUS,0,General,3,Earth,0,Applying,知的な好奇心が爆発し、斬新なアイデアが次々と湧き出す時期です。,革新が定着する日まで,,85,10,思いついたアイデアを即座にメモし、独創的な提案を作成する
TRANSIT_SUN,NATAL_URANUS,0,Work,3,Earth,0,Applying,独創的なアイデアが仕事に変化をもたらします。,評価が刷新される日まで,,80,9,業務における非効率な慣習を打破する提案を行う
TRANSIT_SUN,NATAL_URANUS,0,Money,3,Earth,0,Applying,経済的なチャンスに革新が訪れます。,新しい豊かさが届く日まで,,75,8,仮想通貨や新しい決済システムなどの情報を精査する
TRANSIT_SUN,NATAL_URANUS,0,Love,3,Earth,0,Applying,自由で新しい形の人間関係を築ける時期です。,絆がアップデートされる日まで,,70,7,相手の個性を尊重し、新しいスタイルの付き合い方を試みる
TRANSIT_SUN,NATAL_URANUS,0,Health,3,Earth,0,Applying,最新の健康法やテクノロジーを取り入れましょう。,活力が刷新される日まで,,80,10,最新の健康アプリや健康器具を1つ試してみる
TRANSIT_SUN,NATAL_URANUS,0,General,3,Earth,0,Separating,知的な好奇心が爆発し、斬新なアイデアが次々と湧き出す時期です。,革新が定着する日まで,,85,10,思いついたアイデアを即座にメモし、独創的な提案を作成する
TRANSIT_SUN,NATAL_URANUS,0,Work,3,Earth,0,Separating,独創的なアイデアが仕事に変化をもたらします。,評価が刷新される日まで,,80,9,業務における非効率な慣習を打破する提案を行う
TRANSIT_SUN,NATAL_URANUS,0,Money,3,Earth,0,Separating,経済的なチャンスに革新が訪れます。,新しい豊かさが届く日まで,,75,8,仮想通貨や新しい決済システムなどの情報を精査する
TRANSIT_SUN,NATAL_URANUS,0,Love,3,Earth,0,Separating,自由で新しい形の人間関係を築ける時期です。,絆がアップデートされる日まで,,70,7,相手の個性を尊重し、新しいスタイルの付き合い方を試みる
TRANSIT_SUN,NATAL_URANUS,0,Health,3,Earth,0,Separating,最新の健康法やテクノロジーを取り入れましょう。,活力が刷新される日まで,,80,10,最新の健康アプリや健康器具を1つ試してみる
TRANSIT_SUN,NATAL_URANUS,0,General,3,Earth,1,Applying,知的な好奇心が爆発し、斬新なアイデアが次々と湧き出す時期です。,革新が定着する日まで,,85,10,思いついたアイデアを即座にメモし、独創的な提案を作成する
TRANSIT_SUN,NATAL_URANUS,0,Work,3,Earth,1,Applying,独創的なアイデアが仕事に変化をもたらします。,評価が刷新される日まで,,80,9,業務における非効率な慣習を打破する提案を行う
TRANSIT_SUN,NATAL_URANUS,0,Money,3,Earth,1,Applying,経済的なチャンスに革新が訪れます。,新しい豊かさが届く日まで,,75,8,仮想通貨や新しい決済システムなどの情報を精査する
TRANSIT_SUN,NATAL_URANUS,0,Love,3,Earth,1,Applying,自由で新しい形の人間関係を築ける時期です。,絆がアップデートされる日まで,,70,7,相手の個性を尊重し、新しいスタイルの付き合い方を試みる
TRANSIT_SUN,NATAL_URANUS,0,Health,3,Earth,1,Applying,最新の健康法やテクノロジーを取り入れましょう。,活力が刷新される日まで,,80,10,最新の健康アプリや健康器具を1つ試してみる
TRANSIT_SUN,NATAL_URANUS,0,General,3,Earth,1,Separating,知的な好奇心が爆発し、斬新なアイデアが次々と湧き出す時期です。,革新が定着する日まで,,85,10,思いついたアイデアを即座にメモし、独創的な提案を作成する
TRANSIT_SUN,NATAL_URANUS,0,Work,3,Earth,1,Separating,独創的なアイデアが仕事に変化をもたらします。,評価が刷新される日まで,,80,9,業務における非効率な慣習を打破する提案を行う
TRANSIT_SUN,NATAL_URANUS,0,Money,3,Earth,1,Separating,経済的なチャンスに革新が訪れます。,新しい豊かさが届く日まで,,75,8,仮想通貨や新しい決済システムなどの情報を精査する
TRANSIT_SUN,NATAL_URANUS,0,Love,3,Earth,1,Separating,自由で新しい形の人間関係を築ける時期です。,絆がアップデートされる日まで,,70,7,相手の個性を尊重し、新しいスタイルの付き合い方を試みる
TRANSIT_SUN,NATAL_URANUS,0,Health,3,Earth,1,Separating,最新の健康法やテクノロジーを取り入れましょう。,活力が刷新される日まで,,80,10,最新の健康アプリや健康器具を1つ試してみる
TRANSIT_SUN,NATAL_URANUS,0,General,3,Air,0,Applying,知的な好奇心が爆発し、斬新なアイデアが次々と湧き出す時期です。,革新が定着する日まで,,85,10,思いついたアイデアを即座にメモし、独創的な提案を作成する
TRANSIT_SUN,NATAL_URANUS,0,Work,3,Air,0,Applying,独創的なアイデアが仕事に変化をもたらします。,評価が刷新される日まで,,80,9,業務における非効率な慣習を打破する提案を行う
TRANSIT_SUN,NATAL_URANUS,0,Money,3,Air,0,Applying,経済的なチャンスに革新が訪れます。,新しい豊かさが届く日まで,,75,8,仮想通貨や新しい決済システムなどの情報を精査する
TRANSIT_SUN,NATAL_URANUS,0,Love,3,Air,0,Applying,自由で新しい形の人間関係を築ける時期です。,絆がアップデートされる日まで,,70,7,相手の個性を尊重し、新しいスタイルの付き合い方を試みる
TRANSIT_SUN,NATAL_URANUS,0,Health,3,Air,0,Applying,最新の健康法やテクノロジーを取り入れましょう。,活力が刷新される日まで,,80,10,最新の健康アプリや健康器具を1つ試してみる
TRANSIT_SUN,NATAL_URANUS,0,General,3,Air,0,Separating,知的な好奇心が爆発し、斬新なアイデアが次々と湧き出す時期です。,革新が定着する日まで,,85,10,思いついたアイデアを即座にメモし、独創的な提案を作成する
TRANSIT_SUN,NATAL_URANUS,0,Work,3,Air,0,Separating,独創的なアイデアが仕事に変化をもたらします。,評価が刷新される日まで,,80,9,業務における非効率な慣習を打破する提案を行う
TRANSIT_SUN,NATAL_URANUS,0,Money,3,Air,0,Separating,経済的なチャンスに革新が訪れます。,新しい豊かさが届く日まで,,75,8,仮想通貨や新しい決済システムなどの情報を精査する
TRANSIT_SUN,NATAL_URANUS,0,Love,3,Air,0,Separating,自由で新しい形の人間関係を築ける時期です。,絆がアップデートされる日まで,,70,7,相手の個性を尊重し、新しいスタイルの付き合い方を試みる
TRANSIT_SUN,NATAL_URANUS,0,Health,3,Air,0,Separating,最新の健康法やテクノロジーを取り入れましょう。,活力が刷新される日まで,,80,10,最新の健康アプリや健康器具を1つ試してみる
TRANSIT_SUN,NATAL_URANUS,0,General,3,Air,1,Applying,知的な好奇心が爆発し、斬新なアイデアが次々と湧き出す時期です。,革新が定着する日まで,,85,10,思いついたアイデアを即座にメモし、独創的な提案を作成する
TRANSIT_SUN,NATAL_URANUS,0,Work,3,Air,1,Applying,独創的なアイデアが仕事に変化をもたらします。,評価が刷新される日まで,,80,9,業務における非効率な慣習を打破する提案を行う
TRANSIT_SUN,NATAL_URANUS,0,Money,3,Air,1,Applying,経済的なチャンスに革新が訪れます。,新しい豊かさが届く日まで,,75,8,仮想通貨や新しい決済システムなどの情報を精査する
TRANSIT_SUN,NATAL_URANUS,0,Love,3,Air,1,Applying,自由で新しい形の人間関係を築ける時期です。,絆がアップデートされる日まで,,70,7,相手の個性を尊重し、新しいスタイルの付き合い方を試みる
TRANSIT_SUN,NATAL_URANUS,0,Health,3,Air,1,Applying,最新の健康法やテクノロジーを取り入れましょう。,活力が刷新される日まで,,80,10,最新の健康アプリや健康器具を1つ試してみる
TRANSIT_SUN,NATAL_URANUS,0,General,3,Air,1,Separating,知的な好奇心が爆発し、斬新なアイデアが次々と湧き出す時期です。,革新が定着する日まで,,85,10,思いついたアイデアを即座にメモし、独創的な提案を作成する
TRANSIT_SUN,NATAL_URANUS,0,Work,3,Air,1,Separating,独創的なアイデアが仕事に変化をもたらします。,評価が刷新される日まで,,80,9,業務における非効率な慣習を打破する提案を行う
TRANSIT_SUN,NATAL_URANUS,0,Money,3,Air,1,Separating,経済的なチャンスに革新が訪れます。,新しい豊かさが届く日まで,,75,8,仮想通貨や新しい決済システムなどの情報を精査する
TRANSIT_SUN,NATAL_URANUS,0,Love,3,Air,1,Separating,自由で新しい形の人間関係を築ける時期です。,絆がアップデートされる日まで,,70,7,相手の個性を尊重し、新しいスタイルの付き合い方を試みる
TRANSIT_SUN,NATAL_URANUS,0,Health,3,Air,1,Separating,最新の健康法やテクノロジーを取り入れましょう。,活力が刷新される日まで,,80,10,最新の健康アプリや健康器具を1つ試してみる
TRANSIT_SUN,NATAL_URANUS,0,General,3,Water,0,Applying,知的な好奇心が爆発し、斬新なアイデアが次々と湧き出す時期です。,革新が定着する日まで,,85,10,思いついたアイデアを即座にメモし、独創的な提案を作成する
TRANSIT_SUN,NATAL_URANUS,0,Work,3,Water,0,Applying,独創的なアイデアが仕事に変化をもたらします。,評価が刷新される日まで,,80,9,業務における非効率な慣習を打破する提案を行う
TRANSIT_SUN,NATAL_URANUS,0,Money,3,Water,0,Applying,経済的なチャンスに革新が訪れます。,新しい豊かさが届く日まで,,75,8,仮想通貨や新しい決済システムなどの情報を精査する
TRANSIT_SUN,NATAL_URANUS,0,Love,3,Water,0,Applying,自由で新しい形の人間関係を築ける時期です。,絆がアップデートされる日まで,,70,7,相手の個性を尊重し、新しいスタイルの付き合い方を試みる
TRANSIT_SUN,NATAL_URANUS,0,Health,3,Water,0,Applying,最新の健康法やテクノロジーを取り入れましょう。,活力が刷新される日まで,,80,10,最新の健康アプリや健康器具を1つ試してみる
TRANSIT_SUN,NATAL_URANUS,0,General,3,Water,0,Separating,知的な好奇心が爆発し、斬新なアイデアが次々と湧き出す時期です。,革新が定着する日まで,,85,10,思いついたアイデアを即座にメモし、独創的な提案を作成する
TRANSIT_SUN,NATAL_URANUS,0,Work,3,Water,0,Separating,独創的なアイデアが仕事に変化をもたらします。,評価が刷新される日まで,,80,9,業務における非効率な慣習を打破する提案を行う
TRANSIT_SUN,NATAL_URANUS,0,Money,3,Water,0,Separating,経済的なチャンスに革新が訪れます。,新しい豊かさが届く日まで,,75,8,仮想通貨や新しい決済システムなどの情報を精査する
TRANSIT_SUN,NATAL_URANUS,0,Love,3,Water,0,Separating,自由で新しい形の人間関係を築ける時期です。,絆がアップデートされる日まで,,70,7,相手の個性を尊重し、新しいスタイルの付き合い方を試みる
TRANSIT_SUN,NATAL_URANUS,0,Health,3,Water,0,Separating,最新の健康法やテクノロジーを取り入れましょう。,活力が刷新される日まで,,80,10,最新の健康アプリや健康器具を1つ試してみる
TRANSIT_SUN,NATAL_URANUS,0,General,3,Water,1,Applying,知的な好奇心が爆発し、斬新なアイデアが次々と湧き出す時期です。,革新が定着する日まで,,85,10,思いついたアイデアを即座にメモし、独創的な提案を作成する
TRANSIT_SUN,NATAL_URANUS,0,Work,3,Water,1,Applying,独創的なアイデアが仕事に変化をもたらします。,評価が刷新される日まで,,80,9,業務における非効率な慣習を打破する提案を行う
TRANSIT_SUN,NATAL_URANUS,0,Money,3,Water,1,Applying,経済的なチャンスに革新が訪れます。,新しい豊かさが届く日まで,,75,8,仮想通貨や新しい決済システムなどの情報を精査する
TRANSIT_SUN,NATAL_URANUS,0,Love,3,Water,1,Applying,自由で新しい形の人間関係を築ける時期です。,絆がアップデートされる日まで,,70,7,相手の個性を尊重し、新しいスタイルの付き合い方を試みる
TRANSIT_SUN,NATAL_URANUS,0,Health,3,Water,1,Applying,最新の健康法やテクノロジーを取り入れましょう。,活力が刷新される日まで,,80,10,最新の健康アプリや健康器具を1つ試してみる
TRANSIT_SUN,NATAL_URANUS,0,General,3,Water,1,Separating,知的な好奇心が爆発し、斬新なアイデアが次々と湧き出す時期です。,革新が定着する日まで,,85,10,思いついたアイデアを即座にメモし、独創的な提案を作成する
TRANSIT_SUN,NATAL_URANUS,0,Work,3,Water,1,Separating,独創的なアイデアが仕事に変化をもたらします。,評価が刷新される日まで,,80,9,業務における非効率な慣習を打破する提案を行う
TRANSIT_SUN,NATAL_URANUS,0,Money,3,Water,1,Separating,経済的なチャンスに革新が訪れます。,新しい豊かさが届く日まで,,75,8,仮想通貨や新しい決済システムなどの情報を精査する
TRANSIT_SUN,NATAL_URANUS,0,Love,3,Water,1,Separating,自由で新しい形の人間関係を築ける時期です。,絆がアップデートされる日まで,,70,7,相手の個性を尊重し、新しいスタイルの付き合い方を試みる
TRANSIT_SUN,NATAL_URANUS,0,Health,3,Water,1,Separating,最新の健康法やテクノロジーを取り入れましょう。,活力が刷新される日まで,,80,10,最新の健康アプリや健康器具を1つ試してみる
TRANSIT_SUN,NATAL_URANUS,0,General,4,Fire,0,Applying,家庭環境や住まいにおいて、これまでにない革新的な変化が訪れる時です。,革新が定着する日まで,,85,10,住まいに最新の機器を導入するか、ライフスタイルを大胆に変更する
TRANSIT_SUN,NATAL_URANUS,0,Work,4,Fire,0,Applying,独創的なアイデアが仕事に変化をもたらします。,評価が刷新される日まで,,80,9,業務における非効率な慣習を打破する提案を行う
TRANSIT_SUN,NATAL_URANUS,0,Money,4,Fire,0,Applying,経済的なチャンスに革新が訪れます。,新しい豊かさが届く日まで,,75,8,仮想通貨や新しい決済システムなどの情報を精査する
TRANSIT_SUN,NATAL_URANUS,0,Love,4,Fire,0,Applying,自由で新しい形の人間関係を築ける時期です。,絆がアップデートされる日まで,,70,7,相手の個性を尊重し、新しいスタイルの付き合い方を試みる
TRANSIT_SUN,NATAL_URANUS,0,Health,4,Fire,0,Applying,最新の健康法やテクノロジーを取り入れましょう。,活力が刷新される日まで,,80,10,最新の健康アプリや健康器具を1つ試してみる
TRANSIT_SUN,NATAL_URANUS,0,General,4,Fire,0,Separating,家庭環境や住まいにおいて、これまでにない革新的な変化が訪れる時です。,革新が定着する日まで,,85,10,住まいに最新の機器を導入するか、ライフスタイルを大胆に変更する
TRANSIT_SUN,NATAL_URANUS,0,Work,4,Fire,0,Separating,独創的なアイデアが仕事に変化をもたらします。,評価が刷新される日まで,,80,9,業務における非効率な慣習を打破する提案を行う
TRANSIT_SUN,NATAL_URANUS,0,Money,4,Fire,0,Separating,経済的なチャンスに革新が訪れます。,新しい豊かさが届く日まで,,75,8,仮想通貨や新しい決済システムなどの情報を精査する
TRANSIT_SUN,NATAL_URANUS,0,Love,4,Fire,0,Separating,自由で新しい形の人間関係を築ける時期です。,絆がアップデートされる日まで,,70,7,相手の個性を尊重し、新しいスタイルの付き合い方を試みる
TRANSIT_SUN,NATAL_URANUS,0,Health,4,Fire,0,Separating,最新の健康法やテクノロジーを取り入れましょう。,活力が刷新される日まで,,80,10,最新の健康アプリや健康器具を1つ試してみる
TRANSIT_SUN,NATAL_URANUS,0,General,4,Fire,1,Applying,家庭環境や住まいにおいて、これまでにない革新的な変化が訪れる時です。,革新が定着する日まで,,85,10,住まいに最新の機器を導入するか、ライフスタイルを大胆に変更する
TRANSIT_SUN,NATAL_URANUS,0,Work,4,Fire,1,Applying,独創的なアイデアが仕事に変化をもたらします。,評価が刷新される日まで,,80,9,業務における非効率な慣習を打破する提案を行う
TRANSIT_SUN,NATAL_URANUS,0,Money,4,Fire,1,Applying,経済的なチャンスに革新が訪れます。,新しい豊かさが届く日まで,,75,8,仮想通貨や新しい決済システムなどの情報を精査する
TRANSIT_SUN,NATAL_URANUS,0,Love,4,Fire,1,Applying,自由で新しい形の人間関係を築ける時期です。,絆がアップデートされる日まで,,70,7,相手の個性を尊重し、新しいスタイルの付き合い方を試みる
TRANSIT_SUN,NATAL_URANUS,0,Health,4,Fire,1,Applying,最新の健康法やテクノロジーを取り入れましょう。,活力が刷新される日まで,,80,10,最新の健康アプリや健康器具を1つ試してみる
TRANSIT_SUN,NATAL_URANUS,0,General,4,Fire,1,Separating,家庭環境や住まいにおいて、これまでにない革新的な変化が訪れる時です。,革新が定着する日まで,,85,10,住まいに最新の機器を導入するか、ライフスタイルを大胆に変更する
TRANSIT_SUN,NATAL_URANUS,0,Work,4,Fire,1,Separating,独創的なアイデアが仕事に変化をもたらします。,評価が刷新される日まで,,80,9,業務における非効率な慣習を打破する提案を行う
TRANSIT_SUN,NATAL_URANUS,0,Money,4,Fire,1,Separating,経済的なチャンスに革新が訪れます。,新しい豊かさが届く日まで,,75,8,仮想通貨や新しい決済システムなどの情報を精査する
TRANSIT_SUN,NATAL_URANUS,0,Love,4,Fire,1,Separating,自由で新しい形の人間関係を築ける時期です。,絆がアップデートされる日まで,,70,7,相手の個性を尊重し、新しいスタイルの付き合い方を試みる
TRANSIT_SUN,NATAL_URANUS,0,Health,4,Fire,1,Separating,最新の健康法やテクノロジーを取り入れましょう。,活力が刷新される日まで,,80,10,最新の健康アプリや健康器具を1つ試してみる
TRANSIT_SUN,NATAL_URANUS,0,General,4,Earth,0,Applying,家庭環境や住まいにおいて、これまでにない革新的な変化が訪れる時です。,革新が定着する日まで,,85,10,住まいに最新の機器を導入するか、ライフスタイルを大胆に変更する
TRANSIT_SUN,NATAL_URANUS,0,Work,4,Earth,0,Applying,独創的なアイデアが仕事に変化をもたらします。,評価が刷新される日まで,,80,9,業務における非効率な慣習を打破する提案を行う
TRANSIT_SUN,NATAL_URANUS,0,Money,4,Earth,0,Applying,経済的なチャンスに革新が訪れます。,新しい豊かさが届く日まで,,75,8,仮想通貨や新しい決済システムなどの情報を精査する
TRANSIT_SUN,NATAL_URANUS,0,Love,4,Earth,0,Applying,自由で新しい形の人間関係を築ける時期です。,絆がアップデートされる日まで,,70,7,相手の個性を尊重し、新しいスタイルの付き合い方を試みる
TRANSIT_SUN,NATAL_URANUS,0,Health,4,Earth,0,Applying,最新の健康法やテクノロジーを取り入れましょう。,活力が刷新される日まで,,80,10,最新の健康アプリや健康器具を1つ試してみる
TRANSIT_SUN,NATAL_URANUS,0,General,4,Earth,0,Separating,家庭環境や住まいにおいて、これまでにない革新的な変化が訪れる時です。,革新が定着する日まで,,85,10,住まいに最新の機器を導入するか、ライフスタイルを大胆に変更する
TRANSIT_SUN,NATAL_URANUS,0,Work,4,Earth,0,Separating,独創的なアイデアが仕事に変化をもたらします。,評価が刷新される日まで,,80,9,業務における非効率な慣習を打破する提案を行う
TRANSIT_SUN,NATAL_URANUS,0,Money,4,Earth,0,Separating,経済的なチャンスに革新が訪れます。,新しい豊かさが届く日まで,,75,8,仮想通貨や新しい決済システムなどの情報を精査する
TRANSIT_SUN,NATAL_URANUS,0,Love,4,Earth,0,Separating,自由で新しい形の人間関係を築ける時期です。,絆がアップデートされる日まで,,70,7,相手の個性を尊重し、新しいスタイルの付き合い方を試みる
TRANSIT_SUN,NATAL_URANUS,0,Health,4,Earth,0,Separating,最新の健康法やテクノロジーを取り入れましょう。,活力が刷新される日まで,,80,10,最新の健康アプリや健康器具を1つ試してみる
TRANSIT_SUN,NATAL_URANUS,0,General,4,Earth,1,Applying,家庭環境や住まいにおいて、これまでにない革新的な変化が訪れる時です。,革新が定着する日まで,,85,10,住まいに最新の機器を導入するか、ライフスタイルを大胆に変更する
TRANSIT_SUN,NATAL_URANUS,0,Work,4,Earth,1,Applying,独創的なアイデアが仕事に変化をもたらします。,評価が刷新される日まで,,80,9,業務における非効率な慣習を打破する提案を行う
TRANSIT_SUN,NATAL_URANUS,0,Money,4,Earth,1,Applying,経済的なチャンスに革新が訪れます。,新しい豊かさが届く日まで,,75,8,仮想通貨や新しい決済システムなどの情報を精査する
TRANSIT_SUN,NATAL_URANUS,0,Love,4,Earth,1,Applying,自由で新しい形の人間関係を築ける時期です。,絆がアップデートされる日まで,,70,7,相手の個性を尊重し、新しいスタイルの付き合い方を試みる
TRANSIT_SUN,NATAL_URANUS,0,Health,4,Earth,1,Applying,最新の健康法やテクノロジーを取り入れましょう。,活力が刷新される日まで,,80,10,最新の健康アプリや健康器具を1つ試してみる
TRANSIT_SUN,NATAL_URANUS,0,General,4,Earth,1,Separating,家庭環境や住まいにおいて、これまでにない革新的な変化が訪れる時です。,革新が定着する日まで,,85,10,住まいに最新の機器を導入するか、ライフスタイルを大胆に変更する
TRANSIT_SUN,NATAL_URANUS,0,Work,4,Earth,1,Separating,独創的なアイデアが仕事に変化をもたらします。,評価が刷新される日まで,,80,9,業務における非効率な慣習を打破する提案を行う
TRANSIT_SUN,NATAL_URANUS,0,Money,4,Earth,1,Separating,経済的なチャンスに革新が訪れます。,新しい豊かさが届く日まで,,75,8,仮想通貨や新しい決済システムなどの情報を精査する
TRANSIT_SUN,NATAL_URANUS,0,Love,4,Earth,1,Separating,自由で新しい形の人間関係を築ける時期です。,絆がアップデートされる日まで,,70,7,相手の個性を尊重し、新しいスタイルの付き合い方を試みる
TRANSIT_SUN,NATAL_URANUS,0,Health,4,Earth,1,Separating,最新の健康法やテクノロジーを取り入れましょう。,活力が刷新される日まで,,80,10,最新の健康アプリや健康器具を1つ試してみる
TRANSIT_SUN,NATAL_URANUS,0,General,4,Air,0,Applying,家庭環境や住まいにおいて、これまでにない革新的な変化が訪れる時です。,革新が定着する日まで,,85,10,住まいに最新の機器を導入するか、ライフスタイルを大胆に変更する
TRANSIT_SUN,NATAL_URANUS,0,Work,4,Air,0,Applying,独創的なアイデアが仕事に変化をもたらします。,評価が刷新される日まで,,80,9,業務における非効率な慣習を打破する提案を行う
TRANSIT_SUN,NATAL_URANUS,0,Money,4,Air,0,Applying,経済的なチャンスに革新が訪れます。,新しい豊かさが届く日まで,,75,8,仮想通貨や新しい決済システムなどの情報を精査する
TRANSIT_SUN,NATAL_URANUS,0,Love,4,Air,0,Applying,自由で新しい形の人間関係を築ける時期です。,絆がアップデートされる日まで,,70,7,相手の個性を尊重し、新しいスタイルの付き合い方を試みる
TRANSIT_SUN,NATAL_URANUS,0,Health,4,Air,0,Applying,最新の健康法やテクノロジーを取り入れましょう。,活力が刷新される日まで,,80,10,最新の健康アプリや健康器具を1つ試してみる
TRANSIT_SUN,NATAL_URANUS,0,General,4,Air,0,Separating,家庭環境や住まいにおいて、これまでにない革新的な変化が訪れる時です。,革新が定着する日まで,,85,10,住まいに最新の機器を導入するか、ライフスタイルを大胆に変更する
TRANSIT_SUN,NATAL_URANUS,0,Work,4,Air,0,Separating,独創的なアイデアが仕事に変化をもたらします。,評価が刷新される日まで,,80,9,業務における非効率な慣習を打破する提案を行う
TRANSIT_SUN,NATAL_URANUS,0,Money,4,Air,0,Separating,経済的なチャンスに革新が訪れます。,新しい豊かさが届く日まで,,75,8,仮想通貨や新しい決済システムなどの情報を精査する
TRANSIT_SUN,NATAL_URANUS,0,Love,4,Air,0,Separating,自由で新しい形の人間関係を築ける時期です。,絆がアップデートされる日まで,,70,7,相手の個性を尊重し、新しいスタイルの付き合い方を試みる
TRANSIT_SUN,NATAL_URANUS,0,Health,4,Air,0,Separating,最新の健康法やテクノロジーを取り入れましょう。,活力が刷新される日まで,,80,10,最新の健康アプリや健康器具を1つ試してみる
TRANSIT_SUN,NATAL_URANUS,0,General,4,Air,1,Applying,家庭環境や住まいにおいて、これまでにない革新的な変化が訪れる時です。,革新が定着する日まで,,85,10,住まいに最新の機器を導入するか、ライフスタイルを大胆に変更する
TRANSIT_SUN,NATAL_URANUS,0,Work,4,Air,1,Applying,独創的なアイデアが仕事に変化をもたらします。,評価が刷新される日まで,,80,9,業務における非効率な慣習を打破する提案を行う
TRANSIT_SUN,NATAL_URANUS,0,Money,4,Air,1,Applying,経済的なチャンスに革新が訪れます。,新しい豊かさが届く日まで,,75,8,仮想通貨や新しい決済システムなどの情報を精査する
TRANSIT_SUN,NATAL_URANUS,0,Love,4,Air,1,Applying,自由で新しい形の人間関係を築ける時期です。,絆がアップデートされる日まで,,70,7,相手の個性を尊重し、新しいスタイルの付き合い方を試みる
TRANSIT_SUN,NATAL_URANUS,0,Health,4,Air,1,Applying,最新の健康法やテクノロジーを取り入れましょう。,活力が刷新される日まで,,80,10,最新の健康アプリや健康器具を1つ試してみる
TRANSIT_SUN,NATAL_URANUS,0,General,4,Air,1,Separating,家庭環境や住まいにおいて、これまでにない革新的な変化が訪れる時です。,革新が定着する日まで,,85,10,住まいに最新の機器を導入するか、ライフスタイルを大胆に変更する
TRANSIT_SUN,NATAL_URANUS,0,Work,4,Air,1,Separating,独創的なアイデアが仕事に変化をもたらします。,評価が刷新される日まで,,80,9,業務における非効率な慣習を打破する提案を行う
TRANSIT_SUN,NATAL_URANUS,0,Money,4,Air,1,Separating,経済的なチャンスに革新が訪れます。,新しい豊かさが届く日まで,,75,8,仮想通貨や新しい決済システムなどの情報を精査する
TRANSIT_SUN,NATAL_URANUS,0,Love,4,Air,1,Separating,自由で新しい形の人間関係を築ける時期です。,絆がアップデートされる日まで,,70,7,相手の個性を尊重し、新しいスタイルの付き合い方を試みる
TRANSIT_SUN,NATAL_URANUS,0,Health,4,Air,1,Separating,最新の健康法やテクノロジーを取り入れましょう。,活力が刷新される日まで,,80,10,最新の健康アプリや健康器具を1つ試してみる
TRANSIT_SUN,NATAL_URANUS,0,General,4,Water,0,Applying,家庭環境や住まいにおいて、これまでにない革新的な変化が訪れる時です。,革新が定着する日まで,,85,10,住まいに最新の機器を導入するか、ライフスタイルを大胆に変更する
TRANSIT_SUN,NATAL_URANUS,0,Work,4,Water,0,Applying,独創的なアイデアが仕事に変化をもたらします。,評価が刷新される日まで,,80,9,業務における非効率な慣習を打破する提案を行う
TRANSIT_SUN,NATAL_URANUS,0,Money,4,Water,0,Applying,経済的なチャンスに革新が訪れます。,新しい豊かさが届く日まで,,75,8,仮想通貨や新しい決済システムなどの情報を精査する
TRANSIT_SUN,NATAL_URANUS,0,Love,4,Water,0,Applying,自由で新しい形の人間関係を築ける時期です。,絆がアップデートされる日まで,,70,7,相手の個性を尊重し、新しいスタイルの付き合い方を試みる
TRANSIT_SUN,NATAL_URANUS,0,Health,4,Water,0,Applying,最新の健康法やテクノロジーを取り入れましょう。,活力が刷新される日まで,,80,10,最新の健康アプリや健康器具を1つ試してみる
TRANSIT_SUN,NATAL_URANUS,0,General,4,Water,0,Separating,家庭環境や住まいにおいて、これまでにない革新的な変化が訪れる時です。,革新が定着する日まで,,85,10,住まいに最新の機器を導入するか、ライフスタイルを大胆に変更する
TRANSIT_SUN,NATAL_URANUS,0,Work,4,Water,0,Separating,独創的なアイデアが仕事に変化をもたらします。,評価が刷新される日まで,,80,9,業務における非効率な慣習を打破する提案を行う
TRANSIT_SUN,NATAL_URANUS,0,Money,4,Water,0,Separating,経済的なチャンスに革新が訪れます。,新しい豊かさが届く日まで,,75,8,仮想通貨や新しい決済システムなどの情報を精査する
TRANSIT_SUN,NATAL_URANUS,0,Love,4,Water,0,Separating,自由で新しい形の人間関係を築ける時期です。,絆がアップデートされる日まで,,70,7,相手の個性を尊重し、新しいスタイルの付き合い方を試みる
TRANSIT_SUN,NATAL_URANUS,0,Health,4,Water,0,Separating,最新の健康法やテクノロジーを取り入れましょう。,活力が刷新される日まで,,80,10,最新の健康アプリや健康器具を1つ試してみる
TRANSIT_SUN,NATAL_URANUS,0,General,4,Water,1,Applying,家庭環境や住まいにおいて、これまでにない革新的な変化が訪れる時です。,革新が定着する日まで,,85,10,住まいに最新の機器を導入するか、ライフスタイルを大胆に変更する
TRANSIT_SUN,NATAL_URANUS,0,Work,4,Water,1,Applying,独創的なアイデアが仕事に変化をもたらします。,評価が刷新される日まで,,80,9,業務における非効率な慣習を打破する提案を行う
TRANSIT_SUN,NATAL_URANUS,0,Money,4,Water,1,Applying,経済的なチャンスに革新が訪れます。,新しい豊かさが届く日まで,,75,8,仮想通貨や新しい決済システムなどの情報を精査する
TRANSIT_SUN,NATAL_URANUS,0,Love,4,Water,1,Applying,自由で新しい形の人間関係を築ける時期です。,絆がアップデートされる日まで,,70,7,相手の個性を尊重し、新しいスタイルの付き合い方を試みる
TRANSIT_SUN,NATAL_URANUS,0,Health,4,Water,1,Applying,最新の健康法やテクノロジーを取り入れましょう。,活力が刷新される日まで,,80,10,最新の健康アプリや健康器具を1つ試してみる
TRANSIT_SUN,NATAL_URANUS,0,General,4,Water,1,Separating,家庭環境や住まいにおいて、これまでにない革新的な変化が訪れる時です。,革新が定着する日まで,,85,10,住まいに最新の機器を導入するか、ライフスタイルを大胆に変更する
TRANSIT_SUN,NATAL_URANUS,0,Work,4,Water,1,Separating,独創的なアイデアが仕事に変化をもたらします。,評価が刷新される日まで,,80,9,業務における非効率な慣習を打破する提案を行う
TRANSIT_SUN,NATAL_URANUS,0,Money,4,Water,1,Separating,経済的なチャンスに革新が訪れます。,新しい豊かさが届く日まで,,75,8,仮想通貨や新しい決済システムなどの情報を精査する
TRANSIT_SUN,NATAL_URANUS,0,Love,4,Water,1,Separating,自由で新しい形の人間関係を築ける時期です。,絆がアップデートされる日まで,,70,7,相手の個性を尊重し、新しいスタイルの付き合い方を試みる
TRANSIT_SUN,NATAL_URANUS,0,Health,4,Water,1,Separating,最新の健康法やテクノロジーを取り入れましょう。,活力が刷新される日まで,,80,10,最新の健康アプリや健康器具を1つ試してみる
TRANSIT_SUN,NATAL_URANUS,0,General,5,Fire,0,Applying,創造性が刺激され、自由な発想で新しい楽しみを見出せる時期です。,革新が定着する日まで,,85,10,既成概念に捉われない、新しいクリエイティブな活動に挑戦する
TRANSIT_SUN,NATAL_URANUS,0,Work,5,Fire,0,Applying,独創的なアイデアが仕事に変化をもたらします。,評価が刷新される日まで,,80,9,業務における非効率な慣習を打破する提案を行う
TRANSIT_SUN,NATAL_URANUS,0,Money,5,Fire,0,Applying,経済的なチャンスに革新が訪れます。,新しい豊かさが届く日まで,,75,8,仮想通貨や新しい決済システムなどの情報を精査する
TRANSIT_SUN,NATAL_URANUS,0,Love,5,Fire,0,Applying,自由で新しい形の人間関係を築ける時期です。,絆がアップデートされる日まで,,70,7,相手の個性を尊重し、新しいスタイルの付き合い方を試みる
TRANSIT_SUN,NATAL_URANUS,0,Health,5,Fire,0,Applying,最新の健康法やテクノロジーを取り入れましょう。,活力が刷新される日まで,,80,10,最新の健康アプリや健康器具を1つ試してみる
TRANSIT_SUN,NATAL_URANUS,0,General,5,Fire,0,Separating,創造性が刺激され、自由な発想で新しい楽しみを見出せる時期です。,革新が定着する日まで,,85,10,既成概念に捉われない、新しいクリエイティブな活動に挑戦する
TRANSIT_SUN,NATAL_URANUS,0,Work,5,Fire,0,Separating,独創的なアイデアが仕事に変化をもたらします。,評価が刷新される日まで,,80,9,業務における非効率な慣習を打破する提案を行う
TRANSIT_SUN,NATAL_URANUS,0,Money,5,Fire,0,Separating,経済的なチャンスに革新が訪れます。,新しい豊かさが届く日まで,,75,8,仮想通貨や新しい決済システムなどの情報を精査する
TRANSIT_SUN,NATAL_URANUS,0,Love,5,Fire,0,Separating,自由で新しい形の人間関係を築ける時期です。,絆がアップデートされる日まで,,70,7,相手の個性を尊重し、新しいスタイルの付き合い方を試みる
TRANSIT_SUN,NATAL_URANUS,0,Health,5,Fire,0,Separating,最新の健康法やテクノロジーを取り入れましょう。,活力が刷新される日まで,,80,10,最新の健康アプリや健康器具を1つ試してみる
TRANSIT_SUN,NATAL_URANUS,0,General,5,Fire,1,Applying,創造性が刺激され、自由な発想で新しい楽しみを見出せる時期です。,革新が定着する日まで,,85,10,既成概念に捉われない、新しいクリエイティブな活動に挑戦する
TRANSIT_SUN,NATAL_URANUS,0,Work,5,Fire,1,Applying,独創的なアイデアが仕事に変化をもたらします。,評価が刷新される日まで,,80,9,業務における非効率な慣習を打破する提案を行う
TRANSIT_SUN,NATAL_URANUS,0,Money,5,Fire,1,Applying,経済的なチャンスに革新が訪れます。,新しい豊かさが届く日まで,,75,8,仮想通貨や新しい決済システムなどの情報を精査する
TRANSIT_SUN,NATAL_URANUS,0,Love,5,Fire,1,Applying,自由で新しい形の人間関係を築ける時期です。,絆がアップデートされる日まで,,70,7,相手の個性を尊重し、新しいスタイルの付き合い方を試みる
TRANSIT_SUN,NATAL_URANUS,0,Health,5,Fire,1,Applying,最新の健康法やテクノロジーを取り入れましょう。,活力が刷新される日まで,,80,10,最新の健康アプリや健康器具を1つ試してみる
TRANSIT_SUN,NATAL_URANUS,0,General,5,Fire,1,Separating,創造性が刺激され、自由な発想で新しい楽しみを見出せる時期です。,革新が定着する日まで,,85,10,既成概念に捉われない、新しいクリエイティブな活動に挑戦する
TRANSIT_SUN,NATAL_URANUS,0,Work,5,Fire,1,Separating,独創的なアイデアが仕事に変化をもたらします。,評価が刷新される日まで,,80,9,業務における非効率な慣習を打破する提案を行う
TRANSIT_SUN,NATAL_URANUS,0,Money,5,Fire,1,Separating,経済的なチャンスに革新が訪れます。,新しい豊かさが届く日まで,,75,8,仮想通貨や新しい決済システムなどの情報を精査する
TRANSIT_SUN,NATAL_URANUS,0,Love,5,Fire,1,Separating,自由で新しい形の人間関係を築ける時期です。,絆がアップデートされる日まで,,70,7,相手の個性を尊重し、新しいスタイルの付き合い方を試みる
TRANSIT_SUN,NATAL_URANUS,0,Health,5,Fire,1,Separating,最新の健康法やテクノロジーを取り入れましょう。,活力が刷新される日まで,,80,10,最新の健康アプリや健康器具を1つ試してみる
TRANSIT_SUN,NATAL_URANUS,0,General,5,Earth,0,Applying,創造性が刺激され、自由な発想で新しい楽しみを見出せる時期です。,革新が定着する日まで,,85,10,既成概念に捉われない、新しいクリエイティブな活動に挑戦する
TRANSIT_SUN,NATAL_URANUS,0,Work,5,Earth,0,Applying,独創的なアイデアが仕事に変化をもたらします。,評価が刷新される日まで,,80,9,業務における非効率な慣習を打破する提案を行う
TRANSIT_SUN,NATAL_URANUS,0,Money,5,Earth,0,Applying,経済的なチャンスに革新が訪れます。,新しい豊かさが届く日まで,,75,8,仮想通貨や新しい決済システムなどの情報を精査する
TRANSIT_SUN,NATAL_URANUS,0,Love,5,Earth,0,Applying,自由で新しい形の人間関係を築ける時期です。,絆がアップデートされる日まで,,70,7,相手の個性を尊重し、新しいスタイルの付き合い方を試みる
TRANSIT_SUN,NATAL_URANUS,0,Health,5,Earth,0,Applying,最新の健康法やテクノロジーを取り入れましょう。,活力が刷新される日まで,,80,10,最新の健康アプリや健康器具を1つ試してみる
TRANSIT_SUN,NATAL_URANUS,0,General,5,Earth,0,Separating,創造性が刺激され、自由な発想で新しい楽しみを見出せる時期です。,革新が定着する日まで,,85,10,既成概念に捉われない、新しいクリエイティブな活動に挑戦する
TRANSIT_SUN,NATAL_URANUS,0,Work,5,Earth,0,Separating,独創的なアイデアが仕事に変化をもたらします。,評価が刷新される日まで,,80,9,業務における非効率な慣習を打破する提案を行う
TRANSIT_SUN,NATAL_URANUS,0,Money,5,Earth,0,Separating,経済的なチャンスに革新が訪れます。,新しい豊かさが届く日まで,,75,8,仮想通貨や新しい決済システムなどの情報を精査する
TRANSIT_SUN,NATAL_URANUS,0,Love,5,Earth,0,Separating,自由で新しい形の人間関係を築ける時期です。,絆がアップデートされる日まで,,70,7,相手の個性を尊重し、新しいスタイルの付き合い方を試みる
TRANSIT_SUN,NATAL_URANUS,0,Health,5,Earth,0,Separating,最新の健康法やテクノロジーを取り入れましょう。,活力が刷新される日まで,,80,10,最新の健康アプリや健康器具を1つ試してみる
TRANSIT_SUN,NATAL_URANUS,0,General,5,Earth,1,Applying,創造性が刺激され、自由な発想で新しい楽しみを見出せる時期です。,革新が定着する日まで,,85,10,既成概念に捉われない、新しいクリエイティブな活動に挑戦する
TRANSIT_SUN,NATAL_URANUS,0,Work,5,Earth,1,Applying,独創的なアイデアが仕事に変化をもたらします。,評価が刷新される日まで,,80,9,業務における非効率な慣習を打破する提案を行う
TRANSIT_SUN,NATAL_URANUS,0,Money,5,Earth,1,Applying,経済的なチャンスに革新が訪れます。,新しい豊かさが届く日まで,,75,8,仮想通貨や新しい決済システムなどの情報を精査する
TRANSIT_SUN,NATAL_URANUS,0,Love,5,Earth,1,Applying,自由で新しい形の人間関係を築ける時期です。,絆がアップデートされる日まで,,70,7,相手の個性を尊重し、新しいスタイルの付き合い方を試みる
TRANSIT_SUN,NATAL_URANUS,0,Health,5,Earth,1,Applying,最新の健康法やテクノロジーを取り入れましょう。,活力が刷新される日まで,,80,10,最新の健康アプリや健康器具を1つ試してみる
TRANSIT_SUN,NATAL_URANUS,0,General,5,Earth,1,Separating,創造性が刺激され、自由な発想で新しい楽しみを見出せる時期です。,革新が定着する日まで,,85,10,既成概念に捉われない、新しいクリエイティブな活動に挑戦する
TRANSIT_SUN,NATAL_URANUS,0,Work,5,Earth,1,Separating,独創的なアイデアが仕事に変化をもたらします。,評価が刷新される日まで,,80,9,業務における非効率な慣習を打破する提案を行う
TRANSIT_SUN,NATAL_URANUS,0,Money,5,Earth,1,Separating,経済的なチャンスに革新が訪れます。,新しい豊かさが届く日まで,,75,8,仮想通貨や新しい決済システムなどの情報を精査する
TRANSIT_SUN,NATAL_URANUS,0,Love,5,Earth,1,Separating,自由で新しい形の人間関係を築ける時期です。,絆がアップデートされる日まで,,70,7,相手の個性を尊重し、新しいスタイルの付き合い方を試みる
TRANSIT_SUN,NATAL_URANUS,0,Health,5,Earth,1,Separating,最新の健康法やテクノロジーを取り入れましょう。,活力が刷新される日まで,,80,10,最新の健康アプリや健康器具を1つ試してみる
