Edition_ID,Solar_House,Natal_House,Title,Summary,Interpretation,Action
2026_CANCER,1,1,,,,
2026_CANCER,1,2,,,,
2026_CANCER,1,3,,,,
2026_CANCER,1,4,,,,
2026_CANCER,1,5,,,,
2026_CANCER,1,6,,,,
2026_CANCER,1,7,,,,
2026_CANCER,1,8,,,,
2026_CANCER,1,9,,,,
2026_CANCER,1,10,,,,
2026_CANCER,1,11,,,,
2026_CANCER,1,12,,,,
2026_CANCER,2,1,,,,
2026_CANCER,2,2,,,,
2026_CANCER,2,3,,,,
2026_CANCER,2,4,,,,
2026_CANCER,2,5,,,,
2026_CANCER,2,6,,,,
2026_CANCER,2,7,,,,
2026_CANCER,2,8,,,,
2026_CANCER,2,9,,,,
2026_CANCER,2,10,,,,
2026_CANCER,2,11,,,,
2026_CANCER,2,12,,,,
2026_CANCER,3,1,,,,
2026_CANCER,3,2,,,,
2026_CANCER,3,3,,,,
2026_CANCER,3,4,,,,
2026_CANCER,3,5,,,,
2026_CANCER,3,6,,,,
2026_CANCER,3,7,,,,
2026_CANCER,3,8,,,,
2026_CANCER,3,9,,,,
2026_CANCER,3,10,,,,
2026_CANCER,3,11,,,,
2026_CANCER,3,12,,,,
2026_CANCER,4,1,,,,
2026_CANCER,4,2,,,,
2026_CANCER,4,3,,,,
2026_CANCER,4,4,,,,
2026_CANCER,4,5,,,,
2026_CANCER,4,6,,,,
2026_CANCER,4,7,,,,
2026_CANCER,4,8,,,,
2026_CANCER,4,9,,,,
2026_CANCER,4,10,,,,
2026_CANCER,4,11,,,,
2026_CANCER,4,12,,,,
2026_CANCER,5,1,,,,
2026_CANCER,5,2,,,,
2026_CANCER,5,3,,,,
2026_CANCER,5,4,,,,
2026_CANCER,5,5,,,,
2026_CANCER,5,6,,,,
2026_CANCER,5,7,,,,
2026_CANCER,5,8,,,,
2026_CANCER,5,9,,,,
2026_CANCER,5,10,,,,
2026_CANCER,5,11,,,,
2026_CANCER,5,12,,,,
2026_CANCER,6,1,,,,
2026_CANCER,6,2,,,,
2026_CANCER,6,3,,,,
2026_CANCER,6,4,,,,
2026_CANCER,6,5,,,,
2026_CANCER,6,6,,,,
2026_CANCER,6,7,,,,
2026_CANCER,6,8,,,,
2026_CANCER,6,9,,,,
2026_CANCER,6,10,,,,
2026_CANCER,6,11,,,,
2026_CANCER,6,12,,,,
2026_CANCER,7,1,,,,
2026_CANCER,7,2,,,,
2026_CANCER,7,3,,,,
2026_CANCER,7,4,,,,
2026_CANCER,7,5,,,,
2026_CANCER,7,6,,,,
2026_CANCER,7,7,,,,
2026_CANCER,7,8,,,,
2026_CANCER,7,9,,,,
2026_CANCER,7,10,,,,
2026_CANCER,7,11,,,,
2026_CANCER,7,12,,,,
2026_CANCER,8,1,,,,
2026_CANCER,8,2,,,,
2026_CANCER,8,3,,,,
2026_CANCER,8,4,,,,
2026_CANCER,8,5,,,,
2026_CANCER,8,6,,,,
2026_CANCER,8,7,,,,
2026_CANCER,8,8,,,,
2026_CANCER,8,9,,,,
2026_CANCER,8,10,,,,
2026_CANCER,8,11,,,,
2026_CANCER,8,12,,,,
2026_CANCER,9,1,,,,
2026_CANCER,9,2,,,,
2026_CANCER,9,3,,,,
2026_CANCER,9,4,,,,
2026_CANCER,9,5,,,,
2026_CANCER,9,6,,,,
2026_CANCER,9,7,,,,
2026_CANCER,9,8,,,,
2026_CANCER,9,9,,,,
2026_CANCER,9,10,,,,
2026_CANCER,9,11,,,,
2026_CANCER,9,12,,,,
2026_CANCER,10,1,,,,
2026_CANCER,10,2,,,,
2026_CANCER,10,3,,,,
2026_CANCER,10,4,,,,
2026_CANCER,10,5,,,,
2026_CANCER,10,6,,,,
2026_CANCER,10,7,,,,
2026_CANCER,10,8,,,,
2026_CANCER,10,9,,,,
2026_CANCER,10,10,,,,
2026_CANCER,10,11,,,,
2026_CANCER,10,12,,,,
2026_CANCER,11,1,,,,
2026_CANCER,11,2,,,,
2026_CANCER,11,3,,,,
2026_CANCER,11,4,生活の土台を整え、次の居場所へつながる時期,今期は、外へ向けた成果を急ぐより、暮らしの土台と心の落ち着きどころを整えることが、これからの人間関係や活動の場を選び直す力になります。6月末以降は仕事上の動きも速くなりますが、7月10日以降は自分を整える喜びも戻りやすいため、役割を見極めながら対応することが大切です。,今期は、外へ向かって結果を急ぐよりも、生活の土台や心が落ち着く場所を整えることが、次の動きに直結しやすい時期です。太陽がネイタル4ハウスを通り、ソーラー11ハウスを照らすため、自分だけの安心や私生活の問題を見直すことが、そのまま人とのつながり方や、これから参加したい場の選択へつながっていきます。気持ちが内側へ向かうことは、後退ではなく、今後の居場所を選び直すための準備です。 6月末に火星が双子座へ移ると、ソーラー10ハウスの仕事や社会的役割に、調整や判断を急ぐ場面が増えやすくなります。急な連絡、情報量の増加、役割の変化などに反応する場面はあっても、大きく打って出ることだけが正解ではありません。連絡、確認、優先順位の整理といった小さな判断を丁寧に重ねるほど、変化の中でも自分の立ち位置を保ちやすくなります。 同じ頃、水星が蟹座で逆行に入るため、ソーラー11ハウスの人間関係や所属先についても、以前のつながり、保留していた連絡、参加の仕方を見直す流れが強まります。今すぐ答えを出す必要はありません。連絡の取り方、日々の時間の使い方、身近な環境を少し整えるだけでも、気持ちの散らばりを減らしやすくなります。過去を振り返るなら、後悔を増やすためではなく、これから残したいものと手放してよい負担を見分けるために使う時です。 7月10日に金星が乙女座へ移ると、ソーラー1ハウスに金星の軽さが入ります。身だしなみや部屋の整え方、食事、肌や身体の手入れなど、自分を気持ちよく扱う小さな選択が、気分を前向きへ戻す助けになります。負荷が残る時期だからこそ、この楽しみは気休めではありません。自分の感覚を取り戻し、仕事や対人の変化に飲まれないための、実際の支えになります。今期に整えた生活の基盤は、次の活動期に人と関わり、仕事を進める際の支えになります。,住まい、睡眠、食事、連絡先、予定など、日常を支えるものを一つずつ整えてください。6月末以降の仕事上の変化には、即断より確認と優先順位づけで対応する方が合います。7月10日以降は、自分の見た目や生活の手入れに少し時間を使うことも、次の居場所を選ぶ力になります。
2026_CANCER,11,5,,,,
2026_CANCER,11,6,,,,
2026_CANCER,11,7,,,,
2026_CANCER,11,8,,,,
2026_CANCER,11,9,,,,
2026_CANCER,11,10,,,,
2026_CANCER,11,11,,,,
2026_CANCER,11,12,,,,
2026_CANCER,12,1,,,,
2026_CANCER,12,2,,,,
2026_CANCER,12,3,,,,
2026_CANCER,12,4,,,,
2026_CANCER,12,5,,,,
2026_CANCER,12,6,,,,
2026_CANCER,12,7,,,,
2026_CANCER,12,8,,,,
2026_CANCER,12,9,,,,
2026_CANCER,12,10,,,,
2026_CANCER,12,11,,,,
2026_CANCER,12,12,,,,
2026_LEO,1,1,自分の輪郭を整え直し一歩を選ぶ月,今月は自分の意志や見せ方を更新する力が前へ出ます。身体感覚と気持ちの速度を確かめながら本当に始めたいことを一つ選ぶと勢いを無理なく自分のものにできます。小さな選択を自分で引き受ける姿勢が今月の成長を支えます。,今月は自分を主語にして物事を選び直すことが中心になります。周囲にどう見られるかよりも何を心地よいと感じるかを確かめるほど表情や振る舞いにも自然な自信が戻りやすいでしょう。新しい役割へ急いで合わせるより今の自分に似合う速度や距離感を見つけることが始動の土台になります。　その動きは身体感覚や外見への意識として強く現れます。服装や姿勢を変えたくなったりこれまで遠慮していた希望を口にしたくなったりするかもしれません。気持ちが高まる一方で予定を詰め込みすぎると疲れを見落としやすいため体調の波も判断材料にしてください。休む選択も自分の主導権を取り戻す行動です。　中盤に向かうと内側で練っていた考えを表へ出しやすくなり言葉と態度がそろってきます。人との釣り合いを整える流れも加わるため一方的に押し出すより相手の反応を受け取りながら表現を磨く方が魅力を伝えやすくなります。月末に向けては始めたことの手順や日常へのなじませ方を見直すと勢いが持続可能な形へ変わります。　大きな変身を目指す必要はありません。朝の支度や予定の入れ方など自分で選べる小さな場面を整え一日の中で納得して決めた回数を増やしてください。その積み重ねが今月の自己更新を現実の手応えへつなげます。,最初に変えたいことを一つに絞り朝の過ごし方や身だしなみなど毎日触れる場所から試してください。疲れを感じた日は予定を減らし回復後に再開できる余白を残すことが大切です。人へ伝える時は結論だけでなく今そう考える理由も添えると新しい自分の輪郭が穏やかに伝わります。
2026_LEO,1,2,自分らしい価値基準で持ち物を選び直す,今月は自分らしさを表へ出す流れが収入や所有物の見直しへつながります。見栄や不安ではなく長く使いたいものと守りたい基準を選ぶことで日々の安心と自信を育てられます。使う目的を言葉にすると選択への迷いも減っていきます。,今月は自分の意志をはっきりさせるほど持ち物やお金の使い方にも新しい基準が生まれます。誰かの評価に合わせて選んだものより自分が本当に役立つと感じるものへ意識が向きやすいでしょう。華やかさを求める気持ちも強まりますが量を増やすことより自分の暮らしに残したい価値を見極めることが主題です。　具体的には収支の配分を変えたくなったり仕事で提供できる強みを言葉にしたくなったりします。今持っている技能や道具を棚卸しすると新しく買い足す前に活用できる資源が見つかるかもしれません。不安を埋めるための出費と自分をいたわるための支出を分けて考えると満足度の違いが見えやすくなります。　中盤は自分の考えや希望を外へ示す流れが強まり価格や条件についても曖昧にせず話しやすくなります。同時に人との公平さを整える働きが加わるため自分だけが負担している交換や反対に受け取りすぎている関係を穏やかに調整する好機です。月末に向けては予算や保管方法など細部を整えると選んだ価値を継続して守れます。　今月の豊かさは派手な結果ではなく自分の基準で選べる感覚にあります。毎日の小さな支払いから時間や労力の使い方まで納得できる交換を増やしてください。自分の資源を丁寧に扱う姿勢が自信を外側からではなく内側から支えます。,一週間分の支出と時間の使い方を並べ満足が残ったものと惰性で続けたものを分けてみてください。買い足す前に手元の道具や技能を一度使い切る工夫も有効です。条件を相談する場では希望額だけでなく提供できる価値と守りたい限界を具体的に伝えると無理のない交換へ近づきます。
2026_LEO,1,3,言葉と学びを通して新しい自分を試す,今月は発信や学びの場で自分の考えを試すことが自己更新につながります。結論を急がず短い対話や小さな移動を重ねるほど伝えたい内容と自分に合う表現方法が整います。好奇心の向かう先を記録すると次の学びも選びやすくなります。,今月は自分の意志を外へ示す力が高まり言葉や学びを通して新しい立ち位置を試せます。頭の中だけで完成させようとせず短い発信や身近な人との会話から反応を確かめることが大切です。話しながら考えが育つ時期なので最初の表現が未完成でも修正できる余地を残しておくと前へ進みやすくなります。　日常では連絡の量が増えたり学び直したいテーマが見つかったり近距離の移動が活発になったりしそうです。複数の話題に関心が広がる一方で情報を追い続けると自分の考えが見えにくくなります。受け取った情報をそのまま広めず自分の経験と照らして一度言い換える作業が発信の質を高めます。　中盤に向かうと内側で温めていた意見を堂々と表現しやすくなります。人との釣り合いを整える流れも加わるため強く言い切るより相手が受け取りやすい順序へ整えることで説得力が増します。月末は考えを分類し学んだことを手順やメモへ落とすと一時的な刺激が今後使える知識へ変わります。　遠くの正解を探すより身近な一往復を丁寧にしてください。質問すること返事を待つこと誤解があれば言い直すことの全てが今月の自己表現を育てます。言葉を勝ち負けの道具ではなく自分と相手の理解を更新する橋として使うほど新しい自分を安心して試せます。,伝えたいテーマを一つ選び短いメモや会話で少しずつ外へ出してください。情報を受け取ったら自分の言葉で三行にまとめ事実と感想を分ける習慣が役立ちます。返事を急かさず相手の理解を確認する一文を添えると主張を弱めずに対話の余地を保てます。学びの余白も予定に残しましょう。
2026_LEO,1,4,暮らしの土台から自分の軸を育て直す,今月は自分らしい始まりを望むほど住まいや家族との距離や休める環境の重要性が増します。外へ見せる姿と内側の安心を一致させることで無理のない自己更新が進みます。整った居場所が外で挑戦する時の落ち着きも支えてくれます。,今月は自分の意志を前へ出す流れが暮らしの土台を整えることと深く結びつきます。外で新しい役割を始める前に家へ戻った時に緊張を解けるか身近な人の期待を背負いすぎていないかを確かめてください。安心できる場所を作ることは活動を狭めるのではなく自分らしく動くための支点になります。　住まいの配置を変えたくなったり家族との役割分担を話し直したくなったり過去から続く習慣を見直したくなるかもしれません。感情が動いた時はすぐに結論を出すより何に反応したのかを静かに言葉へすると本当の希望が見えます。人に合わせた居場所ではなく自分も休める居場所へ少しずつ更新することが大切です。　中盤は心の内側にあった考えを表現しやすくなり身近な相手へ希望を伝える勇気が出てきます。同時に関係の釣り合いを整える流れが加わるため責める形ではなく必要な時間や具体的な分担として話すと調整が進みやすいでしょう。月末に向けては掃除や書類整理など実務的な手入れが心の落ち着きを支えます。　今月の始動は家の外だけで起こるものではありません。帰宅後の時間や眠る前の習慣を自分で選び直すことも立派な自己表現です。内側の安心と外側の目標をつなげるほど勢いに頼らず継続できる新しい生活の形が育ちます。,まず一日の終わりに安心を妨げているものを一つ見つけ照明や収納や連絡の時間帯など具体的に調整してください。家族や同居人と話す時は不満の説明だけでなく望む分担と自分が引き受けられる範囲を示すことが大切です。外の予定を増やす日は回復の時間も先に確保しましょう。
2026_LEO,1,5,好きなことに本気を戻し創造性をひらく,今月は好きなことや表現したい気持ちを遠慮せず扱うほど自分らしさが鮮明になります。評価を急がず遊びと試作の時間を守ることで喜びを継続できる形へ育てられます。自分の喜びを後回しにしないことも今月の大切な選択です。,今月は自分を主語にする力が創作や遊びや恋愛など心が明るくなる領域で強く働きます。役に立つかどうかを先に判断するより何をしている時に時間を忘れるかを手掛かりにしてください。好きなものを堂々と選ぶことが自分の輪郭を取り戻し日常全体へ前向きな熱を広げます。　作品を人に見せたくなったり趣味を再開したくなったり好意を素直に表したくなるかもしれません。反応が欲しい気持ちは自然ですが評価だけを基準にすると楽しさが不安へ変わりやすくなります。完成度を競う場と自由に試す場を分けておくことで創造性を守りながら技術も磨けます。　中盤は言葉に力が宿り自分のアイデアや好意を以前より率直に伝えやすくなります。関係の釣り合いを整える流れも加わるため相手の反応を尊重しながら自分の望みも隠さない姿勢が心地よい交流を育てます。月末に向けては道具や時間割を整えると一時の高揚が続けられる活動へ変わります。　喜びは余裕ができた後に許すものではなく今月の判断力を回復させる資源です。短い時間でも好きなことへ集中しそこで得た感覚を仕事や暮らしへ持ち帰ってください。自分が生き生きする条件を知ることが次の選択をより自分らしいものにします。,週に一度は成果を求めない創作や遊びの時間を先に予定へ入れてください。人へ見せるものと自分だけで楽しむものを分けると評価への緊張を減らせます。好意や提案を伝える時は相手の返答を決めつけず自分はこう感じているという形で差し出すと率直さと配慮を両立できます。
2026_LEO,1,6,毎日の仕組みを整え動ける自分をつくる,今月は自分を変えたい気持ちを仕事の手順や生活習慣へ落とすことで確かな手応えが生まれます。頑張る量より続けられる配置を選ぶと活力と実務の精度を両立できます。小さな改善を記録すると自分に合う方法も見つけやすくなります。,今月は自分らしく始めたいという意志が仕事の進め方や日々の整え方へ向かいます。大きな目標を掲げるだけでなく朝から夜までのどこに自分の判断を置けるかを見直してください。頼まれたことへ反応するだけの時間を減らし重要な作業へ先に力を配ることが自己更新の中心になります。　実務では担当範囲を変えたくなったり道具や手順を改善したくなったり身体の調子に合う働き方を探したくなるでしょう。調子が良い日に詰め込みすぎると翌日の負担が増えるため一日の最大量より一週間続けられる量を基準にすることが大切です。小さな不便を放置せず一つずつ仕組みで減らすと集中力を守れます。　中盤は考えていた改善案を説明しやすくなり周囲と役割を相談する機会も増えそうです。人との釣り合いを整える流れが加わるため自分だけで抱え込まず依頼内容や期限を具体的に確認すると協力を得やすくなります。月末に向けては記録や分類を整え試した方法の効果を見直すと自分に合う型が残ります。　今月の前進は無理を重ねることではなく動きやすい条件を自分で作ることです。休息や食事も予定の外側へ追いやらず作業の一部として扱ってください。身体の反応を確かめながら仕組みを微調整するほど自信が一時的な勢いではなく再現できる力になります。,毎日の作業から繰り返し負担になる工程を一つ選び順番や道具や依頼方法を変えてください。予定には作業時間だけでなく食事と休憩と終了時刻も入れ翌日に疲れを持ち越さない基準を作ります。役割を相談する時は困っている点と希望する対応を分けて伝えると調整が進みやすくなります。
2026_LEO,1,7,対話の中で自分らしい関係の形を選ぶ,今月は相手に合わせるだけでなく自分の希望を示すことが関係の更新につながります。率直さと公平さを両立させる対話を重ねるほど無理なく続く協力の形が見えてきます。違いを確認すること自体が相互理解を深める一歩になります。,今月は自分の意志を前へ出す流れが対人関係や協力の場で試されます。相手を優先することで保ってきた関係では何を望んでいるのかを改めて問われるかもしれません。強く押し通すことでも黙って譲ることでもなく自分の希望を関係の中へ正直に持ち込むことが主題です。　身近な相手との役割分担や約束の仕方を見直したくなったり新しい協力相手へ自己紹介する場面が増えたりしそうです。相手の反応を恐れて曖昧にすると後から負担が偏りやすくなります。できることと難しいことを早めに言葉へし相手の条件も聞くことで合意の土台を作れます。　中盤は自分の考えを堂々と伝えやすくなり関係の釣り合いを整える働きも強まります。好意や礼儀を保ちながら条件を話し合うことができるため以前は避けていた相談にも取り組みやすいでしょう。月末に向けては決めた内容を具体的な手順や予定へ落とし込むと気分だけに左右されない関係へ育ちます。　今月は誰と関わるかだけでなく関わっている時の自分を観察してください。言いたいことを失わず相手の存在も尊重できる関係は自分らしさを削るものではなく磨く場になります。対話の結果がすぐ一致しなくても違いを確認できたこと自体を前進として扱いましょう。,大切な相手との間で曖昧になっている約束を一つ選び希望と難しい範囲を落ち着いて共有してください。話す前に譲れる点と守りたい点を書き分けると感情だけに流されにくくなります。相手の返答を聞いた後はその場で結論を急がず双方が実行できる形へ整える時間を取りましょう。
2026_LEO,1,8,深い信頼と共有の線引きから自分を磨く,今月は共有しているお金や責任や感情の扱いを見直すほど自分の意志が明確になります。深く関わる部分と自分で守る部分を分けることで信頼と主体性を両立できます。確認を重ねるほど相手へ任せる部分にも安心が生まれます。,今月は自分を主語にする力が深い信頼や共有の領域へ向かいます。誰かと一緒に抱えている責任やお金や秘密について自分はどこまで関わりたいのかを見直す時です。相手との結びつきを大切にしながらも境界を曖昧にしないことが新しい自分を守る基盤になります。　共同の支出や引き継いだ役割について確認が必要になったり言葉にしてこなかった感情が表へ上がったりするかもしれません。重い話題を一度で解決しようとすると防御的になりやすいため事実と感情と希望を分けて扱ってください。見たくない部分へ静かに目を向けることで本当に共有すべきものが選びやすくなります。　中盤は胸の内にあった考えを表現しやすくなり条件や気持ちを率直に話す余地が生まれます。人との公平さを整える流れも加わるため負担の偏りを責めるより今後の分担や期限を具体的に提案する方が建設的です。月末に向けては契約や記録や保管方法を整えると話し合った内容を安心できる形にできます。　今月の自己更新は全てを一人で抱えることでも全てを預けることでもありません。自分で選んで共有し必要な部分には線を引く経験が内側の強さを育てます。深い関係ほど小さな確認を省かず信頼を感覚だけでなく行動で支えてください。,共有している費用や役割を一覧にし誰が何をいつまで担うかを確認してください。感情を話す時は相手の意図を決めつけず自分が受け取った事実と感じたことを分けて伝えます。すぐ答えが出ないテーマには次に話す時期を決め距離を置くことも誠実な管理として認めましょう。
2026_LEO,1,9,視野を広げながら自分の信念を言葉にする,今月は新しい知識や遠い視点に触れるほど自分が大切にしたい考えが鮮明になります。正解を借りるのではなく学んだ内容を自分の経験へ結び直すことで進む方向を選べます。視点の広がりを日常へ持ち帰ることが今月の前進です。,今月は自分の意志を前へ出す力が学びや思想や遠い世界への関心を刺激します。これまで当然と思っていた前提を越え別の文化や専門分野へ触れることで自分が何を信じたいのかを問い直せるでしょう。知識を増やすことそのものより得た視点が日常の選択をどう変えるかを確かめることが主題です。　講座や読書や遠方との交流に心が動いたり長く温めていた計画を言葉にしたくなったりしそうです。大きな展望が見える一方で細部を飛ばすと実行段階で負担が増えます。憧れと現実の条件を分けず必要な時間や費用も含めて考えると目標を諦めず具体化できます。　中盤は自分の考えを堂々と語りやすくなり異なる立場の人との対話から理解を深められます。関係の釣り合いを整える流れも加わるため相手を説得するより互いの前提を確かめる姿勢が学びを豊かにします。月末に向けては集めた情報を分類し次に試す一歩へ落とし込むと視野の広がりが現実の進路へつながります。　今月は遠くを見ることと足元を整えることを対立させないでください。新しい世界へ惹かれる理由を自分の言葉で説明できれば勢いだけではない方向性が生まれます。考えが変わることも迷いではなく理解が深まった結果として受け止めましょう。,気になる分野を一つ選び本や講座や詳しい人との対話から異なる視点を集めてください。学んだ後は自分の経験と結びついた点を短く記録し次に試せる行動を一つ決めます。大きな計画には必要な時間と費用と協力者を書き添え憧れを無理のない手順へ変えていきましょう。
2026_LEO,1,10,社会で見せたい自分を現実の役割へ移す,今月は仕事や公的な場でどのような自分を示したいかが明確になります。目立つ結果だけを追わず責任と裁量の釣り合う役割を選ぶことで長く続く評価の土台を作れます。日々の実行を整えるほど見せたい姿と現実の立場が近づきます。,今月は自分の意志を前へ出す力が仕事や社会的な役割へまっすぐ向かいます。どの立場で何を任されたいかを考えこれまで周囲の期待だけで引き受けてきた役割を見直す機会です。目立つことより自分の判断が生かされる場所を選ぶことが今後の方向性を形作ります。　実務では提案を任されたり責任範囲について話す必要が出たり働き方の見せ方を整えたくなったりするでしょう。自信が高まる一方で全てを一人で証明しようとすると負担が偏ります。成果だけでなく判断の過程や必要な支援も共有することで周囲との協力を保ちながら主体性を示せます。　中盤は考えてきた方針を言葉にしやすくなり交渉や説明にも力が入ります。人との公平さを整える流れが加わるため肩書きや報酬や作業量の釣り合いを具体的に確認することが大切です。月末に向けては目標を工程や期限へ分けると理想の役割が日々の実行へつながります。　今月の評価は一度の大きな結果だけで決まりません。約束したことを再現できる形で続け自分にできない範囲も誠実に伝える姿勢が信頼を育てます。社会へ見せたい姿と日常の働き方を一致させるほど自信は外からの反応だけに左右されにくくなります。立場にふさわしい準備も見えてきます。,今の役割で増やしたい裁量と減らしたい負担をそれぞれ書き出し相談する順番を決めてください。提案を出す時は目的と手順と必要な支援を一緒に示すと意欲が現実的に伝わります。目標は週単位の行動へ分け進捗だけでなく疲労や迷いも記録して継続可能な働き方へ調整しましょう。
2026_LEO,1,11,仲間との未来に自分の意志を持ち込む,今月は仲間や組織の中で自分が実現したい未来を示すことが新しい始まりになります。周囲の期待へ溶け込まず共通目的と個人の希望を分けて話すことで協力の形が整います。役割の違いを生かすことが計画を現実へ近づけます。,今月は自分を主語にする力が仲間やコミュニティや将来計画の中で働きます。集団の目的へ参加するだけでなく自分は何を持ち込み何を得たいのかを考える時です。周囲と同じであることより違いを役割として生かすことで新しい居場所や協力の可能性が見えてきます。　活動の方針について意見を求められたり新しいつながりへ自己紹介したり以前の仲間との距離を見直したくなるかもしれません。全員へ好かれようとすると希望がぼやけやすいため共感できる目的と参加できない条件を分けてください。役割を明確にするほど協力の負担を抱え込みにくくなります。　中盤は自分のアイデアを堂々と共有しやすくなり対話から計画を広げられます。人との釣り合いを整える流れも加わるため発言量の偏りや見えない作業を確認し公平な参加方法を相談するとよいでしょう。月末に向けては連絡経路や担当や期限を整理することで理想が実行可能な共同作業へ変わります。　今月は集団へ合わせて自分を小さくする必要も一人で先頭に立ち続ける必要もありません。自分の意志を明確にした上で他者の強みと組み合わせることが未来を現実へ近づけます。関係の数より互いの目的を理解できるつながりを大切にしてください。,参加している活動ごとに共感する目的と自分が担える役割と難しい範囲を書き分けてください。新しい提案は完成形を押しつけず試行期間と見直し時期を添えると協力を得やすくなります。連絡や裏方作業が一部の人へ偏っていないか確認し感謝と具体的な分担の両方を言葉にしましょう。
2026_LEO,1,12,静かな時間の中で次の自分を準備する,今月は外へ出たい気持ちと一人で整えたい感覚が同時に強まります。急いで姿を決めず休息や内省を通して終えるものと始めるものを分けることで静かな自信が育ちます。見えない準備を丁寧にするほど次の始まりも軽くなります。,今月は自分らしい始まりを求める力が高まる一方で内側を整える時間も必要になります。すぐに新しい姿を見せようとするよりこれまで背負ってきた期待や役割を静かに振り返ってください。表へ出る前の準備を丁寧にすることが次の一歩を自分の意志で選ぶ助けになります。　眠気や集中力の波が大きくなったり一人で考えたい気持ちが増えたり過去の出来事を思い出したりするかもしれません。それを停滞と決めつけず心身が情報を整理している時間として扱うことが大切です。人に見せない創作や記録や片づけは内側に散らばった思いを新しい方向へまとめます。　中盤は胸の内にあった考えを少しずつ言葉へしやすくなります。信頼できる相手との対話や公平な距離感を整える流れも加わるため全てを説明しようとせず共有したい範囲を自分で選んでください。月末に向けては睡眠や予定や作業環境を実務的に整えると内省から得た気づきを次の生活へ移せます。　今月の自己更新は目立つ行動だけでは測れません。終えたい習慣を一つ手放し守りたい静けさを予定に入れることも明確な選択です。動ける日に少し進み休む日はきちんと閉じるリズムを作るほど次に表へ出る自分の輪郭が自然に固まります。,予定を入れない時間を先に確保し睡眠と気持ちの変化を短く記録してください。終えたい役割や習慣を一つ選び誰かへ説明が必要なら静かに期限を伝えます。考えを共有する相手は信頼できる少人数に絞り話した後に一人で整理する余白も残すと次の始まりを急がず準備できます。
2026_LEO,2,1,身体感覚を基準に価値ある選択を重ねる,今月は収入や持ち物を整える課題が身体の快適さや自己イメージと直結します。人から見える価値より自分が無理なく保てる状態を優先すると選択への確信が育ちます。日々の手入れも大切な自己投資になります。,今月はお金や所有物の扱いを通して自分にとって本当に価値のある状態を選び直します。目に見える豊かさを増やすことだけでなく身体が安心できる環境や自分らしい身だしなみへ資源を配ることが中心です。人の基準へ合わせる前に今の自分が何を必要としているかを確かめてください。　具体的には服装や美容や食事への関心が高まったり自分の技能に見合う対価を考えたくなったりするでしょう。気分を上げる支出は悪いものではありませんが一時的な高揚と長く満足が続く選択を分けることが大切です。身体の反応を観察すると必要なものと見栄から欲しくなるものの違いが見えます。　中盤は自分の希望を表現しやすくなり価格や条件についても率直に話せます。人との釣り合いを整える流れが加わるため受け取ることへの遠慮や与えすぎを見直しやすいでしょう。月末に向けては購入履歴や定期的な支出を整理し今後も続けたい手入れを現実的な予算へ組み込むと安心が増します。　今月の自己価値は高価なものを身につけることではなく自分を雑に扱わない選択から育ちます。疲れを減らす道具や落ち着ける時間へ適切に資源を使い不要な比較から距離を置いてください。自分の身体と生活を守る支出が次の行動を支える土台になります。,毎日の支出を必要なものと快適さを支えるものと勢いで選んだものに分けて記録してください。身だしなみや食事を整える時は他人の評価より自分の身体が楽になる基準を優先します。報酬や条件を話す場では遠慮だけで決めず提供している時間と技能を具体的に示しましょう。
2026_LEO,2,2,自分の資源を見直し豊かさの軸を育てる,今月は持っているお金や技能や時間を丁寧に棚卸しすることで自分の価値基準が鮮明になります。増やすことを急がず使い方と残し方を選び直すほど安定した豊かさを実感できます。小さな満足の質にも目を向けましょう。,今月は収入や所有物や能力と正面から向き合い自分の豊かさを何で測るかを決め直す時です。周囲と比べて不足を数えるより既に持っている資源が生活をどう支えているかを確認してください。自分の価値を数字だけに預けず選択できる自由や落ち着いて過ごせる時間も含めて捉えることが中心になります。　収支の偏りを見直したり使っていない道具を整理したり得意なことを収入へつなげる方法を考えたくなるでしょう。華やかな選択へ気持ちが向きやすい一方で本当に満足が残るものは何かを確かめる必要があります。所有する量より管理できる範囲を意識すると資源への信頼が戻ります。　中盤は自分の強みや希望条件を言葉にしやすくなり交渉や価格設定を見直す機会が生まれます。公平な交換を求める流れも強まるため安さだけで選ばず品質や手間や相手との関係まで含めて判断するとよいでしょう。月末は予算や保管場所や利用頻度を整理し選んだものを継続して生かせる仕組みを作れます。　豊かさは一度に完成するものではありません。小さな収入や節約や手入れを軽視せず自分の安心へどうつながったかを記録してください。自分で管理できる資源を増やし必要な時に使える状態を保つことが今月の確かな前進です。,お金と時間と技能の三つを一覧にし今ある量と毎月必要な量を確かめてください。使っていないものは処分を急がず修理や再利用や貸し出しも含めて生かし方を検討します。新しい条件を決める時は最低限守りたい基準と余裕があれば選びたい基準を分けると判断しやすくなります。
2026_LEO,2,3,言葉と技能を日々の価値へ結び直す月,今月は学んだことや伝える力を日常で使うほど自分の資源としての手応えが増します。情報を集めるだけで終わらせず小さな実践や発信へ移すことで技能の価値と伸ばす方向が見えてきます。記録が次の選択を助けます。,今月は言葉や知識や身近な技能をどのように価値へ変えるかが中心になります。知っていることを抱えたままにせず説明したり教えたり日々の作業へ応用したりすることで自分の資源として認識できるでしょう。評価を得るためだけでなく誰のどんな困り事に役立つかを考えると強みが具体化します。　短い講座を受けたくなったり発信の方法を整えたくなったり移動や連絡にかかる費用を見直したくなるかもしれません。多くの情報へ手を広げると時間が散らばるため今月使うテーマを絞ることが大切です。学んだ内容を自分の言葉でまとめ実際に一度使うところまでを一組にしてください。　中盤は内側で考えていた企画や希望を表へ出しやすくなります。人との公平なやり取りを整える流れも加わるため無料で引き受けてきた説明や調整の手間にも目を向けましょう。月末に向けては資料や連絡手順を分類し繰り返し使える形へ整えると技能が安定した価値になります。　今月は完璧な専門家になることより使える知識を一つ増やすことが重要です。質問された内容や人に喜ばれた説明を記録すると自分では当たり前と思っていた力が見えてきます。その積み重ねが学びへの投資先や仕事で示す強みを選ぶ材料になります。,今月深める技能を一つ決め学ぶ時間と実際に試す時間を同じ週へ入れてください。人へ説明した内容や繰り返し頼まれる作業は短く記録し自分の強みとして見える形にします。無償で引き受ける範囲を決める時は相手との関係だけでなく必要な時間と負担も確かめましょう。
2026_LEO,2,4,暮らしを守る支出と安心の土台を整える,今月は住まいや家族や心の落ち着きを支えるために資源の配分を見直します。目先の安さだけで決めず長く安心して暮らせる条件を選ぶほど内側の安定が育ち外で動く力も保てます。守る範囲を明確にしましょう。,今月はお金や持ち物のテーマが住まいや家族や心の居場所と結びつきます。外から見える豊かさより帰宅した時に安心できる環境や身近な人と無理なく支え合える仕組みへ目を向けてください。暮らしの土台へ資源を使うことは派手ではなくても今後の行動力を守る大切な選択です。　住居費や光熱費や家の修繕を確認したくなったり家族のために引き受けている支出を話し直したくなったりするでしょう。感情的な安心を買い物だけで補おうとすると物が増えやすいため本当に必要なのは道具か時間か会話かを分けて考えることが大切です。共有する負担には見えない手間も含めてください。　中盤は家庭内で曖昧だった条件を言葉にしやすくなります。公平な関係を整える流れも加わるため誰かを責めるより現在の支出と分担を見える形にして相談するとよいでしょう。月末に向けては収納や契約や定期購入を整理し残したい暮らしに合う予算へ組み直すことで安心が具体化します。　今月の安定は全てを固定することではありません。予備費や一人で休める場所など変化へ対応できる余白も生活資源の一部です。家を守るために自分だけが消耗しない仕組みを選び内側の安心と経済的な現実を丁寧につないでください。,住まいに関する固定費と修繕したい場所と家族内の分担を一度一覧にしてください。費用だけでなく連絡や手配や片づけに必要な時間も負担として数えます。安心のための支出には上限を決める一方で睡眠や安全を守る項目は安さだけで選ばず長く使える基準を持ちましょう。
2026_LEO,2,5,喜びへ使う時間とお金を自分で選び取る,今月は創作や遊びや好意へどれだけ資源を使うかを自分の基準で決める時です。衝動的な華やかさと長く心を満たす楽しみを見分けることで喜びを生活の中へ無理なく残せます。好きな気持ちを大切に扱いましょう。,今月はお金や時間の使い方を通して自分が本当に喜べるものを選び直します。創作や趣味や恋愛へ心が向きやすく我慢してきた楽しみを取り戻したくなるでしょう。楽しみを浪費と決めつけず生活へ活力を戻す資源として扱う一方で満足が続く使い方を考えることが中心です。　作品のための道具を買いたくなったり催しへ参加したくなったり大切な人へ贈り物を選びたくなるかもしれません。気持ちが高まる時ほど予算を忘れやすいため楽しむ金額と期間を先に決めると後悔を減らせます。自分で作ること借りること共有することも豊かさの選択肢です。　中盤は好みや作品について堂々と語りやすくなり人との交流から新しい刺激を受け取れます。公平さを整える流れが加わるため好意の証明として無理に与えすぎたり相手の反応を買おうとしたりしないことが大切です。月末には道具や予定を整理し続けたい活動へ必要な資源を残してください。　喜びへ使った時間やお金がどんな気分を生んだかを観察すると自分の価値基準が鮮明になります。人に見せるための華やかさだけでなく静かに満足できる創作や遊びも守りましょう。自分の心が動く対象を丁寧に選ぶことが豊かさへの信頼を育てます。選んだ喜びを言葉にすると次の支出基準もはっきりします。,楽しみのために使える月の予算と時間を先に確保しその範囲で一番心が動くものを選んでください。買う前に借りるか試すか手元の材料で作れるかも検討します。好意を表す時は高価さへ頼らず相手を思って選んだ理由や一緒に過ごしたい時間を言葉にすることも大切です。
2026_LEO,2,6,働き方と習慣から確かな価値を積み上げる,今月は日々の仕事や生活習慣を整えることが収入と自己評価の安定へつながります。頑張った量ではなく繰り返せる方法と身体への負担を基準にすると技能を長く生かせます。小さな改善を価値として数えましょう。,今月は自分の資源を守り育てる課題が仕事の手順や生活習慣に現れます。忙しさを価値の証明にせずどの作業が実際に成果や安心へつながっているかを見直してください。時間と体力を適切に配ることが収入や技能を安定させる基盤になります。　担当業務の価値を説明したくなったり作業環境へ投資したくなったり日常的な出費を減らす工夫が必要になったりするでしょう。安い道具で我慢を続けることと高価なものを勢いで選ぶことの間に自分に合う選択があります。使用頻度と身体への負担と手入れのしやすさを基準にしてください。　中盤は改善案や希望条件を周囲へ伝えやすくなります。公平な交換を求める流れも加わるため追加作業や見えない調整に使っている時間を確認し役割や対価を相談するとよいでしょう。月末に向けては作業記録や定期的な支出を整理し効果があった方法だけを残すことで日常の精度が上がります。　今月の自己価値は疲れ切るまで働くことではなく自分の力を再び使える状態で一日を終えることから育ちます。休息と食事と道具の手入れを仕事の外へ追いやらず資源管理の一部として扱ってください。小さな改善の積み重ねが長く続く実力になります。整えた手順は自分の技能を守る資産として残っていきます。,一週間の作業時間と疲れ方を記録し成果につながった工程と消耗だけが残った工程を分けてください。毎日使う道具は価格だけでなく身体の負担と手入れのしやすさも比較します。追加業務を頼まれた時は必要時間と他の予定への影響を伝え優先順位を一緒に確認しましょう。
2026_LEO,2,7,対等な交換を通して自分の価値を確かめる,今月は人との約束や取引や役割分担を見直すことで自分が提供できる価値と受け取りたい条件が明確になります。好意と遠慮だけで決めず双方が続けられる交換を選ぶと関係への安心が育ちます。違いも丁寧に確認しましょう。,今月はお金や能力や時間の価値を対人関係の中で確かめ直します。相手に合わせて条件を曖昧にしてきた場面では自分は何を提供し何を受け取りたいのかを言葉にする必要が出てくるでしょう。勝ち負けではなく双方が無理なく続けられる交換を作ることが中心です。　仕事の契約や共同購入や家事の分担について話したくなったり誰かから能力を評価される機会が生まれたりするかもしれません。相手の期待へ応えることだけを優先すると自分の負担が見えなくなります。金額だけでなく時間や責任や連絡の手間も条件として数えてください。　中盤は希望や違和感を率直に伝えやすくなり関係の公平さを整える働きも強まります。好意がある相手ほど確認を省かず互いの前提を言葉にすると信頼が深まります。月末に向けては合意した内容を予定や記録へ残し感情の波だけで条件が変わらない仕組みを作ると安心です。　自分の価値を高く見せる必要も低く見積もる必要もありません。提供した内容と受け取ったものを現実的に見比べ不足があれば穏やかに調整してください。対等な交換を経験するほど関係の中でも自分の基準を失わずにいられます。納得して合意できた経験が自分の価値への信頼も深めます。,継続している約束を一つ選び費用と時間と責任の分担を双方で確認してください。お願いを受ける時はすぐ返事をせず必要な手間と自分の予定を見積もります。条件を提案する際は譲れる点と守りたい点を分け相手の希望も聞いた上で次に見直す時期まで決めましょう。
2026_LEO,2,8,共有する資源と責任の境界を整え直す月,今月は共同のお金や引き継いだ役割や深い信頼の中で自分が担う範囲を見直します。共有する部分と個人で守る部分を分けるほど不安に流されず資源を扱えます。確認を重ねることが安心の土台になります。,今月は自分の資源を守る課題が共同のお金や責任や深い信頼の領域に現れます。誰かと共有しているからこそ曖昧になっていた負担や権利を整理し自分が引き受ける範囲を選び直してください。信頼を保ちながら境界を作ることが中心です。　共同口座や保険や借りたものを確認したくなったり家族や組織から引き継いだ責任について話す必要が出たりするでしょう。不安が強い時に数字を避けると想像が膨らみやすいため事実を小さく分けて確かめることが大切です。秘密や感情も誰にどこまで共有するかを自分で選べます。　中盤は条件や気持ちを表へ出しやすくなり不公平な負担を調整する話し合いにも取り組めます。相手を責めるより現在の記録と今後の希望を示すと建設的です。月末に向けては契約や連絡先や保管場所を整え緊急時にも迷わない形へすると共有への安心が増します。　今月の豊かさは全てを自分だけで抱えることでも相手へ任せきることでもありません。必要な支援を受け取り返せる範囲を明確にすることで資源が健全に循環します。確認の手間を信頼の不足と考えず関係を長く保つための行動として扱ってください。境界が明確になるほど共有できる部分にも落ち着きが生まれます。,共同で扱っている費用や契約や重要書類を一覧にし担当者と保管場所を確認してください。支援を頼む時は必要な内容と期間を具体的にし返せる範囲も現実的に考えます。感情が動く話題は一度で決めず次の確認日を設け事実と希望を分けて話しましょう。記録も残します。
2026_LEO,2,9,学びへの投資を未来の選択肢へ育てる月,今月は知識や経験へ使う資源を選び直すことで将来の可能性が広がります。憧れだけで決めず学んだ後に何へ生かしたいかを明確にすると時間と費用を納得して配分できます。小さな実践までを投資に含めましょう。,今月はお金や時間の価値を学びや遠い展望と結びつけて考えます。新しい分野へ投資したい気持ちが強まりこれまでの生活だけでは得られない視点を求めるでしょう。資格や肩書きだけを目的にせずその学びが自分の選択肢をどう増やすかを確かめることが中心です。　講座や本や旅へ費用を使いたくなったり専門家へ相談する価値を検討したくなったりするかもしれません。大きな希望があるほど総額や必要時間を見落としやすいため準備と実践まで含めた計画が必要です。無料の情報を追い続けるより信頼できる一つへ集中する方が身につきます。　中盤は学びたい理由や将来像を言葉にしやすくなり周囲へ協力を求めることもできます。公平な交換を整える流れが加わるため教える側の手間を尊重しながら自分が受け取りたい内容も具体的に確認してください。月末には資料や予定を整理し学んだことを日常で試す時間を作ると投資が経験へ変わります。　未来への投資はすぐ利益になるものだけではありません。視野が広がり選べる道が増えることも大切な価値です。ただし生活の安心を削りすぎない範囲を守り長く続けられる学び方を選んでください。自分の経験へ結び直すほど知識が確かな資源になります。,興味のある学びについて目的と総費用と必要時間と試したい場面を書き出してください。申し込む前に一部を体験し教え方や内容が自分に合うかを確かめます。学んだ週には小さな実践を一つ入れ得た知識が生活や仕事でどう役立ったかを記録しましょう。振り返る日も決めましょう。
2026_LEO,2,10,実績と報酬の釣り合いを現実的に整える,今月は仕事で積み上げた価値を見直し責任と報酬と裁量の釣り合いを考える時です。見栄えの良い役割だけでなく生活を安定させる条件を選ぶことで自信を現実的な基盤へ変えられます。評価の根拠も整理しましょう。,今月は自分の価値を仕事や社会的な立場の中でどう扱うかが中心になります。これまで積み上げた実績や技能を振り返り現在の責任や報酬と釣り合っているかを確認してください。目立つ肩書きだけでなく生活を支えながら力を発揮できる条件を選ぶことが重要です。　昇給や契約や担当範囲について考えたくなったり成果を見える形にまとめる必要が出たりするでしょう。評価されたい気持ちが強い時ほど無理な仕事を引き受けやすいため期限や支援や裁量も条件に含めてください。数字にしにくい調整や育成の手間も実績として記録できます。　中盤は自分の強みや希望条件を堂々と説明しやすくなります。公平な関係を整える流れも加わるため他者と比較するより役割に必要な責任と提供している価値を基準に話すとよいでしょう。月末には業務記録や目標を整理し継続できる成果の出し方へ調整できます。　仕事上の価値は一度の評価だけで決まりません。約束を守れる量を選び必要な支援を求めることも信頼を保つ力です。社会へ示す実績と自分の暮らしを支える報酬を切り離さず長く続けられる働き方として整えてください。条件を整える行動そのものが自分の価値を現実へ伝え次の役割を選ぶ基準にもなります。,今期の実績を数字で示せる成果と調整や支援などの見えにくい貢献に分けてまとめてください。条件を相談する時は希望額だけでなく責任範囲と必要な裁量と支援も伝えます。新しい役割には生活への影響を見積もり続けられる量かどうかを確認してから答えましょう。
2026_LEO,2,11,仲間と資源を生かし未来の基盤をつくる,今月は仲間や組織の中でお金や時間や技能をどう持ち寄るかを見直します。目的を共有しながら負担と恩恵を透明にすることで一人では難しい計画も無理なく育てられます。自分の資源を守る線引きも必要です。,今月は自分の資源を仲間やコミュニティや将来計画のためにどう使うかが中心になります。共通の目標へ貢献したい気持ちが高まる一方で誰が何を負担するかが曖昧だと消耗しやすくなります。自分の技能や時間を生かしながら守る範囲も明確にしてください。　共同の企画へ費用を出したくなったり得意な作業を頼まれたり将来のための積立や道具を検討したくなるかもしれません。仲間への期待だけで判断せず目的と予算と期限を確かめることが大切です。少額でも継続できる仕組みは一度の大きな支援より計画を安定させます。　中盤は自分が提供できる価値や望む役割を言葉にしやすくなります。公平な交換を整える流れが加わるため会費や作業量や成果の分け方を透明にすると協力への安心が増します。月末に向けては担当や記録方法を整理し個人の善意だけへ頼らない運用を作ると未来像が現実へ近づきます。　今月は仲間の可能性を信じることと自分の資源を守ることを両立できます。全てへ参加する必要はなく目的が一致する場へ力を集中してください。互いの貢献を見える形で認めるほど計画だけでなく関係そのものも長く育ちます。透明な運用が互いの安心と計画への信頼を支えていきます。,参加している活動ごとに提供している時間と費用と技能を記録し目的に合っているかを確認してください。共同企画では開始前に予算と担当と成果の扱いを話し合います。支援できない範囲は早めに伝え代わりに紹介や情報共有など負担の少ない協力方法も検討しましょう。
2026_LEO,2,12,見えない消耗を減らし安心できる余白を守る,今月は気づかないうちに失っているお金や時間や体力を見直すことで安心の基盤を取り戻します。外から見えない休息や準備にも価値を認めると自分の資源を静かに守れます。無理な与え方を減らすことも大切です。,今月は自分の資源を守る課題が休息や内面の整理や見えない負担に現れます。何に使ったか分からないまま消えている時間やお金や気力を確認し自分が回復できる余白を取り戻してください。外から評価されない準備や休息にも確かな価値があります。　定期的な支出を止めたくなったり人知れず引き受けている役割へ疲れを感じたり一人で過ごす環境を整えたくなるでしょう。不安な時に買い物や奉仕で気持ちを埋めると消耗が見えにくくなります。何を与えると穏やかさが残り何をすると空虚さが増すかを観察してください。　中盤は胸の内にあった希望や限界を少しずつ言葉にしやすくなります。公平な関係を整える流れが加わるため断れず続けてきた無償の負担を見直すことができます。月末に向けては契約や支払い方法や予定を整理し自動的に流出する資源を減らすと静かな安心が戻ります。　今月の豊かさは使える量を増やすことだけでなく失わずに休める状態を作ることです。一人で整える時間を守り助けが必要な部分には適切な支援を使ってください。見えない消耗を減らすほど本当に大切なものへ資源を配る力が戻ります。静かな余白を守る選択が次に動くための準備となり自分への信頼も支えます。,一週間だけ支出と予定に加えて気力が減った場面と回復した場面も記録してください。使っていない契約や惰性の役割はすぐ断ち切らず終了や変更の手順を確認します。休息に必要な時間と環境を予算の外へ追いやらず今月守る資源として先に確保しましょう。定期的に見直します。
2026_LEO,3,1,自分の声を整え率直な発信へ踏み出す,今月は身近な対話や短い発信を通して自分の考えと見せ方を更新します。言葉を完成させてから動くより小さく伝えて反応を確かめるほど自分に合う表現が育ちます。声や身体の調子も発信の質を支える要素です。,今月は情報や連絡や学びが活発になり自分の声をどう外へ出すかが中心になります。考えを胸の内に置いたままにせず短い会話や文章で試すことで今の自分に似合う表現が見つかるでしょう。目立つ言い方を選ぶより言葉と態度が一致していることが信頼につながります。　その動きは話し方や表情や身近な振る舞いに直接現れます。自己紹介を変えたくなったり新しい学びを始めたくなったり移動の範囲を広げたくなるかもしれません。反応の速さを求めすぎると疲れや焦りが声へ出やすいため一度呼吸してから返す余白も大切です。　中盤は内側で検討していた内容を堂々と伝えやすくなり発信への手応えが増します。人との釣り合いを整える流れも加わるため自分だけが話すのではなく相手の受け取り方を確認すると表現が磨かれます。月末に向けては連絡先や資料や予定を整理し考えを日常の手順へ落とすと発信が継続しやすくなります。　今月の学びは知識を増やすだけでなく自分の声を信じる練習です。言い間違いを恐れず必要なら修正し何を伝えたかったかへ戻ってください。小さな発信を重ねるほど自分の考えと身体感覚がそろい自然な存在感へつながります。伝える前後の感覚を記録すると自分らしい声の条件も見つけやすくなります。,伝えたいテーマを一つ選び短い文章や会話で週に数回外へ出してください。返事を急ぐ前に声や身体の緊張を確かめ必要なら少し時間を置きます。発信後は反応の数だけで評価せず自分の意図が伝わった点と次に言い換えたい点を記録しましょう。無理なく続く頻度も見直します。
2026_LEO,3,2,学びと言葉を実用的な価値へ変えていく,今月は集めた情報や身につけた技能を日常で使える価値へ変える時です。学ぶ目的と使う場面を結びつけるほど時間や費用の投資先が明確になります。言葉にして共有することも自分の強みを育てます。,今月は連絡や学びの活発さがお金や技能や持ち物の価値を見直す流れへつながります。知識を集めるだけで満足せず生活や仕事のどこで使えるかを確かめてください。自分にとって役立つ情報を選び使える形へまとめることが中心です。　教材や通信環境へ投資したくなったり得意な説明を仕事へ生かしたくなったり移動や連絡にかかる費用を見直したくなるでしょう。無料だからと多く抱えるより一つを最後まで試す方が手応えを得やすくなります。学んだ時間も自分の資源として丁寧に扱ってください。　中盤は自分の考えや技能を堂々と紹介しやすくなり価格や条件について話す機会も増えそうです。公平なやり取りを整える流れが加わるため説明や調整に使う手間を無価値とせず適切な交換を考えましょう。月末には資料や支出を分類し繰り返し使える知識だけを残すと資源の管理が楽になります。　今月の豊かさは情報量ではなく必要な時に取り出して使える知識にあります。人に役立った説明や自分の判断を助けた情報を記録すると強みが見えてきます。学びを実践と交換へつなげるほど言葉が確かな価値へ育ちます。学びに使った資源と得られた効果を振り返るほど次に選ぶ内容の精度も上がります。,学ぶテーマを一つに絞り必要な費用と時間と使いたい場面を先に書いてください。学んだ内容は自分の言葉で要約し一週間以内に実際の作業や会話で試します。説明や相談を頼まれた時は必要な準備時間も確認し無理のない交換条件を選びましょう。試した結果も残しましょう。
2026_LEO,3,3,情報の流れを整え伝える力を磨く月,今月は連絡や学びや移動の量が増える中で何を受け取り何を伝えるかを選びます。速さだけを競わず情報を自分の言葉へ直す習慣を持つと理解と発信の精度が高まります。身近な対話の往復が力になります。,今月は情報や会話や移動が生活の中心へ出てきます。好奇心が広がり複数の話題を同時に扱える一方で受け取る量が多すぎると大切な内容を見失いやすくなります。自分が今答えるべきことと後で考えてよいことを分け情報の流れを選ぶことが主題です。　連絡先を整理したくなったり新しい道具で発信を始めたくなったり身近な人との会話が増えたりするでしょう。短い言葉ほど誤解も生まれやすいため前提や目的を一文添えることが役立ちます。知ったことをすぐ広めず出所と自分の理解を確認する姿勢も大切です。　中盤は考えていたことを表へ出す勢いが増し発表や交渉にも取り組みやすくなります。人との公平さを整える流れが加わるため発言量だけでなく聞く時間の偏りにも目を向けてください。月末にはメモや資料や予定を分類し次に使う情報へ印をつけると頭の余白が戻ります。　今月は全てへ反応することより必要な対話を丁寧に続けることが前進です。質問し直すことや言い換えることを失敗と考えず理解を深める技術として使ってください。情報を選び直せる感覚が判断への自信を育てます。必要な情報へ戻れる仕組みができると新しい話題にも落ち着いて向き合え判断の根拠を見失いにくくなります。,連絡を緊急と今週中と保留に分け返事の順番を決めてください。重要な話では結論の前に目的と確認したい点を添え相手の理解も聞きます。毎日の終わりに残したい情報を三つだけ記録し不要な通知や重複したメモを減らして思考の余白を守りましょう。休む時間も先に確保します。
2026_LEO,3,4,家族との対話から安心できる基盤を築く,今月は身近な会話や連絡の変化が住まいや家族との関係を整えるきっかけになります。感情だけで結論を出さず生活上の事実と希望を分けて伝えるほど安心できる基盤が育ちます。静かな対話の時間を守りましょう。,今月は言葉や連絡のテーマが住まいや家族や心の居場所と深く結びつきます。外で得た情報を家庭へどう持ち帰るか身近な相手へ何を伝えていなかったかを見直す時です。安心を守るために黙るだけでなく必要なことを穏やかに共有することが中心になります。　家族内の予定や住まいの手続きについて話す機会が増えたり昔の出来事を思い出して考えを整理したくなったりするでしょう。感情が動いた時にすぐ答えを出すより事実と受け取った気持ちを分けると本当の希望が見えます。誰かの代わりに説明を抱え込まないことも大切です。　中盤は胸の内にあった考えを以前より率直に伝えやすくなります。人との釣り合いを整える流れが加わるため家族内の発言や決定が一部へ偏っていないかも確認してください。月末に向けては書類や連絡先や家の予定を整理し話し合った内容を日常の仕組みへ移すと安心が続きます。　今月の対話は相手を説得するためではなく共に暮らす条件を理解するためのものです。言葉が足りなかった部分は後から補って構いません。落ち着いて話せる場所と時間を作るほど家が考えを整え直せる基盤になります。安心して話せる習慣が家族それぞれの希望を日常へ反映する助けになります。,家族や同居人と共有したい予定や手続きを一つの場所へまとめてください。気になることを話す時は起きた事実と自分の気持ちと希望する対応を順に伝えます。結論が出ない話題には次に確認する時期を決め会話の後は一人で気持ちを整える時間も残しましょう。必要なら書面にも残します。
2026_LEO,3,5,好奇心を遊びと創作へ伸びやかにつなぐ,今月は会話や学びから得た刺激を創作や遊びや好意の表現へ移すほど心が生き生きします。上手に見せることを急がず試作と交流を楽しむことで自分らしい言葉と作品が育ちます。喜びを記録することも大切です。,今月は情報や学びの活発さが創作や遊びや恋愛の楽しさへつながります。面白いと思ったことをそのままにせず書く話す作るという形で外へ出してください。完成度より好奇心の勢いを生かし自分が何に心を動かされるかを知ることが中心です。　短い作品を作りたくなったり趣味の仲間と話したくなったり好意を言葉で伝えたくなったりするでしょう。反応を求めすぎると自由な発想が縮みやすいため人へ見せるものと自分だけで試すものを分けておくと安心です。遊びの中で見つけた表現が本格的な学びへ発展することもあります。　中盤は自分のアイデアを堂々と発表しやすくなり対話から新しい展開を受け取れます。人との公平さを整える流れも加わるため好意を押しつけず相手の反応を尊重しながら自分の気持ちも隠さないことが大切です。月末には道具や予定を整理し続けたい活動へ時間を残してください。　今月は正しい言葉を探すより心が動いた瞬間を逃さないことが前進になります。気づいたことを短く記録し後から作品や会話へ育てましょう。喜びのある発信が日常の判断にも柔らかさと創造性を戻します。楽しさを共有できる相手との会話が次の作品や遊びの種も運んできます。大切に育てましょう。,気になった言葉や風景や会話を毎日一つ記録し週末に短い作品や企画へまとめてください。人へ見せる前に自分だけで遊ぶ時間を確保すると評価への緊張を減らせます。好意や感想を伝える時は相手の返答を決めつけず自分はこう感じたという形で差し出しましょう。
2026_LEO,3,6,連絡と実務の仕組みを整え負担を減らす,今月は増える連絡や情報を仕事と生活の手順へ落とし込むことが大切です。全てへ即応するより確認方法と優先順位を整えるほど集中力を守れます。小さな改善を共有することで周囲との実務も滑らかになります。,今月は情報や連絡の活発さが仕事の手順や日々の健康管理に直結します。多くの依頼へ反応するだけでは一日が終わりやすいため何をいつ確認するかを自分で決めてください。連絡の速度より作業へ戻れる仕組みを作ることが中心です。　報告方法を変えたくなったり新しい業務を覚える必要が出たり通勤や作業環境を見直したくなるかもしれません。通知を追い続けると身体の緊張が抜けにくいため確認時間をまとめる工夫が役立ちます。曖昧な依頼は目的と期限と完成条件を聞き直すことで手戻りを減らせます。　中盤は改善案や困っている点を説明しやすくなります。人との公平さを整える流れも加わるため連絡や調整が一部の人へ偏っていないかを確認し役割を分けてください。月末には手順書や記録を分類し繰り返す作業を簡単な型へすると余力が戻ります。　今月の実務力は多く処理することだけではありません。集中できる時間と休息を守り必要な情報だけを適切に受け取ることも大切な技能です。自分に合う連絡の仕組みを整えるほど仕事の精度と身体の落ち着きを両立できます。連絡の仕組みを周囲と共有すると休んでいる間も仕事が止まりにくくなり一人で抱える緊張も減らせます。継続にも役立ちます。,連絡を確認する時間を一日の中で数回にまとめ緊急時の経路だけ別に決めてください。依頼を受けたら目的と期限と完成条件を短く確認し不明点を残さないようにします。毎週一つだけ手順を改善し周囲にも共有して自分だけが覚えている状態を減らしましょう。終了時刻も決めましょう。
2026_LEO,3,7,相手に届く言葉で対話の往復を育てる月,今月は自分の考えを伝えるだけでなく相手の前提や希望を聞くことで関係が更新されます。結論を急がず確認と言い換えを重ねるほど率直さと配慮を両立した対話が育ちます。違いを恐れず扱いましょう。,今月は言葉や連絡のテーマが対人関係や協力の場で強く働きます。自分の考えを明確に伝える一方で相手が何を受け取ったかを確認することが必要です。話す量ではなく理解の往復を作ることが関係を前へ進める中心になります。　約束の内容を話し直したくなったり新しい相手と条件を相談したり長く避けてきた会話へ向き合う機会が出るかもしれません。相手の意図を想像だけで決めると誤解が増えるため質問できる余地を残してください。自分の希望を隠さず相手の違いも尊重する姿勢が大切です。　中盤は考えていたことを堂々と言葉にしやすくなり交渉や提案にも力が入ります。公平な関係を整える流れが強まるため発言権や連絡の負担が偏っていないかも確認するとよいでしょう。月末には決めた内容を予定や文章へ残し双方が実行できる形へ整えることで安心が生まれます。　今月の対話ではすぐ一致することより違いを安全に確認できることが価値になります。伝わらなかった時は表現を変え相手へも説明を求めてください。丁寧な往復を重ねるほど関係の中で自分の声を失わずにいられます。互いに言い直せる余地を保つことが難しい話題でも関係を閉じずに扱う力になります。信頼も深まります。,大切な話をする前に伝えたい事実と自分の気持ちと希望する対応を分けて書いてください。会話では相手の内容を一度要約し理解が合っているかを確認します。その場で結論が難しい場合は次に話す時期と保留中の行動を決め曖昧なまま負担を増やさないようにしましょう。
2026_LEO,3,8,本音を丁寧に伝え深い理解への扉を開く,今月は表面的な連絡だけでなく共有する責任や感情について言葉を交わす必要が生まれます。話す範囲を自分で選び事実と気持ちを分けて伝えるほど深い信頼と適切な境界を両立できます。沈黙にも意味を持たせましょう。,今月は情報や対話の活発さが深い信頼や共有の領域へ向かいます。普段は言葉にしにくい責任やお金や感情について何を伝え何をまだ自分の中で整理するかを選ぶ時です。全てを明かすことより安全に話せる範囲を見極めることが中心になります。　共同の条件を確認したくなったり相手の真意を知りたくなったり過去の会話を別の視点から理解し直すことがあるでしょう。重い話題ほど一度で答えを出そうとせず事実と推測と感情を分けてください。秘密を守る責任と助けを求める必要の両方を丁寧に扱うことが大切です。　中盤は胸の内にあった本音を表へ出しやすくなります。人との公平さを整える流れも加わるため負担の偏りや曖昧な約束を具体的に話し直せます。月末に向けては契約や記録や連絡先を整理し話し合った内容を確認できる形にすると深い関係にも落ち着きが生まれます。　今月の理解は相手の全てを知ることではなく分からない部分を分からないまま確認できることから育ちます。話さない選択にも期限や理由を持たせ必要な時は再び対話へ戻ってください。丁寧な言葉が信頼と境界の両方を守ります。話せた内容だけでなく話さないと決めた範囲も互いに尊重すると深い安心へつながります。,共有している責任や費用について確認したい点を一つずつ書き出してください。話す時は記録できる事実と自分の受け取り方を分け相手の説明も聞きます。気持ちが強く動いた場合は中断する合図と再開する時期を決め沈黙が関係の放置にならないようにしましょう。
2026_LEO,3,9,学びを広げ自分の考えを確かな軸にする,今月は身近な情報を越えて新しい知識や異なる価値観へ触れるほど自分の考えが深まります。受け売りで終わらせず経験と結びつけて言葉にすることで進む方向を選ぶ確かな軸が育ちます。問いを持ち続けましょう。,今月は情報や学びの活発さがより広い知識や思想や遠い世界への関心を刺激します。身近な常識だけで判断せず異なる文化や専門分野へ触れてください。正解を借りるのではなく何に納得し何に疑問を持ったかを自分の言葉へすることが中心です。　読書や講座や遠方との交流が増えたり長く考えてきたテーマを発信したくなったりするでしょう。多くの情報へ広がる一方で根拠を確認せず結論を急ぐと理解が浅くなります。一つの問いを複数の立場から見て自分の経験と照らす時間が大切です。　中盤は自分の考えを堂々と語りやすくなり議論から新しい視点を受け取れます。人との公平さを整える流れが加わるため相手を説得するより互いの前提を確認すると学びが深まります。月末には資料を整理し今後試したい行動へ落とすことで知識が生活の方向性へ変わります。　今月は考えが変わることを一貫性のなさと決めつけないでください。理解が増えれば以前の結論を修正することも自然です。問いと答えの両方を記録し自分が選んだ理由を説明できる状態へ育てるほど視野の広がりが確かな軸になります。学んだ内容を誰かへ説明することで曖昧な部分が見え自分の考えもさらに磨かれていきます。記録も残しましょう。,関心のあるテーマについて異なる立場の資料を二つ以上読み共通点と違いを記録してください。学んだ内容は自分の経験と結びついた部分を短くまとめ誰かとの対話で試します。結論を出した後も何が分かれば考えを変えるかを書いておくと柔軟さと信念を両立できます。
2026_LEO,3,10,発信力を社会の役割と成果へ結びつける,今月は伝える力や情報整理の技能を仕事や公的な役割で生かす機会が増えます。目立つ発言だけでなく目的と手順を分かりやすく示すことで周囲の信頼と実行力を育てられます。記録も実績になります。,今月は言葉や連絡や学びのテーマが仕事や社会的な役割へつながります。自分が知っていることをどのように説明し周囲の行動へ結びつけるかが問われるでしょう。発言の強さだけでなく情報を整理して共有する力を示すことが中心です。　報告や提案を任されたり新しい技能を仕事へ取り入れたり複数の関係者へ連絡する場面が増えるかもしれません。急いで答えると前提が抜けやすいため目的と判断材料をそろえてから伝えてください。見えない調整や資料作成も成果として記録することが大切です。　中盤は方針を堂々と発表しやすくなり交渉や説明にも手応えが出ます。公平な関係を整える流れが加わるため情報が一部へ偏っていないか発言の機会が公平かも確認するとよいでしょう。月末に向けては資料や手順を分類し誰でも参照できる形へすると個人の負担を減らせます。　今月の評価は話の巧さだけで決まりません。必要な人へ必要な情報を届く形で渡し誤解があれば修正できる姿勢が信頼を育てます。伝えた後の実行まで見守ることで発信力が社会の中で使える成果へ変わります。発信後の反応と実行結果を振り返ることで次の説明はより短く正確になり周囲の判断も助けられます。信頼にも残ります。,重要な報告では目的と結論と根拠と次の行動を同じ順序で整理してください。会議や連絡の後は決定事項と担当と期限を短く残し認識の違いを早めに確認します。自分が作った資料や調整した内容も記録し見えにくい伝達の仕事を実績として説明できるようにしましょう。
2026_LEO,3,11,仲間との情報交換から未来の案を育てる,今月は仲間やコミュニティとの会話から新しい計画や選択肢が広がります。情報を受け取るだけでなく自分の考えや技能を持ち寄ることで共通の未来像を具体化できます。連絡の偏りを整えることも重要です。,今月は情報や連絡の活発さが仲間やコミュニティや将来計画の中で働きます。異なる経験を持つ人との会話から一人では思いつかなかった案を受け取れるでしょう。周囲へ合わせるだけでなく自分の視点を持ち寄ることが中心です。　共同の企画について話したくなったり新しい集まりへ参加したり以前の仲間と連絡を取り直すことがあるかもしれません。話題が広がりすぎると実行する人が曖昧になるため目的と次の一歩を確認してください。情報を共有する人と作業を担う人の負担も分けて考える必要があります。　中盤はアイデアを堂々と提案しやすくなり仲間からの反応で内容を磨けます。人との公平さを整える流れが加わるため発言量や連絡役が一部へ偏っていないか確認すると協力が続きます。月末には記録や担当や期限を整理し未来の案を試せる小さな計画へ変えてください。　今月はつながりの数より情報と目的を信頼して交換できる関係が価値になります。全ての案へ賛成する必要はなく違いを伝えた上で協力できる部分を探しましょう。対話を具体的な一歩へつなぐ力が未来を現実へ近づけます。異なる意見を記録しておくと後から計画を見直す際にも選択肢を失わずに済みます。対話の資産になります。,集まりや共同企画では会話の最後に決まったことと保留したことと次の担当を確認してください。自分の案を出す時は目的と試す期間を添え完成形を押しつけないようにします。連絡を担う人へ作業が偏っていないか確認し情報共有の場所と更新方法を全員でそろえましょう。
2026_LEO,3,12,静かな思考を言葉に変え心の整理を進める,今月は外から入る情報を減らし一人で考えや感情を整理する時間が必要です。すぐ発信せず記録や信頼できる対話を通して言葉を育てることで心の奥にある希望と不安を見分けられます。沈黙も準備として生かせます。,今月は情報や連絡が活発になる一方で静かな思考の時間が欠かせません。外の声を追い続けると自分の感覚が分かりにくくなるため受け取った内容を一度内側へ戻してください。すぐ答えることより本当に伝えたいことを見つけることが中心です。　夢や過去の会話を思い出したり人に見せない文章を書きたくなったり連絡から距離を置きたくなるかもしれません。何も話さないまま抱えるのではなく自分だけの記録や信頼できる相手との短い会話を使って整理してください。情報を遮る時間も必要な選択です。　中盤は胸の内にあった考えを少しずつ表へ出しやすくなります。公平な関係を整える流れが加わるため全てを説明せず共有したい範囲を自分で決められます。月末に向けてはメモや連絡先や予定を整理し終えたい話題と次へ持ち越す話題を分けると心の余白が戻ります。　今月の沈黙は逃避ではなく言葉を育てる準備にできます。急いで意味を決めず繰り返し浮かぶ考えを観察してください。静かな時間から選んだ一言は多くを話すより自分にも相手にも届く力を持ちます。書くことで初めて見える本音もあるため完成を求めず断片のまま残し後から意味を見つけてください。それが次の対話の準備になります。,通知を止める時間を毎日作り頭に残っている言葉や感情を評価せず書き出してください。すぐ共有しない内容には見直す時期を決め信頼できる相手へ話す必要があるかを後から判断します。返事を保留する時は沈黙だけにせず考える時間が必要だと短く伝えましょう。
2026_LEO,4,1,安心できる居場所から自分らしさを育てる,今月は住まいや家族や心の土台を整えることが自分らしい振る舞いへ直結します。外で期待される姿だけを追わず家で緊張をほどける条件を選び直すほど自然な存在感が育ちます。身体の感覚も大切な判断材料です。,今月は住まいや家族や心の基盤が生活の中心へ出てきます。外へ向かう力を増やす前に帰る場所で自分を取り戻せているかを確かめる時です。安心を誰かから与えられるものだけにせず自分の選択で日常へ作ることが主題になります。　その動きは表情や身体の緊張や身近な場所での振る舞いに現れます。部屋の配置や服装を変えたくなったり家族の前で演じてきた役割へ違和感を覚えたりするかもしれません。居場所を整える時は見栄えだけでなく眠りやすさや一人になれる余白を基準にしてください。　中盤は胸の内にあった希望を言葉へしやすくなり家族や同居人へ新しい過ごし方を提案できます。人との釣り合いを整える流れも加わるため自分の都合だけを通すのではなく互いに休める条件を話し合うとよいでしょう。月末に向けては小さな手入れを習慣へ移し安心を一時的な気分で終わらせないことが大切です。　今月の自己更新は外見を変えることだけではありません。帰宅後にどのような声で話し何をしないと決めるかにも自分らしさは表れます。内側の安全と外側の行動が結びつくほど無理に強く見せなくても落ち着いた存在感を保てるようになります。その感覚を毎日の小さな選択でも確かめてください。,家へ戻った時に身体が緊張する場所や時間帯を確認し照明や音や動線を一つ調整してください。家族へ希望を伝える時は避けたいことだけでなく必要な時間や空間を具体的に示します。外出や発信を増やす日は回復の予定も先に確保し無理のない自分らしさを守りましょう。
2026_LEO,4,2,暮らしを支える資源と安心の基準を整える,今月は住まいや家族を支えるお金と時間と持ち物の使い方を見直します。安さや量だけでなく長く落ち着いて暮らせるかを基準に選ぶほど自分にとって本当に守りたい価値が明確になります。余白も資源の一部です。,今月は住まいや家族や心の基盤を整える流れがお金や持ち物や自分の価値基準へ深くつながります。安心のために何を残し何へ資源を使うかを考える時です。目に見える所有だけでなく時間や手間も暮らしを支える大切な財産として扱ってください。　住居費や修繕費を確認したくなったり家族のために負担している費用を話し直したくなったりするでしょう。不安を埋める買い物は一時的な安心になりやすいため必要なのが物か環境の改善か会話かを分けて考えることが役立ちます。共有物には管理する手間も含めてください。　中盤は曖昧だった分担や予算を言葉にしやすくなります。公平な関係を整える流れも加わるため誰かの善意へ頼ってきた部分を見える形にすると相談が進みます。月末に向けては契約や収納や定期購入を整理し日常で使うものへ優先的に資源を回すと安心が具体的になります。　今月の豊かさは何も変わらないことではなく変化があっても立て直せる余白にあります。予備費や休む時間や頼れる連絡先を含めて生活資源を捉えてください。家を守るために自分だけが消耗しない仕組みを選ぶほど価値観と現実が穏やかに一致します。使った資源と得られた安心を振り返る習慣も役立ちます。,住まいに関する固定費と手入れしたい場所と家族内の負担を一覧にしてください。費用だけでなく手配や片づけに使う時間も記録します。安心のための支出には優先順位と上限を設ける一方で睡眠や安全へ関わる項目は目先の安さだけで決めず長く使える基準を持ちましょう。
2026_LEO,4,3,家族との対話で暮らしの安心を更新する,今月は住まいや家族に関する連絡と話し合いが安心の土台を作ります。感情だけで結論を急がず事実と受け取り方と希望を分けて伝えるほど身近な関係に新しい風が通ります。記録と確認も対話を支えます。,今月は住まいや家族や心の基盤が会話や連絡や学びのテーマと結びつきます。言わなくても伝わると思っていたことを穏やかに言葉へ直す時です。安心を守るために黙り続けるのではなく必要な情報を扱いやすい形で共有することが中心になります。　家族内の予定や手続きについて話す機会が増えたり昔の出来事を別の視点から考え直したりするでしょう。感情が強い時はすぐ返信せず起きた事実と自分の受け取り方を分けてください。近所や親族との連絡でも誰が何を伝えるかを決めると一人へ負担が集中しにくくなります。　中盤は胸の内に置いていた希望を以前より率直に伝えやすくなります。人との釣り合いを整える流れが加わるため話す人と聞く人が固定されていないかも見直してください。月末には書類や連絡先や家の予定を整理し話し合った内容を日常の手順へ移すと安心が続きます。　今月の対話は正しさを競うためではなく共に暮らす条件を理解するためのものです。言葉が足りなかった部分は後から補って構いません。落ち着いて話せる場所と時間を用意し必要な内容へ戻れる記録を残すほど家は考えを整え直せる基盤になります。伝わった点も確かめると会話への安心がさらに育ちます。,家族や同居人と共有する予定と手続きと連絡先を一つの場所へまとめてください。気になることを話す時は起きた事実と自分の気持ちと希望する対応を順に伝えます。結論が出ない話題には次に確認する時期を決め会話の後は一人で考えを整理する時間も残しましょう。
2026_LEO,4,4,住まいと家族の歴史を今の安心へ結び直す,今月は住まいや家族や過去から受け継いだ習慣を深く見直す時です。昔からの役割をそのまま守るより今の自分たちが安心できる形へ整え直すことで内側の基盤が強まります。思い出と現在を丁寧に分けましょう。,今月は住まいや家族や心の基盤そのものへ意識が集まります。長く当たり前にしてきた暮らし方や家族内の役割を今の状況に合う形へ見直す時です。過去を否定するのではなく受け継ぎたいものと終えたいものを自分の感覚で選ぶことが主題になります。　家の手入れや模様替えをしたくなったり親族との関係や幼い頃の記憶が心に浮かんだりするかもしれません。懐かしさだけで以前の形へ戻るより現在の人数や体力や生活時間に合うかを確かめてください。感情が揺れる場所には急いで結論を出さず安心して考えられる距離を作ることも必要です。　中盤は家族へ希望を伝えたり自分の居場所を作り直したりする力が高まります。公平な関係を整える流れも加わるため長く一人が背負ってきた家事や判断を話し合う好機です。月末に向けては修繕や書類や思い出の品を少しずつ整理し新しい暮らし方を続けられる手順へ変えてください。　今月の安心は昔と同じであることから生まれるとは限りません。変わっても大切な記憶やつながりは残せます。家を完璧に整えようとせず誰もが緊張を解ける余白を優先するほど内側の支えが育ち外の変化にも落ち着いて向き合えます。新しい形に慣れる時間も丁寧に守ってください。,家の中で直したい場所と続けたい習慣と終えたい役割をそれぞれ一つ書き出してください。思い出の品は急いで手放さず残す理由と置く場所を決めます。家族の分担を話す時は過去の不満だけでなく今の体力と時間を確認し小さく試せる新しい方法を一つ選びましょう。
2026_LEO,4,5,家の中に遊びと創造の居場所を取り戻す,今月は住まいや家族の中へ楽しさと創造性を迎えることが心の土台を明るくします。役に立つことだけで時間を埋めず好きな表現や遊びを安心して試せる場所を持つほど日常へ素直な喜びが戻ります。完成を急がなくて大丈夫です。,今月は住まいや家族や心の基盤が遊びや創作や自己表現のテーマと結びつきます。家を休むだけの場所にせず好きなことを育てられる環境へ整える時です。成果や評価より自分が自然に夢中になれる感覚を暮らしの中へ取り戻すことが中心になります。　創作の道具を広げる場所が欲しくなったり家族と遊ぶ時間を増やしたくなったり子どもや若い世代との関わりから新鮮な発想を得たりするでしょう。楽しい予定を義務へ変えないためには片づけや準備を簡単にし短い時間でも始められる形を選ぶことが大切です。　中盤は作品や好みを身近な人へ見せる勇気が高まり家庭内の雰囲気にも明るさが生まれます。人との釣り合いを整える流れが加わるため楽しみを誰か一人の世話へ依存させず準備と後片づけを分けてください。月末には残したい道具を選び日常の動線へ無理なく置くと創造する習慣が続きます。　今月の喜びは特別な催しだけにあるのではありません。食卓で笑うことや小さな作品を飾ることも居場所へ自分らしさを加えます。上手に作ることより安心して試し失敗しても戻れる空間を守るほど創造性が心の回復と家族の温かな記憶につながります。小さな喜びを言葉にして共有することも続けましょう。,家の中に短時間でも創作や遊びを始められる場所を一つ決め道具を手に取りやすく整えてください。家族と楽しむ予定では準備と片づけの担当も先に相談します。作品は完成度だけで評価せず気に入った部分や試した工夫を記録し次も続けたい時間帯を見つけましょう。
2026_LEO,4,6,暮らしの土台から働き方と体調を整える,今月は住まいや家族の環境を整えることが仕事の進め方や日々の体調へ影響します。家で回復できる時間と無理のない役割分担を確保するほど細かな作業にも落ち着いて向き合えます。生活の手順を軽くしましょう。,今月は住まいや家族や心の基盤が仕事や健康管理や日々の役割と結びつきます。外の予定だけを整えても家へ戻ってから休めなければ力は続きません。暮らしの手順を見直し働く時間と回復する時間を同じ計画の中へ置くことが主題になります。　在宅作業の場所を整えたくなったり家事と仕事の境界が気になったり睡眠や食事の乱れに気づいたりするでしょう。細かな用事を自分だけで覚え続けると心が休まらないため予定や担当を見える形にしてください。体調の小さな変化は断定せず生活記録から負担の傾向を探ることが役立ちます。　中盤は必要な助けや働き方の希望を伝えやすくなります。公平な関係を整える流れも加わるため家事や見えない調整が一人へ偏っていないかを話し合うとよいでしょう。月末に向けては収納や作業道具や朝晩の手順を整理し判断の回数を減らすほど日常に余裕が戻ります。　今月の改善は完璧な習慣を作ることではありません。崩れた日にも戻れる簡単な基準を持つことが大切です。安心できる住環境と現実的な役割分担が整うほど仕事の質と身体への気づきが支え合い長く続けられる生活へ近づきます。休めた日と動きやすかった手順を記録すると改善の基準も明確になります。,仕事と家事と休息に使う時間を数日記録し負担が集中する時間帯を見つけてください。作業場所には必要な物だけを置き終業時に片づける小さな区切りを作ります。家族へ頼みたいことは頻度と担当を具体的に相談し予定が崩れた日にも守る最低限の休息を決めましょう。
2026_LEO,4,7,共に暮らす関係へ安心と対等さを育てる,今月は住まいや家族のテーマを通して親しい相手との関係を見直します。愛情だけに頼らず休む時間や家事や来客への考え方を言葉にするほど互いが安心して戻れる関係が育ちます。違いを調整する姿勢が鍵です。,今月は住まいや家族や心の基盤がパートナーシップや一対一の関係へ強く映ります。親しいから分かり合えるはずと思わず共に安心して過ごす条件を確認する時です。関係を守るために我慢を重ねるのではなく違いを扱える仕組みを作ることが中心になります。　家事や生活時間や来客について話し合いたくなったり将来の住まいを考えたり家族との距離を相談したくなったりするでしょう。どちらが正しいかを決めるより互いに譲れない条件と調整できる部分を分けてください。一人で過ごす時間も関係を遠ざけるものではなく安定を守る要素です。　中盤は胸に置いてきた希望を率直に伝えやすくなり二人の暮らし方を更新する機会が生まれます。公平さを整える流れも加わるため見えない気配りや連絡の負担も話題にしてください。月末には決めた分担や連絡方法を試し実際に無理がないかを一緒に振り返るとよいでしょう。　今月の親密さはいつも同じ空間にいることだけではありません。疲れている時に断れることや後から話し直せることも信頼の一部です。互いの安心を具体的な行動へ落とし込むほど家はどちらかが合わせ続ける場所ではなく二人が戻れる基盤になります。調整できた経験も二人の信頼として残ります。,共に過ごす相手と家事と休息と来客について現在の希望を一つずつ共有してください。意見が違う時は譲れない条件と試せる案を分け一定期間だけ実行します。言いにくい話題は疲れている時を避け途中で休める合図を決めた上で後から見直す日時も残しましょう。急いで決めません。
2026_LEO,4,8,深い信頼と共有資源を暮らしから整える,今月は住まいや家族を支える共有資源と心の深い結びつきを見直します。費用や責任や秘密を曖昧にせず安心して話せる範囲を確かめるほど近しい関係に現実的な信頼が育ちます。境界も親密さの一部です。,今月は住まいや家族や心の基盤が共有するお金や責任や深い感情と結びつきます。身近な関係ほど後回しにしがちな条件を静かに確認する時です。全てを一人で背負わず誰と何を共有しどこからは自分で守るかを明確にすることが中心になります。　住居費や共有口座や保険や家族から引き継いだ物について話す機会があるかもしれません。感情の強い話題では相手の意図を推測だけで決めず確認できる事実から扱ってください。秘密を話すことだけが親密さではなく話さないと決めた範囲を尊重し合うことも信頼を守ります。　中盤は避けてきた相談へ向き合う勇気が高まり分担や境界を言葉にしやすくなります。公平な関係を整える流れも加わるため名義や期限や管理方法を曖昧にしないことが大切です。月末には資料や連絡先を整理し必要な時に互いが確認できる状態へ近づけてください。　今月の安心は重い話題をなくすことではなく話し合って扱える実感から育ちます。信頼を急いで証明しようとせず小さな約束を守ることを重ねてください。共有する部分と個人の裁量を両方残すほど深い結びつきが依存ではなく支え合いへ変わります。決めた内容を定期的に見直せる余地も安心を守る助けになります。,共有している費用と契約と保管物を一覧にし名義と管理者と確認方法を整理してください。感情を伴う相談では一度に全て決めず事実を確認する回と希望を話す回を分けます。相手へ開示しない範囲も互いに尊重し小さな約束を実行した後で次の相談へ進みましょう。
2026_LEO,4,9,自分のルーツから新しい視野を広げていく,今月は住まいや家族から受け取った価値観を見直すことで学びや遠い世界への関心が深まります。慣れた考えを否定せず別の文化や知識と照らし合わせるほど自分で選んだ信念が育ちます。帰る場所が挑戦を支えます。,今月は住まいや家族や心の基盤が学びや信念や遠い世界への関心と結びつきます。育った環境から受け取った常識をそのまま守るのでも全て退けるのでもなく今の自分に合う意味へ読み直す時です。確かな帰る場所があるほど新しい視野へ落ち着いて踏み出せます。　家族の歴史を調べたくなったり故郷と異なる文化を学びたくなったり旅や進学について考えたりするでしょう。新しい考えに触れた時は身近な人を説得する前に自分の経験とどう結びつくかを確かめてください。違いを知ることは過去への否定ではなく選択肢を増やす行為です。　中盤は学んだ内容や将来の希望を家族へ伝えやすくなります。人との釣り合いを整える流れも加わるため自分の展望だけでなく暮らしを支える人への影響も具体的に相談するとよいでしょう。月末には資料や費用や留守中の役割を整理し理想を実行できる計画へ近づけてください。　今月の成長は遠くへ行くことだけではありません。家で読んだ一冊や年長者から聞いた話も世界観を広げます。自分のルーツを知りそこから何を持って次へ進むかを選ぶほど借り物ではない信念が育ち学びが暮らしを支える知恵へ変わります。学びを家で試す視点も持ってください。,家族や故郷から受け継いだ考えを一つ選び今も役立つ点と見直したい点を書き分けてください。関心のある文化や分野は資料を一つ読み身近な人へ説明して理解を確かめます。旅や学びを計画する時は費用と留守中の役割と帰宅後の回復時間まで含めて相談しましょう。
2026_LEO,4,10,家庭の基盤を社会で担う役割へつなげる,今月は住まいや家族を整えることが仕事や社会的な立場の選び方へ影響します。外からの評価だけで進路を決めず長く活動を続けられる生活条件を確認するほど役割と私生活の間に安定した軸ができます。,今月は住まいや家族や心の基盤が仕事や社会的な役割と向き合う力を支えます。外で成果を示すことだけに集中せず帰宅後に回復できるか身近な人へ負担が偏っていないかを確認する時です。公の目標と私的な安心を一つの生活として設計することが主題になります。　働く場所や時間を見直したくなったり家族の事情を踏まえて役割を調整したくなったり過去の経験が今の仕事観へどう影響しているか考えたりするでしょう。責任感だけで引き受ける前に必要な支援と期限を確かめてください。家で担う仕事も見えない成果として数えることが大切です。　中盤は自分が目指す役割や働き方を周囲へ説明しやすくなります。公平な関係を整える流れも加わるため職場と家庭の双方で連絡や判断が一人へ集中していないかを見直してください。月末には予定や資料を整理し外の責任を家へ持ち込みすぎない終了の手順を作るとよいでしょう。　今月の評価は忙しさの大きさだけで決まりません。安心できる生活を守りながら責任を果たす方法を選ぶことも成熟した仕事です。自分の背景や経験を弱みとして隠さず判断の根拠として生かすほど社会で担う役割に無理のない一貫性が生まれます。暮らしを守れた成果も忘れず評価してください。,仕事と家庭で自分が担っている役割を並べ重なっている負担を確認してください。新しい責任を受ける時は必要な時間と支援と終える条件を先に相談します。帰宅後に仕事を閉じる手順を一つ決め家族の予定も共有しながら外での目標と生活の回復を同じ週の中へ配置しましょう。
2026_LEO,4,11,仲間とのつながりを安心できる居場所へ育てる,今月は住まいや家族のあり方を見直す中で仲間やコミュニティとのつながりにも新しい意味が生まれます。血縁や近さだけに限らず安心して戻れる関係を育てるほど将来の計画を支える居場所が広がります。,今月は住まいや家族や心の基盤が仲間やコミュニティや将来計画と結びつきます。誰といる時に無理なく自分へ戻れるかを確かめる時です。慣れた関係だけに閉じず価値観を共有できる人とのつながりを暮らしの支えとして育てることが中心になります。　自宅へ人を招きたくなったり地域の活動へ関わったり家族とは異なる仲間へ生活上の相談をしたくなったりするでしょう。開かれた場を作る時も自分の休息や家族の都合を置き去りにしないでください。歓迎する範囲と私的に保つ範囲を決めるほど交流を長く続けられます。　中盤は将来の暮らし方や共同の計画を仲間へ提案しやすくなります。公平さを整える流れも加わるため会場や連絡や片づけの負担が一部へ偏っていないか確認してください。月末には共有した案を記録し実行できる小さな担当へ分けるとつながりが現実的な支えになります。　今月の居場所は建物だけではありません。困った時に相談でき喜びを分かち合える関係も心の家になります。全員と同じ考えになる必要はなく違いを尊重しながら戻れる接点を持つことが大切です。選んだつながりが未来への安心を静かに広げます。互いの家や事情を尊重できる関係ほど時間をかけて確かな支えに育っていきます。,安心して相談できる仲間と共有したい将来の暮らし方を一つ話してください。集まりを開く時は参加人数と終了時刻と準備の担当を先に決め私的な空間も守ります。交流後は自分と家族の疲れを確認し続けたい関わり方と調整したい負担を記録して次の予定へ反映しましょう。
2026_LEO,4,12,静かな居場所で過去の感情をほどいていく,今月は住まいや家族にまつわる記憶を静かに見つめ心の奥へ残っている緊張を整理します。すぐ答えを出さず休息と記録を通して今の自分に必要な安心を見分けるほど過去を抱えたままでも新しい日常へ進めます。,今月は住まいや家族や心の基盤が記憶や無意識や休息の深い領域と結びつきます。外で頑張る前に言葉になっていない疲れや昔から続く緊張へ気づく時です。全てを説明しようとせず静かにほどける環境を作ることが今月の大切な主題になります。　幼い頃の場面を思い出したり家へいる時だけ強く眠気を感じたり片づけの途中で感情が動いたりするかもしれません。浮かんだ記憶を事実と決めつけず今の自分が何を必要としているかを見る手がかりにしてください。一人になる時間と信頼できる相手へ話す時間を自分で選べます。　中盤は胸にしまってきた気持ちを少しずつ言葉へしやすくなります。人との釣り合いを整える流れも加わるため家族へ全てを明かす必要はなく共有できる範囲を決めて構いません。月末には古い書類や物を少量ずつ整理し終えるものと保留するものを分けると心の余白が戻ります。　今月の休息は何もしない逃避ではなく安心の感覚を学び直す時間です。過去を急いで整理せず今ここで身体が落ち着く選択を重ねてください。静かな居場所を守るほど内側に残っていた感情が少しずつ形を変え次の生活へ持っていく知恵だけを選べるようになります。休めた感覚も大切な変化として記録してください。,家の中で通知や会話から離れられる静かな場所と時間を決めてください。浮かんだ記憶や感情は評価せず短く書き出し今必要な休息や助けを一つ添えます。片づけは一度に進めず保留箱を用意し話したい内容だけを信頼できる相手へ自分のペースで共有しましょう。休息を優先します。
2026_LEO,5,1,好きな表現を通して自分の輪郭を明るくする,今月は遊びや創作や心が弾む体験を通して自分らしさを素直に表へ出します。人の評価に合わせる前に身体が自然に動くことや似合うと感じる見せ方を選ぶほど存在感に温かさと説得力が生まれます。,今月は創造性や遊びや自己表現が生活の前面へ出てきます。何が得意かを証明するより自分が本当に心を動かされるものを試す時です。小さな好奇心を行動へ移すほど外から借りたイメージではない自分の輪郭が明るく見えてきます。　その動きは服装や表情や身体の使い方や人前での振る舞いに現れます。新しい色を選びたくなったり作品へ自分の名前を出したくなったり遊びの中で競争心が刺激されたりするでしょう。注目を集めることだけを目標にせず表現した後の身体が軽いかを確かめてください。　中盤は胸の内にあったアイデアを堂々と示しやすくなり周囲の反応から表現を磨けます。人との釣り合いを整える流れも加わるため自分が輝くことと相手の出番を尊重することを両立するとよいでしょう。月末には気に入った表現を日常で続けられる道具や手順へ整えることが大切です。　今月の自信は失敗しないことからではなく試した自分を受け止める経験から育ちます。うまく見せようとして固くなる時は遊びへ戻ってください。好きなものへ素直に反応する姿勢が表情と声を整え無理に目立たなくても伝わる存在感につながります。表現する前後の感覚を記録すると自分らしくいられる場面と休息が必要な場面も見分けやすくなります。,鏡の前や写真で試したい色や姿勢や話し方を一つ選び日常の小さな場面で使ってください。表現した後は反応の数より身体が伸びやかだった点と無理をした点を記録します。人前へ出る予定の前後には休む時間も取り自分らしさを楽しめる範囲を守りましょう。余白も守ります。
2026_LEO,5,2,喜びへ使う資源を選び自分の価値を育てる,今月は創作や遊びへ使うお金と時間を見直し心から満足できる楽しみを選びます。流行や見栄だけで決めず長く使える道具や繰り返したい体験へ資源を向けるほど自分の好みと価値基準が確かになります。,今月は創造性や遊びや自己表現が自分の価値観やお金や持ち物と結びつきます。楽しむことを無駄と考えず暮らしを豊かにする資源配分として見直す時です。欲しい物を増やすより何へ時間と費用を使うと満足が残るかを確かめることが中心になります。　創作道具をそろえたくなったり趣味を人へ見せる機会が増えたり自分の技能に適切な価値をつけたくなったりするでしょう。勢いだけで大きな支出を決めず試用品や短い講座から相性を確かめてください。楽しさのために使った時間も回収すべき負債ではなく経験として扱えます。　中盤は好きなものや得意なことを堂々と説明しやすくなり交換条件について話す力も高まります。公平な関係を整える流れが加わるため無償の依頼や準備の手間を曖昧にしないことが大切です。月末には道具や費用を整理し本当に続けたい活動へ資源を絞ると満足が安定します。　今月の価値は評価額だけでは測れません。自分が繰り返し選びたくなる喜びや身についた工夫も確かな蓄積です。使った資源と得た経験を振り返り楽しみを守れる上限を持つほど創造性と現実的な安心を一緒に育てられます。楽しみが日々の気力や学びへどう返ってきたかも記録すると次に資源を向ける基準がより明確になります。,楽しみに使っている費用と時間を一覧にし満足が長く残ったものへ印をつけてください。新しい道具は使う場面と保管場所と上限を決めてから選びます。技能や作品を頼まれた時は準備時間も含めた条件を伝え自分の喜びを失わない交換になっているか確認しましょう。
2026_LEO,5,3,遊び心のある言葉で発想を人へ届けていく,今月は会話や文章や学びの場へ遊び心を加えることで創造的な発想が広がります。正確さだけにとらわれず自分の体験を物語として伝えるほど人とのやり取りが生き生きし新しい表現方法も見つかります。,今月は創造性や遊びや自己表現が会話や文章や学びのテーマと結びつきます。考えを正しくまとめてから話すより面白いと感じた点を小さく共有する時です。言葉を情報伝達だけでなく気持ちや景色を運ぶ表現として使うことが主題になります。　短い文章を書きたくなったり物語や動画を作りたくなったり身近な人との冗談から新しい案が生まれたりするでしょう。面白さを急いで広めると相手の意図を取り違えることもあるため出所や公開範囲は確認してください。言葉遊びと事実の説明を分ける配慮も必要です。　中盤は自分の発想を堂々と発表しやすくなり聞き手の反応で内容を磨けます。人との釣り合いを整える流れも加わるため一方的に話すのではなく相手の物語にも耳を傾けると表現が豊かになります。月末にはメモや素材を分類し完成させたい案を一つ選ぶとよいでしょう。　今月の伝える力は巧みな言い回しだけではありません。自分が笑ったことや心を動かされた場面を具体的に話すことで聞き手が参加できる余地が生まれます。遊び心と確認の丁寧さを両立するほど言葉が人をつなぎ次の創作を生む入口になります。伝えた後に相手がどこへ反応したかを振り返ると自分の言葉が持つ魅力と補うべき説明も見えてきます。,気になった言葉や面白い場面を毎日一つ記録し週の終わりに短い文章や音声へまとめてください。人へ共有する前に事実と演出を分け公開してよい範囲を確かめます。会話では自分の話の後に相手の体験を尋ね発想を一緒に広げられた点も残しましょう。声の調子も振り返ります。
2026_LEO,5,4,家庭に楽しさを迎え心に残る時間を育てる,今月は住まいや家族の中へ遊びと創造の時間を取り戻します。特別な催しを完璧に用意するより食卓や部屋で気軽に楽しめる工夫を重ねるほど安心できる居場所に明るい記憶と会話が増えていきます。,今月は創造性や遊びや自己表現が住まいや家族や心の居場所と結びつきます。家を休むだけの場所にせず笑いや好奇心が生まれる環境へ整える時です。誰かを楽しませるために無理をせず自分も参加できる時間を作ることが中心になります。　家族と食事や遊びを企画したくなったり部屋へ作品を飾りたくなったり昔好きだった趣味を家で再開したくなったりするでしょう。楽しい予定が一人の準備へ依存すると疲れやすいため役割と終了時刻を決めてください。小さな子どもや年長者のペースも尊重することが大切です。　中盤は自分の好みや企画を家族へ提案しやすくなり家庭の雰囲気へ明るさを加えられます。公平さを整える流れも加わるため参加したくない人へ無理をさせず別の楽しみ方を用意するとよいでしょう。月末には写真や作品を整理し続けたい習慣だけを日常へ残してください。　今月の喜びは大きな思い出を作ることだけではありません。好きな音を流すことや食卓で今日の面白かった話をすることも心の土台になります。準備する人も休める仕組みを持つほど楽しさが家庭の負担ではなく安心して戻れる記憶へ育ちます。皆が楽しかった点を言葉にすると次の企画で守りたい雰囲気と無理を減らす方法が分かりやすくなります。,家で気軽にできる遊びや創作を一つ選び準備と片づけを短くできる形へ整えてください。家族で行う時は参加方法と終了時刻と担当を先に相談します。終わった後は楽しかった点と疲れた点を共有し次回も続けたい工夫だけを写真や短い記録で残しましょう。休む人も尊重します。
2026_LEO,5,5,心が弾む創造と恋を自分のペースで楽しむ,今月は創作や遊びや恋愛など心が弾むテーマへ素直に力を注ぎます。注目や結果を急がず夢中になれる過程と相手の気持ちを尊重するほど喜びが一時の勢いではなく自分を育てる経験として残ります。,今月は創造性や遊びや自己表現そのものが大きく動きます。好きなことへ遠慮なく力を注ぎ自分の中にある明るさを外へ出す時です。評価される作品や理想的な関係を急ぐより心が動く瞬間を丁寧に味わうことが今月の中心になります。　作品を発表したくなったり趣味へ没頭したり恋愛や子どもとの時間に新鮮な喜びを感じたりするでしょう。気持ちが高まるほど相手の反応や自分の体力を見落としやすいため楽しむ時間と休む時間を分けてください。勝ち負けだけで遊びを評価しないことも大切です。　中盤は思いや作品を堂々と示しやすくなり人との交流からさらに発想が広がります。関係の釣り合いを整える流れが加わるため好意や期待を一方的に決めず相手の希望を聞くとよいでしょう。月末には広がった案から完成させたいものを選び必要な手順へ落とし込みます。　今月の輝きは常に注目を集めることではありません。誰にも見せない練習や静かに育てる好意にも創造の力があります。成功を急がず心が弾んだ理由を記録するほど自分に合う喜びの条件が分かり次の表現を支える確かな自信になります。気持ちが落ち着いた後にも続けたいと感じるものを選ぶことで一時の高揚と本当に育てたい喜びを見分けられます。,心が弾む活動を一つ選び結果を求めない時間を週の予定へ入れてください。作品や好意を人へ示す時は自分の意図と相手が選べる余地を両方伝えます。夢中になった後は食事や睡眠を後回しにせず楽しかった理由と次に試したい工夫を短く記録しましょう。余韻も味わいます。
2026_LEO,5,6,日々の役割へ創意工夫と楽しさを取り入れる,今月は仕事や家事や健康管理の中へ創造的な工夫を加えることで毎日の動きが軽くなります。楽しみを褒美として後回しにせず短い遊びや好みを手順へ組み込むほど続けやすい生活のリズムを作れます。,今月は創造性や遊びや自己表現が仕事や家事や健康管理と結びつきます。義務を終えてから楽しむのではなく日常の手順へ好みや工夫を取り入れる時です。小さな創意で繰り返しの作業を自分に合う形へ変えることが中心になります。　作業道具の色や配置を変えたくなったり仕事で新しい見せ方を試したくなったり運動や食事を楽しく続ける方法を探したくなったりするでしょう。改善を一度に増やすと管理が負担になるため一つずつ試してください。体調については結果を断定せず記録から無理のない傾向を見ます。　中盤は自分の工夫を周囲へ提案しやすくなり役割の中で得意な表現を生かせます。公平な関係を整える流れも加わるため楽しい企画の準備が一部へ偏っていないか確認しましょう。月末には効果のあった方法だけを手順へ残し続かなかった工夫は責めずに外してください。　今月の改善は毎日を華やかにすることではありません。退屈な作業にも自分の選択を一つ加えられることが大切です。楽しさと実用性が支え合う形を見つけるほど義務感に押されず日々の役割へ安定した意欲を持ち込めます。遊びを入れたことで作業の集中や回復がどう変わったかを確かめると自分に合う工夫だけを無理なく残せます。,繰り返している仕事や家事を一つ選び音や道具や順番に好みを加えて数日試してください。始める前後の気分と所要時間を記録し続けやすさを比べます。周囲と行う作業では楽しい部分だけでなく準備と後始末も分け体調や予定が崩れた日用の簡単な方法も残しましょう。
2026_LEO,5,7,二人の違いを楽しみながら関係を創り直す,今月は恋愛や協力関係の中で互いの好みと表現を持ち寄る時です。一方が楽しませ続ける形ではなく二人で選び試し感想を交わすほど新鮮さと安心が両立し関係そのものを創造する喜びが育ちます。互いの余白も大切です。,今月は創造性や遊びや自己表現がパートナーシップや一対一の関係と結びつきます。相手に好かれる表現だけを選ぶのではなく互いの個性を持ち寄る時です。二人の関係に今必要な楽しさを一緒に作ることが中心になります。　デートや共同制作を企画したくなったり相手の新しい一面に惹かれたり好意の示し方を変えたくなったりするでしょう。気持ちが高まるほど期待を言わずに察してもらいたくなるため希望は具体的に伝えてください。断られた時にも関係全体の否定と受け取らない余白が必要です。　中盤は思いや提案を堂々と示しやすくなり二人で新しい体験へ踏み出せます。関係の釣り合いを整える流れも加わるため費用や準備や発言の機会を公平に扱うとよいでしょう。月末には楽しかった点と負担だった点を話し次に続ける形を選んでください。　今月の親密さは同じものを好きになることだけではありません。違う好みを面白がり相手が輝く時間を応援できることも愛情の表現です。一方が演出を背負わず二人で関係を更新するほど楽しさが信頼と自由を同時に育てます。互いの提案が採用されなかった時にも理由を聞き次の選択肢を残せる関係なら違いそのものが新しい楽しみの材料になります。,二人で試したい遊びや外出を一つずつ提案し費用と準備と終了時刻を相談してください。好意を伝える時は反応を要求せず相手が選べる余地も残します。終わった後は良かった点を先に共有し次回変えたいことは責任を決めつけず具体的な方法として話しましょう。急ぎません。
2026_LEO,5,8,深い感情を創作へ変え信頼をゆっくり育てる,今月は言葉にしにくい情熱や不安を創作や親密な対話を通して扱います。全てを一度に明かすより安全な範囲で表現し共有する条件を確かめるほど深い感情が関係を縛らず理解と信頼を育てる力になります。,今月は創造性や遊びや自己表現が深い感情や共有資源や親密さと結びつきます。強い思いを抱えたままにせず作品や対話へ少しずつ移す時です。自分の内側を見せる範囲と守る範囲を選びながら表現することが中心になります。　秘密のテーマを作品にしたくなったり親しい相手と情熱を共有したくなったり共同の費用を伴う企画へ惹かれたりするでしょう。感情が強いほど相手の同意や作品の公開範囲を丁寧に確認してください。深さを証明するために全てを差し出す必要はありません。　中盤は避けていた気持ちへ名前をつけ表現する勇気が高まります。公平な関係を整える流れも加わるため共同制作の権利や費用や役割を曖昧にしないことが大切です。月末には素材や約束を整理し保留するものと共有できるものを分けると安心して続けられます。　今月の創造は感情を消すためではなく形を与えて距離を取る助けになります。作品にした内容と現実の関係を同じものと決めつけず必要なら説明を添えてください。境界を守りながら心を開く経験が情熱を支え合いへ変え深い信頼を育てます。表現した後に気持ちが軽くなったか境界が守られたかを確かめることで自分に合う共有の深さを少しずつ理解できます。,言葉にしにくい感情を色や音や短い文章で表し公開せず自分で眺める時間を作ってください。人と共有する場合は扱ってよい範囲と保存方法を先に確認します。共同の企画では費用と権利と役割を書き出し気持ちが高ぶった時は決定を持ち越せる余地も残しましょう。
2026_LEO,5,9,冒険する心を学びと表現へ大きく広げる,今月は旅や学びや異文化との出会いが創造性を刺激します。知識を集めるだけでなく自分の体験や問いを作品や発表へ変えるほど世界観が生きた言葉になり新しい挑戦を選ぶ勇気も育ちます。問いを急いで閉じないことも大切です。,今月は創造性や遊びや自己表現が学びや旅や信念のテーマと結びつきます。未知の世界へ触れそこで動いた心を自分なりの形で伝える時です。正解を覚えるより好奇心から問いを育てることが今月の中心になります。　新しい分野を学びたくなったり遠い土地の文化に惹かれたり体験を文章や写真へ残したくなったりするでしょう。刺激を求めて予定を広げすぎると理解が浅くなりやすいため一つのテーマへ戻る時間を持ってください。異なる文化を表現に使う時は背景への敬意と確認も必要です。　中盤は学んだ内容や自分の考えを堂々と発表しやすくなり教える経験から理解を深められます。人との釣り合いを整える流れも加わるため自分の解釈だけで語らず現地や専門家の声へ耳を傾けるとよいでしょう。月末には素材を分類し伝えたい問いを一つへ絞ります。　今月の冒険は遠くへ移動することだけではありません。いつもの考え方を離れて別の物語を読んだり新しい技法を試したりすることも十分な挑戦です。心が動いた理由を表現へ変えるほど学びが借り物の知識ではなく自分の世界観を広げる経験になります。体験を一度寝かせてから言葉へ戻すと刺激の強さだけでは見えなかった学びと自分なりの問いがさらに深まります。,関心のある文化や分野を一つ選び信頼できる資料と自分の体験を分けて記録してください。学んだ内容は短い作品や説明へ変え他者の視点も聞きます。旅や講座を計画する時は費用と移動と休息を含め予定を詰めすぎず後から振り返る時間まで確保しましょう。余白も残します。
2026_LEO,5,10,創造的な役割を社会の場で丁寧に育てる,今月は仕事や公の場で自分の企画力と表現力を示す機会が増えます。注目を得ることだけを狙わず目的と受け手と実行手順をそろえるほど個性が一時的な演出ではなく信頼される役割として育ちます。,今月は創造性や遊びや自己表現が仕事や社会的な役割と結びつきます。自分のアイデアを公の場へ出し役割の中で個性を生かす時です。目立つことを目的にせず何を良くするための表現かを明確にすることが中心になります。　企画を提案したくなったり作品や実績を人へ見せたくなったり人前で進行役を担ったりするでしょう。期待が集まるほど完成前に大きく約束しやすいため必要な時間と協力を確認してください。裏方の調整や繰り返しの修正も創造的な仕事の一部です。　中盤は自分の考えを堂々と説明し周囲の反応から企画を磨けます。公平な関係を整える流れも加わるため功績だけでなく協力者の貢献と負担を見える形にするとよいでしょう。月末には広がった案を優先順位へ戻し実行可能な工程と担当へ整理してください。　今月の評価は派手な成果だけでは決まりません。受け手の声を聞き修正しながら形にする姿勢も信頼につながります。自分の個性と役割の目的を結びつけるほど表現は一度の注目で終わらず今後も使える仕事の力として蓄積されます。企画が終わった後も受け手の使い方と実務上の負担を確認すれば次の表現はより明確になり周囲と続けられる形へ育ちます。その蓄積を次の判断にも生かしてください。,公の場へ出したい企画を一つ選び目的と受け手と必要な協力を一枚にまとめてください。発表前に約束できる範囲と修正できる範囲を伝えます。実施後は反応の数だけでなく役立った点と協力者の貢献と次に整える工程を記録し再現できる形へ残しましょう。無理のない範囲を守ります。
2026_LEO,5,11,仲間と表現を持ち寄り未来の楽しみを作る,今月は仲間やコミュニティとの共同制作や遊びから新しい可能性が広がります。一人の案へ全員を合わせるより異なる得意分野と好みを持ち寄るほど未来へ続く企画と互いが輝けるつながりを育てられます。,今月は創造性や遊びや自己表現が仲間やコミュニティや将来計画と結びつきます。自分だけで完成させるより複数の視点を持ち寄って新しい楽しみを作る時です。仲間の中で自分の個性を隠さず同時に他者の表現も尊重することが中心になります。　共同制作へ参加したくなったり集まりで企画を提案したりオンラインで作品を共有したくなったりするでしょう。人数が増えるほど目的と連絡方法が曖昧になりやすいため何を試す集まりかを確認してください。注目される人と準備する人の負担も分けて考える必要があります。　中盤は未来の案を堂々と示し仲間の反応から可能性を広げられます。公平な関係を整える流れも加わるため発言や発表の機会が一部へ偏っていないか見直すとよいでしょう。月末には案を小さな担当と期限へ分け続ける企画と終える企画を選んでください。　今月のつながりは同じ好みだけで作られるものではありません。違いから生まれた意外な組み合わせが新しい表現を育てます。互いの得意分野を認め成果と負担を共有するほど共同の喜びが一時的な盛り上がりではなく未来を支える関係になります。一緒に笑えた瞬間や助けられた工夫を記録しておくと次の計画でも仲間の強みを生かしやすくなります。,仲間と作りたいものを一文で表し各自が試したい役割と使える時間を確認してください。企画中は発言と準備と発表の担当が偏っていないか見直します。終了後は良かった組み合わせと負担だった手順を共有し次へ続ける案は小さな実験として日程と担当を決めましょう。
2026_LEO,5,12,誰にも見せない創作で内側の喜びを守る,今月は静かな場所で行う創作や空想が心の奥にある喜びを思い出させます。発表や評価を目的にせず夢や記憶や言葉にならない感覚を自由に形へするほど外の期待から離れた自分だけの表現が育ちます。,今月は創造性や遊びや自己表現が夢や記憶や静かな休息の領域と結びつきます。人へ見せる前の自由な発想を守る時です。役に立つ作品へ急いで整えず内側から浮かぶ色や音や物語に付き合うことが中心になります。　一人で絵や文章を作りたくなったり昔好きだった遊びを思い出したり眠る前に豊かな発想が浮かんだりするでしょう。完成を求めると手が止まりやすいため断片のまま残して構いません。公開しないと決めた作品も心を整理する大切な表現として扱えます。　中盤は内側で育ててきたものを信頼できる相手へ少し見せたくなるかもしれません。関係の釣り合いを整える流れも加わるため感想が欲しいのかただ見守ってほしいのかを伝えてください。月末には素材を整理し公開するものと自分だけで持つものを分けると安心が保たれます。　今月の創造は外へ示さなくても価値があります。静かな遊びの中で笑えたことや手が自然に動いたことを大切にしてください。誰にも評価されない時間を守るほど内側の喜びが回復し必要な時に自分らしい表現を外へ送り出す準備になります。心が静かになった表現方法と時間帯を覚えておくと外の刺激が多い日にも自分の喜びへ戻る道を見失いにくくなります。,通知を止める時間を作り色や音や文章など今触れたい方法で十五分だけ自由に表現してください。作品には公開するかどうかをすぐ決めず保管場所を分けます。人へ見せる時は求める反応を伝え疲れを感じたら作業を終え静かな時間へ戻れるようにしましょう。余韻も記録します。
2026_LEO,6,1,毎日の手入れから軽やかな自分を作り直す,今月は仕事や家事や体調管理の小さな見直しが自分らしい動き方を支えます。気合いで予定を詰めるより身体の反応と集中しやすい時間を基準に手順を選ぶほど無理のない存在感と行動力が育ちます。,今月は仕事や家事や健康管理など毎日の手入れが生活の中心へ出てきます。大きく自分を変えようとするより繰り返している行動が今の自分に合っているかを確かめる時です。続けられる小さな選択から自分の動き方を作り直すことが主題になります。　その変化は起床後の身体の感覚や服装や作業姿勢や人前での振る舞いに現れます。頑張っている姿を見せるために休息を削ると本来の良さが出にくくなるため動ける時間と回復に必要な時間を分けてください。体調は断定せず記録から自分の傾向を見つけます。　中盤は必要な助けや働き方の希望を以前よりはっきり伝えやすくなります。人との釣り合いを整える流れも加わるため自分だけが細かな用事を引き受けていないか確認するとよいでしょう。月末には試した方法を整理し実際に続いたものだけを日常の基準へ残してください。　今月の自己管理は自分を厳しく監督することではありません。疲れに早く気づき予定を変えられることも確かな力です。身体の反応と役割の現実を結びつけるほど無理に勢いを作らなくても落ち着いて動ける自分らしいリズムが育ちます。動きやすかった日の条件を振り返ると自分を責めずに調整できる基準が増え次の予定でも早めに余力を守れるようになります。,起床後と作業後の身体の感覚を数日記録し集中しやすい時間帯と休息が必要な合図を見つけてください。予定には作業だけでなく準備と移動と回復も入れます。人へ頼む時は具体的な用事と期限を伝え完璧に守れない日にも戻れる最低限の手順を決めましょう。無理な日は調整します。
2026_LEO,6,2,時間と技能を整え働く価値を守っていく,今月は仕事や日常を支える時間と技能と費用の使い方を見直します。安く早く済ませることだけを目指さず繰り返し使える道具や負担を減らす仕組みへ資源を向けるほど働く価値と生活の安定が育ちます。,今月は仕事や家事や健康管理のテーマがお金や持ち物や自分の価値基準と結びつきます。時間を無料の資源として扱わず何へ使うと暮らしが整うかを見直す時です。技能と手間を適切に数え現実的な配分を作ることが今月の中心になります。　作業道具を買い替えたくなったり定期的な費用を見直したり得意な仕事の条件を相談したくなったりするでしょう。安さだけで選んだ道具が手間を増やしていないかも確認してください。便利さへ支払う費用と自分で担う時間を同じ表で比べると判断しやすくなります。　中盤は自分の技能や必要な条件を言葉にしやすくなります。公平な関係を整える流れも加わるため頼まれた作業の準備や修正にかかる時間まで曖昧にしないことが大切です。月末には支出と作業を分類し効果の薄い習慣を減らして続けたい仕事へ資源を戻してください。　今月の安定は多く働くことだけから生まれません。道具や仕組みを整え同じ負担を繰り返さない工夫も価値ある仕事です。使った時間と得られた効果を記録するほど自分の技能を低く扱わず無理なく続けられる交換条件を選べます。技能を使った結果だけでなく準備が軽くなった点や迷いが減った点も残すと自分の仕事が生む価値を多面的に捉えられます。,繰り返している作業に使う時間と費用と道具を一度一覧にしてください。負担を減らす買い物は使う頻度と保管場所と上限を確認してから選びます。仕事を頼まれた時は準備と修正の時間も条件へ含め実施後に得られた効果と消耗を記録して次の判断へ生かしましょう。
2026_LEO,6,3,連絡と情報を整え日々の仕事を軽くする,今月は連絡や書類や移動の手順を整えることで仕事と日常の負担を減らします。届いた情報へすぐ反応するより優先度と返答の時期を分けるほど大切な用事へ集中でき身近な対話にも余裕が戻ります。,今月は仕事や家事や健康管理が会話や連絡や情報整理と結びつきます。多くの依頼へ素早く答えるより必要な情報を必要な人へ届く形にする時です。連絡の流れを整え頭の中だけで予定を管理しないことが今月の中心になります。　受信箱や書類を整理したくなったり移動経路を見直したり作業手順を文章にしたくなったりするでしょう。短い連絡ほど前提が抜けやすいため目的と期限と担当を一文ずつ添えてください。通知を常に追うのではなく確認する時間を決めることも集中を守ります。　中盤は改善案や必要な助けを周囲へ説明しやすくなります。人との釣り合いを整える流れも加わるため連絡役や記録役が一人へ偏っていないか確認するとよいでしょう。月末にはよく使う文書や返信を雛形へまとめ不要な情報を外して作業の入口を分かりやすくします。　今月の効率は急ぐことではなく戻る場所が分かることから生まれます。言ったはずや聞いたはずを減らし必要な内容を記録へ残してください。情報の量と返答の速度を自分で調整できるほど会話の質と日々の仕事が支え合い余裕のある流れになります。連絡を減らしたことで空いた時間を確認し大切な作業や休息へ戻せたかを振り返ると仕組みの効果も判断しやすくなります。,受信箱と書類を確認する時間を決め依頼を今日行うものと後で判断するものへ分けてください。連絡には目的と期限と担当を簡潔に添えます。よく尋ねられる内容は一つの雛形へまとめ通知を止める時間も作り作業後に情報量と集中の変化を記録しましょう。休む時間も守ります。
2026_LEO,6,4,家の役割を見直し安心して働ける土台を作る,今月は家事や家族の用事と外の仕事を一つの生活として整えます。見えない段取りを一人で抱えず担当と頻度を共有するほど家で回復できる時間が増え安心できる基盤から落ち着いて役割へ向かえます。,今月は仕事や家事や健康管理が住まいや家族や心の居場所と深く結びつきます。外の予定だけでなく帰宅後に待っている役割まで含めて暮らしを見直す時です。家を誰か一人の働きで保つのではなく皆が扱える仕組みにすることが主題になります。　在宅作業の場所を整えたくなったり家族の通院や手続きなどを共有したくなったり掃除や食事の手順を簡単にしたくなったりするでしょう。細かな段取りを頭の中だけで管理すると休みにくいため見える場所へ移してください。家族それぞれの体力と生活時間も考慮します。　中盤は暮らしの負担や必要な支援を具体的に話しやすくなります。公平な関係を整える流れも加わるため結果だけでなく準備や連絡の手間まで分担に含めるとよいでしょう。月末には試した方法を振り返り誰でも続けられる手順と一人で休める時間を残してください。　今月の家庭管理は完璧に整った家を目指すことではありません。予定が崩れても最低限を守り互いに助けを頼めることが安心につながります。見えない仕事を言葉にし回復できる場所を確保するほど家と外の役割を無理なく往復できます。家族が自分で確認できる情報を増やすと質問や判断の集中が減りそれぞれが生活を支える力も少しずつ育っていきます。,家事と家族の用事と外の仕事を一週間分書き出し担当者と頻度を確認してください。連絡や在庫確認など見えない段取りも含めます。全てを整えるのではなく忙しい日に守る最低限を決め一人で休める時間と作業を終える合図も家族と共有しましょう。一度に変えすぎません。
2026_LEO,6,5,日常の仕事へ創造性と小さな喜びを戻す,今月は繰り返す仕事や家事へ遊び心と創意工夫を加えます。楽しみを後回しにせず色や音や順番など小さな好みを手順へ取り入れるほど義務感が和らぎ自分らしい方法で役割を続ける力が育ちます。小さく試す姿勢が助けになります。,今月は仕事や家事や健康管理が創造性や遊びや自己表現と結びつきます。日常を義務だけで埋めず自分なりの工夫を加える時です。大きな企画より毎日繰り返す作業へ小さな楽しさを戻すことが今月の中心になります。　作業場所へ好きな色を加えたくなったり仕事の見せ方を変えたくなったり運動や食事へ遊びの要素を入れたくなったりするでしょう。楽しい方法でも準備が複雑だと続きにくいため短く始められる形を選んでください。趣味を義務へ変えない余白も必要です。　中盤は自分の工夫を周囲へ提案しやすくなり役割の中で創造性を発揮できます。人との釣り合いを整える流れも加わるため楽しい企画の裏にある準備や後片づけを公平に分けるとよいでしょう。月末には効果のあった工夫だけを手順へ残し増えすぎた道具を整理します。　今月の喜びは仕事を全て好きになることではありません。苦手な作業の中にも選べる部分を一つ作ることが大切です。自分の好みと現実的な手順が結びつくほど役割へ向かう抵抗が軽くなり創造性を日常で使える力として育てられます。工夫した後の集中と疲れを比べると見た目の楽しさだけでなく実際に自分を助ける方法が分かり日常へ残しやすくなります。,繰り返している作業を一つ選び色や音や道具や順番に好きな要素を加えて数日試してください。開始しやすさと所要時間と気分を記録します。楽しい企画を人と行う時は準備と片づけも分担し続けたい工夫だけを残して趣味として休む時間も守りましょう。余白も残します。
2026_LEO,6,6,働く手順と休息を整え持続できる日常へ,今月は仕事や家事や健康管理を細かく見直し続けられる手順へ整えます。全てを一度に改善するより負担の大きい一か所を選び休息と助けを組み込むほど日々の役割に落ち着きと確かな手応えが生まれます。,今月は仕事や家事や健康管理そのものが大きく動きます。努力を増やすより現在の手順が自分と周囲に合っているかを確かめる時です。繰り返しの中に無理を見つけ小さく修正していくことが今月の中心になります。　予定や作業場所を整えたくなったり食事や睡眠の記録を始めたくなったり役割分担を見直したくなったりするでしょう。管理項目を増やしすぎると記録自体が負担になるため目的を一つに絞ってください。体調は断定せず変化が続く場合は必要な相談先も検討します。　中盤は改善したい点や必要な支援を周囲へ説明しやすくなります。公平な関係を整える流れも加わるため細かな用事を誰が気づき誰が行っているかを見える形にするとよいでしょう。月末には続いた方法だけを標準へ戻し合わなかった方法は失敗とせず外してください。　今月の整備は完璧な生活を作るためではありません。忙しい日や気力が少ない日にも戻れる簡単な手順を持つことが大切です。働く時間と休む時間を同じ計画へ入れるほど日常は自分を追い立てる仕組みではなく力を保つ基盤になります。休めた日と作業が進んだ日の共通点を振り返ると自分に必要な条件が見え改善を増やしすぎずに済むようになります。,仕事と家事と休息へ使う時間を数日記録し最も負担の大きい手順を一つ選んでください。作業を減らすか分けるか頼むかを試します。記録項目は目的に必要なものだけに絞り予定が崩れた日用の最低限と相談先を決めて無理なく戻れる形を作りましょう。休息を先に確保します。
2026_LEO,6,7,二人の日常を支える役割と助け方を整える,今月は親しい相手との間で家事や仕事や支援の分担を見直します。善意だけに頼らず頼み方と断り方と休む条件を言葉にするほど一方が世話を背負わず互いの力を生かせる安定した関係が育ちます。定期的な確認も大切です。,今月は仕事や家事や健康管理がパートナーシップや一対一の関係と結びつきます。相手のために動くことと自分の余力を守ることを両立する時です。親しいから察してもらえると考えず具体的な役割と助け方を話すことが中心になります。　家事や予定管理を分けたくなったり相手の仕事を手伝ったり生活習慣の違いが気になったりするでしょう。助ける側と助けられる側が固定されると不満を言いにくくなるため定期的に役割を入れ替えられる余地を持ってください。相手の方法を細かく管理しすぎないことも大切です。　中盤は自分の負担や希望を以前より率直に伝えやすくなります。公平な関係を整える流れも加わるため作業量だけでなく気づく役や連絡する役も分担に含めるとよいでしょう。月末には試した方法を振り返り互いに続けやすい頻度と頼む時の合図を決めてください。　今月の協力は同じ量を機械的に分けることではありません。その時々の体力や予定を確認し調整できることが対等さにつながります。感謝と境界を両方言葉にするほど日常の支援が義務や依存ではなく二人の安心を育てる力になります。助けてもらえた点を具体的に伝えると次も頼みやすくなり互いが無理なく支援を受け取れる関係へ近づきます。,二人が日常で担っている作業を見える形にし頻度と担当と頼む時の合図を相談してください。見えない連絡や判断も一覧へ含めます。一週間ほど試した後で負担と助かった点を伝え合い相手の方法を尊重しながら変更できる部分だけを具体的に整えましょう。感謝も言葉にします。
2026_LEO,6,8,共有する責任と見えない負担を丁寧に分ける,今月は共有資源や親密な関係の中で引き受けている仕事と感情的な負担を見直します。曖昧な責任を言葉と記録へ移し一人で抱えない仕組みを作るほど深い信頼と現実的な安心を両立できます。境界を守ることも支え合いです。,今月は仕事や家事や健康管理が共有するお金や責任や深い感情と結びつきます。表に出にくい負担を誰が担っているかを確認する時です。支え合いを続けるために役割と境界と確認方法を明確にすることが今月の中心になります。　共有費用の管理や家族の手続きや大切な資料の保管を見直したくなるでしょう。相手の気持ちを先回りして調整することも見えない仕事になります。全てを一度に話すと重くなりやすいため事実の確認と希望の相談を分けてください。　中盤は避けていた分担や費用について率直に話しやすくなります。人との釣り合いを整える流れも加わるため名義や期限や管理者を曖昧にしないことが大切です。月末には連絡先と資料を整理し必要な人が必要な時に確認できる状態へ近づけてください。　今月の信頼は何でも共有することからだけ生まれるのではありません。互いに守りたい範囲を尊重し小さな約束を実行することも支えになります。見えない負担を言葉へし一人の記憶へ依存しない仕組みを作るほど親密さと実務が穏やかに結びつきます。共有する情報を定期的に更新し不要になった責任を外すことで過去の約束に縛られず現在に合う支え方へ調整できます。見直せた内容も二人の安心として記録してください。,共有している費用と手続きと保管物を一覧にし名義と担当と確認方法を整理してください。感情を伴う負担は事実と希望を分けて一度に一件ずつ話します。相手に任せる部分を細かく管理せず次に見直す時期だけを決め緊急時の連絡先も互いに確認しましょう。急いで決めません。
2026_LEO,6,9,学びを日々の実践へ落とし知恵として育てる,今月は学んだ知識や広い視野を仕事と暮らしの具体的な手順へ移します。理想を語るだけで終えず小さく試し結果を確かめるほど自分に合う方法が見つかり知識が日常を支える生きた知恵になります。,今月は仕事や家事や健康管理が学びや旅や信念のテーマと結びつきます。知識を集めるだけでなく毎日の行動へ使える形にする時です。理想と現実の間に小さな実験を置き自分の生活に合う方法を見つけることが中心になります。　資格や専門分野を学びたくなったり異なる文化の生活習慣へ関心を持ったり旅の準備を細かく整えたくなったりするでしょう。新しい方法を一度に取り入れず目的と期間を決めて試してください。情報源と自分の体験を分けて記録することも大切です。　中盤は学んだ内容や改善案を周囲へ説明しやすくなり教える経験から理解を深められます。公平な関係を整える流れも加わるため自分の方法を唯一の正解として押しつけないようにしましょう。月末には実際に役立った知識を手順やメモへまとめて再利用できる形へ整えます。　今月の成長は多く知ることだけではありません。試した結果から方法を変えられる柔軟さも知恵の一部です。学びを暮らしの小さな改善へつなぎ続けるほど遠い理想が現在の役割を支える具体的な力へ変わっていきます。実践した内容を誰かへ説明すると理解が曖昧な部分も見え次に調べる問いと日常へ残す方法を分けやすくなります。その問いを次の学びへつなげてください。,学んでいる内容から今週試せる方法を一つ選び目的と期間と確認する点を書いてください。実行後は期待と違った点も記録します。人へ伝える時は出所と自分の経験を分け旅や講座の予定には準備と移動と回復の時間まで入れて続けられる形を確かめましょう。試す範囲を守ります。
2026_LEO,6,10,仕事の仕組みを磨き信頼される役割へつなぐ,今月は職場や公の役割で使う手順と品質を見直します。目立つ成果だけでなく準備や確認や引き継ぎを丁寧に整えるほど自分の強みが再現できる形になり周囲と続けられる信頼へつながります。丁寧な引き継ぎも大切です。,今月は仕事や家事や健康管理が社会的な役割や評価と強く結びつきます。成果を増やす前に仕事の流れと品質を整える時です。自分だけが分かる方法を周囲と共有できる仕組みへ変えることが今月の中心になります。　手順書を作りたくなったり担当範囲を見直したり人前で改善案を説明する機会が増えたりするでしょう。責任感から全てを引き受けると確認が遅れやすいため判断が必要な点と任せられる点を分けてください。見えない準備も実績として記録します。　中盤は役割への希望や必要な支援を堂々と伝えやすくなります。人との釣り合いを整える流れも加わるため成果だけでなく連絡や修正の負担が一部へ偏っていないか確認するとよいでしょう。月末には試した改善を標準の手順へまとめ担当と期限を明確にしてください。　今月の信頼は失敗がないことだけではなく問題へ気づき修正できることから育ちます。自分の働きを忙しさで示さず再現できる品質として残してください。丁寧な引き継ぎと現実的な範囲が整うほど個人の頑張りを超えて役割が安定します。改善前後の違いを簡潔に残すと自分の貢献を説明しやすくなり次の担当者も同じ品質へ戻りやすくなります。支えた仕組み自体も成果として丁寧に評価しましょう。,担当している仕事を一つ選び目的と手順と確認点と引き継ぎ先を一枚にまとめてください。改善案を伝える時は期待する効果と必要な協力も添えます。実施後は成果だけでなく準備時間と修正回数を記録し無理のない標準へ整えて周囲と共有しましょう。余力も確認します。
2026_LEO,6,11,仲間の活動を支える実務と分担を整える,今月は仲間やコミュニティの活動を支える連絡と準備と役割分担を見直します。善意へ頼るだけでなく見えない作業を共有しそれぞれができる範囲を持ち寄るほど未来へ続く協力の基盤が育ちます。断れる余地も必要です。,今月は仕事や家事や健康管理が仲間やコミュニティや将来計画と結びつきます。楽しい企画の裏で必要になる実務を皆で扱う時です。目的を共有し一人へ作業が集中しない仕組みを作ることが今月の中心になります。　共同企画の連絡役を担ったり地域やオンラインの活動で準備を手伝ったり将来の計画を具体的な作業へ分けたくなったりするでしょう。参加人数が多いほど誰かが行うと思われる用事が増えるため担当と期限を確認してください。無理な参加を断れる余地も必要です。　中盤は改善案や必要な役割を仲間へ提案しやすくなります。公平な関係を整える流れも加わるため発表する人だけでなく記録や連絡を担う人の貢献も見える形にするとよいでしょう。月末には続ける作業と終える作業を分け引き継ぎ先と情報の置き場所を決めてください。　今月の協力は全員が同じ量を担うことではありません。使える時間と得意分野を率直に伝え合い必要に応じて調整できることが大切です。実務と感謝を共有するほど仲間とのつながりが一時的な熱意ではなく将来を支える仕組みへ育ちます。参加できなかった人も後から状況を確認できる記録を残すと連絡の偏りが減り次の協力へ入りやすい土台ができます。,共同活動に必要な作業を準備と実施と記録へ分け各自が使える時間を確認してください。担当のない作業はそのままにせず縮小や延期も選びます。活動後は見えない作業を含めて感謝を伝え続ける範囲と引き継ぐ情報を一つの場所へまとめましょう。休止も選択肢にします。
2026_LEO,6,12,見えない仕事を減らし静かな回復を日常へ戻す,今月は人に見えない心配や準備や調整を見直し休息を日々の役割へ組み込みます。全てを先回りして抱えず記録と助けへ移すほど頭の中に余白が戻り静かな集中と自分をいたわる感覚が育ちます。休む判断も大切です。,今月は仕事や家事や健康管理が記憶や無意識や静かな休息の領域と結びつきます。表から見えない心配や準備にどれだけ力を使っているかへ気づく時です。頭の中だけで用事を抱えず休むための手順を作ることが今月の中心になります。　誰にも頼まれていないことまで先回りしたり眠る前に翌日の段取りを考え続けたり人の気分を調整する役を担ったりするかもしれません。浮かぶ用事は一度書き出し今行うものと後でよいものを分けてください。全てへ対応しない選択も必要です。　中盤は見えない負担や休息の必要を信頼できる相手へ伝えやすくなります。人との釣り合いを整える流れも加わるため気づく役と確認する役を分けるとよいでしょう。月末には終えた用事を消し保留する内容には次に見る時期をつけて頭から一度下ろしてください。　今月の休息は仕事が完全になくなってから取るものではありません。短くても何も判断しない時間を予定へ入れることが大切です。見えない仕事を記録と分担へ移すほど静かな集中が戻り必要な役割と手放せる役割を落ち着いて選べます。休んだ後に何が重要に見えたかを記録すると焦りの中で抱えていた用事を減らし本当に必要な仕事へ力を戻せます。静けさを守る工夫も続けてください。,眠る前に頭へ残っている用事を全て書き出し明日行う一件と保留する内容へ分けてください。通知を止め何も判断しない時間を短く確保します。先回りして担っている調整は信頼できる相手へ共有し頼める部分と行わなくてよい部分を一つずつ選びましょう。回復を優先します。
2026_LEO,7,1,相手と向き合う中で自分の意志を磨いていく,今月は一対一の関係や協力の場で自分の希望を明確にします。相手へ合わせるだけでも押し通すだけでもなく率直な意思表示と聞く姿勢を両立するほど自分らしい関わり方と落ち着いた存在感が育ちます。,今月はパートナーシップや交渉や一対一の協力が生活の前面へ出てきます。相手の反応を通して自分が何を望みどこまで引き受けられるかを知る時です。関係の中で自分を小さくせず同時に相手の選択も尊重することが主題になります。　その動きは話し方や表情や予定の決め方や人前での立ち位置に現れます。相手へ好かれようとして曖昧に答えたり反対に主導権を急いで握りたくなったりするかもしれません。返事の前に自分の希望と譲れる部分を分けると無理のない意思表示ができます。　中盤は胸の内にあった考えを以前より堂々と伝えやすくなり新しい協力を始める機会も生まれます。関係の釣り合いを整える流れも加わるため発言量や決定権が一方へ偏っていないか確認するとよいでしょう。月末には話し合った内容を具体的な担当や期限へ移してください。　今月の自分らしさは一人で完結するものではありません。違う意見を聞いた後に何を選ぶかにも自分の輪郭は表れます。賛成されることだけを目標にせず率直に話し修正できる経験を重ねるほど関係の中でも失わない落ち着いた軸が育ちます。会話の後に身体が緩んだか言葉を飲み込んだかを振り返ると自分に合う距離と伝え方も具体的に分かるようになります。,大切な相手と話す前に自分の希望と譲れる点とまだ決められない点を書き分けてください。会話では相手の理解を確かめてから次の提案へ進みます。返事を急がず考える時間を伝え話し合いの後は身体の緊張と納得できた点を記録しましょう。相手の返答を待つ余白も残してください。
2026_LEO,7,2,対等な交換を整え関係の価値を育てていく,今月は親しい相手や協力者との間でお金と時間と技能の交換を見直します。好意や慣習だけで曖昧にせず互いが差し出せる範囲と受け取りたいものを言葉にするほど安心して続けられる関係が育ちます。,今月はパートナーシップや交渉や一対一の協力がお金や持ち物や自分の価値基準と結びつきます。何を分かち合い何を個人で守るかを確認する時です。金額だけでなく時間や手間や技能も交換の一部として丁寧に扱うことが中心になります。　共同の費用を相談したくなったり仕事の条件を話し直したり贈り物や援助の受け取り方を考えたりするでしょう。好意だから無制限に応える必要はなく負担が続く前に上限を伝えてください。相手の価値観と自分の基準が違うことも前提にできます。　中盤は自分が提供できることと必要な対価を以前より明確に示しやすくなります。公平な関係を整える流れも加わるため費用だけでなく準備や連絡の手間を話題にするとよいでしょう。月末には合意した内容を記録し実際の負担に合っているかを振り返ってください。　今月の豊かさは一方が多く与えることではありません。頼ることと支えることが必要に応じて行き来できる関係が安心を生みます。自分の価値を低く扱わず相手の事情も聞きながら交換条件を調整するほど信頼と現実的な安定が一緒に育ちます。交換の後に満足と負担を双方で確認し条件を直せる余地を残すことで善意が重荷にならず長く循環する関係になります。,共有する費用や作業を一つ選び金額と時間と準備の負担を書き出してください。相談では自分が提供できる範囲と相手へ求める内容を具体的に伝えます。合意後は一定期間試し感謝と負担の両方を確認して続ける条件を調整しましょう。見直す時期も決めておきましょう。
2026_LEO,7,3,対話の往復から二人に合う答えを見つける,今月は一対一の会話や連絡を通して関係の理解を深めます。言い切ることだけを強さとせず質問と言い換えと確認を重ねるほど互いの前提が見え誤解を修正できる柔らかな対話の力が育ちます。修正できる余地も大切です。,今月はパートナーシップや交渉や一対一の協力が会話や連絡や情報整理と結びつきます。伝えたつもりで進めず互いの理解を確かめる時です。結論だけでなく考えた理由と必要な背景を交換することが今月の中心になります。　連絡の頻度を見直したくなったり大切な相談が増えたり共同の予定を調整したりするでしょう。短い文章では感情や前提が抜けやすいため重要な話は落ち着ける時間を選んでください。相手の言葉を推測だけで補わず質問できる余地も大切です。　中盤は言いにくかった希望を率直に伝えやすくなり対話から新しい選択肢を作れます。関係の釣り合いを整える流れも加わるため話す時間と聞く時間が偏っていないか確認するとよいでしょう。月末には決まったことと保留したことを短く記録し次の確認時期を決めてください。　今月の対話は一度で完全に分かり合うためのものではありません。言い直しや聞き直しができることも信頼の一部です。自分の意図と相手が受け取った意味の違いを責めずに扱うほど二人に合う答えへ近づき今後の相談にも使える会話の基盤が育ちます。話した時間帯や方法も記録すると落ち着いて理解し合える条件が見え次の難しい相談でも戻れる道筋を持てます。,大切な相談では起きた事実と自分の受け取り方と希望する対応を順に伝えてください。相手の話を要約して理解が合っているか確認します。結論が出ない内容には次に話す時期を決め重要な決定は文章でも残して連絡だけで関係を疲れさせない工夫をしましょう。急いで決めません。
2026_LEO,7,4,共に安心して戻れる暮らしの条件を話し合う,今月はパートナーや家族との関係を住まいと心の安心から見直します。愛情だけに頼らず一人で休む時間や家事や来客への希望を具体的に共有するほど二人が無理なく戻れる居場所を育てられます。一人の余白も守ります。,今月はパートナーシップや交渉や一対一の協力が住まいや家族や心の居場所と結びつきます。親しい相手と共に安心できる条件を見直す時です。関係を保つために我慢を重ねず暮らしの具体的な希望を話すことが今月の中心になります。　家事や生活時間を相談したくなったり将来の住まいを考えたり互いの家族との距離が気になったりするでしょう。どちらの方法が正しいかを決めるより休める条件と譲れる部分を分けてください。一人で過ごす時間も関係を守る大切な余白です。　中盤は胸に置いてきた希望を以前より率直に伝えやすくなります。公平な関係を整える流れも加わるため家事だけでなく連絡や在庫確認など見えない役割も話題にするとよいでしょう。月末には試した分担を振り返り互いに続けられる頻度と頼む時の合図を決めてください。　今月の居場所は同じ空間にいることだけでは作れません。疲れている時に断れ後から話し直せることも安心の一部です。相手を変えようと急がず二人で調整できた経験を重ねるほど家がどちらかの期待へ合わせる場所ではなく共に戻れる基盤になります。安心できた場面と疲れた場面を互いに言葉へすると暮らしの条件を責め合わず具体的に更新しやすくなります。,共に過ごす相手と家事と休息と来客について現在の希望を一つずつ共有してください。意見が違う時は譲れない条件と試せる案を分けます。一定期間だけ新しい方法を実行し疲れや安心の変化を確認して二人に合う形へ調整しましょう。次に確認する時期も決めてください。
2026_LEO,7,5,恋と共同表現に互いの個性を持ち寄っていく,今月は恋愛や共同制作を通して二人の違いを楽しむ時です。一方が相手を喜ばせ続ける形ではなく好みと発想を持ち寄り互いが表現できる余地を作るほど新鮮さと安心が両立します。相手が選べる余白も喜びを守ります。,今月はパートナーシップや交渉や一対一の協力が恋愛や創作や遊びと結びつきます。相手に好かれる姿を演じるより互いの個性を持ち寄る時です。二人で新しい楽しみ方や表現を作ることが今月の中心になります。　デートや共同制作を企画したくなったり好意を分かりやすく示したくなったり相手の新しい一面に惹かれたりするでしょう。気持ちが高まるほど期待を言葉にせず察してほしくなるため希望は具体的に伝えてください。断られても関係全体の否定と決めつけない余白が必要です。　中盤は思いや作品を堂々と示しやすくなり二人で新しい体験へ進めます。関係の釣り合いを整える流れも加わるため費用や準備や発表の機会を公平に扱うとよいでしょう。月末には楽しかった点と負担だった点を話し次へ続ける形を選んでください。　今月の親密さは同じ好みを持つことだけではありません。違う表現を面白がり相手が輝く時間を応援できることも愛情です。一方が演出を背負わず二人で関係を創るほど楽しさが信頼と自由を同時に育て次の発想も生まれます。相手が楽しんでいるように見える時も本人の希望を確かめることで好意と同意を混同せず安心して喜びを共有できます。二人で笑えた理由も言葉にして次の時間へ残してください。,二人で試したい遊びや創作を一つずつ提案し費用と準備と終了時刻を相談してください。好意を伝える時は反応を要求せず相手が選べる余地を残します。終わった後は良かった点を先に共有し次回変えたいことを具体的な方法として話しましょう。互いの休息も予定へ入れてください。
2026_LEO,7,6,日々の役割を分かち合い協力を続く形へ整える,今月は仕事や家事や健康管理に関わる分担を身近な相手と見直します。善意や察し合いだけに頼らず頻度と担当と頼む時の合図を決めるほど一方へ負担が偏らず長く続けられる協力になります。定期的な確認も助けになります。,今月はパートナーシップや交渉や一対一の協力が仕事や家事や健康管理と結びつきます。互いの日常を支える役割を見える形にする時です。助ける側と助けられる側を固定せず状況に合わせて調整できる仕組みを作ることが中心になります。　家事や予定管理を分けたくなったり仕事の協力条件を話したり生活習慣の違いを見直したくなったりするでしょう。作業量だけでなく気づく役や連絡する役も負担に含めてください。相手の方法を細かく管理しすぎず任せた部分を尊重することも大切です。　中盤は自分の余力や必要な支援を以前よりはっきり伝えやすくなります。公平な関係を整える流れも加わるため一人がいつも調整役になっていないか確認するとよいでしょう。月末には試した分担を振り返り忙しい日に守る最低限と頼む時の合図を決めてください。　今月の協力は同じ量を機械的に分けることではありません。その時々の時間と体力を確認し変更できることが対等さにつながります。感謝と境界を両方言葉にするほど日常の支援が義務や依存ではなく二人の安定を育てる力になります。役割を変えた後の時間と疲れを二人で確認すると公平さを感覚だけで判断せず現実に合う分担へ近づけられます。,二人が担っている家事や仕事を一覧にし頻度と担当と確認方法を話し合ってください。見えない連絡や判断も含めます。一週間ほど試した後で助かった点と負担だった点を伝え相手の方法を尊重しながら変更できる部分だけを整えましょう。無理な日は変更できる余地も残します。
2026_LEO,7,7,関係の鏡を通して対等なつながりを育て直す,今月はパートナーシップそのものが大きく動き相手との違いから自分の望みも明確になります。近さだけを求めず率直な対話と一人の余白を両方守るほど互いが自由に選び直せる信頼が育ちます。修正できる余地も信頼です。,今月はパートナーシップや交渉や一対一の協力そのものが生活の中心へ出てきます。相手の反応を鏡にして自分の期待や境界を見直す時です。関係を保つために同じ意見へそろえるのではなく違いを扱える方法を作ることが主題になります。　新しい出会いや契約を考えたくなったり長く続く関係の役割を話し直したくなったり距離の取り方へ迷ったりするでしょう。高まった感情だけで結論を急がず今起きている事実と過去からの不安を分けてください。考える時間を求めることも誠実な返答です。　中盤は自分の希望を堂々と示し相手の意志も聞きやすくなります。関係の釣り合いを整える流れが強まるため発言や決定や負担が一方へ偏っていないか確認するとよいでしょう。月末には合意したことと保留したことを具体的な行動へ分け次の確認時期を決めてください。　今月の信頼は迷いがないことではありません。話し合いの途中で意見を修正でき断られても相手を尊重できることが関係の強さになります。近づくことと一人へ戻ることを自由に選べるほど二人のつながりは義務ではなく互いに選び続ける関係へ育ちます。うまく話せなかった後にも謝り言い直せる関係なら一度の衝突で全体を決めつけず信頼を育て直すことができます。,関係について大切にしたいことと調整したいことを一つずつ書き出し落ち着ける時間に共有してください。相手の希望は要約して理解を確認します。結論を急がず試せる案には期間を設け一人の時間と次に話す時期も同時に決めましょう。会話後の休息も確保してください。
2026_LEO,7,8,親密さと共有責任に安心できる境界を作る,今月は近しい相手との深い感情や共有資源や秘密の扱い方を見直します。全てを明かすことだけを信頼とせず話せる範囲と個人で守る範囲を確認するほど親密さと現実的な安心が両立します。見直せる合意が安心を守ります。,今月はパートナーシップや交渉や一対一の協力が共有するお金や責任や深い感情と結びつきます。相手との距離が近いからこそ曖昧にしてきた条件を確認する時です。何を共有し何を個人で守るかを選ぶことが今月の中心になります。　共有費用や大切な資料を見直したくなったり秘密や不安について話したくなったり相手へ任せている責任が気になったりするでしょう。感情が強い話題では一度に全てを決めず事実の確認と希望の相談を分けてください。沈黙を同意と決めつけないことも大切です。　中盤は避けてきた相談へ向き合う勇気が高まり分担や境界を言葉にしやすくなります。公平な関係を整える流れも加わるため名義や期限や管理方法を曖昧にしないことが必要です。月末には合意を記録し必要な人だけが確認できる形へ情報を整理してください。　今月の親密さは何でも一つにすることではありません。個人の裁量を残しながら必要な場面で支え合えることが信頼になります。小さな約束を実行し見直せる余地を持つほど深い結びつきが依存ではなく安心して協力できる関係へ変わります。話し合いの後に守られた境界と不足した説明を振り返ることで自分たちに合う共有の深さを少しずつ理解できます。,共有している費用と責任と資料を一覧にし名義と担当と確認方法を整理してください。感情を伴う相談は事実と希望を分け一度に一件ずつ扱います。相手へ開示しない範囲も互いに尊重し合意した内容は次に見直す時期と共に記録しましょう。急いで結論を出さないでください。
2026_LEO,7,9,異なる価値観との対話から視野を広げていく,今月は学びや旅や信念の違いを持つ相手との対話が新しい視点を運びます。相手を説得するより経験と背景を聞き自分の考えも理由と共に伝えるほど違いを恐れず協力できる広い関係が育ちます。違いを残す余地も大切です。,今月はパートナーシップや交渉や一対一の協力が学びや旅や信念のテーマと結びつきます。異なる背景を持つ相手との対話から自分の世界観を見直す時です。賛否を急がずなぜそう考えるのかを交換することが今月の中心になります。　学びの相手や遠方の人との交流が増えたり旅の計画を二人で立てたり価値観の違いが話題になったりするでしょう。自分の経験を普遍的な正解として語らず相手の文化や事情を確認してください。違いを理解することと同意することは別にできます。　中盤は自分の考えや将来像を堂々と伝えやすくなり共同の展望を描けます。関係の釣り合いを整える流れも加わるため学ぶ側と教える側を固定せず互いの知識を尊重するとよいでしょう。月末には理想を具体的な予定や費用や役割へ落とし込んでください。　今月の成長は同じ結論へ到達することだけではありません。違う考えを持ったまま協力できる範囲を見つけることも大切です。相手の背景を聞き自分の信念を言葉へするほど借り物ではない視野が育ち二人で選べる未来の幅が広がります。対話で変わった考えと変わらなかった考えを記録すると自分の信念を守りながら相手から学べた点も見失いません。その発見を次の問いへつなげてください。,価値観の違う相手と話す時は自分の結論だけでなく影響した経験も伝えてください。相手の背景を質問し理解と同意を分けます。旅や学びを共に計画する場合は目的と費用と役割と一人で過ごす時間まで相談し双方が選べる案を残しましょう。対話後の考えも記録してください。
2026_LEO,7,10,信頼できる協力を社会で担う役割へ育てる,今月は仕事や公の場で一対一の協力と交渉が重要になります。目先の合意だけを急がず目的と役割と責任の範囲を明確にするほど互いの強みを生かせる関係が社会的な信頼へつながります。見直せる合意も大切です。,今月はパートナーシップや交渉や一対一の協力が仕事や社会的な役割と結びつきます。誰と組み何を共に担うかを見直す時です。好印象だけで進めず目的と責任と評価の方法を具体的にすることが今月の中心になります。　共同企画や担当変更を相談したくなったり顧客や協力者へ提案したり公の場で二人の成果を示す機会が増えたりするでしょう。期待が高まるほど範囲を広げすぎやすいため約束できる内容と修正できる内容を分けてください。裏方の貢献も見える形にします。　中盤は自分の強みや必要な条件を堂々と伝え相手の能力も生かしやすくなります。公平な関係を整える流れも加わるため決定権や発表の機会や負担が偏っていないか確認するとよいでしょう。月末には合意を工程と担当と期限へ落とし込みます。　今月の仕事上の信頼は全てを一人で背負うことからは生まれません。違いを調整し問題があれば話し直せる関係が成果を支えます。互いの役割を尊重し合意の経緯を記録するほど協力が一度の企画で終わらず次にも生かせる社会的な力になります。合意した条件を後から確認できる形へ残すと担当変更や状況の変化があっても関係を責めずに調整し直せます。協力が支えた成果も互いに丁寧に評価しましょう。,協力して進める仕事を一つ選び目的と担当と決定権と確認時期を一枚にまとめてください。提案では自分が担える範囲と必要な支援を伝えます。実施後は成果だけでなく相手の貢献と調整に使った時間を記録し次の協力条件へ反映しましょう。変更条件も先に決めておきましょう。
2026_LEO,7,11,仲間との連携を未来へ続く協力に変えていく,今月は友人やコミュニティとの関係を一対一の信頼から整えます。集団の空気に合わせるだけでなく大切な相手と率直に役割や期待を確認するほど仲間全体にも公平で続けやすい協力が広がります。個別の信頼も大切です。,今月はパートナーシップや交渉や一対一の協力が仲間やコミュニティや将来計画と結びつきます。集団の中にある個別の関係を丁寧に整える時です。誰とどの目的で協力するかを明確にし役割を曖昧にしないことが中心になります。　友人と共同企画を始めたくなったり仲間同士の調整役を頼まれたり将来の案を特定の相手と深めたくなったりするでしょう。全員の期待を一人でまとめようとせず決定が必要な人へ返してください。親しさと作業上の責任は分けて考えます。　中盤は協力したい相手へ提案を堂々と伝えやすくなります。公平な関係を整える流れも加わるため連絡や記録や準備の負担が偏っていないか確認するとよいでしょう。月末には続ける企画と終える企画を分け担当と情報の置き場所を決めてください。　今月の仲間関係は全員と同じ距離でいることではありません。信頼できる相手と丁寧に合意を作ることが集団全体の安心にもつながります。個別の対話で得た理解を共有し過ぎず必要な範囲だけ仕組みへ移すほど未来へ続く協力が育ちます。一対一で築いた信頼を集団の同意と混同せず必要な場面で本人へ確認する姿勢が仲間全体の公平さを守ります。信頼できた対応も記録し次の連携へ生かしてください。,仲間と進める企画で信頼して相談したい相手を一人選び目的と役割と連絡方法を確認してください。集団の意見を代弁すると決めつけず必要な決定は本人へ戻します。活動後は個別に得た話の守秘範囲を保ちながら共有すべき手順だけを記録へ残しましょう。次の確認時期も残してください。
2026_LEO,7,12,関係の裏にある思い込みを静かに見つめ直す,今月は親しい関係で無意識に繰り返している我慢や先回りへ気づく時です。相手の気持ちを推測だけで背負わず静かな時間に自分の感情と境界を確かめるほど慈しみと現実的な距離を両立できます。考える時間も守ります。,今月はパートナーシップや交渉や一対一の協力が記憶や無意識や静かな休息の領域と結びつきます。関係の表面だけでなく自分が心の中で担っている役割へ気づく時です。相手の気持ちを先回りして決めず自分の感情を静かに確認することが中心になります。　断りたいのに理由を作り続けたり相手の沈黙を否定と受け取ったり過去の関係と今の相手を重ねたりするかもしれません。浮かんだ不安を事実と決めつけず今確認できることと自分で落ち着かせることを分けてください。すぐに話さない選択もできます。　中盤は胸にしまってきた気持ちを信頼できる相手へ少しずつ伝えやすくなります。関係の釣り合いを整える流れも加わるため全てを説明せず共有できる範囲を選んで構いません。月末には繰り返す反応を記録し次に同じ場面が来た時の返答を一つ準備してください。　今月の優しさは相手の全てを引き受けることではありません。分からないことを分からないまま質問し一人で休む時間を守ることも関係への誠実さです。無意識の我慢を小さく手放すほど慈しみが自己犠牲ではなく互いを尊重する静かな信頼へ変わります。反応が落ち着いた後に本当に伝えたいことを選び直すことで恐れからの返答と今の関係に必要な言葉を分けられます。,関係で繰り返す不安や我慢を一つ選び起きた事実と自分の想像を分けて書いてください。すぐ返事をせず落ち着く時間を取ります。相手へ伝える時は全てを説明しようとせず確認したいことと守りたい範囲を一つずつ言葉にしましょう。落ち着いた後の考えも記録してください。
2026_LEO,8,1,深い変化を受け止め自分の境界を選び直す,今月は共有する責任や親密な関係の変化を通して自分の意思と境界を確かめます。相手へ全てを委ねることも一人で抱えることも避け必要な助けと守りたい範囲を言葉にするほど落ち着いた強さが育ちます。,今月は共有資源や深い感情や変化への向き合い方が生活の前面へ出てきます。相手との結びつきの中で何を差し出し何を自分で守るかを選ぶ時です。親密さと自立を対立させず両方を支える境界を作ることが今月の主題になります。　その動きは表情や身体の緊張や頼み方や断り方に現れます。相手へ弱さを見せたくなったり自分だけで責任を引き受けたくなったりするかもしれません。感情が高まった時ほどすぐ決定せず今確認できる事実と想像を分けてください。　中盤は胸の内に置いてきた希望や不安を以前より率直に伝えやすくなります。関係の釣り合いを整える流れも加わるため助ける側と助けられる側が固定されていないか確認するとよいでしょう。月末には合意や担当を具体化し見直せる時期も決めてください。　今月の強さは何も頼らず耐えることではありません。必要な支援を選び無理なものを断れることも自分を守る力です。相手との結びつきに飲み込まれず変化の中で選択を重ねるほど以前より深く自分を信頼できるようになります。決めた後に身体が緩んだか無理に強く見せていなかったかを振り返ると自分に合う境界が分かり次の深い相談でも落ち着いて選び直せます。選べた経験も自分の力として覚えておきましょう。,重く感じる責任を一つ選び自分が担う部分と相手へ確認する部分と今は決めない部分へ分けてください。感情が強い時は返事を保留し身体が落ち着いてから話します。助けを頼む時は必要な内容と期限を具体的に伝え守りたい範囲も同時に示しましょう。決定後の安心も記録してください。
2026_LEO,8,2,自分と共有の資源を分け安心できる基盤へ,今月は自分のお金や持ち物と共有する費用や責任の境界を見直します。好意や不安だけで負担を引き受けず名義と用途と上限を確認するほど自分の価値を守りながら現実的に支え合える基盤が整います。,今月は共有資源や深い感情や変化への向き合い方がお金や持ち物や自分の価値基準と結びつきます。自分の資源と誰かと分かち合う資源を整理する時です。金額だけでなく時間や手間や判断の負担も含めて境界を作ることが中心になります。　共有費用や立替や契約を確認したくなったり受け取った援助への気持ちを整理したくなったりするでしょう。不安を急いで埋めるために大きな決定をせず名義と用途と期限を一つずつ確認してください。好意を受け取る時にも条件を尋ねて構いません。　中盤は自分が差し出せる範囲と必要な条件を以前より明確に話しやすくなります。公平な関係を整える流れも加わるため費用だけでなく管理や連絡の手間も分担に含めるとよいでしょう。月末には記録をまとめ定期的に見直す仕組みへ移してください。　今月の安定は全てを自分で所有することではありません。共有しても自分の選択が残り困った時に話し直せることが安心になります。自分の価値を低く扱わず相手の事情も確かめながら資源を整えるほど依存ではない支え合いが育ちます。共有した後の安心と負担を記録し条件を直せる余地を残すことで資源の結びつきが支配ではなく互いの選択を守る仕組みになります。,自分だけで使う資源と共有している費用や物を一覧にし名義と用途と管理者を確認してください。立替や援助は返し方と期限と変更条件を言葉にします。話し合いの後は自分の安心と負担を記録し見直す時期を決めて曖昧な約束を増やさないようにしましょう。自分の余力も守ります。
2026_LEO,8,3,言いにくい話題を丁寧な対話へ変えていく,今月は共有資源や深い感情について避けてきた話題を言葉にします。一度に全てを明かすのではなく事実と気持ちと希望を分け確認と休止を重ねるほど重い内容も関係を閉じずに扱えるようになります。,今月は共有資源や深い感情や変化への向き合い方が会話や連絡や情報整理と結びつきます。言いにくい内容を黙ったまま抱えず扱える大きさへ分ける時です。結論より安全に話せる順序と確認方法を作ることが今月の中心になります。　費用や秘密や過去の約束について話したくなったり大切な資料を整理したり相手の真意を確かめたくなったりするでしょう。短い連絡だけで重い判断を進めず事実の確認と感情の共有を分けてください。相手が考える時間も尊重します。　中盤は避けていた質問を率直に伝えやすくなり誤解を修正する機会が生まれます。関係の釣り合いを整える流れも加わるため話す人と聞く人が固定されていないか確認するとよいでしょう。月末には決まった内容と保留した内容を記録し次の確認時期を決めてください。　今月の対話は全てを明らかにするためではありません。共有してよい範囲を互いに選べることが信頼を守ります。言い直しや休止を認めながら一つずつ確認するほど重い話題が関係を支配せず理解と具体的な行動へ変わります。話した内容だけでなく話せなかった理由も静かに記録すると次に必要な準備や安心して相談できる条件を具体的に見つけられます。次の対話へ戻れる言葉も残してください。,話しにくい内容は事実と自分の受け取り方と確認したいことへ分けてメモしてください。落ち着ける時間を選び一度に一件だけ扱います。会話の途中で休む合図と次に確認する時期を決め共有してよい範囲も相手と確かめましょう。会話後の休息も確保してください。
2026_LEO,8,4,家族から受け継いだ責任を今の暮らしへ整える,今月は家族や住まいに関わる共有資源と過去から続く役割を見直します。昔からの約束をそのまま背負わず現在の人数と体力と希望に合う分担へ整えるほど家の記憶を大切にしながら安心を作れます。,今月は共有資源や深い感情や変化への向き合い方が住まいや家族や心の居場所と結びつきます。過去から受け継いだ責任や物や感情を今の暮らしに合う形へ見直す時です。残すものと終えるものを自分たちで選ぶことが中心になります。　家族の費用や保管物や手続きを確認したくなったり昔の役割分担へ違和感を覚えたり思い出の品に強く心が動いたりするでしょう。懐かしさや罪悪感だけで判断せず現在の管理能力と置く場所を確かめてください。一度に整理しない余地も必要です。　中盤は家族へ負担や希望を以前より率直に伝えやすくなります。公平な関係を整える流れも加わるため名義や連絡や手配の役割が一人へ偏っていないか見直すとよいでしょう。月末には必要な資料と連絡先をまとめ保留する内容には次に確認する時期をつけてください。　今月の継承は過去と同じ形を守ることではありません。大切な意味を残しながら現在に合う方法へ変えて構いません。家族の歴史と個人の境界を両方尊重するほど受け継いだものが重荷ではなく安心を支える知恵へ変わります。役割を変えたことで家族それぞれの時間と安心がどう変わったかを確かめると受け継ぐ意味を残した新しい形へ調整できます。,家族に関わる費用と資料と保管物を一つずつ確認し現在の担当と必要な手続きを書いてください。思い出の品は残す理由と置く場所を決めます。話し合いでは過去の不満だけでなく今の体力と時間を共有し保留箱と次の確認時期も用意しましょう。一度に終えようとしません。
2026_LEO,8,5,強い感情を創作と喜びへ安全に変えていく,今月は言葉になりにくい情熱や不安を創作や遊びや親密な時間を通して表現します。刺激の強さだけを追わず自分と相手の同意と境界を確かめるほど深い感情が喜びと理解を育てる力へ変わります。止められる余地も大切です。,今月は共有資源や深い感情や変化への向き合い方が創作や遊びや恋愛と結びつきます。強い思いを抱えたままにせず安全な表現へ移す時です。感情の深さを証明するのではなく形にすることで距離を持つことが中心になります。　秘密のテーマを作品へしたくなったり恋愛で強い引力を感じたり共同制作へ資源を注ぎたくなったりするでしょう。気持ちが高まるほど相手の同意や作品の公開範囲を丁寧に確認してください。全てを見せることだけが誠実さではありません。　中盤は胸の内にあった情熱を堂々と表現しやすくなり相手との対話から作品や関係を深められます。公平な関係を整える流れも加わるため費用や権利や発表の機会を曖昧にしないことが大切です。月末には素材と約束を整理し続ける形を選んでください。　今月の喜びは強い刺激だけにあるのではありません。安心して止められ後から感想を話せることも親密さの一部です。境界を守りながら感情へ形を与えるほど情熱が相手を縛る力ではなく創造と信頼を育てるエネルギーになります。表現した後に気持ちが軽くなったか境界が守られたかを振り返ることで自分と相手に合う情熱の扱い方を少しずつ理解できます。安心して楽しめた理由も記録しましょう。,強い感情を色や音や短い文章で表し公開せず自分で眺める時間を作ってください。相手と共有する時は見せる範囲と求める反応を伝えます。共同制作では費用と権利と役割を先に確認し気持ちが高ぶった時に決定を持ち越せる余地も残しましょう。相手の選択も尊重してください。
2026_LEO,8,6,見えない負担を分け日々の役割を立て直す,今月は仕事や家事の裏で抱えている共有責任や感情的な負担を見直します。誰かの気持ちを先回りして調整せず用事を記録と分担へ移すほど日常の役割と自分をいたわる時間を両立できます。休む判断も大切です。,今月は共有資源や深い感情や変化への向き合い方が仕事や家事や健康管理と結びつきます。表から見えにくい責任を誰が担っているかを確認する時です。一人の記憶や善意へ依存しない日常の仕組みを作ることが中心になります。　共有費用の管理や家族の手続きや職場での調整を引き受けていることに気づくかもしれません。相手の反応を先回りして準備することも見えない仕事になります。体調は断定せず負担が強い時間帯と休めた条件を記録してください。　中盤は必要な支援や負担の限界を以前よりはっきり伝えやすくなります。関係の釣り合いを整える流れも加わるため気づく役と確認する役と実行する役を分けるとよいでしょう。月末には資料や連絡先を整理し誰でも確認できる手順へ移してください。　今月の立て直しは全てを効率化することではありません。判断を保留し助けを求める時間も仕組みへ含めることが大切です。見えない負担を言葉へし一人で抱えない選択を重ねるほど日常の役割と深い安心が支え合います。仕組みを変えた後の負担と休息を確認すると見えない仕事が本当に減ったかを判断でき無理のある役割を再び抱えずに済みます。助けを受け取れた場面も記録し次の分担へ生かしてください。,共有する仕事や家事を一覧にし気づく人と判断する人と実行する人を確認してください。頭の中だけで管理している内容は記録へ移します。負担が強い日は保留できる作業を一つ決め必要な助けと期限を具体的に伝えて休息も予定へ入れましょう。体調の変化も静かに記録してください。
2026_LEO,8,7,二人の深い信頼を境界と合意から育てる,今月は親しい相手との共有責任や深い感情を丁寧に扱います。愛情を証明するために全てを一つにせず個人の裁量と互いに支える範囲を言葉にするほど親密さが依存ではなく確かな信頼へ育ちます。見直せる合意も大切です。,今月は共有資源や深い感情や変化への向き合い方がパートナーシップや一対一の関係と強く結びつきます。近しい相手と何を共有しどこからは個人で守るかを見直す時です。深さと自由を両立する合意を作ることが中心になります。　費用や秘密や将来の責任について話したくなったり相手へ頼ることへの迷いが出たり過去の約束を見直したくなったりするでしょう。沈黙を同意とせず一度に全てを決めないでください。気持ちが落ち着いてから話し直せる余地が必要です。　中盤は避けてきた相談へ向き合う勇気が高まり互いの希望と境界を率直に伝えやすくなります。公平な関係を整える流れも加わるため負担や決定権が偏っていないか確認するとよいでしょう。月末には合意を具体的な担当と確認時期へ移します。　今月の信頼は秘密をなくすことや責任を同じ量にすることだけではありません。分からないことを質問し断られても相手を尊重できることが支えになります。小さな約束を実行し見直す経験を重ねるほど二人の結びつきが安心して選び続けられる関係になります。相談の後に安心できた点とまだ迷う点を言葉にすると一度の合意へ縛られず現在の二人に合う形へ調整し続けられます。見直せることも二人の信頼になります。,二人で共有している責任を一つ選び担当と期限と確認方法を話してください。感情が強い内容は事実の確認と希望の相談を分けます。開示しない範囲も互いに尊重し合意は一定期間試した後で安心と負担の両方を振り返りましょう。考える時間も互いに守りましょう。
2026_LEO,8,8,共有と手放しを通して深い安心を作り直す,今月は共有資源や親密さや過去から続く責任を根本から見直します。失う不安だけで古い形を守らず今の自分たちに必要な結びつきと終えてよい役割を選ぶほど変化の中にも静かな安心が生まれます。,今月は共有資源や深い感情や変化への向き合い方そのものが大きく動きます。長く曖昧にしてきた責任や約束を現在に合う形へ見直す時です。残したい結びつきと終えてよい役割を自分の意思で選ぶことが今月の中心になります。　共有費用や契約や保管物を整理したくなったり深い感情を誰かへ話したくなったり以前の関係から持ち越した負担へ気づいたりするでしょう。変化を急いで完成させず今確認できる事実から扱ってください。手放さないと決める選択にも理由が必要です。　中盤は避けてきた決定へ向き合う力が高まり自分の希望を堂々と示しやすくなります。関係の釣り合いを整える流れも加わるため誰が決め誰が負担しているかを見直すとよいでしょう。月末には資料と合意を整理し見直せる仕組みへ変えてください。　今月の変化は全てを断ち切ることではありません。大切な意味を残しながら負担の形だけを変えることもできます。恐れから握り続けるものと信頼から選ぶものを分けるほど手放しが空白ではなく新しい安心を迎える余地になります。手放した後に生まれた時間や感情の変化を記録すると失ったものだけでなく新しく選べるようになった可能性にも気づけます。空いた余白の使い方も自分で選んでください。,長く曖昧にしている責任や約束を一つ選び現在の事実と残したい意味と変えたい形を書いてください。大きな決定は段階へ分けます。必要な相手と担当と期限を確認し終えるものには記録を残し保留するものには次の確認時期をつけましょう。変化後の安心も記録してください。
2026_LEO,8,9,深い経験を学びへ変え世界観を更新していく,今月は共有や喪失への不安や親密な経験を学びと広い視点から見直します。一つの解釈へ閉じず異なる知識や文化に触れるほど重い体験から意味を選び直し自分の信念を深められます。問いを残す姿勢も大切です。,今月は共有資源や深い感情や変化への向き合い方が学びや旅や信念のテーマと結びつきます。強い経験を一つの物語だけで決めず別の視点から読み直す時です。知識を使って感情を消すのではなく理解の幅を広げることが中心になります。　心理や制度や文化について学びたくなったり遠い土地の価値観へ触れたり過去の出来事の意味を考え直したりするでしょう。自分の経験を普遍的な正解とせず信頼できる情報と個人の感想を分けてください。難しい内容は一度に理解しなくて構いません。　中盤は学んだことや自分の考えを率直に語りやすくなり対話から新しい意味を見つけられます。公平な関係を整える流れも加わるため教える側と学ぶ側を固定せず相手の背景も尊重するとよいでしょう。月末には役立った知識を記録し日常で試せる一歩へ変えてください。　今月の成長は過去をきれいに説明することではありません。理解できない部分を残しながら今選べる態度を見つけることも知恵です。深い経験へ複数の視点を持つほど恐れだけに支配されず自分で意味と未来の方向を選び直せます。学んだ視点を誰かへ説明すると自分の経験へ当てはめ過ぎた部分も見え残したい問いと手放せる解釈を分けられます。,深く考えたい経験について事実と自分の解釈と今も分からない点を書き分けてください。信頼できる資料を一つ読み自分の状況へそのまま当てはめず考えます。対話後に変わった視点と残った問いを記録し日常で試す行動を一つ選びましょう。急いで意味を決めないでください。
2026_LEO,8,10,共有する力と責任を社会の信頼へつなげる,今月は仕事や公の役割で扱う共有資源と決定権を見直します。権限や情報を一部へ集中させず目的と責任と確認方法を明確にするほど深い協力を現実的な信頼として育てられます。修正できる仕組みも必要です。,今月は共有資源や深い感情や変化への向き合い方が仕事や社会的な役割と結びつきます。共同で扱う情報や費用や決定権を見直す時です。責任の範囲と確認方法を明確にし一人へ力を集中させないことが中心になります。　重要な資料を引き継いだり共同予算や企画を管理したり組織の変化へ関わったりするでしょう。期待が大きいほど全てを知っているように振る舞いたくなりますが分からない点は確認してください。非公開情報は必要な範囲だけで扱う配慮も大切です。　中盤は自分の判断と必要な支援を堂々と伝えやすくなります。関係の釣り合いを整える流れも加わるため決定する人と実行する人と説明する人が偏っていないか見直すとよいでしょう。月末には合意を工程と担当と期限へ落とし込み記録を整えてください。　今月の社会的な力は多くを支配することではありません。重要な内容を適切に共有し問題があれば修正できる仕組みを作ることが信頼になります。権限と責任を同じ場所へ戻すほど深い協力が個人の負担を超えて持続可能な役割へ育ちます。決定の経緯と修正できる条件を共有すると状況が変わった時にも責任を押しつけ合わず組織として落ち着いて判断し直せます。仕組みが支えた成果も評価してください。,共同で扱う情報や費用を一つ選び目的と閲覧範囲と決定者と確認時期を整理してください。分からない点は推測せず担当へ確認します。実施後は成果だけでなく判断の経緯と変更点を記録し次の担当者が安全に引き継げる形へ整えましょう。変更条件も共有してください。
2026_LEO,8,11,仲間と共有する資源を未来の協力へ生かす,今月は仲間やコミュニティで分かち合う費用や情報や役割を見直します。善意や勢いへ頼らず目的と管理方法と退出できる条件を整えるほど個人の自由を守りながら未来へ続く協力が育ちます。退出できる余地も守ります。,今月は共有資源や深い感情や変化への向き合い方が仲間やコミュニティや将来計画と結びつきます。集団で何を共有し誰が管理するかを確認する時です。参加する人の自由と共同の責任を両立する仕組みを作ることが中心になります。　共同費用や資料庫を整えたくなったり仲間の悩みを深く聞いたり将来の企画へ資源を持ち寄りたくなったりするでしょう。熱意が高い時ほど役割と終了条件を曖昧にしやすいため参加しない選択や途中で抜ける方法も確認してください。　中盤は共有したい案や必要な条件を仲間へ堂々と提案しやすくなります。公平な関係を整える流れも加わるため管理や記録の仕事が一人へ偏っていないか見直すとよいでしょう。月末には続ける企画と終える企画を分け情報と残金の扱いを整理してください。　今月の共同体は全てを共有するほど強くなるわけではありません。個人の事情を守り必要な範囲だけを持ち寄れることが安心につながります。透明な管理と断れる余地を保つほど共有資源が人を縛らず未来を支える協力へ変わります。共有へ参加した人の安心と負担を後から確認すると見えにくかった偏りに気づき次の企画をより自由で公平な形へ整えられます。断れた経験も共同体の安心へつながります。,仲間と共有している費用や情報を一つ選び目的と管理者と確認方法を整理してください。参加と退出の条件も言葉にします。活動後は残った資源と記録の保管場所を共有し管理の負担が偏っていないか確認して次の担当へ引き継ぎましょう。参加者の負担も確認してください。
2026_LEO,8,12,心の奥に残る負担を静かに手放していく,今月は言葉にならない不安や過去から抱えてきた責任を静かな時間に見つめます。全てを理解してから進もうとせず今の自分が終えてよい役割と助けを求める部分を選ぶほど内側に新しい余白が戻ります。,今月は共有資源や深い感情や変化への向き合い方が記憶や無意識や静かな休息の領域と結びつきます。人に見えないまま抱えてきた責任や恐れへ気づく時です。答えを急がず自分の中で終えてよい役割を選ぶことが中心になります。　過去の約束を思い出したり誰かの感情を背負っている感覚が強まったり眠る前に不安が浮かんだりするかもしれません。浮かんだ内容を事実と決めつけず今確認できることと静かに保留することを分けてください。一人で扱えない内容は助けを選べます。　中盤は胸にしまってきた負担を信頼できる相手へ少しずつ伝えやすくなります。関係の釣り合いを整える流れも加わるため全てを説明せず共有できる範囲だけを選んで構いません。月末には古い記録や物を少量ずつ整理し保留箱と見直す時期を用意してください。　今月の手放しは記憶を消すことではありません。経験から必要な知恵を残し自分が担わなくてよい責任を戻すことです。静かな休息と助けを受け取る選択を重ねるほど内側の緊張がゆるみ次に使える力と余白が戻ってきます。休んだ後に残った感情と軽くなった部分を記録すると自分が抱えるべき課題と相手へ返してよい責任を見分けやすくなります。静けさの中で選び直してください。,心に残っている責任を一つ選び今確認できる事実と自分の想像と終えてよい役割を書き分けてください。通知を止め考えない時間も取ります。信頼できる相手へ話す場合は聞いてほしい範囲を伝え整理は少量ずつ進め保留できる箱も用意しましょう。助けを受け取る余地も残してください。
2026_LEO,9,1,新しい世界へ踏み出し自分の視野を広げる,今月は学びや旅や異なる価値観との出会いを通して自分の可能性を確かめます。正解へ合わせるより実際に見聞きして身体がどう反応したかを大切にするほど借り物ではない考えと自分らしい挑戦が育ちます。,今月は学びや旅や信念や広い視野が生活の前面へ出てきます。慣れた役割から少し離れ新しい世界へ自分の足で近づく時です。知識を身につけるだけでなく体験を通して何を選びたいかを確かめることが主題になります。　その動きは服装や話し方や移動範囲や人前での振る舞いに現れます。新しい分野を学び始めたくなったり旅先で別の自分を試したくなったりするでしょう。刺激を求めて予定を広げすぎず身体の疲れと理解が追いつく時間を確保してください。　中盤は学んだことや将来の希望を以前より堂々と語りやすくなります。人との釣り合いを整える流れも加わるため自分の考えを示しながら異なる背景を持つ相手の話も聞くとよいでしょう。月末には広がった関心から続けたいテーマを一つ選び具体的な手順へ移します。　今月の成長は別人になることではありません。新しい経験を通して今まで気づかなかった自分の反応を知ることです。挑戦した後に何が心地よく何が無理だったかを振り返るほど視野の広がりが自分を見失う動きではなく確かな自己理解へつながります。体験前に想像していた自分と実際に動いた自分の違いを記録すると挑戦に必要な準備と安心して広げられる範囲が見え次の一歩を自分の意思で選びやすくなります。,興味のある分野や場所を一つ選び今月試せる小さな体験を計画してください。実行前に費用と移動と休息を確認します。体験後は心が動いた点と違和感を覚えた点を書き出し人の評価より自分の感覚を基準に次へ続けるかを決めましょう。予定を詰めず余韻を味わう時間も残してください。
2026_LEO,9,2,学びへ使う資源を選び価値観を深めていく,今月は学びや旅へ使うお金と時間を見直し本当に育てたい知識へ資源を向けます。肩書きや流行だけで決めず日常で使えるか心が動くかを確かめるほど自分にとっての豊かさと価値基準が明確になります。,今月は学びや旅や信念や広い視野がお金や持ち物や自分の価値基準と結びつきます。知識や体験へ何を投じるかを選ぶ時です。多く集めるより自分の暮らしへ返ってくる学びへ資源を向けることが今月の中心になります。　講座や書籍や旅へ費用を使いたくなったり技能の価値を見直したり異なる文化の道具へ惹かれたりするでしょう。勢いで大きな契約をせず試せる範囲と総額を確認してください。無料の情報でも読む時間や整理する手間は資源として数えます。　中盤は学んだことや自分の価値基準を堂々と説明しやすくなります。公平な関係を整える流れも加わるため知識を提供する人の労力と自分の予算を両方尊重するとよいでしょう。月末には費用と得られた効果を振り返り続けたいテーマへ資源を絞ってください。　今月の豊かさは高価な学びを選ぶことではありません。必要な時に使える知識と経験が手元へ残ることが価値になります。投じた資源と日常の変化を記録するほど見栄や不安から選ぶ量が減り自分に合う学びを長く育てられます。学びを使ったことで判断や作業がどう変わったかを記録すると価格や量だけでは見えない価値が分かり次に投じる資源を落ち着いて選べます。選び方にも自信が育ちます。,学びや旅へ使っている費用と時間を一覧にし日常で役立ったものへ印をつけてください。新しい申込みは目的と総額と試せる範囲を確認します。学んだ内容を一週間以内に小さく使い満足と負担を記録して次に資源を向ける基準を整えましょう。使わない選択も含めて見直してください。
2026_LEO,9,3,学んだ世界を自分の言葉で身近に伝える,今月は新しい知識や旅の体験を会話や文章へ変えることで理解を深めます。受け売りの言葉を並べず自分が驚いた点とまだ分からない点を示すほど聞き手と共に考えられる生きた学びになります。訂正できる余地も大切です。,今月は学びや旅や信念や広い視野が会話や文章や情報整理と結びつきます。知ったことを自分の言葉へ直し身近な人と共有する時です。正しさを示すより問いを開く伝え方を育てることが今月の中心になります。　読んだ内容を要約したくなったり旅の記録を発信したくなったり新しい言語や表現方法へ挑戦したくなったりするでしょう。情報をすぐ広めず出所と自分の解釈を分けてください。専門用語は聞き手が参加できる言葉へ置き換えることも大切です。　中盤は自分の考えを堂々と発表しやすくなり質問から理解を深められます。人との釣り合いを整える流れも加わるため一方的に教えるのではなく相手の経験も聞くとよいでしょう。月末には散らばったメモを分類し一つの文章や発表へまとめてください。　今月の伝える力は全てを知っているように見せることではありません。分からない点を残し後から修正できることも信頼になります。学びの過程を自分の言葉で示すほど知識が人を遠ざける壁ではなく対話と次の発見を生む橋になります。聞き手がどこに驚き何を質問したかを振り返ると自分の理解が曖昧な部分と伝わりやすい表現が見え次の学びと発信を共に深められます。対話の記録も残ります。,学んだ内容から重要な点を三つ選び自分の体験と資料の情報を分けて短くまとめてください。人へ話す時は結論だけでなく残っている問いも示します。反応を受けた後は伝わった点と補う説明を記録し出所を確認してから次の発信へ進みましょう。聞き手の質問も次の学びへ残しましょう。
2026_LEO,9,4,自分のルーツを学び未来へ持つ意味を選ぶ,今月は家族や故郷から受け取った考えを広い視点から見直します。過去を否定するのでもそのまま守るのでもなく異なる文化や知識と照らし合わせるほど自分が未来へ持っていきたい価値を選べます。,今月は学びや旅や信念や広い視野が住まいや家族や心の居場所と結びつきます。育った環境から受け取った常識を今の自分の視点で読み直す時です。受け継ぐ意味と変えてよい形を分けることが今月の中心になります。　家族の歴史を調べたくなったり故郷と異なる文化へ関心を持ったり家で学ぶ場所を整えたくなったりするでしょう。新しい考えを家族へ急いで理解させようとせずまず自分の経験とどう結びつくかを確かめてください。違いは過去への否定ではありません。　中盤は将来の希望や学びたいことを家族へ率直に話しやすくなります。公平な関係を整える流れも加わるため留守や費用や役割への影響を具体的に相談するとよいでしょう。月末には資料と予定を整理し家から続けられる学びの手順を作ってください。　今月の土台は昔と同じ考えを守ることだけから生まれません。ルーツを知り何を残し何を選び直すかを自分で決めることが安心になります。帰る場所と広い世界をつなぐほど学びが自分を引き裂くものではなく未来へ進む支えになります。学びによって家族への見方が変わった点と変わらず大切にしたい点を記録すると過去と未来を対立させず自分に合う形でつなげられます。安心も深まります。,家族や故郷から受け継いだ考えを一つ選び今も役立つ点と見直したい点を書き分けてください。関連する資料や年長者の話も確認します。学びや旅を計画する時は家の予定と費用と帰宅後の休息まで相談し無理なく続く形へ整えましょう。家族が考える時間も尊重してください。
2026_LEO,9,5,冒険する心を創作と遊びへ大きく広げる,今月は旅や学びや異文化との出会いが創造性を刺激します。得た知識を正しく再現するだけでなく心が動いた理由を作品や遊びへ変えるほど自分ならではの世界観と表現する喜びが育ちます。敬意ある確認も創作を支えます。,今月は学びや旅や信念や広い視野が創作や遊びや恋愛と結びつきます。未知の世界から受けた刺激を自分なりの表現へ変える時です。正解をまねるより心が動いた理由を作品や体験へ移すことが中心になります。　異文化の物語や技法に惹かれたり旅の記憶を作品へしたくなったり好奇心を共有できる相手と出会いたくなったりするでしょう。刺激的な予定を詰めすぎず余韻を味わう時間を残してください。文化的な背景や引用の扱いも丁寧に確認します。　中盤は作品や好意や冒険の計画を堂々と示しやすくなります。人との釣り合いを整える流れも加わるため自分の楽しさだけでなく相手の選択と安全な範囲を尊重するとよいでしょう。月末には素材を整理し完成させたい案を一つ選んでください。　今月の冒険は遠くへ行くことだけではありません。知らない物語を読み新しい方法で作ることも視野を広げます。刺激を自分の言葉と形へ変えるほど学びが借り物の装飾ではなく心から楽しめる創造の源になります。表現した後に元の文化への理解が深まったか自分の体験を混同していないかを振り返ることで敬意と独創性を両方守りながら次の作品を育てられます。次の試作へ戻る具体的な道筋も見つかります。,心が動いた文化や旅の体験を一つ選び背景を調べた上で短い作品や遊びへ変えてください。引用や共有の範囲を確認します。人と楽しむ時は費用と移動と休息を相談し体験後に驚いた点と次に深めたい問いを記録しましょう。体験の余韻を味わう時間も確保してください。
2026_LEO,9,6,広い学びを毎日の実践と仕事へつなげる,今月は新しい知識や方法を仕事や家事や健康管理へ小さく試します。理想的な手順を一度に取り入れず目的と期間と確認する点を決めるほど学びが日常を支える使いやすい知恵へ変わります。小さく試す姿勢が助けになります。,今月は学びや旅や信念や広い視野が仕事や家事や健康管理と結びつきます。得た知識を日常で使える形へ落とし込む時です。理想と現実の間に小さな実験を置き自分に合う方法を確かめることが中心になります。　資格や専門分野を学びたくなったり異なる文化の生活習慣を試したくなったり旅の準備を細かく整えたくなったりするでしょう。新しい方法を一度に増やさず目的と期間を一つへ絞ってください。体調は断定せず記録から変化を見ます。　中盤は学んだ内容や改善案を周囲へ説明しやすくなり教える経験から理解を深められます。公平な関係を整える流れも加わるため自分の方法を唯一の正解として押しつけないようにしましょう。月末には役立った知識を手順やメモへまとめます。　今月の成長は知識量を増やすことだけではありません。試した結果から方法を変えられる柔軟さも知恵です。学びを暮らしの具体的な改善へつなぐほど遠い理想が現在の役割を支える現実的な力へ変わります。試した前後の時間と負担を記録し周囲の方法とも比べることで理想だけでは見えなかった条件が分かり自分の生活へ無理なく残す知恵になります。そこで得た気づきを手順として残せば周囲とも共有しやすくなります。,学んでいる内容から今週試せる方法を一つ選び目的と期間と確認する点を書いてください。実行後は期待と違った点も記録します。人へ伝える時は出所と自分の経験を分け予定には準備と回復の時間まで入れて続けられる形を確かめましょう。合わない方法は外して構いません。
2026_LEO,9,7,異なる世界観を持つ相手と未来を話し合う,今月は親しい相手との価値観や将来像の違いを学びへ変えます。同じ結論を急ぐより背景と経験を聞き互いに譲れない点と試せる案を分けるほど違いを残したまま協力できる関係が育ちます。違いを残す余地も大切です。,今月は学びや旅や信念や広い視野がパートナーシップや一対一の関係と結びつきます。異なる世界観を持つ相手との対話から自分の考えを深める時です。同じ結論へそろえるより共に選べる範囲を見つけることが中心になります。　旅や進学や将来の暮らし方について話したくなったり相手の文化や信念へ関心を持ったり価値観の違いが表面化したりするでしょう。自分の経験を普遍的な正解として語らず相手がそう考える背景を聞いてください。理解と同意は分けられます。　中盤は自分の希望を堂々と伝え相手の展望も聞きやすくなります。関係の釣り合いを整える流れも加わるため費用や時間や移動の負担を具体的に相談するとよいでしょう。月末には理想を試せる小さな予定へ落とし込みます。　今月の関係は同じ世界を見ることだけでは強まりません。違う景色を見た後に互いの話を聞けることも信頼です。譲れない信念と調整できる方法を分けるほど二人の違いが対立ではなく未来の選択肢を増やす力になります。対話の後に変わった考えと残った違いを双方で確認すると説得の成否ではなく理解が広がった点を見つけられ次の将来相談にも生かせます。次に話す時の共通の出発点も穏やかに整います。,相手と将来について話す前に自分の希望と影響した経験と譲れる方法を書いてください。相手の背景を質問し理解と同意を分けます。旅や学びを共に計画する時は費用と役割と一人の時間も相談し一定期間だけ試せる案を作りましょう。対話後に残った違いも記録してください。
2026_LEO,9,8,深い経験を知恵へ変え共有する意味を探す,今月は親密さや共有責任の中で得た深い経験を学び直します。一つの解釈で全てを説明せず制度や文化や他者の視点にも触れるほど重い感情から必要な知恵を選び未来へ持つ意味を見つけられます。問いを残す姿勢も大切です。,今月は学びや旅や信念や広い視野が共有資源や深い感情や変化への向き合い方と結びつきます。強い経験を別の視点から読み直す時です。知識で感情を押さえ込まず理解の選択肢を増やすことが今月の中心になります。　心理や制度や文化について調べたくなったり過去の結びつきの意味を考えたり誰かの深い経験を聞いたりするでしょう。自分の体験を一般的な正解とせず信頼できる情報と個人の感想を分けてください。共有された話の守秘範囲も尊重します。　中盤は学んだことや変わってきた考えを率直に話しやすくなります。公平な関係を整える流れも加わるため教える側と受け取る側を固定せず互いの背景を聞くとよいでしょう。月末には役立った知識と残った問いを記録してください。　今月の知恵は過去をきれいに説明することではありません。分からない部分を残しながら今選べる態度を見つけることも成長です。深い経験へ複数の視点を持つほど恐れだけに支配されず共有する意味と守る境界を自分で選べます。学んだ視点で気持ちが軽くなった部分とまだ言葉にならない部分を分けると一つの説明へ自分を閉じ込めず必要な境界を保ったまま探究を続けられます。問いの深まり自体も記録できます。,深く考えたい経験について事実と自分の解釈と今も分からない点を書き分けてください。信頼できる資料を一つ読みそのまま当てはめず考えます。人の話を扱う時は守秘範囲を確認し変わった視点と残った問いを記録しましょう。考えた後の休息も確保してください。
2026_LEO,9,9,広い世界を探究し自分の信念を育て直す,今月は学びや旅や信念のテーマが大きく広がります。答えを得ることだけを急がず異なる文化や考えに触れて問いを更新するほど借り物ではない世界観と長く探究したい方向が見えてきます。問いを育てる時間も守ります。,今月は学びや旅や信念や広い視野そのものが生活の中心へ出てきます。慣れた考えの外へ進み世界の見方を更新する時です。多く知ることより自分が長く向き合いたい問いを見つけることが今月の中心になります。　新しい専門分野を学び始めたり遠い場所へ足を運びたくなったり自分の考えを発表したくなったりするでしょう。刺激を求めて予定を増やしすぎず体験を振り返る時間を確保してください。異なる文化へ触れる時は背景への敬意も必要です。　中盤は自分の信念や将来像を堂々と語りやすくなり対話から新しい視点を得られます。人との釣り合いを整える流れも加わるため自分の結論を示しながら相手の問いも聞くとよいでしょう。月末には広がった関心を分類し続けるテーマを一つ選びます。　今月の探究は一度の答えで終わりません。学んだことで以前の考えを修正できることも知性の強さです。分からないことを抱えたまま進み体験と知識を往復するほど自分の信念が閉じた正しさではなく世界へ開かれた軸になります。学びの途中で生まれた新しい問いと以前の考えを修正した理由を記録すると探究の道筋が見え答えが出ない時にも自分の成長を確かめられます。迷った時に戻れる記録にもなります。,今月深めたい問いを一つ書き信頼できる資料と実際の体験を一つずつ選んでください。学んだ後は最初の考えから変わった点を記録します。旅や発表を計画する時は費用と準備と休息を含め予定を整え問いを急いで閉じないようにしましょう。余韻を味わう時間も残してください。
2026_LEO,9,10,学びと発信を社会で担う役割へ育てていく,今月は専門知識や広い視野を仕事や公の役割で生かします。知っていることを誇示するより目的と受け手に合わせて説明し実行手順まで整えるほど学びが社会へ届く信頼ある力になります。修正できる説明も信頼を支えます。,今月は学びや旅や信念や広い視野が仕事や社会的な役割と結びつきます。専門知識や経験を公の場でどう生かすかを考える時です。知識を並べるより受け手が使える形へ伝えることが今月の中心になります。　研修や発表を任されたり新しい分野を仕事へ取り入れたくなったり遠方の相手と協力する機会が増えたりするでしょう。期待が高まるほど分からない点を隠したくなりますが確認できる範囲を明確にしてください。出所と自分の判断も分けます。　中盤は自分の知識と展望を堂々と示し周囲の反応から内容を磨けます。公平な関係を整える流れも加わるため学びを支えた人や協力者の貢献も見える形にするとよいでしょう。月末には説明資料と実行手順を整理し再利用できる形へ残してください。　今月の評価は難しい言葉を使うことではありません。複雑な内容を目的に合わせて伝え修正できることが信頼になります。学びと実務をつなぎ続けるほど広い視野が一時の印象ではなく社会で担える役割として育ちます。受け手が実際に使えた点と追加で必要だった説明を振り返ると専門性を難しさで示さず社会の判断を助ける形へさらに磨くことができます。説明を改善する次の着眼点も具体的に見つかります。,仕事へ生かしたい知識を一つ選び目的と受け手と根拠と次の行動を一枚にまとめてください。分からない点は推測せず確認します。発表後は伝わった内容と質問と修正点を記録し協力者の貢献も含め次に使える資料へ整えましょう。受け手の使い方も後から確認してください。
2026_LEO,9,11,仲間との学びから未来の可能性を広げていく,今月は仲間やコミュニティとの知識交換から新しい将来像が広がります。同じ考えへそろえるより異なる経験と問いを持ち寄るほど一人では見えなかった選択肢と共に学び続ける関係が育ちます。違いから生まれる問いも大切です。,今月は学びや旅や信念や広い視野が仲間やコミュニティや将来計画と結びつきます。異なる経験を持つ人との交流から未来の選択肢を増やす時です。知識を一方的に教えるのではなく問いと体験を持ち寄ることが中心になります。　読書会や勉強会へ参加したくなったり遠方の仲間と交流したり共同で将来の計画を考えたくなったりするでしょう。人数が増えるほど発言や情報が偏りやすいため参加方法と記録の場所を確認してください。知らないことを認められる場を守ることも大切です。　中盤は自分の考えや企画を仲間へ堂々と提案しやすくなります。公平な関係を整える流れも加わるため教える人と学ぶ人を固定せず発言の機会を分けるとよいでしょう。月末には得た案を小さな実験と担当へ落とし込んでください。　今月の共同学習は全員が同じ結論へ達することではありません。違いから新しい問いが生まれることも成果です。互いの知識と限界を尊重し記録を共有するほど学びが一時的な刺激ではなく未来を共に考える関係へ育ちます。集まりで生まれた問いと各自の得意分野を記録すると次の学びを一人の熱意へ依存させず仲間が交代しながら続けられる仕組みになります。参加の入口を増やす工夫にもつながります。,仲間と深めたい問いを一つ決め各自が持つ経験と資料を共有してください。発言と記録の担当が偏らないようにします。集まりの後は一致した点だけでなく残った違いと次に試す小さな行動を一つの場所へまとめ次の確認時期を決めましょう。参加できない人へも記録を残してください。
2026_LEO,9,12,静かな探究から心の奥の信念を見つける,今月は一人で学ぶ時間や夢や直感を通して自分の奥にある問いへ向き合います。すぐ役立つ答えを求めず言葉にならない感覚と知識を往復するほど外の正しさへ流されない静かな信念が育ちます。答えを保留する余地も守ります。,今月は学びや旅や信念や広い視野が記憶や無意識や静かな休息の領域と結びつきます。外へ答えを探し続ける前に自分の内側へ問いを戻す時です。役立つ結論を急がず静かな探究の時間を守ることが今月の中心になります。　一人で本を読みたくなったり夢や過去の記憶から問いが浮かんだり人の多い場所から距離を取りたくなったりするでしょう。浮かぶ感覚を事実と決めつけずメモへ残してください。理解できない内容は保留して構いません。　中盤は内側で育ててきた考えを信頼できる相手へ少し話しやすくなります。人との釣り合いを整える流れも加わるため意見を求めるのかただ聞いてほしいのかを伝えるとよいでしょう。月末には資料とメモを整理し続ける問いを一つ選んでください。　今月の信念は大きな宣言だけではありません。静かな時間に繰り返し戻る言葉や感覚にも自分の方向が表れます。外の知識と内側の反応を往復するほど借り物の正しさではなく不確かさの中でも自分を支える穏やかな軸が育ちます。静かな時間の前後で心に残る問いがどう変わったかを記録すると外の情報に反応した部分と長く大切にしたい内側のテーマを見分けやすくなります。休息を選ぶ時の確かな手掛かりにもなります。,通知を止め一人で本や記録へ向き合う時間を短く確保してください。心に残った言葉と浮かんだ感覚を分けて書きます。すぐ結論を出さず信頼できる相手へ話す時は求める反応を伝え月末に残った問いを次の学びへつなげましょう。静かな余韻も記録してください。休息も忘れないでください。
2026_LEO,10,1,社会で担う役割を自分らしい姿へ整える,今月は仕事や公の場で求められる役割に自分の意志を反映させます。期待へ合わせて無理に強く見せるより得意な進め方と守りたい限界を示すほど責任と自分らしさを両立できる立ち位置が育ちます。,今月は仕事や社会的な役割や目標が前面へ出てきます。人からどう評価されるかだけでなく自分は何を担いたいのかを明確にする時です。目立つ役目を引き受ける場合も現在の体力と経験に合う形を選ぶことが長く続く信頼につながります。　その動きは表情や服装や肩書きや人前での振る舞いに強く現れます。新しい担当へ名乗りを上げたくなったり自分の方針を示す場面が増えたりするでしょう。期待へ応えようとして休息を後回しにせず緊張が身体のどこへ出ているかも確認してください。役割と人格を同じものにしないことが大切です。　中盤は準備してきた考えを公の場で言葉へしやすくなり希望する立ち位置を周囲へ説明できます。月末に向けては個人の意欲だけで進める段階から仲間と手順や期限を整える段階へ移ります。人との釣り合いを回復する流れもあるため助けを受け取ることを弱さとせず協力の条件として扱いましょう。　今月の前進は立派に見せることではありません。自分の名で引き受けられる範囲を知り必要な時に修正を申し出られることも責任です。役割を演じた後に自分へ戻る時間を持ち納得できた判断と無理をした場面を記録するほど社会の期待に埋もれない働き方が育ちます。,今月担いたい役割を一つ選び目的と自分が提供できることと難しい範囲を書き出してください。人前へ出る予定の前後には準備と回復の時間も確保します。役割を引き受けた後は身体の反応と納得できた判断を振り返り次回の条件へ反映しましょう。小さな違和感も記録してください。
2026_LEO,10,2,働く価値を言葉にして対価の基準を育てる,今月は仕事で提供している価値と受け取る対価の釣り合いを見直します。肩書きや周囲の相場だけで決めず時間と技能と継続負担を具体的に数えるほど納得できる条件と自分の資源を守る基準が明確になります。,今月は仕事や社会的な役割や目標が収入や所有物や価値基準と結びつきます。何を成し遂げるかと同じくらいそのために使う時間や技能へどんな価値を置くかが問われる時です。評価を待つだけでなく自分が提供しているものを具体的に把握することが中心になります。　報酬や予算や道具について相談したくなったり得意な仕事を収入へつなげる方法を考えたくなったりするでしょう。金額だけで判断せず準備時間や維持費や回復に必要な余白も資源として数えてください。華やかな機会でも持ち出しが続く場合は条件を確認する必要があります。　中盤は自分の実績や希望条件を以前より明確に説明しやすくなります。月末に向けては個人の評価を求める流れからチーム全体の予算や分配を整える流れへ移るため根拠を共有できる形へまとめるとよいでしょう。関係の公平さを見直す働きも加わり受け取りすぎと遠慮しすぎの両方を調整できます。　今月の豊かさは大きな金額を得ることだけではありません。自分の資源をどこへ使うと誇りと安心が残るかを知ることも成果です。支出と労力と得られた経験を記録し続けるほど一時の評価に左右されず長く育てたい仕事へ落ち着いて投資できるようになります。,担当業務ごとに作業時間と準備と必要な技能を記録し提供している価値を見える形にしてください。条件を相談する時は希望だけでなく根拠と継続可能な範囲も伝えます。収入や支出を振り返る際は満足と疲労も加え次に資源を向ける仕事を選びましょう。判断を急がないでください。
2026_LEO,10,3,仕事の考えを伝わる言葉へ整え信頼を築く,今月は仕事の方針や専門知識を身近な言葉で伝えることが役割を広げます。正しさを一方的に示さず相手が判断に使える順序と具体例へ整えるほど会議や連絡が実際の協力へつながります。確認の往復も大切です。,今月は仕事や社会的な役割や目標が会話や文章や日々の連絡と結びつきます。考えていることを周囲が動ける言葉へ整える時です。難しい内容を知っていることより目的と次の行動が伝わる説明を作ることが今月の中心になります。　会議で方針を話したり資料を作ったり短い連絡を重ねたりする機会が増えるでしょう。情報量が多いほど結論だけを急いで誤解が生まれやすいため事実と判断と依頼を分けてください。移動や連絡が続く日は返答する時間を決め集中が途切れない工夫も必要です。　中盤は内側で検討していた意見を公に示しやすくなり質問を受けながら説明を磨けます。月末に向けては個人の発信を広げるより共有資料や担当表へ落とし込むことが重要になります。関係の釣り合いを整える流れもあるため発言量だけでなく聞く時間も確保すると対話が実務へつながります。　今月の伝達は一度で完璧に理解させることではありません。相手が何を受け取りどこで迷ったかを確認し説明を更新できることが信頼です。会話の後に決まったことと保留したことを短く残すほど言葉が印象だけで終わらず仕事を前へ進める共通の道具になります。その記録は次に同じ内容を伝える人の助けにもなり組織の学びとして残ります。,重要な連絡では目的と事実と依頼と期限を分け一読で次の行動が分かる形へ整えてください。会議後は決定事項と保留事項を短く共有します。相手の質問を説明不足の記録として残し次の資料へ反映すると伝える力と実務の精度を一緒に高められます。訂正した点も残してください。
2026_LEO,10,4,外での責任と暮らしの土台を結び直していく,今月は仕事や公の責任が増えるほど家で休める環境と身近な人との役割調整が重要になります。外の期待だけで予定を組まず帰宅後の回復と生活の維持を先に確保するほど安定して力を発揮できます。,今月は仕事や社会的な役割や目標が住まいや家族や心の居場所と結びつきます。外で担う責任を増やす前に帰る場所が自分を回復させているかを確かめる時です。社会での前進と暮らしの安心を別々にせず一つの予定として整えることが中心になります。　勤務時間や家族との分担を見直したくなったり仕事をする場所を整えたくなったり将来の拠点について考えたくなったりするでしょう。外で評価されるほど家では説明せず休みたい気持ちも強まりやすいため身近な人へ必要な静けさや協力を具体的に伝えてください。　中盤は仕事上の希望や今後の見通しを家族へ率直に話しやすくなります。活動力も広い計画や学びへ向かうため住まいを離れる予定や準備について早めに相談するとよいでしょう。月末に向けては外で作ったつながりを生活へどうなじませるかを考え無理な予定を減らして継続可能な形へ整えます。　今月の土台は仕事を諦めて家へ戻ることでも暮らしを犠牲にして前へ出ることでもありません。帰宅後に緊張を解ける時間と役割を共有できる仕組みがあるほど外での責任も安定します。家で起きた小さな負担を見過ごさず仕事の予定と同じ重要度で調整してください。その調整が次の挑戦を支える安心にもなります。,仕事の予定表へ帰宅後の食事と休息と家の役割も入れ一週間全体の負担を確認してください。身近な人へは忙しさだけでなく必要な協力と自分が担える範囲を伝えます。外の責任が増える日は家で判断を求められない時間も相談し回復できる土台を守りましょう。話した内容も記録してください。
2026_LEO,10,5,創造する喜びを社会へ届く仕事へ育てていく,今月は好きなことや創作の力を仕事や公の役割で表現します。評価される形へ急いで整えるより遊びと試作を残しながら受け手へ届く方法を選ぶほど喜びと責任が両立する活動へ育ちます。試作の余白も守ります。,今月は仕事や社会的な役割や目標が創作や遊びや自己表現と結びつきます。自分が心から面白いと思うものを公の場へどう届けるかを考える時です。評価に合わせて喜びを削るのではなく楽しさを保ったまま責任ある形へ育てることが中心になります。　作品を発表したくなったり趣味を仕事へ生かす案が浮かんだり人前で個性を示す役目を任されたりするでしょう。反応を求めて完成を急ぐと試す余地が減るため公開するものと自由に遊ぶものを分けてください。引用や協力者の貢献も確認します。　中盤はアイデアや企画の魅力を堂々と伝えやすくなり応援を得る余地が広がります。月末に向けては個人のひらめきを仲間と共有できる手順や役割へ変えることが課題になります。関係の公平さを整える流れもあるため楽しさを支えた人の労力と受け取る条件を丁寧に扱いましょう。　今月の創造性は注目を集めた時だけ価値を持つものではありません。作っている最中に生まれた工夫や自分が生き生きする条件も次の仕事を支える資源です。反応と自分の満足を別々に記録するほど外の評価を学びへ変えながら創作の核を守れます。試作で得た発見を制作手順や企画の記録へ残せば次の表現にも再利用でき周囲との相談もしやすくなります。,公開したい案を一つ選び自由な試作と受け手へ届ける調整の時間を分けてください。協力者や引用元と共有範囲も確認します。発表後は反応だけでなく作る過程で楽しかった点と負担だった点を記録し喜びを残したまま続けられる条件へ整えましょう。次の試作日も決めてください。
2026_LEO,10,6,目標を毎日の手順へ落とし仕事の質を高める,今月は大きな目標を日々の仕事と生活習慣へ落とし込みます。気合いで量を増やすより優先順位と終了時刻と確認方法を整えるほど責任を果たしながら心身の余力も守れる働き方が形になります。見直す余地も大切です。,今月は仕事や社会的な役割や目標が日々の業務や家事や健康管理と強く結びつきます。掲げた方針を毎日の手順で再現できるかを確かめる時です。忙しさを能力の証明にせず重要な作業へ安定して力を配る仕組みを作ることが中心になります。　担当業務が増えたり改善案を試したくなったり周囲から細かな対応を頼まれたりするでしょう。全てへすぐ応じると本来の目標が見えにくくなるため依頼の優先度と期限を確認してください。調子の良い日に詰め込みすぎず一週間続けられる量を基準にします。　中盤は仕事の方針や必要な改善を周囲へ明確に説明しやすくなります。月末に向けては個人の工夫を共有手順やチームの役割へ変える流れが強まるため記録を残すとよいでしょう。人との釣り合いを回復する働きも加わり抱え込んだ作業を相談し直す余地が生まれます。　今月の実績は予定を全て埋めることではありません。重要な仕事を終えた後にも判断できる余力が残っていることが継続の条件です。作業時間と中断と疲れを記録し無理なく再現できた方法を残すほど目標が一時の頑張りではなく信頼される日常の力へ変わります。そこで見つけた無理のない基準を周囲とも共有すれば仕事の質を保ちながら役割を支え合えます。,一週間の業務を重要度と期限で並べ最優先の作業を集中しやすい時間へ置いてください。終了時刻と休憩も先に決めます。依頼を受ける時は目的と期限と担当範囲を確認し作業後には所要時間と負担を記録して翌週の手順へ反映しましょう。小さな改善も記録してください。
2026_LEO,10,7,協力相手と役割を分かち社会の目標へ進む,今月は仕事上のパートナーや顧客との協力が公の目標を動かします。相手へ任せきるのでも一人で主導し続けるのでもなく目的と権限と負担を言葉にするほど互いの強みが生きる関係を築けます。違いも資源になります。,今月は仕事や社会的な役割や目標がパートナーシップや一対一の関係と結びつきます。誰と組みどの責任を分けるかが前進の鍵になる時です。良い印象を保つことより目的と条件を率直に話せる協力関係を作ることが今月の中心になります。　仕事上の相手と契約や担当を相談したり顧客から期待を寄せられたり共同名義で提案する機会が増えたりするでしょう。相手の能力を信頼しながらも判断する人と連絡する人を曖昧にしないでください。好意だけで追加の負担を引き受ける前に期限と対価を確認します。　中盤は自分が担いたい役割や判断基準を堂々と伝えやすくなります。関係の釣り合いを整える流れも強まり以前の偏りを責めず今後の分担として話し直せるでしょう。月末に向けては二人の合意を周囲が使える計画や記録へ変え個人的な約束で終わらせないことが大切です。　今月の協力は全ての意見を一致させることではありません。違いを残したまま誰が何を決めるかを共有できることも信頼です。話し合いの後に双方の理解を確認し変更が必要な時の連絡方法まで決めるほど関係が目標を支える安定した基盤になります。合意までの経緯を記録しておけば担当が変わった時にも協力の目的と守る条件を確認できます。,協力相手と始める前に目的と担当と決定権と期限を一枚にまとめ双方の理解を確認してください。追加依頼にはその場で答えず既存の負担との兼ね合いを見ます。定期的な確認の場を決め合意と実際の動きの差を責めずに修正できる関係を育てましょう。違いが残る点も記録してください。
2026_LEO,10,8,共有する責任を整理し深い信頼で仕事を支える,今月は共同資金や機密情報や引き継いだ責任を明確に扱うことが社会での信頼につながります。勢いで背負わず権限と記録と相談先を整えるほど深く関わる仕事でも自分と相手の境界を守れます。相談する力も大切です。,今月は仕事や社会的な役割や目標が共有資源や深い責任や変化への対応と結びつきます。表から見えにくいお金や情報や権限を丁寧に扱う時です。重大さを一人で抱えるより確認できる仕組みを作ることが今月の中心になります。　共同予算や機密資料や誰かから引き継いだ業務を扱ったり組織の深い課題へ関わったりするでしょう。信頼されるほど頼まれた内容を断りにくくなりますが責任と決定権が釣り合っているかを確認してください。記憶だけに頼らず変更履歴と相談先を残します。　中盤はこれまで言いにくかった条件や懸念を公の議題へ上げやすくなります。月末に向けては個人間の信頼だけで回していた事柄を共有手順や複数人の確認へ移すとよいでしょう。関係の公平さを見直す流れもあるため負担の偏りを今後の役割として調整できます。　今月の強さは何でも秘密裏に処理できることではありません。守る情報と共有すべき判断を分け必要な人へ適切に相談できることが組織を支えます。重い仕事の後に気持ちを切り替える時間も確保し責任が私生活まで占めない境界を育ててください。対応後に判断の経緯と残った懸念を振り返れば似た場面で一人に負担を集めず組織として対処する準備になります。,共有している資金と情報と責任について担当者と決定権と記録場所を確認してください。重要な変更は口頭だけで済ませず履歴を残します。自分の権限を超える判断には相談先を使い重い対応の後には仕事から離れる時間を予定へ入れましょう。相談した経緯も記録してください。
2026_LEO,10,9,専門性と広い視野を社会で使える力へ変える,今月は学びや遠い視点を仕事上の専門性として生かします。知識を飾りにせず現場の目的と受け手の条件へ結びつけるほど自分の信念と社会の必要をつなぐ役割が具体的になります。問いを残す姿勢も専門性です。,今月は仕事や社会的な役割や目標が学びや専門性や広い視野と結びつきます。知っていることを増やすだけでなく社会でどう使うかを示す時です。自分の信念と現場の条件を往復しながら役立つ形へ翻訳することが今月の中心になります。　研修や資格や発表へ挑戦したくなったり遠方や異文化の相手と仕事をしたくなったり将来の方向を大きく考えたくなったりするでしょう。理想が広がるほど費用と時間と必要な基礎を飛ばさず現在試せる範囲を確認してください。知らない点は専門家へ尋ねます。　中盤は学んできた内容と今後の展望を堂々と公へ示しやすくなります。活動力も知識や遠い計画へ向かうため調査と実行を結びつけられるでしょう。月末に向けては個人の専門性を共有資料や後進の学びへ開き一人だけが分かる状態を減らすことが求められます。　今月の専門性は答えを全て持つことではありません。根拠と自分の判断を分け新しい情報に応じて見直せることも信頼です。学んだ内容が現場の判断をどう変えたかを記録するほど知識が肩書きではなく社会へ具体的な選択肢を渡す力になります。現場から返ってきた質問を次の学習課題へ戻せば専門性を閉じた正しさにせず必要に応じて育て続けられます。,仕事へ生かしたい専門テーマを一つ選び根拠と現場で試す方法と確認する指標をまとめてください。分からない点は出所をたどり専門家へ尋ねます。実行後は判断がどう変わったかを記録し他の人も使える言葉と手順へ整えましょう。次に調べる問いと確認時期も決めてください。
2026_LEO,10,10,社会で果たす役割と長期目標を正面から選ぶ,今月は仕事や社会的な立場そのものを見直し次に担いたい責任を選びます。周囲の期待や過去の実績だけで進まず何を残したいかと今の条件を照らすほど長期目標へ続く現実的な一歩が決まります。途中の見直しも責任です。,今月は仕事や社会的な役割や目標そのものが強く前面へ出てきます。これまで積み上げたものを確認し次に何を担うかを自分の意思で選ぶ時です。高い目標を掲げることより現在の立場から責任を持って始められる一歩を決めることが中心になります。　昇進や転換を考えたり公の評価を受けたり長期計画を示す役目を担ったりするでしょう。注目が集まるほど弱みを隠したくなりますが必要な支援と学ぶ時間を計画へ含めてください。過去の実績を守るためだけに合わない目標を続ける必要はありません。　中盤は考えてきた方針を公に宣言し周囲へ協力を求めやすくなります。月末に向けては個人の意志を組織や仲間と共有できる期限や担当へ変える段階へ移ります。関係の公平さを整える流れも加わるため成果の配分と見えにくい支援へも目を向けましょう。　今月の達成は一つの肩書きを得ることだけではありません。選んだ責任をどんな方法で果たしたいかが自分の社会的な軸になります。目標と日々の行動が離れていないかを週ごとに確認し必要なら方向や速度を修正するほど長い時間に耐える役割が育ちます。進み方を定期的に言葉へすることで周囲も目標の意味を理解し必要な修正へ早めに参加できます。,一年後に残したい仕事上の価値を一つ書き今月始める行動とやめる負担を決めてください。目標には期限だけでなく協力者と必要な学びと回復の時間も含めます。週末に行動が目的へつながったかを確認し見栄ではなく継続可能性を基準に修正しましょう。修正理由も記録してください。
2026_LEO,10,11,仲間と未来の仕事を描き役割を分かち合う,今月は仲間や組織と共有する未来像が仕事の方向を広げます。一人の構想へ人を集めるより異なる経験と希望を持ち寄り担当と参加方法を開くほど長く続く社会的な活動へ育ちます。参加の余地も未来を支えます。,今月は仕事や社会的な役割や目標が仲間や組織や未来計画と結びつきます。一人の達成だけでなくどんな社会やチームを作りたいかを考える時です。構想を示しながら異なる得意分野を持つ人が参加できる余地を作ることが中心になります。　新しい企画を仲間へ提案したり業界や地域のつながりへ参加したり組織の将来像について話したくなったりするでしょう。人数が増えるほど目的と発言の機会が偏りやすいため参加方法と決定手順を確認してください。無償の熱意だけに頼らないことも大切です。　中盤は自分の展望を堂々と示し共感する人を集めやすくなります。月末に向けては個人の案を共同の予定や担当へ移し実行可能な形へ整える流れが強まるでしょう。関係の釣り合いを回復する働きもあるため表に出る人だけでなく記録や調整を担う人の貢献も共有します。　今月のリーダーシップは全てを決めることではありません。目的を守りながら他者の知恵で計画が変わることを受け入れる力も含まれます。誰が不在でも続けられる記録と役割を作るほど未来の構想が一人の勢いではなく仲間が育てる仕事へ変わります。参加した人の経験と残った問いを記録すれば次に加わる人も構想の背景を理解しやすくなります。,仲間と進めたい構想を目的と対象と最初の小さな実験に分けて共有してください。参加方法と決定手順と記録場所も決めます。発言や作業が偏っていないかを定期的に確認し見えにくい調整役の貢献も言葉と条件で認めましょう。参加できない人へも記録を開いてください。
2026_LEO,10,12,見えない仕事の意味を整え静かな責任を果たす,今月は表から見えにくい準備や支援や休息を社会での役割の一部として扱います。評価を得るために抱え込まず必要な範囲と引き継ぎを整えるほど静かな貢献を続けながら自分の心も守れます。休息も役割の一部です。,今月は仕事や社会的な役割や目標が舞台裏の準備や内省や休息と結びつきます。表へ出る責任を支えている見えない仕事へ目を向ける時です。評価されない作業を全て抱えるのではなく必要な範囲と終わりを決めることが今月の中心になります。　資料の下準備や人知れず行う支援が増えたり将来の役割について一人で考えたくなったり公の場から少し距離を取りたくなったりするでしょう。静けさは後退ではありませんが孤立したまま判断を続けないよう相談できる相手と連絡方法を確保してください。　中盤は内側で整理してきた考えを必要な人へ説明し自分の貢献を見える形へしやすくなります。月末に向けては個人の献身に頼っていた作業を共有手順や仲間の担当へ移すことが大切です。関係の公平さを整える流れもあるため支援する側にも休む権利があると認めましょう。　今月の責任は常に前へ出ることではありません。次の人が動けるように準備し必要な時には手を離すことも社会を支える働きです。舞台裏の作業時間と感情の負担を記録し終えた後に役割から離れる習慣を持つほど静かな貢献と自分の回復を両立できます。引き継いだ後に残る心配も記録しておけば必要な支援を求めながら役割を手放しやすくなります。,見えない準備や支援を書き出し本当に自分が担うものと共有できるものを分けてください。手順と保管場所を残し引き継ぐ日を決めます。一人で考える時間の後には信頼できる相手へ状況を共有し仕事から離れて回復する予定も守りましょう。手放した後の気持ちも記録してください。
2026_LEO,11,1,仲間との未来像から新しい自分を選び直す,今月は仲間やコミュニティとの交流が自分の未来像を更新します。人に合わせて個性を薄めず興味と限界を率直に示すほど一員でありながら自分の輪郭も守れる参加の形が見つかります。一人へ戻る余白も大切です。,今月は仲間やコミュニティや未来の計画が生活の前面へ出てきます。一人で目標へ進むより誰とどんな世界を作りたいかを考える時です。集団の期待へ合わせるのではなく自分の興味と役割を持って参加することが今月の中心になります。　その動きは自己紹介や服装や人前での振る舞いとして強く現れます。新しい集まりへ参加したくなったり仲間の中で役目を名乗りたくなったりするでしょう。歓迎されようとして予定を詰めず参加後に身体と気持ちがどう反応したかを確かめてください。　中盤は仲間へ考えや将来像を堂々と話しやすくなり企画の輪郭を共有できます。月末に向けては交流を広げ続けるより一度距離を取り残したい関係と役割を静かに選ぶ流れへ移ります。同時に自分を心地よく整える余裕が戻るため身だしなみや休息を他者との予定より後回しにしないことも大切です。　今月の参加は集団へ自分を溶かすことではありません。仲間といる時に生き生きする部分と無理をする部分を知ることが未来の選択を支えます。役割を終えた後に一人へ戻る時間を持ち次も関わりたい理由を記録するほど自分らしさを保ったつながりが育ちます。その記録を重ねれば新しい輪へ入る時にも自分に合う速度と距離を落ち着いて選べます。,参加したい集まりを一つ選び自分が持ち寄れることと難しい範囲を先に書いてください。交流の前後には一人で休む時間も確保します。帰宅後に楽しかった点と緊張した点を記録し人の評価ではなく自分の感覚を基準に次の関わり方を決めましょう。自分らしい服装や休息も先に選んでください。
2026_LEO,11,2,仲間と資源を分かち自分の価値基準を守る,今月は共同活動へ使うお金と時間と技能を見直します。熱意だけで差し出し続けず目的と負担と受け取るものを言葉にするほど仲間を支えながら自分の暮らしも守れる交換の基準が整います。納得できる交換が安心を支えます。,今月は仲間やコミュニティや未来の計画がお金や持ち物や価値基準と結びつきます。共同の目標へ何を差し出し何を受け取るかを見直す時です。善意を量で示すより自分の暮らしを守りながら続けられる資源の使い方を選ぶことが中心になります。　会費や共同購入や寄付について相談したり得意な技能を仲間へ提供したりする場面が増えるでしょう。少額でも回数が重なる負担や無償で期待される準備時間を見落とさないでください。共有物の保管と返却の方法も先に決めます。　中盤は共同活動の価値と必要な予算を仲間へ明確に説明しやすくなります。月末に向けては外へ広げる計画から一度収支や在庫を静かに点検する流れへ移るでしょう。自分を心地よく扱う余裕も戻るため人のための支出だけでなく生活を整える小さな楽しみにも資源を残してください。　今月の豊かさは多く差し出せることではありません。無理のない交換があることで仲間との未来を長く支えられます。使った時間と金額と満足を記録し曖昧な負担は早めに相談するほど自分の価値基準と共同の目的を両立できます。定期的に資源の使い道を仲間と振り返れば負担が見えないまま増えることを防ぎ活動の価値を全員で確かめられます。,共同活動に使っている費用と時間と技能を一覧にし継続できる上限を決めてください。費用を出す前に目的と管理者と報告方法を確認します。活動後は得られた経験と負担を記録し必要なら分担や会費を相談して自分の生活へ使う資源も確保しましょう。見直す時期も仲間と決めておきましょう。
2026_LEO,11,3,仲間の声をつなぎ未来の対話を育てていく,今月はグループ内の会話や記録が未来の企画を動かします。発言の強い人だけで結論を決めず異なる経験と質問を拾い共通点と保留点を分けるほど参加しやすい対話と実行の道筋が育ちます。記録を開く工夫も必要です。,今月は仲間やコミュニティや未来の計画が会話や文章や情報交換と結びつきます。多様な声を次の行動へつなぐ言葉を作る時です。自分の意見を通すより誰が読んでも目的と参加方法が分かる記録を整えることが中心になります。　連絡の数が増えたり議事録や案内を担当したり複数の仲間から異なる意見を受け取ったりするでしょう。情報をすぐ転送せず出所と共有範囲を確認してください。会話へ参加しにくい人が後から意見を出せる方法も用意します。　中盤は将来の案を仲間へ堂々と示し質問を受けながら内容を磨けます。月末に向けては発信を続けるより散らばった記録を分類し次へ残す流れへ移ります。自分の見せ方を心地よく整える余裕も戻るためオンラインの反応から離れ自分の言葉を取り戻す時間を持ちましょう。　今月の対話は全員が同じ結論へ達することではありません。残った違いと決まった範囲を分けて記録できれば仲間は安心して次の判断へ進めます。返答を急がず理解を確認する一往復を増やすほど情報が人を置き去りにせず未来へ参加する入口になります。記録の場所と更新する人を決めておけばその場にいなかった仲間も経緯を理解し次の対話へ安心して加われます。対話の土台にもなります。,共同の連絡では目的と決定事項と保留事項と次の担当を分けて記録してください。発言できなかった人が後から意見を出せる期限も設けます。情報を共有する前に出所と範囲を確認し一日の終わりには通知を止め自分の考えを短く整理しましょう。訂正した内容と理由も残してください。
2026_LEO,11,4,居場所の安心から仲間との未来を築き直す,今月は家族や地域や心の居場所と未来の仲間づくりが結びつきます。外の活動を増やすだけでなく帰宅後に休める環境と身近な人の予定を整えるほど安心を土台に長く関われる輪が育ちます。家の安心も参加を支えます。,今月は仲間やコミュニティや未来の計画が住まいや家族や心の居場所と結びつきます。外のつながりを広げるほど自分が安心して戻れる場所を確かめる時です。地域や家族との関係を含め無理なく続く参加の土台を作ることが中心になります。　家へ人を招きたくなったり地域の集まりへ関わったり家族と将来の暮らし方を話したくなったりするでしょう。活動の予定を先に決めず同居する人の都合と片付けや休息まで相談してください。親しさがあっても家の情報を共有する範囲は守ります。　中盤は仲間との計画を家族へ説明し協力を求めやすくなります。月末に向けては外へ出る動きから家で記録や気持ちを整理する動きへ移るでしょう。自分を心地よく扱う余裕も戻るため住まいの一角や身だしなみを整え外の役割から自分へ戻る儀式を作ると安心できます。　今月の居場所は住所だけではありません。意見が違っても戻れる関係や沈黙して休める時間も未来を支える土台です。外の活動で得た刺激と家で感じた負担を両方記録し身近な人と調整するほど社会とのつながりを暮らしの安心へなじませられます。家で休めた日と外の活動を楽しめた日の関係を振り返れば自分と家族に合う参加の頻度も見つけやすくなります。,外の活動日には移動と準備だけでなく帰宅後の片付けと休息も予定へ入れてください。家族や同居人へ目的と必要な協力と共有しない情報を伝えます。地域や仲間との予定を増やす前に家で安心して過ごせる時間が残るかを確認しましょう。家で感じた負担も後から記録してください。
2026_LEO,11,5,仲間との遊びから創造的な未来をひらく,今月は趣味や創作や遊びを仲間と共有することで未来の可能性が広がります。評価や成果を急がず互いの個性が見える試作と余白を守るほど一人では生まれない表現と喜びが育ちます。一人の遊びも喜びを守ります。,今月は仲間やコミュニティや未来の計画が創作や遊びや自己表現と結びつきます。好きなことを共有し一人では思いつかなかった形へ育てる時です。完成度や注目を競うより互いの楽しさを持ち寄れる場を作ることが中心になります。　共同制作を始めたり趣味の集まりへ参加したり仲間とイベントを企画したくなったりするでしょう。熱が高まるほどアイデアの持ち主や費用や公開範囲が曖昧になりやすいため先に確認してください。自由に試す時間と発表へ整える時間を分けます。　中盤は作品や企画の魅力を堂々と仲間へ示し協力を募りやすくなります。月末に向けては外へ発表する動きから舞台裏で素材や感情を整理する動きへ移るでしょう。自分を心地よく整える余裕も戻るため反応を追い続けず服装や休息や一人の遊びで喜びを回復させてください。　今月の創造性は全員が同じ案を選ぶことではありません。違う好みが混ざることで新しい表現が生まれます。制作の途中で誰が生き生きしたかと負担が偏った場面を記録するほど仲間との楽しさを守りながら次の作品へ続く仕組みを作れます。試作の途中で生まれた笑いや意外な発見も記録しておけば完成した作品だけでは見えない共同創作の価値を次へ残せます。,仲間と作りたいものを一つ決め各自が自由に試す時間と共同で整える時間を分けてください。費用と権利と公開範囲も確認します。発表後は反応だけでなく楽しかった工程と疲れた工程を共有し次の制作へ残す役割と休む期間を決めましょう。一人で遊ぶ日も予定へ残してください。
2026_LEO,11,6,共同の理想を毎日の仕組みへ落とし込む,今月は仲間との理想を日々の作業や役割分担へ具体化します。善意で穴を埋め続けず手順と期限と休む人の代替を整えるほど活動の質を保ちながら誰もが参加しやすい仕組みになります。休める仕組みも活動を支えます。,今月は仲間やコミュニティや未来の計画が日々の仕事や家事や健康管理と結びつきます。理想を語るだけでなく毎日の小さな作業で支える時です。熱意に頼らず誰が参加しても回る手順と分担を作ることが今月の中心になります。　共同作業の連絡や準備が増えたりボランティアの担当を引き受けたり仲間の不足を補いたくなったりするでしょう。気づいた人だけが動く状態を放置せず作業量と締切を見える形にしてください。体調や事情で休める代替方法も必要です。　中盤は改善案や役割の偏りを仲間へ明確に伝えやすくなります。月末に向けては活動を広げるより記録と備品と未完了の仕事を静かに整理する流れへ移ります。自分を心地よく扱う余裕も戻るため身だしなみや食事や休息を共同の予定より後回しにしないでください。　今月の貢献は忙しく動き続けることではありません。誰かが休んでも責めずに続けられる仕組みを残すことも大きな支えです。作業時間と中断と負担を記録し担当を定期的に交代するほど未来の活動が一部の人の献身ではなく共同の習慣へ育ちます。手順を使った人から改善点を集めれば活動を止めずに仕組みを育てられ新しい参加者も無理なく役割を選べるようになります。,共同作業を一覧にし担当と期限と完了条件と代替する人を決めてください。繰り返す作業は短い手順として共有します。自分の食事と休息と終了時刻も予定へ入れ負担が偏った時は早めに相談して役割を交代できる仕組みへ整えましょう。休んだ人を責めない基準も共有してください。
2026_LEO,11,7,一対一の信頼を仲間との未来へつないでいく,今月は親しい相手や協力者との関係が新しい仲間の輪へつながります。二人だけの期待で進めず目的と紹介範囲とそれぞれの距離感を確認するほど信頼を保ったままつながりを広げられます。別々に動く自由も大切です。,今月は仲間やコミュニティや未来の計画がパートナーシップや一対一の関係と結びつきます。信頼する相手と共に新しい輪へ参加する時です。二人の関係を守りながら他者とも協力できる境界を作ることが今月の中心になります。　相手から仲間を紹介されたり共同で活動へ参加したり二人の将来像をグループの中で話したくなったりするでしょう。紹介する情報とその場だけに留める話を先に確認してください。どちらか一人が交流や調整を担い続けないよう役割も分けます。　中盤は二人の希望を仲間へ堂々と示し共通の企画へつなげやすくなります。月末に向けては外の交流から少し距離を取り二人の感想や今後の関わりを静かに確認する流れへ移ります。自分を心地よく扱う余裕も戻るため相手に合わせる前に自分が休みたい時間も伝えましょう。　今月の協力は常に同じ集まりへ参加することではありません。それぞれが別のつながりを持ち後で経験を分かち合う形も信頼です。活動後に変わった考えと残った違いを話すほど仲間の輪が二人を縛るものではなく未来の選択肢を増やす場になります。それぞれが安心できた場面と窮屈だった場面を言葉にすれば二人の関係と仲間の輪の両方を守る次の条件が見えてきます。,相手と集まりへ参加する前に目的と紹介してよい情報と一人で過ごす時間を確認してください。連絡や調整の担当も交代します。活動後は良かった点と無理をした点を互いに話し次も一緒に参加するか別々に関わるかを自由に選びましょう。別々の感想も否定せず記録してください。
2026_LEO,11,8,仲間の信頼と共有責任を透明な形へ整える,今月は共同資金や機密情報や深い信頼を仲間の活動の中で扱います。親しさだけに頼らず管理する人と確認方法と守秘範囲を定めるほど結びつきを守りながら責任を公平に分けられます。境界を示すことも信頼です。,今月は仲間やコミュニティや未来の計画が共有資源や深い信頼や変化への対応と結びつきます。集団の中でお金や情報や責任をどう預かるかを見直す時です。親しさを疑うのではなく誰もが確認できる仕組みで信頼を支えることが中心になります。　共同資金を管理したり個人的な相談を受けたり活動の重要な引き継ぎへ関わったりするでしょう。秘密を守る範囲と支援のために共有すべき相手を分けてください。一人だけが暗証や経緯を知る状態を避け複数の確認を置きます。　中盤はこれまで曖昧だった負担や管理方法を仲間へ率直に提案しやすくなります。月末に向けては新しい計画を増やすより収支や権限や残った懸念を静かに整理する流れへ移ります。自分を心地よく扱う余裕も戻るため重い相談の後には役割から離れる時間を確保してください。　今月の結束は全てを共有することではありません。必要な境界があることで安心して深く関われます。判断の経緯と変更履歴を残し相談先を複数持つほど共同の未来が一人の負担や記憶ではなく仲間全体の信頼によって支えられます。確認の仕組みを使った結果も振り返れば規則を増やすだけでなく仲間が安心して相談できる現実的な管理へ更新できます。,共同資金や重要情報について管理者と確認者と記録場所と守秘範囲を決めてください。大きな判断は一人で行わず経緯を残します。深い相談を受けた後は必要な支援先を確認し自分だけで抱えず役割から離れて回復する時間も取りましょう。見直す担当と時期も決めておきましょう。
2026_LEO,11,9,仲間との学びから未来の理念を育て直す,今月は異なる文化や専門を持つ仲間との学びが未来の理念を広げます。正解を一つへそろえず体験と根拠と残る問いを持ち寄るほど閉じた理想ではない実行可能な方向が見えてきます。問いを残す姿勢も学びです。,今月は仲間やコミュニティや未来の計画が学びや旅や信念や広い視野と結びつきます。異なる背景を持つ人と知識を交換し共同の理念を育てる時です。一つの正しさへそろえるより問いを共有して視野を広げることが今月の中心になります。　勉強会を開いたり遠方の仲間と交流したり社会的なテーマを深く議論したくなったりするでしょう。刺激的な考えをすぐ活動方針へせず出所と現場への影響を確認してください。文化や経験の違いを単純な例として扱わない配慮も必要です。　中盤は学んだ内容と将来の理念を仲間へ堂々と示し議論を前へ進めやすくなります。活動力も社会的な役割へ向かうため知識を小さな実践へ移せるでしょう。月末に向けては発信を広げるより学びの記録と残った問いを一人で整理する時間が重要になります。　今月の理念は立派な言葉だけでは育ちません。実際に試した結果から考えを修正し違いを抱えたまま協力できることが強さです。議論の前後で変わった視点を記録するほど学びが仲間を分ける境界ではなく未来へ向かう共通の方角になります。学びの記録を参加できなかった人にも開けば議論がその場だけの高揚で終わらず共同の知識としてゆっくり育っていきます。,仲間と深めたい問いを一つ決め各自が根拠と体験を一つずつ持ち寄ってください。議論後は一致した点だけでなく残った違いも記録します。学びを試す小さな行動と確認時期を決め結果に応じて理念や方法を見直しましょう。参加できない人へも記録を開いてください。
2026_LEO,11,10,社会での役割を仲間との未来へ開いていく,今月は仕事上の経験や立場を仲間の未来づくりへ生かします。肩書きで人を動かすより目的と判断基準を共有し他の人が担える余地を作るほど個人の実績が共同の力へ変わります。役割を渡す余地も責任です。,今月は仲間やコミュニティや未来の計画が仕事や社会的な役割と結びつきます。自分の経験や立場を共同の未来へどう開くかを考える時です。全てを主導するより他の人が力を発揮できる場と基準を作ることが今月の中心になります。　仕事のつながりを仲間へ紹介したり組織横断の企画を担ったり公の立場から集まりへ参加したりするでしょう。肩書きの違いで発言の重さが偏らないよう自分の意見と決定事項を分けてください。見えにくい支援も役割として認めます。　中盤は社会で実現したい構想を仲間へ堂々と提案し協力を募りやすくなります。月末に向けては前へ出続けるより会議や資料を整理し誰かへ役割を渡す流れへ移ります。自分を心地よく整える余裕も戻るため公の顔を外し一人の時間で本心を確かめましょう。　今月のリーダーシップは自分がいなければ動かない状態を作ることではありません。目的と判断基準と連絡先を共有し別の人が決められる余地を残すことも責任です。成果と課題を仲間の記録へ残すほど社会的な経験が共同の未来を支える資源になります。役割を渡した後に生まれた工夫も受け取り計画へ反映すれば自分の経験を正解として固定せず仲間と共に更新できます。信頼も深まります。,仲間へ提案する構想を目的と判断基準と最初の実験へ分けてください。自分だけが持つ情報や連絡先も必要な範囲で共有します。会議では発言の機会を分け役割を渡した後は結果を支配せず確認時期を決めて見守りましょう。引き継いだ人の工夫も後から確認してください。
2026_LEO,11,11,多様な仲間と長く続く未来の輪を育てる,今月は仲間やコミュニティや未来計画そのものが大きく広がります。人数や賛同の多さを急がず目的と参加方法と離れる自由を整えるほど違いを持った人が長く関われる輪になります。休む選択も輪を支えます。,今月は仲間やコミュニティや未来の計画そのものが生活の中心へ出てきます。一人では届かない目標へ多様な人と進む時です。賛同を集めることより目的と参加の仕方を開き誰もが自分の意思で関われる輪を作ることが中心になります。　新しい集まりを始めたり複数のグループをつないだり将来の企画を大きく描きたくなったりするでしょう。熱が高まるほど中心人物へ判断と連絡が集中しやすいため担当を分けてください。途中で離れる人にも責任を負わせすぎない仕組みが必要です。　中盤は未来像を堂々と示し共感する仲間を集めやすくなります。月末に向けては活動の勢いを保つより記録と関係を整理し何を次へ残すかを静かに選ぶ流れへ移ります。自分を心地よく扱う余裕も戻るため全員の期待へ応えず一人として休む時間を守りましょう。　今月のつながりは人数では測れません。意見が違う時にも参加を続ける方法と安心して離れる方法があることが輪の強さです。役割と経緯を共有し定期的に目的を確かめるほど未来の活動が一時の熱狂ではなく仲間が交代しながら育てる場になります。活動から離れた人の意見も可能な範囲で聞けば続ける人だけでは見えなかった負担や参加の入口を整える手掛かりになります。,集まりの目的と参加方法と決定手順と離れる時の連絡を明文化してください。中心の仕事は複数人へ分け記録を共通の場所へ残します。定期的に目的と実際の活動の差を確認し参加人数ではなく無理なく続く関係を基準に整えましょう。休む人が戻れる入口も残しておきましょう。
2026_LEO,11,12,仲間との距離を整え静かな未来像を守る,今月は仲間との活動の裏側で感じてきた疲れや願いを静かに見直します。全ての誘いへ応えず一人で考える時間と舞台裏の役割の限界を決めるほど本当に残したい未来像が見えてきます。離れる余地もつながりを守ります。,今月は仲間やコミュニティや未来の計画が舞台裏の支援や内省や休息と結びつきます。外の集まりへ関わりながら自分の内側で何が起きているかを確かめる時です。見えない貢献を抱え込まず距離と終わりを選ぶことが今月の中心になります。　準備や連絡を人知れず担ったり集団の感情を受け取りすぎたり一人で将来を考えたくなったりするでしょう。静かに離れる時間は責任放棄ではありません。相談先を持ち守秘範囲を守りながら引き継げる作業は手放してください。　中盤は内側で考えてきた願いや負担を仲間へ少し言葉にしやすくなります。月末に向けては活動を広げるより未完了の連絡や記録を整理し休息へ移る流れが強まります。自分を心地よく扱う余裕も戻るため服装や香りや静かな時間で集団の役割から自分へ戻りましょう。　今月の未来像は大きな会議だけで決まるものではありません。一人でいる時にも大切だと思える方向を確かめることが必要です。活動後の感情と夢や直感を事実と分けて記録するほど周囲の期待に流されず次に関わる輪と静かに育てたい願いを選べます。休んだ後に残る願いと消えていく義務感を分けて見れば本当に守りたい未来へ力を戻す時期と方法を選びやすくなります。,舞台裏で担っている連絡や支援を書き出し続けるものと引き継ぐものを分けてください。集まりの後には通知を止め一人で気持ちを戻す時間を確保します。浮かんだ感覚をすぐ事実と決めず記録し信頼できる相手へ負担を共有しましょう。休んだ後に残った願いも記録してください。
2026_LEO,12,1,静かな休息から次の自分の輪郭を取り戻す,今月は外へ成果を示すより身体と心の反応を静かに確かめます。人の期待から離れて終えたい役割と次に残したい願いを分けるほど月末に向けて無理のない新しい自分を選べます。休む選択も新しい自己表現の一部です。,今月は休息や内省や舞台裏の整理が生活の前面へ出てきます。外へ力を示すよりこれまでの経験を静かに受け取り直す時です。止まっているように見える時間も次の始まりへ必要なものを選ぶ準備として扱うことが中心になります。　その動きは身体感覚や眠りや一人でいる時の気分に強く現れます。人前では元気に振る舞えても帰宅後に疲れが出たり以前の役割へ戻りたくない感覚が浮かんだりするでしょう。すぐ理由を決めず予定と身体の反応を一緒に記録してください。　中盤は内側で考えてきたことを少しずつ言葉へし必要な人へ伝えやすくなります。月末に向けては静かな整理から自分を主語にして新しい習慣や見せ方を始める流れへ移るでしょう。心地よい身だしなみや手入れも気持ちを回復させる助けになるため大きく変えず小さく試してください。　今月の休息は自分を消すことではありません。役割を外した時にも残る好みや願いを知ることで新しい輪郭が育ちます。疲れが減った後に自然とやりたくなることを記録し人の反応より身体の安心を基準に選ぶほど次の一歩を自分の意思で始められます。休んだ後に戻ってくる興味と人の期待がなくても選びたい行動を分けて書けば次の自分に必要な準備と安心できる速度がさらに具体的になります。小さな始まりを育てる余白も守れます。,一日の中で通知と人の期待から離れる時間を短く確保し身体の緊張と浮かぶ気持ちを記録してください。終えたい役割と残したい願いを分けます。月末に向けては身だしなみや朝の習慣から一つだけ新しい方法を試し無理なく続くかを確かめましょう。始めた後の疲れと喜びも記録してください。
2026_LEO,12,2,静かな棚卸しで自分を支える資源を選び直す,今月はお金と持ち物と時間の使い方を静かに見直します。不安を埋める出費や惰性の契約を責めずに整理し休息と次の始まりへ必要な資源を残すほど自分の価値基準が落ち着きます。選ばないことも資源を守る判断です。,今月は休息や内省や舞台裏の整理がお金や持ち物や価値基準と結びつきます。増やすことより今ある資源が自分を本当に支えているかを確かめる時です。使わないものを責めず次の生活へ持つ意味を選び直すことが中心になります。　解約したい契約が見つかったり保管したままの物を整理したくなったり不安から買いたくなる場面が増えたりするでしょう。数字だけでなく支払った後の安心と負担も記録してください。思い出の品は急いで手放さず保留する箱を作って構いません。　中盤はこれまで曖昧だった出費や働き方への気持ちを言葉にしやすくなります。月末に向けては内側の整理から自分の生活を立て直す具体的な行動へ移るでしょう。心地よさを取り戻す流れも加わり日常で長く使える服や道具へ資源を向けることが小さな安心になります。　今月の豊かさは残高や所有量だけでは測れません。休める時間と自分で選べる余白も大切な資源です。支出と時間と気持ちの動きを並べて見るほど人に見せる価値ではなく自分の暮らしを静かに支える基準を育てられます。整理した後に残った物と時間が何を助けたかを振り返れば自分に必要な豊かさを具体的に理解できます。次の出費を決める時にも価格だけでなく安心と使い続けられる条件を選べるでしょう。,継続している支出と使っていない持ち物を一覧にし安心を支えるものと惰性で残るものを分けてください。迷う品は期限付きで保留します。節約だけを目標にせず睡眠や食事や長く使える道具へ必要な資源を残し月末に一度見直しましょう。使わない選択の安心も記録してください。
2026_LEO,12,3,言葉になる前の思いを静かに拾い直していく,今月は話す量を増やすより心に残る言葉や繰り返す考えを静かに観察します。すぐ発信せず事実と感情とまだ分からない点を分けるほど自分の本音と次に伝えるべき内容が整います。沈黙の余地も対話を支えます。,今月は休息や内省や舞台裏の整理が会話や文章や情報の扱いと結びつきます。外から入る言葉を減らし自分の内側に残る声を聞く時です。すぐ伝えるより考えが育つための沈黙と記録を持つことが今月の中心になります。　古いメモを読み返したくなったり言えなかった言葉が浮かんだり連絡の多さに疲れを感じたりするでしょう。通知を止める時間を作り受け取った情報と自分の解釈を分けてください。夢や直感は事実と決めず問いとして残します。　中盤は内側で整理していた考えを信頼できる相手へ少し話しやすくなります。月末に向けては沈黙の中で育てた言葉を自分の方針や新しい発信へ変える流れへ移るでしょう。心地よい見せ方を整える余裕も戻るため言葉だけでなく声の速さや対話の距離も選べます。　今月の伝達は即座に返事を出すことではありません。答えを保留し後から訂正できる余地が理解を深めます。何度も戻ってくる言葉と人から借りた評価を分けて記録するほど静かな本音が次の会話を支える確かな軸になります。記録を数日置いて読み返すとその場の反応と長く大切にしたい考えを分けやすくなります。言葉にする前の迷いも消さずに残せば次に同じテーマを話す時の背景と訂正する余地を相手へ丁寧に示せます。,毎日短い時間だけ通知を止め心に残った言葉と事実と感情を三つの欄へ分けて記録してください。返事を急がない連絡には確認する時期を伝えます。月末に一つの考えを選び信頼できる相手へ途中の問いも含めて話してみましょう。読み返して変わった考えも残してください。
2026_LEO,12,4,心の居場所を静かに整え過去を休ませる,今月は家や家族や過去から受け取った感情を静かに整理します。昔の役割をすぐ否定せず今も守りたい安心と手放してよい負担を分けるほど帰る場所が次の始まりを支える土台になります。安心できる境界も大切です。,今月は休息や内省や舞台裏の整理が住まいや家族や心の居場所と結びつきます。外の役割から離れ安心できる土台を整え直す時です。過去を変えようと急ぐより今の自分が休める環境と距離を選ぶことが今月の中心になります。　家の奥にしまった物を整理したくなったり家族との古い記憶が浮かんだり一人で家にいたくなったりするでしょう。感情が動く品や話題は一度で処理せず保留して構いません。家族の情報を外へ話す範囲も慎重に確認します。　中盤は胸の内にあった希望や疲れを身近な人へ少し説明しやすくなります。活動力は仲間や未来の計画へ向かうため家の予定と外の約束を早めに調整してください。月末に向けては休息の中で見つけた感覚を新しい生活習慣や自分の選択へ移す流れが始まります。　今月の居場所は過去と同じ形を守ることだけではありません。今の自分が沈黙できる時間や安心して断れる関係も新しい家の条件です。片付けた場所と心の軽さを記録し家族へ必要な境界を伝えるほど過去を責めず未来へ進む土台を作れます。整えた場所でどのように呼吸や気分が変わったかを記録すれば今後の暮らしに必要な安心を具体的に選べます。家族と違う方法を取る場合にも自分を守る境界と共に過ごせる範囲を落ち着いて相談できます。,家の中で休息を妨げている場所を一つ選び片付けと照明と連絡の置き場を整えてください。思い出の品は残すものと保留するものへ分けます。家族へは不満だけでなく必要な静けさと協力と自分が担える範囲を伝えましょう。整えた後の気分も短く記録してください。
2026_LEO,12,5,誰にも見せない創作から喜びを回復させる,今月は評価や発表から離れて自分だけの遊びや創作へ戻ります。完成を求めず心が動く色や音や物語を試すほど疲れた感性が休まり次に外へ出したい表現の核が静かに育ちます。一人の喜びも創造性を守ります。,今月は休息や内省や舞台裏の整理が創作や遊びや自己表現と結びつきます。誰かに見せるためではなく自分の喜びを取り戻す時です。完成度や反応を考える前に自由に試せる時間を守ることが今月の中心になります。　昔好きだった遊びを再開したくなったり夢や記憶から作品の素材が浮かんだり人前で表現することに疲れを感じたりするでしょう。公開するものと自分だけで楽しむものを分けてください。心が動かない日は道具に触れるだけでも構いません。　中盤は内側で温めてきた案を信頼できる相手へ少し見せやすくなります。月末に向けては静かな試作から自分らしい表現を外へ始める流れへ移るでしょう。心地よい装いや美しさを選ぶ余裕も戻るため作品だけでなく自分を楽しく扱う時間も回復の一部になります。　今月の創造性は注目された時だけ価値を持つものではありません。作る途中で呼吸がゆるむことや新しい好みを知ることも大切です。作品の評価ではなく前後の気分を記録するほど喜びが義務から離れ次の始まりを支える静かな力になります。誰にも見せない試作から見つけた好みを記録しておけば次に発表する作品でも外の期待へ寄せすぎず自分の核を守れます。創作を休んだ日に回復した感覚も次の制作時間を決める大切な手掛かりです。,週に一度は誰にも見せない創作や遊びの時間を予定へ入れてください。完成させず色や音や素材を試すだけでも十分です。終えた後の気分ともう一度触れたい部分を記録し公開するかどうかは休息の後に改めて選びましょう。休んだ日の感覚も制作記録へ残してください。
2026_LEO,12,6,見えない疲れを整え毎日の働き方を立て直す,今月は日々の仕事や家事で積み重なった見えない疲れを静かに整えます。頑張る量を増やさず中断と休息と終わらせる手順を見直すほど月末から始める新しい習慣が無理なく続きます。再開できる余白も仕組みに含めます。,今月は休息や内省や舞台裏の整理が日々の仕事や家事や健康管理と結びつきます。目立つ成果を増やすより疲れを生んでいる小さな手順を見直す時です。休むことを予定外にせず毎日の仕組みへ入れることが今月の中心になります。　未完了の作業や人知れず引き受けている雑務が気になったり身体の反応へ敏感になったりするでしょう。全てを片付けてから休もうとせず終了時刻を決めてください。体調を断定せず睡眠と食事と作業量の関係を記録します。　中盤は抱えている負担や必要な改善を周囲へ言葉にしやすくなります。月末に向けては静かな調整から自分に合う新しい日課を始める流れへ移るでしょう。自分を心地よく整える余裕も戻るため身だしなみや食事の小さな手入れを作業の後回しにしないことが大切です。　今月の回復は何もしないことだけではありません。仕事を終える合図や断る基準や翌日へ残す方法を作ることも休息です。試した手順と身体の反応を一週間ごとに振り返るほど無理な頑張りを減らし再開できる日常の力が育ちます。終了時刻を守れた日と翌日の動きやすさを比べれば自分に合う仕事量を具体的に決められます。休んだ後に再開しやすかった手順も記録し周囲へ共有すれば負担を一人で抱えない働き方へ近づきます。,繰り返す作業から負担の大きいものを一つ選び終了時刻と翌日へ残す基準を決めてください。食事と休憩と睡眠も予定へ入れます。作業量と身体の反応を一週間記録し月末に続ける習慣とやめる手順を選びましょう。再開しやすかった方法も記録してください。安心も確認しましょう。
2026_LEO,12,7,静かな距離から関係の本音を確かめ直す,今月は親しい相手との間で言えなかった気持ちや無理をした役割を静かに見直します。すぐ結論を出さず一人の時間と安全な対話を分けるほど関係を続けるための本音と境界が見えてきます。距離を置く時間も信頼を支えます。,今月は休息や内省や舞台裏の整理がパートナーシップや一対一の関係と結びつきます。相手とのやり取りから少し距離を取り自分の本音を確かめる時です。関係を決めつけず安心して考えられる時間を作ることが今月の中心になります。　言えなかった不満や感謝が浮かんだり相手の気分を受け取りすぎたり一人で過ごしたくなったりするでしょう。沈黙を罰として使わず考える時間が必要だと伝えてください。相手の意図と自分の受け取り方も分けます。　中盤は内側で整理した気持ちを信頼できる言葉で少し伝えやすくなります。月末に向けては静かな確認から自分の希望を示す新しい関わりへ移るでしょう。関係の釣り合いと心地よい距離を整える余裕も戻るため好意と同意を分けて相談できます。　今月の関係は常に一緒にいることで守られるものではありません。離れて考え戻って話す時間があることも信頼です。対話の前後で変わった気持ちと残った違いを記録するほど相手へ合わせすぎず自分を閉ざしすぎない境界を育てられます。一人で考えた後に相手へ伝えたいことがどう変わったかを記録すれば距離が拒絶ではなく理解を深める時間だったと確認できます。次の対話では守りたい境界と関係へ残したい好意を別々に言葉へできます。,相手と話す前に事実と感じたことと望む距離を分けて書いてください。考える時間が必要な場合は次に話す時期も伝えます。対話後は一致した点だけでなく残った違いと安心できた言葉を記録し無理のない関わり方を選びましょう。一人へ戻った後の気持ちも記録してください。
2026_LEO,12,8,深い感情を静かにほどき共有の境界を戻す,今月は共有責任や親密さの中で抱えてきた深い感情を静かに整理します。一人で意味を決めず事実と解釈と守るべき情報を分けるほど重さを抱え込みすぎない信頼の境界が戻ります。相談することも境界を守る力です。,今月は休息や内省や舞台裏の整理が共有資源や深い感情や変化への向き合い方と結びつきます。見ないようにしてきた重さを静かに扱う時です。一度に解決せず今の自分が安全に見られる範囲を選ぶことが今月の中心になります。　共同のお金や責任を整理したくなったり過去の結びつきの感情が戻ったり誰かの秘密を抱えて疲れたりするでしょう。事実と自分の想像を分け守秘の範囲を確認してください。必要なら信頼できる専門的な相談先へつなぎます。　中盤は曖昧だった条件や気持ちを必要な相手へ少し言葉にしやすくなります。月末に向けては内側の整理から自分の境界を明確に示す流れへ移るでしょう。心地よい距離と公平な交換を取り戻す余裕も生まれるため受け取ることと断ることの両方を認めてください。　今月の手放しは過去を忘れることではありません。今後も持つ責任と返してよい重さを分けることです。話した後の身体の反応と安心が増えた点を記録するほど深い経験に支配されず信頼と自分の生活を両方守れます。相談したことで軽くなった責任と今後も自分が扱う範囲を記録すれば再び曖昧になった時にも戻れる基準になります。深い話題の後に日常へ戻る小さな習慣を持つことも共有の重さから自分を守ります。,重く感じる共有事項について事実と自分の解釈と誰が担う責任かを書き分けてください。重要情報は守秘範囲と相談先を確認します。一度で結論を出さず話した後には休息を取り安心が増えたかを確かめて次の対応を選びましょう。日常へ戻るための休息も確保してください。
2026_LEO,12,9,静かな探究から次に信じる方向を選び直す,今月は外へ答えを探し続けるより学びや信念を一人で振り返ります。以前の正しさへ固執せず体験で変わった点と残る問いを受け入れるほど次に進みたい方向が静かに整います。問いを残す余地も知恵になります。,今月は休息や内省や舞台裏の整理が学びや旅や信念や広い視野と結びつきます。新しい答えを増やす前にこれまで学んだことを自分の経験へ戻す時です。結論を急がず長く持ちたい問いを選ぶことが今月の中心になります。　積んだままの本を読み返したくなったり旅の記憶から意味が浮かんだり信じてきた考えに違和感を覚えたりするでしょう。情報を集め続けず一つの資料と自分の体験を往復してください。分からないことは保留できます。　中盤は内側で育ててきた考えを信頼できる相手へ少し話しやすくなります。活動力は仲間や社会の目標へ向かうため学びを未来の小さな実践へつなげられるでしょう。月末に向けては静かな探究から自分の方針として新しい一歩を選ぶ流れが始まります。　今月の信念は強く言い切ることで証明するものではありません。新しい経験に応じて修正できる柔らかさも軸の一部です。以前と変わった考えと今も残る問いを記録するほど借り物の正しさから離れ次に学ぶ方向を自分の意思で選べます。学びを休んだ時にも戻ってくる問いは長く探究する価値のあるテーマかもしれません。急いで人へ説明せず次に試したい体験と必要な準備を記録すれば静かな理解を現実の選択へ無理なくつなげられます。,これまで影響を受けた考えを一つ選び役立った点と今は違和感がある点を書いてください。資料を一つ読み直し体験との違いを確かめます。答えが出ない問いはそのまま残し月末に次へ試す小さな行動だけを決めましょう。考えた後の休息と余韻も残してください。急がず進みましょう。
2026_LEO,12,10,舞台裏で仕事を振り返り次の役割へ備える,今月は社会で担ってきた役割を表から離れて静かに振り返ります。評価を追うより終えた仕事と引き継ぐ責任と次に担いたい価値を分けるほど月末から始める役割の輪郭が整います。休む時間も次の責任を支えます。,今月は休息や内省や舞台裏の整理が仕事や社会的な役割と結びつきます。前へ出続けるよりこれまでの責任と成果を静かに見直す時です。終えた役割を片付け次の立場へ持つ経験を選ぶことが今月の中心になります。　報告書や引き継ぎを整えたくなったり人知れず支えてきた仕事の重さへ気づいたり今後の目標を一人で考えたくなったりするでしょう。評価されない作業も記録し自分だけが知る情報や判断を共有できる形へ残してください。　中盤は舞台裏で考えてきた方針を必要な人へ説明しやすくなります。活動力は仲間や社会的な計画へ向かうため次の役割を共同の目標へつなげられるでしょう。月末に向けては内側の準備から自分の名で新しい仕事の進め方を始める流れへ移ります。　今月の休止は仕事を諦めることではありません。役割と自分を分け何を終え何を持って次へ進むかを選ぶ時間です。過去の評価ではなく仕事の後に残った誇りと負担を記録するほど次の目標を見栄ではなく納得から選べます。引き継ぎを受けた人から質問を集めれば自分だけが無意識に担っていた判断や工夫も見える形にできます。その記録を残すことで過去の役割を抱え続けず次の人が自分の方法を加えられる仕事の土台になります。,終えた仕事と継続する責任と引き継ぐ情報を三つに分けて一覧にしてください。見えない準備や判断の経緯も記録します。今後の役割を決める前に休息を取り残したい価値と繰り返したくない負担を言葉にしましょう。引き継いだ人の質問も記録へ反映してください。
2026_LEO,12,11,つながりを静かに整理し残したい未来を選ぶ,今月は仲間やコミュニティとの関わりを一度静かに見直します。全ての輪へ残ろうとせず役割を終える関係と休んでも戻れる関係を分けるほど本当に育てたい未来へ力を戻せます。離れる自由もつながりを守ります。,今月は休息や内省や舞台裏の整理が仲間やコミュニティや未来の計画と結びつきます。人とのつながりを広げるより今後も大切にしたい輪を静かに選ぶ時です。参加し続ける義務と本当の願いを分けることが今月の中心になります。　通知の多さに疲れたり終えたい役割が見つかったり以前の仲間との記憶が浮かんだりするでしょう。突然消えるのではなく必要な引き継ぎと離れる時期を伝えてください。全員の感情を背負わず相談できる人を持ちます。　中盤は活動の中で感じていた負担や願いを仲間へ少し説明しやすくなります。活動力も仲間や未来の計画へ向かうため整理後に残した一つの構想へ力を戻せるでしょう。月末に向けては静かな選別から自分の意思で新しい参加の形を始める流れが生まれます。　今月のつながりは休まず関わることで証明するものではありません。距離を置いても互いを尊重できる関係には戻る余地があります。活動後の安心と疲れを記録し関わる理由を確かめるほど周囲の期待ではなく自分が育てたい未来を選べます。距離を置いた後にも気になる活動と義務感が薄れていく活動を分けて記録すれば本当に残したい輪が見えてきます。戻る場合にも以前と同じ役割を引き受けず今の自分に合う参加方法を選べます。,関わっている集まりを一覧にし続けたい理由と終えたい役割と必要な引き継ぎを書いてください。休む場合は戻る時期を決めなくても構いません。通知を減らした後に残る願いを記録し今後力を向ける輪を一つだけ選びましょう。離れた後に残る気持ちも記録してください。
2026_LEO,12,12,深い静けさの中で古い周期をやさしく閉じる,今月は一人の時間と夢や記憶を通して長く続いた心の周期を静かに閉じます。無理に答えや意味を作らず薄れていくものと繰り返し残る願いを見分けるほど次の始まりへ余白が生まれます。静かな回復も大切な前進です。,今月は休息や内省や舞台裏の整理そのものが生活の中心へ出てきます。外の予定や評価から距離を取り心と身体が抱えてきたものを静かに休ませる時です。結論を出すより終わりを受け入れる余白を持つことが今月の中心になります。　一人で眠りたくなったり夢や過去の記憶が鮮明になったり理由の分からない疲れや願いが浮かんだりするでしょう。すぐ事実や予兆と決めず日時と感覚を記録してください。孤立せず必要な時に連絡できる相手も確保します。　中盤は言葉にならなかった思いを信頼できる相手や記録へ少し移しやすくなります。月末に向けては深い静けさから自分の生活を新しく整える流れへ移るでしょう。心地よい手入れや穏やかな美しさを選ぶ余裕も戻るため小さな喜びを回復の合図として受け取れます。　今月の手放しは全てを忘れることではありません。過去から受け取った意味を残し役目を終えた痛みや義務を休ませることです。繰り返し戻る願いと休むと薄れる焦りを分けて記録するほど静かな終わりが次の始まりを受け入れる空間になります。静かな時間の前後で眠りや気分や考え方がどう変わったかを記録すれば休息がもたらした回復を確かめられます。次に動き始める時も焦りではなく身体に戻った余力を基準に速度を選べるでしょう。,通知や予定を減らした静かな時間を作り夢や記憶や身体感覚を事実と解釈へ分けて記録してください。答えを急がず必要な時は信頼できる相手へ連絡します。月末に残った願いを一つ選び朝の手入れなど小さな始まりへつなげましょう。休んだ後の余力も判断材料にしてください。
2026_VIRGO,1,1,自分の輪郭を整えて新しい基準で動き出す,今月は他人の期待に合わせる前に身体の感覚と今の希望を確かめ、自分に合う生活の基準を作り直す時です。小さな手入れと無理のない予定を積み重ねるほど、焦りではなく納得から次の一歩を選べます。,今月は自分自身の見せ方と動き方を、今の状態に合わせて整え直すことが中心になります。周囲からどう見えるかより、起きた時の感覚や日中の集中力、身につけて心地よいものを確かめる時です。以前なら当然に引き受けた予定にも、今の自分には合わない部分が見えてくるでしょう。変えたい点を一度に直すのではなく、毎日触れるものから選び直すほど自分の輪郭が戻ります。　この流れは考え方だけでなく、姿勢、身だしなみ、話す速さ、休む間合いといった身体に近いところへ現れます。誰かの方法をそのまま採用するより、試した後に楽になったか、続けられたかを判断基準にしてください。不得意を隠すための努力と、自分を扱いやすくする工夫を分ければ、力を注ぐ場所が明確になります。　中盤以降は、頭の中で点検していたことを人に説明し、予定や役割を調整しやすくなります。伝える時は完成した答えを示すより、今できる範囲と検討中の部分を分けると誤解が減るでしょう。月後半には自分だけの都合から一歩離れ、相手との釣り合いも見ながら新しい基準を試す段階へ移ります。　今月の再出発は、大きく印象を変えることではありません。朝の支度、仕事を始める順番、断る時の言葉など、小さな選択に自分の意思を戻すことです。調整を重ねるほど、勢いがない日にも守れる基準が育ちます。迷った時は見栄えより、明日も同じ選択を続けられるかを確かめてください。,朝と夜の状態を短く記録し、楽に続けられた身支度や作業手順を一つ残してください。新しい予定を入れる前に休息を確保し、人へ伝える必要がある変更はできる範囲と保留部分を分けて説明します。週の終わりに身体の負担と納得感を見直し、無理が残る日は手順を戻しましょう。
2026_VIRGO,1,2,自分に必要な豊かさを選び収支を整え直す,今月は所有物やお金の使い方を通して、自分が本当に守りたい価値を見定めます。足りなさへの不安から増やすより、日々役立つものと気持ちよく払える範囲を確かめるほど、自分らしい安定を作れます。,今月は自分の基準を取り戻す作業が、収入、支出、持ち物、時間の使い方へ具体的に現れます。人から勧められたものや惰性で続けている契約を見直すと、現在の生活には合わない出費が見つかるかもしれません。節約そのものを目標にせず、何へ払うと暮らしが整い、何へ払うと後から重く感じるのかを確かめる時です。　価値の点検は、自分の能力をどう扱うかにも及びます。頼まれれば無償で引き受けること、苦手を埋めるために時間を使い過ぎること、持っている技術を低く見積もることを分けて考えてください。金額だけでなく、準備時間や回復に必要な時間まで含めて負担を測れば、引き受け方の境界を決めやすくなります。　前半は見た目の整った条件や公平さが判断材料になりやすい一方、中盤以降は共有するお金や信頼の深さまで確認したくなります。親しい相手との支払い、貸し借り、共同購入は、好意だけで曖昧にせず用途と期限を言葉にすると安心につながります。月末頃には、表面上の価格より背景にある条件を確かめる視点も強まるでしょう。　今月の安定は、何も減らさないことではなく、今の自分に必要なものへ資源を戻すことから生まれます。数字を責める材料にせず、選び方を調整する情報として扱ってください。小さな余白を先に確保すれば、楽しみを我慢だけで管理せず、納得できる形で残せます。,固定費と変動費に加え、時間や手間がかかる約束も一覧にしてください。残す理由を説明できないものはすぐ解約せず次の確認日を決めます。共同の支払いは金額、用途、期限を短く共有し、自分の楽しみに使える小さな枠も先に確保して、残った余白も数字で確認しましょう。
2026_VIRGO,1,3,言葉と情報を整えて自分の考えを伝え直す,今月は集め過ぎた情報を減らし、今の自分が本当に伝えたいことを簡潔に組み立て直します。正しい答えを急ぐより、確認した事実と自分の意見を分けるほど、学びも会話も身軽に進み、日々の迷いも減ります。,今月は自分の立て直しが、言葉、連絡、学び方、身近な移動へ表れます。読むものや通知が増え過ぎているなら、情報量を増やす前に、今の課題へ直接役立つものを選び直してください。細かな違いに気づきやすい時だからこそ、全てへ反応するより、確認が必要な点と後でよい点を分けることが大切です。　日常では、メールの書き方、質問の順番、メモの残し方を整えるほど負担が減ります。分かったつもりで進めず、相手の言葉を短く言い換えて確認すると行き違いを防げるでしょう。学習では広く手を出すより、一つの教材を使い切り、自分の言葉で説明できるところまで進める方が手応えにつながります。　前半は間違いを減らすための点検が中心ですが、中盤以降は一人で考え込むより、人との対話で視点を調整しやすくなります。異なる意見をすぐ採否に分けず、何を前提に話しているかを聞くと、自分の考えにも新しい余地が生まれます。月末頃には表面的な返事で済ませず、背景や意図を確かめたい気持ちが強まりそうです。　言葉を整えることは、うまく見せることではありません。言えること、まだ分からないこと、助けが必要なことを区別する作業です。考えが変わった時も以前の発言を恥じるより、どの情報で判断が変わったかを説明してください。その誠実さが、自分の声への信頼を育てます。,通知を受け取る時間を決め、今週扱う情報源を少数に絞ってください。連絡文は事実、希望、確認事項の順に見直し、送る前に一度読み上げます。学んだ内容は短い要約にし、分からない点を一つ質問として残します。返事を待つ期限と次の連絡日も添えておきましょう。
2026_VIRGO,1,4,暮らしの土台を整えて安心できる居場所を作る,今月は外で求められる自分より、家で無理なく戻れる自分を基準に暮らしを整えます。家族の役割や住まいの不便を小さく見直すほど、休むことへの遠慮が減り、新しい行動を支える土台が育ちます。,今月は自分の生活を立て直す力が、家、家族、居場所、心のよりどころへ向かいます。外での評価に合わせて暮らしを後回しにしてきたなら、家に戻った時の疲れ方や片付けにくい場所を観察してください。住まいを完璧に整えるより、毎日使う場所が自分の動きに合っているかを確かめる時です。　家族や身近な人との間では、誰が何を当然に担っているかが見えやすくなります。気づいた人だけが補う状態を続けず、頻度、得意不得意、休みたい日を含めて役割を話してください。過去から続く習慣も、守る価値があるものと、現在の生活を窮屈にするものを分ければ、思い出を否定せず更新できます。　月の前半は身内を守るために動く力が強く、頼まれる前に手を出し過ぎることもありそうです。月末頃には、内側で抱えていた力を自分の意思表示や楽しみへ向けやすくなります。月後半は自分だけの快適さに閉じず、同居する人との釣り合いや共有空間の使い方を相談する段階へ移るでしょう。　安心できる居場所は、いつも穏やかな場所という意味ではありません。疲れたと言え、予定を変更でき、違いを話し合える場所です。家具を動かすことより先に、家でどのように休みたいかを言葉にしてください。小さな合意を重ねるほど、外へ動く時にも戻る場所への不安が減ります。,帰宅して最初に負担を感じる場所を一つ選び、物の位置か家事の手順だけを変えてください。家族や同居人とは担当を固定する前に、今週難しいことと助けてほしい範囲を共有します。一人で休める時間帯も予定へ入れ、変更後の使いやすさを週末に確かめましょう。
2026_VIRGO,1,5,好きなことを磨いて自分らしい表現を育てる,今月は人に評価される形を急がず、心が動く遊びや創作へ丁寧に時間を戻します。小さく試し、楽しかった点と続けにくかった点を確かめるほど、自分らしい表現と喜びの育て方が見え、毎日の手応えも育ちます。,今月は自分を整え直す過程で、創作、遊び、恋愛、好きなことへ使う力が前に出ます。役に立つか、評価されるかを先に問うより、手を動かした時に気持ちが明るくなるものを確かめてください。興味が散らばっているなら、完成品を増やすより、今月育てたい一つの題材を選ぶと集中しやすくなります。　楽しみの領域では、自由に遊びたい気持ちと、上手に見せたい気持ちが混ざりやすいでしょう。反応を待って手が止まる時は、公開する作品と自分のための試作を分けてください。恋愛や親しい交流でも、相手を喜ばせる工夫と、自分が無理をして演じることは別です。好意を示しながらも、好みや速度を正直に伝えることが関係を育てます。　今月を通して、堂々と表現する余地や遊び心を広げる追い風があります。ただし大きな舞台を急いで選ぶより、少人数へ見せる、短い時間で試すなど、続けられる規模から始める方が自信を育てられます。月末頃には内側で守っていた情熱を外へ出し、意思をはっきり示したくなるでしょう。　今月の創造性は、特別な才能を証明するためではありません。生活の中で自分が何に喜び、何を面白いと思うかを取り戻すためのものです。失敗した試作にも、好きな色や題材が残ります。結果より、もう一度触れたいと思えた部分を記録してください。,今月試す創作や遊びを一つ決め、短い時間でも触れる日を予定に入れてください。公開用と自分用を分け、反応を見る前に楽しかった工程を記録します。親しい相手には合わせられる範囲と自分の希望を両方伝え、楽しんだ後に疲れが残り過ぎない規模へ調整しましょう。
2026_VIRGO,1,6,日々の手順を見直して無理なく動ける形にする,今月は仕事や家事を速く終えることより、疲れを溜めずに繰り返せる手順を作る時です。細かな負担を記録し、優先順位と休む位置を調整するほど、自分の力を安定して使える日常へ近づき、日々の判断も軽くなります。,今月は自分を立て直すテーマが、仕事、家事、生活習慣、身体の手入れに直接つながります。やるべきことが多い時ほど、気合いで速度を上げるより、どこで迷い、どこで中断されるかを観察してください。小さな不便を一つずつ減らすことが、今月の主導権を取り戻す方法になります。　実務では、担当範囲が曖昧な仕事、毎回探す資料、返事を待つ工程を整理すると効果が見えやすいでしょう。自分だけが分かる手順は簡単なメモへ残し、誰かへ渡せる形にしてください。身体についても良し悪しを決めつけず、食事、睡眠、移動、集中時間の後にどう感じたかを記録し、続けやすい条件を探ります。　前半は細部を確認し、やり直しを減らす工夫に向きます。中盤以降は自分一人の効率だけでなく、周囲との受け渡しや締切の相談が重要になります。月後半には作業量を均等にするより、互いの得意と余力を見ながら分担を調整する流れへ移るでしょう。　整った日課は、毎日同じ量をこなす仕組みではありません。余力が少ない日にも最低限を選べ、調子がよい日に先回りし過ぎない仕組みです。予定どおりに進まない日を失敗とせず、手順を改善する情報として扱ってください。休息を工程の外へ追い出さないことが継続を支えます。,仕事や家事を始めて終えるまでの手順を書き出し、迷う場所を一つだけ減らしてください。集中時間と休憩を同じ予定表へ入れ、終わらない作業は能力ではなく量と期限の問題として調整します。週末には続けられた工夫だけを残し、合わない方法は小さく戻しましょう。
2026_VIRGO,1,7,関係の中で自分の希望と境界を伝え直す,今月は相手に合わせて関係を保つより、自分が無理なく関われる条件を言葉にする時です。公平さだけでなく本音と信頼の深さも確かめるほど、対話を続けられる距離と役割が見え、安心して関われます。,今月は自分を整え直す課題が、パートナー、仕事相手、親しい人との一対一の関係に映し出されます。相手の反応を先に読んで希望を引っ込めてきたなら、何を頼み、何を断りたいのかを自分の中で整理してください。関係を変えるために強く主張するのではなく、続けられる条件を具体的に示す時です。　対話では、平等に見えることと、双方が納得していることを分けて考える必要があります。担当を半分ずつにしても負担感が違う場合は、時間、得意不得意、責任の重さまで含めて話してください。意見が異なった時も相手を説得する前に、守りたいものが何かを互いに確認すると、対立以外の選択肢が見つかります。　前半は礼儀やバランスを保ちながら話しやすい一方、中盤以降は表面上の穏やかさだけでは済ませず、信頼や共有条件を深く確かめたくなります。月後半には自分の都合だけを整える段階から、相手との合意を作り直す段階へ移るでしょう。曖昧な返事を急いで結論とみなさないことも大切です。　自分らしく関わることは、相手への配慮を減らすことではありません。無理な約束を避け、変更が必要な時に早めに伝えることも配慮です。良い関係の形を一度で決めず、試した後の負担と安心を持ち寄りながら更新してください。,一対一で続けている約束を見直し、自分が無理を感じる場面と助かっている点をそれぞれ書いてください。話す時は相手への評価ではなく、事実、負担、希望の順で伝えます。すぐ結論を求めず試行期間を決め、双方の余力と納得に加え、話した後の気持ちも確かめましょう。
2026_VIRGO,1,8,共有するものを整理して深い信頼を育て直す,今月は共有するお金や責任、言いにくい感情を曖昧なまま抱えず、自分が引き受けられる範囲を確かめます。相手を信じることと条件を確認することを両立させるほど、深く関わっても自分を失わない形が育ちます。,今月は自分の基準を作り直す作業が、共有資産、共同責任、親密さ、受け継いだ課題へ向かいます。人と深く関わるほど、自分の希望より相手の事情を優先したり、反対に不安から管理したくなったりするかもしれません。まず自分が何を差し出せて、何は相談なしに決められないのかを整理してください。　共同のお金や作業では、善意だけに頼らず、金額、期限、確認方法を共有することが信頼を守ります。過去の経緯が複雑な場合も、一度に全てを解決しようとせず、今月扱う範囲を区切ってください。感情については、相手の気持ちを推測する前に、自分の不安、期待、ためらいを別々に言葉にすると対話の入口が作れます。　中盤にかけては、心地よい距離や公平な条件を整える段階から、より深い信頼と共有のあり方を確かめる段階へ移ります。月末頃には曖昧な合意の背景や、言葉にされていない前提へ目が向きやすくなるでしょう。問い詰めるより、確認したい理由を添えて質問することが大切です。　今月の深まりは、秘密を全て明かすことでも、負担を一人で背負うことでもありません。話せる速度を尊重しながら、責任の所在だけは曖昧にしないことです。境界を示しても続く関係かどうかを、時間をかけて確かめてください。,共有している支払い、情報、役割を一覧にし、自分だけが把握しているものへ印を付けてください。相手と確認する時は用途、期限、変更時の連絡方法をそろえます。感情的に重い話は一度で結論を出さず、話せる範囲と次に確認する時期を決めて余白を残しましょう。
2026_VIRGO,1,9,学びと経験を選び直して自分の視野を広げる,今月は多くを知ることより、今の自分が確かめたい問いを選び、学びを実際の経験へつなげます。正解を借りるのではなく、調べたことと自分の実感を照らし合わせるほど、進みたい方向が具体的になります。,今月は自分の立て直しが、学問、専門知識、遠方への関心、人生観の見直しへ広がります。新しい考えに触れるほど可能性が増える一方、情報を集めるだけで満足しやすい時でもあります。今の暮らしで確かめたい問いを一つ選び、読む、聞く、試すという順で理解を深めてください。　学びでは肩書や有名さだけを基準にせず、その知識がどの経験から生まれ、どこまで確かめられているかを見ることが大切です。自分と異なる文化や意見に出会った時も、すぐ賛成か反対かを決めず、前提の違いを尋ねてください。旅行や遠出を考える場合は、予定を詰めるより、実際に見て考える余白を残す方が収穫を受け取りやすくなります。　中盤以降は一人で調べた内容を人と交換し、考えの偏りを調整しやすくなります。同時に、これまで新しさを求めて飛びついた情報や学び方を見直す背景も強まるでしょう。以前の結論を捨てる必要はありませんが、現在も有効かを問い直すことで、自分の言葉で語れる部分が増えます。　今月の視野の広がりは、遠くへ行くことだけではありません。知った内容を日々の選択へ落とし込み、合わない部分を修正することです。学びの量より、考え方や行動がどのように変わったかを記録してください。,今月深める問いを一つ決め、読む資料、話を聞く相手、実際に試すことをそれぞれ一つ選んでください。新しい意見は出典と前提を確認し、自分の考えと違う点を短く記録します。週末に学んだ量ではなく、判断や行動がどう変わったかを振り返り、次に読むものも一つだけ決めましょう。
2026_VIRGO,1,10,仕事の基準を整えて自分らしい責任を選ぶ,今月は求められる役割を増やすより、自分が責任を持てる範囲と仕事の進め方を整えます。成果だけでなく準備や調整の負担まで見直すほど、無理な期待に流されず、今後育てたい立場が明確になります。,今月は自分を整え直すテーマが、仕事、社会的な役割、目標、周囲からの見られ方へ現れます。次の成果を急ぐ前に、現在の担当がどの目的につながり、どこで負担が偏っているかを確認してください。目立つ仕事だけでなく、準備、連絡、後処理に使う時間を含めて役割を捉え直す時です。　職場では、曖昧な依頼をそのまま引き受けず、完成条件、期限、優先順位を尋ねることが自分の責任を守ります。得意だから任され続けている作業も、今後育てたい能力と一致するかを確かめてください。評価を得るために全てを抱えるより、誰へ渡せるか、どこを仕組みにできるかを考える方が長く続く実績になります。　中盤以降は細部を一人で詰める段階から、関係者と基準や分担を調整する段階へ移ります。月末頃には守りに向いていた行動力が表現や意思表示へ向かい、自分の提案を前へ出したくなるでしょう。その時も勢いだけで約束を増やさず、試行範囲と見直し時期を示すと現実的です。　自分らしい責任とは、好きな仕事だけを選ぶことではありません。引き受ける理由を理解し、難しい時に相談できる状態を作ることです。今月整えた手順や境界は、肩書より確かな仕事の土台になります。その積み重ねが、次の役割を選ぶ時の判断材料にもなるでしょう。,担当している仕事を目的、期限、完成条件で整理し、説明できない項目は依頼者へ確認してください。準備と後処理の時間も予定へ含め、追加依頼には現在の優先順位を示して返答します。提案は小さく試せる範囲にし、結果を見直す日と余力を確認する日を先に決めておきましょう。
2026_VIRGO,1,11,仲間との役割を整えて育てたい未来を選ぶ,今月は多くの輪へ参加するより、自分がどの仲間と何を育てたいかを選び直します。期待される役割と本当に持ち寄りたい力を分けるほど、無理なく関われる距離と現実的な未来の計画が見えてきます。,今月は自分の基準を作り直す動きが、友人、チーム、コミュニティ、将来の計画へ向かいます。誘われた場へ全て顔を出すより、参加した後に充実が残る集まりと、義務感だけが残る集まりを見分けてください。人との縁を数で測らず、どの関係なら違いを話せるかを確かめる時です。　共同活動では、中心人物に合わせるだけでなく、自分が提供できることと必要な支援を言葉にしてください。役割を終えたい場合も突然離れるのではなく、引き継ぐ情報と区切りを共有すると関係を守れます。未来の計画は理想を大きく描くだけでなく、今月試せる一歩、必要な人数、使える時間へ分けると動かしやすくなります。　月の途中から、これまで新しいつながりを求めて広げてきた連絡先や情報網を見直す背景が強まります。古い仲間へ戻るというより、今の自分に必要な交流方法を再検討する時です。月末頃には内側で温めた意見を仲間の前で示し、企画や創作を主導したくなるでしょう。　自分らしく仲間と関わることは、常に中心に立つことではありません。参加する時と休む時を選び、約束した範囲を丁寧に果たすことです。将来像も一度で決めず、実際に協力した時の負担と喜びを材料に更新してください。,関わっている集まりを一覧にし、続けたい理由、現在の役割、休みたい範囲を記録してください。共同計画は今月試す一歩と担当を明確にし、連絡が途切れた時の確認方法も決めます。参加後の充実と疲れを振り返り、次回の関わり方と休む選択を周囲へ共有しましょう。
2026_VIRGO,1,12,静かな時間を整えて内側から自分を立て直す,今月は外へ新しい姿を示す前に、一人の時間と休息の質を整えます。言葉にならない疲れや願いを急いで結論にせず、静かな記録と小さな手入れを続けるほど、次に動くための余白が内側から戻ります。,今月は自分を整え直す流れが、休息、内省、舞台裏の準備、言葉になる前の感覚へ深く向かいます。前へ出たい気持ちがあっても、身体や心が追いつかない日は、遅れではなく調整の必要を知らせています。予定を減らした時に浮かぶ考えや、繰り返し見る夢をすぐ答えと決めず、まずそのまま記録してください。　一人の時間には、過去の選択を反省し続けるより、何に疲れ、何が終わりつつあるかを見分けることが大切です。人には説明しにくい作業や感情も、見えないから無価値なのではありません。資料を整理する、眠る環境を整える、相談したいことを下書きするなど、表へ出る前の準備が今月の自分を支えます。　今月を通して、創造や喜びを内側で育てる余地があります。すぐ公開せず、自分だけの試作や楽しみとして守ることで、評価から離れた好みを確かめられるでしょう。月後半には完全に一人で抱える段階から、信頼できる相手へ少しずつ言葉を渡し、助けや役割を調整する流れへ移ります。　休むことは、新しい自分になる作業を止めることではありません。余計な刺激を減らし、今後も持っていきたい願いと、役目を終えた焦りを分ける時間です。静かな日にもできた小さな手入れを数えれば、回復を成果の有無だけで判断せずに済みます。,通知を切る短い時間を作り、眠り、気分、繰り返す考えを解釈せず記録してください。表へ出す前の準備を一つだけ進め、残りは休息へ戻します。抱え続けていることは相談用の下書きにし、月後半に信頼できる相手へ話す範囲を選び、話した後にも休む時間を取りましょう。
2026_VIRGO,2,1,身体に合う使い方を選び自分の価値を守る,今月は収入や持ち物の多さより、自分の身体と気分を安定させるために何が必要かを見直します。見栄や不安から選ぶものを減らし、毎日使えて手入れしやすいものへ絞るほど、自分を大切に扱う感覚が育ちます。,今月はお金や所有物を整えることが、自分の身体、見せ方、日々の選択へ直接つながります。身につけるものや食事、移動手段など、毎日使うものが現在の自分に合っているかを確かめてください。高価かどうかより、使った後に身体が楽か、準備が簡単か、繰り返し選びたいかを見る時です。周囲の基準に合わせるための出費と、自分を扱いやすくする出費を分けるほど判断が明確になります。　自分の価値を金額だけで測ろうとすると、足りない点ばかりが目につくかもしれません。今ある技術、時間、体力、経験を一覧にし、どの場面で役立っているかを見直してください。頼まれたことをすぐ引き受ける前に、準備と回復に必要な時間も含めて負担を考えると、自分の力を安売りせずに済みます。　前半は見た目の調和や人から受け入れられやすい選択へ気持ちが向きやすいでしょう。中盤以降は表面上の印象より、自分が本当に安心できる品質や長く使える条件を重視したくなります。好みに合うものでも一度に揃えず、試してから残す姿勢が今月の手入れを現実的にします。　自分を大切にすることは、いつも欲しいものを買うことでも、厳しく我慢することでもありません。体力や予算の範囲を理解し、その中で心地よい選択を重ねることです。今月残した基準は、迷った時に他人の評価ではなく自分の感覚へ戻る支えになります。,毎日使う物を三つ選び、使いやすさ、手入れの負担、身体への心地よさを記録してください。新しく買う前に似た物の有無と保管場所を確かめます。頼まれ事は作業時間だけでなく準備と回復も含めて返答し、週末に無理なく続けられた選択を一つ丁寧に残しましょう。
2026_VIRGO,2,2,お金と持ち物を棚卸し安心できる基準を作る,今月は家計と所有物を細かく点検し、自分にとって十分といえる範囲を決める時です。減らすことだけを目的にせず、安心を支える支出と惰性で続く支出を分けるほど、楽しみを残した現実的な計画が整います。,今月は収入、支出、持ち物、自分の能力を一つの資源として見直すことが中心になります。数字を見ることを反省の時間にせず、現在の選び方を知るための記録にしてください。毎月引かれる費用、気づかないうちに増える小さな支払い、使わず保管している物を並べると、生活を支えているものと不安から持ち続けているものを分けやすくなります。　自分にとっての十分さは、周囲と同じ金額では決まりません。固定費を払った後に必要な余白、急な変更へ備える分、気持ちを回復させる楽しみをそれぞれ考えてください。貯めることと使うことを対立させず、何のために残し、何のために使うかを言葉にすると、判断の揺れが小さくなります。　前半は価格と条件を比較し、公平で分かりやすい選択をしやすいでしょう。中盤以降は共同の支払いや長く付き合う契約など、表面の安さだけでは決められない項目へ目が向きます。相手との関係を守るためにも、金額、期限、変更条件を確認し、曖昧な好意へ負担を預けないことが大切です。　今月の安定は、数字を完全に管理することではありません。予定外が起きても暮らしを立て直せる余白と、迷った時に戻れる基準を作ることです。使わなかった額だけでなく、納得して使えた額も記録すれば、節約が自己否定にならず、自分に合う豊かさを育てられます。,一か月の支出を生活維持、将来への備え、楽しみの三つに分け、目的が分からない項目へ印を付けてください。すぐ削除せず次の更新日まで使用実態を確認します。買い物は置き場所と手入れ方法まで考え、週末に納得して使えたものも忘れず家計記録へ残しましょう。
2026_VIRGO,2,3,情報への支出を整えて伝える力を資源にする,今月は本や講座、通信、移動に使うお金と時間を見直し、今の課題へ役立つ情報を選びます。知識を集めるだけで終わらせず、短くまとめて人へ伝えるほど、自分の経験が実用的な価値へ変わります。,今月は資源の整理が、学び、連絡、情報機器、身近な移動へ具体的に現れます。便利そうだから契約したサービスや、読み切れない資料が増えているなら、現在の目的に直接つながるものを選び直してください。費用だけでなく、通知へ反応する時間や探し物に使う手間も支出の一部として捉えると、本当に必要な情報環境が見えてきます。　自分が知っていることを価値として扱うには、難しく見せるより、相手が使える形へ整理することが大切です。仕事の手順、近所で得た情報、学んだ内容を短く説明してみてください。無料で答え続けて疲れる場合は、どこまでなら気軽に共有でき、どこから準備が必要かを分けることで、自分の知識と時間を守れます。　前半は細部を調べ、誤りや重複を減らす作業が進みやすいでしょう。中盤以降は一人で集めた情報を人と交換し、互いに必要な点を調整する流れへ移ります。月末頃には表面的な要約だけでなく、根拠や背景まで確かめたくなるため、急いで発信する前に出典をもう一度確認してください。　情報を減らすことは、可能性を閉じることではありません。考える余白を取り戻し、選んだ知識を実際の判断へ使うための整理です。何を知っているかだけでなく、誰にどの形で伝えると役立つかを考えるほど、自分の経験が確かな資源になります。,購読、通信、学習サービスを一覧にし、今月使う目的を一文で書けないものは次の確認日を決めて保留してください。学んだ内容は三行で要約し、仕事や生活で一度試します。相談へ答える時は無料で話せる範囲と準備が必要な範囲を先に具体的かつ明確に伝えましょう。
2026_VIRGO,2,4,家の収支を見直して暮らしの安心を育てる,今月は住まいと家族に使うお金や労力を点検し、安心して戻れる暮らしの土台を整えます。誰か一人の我慢で家計を保つより、必要な費用と家事の負担を共有するほど、無理なく続く家庭の基準が作れます。,今月はお金と持ち物の見直しが、住まい、家族、生活の土台へ向かいます。光熱費や備品だけでなく、家事に使う時間、修理を先延ばしにしている場所、家族のために無意識に負担していることまで確認してください。見た目を一度に整えるより、日々の安心を妨げる不便から順に手を入れる方が、支出の意味を実感しやすくなります。　家族とのお金は、近い関係だからこそ曖昧になりやすいものです。誰がいくら払うかだけでなく、買い物や手続きに使う時間、急な対応を引き受ける人も含めて負担を話してください。過去から続く習慣を守る場合も、現在の人数や生活時間に合っているかを確かめれば、思い出を否定せずに更新できます。　月の前半は家や身内を守るために行動力を使いやすく、必要以上に先回りしてしまうこともありそうです。月末頃には守るだけでなく、自分や家族が楽しめる空間へ予算や手間を向けたくなります。その場の勢いで大きく変えず、まず一角を試し、使い勝手を確認してください。　暮らしの安心は、全てを所有することではなく、必要な時に使え、困った時に相談できる状態から生まれます。家計と家事を同じ土台で見直し、できない日を想定した代替手順も作っておくと、誰かの体力だけに頼らない住まいへ近づきます。,住まいにかかる固定費、備品、家事時間を一つの表へまとめ、困る頻度が高い項目から一つ選んでください。家族とは支払額だけでなく手続きと作業の担当も確認します。修理や購入は目的と予算上限を決め、小さな範囲で試した後に実際の使いやすさを見直しましょう。
2026_VIRGO,2,5,喜びに使う予算を決め創造の価値を育てる,今月は遊びや創作へ使う時間とお金を後回しにせず、自分が心から楽しめる範囲を整えます。評価や見栄のために費やすものと、もう一度触れたくなる喜びを分けるほど、自分らしい表現へ安心して力を注げます。,今月は資源の見直しが、創作、趣味、恋愛、遊び、子どもとの時間へ向かいます。楽しみに使うお金を無駄と決めつけず、どの経験が気持ちを回復させ、どの出費が反応を得るためだけに増えているかを確かめてください。道具を揃えて満足するより、すでに持っているものを実際に使う時間を確保することが今月の喜びを育てます。　創作では完成品の価格や評価を急ぐ前に、準備時間、材料費、繰り返し試した経験を自分で認めることが大切です。人へ見せる場合も、無料で頼まれた範囲と正式に引き受ける範囲を分けてください。恋愛や親しい交流では、相手を喜ばせるための出費と、自分も心地よく楽しめる選択を両立させましょう。　今月を通して、表現や遊びを広げる余地があります。ただし一度に大きく賭けるより、少人数へ見せる、短期間だけ試すなど、続けられる規模から始める方が手応えを育てられます。中盤以降は表面的な華やかさより、深く集中できる題材や信頼できる相手との時間へ価値を感じやすくなるでしょう。　喜びへ予算を付けることは、楽しさを管理することではありません。日常の責任に押し流されず、自分が何を好きか確かめる余白を守ることです。使った金額だけでなく、また続けたいと思えた工程を記録すれば、自分にとっての豊かさが具体的になります。,今月の遊びや創作に使える金額と時間を先に決め、持っている道具で一度試してから追加購入を考えてください。作品や好意へ対価を求める場合は準備範囲と納期を言葉にします。活動後の満足と疲れを記録し、もう一度続けたい工程へ次の小さな予算を残しましょう。
2026_VIRGO,2,6,働き方と日課を整えて自分の労力を守る,今月は仕事量と報酬、家事と休息の釣り合いを見直し、自分の労力を正確に扱う時です。速さだけで価値を示そうとせず、準備や回復まで含めた時間を把握するほど、無理なく続く働き方へ整えられます。,今月はお金と価値のテーマが、日々の仕事、家事、生活習慣、身体の手入れへ現れます。作業にかかる時間を実際より短く見積もったり、得意なことを簡単だからと無償で引き受けたりしていないか確認してください。目に見える成果だけでなく、準備、確認、片付け、回復まで含めて一つの仕事として数える時です。　実務では、道具やサービスへ払う費用が本当に負担を減らしているかを確かめましょう。安い物を何度も買い直すことと、必要以上の機能へ払い続けることの両方を避け、使う頻度に合う条件を選んでください。身体の手入れも、流行に合わせるより、睡眠や食事の記録から続けられる方法を見つけることが大切です。　前半は細かな手順や支出を点検し、無駄な往復を減らしやすいでしょう。中盤以降は仕事を一人で抱えるより、担当範囲、締切、対価について周囲と話し合う必要が出てきます。公平に分けるだけでなく、得意不得意と現在の余力を伝えるほど、実際に続く分担へ近づきます。　自分の労力を守ることは、依頼を全て断ることではありません。必要な時間を伝え、難しい時に相談し、休息を予定の一部として扱うことです。今月整えた記録は、頑張りの証明ではなく、適切な量と条件を選ぶための根拠になります。,一週間の仕事と家事について開始から片付けまでの時間を記録し、見積もりとの差を確認してください。道具やサービスは使用頻度と削減できた手間で判断します。追加依頼には現在の作業量と必要時間を示し、休憩と回復の時間も予定表から外さないようにしましょう。
2026_VIRGO,2,7,対等な条件を話し合い関係の価値を確かめる,今月は人との約束や契約を見直し、双方が納得して差し出せる時間、お金、労力を確認します。関係を壊さないために我慢するより、続けられる条件を丁寧に話すほど、信頼と自分の価値を同時に守れます。,今月は資源と自己価値のテーマが、パートナー、顧客、取引相手、親しい人との一対一の関係へ表れます。相手に喜ばれることを優先して、自分の時間や能力を少なく見積もっていないか確認してください。関係の親しさと条件の明確さは両立できます。何を互いに提供し、どこから相談が必要かを言葉にする時です。　仕事の契約では金額だけでなく、修正回数、連絡時間、期限変更の扱いを確かめると負担の偏りを防げます。私的な関係でも、会う頻度や移動費、贈り物について無理のない範囲を共有してください。半分ずつにすることが必ずしも公平ではないため、双方の状況と納得を聞きながら決めることが大切です。　前半は穏やかに条件を調整し、互いの好みを尊重しやすいでしょう。中盤以降は表面的な公平さだけでなく、信頼、独占したい気持ち、共有する責任まで深く確かめたくなります。不安から相手を試すのではなく、何が分からず心配なのかを具体的に伝えてください。　良い関係の価値は、費やした金額や一緒にいる時間だけでは測れません。無理を言え、変更を相談でき、違いがあっても交渉を続けられることも大切な資源です。一度の話し合いで完成させず、試した条件を後から見直せる約束を作りましょう。,続いている約束や契約を一覧にし、金額、時間、担当、変更条件が言葉になっているか確認してください。話し合いでは相手への評価ではなく、自分の負担と希望を具体的に伝えます。新しい条件は試す期間を決め、双方の納得と疲れ方を後から丁寧に見直しましょう。
2026_VIRGO,2,8,自分と共有の資源を分け深い信頼を整える,今月は自分のお金や力と、人と共有する資産や責任の境界を明確にします。助け合いを曖昧な負担へ変えず、用途、期限、決定権を確認するほど、深く関わっても自分の安心を保てる形が少しずつ育ちます。,今月は資源を整えるテーマが、共同資産、借り入れ、税や保険、受け継いだもの、親密な関係へ深く向かいます。自分だけで決められる範囲と、相手の同意が必要な範囲を区別してください。共有しているものが多いほど、好意や慣習だけに任せず、現在の状況を数字と事実で確認することが安心につながります。　共同の支払いでは、誰が多く負担しているかを責める前に、目的、期限、記録の場所をそろえましょう。借りた物や受け取った支援についても、返す形が金銭なのか、作業なのか、感謝を伝えることなのかを話すと誤解が減ります。言いにくい感情は相手の本音を推測せず、自分が不安に感じる条件から説明してください。　中盤以降は、心地よい距離を保つ段階から、信頼と共有の深さを確かめる段階へ移ります。表面上は整っていても、決定権や情報が一方へ偏っているなら、見直しが必要です。月末頃には合意の背景まで掘り下げたくなりますが、急いで全てを明らかにせず、今扱う範囲を区切りましょう。　深い信頼は、秘密を持たないことではありません。必要な情報へ互いにアクセスでき、変更があれば相談できる状態を作ることです。境界を示すことを拒絶と捉えず、自分と相手の資源を守るための手順として整えてください。,共同の口座、契約、保管情報、借りている物を一覧にし、所有者、利用者、期限、確認場所を記してください。相手と話す時は今月決める項目を一つに絞ります。感情が高まった場合は結論を保留し、次に話す時期と必要な資料を十分具体的に決めてから休みましょう。
2026_VIRGO,2,9,学びへの投資を選び経験を確かな価値にする,今月は学習や旅へ使うお金と時間を整理し、今の自分が深めたい問いへ資源を集中します。有名さや新しさで選ぶより、実際に試せて自分の言葉で説明できる学びを残すほど、経験が将来へ続く力になります。,今月はお金と価値の見直しが、専門的な学び、資格、旅、異文化への関心、人生観へ広がります。講座や資料を増やす前に、今の暮らしや仕事で何を理解したいのかを一文にしてください。費用だけでなく、受講時間、移動、復習に必要な余力まで見積もると、最後まで活用できる学びを選びやすくなります。　知識へ投資する時は、肩書や評判だけでなく、内容の根拠と自分が試せる機会を確認しましょう。学んだことを人へ説明したり、小さな課題へ使ったりすると、理解した部分と不足が見えてきます。旅も予定を詰め込むより、現地で感じた違いを記録し、帰ってから生活へ反映できる余白を残す方が経験の価値を深めます。　前半は資料を比較し、細かな条件や申込内容を点検することに向きます。中盤以降は他者の意見を聞き、自分の前提を調整する流れへ移るでしょう。同時に、新しさを求めて広げ過ぎた情報源や学習法を見直す背景も強まるため、続けるものと休むものを分けてください。　学びの価値は、費やした金額や修了証だけでは決まりません。判断の仕方が変わり、選べる行動が増えたかどうかが大切です。今月は成果を急がず、理解を生活へ移す一歩まで含めて投資として考えてください。,学びたい問いを一つ定め、講座や資料の費用、必要時間、試せる場面を比較してください。申し込む前に現在持っている教材を一度使い、足りない点を確認します。週末には学んだ量ではなく、判断や行動へ反映できたことを一つ記録して次の小さな課題を決めましょう。
2026_VIRGO,2,10,仕事の対価を見直して持続できる役割を選ぶ,今月は仕事で提供している能力と受け取る対価を整理し、責任の重さに合う条件を確かめます。評価を急いで役割を増やすより、準備や調整も含めた働きを言葉にするほど、長く続けたい仕事の基準が整います。,今月は資源と自己価値のテーマが、仕事、肩書、社会的な責任、将来の目標へ現れます。報酬の額だけでなく、どの能力へ期待され、どれほど判断を任されているかを確認してください。目立つ成果の裏にある準備や調整が数えられていないなら、記録して説明できる形へ整えることが今月の重要な作業です。　職場では、得意だから自然に引き受けてきた仕事と、正式な役割として評価される仕事を分けて考えましょう。交渉する場合は不満だけを伝えるのではなく、担当範囲、作業量、改善した結果を具体的に示してください。転職や新しい役割を考える時も、金額だけでなく学べること、裁量、休息を含めて比較すると長期的な納得につながります。　中盤以降は自分だけで条件を判断するより、上司や取引相手と基準を言葉にして調整しやすくなります。月末頃には内側で準備していた提案や能力を外へ示したくなるでしょう。その勢いを活かしつつ、できる範囲と追加条件を明確にすれば、過剰な約束を避けられます。　自分の仕事へ価値を認めることは、常に高い評価を求めることではありません。何を提供し、何を学び、どの負担なら続けられるかを理解することです。今月作った記録は、他人と比べる材料ではなく、自分に合う責任と対価を選ぶ根拠になります。,担当業務を成果、準備、調整、判断の四つに分け、実際に使った時間と責任を記録してください。条件を相談する時は希望額だけでなく根拠となる範囲を示します。新しい役割は報酬、裁量、学び、休息を並べて比較し、返答期限までに無理のない形を選びましょう。
2026_VIRGO,2,11,仲間と使う資源を整えて未来の計画を育てる,今月は友人やチームとの活動へ使うお金と時間を見直し、本当に育てたい計画へ力を集めます。雰囲気で負担を引き受けず、目的と担当を共有するほど、仲間とのつながりを守りながら現実的な未来を描けます。,今月はお金と価値の見直しが、友人、チーム、コミュニティ、将来の計画へ向かいます。会費、寄付、共同購入、活動に使う時間を一覧にし、どのつながりが現在の願いと結びついているかを確かめてください。参加し続けることを友情の証明にせず、無理のない関わり方を選ぶ時です。　共同活動では、費用を均等に分けるだけでなく、準備、連絡、場所の確保など見えにくい負担も確認しましょう。善意の人へ作業が集中している場合は、担当を細かく分け、できない時の代替方法を決めてください。将来の計画も大きな理想だけで進めず、今月使える予算、人数、時間へ落とすと次の一歩が明確になります。　今月を通して、仲間と創造的な企画や楽しみを広げる余地があります。ただし盛り上がりだけで費用や約束を増やさず、小さな試行から始めてください。月の途中からは、新しいつながりを求めて広げてきた情報網や参加方法を見直す背景も強まり、残したい輪がはっきりしてくるでしょう。　仲間と共有する価値は、金額の大きさだけでは測れません。時間を守ること、情報を開くこと、休む人を責めないことも活動を支える資源です。自分が提供できるものと受け取りたい支援を同時に伝えることで、一方的な負担を避けながら未来を育てられます。,参加している活動ごとに費用、時間、担当、続けたい理由を書き、説明できない負担は次回の集まりで確認してください。共同計画は小さく試す範囲と予算上限を決めます。活動後の充実と疲れを記録し、次に提供できることと必要な支援を仲間へ早めに共有しましょう。
2026_VIRGO,2,12,見えない消耗を整えて静かな余白を守る,今月は気づかないまま失っているお金、時間、気力を見直し、休息と舞台裏の準備へ必要な資源を戻します。不安を埋めるための出費と本当に回復を助ける選択を分けるほど、静かな安心が育ちます。,今月は資源を整えるテーマが、休息、内省、表に出ない負担、手放しの過程へ向かいます。疲れている時に増える買い物や、使っていないまま続く契約、誰にも言わず補っている費用がないか確認してください。数字だけでは見えない睡眠不足や気遣いも、自分から失われている資源として扱うことが大切です。　静かな時間を確保すると、何が足りないかより、何を持ち過ぎているかが見えてくるかもしれません。未完了の資料、返事を保留した連絡、役目を終えた持ち物を一度に片付けず、今月終えるものを一つ選んでください。休むための寝具や環境へ費用を使う場合も、評判より実際に回復を助けるかを確かめましょう。　今月を通して、人に見せない創作や一人で楽しむ時間が心の余裕を支えます。すぐ成果や収入へ結びつけず、自分の好みを取り戻すための小さな枠として守ってください。中盤以降は完全に一人で抱えるより、信頼できる相手と支援の範囲や費用を相談しやすくなります。　余白を守ることは、将来への備えを止めることではありません。消耗した状態で判断を重ねる前に、休める条件を整えることです。今月減らした支出や約束が心身へどのような違いを生んだかを記録すれば、自分に必要な安心の形が分かります。,自動更新の費用、返事を保留している約束、気づかれないまま担っている作業を一覧にしてください。今月終えるものを一つ選び、残りには確認日を付けます。休息へ使う費用は実際の眠りや気分の違いを記録し、一人で難しい手続きは相談先と上限を決めて頼りましょう。
2026_VIRGO,3,1,言葉と身支度を整えて自分らしく伝える,今月は話し方、連絡手段、身近な予定を整理し、自分の考えが無理なく伝わる形を探します。人に合わせた返答を急ぐより、身体の反応や声の調子も確かめながら言葉を選ぶほど、自然な存在感が整います。,今月は情報、連絡、学び、身近な移動を整えることが中心になります。届いた順に反応するのではなく、今の自分に必要な話題と後で扱える話題を分けてください。短い用事ほど予定の隙間へ詰め込みやすいため、移動や返信に必要な時間も一つの予定として数えると、考える余裕を守れます。　この整理は、自分の見せ方、声、表情、身体の使い方へ直接現れます。人前で話す時に早口になったり、相手の期待を先読みして本来の意見を引っ込めたりするなら、まず一呼吸置いて要点を一つに絞りましょう。プロフィールや自己紹介を更新する場合も、立派に見せることより、現在できることと大切にしている姿勢を自分の言葉で示す方が信頼につながります。　前半は細かな言い間違いや持ち物、移動経路を点検し、伝達の精度を上げやすい時です。中盤以降は正確さだけでなく、相手がどう受け取ったかを聞きながら表現を調整する流れへ移ります。月末頃には表面的に整えた説明より、その背景にある考えや本音を確かめたくなるため、答えを急がず質問を受け止める時間を取りましょう。　自分らしく伝えることは、いつも強く主張することではありません。身体が緊張している時は返答を保留し、落ち着いてから言い直すことも十分な意思表示です。今月は話した量ではなく、伝えた後に無理が残らなかったかを基準にすると、自分の輪郭と言葉が少しずつ一致していきます。,よく使う自己紹介や連絡文を一つ選び、現在の役割と希望が伝わる内容へ整えてください。重要な返答は声に出して読み、呼吸が浅くなる箇所を短くします。移動や会話の後には五分でも余白を取り、言い足りなかった点は急いで補わず次の機会に落ち着いて伝えましょう。
2026_VIRGO,3,2,情報の値打ちを見極めて選択の基準を作る,今月は価格、契約、学習情報を集め過ぎず、自分の暮らしへ本当に役立つ資料を選ぶ時です。数字の比較だけで決めず、調べる手間や使い続ける時間まで含めて考えるほど、知識とお金の扱いに確かな基準ができます。,今月は連絡、資料、身近な学びを整理し、判断に使える情報を残すことが中心になります。比較表や口コミを増やすほど決められなくなる時は、何を満たせば十分なのかを先に書いてください。調べる時間にも限りがあると考え、確認する項目と締切を決めることで、情報収集を実際の選択へつなげられます。　この主題は、収入、買い物、持ち物、自分の技術に対する評価として現れます。安さや知名度だけで選ぶ前に、使う頻度、維持費、困った時の対応を確かめましょう。自分の知識を人へ提供する場面では、簡単に説明できることと準備が必要なことを分けると、時間や経験を軽く扱わずに済みます。見積もりや条件は口頭だけで終えず、後から確認できる形へ残してください。　前半は数字や細かな条件を読み込み、不要な重複を見つけやすいでしょう。中盤以降は一人で比較を続けるより、使った経験のある人へ質問し、自分とは違う基準も聞く流れへ移ります。月末頃には表面の価格より、契約の背景や長く続けた時の負担へ関心が深まるため、急な割引や期限に押されず判断してください。　情報は多いほど安心できるとは限りません。選んだ理由を自分で説明でき、後から変更できる余地があれば、十分に現実的な判断です。今月は正解を探し続けるより、現在の予算と目的に合う基準を作ることが、知識と資源の両方を守ります。,検討中の買い物や契約を一つ選び、必要条件、予算上限、調査を終える時期を書いてください。比較する資料は三つ程度に絞り、維持費と解約条件も確認します。自分の知識を提供する時は準備時間と回答範囲を先に伝え、合意した内容を短い文章で丁寧に残しましょう。
2026_VIRGO,3,3,連絡と移動を整えて考える余白を取り戻す,今月は通知、短い用事、近距離の移動を整理し、情報に追われない一日の流れを作ります。全てへ同じ速さで反応せず、連絡先と目的に応じて確認時間を分けるほど、学んだことを落ち着いて使えるようになります。,今月は情報、連絡、学習、身近な移動が前面に出て、細かな用事が重なりやすくなります。思いつくたびに別の作業へ移ると、忙しさの割に何も終わっていない感覚が残るかもしれません。連絡、調査、外出を時間帯ごとにまとめ、途中のままの用事を見える場所へ記録することが、頭の中の混雑を減らします。　この流れは日常の会話、兄弟姉妹や近所との関係、学び方そのものへ強く現れます。短く伝える内容と、背景まで説明する内容を分けてください。いつもの相手だから分かるはずと省略せず、場所、時間、担当など誤解しやすい点を確認すると、不要な往復が減ります。学習では資料を次々開くより、一つの内容を自分の言葉で要約する方が理解を確かめられます。　前半は細部の修正や経路の見直しが進みやすく、中盤以降は人とのやり取りを通して考えを磨く流れへ移ります。同時に、速さや新しさを求めて広げてきた情報環境を見直す背景も始まりやすいでしょう。月末頃は一見同じ言葉でも意図の違いが気になるため、決めつけずに質問を一つ返す姿勢が役立ちます。　情報を減らすのは、世界を狭めることではありません。受け取った内容を理解し、必要な行動へ移すための余白を作ることです。今月は返事の速さより、話がどこまで共有され、次に何をするかが明確になったかを大切にしてください。,通知を確認する時間を朝、昼、夕方などに分け、緊急連絡の方法だけ周囲と共有してください。外出は同じ方面の用事をまとめ、戻った後の整理時間も予定に入れます。学んだ内容は一段落で要約し、分からない点を一つ質問へ変えてから次の資料を丁寧に開きましょう。
2026_VIRGO,3,4,家族の連絡を整えて安心できる土台を作る,今月は家庭内の予定、書類、伝言を整理し、誰か一人の記憶へ頼らない連絡方法を作ります。正しさを競うより、家族それぞれが確認できる場所と相談の時間を決めるほど、暮らしの小さな行き違いを減らせます。,今月は情報、連絡、身近な用事を整えることが、暮らし全体の安心につながります。家に届く書類、学校や地域からの案内、家族の予定が別々の場所へ散らばっているなら、確認先を一つにまとめてください。覚えている人が伝える方式ではなく、必要な人が自分で見られる状態を作ることが、負担の偏りを防ぎます。　この主題は家族との会話、住まいの手続き、過去から続く習慣へ現れます。近い相手ほど説明を省きやすく、返事の仕方だけで気持ちを判断してしまうことがあります。事実として決めることと、気持ちを聞くことを分け、落ち着いて話せる時間を用意しましょう。古い書類や写真を整理する場合も、残す基準を一人で決めず、関係する人へ確認することが大切です。　月の前半は細かな手続きや家の不便を点検し、抜けを埋めやすい時です。中盤以降は効率だけでなく、家族が納得して使える方法かを話し合う流れへ移ります。月末頃には言葉の表面より、これまで言えなかった不安や期待が気になりやすいため、一度で結論を出さず、聞いた内容を持ち帰る余地を残してください。　家庭の連絡を整える目的は、全員を同じ考えにすることではありません。違う生活時間や得意不得意があっても、必要な情報へたどり着ける仕組みを作ることです。話し合えない日は短いメモを残すなど、関係を保ちながら続けられる方法を選びましょう。,家族の予定、期限のある書類、住まいの連絡先を確認できる場所へまとめ、更新する担当と頻度を決めてください。相談では決定事項と気持ちの話を混ぜず、今日は何を決めるかを先に共有します。返答が難しい話題は次に話す時期を決め、無理にその場で結論を出さないようにしましょう。
2026_VIRGO,3,5,遊び心のある言葉で創造の扉をひらく,今月は書く、話す、教えるといった身近な表現を通して、楽しみや創作の種を育てます。上手に見せることを急がず、気になった言葉や面白かった場面を集めて試すほど、自分らしい発想が動き始めます。,今月は情報、会話、学びを整えながら、そこから新しい表現を生み出すことが中心になります。役立つ情報だけを残そうとせず、心が動いた言葉、笑った出来事、何度も見返したくなる作品も記録してください。小さな好奇心を拾うことが、考えを柔らかくし、日常の中で創作を続ける材料になります。　この流れは趣味、恋愛、遊び、子どもとの会話、自分の作品として現れます。完成度を上げてから見せるより、短い文章や試作品を信頼できる人へ届け、どこが伝わったかを聞いてみましょう。親しい相手との会話では、正解を探す質問より、相手の好きな理由を尋ねる方が関係に新しい発見をもたらします。子どもと接する時も、説明を急がず一緒に考える余白を残してください。　月を通して表現や喜びを広げる追い風がありますが、一度に多くの企画へ手を出すと楽しさが義務へ変わりやすくなります。前半は素材を選び、試す形を整え、中盤以降は反応を受け取りながら見せ方を調整するとよいでしょう。後半は守ってきた考えを堂々と言葉にしたくなるため、競うより自分の意図を明確にしてください。　遊び心は、責任から逃れることではありません。思考を別の角度から眺め、言えなかったことへ安全な形を与える力です。評価が少ない日も、続けたいと思えた工程を残すことで、表現は少しずつ自分の生活に根づきます。,気になった言葉、場面、音を一日一つ記録し、週の終わりに短い文章や小さな作品へまとめてください。公開する前に誰へ何を届けたいかを一文にします。反応の数だけで判断せず、作っている間の集中と終えた後の満足を記録し、次も続けたい工程を予定へ残しましょう。
2026_VIRGO,3,6,仕事の伝達を整えて日々の手間を減らす,今月は仕事や家事の指示、記録、連絡経路を見直し、同じ確認を繰り返さない流れを作ります。自分だけが分かる手順を抱えず、休んでも引き継げる形へ整えるほど、実務の正確さと身体の余裕を両立できます。,今月は連絡、資料、短い学びを整理し、日々の作業を動かしやすくすることが中心になります。依頼が複数の方法で届いたり、最新版が分からない資料が増えたりしているなら、受け付ける場所と確認手順を決めてください。小さな探し物や聞き直しを減らすことが、集中と休息を守る実際的な改善になります。　この主題は仕事、家事、健康管理、生活習慣へ現れます。手順を書く時は、慣れている人の感覚ではなく、初めて行う人がどこで迷うかを想像しましょう。自分が休むと止まる作業は、担当を増やす前に必要な情報と判断基準を共有してください。身体の記録も数値だけに偏らず、睡眠、食事、移動、会話の後の疲れ方を合わせて見ると、調整すべき日課が分かります。　前半は誤記や重複を見つけ、作業の精度を上げやすい時です。中盤以降は一人で正しい手順を作るより、実際に使う人と相談して無理のない形へ変える流れになります。月末頃には曖昧な依頼の背景や責任範囲を確認したくなるため、推測で補わず、目的と締切を質問してください。　効率化は、空いた時間へさらに仕事を詰めるためだけのものではありません。間違いを直す緊張を減らし、必要な時に休める余裕を作るための手入れです。今月は速く終えた量より、誰が見ても次の行動が分かる状態を一つずつ増やしましょう。,繰り返す仕事や家事を一つ選び、依頼の入口、必要資料、完了条件を一枚へまとめてください。実際に別の人へ読んでもらい、迷った箇所を直します。体調の記録には作業量と休憩も加え、改善で生まれた余白を追加業務ではなく回復の時間として一部残しましょう。
2026_VIRGO,3,7,対話の往復を整えて納得できる約束を作る,今月は一対一の連絡や相談を見直し、伝えたつもりのまま進めず、双方の理解を確かめます。早く合意するより、希望、期限、変更できる範囲を言葉にするほど、関係を守りながら現実的な約束を結べます。,今月は情報や連絡の整理が、人との関係を動かす大切な土台になります。送った回数や話した長さではなく、相手と同じ前提を共有できているかを確かめてください。相談の前に事実、希望、質問を分けておくと、感情を否定せずに要点を伝えやすくなり、話が別の方向へ広がるのを防げます。　この流れはパートナー、顧客、取引相手、親しい人との一対一の対話へ現れます。相手の返答を急かす前に、判断に必要な資料や時間が足りているかを聞きましょう。契約や約束では金額や日時だけでなく、途中で事情が変わった時の連絡方法も決めてください。譲ることと黙って耐えることを分け、自分が難しいと感じる条件を具体的に説明することが大切です。　前半は細部を確認し、言葉の抜けを整えやすいでしょう。中盤以降は自分の正しさを示すより、互いの事情を並べて釣り合う方法を探す流れへ移ります。月末頃には表面的な同意の奥にある不安や本音が気になりやすいため、相手を問い詰めず、今確認したい理由を先に伝えてください。　良い対話は、違いをなくすことではありません。分からない点を尋ね、必要なら考え直し、約束を更新できる状態を保つことです。一度の会話で完成させようとせず、試した後に見直す機会まで含めて合意を作りましょう。,重要な相談では、確認済みの事実、自分の希望、相手へ尋ねたいことを分けて準備してください。話した後は合意した内容と保留事項を短く共有します。意見が違う時はその場で勝敗を決めず、追加情報と次に話す時期を決め、互いが考える時間を十分に残しましょう。
2026_VIRGO,3,8,大切な情報を丁寧に扱い深い信頼を育てる,今月は共有資産や秘密に関わる連絡を整理し、誰が何を知り、どこまで決められるかを確かめます。親しさを理由に説明を省かず、記録と同意を丁寧に重ねるほど、深く関わっても安心できる信頼が育ちます。,今月は情報、連絡、確認の仕方を整えることが、深い信頼を守る鍵になります。重要な資料が個人の端末だけにあったり、口頭の説明だけで共有したつもりになったりしていないか確認してください。見せる必要のある情報と、本人の同意なく広げない情報を分けることが、安心して話せる環境を作ります。　この主題は共同資産、借り入れ、保険や税の手続き、親密な相手との秘密や心理的な距離へ現れます。数字や条件を確認する時も、責めるための証拠集めにならないよう、何を決めるために必要なのかを共有しましょう。相手から聞いた個人的な話は、自分の解釈を加えて別の人へ伝えず、扱い方を本人へ確認することが大切です。　前半は資料の不足や記録の食い違いを見つけ、事実をそろえやすい時です。中盤以降は形式上の公平さより、双方がどこまで納得し、何を不安に感じているかへ焦点が移ります。月末頃には表面の説明では足りず背景まで知りたくなりますが、全てを一度に聞き出そうとせず、今扱う範囲を合意してください。　深い会話には、話す勇気だけでなく、聞いた内容を守る責任も伴います。すぐ結論や助言へ進まず、相手の言葉を確認してから次の行動を決めることが信頼につながります。今月は情報の量ではなく、安全に共有できる手順を整えましょう。,共同で扱う契約や重要書類を一つ選び、保管場所、閲覧できる人、更新時の連絡方法を確認してください。個人的な話を聞いた時は助言を急がず、理解が合っているかを本人へ返します。重い話題は決める範囲と終了時間を先に合意し、続きは別の機会へ分けましょう。
2026_VIRGO,3,9,身近な問いから学びを広げ知識を結び直す,今月は日々の疑問や会話を出発点に、学びと遠い世界への関心を整理します。情報を集めるだけで満足せず、異なる考えを比較して自分の言葉へ丁寧にまとめるほど、知識が生活の判断へつながります。,今月は身近な情報、短い学び、日常の会話を整え、そこから視野を広げることが中心になります。大きなテーマを最初から理解しようとせず、普段感じている疑問を具体的な問いへ変えてください。検索結果を次々読むより、分かったこととまだ不明なことを分けて書くと、必要な学びの道筋が見えてきます。　この流れは専門的な学習、資格、出版や発信、旅、異文化との交流へ現れます。自分と違う意見に触れた時は、すぐ賛成か反対かを決めず、その考えが生まれた背景を調べましょう。講座や旅を計画する場合も、知名度だけで選ばず、何を持ち帰り生活へどう試すかを考えると、経験が一時的な刺激で終わりにくくなります。　前半は資料を分類し、用語や前提を丁寧に確認することに向きます。中盤以降は一人で学ぶ段階から、対話を通して理解を調整する段階へ移るでしょう。月末頃には表面的な説明より根拠や歴史へ関心が深まるため、結論を急がず一次資料や異なる立場の解説へ当たってください。　広い知識は、身近な生活から離れるためのものではありません。今の選択を別の角度から考え、思い込みへ気づくための道具です。学んだ内容を小さな行動や説明へ移し、使えた部分を確かめることで、自分にとって意味のある理解へ育ちます。,今月深めたい問いを一つ書き、入門資料、異なる立場の解説、実際の事例を一つずつ選んでください。読んだ後は三行で要点をまとめ、生活や仕事で試せることを一つ決めます。旅や講座は得たい経験と振り返りの時間まで予定し、詰め込み過ぎない計画へ整えましょう。
2026_VIRGO,3,10,伝える仕事を整えて信頼される説明を磨く,今月は報告、発表、公開資料を見直し、仕事で何を伝える役割なのかを明確にします。目立つ言葉で飾るより、根拠、経過、次の判断を分かりやすく示すほど、無理のない形で社会的な信頼を育てられます。,今月は情報、連絡、説明の仕方を整え、仕事や社会的な役割を動かしやすくすることが中心です。報告先によって形式がばらばらだったり、重要な判断が会話の中へ埋もれたりしているなら、記録する場所と要点をそろえてください。伝える量を増やすより、相手が次に何を判断すればよいかが分かる説明を目指しましょう。　この主題は仕事上の評価、肩書、発表、責任ある連絡へ現れます。成果だけでなく、そこへ至る調整や未解決の課題も適切に共有してください。分からない点を隠して完成したように見せるより、確認が必要な範囲と予定を示す方が長期的な信頼につながります。人前で話す時は専門用語を並べず、相手が使える具体例へ置き換えることが大切です。　前半は文章や資料の細部を直し、根拠をそろえやすい時です。中盤以降は自分の主張を一方的に届けるより、関係者の意見を聞きながら表現を調整する流れへ移ります。後半は守ってきた企画や考えを前へ出したくなるため、勢いを活かしつつ、約束できる範囲と追加条件を明確にしましょう。　社会へ伝える言葉は、完璧である必要はありません。現在分かっていること、まだ検討中のこと、次に更新する時期が分かれていれば、受け手は安心して判断できます。今月は印象の強さより、説明と行動が一致する状態を一つずつ作ってください。,報告や発表を一つ選び、結論、根拠、未確認事項、次の判断を一枚に整理してください。専門外の人へ読んでもらい、分かりにくい言葉を具体例へ置き換えます。公開後の質問は批判と決めつけず更新材料として記録し、回答できない点には確認時期を添えて返しましょう。
2026_VIRGO,3,11,仲間の連絡網を整えて未来の案を育てる,今月はチームや友人との連絡方法を見直し、必要な情報が必要な人へ届く流れを作ります。発言の多い人だけで決めず、参加しにくい人の意見も受け取れる形へ整えるほど、未来の計画を現実的に育てられます。,今月は情報、連絡、学びを整えることが、仲間との活動や将来の計画を進める土台になります。会話が複数の場所へ散らばり、誰が何を知っているか分からない時は、決定事項と相談中の内容を分けて共有してください。全員が全ての通知を追うのではなく、担当に必要な情報へたどり着ける流れを作ることが大切です。　この主題は友人、チーム、コミュニティ、オンラインのつながり、将来像へ現れます。集まりで発言が偏るなら、事前に文章で意見を集めたり、後から返せる時間を設けたりしましょう。新しい企画では面白い案をすぐ採用するより、目的、対象、使える人数と期間を確認すると、善意だけに頼らない計画へ整えられます。　前半は連絡先や資料を整理し、重複する作業を減らしやすい時です。中盤以降は異なる意見の釣り合いを探り、合意できる範囲から試す流れへ移ります。同時に、新しさを求めて増やしてきた情報網や参加方法を見直す背景も始まりやすく、残したいつながりと距離を置く場所が見えてくるでしょう。　良い連絡網は、反応の速い人だけが中心になる仕組みではありません。休んだ人も後から経緯を確認でき、分からない点を尋ねられることが活動の継続を支えます。今月は人数を増やすより、今いる仲間が安心して関われる情報の流れを一つ整えてください。,チームの連絡先を一つ選び、決定事項、相談、雑談の置き場所を分けてください。会議前に短い資料を送り、当日話せない人には後から意見を出せる期限を設けます。新しい企画は目的、担当、試す期間を明記し、終了後に情報量と参加しやすさを仲間と見直しましょう。
2026_VIRGO,3,12,静かな思考を守って内側の言葉を整える,今月は外から入る情報を減らし、まだ人へ見せない考えや感情を自分のために言葉にします。すぐ説明や結論へ変えず、休息と記録を行き来するほど、心の奥にある本当の問いを落ち着いて受け取れます。,今月は情報、連絡、身近な用事を整えながら、考え続けて疲れた頭を休ませることが中心になります。通知や会話を止めても頭の中で返答を繰り返しているなら、未完了の連絡を紙へ書き出し、今扱うものと後でよいものを分けてください。静かな時間を先に確保することで、必要な言葉を選び直せます。　この主題は一人の時間、夢や記憶、表に出していない計画、言葉になりにくい感情へ現れます。日記や音声メモは人へ見せる文章に整えず、その時の感覚を残すために使いましょう。相手の気持ちを推測し続ける時は、分かっている事実と自分の想像を分けて書くと、不安を現実の問題として扱わずに済みます。　前半は散らばったメモや未返信を整理し、心に引っかかるものを減らしやすいでしょう。中盤以降は完全に一人で抱えるより、信頼できる人へ必要な範囲だけ話す流れへ移ります。月末頃には表面的な説明では触れられなかった本音が見えやすくなりますが、すぐ公表せず、自分が安全に話せる条件を確かめてください。　沈黙は、伝えることを諦める時間ではありません。言葉が感情へ追いつき、何を話さなくてよいかを選ぶための準備です。今月は返事をしない時間にも意味を認め、休んだ後でなお伝えたいことだけを丁寧に言葉へ戻しましょう。,未返信、考え中のこと、今月は扱わないことを三つに分け、返答しない項目にも見直す時期を付けてください。就寝前は通知から離れ、誰にも見せないメモへ事実と想像を分けて書きます。重い内容を話す時は相手と時間と範囲を決め、途中で休める余地を残しましょう。
2026_VIRGO,4,1,自分に戻れる場所を整えて心身を落ち着ける,今月は住まいと心の内側を整え、外で役割を果たした後に自分へ戻れる環境を作ります。人の目に映る整い方より、身体がゆっくり緩み、無理なく身支度できる動線を優先するほど、自然な自信が育ちます。,今月は家、家族、心の土台を丁寧に手入れすることが中心です。目につく場所を全て片付けるより、帰宅後に物が滞る場所や朝の支度でつまずく動線を一つ選んでください。暮らしの小さな不便を減らすことが、外で使った気力を回復させ、自分の感覚へ戻る助けになります。　この主題は身体、見せ方、自己紹介、日々の選択へ直接現れます。家の中でも人の期待に合わせた姿を保っているなら、一人の時に本当に楽な服装や過ごし方を確かめましょう。家族から受け継いだ役割と現在の自分が望む姿を分け、続けたい習慣だけを選び直すことで、過去を否定せず自分の生活へ更新できます。　前半は収納、書類、生活時間を細かく点検し、自分で扱いやすい形へ整えやすいでしょう。中盤以降は家を守るだけでなく、好きな物を飾る、親しい人を迎えるなど、楽しさを加えたくなります。月末頃は表面の居心地より、休めない原因や家族に言えなかった気持ちへ目が向くため、急いで説明せず自分の言葉を待ってください。　安心できる場所は、いつも静かで完璧な空間とは限りません。疲れた自分を責めず、予定を変え、必要なら助けを求められることも大切です。今月は見た目の完成より、身体が戻りたいと感じる条件を一つずつ残しましょう。,帰宅後と起床後の動きを観察し、物を探す場所や身体が緊張する場面を一つ整えてください。家族から期待される役割は、今も続けたいものと相談したいものに分けます。週末には家で最も落ち着けた時間を記録し、その条件を翌週の予定へ丁寧かつ確実に残しましょう。
2026_VIRGO,4,2,暮らしを支える資源を見直して安心を蓄える,今月は住まいに使うお金、物、労力を点検し、家庭の安心を実際に支える資源を選びます。見栄えのために一度で揃えるより、毎日使う物の質と維持できる予算を確かめるほど、落ち着いた生活基盤が整います。,今月は家や家族、暮らしの土台を整え、安心を維持できる条件を作ることが中心です。光熱費、修理、備品、保管している物を並べ、現在の生活人数と時間に合っているかを確認してください。安く済ませることだけを目標にせず、手間や買い直しを減らす選択も家庭を守る資源として考えましょう。　この流れは収入、家計、持ち物、自分の能力に対する価値観へ現れます。家族のためという理由で自分の負担を曖昧にしているなら、金額だけでなく買い物、手続き、管理に使う時間も記録してください。受け継いだ物は高価かどうかより、今の暮らしで使えるか、思い出としてどの量を残したいかを基準にすると整理しやすくなります。　月の前半は守るための支出や備えに意識が向きやすく、必要以上に先回りすることもありそうです。後半は家族と話しながら優先順位を決め、使い方を調整する流れへ移ります。月末頃には表面の価格だけでなく、共有する責任や長期的な維持費が気になるため、大きな購入は保管と手入れまで確かめましょう。　家庭の安心は、物を多く持つことではなく、必要な時に使え、困った時に相談できる状態から生まれます。今月は削った額だけでなく、負担を減らした支出も記録し、自分たちに合う十分さを育ててください。,住まいに関する固定費、備品、修理予定を一つの表へまとめ、使用頻度と管理の手間を添えてください。家族とは支払額だけでなく購入や手続きの担当も確認します。買い替えは予算上限と置き場所を決め、今ある物を一度手入れしてから慎重に最終判断をしましょう。
2026_VIRGO,4,3,家庭の伝言を整えて小さな行き違いを減らす,今月は家族の予定、住まいの書類、近所との連絡を整理し、必要な情報が滞らない流れを作ります。誰か一人の記憶へ頼らず、確認場所と相談時間を共有するほど、暮らしの会話に穏やかな余白が戻ります。,今月は家や家族の土台を整えるために、連絡と身近な用事を見直すことが中心になります。学校、地域、管理会社から届く案内や家族の予定が別々の場所へ散らばっているなら、期限と担当が分かる形へまとめてください。短い伝言ほど言ったつもりになりやすいため、相手が確認できたかまで確かめると行き違いが減ります。　この主題は日常の会話、兄弟姉妹、近所との関係、移動や手続きとして現れます。家族だから分かるはずと説明を省かず、場所、時間、必要な物を具体的に共有しましょう。古い地域の慣習や親族間の決まりを続ける場合も、現在の生活時間に合う方法かを相談し、できない人が責められない代替手順を作ることが大切です。　前半は書類や伝言の抜けを整え、家庭内の情報を見える形にしやすいでしょう。中盤以降は正確に伝えるだけでなく、家族それぞれの希望を聞きながら予定を調整する流れへ移ります。同時に、守るために黙っていたことを言葉にしたくなるため、責める表現ではなく自分が困っている状況から話してください。　家庭の会話を整える目的は、全員の意見を同じにすることではありません。違いがあっても次の行動と連絡方法が分かる状態を作ることです。今月は話す量より、後から確認でき、言い直せる関係を育てましょう。,家族の予定と期限のある連絡を確認できる場所へまとめ、更新する担当と頻度を決めてください。口頭で頼んだことは短い文章でも残します。意見が違う話題では、事実、希望、今決める範囲を分け、疲れている時は次に話す時期だけ決めて結論を急がないようにしましょう。
2026_VIRGO,4,4,家と記憶を手入れして新しい安心を作り直す,今月は住まい、家族、受け継いだ習慣を丁寧に見直し、現在の自分に合う安心の形へ整えます。過去を全部残すか手放すかで決めず、役目を終えたものと今も支えになるものを分けるほど、心の土台が軽くなります。,今月は住まい、家族、心の奥にある安心の基準そのものを手入れする時です。片付けや模様替えだけでなく、家で誰が何を担い、どんな時に落ち着けなくなるのかを見直してください。長く続く習慣は正しいから残っているとは限らないため、現在の暮らしに合うかを一つずつ確かめましょう。　この流れは幼い頃の記憶、家族から受け継いだ価値観、住まいへの思いとして強く現れます。昔の役割を守ることで家族を支えてきた人ほど、変えることに罪悪感を覚えるかもしれません。続けるもの、形を変えるもの、今月は判断しないものに分ければ、過去を否定せずに自分の生活を作り直せます。　前半は物や予定を整理し、暮らしの仕組みを実用的に整えやすいでしょう。中盤以降は効率だけでなく、家の中で楽しめることや家族との心地よい距離を試したくなります。月末頃は表面上の平穏より、繰り返してきた感情や言えなかった本音へ意識が向くため、一度で解決せず安全に話せる相手と範囲を選んでください。　安心は、過去と同じ状態を保つことだけではありません。状況に合わせて役割を変え、疲れた時に休み、話し合いをやり直せることも大切です。今月は完成した家を目指すより、戻るたびに少し呼吸しやすい土台を作りましょう。,家の中で長く気になっている場所や習慣を一つ選び、残す理由と変えたい理由を書いてください。家族に関わる物は一人で処分せず、確認する期限を決めます。話し合いでは昔の評価を争わず、これからどの状態なら暮らしやすいかを落ち着いて具体的に共有しましょう。
2026_VIRGO,4,5,家の中に喜びを招いて創造できる余白を作る,今月は住まいを休むだけの場所にせず、遊び、創作、親しい交流が自然に生まれる余白を整えます。立派な設備を揃えるより、すぐ始められて片付けやすい一角を作るほど、日常の中で喜びを育てられます。,今月は家や心の土台を整え、その中に楽しみが息づく場所を作ることが中心です。家事や仕事の物だけで空間が埋まっているなら、短い時間でも好きなことへ戻れる一角を確保してください。道具を増やす前に、今ある物を取り出しやすくし、終えた後に無理なく戻せる仕組みを作ると創作が続きます。　この主題は趣味、恋愛、遊び、子どもとの時間、自分の表現へ現れます。家族を楽しませる役ばかり引き受けず、自分も参加したい内容を言葉にしましょう。親しい人を家へ迎える場合も、完璧に整えてからではなく、無理のない範囲と時間を伝えることで交流を楽しめます。子どもの作品や思い出は量ではなく、一緒に選ぶ過程を大切にしてください。　月の前半は暮らしの細部を整え、趣味を始める準備を進めやすい時です。中盤以降は美しさや遊び心が家庭に軽さをもたらし、人と楽しみを分かち合う余地が広がります。月末頃には表面的な華やかさより、心から集中できる題材や信頼できる相手との時間へ価値を感じやすくなるでしょう。　家に喜びを置くことは、責任を後回しにすることではありません。回復と発想の源を日常から切り離さず、忙しい時も自分の好みへ戻れる道を残すことです。今月は完成品より、また始めたいと思える環境を育ててください。,家の一角に創作や遊びの道具をすぐ使える形で置き、片付けに必要な時間も試してください。親しい人との時間は迎える側だけが疲れない範囲と終了時刻を共有します。活動後には満足と負担を記録し、もう一度続けたい工程を翌週の短い予定へ確実に残しましょう。
2026_VIRGO,4,6,家の日課を整えて支える人の余力を守る,今月は家事、介護、健康管理の流れを見直し、家庭を支える仕事が一人へ集中しない形を作ります。理想の手順を増やすより、疲れた日にも回せる最低限と助けを求める方法を決めるほど、暮らしが安定します。,今月は家や家族の土台を整えるために、毎日の家事、手入れ、休息の配分を見直すことが中心です。きれいに保つ基準が高過ぎたり、誰が補っているか見えない作業が増えたりしているなら、頻度と必要度を確認してください。できない日を前提にした簡単な手順を作ることが、家庭全体の安心につながります。　この主題は仕事、家事、健康管理、世話をする役割へ現れます。料理、清掃、通院、備品管理などを作業時間だけでなく準備と片付けまで含めて数えましょう。得意な人が担う場合も、休む時の連絡先と代替方法を共有してください。身体の不調を意志の弱さと考えず、家の温度、睡眠、動線など環境側で変えられる条件を探すことが大切です。　前半は手順の無駄や重複を見つけ、日課を実用的に整えやすいでしょう。中盤以降は家族と担当を話し合い、公平さだけでなく現在の余力に合わせて調整する流れへ移ります。月末頃は表面から見えない負担が気になりやすいため、黙って補う前に何が必要かを具体的に伝えてください。　暮らしを支えることは、休まず働くことではありません。止まった時に再開でき、助けを求めても責められない仕組みを作ることです。今月は家事の完成度より、支える人が翌日も無理なく動ける配分を優先しましょう。,一週間の家事と世話を準備、実行、片付けまで書き出し、担当と所要時間を確認してください。疲れた日に省ける作業と外へ頼める作業を決めます。体調記録には睡眠と家の環境も加え、改善で生まれた時間を新しい用事ではなく大切な休息のために一部残しましょう。
2026_VIRGO,4,7,二人の居場所を話し合い心地よい境界を作る,今月はパートナーや親しい人と、住まい、家族との距離、二人で守りたい時間を話し合います。どちらかの慣習へ一方的に合わせず、互いが落ち着ける条件を具体化するほど、関係と生活の土台が整います。,今月は家、家族、心の安心を整えることが、人との関係を見直す入り口になります。共に過ごす時間が増えても休めない、家族との予定が二人の約束を圧迫するなど、居場所に関する違和感を小さなうちに言葉にしてください。相手を責める前に、自分が落ち着ける条件を具体的に示すことが大切です。　この流れはパートナー、同居人、取引相手、親しい人との一対一の関係へ現れます。家事の担当、鍵や持ち物の扱い、家族を迎える頻度、一人で過ごす時間を話し合いましょう。半分ずつにするだけでなく、生活時間や得意不得意を考え、試した後に見直せる約束を作ると負担の偏りを減らせます。　前半は住まいの細かな決まりや予定を確認し、曖昧な点を整えやすい時です。中盤以降は正しさを競うより、双方が心地よく過ごせる釣り合いを探す流れへ移ります。月末頃には表面的な妥協の奥にある不安や家族観の違いが見えやすいため、一度で結論を出さず背景を聞く時間を取りましょう。　安心できる関係は、いつも同じ場所にいることではありません。近づく時間と離れる時間の両方を相談でき、事情が変われば約束を更新できることです。今月は理想の暮らしを押しつけず、二人が戻りやすい小さなルールを育ててください。,住まいや家族に関する約束を一つ選び、現在の負担、希望、変更できる範囲を互いに書いてください。一人の時間と一緒に過ごす時間は、善悪ではなく必要量として話します。新しいルールは短い期間だけ試し、疲れ方と使いやすさを確認してから続けるか決めましょう。
2026_VIRGO,4,8,家族と共有する責任を整理して信頼を守る,今月は相続、共有資産、家族だけが知る事情を丁寧に整理し、誰が何を担い、どこまで情報を共有するかを確かめます。親しさだけに頼らず記録と同意を重ねるほど、深い問題にも落ち着いて向き合えます。,今月は家や家族の土台を整える中で、共有している責任や表から見えない事情へ目を向ける時です。重要な書類、名義、保管場所が一人にしか分からないなら、必要な人が確認できる形へ整えてください。全てを公開するのではなく、誰に何を伝える必要があるかを本人の同意と共に決めることが安心につながります。　この主題は相続、共同資産、借り入れ、家族の秘密、心理的に深い結びつきへ現れます。過去の負担を誰が多く引き受けたかを争う前に、現在残っている課題とこれからの担当を分けて話しましょう。感情が強い話題では、数字の確認と気持ちの整理を同時に終えようとせず、会話を複数回に分けることが大切です。　前半は不足する資料や手続きの抜けを見つけ、事実をそろえやすいでしょう。中盤以降は形式上の公平さより、家族それぞれが何を不安に思い、どこまで関われるかへ焦点が移ります。月末頃は言葉になっていなかった本音が見えやすくなりますが、急いで聞き出さず安全に話せる範囲を合意してください。　家族の深い問題を整えることは、過去を全て解決することではありません。現在必要な情報へたどり着け、困った時に相談できる道を作ることです。今月は結論の速さより、信頼を損なわずに確認を続けられる手順を残しましょう。,家族で共有する重要書類や契約を一つ選び、名義、保管場所、確認できる人、次の手続きを記してください。重い話題は事実確認と感情の話を分け、終了時間も先に決めます。判断できない項目は専門家や相談先を調べ、誰か一人が抱え込まない経路を作りましょう。
2026_VIRGO,4,9,家族の価値観を見つめ直し自分の世界を広げる,今月は受け継いだ考え方や故郷への思いを見直し、今の自分が残したい価値観を選びます。家族と違う考えを持つことを対立にせず、背景を学び、自分の経験と結び直すほど、安心を保ちながら視野を広げられます。,今月は家、家族、心の土台を整えながら、自分がどのような考えを受け継いできたかを見直すことが中心です。当たり前だと思っている生活習慣や人生の基準を書き出し、誰から学び、今も役立っているかを確かめてください。残すか捨てるかを急がず、その背景を知ることで自分の選択が明確になります。　この流れは専門的な学び、旅、故郷や異文化との関係、人生観へ現れます。家族と違う道を選ぶ時は、許可を得るためだけに説明を重ねず、自分が何を大切にしたいかを伝えましょう。先祖や地域の歴史を調べる場合も、美しい物語だけにまとめず、複数の資料や立場へ触れることで、過去を現実的に受け止められます。　前半は記録や資料を分類し、家族の話を具体的に確かめやすい時です。中盤以降は異なる価値観を持つ人との対話を通して、自分の前提を調整する流れへ移ります。月末頃は表面的な違いより、なぜその考えが必要だったかへ関心が深まるため、結論を競わず背景を尋ねてください。　自分の世界を広げることは、家族や故郷を否定することではありません。受け取ったものを理解し、現在の暮らしに合う形へ選び直すことです。今月は遠くへ答えを探す前に、身近な記憶から問いを育てましょう。,家族から受け継いだ習慣や言葉を一つ選び、始まった背景、今も役立つ点、変えたい点を書いてください。関係者へ聞く時は正誤を決めず、当時の状況を尋ねます。学んだ内容は現在の暮らしで試せる小さな選択へ変え、違和感があればいったん保留して考え直しましょう。
2026_VIRGO,4,10,家と仕事の役割を整えて無理のない責任を選ぶ,今月は家庭と仕事の両方で担っている役割を見直し、どちらか一方の我慢で成り立たない配分を作ります。外からの評価だけで予定を決めず、帰宅後の回復や家族との時間も含めて考えるほど、責任を持続できます。,今月は家や心の土台を整えることが、仕事や社会的な責任の見直しにつながります。外の予定を先に埋めた結果、家事や休息が夜へ押し込まれているなら、移動と回復まで含めて一日の容量を考えてください。家庭を整える時間を仕事の余りではなく、生活を支える予定として扱うことが大切です。　この主題は肩書、働き方、上司や顧客との約束、家族から期待される役割へ現れます。在宅と外出の境界が曖昧な場合は、連絡を受ける時間と仕事道具を片付ける場所を決めましょう。家族の事情を全て説明できなくても、対応可能な時間と難しい条件を具体的に伝えることで、無理な約束を減らせます。　前半は予定や役割の細部を点検し、見えない負担を記録しやすい時です。中盤以降は自分だけで配分を決めるより、職場と家庭の関係者へ希望を伝え、釣り合いを調整する流れへ移ります。後半は考えてきた役割の変更を表へ示したくなるため、勢いだけで増やさず続けられる条件を添えてください。　仕事と家庭の両立に唯一の正解はありません。時期によって重点を変え、難しい時に相談できることが持続を支えます。今月は全てを完璧にこなすより、責任を果たした後に自分が戻れる余白を守りましょう。,一週間の予定へ仕事、移動、家事、回復の時間を並べ、実際に超えている日を確認してください。職場と家族には対応できる時間と相談が必要な条件を分けて伝えます。新しい役割は報酬や評価だけでなく、帰宅後の負担と代替手段まで比較して慎重に返答しましょう。
2026_VIRGO,4,11,安心できる仲間と未来の居場所を描き直す,今月は友人やコミュニティとの関わりを見直し、血縁だけに限らない安心のつながりを育てます。多くの集まりへ参加するより、困った時に相談でき、休んでも戻れる関係を選ぶほど、未来の暮らしを具体的に描けます。,今月は家や心の土台を整える中で、自分にとって安心できるつながりを見直すことが中心です。家族だけで抱えている用事や、誰にも相談できない生活上の困り事があるなら、地域や友人の助けを調べてください。頼ることを特別な出来事にせず、日頃から連絡できる関係を作ることが将来の安心につながります。　この流れは友人、チーム、コミュニティ、将来の住まい方や暮らしの計画へ現れます。親しい集まりでも世話役が固定されているなら、場所の準備、連絡、片付けを分けましょう。共同生活や移住など大きな構想は、理想だけで進めず、費用、距離、一人の時間、困った時のルールまで話すと現実的な輪郭が見えてきます。　前半は連絡先や支援情報を整理し、現在使えるつながりを確かめやすい時です。中盤以降は仲間と心地よい過ごし方を試し、家のように戻れる関係を育てる流れへ移ります。同時に、新しさだけで広げてきた参加先を見直す背景も始まりやすく、残したい輪が少しずつ明確になるでしょう。　安心できる仲間は、いつも同じ考えを持つ人ではありません。困り事を話せ、できない時に断れ、しばらく離れても戻れる関係です。今月はつながりの数より、生活の現実を共有できる一つの場所を丁寧に育ててください。,生活上の困り事を一つ選び、家族以外に相談できる友人、地域窓口、サービスを書き出してください。集まりでは準備と片付けの担当も共有します。未来の暮らしを話す時は費用、一人の時間、助けが必要な場面を具体化し、小さく試せる方法から無理なく始めましょう。
2026_VIRGO,4,12,静かな居場所を整えて古い感情を休ませる,今月は家の中に一人で緩める時間を確保し、家族へ言えなかった思いや昔からの緊張を急がず見つめます。答えを出すために掘り下げ過ぎず、睡眠、沈黙、記録を大切にするほど、心の奥に休息が戻ります。,今月は家や心の土台を整えながら、長く抱えてきた疲れを静かに休ませることが中心です。家にいても人の気配や未完了の用事が頭から離れないなら、連絡を受けない時間と一人になれる場所を決めてください。片付けも一度に進めず、目に入るだけで緊張する物を一つ移すところから始めましょう。　この主題は一人の時間、夢や記憶、家族へ見せていない感情、役目を終えた習慣の手放しとして現れます。過去の出来事を理解しようと考え続けるより、身体がどこで固くなるかを観察してください。誰かの気持ちを推測して自分を責める時は、分かっている事実と想像を分けて記録すると、今扱える問題が見えてきます。　前半は住まいの小さな不便や未返信を整理し、心に引っかかるものを減らしやすいでしょう。中盤以降は完全に一人で抱えるより、信頼できる相手へ必要な範囲だけ話す流れへ移ります。月末頃には表面から見えなかった本音が浮かびやすくなりますが、すぐ家族へ伝えず、自分が安全に話せる条件を確かめてください。　休むことは、家族の問題から逃げることではありません。感情と言葉が追いつき、繰り返してきた反応とは別の選択を考えるための準備です。今月は解決の速さより、安心して眠り、翌日に戻れる静かな場所を守りましょう。,家の中で最も静かに過ごせる場所を一つ決め、就寝前は未完了の用事を紙へ移して通知から離れてください。家族に関する思いは事実、想像、今望むことに分けて記録します。重い話題を扱う時は相手と時間と範囲を決め、途中で十分にゆっくり休める余地を残しましょう。
2026_VIRGO,5,1,好きな表現を選び直して自分の魅力を育てる,今月は人から評価される見せ方より、自分がもう一度試したい表現を選ぶ時です。服装、話し方、作品を小さく試し、身体が自然に動くものを残すほど、無理に目立たなくても自分らしい魅力が伝わります。,今月は創作、遊び、恋愛、自己表現を丁寧に手入れし、心から楽しめるものを選び直すことが中心です。反応を得やすい形へ急いで整えるより、作っている途中で時間を忘れたことや、もう一度触れたい題材を記録してください。喜びの源を具体的に知ることが、表現を続ける力になります。　この主題は身体、見せ方、声、日々の自己紹介へ直接現れます。似合うと言われるものと、自分が心地よく選べるものが違うなら、小さな範囲で試して比べましょう。人前で表現する時も、強く見せることだけを目標にせず、緊張した時に戻れる言葉や姿勢を準備すると、自分を置き去りにせずに済みます。　前半は作品や遊びの細部を整え、何を見せたいかを選びやすい時です。中盤以降は楽しみを日課へ組み込み、周囲の反応を聞きながら表現を調整する流れへ移ります。月末頃は広く好かれる形より、信頼できる相手へ本音を届けたい気持ちが深まりやすいため、公開範囲を自分で選んでください。　自分を表すことは、いつも新しい姿を作ることではありません。すでに好きだったものへ戻り、現在の身体や生活に合う形へ整えることも創造です。今月は反応の数より、表現した後に自分の感覚が残っているかを大切にしましょう。,服装、話し方、作品の中から今月試したい表現を一つ選び、少人数の場で使ってください。前後の緊張、楽しさ、疲れを記録します。人の反応だけで良し悪しを決めず、自分がもう一度続けたい部分を翌週の短い予定へ残し、無理のない形で育てましょう。自分の感覚を守る余白も残しましょう。
2026_VIRGO,5,2,喜びに使う資源を整えて創作の価値を守る,今月は趣味や遊びに使うお金と時間を見直し、楽しみを罪悪感なく続けられる範囲を作ります。道具を増やすより、持っている物を実際に使い、満足と負担を記録するほど、自分にとっての価値が明確になります。,今月は創作、遊び、恋愛、自分を喜ばせる時間を整え、続けられる形へ育てることが中心です。楽しみを後回しにするか、一度に大きく使うかの二択にせず、今月使える時間と予算を先に決めてください。小さくても定期的に戻れる枠があることで、喜びは生活の中へ根づきます。　この流れはお金、持ち物、自分の技術や作品への評価として現れます。材料費だけでなく準備、練習、片付けに使う時間も価値の一部として数えましょう。作品へ対価を求める場合は、相手の反応を恐れて安く決めず、提供する範囲と修正条件を言葉にしてください。恋愛や遊びでも、見栄のための出費と自分も心地よく楽しめる選択を分けることが大切です。　前半は道具や予定を整理し、余分な重複を減らしやすいでしょう。中盤以降は楽しみを日課へ落とし込み、無理なく続く頻度を試す流れへ移ります。月末頃には表面的な華やかさより、深く集中できる題材や信頼できる相手との経験へ価値を感じやすくなるため、量より納得を優先してください。　喜びへ資源を使うことは、責任から逃げることではありません。気持ちを回復させ、自分が何を大切にしたいかを確かめる行為です。今月は使わなかった額だけでなく、納得して使えた時間とお金も記録しましょう。,趣味や遊びに使える予算と時間を先に決め、今ある道具で一度試してから追加購入を考えてください。作品へ対価を求める時は準備範囲と納期を言葉にします。活動後の満足と疲れを記録し、また続けたい工程へ次の小さな予算を丁寧に残しましょう。次に戻れる時間の余白も守りましょう。
2026_VIRGO,5,3,遊び心のある言葉で伝わる表現を磨く,今月は書く、話す、教えるといった身近な方法で、創作や喜びを人へ届けます。難しく飾るより、面白かった理由や作る過程を短い言葉へまとめるほど、自分の発想が伝わり、新しい対話が生まれます。,今月は創作、遊び、自己表現を整え、言葉や身近な学びを通して外へ届けることが中心です。作品を完成させてから説明を考えるのではなく、何に心が動き、どこを試しているのかを短く記録してください。過程の言葉が残ることで、自分の発想を見失わず次の工夫へ進めます。　この主題は文章、会話、発信、兄弟姉妹や近所との交流、教える場面へ現れます。相手に分かりやすくするために個性を削るのではなく、専門的な内容を具体例へ置き換えましょう。子どもや初心者へ伝える時は正解を先に渡さず、一緒に試せる問いを残すと、教える側にも新しい発見があります。　前半は言葉の細部を選び、伝えたい内容を整理しやすい時です。中盤以降は一方的に発信するより、相手の反応を受け取りながら表現を調整する流れへ移ります。後半は守ってきた考えを前へ出したくなるため、勢いを活かしつつ、誰にどの範囲まで届けるかを決めてください。　伝わる表現は、全員に同じ理解を与えるものではありません。受け手が質問でき、自分も言い直せる余地があることが対話を育てます。今月は反応の速さより、表現を通してどんな会話が続いたかを大切にしましょう。残した言葉を次の試みに生かしてください。,制作中のものを一つ選び、面白い点、試している点、感想を聞きたい点を三行でまとめてください。信頼できる人へ見せ、分かりにくかった箇所だけを直します。発信後は反応の数ではなく、届いた質問と自分が話し続けたい内容を記録しましょう。記録を次の対話へ落ち着いて生かしてください。
2026_VIRGO,5,4,家に楽しみの種を置いて心が戻る時間を作る,今月は住まいに遊びや創作の余白を作り、家族と自分が気軽に楽しめる時間を整えます。完璧な部屋を用意するより、すぐ始められて片付けやすい一角を作るほど、日常の中で喜びを回復できます。まず身近な一歩から始められます。,今月は創作、遊び、恋愛、子どもとの時間を手入れし、喜びを日常へ戻すことが中心です。家事や仕事の物だけで空間が埋まっているなら、短い時間でも好きなことを始められる一角を作ってください。道具を取り出す手間と片付けの負担を減らすことが、創作を特別な予定から暮らしの一部へ変えます。　この流れは住まい、家族、幼い頃の記憶、安心できる居場所へ現れます。家族を楽しませる役ばかり引き受けず、自分も参加したい遊びを伝えましょう。昔好きだったことを再開する場合は、当時と同じ形へ戻そうとせず、現在の体力や時間に合う方法へ調整してください。親しい人を迎える時も、無理のない範囲と終了時間を共有すると楽しさを守れます。　前半は生活動線を整え、創作を始める準備が進みやすいでしょう。中盤以降は家の中へ美しさや遊び心を加え、人と楽しみを分かち合う流れへ移ります。月末頃は表面的なにぎやかさより、信頼できる人と深く集中する時間を求めやすいため、静かな楽しみも予定へ残してください。　家で遊ぶことは、用事を怠ることではありません。外で使った気力を回復し、自分の好みへ戻るための大切な時間です。今月は完成品の数より、家へ戻った時にまた始めたいと思える環境を育てましょう。,家の一角へ創作や遊びの道具を使える形で置き、準備と片付けに必要な時間を試してください。家族とは全員が楽しめる内容と終了時刻を共有します。活動後の満足と負担を記録し、また続けたい時間を翌週の予定へ無理なく残しましょう。家で何もしない時間も忘れず守りましょう。
2026_VIRGO,5,5,心から楽しい表現を選び自分の作品を育てる,今月は創作、恋愛、遊びの中心へ戻り、何をしている時に自分らしく輝けるかを確かめます。完成度や反応を急がず、小さく試して何度も手を入れるほど、一時的な勢いではない喜びが育ちます。その手応えが次の一歩を支えます。,今月は創作、遊び、恋愛、子どもとの時間、自分を表す喜びそのものが前面に出ます。やりたいことを増やす前に、途中でもう一度触れたくなった題材と、反応を得るためだけに続けているものを分けてください。楽しみの質を選ぶことが、表現へ集中する余白を作ります。　この主題は作品づくり、舞台や発表、親しい交流、育てる役割として強く現れます。自分の案を大切にしながらも、試作品を見せてどこが伝わったかを聞きましょう。恋愛では相手を楽しませるだけでなく、自分の希望や苦手なことも言葉にしてください。子どもと接する時は成果を急がせず、一緒に考えた過程を認めることが大切です。　前半は細部を磨き、表現の軸を選びやすい時です。中盤以降は創作を実際の日課へ組み込み、続けられる頻度を整える流れへ移ります。後半は内側で温めてきたものを前へ出したくなる一方、月末頃には広い評価より信頼できる相手との深い共有を求めやすくなるでしょう。　自分の喜びを育てることは、いつも大胆に前へ出ることではありません。誰にも見せず試す時間や、うまくいかない工程にも意味があります。今月は結果より、次も続けたいと思える手応えを丁寧に残してください。その手応えを次の試みへつなげてください。,今月育てる作品や遊びを一つに絞り、週に戻れる時間を先に確保してください。途中で信頼できる人へ見せ、評価ではなく伝わった点を聞きます。恋愛や子どもとの時間では相手を喜ばせる案だけでなく、自分も参加したい内容を一つ言葉にしましょう。急がずに自分らしい手応えを育てましょう。
2026_VIRGO,5,6,喜びを日課へ組み込み無理なく続ける形を作る,今月は趣味や創作を空いた時間任せにせず、仕事や家事と両立できる小さな日課へ整えます。理想の量を課すより、疲れた日にも触れられる最低限を決めるほど、楽しみが義務にならず長く続きます。,今月は創作、遊び、自己表現を整え、日常の中で続けられる形へ変えることが中心です。まとまった時間ができるまで待つのではなく、準備、実行、片付けを含めて今の生活へ入る単位を探してください。五分でできる工程と集中が必要な工程を分けることで、忙しい日も楽しみとのつながりを保てます。　この流れは仕事、家事、健康管理、生活習慣へ現れます。創作が締切や評価の対象になると休めなくなる場合は、完成へ進める時間と自由に試す時間を分けましょう。身体の調子も作品の一部と考え、睡眠や姿勢、目や手の疲れを記録してください。楽しいから続けられる量と、続けるために休む量を同時に決めることが大切です。　前半は道具や手順を点検し、無駄な準備を減らしやすい時です。中盤以降は心地よい日課を作り、仕事や家事との釣り合いを調整する流れへ移ります。月末頃には一人で進めるより、信頼できる相手と役割や締切を共有したくなるため、追加の約束は現在の余力を示してから決めてください。　日課にする目的は、喜びを管理することではありません。忙しさに押し流されず、自分が好きなことへ戻れる道を守るためです。今月は毎日続けたかより、休んだ後に再開しやすい仕組みを作りましょう。,創作や趣味を準備、実行、片付けに分け、平日でも触れられる最小の工程を決めてください。身体の疲れと集中時間も記録します。できなかった日は埋め合わせをせず、再開する道具と次の時間だけ整え、楽しみが負担へ変わらない量を守りましょう。回復のための予定も同じように残しましょう。
2026_VIRGO,5,7,二人で楽しむ形を話し合い創造的な関係を育てる,今月は恋愛や共同制作で、相手に合わせるだけでなく自分も楽しめる関わり方を選びます。好み、役割、見せる範囲を丁寧に話し合うほど、違いを消さずに二人ならではの表現や時間を育てられます。,今月は創作、遊び、恋愛、自分を表す喜びを整え、人との関係の中で育てることが中心です。相手の反応を先読みして案を変える前に、自分が面白いと感じる点を言葉にしてください。一人で決める部分と相談したい部分を分けることで、合わせ過ぎずに共同の楽しみを作れます。　この主題はパートナー、共同制作者、顧客、親しい人との一対一の関係へ現れます。共同制作では担当、費用、完成の基準、作品を見せる範囲を確認しましょう。恋愛では相手を喜ばせる計画だけでなく、自分が落ち着ける時間と苦手なことも共有してください。違いが出た時に勝敗を決めず、別々の楽しみを持つ余地も大切です。　前半は自分の案を磨き、何を大切にしたいかを明確にしやすいでしょう。中盤以降は相手の意見を聞きながら釣り合う形へ調整する流れへ移ります。月末頃には表面的な心地よさより、信頼や本音を含む深い共有へ関心が向くため、公開や約束の範囲を二人で確かめてください。　創造的な関係は、いつも同じ好みを持つことではありません。違いを材料にし、試した後で話し合いをやり直せることです。今月は理想の相手像へ合わせず、二人がまた続けたいと思える工程を育てましょう。違いを急いで埋めないことも創造の一部です。,共同の遊びや制作を一つ選び、自分が楽しみたい点、相手へ任せたい点、相談が必要な点を共有してください。公開範囲と費用も先に確認します。試した後は出来栄えだけでなく、互いの疲れ方と楽しかった工程を話し、次の約束を調整しましょう。二人に無理のない形を丁寧に探しましょう。
2026_VIRGO,5,8,深い喜びを分かち合い信頼できる表現を選ぶ,今月は親密な関係や共同資源に関わる創作を丁寧に扱い、誰と何を共有するかを選びます。刺激の強さを求めるより、境界と同意を確かめながら本音を表すほど、安心のある深い喜びへ近づけます。落ち着いた共有の基準も育ちます。,今月は創作、遊び、恋愛、自己表現を整え、表面だけではない喜びへ向き合うことが中心です。人の反応を強く引き出すために無理を重ねたり、秘密を明かすことで親しさを確かめたりしていないかを見直してください。何を見せずに守るかを選ぶことも、表現の大切な一部です。　この流れは親密な関係、共同資産、深い心理、共有して作るものへ現れます。相手の経験や個人的な話を作品へ使う場合は、本人の同意と公開範囲を明確にしましょう。費用や権利を共有する制作では、利益や評価を期待して曖昧に進めず、担当、記録、変更条件を確認してください。恋愛でも近づく速さを競わず、安心して断れる境界を作ることが大切です。　前半は表現の意図や必要な資料を整理し、守る範囲を選びやすい時です。中盤以降は相手と条件を調整し、双方が納得できる共有方法を探す流れへ移ります。月末頃には心地よい表面より、本音や信頼の深さが重要になるため、急いで全てを明かさず今扱う範囲を合意してください。　深い喜びは、秘密をなくすことではありません。自分と相手の境界を守りながら、話せることを少しずつ増やす中で育ちます。今月は刺激より、表現した後にも安心が残る選択を大切にしましょう。,共同制作や親密な交流で共有する内容を一つ選び、本人の同意、公開範囲、保管方法を確認してください。費用や権利が関わる場合は文章へ残します。重い話題は時間と扱う範囲を先に決め、途中で気持ちが変わった時に止められる合図も共有しましょう。共有した後に安心できる余白も守りましょう。
2026_VIRGO,5,9,創造の好奇心を広げ学びを自分の表現へ変える,今月は旅、学習、異文化との出会いから創作の材料を得て、自分の言葉や作品へ結び直します。有名な方法をそのまま追うより、心が動いた理由を確かめて小さく試すほど、学びが独自の表現へ育ちます。,今月は創作、遊び、自己表現を整え、好奇心を学びへ広げることが中心です。興味のある講座や場所を増やす前に、今の作品や生活で何を確かめたいのかを問いにしてください。資料を集めるだけで終わらず、自分なりに試せる小さな課題へ変えることで、知識が表現へつながります。　この主題は専門的な学習、旅、出版、教えること、異文化との交流へ現れます。新しい技法へ触れた時は上手に再現するだけでなく、どの考えが自分の前提を動かしたかを記録しましょう。旅では予定を詰め込み過ぎず、見たものを描く、話を聞く、帰ってからまとめる余白を残すと、経験の価値が深まります。　前半は資料や計画を整理し、学ぶ目的を選びやすい時です。中盤以降は一人で理解する段階から、人へ説明し反応を受け取る段階へ移ります。後半は学んだことを堂々と見せたくなる一方、月末頃には表面的な知識より根拠や背景へ関心が深まるため、結論を急がず調べ直してください。　学びを表現へ変えることは、すぐ成果を出すことではありません。理解できない部分を残し、試しながら自分の言葉へ近づける過程です。今月は修了した数より、一つの発見を生活や作品へ移せたかを大切にしましょう。残した問いを次の学びへ丁寧につなげてください。,今月深めたい創作上の問いを一つ決め、入門資料、実例、自分で試す課題を一つずつ選んでください。旅や講座は振り返る時間まで予定に入れます。学んだ内容は三行でまとめ、小さな作品や説明へ変え、使えた点と不足を記録しましょう。試した記録を次の学びへ生かしましょう。
2026_VIRGO,5,10,創造的な役割を整えて社会へ伝わる形にする,今月は仕事や公の場で求められる表現を見直し、自分の発想を責任ある形で届けます。目立つ成果を急ぐより、目的、相手、完成条件を明確にするほど、創造性と社会的な信頼を両立できます。丁寧な説明が次の役割を支えます。,今月は創作、遊び、自己表現を整え、仕事や社会的な役割へ生かすことが中心です。面白い案を思いついた時ほど、誰のために何を変えたいのかを一文にしてください。発想をすぐ大きな企画へせず、試作品や短い提案へ落とすことで、現在の時間と責任に合う形を確かめられます。　この流れは仕事上の発表、企画、肩書、評価、責任ある制作へ現れます。創造性を求められる一方で修正範囲が曖昧な場合は、完成の基準と判断する人を確認しましょう。自分の名前で出すものは、華やかさだけでなく根拠や影響も見直してください。得意だから無償で引き受けてきた役割は、準備時間を含めて条件を話すことが大切です。　前半は企画の細部を整え、伝える軸を選びやすい時です。中盤以降は実務の流れへ組み込み、関係者と役割や期限を調整する段階へ移ります。後半は作品や提案を前へ出したくなりますが、月末頃には表面的な評価より信頼できる相手との深い合意が重要になるため、約束の範囲を確かめてください。　社会へ表現を届けることは、全ての期待へ応えることではありません。できることと追加条件を示し、質問を受けて更新できる状態を作ることです。今月は目立つ量より、説明と行動が一致する一つの成果を育てましょう。,企画や発表を一つ選び、目的、届ける相手、完成条件、修正できる範囲を一枚へまとめてください。試作品を関係者へ見せ、判断に必要な質問を集めます。追加依頼には準備時間と優先順位を示し、現在の責任を超える約束を急いで増やさないようにしましょう。返答後に調整できる余地も残しましょう。
2026_VIRGO,5,11,仲間と楽しみを分かち合い未来の企画を育てる,今月は友人やチームと創作や遊びを共有し、一人では思いつかない企画を小さく試します。発言の多い人だけで進めず、参加方法と役割を選べる形へ整えるほど、仲間それぞれの個性が生きます。小さな試行が次の企画を支えます。,今月は創作、遊び、自己表現を整え、仲間との活動へ広げることが中心です。楽しい案が増えるほど、全てを同時に始めず、今いる人と試せる規模を選んでください。目的と終了条件を先に共有することで、盛り上がりが落ち着いた後も負担だけが残ることを防げます。　この主題は友人、チーム、コミュニティ、観客、将来の企画へ現れます。共同制作では発案者だけでなく、連絡、場所、片付けを担う人の負担も確認しましょう。人前で話しにくい人には文章や後日の回答など別の参加方法を用意すると、表現の幅が広がります。作品を共有する時は、作者名や利用範囲も明確にしてください。　前半は企画の材料を整理し、何を残すかを選びやすい時です。中盤以降は仲間と役割を調整し、実際に続けられる形へ移ります。同時に、新しさを求めて増やしてきた参加先や発信方法を見直す背景も始まりやすく、本当に育てたい場が見えてくるでしょう。　仲間と楽しむことは、いつも同じ熱量で参加することではありません。休む人も後から戻れ、役割を変えられることが活動を長く支えます。今月は人数や反応より、また一緒に作りたいと思える工程を丁寧に育ててください。その記録を次の企画へ生かしてください。,仲間と試したい企画を一つ選び、目的、期間、担当、費用、作品の扱いを短く共有してください。参加方法は当日、文章、裏方など複数用意します。終了後には反応の数だけでなく、楽しかった工程と負担が集中した場所を振り返り、次の形を調整しましょう。休んだ人が戻れる方法も一緒に整えましょう。
2026_VIRGO,5,12,誰にも見せない創作で静かな喜びを取り戻す,今月は評価や公開から離れ、一人で試せる創作や遊びを通して心を休ませます。完成させる義務を持たず、夢、記憶、言葉にならない感覚をそっと形にするほど、自分だけの喜びが戻ります。静かな余白が次の表現を支えます。,今月は創作、遊び、自己表現を整えながら、誰にも見せない楽しみを守ることが中心です。作るたびに公開や成果を考えて疲れているなら、保存先も決めずに試す時間を作ってください。うまく説明できない色、音、言葉をそのまま残すことで、評価に合わせる前の好みへ戻れます。　この流れは一人の時間、夢や記憶、表に出していない作品、心の回復へ現れます。昔好きだったことを再開する場合も、以前の完成度と比べず現在の身体に合う量を選びましょう。感情を作品へ移す時は原因を決めつけず、その時に浮かんだ形を記録してください。誰かへ見せるかどうかは後から選べば十分です。　前半は道具や未完了の作品を整理し、静かに始められる環境を作りやすいでしょう。中盤以降は完全に一人で抱えるより、信頼できる相手へ必要な範囲だけ見せる流れも生まれます。月末頃には表面的な感想より深い理解を求めやすいため、相手と時間と公開範囲を選んでください。　秘密の創作は、社会から隠れるためだけのものではありません。自分の感覚と言葉が追いつき、何を外へ出したいかを選ぶ準備です。今月は完成した数より、作った後に少し呼吸が深くなったかを大切にしましょう。焦らずに静かな手応えを育ててください。,誰にも見せずに試す創作時間を一つ確保し、完成や保存を目的にせず手を動かしてください。終えた後の気分と身体の変化だけを記録します。見せたくなった作品はすぐ公開せず、相手、範囲、聞きたい感想を決め、安心できる小さな場から共有しましょう。共有しない選択も自分のために守りましょう。
2026_VIRGO,6,1,身体に合う日課を選び自分の調子を整える,今月は仕事や健康管理を見直し、自分の身体が無理なく続けられる一日の流れを作ります。理想の習慣を増やすより、疲れやすい時間と回復しやすい条件を記録するほど、自分に合う調整が見えてきます。,今月は仕事、家事、身体の手入れ、毎日の習慣を整理し、実際に回る仕組みへ整えることが中心です。予定を理想通りに埋める前に、作業を始める準備と終えた後の回復まで数えてください。できる量を正確に知ることが、怠けを防ぐためではなく、安定して力を使う土台になります。　この主題は身体、見せ方、動き方、自分に対する扱いへ直接現れます。人に合わせた速度で働いた後に強く疲れるなら、姿勢、休憩、移動の間隔を見直しましょう。体調の数値だけでなく、会話や食事の後に気分がどう変わったかも記録してください。自分の調子を言葉にできるほど、無理な依頼へ早めに相談できます。　前半は生活の細部を点検し、不要な手順や持ち物を減らしやすい時です。中盤以降は一人で整える段階から、周囲と担当や予定を調整する段階へ移ります。月末頃には表面から見えない疲れや仕事の背景へ意識が向くため、頑張りで補う前に原因を確認してください。　日課は、自分を厳しく管理するためのものではありません。調子が落ちた日も戻る場所を作り、助けを求める判断を早くするための道具です。今月は続いた日数より、休んだ後に再開しやすかったかを大切にしましょう。身体から届く小さな合図も判断へ生かしてください。,一週間の睡眠、食事、移動、仕事量と疲れ方を同じ表へ記録し、調子が崩れやすい時間を確認してください。習慣は一度に増やさず、負担を一つ減らしてから試します。追加依頼には現在の予定と必要な回復時間を示し、すぐ答えず無理のない返事を選びましょう。身体の合図を置き去りにしないようにしましょう。
2026_VIRGO,6,2,働く時間と対価を見直して労力の価値を守る,今月は仕事量、家事時間、報酬を並べ、自分の労力がどこで見えなくなっているかを確かめます。速くできる作業を軽く扱わず、準備と回復まで含めて数えるほど、持続できる条件を選べます。その記録が条件調整を支えます。,今月は仕事、家事、健康管理を整え、毎日の労力を正確に扱うことが中心です。目に見える作業時間だけでなく、準備、確認、片付け、移動、回復まで一つの仕事として記録してください。自分が何へ時間を使っているかが分かると、忙しさを責めるのではなく条件を調整できます。　この流れは収入、持ち物、自分の技術や働きへの評価として現れます。得意だから短時間でできる仕事を安く引き受けたり、家族のための作業を無かったことにしたりしていないか確認しましょう。道具やサービスへの支出も、価格だけでなく減らせた手間と使用頻度で判断してください。対価を話す時は、担当範囲と追加条件を具体的に示すことが大切です。　前半は作業と支出の細部を点検し、重複や見落としを減らしやすいでしょう。中盤以降は自分だけで基準を決めるより、関係者と報酬、担当、期限を調整する流れへ移ります。月末頃には表面の金額より、責任の偏りや共有する資源の扱いが気になるため、口頭だけで済ませず記録を残してください。　自分の労力を守ることは、全ての依頼を断ることではありません。必要な時間と条件を伝え、難しい時に相談できる状態を作ることです。今月は働いた量だけでなく、翌日も続けられる余力を価値として扱いましょう。,繰り返す仕事を一つ選び、準備から回復までの時間と必要な道具を書き出してください。見積もりや報酬を相談する時は、その記録を根拠に担当範囲を示します。便利なサービスは価格と削減できた手間を一か月試し、続けるかを落ち着いて判断しましょう。翌日に残る疲れも判断材料へ加えましょう。
2026_VIRGO,6,3,仕事の連絡を整えて確認の往復を減らす,今月は依頼、記録、短い報告の流れを見直し、必要な情報が迷わず届く仕組みを作ります。返事の速さを競うより、目的、期限、完了条件を揃えるほど、聞き直しが減って集中する余白が戻ります。確認の質も安定していきます。,今月は仕事、家事、身体の手入れを整え、日々の連絡を実務へつなげることが中心です。依頼が複数の場所から届いたり、最新版の資料が分からなかったりするなら、受け付ける場所と確認手順を一つにまとめてください。短い連絡ほど目的と期限を省かず、次に誰が動くかを明確にしましょう。　この主題は文章、会話、近距離の移動、学習、兄弟姉妹や近所との用事へ現れます。手順を説明する時は、慣れた人の感覚ではなく初めての人が迷う点を想像してください。外出や連絡が細切れに入る日は、同じ方面と同じ種類の用事をまとめ、戻った後の整理時間も予定へ入れると集中を守れます。　前半は誤記や重複を見つけ、資料と連絡経路を整えやすい時です。中盤以降は一方的に指示するより、実際に使う人の意見を聞きながら手順を調整する流れへ移ります。月末頃には曖昧な依頼の背景や責任範囲を確かめたくなるため、推測で補わず質問してください。　良い連絡は、全てを詳しく書くことではありません。相手が次の行動を判断でき、分からない時に戻れる場所があることです。今月は送信した量より、確認の往復が減り、作業へ集中できたかを大切にしましょう。残した記録を次の手順改善へ丁寧につなげてください。,よく受ける依頼を一つ選び、目的、期限、必要資料、完了条件を記入できる形へ整えてください。外出は同じ方面の用事をまとめ、帰宅後の整理時間も確保します。連絡後に聞き直された点を記録し、次の説明へ一つずつ反映しましょう。改善後の往復回数も忘れずに確かめましょう。
2026_VIRGO,6,4,家の日課を分け合い暮らしを支える余力を作る,今月は家事、世話、住まいの手入れを見直し、誰か一人が黙って補わない流れを作ります。完璧な家を保つより、疲れた日にも回せる最低限と助けを求める方法を共有するほど、家庭が安定します。支える人の余白も守れます。,今月は仕事、家事、身体の手入れを整理し、暮らしを支える日課を無理なく回すことが中心です。清掃、料理、備品管理、家族の予定を並べ、誰がどの頻度で担っているかを確認してください。目についた人が補う方式を続けず、できない日の代替手順まで作ることが安心につながります。　この流れは住まい、家族、心の土台、受け継いだ役割へ現れます。昔から決まっている家事分担も、現在の仕事時間や体力に合っているかを話しましょう。家族の健康管理では、世話をする人の睡眠と休息も同じように予定へ含めてください。頼ることへの罪悪感より、止まった時に困る作業を共有することが大切です。　前半は家の動線や手順を点検し、無駄な往復を減らしやすい時です。中盤以降は正しい方法を決めるより、家族それぞれの余力に合わせて担当を調整する流れへ移ります。月末頃には表から見えない負担が気になりやすいため、感情が高まる前に困っている場面を具体的に伝えてください。　家庭を支えることは、休まず世話を続けることではありません。誰かが休んでも必要なことが分かり、戻った時に再開できる状態を作ることです。今月は家事の完成度より、支える人全員の余力を守りましょう。,一週間の家事と世話を準備、実行、片付けまで書き出し、担当と所要時間を確認してください。疲れた日に省ける作業と外へ頼める作業も決めます。家族とは金額だけでなく手間と連絡の担当を共有し、週末に無理が残った場所を見直しましょう。支える人の休息時間も同じ表へ残しましょう。
2026_VIRGO,6,5,楽しみを日課へ戻して心が動く余白を守る,今月は仕事や家事の流れに趣味や創作を組み込み、喜びを後回しにしない小さな習慣を作ります。成果を求めず短く触れられる工程を残すほど、忙しい日にも自分らしさを回復できます。小さな喜びが日々を支えます。,今月は仕事、家事、身体の手入れを整えながら、楽しみが続く余白を日常へ戻すことが中心です。用事を全て終えてから遊ぼうとすると時間が残らない場合は、短くても先に枠を決めてください。準備が少なく五分で触れられる工程を作ることで、喜びとのつながりを保てます。　この主題は趣味、恋愛、創作、子どもとの時間、自分の表現へ現れます。創作が締切や評価の対象になる時は、完成へ進める時間と自由に試す時間を分けましょう。親しい人との予定も、相手を楽しませる内容だけでなく、自分が参加したいことを伝えてください。身体が疲れている日は、見る、聞く、道具を整えるだけでも十分です。　前半は道具や予定を整理し、楽しみを始める手間を減らしやすい時です。中盤以降は遊びを無理のない日課へ組み込み、仕事との釣り合いを試す流れへ移ります。月末頃には広い評価より、信頼できる相手と深く味わう時間へ価値を感じやすくなるでしょう。　楽しみを予定へ入れることは、気持ちを管理することではありません。責任だけで一日が終わらず、自分の好みへ戻れる道を守るためです。今月は続けた量より、疲れた後にもまた触れたいと思えた工程を残しましょう。その小さな手応えを次の一週間へつなげてください。,趣味や創作を準備、実行、片付けに分け、平日でも触れられる最小の工程を決めてください。仕事の前後で満足と疲れを記録します。できなかった日は埋め合わせをせず、次に戻れる道具と時間だけ整え、楽しみが義務へ変わらない量を守りましょう。翌日に残る疲れも無理なく確かめてください。
2026_VIRGO,6,6,毎日の仕事を棚卸しして続く仕組みへ整える,今月は仕事、家事、健康管理を細かく点検し、止まりやすい工程と負担の偏りを見つけます。速さを上げる前に依頼の入口と完了条件を揃えるほど、ミスを減らしながら休める余白を作れます。休息の基準も明確になります。,今月は仕事、家事、身体の手入れ、日々の習慣そのものを棚卸しし、続けられる仕組みへ整える時です。慣れで省いている確認と、実際には不要になった手順を分けてください。作業の開始から片付けまでを見える形にすると、どこで時間と気力が失われているかが分かります。　この流れは職場の実務、生活習慣、健康記録、世話をする役割へ強く現れます。得意な人だけが知る手順は、判断基準と連絡先を共有しましょう。身体の調子を管理する時も、数値を良くすることだけを目標にせず、睡眠、食事、移動、会話の後の疲れを合わせて見てください。できない日を責めない代替方法が必要です。　前半は細かな誤りや重複を見つけ、実務の精度を上げやすいでしょう。中盤以降は一人で正しい手順を作るより、周囲と担当や期限を調整する流れへ移ります。月末頃には表面から見えない責任や曖昧な依頼の背景が気になるため、推測で補わず目的を確認してください。　効率化は、空いた時間へさらに仕事を詰めるためだけのものではありません。間違いを直す緊張を減らし、必要な時に休める余白を作る手入れです。今月は速く終えた量より、誰が見ても再開できる状態を増やしましょう。休んだ後の再開しやすさも改善の基準にしてください。,繰り返す作業を一つ選び、依頼の入口、必要資料、判断基準、完了条件を一枚へまとめてください。別の人に読んでもらい、迷った箇所を直します。改善で生まれた時間は追加業務だけに使わず、確認と回復のための余白として一部残しましょう。休んだ後の再開方法も一緒に記してください。
2026_VIRGO,6,7,協力の条件を話し合い無理のない分担を作る,今月は顧客やパートナーとの仕事の進め方を見直し、担当、期限、連絡時間を明確にします。公平に半分ずつ分けるより、得意不得意と現在の余力を伝え合うほど、双方が続けられる協力になります。,今月は仕事、家事、身体の手入れを整え、人と協力する時の条件を見直すことが中心です。頼まれたことをすぐ引き受ける前に、現在の作業量と判断に必要な情報を確認してください。自分の都合だけで決めず、相手がいつ何を必要としているかを聞くことで、無理のない工程を作れます。　この主題は顧客、パートナー、同僚、親しい人との一対一の協力へ現れます。担当を半分に分けるだけでなく、準備、連絡、修正、片付けの負担も確認しましょう。契約では金額と期限に加え、変更条件と連絡可能な時間を言葉にしてください。難しいことを早めに伝えることは、関係を拒むのではなく守る行為です。　前半は作業の細部と抜けを点検し、自分の対応範囲を整理しやすい時です。中盤以降は相手の事情を聞きながら、担当と優先順位を調整する流れへ移ります。月末頃には表面的な公平さより、信頼や責任の偏りが気になるため、黙って補う前に記録を基に話してください。　良い協力は、いつも同じ量を担うことではありません。余力が変わった時に相談でき、役割を更新できることが継続を支えます。今月は一度で完璧な分担を決めず、試した後の見直しまで約束へ含めましょう。相談できた時点も協力が進んだ証として扱いましょう。,共同作業を一つ選び、担当、期限、連絡時間、変更時の相談先を書いて共有してください。作業量だけでなく準備と修正の時間も見積もります。短い期間で試した後、双方の疲れ方と止まりやすかった工程を確認し、次の分担を調整しましょう。言いにくかった条件も次の見直しへ残しましょう。
2026_VIRGO,6,8,共有する仕事を整理して見えない負担を減らす,今月は共同資源や秘密を扱う仕事を見直し、誰が何を知り、どこまで決められるかを明確にします。親しさで曖昧にせず、記録、権限、休む時の引き継ぎを整えるほど、深い責任を安全に分け合えます。,今月は仕事、家事、身体の手入れを整える中で、共有している責任と見えない負担へ目を向ける時です。重要な情報や判断が一人に集中しているなら、必要な人が確認できる場所と引き継ぎ手順を作ってください。全てを公開するのではなく、役割に応じた権限を明確にすることが安心につながります。　この流れは共同資産、機密情報、深い信頼を要する仕事、相手の生活を支える役割へ現れます。善意で補ってきた作業は、誰が担当し、どの条件で終わるのかを言葉にしましょう。費用や責任を共有する場合は、口頭の約束だけで進めず、変更履歴と確認先を残してください。重い話題を扱う人の回復時間も必要です。　前半は資料の不足や権限の偏りを見つけ、事実をそろえやすいでしょう。中盤以降は形式上の分担より、各自の余力と信頼の範囲を確かめる流れへ移ります。月末頃には表から見えない事情へ関心が深まりますが、急いで全てを知ろうとせず、今扱う範囲を合意してください。　深い責任を分けることは、互いの境界をなくすことではありません。必要な情報へ安全にたどり着け、難しい時に止められる状態を作ることです。今月は抱え込む強さより、適切に引き継げる仕組みを育てましょう。,共有している重要業務を一つ選び、担当、閲覧権限、保管場所、休む時の引き継ぎ先を確認してください。口頭の決定は短く記録へ残します。機密や感情的な負担がある作業は、扱う時間と相談先を決め、終えた後の回復も予定へ入れましょう。引き継いだ人の迷いも後から確認してください。
2026_VIRGO,6,9,学びを実務へ移して使える技術へ育てる,今月は講座や専門知識を集めるだけで終わらせず、仕事や生活で試せる小さな手順へ変えます。理解した量より、実際に使って不足を確かめるほど、知識が自分を支える技術として定着します。学びの手応えも確かになります。,今月は仕事、家事、身体の手入れを整え、学んだことを実際の手順へ移すことが中心です。新しい講座や資料を増やす前に、現在の仕事で何を改善したいのかを問いにしてください。読む時間だけでなく、試す、記録する、振り返る時間まで予定へ入れることで、学びを使える形へ育てられます。　この主題は専門的な学習、資格、研修、旅、異文化との仕事へ現れます。新しい方法をそのまま導入せず、自分の環境で小さく試し、どこを変える必要があるかを確認しましょう。人へ教える時も完成した答えだけを渡さず、判断に使った基準を説明すると、相手が自分で応用できます。移動を伴う学びでは回復時間も必要です。　前半は資料や用語を整理し、学ぶ目的を絞りやすい時です。中盤以降は一人で理解する段階から、周囲と手順を試し、使いやすさを調整する段階へ移ります。月末頃には表面的な知識より根拠や背景へ意識が向くため、分からない点を残して調べ直してください。　技術は、一度覚えて終わるものではありません。実際に使い、失敗や質問を記録し、今の生活に合う形へ更新する中で身につきます。今月は修了証の数より、一つの学びが作業や判断をどう変えたかを大切にしましょう。,今月身につけたい技術を一つ選び、学ぶ資料、試す作業、振り返る時期を決めてください。実際に使った後、助かった点と不足を三行で記録します。人へ共有する時は手順だけでなく判断基準も伝え、質問を次の改善へ落ち着いて生かしましょう。試す量は現在の余力に合わせて選びましょう。
2026_VIRGO,6,10,仕事の仕組みを整えて責任を持続できる形にする,今月は社会的な役割と日々の実務を結び直し、責任の重さに合う時間と支援を確かめます。成果だけで評価しようとせず、準備、調整、回復まで見える形にするほど、続けられる働き方を選べます。役割の基準も明確になります。,今月は仕事、家事、身体の手入れを整え、社会的な責任を支える実務の仕組みを見直すことが中心です。目立つ成果の裏で増えている確認、調整、報告を記録し、どの役割にどれほど時間を使っているかを確かめてください。責任を増やす前に、支える手順と人員があるかを見ることが大切です。　この流れは職業、肩書、上司や顧客との約束、公に示す成果へ現れます。自分だけが知る手順や連絡先は共有し、休んでも業務が止まらない形へ整えましょう。条件を相談する時は不満だけでなく、担当範囲、判断の回数、改善した結果を具体的に示してください。健康を犠牲にした速さを標準にしないことも責任の一部です。　前半は作業の細部を点検し、抜けや重複を減らしやすい時です。中盤以降は一人で正しい流れを作るより、関係者と役割や期限を調整する段階へ移ります。後半は改善案を外へ示したくなりますが、月末頃には表面から見えない責任の偏りも確認し、追加条件を言葉にしてください。　持続できる仕事は、常に余裕がある状態ではありません。難しい時に相談でき、優先順位を変え、休んだ後に戻れる仕組みがあることです。今月は成果の量より、責任を一人へ閉じ込めない流れを作りましょう。,担当業務を成果、準備、調整、判断に分け、実際に使った時間と責任を記録してください。上司や顧客へ相談する時は、改善案と必要な支援を一緒に示します。新しい役割は報酬だけでなく引き継ぎと休息の条件まで比較し、返答を急がないようにしましょう。役割を断る選択も同じ基準で検討しましょう。
2026_VIRGO,6,11,チームの実務を整えて支え合える流れを作る,今月は仲間との作業、連絡、当番を見直し、善意の人へ負担が集中しない仕組みを作ります。全員へ同じ役割を求めず、得意な方法と休む時の引き継ぎを選べるほど、活動を長く続けられます。相談の入口も分かりやすくなります。,今月は仕事、家事、身体の手入れを整え、チームやコミュニティの実務を回しやすくすることが中心です。決定事項、相談中の内容、雑談が同じ場所へ流れているなら、必要な情報へたどり着ける形へ分けてください。全員が全てを追うのではなく、担当に必要な通知を選べることが大切です。　この主題は友人、チーム、共同作業、当番、将来の計画へ現れます。会議で発言する人だけでなく、準備、記録、片付けを担う人の時間も数えましょう。参加方法は当日だけに限定せず、文章や後日の回答も用意してください。休む人が出た時の代替手順を決めることで、誰かの責任感だけに頼らずに済みます。　前半は連絡先や作業一覧を整理し、重複を減らしやすい時です。中盤以降はメンバーの余力を聞きながら担当を調整する流れへ移ります。同時に、新しさを求めて増やしてきた仕組みや参加先を見直す背景も始まりやすく、残す活動が明確になるでしょう。　支え合えるチームは、いつも全員が同じ量を働く場ではありません。できない時に伝えられ、役割を変え、後から戻れることが継続を支えます。今月は作業量より、負担が見え、相談できる流れを一つ育てましょう。見直した記録を次の当番と連絡方法へ生かしてください。,チームの定例作業を一つ選び、担当、所要時間、確認先、休む時の代替方法を共有してください。連絡は決定、相談、雑談で置き場所を分けます。活動後に負担が集中した工程と参加しにくかった点を聞き、次の当番や方法を丁寧に調整しましょう。休んだ人が戻れる入口も分かりやすく残しましょう。
2026_VIRGO,6,12,見えない働きを減らして回復できる余白を守る,今月は誰にも気づかれない作業や考え続けている用事を整理し、休息を日課の外へ追い出さない流れを作ります。全部終えてから休もうとせず、今月扱わない仕事を決めるほど、心身が静かに回復します。,今月は仕事、家事、身体の手入れを整えながら、表から見えない働きと疲れを減らすことが中心です。誰にも頼まれていないのに先回りしていることや、終わった後も頭の中で続けている作業を書き出してください。今月扱うものと後でよいものを分けることで、休む時間へ仕事が入り込むのを防げます。　この流れは一人で担っている仕事、裏方の役割、睡眠、感情的な世話、未完了の用事へ現れます。人の気持ちを推測して補う前に、実際に求められているかを確認しましょう。疲れを数字だけで管理せず、眠り、音、光、会話の後の反応も記録してください。誰かへ頼む時は、任せる範囲と確認の時期を決めることが大切です。　前半は未返信や古い手順を整理し、心に引っかかるものを減らしやすいでしょう。中盤以降は完全に一人で抱えるより、信頼できる相手と担当を分ける流れへ移ります。月末頃には表面から見えない原因へ意識が向きますが、全てを解決しようとせず、今休むために必要な範囲を選んでください。　休息は、仕事が終わった人への褒美ではありません。判断を回復させ、必要な役割へ戻るための基礎です。今月は処理した量より、何もしない時間を守り、翌日に再開できたかを大切にしましょう。,見えないまま担っている作業、未返信、考え続けている用事を一覧にし、今月扱わないものへ見直す時期を付けてください。就寝前は未完了を紙へ移し、通知から離れます。一人で難しい作業は任せる範囲と確認日を決め、回復の予定を先に守りましょう。何もしない時間も回復の予定として守りましょう。
2026_VIRGO,7,1,対話の中でも自分の輪郭を失わない,今月は一対一の関係を見直し、相手へ合わせる部分と自分が守りたい感覚を分けます。印象を整えるだけでなく、身体の反応や言いにくさを確かめるほど、無理のない対話と合意を選べます。余白も守れます。,今月は一対一の関係、相談、契約、役割分担を丁寧に点検することが中心です。相手の希望を先回りして埋めるより、互いに何を期待し、どこまで引き受けられるかを言葉にしましょう。関係を良くするための調整は、自分を小さくすることではなく、続けられる条件を見つける作業です。　この主題は外見、姿勢、身体感覚、自己紹介、自分らしい振る舞いへ直接現れます。会う相手によって話し方や服装を変えること自体は問題ではありませんが、帰宅後に強く疲れるなら合わせ方が過剰かもしれません。返事をする前の呼吸、声の出しやすさ、違和感の残り方も判断材料にしてください。自分の希望を短く伝えるほど、相手にも選択の余地が生まれます。　前半は過去の約束や連絡方法を整理し、曖昧だった境界を見つけやすい時です。月後半は公平さと相互性を確かめながら、実際の担当や頻度を調整する流れへ移ります。月末頃には表面上の感じの良さより、本音と信頼を優先したくなるため、すぐ結論を出さず背景まで聞きましょう。　自分を示すことと相手を尊重することは両立します。今月は好かれる答えを探すより、身体が落ち着いたまま話せる速度を選んでください。小さな違和感を早めに共有することが、後から大きく譲る必要を減らします。,大切な相手との予定を一つ選び、目的、時間、費用、変更時の連絡方法を事前に確認してください。会話の前後には身体の緊張や疲れを短く記録します。返事に迷う依頼にはその場で決めず、確認して戻る時刻を伝え、自分の感覚を確かめる余白を取りましょう。話した後の疲れも確認します。
2026_VIRGO,7,2,関係にかかる負担と価値を釣り合わせる,今月は共同の支出、贈り物、報酬、無償で担っている役割を見直します。金額だけで公平さを決めず、時間や技術、安心感まで含めて話すほど、自分の価値を損なわない持続的な関係を築けます。納得も残ります。,今月は対人関係や契約の条件を整理し、与える量と受け取るものの釣り合いを確かめる時です。親しさを理由に費用や手間を曖昧にしたり、断りにくさから追加の役割を引き受けたりしていないかを見直しましょう。公平さは全てを同じにすることではなく、双方が納得できる根拠を持つことです。　この流れは収入、所有物、買い物、自分の技能への評価として現れます。共同購入や交際費は、誰が支払ったかだけでなく、手配、移動、連絡にかかった時間も並べてください。仕事の条件を相談するなら、成果物に加えて修正回数や連絡可能な時間を明確にすると、自分の価値を落とさず調整できます。好意と対価を混ぜない区切りも必要です。　前半は請求、契約、定期支出を確認し、見えにくい負担を数え直すのに向きます。月後半は互いの事情を聞き、金額と役割の折り合いを探る流れが強まります。月末頃は表面的な均等より、信頼や責任の深さが気になるため、共有する範囲と個人で保つ範囲を話してください。　自分の価値を守ることは、損得だけで人を測ることではありません。無理を隠した好意は長く続きにくいため、できる量を正直に示すことも関係への配慮です。今月は支払額より、合意後に不満が残らない条件を大切にしましょう。,二人以上で扱う支出や仕事を一つ選び、金額、手間、担当、変更条件を同じ表へまとめてください。値段を相談する時は、準備や修正に必要な時間も伝えます。無償で続けている役割は頻度を記録し、負担を減らす方法か交代できる部分を落ち着いて話しましょう。記録も残しましょう。
2026_VIRGO,7,3,言葉の行き違いをほどき対話の道筋を作る,今月は返事の速さより、相手の意図と自分の理解が合っているかを確かめます。相談の目的、前提、次の行動を短く揃えるほど、言い直しや推測が減り、近しい人とも落ち着いて話せる道筋ができます。,今月は一対一の会話、相談、交渉を整え、言葉が実際の行動へつながる形を作ることが中心です。返事を急ぐあまり分かったふりをしたり、相手の沈黙を自分なりに解釈したりせず、確認できる問いへ戻りましょう。正確さと親しさは対立せず、誤解を早く見つけるほど関係の負担を減らせます。　この主題は文章、連絡、短い移動、学び、兄弟姉妹や近所とのやり取りへ現れます。メッセージが長くなる時は、相談したいことと共有だけの情報を分けてください。移動を伴う約束では、場所や時刻だけでなく、遅れる場合の連絡先も決めておくと安心です。よく使う言葉の意味が相手と同じかを確かめることも役立ちます。　前半は過去の連絡を整理し、伝達経路や説明の不足を見つけやすいでしょう。月後半は自分の正しさを示すより、双方が使える表現へ言い換える流れが強まります。月末頃には表面的な返答の奥にある意図を知りたくなるため、詰問せず、何を心配しているのかを尋ねてください。　良い対話は、言葉を多くすることではなく、次に誰が何をするかを共有できることです。今月は一度で完璧に伝えるより、聞き直せる雰囲気を作りましょう。記録と口頭説明を使い分けることで、近い関係にも余白が戻ります。,重要な相談では、最初に目的と決めたい範囲を一文で伝え、最後に互いの次の行動を確認してください。長い連絡は共有事項と質問を分けます。聞き違いが起きた時は責任探しをせず、どの言葉で理解が分かれたかを記録し、次の説明へ反映しましょう。合意した内容も残しましょう。
2026_VIRGO,7,4,家の安心を守れる関わり方を話し合う,今月は家族や身近な相手との役割を点検し、安心を保つために必要な距離と協力を話します。昔からの決まりを続けるだけでなく、今の生活時間と気力に合わせて調整するほど、家に戻れる余白が生まれます。,今月は一対一の関係や約束を見直し、身近な人と安心して暮らせる条件を整える時です。家族だから分かるはず、長く一緒にいるから説明はいらないと考えず、現在の予定や困りごとを言葉にしてください。親しさの中にある暗黙の役割を確認することが、互いの休める場所を守ります。　この流れは住まい、家族、心の土台、過去から受け継いだ関係の型へ現れます。来客、家事、介護、住居費などは、担当だけでなく相談の入口も決めておきましょう。昔の家庭で身につけた我慢や遠慮が今の相手にも必要とは限りません。家で一人になりたい時間と、一緒に過ごしたい時間の両方を伝えることが大切です。　前半は生活動線や家族の予定を確認し、重なり過ぎた負担を分けやすい時です。月後半は誰の方法が正しいかより、全員が納得できる分担を探る流れへ移ります。月末頃は言葉にされてこなかった感情や費用が気になりやすいため、結論を急がず、背景を一つずつ聞いてください。　安心できる家は、意見の違いがない場所ではありません。疲れた時に相談でき、距離を取った後にも戻れる手順がある場所です。今月は表面上の平穏を保つより、小さな不満を安全に話せる時間を作りましょう。家の静けさも守れます。,家族や同居人と一週間の予定を並べ、家事、来客、一人で休む時間を確認してください。負担が偏る作業は、担当変更だけでなく外へ頼む案も用意します。話し合いが熱くなった時に中断する合図と、再開する時刻を先に決め、安心して戻れる道を残しましょう。互いの休息も守りましょう。
2026_VIRGO,7,5,好きな気持ちを育てる約束を選び直す,今月は恋愛、創作、遊びの予定を見直し、相手を喜ばせることと自分が心から楽しむことを両立させます。評価や反応を急がず、互いの好みと余力を確かめるほど、喜びを長く育てられます。素直な喜びも残せます。,今月は一対一の関係や共同作業を整えながら、好きという気持ちを無理なく育てることが中心です。相手の反応を先に読み、楽しませる役へ偏っているなら、自分が望むことも同じ重さで扱ってください。約束を増やすより、会った後に心が軽くなる時間を選ぶことが大切です。　この主題は恋愛、趣味、創作、子どもとの関わり、自己表現へ現れます。共同制作では、完成像だけでなく試してよい範囲と意見を決める方法を共有しましょう。親しい相手との遊びも、刺激が欲しい日と静かに過ごしたい日では選択が変わります。褒められる作品より、自分の感覚が動く工程を残してください。　前半は過去の約束や制作手順を整理し、惰性で続けている予定を見つけやすい時です。月後半は互いの好みを持ち寄り、楽しみ方の釣り合いを試す流れへ移ります。月末頃には広く好かれることより、信頼できる相手と深く味わえる時間が重要になり、表現も率直さを増すでしょう。　喜びを分かち合うために、自分の気持ちを後回しにする必要はありません。今月は結果や関係の名前を急いで決めず、また会いたい、また作りたいと思える余力を確かめてください。その余白が自然な継続を支えます。楽しみの質も守れます。,恋愛や共同制作の予定を一つ選び、したいこと、避けたいこと、使える時間を互いに伝えてください。終わった後は満足と疲れを別々に記録します。反応が薄い時に予定を増やして埋めず、次に試す小さな案を一つだけ残し、楽しさが義務へ変わらない量を守りましょう。
2026_VIRGO,7,6,協力の条件を整えて日々の負担を減らす,今月は職場や生活で頼み合う手順を見直し、誰か一人の気づきに依存しない分担を作ります。体調や作業量を隠さず、依頼の入口と完了条件を共有するほど、協力と休息を両立しやすくなります。相談もしやすくなります。,今月は一対一の協力関係、担当、契約を見直し、日々の仕事を無理なく回す条件を整える時です。頼みやすい人へ用事が集中したり、親切で補った作業が正式な担当になったりしていないかを確認しましょう。助け合いを続けるには、依頼の入口と断れる基準の両方が必要です。　この流れは職場の実務、家事、健康管理、世話をする役割へ具体的に現れます。共同作業では、開始前に資料、期限、確認者を揃え、終わった後の片付けまで担当へ含めてください。体調が揺れる時は、迷惑をかけないよう黙るより、変更できる工程を早めに示すほうが相手も調整できます。休息を分担の外へ追い出さないことが大切です。　前半は作業手順と連絡先を整理し、負担の偏りを発見しやすいでしょう。月後半は効率だけで決めず、双方の得意不得意や生活時間を踏まえて役割を調整する流れへ移ります。月末頃には見えない責任や感情的な負担へ意識が向くため、表の担当だけでなく、気にかけ続ける役も言葉にしてください。　協力は、同じ量を担うことではなく、困った時に交代できる状態を作ることです。今月は作業の速さより、休んだ人が戻りやすく、代わった人も抱え込まない仕組みを増やしましょう。小さな相談を早めることが双方を守ります。,共同作業を一つ選び、依頼者、担当、確認者、完了条件、代替手順を書き出してください。体調や予定が崩れた場合に減らせる工程も先に決めます。週末には作業量だけでなく、気にかけ続けた負担を互いに振り返り、翌週の分担へ反映しましょう。交代後の負担も確かめましょう。
2026_VIRGO,7,7,二人の約束を今の関係に合わせて整える,今月はパートナーや重要な相手との約束を棚卸しし、今も役立つものと更新が必要なものを分けます。公平さを形だけで揃えず、互いの事情と本音を聞くほど、依存にも我慢にも偏らない関係を選べます。,今月はパートナーシップ、契約、相談相手との関係そのものを丁寧に整える時です。以前は自然に機能した約束も、仕事や生活時間が変われば負担になることがあります。守れなかった回数を責めるより、現在の二人に合う頻度、連絡方法、役割へ更新しましょう。　この主題は親しい関係の中で強く現れ、相手の希望と自分の希望を同じ場へ出すことが求められます。意見が一致しない時に、どちらが正しいかだけで決めると片方の我慢が残ります。譲れない部分、試せる部分、今は保留する部分を分けてください。対等さは常に五分ずつではなく、状況を説明し直せることにあります。　前半は過去の約束や繰り返す衝突を整理し、話し合う論点を絞りやすい時です。月後半は互いの立場を比較し、実際の合意へ落とす流れが強まります。月末頃には表面的な平和より信頼の深さを確かめたくなるため、言いにくい希望も一度に結論を求めず共有しましょう。　良い関係は、迷いや違いが消えることではありません。変わった事情を伝え、約束を作り直せる柔らかさがあります。今月は相手の返事を急かさず、自分も考え直せる余白を残してください。話した後に互いが少し楽になる着地点を探しましょう。,重要な相手と、続けたい約束、負担になった約束、新しく相談したいことを一つずつ持ち寄ってください。その場で全て決めず、試す期間と見直す日を決めます。意見が分かれた時は共通の目的へ戻り、今は決めない選択も合意として記録しましょう。試した後の感覚も共有しましょう。
2026_VIRGO,7,8,共有する責任と秘密の境界を確かめる,今月は共同資金、深い相談、預かった情報の扱いを見直し、共有する範囲と個人で守る範囲を決めます。親しさを証明するために全てを開かず、責任と同意を確認するほど、信頼を安全に深められます。,今月は一対一の関係や契約を通して、信頼と責任をどこまで共有するかを整える時です。近い関係ほど、説明しなくても分かる、自由に使ってよいと考えやすいものですが、資金や秘密には明確な同意が必要です。善意だけに頼らず、変更や撤回の方法まで話しておきましょう。　この流れは共同資金、借りた物、相続、親密さ、深い感情、預かった情報へ現れます。支払いを分ける時は金額だけでなく、名義、期限、記録の保管先を確認してください。重い相談を受ける場合も、自分だけで抱えられる範囲か、専門的な支えが必要かを考えましょう。秘密を守ることと孤立することは同じではありません。　前半は契約書、口座、共有資料を整理し、曖昧な権限を見つけやすい時です。月後半は公平な分担を話し合いながら、双方が安心できる合意へ移ります。月末頃には表面上の条件より、動機や本音、長く残る責任が重要になるため、急な一体化や決断を避け、確認の時間を取りましょう。　信頼は、全てを差し出すことで証明するものではありません。断れること、考え直せること、困った時に第三者へ相談できることも信頼の一部です。今月は深く関わるほど境界を丁寧にし、互いの安全を守りましょう。,共有している資金や情報を一つ選び、利用範囲、保管場所、確認者、終了時の扱いを記録してください。深い相談を受ける前には、聞ける時間と守れる秘密の範囲を伝えます。迷う内容は二人だけで結論を急がず、信頼できる第三者へ相談する選択も残しましょう。合意の記録も残しましょう。
2026_VIRGO,7,9,違う考えを学び合える関係へ整える,今月は価値観や将来像の違いを勝ち負けにせず、互いが何を根拠に考えているかを聞きます。旅や学びの計画も一方の理想で決めず、目的と現実条件を揃えるほど、視野を広げる関係になります。対話の余地も残ります。,今月は一対一の対話や協力を通して、異なる考え方とどう付き合うかを整える時です。意見が違う時に、相手を説得することだけを目的にすると、学べる情報が減ってしまいます。結論の前に、どんな経験や資料を根拠にしているのかを聞き、共通点と未確認の点を分けましょう。　この主題は学習、専門知識、旅、文化、信念、長期的な見通しへ現れます。二人で講座や旅行を選ぶなら、興味だけでなく費用、体力、準備時間を並べてください。指導者や相談相手とは、教わる範囲と自分で判断する範囲を明確にしましょう。相手の知識を尊重しながら、疑問を持つ余地も守ることが大切です。　前半は資料や計画を点検し、思い込みと事実を分けやすい時です。月後半は異なる立場を比較し、双方が参加できる案へ調整する流れが強まります。月末頃には広い理念より、なぜその考えを大切にするのかという深い動機へ関心が移るため、答えを急がず聞いてください。　視野を広げる関係は、同じ結論になる関係とは限りません。違いを残したまま協力できる範囲を知ることも、重要な学びです。今月は分かったつもりにならず、知らないことを一緒に調べる姿勢を選びましょう。学びの余白も広がります。,意見が分かれるテーマを一つ選び、互いの根拠、未確認の情報、共通の目的を書き分けてください。学びや旅の計画は費用と体力も含めて比較します。話し合いの後に結論が出なくても、次に調べる資料と再開する時期だけを決め、違いを急いで埋めないようにしましょう。
2026_VIRGO,7,10,仕事上の協力を責任の見える形へ変える,今月は上司、顧客、協力者との約束を見直し、成果と責任の範囲を明確にします。期待を推測して抱え込むより、判断者と期限、変更条件を共有するほど、公の役割と信頼を無理なく支えられます。協力も続きます。,今月は一対一の仕事関係、契約、相談を整え、公の役割を誰とどう担うかを確認する時です。相手の期待を察して先回りするだけでは、責任の範囲が広がり続けます。成果物、期限、判断者、変更時の手順を言葉にし、協力が評価や負担の偏りへつながらない形を作りましょう。　この流れは職業、肩書、社会的な責任、上司や顧客との関係へ現れます。会議で合意した内容は、担当と決定権を分けて記録してください。代表として発言する時も、個人の意見と組織の方針を混同しないことが大切です。人前で頼られるほど、相談できる相手と代行の条件を先に用意しておきましょう。　前半は契約や過去の指示を整理し、曖昧な責任を見つけやすいでしょう。月後半は立場の違う相手と条件を比較し、現実的な合意へ進む流れが強まります。月末頃には表向きの評価より、権限や情報の持ち方が気になるため、非公開事項と共有可能な範囲を確かめてください。　信頼されることは、全てを一人で引き受けることではありません。判断に必要な情報を揃え、難しい時に早く相談できることも責任です。今月は目立つ成果より、約束が追跡でき、担当が交代しても続く仕事を残しましょう。役割への安心も保てます。,進行中の案件を一つ選び、成果物、担当、承認者、期限、変更条件を一枚にまとめて関係者と確認してください。口頭の追加依頼は記録へ戻します。判断に迷う場面では自分だけで補わず、必要な情報と相談先を示し、責任の境界を曖昧にしないようにしましょう。確認履歴も残してください。
2026_VIRGO,7,11,仲間との約束を未来へ続く形に整える,今月は友人やチームとの協力を見直し、誰が声を上げ、誰が支えるかの偏りを確かめます。共通の理想だけで進まず、参加できる時間と役割を話すほど、個々の余力を守りながら計画を続けられます。,今月は一対一の関係や合意を手がかりに、仲間と未来の計画を続ける条件を整える時です。全員が賛成しているように見えても、実務を担う人や連絡する人が固定されていないか確認しましょう。善意で始まった活動ほど、参加できない時の伝え方と役割を手放す方法が必要です。　この主題は友人、チーム、コミュニティ、オンラインのつながり、長期目標へ現れます。共同企画では、発案者と運営者を分け、決定事項を参加できなかった人にも届く場所へ残してください。友人との約束も、人数が増えるほど全員の希望を一度に満たそうとせず、今回の目的を絞ると負担を減らせます。　前半は名簿、連絡経路、計画の進み具合を整理し、止まっている理由を見つけやすい時です。月後半は異なる意見を調整し、参加方法を複数用意する流れへ移ります。月末頃には表面的な一体感より、本当に信頼して任せられる相手や、守るべき情報の範囲が重要になるでしょう。　未来を一緒に描くために、常に同じ熱量でいる必要はありません。離れる時期や戻る時期を認めるほうが、関係は長く続きます。今月は人数や反応の多さより、約束した人が無理なく次の一歩を選べる状態を大切にしましょう。参加の余白も守れます。,共同計画を一つ選び、目的、現在の担当、決定方法、休む時の連絡を参加者と確認してください。会議に出られない人向けに記録を残します。進みが遅い時は新しい人を増やす前に、既存の負担と優先順位を聞き、縮小して続ける案も同じ重さで検討しましょう。再開の条件も共有しましょう。
2026_VIRGO,7,12,静かな距離を認めて関係を休ませる,今月は人に合わせ続けて消耗した部分を見つけ、返事を待ってもらう時間や一人で休む境界を整えます。言葉にならない気持ちを急いで説明せず、回復してから向き合う約束を作るほど、関係を穏やかに保てます。,今月は一対一の関係や約束を見直しながら、誰にも見せていない疲れや迷いを休ませることが中心です。相手を不安にさせないために返事を続け、考える時間を失っているなら、連絡を止めるのではなく、いつ戻れるかを伝えて距離を取りましょう。沈黙にも安全な使い方があります。　この主題は休息、内省、秘密、終わりかけた役割、言葉になる前の感情へ現れます。人の相談を聞いた後に長く引きずるなら、聞ける時間と内容の範囲を決めてください。過去の関係を思い返す時も、すぐ連絡するか忘れるかの二択にせず、書いて整理する時間を持ちましょう。助けが必要な疲れを一人で隠さないことも大切です。　前半は未返信や未完了の約束を整理し、続けるものと閉じるものを分けやすい時です。月後半は相手との釣り合いを確かめ、休むための説明や再開の条件を話す流れへ移ります。月末頃には隠してきた本音が浮かびやすいため、感情が強いまま結論を出さず、信頼できる場でゆっくり言葉にしてください。　距離を取ることは、関係を拒むことではありません。回復してから誠実に戻るための調整です。今月は全ての連絡へ同じ速さで応えず、自分の静けさを守れる順番を選びましょう。休んだ後に話せることが増えるなら、その時間には十分な意味があります。,連絡先を緊急、今週中、休んでから返すものに分け、返事が遅れる相手には戻る目安だけ伝えてください。重い相談の後は一人になる時間を予定へ入れます。過去の関係を思い出して動きたくなった時は、一晩置いて目的を書き、回復した状態で連絡するか判断しましょう。
2026_VIRGO,8,1,自分の輪郭を守りながら深く関わる,今月は信頼する相手へ何を見せ、何を自分の内側に保つかを整えます。親密さを急いで証明せず、身体の反応や違和感を確かめながら共有範囲を選ぶほど、自分らしさを失わない深い関係を育てられます。,今月は共有するお金、責任、秘密、感情を整理し、誰とどこまで深く関わるかを見直す時です。相手を信じたい気持ちがあっても、全てを一度に預ける必要はありません。同意を確かめ、考え直せる余地を残すことが、安心して関係を深める土台になります。　この主題は外見、身体感覚、自己像、自分の意思表示へ直接現れます。頼られた時に表情では平気に見せても、肩や胃に緊張が残るなら引き受け方を調整してください。個人的な情報を話す場面では、何のために、誰まで共有されるのかを確認しましょう。自分の感覚を言葉にできるほど、親密さと境界を両立できます。　前半は契約、預かり物、過去の約束を点検し、曖昧な責任を見つけやすい時です。月後半は相手との釣り合いを確かめながら、互いに納得できる共有方法へ整える流れが強まります。月末頃には表面上の公平さより本音と信頼が重要になり、言いにくいことを丁寧に話す機会が増えるでしょう。　深く関わることは、自分の輪郭を消すことではありません。迷った時に止まり、説明を求め、必要なら断れる関係こそ信頼を育てます。今月は相手の期待より、話した後に身体が落ち着いているかを大切な判断材料にしてください。自分の境界を感じ取る時間も守りましょう。,共有を求められている情報や役割を一つ選び、目的、相手、期間、撤回方法を書き出してください。返事の前後には身体の緊張を記録します。違和感がある時は、その場で了承せず確認して戻る時刻を伝え、落ち着いた状態で共有範囲を決めましょう。決めた範囲は短く記録し、後から見直せるようにしてください。
2026_VIRGO,8,2,自分のお金と共有資金の境界を引き直す,今月は自分で使えるお金と共同で負う支出を分け、名義、期限、負担割合を確かめます。好意や不安で曖昧にせず、時間や労力も含めて記録するほど、自分の価値と相手への信頼を両方守れます。安心も残せます。,今月は共有資金、借り貸し、保険、税金、継続的な支払いを整理し、責任の境界を明確にする時です。親しい相手とのお金ほど口頭の了解で進めやすいものですが、後から状況が変わっても確認できる記録を残しましょう。援助する側と受ける側のどちらにも、見直す権利があります。　この流れは収入、貯蓄、所有物、自分の技能への評価へ現れます。共同の支出が増えることで、自分に必要な生活費や学びの費用を削り過ぎていないかを確認してください。安く引き受けた仕事が相手への貸しのように感じられるなら、報酬と好意を分けて話す必要があります。自分の資源を守ることは信頼を疑うことではありません。　前半は口座、契約、請求、定期支出を点検し、重複や名義の不一致を見つけやすいでしょう。月後半は金額だけでなく事情と労力を持ち寄り、負担割合を調整する流れへ移ります。月末頃には表面上の均等より、長期的な責任や本音が重要になるため、急な貸し借りや一体化は避けてください。　お金の境界を引くことは、関係を冷たくするためではありません。できる援助と続けられない援助を分けるほど、好意を無理なく保てます。今月は支払った額だけでなく、合意後に安心して暮らせる余力が残るかを確かめましょう。,共同支出を一つ選び、名義、残額、期限、負担割合、変更時の連絡方法を同じ表へまとめてください。自分の生活費と予備費は先に分けます。援助や借り入れを相談する時は返済条件だけでなく、見直す時期と難しくなった場合の相談先も決めましょう。合意した数字は記録し、翌月の余力も一緒に確かめましょう。
2026_VIRGO,8,3,秘密と重要情報を安全に受け渡す,今月は契約や深い相談に伴う連絡を整理し、誰へ何を伝えたかを追える形にします。曖昧な言葉を推測で補わず、機密範囲と次の行動を確認するほど、誤解や情報漏れを防ぎながら信頼を保てます。確認の質も上がります。,今月は共有する情報、契約、深い相談を整理し、重要な言葉を安全に扱うことが中心です。口頭で聞いた内容をそのまま広げたり、沈黙を同意と受け取ったりせず、誰まで共有してよいかを確かめましょう。伝える必要と守る責任を分けることで、近い関係にも安心が生まれます。　この主題は文章、メール、申請、短い移動、兄弟姉妹や近所との連絡へ現れます。契約や支払いに関する会話では、数字、期限、担当を一つずつ復唱してください。複数の連絡手段があるなら、決定事項を残す場所を一つに決めましょう。相談を受けた時は、助言が必要なのか、ただ聞いてほしいのかを尋ねることも大切です。　前半は古いメッセージや書類を整理し、抜けた説明や期限を見つけやすい時です。月後半は双方の理解を比べ、誤解のない表現へ調整する流れが強まります。月末頃には表面的な返答より背景や本音を確かめたくなるため、急かさず、質問の目的を伝えてから聞いてください。　重要情報は、多く知るほど良いわけではありません。自分が担う範囲だけを受け取り、不要になった資料を適切に閉じることも信頼の一部です。今月は返事の速さより、後から経緯をたどれ、必要な人だけが確認できる連絡を残しましょう。,重要な相談や契約を一つ選び、決定事項、未確認の点、共有してよい相手、保管場所を記録してください。口頭の変更は短い文で確認します。秘密を預かった時は聞ける範囲を伝え、抱えきれない内容なら本人の同意を得て適切な相談先へつなぎましょう。連絡後は相手の理解も確かめ、記録の抜けを補いましょう。
2026_VIRGO,8,4,家族で受け継いだ責任を今の形へ整える,今月は住まい、家族のお金、介護や相続にまつわる暗黙の役割を見直します。昔からの担当を当然とせず、現在の時間と負担を言葉にするほど、安心できる家と家族それぞれの生活を両立できます。家の余白も守れます。,今月は家族と共有する資産、住まい、世話、秘密を整理し、受け継いだ責任を現在に合う形へ整える時です。誰か一人だけが口座や書類の場所を知っていたり、気づいた人が介護や連絡を担ったりする状態を見直しましょう。家族の歴史を尊重しながら、今の暮らしに必要な分担へ変えられます。　この流れは住居、家族、心の安全、親から受け継いだ価値観へ現れます。住宅費、修繕、保険、相続の相談では、感情と手続きを別々に扱ってください。家族の秘密を守ることが誰かの孤立につながっていないかも確認しましょう。一人で判断できない内容は、専門家へ相談するための情報を揃えることが先です。　前半は重要書類、連絡先、家の契約を点検し、見えない負担を数え直すのに向きます。月後半は家族それぞれの事情を聞き、現実的な担当へ調整する流れへ移ります。月末頃には表面上の分担より、長く残る感情や不公平感が浮かびやすいため、結論を急がず背景を聞いてください。　家族の責任を分けることは、過去を否定することではありません。誰かが休んでも必要な情報へたどり着き、相談できる状態を作ることです。今月は全てを解決するより、次に話せる場所と記録を残すことを大切にしましょう。,家に関する重要書類と連絡先を一つの一覧へまとめ、家族の誰が確認できるかを話してください。世話や費用の負担は時間も含めて記録します。意見が分かれる内容は一度で決めず、専門家へ聞く項目と家族で話す感情を分けて次回へつなげましょう。話した内容は一覧へ戻し、休む人の負担も残さないようにしましょう。
2026_VIRGO,8,5,心を開く速度を選び喜びを深める,今月は恋愛や創作で見せる弱さと守りたい部分を整理し、親密さを急がない約束を作ります。反応や評価を求めて全てを差し出さず、安心して試せる範囲を選ぶほど、喜びと信頼を一緒に育てられます。,今月は親密さ、共有する感情、共同制作を見直し、心を開く速度を自分で選ぶ時です。好きだから何でも話す、信じてもらうために全て見せるという二択から離れましょう。相手の反応を待ちながら少しずつ共有できる関係は、喜びを深めても自分を消耗させません。　この主題は恋愛、趣味、創作、子どもとの関わり、自己表現へ現れます。共同制作では、未完成の案を誰まで見せるか、意見をどう採用するかを先に決めてください。恋愛では、身体的な距離も感情の共有も、その都度同意を確かめることが大切です。評価される作品より、自分が安心して冒険できる工程を残しましょう。　前半は過去の約束や作品の扱いを整理し、無理に開いていた範囲を見つけやすい時です。月後半は互いの好みと境界を持ち寄り、楽しみ方の釣り合いを試す流れへ移ります。月末頃には広い反応より、信頼できる相手と深く味わう時間へ価値が移り、本音を表現しやすくなるでしょう。　喜びを深めることは、痛みや不安まで作品や関係へ差し出すことではありません。見せない選択と、後から話す選択も守ってください。今月は刺激の強さより、終わった後にも自分へ戻れる親密さを選びましょう。安心して笑える感覚も、親密さを測る大切な目印になります。,恋愛や共同制作で共有したいことを一つ選び、今話せる部分、後で話す部分、見せない部分に分けてください。相手にも同じ選択肢を渡します。終わった後は喜びと疲れを別々に記録し、安心が減る場合は次回の時間や距離を小さく調整しましょう。次に会う前には前回の疲れも振り返り、無理のない速度を選びましょう。
2026_VIRGO,8,6,見えない負担を分けて日常を立て直す,今月は共同作業、介助、健康に関する費用や心配を見直し、誰か一人が抱えている見えない負担を表へ出します。作業と感情の両方を分けて相談するほど、休息と協力を続けられる日常へ整えられます。,今月は共有する責任や資源を整理し、日々の仕事と身体の手入れを無理なく続ける条件を作る時です。誰かの代わりに気づき続けることや、体調を心配して予定を調整することも負担として数えてください。見える作業だけを均等にしても、安心できる分担にはなりません。　この流れは職場の実務、家事、健康管理、介助、保険や医療費の手続きへ現れます。共同作業では、担当、確認者、緊急時の代替を決めましょう。体調に関する情報は必要な相手へ伝えつつ、個人情報を広げ過ぎない範囲を確認してください。費用と世話の時間を同じ表へ置くと、相談すべき偏りが見えます。　前半は申請、記録、支払いを点検し、止まっている手続きを見つけやすいでしょう。月後半は双方の余力と事情を比べ、担当を現実的に調整する流れへ移ります。月末頃には作業量だけでなく、不安や責任感の偏りが表面化しやすいため、気持ちを含めて話す時間を取ってください。　日常を立て直すために、全てを効率化する必要はありません。困った時に助けを呼び、休んだ後に再開できる手順を作ることが先です。今月は役割を増やすより、抱えているものを安全に渡せる経路を増やしましょう。支える側の回復も、共同の計画に含めて考えてください。,共同で担う仕事や世話を一つ選び、実作業、連絡、心配して確認する時間、費用を書き出してください。個人情報の共有範囲も決めます。週末に担当者の疲れを確認し、代替できない部分は外部サービスや専門窓口へ相談する準備を進めましょう。交代した人の負担も確認し、翌週の手順へ静かに反映しましょう。
2026_VIRGO,8,7,親密な約束を対等な信頼へ育て直す,今月は重要な相手との共同資金、秘密、深い約束を見直し、どちらかの我慢に頼らない条件へ整えます。全てを同じにするより、断る権利と考え直す余地を互いに認めるほど、対等な信頼が育ちます。,今月はパートナーや契約相手と共有するお金、責任、親密さを整理し、信頼の仕組みを作り直す時です。長く続いた約束でも、生活や収入が変われば負担の意味は変わります。守れなかったことを責める前に、現在の二人が納得できる範囲と見直し方法を話しましょう。　この主題は一対一の関係そのものへ強く現れます。共同口座、保証、秘密、身体的な距離などは、親しさを理由に同意を省かないでください。片方が多く担う時期があっても、その理由と終わりの目安を共有できれば対等さを保てます。第三者へ相談できない約束になっていないかも大切な確認点です。　前半は過去の契約や二人だけのルールを点検し、曖昧な責任を見つけやすい時です。月後半は公平さを話し合い、試せる条件へ整える流れが強まります。月末頃には表面上の釣り合いより、本音や忠誠心、長く残る責任が重要になるため、急な決断を避けて対話を重ねましょう。　信頼は、疑問を持たないことではありません。分からない時に聞け、怖い時に止まり、事情が変われば約束を更新できることです。今月は一体感より、二人がそれぞれの足で立ったまま深く関われる条件を選びましょう。二人が別々に考える時間を持つことも、誠実な合意の一部です。,重要な相手と共有している約束を一つ選び、目的、負担、終了条件、見直し方法を互いに書いて比べてください。違いはすぐ埋めず、試す期間を決めます。資金や保証を伴う内容は記録を残し、必要なら第三者へ確認してから合意しましょう。試した後の安心と負担を共有し、必要なら条件を作り直してください。
2026_VIRGO,8,8,共有資源を棚卸しして深い責任を選ぶ,今月は借り貸し、共同資産、継承した役割、長く抱えた感情を棚卸しします。失う不安だけで握り続けず、残すものと手放すものを記録に基づいて選ぶほど、次に使える資源と心の余白が戻ります。次の選択も明確になります。,今月は共有資源、継承、借り貸し、深い感情という主題そのものを集中的に整える時です。使っていない契約や、終わった関係から残った責任を曖昧に抱えていないか確認しましょう。手放すことは損失ではなく、現在の生活へ資源を戻すための選択になる場合があります。　この流れは税金、保険、相続、共同資産、親密さ、心理的な結びつきへ強く現れます。金額や書類だけでなく、誰に連絡する責任があり、どんな感情が判断を難しくしているかを分けてください。過去の恩や罪悪感で続けている約束は、今も双方を支えているかを確かめましょう。専門家の知識を借りることも重要です。　前半は契約、残高、権限を点検し、不要な重複や期限を見つけやすいでしょう。月後半は関係者の事情を聞き、負担を現実的に分ける流れへ移ります。月末頃には表面の数字より、信頼、秘密、長期的な影響へ意識が深まるため、一度に全てを決めず優先順位をつけてください。　深い整理は、過去を消す作業ではありません。残すものを意識的に選び、現在の自分が扱える量へ戻すことです。今月は大きな決断の数より、経緯を確認し、次の相談へつながる一件を丁寧に終えることを大切にしましょう。終えた後の静けさも確かめましょう。,共同資産や長く残った責任を一つ選び、現在の状態、関係者、期限、必要書類、感情的な懸念を分けて書いてください。自分だけで判断できない点は相談先を決めます。手放す場合も記録と確認を残し、後から経緯をたどれる形で一件ずつ進めましょう。完了後の保管場所も確認し、関係者へ必要な連絡を残しましょう。
2026_VIRGO,8,9,深い責任を学び直し判断の根拠を作る,今月は税金、契約、継承、遠方の手続きに必要な知識を整理し、思い込みで決めない基準を作ります。異なる専門意見を比べ、分からない点を質問へ変えるほど、長期的な責任を納得して選べます。判断の軸も育ちます。,今月は共有資源や長期的な責任を整理し、その判断に必要な知識を学び直す時です。難しい言葉を分かったふりで進めたり、一人の意見だけで重要な契約を決めたりしないでください。知らないことを質問へ変え、複数の根拠を比べる姿勢が大きな負担を防ぎます。　この主題は専門学習、法律、税務、相続、旅や遠方との契約、信念へ現れます。制度の説明を受ける時は、一般論と自分の条件に当てはまる部分を分けて記録しましょう。家族やパートナーと価値観が違う場合も、正しさを競う前に何を守りたいのかを聞いてください。必要なら資格を持つ専門家へ確認することが大切です。　前半は資料と用語を整理し、未確認の前提を見つけやすい時です。月後半は複数の立場を比較し、納得できる方針へ調整する流れが強まります。月末頃には表面上の得失より、長く残る影響や信頼の問題へ関心が移るため、期限に追われても確認工程を省かないでください。　学ぶことは決断を遅らせる言い訳ではなく、責任を選ぶための準備です。今月は全ての制度を理解しようとせず、現在の案件に必要な問いを絞りましょう。説明を自分の言葉で言い直せるところまで確認することが、安心へつながります。問いを残す勇気も必要です。,重要な契約や手続きを一つ選び、理解できた点、分からない用語、確認したい条件を三つに分けてください。専門家へ聞く時は資料と質問を先に送ります。家族とは結論だけでなく守りたい価値を共有し、複数の意見を比べてから次の一歩を決めましょう。回答の根拠も記録し、後から条件を確かめられる形にしてください。
2026_VIRGO,8,10,公の責任と機密情報の扱いを整える,今月は仕事で預かる資金、権限、機密情報を見直し、誰が判断し誰が確認するかを明確にします。信頼を一人の裁量へ集めず、記録と相談経路を整えるほど、社会的な責任を安全に果たせます。組織の安心も守れます。,今月は仕事や公の場で共有する資金、権限、秘密を整理し、責任の所在を明確にする時です。信頼されているからと一人で判断を抱え込むと、後から経緯を説明できなくなる場合があります。承認、確認、記録を分け、重要な決定ほど複数の目を通しましょう。　この流れは職業、肩書、管理責任、顧客や組織から預かった情報へ現れます。予算、契約、個人情報を扱う時は、閲覧できる人と保管期限を確認してください。代表として交渉する場合も、自分の裁量で決められる範囲を先に共有しましょう。見えない忠誠心で規則を曲げないことが、長期的な信頼を守ります。　前半は権限表、契約、保管場所を点検し、曖昧な承認手順を見つけやすいでしょう。月後半は立場の違う相手と責任を比べ、現実的な合意へ整える流れが強まります。月末頃には表向きの評価より、権力の偏りや隠れた利害が気になるため、推測で動かず相談経路へ戻ってください。　公の責任を果たすことは、秘密を一人で守り抜くことではありません。必要な人へ適切に共有し、判断の記録を残すことも責任です。今月は目立つ成果より、後から説明でき、担当が変わっても安全に続く仕組みを整えましょう。相談した経緯そのものも、次の担当者を守る資源になります。,預かっている資金や情報を一つ選び、閲覧者、承認者、保管期限、廃棄方法を確認してください。口頭の指示は記録へ戻します。自分の裁量を超える判断は単独で進めず、懸念と必要な情報をまとめて正式な相談先へ早めに共有しましょう。確認した日時と回答者も残し、引き継ぎ時に迷わない形へ整えましょう。
2026_VIRGO,8,11,仲間と預かる資源を透明な形で守る,今月はチームの会費、共有資料、支援の役割を見直し、見えない負担と権限の偏りを整えます。理想だけで任せ合わず、記録と交代手順を共有するほど、仲間の信頼と計画の持続性を守れます。活動の余白も残せます。,今月は仲間やコミュニティで共有するお金、情報、責任を整理し、信頼を透明な仕組みで支える時です。善意で始めた活動ほど、会計や連絡が特定の人へ集中しやすくなります。疑うためではなく、誰もが休み、交代できるように記録と権限を分けましょう。　この主題は友人、チーム、オンラインの場、共同基金、未来の計画へ現れます。会費や寄付を扱うなら、用途、残高、承認方法を参加者が確認できる形にしてください。共有資料には閲覧範囲を設定し、退会した人の権限を残さないことも大切です。感情的な相談役だけが固定されていないかも見直しましょう。　前半は名簿、口座、共有フォルダを点検し、古い権限や担当漏れを見つけやすい時です。月後半は参加者の事情を聞き、役割とアクセスを調整する流れへ移ります。月末頃には人数の多さより、本当に信頼して預けられる相手と守るべき秘密の範囲が重要になるでしょう。　透明性は、全てを全員へ公開することではありません。必要な人が必要な範囲を確認でき、問題があれば相談できる状態です。今月は活動を広げる前に、預かった資源を安全に引き継げる仕組みを整えましょう。管理を担う人の生活や休息も、活動の外へ置かないでください。役割を離れた後にも安心できる終了手順が必要です。,共同活動の資金か資料を一つ選び、管理者、確認者、閲覧範囲、交代時の手順を一覧にしてください。古い権限は見直します。負担が集中する人には作業量だけでなく相談役としての疲れも聞き、縮小や休止を選べる条件を共有しましょう。引き継ぎ後の質問窓口も決め、前任者だけへ連絡が戻らないようにしましょう。
2026_VIRGO,8,12,隠してきた不安をほどき静かに手放す,今月は誰にも言えず抱えた借り、罪悪感、終わった関係の責任を整理します。一度に告白や決断をせず、安全な相談先と休息を確保するほど、過去を責めずに必要な手続きと手放しを進められます。休息の意味も見えてきます。,今月は共有する責任や深い感情を見直し、長く隠してきた不安を安全に整理する時です。心配を見せないために支払いや約束を一人で抱え、出口が分からなくなっていないか確認してください。全てを一度に話す必要はなく、相談できる場所を一つ作ることから始められます。　この主題は休息、秘密、罪悪感、終わりかけた役割、表に出ていない借りや喪失感へ現れます。過去の相手への責任を今も背負っているなら、実際の義務と心の中の約束を分けてください。眠れないほど考え続ける問題は、記録をまとめて専門窓口へ持ち込みましょう。助けを求めることは秘密を乱暴に明かすことではありません。　前半は未処理の請求、預かり物、連絡を整理し、閉じられる案件を見つけやすい時です。月後半は相手との釣り合いを確かめ、返すものと手放すものを話す流れへ移ります。月末頃には隠した本音が強く浮かびやすいため、感情の勢いで告白や決断をせず、信頼できる場で言葉を選んでください。　手放しは、過去を無かったことにする作業ではありません。必要な責任を果たし、今の自分が担わなくてよいものを区別することです。今月は静かな休息を確保し、一件ずつ終わらせることで心に戻る余白を作りましょう。,長く気になっている責任を一つ選び、実際の義務、感情的な負い目、必要な相談先を分けて書いてください。重い連絡は送る前に一晩置きます。眠りや生活へ影響する不安は一人で抱えず、資料をまとめて専門窓口か信頼できる人へ相談しましょう。相談後は予定を詰めず、心身が落ち着く時間も同じ日に確保してください。
2026_VIRGO,9,1,学んだことを自分の言葉と姿勢で示す,今月は新しい知識や価値観を集めるだけでなく、自分の経験に照らして使える形へ整えます。誰かの正解をそのまま着るより、身体の反応と実践の手応えを確かめるほど、自分らしい判断と表現が育ちます。,今月は学び、遠方との関わり、専門知識、人生観を整理し、自分が本当に採用したい考えを選ぶ時です。情報を増やす前に、何を知りたくて学ぶのかを言葉にしてください。立派な答えを借りるより、現在の生活で試せる問いへ小さくすることで理解が深まります。　この主題は身体、外見、自己紹介、振る舞い、自分の意思表示へ直接現れます。新しい方法を試す時は、周囲からどう見えるかより、身体が無理なく続けられるかを観察しましょう。学んだ肩書や専門語で自分を大きく見せず、分からないことも含めて説明できるほど信頼が生まれます。　前半は資料や予定を整理し、古い前提と現在の事実を分けやすい時です。月後半は異なる意見を比べ、自分だけで決めず対話の中で判断を磨く流れへ移ります。月末頃には表面的な理解より、なぜその考えに惹かれるのかという深い動機が気になるため、答えを急がず確かめてください。　学びは別人になるためではなく、自分の選択肢を増やすためのものです。今月は知識量を競わず、実際に試した後の身体と気持ちを記録しましょう。自分の言葉で短く説明できるところまで戻ることが、確かな自信を支えます。言葉と姿勢が一致している時の落ち着きも、忘れずに確かめてください。,学びたいテーマを一つ選び、目的、使いたい場面、今週試せる行動を書いてください。試した前後の身体感覚も記録します。人へ説明する時は専門語を減らし、まだ分からない点を一つ添えて、借りた正解ではなく自分の理解を確かめましょう。一週間後に記録を読み返し、続けたい方法だけを残してください。
2026_VIRGO,9,2,学びと移動に使う資源の価値を見極める,今月は講座、資格、旅、道具へ使うお金と時間を見直し、憧れだけで増やさない基準を作ります。価格の高さや評判より、生活へ持ち帰れる内容と続けられる余力を比べるほど、納得できる投資を選べます。,今月は学習、旅、専門分野への計画を整理し、何へ資源を使うかを選び直す時です。機会を逃す不安から講座や道具を増やす前に、すでに持っている教材と未完了の計画を確認しましょう。費用だけでなく、受講時間、移動、復習、回復まで数えることが現実的な判断につながります。　この流れは収入、貯蓄、所有物、自分の技能への評価へ現れます。資格や学歴がないと価値がないと考えず、今まで積み上げた経験も一覧にしてください。旅の予算は交通費だけでなく、現地で休む余白と帰宅後の時間を含めましょう。学んだ内容を仕事へ使う場合は、必要な準備と対価を区別することも大切です。　前半は契約、料金、教材を点検し、重複した支出を減らしやすいでしょう。月後半は講師や家族と条件を相談し、費用と時間の釣り合いを調整する流れへ移ります。月末頃には表面上の得より、長く使える知識や信頼できる学びの場を重視したくなるため、即決を避けてください。　価値ある学びは、高額なものや難しいものとは限りません。現在の暮らしを少し良くし、次の問いを生む内容なら十分です。今月は申し込んだ数より、使い切れる資源を選び、学びの後にも生活費と休息が残るかを確かめましょう。,検討中の講座か旅を一つ選び、費用、準備時間、移動、復習、回復まで書き出してください。手持ちの教材で代替できる部分も確認します。申し込み前に一晩置き、学んだ後の具体的な使い道と翌月の生活余力を見てから判断しましょう。受講後の支出と疲れも確認し、次の計画へ同じ基準を使いましょう。
2026_VIRGO,9,3,調べた知識を伝わる順番へ組み直す,今月は集めた資料や考えを整理し、相手がたどれる説明へ組み直します。情報量で納得させるより、出典、前提、結論、未確認の点を分けるほど、学びが会話や文章の中で実際に役立ちます。確認の道筋も残ります。,今月は学習、調査、遠方から届く情報を整理し、伝わる知識へ変えることが中心です。資料を集め続けて結論が見えなくなった時は、最初の問いへ戻ってください。何が事実で、何が自分の解釈かを分けることで、相手にも検討できる余地を渡せます。　この主題は文章、会話、短い移動、兄弟姉妹や近所との連絡、日々の学習へ現れます。説明する時は詳しい人の順番ではなく、初めて聞く人が必要とする前提から始めましょう。出典のない数字や聞き覚えの情報は、そのまま広げず確認してください。移動の計画も目的地だけでなく、変更時の連絡方法まで共有すると安心です。　前半はメモ、資料、連絡経路を整理し、誤記や重複を見つけやすい時です。月後半は相手の理解を聞きながら言い換え、共通の認識を作る流れへ移ります。月末頃には表面的な説明より背景や意図を深く尋ねたくなるため、質問の目的を伝えて対話を進めましょう。　良い説明は、全てを一度に教えることではありません。相手が次に何を確認すればよいか分かり、間違いに戻れる道があることです。今月は発信した量より、読み手の質問から説明を改善できたかを大切にしましょう。訂正できる余白を最初から示すことが、発信する側と読む側の双方を守ります。,説明したいテーマを一つ選び、問い、事実、出典、自分の解釈、未確認の点に分けてください。初めて聞く人へ短く伝え、分かりにくかった箇所を記録します。訂正が必要な情報には更新日を添え、古い説明へ戻らない形で残しましょう。公開した後の質問も集め、次の説明で不足を一つずつ補いましょう。
2026_VIRGO,9,4,受け継いだ常識を暮らしに合う形へ直す,今月は家族や育った場所から受け継いだ常識を見直し、今の暮らしにも必要かを確かめます。過去を否定せず、安心を支える知恵と我慢を増やす決まりを分けるほど、自分の家に合う価値観を選べます。,今月は信念、文化、学びという大きなテーマを、家と家族の現実へ照らして整える時です。昔から正しいとされてきた働き方、家族観、教育観が、現在の生活時間や気力に合っているかを確かめましょう。受け継いだものを尊重しながら、続けない選択もできます。　この流れは住まい、家族、心の土台、故郷や過去の記憶へ現れます。家族で意見が違う時は、誰の考えが正しいかを決める前に、それぞれが何を守ろうとしているのかを聞いてください。引っ越しや遠方への移動を考えるなら、理想だけでなく休息、費用、支援者の有無を並べましょう。　前半は家の書類や家族の予定を整理し、古い前提を見つけやすい時です。月後半は世代や立場の違う人と対話し、今の暮らしへ使える形へ調整する流れが強まります。月末頃には言葉にされてこなかった家族の本音が気になりやすいため、結論を急がず背景を聞いてください。　自分の土台を作ることは、家族の歴史から離れ切ることではありません。受け取った知恵を選び直し、現在の家で安心して使える形にすることです。今月は大きな答えより、一つの決まりを話し直し、暮らしが少し楽になる変化を残しましょう。家族の中で話せる相手を一人増やすことも、土台を更新する助けになります。,家で当然になっている決まりを一つ選び、由来、守っているもの、現在の負担を書き出してください。家族には賛否より経験を聞きます。変える場合は短い試行期間を設け、睡眠や家事負担がどう変わったかを確認してから新しい形を決めましょう。試した人それぞれの感想を聞き、家に合う部分だけを残してください。
2026_VIRGO,9,5,好奇心を表現へ変えて学ぶ喜びを広げる,今月は興味を持ったことを作品、遊び、発表へ移し、学びを頭の中だけで終わらせません。上手に見せるより、試して笑い、誰かと分かち合う工程を残すほど、自分らしい表現と次の好奇心が育ちます。,今月は学び、旅、文化との出会いを、創造や遊びへ変えていくことが中心です。知識を十分に得てから始めようとすると、表現する機会を逃す場合があります。分からない部分を残したまま、小さな作品や会話で試すことで、自分が本当に知りたいことが見えてきます。　この主題は趣味、恋愛、創作、子どもとの関わり、発表へ現れます。異文化の表現を使う時は、背景を調べ、借りたものへの敬意を忘れないでください。共同制作では、教える人と試す人を固定せず、互いの発見を持ち寄りましょう。評価を目的にする時間と、失敗してよい遊びの時間を分けることも大切です。　前半は道具や資料を整理し、始める手間を減らしやすいでしょう。月後半は自分だけで作るより、相手の反応を聞きながら表現を調整する流れへ移ります。月末頃には広い人気より、信頼できる相手と深く味わう内容へ関心が移り、作品にも率直さが増していきます。　学びの喜びは、正解へ早く着くことだけではありません。驚いた点や間違えた過程を残すことで、次の人にも入り口を渡せます。今月は完成度より、もう一度触れたいと思える工程を守り、好奇心を日常へ戻しましょう。楽しかった理由を言葉にすると、借りた知識が自分の表現へゆっくり変わります。,興味のあるテーマを一つ選び、今週作れる小さな作品や遊びへ変えてください。参考にした文化や作者を記録します。人へ見せた後は評価の数より、自分が面白かった点と新しく生まれた問いを残し、次回の工程を一つだけ決めましょう。次に試す前には準備の負担も見直し、遊びの余白を確保しましょう。
2026_VIRGO,9,6,学びを毎日の手順へ落とし使える力にする,今月は知識を集める時間と実際に試す時間を分け、生活や仕事に定着する小さな手順を作ります。理想的な勉強量を課すより、疲れた日にも戻れる入口を整えるほど、学びが継続する力になります。相談の入口も明確になります。,今月は学び、専門知識、遠方から得た方法を、日々の仕事と健康管理へ落とし込む時です。読んだだけで分かったとせず、一つの手順として試し、結果を記録してください。生活へ合わない方法を続けるより、負担が少ない形へ調整することが理解を深めます。　この流れは職場の実務、家事、身体の手入れ、習慣、世話をする役割へ現れます。新しい健康法は一般論をそのまま採用せず、自分の状態に必要なら専門家へ確認しましょう。仕事の研修では、学んだ内容を誰がいつ使うかまで決めると定着します。復習時間と休息も予定に含めてください。　前半は教材、手順書、記録を整理し、使っていない知識を見つけやすい時です。月後半は周囲と方法を比べ、実務に合う形へ調整する流れが強まります。月末頃には表面の効率より、失敗が起きる背景や見えない負担へ意識が向くため、数字だけで判断しないでください。　使える知識は、複雑なものではなく、必要な時に思い出せるものです。今月は勉強時間を増やすより、試して修正し、休んだ後に再開できる一つの手順を残しましょう。自分と周囲の負担が減ったかまで確認することが大切です。周囲にも使える手順になったかを聞き、説明が必要な箇所を補ってください。知識を共有する人の休息も守りましょう。,学んだ方法を一つ選び、準備、実行、記録、見直しの四段階へ分けて一週間試してください。体調に関わる内容は専門家へ確認します。できなかった日は埋め合わせをせず、止まった理由を記録して入口を小さく調整しましょう。一週間後に負担と効果を比べ、続ける工程と省く工程を決めてください。
2026_VIRGO,9,7,違う価値観を学び合える関係へ育てる,今月は重要な相手との考え方や将来像の違いを整理し、説得より理解を優先します。互いの経験と根拠を聞き、保留できる論点を分けるほど、同じ結論でなくても協力できる関係を育てられます。対話の余地も長く残ります。,今月は学び、文化、信念をめぐる対話を通して、一対一の関係を整える時です。意見が違うと相手を変えたくなりますが、まず何を経験し、何を守るための考えなのかを聞いてください。結論を一致させることより、違いがあっても安全に話せる条件を作ることが大切です。　この主題はパートナー、契約相手、教師や相談相手との関係へ現れます。旅や学習計画を共にするなら、目的、費用、体力、自由時間を並べましょう。教える側と学ぶ側が固定される関係では、質問や異議を出せる余地があるかを確かめてください。相手の専門性を尊重しながら自分の判断も保てます。　前半は過去の約束や前提を整理し、議論が繰り返す理由を見つけやすい時です。月後半は双方の立場を比較し、共通の目的へ戻る流れが強まります。月末頃には表面的な一致より、本音や深い信頼が重要になるため、言いにくい違いも一度に決着を求めず共有しましょう。　良い関係は、同じ世界観を持つことだけで成り立つものではありません。互いの学びを応援し、変わる時間を認めることで続きます。今月は正しさを証明するより、相手の話から自分の前提を一つ見直せたかを大切にしましょう。話した後に互いが考え直せる時間を持つことも、関係を育てる学びになります。,意見が分かれるテーマを一つ選び、互いの根拠、守りたいこと、未確認の情報を書き分けてください。話す時間と終える時刻も決めます。結論が出なくても次に調べる資料と再開時期だけを合意し、違いを急いで消さないようにしましょう。再開した時には前回から考えが変わった点も、率直に伝えてください。
2026_VIRGO,9,8,専門知識で複雑な責任を読み解く,今月は税金、継承、契約、心理的な結びつきに必要な知識を整理し、怖さだけで避けていた問題へ順序を付けます。用語と感情を分け、適切な専門家へ聞くほど、深い責任を納得して選べます。相談の順番も見えてきます。,今月は学びと専門知識を使い、共有資源や長く残る責任を読み解く時です。難しい書類や感情の重い問題を、分からないまま一人で抱えないでください。事実、制度、自分の気持ちを分けて整理すると、どこから専門家へ相談すべきかが見えてきます。　この流れは税金、保険、相続、共同資産、親密さ、研究、心理的な変化へ現れます。一般的な説明と自分の条件に当てはまる内容を区別し、資格を持つ相談先へ確認しましょう。過去の恩や罪悪感が判断へ影響しているなら、法的な義務と心の責任を別々に書くことが大切です。　前半は資料と用語を整理し、期限や不足書類を見つけやすい時です。月後半は関係者の意見を聞き、現実的な方針へ調整する流れが強まります。月末頃には表面の数字より、長期的な影響や信頼の問題へ意識が深まるため、急な決断を避けて確認を重ねてください。　深い問題を学ぶことは、不安を増やすためではありません。選択肢と相談先を知り、必要な責任だけを引き受けるためです。今月は全体を一度に理解せず、一つの用語、一つの期限、一つの質問から順番に進めましょう。相談で得た説明は日付と担当者を添えて残し、後から条件を確認できるようにしてください。感情が強い日は判断を止め、休んでから資料へ戻りましょう。,複雑な手続きか責任を一つ選び、事実、期限、感情、分からない用語、相談先を分けてください。専門家には資料と質問を先に送ります。回答の根拠と確認日を記録し、一人の意見だけで長期的な判断を決めないようにしましょう。回答の根拠と確認日も残し、必要なら別の専門意見と比べましょう。
2026_VIRGO,9,9,世界観を棚卸しして次の学びを選ぶ,今月は広げてきた知識、旅の経験、信念を棚卸しし、今後も深めるテーマを絞ります。新しさを追い続けるより、経験を振り返って自分の問いを言葉にするほど、次の学びへ進む確かな軸ができます。,今月は学習、旅、文化、信念という主題そのものを見直し、今後の方向を選ぶ時です。知りたいことが多すぎて進めないなら、これまでの経験を並べ、繰り返し戻っている問いを見つけてください。広さを減らすことは可能性を閉じるのではなく、理解を深める準備になります。　この流れは専門分野、出版、教育、法律、海外との関わり、人生観へ強く現れます。学位や資格を目指す場合は、肩書だけでなく学ぶ過程が生活に合うかを確認しましょう。旅の記録は写真だけでなく、考えが変わった場面や現地で教わったことを残してください。借りた文化への敬意も忘れないことが大切です。　前半は資料、計画、未完了の講座を整理し、優先順位を付けやすい時です。月後半は異なる立場の人と対話し、自分の考えを調整する流れが強まります。月末頃には表面的な知識より、長く追い続けたい深い問いへ意識が移るため、すぐ答えが出ないテーマも残してください。　世界観は一度決めて守るものではなく、経験によって更新されます。今月は何を知っているかを示すより、何を学び直したいかを正直に選びましょう。次の一歩が小さくても、問いが自分の言葉になっていれば十分です。問いを残すことも前進です。,これまで学んだテーマを三つ並べ、続けたい問い、終えてよい計画、別の形で生かす知識へ分けてください。新しい申し込みはその後にします。自分の考えが変わった経験を短く書き、次の一か月で読む資料を一つだけ選びましょう。選んだ資料を読み終えたら、答えより次に生まれた問いを記録しましょう。
2026_VIRGO,9,10,専門性を公の役割へ誠実につなげる,今月は資格、経験、発信内容を見直し、社会へ何を約束できるかを明確にします。分からないことを隠して権威を装うより、扱える範囲と根拠を示すほど、専門性と公の信頼を着実に育てられます。訂正への信頼も守れます。,今月は学び、資格、専門知識を整理し、公の役割へどう生かすかを考える時です。肩書や実績を増やす前に、現在の仕事で誰へ何を提供し、どこから先は別の専門家へ渡すのかを明確にしましょう。できる範囲を正確に示すことが、長く続く信頼につながります。　この主題は職業、社会的な責任、発表、指導、組織での立場へ現れます。資料や講義を作る時は、出典、更新日、適用範囲を添えてください。代表として意見を述べる場合は、個人の考えと組織の方針を分けましょう。知らない質問へ即答せず、確認して戻る手順を持つことも専門性の一部です。　前半は経歴、資格、公開資料を点検し、古い説明や曖昧な表現を直しやすい時です。月後半は顧客や同僚の意見を聞き、伝え方と責任範囲を調整する流れへ移ります。月末頃には表向きの評価より、権限や情報の扱いへ意識が向くため、慎重な確認を優先してください。　専門性は、全てを知っている姿を見せることではありません。根拠を示し、訂正し、必要な人へつなげられる力です。今月は評価の数より、説明を受けた人が安全に次の判断をできるかを大切にしましょう。学び直した内容は更新履歴へ残し、以前の説明を使う人にも変更点が届くようにしてください。自分の限界を示すことも、公の役割を守る大切な判断です。,公開している経歴や説明を一つ選び、根拠、更新日、対応範囲、相談先を確認してください。分からない質問への返答手順も決めます。発信前に詳しくない人へ読んでもらい、誤解される表現を直してから公の場へ出しましょう。公開後の質問と訂正も記録し、次回の説明へ確実に反映してください。
2026_VIRGO,9,11,仲間との学びを未来の計画へ育てる,今月は仲間と共有する知識や理想を整理し、話し合いで終わらない小さな計画へ変えます。全員の熱量を揃えるより、参加方法と記録を複数用意するほど、異なる背景を生かして未来を描けます。学びの余白も長く残せます。,今月は学び、文化、遠方とのつながりを、仲間やコミュニティの未来へ生かす時です。理想を語る人と実務を担う人が固定されていないかを確認しましょう。大きな目標を掲げる前に、誰がどの範囲で参加し、休む時にどう引き継ぐかを整えることが大切です。　この主題は友人、チーム、オンラインの学習会、国際的な交流、長期計画へ現れます。知識を共有する場では、詳しい人だけが話さず、初めての人が質問できる入口を作ってください。異なる文化を扱う時は、当事者の声と出典を確認しましょう。記録を残すことで参加できなかった人も戻れます。　前半は名簿、資料、計画の進み具合を整理し、止まっている理由を見つけやすい時です。月後半は異なる意見を調整し、参加方法を増やす流れへ移ります。月末頃には人数や反応より、本当に深めたいテーマと信頼できる仲間が重要になるため、活動の範囲を絞る選択も有効です。　未来の計画は、全員が同じ答えを持つ必要はありません。違いを学びへ変え、離れる時期と戻る時期を認めることで続きます。今月は成果を急がず、次に読む資料、話す相手、試す行動を一つずつ共有しましょう。活動の外で得た学びも持ち寄れるよう、意見を出す方法を一つに固定しないでください。参加者が安心して離れ、戻れる手順も未来の計画に含めましょう。,学習会や共同計画を一つ選び、目的、参加方法、記録場所、休む時の連絡を確認してください。出典と当事者の声も確かめます。新しい人を増やす前に既存メンバーの負担を聞き、縮小して続ける案も同じ重さで検討しましょう。一か月後に参加者へ感想を聞き、続ける規模と休む期間を決めましょう。
2026_VIRGO,9,12,静かな学びで内側の問いを育てる,今月は答えを外へ探し続ける手を休め、読書、記録、静かな時間から内側の問いを整えます。すぐ役立つ結論を求めず、夢や違和感を急いで説明しないほど、次に学ぶべきことが穏やかに見えてきます。,今月は学び、信念、人生観を見直しながら、言葉になる前の問いを静かに育てる時です。情報を集めるほど混乱するなら、入力を減らし、自分の経験を振り返る時間を取ってください。すぐ説明できない感覚にも、次の方向を示す手がかりがあります。　この主題は休息、内省、夢、秘密、終わりかけた学び、見えない心の動きへ現れます。精神的な教えや癒やしの方法を選ぶ時は、恐れを煽る人や断定的な答えへ依存しないでください。静かな読書や散歩の中で浮かぶ疑問を記録し、必要なら信頼できる専門家へ相談しましょう。　前半は積んだ本、保存した資料、未完了の講座を整理し、今は不要な情報を閉じやすい時です。月後半は信頼できる相手と考えを分かち合い、言葉を整える流れへ移ります。月末頃には表面の知識より、長く隠してきた本音や意味への関心が深まるため、答えを急がず休息を守ってください。　静かな学びは、何も進んでいない時間ではありません。経験を消化し、自分の問いを他人の言葉から取り戻す大切な過程です。今月は読んだ量より、心が落ち着き、次に確かめたいことが一つ見えたかを大切にしましょう。何も読まない日を作ることも、得た知識を心へ定着させる助けになります。静けさの後に残る問いを急いで評価しないでください。,保存した情報を今読むもの、後で読むもの、手放すものに分け、入力を減らす時間を作ってください。読書や散歩の後に浮かんだ問いを一つ記録します。不安を煽る教えからは距離を取り、生活へ影響する悩みは信頼できる専門家へ相談しましょう。一週間後に問いを読み返し、今も大切なものだけを次の学びへつなげましょう。
2026_VIRGO,10,1,見せたい自分と担える役割を一致させる,今月は肩書や周囲の期待を見直し、自分が実際に担える責任と見せ方を揃えます。頼もしさを演じ続けるより、身体の余力と判断範囲を率直に示すほど、無理のない存在感と公の信頼が育ちます。相談の余地も残ります。,今月は仕事、社会的な役割、長期目標を整理し、何を公に引き受けるかを選ぶ時です。期待に応えようとして役割を増やす前に、現在の責任と判断できる範囲を確認してください。目立つことより、約束した内容を継続できる状態を作ることが重要です。　この主題は外見、身体、自己紹介、振る舞い、自分の意思表示へ直接現れます。人前で落ち着いて見せた後に強く疲れるなら、発表時間や準備の量を調整しましょう。肩書に合わせて強く振る舞うだけでなく、分からない時に確認すると伝えることも信頼につながります。　前半は予定、経歴、担当を点検し、曖昧な期待を見つけやすい時です。月後半は相手の立場を聞きながら、役割と見せ方を調整する流れへ移ります。月末頃には表向きの評価より、権限や本音、長く残る責任が気になるため、急な約束を避けてください。　公の場で自分を示すことは、弱さを隠すことではありません。できることと相談が必要なことを分けるほど、周囲も安心して関われます。今月は注目の多さより、話した後にも自分の身体へ戻れる働き方を選びましょう。自分の名前で約束する内容を、一つずつ丁寧に選んでください。役割を調整した後の安心と疲れを振り返り、次の約束へ同じ基準を使いましょう。,今月担う役割を一つ選び、目的、判断範囲、相談先、準備と回復に必要な時間を書き出してください。人前に立った後の疲れも記録します。新しい依頼には即答せず、現在の担当と重ならないかを確認してから返事をしましょう。一週間後に疲れと手応えを振り返り、役割の量を見直しましょう。
2026_VIRGO,10,2,働き方と収入の釣り合いを確かめ直す,今月は責任、報酬、肩書、実際の労力を並べ、自分の価値が見えなくなっている場所を探します。評価だけを追わず、準備や回復まで含めて条件を話すほど、収入と生活を両立できる働き方を選べます。,今月は仕事上の責任と成果を整理し、報酬や資源との釣り合いを見直す時です。肩書が上がっても裁量や時間が増えていない、得意な仕事だから追加分が数えられていないと感じるなら、担当範囲を記録してください。評価の言葉だけで負担を補わないことが大切です。　この流れは収入、貯蓄、所有物、自分の技能への評価へ現れます。成果を示す時は数字だけでなく、準備、調整、後始末に使った時間も含めましょう。仕事のための道具や学習費が個人負担になっているなら、必要性と利用頻度を整理して相談してください。　前半は契約、給与、経費、担当を点検し、条件のずれを見つけやすいでしょう。月後半は上司や顧客と事情を持ち寄り、報酬と責任を調整する流れが強まります。月末頃には表面的な金額より、権限や長期的な負担へ意識が向くため、口頭だけの追加依頼を避けましょう。　自分の価値を守ることは、全てを金額へ置き換えることではありません。翌日も働ける余力、学び直せる時間、断れる条件も資源です。今月は高い評価より、約束と対価が追跡でき、生活の安心が残る働き方を選びましょう。条件を話した後の安心と不満も記録し、数字だけでは見えない負担を次の見直しへ反映してください。,担当業務を一つ選び、成果、準備時間、調整、回復、必要経費を一覧にしてください。報酬を相談する時は記録を根拠に範囲を示します。口頭の追加依頼は文書へ戻し、見直す時期と難しくなった場合の相談先も決めましょう。翌月の収支と休息も確認し、続けられる条件だけを残してください。
2026_VIRGO,10,3,公の言葉を整理して責任ある発信へ変える,今月は報告、発表、公式な連絡の流れを見直し、誰の判断をどの言葉で伝えるかを明確にします。速く答えるより、事実と意見、決定と検討中を分けるほど、誤解を減らし公の信頼を守れます。訂正への道筋も残せます。,今月は仕事や社会的な役割を通して、公の言葉を整えることが中心です。聞いた情報を急いで広げたり、組織の決定と自分の予想を混ぜたりしないでください。何が確定し、誰が判断し、次の更新がいつかを明示することで、発信する側の責任を果たせます。　この主題は文章、会話、報告、短い移動、日々の連絡へ現れます。会議の内容は担当と期限を分けて残し、欠席者にも同じ情報が届く場所を決めましょう。人前で説明する時は専門語を減らし、質問できる窓口を示してください。訂正する手順を持つことも信用の一部です。　前半は資料、連絡経路、過去の発表を点検し、誤記や古い説明を直しやすい時です。月後半は受け手の理解を聞きながら、伝え方を調整する流れへ移ります。月末頃には表面の説明より背景や利害が気になるため、推測で補わず正式な確認先へ戻りましょう。　責任ある発信は、完璧な言葉を一度で出すことではありません。根拠を示し、間違いを訂正し、更新が届く仕組みを持つことです。今月は発信数より、受け手が次の行動を安全に判断できたかを大切にしましょう。発信後に届いた質問は、受け手の理解不足と決めつけず、説明の入口を改善する資料にしてください。更新履歴を残すことで、訂正した人の責任も守られます。,公に伝える内容を一つ選び、事実、決定者、検討中の点、更新時期、質問窓口を整理してください。発信前に詳しくない人へ読んでもらいます。公開後の質問と訂正も記録し、古い説明へ戻らない形で更新しましょう。更新した内容が関係者へ届いたかも、後から確かめてください。
2026_VIRGO,10,4,仕事と家の責任を分けて安心の土台を守る,今月は公の役割と家庭で担う責任を並べ、片方の忙しさをもう片方の我慢で補わない形へ整えます。帰宅後の回復や家族の予定も仕事と同じ重さで扱うほど、長く続けられる土台ができます。家の安心も守れます。,今月は仕事上の責任と家庭の役割を整理し、どちらにも戻れる時間を作る時です。外で評価される仕事が増えるほど、家で見えない負担を誰かが補っていないか確認してください。公の予定だけを先に固定せず、家庭の世話と休息も同じ表へ置くことが大切です。　この流れは住まい、家族、心の安全、親から受け継いだ働き方へ現れます。家族のために働くという思いが、家族と過ごす時間を失わせていないかを見直しましょう。在宅勤務でも仕事を終える合図と一人で休む場所を決めてください。家族へ職場の事情を全て説明できなくても、必要な予定と余力は共有できます。　前半は一週間の予定と家の動線を点検し、重なり過ぎた役割を見つけやすい時です。月後半は上司や家族と条件を話し、現実的な分担へ調整する流れが強まります。月末頃には表に出ていない不満や責任感が浮かびやすいため、疲れが強くなる前に相談してください。　仕事と家の釣り合いは、毎日同じ時間を使うことではありません。忙しい時期にも回復と再調整の入口が残っていることです。今月は成果を増やすより、帰宅後に安心して役割を下ろし、家族も休める手順を作りましょう。家で役割を持たない時間も、働き続ける土台として守ってください。,一週間の仕事、家事、世話、移動、回復時間を同じ表へ書き、誰が補っているかを確認してください。忙しい日の最低限と外へ頼める作業も決めます。家族と職場の双方へ変更を伝える時刻を定め、急な負担を一人で抱えないようにしましょう。一週間後に全員の疲れを聞き、分担をもう一度調整しましょう。
2026_VIRGO,10,5,創造する力を公の仕事へ無理なく生かす,今月は創作、企画、指導など自分らしさを出す仕事を見直し、評価のために喜びを使い切らない形を探します。遊びと成果の時間を分けるほど、表現を続けながら社会的な役割も果たせます。創造の余白も残せます。,今月は仕事や社会的な目標を整えながら、創造する力をどの役割へ使うかを選ぶ時です。好きなことが仕事になると、いつでも成果を求められやすくなります。評価へ出す工程と、誰にも見せず試す工程を分け、喜びが義務だけに変わらないようにしてください。　この主題は趣味、恋愛、創作、子どもとの関わり、発表、指導へ現れます。企画を率いる時は自分の案だけで埋めず、参加者が工夫できる余白を残しましょう。作品を公開するなら、利用範囲と修正回数を先に決めてください。褒められた方法を繰り返すだけでなく、新しい遊びも守ることが大切です。　前半は企画、道具、発表予定を整理し、完成へ必要な工程を見つけやすい時です。月後半は観客や協力者の意見を聞き、見せ方を調整する流れへ移ります。月末頃には広い評価より、信頼できる相手と深く作る内容へ関心が移り、表現の本音が強まるでしょう。　創造を仕事へ生かすことは、全ての楽しみを商品にすることではありません。公開しない時間があるからこそ、次の発想が戻ります。今月は成果の数より、終えた後にもまた作りたいと思える余力を残しましょう。公開しない作品や遊びも、自分の創造性を回復させる大切な資源です。,進めたい企画を一つ選び、遊ぶ時間、完成へ進める時間、公開後の対応を分けてください。利用範囲と修正条件も記録します。反応が少ない時に予定を増やさず、終えた後の満足と疲れを見て次の規模を決めましょう。次の企画前に回復できたかを確かめ、規模を無理なく選びましょう。
2026_VIRGO,10,6,実務を棚卸しして責任が続く仕組みを作る,今月は仕事の手順、担当、健康管理を点検し、責任ある人の頑張りに依存しない仕組みへ整えます。速さより引き継ぎやすさと休める条件を優先するほど、日々の精度と公の役割を両立できます。相談の入口も明確になります。,今月は社会的な責任を、毎日の実務へ落とし込み直す時です。目標や方針が立派でも、担当、資料、確認手順が曖昧なら現場へ負担が集中します。開始から片付けまでを見える形にし、誰か一人の記憶に頼らない流れを作りましょう。　この主題は職場の作業、家事、健康管理、世話、習慣へ現れます。役割表には実作業だけでなく、連絡、判断、気にかけ続ける時間も含めてください。体調が揺れる時は黙って補うより、減らせる工程と代替担当を早めに示しましょう。休息も業務を続ける条件です。　前半は手順書、期限、担当を点検し、重複や抜けを見つけやすい時です。月後半は周囲の意見を聞き、実際に使える方法へ調整する流れが強まります。月末頃には表面の効率より、隠れた責任や不安が気になるため、数値だけで評価しないでください。　責任を果たすことは、休まず働くことではありません。間違いを直せ、困った時に相談でき、交代しても再開できる状態を作ることです。今月は速く終えた量より、誰が見ても次に進める仕組みを残しましょう。手順を使う人へ実際の負担を聞き、管理する側の想像だけで完成としないでください。変更理由と確認日を残すことで、古い方法へ戻る混乱を防げます。休む人の担当を一時的に減らす基準も共有しましょう。,繰り返す業務を一つ選び、依頼者、担当、確認者、完了条件、代替手順を書き出してください。体調が崩れた場合に減らせる工程も決めます。一週間後に負担とミスを振り返り、現場の意見を手順へ反映しましょう。交代した人の負担も聞き、翌週の手順へ反映してください。
2026_VIRGO,10,7,顧客や協力者との約束を明確に整える,今月は顧客、上司、協力者との契約や期待を見直し、誰が何を判断するかを明確にします。感じよく応えるために範囲を広げず、目的と変更条件を記録するほど、対等な仕事関係を続けられます。相談の余地も長く残ります。,今月は仕事上の一対一の関係を整理し、公の約束を現実的な条件へ整える時です。相手の期待を察して追加対応を重ねると、契約の範囲が見えなくなります。成果物、期限、連絡可能な時間、変更時の手順を言葉にし、双方が確認できる形へ戻しましょう。　この主題は顧客、上司、パートナー、契約相手との関係へ現れます。意見が違う時は、どちらが正しいかより共通の目的と判断者を確認してください。親しさのある相手でも、仕事の依頼と個人的な好意を分けましょう。相談できる第三者を持つことも関係を守ります。　前半は過去の指示、契約、会議記録を点検し、曖昧な約束を見つけやすい時です。月後半は双方の事情を聞き、担当と期限を調整する流れが強まります。月末頃には表面的な合意より、権限、本音、長く残る責任が重要になるため、急な譲歩を避けてください。　良い仕事関係は、何でも引き受けることで成り立つものではありません。難しい時に早く相談でき、事情が変われば約束を更新できることが信頼です。今月は満足させた回数より、合意後に双方の余力が残る条件を選びましょう。合意した条件は一度で固定せず、試した後の負担と成果を双方で確認してください。話しにくい時に戻れる相談先があることも、公の約束を守る大切な支えです。,進行中の契約を一つ選び、目的、成果物、担当、承認者、期限、変更条件を一枚にまとめて共有してください。口頭の追加依頼は記録へ戻します。意見が分かれた時は共通の目的を確認し、保留する範囲も合意として残しましょう。試した後の双方の負担も聞き、必要なら条件を作り直しましょう。
2026_VIRGO,10,8,組織の資金と機密を責任ある形で扱う,今月は仕事で預かる予算、権限、機密情報を見直し、承認と記録の流れを明確にします。信頼を一人の裁量へ集めず、複数の確認と相談先を持つほど、深い責任を安全に果たせます。引き継ぎの安心も守れます。,今月は公の役割を通して、共有資金、権限、秘密を安全に扱う仕組みを整える時です。信頼されているからと一人で判断を抱え込むと、後から経緯を説明できなくなる場合があります。重要な決定ほど承認、実行、確認を分け、記録を残しましょう。　この流れは予算、契約、個人情報、共同資産、組織の内部事情へ現れます。閲覧できる人と保管期限を確認し、退任した人の権限を残さないでください。代表として交渉する時も、自分の裁量で決められる範囲を先に共有しましょう。忠誠心で規則を曲げないことが長期的な信頼を守ります。　前半は権限表、口座、保管場所を点検し、曖昧な承認手順を見つけやすい時です。月後半は立場の違う人と責任を比べ、現実的な合意へ整える流れが強まります。月末頃には表向きの評価より、隠れた利害や力の偏りが気になるため、推測で動かず正式な相談先へ戻ってください。　責任ある管理は、秘密を一人で守り抜くことではありません。必要な人へ適切に共有し、判断の経緯を説明できることです。今月は目立つ成果より、担当が変わっても資源と情報を安全に引き継げる仕組みを残しましょう。相談した日時と回答者も残し、次の担当者が迷わない形へ整えてください。,預かる資金か情報を一つ選び、閲覧者、承認者、保管期限、廃棄方法、相談先を確認してください。口頭の指示は記録へ戻します。裁量を超える判断は単独で進めず、懸念と必要資料をまとめて正式な経路へ共有しましょう。引き継ぎ後の確認先も決め、前任者だけへ連絡が戻らないようにしましょう。
2026_VIRGO,10,9,専門性を社会の役割へ正確につなげる,今月は資格、経験、発信内容を棚卸しし、公の場で扱える範囲を明確にします。知識の多さを示すより、根拠と限界、適切な相談先を伝えるほど、専門性が安全な判断と信頼につながります。訂正できる余地も守れます。,今月は仕事と社会的な目標を見直し、専門知識をどの役割へ生かすかを整える時です。肩書を増やす前に、誰へ何を提供し、どこから先は別の専門家へ渡すのかを明確にしてください。できる範囲を正確に示すことが、長く続く信用になります。　この主題は資格、教育、出版、法律、海外との仕事、人生観を伴う発信へ現れます。資料には出典、更新日、適用範囲を添えましょう。代表として意見を述べる場合は、個人の見解と組織の方針を分けてください。知らない質問へ即答せず、確認して戻る手順も必要です。　前半は経歴、資格、公開資料を点検し、古い説明や曖昧な表現を直しやすい時です。月後半は顧客や同僚の意見を聞き、責任範囲と伝え方を調整する流れへ移ります。月末頃には表向きの評価より、情報の扱いと長期的な影響が重要になるため、慎重な確認を優先してください。　専門性は、全てを知っている姿を見せることではありません。根拠を示し、訂正し、必要な人へつなげられる力です。今月は評価の数より、説明を受けた人が次の判断を安全に選べるかを大切にしましょう。学び直した変更点は更新履歴へ残し、以前の説明を使う人にも届けてください。説明を受けた人の質問も残し、次の資料で迷いやすい箇所を補ってください。,公開している経歴か説明を一つ選び、根拠、更新日、対応範囲、相談先を確認してください。分からない質問への返答手順も決めます。発信後の質問と訂正を記録し、変更点が以前の利用者にも届く形へ整えましょう。一か月後に説明を見直し、古くなった部分を更新してください。
2026_VIRGO,10,10,仕事の全体像を整え次の責任を選び直す,今月はこれまでの実績、現在の役割、今後の目標を棚卸しし、続ける責任と手放す責任を分けます。評価を急いで広げるより、判断と引き継ぎの仕組みを整えるほど、次の段階へ無理なく進めます。集中する余白も戻ります。,今月は仕事、肩書、社会的な責任という主題そのものを集中的に整える時です。積み上げた実績を振り返り、今も自分が担うべき仕事と、他の人へ渡したほうがよい仕事を分けてください。役割を減らすことも、全体を守るための責任ある判断です。　この流れは長期目標、昇進、独立、組織での立場、公に約束した成果へ強く現れます。目標には期限だけでなく、必要な人員、資源、相談先、休息を含めましょう。自分にしかできないと感じる仕事は、判断基準を言葉にして共有してください。　前半は経歴、計画、担当を点検し、止まっている理由を見つけやすい時です。月後半は関係者の意見を聞き、優先順位と責任を調整する流れが強まります。月末頃には表向きの成果より、権限、忠誠心、長く残る影響が気になるため、大きな決断を急がないでください。　次の段階へ進むことは、役割を増やすことだけではありません。終えた仕事を記録し、後任が迷わず続けられる状態を作ることも前進です。今月は目標の数より、選んだ責任へ集中できる余白を作りましょう。役割を手放した後の相談窓口も決め、前任者だけへ仕事が戻らないようにしましょう。引き継ぎ後に質問が戻った箇所は、後任の力不足と決めつけず、資料や権限の不足として整え直してください。,現在の役割を続けるもの、引き継ぐもの、終えるものへ分け、判断理由と期限を書いてください。引き継ぐ仕事は資料、権限、相談先を揃えます。新しい目標は空いた時間と回復余力を確認してから一つだけ追加しましょう。一か月後に引き継ぎ状況を確認し、残った負担を整理してください。
2026_VIRGO,10,11,仲間の力を生かして未来の仕事を組み立てる,今月はチームや人脈との協力を見直し、声を上げる人と支える人の偏りを整えます。共通の目標だけで進まず、参加方法と決定手順を共有するほど、個々の余力を守って未来の仕事を育てられます。協力の余白も長く残せます。,今月は社会的な目標を、仲間やコミュニティとの協力で実現する条件を整える時です。理想を語る人と実務を担う人が固定されていないか確認しましょう。大きな計画ほど、参加できない時の連絡と役割を離れる方法が必要です。　この主題は友人、チーム、業界のつながり、オンラインの場、未来の計画へ現れます。共同企画では、発案者、決定者、実行者、確認者を分けてください。会議に出られなかった人にも記録が届く場所を作りましょう。人脈の広さより、相談と引き継ぎができる関係が仕事を支えます。　前半は名簿、計画、連絡経路を点検し、止まっている理由を見つけやすい時です。月後半は異なる意見を調整し、参加方法を増やす流れへ移ります。月末頃には人数や反応より、本当に信頼して任せられる相手と守るべき情報の範囲が重要になるでしょう。　未来の仕事は、全員が同じ熱量でいる必要はありません。離れる時期と戻る時期を認めるほど、計画は長く続きます。今月は成果を急ぐより、約束した人が無理なく次の一歩を選べる仕組みを残しましょう。計画の外で得た意見も持ち寄れるよう、発言の方法を一つに固定しないでください。参加した人の疲れと手応えを後から聞き、役割の量を調整してください。計画の成功だけでなく、また関わりたいと思える余力が残ったかも大切です。,共同計画を一つ選び、目的、決定者、担当、記録場所、休む時の連絡を確認してください。会議に出られない人向けの共有方法も決めます。進みが遅い時は人を増やす前に負担を聞き、縮小して続ける案も検討しましょう。一か月後に参加者へ感想を聞き、続ける規模を決めましょう。
2026_VIRGO,10,12,見えない努力を認めて公の役割を休ませる,今月は表から見えない準備、感情労働、終わりかけた役割を整理し、静かに手放す順番を作ります。評価されない努力を無かったことにせず、回復と相談の時間を確保するほど、次の役割へ戻る余地が生まれます。,今月は仕事や社会的な責任を見直しながら、誰にも見えない疲れや終わりかけた役割を整理する時です。期待へ応えるために準備や心配を一人で抱えていないか確認してください。公の成果の裏にある感情労働も、時間と負担として数える必要があります。　この主題は休息、内省、秘密、裏方の仕事、退任や閉じる段階の役割へ現れます。表に出ない仕事を記録し、引き継げるものと自分だけが終えられるものを分けましょう。退くことへの罪悪感が強い時は、実際の義務と心の責任を別々に書いてください。　前半は未完了の仕事、資料、連絡を整理し、閉じられる案件を見つけやすい時です。月後半は関係者へ事情を伝え、引き継ぎと休息の条件を調整する流れへ移ります。月末頃には隠してきた本音が浮かびやすいため、感情の勢いで辞める決断をせず、信頼できる場で話しましょう。　休むことは公の責任から逃げることではありません。回復し、必要な役割へ誠実に戻るための調整です。今月は全ての期待へ同じ速さで応えず、一件ずつ閉じ、心身に静かな余白を取り戻しましょう。何もしない時間にも、次の役割を選び直す意味があります。静けさの中で残る希望を急いで評価しないでください。,見えない準備や心配を含め、今月担っている仕事を一覧にしてください。終えるものには引き継ぎ先と期限を付けます。重い判断は一晩置き、相談後には予定を詰めず、心身が落ち着く時間も同じ週に確保しましょう。一週間後に一覧を読み返し、今も必要な責任だけを残してください。
2026_VIRGO,11,1,仲間の中で無理のない自分の立ち位置を選ぶ,今月は集まりや共同計画の中で、自分がどう関わりたいかを見直します。期待される役を反射的に引き受けず、得意なことと今の余力を言葉にするほど、個性を保ったまま仲間と歩調を合わせられます。,今月は友人、チーム、コミュニティ、これから実現したい計画を整理し、自分に合う参加の仕方を選ぶ時です。誘いの数や人脈の広さを追うより、どの場なら素直な意見を出せるのか、何を担うと力を発揮できるのかを確かめてください。周囲に合わせて作った役柄を見直すことも、未来を整える大切な作業です。　この主題は服装や話し方、名乗り方、会合での振る舞いなど、あなた自身の見せ方へ具体的に現れます。新しい集まりでは、最初から何でもできる人に見せようとせず、興味のあることと難しいことを率直に伝えましょう。既存の仲間内でも、以前の担当が今の自分に合っているかを確認し、必要なら役割を小さくする余地があります。　前半は所属先、連絡先、参加予定を棚卸しし、惰性で続けている約束を見つけやすい時です。月後半は対話を通して立場を調整し、単独で目立つより互いの違いを生かす方向へ関心が移ります。月末頃には表面的な好意より信頼の深さが気になりやすいため、すぐに結論を出さず、言葉と行動が一致しているか時間をかけて見てください。　仲間の中で自分らしくいることは、常に強く主張することではありません。疲れた時に休むこと、分からない時に聞くこと、引き受けない理由を丁寧に伝えることも含まれます。今月は好かれる役を増やすより、長く続けられる関わり方を一つ育てましょう。,参加している場を一つ選び、続けたい理由、担えること、今は難しいことを書き出してください。次の集まりでは希望する役割を一つ伝え、返事を急がず相手の条件も聞きましょう。帰宅後に疲れ方を記録し、次回の滞在時間や担当量へ反映してください。一か月後に同じ場での居心地を振り返りましょう。
2026_VIRGO,11,2,共同計画を支えるお金と価値観を整える,今月は仲間との企画や未来の目標に使う資金、道具、時間を見直します。善意だけで負担を曖昧にせず、払える額と提供できるものを先に共有するほど、価値観の違いを尊重した協力が続きやすくなります。,今月はチームや友人との計画を現実に続けるため、資金、道具、時間、技能の配分を整える時です。理想に共感していても、負担の大きさが見えなければ参加は長続きしません。会費、交通費、無償作業、貸し出している物を一度一覧にし、自分の生活を圧迫していないか確かめてください。　この主題は収入と支出、所有物、得意分野、譲れない価値観へ現れます。金額が小さくても、誰がいつまで負担するのかを記録しましょう。お金を出せない人が、作業や情報提供で参加できる仕組みも考えられます。ただし、善意を当然の義務に変えず、提供する側が選び直せる期限を設けることが重要です。　前半は定期的な支払い、共同購入、借用品を点検し、目的が終わった出費を止めやすい時です。月後半はメンバーと優先順位を話し合い、公平さを金額だけでなく時間や責任も含めて調整する流れへ移ります。月末頃には共有資金の管理や本音の不満が表面化しやすいため、推測で責めず、帳簿と合意へ戻って確認してください。　未来へ投じる資源は、多いほど良いわけではありません。自分が安心して暮らせる基盤を守りながら提供できる範囲が、長期的な協力を支えます。今月は見栄のための出費を減らし、目的に直接役立つ一項目へ資源を集中させましょう。,共同計画に出しているお金、物、作業時間を一表にし、上限と見直し日を決めてください。立替金や借用品は相手と記録を照合します。新しい支出は目的、管理者、終了条件を確認してから選び、自分の生活費と休息時間を先に確保しましょう。決めた上限は次の会計確認で見直してください。
2026_VIRGO,11,3,仲間へ届く言葉と情報の通り道を磨く,今月はグループ内の連絡、短い発信、学びの共有方法を点検します。情報量を増やすより、誰に何をいつ伝えるかを揃え、質問できる余地を残すほど、認識のずれを減らして共同の一歩を選べます。伝達後の確認もしやすくなります。,今月は友人やチームとの情報交換を整え、未来の計画に必要な言葉を分かりやすく届ける時です。連絡手段が増えすぎて重要な知らせが埋もれていないか、決定と雑談が同じ場所に混ざっていないかを見直してください。伝えた回数ではなく、相手が次に何をすればよいか分かる状態を目指します。　この主題はメッセージ、会議記録、近距離の移動、学び直し、身近な人との会話へ現れます。専門用語には短い説明を添え、欠席した人にも要点が届くようにしましょう。質問が出た時は個人の理解不足と決めつけず、資料の順番や案内の場所に改善余地がないかを確認してください。　前半は連絡先、共有フォルダ、配信先を整理し、古い案内を更新しやすい時です。月後半は異なる意見を並べ、皆が納得できる表現へ調整する流れが強まります。月末頃には言葉の裏にある事情や伏せられた情報が気になりやすいため、断片から結論を作らず、本人へ静かに確かめる姿勢を保ちましょう。　伝達の質は、文章の巧さだけで決まりません。返答までの時間、確認できる場所、訂正のしやすさも信頼を支えます。今月は一方的に知らせる仕組みを減らし、受け取った人が質問や修正を返せる通り道を一本整えてください。,共同連絡を一つ選び、決定事項、担当、期限、質問先が一画面で分かる形へ直してください。古い案内には更新日を付けます。次の会話では相手の理解を試す聞き方を避け、こちらの説明で迷った箇所を尋ね、資料の改善へ戻しましょう。修正点は次の連絡テンプレートにも反映してください。
2026_VIRGO,11,4,安心できる居場所から未来の縁を育てる,今月は家庭や身近な居場所と、外の仲間づきあいの釣り合いを整えます。家に持ち込む役割や来客の条件を曖昧にせず、休める時間と共有範囲を話し合うほど、安心を土台に人との縁を育てられます。,今月は友人やコミュニティとのつながりを見直しながら、自分が安心して戻れる居場所を整える時です。外の活動が充実していても、家庭の予定や休息が後回しになれば長くは続きません。誰を家へ迎えるのか、家族へどこまで共有するのか、活動後に静かに戻る時間があるかを確認してください。　この主題は住まい、家族、同居人、故郷との関係、心のよりどころへ現れます。自宅を集まりに使う場合は、片づけや費用を一人で背負わず、終了時刻と手伝いの範囲を先に決めましょう。家族の事情を仲間へ話す時も、本人の同意と秘密の範囲を尊重する必要があります。　前半は家と外の予定を並べ、移動や来客で負担が偏る日を見つけやすい時です。月後半は関係者と条件を話し合い、全員が落ち着ける距離へ調整する流れが進みます。月末頃には古い所属意識や家族への忠誠心が揺れやすいため、どちらか一方を選ぶのではなく、今の自分に必要な境界を考えてください。　居場所は、いつでも人を迎えられる開かれた場所でなくても構いません。外で役割を担った後に、評価から離れて休める空間も大切です。今月は交流の予定を増やす前に、帰宅後の回復まで含めた一日の流れを作り、安心から未来のつながりを育てましょう。,一週間の外出、来客、家の用事を同じ予定表に置き、何も入れない夜を先に確保してください。家を使う集まりは終了時刻、費用、片づけ役を共有します。家族や同居人へ活動内容を話す時は、必要な情報と伏せる情報を本人と確認しましょう。予定変更は早めに共有し、家庭側の都合も聞きましょう。
2026_VIRGO,11,5,好きな創作を仲間と分かち合える形にする,今月は趣味や表現、遊びから生まれた案を、仲間と楽しめる計画へ整えます。反応や評価を急がず、試せる小さな場と休める余白を用意するほど、好きという気持ちを守りながら創造を広げられます。,今月は友人やコミュニティとの未来を考える中で、自分が心から面白いと思う創作や遊びを分かち合う時です。完成度を上げてから見せようとすると、楽しさが義務へ変わることがあります。まずは少人数で試し、どの部分に手応えがあるのかを確かめてください。　この主題は作品づくり、趣味、舞台、恋愛、子どもとの活動、余暇の企画へ現れます。共同制作では、発案した人だけが最後まで責任を背負わないよう、著作者、費用、公開範囲、終了後の扱いを相談しましょう。子どもや初心者が参加する場では、上手さより安心して試せる手順を優先してください。　前半は作りかけの案、道具、参加者を整理し、今月試すものを一つに絞りやすい時です。月後半は感想を交換し、異なる好みを生かして表現を磨く流れが強まります。月末頃には称賛の数より、誰と何を大切に作りたいかが気になりやすいため、公開を急がず信頼できる相手の意見を選んでください。　創造は、未来の役に立つ説明がなくても価値があります。笑うこと、遊ぶこと、途中でやめることも、次の発想を育てる時間です。今月は結果を競う企画より、参加した人がまた試したいと思える小さな機会を残しましょう。遊びの中で生まれた小さな発見も記録し、次の人が自由に発展させられる余白を残してください。,温めている創作か遊びを一つ選び、試す日、参加人数、費用、公開範囲を小さく設定してください。共同制作なら名前の載せ方と作品の保管先も決めます。実施後は評価点だけを集めず、楽しかった瞬間と疲れた工程を聞き、次回の規模を整えましょう。次に試す日まで、何も作らない休息期間も確保してください。
2026_VIRGO,11,6,チームの日課と助け合いを続く形へ直す,今月は共同作業の手順、当番、健康への配慮を点検します。頼まれやすい人へ細かな仕事を集めず、完了条件と代替方法を共有するほど、日々の負担を減らしながら助け合いを続けられます。休む人も戻りやすくなります。,今月は仲間やチームと目指す未来を、毎日の作業へ落とし込む時です。大きな理想があっても、連絡、記録、清掃、確認といった小さな仕事が一部の人へ偏ると活動は止まります。誰が何をしているかを見える形にし、得意な人へ任せきりになっていないか点検してください。　この主題は職場の実務、当番、生活習慣、体調管理、支援や奉仕の場へ現れます。担当表には作業名だけでなく、完了の基準、必要時間、困った時の相談先を添えましょう。体調や家庭事情で休む人が出ても回るよう、代理の手順と引き継ぎ場所を用意することが大切です。　前半は繰り返し作業と予定を記録し、省ける工程や重複を見つけやすい時です。月後半は担当者の声を聞き、効率だけでなく公平さと続けやすさを調整する流れへ移ります。月末頃には表に出ない負担や言いづらかった不満が気になりやすいため、個人を責めず仕組みの問題として話し合ってください。　助け合いは、余裕のある人がいつまでも穴を埋めることではありません。休む基準と頼る方法が共有されてこそ、全員が参加し直せます。今月は作業量を増やす前に、一つの定例業務を誰でも引き継げる状態へ整えましょう。変更した手順は実際に使った人の感想を聞き、記録だけが増えていないかも確かめてください。,繰り返している共同作業を一つ選び、担当、所要時間、完了条件、代理手順を記録してください。実際の担当者へ無理な工程がないか聞きます。次回は作業後の疲れも確認し、不要な確認を一つ減らすか、期限を広げる調整を行いましょう。変更後の手順を別の人にも試してもらいましょう。
2026_VIRGO,11,7,一対一の約束を共同の未来へつなぎ直す,今月はパートナーや協力者との約束が、周囲の計画とどう結びつくかを見直します。二人だけの理解で進めず、決定範囲と共有先を確かめるほど、関係を守りながら多くの人と協力できます。合意を後から確かめる余地も残せます。,今月は友人やチームとの未来計画を、一対一の協力関係から整える時です。信頼する相手と話が通じていても、その合意が他の参加者へ共有されなければ誤解が生まれます。二人で決められることと、全体へ戻して確認することを分けてください。　この主題はパートナー、顧客、共同担当者、契約、交渉へ現れます。相手を代表者だと思い込まず、権限と連絡先を確認しましょう。親しい関係ほど口約束が増えやすいため、目的、担当、期限、変更方法を短く記録することが助けになります。意見が違う時は勝敗を決める前に、守りたい条件を互いに言葉にしてください。　前半は未確認の約束や返事待ちを整理し、曖昧な担当を見つけやすい時です。月後半は対話を重ね、二人の都合と全体の公平さを調整する流れが強まります。月末頃には信頼や独占への感情が深まりやすいため、相手の沈黙を同意と受け取らず、時間を置いて確認しましょう。　良い協力関係は、いつも同じ意見であることではありません。違いを持ったまま検討でき、必要なら約束を変更できることが継続の力になります。今月は関係を広げる前に、重要な相手との連絡と合意の手順を一本整えてください。話し合った結果だけでなく、保留にした点も記録し、次回に最初から説明し直す負担を減らしましょう。,重要な協力者との約束を一つ選び、二人で決められる範囲、全体確認が必要な範囲、変更時の連絡先を書いてください。次の打合せでは結論だけでなく懸念も聞きます。合意後は関係者へ同じ記録を共有し、受け取り確認まで行いましょう。一か月後に約束の進み方と負担を二人で振り返ってください。
2026_VIRGO,11,8,共有資源と信頼の境界を仲間と確かめる,今月は共同資金、機密情報、深い相談を扱うルールを見直します。親しさだけで共有範囲を広げず、管理者と終了後の扱いを決めるほど、仲間の信頼と個人の安全を両方守れます。関係が変わった後も整理しやすくなります。,今月はコミュニティや共同計画の中で、皆が預け合う資源と信頼の扱いを整える時です。資金、個人情報、相談内容、アカウントなどは、善意があっても管理方法が曖昧なら負担になります。誰が見られるのか、いつまで保管するのか、退出した人の権限をどう閉じるのかを確認してください。　この主題は共同会計、寄付、借入、保険、相続、秘密、感情の深い共有へ現れます。相談を受けた人が一人で抱え込まないよう、本人の同意を得たうえで専門窓口へつなぐ手順も必要です。お金や情報を提供した人が、後から範囲を変更できる仕組みを用意しましょう。　前半は口座、共有フォルダ、利用権限、保管期限を点検し、不要なアクセスを閉じやすい時です。月後半は関係者と責任を比べ、納得できる管理方法へ調整する流れが進みます。月末頃には表面化していなかった不信や力の偏りが気になりやすいため、噂で判断せず記録と正式な相談先へ戻ってください。　深い信頼は、全てを隠さず話すことではありません。話さない権利と、預かったものを安全に返せる手順が守られていることです。今月は結束を強める前に、関係が変わった時にも資源と情報を整理できる出口を作りましょう。管理を任された人の休み方も決め、特定の一人だけがいつまでも責任を背負わない状態へ整えてください。,共有している資金か情報を一つ選び、管理者、閲覧者、保管期限、退出時の処理を確認してください。口頭の了承は記録へ戻します。深い相談を受けた時の専門窓口も調べ、本人の同意なく共有範囲を広げない方針を関係者と揃えましょう。点検日は予定表へ入れ、権限が残っていないか再確認してください。
2026_VIRGO,11,9,学びと遠い視点を仲間の未来へ持ち帰る,今月は学習、旅、専門的な情報から得た視点を、共同計画へどう生かすか整えます。正しさを競わず、出典と限界を示して対話するほど、異なる経験を持つ仲間と広い選択肢を育てられます。学びを現場で確かめる余地も残ります。,今月は仲間やコミュニティの未来を考えるため、学び、遠方との交流、異なる文化や価値観を取り入れる時です。新しい知識をそのまま正解として持ち込まず、今いる人たちの条件に合うかを確かめてください。学んだ内容と自分の解釈を分けて伝えることが、建設的な議論を支えます。　この主題は資格、研修、出版、法律、海外との連絡、思想や信念をめぐる対話へ現れます。資料には出典と更新日を添え、専門外の判断は適切な人へ渡しましょう。遠方の人が参加する場合は、時間帯、言語、通信環境の違いを考え、同じ方法だけを求めない配慮が必要です。　前半は受講中の講座、保存した資料、計画の前提を整理し、今必要な学びを選びやすい時です。月後半は異なる意見を並べ、共通点と相違点を丁寧に調整する流れへ移ります。月末頃には表面的な理念より、その考えが誰へ利益や負担をもたらすかが気になりやすいため、背景まで確認しましょう。　広い視点を持つことは、身近な事情を軽く扱うことではありません。遠くから得た知恵を、今の仲間が試せる小さな方法へ翻訳することです。今月は大きな理想を掲げるより、一つの学びを共同の判断基準へ落とし込んでください。試して合わなかった方法も失敗として隠さず、条件の違いが分かる記録として次の検討に生かしましょう。,共同計画に関係する資料を一つ選び、出典、更新日、適用できる範囲を確認してください。要点と未確認事項を分けて仲間へ共有します。異なる意見が出たら多数決を急がず、経験の違いと実際の負担を聞き、試行期間を設けましょう。試行後は実際に役立った点と合わなかった条件を記録しましょう。
2026_VIRGO,11,10,人脈と社会的な目標を実行可能な形へ絞る,今月は仕事上のつながりと将来の目標を棚卸しし、肩書や期待だけで続ける役割を整理します。協力先と責任範囲を明確にするほど、今の立場を守りながら長期計画へ集中できます。相談できる関係も育てられます。,今月は友人、業界のつながり、チームとの協力を、仕事や社会的な目標へ結び直す時です。多くの人とつながっていても、目的と責任が曖昧なら予定だけが増えてしまいます。今の役割に本当に必要な関係と、将来のためにゆっくり育てたい関係を分けてください。　この主題は職場、肩書、公に示す計画、上司や組織との関係、業界団体へ現れます。紹介を受けた時は、相手が期待することと自分の対応範囲を確認しましょう。チームを代表して話す場合は、個人の意見と正式な決定を分け、返答を持ち帰れる余地を残してください。　前半は名刺、連絡先、会議、長期目標を整理し、目的が薄れた予定を減らしやすい時です。月後半は関係者の意見を聞き、役割と評価の釣り合いを調整する流れが強まります。月末頃には表向きの評価より、権限や忠誠心、情報の扱いが重要になるため、急な約束を避けて正式な手順へ戻りましょう。　社会的な未来は、人脈の数だけで作られるものではありません。困った時に相談でき、役割が変わっても連絡を続けられる関係が支えになります。今月は新しい肩書を増やすより、一つの目標に必要な協力体制を具体的に整えてください。協力を頼んだ相手へ結果を返し、紹介だけで関係が途切れないよう、感謝と次の連絡時期も伝えましょう。,今後半年の仕事目標を一つ選び、必要な協力者、決定者、相談先、自分の責任範囲を書いてください。目的のない会議や紹介は一度保留します。代表として返答する時は確認期限を伝えて持ち帰り、正式な合意を関係者へ同じ形で共有しましょう。一か月後に協力の進み方を確認し、連絡頻度を調整してください。
2026_VIRGO,11,11,共同体の未来を皆が参加できる設計へ直す,今月はチームやコミュニティの目的、役割、参加方法そのものを見直します。声の大きい人だけで決めず、休む人や新しく入る人にも分かる手順を作るほど、違いを保ったまま未来を育てられます。役割を選び直す余白も守れます。,今月は友人、チーム、コミュニティ、未来の計画という主題が強く重なり、所属の仕方そのものを整える時です。理想や目的に共感していても、参加方法が一つしかなければ続けられる人は限られます。発言する、作業する、資金を出す、見守るなど、異なる関わり方を認めてください。　この流れは会員制度、共同企画、オンラインの場、業界ネットワーク、長期的な希望へ現れます。古くからいる人だけが分かる決まりを言葉にし、新しい人が質問できる窓口を作りましょう。決定する人と実行する人が固定されている場合は、任期や交代の方法も確認する必要があります。　前半は目的、名簿、規約、予定を点検し、現状に合わない仕組みを見つけやすい時です。月後半は立場の違う人と話し、参加と負担の釣り合いを調整する流れへ移ります。月末頃には結束の強さより、誰が情報や決定権を握っているかが気になりやすいため、非公式な影響力も含めて丁寧に確認してください。　共同体は、全員が同じ気持ちで進む場所でなくても構いません。異論を言えること、離れて戻れること、計画を終えられることも健全さの一部です。今月は規模を広げる前に、今いる人が安心して選べる参加と退出の道筋を整えましょう。,所属する場を一つ選び、目的、決定方法、参加方法、休止と退出の手順を確認してください。暗黙の決まりは短い文書へ戻します。次の集まりでは発言しなかった人にも別の方法で意見を聞き、回答しない選択も尊重して運営へ反映しましょう。変更した手順は新しく入った人にも読んでもらいましょう。
2026_VIRGO,11,12,人とのつながりを静かに休ませ余白を戻す,今月は表に出ない交流疲れ、終わりかけた所属、返せていない連絡を整理します。全ての縁を保とうとせず、休む期間と閉じる約束を丁寧に伝えるほど、心を守りながら大切な関係を残せます。次に関わる力を静かに蓄えられます。,今月は友人やコミュニティとのつながりを見直しながら、表に出ない疲れと未完了の気持ちを整理する時です。誘いへ応え続けることや、場の空気を支えることが負担になっていないか確認してください。返事をする力がない時は、沈黙を責めるより休む期間を短く伝える方法があります。　この主題は一人の時間、秘密、裏方の活動、終わりかけた所属、言葉にならない希望へ現れます。長く参加していない場の連絡先や権限を整理し、預かっている資料や役目があれば返しましょう。誰にも見えない調整役を担っている場合は、仕事の内容を記録して引き継ぐことが必要です。　前半は未返信の連絡、古い名簿、保留中の約束を点検し、閉じられるものを見つけやすい時です。月後半は相手と距離を話し合い、無理のない関わりへ調整する流れが進みます。月末頃には過去の寂しさや不信が浮かびやすいため、感情の勢いで全ての縁を切らず、信頼できる相手か相談先へ話してください。　人と離れる時間は、未来を諦めることではありません。誰と何を続けたいかを静かに感じ直すための余白です。今月は新しい集まりを探す前に、今ある約束を一つずつ閉じ、心身が落ち着く時間を予定として守りましょう。,未返信の連絡と休止中の所属を一覧にし、返すもの、閉じるもの、後日に回すものへ分けてください。役目や資料は返却先を決めます。重い連絡をした日は別の予定を詰めず、通知を切る時間を設け、一週間後に残したい縁だけを見直しましょう。休んだ後の気持ちも記録し、再開時期を急いで決めないでください。
2026_VIRGO,12,1,外向きの自分を休ませ本来の感覚へ戻る,今月は人に見せる姿や期待された役割から少し離れ、身体の感覚と本音を取り戻します。新しい目標を急いで掲げず、疲れ方や心地よさを丁寧に観察するほど、次に選びたい自分の輪郭が見えてきます。,今月は外へ向かって成果を示すより、一人の時間を取り、終わりかけた役割や感情を整理する時です。普段は気づかない疲れや違和感が表へ出やすいため、動けない自分を責めず、何へ反応しているのかを静かに確かめてください。次の始まりに備えるための休止には、十分な意味があります。　この主題は体の扱い、服装、表情、名乗り方、人前で作ってきた印象へ現れます。周囲へ元気に見せるための習慣が負担なら、会う人数や滞在時間を減らしましょう。鏡に映る姿を評価するより、呼吸が楽か、食事や睡眠の時間を守れているかなど、内側から分かる感覚を優先してください。　前半は持ち物、予定、身だしなみの手順を整理し、自分を急かす要因を減らしやすい時です。月後半は身近な人へ今の状態を伝え、助けを受ける範囲を調整する流れへ移ります。月末頃には言葉にしてこなかった本音が強まりやすいため、勢いで立場を変えず、信頼できる相手との対話を重ねましょう。　今月の静けさは、自分らしさを失う期間ではありません。借りてきた期待を下ろし、次に表へ出る時の姿勢を選び直す余白です。小さな快適さを一つずつ取り戻し、まだ名前のない願いを急いで結論へ変えないでください。,一週間の予定から見せるためだけの用事を一つ減らし、何もしない時間を先に確保してください。朝か夜に体の疲れ、気分、安心できた場面を短く記録します。大きな決断は一晩置き、相談後にも回復時間を残しましょう。一週間後に記録を読み返し、減らした予定の効果を確かめてください。
2026_VIRGO,12,2,見えない出費を整え安心できる土台を守る,今月は気づかないまま続く支払い、善意から引き受けた負担、使っていない物を整理します。節約の成果を急ぐより、安心して休める生活費と手元の資源を確かめるほど、次に使う力を静かに蓄えられます。,今月は活動を広げる前に、目に見えにくい支出と資源の漏れを整える時です。少額の定期払い、返していない物、無償で続けている作業など、意識から外れた負担を一覧にしてください。お金を減らした自分を責めるより、何を守るために使ったのかを理解することから始めます。　この主題は収入、生活費、所有物、得意分野、自分の価値をどう感じるかへ現れます。誰かを支える支出が続いている場合は、相手への思いと支払える上限を分けて考えましょう。使わない物を手放す時も、思い出まで否定せず、写真や記録だけ残す方法があります。　前半は口座、契約、収納を点検し、目的が終わった支払いを止めやすい時です。月後半は家族や関係者と負担を話し合い、金額だけでなく時間や手間も含めて調整する流れへ進みます。月末頃には共有資金や秘密の出費が気になりやすいため、推測で判断せず明細と合意を確認してください。　安心できる土台は、全てを蓄えて動かさないことではありません。今の暮らしに必要なものを選び、休むための余白を資源として守ることです。今月は新しい買い物より、手元にある物を無理なく使える配置へ整えましょう。整理後に残った資源は、次に何へ使うかをすぐ決めず、安心が戻るまで手元で休ませても構いません。,自動支払い、立替金、貸借品を一覧にし、続けるもの、解約するもの、確認が必要なものへ分けてください。生活費と休息に使う予算を先に残します。手放す物は一度保留箱へ移し、一週間後にも不要だと感じたものから整理しましょう。一か月後に支出一覧を見直し、止めた負担が戻っていないか確認してください。
2026_VIRGO,12,3,頭の中の未返信を減らし静かな思考を戻す,今月は返せていない連絡、読みかけの情報、繰り返す考えを整理します。全てへ同じ速さで答えず、連絡の優先順位と通知を止める時間を決めるほど、言葉になる前の感覚を落ち着いて確かめられます。,今月は外から入る情報を少し減らし、頭の中に残っている未完了の会話や考えを整理する時です。通知を追い続けると、重要なことと反射的な心配の区別がつきにくくなります。すぐ答えられない連絡には確認中と伝え、自分の考えがまとまるまでの時間を作ってください。　この主題はメッセージ、書類、近距離の移動、学習、兄弟姉妹や身近な人との会話へ現れます。読みかけの資料は今月必要なものだけ残し、保存場所を一つにまとめましょう。言いそびれたことがある場合は、長い説明を作る前に、事実と気持ちと希望を別々に書くと整理しやすくなります。　前半は受信箱、メモ、予定経路を点検し、重複した情報を減らしやすい時です。月後半は相手の事情も聞きながら、返答の時期と表現を調整する流れが進みます。月末頃には言葉の裏や過去の発言が気になりやすいため、断片を読み返し続けず、必要なら本人へ静かに確認しましょう。　沈黙は、考えがないことではありません。言葉を急がず、まだ形になっていない感覚を守る時間でもあります。今月は発信量を増やすより、一つの会話を丁寧に閉じ、頭の中へ静けさが戻る連絡習慣を作ってください。送らなかった言葉も消さずに保管し、時間を置いた後で本当に伝える必要があるかを選び直しましょう。,未返信を緊急、今週中、保留へ分け、保留には返答予定だけを伝えてください。通知を切る時間帯を毎日一つ設けます。重い連絡は下書きを一晩置き、事実と推測が混ざっていないか読み直してから送りましょう。一週間後に保留を見直し、返さない選択にも短い連絡を添えてください。
2026_VIRGO,12,4,家の奥に残る疲れをほどき安心を作り直す,今月は住まいと家族の中で言葉にならなかった負担、終わっていない片づけを整えます。全員の問題を一人で背負わず、休める場所と相談できる範囲を決めるほど、静かな安心を取り戻せます。家に戻る力も保てます。,今月は外の活動を抑え、家や心の土台に残っている疲れを手入れする時です。片づけが止まっている場所や、家族へ言えず抱えてきた心配は、無理に一度で解決しなくて構いません。今の生活を妨げているものから小さく分け、終えられる順番を作ってください。　この主題は住まい、家族、同居人、故郷、幼い頃からの習慣、安心して戻れる場所へ現れます。共有空間では誰の物かを決めつけず、本人へ確認してから動かしましょう。家族の感情を仲裁する役を続けているなら、自分が対応できる時間と専門的な助けが必要な範囲を分けることも大切です。　前半は収納、家の予定、連絡先を整理し、放置された用事を見つけやすい時です。月後半は家族や関係者と条件を話し合い、役割の偏りを調整する流れへ移ります。月末頃には昔の寂しさや忠誠心が浮かびやすいため、過去の正しさを決めるより、今の暮らしを安全にする境界を優先してください。　安心は、家の中が完全に整っている状態だけを指しません。誰にも説明せず休める時間や、困った時に相談できる場所があることも含まれます。今月は見栄えより、毎日一か所で深く息をつける住まいへ整えましょう。家の中で改善した点は家族と共有し、元の負担へ戻らないよう、一か月後に役割を見直してください。,家の中で気になり続ける場所を一つ選び、捨てる、戻す、本人へ確認する物へ分けてください。家族の用事は担当と期限を予定表へ置きます。一人で抱えきれない話は相談先を調べ、話した後に休める時間も確保しましょう。一か月後に同じ場所を見直し、負担が一人へ戻っていないか確認してください。
2026_VIRGO,12,5,評価を離れて好きなことへ静かに戻る,今月は創作や恋愛、遊びの中で疲れてしまった期待を下ろします。反応を集めるためではなく、自分が面白いと感じる小さな時間を守るほど、途切れていた喜びや表現が自然な形で戻ってきます。次の表現を育てる余白も残ります。,今月は人に見せる成果から離れ、心が自然に動く遊びや創作へ静かに戻る時です。好きだったことが義務に感じられるなら、完成や公開をいったん目標から外してください。何を作るかより、どの時間なら楽に手を動かせるかを確かめることが回復につながります。　この主題は趣味、作品、舞台、恋愛、子どもとの時間、余暇の過ごし方へ現れます。作りかけを全て完成させようとせず、残すものと閉じるものを選びましょう。親しい相手との関係でも、楽しませる役を続けず、一緒に何もしない時間や断れる誘いを認めることが必要です。　前半は道具、写真、未完成の案を整理し、今も心が動くものを見つけやすい時です。月後半は感想や希望を言葉にし、相手と心地よい距離を調整する流れへ進みます。月末頃には喜びの裏にあった寂しさや独占したい気持ちが浮かびやすいため、反応を急がず、自分の感情を落ち着いて見守ってください。　遊びは、将来の役に立つ成果を生むためだけの時間ではありません。失敗しても見せなくてもよい余白が、次の表現を育てます。今月は小さな楽しみを予定に一つ置き、終えた後に元気が残る量で止めましょう。途中でやめた作品にも日付と気づきを残し、再開する自分へ義務ではなく選択肢として渡しましょう。,途中の創作や趣味を並べ、今月触れたいものを一つだけ選んでください。公開日や評価基準は決めず、短い時間で終えます。親しい人との予定にも何もしない余白を入れ、楽しかった点と疲れた点を翌日に記録しましょう。一週間後にも触れたい気持ちが残るかを確かめ、次の時間を決めてください。
2026_VIRGO,12,6,見えない実務を減らし休める日課へ整える,今月は細かな仕事、家事、体調管理の中で無意識に続ける負担を点検します。完璧な習慣を増やすより、省ける工程と頼れる相手を見つけるほど、毎日の回復に使える時間を取り戻せます。休んだ後も日課へ戻りやすくなります。,今月は表に出ない実務と日々の習慣を見直し、休息を妨げている小さな負担を減らす時です。誰にも頼まれていない確認や、念のために繰り返す作業が増えていないか記録してください。できない日を失敗にせず、最低限で終えられる手順を用意することが大切です。　この主題は職場の裏方業務、家事、食事、睡眠、通院や体の手入れ、支援する役割へ現れます。担当が曖昧な仕事は、黙って補う前に共有しましょう。体調の記録は良し悪しを裁くためでなく、無理が続く時間帯や休むきっかけを見つけるために使ってください。　前半は繰り返し作業と生活動線を点検し、不要な工程を減らしやすい時です。月後半は同僚や家族と負担を話し合い、代替方法や期限を調整する流れへ移ります。月末頃には表面化していなかった疲れが気になりやすいため、自己判断だけで抱えず、必要な相談先へ状況を伝えてください。　整った日課は、毎日同じ量をこなすことではありません。余力に合わせて量を変え、休んだ後に戻れる道筋があることです。今月は新しい習慣を加える前に、一つの仕事を減らし、空いた時間を回復へ使いましょう。減らした仕事が別の誰かへ偏っていないかも確認し、必要なら全体の量そのものを見直してください。,一日の作業を必要、任せられる、やめても困らないへ分け、最後の一項目を一週間止めてください。繰り返す業務は代理手順を残します。疲れが続く時は日時と状況を記録し、相談時に説明できる形へ整えましょう。一週間後に疲れ方を比べ、減らした工程を元へ戻す必要がないか確認してください。
2026_VIRGO,12,7,言えなかった思いを整え関係に余白を作る,今月は一対一の関係で飲み込んできた気持ち、終わりかけた約束を整理します。相手の反応を先回りせず、自分が話せる範囲と距離を言葉にするほど、関係を壊さずに休む余地を作れます。話し合いを続ける力も残せます。,今月は対人関係を広げるより、一対一のつながりに残っている未完了の気持ちを整理する時です。相手へ合わせるために言えなかったことや、返事を保留した約束を静かに見直してください。今すぐ結論を出せない場合は、考える時間が必要だと伝えるだけでも構いません。　この主題はパートナー、親しい友人、顧客、共同担当者、契約や交渉へ現れます。相手の機嫌を守る役を引き受けず、事実と自分の希望を分けて話しましょう。終える約束がある時は、責任を曖昧に消すのではなく、返す物、共有する記録、最後の連絡先を整える必要があります。　前半は未回答の依頼や古い約束を点検し、今も有効なものを選びやすい時です。月後半は互いの事情を聞き、会う頻度や責任の範囲を調整する流れが進みます。月末頃には信頼や執着の深い部分が揺れやすいため、沈黙を拒絶と決めつけず、時間を置いて確かめてください。　関係に余白を作ることは、相手を大切にしないことではありません。無理な同意を減らし、正直に戻れる距離を選ぶことです。今月は答えを急ぐより、一つの約束を丁寧に見直し、二人とも休める形へ整えましょう。決めきれなかったことにも次の確認時期を置けば、不安から連絡を繰り返す負担を減らせます。,保留している約束を一つ選び、続けたい点、変えたい点、今は答えられない点を書いてください。話す日時は疲れていない時間に設定します。会話後は結論を記録し、決めきれなかったことには次の確認日を置きましょう。一か月後に二人の負担と距離を振り返り、必要なら約束を更新してください。
2026_VIRGO,12,8,預かったものを返し深い負担をほどいていく,今月は共有資金、秘密、感情的な借りを整理し、自分だけで守ってきた責任を見直します。返却先と相談範囲を明確にするほど、相手への敬意を保ちながら重い結びつきを安全にほどけます。関係が変わった後の安心も守れます。,今月は人との深い結びつきの中で預かったものを整理し、見えない責任を自分だけで抱えない形へ戻す時です。お金、書類、秘密、感情的な期待は、関係が変わっても自然には消えません。何を返し、何を記録し、どこから先を専門的な相談へ渡すのかを確認してください。　この主題は共同資金、借入、保険、相続、機密情報、親密な関係、喪失をめぐる気持ちへ現れます。相手を助けたい思いと、自分が実際に担える責任を分けましょう。秘密を守ることが誰かの安全を損なう可能性がある時は、一人で判断せず適切な窓口を利用してください。　前半は口座、権限、保管物、未完了の手続きを点検し、返せるものを整理しやすい時です。月後半は関係者と条件を話し合い、責任と負担の釣り合いを調整する流れへ移ります。月末頃には過去の不信や強い感情が浮かびやすいため、記憶だけで結論を出さず、記録と現在の合意へ戻りましょう。　手放すことは、関係の意味まで否定することではありません。預かったものを安全に返し、これ以上担わない範囲を言葉にすることも誠実さです。今月は深い話をした後ほど予定を詰めず、心身が落ち着く時間を守ってください。返却や解除が終わった後は相手と確認し、責任が自分の手元に残っていないことを確かめましょう。,預かっている資金、物、情報を一つ選び、所有者、返却先、保管期限、相談先を確認してください。権限の解除や手続きは記録へ残します。感情が大きく動く話し合いは一人で抱えず、終了後に休息か信頼できる相談の時間を確保しましょう。手続き後は相手と完了を確認し、残った責任がないか一か月後に再点検してください。
2026_VIRGO,12,9,古い前提を休ませ自分の考えを静かに選ぶ,今月は学びや信念の中で、今の自分に合わなくなった前提を整理します。正しい答えを急いで探さず、経験と借りた言葉を分けて見直すほど、次に学びたいことと大切にしたい基準が見えてきます。迷いを学びへ変える余地も残ります。,今月は知識を増やすより、これまで信じてきた考えや学びの前提を静かに見直す時です。正しいと思って続けた方法が今の生活に合っているか、誰かの言葉を自分の結論として抱えていないかを確かめてください。分からない状態に留まることも、考えを深める過程です。　この主題は資格、専門分野、出版、法律、海外との関係、旅、人生観や信念へ現れます。途中の講座や読みかけの本は、全て終えることを目標にせず、今必要なものを一つ選びましょう。過去の発信を見直す時は、当時の自分を責めず、更新した理由と現在の範囲を記録してください。　前半は資料、受講予定、参考にしてきた情報を整理し、古い前提を見つけやすい時です。月後半は異なる立場の人と話し、自分の考えと他者への敬意を両立する表現へ調整する流れが進みます。月末頃には思想の裏にある利害や恐れが気になりやすいため、単純な善悪へまとめず背景を確かめましょう。　考えを手放すことは、学んだ時間を無駄にすることではありません。残す知恵と更新する前提を選ぶことで、次の学びが入る余白を作れます。今月は大きな答えを掲げるより、日常で試せる一つの基準へ落とし込んでください。更新した考えは一度小さく試し、暮らしの中で無理がないかを確かめてから次の学びへ進みましょう。,今も影響を受けている考えを一つ選び、出典、当時役立った点、今は合わない点を書いてください。新しい資料を増やす前に未読を整理します。意見交換では結論を急がず、相手の経験と自分の解釈を分けて記録しましょう。一週間後に記録を読み、今の日常で試せる基準を一つ選んでください。
2026_VIRGO,12,10,公の役割を静かに閉じ次の仕事へ備える,今月は表から見えない準備、終わりかけた仕事、肩書に伴う疲れを整理します。評価を保つために役割を増やさず、引き継ぎと休息を同じ計画に入れるほど、次に担う責任を落ち着いて選べます。新しい判断へ向かう余力も戻ります。,今月は仕事や社会的な役割を前へ広げるより、舞台裏で整理し、終えるべき責任を閉じる時です。表向きには進んで見える案件でも、準備や感情労働が一人へ集中していないか確認してください。役割を手放すことも、組織と自分を守るための責任ある判断になり得ます。　この主題は職場、肩書、長期目標、公にした約束、退任や異動の準備へ現れます。引き継ぐ仕事は資料だけでなく、判断基準、必要な権限、困った時の相談先まで残しましょう。まだ公表できない計画は、共有範囲と保管場所を決め、秘密を一人で抱えない仕組みが必要です。　前半は未完了の仕事、権限、予定を点検し、閉じられる案件を選びやすい時です。月後半は関係者と責任を話し合い、表に出る人と支える人の負担を調整する流れへ移ります。月末頃には評価より忠誠心や力関係が気になりやすいため、急な辞任や約束を避け、正式な手順と相談へ戻ってください。　休むことは、仕事への意欲を失った証明ではありません。役割から離れて初めて見える優先順位もあります。今月は新しい目標を足す前に、一件を記録して終え、空いた時間を次の判断に必要な回復へ使いましょう。引き継ぎ後に戻った質問は後任の不足とせず、資料や権限の抜けを見つける手がかりとして整え直してください。,担当業務を続ける、引き継ぐ、閉じるへ分け、閉じる一件に期限を付けてください。引き継ぎには資料、権限、判断基準、相談先を揃えます。重要な判断の前後には予定を詰めず、肩書から離れて休める時間も確保しましょう。一か月後に引き継ぎ先へ確認し、戻った質問を資料へ反映してください。
2026_VIRGO,12,11,所属を整理し心から望む未来を聞き直す,今月は惰性で続ける集まり、返せていない誘い、終わりかけた共同計画を整理します。全ての縁を残そうとせず、休止と退出の手順を丁寧に選ぶほど、心から関わりたい未来へ余白を戻せます。新しい縁を選ぶ感覚も戻ってきます。,今月は友人、チーム、コミュニティとのつながりを静かに見直し、今の自分に合わない所属を整理する時です。参加していないのに責任だけが残る場や、連絡を見るたび疲れる計画がないか確認してください。離れる理由を完璧に説明できなくても、休止を伝えることはできます。　この主題は友人関係、会員制度、オンラインの場、共同企画、将来の希望へ現れます。預かっている役割や資料は返却先を決め、退出後も残る権限を閉じましょう。大切な友人との関係まで一緒に終える必要はなく、活動と個人の縁を分けて考える余地があります。　前半は名簿、通知、参加予定を点検し、終わった計画を閉じやすい時です。月後半は仲間と距離や役割を話し合い、互いに無理のない関わりへ調整する流れが進みます。月末頃には過去の孤独や集団への不信が浮かびやすいため、全ての人を同じ経験で判断せず、今の関係を一つずつ見てください。　未来の希望は、すぐに計画へしなくても構いません。人から期待された目標を下ろした後に残る小さな願いを、まだ評価せずに守る時期です。今月は所属を増やすより、安心して戻れる縁と静かに終える縁を選びましょう。手続きを終えた後に寂しさが出ても判断を撤回せず、しばらく距離を置いて本当に残したい関係を見ましょう。,参加中の場を続ける、休む、退くへ分け、今月は一つだけ手続きを進めてください。担当や資料は返却先を確認します。退出の連絡後は相手の反応を追い続けず通知を止め、一週間後に残したい個人の縁を見直しましょう。一か月後に通知と権限を再確認し、残した縁へ無理のない連絡を選びましょう。
2026_VIRGO,12,12,静けさの中で一周期を閉じ心を回復させる,今月は長く抱えた疲れ、言葉にならない感情、終わった役割を静かに見送ります。答えを出すために休むのではなく、何も決めない時間を守るほど、次の周期へ持っていくものが自然に選ばれます。回復後の小さな希望も見つけやすくなります。,今月は一つの周期を閉じるため、外の要求から距離を取り、心身の奥に残る疲れを回復させる時です。理由の分からない気力低下や過去の記憶が浮かんでも、怠けていると決めつけないでください。長く緊張していたことに気づくまで、静かな時間が必要な場合があります。　この主題は睡眠、一人の時間、夢、秘密、祈りや内省、誰にも見えない奉仕、終わりと手放しへ現れます。全てを言葉にして解決しようとせず、落ち着ける音、明かり、場所を選びましょう。支える役を続けてきた人は、自分が助けを受ける窓口も確認してください。　前半は未完了の用事、古い記録、休息を妨げる予定を整理し、閉じる順番を作りやすい時です。月後半は信頼できる人と今の状態を共有し、必要な距離と助けを調整する流れへ移ります。月末頃には深い感情が浮かびやすいため、一人で意味を決めず、苦しさが続く時は適切な相談先を頼ってください。　今月の目的は、すぐ元気になることではありません。終わったものを終わったと認め、次へ持ち越さない負担を少しずつ下ろすことです。何も生み出さない時間を守り、回復の速さを他人と比べず、次の始まりを静かに待ちましょう。休息の中で浮かんだ願いはすぐ計画へ変えず、体調と生活が整った後にも残るかを静かに確かめてください。,今月中に閉じたい用事を三つまで選び、返却、連絡、記録の順番を決めてください。毎日短い無音の時間を設け、眠気や気分を評価せず記録します。苦しさを一人で抱えず、信頼できる人や相談先へ話す予定も同じ表へ入れましょう。一週間後に休息の記録を読み返し、必要な助けや予定変更を選んでください。
2026_LIBRA,1,1,自分自身の軸を整えて心地よい対人関係を築く,今月は周囲との関わりの中で自分の立ち位置を見つめ直し、主体的な判断力を取り戻す時期です。他人の期待に合わせ過ぎず、自分の体調や納得感を基準にして対話を重ねることで、無理のない安定した生活基盤と信頼が育まれます。,"　天秤座の季節を迎え、自分自身の見せ方や対人姿勢に光が当たる月です。月前半は、周囲との距離感や役割分担を冷静に見つめ直し、お互いが心地よく関われる公平な条件を整えていくのに適しています。誰かの意見に無理に合わせるのではなく、自分が守りたい生活ペースを素直に伝えることが調和の土台となります。

　この動きは、日常生活においてはあなた自身の行動指針や主体的な判断力として強く実感されます。日々の小さな選択において他者の目を気にし過ぎず、自分の身体感覚や直感を大切にすることで、ブレない安心感が生まれます。違和感があればその場で穏やかに確認し、自分らしい境界線を静かに保つことが肝要です。

　中頃から月後半にかけては、太陽や水星が蠍座へ移動し、金星の逆行も相まって、表面的な付き合いを超えた深い本音の確認へと焦点が移ります。月末頃には、これまでの人間関係や交わした約束を振り返り、本当に大切にしたい絆をじっくり見極めるプロセスが有効です。急な結論を急がず、落ち着いた対話を重ねることで確かな安心感が定着します。

　今月を実りあるものにするためには、客観的な視点を保ちつつ、自分自身の本音に対しても誠実に向き合うことが大切です。日々の暮らしの中に静かな休息と対話の時間をバランスよく取り入れ、健やかな日々を過ごしていきましょう。",日々の予定を立てる際は自分自身の体力や休息時間を最優先に確保し、無理な依頼には落ち着いて代替案を提示しましょう。対人関係で気になった違和感はメモに書き留めて感情を整理し、週末には一人の静かな時間を設けて心身のバランスと生活リズムを丁寧に整えましょう。
2026_LIBRA,1,2,対人関係のバランスを整え日々の経済基盤を守る,他者との関わりの中で自分の金銭感覚や保有リソースを見つめ直し、安心できる生活基盤を整える月です。見栄や付き合いによる過度な出費を抑え、本当に価値あるものへ資源を配分することで、精神的なゆとりと安定が育まれます。,"　周囲との関わりが増える中で、自分自身の立ち位置や生活の優先順位を再確認する時期です。月前半は、対人関係における公平なギブアンドテイクを意識し、お互いが無理なく続けられる関係性のルールを整えていくのに好適です。表面的な見栄を捨て、お互いに負担にならない現実的な付き合い方を模索することが大切になります。

　この影響は、日常生活においては日々の収支や所有物の管理、自分自身のスキルをどう活かすかという実感として現れます。交際費や生活費のバランスを客観的に点検し、自分が納得できる支出の基準を定めることで、経済的な安心感がしっかりと根づきます。他者との共同支出やリソースのやり取りも、曖昧にせず明確に取り決めましょう。

　中頃から月後半に入ると、蠍座へ天体が集まる影響で、共有財産や将来を見据えた資金計画へと関心が深まります。月末頃にかけては、これまでの契約内容や生活費の配分を丁寧に再点検し、無駄な負担を減らす見直しがスムーズに進むでしょう。焦って大きな買い物を決めるより、足元の管理体制を地道に固めることが賢明です。

　今月は、数字や条件を冷静に確認しながら、心地よい生活リズムを維持することが幸運の鍵となります。周囲との穏やかな調和を保ちつつ、自分自身の資源を大切に育てる充実した日々を築いていきましょう。",今月の固定費や交際費の予算を一覧にして確認し、無理のある出費や付き合いがあれば速やかに見直しましょう。共同で負担している費用については関係者とメモを共有して透明性を保ち、週末は家計の記録を振り返って安心できる生活管理体制をじっくり整えましょう。
2026_LIBRA,1,3,身近な対話を丁寧に重ねて言葉の行き違いを防ぐ,日常のコミュニケーションや身近な情報交換を通じて、周囲との信頼関係を深める月です。思い込みや急な発言を控え、丁寧な言葉選びと記録の共有を心がけることで、スムーズな意思疎通と知的な安心感が広がっていきます。,"　自分の意見を周囲へどう伝えるか、対話の姿勢そのものが問われる時期です。月前半は、相手の話にじっくり耳を傾けつつ、自分の考えも分かりやすい表現で伝えることで、周囲との円滑な協力関係が築かれます。言葉の端々に細やかな配慮を込める姿勢が、身近な人間関係の風通しを格段によくします。

　この動きは、日常生活においては日常会話やメールのやり取り、身近な学習や連絡業務の質として実感されます。伝えたつもりで終わらせず、重要な約束や業務手順は短いメモに残して相互に確かめ合うことがトラブルを防ぎます。知的好奇心も刺激されやすい時期なので、関心のある分野の基礎知識を整理するのにも適しています。

　中頃から月後半にかけては、蠍座へ天体が移ることで、表面的な雑談から一歩踏み込んだ本質的な相談事や深い学びへと焦点が移ります。月末頃には、過去のやり取りや連絡内容を振り返り、曖昧になっていた事項を丁寧に再確認する作業が有効です。焦って返事を急ぐよりも、正確な事実関係を整理して伝える誠実さが信頼を深めます。

　今月は、言葉の力を前向きに活かし、周囲との温かな理解を育むことがテーマとなります。日々の情報伝達を大切に整え、落ち着いた対話を通じて知的な充実感を味わいながら前進していきましょう。",大切な連絡や依頼事項は口頭だけで済ませず、要点を簡潔に箇条書きにしたメッセージや文書で共有しましょう。気になる情報があれば出典や事実関係を落ち着いて確認し、週末は読書やノート整理に時間を充てて思考と頭の中をすっきりと整理していきましょう。焦らず着実に対処することが大切です。
2026_LIBRA,1,4,住まいの環境を整えて私生活に心の拠り所を作る,外での対人関係から一度プライベートな空間へ意識を戻し、家庭や住まいの安心感を育む月です。同居人や家族との生活ルールを見直し、心地よい距離感を保つことで、日々の活動を支える確かな心の土台が整います。,"　他者との調和を図るエネルギーが、自分自身のルーツや私生活の居場所へと向かう時期です。月前半は、住まいの環境を快適に整えたり、家族や身近な人との役割分担を穏やかに調整したりするのに適しています。外で気を張っている分、家の中では肩の力を抜いてくつろげる空間作りを優先することが大切です。

　この流れは、日常生活においては部屋の居心地や生活動線の使いやすさ、家族間での細やかな気配りとして現れます。自分一人で静かに過ごせる時間を確保し、生活空間の整理整頓を進めることで、内面的な落ち着きがしっかりと回復します。身近な人に対しても過度な干渉を避け、互いのプライベートを尊重する姿勢が安心感を生みます。

　中頃から月後半に入ると、蠍座に天体が集まり、家族間の深い感情や住まいに関する根本的な課題へと意識が向かいます。月末頃にかけては、昔からの家庭内ルールや住居の管理状況を丁寧に振り返り、現在の生活に合った形へ更新する好機です。急な模様替えや引っ越しを焦るより、日々の生活環境を丁寧に手入れすることが心の安定につながります。

　今月は、自分の基盤となる場所を大切に慈しみ、安心できる拠点を固めることが幸運の土台となります。温かな居場所を守りながら、心身を健やかに休めて明日への活力を蓄えていきましょう。",自宅の共有スペースや自室の片付けを行い、心からリラックスして過ごせる照明や家具の配置を工夫しましょう。家族や同居人とは家事分担や生活リズムについて穏やかに話し合い、週末は自宅でゆったりと身体を休める時間を何よりも大切に過ごしましょう。心地よい空間を守ることが安心につながります。
2026_LIBRA,1,5,自分らしい感性を素直に表現し趣味や創作を楽しむ,周囲との調和を保ちながらも、自分自身の個性や創造的な情熱をのびのびと発揮する月です。他者の評価を気にし過ぎず、純粋にワクワクする活動に取り組むことで、日々の暮らしに豊かな彩りと活力が育まれます。,"　自分自身の魅力をどう表現し、周囲と喜びを分かち合うかがテーマとなる時期です。月前半は、趣味や創作活動、好きな人との交流を通じて、自分の感性を素直に発信していくのに好適なタイミングです。相手の好みに合わせ過ぎるのではなく、自分が心から面白いと感じる世界を楽しむ姿勢が周囲を惹きつける力となります。

　この影響は、日常生活においてはクリエイティブな制作やレジャーの計画、自分らしい自己表現の場面として現れます。完璧な完成度を目指して自分を追い込むのではなく、試作を重ねるプロセスそのものを楽しむ心のゆとりが大切です。他者からの率直な感想も温かく受け止めつつ、自分のこだわりを大切に育んでいきましょう。

　中頃から月後半にかけては、蠍座へ天体が移ることで、広げていた興味から特定のテーマや作品へと深く没頭する流れが強まります。月末頃には、過去に手がけた作品や趣味の道具を手入れし、基礎的な技術をじっくり磨き直す作業が充実感を育みます。一時的な反応に一喜一憂せず、長く愛せる表現を追求する姿勢が実を結びます。

　今月は、純粋な遊び心と情熱を大切にし、自分らしい笑顔を取り戻すことが何よりの活力源となります。周囲との温かな交流を楽しみながら、心躍る活動に時間を充てて充実した日々を過ごしていきましょう。",好きな創作や趣味に取り組む時間を週に数時間確保し、完成度を急がず純粋な楽しさや喜びを味わいましょう。制作したアイデアや作品は信頼できる相手に見せて感想を聞き、週末には好きな音楽や芸術に触れて豊かなインスピレーションをじっくり吸収しましょう。自分らしい表現を大切に育みましょう。
2026_LIBRA,1,6,日々の実務手順を見直し心身の健康バランスを保つ,仕事や日常生活のルーティンを点検し、持続可能な作業ペースと健康管理を確立する月です。無理な引き受けを減らし、優先順位を明確にして手順を整えることで、心身の負担が軽くなり安定した毎日が送れます。,"　自分自身の姿勢や生活習慣を整え、実務的な効率と健康のバランスを取り戻す時期です。月前半は、日々のタスクや職場の役割分担を客観的に見つめ直し、無理のないスケジュールへと組み直すのに適しています。一人で抱え込みがちな業務があれば周囲に相談し、公平な協力体制を築くことが作業の円滑化につながります。

　この動きは、日常生活においては業務の進め方や作業効率、睡眠や食事といった健康管理の手応えとして現れます。日課の手順をシンプルに整理し、作業と休憩のメリハリをつけることで、集中力と体力が無理なく維持されます。体調の小さな変化にも敏感に気を配り、疲れを感じたら早めに休息をとる自己管理が安心を支えます。

　中頃から月後半に入ると、蠍座に天体が集まり、業務の根本的な仕組み改善や体質改善の取り組みへと関心が深まります。月末頃にかけては、これまでの作業フローや生活習慣を丁寧に振り返り、無駄な工程を削ぎ落とす見直しが効果的です。急な成果を求めず、毎日繰り返せる現実的なルールを定着させることが大切です。

　今月は、足元の日課を丁寧に手入れし、健やかな生活リズムを維持することが前進の土台となります。無理のないペース配分を心がけ、心身の充実感を味わいながら着実に対処していきましょう。",抱えている業務や日課のToDoリストを整理し、優先順位をつけて一日の作業量を無理のない範囲に絞り込みましょう。作業の合間には定期的なストレッチや深呼吸を挟み、週末は日頃の生活習慣を振り返って睡眠環境や食事内容を優しく整え直しましょう。無理のないペース配分を心がけることが大切です。
2026_LIBRA,1,7,対等な対話を通じて大切な相手との信頼を深める,パートナーや重要な関係者と正面から向き合い、対等で心地よい関係性を築く月です。互いの本音や希望を率直に共有し、納得感のある協力条件を確かめ合うことで、揺るぎない絆と安心感が育まれていきます。,"　自分自身のスタンスを明確にしつつ、目の前の相手とどう協力関係を結ぶかが焦点となる時期です。月前半は、対人関係における公平なバランスを意識し、お互いが心地よく過ごせる対話の場を整えるのに最適です。相手の立場を思いやる柔軟さを保ちながらも、自分の意思を誠実に伝えることが対等な関係の礎となります。

　この影響は、日常生活においてはパートナーシップや仕事上の協業関係、身近な人との直接のやり取りにおいて実感されます。表面的な合意で済ませず、お互いが守りたい条件や譲れないポイントを丁寧に言葉にして確かめ合うことが重要です。意見の食い違いが生じても感情的にならず、客観的な視点で歩み寄りの道を探りましょう。

　中頃から月後半にかけては、蠍座へ天体が移ることで、表面的な取り決めを超えた深い信頼関係や感情の共有へと焦点が深まります。月末頃には、これまでに交わした約束や契約事項を振り返り、お互いの本音をじっくり再確認する対話が有効です。結論を焦らず時間をかけて対話を重ねる姿勢が、安定した絆を形作ります。

　今月は、一対一の対話を大切にし、誠実に向き合うことで豊かな人間関係を育むことがテーマです。互いの自立を尊重し合える良好なパートナーシップを築き、温かな安心感に包まれた日々を過ごしていきましょう。",パートナーや重要な関係者と向き合う時間を確保し、今後の目標や共有したいルールについて落ち着いて話し合いましょう。互いの要望はメモに残して合意点を確認し、週末は日頃の感謝の言葉を素直に伝え合って心地よいパートナーシップを温めましょう。対等な対話を重ねることが絆を深めます。
2026_LIBRA,1,8,共有財産や深い絆に向き合い透明な関係を築く,他者との深い関わりや共有リソース、感情の結びつきに誠実に向き合う月です。曖昧な条件や未解決の課題を冷静に整理し、透明性の高いやり取りを徹底することで、精神的な重荷が解消され安心が得られます。,"　自分自身のあり方を見つめ直すプロセスが、他者と深く共有する責任や資産のテーマへと結びつく時期です。月前半は、共同管理している財産や感情的な結びつきを客観的に見つめ直し、公平で納得感のあるルールを整えるのに適しています。デリケートな問題から目を背けず、誠実に対処する姿勢が相手との真の信頼を生み出します。

　この動きは、日常生活においては共有資金の管理や契約関係、親しい間柄での深い相談事において具体化します。権利や義務の所在を曖昧にせず、具体的な数字や条件を明確にしておくことがトラブルを未然に防ぎます。心理的なプレッシャーを感じる場面でも、冷静に事実関係を整理して対処することで心のゆとりが戻ります。

　中頃から月後半に入ると、蠍座に天体が集中し、過去の経緯や感情のしこりを根本から整理する流れが強まります。月末頃にかけては、これまでの取り決めや契約内容を丁寧に再点検し、不要な負担を手放す手続きを進める好機です。焦って急激な変化を起こすより、一つひとつの課題を丁寧に解きほぐすことが賢明です。

　今月は、深い絆を大切に育みながら、透明で健全な協力体制を整えることが大きな安心感を育みます。誠実な対話を通じて不要な重荷を手放し、すっきりと前を向いて充実した日々を築いていきましょう。",共有している口座や契約書、未精算の約束事をリストアップし、現状の条件や負担割合を関係者と正確に確認し合いましょう。複雑な問題があれば専門家や信頼できる相手に相談し、週末は静かな環境で心を落ち着けて内面の変化をじっくりと味わいましょう。透明性のある対話が安心を育みます。
2026_LIBRA,1,9,専門的な学びを深めて広い視野から将来を描く,高度な知見や専門的な学びに触れ、精神的な視野を大きく広げる月です。多様な考え方を柔軟に吸収し、自らの人生観や将来のビジョンを穏やかに深めることで、前進に向けた確かな指針が得られます。,"　自分自身の立ち位置を再構築する動きが、より高い視点や広い世界への探究心と結びつく時期です。月前半は、関心のある学問や専門分野の学習、異文化への理解を深めるのに好適なタイミングです。目先の実利にとらわれず、物事の全体像や本質を捉えようとする姿勢が、知的な成長と豊かな洞察力を育みます。

　この影響は、日常生活においては読書やセミナーへの参加、将来に向けた長期計画の立案として現れます。偏った意見に惑わされることなく、多様な情報源に触れてバランスの取れた見解を養うことが大切です。学んだ知見を身近な実践にどう活かせるかを考えることで、日々の活動に対する手応えと自信が高まります。

　中頃から月後半にかけては、蠍座へ天体が移ることで、広げていた学びから特定の専門テーマを深く掘り下げる探究へと移行します。月末頃には、これまでに学んだ内容や研究ノートを読み返し、知識の定着を図る復習のプロセスが有効です。結論を急いで決めつけるのではなく、問いを深める時間を楽しむことが知性を研ぎ澄まします。

　今月は、知的好奇心を大切にし、高い視座から人生の可能性を見渡すことが大きな前進の糧となります。広い視野を持ちながら地道な学びを重ね、希望ある未来への確かな土台を築いていきましょう。",関心のある専門書や学術資料を手にとり、重要ポイントをノートにまとめて体系的に思考を整理してみましょう。学んだ知見は身近な人との会話でアウトプットして理解を深め、週末は将来の目標や中長期の学習計画を落ち着いた気持ちで見直しましょう。広い視野を持つことが前進の力になります。
2026_LIBRA,1,10,社会的な責任を誠実に果たし周囲の信用を固める,仕事や公の場における役割に正面から取り組み、確かな実績と信用を積み上げる月です。関係各所との緊密な連携と明確な進捗共有を心がけることで、周囲からの安心感が高まりキャリアの基盤が強固になります。,"　自分自身の姿勢を正し、社会的な役割やキャリアにおける責任を果たすことが中心テーマとなる時期です。月前半は、職場や公の場での合意形成を迅速に行い、各メンバーの担当範囲を明確に整理するのに適しています。誠実で公平なリーダーシップを発揮し、周囲と足並みを揃えて取り組むことが安定した成果を生み出します。

　この流れは、日常生活においては担当業務の推進や目標達成、上司や取引先との連絡調整の実感として現れます。プレッシャーを感じる場面でも独断専行を避け、進捗状況をオープンに共有しながら着実に前進することが重要です。地道な準備と丁寧な確認を積み重ねる姿勢が、周囲からの揺るぎない信用へと結びつきます。

　中頃から月後半に入ると、蠍座に天体が集まり、業務の根本的な方針や長期計画の再調整が必要になる場面が訪れます。月末頃にかけては、これまでの実績や業務手順を振り返り、関係者と改善点を率直に話し合う作業が有効です。目先の評価を焦るよりも、持続可能で強固な実務体制を整えることが長期的な成長を支えます。

　今月は、高い目標を掲げつつも足元を固め、周囲と協力して責務を果たすことが着実な前進への土台となります。誠実な歩みを積み重ねて確固たる実績を築き、充実感あふれる毎日を過ごしていきましょう。",担当業務の進捗状況と優先課題を明確に整理し、関係者への定期的な進捗報告と連絡相談を怠らないようにしましょう。重要な提案を行う際は具体的な根拠と手順を用意して臨み、週末は一週間の成果と課題を客観的に振り返って次週の業務計画を立てましょう。地道な連携が信頼を確かなものにします。
2026_LIBRA,1,11,仲間と前向きに協力し未来に向けた計画を進める,共通の理想を持つ仲間やコミュニティと交流し、希望ある将来計画を具体化する月です。互いの個性を尊重しながら穏やかに連携することで、心強い一体感が生まれ、前進に向けた新たな活力が湧いてきます。,"　自分自身のスタンスを整えながら、志を同じくする友人やグループ活動とどう関わるかが問われる時期です。月前半は、メンバー間の意見を丁寧にすり合わせ、誰もが納得できる公平な活動方針を定めるのに最適なタイミングです。オープンなコミュニケーションを心がけ、自由な意見交換を促すことがチームの推進力を高めます。

　この影響は、日常生活においては友人関係の広がりやネットワーク活動、将来の希望を語り合う場面として現れます。特定の人に負担が偏らないよう配慮し、互いの得意分野を活かし合える協力関係を築くことが大切です。仲間と共に共通の目標に向かって歩むプロセスそのものが、日々の生活に大きな喜びと安心を育みます。

　中頃から月後半にかけては、蠍座へ天体が移ることで、広範な交友関係から本当に信頼できる親しい仲間との深い連携へと焦点が深まります。月末頃には、グループ内の役割分担や今後のイベント計画を丁寧に再点検し、無理のないスケジュールへ調整する好機です。焦らず調和を優先して進める姿勢が強固な結束を育みます。

　今月は、仲間の存在に感謝し、互いに刺激を与え合える豊かな関係性を育むことがテーマとなります。希望に満ちた将来のビジョンを一歩ずつ形にしながら、心温まる充実した日々を過ごしていきましょう。",参加しているコミュニティやプロジェクトでアイデアを共有し、仲間と前向きで建設的な意見交換を行いましょう。互いの役割分担を明確にして過度な負担の偏りを防ぎ、週末はチームの歩みや友人との交流を振り返って温かな感謝の気持ちを伝えましょう。仲間との協調が希望を広げます。
2026_LIBRA,1,12,一人の静かな時間を大切にし心身を深く休める,外の喧騒から少し距離を置き、静かな内省と心身の休養を優先する月です。過去のこだわりや不要な感情を静かに手放すことで、潜在意識がクリアになり、次の新しいサイクルへの準備が穏やかに整います。,"　他者との関わりを振り返りつつ、自分自身の内面世界へと静かに意識を向ける時期です。月前半は、無理に外向的な活動を広げるよりも、プライベートな時間を確保して心身のバランスを回復させることに注力しましょう。静かな環境で自分自身と対話することで、日々の忙しさで見落としていた本音や本当に大切な価値が見えてきます。

　この動きは、日常生活においては一人の時間の心地よさや睡眠の質、感情のデトックスとして実感されます。過去の失敗や心残りを責めるのではなく、成長のための尊いプロセスとして優しく受け止めることが心の癒やしとなります。直感や夢からのインスピレーションにも恵まれやすいので、静かにメモに残しておくと有益です。

　中頃から月後半に入ると、蠍座に天体が集まり、潜在意識の奥深くにある感情の浄化や精神的な整理が一段と進みます。月末頃にかけては、睡眠時間を十分に確保し、日記の執筆や瞑想など心を落ち着かせる習慣を取り入れることが有効です。急な活動再開を焦らず、エネルギーが自然と満ちてくるのを待つゆとりが大切です。

　今月は、魂の休息を優先し、内なる平穏を取り戻すことが何よりの過ごし方となります。心の内側を優しく満たし、次なる活動に向けた新たな活力を蓄えながら、穏やかで安心に満ちた毎日を過ごしていきましょう。",一日の終わりにスマートフォンを置き、静かな空間で自分の感情や日々の気づきを日記にありのまま書き出してみましょう。十分な睡眠とリラックスできる環境を整え、週末は予定を詰め込まず自然散策などで心身を優しく癒やして新たな英気を養いましょう。静かな内省が心を健やかに整えます。
2026_LIBRA,2,1,自分の価値基準を整えて生活の自立と安心を固める,今月はお金や持ち物に対する自分自身の価値観を見つめ直し、主体的な選択基準を確立する時期です。周囲の流行や他人の意見に惑わされず、自分が心から安心できる収支計画と生活基盤を整えることで、日々の暮らしに確かな自信が宿ります。,"　天秤座の季節に入り、自分自身が大切にしたい価値観や手元の資源の扱いに意識が向かう月です。月前半は、日々の支出や所有物のバランスを客観的に見つめ直し、無理のない安定した家計管理のルールを整えていくのに適しています。周囲との付き合いで見栄を張るのをやめ、自分にとって本当に必要なものを選び取る姿勢が精神的な安定をもたらします。

　この動きは、日常生活においてはあなた自身の生き方や主体的な判断力の実感として強く現れます。誰かに勧められたからではなく、自分自身の生活ペースや感覚に合っているかを基準にして物事を選ぶことで、ブレない安心感が育まれます。日々の小さな出費や時間の使い方においても、自分の納得感を最優先にする姿勢が大切です。

　中頃から月後半にかけては、蠍座へ天体が集まり、金星の逆行も相まって、これまでの金銭感覚や保有資産の運用方法を深く見直す流れとなります。月末頃には、固定費の契約内容や長期的な貯蓄計画を丁寧に再点検し、無駄な負担を削ぎ落とす作業がスムーズに進むでしょう。焦って投資や大きな買い物を決めるより、足元の資産状況を地道に把握することが安心を支えます。

　今月を実りあるものにするためには、客観的な数字を確認しながら、自分らしい生活リズムを静かに守ることが肝要です。他者との適切な境界線を保ちつつ、手元のリソースを丁寧に慈しむ充実した日々を築いていきましょう。",直近数ヶ月の支出履歴を振り返り、使途が曖昧な固定費やサブスクリプションを一つ解約または見直してみましょう。買い物の際はその場で即決せず一日置いて本当に必要か自問し、週末は自分の持ち物を丁寧に手入れして手元にある豊かさを実感しましょう。身近な生活用品を整理することで判断力が高まります。
2026_LIBRA,2,2,日々の収支と所有物を見直し持続可能な家計を整える,自身の収入や生活費、所有物の管理体制に正面から向き合い、長期的な経済基盤を整える月です。目先の損得にとらわれず、手元の資源を堅実に管理し日々の無駄を省くことで、将来への見通しと深い安心感が確立されます。,"　手元の資産や日々の稼ぎ方、買い物の傾向を徹底して点検し、より安定した経済基盤を築く時期です。月前半は、毎月の収支バランスや貯蓄のペースを冷静に確認し、現実的で持続可能な家計ルールを整えるのに最適です。不透明な出費をなくし、生活に必要なリソースを計画的に配分することが日々の心の平穏を支えます。

　この影響は、日常生活においては日々の買い物や給与の管理、物の丁寧な手入れの手応えとして極めて具体的に実感されます。価格の安さだけで飛びつくのではなく、長く愛用できる質の高いものを選ぶ意識が、生活全体の満足度を高めます。自分自身のスキルや労働力に対しても適正な評価を求め、無理のない働き方を模索することが重要です。

　中頃から月後半に入ると、蠍座に天体が集中し、共同で利用する資金や将来の保障に関する深い見直しが進みます。月末頃にかけては、保険や定期積立などの契約条件を一つひとつ再確認し、現状のライフスタイルに合致しているかを確かめる作業が有効です。短期的な儲け話を追うのではなく、確実な足元を固める姿勢が将来への信頼を育てます。

　今月は、数字に基づいた冷静な現状把握と丁寧な暮らしの手入れが幸運を呼び込みます。手元にあるリソースを賢く活かし、心地よい安心感に満ちた健やかな生活を整えていきましょう。",家計簿や銀行口座の残高を確認し、今月の必須支出と予備費の枠を明確に分けて管理してみましょう。普段使っている日用品のストックを点検して重複購入を防ぎ、週末は不用品の整理や手持ちのアイテムのメンテナンスに時間を充てて生活環境を整えましょう。地道な管理が家計の安定をもたらします。
2026_LIBRA,2,3,金銭やリソースの情報を整理し身近な対話を整える,お金や実務に関する情報収集を丁寧に行い、身近な人々との連絡や契約事項を明確にする月です。曖昧な口約束を避け、正確なデータや文章を共有することで、行き違いを防ぎスムーズで安心な関係性が保たれます。,"　自分自身の価値基準やリソース管理のテーマが、日々の情報交換やコミュニケーションと結びつく時期です。月前半は、契約条件や支払いに関する詳細な取り決めをわかりやすく整理し、関係者とスムーズに共有するのに好適です。分からない点があれば曖昧にせず、具体的な質問を投げかけて確認する姿勢が相互の信頼を深めます。

　この流れは、日常生活においては日常の連絡作業や買い物での情報収集、身近な学びの場面として実感されます。金融や生活防衛に関する基礎知識を調べたり、実用的なスキルを学んだりすることで、日々の判断に確かな根拠が生まれます。身近な人との間でも金銭のやり取りは口頭だけで済ませず、メモを残して確認し合うことが賢明です。

　中頃から月後半にかけては、蠍座へ天体が移ることで、表面的な情報比較から踏み込んだ専門的な相談や深い対話へと関心が深まります。月末頃には、過去に交わした約束事や契約書類の文面を丁寧に読み返し、現状とズレがないかを再点検するプロセスが有効です。急いで結論を出すより、論点を一つずつ整理する丁寧さが安心につながります。

　今月は、正確な情報と言葉の力を活かして生活の安全を守ることが大切なテーマとなります。日々の連絡を誠実に整え、落ち着いた対話を通じて知的な安心感を育んでいきましょう。",契約書や利用規約で気になっていた項目を読み返し、不明点があれば問い合わせ窓口やメモで確認しておきましょう。家族や身近な人との金銭のやり取りはメッセージ履歴に残して共有し、週末は実用書や家計管理のノートを整理して知識を蓄えましょう。文字での確認が誤解を防ぎます。
2026_LIBRA,2,4,住まいの維持管理と家計の調和を整えて居場所を守る,住環境や家族の生活基盤にお金を適切に配分し、私生活の快適さと安心感を高める月です。家庭内の共有財産や住居費用のバランスを見直し、安心できる居場所を整えることで、心身を健やかに休める土台が作られます。,"　経済的なリソースや価値基準を、自分自身のルーツや住まいの環境改善へと注ぎ込む時期です。月前半は、住居費や光熱費のバランスを見直したり、家具や日用品を使い勝手の良いものへ整えたりするのに適しています。外での見栄えよりも、家の中で家族や自分が心からリラックスして過ごせる空間作りに費用と時間を充てることが大切です。

　この動きは、日常生活においては部屋の居心地や生活動線の快適さ、家族間での生活費分担の話し合いとして現れます。住まいの修繕や整理整頓に必要な予算をあらかじめ確保しておくことで、急な出費に対する不安が軽減されます。同居人とのお金の出し合いについても、不公平感が生じないよう透明なルールを整えましょう。

　中頃から月後半に入ると、蠍座に天体が集まり、家族の共有資産や住まいに関する長期的な計画へと関心が移ります。月末頃にかけては、住居の設備点検や防災備蓄の確認など、足元の安全を守る具体的な見直し作業がスムーズに進むでしょう。無理な住み替えや高額な家具の衝動買いを避け、日々の生活基盤を丁寧に手入れすることが心の平穏を支えます。

　今月は、私生活の居場所を温かく整え、安心できる生活拠点に投資することが何よりの充実感をもたらします。心地よい住まいを手入れしながら、家族や身近な人との穏やかな調和を育んでいきましょう。",住まいの消耗品や防災グッズの在庫を点検し、必要な補充や設備の小修繕を計画的に進めましょう。家族や同居人とは日用品費や光熱費の分担ルールについて穏やかに話し合い、週末は部屋の掃除と換気を行って快適な居住空間を保ちましょう。落ち着ける住環境が日々の元気を支えます。
2026_LIBRA,2,5,独自の感性と工夫を活かして実用的な価値を育てる,自らの趣味や創作で培った感性を日々の工夫に落とし込み、現実的な手応えや収入基盤を整える月です。楽しむ気持ちを大切にしながら実用的な形に仕上げることで、無理のない生活の安心感と前向きな自信が育まれます。,"　自分が心から楽しいと感じる創作や趣味のスキルを、現実の暮らしを支える実用的な価値へと結びつけていく時期です。手元にある道具や素材の使い道を見直し、誰かの役に立つ形や日常で使える形へとアレンジを加えていきましょう。楽しみながら手を動かす工夫が、自らの技能に対する確かな自己肯定感を呼び起こします。日々の工夫を大切にしましょう。

　日頃から温めてきたアイデアの試作を進めたり、制作にかかる資材費や作業時間を冷静に計算したりする場面が増えてきます。自分のこだわりを一方的に押し出すのではなく、受け取る人が日常で扱いやすい工夫を添えることが大切です。無理なまとめ買いや性急な出費は避け、すでにあるリソースを最大限に活かす堅実な判断を貫きましょう。

　月後半に入ると、蠍座に天体が集まり、一つの作業や専門的な手仕事へじっくり腰を据えて向き合う集中力が高まります。これまでに試作したものの使い勝手や作業手順を丁寧に見直し、今後の展開に向けた運用ルールを整えていきましょう。

　今月は、自分らしい感性を現実的な暮らしの土台と調和させることが充実した歩みを支えます。手元のリソースを大切に扱いながら、落ち着いた日々を過ごしていきましょう。",得意な手仕事や創作の作業手順をメモに書き出し、必要な資材費や所要時間を丁寧に整理してみましょう。試作品の使い勝手を身近な人に確認してもらい、改善点を一つ反映させた運用ノートを作ることが、日々の生活の中で着実な実りを支える大切な土台となります。
2026_LIBRA,2,6,日々の実務道具や健康管理に投資して作業効率を高める,仕事道具の手入れや身体のケアに適切なリソースを注ぎ、日々の作業環境を整える月です。無駄な労力や経費を削減し、身体に負担をかけない生活ルーティンを確立することで、心身の健康と実務の円滑さが向上します。,"　自分自身の稼ぐ力や日々の実務を支えるため、作業環境や体調管理を丁寧に整える時期です。月前半は、仕事で使う道具やデスク周りの備品を見直し、作業効率を高めるための小さな手入れや投資を行うのに最適です。身体への負担を減らすエルゴノミクス用品や良質な食材に予算を配分することが、日々のパフォーマンスを支えます。

　この動きは、日常生活においては日々のタスク管理や仕事のコスト意識、日課の食事や睡眠の質として実感されます。安物買いで買い替えを繰り返すより、耐久性があり身体に優しいものを選ぶ堅実な選択が求められます。業務上の無駄な工程や余計な諸経費を削ぎ落とし、シンプルで持続可能な手順を整えていきましょう。

　中頃から月後半に入ると、蠍座に天体が集中し、体質改善や業務プロセスの根本的な効率化へと意識が深まります。月末頃にかけては、これまでの健康維持費用や日用品の購入先を再点検し、よりコストパフォーマンスの高い方法へ切り替える好機です。急な無理なダイエットや過密スケジュールを避け、日々の身体の声を大切に扱いましょう。

　今月は、健康と実務環境を丁寧にメンテナンスすることが長期的な安定をもたらす確かな投資となります。日々のルーティンを心地よく整え、軽やかな心身で着実に前進していきましょう。",仕事や家事で毎日使う道具やPC周辺の環境を清掃・点検し、不便な点があれば改善グッズを検討しましょう。健康診断の結果や日頃の食生活を振り返って栄養バランスを整え、週末は十分な睡眠と適度な運動を取り入れて身体をリフレッシュさせましょう。道具と体調の手入れが実務を支えます。
2026_LIBRA,2,7,対等な協力関係において金銭や役割のルールを整える,パートナーや重要な協業相手との間で金銭的な条件や役割分担を明確にする月です。互いに不満を残さない公平な取り決めを交わし、誠実な対話を重ねることで、揺るぎない信頼関係と安心できる協力体制が築かれます。,"　自分自身の経済基盤や価値基準を、特定のパートナーや重要な関係者との間で擦り合わせる時期です。月前半は、共同事業の予算配分や生活費の出し合いについて冷静に話し合い、お互いが納得できる公平なルールを整えるのに好適です。どちらか一方に金銭的・労力的な負担が偏らないよう、具体的な条件を明文化することが大切です。

　この影響は、日常生活においては契約交渉やパートナーとの買い物、共同での支払いの場面において具体化します。感情に流されて曖昧な返事をするのではなく、自分ができることと難しいことを明確に伝える誠実さが求められます。相手の金銭感覚や大切にしている価値観を尊重しつつ、対等な立場で歩み寄りの道を探りましょう。

　中頃から月後半にかけては、蠍座へ天体が移ることで、表面的な費用の折半を超えた深い信頼や将来の資産形成に関する対話へと発展します。月末頃には、これまでに交わした契約内容や口約束を丁寧に再確認し、双方が安心して前進できる条件を再合意するプロセスが有効です。結論を焦らず時間をかけて対話を重ねることが絆を深めます。

　今月は、金銭や契約を巡る対話をポジティブに捉え、関係性をより強固なものへ育てる機会となります。対等で透明なルールを築き、互いに支え合える温かなパートナーシップを育んでいきましょう。",パートナーや協業相手との間で共同支出や担当業務の分担表を作成し、お互いの負担感をすり合わせましょう。契約や重要な買い物を行う際は条件をメモに残して合意を確認し、週末は日頃のサポートに感謝を伝え合って関係性を温めましょう。公平な分担が相互の信頼を深めます。
2026_LIBRA,2,8,共有資産や受け継ぐリソースの権利関係を透明にする,家族やパートナーとの共有資産、税金や保険などの深いお金のテーマに向き合う月です。権利関係や未精算の事項を冷静に整理し、透明性の高い管理を行うことで、将来への不安が解消され精神的な安心が得られます。,"　個人の財産管理から一歩進み、他者と深く結びついた共有リソースや受け継いだ資産に向き合う時期です。月前半は、共同名義の口座や保険、ローンの返済計画などを客観的に見つめ直し、適正な管理体制へと整えていくのに適しています。複雑な問題から目を逸らさず、関係者と誠実に対話を進めることが安心の土台となります。

　この動きは、日常生活においては未払いの請求書や税金の処理、遺産や譲り受けた物品の管理として実感されます。誰がどの責任を負うのかを曖昧にせず、書類や記録を正確に整理しておくことがトラブルを未然に防ぎます。相手から受ける支援や託されたリソースに対しても、感謝の気持ちを持ちながら責任を持って扱いましょう。

　中頃から月後半に入ると、蠍座に天体が集中し、共有財産の根本的な見直しや不要な債務の清算が加速します。月末頃にかけては、長期的な資産運用や遺言・相続に関する相談など、専門知識を借りて確実な手続きを進める好機です。急な感情論に流されることなく、事実と数字に基づいた冷静な判断を貫くことが大切です。

　今月は、深い共有事項をすっきりと整理し、透明で健全な基盤を築くことが大きな安心感をもたらします。誠実な手続きを積み重ねて心の重荷を下ろし、前向きな日々を過ごしていきましょう。",加入している保険証券やローンの償還表、未処理の請求書類をファイルにまとめて現状を把握しましょう。共有資産について不明点があれば専門家や関係者と落ち着いて確認し合い、週末は静かな環境で今後の資金計画をじっくり見つめ直しましょう。丁寧な整理が将来の安心を生み出します。
2026_LIBRA,2,9,専門知識と広い視野を活かして生活基盤を整える,これまでに蓄積してきた専門知識や教養を日々の実務に結びつけ、安定した生活基盤を整える月です。目先の損得にとらわれず長期的な視点で学びの価値を活かすことで、日々の判断に確かな軸が生まれ安心感が深まります。,"　これまで地道に培ってきた専門知識や幅広い教養を、毎日の生活基盤や実務の現場へ丁寧に応用していく時期です。目先の細かな収支に一喜一憂するのではなく、長期的に自らを支える知的な資産として日頃のスキルを捉え直していきましょう。体系的な学びを現場の手順に落とし込む姿勢が、日々の仕事に安定した質をもたらします。

　日々の暮らしの中では、専門書を読み返して実務の疑問点を解消したり、今後の活動に必要な資格や技能の習得計画を立てたりする行動として具体化します。学んだ理論をそのまま語るのではなく、身近な作業手順や日用品の選択に役立つ形へ変換する柔軟性を保ちましょう。自己投資の費用と実生活での実用性を冷静に照らし合わせることが、無理のない基盤づくりにつながります。

　月後半になると、特定の分野を深く掘り下げる探究の集中力が増してきます。集めた専門資料やメモをファイリングし、今後いつでも参照できる実践的なマニュアルとして整理しておくことが有益です。

　今月は、高い視点から自らの知識を見つめ直し、生活に役立つ確かな道具として手入れすることがテーマとなります。学びを生活の味方につけ、落ち着いた歩みを進めていきましょう。",手持ちの専門書や受講ノートを整理し、日々の実務や暮らしですぐに試せる知識を要約メモに書き出してみましょう。スキルアップにかける予算と時間配分を一覧表にして点検し、長期的な学習計画を落ち着いて整えることが日々の安定した前進と安心感を力強く支えます。
2026_LIBRA,2,10,社会的な信用と実績を基盤にして適正な報酬を得る,仕事での成果や社会的地位にふさわしい適正な評価と対価を求め、キャリア基盤を固める月です。周囲との連携を密にし、自らのスキルを誠実に発揮することで、経済的な安定と周囲からの確かな信頼が築かれます。,"　自分自身の労働価値や社会的責任を客観的に見つめ直し、確固たる実績と信用を積み上げる時期です。月前半は、担当業務におけるコスト管理や売上目標の進捗を丁寧に点検し、効率的な業務体制を整えるのに適しています。会社や顧客に対して提供している価値を正しく把握し、適正な報酬や評価を得るための下準備を進めることが大切です。

　この流れは、日常生活においては業務の遂行や見積書の作成、上司や取引先との条件交渉の場面として現れます。安易な安売りや無理な引き受けを避け、責任を果たせる現実的な価格や納期を設定するプロ意識が求められます。地道な実績を積み重ねていく姿勢が、周囲からの揺るぎない信用と安定した立場を確立します。

　中頃から月後半に入ると、蠍座に天体が集中し、長期的な事業計画や役職における権限の見直しが進みます。月末頃にかけては、これまでの実績データや契約実績を振り返り、関係者と今後の待遇や予算配分について話し合う好機です。感情論ではなく具体的な成果と数字を提示することで、納得感のある合意形成が実現します。

　今月は、自らの役割と能力に誇りを持ち、誠実な仕事を通じて信用と安定を勝ち取ることがテーマとなります。周囲と協力しながら着実に歩みを進め、実り豊かなキャリアを築いていきましょう。",担当している業務の売上・コストや作業工数をエクセル等で整理し、現状の採算性を客観的に評価してみましょう。取引先や上司への見積もり・報告は具体的な根拠を添えて提示し、週末は一週間の業務成果を振り返って次期目標を明確に設定しましょう。誠実な仕事ぶりが評価を高めます。
2026_LIBRA,2,11,仲間との対話をヒントに自らの強みと基盤を整える,友人や志を共にする仲間との意見交換を通じて、自分自身の得意分野やリソースの活かし方を再発見する月です。対等で健全な交流を保ちながら協力の可能性を探ることで、生活基盤への前向きな展望と安心感が育まれます。,"　友人や志を同じくする仲間との対話を通じて、自分自身が持っている技能や強みを客観的に見つめ直す時期です。一人で抱え込んで悩むよりも、周囲と近況や将来のビジョンを語り合う中で、自らの持っている知識や経験が誰かの助けになることに気づきやすくなります。健全なネットワークを大切にしながら、手元の基盤を整えましょう。

　普段の生活においては、知人からの相談に乗ったり、勉強会やサークルの集まりで情報交換を行ったりする場面として現れます。相手の活動を応援しつつ、自分自身が無理なく提供できる役割や知識の範囲を明確にしておくことが大切です。金銭の貸し借りや曖昧な共同購入は避け、互いに自立した対等な協力関係を保つよう心がけましょう。

　月後半を迎えると、少数の親しい仲間との間で、具体的な協力体制や今後の共同企画に関する現実的な意見交換が進みやすくなります。お互いの役割分担や必要な経費を整理し、負担が一方に偏らないフェアなルールを確認しましょう。

　今月は、温かな人とのつながりに支えられながら自らの生活基盤を再確認することが前進を支えます。相手への敬意と自己管理を両立させ、前向きな日々を過ごしていきましょう。",親しい友人や仕事仲間に近況を連絡し、お互いの得意分野や今後の取り組みについて情報交換を行ってみましょう。自分がコミュニティで担当できる役割の範囲をメモに整理し、対等で無理のない協力関係を保つ工夫を重ねることが安心な関係性を守る鍵となります。
2026_LIBRA,2,12,静かな内省を通じて不要な出費を手放し基盤を整える,外向きの消費活動を少し控え、静かな時間の中で持ち物や生活水準を見つめ直す月です。見栄や習慣による出費を穏やかに手放し、手元の資源をシンプルに整えることで、心身の落ち着きと安定した生活基盤が回復します。,"　外の世界の刺激から少し距離を置き、日々の暮らしに本当に必要な持ち物や価値観を静かに見極める時期です。見栄や一時的な気分で購入して使わなくなった物品、無意識に払い続けている固定費などを落ち着いて整理していきましょう。日々の生活をスリムに整える作業が、心の中にある漠然とした焦りや不安を解きほぐします。

　生活の場においては、部屋の引き出しの整理やサブスクリプションの見直し、家計簿の履歴確認といった静かな作業として具体化します。他人の生活水準や持ち物と比較することをやめ、自分が落ち着いて暮らせるシンプルな基準を再設定することが大切です。目に見える物質的な多さよりも、日々の静寂と精神的なゆとりを優先する選択を重ねましょう。

　月後半に入ると、蠍座に天体が移動し、心の奥底で感じていた執着や不安の根源に気づきやすくなります。過去の失敗や余計な出費を後悔するのではなく、これからの生活を軽やかに維持するための良い教訓として受け止めていきましょう。

　今月は、内面の静けさを大切に守りながら生活の基盤をシンプルに整えることが確かな安心をもたらします。自分を優しく労りながら、穏やかな時間を過ごしていきましょう。",不要な定期購入や使っていない月額サービスを解約し、手元の固定費を無理のない範囲で削減してみましょう。静かな時間にノートを開き、日々の暮らしで本当に満足感を得られる習慣を書き出して、身の回りの整理を少しずつ進めることが心の平穏と生活の安定を支えます。
2026_LIBRA,3,1,自らの考えを率直に言葉にして身近な交流を深める,自分の意志や興味のあるテーマを積極的に周囲へ伝え、知的な対話を広げていく月です。主体的な発信を心がけつつ相手の言葉にも真摯に耳を傾けることで、思考が整理され日々の人間関係に前向きな活気と風通しの良さが生まれます。,"　天秤座の季節を迎え、身近なコミュニケーションや知的な情報発信において自分らしいスタンスを打ち出す時期です。月前半は、日頃考えているアイデアや関心事を言葉にし、周囲とフランクに意見を交換するのに適しています。自分から率先して対話のきっかけを作ることで、思考の視野が広がり、日常の身近なネットワークが生き生きと動き出します。

　この動きは、日常生活においてはあなた自身の直感的な発言や学習意欲、日々の移動の活発さとして具体的に実感されます。他人の顔色を窺いすぎて本音を隠すのではなく、丁寧かつ明確に自分の考えを伝える姿勢が好印象を与えます。短時間の散歩や近場への外出を生活に取り入れることも、良い気分転換と思考の柔軟性につながります。

　中頃から月後半にかけては、蠍座へ天体が集まり、金星の逆行も重なることで、表面的なおしゃべりから本質的なテーマを掘り下げる深い対話へと質が変化します。月末頃には、過去に書き留めたメモや交わした会話の内容を静かに振り返り、自分の言葉に嘘や矛盾がなかったかを再点検する作業が有効です。焦って結論を急ぐより、じっくりと論点を深めましょう。

　今月は、言葉の持つ力を前向きに信じ、誠実な情報発信を重ねることが知的成長を促します。他者との程よい距離感を保ちながら、刺激に満ちた対話を通じて充実した日々を築いていきましょう。",気になっていた話題や学んだ知識について自分の言葉で短いメモやブログにまとめ、周囲と共有してみましょう。連絡事項は用件を簡潔にまとめて迅速に返信し、週末は近所の図書館や書店を訪れて知的好奇心を刺激しましょう。能動的な発信が新しい交流を呼び込みます。
2026_LIBRA,3,2,実用的な知識や技能を学び日々の生活基盤に活かす,生活に直結する実用的な情報やスキルを吸収し、手元の資源を賢く運用する知恵を養う月です。役立つ知識を地道に学び日々のルーティンに落とし込むことで、経済的な安心感と実生活での着実な手応えが得られます。,"　知的な学びや情報収集の関心が、手元の生活資源や実務スキルの向上へと結びつく時期です。月前半は、家計管理のコツや仕事で使える便利なツールの扱い方を調べ、生活を合理化するためのノウハウを蓄積するのに好適です。机上の空論で終わらせず、日々の買い物や作業にすぐ活かせる実践的な知恵を選ぶことが大切です。

　この影響は、日常生活においては日々の情報リテラシーやコスト削減のアイデア、道具の扱い方の工夫として現れます。価格の比較やお得な情報の精査を丁寧に行うことで、無駄な支出を無理なく抑える習慣が定着します。自分の特技や知識をわかりやすく他者に伝える練習をすることも、自身のスキルの価値を再認識する契機となります。

　中頃から月後半に入ると、蠍座に天体が集中し、専門性の高い金融知識や資産管理のルールを深く掘り下げる流れとなります。月末頃にかけては、これまでに集めた資料やメモを整理し、自分にとって本当に役立つ情報だけを厳選してファイリングする作業が効果的です。怪しい情報や衝動的なアドバイスには飛びつかず、確かな裏付けを確認しましょう。

　今月は、日々の生活をより豊かにする実用的な知恵をコツコツと育むことが幸運の鍵となります。確かな知識を味方につけ、安心で安定した暮らしのリズムを着実に整えていきましょう。",家計簿アプリや実用的な管理ツールの使い方を調べ、日々の収支や在庫管理を効率化してみましょう。生活に役立つ資格やスキルに関する実用書を１冊読み進め、週末は手元のノートに重要事項を要約して整理しましょう。実践的な学びの積み重ねが暮らしの安心を支えます。
2026_LIBRA,3,3,身近な対話と機動力ある情報収集で思考を深める,身近な環境でのやり取りや日常の知的な探究を活発に行い、新しい知識を意欲的に整理する月です。丁寧な連絡と軽快なフットワークを保ちながら意見を交わすことで、思考の風通しが良くなり有益な知見が自然と深まります。,"　知的好奇心が刺激され、日常のコミュニケーションや身近な場所での情報収集が活発になる時期です。関心を持ったテーマについて本を読んだり、身近な人と意見を交わしたりして、得られた気づきを分かりやすい言葉にまとめていきましょう。軽快に動きながら知識を吸収する姿勢が、日々の暮らしに新鮮なリズムをもたらします。

　毎日の暮らしの中では、メールやメッセージでの迅速な連絡、近所での散策や書店通い、関心のある勉強会への参加といった場面で実感されます。相手に要点を分かりやすく伝えるため、長文になりすぎない簡潔な表現を心がけることが円滑な意思疎通を助けます。表面的な噂話に惑わされず、信頼できる情報源を確かめる冷静さを常に大切にしましょう。

　月後半になると、蠍座へ天体が集まり、手広く集めた情報の中から本当に掘り下げるべき専門的なテーマへと関心が集中していきます。書き留めたメモを読み返し、実務や日々の作業に直結する知恵としてノートに整理し直す作業が充実感を生み出します。

　今月は、軽やかな足回りと真摯な学びの姿勢を両立させることが日々の充実感を高めます。知的な対話を楽しみながら、知見を豊かに広げていきましょう。",関心のある分野の解説記事や書籍を読み、重要だと感じたポイントを短い要約メモにまとめてみましょう。連絡事項は用件を整理して早めに返信し、近隣の図書館や書店へ立ち寄って知的好奇心を刺激することが、日々の思考をクリアに保ち有益な対話を促す助けとなります。
2026_LIBRA,3,4,家族や身近な人々と言葉を交わし心の居場所を整える,家庭内や気心の知れた身近な環境での対話を大切にし、相互の理解を深める月です。普段は言葉にしない感謝や生活の希望を丁寧に伝え合うことで、心のわだかまりが解け温かな安心感が育まれます。,"　コミュニケーションの焦点が、自分自身の家庭や安心できる私生活の拠点へと向かう時期です。月前半は、同居する家族や親しい身内との日常会話を増やし、生活上の要望やこれからの予定について穏やかに共有するのに好適です。何気ない日常の出来事を報告し合うだけでも、お互いの心理的な距離が自然と縮まります。

　この影響は、日常生活においてはリビングでの団らんや連絡ノートの活用、住まいに関する情報収集として現れます。住環境の改善や模様替えに関するアイデアを家族と話し合い、みんなが納得できる形で進めることが生活の満足度を高めます。昔の思い出話を振り返ることも、互いの絆を再確認する良い機会となるでしょう。

　中頃から月後半に入ると、蠍座に天体が集まり、家族のルーツや住居の管理に関する深い対話へと関心が深まります。月末頃にかけては、実家の書類や住まいの契約書、防災の連絡網を再点検し、緊急時のルールを言葉にして確認しておくことが安心を支えます。感情的にならず、落ち着いたトーンで対話を重ねることが大切です。

　今月は、身近な居場所での丁寧な対話を通じて心の安定を育むことが何よりの癒やしとなります。温かな言葉のキャッチボールを重ね、穏やかで安心できる家庭環境を築いていきましょう。",家族や親しい身内と今月の予定や希望についてゆっくり話し合う時間を設け、生活上の分担を確認しましょう。住まいに関する気になる情報や防災対策をメモにまとめて共有し、週末は部屋を清掃した後に心地よいお茶の時間を楽しみましょう。穏やかな会話が家庭の安心を守ります。
2026_LIBRA,3,5,クリエイティブな表現や趣味の楽しさを言葉で伝える,自分の感性や趣味の面白さを周囲に発信し、純粋なワクワク感を共有する月です。創作活動や好きなことへの情熱を言葉にして届けることで、共感する仲間が増え日々の生活に生き生きとした活力が湧いてきます。,"　知的な探究心とコミュニケーションが、自己表現やクリエイティブな創作活動と結びつく時期です。月前半は、自分が楽しんでいる趣味や制作活動のプロセスを言葉にして発信したり、好きな作品の感想を語り合ったりするのに最適です。自分の感性を素直に表現することで、同じ興味を持つ人々との楽しい交流が自然と広がります。

　この動きは、日常生活においては文章の執筆やイラストの投稿、レジャーの計画立案において具体化します。他人の評価ばかりを気にして表現を萎縮させるのではなく、自分が心から面白いと感じるポイントを強調することが魅力となります。遊び心を取り入れた軽やかな会話が、周囲の雰囲気を明るく和ませるでしょう。

　中頃から月後半にかけては、蠍座へ天体が移ることで、表現の方向性がより深く情熱的なテーマへと向かいます。月末頃には、過去に作成した作品や書き溜めたアイデアノートを読み返し、表現の精度を磨く推敲作業が深い満足感をもたらします。一時的な反応の一喜一憂を乗り越え、自分の世界観をじっくり深めていきましょう。

　今月は、言葉を通じた自己表現の喜びを存分に味わい、日々の生活を華やかに楽しむことが大切です。自分らしい表現力を大切に磨きながら、心躍る充実した時間を紡いでいきましょう。",趣味や好きな作品についての感想や考察を短い文章にまとめ、SNSや友人へのメッセージで伝えてみましょう。創作やレジャーのアイデアをノートに書き留めて計画を立て、週末はアートやエンターテインメントに触れる時間を楽しみましょう。素直な表現が共感を広げます。
2026_LIBRA,3,6,日々の連絡手順や業務の伝達方法を改善して効率化する,日常の事務処理や職場での情報伝達ルートを整理し、実務をスムーズに進める月です。連絡の行き違いを防ぐマニュアルやチェックリストを整えることで、無駄なストレスが減り作業の正確性と安心感が高まります。,"　コミュニケーションの力を、日々の実務改善や健康管理のルーティンへと注ぎ込む時期です。月前半は、仕事での連絡フローを見直し、曖昧な指示や重複したやり取りを省くための連絡テンプレートやチェック表を作成するのに好適です。情報の伝達ミスを減らす工夫を重ねることで、業務全体の効率が飛躍的に向上します。

　この影響は、日常生活においてはタスクリストの運用やメールの整理、同僚とのスムーズな申し送りとして実感されます。口頭だけで済ませず、要点を文章にして可視化する習慣が、職場の信頼関係を強固にします。日々の体調や睡眠の記録をメモに残すことも、健康管理の改善点を冷静に把握する手助けとなります。

　中頃から月後半に入ると、蠍座に天体が集中し、業務プロセスの細部や健康習慣の抜本的な見直しへと意識が向かいます。月末頃にかけては、過去の業務ログやマニュアルを再確認し、現状の運用に合わせて改訂する作業が効果的です。無理なスケジュールを詰め込まず、作業手順をシンプルに保つことが心身の負担を和らげます。

　今月は、正確で誠実な連絡を心がけ、足元の実務環境を整えることが長期的な安定をもたらします。丁寧な情報伝達を積み重ね、軽やかで整ったワークライフリズムを確立していきましょう。",日頃よく使う連絡文やメールの定型フォーマットを整理し、業務連絡の迅速化と正確性を図りましょう。一日のやるべき作業を朝一番に箇条書きでリスト化して優先順位をつけ、週末はPC内のファイルやメールボックスを整理してすっきりさせましょう。整理された情報が日々の業務を円滑にします。
2026_LIBRA,3,7,対等な対話を通じてパートナーとの相互理解を深める,身近なパートナーや大切な相手と本音で話し合い、お互いの信頼関係を丁寧に再確認する月です。互いの意見に偏見なく耳を傾け丁寧な対話を重ねることで、すれ違いが自然と解消され安心できる協力体制が築かれます。,"　知的な対話のエネルギーが、一対一のパートナーシップや重要な人間関係へと注がれる時期です。月前半は、相手の話を途中で遮らずにじっくり聞き、こちらの考えも落ち着いた言葉で伝える双方向の対話を進めるのに適しています。表面的な妥協をするのではなく、お互いの価値観の相違を認め合った上で共通点を見出す姿勢が大切です。

　この動きは、日常生活においてはパートナーとの相談事や契約の交渉、友人との二人きりの語らいとして具体化します。感情的になりそうな場面でも、論点を整理して客観的な言葉で語りかけることで、無用な衝突を回避できます。相手の言葉の裏にある感情や意図に思いを馳せる共感力が、深い絆を育む土台となります。

　中頃から月後半にかけては、蠍座へ天体が移ることで、より踏み込んだ本音の告白や将来の約束に関する対話へと進展します。月末頃には、過去に交わした約束や合意事項を振り返り、現状に合わせた微調整を話し合うプロセスが有効です。結論を急がず、お互いが納得するまで丁寧に言葉を交わし続けましょう。

　今月は、真摯な対話を通じて相手との間に確かな信頼の架け橋を架けることがテーマとなります。言葉を惜しまず丁寧に対話を重ね、温もりと安心感に満ちたパートナーシップを育んでいきましょう。",パートナーや大切な相手と静かにお茶を飲みながら、最近感じていることや感謝を率直に言葉にして伝えましょう。意見が分かれたときは相手の言い分を最後までメモを取りながら聞き、週末は落ち着いた場所で二人の今後の予定を穏やかに話し合いましょう。丁寧な対話が信頼を深めます。
2026_LIBRA,3,8,深いテーマや秘密事項について誠実に対話を重ねる,共有財産や心理的な悩みなど、普段は話しにくい重要事項に真摯に向き合う月です。関係者と秘密を守りつつ落ち着いた情報共有を行うことで、心理的な重荷が軽くなり安心できる基盤が整えられます。,"　知的な探究心が、他者との深い共有関係や心理的な核心部分へと向かう時期です。月前半は、共有財産や保険、家族の将来に関するデリケートな話題について、信頼できる相手と冷静に情報交換を行うのに好適です。タブー視して先送りにするのではなく、客観的な事実と数字をもとに落ち着いて話し合うことが安心への第一歩となります。

　この影響は、日常生活においては守秘義務を伴う相談や深い心理的な対話、専門的な調査活動として現れます。相手の秘密やプライベートな情報を軽率に他言せず、しっかりと胸に収める誠実さが信頼を勝ち取ります。複雑に絡み合った人間関係の背景を言葉で解きほぐすことで、根本的な問題解決の道筋が見えてきます。

　中頃から月後半に入ると、蠍座に天体が集中し、心理的なわだかまりの解消や遺産・契約に関する専門的な手続きが進みます。月末頃にかけては、過去の契約文書や記録を詳細に再点検し、不明な点があれば専門家に相談して明確にする作業が有益です。感情に流されず、冷静な事実確認を徹底しましょう。

　今月は、深い対話を通じて他者との間に真の信頼関係を再構築することが大きな精神的安定をもたらします。誠実な態度で真実に向き合い、すっきりとした前向きな日々を過ごしていきましょう。",気になっている契約書類や共有口座の明細を確認し、疑問点があれば関係者や窓口に落ち着いて問い合わせましょう。親しい人から相談を受けた際は口外せず誠実に耳を傾け、週末は一人で静かに心理学や歴史の本を読んで内省を深めましょう。真摯な姿勢が揺るぎない信頼を築きます。
2026_LIBRA,3,9,高い視点から専門知識を探究し知的な視野を広げる,専門分野の研究や哲学的な探究に没頭し、知的な視野を一段と大きく広げる月です。遠方の情報や高度な学問に触れて深く考察することで、思考の抽象度が高まり未来に向けた明確な指針と確信が得られます。,"　身近な情報交換からさらに視野を広げ、高度な学術や哲学、異文化の知見を探究する時期です。月前半は、専門書の精読やオンライン講座の受講、外国の情勢に関するリサーチなど、知的探究心を存分に発揮するのに最適です。目先の雑務から少し距離を置き、物事の本質や長期的な展望について深く思索することが知恵を育てます。

　この動きは、日常生活においては学習意欲の高まりや専門家との議論、知的な旅行の計画として実感されます。単なる情報の丸暗記にとどまらず、「なぜそうなるのか」という原理原則を理解しようとする姿勢が、思考の深みを増します。異なる価値観を持つ人々の意見にも偏見なく耳を傾け、自らの世界観を豊かにアップデートしましょう。

　中頃から月後半にかけては、蠍座へ天体が移ることで、広げていた学問から特定の深遠なテーマを究める専門的研究へと集中します。月末頃には、これまでに学んだ内容を論文やレポート、体系的なノートにまとめ直す作業が充実感を生み出します。安易な一般論に満足せず、真理を粘り強く探究していきましょう。

　今月は、高い知性と探究心を発揮して自らの限界を超える学びを深めることが幸運の扉を開きます。知的好奇心を存分に羽ばたかせ、希望に満ちた広い世界への視野を切り拓いていきましょう。",関心のある学術分野や専門書をじっくり読み進め、気になった引用や自らの考察をノートに体系的にまとめましょう。外国語の学習や異文化に関するドキュメンタリーに触れ、週末は将来の長期的な学習計画や旅行の構想を前向きに練ってみましょう。高い視点が思考を豊かに広げます。
2026_LIBRA,3,10,仕事上の正確な情報発信と報告を通じて信用を高める,職場や社会活動における連絡・報告の精度を上げ、確かな実績と信用を積み上げる月です。責任ある立場からの明確なメッセージ発信を心がけることで、周囲との連携がスムーズになり社会的信頼が強固になります。,"　知的なコミュニケーションのスキルが、キャリアの発展や社会的な責任の遂行において発揮される時期です。月前半は、プレゼンテーションの準備や企画書の作成、上司や関係者への進捗報告を正確かつ論理的に進めるのに好適です。伝えるべき情報を明快に構造化して提示することで、あなたのプロフェッショナルな姿勢が高く評価されます。

　この影響は、日常生活においては公式な場での発言や議事録の作成、社外との折衝の場面として具体化します。曖昧な表現を排し、事実と意見を明確に区別して伝える誠実さが、周囲の安心感と協力を引き出します。社会的な動向や業界の最新情報をいち早くキャッチアップする情報収集力も強力な武器となります。

　中頃から月後半に入ると、蠍座に天体が集中し、長期的なプロジェクト方針や役職上の権限に関する重要な伝達が進みます。月末頃にかけては、これまでに作成した報告書や提出書類の記述を再点検し、誤字や事実誤認がないかを徹底的にチェックする推敲が有益です。急な変更にも冷静に対応し、確実な事実の伝達を貫きましょう。

　今月は、言葉の精度と責任感を高め、社会的な信用を着実に築き上げることが重要なテーマとなります。誠実な情報発信を積み重ね、自信を持って自らの役割を果たしていきましょう。",提出する企画書や報告書の構成を見直し、要点がひと目で伝わるよう図表や箇条書きを活用して推敲しましょう。関係者への連絡は事実と納期を明確に記載して送信し、週末は一週間の業務成果を振り返って活動報告を整理しましょう。正確な発信がプロとしての信頼を高めます。
2026_LIBRA,3,11,志を同じくする仲間と意見を交わし未来の計画を練る,友人やサークル仲間とオープンにアイデアを出し合い、共通の目標に向けた計画を育てる月です。互いの個性を尊重しながらフラットに対話を重ねることで、心強い連帯感が生まれ将来への希望が具体化します。,"　知的な発信力と交流のエネルギーが、コミュニティ活動や未来のネットワーク作りへと向けられる時期です。月前半は、サークルや勉強会の仲間とオンラインや対面でアイデアを出し合い、新しい共同プロジェクトの構想を練るのに最適です。肩書にとらわれないフラットな立場で自由に発言し合うことが、革新的なひらめきを生み出します。

　この動きは、日常生活においてはグループチャットでの活発なやり取りやイベントの企画、情報共有の場面として実感されます。多様な意見を一つの方向性にまとめるため、議事録を残したり進行役を務めたりする調整役として力を発揮できます。共通の夢を持つ仲間との対話は、日々の生活に前向きな活力とモチベーションを与えてくれます。

　中頃から月後半にかけては、蠍座へ天体が移ることで、大勢での交流から気の置けないコアメンバーとの濃密な作戦会議へとシフトします。月末頃には、これまでに交わしたアイデアを整理し、実行可能な具体的なスケジュール表へと落とし込む作業が効果的です。理想論だけで終わらせず、現実的な一歩を踏み出しましょう。

　今月は、仲間と共に知恵を絞り、希望ある未来の青写真を描くことが大きな充実感をもたらします。温かな友情と知的な刺激を大切にしながら、活気に満ちた素晴らしい時間を共有していきましょう。",友人やグループのメンバーに新しいアイデアやイベントの提案を投げかけ、気軽に意見を出し合ってみましょう。話し合った内容は共有ドキュメントに簡潔にまとめて周知し、週末は仲間と前向きな将来の展望について語り合う時間を設けましょう。フラットな交流が新しい可能性を開きます。
2026_LIBRA,3,12,静かな思索と日記の執筆を通じて内面を整理する,慌ただしい情報環境から離れ、静かな空間で自らの思考や感情を丁寧に言語化する月です。読書や日記執筆に親しみ内省を深めることで、頭の中のノイズが静まり、本来の直観力と心の落ち着きを取り戻せます。,"　外に向かって発信するよりも、自分の内側にある繊細な感情や思考を静かに書き留めて整理する時期です。日常の過剰な情報や連絡から一時的に距離を置き、静かな部屋でノートに向き合う時間を作りましょう。言葉にならない感情を丁寧にすくい上げることで、心の奥にあるわだかまりが穏やかに解きほぐされていきます。

　日々の生活においては、就寝前の日記執筆や哲学書・随筆の読書、一人で落ち着いて過ごす時間として具体化します。無理に周囲へ自分の近況を報告したり、SNSの反応を追いかけたりする必要はありません。自分が本当に思っていることや直感したことをありのままメモに残す姿勢が、内なる調和を保つ何よりの支えとなります。心静かな時間を大切に守りましょう。

　月後半を迎えると、蠍座に天体が集まり、過去の経験に対する深い洞察や心理的な気づきが得られやすくなります。書き溜めたノートを静かに読み返すことで、これまでの歩みの意味を穏やかに納得し、次の活動に向けた気力を養うことができます。

　今月は、言葉の力を内省のために役立て、心の中に静寂の拠点を作ることが大切なテーマとなります。自分自身との静かな対話を慈しみ、落ち着いた日々を過ごしていきましょう。",就寝前にスマートフォンの画面を伏せ、その日に感じたことや気になった言葉を手帳に数行書き留めてみましょう。静かな読書時間を意識的に確保し、頭の中の雑音を減らすことで、思考の落ち着きと内なる調和を深める充実したひとときを育む大きな助けとなります。
2026_LIBRA,4,1,自分自身の心の拠り所を整えて生活の土台を固める,自分の本音や居場所に対する安心感を最優先にし、私生活の土台を整える月です。外向きの活動だけでなく家の中やプライベートな空間を心地よく手入れすることで、揺るぎない自己信頼と健やかな生活のリズムが確立されます。,"　天秤座の季節に入り、自分自身の本拠地やプライベートな居場所のあり方に光が当たる月です。月前半は、部屋の模様替えや生活動線の見直しを進め、自分自身が最もくつろげる環境を整えるのに好適なタイミングです。周囲の期待に応えようと外で無理を重ねるより、家の中で自分らしくリセットできる空間を確保することが精神的な安定につながります。

　この動きは、日常生活においてはあなた自身の気分や生活習慣の安定感、主体的な住まいづくりの手応えとして実感されます。誰かの意見に合わせるのではなく、「自分が心から落ち着けるか」を基準にして家具の配置や日々の過ごし方を選ぶことで、ブレない心の軸が育ちます。帰宅後の時間を丁寧に過ごし、心身の緊張を解きほぐす習慣を大切にしましょう。

　中頃から月後半にかけては、蠍座へ天体が集まり、家族のルーツや過去の感情の清算といった深いテーマへと意識が向かいます。月末頃には、昔の思い出の品や保管書類を整理し、不要になった執着を手放す作業がスムーズに進むでしょう。焦って外側の人間関係を広げるより、足元の私生活を静かに充実させることが大きな力となります。

　今月は、自分自身の足元を温かく整え、安心できる拠点を守ることが何よりの幸運をもたらします。心地よい居場所を手入れしながら、穏やかで満ち足りた日々を紡いでいきましょう。",自分の部屋やプライベートスペースの整理整頓を行い、心からリラックスできるお気に入りの一角を整えてみましょう。夜は早めに入浴して一人の時間をゆったりと味わい、週末は自炊や部屋の掃除を通じて生活のリズムを丁寧に整えましょう。足元の居場所を整えることが安心感を育てます。
2026_LIBRA,4,2,住まいにかける費用と生活資源のバランスを整える,住環境の整備や家財の維持管理に必要な予算を冷静に見つめ直し、安心できる生活基盤を築く月です。目先の贅沢を控えつつ住まいの快適性や防災に資源を配分することで、将来にわたる確かな安心感が形作られます。,"　手元の経済的なリソースを、住環境の向上や家庭生活の基盤強化へと注ぎ込む時期です。月前半は、住居費や光熱費、日用品の購入予算を細かく見直し、無理のない安定した家計バランスを整えるのに最適です。外食や衝動買いを減らし、長く暮らす家の手入れや生活必需品の充実に費用を充てることが、生活全体の安心感を大きく高めます。

　この影響は、日常生活においては家具や家電の買い替え検討、食材のまとめ買いや保存食の備蓄として具体化します。安さだけで妥協せず、耐久性があり生活の質を底上げしてくれる良質なアイテムを厳選する姿勢が賢明です。手元にある家財道具を丁寧に手入れして長く愛用することも、手堅い生活防衛の知恵となります。

　中頃から月後半に入ると、蠍座に天体が集中し、不動産や家族の共有財産に関する深い見直しが進みます。月末頃にかけては、住宅関連の保険内容やローンの返済計画を再点検し、現状の生活設計に適合しているかを確認する作業が有効です。短期的な損得にとらわれず、家族全員が安心して暮らせる長期的な基盤を固めましょう。

　今月は、住まいと家計の調和を丁寧に整え、生活の土台を堅実に支えることが大切なテーマとなります。手元のリソースを賢く活かし、心地よく落ち着ける暮らしを築いていきましょう。",住居費や光熱費の明細を確認し、家庭内で削減できる固定費がないか落ち着いて見直してみましょう。防災備蓄品や日用品のストックを点検して必要なものを補充し、週末は家具のメンテナンスや拭き掃除を行って住まいを整えましょう。堅実な手入れが暮らしの安定を支えます。
2026_LIBRA,4,3,家族や近隣との日常的な連絡を丁寧にして安心を守る,身近な家族や近隣住民とのコミュニケーションを密にし、生活の安全と安心感を高める月です。連絡事項を曖昧にせず言葉にして共有することで、行き違いが防がれ日々の暮らしに温かな連帯感が生まれます。,"　日々の情報伝達や身近なネットワークが、住環境や家族の安心を守るために活用される時期です。月前半は、家庭内の連絡帳やカレンダーを整え、お互いの予定や買い出しの分担をこまめに共有するのに好適です。何気ない日常の会話を大切にし、困りごとがあれば気軽に相談し合える雰囲気を作ることが大切です。

　この動きは、日常生活においては家族間のメッセージのやり取りや近所付き合い、地域情報のチェックとして現れます。住んでいる地域の安全情報やゴミ出しのルール、近隣での催しに関心を持つことで、地域社会との良好な共存関係が築かれます。身近な移動手段や通勤通学ルートの安全性を再確認することも有益です。

　中頃から月後半にかけては、蠍座へ天体が移ることで、家族の深い歴史や実家の事情に関する突っ込んだ対話へと発展します。月末頃には、過去に交わした家族間の約束や共有事項を再確認し、お互いの本音を尊重しながらルールを更新するプロセスが効果的です。感情的な決めつけを避け、落ち着いた対話を重ねましょう。

　今月は、身近な人々との誠実な言葉のやり取りを通じて安心できる生活環境を整えることが幸運を呼びます。日々の連絡を丁寧に積み重ね、温もりある居場所を育んでいきましょう。",家族や同居人との間で今月の予定表や買い出しリストを共有し、連絡の行き違いを防ぐ工夫をしましょう。近隣の安全情報や自治体の広報をチェックして身の回りの環境を確認し、週末は家族や親しい身内へ近況伺いの連絡を入れてみましょう。丁寧な会話が生活の安心を守ります。
2026_LIBRA,4,4,住環境の徹底した清掃と手入れで心の安らぎを取り戻す,私生活の拠点である住まいを徹底的に手入れし、深い心の休息と家族の調和を育む月です。不要な物を片付けて居心地の良い空間を作ることで、日々の疲れが癒やされ心身ともにエネルギーが満ちてきます。,"　家庭環境や住まいの改善に全エネルギーを注ぎ、人生の根幹となる安心感を再構築する時期です。月前半は、大掃除や不用品の処分、部屋のレイアウト変更などを集中的に進め、家全体を心地よいパワースポットへと整えるのに最適です。外での活動を少しセーブし、家族と共に過ごす時間やくつろぎのひとときを最優先にしましょう。

　この影響は、日常生活においてはリビングの快適さや寝具の手入れ、家庭料理の温もりとして深く実感されます。長年放置していた箇所の修繕や換気をこまめに行うことで、家全体の空気感が清々しく生まれ変わります。家族それぞれのプライベートな領域も尊重し、お互いが干渉しすぎない程よい距離感を保つことが円満の秘訣です。

　中頃から月後半に入ると、蠍座に天体が集中し、先祖から受け継いだ家財や住まいの歴史に向き合う流れとなります。月末頃にかけては、押し入れの奥にあるアルバムや古い書類を整理し、自分自身のルーツに対する感謝の気持ちを深める作業が心の癒やしをもたらします。過去にとらわれず、今ある家庭の温かさを慈しみましょう。

　今月は、自らの原点である住まいを大切に手入れし、心の土台を強固にすることが人生全体の運気を支えます。心地よい空間で心身を休め、穏やかで幸福な毎日を過ごしていきましょう。",部屋の不用品を仕分けして大掃除を行い、クローゼットや水回りを清潔に磨き上げて快適な空間を作りましょう。家族と囲む食事の時間をゆっくり楽しむ工夫をし、週末は寝具の洗濯や換気を行って部屋の空気を一新させましょう。住まいの手入れが心に深い安らぎをもたらします。
2026_LIBRA,4,5,家の中で楽しめる趣味や創作活動を取り入れて楽しむ,自宅で楽しめるインドアの趣味やクリエイティブな活動を通じて、私生活に豊かな喜びを取り入れる月です。家族や親しい人と楽しい時間を共有することで、日々の暮らしに笑顔と明るい活気が広がります。,"　自己表現や遊びのワクワク感を、家庭環境やプライベートな空間の中で存分に発揮する時期です。月前半は、自宅でできる料理やお菓子作り、ハンドメイドの制作や映画鑑賞など、インドアのレジャーを充実させるのに好適です。外出しなくても、自分自身の工夫次第で家の中を楽しいエンターテインメント空間へと変えることができます。

　この動きは、日常生活においては家族や友人とのホームパーティー、季節の飾り付け、趣味の部屋づくりとして具体化します。子どもの頃に好きだった遊びを再開したり、絵画や音楽を部屋に取り入れたりすることで、感性が豊かに刺激されます。家族と一緒に笑い合える時間を積極的に作る姿勢が、家庭内の雰囲気を明るく照らします。

　中頃から月後半にかけては、蠍座へ天体が集まることで、気晴らしの遊びから本格的な作品作りや情熱を注ぐ趣味へと深化します。月末頃には、自宅での創作スペースを整え、じっくりと時間をかけて一つの作品を完成させる作業が充実感を生み出します。一時的な流行に左右されず、自分が本当に愛せる世界に没頭しましょう。

　今月は、住まいの中で純粋な喜びを育み、温かな創造性を発揮することが心を満たします。家族や親しい人と楽しい思い出を共有しながら、心豊かな毎日を紡いでいきましょう。",自宅で楽しめる新しい料理のレシピやハンドメイドのクラフトに挑戦し、家族や友人に振る舞ってみましょう。部屋にお気に入りのアートや季節の植物を飾り、週末は好きな映画や音楽を鑑賞してリラックスした時間を過ごしましょう。おうち時間の充実が日々の活力を高めます。
2026_LIBRA,4,6,家事の動線や生活ルーティンを見直して負担を減らす,日々の家事手順や健康管理の仕組みを効率化し、家庭生活の負担を根本から軽減する月です。無駄な労力を省く便利家電や収納術を取り入れることで、生活動線がスムーズになり心身のゆとりと安心感が生まれます。,"　実務的な改善力や衛生管理の意識を、住環境や日々の家庭ルーティンへと注ぎ込む時期です。月前半は、キッチンや洗濯場の動線を見直し、家事にかかる時間を短縮するための収納アイデアや便利グッズを導入するのに最適です。毎日繰り返す作業のストレスを一つずつ減らしていくことが、家族全員の健康と笑顔を守る土台となります。

　この影響は、日常生活においては冷蔵庫の食材管理や掃除のルーティン化、日々の体調に合わせた食事づくりとして現れます。栄養バランスの良い家庭料理を工夫し、家族の体調管理をサポートすることが家庭の安心感を高めます。自分一人で家事を抱え込まず、家族で役割を分担するルールを整えることも大切です。

　中頃から月後半に入ると、蠍座に天体が集中し、住まいの衛生環境や生活習慣の根本的な見直しへと意識が深まります。月末頃にかけては、水回りの徹底清掃や換気扇の手入れ、寝具の除菌など、目に見えない箇所のメンテナンスを進める好機です。無理のない持続可能な家事スケジュールを確立しましょう。

　今月は、生活の細部を丁寧に整え、清潔で機能的な家庭環境を築くことが長期的な健康と安心をもたらします。整ったルーティンを味方につけ、快適で軽やかな暮らしを実現していきましょう。",キッチンや洗面所の収納を見直して家事動線をスムーズにし、不要な作業を減らす工夫をしてみましょう。常備菜の作り置きや食材の整理で日々の調理を効率化し、週末は水回りの念入りな清掃を行って清潔な環境を保ちましょう。機能的な生活空間が日々のゆとりを生み出します。
2026_LIBRA,4,7,住まいや家庭の運営においてパートナーと対等に協力する,パートナーや同居人との間で家庭内の役割分担を話し合い、公平な協力関係を築く月です。互いの生活習慣を尊重し合いながら対話を重ねることで、家庭内のストレスが解消され深い信頼関係が育まれます。,"　一対一のパートナーシップを、家庭生活の共同運営や住まいの調和において発揮する時期です。月前半は、家事の分担割合や休日の過ごし方についてパートナーと穏やかに話し合い、お互いに無理のない公平なルールを整えるのに適しています。不満を我慢して溜め込むのではなく、具体的な希望を素直に言葉にして伝え合うことが大切です。

　この動きは、日常生活においては住まいの模様替えの相談や家具の選定、家庭内のルール作りとして具体化します。お互いの生活リズムの違いを否定するのではなく、どうすれば双方が心地よく共存できるかを模索する柔軟な姿勢が求められます。相手のパーソナルスペースを尊重する配慮が、家庭内の調和を保つ鍵となります。

　中頃から月後半にかけては、蠍座へ天体が移ることで、将来の住居計画や家族としての長期的な絆に関する深い対話へと進展します。月末頃には、お互いの実家との付き合い方や将来の生活設計についてじっくり話し合い、認識を一致させるプロセスが有効です。急な結論を急がず、対話を重ねて相互理解を深めましょう。

　今月は、パートナーと力を合わせて温かな家庭環境を築くことが大きな精神的支えとなります。対等で思いやりのある関係を育みながら、安心できる居場所を二人で育てていきましょう。",パートナーや同居人と家事の分担や生活費の出し合いについて話し合い、お互いが納得できる分担表を作りましょう。住まいの改善案についてお互いの意見を出し合って合意を形成し、週末は二人で協力して部屋の模様替えを進めましょう。公平な協力が家庭の調和を守ります。
2026_LIBRA,4,8,家族の共有財産や住まいの権利関係を整理して安心を固める,不動産や遺産、家族の保険など深い家庭の資産テーマに向き合い、基盤を整える月です。複雑な権利関係や未解決の事項を誠実に整理することで、家族間の不安が解消され将来への安心感が確立されます。,"　家庭や住まいに関する深い共有資産、あるいは先祖から受け継いだ不動産や権利関係に向き合う時期です。月前半は、住宅ローンの条件確認や固定資産税、火災保険の補償内容などを冷静にチェックし、万全の管理体制へと整えるのに好適です。家族間で曖昧になっていた金銭の貸し借りや名義の確認も、この機会に整理しておきましょう。

　この影響は、日常生活においては実家の片付けや重要書類の保管場所の確認、家族信託の検討などとして現れます。感情的な対立を避け、客観的な事実と法的・制度的なルールに基づいて淡々と手続きを進める姿勢が大切です。家族の歴史や過去の出来事に対しても、偏見を持たずに受け止める寛容さが求められます。

　中頃から月後半に入ると、蠍座に天体が集中し、家族間の心理的なわだかまりの解消や資産の適正な再配分が加速します。月末頃にかけては、専門家への相談や関係者会議を開き、将来の相続や住まいの継承に関する具体的な方針を合意する好機です。透明性の高い話し合いが家族の絆を守ります。

　今月は、家庭の根幹にある重要課題をすっきりと整理し、盤石な安心基盤を築くことが大きな成果をもたらします。誠実な対話を積み重ねて心の負担を解消し、前向きな日々を過ごしていきましょう。",住まいに関する契約書や保険証券、権利関係の書類をひとまとめにファイリングして保管状況を確認しましょう。家族間で気になっていた資産や不動産の管理について落ち着いて話し合い、週末は実家や自宅の重要書類の棚卸しを行いましょう。明確な整理が将来の安心を生みます。
2026_LIBRA,4,9,広い視野と教養を取り入れて住まいの空間を豊かにする,住まいや家族の暮らしに新しい文化や学びの風を取り入れ、知的で居心地の良い空間を整える月です。広い視点から家庭環境を見直すことで、日々の生活に心地よいゆとりが生まれ、足元から前向きな活力が満ちてきます。,"　日々の生活拠点や家庭の空間に、広い世界の文化や知的な要素を心地よく取り入れていく時期です。部屋のレイアウトを工夫して読書コーナーを設けたり、異国の文化を感じるインテリアや料理を楽しんだりして、住まいの居心地を豊かに高めていきましょう。家庭を単なる休息の場にとどめず、精神的な成長を支える拠点として整えることが大切です。

　実際の暮らしにおいては、家庭内での学習スペースの確保や、遠方の親族・知人との連絡、住まいに関する書籍の精読といった場面で現れます。目先の生活習慣だけに縛られず、大らかな視野で家族や同居人と接することで、日常の些細な摩擦を穏やかに受け流すことができます。お互いの趣味や学びの時間を尊重し合えるルールを整えましょう。

　月後半に入ると、蠍座に天体が集中し、住まいの設備メンテナンスや家族とのより深い将来計画の検討へと意識が向かいます。将来の生活設計や住環境の維持管理について、落ち着いたトーンで話し合いを進めていきましょう。

　今月は、住まいに豊かな知恵と風通しの良さを迎え入れ、心安らぐ居場所を育むことが日々の活力を支えます。身近な拠点を温かく手入れしながら、充実した毎日を過ごしていきましょう。",リビングや書斎の片隅に読書や勉強専用のスペースを整え、お気に入りの本や実用書を並べてみましょう。家族や親しい人と旅の思い出や今後の計画について穏やかに語り合い、日々の生活空間を心地よく手入れすることが心の豊かさと確かな安心感をしっかりと支えます。
2026_LIBRA,4,10,公私のメリハリを整えて安定した生活の土台を築く,仕事の責任と家庭生活のバランスを丁寧に見直し、双方を支える健全な境界線を整える月です。私生活の安心できる拠点をしっかりと守ることで、社会的な役割に向き合うための集中力と持続可能な体力が養われます。,"　社会的な仕事や公の役割を安定して果たし続けるために、まず足元の家庭環境と生活基盤を丁寧に整え直す時期です。仕事の疲れやプレッシャーをそのまま家庭に持ち込んでいないか、あるいは私生活の乱れが業務に影響していないかを冷静に振り返りましょう。公と私の境界線を適切に保つことが、双方を健全に長続きさせる秘訣です。

　日々の生活においては、在宅勤務の作業環境の整理や、仕事の終了時間を決めて家族との時間を守る工夫として実感されます。職場で引き受けた責任を果たすためにも、自宅は心からリラックスして緊張を解ける場所に保ちましょう。家族や身近な人に対して日頃の支えへの感謝を伝え、家庭内の役割分担を無理のない形に調整することが大切です。

　月後半を迎えると、蠍座へ天体が集まり、中長期的なキャリアプランとライフスタイルの調和について真剣に考える機会が増えます。家族との将来の生活設計を共有し、仕事と生活の持続可能なリズムを確立していきましょう。足元の安心を固めることが大切です。

　今月は、安心できる家庭の基盤をしっかりと守ることが社会的な活動を支える大きな力となります。身近な生活環境を大切に整え、落ち着いた歩みを進めていきましょう。",仕事の終業時間を意識して帰宅後の私生活とのメリハリをつけ、デスク周りの不要な書類をきれいに片付けてみましょう。家族や身近な人に日頃の感謝を一言伝え、家庭内でゆっくりくつろげる時間を確保することが、日々の活力と集中力を守る大切な生活基盤となります。
2026_LIBRA,4,11,友人や仲間を自宅に招き温かな交流の輪を広げる,気心の知れた友人や志を同じくする仲間とプライベートな空間で集い、温かな絆を深める月です。アットホームな交流を通じて未来の希望や夢を語り合うことで、心強い安心感と前向きな活力が得られます。,"　住まいの空間や私生活の拠点を、大切な友人やコミュニティの仲間との温かな交流の場として開く時期です。月前半は、親しい仲間を自宅に招いてのお茶会や少人数の食事会を企画し、リラックスした雰囲気の中で語り合うのに最適です。形式ばった付き合いではなく、素顔のままで打ち解け合えるアットホームな場を作ることが大切です。

　この動きは、日常生活においては持ち寄りパーティーの開催や共通の趣味の集まり、インテリアの工夫として現れます。自分の居場所を他者と分かち合うことで、生活空間に新しい風が吹き込み、明るい活気が満ちてきます。仲間にとっても、あなたの家が心休まるオアシスのような存在となるでしょう。

　中頃から月後半にかけては、蠍座へ天体が移ることで、大勢での集まりから本当に心を許せる少数の親友との濃密な語らいへと移行します。月末頃には、昔からの友人や深い絆を持つ仲間とこれからの将来設計について語り合い、お互いの夢を応援し合うプロセスが大きな力となります。心温まる友情を大切に育みましょう。

　今月は、住まいに温かな友情の光を迎え入れ、心地よいコミュニティを育むことが日々の幸福感を高めます。仲間との絆に感謝しながら、希望あふれる充実した時間を過ごしていきましょう。",親しい友人やサークルの仲間を招く小さなお茶会を計画し、居心地の良いリビングを整えてみましょう。手作りの軽食やお気に入りの飲み物を用意して楽しい対話を楽しみ、週末は仲間と将来の夢についてゆったり語り合いましょう。アットホームな交流が心の絆を深めます。
2026_LIBRA,4,12,住まいで静かな休息を確保し心身の深層を優しく癒やす,自宅を安心できる静かな隠れ家として整え、日々の緊張や疲労を穏やかに解き放つ月です。一人で静かにくつろぐ時間を大切にすることで、心身のバランスが自然と回復し、内側から穏やかな活力が蘇ってきます。,"　外の世界の喧騒から離れ、自分の住まいを安心できる静かな聖域として整える時期です。予定を無理に詰め込まず、自宅で一人静かに過ごす時間を優先して確保しましょう。心地よい照明や音楽を取り入れ、心身が深くリラックスできる環境を手入れすることが、日々の活動で消耗したエネルギーを優しく補給してくれます。

　日々の暮らしの中では、入浴時間をゆっくり楽しんだり、就寝前のストレッチや静かな読書に親しんだりする場面として現れます。無理に外出したり人に合わせたりすることを控え、自宅の居心地を最優先にする選択が心を守ります。心の奥底にある感情や疲労を否定せず、穏やかに休ませてあげる姿勢を大切にしましょう。日々の休息が大切です。

　月後半に入ると、蠍座に天体が集中し、感情の整理や睡眠環境の改善がスムーズに進みやすくなります。寝具の手入れや部屋の不要品の処分を進め、深層から安心できる生活空間へと磨き上げていきましょう。静けさの中で心を整えることが回復を助けます。

　今月は、家庭の中で静けさを慈しみ、心身をじっくり休めることが何よりの活力の源泉となります。自分自身を優しく労りながら、穏やかで落ち着いた日々を過ごしていきましょう。",寝室の照明を落として心地よい音楽をかけ、就寝前の時間を静かに過ごす習慣を作ってみましょう。休日は予定を入れずに自宅で身体を休める時間を確保し、部屋の片付けや換気を行って空気を入れ替えることが、深い安らぎと健やかな活力を育む大切な土台となります。
2026_LIBRA,5,1,自分らしい感性を堂々と表現し純粋な情熱を燃やす,自らの個性やクリエイティブな魅力を前面に出し、人生を楽しむ主体性を発揮する月です。他者の目を気にしすぎず自分が心からワクワクする活動に没頭することで、本来の輝きが引き出され周囲にも明るい活気と前向きな影響を与えます。,"　天秤座の季節を迎え、自分自身の個性やクリエイティブな才能を堂々と解き放つ素晴らしいタイミングです。月前半は、趣味の制作やアート活動、自己アピールの場面において、自分らしい美意識やスタイルを積極的に打ち出していくのに適しています。周囲に遠慮して個性を抑え込むのではなく、素直な自己表現を楽しむ姿勢が魅力となります。

　この動きは、日常生活においてはファッションの工夫や趣味の追求、自由なアイデアの発信として力強く実感されます。自分が心から面白いと感じることに素直に従うことで、日常のあらゆる場面に生き生きとした活力が宿ります。恋愛や好きな対象との関わりにおいても、駆け引きをするより率直に好意や感動を伝えることが好転を呼びます。

　中頃から月後半にかけては、蠍座へ天体が集まり、金星の逆行も重なることで、単なる気晴らしから魂を込めた本気の創作や深い愛情表現へと移行します。月末頃には、過去に制作した作品や温めていた企画をじっくり推敲し、より完成度の高いものへと磨き上げる作業が充実感をもたらします。一時的な称賛を追うのではなく、心から納得できる表現を追求しましょう。

　今月は、自らの情熱と創造力を信じ、人生を華やかに楽しむことが何よりの活力となります。自分らしい感性を大切に育みながら、心躍る喜びに満ちた日々を謳歌していきましょう。",自分の好きな色やデザインを取り入れた服装を選び、個性を活かした自己表現を楽しんでみましょう。興味のある創作活動や趣味に集中する時間を毎週しっかり確保し、週末は感動した作品の感想を素直な言葉で発信してみましょう。堂々とした表現が魅力を引き出します。
2026_LIBRA,5,2,自らの特技や趣味を磨き実生活での価値へと育てる,自分が得意な技術や好きな創作活動を丁寧に磨き、手応えある成果へと高めていく月です。感性を活かした工夫を日々の暮らしや手元の活動に取り入れることで、精神的な充実感と確かな自己肯定感が培われます。,"　創造的な喜びや自己表現のエネルギーを、自分自身のスキル向上や目に見える形づくりへと注ぎ込む時期です。月前半は、ハンドメイドの制作や料理、趣味の技術習得など、手を動かして具体的な作品を生み出す活動に最適です。自分の感性を形にする過程を通じて、自分の中に眠る才能やリソースの豊かさを実感できるでしょう。

　この影響は、日常生活においては趣味の道具選びやこだわりの品の手入れ、作品の完成度へのこだわりとして具体化します。無駄な浪費を重ねるのではなく、質の高い素材や愛着の持てる道具に投資することが、制作のモチベーションを一段と高めます。自分の作ったものや発揮した才能に対して、正当な自信と誇りを持つことが大切です。

　中頃から月後半に入ると、蠍座に天体が集中し、趣味や特技をより専門的・本格的なレベルへと深める流れとなります。月末頃にかけては、これまでに生み出した作品や習得した技術を客観的に棚卸しし、さらに洗練させるための練習に打ち込む好機です。妥協のないこだわりが、あなただけの独自性を際立たせます。

　今月は、好きなことにじっくりと向き合い、手仕事や特技の価値を育むことが生活に豊かな深みを与えます。手元の才能を慈しみながら、心満たされる充実した時間を紡いでいきましょう。",得意な趣味や創作活動のための道具を丁寧にメンテナンスし、新しい作品づくりに着手してみましょう。日々の小さな工夫や手作りの成果を写真やノートに記録し、週末はお気に入りのカフェや展示会で感性を磨きましょう。手元の才能を磨くことが自信につながります。
2026_LIBRA,5,3,言葉やアイデアの面白さを活かして軽やかに発信する,軽やかなユーモアやクリエイティブな発想を活かし、身近な人々を楽しませる対話を広げる月です。遊び心を取り入れた文章や発信を心がけることで、知的な刺激が生まれ周囲とのコミュニケーションが一段と盛り上がります。,"　知的な好奇心と表現意欲が融合し、言葉を使ったクリエイティブなコミュニケーションが花開く時期です。月前半は、ブログやSNSでのユニークな情報発信、面白い企画の立案、友人との軽快な会話を楽しむのに好適です。堅苦しい理屈を並べるのではなく、ウィットに富んだ表現や楽しいエピソードを交えることで、人々の関心を惹きつけることができます。

　この動きは、日常生活においてはメッセージのやり取りの活発さや、言葉遊び、短編小説やエッセイの執筆として実感されます。身近な街の散策やイベントへの参加を通じて、日常の何気ない風景から創作の種を見つけ出す観察眼が冴え渡ります。近しい友人や趣味仲間との気軽なおしゃべりからも、斬新なインスピレーションが次々と湧き出します。

　中頃から月後半にかけては、蠍座へ天体が移ることで、軽妙なトークから一つのテーマを深く追求する濃密な言葉の探究へとシフトします。月末頃には、書き溜めた文章や企画のメモをじっくりと読み返し、メッセージの核心を際立たせる推敲作業が効果的です。言葉の力を信じ、伝えたいメッセージを誠実に研ぎ澄ましましょう。

　今月は、言葉を自由に操り、日々の対話に遊び心を取り入れることが生活を明るく輝かせます。知的なワクワク感を分かち合いながら、笑顔あふれる楽しい日々を過ごしていきましょう。",日常の面白い出来事や感動した体験を短いエッセイやメッセージにまとめ、親しい友人やSNSで共有してみましょう。言葉遊びやクイズなど知的なゲームを生活に取り入れ、週末は文芸やエンタメに関する本を読んで発想を広げましょう。ユーモアある発信が場を和ませます。
2026_LIBRA,5,4,家庭や住まいをクリエイティブに彩り家族と楽しむ,住空間を自分好みの演出で楽しく飾り付け、私生活の中で純粋な遊び心を育む月です。家族や身近な人とアットホームなレジャーや団らんを共有することで、家庭内に温かな笑顔と安心感が満ちてきます。,"　創造性や情熱のエネルギーが、住まいの演出や家族との団らんへと注がれる時期です。月前半は、お部屋のデコレーションや季節の飾り付け、家族で楽しむホームパーティーの企画などに最適です。外に出かけなくても、家庭という安心できる拠点の中で思い切り遊び心を発揮し、温かな思い出を作ることができます。

　この影響は、日常生活においては料理の盛り付けの工夫や家族とのゲーム、自宅での映画鑑賞会として現れます。子どもの頃のような無邪気な気持ちを取り戻し、家族や同居人と一緒に笑い合える時間を増やすことが、心の底からの癒やしとなります。住まいを自分の感性で心地よく彩ることで、帰宅するのが待ち遠しくなるでしょう。

　中頃から月後半に入ると、蠍座に天体が集中し、家族の歴史を振り返るアルバム作りや思い出の品の整理へと関心が深まります。月末頃にかけては、家族それぞれの好きなことや情熱を尊重し合い、プライベートな楽しみを支え合うルールを整える好機です。住まいの温もりを大切に育みましょう。

　今月は、家庭の中に豊かな遊び心と創造の灯をともすことが生活全体の幸福感を高めます。身近な人々と心からの笑顔を分かち合いながら、温かく充実した日々を築いていきましょう。",部屋に季節の花や好みのインテリア小物を飾り、リビングを華やかで楽しい雰囲気に整えてみましょう。家族や親しい人と一緒に楽しむ特別な家庭料理やおやつを作り、週末はおうち時間を充実させるゲームや映画を楽しみましょう。家庭内の遊び心が絆を深めます。
2026_LIBRA,5,5,素直な情熱と遊び心を活かして独自の表現に打ち込む,自らの心から湧き上がる創作意欲や趣味の楽しさに没頭し、自分らしい表現を純粋に味わう月です。他者の評価を気にしすぎず好きなことに情熱を注ぐことで、日々の暮らしに生き生きとした活気と確かな手応えが満ちてきます。,"　自分自身のクリエイティブな感性や趣味の情熱に素直に従い、表現する喜びを存分に味わう時期です。以前から取り組んでみたかった作品作りや趣味の活動に少しずつ時間をあて、形にしていく楽しみを深めていきましょう。誰かの評価を意識しすぎるのではなく、自分自身が作っていて楽しいと感じる感覚を何よりも大切にしてください。

　毎日の生活においては、イラストや手芸の制作、音楽の演奏、自分らしいレジャーの計画といった場面で実感されます。自らの感性を惜しみなく表現する姿勢が、生活全体に明るい活力をもたらします。ただし、独りよがりになりすぎないよう、周囲と楽しさを分かち合う寛大さを持つことで、より心地よい充実感が得られます。創作の過程を楽しみましょう。

　月後半を迎えると、蠍座へ天体が集まり、一つのテーマや作品に対するより深いこだわりと集中力が高まります。これまでに制作したものを細部まで丁寧に仕上げ、納得のいく形へと完成度を高めていくプロセスが大きな喜びをもたらします。

　今月は、自分自身の創造力を信じて純粋に楽しむことが日々の輝きを支えます。遊び心を大切にしながら、前向きで充実した毎日を紡いでいきましょう。",やってみたかった趣味や制作活動のための時間を毎日少しずつ確保し、手元のノートや素材に向き合ってみましょう。出来上がったものを親しい人に見せて感想を聞き、自分らしい表現を楽しむ工夫を重ねることが、日々の生活に前向きな活力を運ぶ契機となります。
2026_LIBRA,5,6,日々の実務や健康管理に遊び心と工夫を取り入れる,毎日のルーティンワークや体調管理にクリエイティブなアイデアを取り入れ、楽しく継続する月です。義務感をワクワクする工夫へと転換することで、作業効率が向上し心身ともに軽やかな活力が満ちてきます。,"　創造的なひらめきや遊びの感覚を、日々の実務環境や健康維持のルーティンへと活かす時期です。月前半は、単調になりがちな作業手順をゲーム感覚でタイムアタックしてみたり、健康的な食事を美しく盛り付けたりする工夫が効果的です。義務感だけでこなすのではなく、「どうすればもっと楽しくなるか」を考えることで、日々の労働が喜びに変わります。

　この影響は、日常生活においては文房具や仕事着のコーディネート、フィットネスのメニュー作りとして実感されます。自分の身体をメンテナンスすること自体を楽しみ、良質な睡眠やリフレッシュ法を意欲的に試す姿勢が健康を底上げします。職場の同僚に対しても明るい声かけを心がけることで、チーム全体の雰囲気が和らぎます。

　中頃から月後半に入ると、蠍座に天体が集中し、体質改善や実務スキルの抜本的なブラッシュアップへと意識が深まります。月末頃にかけては、これまでの健康管理法や作業手順の成果を振り返り、より自分に合ったスタイルへと洗練させる好機です。ストイックになりすぎず、楽しむゆとりを忘れないようにしましょう。

　今月は、日々の暮らしや仕事の中に自分らしいクリエイティビティを散りばめることが大きな成果を生みます。軽快なリズムを保ちながら、健やかで楽しいワークライフを整えていきましょう。",仕事や日課のタスクを楽しくこなすためのチェックシートやカラフルな文具を導入してみましょう。楽しみながら続けられる新しいストレッチや運動メニューを取り入れ、週末はお気に入りのウェアで散歩や軽い運動を楽しみましょう。工夫と遊び心が日々の実務を支えます。
2026_LIBRA,5,7,パートナーと共に楽しい体験や趣味を共有する,大切な相手や協業パートナーと一緒にレジャーや趣味を楽しみ、関係性を華やかに深める月です。お互いの感性を尊重し合いながら感動を分かち合うことで、絆が一段と強まり日々の暮らしに豊かな彩りが加わります。,"　創造的な情熱や喜びのエネルギーが、パートナーシップや対人関係の活性化へと向けられる時期です。月前半は、パートナーとのデートやレジャーの計画を立てたり、共同での創作活動やイベント参加を楽しんだりするのに最適です。形式的な付き合いから一歩進み、二人で心から笑い合えるエンターテインメントの時間を共有しましょう。

　この動きは、日常生活においては共通の趣味の開拓や、お互いへのプレゼント選び、お洒落な場所へのお出かけとして具体化します。相手の個性や才能を素直に褒め称え、お互いの長所を引き出し合う関係性を目指すことが大切です。ビジネスや対外的な活動においても、魅力的なパートナーシップが周囲の注目を集める力となります。

　中頃から月後半にかけては、蠍座へ天体が移ることで、楽しさを共有する関係から深く魂を結びつける真剣な絆へと深化します。月末頃には、お互いが本当に求めている愛情や将来のビジョンについて率直に語り合い、関係性の基盤を再確認するプロセスが有効です。照れずに本音の好意を伝え合いましょう。

　今月は、他者と共に人生の喜びを分かち合い、愛と創造の光を広げることが大きな幸せをもたらします。温かな思いやりを胸に、二人で輝く素晴らしい時間を紡いでいきましょう。",パートナーや親しい友人と一緒に楽しめるコンサートや展示会、特別なレジャーの計画を立ててみましょう。日頃の感謝とお気に入りの気持ちを小さなメッセージやギフトで伝え、週末は素敵なレストランや景色の良い場所を訪れましょう。楽しい体験の共有が絆を深めます。
2026_LIBRA,5,8,深い絆の中で情熱を分かち合い魂の変容を体験する,特定の大切な相手や専門的な探究テーマに深い情熱を注ぎ、本質的な自己変革を遂げる月です。表面的な遊びを超えて心を開き合うことで、心理的なわだかまりが解消され揺るぎない信頼と活力が湧いてきます。,"　自己表現や情熱のエネルギーが、他者との深い心理的融合や共有関係の深まりへと向かう時期です。月前半は、信頼できる相手と胸の内にある熱い思いや秘密の夢を語り合い、特別な絆を確かめ合うのに好適なタイミングです。心の一部を他者に預ける勇気を持つことで、孤独感が癒やされ、自分一人では到達できない豊かな体験が開かれます。

　この影響は、日常生活においては集中した研究活動や心理学・神秘主義への関心、パートナーとの深い親密さとして現れます。表面的な社交に時間を使うより、本当に心を許せる対象にエネルギーを集中させることが精神的な満足をもたらします。他者から受け継ぐ想いや才能に対しても、真摯に向き合う姿勢が求められます。

　中頃から月後半に入ると、蠍座に天体が集中し、感情のデトックスと情熱の再燃が一段と加速します。月末頃にかけては、過去の執着や恐れを手放し、より純粋で力強い愛情へと生まれ変わるプロセスが訪れます。恐れずに自らの深い感情を受け入れ、再生の力を信じましょう。

　今月は、深遠な情熱の炎を燃やし、真の絆と自己変革を受け入れることが大きな精神的成長をもたらします。誠実な愛と信頼を胸に、深く満ち足りた日々を過ごしていきましょう。",本当に信頼できる相手と二人きりで静かに語り合う時間を設け、心の中の深い希望や想いを打ち明けてみましょう。集中したい専門分野や研究テーマに没頭して深く学び、週末は静かな環境で感情の日記をつけて内面を見つめ直しましょう。深い対話と探究が心を再生させます。
2026_LIBRA,5,9,広い世界へ飛び出し知的な冒険や旅行を存分に楽しむ,未知の文化や高度な学問に触れ、知的好奇心と冒険心を存分に満たす月です。旅や専門的な学びを通じて視野を広げることで、創造的なインスピレーションが爆発し未来への希望が大きく広がります。,"　情熱とワクワクする好奇心が、遠くの世界や高度な知の探究へと羽ばたく素晴らしい時期です。月前半は、旅行の計画を立てたり、専門書を読み漁ったり、哲学や異文化に関するセミナーに参加するのに最適です。日常の枠組みから飛び出し、広い世界で新しい体験を重ねることが、あなたの創造性を豊かに刺激します。

　この動きは、日常生活においては遠方へのドライブや海外の映画鑑賞、語学学習への意欲として実感されます。大きな理想を掲げ、未来に向けた壮大なビジョンを描くことで、日々の些細な悩みが自然と吹き飛んでいきます。自らの表現やアイデアをより広いプラットフォームへ発信する挑戦も大いに推奨されます。

　中頃から月後半にかけては、蠍座へ天体が移ることで、拡散していた興味から一つの深遠な真理を探究する専門的研究へと集中します。月末頃には、旅先での気づきや学んだ知見を体系的にまとめ、自らの人生哲学として確立する作業が充実感をもたらします。高い視点を保ち続けましょう。

　今月は、知的な冒険と自由な探究心を胸に、人生の地平線をどこまでも広げていくことが幸運の鍵となります。希望あふれる未来を信じ、心躍る壮大な旅を力強く進めていきましょう。",ずっと行きたかった場所への旅行計画を具体的に立てたり、専門分野の講座に申し込んでみましょう。異国の料理や文化に触れる体験を積極的に生活に取り入れ、週末は広い景色が見渡せる場所を訪れて未来の構想を練りましょう。知的な冒険が創造的な発想を刺激します。
2026_LIBRA,5,10,独自の創造性と提案力を仕事の現場で活かす,仕事や公の場で自分らしい工夫や斬新なアイデアを提案し、確かな実務へと結びつける月です。情熱を持って主体的にプロジェクトを進めることで、周囲との協力体制が整い、日々の役割に手応えある充実感が得られます。,"　自らのクリエイティブな発想や独自の工夫を、仕事の企画や業務改善の現場へ積極的に応用していく時期です。言われた通りの作業をこなすだけでなく、担当業務に新しい視点や改善案を取り入れ、分かりやすい資料にまとめて提案してみましょう。主体性を持って前向きに工夫を重ねる姿勢が、職場の雰囲気を活性化させます。

　日々の業務においては、プレゼンテーションを通じて提案の趣旨を丁寧に説明したり、新規プロジェクトの検討を進めたりする場面として具体化します。自分のアイデアに責任を持ち、事実やデータに基づいた誠実な説明を添えることが周囲の理解を引き出します。周囲の意見にも柔軟に耳を傾け、チーム全体で取り組める形へ調整しましょう。対話を重ねて進めましょう。

　月後半に入ると、蠍座に天体が集中し、プロジェクトの細部を詰める作業や専門的な品質管理が一層重要になります。企画の進捗状況を丁寧に振り返り、関係者と連絡を密に取りながら、着実な実務成果へと形作っていきましょう。

　今月は、創造的な情熱を社会的な成果へと結びつける取り組みがキャリアの歩みを支えます。誇りを持って役割を果たし、手応えのある毎日を過ごしていきましょう。",担当業務の改善案や新しい企画の概要をメモに整理し、説得力のある分かりやすい資料を作成して提案してみましょう。会議では前向きな意見を落ち着いて発言し、一日の終わりには作業の進捗を振り返って翌日の優先順位を整えることが実務の確かな信用を支えます。
2026_LIBRA,5,11,仲間と共に創造的なアイデアを形にして希望を育む,友人や志を共にする仲間と協力し、楽しい企画や共同イベントを形にする月です。互いの個性やアイデアを尊重し合いながら共創することで、明るい未来のビジョンと心強い連帯感が育まれます。仲間との交流を大切にしましょう。,"　友人やコミュニティの仲間と一緒に、創造的な企画や楽しいイベントを立ち上げていく時期です。一人で作品を作る楽しさから一歩進み、それぞれの得意分野やユニークな着想を持ち寄りながら、みんなで楽しめる場を共創していきましょう。多様な意見を歓迎し、フラットに語り合う対話が、新鮮なひらめきを次々と生み出します。

　日々の生活においては、グループでの企画会議やオンラインでの情報共有、ワークショップの準備といった場面で現れます。仲間のアイデアに対して肯定的なフィードバックを送り、全員が前向きに関われる役割分担を工夫することが大切です。特定の人に負担が偏らないよう配慮しながら、自由で風通しの良い雰囲気を保ちましょう。お互いの長所を活かして協力し合う姿勢が大切です。仲間との結束を深めましょう。

　月後半になると、蠍座へ天体が移り、少数のコアメンバーとの間で企画の細部や具体的なスケジュールを詰める作業が進みます。活動の進捗状況を共有し、着実に実行へ移せる体制を整えていきましょう。

　今月は、仲間と共に創造の喜びを分かち合い、未来のビジョンを育むことが日々の活力を高めます。温かな連帯感を胸に、充実した時間を過ごしていきましょう。",友人グループやサークルの集まりで新しい企画のアイデアを提案し、気軽に意見を出し合ってみましょう。仲間の制作物や意見に対して前向きな感想を伝え、役割分担を明確にした進行表を共有することが、スムーズな共同作業と温かな連帯を深める基盤となります。
2026_LIBRA,5,12,静かな空間で心の内にある感性をじっくり育てる,外向きのアピールから少し離れ、静かな一人の時間の中で心の内にある豊かなイメージを温める月です。内省的な創作活動や思索に親しむことで、精神的な落ち着きと独自のインスピレーションが得られます。,"　派手な自己アピールや外の世界への発表を急がず、自分自身の内面世界に広がる豊かな想像を静かに温める時期です。一人で静かに絵を描いたり、文章を書いたり、音楽に耳を傾けたりする内省的な創作活動にじっくり親しみましょう。言葉にできない繊細な感覚や心の揺らぎを大切にすくい上げることが、深い心の平安をもたらします。

　生活の場においては、静かな部屋でのスケッチや日記執筆、好きなアートに触れる落ち着いた時間として具体化します。無理に周囲へ作品を見せたり評価を求めたりする必要はありません。自分の心を満たすための純粋な表現活動に没頭することで、日々のプレッシャーから解放され、心の奥から自然な活力が養われていきます。静かな時間を大切に慈しみましょう。

　月後半に入ると、蠍座に天体が集中し、潜在意識に眠る未消化な感情や過去の記憶が創作の糧として整理されていきます。書き溜めたノートや試作を静かに見返し、内なる気づきを大切に整理していきましょう。

　今月は、目に見える成果を急ぐことなく、内なる感性を静かに慈しむことが豊かな実りをもたらします。心穏やかに自分と向き合い、落ち着いた日々を過ごしていきましょう。",静かな部屋でノートを開き、心に浮かぶイメージや言葉をスケッチブックに自由に書き留めてみましょう。好きな音楽をじっくり聴いてリラックスする時間を確保し、外の雑音から離れて自分の感性に浸ることが、深い心の安らぎと豊かな直観を育む助けとなります。
2026_LIBRA,6,1,日々の生活リズムを整えて心身の健康と活力を養う,自分自身の身体の声に耳を傾け、日々の生活習慣や作業手順を主体的に見直す月です。無理なスケジュールを控え適切な休養と栄養を取り入れることで、基礎体力が底上げされ日々の暮らしに軽やかな活力が戻ってきます。,"　天秤座の季節に入り、自分自身の健康維持や日々のルーティンワークを整えることに意識が向かう月です。月前半は、起床や就寝のリズムを整え、バランスの良い食事や適度な運動を毎日の生活に組み込むのに最適なタイミングです。周囲の要求に応えようと無理な残業や我慢を重ねるのではなく、まずは自分自身の身体を大切にケアする姿勢が安定をもたらします。

　この動きは、日常生活においては作業効率の改善や体調の好転、日課の心地よい定着として実感されます。自分に合った道具や作業環境を整えることで、無駄な疲労が減り、日々のタスクを軽快にこなせるようになります。体調の小さな変化を見逃さず、疲れを感じたら早めに休息を取る自制心が、健やかな毎日を支える基盤となります。

　中頃から月後半にかけては、蠍座へ天体が集まり、金星の逆行も相まって、これまでの生活習慣や慢性的な身体の不調を根本から見直す流れとなります。月末頃には、日頃の健康診断の結果やサプリメントの摂取習慣を再点検し、より効果的な体質改善に取り組む作業が効果的です。急激な変化を求めるより、地道な習慣の積み重ねを大切にしましょう。

　今月は、自分自身の身体と誠実に向き合い、健やかな生活基盤を築くことが何よりの力となります。日々のルーティンを丁寧に整えながら、活力に満ちた快適な日々を過ごしていきましょう。",睡眠時間と起床時間を一定に保ち、朝の光を浴びて深呼吸する習慣を取り入れてみましょう。日々の食事に新鮮な野菜や温かいスープを加え、週末はウォーキングやストレッチを行って身体をリフレッシュさせましょう。毎日の丁寧なケアと休養が心身の元気を支えます。
2026_LIBRA,6,2,実務に必要な備品や健康管理に賢くリソースを使う,仕事の作業効率を高める道具や体調管理のために適切なお金を使い、日々の実務環境を整える月です。無駄な浪費を抑えつつ身体のメンテナンスに投資することで、持続可能な稼ぐ力と生活の安定が得られます。,"　日々の実務改善や健康管理のテーマが、手元の資金やリソースの活用と結びつく時期です。月前半は、毎日の仕事で使うPC周辺機器や事務用品、あるいは身体を支える寝具やサプリメントを見直し、質の良いものへ整えるのに好適です。単なる節約にとらわれず、日々の生産性や健康を向上させるための賢明な投資を心がけましょう。

　この影響は、日常生活においては業務コストの削減や消耗品の適正管理、日用品のまとめ買いの工夫として現れます。安さだけで選んで買い替えを繰り返すより、耐久性があり身体への負担が少ないものを選ぶ堅実な姿勢が生活を豊かにします。自分自身の労働環境を快適に整えることが、長期的なモチベーションを維持する鍵となります。

　中頃から月後半に入ると、蠍座に天体が集中し、日々の実務にかかる経費や健康保険の補償内容に関する深い見直しが進みます。月末頃にかけては、これまでの健康維持費用や実務関連の出費を洗い出し、費用対効果の高い方法へ切り替える好機です。無理のない持続可能な予算配分を確立しましょう。

　今月は、実務環境と身体への手入れを怠らず、生活の足元を堅実に固めることが安定した成果を生み出します。賢くリソースを活用しながら、心地よく働ける毎日を整えていきましょう。",デスク周りの備品や椅子、照明の配置を見直し、身体に優しい作業環境へと整えてみましょう。健康維持にかかる月々の費用を一覧にして無駄な出費を削り、週末は日用品のストックを点検して整理整頓を進めましょう。足元の環境整備が日々の作業効率を高めます。
2026_LIBRA,6,3,作業マニュアルや連絡網を整理して業務連絡を円滑にする,職場や日常実務における情報伝達の仕組みを整え、ミスや行き違いを減らす月です。業務の手順書やチェックリストを作成し周囲と共有することで、作業の進行がスムーズになり安心できる実務体制が確立されます。,"　知的な情報整理のスキルを、日々の実務手順や作業連絡の効率化へと注ぎ込む時期です。月前半は、曖昧になりがちな指示や申し送り事項をマニュアル化し、誰が見ても一目で分かる連絡フローを整えるのに最適です。コミュニケーションの無駄を省き、要点を箇条書きで明確に伝える工夫が、業務全体のスピードと正確性を高めます。

　この動きは、日常生活においてはToDoリストの更新やメール対応の迅速化、実務スキルの勉強として具体化します。身近な同僚や取引先との間で丁寧な確認作業を徹底することで、不要なトラブルを未然に防ぐことができます。ちょっとした移動時間や隙間時間を活用して実用的な知識をインプットすることも有益です。

　中頃から月後半にかけては、蠍座へ天体が移ることで、表面的な連絡にとどまらず業務データの詳細な分析や専門技術の習得へと意識が深まります。月末頃には、過去の業務日誌やエラーログを再点検し、根本的な改善策を講じるプロセスが効果的です。正確なデータに基づいた判断を貫きましょう。

　今月は、明快な情報伝達と丁寧な手順の整備が仕事の信頼性を大きく向上させます。身近な実務を論理的に整え、ストレスのない快適なワーキングリズムを築いていきましょう。",よく使う業務連絡のテンプレートを作成し、関係者への伝達を迅速かつ簡潔に行えるよう工夫しましょう。一日のタスクを優先度順に箇条書きで整理し、週末はPC内のファイルやメールのフォルダを整理してすっきりさせましょう。明快な整理が日々の実務を円滑にします。
2026_LIBRA,6,4,住まいの衛生環境と家事手順を見直して暮らしを整える,自宅の掃除や住環境のメンテナンスを徹底し、家族が健康に暮らせる基盤を作る月です。家事のルーティンをシンプルに整理し快適な空間を保つことで、日々の疲労が和らぎ家庭内に温かな安心感が広がります。,"　実務的なケアと健康管理の意識が、自宅の住環境や家庭生活の土台へと注がれる時期です。月前半は、部屋の徹底的な掃除や水回りの除菌、換気を行い、清潔で心地よい居住空間を作り上げるのに好適です。外での活動で疲れた身体を優しく包み込み、心からリラックスできる家庭環境を整えることが健康維持の第一歩となります。

　この影響は、日常生活においては料理の下ごしらえや洗濯の工夫、家庭内の備蓄品の整理として実感されます。家族それぞれの生活リズムを考慮しながら、家事の負担が一箇所に偏らないよう分担ルールを調整することが大切です。住まいを清潔に保つ習慣が、家族全体の健康と明るい笑顔を守る力となります。

　中頃から月後半に入ると、蠍座に天体が集中し、住まいの配管や設備、防災対策の根本的な点検へと関心が深まります。月末頃にかけては、長年手付かずだった収納スペースを整理し、不要な湿気やホコリを一掃する大掛かりなメンテナンスが効果的です。安全で安心できる居場所を守り抜きましょう。

　今月は、生活の原点である住まいを丁寧にケアし、清潔で健やかな空間を保つことが心の平穏をもたらします。家庭内の温かな調和を大切にしながら、快適な毎日を過ごしていきましょう。",キッチンや洗面所、お風呂などの水回りを念入りに清掃し、清潔で快適な衛生環境を整えましょう。家族で日々の家事分担について話し合って負担を分散し、週末は部屋の換気とシーツの洗濯を行って空気を一新させましょう。住まいの清潔さが日々の活力を育みます。
2026_LIBRA,6,5,日々の作業や健康ルーティンに楽しい工夫を取り入れる,毎日の業務やトレーニングに遊び心やクリエイティブな要素を取り入れ、前向きに取り組む月です。義務感をワクワクする楽しさへと転換することで、作業のモチベーションが高まり心身ともに充実した活力が満ちてきます。,"　創造的な情熱や遊びの感覚を、日々の実務や健康づくりの習慣へと活かす時期です。月前半は、単調になりがちな作業手順をゲーム感覚でタイムアタックしてみたり、毎日の食事を彩り豊かに盛り付けたりする工夫が効果的です。やらされ感で作業するのではなく、自分らしい工夫を凝らすことで、日々のルーティンワークが楽しい喜びに変わります。

　この動きは、日常生活においては文房具のコーディネートや作業用BGMの選定、楽しいフィットネスの導入として具体化します。自分の身体を動かすこと自体を楽しみ、お気に入りのウェアを着て散歩やストレッチを行うことが健康を後押しします。周囲の仲間にも明るい声かけを行い、職場や作業場の雰囲気を楽しく盛り上げましょう。

　中頃から月後半にかけては、蠍座へ天体が集まることで、気晴らしの工夫から専門的なスキルの研鑽や本格的な身体づくりへと深化します。月末頃には、これまでの取り組みの成果を振り返り、より自分に合った独自のルーティンへと洗練させる好機です。楽しむゆとりを持ちながら、地道な努力を重ねていきましょう。

　今月は、日々の暮らしや仕事の中にワクワクするアイデアを散りばめることが大きな成果を生みます。軽快なリズムを保ちながら、笑顔あふれる健やかな毎日を紡いでいきましょう。",仕事や日課のタスクを楽しくこなすためのチェック表を作成し、達成ごとに小さなお気に入りのご褒美を用意しましょう。お気に入りの音楽を聴きながら軽い運動を続け、週末は身体に優しい美味しいヘルシー料理を自炊して楽しみましょう。工夫と遊び心が日々の実務を支えます。
2026_LIBRA,6,6,日々の作業手順と生活習慣を整えて基盤を固める,毎日の業務手順を見直して無駄な作業を省き、心身の健康管理を丁寧に整える月です。体調に合わせた無理のないペースを確立することで、安定した実務能力と心地よい安心感が得られます。日々の習慣を大切にしましょう。,"　日頃繰り返している仕事の手順や日課の生活習慣を点検し、より持続可能で無理のないリズムへと整え直す時期です。毎日の業務の中で発生している無駄なステップや重複した確認作業を省き、シンプルで分かりやすい運用手順を確立していきましょう。日々の実務環境を整備することが、精神的なゆとりと安定した成果を支えます。

　実際の暮らしにおいては、タスクリストの活用や作業デスクの整理整頓、規則正しい食事や睡眠の確保として具体化します。完璧主義に陥って自分や周囲に過度な負担を強いるのではなく、体調や余力に応じた柔軟な調整を取り入れることが大切です。身体のわずかな疲れや不調に早めに気づき、こまめな休息を日課に組み込みましょう。無理のないペースを守りましょう。

　月後半になると、蠍座へ天体が集まり、生活習慣の根本的な改善や専門的な業務ノウハウの整理が進みやすくなります。日々の健康記録や業務の手順書を見直し、今後も安定して続けられる形へと洗練させていきましょう。

　今月は、日々の実務と健康を丁寧に手入れし、安定した生活の土台を固めることが前進を支えます。整ったリズムを味方につけ、健やかな毎日を過ごしていきましょう。",日々の作業手順を書き出して重複している作業を整理し、使いやすいタスク管理表を作ってみましょう。決まった時間に軽いストレッチや深呼吸を取り入れて身体をほぐし、作業スペースの整理整頓をこまめに行うことが、毎日の実務を軽やかに支える土台となります。
2026_LIBRA,6,7,職場や日常のパートナーとお互いのサポート体制を整える,仕事の協業相手や生活のパートナーとの間で役割分担を明確にし、助け合える関係を築く月です。互いの得意分野を活かして補い合うことで、作業の負担が軽減され安心できる協力体制が育まれます。,"　実務的なサポートや日々の役割分担を、特定のパートナーや同僚との間で擦り合わせる時期です。月前半は、業務の進捗状況をこまめに共有し、どちらか一方に過度な負担がかからないよう公平な協力体制を整えるのに適しています。相手の状況に配慮しつつ、自分ができるサポートを誠実に提供する姿勢が深い信頼関係を育みます。

　この動きは、日常生活においては仕事上のペア作業やパートナーとの家事分担、外部への委託調整として具体化します。感情論ではなく、実務的な必要性に基づいて冷静に対話を進めることで、効率的で気持ちの良い連携が実現します。相手からのアドバイスやフィードバックにも素直に耳を傾け、自らの作業手順を改善していきましょう。

　中頃から月後半にかけては、蠍座へ天体が移ることで、表面的な分担を超えた阿吽の呼吸や深い信頼に基づく協業へと進化します。月末頃には、これまでの共同作業の成果を振り返り、今後の長期的なパートナーシップのルールを再合意するプロセスが有効です。誠実な対話を重ねましょう。

　今月は、他者と力を合わせて実務の課題を解決し、支え合える絆を深めることが大きな成果をもたらします。温かな思いやりを胸に、互いに高め合える素晴らしい協力関係を築いていきましょう。",パートナーや同僚と現在の業務負担や役割分担について話し合い、無理のない協力スケジュールを作成しましょう。相手のサポートに対して具体的な言葉で感謝を伝え、週末は二人で協力して共有スペースの清掃や整理を行いましょう。公平な分担が相互の信頼を深めます。
2026_LIBRA,6,8,共同の実務課題や未精算の手続きを整理して負担を減らす,他者と共有する実務や未処理の事務手続きに正面から向き合い、すっきりと清算する月です。複雑な案件を冷静に処理し役割分担を明確にすることで、心理的な重荷が解け安心できる基盤が整います。,"　日々の実務管理のエネルギーが、他者と深く関わる共有事項や未解決の課題の処理へと注がれる時期です。月前半は、保留になっていた書類手続きや経費精算、引き継ぎ事項などを集中的に整理し、滞っていた流れをスムーズにするのに好適です。複雑な問題から目を背けず、一つずつ着実に片付けていくことで、大きな安堵感が得られます。

　この影響は、日常生活においては契約の更新や税務処理、職場の引き継ぎマニュアルの整備として現れます。秘密事項や重要データの取り扱いには細心の注意を払い、責任を持って管理する姿勢が周囲の信頼を集めます。他者から任された大切な業務に対しても、誠実に向き合い丁寧な処理を貫きましょう。

　中頃から月後半に入ると、蠍座に天体が集中し、共有財産の管理体制や業務プロセスの根本的な改革が進みます。月末頃にかけては、過去の案件記録や財務データを再点検し、不要なリスクを排除するための防止策を講じる好機です。冷静な事実確認を徹底しましょう。

　今月は、滞っていた重要課題を誠実に片付け、透明で健全な実務環境を築くことが精神的な解放感をもたらします。着実な処理を積み重ねて心の負担を軽くし、前向きな日々を過ごしていきましょう。",未処理の領収書や請求書、保留にしていた契約書類を整理し、期限内に速やかに手続きを完了させましょう。共有のファイルや引き継ぎメモを最新情報に更新し、週末は不要な書類をシュレッダーにかけて空間をすっきりさせましょう。迅速な処理が安心感を生み出します。
2026_LIBRA,6,9,専門的な知識やスキルを実務に導入して視野を広げる,高度な学問や最新の専門技術を日々の仕事に積極的に取り入れ、実務の質を大きく引き上げる月です。広い視野から業務のあり方を学び直すことで、作業の精度が高まり将来への確かな自信と見通しが得られます。,"　日々のルーティンワークに高度な専門知識や国際的な知見を融合させ、業務の次元を高める時期です。月前半は、最新の業界動向を調べたり、専門的な資格試験の勉強を始めたりして、実務に直結する理論的背景を深めるのに最適です。目先の作業を機械的にこなすだけでなく、その作業が持つ本質的な意義を理解することがモチベーションを高めます。

　この動きは、日常生活においては業務関連の専門書の精読やセミナーの受講、語学を活かした実務対応として実感されます。広い視野を持って仕事全体を俯瞰することで、よりスマートで効果的なアプローチが見えてきます。学んだ知見を職場で共有し、チーム全体の知識水準を底上げする姿勢も高く評価されます。

　中頃から月後半にかけては、蠍座へ天体が移ることで、理論の学習から特定の専門分野を深く極める実践的な探究へと移行します。月末頃には、これまでに習得したスキルを実際の業務課題に応用し、具体的な改善成果を検証する作業が充実感をもたらします。高い探究心を持ち続けましょう。

　今月は、日々の実務に知的な深みを与え、プロフェッショナルとしての力量を磨くことが大きな飛躍をもたらします。知的好奇心を存分に発揮しながら、誇りを持って日々の仕事に取り組んでいきましょう。",業務に関連する専門書や最新の解説記事を１冊読み進め、実務に応用できるアイデアを箇条書きで整理しましょう。仕事に役立つオンライン講座や資格取得の学習計画を立て、週末は将来のスキルアップ構想をノートにまとめましょう。知的な学びが日々の実務力を高めます。
2026_LIBRA,6,10,地道な実務の積み重ねを通じて社会的な信用を固める,日々の担当業務を誠実かつ正確に遂行し、職場での確固たる実績と信用を築く月です。周囲への丁寧な報告と責任ある対応を徹底することで、プロとしての評価が高まりキャリアの基盤が強固になります。,"　日々の実務力や丁寧な作業の積み重ねが、社会的なキャリアや公の評価へと直結する重要な時期です。与えられた職務をスケジュール通りに着実に遂行し、品質の高い成果物を提出することに注力していきましょう。派手なアピールよりも、確認や報告を丁寧に重ねて誠実に仕事をこなす姿勢が、上司や取引先からの確かな信用を培っていきます。

　日々の業務においては、納期管理の徹底や細部への品質チェック、職場での信頼できるサポート役として具体化します。自分の役割に対する責任感を高く持ち、地道な作業を疎かにしないプロフェッショナルな姿勢が周囲を安心させます。日頃の貢献が正当に評価される可能性が高まり、新しい重要な仕事を任される契機にもなります。誠実な報告を心がけましょう。

　中頃から月後半に入ると、蠍座に天体が集中し、長期的なプロジェクトの責任者や業務改善の推進役としての役割が深まります。これまでの実績データや業務改善の成果をまとめた報告書を作成し、関係者へ提出する好機です。着実な努力の成果を示していきましょう。

　今月は、日々の誠実な仕事ぶりを通じて社会的な信頼の土台を固めることがキャリアの大きな支えとなります。誇りを持って目の前の職責を果たし、確かな前進を続けていきましょう。",担当業務の進捗状況をチェックリストで管理し、納期の厳守と正確な作業を徹底して品質を高めましょう。上司や関係者への報連相をこまめに行い、一週間の業務実績を振り返って次週の作業計画を整理することがプロとしての信用を築く確かな生活の基盤となります。
2026_LIBRA,6,11,仲間やコミュニティのために実務的なサポートを提供する,友人グループやサークル活動において事務や調整役を担い、活動の円滑な進行を支える月です。縁の下の力持ちとして誠実に貢献することで、仲間からの感謝と深い信頼が集まり温かな絆が育まれます。,"　実務的な処理能力や細やかな気配りを、コミュニティや友人グループの活動支援へと活かす時期です。月前半は、サークルの会計管理やイベントのスケジュール調整、会場手配など、裏方の事務作業を率先して引き受けるのに最適です。目立たない作業であっても、あなたの正確なサポートがあるからこそ、全員が安心して活動を楽しむことができます。

　この動きは、日常生活においてはグループの連絡網の整備やイベントの資料作成、仲間への細やかなフォローとして現れます。個人のエゴを主張せず、チーム全体の調和と目的達成のために尽力する姿勢が、周囲から深く感謝されます。多様なバックグラウンドを持つ仲間たちと協力し合う中で、実践的な調整力が磨かれます。

　中頃から月後半にかけては、蠍座へ天体が移ることで、広範なサポートからコアなプロジェクトチームの推進役へと役割が集中します。月末頃には、グループの活動報告や今後の運営マニュアルをまとめ、組織の基盤をより強固にする作業が効果的です。温かな連帯感を大切にしましょう。

　今月は、仲間のために自らの能力を惜しみなく発揮し、活動の屋台骨を支えることが大きな充実感をもたらします。素晴らしい仲間たちと共に歩みを進め、希望ある未来を創り出していきましょう。",参加しているサークルやグループの事務手続きや連絡の取りまとめを率先して手伝い、進行をサポートしましょう。仲間が必要としている資料や情報を整理して共有し、週末はチームの今後の活動計画をみんなで楽しく話し合いましょう。献身的なサポートが仲間の結束を強めます。
2026_LIBRA,6,12,無理な過密実務を緩め心身の静かな休息を確保する,過密になりがちな作業スケジュールを意識的に緩め、心身の緊張を静かにほぐす月です。一人で静かに過ごす休養の時間を日課に取り入れることで、日常のストレスが和らぎ、安定した実務を続けるための活力が回復します。,"　日々の業務や義務的なタスクに追われて心身が消耗してしまわないよう、意識的にペースを落として十分な休息を確保する時期です。抱え込みすぎている雑務や引き受けすぎた用事を整理し、一日のスケジュールに静かな余白を作り出していきましょう。自分自身を労る時間を確保することが、結果として実務の持続可能性を高めます。

　普段の生活においては、就寝前の照明を落としてくつろいだり、休日に無理な予定を入れず身体を横たえたりする場面として実感されます。周囲の期待に応えようとして自分の疲労を無視するのではなく、身体の限界を冷静に認めて早めに休養を取る勇気が求められます。静かな環境で温かい飲み物を楽しむなど、五感を休める工夫を重ねましょう。

　月後半に入ると、蠍座に天体が集中し、心身の深層に溜まっていた慢性的な疲労やストレスの要因に気づきやすくなります。作業環境の動線や睡眠環境の手入れを進め、心穏やかに一日を終えられるリズムを整えていきましょう。

　今月は、静かな休息を実務管理の重要な一部として位置づけ、自分を慈しむことが安定した前進を支えます。無理のないペースを大切に守りながら、穏やかな毎日を過ごしていきましょう。",朝夕に一人で静かに考えを整理する時間を設け、日々の作業や心身の負担を点検しましょう。他者の依頼を安易に引き受けず、優先順位を明確にして抱え込みすぎを防ぐことが大切です。定期的に深呼吸をして頭を空っぽにする習慣が、安定した実務力を支える基盤となります。
2026_LIBRA,7,1,自分らしさを保ちながらパートナーと対等に向き合う,自己のスタンスを明確にしつつ、大切な相手と誠実に向き合い対話を進める月です。相手に合わせすぎて自分を見失うことなく、お互いの個性と意思を尊重し合うことで、真に対等で心地よい信頼関係が築かれます。,"　天秤座の季節に入り、一対一の人間関係やパートナーシップにおける自分自身のあり方に光が当たる月です。月前半は、相手の意見を尊重しながらも、自分自身の本音や価値観を率直に伝えるバランス感覚を養うのに最適なタイミングです。過度な自己犠牲や見栄を排し、素顔のままで向き合う姿勢が相互の深い安心感を生み出します。

　この動きは、日常生活においてはパートナーとの対話の深まりや、交渉事での毅然とした態度として実感されます。誰かの機嫌を取るために無理な妥協をするのではなく、「お互いにとって何が最善か」を共に探求する姿勢が好印象を与えます。自分自身の輪郭を保ちながら他者と手を取り合う成熟したパートナーシップを目指しましょう。

　中頃から月後半にかけては、蠍座へ天体が集まり、金星の逆行も重なることで、表面的な社交を超えた魂レベルの深い絆や約束の見直しへと進展します。月末頃には、これまでに交わした約束や合意事項を丁寧に振り返り、現状に合わせた再合意を結ぶ作業がスムーズに進むでしょう。焦らず時間をかけて対話を重ねることが大切です。

　今月は、自分を愛するように他者を愛し、対等な関係性を育むことが何よりの幸福をもたらします。温かな思いやりを胸に、心地よい調和に満ちた日々を紡いでいきましょう。",パートナーや大切な相手と静かにお茶を飲みながら、お互いの近況や素直な気持ちを落ち着いて語り合ってみましょう。意見が食い違ったときは否定せず相手の言葉を受け止め、週末は二人で楽しめる穏やかな時間を過ごしましょう。対等な対話の積み重ねが信頼を深めます。
2026_LIBRA,7,2,金銭や資源の共有ルールを整え安心できる協力関係を築く,パートナーや協業相手との間で金銭的な条件や資源の分担を明確にし、経済的な安心感を確立する月です。不公平感のない透明なルールを整えることで、相互の信頼が強まり長期的な協力体制が安定します。,"　一対一のパートナーシップが、手元の資金や日々の生活資源の管理と深く結びつく時期です。月前半は、共同生活の費用分担やビジネスでの報酬条件について具体的に話し合い、双方が納得できる公平な取り決めを交わすのに好適です。お金やリソースに関する曖昧さをなくすことが、長期的な人間関係の安定を守る防壁となります。

　この影響は、日常生活においては買い物の分担や契約書の確認、共同口座の運用として具体化します。お互いの金銭感覚の違いを感情的に批判するのではなく、客観的な数字をもとに現実的な落としどころを探る姿勢が賢明です。相手が提供してくれる労働やリソースに対しても、適正な敬意と感謝を示すことが大切です。

　中頃から月後半に入ると、蠍座に天体が集中し、共同名義の資産や将来の保障に関する深い見直しが進みます。月末頃にかけては、保険の受取人や契約条件を再点検し、現状のライフプランに合致しているかを確かめる作業が有効です。短期的な損得にとらわれず、堅実な基盤を固めましょう。

　今月は、経済的な透明性と誠実な対話を両立させることが人間関係を強固にする鍵となります。手元の資源を賢く活かし合いながら、安心感あふれるパートナーシップを育んでいきましょう。",パートナーや協業相手と生活費や共同経費の分担表を確認し、負担の偏りがないか穏やかに話し合ってみましょう。重要な契約や金銭のやり取りは書面やメモに残して共有し、週末は日頃の支援に感謝を伝えましょう。透明なルール作りが互いの信頼を強固にします。
2026_LIBRA,7,3,こまめな言葉のやり取りを重ねて行き違いを防ぎ絆を深める,身近なパートナーとの日常会話やメッセージ連絡を丁寧に行い、知的なコミュニケーションを深める月です。小さな疑問も放置せず言葉にして確認し合うことで、誤解が解け軽やかな信頼関係が育まれます。,"　パートナーシップの調和が、日々の情報交換や軽快な言葉のやり取りを通じて育まれる時期です。月前半は、連絡事項を迅速かつ明確に伝え合い、お互いのスケジュールや考えを共有するのに最適です。何気ない雑談や日常の出来事を報告し合うだけでも、心理的な距離がぐっと縮まり、スムーズな意思疎通が可能になります。

　この動きは、日常生活においてはSNSでのやり取りの多さや、共通の話題に関する意見交換として実感されます。言葉足らずによる誤解を防ぐためにも、「言わなくても伝わる」という思い込みを捨て、丁寧に言葉を尽くす姿勢が求められます。相手の知的好奇心を刺激するような面白い話題を共有することも、関係性を活性化させます。

　中頃から月後半にかけては、蠍座へ天体が移ることで、軽やかなおしゃべりから本音をさらけ出す濃密な対話へと深化します。月末頃には、過去に交わした言葉や約束のニュアンスを再確認し、お互いの理解のズレを丁寧に修正するプロセスが効果的です。誠実な対話を貫きましょう。

　今月は、言葉を通じた知的なつながりを大切にし、柔軟な思考で相手に向き合うことが関係を明るく照らします。日々のコミュニケーションを楽しみながら、心通い合う毎日を過ごしていきましょう。",パートナーや親しい相手に日頃の感謝や気遣いを短いメッセージで伝え、こまめな連絡を心がけましょう。気になる点があればその日のうちに穏やかな言葉で質問して解消し、週末は一緒に読書や散歩を楽しんで対話を深めましょう。丁寧な言葉が良好な関係を守ります。
2026_LIBRA,7,4,家庭や住まいの調和を最優先にしパートナーと居場所を整える,パートナーや家族と共に自宅の居心地を向上させ、心の安らげる居場所を築く月です。住環境や私生活のルールをお互いの好みに合わせて整えることで、日々の疲れが癒やされ家庭内に温かな安心感が広がります。,"　一対一の人間関係のエネルギーが、家庭環境の改善やプライベートな住まいづくりへと注がれる時期です。月前半は、同居人やパートナーと住まいの模様替えや家事分担について話し合い、誰もがリラックスして過ごせる空間を作り上げるのに好適です。外での社交よりも、家の中で二人で過ごす安らぎの時間を大切にしましょう。

　この影響は、日常生活においてはリビングの快適さや家庭料理の共有、お互いの実家との付き合い方として現れます。お互いの生活リズムや育ってきた環境の違いを尊重し、無理のない共存ルールを整えることが円満の秘訣です。相手のプライベートな空間や時間を尊重する思いやりも忘れずに持ちましょう。

　中頃から月後半に入ると、蠍座に天体が集中し、住まいの長期的な購入計画や家族のルーツに関する深い対話が進みます。月末頃にかけては、住まいに関する重要書類や保険の内容を二人で再点検し、将来の生活基盤を盤石にする作業が心の平穏をもたらします。温かな家庭を守り抜きましょう。

　今月は、身近な居場所での調和と安心感を何より大切にすることが人生全体の運気を支えます。パートナーと手を取り合いながら、心地よく満ち足りた家庭生活を築いていきましょう。",パートナーや家族と一緒に部屋の掃除や模様替えを行い、二人でくつろげるお気に入りのスペースを整えてみましょう。お互いの生活習慣について穏やかに話し合って調整し、週末は温かい家庭料理を囲んでゆったり過ごしましょう。居場所の手入れが二人の絆を深めます。
2026_LIBRA,7,5,互いの感性を尊重し合える対等な関係を築く,大切なパートナーや協業相手とお互いの趣味や自由な自己表現を認め合い、心地よい関係を育てる月です。自分の個性を抑え込まず対等に対話を重ねることで、お互いを尊重し合える風通しの良い協力関係が整います。,"　重要な対人関係やパートナーシップにおいて、お互いの個性や自由な表現を尊重し合える距離感を整えていく時期です。相手に合わせすぎて自分の好きなことや表現意欲を我慢してしまうのではなく、自らの関心や感性を率直に伝え、相手の個性も温かく受け止める対等な関係を目指しましょう。

　日々の暮らしの中では、共通の趣味を楽しむ時間を共有したり、お互いがそれぞれ好きな活動に没頭できる自由時間を認め合ったりする場面として現れます。どちらか一方が支配的になったり依存したりするのを防ぎ、自立した二人が尊重し合える公平なルールを確認することが大切です。相手の創作物やユニークな着想を前向きに認め合い、お互いの感性を刺激し合いましょう。

　月後半に入ると、蠍座に天体が集まり、表面的な付き合いから一歩進んで、お互いが大切にしている価値観や本音の思いについてじっくり語り合う流れが生まれます。結論を焦らず、じっくりと対話を重ねてお互いの理解を深めていきましょう。

　今月は、自分らしい表現を保ちながら他者と温かな絆を育むことが日々の充実感を高めます。互いの違いを認め合う寛大さを胸に、心地よい関係性を築いていきましょう。",パートナーや身近な相手とお互いの好きなことや関心について語り合い、相手の趣味や意見を最後まで丁寧に聞いてみましょう。二人がそれぞれ一人の時間を楽しめる自由なルールを整え、対等な関係性を保つ工夫を重ねることが、長期的な信頼関係を深める助けとなります。
2026_LIBRA,7,6,日々の実務や家事の分担を改善しお互いの健康を支え合う,仕事や日常生活での役割分担を合理的に見直し、パートナーと支え合う体制を整える月です。お互いの体調や業務負担に配慮した無理のないルーティンを確立することで、ストレスが減り快適な毎日が実現します。,"　パートナーシップの調和が、日々の実務協力や健康管理のルーティンを通じて具体化する時期です。月前半は、家事の分担割合や仕事上の申し送り手順を見直し、どちらか一方に過度な負担がかからないよう調整するのに好適です。日々の小さなストレスを放置せず、具体的な作業手順を改善することで、お互いに気持ちよく過ごせるようになります。

　この影響は、日常生活においては料理や掃除の助け合い、体調不良時のサポート体制として実感されます。相手の健康状態や疲労度に敏感になり、温かい気遣いや栄養バランスの良い食事を提供することが信頼を深めます。実務的な課題に対しても、感情論を排して論理的に解決策を模索する姿勢が大切です。

　中頃から月後半に入ると、蠍座に天体が集中し、生活習慣や体質改善の取り組みを二人で本格化させる流れとなります。月末頃にかけては、日々のスケジュールや健康管理法を振り返り、より持続可能なスタイルへと洗練させる好機です。無理をせず、支え合いの精神を貫きましょう。

　今月は、日々の暮らしや実務の中で丁寧なサポートを提供し合うことが深い信頼の土台となります。健やかな生活リズムを共に守りながら、安心感あふれる毎日を築いていきましょう。",パートナーや同僚と現在の作業負担を共有し、無理のない家事や業務の分担スケジュールを作成しましょう。相手の健康を気遣う温かい声かけやサポートを意識し、週末は二人で協力して部屋の整理整頓と清掃を行いましょう。日々の支え合いが信頼関係を強くします。
2026_LIBRA,7,7,対等な対話を通じて互いの信頼と合意を整える,大切な相手や協業パートナーと向き合い、お互いが納得できる公平な約束事を丁寧に結び直す月です。偏りのない誠実なコミュニケーションを重ねることで、すれ違いが穏やかに解消され、安心できる強固な協力体制が築かれます。,"　一対一の人間関係や重要なパートナーシップに向き合い、お互いの役割や約束事を公平に整え直す時期です。どちらか一方に不満や負担が偏っていないかを点検し、お互いが心地よく歩調を合わせられる明確なルールを言葉にして確認していきましょう。表面的に相手へ合わせるのではなく、対等な立場で合意を形成する姿勢が大切です。

　日々の生活においては、契約条件のすり合わせや生活費・家事分担の相談、これからの予定の調整といった場面で具体化します。感情論に流されず、事実や具体的な数字をもとに落ち着いて話し合うことが、無用な誤解を防ぐ鍵となります。相手の言い分を途中で遮らずに耳を傾け、こちらの意図も丁寧に伝える双方向の対話を大切にしましょう。相手の立場を尊重する姿勢が信頼を深めます。

　月後半を迎えると、蠍座へ天体が移動し、将来の長期的なビジョンや深い信頼関係に関する真剣な対話が進みやすくなります。過去に曖昧にしていた取り決めを見直し、双方が安心して前進できる条件を再確認していきましょう。

　今月は、真摯な対話を通じて相手との間に確かな信頼を育むことが何よりの基盤となります。礼節と思いやりのある対話を積み重ね、安定した関係性を築いていきましょう。",パートナーや重要な協業相手とゆっくり話し合う時間を確保し、お互いの役割分担や共同の予定についてメモを取りながら確認してみましょう。言いにくい懸念があれば穏やかな言葉で率直に伝え、双方が納得できる公平な条件を整えることが相互の信頼を守る鍵となります。
2026_LIBRA,7,8,深い信頼関係を土台に共有の約束事を再確認する,大切な相手との共同資金や法的な契約、感情的な絆の結びつきを丁寧に見つめ直す月です。お互いの権利と義務を誠実に確認し合うことで、疑念のない深い安心感と揺るぎない協力関係が育まれます。透明な対話を大切にしましょう。,"　重要なパートナーシップにおいて、共同で管理している資産や契約、あるいは感情的な結びつきの深さに向き合う時期です。うやむやにされがちな責任の分担や将来の取り決めについて率直に話し合い、お互いが心から納得できる基盤を再構築していきましょう。深い関係だからこそ、曖昧さを排除し透明性を保つ姿勢が求められます。

　日常の場面においては、共同口座の管理や保険の見直し、共有財産の運用ルールのすり合わせといった実質的な作業として現れます。相手に対する遠慮から話題を避けるのではなく、将来の安心のために事実関係を穏やかに整理していきましょう。お互いの心理的な弱さや不安を否定せず、真摯に受け止める包容力が二人の結びつきをより強固なものへと育てます。互いに感謝の言葉を添えることも忘れないようにしましょう。

　月後半に入ると、蠍座に天体が集中し、共有リソースに関する議論や深い心理的テーマの共有が本格化します。隠し事をせず誠実に思いを打ち明け合うことで、本物の絆が深まります。

　今月は、相手と本音で向き合い、確固たる信頼の基盤を築くことが何よりの支えとなります。誠意と責任感を持った対話を重ね、安心できる関係性を育てていきましょう。",パートナーと共有している支出や契約書類を一緒に見直し、今後の管理方針について落ち着いて話し合ってみましょう。疑問や不安があれば感情的にならず具体的な数字を示しながら共有し、双方が納得できる合意点を見つけることが、確かな信頼を深める基盤となります。
2026_LIBRA,7,9,パートナーと共に広い世界へ旅立ち知的な視野を広げる,大切な相手と一緒に旅行や高度な学問に挑戦し、知的な刺激と冒険を共有する月です。お互いの人生哲学を語り合い未知の体験を重ねることで、視野が大きく広がり未来への希望あるビジョンが形作られます。,"　パートナーシップのエネルギーが、遠くの世界への旅や高度な知の探究へと羽ばたく時期です。月前半は、二人で遠方への旅行を計画したり、興味のあるセミナーや講座に一緒に参加したりするのに最適です。日常の狭い世界から飛び出し、広い視野で物事を捉え直すことで、お互いの価値観が豊かに磨かれます。

　この動きは、日常生活においては将来の移住や海外旅行の構想、哲学的な対話として実感されます。お互いの人生観や大切にしている理想について語り合うことで、パートナーとしての精神的な結びつきが一段と強まります。異なる視点を持つ相手からの意見を素直に受け入れ、自らの世界を広げていきましょう。

　中頃から月後半にかけては、蠍座へ天体が移ることで、拡散していた興味から一つの深遠な真理を共に究める専門的な探究へと深化します。月末頃には、旅先での気づきや学んだ知見を振り返り、二人の共通の人生哲学として確立する作業が有益です。高い視点を保ち続けましょう。

　今月は、パートナーと共に知的な冒険を楽しみ、希望ある未来の地平線を切り拓くことが大きな幸運を呼びます。広い世界に胸を躍らせながら、素晴らしい時間を共有していきましょう。",パートナーと一緒に楽しめる旅行の計画を立てたり、専門分野の講座や展示会に二人で参加してみましょう。お互いが目指す将来の理想像について本音で語り合い、週末は景色の良い高台や広い公園を訪れてリフレッシュしましょう。知的な冒険が二人の視野を広げます。
2026_LIBRA,7,10,対外的な協業関係を整え社会的信用の土台を固める,仕事や公の活動における重要なパートナーシップを見直し、双方の専門性を活かせる体制を整える月です。契約や役割分担を明確にして誠実に連携を進めることで、対外的な信用が着実に高まり、長期的な成果へとつながります。,"　仕事や公的な役割において、クライアントや共同事業者との協力関係を整備し直す時期です。お互いの果たすべき責任と権限を明確に定義し、どちらか一方に過度な負担がかからない健全なパートナーシップを築いていきましょう。礼節を重んじたプロフェッショナルな対話を積み重ねることが、社会的な信用を強固にします。

　日々の業務においては、業務提携の条件交渉や進捗報告の仕組み化、窓口担当者の役割確認といった場面として具体化します。個人的な感情を交えず、客観的な実績や事実に基づいて誠実に合意を形成していくことが大切です。相手の立場や要求に配慮しつつも、自らの組織や事業の責任をしっかりと果たすバランス感覚を保ちましょう。日々の連絡を怠らない姿勢が安心を生み出します。

　月後半を迎えると、蠍座へ天体が集まり、主要な契約の締結や重要な共同プロジェクトの本格始動に向けた調整が進みます。細部の文言まで丁寧に確認を怠らず、双方にとって有益な条件を固めていきましょう。

　今月は、他者との信頼できる連携を通じて公的な責任を全うすることがキャリアの安定を支えます。誠意と敬意を持った協働を重ね、確かな実績を築いていきましょう。",仕事上の取引先や協業相手との連絡頻度や情報共有の形式を見直し、進捗確認の手順を明確に整えてみましょう。定例の報告では事実と数値を正確に共有し、双方の責任範囲を再確認することが、強固な社会的信用と円滑なプロジェクト進行を守る大切な助けとなります。
2026_LIBRA,7,11,個別の信頼関係を起点に豊かな仲間との輪を広げる,大切なパートナーや協力者との一対一の信頼を足がかりに、同じ志を持つコミュニティとの連携を深める月です。個々の絆を大切にしながら未来の構想を共有することで、風通しが良く希望に満ちたネットワークが穏やかに育まれます。,"　身近なパートナーとの強固な信頼関係を基礎としながら、より広い友人グループや所属コミュニティとの心地よいネットワークを築いていく時期です。一対一の丁寧な対話で培った安心感を糧に、共通の夢や理想を持つ仲間たちとの交流へ視野を広げていきましょう。個々の多様性を尊重し合う姿勢が、温かな協力関係を育みます。

　日々の生活においては、パートナーと一緒に趣味のオフ会や勉強会に参加したり、友人のプロジェクトを二人で応援したりする場面として現れます。誰か一人を独占しようとしたり排他的になったりせず、オープンで自由な雰囲気を大切にすることが仲間全体の安心につながります。それぞれの個性や特技を認め合い、対等につながる喜びを分かち合いましょう。互いの長所を生かし合う工夫が大切です。

　月後半に入ると、蠍座に天体が集中し、仲間との将来構想や共同イベントの具体的な企画が深まります。本音で語り合える友との絆を確かめ合い、長期的に支え合える関係を整えていきましょう。

　今月は、個別の絆と広がる仲間関係の調和を図ることが日々の生活を明るく彩ります。温かな友情を大切に育み、希望ある未来へ向けて歩みを進めていきましょう。",パートナーや信頼できる友人とこれからの展望について語り合い、興味のあるコミュニティや勉強会の情報を共有してみましょう。オープンな姿勢で新しい仲間の輪に顔を出し、それぞれの活動を応援し合うことが、豊かな人間関係と前向きな活力を育む助けとなります。
2026_LIBRA,7,12,静かな思いやりを通じて相手との深い心の絆を結ぶ,言葉による主張を超えて、相手の心情にそっと寄り添い静かな癒やしを分かち合う月です。静かな環境で心身を休めながらお互いを労り合うことで、見えない信頼の絆が深まり、日常の不安や緊張が穏やかに解きほぐされます。,"　重要なパートナーシップにおいて、理屈や議論を超えた深い共感と思いやりを育む時期です。相手を説得しようとしたり自分の正しさを主張したりするのではなく、相手の置かれた状況や言葉にならない心情を静かに受け止めてあげましょう。お互いに無理をせず、静かな空間で共に過ごす時間が何よりの癒やしとなります。

　普段の生活においては、休日に二人で静かな自然の中を散策したり、お互いの疲れを労って温かい料理を囲んだりする場面として実感されます。過去の些細な行き違いやわだかまりを蒸し返すのではなく、許しと思いやりを持って水に流す優しさが関係を修復します。プライベートな聖域を守り、外からの余計な干渉を避ける工夫を重ねましょう。静かに相手の話に耳を傾ける時間を持つことが心の豊かな栄養になります。

　月後半を迎えると、蠍座へ天体が集まり、心理的な深層での結びつきと感情のデトックスが促されます。無理に言葉を交わさなくても安心していられる静かな信頼関係を大切に育てていきましょう。

　今月は、言葉少なに相手の幸せを願う温かな心が二人の絆を確かなものにします。穏やかで優しい時間を共有し、心安らぐ毎日を過ごしていきましょう。",パートナーや身近な相手の疲労を気遣い、静かで落ち着いた休息の時間を一緒に過ごしてみましょう。相手の言葉に口を挟まず静かに耳を傾け、無理に答えを出そうとせずに寄り添う姿勢を保つことが、深い信頼と精神的な安心感を育むための大切な土台となります。
2026_LIBRA,8,1,自分自身の深い変容を受け入れ心の土台を再生する,内面の奥深くにある感情や執着と向き合い、根本的な自己刷新を果たす月です。他者から受ける影響や託された想いを真摯に受け止めつつ自らの軸を保つことで、精神的な強さと揺るぎない安心感が確立されます。,"　天秤座の季節に入り、自分自身の本質的な変容や他者との深い関わりに意識が向かう月です。月前半は、これまで無意識に抱え込んできたこだわりや恐れを冷静に見つめ直し、手放す準備を進めるのに適しています。表面的なプライドを守るのではなく、自らの弱さや未熟さをも素直に受け止める謙虚さが、内なる強さを引き出します。

　この動きは、日常生活においては自己探究の深まりや、直感の鋭さ、他者からの信頼の厚さとして実感されます。誰かに依存するのでも拒絶するのでもなく、深く結びつきながらも主体的な決断を下す姿勢が求められます。過去の失敗や悔しさを未来への貴重な教訓として昇華させる前向きな意志を持ちましょう。

　中頃から月後半にかけては、蠍座へ天体が集まり、金星の逆行も重なることで、心理的なデトックスと感情の再生が一段と加速します。月末頃には、自分自身の生き方や価値基準を根本から再点検し、より純度の高い目標へと再設定する作業がスムーズに進むでしょう。静かな時間を大切にし、内なるエネルギーを蓄えましょう。

　今月は、変化を恐れずに自己の殻を破り、新しい自分へと生まれ変わるプロセスが大きな実りをもたらします。内面の静けさを大切に守りながら、芯の通った充実した日々を築いていきましょう。",一日の終わりに静かな時間を設け、自分の心に浮かぶ素直な感情や手放したい執着をノートに書き出してみましょう。他者からの親身なアドバイスには真摯に耳を傾け、週末は一人で静かに内省や読書を楽しんで心を整えましょう。深い自己対話が内なる再生を促します。
2026_LIBRA,8,2,手元の資産と共有財産のバランスを整えて安心を固める,個人の収入や預金だけでなく、家族やパートナーとの共有資産や保険関係を整理する月です。不透明な支出や未精算の債務をクリアにし健全な資金計画を立てることで、将来への不安が解消され経済的な安心が得られます。,"　自分自身の財産管理と、他者と深く結びついた共有リソースのテーマが交差する時期です。月前半は、ローンの返済計画や共同名義の口座、税金の支払い予定などを客観的に確認し、無理のない収支バランスを整えるのに好適です。目先の損得にとらわれず、将来の生活防衛を見据えた現実的な資産配分を行いましょう。

　この影響は、日常生活においては固定費の抜本的な見直しや、遺産・保険の契約内容の確認として具体化します。誰がどの負担を負うのかを曖昧にせず、関係者と数字をもとに落ち着いて話し合うことが大切です。手元にあるお金や物を大切に扱いながら、他者から託された資源に対しても責任を持って管理しましょう。

　中頃から月後半に入ると、蠍座に天体が集中し、共有財産の根本的な再構築や不要な出費の削減が一層進みます。月末頃にかけては、これまでの資金運用や契約書類を再点検し、より安全性の高い管理体制へと整える好機です。急な投資話には乗らず、足元の堅実な管理を徹底しましょう。

　今月は、数字に基づいた冷静な現状把握と誠実な資産整理が長期的な安心の土台となります。手元のリソースを賢く守りながら、心地よく安定した毎日を整えていきましょう。",共有口座の明細や保険証券、ローンの償還表を整理し、現状の負債や資産状況を正確に把握しましょう。家族やパートナーとお金の管理ルールについて穏やかに話し合い、週末は不要なサブスクリプションの解約を進めましょう。明確な資産管理が将来の安心を支えます。
2026_LIBRA,8,3,共有事項に関する丁寧な確認と情報共有を徹底する,家族や共同事業者との間で管理する財産や契約条件について、日々の連絡と確認を細やかに行う月です。曖昧な思い込みを排して正確な情報を共有することで、行き違いを防ぎ、安心できる強固な協力基盤が整えられます。,"　他者との共同財産や契約関係、責任の所在といったデリケートなテーマについて、日常的なコミュニケーションを通じて明確にしていく時期です。これくらいは言わなくても分かるだろうという過信を避け、重要事項ほど短いメモやメッセージを活用して具体的に記録を残していきましょう。透明なやり取りが相互の不信感を防ぎます。

　実際の暮らしにおいては、家計のレシートの共有や、保険の約款の読み合わせ、共有備品の管理ルールの確認といった細やかな日常作業として現れます。難しい法律用語や専門的な条件も、自分なりに分かりやすい言葉に置き換えて相手とすり合わせることが大切です。疑問点があればその都度質問し、お互いの認識にズレがないか確かめ合いましょう。こまめな報連相を意識することが大切です。

　月後半に入ると、蠍座に天体が集中し、契約書類の本格的な点検や共同リソースの長期運用計画の確認が進みます。細かな数字の整合性をしっかりと検証し、安心できる取り決めを固めていきましょう。

　今月は、正確な対話と情報整理を通じて足元の共有関係を強固にすることが大きな安心をもたらします。丁寧なやり取りを積み重ね、落ち着いた日々を過ごしていきましょう。",手元にある契約書や保険証券、共同管理の明細書を確認し、不明点があれば要点をメモに書き出して窓口や相手に問い合わせてみましょう。共有事項に関するやり取りはメッセージ履歴に残して整理し、正確な事実確認を重ねることが安心な基盤を支える助けとなります。
2026_LIBRA,8,4,家族のルーツや住居の基盤を整えて深い安心感を育む,家族間の絆や住まいに関する重要な歴史に向き合い、家庭の土台を強化する月です。先祖から受け継いだ家財の整理や住環境の根本的な手入れを行うことで、心の奥底から湧き上がる安らぎが得られます。,"　深い共有や継承のテーマが、自分自身の家庭や安心できる住まいの拠点へと注がれる時期です。月前半は、実家の片付けや住まいに関する重要書類の整理、家族の歴史を振り返る対話を進めるのに好適です。家族間で曖昧になっていた感情のしこりや懸念事項を優しく解きほぐすことで、家庭内の空気感が清々しく生まれ変わります。

　この影響は、日常生活においては防災備蓄の抜本的な強化や、家財道具の手入れ、家族との深い団らんとして現れます。住居の安全性や衛生環境を徹底して見直すことが、家族全員の心身の安定を守る基盤となります。昔の思い出の品を慈しみながら、今の生活に必要なものを選び取る整理を進めましょう。

　中頃から月後半に入ると、蠍座に天体が集中し、不動産や住まいの権利関係に関する深い見直しが進みます。月末頃にかけては、住宅設備の点検や火災保険の内容確認など、足元の安全を守る具体的な手続きを進める好機です。家族との穏やかな対話を重ねて安心を確かなものにしましょう。

　今月は、自らのルーツに感謝し、安心できる家庭の拠点を盤石にすることが人生全体の運気を支えます。温かな居場所を手入れしながら、穏やかで幸福な日々を築いていきましょう。",実家や自宅にある重要書類や保険証券の保管場所を点検し、家族と緊急時の連絡ルールを確認しましょう。押し入れや物置の奥にある古い荷物を仕分けして整理し、週末は部屋の拭き掃除を行って清々しい空間を保ちましょう。足元の環境整備が心の奥底に安らぎをもたらします。
2026_LIBRA,8,5,深層の情熱をじっくり掘り下げ独自の創作へ昇華する,自らの心の奥底にある強いこだわりや情熱を注ぎ込み、深みのある作品づくりや研究に打ち込む月です。妥協のない丁寧な創作に向き合うことで、表面的な流行にとらわれない確かな手応えと表現の喜びが得られます。じっくり取り組みましょう。,"　一時的な流行や軽やかな気晴らしを超えて、自らの内なる情熱や深いテーマとじっくり向き合い、創作活動に没頭する時期です。心の中に秘めていた独特のアイデアや専門的な研究テーマに時間を注ぎ、納得のいく形へと丹念に磨き上げていきましょう。集中して一つの対象に深く分け入る姿勢が、作品に類まれな重厚さと説得力を与えます。

　普段の生活においては、専門的な技術の反復練習や、濃密なアート鑑賞、静かなアトリエでの作業といった場面で現れます。他者からの手軽な評価を急ぐのではなく、自らの美意識が納得できるまで細部にこだわり抜く職人的な姿勢が大切です。信頼できる仲間と創作の試行錯誤について本音で語り合うことも、深い刺激となります。自分の表現を信じて探求を深め、日々の表現を磨いていきましょう。

　月後半を迎えると、蠍座へ天体が集まり、作品の仕上げや表現の洗練が一層加速していきます。これまでに蓄積したアイデアを整理し、無駄な要素を削ぎ落として本質を際立たせる推敲作業を進めていきましょう。

　今月は、内なる情熱を深く掘り下げて表現することが大きな充実感をもたらします。自らの美意識を信じ、心ゆくまで創作の世界に打ち込んでいきましょう。",探求してみたいテーマに関する専門書や資料を集め、作品づくりや研究の構成案をじっくり練ってみましょう。手元の作業に集中できる静かな時間を意識的に確保し、細部まで丁寧に仕上げる工夫を重ねることが、納得のいく確かな成果を形作る大切な基盤となります。
2026_LIBRA,8,6,日々の実務手順を抜本的に改善し心身のデトックスを図る,業務プロセスの無駄を根本から削ぎ落とし、身体の奥に溜まった疲労を丁寧にケアする月です。生活習慣や作業ルーティンを徹底して見直すことで、体質が改善され軽快で持続可能な働き方が実現します。,"　実務の効率化や健康管理のテーマが、根本的な生活習慣の改善やデトックスと結びつく時期です。月前半は、日頃の業務手順における非効率な工程を洗い出し、不要な作業を徹底的に省くマニュアル作りや仕組み化に好適です。身体に負担をかけていた夜更かしや偏食を改め、規則正しい生活リズムへと舵を切りましょう。

　この影響は、日常生活においては体調の好転や作業スピードの向上、デスク周りの徹底清掃として実感されます。慢性的な疲労の原因を突き止め、適切な休養や栄養補給を取り入れることが健康の底上げにつながります。職場の同僚に対しても細やかなサポートを提供し、業務の滞りを解消していきましょう。

　中頃から月後半に入ると、蠍座に天体が集中し、体質改善や専門的な実務スキルの習熟が一段と進みます。月末頃にかけては、日頃の健康記録や業務ログを総括し、今後の長期的なセルフケア計画を確立する好機です。無理のない持続可能なペースを守り、心身の調和を維持しましょう。

　今月は、心身の不要な負担を削ぎ落とし、機能的で健やかな毎日を整えることが大きな成果を生みます。整ったルーティンを味方につけ、自信に満ちた快適な日々を過ごしていきましょう。",日々の業務で無駄だと感じていた作業手順をリストアップし、工程を簡略化する改善策を実行に移してみましょう。身体を温める食事や入浴習慣を取り入れて老廃物の排出を促し、週末は作業スペースを隅々まで清掃しましょう。根本的な改善が日々の活力を高めてくれます。
2026_LIBRA,8,7,パートナーと本音を分かち合い深い信頼関係を結び直す,大切な相手や協業パートナーと腹を割ってじっくり話し合い、絆を根本から強固にする月です。表面的な取り繕いをやめて真実の想いを伝え合うことで、誤解が解け揺るぎない協力体制が築かれます。,"　一対一の人間関係やパートナーシップが、表面的な社交を超えて魂の深い対話へと踏み込む時期です。月前半は、お互いが胸の内に秘めていた本音や将来の不安を率直に語り合い、真の理解を深めるのに最適です。相手を傷つけることを恐れて沈黙するのではなく、温かい誠実さを持って対話を重ねることが絆を再生させます。

　この動きは、日常生活においては真剣な相談事や、共同での契約見直し、深い信頼の再確認として具体化します。お互いの欠点や弱さを受け入れ合い、共に支え合って生きていく覚悟を共有することが大切です。ビジネスでのパートナーシップにおいても、透明性の高い情報共有が強力な協力基盤を作ります。

　中頃から月後半にかけては、蠍座へ天体が移ることで、二人の結びつきがより濃密で揺るぎないものへと進化します。月末頃には、これまでに交わした約束や合意事項を振り返り、現状に合わせた新たなルールを合意するプロセスが有効です。真実の対話を貫きましょう。

　今月は、他者と誠実に向き合い、何があっても揺るがない深い絆を育むことが最大のテーマとなります。温かな信頼を胸に抱きながら、安心に満ちた素晴らしい未来を二人で歩んでいきましょう。",パートナーや大切な関係者と二人きりで静かに向き合う時間を設け、心の中の素直な想いや悩みを打ち明けてみましょう。相手の言葉を遮らずに最後までじっくり耳を傾け、週末は二人の将来の展望について穏やかに語り合いましょう。真摯な対話が揺るぎない絆を築きます。
2026_LIBRA,8,8,共有財産や継承のテーマに向き合い強固な安心基盤を作る,他者との共有資産や保険、受け継いだ権利関係を徹底して整理し、未来の安心を固める月です。複雑な問題から目を背けず専門的な手続きを進めることで、心理的な重荷が解け盤石な生活基盤が整います。,"　共有と再生を司る第8ハウスに太陽を迎え、人生の根幹に関わる資産や人間関係を再構築する重要な時期です。月前半は、共同名義の口座や保険、税務や相続に関する契約内容を詳細に点検し、万全の管理体制へと整えるのに絶好のタイミングです。曖昧になっていた権利関係を明確にすることが、将来のリスクを未然に防ぎます。

　この影響は、日常生活においては重要書類の整理や専門家への相談、未処理の負債清算として具体化します。感情論に流されることなく、客観的な事実と数字に基づいて冷静に対処する姿勢が求められます。他者から託された大切な資源や役割に対しても、誠実な責任感を持って全うしましょう。

　中頃から月後半に入ると、蠍座に天体が集中し、共有財産の根本的な整理や心理的なデトックスが一層加速します。月末頃にかけては、これまでの手続きの成果を総括し、関係者と今後の長期的な運用方針を合意する好機です。足元の土台を隙なく固めましょう。

　今月は、深い重要課題をすっきりと解決し、揺るぎない安心基盤を築くことが最大の成果をもたらします。誠実な手続きを積み重ねて心の負担を解消し、前向きで健やかな毎日を過ごしていきましょう。",保険証券や重要契約書、ローンの残高明細をファイリングし、現状の資産と負債のバランスを正確に把握しましょう。共有財産に関する疑問点があれば専門家や窓口に相談し、週末は不要な重要書類を安全に処分しましょう。明確な整理が盤石な安心を生み出します。
2026_LIBRA,8,9,深遠な哲学や専門知識を探究し知的な視野を大きく広げる,物事の本質や心理の深層に迫る高度な学問に没頭し、自らの人生観を豊かに深める月です。専門的な研究や思想に触れて深く考察することで、思考の次元が高まり未来に向けた確かな指針が得られます。,"　深い探究心のエネルギーが、高度な学術や哲学、精神世界の真理へと向けられる時期です。月前半は、心理学や歴史、専門的な科学技術に関する専門書を読み解き、物事の根本原理を理解する学びに最適です。表面的な情報収集に満足せず、「なぜそうなるのか」という本質的な問いを追究することが知性を大きく高めます。

　この動きは、日常生活においては専門講座の受講や研究ノートの作成、知的な議論の場として実感されます。異なる時代や異文化の知恵を学ぶことで、現在の自分自身が直面している課題を高い視点から見つめ直すことができます。学んだ深い知見を実生活にどう活かすかを考える姿勢が大切です。

　中頃から月後半にかけては、蠍座へ天体が移ることで、理論の学習から特定の深遠なテーマを究める専門的研究へと集中します。月末頃には、これまでに得た知見を論文や体系的なレポートにまとめ直す作業が充実感をもたらします。高い探究心を持ち続け、真理への理解を深めていきましょう。

　今月は、深遠な真理を探究し、自らの精神を豊かに高めることが人生の大きな飛躍をもたらします。知的好奇心を存分に羽ばたかせながら、希望に満ちた広い世界への視野を切り拓いていきましょう。",関心のある学術分野や専門書をじっくり読み進め、気になった考察や引用をノートに体系的に整理してみましょう。異文化の思想や歴史に関するドキュメンタリーに触れ、週末は静かな環境で将来の学習構想を前向きに練りましょう。深遠な学びが思考を豊かに広げます。
2026_LIBRA,8,10,組織や社会の重要課題を解決しプロとしての信用を高める,職場で責任ある重要案件や引き継ぎ業務を誠実にやり遂げ、社会的評価を確立する月です。複雑な課題から逃げずに着実な成果を出すことで、組織内での地位と周囲からの確固たる信頼が築かれます。,"　深い実務処理能力や危機管理のスキルが、社会的なキャリアや公の場での実績づくりへと直結する時期です。月前半は、難航していたプロジェクトの立て直しや、重要顧客との条件交渉、機密事項の管理など、難度の高い職務を果たすのに好適です。困難な状況でも冷静沈着に対処するプロフェッショナルな姿勢が、上司や関係者から絶大な評価を集めます。

　この影響は、日常生活においては業務の進捗管理や予算の適正化、公式な場での堂々とした対応として具体化します。表面的なアピールよりも、実質的な成果と数字で結果を示す誠実さが信用を強固にします。他者から引き継いだ重要な仕事に対しても、敬意を持って丁寧に遂行しましょう。

　中頃から月後半に入ると、蠍座に天体が集中し、組織内での長期的な権限の委譲や重要ポストへの登用が進みます。月末頃にかけては、これまでの実績データや改善成果をまとめた報告書を作成し、関係者へ提出する好機です。着実な努力の成果を証明しましょう。

　今月は、自らの責任を全うし、社会的な信用を着実に築き上げることがキャリアの大きな支えとなります。誇りを持って目の前の職責を果たし、確かな前進を続けていきましょう。",担当している重要業務の課題を洗い出し、関係者と連携しながら具体的な解決手順を実行に移しましょう。上司や取引先への報告は事実と根拠を明確にして行い、週末は一週間の成果を振り返って次期目標を設定しましょう。責任ある取り組みがプロの信用を築きます。
2026_LIBRA,8,11,仲間との共同リソースを整え将来の活動基盤を固める,所属するコミュニティやグループでの共有財産や活動資金を透明化し、健全な運用ルールを整える月です。仲間と将来のビジョンを共有しながらルールを明確にすることで、持続可能で頼もしい協力体制が確立されます。運営を整えましょう。,"　友人グループや所属するコミュニティにおいて、活動のための共同資金や共有備品、利用規約を透明に整え直す時期です。志を同じくする仲間と良好な関係を長く維持するためにも、リソースの管理責任や費用負担のルールを明確にし、誰もが安心して参加できる体制を確立していきましょう。

　日々の活動においては、会費の収支報告の作成や、オンラインツールの管理権限の設定、共同出資のルール確認といった場面として具体化します。金銭や権限の扱いを曖昧にせず、オープンな形で共有することが集団の結束を高めます。仲間の意見を公平に聞き入れつつ、現実的な運用基準を整える調整役として力を発揮しましょう。信頼関係を大切に育むことが、組織の健全な発展を支える鍵となります。

　月後半に入ると、蠍座に天体が集中し、長期的なプロジェクト基金の管理や共同契約の見直しがスムーズに進みやすくなります。これまでの活動実績や会計ログを丁寧に総括し、今後の活動方針を関係者全員と確認していきましょう。

　今月は、仲間と共に足元のリソースをしっかりと整えることが未来の可能性を広げます。透明性の高い運営を心がけ、希望に満ちた活動を前進させていきましょう。",所属するグループや共同プロジェクトの収支記録を点検し、改善すべき運用ルールや管理手順を箇条書きにまとめてみましょう。定例の連絡で現状を分かりやすく共有し、全員が納得できる透明な管理体制を整えることが、仲間との確かな結束を支える鍵となります。
2026_LIBRA,8,12,静寂の中で深層意識を見つめ直し心の重荷を手放す,静かな環境で自己の内面と深く向き合い、過去の執着や不要になった感情のしがらみを穏やかに手放す月です。心の奥底をクリアに整えることで、精神的な落ち着きと新たな前進に向けた活力が自然に養われます。内省を深めましょう。,"　外の世界の出来事から一歩身を引き、自分自身の深層心理に眠る感情や過去の記憶を静かに見つめ直す時期です。知らず知らずのうちに抱え込んでいた他者への執着や、過去の出来事に対する後悔を無理に押し込めるのではなく、静かな心で受け止めながら手放していきましょう。

　生活の場においては、一人で過ごす静かな夜の時間や、日記の執筆、心を落ち着かせる瞑想や休息として現れます。無理に前向きになろうと焦る必要はありません。自分の弱さや恐れも優しく認め、心の中を整理することで、何ものにも縛られない健やかな精神の余白が戻ってきます。自然豊かな静かな場所で深呼吸するのも良い助けとなります。心身を優しく労り、自分を許してあげる時間を大切に持ちましょう。

　月後半を迎えると、蠍座へ天体が集まり、内面的な感情のデトックスと再生のプロセスが深まります。書き溜めたノートを読み返しながら、自分にとって本当に大切な気づきを整理し、心の平穏を取り戻していきましょう。

　今月は、静寂の中で自分自身の心と深く和解することが何よりの癒やしとなります。穏やかな気持ちで自らを優しく慈しみ、落ち着いた心豊かな日々を過ごしていきましょう。",静かな部屋で照明を落とし、心に浮かぶ感情や過去の記憶を手帳に書き出して客観的に眺めてみましょう。感情を否定せずにありのまま受け止め、休日は静かな環境でゆったりと身体を休めることが、深い心の平穏と健やかな活力を取り戻すための大切な土台となります。
2026_LIBRA,9,1,高い理想と広い視野を掲げて自己の可能性を切り拓く,自らの信念や世界観を大きく広げ、新しい挑戦に向けて主体的に踏み出す月です。日常の狭い枠組みにとらわれず高度な学問や未知の体験に触れることで、内なる自信が深まり人生の新たな展望が力強く開かれていきます。,"　天秤座の季節に入り、自分自身の人生哲学や未来への壮大なビジョンに意識が向かう月です。月前半は、これまでの固定観念を脱ぎ捨て、より広い世界や高度な知見に触れて知的な冒険を楽しむのに最適なタイミングです。周囲の小さな評価に一喜一憂するのではなく、自分が心から目指したい高い理想を堂々と掲げる姿勢が道を拓きます。

　この動きは、日常生活においては学習意欲の飛躍や、遠方への旅行計画、自らの意見を堂々と主張する態度として実感されます。誰かの受け売りではない自分自身の言葉で真理を語ることで、周囲の人々にも前向きな勇気と知的な刺激を与えることができます。直感的に興味を惹かれた専門分野の探究に積極的に乗り出しましょう。

　中頃から月後半にかけては、蠍座へ天体が集まり、金星の逆行も重なることで、表面的な知識の吸収から一つの深遠な思想を究める探究へとシフトします。月末頃には、これまでに学んだ知見を振り返り、自分自身の核となる信条を再確認する作業が心のブレを解消します。高い視点を保ちながら着実に前進しましょう。

　今月は、自らの可能性を信じて視野を広げ、希望に満ちた未来を描くことが何よりの活力となります。知的な探究心を胸に抱きながら、堂々とした充実の日々を過ごしていきましょう。",関心のある学術分野や専門書を手に取り、日々の生活の中で読書と思索の時間をしっかり確保してみましょう。将来挑戦したい旅や留学、資格取得の計画を具体的にノートに書き出し、週末は景色の開けた場所で未来の抱負を思い描きましょう。高い視点が行動力を高めます。
2026_LIBRA,9,2,自らの才能や専門知識を磨き実生活の価値へと高める,高度なスキルや専門知識の習得に手元のリソースを投資し、知的な資産を育てる月です。学んだ理論を日々の実務や収入基盤の強化に活かすことで、経済的な安心感と確固たる自己信頼が形作られます。,"　高度な知の探究や広い視野が、手元の生活資源や自らの稼ぐ力の向上と結びつく時期です。月前半は、専門資格の取得や高度な実務スキルの学習に自己投資を行い、中長期的なキャリアの武器を増やすのに好適です。目先の出費を惜しむのではなく、将来の自分を豊かにするための賢明な学びにお金を配分しましょう。

　この影響は、日常生活においては専門書の購入やオンライン講座の受講、語学力の向上として具体化します。学んだ知識を単なる教養で終わらせず、「どうすれば実生活や仕事の成果に結びつけられるか」を考える現実的な姿勢が大切です。自らの知識や技術に対して正当な価値を見出す意識が育ちます。

　中頃から月後半に入ると、蠍座に天体が集中し、専門的な金融知識や資産管理の高度なノウハウを深く掘り下げる流れとなります。月末頃にかけては、これまでに投資した教材や資料を整理し、実務への活用度を点検する作業が有効です。確かな知識に裏打ちされた盤石な基盤を築きましょう。

　今月は、知的な自己投資を通じて自らの価値を高め、生活の土台を豊かにすることが幸運の鍵となります。賢くリソースを活用しながら、確かな成長の手応えを味わっていきましょう。",将来のキャリアや実務に直結する専門講座や資格試験の情報を調べ、具体的な受講計画を立ててみましょう。学んだ専門知識を実務でどう活かすか箇条書きで整理し、週末は手持ちの専門書や参考資料をファイリングして整理しましょう。知的な投資が将来の安定を支えます。
2026_LIBRA,9,3,身近な情報発信と高度な知見を融合させて知性を磨く,日々の情報交換や学習を通じて知的な視野を広げ、分かりやすい言葉で発信する月です。専門的な知恵を身近な対話に上手に取り入れることで、周囲とのコミュニケーションが活性化し深い信頼が集まります。,"　身近なコミュニケーションの力と、高度な専門知識や哲学的な探究が美しく調和する時期です。月前半は、学んだ高度な知見を分かりやすく噛み砕いて周囲に伝えたり、SNSやブログで発信したりするのに最適です。難解な理論を日常の言葉へと翻訳する工夫が、あなた自身の理解を一段と深め、知的な発信力を高めます。

　この動きは、日常生活においては読書ノートの共有や、知的な友人との議論、身近な移動先での新しい発見として実感されます。知的好奇心の赴くままに多様なジャンルの本を乱読することで、思わぬアイデアの結びつきが生まれます。近場への外出やセミナーへの参加も良い刺激となるでしょう。

　中頃から月後半にかけては、蠍座へ天体が移ることで、拡散していた興味から特定の専門テーマを徹底的に論理化する作業へと移行します。月末頃には、書き溜めた文章やメモを読み返し、論理構成をより明快に整える推敲が効果的です。言葉の正確さと深みを大切にしましょう。

　今月は、知的な学びを発信へとつなげ、身近な世界に新しい風を吹き込むことが大きな充実感をもたらします。軽やかな対話を楽しみながら、知性あふれる豊かな日々を過ごしていきましょう。",最近学んだ専門知識や感銘を受けた本の内容を要約し、身近な人へのメッセージやノートで共有してみましょう。興味のある分野の解説動画や記事をチェックして知見を広げ、週末は少し離れた大型書店を訪れて新しい本を探しましょう。分かりやすい発信が知性を深めます。
2026_LIBRA,9,4,家庭や住まいに知的な教養を取り入れ心の拠り所を深める,自宅に落ち着いた読書空間や学習環境を整え、家族と共に知的な豊かさを育む月です。広い世界の文化や哲学を生活に取り入れることで、私生活の満足度が高まり家庭内に穏やかな安心感が広がります。,"　高度な精神性や広い世界への探究心が、自分自身の家庭や安心できる住まいづくりへと注がれる時期です。月前半は、部屋の中に静かに読書や勉強ができる書斎コーナーを整えたり、異国の文化や歴史に関する本を本棚に並べたりするのに好適です。家の中で過ごす時間を豊かな知のオアシスへと仕立て上げましょう。

　この影響は、日常生活においては家族との哲学的な対話や、海外の料理を食卓に取り入れる工夫として現れます。家族それぞれの知的な関心や将来の夢を尊重し合い、温かく応援する家庭環境を築くことが大切です。住まいの中で心が解き放たれ、どこまでも自由に思索を深めることができるでしょう。

　中頃から月後半に入ると、蠍座に天体が集中し、先祖のルーツや家族の伝統に関する深い探究へと関心が深まります。月末頃にかけては、自宅にある古い書籍やアルバムを整理し、自分自身の原点にある知恵を再発見する作業が心の平穏をもたらします。温かな家庭の拠点を守りましょう。

　今月は、住まいを知的な安らぎの場へと育て、家族と共に豊かな教養を分かち合うことが人生の幸福感を高めます。落ち着いた空間を手入れしながら、心満たされる毎日を過ごしていきましょう。",部屋の一角に快適な読書スペースを整え、間接照明や座り心地の良いクッションを配置してみましょう。世界の歴史や文化に関するドキュメンタリーを家族と鑑賞し、週末は異国のハーブやスパイスを使った料理を自宅で楽しみましょう。知的な住環境が心の安らぎを深めます。
2026_LIBRA,9,5,専門的な知見と独自の感性を融合させて表現を楽しむ,高度な学術や哲学的なテーマを自らの創作や趣味に取り入れ、深みのある表現を存分に味わう月です。知的好奇心を刺激しながら情熱を形にすることで、心豊かな充実感と独自の手応えが得られます。知的な探求を楽しみましょう。,"　高度な専門知識や広い世界観を、自らのクリエイティブな趣味や自己表現の活動へと楽しく結びつけていく時期です。専門書や芸術の歴史に触れて得たインスピレーションを、日々の制作や発信のアイデアとして活かしていきましょう。知的な深みを伴った表現に取り組むことが、表現者としての新たな手応えをもたらします。

　日々の暮らしにおいては、文化的な展示会への参加や、専門知識を盛り込んだ文章・イラストの制作、知的な遊びの探求として具体化します。難解な理論をそのまま並べるのではなく、自分自身の感性を通して親しみやすい表現へとアレンジする工夫が大切です。自らの知的好奇心を信じて、新しい技法やテーマに果敢に挑戦しましょう。楽しむ姿勢が表現をより魅力的に輝かせ、自信を深めてくれます。

　月後半に入ると、蠍座に天体が集中し、表現活動がより濃密で専門的な探求へと深化していきます。これまでに得た着想を整理し、一つの作品をじっくりと作り込んでいくプロセスが大きな喜びをもたらします。

　今月は、知性と情熱を組み合わせて創造的な活動に打ち込むことが日々の充実感を高めます。知的な冒険を楽しみながら、心躍る毎日を過ごしていきましょう。",専門的な芸術理論や名作の解説書を読み、自分の創作活動や趣味に新しい視点を取り入れてみましょう。心惹かれる展示会や劇場へ足を運んで表現に触れ、集中して制作に没頭できる時間を確保することが、豊かな表現力と知的な手応えを育む確かな助けとなります。
2026_LIBRA,9,6,専門知識や高度な理論を日々の実務に応用して改善する,学んだ理論や最新の知見を毎日の業務手順に積極的に導入し、実務の質と効率を高める月です。作業の意味を高い視点から理解し健康管理を整えることで、心身の負担が減り確かな実務力が身につきます。,"　高度な専門知識や哲学的な視点を、日々のルーティンワークや健康管理の実践へと落とし込む時期です。月前半は、最新の業務マニュアルを調べたり、身体の仕組みに関する医学的な知見を生活に取り入れたりするのに好適です。単調な作業を機械的にこなすのではなく、その背後にある論理的な構造を理解することで、業務の質が劇的に向上します。

　この影響は、日常生活においてはタスク管理ツールの高度な活用や、栄養学に基づいた食事改善として実感されます。日々の実務における無駄を省き、よりスマートで洗練されたワークフローを確立することがプロとしての自信を育てます。職場の同僚に対しても論理的で分かりやすい助言を提供しましょう。

　中頃から月後半に入ると、蠍座に天体が集中し、専門技術の習熟や根本的な体質改善への取り組みが一層進みます。月末頃にかけては、日頃の業務データや健康記録を分析し、長期的な改善計画を確立する好機です。無理のない持続可能なペースを守りましょう。

　今月は、知恵を実務に活かして生活の細部を機能的に整えることが長期的な成果をもたらします。整ったワーキングリズムを味方につけ、自信に満ちた快適な日々を過ごしていきましょう。",業務に関連する専門書や最新の解説記事を１冊読み進め、実務に応用できる改善アイデアをリスト化しましょう。栄養バランスや睡眠のメカニズムを学んで日々の生活習慣を整え、週末は作業デスクの配置を見直しましょう。高度な知見の応用が日々の実務力を支えます。
2026_LIBRA,9,7,パートナーと共に知的な対話を深め人生の視野を広げる,大切な相手や協業パートナーとお互いの人生観や将来の哲学を語り合い、相互理解を深める月です。広い視点から未来のビジョンを共有することで、対等で知的な刺激に満ちた心強い関係性が築かれます。対話を大切にしましょう。,"　身近なパートナーや重要な関係者と一緒に、広い世界や人生の理念について語り合い、お互いの視野を広げていく時期です。目先の日常的な用件だけでなく、これからどんな人生を歩みたいか、どんな学びを深めたいかといった大局的なテーマについて対話を重ねていきましょう。知的な共感を分かち合うことが、関係性をより深めます。

　日々の生活においては、お互いが読んだ本の感想を話し合ったり、将来の旅行計画を練ったり、異文化に関するイベントに二人で参加したりする場面として現れます。相手の考え方を頭ごなしに否定せず、異なる人生観を互いに学び合う姿勢が、対等で成熟したパートナーシップを育てます。お互いの知的な成長を応援し合いましょう。誠実な対話が信頼を深めます。

　月後半を迎えると、蠍座へ天体が集まり、知的な対話から将来の約束や具体的な人生設計に関する真剣な話し合いへと進展します。互いの大切にしたい信念を確認し合い、長期的に支え合える絆を深めていきましょう。

　今月は、他者と共に高い理想を目指し、知的な刺激を与え合える関係性を育むことが前向きなエネルギーをもたらします。温かな敬意を胸に、充実した対話の時間を重ねていきましょう。",パートナーと一緒に楽しめる文化的なイベントや旅行の計画を立て、お互いの将来の夢について語り合ってみましょう。相手が興味を持っている分野の本や話題にじっくり耳を傾け、落ち着いた環境で知的な対話を楽しむことが、二人の絆を豊かに深める基盤となります。
2026_LIBRA,9,8,深遠な真理や共有財産のテーマを探究し根本的な知恵を得る,心理学や歴史、他者との共有資産に関する深遠なテーマを徹底的に学び、本質を見抜く知恵を養う月です。複雑な問題の根本原因を論理的に解明することで、心の不安が解消され揺るぎない安心感が得られます。,"　高度な学問や哲学のエネルギーが、他者との深い共有関係や心理的な深層の探究へと向けられる時期です。月前半は、心理学や資産運用、先人の思想書を読み解き、人生の根本的なルールを学ぶのに好適なタイミングです。表面的な事象に惑わされず、物事の裏にある本質的な真理を見極める洞察力を磨きましょう。

　この影響は、日常生活においては専門的な相談事の解決や、共有財産の適正な管理、深い精神的な気づきとして現れます。他者から受け継いだ大切な知識や想いを真摯に受け止め、自らの知恵として昇華させる姿勢が求められます。複雑な人間関係の背景を論理的に理解することで、心の重荷が自然と軽くなります。

　中頃から月後半に入ると、蠍座に天体が集中し、専門的な探究と感情のデトックスが一層加速します。月末頃にかけては、これまでに得た知見を整理し、自分自身の生活設計や哲学として確立する作業が効果的です。冷静な事実確認と深い思索を徹底し、確かな知恵を身につけましょう。

　今月は、深遠な真理に向き合い、物事の本質を解き明かす知恵を身につけることが大きな精神的安定をもたらします。誠実な態度で真理を探究し、前向きで充実した日々を過ごしていきましょう。",心理学や歴史、金融に関する専門書をじっくり読み進め、物事の根本原理についての考察をノートにまとめましょう。共有資産や契約書類の不明点を専門的な視点から確認し、週末は一人で静かに内省を深めましょう。深遠な探究が物事の本質を見抜く知恵を育てます。
2026_LIBRA,9,9,高度な知性と広い視野を発揮して人生の地平線を広げる,専門的な学術研究や哲学的な探究に没頭し、自らの精神的な世界観を豊かに広げる月です。未知の領域へ積極的に飛び込み高い理想を追求することで、知的な確信と未来への明確な指針が確立されます。探究の歩みを進めましょう。,"　自らの精神的な視野を大きく広げ、専門的な学術研究や人生哲学の探究に深く打ち込む時期です。日常の些細な雑務から少し視点を引き上げ、物事の本質や長期的な人類の知恵に触れることで、自分自身の生き方に確かな指針を打ち立てていきましょう。高い志を持って学びに向き合う姿勢が、思考を澄み切ったものへと高めます。

　実際の暮らしにおいては、本格的な専門書の精読やオンライン講座の受講、知的な旅行の計画といった場面で具体化します。表面的な情報収集で満足するのではなく、物事の原理原則を深く突き詰めて考える姿勢が知性を鍛えます。偏った独善に陥らないよう、多様な学説や異文化の価値観を柔軟に比較検討する大らかさを保ちましょう。深い探求が洞察を磨きます。

　月後半に入ると、蠍座に天体が集中し、広範な学習から一つの専門分野を極める深いリサーチへと集中していきます。これまで学んだ内容を体系的なノートやレポートにまとめ直し、今後の活動に活かせる実践的な知恵として定着させましょう。

　今月は、自らの知性を信じて可能性を広げ、未来への展望を切り拓くことが日々の前進を支えます。知的好奇心を存分に羽ばたかせ、誇りある歩みを進めていきましょう。",本格的な専門書や学術書をじっくり読み進め、自らの研究テーマや人生観を体系的にノートへ書き記してみましょう。将来の長期的な学習や旅の構想を具体的に練り、視野を広げる知的な時間を意識的に確保することが、未来に向けた明確な指針を築く助けとなります。
2026_LIBRA,9,10,専門知を社会で試し、進路の見通しを更新する,専門的な学びや遠くまで見渡す視点を、仕事上の判断や公的な説明へ結びつける月です。知識を権威づけに使うのではなく、根拠を確かめ、異なる立場にも伝わる形へ整えることが、進路を見直す助けになります。,"今月、前面に出るのは、専門分野を深めること、これまでの常識を越えて視野を広げること、そして得た知識を自分の言葉で社会へ渡すことです。資格や肩書を増やすこと自体より、何を学び、どの判断に使うのかが問われます。月の前半は複数の見解を比べ、前提や根拠を確認しながら、自分の立場を急いで決めない姿勢が役立ちます。

その動きは、仕事や公的な立場で具体的に感じやすくなります。研修で得た知見を業務へ応用する、専門的な内容を関係者へ説明する、今後の進路に必要な学びを選び直す、といった形です。評価を得るために難しい言葉を並べるより、現場で使える基準へ翻訳することが大切です。知らないことを認めて調べ直す態度も、責任ある振る舞いの一部になります。

月の後半は、広く集めた情報から重要な論点を絞り込み、表面的な理解で済ませていたテーマを掘り下げる流れへ移ります。水星の動きが判断の再確認を促す月末頃は、発表や申請を急ぐより、引用元、数値、契約条件、説明の順序を点検してください。結論が変わる場合も、検討の過程を記録しておけば周囲と共有しやすくなります。

学びを仕事上の実績に直結させようと焦らず、今後の判断を支える土台として育てる月です。社会的な役割の中で試してみて、足りない知識を持ち帰る往復を重ねることで、自分に必要な専門性と進路の方向が少しずつ見えやすくなります。",今抱えている仕事上の課題を一つ選び、その判断に必要な資料と不足している知識を書き出してください。調査した内容は、専門外の人にも伝わる短い説明へまとめます。月末頃は提出や発表の前に、出典、数値、前提条件をもう一度確認しましょう。確認結果もメモに残します。
2026_LIBRA,9,11,志を同じくする仲間と知的な議論を交わし未来を構想する,世界観や理念を共有する友人やコミュニティの仲間と集い、明るい未来の青写真を描く月です。フラットな立場で知的な意見を交換し合うことで、心強いネットワークと希望に満ちた共同計画が形作られます。,"　高度な理想や哲学的なビジョンが、コミュニティ活動や未来のネットワーク作りへと向けられる時期です。月前半は、勉強会やシンポジウム、サークルの仲間と社会の未来や共通の夢について語り合い、新しいプロジェクトの構想を練るのに最適です。多様な意見を尊重し合いながら、より良い社会を目指して知恵を結集させましょう。

　この動きは、日常生活においてはオンラインでの活発な意見交換や、知的なイベントの企画、仲間への情報共有として現れます。肩書や利害関係にとらわれないオープンな対話を重ねることで、革新的なアイデアが次々と生まれます。志を同じくする仲間との連帯感が、日々の生活に前向きな活力を与えてくれます。

　中頃から月後半にかけては、蠍座へ天体が移ることで、大勢での議論からコアなメンバーとの具体的な実行計画の策定へと移行します。月末頃には、チームの活動理念や長期的なスケジュールを整理し、合意を形成する作業が有益です。温かな友情を大切に育みましょう。

　今月は、仲間と共に高い理想を掲げ、希望ある未来を共に創り出すことが大きな充実感をもたらします。素晴らしい仲間たちと手を取り合い、活気ある充実した日々を過ごしていきましょう。",関心のあるテーマについての勉強会やオンライン交流会を企画し、仲間と自由に意見を出し合ってみましょう。話し合った内容や未来のアイデアをドキュメントにまとめて共有し、週末は仲間と前向きな夢を語り合いましょう。知的な交流が新しい可能性を開きます。
2026_LIBRA,9,12,静かな環境で思索を深め人生の哲学を静かに見つめる,外界の喧騒から離れた静かな場所で、自らの精神的な世界観や人生の根本的なテーマを深く見つめ直す月です。一人で静かに思索に耽る時間を大切にすることで、心の奥底にある迷いが消え、進むべき確かな指針が静かに定まります。,"　日々の雑多な情報や社会的な喧騒から距離を置き、自らの精神的な世界観や人生の指針を静かに深めていく時期です。世間の流行や他人の意見に惑わされることなく、一人きりの空間で書物を読んだり、これまでの歩みを静かに振り返ったりする時間を意識的に確保していきましょう。外界の刺激を減らすことで、思考が澄み渡ります。

　普段の暮らしにおいては、深夜や早朝の読書、静かな寺社や自然の中への散策、思索ノートの記述といった形で具体化します。無理に結論を出そうと焦る必要はありません。自分自身の内面から湧き上がる素朴な疑問や直観を大切に温め、心の声にじっくりと耳を傾ける姿勢が、精神的な成長を促します。過去の失敗への執着も、人生の学びとして受け入れましょう。

　月後半を迎えると、蠍座へ天体が集まり、無意識の奥深くに眠っていた本質的な気づきや人生の優先順位が明確になっていきます。ノートに書き留めた思索の断片を読み返しながら、自分にとって本当に価値ある信念を再確認していきましょう。

　今月は、静寂の中で自分自身の精神を豊かに養うことが何よりの基盤となります。穏やかな孤独を愛し、心安らぐ思索の時間を大切に過ごしていきましょう。",静かで落ち着ける読書スペースや散策路を見つけ、スマートフォンの通知を切って思索に没頭する時間を確保してみましょう。心に浮かんだ哲学的な問いや将来の理想を手帳に書き留め、静かに自己と向き合うことが、精神の安定と確かな指針を育む助けとなります。
2026_LIBRA,10,1,自らのリーダーシップを発揮し社会的な責任を果たす,自己のスタンスを明確にし、仕事や公の場において主体的な役割を担う月です。周囲からの期待に誠実に応えつつ自らの判断基準を貫くことで、プロフェッショナルとしての存在感が高まり確固たる信用が築かれます。,"　天秤座の季節を迎え、社会的なキャリアや公の場における自分自身の立ち位置に強いスポットライトが当たる時期です。月前半は、これまでに培ってきた実力や判断力を惜しみなく発揮し、重要なプロジェクトの指揮や責任ある役割を率先して引き受けるのに好適です。周囲の意見を柔軟に調整しながらも、最終的な決断を堂々と下すリーダーシップが求められます。

　この動きは、日常生活においては業務上の重要な意思決定や、上司・取引先との公式な折衝、表舞台での堂々とした立ち振る舞いとして実感されます。誰かの後ろに隠れるのではなく、自らの名前と責任において仕事を進める覚悟が、周囲からの揺るぎない信頼を勝ち取ります。自らのキャリアの方向性を再確認し、誇りを持って歩みを進めましょう。

　中頃から月後半にかけては、蠍座へ天体が集まり、金星の逆行も重なることで、表面的な成果の誇示から長期的な事業基盤や組織内での権限の根本的な見直しへと移行します。月末頃には、これまでの実績データや評価を冷静に総括し、次なるステップへの戦略を綿密に練り上げる作業が効果的です。地道な準備を怠らずに進めましょう。

　今月は、自らの能力と責任に誇りを持ち、社会的な信用を力強く築き上げることが何よりの飛躍をもたらします。誠実な仕事ぶりを積み重ねながら、充実したキャリアの歩みを刻んでいきましょう。",担当業務における目標と実行計画を明確に文書化し、関係者への進捗報告を論理的かつ堂々と行ってみましょう。自分の専門性を活かせる新しい提案を上司やクライアントへ提示し、週末は今後の長期的なキャリア構想をノートにまとめましょう。主体的な発信が信用を高めます。
2026_LIBRA,10,2,確かな実績を積み重ねて適正な労働対価と信用を得る,自らのスキルや実務成果を正当に評価し、経済的な基盤と社会的信用を強固にする月です。コスト意識と品質管理を徹底して仕事を進めることで、確固たる実績が証明され安定した対価と信頼が獲得されます。,"　社会的なキャリアの発展が、手元の収入や自らの労働価値の正当な評価と結びつく時期です。月前半は、手がけている業務の採算性やコストパフォーマンスを冷静に見つめ直し、適正な報酬や予算の配分を確保するための交渉や体制づくりに最適です。会社や顧客に対して提供している価値を具体的に可視化し、数字に基づいた実績を示すことが大切です。

　この影響は、日常生活においては見積書の作成や価格交渉、実務ツールの品質向上への投資として具体化します。安易な値下げや過重労働を受け入れるのではなく、持続可能なビジネスモデルを確立するプロ意識が求められます。自分自身の技術や時間に正当な価値を見出す姿勢が、周囲からの敬意と信頼を育てます。

　中頃から月後半に入ると、蠍座に天体が集中し、長期的な契約条件や退職金・企業年金などの福利厚生に関する深い見直しが進みます。月末頃にかけては、これまでの財務実績や売上データを再点検し、より安定性の高い収益基盤へと整える好機です。手堅い管理体制を確立しましょう。

　今月は、実務の質と経済的な裏付けを両立させ、確固たるキャリアの足元を固めることが幸運の鍵となります。手元の才能を賢く活かしながら、安心で実り豊かな毎日を築いていきましょう。",担当業務の収支実績や作業工数をエクセル等で整理し、現状の採算性と改善点を客観的に分析してみましょう。取引先や上司への見積もり提示は明確な根拠を添えて行い、週末は今後の収入計画や資産運用を落ち着いて見直しましょう。数字の把握がプロの信頼を支えます。
2026_LIBRA,10,3,正確な情報発信と論理的なプレゼンで信用を勝ち取る,職場や公の場におけるコミュニケーション能力を発揮し、関係者との連携を密にする月です。論理的で分かりやすい報告や企画提案を心がけることで、周囲の理解と共感が得られ社会的評価が向上します。,"　知的な情報伝達のスキルが、社会的なキャリアや公の場での信用獲得において大きな武器となる時期です。月前半は、企画書の作成やプレゼンテーション、公式な発表や広報活動において、論理的で説得力のあるメッセージを発信するのに好適です。複雑な情報を要領よくまとめ、誰にでも分かりやすい言葉で伝える工夫が高く評価されます。

　この動きは、日常生活においては議事録の作成や社内外への迅速なメール対応、実務的な打ち合わせの進行役として実感されます。言葉足らずによる誤解を防ぐためにも、重要な決定事項は文書に残して共有する丁寧さが求められます。業界の最新トレンドや関連法規をこまめに勉強することも、プロとしての知見を広げる助けとなります。

　中頃から月後半にかけては、蠍座へ天体が移ることで、一般的な報告から特定の重要案件に関する詳細な調査分析や機密折衝へと深化します。月末頃には、作成した資料や提出書類の記述を徹底的に推敲し、誤謬のない完成度へと磨き上げる作業が効果的です。正確なデータ伝達を貫きましょう。

　今月は、言葉の精度と論理性を高め、社会的な信用を着実に築き上げることが重要なテーマとなります。誠実なコミュニケーションを積み重ね、自信を持って自らの役割を果たしていきましょう。",社内外への連絡文や議事録の構成を丁寧に見直し、要点を箇条書きで簡潔にまとめて周知しましょう。公式な打ち合わせでは数字や根拠を明確に提示して発言し、週末は一週間の業務成果を振り返って活動記録を更新しましょう。論理的な伝達が仕事の評価を高めます。
2026_LIBRA,10,4,家庭や私生活の基盤を安定させ社会的な活動を支える,私生活や家庭環境の安心感をしっかりと整え、仕事で最大のパフォーマンスを発揮する月です。住まいの快適性や家族との信頼関係を守ることで、社会的な責任を果たすための持続可能な活力が養われます。,"　社会的なキャリアの責任と、自らの原点である家庭生活の調和を見つめ直す重要な時期です。月前半は、在宅勤務の作業環境を整えたり、家族と仕事のスケジュールを共有して協力体制を作ったりするのに最適です。外でのプレッシャーに負けないためにも、まずは心から安心できる私生活の拠点を盤石に整えることが大切です。

　この影響は、日常生活においてはワークライフバランスの意識や、帰宅後のリフレッシュ法、家族への感謝の言葉として現れます。仕事のストレスを家庭に持ち込まず、家の中ではリラックスして心身を休める切り替えの習慣が、長期的な健康とキャリアを支えます。住まいの手入れを丁寧に行うことが、心の安定を確かなものにします。

　中頃から月後半に入ると、蠍座に天体が集中し、住まいの長期的な保全計画や家族の将来設計に関する深い対話が進みます。月末頃にかけては、家族の意向と自らのキャリアプランを総合的に再点検し、無理のない生活設計へと調整する好機です。足元の基盤を大切に守りましょう。

　今月は、家庭と仕事の調和を丁寧に取り、揺るぎない生活の土台を築くことが社会的信用の源泉となります。プライベートな時間を大切に守りながら、着実にキャリアの歩みを進めていきましょう。",在宅勤務スペースと生活空間を区切って仕事のオンオフを明確にし、帰宅後は仕事の通知をオフにして休息を取りましょう。家族には日頃のサポートに感謝を伝え、週末は部屋の掃除と換気を行って清潔な環境を保ちましょう。足元の生活基盤が仕事の集中力を支えます。
2026_LIBRA,10,5,独自の創造性と情熱を仕事に注ぎ込み確かな実績を出す,自らの個性やクリエイティブな才能を社会的な仕事で堂々と発揮し、評価を高める月です。オリジナリティあふれる企画や情熱的な取り組みを通じて、周囲を惹きつける目覚ましい成果が生み出されます。,"　純粋な創造性や自己表現のエネルギーが、社会的なキャリアや公の場での実績づくりと直結する時期です。月前半は、新規事業の立ち上げや独創的なデザインの提案、舞台やイベントのプロデュースなど、自らのセンスを前面に打ち出す好機です。無難な前例を踏襲するのではなく、新しい付加価値を追求する挑戦が高く評価されます。

　この動きは、日常生活においては仕事へのワクワク感の高まりや、魅力的なプレゼン、リーダーシップの発揮として具体化します。自分の仕事に誇りと熱意を持ち、楽しみながら取り組む姿勢が、チーム全体に明るい活気とモチベーションをもたらします。自らの作品や企画に対して正当な自信を持ちましょう。

　中頃から月後半にかけては、蠍座へ天体が集まることで、一時的な話題性から長期的に支持される本格的な作品やサービスの完成へと深化します。月末頃には、これまでに達成した成果データを冷静に分析し、次なるステップへの戦略を綿密に練る作業が充実感をもたらします。自らの美意識を貫きましょう。

　今月は、自らの才能を社会のために役立て、堂々と成果を証明することが人生の飛躍をもたらします。熱い情熱と冷静な戦略を併せ持ち、輝かしいキャリアを切り拓いていきましょう。",担当する仕事や企画に独自のアイデアを盛り込み、完成度の高い成果物として提出してみましょう。社内や関係者へのプレゼンでは熱意と論理性を併せ持って堂々と発言し、週末は今後のクリエイティブ計画を再点検しましょう。オリジナリティの発揮が信用を高めます。
2026_LIBRA,10,6,実務の精度と健康管理を徹底しプロとしての信頼を固める,日々の担当業務をミスなく正確に遂行し、職場での確固たる信用を築く月です。業務プロセスの効率化と体調管理を徹底することで、周囲からの安心感が高まり重要な役割を任される基盤が整います。,"　日々の実務力や丁寧な作業の積み重ねが、社会的なキャリアや公の評価へと直結する重要な時期です。月前半は、与えられた職務をスケジュール通りに着実に遂行し、品質の高い成果物を提出することに全力を注ぐのに好適です。派手なアピールよりも、納期を守り細部まで行き届いた仕事をこなす誠実な姿勢が、上司や取引先からの揺るぎない信用を勝ち取ります。

　この影響は、日常生活においてはToDoリストの運用や細部への品質チェック、職場での信頼できるサポート役として具体化します。自分の役割に対する責任感を高く持ち、地道な作業を疎かにしないプロフェッショナルな姿勢が周囲を安心させます。日頃の貢献が正当に評価され、新しい重要な仕事を任される契機にもなります。

　中頃から月後半に入ると、蠍座に天体が集中し、長期的なプロジェクトの責任者や業務改善の推進役としての役割が深まります。月末頃にかけては、これまでの実績データや業務改善の成果をまとめた報告書を作成し、関係者へ提出する好機です。着実な努力の成果を証明しましょう。

　今月は、日々の誠実な仕事ぶりを通じて社会的な信頼の土台を固めることがキャリアの大きな支えとなります。誇りを持って目の前の職責を果たし、確かな前進を続けていきましょう。",業務の進捗表を作成してタスクの漏れを防ぎ、納期の事前確認と二重チェックを徹底して仕事の精度を上げましょう。体調に合わせた無理のない作業ペースを守り、週末はデスク周りやPC内のデータを整理して環境を整えましょう。堅実な仕事ぶりが周囲の安心感を育みます。
2026_LIBRA,10,7,対等な協業関係を築き仕事上の責任と役割を果たす,仕事や公的な役割において、クライアントやパートナーとの信頼関係を深め、お互いの強みを活かして着実に実績を重ねる月です。公平な対話を大切にし、責任の所在を明確に分担することで、周囲からの信用と安定した成果が得られます。,"　仕事や社会的な立場において、重要なパートナーや協力者と足並みを揃え、公的な責任を全うしていく時期です。自分一人だけで全てを抱え込もうとせず、相手の専門知識や判断力を信頼して適切に権限や作業を分担していきましょう。対等で風通しの良い関係性を維持することが、社会的な信用の基盤となります。

　実際の業務においては、契約条件のすり合わせや定例ミーティングの運営、役割分担の明確化といった場面で具体化します。相手への過度な遠慮から本音を隠すのではなく、目的の達成に向けて事実や数値を率直に共有し合う姿勢が大切です。意見の相違が生じた場合も、感情的にならず冷静に合意点を探る調整力を発揮しましょう。日頃の丁寧な挨拶や感謝の言葉も忘れずに添えましょう。

　月後半に入ると、蠍座に天体が集中し、主要なプロジェクトの契約更新や長期的な提携に関する真剣な議論が進展します。双方の利害を丁寧に調整し、双方が安心して長期的に協働できる強固な体制を固めていきましょう。

　今月は、他者と誠実に手を携えて公的な目標に向き合うことがキャリアの安定を支えます。礼節と敬意を重んじた対話を積み重ね、確かな信頼を築いていきましょう。",業務上の主要なパートナーや関係者と進捗確認の時間を設け、お互いの役割分担やスケジュールの整合性を丁寧に確認してみましょう。言いにくい懸念事項があれば数字や具体例を添えて率直に相談し、双方が納得できる改善策を整えることが信頼を守る鍵となります。
2026_LIBRA,10,8,組織の重要案件や共有リソースの管理を責任持って完遂する,職場で責任ある重要案件や機密事項の管理を任され、誠実にやり遂げる月です。複雑な利害関係を調整し透明性の高い情報管理を徹底して貫くことで、組織内での地位と周囲からの確固たる信頼が確立されます。,"　危機管理や重要案件の処理能力が、社会的なキャリアや公の評価において決定的な差を生む時期です。月前半は、難航していた共同プロジェクトの立て直しや、重要顧客との機密保持契約の締結、組織の予算管理など、重責を担う職務に好適です。複雑な利害関係から逃げずに冷静沈着に対処する姿勢が、上層部や関係者から絶大な信用を集めます。

　この動きは、日常生活においては業務の進捗管理や予算の適正化、公式な場での堂々とした対応として具体化します。表面的なアピールよりも、実質的な成果と数字で結果を示す誠実さが信用を強固にします。他者から引き継いだ重要な仕事に対しても、敬意を持って丁寧に遂行しましょう。

　中頃から月後半に入ると、蠍座に天体が集中し、組織内での長期的な権限の委譲や重要ポストへの登用が進みます。月末頃にかけては、これまでの実績データや改善成果をまとめた報告書を作成し、関係者へ提出する好機です。着実な努力の成果を証明し、揺るぎない足場を固めましょう。

　今月は、自らの責任を全うし、社会的な信用を着実に築き上げることがキャリアの大きな支えとなります。誇りを持って目の前の職責を果たし、確かな前進を続けていきましょう。",任されている重要案件の課題と対応手順をマニュアル化し、関係部署と連携して確実な処理を進めましょう。機密書類や予算データの管理を徹底し、週末は一週間の進捗実績をまとめて上司へ簡潔に報告しましょう。責任感ある誠実な姿勢が組織内での信用を深めます。
2026_LIBRA,10,9,公的な役割を、学び直した言葉で引き受ける,仕事や公的な責任が前面に出る一方、その向き合い方を専門的な学びや広い視野から問い直す月です。従来の方針をそのまま押し通さず、背景にある考え方まで説明できる状態へ整えることが、役割を担う際の支えになります。,"今月の中心は、仕事上の責任、周囲から見える立場、長期的な目標をどう引き受けるかです。成果を強く示すことより、自分が何を基準に判断し、どこまで責任を持てるのかを明確にする必要があります。前半は関係者の意見を聞き、役割分担や評価基準に偏りがないかを確認すると、公的な振る舞いを整えやすくなります。

本人の実感としては、学び直し、専門知識、異文化や異なる価値観との接触が強く関わります。担当領域について体系的に学ぶ、外部の事例を調べる、指導する立場から説明方法を見直すなど、知識の更新が仕事の進め方に直結しやすいでしょう。自分の経験だけを正解にせず、別の方法を検討する余白を残すことが重要です。

後半は、表向きの方針だけでなく、その裏にある利害や長期的な影響まで検討する場面が増えそうです。月末頃に連絡や判断の見直しが入りやすい時期には、重要な決定を一度で確定させず、条件と根拠を文書に残してください。学んだ内容をすぐに結論へ使うのではなく、現在の職務に本当に適用できるかを小さく試す方が現実的です。

公的な役割を果たすことと、視野を広げることを別々にしない月です。責任を担うほど、知らない領域を学び、説明を更新する必要が出てきます。肩書や評価を目標にするのではなく、判断の質と説明可能性を高めることを今月の到達点にしてください。",現在担っている役割について、判断基準と説明できていない点を整理してください。関連する制度、専門資料、他分野の事例を一つ調べ、今の方針へ適用できる部分だけを選びます。重要な決定は根拠を記録し、関係者が質問できる形で共有しましょう。確認した資料も記録に残します。
2026_LIBRA,10,10,着実な実務の積み重ねで社会的な責任と信用を確立する,仕事や公の活動における重要な責務を引き受け、確実な実務の遂行を通じて社会的な信用を固める月です。目先の華やかさにとらわれず、細部まで責任を持ってやり遂げることで、周囲からの確固たる信頼と長期的な評価が得られます。,"　仕事や公的な立場において自らの責任を自覚し、確固たる実績と信用を着実に積み上げていく時期です。高い目標を掲げるだけでなく、足元の実務や進行管理を疎かにせず、約束した期日や品質を誠実に守り抜くプロ意識を発揮していきましょう。地道で誠実な姿勢が、社会的な評価を確固たるものにします。

　日々の生活においては、重要な案件の統括や、社内外への公式な報告書の作成、意思決定の責任を引き受ける場面として現れます。周囲からのプレッシャーに過度に焦ることなく、優先順位を明確にして落ち着いて一つ一つの課題に対処していきましょう。自らの判断基準を透明にし、関係者に分かりやすく説明する責任を全うすることが大切です。冷静な現状分析を怠らないようにしましょう。

　月後半を迎えると、蠍座へ天体が集中し、これまでの努力の成果や事業の実績が明確な形となって現れやすくなります。浮かれることなく現状を冷静に分析し、今後の長期的な事業計画やキャリア戦略を綿密に練り上げていきましょう。

　今月は、自らの職務に誇りを持ち、誠実に責任を果たすことが何よりの前進力となります。着実な歩みを重ね、揺るぎない信用の土台を築いていきましょう。",現在進行中の主要な業務や公的責任の進捗状況を一覧表に整理し、期日や達成基準を再確認してみましょう。日々の報告や連絡を丁寧に行い、自らの役割を最後まで誠実にやり遂げる工夫を重ねることが、強固な社会的信用と安定した成果を守る大切な基盤となります。
2026_LIBRA,10,11,仲間とビジョンを共有し公的なプロジェクトを前進させる,仕事や社会的な活動において同じ志を持つ仲間と連携を深め、未来に向けた構想を形にする月です。個人の権力や実績に固執せず、チーム全体の知恵と活力を結集することで、周囲の共感を呼ぶ有意義な社会貢献活動が着実に前進します。,"　仕事や公的な役割において、志を同じくする仲間やネットワークと連携し、より広い社会に向けた価値ある取り組みを推進していく時期です。自分一人の手柄にこだわるのではなく、仲間の多様な視点や能力を尊重し、チーム全体で目標を共有していきましょう。開かれた協力体制を築くことが、プロジェクトを力強く前進させます。

　日常の業務においては、共同プロジェクトの企画会議や、異業種との情報交換会、地域コミュニティでのボランティア活動といった場面で具体化します。上意下達の一方的な指示を避け、参加者全員が主体的に意見を出せるフラットな対話の場を整えることが大切です。仲間の提案を前向きに取り入れ、柔軟に計画を調整していきましょう。全員の知恵を結集することが成功の鍵です。

　月後半に入ると、蠍座に天体が集中し、プロジェクトの具体的な実施計画や資金計画、役割分担の策定が本格化します。本音での議論を恐れず、長期的な成功に向けた強固な結束を固めていきましょう。

　今月は、仲間と共に高い理想を掲げて公的な活動に取り組むことが大きな充実感をもたらします。友情と敬意を大切に育み、希望ある未来へ向けて歩みを進めていきましょう。",プロジェクトの仲間や仕事の協力者と将来のビジョンについて語り合う場を設け、それぞれのアイデアや希望を付箋などに書き出してみましょう。全員が納得できる共通の目標を言葉にし、役割を公平に分担することが、活気あるチームの推進力を高める鍵となります。
2026_LIBRA,10,12,表に立つ責任を、水面下の整備で支える,仕事や公的な役割が前面に出ますが、実際の力は準備、休息、記録整理など人目につかない作業へ向かう月です。見える成果を増やすより、引き継ぎや確認の抜けを減らし、無理なく責任を続けられる状態を整えましょう。,"仕事上の責任や公的な立場から逃れにくい一方、今月は前へ出続けるだけでは力が保ちません。期待されている役割を確認し、表に出す仕事と内部で整える仕事を分けることが中心課題です。前半は会議や依頼をすべて引き受けず、期限、担当範囲、判断者を明確にすると、必要な責任へ集中しやすくなります。

生活上の実感は、休息、一人で行う準備、未処理の記録、周囲に見えにくい疲れとして現れやすいでしょう。人前では対応できていても、後から消耗を感じる場合があります。資料の整理、引き継ぎ、下書き、確認待ちの案件など、静かな環境で進める作業に時間を確保してください。休むことも職務を継続するための調整として扱います。

後半は、表面的に整っていた仕事の中から、見過ごしていた負担や曖昧な権限が見えやすくなります。月末頃は連絡の行き違いや前提の変更を想定し、公開前の資料や重要な依頼を再確認するのが適切です。すぐに発表できない計画は、未完成のまま共有範囲を限定し、検討事項を明記しておきましょう。

今月は目立たない準備が公的な役割を支えます。ただし、水面下の努力を際限なく増やす必要はありません。何を終えれば休めるのか、誰へ渡せるのかを決め、責任と回復の両方が続く運用へ整えることが大切です。",担当業務を「公開するもの」「内部で整えるもの」「他者へ渡せるもの」に分けてください。引き継ぎ資料と確認事項を先に整え、集中作業の後には予定を入れない時間を確保します。月末頃の提出物は、宛先と前提条件まで見直しましょう。休息時間も予定として記録します。
2026_LIBRA,11,1,仲間の中で自分らしさを発揮し前向きな未来を切り拓く,友人関係や所属するコミュニティの中で、自らの個性や主体的な意志を堂々と表現する月です。他者に同調しすぎることなく、自分ならではの独自の視点を率直に発信することで、仲間から温かく迎え入れられ、心地よい居場所が整えられます。,"　友人グループや所属するコミュニティにおいて、周囲の空気に過剰に合わせることなく、自分自身の個性や率直な考えを打ち出していく時期です。集団の一員でありながらも自立した個人としての誇りを保ち、自らの関心や情熱を生き生きと表現していきましょう。等身大の自分をさらけ出す誠実さが、仲間との絆をより強固にします。

　普段の生活においては、グループの集まりで自分の意見をはっきりと述べたり、個人的な趣味や特技を仲間に紹介したりする場面として現れます。好かれようとして無理な役割を演じるのをやめ、自然体の振る舞いを心がけることが大切です。他者の多様な生き方を温かく認める度量を持つことで、相互に刺激し合える豊かな友情が育まれます。自分らしさを大切に守りましょう。

　月後半を迎えると、蠍座へ天体が移動し、仲間との深い心の通い合いや、将来の夢に向けた真剣な語り合いが始まります。自分の根底にある価値観を率直に共有し、お互いを深く理解し合える関係を築いていきましょう。

　今月は、仲間の中で自らの主体性を輝かせることが日々の活力を高めます。自分を信じて伸びやかに振る舞い、希望に満ちた毎日を過ごしていきましょう。",友人との会話やコミュニティの場で、最近自分が熱中していることや将来の夢について率直に話してみましょう。相手の反応を過度に気にせず、自分の本当の気持ちを飾らずに言葉にすることが、心地よい居場所と確かな信頼関係を育むための大切な第一歩となります。
2026_LIBRA,11,2,仲間との交流を通じて自らの資質と価値を豊かに育てる,所属するコミュニティや人脈との関わりの中で、自らの実務能力や専門的なスキルを磨く月です。仲間への貢献を通じて自分の強みを再確認し、健全な金銭感覚を保ちながら活動を進めることで、確かな自信と安定した基盤が築かれます。,"　友人関係や所属するネットワークにおいて、自分自身のスキルや知識を惜しみなく提供し、自らの価値を再確認していく時期です。仲間との知恵の共有や相互支援を通じて、自分にはどんな強みがあり、社会の中でどのような役割を果たせるのかを冷静に見つめ直していきましょう。自分の資質を信じることが、経済的な自立を支えます。

　実際の生活においては、グループのイベントで会計や備品管理を担当したり、知人から個人的なスキルを活かした相談を受けたりする場面で具体化します。無償の奉仕に偏りすぎたり、逆に金銭的な見返りばかりを求めたりせず、お互いが心地よく続けられる健全な交換関係を意識することが大切です。収支の記録を正確につける習慣を守りましょう。地道な管理が信用を生みます。

　月後半に入ると、蠍座に天体が集中し、仲間との共同活動における資金管理や、将来の収入源につながる専門スキルの強化が本格化します。足元のリソースを丁寧に整え、持続可能な活動基盤を固めていきましょう。

　今月は、人との温かなつながりの中で自己の能力を磨くことが将来の安心をもたらします。誠実な実務を積み重ね、自らの確かな価値を育んでいきましょう。",自分が得意とする技術や知識を書き出し、所属するグループや身近な友人にどのように役立てられるか考えてみましょう。また、サークル活動や交際費の支出記録を点検し、健全な予算管理を行うことが、長期的な活動の安定と自信を守るための大切な助けとなります。
2026_LIBRA,11,3,多彩な情報交換と対話を通じて仲間の絆を深める,友人やサークル仲間との軽やかなコミュニケーションが活発化し、有益な知見が集まる月です。SNSや対話の場を上手に活用して情報発信を行うことで、新しい友人関係と知的好奇心に満ちた刺激が得られます。,"　身近な友人やSNS上の知人とのコミュニケーションを通じて、視野を広げ新しい情報をキャッチアップする時期です。月前半は、気軽な近況報告や情報交換のランチ会、勉強会でのディスカッションなどが活発に行われます。難しく考えすぎず、日頃のちょっとした疑問や面白いアイデアを周囲にシェアすることで、思いがけない有益なアドバイスや新しいつながりが生まれます。

　この動きは、日常生活においてはメッセージアプリでのやり取りの増加や、興味深いニュースのシェア、共同での資料作成として実感されます。相手の意見を尊重しつつ、自分の考えもわかりやすく平易な言葉で伝える姿勢が、親しみやすい雰囲気を作ります。雑談の中にあるヒントを大切に拾い上げましょう。

　中頃から月後半にかけては、蠍座へ天体が移ることで、表層的な情報交換から本音を語り合う深い対話へと質が変化します。月末頃には、これまで集めた情報やメモをカテゴリ別に整理し、今後の学びや活動に役立つアーカイブを作成すると良いでしょう。学びの成果を実感できます。

　今月は、フットワーク軽く知的な交流を楽しみ、仲間と共に視野を広げることがテーマとなります。軽快なコミュニケーションを心がけ、明るく知的な日々を過ごしていきましょう。",気になっているニュースや役立つTipsを友人グループやSNSで共有し、意見を交換してみましょう。相手からのおすすめ本や記事をその日のうちにチェックし、週末は交わした会話の要点をノートにまとめましょう。素直な情報発信が知的で温かな輪を広げます。
2026_LIBRA,11,4,親しい仲間を安心できる居場所に招き温かな交流を育む,信頼できる友人や仲間を自宅や落ち着いた空間に迎え、くつろいだ時間を過ごす月です。家族のような温かいコミュニティの拠点を整えることで、心の安らぎと強い精神的な支えが豊かに形成されます。,"　友情やコミュニティの温かさを、プライベートな生活拠点や心の安全基地へと結びつける時期です。月前半は、気の置けない仲間を自宅に招いてのホームパーティーや、少人数でのリラックスした食事会を開くのに最適です。外向けの格式張った付き合いから離れ、靴を脱いでくつろげる空間で素直な気持ちを分かち合うことで、家族のような深い絆が育まれます。

　この影響は、日常生活においてはリビングの模様替えや、おもてなし用の茶器の準備、リラックスできる空間作りとして具体化します。招く側も無理をしすぎず、手作り料理の持ち寄りなど負担の少ない工夫を取り入れることが、心地よい時間を持続させるコツです。安心できる居場所の価値を再認識しましょう。

　中頃から月後半に入ると、蠍座に天体が集中し、仲間との精神的な一体感や相互支援の基盤がより強固になります。月末頃にかけては、家族や親しい友人への感謝の気持ちを言葉や手紙で伝え、身近な環境を整える作業が心の充実をもたらします。温かな灯火を守りましょう。

　今月は、心を通わせ合える仲間と共に安らぎの拠点を育み、精神的な安定を得ることが大きなテーマとなります。飾らない温もりを大切にし、穏やかで幸福な日々を築いていきましょう。",親しい友人たちに声をかけて自宅や落ち着いたカフェでのお茶会を企画し、リラックスした時間を過ごしましょう。お気に入りの飲み物や季節のお菓子を用意し、週末は仲間と過ごすリビングの掃除と換気を行いましょう。温かなもてなしの心が深いつながりを育みます。
2026_LIBRA,11,5,仲間と共にクリエイティブな表現や趣味を存分に楽しむ,アートやエンターテインメントの喜びをコミュニティで分かち合い、創作意欲を燃やす月です。仲間と刺激し合いながら独自の感性を発揮することで、生き生きとした喜びと充実した成果が育まれます。,"　趣味や創作活動の情熱を仲間と共有し、集団の中で個性を輝かせる時期です。月前半は、演劇や音楽の鑑賞会、ワークショップへの参加、共同での作品制作などに適しています。一人で楽しむだけでなく、同じ嗜好を持つ仲間と感想を語り合ったり、互いの作品を見せ合ったりすることで、創作へのモチベーションが何倍にも高まります。

　この動きは、日常生活においては趣味のイベント企画や、発表会に向けた練習、オリジナルの表現活動として現れます。周囲の目を気にしすぎず、自分が心から面白いと感じる世界観を堂々と打ち出す姿勢が、かえって周囲を惹きつけます。遊び心と冒険心を大切にしましょう。

　中頃から月後半にかけては、蠍座へ天体が移ることで、表面的なお祭り騒ぎから本質的な美意識や情熱の追求へとシフトします。月末頃には、完成した作品や活動記録をポートフォリオとしてまとめ、仲間やSNSで発表する好機です。表現する喜びを深く味わいましょう。

　今月は、仲間と共にワクワクする情熱を分かち合い、純粋な歓喜を表現することが大きなテーマとなります。自分自身のクリエイティビティを誇らしく解き放ち、華やかで刺激に満ちた日々を楽しんでいきましょう。",趣味のサークル仲間と集まって新作の構想を話し合ったり、合同での発表イベントを企画してみましょう。お互いの表現の良いところを積極的に褒め合い、週末は制作作業に没頭する時間を確保しましょう。仲間との熱い共創がクリエイティブな才能を開花させます。
2026_LIBRA,11,6,コミュニティ内の役割や運営業務を効率的かつ丁寧に整える,グループ活動やサークルの運営体制を見直し、実務をスムーズに整える月です。地道なサポートや業務の効率化に貢献することで、仲間からの厚い信頼と安定したチームの活動基盤が着実に築かれます。,"　友人グループや組織における実務的な役割を引き受け、チーム全体の運営を円滑に支える時期です。月前半は、連絡網の整備やイベントスケジュールの調整、ミーティングの議事録作成など、縁の下の力持ちとしての役割に好適です。華やかな表舞台だけでなく、地道な作業を丁寧にこなすあなたの誠実な姿勢が、メンバー全員から高く評価されます。

　この影響は、日常生活においては業務プロセスの見直しや、事務作業の効率化、健康的な活動サイクルの維持として現れます。一人の負担が過大にならないよう、作業分担を明確にし、マニュアルを作成して共有することがチームの持続性を高めます。体調管理にも十分に配慮しましょう。

　中頃から月後半に入ると、蠍座に天体が集中し、運営方針の根本的な見直しやシステムの最適化が進みます。月末頃にかけては、これまでの活動記録や業務チェックリストを整理し、次期の運営体制を固める作業が成果を生みます。着実な改善を積み重ねましょう。

　今月は、仲間のための実務的な貢献を通じてチームの信頼を勝ち得ることが大きなテーマとなります。誇りを持って目の前の役割を果たし、秩序ある充実した日々を過ごしていきましょう。",サークルやグループの連絡手順や共有フォルダの整理を行い、誰でも情報にアクセスしやすい環境を作りましょう。次回の集まりに向けたアジェンダを作成して事前に配付し、週末は自分自身の作業環境を整えましょう。丁寧な事務サポートがチームの安定を支えます。
2026_LIBRA,11,7,開かれた仲間関係の中で特定の一人と深い信頼を結ぶ,広がりを見せるコミュニティや交友関係の中から、将来の夢を共有できる大切なパートナーを見出す月です。グループでの交流を大切にしつつ、一対一の誠実な対話を丁寧に重ねることで、お互いを生涯にわたり支え合える絆が育まれます。,"　趣味のサークルや志を同じくするコミュニティにおいて、多様な人々との交流を楽しみながら、特に心通い合う重要なパートナーとの関係を深めていく時期です。集団全体の調和を保ちながらも、個別にじっくりと向き合う時間を大切にし、お互いの価値観や将来のビジョンを深く共有していきましょう。対等な敬意が信頼を育てます。

　日々の暮らしにおいては、友人グループの集まりの後に二人でカフェに立ち寄って話し込んだり、共同の活動について詳細な打ち合わせを行ったりする場面として現れます。相手を無理に自分の思い通りに動かそうとせず、異なる視点を持つ対等な協力者として尊重することが大切です。お互いの意見を偏りなく聞き合う姿勢を保ちましょう。互いの立場を思いやる心が絆を深めます。

　月後半を迎えると、蠍座へ天体が集まり、表面的な友人関係から一歩進んだ、本格的な共同プロジェクトの立ち上げや深い誓いが生まれます。双方が安心して前進できる約束事を整え、絆を強固にしていきましょう。

　今月は、開かれた交友関係と親密なパートナーシップの調和を図ることが豊かな喜びをもたらします。温かな対話を重ね、心強い信頼関係を築いていきましょう。",所属するグループや友人の集まりの中で、特に意気投合する相手と一対一で落ち着いて話す時間を設けてみましょう。これからの活動方針や個人的な関心事について意見を交わし、対等な立場で合意点を探ることが、強固なパートナーシップを育む大切な基盤となります。
2026_LIBRA,11,8,仲間との深い結びつきを深め共有リソースを適切に整える,所属するコミュニティや友人グループにおいて、共同で管理する資金や情報の運用を透明に整える月です。お互いの本音や感情的な絆に真摯に向き合い、責任の範囲を明確にすることで、疑念のない深い結束と安心できる活動基盤が整います。,"　友人関係や所属するネットワークにおいて、表面的な交流にとどまらず、心理的な深い結びつきや共同のリソース管理に向き合っていく時期です。グループで共有している活動費や備品、情報などの管理責任を明確にし、誰もが安心して活動を続けられる環境を整えていきましょう。本音で語り合う誠実さが、強固な結束を生み出します。

　実際の生活においては、サークルの会計監査の実施や、共同プロジェクトの著作権・規約の確認、メンバー間の感情的なわだかまりの解消といった場面で具体化します。デリケートな問題だからと見て見ぬ振りをするのではなく、穏やかな言葉で事実を整理し、公平に対処することが大切です。お互いの弱さを受け止め合う包容力を発揮しましょう。誠実な対話が疑念を晴らします。

　月後半に入ると、蠍座に天体が集中し、共同資産の管理や組織体制の再編が本格的に進展します。隠し事のないオープンな対話を重ね、メンバー全員が納得できる持続可能なルールを確立していきましょう。

　今月は、仲間と深い信頼で結ばれ、足元の基盤を強固にすることが安心な前進を支えます。誠意と思いやりのある対話を積み重ね、強固な絆を育てていきましょう。",共同で管理している費用や共有フォルダの利用規約を点検し、曖昧になっている点があれば箇条書きに整理してみましょう。定例の集まりで改善策を穏やかに提案し、全員が納得できる透明な管理ルールを整えることが、仲間との深い信頼を守る大切な助けとなります。
2026_LIBRA,11,9,高い理想や専門知識を仲間と共有し未来のビジョンを広げる,学問や国際的な知見をコミュニティに持ち込み、仲間の視野を大きく広げる月です。大局的な視点に基づいた対話を通じて、新しい時代の思想や希望ある指針が仲間と共に豊かに形成されていきます。,"　専門的な学術知識やグローバルな視野を仲間と共有し、コミュニティ全体の知的水準を高める時期です。月前半は、海外の最新トレンドを研究する読書会や、専門家を招いてのシンポジウムの開催、未来の社会像を語り合う合宿などに最適です。目先の利害関係にとらわれず、人類や社会の発展に貢献する高い理想を掲げることで、多くの共感と賛同を集めます。

　この動きは、日常生活においては専門書の輪読や、論文の紹介、外国語を用いた情報発信として実感されます。異なる専門分野を持つメンバー同士が対話し、知恵を融合させることで、画期的な新提案が生まれます。開かれた知性と探求心を大切にしましょう。

　中頃から月後半にかけては、蠍座へ天体が移ることで、理論の探求から実践的な応用や深層心理へのアプローチへと関心が深まります。月末頃には、これまでの議論の成果を提言書や論文形式にまとめ、広く発信する好機です。知的な探求を着実に形にしていきましょう。

　今月は、高い理想を仲間と共に追求し、社会に明るい希望の光を投げかけることが大きなテーマとなります。誇り高き探求心を胸に、知的でダイナミックな充実した日々を力強く過ごしていきましょう。",関心のある学術分野や海外の先進事例について調べ、仲間との勉強会でレジュメを作成して発表してみましょう。議論の中で出た鋭い意見をノートに記録し、週末は今後の研究計画や読書リストを整理しましょう。大局的な知の共有がコミュニティの発展を導きます。
2026_LIBRA,11,10,仲間と連携して社会的な影響力と統率力を発揮する,仲間と培った活動を社会的な成果へと結びつけ、確固たる実績を示す月です。志の高いプロジェクトを主導することで、業界内での高い人望とキャリアにおける評価が着実に確立されて周囲へ広がります。,"　友人や仲間との協力体制をテコにして、社会的な舞台で大きな成果と影響力を打ち立てる時期です。月前半は、有志チームで手掛けたプロジェクトの公式ローンチや、業界団体での役員就任、社会的なイニシアチブの発表などに絶好のタイミングです。仲間の信頼を背負い、堂々とリーダーシップを発揮して前進する姿が、社会全体から高く評価されます。

　この影響は、日常生活においてはプレスリリースの配信や、公の場でのスピーチ、関係各所との公式な交渉として具体化します。自らの名誉のためだけでなく、関わってくれたメンバー全員の努力を讃える謙虚な姿勢が、さらなる求心力を生み出します。公私ともに誠実な行動を心がけましょう。

　中頃から月後半に入ると、蠍座に天体が集中し、一時的な注目から持続可能な組織体制の確立へと焦点が移ります。月末頃にかけては、プロジェクトの社会的成果をまとめた公式報告書を作成し、支援者や関係者へ提出する作業が推奨されます。確固たる基盤を固めましょう。

　今月は、仲間と共に社会的な価値を創出し、誇るべき実績を世に示すことが最大のテーマとなります。強い使命感を胸に、確信に満ちた前進を力強く続けていきましょう。",チームで進めてきた重要プロジェクトの成果を公の場やSNSで公式に発表し、関係者への謝意を伝えましょう。外部からの取材や問い合わせには迅速かつ丁寧に対応し、週末は次なる社会展開のロードマップを描きましょう。堂々たるリーダーシップが社会的評価を高めます。
2026_LIBRA,11,11,志を同じくする仲間と団結し未来への希望を形にする,同じ理想や目的を持つ仲間たちと強固に結束し、未来に向けた新たなプロジェクトを始動させる月です。多様な意見を認め合いながら開かれた交流を広げることで、互いに励まし合える心強いコミュニティと希望に満ちた前進力が得られます。,"　志を同じくする仲間や所属するネットワーク全体が活性化し、未来に向けた大きな希望や共通の目標に向かって団結していく時期です。一人一人の個性や得意分野を尊重し合い、自由でフラットなコミュニケーションを促すことで、コミュニティ全体の結束力を高めていきましょう。未来への明るいビジョンが、日々の活動を力強く牽引します。

　日々の活動においては、オンラインでの交流会の企画や、新しいサークルへの参加、共通の目標に向けた勉強会の開催といった場面として現れます。特定の人だけを優遇したり排他的になったりせず、誰に対しても開かれた温かな雰囲気を維持することが大切です。仲間の小さな成功を全員で喜び合い、お互いのモチベーションを高め合いましょう。連帯感が活力を生み出します。

　月後半を迎えると、蠍座へ天体が集まり、単なる親睦を超えて、将来に向けた具体的な共同事業や本格的なイベントの企画へと進展します。仲間との絆をより強固にし、確かな形へと育て上げていきましょう。

　今月は、仲間と共に高い理想を掲げて未来へ歩みを進めることが最大の充実感をもたらします。友情と思いやりの心を大切に、希望に満ちた毎日を過ごしていきましょう。",所属するコミュニティや友人グループの集まりを企画し、全員が気軽に発言できる温かな場を整えてみましょう。これからの目標やアイデアを自由に話し合い、お互いの活動を応援し合う具体的な役割を決めることが、結束力と前進力を高める大切な基盤となります。
2026_LIBRA,11,12,仲間との交流を振り返り静かな空間で精神的な調和を取り戻す,活発な対人交流を楽しんだ後は、一人の静寂な時間を確保して内省を深める月です。無意識のプレッシャーや疲労を手放し心を浄化することで、澄み切った精神の調和と活力が穏やかに回復されます。,"　豊かな交友関係やコミュニティ活動を楽しむ一方で、自分自身の内面世界を優しくいたわる時期です。月前半は、大勢との賑やかな交流に参加した後は、意識的に一人になれる静かな時間を作り、心身のバランスを取るのに好適です。社会的な役割や他者からの期待に過剰に適応しすぎず、素の自分に戻ってリラックスする時間を持つことが、心の健康を守ります。

　この影響は、日常生活においては夜間のデジタルデトックスや、静かなカフェでの読書、アート鑑賞を通じた内省として現れます。目に見える人間関係だけでなく、目に見えない魂のつながりや感謝の思いに心を馳せることで、深い安らぎと直感力が養われます。無理な付き合いは上手に断りましょう。

　中頃から月後半に入ると、蠍座に天体が集中し、心の中に溜まっていた人間関係のプレッシャーや不要な執着が自然と浄化されていきます。月末頃にかけては、静かに日記をつけたり、これまでの出会いに感謝の祈りを捧げたりする作業が精神の再生を促します。内なる調和を保ちましょう。

　今月は、外の世界との交流と内なる静寂の美しいバランスを保ち、魂の安らぎを守ることがテーマとなります。心穏やかに自分自身を慈しみ、澄み切った日々を過ごしていきましょう。",夜遅くのSNSやチャットの通知をオフにし、間接照明を灯した静かな部屋でハーブティーを飲みながら読書を楽しみましょう。一日の終わりに感じた感謝の気持ちを手帳に書き留め、週末は自然豊かな場所で静かに過ごしましょう。静寂の時間が澄んだ精神の活力を育みます。
2026_LIBRA,12,1,静かな内省を通じて自己の原点と魂の平安を取り戻す,喧騒から離れて自分自身と静かに向き合い、心身を深くリフレッシュさせる月です。潜在意識の声に耳を傾け、不要な執着や思い込みを手放すことで、澄み切った自己の軸と新しい活力が内側から湧き上がります。,"　外の世界への活動を一時的に緩め、自分自身の内面世界や魂の平安を大切にケアする時期です。月前半は、静かな書斎や自然豊かな場所で一人静かに過ごす時間を贅沢に確保するのに好適です。周囲からの期待や社会的な役割に過剰に適応しすぎず、素顔の自分に戻って心身の緊張を優しく解きほぐすことで、本来の直感力と生き生きとした活力が自然に回復していきます。

　この動きは、日常生活においては夜間のデジタルデトックスや、瞑想、静かな読書、日記の執筆として実感されます。誰にも邪魔されないプライベートな時間の中で、過去の出来事を受け止め、心の整理をつけることが深い癒やしをもたらします。無理に前向きになろうと焦る必要はありません。

　中頃から月後半にかけては、蠍座へ天体が移ることで、潜在意識の奥深くにあった感情の滞りが温かく溶け出し、心の再生が進みます。月末頃には、手放したい感情や習慣をノートに書き出して整理し、新しいサイクルに向けた準備を整える作業が有益です。内なる静寂を守りましょう。

　今月は、自分自身の魂を慈しみ、内面から湧き出る静かな確信を育むことが最大のテーマとなります。心穏やかに自分を愛し、澄み切った充実した日々を大切に過ごしていきましょう。",夜遅くのSNSやスマートフォンの使用を控え、間接照明を灯した静かな部屋でゆったりと読書や瞑想を楽しみましょう。心に浮かんだ感謝や手放したい思いを手帳に書き留め、週末は自然豊かな静かな環境で休養を取りましょう。静寂の時間が魂の活力を蘇らせます。
2026_LIBRA,12,2,目に見えない価値や才能を静かに見つめ直し基盤を整える,物質的な執着から少し距離を置き、精神的な豊かさや潜在的な才能に光を当てる月です。資産や支出の無駄を静かに見直してシンプルに整えることで、心からの安心感と持続可能な生活の基盤が確立されます。,"　表面的な金銭や所有物への執着を手放し、目に見えない精神的価値や本質的な豊かさを再認識する時期です。月前半は、生活費や固定費の無駄を静かに洗い出し、身の回りの持ち物をシンプルに整えるのに好適なタイミングです。他者との比較や世間体に惑わされず、自分にとって本当に必要なものだけを厳選することで、経済的な不安が消え去り、心の底から安心感が広がります。

　この影響は、日常生活においては不用品の処分や、寄付、目に見えない自己投資としての学びとして具体化します。手に入れたいものをがむしゃらに追うのではなく、すでに手元にある恵みに感謝を捧げる姿勢が、内なる豊かさを育みます。質素でありながら心豊かな暮らしを工夫しましょう。

　中頃から月後半に入ると、蠍座に天体が集中し、過去の金銭的なしがらみや心理的なブロックが自然と解消されていきます。月末頃にかけては、長期的な生活設計や資産管理のルールをノートにまとめ、すっきりと整理する作業が有益です。生活基盤を静かに固めましょう。

　今月は、精神的な充足を大切にし、無理のないシンプルで美しい生活リズムを築くことがテーマです。心穏やかに足元を整え、確かな安心感に満ちた前進を続けていきましょう。",不要な定期購入サービスや使っていない持ち物を丁寧に点検し、手放すことで身の回りをシンプルに整えてみましょう。普段使っている日用品を大切にお手入れし、週末は今月の支出を静かに振り返って家計簿を締めましょう。無駄を削ぎ落とす習慣が心の安定を守ります。
2026_LIBRA,12,3,静かな読書や思索を通じて内なる知性を深く磨き上げる,情報過多な日常から離れ、じっくりと本を読んだり思索に耽ったりする月です。言葉の奥にある真意や過去の学びを静かに反芻することで、知的な直感力と深い洞察力が精神の奥底から培われていきます。,"　表層的なニュースやSNSの雑音から距離を置き、静かな読書や思索を通じて知性を深める時期です。月前半は、古典文学や哲学書、心理学の本など、普遍的なテーマを扱った著作をじっくりと読み込むのに最適です。早急な答えを求めず、言葉の持つ深い意味や行間に思いを巡らせることで、物事の本質を見抜く鋭い直感力と知的な落ち着きが養われます。

　この動きは、日常生活においては静かな図書館での学習や、手書きのノートへのメモ、個人的なエッセイの執筆として現れます。誰かに見せるためではなく、自分自身の思考を整理するための純粋な言葉を紡ぐことが、心の奥にある知恵を引き出します。内なる対話の時間を大切にしましょう。

　中頃から月後半にかけては、蠍座へ天体が移ることで、断片的な知識が一つにつながり、深い納得感と確信へと昇華していきます。月末頃には、これまでの読書記録や思索のメモを整理し、自分だけの知のアーカイブを整える作業が推奨されます。知的な充足感を味わいましょう。

　今月は、静寂の中で知性を磨き、精神の深みを育むことが大きなテーマとなります。落ち着いた知的な探求を楽しみ、静かで満ち足りた豊かな日々を過ごしていきましょう。",気になっていた専門書や古典を一冊選び、スマートフォンの電源を切って静かなカフェや図書館で読書に没頭しましょう。心に響いた一節や自分自身の考えを手帳に丁寧に書き留め、週末は思考の整理を行いましょう。静かな読書と思索が深い洞察力を着実に育みます。
2026_LIBRA,12,4,住まいと心の内面を静かに整え安心できる居場所を作る,プライベートな住環境や家庭での過ごし方を見つめ直し、心身の緊張を静かにほぐす月です。不要な持ち物を処分し部屋を心地よく整えることで、心の奥底にあった不安が穏やかに解消され、自分を取り戻す安らぎの空間が整えられます。,"　外の世界での活動から少し身を引き、自宅やプライベートな空間で心身を静かに休める時期です。長年溜め込んでいた不要な生活用品を整理したり、心地よい寝具や照明を整えたりして、自分自身が心からくつろげる安心の居場所を作り出していきましょう。住まいを整えることが、そのまま心の静寂と安定につながります。

　実際の暮らしにおいては、休日の大掃除や部屋の模様替え、家族と静かに語り合う時間、一人で静かに料理を楽しむひとときとして現れます。外界からの余計な情報や人間関係のプレッシャーを遮断し、自分の内なる感情に優しく寄り添う姿勢が大切です。過去の家庭環境や幼少期の記憶に思いを馳せ、自分のルーツに感謝を捧げるのも良い時間となります。居心地の良さを優先しましょう。

　月後半に入ると、蠍座に天体が集中し、住まいの根本的な修繕や家族間の深い感情の整理がスムーズに進みやすくなります。心の奥底にあったわだかまりを素直に手放し、穏やかな家庭環境を育んでいきましょう。

　今月は、安心できる拠点の中で自己を静かに慈しむことが何よりの癒やしとなります。無理のない生活リズムを守り、心安らぐ温かな日々を過ごしていきましょう。",自分の部屋や寝室の片付けを集中的に行い、使わなくなった不用品を処分して心地よい生活空間を整えてみましょう。スマートフォンの画面を見ずに間接照明や静かな音楽の中でゆったりと過ごす時間を確保することが、深い心の安らぎを取り戻す大切な助けとなります。
2026_LIBRA,12,5,静寂の中で自らの感性を温め独自の純粋な創作に親しむ,誰に見せるためでもない純粋な創作活動や趣味に静かに没頭し、心の奥底にある感性を優しく解き放つ月です。他者の評価を気にせず自分の心が喜ぶ表現に集中することで、日頃のストレスが心地よく昇華され、豊かな精神の潤いが満ちてきます。,"　世間からの評価や流行を一切気にせず、自分自身の心が求める純粋な創作活動や趣味の世界に静かに浸る時期です。誰かに褒められるためではなく、ただ自分が楽しいと感じる表現や芸術鑑賞に没頭することで、心の深層に溜まっていた緊張や疲労を優しく解きほぐしていきましょう。創造的な孤独が、感性を豊かに研ぎ澄まします。

　日々の生活においては、静かな部屋でのスケッチや日記の執筆、楽器の演奏、心惹かれる名作映画の鑑賞といった場面として具体化します。上手に仕上げようと力む必要はありません。心に浮かんだ色彩や言葉をありのままに紙の上に広げ、自分の内なる子どもを自由に遊ばせる感覚を大切にしましょう。純粋な喜びを味わうことが、心の深い栄養になります。表現することを楽しみましょう。

　月後半を迎えると、蠍座へ天体が集まり、無意識の中から独創的なインスピレーションが次々と湧き上がりやすくなります。自分の感性を信じ、心の中に浮かんだ美しいアイデアを静かにノートへ書き留めていきましょう。

　今月は、静かな創作を通じて自分自身を深く癒やすことが日々の充実感を高めます。優雅な一人の時間を愛し、心豊かな毎日を過ごしていきましょう。",誰にも見せない自由なノートを用意し、心に浮かんだ詩やイラスト、好きな言葉を気ままに書き留めてみましょう。休日に静かなアトリエや美術館へ足を運び、一人でじっくりと芸術に浸る時間を確保することが、豊かな感受性と心の平穏を育む大切な基盤となります。
2026_LIBRA,12,6,心身のデトックスと地道な生活習慣の改善で体調を整える,日頃の疲労やストレスを丁寧に排出し、身体と心のコンディションを調律する月です。無理のない休息と規則正しい生活リズムを確立することで、健やかな体調と安定した実務への集中力が取り戻されます。,"　知らず知らずのうちに溜め込んでいた疲労やストレスを排出し、心身の健康バランスを根本から整え直す時期です。月前半は、体に優しい食事を心がけたり、ストレッチや十分な睡眠を取ったり、健康診断を受けたりするのに好適です。無理なスケジュールを詰め込みすぎず、身体の声に素直に耳を傾けて休息を優先することが、結果として長期的なパフォーマンスを高めます。

　この影響は、日常生活においてはデスク周りの整理整頓や、日々のルーティンの簡素化、無理のない実務処理として現れます。完璧主義を手放し、できることから一つずつ丁寧にこなす姿勢が、心理的なプレッシャーを和らげます。身体をいたわるセルフケアを習慣化しましょう。

　中頃から月後半に入ると、蠍座に天体が集中し、生活習慣の根本的な改善や体内環境の浄化が一段とスムーズに進みます。月末頃にかけては、生活リズムや健康管理のチェックシートを作成し、日々の改善成果を確認する作業が有益です。健やかな足場を固めましょう。

　今月は、身体と心のメンテナンスに専念し、持続可能な生活の基盤を整えることが大きなテーマとなります。自分自身を丁寧にケアし、清々しく快適な充実した日々を過ごしていきましょう。",消化に良い温かい食事を意識して摂り、夜はぬるめのお湯にゆっくり浸かって身体全体の緊張を優しくほぐしましょう。日々のタスクを無理のない量に絞り込んでスケジュールを調整し、週末は十分な睡眠時間を確保しましょう。丁寧なセルフケアが健康な心身を保ちます。
2026_LIBRA,12,7,他者との境界線を優しく保ち精神的な自立と調和を守る,人間関係における過剰な気遣いや依存を手放し、心地よい距離感を保つ月です。相手を尊重しながらも自分自身の内なる領域を大切に守ることで、清々しく健全な信頼関係が穏やかに育まれていきます。,"　他者とのパートナーシップにおいて、過剰な同調や依存を手放し、健全な心の境界線を再確認する時期です。月前半は、相手の顔色をうかがって無理に合わせるのをやめ、お互いが一人の自立した人間として尊重し合える距離感を意識するのに最適です。相手の問題と自分の課題を切り離すことで、無用な摩擦や精神的な疲労が解消され、より純粋な愛情と敬意が通い合います。

　この動きは、日常生活においては必要以上の連絡を控えたり、一人で静かに過ごす時間を互いに認め合ったりすることとして具体化します。言葉にしなくても通じ合える静かな信頼を信じ、相手をあるがままに受け入れる寛容さが絆を深めます。対人関係の整理を恐れないようにしましょう。

　中頃から月後半にかけては、蠍座へ天体が移ることで、表面的な社交から魂の深いレベルでの理解と調和へと質が変化します。月末頃には、大切な人との対話の中で素直な感謝と穏やかな境界線を共有し、関係を整える作業が有益です。調和の心を保ちましょう。

　今月は、精神的な自立を基盤とした美しい人間関係を築き、心の平安を守ることがテーマとなります。相手への敬意と自分への愛を両立させ、穏やかで幸福な日々を過ごしていきましょう。",相手の都合に合わせすぎていた予定を見直し、自分一人のための静かな時間をしっかりとスケジュールに確保しましょう。無理な頼まれごとには柔らかく丁寧に断りの意を伝え、週末は大切な人へ静かな感謝の言葉を贈りましょう。適切な距離感が真の信頼を育てます。
2026_LIBRA,12,8,深層の感情を静かに見つめ心の重荷を穏やかに手放す,心の奥底に眠っていた恐れや過去の執着を静かに見つめ直し、精神的なしがらみを穏やかに清算する月です。見えない不安を否定せずありのまま受け止めることで、深い心の安らぎと新たなステージへ進むための健やかな再生力が養われます。,"　自らの深層心理に意識を向け、過去の出来事に対する後悔や他者への執着を静かに手放していく時期です。表面的な強がりを捨て、自分自身の脆さや悲しみを優しく認めてあげることで、滞っていた心のエネルギーが再び滑らかに循環し始めます。静かな内省を通じて、精神的な再生のプロセスを丁寧に歩んでいきましょう。

　普段の生活においては、就寝前の静かな瞑想や、感情をそのままノートに吐き出す作業、静かな自然の中で深呼吸するひとときとして現れます。無理に前向きな解決を急ぐ必要はありません。心が感じるままに感情を味わい尽くし、静かに手放していく時間を自分に許してあげましょう。信頼できる専門家や相談相手に心の内を明かすのも良い助けとなります。感情の波を穏やかに見つめ、心を休めましょう。

　月後半に入ると、蠍座に天体が集中し、内面的な感情のデトックスと再生が一段と深まります。これまでの自分を優しく許し、心の中にある重荷を一つずつ下ろしていきましょう。

　今月は、静寂の中で自らの内面と深く和解することが何よりの癒やしとなります。穏やかな気持ちで自らを優しく慈しみ、落ち着いた心豊かな日々を大切に過ごしていきましょう。",静かな部屋で一人になり、過去の出来事や手放したい執着を紙に書き出して客観的に見つめ直してみましょう。書き終えた紙を破いて処分するなど、気持ちを切り替える小さな儀式を行い、心身をゆったりと休めることが、健やかな再生力を取り戻す大切な助けとなります。
2026_LIBRA,12,9,精神世界や哲学の探求を通じて魂の普遍的な真理に触れる,物質的な日常を超えた哲学や精神世界に思いを馳せ、魂の視野を広げる月です。普遍的な智慧や宇宙の法則を静かに学ぶことで、日々の悩みを超越した大きな安らぎと高い視座が精神に豊かに宿ります。,"　世俗的な常識や日々の細かな損得勘定を超えて、魂の旅や宇宙の法則、普遍的な哲学を探求する時期です。月前半は、スピリチュアルな教えや東洋哲学、宗教思想、心理学の深層理論などに触れる読書や瞑想に最適です。大宇宙の雄大なサイクルの中に自分自身の命を位置づけ直すことで、日頃の小さな悩みや不安が自然と消え去り、広大無辺な安心感に包まれます。

　この動きは、日常生活においてはパワースポットへの参拝や、星空の観察、静かな思索の散歩として実感されます。知性だけで理解しようとするのではなく、直感やひらめきを通じて真理を体感する姿勢が、精神的な成熟をもたらします。目に見えない導きを信じましょう。

　中頃から月後半にかけては、蠍座へ天体が移ることで、理論としての哲学から生き方としての確信へと精神性が深まります。月末頃には、これまでの気づきや魂の指針をノートに書き留め、人生の羅針盤を整える作業が有益です。高い視座を胸に深く刻みましょう。

　今月は、魂のルーツと普遍的な智慧に繋がり、内なる精神性を高めることが大きなテーマとなります。大いなるものへの敬意を胸に、静かで崇高な充実した日々を力強く過ごしていきましょう。",哲学書や精神世界に関する良書を手に取り、静かな時間の中で一節ずつ深く味わいながら丁寧に読み進めてみましょう。夜は星空を眺めて宇宙の広がりに思いを馳せ、週末は静寂な寺社や自然豊かな聖地を訪れてみましょう。崇高な探求が魂に広大な安らぎを与えます。
2026_LIBRA,12,10,役割をいったん静め、次の立ち位置を整える,休息や区切り、未完了事項の整理が月の中心となり、その必要性を仕事や社会的な立場を通して実感しやすい時期です。新しい責任を増やすより、終える役割と残す役割を選び、次の段階へ持ち越す負担を減らします。,"今月は、外へ広げる前にいったん立ち止まり、終わっていないことを静かに整理する流れが前面に出ます。活動量を落とすことに不安を感じても、次の計画を急いで始めるより、保留中の案件、曖昧な約束、気持ちの上で引っかかっている責任を確認する方が先です。月初から前半は、予定に余白を作り、自分だけで抱えている仕事を洗い出してください。

その整理は、キャリアや公的な立場に具体的な影響を与えます。長く続けてきた役割を終える、担当範囲を狭める、表に出る頻度を調整するなど、社会との関わり方を見直す場面がありそうです。評価を下げないために無理を重ねるのではなく、現在の体力と時間で責任を果たせる条件を伝えることが必要です。

後半は、これまで言葉にしなかった負担や迷いを整理し、残す仕事の優先順位を絞る段階へ入ります。月末頃は過去の判断や連絡を見返し、退くこと、延期すること、誰かへ託すことも選択肢に含めてください。今すぐ次の肩書を決めなくても、何を繰り返したくないかが分かれば、次の立ち位置を考える材料になります。

休息とキャリアを対立させず、役割を持続可能な大きさへ戻す月です。今月の成果は新しい実績ではなく、終えるべき責任を終え、残すものを選び、周囲と合意できる形にすることにあります。静かな整理を、次へ移るための正式な工程として扱いましょう。",継続中の役割を一覧にし、「今月で終える」「引き継ぐ」「継続する」に分けてください。終える仕事には完了条件を付け、引き継ぐ仕事には担当者と期限を記録します。新しい依頼には即答せず、現在の負担を確認してから返答しましょう。判断した理由も短く残してください。
2026_LIBRA,12,11,仲間との関係を静かに見つめ未来の希望を温め直す,所属するコミュニティや友人関係から少し距離を置き、将来の理想や人との関わり方を静かに見つめ直す月です。無理な付き合いを整理し本音で共感できる絆を大切にすることで、心豊かな安心感と次の活動に向けた希望が静かに育まれます。,"　賑やかな交友関係や集団活動の場から一歩身を引き、これからの人生でどのような仲間と共に歩みたいのかを静かに問い直す時期です。惰性で続けていた付き合いや、義務感だけで参加していた集まりを見直し、本当に心の底から共感できる友人やコミュニティとの関係を大切に温め直していきましょう。静かな内省が、人間関係の質を高めます。

　実際の暮らしにおいては、グループの連絡通知を一時的にオフにして一人の時間を過ごしたり、親しい友人一人とだけ静かにお茶を飲んで本音を語り合ったりする場面として現れます。周囲の期待に応えようとして過剰に社交的になる必要はありません。自分の価値観に正直になり、無理のないペースで人と関わる境界線を引くことが大切です。仲間の活動を遠くから静かに見守る温かさを持ちましょう。

　月後半に入ると、蠍座に天体が集中し、将来の夢や長期的なプロジェクトに関する本質的な構想が深まります。これからの活動方針をノートにまとめ、本当に信頼できる仲間だけに共有する準備を進めていきましょう。

　今月は、静寂の中で仲間との絆を慈しみ、未来への希望を静かに温めることが何よりの基盤となります。穏やかな気持ちで自らの居場所を見つめ、落ち着いた日々を過ごしていきましょう。",所属するグループや連絡先の一覧を静かに見つめ直し、現在の自分にとって本当に心地よい関係性を整理してみましょう。社交の予定を詰め込まずに一人でゆったりと過ごす夜の時間を確保し、将来の夢を手帳に書き留めることが、確かな希望を育む助けとなります。
2026_LIBRA,12,12,静寂の中で心身を深く休め新たな始まりに備える,外界の騒がしさから静かに身を引き、心身の深い休息と内省に専念する月です。過去の出来事や不要になった感情の荷物を穏やかに手放すことで、滞っていた生命力が心地よく回復し、次の新しいサイクルを迎える準備が静かに整えられます。,"　これまでの活動のサイクルを静かに締めくくり、外界の刺激から離れて心身を深く休める時期です。何者かになろうとする焦りや、常に前進し続けなければならないという強迫観念を手放し、ただありのままの自分を受け入れて静かに横たわる時間を自分に許してあげましょう。静寂の中でゆったりと過ごす時間こそが、最大の活力の源泉となります。

　日々の生活においては、長めの睡眠を取る、スマートフォンの電源を切って静かな音楽を聴く、温かいお風呂に浸かって身体の緊張をほぐすといった場面として実感されます。無理に誰かと会ったり新しい予定を入れたりする必要はありません。心に浮かぶ過去の記憶や感情の揺らぎを否定せず、川の流れのように静かに見送る寛容さを保ちましょう。何もしない贅沢を味わうことが大切です。

　月後半を迎えると、蠍座へ天体が集まり、精神の奥深くに溜まっていた慢性的な疲労や感情のしがらみが自然と溶け去っていきます。心の余白が澄み渡り、内側から静かな再生の気配が芽生えてくるのを感じ取りましょう。

　今月は、静寂の中で自分自身を深く癒やし慈しむことがすべての土台となります。穏やかな平穏を愛し、心安らぐ温かな日々を過ごしていきましょう。",照明を落とした静かな部屋でゆったりと深呼吸をし、心身の力を抜いて何もしない休息の時間を意識的に設けてみましょう。睡眠時間を十分に確保し、過去へのこだわりや日頃の義務感を一旦忘れて身体を労ることが、健やかな回復と新たな歩みを支える基盤となります。
