Template_ID,Cluster_ID,Month_ID,Event_Type,Valid_From,Peak_At,Valid_To,Carryover_Flag,Participating_Planets,Sign_Signature,Aspect_Signature,Max_Orb,Min_Planet_Count,Moon_Eligibility,Anchor_Planet,Anchor_Solar_House,Anchor_Natal_House,Personalization_Mode,House_Token_Planets,Date_Source,Date_Key,Date_Precision,Selection_Group,Supersedes_Cluster_IDs,Section_Order,Priority,Title,Paragraph_Template,Tags,Active_Flag
2026_08_SUN_JUPITER_CARRYOVER_S01_N01,2026_08_SUN_JUPITER_CARRYOVER,2026-08,conjunction_carryover,2026-08-01T00:00:00+09:00,2026-07-29T21:18:00+09:00,2026-08-05T23:59:59+09:00,1,SUN|JUPITER,SUN:LEO|JUPITER:LEO,SUN-JUPITER:0,5,2,not_applicable,JUPITER,1,1,anchor_house,SUN|JUPITER,swiss_ephemeris,SUN:JUPITER:0:2026-07-29,around_day,LEO_GROWTH,,20,80,自信の余韻を新しい自己像へ育てる時,{event_date}から続く太陽と木星の重なりの余韻が、自分を肯定し、新しい姿を見せたい気持ちを月初へ残します。可能性を大きく感じるほど、準備が整う前に役割や目標を広げやすいでしょう。周囲の期待ではなく自分が本当に続けたいことを一つ選び、小さな行動で新しい自己像を確かめてください。,carryover;conjunction;sun;jupiter;leo,1
2026_08_SUN_JUPITER_CARRYOVER_S01_N02,2026_08_SUN_JUPITER_CARRYOVER,2026-08,conjunction_carryover,2026-08-01T00:00:00+09:00,2026-07-29T21:18:00+09:00,2026-08-05T23:59:59+09:00,1,SUN|JUPITER,SUN:LEO|JUPITER:LEO,SUN-JUPITER:0,5,2,not_applicable,JUPITER,1,2,anchor_house,SUN|JUPITER,swiss_ephemeris,SUN:JUPITER:0:2026-07-29,around_day,LEO_GROWTH,,20,80,自分の価値を現実的な選択へ結ぶ時,{event_date}から続く前向きな感覚が、自分の技能や持ち物の価値を認め、収入や支出の選択を見直す力として月初に残ります。期待する将来の価値まで現在の予算へ含めると、生活を支える金額を見失いやすいでしょう。使える資源を確認し、自信を育てる学びや道具を一つ選んでください。,carryover;conjunction;sun;jupiter;leo,1
2026_08_SUN_JUPITER_CARRYOVER_S01_N03,2026_08_SUN_JUPITER_CARRYOVER,2026-08,conjunction_carryover,2026-08-01T00:00:00+09:00,2026-07-29T21:18:00+09:00,2026-08-05T23:59:59+09:00,1,SUN|JUPITER,SUN:LEO|JUPITER:LEO,SUN-JUPITER:0,5,2,not_applicable,JUPITER,1,3,anchor_house,SUN|JUPITER,swiss_ephemeris,SUN:JUPITER:0:2026-07-29,around_day,LEO_GROWTH,,20,80,前向きな言葉で新しい流れを作る時,{event_date}から続く自信の余韻が、会話、文章、身近な学びへ明るさを与え、自分の考えを伝える力として月初に残ります。言葉に勢いがつくほど、まだ試していないことまで確かな方針として語りやすいでしょう。今の実感と将来の希望を分け、最も伝えたい要点から話してください。,carryover;conjunction;sun;jupiter;leo,1
2026_08_SUN_JUPITER_CARRYOVER_S01_N04,2026_08_SUN_JUPITER_CARRYOVER,2026-08,conjunction_carryover,2026-08-01T00:00:00+09:00,2026-07-29T21:18:00+09:00,2026-08-05T23:59:59+09:00,1,SUN|JUPITER,SUN:LEO|JUPITER:LEO,SUN-JUPITER:0,5,2,not_applicable,JUPITER,1,4,anchor_house,SUN|JUPITER,swiss_ephemeris,SUN:JUPITER:0:2026-07-29,around_day,LEO_GROWTH,,20,80,自分らしい暮らしの土台を整える時,{event_date}から続く拡大感が、住まいや家族の中で自分らしく過ごしたい気持ちを強め、暮らしを整える意欲として月初に残ります。理想の環境を一度に作ろうとすると、費用や家族のペースを置き去りにしやすいでしょう。自分が安心できる条件を言葉にし、今の家で試せる変更から始めてください。,carryover;conjunction;sun;jupiter;leo,1
2026_08_SUN_JUPITER_CARRYOVER_S01_N05,2026_08_SUN_JUPITER_CARRYOVER,2026-08,conjunction_carryover,2026-08-01T00:00:00+09:00,2026-07-29T21:18:00+09:00,2026-08-05T23:59:59+09:00,1,SUN|JUPITER,SUN:LEO|JUPITER:LEO,SUN-JUPITER:0,5,2,not_applicable,JUPITER,1,5,anchor_house,SUN|JUPITER,swiss_ephemeris,SUN:JUPITER:0:2026-07-29,around_day,LEO_GROWTH,,20,80,喜びと創造性を堂々と表現する時,{event_date}から続く明るい余韻が、創作、恋愛、遊びへの意欲を高め、自分の喜びを堂々と表現する力として月初に残ります。反応を期待して作品や約束を大きくすると、本当に楽しみたいことより見せ方が先に立ちやすいでしょう。心から面白いと思うことを一つ選び、まず小さく形にしてください。,carryover;conjunction;sun;jupiter;leo,1
2026_08_SUN_JUPITER_CARRYOVER_S01_N06,2026_08_SUN_JUPITER_CARRYOVER,2026-08,conjunction_carryover,2026-08-01T00:00:00+09:00,2026-07-29T21:18:00+09:00,2026-08-05T23:59:59+09:00,1,SUN|JUPITER,SUN:LEO|JUPITER:LEO,SUN-JUPITER:0,5,2,not_applicable,JUPITER,1,6,anchor_house,SUN|JUPITER,swiss_ephemeris,SUN:JUPITER:0:2026-07-29,around_day,LEO_GROWTH,,20,80,意欲を毎日の仕事と習慣へ定着させる時,{event_date}から続く前向きな感覚が、仕事や生活習慣を改善し、自分に合う日課を作る意欲として月初に残ります。勢いのまま予定や役割を増やすと、体力と休息の条件を見落としやすいでしょう。続けたい変化を一つに絞り、作業量と休む時間を先に決めてから試してください。,carryover;conjunction;sun;jupiter;leo,1
2026_08_SUN_JUPITER_CARRYOVER_S01_N07,2026_08_SUN_JUPITER_CARRYOVER,2026-08,conjunction_carryover,2026-08-01T00:00:00+09:00,2026-07-29T21:18:00+09:00,2026-08-05T23:59:59+09:00,1,SUN|JUPITER,SUN:LEO|JUPITER:LEO,SUN-JUPITER:0,5,2,not_applicable,JUPITER,1,7,anchor_house,SUN|JUPITER,swiss_ephemeris,SUN:JUPITER:0:2026-07-29,around_day,LEO_GROWTH,,20,80,自信を対等な関係づくりへ生かす時,{event_date}から続く自信の余韻が、パートナーや協力相手へ自分の希望を率直に示す力として月初に残ります。理解された安心から将来の約束まで一度に広げると、相手との温度差や条件の違いを見落としやすいでしょう。自分の希望と相手の希望を並べ、今合意できることだけを選んでください。,carryover;conjunction;sun;jupiter;leo,1
2026_08_SUN_JUPITER_CARRYOVER_S01_N08,2026_08_SUN_JUPITER_CARRYOVER,2026-08,conjunction_carryover,2026-08-01T00:00:00+09:00,2026-07-29T21:18:00+09:00,2026-08-05T23:59:59+09:00,1,SUN|JUPITER,SUN:LEO|JUPITER:LEO,SUN-JUPITER:0,5,2,not_applicable,JUPITER,1,8,anchor_house,SUN|JUPITER,swiss_ephemeris,SUN:JUPITER:0:2026-07-29,around_day,LEO_GROWTH,,20,80,深い変化を自分の力として受け取る時,{event_date}から続く拡大感が、親密な関係や共有してきた経験から得た変化を、自分の力として受け取る感覚を月初へ残します。信頼が深まった勢いで秘密や責任まで広く共有すると、境界が曖昧になりやすいでしょう。感情の結びつきと実務の条件を分け、自分が選べる範囲を確かめてください。,carryover;conjunction;sun;jupiter;leo,1
2026_08_SUN_JUPITER_CARRYOVER_S01_N09,2026_08_SUN_JUPITER_CARRYOVER,2026-08,conjunction_carryover,2026-08-01T00:00:00+09:00,2026-07-29T21:18:00+09:00,2026-08-05T23:59:59+09:00,1,SUN|JUPITER,SUN:LEO|JUPITER:LEO,SUN-JUPITER:0,5,2,not_applicable,JUPITER,1,9,anchor_house,SUN|JUPITER,swiss_ephemeris,SUN:JUPITER:0:2026-07-29,around_day,LEO_GROWTH,,20,80,広がった視野を自分の進路へつなげる時,{event_date}から続く前向きな余韻が、学び、旅、異文化から得た視点を自分の進路へ取り入れる意欲として月初に残ります。刺激的な考えをすぐ人生の答えとすると、準備期間や現在の事情を見落としやすいでしょう。関心が続くテーマを一つ選び、調べることと実際に試すことを決めてください。,carryover;conjunction;sun;jupiter;leo,1
2026_08_SUN_JUPITER_CARRYOVER_S01_N10,2026_08_SUN_JUPITER_CARRYOVER,2026-08,conjunction_carryover,2026-08-01T00:00:00+09:00,2026-07-29T21:18:00+09:00,2026-08-05T23:59:59+09:00,1,SUN|JUPITER,SUN:LEO|JUPITER:LEO,SUN-JUPITER:0,5,2,not_applicable,JUPITER,1,10,anchor_house,SUN|JUPITER,swiss_ephemeris,SUN:JUPITER:0:2026-07-29,around_day,LEO_GROWTH,,20,80,新しい役割を社会へ自然に示す時,{event_date}から続く自信が、仕事や社会的な場で新しい役割を担い、自分の方針を示す力として月初に残ります。評価への期待から将来の成果まで約束すると、責任だけが先に大きくなりやすいでしょう。現在の実績、伸ばしたい力、必要な支援を分け、段階的な目標として伝えてください。,carryover;conjunction;sun;jupiter;leo,1
2026_08_SUN_JUPITER_CARRYOVER_S01_N11,2026_08_SUN_JUPITER_CARRYOVER,2026-08,conjunction_carryover,2026-08-01T00:00:00+09:00,2026-07-29T21:18:00+09:00,2026-08-05T23:59:59+09:00,1,SUN|JUPITER,SUN:LEO|JUPITER:LEO,SUN-JUPITER:0,5,2,not_applicable,JUPITER,1,11,anchor_house,SUN|JUPITER,swiss_ephemeris,SUN:JUPITER:0:2026-07-29,around_day,LEO_GROWTH,,20,80,仲間との未来に自分の意志を重ねる時,{event_date}から続く拡大感が、友人やチームとの未来へ自分の意志を重ね、新しい活動へ参加する気持ちとして月初に残ります。盛り上がった構想へすべて応えようとすると、自分の時間と役割の境界を失いやすいでしょう。共感する目標を一つ選び、無理なく提供できることから関わってください。,carryover;conjunction;sun;jupiter;leo,1
2026_08_SUN_JUPITER_CARRYOVER_S01_N12,2026_08_SUN_JUPITER_CARRYOVER,2026-08,conjunction_carryover,2026-08-01T00:00:00+09:00,2026-07-29T21:18:00+09:00,2026-08-05T23:59:59+09:00,1,SUN|JUPITER,SUN:LEO|JUPITER:LEO,SUN-JUPITER:0,5,2,not_applicable,JUPITER,1,12,anchor_house,SUN|JUPITER,swiss_ephemeris,SUN:JUPITER:0:2026-07-29,around_day,LEO_GROWTH,,20,80,内側で育った自信を静かに守る時,{event_date}から続く明るい余韻が、表に出していない願いや回復しつつある自信を内側で育てる時間として月初に残ります。静かな手応えをすぐ外へ証明しようとすると、準備や休息の必要を見落としやすいでしょう。ひとりで過ごす時間に思いを記録し、今後も守りたい小さな希望を一つ残してください。,carryover;conjunction;sun;jupiter;leo,1
2026_08_SUN_JUPITER_CARRYOVER_S02_N01,2026_08_SUN_JUPITER_CARRYOVER,2026-08,conjunction_carryover,2026-08-01T00:00:00+09:00,2026-07-29T21:18:00+09:00,2026-08-05T23:59:59+09:00,1,SUN|JUPITER,SUN:LEO|JUPITER:LEO,SUN-JUPITER:0,5,2,not_applicable,JUPITER,2,1,anchor_house,SUN|JUPITER,swiss_ephemeris,SUN:JUPITER:0:2026-07-29,around_day,LEO_GROWTH,,20,80,自分の価値を自信ある選択へ変える時,{event_date}から続く前向きな余韻が、自分の技能や魅力を認め、何へお金と時間を使うかを選ぶ力として月初に残ります。自信が高まるほど、今後の収入や成長まで現在の予算へ含めやすいでしょう。手元の資源を確認し、自分を支える学びや道具を一つ選んでください。,carryover;conjunction;sun;jupiter;leo,1
2026_08_SUN_JUPITER_CARRYOVER_S02_N02,2026_08_SUN_JUPITER_CARRYOVER,2026-08,conjunction_carryover,2026-08-01T00:00:00+09:00,2026-07-29T21:18:00+09:00,2026-08-05T23:59:59+09:00,1,SUN|JUPITER,SUN:LEO|JUPITER:LEO,SUN-JUPITER:0,5,2,not_applicable,JUPITER,2,2,anchor_house,SUN|JUPITER,swiss_ephemeris,SUN:JUPITER:0:2026-07-29,around_day,LEO_GROWTH,,20,80,豊かさの感覚を現実の資産へ整える時,{event_date}から続く拡大感が、収入、貯蓄、持ち物の価値を見直し、自分なりの豊かさを築く意欲として月初に残ります。可能性を大きく感じて支出や目標額を広げると、日常に必要な資金を見失いやすいでしょう。増やしたいものと守りたいものを分け、現在の数字に合う一歩を決めてください。,carryover;conjunction;sun;jupiter;leo,1
2026_08_SUN_JUPITER_CARRYOVER_S02_N03,2026_08_SUN_JUPITER_CARRYOVER,2026-08,conjunction_carryover,2026-08-01T00:00:00+09:00,2026-07-29T21:18:00+09:00,2026-08-05T23:59:59+09:00,1,SUN|JUPITER,SUN:LEO|JUPITER:LEO,SUN-JUPITER:0,5,2,not_applicable,JUPITER,2,3,anchor_house,SUN|JUPITER,swiss_ephemeris,SUN:JUPITER:0:2026-07-29,around_day,LEO_GROWTH,,20,80,言葉と技能を価値ある形へ育てる時,{event_date}から続く明るい余韻が、会話、文章、学んだ技能を価値ある形へ変えたい気持ちとして月初に残ります。好意的な反応を確かな需要や報酬と同じものにすると、準備の手間と費用を見落としやすいでしょう。相手が求める内容を聞き、小さな提案と現実的な価格から試してください。,carryover;conjunction;sun;jupiter;leo,1
2026_08_SUN_JUPITER_CARRYOVER_S02_N04,2026_08_SUN_JUPITER_CARRYOVER,2026-08,conjunction_carryover,2026-08-01T00:00:00+09:00,2026-07-29T21:18:00+09:00,2026-08-05T23:59:59+09:00,1,SUN|JUPITER,SUN:LEO|JUPITER:LEO,SUN-JUPITER:0,5,2,not_applicable,JUPITER,2,4,anchor_house,SUN|JUPITER,swiss_ephemeris,SUN:JUPITER:0:2026-07-29,around_day,LEO_GROWTH,,20,80,家と暮らしの安心に資源を振り分ける時,{event_date}から続く豊かさへの意識が、住まい、家族、暮らしの安心へお金や時間を使いたい気持ちとして月初に残ります。理想の環境を一度に整えようとすると、維持費や家族の希望を見落としやすいでしょう。必要な修繕と楽しみの支出を分け、長く安心を支えるものから選んでください。,carryover;conjunction;sun;jupiter;leo,1
2026_08_SUN_JUPITER_CARRYOVER_S02_N05,2026_08_SUN_JUPITER_CARRYOVER,2026-08,conjunction_carryover,2026-08-01T00:00:00+09:00,2026-07-29T21:18:00+09:00,2026-08-05T23:59:59+09:00,1,SUN|JUPITER,SUN:LEO|JUPITER:LEO,SUN-JUPITER:0,5,2,not_applicable,JUPITER,2,5,anchor_house,SUN|JUPITER,swiss_ephemeris,SUN:JUPITER:0:2026-07-29,around_day,LEO_GROWTH,,20,80,喜びへ使うお金と才能を見直す時,{event_date}から続く明るい感覚が、創作、恋愛、遊びに使う資源と、自分の才能の価値を認める力として月初に残ります。楽しさや注目への期待から支出や企画を大きくすると、続けるための余白が減りやすいでしょう。心から喜べることを一つ選び、無理のない予算で育ててください。,carryover;conjunction;sun;jupiter;leo,1
2026_08_SUN_JUPITER_CARRYOVER_S02_N06,2026_08_SUN_JUPITER_CARRYOVER,2026-08,conjunction_carryover,2026-08-01T00:00:00+09:00,2026-07-29T21:18:00+09:00,2026-08-05T23:59:59+09:00,1,SUN|JUPITER,SUN:LEO|JUPITER:LEO,SUN-JUPITER:0,5,2,not_applicable,JUPITER,2,6,anchor_house,SUN|JUPITER,swiss_ephemeris,SUN:JUPITER:0:2026-07-29,around_day,LEO_GROWTH,,20,80,日々の働き方から価値を積み上げる時,{event_date}から続く前向きな余韻が、日々の仕事や生活習慣から技能と価値を積み上げる意欲として月初に残ります。成果を急いで作業や道具を増やすと、時間と体力に対する負担を見落としやすいでしょう。よく使う技能を一つ選び、作業時間と費用を記録しながら磨いてください。,carryover;conjunction;sun;jupiter;leo,1
2026_08_SUN_JUPITER_CARRYOVER_S02_N07,2026_08_SUN_JUPITER_CARRYOVER,2026-08,conjunction_carryover,2026-08-01T00:00:00+09:00,2026-07-29T21:18:00+09:00,2026-08-05T23:59:59+09:00,1,SUN|JUPITER,SUN:LEO|JUPITER:LEO,SUN-JUPITER:0,5,2,not_applicable,JUPITER,2,7,anchor_house,SUN|JUPITER,swiss_ephemeris,SUN:JUPITER:0:2026-07-29,around_day,LEO_GROWTH,,20,80,二人の価値観とお金の使い方を整える時,{event_date}から続く拡大感が、パートナーや協力相手と大切にしたい価値やお金の使い方を話す機会として月初に残ります。将来の収入や相手の善意を前提にすると、現在負担できる金額が曖昧になりやすいでしょう。希望と予算を別に並べ、金額、期限、担当を具体的に決めてください。,carryover;conjunction;sun;jupiter;leo,1
2026_08_SUN_JUPITER_CARRYOVER_S02_N08,2026_08_SUN_JUPITER_CARRYOVER,2026-08,conjunction_carryover,2026-08-01T00:00:00+09:00,2026-07-29T21:18:00+09:00,2026-08-05T23:59:59+09:00,1,SUN|JUPITER,SUN:LEO|JUPITER:LEO,SUN-JUPITER:0,5,2,not_applicable,JUPITER,2,8,anchor_house,SUN|JUPITER,swiss_ephemeris,SUN:JUPITER:0:2026-07-29,around_day,LEO_GROWTH,,20,80,自分の資産と共有資源の境界を確かめる時,{event_date}から続く豊かさへの意識が、自分の資産と、家族や相手と共有するお金の関係を見直す力として月初に残ります。期待する利益や支援を自分の資金と同じように扱うと、責任の境界を見失いやすいでしょう。名義、残高、返す条件を確認し、自分が選べる範囲を明確にしてください。,carryover;conjunction;sun;jupiter;leo,1
2026_08_SUN_JUPITER_CARRYOVER_S02_N09,2026_08_SUN_JUPITER_CARRYOVER,2026-08,conjunction_carryover,2026-08-01T00:00:00+09:00,2026-07-29T21:18:00+09:00,2026-08-05T23:59:59+09:00,1,SUN|JUPITER,SUN:LEO|JUPITER:LEO,SUN-JUPITER:0,5,2,not_applicable,JUPITER,2,9,anchor_house,SUN|JUPITER,swiss_ephemeris,SUN:JUPITER:0:2026-07-29,around_day,LEO_GROWTH,,20,80,学びへの投資を将来の力へつなげる時,{event_date}から続く前向きな余韻が、学び、資格、旅へ資源を使い、将来の選択肢を広げたい気持ちとして月初に残ります。期待だけで高額な講座や移動を決めると、活用する場面と準備期間を見落としやすいでしょう。必要な技能、費用、試せる方法を確認し、段階的に投資してください。,carryover;conjunction;sun;jupiter;leo,1
2026_08_SUN_JUPITER_CARRYOVER_S02_N10,2026_08_SUN_JUPITER_CARRYOVER,2026-08,conjunction_carryover,2026-08-01T00:00:00+09:00,2026-07-29T21:18:00+09:00,2026-08-05T23:59:59+09:00,1,SUN|JUPITER,SUN:LEO|JUPITER:LEO,SUN-JUPITER:0,5,2,not_applicable,JUPITER,2,10,anchor_house,SUN|JUPITER,swiss_ephemeris,SUN:JUPITER:0:2026-07-29,around_day,LEO_GROWTH,,20,80,実績と報酬を仕事の役割へ結びつける時,{event_date}から続く自信が、自分の技能や実績を仕事上の役割と報酬へ結びつけたい意欲として月初に残ります。将来の成果まで現在の価値として語ると、責任や期待だけが先に増えやすいでしょう。根拠となる数字と作業範囲を確認し、段階的な条件として周囲へ提案してください。,carryover;conjunction;sun;jupiter;leo,1
2026_08_SUN_JUPITER_CARRYOVER_S02_N11,2026_08_SUN_JUPITER_CARRYOVER,2026-08,conjunction_carryover,2026-08-01T00:00:00+09:00,2026-07-29T21:18:00+09:00,2026-08-05T23:59:59+09:00,1,SUN|JUPITER,SUN:LEO|JUPITER:LEO,SUN-JUPITER:0,5,2,not_applicable,JUPITER,2,11,anchor_house,SUN|JUPITER,swiss_ephemeris,SUN:JUPITER:0:2026-07-29,around_day,LEO_GROWTH,,20,80,仲間との構想に必要な資源を整える時,{event_date}から続く拡大感が、仲間やチームとの未来の構想へお金、技能、時間を提供したい気持ちとして月初に残ります。盛り上がった案を実行予算や継続参加の約束と受け取ると、負担の偏りを見落としやすいでしょう。必要な資源と担当者を確認し、提供できる範囲を決めてください。,carryover;conjunction;sun;jupiter;leo,1
2026_08_SUN_JUPITER_CARRYOVER_S02_N12,2026_08_SUN_JUPITER_CARRYOVER,2026-08,conjunction_carryover,2026-08-01T00:00:00+09:00,2026-07-29T21:18:00+09:00,2026-08-05T23:59:59+09:00,1,SUN|JUPITER,SUN:LEO|JUPITER:LEO,SUN-JUPITER:0,5,2,not_applicable,JUPITER,2,12,anchor_house,SUN|JUPITER,swiss_ephemeris,SUN:JUPITER:0:2026-07-29,around_day,LEO_GROWTH,,20,80,隠れた支出と眠っている価値を見直す時,{event_date}から続く豊かさへの意識が、気づかない支出や、人に見せていない技能の価値を見直す時間として月初に残ります。内側で膨らんだ期待をすぐ収入計画にすると、準備費用や休息の必要を見落としやすいでしょう。隠れた支出を整理し、静かに試せる形で技能を育ててください。,carryover;conjunction;sun;jupiter;leo,1
2026_08_SUN_JUPITER_CARRYOVER_S03_N01,2026_08_SUN_JUPITER_CARRYOVER,2026-08,conjunction_carryover,2026-08-01T00:00:00+09:00,2026-07-29T21:18:00+09:00,2026-08-05T23:59:59+09:00,1,SUN|JUPITER,SUN:LEO|JUPITER:LEO,SUN-JUPITER:0,5,2,not_applicable,JUPITER,3,1,anchor_house,SUN|JUPITER,swiss_ephemeris,SUN:JUPITER:0:2026-07-29,around_day,LEO_GROWTH,,20,80,自分らしい言葉で新しい印象を残す時,{event_date}から続く自信の余韻が、会話や文章で自分の考えを堂々と伝え、新しい印象を示す力として月初に残ります。言葉に勢いがつくほど、まだ試していないことまで自分の方針として語りやすいでしょう。今の実感と将来の希望を分け、最も伝えたい要点から話してください。,carryover;conjunction;sun;jupiter;leo,1
2026_08_SUN_JUPITER_CARRYOVER_S03_N02,2026_08_SUN_JUPITER_CARRYOVER,2026-08,conjunction_carryover,2026-08-01T00:00:00+09:00,2026-07-29T21:18:00+09:00,2026-08-05T23:59:59+09:00,1,SUN|JUPITER,SUN:LEO|JUPITER:LEO,SUN-JUPITER:0,5,2,not_applicable,JUPITER,3,2,anchor_house,SUN|JUPITER,swiss_ephemeris,SUN:JUPITER:0:2026-07-29,around_day,LEO_GROWTH,,20,80,学んだ技能を価値ある発信へ変える時,{event_date}から続く明るい余韻が、学んだ技能や情報を価値ある発信へ変えたい気持ちとして月初に残ります。好意的な反応を確かな需要や報酬と同じものにすると、準備の手間や費用を見落としやすいでしょう。相手が必要とする内容を聞き、小さな提案と現実的な条件から試してください。,carryover;conjunction;sun;jupiter;leo,1
2026_08_SUN_JUPITER_CARRYOVER_S03_N03,2026_08_SUN_JUPITER_CARRYOVER,2026-08,conjunction_carryover,2026-08-01T00:00:00+09:00,2026-07-29T21:18:00+09:00,2026-08-05T23:59:59+09:00,1,SUN|JUPITER,SUN:LEO|JUPITER:LEO,SUN-JUPITER:0,5,2,not_applicable,JUPITER,3,3,anchor_house,SUN|JUPITER,swiss_ephemeris,SUN:JUPITER:0:2026-07-29,around_day,LEO_GROWTH,,20,80,好奇心の広がりを確かな学びへ育てる時,{event_date}から続く拡大感が、会話、読書、身近な移動への好奇心を高め、新しい情報を集める力として月初に残ります。興味のまま話題や予定を増やすと、理解が浅いまま次へ進みやすいでしょう。今知りたい問いを一つ決め、複数の情報を比べて自分の言葉で要約してください。,carryover;conjunction;sun;jupiter;leo,1
2026_08_SUN_JUPITER_CARRYOVER_S03_N04,2026_08_SUN_JUPITER_CARRYOVER,2026-08,conjunction_carryover,2026-08-01T00:00:00+09:00,2026-07-29T21:18:00+09:00,2026-08-05T23:59:59+09:00,1,SUN|JUPITER,SUN:LEO|JUPITER:LEO,SUN-JUPITER:0,5,2,not_applicable,JUPITER,3,4,anchor_house,SUN|JUPITER,swiss_ephemeris,SUN:JUPITER:0:2026-07-29,around_day,LEO_GROWTH,,20,80,家族との会話から暮らしを整える時,{event_date}から続く前向きな感覚が、家族との会話や住まいに関する連絡を明るくし、暮らしを整える意欲として月初に残ります。理想や昔の話を一度に広げると、今決めるべき実務が見えにくくなるでしょう。思いを共有する時間と、費用や予定を確認する時間を分けてください。,carryover;conjunction;sun;jupiter;leo,1
2026_08_SUN_JUPITER_CARRYOVER_S03_N05,2026_08_SUN_JUPITER_CARRYOVER,2026-08,conjunction_carryover,2026-08-01T00:00:00+09:00,2026-07-29T21:18:00+09:00,2026-08-05T23:59:59+09:00,1,SUN|JUPITER,SUN:LEO|JUPITER:LEO,SUN-JUPITER:0,5,2,not_applicable,JUPITER,3,5,anchor_house,SUN|JUPITER,swiss_ephemeris,SUN:JUPITER:0:2026-07-29,around_day,LEO_GROWTH,,20,80,遊び心ある発信で創造性を広げる時,{event_date}から続く明るい余韻が、創作、恋愛、遊びの気持ちを軽やかな言葉や発信へ変える力として月初に残ります。反応が良いほど作品や約束を大きくすると、一時の楽しさへ責任が加わりやすいでしょう。まず会話や小さな作品として味わい、続けたいものだけを後から形にしてください。,carryover;conjunction;sun;jupiter;leo,1
2026_08_SUN_JUPITER_CARRYOVER_S03_N06,2026_08_SUN_JUPITER_CARRYOVER,2026-08,conjunction_carryover,2026-08-01T00:00:00+09:00,2026-07-29T21:18:00+09:00,2026-08-05T23:59:59+09:00,1,SUN|JUPITER,SUN:LEO|JUPITER:LEO,SUN-JUPITER:0,5,2,not_applicable,JUPITER,3,6,anchor_house,SUN|JUPITER,swiss_ephemeris,SUN:JUPITER:0:2026-07-29,around_day,LEO_GROWTH,,20,80,明るい連絡で日々の仕事を整える時,{event_date}から続く前向きな感覚が、職場の連絡、作業手順、生活管理を分かりやすく整える力として月初に残ります。便利な方法や予定を一度に増やすと、確認事項と担当まで膨らみやすいでしょう。誰が、いつ、何をするかを短く整理し、一つの手順から定着させてください。,carryover;conjunction;sun;jupiter;leo,1
2026_08_SUN_JUPITER_CARRYOVER_S03_N07,2026_08_SUN_JUPITER_CARRYOVER,2026-08,conjunction_carryover,2026-08-01T00:00:00+09:00,2026-07-29T21:18:00+09:00,2026-08-05T23:59:59+09:00,1,SUN|JUPITER,SUN:LEO|JUPITER:LEO,SUN-JUPITER:0,5,2,not_applicable,JUPITER,3,7,anchor_house,SUN|JUPITER,swiss_ephemeris,SUN:JUPITER:0:2026-07-29,around_day,LEO_GROWTH,,20,80,前向きな対話から協力関係を育てる時,{event_date}から続く自信の余韻が、パートナーや取引相手との会話を明るくし、新しい協力案を考える力として月初に残ります。話が通じた勢いで合意済みと思うと、条件や担当の違いを見落としやすいでしょう。相手の言葉を言い換えて確認し、決定事項と保留事項を記録してください。,carryover;conjunction;sun;jupiter;leo,1
2026_08_SUN_JUPITER_CARRYOVER_S03_N08,2026_08_SUN_JUPITER_CARRYOVER,2026-08,conjunction_carryover,2026-08-01T00:00:00+09:00,2026-07-29T21:18:00+09:00,2026-08-05T23:59:59+09:00,1,SUN|JUPITER,SUN:LEO|JUPITER:LEO,SUN-JUPITER:0,5,2,not_applicable,JUPITER,3,8,anchor_house,SUN|JUPITER,swiss_ephemeris,SUN:JUPITER:0:2026-07-29,around_day,LEO_GROWTH,,20,80,深い話から大切な信頼を確かめる時,{event_date}から続く拡大感が、共有資産、秘密、親密な感情について話し、理解を深める力として月初に残ります。話せた安心から負担や約束まで広げると、同意の範囲が曖昧になりやすいでしょう。気持ちの共有と実務の条件を分け、金額、期限、話してよい相手を確認してください。,carryover;conjunction;sun;jupiter;leo,1
2026_08_SUN_JUPITER_CARRYOVER_S03_N09,2026_08_SUN_JUPITER_CARRYOVER,2026-08,conjunction_carryover,2026-08-01T00:00:00+09:00,2026-07-29T21:18:00+09:00,2026-08-05T23:59:59+09:00,1,SUN|JUPITER,SUN:LEO|JUPITER:LEO,SUN-JUPITER:0,5,2,not_applicable,JUPITER,3,9,anchor_house,SUN|JUPITER,swiss_ephemeris,SUN:JUPITER:0:2026-07-29,around_day,LEO_GROWTH,,20,80,身近な学びを広い世界観へつなげる時,{event_date}から続く好奇心が、日常の会話や短い学習を専門分野、異文化、遠い世界への関心へつなげる力として月初に残ります。魅力的な情報を一つの真実として受け取ると、自分の経験との違いを見落としやすいでしょう。情報源を確かめ、興味が続くテーマから段階的に深めてください。,carryover;conjunction;sun;jupiter;leo,1
2026_08_SUN_JUPITER_CARRYOVER_S03_N10,2026_08_SUN_JUPITER_CARRYOVER,2026-08,conjunction_carryover,2026-08-01T00:00:00+09:00,2026-07-29T21:18:00+09:00,2026-08-05T23:59:59+09:00,1,SUN|JUPITER,SUN:LEO|JUPITER:LEO,SUN-JUPITER:0,5,2,not_applicable,JUPITER,3,10,anchor_house,SUN|JUPITER,swiss_ephemeris,SUN:JUPITER:0:2026-07-29,around_day,LEO_GROWTH,,20,80,発信力を仕事上の役割へ結びつける時,{event_date}から続く自信が、会議、発表、仕事上の文章を通して専門性や展望を伝える力として月初に残ります。将来の可能性を確定した成果のように話すと、責任だけが先に増えやすいでしょう。実績、提案、未確認の見通しを分け、相手が判断できる形へ整えてください。,carryover;conjunction;sun;jupiter;leo,1
2026_08_SUN_JUPITER_CARRYOVER_S03_N11,2026_08_SUN_JUPITER_CARRYOVER,2026-08,conjunction_carryover,2026-08-01T00:00:00+09:00,2026-07-29T21:18:00+09:00,2026-08-05T23:59:59+09:00,1,SUN|JUPITER,SUN:LEO|JUPITER:LEO,SUN-JUPITER:0,5,2,not_applicable,JUPITER,3,11,anchor_house,SUN|JUPITER,swiss_ephemeris,SUN:JUPITER:0:2026-07-29,around_day,LEO_GROWTH,,20,80,情報交換から未来の仲間を広げる時,{event_date}から続く明るい余韻が、友人、チーム、オンライン上の会話を広げ、新しい仲間や構想へつながる力として月初に残ります。盛り上がった案を全員の合意や参加の約束と受け取ると、役割のない計画が増えやすいでしょう。面白い案を残し、参加者と最初の作業を後から確かめてください。,carryover;conjunction;sun;jupiter;leo,1
2026_08_SUN_JUPITER_CARRYOVER_S03_N12,2026_08_SUN_JUPITER_CARRYOVER,2026-08,conjunction_carryover,2026-08-01T00:00:00+09:00,2026-07-29T21:18:00+09:00,2026-08-05T23:59:59+09:00,1,SUN|JUPITER,SUN:LEO|JUPITER:LEO,SUN-JUPITER:0,5,2,not_applicable,JUPITER,3,12,anchor_house,SUN|JUPITER,swiss_ephemeris,SUN:JUPITER:0:2026-07-29,around_day,LEO_GROWTH,,20,80,静かな思考から残したい言葉を拾う時,{event_date}から続く拡大感が、夢、記憶、ふと浮かぶ言葉を結び直し、人に見せていない考えを育てる時間として月初に残ります。すべてを意味のある予感や答えと考えると、思考が散りやすいでしょう。通知から離れて書き留め、繰り返し心に残る内容だけを後で言葉にしてください。,carryover;conjunction;sun;jupiter;leo,1
2026_08_SUN_JUPITER_CARRYOVER_S04_N01,2026_08_SUN_JUPITER_CARRYOVER,2026-08,conjunction_carryover,2026-08-01T00:00:00+09:00,2026-07-29T21:18:00+09:00,2026-08-05T23:59:59+09:00,1,SUN|JUPITER,SUN:LEO|JUPITER:LEO,SUN-JUPITER:0,5,2,not_applicable,JUPITER,4,1,anchor_house,SUN|JUPITER,swiss_ephemeris,SUN:JUPITER:0:2026-07-29,around_day,LEO_GROWTH,,20,80,安心できる場所から自分らしさを育てる時,{event_date}から続く明るい余韻が、住まいや家族の中で自分らしく過ごし、安心できる土台を作る意欲として月初に残ります。理想の自分と居場所を一度に変えようとすると、今必要な休息や家族のペースを見落としやすいでしょう。自分が落ち着ける条件を言葉にし、今の家で試せる変更から始めてください。,carryover;conjunction;sun;jupiter;leo,1
2026_08_SUN_JUPITER_CARRYOVER_S04_N02,2026_08_SUN_JUPITER_CARRYOVER,2026-08,conjunction_carryover,2026-08-01T00:00:00+09:00,2026-07-29T21:18:00+09:00,2026-08-05T23:59:59+09:00,1,SUN|JUPITER,SUN:LEO|JUPITER:LEO,SUN-JUPITER:0,5,2,not_applicable,JUPITER,4,2,anchor_house,SUN|JUPITER,swiss_ephemeris,SUN:JUPITER:0:2026-07-29,around_day,LEO_GROWTH,,20,80,家と暮らしを支える資源を見直す時,{event_date}から続く豊かさへの感覚が、住居費、家に残す物、家族を支える資源を見直す力として月初に残ります。理想の住環境へ期待が膨らむほど、維持費や生活資金を小さく見積もりやすいでしょう。現在の数字を確認し、長く安心を支える支出と後回しにできる支出を分けてください。,carryover;conjunction;sun;jupiter;leo,1
2026_08_SUN_JUPITER_CARRYOVER_S04_N03,2026_08_SUN_JUPITER_CARRYOVER,2026-08,conjunction_carryover,2026-08-01T00:00:00+09:00,2026-07-29T21:18:00+09:00,2026-08-05T23:59:59+09:00,1,SUN|JUPITER,SUN:LEO|JUPITER:LEO,SUN-JUPITER:0,5,2,not_applicable,JUPITER,4,3,anchor_house,SUN|JUPITER,swiss_ephemeris,SUN:JUPITER:0:2026-07-29,around_day,LEO_GROWTH,,20,80,家族との明るい会話を暮らしへ生かす時,{event_date}から続く前向きな余韻が、家族との会話や住まいに関する連絡を明るくし、暮らしを整える力として月初に残ります。思いや昔の話を一度に広げると、今決めるべき予定や手続きが見えにくくなるでしょう。気持ちを共有する時間と、書類や費用を確認する時間を分けてください。,carryover;conjunction;sun;jupiter;leo,1
2026_08_SUN_JUPITER_CARRYOVER_S04_N04,2026_08_SUN_JUPITER_CARRYOVER,2026-08,conjunction_carryover,2026-08-01T00:00:00+09:00,2026-07-29T21:18:00+09:00,2026-08-05T23:59:59+09:00,1,SUN|JUPITER,SUN:LEO|JUPITER:LEO,SUN-JUPITER:0,5,2,not_applicable,JUPITER,4,4,anchor_house,SUN|JUPITER,swiss_ephemeris,SUN:JUPITER:0:2026-07-29,around_day,LEO_GROWTH,,20,80,心の土台と住まいを豊かに整える時,{event_date}から続く拡大感が、住まい、家族、心のよりどころを見直し、自分なりの安心を育てる意欲として月初に残ります。希望をすべて暮らしの計画へ入れると、家族それぞれの都合や費用を見落としやすいでしょう。残したい習慣と変えたい条件を分け、次の一歩だけを具体化してください。,carryover;conjunction;sun;jupiter;leo,1
2026_08_SUN_JUPITER_CARRYOVER_S04_N05,2026_08_SUN_JUPITER_CARRYOVER,2026-08,conjunction_carryover,2026-08-01T00:00:00+09:00,2026-07-29T21:18:00+09:00,2026-08-05T23:59:59+09:00,1,SUN|JUPITER,SUN:LEO|JUPITER:LEO,SUN-JUPITER:0,5,2,not_applicable,JUPITER,4,5,anchor_house,SUN|JUPITER,swiss_ephemeris,SUN:JUPITER:0:2026-07-29,around_day,LEO_GROWTH,,20,80,家庭の中に遊びと創造の余白を作る時,{event_date}から続く明るい余韻が、家での創作、子どもとの時間、家族で楽しむ遊びを増やす力として月初に残ります。楽しい案をすべて予定へ入れると、家庭の余白や休む時間まで埋まりやすいでしょう。家族それぞれの好みを聞き、無理なく続く楽しみを一つ選んでください。,carryover;conjunction;sun;jupiter;leo,1
2026_08_SUN_JUPITER_CARRYOVER_S04_N06,2026_08_SUN_JUPITER_CARRYOVER,2026-08,conjunction_carryover,2026-08-01T00:00:00+09:00,2026-07-29T21:18:00+09:00,2026-08-05T23:59:59+09:00,1,SUN|JUPITER,SUN:LEO|JUPITER:LEO,SUN-JUPITER:0,5,2,not_applicable,JUPITER,4,6,anchor_house,SUN|JUPITER,swiss_ephemeris,SUN:JUPITER:0:2026-07-29,around_day,LEO_GROWTH,,20,80,家事と生活習慣を無理なく整える時,{event_date}から続く前向きな感覚が、家事、在宅作業、家族への世話を効率よく整える意欲として月初に残ります。便利な仕組みや役割を一度に増やすと、家族のペースと自分の休息を管理しすぎやすいでしょう。毎日必要な作業を確認し、担当と省ける手順を現実的に決めてください。,carryover;conjunction;sun;jupiter;leo,1
2026_08_SUN_JUPITER_CARRYOVER_S04_N07,2026_08_SUN_JUPITER_CARRYOVER,2026-08,conjunction_carryover,2026-08-01T00:00:00+09:00,2026-07-29T21:18:00+09:00,2026-08-05T23:59:59+09:00,1,SUN|JUPITER,SUN:LEO|JUPITER:LEO,SUN-JUPITER:0,5,2,not_applicable,JUPITER,4,7,anchor_house,SUN|JUPITER,swiss_ephemeris,SUN:JUPITER:0:2026-07-29,around_day,LEO_GROWTH,,20,80,二人が安心できる暮らしを育てる時,{event_date}から続く拡大感が、パートナーや家族と将来の住まい、同居、安心できる距離を考える力として月初に残ります。理想が一致した勢いで結論を急ぐと、時間、場所、費用の条件を見落としやすいでしょう。希望と決定事項を分け、今一緒に試せる暮らしの工夫から選んでください。,carryover;conjunction;sun;jupiter;leo,1
2026_08_SUN_JUPITER_CARRYOVER_S04_N08,2026_08_SUN_JUPITER_CARRYOVER,2026-08,conjunction_carryover,2026-08-01T00:00:00+09:00,2026-07-29T21:18:00+09:00,2026-08-05T23:59:59+09:00,1,SUN|JUPITER,SUN:LEO|JUPITER:LEO,SUN-JUPITER:0,5,2,not_applicable,JUPITER,4,8,anchor_house,SUN|JUPITER,swiss_ephemeris,SUN:JUPITER:0:2026-07-29,around_day,LEO_GROWTH,,20,80,家族の資産と受け継ぐ責任を見直す時,{event_date}から続く豊かさへの意識が、家族の資産、住まい、受け継いだ責任を整理する力として月初に残ります。家族への思いから負担の範囲を広げると、名義や金額の条件が曖昧になりやすいでしょう。感情を尊重しながら、資料、担当、費用、見直す時期を別々に確認してください。,carryover;conjunction;sun;jupiter;leo,1
2026_08_SUN_JUPITER_CARRYOVER_S04_N09,2026_08_SUN_JUPITER_CARRYOVER,2026-08,conjunction_carryover,2026-08-01T00:00:00+09:00,2026-07-29T21:18:00+09:00,2026-08-05T23:59:59+09:00,1,SUN|JUPITER,SUN:LEO|JUPITER:LEO,SUN-JUPITER:0,5,2,not_applicable,JUPITER,4,9,anchor_house,SUN|JUPITER,swiss_ephemeris,SUN:JUPITER:0:2026-07-29,around_day,LEO_GROWTH,,20,80,家族の価値観を広い世界へ開く時,{event_date}から続く前向きな余韻が、家族から受け継いだ考え方を異文化や学びと照らし、新しい暮らし方を考える力として月初に残ります。新しい価値観を唯一の答えとして持ち込むと、家族の経験や安心を否定しやすいでしょう。残したい知恵と更新したい習慣を分け、身近な選択から話してください。,carryover;conjunction;sun;jupiter;leo,1
2026_08_SUN_JUPITER_CARRYOVER_S04_N10,2026_08_SUN_JUPITER_CARRYOVER,2026-08,conjunction_carryover,2026-08-01T00:00:00+09:00,2026-07-29T21:18:00+09:00,2026-08-05T23:59:59+09:00,1,SUN|JUPITER,SUN:LEO|JUPITER:LEO,SUN-JUPITER:0,5,2,not_applicable,JUPITER,4,10,anchor_house,SUN|JUPITER,swiss_ephemeris,SUN:JUPITER:0:2026-07-29,around_day,LEO_GROWTH,,20,80,家庭と仕事を支える長期方針を作る時,{event_date}から続く拡大感が、家庭で大切にしたいことと仕事の将来像を結びつけ、長期方針を考える力として月初に残ります。どちらの可能性も同時に広げると、生活時間と責任の釣り合いが崩れやすいでしょう。場所、期限、支援の条件を整理し、暮らしを守れる方針から選んでください。,carryover;conjunction;sun;jupiter;leo,1
2026_08_SUN_JUPITER_CARRYOVER_S04_N11,2026_08_SUN_JUPITER_CARRYOVER,2026-08,conjunction_carryover,2026-08-01T00:00:00+09:00,2026-07-29T21:18:00+09:00,2026-08-05T23:59:59+09:00,1,SUN|JUPITER,SUN:LEO|JUPITER:LEO,SUN-JUPITER:0,5,2,not_applicable,JUPITER,4,11,anchor_house,SUN|JUPITER,swiss_ephemeris,SUN:JUPITER:0:2026-07-29,around_day,LEO_GROWTH,,20,80,仲間と安心できる居場所を育てる時,{event_date}から続く明るい余韻が、友人や地域の仲間と将来の居場所を考え、交流を育てる力として月初に残ります。盛り上がった案を永続的な共同生活の計画と受け取ると、役割や距離の条件を見落としやすいでしょう。共有できる時間と場所を確かめ、小さな集まりから試してください。,carryover;conjunction;sun;jupiter;leo,1
2026_08_SUN_JUPITER_CARRYOVER_S04_N12,2026_08_SUN_JUPITER_CARRYOVER,2026-08,conjunction_carryover,2026-08-01T00:00:00+09:00,2026-07-29T21:18:00+09:00,2026-08-05T23:59:59+09:00,1,SUN|JUPITER,SUN:LEO|JUPITER:LEO,SUN-JUPITER:0,5,2,not_applicable,JUPITER,4,12,anchor_house,SUN|JUPITER,swiss_ephemeris,SUN:JUPITER:0:2026-07-29,around_day,LEO_GROWTH,,20,80,内側にある故郷の記憶を静かに守る時,{event_date}から続く穏やかな余韻が、昔の住まい、家族の記憶、言葉にならなかった安心への思いを内側で育てる時間として月初に残ります。浮かぶ感情をすべて現在の家族関係の答えと決めると、過去と今が混ざりやすいでしょう。静かに記録し、今の暮らしへ残したい願いだけを後から言葉にしてください。,carryover;conjunction;sun;jupiter;leo,1
2026_08_SUN_JUPITER_CARRYOVER_S05_N01,2026_08_SUN_JUPITER_CARRYOVER,2026-08,conjunction_carryover,2026-08-01T00:00:00+09:00,2026-07-29T21:18:00+09:00,2026-08-05T23:59:59+09:00,1,SUN|JUPITER,SUN:LEO|JUPITER:LEO,SUN-JUPITER:0,5,2,not_applicable,JUPITER,5,1,anchor_house,SUN|JUPITER,swiss_ephemeris,SUN:JUPITER:0:2026-07-29,around_day,LEO_GROWTH,,20,80,自分らしい喜びを堂々と表現する時,{event_date}から続く明るい余韻が、創作、恋愛、遊びを通して自分の喜びを堂々と表現する力として月初に残ります。周囲の反応を期待して見せ方や約束を大きくすると、本当に楽しみたいことを見失いやすいでしょう。心から面白いと思うことを一つ選び、小さな作品や行動として試してください。,carryover;conjunction;sun;jupiter;leo,1
2026_08_SUN_JUPITER_CARRYOVER_S05_N02,2026_08_SUN_JUPITER_CARRYOVER,2026-08,conjunction_carryover,2026-08-01T00:00:00+09:00,2026-07-29T21:18:00+09:00,2026-08-05T23:59:59+09:00,1,SUN|JUPITER,SUN:LEO|JUPITER:LEO,SUN-JUPITER:0,5,2,not_applicable,JUPITER,5,2,anchor_house,SUN|JUPITER,swiss_ephemeris,SUN:JUPITER:0:2026-07-29,around_day,LEO_GROWTH,,20,80,才能と楽しみを現実の価値へ育てる時,{event_date}から続く自信の余韻が、創作や趣味の才能を認め、現実の価値へ育てたい気持ちとして月初に残ります。好意的な反応を確かな需要や報酬と同じものにすると、費用と準備時間を見落としやすいでしょう。試作品と必要経費を確認し、無理のない価格や支出から始めてください。,carryover;conjunction;sun;jupiter;leo,1
2026_08_SUN_JUPITER_CARRYOVER_S05_N03,2026_08_SUN_JUPITER_CARRYOVER,2026-08,conjunction_carryover,2026-08-01T00:00:00+09:00,2026-07-29T21:18:00+09:00,2026-08-05T23:59:59+09:00,1,SUN|JUPITER,SUN:LEO|JUPITER:LEO,SUN-JUPITER:0,5,2,not_applicable,JUPITER,5,3,anchor_house,SUN|JUPITER,swiss_ephemeris,SUN:JUPITER:0:2026-07-29,around_day,LEO_GROWTH,,20,80,遊び心ある言葉で創造性を伝える時,{event_date}から続く明るい感覚が、文章、会話、短い発信へ遊び心を加え、創作や恋の気持ちを伝える力として月初に残ります。話題や発信先を増やしすぎると、約束や締切を忘れ、面白さが散りやすいでしょう。伝えたい相手と媒体を絞り、反応を見ながら次の表現へ広げてください。,carryover;conjunction;sun;jupiter;leo,1
2026_08_SUN_JUPITER_CARRYOVER_S05_N04,2026_08_SUN_JUPITER_CARRYOVER,2026-08,conjunction_carryover,2026-08-01T00:00:00+09:00,2026-07-29T21:18:00+09:00,2026-08-05T23:59:59+09:00,1,SUN|JUPITER,SUN:LEO|JUPITER:LEO,SUN-JUPITER:0,5,2,not_applicable,JUPITER,5,4,anchor_house,SUN|JUPITER,swiss_ephemeris,SUN:JUPITER:0:2026-07-29,around_day,LEO_GROWTH,,20,80,家庭に明るい遊びと創作を持ち込む時,{event_date}から続く喜びの余韻が、家で楽しめる創作、家族や子どもとの遊びを増やし、住まいを明るくする力として月初に残ります。理想の行事や模様替えを一度に進めると、家族のペースや費用を置き去りにしやすいでしょう。全員が楽しめる時間を確かめ、続けられる小さな習慣から作ってください。,carryover;conjunction;sun;jupiter;leo,1
2026_08_SUN_JUPITER_CARRYOVER_S05_N05,2026_08_SUN_JUPITER_CARRYOVER,2026-08,conjunction_carryover,2026-08-01T00:00:00+09:00,2026-07-29T21:18:00+09:00,2026-08-05T23:59:59+09:00,1,SUN|JUPITER,SUN:LEO|JUPITER:LEO,SUN-JUPITER:0,5,2,not_applicable,JUPITER,5,5,anchor_house,SUN|JUPITER,swiss_ephemeris,SUN:JUPITER:0:2026-07-29,around_day,LEO_GROWTH,,20,80,恋と創作の喜びを大きく味わう時,{event_date}から続く明るい余韻が、恋愛、創作、遊び、子どもに関する喜びを大きく味わい、表現する意欲として月初に残ります。期待や物語を先まで膨らませると、相手の気持ちや作品の現在地を見失いやすいでしょう。今この瞬間の手応えを楽しみ、次の約束や発表は確認して決めてください。,carryover;conjunction;sun;jupiter;leo,1
2026_08_SUN_JUPITER_CARRYOVER_S05_N06,2026_08_SUN_JUPITER_CARRYOVER,2026-08,conjunction_carryover,2026-08-01T00:00:00+09:00,2026-07-29T21:18:00+09:00,2026-08-05T23:59:59+09:00,1,SUN|JUPITER,SUN:LEO|JUPITER:LEO,SUN-JUPITER:0,5,2,not_applicable,JUPITER,5,6,anchor_house,SUN|JUPITER,swiss_ephemeris,SUN:JUPITER:0:2026-07-29,around_day,LEO_GROWTH,,20,80,好きなことを毎日の活力へ変える時,{event_date}から続く前向きな余韻が、好きなことを仕事や日課へ取り入れ、毎日の活力へ変える力として月初に残ります。楽しさの勢いで予定や役割を増やすと、休息や細かな確認が後回しになりやすいでしょう。喜びが集中を助ける範囲を見極め、一日の作業量と休む時間を先に決めてください。,carryover;conjunction;sun;jupiter;leo,1
2026_08_SUN_JUPITER_CARRYOVER_S05_N07,2026_08_SUN_JUPITER_CARRYOVER,2026-08,conjunction_carryover,2026-08-01T00:00:00+09:00,2026-07-29T21:18:00+09:00,2026-08-05T23:59:59+09:00,1,SUN|JUPITER,SUN:LEO|JUPITER:LEO,SUN-JUPITER:0,5,2,not_applicable,JUPITER,5,7,anchor_house,SUN|JUPITER,swiss_ephemeris,SUN:JUPITER:0:2026-07-29,around_day,LEO_GROWTH,,20,80,二人で楽しむ時間を豊かに育てる時,{event_date}から続く明るい感覚が、パートナーや協力相手と楽しむ時間を増やし、恋愛や共同企画を育てる力として月初に残ります。気持ちが通じた勢いで期待や約束まで大きくすると、相手との温度差を見落としやすいでしょう。互いに望むことを聞き、すぐ試せる楽しみから一緒に選んでください。,carryover;conjunction;sun;jupiter;leo,1
2026_08_SUN_JUPITER_CARRYOVER_S05_N08,2026_08_SUN_JUPITER_CARRYOVER,2026-08,conjunction_carryover,2026-08-01T00:00:00+09:00,2026-07-29T21:18:00+09:00,2026-08-05T23:59:59+09:00,1,SUN|JUPITER,SUN:LEO|JUPITER:LEO,SUN-JUPITER:0,5,2,not_applicable,JUPITER,5,8,anchor_house,SUN|JUPITER,swiss_ephemeris,SUN:JUPITER:0:2026-07-29,around_day,LEO_GROWTH,,20,80,深い感情を創作と親密さへ変える時,{event_date}から続く喜びの余韻が、親密な気持ちや共有してきた経験を創作の源へ変え、深い願いを表現する力として月初に残ります。分かり合えた感覚から金銭や秘密の共有まで広げると、同意の範囲が曖昧になりやすいでしょう。感情の交流と具体的な約束を分け、互いの境界を確かめてください。,carryover;conjunction;sun;jupiter;leo,1
2026_08_SUN_JUPITER_CARRYOVER_S05_N09,2026_08_SUN_JUPITER_CARRYOVER,2026-08,conjunction_carryover,2026-08-01T00:00:00+09:00,2026-07-29T21:18:00+09:00,2026-08-05T23:59:59+09:00,1,SUN|JUPITER,SUN:LEO|JUPITER:LEO,SUN-JUPITER:0,5,2,not_applicable,JUPITER,5,9,anchor_house,SUN|JUPITER,swiss_ephemeris,SUN:JUPITER:0:2026-07-29,around_day,LEO_GROWTH,,20,80,旅と学びから新しい喜びを見つける時,{event_date}から続く好奇心が、旅、異文化、学びから創作や恋の視野を広げ、新しい喜びを見つける力として月初に残ります。刺激的な考えや土地をすぐ理想化すると、背景の違いと準備期間を見落としやすいでしょう。体験を記録し、心に残った一つの要素を作品や計画へ育ててください。,carryover;conjunction;sun;jupiter;leo,1
2026_08_SUN_JUPITER_CARRYOVER_S05_N10,2026_08_SUN_JUPITER_CARRYOVER,2026-08,conjunction_carryover,2026-08-01T00:00:00+09:00,2026-07-29T21:18:00+09:00,2026-08-05T23:59:59+09:00,1,SUN|JUPITER,SUN:LEO|JUPITER:LEO,SUN-JUPITER:0,5,2,not_applicable,JUPITER,5,10,anchor_house,SUN|JUPITER,swiss_ephemeris,SUN:JUPITER:0:2026-07-29,around_day,LEO_GROWTH,,20,80,創造性を社会へ届く企画に育てる時,{event_date}から続く自信が、創作力や発信力を仕事の企画、公の役割へ結びつけ、周囲へ示す力として月初に残ります。注目や評価を期待して構想を大きくすると、実行に必要な時間と担当を軽く見積もりやすいでしょう。面白さの核を一つに絞り、試作品と実行条件を添えて提案してください。,carryover;conjunction;sun;jupiter;leo,1
2026_08_SUN_JUPITER_CARRYOVER_S05_N11,2026_08_SUN_JUPITER_CARRYOVER,2026-08,conjunction_carryover,2026-08-01T00:00:00+09:00,2026-07-29T21:18:00+09:00,2026-08-05T23:59:59+09:00,1,SUN|JUPITER,SUN:LEO|JUPITER:LEO,SUN-JUPITER:0,5,2,not_applicable,JUPITER,5,11,anchor_house,SUN|JUPITER,swiss_ephemeris,SUN:JUPITER:0:2026-07-29,around_day,LEO_GROWTH,,20,80,仲間と楽しめる未来の活動を作る時,{event_date}から続く明るい余韻が、友人やチームと創作、イベント、未来の活動を楽しむ力として月初に残ります。盛り上がりを全員の合意や継続参加と受け取ると、担当者のいない企画が増えやすいでしょう。参加したい人と最初の作業を確かめ、続けられる規模で一度試してください。,carryover;conjunction;sun;jupiter;leo,1
2026_08_SUN_JUPITER_CARRYOVER_S05_N12,2026_08_SUN_JUPITER_CARRYOVER,2026-08,conjunction_carryover,2026-08-01T00:00:00+09:00,2026-07-29T21:18:00+09:00,2026-08-05T23:59:59+09:00,1,SUN|JUPITER,SUN:LEO|JUPITER:LEO,SUN-JUPITER:0,5,2,not_applicable,JUPITER,5,12,anchor_house,SUN|JUPITER,swiss_ephemeris,SUN:JUPITER:0:2026-07-29,around_day,LEO_GROWTH,,20,80,内側に眠る創造性を静かに育てる時,{event_date}から続く喜びの余韻が、夢や記憶、ひとりの時間に浮かぶ物語を豊かにし、人に見せていない創造性を育てる時間として月初に残ります。思いつきのすべてに特別な意味を求めると、形にする前に気持ちが散りやすいでしょう。静かに素材を記録し、繰り返し心に残るものから作品へ整えてください。,carryover;conjunction;sun;jupiter;leo,1
2026_08_SUN_JUPITER_CARRYOVER_S06_N01,2026_08_SUN_JUPITER_CARRYOVER,2026-08,conjunction_carryover,2026-08-01T00:00:00+09:00,2026-07-29T21:18:00+09:00,2026-08-05T23:59:59+09:00,1,SUN|JUPITER,SUN:LEO|JUPITER:LEO,SUN-JUPITER:0,5,2,not_applicable,JUPITER,6,1,anchor_house,SUN|JUPITER,swiss_ephemeris,SUN:JUPITER:0:2026-07-29,around_day,LEO_GROWTH,,20,80,生活改善を自分らしい手応えへ変える時,{event_date}から続く前向きな余韻が、働き方や生活習慣を自分に合う形へ整え、身体の手応えを取り戻したい意欲として月初に残ります。改善策を一度に増やすと、達成できない日を自己評価の低下につなげやすいでしょう。朝夕の行動を一つずつ選び、続けた時の感覚を基準に調整してください。,carryover;conjunction;sun;jupiter;leo,1
2026_08_SUN_JUPITER_CARRYOVER_S06_N02,2026_08_SUN_JUPITER_CARRYOVER,2026-08,conjunction_carryover,2026-08-01T00:00:00+09:00,2026-07-29T21:18:00+09:00,2026-08-05T23:59:59+09:00,1,SUN|JUPITER,SUN:LEO|JUPITER:LEO,SUN-JUPITER:0,5,2,not_applicable,JUPITER,6,2,anchor_house,SUN|JUPITER,swiss_ephemeris,SUN:JUPITER:0:2026-07-29,around_day,LEO_GROWTH,,20,80,実務の工夫を収入と確かな技能へ育てる時,{event_date}から続く自信の余韻が、仕事の工夫や日々磨いてきた技能を認め、収入や安定へ結びつけたい意欲として月初に残ります。便利な道具や講座へ先に費用をかけると、実際の需要と回収までの時間を見落としやすいでしょう。今ある技能で提供できることを整理し、小さな成果と必要経費を記録してください。,carryover;conjunction;sun;jupiter;leo,1
2026_08_SUN_JUPITER_CARRYOVER_S06_N03,2026_08_SUN_JUPITER_CARRYOVER,2026-08,conjunction_carryover,2026-08-01T00:00:00+09:00,2026-07-29T21:18:00+09:00,2026-08-05T23:59:59+09:00,1,SUN|JUPITER,SUN:LEO|JUPITER:LEO,SUN-JUPITER:0,5,2,not_applicable,JUPITER,6,3,anchor_house,SUN|JUPITER,swiss_ephemeris,SUN:JUPITER:0:2026-07-29,around_day,LEO_GROWTH,,20,80,日々の連絡と学びを軽やかに整える時,{event_date}から続く明るい感覚が、仕事の連絡、近距離の移動、実用的な学びを活発にし、毎日の流れを整える力として月初に残ります。興味のまま情報や予定を増やすと、返信、提出、移動時間の細部が抜けやすいでしょう。連絡先と締切を一か所へ集め、今日使う知識から順に試してください。,carryover;conjunction;sun;jupiter;leo,1
2026_08_SUN_JUPITER_CARRYOVER_S06_N04,2026_08_SUN_JUPITER_CARRYOVER,2026-08,conjunction_carryover,2026-08-01T00:00:00+09:00,2026-07-29T21:18:00+09:00,2026-08-05T23:59:59+09:00,1,SUN|JUPITER,SUN:LEO|JUPITER:LEO,SUN-JUPITER:0,5,2,not_applicable,JUPITER,6,4,anchor_house,SUN|JUPITER,swiss_ephemeris,SUN:JUPITER:0:2026-07-29,around_day,LEO_GROWTH,,20,80,家事と仕事が両立する暮らしを作る時,{event_date}から続く前向きな余韻が、家事、在宅作業、家族への世話を見直し、暮らし全体を働きやすく整える意欲として月初に残ります。善意で役割や便利な仕組みを増やすと、自分の休息と家族それぞれのペースを管理しすぎやすいでしょう。毎日必要な作業を選び、担当と省ける手順を話し合ってください。,carryover;conjunction;sun;jupiter;leo,1
2026_08_SUN_JUPITER_CARRYOVER_S06_N05,2026_08_SUN_JUPITER_CARRYOVER,2026-08,conjunction_carryover,2026-08-01T00:00:00+09:00,2026-07-29T21:18:00+09:00,2026-08-05T23:59:59+09:00,1,SUN|JUPITER,SUN:LEO|JUPITER:LEO,SUN-JUPITER:0,5,2,not_applicable,JUPITER,6,5,anchor_house,SUN|JUPITER,swiss_ephemeris,SUN:JUPITER:0:2026-07-29,around_day,LEO_GROWTH,,20,80,好きなことが続く日課と余白を作る時,{event_date}から続く喜びの余韻が、創作、恋愛、子どもとの時間を日々の活力に変え、楽しみを続ける習慣として月初に残ります。好きな予定まで達成課題にすると、遊びの余白が減り、楽しめない自分を責めやすいでしょう。短くても心が弾む時間を先に確保し、成果を求めない日も残してください。,carryover;conjunction;sun;jupiter;leo,1
2026_08_SUN_JUPITER_CARRYOVER_S06_N06,2026_08_SUN_JUPITER_CARRYOVER,2026-08,conjunction_carryover,2026-08-01T00:00:00+09:00,2026-07-29T21:18:00+09:00,2026-08-05T23:59:59+09:00,1,SUN|JUPITER,SUN:LEO|JUPITER:LEO,SUN-JUPITER:0,5,2,not_applicable,JUPITER,6,6,anchor_house,SUN|JUPITER,swiss_ephemeris,SUN:JUPITER:0:2026-07-29,around_day,LEO_GROWTH,,20,80,毎日の働き方と体調管理を立て直す時,{event_date}から続く拡大感が、仕事の手順、役割分担、食事や睡眠を見直し、毎日をより良く整える意欲として月初に残ります。改善項目を増やしすぎると、管理そのものが負担となり、身体からの小さな合図を置き去りにしやすいでしょう。一日の作業量と休む時間を先に決め、続けられた方法だけを残してください。,carryover;conjunction;sun;jupiter;leo,1
2026_08_SUN_JUPITER_CARRYOVER_S06_N07,2026_08_SUN_JUPITER_CARRYOVER,2026-08,conjunction_carryover,2026-08-01T00:00:00+09:00,2026-07-29T21:18:00+09:00,2026-08-05T23:59:59+09:00,1,SUN|JUPITER,SUN:LEO|JUPITER:LEO,SUN-JUPITER:0,5,2,not_applicable,JUPITER,6,7,anchor_house,SUN|JUPITER,swiss_ephemeris,SUN:JUPITER:0:2026-07-29,around_day,LEO_GROWTH,,20,80,二人で担う役割と協力の形を整える時,{event_date}から続く前向きな感覚が、パートナー、顧客、協力相手との役割を見直し、日々のやり取りを支え合える形へ整える力として月初に残ります。役に立ちたい気持ちから依頼や約束を広げると、責任の境界と相手の負担を曖昧にしやすいでしょう。担当、期限、連絡方法を具体的に話し、双方が続けられる形を選んでください。,carryover;conjunction;sun;jupiter;leo,1
2026_08_SUN_JUPITER_CARRYOVER_S06_N08,2026_08_SUN_JUPITER_CARRYOVER,2026-08,conjunction_carryover,2026-08-01T00:00:00+09:00,2026-07-29T21:18:00+09:00,2026-08-05T23:59:59+09:00,1,SUN|JUPITER,SUN:LEO|JUPITER:LEO,SUN-JUPITER:0,5,2,not_applicable,JUPITER,6,8,anchor_house,SUN|JUPITER,swiss_ephemeris,SUN:JUPITER:0:2026-07-29,around_day,LEO_GROWTH,,20,80,共有する負担と支援の条件を見直す時,{event_date}から続く拡大感が、共同の支払い、介助や世話、引き継いだ実務を整理し、支え合いの仕組みを整える力として月初に残ります。信頼や善意を理由に負担を引き受けすぎると、金額、担当、終わる時期が曖昧になりやすいでしょう。感情と実務を分け、記録を共有して見直す日を決めてください。,carryover;conjunction;sun;jupiter;leo,1
2026_08_SUN_JUPITER_CARRYOVER_S06_N09,2026_08_SUN_JUPITER_CARRYOVER,2026-08,conjunction_carryover,2026-08-01T00:00:00+09:00,2026-07-29T21:18:00+09:00,2026-08-05T23:59:59+09:00,1,SUN|JUPITER,SUN:LEO|JUPITER:LEO,SUN-JUPITER:0,5,2,not_applicable,JUPITER,6,9,anchor_house,SUN|JUPITER,swiss_ephemeris,SUN:JUPITER:0:2026-07-29,around_day,LEO_GROWTH,,20,80,学んだ知識を日々の実践へ落とし込む時,{event_date}から続く好奇心が、専門知識、異文化の方法、遠方で得た経験を、仕事や生活の実践へ取り入れる力として月初に残ります。理想的な方法を一度に採用すると、今の環境や体力に合うかを確かめないまま負担が増えやすいでしょう。一つの知識を短期間試し、役立った点を自分の手順へ残してください。,carryover;conjunction;sun;jupiter;leo,1
2026_08_SUN_JUPITER_CARRYOVER_S06_N10,2026_08_SUN_JUPITER_CARRYOVER,2026-08,conjunction_carryover,2026-08-01T00:00:00+09:00,2026-07-29T21:18:00+09:00,2026-08-05T23:59:59+09:00,1,SUN|JUPITER,SUN:LEO|JUPITER:LEO,SUN-JUPITER:0,5,2,not_applicable,JUPITER,6,10,anchor_house,SUN|JUPITER,swiss_ephemeris,SUN:JUPITER:0:2026-07-29,around_day,LEO_GROWTH,,20,80,実務の積み重ねを社会的な評価へつなぐ時,{event_date}から続く自信の余韻が、これまで担ってきた実務や調整力を周囲へ示し、仕事上の役割を広げる意欲として月初に残ります。評価への期待から追加の責任まで引き受けると、作業時間と権限の釣り合いを見落としやすいでしょう。成果と改善点を記録し、必要な支援や条件を添えて伝えてください。,carryover;conjunction;sun;jupiter;leo,1
2026_08_SUN_JUPITER_CARRYOVER_S06_N11,2026_08_SUN_JUPITER_CARRYOVER,2026-08,conjunction_carryover,2026-08-01T00:00:00+09:00,2026-07-29T21:18:00+09:00,2026-08-05T23:59:59+09:00,1,SUN|JUPITER,SUN:LEO|JUPITER:LEO,SUN-JUPITER:0,5,2,not_applicable,JUPITER,6,11,anchor_house,SUN|JUPITER,swiss_ephemeris,SUN:JUPITER:0:2026-07-29,around_day,LEO_GROWTH,,20,80,仲間と続けられる活動の仕組みを作る時,{event_date}から続く明るい余韻が、友人、チーム、コミュニティの活動を日常へ根づかせ、実務を分かち合う力として月初に残ります。盛り上がりを継続参加の約束と受け取ると、一部の人へ連絡や作業が偏りやすいでしょう。参加できる頻度と担当を確かめ、短い周期で見直せる仕組みを作ってください。,carryover;conjunction;sun;jupiter;leo,1
2026_08_SUN_JUPITER_CARRYOVER_S06_N12,2026_08_SUN_JUPITER_CARRYOVER,2026-08,conjunction_carryover,2026-08-01T00:00:00+09:00,2026-07-29T21:18:00+09:00,2026-08-05T23:59:59+09:00,1,SUN|JUPITER,SUN:LEO|JUPITER:LEO,SUN-JUPITER:0,5,2,not_applicable,JUPITER,6,12,anchor_house,SUN|JUPITER,swiss_ephemeris,SUN:JUPITER:0:2026-07-29,around_day,LEO_GROWTH,,20,80,見えない負担を減らし静かな回復を守る時,{event_date}から続く穏やかな余韻が、表に出ない仕事、無意識の気遣い、休息を削る習慣へ気づき、生活を静かに整える力として月初に残ります。前向きになった勢いで遅れをすべて取り戻そうとすると、疲れを感じる前に予定を詰めやすいでしょう。終えてよい作業を一つ選び、何もしない時間も日課として確保してください。,carryover;conjunction;sun;jupiter;leo,1
2026_08_SUN_JUPITER_CARRYOVER_S07_N01,2026_08_SUN_JUPITER_CARRYOVER,2026-08,conjunction_carryover,2026-08-01T00:00:00+09:00,2026-07-29T21:18:00+09:00,2026-08-05T23:59:59+09:00,1,SUN|JUPITER,SUN:LEO|JUPITER:LEO,SUN-JUPITER:0,5,2,not_applicable,JUPITER,7,1,anchor_house,SUN|JUPITER,swiss_ephemeris,SUN:JUPITER:0:2026-07-29,around_day,LEO_GROWTH,,20,80,他者との出会いから新しい自分を知る時,{event_date}から続く明るい余韻が、パートナーや新しい相手との交流を広げ、他者の反応から自分の魅力や望みを知る力として月初に残ります。相手に好意的に見られたい気持ちが強まると、本音より大きな約束や役割を選びやすいでしょう。相手の期待を聞きながら、自分が無理なく応えられる範囲も言葉にしてください。,carryover;conjunction;sun;jupiter;leo,1
2026_08_SUN_JUPITER_CARRYOVER_S07_N02,2026_08_SUN_JUPITER_CARRYOVER,2026-08,conjunction_carryover,2026-08-01T00:00:00+09:00,2026-07-29T21:18:00+09:00,2026-08-05T23:59:59+09:00,1,SUN|JUPITER,SUN:LEO|JUPITER:LEO,SUN-JUPITER:0,5,2,not_applicable,JUPITER,7,2,anchor_house,SUN|JUPITER,swiss_ephemeris,SUN:JUPITER:0:2026-07-29,around_day,LEO_GROWTH,,20,80,対等な契約で自分の価値と対価を守る時,{event_date}から続く拡大感が、顧客や協力相手との契約を通して、自分の技能、報酬、時間の価値を見直す力として月初に残ります。関係の良さを十分な対価や安定の保証と考えると、費用と責任の条件が曖昧になりやすいでしょう。提供する内容、金額、期限を確認し、双方が選び直せる余地を残してください。,carryover;conjunction;sun;jupiter;leo,1
2026_08_SUN_JUPITER_CARRYOVER_S07_N03,2026_08_SUN_JUPITER_CARRYOVER,2026-08,conjunction_carryover,2026-08-01T00:00:00+09:00,2026-07-29T21:18:00+09:00,2026-08-05T23:59:59+09:00,1,SUN|JUPITER,SUN:LEO|JUPITER:LEO,SUN-JUPITER:0,5,2,not_applicable,JUPITER,7,3,anchor_house,SUN|JUPITER,swiss_ephemeris,SUN:JUPITER:0:2026-07-29,around_day,LEO_GROWTH,,20,80,明るい対話から二人の合意を育てる時,{event_date}から続く前向きな感覚が、パートナーや交渉相手との会話を活発にし、互いの考えを広げる力として月初に残ります。話が弾んだ勢いで結論まで一致したと思うと、細かな条件や言葉の受け取り方にずれが残りやすいでしょう。決まったことと検討中のことを分け、要点を短く書いて共有してください。,carryover;conjunction;sun;jupiter;leo,1
2026_08_SUN_JUPITER_CARRYOVER_S07_N04,2026_08_SUN_JUPITER_CARRYOVER,2026-08,conjunction_carryover,2026-08-01T00:00:00+09:00,2026-07-29T21:18:00+09:00,2026-08-05T23:59:59+09:00,1,SUN|JUPITER,SUN:LEO|JUPITER:LEO,SUN-JUPITER:0,5,2,not_applicable,JUPITER,7,4,anchor_house,SUN|JUPITER,swiss_ephemeris,SUN:JUPITER:0:2026-07-29,around_day,LEO_GROWTH,,20,80,安心できる暮らしを二人で描き直す時,{event_date}から続く明るい余韻が、パートナーや家族と住まい、同居、将来の暮らしを考え、安心の形を広げる力として月初に残ります。理想が重なった感覚から決定を急ぐと、費用、場所、家族の事情を小さく見積もりやすいでしょう。互いに譲れない条件を確かめ、今の生活で試せる工夫から始めてください。,carryover;conjunction;sun;jupiter;leo,1
2026_08_SUN_JUPITER_CARRYOVER_S07_N05,2026_08_SUN_JUPITER_CARRYOVER,2026-08,conjunction_carryover,2026-08-01T00:00:00+09:00,2026-07-29T21:18:00+09:00,2026-08-05T23:59:59+09:00,1,SUN|JUPITER,SUN:LEO|JUPITER:LEO,SUN-JUPITER:0,5,2,not_applicable,JUPITER,7,5,anchor_house,SUN|JUPITER,swiss_ephemeris,SUN:JUPITER:0:2026-07-29,around_day,LEO_GROWTH,,20,80,恋と創作を分かち合い喜びを育てる時,{event_date}から続く喜びの余韻が、恋愛、創作、遊びを誰かと分かち合い、二人ならではの楽しみを育てる力として月初に残ります。気持ちが通じた瞬間から物語や共同企画を先まで膨らませると、相手の現在の意思を見失いやすいでしょう。今一緒に楽しめることを選び、次の約束は互いの希望を聞いて決めてください。,carryover;conjunction;sun;jupiter;leo,1
2026_08_SUN_JUPITER_CARRYOVER_S07_N06,2026_08_SUN_JUPITER_CARRYOVER,2026-08,conjunction_carryover,2026-08-01T00:00:00+09:00,2026-07-29T21:18:00+09:00,2026-08-05T23:59:59+09:00,1,SUN|JUPITER,SUN:LEO|JUPITER:LEO,SUN-JUPITER:0,5,2,not_applicable,JUPITER,7,6,anchor_house,SUN|JUPITER,swiss_ephemeris,SUN:JUPITER:0:2026-07-29,around_day,LEO_GROWTH,,20,80,毎日の役割を協力できる形へ整える時,{event_date}から続く前向きな余韻が、パートナー、同僚、顧客との役割分担を見直し、日々の実務を支え合う力として月初に残ります。相手の役に立とうとして依頼を引き受けすぎると、自分の作業量や休息を後回しにしやすいでしょう。担当、期限、連絡方法を具体化し、続けにくい部分を早めに相談してください。,carryover;conjunction;sun;jupiter;leo,1
2026_08_SUN_JUPITER_CARRYOVER_S07_N07,2026_08_SUN_JUPITER_CARRYOVER,2026-08,conjunction_carryover,2026-08-01T00:00:00+09:00,2026-07-29T21:18:00+09:00,2026-08-05T23:59:59+09:00,1,SUN|JUPITER,SUN:LEO|JUPITER:LEO,SUN-JUPITER:0,5,2,not_applicable,JUPITER,7,7,anchor_house,SUN|JUPITER,swiss_ephemeris,SUN:JUPITER:0:2026-07-29,around_day,LEO_GROWTH,,20,80,大切な関係の可能性と約束を見直す時,{event_date}から続く拡大感が、恋愛、結婚、契約、協力関係の可能性を大きく捉え、二人の将来を考える力として月初に残ります。好意や期待が高まるほど、相手も同じ速度で進みたいと思っていると受け取りやすいでしょう。関係の意味を決めつけず、望む距離、責任、次の一歩を対等に話してください。,carryover;conjunction;sun;jupiter;leo,1
2026_08_SUN_JUPITER_CARRYOVER_S07_N08,2026_08_SUN_JUPITER_CARRYOVER,2026-08,conjunction_carryover,2026-08-01T00:00:00+09:00,2026-07-29T21:18:00+09:00,2026-08-05T23:59:59+09:00,1,SUN|JUPITER,SUN:LEO|JUPITER:LEO,SUN-JUPITER:0,5,2,not_applicable,JUPITER,7,8,anchor_house,SUN|JUPITER,swiss_ephemeris,SUN:JUPITER:0:2026-07-29,around_day,LEO_GROWTH,,20,80,深い信頼と共有条件を丁寧に確かめる時,{event_date}から続く前向きな感覚が、親密な相手との信頼を深め、共有するお金、秘密、責任について話す力として月初に残ります。分かり合えた安心からすべてを預けると、同意の範囲や後から見直す条件が曖昧になりやすいでしょう。感情の交流と具体的な契約を分け、記録に残せる内容から合意してください。,carryover;conjunction;sun;jupiter;leo,1
2026_08_SUN_JUPITER_CARRYOVER_S07_N09,2026_08_SUN_JUPITER_CARRYOVER,2026-08,conjunction_carryover,2026-08-01T00:00:00+09:00,2026-07-29T21:18:00+09:00,2026-08-05T23:59:59+09:00,1,SUN|JUPITER,SUN:LEO|JUPITER:LEO,SUN-JUPITER:0,5,2,not_applicable,JUPITER,7,9,anchor_house,SUN|JUPITER,swiss_ephemeris,SUN:JUPITER:0:2026-07-29,around_day,LEO_GROWTH,,20,80,異なる価値観から二人の視野を広げる時,{event_date}から続く好奇心が、異文化、専門分野、旅や学びを通して、パートナーや協力相手と新しい世界を共有する力として月初に残ります。刺激的な考えに共感しても、生活上の価値観や長期目標まで一致するとは限らないでしょう。違いを正すより背景を聞き、共に試せる経験を一つ選んでください。,carryover;conjunction;sun;jupiter;leo,1
2026_08_SUN_JUPITER_CARRYOVER_S07_N10,2026_08_SUN_JUPITER_CARRYOVER,2026-08,conjunction_carryover,2026-08-01T00:00:00+09:00,2026-07-29T21:18:00+09:00,2026-08-05T23:59:59+09:00,1,SUN|JUPITER,SUN:LEO|JUPITER:LEO,SUN-JUPITER:0,5,2,not_applicable,JUPITER,7,10,anchor_house,SUN|JUPITER,swiss_ephemeris,SUN:JUPITER:0:2026-07-29,around_day,LEO_GROWTH,,20,80,協力関係を社会的な役割へ発展させる時,{event_date}から続く自信の余韻が、顧客、専門家、共同事業者との関係を、公の企画や新しい仕事の役割へ結びつける力として月初に残ります。相手の評価や肩書への期待から提携を急ぐと、権限と成果責任の釣り合いを見落としやすいでしょう。目的、担当、報酬、発表範囲を確認し、小さな実績から協力を育ててください。,carryover;conjunction;sun;jupiter;leo,1
2026_08_SUN_JUPITER_CARRYOVER_S07_N11,2026_08_SUN_JUPITER_CARRYOVER,2026-08,conjunction_carryover,2026-08-01T00:00:00+09:00,2026-07-29T21:18:00+09:00,2026-08-05T23:59:59+09:00,1,SUN|JUPITER,SUN:LEO|JUPITER:LEO,SUN-JUPITER:0,5,2,not_applicable,JUPITER,7,11,anchor_house,SUN|JUPITER,swiss_ephemeris,SUN:JUPITER:0:2026-07-29,around_day,LEO_GROWTH,,20,80,友情から未来を作る協力者を見つける時,{event_date}から続く明るい余韻が、友人やコミュニティの中から、未来の目標を一緒に進める協力相手との関係を育てる力として月初に残ります。集団での親しさを一対一の確約と受け取ると、参加意欲や責任への温度差を見落としやすいでしょう。誰と何を始めたいかを個別に確かめ、短い共同作業から試してください。,carryover;conjunction;sun;jupiter;leo,1
2026_08_SUN_JUPITER_CARRYOVER_S07_N12,2026_08_SUN_JUPITER_CARRYOVER,2026-08,conjunction_carryover,2026-08-01T00:00:00+09:00,2026-07-29T21:18:00+09:00,2026-08-05T23:59:59+09:00,1,SUN|JUPITER,SUN:LEO|JUPITER:LEO,SUN-JUPITER:0,5,2,not_applicable,JUPITER,7,12,anchor_house,SUN|JUPITER,swiss_ephemeris,SUN:JUPITER:0:2026-07-29,around_day,LEO_GROWTH,,20,80,心の奥にある関係への期待を見つめる時,{event_date}から続く穏やかな余韻が、表に出していない関係、過去から残る思い、誰かに理解されたい願いを静かに見つめる時間として月初に残ります。直感的な親近感を相手の意思や運命的な約束と思うと、期待と事実が混ざりやすいでしょう。結論を急がず気持ちを記録し、確かめたいことだけを落ち着いて尋ねてください。,carryover;conjunction;sun;jupiter;leo,1
2026_08_SUN_JUPITER_CARRYOVER_S08_N01,2026_08_SUN_JUPITER_CARRYOVER,2026-08,conjunction_carryover,2026-08-01T00:00:00+09:00,2026-07-29T21:18:00+09:00,2026-08-05T23:59:59+09:00,1,SUN|JUPITER,SUN:LEO|JUPITER:LEO,SUN-JUPITER:0,5,2,not_applicable,JUPITER,8,1,anchor_house,SUN|JUPITER,swiss_ephemeris,SUN:JUPITER:0:2026-07-29,around_day,LEO_GROWTH,,20,80,支えを受け取りながら自分の力を取り戻す時,{event_date}から続く前向きな余韻が、誰かの支援や共有資源を受け取りながら、自分の意思と行動力を立て直す力として月初に残ります。助けてもらえる安心から判断まで相手へ預けると、自分が選べる範囲を見失いやすいでしょう。支援の目的と期限を確かめ、自分で担う部分も明確にしてください。,carryover;conjunction;sun;jupiter;leo,1
2026_08_SUN_JUPITER_CARRYOVER_S08_N02,2026_08_SUN_JUPITER_CARRYOVER,2026-08,conjunction_carryover,2026-08-01T00:00:00+09:00,2026-07-29T21:18:00+09:00,2026-08-05T23:59:59+09:00,1,SUN|JUPITER,SUN:LEO|JUPITER:LEO,SUN-JUPITER:0,5,2,not_applicable,JUPITER,8,2,anchor_house,SUN|JUPITER,swiss_ephemeris,SUN:JUPITER:0:2026-07-29,around_day,LEO_GROWTH,,20,80,自分のお金と共有資産の境界を整える時,{event_date}から続く拡大感が、共同資金、援助、返済、保険などを見直し、自分の収入や持ち物との境界を整える力として月初に残ります。利用できる額を自分の資産と同じ感覚で捉えると、返す条件や将来の固定費を見落としやすいでしょう。名義、残高、期限を確認し、自分だけで使える資源を先に守ってください。,carryover;conjunction;sun;jupiter;leo,1
2026_08_SUN_JUPITER_CARRYOVER_S08_N03,2026_08_SUN_JUPITER_CARRYOVER,2026-08,conjunction_carryover,2026-08-01T00:00:00+09:00,2026-07-29T21:18:00+09:00,2026-08-05T23:59:59+09:00,1,SUN|JUPITER,SUN:LEO|JUPITER:LEO,SUN-JUPITER:0,5,2,not_applicable,JUPITER,8,3,anchor_house,SUN|JUPITER,swiss_ephemeris,SUN:JUPITER:0:2026-07-29,around_day,LEO_GROWTH,,20,80,大切な条件を言葉と記録で確かめる時,{event_date}から続く前向きな感覚が、共有資産、引き継ぎ、親密な関係について話しにくかった内容を言葉にする力として月初に残ります。話せた安心だけで合意したと思うと、金額や責任の解釈が後から分かれやすいでしょう。質問を短く整理し、決まった条件と保留事項を記録して共有してください。,carryover;conjunction;sun;jupiter;leo,1
2026_08_SUN_JUPITER_CARRYOVER_S08_N04,2026_08_SUN_JUPITER_CARRYOVER,2026-08,conjunction_carryover,2026-08-01T00:00:00+09:00,2026-07-29T21:18:00+09:00,2026-08-05T23:59:59+09:00,1,SUN|JUPITER,SUN:LEO|JUPITER:LEO,SUN-JUPITER:0,5,2,not_applicable,JUPITER,8,4,anchor_house,SUN|JUPITER,swiss_ephemeris,SUN:JUPITER:0:2026-07-29,around_day,LEO_GROWTH,,20,80,家族の資産と受け継ぐ責任を整理する時,{event_date}から続く拡大感が、家族の資産、住まい、援助、受け継いだ役割を見直し、安心できる土台を作る力として月初に残ります。家族を支えたい気持ちから責任を広く引き受けると、名義や費用の条件が曖昧になりやすいでしょう。感情を尊重しながら資料を集め、誰が何を担うかを分けて確認してください。,carryover;conjunction;sun;jupiter;leo,1
2026_08_SUN_JUPITER_CARRYOVER_S08_N05,2026_08_SUN_JUPITER_CARRYOVER,2026-08,conjunction_carryover,2026-08-01T00:00:00+09:00,2026-07-29T21:18:00+09:00,2026-08-05T23:59:59+09:00,1,SUN|JUPITER,SUN:LEO|JUPITER:LEO,SUN-JUPITER:0,5,2,not_applicable,JUPITER,8,5,anchor_house,SUN|JUPITER,swiss_ephemeris,SUN:JUPITER:0:2026-07-29,around_day,LEO_GROWTH,,20,80,深い感情を創作と親密な喜びへ変える時,{event_date}から続く喜びの余韻が、深い感情や誰かと共有した経験を、創作、恋愛、遊びの豊かな源へ変える力として月初に残ります。親密さが増した勢いで秘密や費用まで共有すると、互いの同意と負担の範囲を見失いやすいでしょう。表現したい感情と具体的な約束を分け、今安心して渡せるものから選んでください。,carryover;conjunction;sun;jupiter;leo,1
2026_08_SUN_JUPITER_CARRYOVER_S08_N06,2026_08_SUN_JUPITER_CARRYOVER,2026-08,conjunction_carryover,2026-08-01T00:00:00+09:00,2026-07-29T21:18:00+09:00,2026-08-05T23:59:59+09:00,1,SUN|JUPITER,SUN:LEO|JUPITER:LEO,SUN-JUPITER:0,5,2,not_applicable,JUPITER,8,6,anchor_house,SUN|JUPITER,swiss_ephemeris,SUN:JUPITER:0:2026-07-29,around_day,LEO_GROWTH,,20,80,共有する負担を日々扱える形へ整える時,{event_date}から続く前向きな余韻が、共同の支払い、介助、引き継いだ仕事を整理し、日々無理なく扱える仕組みへ変える力として月初に残ります。相手の期待に応えようと手順を増やすと、自分の作業量と休息が見えにくくなるでしょう。担当、頻度、連絡先を一覧にし、続けられない負担は早めに見直してください。,carryover;conjunction;sun;jupiter;leo,1
2026_08_SUN_JUPITER_CARRYOVER_S08_N07,2026_08_SUN_JUPITER_CARRYOVER,2026-08,conjunction_carryover,2026-08-01T00:00:00+09:00,2026-07-29T21:18:00+09:00,2026-08-05T23:59:59+09:00,1,SUN|JUPITER,SUN:LEO|JUPITER:LEO,SUN-JUPITER:0,5,2,not_applicable,JUPITER,8,7,anchor_house,SUN|JUPITER,swiss_ephemeris,SUN:JUPITER:0:2026-07-29,around_day,LEO_GROWTH,,20,80,二人の信頼を具体的な約束へ育てる時,{event_date}から続く明るい余韻が、パートナーや協力相手との信頼を深め、資源や責任を分かち合う可能性を考える力として月初に残ります。分かり合えた感覚から大きな約束へ進むと、どちらが何を負うかを確認しないままになりやすいでしょう。気持ちと契約を分け、金額、期限、見直す条件を対等に話してください。,carryover;conjunction;sun;jupiter;leo,1
2026_08_SUN_JUPITER_CARRYOVER_S08_N08,2026_08_SUN_JUPITER_CARRYOVER,2026-08,conjunction_carryover,2026-08-01T00:00:00+09:00,2026-07-29T21:18:00+09:00,2026-08-05T23:59:59+09:00,1,SUN|JUPITER,SUN:LEO|JUPITER:LEO,SUN-JUPITER:0,5,2,not_applicable,JUPITER,8,8,anchor_house,SUN|JUPITER,swiss_ephemeris,SUN:JUPITER:0:2026-07-29,around_day,LEO_GROWTH,,20,80,深い結びつきと資産の扱いを見直す時,{event_date}から続く拡大感が、共有資産、継承、親密な結びつきの意味を深く捉え直し、不要な負担を変える力として月初に残ります。可能性が見えたことで一度に整理や統合を進めると、相手の同意や長期的な影響を見落としやすいでしょう。残すものと終えるものを分け、専門的な確認が必要な条件を洗い出してください。,carryover;conjunction;sun;jupiter;leo,1
2026_08_SUN_JUPITER_CARRYOVER_S08_N09,2026_08_SUN_JUPITER_CARRYOVER,2026-08,conjunction_carryover,2026-08-01T00:00:00+09:00,2026-07-29T21:18:00+09:00,2026-08-05T23:59:59+09:00,1,SUN|JUPITER,SUN:LEO|JUPITER:LEO,SUN-JUPITER:0,5,2,not_applicable,JUPITER,8,9,anchor_house,SUN|JUPITER,swiss_ephemeris,SUN:JUPITER:0:2026-07-29,around_day,LEO_GROWTH,,20,80,受け継いだ経験から人生観を広げる時,{event_date}から続く好奇心が、家族や他者から受け継いだ経験、深い感情の意味を学び直し、自分の人生観を広げる力として月初に残ります。強く心を動かされた説明を唯一の答えとすると、異なる背景や現実の条件を見落としやすいでしょう。複数の資料や考え方に触れ、今の自分に役立つ視点だけを残してください。,carryover;conjunction;sun;jupiter;leo,1
2026_08_SUN_JUPITER_CARRYOVER_S08_N10,2026_08_SUN_JUPITER_CARRYOVER,2026-08,conjunction_carryover,2026-08-01T00:00:00+09:00,2026-07-29T21:18:00+09:00,2026-08-05T23:59:59+09:00,1,SUN|JUPITER,SUN:LEO|JUPITER:LEO,SUN-JUPITER:0,5,2,not_applicable,JUPITER,8,10,anchor_house,SUN|JUPITER,swiss_ephemeris,SUN:JUPITER:0:2026-07-29,around_day,LEO_GROWTH,,20,80,預かる資源と権限を社会的責任へ変える時,{event_date}から続く自信の余韻が、組織の予算、顧客の情報、他者から託された資源を扱い、仕事上の責任を広げる力として月初に残ります。信頼や評価への期待から権限を大きく受け取ると、説明責任と実務負担を小さく見積もりやすいでしょう。決裁者、利用目的、報告方法を確認し、透明に扱える範囲から引き受けてください。,carryover;conjunction;sun;jupiter;leo,1
2026_08_SUN_JUPITER_CARRYOVER_S08_N11,2026_08_SUN_JUPITER_CARRYOVER,2026-08,conjunction_carryover,2026-08-01T00:00:00+09:00,2026-07-29T21:18:00+09:00,2026-08-05T23:59:59+09:00,1,SUN|JUPITER,SUN:LEO|JUPITER:LEO,SUN-JUPITER:0,5,2,not_applicable,JUPITER,8,11,anchor_house,SUN|JUPITER,swiss_ephemeris,SUN:JUPITER:0:2026-07-29,around_day,LEO_GROWTH,,20,80,仲間と共有する資金と支援を透明にする時,{event_date}から続く明るい余韻が、仲間やコミュニティで資金、情報、技能を持ち寄り、未来の活動を支える力として月初に残ります。目的への共感だけで共有を広げると、管理者、利用範囲、返却条件が曖昧になりやすいでしょう。参加者が確認できる記録を作り、提供するものと受け取る支援を明確にしてください。,carryover;conjunction;sun;jupiter;leo,1
2026_08_SUN_JUPITER_CARRYOVER_S08_N12,2026_08_SUN_JUPITER_CARRYOVER,2026-08,conjunction_carryover,2026-08-01T00:00:00+09:00,2026-07-29T21:18:00+09:00,2026-08-05T23:59:59+09:00,1,SUN|JUPITER,SUN:LEO|JUPITER:LEO,SUN-JUPITER:0,5,2,not_applicable,JUPITER,8,12,anchor_house,SUN|JUPITER,swiss_ephemeris,SUN:JUPITER:0:2026-07-29,around_day,LEO_GROWTH,,20,80,言葉にならない感情を静かに手放す時,{event_date}から続く穏やかな余韻が、長く抱えてきた喪失感、秘密、誰かへの心理的な負担を見つめ、内側で意味を変える時間として月初に残ります。浮かぶ感情をすべて相手との現実や将来の答えと考えると、記憶と事実が混ざりやすいでしょう。安心できる場で記録し、自分だけで抱えなくてよいことを少しずつ分けてください。,carryover;conjunction;sun;jupiter;leo,1
2026_08_SUN_JUPITER_CARRYOVER_S09_N01,2026_08_SUN_JUPITER_CARRYOVER,2026-08,conjunction_carryover,2026-08-01T00:00:00+09:00,2026-07-29T21:18:00+09:00,2026-08-05T23:59:59+09:00,1,SUN|JUPITER,SUN:LEO|JUPITER:LEO,SUN-JUPITER:0,5,2,not_applicable,JUPITER,9,1,anchor_house,SUN|JUPITER,swiss_ephemeris,SUN:JUPITER:0:2026-07-29,around_day,LEO_GROWTH,,20,80,新しい世界観を自分の生き方へ取り入れる時,{event_date}から続く前向きな余韻が、旅、学び、異文化との出会いから得た考えを、自分の生き方や今後の行動へ取り入れる力として月初に残ります。新鮮な価値観に励まされるほど、今までの自分を急いで否定しやすいでしょう。心が動いた理由を言葉にし、日常で試せる一つの選択から始めてください。,carryover;conjunction;sun;jupiter;leo,1
2026_08_SUN_JUPITER_CARRYOVER_S09_N02,2026_08_SUN_JUPITER_CARRYOVER,2026-08,conjunction_carryover,2026-08-01T00:00:00+09:00,2026-07-29T21:18:00+09:00,2026-08-05T23:59:59+09:00,1,SUN|JUPITER,SUN:LEO|JUPITER:LEO,SUN-JUPITER:0,5,2,not_applicable,JUPITER,9,2,anchor_house,SUN|JUPITER,swiss_ephemeris,SUN:JUPITER:0:2026-07-29,around_day,LEO_GROWTH,,20,80,学びと旅に使う資源の優先順位を決める時,{event_date}から続く好奇心が、学費、旅費、専門資料などへ資源を使い、技能や経験の価値を高めたい意欲として月初に残ります。将来への期待から費用を広げると、生活を守る資金と学びが形になるまでの時間を見落としやすいでしょう。予算と目的を決め、今の収入や技能へつながる順に選んでください。,carryover;conjunction;sun;jupiter;leo,1
2026_08_SUN_JUPITER_CARRYOVER_S09_N03,2026_08_SUN_JUPITER_CARRYOVER,2026-08,conjunction_carryover,2026-08-01T00:00:00+09:00,2026-07-29T21:18:00+09:00,2026-08-05T23:59:59+09:00,1,SUN|JUPITER,SUN:LEO|JUPITER:LEO,SUN-JUPITER:0,5,2,not_applicable,JUPITER,9,3,anchor_house,SUN|JUPITER,swiss_ephemeris,SUN:JUPITER:0:2026-07-29,around_day,LEO_GROWTH,,20,80,広い視点を自分の言葉で分かりやすく伝える時,{event_date}から続く明るい感覚が、専門知識や遠い世界の話を学び、自分の言葉で人へ伝える力として月初に残ります。伝えたい内容を大きく広げるほど、根拠や聞き手に必要な前提が抜けやすいでしょう。出典を確かめ、最も重要な考えを身近な例と一緒に短くまとめてください。,carryover;conjunction;sun;jupiter;leo,1
2026_08_SUN_JUPITER_CARRYOVER_S09_N04,2026_08_SUN_JUPITER_CARRYOVER,2026-08,conjunction_carryover,2026-08-01T00:00:00+09:00,2026-07-29T21:18:00+09:00,2026-08-05T23:59:59+09:00,1,SUN|JUPITER,SUN:LEO|JUPITER:LEO,SUN-JUPITER:0,5,2,not_applicable,JUPITER,9,4,anchor_house,SUN|JUPITER,swiss_ephemeris,SUN:JUPITER:0:2026-07-29,around_day,LEO_GROWTH,,20,80,家族から受け継いだ価値観を広げ直す時,{event_date}から続く前向きな余韻が、家族や故郷から受け継いだ価値観を、異文化や新しい学びと照らして捉え直す力として月初に残ります。新しい考えを唯一の正解として持ち込むと、家族が守ってきた経験や安心を否定しやすいでしょう。残したい知恵と更新したい習慣を分け、身近な選択から話してください。,carryover;conjunction;sun;jupiter;leo,1
2026_08_SUN_JUPITER_CARRYOVER_S09_N05,2026_08_SUN_JUPITER_CARRYOVER,2026-08,conjunction_carryover,2026-08-01T00:00:00+09:00,2026-07-29T21:18:00+09:00,2026-08-05T23:59:59+09:00,1,SUN|JUPITER,SUN:LEO|JUPITER:LEO,SUN-JUPITER:0,5,2,not_applicable,JUPITER,9,5,anchor_house,SUN|JUPITER,swiss_ephemeris,SUN:JUPITER:0:2026-07-29,around_day,LEO_GROWTH,,20,80,旅と学びから創作の喜びを大きく育てる時,{event_date}から続く喜びの余韻が、旅、文学、異文化、専門的な学びから刺激を受け、創作や遊びの世界を広げる力として月初に残ります。刺激的な題材をすぐ自分の物語として扱うと、その背景や他者の経験を軽く捉えやすいでしょう。出会った文化への敬意を確かめ、心に残る一要素から作品へ育ててください。,carryover;conjunction;sun;jupiter;leo,1
2026_08_SUN_JUPITER_CARRYOVER_S09_N06,2026_08_SUN_JUPITER_CARRYOVER,2026-08,conjunction_carryover,2026-08-01T00:00:00+09:00,2026-07-29T21:18:00+09:00,2026-08-05T23:59:59+09:00,1,SUN|JUPITER,SUN:LEO|JUPITER:LEO,SUN-JUPITER:0,5,2,not_applicable,JUPITER,9,6,anchor_house,SUN|JUPITER,swiss_ephemeris,SUN:JUPITER:0:2026-07-29,around_day,LEO_GROWTH,,20,80,専門知識を毎日の仕事と習慣へ生かす時,{event_date}から続く好奇心が、専門知識や異なる方法を仕事、生活習慣、身体の管理へ取り入れ、日常を改善する力として月初に残ります。理想的な方法をまとめて採用すると、今の環境や作業量に合うかを確かめないまま負担が増えやすいでしょう。一つの方法を短期間試し、続けられた効果だけを手順へ残してください。,carryover;conjunction;sun;jupiter;leo,1
2026_08_SUN_JUPITER_CARRYOVER_S09_N07,2026_08_SUN_JUPITER_CARRYOVER,2026-08,conjunction_carryover,2026-08-01T00:00:00+09:00,2026-07-29T21:18:00+09:00,2026-08-05T23:59:59+09:00,1,SUN|JUPITER,SUN:LEO|JUPITER:LEO,SUN-JUPITER:0,5,2,not_applicable,JUPITER,9,7,anchor_house,SUN|JUPITER,swiss_ephemeris,SUN:JUPITER:0:2026-07-29,around_day,LEO_GROWTH,,20,80,異なる世界を持つ相手と学び合う時,{event_date}から続く明るい余韻が、異文化や専門分野の異なる相手との交流を広げ、パートナーや協力者と学び合う力として月初に残ります。考えに共感したことで将来像まで一致したと思うと、生活上の条件や関係の温度差を見落としやすいでしょう。互いの背景を尋ね、今共有できる経験や目的から選んでください。,carryover;conjunction;sun;jupiter;leo,1
2026_08_SUN_JUPITER_CARRYOVER_S09_N08,2026_08_SUN_JUPITER_CARRYOVER,2026-08,conjunction_carryover,2026-08-01T00:00:00+09:00,2026-07-29T21:18:00+09:00,2026-08-05T23:59:59+09:00,1,SUN|JUPITER,SUN:LEO|JUPITER:LEO,SUN-JUPITER:0,5,2,not_applicable,JUPITER,9,8,anchor_house,SUN|JUPITER,swiss_ephemeris,SUN:JUPITER:0:2026-07-29,around_day,LEO_GROWTH,,20,80,深い経験の意味を学び人生観へ変える時,{event_date}から続く探究心が、喪失、継承、親密な関係など深い経験の意味を学び直し、人生観を広げる力として月初に残ります。強く納得できる説明に出会うほど、それだけで感情や現実の問題が整理されたと思いやすいでしょう。複数の視点を比べ、今の自分を支える理解を時間をかけて選んでください。,carryover;conjunction;sun;jupiter;leo,1
2026_08_SUN_JUPITER_CARRYOVER_S09_N09,2026_08_SUN_JUPITER_CARRYOVER,2026-08,conjunction_carryover,2026-08-01T00:00:00+09:00,2026-07-29T21:18:00+09:00,2026-08-05T23:59:59+09:00,1,SUN|JUPITER,SUN:LEO|JUPITER:LEO,SUN-JUPITER:0,5,2,not_applicable,JUPITER,9,9,anchor_house,SUN|JUPITER,swiss_ephemeris,SUN:JUPITER:0:2026-07-29,around_day,LEO_GROWTH,,20,80,遠い世界へ踏み出す計画を具体化する時,{event_date}から続く拡大感が、長期の学び、旅、出版、海外との関わりを大きく考え、次の目的地を定める力として月初に残ります。可能性が見えた勢いで予定を広げると、資格、費用、準備期間の現実を小さく見積もりやすいでしょう。最初に必要な手続きと期限を調べ、実行できる一段階へ計画を絞ってください。,carryover;conjunction;sun;jupiter;leo,1
2026_08_SUN_JUPITER_CARRYOVER_S09_N10,2026_08_SUN_JUPITER_CARRYOVER,2026-08,conjunction_carryover,2026-08-01T00:00:00+09:00,2026-07-29T21:18:00+09:00,2026-08-05T23:59:59+09:00,1,SUN|JUPITER,SUN:LEO|JUPITER:LEO,SUN-JUPITER:0,5,2,not_applicable,JUPITER,9,10,anchor_house,SUN|JUPITER,swiss_ephemeris,SUN:JUPITER:0:2026-07-29,around_day,LEO_GROWTH,,20,80,専門性を社会へ届く役割に育てる時,{event_date}から続く自信の余韻が、学んできた専門分野、資格、国際的な経験を、仕事や公の発信へ結びつける力として月初に残ります。知識の広さを実績や責任を担える範囲と同じものにすると、準備不足が見えにくいでしょう。役立てられる対象を明示し、小さな実践と検証を重ねてください。,carryover;conjunction;sun;jupiter;leo,1
2026_08_SUN_JUPITER_CARRYOVER_S09_N11,2026_08_SUN_JUPITER_CARRYOVER,2026-08,conjunction_carryover,2026-08-01T00:00:00+09:00,2026-07-29T21:18:00+09:00,2026-08-05T23:59:59+09:00,1,SUN|JUPITER,SUN:LEO|JUPITER:LEO,SUN-JUPITER:0,5,2,not_applicable,JUPITER,9,11,anchor_house,SUN|JUPITER,swiss_ephemeris,SUN:JUPITER:0:2026-07-29,around_day,LEO_GROWTH,,20,80,広い世界の仲間と未来の構想を描く時,{event_date}から続く明るい余韻が、国境や専門分野を越えた仲間との交流を広げ、未来の活動や社会像を描く力として月初に残ります。共通の理念に励まされるほど、実際に使える時間や立場の違いを見落としやすいでしょう。誰と何を試せるかを個別に確かめ、短い共同企画から始めてください。,carryover;conjunction;sun;jupiter;leo,1
2026_08_SUN_JUPITER_CARRYOVER_S09_N12,2026_08_SUN_JUPITER_CARRYOVER,2026-08,conjunction_carryover,2026-08-01T00:00:00+09:00,2026-07-29T21:18:00+09:00,2026-08-05T23:59:59+09:00,1,SUN|JUPITER,SUN:LEO|JUPITER:LEO,SUN-JUPITER:0,5,2,not_applicable,JUPITER,9,12,anchor_house,SUN|JUPITER,swiss_ephemeris,SUN:JUPITER:0:2026-07-29,around_day,LEO_GROWTH,,20,80,静かな探究から自分なりの意味を見つける時,{event_date}から続く穏やかな余韻が、夢、信仰、哲学、過去の経験を一人で深く考え、自分なりの意味を育てる時間として月初に残ります。心に響く言葉をすべて予言や唯一の答えと捉えると、期待と現実が混ざりやすいでしょう。静かに読んで記録し、繰り返し日常を支える考えだけを残してください。,carryover;conjunction;sun;jupiter;leo,1
2026_08_SUN_JUPITER_CARRYOVER_S10_N01,2026_08_SUN_JUPITER_CARRYOVER,2026-08,conjunction_carryover,2026-08-01T00:00:00+09:00,2026-07-29T21:18:00+09:00,2026-08-05T23:59:59+09:00,1,SUN|JUPITER,SUN:LEO|JUPITER:LEO,SUN-JUPITER:0,5,2,not_applicable,JUPITER,10,1,anchor_house,SUN|JUPITER,swiss_ephemeris,SUN:JUPITER:0:2026-07-29,around_day,LEO_GROWTH,,20,80,社会的な役割を自分らしい姿で引き受ける時,{event_date}から続く自信の余韻が、仕事や社会的な役割の中で自分の強みを示し、新しい立場へ踏み出す力として月初に残ります。周囲の期待に応えようとして強い姿だけを見せると、自分の本音や現在の余力を置き去りにしやすいでしょう。目指す役割を言葉にし、今の自分が責任を持てる範囲から行動してください。,carryover;conjunction;sun;jupiter;leo,1
2026_08_SUN_JUPITER_CARRYOVER_S10_N02,2026_08_SUN_JUPITER_CARRYOVER,2026-08,conjunction_carryover,2026-08-01T00:00:00+09:00,2026-07-29T21:18:00+09:00,2026-08-05T23:59:59+09:00,1,SUN|JUPITER,SUN:LEO|JUPITER:LEO,SUN-JUPITER:0,5,2,not_applicable,JUPITER,10,2,anchor_house,SUN|JUPITER,swiss_ephemeris,SUN:JUPITER:0:2026-07-29,around_day,LEO_GROWTH,,20,80,仕事の評価を収入と持続可能な価値へ結ぶ時,{event_date}から続く拡大感が、仕事で培った技能や実績を見直し、報酬や安定した価値へ結びつけたい意欲として月初に残ります。評価の言葉を継続的な収入や条件改善の確約と受け取ると、数字の確認が後回しになりやすいでしょう。担当業務と成果を整理し、金額、期間、必要経費を具体的に話してください。,carryover;conjunction;sun;jupiter;leo,1
2026_08_SUN_JUPITER_CARRYOVER_S10_N03,2026_08_SUN_JUPITER_CARRYOVER,2026-08,conjunction_carryover,2026-08-01T00:00:00+09:00,2026-07-29T21:18:00+09:00,2026-08-05T23:59:59+09:00,1,SUN|JUPITER,SUN:LEO|JUPITER:LEO,SUN-JUPITER:0,5,2,not_applicable,JUPITER,10,3,anchor_house,SUN|JUPITER,swiss_ephemeris,SUN:JUPITER:0:2026-07-29,around_day,LEO_GROWTH,,20,80,自分の考えを仕事の言葉として届ける時,{event_date}から続く明るい余韻が、企画、発表、交渉、文章を通して、自分の考えを仕事や社会へ伝える力として月初に残ります。伝えたい構想を大きく広げるほど、聞き手に必要な前提や実行条件が抜けやすいでしょう。要点を一つに絞り、根拠、担当、次の行動を添えて説明してください。,carryover;conjunction;sun;jupiter;leo,1
2026_08_SUN_JUPITER_CARRYOVER_S10_N04,2026_08_SUN_JUPITER_CARRYOVER,2026-08,conjunction_carryover,2026-08-01T00:00:00+09:00,2026-07-29T21:18:00+09:00,2026-08-05T23:59:59+09:00,1,SUN|JUPITER,SUN:LEO|JUPITER:LEO,SUN-JUPITER:0,5,2,not_applicable,JUPITER,10,4,anchor_house,SUN|JUPITER,swiss_ephemeris,SUN:JUPITER:0:2026-07-29,around_day,LEO_GROWTH,,20,80,家庭を守りながら仕事の目標を広げる時,{event_date}から続く前向きな余韻が、仕事の将来像を広げながら、家族や住まいを支える長期方針を考える力として月初に残ります。仕事の機会を優先して予定を増やすと、家庭で必要な時間と安心を小さく見積もりやすいでしょう。場所、勤務時間、支援の条件を確認し、暮らしを守れる計画へ整えてください。,carryover;conjunction;sun;jupiter;leo,1
2026_08_SUN_JUPITER_CARRYOVER_S10_N05,2026_08_SUN_JUPITER_CARRYOVER,2026-08,conjunction_carryover,2026-08-01T00:00:00+09:00,2026-07-29T21:18:00+09:00,2026-08-05T23:59:59+09:00,1,SUN|JUPITER,SUN:LEO|JUPITER:LEO,SUN-JUPITER:0,5,2,not_applicable,JUPITER,10,5,anchor_house,SUN|JUPITER,swiss_ephemeris,SUN:JUPITER:0:2026-07-29,around_day,LEO_GROWTH,,20,80,創造性を人に届く成果として表現する時,{event_date}から続く喜びの余韻が、創作力、企画力、人を楽しませる魅力を仕事や公の発信へ結びつける力として月初に残ります。注目への期待から発表規模や約束を広げると、作品の現在地と準備時間を見失いやすいでしょう。最も伝えたい魅力を一つ選び、試作品や小さな発表で反応を確かめてください。,carryover;conjunction;sun;jupiter;leo,1
2026_08_SUN_JUPITER_CARRYOVER_S10_N06,2026_08_SUN_JUPITER_CARRYOVER,2026-08,conjunction_carryover,2026-08-01T00:00:00+09:00,2026-07-29T21:18:00+09:00,2026-08-05T23:59:59+09:00,1,SUN|JUPITER,SUN:LEO|JUPITER:LEO,SUN-JUPITER:0,5,2,not_applicable,JUPITER,10,6,anchor_house,SUN|JUPITER,swiss_ephemeris,SUN:JUPITER:0:2026-07-29,around_day,LEO_GROWTH,,20,80,日々の実務を信頼される役割へ育てる時,{event_date}から続く自信の余韻が、日々積み重ねてきた実務、調整、支援の力を周囲へ示し、仕事上の役割を広げる力として月初に残ります。評価に応えようとして作業を引き受けすぎると、時間、権限、休息の釣り合いを崩しやすいでしょう。成果と改善点を記録し、必要な支援と担当範囲を添えて伝えてください。,carryover;conjunction;sun;jupiter;leo,1
2026_08_SUN_JUPITER_CARRYOVER_S10_N07,2026_08_SUN_JUPITER_CARRYOVER,2026-08,conjunction_carryover,2026-08-01T00:00:00+09:00,2026-07-29T21:18:00+09:00,2026-08-05T23:59:59+09:00,1,SUN|JUPITER,SUN:LEO|JUPITER:LEO,SUN-JUPITER:0,5,2,not_applicable,JUPITER,10,7,anchor_house,SUN|JUPITER,swiss_ephemeris,SUN:JUPITER:0:2026-07-29,around_day,LEO_GROWTH,,20,80,協力相手と社会へ届く成果を作る時,{event_date}から続く明るい余韻が、顧客、専門家、共同事業者と力を合わせ、公に届く企画や仕事を育てる力として月初に残ります。相手の評価や肩書への期待から提携を急ぐと、権限と成果責任の境界を見落としやすいでしょう。目的、担当、報酬、発表範囲を確認し、小さな成果から信頼を積んでください。,carryover;conjunction;sun;jupiter;leo,1
2026_08_SUN_JUPITER_CARRYOVER_S10_N08,2026_08_SUN_JUPITER_CARRYOVER,2026-08,conjunction_carryover,2026-08-01T00:00:00+09:00,2026-07-29T21:18:00+09:00,2026-08-05T23:59:59+09:00,1,SUN|JUPITER,SUN:LEO|JUPITER:LEO,SUN-JUPITER:0,5,2,not_applicable,JUPITER,10,8,anchor_house,SUN|JUPITER,swiss_ephemeris,SUN:JUPITER:0:2026-07-29,around_day,LEO_GROWTH,,20,80,預かる資源を透明な責任として扱う時,{event_date}から続く拡大感が、組織の予算、顧客情報、共同資産を預かり、より大きな仕事上の責任へつなげる力として月初に残ります。信頼されている安心から扱う範囲を広げると、説明責任や長期的な影響を小さく見積もりやすいでしょう。決裁者、利用目的、報告方法を確認し、記録を残せる形で進めてください。,carryover;conjunction;sun;jupiter;leo,1
2026_08_SUN_JUPITER_CARRYOVER_S10_N09,2026_08_SUN_JUPITER_CARRYOVER,2026-08,conjunction_carryover,2026-08-01T00:00:00+09:00,2026-07-29T21:18:00+09:00,2026-08-05T23:59:59+09:00,1,SUN|JUPITER,SUN:LEO|JUPITER:LEO,SUN-JUPITER:0,5,2,not_applicable,JUPITER,10,9,anchor_house,SUN|JUPITER,swiss_ephemeris,SUN:JUPITER:0:2026-07-29,around_day,LEO_GROWTH,,20,80,専門性を公の役割と長期目標へつなぐ時,{event_date}から続く好奇心が、専門分野、資格、国際的な経験を仕事へ生かし、社会に向けた長期目標を描く力として月初に残ります。知識の広さを実務経験や責任を担える範囲と同じものにすると、準備不足を見落としやすいでしょう。役立てられる対象を明示し、小さな実践と検証を積み重ねてください。,carryover;conjunction;sun;jupiter;leo,1
2026_08_SUN_JUPITER_CARRYOVER_S10_N10,2026_08_SUN_JUPITER_CARRYOVER,2026-08,conjunction_carryover,2026-08-01T00:00:00+09:00,2026-07-29T21:18:00+09:00,2026-08-05T23:59:59+09:00,1,SUN|JUPITER,SUN:LEO|JUPITER:LEO,SUN-JUPITER:0,5,2,not_applicable,JUPITER,10,10,anchor_house,SUN|JUPITER,swiss_ephemeris,SUN:JUPITER:0:2026-07-29,around_day,LEO_GROWTH,,20,80,仕事の可能性を現実的な責任へ育てる時,{event_date}から続く自信の余韻が、仕事の目標、肩書、組織での役割を大きく捉え、次の段階へ進む意欲として月初に残ります。評価や機会が増えたことで何でも担えると思うと、実際の権限、時間、人員を見落としやすいでしょう。望む成果と必要な条件を分け、責任を持てる役割から選んでください。,carryover;conjunction;sun;jupiter;leo,1
2026_08_SUN_JUPITER_CARRYOVER_S10_N11,2026_08_SUN_JUPITER_CARRYOVER,2026-08,conjunction_carryover,2026-08-01T00:00:00+09:00,2026-07-29T21:18:00+09:00,2026-08-05T23:59:59+09:00,1,SUN|JUPITER,SUN:LEO|JUPITER:LEO,SUN-JUPITER:0,5,2,not_applicable,JUPITER,10,11,anchor_house,SUN|JUPITER,swiss_ephemeris,SUN:JUPITER:0:2026-07-29,around_day,LEO_GROWTH,,20,80,仲間との構想を社会的な活動へ広げる時,{event_date}から続く明るい余韻が、友人、チーム、コミュニティとの構想を、公の企画や仕事上の活動へ発展させる力として月初に残ります。盛り上がりや人脈の広がりを継続支援の保証と受け取ると、担当者のいない計画が増えやすいでしょう。実際に動ける人、期限、責任を確かめ、短い試行から始めてください。,carryover;conjunction;sun;jupiter;leo,1
2026_08_SUN_JUPITER_CARRYOVER_S10_N12,2026_08_SUN_JUPITER_CARRYOVER,2026-08,conjunction_carryover,2026-08-01T00:00:00+09:00,2026-07-29T21:18:00+09:00,2026-08-05T23:59:59+09:00,1,SUN|JUPITER,SUN:LEO|JUPITER:LEO,SUN-JUPITER:0,5,2,not_applicable,JUPITER,10,12,anchor_house,SUN|JUPITER,swiss_ephemeris,SUN:JUPITER:0:2026-07-29,around_day,LEO_GROWTH,,20,80,水面下の準備から次の役割を育てる時,{event_date}から続く穏やかな余韻が、非公開の企画、見えない努力、終わりに近い役割を整理し、次の仕事を水面下で育てる時間として月初に残ります。周囲の期待や焦りから結論を早く公表すると、休息と準備の不足を隠しやすいでしょう。終える仕事と残す成果を分け、信頼できる相手にだけ次の案を確かめてください。,carryover;conjunction;sun;jupiter;leo,1
2026_08_SUN_JUPITER_CARRYOVER_S11_N01,2026_08_SUN_JUPITER_CARRYOVER,2026-08,conjunction_carryover,2026-08-01T00:00:00+09:00,2026-07-29T21:18:00+09:00,2026-08-05T23:59:59+09:00,1,SUN|JUPITER,SUN:LEO|JUPITER:LEO,SUN-JUPITER:0,5,2,not_applicable,JUPITER,11,1,anchor_house,SUN|JUPITER,swiss_ephemeris,SUN:JUPITER:0:2026-07-29,around_day,LEO_GROWTH,,20,80,新しい仲間の中で自分らしい役割を見つける時,{event_date}から続く明るい余韻が、新しい仲間やコミュニティとの交流を広げ、その中で自分らしく参加する力として月初に残ります。歓迎された喜びから場に求められる役をすべて引き受けると、自分の意思や余力を見失いやすいでしょう。自然に続けたい関わり方を言葉にし、小さな役割から試してください。,carryover;conjunction;sun;jupiter;leo,1
2026_08_SUN_JUPITER_CARRYOVER_S11_N02,2026_08_SUN_JUPITER_CARRYOVER,2026-08,conjunction_carryover,2026-08-01T00:00:00+09:00,2026-07-29T21:18:00+09:00,2026-08-05T23:59:59+09:00,1,SUN|JUPITER,SUN:LEO|JUPITER:LEO,SUN-JUPITER:0,5,2,not_applicable,JUPITER,11,2,anchor_house,SUN|JUPITER,swiss_ephemeris,SUN:JUPITER:0:2026-07-29,around_day,LEO_GROWTH,,20,80,未来の活動へ使う資源と技能を選び直す時,{event_date}から続く拡大感が、仲間との将来計画へお金、時間、技能を提供し、自分の価値を役立てたい意欲として月初に残ります。目的への共感だけで負担を広げると、生活を守る資源や対価の条件を見落としやすいでしょう。提供できる上限と期待する見返りを決め、続けられる形で参加してください。,carryover;conjunction;sun;jupiter;leo,1
2026_08_SUN_JUPITER_CARRYOVER_S11_N03,2026_08_SUN_JUPITER_CARRYOVER,2026-08,conjunction_carryover,2026-08-01T00:00:00+09:00,2026-07-29T21:18:00+09:00,2026-08-05T23:59:59+09:00,1,SUN|JUPITER,SUN:LEO|JUPITER:LEO,SUN-JUPITER:0,5,2,not_applicable,JUPITER,11,3,anchor_house,SUN|JUPITER,swiss_ephemeris,SUN:JUPITER:0:2026-07-29,around_day,LEO_GROWTH,,20,80,仲間との対話から新しい構想を育てる時,{event_date}から続く明るい感覚が、友人、チーム、オンライン上の情報交換を広げ、新しい未来計画を考える力として月初に残ります。話題が弾んだことで全員の意見や参加意思まで一致したと思うと、役割のない案が増えやすいでしょう。面白い案を記録し、誰が最初の作業を担えるかを個別に確かめてください。,carryover;conjunction;sun;jupiter;leo,1
2026_08_SUN_JUPITER_CARRYOVER_S11_N04,2026_08_SUN_JUPITER_CARRYOVER,2026-08,conjunction_carryover,2026-08-01T00:00:00+09:00,2026-07-29T21:18:00+09:00,2026-08-05T23:59:59+09:00,1,SUN|JUPITER,SUN:LEO|JUPITER:LEO,SUN-JUPITER:0,5,2,not_applicable,JUPITER,11,4,anchor_house,SUN|JUPITER,swiss_ephemeris,SUN:JUPITER:0:2026-07-29,around_day,LEO_GROWTH,,20,80,家族とは別の安心できる居場所を広げる時,{event_date}から続く前向きな余韻が、友人、地域、コミュニティとのつながりを通して、安心して戻れる居場所を広げる力として月初に残ります。親しさを家族のような永続性と受け取ると、生活上の距離や互いの負担を見落としやすいでしょう。共有できる時間と場所を確かめ、無理のない集まりから育ててください。,carryover;conjunction;sun;jupiter;leo,1
2026_08_SUN_JUPITER_CARRYOVER_S11_N05,2026_08_SUN_JUPITER_CARRYOVER,2026-08,conjunction_carryover,2026-08-01T00:00:00+09:00,2026-07-29T21:18:00+09:00,2026-08-05T23:59:59+09:00,1,SUN|JUPITER,SUN:LEO|JUPITER:LEO,SUN-JUPITER:0,5,2,not_applicable,JUPITER,11,5,anchor_house,SUN|JUPITER,swiss_ephemeris,SUN:JUPITER:0:2026-07-29,around_day,LEO_GROWTH,,20,80,仲間と創作や遊びの喜びを分かち合う時,{event_date}から続く喜びの余韻が、友人やコミュニティと創作、遊び、イベントを共有し、新しい表現を楽しむ力として月初に残ります。盛り上がりを継続的な協力や評価の保証と考えると、準備と費用を一部の人へ偏らせやすいでしょう。参加したい人と役割を確かめ、短く終えられる企画から始めてください。,carryover;conjunction;sun;jupiter;leo,1
2026_08_SUN_JUPITER_CARRYOVER_S11_N06,2026_08_SUN_JUPITER_CARRYOVER,2026-08,conjunction_carryover,2026-08-01T00:00:00+09:00,2026-07-29T21:18:00+09:00,2026-08-05T23:59:59+09:00,1,SUN|JUPITER,SUN:LEO|JUPITER:LEO,SUN-JUPITER:0,5,2,not_applicable,JUPITER,11,6,anchor_house,SUN|JUPITER,swiss_ephemeris,SUN:JUPITER:0:2026-07-29,around_day,LEO_GROWTH,,20,80,未来の活動を支える実務と分担を整える時,{event_date}から続く明るい余韻が、未来の目標を共有する仲間と連絡、当番、共同作業を整え、活動を日常へ根づかせる力として月初に残ります。理想を実現したい勢いで仕組みを増やすと、参加頻度や得意不得意の違いを見落としやすいでしょう。実際に使える時間を聞き、短い周期で見直せる分担を作ってください。,carryover;conjunction;sun;jupiter;leo,1
2026_08_SUN_JUPITER_CARRYOVER_S11_N07,2026_08_SUN_JUPITER_CARRYOVER,2026-08,conjunction_carryover,2026-08-01T00:00:00+09:00,2026-07-29T21:18:00+09:00,2026-08-05T23:59:59+09:00,1,SUN|JUPITER,SUN:LEO|JUPITER:LEO,SUN-JUPITER:0,5,2,not_applicable,JUPITER,11,7,anchor_house,SUN|JUPITER,swiss_ephemeris,SUN:JUPITER:0:2026-07-29,around_day,LEO_GROWTH,,20,80,友情から対等な協力関係を育てる時,{event_date}から続く前向きな感覚が、仲間の中から深く協力したい相手を見つけ、友情を一対一の関係へ育てる力として月初に残ります。集団での親しさを個人間の約束と受け取ると、目的や責任への温度差を見落としやすいでしょう。相手の意思を個別に尋ね、最初に共有する役割と期限を話してください。,carryover;conjunction;sun;jupiter;leo,1
2026_08_SUN_JUPITER_CARRYOVER_S11_N08,2026_08_SUN_JUPITER_CARRYOVER,2026-08,conjunction_carryover,2026-08-01T00:00:00+09:00,2026-07-29T21:18:00+09:00,2026-08-05T23:59:59+09:00,1,SUN|JUPITER,SUN:LEO|JUPITER:LEO,SUN-JUPITER:0,5,2,not_applicable,JUPITER,11,8,anchor_house,SUN|JUPITER,swiss_ephemeris,SUN:JUPITER:0:2026-07-29,around_day,LEO_GROWTH,,20,80,仲間と共有する支援と責任を明確にする時,{event_date}から続く拡大感が、仲間やコミュニティで資金、情報、技能を持ち寄り、互いの活動を支える力として月初に残ります。善意と信頼だけで共有範囲を広げると、管理者、利用目的、返却条件が曖昧になりやすいでしょう。参加者が確認できる記録を作り、提供するものと負う責任を明確にしてください。,carryover;conjunction;sun;jupiter;leo,1
2026_08_SUN_JUPITER_CARRYOVER_S11_N09,2026_08_SUN_JUPITER_CARRYOVER,2026-08,conjunction_carryover,2026-08-01T00:00:00+09:00,2026-07-29T21:18:00+09:00,2026-08-05T23:59:59+09:00,1,SUN|JUPITER,SUN:LEO|JUPITER:LEO,SUN-JUPITER:0,5,2,not_applicable,JUPITER,11,9,anchor_house,SUN|JUPITER,swiss_ephemeris,SUN:JUPITER:0:2026-07-29,around_day,LEO_GROWTH,,20,80,広い世界のつながりから未来を学ぶ時,{event_date}から続く好奇心が、国境や専門分野を越えた仲間との交流を広げ、未来の社会や活動について学ぶ力として月初に残ります。共通の理念に励まされるほど、実際の立場や生活条件まで同じだと思いやすいでしょう。異なる背景を聞き、誰と何を試せるかを具体的に確かめてください。,carryover;conjunction;sun;jupiter;leo,1
2026_08_SUN_JUPITER_CARRYOVER_S11_N10,2026_08_SUN_JUPITER_CARRYOVER,2026-08,conjunction_carryover,2026-08-01T00:00:00+09:00,2026-07-29T21:18:00+09:00,2026-08-05T23:59:59+09:00,1,SUN|JUPITER,SUN:LEO|JUPITER:LEO,SUN-JUPITER:0,5,2,not_applicable,JUPITER,11,10,anchor_house,SUN|JUPITER,swiss_ephemeris,SUN:JUPITER:0:2026-07-29,around_day,LEO_GROWTH,,20,80,人脈と共同計画を社会的な仕事へつなぐ時,{event_date}から続く自信の余韻が、友人、チーム、コミュニティとの構想を、公の企画や新しい仕事へ結びつける力として月初に残ります。人脈の広がりを継続的な支援や成果の保証と受け取ると、担当者のいない計画が増えやすいでしょう。実際に動ける人、期限、責任を確かめ、小さな実績から形にしてください。,carryover;conjunction;sun;jupiter;leo,1
2026_08_SUN_JUPITER_CARRYOVER_S11_N11,2026_08_SUN_JUPITER_CARRYOVER,2026-08,conjunction_carryover,2026-08-01T00:00:00+09:00,2026-07-29T21:18:00+09:00,2026-08-05T23:59:59+09:00,1,SUN|JUPITER,SUN:LEO|JUPITER:LEO,SUN-JUPITER:0,5,2,not_applicable,JUPITER,11,11,anchor_house,SUN|JUPITER,swiss_ephemeris,SUN:JUPITER:0:2026-07-29,around_day,LEO_GROWTH,,20,80,仲間と未来の可能性を現実的に広げる時,{event_date}から続く拡大感が、所属する集団、長期的な希望、誰と未来を作りたいかを大きく考える力として月初に残ります。多くの人が集まったことで構想全体が実行できると思うと、目的と参加意思の違いを見落としやすいでしょう。残したい目標を一つ選び、動ける人と最初の期限を決めてください。,carryover;conjunction;sun;jupiter;leo,1
2026_08_SUN_JUPITER_CARRYOVER_S11_N12,2026_08_SUN_JUPITER_CARRYOVER,2026-08,conjunction_carryover,2026-08-01T00:00:00+09:00,2026-07-29T21:18:00+09:00,2026-08-05T23:59:59+09:00,1,SUN|JUPITER,SUN:LEO|JUPITER:LEO,SUN-JUPITER:0,5,2,not_applicable,JUPITER,11,12,anchor_house,SUN|JUPITER,swiss_ephemeris,SUN:JUPITER:0:2026-07-29,around_day,LEO_GROWTH,,20,80,水面下のつながりと希望を静かに育てる時,{event_date}から続く穏やかな余韻が、表に出ていない協力者、内密な企画、まだ言葉にしていない希望を静かに結びつける時間として月初に残ります。直感的な連帯感を相手の参加意思や確約と考えると、期待と事実が混ざりやすいでしょう。公にする前に目的を整理し、信頼できる相手へ個別に確かめてください。,carryover;conjunction;sun;jupiter;leo,1
2026_08_SUN_JUPITER_CARRYOVER_S12_N01,2026_08_SUN_JUPITER_CARRYOVER,2026-08,conjunction_carryover,2026-08-01T00:00:00+09:00,2026-07-29T21:18:00+09:00,2026-08-05T23:59:59+09:00,1,SUN|JUPITER,SUN:LEO|JUPITER:LEO,SUN-JUPITER:0,5,2,not_applicable,JUPITER,12,1,anchor_house,SUN|JUPITER,swiss_ephemeris,SUN:JUPITER:0:2026-07-29,around_day,LEO_GROWTH,,20,80,静かな時間の中で次の自分を育てる時,{event_date}から続く穏やかな余韻が、一人で休み、考える時間を通して、次に表へ出す自分の姿を内側から育てる力として月初に残ります。前向きになった感覚をすぐ周囲へ示そうとすると、まだ言葉にならない本音を置き去りにしやすいでしょう。人に見せる変化を急がず、自分だけが分かる回復と決意を記録してください。,carryover;conjunction;sun;jupiter;leo,1
2026_08_SUN_JUPITER_CARRYOVER_S12_N02,2026_08_SUN_JUPITER_CARRYOVER,2026-08,conjunction_carryover,2026-08-01T00:00:00+09:00,2026-07-29T21:18:00+09:00,2026-08-05T23:59:59+09:00,1,SUN|JUPITER,SUN:LEO|JUPITER:LEO,SUN-JUPITER:0,5,2,not_applicable,JUPITER,12,2,anchor_house,SUN|JUPITER,swiss_ephemeris,SUN:JUPITER:0:2026-07-29,around_day,LEO_GROWTH,,20,80,見えない消耗を減らし自分の資源を守る時,{event_date}から続く穏やかな余韻が、無意識の出費、報われにくい努力、安心を得るために抱えた物を見直し、自分の資源を守る力として月初に残ります。気分が軽くなった勢いで新しい支出を増やすと、見えない消耗の原因を残しやすいでしょう。記録を責めずに見返し、休息を支えるものと手放せる負担を分けてください。,carryover;conjunction;sun;jupiter;leo,1
2026_08_SUN_JUPITER_CARRYOVER_S12_N03,2026_08_SUN_JUPITER_CARRYOVER,2026-08,conjunction_carryover,2026-08-01T00:00:00+09:00,2026-07-29T21:18:00+09:00,2026-08-05T23:59:59+09:00,1,SUN|JUPITER,SUN:LEO|JUPITER:LEO,SUN-JUPITER:0,5,2,not_applicable,JUPITER,12,3,anchor_house,SUN|JUPITER,swiss_ephemeris,SUN:JUPITER:0:2026-07-29,around_day,LEO_GROWTH,,20,80,言葉になる前の考えを静かにまとめる時,{event_date}から続く明るい余韻が、夢、記憶、ふと浮かぶ言葉を結び直し、人に見せていない考えを育てる時間として月初に残ります。思いつく内容をすべて意味のある答えや発信材料と考えると、思考が散りやすいでしょう。通知から離れて下書きを残し、繰り返し心に残る要点だけを後から選んでください。,carryover;conjunction;sun;jupiter;leo,1
2026_08_SUN_JUPITER_CARRYOVER_S12_N04,2026_08_SUN_JUPITER_CARRYOVER,2026-08,conjunction_carryover,2026-08-01T00:00:00+09:00,2026-07-29T21:18:00+09:00,2026-08-05T23:59:59+09:00,1,SUN|JUPITER,SUN:LEO|JUPITER:LEO,SUN-JUPITER:0,5,2,not_applicable,JUPITER,12,4,anchor_house,SUN|JUPITER,swiss_ephemeris,SUN:JUPITER:0:2026-07-29,around_day,LEO_GROWTH,,20,80,心の居場所と家族の記憶を穏やかに整える時,{event_date}から続く穏やかな余韻が、昔の住まい、家族との記憶、言葉にならなかった安心を見つめ、心の居場所を整える時間として月初に残ります。浮かぶ感情をすべて現在の家族関係の答えと決めると、過去と今が混ざりやすいでしょう。家の中に静かな余白を作り、今の暮らしへ残したい願いを記録してください。,carryover;conjunction;sun;jupiter;leo,1
2026_08_SUN_JUPITER_CARRYOVER_S12_N05,2026_08_SUN_JUPITER_CARRYOVER,2026-08,conjunction_carryover,2026-08-01T00:00:00+09:00,2026-07-29T21:18:00+09:00,2026-08-05T23:59:59+09:00,1,SUN|JUPITER,SUN:LEO|JUPITER:LEO,SUN-JUPITER:0,5,2,not_applicable,JUPITER,12,5,anchor_house,SUN|JUPITER,swiss_ephemeris,SUN:JUPITER:0:2026-07-29,around_day,LEO_GROWTH,,20,80,水面下で創造の火を育てる月初,{event_date}に重なった太陽と木星の余韻が月初まで続きます。表立った成果を急ぐより、人知れず夢中になれることや創作の種を守るほど、次の一年へ向けた意欲が内側で育つ時です。楽しみをすぐ役立てようとせず、試作や空想のまま温める時間にも十分な意味があります。,carryover;conjunction;sun;jupiter;leo,1
2026_08_SUN_JUPITER_CARRYOVER_S12_N06,2026_08_SUN_JUPITER_CARRYOVER,2026-08,conjunction_carryover,2026-08-01T00:00:00+09:00,2026-07-29T21:18:00+09:00,2026-08-05T23:59:59+09:00,1,SUN|JUPITER,SUN:LEO|JUPITER:LEO,SUN-JUPITER:0,5,2,not_applicable,JUPITER,12,6,anchor_house,SUN|JUPITER,swiss_ephemeris,SUN:JUPITER:0:2026-07-29,around_day,LEO_GROWTH,,20,80,休息を守りながら見えない仕事を整える時,{event_date}から続く穏やかな余韻が、誰にも見えない作業、無意識の気遣い、休息を削ってきた習慣へ気づき、生活を整える力として月初に残ります。前向きな勢いで遅れを取り戻そうとすると、疲れを感じる前に予定を詰めやすいでしょう。終えてよい作業を一つ選び、何もしない時間も日課として先に確保してください。,carryover;conjunction;sun;jupiter;leo,1
2026_08_SUN_JUPITER_CARRYOVER_S12_N07,2026_08_SUN_JUPITER_CARRYOVER,2026-08,conjunction_carryover,2026-08-01T00:00:00+09:00,2026-07-29T21:18:00+09:00,2026-08-05T23:59:59+09:00,1,SUN|JUPITER,SUN:LEO|JUPITER:LEO,SUN-JUPITER:0,5,2,not_applicable,JUPITER,12,7,anchor_house,SUN|JUPITER,swiss_ephemeris,SUN:JUPITER:0:2026-07-29,around_day,LEO_GROWTH,,20,80,人に見せない関係と気持ちを静かに確かめる時,{event_date}から続く穏やかな余韻が、表に出していない関係、過去から残る思い、誰かに理解されたい願いを静かに見つめる時間として月初に残ります。直感的な親近感を相手の意思や将来の約束と考えると、期待と事実が混ざりやすいでしょう。結論を急がず気持ちを記録し、確かめたいことだけを落ち着いて尋ねてください。,carryover;conjunction;sun;jupiter;leo,1
2026_08_SUN_JUPITER_CARRYOVER_S12_N08,2026_08_SUN_JUPITER_CARRYOVER,2026-08,conjunction_carryover,2026-08-01T00:00:00+09:00,2026-07-29T21:18:00+09:00,2026-08-05T23:59:59+09:00,1,SUN|JUPITER,SUN:LEO|JUPITER:LEO,SUN-JUPITER:0,5,2,not_applicable,JUPITER,12,8,anchor_house,SUN|JUPITER,swiss_ephemeris,SUN:JUPITER:0:2026-07-29,around_day,LEO_GROWTH,,20,80,抱えてきた感情と共有負担を手放す時,{event_date}から続く静かな余韻が、長く抱えてきた秘密、喪失感、誰かのために背負った責任を見つめ、内側で意味を変える時間として月初に残ります。浮かぶ感情をすべて相手との現実や義務の答えと考えると、記憶と事実が混ざりやすいでしょう。安心できる場で記録し、自分だけで抱えなくてよい負担を分けてください。,carryover;conjunction;sun;jupiter;leo,1
2026_08_SUN_JUPITER_CARRYOVER_S12_N09,2026_08_SUN_JUPITER_CARRYOVER,2026-08,conjunction_carryover,2026-08-01T00:00:00+09:00,2026-07-29T21:18:00+09:00,2026-08-05T23:59:59+09:00,1,SUN|JUPITER,SUN:LEO|JUPITER:LEO,SUN-JUPITER:0,5,2,not_applicable,JUPITER,12,9,anchor_house,SUN|JUPITER,swiss_ephemeris,SUN:JUPITER:0:2026-07-29,around_day,LEO_GROWTH,,20,80,静かな探究から自分なりの信念を育てる時,{event_date}から続く穏やかな余韻が、夢、信仰、哲学、遠い世界への関心を一人で深め、自分なりの信念を育てる時間として月初に残ります。心に響く言葉をすべて予言や唯一の答えと捉えると、期待と現実が混ざりやすいでしょう。静かに読んで記録し、繰り返し日常を支える考えだけを残してください。,carryover;conjunction;sun;jupiter;leo,1
2026_08_SUN_JUPITER_CARRYOVER_S12_N10,2026_08_SUN_JUPITER_CARRYOVER,2026-08,conjunction_carryover,2026-08-01T00:00:00+09:00,2026-07-29T21:18:00+09:00,2026-08-05T23:59:59+09:00,1,SUN|JUPITER,SUN:LEO|JUPITER:LEO,SUN-JUPITER:0,5,2,not_applicable,JUPITER,12,10,anchor_house,SUN|JUPITER,swiss_ephemeris,SUN:JUPITER:0:2026-07-29,around_day,LEO_GROWTH,,20,80,表に出ない準備から次の仕事を育てる時,{event_date}から続く静かな自信が、まだ公にしていない仕事の構想や、長く積み重ねた準備の意味を見直す時間として月初に残ります。評価されたい気持ちから水面下の案を急いで発表すると、終えるべき役割と次に担う責任が混ざりやすいでしょう。実績と未完成の課題を分け、表へ出す時期を落ち着いて決めてください。,carryover;conjunction;sun;jupiter;leo,1
2026_08_SUN_JUPITER_CARRYOVER_S12_N11,2026_08_SUN_JUPITER_CARRYOVER,2026-08,conjunction_carryover,2026-08-01T00:00:00+09:00,2026-07-29T21:18:00+09:00,2026-08-05T23:59:59+09:00,1,SUN|JUPITER,SUN:LEO|JUPITER:LEO,SUN-JUPITER:0,5,2,not_applicable,JUPITER,12,11,anchor_house,SUN|JUPITER,swiss_ephemeris,SUN:JUPITER:0:2026-07-29,around_day,LEO_GROWTH,,20,80,水面下のつながりと未来の種を守る時,{event_date}から続く穏やかな余韻が、疎遠になった仲間への思い、まだ共有していない未来像、見えない支援に気づく時間として月初に残ります。心の中の連帯感を現在の関係や参加の約束と考えると、相手との距離を見誤りやすいでしょう。残したい希望を一つ書き出し、必要な相手へ静かに連絡してください。,carryover;conjunction;sun;jupiter;leo,1
2026_08_SUN_JUPITER_CARRYOVER_S12_N12,2026_08_SUN_JUPITER_CARRYOVER,2026-08,conjunction_carryover,2026-08-01T00:00:00+09:00,2026-07-29T21:18:00+09:00,2026-08-05T23:59:59+09:00,1,SUN|JUPITER,SUN:LEO|JUPITER:LEO,SUN-JUPITER:0,5,2,not_applicable,JUPITER,12,12,anchor_house,SUN|JUPITER,swiss_ephemeris,SUN:JUPITER:0:2026-07-29,around_day,LEO_GROWTH,,20,80,何もしない時間の中で内側を回復させる時,{event_date}から続く穏やかな余韻が、外へ広げる動きをいったん休め、夢、記憶、心身の反応を通して内側を回復させる時間として月初に残ります。休む時間にも成果や特別な意味を求めると、静けさの中で新しい課題を増やしやすいでしょう。予定を空け、眠ることや何もしないことをそのまま受け入れてください。,carryover;conjunction;sun;jupiter;leo,1
2026_08_LEO_STELLIUM_S01_N01,2026_08_LEO_STELLIUM,2026-08,same_sign_cluster,2026-08-10T00:00:00+09:00,2026-08-12T09:00:00+09:00,2026-08-15T23:59:59+09:00,0,SUN|MOON|MERCURY|JUPITER,SUN:LEO|MOON:LEO|MERCURY:LEO|JUPITER:LEO,MOON-JUPITER:0|SUN-MOON:0|MERCURY-JUPITER:0,6,4,three_plus,JUPITER,1,1,anchor_house,SUN|MOON|MERCURY|JUPITER,swiss_ephemeris,LEO_CLUSTER:2026-08-12|MERCURY:JUPITER:0:2026-08-15,around_day,LEO_GROWTH,2026_08_MERCURY_JUPITER_CONJUNCTION,40,100,新しい自分像を試し始める集中期,{event_date}前後は太陽・月・水星・木星が獅子座に集まり、自分の存在感と「こうありたい」という感覚が強まります。ソーラー1ハウスとネイタル1ハウスが重なるため、見た目、振る舞い、生活の主導権を自分へ戻す好機です。{secondary_event_date}頃までは可能性を広げつつ、他人の期待ではなく自分が続けたい形を選びましょう。,stellium;leo;sun;moon;mercury;jupiter,1
2026_08_LEO_STELLIUM_S01_N02,2026_08_LEO_STELLIUM,2026-08,same_sign_cluster,2026-08-10T00:00:00+09:00,2026-08-12T09:00:00+09:00,2026-08-15T23:59:59+09:00,0,SUN|MOON|MERCURY|JUPITER,SUN:LEO|MOON:LEO|MERCURY:LEO|JUPITER:LEO,MOON-JUPITER:0|SUN-MOON:0|MERCURY-JUPITER:0,6,4,three_plus,JUPITER,1,2,anchor_house,SUN|MOON|MERCURY|JUPITER,swiss_ephemeris,LEO_CLUSTER:2026-08-12|MERCURY:JUPITER:0:2026-08-15,around_day,LEO_GROWTH,2026_08_MERCURY_JUPITER_CONJUNCTION,40,100,自分の価値を現実の選択へ変える時,{event_date}前後は、自分らしく始めたい気持ちが、収入、持ち物、技能、時間の使い方へ具体的に表れます。ソーラー1ハウスの始動力を、ネイタル2ハウスが現実的な価値へ落とし込む配置です。欲しいものを勢いで増やすより、{secondary_event_date}頃までに何へ資源を使えば自信が育つのかを選び直すとよいでしょう。,stellium;leo;sun;moon;mercury;jupiter,1
2026_08_LEO_STELLIUM_S01_N03,2026_08_LEO_STELLIUM,2026-08,same_sign_cluster,2026-08-10T00:00:00+09:00,2026-08-12T09:00:00+09:00,2026-08-15T23:59:59+09:00,0,SUN|MOON|MERCURY|JUPITER,SUN:LEO|MOON:LEO|MERCURY:LEO|JUPITER:LEO,MOON-JUPITER:0|SUN-MOON:0|MERCURY-JUPITER:0,6,4,three_plus,JUPITER,1,3,anchor_house,SUN|MOON|MERCURY|JUPITER,swiss_ephemeris,LEO_CLUSTER:2026-08-12|MERCURY:JUPITER:0:2026-08-15,around_day,LEO_GROWTH,2026_08_MERCURY_JUPITER_CONJUNCTION,40,100,言葉と発信から新しい自分を作る時,{event_date}前後は、話す、書く、学ぶ、移動するといった身近な活動に勢いが生まれます。ソーラー1ハウスが新しい自己表現を促し、ネイタル3ハウスがそれを言葉や情報交換として外へ運びます。{secondary_event_date}頃は発想が広がりやすいため、全部を語ろうとせず、今後も育てたい考えを一つ明確にしてください。,stellium;leo;sun;moon;mercury;jupiter,1
2026_08_LEO_STELLIUM_S01_N04,2026_08_LEO_STELLIUM,2026-08,same_sign_cluster,2026-08-10T00:00:00+09:00,2026-08-12T09:00:00+09:00,2026-08-15T23:59:59+09:00,0,SUN|MOON|MERCURY|JUPITER,SUN:LEO|MOON:LEO|MERCURY:LEO|JUPITER:LEO,MOON-JUPITER:0|SUN-MOON:0|MERCURY-JUPITER:0,6,4,three_plus,JUPITER,1,4,anchor_house,SUN|MOON|MERCURY|JUPITER,swiss_ephemeris,LEO_CLUSTER:2026-08-12|MERCURY:JUPITER:0:2026-08-15,around_day,LEO_GROWTH,2026_08_MERCURY_JUPITER_CONJUNCTION,40,100,生活の土台から自分を立て直す集中期,{event_date}前後は、新しく動きたい気持ちと、安心して戻れる生活基盤を整えたい気持ちが同時に強まります。ソーラー1ハウスの始動が、ネイタル4ハウスでは住環境、家族との距離、私生活の守り方として現れます。外向きの変化だけを急がず、{secondary_event_date}頃までに自分が落ち着ける場所と時間を確保しましょう。,stellium;leo;sun;moon;mercury;jupiter,1
2026_08_LEO_STELLIUM_S01_N05,2026_08_LEO_STELLIUM,2026-08,same_sign_cluster,2026-08-10T00:00:00+09:00,2026-08-12T09:00:00+09:00,2026-08-15T23:59:59+09:00,0,SUN|MOON|MERCURY|JUPITER,SUN:LEO|MOON:LEO|MERCURY:LEO|JUPITER:LEO,MOON-JUPITER:0|SUN-MOON:0|MERCURY-JUPITER:0,6,4,three_plus,JUPITER,1,5,anchor_house,SUN|MOON|MERCURY|JUPITER,swiss_ephemeris,LEO_CLUSTER:2026-08-12|MERCURY:JUPITER:0:2026-08-15,around_day,LEO_GROWTH,2026_08_MERCURY_JUPITER_CONJUNCTION,40,100,楽しむ力を表へ取り戻す創造の集中期,{event_date}前後は、自分の好み、遊び心、創作意欲を隠さず表現したい気持ちが大きく膨らみます。ソーラー1ハウスとネイタル5ハウスが重なることで、誰かに評価される前に、自分が夢中になれることそのものが再始動の力になります。{secondary_event_date}頃は構想も広がるため、完成度より試して楽しいかを基準に動いてください。,stellium;leo;sun;moon;mercury;jupiter,1
2026_08_LEO_STELLIUM_S01_N06,2026_08_LEO_STELLIUM,2026-08,same_sign_cluster,2026-08-10T00:00:00+09:00,2026-08-12T09:00:00+09:00,2026-08-15T23:59:59+09:00,0,SUN|MOON|MERCURY|JUPITER,SUN:LEO|MOON:LEO|MERCURY:LEO|JUPITER:LEO,MOON-JUPITER:0|SUN-MOON:0|MERCURY-JUPITER:0,6,4,three_plus,JUPITER,1,6,anchor_house,SUN|MOON|MERCURY|JUPITER,swiss_ephemeris,LEO_CLUSTER:2026-08-12|MERCURY:JUPITER:0:2026-08-15,around_day,LEO_GROWTH,2026_08_MERCURY_JUPITER_CONJUNCTION,40,100,日々の整え方から自分を更新する時,{event_date}前後は、新しい自分を始めたい気持ちが、仕事の手順、生活習慣、日々の予定を組み直す動きへつながります。ソーラー1ハウスの意欲を、ネイタル6ハウスが実行可能な形へ整える配置です。理想的な一日を一度に作ろうとせず、{secondary_event_date}頃までに負担を一つ減らし、続けられる習慣を一つ加えましょう。,stellium;leo;sun;moon;mercury;jupiter,1
2026_08_LEO_STELLIUM_S01_N07,2026_08_LEO_STELLIUM,2026-08,same_sign_cluster,2026-08-10T00:00:00+09:00,2026-08-12T09:00:00+09:00,2026-08-15T23:59:59+09:00,0,SUN|MOON|MERCURY|JUPITER,SUN:LEO|MOON:LEO|MERCURY:LEO|JUPITER:LEO,MOON-JUPITER:0|SUN-MOON:0|MERCURY-JUPITER:0,6,4,three_plus,JUPITER,1,7,anchor_house,SUN|MOON|MERCURY|JUPITER,swiss_ephemeris,LEO_CLUSTER:2026-08-12|MERCURY:JUPITER:0:2026-08-15,around_day,LEO_GROWTH,2026_08_MERCURY_JUPITER_CONJUNCTION,40,100,人との関係を通して自分を選び直す時,{event_date}前後は、自分らしく動きたい気持ちが強まる一方で、相手との関係や役割も大きく意識されます。ソーラー1ハウスの自己始動が、ネイタル7ハウスでは対話、協力、距離感の再調整として現れます。{secondary_event_date}頃は期待を膨らませやすいため、好かれる形ではなく、双方が無理なく続けられる関わり方を選びましょう。,stellium;leo;sun;moon;mercury;jupiter,1
2026_08_LEO_STELLIUM_S01_N08,2026_08_LEO_STELLIUM,2026-08,same_sign_cluster,2026-08-10T00:00:00+09:00,2026-08-12T09:00:00+09:00,2026-08-15T23:59:59+09:00,0,SUN|MOON|MERCURY|JUPITER,SUN:LEO|MOON:LEO|MERCURY:LEO|JUPITER:LEO,MOON-JUPITER:0|SUN-MOON:0|MERCURY-JUPITER:0,6,4,three_plus,JUPITER,1,8,anchor_house,SUN|MOON|MERCURY|JUPITER,swiss_ephemeris,LEO_CLUSTER:2026-08-12|MERCURY:JUPITER:0:2026-08-15,around_day,LEO_GROWTH,2026_08_MERCURY_JUPITER_CONJUNCTION,40,100,深い関与と共有条件を選び直す集中期,{event_date}前後は、新しい一歩を踏み出すために、誰と何を共有し、どこまで深く関わるのかが焦点になります。ソーラー1ハウスの自立心が、ネイタル8ハウスでは共同資金、信頼、秘密、心理的な結びつきの扱いとして現れます。{secondary_event_date}頃までに、期待だけで進めず、負担と責任の境界を言葉にしておくことが大切です。,stellium;leo;sun;moon;mercury;jupiter,1
2026_08_LEO_STELLIUM_S01_N09,2026_08_LEO_STELLIUM,2026-08,same_sign_cluster,2026-08-10T00:00:00+09:00,2026-08-12T09:00:00+09:00,2026-08-15T23:59:59+09:00,0,SUN|MOON|MERCURY|JUPITER,SUN:LEO|MOON:LEO|MERCURY:LEO|JUPITER:LEO,MOON-JUPITER:0|SUN-MOON:0|MERCURY-JUPITER:0,6,4,three_plus,JUPITER,1,9,anchor_house,SUN|MOON|MERCURY|JUPITER,swiss_ephemeris,LEO_CLUSTER:2026-08-12|MERCURY:JUPITER:0:2026-08-15,around_day,LEO_GROWTH,2026_08_MERCURY_JUPITER_CONJUNCTION,40,100,新しい視野が自分の進路を開く集中期,{event_date}前後は、これまでの範囲を越えて学びたい、遠くを見たいという気持ちが強まります。ソーラー1ハウスが自己更新を促し、ネイタル9ハウスが専門知識、思想、旅、将来の展望へ意識を広げます。{secondary_event_date}頃は可能性を大きく描けるため、結論を急ぐより、今後の進路を変え得る問いを一つ深く追いかけてください。,stellium;leo;sun;moon;mercury;jupiter,1
2026_08_LEO_STELLIUM_S01_N10,2026_08_LEO_STELLIUM,2026-08,same_sign_cluster,2026-08-10T00:00:00+09:00,2026-08-12T09:00:00+09:00,2026-08-15T23:59:59+09:00,0,SUN|MOON|MERCURY|JUPITER,SUN:LEO|MOON:LEO|MERCURY:LEO|JUPITER:LEO,MOON-JUPITER:0|SUN-MOON:0|MERCURY-JUPITER:0,6,4,three_plus,JUPITER,1,10,anchor_house,SUN|MOON|MERCURY|JUPITER,swiss_ephemeris,LEO_CLUSTER:2026-08-12|MERCURY:JUPITER:0:2026-08-15,around_day,LEO_GROWTH,2026_08_MERCURY_JUPITER_CONJUNCTION,40,100,役割と評価へ自分の意思を示す集中期,{event_date}前後は、自分の名前で引き受けたい仕事や、社会の中で示したい立場がはっきりしやすくなります。ソーラー1ハウスの存在感が、ネイタル10ハウスでは役割、評価、責任、今後の仕事方針として表れます。{secondary_event_date}頃は話が大きくなりやすいため、目立つことより、実際に継続できる約束と成果の範囲を示しましょう。,stellium;leo;sun;moon;mercury;jupiter,1
2026_08_LEO_STELLIUM_S01_N11,2026_08_LEO_STELLIUM,2026-08,same_sign_cluster,2026-08-10T00:00:00+09:00,2026-08-12T09:00:00+09:00,2026-08-15T23:59:59+09:00,0,SUN|MOON|MERCURY|JUPITER,SUN:LEO|MOON:LEO|MERCURY:LEO|JUPITER:LEO,MOON-JUPITER:0|SUN-MOON:0|MERCURY-JUPITER:0,6,4,three_plus,JUPITER,1,11,anchor_house,SUN|MOON|MERCURY|JUPITER,swiss_ephemeris,LEO_CLUSTER:2026-08-12|MERCURY:JUPITER:0:2026-08-15,around_day,LEO_GROWTH,2026_08_MERCURY_JUPITER_CONJUNCTION,40,100,仲間と未来像に自分を重ねる集中期,{event_date}前後は、仲間、組織、オンライン上のつながりを通して、これから実現したい未来像が膨らみます。ソーラー1ハウスの自己始動が、ネイタル11ハウスでは参加する集団や長期目標の選択として現れます。{secondary_event_date}頃までに、周囲の熱気へ合わせるだけでなく、自分が本当に力を注ぎたい計画と関係を選び取ってください。,stellium;leo;sun;moon;mercury;jupiter,1
2026_08_LEO_STELLIUM_S01_N12,2026_08_LEO_STELLIUM,2026-08,same_sign_cluster,2026-08-10T00:00:00+09:00,2026-08-12T09:00:00+09:00,2026-08-15T23:59:59+09:00,0,SUN|MOON|MERCURY|JUPITER,SUN:LEO|MOON:LEO|MERCURY:LEO|JUPITER:LEO,MOON-JUPITER:0|SUN-MOON:0|MERCURY-JUPITER:0,6,4,three_plus,JUPITER,1,12,anchor_house,SUN|MOON|MERCURY|JUPITER,swiss_ephemeris,LEO_CLUSTER:2026-08-12|MERCURY:JUPITER:0:2026-08-15,around_day,LEO_GROWTH,2026_08_MERCURY_JUPITER_CONJUNCTION,40,100,始動の前に内側の声を整える集中期,{event_date}前後は、新しく始めたい気持ちが高まっても、すぐ外へ動くより、一人で考えを育てる時間が必要になります。ソーラー1ハウスの始動力が、ネイタル12ハウスでは休息、舞台裏の準備、過去の整理として働くためです。{secondary_event_date}頃までは焦って形を決めず、静かな場所で本当に始めたいことと、もう終えてよいことを分けましょう。,stellium;leo;sun;moon;mercury;jupiter,1
2026_08_LEO_STELLIUM_S02_N01,2026_08_LEO_STELLIUM,2026-08,same_sign_cluster,2026-08-10T00:00:00+09:00,2026-08-12T09:00:00+09:00,2026-08-15T23:59:59+09:00,0,SUN|MOON|MERCURY|JUPITER,SUN:LEO|MOON:LEO|MERCURY:LEO|JUPITER:LEO,MOON-JUPITER:0|SUN-MOON:0|MERCURY-JUPITER:0,6,4,three_plus,JUPITER,2,1,anchor_house,SUN|MOON|MERCURY|JUPITER,swiss_ephemeris,LEO_CLUSTER:2026-08-12|MERCURY:JUPITER:0:2026-08-15,around_day,LEO_GROWTH,2026_08_MERCURY_JUPITER_CONJUNCTION,40,100,自分への投資が価値観を更新する集中期,{event_date}前後は、収入や持ち物だけでなく、自分をどう扱うかという価値基準が大きく動きます。ソーラー2ハウスの豊かさへの意識が、ネイタル1ハウスでは見た目、身体感覚、振る舞いへの投資として現れます。{secondary_event_date}頃までは勢いで買い足すより、長く自信を支えるものへ時間とお金を使いましょう。,stellium;leo;sun;moon;mercury;jupiter,1
2026_08_LEO_STELLIUM_S02_N02,2026_08_LEO_STELLIUM,2026-08,same_sign_cluster,2026-08-10T00:00:00+09:00,2026-08-12T09:00:00+09:00,2026-08-15T23:59:59+09:00,0,SUN|MOON|MERCURY|JUPITER,SUN:LEO|MOON:LEO|MERCURY:LEO|JUPITER:LEO,MOON-JUPITER:0|SUN-MOON:0|MERCURY-JUPITER:0,6,4,three_plus,JUPITER,2,2,anchor_house,SUN|MOON|MERCURY|JUPITER,swiss_ephemeris,LEO_CLUSTER:2026-08-12|MERCURY:JUPITER:0:2026-08-15,around_day,LEO_GROWTH,2026_08_MERCURY_JUPITER_CONJUNCTION,40,100,持っている力を正しく値づけする集中期,{event_date}前後は、自分が持つ技能、経験、収入源を改めて評価し、何にどれだけの価値があるのかを決め直す時です。ソーラー2ハウスとネイタル2ハウスが重なり、お金と自己評価の両方が強く意識されます。{secondary_event_date}頃は期待額も膨らみやすいため、理想だけでなく実績と継続性を基準に値段や予算を整えてください。,stellium;leo;sun;moon;mercury;jupiter,1
2026_08_LEO_STELLIUM_S02_N03,2026_08_LEO_STELLIUM,2026-08,same_sign_cluster,2026-08-10T00:00:00+09:00,2026-08-12T09:00:00+09:00,2026-08-15T23:59:59+09:00,0,SUN|MOON|MERCURY|JUPITER,SUN:LEO|MOON:LEO|MERCURY:LEO|JUPITER:LEO,MOON-JUPITER:0|SUN-MOON:0|MERCURY-JUPITER:0,6,4,three_plus,JUPITER,2,3,anchor_house,SUN|MOON|MERCURY|JUPITER,swiss_ephemeris,LEO_CLUSTER:2026-08-12|MERCURY:JUPITER:0:2026-08-15,around_day,LEO_GROWTH,2026_08_MERCURY_JUPITER_CONJUNCTION,40,100,知識と言葉を使える価値へ変える時,{event_date}前後は、学んだこと、書いたこと、身近な情報が、収入や実用的な技能へ結びつく可能性に気づきやすくなります。ソーラー2ハウスが価値の形を問い、ネイタル3ハウスが言葉、発信、移動、道具の使い方へ働きかけます。{secondary_event_date}頃までに、広げた情報の中から繰り返し使える知識を一つ選びましょう。,stellium;leo;sun;moon;mercury;jupiter,1
2026_08_LEO_STELLIUM_S02_N04,2026_08_LEO_STELLIUM,2026-08,same_sign_cluster,2026-08-10T00:00:00+09:00,2026-08-12T09:00:00+09:00,2026-08-15T23:59:59+09:00,0,SUN|MOON|MERCURY|JUPITER,SUN:LEO|MOON:LEO|MERCURY:LEO|JUPITER:LEO,MOON-JUPITER:0|SUN-MOON:0|MERCURY-JUPITER:0,6,4,three_plus,JUPITER,2,4,anchor_house,SUN|MOON|MERCURY|JUPITER,swiss_ephemeris,LEO_CLUSTER:2026-08-12|MERCURY:JUPITER:0:2026-08-15,around_day,LEO_GROWTH,2026_08_MERCURY_JUPITER_CONJUNCTION,40,100,暮らしの基盤へ資源を配り直す集中期,{event_date}前後は、住まい、家族、安心して過ごせる環境へ、時間やお金をどう配るかが中心になります。ソーラー2ハウスの資源管理が、ネイタル4ハウスでは生活基盤の修繕、備え、居場所づくりとして具体化します。{secondary_event_date}頃までは見栄えを整えるだけでなく、日々の負担を実際に減らす支出を優先してください。,stellium;leo;sun;moon;mercury;jupiter,1
2026_08_LEO_STELLIUM_S02_N05,2026_08_LEO_STELLIUM,2026-08,same_sign_cluster,2026-08-10T00:00:00+09:00,2026-08-12T09:00:00+09:00,2026-08-15T23:59:59+09:00,0,SUN|MOON|MERCURY|JUPITER,SUN:LEO|MOON:LEO|MERCURY:LEO|JUPITER:LEO,MOON-JUPITER:0|SUN-MOON:0|MERCURY-JUPITER:0,6,4,three_plus,JUPITER,2,5,anchor_house,SUN|MOON|MERCURY|JUPITER,swiss_ephemeris,LEO_CLUSTER:2026-08-12|MERCURY:JUPITER:0:2026-08-15,around_day,LEO_GROWTH,2026_08_MERCURY_JUPITER_CONJUNCTION,40,100,好きなことへ価値と時間を注ぎ直す時,{event_date}前後は、創作、趣味、恋愛、遊びの中に、自分にとって本当に価値のあるものが見えやすくなります。ソーラー2ハウスが時間とお金の使い道を問い、ネイタル5ハウスが喜びや表現へ大胆さを加えます。{secondary_event_date}頃は楽しみを広げすぎず、あとから思い出しても満足できる体験や作品へ資源を集中させましょう。,stellium;leo;sun;moon;mercury;jupiter,1
2026_08_LEO_STELLIUM_S02_N06,2026_08_LEO_STELLIUM,2026-08,same_sign_cluster,2026-08-10T00:00:00+09:00,2026-08-12T09:00:00+09:00,2026-08-15T23:59:59+09:00,0,SUN|MOON|MERCURY|JUPITER,SUN:LEO|MOON:LEO|MERCURY:LEO|JUPITER:LEO,MOON-JUPITER:0|SUN-MOON:0|MERCURY-JUPITER:0,6,4,three_plus,JUPITER,2,6,anchor_house,SUN|MOON|MERCURY|JUPITER,swiss_ephemeris,LEO_CLUSTER:2026-08-12|MERCURY:JUPITER:0:2026-08-15,around_day,LEO_GROWTH,2026_08_MERCURY_JUPITER_CONJUNCTION,40,100,技能と日課を実益につなげる集中期,{event_date}前後は、日々繰り返している作業や技能の中から、評価や収入につながる強みを見つけやすくなります。ソーラー2ハウスの価値づくりが、ネイタル6ハウスでは仕事の手順、時間配分、道具の改善として現れます。{secondary_event_date}頃までに負担の多い作業を見直し、同じ力でより安定して続けられる形を作ってください。,stellium;leo;sun;moon;mercury;jupiter,1
2026_08_LEO_STELLIUM_S02_N07,2026_08_LEO_STELLIUM,2026-08,same_sign_cluster,2026-08-10T00:00:00+09:00,2026-08-12T09:00:00+09:00,2026-08-15T23:59:59+09:00,0,SUN|MOON|MERCURY|JUPITER,SUN:LEO|MOON:LEO|MERCURY:LEO|JUPITER:LEO,MOON-JUPITER:0|SUN-MOON:0|MERCURY-JUPITER:0,6,4,three_plus,JUPITER,2,7,anchor_house,SUN|MOON|MERCURY|JUPITER,swiss_ephemeris,LEO_CLUSTER:2026-08-12|MERCURY:JUPITER:0:2026-08-15,around_day,LEO_GROWTH,2026_08_MERCURY_JUPITER_CONJUNCTION,40,100,対等な交換から自分の価値を知る時,{event_date}前後は、相手とのやり取りを通して、自分の時間、好意、技能をどこまで差し出すのかが明確になります。ソーラー2ハウスの自己価値が、ネイタル7ハウスでは報酬、役割分担、対等さの確認として表れます。{secondary_event_date}頃は好条件を期待しやすい一方、曖昧な約束も増えやすいため、金額や負担を言葉で確かめましょう。,stellium;leo;sun;moon;mercury;jupiter,1
2026_08_LEO_STELLIUM_S02_N08,2026_08_LEO_STELLIUM,2026-08,same_sign_cluster,2026-08-10T00:00:00+09:00,2026-08-12T09:00:00+09:00,2026-08-15T23:59:59+09:00,0,SUN|MOON|MERCURY|JUPITER,SUN:LEO|MOON:LEO|MERCURY:LEO|JUPITER:LEO,MOON-JUPITER:0|SUN-MOON:0|MERCURY-JUPITER:0,6,4,three_plus,JUPITER,2,8,anchor_house,SUN|MOON|MERCURY|JUPITER,swiss_ephemeris,LEO_CLUSTER:2026-08-12|MERCURY:JUPITER:0:2026-08-15,around_day,LEO_GROWTH,2026_08_MERCURY_JUPITER_CONJUNCTION,40,100,共有するお金と責任を整える集中期,{event_date}前後は、自分のお金と、相手や組織と共有する資源の境界が焦点になります。ソーラー2ハウスが個人の所有と価値を強める一方、ネイタル8ハウスは共同資金、支援、返済、深い信頼の条件を問い直します。{secondary_event_date}頃までに、期待で補わず、誰が何をどこまで負担するのかを数字と期限で整理してください。,stellium;leo;sun;moon;mercury;jupiter,1
2026_08_LEO_STELLIUM_S02_N09,2026_08_LEO_STELLIUM,2026-08,same_sign_cluster,2026-08-10T00:00:00+09:00,2026-08-12T09:00:00+09:00,2026-08-15T23:59:59+09:00,0,SUN|MOON|MERCURY|JUPITER,SUN:LEO|MOON:LEO|MERCURY:LEO|JUPITER:LEO,MOON-JUPITER:0|SUN-MOON:0|MERCURY-JUPITER:0,6,4,three_plus,JUPITER,2,9,anchor_house,SUN|MOON|MERCURY|JUPITER,swiss_ephemeris,LEO_CLUSTER:2026-08-12|MERCURY:JUPITER:0:2026-08-15,around_day,LEO_GROWTH,2026_08_MERCURY_JUPITER_CONJUNCTION,40,100,学びへの投資が将来の選択肢を広げる,{event_date}前後は、専門知識、資格、旅、未知の分野へ資源を使いたい気持ちが強まります。ソーラー2ハウスは投じた時間やお金の価値を問い、ネイタル9ハウスはその先にある視野と可能性を広げます。{secondary_event_date}頃は大きな計画を描きやすいため、憧れだけで決めず、今後も使い続けられる学びかどうかを確かめましょう。,stellium;leo;sun;moon;mercury;jupiter,1
2026_08_LEO_STELLIUM_S02_N10,2026_08_LEO_STELLIUM,2026-08,same_sign_cluster,2026-08-10T00:00:00+09:00,2026-08-12T09:00:00+09:00,2026-08-15T23:59:59+09:00,0,SUN|MOON|MERCURY|JUPITER,SUN:LEO|MOON:LEO|MERCURY:LEO|JUPITER:LEO,MOON-JUPITER:0|SUN-MOON:0|MERCURY-JUPITER:0,6,4,three_plus,JUPITER,2,10,anchor_house,SUN|MOON|MERCURY|JUPITER,swiss_ephemeris,LEO_CLUSTER:2026-08-12|MERCURY:JUPITER:0:2026-08-15,around_day,LEO_GROWTH,2026_08_MERCURY_JUPITER_CONJUNCTION,40,100,評価と報酬の基準を自分で定める時,{event_date}前後は、仕事上の評価、肩書き、報酬が、自分の実力に見合っているかを考え直す機会が増えます。ソーラー2ハウスの価値判断が、ネイタル10ハウスでは社会的な役割と成果の示し方へ結びつきます。{secondary_event_date}頃は強気な提案にも向きますが、責任範囲と根拠を揃え、長く維持できる条件として提示してください。,stellium;leo;sun;moon;mercury;jupiter,1
2026_08_LEO_STELLIUM_S02_N11,2026_08_LEO_STELLIUM,2026-08,same_sign_cluster,2026-08-10T00:00:00+09:00,2026-08-12T09:00:00+09:00,2026-08-15T23:59:59+09:00,0,SUN|MOON|MERCURY|JUPITER,SUN:LEO|MOON:LEO|MERCURY:LEO|JUPITER:LEO,MOON-JUPITER:0|SUN-MOON:0|MERCURY-JUPITER:0,6,4,three_plus,JUPITER,2,11,anchor_house,SUN|MOON|MERCURY|JUPITER,swiss_ephemeris,LEO_CLUSTER:2026-08-12|MERCURY:JUPITER:0:2026-08-15,around_day,LEO_GROWTH,2026_08_MERCURY_JUPITER_CONJUNCTION,40,100,未来の計画へ資源を集め直す集中期,{event_date}前後は、仲間との企画や長期目標のために、資金、時間、人脈を集めたい気持ちが高まります。ソーラー2ハウスの資源意識が、ネイタル11ハウスでは共同計画や所属先への貢献として現れます。{secondary_event_date}頃までに、全ての誘いへ応じるのではなく、自分の価値観と将来像に本当に合う計画へ配分を絞りましょう。,stellium;leo;sun;moon;mercury;jupiter,1
2026_08_LEO_STELLIUM_S02_N12,2026_08_LEO_STELLIUM,2026-08,same_sign_cluster,2026-08-10T00:00:00+09:00,2026-08-12T09:00:00+09:00,2026-08-15T23:59:59+09:00,0,SUN|MOON|MERCURY|JUPITER,SUN:LEO|MOON:LEO|MERCURY:LEO|JUPITER:LEO,MOON-JUPITER:0|SUN-MOON:0|MERCURY-JUPITER:0,6,4,three_plus,JUPITER,2,12,anchor_house,SUN|MOON|MERCURY|JUPITER,swiss_ephemeris,LEO_CLUSTER:2026-08-12|MERCURY:JUPITER:0:2026-08-15,around_day,LEO_GROWTH,2026_08_MERCURY_JUPITER_CONJUNCTION,40,100,見えない消耗を減らし自分の価値を守る,{event_date}前後は、気づかないうちに使っている時間やお金、報われにくい努力を見直す流れが強まります。ソーラー2ハウスが価値と所有を意識させ、ネイタル12ハウスが隠れた出費、無償の負担、休息不足を表面化させます。{secondary_event_date}頃までは新しく増やすより、不要な消耗を一つ止め、自分のために残せる余白を作りましょう。,stellium;leo;sun;moon;mercury;jupiter,1
2026_08_LEO_STELLIUM_S03_N01,2026_08_LEO_STELLIUM,2026-08,same_sign_cluster,2026-08-10T00:00:00+09:00,2026-08-12T09:00:00+09:00,2026-08-15T23:59:59+09:00,0,SUN|MOON|MERCURY|JUPITER,SUN:LEO|MOON:LEO|MERCURY:LEO|JUPITER:LEO,MOON-JUPITER:0|SUN-MOON:0|MERCURY-JUPITER:0,6,4,three_plus,JUPITER,3,1,anchor_house,SUN|MOON|MERCURY|JUPITER,swiss_ephemeris,LEO_CLUSTER:2026-08-12|MERCURY:JUPITER:0:2026-08-15,around_day,LEO_GROWTH,2026_08_MERCURY_JUPITER_CONJUNCTION,40,100,言葉にした自分が新しい印象をつくる,{event_date}前後は、考えていることを言葉や態度に乗せ、自分から周囲へ働きかける力が高まります。ソーラー3ハウスの発信と学習が、ネイタル1ハウスでは話し方、見せ方、行動の速さとして表れ、存在感そのものを更新します。{secondary_event_date}頃までは勢いのある主張ほど一度読み返し、伝えたい核を短く明確にすると届きやすくなります。,stellium;leo;sun;moon;mercury;jupiter,1
2026_08_LEO_STELLIUM_S03_N02,2026_08_LEO_STELLIUM,2026-08,same_sign_cluster,2026-08-10T00:00:00+09:00,2026-08-12T09:00:00+09:00,2026-08-15T23:59:59+09:00,0,SUN|MOON|MERCURY|JUPITER,SUN:LEO|MOON:LEO|MERCURY:LEO|JUPITER:LEO,MOON-JUPITER:0|SUN-MOON:0|MERCURY-JUPITER:0,6,4,three_plus,JUPITER,3,2,anchor_house,SUN|MOON|MERCURY|JUPITER,swiss_ephemeris,LEO_CLUSTER:2026-08-12|MERCURY:JUPITER:0:2026-08-15,around_day,LEO_GROWTH,2026_08_MERCURY_JUPITER_CONJUNCTION,40,100,伝える力を収入と実用へ結び直す時,{event_date}前後は、知識、説明力、身近な情報を、収入や日常で使える価値へ変える発想が広がります。ソーラー3ハウスの言葉と学びが、ネイタル2ハウスでは技能の値づけ、販売、契約条件、道具への投資として具体化します。{secondary_event_date}頃は好条件を期待して話を大きくしやすいため、金額と提供範囲を現実的に確かめてください。,stellium;leo;sun;moon;mercury;jupiter,1
2026_08_LEO_STELLIUM_S03_N03,2026_08_LEO_STELLIUM,2026-08,same_sign_cluster,2026-08-10T00:00:00+09:00,2026-08-12T09:00:00+09:00,2026-08-15T23:59:59+09:00,0,SUN|MOON|MERCURY|JUPITER,SUN:LEO|MOON:LEO|MERCURY:LEO|JUPITER:LEO,MOON-JUPITER:0|SUN-MOON:0|MERCURY-JUPITER:0,6,4,three_plus,JUPITER,3,3,anchor_house,SUN|MOON|MERCURY|JUPITER,swiss_ephemeris,LEO_CLUSTER:2026-08-12|MERCURY:JUPITER:0:2026-08-15,around_day,LEO_GROWTH,2026_08_MERCURY_JUPITER_CONJUNCTION,40,100,情報と言葉が一気に動き出す集中期,{event_date}前後は、連絡、学習、発信、短い移動が重なり、頭と身の回りが一気に活気づきます。ソーラー3ハウスとネイタル3ハウスが重なるため、書く、話す、教える、調べる力を正面から使える集中期です。{secondary_event_date}頃までは全ての話題を追うより、今後も育てたい一つのテーマへ情報を集約すると、忙しさが成果へ変わります。,stellium;leo;sun;moon;mercury;jupiter,1
2026_08_LEO_STELLIUM_S03_N04,2026_08_LEO_STELLIUM,2026-08,same_sign_cluster,2026-08-10T00:00:00+09:00,2026-08-12T09:00:00+09:00,2026-08-15T23:59:59+09:00,0,SUN|MOON|MERCURY|JUPITER,SUN:LEO|MOON:LEO|MERCURY:LEO|JUPITER:LEO,MOON-JUPITER:0|SUN-MOON:0|MERCURY-JUPITER:0,6,4,three_plus,JUPITER,3,4,anchor_house,SUN|MOON|MERCURY|JUPITER,swiss_ephemeris,LEO_CLUSTER:2026-08-12|MERCURY:JUPITER:0:2026-08-15,around_day,LEO_GROWTH,2026_08_MERCURY_JUPITER_CONJUNCTION,40,100,家と家族の話を前へ進める集中期,{event_date}前後は、住まいや家族について話す機会が増え、止まっていた相談や手続きを前へ進めやすくなります。ソーラー3ハウスの連絡と情報整理が、ネイタル4ハウスでは家庭内の意思疎通、住環境の確認、過去の経緯の言語化として表れます。{secondary_event_date}頃は正しさを競わず、安心して暮らすために何を決めるのかへ話を戻しましょう。,stellium;leo;sun;moon;mercury;jupiter,1
2026_08_LEO_STELLIUM_S03_N05,2026_08_LEO_STELLIUM,2026-08,same_sign_cluster,2026-08-10T00:00:00+09:00,2026-08-12T09:00:00+09:00,2026-08-15T23:59:59+09:00,0,SUN|MOON|MERCURY|JUPITER,SUN:LEO|MOON:LEO|MERCURY:LEO|JUPITER:LEO,MOON-JUPITER:0|SUN-MOON:0|MERCURY-JUPITER:0,6,4,three_plus,JUPITER,3,5,anchor_house,SUN|MOON|MERCURY|JUPITER,swiss_ephemeris,LEO_CLUSTER:2026-08-12|MERCURY:JUPITER:0:2026-08-15,around_day,LEO_GROWTH,2026_08_MERCURY_JUPITER_CONJUNCTION,40,100,遊び心ある発信が創作を広げる時,{event_date}前後は、好きなことを話す、書く、見せる行為そのものが楽しくなり、創作や恋愛のきっかけも増えやすくなります。ソーラー3ハウスの発信力が、ネイタル5ハウスの遊び心と自己表現を刺激するため、試作品や短い投稿にも勢いが宿ります。{secondary_event_date}頃は反応を求めすぎず、自分が面白いと思える形を一つ完成させてください。,stellium;leo;sun;moon;mercury;jupiter,1
2026_08_LEO_STELLIUM_S03_N06,2026_08_LEO_STELLIUM,2026-08,same_sign_cluster,2026-08-10T00:00:00+09:00,2026-08-12T09:00:00+09:00,2026-08-15T23:59:59+09:00,0,SUN|MOON|MERCURY|JUPITER,SUN:LEO|MOON:LEO|MERCURY:LEO|JUPITER:LEO,MOON-JUPITER:0|SUN-MOON:0|MERCURY-JUPITER:0,6,4,three_plus,JUPITER,3,6,anchor_house,SUN|MOON|MERCURY|JUPITER,swiss_ephemeris,LEO_CLUSTER:2026-08-12|MERCURY:JUPITER:0:2026-08-15,around_day,LEO_GROWTH,2026_08_MERCURY_JUPITER_CONJUNCTION,40,100,仕事の連絡と手順を軽快に整える時,{event_date}前後は、仕事の連絡、資料作成、予定調整が増え、日々の進め方を言葉で整える必要が高まります。ソーラー3ハウスの情報処理が、ネイタル6ハウスでは業務手順、役割確認、習慣の改善として具体化します。{secondary_event_date}頃までは返事の速さだけを優先せず、繰り返し使える文書や仕組みに残すと負担を減らせます。,stellium;leo;sun;moon;mercury;jupiter,1
2026_08_LEO_STELLIUM_S03_N07,2026_08_LEO_STELLIUM,2026-08,same_sign_cluster,2026-08-10T00:00:00+09:00,2026-08-12T09:00:00+09:00,2026-08-15T23:59:59+09:00,0,SUN|MOON|MERCURY|JUPITER,SUN:LEO|MOON:LEO|MERCURY:LEO|JUPITER:LEO,MOON-JUPITER:0|SUN-MOON:0|MERCURY-JUPITER:0,6,4,three_plus,JUPITER,3,7,anchor_house,SUN|MOON|MERCURY|JUPITER,swiss_ephemeris,LEO_CLUSTER:2026-08-12|MERCURY:JUPITER:0:2026-08-15,around_day,LEO_GROWTH,2026_08_MERCURY_JUPITER_CONJUNCTION,40,100,対話から新しい関係の形を描く時,{event_date}前後は、一対一の会話や交渉が活発になり、相手との間に新しい選択肢を見つけやすくなります。ソーラー3ハウスの言葉の広がりが、ネイタル7ハウスでは約束、協力、関係の再定義として現れます。{secondary_event_date}頃は自分の説明だけで納得したと思わず、相手が何を受け取ったのかを聞き返すことで、実のある合意に近づけます。,stellium;leo;sun;moon;mercury;jupiter,1
2026_08_LEO_STELLIUM_S03_N08,2026_08_LEO_STELLIUM,2026-08,same_sign_cluster,2026-08-10T00:00:00+09:00,2026-08-12T09:00:00+09:00,2026-08-15T23:59:59+09:00,0,SUN|MOON|MERCURY|JUPITER,SUN:LEO|MOON:LEO|MERCURY:LEO|JUPITER:LEO,MOON-JUPITER:0|SUN-MOON:0|MERCURY-JUPITER:0,6,4,three_plus,JUPITER,3,8,anchor_house,SUN|MOON|MERCURY|JUPITER,swiss_ephemeris,LEO_CLUSTER:2026-08-12|MERCURY:JUPITER:0:2026-08-15,around_day,LEO_GROWTH,2026_08_MERCURY_JUPITER_CONJUNCTION,40,100,深い話し合いで信頼の条件を整える,{event_date}前後は、普段は触れにくい感情、共有資金、責任について、言葉にして確かめる流れが強まります。ソーラー3ハウスの対話と情報確認が、ネイタル8ハウスでは秘密、信頼、援助や返済の条件を明らかにします。{secondary_event_date}頃は勢いで全てを打ち明けず、相手と共有する範囲を選びながら、曖昧な約束だけは具体化してください。,stellium;leo;sun;moon;mercury;jupiter,1
2026_08_LEO_STELLIUM_S03_N09,2026_08_LEO_STELLIUM,2026-08,same_sign_cluster,2026-08-10T00:00:00+09:00,2026-08-12T09:00:00+09:00,2026-08-15T23:59:59+09:00,0,SUN|MOON|MERCURY|JUPITER,SUN:LEO|MOON:LEO|MERCURY:LEO|JUPITER:LEO,MOON-JUPITER:0|SUN-MOON:0|MERCURY-JUPITER:0,6,4,three_plus,JUPITER,3,9,anchor_house,SUN|MOON|MERCURY|JUPITER,swiss_ephemeris,LEO_CLUSTER:2026-08-12|MERCURY:JUPITER:0:2026-08-15,around_day,LEO_GROWTH,2026_08_MERCURY_JUPITER_CONJUNCTION,40,100,身近な学びが大きな視野へつながる,{event_date}前後は、何気なく得た情報や短い会話が、専門的な学び、旅、将来の方向へつながりやすくなります。ソーラー3ハウスが目の前の知識を集め、ネイタル9ハウスがその意味を大きな視野へ広げます。{secondary_event_date}頃は理解したつもりで結論を急がず、出典や前提を確かめながら、自分の言葉で説明できるところまで深めましょう。,stellium;leo;sun;moon;mercury;jupiter,1
2026_08_LEO_STELLIUM_S03_N10,2026_08_LEO_STELLIUM,2026-08,same_sign_cluster,2026-08-10T00:00:00+09:00,2026-08-12T09:00:00+09:00,2026-08-15T23:59:59+09:00,0,SUN|MOON|MERCURY|JUPITER,SUN:LEO|MOON:LEO|MERCURY:LEO|JUPITER:LEO,MOON-JUPITER:0|SUN-MOON:0|MERCURY-JUPITER:0,6,4,three_plus,JUPITER,3,10,anchor_house,SUN|MOON|MERCURY|JUPITER,swiss_ephemeris,LEO_CLUSTER:2026-08-12|MERCURY:JUPITER:0:2026-08-15,around_day,LEO_GROWTH,2026_08_MERCURY_JUPITER_CONJUNCTION,40,100,発信と提案が社会的な評価を動かす,{event_date}前後は、説明、提案、プレゼンテーションが人の目に留まり、仕事上の立場を動かすきっかけになりやすい時です。ソーラー3ハウスの発信力が、ネイタル10ハウスでは評価、役割、社会への見せ方へ直結します。{secondary_event_date}頃は印象的な言葉だけを先行させず、実行手順と責任範囲まで示すほど信頼につながります。,stellium;leo;sun;moon;mercury;jupiter,1
2026_08_LEO_STELLIUM_S03_N11,2026_08_LEO_STELLIUM,2026-08,same_sign_cluster,2026-08-10T00:00:00+09:00,2026-08-12T09:00:00+09:00,2026-08-15T23:59:59+09:00,0,SUN|MOON|MERCURY|JUPITER,SUN:LEO|MOON:LEO|MERCURY:LEO|JUPITER:LEO,MOON-JUPITER:0|SUN-MOON:0|MERCURY-JUPITER:0,6,4,three_plus,JUPITER,3,11,anchor_house,SUN|MOON|MERCURY|JUPITER,swiss_ephemeris,LEO_CLUSTER:2026-08-12|MERCURY:JUPITER:0:2026-08-15,around_day,LEO_GROWTH,2026_08_MERCURY_JUPITER_CONJUNCTION,40,100,仲間との情報交換が未来を広げる時,{event_date}前後は、仲間やオンライン上のつながりから情報が集まり、未来の計画に新しい可能性が加わります。ソーラー3ハウスの交流と発信が、ネイタル11ハウスでは共同企画、紹介、長期目標の共有として広がります。{secondary_event_date}頃までは会話の勢いだけで参加を決めず、誰と何を実現したいのかが明確な案を選びましょう。,stellium;leo;sun;moon;mercury;jupiter,1
2026_08_LEO_STELLIUM_S03_N12,2026_08_LEO_STELLIUM,2026-08,same_sign_cluster,2026-08-10T00:00:00+09:00,2026-08-12T09:00:00+09:00,2026-08-15T23:59:59+09:00,0,SUN|MOON|MERCURY|JUPITER,SUN:LEO|MOON:LEO|MERCURY:LEO|JUPITER:LEO,MOON-JUPITER:0|SUN-MOON:0|MERCURY-JUPITER:0,6,4,three_plus,JUPITER,3,12,anchor_house,SUN|MOON|MERCURY|JUPITER,swiss_ephemeris,LEO_CLUSTER:2026-08-12|MERCURY:JUPITER:0:2026-08-15,around_day,LEO_GROWTH,2026_08_MERCURY_JUPITER_CONJUNCTION,40,100,言葉にならない考えを静かに整理する,{event_date}前後は、表へ出す言葉よりも、まだ形にならない考えや過去の記憶が内側で活発に結びつきます。ソーラー3ハウスの思考と学習が、ネイタル12ハウスでは日記、下書き、一人で行う調査や振り返りとして深まります。{secondary_event_date}頃までは情報を詰め込みすぎず、静かな時間を確保して、後で使いたい着想だけを書き留めてください。,stellium;leo;sun;moon;mercury;jupiter,1
2026_08_LEO_STELLIUM_S04_N01,2026_08_LEO_STELLIUM,2026-08,same_sign_cluster,2026-08-10T00:00:00+09:00,2026-08-12T09:00:00+09:00,2026-08-15T23:59:59+09:00,0,SUN|MOON|MERCURY|JUPITER,SUN:LEO|MOON:LEO|MERCURY:LEO|JUPITER:LEO,MOON-JUPITER:0|SUN-MOON:0|MERCURY-JUPITER:0,6,4,three_plus,JUPITER,4,1,anchor_house,SUN|MOON|MERCURY|JUPITER,swiss_ephemeris,LEO_CLUSTER:2026-08-12|MERCURY:JUPITER:0:2026-08-15,around_day,LEO_GROWTH,2026_08_MERCURY_JUPITER_CONJUNCTION,40,100,居場所の変化が新しい自分を育てる時,{event_date}前後は、住まいや家族との関係を整えることが、自分自身の振る舞いや今後の選択へ大きく影響します。ソーラー4ハウスの安心できる基盤づくりが、ネイタル1ハウスでは外見、身体感覚、自分から始める行動として表れます。{secondary_event_date}頃までは周囲の期待より、自分が落ち着いて戻れる場所と生活の形を優先してください。,stellium;leo;sun;moon;mercury;jupiter,1
2026_08_LEO_STELLIUM_S04_N02,2026_08_LEO_STELLIUM,2026-08,same_sign_cluster,2026-08-10T00:00:00+09:00,2026-08-12T09:00:00+09:00,2026-08-15T23:59:59+09:00,0,SUN|MOON|MERCURY|JUPITER,SUN:LEO|MOON:LEO|MERCURY:LEO|JUPITER:LEO,MOON-JUPITER:0|SUN-MOON:0|MERCURY-JUPITER:0,6,4,three_plus,JUPITER,4,2,anchor_house,SUN|MOON|MERCURY|JUPITER,swiss_ephemeris,LEO_CLUSTER:2026-08-12|MERCURY:JUPITER:0:2026-08-15,around_day,LEO_GROWTH,2026_08_MERCURY_JUPITER_CONJUNCTION,40,100,暮らしを支えるお金と価値を整える,{event_date}前後は、住居費、家の道具、家族のための支出など、安心して暮らすために何へ資源を使うかが焦点になります。ソーラー4ハウスの生活基盤が、ネイタル2ハウスでは家計、所有物、自分にとって譲れない価値として具体化します。{secondary_event_date}頃は気分を上げる出費も増えやすいため、長く使えるものと一時的な満足を分けて選びましょう。,stellium;leo;sun;moon;mercury;jupiter,1
2026_08_LEO_STELLIUM_S04_N03,2026_08_LEO_STELLIUM,2026-08,same_sign_cluster,2026-08-10T00:00:00+09:00,2026-08-12T09:00:00+09:00,2026-08-15T23:59:59+09:00,0,SUN|MOON|MERCURY|JUPITER,SUN:LEO|MOON:LEO|MERCURY:LEO|JUPITER:LEO,MOON-JUPITER:0|SUN-MOON:0|MERCURY-JUPITER:0,6,4,three_plus,JUPITER,4,3,anchor_house,SUN|MOON|MERCURY|JUPITER,swiss_ephemeris,LEO_CLUSTER:2026-08-12|MERCURY:JUPITER:0:2026-08-15,around_day,LEO_GROWTH,2026_08_MERCURY_JUPITER_CONJUNCTION,40,100,家族との対話が暮らしを動かす集中期,{event_date}前後は、家族との連絡、住まいに関する相談、身近な移動や手続きが重なり、生活の内側が活発に動きます。ソーラー4ハウスの家庭と居場所のテーマが、ネイタル3ハウスでは会話、書類、情報収集、近しい人との調整として現れます。{secondary_event_date}頃までは話題を広げすぎず、今決める必要のある一件から順に言葉へ落とし込みましょう。,stellium;leo;sun;moon;mercury;jupiter,1
2026_08_LEO_STELLIUM_S04_N04,2026_08_LEO_STELLIUM,2026-08,same_sign_cluster,2026-08-10T00:00:00+09:00,2026-08-12T09:00:00+09:00,2026-08-15T23:59:59+09:00,0,SUN|MOON|MERCURY|JUPITER,SUN:LEO|MOON:LEO|MERCURY:LEO|JUPITER:LEO,MOON-JUPITER:0|SUN-MOON:0|MERCURY-JUPITER:0,6,4,three_plus,JUPITER,4,4,anchor_house,SUN|MOON|MERCURY|JUPITER,swiss_ephemeris,LEO_CLUSTER:2026-08-12|MERCURY:JUPITER:0:2026-08-15,around_day,LEO_GROWTH,2026_08_MERCURY_JUPITER_CONJUNCTION,40,100,生活の土台を大きく組み直す集中期,{event_date}前後は、住まい、家族、心のよりどころを新しく整え直す力が強まり、生活の土台そのものが主題になります。ソーラー4ハウスとネイタル4ハウスが重なるため、引っ越しや模様替えに限らず、家族内の役割や過去から続く習慣にも光が当たります。{secondary_event_date}頃は理想を一度に実現しようとせず、毎日安心して続けられる変更から定着させてください。,stellium;leo;sun;moon;mercury;jupiter,1
2026_08_LEO_STELLIUM_S04_N05,2026_08_LEO_STELLIUM,2026-08,same_sign_cluster,2026-08-10T00:00:00+09:00,2026-08-12T09:00:00+09:00,2026-08-15T23:59:59+09:00,0,SUN|MOON|MERCURY|JUPITER,SUN:LEO|MOON:LEO|MERCURY:LEO|JUPITER:LEO,MOON-JUPITER:0|SUN-MOON:0|MERCURY-JUPITER:0,6,4,three_plus,JUPITER,4,5,anchor_house,SUN|MOON|MERCURY|JUPITER,swiss_ephemeris,LEO_CLUSTER:2026-08-12|MERCURY:JUPITER:0:2026-08-15,around_day,LEO_GROWTH,2026_08_MERCURY_JUPITER_CONJUNCTION,40,100,家の中から喜びと創作が育ち始める,{event_date}前後は、自宅で楽しめること、家族と共有する喜び、安心できる場所での創作に新しい熱が生まれます。ソーラー4ハウスの内側の充実が、ネイタル5ハウスでは趣味、恋愛、遊び、作品づくりとして明るく表れます。{secondary_event_date}頃までは人に見せる完成度を急がず、心から楽しいと思える時間と表現を暮らしの中へ根づかせましょう。,stellium;leo;sun;moon;mercury;jupiter,1
2026_08_LEO_STELLIUM_S04_N06,2026_08_LEO_STELLIUM,2026-08,same_sign_cluster,2026-08-10T00:00:00+09:00,2026-08-12T09:00:00+09:00,2026-08-15T23:59:59+09:00,0,SUN|MOON|MERCURY|JUPITER,SUN:LEO|MOON:LEO|MERCURY:LEO|JUPITER:LEO,MOON-JUPITER:0|SUN-MOON:0|MERCURY-JUPITER:0,6,4,three_plus,JUPITER,4,6,anchor_house,SUN|MOON|MERCURY|JUPITER,swiss_ephemeris,LEO_CLUSTER:2026-08-12|MERCURY:JUPITER:0:2026-08-15,around_day,LEO_GROWTH,2026_08_MERCURY_JUPITER_CONJUNCTION,40,100,暮らしと日課を無理なく整え直す時,{event_date}前後は、家事、仕事、休息の配分を見直し、生活の基盤を日々の習慣へ落とし込む必要が高まります。ソーラー4ハウスの居場所づくりが、ネイタル6ハウスでは作業環境、家の中の役割、毎日の手順として具体化します。{secondary_event_date}頃までは完璧な暮らしを目指すより、負担を一つ減らし、続けやすい日課へ整えてください。,stellium;leo;sun;moon;mercury;jupiter,1
2026_08_LEO_STELLIUM_S04_N07,2026_08_LEO_STELLIUM,2026-08,same_sign_cluster,2026-08-10T00:00:00+09:00,2026-08-12T09:00:00+09:00,2026-08-15T23:59:59+09:00,0,SUN|MOON|MERCURY|JUPITER,SUN:LEO|MOON:LEO|MERCURY:LEO|JUPITER:LEO,MOON-JUPITER:0|SUN-MOON:0|MERCURY-JUPITER:0,6,4,three_plus,JUPITER,4,7,anchor_house,SUN|MOON|MERCURY|JUPITER,swiss_ephemeris,LEO_CLUSTER:2026-08-12|MERCURY:JUPITER:0:2026-08-15,around_day,LEO_GROWTH,2026_08_MERCURY_JUPITER_CONJUNCTION,40,100,二人の居場所と関係を整え直す時,{event_date}前後は、パートナーや重要な相手と、どこでどう暮らし、何を安心の条件にするのかを考える機会が増えます。ソーラー4ハウスの家庭と基盤が、ネイタル7ハウスでは同居、役割分担、互いの家族との距離として現れます。{secondary_event_date}頃は自分の理想だけで形を決めず、双方がくつろげる境界と約束を言葉で確かめましょう。,stellium;leo;sun;moon;mercury;jupiter,1
2026_08_LEO_STELLIUM_S04_N08,2026_08_LEO_STELLIUM,2026-08,same_sign_cluster,2026-08-10T00:00:00+09:00,2026-08-12T09:00:00+09:00,2026-08-15T23:59:59+09:00,0,SUN|MOON|MERCURY|JUPITER,SUN:LEO|MOON:LEO|MERCURY:LEO|JUPITER:LEO,MOON-JUPITER:0|SUN-MOON:0|MERCURY-JUPITER:0,6,4,three_plus,JUPITER,4,8,anchor_house,SUN|MOON|MERCURY|JUPITER,swiss_ephemeris,LEO_CLUSTER:2026-08-12|MERCURY:JUPITER:0:2026-08-15,around_day,LEO_GROWTH,2026_08_MERCURY_JUPITER_CONJUNCTION,40,100,家族と共有する責任を見直す集中期,{event_date}前後は、家族や身近な人と共有するお金、住まい、責任の扱いが表面化し、深い部分から整理する流れが強まります。ソーラー4ハウスの家とルーツが、ネイタル8ハウスでは共同資金、継承、援助、過去から続く感情として現れます。{secondary_event_date}頃は期待や罪悪感だけで引き受けず、誰が何を担うのかを具体的に決めてください。,stellium;leo;sun;moon;mercury;jupiter,1
2026_08_LEO_STELLIUM_S04_N09,2026_08_LEO_STELLIUM,2026-08,same_sign_cluster,2026-08-10T00:00:00+09:00,2026-08-12T09:00:00+09:00,2026-08-15T23:59:59+09:00,0,SUN|MOON|MERCURY|JUPITER,SUN:LEO|MOON:LEO|MERCURY:LEO|JUPITER:LEO,MOON-JUPITER:0|SUN-MOON:0|MERCURY-JUPITER:0,6,4,three_plus,JUPITER,4,9,anchor_house,SUN|MOON|MERCURY|JUPITER,swiss_ephemeris,LEO_CLUSTER:2026-08-12|MERCURY:JUPITER:0:2026-08-15,around_day,LEO_GROWTH,2026_08_MERCURY_JUPITER_CONJUNCTION,40,100,自分のルーツから新しい世界を望む時,{event_date}前後は、育った環境や家族から受け継いだ考えを見つめ直すことで、学び、旅、これから住みたい場所への視野が広がります。ソーラー4ハウスのルーツへの意識が、ネイタル9ハウスでは世界観、専門知識、遠方との縁として展開します。{secondary_event_date}頃は今いる場所を否定して飛び出すより、持っていきたい価値と手放したい前提を分けましょう。,stellium;leo;sun;moon;mercury;jupiter,1
2026_08_LEO_STELLIUM_S04_N10,2026_08_LEO_STELLIUM,2026-08,same_sign_cluster,2026-08-10T00:00:00+09:00,2026-08-12T09:00:00+09:00,2026-08-15T23:59:59+09:00,0,SUN|MOON|MERCURY|JUPITER,SUN:LEO|MOON:LEO|MERCURY:LEO|JUPITER:LEO,MOON-JUPITER:0|SUN-MOON:0|MERCURY-JUPITER:0,6,4,three_plus,JUPITER,4,10,anchor_house,SUN|MOON|MERCURY|JUPITER,swiss_ephemeris,LEO_CLUSTER:2026-08-12|MERCURY:JUPITER:0:2026-08-15,around_day,LEO_GROWTH,2026_08_MERCURY_JUPITER_CONJUNCTION,40,100,私生活の安定が仕事の軸を支える時,{event_date}前後は、家や家族の状態を整えることが、仕事上の判断や社会で担う役割を支える重要な条件になります。ソーラー4ハウスの私生活と基盤が、ネイタル10ハウスでは働き方、立場、将来の目標との釣り合いとして現れます。{secondary_event_date}頃は外からの評価だけで予定を決めず、長く働き続けられる生活側の条件も同時に整えましょう。,stellium;leo;sun;moon;mercury;jupiter,1
2026_08_LEO_STELLIUM_S04_N11,2026_08_LEO_STELLIUM,2026-08,same_sign_cluster,2026-08-10T00:00:00+09:00,2026-08-12T09:00:00+09:00,2026-08-15T23:59:59+09:00,0,SUN|MOON|MERCURY|JUPITER,SUN:LEO|MOON:LEO|MERCURY:LEO|JUPITER:LEO,MOON-JUPITER:0|SUN-MOON:0|MERCURY-JUPITER:0,6,4,three_plus,JUPITER,4,11,anchor_house,SUN|MOON|MERCURY|JUPITER,swiss_ephemeris,LEO_CLUSTER:2026-08-12|MERCURY:JUPITER:0:2026-08-15,around_day,LEO_GROWTH,2026_08_MERCURY_JUPITER_CONJUNCTION,40,100,安心できる仲間と未来の土台を作る,{event_date}前後は、家に人を迎える、仲間と生活の知恵を共有するなど、安心できるつながりが未来の計画へ発展しやすくなります。ソーラー4ハウスの居場所づくりが、ネイタル11ハウスでは友情、共同体、長期目標の土台として広がります。{secondary_event_date}頃は全員を受け入れようとせず、価値観を共有できる人との関係を丁寧に育ててください。,stellium;leo;sun;moon;mercury;jupiter,1
2026_08_LEO_STELLIUM_S04_N12,2026_08_LEO_STELLIUM,2026-08,same_sign_cluster,2026-08-10T00:00:00+09:00,2026-08-12T09:00:00+09:00,2026-08-15T23:59:59+09:00,0,SUN|MOON|MERCURY|JUPITER,SUN:LEO|MOON:LEO|MERCURY:LEO|JUPITER:LEO,MOON-JUPITER:0|SUN-MOON:0|MERCURY-JUPITER:0,6,4,three_plus,JUPITER,4,12,anchor_house,SUN|MOON|MERCURY|JUPITER,swiss_ephemeris,LEO_CLUSTER:2026-08-12|MERCURY:JUPITER:0:2026-08-15,around_day,LEO_GROWTH,2026_08_MERCURY_JUPITER_CONJUNCTION,40,100,静かな居場所で心の奥を整える時,{event_date}前後は、人に見せる生活よりも、一人で安心して休める場所や、心の奥に残る家族の記憶へ意識が向かいます。ソーラー4ハウスの内的な基盤が、ネイタル12ハウスでは静かな休息、手放せていない感情、見えない負担の整理として深まります。{secondary_event_date}頃までは答えを急がず、家の中に何もしなくてよい余白を作ってください。,stellium;leo;sun;moon;mercury;jupiter,1
2026_08_LEO_STELLIUM_S05_N01,2026_08_LEO_STELLIUM,2026-08,same_sign_cluster,2026-08-10T00:00:00+09:00,2026-08-12T09:00:00+09:00,2026-08-15T23:59:59+09:00,0,SUN|MOON|MERCURY|JUPITER,SUN:LEO|MOON:LEO|MERCURY:LEO|JUPITER:LEO,MOON-JUPITER:0|SUN-MOON:0|MERCURY-JUPITER:0,6,4,three_plus,JUPITER,5,1,anchor_house,SUN|MOON|MERCURY|JUPITER,swiss_ephemeris,LEO_CLUSTER:2026-08-12|MERCURY:JUPITER:0:2026-08-15,around_day,LEO_GROWTH,2026_08_MERCURY_JUPITER_CONJUNCTION,40,100,好きな表現が新しい自分を引き出す時,{event_date}前後は、好きなことへ素直に反応し、自分から楽しみや表現を生み出す力が高まります。ソーラー5ハウスの創造性と遊び心が、ネイタル1ハウスでは外見、振る舞い、自己主張の明るさとして表れます。{secondary_event_date}頃までは人の反応に合わせすぎず、今の自分が本当に見せたい色や形を一つ試してください。,stellium;leo;sun;moon;mercury;jupiter,1
2026_08_LEO_STELLIUM_S05_N02,2026_08_LEO_STELLIUM,2026-08,same_sign_cluster,2026-08-10T00:00:00+09:00,2026-08-12T09:00:00+09:00,2026-08-15T23:59:59+09:00,0,SUN|MOON|MERCURY|JUPITER,SUN:LEO|MOON:LEO|MERCURY:LEO|JUPITER:LEO,MOON-JUPITER:0|SUN-MOON:0|MERCURY-JUPITER:0,6,4,three_plus,JUPITER,5,2,anchor_house,SUN|MOON|MERCURY|JUPITER,swiss_ephemeris,LEO_CLUSTER:2026-08-12|MERCURY:JUPITER:0:2026-08-15,around_day,LEO_GROWTH,2026_08_MERCURY_JUPITER_CONJUNCTION,40,100,喜びへの投資が自分の価値を育てる,{event_date}前後は、趣味、創作、恋愛、装いなど、心が弾むものへ時間やお金を使いたい気持ちが強まります。ソーラー5ハウスの喜びが、ネイタル2ハウスでは自己価値、所有物、技能への投資として具体化します。{secondary_event_date}頃は気前も大きくなりやすいため、一時の高揚ではなく、あとからも自信や楽しみを支える使い方を選びましょう。,stellium;leo;sun;moon;mercury;jupiter,1
2026_08_LEO_STELLIUM_S05_N03,2026_08_LEO_STELLIUM,2026-08,same_sign_cluster,2026-08-10T00:00:00+09:00,2026-08-12T09:00:00+09:00,2026-08-15T23:59:59+09:00,0,SUN|MOON|MERCURY|JUPITER,SUN:LEO|MOON:LEO|MERCURY:LEO|JUPITER:LEO,MOON-JUPITER:0|SUN-MOON:0|MERCURY-JUPITER:0,6,4,three_plus,JUPITER,5,3,anchor_house,SUN|MOON|MERCURY|JUPITER,swiss_ephemeris,LEO_CLUSTER:2026-08-12|MERCURY:JUPITER:0:2026-08-15,around_day,LEO_GROWTH,2026_08_MERCURY_JUPITER_CONJUNCTION,40,100,遊び心ある言葉が表現を広げる時,{event_date}前後は、書く、話す、撮る、教えるといった身近な表現に遊び心が加わり、発信そのものを楽しみやすくなります。ソーラー5ハウスの創造性が、ネイタル3ハウスでは文章、会話、短い企画、近しい人との交流として広がります。{secondary_event_date}頃までは話題を増やしすぎず、もっと伝えたいと思える一つの題材を作品や投稿へまとめてください。,stellium;leo;sun;moon;mercury;jupiter,1
2026_08_LEO_STELLIUM_S05_N04,2026_08_LEO_STELLIUM,2026-08,same_sign_cluster,2026-08-10T00:00:00+09:00,2026-08-12T09:00:00+09:00,2026-08-15T23:59:59+09:00,0,SUN|MOON|MERCURY|JUPITER,SUN:LEO|MOON:LEO|MERCURY:LEO|JUPITER:LEO,MOON-JUPITER:0|SUN-MOON:0|MERCURY-JUPITER:0,6,4,three_plus,JUPITER,5,4,anchor_house,SUN|MOON|MERCURY|JUPITER,swiss_ephemeris,LEO_CLUSTER:2026-08-12|MERCURY:JUPITER:0:2026-08-15,around_day,LEO_GROWTH,2026_08_MERCURY_JUPITER_CONJUNCTION,40,100,家の中に喜びと創作の場を育てる,{event_date}前後は、家で楽しめる趣味、家族と共有する時間、自分だけの制作場所を充実させたい気持ちが高まります。ソーラー5ハウスの喜びと表現が、ネイタル4ハウスでは住まい、家族、心のよりどころへ温かさを加えます。{secondary_event_date}頃までは理想の家庭像を押しつけず、皆が自然に笑顔になれる小さな習慣から育ててください。,stellium;leo;sun;moon;mercury;jupiter,1
2026_08_LEO_STELLIUM_S05_N05,2026_08_LEO_STELLIUM,2026-08,same_sign_cluster,2026-08-10T00:00:00+09:00,2026-08-12T09:00:00+09:00,2026-08-15T23:59:59+09:00,0,SUN|MOON|MERCURY|JUPITER,SUN:LEO|MOON:LEO|MERCURY:LEO|JUPITER:LEO,MOON-JUPITER:0|SUN-MOON:0|MERCURY-JUPITER:0,6,4,three_plus,JUPITER,5,5,anchor_house,SUN|MOON|MERCURY|JUPITER,swiss_ephemeris,LEO_CLUSTER:2026-08-12|MERCURY:JUPITER:0:2026-08-15,around_day,LEO_GROWTH,2026_08_MERCURY_JUPITER_CONJUNCTION,40,100,創造と喜びを思いきり広げる集中期,{event_date}前後は、創作、恋愛、遊び、自己表現への意欲が一気に高まり、心が動くものへ正面から向かいやすくなります。ソーラー5ハウスとネイタル5ハウスが重なり、自分の喜びを作品や行動として外へ出す力が強まります。{secondary_event_date}頃は期待や自信も膨らみやすいため、反応の大きさより、自分で納得できる一つの表現を完成させましょう。,stellium;leo;sun;moon;mercury;jupiter,1
2026_08_LEO_STELLIUM_S05_N06,2026_08_LEO_STELLIUM,2026-08,same_sign_cluster,2026-08-10T00:00:00+09:00,2026-08-12T09:00:00+09:00,2026-08-15T23:59:59+09:00,0,SUN|MOON|MERCURY|JUPITER,SUN:LEO|MOON:LEO|MERCURY:LEO|JUPITER:LEO,MOON-JUPITER:0|SUN-MOON:0|MERCURY-JUPITER:0,6,4,three_plus,JUPITER,5,6,anchor_house,SUN|MOON|MERCURY|JUPITER,swiss_ephemeris,LEO_CLUSTER:2026-08-12|MERCURY:JUPITER:0:2026-08-15,around_day,LEO_GROWTH,2026_08_MERCURY_JUPITER_CONJUNCTION,40,100,好きなことを日々の仕事へ育てる時,{event_date}前後は、好きで続けてきたことを、仕事や毎日の習慣として形にしたい気持ちが強まります。ソーラー5ハウスの創造性が、ネイタル6ハウスでは技能の練習、作業手順、周囲を楽しませる役割として具体化します。{secondary_event_date}頃までは熱中して予定を詰めすぎず、楽しさを失わずに繰り返せる分量と時間を決めてください。,stellium;leo;sun;moon;mercury;jupiter,1
2026_08_LEO_STELLIUM_S05_N07,2026_08_LEO_STELLIUM,2026-08,same_sign_cluster,2026-08-10T00:00:00+09:00,2026-08-12T09:00:00+09:00,2026-08-15T23:59:59+09:00,0,SUN|MOON|MERCURY|JUPITER,SUN:LEO|MOON:LEO|MERCURY:LEO|JUPITER:LEO,MOON-JUPITER:0|SUN-MOON:0|MERCURY-JUPITER:0,6,4,three_plus,JUPITER,5,7,anchor_house,SUN|MOON|MERCURY|JUPITER,swiss_ephemeris,LEO_CLUSTER:2026-08-12|MERCURY:JUPITER:0:2026-08-15,around_day,LEO_GROWTH,2026_08_MERCURY_JUPITER_CONJUNCTION,40,100,二人で楽しむ時間が関係を動かす時,{event_date}前後は、恋愛や親しい相手との間で、一緒に楽しみたいことや表現したい気持ちがはっきりしやすくなります。ソーラー5ハウスの喜びと自己表現が、ネイタル7ハウスではデート、共同制作、関係への提案として現れます。{secondary_event_date}頃は盛り上がりだけで相手の希望を決めつけず、二人とも楽しめる形を会話で選びましょう。,stellium;leo;sun;moon;mercury;jupiter,1
2026_08_LEO_STELLIUM_S05_N08,2026_08_LEO_STELLIUM,2026-08,same_sign_cluster,2026-08-10T00:00:00+09:00,2026-08-12T09:00:00+09:00,2026-08-15T23:59:59+09:00,0,SUN|MOON|MERCURY|JUPITER,SUN:LEO|MOON:LEO|MERCURY:LEO|JUPITER:LEO,MOON-JUPITER:0|SUN-MOON:0|MERCURY-JUPITER:0,6,4,three_plus,JUPITER,5,8,anchor_house,SUN|MOON|MERCURY|JUPITER,swiss_ephemeris,LEO_CLUSTER:2026-08-12|MERCURY:JUPITER:0:2026-08-15,around_day,LEO_GROWTH,2026_08_MERCURY_JUPITER_CONJUNCTION,40,100,深い情熱を信頼ある形へ育てる時,{event_date}前後は、創作や恋愛への情熱が深まり、相手と何を分かち合うのか、どこまで踏み込むのかが重要になります。ソーラー5ハウスの高揚感が、ネイタル8ハウスでは親密さ、共同資金、強い執着や信頼の条件として現れます。{secondary_event_date}頃は勢いで大きな賭けや約束をせず、感情と負担の両方を共有できる形へ整えてください。,stellium;leo;sun;moon;mercury;jupiter,1
2026_08_LEO_STELLIUM_S05_N09,2026_08_LEO_STELLIUM,2026-08,same_sign_cluster,2026-08-10T00:00:00+09:00,2026-08-12T09:00:00+09:00,2026-08-15T23:59:59+09:00,0,SUN|MOON|MERCURY|JUPITER,SUN:LEO|MOON:LEO|MERCURY:LEO|JUPITER:LEO,MOON-JUPITER:0|SUN-MOON:0|MERCURY-JUPITER:0,6,4,three_plus,JUPITER,5,9,anchor_house,SUN|MOON|MERCURY|JUPITER,swiss_ephemeris,LEO_CLUSTER:2026-08-12|MERCURY:JUPITER:0:2026-08-15,around_day,LEO_GROWTH,2026_08_MERCURY_JUPITER_CONJUNCTION,40,100,創造する喜びが新しい世界を開く時,{event_date}前後は、創作、恋愛、遊びを通して、これまで知らなかった文化や考え方へ関心が広がります。ソーラー5ハウスの自己表現が、ネイタル9ハウスでは学び、旅、出版、専門分野への挑戦として発展します。{secondary_event_date}頃は大きな構想だけで満足せず、作品を一つ公開する、講座を一つ選ぶなど、視野の広がりを具体的な一歩へ変えましょう。,stellium;leo;sun;moon;mercury;jupiter,1
2026_08_LEO_STELLIUM_S05_N10,2026_08_LEO_STELLIUM,2026-08,same_sign_cluster,2026-08-10T00:00:00+09:00,2026-08-12T09:00:00+09:00,2026-08-15T23:59:59+09:00,0,SUN|MOON|MERCURY|JUPITER,SUN:LEO|MOON:LEO|MERCURY:LEO|JUPITER:LEO,MOON-JUPITER:0|SUN-MOON:0|MERCURY-JUPITER:0,6,4,three_plus,JUPITER,5,10,anchor_house,SUN|MOON|MERCURY|JUPITER,swiss_ephemeris,LEO_CLUSTER:2026-08-12|MERCURY:JUPITER:0:2026-08-15,around_day,LEO_GROWTH,2026_08_MERCURY_JUPITER_CONJUNCTION,40,100,創造性を社会で見える形へ変える時,{event_date}前後は、作品、企画、個性を仕事や公の場で示したい気持ちが強まり、自分らしい成果へ注目が集まりやすくなります。ソーラー5ハウスの創造性が、ネイタル10ハウスでは評価、役割、将来の方向として表れます。{secondary_event_date}頃は見栄えだけを先行させず、誰に何を届けるのかと、実行できる責任範囲を揃えてください。,stellium;leo;sun;moon;mercury;jupiter,1
2026_08_LEO_STELLIUM_S05_N11,2026_08_LEO_STELLIUM,2026-08,same_sign_cluster,2026-08-10T00:00:00+09:00,2026-08-12T09:00:00+09:00,2026-08-15T23:59:59+09:00,0,SUN|MOON|MERCURY|JUPITER,SUN:LEO|MOON:LEO|MERCURY:LEO|JUPITER:LEO,MOON-JUPITER:0|SUN-MOON:0|MERCURY-JUPITER:0,6,4,three_plus,JUPITER,5,11,anchor_house,SUN|MOON|MERCURY|JUPITER,swiss_ephemeris,LEO_CLUSTER:2026-08-12|MERCURY:JUPITER:0:2026-08-15,around_day,LEO_GROWTH,2026_08_MERCURY_JUPITER_CONJUNCTION,40,100,仲間との創作が未来の可能性を広げる,{event_date}前後は、仲間とアイデアを出し合うことが楽しくなり、個人の趣味や作品が共同企画へ広がりやすくなります。ソーラー5ハウスの遊び心と表現力が、ネイタル11ハウスでは友人、コミュニティ、未来の目標との接点を作ります。{secondary_event_date}頃は全ての誘いへ乗るより、自分の個性を活かせる一つの計画へ力を集めましょう。,stellium;leo;sun;moon;mercury;jupiter,1
2026_08_LEO_STELLIUM_S05_N12,2026_08_LEO_STELLIUM,2026-08,same_sign_cluster,2026-08-10T00:00:00+09:00,2026-08-12T09:00:00+09:00,2026-08-15T23:59:59+09:00,0,SUN|MOON|MERCURY|JUPITER,SUN:LEO|MOON:LEO|MERCURY:LEO|JUPITER:LEO,MOON-JUPITER:0|SUN-MOON:0|MERCURY-JUPITER:0,6,4,three_plus,JUPITER,5,12,anchor_house,SUN|MOON|MERCURY|JUPITER,swiss_ephemeris,LEO_CLUSTER:2026-08-12|MERCURY:JUPITER:0:2026-08-15,around_day,LEO_GROWTH,2026_08_MERCURY_JUPITER_CONJUNCTION,40,100,誰にも見せない喜びを静かに育てる,{event_date}前後は、外へ見せる成果より、誰にも評価されなくても心が満たされる創作や空想へ惹かれやすくなります。ソーラー5ハウスの喜びと表現が、ネイタル12ハウスでは秘密の下書き、夢、静かな遊び、内面の回復力として育ちます。{secondary_event_date}頃までは完成や公開を急がず、あとで形にしたい着想を安心して蓄えてください。,stellium;leo;sun;moon;mercury;jupiter,1
2026_08_LEO_STELLIUM_S06_N01,2026_08_LEO_STELLIUM,2026-08,same_sign_cluster,2026-08-10T00:00:00+09:00,2026-08-12T09:00:00+09:00,2026-08-15T23:59:59+09:00,0,SUN|MOON|MERCURY|JUPITER,SUN:LEO|MOON:LEO|MERCURY:LEO|JUPITER:LEO,MOON-JUPITER:0|SUN-MOON:0|MERCURY-JUPITER:0,6,4,three_plus,JUPITER,6,1,anchor_house,SUN|MOON|MERCURY|JUPITER,swiss_ephemeris,LEO_CLUSTER:2026-08-12|MERCURY:JUPITER:0:2026-08-15,around_day,LEO_GROWTH,2026_08_MERCURY_JUPITER_CONJUNCTION,40,100,毎日の整え方が新しい自分をつくる,{event_date}前後は、仕事の進め方や毎日の習慣を整えることが、自分自身の動きや見せ方を変える力になります。ソーラー6ハウスの実務と調整が、ネイタル1ハウスでは身体の使い方、身だしなみ、自分から始める行動として表れます。{secondary_event_date}頃までは一度に全てを変えず、調子と自信を支える習慣を一つ定着させてください。,stellium;leo;sun;moon;mercury;jupiter,1
2026_08_LEO_STELLIUM_S06_N02,2026_08_LEO_STELLIUM,2026-08,same_sign_cluster,2026-08-10T00:00:00+09:00,2026-08-12T09:00:00+09:00,2026-08-15T23:59:59+09:00,0,SUN|MOON|MERCURY|JUPITER,SUN:LEO|MOON:LEO|MERCURY:LEO|JUPITER:LEO,MOON-JUPITER:0|SUN-MOON:0|MERCURY-JUPITER:0,6,4,three_plus,JUPITER,6,2,anchor_house,SUN|MOON|MERCURY|JUPITER,swiss_ephemeris,LEO_CLUSTER:2026-08-12|MERCURY:JUPITER:0:2026-08-15,around_day,LEO_GROWTH,2026_08_MERCURY_JUPITER_CONJUNCTION,40,100,日々の技能を確かな価値へ育てる時,{event_date}前後は、繰り返してきた作業や得意な技能が、収入や自信につながる価値として見えやすくなります。ソーラー6ハウスの仕事と習慣が、ネイタル2ハウスでは報酬、道具、時間の使い方、自己評価として具体化します。{secondary_event_date}頃は頼まれた量だけで満足せず、負担と成果に見合う条件や値づけを現実的に整えましょう。,stellium;leo;sun;moon;mercury;jupiter,1
2026_08_LEO_STELLIUM_S06_N03,2026_08_LEO_STELLIUM,2026-08,same_sign_cluster,2026-08-10T00:00:00+09:00,2026-08-12T09:00:00+09:00,2026-08-15T23:59:59+09:00,0,SUN|MOON|MERCURY|JUPITER,SUN:LEO|MOON:LEO|MERCURY:LEO|JUPITER:LEO,MOON-JUPITER:0|SUN-MOON:0|MERCURY-JUPITER:0,6,4,three_plus,JUPITER,6,3,anchor_house,SUN|MOON|MERCURY|JUPITER,swiss_ephemeris,LEO_CLUSTER:2026-08-12|MERCURY:JUPITER:0:2026-08-15,around_day,LEO_GROWTH,2026_08_MERCURY_JUPITER_CONJUNCTION,40,100,連絡と手順を使いやすく整える集中期,{event_date}前後は、仕事の連絡、資料、移動、細かな確認が増え、情報を扱う力が日々の効率を左右します。ソーラー6ハウスの実務が、ネイタル3ハウスでは説明、文書化、道具の使い方、近しい人との役割調整として現れます。{secondary_event_date}頃までは返事を増やすだけでなく、誰が読んでも迷わない手順や共有方法を一つ残してください。,stellium;leo;sun;moon;mercury;jupiter,1
2026_08_LEO_STELLIUM_S06_N04,2026_08_LEO_STELLIUM,2026-08,same_sign_cluster,2026-08-10T00:00:00+09:00,2026-08-12T09:00:00+09:00,2026-08-15T23:59:59+09:00,0,SUN|MOON|MERCURY|JUPITER,SUN:LEO|MOON:LEO|MERCURY:LEO|JUPITER:LEO,MOON-JUPITER:0|SUN-MOON:0|MERCURY-JUPITER:0,6,4,three_plus,JUPITER,6,4,anchor_house,SUN|MOON|MERCURY|JUPITER,swiss_ephemeris,LEO_CLUSTER:2026-08-12|MERCURY:JUPITER:0:2026-08-15,around_day,LEO_GROWTH,2026_08_MERCURY_JUPITER_CONJUNCTION,40,100,家庭の日課と役割を整え直す時,{event_date}前後は、家事、家族の予定、在宅での作業など、家庭を支える細かな役割へ意識が集まります。ソーラー6ハウスの調整力が、ネイタル4ハウスでは住環境、家族内の分担、安心して休める生活リズムとして表れます。{secondary_event_date}頃は自分だけで抱え込まず、繰り返し必要なことほど担当と手順を共有しましょう。,stellium;leo;sun;moon;mercury;jupiter,1
2026_08_LEO_STELLIUM_S06_N05,2026_08_LEO_STELLIUM,2026-08,same_sign_cluster,2026-08-10T00:00:00+09:00,2026-08-12T09:00:00+09:00,2026-08-15T23:59:59+09:00,0,SUN|MOON|MERCURY|JUPITER,SUN:LEO|MOON:LEO|MERCURY:LEO|JUPITER:LEO,MOON-JUPITER:0|SUN-MOON:0|MERCURY-JUPITER:0,6,4,three_plus,JUPITER,6,5,anchor_house,SUN|MOON|MERCURY|JUPITER,swiss_ephemeris,LEO_CLUSTER:2026-08-12|MERCURY:JUPITER:0:2026-08-15,around_day,LEO_GROWTH,2026_08_MERCURY_JUPITER_CONJUNCTION,40,100,創作の楽しさを続けられる形へ育てる,{event_date}前後は、好きで始めた創作や趣味を、日々続けられる練習や作業へ落とし込む力が高まります。ソーラー6ハウスの実務性が、ネイタル5ハウスでは作品づくり、遊び、自己表現を磨く具体的な反復として現れます。{secondary_event_date}頃は完成度を上げようとして楽しさを削らず、無理なく続けられる一単位を決めてください。,stellium;leo;sun;moon;mercury;jupiter,1
2026_08_LEO_STELLIUM_S06_N06,2026_08_LEO_STELLIUM,2026-08,same_sign_cluster,2026-08-10T00:00:00+09:00,2026-08-12T09:00:00+09:00,2026-08-15T23:59:59+09:00,0,SUN|MOON|MERCURY|JUPITER,SUN:LEO|MOON:LEO|MERCURY:LEO|JUPITER:LEO,MOON-JUPITER:0|SUN-MOON:0|MERCURY-JUPITER:0,6,4,three_plus,JUPITER,6,6,anchor_house,SUN|MOON|MERCURY|JUPITER,swiss_ephemeris,LEO_CLUSTER:2026-08-12|MERCURY:JUPITER:0:2026-08-15,around_day,LEO_GROWTH,2026_08_MERCURY_JUPITER_CONJUNCTION,40,100,仕事と生活を大きく整え直す集中期,{event_date}前後は、仕事量、生活習慣、時間配分を見直し、毎日の動きをより良い形へ組み替える力が強まります。ソーラー6ハウスとネイタル6ハウスが重なり、業務手順、技能、休息、周囲への支援が一度に焦点となります。{secondary_event_date}頃は意欲のまま役割を増やさず、重要な作業を確実に続けられる余白を先に確保してください。,stellium;leo;sun;moon;mercury;jupiter,1
2026_08_LEO_STELLIUM_S06_N07,2026_08_LEO_STELLIUM,2026-08,same_sign_cluster,2026-08-10T00:00:00+09:00,2026-08-12T09:00:00+09:00,2026-08-15T23:59:59+09:00,0,SUN|MOON|MERCURY|JUPITER,SUN:LEO|MOON:LEO|MERCURY:LEO|JUPITER:LEO,MOON-JUPITER:0|SUN-MOON:0|MERCURY-JUPITER:0,6,4,three_plus,JUPITER,6,7,anchor_house,SUN|MOON|MERCURY|JUPITER,swiss_ephemeris,LEO_CLUSTER:2026-08-12|MERCURY:JUPITER:0:2026-08-15,around_day,LEO_GROWTH,2026_08_MERCURY_JUPITER_CONJUNCTION,40,100,役割を分かち合い関係を整える時,{event_date}前後は、パートナー、顧客、協力者との間で、誰がどの作業を担うのかを整える機会が増えます。ソーラー6ハウスの実務と支援が、ネイタル7ハウスでは契約、役割分担、日常的な助け合いとして表れます。{secondary_event_date}頃は役に立とうとして引き受けすぎず、双方が無理なく守れる期限と担当を言葉で確かめましょう。,stellium;leo;sun;moon;mercury;jupiter,1
2026_08_LEO_STELLIUM_S06_N08,2026_08_LEO_STELLIUM,2026-08,same_sign_cluster,2026-08-10T00:00:00+09:00,2026-08-12T09:00:00+09:00,2026-08-15T23:59:59+09:00,0,SUN|MOON|MERCURY|JUPITER,SUN:LEO|MOON:LEO|MERCURY:LEO|JUPITER:LEO,MOON-JUPITER:0|SUN-MOON:0|MERCURY-JUPITER:0,6,4,three_plus,JUPITER,6,8,anchor_house,SUN|MOON|MERCURY|JUPITER,swiss_ephemeris,LEO_CLUSTER:2026-08-12|MERCURY:JUPITER:0:2026-08-15,around_day,LEO_GROWTH,2026_08_MERCURY_JUPITER_CONJUNCTION,40,100,見えにくい負担と共有責任を整える,{event_date}前後は、表からは見えにくい作業、相手と共有する費用、感情的な支えなど、日常を裏側で保つ負担が焦点になります。ソーラー6ハウスの奉仕と調整が、ネイタル8ハウスでは共同資金、引き継ぎ、信頼に基づく責任として現れます。{secondary_event_date}頃は曖昧な善意に頼らず、分担、期限、費用を具体的に整理してください。,stellium;leo;sun;moon;mercury;jupiter,1
2026_08_LEO_STELLIUM_S06_N09,2026_08_LEO_STELLIUM,2026-08,same_sign_cluster,2026-08-10T00:00:00+09:00,2026-08-12T09:00:00+09:00,2026-08-15T23:59:59+09:00,0,SUN|MOON|MERCURY|JUPITER,SUN:LEO|MOON:LEO|MERCURY:LEO|JUPITER:LEO,MOON-JUPITER:0|SUN-MOON:0|MERCURY-JUPITER:0,6,4,three_plus,JUPITER,6,9,anchor_house,SUN|MOON|MERCURY|JUPITER,swiss_ephemeris,LEO_CLUSTER:2026-08-12|MERCURY:JUPITER:0:2026-08-15,around_day,LEO_GROWTH,2026_08_MERCURY_JUPITER_CONJUNCTION,40,100,学びを使える技能へ落とし込む時,{event_date}前後は、専門知識、資格、遠方で得た経験を、実際の仕事や日常で使える形へ変えたい気持ちが高まります。ソーラー6ハウスの実務性が、ネイタル9ハウスでは学習計画、指導、研究、異なる文化への対応として広がります。{secondary_event_date}頃は理解を広げるだけで終わらせず、試す、教える、記録する行動を一つ決めましょう。,stellium;leo;sun;moon;mercury;jupiter,1
2026_08_LEO_STELLIUM_S06_N10,2026_08_LEO_STELLIUM,2026-08,same_sign_cluster,2026-08-10T00:00:00+09:00,2026-08-12T09:00:00+09:00,2026-08-15T23:59:59+09:00,0,SUN|MOON|MERCURY|JUPITER,SUN:LEO|MOON:LEO|MERCURY:LEO|JUPITER:LEO,MOON-JUPITER:0|SUN-MOON:0|MERCURY-JUPITER:0,6,4,three_plus,JUPITER,6,10,anchor_house,SUN|MOON|MERCURY|JUPITER,swiss_ephemeris,LEO_CLUSTER:2026-08-12|MERCURY:JUPITER:0:2026-08-15,around_day,LEO_GROWTH,2026_08_MERCURY_JUPITER_CONJUNCTION,40,100,日々の働き方が社会的な評価を動かす,{event_date}前後は、毎日の仕事ぶりや周囲への支援が目に留まり、今後担う役割や評価へつながりやすくなります。ソーラー6ハウスの実務と技能が、ネイタル10ハウスでは責任、成果、社会的な立場として表れます。{secondary_event_date}頃は有能さを示すために抱え込まず、再現できる手順と現実的な仕事量を示すことが信頼を支えます。,stellium;leo;sun;moon;mercury;jupiter,1
2026_08_LEO_STELLIUM_S06_N11,2026_08_LEO_STELLIUM,2026-08,same_sign_cluster,2026-08-10T00:00:00+09:00,2026-08-12T09:00:00+09:00,2026-08-15T23:59:59+09:00,0,SUN|MOON|MERCURY|JUPITER,SUN:LEO|MOON:LEO|MERCURY:LEO|JUPITER:LEO,MOON-JUPITER:0|SUN-MOON:0|MERCURY-JUPITER:0,6,4,three_plus,JUPITER,6,11,anchor_house,SUN|MOON|MERCURY|JUPITER,swiss_ephemeris,LEO_CLUSTER:2026-08-12|MERCURY:JUPITER:0:2026-08-15,around_day,LEO_GROWTH,2026_08_MERCURY_JUPITER_CONJUNCTION,40,100,仲間と実務を整え未来の計画を進める,{event_date}前後は、仲間やチームで進める計画について、担当、日程、実際の作業を整える力が高まります。ソーラー6ハウスの実務性が、ネイタル11ハウスでは共同企画、コミュニティ運営、将来目標を支える役割として現れます。{secondary_event_date}頃は全体へ尽くしすぎず、自分の技能が最も活きる範囲を明確にしてください。,stellium;leo;sun;moon;mercury;jupiter,1
2026_08_LEO_STELLIUM_S06_N12,2026_08_LEO_STELLIUM,2026-08,same_sign_cluster,2026-08-10T00:00:00+09:00,2026-08-12T09:00:00+09:00,2026-08-15T23:59:59+09:00,0,SUN|MOON|MERCURY|JUPITER,SUN:LEO|MOON:LEO|MERCURY:LEO|JUPITER:LEO,MOON-JUPITER:0|SUN-MOON:0|MERCURY-JUPITER:0,6,4,three_plus,JUPITER,6,12,anchor_house,SUN|MOON|MERCURY|JUPITER,swiss_ephemeris,LEO_CLUSTER:2026-08-12|MERCURY:JUPITER:0:2026-08-15,around_day,LEO_GROWTH,2026_08_MERCURY_JUPITER_CONJUNCTION,40,100,見えない仕事を減らし休息を守る時,{event_date}前後は、人に見えない準備や気遣いが増えやすく、仕事と休息の境界を意識して整える必要が高まります。ソーラー6ハウスの日課と奉仕が、ネイタル12ハウスでは裏方作業、無意識の習慣、一人で回復する時間として表れます。{secondary_event_date}頃までは空いた時間へ仕事を詰めず、終える作業と休む時間を先に決めてください。,stellium;leo;sun;moon;mercury;jupiter,1
2026_08_LEO_STELLIUM_S07_N01,2026_08_LEO_STELLIUM,2026-08,same_sign_cluster,2026-08-10T00:00:00+09:00,2026-08-12T09:00:00+09:00,2026-08-15T23:59:59+09:00,0,SUN|MOON|MERCURY|JUPITER,SUN:LEO|MOON:LEO|MERCURY:LEO|JUPITER:LEO,MOON-JUPITER:0|SUN-MOON:0|MERCURY-JUPITER:0,6,4,three_plus,JUPITER,7,1,anchor_house,SUN|MOON|MERCURY|JUPITER,swiss_ephemeris,LEO_CLUSTER:2026-08-12|MERCURY:JUPITER:0:2026-08-15,around_day,LEO_GROWTH,2026_08_MERCURY_JUPITER_CONJUNCTION,40,100,相手との対話が新しい自分を映し出す,{event_date}前後は、重要な相手とのやり取りを通して、自分がどう見られ、何を望んでいるのかがはっきりしやすくなります。ソーラー7ハウスの対話と協力が、ネイタル1ハウスでは自己主張、振る舞い、新しい関係への一歩として表れます。{secondary_event_date}頃は相手に合わせて自分を薄めず、互いに尊重できる希望と境界を言葉にしてください。,stellium;leo;sun;moon;mercury;jupiter,1
2026_08_LEO_STELLIUM_S07_N02,2026_08_LEO_STELLIUM,2026-08,same_sign_cluster,2026-08-10T00:00:00+09:00,2026-08-12T09:00:00+09:00,2026-08-15T23:59:59+09:00,0,SUN|MOON|MERCURY|JUPITER,SUN:LEO|MOON:LEO|MERCURY:LEO|JUPITER:LEO,MOON-JUPITER:0|SUN-MOON:0|MERCURY-JUPITER:0,6,4,three_plus,JUPITER,7,2,anchor_house,SUN|MOON|MERCURY|JUPITER,swiss_ephemeris,LEO_CLUSTER:2026-08-12|MERCURY:JUPITER:0:2026-08-15,around_day,LEO_GROWTH,2026_08_MERCURY_JUPITER_CONJUNCTION,40,100,対等な交換から価値と報酬を整える,{event_date}前後は、相手と何を交換し、どのような条件なら対等でいられるのかを考える機会が増えます。ソーラー7ハウスの契約と協力が、ネイタル2ハウスでは報酬、所有物、技能の値づけ、自分を大切に扱う基準として現れます。{secondary_event_date}頃は好意や期待だけで条件を曖昧にせず、金額、時間、負担を具体的に確かめましょう。,stellium;leo;sun;moon;mercury;jupiter,1
2026_08_LEO_STELLIUM_S07_N03,2026_08_LEO_STELLIUM,2026-08,same_sign_cluster,2026-08-10T00:00:00+09:00,2026-08-12T09:00:00+09:00,2026-08-15T23:59:59+09:00,0,SUN|MOON|MERCURY|JUPITER,SUN:LEO|MOON:LEO|MERCURY:LEO|JUPITER:LEO,MOON-JUPITER:0|SUN-MOON:0|MERCURY-JUPITER:0,6,4,three_plus,JUPITER,7,3,anchor_house,SUN|MOON|MERCURY|JUPITER,swiss_ephemeris,LEO_CLUSTER:2026-08-12|MERCURY:JUPITER:0:2026-08-15,around_day,LEO_GROWTH,2026_08_MERCURY_JUPITER_CONJUNCTION,40,100,率直な対話から新しい合意をつくる時,{event_date}前後は、一対一の会話、相談、交渉が活発になり、言葉を交わすほど新しい選択肢が見えてきます。ソーラー7ハウスの関係づくりが、ネイタル3ハウスでは連絡、説明、書面、身近な人との合意として具体化します。{secondary_event_date}頃は自分の話を広げるだけでなく、相手の理解を確かめ、決まった内容を短く記録してください。,stellium;leo;sun;moon;mercury;jupiter,1
2026_08_LEO_STELLIUM_S07_N04,2026_08_LEO_STELLIUM,2026-08,same_sign_cluster,2026-08-10T00:00:00+09:00,2026-08-12T09:00:00+09:00,2026-08-15T23:59:59+09:00,0,SUN|MOON|MERCURY|JUPITER,SUN:LEO|MOON:LEO|MERCURY:LEO|JUPITER:LEO,MOON-JUPITER:0|SUN-MOON:0|MERCURY-JUPITER:0,6,4,three_plus,JUPITER,7,4,anchor_house,SUN|MOON|MERCURY|JUPITER,swiss_ephemeris,LEO_CLUSTER:2026-08-12|MERCURY:JUPITER:0:2026-08-15,around_day,LEO_GROWTH,2026_08_MERCURY_JUPITER_CONJUNCTION,40,100,二人の居場所と家庭の形を話し合う,{event_date}前後は、パートナーや家族と、住まい、安心できる距離、暮らし方について話し合う流れが強まります。ソーラー7ハウスの協力関係が、ネイタル4ハウスでは同居、家庭内の役割、互いの家族との接し方として表れます。{secondary_event_date}頃は理想の形を急いで決めず、双方が落ち着いて戻れる居場所の条件を一つずつ揃えましょう。,stellium;leo;sun;moon;mercury;jupiter,1
2026_08_LEO_STELLIUM_S07_N05,2026_08_LEO_STELLIUM,2026-08,same_sign_cluster,2026-08-10T00:00:00+09:00,2026-08-12T09:00:00+09:00,2026-08-15T23:59:59+09:00,0,SUN|MOON|MERCURY|JUPITER,SUN:LEO|MOON:LEO|MERCURY:LEO|JUPITER:LEO,MOON-JUPITER:0|SUN-MOON:0|MERCURY-JUPITER:0,6,4,three_plus,JUPITER,7,5,anchor_house,SUN|MOON|MERCURY|JUPITER,swiss_ephemeris,LEO_CLUSTER:2026-08-12|MERCURY:JUPITER:0:2026-08-15,around_day,LEO_GROWTH,2026_08_MERCURY_JUPITER_CONJUNCTION,40,100,恋愛と共同表現が明るく動き出す時,{event_date}前後は、恋愛や一対一の関係に遊び心が戻り、二人で楽しむことや共同制作への意欲が高まります。ソーラー7ハウスのパートナーシップが、ネイタル5ハウスではデート、創作、自己表現を分かち合う機会として現れます。{secondary_event_date}頃は盛り上がりを答えと決めつけず、相手の個性も活きる楽しみ方を選んでください。,stellium;leo;sun;moon;mercury;jupiter,1
2026_08_LEO_STELLIUM_S07_N06,2026_08_LEO_STELLIUM,2026-08,same_sign_cluster,2026-08-10T00:00:00+09:00,2026-08-12T09:00:00+09:00,2026-08-15T23:59:59+09:00,0,SUN|MOON|MERCURY|JUPITER,SUN:LEO|MOON:LEO|MERCURY:LEO|JUPITER:LEO,MOON-JUPITER:0|SUN-MOON:0|MERCURY-JUPITER:0,6,4,three_plus,JUPITER,7,6,anchor_house,SUN|MOON|MERCURY|JUPITER,swiss_ephemeris,LEO_CLUSTER:2026-08-12|MERCURY:JUPITER:0:2026-08-15,around_day,LEO_GROWTH,2026_08_MERCURY_JUPITER_CONJUNCTION,40,100,協力相手と日々の役割を整える時,{event_date}前後は、顧客、同僚、パートナーとの協力が増え、日々の仕事や生活をどう分担するかが重要になります。ソーラー7ハウスの対人関係が、ネイタル6ハウスでは実務、予定調整、継続的な支援の形として具体化します。{secondary_event_date}頃は役に立とうとして仕事を抱えず、互いが守れる期限と手順を明確にしてください。,stellium;leo;sun;moon;mercury;jupiter,1
2026_08_LEO_STELLIUM_S07_N07,2026_08_LEO_STELLIUM,2026-08,same_sign_cluster,2026-08-10T00:00:00+09:00,2026-08-12T09:00:00+09:00,2026-08-15T23:59:59+09:00,0,SUN|MOON|MERCURY|JUPITER,SUN:LEO|MOON:LEO|MERCURY:LEO|JUPITER:LEO,MOON-JUPITER:0|SUN-MOON:0|MERCURY-JUPITER:0,6,4,three_plus,JUPITER,7,7,anchor_house,SUN|MOON|MERCURY|JUPITER,swiss_ephemeris,LEO_CLUSTER:2026-08-12|MERCURY:JUPITER:0:2026-08-15,around_day,LEO_GROWTH,2026_08_MERCURY_JUPITER_CONJUNCTION,40,100,重要な関係を大きく育て直す集中期,{event_date}前後は、恋愛、契約、協力関係など、自分にとって重要な一対一のつながりが大きく動きます。ソーラー7ハウスとネイタル7ハウスが重なり、新しい約束を結ぶことも、既存の関係を対等な形へ整え直すことも主題になります。{secondary_event_date}頃は期待を膨らませすぎず、互いに実行できる希望と責任を確かめてください。,stellium;leo;sun;moon;mercury;jupiter,1
2026_08_LEO_STELLIUM_S07_N08,2026_08_LEO_STELLIUM,2026-08,same_sign_cluster,2026-08-10T00:00:00+09:00,2026-08-12T09:00:00+09:00,2026-08-15T23:59:59+09:00,0,SUN|MOON|MERCURY|JUPITER,SUN:LEO|MOON:LEO|MERCURY:LEO|JUPITER:LEO,MOON-JUPITER:0|SUN-MOON:0|MERCURY-JUPITER:0,6,4,three_plus,JUPITER,7,8,anchor_house,SUN|MOON|MERCURY|JUPITER,swiss_ephemeris,LEO_CLUSTER:2026-08-12|MERCURY:JUPITER:0:2026-08-15,around_day,LEO_GROWTH,2026_08_MERCURY_JUPITER_CONJUNCTION,40,100,深い信頼と共有条件を話し合う時,{event_date}前後は、親密な相手との信頼、共有資金、互いに背負う責任について、深く話し合う機会が増えます。ソーラー7ハウスの契約と協力が、ネイタル8ハウスでは援助、共同所有、感情的な結びつきの条件として現れます。{secondary_event_date}頃は好意で曖昧にせず、共有する範囲と個人で守る領域を具体的に決めましょう。,stellium;leo;sun;moon;mercury;jupiter,1
2026_08_LEO_STELLIUM_S07_N09,2026_08_LEO_STELLIUM,2026-08,same_sign_cluster,2026-08-10T00:00:00+09:00,2026-08-12T09:00:00+09:00,2026-08-15T23:59:59+09:00,0,SUN|MOON|MERCURY|JUPITER,SUN:LEO|MOON:LEO|MERCURY:LEO|JUPITER:LEO,MOON-JUPITER:0|SUN-MOON:0|MERCURY-JUPITER:0,6,4,three_plus,JUPITER,7,9,anchor_house,SUN|MOON|MERCURY|JUPITER,swiss_ephemeris,LEO_CLUSTER:2026-08-12|MERCURY:JUPITER:0:2026-08-15,around_day,LEO_GROWTH,2026_08_MERCURY_JUPITER_CONJUNCTION,40,100,異なる価値観との対話が視野を広げる,{event_date}前後は、異なる文化、専門性、考え方を持つ相手との対話から、自分の世界観が広がりやすくなります。ソーラー7ハウスの交流が、ネイタル9ハウスでは学び、旅、遠方との協力、知識を分かち合う関係として発展します。{secondary_event_date}頃は相手の考えを理想化せず、違いを残したまま協力できる共通点を探してください。,stellium;leo;sun;moon;mercury;jupiter,1
2026_08_LEO_STELLIUM_S07_N10,2026_08_LEO_STELLIUM,2026-08,same_sign_cluster,2026-08-10T00:00:00+09:00,2026-08-12T09:00:00+09:00,2026-08-15T23:59:59+09:00,0,SUN|MOON|MERCURY|JUPITER,SUN:LEO|MOON:LEO|MERCURY:LEO|JUPITER:LEO,MOON-JUPITER:0|SUN-MOON:0|MERCURY-JUPITER:0,6,4,three_plus,JUPITER,7,10,anchor_house,SUN|MOON|MERCURY|JUPITER,swiss_ephemeris,LEO_CLUSTER:2026-08-12|MERCURY:JUPITER:0:2026-08-15,around_day,LEO_GROWTH,2026_08_MERCURY_JUPITER_CONJUNCTION,40,100,公の協力関係が仕事の立場を動かす,{event_date}前後は、仕事上の契約、提携、顧客との関係が注目され、誰と組むかが社会的な立場へ影響しやすくなります。ソーラー7ハウスのパートナーシップが、ネイタル10ハウスでは評価、肩書き、公に示す責任として現れます。{secondary_event_date}頃は華やかな提案だけで決めず、役割、期限、成果の扱いまで書面で揃えましょう。,stellium;leo;sun;moon;mercury;jupiter,1
2026_08_LEO_STELLIUM_S07_N11,2026_08_LEO_STELLIUM,2026-08,same_sign_cluster,2026-08-10T00:00:00+09:00,2026-08-12T09:00:00+09:00,2026-08-15T23:59:59+09:00,0,SUN|MOON|MERCURY|JUPITER,SUN:LEO|MOON:LEO|MERCURY:LEO|JUPITER:LEO,MOON-JUPITER:0|SUN-MOON:0|MERCURY-JUPITER:0,6,4,three_plus,JUPITER,7,11,anchor_house,SUN|MOON|MERCURY|JUPITER,swiss_ephemeris,LEO_CLUSTER:2026-08-12|MERCURY:JUPITER:0:2026-08-15,around_day,LEO_GROWTH,2026_08_MERCURY_JUPITER_CONJUNCTION,40,100,人との協力が未来の仲間を連れてくる,{event_date}前後は、一対一で築いた信頼から新しい仲間や企画へつながり、未来の選択肢が広がりやすくなります。ソーラー7ハウスの協力関係が、ネイタル11ハウスでは紹介、共同目標、コミュニティ内での連携として発展します。{secondary_event_date}頃は人脈の数を追わず、長期的な方向を共有できる相手との約束を大切にしてください。,stellium;leo;sun;moon;mercury;jupiter,1
2026_08_LEO_STELLIUM_S07_N12,2026_08_LEO_STELLIUM,2026-08,same_sign_cluster,2026-08-10T00:00:00+09:00,2026-08-12T09:00:00+09:00,2026-08-15T23:59:59+09:00,0,SUN|MOON|MERCURY|JUPITER,SUN:LEO|MOON:LEO|MERCURY:LEO|JUPITER:LEO,MOON-JUPITER:0|SUN-MOON:0|MERCURY-JUPITER:0,6,4,three_plus,JUPITER,7,12,anchor_house,SUN|MOON|MERCURY|JUPITER,swiss_ephemeris,LEO_CLUSTER:2026-08-12|MERCURY:JUPITER:0:2026-08-15,around_day,LEO_GROWTH,2026_08_MERCURY_JUPITER_CONJUNCTION,40,100,見えない関係の癖を静かに見直す時,{event_date}前後は、相手へ無意識に期待していたことや、言わずに我慢してきた関係の癖が見えやすくなります。ソーラー7ハウスの対人テーマが、ネイタル12ハウスでは秘密、投影、表に出しにくい思い、静かな支え合いとして現れます。{secondary_event_date}頃は結論を急がず、自分の気持ちと相手の事実を分けて整理してください。,stellium;leo;sun;moon;mercury;jupiter,1
2026_08_LEO_STELLIUM_S08_N01,2026_08_LEO_STELLIUM,2026-08,same_sign_cluster,2026-08-10T00:00:00+09:00,2026-08-12T09:00:00+09:00,2026-08-15T23:59:59+09:00,0,SUN|MOON|MERCURY|JUPITER,SUN:LEO|MOON:LEO|MERCURY:LEO|JUPITER:LEO,MOON-JUPITER:0|SUN-MOON:0|MERCURY-JUPITER:0,6,4,three_plus,JUPITER,8,1,anchor_house,SUN|MOON|MERCURY|JUPITER,swiss_ephemeris,LEO_CLUSTER:2026-08-12|MERCURY:JUPITER:0:2026-08-15,around_day,LEO_GROWTH,2026_08_MERCURY_JUPITER_CONJUNCTION,40,100,深い関わりが新しい自分を引き出す時,{event_date}前後は、誰かと深く関わることや責任を分かち合うことが、自分自身のあり方を変えるきっかけになります。ソーラー8ハウスの信頼と共有が、ネイタル1ハウスでは自己主張、境界、自分から引き受ける覚悟として表れます。{secondary_event_date}頃は相手の期待を背負いすぎず、自分の意思で差し出せるものと守る領域を明確にしてください。,stellium;leo;sun;moon;mercury;jupiter,1
2026_08_LEO_STELLIUM_S08_N02,2026_08_LEO_STELLIUM,2026-08,same_sign_cluster,2026-08-10T00:00:00+09:00,2026-08-12T09:00:00+09:00,2026-08-15T23:59:59+09:00,0,SUN|MOON|MERCURY|JUPITER,SUN:LEO|MOON:LEO|MERCURY:LEO|JUPITER:LEO,MOON-JUPITER:0|SUN-MOON:0|MERCURY-JUPITER:0,6,4,three_plus,JUPITER,8,2,anchor_house,SUN|MOON|MERCURY|JUPITER,swiss_ephemeris,LEO_CLUSTER:2026-08-12|MERCURY:JUPITER:0:2026-08-15,around_day,LEO_GROWTH,2026_08_MERCURY_JUPITER_CONJUNCTION,40,100,自分のお金と共有資源を整え直す時,{event_date}前後は、自分で持つお金と、相手や組織と共有する資源の境界を見直す流れが強まります。ソーラー8ハウスの共同資金や援助が、ネイタル2ハウスでは収入、所有物、自己価値、譲れない条件との対比として現れます。{secondary_event_date}頃は支援を当てにしすぎず、金額、期限、返すものと受け取るものを数字で整理しましょう。,stellium;leo;sun;moon;mercury;jupiter,1
2026_08_LEO_STELLIUM_S08_N03,2026_08_LEO_STELLIUM,2026-08,same_sign_cluster,2026-08-10T00:00:00+09:00,2026-08-12T09:00:00+09:00,2026-08-15T23:59:59+09:00,0,SUN|MOON|MERCURY|JUPITER,SUN:LEO|MOON:LEO|MERCURY:LEO|JUPITER:LEO,MOON-JUPITER:0|SUN-MOON:0|MERCURY-JUPITER:0,6,4,three_plus,JUPITER,8,3,anchor_house,SUN|MOON|MERCURY|JUPITER,swiss_ephemeris,LEO_CLUSTER:2026-08-12|MERCURY:JUPITER:0:2026-08-15,around_day,LEO_GROWTH,2026_08_MERCURY_JUPITER_CONJUNCTION,40,100,深い話と重要な情報を丁寧に扱う時,{event_date}前後は、普段は触れにくい事情や共有資金について話す機会が増え、情報の扱い方が信頼を左右します。ソーラー8ハウスの深い結びつきが、ネイタル3ハウスでは秘密、契約書類、重要な連絡、相手の本音を聞く対話として現れます。{secondary_event_date}頃は勢いで話を広めず、共有範囲と確認事項を明確にしてください。,stellium;leo;sun;moon;mercury;jupiter,1
2026_08_LEO_STELLIUM_S08_N04,2026_08_LEO_STELLIUM,2026-08,same_sign_cluster,2026-08-10T00:00:00+09:00,2026-08-12T09:00:00+09:00,2026-08-15T23:59:59+09:00,0,SUN|MOON|MERCURY|JUPITER,SUN:LEO|MOON:LEO|MERCURY:LEO|JUPITER:LEO,MOON-JUPITER:0|SUN-MOON:0|MERCURY-JUPITER:0,6,4,three_plus,JUPITER,8,4,anchor_house,SUN|MOON|MERCURY|JUPITER,swiss_ephemeris,LEO_CLUSTER:2026-08-12|MERCURY:JUPITER:0:2026-08-15,around_day,LEO_GROWTH,2026_08_MERCURY_JUPITER_CONJUNCTION,40,100,家族から受け継ぐものを整理する時,{event_date}前後は、家族と共有する資産、住まい、役割だけでなく、代々続く感情や価値観にも意識が向かいます。ソーラー8ハウスの継承と再編が、ネイタル4ハウスでは家庭の責任、家の問題、心の奥に残る記憶として表れます。{secondary_event_date}頃は過去の重さを一人で背負わず、今後も残すものと終わらせるものを分けて話し合いましょう。,stellium;leo;sun;moon;mercury;jupiter,1
2026_08_LEO_STELLIUM_S08_N05,2026_08_LEO_STELLIUM,2026-08,same_sign_cluster,2026-08-10T00:00:00+09:00,2026-08-12T09:00:00+09:00,2026-08-15T23:59:59+09:00,0,SUN|MOON|MERCURY|JUPITER,SUN:LEO|MOON:LEO|MERCURY:LEO|JUPITER:LEO,MOON-JUPITER:0|SUN-MOON:0|MERCURY-JUPITER:0,6,4,three_plus,JUPITER,8,5,anchor_house,SUN|MOON|MERCURY|JUPITER,swiss_ephemeris,LEO_CLUSTER:2026-08-12|MERCURY:JUPITER:0:2026-08-15,around_day,LEO_GROWTH,2026_08_MERCURY_JUPITER_CONJUNCTION,40,100,情熱と親密さを信頼ある形へ育てる,{event_date}前後は、恋愛や創作への情熱が深まり、相手や作品へどこまで自分を注ぐのかが重要になります。ソーラー8ハウスの親密さと共有が、ネイタル5ハウスでは恋愛、共同制作、楽しみのための資金や強い執着として現れます。{secondary_event_date}頃は高揚感のまま大きく賭けず、喜びと負担の両方を分かち合える形を選んでください。,stellium;leo;sun;moon;mercury;jupiter,1
2026_08_LEO_STELLIUM_S08_N06,2026_08_LEO_STELLIUM,2026-08,same_sign_cluster,2026-08-10T00:00:00+09:00,2026-08-12T09:00:00+09:00,2026-08-15T23:59:59+09:00,0,SUN|MOON|MERCURY|JUPITER,SUN:LEO|MOON:LEO|MERCURY:LEO|JUPITER:LEO,MOON-JUPITER:0|SUN-MOON:0|MERCURY-JUPITER:0,6,4,three_plus,JUPITER,8,6,anchor_house,SUN|MOON|MERCURY|JUPITER,swiss_ephemeris,LEO_CLUSTER:2026-08-12|MERCURY:JUPITER:0:2026-08-15,around_day,LEO_GROWTH,2026_08_MERCURY_JUPITER_CONJUNCTION,40,100,共有する負担を実務から整える時,{event_date}前後は、共同資金、引き継ぎ、誰かを支える作業など、共有する責任を日々どう回すかが焦点になります。ソーラー8ハウスの深い結びつきが、ネイタル6ハウスでは実務、費用、役割分担、継続的な管理として具体化します。{secondary_event_date}頃は善意だけで引き受けず、担当、期限、確認方法を実行できる形に整えましょう。,stellium;leo;sun;moon;mercury;jupiter,1
2026_08_LEO_STELLIUM_S08_N07,2026_08_LEO_STELLIUM,2026-08,same_sign_cluster,2026-08-10T00:00:00+09:00,2026-08-12T09:00:00+09:00,2026-08-15T23:59:59+09:00,0,SUN|MOON|MERCURY|JUPITER,SUN:LEO|MOON:LEO|MERCURY:LEO|JUPITER:LEO,MOON-JUPITER:0|SUN-MOON:0|MERCURY-JUPITER:0,6,4,three_plus,JUPITER,8,7,anchor_house,SUN|MOON|MERCURY|JUPITER,swiss_ephemeris,LEO_CLUSTER:2026-08-12|MERCURY:JUPITER:0:2026-08-15,around_day,LEO_GROWTH,2026_08_MERCURY_JUPITER_CONJUNCTION,40,100,親密な関係の信頼と条件を深める時,{event_date}前後は、重要な相手との関係で、表面的な約束よりも深い信頼や共有責任が問われます。ソーラー8ハウスの親密さが、ネイタル7ハウスでは契約、パートナーシップ、二人で背負うお金や課題として現れます。{secondary_event_date}頃は相手の覚悟を推測せず、何を共有し、何は個人で担うのかを率直に確かめてください。,stellium;leo;sun;moon;mercury;jupiter,1
2026_08_LEO_STELLIUM_S08_N08,2026_08_LEO_STELLIUM,2026-08,same_sign_cluster,2026-08-10T00:00:00+09:00,2026-08-12T09:00:00+09:00,2026-08-15T23:59:59+09:00,0,SUN|MOON|MERCURY|JUPITER,SUN:LEO|MOON:LEO|MERCURY:LEO|JUPITER:LEO,MOON-JUPITER:0|SUN-MOON:0|MERCURY-JUPITER:0,6,4,three_plus,JUPITER,8,8,anchor_house,SUN|MOON|MERCURY|JUPITER,swiss_ephemeris,LEO_CLUSTER:2026-08-12|MERCURY:JUPITER:0:2026-08-15,around_day,LEO_GROWTH,2026_08_MERCURY_JUPITER_CONJUNCTION,40,100,共有資源と深い結びつきを再編する,{event_date}前後は、共同資金、援助、継承、親密さなど、人生の深い部分で誰と何を共有するのかが大きな主題になります。ソーラー8ハウスとネイタル8ハウスが重なり、古い負担を整理し、信頼の条件を更新する力が強まります。{secondary_event_date}頃は期待を膨らませて一括で決めず、金額、期限、境界を一つずつ具体化してください。,stellium;leo;sun;moon;mercury;jupiter,1
2026_08_LEO_STELLIUM_S08_N09,2026_08_LEO_STELLIUM,2026-08,same_sign_cluster,2026-08-10T00:00:00+09:00,2026-08-12T09:00:00+09:00,2026-08-15T23:59:59+09:00,0,SUN|MOON|MERCURY|JUPITER,SUN:LEO|MOON:LEO|MERCURY:LEO|JUPITER:LEO,MOON-JUPITER:0|SUN-MOON:0|MERCURY-JUPITER:0,6,4,three_plus,JUPITER,8,9,anchor_house,SUN|MOON|MERCURY|JUPITER,swiss_ephemeris,LEO_CLUSTER:2026-08-12|MERCURY:JUPITER:0:2026-08-15,around_day,LEO_GROWTH,2026_08_MERCURY_JUPITER_CONJUNCTION,40,100,深い探究が価値観と視野を更新する,{event_date}前後は、表面だけでは理解できないテーマを掘り下げることで、自分の価値観や世界の見方が更新されます。ソーラー8ハウスの探究と変容が、ネイタル9ハウスでは専門研究、心理や制度の学び、遠方との資源共有として広がります。{secondary_event_date}頃は一つの説を絶対視せず、根拠と異なる立場を確かめながら理解を深めましょう。,stellium;leo;sun;moon;mercury;jupiter,1
2026_08_LEO_STELLIUM_S08_N10,2026_08_LEO_STELLIUM,2026-08,same_sign_cluster,2026-08-10T00:00:00+09:00,2026-08-12T09:00:00+09:00,2026-08-15T23:59:59+09:00,0,SUN|MOON|MERCURY|JUPITER,SUN:LEO|MOON:LEO|MERCURY:LEO|JUPITER:LEO,MOON-JUPITER:0|SUN-MOON:0|MERCURY-JUPITER:0,6,4,three_plus,JUPITER,8,10,anchor_house,SUN|MOON|MERCURY|JUPITER,swiss_ephemeris,LEO_CLUSTER:2026-08-12|MERCURY:JUPITER:0:2026-08-15,around_day,LEO_GROWTH,2026_08_MERCURY_JUPITER_CONJUNCTION,40,100,大きな責任を仕事の力へ変える時,{event_date}前後は、組織の資金、重要な引き継ぎ、他者の責任を伴う仕事など、影響の大きな役割へ意識が向かいます。ソーラー8ハウスの共有資源と再編が、ネイタル10ハウスでは職責、権限、社会的な信頼として表れます。{secondary_event_date}頃は力を示すために抱え込まず、決定権と説明責任の範囲を明確にしましょう。,stellium;leo;sun;moon;mercury;jupiter,1
2026_08_LEO_STELLIUM_S08_N11,2026_08_LEO_STELLIUM,2026-08,same_sign_cluster,2026-08-10T00:00:00+09:00,2026-08-12T09:00:00+09:00,2026-08-15T23:59:59+09:00,0,SUN|MOON|MERCURY|JUPITER,SUN:LEO|MOON:LEO|MERCURY:LEO|JUPITER:LEO,MOON-JUPITER:0|SUN-MOON:0|MERCURY-JUPITER:0,6,4,three_plus,JUPITER,8,11,anchor_house,SUN|MOON|MERCURY|JUPITER,swiss_ephemeris,LEO_CLUSTER:2026-08-12|MERCURY:JUPITER:0:2026-08-15,around_day,LEO_GROWTH,2026_08_MERCURY_JUPITER_CONJUNCTION,40,100,仲間と共有する資源を未来へ活かす,{event_date}前後は、仲間や組織と共有する資金、情報、役割を、将来の計画へどう活かすかが焦点になります。ソーラー8ハウスの共同資源が、ネイタル11ハウスでは共同企画、支援の仕組み、コミュニティ内の信頼として広がります。{secondary_event_date}頃は目的の曖昧な負担を増やさず、誰のために何を残すのかを明確にしてください。,stellium;leo;sun;moon;mercury;jupiter,1
2026_08_LEO_STELLIUM_S08_N12,2026_08_LEO_STELLIUM,2026-08,same_sign_cluster,2026-08-10T00:00:00+09:00,2026-08-12T09:00:00+09:00,2026-08-15T23:59:59+09:00,0,SUN|MOON|MERCURY|JUPITER,SUN:LEO|MOON:LEO|MERCURY:LEO|JUPITER:LEO,MOON-JUPITER:0|SUN-MOON:0|MERCURY-JUPITER:0,6,4,three_plus,JUPITER,8,12,anchor_house,SUN|MOON|MERCURY|JUPITER,swiss_ephemeris,LEO_CLUSTER:2026-08-12|MERCURY:JUPITER:0:2026-08-15,around_day,LEO_GROWTH,2026_08_MERCURY_JUPITER_CONJUNCTION,40,100,心の奥にある負担を静かに手放す時,{event_date}前後は、長く抱えてきた罪悪感、秘密、誰かへの見えない負担を、深いところから整理したい気持ちが強まります。ソーラー8ハウスの手放しと再生が、ネイタル12ハウスでは無意識の執着、静かな支援、表に出しにくい共有問題として現れます。{secondary_event_date}頃は無理に答えを出さず、自分が背負わなくてよいものから距離を置いてください。,stellium;leo;sun;moon;mercury;jupiter,1
2026_08_LEO_STELLIUM_S09_N01,2026_08_LEO_STELLIUM,2026-08,same_sign_cluster,2026-08-10T00:00:00+09:00,2026-08-12T09:00:00+09:00,2026-08-15T23:59:59+09:00,0,SUN|MOON|MERCURY|JUPITER,SUN:LEO|MOON:LEO|MERCURY:LEO|JUPITER:LEO,MOON-JUPITER:0|SUN-MOON:0|MERCURY-JUPITER:0,6,4,three_plus,JUPITER,9,1,anchor_house,SUN|MOON|MERCURY|JUPITER,swiss_ephemeris,LEO_CLUSTER:2026-08-12|MERCURY:JUPITER:0:2026-08-15,around_day,LEO_GROWTH,2026_08_MERCURY_JUPITER_CONJUNCTION,40,100,新しい世界観が自分の姿を広げる時,{event_date}前後は、学びや未知の世界に触れることで、自分がどんな人として進みたいのかが大きく広がります。ソーラー9ハウスの探究と冒険が、ネイタル1ハウスでは振る舞い、自己主張、新しい経験へ踏み出す姿勢として表れます。{secondary_event_date}頃は理想像だけを膨らませず、今の自分で始められる学びや移動を一つ選んでください。,stellium;leo;sun;moon;mercury;jupiter,1
2026_08_LEO_STELLIUM_S09_N02,2026_08_LEO_STELLIUM,2026-08,same_sign_cluster,2026-08-10T00:00:00+09:00,2026-08-12T09:00:00+09:00,2026-08-15T23:59:59+09:00,0,SUN|MOON|MERCURY|JUPITER,SUN:LEO|MOON:LEO|MERCURY:LEO|JUPITER:LEO,MOON-JUPITER:0|SUN-MOON:0|MERCURY-JUPITER:0,6,4,three_plus,JUPITER,9,2,anchor_house,SUN|MOON|MERCURY|JUPITER,swiss_ephemeris,LEO_CLUSTER:2026-08-12|MERCURY:JUPITER:0:2026-08-15,around_day,LEO_GROWTH,2026_08_MERCURY_JUPITER_CONJUNCTION,40,100,学びへの投資が自分の価値を広げる,{event_date}前後は、専門知識、資格、旅など、将来の選択肢を増やすものへ時間やお金を使いたい気持ちが高まります。ソーラー9ハウスの学びと拡大が、ネイタル2ハウスでは技能の価値、収入の可能性、自分が大切にしたい基準として現れます。{secondary_event_date}頃は高額な期待だけで選ばず、長く使える知識かどうかを確かめましょう。,stellium;leo;sun;moon;mercury;jupiter,1
2026_08_LEO_STELLIUM_S09_N03,2026_08_LEO_STELLIUM,2026-08,same_sign_cluster,2026-08-10T00:00:00+09:00,2026-08-12T09:00:00+09:00,2026-08-15T23:59:59+09:00,0,SUN|MOON|MERCURY|JUPITER,SUN:LEO|MOON:LEO|MERCURY:LEO|JUPITER:LEO,MOON-JUPITER:0|SUN-MOON:0|MERCURY-JUPITER:0,6,4,three_plus,JUPITER,9,3,anchor_house,SUN|MOON|MERCURY|JUPITER,swiss_ephemeris,LEO_CLUSTER:2026-08-12|MERCURY:JUPITER:0:2026-08-15,around_day,LEO_GROWTH,2026_08_MERCURY_JUPITER_CONJUNCTION,40,100,身近な言葉を広い世界へ届ける時,{event_date}前後は、日頃考えてきたことを、より広い相手へ伝えたり体系的に学び直したりする意欲が高まります。ソーラー9ハウスの専門性と発信が、ネイタル3ハウスでは文章、講座、会話、身近な情報を大きな文脈へつなぐ力として現れます。{secondary_event_date}頃は断定を急がず、出典と自分の経験を分けて伝えてください。,stellium;leo;sun;moon;mercury;jupiter,1
2026_08_LEO_STELLIUM_S09_N04,2026_08_LEO_STELLIUM,2026-08,same_sign_cluster,2026-08-10T00:00:00+09:00,2026-08-12T09:00:00+09:00,2026-08-15T23:59:59+09:00,0,SUN|MOON|MERCURY|JUPITER,SUN:LEO|MOON:LEO|MERCURY:LEO|JUPITER:LEO,MOON-JUPITER:0|SUN-MOON:0|MERCURY-JUPITER:0,6,4,three_plus,JUPITER,9,4,anchor_house,SUN|MOON|MERCURY|JUPITER,swiss_ephemeris,LEO_CLUSTER:2026-08-12|MERCURY:JUPITER:0:2026-08-15,around_day,LEO_GROWTH,2026_08_MERCURY_JUPITER_CONJUNCTION,40,100,自分のルーツから世界観を広げ直す,{event_date}前後は、育った環境や家族から受け取った考えを見直すことで、これから住みたい場所や学びたい世界が見えやすくなります。ソーラー9ハウスの遠い視野が、ネイタル4ハウスでは家、ルーツ、安心の基準を外から見直す機会として現れます。{secondary_event_date}頃は故郷を否定せず、持っていきたい価値と更新したい前提を分けましょう。,stellium;leo;sun;moon;mercury;jupiter,1
2026_08_LEO_STELLIUM_S09_N05,2026_08_LEO_STELLIUM,2026-08,same_sign_cluster,2026-08-10T00:00:00+09:00,2026-08-12T09:00:00+09:00,2026-08-15T23:59:59+09:00,0,SUN|MOON|MERCURY|JUPITER,SUN:LEO|MOON:LEO|MERCURY:LEO|JUPITER:LEO,MOON-JUPITER:0|SUN-MOON:0|MERCURY-JUPITER:0,6,4,three_plus,JUPITER,9,5,anchor_house,SUN|MOON|MERCURY|JUPITER,swiss_ephemeris,LEO_CLUSTER:2026-08-12|MERCURY:JUPITER:0:2026-08-15,around_day,LEO_GROWTH,2026_08_MERCURY_JUPITER_CONJUNCTION,40,100,創作と遊びが未知の世界へつながる,{event_date}前後は、創作、恋愛、遊びを通して、異なる文化や新しい考え方へ自然に惹かれやすくなります。ソーラー9ハウスの冒険心が、ネイタル5ハウスでは旅先での体験、物語づくり、学びを楽しみに変える表現として広がります。{secondary_event_date}頃は壮大な構想だけで終わらせず、作品や体験を一つ形に残してください。,stellium;leo;sun;moon;mercury;jupiter,1
2026_08_LEO_STELLIUM_S09_N06,2026_08_LEO_STELLIUM,2026-08,same_sign_cluster,2026-08-10T00:00:00+09:00,2026-08-12T09:00:00+09:00,2026-08-15T23:59:59+09:00,0,SUN|MOON|MERCURY|JUPITER,SUN:LEO|MOON:LEO|MERCURY:LEO|JUPITER:LEO,MOON-JUPITER:0|SUN-MOON:0|MERCURY-JUPITER:0,6,4,three_plus,JUPITER,9,6,anchor_house,SUN|MOON|MERCURY|JUPITER,swiss_ephemeris,LEO_CLUSTER:2026-08-12|MERCURY:JUPITER:0:2026-08-15,around_day,LEO_GROWTH,2026_08_MERCURY_JUPITER_CONJUNCTION,40,100,専門知識を日々の仕事へ活かす時,{event_date}前後は、学んだ知識や遠方で得た経験を、毎日の仕事や具体的な技能へ落とし込む力が高まります。ソーラー9ハウスの専門性が、ネイタル6ハウスでは業務改善、指導、資格の活用、異なる背景を持つ人への対応として現れます。{secondary_event_date}頃は知識量を誇るより、現場で繰り返し使える手順を一つ作りましょう。,stellium;leo;sun;moon;mercury;jupiter,1
2026_08_LEO_STELLIUM_S09_N07,2026_08_LEO_STELLIUM,2026-08,same_sign_cluster,2026-08-10T00:00:00+09:00,2026-08-12T09:00:00+09:00,2026-08-15T23:59:59+09:00,0,SUN|MOON|MERCURY|JUPITER,SUN:LEO|MOON:LEO|MERCURY:LEO|JUPITER:LEO,MOON-JUPITER:0|SUN-MOON:0|MERCURY-JUPITER:0,6,4,three_plus,JUPITER,9,7,anchor_house,SUN|MOON|MERCURY|JUPITER,swiss_ephemeris,LEO_CLUSTER:2026-08-12|MERCURY:JUPITER:0:2026-08-15,around_day,LEO_GROWTH,2026_08_MERCURY_JUPITER_CONJUNCTION,40,100,異なる価値観の相手と未来を描く時,{event_date}前後は、異なる経験や考え方を持つ相手との出会いや対話から、関係の可能性が大きく広がります。ソーラー9ハウスの世界観が、ネイタル7ハウスでは遠方との協力、学び合う関係、将来像を共有するパートナーシップとして現れます。{secondary_event_date}頃は理想化を避け、距離や約束を現実的に続けられるか確かめましょう。,stellium;leo;sun;moon;mercury;jupiter,1
2026_08_LEO_STELLIUM_S09_N08,2026_08_LEO_STELLIUM,2026-08,same_sign_cluster,2026-08-10T00:00:00+09:00,2026-08-12T09:00:00+09:00,2026-08-15T23:59:59+09:00,0,SUN|MOON|MERCURY|JUPITER,SUN:LEO|MOON:LEO|MERCURY:LEO|JUPITER:LEO,MOON-JUPITER:0|SUN-MOON:0|MERCURY-JUPITER:0,6,4,three_plus,JUPITER,9,8,anchor_house,SUN|MOON|MERCURY|JUPITER,swiss_ephemeris,LEO_CLUSTER:2026-08-12|MERCURY:JUPITER:0:2026-08-15,around_day,LEO_GROWTH,2026_08_MERCURY_JUPITER_CONJUNCTION,40,100,深い探究から新しい意味を見つける,{event_date}前後は、心理、制度、共有資源など、表面だけでは分からないテーマを深く学びたい気持ちが高まります。ソーラー9ハウスの探究が、ネイタル8ハウスでは秘密、継承、共同資金、人生観を変える知識への接近として現れます。{secondary_event_date}頃は刺激的な結論へ飛びつかず、根拠と当事者への配慮を保ちながら理解を深めてください。,stellium;leo;sun;moon;mercury;jupiter,1
2026_08_LEO_STELLIUM_S09_N09,2026_08_LEO_STELLIUM,2026-08,same_sign_cluster,2026-08-10T00:00:00+09:00,2026-08-12T09:00:00+09:00,2026-08-15T23:59:59+09:00,0,SUN|MOON|MERCURY|JUPITER,SUN:LEO|MOON:LEO|MERCURY:LEO|JUPITER:LEO,MOON-JUPITER:0|SUN-MOON:0|MERCURY-JUPITER:0,6,4,three_plus,JUPITER,9,9,anchor_house,SUN|MOON|MERCURY|JUPITER,swiss_ephemeris,LEO_CLUSTER:2026-08-12|MERCURY:JUPITER:0:2026-08-15,around_day,LEO_GROWTH,2026_08_MERCURY_JUPITER_CONJUNCTION,40,100,学びと冒険を大きく広げる集中期,{event_date}前後は、専門的な学び、旅、出版、未知の文化への関心が一気に高まり、世界を広げる力が強まります。ソーラー9ハウスとネイタル9ハウスが重なり、自分の経験や知識をより大きな意味へ結びつける集中期です。{secondary_event_date}頃は予定と主張を広げすぎず、今後も深めたい一つの分野や目的地へ力を集めてください。,stellium;leo;sun;moon;mercury;jupiter,1
2026_08_LEO_STELLIUM_S09_N10,2026_08_LEO_STELLIUM,2026-08,same_sign_cluster,2026-08-10T00:00:00+09:00,2026-08-12T09:00:00+09:00,2026-08-15T23:59:59+09:00,0,SUN|MOON|MERCURY|JUPITER,SUN:LEO|MOON:LEO|MERCURY:LEO|JUPITER:LEO,MOON-JUPITER:0|SUN-MOON:0|MERCURY-JUPITER:0,6,4,three_plus,JUPITER,9,10,anchor_house,SUN|MOON|MERCURY|JUPITER,swiss_ephemeris,LEO_CLUSTER:2026-08-12|MERCURY:JUPITER:0:2026-08-15,around_day,LEO_GROWTH,2026_08_MERCURY_JUPITER_CONJUNCTION,40,100,専門性を社会で見える役割へ変える,{event_date}前後は、学んできたことや広い視野を、仕事上の提案、指導、公的な役割として示す機会が増えます。ソーラー9ハウスの専門性と発信が、ネイタル10ハウスでは評価、肩書き、社会へ伝える責任として表れます。{secondary_event_date}頃は権威ある言い方だけを先行させず、経験と根拠、実行できる範囲を揃えてください。,stellium;leo;sun;moon;mercury;jupiter,1
2026_08_LEO_STELLIUM_S09_N11,2026_08_LEO_STELLIUM,2026-08,same_sign_cluster,2026-08-10T00:00:00+09:00,2026-08-12T09:00:00+09:00,2026-08-15T23:59:59+09:00,0,SUN|MOON|MERCURY|JUPITER,SUN:LEO|MOON:LEO|MERCURY:LEO|JUPITER:LEO,MOON-JUPITER:0|SUN-MOON:0|MERCURY-JUPITER:0,6,4,three_plus,JUPITER,9,11,anchor_house,SUN|MOON|MERCURY|JUPITER,swiss_ephemeris,LEO_CLUSTER:2026-08-12|MERCURY:JUPITER:0:2026-08-15,around_day,LEO_GROWTH,2026_08_MERCURY_JUPITER_CONJUNCTION,40,100,広い世界の仲間と未来を描く時,{event_date}前後は、異なる地域や専門分野の人との交流から、未来の計画や共同目標が大きく広がります。ソーラー9ハウスの遠い視野が、ネイタル11ハウスでは国境や分野を越えた仲間、学びの共同体、長期的な理想として現れます。{secondary_event_date}頃は壮大な話だけで終わらせず、誰と何を共有するのかを具体的に決めましょう。,stellium;leo;sun;moon;mercury;jupiter,1
2026_08_LEO_STELLIUM_S09_N12,2026_08_LEO_STELLIUM,2026-08,same_sign_cluster,2026-08-10T00:00:00+09:00,2026-08-12T09:00:00+09:00,2026-08-15T23:59:59+09:00,0,SUN|MOON|MERCURY|JUPITER,SUN:LEO|MOON:LEO|MERCURY:LEO|JUPITER:LEO,MOON-JUPITER:0|SUN-MOON:0|MERCURY-JUPITER:0,6,4,three_plus,JUPITER,9,12,anchor_house,SUN|MOON|MERCURY|JUPITER,swiss_ephemeris,LEO_CLUSTER:2026-08-12|MERCURY:JUPITER:0:2026-08-15,around_day,LEO_GROWTH,2026_08_MERCURY_JUPITER_CONJUNCTION,40,100,静かな探究が内側の世界を広げる,{event_date}前後は、外へ答えを示すより、一人で学び、遠い世界を思い描く時間が心の視野を広げます。ソーラー9ハウスの探究と意味づけが、ネイタル12ハウスでは精神的な学び、静かな旅、夢や無意識から得る気づきとして育ちます。{secondary_event_date}頃は一つの思想へ逃げ込まず、心に残った問いをゆっくり記録してください。,stellium;leo;sun;moon;mercury;jupiter,1
2026_08_LEO_STELLIUM_S10_N01,2026_08_LEO_STELLIUM,2026-08,same_sign_cluster,2026-08-10T00:00:00+09:00,2026-08-12T09:00:00+09:00,2026-08-15T23:59:59+09:00,0,SUN|MOON|MERCURY|JUPITER,SUN:LEO|MOON:LEO|MERCURY:LEO|JUPITER:LEO,MOON-JUPITER:0|SUN-MOON:0|MERCURY-JUPITER:0,6,4,three_plus,JUPITER,10,1,anchor_house,SUN|MOON|MERCURY|JUPITER,swiss_ephemeris,LEO_CLUSTER:2026-08-12|MERCURY:JUPITER:0:2026-08-15,around_day,LEO_GROWTH,2026_08_MERCURY_JUPITER_CONJUNCTION,40,100,仕事で示す姿が新しい自分をつくる,{event_date}前後は、仕事や公の場でどのような役割を担うかが、自分自身の見せ方や行動を大きく動かします。ソーラー10ハウスの目標と評価が、ネイタル1ハウスでは自己主張、振る舞い、先頭に立つ姿勢として表れます。{secondary_event_date}頃は立派に見せることを急がず、自分の名前で責任を持てる一つの行動を選んでください。,stellium;leo;sun;moon;mercury;jupiter,1
2026_08_LEO_STELLIUM_S10_N02,2026_08_LEO_STELLIUM,2026-08,same_sign_cluster,2026-08-10T00:00:00+09:00,2026-08-12T09:00:00+09:00,2026-08-15T23:59:59+09:00,0,SUN|MOON|MERCURY|JUPITER,SUN:LEO|MOON:LEO|MERCURY:LEO|JUPITER:LEO,MOON-JUPITER:0|SUN-MOON:0|MERCURY-JUPITER:0,6,4,three_plus,JUPITER,10,2,anchor_house,SUN|MOON|MERCURY|JUPITER,swiss_ephemeris,LEO_CLUSTER:2026-08-12|MERCURY:JUPITER:0:2026-08-15,around_day,LEO_GROWTH,2026_08_MERCURY_JUPITER_CONJUNCTION,40,100,実力に見合う評価と報酬を整える時,{event_date}前後は、仕事上の評価や肩書きが、自分の実力、収入、時間の価値に見合っているかを考え直す機会が増えます。ソーラー10ハウスの社会的役割が、ネイタル2ハウスでは報酬、技能の値づけ、所有する資源として具体化します。{secondary_event_date}頃は期待額だけを先行させず、成果と継続できる責任範囲を根拠に条件を整えましょう。,stellium;leo;sun;moon;mercury;jupiter,1
2026_08_LEO_STELLIUM_S10_N03,2026_08_LEO_STELLIUM,2026-08,same_sign_cluster,2026-08-10T00:00:00+09:00,2026-08-12T09:00:00+09:00,2026-08-15T23:59:59+09:00,0,SUN|MOON|MERCURY|JUPITER,SUN:LEO|MOON:LEO|MERCURY:LEO|JUPITER:LEO,MOON-JUPITER:0|SUN-MOON:0|MERCURY-JUPITER:0,6,4,three_plus,JUPITER,10,3,anchor_house,SUN|MOON|MERCURY|JUPITER,swiss_ephemeris,LEO_CLUSTER:2026-08-12|MERCURY:JUPITER:0:2026-08-15,around_day,LEO_GROWTH,2026_08_MERCURY_JUPITER_CONJUNCTION,40,100,言葉と提案が仕事の評価を動かす時,{event_date}前後は、説明、提案、発表、重要な連絡が人の目に留まり、仕事上の評価へつながりやすくなります。ソーラー10ハウスの公的な役割が、ネイタル3ハウスでは文章、会話、資料、身近な情報を伝える力として表れます。{secondary_event_date}頃は印象的な言葉だけで進めず、根拠、期限、次の手順まで明確にしてください。,stellium;leo;sun;moon;mercury;jupiter,1
2026_08_LEO_STELLIUM_S10_N04,2026_08_LEO_STELLIUM,2026-08,same_sign_cluster,2026-08-10T00:00:00+09:00,2026-08-12T09:00:00+09:00,2026-08-15T23:59:59+09:00,0,SUN|MOON|MERCURY|JUPITER,SUN:LEO|MOON:LEO|MERCURY:LEO|JUPITER:LEO,MOON-JUPITER:0|SUN-MOON:0|MERCURY-JUPITER:0,6,4,three_plus,JUPITER,10,4,anchor_house,SUN|MOON|MERCURY|JUPITER,swiss_ephemeris,LEO_CLUSTER:2026-08-12|MERCURY:JUPITER:0:2026-08-15,around_day,LEO_GROWTH,2026_08_MERCURY_JUPITER_CONJUNCTION,40,100,生活の土台から仕事の目標を整える,{event_date}前後は、仕事上の目標を前へ進めるほど、住まい、家族、安心して休める環境の重要さもはっきりします。ソーラー10ハウスの社会的責任が、ネイタル4ハウスでは家庭の基盤、私生活との釣り合い、長く働くための居場所として現れます。{secondary_event_date}頃は外の評価だけで予定を決めず、生活側で守る条件も先に整えましょう。,stellium;leo;sun;moon;mercury;jupiter,1
2026_08_LEO_STELLIUM_S10_N05,2026_08_LEO_STELLIUM,2026-08,same_sign_cluster,2026-08-10T00:00:00+09:00,2026-08-12T09:00:00+09:00,2026-08-15T23:59:59+09:00,0,SUN|MOON|MERCURY|JUPITER,SUN:LEO|MOON:LEO|MERCURY:LEO|JUPITER:LEO,MOON-JUPITER:0|SUN-MOON:0|MERCURY-JUPITER:0,6,4,three_plus,JUPITER,10,5,anchor_house,SUN|MOON|MERCURY|JUPITER,swiss_ephemeris,LEO_CLUSTER:2026-08-12|MERCURY:JUPITER:0:2026-08-15,around_day,LEO_GROWTH,2026_08_MERCURY_JUPITER_CONJUNCTION,40,100,創造性を仕事の看板へ育てる時,{event_date}前後は、作品、企画、個性を公の場で示したい気持ちが高まり、創造性を仕事の強みへ変える機会が増えます。ソーラー10ハウスの評価と目標が、ネイタル5ハウスでは自己表現、楽しみ、人を惹きつける成果として表れます。{secondary_event_date}頃は注目の大きさより、自分らしさと責任を両立できる一つの作品を仕上げてください。,stellium;leo;sun;moon;mercury;jupiter,1
2026_08_LEO_STELLIUM_S10_N06,2026_08_LEO_STELLIUM,2026-08,same_sign_cluster,2026-08-10T00:00:00+09:00,2026-08-12T09:00:00+09:00,2026-08-15T23:59:59+09:00,0,SUN|MOON|MERCURY|JUPITER,SUN:LEO|MOON:LEO|MERCURY:LEO|JUPITER:LEO,MOON-JUPITER:0|SUN-MOON:0|MERCURY-JUPITER:0,6,4,three_plus,JUPITER,10,6,anchor_house,SUN|MOON|MERCURY|JUPITER,swiss_ephemeris,LEO_CLUSTER:2026-08-12|MERCURY:JUPITER:0:2026-08-15,around_day,LEO_GROWTH,2026_08_MERCURY_JUPITER_CONJUNCTION,40,100,日々の実務が大きな評価につながる,{event_date}前後は、毎日の仕事ぶり、技能、周囲への支援が目に留まり、今後の役割や評価を支える材料になります。ソーラー10ハウスの社会的目標が、ネイタル6ハウスでは業務手順、担当範囲、継続して成果を出す力として具体化します。{secondary_event_date}頃は有能さを示すために抱え込まず、再現できる仕組みと現実的な仕事量を整えましょう。,stellium;leo;sun;moon;mercury;jupiter,1
2026_08_LEO_STELLIUM_S10_N07,2026_08_LEO_STELLIUM,2026-08,same_sign_cluster,2026-08-10T00:00:00+09:00,2026-08-12T09:00:00+09:00,2026-08-15T23:59:59+09:00,0,SUN|MOON|MERCURY|JUPITER,SUN:LEO|MOON:LEO|MERCURY:LEO|JUPITER:LEO,MOON-JUPITER:0|SUN-MOON:0|MERCURY-JUPITER:0,6,4,three_plus,JUPITER,10,7,anchor_house,SUN|MOON|MERCURY|JUPITER,swiss_ephemeris,LEO_CLUSTER:2026-08-12|MERCURY:JUPITER:0:2026-08-15,around_day,LEO_GROWTH,2026_08_MERCURY_JUPITER_CONJUNCTION,40,100,公の協力関係が仕事の道を広げる時,{event_date}前後は、仕事上の提携、顧客との契約、重要な相手からの推薦が、社会的な道を広げるきっかけになります。ソーラー10ハウスの立場と評価が、ネイタル7ハウスでは誰と組み、どの責任を共有するかという形で現れます。{secondary_event_date}頃は華やかな可能性だけで決めず、役割、成果、期限を互いに確認してください。,stellium;leo;sun;moon;mercury;jupiter,1
2026_08_LEO_STELLIUM_S10_N08,2026_08_LEO_STELLIUM,2026-08,same_sign_cluster,2026-08-10T00:00:00+09:00,2026-08-12T09:00:00+09:00,2026-08-15T23:59:59+09:00,0,SUN|MOON|MERCURY|JUPITER,SUN:LEO|MOON:LEO|MERCURY:LEO|JUPITER:LEO,MOON-JUPITER:0|SUN-MOON:0|MERCURY-JUPITER:0,6,4,three_plus,JUPITER,10,8,anchor_house,SUN|MOON|MERCURY|JUPITER,swiss_ephemeris,LEO_CLUSTER:2026-08-12|MERCURY:JUPITER:0:2026-08-15,around_day,LEO_GROWTH,2026_08_MERCURY_JUPITER_CONJUNCTION,40,100,大きな権限と共有責任を整える時,{event_date}前後は、組織の資金、重要な引き継ぎ、他者の情報など、影響の大きな資源を扱う責任が焦点になります。ソーラー10ハウスの権限と評価が、ネイタル8ハウスでは共同資金、秘密、信頼に基づく決定として現れます。{secondary_event_date}頃は肩書きだけで進めず、決定権、確認者、説明責任の範囲を明確にしましょう。,stellium;leo;sun;moon;mercury;jupiter,1
2026_08_LEO_STELLIUM_S10_N09,2026_08_LEO_STELLIUM,2026-08,same_sign_cluster,2026-08-10T00:00:00+09:00,2026-08-12T09:00:00+09:00,2026-08-15T23:59:59+09:00,0,SUN|MOON|MERCURY|JUPITER,SUN:LEO|MOON:LEO|MERCURY:LEO|JUPITER:LEO,MOON-JUPITER:0|SUN-MOON:0|MERCURY-JUPITER:0,6,4,three_plus,JUPITER,10,9,anchor_house,SUN|MOON|MERCURY|JUPITER,swiss_ephemeris,LEO_CLUSTER:2026-08-12|MERCURY:JUPITER:0:2026-08-15,around_day,LEO_GROWTH,2026_08_MERCURY_JUPITER_CONJUNCTION,40,100,専門性を社会へ届ける役割が広がる,{event_date}前後は、専門知識、教育、出版、遠方で得た経験を、社会へ伝える役割が大きく広がります。ソーラー10ハウスの公的な目標が、ネイタル9ハウスでは指導、研究、異なる文化をつなぐ責任として表れます。{secondary_event_date}頃は知識を大きく見せるより、根拠と自分が実際に担える範囲を示してください。,stellium;leo;sun;moon;mercury;jupiter,1
2026_08_LEO_STELLIUM_S10_N10,2026_08_LEO_STELLIUM,2026-08,same_sign_cluster,2026-08-10T00:00:00+09:00,2026-08-12T09:00:00+09:00,2026-08-15T23:59:59+09:00,0,SUN|MOON|MERCURY|JUPITER,SUN:LEO|MOON:LEO|MERCURY:LEO|JUPITER:LEO,MOON-JUPITER:0|SUN-MOON:0|MERCURY-JUPITER:0,6,4,three_plus,JUPITER,10,10,anchor_house,SUN|MOON|MERCURY|JUPITER,swiss_ephemeris,LEO_CLUSTER:2026-08-12|MERCURY:JUPITER:0:2026-08-15,around_day,LEO_GROWTH,2026_08_MERCURY_JUPITER_CONJUNCTION,40,100,仕事の目標と社会的役割が動く集中期,{event_date}前後は、仕事、評価、肩書き、将来の目標が一度に強く意識され、自分が社会で何を担うのかが大きな主題になります。ソーラー10ハウスとネイタル10ハウスが重なり、成果を示すことも、役割を選び直すことも前へ進みやすくなります。{secondary_event_date}頃は責任を広げすぎず、最も重要な目標と判断基準を一つ定めてください。,stellium;leo;sun;moon;mercury;jupiter,1
2026_08_LEO_STELLIUM_S10_N11,2026_08_LEO_STELLIUM,2026-08,same_sign_cluster,2026-08-10T00:00:00+09:00,2026-08-12T09:00:00+09:00,2026-08-15T23:59:59+09:00,0,SUN|MOON|MERCURY|JUPITER,SUN:LEO|MOON:LEO|MERCURY:LEO|JUPITER:LEO,MOON-JUPITER:0|SUN-MOON:0|MERCURY-JUPITER:0,6,4,three_plus,JUPITER,10,11,anchor_house,SUN|MOON|MERCURY|JUPITER,swiss_ephemeris,LEO_CLUSTER:2026-08-12|MERCURY:JUPITER:0:2026-08-15,around_day,LEO_GROWTH,2026_08_MERCURY_JUPITER_CONJUNCTION,40,100,仲間との目標が仕事の未来を広げる,{event_date}前後は、仲間や組織との共同目標が、仕事の立場や将来の方向へつながりやすくなります。ソーラー10ハウスの社会的役割が、ネイタル11ハウスではチームでの評価、長期計画、コミュニティへの貢献として広がります。{secondary_event_date}頃は全員の期待を背負わず、自分が責任を持てる役割と成果を明確にしてください。,stellium;leo;sun;moon;mercury;jupiter,1
2026_08_LEO_STELLIUM_S10_N12,2026_08_LEO_STELLIUM,2026-08,same_sign_cluster,2026-08-10T00:00:00+09:00,2026-08-12T09:00:00+09:00,2026-08-15T23:59:59+09:00,0,SUN|MOON|MERCURY|JUPITER,SUN:LEO|MOON:LEO|MERCURY:LEO|JUPITER:LEO,MOON-JUPITER:0|SUN-MOON:0|MERCURY-JUPITER:0,6,4,three_plus,JUPITER,10,12,anchor_house,SUN|MOON|MERCURY|JUPITER,swiss_ephemeris,LEO_CLUSTER:2026-08-12|MERCURY:JUPITER:0:2026-08-15,around_day,LEO_GROWTH,2026_08_MERCURY_JUPITER_CONJUNCTION,40,100,水面下の準備が次の役割を支える時,{event_date}前後は、公に示す成果の裏で、準備、振り返り、誰にも見えない責任を整える時間が重要になります。ソーラー10ハウスの目標と評価が、ネイタル12ハウスでは裏方の仕事、未公開の計画、役割を終えるための整理として現れます。{secondary_event_date}頃は評価を急いで外へ出ず、次に担う仕事のための余白と下地を作ってください。,stellium;leo;sun;moon;mercury;jupiter,1
2026_08_LEO_STELLIUM_S11_N01,2026_08_LEO_STELLIUM,2026-08,same_sign_cluster,2026-08-10T00:00:00+09:00,2026-08-12T09:00:00+09:00,2026-08-15T23:59:59+09:00,0,SUN|MOON|MERCURY|JUPITER,SUN:LEO|MOON:LEO|MERCURY:LEO|JUPITER:LEO,MOON-JUPITER:0|SUN-MOON:0|MERCURY-JUPITER:0,6,4,three_plus,JUPITER,11,1,anchor_house,SUN|MOON|MERCURY|JUPITER,swiss_ephemeris,LEO_CLUSTER:2026-08-12|MERCURY:JUPITER:0:2026-08-15,around_day,LEO_GROWTH,2026_08_MERCURY_JUPITER_CONJUNCTION,40,100,新しい仲間が自分の可能性を映し出す,{event_date}前後は、仲間や新しい集まりとの交流を通して、自分がどんな未来へ進みたいのかが見えやすくなります。ソーラー11ハウスの共同目標が、ネイタル1ハウスでは自己表現、振る舞い、先頭に立つ行動として表れます。{secondary_event_date}頃は周囲に合わせて役を演じず、自分らしく貢献できる立場を一つ選んでください。,stellium;leo;sun;moon;mercury;jupiter,1
2026_08_LEO_STELLIUM_S11_N02,2026_08_LEO_STELLIUM,2026-08,same_sign_cluster,2026-08-10T00:00:00+09:00,2026-08-12T09:00:00+09:00,2026-08-15T23:59:59+09:00,0,SUN|MOON|MERCURY|JUPITER,SUN:LEO|MOON:LEO|MERCURY:LEO|JUPITER:LEO,MOON-JUPITER:0|SUN-MOON:0|MERCURY-JUPITER:0,6,4,three_plus,JUPITER,11,2,anchor_house,SUN|MOON|MERCURY|JUPITER,swiss_ephemeris,LEO_CLUSTER:2026-08-12|MERCURY:JUPITER:0:2026-08-15,around_day,LEO_GROWTH,2026_08_MERCURY_JUPITER_CONJUNCTION,40,100,共通の価値から資源と仲間を集める時,{event_date}前後は、価値観を共有できる仲間とのつながりから、資金、道具、技能を活かす新しい方法が見つかりやすくなります。ソーラー11ハウスの人脈と未来計画が、ネイタル2ハウスでは収入、所有物、自己価値を支える協力として現れます。{secondary_event_date}頃は期待だけで資源を差し出さず、負担と見返りを具体的に確かめましょう。,stellium;leo;sun;moon;mercury;jupiter,1
2026_08_LEO_STELLIUM_S11_N03,2026_08_LEO_STELLIUM,2026-08,same_sign_cluster,2026-08-10T00:00:00+09:00,2026-08-12T09:00:00+09:00,2026-08-15T23:59:59+09:00,0,SUN|MOON|MERCURY|JUPITER,SUN:LEO|MOON:LEO|MERCURY:LEO|JUPITER:LEO,MOON-JUPITER:0|SUN-MOON:0|MERCURY-JUPITER:0,6,4,three_plus,JUPITER,11,3,anchor_house,SUN|MOON|MERCURY|JUPITER,swiss_ephemeris,LEO_CLUSTER:2026-08-12|MERCURY:JUPITER:0:2026-08-15,around_day,LEO_GROWTH,2026_08_MERCURY_JUPITER_CONJUNCTION,40,100,情報交換から未来の計画が動き出す,{event_date}前後は、仲間との会話、オンライン上の交流、紹介から情報が集まり、未来の計画へ新しい案が加わります。ソーラー11ハウスのネットワークが、ネイタル3ハウスでは連絡、発信、学び、身近な人をつなぐ役割として現れます。{secondary_event_date}頃は話題を広げすぎず、実行へ移す案と連絡先を一つずつ整理してください。,stellium;leo;sun;moon;mercury;jupiter,1
2026_08_LEO_STELLIUM_S11_N04,2026_08_LEO_STELLIUM,2026-08,same_sign_cluster,2026-08-10T00:00:00+09:00,2026-08-12T09:00:00+09:00,2026-08-15T23:59:59+09:00,0,SUN|MOON|MERCURY|JUPITER,SUN:LEO|MOON:LEO|MERCURY:LEO|JUPITER:LEO,MOON-JUPITER:0|SUN-MOON:0|MERCURY-JUPITER:0,6,4,three_plus,JUPITER,11,4,anchor_house,SUN|MOON|MERCURY|JUPITER,swiss_ephemeris,LEO_CLUSTER:2026-08-12|MERCURY:JUPITER:0:2026-08-15,around_day,LEO_GROWTH,2026_08_MERCURY_JUPITER_CONJUNCTION,40,100,安心できる仲間と居場所を育てる時,{event_date}前後は、友人や共同体とのつながりが、家族とは別の安心できる居場所として育ちやすくなります。ソーラー11ハウスの仲間と未来が、ネイタル4ハウスでは家に人を迎えること、生活の知恵を共有すること、心の土台を支える関係として現れます。{secondary_event_date}頃は無理に輪を広げず、安心を分かち合える人との時間を大切にしましょう。,stellium;leo;sun;moon;mercury;jupiter,1
2026_08_LEO_STELLIUM_S11_N05,2026_08_LEO_STELLIUM,2026-08,same_sign_cluster,2026-08-10T00:00:00+09:00,2026-08-12T09:00:00+09:00,2026-08-15T23:59:59+09:00,0,SUN|MOON|MERCURY|JUPITER,SUN:LEO|MOON:LEO|MERCURY:LEO|JUPITER:LEO,MOON-JUPITER:0|SUN-MOON:0|MERCURY-JUPITER:0,6,4,three_plus,JUPITER,11,5,anchor_house,SUN|MOON|MERCURY|JUPITER,swiss_ephemeris,LEO_CLUSTER:2026-08-12|MERCURY:JUPITER:0:2026-08-15,around_day,LEO_GROWTH,2026_08_MERCURY_JUPITER_CONJUNCTION,40,100,仲間との創作が喜びと未来を広げる,{event_date}前後は、友人と楽しみを共有したり、個人の作品を共同企画へ広げたりする力が高まります。ソーラー11ハウスの仲間と目標が、ネイタル5ハウスでは創作、遊び、恋愛、自己表現を通した明るいつながりとして現れます。{secondary_event_date}頃は皆の反応を追いすぎず、自分の個性が活きる役割を選んでください。,stellium;leo;sun;moon;mercury;jupiter,1
2026_08_LEO_STELLIUM_S11_N06,2026_08_LEO_STELLIUM,2026-08,same_sign_cluster,2026-08-10T00:00:00+09:00,2026-08-12T09:00:00+09:00,2026-08-15T23:59:59+09:00,0,SUN|MOON|MERCURY|JUPITER,SUN:LEO|MOON:LEO|MERCURY:LEO|JUPITER:LEO,MOON-JUPITER:0|SUN-MOON:0|MERCURY-JUPITER:0,6,4,three_plus,JUPITER,11,6,anchor_house,SUN|MOON|MERCURY|JUPITER,swiss_ephemeris,LEO_CLUSTER:2026-08-12|MERCURY:JUPITER:0:2026-08-15,around_day,LEO_GROWTH,2026_08_MERCURY_JUPITER_CONJUNCTION,40,100,チームの未来を実務から支える時,{event_date}前後は、仲間と進める計画について、担当、日程、実際の作業を整える力が高まります。ソーラー11ハウスの共同目標が、ネイタル6ハウスではチーム運営、日々の実務、周囲を支える技能として具体化します。{secondary_event_date}頃は全体へ尽くしすぎず、自分が継続して担える作業量と役割を明確にしてください。,stellium;leo;sun;moon;mercury;jupiter,1
2026_08_LEO_STELLIUM_S11_N07,2026_08_LEO_STELLIUM,2026-08,same_sign_cluster,2026-08-10T00:00:00+09:00,2026-08-12T09:00:00+09:00,2026-08-15T23:59:59+09:00,0,SUN|MOON|MERCURY|JUPITER,SUN:LEO|MOON:LEO|MERCURY:LEO|JUPITER:LEO,MOON-JUPITER:0|SUN-MOON:0|MERCURY-JUPITER:0,6,4,three_plus,JUPITER,11,7,anchor_house,SUN|MOON|MERCURY|JUPITER,swiss_ephemeris,LEO_CLUSTER:2026-08-12|MERCURY:JUPITER:0:2026-08-15,around_day,LEO_GROWTH,2026_08_MERCURY_JUPITER_CONJUNCTION,40,100,仲間の輪から重要な協力関係が育つ,{event_date}前後は、友人の紹介や共同企画を通して、長く協力できる相手との関係が育ちやすくなります。ソーラー11ハウスの人脈と未来計画が、ネイタル7ハウスでは契約、パートナーシップ、対等な連携として現れます。{secondary_event_date}頃は周囲の期待で関係を決めず、二人が共有したい目標と責任を直接確かめましょう。,stellium;leo;sun;moon;mercury;jupiter,1
2026_08_LEO_STELLIUM_S11_N08,2026_08_LEO_STELLIUM,2026-08,same_sign_cluster,2026-08-10T00:00:00+09:00,2026-08-12T09:00:00+09:00,2026-08-15T23:59:59+09:00,0,SUN|MOON|MERCURY|JUPITER,SUN:LEO|MOON:LEO|MERCURY:LEO|JUPITER:LEO,MOON-JUPITER:0|SUN-MOON:0|MERCURY-JUPITER:0,6,4,three_plus,JUPITER,11,8,anchor_house,SUN|MOON|MERCURY|JUPITER,swiss_ephemeris,LEO_CLUSTER:2026-08-12|MERCURY:JUPITER:0:2026-08-15,around_day,LEO_GROWTH,2026_08_MERCURY_JUPITER_CONJUNCTION,40,100,共同資源と仲間の信頼を整える時,{event_date}前後は、仲間や組織と共有する資金、情報、支援の扱いが、共同計画の信頼を左右します。ソーラー11ハウスのグループ活動が、ネイタル8ハウスでは共同資金、秘密、引き継ぎ、互いに背負う責任として現れます。{secondary_event_date}頃は目的の熱さだけで進めず、管理者、使用範囲、報告方法を具体的に決めましょう。,stellium;leo;sun;moon;mercury;jupiter,1
2026_08_LEO_STELLIUM_S11_N09,2026_08_LEO_STELLIUM,2026-08,same_sign_cluster,2026-08-10T00:00:00+09:00,2026-08-12T09:00:00+09:00,2026-08-15T23:59:59+09:00,0,SUN|MOON|MERCURY|JUPITER,SUN:LEO|MOON:LEO|MERCURY:LEO|JUPITER:LEO,MOON-JUPITER:0|SUN-MOON:0|MERCURY-JUPITER:0,6,4,three_plus,JUPITER,11,9,anchor_house,SUN|MOON|MERCURY|JUPITER,swiss_ephemeris,LEO_CLUSTER:2026-08-12|MERCURY:JUPITER:0:2026-08-15,around_day,LEO_GROWTH,2026_08_MERCURY_JUPITER_CONJUNCTION,40,100,広い世界の仲間と理想を育てる時,{event_date}前後は、異なる地域や専門分野の人との交流から、共同で目指したい未来や学びのテーマが広がります。ソーラー11ハウスの仲間と希望が、ネイタル9ハウスでは国境や分野を越えた共同体、専門知識、長期的な理想として現れます。{secondary_event_date}頃は壮大な話だけで終わらせず、共有する学びや行動を一つ決めましょう。,stellium;leo;sun;moon;mercury;jupiter,1
2026_08_LEO_STELLIUM_S11_N10,2026_08_LEO_STELLIUM,2026-08,same_sign_cluster,2026-08-10T00:00:00+09:00,2026-08-12T09:00:00+09:00,2026-08-15T23:59:59+09:00,0,SUN|MOON|MERCURY|JUPITER,SUN:LEO|MOON:LEO|MERCURY:LEO|JUPITER:LEO,MOON-JUPITER:0|SUN-MOON:0|MERCURY-JUPITER:0,6,4,three_plus,JUPITER,11,10,anchor_house,SUN|MOON|MERCURY|JUPITER,swiss_ephemeris,LEO_CLUSTER:2026-08-12|MERCURY:JUPITER:0:2026-08-15,around_day,LEO_GROWTH,2026_08_MERCURY_JUPITER_CONJUNCTION,40,100,人脈と共同目標が仕事の未来を動かす,{event_date}前後は、仲間や組織との共同目標が、仕事の立場、評価、将来の方向へつながりやすくなります。ソーラー11ハウスの人脈と未来計画が、ネイタル10ハウスではチームで担う公的な役割や社会への貢献として現れます。{secondary_event_date}頃は全員の期待を背負わず、自分が責任を持てる成果と立場を明確にしてください。,stellium;leo;sun;moon;mercury;jupiter,1
2026_08_LEO_STELLIUM_S11_N11,2026_08_LEO_STELLIUM,2026-08,same_sign_cluster,2026-08-10T00:00:00+09:00,2026-08-12T09:00:00+09:00,2026-08-15T23:59:59+09:00,0,SUN|MOON|MERCURY|JUPITER,SUN:LEO|MOON:LEO|MERCURY:LEO|JUPITER:LEO,MOON-JUPITER:0|SUN-MOON:0|MERCURY-JUPITER:0,6,4,three_plus,JUPITER,11,11,anchor_house,SUN|MOON|MERCURY|JUPITER,swiss_ephemeris,LEO_CLUSTER:2026-08-12|MERCURY:JUPITER:0:2026-08-15,around_day,LEO_GROWTH,2026_08_MERCURY_JUPITER_CONJUNCTION,40,100,仲間と未来の可能性を大きく広げる,{event_date}前後は、友人、人脈、共同目標が一度に活気づき、未来へ向けた選択肢が大きく広がります。ソーラー11ハウスとネイタル11ハウスが重なり、仲間を集めることも、長期計画を共有することも前へ進みやすくなります。{secondary_event_date}頃は全ての誘いを可能性と捉えず、本当に実現したい一つの目標へ人と力を集めてください。,stellium;leo;sun;moon;mercury;jupiter,1
2026_08_LEO_STELLIUM_S11_N12,2026_08_LEO_STELLIUM,2026-08,same_sign_cluster,2026-08-10T00:00:00+09:00,2026-08-12T09:00:00+09:00,2026-08-15T23:59:59+09:00,0,SUN|MOON|MERCURY|JUPITER,SUN:LEO|MOON:LEO|MERCURY:LEO|JUPITER:LEO,MOON-JUPITER:0|SUN-MOON:0|MERCURY-JUPITER:0,6,4,three_plus,JUPITER,11,12,anchor_house,SUN|MOON|MERCURY|JUPITER,swiss_ephemeris,LEO_CLUSTER:2026-08-12|MERCURY:JUPITER:0:2026-08-15,around_day,LEO_GROWTH,2026_08_MERCURY_JUPITER_CONJUNCTION,40,100,静かなつながりが未来の種を育てる,{event_date}前後は、表立った交流よりも、静かな協力者やまだ公にしていない未来の計画へ意識が向かいます。ソーラー11ハウスの希望と人脈が、ネイタル12ハウスでは水面下の支援、内密な準備、一人で育てる長期構想として現れます。{secondary_event_date}頃は孤立と準備を混同せず、信頼できる相手にだけ必要な助けを求めてください。,stellium;leo;sun;moon;mercury;jupiter,1
2026_08_LEO_STELLIUM_S12_N01,2026_08_LEO_STELLIUM,2026-08,same_sign_cluster,2026-08-10T00:00:00+09:00,2026-08-12T09:00:00+09:00,2026-08-15T23:59:59+09:00,0,SUN|MOON|MERCURY|JUPITER,SUN:LEO|MOON:LEO|MERCURY:LEO|JUPITER:LEO,MOON-JUPITER:0|SUN-MOON:0|MERCURY-JUPITER:0,6,4,three_plus,JUPITER,12,1,anchor_house,SUN|MOON|MERCURY|JUPITER,swiss_ephemeris,LEO_CLUSTER:2026-08-12|MERCURY:JUPITER:0:2026-08-15,around_day,LEO_GROWTH,2026_08_MERCURY_JUPITER_CONJUNCTION,40,100,静かな準備が新しい自分を育てる時,{event_date}前後は、外へ強く打ち出すより、一人で考え、休み、次に向けた自分を内側から整える力が高まります。ソーラー12ハウスの水面下の準備が、ネイタル1ハウスでは自己像、身体感覚、今後の振る舞いを静かに更新する時間として現れます。{secondary_event_date}頃は変化を急いで見せず、自分だけが分かる小さな回復と決意を大切にしてください。,stellium;leo;sun;moon;mercury;jupiter,1
2026_08_LEO_STELLIUM_S12_N02,2026_08_LEO_STELLIUM,2026-08,same_sign_cluster,2026-08-10T00:00:00+09:00,2026-08-12T09:00:00+09:00,2026-08-15T23:59:59+09:00,0,SUN|MOON|MERCURY|JUPITER,SUN:LEO|MOON:LEO|MERCURY:LEO|JUPITER:LEO,MOON-JUPITER:0|SUN-MOON:0|MERCURY-JUPITER:0,6,4,three_plus,JUPITER,12,2,anchor_house,SUN|MOON|MERCURY|JUPITER,swiss_ephemeris,LEO_CLUSTER:2026-08-12|MERCURY:JUPITER:0:2026-08-15,around_day,LEO_GROWTH,2026_08_MERCURY_JUPITER_CONJUNCTION,40,100,見えない消耗を減らし価値を守る時,{event_date}前後は、気づかないうちに使っていたお金、時間、気力を見直し、自分のために資源を残す必要が高まります。ソーラー12ハウスの整理と手放しが、ネイタル2ハウスでは隠れた出費、報われにくい努力、自己価値を守る選択として現れます。{secondary_event_date}頃は新しく増やすより、続ける意味の薄い負担を一つ止めましょう。,stellium;leo;sun;moon;mercury;jupiter,1
2026_08_LEO_STELLIUM_S12_N03,2026_08_LEO_STELLIUM,2026-08,same_sign_cluster,2026-08-10T00:00:00+09:00,2026-08-12T09:00:00+09:00,2026-08-15T23:59:59+09:00,0,SUN|MOON|MERCURY|JUPITER,SUN:LEO|MOON:LEO|MERCURY:LEO|JUPITER:LEO,MOON-JUPITER:0|SUN-MOON:0|MERCURY-JUPITER:0,6,4,three_plus,JUPITER,12,3,anchor_house,SUN|MOON|MERCURY|JUPITER,swiss_ephemeris,LEO_CLUSTER:2026-08-12|MERCURY:JUPITER:0:2026-08-15,around_day,LEO_GROWTH,2026_08_MERCURY_JUPITER_CONJUNCTION,40,100,言葉にならない考えを静かにまとめる,{event_date}前後は、外へ発信する言葉より、まだ形にならない考え、記憶、直感が内側で結びつきやすくなります。ソーラー12ハウスの内省が、ネイタル3ハウスでは日記、下書き、静かな学習、連絡を整理する時間として現れます。{secondary_event_date}頃は情報を詰め込みすぎず、あとで使いたい着想だけを自分の言葉で残してください。,stellium;leo;sun;moon;mercury;jupiter,1
2026_08_LEO_STELLIUM_S12_N04,2026_08_LEO_STELLIUM,2026-08,same_sign_cluster,2026-08-10T00:00:00+09:00,2026-08-12T09:00:00+09:00,2026-08-15T23:59:59+09:00,0,SUN|MOON|MERCURY|JUPITER,SUN:LEO|MOON:LEO|MERCURY:LEO|JUPITER:LEO,MOON-JUPITER:0|SUN-MOON:0|MERCURY-JUPITER:0,6,4,three_plus,JUPITER,12,4,anchor_house,SUN|MOON|MERCURY|JUPITER,swiss_ephemeris,LEO_CLUSTER:2026-08-12|MERCURY:JUPITER:0:2026-08-15,around_day,LEO_GROWTH,2026_08_MERCURY_JUPITER_CONJUNCTION,40,100,静かな居場所で家族の記憶を整える,{event_date}前後は、人に見せる暮らしより、一人で安心して戻れる場所や、心に残る家族の記憶へ意識が向かいます。ソーラー12ハウスの休息と完了が、ネイタル4ハウスでは住まいの整理、家族との静かな距離、過去を受け止め直す時間として現れます。{secondary_event_date}頃は答えを急がず、家の中に何もしなくてよい余白を作ってください。,stellium;leo;sun;moon;mercury;jupiter,1
2026_08_LEO_STELLIUM_S12_N05,2026_08_LEO_STELLIUM,2026-08,same_sign_cluster,2026-08-10T00:00:00+09:00,2026-08-12T09:00:00+09:00,2026-08-15T23:59:59+09:00,0,SUN|MOON|MERCURY|JUPITER,SUN:LEO|MOON:LEO|MERCURY:LEO|JUPITER:LEO,MOON-JUPITER:0|SUN-MOON:0|MERCURY-JUPITER:0,6,4,three_plus,JUPITER,12,5,anchor_house,SUN|MOON|MERCURY|JUPITER,swiss_ephemeris,LEO_CLUSTER:2026-08-12|MERCURY:JUPITER:0:2026-08-15,around_day,LEO_GROWTH,2026_08_MERCURY_JUPITER_CONJUNCTION,40,100,静かな場所で可能性が膨らむ集中期,{event_date}前後は太陽・月・水星・木星が獅子座に集まり、創作意欲や楽しみ、次に試したいことが水面下で大きく育ちます。外へ発表する力がまだ十分でなくても、心が反応するものを集め、誰にも見せない下書きや試作を重ねるには濃密な期間です。{secondary_event_date}頃には考えの広がりも強まるため、結論より可能性を保存するとよいでしょう。,stellium;leo;sun;moon;mercury;jupiter,1
2026_08_LEO_STELLIUM_S12_N06,2026_08_LEO_STELLIUM,2026-08,same_sign_cluster,2026-08-10T00:00:00+09:00,2026-08-12T09:00:00+09:00,2026-08-15T23:59:59+09:00,0,SUN|MOON|MERCURY|JUPITER,SUN:LEO|MOON:LEO|MERCURY:LEO|JUPITER:LEO,MOON-JUPITER:0|SUN-MOON:0|MERCURY-JUPITER:0,6,4,three_plus,JUPITER,12,6,anchor_house,SUN|MOON|MERCURY|JUPITER,swiss_ephemeris,LEO_CLUSTER:2026-08-12|MERCURY:JUPITER:0:2026-08-15,around_day,LEO_GROWTH,2026_08_MERCURY_JUPITER_CONJUNCTION,40,100,見えない仕事を整理し休息を守る時,{event_date}前後は、裏方の準備、終わっていない作業、無意識に続けてきた習慣を整理する必要が高まります。ソーラー12ハウスの完了と休息が、ネイタル6ハウスでは日々の仕事、生活リズム、誰にも見えない気遣いを見直す時間として現れます。{secondary_event_date}頃は空いた時間へ予定を詰めず、終える作業と休む時間を先に決めてください。,stellium;leo;sun;moon;mercury;jupiter,1
2026_08_LEO_STELLIUM_S12_N07,2026_08_LEO_STELLIUM,2026-08,same_sign_cluster,2026-08-10T00:00:00+09:00,2026-08-12T09:00:00+09:00,2026-08-15T23:59:59+09:00,0,SUN|MOON|MERCURY|JUPITER,SUN:LEO|MOON:LEO|MERCURY:LEO|JUPITER:LEO,MOON-JUPITER:0|SUN-MOON:0|MERCURY-JUPITER:0,6,4,three_plus,JUPITER,12,7,anchor_house,SUN|MOON|MERCURY|JUPITER,swiss_ephemeris,LEO_CLUSTER:2026-08-12|MERCURY:JUPITER:0:2026-08-15,around_day,LEO_GROWTH,2026_08_MERCURY_JUPITER_CONJUNCTION,40,100,言えなかった関係の思いを見直す時,{event_date}前後は、重要な相手へ言わずにいた期待や、無意識に繰り返してきた関係の癖が見えやすくなります。ソーラー12ハウスの内省が、ネイタル7ハウスでは秘密、投影、静かな支え合い、終わらせるべき約束として現れます。{secondary_event_date}頃は相手の気持ちを決めつけず、自分の思いと確認できる事実を分けて整理してください。,stellium;leo;sun;moon;mercury;jupiter,1
2026_08_LEO_STELLIUM_S12_N08,2026_08_LEO_STELLIUM,2026-08,same_sign_cluster,2026-08-10T00:00:00+09:00,2026-08-12T09:00:00+09:00,2026-08-15T23:59:59+09:00,0,SUN|MOON|MERCURY|JUPITER,SUN:LEO|MOON:LEO|MERCURY:LEO|JUPITER:LEO,MOON-JUPITER:0|SUN-MOON:0|MERCURY-JUPITER:0,6,4,three_plus,JUPITER,12,8,anchor_house,SUN|MOON|MERCURY|JUPITER,swiss_ephemeris,LEO_CLUSTER:2026-08-12|MERCURY:JUPITER:0:2026-08-15,around_day,LEO_GROWTH,2026_08_MERCURY_JUPITER_CONJUNCTION,40,100,心の奥に残る共有負担を手放す時,{event_date}前後は、長く抱えてきた秘密、共同責任、誰かへの見えない負担を深いところから整理したい気持ちが強まります。ソーラー12ハウスの手放しが、ネイタル8ハウスでは共有資金、親密さ、罪悪感、受け継いだ課題を静かに見直す時間として現れます。{secondary_event_date}頃は一人で償おうとせず、自分が背負わなくてよいものから距離を置きましょう。,stellium;leo;sun;moon;mercury;jupiter,1
2026_08_LEO_STELLIUM_S12_N09,2026_08_LEO_STELLIUM,2026-08,same_sign_cluster,2026-08-10T00:00:00+09:00,2026-08-12T09:00:00+09:00,2026-08-15T23:59:59+09:00,0,SUN|MOON|MERCURY|JUPITER,SUN:LEO|MOON:LEO|MERCURY:LEO|JUPITER:LEO,MOON-JUPITER:0|SUN-MOON:0|MERCURY-JUPITER:0,6,4,three_plus,JUPITER,12,9,anchor_house,SUN|MOON|MERCURY|JUPITER,swiss_ephemeris,LEO_CLUSTER:2026-08-12|MERCURY:JUPITER:0:2026-08-15,around_day,LEO_GROWTH,2026_08_MERCURY_JUPITER_CONJUNCTION,40,100,静かな探究が心の世界を広げる時,{event_date}前後は、外へ答えを示すより、一人で学び、遠い世界や人生の意味を静かに考える時間が豊かになります。ソーラー12ハウスの内面への集中が、ネイタル9ハウスでは精神的な学び、静かな旅、未公開の研究や執筆として現れます。{secondary_event_date}頃は一つの思想へ逃げ込まず、心に残る問いと根拠をゆっくり記録してください。,stellium;leo;sun;moon;mercury;jupiter,1
2026_08_LEO_STELLIUM_S12_N10,2026_08_LEO_STELLIUM,2026-08,same_sign_cluster,2026-08-10T00:00:00+09:00,2026-08-12T09:00:00+09:00,2026-08-15T23:59:59+09:00,0,SUN|MOON|MERCURY|JUPITER,SUN:LEO|MOON:LEO|MERCURY:LEO|JUPITER:LEO,MOON-JUPITER:0|SUN-MOON:0|MERCURY-JUPITER:0,6,4,three_plus,JUPITER,12,10,anchor_house,SUN|MOON|MERCURY|JUPITER,swiss_ephemeris,LEO_CLUSTER:2026-08-12|MERCURY:JUPITER:0:2026-08-15,around_day,LEO_GROWTH,2026_08_MERCURY_JUPITER_CONJUNCTION,40,100,水面下の準備が次の仕事を支える時,{event_date}前後は、公に示す成果よりも、未公開の計画、役割の引き継ぎ、評価の裏側にある準備が重要になります。ソーラー12ハウスの完了と待機が、ネイタル10ハウスでは裏方の責任、仕事を終える整理、次の立場へ移る下地として現れます。{secondary_event_date}頃は結果を急いで見せず、今の役割で残すものと手放すものを整えてください。,stellium;leo;sun;moon;mercury;jupiter,1
2026_08_LEO_STELLIUM_S12_N11,2026_08_LEO_STELLIUM,2026-08,same_sign_cluster,2026-08-10T00:00:00+09:00,2026-08-12T09:00:00+09:00,2026-08-15T23:59:59+09:00,0,SUN|MOON|MERCURY|JUPITER,SUN:LEO|MOON:LEO|MERCURY:LEO|JUPITER:LEO,MOON-JUPITER:0|SUN-MOON:0|MERCURY-JUPITER:0,6,4,three_plus,JUPITER,12,11,anchor_house,SUN|MOON|MERCURY|JUPITER,swiss_ephemeris,LEO_CLUSTER:2026-08-12|MERCURY:JUPITER:0:2026-08-15,around_day,LEO_GROWTH,2026_08_MERCURY_JUPITER_CONJUNCTION,40,100,まだ見せない未来の計画を育てる時,{event_date}前後は、まだ公にしたくない未来の計画や、少人数で静かに育てたい共同目標へ意識が向かいます。ソーラー12ハウスの水面下の準備が、ネイタル11ハウスでは内密な企画、静かな協力者、長期的な希望の選別として現れます。{secondary_event_date}頃は人脈を広げるより、信頼できる相手と計画の核を固めてください。,stellium;leo;sun;moon;mercury;jupiter,1
2026_08_LEO_STELLIUM_S12_N12,2026_08_LEO_STELLIUM,2026-08,same_sign_cluster,2026-08-10T00:00:00+09:00,2026-08-12T09:00:00+09:00,2026-08-15T23:59:59+09:00,0,SUN|MOON|MERCURY|JUPITER,SUN:LEO|MOON:LEO|MERCURY:LEO|JUPITER:LEO,MOON-JUPITER:0|SUN-MOON:0|MERCURY-JUPITER:0,6,4,three_plus,JUPITER,12,12,anchor_house,SUN|MOON|MERCURY|JUPITER,swiss_ephemeris,LEO_CLUSTER:2026-08-12|MERCURY:JUPITER:0:2026-08-15,around_day,LEO_GROWTH,2026_08_MERCURY_JUPITER_CONJUNCTION,40,100,深い休息の中で一つの周期を終える,{event_date}前後は、外へ向かう力をいったん休め、終わった役割や長く続いた感情を静かに手放す流れが強まります。ソーラー12ハウスとネイタル12ハウスが重なり、夢、無意識、孤独な時間、誰にも見えない回復が大きな主題になります。{secondary_event_date}頃は新しい答えを急がず、何もしない余白を次の始まりに必要な時間として守ってください。,stellium;leo;sun;moon;mercury;jupiter,1
2026_08_FIVE_PLANET_NETWORK_S01_N01,2026_08_FIVE_PLANET_NETWORK,2026-08,aspect_cluster,2026-08-10T00:00:00+09:00,2026-08-12T12:39:00+09:00,2026-08-13T23:59:59+09:00,0,MERCURY|VENUS|URANUS|NEPTUNE|PLUTO,MERCURY:LEO|VENUS:LIBRA|URANUS:GEMINI|NEPTUNE:ARIES|PLUTO:AQUARIUS,MERCURY-PLUTO:180|MERCURY-NEPTUNE:120|MERCURY-URANUS:60|VENUS-NEPTUNE:180|VENUS-URANUS:120|VENUS-PLUTO:120,2,5,not_applicable,MERCURY,1,1,anchor_house,MERCURY|VENUS|URANUS|NEPTUNE|PLUTO,swiss_ephemeris,COMPOSITE:FIVE_PLANET_NETWORK:2026-08-12,around_day,AUG_OUTER_NETWORK,,45,100,新しい自己像を試しながら形にする時,{event_date}前後は、水星と金星が天王星・海王星・冥王星の変化を表面へ運び、話し方、装い、行動の選び方を一度に更新したくなります。ソーラー1ハウスとネイタル1ハウスが重なるため、周囲の反応より自分の身体感覚に合うかどうかが大切です。思いつきをすべて採用せず、小さく試して違和感のない変化だけを残してください。,aspect_cluster;mercury;venus;outer_planets,1
2026_08_FIVE_PLANET_NETWORK_S01_N02,2026_08_FIVE_PLANET_NETWORK,2026-08,aspect_cluster,2026-08-10T00:00:00+09:00,2026-08-12T12:39:00+09:00,2026-08-13T23:59:59+09:00,0,MERCURY|VENUS|URANUS|NEPTUNE|PLUTO,MERCURY:LEO|VENUS:LIBRA|URANUS:GEMINI|NEPTUNE:ARIES|PLUTO:AQUARIUS,MERCURY-PLUTO:180|MERCURY-NEPTUNE:120|MERCURY-URANUS:60|VENUS-NEPTUNE:180|VENUS-URANUS:120|VENUS-PLUTO:120,2,5,not_applicable,MERCURY,1,2,anchor_house,MERCURY|VENUS|URANUS|NEPTUNE|PLUTO,swiss_ephemeris,COMPOSITE:FIVE_PLANET_NETWORK:2026-08-12,around_day,AUG_OUTER_NETWORK,,45,100,自分らしい価値と持ち物を選び直す時,{event_date}前後は、なりたい自分の像が、お金の使い方、持ち物、働く条件の見直しへ直結します。新しい価値観を試したい勢いが強い一方、理想的な話や魅力的な提案を実際以上に評価しやすい時でもあります。購入や契約は急がず、今の自分に本当に必要か、継続して負担にならないかを数字で確かめましょう。,aspect_cluster;mercury;venus;outer_planets,1
2026_08_FIVE_PLANET_NETWORK_S01_N03,2026_08_FIVE_PLANET_NETWORK,2026-08,aspect_cluster,2026-08-10T00:00:00+09:00,2026-08-12T12:39:00+09:00,2026-08-13T23:59:59+09:00,0,MERCURY|VENUS|URANUS|NEPTUNE|PLUTO,MERCURY:LEO|VENUS:LIBRA|URANUS:GEMINI|NEPTUNE:ARIES|PLUTO:AQUARIUS,MERCURY-PLUTO:180|MERCURY-NEPTUNE:120|MERCURY-URANUS:60|VENUS-NEPTUNE:180|VENUS-URANUS:120|VENUS-PLUTO:120,2,5,not_applicable,MERCURY,1,3,anchor_house,MERCURY|VENUS|URANUS|NEPTUNE|PLUTO,swiss_ephemeris,COMPOSITE:FIVE_PLANET_NETWORK:2026-08-12,around_day,AUG_OUTER_NETWORK,,45,100,言葉を刷新し新しい自分を伝える時,{event_date}前後は、考え方と自己表現が同時に切り替わり、これまで言えなかったことを新しい言葉で伝えたくなります。連絡、学習、発信には独創的な着想が増えますが、情報が多すぎると期待と事実を混ぜて話しやすくなります。結論を急ぐ前に要点を短く書き出し、相手に伝わった内容まで確認してください。,aspect_cluster;mercury;venus;outer_planets,1
2026_08_FIVE_PLANET_NETWORK_S01_N04,2026_08_FIVE_PLANET_NETWORK,2026-08,aspect_cluster,2026-08-10T00:00:00+09:00,2026-08-12T12:39:00+09:00,2026-08-13T23:59:59+09:00,0,MERCURY|VENUS|URANUS|NEPTUNE|PLUTO,MERCURY:LEO|VENUS:LIBRA|URANUS:GEMINI|NEPTUNE:ARIES|PLUTO:AQUARIUS,MERCURY-PLUTO:180|MERCURY-NEPTUNE:120|MERCURY-URANUS:60|VENUS-NEPTUNE:180|VENUS-URANUS:120|VENUS-PLUTO:120,2,5,not_applicable,MERCURY,1,4,anchor_house,MERCURY|VENUS|URANUS|NEPTUNE|PLUTO,swiss_ephemeris,COMPOSITE:FIVE_PLANET_NETWORK:2026-08-12,around_day,AUG_OUTER_NETWORK,,45,100,居場所を整え素の自分へ戻っていく時,{event_date}前後は、外で見せる自分を変えたい気持ちが、住まい、家族との距離、安心できる居場所の再編へ向かいます。過去から受け継いだ価値観を脱ぎ、新しい暮らし方を思い描ける一方、感情だけで大きな決定をしやすい面もあります。まず部屋の配置や日々の習慣を一つ変え、心が落ち着くかを確かめてください。,aspect_cluster;mercury;venus;outer_planets,1
2026_08_FIVE_PLANET_NETWORK_S01_N05,2026_08_FIVE_PLANET_NETWORK,2026-08,aspect_cluster,2026-08-10T00:00:00+09:00,2026-08-12T12:39:00+09:00,2026-08-13T23:59:59+09:00,0,MERCURY|VENUS|URANUS|NEPTUNE|PLUTO,MERCURY:LEO|VENUS:LIBRA|URANUS:GEMINI|NEPTUNE:ARIES|PLUTO:AQUARIUS,MERCURY-PLUTO:180|MERCURY-NEPTUNE:120|MERCURY-URANUS:60|VENUS-NEPTUNE:180|VENUS-URANUS:120|VENUS-PLUTO:120,2,5,not_applicable,MERCURY,1,5,anchor_house,MERCURY|VENUS|URANUS|NEPTUNE|PLUTO,swiss_ephemeris,COMPOSITE:FIVE_PLANET_NETWORK:2026-08-12,around_day,AUG_OUTER_NETWORK,,45,100,好きなものを通して自分を更新する時,{event_date}前後は、創作、恋愛、遊び、自己表現を通して、今の自分が本当に心を動かされるものが鮮明になります。水星と金星が外惑星の刺激を受けるため、意外な発想や新しい好みが生まれる一方、刺激の強さを運命的な確信と取り違えやすくもなります。完成度より試す楽しさを優先し、続けたいものだけを後から選びましょう。,aspect_cluster;mercury;venus;outer_planets,1
2026_08_FIVE_PLANET_NETWORK_S01_N06,2026_08_FIVE_PLANET_NETWORK,2026-08,aspect_cluster,2026-08-10T00:00:00+09:00,2026-08-12T12:39:00+09:00,2026-08-13T23:59:59+09:00,0,MERCURY|VENUS|URANUS|NEPTUNE|PLUTO,MERCURY:LEO|VENUS:LIBRA|URANUS:GEMINI|NEPTUNE:ARIES|PLUTO:AQUARIUS,MERCURY-PLUTO:180|MERCURY-NEPTUNE:120|MERCURY-URANUS:60|VENUS-NEPTUNE:180|VENUS-URANUS:120|VENUS-PLUTO:120,2,5,not_applicable,MERCURY,1,6,anchor_house,MERCURY|VENUS|URANUS|NEPTUNE|PLUTO,swiss_ephemeris,COMPOSITE:FIVE_PLANET_NETWORK:2026-08-12,around_day,AUG_OUTER_NETWORK,,45,100,働き方と身体の扱いを新しく整える時,{event_date}前後は、自分らしく動くために、仕事の手順、生活リズム、身体の使い方を変える必要が見えてきます。便利な方法や新しい役割へ関心が向きますが、情報を集めすぎると何から直すべきか分からなくなりやすいでしょう。体調や作業量を記録し、毎日続けられる小さな改善から着手してください。,aspect_cluster;mercury;venus;outer_planets,1
2026_08_FIVE_PLANET_NETWORK_S01_N07,2026_08_FIVE_PLANET_NETWORK,2026-08,aspect_cluster,2026-08-10T00:00:00+09:00,2026-08-12T12:39:00+09:00,2026-08-13T23:59:59+09:00,0,MERCURY|VENUS|URANUS|NEPTUNE|PLUTO,MERCURY:LEO|VENUS:LIBRA|URANUS:GEMINI|NEPTUNE:ARIES|PLUTO:AQUARIUS,MERCURY-PLUTO:180|MERCURY-NEPTUNE:120|MERCURY-URANUS:60|VENUS-NEPTUNE:180|VENUS-URANUS:120|VENUS-PLUTO:120,2,5,not_applicable,MERCURY,1,7,anchor_house,MERCURY|VENUS|URANUS|NEPTUNE|PLUTO,swiss_ephemeris,COMPOSITE:FIVE_PLANET_NETWORK:2026-08-12,around_day,AUG_OUTER_NETWORK,,45,100,対話を通して関係と自分を組み替える時,{event_date}前後は、相手との会話や出会いが鏡となり、自分の見せ方、望む関係、譲れない価値観を更新する流れが強まります。惹かれ合う力と急な方向転換が同時に起こりやすく、期待を相手の本心だと思い込むと話がずれます。印象だけで関係を決めず、互いに何を望むのかを具体的な言葉で確かめてください。,aspect_cluster;mercury;venus;outer_planets,1
2026_08_FIVE_PLANET_NETWORK_S01_N08,2026_08_FIVE_PLANET_NETWORK,2026-08,aspect_cluster,2026-08-10T00:00:00+09:00,2026-08-12T12:39:00+09:00,2026-08-13T23:59:59+09:00,0,MERCURY|VENUS|URANUS|NEPTUNE|PLUTO,MERCURY:LEO|VENUS:LIBRA|URANUS:GEMINI|NEPTUNE:ARIES|PLUTO:AQUARIUS,MERCURY-PLUTO:180|MERCURY-NEPTUNE:120|MERCURY-URANUS:60|VENUS-NEPTUNE:180|VENUS-URANUS:120|VENUS-PLUTO:120,2,5,not_applicable,MERCURY,1,8,anchor_house,MERCURY|VENUS|URANUS|NEPTUNE|PLUTO,swiss_ephemeris,COMPOSITE:FIVE_PLANET_NETWORK:2026-08-12,around_day,AUG_OUTER_NETWORK,,45,100,深い結びつきの中で境界を引き直す時,{event_date}前後は、誰かと共有するお金、責任、秘密、親密さを通して、自分の境界線を根本から引き直したくなります。信頼を深める対話には向きますが、強い魅力や不安によって相手の事情まで背負いやすい時でもあります。約束や負担の範囲を曖昧にせず、自分が選べることと選べないことを分けてください。,aspect_cluster;mercury;venus;outer_planets,1
2026_08_FIVE_PLANET_NETWORK_S01_N09,2026_08_FIVE_PLANET_NETWORK,2026-08,aspect_cluster,2026-08-10T00:00:00+09:00,2026-08-12T12:39:00+09:00,2026-08-13T23:59:59+09:00,0,MERCURY|VENUS|URANUS|NEPTUNE|PLUTO,MERCURY:LEO|VENUS:LIBRA|URANUS:GEMINI|NEPTUNE:ARIES|PLUTO:AQUARIUS,MERCURY-PLUTO:180|MERCURY-NEPTUNE:120|MERCURY-URANUS:60|VENUS-NEPTUNE:180|VENUS-URANUS:120|VENUS-PLUTO:120,2,5,not_applicable,MERCURY,1,9,anchor_house,MERCURY|VENUS|URANUS|NEPTUNE|PLUTO,swiss_ephemeris,COMPOSITE:FIVE_PLANET_NETWORK:2026-08-12,around_day,AUG_OUTER_NETWORK,,45,100,未知の学びが自分の世界を広げる時,{event_date}前後は、新しい思想、専門知識、遠い土地の文化に触れることで、これまでの自己像が大きく広がります。直感的な理解や大胆な発想が生まれる反面、魅力的な理論を十分に確かめず信じ込みやすくもなります。学びを自分の言葉で説明し直し、事実と解釈を分けてから次の行動へつなげましょう。,aspect_cluster;mercury;venus;outer_planets,1
2026_08_FIVE_PLANET_NETWORK_S01_N10,2026_08_FIVE_PLANET_NETWORK,2026-08,aspect_cluster,2026-08-10T00:00:00+09:00,2026-08-12T12:39:00+09:00,2026-08-13T23:59:59+09:00,0,MERCURY|VENUS|URANUS|NEPTUNE|PLUTO,MERCURY:LEO|VENUS:LIBRA|URANUS:GEMINI|NEPTUNE:ARIES|PLUTO:AQUARIUS,MERCURY-PLUTO:180|MERCURY-NEPTUNE:120|MERCURY-URANUS:60|VENUS-NEPTUNE:180|VENUS-URANUS:120|VENUS-PLUTO:120,2,5,not_applicable,MERCURY,1,10,anchor_house,MERCURY|VENUS|URANUS|NEPTUNE|PLUTO,swiss_ephemeris,COMPOSITE:FIVE_PLANET_NETWORK:2026-08-12,around_day,AUG_OUTER_NETWORK,,45,100,社会で見せる自分と役割を刷新する時,{event_date}前後は、仕事上の肩書、目標、周囲に見せる姿を、今の自分に合う形へ変えたくなります。新しい企画や発信には追い風がありますが、理想の役割を急いで引き受けると、実際の責任や条件を見落としかねません。期待される姿と自分が続けられる働き方を分け、具体的な条件を確認してください。,aspect_cluster;mercury;venus;outer_planets,1
2026_08_FIVE_PLANET_NETWORK_S01_N11,2026_08_FIVE_PLANET_NETWORK,2026-08,aspect_cluster,2026-08-10T00:00:00+09:00,2026-08-12T12:39:00+09:00,2026-08-13T23:59:59+09:00,0,MERCURY|VENUS|URANUS|NEPTUNE|PLUTO,MERCURY:LEO|VENUS:LIBRA|URANUS:GEMINI|NEPTUNE:ARIES|PLUTO:AQUARIUS,MERCURY-PLUTO:180|MERCURY-NEPTUNE:120|MERCURY-URANUS:60|VENUS-NEPTUNE:180|VENUS-URANUS:120|VENUS-PLUTO:120,2,5,not_applicable,MERCURY,1,11,anchor_house,MERCURY|VENUS|URANUS|NEPTUNE|PLUTO,swiss_ephemeris,COMPOSITE:FIVE_PLANET_NETWORK:2026-08-12,around_day,AUG_OUTER_NETWORK,,45,100,仲間との未来像から自分を作り直す時,{event_date}前後は、仲間、コミュニティ、将来計画との関わりから、自分がどんな人として参加したいかが変わっていきます。新鮮な協力関係や発想に恵まれる一方、集団の熱気を自分の本心だと思い込みやすい時でもあります。共感だけで約束を増やさず、自分が実際に担える役割と期間を明確にしましょう。,aspect_cluster;mercury;venus;outer_planets,1
2026_08_FIVE_PLANET_NETWORK_S01_N12,2026_08_FIVE_PLANET_NETWORK,2026-08,aspect_cluster,2026-08-10T00:00:00+09:00,2026-08-12T12:39:00+09:00,2026-08-13T23:59:59+09:00,0,MERCURY|VENUS|URANUS|NEPTUNE|PLUTO,MERCURY:LEO|VENUS:LIBRA|URANUS:GEMINI|NEPTUNE:ARIES|PLUTO:AQUARIUS,MERCURY-PLUTO:180|MERCURY-NEPTUNE:120|MERCURY-URANUS:60|VENUS-NEPTUNE:180|VENUS-URANUS:120|VENUS-PLUTO:120,2,5,not_applicable,MERCURY,1,12,anchor_house,MERCURY|VENUS|URANUS|NEPTUNE|PLUTO,swiss_ephemeris,COMPOSITE:FIVE_PLANET_NETWORK:2026-08-12,around_day,AUG_OUTER_NETWORK,,45,100,内側の声を聴き新しい自分を準備する時,{event_date}前後は、表向きの自己改革より先に、夢、直感、言葉にならない違和感が新しい自分の輪郭を知らせます。水星と金星が長期的な変化を意識へ浮かべるため、着想は豊かですが、不安と予感を同じものとして受け取りやすくなります。一人で静かに記録する時間を取り、繰り返し現れる感覚だけを次の行動の手掛かりにしてください。,aspect_cluster;mercury;venus;outer_planets,1
2026_08_FIVE_PLANET_NETWORK_S02_N01,2026_08_FIVE_PLANET_NETWORK,2026-08,aspect_cluster,2026-08-10T00:00:00+09:00,2026-08-12T12:39:00+09:00,2026-08-13T23:59:59+09:00,0,MERCURY|VENUS|URANUS|NEPTUNE|PLUTO,MERCURY:LEO|VENUS:LIBRA|URANUS:GEMINI|NEPTUNE:ARIES|PLUTO:AQUARIUS,MERCURY-PLUTO:180|MERCURY-NEPTUNE:120|MERCURY-URANUS:60|VENUS-NEPTUNE:180|VENUS-URANUS:120|VENUS-PLUTO:120,2,5,not_applicable,MERCURY,2,1,anchor_house,MERCURY|VENUS|URANUS|NEPTUNE|PLUTO,swiss_ephemeris,COMPOSITE:FIVE_PLANET_NETWORK:2026-08-12,around_day,AUG_OUTER_NETWORK,,45,100,自分への投資と見せ方を選び直す時,{event_date}前後は、収入や持ち物への考え方が、自分の装い、身体の扱い、周囲への見せ方に直接表れます。価値観を刷新する勢いから新しい道具やサービスを試したくなりますが、理想の自分を急いで買いそろえると判断が散らかりやすいでしょう。まず一つだけ選び、実際の使い心地と負担を確かめてください。,aspect_cluster;mercury;venus;outer_planets,1
2026_08_FIVE_PLANET_NETWORK_S02_N02,2026_08_FIVE_PLANET_NETWORK,2026-08,aspect_cluster,2026-08-10T00:00:00+09:00,2026-08-12T12:39:00+09:00,2026-08-13T23:59:59+09:00,0,MERCURY|VENUS|URANUS|NEPTUNE|PLUTO,MERCURY:LEO|VENUS:LIBRA|URANUS:GEMINI|NEPTUNE:ARIES|PLUTO:AQUARIUS,MERCURY-PLUTO:180|MERCURY-NEPTUNE:120|MERCURY-URANUS:60|VENUS-NEPTUNE:180|VENUS-URANUS:120|VENUS-PLUTO:120,2,5,not_applicable,MERCURY,2,2,anchor_house,MERCURY|VENUS|URANUS|NEPTUNE|PLUTO,swiss_ephemeris,COMPOSITE:FIVE_PLANET_NETWORK:2026-08-12,around_day,AUG_OUTER_NETWORK,,45,100,稼ぎ方と自己価値の基準を刷新する時,{event_date}前後は、何を価値あるものと考え、どのように稼ぎ、何へお金を使うかという基準そのものが揺れ動きます。水星と金星が長期的な変化を具体化するため、新しい収入案や所有の形を思いつく一方、魅力的な数字を楽観視しやすくなります。固定費と手元資金を確認し、試せる範囲から始めましょう。,aspect_cluster;mercury;venus;outer_planets,1
2026_08_FIVE_PLANET_NETWORK_S02_N03,2026_08_FIVE_PLANET_NETWORK,2026-08,aspect_cluster,2026-08-10T00:00:00+09:00,2026-08-12T12:39:00+09:00,2026-08-13T23:59:59+09:00,0,MERCURY|VENUS|URANUS|NEPTUNE|PLUTO,MERCURY:LEO|VENUS:LIBRA|URANUS:GEMINI|NEPTUNE:ARIES|PLUTO:AQUARIUS,MERCURY-PLUTO:180|MERCURY-NEPTUNE:120|MERCURY-URANUS:60|VENUS-NEPTUNE:180|VENUS-URANUS:120|VENUS-PLUTO:120,2,5,not_applicable,MERCURY,2,3,anchor_house,MERCURY|VENUS|URANUS|NEPTUNE|PLUTO,swiss_ephemeris,COMPOSITE:FIVE_PLANET_NETWORK:2026-08-12,around_day,AUG_OUTER_NETWORK,,45,100,言葉と知識を実用的な価値へ変える時,{event_date}前後は、書く、話す、教える、学ぶといった身近な能力を、収入や実用品へ結びつける発想が生まれやすくなります。通信機器や学習サービスへの関心も高まりますが、情報量の多さに押されて不要な契約まで増やしかねません。必要な知識と道具を一つに絞り、使う目的を言葉にしてから選んでください。,aspect_cluster;mercury;venus;outer_planets,1
2026_08_FIVE_PLANET_NETWORK_S02_N04,2026_08_FIVE_PLANET_NETWORK,2026-08,aspect_cluster,2026-08-10T00:00:00+09:00,2026-08-12T12:39:00+09:00,2026-08-13T23:59:59+09:00,0,MERCURY|VENUS|URANUS|NEPTUNE|PLUTO,MERCURY:LEO|VENUS:LIBRA|URANUS:GEMINI|NEPTUNE:ARIES|PLUTO:AQUARIUS,MERCURY-PLUTO:180|MERCURY-NEPTUNE:120|MERCURY-URANUS:60|VENUS-NEPTUNE:180|VENUS-URANUS:120|VENUS-PLUTO:120,2,5,not_applicable,MERCURY,2,4,anchor_house,MERCURY|VENUS|URANUS|NEPTUNE|PLUTO,swiss_ephemeris,COMPOSITE:FIVE_PLANET_NETWORK:2026-08-12,around_day,AUG_OUTER_NETWORK,,45,100,暮らしの土台と家計を組み替える時,{event_date}前後は、安心できる生活を作るために、住まい、家族に関する支出、家に置く物の優先順位を見直したくなります。快適な環境への理想が膨らむ一方、感情的な安心を高額な買い物で補おうとしやすい面もあります。家族の希望と実際の予算を分け、長く使うものから順番に整えましょう。,aspect_cluster;mercury;venus;outer_planets,1
2026_08_FIVE_PLANET_NETWORK_S02_N05,2026_08_FIVE_PLANET_NETWORK,2026-08,aspect_cluster,2026-08-10T00:00:00+09:00,2026-08-12T12:39:00+09:00,2026-08-13T23:59:59+09:00,0,MERCURY|VENUS|URANUS|NEPTUNE|PLUTO,MERCURY:LEO|VENUS:LIBRA|URANUS:GEMINI|NEPTUNE:ARIES|PLUTO:AQUARIUS,MERCURY-PLUTO:180|MERCURY-NEPTUNE:120|MERCURY-URANUS:60|VENUS-NEPTUNE:180|VENUS-URANUS:120|VENUS-PLUTO:120,2,5,not_applicable,MERCURY,2,5,anchor_house,MERCURY|VENUS|URANUS|NEPTUNE|PLUTO,swiss_ephemeris,COMPOSITE:FIVE_PLANET_NETWORK:2026-08-12,around_day,AUG_OUTER_NETWORK,,45,100,楽しみと才能に使う資源を選び直す時,{event_date}前後は、創作、恋愛、趣味、遊びへ何を注ぐかを通して、自分にとっての豊かさがはっきりしてきます。意外な才能の活かし方や新しい楽しみが見つかる反面、胸が高鳴ることへ予算以上に傾きやすいでしょう。成果や相手の反応を急がず、時間と金額の上限を決めて純粋に試してください。,aspect_cluster;mercury;venus;outer_planets,1
2026_08_FIVE_PLANET_NETWORK_S02_N06,2026_08_FIVE_PLANET_NETWORK,2026-08,aspect_cluster,2026-08-10T00:00:00+09:00,2026-08-12T12:39:00+09:00,2026-08-13T23:59:59+09:00,0,MERCURY|VENUS|URANUS|NEPTUNE|PLUTO,MERCURY:LEO|VENUS:LIBRA|URANUS:GEMINI|NEPTUNE:ARIES|PLUTO:AQUARIUS,MERCURY-PLUTO:180|MERCURY-NEPTUNE:120|MERCURY-URANUS:60|VENUS-NEPTUNE:180|VENUS-URANUS:120|VENUS-PLUTO:120,2,5,not_applicable,MERCURY,2,6,anchor_house,MERCURY|VENUS|URANUS|NEPTUNE|PLUTO,swiss_ephemeris,COMPOSITE:FIVE_PLANET_NETWORK:2026-08-12,around_day,AUG_OUTER_NETWORK,,45,100,日々の仕事と支出の仕組みを整える時,{event_date}前後は、働き方、生活用品、健康管理にかかる費用を見直し、毎日の負担を減らす仕組みを作りたくなります。便利な道具や新しい方法には可能性がありますが、複数を一度に導入すると効果と費用が分からなくなります。日々の記録から最も負担の大きい一項目を選び、改善前後を比べてください。,aspect_cluster;mercury;venus;outer_planets,1
2026_08_FIVE_PLANET_NETWORK_S02_N07,2026_08_FIVE_PLANET_NETWORK,2026-08,aspect_cluster,2026-08-10T00:00:00+09:00,2026-08-12T12:39:00+09:00,2026-08-13T23:59:59+09:00,0,MERCURY|VENUS|URANUS|NEPTUNE|PLUTO,MERCURY:LEO|VENUS:LIBRA|URANUS:GEMINI|NEPTUNE:ARIES|PLUTO:AQUARIUS,MERCURY-PLUTO:180|MERCURY-NEPTUNE:120|MERCURY-URANUS:60|VENUS-NEPTUNE:180|VENUS-URANUS:120|VENUS-PLUTO:120,2,5,not_applicable,MERCURY,2,7,anchor_house,MERCURY|VENUS|URANUS|NEPTUNE|PLUTO,swiss_ephemeris,COMPOSITE:FIVE_PLANET_NETWORK:2026-08-12,around_day,AUG_OUTER_NETWORK,,45,100,関係の中のお金と価値観を話し合う時,{event_date}前後は、パートナーや取引相手との会話を通して、対価、分担、贈り物、互いが大切にするものの違いが表面化します。魅力的な提案や急な協力関係が生まれやすい一方、好意と契約条件を混同すると後からずれが出ます。金額、担当、期限を具体的にし、合意した内容を言葉で残しましょう。,aspect_cluster;mercury;venus;outer_planets,1
2026_08_FIVE_PLANET_NETWORK_S02_N08,2026_08_FIVE_PLANET_NETWORK,2026-08,aspect_cluster,2026-08-10T00:00:00+09:00,2026-08-12T12:39:00+09:00,2026-08-13T23:59:59+09:00,0,MERCURY|VENUS|URANUS|NEPTUNE|PLUTO,MERCURY:LEO|VENUS:LIBRA|URANUS:GEMINI|NEPTUNE:ARIES|PLUTO:AQUARIUS,MERCURY-PLUTO:180|MERCURY-NEPTUNE:120|MERCURY-URANUS:60|VENUS-NEPTUNE:180|VENUS-URANUS:120|VENUS-PLUTO:120,2,5,not_applicable,MERCURY,2,8,anchor_house,MERCURY|VENUS|URANUS|NEPTUNE|PLUTO,swiss_ephemeris,COMPOSITE:FIVE_PLANET_NETWORK:2026-08-12,around_day,AUG_OUTER_NETWORK,,45,100,共有資産と自分の取り分を見直す時,{event_date}前後は、自分のお金と他者と共有する資産の境界を見直し、借入、保険、税、共同負担を整理する必要が高まります。長く曖昧だった問題へ新しい解決策が見える一方、不安や期待から条件を深読みしやすい時でもあります。推測で決めず、残高、契約、負担割合を資料で確認してください。,aspect_cluster;mercury;venus;outer_planets,1
2026_08_FIVE_PLANET_NETWORK_S02_N09,2026_08_FIVE_PLANET_NETWORK,2026-08,aspect_cluster,2026-08-10T00:00:00+09:00,2026-08-12T12:39:00+09:00,2026-08-13T23:59:59+09:00,0,MERCURY|VENUS|URANUS|NEPTUNE|PLUTO,MERCURY:LEO|VENUS:LIBRA|URANUS:GEMINI|NEPTUNE:ARIES|PLUTO:AQUARIUS,MERCURY-PLUTO:180|MERCURY-NEPTUNE:120|MERCURY-URANUS:60|VENUS-NEPTUNE:180|VENUS-URANUS:120|VENUS-PLUTO:120,2,5,not_applicable,MERCURY,2,9,anchor_house,MERCURY|VENUS|URANUS|NEPTUNE|PLUTO,swiss_ephemeris,COMPOSITE:FIVE_PLANET_NETWORK:2026-08-12,around_day,AUG_OUTER_NETWORK,,45,100,学びと遠い世界へ使う資源を選ぶ時,{event_date}前後は、専門的な学び、資格、出版、遠方への移動など、今の世界を広げるためのお金と時間を考え直します。将来像を変える魅力的な情報に出会いやすい反面、理想的な説明だけで費用対効果を判断しやすくなります。目的、総額、必要期間を並べ、現実に続けられる選択肢を残してください。,aspect_cluster;mercury;venus;outer_planets,1
2026_08_FIVE_PLANET_NETWORK_S02_N10,2026_08_FIVE_PLANET_NETWORK,2026-08,aspect_cluster,2026-08-10T00:00:00+09:00,2026-08-12T12:39:00+09:00,2026-08-13T23:59:59+09:00,0,MERCURY|VENUS|URANUS|NEPTUNE|PLUTO,MERCURY:LEO|VENUS:LIBRA|URANUS:GEMINI|NEPTUNE:ARIES|PLUTO:AQUARIUS,MERCURY-PLUTO:180|MERCURY-NEPTUNE:120|MERCURY-URANUS:60|VENUS-NEPTUNE:180|VENUS-URANUS:120|VENUS-PLUTO:120,2,5,not_applicable,MERCURY,2,10,anchor_house,MERCURY|VENUS|URANUS|NEPTUNE|PLUTO,swiss_ephemeris,COMPOSITE:FIVE_PLANET_NETWORK:2026-08-12,around_day,AUG_OUTER_NETWORK,,45,100,仕事の対価と社会的価値を更新する時,{event_date}前後は、自分の仕事にどんな価値があり、どの条件なら責任を引き受けられるかを再定義したくなります。新しい役割や収入の可能性が見える一方、評価されたい気持ちから負担を小さく見積もりやすいでしょう。肩書の印象より、報酬、時間、裁量、継続性を具体的に確認してください。,aspect_cluster;mercury;venus;outer_planets,1
2026_08_FIVE_PLANET_NETWORK_S02_N11,2026_08_FIVE_PLANET_NETWORK,2026-08,aspect_cluster,2026-08-10T00:00:00+09:00,2026-08-12T12:39:00+09:00,2026-08-13T23:59:59+09:00,0,MERCURY|VENUS|URANUS|NEPTUNE|PLUTO,MERCURY:LEO|VENUS:LIBRA|URANUS:GEMINI|NEPTUNE:ARIES|PLUTO:AQUARIUS,MERCURY-PLUTO:180|MERCURY-NEPTUNE:120|MERCURY-URANUS:60|VENUS-NEPTUNE:180|VENUS-URANUS:120|VENUS-PLUTO:120,2,5,not_applicable,MERCURY,2,11,anchor_house,MERCURY|VENUS|URANUS|NEPTUNE|PLUTO,swiss_ephemeris,COMPOSITE:FIVE_PLANET_NETWORK:2026-08-12,around_day,AUG_OUTER_NETWORK,,45,100,未来の計画へ資源をどう配るか決める時,{event_date}前後は、仲間との企画、コミュニティ、将来の目標へ、お金、時間、技能をどう配るかを見直す流れが強まります。新しい協力方法には可能性がありますが、集団の熱気で負担や見返りを曖昧にすると消耗しやすくなります。共感する目的と自分が提供できる範囲を分け、参加条件を明確にしましょう。,aspect_cluster;mercury;venus;outer_planets,1
2026_08_FIVE_PLANET_NETWORK_S02_N12,2026_08_FIVE_PLANET_NETWORK,2026-08,aspect_cluster,2026-08-10T00:00:00+09:00,2026-08-12T12:39:00+09:00,2026-08-13T23:59:59+09:00,0,MERCURY|VENUS|URANUS|NEPTUNE|PLUTO,MERCURY:LEO|VENUS:LIBRA|URANUS:GEMINI|NEPTUNE:ARIES|PLUTO:AQUARIUS,MERCURY-PLUTO:180|MERCURY-NEPTUNE:120|MERCURY-URANUS:60|VENUS-NEPTUNE:180|VENUS-URANUS:120|VENUS-PLUTO:120,2,5,not_applicable,MERCURY,2,12,anchor_house,MERCURY|VENUS|URANUS|NEPTUNE|PLUTO,swiss_ephemeris,COMPOSITE:FIVE_PLANET_NETWORK:2026-08-12,around_day,AUG_OUTER_NETWORK,,45,100,見えない出費と価値観の癖を整える時,{event_date}前後は、無意識の買い物、誰にも言わない負担、安心を得るために続けてきた支出へ気づきやすくなります。直感から本当に必要なものを選び直せる一方、不安と理想が混ざると金額の根拠を失いやすいでしょう。責めずに記録を見返し、休息を守る支出と手放せる支出を静かに分けてください。,aspect_cluster;mercury;venus;outer_planets,1
2026_08_FIVE_PLANET_NETWORK_S03_N01,2026_08_FIVE_PLANET_NETWORK,2026-08,aspect_cluster,2026-08-10T00:00:00+09:00,2026-08-12T12:39:00+09:00,2026-08-13T23:59:59+09:00,0,MERCURY|VENUS|URANUS|NEPTUNE|PLUTO,MERCURY:LEO|VENUS:LIBRA|URANUS:GEMINI|NEPTUNE:ARIES|PLUTO:AQUARIUS,MERCURY-PLUTO:180|MERCURY-NEPTUNE:120|MERCURY-URANUS:60|VENUS-NEPTUNE:180|VENUS-URANUS:120|VENUS-PLUTO:120,2,5,not_applicable,MERCURY,3,1,anchor_house,MERCURY|VENUS|URANUS|NEPTUNE|PLUTO,swiss_ephemeris,COMPOSITE:FIVE_PLANET_NETWORK:2026-08-12,around_day,AUG_OUTER_NETWORK,,45,100,新しい言葉で自分の輪郭を伝える時,{event_date}前後は、考え方、話し方、身近な人とのやり取りが変わり、自分を説明する言葉も新しくなります。独創的な発想や魅力的な表現が浮かびやすい一方、思いついた内容をそのまま自分の結論だと思いやすいでしょう。短く話して相手の反応を確かめ、しっくりくる言葉だけを残してください。,aspect_cluster;mercury;venus;outer_planets,1
2026_08_FIVE_PLANET_NETWORK_S03_N02,2026_08_FIVE_PLANET_NETWORK,2026-08,aspect_cluster,2026-08-10T00:00:00+09:00,2026-08-12T12:39:00+09:00,2026-08-13T23:59:59+09:00,0,MERCURY|VENUS|URANUS|NEPTUNE|PLUTO,MERCURY:LEO|VENUS:LIBRA|URANUS:GEMINI|NEPTUNE:ARIES|PLUTO:AQUARIUS,MERCURY-PLUTO:180|MERCURY-NEPTUNE:120|MERCURY-URANUS:60|VENUS-NEPTUNE:180|VENUS-URANUS:120|VENUS-PLUTO:120,2,5,not_applicable,MERCURY,3,2,anchor_house,MERCURY|VENUS|URANUS|NEPTUNE|PLUTO,swiss_ephemeris,COMPOSITE:FIVE_PLANET_NETWORK:2026-08-12,around_day,AUG_OUTER_NETWORK,,45,100,知識と言葉を自分の価値へ育てる時,{event_date}前後は、書く、話す、教える力や身近な知識を、実用的な技能や収入の可能性へ結びつけたくなります。新しい情報や道具に惹かれますが、役立ちそうという印象だけで費用や学習量を見落としやすい面もあります。今ある技能を棚卸しし、実際に使える一つを深めましょう。,aspect_cluster;mercury;venus;outer_planets,1
2026_08_FIVE_PLANET_NETWORK_S03_N03,2026_08_FIVE_PLANET_NETWORK,2026-08,aspect_cluster,2026-08-10T00:00:00+09:00,2026-08-12T12:39:00+09:00,2026-08-13T23:59:59+09:00,0,MERCURY|VENUS|URANUS|NEPTUNE|PLUTO,MERCURY:LEO|VENUS:LIBRA|URANUS:GEMINI|NEPTUNE:ARIES|PLUTO:AQUARIUS,MERCURY-PLUTO:180|MERCURY-NEPTUNE:120|MERCURY-URANUS:60|VENUS-NEPTUNE:180|VENUS-URANUS:120|VENUS-PLUTO:120,2,5,not_applicable,MERCURY,3,3,anchor_house,MERCURY|VENUS|URANUS|NEPTUNE|PLUTO,swiss_ephemeris,COMPOSITE:FIVE_PLANET_NETWORK:2026-08-12,around_day,AUG_OUTER_NETWORK,,45,100,情報の波から本当に必要な声を選ぶ時,{event_date}前後は、連絡、学習、移動、発信が一気に活発になり、普段なら結びつかない情報から新しい着想が生まれます。その反面、期待、推測、事実が混ざりやすく、返事を急ぐほど誤解も増えやすいでしょう。通知と予定を絞り、重要な内容は出典と相手の意図を確認してから伝えてください。,aspect_cluster;mercury;venus;outer_planets,1
2026_08_FIVE_PLANET_NETWORK_S03_N04,2026_08_FIVE_PLANET_NETWORK,2026-08,aspect_cluster,2026-08-10T00:00:00+09:00,2026-08-12T12:39:00+09:00,2026-08-13T23:59:59+09:00,0,MERCURY|VENUS|URANUS|NEPTUNE|PLUTO,MERCURY:LEO|VENUS:LIBRA|URANUS:GEMINI|NEPTUNE:ARIES|PLUTO:AQUARIUS,MERCURY-PLUTO:180|MERCURY-NEPTUNE:120|MERCURY-URANUS:60|VENUS-NEPTUNE:180|VENUS-URANUS:120|VENUS-PLUTO:120,2,5,not_applicable,MERCURY,3,4,anchor_house,MERCURY|VENUS|URANUS|NEPTUNE|PLUTO,swiss_ephemeris,COMPOSITE:FIVE_PLANET_NETWORK:2026-08-12,around_day,AUG_OUTER_NETWORK,,45,100,家族との言葉を変え安心を作り直す時,{event_date}前後は、家族との会話、住まいに関する連絡、過去の記憶を語る言葉に新しい流れが生まれます。言えなかった思いを伝える機会になる一方、感情的な記憶を現在の事実と混ぜると話が複雑になります。結論を出すより、今困っていることと望む暮らしを一つずつ共有してください。,aspect_cluster;mercury;venus;outer_planets,1
2026_08_FIVE_PLANET_NETWORK_S03_N05,2026_08_FIVE_PLANET_NETWORK,2026-08,aspect_cluster,2026-08-10T00:00:00+09:00,2026-08-12T12:39:00+09:00,2026-08-13T23:59:59+09:00,0,MERCURY|VENUS|URANUS|NEPTUNE|PLUTO,MERCURY:LEO|VENUS:LIBRA|URANUS:GEMINI|NEPTUNE:ARIES|PLUTO:AQUARIUS,MERCURY-PLUTO:180|MERCURY-NEPTUNE:120|MERCURY-URANUS:60|VENUS-NEPTUNE:180|VENUS-URANUS:120|VENUS-PLUTO:120,2,5,not_applicable,MERCURY,3,5,anchor_house,MERCURY|VENUS|URANUS|NEPTUNE|PLUTO,swiss_ephemeris,COMPOSITE:FIVE_PLANET_NETWORK:2026-08-12,around_day,AUG_OUTER_NETWORK,,45,100,創作と言葉遊びから新鮮な表現が育つ時,{event_date}前後は、文章、会話、短い発信から創作意欲や恋のときめきが刺激され、軽やかな自己表現が広がります。水星と金星が外惑星の変化を運ぶため、意外なアイデアが魅力になりますが、強い反応を確かな評価と思い込みやすくもなります。まず遊びとして試し、完成や返事を急がないでください。,aspect_cluster;mercury;venus;outer_planets,1
2026_08_FIVE_PLANET_NETWORK_S03_N06,2026_08_FIVE_PLANET_NETWORK,2026-08,aspect_cluster,2026-08-10T00:00:00+09:00,2026-08-12T12:39:00+09:00,2026-08-13T23:59:59+09:00,0,MERCURY|VENUS|URANUS|NEPTUNE|PLUTO,MERCURY:LEO|VENUS:LIBRA|URANUS:GEMINI|NEPTUNE:ARIES|PLUTO:AQUARIUS,MERCURY-PLUTO:180|MERCURY-NEPTUNE:120|MERCURY-URANUS:60|VENUS-NEPTUNE:180|VENUS-URANUS:120|VENUS-PLUTO:120,2,5,not_applicable,MERCURY,3,6,anchor_house,MERCURY|VENUS|URANUS|NEPTUNE|PLUTO,swiss_ephemeris,COMPOSITE:FIVE_PLANET_NETWORK:2026-08-12,around_day,AUG_OUTER_NETWORK,,45,100,仕事の伝達と日課を分かりやすく整える時,{event_date}前後は、職場の連絡、作業手順、健康に関する情報を見直し、日々の動きを効率よく変える工夫が浮かびます。新しい方法を複数取り入れると、便利さより確認事項が増えて疲れやすいでしょう。誰が、いつ、何をするかを短く共有し、身体の反応も見ながら一つずつ定着させてください。,aspect_cluster;mercury;venus;outer_planets,1
2026_08_FIVE_PLANET_NETWORK_S03_N07,2026_08_FIVE_PLANET_NETWORK,2026-08,aspect_cluster,2026-08-10T00:00:00+09:00,2026-08-12T12:39:00+09:00,2026-08-13T23:59:59+09:00,0,MERCURY|VENUS|URANUS|NEPTUNE|PLUTO,MERCURY:LEO|VENUS:LIBRA|URANUS:GEMINI|NEPTUNE:ARIES|PLUTO:AQUARIUS,MERCURY-PLUTO:180|MERCURY-NEPTUNE:120|MERCURY-URANUS:60|VENUS-NEPTUNE:180|VENUS-URANUS:120|VENUS-PLUTO:120,2,5,not_applicable,MERCURY,3,7,anchor_house,MERCURY|VENUS|URANUS|NEPTUNE|PLUTO,swiss_ephemeris,COMPOSITE:FIVE_PLANET_NETWORK:2026-08-12,around_day,AUG_OUTER_NETWORK,,45,100,対話の仕方を変え関係を更新していく時,{event_date}前後は、パートナーや取引相手との会話が、関係の前提や今後の約束を組み替えるきっかけになります。惹かれる言葉や斬新な提案が増える一方、雰囲気で理解し合えたと思うと条件の違いを見落とします。相手の言葉を言い換えて確認し、合意と希望を分けて残しましょう。,aspect_cluster;mercury;venus;outer_planets,1
2026_08_FIVE_PLANET_NETWORK_S03_N08,2026_08_FIVE_PLANET_NETWORK,2026-08,aspect_cluster,2026-08-10T00:00:00+09:00,2026-08-12T12:39:00+09:00,2026-08-13T23:59:59+09:00,0,MERCURY|VENUS|URANUS|NEPTUNE|PLUTO,MERCURY:LEO|VENUS:LIBRA|URANUS:GEMINI|NEPTUNE:ARIES|PLUTO:AQUARIUS,MERCURY-PLUTO:180|MERCURY-NEPTUNE:120|MERCURY-URANUS:60|VENUS-NEPTUNE:180|VENUS-URANUS:120|VENUS-PLUTO:120,2,5,not_applicable,MERCURY,3,8,anchor_house,MERCURY|VENUS|URANUS|NEPTUNE|PLUTO,swiss_ephemeris,COMPOSITE:FIVE_PLANET_NETWORK:2026-08-12,around_day,AUG_OUTER_NETWORK,,45,100,深い話を通して秘密と負担を整理する時,{event_date}前後は、共有資産、親密さ、秘密、心の奥にある不安について、避けていた対話を始めやすくなります。核心を突く言葉が変化を促す反面、情報が不十分なまま相手の意図を深読みしやすい時でもあります。感情を否定せず、金額や約束など確認できる事実から順に話してください。,aspect_cluster;mercury;venus;outer_planets,1
2026_08_FIVE_PLANET_NETWORK_S03_N09,2026_08_FIVE_PLANET_NETWORK,2026-08,aspect_cluster,2026-08-10T00:00:00+09:00,2026-08-12T12:39:00+09:00,2026-08-13T23:59:59+09:00,0,MERCURY|VENUS|URANUS|NEPTUNE|PLUTO,MERCURY:LEO|VENUS:LIBRA|URANUS:GEMINI|NEPTUNE:ARIES|PLUTO:AQUARIUS,MERCURY-PLUTO:180|MERCURY-NEPTUNE:120|MERCURY-URANUS:60|VENUS-NEPTUNE:180|VENUS-URANUS:120|VENUS-PLUTO:120,2,5,not_applicable,MERCURY,3,9,anchor_house,MERCURY|VENUS|URANUS|NEPTUNE|PLUTO,swiss_ephemeris,COMPOSITE:FIVE_PLANET_NETWORK:2026-08-12,around_day,AUG_OUTER_NETWORK,,45,100,学び直しで世界を見る言葉を更新する時,{event_date}前後は、専門知識、思想、外国語、遠い文化に触れ、これまで当然だと思っていた考えを別の言葉で捉え直せます。大胆な理解の飛躍が起こりやすい一方、魅力的な説を根拠なく広めてしまう可能性もあります。学んだ内容を自分で要約し、事実と解釈を分けてから発信しましょう。,aspect_cluster;mercury;venus;outer_planets,1
2026_08_FIVE_PLANET_NETWORK_S03_N10,2026_08_FIVE_PLANET_NETWORK,2026-08,aspect_cluster,2026-08-10T00:00:00+09:00,2026-08-12T12:39:00+09:00,2026-08-13T23:59:59+09:00,0,MERCURY|VENUS|URANUS|NEPTUNE|PLUTO,MERCURY:LEO|VENUS:LIBRA|URANUS:GEMINI|NEPTUNE:ARIES|PLUTO:AQUARIUS,MERCURY-PLUTO:180|MERCURY-NEPTUNE:120|MERCURY-URANUS:60|VENUS-NEPTUNE:180|VENUS-URANUS:120|VENUS-PLUTO:120,2,5,not_applicable,MERCURY,3,10,anchor_house,MERCURY|VENUS|URANUS|NEPTUNE|PLUTO,swiss_ephemeris,COMPOSITE:FIVE_PLANET_NETWORK:2026-08-12,around_day,AUG_OUTER_NETWORK,,45,100,仕事で発する言葉と評価を刷新する時,{event_date}前後は、会議、発表、肩書に伴う発言を通して、社会でどんな人物として見られたいかが変わります。新しい企画を伝える力は高まりますが、印象的な表現を優先すると実行条件や責任が曖昧になりやすいでしょう。目的、期限、担当を整えたうえで、自分の提案を簡潔に示してください。,aspect_cluster;mercury;venus;outer_planets,1
2026_08_FIVE_PLANET_NETWORK_S03_N11,2026_08_FIVE_PLANET_NETWORK,2026-08,aspect_cluster,2026-08-10T00:00:00+09:00,2026-08-12T12:39:00+09:00,2026-08-13T23:59:59+09:00,0,MERCURY|VENUS|URANUS|NEPTUNE|PLUTO,MERCURY:LEO|VENUS:LIBRA|URANUS:GEMINI|NEPTUNE:ARIES|PLUTO:AQUARIUS,MERCURY-PLUTO:180|MERCURY-NEPTUNE:120|MERCURY-URANUS:60|VENUS-NEPTUNE:180|VENUS-URANUS:120|VENUS-PLUTO:120,2,5,not_applicable,MERCURY,3,11,anchor_house,MERCURY|VENUS|URANUS|NEPTUNE|PLUTO,swiss_ephemeris,COMPOSITE:FIVE_PLANET_NETWORK:2026-08-12,around_day,AUG_OUTER_NETWORK,,45,100,仲間との情報交換から未来を描き直す時,{event_date}前後は、友人、チーム、オンライン上の交流から、将来の計画を大きく変える情報や発想が入ってきます。共感の輪は広がりやすいものの、話題の勢いだけで全員の意見が一致したと思い込みやすいでしょう。面白い案を記録し、誰が実際に参加するのかを後から個別に確かめてください。,aspect_cluster;mercury;venus;outer_planets,1
2026_08_FIVE_PLANET_NETWORK_S03_N12,2026_08_FIVE_PLANET_NETWORK,2026-08,aspect_cluster,2026-08-10T00:00:00+09:00,2026-08-12T12:39:00+09:00,2026-08-13T23:59:59+09:00,0,MERCURY|VENUS|URANUS|NEPTUNE|PLUTO,MERCURY:LEO|VENUS:LIBRA|URANUS:GEMINI|NEPTUNE:ARIES|PLUTO:AQUARIUS,MERCURY-PLUTO:180|MERCURY-NEPTUNE:120|MERCURY-URANUS:60|VENUS-NEPTUNE:180|VENUS-URANUS:120|VENUS-PLUTO:120,2,5,not_applicable,MERCURY,3,12,anchor_house,MERCURY|VENUS|URANUS|NEPTUNE|PLUTO,swiss_ephemeris,COMPOSITE:FIVE_PLANET_NETWORK:2026-08-12,around_day,AUG_OUTER_NETWORK,,45,100,静かな思考から言葉になる前の声を聴く時,{event_date}前後は、夢、記憶、ふと浮かぶ言葉の断片が増え、表に出していない考えが新しい意味で結びつきます。直感的な発想は豊かですが、疲れている時ほど不安と事実を混同しやすく、情報を追うほど思考が散ります。通知から離れて静かに書き留め、繰り返し残る内容だけを後で検討してください。,aspect_cluster;mercury;venus;outer_planets,1
2026_08_FIVE_PLANET_NETWORK_S04_N01,2026_08_FIVE_PLANET_NETWORK,2026-08,aspect_cluster,2026-08-10T00:00:00+09:00,2026-08-12T12:39:00+09:00,2026-08-13T23:59:59+09:00,0,MERCURY|VENUS|URANUS|NEPTUNE|PLUTO,MERCURY:LEO|VENUS:LIBRA|URANUS:GEMINI|NEPTUNE:ARIES|PLUTO:AQUARIUS,MERCURY-PLUTO:180|MERCURY-NEPTUNE:120|MERCURY-URANUS:60|VENUS-NEPTUNE:180|VENUS-URANUS:120|VENUS-PLUTO:120,2,5,not_applicable,MERCURY,4,1,anchor_house,MERCURY|VENUS|URANUS|NEPTUNE|PLUTO,swiss_ephemeris,COMPOSITE:FIVE_PLANET_NETWORK:2026-08-12,around_day,AUG_OUTER_NETWORK,,45,100,安心できる場所から自分を作り直す時,{event_date}前後は、住まいや家族との関係を整えることが、自分の振る舞い、身体感覚、今後の生き方を変えるきっかけになります。暮らしを大胆に刷新したくなる一方、感情の高まりだけで環境を変えると落ち着く場所を失いやすいでしょう。まず自分のための空間を一つ整え、心身の反応を確かめてください。,aspect_cluster;mercury;venus;outer_planets,1
2026_08_FIVE_PLANET_NETWORK_S04_N02,2026_08_FIVE_PLANET_NETWORK,2026-08,aspect_cluster,2026-08-10T00:00:00+09:00,2026-08-12T12:39:00+09:00,2026-08-13T23:59:59+09:00,0,MERCURY|VENUS|URANUS|NEPTUNE|PLUTO,MERCURY:LEO|VENUS:LIBRA|URANUS:GEMINI|NEPTUNE:ARIES|PLUTO:AQUARIUS,MERCURY-PLUTO:180|MERCURY-NEPTUNE:120|MERCURY-URANUS:60|VENUS-NEPTUNE:180|VENUS-URANUS:120|VENUS-PLUTO:120,2,5,not_applicable,MERCURY,4,2,anchor_house,MERCURY|VENUS|URANUS|NEPTUNE|PLUTO,swiss_ephemeris,COMPOSITE:FIVE_PLANET_NETWORK:2026-08-12,around_day,AUG_OUTER_NETWORK,,45,100,家の安心とお金の基準を組み替える時,{event_date}前後は、住居費、家族に関する支出、家に残す物を見直し、自分にとって必要な豊かさを再定義したくなります。快適な暮らしへの発想は広がりますが、理想的な住環境を急いで整えようとすると予算が曖昧になります。安心に必要な費用と見栄のための費用を分け、優先順位を決めましょう。,aspect_cluster;mercury;venus;outer_planets,1
2026_08_FIVE_PLANET_NETWORK_S04_N03,2026_08_FIVE_PLANET_NETWORK,2026-08,aspect_cluster,2026-08-10T00:00:00+09:00,2026-08-12T12:39:00+09:00,2026-08-13T23:59:59+09:00,0,MERCURY|VENUS|URANUS|NEPTUNE|PLUTO,MERCURY:LEO|VENUS:LIBRA|URANUS:GEMINI|NEPTUNE:ARIES|PLUTO:AQUARIUS,MERCURY-PLUTO:180|MERCURY-NEPTUNE:120|MERCURY-URANUS:60|VENUS-NEPTUNE:180|VENUS-URANUS:120|VENUS-PLUTO:120,2,5,not_applicable,MERCURY,4,3,anchor_house,MERCURY|VENUS|URANUS|NEPTUNE|PLUTO,swiss_ephemeris,COMPOSITE:FIVE_PLANET_NETWORK:2026-08-12,around_day,AUG_OUTER_NETWORK,,45,100,家族との対話で暮らしを更新していく時,{event_date}前後は、家族との連絡、住まいの手続き、近隣とのやり取りを通して、暮らしの前提を変える情報が入ってきます。昔の記憶と現在の事実が混ざりやすく、言葉の勢いで互いの意図を決めつけると話が散らかります。必要事項を書き出し、気持ちと実務を分けて話し合ってください。,aspect_cluster;mercury;venus;outer_planets,1
2026_08_FIVE_PLANET_NETWORK_S04_N04,2026_08_FIVE_PLANET_NETWORK,2026-08,aspect_cluster,2026-08-10T00:00:00+09:00,2026-08-12T12:39:00+09:00,2026-08-13T23:59:59+09:00,0,MERCURY|VENUS|URANUS|NEPTUNE|PLUTO,MERCURY:LEO|VENUS:LIBRA|URANUS:GEMINI|NEPTUNE:ARIES|PLUTO:AQUARIUS,MERCURY-PLUTO:180|MERCURY-NEPTUNE:120|MERCURY-URANUS:60|VENUS-NEPTUNE:180|VENUS-URANUS:120|VENUS-PLUTO:120,2,5,not_applicable,MERCURY,4,4,anchor_house,MERCURY|VENUS|URANUS|NEPTUNE|PLUTO,swiss_ephemeris,COMPOSITE:FIVE_PLANET_NETWORK:2026-08-12,around_day,AUG_OUTER_NETWORK,,45,100,家と心の土台を根本から整え直す時,{event_date}前後は、住まい、家族、心のよりどころに長く潜んでいた違和感が表面化し、暮らしの土台を変えたくなります。新しい生活像が鮮明になる一方、懐かしさや不安を現実の条件と混同しやすい時でもあります。すぐに結論を出さず、残したい習慣と終えたい習慣を具体的に分けてください。,aspect_cluster;mercury;venus;outer_planets,1
2026_08_FIVE_PLANET_NETWORK_S04_N05,2026_08_FIVE_PLANET_NETWORK,2026-08,aspect_cluster,2026-08-10T00:00:00+09:00,2026-08-12T12:39:00+09:00,2026-08-13T23:59:59+09:00,0,MERCURY|VENUS|URANUS|NEPTUNE|PLUTO,MERCURY:LEO|VENUS:LIBRA|URANUS:GEMINI|NEPTUNE:ARIES|PLUTO:AQUARIUS,MERCURY-PLUTO:180|MERCURY-NEPTUNE:120|MERCURY-URANUS:60|VENUS-NEPTUNE:180|VENUS-URANUS:120|VENUS-PLUTO:120,2,5,not_applicable,MERCURY,4,5,anchor_house,MERCURY|VENUS|URANUS|NEPTUNE|PLUTO,swiss_ephemeris,COMPOSITE:FIVE_PLANET_NETWORK:2026-08-12,around_day,AUG_OUTER_NETWORK,,45,100,家の中に喜びと創作の余白を作る時,{event_date}前後は、安心できる場所で創作、恋愛、遊び、子どもとの時間を楽しむことが、暮らし全体を新鮮にします。水星と金星が外惑星の刺激を運び、意外なアイデアが生まれますが、家族全員が同じ楽しさを求めているとは限りません。小さく試せる場を作り、互いの好みを尊重しましょう。,aspect_cluster;mercury;venus;outer_planets,1
2026_08_FIVE_PLANET_NETWORK_S04_N06,2026_08_FIVE_PLANET_NETWORK,2026-08,aspect_cluster,2026-08-10T00:00:00+09:00,2026-08-12T12:39:00+09:00,2026-08-13T23:59:59+09:00,0,MERCURY|VENUS|URANUS|NEPTUNE|PLUTO,MERCURY:LEO|VENUS:LIBRA|URANUS:GEMINI|NEPTUNE:ARIES|PLUTO:AQUARIUS,MERCURY-PLUTO:180|MERCURY-NEPTUNE:120|MERCURY-URANUS:60|VENUS-NEPTUNE:180|VENUS-URANUS:120|VENUS-PLUTO:120,2,5,not_applicable,MERCURY,4,6,anchor_house,MERCURY|VENUS|URANUS|NEPTUNE|PLUTO,swiss_ephemeris,COMPOSITE:FIVE_PLANET_NETWORK:2026-08-12,around_day,AUG_OUTER_NETWORK,,45,100,家庭の日課と世話の負担を整え直す時,{event_date}前後は、家事、在宅での仕事、家族の世話、休息の取り方を見直し、日常を持続可能な形へ変えたくなります。便利な仕組みや新しい分担案は役立ちますが、一度に変えると誰の負担が減ったのか見えなくなります。毎日の作業を可視化し、最も重い一項目から分担を調整してください。,aspect_cluster;mercury;venus;outer_planets,1
2026_08_FIVE_PLANET_NETWORK_S04_N07,2026_08_FIVE_PLANET_NETWORK,2026-08,aspect_cluster,2026-08-10T00:00:00+09:00,2026-08-12T12:39:00+09:00,2026-08-13T23:59:59+09:00,0,MERCURY|VENUS|URANUS|NEPTUNE|PLUTO,MERCURY:LEO|VENUS:LIBRA|URANUS:GEMINI|NEPTUNE:ARIES|PLUTO:AQUARIUS,MERCURY-PLUTO:180|MERCURY-NEPTUNE:120|MERCURY-URANUS:60|VENUS-NEPTUNE:180|VENUS-URANUS:120|VENUS-PLUTO:120,2,5,not_applicable,MERCURY,4,7,anchor_house,MERCURY|VENUS|URANUS|NEPTUNE|PLUTO,swiss_ephemeris,COMPOSITE:FIVE_PLANET_NETWORK:2026-08-12,around_day,AUG_OUTER_NETWORK,,45,100,二人の居場所と関係の形を話し合う時,{event_date}前後は、パートナーや重要な相手と、住まい、家族との距離、安心できる関係の形を話し合う流れが強まります。理想の暮らしへの期待が膨らむ一方、相手も同じ未来を望むと思い込むとすれ違います。感情的な希望と実際の条件を分け、互いに必要な居場所を具体的に確認してください。,aspect_cluster;mercury;venus;outer_planets,1
2026_08_FIVE_PLANET_NETWORK_S04_N08,2026_08_FIVE_PLANET_NETWORK,2026-08,aspect_cluster,2026-08-10T00:00:00+09:00,2026-08-12T12:39:00+09:00,2026-08-13T23:59:59+09:00,0,MERCURY|VENUS|URANUS|NEPTUNE|PLUTO,MERCURY:LEO|VENUS:LIBRA|URANUS:GEMINI|NEPTUNE:ARIES|PLUTO:AQUARIUS,MERCURY-PLUTO:180|MERCURY-NEPTUNE:120|MERCURY-URANUS:60|VENUS-NEPTUNE:180|VENUS-URANUS:120|VENUS-PLUTO:120,2,5,not_applicable,MERCURY,4,8,anchor_house,MERCURY|VENUS|URANUS|NEPTUNE|PLUTO,swiss_ephemeris,COMPOSITE:FIVE_PLANET_NETWORK:2026-08-12,around_day,AUG_OUTER_NETWORK,,45,100,受け継いだ家の課題と共有資産を見直す時,{event_date}前後は、家族から受け継いだ価値観、共有する住まいや資産、言いにくかった負担を根本から整理したくなります。深い対話が変化を促しますが、秘密や不安があるほど情報を補って考えすぎやすいでしょう。契約や金額は資料で確かめ、感情の整理とは別の手順で扱ってください。,aspect_cluster;mercury;venus;outer_planets,1
2026_08_FIVE_PLANET_NETWORK_S04_N09,2026_08_FIVE_PLANET_NETWORK,2026-08,aspect_cluster,2026-08-10T00:00:00+09:00,2026-08-12T12:39:00+09:00,2026-08-13T23:59:59+09:00,0,MERCURY|VENUS|URANUS|NEPTUNE|PLUTO,MERCURY:LEO|VENUS:LIBRA|URANUS:GEMINI|NEPTUNE:ARIES|PLUTO:AQUARIUS,MERCURY-PLUTO:180|MERCURY-NEPTUNE:120|MERCURY-URANUS:60|VENUS-NEPTUNE:180|VENUS-URANUS:120|VENUS-PLUTO:120,2,5,not_applicable,MERCURY,4,9,anchor_house,MERCURY|VENUS|URANUS|NEPTUNE|PLUTO,swiss_ephemeris,COMPOSITE:FIVE_PLANET_NETWORK:2026-08-12,around_day,AUG_OUTER_NETWORK,,45,100,故郷と遠い世界の間で居場所を考える時,{event_date}前後は、故郷の価値観と新しい学び、遠い土地での経験を比べ、自分がどこを居場所としたいかを考え直します。移動や学習を伴う生活像に惹かれますが、理想だけで現在の基盤を手放すと条件の見落としが増えます。今いる場所で試せる変化と、長期準備が必要な変化を分けましょう。,aspect_cluster;mercury;venus;outer_planets,1
2026_08_FIVE_PLANET_NETWORK_S04_N10,2026_08_FIVE_PLANET_NETWORK,2026-08,aspect_cluster,2026-08-10T00:00:00+09:00,2026-08-12T12:39:00+09:00,2026-08-13T23:59:59+09:00,0,MERCURY|VENUS|URANUS|NEPTUNE|PLUTO,MERCURY:LEO|VENUS:LIBRA|URANUS:GEMINI|NEPTUNE:ARIES|PLUTO:AQUARIUS,MERCURY-PLUTO:180|MERCURY-NEPTUNE:120|MERCURY-URANUS:60|VENUS-NEPTUNE:180|VENUS-URANUS:120|VENUS-PLUTO:120,2,5,not_applicable,MERCURY,4,10,anchor_house,MERCURY|VENUS|URANUS|NEPTUNE|PLUTO,swiss_ephemeris,COMPOSITE:FIVE_PLANET_NETWORK:2026-08-12,around_day,AUG_OUTER_NETWORK,,45,100,家庭の土台から仕事の役割を見直す時,{event_date}前後は、家での暮らしや家族への責任を起点に、仕事上の立場、働く場所、社会で担う役割を組み替えたくなります。新しい働き方への着想は増えますが、公的な期待と私生活の余力を同時に満たせるとは限りません。時間、場所、責任を具体化し、生活が続く条件を優先してください。,aspect_cluster;mercury;venus;outer_planets,1
2026_08_FIVE_PLANET_NETWORK_S04_N11,2026_08_FIVE_PLANET_NETWORK,2026-08,aspect_cluster,2026-08-10T00:00:00+09:00,2026-08-12T12:39:00+09:00,2026-08-13T23:59:59+09:00,0,MERCURY|VENUS|URANUS|NEPTUNE|PLUTO,MERCURY:LEO|VENUS:LIBRA|URANUS:GEMINI|NEPTUNE:ARIES|PLUTO:AQUARIUS,MERCURY-PLUTO:180|MERCURY-NEPTUNE:120|MERCURY-URANUS:60|VENUS-NEPTUNE:180|VENUS-URANUS:120|VENUS-PLUTO:120,2,5,not_applicable,MERCURY,4,11,anchor_house,MERCURY|VENUS|URANUS|NEPTUNE|PLUTO,swiss_ephemeris,COMPOSITE:FIVE_PLANET_NETWORK:2026-08-12,around_day,AUG_OUTER_NETWORK,,45,100,仲間と描く未来の居場所を選び直す時,{event_date}前後は、友人、地域、コミュニティとの関わりから、将来どこで誰と暮らしたいかという新しい構想が生まれます。選んだ家族のようなつながりに希望を感じる一方、共感だけで生活上の負担まで共有できると思い込みやすいでしょう。理想を語りつつ、役割と距離の取り方を確かめてください。,aspect_cluster;mercury;venus;outer_planets,1
2026_08_FIVE_PLANET_NETWORK_S04_N12,2026_08_FIVE_PLANET_NETWORK,2026-08,aspect_cluster,2026-08-10T00:00:00+09:00,2026-08-12T12:39:00+09:00,2026-08-13T23:59:59+09:00,0,MERCURY|VENUS|URANUS|NEPTUNE|PLUTO,MERCURY:LEO|VENUS:LIBRA|URANUS:GEMINI|NEPTUNE:ARIES|PLUTO:AQUARIUS,MERCURY-PLUTO:180|MERCURY-NEPTUNE:120|MERCURY-URANUS:60|VENUS-NEPTUNE:180|VENUS-URANUS:120|VENUS-PLUTO:120,2,5,not_applicable,MERCURY,4,12,anchor_house,MERCURY|VENUS|URANUS|NEPTUNE|PLUTO,swiss_ephemeris,COMPOSITE:FIVE_PLANET_NETWORK:2026-08-12,around_day,AUG_OUTER_NETWORK,,45,100,心の奥に残る家族の記憶をほどく時,{event_date}前後は、昔の住まい、家族から受けた影響、言葉にならない安心や孤独の記憶が浮かびやすくなります。水星と金星が深い変化を意識へ運ぶため、理解が進む一方、夢や不安を現在の事実と思いやすい時でもあります。一人で静かに休み、繰り返し現れる感情を記録してから扱ってください。,aspect_cluster;mercury;venus;outer_planets,1
2026_08_FIVE_PLANET_NETWORK_S05_N01,2026_08_FIVE_PLANET_NETWORK,2026-08,aspect_cluster,2026-08-10T00:00:00+09:00,2026-08-12T12:39:00+09:00,2026-08-13T23:59:59+09:00,0,MERCURY|VENUS|URANUS|NEPTUNE|PLUTO,MERCURY:LEO|VENUS:LIBRA|URANUS:GEMINI|NEPTUNE:ARIES|PLUTO:AQUARIUS,MERCURY-PLUTO:180|MERCURY-NEPTUNE:120|MERCURY-URANUS:60|VENUS-NEPTUNE:180|VENUS-URANUS:120|VENUS-PLUTO:120,2,5,not_applicable,MERCURY,5,1,anchor_house,MERCURY|VENUS|URANUS|NEPTUNE|PLUTO,swiss_ephemeris,COMPOSITE:FIVE_PLANET_NETWORK:2026-08-12,around_day,AUG_OUTER_NETWORK,,45,100,好きな表現を通して自分を更新する時,{event_date}前後は、創作、恋愛、遊びの中で感じる高揚が、装い、振る舞い、自分の見せ方を新しくします。水星と金星が外惑星の刺激を運ぶため、意外な魅力や個性を試しやすい一方、強い反応を確かな自己像と思い込みやすいでしょう。周囲の評価より、自分が自然に続けられる表現を選んでください。,aspect_cluster;mercury;venus;outer_planets,1
2026_08_FIVE_PLANET_NETWORK_S05_N02,2026_08_FIVE_PLANET_NETWORK,2026-08,aspect_cluster,2026-08-10T00:00:00+09:00,2026-08-12T12:39:00+09:00,2026-08-13T23:59:59+09:00,0,MERCURY|VENUS|URANUS|NEPTUNE|PLUTO,MERCURY:LEO|VENUS:LIBRA|URANUS:GEMINI|NEPTUNE:ARIES|PLUTO:AQUARIUS,MERCURY-PLUTO:180|MERCURY-NEPTUNE:120|MERCURY-URANUS:60|VENUS-NEPTUNE:180|VENUS-URANUS:120|VENUS-PLUTO:120,2,5,not_applicable,MERCURY,5,2,anchor_house,MERCURY|VENUS|URANUS|NEPTUNE|PLUTO,swiss_ephemeris,COMPOSITE:FIVE_PLANET_NETWORK:2026-08-12,around_day,AUG_OUTER_NETWORK,,45,100,才能と楽しみに注ぐ価値を選び直す時,{event_date}前後は、好きなことや得意な表現へ、お金、時間、道具をどれだけ注ぐかを考え直します。新しい才能の活かし方が見える反面、ときめきの強さから費用や成果を楽観視しやすい時でもあります。予算と試す期間を決め、自分の価値を売上や反応だけで測らないようにしましょう。,aspect_cluster;mercury;venus;outer_planets,1
2026_08_FIVE_PLANET_NETWORK_S05_N03,2026_08_FIVE_PLANET_NETWORK,2026-08,aspect_cluster,2026-08-10T00:00:00+09:00,2026-08-12T12:39:00+09:00,2026-08-13T23:59:59+09:00,0,MERCURY|VENUS|URANUS|NEPTUNE|PLUTO,MERCURY:LEO|VENUS:LIBRA|URANUS:GEMINI|NEPTUNE:ARIES|PLUTO:AQUARIUS,MERCURY-PLUTO:180|MERCURY-NEPTUNE:120|MERCURY-URANUS:60|VENUS-NEPTUNE:180|VENUS-URANUS:120|VENUS-PLUTO:120,2,5,not_applicable,MERCURY,5,3,anchor_house,MERCURY|VENUS|URANUS|NEPTUNE|PLUTO,swiss_ephemeris,COMPOSITE:FIVE_PLANET_NETWORK:2026-08-12,around_day,AUG_OUTER_NETWORK,,45,100,遊び心のある言葉から表現が広がる時,{event_date}前後は、文章、会話、短い発信、身近な学びに遊び心が加わり、独創的な表現が生まれやすくなります。恋や創作に関する連絡も活発になりますが、面白い言葉を相手の本心や確約と受け取りやすいでしょう。ひらめきは下書きに残し、大事な返事だけは意味を確認してください。,aspect_cluster;mercury;venus;outer_planets,1
2026_08_FIVE_PLANET_NETWORK_S05_N04,2026_08_FIVE_PLANET_NETWORK,2026-08,aspect_cluster,2026-08-10T00:00:00+09:00,2026-08-12T12:39:00+09:00,2026-08-13T23:59:59+09:00,0,MERCURY|VENUS|URANUS|NEPTUNE|PLUTO,MERCURY:LEO|VENUS:LIBRA|URANUS:GEMINI|NEPTUNE:ARIES|PLUTO:AQUARIUS,MERCURY-PLUTO:180|MERCURY-NEPTUNE:120|MERCURY-URANUS:60|VENUS-NEPTUNE:180|VENUS-URANUS:120|VENUS-PLUTO:120,2,5,not_applicable,MERCURY,5,4,anchor_house,MERCURY|VENUS|URANUS|NEPTUNE|PLUTO,swiss_ephemeris,COMPOSITE:FIVE_PLANET_NETWORK:2026-08-12,around_day,AUG_OUTER_NETWORK,,45,100,安心できる場所で喜びを育て直す時,{event_date}前後は、家の中で楽しめる創作、家族や子どもとの遊び、心からくつろげる時間が暮らしを新鮮にします。過去に諦めた楽しみを取り戻せる一方、理想の家族像を現実の相手へ重ねると期待が重くなります。誰もが同じ楽しみ方をする前提を置かず、自分から小さな喜びを作ってください。,aspect_cluster;mercury;venus;outer_planets,1
2026_08_FIVE_PLANET_NETWORK_S05_N05,2026_08_FIVE_PLANET_NETWORK,2026-08,aspect_cluster,2026-08-10T00:00:00+09:00,2026-08-12T12:39:00+09:00,2026-08-13T23:59:59+09:00,0,MERCURY|VENUS|URANUS|NEPTUNE|PLUTO,MERCURY:LEO|VENUS:LIBRA|URANUS:GEMINI|NEPTUNE:ARIES|PLUTO:AQUARIUS,MERCURY-PLUTO:180|MERCURY-NEPTUNE:120|MERCURY-URANUS:60|VENUS-NEPTUNE:180|VENUS-URANUS:120|VENUS-PLUTO:120,2,5,not_applicable,MERCURY,5,5,anchor_house,MERCURY|VENUS|URANUS|NEPTUNE|PLUTO,swiss_ephemeris,COMPOSITE:FIVE_PLANET_NETWORK:2026-08-12,around_day,AUG_OUTER_NETWORK,,45,100,創作と恋の熱気を新しい形へ変える時,{event_date}前後は、創作、恋愛、遊び、自己表現への意欲が強まり、これまで選ばなかった方法を大胆に試したくなります。魅力と発想が連動する濃い時期ですが、高揚を長期的な確信と取り違えると判断が早くなります。完成や関係の結論を急がず、今しか出ないアイデアと感情を丁寧に残しましょう。,aspect_cluster;mercury;venus;outer_planets,1
2026_08_FIVE_PLANET_NETWORK_S05_N06,2026_08_FIVE_PLANET_NETWORK,2026-08,aspect_cluster,2026-08-10T00:00:00+09:00,2026-08-12T12:39:00+09:00,2026-08-13T23:59:59+09:00,0,MERCURY|VENUS|URANUS|NEPTUNE|PLUTO,MERCURY:LEO|VENUS:LIBRA|URANUS:GEMINI|NEPTUNE:ARIES|PLUTO:AQUARIUS,MERCURY-PLUTO:180|MERCURY-NEPTUNE:120|MERCURY-URANUS:60|VENUS-NEPTUNE:180|VENUS-URANUS:120|VENUS-PLUTO:120,2,5,not_applicable,MERCURY,5,6,anchor_house,MERCURY|VENUS|URANUS|NEPTUNE|PLUTO,swiss_ephemeris,COMPOSITE:FIVE_PLANET_NETWORK:2026-08-12,around_day,AUG_OUTER_NETWORK,,45,100,楽しみを日々の仕事と習慣へ根づかせる時,{event_date}前後は、好きなことを仕事の手順、生活習慣、身体を整える時間へ取り入れる工夫が浮かびます。創造的な改善には向きますが、楽しい案を増やしすぎると日課が複雑になり、かえって続きません。毎日無理なくできる一つを選び、体調と作業量を見ながら定着させてください。,aspect_cluster;mercury;venus;outer_planets,1
2026_08_FIVE_PLANET_NETWORK_S05_N07,2026_08_FIVE_PLANET_NETWORK,2026-08,aspect_cluster,2026-08-10T00:00:00+09:00,2026-08-12T12:39:00+09:00,2026-08-13T23:59:59+09:00,0,MERCURY|VENUS|URANUS|NEPTUNE|PLUTO,MERCURY:LEO|VENUS:LIBRA|URANUS:GEMINI|NEPTUNE:ARIES|PLUTO:AQUARIUS,MERCURY-PLUTO:180|MERCURY-NEPTUNE:120|MERCURY-URANUS:60|VENUS-NEPTUNE:180|VENUS-URANUS:120|VENUS-PLUTO:120,2,5,not_applicable,MERCURY,5,7,anchor_house,MERCURY|VENUS|URANUS|NEPTUNE|PLUTO,swiss_ephemeris,COMPOSITE:FIVE_PLANET_NETWORK:2026-08-12,around_day,AUG_OUTER_NETWORK,,45,100,恋と創作の対話から関係を見直す時,{event_date}前後は、恋愛相手や創作の協力者との対話を通して、互いの好み、楽しみ方、表現したいものが鮮明になります。強く惹かれる出会いや提案が起こりやすい一方、魅力を相性の保証と思うと約束が先走ります。気持ちを楽しみながら、相手の希望と実際にできることを確認しましょう。,aspect_cluster;mercury;venus;outer_planets,1
2026_08_FIVE_PLANET_NETWORK_S05_N08,2026_08_FIVE_PLANET_NETWORK,2026-08,aspect_cluster,2026-08-10T00:00:00+09:00,2026-08-12T12:39:00+09:00,2026-08-13T23:59:59+09:00,0,MERCURY|VENUS|URANUS|NEPTUNE|PLUTO,MERCURY:LEO|VENUS:LIBRA|URANUS:GEMINI|NEPTUNE:ARIES|PLUTO:AQUARIUS,MERCURY-PLUTO:180|MERCURY-NEPTUNE:120|MERCURY-URANUS:60|VENUS-NEPTUNE:180|VENUS-URANUS:120|VENUS-PLUTO:120,2,5,not_applicable,MERCURY,5,8,anchor_house,MERCURY|VENUS|URANUS|NEPTUNE|PLUTO,swiss_ephemeris,COMPOSITE:FIVE_PLANET_NETWORK:2026-08-12,around_day,AUG_OUTER_NETWORK,,45,100,深い情熱と共有する負担を見極める時,{event_date}前後は、恋や創作への情熱が深まり、誰かと資金、秘密、強い感情を共有する場面が増えやすくなります。心を開くことが変化につながる一方、刺激の強さから相手へ過度な期待を寄せたり、金銭的な負担を曖昧にしたりしがちです。親密さと契約を分け、共有範囲を具体的に決めてください。,aspect_cluster;mercury;venus;outer_planets,1
2026_08_FIVE_PLANET_NETWORK_S05_N09,2026_08_FIVE_PLANET_NETWORK,2026-08,aspect_cluster,2026-08-10T00:00:00+09:00,2026-08-12T12:39:00+09:00,2026-08-13T23:59:59+09:00,0,MERCURY|VENUS|URANUS|NEPTUNE|PLUTO,MERCURY:LEO|VENUS:LIBRA|URANUS:GEMINI|NEPTUNE:ARIES|PLUTO:AQUARIUS,MERCURY-PLUTO:180|MERCURY-NEPTUNE:120|MERCURY-URANUS:60|VENUS-NEPTUNE:180|VENUS-URANUS:120|VENUS-PLUTO:120,2,5,not_applicable,MERCURY,5,9,anchor_house,MERCURY|VENUS|URANUS|NEPTUNE|PLUTO,swiss_ephemeris,COMPOSITE:FIVE_PLANET_NETWORK:2026-08-12,around_day,AUG_OUTER_NETWORK,,45,100,冒険的な学びから創作の世界を広げる時,{event_date}前後は、旅、専門的な学び、異文化との出会いが、創作や恋愛観へ新しい刺激を与えます。大胆なテーマや発信に挑戦しやすい一方、魅力的な思想を自分の体験以上に語ると内容が薄くなりやすいでしょう。心を動かされた理由を自分の言葉で掘り下げ、作品や学びへ落とし込んでください。,aspect_cluster;mercury;venus;outer_planets,1
2026_08_FIVE_PLANET_NETWORK_S05_N10,2026_08_FIVE_PLANET_NETWORK,2026-08,aspect_cluster,2026-08-10T00:00:00+09:00,2026-08-12T12:39:00+09:00,2026-08-13T23:59:59+09:00,0,MERCURY|VENUS|URANUS|NEPTUNE|PLUTO,MERCURY:LEO|VENUS:LIBRA|URANUS:GEMINI|NEPTUNE:ARIES|PLUTO:AQUARIUS,MERCURY-PLUTO:180|MERCURY-NEPTUNE:120|MERCURY-URANUS:60|VENUS-NEPTUNE:180|VENUS-URANUS:120|VENUS-PLUTO:120,2,5,not_applicable,MERCURY,5,10,anchor_house,MERCURY|VENUS|URANUS|NEPTUNE|PLUTO,swiss_ephemeris,COMPOSITE:FIVE_PLANET_NETWORK:2026-08-12,around_day,AUG_OUTER_NETWORK,,45,100,創造性を社会で見せる形へ整える時,{event_date}前後は、作品、企画、得意分野を人前に出し、仕事上の評価や役割へつなげたい気持ちが強まります。目を引く表現や新しい見せ方には力がありますが、注目を成果の確定と受け取ると準備が不足します。伝えたい価値と実行条件を整え、試作品や小さな発表から反応を確かめてください。,aspect_cluster;mercury;venus;outer_planets,1
2026_08_FIVE_PLANET_NETWORK_S05_N11,2026_08_FIVE_PLANET_NETWORK,2026-08,aspect_cluster,2026-08-10T00:00:00+09:00,2026-08-12T12:39:00+09:00,2026-08-13T23:59:59+09:00,0,MERCURY|VENUS|URANUS|NEPTUNE|PLUTO,MERCURY:LEO|VENUS:LIBRA|URANUS:GEMINI|NEPTUNE:ARIES|PLUTO:AQUARIUS,MERCURY-PLUTO:180|MERCURY-NEPTUNE:120|MERCURY-URANUS:60|VENUS-NEPTUNE:180|VENUS-URANUS:120|VENUS-PLUTO:120,2,5,not_applicable,MERCURY,5,11,anchor_house,MERCURY|VENUS|URANUS|NEPTUNE|PLUTO,swiss_ephemeris,COMPOSITE:FIVE_PLANET_NETWORK:2026-08-12,around_day,AUG_OUTER_NETWORK,,45,100,仲間と楽しむ企画から未来を描く時,{event_date}前後は、友人やコミュニティと創作、遊び、イベントを共有することで、新しい未来計画が動き始めます。個性的な仲間との交流は刺激になりますが、場の盛り上がりを継続的な参加意思と思い込みやすい時でもあります。まず短い企画を試し、役割と負担を確認してから広げましょう。,aspect_cluster;mercury;venus;outer_planets,1
2026_08_FIVE_PLANET_NETWORK_S05_N12,2026_08_FIVE_PLANET_NETWORK,2026-08,aspect_cluster,2026-08-10T00:00:00+09:00,2026-08-12T12:39:00+09:00,2026-08-13T23:59:59+09:00,0,MERCURY|VENUS|URANUS|NEPTUNE|PLUTO,MERCURY:LEO|VENUS:LIBRA|URANUS:GEMINI|NEPTUNE:ARIES|PLUTO:AQUARIUS,MERCURY-PLUTO:180|MERCURY-NEPTUNE:120|MERCURY-URANUS:60|VENUS-NEPTUNE:180|VENUS-URANUS:120|VENUS-PLUTO:120,2,5,not_applicable,MERCURY,5,12,anchor_house,MERCURY|VENUS|URANUS|NEPTUNE|PLUTO,swiss_ephemeris,COMPOSITE:FIVE_PLANET_NETWORK:2026-08-12,around_day,AUG_OUTER_NETWORK,,45,100,誰にも見せない創作で心を解放する時,{event_date}前後は、一人の時間、夢、音楽や物語の世界から、まだ人に見せたくない創作や恋の感情が育ちます。直感的な表現は豊かですが、現実逃避と心の回復を混同すると生活との境界が曖昧になります。評価を求めずに作品や感情を記録し、休息を守れる範囲で静かに味わってください。,aspect_cluster;mercury;venus;outer_planets,1
2026_08_FIVE_PLANET_NETWORK_S06_N01,2026_08_FIVE_PLANET_NETWORK,2026-08,aspect_cluster,2026-08-10T00:00:00+09:00,2026-08-12T12:39:00+09:00,2026-08-13T23:59:59+09:00,0,MERCURY|VENUS|URANUS|NEPTUNE|PLUTO,MERCURY:LEO|VENUS:LIBRA|URANUS:GEMINI|NEPTUNE:ARIES|PLUTO:AQUARIUS,MERCURY-PLUTO:180|MERCURY-NEPTUNE:120|MERCURY-URANUS:60|VENUS-NEPTUNE:180|VENUS-URANUS:120|VENUS-PLUTO:120,2,5,not_applicable,MERCURY,6,1,anchor_house,MERCURY|VENUS|URANUS|NEPTUNE|PLUTO,swiss_ephemeris,COMPOSITE:FIVE_PLANET_NETWORK:2026-08-12,around_day,AUG_OUTER_NETWORK,,45,100,日々の整え方から心身の感覚を更新する時,{event_date}前後は、仕事の進め方、食事や睡眠、身体を動かす習慣を変えることで、自分自身の感覚が新しくなります。便利な方法や魅力的な情報を一度に試したくなりますが、変化が多いほど何が合うのか分からなくなるでしょう。記録できる一項目だけを選び、無理なく続くかを確かめてください。,aspect_cluster;mercury;venus;outer_planets,1
2026_08_FIVE_PLANET_NETWORK_S06_N02,2026_08_FIVE_PLANET_NETWORK,2026-08,aspect_cluster,2026-08-10T00:00:00+09:00,2026-08-12T12:39:00+09:00,2026-08-13T23:59:59+09:00,0,MERCURY|VENUS|URANUS|NEPTUNE|PLUTO,MERCURY:LEO|VENUS:LIBRA|URANUS:GEMINI|NEPTUNE:ARIES|PLUTO:AQUARIUS,MERCURY-PLUTO:180|MERCURY-NEPTUNE:120|MERCURY-URANUS:60|VENUS-NEPTUNE:180|VENUS-URANUS:120|VENUS-PLUTO:120,2,5,not_applicable,MERCURY,6,2,anchor_house,MERCURY|VENUS|URANUS|NEPTUNE|PLUTO,swiss_ephemeris,COMPOSITE:FIVE_PLANET_NETWORK:2026-08-12,around_day,AUG_OUTER_NETWORK,,45,100,働く条件と日常の費用を見直していく時,{event_date}前後は、日々の仕事から得る対価と、通勤、道具、身体管理に使う費用の釣り合いを考え直します。効率化への投資には可能性がありますが、便利そうという印象だけで選ぶと固定費や手間が増えやすいでしょう。時間と金額を数字で比べ、自分の負担を確実に減らすものから導入してください。,aspect_cluster;mercury;venus;outer_planets,1
2026_08_FIVE_PLANET_NETWORK_S06_N03,2026_08_FIVE_PLANET_NETWORK,2026-08,aspect_cluster,2026-08-10T00:00:00+09:00,2026-08-12T12:39:00+09:00,2026-08-13T23:59:59+09:00,0,MERCURY|VENUS|URANUS|NEPTUNE|PLUTO,MERCURY:LEO|VENUS:LIBRA|URANUS:GEMINI|NEPTUNE:ARIES|PLUTO:AQUARIUS,MERCURY-PLUTO:180|MERCURY-NEPTUNE:120|MERCURY-URANUS:60|VENUS-NEPTUNE:180|VENUS-URANUS:120|VENUS-PLUTO:120,2,5,not_applicable,MERCURY,6,3,anchor_house,MERCURY|VENUS|URANUS|NEPTUNE|PLUTO,swiss_ephemeris,COMPOSITE:FIVE_PLANET_NETWORK:2026-08-12,around_day,AUG_OUTER_NETWORK,,45,100,仕事の連絡と手順を簡潔に組み直す時,{event_date}前後は、職場の連絡、予定管理、書類、短い移動を見直し、日々の作業を分かりやすく変える案が浮かびます。情報の流れが速くなる一方、複数の方法を同時に使うと確認漏れや伝達のずれが増えます。連絡先と手順を一つにまとめ、重要事項は相手と復唱して確かめてください。,aspect_cluster;mercury;venus;outer_planets,1
2026_08_FIVE_PLANET_NETWORK_S06_N04,2026_08_FIVE_PLANET_NETWORK,2026-08,aspect_cluster,2026-08-10T00:00:00+09:00,2026-08-12T12:39:00+09:00,2026-08-13T23:59:59+09:00,0,MERCURY|VENUS|URANUS|NEPTUNE|PLUTO,MERCURY:LEO|VENUS:LIBRA|URANUS:GEMINI|NEPTUNE:ARIES|PLUTO:AQUARIUS,MERCURY-PLUTO:180|MERCURY-NEPTUNE:120|MERCURY-URANUS:60|VENUS-NEPTUNE:180|VENUS-URANUS:120|VENUS-PLUTO:120,2,5,not_applicable,MERCURY,6,4,anchor_house,MERCURY|VENUS|URANUS|NEPTUNE|PLUTO,swiss_ephemeris,COMPOSITE:FIVE_PLANET_NETWORK:2026-08-12,around_day,AUG_OUTER_NETWORK,,45,100,家事と家族の世話を持続できる形へ変える時,{event_date}前後は、家事、在宅での仕事、家族への気遣いを見直し、家の中の日課を新しい形へ組み替えたくなります。善意から多くを引き受けやすい一方、理想的な分担を急ぐと実際の生活時間を見落とします。毎日の作業量を見える形にし、誰が続けられるかを基準に役割を決めましょう。,aspect_cluster;mercury;venus;outer_planets,1
2026_08_FIVE_PLANET_NETWORK_S06_N05,2026_08_FIVE_PLANET_NETWORK,2026-08,aspect_cluster,2026-08-10T00:00:00+09:00,2026-08-12T12:39:00+09:00,2026-08-13T23:59:59+09:00,0,MERCURY|VENUS|URANUS|NEPTUNE|PLUTO,MERCURY:LEO|VENUS:LIBRA|URANUS:GEMINI|NEPTUNE:ARIES|PLUTO:AQUARIUS,MERCURY-PLUTO:180|MERCURY-NEPTUNE:120|MERCURY-URANUS:60|VENUS-NEPTUNE:180|VENUS-URANUS:120|VENUS-PLUTO:120,2,5,not_applicable,MERCURY,6,5,anchor_house,MERCURY|VENUS|URANUS|NEPTUNE|PLUTO,swiss_ephemeris,COMPOSITE:FIVE_PLANET_NETWORK:2026-08-12,around_day,AUG_OUTER_NETWORK,,45,100,創造性を日々の仕事へ無理なく活かす時,{event_date}前後は、創作、遊び心、好きな表現を仕事や生活習慣へ取り入れ、退屈な作業を新鮮にする工夫が生まれます。面白い方法を次々と試したくなりますが、楽しさだけで手順を変えると必要な確認が抜けやすいでしょう。小さな改善を一つ選び、品質と負担の両方を比べてください。,aspect_cluster;mercury;venus;outer_planets,1
2026_08_FIVE_PLANET_NETWORK_S06_N06,2026_08_FIVE_PLANET_NETWORK,2026-08,aspect_cluster,2026-08-10T00:00:00+09:00,2026-08-12T12:39:00+09:00,2026-08-13T23:59:59+09:00,0,MERCURY|VENUS|URANUS|NEPTUNE|PLUTO,MERCURY:LEO|VENUS:LIBRA|URANUS:GEMINI|NEPTUNE:ARIES|PLUTO:AQUARIUS,MERCURY-PLUTO:180|MERCURY-NEPTUNE:120|MERCURY-URANUS:60|VENUS-NEPTUNE:180|VENUS-URANUS:120|VENUS-PLUTO:120,2,5,not_applicable,MERCURY,6,6,anchor_house,MERCURY|VENUS|URANUS|NEPTUNE|PLUTO,swiss_ephemeris,COMPOSITE:FIVE_PLANET_NETWORK:2026-08-12,around_day,AUG_OUTER_NETWORK,,45,100,仕事と身体管理の仕組みを根本から整える時,{event_date}前後は、作業手順、役割分担、睡眠や食事などの日課に潜んでいた無理が見え、仕組みから直したくなります。新しい知識や道具は助けになりますが、理想の管理法を詰め込むほど日常が窮屈になりやすいでしょう。最も負担の大きい習慣を一つ特定し、休息を含めて組み直してください。,aspect_cluster;mercury;venus;outer_planets,1
2026_08_FIVE_PLANET_NETWORK_S06_N07,2026_08_FIVE_PLANET_NETWORK,2026-08,aspect_cluster,2026-08-10T00:00:00+09:00,2026-08-12T12:39:00+09:00,2026-08-13T23:59:59+09:00,0,MERCURY|VENUS|URANUS|NEPTUNE|PLUTO,MERCURY:LEO|VENUS:LIBRA|URANUS:GEMINI|NEPTUNE:ARIES|PLUTO:AQUARIUS,MERCURY-PLUTO:180|MERCURY-NEPTUNE:120|MERCURY-URANUS:60|VENUS-NEPTUNE:180|VENUS-URANUS:120|VENUS-PLUTO:120,2,5,not_applicable,MERCURY,6,7,anchor_house,MERCURY|VENUS|URANUS|NEPTUNE|PLUTO,swiss_ephemeris,COMPOSITE:FIVE_PLANET_NETWORK:2026-08-12,around_day,AUG_OUTER_NETWORK,,45,100,協力相手との実務と役割を調整する時,{event_date}前後は、同僚、顧客、パートナーとの日常的な協力を見直し、担当、連絡方法、互いの負担を調整する必要が高まります。感じよく進めたい気持ちから曖昧な依頼を受けやすい一方、急な変更も増えやすいでしょう。好意と業務条件を分け、期限と責任の範囲を言葉で確認してください。,aspect_cluster;mercury;venus;outer_planets,1
2026_08_FIVE_PLANET_NETWORK_S06_N08,2026_08_FIVE_PLANET_NETWORK,2026-08,aspect_cluster,2026-08-10T00:00:00+09:00,2026-08-12T12:39:00+09:00,2026-08-13T23:59:59+09:00,0,MERCURY|VENUS|URANUS|NEPTUNE|PLUTO,MERCURY:LEO|VENUS:LIBRA|URANUS:GEMINI|NEPTUNE:ARIES|PLUTO:AQUARIUS,MERCURY-PLUTO:180|MERCURY-NEPTUNE:120|MERCURY-URANUS:60|VENUS-NEPTUNE:180|VENUS-URANUS:120|VENUS-PLUTO:120,2,5,not_applicable,MERCURY,6,8,anchor_house,MERCURY|VENUS|URANUS|NEPTUNE|PLUTO,swiss_ephemeris,COMPOSITE:FIVE_PLANET_NETWORK:2026-08-12,around_day,AUG_OUTER_NETWORK,,45,100,見えない実務負担と共有責任を整理する時,{event_date}前後は、誰かの代わりに続けてきた作業、共同の支払い、秘密を守るための気遣いなど、見えにくい負担が表面化します。根本的な改善案が浮かぶ一方、不安から相手の責任まで背負うと状況がさらに曖昧になります。作業、金額、期限を一覧にし、自分が担う範囲を明確にしてください。,aspect_cluster;mercury;venus;outer_planets,1
2026_08_FIVE_PLANET_NETWORK_S06_N09,2026_08_FIVE_PLANET_NETWORK,2026-08,aspect_cluster,2026-08-10T00:00:00+09:00,2026-08-12T12:39:00+09:00,2026-08-13T23:59:59+09:00,0,MERCURY|VENUS|URANUS|NEPTUNE|PLUTO,MERCURY:LEO|VENUS:LIBRA|URANUS:GEMINI|NEPTUNE:ARIES|PLUTO:AQUARIUS,MERCURY-PLUTO:180|MERCURY-NEPTUNE:120|MERCURY-URANUS:60|VENUS-NEPTUNE:180|VENUS-URANUS:120|VENUS-PLUTO:120,2,5,not_applicable,MERCURY,6,9,anchor_house,MERCURY|VENUS|URANUS|NEPTUNE|PLUTO,swiss_ephemeris,COMPOSITE:FIVE_PLANET_NETWORK:2026-08-12,around_day,AUG_OUTER_NETWORK,,45,100,学んだ方法を日々の実務へ落とし込む時,{event_date}前後は、専門知識、研修、異なる文化の働き方から、毎日の仕事や身体管理を変えるヒントを得られます。新しい理論に希望を感じやすい一方、理解しただけで実行できると思うと現場とのずれが出ます。学びを小さな手順へ翻訳し、実際の時間と環境に合うかを試してください。,aspect_cluster;mercury;venus;outer_planets,1
2026_08_FIVE_PLANET_NETWORK_S06_N10,2026_08_FIVE_PLANET_NETWORK,2026-08,aspect_cluster,2026-08-10T00:00:00+09:00,2026-08-12T12:39:00+09:00,2026-08-13T23:59:59+09:00,0,MERCURY|VENUS|URANUS|NEPTUNE|PLUTO,MERCURY:LEO|VENUS:LIBRA|URANUS:GEMINI|NEPTUNE:ARIES|PLUTO:AQUARIUS,MERCURY-PLUTO:180|MERCURY-NEPTUNE:120|MERCURY-URANUS:60|VENUS-NEPTUNE:180|VENUS-URANUS:120|VENUS-PLUTO:120,2,5,not_applicable,MERCURY,6,10,anchor_house,MERCURY|VENUS|URANUS|NEPTUNE|PLUTO,swiss_ephemeris,COMPOSITE:FIVE_PLANET_NETWORK:2026-08-12,around_day,AUG_OUTER_NETWORK,,45,100,日々の仕事ぶりから社会的役割を変える時,{event_date}前後は、丁寧な実務、働く姿勢、日々積み重ねてきた技能が、新しい役割や評価につながる可能性を示します。改善案を公にする力は高まりますが、期待されるまま責任を増やすと生活の余力を見落とします。成果だけでなく必要時間も示し、続けられる条件で役割を調整してください。,aspect_cluster;mercury;venus;outer_planets,1
2026_08_FIVE_PLANET_NETWORK_S06_N11,2026_08_FIVE_PLANET_NETWORK,2026-08,aspect_cluster,2026-08-10T00:00:00+09:00,2026-08-12T12:39:00+09:00,2026-08-13T23:59:59+09:00,0,MERCURY|VENUS|URANUS|NEPTUNE|PLUTO,MERCURY:LEO|VENUS:LIBRA|URANUS:GEMINI|NEPTUNE:ARIES|PLUTO:AQUARIUS,MERCURY-PLUTO:180|MERCURY-NEPTUNE:120|MERCURY-URANUS:60|VENUS-NEPTUNE:180|VENUS-URANUS:120|VENUS-PLUTO:120,2,5,not_applicable,MERCURY,6,11,anchor_house,MERCURY|VENUS|URANUS|NEPTUNE|PLUTO,swiss_ephemeris,COMPOSITE:FIVE_PLANET_NETWORK:2026-08-12,around_day,AUG_OUTER_NETWORK,,45,100,チームの日課と協力の仕組みを更新する時,{event_date}前後は、仲間やコミュニティの日常業務を見直し、連絡、当番、共同作業を新しい仕組みへ変える案が生まれます。多様な発想が集まる一方、全員が同じ熱量で継続できると思うと一部へ負担が偏ります。実際に動ける人数と時間を確認し、短い試行期間を設けてください。,aspect_cluster;mercury;venus;outer_planets,1
2026_08_FIVE_PLANET_NETWORK_S06_N12,2026_08_FIVE_PLANET_NETWORK,2026-08,aspect_cluster,2026-08-10T00:00:00+09:00,2026-08-12T12:39:00+09:00,2026-08-13T23:59:59+09:00,0,MERCURY|VENUS|URANUS|NEPTUNE|PLUTO,MERCURY:LEO|VENUS:LIBRA|URANUS:GEMINI|NEPTUNE:ARIES|PLUTO:AQUARIUS,MERCURY-PLUTO:180|MERCURY-NEPTUNE:120|MERCURY-URANUS:60|VENUS-NEPTUNE:180|VENUS-URANUS:120|VENUS-PLUTO:120,2,5,not_applicable,MERCURY,6,12,anchor_house,MERCURY|VENUS|URANUS|NEPTUNE|PLUTO,swiss_ephemeris,COMPOSITE:FIVE_PLANET_NETWORK:2026-08-12,around_day,AUG_OUTER_NETWORK,,45,100,見えない疲れと習慣を静かに手放す時,{event_date}前後は、無意識に続けてきた作業、誰にも見えない気遣い、休息を削る生活習慣へ気づきやすくなります。心身を整える新しい情報が増えますが、不安から管理項目を増やすほど休みにくくなるでしょう。何もしない時間を予定に含め、終えてよい作業を一つ手放してください。,aspect_cluster;mercury;venus;outer_planets,1
2026_08_FIVE_PLANET_NETWORK_S07_N01,2026_08_FIVE_PLANET_NETWORK,2026-08,aspect_cluster,2026-08-10T00:00:00+09:00,2026-08-12T12:39:00+09:00,2026-08-13T23:59:59+09:00,0,MERCURY|VENUS|URANUS|NEPTUNE|PLUTO,MERCURY:LEO|VENUS:LIBRA|URANUS:GEMINI|NEPTUNE:ARIES|PLUTO:AQUARIUS,MERCURY-PLUTO:180|MERCURY-NEPTUNE:120|MERCURY-URANUS:60|VENUS-NEPTUNE:180|VENUS-URANUS:120|VENUS-PLUTO:120,2,5,not_applicable,MERCURY,7,1,anchor_house,MERCURY|VENUS|URANUS|NEPTUNE|PLUTO,swiss_ephemeris,COMPOSITE:FIVE_PLANET_NETWORK:2026-08-12,around_day,AUG_OUTER_NETWORK,,45,100,相手との対話から自分の輪郭を引き直す時,{event_date}前後は、重要な相手の言葉や反応を通して、自分の見せ方、望む関係、譲れない境界が新しくなります。強く惹かれる出会いや意外な提案が起こりやすい一方、相手の期待を自分の意思と思い込みやすいでしょう。相手に合わせる前に、自分が選びたいことを短い言葉で確かめてください。,aspect_cluster;mercury;venus;outer_planets,1
2026_08_FIVE_PLANET_NETWORK_S07_N02,2026_08_FIVE_PLANET_NETWORK,2026-08,aspect_cluster,2026-08-10T00:00:00+09:00,2026-08-12T12:39:00+09:00,2026-08-13T23:59:59+09:00,0,MERCURY|VENUS|URANUS|NEPTUNE|PLUTO,MERCURY:LEO|VENUS:LIBRA|URANUS:GEMINI|NEPTUNE:ARIES|PLUTO:AQUARIUS,MERCURY-PLUTO:180|MERCURY-NEPTUNE:120|MERCURY-URANUS:60|VENUS-NEPTUNE:180|VENUS-URANUS:120|VENUS-PLUTO:120,2,5,not_applicable,MERCURY,7,2,anchor_house,MERCURY|VENUS|URANUS|NEPTUNE|PLUTO,swiss_ephemeris,COMPOSITE:FIVE_PLANET_NETWORK:2026-08-12,around_day,AUG_OUTER_NETWORK,,45,100,関係の価値と対価を率直に話し合う時,{event_date}前後は、パートナーや取引相手との間で、お金、贈り物、報酬、互いが大切にする価値観を見直す流れが強まります。好意的な雰囲気や魅力的な条件に期待が膨らみますが、曖昧なまま進めると負担の差が残ります。金額と役割を具体的にし、自分の価値を相手の評価だけに預けないでください。,aspect_cluster;mercury;venus;outer_planets,1
2026_08_FIVE_PLANET_NETWORK_S07_N03,2026_08_FIVE_PLANET_NETWORK,2026-08,aspect_cluster,2026-08-10T00:00:00+09:00,2026-08-12T12:39:00+09:00,2026-08-13T23:59:59+09:00,0,MERCURY|VENUS|URANUS|NEPTUNE|PLUTO,MERCURY:LEO|VENUS:LIBRA|URANUS:GEMINI|NEPTUNE:ARIES|PLUTO:AQUARIUS,MERCURY-PLUTO:180|MERCURY-NEPTUNE:120|MERCURY-URANUS:60|VENUS-NEPTUNE:180|VENUS-URANUS:120|VENUS-PLUTO:120,2,5,not_applicable,MERCURY,7,3,anchor_house,MERCURY|VENUS|URANUS|NEPTUNE|PLUTO,swiss_ephemeris,COMPOSITE:FIVE_PLANET_NETWORK:2026-08-12,around_day,AUG_OUTER_NETWORK,,45,100,対話の方法を変え互いの理解を深める時,{event_date}前後は、一対一の会話、相談、交渉を通して、関係の前提を新しい言葉へ置き換えられます。独創的な提案や率直な意見が刺激になりますが、言葉の印象を相手の確定した意思と思うと誤解が生まれます。聞いた内容を言い換えて返し、合意できた点と保留点を分けてください。,aspect_cluster;mercury;venus;outer_planets,1
2026_08_FIVE_PLANET_NETWORK_S07_N04,2026_08_FIVE_PLANET_NETWORK,2026-08,aspect_cluster,2026-08-10T00:00:00+09:00,2026-08-12T12:39:00+09:00,2026-08-13T23:59:59+09:00,0,MERCURY|VENUS|URANUS|NEPTUNE|PLUTO,MERCURY:LEO|VENUS:LIBRA|URANUS:GEMINI|NEPTUNE:ARIES|PLUTO:AQUARIUS,MERCURY-PLUTO:180|MERCURY-NEPTUNE:120|MERCURY-URANUS:60|VENUS-NEPTUNE:180|VENUS-URANUS:120|VENUS-PLUTO:120,2,5,not_applicable,MERCURY,7,4,anchor_house,MERCURY|VENUS|URANUS|NEPTUNE|PLUTO,swiss_ephemeris,COMPOSITE:FIVE_PLANET_NETWORK:2026-08-12,around_day,AUG_OUTER_NETWORK,,45,100,二人の居場所と家族との距離を整える時,{event_date}前後は、パートナーとの住まい、家族との関わり、互いが安心できる居場所について新しい話が動きやすくなります。理想の暮らしを描く力は高まりますが、昔の不安や家族像を現在の相手へ重ねると判断が揺れます。希望と現実の条件を分け、生活時間や距離を具体的に確認しましょう。,aspect_cluster;mercury;venus;outer_planets,1
2026_08_FIVE_PLANET_NETWORK_S07_N05,2026_08_FIVE_PLANET_NETWORK,2026-08,aspect_cluster,2026-08-10T00:00:00+09:00,2026-08-12T12:39:00+09:00,2026-08-13T23:59:59+09:00,0,MERCURY|VENUS|URANUS|NEPTUNE|PLUTO,MERCURY:LEO|VENUS:LIBRA|URANUS:GEMINI|NEPTUNE:ARIES|PLUTO:AQUARIUS,MERCURY-PLUTO:180|MERCURY-NEPTUNE:120|MERCURY-URANUS:60|VENUS-NEPTUNE:180|VENUS-URANUS:120|VENUS-PLUTO:120,2,5,not_applicable,MERCURY,7,5,anchor_house,MERCURY|VENUS|URANUS|NEPTUNE|PLUTO,swiss_ephemeris,COMPOSITE:FIVE_PLANET_NETWORK:2026-08-12,around_day,AUG_OUTER_NETWORK,,45,100,恋と共同創作の楽しみ方を更新する時,{event_date}前後は、恋愛相手や創作の協力者との関係に新しい刺激が入り、互いの個性を活かす表現が生まれやすくなります。ときめきと発想が同時に広がる一方、盛り上がりを継続的な約束や評価と取り違えやすいでしょう。まず一緒に試せる小さな企画を選び、楽しみ方の違いも尊重してください。,aspect_cluster;mercury;venus;outer_planets,1
2026_08_FIVE_PLANET_NETWORK_S07_N06,2026_08_FIVE_PLANET_NETWORK,2026-08,aspect_cluster,2026-08-10T00:00:00+09:00,2026-08-12T12:39:00+09:00,2026-08-13T23:59:59+09:00,0,MERCURY|VENUS|URANUS|NEPTUNE|PLUTO,MERCURY:LEO|VENUS:LIBRA|URANUS:GEMINI|NEPTUNE:ARIES|PLUTO:AQUARIUS,MERCURY-PLUTO:180|MERCURY-NEPTUNE:120|MERCURY-URANUS:60|VENUS-NEPTUNE:180|VENUS-URANUS:120|VENUS-PLUTO:120,2,5,not_applicable,MERCURY,7,6,anchor_house,MERCURY|VENUS|URANUS|NEPTUNE|PLUTO,swiss_ephemeris,COMPOSITE:FIVE_PLANET_NETWORK:2026-08-12,around_day,AUG_OUTER_NETWORK,,45,100,日々の協力と世話の分担を見直していく時,{event_date}前後は、パートナー、同僚、顧客との日常的な協力を見直し、作業、家事、気遣いの分担を変える必要が見えてきます。感じよく応えたい気持ちから相手の負担まで引き受けやすく、変更案も増えがちです。誰が、いつ、何をするかを整理し、続けられる範囲で約束してください。,aspect_cluster;mercury;venus;outer_planets,1
2026_08_FIVE_PLANET_NETWORK_S07_N07,2026_08_FIVE_PLANET_NETWORK,2026-08,aspect_cluster,2026-08-10T00:00:00+09:00,2026-08-12T12:39:00+09:00,2026-08-13T23:59:59+09:00,0,MERCURY|VENUS|URANUS|NEPTUNE|PLUTO,MERCURY:LEO|VENUS:LIBRA|URANUS:GEMINI|NEPTUNE:ARIES|PLUTO:AQUARIUS,MERCURY-PLUTO:180|MERCURY-NEPTUNE:120|MERCURY-URANUS:60|VENUS-NEPTUNE:180|VENUS-URANUS:120|VENUS-PLUTO:120,2,5,not_applicable,MERCURY,7,7,anchor_house,MERCURY|VENUS|URANUS|NEPTUNE|PLUTO,swiss_ephemeris,COMPOSITE:FIVE_PLANET_NETWORK:2026-08-12,around_day,AUG_OUTER_NETWORK,,45,100,一対一の関係を新しい前提で結び直す時,{event_date}前後は、恋愛、結婚、契約、重要な協力関係にある前提が揺れ、互いに望む形を根本から話し直したくなります。強い魅力と変化への期待が重なるため、分かり合えた感覚だけで結論を急ぎやすいでしょう。好意、希望、責任、期限を分けて確認し、対等に選べる余地を残してください。,aspect_cluster;mercury;venus;outer_planets,1
2026_08_FIVE_PLANET_NETWORK_S07_N08,2026_08_FIVE_PLANET_NETWORK,2026-08,aspect_cluster,2026-08-10T00:00:00+09:00,2026-08-12T12:39:00+09:00,2026-08-13T23:59:59+09:00,0,MERCURY|VENUS|URANUS|NEPTUNE|PLUTO,MERCURY:LEO|VENUS:LIBRA|URANUS:GEMINI|NEPTUNE:ARIES|PLUTO:AQUARIUS,MERCURY-PLUTO:180|MERCURY-NEPTUNE:120|MERCURY-URANUS:60|VENUS-NEPTUNE:180|VENUS-URANUS:120|VENUS-PLUTO:120,2,5,not_applicable,MERCURY,7,8,anchor_house,MERCURY|VENUS|URANUS|NEPTUNE|PLUTO,swiss_ephemeris,COMPOSITE:FIVE_PLANET_NETWORK:2026-08-12,around_day,AUG_OUTER_NETWORK,,45,100,親密さと共有する責任の境界を引く時,{event_date}前後は、深い信頼、秘密、共有資産、互いの責任について踏み込んだ対話が起こりやすくなります。関係を変える本音が出る一方、不安や魅力によって相手の意図を深読みし、負担まで一体化しやすい時でもあります。感情を受け止めつつ、金額や約束は資料と言葉で明確にしてください。,aspect_cluster;mercury;venus;outer_planets,1
2026_08_FIVE_PLANET_NETWORK_S07_N09,2026_08_FIVE_PLANET_NETWORK,2026-08,aspect_cluster,2026-08-10T00:00:00+09:00,2026-08-12T12:39:00+09:00,2026-08-13T23:59:59+09:00,0,MERCURY|VENUS|URANUS|NEPTUNE|PLUTO,MERCURY:LEO|VENUS:LIBRA|URANUS:GEMINI|NEPTUNE:ARIES|PLUTO:AQUARIUS,MERCURY-PLUTO:180|MERCURY-NEPTUNE:120|MERCURY-URANUS:60|VENUS-NEPTUNE:180|VENUS-URANUS:120|VENUS-PLUTO:120,2,5,not_applicable,MERCURY,7,9,anchor_house,MERCURY|VENUS|URANUS|NEPTUNE|PLUTO,swiss_ephemeris,COMPOSITE:FIVE_PLANET_NETWORK:2026-08-12,around_day,AUG_OUTER_NETWORK,,45,100,異なる考えを持つ相手と世界を広げる時,{event_date}前後は、異文化、専門分野、遠い土地と関わる相手との交流から、自分の常識や関係観が大きく広がります。刺激的な思想や将来像に惹かれますが、価値観の一致を生活上の相性まで保証するものと思いやすいでしょう。違いを否定せず、現実に共有できる時間と目的を確かめてください。,aspect_cluster;mercury;venus;outer_planets,1
2026_08_FIVE_PLANET_NETWORK_S07_N10,2026_08_FIVE_PLANET_NETWORK,2026-08,aspect_cluster,2026-08-10T00:00:00+09:00,2026-08-12T12:39:00+09:00,2026-08-13T23:59:59+09:00,0,MERCURY|VENUS|URANUS|NEPTUNE|PLUTO,MERCURY:LEO|VENUS:LIBRA|URANUS:GEMINI|NEPTUNE:ARIES|PLUTO:AQUARIUS,MERCURY-PLUTO:180|MERCURY-NEPTUNE:120|MERCURY-URANUS:60|VENUS-NEPTUNE:180|VENUS-URANUS:120|VENUS-PLUTO:120,2,5,not_applicable,MERCURY,7,10,anchor_house,MERCURY|VENUS|URANUS|NEPTUNE|PLUTO,swiss_ephemeris,COMPOSITE:FIVE_PLANET_NETWORK:2026-08-12,around_day,AUG_OUTER_NETWORK,,45,100,仕事上の協力関係と契約を刷新する時,{event_date}前後は、顧客、上司、専門家、共同事業者との関係が、社会的な役割や今後の仕事を変えるきっかけになります。魅力的な提携や新しい評価に期待が集まりますが、肩書や印象だけでは責任の範囲が分かりません。目的、報酬、権限、期限を書面で確認し、続けられる条件を選んでください。,aspect_cluster;mercury;venus;outer_planets,1
2026_08_FIVE_PLANET_NETWORK_S07_N11,2026_08_FIVE_PLANET_NETWORK,2026-08,aspect_cluster,2026-08-10T00:00:00+09:00,2026-08-12T12:39:00+09:00,2026-08-13T23:59:59+09:00,0,MERCURY|VENUS|URANUS|NEPTUNE|PLUTO,MERCURY:LEO|VENUS:LIBRA|URANUS:GEMINI|NEPTUNE:ARIES|PLUTO:AQUARIUS,MERCURY-PLUTO:180|MERCURY-NEPTUNE:120|MERCURY-URANUS:60|VENUS-NEPTUNE:180|VENUS-URANUS:120|VENUS-PLUTO:120,2,5,not_applicable,MERCURY,7,11,anchor_house,MERCURY|VENUS|URANUS|NEPTUNE|PLUTO,swiss_ephemeris,COMPOSITE:FIVE_PLANET_NETWORK:2026-08-12,around_day,AUG_OUTER_NETWORK,,45,100,仲間との関係を未来の協力へ育てる時,{event_date}前後は、友人、チーム、コミュニティの中から、一対一で深く協力したい相手や新しい計画が見えてきます。共感と斬新な発想が関係を近づけますが、集団の熱気を個人間の確約と思い込みやすい時でもあります。相手の参加意思と役割を個別に確認し、小さな協力から始めましょう。,aspect_cluster;mercury;venus;outer_planets,1
2026_08_FIVE_PLANET_NETWORK_S07_N12,2026_08_FIVE_PLANET_NETWORK,2026-08,aspect_cluster,2026-08-10T00:00:00+09:00,2026-08-12T12:39:00+09:00,2026-08-13T23:59:59+09:00,0,MERCURY|VENUS|URANUS|NEPTUNE|PLUTO,MERCURY:LEO|VENUS:LIBRA|URANUS:GEMINI|NEPTUNE:ARIES|PLUTO:AQUARIUS,MERCURY-PLUTO:180|MERCURY-NEPTUNE:120|MERCURY-URANUS:60|VENUS-NEPTUNE:180|VENUS-URANUS:120|VENUS-PLUTO:120,2,5,not_applicable,MERCURY,7,12,anchor_house,MERCURY|VENUS|URANUS|NEPTUNE|PLUTO,swiss_ephemeris,COMPOSITE:FIVE_PLANET_NETWORK:2026-08-12,around_day,AUG_OUTER_NETWORK,,45,100,見えない関係の癖と期待を静かにほどく時,{event_date}前後は、言えなかった期待、秘密にしてきた関係、無意識に相手へ投影してきた思いが浮かびやすくなります。直感的に相手を理解した感覚が強まりますが、不安や願望を相手の本心と混同しやすいでしょう。すぐに答えを求めず、自分の感情と確認できる事実を別々に書き出してください。,aspect_cluster;mercury;venus;outer_planets,1
2026_08_FIVE_PLANET_NETWORK_S08_N01,2026_08_FIVE_PLANET_NETWORK,2026-08,aspect_cluster,2026-08-10T00:00:00+09:00,2026-08-12T12:39:00+09:00,2026-08-13T23:59:59+09:00,0,MERCURY|VENUS|URANUS|NEPTUNE|PLUTO,MERCURY:LEO|VENUS:LIBRA|URANUS:GEMINI|NEPTUNE:ARIES|PLUTO:AQUARIUS,MERCURY-PLUTO:180|MERCURY-NEPTUNE:120|MERCURY-URANUS:60|VENUS-NEPTUNE:180|VENUS-URANUS:120|VENUS-PLUTO:120,2,5,not_applicable,MERCURY,8,1,anchor_house,MERCURY|VENUS|URANUS|NEPTUNE|PLUTO,swiss_ephemeris,COMPOSITE:FIVE_PLANET_NETWORK:2026-08-12,around_day,AUG_OUTER_NETWORK,,45,100,深い関わりの中で自分の境界を引き直す時,{event_date}前後は、親密な関係、秘密、共有する責任を通して、自分が何を受け入れ、何を守りたいかが鮮明になります。強い魅力や本音の対話が自己像を変える一方、相手の感情まで自分のものとして背負いやすいでしょう。近づくことと同化することを分け、自分で選べる余地を残してください。,aspect_cluster;mercury;venus;outer_planets,1
2026_08_FIVE_PLANET_NETWORK_S08_N02,2026_08_FIVE_PLANET_NETWORK,2026-08,aspect_cluster,2026-08-10T00:00:00+09:00,2026-08-12T12:39:00+09:00,2026-08-13T23:59:59+09:00,0,MERCURY|VENUS|URANUS|NEPTUNE|PLUTO,MERCURY:LEO|VENUS:LIBRA|URANUS:GEMINI|NEPTUNE:ARIES|PLUTO:AQUARIUS,MERCURY-PLUTO:180|MERCURY-NEPTUNE:120|MERCURY-URANUS:60|VENUS-NEPTUNE:180|VENUS-URANUS:120|VENUS-PLUTO:120,2,5,not_applicable,MERCURY,8,2,anchor_house,MERCURY|VENUS|URANUS|NEPTUNE|PLUTO,swiss_ephemeris,COMPOSITE:FIVE_PLANET_NETWORK:2026-08-12,around_day,AUG_OUTER_NETWORK,,45,100,自分のお金と共有資産の境界を整える時,{event_date}前後は、収入や貯蓄と、借入、保険、税、共同資金との関係を見直し、自分の取り分と責任を明確にしたくなります。新しい運用案や支援の話に期待が集まりますが、魅力的な数字だけで判断すると条件を見落とします。残高、期限、名義を資料で確かめ、無理のない範囲を決めてください。,aspect_cluster;mercury;venus;outer_planets,1
2026_08_FIVE_PLANET_NETWORK_S08_N03,2026_08_FIVE_PLANET_NETWORK,2026-08,aspect_cluster,2026-08-10T00:00:00+09:00,2026-08-12T12:39:00+09:00,2026-08-13T23:59:59+09:00,0,MERCURY|VENUS|URANUS|NEPTUNE|PLUTO,MERCURY:LEO|VENUS:LIBRA|URANUS:GEMINI|NEPTUNE:ARIES|PLUTO:AQUARIUS,MERCURY-PLUTO:180|MERCURY-NEPTUNE:120|MERCURY-URANUS:60|VENUS-NEPTUNE:180|VENUS-URANUS:120|VENUS-PLUTO:120,2,5,not_applicable,MERCURY,8,3,anchor_house,MERCURY|VENUS|URANUS|NEPTUNE|PLUTO,swiss_ephemeris,COMPOSITE:FIVE_PLANET_NETWORK:2026-08-12,around_day,AUG_OUTER_NETWORK,,45,100,言いにくい話を事実から丁寧に進める時,{event_date}前後は、共有資産、秘密、信頼に関する話を避けずに伝え、曖昧だった問題を整理する機会が生まれます。核心を突く言葉が変化を促しますが、断片的な情報から相手の意図を深読みしやすい時でもあります。感情を認めつつ、確認できる数字と約束から順に話してください。,aspect_cluster;mercury;venus;outer_planets,1
2026_08_FIVE_PLANET_NETWORK_S08_N04,2026_08_FIVE_PLANET_NETWORK,2026-08,aspect_cluster,2026-08-10T00:00:00+09:00,2026-08-12T12:39:00+09:00,2026-08-13T23:59:59+09:00,0,MERCURY|VENUS|URANUS|NEPTUNE|PLUTO,MERCURY:LEO|VENUS:LIBRA|URANUS:GEMINI|NEPTUNE:ARIES|PLUTO:AQUARIUS,MERCURY-PLUTO:180|MERCURY-NEPTUNE:120|MERCURY-URANUS:60|VENUS-NEPTUNE:180|VENUS-URANUS:120|VENUS-PLUTO:120,2,5,not_applicable,MERCURY,8,4,anchor_house,MERCURY|VENUS|URANUS|NEPTUNE|PLUTO,swiss_ephemeris,COMPOSITE:FIVE_PLANET_NETWORK:2026-08-12,around_day,AUG_OUTER_NETWORK,,45,100,家族から受け継いだ負担と資産を見直す時,{event_date}前後は、家族との共有財産、住まい、相続に関する話や、代々受け継いできた感情的な役割が表面化します。過去を根本から整理する力が働く一方、記憶と現在の契約条件が混ざると判断が揺れます。家族への思いと資料上の事実を分け、必要なら時間を置いて話し合いましょう。,aspect_cluster;mercury;venus;outer_planets,1
2026_08_FIVE_PLANET_NETWORK_S08_N05,2026_08_FIVE_PLANET_NETWORK,2026-08,aspect_cluster,2026-08-10T00:00:00+09:00,2026-08-12T12:39:00+09:00,2026-08-13T23:59:59+09:00,0,MERCURY|VENUS|URANUS|NEPTUNE|PLUTO,MERCURY:LEO|VENUS:LIBRA|URANUS:GEMINI|NEPTUNE:ARIES|PLUTO:AQUARIUS,MERCURY-PLUTO:180|MERCURY-NEPTUNE:120|MERCURY-URANUS:60|VENUS-NEPTUNE:180|VENUS-URANUS:120|VENUS-PLUTO:120,2,5,not_applicable,MERCURY,8,5,anchor_house,MERCURY|VENUS|URANUS|NEPTUNE|PLUTO,swiss_ephemeris,COMPOSITE:FIVE_PLANET_NETWORK:2026-08-12,around_day,AUG_OUTER_NETWORK,,45,100,情熱と創作に伴う共有負担を見極める時,{event_date}前後は、恋愛や創作への情熱が深まり、資金、秘密、強い感情を誰かと共有する場面が増えやすくなります。濃い結びつきから新しい表現が生まれる一方、高揚を理由に金銭や責任の範囲を曖昧にしがちです。楽しさを守るためにも、負担額、所有権、互いの役割を先に確認してください。,aspect_cluster;mercury;venus;outer_planets,1
2026_08_FIVE_PLANET_NETWORK_S08_N06,2026_08_FIVE_PLANET_NETWORK,2026-08,aspect_cluster,2026-08-10T00:00:00+09:00,2026-08-12T12:39:00+09:00,2026-08-13T23:59:59+09:00,0,MERCURY|VENUS|URANUS|NEPTUNE|PLUTO,MERCURY:LEO|VENUS:LIBRA|URANUS:GEMINI|NEPTUNE:ARIES|PLUTO:AQUARIUS,MERCURY-PLUTO:180|MERCURY-NEPTUNE:120|MERCURY-URANUS:60|VENUS-NEPTUNE:180|VENUS-URANUS:120|VENUS-PLUTO:120,2,5,not_applicable,MERCURY,8,6,anchor_house,MERCURY|VENUS|URANUS|NEPTUNE|PLUTO,swiss_ephemeris,COMPOSITE:FIVE_PLANET_NETWORK:2026-08-12,around_day,AUG_OUTER_NETWORK,,45,100,日々に潜む共同負担を実務から整理する時,{event_date}前後は、職場や家庭で代わりに担ってきた作業、共同の支払い、世話の責任が見えやすくなります。根本的な改善策を思いつける一方、相手を助けたい気持ちから負担を増やすと日常が続きません。作業と金額を一覧にし、自分が担う範囲と休む時間を具体的に決めてください。,aspect_cluster;mercury;venus;outer_planets,1
2026_08_FIVE_PLANET_NETWORK_S08_N07,2026_08_FIVE_PLANET_NETWORK,2026-08,aspect_cluster,2026-08-10T00:00:00+09:00,2026-08-12T12:39:00+09:00,2026-08-13T23:59:59+09:00,0,MERCURY|VENUS|URANUS|NEPTUNE|PLUTO,MERCURY:LEO|VENUS:LIBRA|URANUS:GEMINI|NEPTUNE:ARIES|PLUTO:AQUARIUS,MERCURY-PLUTO:180|MERCURY-NEPTUNE:120|MERCURY-URANUS:60|VENUS-NEPTUNE:180|VENUS-URANUS:120|VENUS-PLUTO:120,2,5,not_applicable,MERCURY,8,7,anchor_house,MERCURY|VENUS|URANUS|NEPTUNE|PLUTO,swiss_ephemeris,COMPOSITE:FIVE_PLANET_NETWORK:2026-08-12,around_day,AUG_OUTER_NETWORK,,45,100,信頼関係と共有する責任を結び直す時,{event_date}前後は、パートナーや重要な相手と、親密さ、秘密、共同資産、互いの責任について深く話す流れが強まります。本音が関係を変える一方、強い魅力や不安を合意と取り違えると約束が先走ります。気持ちを尊重しながら、金額、期限、選択権を言葉で確かめてください。,aspect_cluster;mercury;venus;outer_planets,1
2026_08_FIVE_PLANET_NETWORK_S08_N08,2026_08_FIVE_PLANET_NETWORK,2026-08,aspect_cluster,2026-08-10T00:00:00+09:00,2026-08-12T12:39:00+09:00,2026-08-13T23:59:59+09:00,0,MERCURY|VENUS|URANUS|NEPTUNE|PLUTO,MERCURY:LEO|VENUS:LIBRA|URANUS:GEMINI|NEPTUNE:ARIES|PLUTO:AQUARIUS,MERCURY-PLUTO:180|MERCURY-NEPTUNE:120|MERCURY-URANUS:60|VENUS-NEPTUNE:180|VENUS-URANUS:120|VENUS-PLUTO:120,2,5,not_applicable,MERCURY,8,8,anchor_house,MERCURY|VENUS|URANUS|NEPTUNE|PLUTO,swiss_ephemeris,COMPOSITE:FIVE_PLANET_NETWORK:2026-08-12,around_day,AUG_OUTER_NETWORK,,45,100,深い結びつきと共有資産を根本から整える時,{event_date}前後は、長く曖昧だった共有資産、借入、秘密、心の依存関係を見直し、関わり方を根本から変えたくなります。直感的な理解と大胆な決断力が働きますが、不安と期待が混ざるほど事実確認が後回しになります。すぐに一体化や断絶を選ばず、資料と対話をそろえて判断してください。,aspect_cluster;mercury;venus;outer_planets,1
2026_08_FIVE_PLANET_NETWORK_S08_N09,2026_08_FIVE_PLANET_NETWORK,2026-08,aspect_cluster,2026-08-10T00:00:00+09:00,2026-08-12T12:39:00+09:00,2026-08-13T23:59:59+09:00,0,MERCURY|VENUS|URANUS|NEPTUNE|PLUTO,MERCURY:LEO|VENUS:LIBRA|URANUS:GEMINI|NEPTUNE:ARIES|PLUTO:AQUARIUS,MERCURY-PLUTO:180|MERCURY-NEPTUNE:120|MERCURY-URANUS:60|VENUS-NEPTUNE:180|VENUS-URANUS:120|VENUS-PLUTO:120,2,5,not_applicable,MERCURY,8,9,anchor_house,MERCURY|VENUS|URANUS|NEPTUNE|PLUTO,swiss_ephemeris,COMPOSITE:FIVE_PLANET_NETWORK:2026-08-12,around_day,AUG_OUTER_NETWORK,,45,100,信頼に関する考えを学び直し広げる時,{event_date}前後は、心理、法律、金融、異文化の関係観を学ぶことで、信頼や共有の意味を新しく捉え直せます。専門的な知識が解決の手掛かりになりますが、魅力的な理論を自分の事情へそのまま当てはめると条件を見落とします。学んだ内容と自分の契約や関係を分け、必要な確認を重ねてください。,aspect_cluster;mercury;venus;outer_planets,1
2026_08_FIVE_PLANET_NETWORK_S08_N10,2026_08_FIVE_PLANET_NETWORK,2026-08,aspect_cluster,2026-08-10T00:00:00+09:00,2026-08-12T12:39:00+09:00,2026-08-13T23:59:59+09:00,0,MERCURY|VENUS|URANUS|NEPTUNE|PLUTO,MERCURY:LEO|VENUS:LIBRA|URANUS:GEMINI|NEPTUNE:ARIES|PLUTO:AQUARIUS,MERCURY-PLUTO:180|MERCURY-NEPTUNE:120|MERCURY-URANUS:60|VENUS-NEPTUNE:180|VENUS-URANUS:120|VENUS-PLUTO:120,2,5,not_applicable,MERCURY,8,10,anchor_house,MERCURY|VENUS|URANUS|NEPTUNE|PLUTO,swiss_ephemeris,COMPOSITE:FIVE_PLANET_NETWORK:2026-08-12,around_day,AUG_OUTER_NETWORK,,45,100,仕事上の資金と影響力を透明に整える時,{event_date}前後は、組織の予算、共同事業、報酬の裏側にある条件や、仕事で扱う権限を見直す必要が高まります。新しい提携や資金計画に可能性が見える一方、肩書や信頼だけで責任の所在を曖昧にしやすいでしょう。決裁者、金額、権限、期限を確認し、説明できる形で残してください。,aspect_cluster;mercury;venus;outer_planets,1
2026_08_FIVE_PLANET_NETWORK_S08_N11,2026_08_FIVE_PLANET_NETWORK,2026-08,aspect_cluster,2026-08-10T00:00:00+09:00,2026-08-12T12:39:00+09:00,2026-08-13T23:59:59+09:00,0,MERCURY|VENUS|URANUS|NEPTUNE|PLUTO,MERCURY:LEO|VENUS:LIBRA|URANUS:GEMINI|NEPTUNE:ARIES|PLUTO:AQUARIUS,MERCURY-PLUTO:180|MERCURY-NEPTUNE:120|MERCURY-URANUS:60|VENUS-NEPTUNE:180|VENUS-URANUS:120|VENUS-PLUTO:120,2,5,not_applicable,MERCURY,8,11,anchor_house,MERCURY|VENUS|URANUS|NEPTUNE|PLUTO,swiss_ephemeris,COMPOSITE:FIVE_PLANET_NETWORK:2026-08-12,around_day,AUG_OUTER_NETWORK,,45,100,仲間と共有する資源と責任を見直す時,{event_date}前後は、チームやコミュニティで集める資金、情報、技能を、どの目的へどう配るかを考え直します。共感から支援や協力が広がる一方、集団の理想を理由に個人の負担を見えなくしやすい時でもあります。会計と役割を公開し、参加者が選び直せる仕組みを整えてください。,aspect_cluster;mercury;venus;outer_planets,1
2026_08_FIVE_PLANET_NETWORK_S08_N12,2026_08_FIVE_PLANET_NETWORK,2026-08,aspect_cluster,2026-08-10T00:00:00+09:00,2026-08-12T12:39:00+09:00,2026-08-13T23:59:59+09:00,0,MERCURY|VENUS|URANUS|NEPTUNE|PLUTO,MERCURY:LEO|VENUS:LIBRA|URANUS:GEMINI|NEPTUNE:ARIES|PLUTO:AQUARIUS,MERCURY-PLUTO:180|MERCURY-NEPTUNE:120|MERCURY-URANUS:60|VENUS-NEPTUNE:180|VENUS-URANUS:120|VENUS-PLUTO:120,2,5,not_applicable,MERCURY,8,12,anchor_house,MERCURY|VENUS|URANUS|NEPTUNE|PLUTO,swiss_ephemeris,COMPOSITE:FIVE_PLANET_NETWORK:2026-08-12,around_day,AUG_OUTER_NETWORK,,45,100,見えない執着と負担を静かに手放していく時,{event_date}前後は、誰にも話していない借り、秘密の関係、罪悪感から続けてきた負担が心の奥から浮かびやすくなります。手放しの直感が働く一方、不安や夢を現在の事実と混同すると結論が極端になります。まず一人で記録を整理し、自分だけで背負う必要のないものから距離を置いてください。,aspect_cluster;mercury;venus;outer_planets,1
2026_08_FIVE_PLANET_NETWORK_S09_N01,2026_08_FIVE_PLANET_NETWORK,2026-08,aspect_cluster,2026-08-10T00:00:00+09:00,2026-08-12T12:39:00+09:00,2026-08-13T23:59:59+09:00,0,MERCURY|VENUS|URANUS|NEPTUNE|PLUTO,MERCURY:LEO|VENUS:LIBRA|URANUS:GEMINI|NEPTUNE:ARIES|PLUTO:AQUARIUS,MERCURY-PLUTO:180|MERCURY-NEPTUNE:120|MERCURY-URANUS:60|VENUS-NEPTUNE:180|VENUS-URANUS:120|VENUS-PLUTO:120,2,5,not_applicable,MERCURY,9,1,anchor_house,MERCURY|VENUS|URANUS|NEPTUNE|PLUTO,swiss_ephemeris,COMPOSITE:FIVE_PLANET_NETWORK:2026-08-12,around_day,AUG_OUTER_NETWORK,,45,100,新しい世界観から自分の生き方を選び直す時,{event_date}前後は、専門的な学び、遠い文化、旅の計画に触れることで、自分がどんな人として生きたいかが大きく変わります。大胆な思想や魅力的な言葉が自己像を広げる一方、一時の高揚を確かな進路と思いやすいでしょう。学んだ内容を自分の言葉で説明し、日常で試せる一歩から始めてください。,aspect_cluster;mercury;venus;outer_planets,1
2026_08_FIVE_PLANET_NETWORK_S09_N02,2026_08_FIVE_PLANET_NETWORK,2026-08,aspect_cluster,2026-08-10T00:00:00+09:00,2026-08-12T12:39:00+09:00,2026-08-13T23:59:59+09:00,0,MERCURY|VENUS|URANUS|NEPTUNE|PLUTO,MERCURY:LEO|VENUS:LIBRA|URANUS:GEMINI|NEPTUNE:ARIES|PLUTO:AQUARIUS,MERCURY-PLUTO:180|MERCURY-NEPTUNE:120|MERCURY-URANUS:60|VENUS-NEPTUNE:180|VENUS-URANUS:120|VENUS-PLUTO:120,2,5,not_applicable,MERCURY,9,2,anchor_house,MERCURY|VENUS|URANUS|NEPTUNE|PLUTO,swiss_ephemeris,COMPOSITE:FIVE_PLANET_NETWORK:2026-08-12,around_day,AUG_OUTER_NETWORK,,45,100,学びと旅へ注ぐ価値と資源を選び直す時,{event_date}前後は、専門教育、資格、出版、遠方への移動に、お金と時間をどれだけ使うかを考え直します。将来を変えそうな機会に惹かれますが、理想的な説明だけで費用や必要期間を小さく見積もりやすい時でもあります。目的、総額、継続条件を並べ、自分の価値観に合うものを選んでください。,aspect_cluster;mercury;venus;outer_planets,1
2026_08_FIVE_PLANET_NETWORK_S09_N03,2026_08_FIVE_PLANET_NETWORK,2026-08,aspect_cluster,2026-08-10T00:00:00+09:00,2026-08-12T12:39:00+09:00,2026-08-13T23:59:59+09:00,0,MERCURY|VENUS|URANUS|NEPTUNE|PLUTO,MERCURY:LEO|VENUS:LIBRA|URANUS:GEMINI|NEPTUNE:ARIES|PLUTO:AQUARIUS,MERCURY-PLUTO:180|MERCURY-NEPTUNE:120|MERCURY-URANUS:60|VENUS-NEPTUNE:180|VENUS-URANUS:120|VENUS-PLUTO:120,2,5,not_applicable,MERCURY,9,3,anchor_house,MERCURY|VENUS|URANUS|NEPTUNE|PLUTO,swiss_ephemeris,COMPOSITE:FIVE_PLANET_NETWORK:2026-08-12,around_day,AUG_OUTER_NETWORK,,45,100,大きな学びを身近な言葉へ翻訳する時,{event_date}前後は、専門知識や異文化の考えを学び、文章、会話、短い発信を通して周囲へ伝えたくなります。理解の飛躍や独創的な説明が生まれる一方、確認していない内容まで事実として広めやすいでしょう。出典を確かめ、自分の解釈である部分を明示してから共有してください。,aspect_cluster;mercury;venus;outer_planets,1
2026_08_FIVE_PLANET_NETWORK_S09_N04,2026_08_FIVE_PLANET_NETWORK,2026-08,aspect_cluster,2026-08-10T00:00:00+09:00,2026-08-12T12:39:00+09:00,2026-08-13T23:59:59+09:00,0,MERCURY|VENUS|URANUS|NEPTUNE|PLUTO,MERCURY:LEO|VENUS:LIBRA|URANUS:GEMINI|NEPTUNE:ARIES|PLUTO:AQUARIUS,MERCURY-PLUTO:180|MERCURY-NEPTUNE:120|MERCURY-URANUS:60|VENUS-NEPTUNE:180|VENUS-URANUS:120|VENUS-PLUTO:120,2,5,not_applicable,MERCURY,9,4,anchor_house,MERCURY|VENUS|URANUS|NEPTUNE|PLUTO,swiss_ephemeris,COMPOSITE:FIVE_PLANET_NETWORK:2026-08-12,around_day,AUG_OUTER_NETWORK,,45,100,故郷の価値観を越え新しい居場所を考える時,{event_date}前後は、家族から受け継いだ常識と、新しい学びや遠い土地の文化を比べ、安心できる場所の意味を考え直します。別の暮らしへの憧れが強まりますが、理想の場所を現在の問題から逃れる答えと思うと条件を見落とします。今いる家で変えられることと、移動に準備が要ることを分けてください。,aspect_cluster;mercury;venus;outer_planets,1
2026_08_FIVE_PLANET_NETWORK_S09_N05,2026_08_FIVE_PLANET_NETWORK,2026-08,aspect_cluster,2026-08-10T00:00:00+09:00,2026-08-12T12:39:00+09:00,2026-08-13T23:59:59+09:00,0,MERCURY|VENUS|URANUS|NEPTUNE|PLUTO,MERCURY:LEO|VENUS:LIBRA|URANUS:GEMINI|NEPTUNE:ARIES|PLUTO:AQUARIUS,MERCURY-PLUTO:180|MERCURY-NEPTUNE:120|MERCURY-URANUS:60|VENUS-NEPTUNE:180|VENUS-URANUS:120|VENUS-PLUTO:120,2,5,not_applicable,MERCURY,9,5,anchor_house,MERCURY|VENUS|URANUS|NEPTUNE|PLUTO,swiss_ephemeris,COMPOSITE:FIVE_PLANET_NETWORK:2026-08-12,around_day,AUG_OUTER_NETWORK,,45,100,冒険的な学びを創作と喜びへ変える時,{event_date}前後は、旅、専門分野、異文化との出会いが、創作、恋愛、遊びへ新しい物語と刺激をもたらします。大胆な表現や未知の相手に惹かれやすい一方、心の高鳴りを理解や相性の確かさと取り違えがちです。結論より体験を大切にし、感じたことを作品や記録へ残しましょう。,aspect_cluster;mercury;venus;outer_planets,1
2026_08_FIVE_PLANET_NETWORK_S09_N06,2026_08_FIVE_PLANET_NETWORK,2026-08,aspect_cluster,2026-08-10T00:00:00+09:00,2026-08-12T12:39:00+09:00,2026-08-13T23:59:59+09:00,0,MERCURY|VENUS|URANUS|NEPTUNE|PLUTO,MERCURY:LEO|VENUS:LIBRA|URANUS:GEMINI|NEPTUNE:ARIES|PLUTO:AQUARIUS,MERCURY-PLUTO:180|MERCURY-NEPTUNE:120|MERCURY-URANUS:60|VENUS-NEPTUNE:180|VENUS-URANUS:120|VENUS-PLUTO:120,2,5,not_applicable,MERCURY,9,6,anchor_house,MERCURY|VENUS|URANUS|NEPTUNE|PLUTO,swiss_ephemeris,COMPOSITE:FIVE_PLANET_NETWORK:2026-08-12,around_day,AUG_OUTER_NETWORK,,45,100,学んだ知識を仕事と日常へ落とし込む時,{event_date}前後は、研修、専門知識、異なる働き方から、仕事の手順や生活習慣を更新する実用的なヒントを得られます。新しい理論を一度に導入すると、現場の条件や身体の負担を見落としやすいでしょう。学びを小さな作業へ分け、一つずつ試して効果と続けやすさを比べてください。,aspect_cluster;mercury;venus;outer_planets,1
2026_08_FIVE_PLANET_NETWORK_S09_N07,2026_08_FIVE_PLANET_NETWORK,2026-08,aspect_cluster,2026-08-10T00:00:00+09:00,2026-08-12T12:39:00+09:00,2026-08-13T23:59:59+09:00,0,MERCURY|VENUS|URANUS|NEPTUNE|PLUTO,MERCURY:LEO|VENUS:LIBRA|URANUS:GEMINI|NEPTUNE:ARIES|PLUTO:AQUARIUS,MERCURY-PLUTO:180|MERCURY-NEPTUNE:120|MERCURY-URANUS:60|VENUS-NEPTUNE:180|VENUS-URANUS:120|VENUS-PLUTO:120,2,5,not_applicable,MERCURY,9,7,anchor_house,MERCURY|VENUS|URANUS|NEPTUNE|PLUTO,swiss_ephemeris,COMPOSITE:FIVE_PLANET_NETWORK:2026-08-12,around_day,AUG_OUTER_NETWORK,,45,100,異なる世界を持つ相手と理解を広げる時,{event_date}前後は、遠方の相手、専門家、異なる文化や信念を持つ人との交流が、関係観を大きく広げます。刺激的な対話から新しい協力が生まれる一方、思想の一致を生活上の相性や契約の確かさと混同しやすいでしょう。違いを楽しみつつ、現実に共有できる目的と条件を確認してください。,aspect_cluster;mercury;venus;outer_planets,1
2026_08_FIVE_PLANET_NETWORK_S09_N08,2026_08_FIVE_PLANET_NETWORK,2026-08,aspect_cluster,2026-08-10T00:00:00+09:00,2026-08-12T12:39:00+09:00,2026-08-13T23:59:59+09:00,0,MERCURY|VENUS|URANUS|NEPTUNE|PLUTO,MERCURY:LEO|VENUS:LIBRA|URANUS:GEMINI|NEPTUNE:ARIES|PLUTO:AQUARIUS,MERCURY-PLUTO:180|MERCURY-NEPTUNE:120|MERCURY-URANUS:60|VENUS-NEPTUNE:180|VENUS-URANUS:120|VENUS-PLUTO:120,2,5,not_applicable,MERCURY,9,8,anchor_house,MERCURY|VENUS|URANUS|NEPTUNE|PLUTO,swiss_ephemeris,COMPOSITE:FIVE_PLANET_NETWORK:2026-08-12,around_day,AUG_OUTER_NETWORK,,45,100,深い研究から信頼と共有の意味を学び直す時,{event_date}前後は、心理、法律、金融、継承に関する専門知識を通して、信頼や共有責任を深く理解し直せます。核心に迫る情報は問題を変える力になりますが、複雑な理論を自分の状況へそのまま当てはめると判断が偏ります。資料上の事実と学んだ解釈を分け、必要な確認を重ねてください。,aspect_cluster;mercury;venus;outer_planets,1
2026_08_FIVE_PLANET_NETWORK_S09_N09,2026_08_FIVE_PLANET_NETWORK,2026-08,aspect_cluster,2026-08-10T00:00:00+09:00,2026-08-12T12:39:00+09:00,2026-08-13T23:59:59+09:00,0,MERCURY|VENUS|URANUS|NEPTUNE|PLUTO,MERCURY:LEO|VENUS:LIBRA|URANUS:GEMINI|NEPTUNE:ARIES|PLUTO:AQUARIUS,MERCURY-PLUTO:180|MERCURY-NEPTUNE:120|MERCURY-URANUS:60|VENUS-NEPTUNE:180|VENUS-URANUS:120|VENUS-PLUTO:120,2,5,not_applicable,MERCURY,9,9,anchor_house,MERCURY|VENUS|URANUS|NEPTUNE|PLUTO,swiss_ephemeris,COMPOSITE:FIVE_PLANET_NETWORK:2026-08-12,around_day,AUG_OUTER_NETWORK,,45,100,世界観と学びの方向を根本から更新する時,{event_date}前後は、信じてきた思想、専門分野、将来の学び方を見直し、より広い世界へ向かう道を選び直したくなります。直感的な理解と大胆な発想が連動しますが、魅力的な答えを唯一の真実と思うと視野が狭まります。異なる資料や立場を比べ、問いを持ち続けながら学んでください。,aspect_cluster;mercury;venus;outer_planets,1
2026_08_FIVE_PLANET_NETWORK_S09_N10,2026_08_FIVE_PLANET_NETWORK,2026-08,aspect_cluster,2026-08-10T00:00:00+09:00,2026-08-12T12:39:00+09:00,2026-08-13T23:59:59+09:00,0,MERCURY|VENUS|URANUS|NEPTUNE|PLUTO,MERCURY:LEO|VENUS:LIBRA|URANUS:GEMINI|NEPTUNE:ARIES|PLUTO:AQUARIUS,MERCURY-PLUTO:180|MERCURY-NEPTUNE:120|MERCURY-URANUS:60|VENUS-NEPTUNE:180|VENUS-URANUS:120|VENUS-PLUTO:120,2,5,not_applicable,MERCURY,9,10,anchor_house,MERCURY|VENUS|URANUS|NEPTUNE|PLUTO,swiss_ephemeris,COMPOSITE:FIVE_PLANET_NETWORK:2026-08-12,around_day,AUG_OUTER_NETWORK,,45,100,専門性を社会で活かす役割へつなげる時,{event_date}前後は、学んできた知識、資格、出版や発信が、仕事上の役割や社会的な評価へつながる可能性を示します。大きな構想を伝える力は高まりますが、知識の新しさを実績の確定と受け取ると準備が不足します。専門性が役立つ範囲と責任を明示し、小さな実践から信用を積みましょう。,aspect_cluster;mercury;venus;outer_planets,1
2026_08_FIVE_PLANET_NETWORK_S09_N11,2026_08_FIVE_PLANET_NETWORK,2026-08,aspect_cluster,2026-08-10T00:00:00+09:00,2026-08-12T12:39:00+09:00,2026-08-13T23:59:59+09:00,0,MERCURY|VENUS|URANUS|NEPTUNE|PLUTO,MERCURY:LEO|VENUS:LIBRA|URANUS:GEMINI|NEPTUNE:ARIES|PLUTO:AQUARIUS,MERCURY-PLUTO:180|MERCURY-NEPTUNE:120|MERCURY-URANUS:60|VENUS-NEPTUNE:180|VENUS-URANUS:120|VENUS-PLUTO:120,2,5,not_applicable,MERCURY,9,11,anchor_house,MERCURY|VENUS|URANUS|NEPTUNE|PLUTO,swiss_ephemeris,COMPOSITE:FIVE_PLANET_NETWORK:2026-08-12,around_day,AUG_OUTER_NETWORK,,45,100,広い仲間との学びから未来像を描き直す時,{event_date}前後は、国境や分野を越えた仲間、オンラインの学習共同体との交流から、将来計画を変える発想が入ってきます。共通の理想に希望を感じる一方、議論の盛り上がりを実際の協力や参加意思と思い込みやすいでしょう。情報を持ち帰り、誰と何を実行できるかを個別に確かめてください。,aspect_cluster;mercury;venus;outer_planets,1
2026_08_FIVE_PLANET_NETWORK_S09_N12,2026_08_FIVE_PLANET_NETWORK,2026-08,aspect_cluster,2026-08-10T00:00:00+09:00,2026-08-12T12:39:00+09:00,2026-08-13T23:59:59+09:00,0,MERCURY|VENUS|URANUS|NEPTUNE|PLUTO,MERCURY:LEO|VENUS:LIBRA|URANUS:GEMINI|NEPTUNE:ARIES|PLUTO:AQUARIUS,MERCURY-PLUTO:180|MERCURY-NEPTUNE:120|MERCURY-URANUS:60|VENUS-NEPTUNE:180|VENUS-URANUS:120|VENUS-PLUTO:120,2,5,not_applicable,MERCURY,9,12,anchor_house,MERCURY|VENUS|URANUS|NEPTUNE|PLUTO,swiss_ephemeris,COMPOSITE:FIVE_PLANET_NETWORK:2026-08-12,around_day,AUG_OUTER_NETWORK,,45,100,静かな探究で心の世界を広げ直す時,{event_date}前後は、一人での研究、精神的な学び、遠い世界への想像が、表に出していない問いへ新しい答えを運びます。直感は豊かですが、疲れている時ほど理想と現実逃避の境界が曖昧になりやすいでしょう。結論を急がず、心に残る問いと根拠を記録し、休息を守りながら学んでください。,aspect_cluster;mercury;venus;outer_planets,1
2026_08_FIVE_PLANET_NETWORK_S10_N01,2026_08_FIVE_PLANET_NETWORK,2026-08,aspect_cluster,2026-08-10T00:00:00+09:00,2026-08-12T12:39:00+09:00,2026-08-13T23:59:59+09:00,0,MERCURY|VENUS|URANUS|NEPTUNE|PLUTO,MERCURY:LEO|VENUS:LIBRA|URANUS:GEMINI|NEPTUNE:ARIES|PLUTO:AQUARIUS,MERCURY-PLUTO:180|MERCURY-NEPTUNE:120|MERCURY-URANUS:60|VENUS-NEPTUNE:180|VENUS-URANUS:120|VENUS-PLUTO:120,2,5,not_applicable,MERCURY,10,1,anchor_house,MERCURY|VENUS|URANUS|NEPTUNE|PLUTO,swiss_ephemeris,COMPOSITE:FIVE_PLANET_NETWORK:2026-08-12,around_day,AUG_OUTER_NETWORK,,45,100,社会で見せる自分の姿を刷新していく時,{event_date}前後は、仕事上の立場や周囲に見せる姿が変わり、自分の名前で何を引き受けるかを選び直したくなります。水星と金星が長期的な変化を表へ運び、新しい役割に魅力を感じる一方、期待を自分の意思と思いやすいでしょう。肩書より、自分が続けられる行動と責任を基準に決めてください。,aspect_cluster;mercury;venus;outer_planets,1
2026_08_FIVE_PLANET_NETWORK_S10_N02,2026_08_FIVE_PLANET_NETWORK,2026-08,aspect_cluster,2026-08-10T00:00:00+09:00,2026-08-12T12:39:00+09:00,2026-08-13T23:59:59+09:00,0,MERCURY|VENUS|URANUS|NEPTUNE|PLUTO,MERCURY:LEO|VENUS:LIBRA|URANUS:GEMINI|NEPTUNE:ARIES|PLUTO:AQUARIUS,MERCURY-PLUTO:180|MERCURY-NEPTUNE:120|MERCURY-URANUS:60|VENUS-NEPTUNE:180|VENUS-URANUS:120|VENUS-PLUTO:120,2,5,not_applicable,MERCURY,10,2,anchor_house,MERCURY|VENUS|URANUS|NEPTUNE|PLUTO,swiss_ephemeris,COMPOSITE:FIVE_PLANET_NETWORK:2026-08-12,around_day,AUG_OUTER_NETWORK,,45,100,仕事の価値と報酬の基準を更新していく時,{event_date}前後は、自分の仕事が生む価値、受け取る報酬、社会的な評価の釣り合いを見直す流れが強まります。新しい収入や条件の話には可能性がありますが、評価されたい気持ちから負担を小さく見積もりやすいでしょう。報酬、時間、裁量、必要経費を並べ、自分の価値を守れる条件を選んでください。,aspect_cluster;mercury;venus;outer_planets,1
2026_08_FIVE_PLANET_NETWORK_S10_N03,2026_08_FIVE_PLANET_NETWORK,2026-08,aspect_cluster,2026-08-10T00:00:00+09:00,2026-08-12T12:39:00+09:00,2026-08-13T23:59:59+09:00,0,MERCURY|VENUS|URANUS|NEPTUNE|PLUTO,MERCURY:LEO|VENUS:LIBRA|URANUS:GEMINI|NEPTUNE:ARIES|PLUTO:AQUARIUS,MERCURY-PLUTO:180|MERCURY-NEPTUNE:120|MERCURY-URANUS:60|VENUS-NEPTUNE:180|VENUS-URANUS:120|VENUS-PLUTO:120,2,5,not_applicable,MERCURY,10,3,anchor_house,MERCURY|VENUS|URANUS|NEPTUNE|PLUTO,swiss_ephemeris,COMPOSITE:FIVE_PLANET_NETWORK:2026-08-12,around_day,AUG_OUTER_NETWORK,,45,100,仕事で伝える言葉と発信方法を変える時,{event_date}前後は、会議、発表、文章、肩書に伴う発言を通して、社会での見られ方を新しくできます。独創的な提案や印象的な表現が注目を集めやすい一方、言葉の強さで実行条件まで整ったと思い込みがちです。目的、担当、期限を明確にし、相手へ伝わった内容も確認してください。,aspect_cluster;mercury;venus;outer_planets,1
2026_08_FIVE_PLANET_NETWORK_S10_N04,2026_08_FIVE_PLANET_NETWORK,2026-08,aspect_cluster,2026-08-10T00:00:00+09:00,2026-08-12T12:39:00+09:00,2026-08-13T23:59:59+09:00,0,MERCURY|VENUS|URANUS|NEPTUNE|PLUTO,MERCURY:LEO|VENUS:LIBRA|URANUS:GEMINI|NEPTUNE:ARIES|PLUTO:AQUARIUS,MERCURY-PLUTO:180|MERCURY-NEPTUNE:120|MERCURY-URANUS:60|VENUS-NEPTUNE:180|VENUS-URANUS:120|VENUS-PLUTO:120,2,5,not_applicable,MERCURY,10,4,anchor_house,MERCURY|VENUS|URANUS|NEPTUNE|PLUTO,swiss_ephemeris,COMPOSITE:FIVE_PLANET_NETWORK:2026-08-12,around_day,AUG_OUTER_NETWORK,,45,100,暮らしの土台から仕事の方向を選び直す時,{event_date}前後は、家での生活、家族への責任、安心できる居場所を起点に、仕事上の目標や働く場所を組み替えたくなります。新しい働き方への期待は高まりますが、公的な役割と私生活の余力を同時に満たせるとは限りません。生活時間を先に確保し、その範囲で担える責任を選んでください。,aspect_cluster;mercury;venus;outer_planets,1
2026_08_FIVE_PLANET_NETWORK_S10_N05,2026_08_FIVE_PLANET_NETWORK,2026-08,aspect_cluster,2026-08-10T00:00:00+09:00,2026-08-12T12:39:00+09:00,2026-08-13T23:59:59+09:00,0,MERCURY|VENUS|URANUS|NEPTUNE|PLUTO,MERCURY:LEO|VENUS:LIBRA|URANUS:GEMINI|NEPTUNE:ARIES|PLUTO:AQUARIUS,MERCURY-PLUTO:180|MERCURY-NEPTUNE:120|MERCURY-URANUS:60|VENUS-NEPTUNE:180|VENUS-URANUS:120|VENUS-PLUTO:120,2,5,not_applicable,MERCURY,10,5,anchor_house,MERCURY|VENUS|URANUS|NEPTUNE|PLUTO,swiss_ephemeris,COMPOSITE:FIVE_PLANET_NETWORK:2026-08-12,around_day,AUG_OUTER_NETWORK,,45,100,創造性を仕事の評価へつなげていく時,{event_date}前後は、作品、企画、得意な表現を人前に出し、社会的な役割や仕事の評価へつなげたくなります。個性的な発想や見せ方には力がありますが、反応の大きさを成果の確定や長期的な需要と取り違えやすいでしょう。試作品や小さな発表で確かめ、改善できる余地を残してください。,aspect_cluster;mercury;venus;outer_planets,1
2026_08_FIVE_PLANET_NETWORK_S10_N06,2026_08_FIVE_PLANET_NETWORK,2026-08,aspect_cluster,2026-08-10T00:00:00+09:00,2026-08-12T12:39:00+09:00,2026-08-13T23:59:59+09:00,0,MERCURY|VENUS|URANUS|NEPTUNE|PLUTO,MERCURY:LEO|VENUS:LIBRA|URANUS:GEMINI|NEPTUNE:ARIES|PLUTO:AQUARIUS,MERCURY-PLUTO:180|MERCURY-NEPTUNE:120|MERCURY-URANUS:60|VENUS-NEPTUNE:180|VENUS-URANUS:120|VENUS-PLUTO:120,2,5,not_applicable,MERCURY,10,6,anchor_house,MERCURY|VENUS|URANUS|NEPTUNE|PLUTO,swiss_ephemeris,COMPOSITE:FIVE_PLANET_NETWORK:2026-08-12,around_day,AUG_OUTER_NETWORK,,45,100,日々の実務から仕事の役割を組み直す時,{event_date}前後は、積み重ねてきた技能、作業手順、働く姿勢が評価され、新しい責任や改善役を求められやすくなります。仕組みを変える提案には向きますが、期待されるまま仕事を増やすと生活と身体の余力を失います。成果と必要時間を同時に示し、続けられる役割へ調整してください。,aspect_cluster;mercury;venus;outer_planets,1
2026_08_FIVE_PLANET_NETWORK_S10_N07,2026_08_FIVE_PLANET_NETWORK,2026-08,aspect_cluster,2026-08-10T00:00:00+09:00,2026-08-12T12:39:00+09:00,2026-08-13T23:59:59+09:00,0,MERCURY|VENUS|URANUS|NEPTUNE|PLUTO,MERCURY:LEO|VENUS:LIBRA|URANUS:GEMINI|NEPTUNE:ARIES|PLUTO:AQUARIUS,MERCURY-PLUTO:180|MERCURY-NEPTUNE:120|MERCURY-URANUS:60|VENUS-NEPTUNE:180|VENUS-URANUS:120|VENUS-PLUTO:120,2,5,not_applicable,MERCURY,10,7,anchor_house,MERCURY|VENUS|URANUS|NEPTUNE|PLUTO,swiss_ephemeris,COMPOSITE:FIVE_PLANET_NETWORK:2026-08-12,around_day,AUG_OUTER_NETWORK,,45,100,仕事上の契約と協力関係を結び直す時,{event_date}前後は、顧客、上司、専門家、共同事業者との関係が、今後の仕事や社会的な立場を大きく変えるきっかけになります。魅力的な提携や評価に期待が集まりますが、好意と契約条件を混ぜると責任が曖昧です。目的、権限、報酬、期限を書面で確認し、対等に選べる余地を残してください。,aspect_cluster;mercury;venus;outer_planets,1
2026_08_FIVE_PLANET_NETWORK_S10_N08,2026_08_FIVE_PLANET_NETWORK,2026-08,aspect_cluster,2026-08-10T00:00:00+09:00,2026-08-12T12:39:00+09:00,2026-08-13T23:59:59+09:00,0,MERCURY|VENUS|URANUS|NEPTUNE|PLUTO,MERCURY:LEO|VENUS:LIBRA|URANUS:GEMINI|NEPTUNE:ARIES|PLUTO:AQUARIUS,MERCURY-PLUTO:180|MERCURY-NEPTUNE:120|MERCURY-URANUS:60|VENUS-NEPTUNE:180|VENUS-URANUS:120|VENUS-PLUTO:120,2,5,not_applicable,MERCURY,10,8,anchor_house,MERCURY|VENUS|URANUS|NEPTUNE|PLUTO,swiss_ephemeris,COMPOSITE:FIVE_PLANET_NETWORK:2026-08-12,around_day,AUG_OUTER_NETWORK,,45,100,仕事で扱う資金と権限を透明に整える時,{event_date}前後は、組織の予算、共同事業、報酬の裏側にある条件や、自分が扱う権限を根本から見直す必要が高まります。新しい資金計画や役割が見える一方、肩書や信頼を根拠に負担を引き受けやすいでしょう。決裁者、金額、責任範囲を資料で確認し、説明できる形に整えてください。,aspect_cluster;mercury;venus;outer_planets,1
2026_08_FIVE_PLANET_NETWORK_S10_N09,2026_08_FIVE_PLANET_NETWORK,2026-08,aspect_cluster,2026-08-10T00:00:00+09:00,2026-08-12T12:39:00+09:00,2026-08-13T23:59:59+09:00,0,MERCURY|VENUS|URANUS|NEPTUNE|PLUTO,MERCURY:LEO|VENUS:LIBRA|URANUS:GEMINI|NEPTUNE:ARIES|PLUTO:AQUARIUS,MERCURY-PLUTO:180|MERCURY-NEPTUNE:120|MERCURY-URANUS:60|VENUS-NEPTUNE:180|VENUS-URANUS:120|VENUS-PLUTO:120,2,5,not_applicable,MERCURY,10,9,anchor_house,MERCURY|VENUS|URANUS|NEPTUNE|PLUTO,swiss_ephemeris,COMPOSITE:FIVE_PLANET_NETWORK:2026-08-12,around_day,AUG_OUTER_NETWORK,,45,100,専門知識を社会的な役割へ育て直す時,{event_date}前後は、専門分野、資格、出版、国際的な経験を、仕事上の立場や社会への発信へつなげる流れが強まります。大きな構想を語る力は高まりますが、知識の新しさを実績の確かさと思うと準備が不足します。役立てられる範囲を明示し、小さな実践から信用を積んでください。,aspect_cluster;mercury;venus;outer_planets,1
2026_08_FIVE_PLANET_NETWORK_S10_N10,2026_08_FIVE_PLANET_NETWORK,2026-08,aspect_cluster,2026-08-10T00:00:00+09:00,2026-08-12T12:39:00+09:00,2026-08-13T23:59:59+09:00,0,MERCURY|VENUS|URANUS|NEPTUNE|PLUTO,MERCURY:LEO|VENUS:LIBRA|URANUS:GEMINI|NEPTUNE:ARIES|PLUTO:AQUARIUS,MERCURY-PLUTO:180|MERCURY-NEPTUNE:120|MERCURY-URANUS:60|VENUS-NEPTUNE:180|VENUS-URANUS:120|VENUS-PLUTO:120,2,5,not_applicable,MERCURY,10,10,anchor_house,MERCURY|VENUS|URANUS|NEPTUNE|PLUTO,swiss_ephemeris,COMPOSITE:FIVE_PLANET_NETWORK:2026-08-12,around_day,AUG_OUTER_NETWORK,,45,100,仕事の目標と社会的立場を根本から変える時,{event_date}前後は、長く目指してきた目標、肩書、組織での役割に違和感が生まれ、仕事の方向を大きく更新したくなります。判断と言葉、魅力、刷新への力が連動しますが、理想の立場を急いで選ぶと実際の責任を見落とします。残したい実績と終えたい役割を分け、段階的に移行してください。,aspect_cluster;mercury;venus;outer_planets,1
2026_08_FIVE_PLANET_NETWORK_S10_N11,2026_08_FIVE_PLANET_NETWORK,2026-08,aspect_cluster,2026-08-10T00:00:00+09:00,2026-08-12T12:39:00+09:00,2026-08-13T23:59:59+09:00,0,MERCURY|VENUS|URANUS|NEPTUNE|PLUTO,MERCURY:LEO|VENUS:LIBRA|URANUS:GEMINI|NEPTUNE:ARIES|PLUTO:AQUARIUS,MERCURY-PLUTO:180|MERCURY-NEPTUNE:120|MERCURY-URANUS:60|VENUS-NEPTUNE:180|VENUS-URANUS:120|VENUS-PLUTO:120,2,5,not_applicable,MERCURY,10,11,anchor_house,MERCURY|VENUS|URANUS|NEPTUNE|PLUTO,swiss_ephemeris,COMPOSITE:FIVE_PLANET_NETWORK:2026-08-12,around_day,AUG_OUTER_NETWORK,,45,100,仲間との未来計画を仕事へつなげる時,{event_date}前後は、友人、チーム、コミュニティとの構想が、社会的な企画や新しい仕事の役割へ発展しやすくなります。共感と斬新な発想が人を集める一方、盛り上がりを継続的な協力や成果の保証と思いがちです。実際に動ける人、時間、責任を確認し、短い試行から始めましょう。,aspect_cluster;mercury;venus;outer_planets,1
2026_08_FIVE_PLANET_NETWORK_S10_N12,2026_08_FIVE_PLANET_NETWORK,2026-08,aspect_cluster,2026-08-10T00:00:00+09:00,2026-08-12T12:39:00+09:00,2026-08-13T23:59:59+09:00,0,MERCURY|VENUS|URANUS|NEPTUNE|PLUTO,MERCURY:LEO|VENUS:LIBRA|URANUS:GEMINI|NEPTUNE:ARIES|PLUTO:AQUARIUS,MERCURY-PLUTO:180|MERCURY-NEPTUNE:120|MERCURY-URANUS:60|VENUS-NEPTUNE:180|VENUS-URANUS:120|VENUS-PLUTO:120,2,5,not_applicable,MERCURY,10,12,anchor_house,MERCURY|VENUS|URANUS|NEPTUNE|PLUTO,swiss_ephemeris,COMPOSITE:FIVE_PLANET_NETWORK:2026-08-12,around_day,AUG_OUTER_NETWORK,,45,100,水面下の仕事を整理し次の役割を準備する時,{event_date}前後は、非公開の計画、終わりに近い役割、誰にも見えない仕事を整理し、次の社会的な立場へ移る準備が進みます。直感から方向が見える一方、不安や周囲の期待を自分の使命と思い込みやすいでしょう。表へ出す結論を急がず、終える仕事と休む時間を先に確保してください。,aspect_cluster;mercury;venus;outer_planets,1
2026_08_FIVE_PLANET_NETWORK_S11_N01,2026_08_FIVE_PLANET_NETWORK,2026-08,aspect_cluster,2026-08-10T00:00:00+09:00,2026-08-12T12:39:00+09:00,2026-08-13T23:59:59+09:00,0,MERCURY|VENUS|URANUS|NEPTUNE|PLUTO,MERCURY:LEO|VENUS:LIBRA|URANUS:GEMINI|NEPTUNE:ARIES|PLUTO:AQUARIUS,MERCURY-PLUTO:180|MERCURY-NEPTUNE:120|MERCURY-URANUS:60|VENUS-NEPTUNE:180|VENUS-URANUS:120|VENUS-PLUTO:120,2,5,not_applicable,MERCURY,11,1,anchor_house,MERCURY|VENUS|URANUS|NEPTUNE|PLUTO,swiss_ephemeris,COMPOSITE:FIVE_PLANET_NETWORK:2026-08-12,around_day,AUG_OUTER_NETWORK,,45,100,仲間との交流から新しい自分を試していく時,{event_date}前後は、友人やコミュニティとの交流を通して、自分がどんな人として参加し、何を表現したいかが変わります。個性的な仲間の反応は刺激になりますが、集団の期待を自分の意思と思い込みやすいでしょう。場に合わせて役を作るより、自分が自然に続けられる関わり方を小さく試してください。,aspect_cluster;mercury;venus;outer_planets,1
2026_08_FIVE_PLANET_NETWORK_S11_N02,2026_08_FIVE_PLANET_NETWORK,2026-08,aspect_cluster,2026-08-10T00:00:00+09:00,2026-08-12T12:39:00+09:00,2026-08-13T23:59:59+09:00,0,MERCURY|VENUS|URANUS|NEPTUNE|PLUTO,MERCURY:LEO|VENUS:LIBRA|URANUS:GEMINI|NEPTUNE:ARIES|PLUTO:AQUARIUS,MERCURY-PLUTO:180|MERCURY-NEPTUNE:120|MERCURY-URANUS:60|VENUS-NEPTUNE:180|VENUS-URANUS:120|VENUS-PLUTO:120,2,5,not_applicable,MERCURY,11,2,anchor_house,MERCURY|VENUS|URANUS|NEPTUNE|PLUTO,swiss_ephemeris,COMPOSITE:FIVE_PLANET_NETWORK:2026-08-12,around_day,AUG_OUTER_NETWORK,,45,100,未来の目標へ使う資源と価値を選び直す時,{event_date}前後は、仲間との計画や将来の希望へ、お金、時間、技能をどう配るかを考え直します。新しい支援や収入の形が見える一方、共感する目的のためなら負担できると思い込みやすい時でもあります。自分の生活を守る上限を決め、提供する資源と期待する対価を明確にしてください。,aspect_cluster;mercury;venus;outer_planets,1
2026_08_FIVE_PLANET_NETWORK_S11_N03,2026_08_FIVE_PLANET_NETWORK,2026-08,aspect_cluster,2026-08-10T00:00:00+09:00,2026-08-12T12:39:00+09:00,2026-08-13T23:59:59+09:00,0,MERCURY|VENUS|URANUS|NEPTUNE|PLUTO,MERCURY:LEO|VENUS:LIBRA|URANUS:GEMINI|NEPTUNE:ARIES|PLUTO:AQUARIUS,MERCURY-PLUTO:180|MERCURY-NEPTUNE:120|MERCURY-URANUS:60|VENUS-NEPTUNE:180|VENUS-URANUS:120|VENUS-PLUTO:120,2,5,not_applicable,MERCURY,11,3,anchor_house,MERCURY|VENUS|URANUS|NEPTUNE|PLUTO,swiss_ephemeris,COMPOSITE:FIVE_PLANET_NETWORK:2026-08-12,around_day,AUG_OUTER_NETWORK,,45,100,仲間との情報交換から未来を描き直す時,{event_date}前後は、友人、チーム、オンライン上の交流から、将来計画を変える情報や独創的な着想が入ってきます。話題が一気に広がる一方、断片的な情報や場の雰囲気を全員の合意と思い込みやすいでしょう。面白い案は記録し、出典と参加意思を個別に確認してから進めてください。,aspect_cluster;mercury;venus;outer_planets,1
2026_08_FIVE_PLANET_NETWORK_S11_N04,2026_08_FIVE_PLANET_NETWORK,2026-08,aspect_cluster,2026-08-10T00:00:00+09:00,2026-08-12T12:39:00+09:00,2026-08-13T23:59:59+09:00,0,MERCURY|VENUS|URANUS|NEPTUNE|PLUTO,MERCURY:LEO|VENUS:LIBRA|URANUS:GEMINI|NEPTUNE:ARIES|PLUTO:AQUARIUS,MERCURY-PLUTO:180|MERCURY-NEPTUNE:120|MERCURY-URANUS:60|VENUS-NEPTUNE:180|VENUS-URANUS:120|VENUS-PLUTO:120,2,5,not_applicable,MERCURY,11,4,anchor_house,MERCURY|VENUS|URANUS|NEPTUNE|PLUTO,swiss_ephemeris,COMPOSITE:FIVE_PLANET_NETWORK:2026-08-12,around_day,AUG_OUTER_NETWORK,,45,100,選んだ仲間と安心できる居場所を作る時,{event_date}前後は、友人、地域、コミュニティとのつながりを通して、家族とは別の安心できる居場所や暮らしの構想が生まれます。共感を家族のような永続性と受け取りやすく、生活上の距離や負担を見落としがちです。理想を語りながら、互いに必要な空間と関われる時間を確かめてください。,aspect_cluster;mercury;venus;outer_planets,1
2026_08_FIVE_PLANET_NETWORK_S11_N05,2026_08_FIVE_PLANET_NETWORK,2026-08,aspect_cluster,2026-08-10T00:00:00+09:00,2026-08-12T12:39:00+09:00,2026-08-13T23:59:59+09:00,0,MERCURY|VENUS|URANUS|NEPTUNE|PLUTO,MERCURY:LEO|VENUS:LIBRA|URANUS:GEMINI|NEPTUNE:ARIES|PLUTO:AQUARIUS,MERCURY-PLUTO:180|MERCURY-NEPTUNE:120|MERCURY-URANUS:60|VENUS-NEPTUNE:180|VENUS-URANUS:120|VENUS-PLUTO:120,2,5,not_applicable,MERCURY,11,5,anchor_house,MERCURY|VENUS|URANUS|NEPTUNE|PLUTO,swiss_ephemeris,COMPOSITE:FIVE_PLANET_NETWORK:2026-08-12,around_day,AUG_OUTER_NETWORK,,45,100,仲間と楽しむ創作から未来を育てる時,{event_date}前後は、友人やコミュニティと創作、遊び、イベントを共有することで、新しい表現と未来計画が動き始めます。個性的な仲間との高揚は刺激になりますが、盛り上がりを継続的な協力や評価の保証と思いやすいでしょう。短い企画から試し、それぞれの好みと役割を確認してください。,aspect_cluster;mercury;venus;outer_planets,1
2026_08_FIVE_PLANET_NETWORK_S11_N06,2026_08_FIVE_PLANET_NETWORK,2026-08,aspect_cluster,2026-08-10T00:00:00+09:00,2026-08-12T12:39:00+09:00,2026-08-13T23:59:59+09:00,0,MERCURY|VENUS|URANUS|NEPTUNE|PLUTO,MERCURY:LEO|VENUS:LIBRA|URANUS:GEMINI|NEPTUNE:ARIES|PLUTO:AQUARIUS,MERCURY-PLUTO:180|MERCURY-NEPTUNE:120|MERCURY-URANUS:60|VENUS-NEPTUNE:180|VENUS-URANUS:120|VENUS-PLUTO:120,2,5,not_applicable,MERCURY,11,6,anchor_house,MERCURY|VENUS|URANUS|NEPTUNE|PLUTO,swiss_ephemeris,COMPOSITE:FIVE_PLANET_NETWORK:2026-08-12,around_day,AUG_OUTER_NETWORK,,45,100,未来の仲間と続ける実務を整えていく時,{event_date}前後は、未来の目標を共有する仲間と、連絡、当番、共同作業をどう続けるかを見直します。新しい道具や協力方法には可能性がありますが、理想を優先すると日々の負担や得意不得意を見落としやすいでしょう。実際に参加できる頻度を確かめ、無理のない分担から定着させてください。,aspect_cluster;mercury;venus;outer_planets,1
2026_08_FIVE_PLANET_NETWORK_S11_N07,2026_08_FIVE_PLANET_NETWORK,2026-08,aspect_cluster,2026-08-10T00:00:00+09:00,2026-08-12T12:39:00+09:00,2026-08-13T23:59:59+09:00,0,MERCURY|VENUS|URANUS|NEPTUNE|PLUTO,MERCURY:LEO|VENUS:LIBRA|URANUS:GEMINI|NEPTUNE:ARIES|PLUTO:AQUARIUS,MERCURY-PLUTO:180|MERCURY-NEPTUNE:120|MERCURY-URANUS:60|VENUS-NEPTUNE:180|VENUS-URANUS:120|VENUS-PLUTO:120,2,5,not_applicable,MERCURY,11,7,anchor_house,MERCURY|VENUS|URANUS|NEPTUNE|PLUTO,swiss_ephemeris,COMPOSITE:FIVE_PLANET_NETWORK:2026-08-12,around_day,AUG_OUTER_NETWORK,,45,100,友情を一対一の協力関係へ育て直す時,{event_date}前後は、仲間の中から深く協力したい相手が現れたり、既存の友情を契約やパートナーシップへ発展させたくなったりします。共感と魅力が関係を近づけますが、集団内の親しさを個人間の確約と思うとずれが出ます。相手の意思を個別に確認し、目的と役割を具体的に話してください。,aspect_cluster;mercury;venus;outer_planets,1
2026_08_FIVE_PLANET_NETWORK_S11_N08,2026_08_FIVE_PLANET_NETWORK,2026-08,aspect_cluster,2026-08-10T00:00:00+09:00,2026-08-12T12:39:00+09:00,2026-08-13T23:59:59+09:00,0,MERCURY|VENUS|URANUS|NEPTUNE|PLUTO,MERCURY:LEO|VENUS:LIBRA|URANUS:GEMINI|NEPTUNE:ARIES|PLUTO:AQUARIUS,MERCURY-PLUTO:180|MERCURY-NEPTUNE:120|MERCURY-URANUS:60|VENUS-NEPTUNE:180|VENUS-URANUS:120|VENUS-PLUTO:120,2,5,not_applicable,MERCURY,11,8,anchor_house,MERCURY|VENUS|URANUS|NEPTUNE|PLUTO,swiss_ephemeris,COMPOSITE:FIVE_PLANET_NETWORK:2026-08-12,around_day,AUG_OUTER_NETWORK,,45,100,仲間と共有する資金と秘密を透明にする時,{event_date}前後は、チームやコミュニティで集める資金、情報、技能の扱い方を見直し、共有責任を明確にする必要が高まります。理想への共感から深い協力が生まれる一方、善意を理由に会計や権限が曖昧になりやすいでしょう。金額、管理者、利用目的を公開し、参加者が選び直せる形を整えてください。,aspect_cluster;mercury;venus;outer_planets,1
2026_08_FIVE_PLANET_NETWORK_S11_N09,2026_08_FIVE_PLANET_NETWORK,2026-08,aspect_cluster,2026-08-10T00:00:00+09:00,2026-08-12T12:39:00+09:00,2026-08-13T23:59:59+09:00,0,MERCURY|VENUS|URANUS|NEPTUNE|PLUTO,MERCURY:LEO|VENUS:LIBRA|URANUS:GEMINI|NEPTUNE:ARIES|PLUTO:AQUARIUS,MERCURY-PLUTO:180|MERCURY-NEPTUNE:120|MERCURY-URANUS:60|VENUS-NEPTUNE:180|VENUS-URANUS:120|VENUS-PLUTO:120,2,5,not_applicable,MERCURY,11,9,anchor_house,MERCURY|VENUS|URANUS|NEPTUNE|PLUTO,swiss_ephemeris,COMPOSITE:FIVE_PLANET_NETWORK:2026-08-12,around_day,AUG_OUTER_NETWORK,,45,100,広い世界の仲間と学び未来を描き直す時,{event_date}前後は、国境や専門分野を越えた仲間との交流から、新しい学び、社会像、将来の目標が広がります。共通の思想に希望を感じやすい一方、議論の一致を現実的な協力や生活上の価値観まで同じだと思いがちです。情報を持ち帰り、誰と何を実行できるかを具体的に確かめてください。,aspect_cluster;mercury;venus;outer_planets,1
2026_08_FIVE_PLANET_NETWORK_S11_N10,2026_08_FIVE_PLANET_NETWORK,2026-08,aspect_cluster,2026-08-10T00:00:00+09:00,2026-08-12T12:39:00+09:00,2026-08-13T23:59:59+09:00,0,MERCURY|VENUS|URANUS|NEPTUNE|PLUTO,MERCURY:LEO|VENUS:LIBRA|URANUS:GEMINI|NEPTUNE:ARIES|PLUTO:AQUARIUS,MERCURY-PLUTO:180|MERCURY-NEPTUNE:120|MERCURY-URANUS:60|VENUS-NEPTUNE:180|VENUS-URANUS:120|VENUS-PLUTO:120,2,5,not_applicable,MERCURY,11,10,anchor_house,MERCURY|VENUS|URANUS|NEPTUNE|PLUTO,swiss_ephemeris,COMPOSITE:FIVE_PLANET_NETWORK:2026-08-12,around_day,AUG_OUTER_NETWORK,,45,100,人脈と共同計画を社会的な仕事へつなぐ時,{event_date}前後は、友人、チーム、コミュニティとの構想が、公的な企画や新しい仕事の役割へ発展しやすくなります。斬新な発想が注目を集める一方、人脈の広がりを成果や継続的な支援の保証と思いやすいでしょう。実際に動く人、期限、責任を確認し、小さな実績から形にしてください。,aspect_cluster;mercury;venus;outer_planets,1
2026_08_FIVE_PLANET_NETWORK_S11_N11,2026_08_FIVE_PLANET_NETWORK,2026-08,aspect_cluster,2026-08-10T00:00:00+09:00,2026-08-12T12:39:00+09:00,2026-08-13T23:59:59+09:00,0,MERCURY|VENUS|URANUS|NEPTUNE|PLUTO,MERCURY:LEO|VENUS:LIBRA|URANUS:GEMINI|NEPTUNE:ARIES|PLUTO:AQUARIUS,MERCURY-PLUTO:180|MERCURY-NEPTUNE:120|MERCURY-URANUS:60|VENUS-NEPTUNE:180|VENUS-URANUS:120|VENUS-PLUTO:120,2,5,not_applicable,MERCURY,11,11,anchor_house,MERCURY|VENUS|URANUS|NEPTUNE|PLUTO,swiss_ephemeris,COMPOSITE:FIVE_PLANET_NETWORK:2026-08-12,around_day,AUG_OUTER_NETWORK,,45,100,仲間と未来の目標を根本から描き直す時,{event_date}前後は、所属する集団、長期的な希望、誰と未来を作りたいかという前提が揺れ、新しいつながりを選び直したくなります。魅力、理想、刷新への力が連動しますが、場の熱気に任せると自分の目的を見失います。残したい関係と終えたい役割を分け、実行できる目標へ絞ってください。,aspect_cluster;mercury;venus;outer_planets,1
2026_08_FIVE_PLANET_NETWORK_S11_N12,2026_08_FIVE_PLANET_NETWORK,2026-08,aspect_cluster,2026-08-10T00:00:00+09:00,2026-08-12T12:39:00+09:00,2026-08-13T23:59:59+09:00,0,MERCURY|VENUS|URANUS|NEPTUNE|PLUTO,MERCURY:LEO|VENUS:LIBRA|URANUS:GEMINI|NEPTUNE:ARIES|PLUTO:AQUARIUS,MERCURY-PLUTO:180|MERCURY-NEPTUNE:120|MERCURY-URANUS:60|VENUS-NEPTUNE:180|VENUS-URANUS:120|VENUS-PLUTO:120,2,5,not_applicable,MERCURY,11,12,anchor_house,MERCURY|VENUS|URANUS|NEPTUNE|PLUTO,swiss_ephemeris,COMPOSITE:FIVE_PLANET_NETWORK:2026-08-12,around_day,AUG_OUTER_NETWORK,,45,100,水面下のつながりと未来の種を見直す時,{event_date}前後は、表に出ていない協力者、内密な企画、まだ言葉にしていない希望が静かに結びつきます。直感的な連帯感は強まりますが、孤独や願望から相手の意思まで理解したと思いやすいでしょう。公にする前に一人で目的を整理し、信頼できる相手へ個別に確認してください。,aspect_cluster;mercury;venus;outer_planets,1
2026_08_FIVE_PLANET_NETWORK_S12_N01,2026_08_FIVE_PLANET_NETWORK,2026-08,aspect_cluster,2026-08-10T00:00:00+09:00,2026-08-12T12:39:00+09:00,2026-08-13T23:59:59+09:00,0,MERCURY|VENUS|URANUS|NEPTUNE|PLUTO,MERCURY:LEO|VENUS:LIBRA|URANUS:GEMINI|NEPTUNE:ARIES|PLUTO:AQUARIUS,MERCURY-PLUTO:180|MERCURY-NEPTUNE:120|MERCURY-URANUS:60|VENUS-NEPTUNE:180|VENUS-URANUS:120|VENUS-PLUTO:120,2,5,not_applicable,MERCURY,12,1,anchor_house,MERCURY|VENUS|URANUS|NEPTUNE|PLUTO,swiss_ephemeris,COMPOSITE:FIVE_PLANET_NETWORK:2026-08-12,around_day,AUG_OUTER_NETWORK,,45,100,静かな時間の中で新しい自分を準備する時,{event_date}前後は、表向きの自己改革より先に、夢、直感、身体の違和感が次の自分の輪郭を知らせます。水星と金星が長期的な変化を意識へ運ぶため、着想は豊かですが、不安や周囲の期待を自分の意思と思いやすいでしょう。一人で休みながら記録し、繰り返し残る感覚だけを手掛かりにしてください。,aspect_cluster;mercury;venus;outer_planets,1
2026_08_FIVE_PLANET_NETWORK_S12_N02,2026_08_FIVE_PLANET_NETWORK,2026-08,aspect_cluster,2026-08-10T00:00:00+09:00,2026-08-12T12:39:00+09:00,2026-08-13T23:59:59+09:00,0,MERCURY|VENUS|URANUS|NEPTUNE|PLUTO,MERCURY:LEO|VENUS:LIBRA|URANUS:GEMINI|NEPTUNE:ARIES|PLUTO:AQUARIUS,MERCURY-PLUTO:180|MERCURY-NEPTUNE:120|MERCURY-URANUS:60|VENUS-NEPTUNE:180|VENUS-URANUS:120|VENUS-PLUTO:120,2,5,not_applicable,MERCURY,12,2,anchor_house,MERCURY|VENUS|URANUS|NEPTUNE|PLUTO,swiss_ephemeris,COMPOSITE:FIVE_PLANET_NETWORK:2026-08-12,around_day,AUG_OUTER_NETWORK,,45,100,見えない消耗を減らし自分の価値を守る時,{event_date}前後は、無意識の出費、報われにくい努力、安心を得るために抱えてきた物や負担へ気づきやすくなります。本当に必要なものを選び直せる一方、不安と理想が混ざると金額や価値の根拠を失いやすいでしょう。記録を責めずに見返し、休息を守る資源と手放せる負担を分けてください。,aspect_cluster;mercury;venus;outer_planets,1
2026_08_FIVE_PLANET_NETWORK_S12_N03,2026_08_FIVE_PLANET_NETWORK,2026-08,aspect_cluster,2026-08-10T00:00:00+09:00,2026-08-12T12:39:00+09:00,2026-08-13T23:59:59+09:00,0,MERCURY|VENUS|URANUS|NEPTUNE|PLUTO,MERCURY:LEO|VENUS:LIBRA|URANUS:GEMINI|NEPTUNE:ARIES|PLUTO:AQUARIUS,MERCURY-PLUTO:180|MERCURY-NEPTUNE:120|MERCURY-URANUS:60|VENUS-NEPTUNE:180|VENUS-URANUS:120|VENUS-PLUTO:120,2,5,not_applicable,MERCURY,12,3,anchor_house,MERCURY|VENUS|URANUS|NEPTUNE|PLUTO,swiss_ephemeris,COMPOSITE:FIVE_PLANET_NETWORK:2026-08-12,around_day,AUG_OUTER_NETWORK,,45,100,言葉になる前の考えを静かにまとめる時,{event_date}前後は、夢、記憶、言葉の断片が増え、まだ人に見せていない考えが新しい意味で結びつきます。直感的な発想は豊かですが、情報を追い続けるほど期待と事実が混ざり、思考が散りやすいでしょう。通知から離れて下書きを残し、後から伝えたい要点だけを選んでください。,aspect_cluster;mercury;venus;outer_planets,1
2026_08_FIVE_PLANET_NETWORK_S12_N04,2026_08_FIVE_PLANET_NETWORK,2026-08,aspect_cluster,2026-08-10T00:00:00+09:00,2026-08-12T12:39:00+09:00,2026-08-13T23:59:59+09:00,0,MERCURY|VENUS|URANUS|NEPTUNE|PLUTO,MERCURY:LEO|VENUS:LIBRA|URANUS:GEMINI|NEPTUNE:ARIES|PLUTO:AQUARIUS,MERCURY-PLUTO:180|MERCURY-NEPTUNE:120|MERCURY-URANUS:60|VENUS-NEPTUNE:180|VENUS-URANUS:120|VENUS-PLUTO:120,2,5,not_applicable,MERCURY,12,4,anchor_house,MERCURY|VENUS|URANUS|NEPTUNE|PLUTO,swiss_ephemeris,COMPOSITE:FIVE_PLANET_NETWORK:2026-08-12,around_day,AUG_OUTER_NETWORK,,45,100,家族の記憶と心の居場所を静かに整える時,{event_date}前後は、昔の住まい、家族との記憶、言葉にならない安心や孤独が浮かび、心の土台を見直したくなります。深い理解が進む一方、過去の感情を現在の家族や環境の事実と混同しやすい時でもあります。すぐに答えを求めず、家の中に休める余白を作って感情を記録してください。,aspect_cluster;mercury;venus;outer_planets,1
2026_08_FIVE_PLANET_NETWORK_S12_N05,2026_08_FIVE_PLANET_NETWORK,2026-08,aspect_cluster,2026-08-10T00:00:00+09:00,2026-08-12T12:39:00+09:00,2026-08-13T23:59:59+09:00,0,MERCURY|VENUS|URANUS|NEPTUNE|PLUTO,MERCURY:LEO|VENUS:LIBRA|URANUS:GEMINI|NEPTUNE:ARIES|PLUTO:AQUARIUS,MERCURY-PLUTO:180|MERCURY-NEPTUNE:120|MERCURY-URANUS:60|VENUS-NEPTUNE:180|VENUS-URANUS:120|VENUS-PLUTO:120,2,5,not_applicable,MERCURY,12,5,anchor_house,MERCURY|VENUS|URANUS|NEPTUNE|PLUTO,swiss_ephemeris,COMPOSITE:FIVE_PLANET_NETWORK:2026-08-12,around_day,AUG_OUTER_NETWORK,,45,100,内側の発想が一気につながる時間,{event_date}前後は、考えと言葉、好み、人との距離、これから変えたいことが一度に結びつきやすくなります。ソーラー12ハウスとネイタル5ハウスでは、答えを外へ急いで出すより、創作や遊びの中で思考を自由に動かすほど新しい着想が生まれます。ひらめきと期待を混同せず、残したい案だけを記録してください。,aspect_cluster;mercury;venus;outer_planets,1
2026_08_FIVE_PLANET_NETWORK_S12_N06,2026_08_FIVE_PLANET_NETWORK,2026-08,aspect_cluster,2026-08-10T00:00:00+09:00,2026-08-12T12:39:00+09:00,2026-08-13T23:59:59+09:00,0,MERCURY|VENUS|URANUS|NEPTUNE|PLUTO,MERCURY:LEO|VENUS:LIBRA|URANUS:GEMINI|NEPTUNE:ARIES|PLUTO:AQUARIUS,MERCURY-PLUTO:180|MERCURY-NEPTUNE:120|MERCURY-URANUS:60|VENUS-NEPTUNE:180|VENUS-URANUS:120|VENUS-PLUTO:120,2,5,not_applicable,MERCURY,12,6,anchor_house,MERCURY|VENUS|URANUS|NEPTUNE|PLUTO,swiss_ephemeris,COMPOSITE:FIVE_PLANET_NETWORK:2026-08-12,around_day,AUG_OUTER_NETWORK,,45,100,見えない仕事と疲れを整理し休息を守る時,{event_date}前後は、誰にも見えない作業、無意識の気遣い、休息を削ってきた習慣が表面化します。仕事や身体を整える新しい情報が増えますが、不安から管理項目を増やすほど休みにくくなるでしょう。終えてよい作業を一つ選び、何もしない時間も日課の一部として確保してください。,aspect_cluster;mercury;venus;outer_planets,1
2026_08_FIVE_PLANET_NETWORK_S12_N07,2026_08_FIVE_PLANET_NETWORK,2026-08,aspect_cluster,2026-08-10T00:00:00+09:00,2026-08-12T12:39:00+09:00,2026-08-13T23:59:59+09:00,0,MERCURY|VENUS|URANUS|NEPTUNE|PLUTO,MERCURY:LEO|VENUS:LIBRA|URANUS:GEMINI|NEPTUNE:ARIES|PLUTO:AQUARIUS,MERCURY-PLUTO:180|MERCURY-NEPTUNE:120|MERCURY-URANUS:60|VENUS-NEPTUNE:180|VENUS-URANUS:120|VENUS-PLUTO:120,2,5,not_applicable,MERCURY,12,7,anchor_house,MERCURY|VENUS|URANUS|NEPTUNE|PLUTO,swiss_ephemeris,COMPOSITE:FIVE_PLANET_NETWORK:2026-08-12,around_day,AUG_OUTER_NETWORK,,45,100,言えなかった関係の期待を静かに見直す時,{event_date}前後は、重要な相手へ言わずにいた期待、秘密にしてきた関係、無意識に繰り返す距離の取り方が見えやすくなります。直感的に相手を理解した感覚が強まりますが、願望を相手の本心と混同しやすいでしょう。すぐに結論を求めず、自分の感情と確認できる事実を別々に整理してください。,aspect_cluster;mercury;venus;outer_planets,1
2026_08_FIVE_PLANET_NETWORK_S12_N08,2026_08_FIVE_PLANET_NETWORK,2026-08,aspect_cluster,2026-08-10T00:00:00+09:00,2026-08-12T12:39:00+09:00,2026-08-13T23:59:59+09:00,0,MERCURY|VENUS|URANUS|NEPTUNE|PLUTO,MERCURY:LEO|VENUS:LIBRA|URANUS:GEMINI|NEPTUNE:ARIES|PLUTO:AQUARIUS,MERCURY-PLUTO:180|MERCURY-NEPTUNE:120|MERCURY-URANUS:60|VENUS-NEPTUNE:180|VENUS-URANUS:120|VENUS-PLUTO:120,2,5,not_applicable,MERCURY,12,8,anchor_house,MERCURY|VENUS|URANUS|NEPTUNE|PLUTO,swiss_ephemeris,COMPOSITE:FIVE_PLANET_NETWORK:2026-08-12,around_day,AUG_OUTER_NETWORK,,45,100,心の奥に残る共有負担を静かに手放す時,{event_date}前後は、誰にも話していない借り、秘密、罪悪感から続けてきた共同責任が心の奥から浮かびやすくなります。手放しの直感が働く一方、不安や夢を現在の事実と混ぜると判断が極端になります。資料と感情を分けて整理し、自分だけで背負う必要のない負担から距離を置いてください。,aspect_cluster;mercury;venus;outer_planets,1
2026_08_FIVE_PLANET_NETWORK_S12_N09,2026_08_FIVE_PLANET_NETWORK,2026-08,aspect_cluster,2026-08-10T00:00:00+09:00,2026-08-12T12:39:00+09:00,2026-08-13T23:59:59+09:00,0,MERCURY|VENUS|URANUS|NEPTUNE|PLUTO,MERCURY:LEO|VENUS:LIBRA|URANUS:GEMINI|NEPTUNE:ARIES|PLUTO:AQUARIUS,MERCURY-PLUTO:180|MERCURY-NEPTUNE:120|MERCURY-URANUS:60|VENUS-NEPTUNE:180|VENUS-URANUS:120|VENUS-PLUTO:120,2,5,not_applicable,MERCURY,12,9,anchor_house,MERCURY|VENUS|URANUS|NEPTUNE|PLUTO,swiss_ephemeris,COMPOSITE:FIVE_PLANET_NETWORK:2026-08-12,around_day,AUG_OUTER_NETWORK,,45,100,静かな探究で心の世界を広げ直していく時,{event_date}前後は、一人での研究、精神的な学び、遠い世界への想像が、表に出していない問いへ新しい答えを運びます。直感的な理解は豊かですが、理想的な思想を現実から離れる場所として使いやすい時でもあります。問いと根拠をゆっくり記録し、休息を守りながら学んでください。,aspect_cluster;mercury;venus;outer_planets,1
2026_08_FIVE_PLANET_NETWORK_S12_N10,2026_08_FIVE_PLANET_NETWORK,2026-08,aspect_cluster,2026-08-10T00:00:00+09:00,2026-08-12T12:39:00+09:00,2026-08-13T23:59:59+09:00,0,MERCURY|VENUS|URANUS|NEPTUNE|PLUTO,MERCURY:LEO|VENUS:LIBRA|URANUS:GEMINI|NEPTUNE:ARIES|PLUTO:AQUARIUS,MERCURY-PLUTO:180|MERCURY-NEPTUNE:120|MERCURY-URANUS:60|VENUS-NEPTUNE:180|VENUS-URANUS:120|VENUS-PLUTO:120,2,5,not_applicable,MERCURY,12,10,anchor_house,MERCURY|VENUS|URANUS|NEPTUNE|PLUTO,swiss_ephemeris,COMPOSITE:FIVE_PLANET_NETWORK:2026-08-12,around_day,AUG_OUTER_NETWORK,,45,100,水面下の仕事を終え次の役割を準備する時,{event_date}前後は、非公開の計画、終わりに近い役割、誰にも見えない仕事を整理し、次の社会的な立場へ移る準備が進みます。直感から方向が見える一方、不安や周囲の期待を自分の使命と思い込みやすいでしょう。表へ出す結論を急がず、完了する仕事と休む時間を先に決めてください。,aspect_cluster;mercury;venus;outer_planets,1
2026_08_FIVE_PLANET_NETWORK_S12_N11,2026_08_FIVE_PLANET_NETWORK,2026-08,aspect_cluster,2026-08-10T00:00:00+09:00,2026-08-12T12:39:00+09:00,2026-08-13T23:59:59+09:00,0,MERCURY|VENUS|URANUS|NEPTUNE|PLUTO,MERCURY:LEO|VENUS:LIBRA|URANUS:GEMINI|NEPTUNE:ARIES|PLUTO:AQUARIUS,MERCURY-PLUTO:180|MERCURY-NEPTUNE:120|MERCURY-URANUS:60|VENUS-NEPTUNE:180|VENUS-URANUS:120|VENUS-PLUTO:120,2,5,not_applicable,MERCURY,12,11,anchor_house,MERCURY|VENUS|URANUS|NEPTUNE|PLUTO,swiss_ephemeris,COMPOSITE:FIVE_PLANET_NETWORK:2026-08-12,around_day,AUG_OUTER_NETWORK,,45,100,まだ見せない未来の計画を静かに育てる時,{event_date}前後は、内密な企画、表に出ていない協力者、まだ言葉にしていない希望が静かに結びつきます。直感的な連帯感は強まりますが、孤独や願望から相手の意思まで理解したと思いやすいでしょう。公にする前に目的を整理し、信頼できる相手へ個別に参加意思を確かめてください。,aspect_cluster;mercury;venus;outer_planets,1
2026_08_FIVE_PLANET_NETWORK_S12_N12,2026_08_FIVE_PLANET_NETWORK,2026-08,aspect_cluster,2026-08-10T00:00:00+09:00,2026-08-12T12:39:00+09:00,2026-08-13T23:59:59+09:00,0,MERCURY|VENUS|URANUS|NEPTUNE|PLUTO,MERCURY:LEO|VENUS:LIBRA|URANUS:GEMINI|NEPTUNE:ARIES|PLUTO:AQUARIUS,MERCURY-PLUTO:180|MERCURY-NEPTUNE:120|MERCURY-URANUS:60|VENUS-NEPTUNE:180|VENUS-URANUS:120|VENUS-PLUTO:120,2,5,not_applicable,MERCURY,12,12,anchor_house,MERCURY|VENUS|URANUS|NEPTUNE|PLUTO,swiss_ephemeris,COMPOSITE:FIVE_PLANET_NETWORK:2026-08-12,around_day,AUG_OUTER_NETWORK,,45,100,深い休息の中で古い周期を静かに終える時,{event_date}前後は、外へ向かう力をいったん休め、終わった役割、長く続いた感情、無意識の習慣を手放す流れが強まります。夢や直感から多くを感じ取れますが、不安と予感を同じものとして受け取ると心が休まりません。新しい答えを急がず、何もしない余白を次の始まりに必要な時間として守ってください。,aspect_cluster;mercury;venus;outer_planets,1
2026_08_MERCURY_JUPITER_CONJUNCTION_S01_N01,2026_08_MERCURY_JUPITER_CONJUNCTION,2026-08,conjunction,2026-08-13T00:00:00+09:00,2026-08-15T20:23:00+09:00,2026-08-18T23:59:59+09:00,0,MERCURY|JUPITER,MERCURY:LEO|JUPITER:LEO,MERCURY-JUPITER:0,5,2,not_applicable,MERCURY,1,1,anchor_house,MERCURY|JUPITER,swiss_ephemeris,MERCURY:JUPITER:0:2026-08-15,around_day,LEO_GROWTH,,50,90,自分の考えと未来像を大きく描く時,{event_date}前後は、自分の考えや今後の方針を言葉にする力が高まり、新しい自己像を描きやすくなります。話すほど可能性が広がる一方、理想を現在の実力や確定事項のように伝えると、後から窮屈になりやすいでしょう。まず試したいことを一つ選び、期限と最初の行動まで具体化してください。,conjunction;mercury;jupiter;leo,1
2026_08_MERCURY_JUPITER_CONJUNCTION_S01_N02,2026_08_MERCURY_JUPITER_CONJUNCTION,2026-08,conjunction,2026-08-13T00:00:00+09:00,2026-08-15T20:23:00+09:00,2026-08-18T23:59:59+09:00,0,MERCURY|JUPITER,MERCURY:LEO|JUPITER:LEO,MERCURY-JUPITER:0,5,2,not_applicable,MERCURY,1,2,anchor_house,MERCURY|JUPITER,swiss_ephemeris,MERCURY:JUPITER:0:2026-08-15,around_day,LEO_GROWTH,,50,90,才能と収入の可能性を言葉で広げる時,{event_date}前後は、自分の技能、収入、所有物の価値を説明する言葉が増え、新しい使い道や価格の案を考えやすくなります。期待を込めて金額や成果を大きく見積もると、必要な費用や時間を見落としやすいでしょう。手元の数字を確認し、試せる予算と実現したい価値を分けてください。,conjunction;mercury;jupiter;leo,1
2026_08_MERCURY_JUPITER_CONJUNCTION_S01_N03,2026_08_MERCURY_JUPITER_CONJUNCTION,2026-08,conjunction,2026-08-13T00:00:00+09:00,2026-08-15T20:23:00+09:00,2026-08-18T23:59:59+09:00,0,MERCURY|JUPITER,MERCURY:LEO|JUPITER:LEO,MERCURY-JUPITER:0,5,2,not_applicable,MERCURY,1,3,anchor_house,MERCURY|JUPITER,swiss_ephemeris,MERCURY:JUPITER:0:2026-08-15,around_day,LEO_GROWTH,,50,90,学びと発信の範囲を一段広げる時,{event_date}前後は、会話、文章、短い学習から発想が次々に広がり、自分の言葉を外へ届けたくなります。面白い情報をすべて取り込み、確認せず発信すると、要点と根拠がぼやけやすいでしょう。学ぶテーマを絞り、自分で要約できた内容から順に伝えてください。,conjunction;mercury;jupiter;leo,1
2026_08_MERCURY_JUPITER_CONJUNCTION_S01_N04,2026_08_MERCURY_JUPITER_CONJUNCTION,2026-08,conjunction,2026-08-13T00:00:00+09:00,2026-08-15T20:23:00+09:00,2026-08-18T23:59:59+09:00,0,MERCURY|JUPITER,MERCURY:LEO|JUPITER:LEO,MERCURY-JUPITER:0,5,2,not_applicable,MERCURY,1,4,anchor_house,MERCURY|JUPITER,swiss_ephemeris,MERCURY:JUPITER:0:2026-08-15,around_day,LEO_GROWTH,,50,90,家族と暮らしの将来像を語り直す時,{event_date}前後は、住まい、家族、自分の居場所について考えが広がり、今後の暮らしを率直に話しやすくなります。理想的な移動や家族計画を一度に語ると、費用やそれぞれの都合が後回しになりやすいでしょう。希望を共有したうえで、今の家で試せる変更から具体化してください。,conjunction;mercury;jupiter;leo,1
2026_08_MERCURY_JUPITER_CONJUNCTION_S01_N05,2026_08_MERCURY_JUPITER_CONJUNCTION,2026-08,conjunction,2026-08-13T00:00:00+09:00,2026-08-15T20:23:00+09:00,2026-08-18T23:59:59+09:00,0,MERCURY|JUPITER,MERCURY:LEO|JUPITER:LEO,MERCURY-JUPITER:0,5,2,not_applicable,MERCURY,1,5,anchor_house,MERCURY|JUPITER,swiss_ephemeris,MERCURY:JUPITER:0:2026-08-15,around_day,LEO_GROWTH,,50,90,創作と恋の思いを堂々と言葉にする時,{event_date}前後は、創作、恋愛、遊びについて伝えたい言葉が増え、自分らしい表現を堂々と試しやすくなります。反応が良いほど話や期待を大きくすると、一時の高揚と続けられる計画を混同しやすいでしょう。今の気持ちは作品や言葉に残し、約束や発表の規模は後から整えてください。,conjunction;mercury;jupiter;leo,1
2026_08_MERCURY_JUPITER_CONJUNCTION_S01_N06,2026_08_MERCURY_JUPITER_CONJUNCTION,2026-08,conjunction,2026-08-13T00:00:00+09:00,2026-08-15T20:23:00+09:00,2026-08-18T23:59:59+09:00,0,MERCURY|JUPITER,MERCURY:LEO|JUPITER:LEO,MERCURY-JUPITER:0,5,2,not_applicable,MERCURY,1,6,anchor_house,MERCURY|JUPITER,swiss_ephemeris,MERCURY:JUPITER:0:2026-08-15,around_day,LEO_GROWTH,,50,90,働き方と日課の改善案をまとめる時,{event_date}前後は、仕事の手順、生活習慣、日々の役割について改善案が広がり、自分から提案しやすくなります。便利そうな方法を一度に増やすと、確認事項や作業量まで膨らみやすいでしょう。効果を確かめる基準を決め、一つの手順から試して続けられる形へ整えてください。,conjunction;mercury;jupiter;leo,1
2026_08_MERCURY_JUPITER_CONJUNCTION_S01_N07,2026_08_MERCURY_JUPITER_CONJUNCTION,2026-08,conjunction,2026-08-13T00:00:00+09:00,2026-08-15T20:23:00+09:00,2026-08-18T23:59:59+09:00,0,MERCURY|JUPITER,MERCURY:LEO|JUPITER:LEO,MERCURY-JUPITER:0,5,2,not_applicable,MERCURY,1,7,anchor_house,MERCURY|JUPITER,swiss_ephemeris,MERCURY:JUPITER:0:2026-08-15,around_day,LEO_GROWTH,,50,90,対話と交渉から関係の可能性を広げる時,{event_date}前後は、パートナーや取引相手との対話が弾み、互いの希望や新しい協力案を率直に語りやすくなります。会話の勢いで合意できたと思うと、条件や担当の違いを見落としやすいでしょう。期待と決定事項を分け、期限、役割、次の確認日を言葉にしてください。,conjunction;mercury;jupiter;leo,1
2026_08_MERCURY_JUPITER_CONJUNCTION_S01_N08,2026_08_MERCURY_JUPITER_CONJUNCTION,2026-08,conjunction,2026-08-13T00:00:00+09:00,2026-08-15T20:23:00+09:00,2026-08-18T23:59:59+09:00,0,MERCURY|JUPITER,MERCURY:LEO|JUPITER:LEO,MERCURY-JUPITER:0,5,2,not_applicable,MERCURY,1,8,anchor_house,MERCURY|JUPITER,swiss_ephemeris,MERCURY:JUPITER:0:2026-08-15,around_day,LEO_GROWTH,,50,90,共有資産と深い本音を率直に話す時,{event_date}前後は、共有するお金、秘密、親密な感情について理解を深める言葉が増え、避けていた話題にも向き合いやすくなります。信頼が高まった勢いで負担や約束を広げると、後から境界が曖昧になります。感情を尊重しつつ、金額、責任、話せる範囲は別に確認してください。,conjunction;mercury;jupiter;leo,1
2026_08_MERCURY_JUPITER_CONJUNCTION_S01_N09,2026_08_MERCURY_JUPITER_CONJUNCTION,2026-08,conjunction,2026-08-13T00:00:00+09:00,2026-08-15T20:23:00+09:00,2026-08-18T23:59:59+09:00,0,MERCURY|JUPITER,MERCURY:LEO|JUPITER:LEO,MERCURY-JUPITER:0,5,2,not_applicable,MERCURY,1,9,anchor_house,MERCURY|JUPITER,swiss_ephemeris,MERCURY:JUPITER:0:2026-08-15,around_day,LEO_GROWTH,,50,90,学びと旅の計画を大きく描き直す時,{event_date}前後は、専門的な学び、旅、異文化への関心が広がり、自分の進路を新しい視点から語り直せます。魅力的な選択肢をすべて予定に入れると、費用や準備期間を見落としやすいでしょう。最も深めたいテーマを一つ選び、調査と申込みを分けて進めてください。,conjunction;mercury;jupiter;leo,1
2026_08_MERCURY_JUPITER_CONJUNCTION_S01_N10,2026_08_MERCURY_JUPITER_CONJUNCTION,2026-08,conjunction,2026-08-13T00:00:00+09:00,2026-08-15T20:23:00+09:00,2026-08-18T23:59:59+09:00,0,MERCURY|JUPITER,MERCURY:LEO|JUPITER:LEO,MERCURY-JUPITER:0,5,2,not_applicable,MERCURY,1,10,anchor_house,MERCURY|JUPITER,swiss_ephemeris,MERCURY:JUPITER:0:2026-08-15,around_day,LEO_GROWTH,,50,90,仕事の展望と自分の方針を伝える時,{event_date}前後は、仕事の展望、役割、得意分野を言葉にする力が高まり、自分の方針を公の場で伝えやすくなります。将来の可能性を確定した成果のように話すと、責任だけが先に膨らみやすいでしょう。実績、提案、今後の課題を分け、実行条件とともに示してください。,conjunction;mercury;jupiter;leo,1
2026_08_MERCURY_JUPITER_CONJUNCTION_S01_N11,2026_08_MERCURY_JUPITER_CONJUNCTION,2026-08,conjunction,2026-08-13T00:00:00+09:00,2026-08-15T20:23:00+09:00,2026-08-18T23:59:59+09:00,0,MERCURY|JUPITER,MERCURY:LEO|JUPITER:LEO,MERCURY-JUPITER:0,5,2,not_applicable,MERCURY,1,11,anchor_house,MERCURY|JUPITER,swiss_ephemeris,MERCURY:JUPITER:0:2026-08-15,around_day,LEO_GROWTH,,50,90,仲間と未来の構想を言葉にしていく時,{event_date}前後は、友人、チーム、コミュニティとの会話から将来の構想が広がり、自分の考えを共有しやすくなります。盛り上がった案を全員の合意や実行予定と受け取ると、役割のない計画が増えやすいでしょう。面白い案を残し、参加する人、期限、最初の作業を後から確認してください。,conjunction;mercury;jupiter;leo,1
2026_08_MERCURY_JUPITER_CONJUNCTION_S01_N12,2026_08_MERCURY_JUPITER_CONJUNCTION,2026-08,conjunction,2026-08-13T00:00:00+09:00,2026-08-15T20:23:00+09:00,2026-08-18T23:59:59+09:00,0,MERCURY|JUPITER,MERCURY:LEO|JUPITER:LEO,MERCURY-JUPITER:0,5,2,not_applicable,MERCURY,1,12,anchor_house,MERCURY|JUPITER,swiss_ephemeris,MERCURY:JUPITER:0:2026-08-15,around_day,LEO_GROWTH,,50,90,内側で育った考えを静かにまとめる時,{event_date}前後は、夢、記憶、まだ人に見せていない考えが大きく広がり、自分の内側で新しい意味を結びます。浮かぶ着想をすべて現実の計画や予感と決めると、思考が散りやすいでしょう。静かな時間に書き留め、繰り返し残る考えだけを次の行動候補として整えてください。,conjunction;mercury;jupiter;leo,1
2026_08_MERCURY_JUPITER_CONJUNCTION_S02_N01,2026_08_MERCURY_JUPITER_CONJUNCTION,2026-08,conjunction,2026-08-13T00:00:00+09:00,2026-08-15T20:23:00+09:00,2026-08-18T23:59:59+09:00,0,MERCURY|JUPITER,MERCURY:LEO|JUPITER:LEO,MERCURY-JUPITER:0,5,2,not_applicable,MERCURY,2,1,anchor_house,MERCURY|JUPITER,swiss_ephemeris,MERCURY:JUPITER:0:2026-08-15,around_day,LEO_GROWTH,,50,90,自分の価値と稼ぎ方を堂々と語る時,{event_date}前後は、自分の技能や価値を説明する言葉が増え、今後の稼ぎ方を前向きに考えやすくなります。自信が高まるほど、できることや得られる対価を大きく見積もる可能性もあります。今ある実績と育てたい能力を分け、無理なく試せる仕事や価格から具体化してください。,conjunction;mercury;jupiter;leo,1
2026_08_MERCURY_JUPITER_CONJUNCTION_S02_N02,2026_08_MERCURY_JUPITER_CONJUNCTION,2026-08,conjunction,2026-08-13T00:00:00+09:00,2026-08-15T20:23:00+09:00,2026-08-18T23:59:59+09:00,0,MERCURY|JUPITER,MERCURY:LEO|JUPITER:LEO,MERCURY-JUPITER:0,5,2,not_applicable,MERCURY,2,2,anchor_house,MERCURY|JUPITER,swiss_ephemeris,MERCURY:JUPITER:0:2026-08-15,around_day,LEO_GROWTH,,50,90,収入と資源の可能性を大きく見直す時,{event_date}前後は、収入、所有物、時間の使い道について考えが広がり、自分の資源を増やす方法を検討しやすくなります。期待だけで収入や価値を高く見積もると、支出や準備期間との釣り合いを欠きやすいでしょう。現在の数字を確認し、守る資源と育てる資源を分けてください。,conjunction;mercury;jupiter;leo,1
2026_08_MERCURY_JUPITER_CONJUNCTION_S02_N03,2026_08_MERCURY_JUPITER_CONJUNCTION,2026-08,conjunction,2026-08-13T00:00:00+09:00,2026-08-15T20:23:00+09:00,2026-08-18T23:59:59+09:00,0,MERCURY|JUPITER,MERCURY:LEO|JUPITER:LEO,MERCURY-JUPITER:0,5,2,not_applicable,MERCURY,2,3,anchor_house,MERCURY|JUPITER,swiss_ephemeris,MERCURY:JUPITER:0:2026-08-15,around_day,LEO_GROWTH,,50,90,技能と価格を分かりやすく伝える時,{event_date}前後は、自分の技能、商品、サービスの価値を言葉にし、価格や条件を周囲へ伝えやすくなります。説明が弾むほど、利点を強調して必要な手間や制約を省きやすいでしょう。提供する内容、料金、対応範囲を短く整理し、相手の理解も確認してください。,conjunction;mercury;jupiter;leo,1
2026_08_MERCURY_JUPITER_CONJUNCTION_S02_N04,2026_08_MERCURY_JUPITER_CONJUNCTION,2026-08,conjunction,2026-08-13T00:00:00+09:00,2026-08-15T20:23:00+09:00,2026-08-18T23:59:59+09:00,0,MERCURY|JUPITER,MERCURY:LEO|JUPITER:LEO,MERCURY-JUPITER:0,5,2,not_applicable,MERCURY,2,4,anchor_house,MERCURY|JUPITER,swiss_ephemeris,MERCURY:JUPITER:0:2026-08-15,around_day,LEO_GROWTH,,50,90,家計と暮らしの資源を話し合う時,{event_date}前後は、住まい、家族、日々の安心に必要なお金や物について話が広がり、暮らしの将来像を考えやすくなります。理想的な住環境を一度に実現しようとすると、家計や家族の負担を見落としやすいでしょう。希望を共有し、現在の予算で優先するものから決めてください。,conjunction;mercury;jupiter;leo,1
2026_08_MERCURY_JUPITER_CONJUNCTION_S02_N05,2026_08_MERCURY_JUPITER_CONJUNCTION,2026-08,conjunction,2026-08-13T00:00:00+09:00,2026-08-15T20:23:00+09:00,2026-08-18T23:59:59+09:00,0,MERCURY|JUPITER,MERCURY:LEO|JUPITER:LEO,MERCURY-JUPITER:0,5,2,not_applicable,MERCURY,2,5,anchor_house,MERCURY|JUPITER,swiss_ephemeris,MERCURY:JUPITER:0:2026-08-15,around_day,LEO_GROWTH,,50,90,才能と楽しみの価値を育てていく時,{event_date}前後は、創作、趣味、遊びにある自分の才能へ言葉が与えられ、価値や活かし方を広く考えやすくなります。反応の良さを継続的な収入や評価と決めると、楽しみまで成果の義務になりやすいでしょう。喜びを守りながら、小さな販売や発表で需要を確かめてください。,conjunction;mercury;jupiter;leo,1
2026_08_MERCURY_JUPITER_CONJUNCTION_S02_N06,2026_08_MERCURY_JUPITER_CONJUNCTION,2026-08,conjunction,2026-08-13T00:00:00+09:00,2026-08-15T20:23:00+09:00,2026-08-18T23:59:59+09:00,0,MERCURY|JUPITER,MERCURY:LEO|JUPITER:LEO,MERCURY-JUPITER:0,5,2,not_applicable,MERCURY,2,6,anchor_house,MERCURY|JUPITER,swiss_ephemeris,MERCURY:JUPITER:0:2026-08-15,around_day,LEO_GROWTH,,50,90,働く時間と対価の釣り合いを整える時,{event_date}前後は、毎日の仕事に使う時間、技能、得られる対価について改善案が広がり、条件を見直しやすくなります。仕事量と収入を同時に増やそうとすると、確認作業や休息まで圧迫されやすいでしょう。作業時間と経費を数え、続けられる単価と手順を整えてください。,conjunction;mercury;jupiter;leo,1
2026_08_MERCURY_JUPITER_CONJUNCTION_S02_N07,2026_08_MERCURY_JUPITER_CONJUNCTION,2026-08,conjunction,2026-08-13T00:00:00+09:00,2026-08-15T20:23:00+09:00,2026-08-18T23:59:59+09:00,0,MERCURY|JUPITER,MERCURY:LEO|JUPITER:LEO,MERCURY-JUPITER:0,5,2,not_applicable,MERCURY,2,7,anchor_house,MERCURY|JUPITER,swiss_ephemeris,MERCURY:JUPITER:0:2026-08-15,around_day,LEO_GROWTH,,50,90,相手とお金の条件を率直に交渉する時,{event_date}前後は、パートナーや取引相手と、報酬、支払い、物の扱いについて前向きな交渉を進めやすくなります。会話の勢いで条件が整ったと思うと、金額や期限の認識がずれやすいでしょう。互いの希望を聞いたうえで、決定額、担当、支払時期を記録してください。,conjunction;mercury;jupiter;leo,1
2026_08_MERCURY_JUPITER_CONJUNCTION_S02_N08,2026_08_MERCURY_JUPITER_CONJUNCTION,2026-08,conjunction,2026-08-13T00:00:00+09:00,2026-08-15T20:23:00+09:00,2026-08-18T23:59:59+09:00,0,MERCURY|JUPITER,MERCURY:LEO|JUPITER:LEO,MERCURY-JUPITER:0,5,2,not_applicable,MERCURY,2,8,anchor_house,MERCURY|JUPITER,swiss_ephemeris,MERCURY:JUPITER:0:2026-08-15,around_day,LEO_GROWTH,,50,90,自分の資産と共有資金を整理する時,{event_date}前後は、自分の収入と、誰かと共有する資金や負担を一緒に見直し、今後の管理方法を考えやすくなります。信頼や期待から援助や借入の規模を広げると、返す条件と自分の生活資金が曖昧になります。残高、金額、期限を確認し、自分で守る範囲を先に決めてください。,conjunction;mercury;jupiter;leo,1
2026_08_MERCURY_JUPITER_CONJUNCTION_S02_N09,2026_08_MERCURY_JUPITER_CONJUNCTION,2026-08,conjunction,2026-08-13T00:00:00+09:00,2026-08-15T20:23:00+09:00,2026-08-18T23:59:59+09:00,0,MERCURY|JUPITER,MERCURY:LEO|JUPITER:LEO,MERCURY-JUPITER:0,5,2,not_applicable,MERCURY,2,9,anchor_house,MERCURY|JUPITER,swiss_ephemeris,MERCURY:JUPITER:0:2026-08-15,around_day,LEO_GROWTH,,50,90,学びや旅へ使う予算を計画する時,{event_date}前後は、専門的な学び、資格、旅へ資源を使う意味が広がり、将来への投資計画を考えやすくなります。魅力的な講座や移動案をすべて選ぶと、費用だけでなく準備時間も膨らみやすいでしょう。最も残したい経験を選び、調査、予約、支払いを段階に分けてください。,conjunction;mercury;jupiter;leo,1
2026_08_MERCURY_JUPITER_CONJUNCTION_S02_N10,2026_08_MERCURY_JUPITER_CONJUNCTION,2026-08,conjunction,2026-08-13T00:00:00+09:00,2026-08-15T20:23:00+09:00,2026-08-18T23:59:59+09:00,0,MERCURY|JUPITER,MERCURY:LEO|JUPITER:LEO,MERCURY-JUPITER:0,5,2,not_applicable,MERCURY,2,10,anchor_house,MERCURY|JUPITER,swiss_ephemeris,MERCURY:JUPITER:0:2026-08-15,around_day,LEO_GROWTH,,50,90,仕事の価値と報酬の展望を伝える時,{event_date}前後は、仕事で提供している価値、実績、希望する報酬を言葉にし、今後の条件を話しやすくなります。将来の成果まで現在の実績として語ると、責任や期待だけが先に膨らみやすいでしょう。根拠となる数字と担当範囲を整え、段階的な条件として提案してください。,conjunction;mercury;jupiter;leo,1
2026_08_MERCURY_JUPITER_CONJUNCTION_S02_N11,2026_08_MERCURY_JUPITER_CONJUNCTION,2026-08,conjunction,2026-08-13T00:00:00+09:00,2026-08-15T20:23:00+09:00,2026-08-18T23:59:59+09:00,0,MERCURY|JUPITER,MERCURY:LEO|JUPITER:LEO,MERCURY-JUPITER:0,5,2,not_applicable,MERCURY,2,11,anchor_house,MERCURY|JUPITER,swiss_ephemeris,MERCURY:JUPITER:0:2026-08-15,around_day,LEO_GROWTH,,50,90,仲間と資金計画の可能性を広げる時,{event_date}前後は、友人、チーム、コミュニティとの計画に必要な資金や技能について話が広がり、新しい調達案を考えやすくなります。盛り上がった構想を実行予算と同じものとして扱うと、負担の担当が曖昧になります。必要額、提供できる資源、参加者を分けて確認してください。,conjunction;mercury;jupiter;leo,1
2026_08_MERCURY_JUPITER_CONJUNCTION_S02_N12,2026_08_MERCURY_JUPITER_CONJUNCTION,2026-08,conjunction,2026-08-13T00:00:00+09:00,2026-08-15T20:23:00+09:00,2026-08-18T23:59:59+09:00,0,MERCURY|JUPITER,MERCURY:LEO|JUPITER:LEO,MERCURY-JUPITER:0,5,2,not_applicable,MERCURY,2,12,anchor_house,MERCURY|JUPITER,swiss_ephemeris,MERCURY:JUPITER:0:2026-08-15,around_day,LEO_GROWTH,,50,90,隠れた出費と内側の価値を見直す時,{event_date}前後は、気づかないうちに使っていたお金や時間と、まだ人に見せていない技能の価値へ考えが広がります。内側で膨らんだ期待をすぐ収入計画にすると、準備に必要な費用を見落としやすいでしょう。隠れた支出を整理し、静かに試せる形で才能を育ててください。,conjunction;mercury;jupiter;leo,1
2026_08_MERCURY_JUPITER_CONJUNCTION_S03_N01,2026_08_MERCURY_JUPITER_CONJUNCTION,2026-08,conjunction,2026-08-13T00:00:00+09:00,2026-08-15T20:23:00+09:00,2026-08-18T23:59:59+09:00,0,MERCURY|JUPITER,MERCURY:LEO|JUPITER:LEO,MERCURY-JUPITER:0,5,2,not_applicable,MERCURY,3,1,anchor_house,MERCURY|JUPITER,swiss_ephemeris,MERCURY:JUPITER:0:2026-08-15,around_day,LEO_GROWTH,,50,90,自分らしい言葉で考えを広く伝える時,{event_date}前後は、会話や文章を通して自分の考えを伝える力が高まり、周囲へ新しい印象を示しやすくなります。言葉に勢いがつくほど、まだ試していないことまで自分の方針として語りやすいでしょう。今の実感と将来の希望を分け、まず伝えたい要点を一つに絞ってください。,conjunction;mercury;jupiter;leo,1
2026_08_MERCURY_JUPITER_CONJUNCTION_S03_N02,2026_08_MERCURY_JUPITER_CONJUNCTION,2026-08,conjunction,2026-08-13T00:00:00+09:00,2026-08-15T20:23:00+09:00,2026-08-18T23:59:59+09:00,0,MERCURY|JUPITER,MERCURY:LEO|JUPITER:LEO,MERCURY-JUPITER:0,5,2,not_applicable,MERCURY,3,2,anchor_house,MERCURY|JUPITER,swiss_ephemeris,MERCURY:JUPITER:0:2026-08-15,around_day,LEO_GROWTH,,50,90,情報と会話を技能や収入へ結ぶ時,{event_date}前後は、身近な情報交換や学習から、自分の技能を活かす方法や収入につながる案が広がります。面白い話を確かな需要や報酬と同じものとして扱うと、費用や手間を見落としやすいでしょう。相手が求める内容を確かめ、小さな提案と現実的な価格から試してください。,conjunction;mercury;jupiter;leo,1
2026_08_MERCURY_JUPITER_CONJUNCTION_S03_N03,2026_08_MERCURY_JUPITER_CONJUNCTION,2026-08,conjunction,2026-08-13T00:00:00+09:00,2026-08-15T20:23:00+09:00,2026-08-18T23:59:59+09:00,0,MERCURY|JUPITER,MERCURY:LEO|JUPITER:LEO,MERCURY-JUPITER:0,5,2,not_applicable,MERCURY,3,3,anchor_house,MERCURY|JUPITER,swiss_ephemeris,MERCURY:JUPITER:0:2026-08-15,around_day,LEO_GROWTH,,50,90,学びと発信が勢いよく広がっていく時,{event_date}前後は、会話、読書、短い移動から情報が次々に結びつき、学びや発信の範囲が大きく広がります。興味のまま予定や情報源を増やすと、理解が浅いまま話題だけが膨らみやすいでしょう。テーマを一つ選び、自分の言葉で要約してから次の学びへ進んでください。,conjunction;mercury;jupiter;leo,1
2026_08_MERCURY_JUPITER_CONJUNCTION_S03_N04,2026_08_MERCURY_JUPITER_CONJUNCTION,2026-08,conjunction,2026-08-13T00:00:00+09:00,2026-08-15T20:23:00+09:00,2026-08-18T23:59:59+09:00,0,MERCURY|JUPITER,MERCURY:LEO|JUPITER:LEO,MERCURY-JUPITER:0,5,2,not_applicable,MERCURY,3,4,anchor_house,MERCURY|JUPITER,swiss_ephemeris,MERCURY:JUPITER:0:2026-08-15,around_day,LEO_GROWTH,,50,90,家族との対話で暮らしを描き直す時,{event_date}前後は、家族との会話や住まいに関する連絡が増え、今後の暮らしを広い視点で考えやすくなります。理想や昔の話を一度に語ると、現在決めるべき実務が見えにくくなるでしょう。感情を伝える時間と、費用や予定を確認する話を分けて進めてください。,conjunction;mercury;jupiter;leo,1
2026_08_MERCURY_JUPITER_CONJUNCTION_S03_N05,2026_08_MERCURY_JUPITER_CONJUNCTION,2026-08,conjunction,2026-08-13T00:00:00+09:00,2026-08-15T20:23:00+09:00,2026-08-18T23:59:59+09:00,0,MERCURY|JUPITER,MERCURY:LEO|JUPITER:LEO,MERCURY-JUPITER:0,5,2,not_applicable,MERCURY,3,5,anchor_house,MERCURY|JUPITER,swiss_ephemeris,MERCURY:JUPITER:0:2026-08-15,around_day,LEO_GROWTH,,50,90,創作と恋を軽やかな言葉で楽しむ時,{event_date}前後は、文章、会話、短い発信から創作意欲や恋のときめきが広がり、遊び心のある表現を試しやすくなります。反応が良いほど話や約束を大きくすると、一時の楽しさへ責任が加わりやすいでしょう。まず作品や会話として味わい、続けたいものだけを後から形にしてください。,conjunction;mercury;jupiter;leo,1
2026_08_MERCURY_JUPITER_CONJUNCTION_S03_N06,2026_08_MERCURY_JUPITER_CONJUNCTION,2026-08,conjunction,2026-08-13T00:00:00+09:00,2026-08-15T20:23:00+09:00,2026-08-18T23:59:59+09:00,0,MERCURY|JUPITER,MERCURY:LEO|JUPITER:LEO,MERCURY-JUPITER:0,5,2,not_applicable,MERCURY,3,6,anchor_house,MERCURY|JUPITER,swiss_ephemeris,MERCURY:JUPITER:0:2026-08-15,around_day,LEO_GROWTH,,50,90,仕事の連絡と手順を分かりやすくする時,{event_date}前後は、職場の連絡、作業手順、生活管理について改善案が広がり、周囲へ説明しやすくなります。便利な方法や予定を一度に増やすと、確認事項と担当まで膨らみやすいでしょう。誰が、いつ、何をするかを短く整理し、一つの手順から定着させてください。,conjunction;mercury;jupiter;leo,1
2026_08_MERCURY_JUPITER_CONJUNCTION_S03_N07,2026_08_MERCURY_JUPITER_CONJUNCTION,2026-08,conjunction,2026-08-13T00:00:00+09:00,2026-08-15T20:23:00+09:00,2026-08-18T23:59:59+09:00,0,MERCURY|JUPITER,MERCURY:LEO|JUPITER:LEO,MERCURY-JUPITER:0,5,2,not_applicable,MERCURY,3,7,anchor_house,MERCURY|JUPITER,swiss_ephemeris,MERCURY:JUPITER:0:2026-08-15,around_day,LEO_GROWTH,,50,90,対話と交渉から新しい合意を作る時,{event_date}前後は、パートナーや取引相手との会話が弾み、互いの希望や新しい協力案を広く検討しやすくなります。話が通じた勢いで合意済みと思うと、条件や担当の違いを見落としやすいでしょう。相手の言葉を言い換えて確認し、決定事項だけを記録してください。,conjunction;mercury;jupiter;leo,1
2026_08_MERCURY_JUPITER_CONJUNCTION_S03_N08,2026_08_MERCURY_JUPITER_CONJUNCTION,2026-08,conjunction,2026-08-13T00:00:00+09:00,2026-08-15T20:23:00+09:00,2026-08-18T23:59:59+09:00,0,MERCURY|JUPITER,MERCURY:LEO|JUPITER:LEO,MERCURY-JUPITER:0,5,2,not_applicable,MERCURY,3,8,anchor_house,MERCURY|JUPITER,swiss_ephemeris,MERCURY:JUPITER:0:2026-08-15,around_day,LEO_GROWTH,,50,90,深い話と共有事項を丁寧に確認する時,{event_date}前後は、共有資産、秘密、親密な感情について理解を深める会話が増え、避けていた話題にも向き合いやすくなります。話せた安心から負担や約束まで広げると、同意の範囲が曖昧になります。気持ちを尊重しつつ、金額、期限、共有できる情報は別に確認してください。,conjunction;mercury;jupiter;leo,1
2026_08_MERCURY_JUPITER_CONJUNCTION_S03_N09,2026_08_MERCURY_JUPITER_CONJUNCTION,2026-08,conjunction,2026-08-13T00:00:00+09:00,2026-08-15T20:23:00+09:00,2026-08-18T23:59:59+09:00,0,MERCURY|JUPITER,MERCURY:LEO|JUPITER:LEO,MERCURY-JUPITER:0,5,2,not_applicable,MERCURY,3,9,anchor_house,MERCURY|JUPITER,swiss_ephemeris,MERCURY:JUPITER:0:2026-08-15,around_day,LEO_GROWTH,,50,90,身近な学びから世界観を広げていく時,{event_date}前後は、日常の会話や短い学習から、専門分野、異文化、遠い世界への関心が広がります。魅力的な情報を一つの真実として受け取ると、自分の経験との違いを見落としやすいでしょう。情報源を確かめ、興味が続くテーマから段階的に深めてください。,conjunction;mercury;jupiter;leo,1
2026_08_MERCURY_JUPITER_CONJUNCTION_S03_N10,2026_08_MERCURY_JUPITER_CONJUNCTION,2026-08,conjunction,2026-08-13T00:00:00+09:00,2026-08-15T20:23:00+09:00,2026-08-18T23:59:59+09:00,0,MERCURY|JUPITER,MERCURY:LEO|JUPITER:LEO,MERCURY-JUPITER:0,5,2,not_applicable,MERCURY,3,10,anchor_house,MERCURY|JUPITER,swiss_ephemeris,MERCURY:JUPITER:0:2026-08-15,around_day,LEO_GROWTH,,50,90,仕事の発言と専門性を社会へ届ける時,{event_date}前後は、会議、発表、仕事上の文章を通して、専門性や今後の展望を広く伝えやすくなります。将来の可能性を確定した成果のように話すと、責任だけが先に増えやすいでしょう。実績、提案、未確認の見通しを分け、相手が判断できる形へ整えてください。,conjunction;mercury;jupiter;leo,1
2026_08_MERCURY_JUPITER_CONJUNCTION_S03_N11,2026_08_MERCURY_JUPITER_CONJUNCTION,2026-08,conjunction,2026-08-13T00:00:00+09:00,2026-08-15T20:23:00+09:00,2026-08-18T23:59:59+09:00,0,MERCURY|JUPITER,MERCURY:LEO|JUPITER:LEO,MERCURY-JUPITER:0,5,2,not_applicable,MERCURY,3,11,anchor_house,MERCURY|JUPITER,swiss_ephemeris,MERCURY:JUPITER:0:2026-08-15,around_day,LEO_GROWTH,,50,90,仲間との情報交換で未来を描く時,{event_date}前後は、友人、チーム、オンライン上の会話から将来の構想が広がり、新しい協力先や方法を見つけやすくなります。盛り上がった案を全員の合意や実行予定と受け取ると、役割のない計画が増えます。面白い案を残し、参加者と最初の作業を後から確かめてください。,conjunction;mercury;jupiter;leo,1
2026_08_MERCURY_JUPITER_CONJUNCTION_S03_N12,2026_08_MERCURY_JUPITER_CONJUNCTION,2026-08,conjunction,2026-08-13T00:00:00+09:00,2026-08-15T20:23:00+09:00,2026-08-18T23:59:59+09:00,0,MERCURY|JUPITER,MERCURY:LEO|JUPITER:LEO,MERCURY-JUPITER:0,5,2,not_applicable,MERCURY,3,12,anchor_house,MERCURY|JUPITER,swiss_ephemeris,MERCURY:JUPITER:0:2026-08-15,around_day,LEO_GROWTH,,50,90,静かな思考から大切な言葉を拾う時,{event_date}前後は、夢、記憶、ふと浮かぶ言葉が大きく広がり、まだ人に見せていない考えを結び直しやすくなります。情報を追いながらすべてを意味のある予感と考えると、思考が散りやすいでしょう。通知から離れて書き留め、繰り返し残る内容だけを後で言葉にしてください。,conjunction;mercury;jupiter;leo,1
2026_08_MERCURY_JUPITER_CONJUNCTION_S04_N01,2026_08_MERCURY_JUPITER_CONJUNCTION,2026-08,conjunction,2026-08-13T00:00:00+09:00,2026-08-15T20:23:00+09:00,2026-08-18T23:59:59+09:00,0,MERCURY|JUPITER,MERCURY:LEO|JUPITER:LEO,MERCURY-JUPITER:0,5,2,not_applicable,MERCURY,4,1,anchor_house,MERCURY|JUPITER,swiss_ephemeris,MERCURY:JUPITER:0:2026-08-15,around_day,LEO_GROWTH,,50,90,暮らしの土台から自分の未来を語る時,{event_date}前後は、住まいや家族について考えが広がり、自分がどんな暮らしを選びたいかを率直に語りやすくなります。理想の自己像と居場所を一度に大きく変えようとすると、今必要な安心を見落としやすいでしょう。自分の希望を言葉にし、現在の家で試せる変更から始めてください。,conjunction;mercury;jupiter;leo,1
2026_08_MERCURY_JUPITER_CONJUNCTION_S04_N02,2026_08_MERCURY_JUPITER_CONJUNCTION,2026-08,conjunction,2026-08-13T00:00:00+09:00,2026-08-15T20:23:00+09:00,2026-08-18T23:59:59+09:00,0,MERCURY|JUPITER,MERCURY:LEO|JUPITER:LEO,MERCURY-JUPITER:0,5,2,not_applicable,MERCURY,4,2,anchor_house,MERCURY|JUPITER,swiss_ephemeris,MERCURY:JUPITER:0:2026-08-15,around_day,LEO_GROWTH,,50,90,家と家計の将来像を具体的に描く時,{event_date}前後は、住居費、家族に関する支出、家に残す物の価値について話が広がり、家計の将来像を考えやすくなります。理想的な住環境へ期待が膨らむほど、維持費や生活資金を小さく見積もりやすいでしょう。現在の数字を確認し、安心を支える支出から優先してください。,conjunction;mercury;jupiter;leo,1
2026_08_MERCURY_JUPITER_CONJUNCTION_S04_N03,2026_08_MERCURY_JUPITER_CONJUNCTION,2026-08,conjunction,2026-08-13T00:00:00+09:00,2026-08-15T20:23:00+09:00,2026-08-18T23:59:59+09:00,0,MERCURY|JUPITER,MERCURY:LEO|JUPITER:LEO,MERCURY-JUPITER:0,5,2,not_applicable,MERCURY,4,3,anchor_house,MERCURY|JUPITER,swiss_ephemeris,MERCURY:JUPITER:0:2026-08-15,around_day,LEO_GROWTH,,50,90,家族との会話で過去と今を結び直す時,{event_date}前後は、家族との会話、住まいの手続き、昔の記憶について言葉が増え、過去と現在を結び直しやすくなります。伝えたいことを一度に話すと、感情と実務の要点が混ざりやすいでしょう。思いを共有する時間と、予定や書類を確認する時間を分けてください。,conjunction;mercury;jupiter;leo,1
2026_08_MERCURY_JUPITER_CONJUNCTION_S04_N04,2026_08_MERCURY_JUPITER_CONJUNCTION,2026-08,conjunction,2026-08-13T00:00:00+09:00,2026-08-15T20:23:00+09:00,2026-08-18T23:59:59+09:00,0,MERCURY|JUPITER,MERCURY:LEO|JUPITER:LEO,MERCURY-JUPITER:0,5,2,not_applicable,MERCURY,4,4,anchor_house,MERCURY|JUPITER,swiss_ephemeris,MERCURY:JUPITER:0:2026-08-15,around_day,LEO_GROWTH,,50,90,住まいと家族の長期計画をまとめる時,{event_date}前後は、住まい、家族、心のよりどころについて考えが大きく広がり、長期的な暮らしを話し合いやすくなります。希望をすべて計画へ入れると、家族それぞれの都合や費用を見落としやすいでしょう。残したい習慣と変えたい条件を分け、次の一歩だけを具体化してください。,conjunction;mercury;jupiter;leo,1
2026_08_MERCURY_JUPITER_CONJUNCTION_S04_N05,2026_08_MERCURY_JUPITER_CONJUNCTION,2026-08,conjunction,2026-08-13T00:00:00+09:00,2026-08-15T20:23:00+09:00,2026-08-18T23:59:59+09:00,0,MERCURY|JUPITER,MERCURY:LEO|JUPITER:LEO,MERCURY-JUPITER:0,5,2,not_applicable,MERCURY,4,5,anchor_house,MERCURY|JUPITER,swiss_ephemeris,MERCURY:JUPITER:0:2026-08-15,around_day,LEO_GROWTH,,50,90,家庭の中で創作と楽しみを育てる時,{event_date}前後は、家での創作、子どもとの時間、恋愛や遊びについて発想が広がり、暮らしの中へ喜びを増やしやすくなります。楽しい案をすべて予定へ入れると、家庭の余白まで埋まりやすいでしょう。家族それぞれの好みを聞き、無理なく続く楽しみを一つ選んでください。,conjunction;mercury;jupiter;leo,1
2026_08_MERCURY_JUPITER_CONJUNCTION_S04_N06,2026_08_MERCURY_JUPITER_CONJUNCTION,2026-08,conjunction,2026-08-13T00:00:00+09:00,2026-08-15T20:23:00+09:00,2026-08-18T23:59:59+09:00,0,MERCURY|JUPITER,MERCURY:LEO|JUPITER:LEO,MERCURY-JUPITER:0,5,2,not_applicable,MERCURY,4,6,anchor_house,MERCURY|JUPITER,swiss_ephemeris,MERCURY:JUPITER:0:2026-08-15,around_day,LEO_GROWTH,,50,90,家事と在宅作業の仕組みを整える時,{event_date}前後は、家事、在宅での仕事、家族への世話について改善案が増え、暮らしの手順を説明しやすくなります。便利な方法や役割を一度に増やすと、確認事項と負担まで膨らみやすいでしょう。毎日の作業を一覧にし、担当と休む時間を現実的に整えてください。,conjunction;mercury;jupiter;leo,1
2026_08_MERCURY_JUPITER_CONJUNCTION_S04_N07,2026_08_MERCURY_JUPITER_CONJUNCTION,2026-08,conjunction,2026-08-13T00:00:00+09:00,2026-08-15T20:23:00+09:00,2026-08-18T23:59:59+09:00,0,MERCURY|JUPITER,MERCURY:LEO|JUPITER:LEO,MERCURY-JUPITER:0,5,2,not_applicable,MERCURY,4,7,anchor_house,MERCURY|JUPITER,swiss_ephemeris,MERCURY:JUPITER:0:2026-08-15,around_day,LEO_GROWTH,,50,90,二人の居場所と暮らしを話し合う時,{event_date}前後は、パートナーとの住まい、家族との距離、二人が安心できる暮らしについて対話が広がります。会話の勢いで同居や将来の方針まで決まったと思うと、条件の違いを見落としやすいでしょう。希望と決定事項を分け、時間、場所、費用を具体的に確認してください。,conjunction;mercury;jupiter;leo,1
2026_08_MERCURY_JUPITER_CONJUNCTION_S04_N08,2026_08_MERCURY_JUPITER_CONJUNCTION,2026-08,conjunction,2026-08-13T00:00:00+09:00,2026-08-15T20:23:00+09:00,2026-08-18T23:59:59+09:00,0,MERCURY|JUPITER,MERCURY:LEO|JUPITER:LEO,MERCURY-JUPITER:0,5,2,not_applicable,MERCURY,4,8,anchor_house,MERCURY|JUPITER,swiss_ephemeris,MERCURY:JUPITER:0:2026-08-15,around_day,LEO_GROWTH,,50,90,家族の共有資産と責任を確認する時,{event_date}前後は、家族と共有する財産、住まい、受け継いだ責任について理解を深める話が進みやすくなります。信頼や期待から負担の範囲を広げると、名義や金額の条件が曖昧になりやすいでしょう。感情を尊重しながら、資料、担当、期限を別に確認してください。,conjunction;mercury;jupiter;leo,1
2026_08_MERCURY_JUPITER_CONJUNCTION_S04_N09,2026_08_MERCURY_JUPITER_CONJUNCTION,2026-08,conjunction,2026-08-13T00:00:00+09:00,2026-08-15T20:23:00+09:00,2026-08-18T23:59:59+09:00,0,MERCURY|JUPITER,MERCURY:LEO|JUPITER:LEO,MERCURY-JUPITER:0,5,2,not_applicable,MERCURY,4,9,anchor_house,MERCURY|JUPITER,swiss_ephemeris,MERCURY:JUPITER:0:2026-08-15,around_day,LEO_GROWTH,,50,90,家族の常識から新しい世界を考える時,{event_date}前後は、家族から受け継いだ考え方と、学びや遠い土地で得た価値観を結び直し、今後の居場所を考えやすくなります。新しい思想や移動案をすぐ暮らしの結論にすると、準備期間を見落としやすいでしょう。現在地で試せる変化と長期準備が必要なことを分けてください。,conjunction;mercury;jupiter;leo,1
2026_08_MERCURY_JUPITER_CONJUNCTION_S04_N10,2026_08_MERCURY_JUPITER_CONJUNCTION,2026-08,conjunction,2026-08-13T00:00:00+09:00,2026-08-15T20:23:00+09:00,2026-08-18T23:59:59+09:00,0,MERCURY|JUPITER,MERCURY:LEO|JUPITER:LEO,MERCURY-JUPITER:0,5,2,not_applicable,MERCURY,4,10,anchor_house,MERCURY|JUPITER,swiss_ephemeris,MERCURY:JUPITER:0:2026-08-15,around_day,LEO_GROWTH,,50,90,家庭と仕事の将来像を言葉にする時,{event_date}前後は、家庭で大切にしたいことと、仕事や社会的な役割の将来像を言葉にしやすくなります。どちらの可能性も同時に広げると、生活時間と責任の釣り合いが崩れやすいでしょう。場所、期限、支援の条件を整理し、暮らしを守れる方針を伝えてください。,conjunction;mercury;jupiter;leo,1
2026_08_MERCURY_JUPITER_CONJUNCTION_S04_N11,2026_08_MERCURY_JUPITER_CONJUNCTION,2026-08,conjunction,2026-08-13T00:00:00+09:00,2026-08-15T20:23:00+09:00,2026-08-18T23:59:59+09:00,0,MERCURY|JUPITER,MERCURY:LEO|JUPITER:LEO,MERCURY-JUPITER:0,5,2,not_applicable,MERCURY,4,11,anchor_house,MERCURY|JUPITER,swiss_ephemeris,MERCURY:JUPITER:0:2026-08-15,around_day,LEO_GROWTH,,50,90,仲間と未来の居場所を構想する時,{event_date}前後は、友人、地域、コミュニティとの会話から、将来どこで誰と暮らしたいかという構想が広がります。盛り上がった案を永続的な居場所の計画と受け取ると、実際の役割や距離を見落としやすいでしょう。共有できる時間と条件を確かめ、小さな交流から試してください。,conjunction;mercury;jupiter;leo,1
2026_08_MERCURY_JUPITER_CONJUNCTION_S04_N12,2026_08_MERCURY_JUPITER_CONJUNCTION,2026-08,conjunction,2026-08-13T00:00:00+09:00,2026-08-15T20:23:00+09:00,2026-08-18T23:59:59+09:00,0,MERCURY|JUPITER,MERCURY:LEO|JUPITER:LEO,MERCURY-JUPITER:0,5,2,not_applicable,MERCURY,4,12,anchor_house,MERCURY|JUPITER,swiss_ephemeris,MERCURY:JUPITER:0:2026-08-15,around_day,LEO_GROWTH,,50,90,家族の記憶を静かに言葉へ変える時,{event_date}前後は、昔の住まい、家族の記憶、言葉にならなかった安心への思いが内側で大きく広がります。浮かぶ感情をすべて現在の家族関係の答えと決めると、思考が散りやすいでしょう。静かな場所で記録し、今の暮らしへ残したい願いだけを後から言葉にしてください。,conjunction;mercury;jupiter;leo,1
2026_08_MERCURY_JUPITER_CONJUNCTION_S05_N01,2026_08_MERCURY_JUPITER_CONJUNCTION,2026-08,conjunction,2026-08-13T00:00:00+09:00,2026-08-15T20:23:00+09:00,2026-08-18T23:59:59+09:00,0,MERCURY|JUPITER,MERCURY:LEO|JUPITER:LEO,MERCURY-JUPITER:0,5,2,not_applicable,MERCURY,5,1,anchor_house,MERCURY|JUPITER,swiss_ephemeris,MERCURY:JUPITER:0:2026-08-15,around_day,LEO_GROWTH,,50,90,遊び心を自分らしい表現へ育てる時,{event_date}前後は、創作や恋愛、遊びについて発想が広がり、自分の魅力や好みを堂々と言葉にしやすくなります。周囲の反応を期待して表現を大きくすると、本当に楽しみたいことより見せ方が先に立ちやすいでしょう。自分が心から面白いと思う案を一つ選び、小さな作品や行動として試してください。,conjunction;mercury;jupiter;leo,1
2026_08_MERCURY_JUPITER_CONJUNCTION_S05_N02,2026_08_MERCURY_JUPITER_CONJUNCTION,2026-08,conjunction,2026-08-13T00:00:00+09:00,2026-08-15T20:23:00+09:00,2026-08-18T23:59:59+09:00,0,MERCURY|JUPITER,MERCURY:LEO|JUPITER:LEO,MERCURY-JUPITER:0,5,2,not_applicable,MERCURY,5,2,anchor_house,MERCURY|JUPITER,swiss_ephemeris,MERCURY:JUPITER:0:2026-08-15,around_day,LEO_GROWTH,,50,90,創作の喜びを技能と価値へ結びつける時,{event_date}前後は、創作や趣味から自分の技能と価値を見直し、好きなことを収入や持ち物の選択へ結びつける案が広がります。楽しさへの期待で費用や需要を大きく見積もると、生活を支える予算が曖昧になりやすいでしょう。試作品と必要経費を確認し、無理のない価格や支出から始めてください。,conjunction;mercury;jupiter;leo,1
2026_08_MERCURY_JUPITER_CONJUNCTION_S05_N03,2026_08_MERCURY_JUPITER_CONJUNCTION,2026-08,conjunction,2026-08-13T00:00:00+09:00,2026-08-15T20:23:00+09:00,2026-08-18T23:59:59+09:00,0,MERCURY|JUPITER,MERCURY:LEO|JUPITER:LEO,MERCURY-JUPITER:0,5,2,not_applicable,MERCURY,5,3,anchor_house,MERCURY|JUPITER,swiss_ephemeris,MERCURY:JUPITER:0:2026-08-15,around_day,LEO_GROWTH,,50,90,言葉と発信で楽しさを広げていく時,{event_date}前後は、文章、会話、短い発信に遊び心が加わり、創作や恋の気持ちを軽やかに伝えやすくなります。話題や発信先を増やしすぎると、約束や締切を忘れ、せっかくの面白さが散りやすいでしょう。伝えたい相手と媒体を絞り、反応を見ながら次の表現へ広げてください。,conjunction;mercury;jupiter;leo,1
2026_08_MERCURY_JUPITER_CONJUNCTION_S05_N04,2026_08_MERCURY_JUPITER_CONJUNCTION,2026-08,conjunction,2026-08-13T00:00:00+09:00,2026-08-15T20:23:00+09:00,2026-08-18T23:59:59+09:00,0,MERCURY|JUPITER,MERCURY:LEO|JUPITER:LEO,MERCURY-JUPITER:0,5,2,not_applicable,MERCURY,5,4,anchor_house,MERCURY|JUPITER,swiss_ephemeris,MERCURY:JUPITER:0:2026-08-15,around_day,LEO_GROWTH,,50,90,家庭の中に創作と遊びの余白を作る時,{event_date}前後は、家で楽しめる創作、家族や子どもとの遊びについて案が膨らみ、住まいを明るい場所へ整えたくなります。理想の行事や模様替えを一度に進めると、家族のペースや費用を置き去りにしやすいでしょう。全員が楽しめる時間を確かめ、続けられる小さな習慣から作ってください。,conjunction;mercury;jupiter;leo,1
2026_08_MERCURY_JUPITER_CONJUNCTION_S05_N05,2026_08_MERCURY_JUPITER_CONJUNCTION,2026-08,conjunction,2026-08-13T00:00:00+09:00,2026-08-15T20:23:00+09:00,2026-08-18T23:59:59+09:00,0,MERCURY|JUPITER,MERCURY:LEO|JUPITER:LEO,MERCURY-JUPITER:0,5,2,not_applicable,MERCURY,5,5,anchor_house,MERCURY|JUPITER,swiss_ephemeris,MERCURY:JUPITER:0:2026-08-15,around_day,LEO_GROWTH,,50,90,恋と創作の可能性を大きく描き出す時,{event_date}前後は、恋愛、創作、遊び、子どもに関する話題が大きく広がり、自分の喜びを表現する意欲が高まります。期待や物語を先まで膨らませると、相手の気持ちや作品の現在地を見失いやすいでしょう。今この瞬間の手応えを味わい、次の約束や発表は確認を重ねて決めてください。,conjunction;mercury;jupiter;leo,1
2026_08_MERCURY_JUPITER_CONJUNCTION_S05_N06,2026_08_MERCURY_JUPITER_CONJUNCTION,2026-08,conjunction,2026-08-13T00:00:00+09:00,2026-08-15T20:23:00+09:00,2026-08-18T23:59:59+09:00,0,MERCURY|JUPITER,MERCURY:LEO|JUPITER:LEO,MERCURY-JUPITER:0,5,2,not_applicable,MERCURY,5,6,anchor_house,MERCURY|JUPITER,swiss_ephemeris,MERCURY:JUPITER:0:2026-08-15,around_day,LEO_GROWTH,,50,90,楽しみを毎日の仕事と習慣へ生かす時,{event_date}前後は、好きなことを仕事や日課に取り入れる発想が増え、作業を楽しく続ける方法を考えやすくなります。創作の勢いで予定や役割を追加すると、休息や細かな確認が後回しになりやすいでしょう。楽しさが集中を助ける範囲を見極め、一日の作業量と休む時間を先に決めてください。,conjunction;mercury;jupiter;leo,1
2026_08_MERCURY_JUPITER_CONJUNCTION_S05_N07,2026_08_MERCURY_JUPITER_CONJUNCTION,2026-08,conjunction,2026-08-13T00:00:00+09:00,2026-08-15T20:23:00+09:00,2026-08-18T23:59:59+09:00,0,MERCURY|JUPITER,MERCURY:LEO|JUPITER:LEO,MERCURY-JUPITER:0,5,2,not_applicable,MERCURY,5,7,anchor_house,MERCURY|JUPITER,swiss_ephemeris,MERCURY:JUPITER:0:2026-08-15,around_day,LEO_GROWTH,,50,90,対話を通じて二人の楽しみを育てる時,{event_date}前後は、パートナーや協力相手との会話から、二人で楽しめる企画や恋愛の将来像が豊かに広がります。気持ちが通じた勢いで期待や約束まで大きくすると、相手との温度差を見落としやすいでしょう。互いに望むことを言葉にし、すぐ試せる楽しみから一緒に選んでください。,conjunction;mercury;jupiter;leo,1
2026_08_MERCURY_JUPITER_CONJUNCTION_S05_N08,2026_08_MERCURY_JUPITER_CONJUNCTION,2026-08,conjunction,2026-08-13T00:00:00+09:00,2026-08-15T20:23:00+09:00,2026-08-18T23:59:59+09:00,0,MERCURY|JUPITER,MERCURY:LEO|JUPITER:LEO,MERCURY-JUPITER:0,5,2,not_applicable,MERCURY,5,8,anchor_house,MERCURY|JUPITER,swiss_ephemeris,MERCURY:JUPITER:0:2026-08-15,around_day,LEO_GROWTH,,50,90,深い信頼から創作と親密さを広げる時,{event_date}前後は、親密な気持ちや共有してきた経験が創作の源になり、普段は話しにくい願いも言葉にしやすくなります。深く分かり合えた感覚から金銭や秘密の共有まで広げると、同意の範囲が曖昧になりやすいでしょう。感情の交流と具体的な約束を分け、互いの境界を確かめてください。,conjunction;mercury;jupiter;leo,1
2026_08_MERCURY_JUPITER_CONJUNCTION_S05_N09,2026_08_MERCURY_JUPITER_CONJUNCTION,2026-08,conjunction,2026-08-13T00:00:00+09:00,2026-08-15T20:23:00+09:00,2026-08-18T23:59:59+09:00,0,MERCURY|JUPITER,MERCURY:LEO|JUPITER:LEO,MERCURY-JUPITER:0,5,2,not_applicable,MERCURY,5,9,anchor_house,MERCURY|JUPITER,swiss_ephemeris,MERCURY:JUPITER:0:2026-08-15,around_day,LEO_GROWTH,,50,90,学びと旅から新しい表現を見つける時,{event_date}前後は、学び、旅、異文化との出会いから創作や恋の視野が広がり、これまでにない表現を試したくなります。刺激的な考えをすぐ自分の答えとして語ると、背景や準備の違いを見落としやすいでしょう。興味を持ったテーマを調べ、実体験を重ねてから作品や計画へ育ててください。,conjunction;mercury;jupiter;leo,1
2026_08_MERCURY_JUPITER_CONJUNCTION_S05_N10,2026_08_MERCURY_JUPITER_CONJUNCTION,2026-08,conjunction,2026-08-13T00:00:00+09:00,2026-08-15T20:23:00+09:00,2026-08-18T23:59:59+09:00,0,MERCURY|JUPITER,MERCURY:LEO|JUPITER:LEO,MERCURY-JUPITER:0,5,2,not_applicable,MERCURY,5,10,anchor_house,MERCURY|JUPITER,swiss_ephemeris,MERCURY:JUPITER:0:2026-08-15,around_day,LEO_GROWTH,,50,90,創造性を仕事の提案と評価へ届ける時,{event_date}前後は、創作力や発信力を仕事の企画、発表、社会的な役割へ結びつける考えが広がります。注目や評価を期待して提案を大きくすると、実行に必要な時間や担当を軽く見積もりやすいでしょう。面白さを保ちながら、目的、期限、成果物を具体的にして周囲へ伝えてください。,conjunction;mercury;jupiter;leo,1
2026_08_MERCURY_JUPITER_CONJUNCTION_S05_N11,2026_08_MERCURY_JUPITER_CONJUNCTION,2026-08,conjunction,2026-08-13T00:00:00+09:00,2026-08-15T20:23:00+09:00,2026-08-18T23:59:59+09:00,0,MERCURY|JUPITER,MERCURY:LEO|JUPITER:LEO,MERCURY-JUPITER:0,5,2,not_applicable,MERCURY,5,11,anchor_house,MERCURY|JUPITER,swiss_ephemeris,MERCURY:JUPITER:0:2026-08-15,around_day,LEO_GROWTH,,50,90,仲間と未来へつながる企画を育てる時,{event_date}前後は、友人やチームとの会話から、イベント、創作、未来の活動について楽しい構想が次々に生まれます。盛り上がりを全員の合意と受け取ると、担当者のいない企画や予定だけが増えやすいでしょう。参加したい人と最初の作業を確かめ、続けられる規模で一度試してください。,conjunction;mercury;jupiter;leo,1
2026_08_MERCURY_JUPITER_CONJUNCTION_S05_N12,2026_08_MERCURY_JUPITER_CONJUNCTION,2026-08,conjunction,2026-08-13T00:00:00+09:00,2026-08-15T20:23:00+09:00,2026-08-18T23:59:59+09:00,0,MERCURY|JUPITER,MERCURY:LEO|JUPITER:LEO,MERCURY-JUPITER:0,5,2,not_applicable,MERCURY,5,12,anchor_house,MERCURY|JUPITER,swiss_ephemeris,MERCURY:JUPITER:0:2026-08-15,around_day,LEO_GROWTH,,50,90,内側の物語を静かな創作へ変える時,{event_date}前後は、夢や記憶、ひとりの時間に浮かぶ物語が豊かになり、人に見せていない創作意欲を育てやすくなります。思いつきのすべてに特別な意味を求めると、形にする前に気持ちが散りやすいでしょう。静かな場所で素材を記録し、繰り返し心に残るものから作品へ整えてください。,conjunction;mercury;jupiter;leo,1
2026_08_MERCURY_JUPITER_CONJUNCTION_S06_N01,2026_08_MERCURY_JUPITER_CONJUNCTION,2026-08,conjunction,2026-08-13T00:00:00+09:00,2026-08-15T20:23:00+09:00,2026-08-18T23:59:59+09:00,0,MERCURY|JUPITER,MERCURY:LEO|JUPITER:LEO,MERCURY-JUPITER:0,5,2,not_applicable,MERCURY,6,1,anchor_house,MERCURY|JUPITER,swiss_ephemeris,MERCURY:JUPITER:0:2026-08-15,around_day,LEO_GROWTH,,50,90,自分に合う仕事と生活の型を整える時,{event_date}前後は、仕事の進め方、生活習慣、体調管理について改善案が広がり、自分に合う日課を言葉にしやすくなります。理想の働き方を一度に実現しようとすると、予定や習慣を増やしすぎて負担が見えにくくなるでしょう。現在の体力と集中時間を基準に、効果を確かめられる変更を一つずつ試してください。,conjunction;mercury;jupiter;leo,1
2026_08_MERCURY_JUPITER_CONJUNCTION_S06_N02,2026_08_MERCURY_JUPITER_CONJUNCTION,2026-08,conjunction,2026-08-13T00:00:00+09:00,2026-08-15T20:23:00+09:00,2026-08-18T23:59:59+09:00,0,MERCURY|JUPITER,MERCURY:LEO|JUPITER:LEO,MERCURY-JUPITER:0,5,2,not_applicable,MERCURY,6,2,anchor_house,MERCURY|JUPITER,swiss_ephemeris,MERCURY:JUPITER:0:2026-08-15,around_day,LEO_GROWTH,,50,90,技能と報酬を日々の仕事から見直す時,{event_date}前後は、日々の仕事で使う技能、時間、報酬について考えが広がり、自分の働きに見合う条件を整理しやすくなります。将来の成果まで現在の価値へ含めると、必要な訓練や経費を軽く見積もりやすいでしょう。実際の作業時間と費用を記録し、改善する技能と相談したい条件を分けてください。,conjunction;mercury;jupiter;leo,1
2026_08_MERCURY_JUPITER_CONJUNCTION_S06_N03,2026_08_MERCURY_JUPITER_CONJUNCTION,2026-08,conjunction,2026-08-13T00:00:00+09:00,2026-08-15T20:23:00+09:00,2026-08-18T23:59:59+09:00,0,MERCURY|JUPITER,MERCURY:LEO|JUPITER:LEO,MERCURY-JUPITER:0,5,2,not_applicable,MERCURY,6,3,anchor_house,MERCURY|JUPITER,swiss_ephemeris,MERCURY:JUPITER:0:2026-08-15,around_day,LEO_GROWTH,,50,90,連絡と手順を学びやすい形へ整える時,{event_date}前後は、職場の連絡、作業手順、短い学習について案が増え、複雑な実務を分かりやすく説明しやすくなります。情報源や連絡先を広げすぎると、確認する項目まで増えて要点が散りやすいでしょう。必要な手順を短く書き出し、質問と決定事項を別々に記録してください。,conjunction;mercury;jupiter;leo,1
2026_08_MERCURY_JUPITER_CONJUNCTION_S06_N04,2026_08_MERCURY_JUPITER_CONJUNCTION,2026-08,conjunction,2026-08-13T00:00:00+09:00,2026-08-15T20:23:00+09:00,2026-08-18T23:59:59+09:00,0,MERCURY|JUPITER,MERCURY:LEO|JUPITER:LEO,MERCURY-JUPITER:0,5,2,not_applicable,MERCURY,6,4,anchor_house,MERCURY|JUPITER,swiss_ephemeris,MERCURY:JUPITER:0:2026-08-15,around_day,LEO_GROWTH,,50,90,家事と仕事が両立する暮らしを作る時,{event_date}前後は、家事、在宅作業、家族への世話を効率よく回す方法が見つかり、暮らしの役割を話し合いやすくなります。便利な仕組みを一度に取り入れると、家族のペースや休む時間まで管理しすぎやすいでしょう。毎日必要な作業を確認し、担当と省ける手順を現実的に決めてください。,conjunction;mercury;jupiter;leo,1
2026_08_MERCURY_JUPITER_CONJUNCTION_S06_N05,2026_08_MERCURY_JUPITER_CONJUNCTION,2026-08,conjunction,2026-08-13T00:00:00+09:00,2026-08-15T20:23:00+09:00,2026-08-18T23:59:59+09:00,0,MERCURY|JUPITER,MERCURY:LEO|JUPITER:LEO,MERCURY-JUPITER:0,5,2,not_applicable,MERCURY,6,5,anchor_house,MERCURY|JUPITER,swiss_ephemeris,MERCURY:JUPITER:0:2026-08-15,around_day,LEO_GROWTH,,50,90,好きなことを働き方の工夫へ生かす時,{event_date}前後は、創作、遊び、子どもとの時間から仕事や日課を楽しくする発想が生まれ、意欲を保つ工夫を考えやすくなります。面白さを優先して予定を増やすと、締切や休息との釣り合いが崩れやすいでしょう。楽しみを小さな休憩や一つの作業へ取り入れ、続けられる形を確かめてください。,conjunction;mercury;jupiter;leo,1
2026_08_MERCURY_JUPITER_CONJUNCTION_S06_N06,2026_08_MERCURY_JUPITER_CONJUNCTION,2026-08,conjunction,2026-08-13T00:00:00+09:00,2026-08-15T20:23:00+09:00,2026-08-18T23:59:59+09:00,0,MERCURY|JUPITER,MERCURY:LEO|JUPITER:LEO,MERCURY-JUPITER:0,5,2,not_applicable,MERCURY,6,6,anchor_house,MERCURY|JUPITER,swiss_ephemeris,MERCURY:JUPITER:0:2026-08-15,around_day,LEO_GROWTH,,50,90,毎日の仕事と体調管理を組み直す時,{event_date}前後は、仕事の分担、生活リズム、体調の記録について改善点がよく見え、毎日の仕組みを組み直しやすくなります。良さそうな方法をすべて試すと、管理項目が増えてかえって続きにくくなるでしょう。負担の大きい作業を一つ選び、時間帯、回数、休息の取り方を具体的に調整してください。,conjunction;mercury;jupiter;leo,1
2026_08_MERCURY_JUPITER_CONJUNCTION_S06_N07,2026_08_MERCURY_JUPITER_CONJUNCTION,2026-08,conjunction,2026-08-13T00:00:00+09:00,2026-08-15T20:23:00+09:00,2026-08-18T23:59:59+09:00,0,MERCURY|JUPITER,MERCURY:LEO|JUPITER:LEO,MERCURY-JUPITER:0,5,2,not_applicable,MERCURY,6,7,anchor_house,MERCURY|JUPITER,swiss_ephemeris,MERCURY:JUPITER:0:2026-08-15,around_day,LEO_GROWTH,,50,90,協力相手と役割や手順を話し合う時,{event_date}前後は、同僚、取引相手、パートナーと仕事や生活の役割について話が広がり、協力方法を見直しやすくなります。会話が弾んだ勢いで依頼や約束を増やすと、担当範囲と期限が曖昧になりやすいでしょう。相手の希望を聞き、作業、責任、完了条件をそれぞれ言葉にしてください。,conjunction;mercury;jupiter;leo,1
2026_08_MERCURY_JUPITER_CONJUNCTION_S06_N08,2026_08_MERCURY_JUPITER_CONJUNCTION,2026-08,conjunction,2026-08-13T00:00:00+09:00,2026-08-15T20:23:00+09:00,2026-08-18T23:59:59+09:00,0,MERCURY|JUPITER,MERCURY:LEO|JUPITER:LEO,MERCURY-JUPITER:0,5,2,not_applicable,MERCURY,6,8,anchor_house,MERCURY|JUPITER,swiss_ephemeris,MERCURY:JUPITER:0:2026-08-15,around_day,LEO_GROWTH,,50,90,共有する負担と実務の責任を確認する時,{event_date}前後は、共同の支払い、引き継いだ仕事、家族への世話など、誰かと共有する実務について理解を深めやすくなります。善意から引き受ける範囲を広げると、費用や責任の境界が見えにくくなるでしょう。感情的な支えと実際の作業を分け、担当、金額、期限を資料で確認してください。,conjunction;mercury;jupiter;leo,1
2026_08_MERCURY_JUPITER_CONJUNCTION_S06_N09,2026_08_MERCURY_JUPITER_CONJUNCTION,2026-08,conjunction,2026-08-13T00:00:00+09:00,2026-08-15T20:23:00+09:00,2026-08-18T23:59:59+09:00,0,MERCURY|JUPITER,MERCURY:LEO|JUPITER:LEO,MERCURY-JUPITER:0,5,2,not_applicable,MERCURY,6,9,anchor_house,MERCURY|JUPITER,swiss_ephemeris,MERCURY:JUPITER:0:2026-08-15,around_day,LEO_GROWTH,,50,90,学びを仕事の技能と習慣へ落とし込む時,{event_date}前後は、専門知識、資格、異文化の方法を日々の仕事へ生かす発想が広がり、新しい技能を学びやすくなります。魅力的な講座や方法を一度に取り入れると、実践する時間が足りなくなりやすいでしょう。今の業務に必要なテーマを一つ選び、学ぶ時間と試す作業をセットで予定してください。,conjunction;mercury;jupiter;leo,1
2026_08_MERCURY_JUPITER_CONJUNCTION_S06_N10,2026_08_MERCURY_JUPITER_CONJUNCTION,2026-08,conjunction,2026-08-13T00:00:00+09:00,2026-08-15T20:23:00+09:00,2026-08-18T23:59:59+09:00,0,MERCURY|JUPITER,MERCURY:LEO|JUPITER:LEO,MERCURY-JUPITER:0,5,2,not_applicable,MERCURY,6,10,anchor_house,MERCURY|JUPITER,swiss_ephemeris,MERCURY:JUPITER:0:2026-08-15,around_day,LEO_GROWTH,,50,90,実務の改善を仕事の評価へつなげる時,{event_date}前後は、日々の改善、役割、専門技能を仕事上の提案としてまとめ、上司や顧客へ説明しやすくなります。将来の効果まで確定した成果のように語ると、期待と責任だけが先に増えやすいでしょう。現状の数字、試した結果、次に必要な支援を分けて伝えてください。,conjunction;mercury;jupiter;leo,1
2026_08_MERCURY_JUPITER_CONJUNCTION_S06_N11,2026_08_MERCURY_JUPITER_CONJUNCTION,2026-08,conjunction,2026-08-13T00:00:00+09:00,2026-08-15T20:23:00+09:00,2026-08-18T23:59:59+09:00,0,MERCURY|JUPITER,MERCURY:LEO|JUPITER:LEO,MERCURY-JUPITER:0,5,2,not_applicable,MERCURY,6,11,anchor_house,MERCURY|JUPITER,swiss_ephemeris,MERCURY:JUPITER:0:2026-08-15,around_day,LEO_GROWTH,,50,90,仲間と続けられる働き方を設計する時,{event_date}前後は、チームやコミュニティとの会話から、作業を分担し、互いに支え合う仕組みの案が広がります。全員に役立つ形を目指して機能や予定を増やすと、運営する人の負担を見落としやすいでしょう。参加できる時間と得意分野を確かめ、最小限の役割から試してください。,conjunction;mercury;jupiter;leo,1
2026_08_MERCURY_JUPITER_CONJUNCTION_S06_N12,2026_08_MERCURY_JUPITER_CONJUNCTION,2026-08,conjunction,2026-08-13T00:00:00+09:00,2026-08-15T20:23:00+09:00,2026-08-18T23:59:59+09:00,0,MERCURY|JUPITER,MERCURY:LEO|JUPITER:LEO,MERCURY-JUPITER:0,5,2,not_applicable,MERCURY,6,12,anchor_house,MERCURY|JUPITER,swiss_ephemeris,MERCURY:JUPITER:0:2026-08-15,around_day,LEO_GROWTH,,50,90,見えない疲れと作業を静かに整理する時,{event_date}前後は、人に見えない作業、休息、心身の疲れについて考えが広がり、自分を消耗させる習慣に気づきやすくなります。すべての原因を理解して整えようとすると、休むための時間まで予定で埋まりやすいでしょう。通知や義務から離れる時間を作り、減らせる作業と相談したい負担を書き出してください。,conjunction;mercury;jupiter;leo,1
2026_08_MERCURY_JUPITER_CONJUNCTION_S07_N01,2026_08_MERCURY_JUPITER_CONJUNCTION,2026-08,conjunction,2026-08-13T00:00:00+09:00,2026-08-15T20:23:00+09:00,2026-08-18T23:59:59+09:00,0,MERCURY|JUPITER,MERCURY:LEO|JUPITER:LEO,MERCURY-JUPITER:0,5,2,not_applicable,MERCURY,7,1,anchor_house,MERCURY|JUPITER,swiss_ephemeris,MERCURY:JUPITER:0:2026-08-15,around_day,LEO_GROWTH,,50,90,対話の中で自分の希望を明確にする時,{event_date}前後は、パートナーや協力相手との会話が広がり、自分が関係に求めることを率直に伝えやすくなります。理解された安心から希望や約束を一度に増やすと、自分と相手の役割が曖昧になりやすいでしょう。譲れない条件と相談できる部分を分け、互いの言葉で確認してください。,conjunction;mercury;jupiter;leo,1
2026_08_MERCURY_JUPITER_CONJUNCTION_S07_N02,2026_08_MERCURY_JUPITER_CONJUNCTION,2026-08,conjunction,2026-08-13T00:00:00+09:00,2026-08-15T20:23:00+09:00,2026-08-18T23:59:59+09:00,0,MERCURY|JUPITER,MERCURY:LEO|JUPITER:LEO,MERCURY-JUPITER:0,5,2,not_applicable,MERCURY,7,2,anchor_house,MERCURY|JUPITER,swiss_ephemeris,MERCURY:JUPITER:0:2026-08-15,around_day,LEO_GROWTH,,50,90,二人の価値観と金銭条件を確認する時,{event_date}前後は、二人で大切にしたい価値、報酬、買い物や契約の条件について話が進み、選択肢を広く比べやすくなります。将来の収入や相手の善意を前提にすると、現在負担できる金額を見失いやすいでしょう。希望と予算を別に書き出し、金額、期限、担当を具体的に決めてください。,conjunction;mercury;jupiter;leo,1
2026_08_MERCURY_JUPITER_CONJUNCTION_S07_N03,2026_08_MERCURY_JUPITER_CONJUNCTION,2026-08,conjunction,2026-08-13T00:00:00+09:00,2026-08-15T20:23:00+09:00,2026-08-18T23:59:59+09:00,0,MERCURY|JUPITER,MERCURY:LEO|JUPITER:LEO,MERCURY-JUPITER:0,5,2,not_applicable,MERCURY,7,3,anchor_house,MERCURY|JUPITER,swiss_ephemeris,MERCURY:JUPITER:0:2026-08-15,around_day,LEO_GROWTH,,50,90,会話と交渉から新しい合意を作る時,{event_date}前後は、相談、交渉、紹介を通して互いの考えを理解し、新しい協力案を見つけやすくなります。話題や選択肢を増やしすぎると、何に合意したのかが分かりにくくなるでしょう。相手の要望を言い換えて確かめ、決定事項と保留事項を短く記録してください。,conjunction;mercury;jupiter;leo,1
2026_08_MERCURY_JUPITER_CONJUNCTION_S07_N04,2026_08_MERCURY_JUPITER_CONJUNCTION,2026-08,conjunction,2026-08-13T00:00:00+09:00,2026-08-15T20:23:00+09:00,2026-08-18T23:59:59+09:00,0,MERCURY|JUPITER,MERCURY:LEO|JUPITER:LEO,MERCURY-JUPITER:0,5,2,not_applicable,MERCURY,7,4,anchor_house,MERCURY|JUPITER,swiss_ephemeris,MERCURY:JUPITER:0:2026-08-15,around_day,LEO_GROWTH,,50,90,家族と暮らしの将来像を話し合う時,{event_date}前後は、パートナーや家族と住まい、同居、安心できる距離について対話が広がり、将来の暮らしを描きやすくなります。理想が一致した勢いで結論を急ぐと、費用や家族それぞれの都合を見落としやすいでしょう。残したい習慣と変えたい条件を分け、次に確認する実務を決めてください。,conjunction;mercury;jupiter;leo,1
2026_08_MERCURY_JUPITER_CONJUNCTION_S07_N05,2026_08_MERCURY_JUPITER_CONJUNCTION,2026-08,conjunction,2026-08-13T00:00:00+09:00,2026-08-15T20:23:00+09:00,2026-08-18T23:59:59+09:00,0,MERCURY|JUPITER,MERCURY:LEO|JUPITER:LEO,MERCURY-JUPITER:0,5,2,not_applicable,MERCURY,7,5,anchor_house,MERCURY|JUPITER,swiss_ephemeris,MERCURY:JUPITER:0:2026-08-15,around_day,LEO_GROWTH,,50,90,恋と創作を二人の言葉で育てる時,{event_date}前後は、恋愛や創作について会話が弾み、二人で楽しめる企画や表現の可能性が豊かに広がります。気持ちの盛り上がりを将来の約束と同じものにすると、相手との温度差を見落としやすいでしょう。今楽しめることを一緒に選び、次の約束は互いの予定を確認して決めてください。,conjunction;mercury;jupiter;leo,1
2026_08_MERCURY_JUPITER_CONJUNCTION_S07_N06,2026_08_MERCURY_JUPITER_CONJUNCTION,2026-08,conjunction,2026-08-13T00:00:00+09:00,2026-08-15T20:23:00+09:00,2026-08-18T23:59:59+09:00,0,MERCURY|JUPITER,MERCURY:LEO|JUPITER:LEO,MERCURY-JUPITER:0,5,2,not_applicable,MERCURY,7,6,anchor_house,MERCURY|JUPITER,swiss_ephemeris,MERCURY:JUPITER:0:2026-08-15,around_day,LEO_GROWTH,,50,90,協力相手と毎日の役割を整えていく時,{event_date}前後は、同僚やパートナーと仕事、家事、体調管理の役割について話が進み、協力の方法を見直しやすくなります。助け合う気持ちから担当を増やすと、実際の時間や負担が見えにくくなるでしょう。毎日必要な作業を並べ、担当、頻度、休む時の代替方法まで確認してください。,conjunction;mercury;jupiter;leo,1
2026_08_MERCURY_JUPITER_CONJUNCTION_S07_N07,2026_08_MERCURY_JUPITER_CONJUNCTION,2026-08,conjunction,2026-08-13T00:00:00+09:00,2026-08-15T20:23:00+09:00,2026-08-18T23:59:59+09:00,0,MERCURY|JUPITER,MERCURY:LEO|JUPITER:LEO,MERCURY-JUPITER:0,5,2,not_applicable,MERCURY,7,7,anchor_house,MERCURY|JUPITER,swiss_ephemeris,MERCURY:JUPITER:0:2026-08-15,around_day,LEO_GROWTH,,50,90,対等な関係と約束を改めて選び直す時,{event_date}前後は、恋人、配偶者、取引相手との対話が大きく広がり、関係の目的や今後の約束を見直しやすくなります。互いに前向きなほど、まだ話していない条件まで一致していると思いやすいでしょう。期待、責任、期限を一つずつ言葉にし、双方が納得した内容だけを合意として残してください。,conjunction;mercury;jupiter;leo,1
2026_08_MERCURY_JUPITER_CONJUNCTION_S07_N08,2026_08_MERCURY_JUPITER_CONJUNCTION,2026-08,conjunction,2026-08-13T00:00:00+09:00,2026-08-15T20:23:00+09:00,2026-08-18T23:59:59+09:00,0,MERCURY|JUPITER,MERCURY:LEO|JUPITER:LEO,MERCURY-JUPITER:0,5,2,not_applicable,MERCURY,7,8,anchor_house,MERCURY|JUPITER,swiss_ephemeris,MERCURY:JUPITER:0:2026-08-15,around_day,LEO_GROWTH,,50,90,深い信頼と共有条件を丁寧に決める時,{event_date}前後は、親密な気持ち、秘密、共有財産について理解を深める会話が進み、信頼のあり方を考えやすくなります。心を開けた安心から金銭や責任の共有まで広げると、同意の範囲が曖昧になりやすいでしょう。感情の交流と実務上の約束を分け、名義、金額、期限を確認してください。,conjunction;mercury;jupiter;leo,1
2026_08_MERCURY_JUPITER_CONJUNCTION_S07_N09,2026_08_MERCURY_JUPITER_CONJUNCTION,2026-08,conjunction,2026-08-13T00:00:00+09:00,2026-08-15T20:23:00+09:00,2026-08-18T23:59:59+09:00,0,MERCURY|JUPITER,MERCURY:LEO|JUPITER:LEO,MERCURY-JUPITER:0,5,2,not_applicable,MERCURY,7,9,anchor_house,MERCURY|JUPITER,swiss_ephemeris,MERCURY:JUPITER:0:2026-08-15,around_day,LEO_GROWTH,,50,90,異なる価値観から関係の視野を広げる時,{event_date}前後は、異文化、専門知識、遠い場所との縁を通して、関係や協力の新しい形を考えやすくなります。魅力的な考え方へ共感するほど、生活習慣や責任の違いを小さく見積もりやすいでしょう。互いの背景を質問し、共通点と調整が必要な条件を分けて話してください。,conjunction;mercury;jupiter;leo,1
2026_08_MERCURY_JUPITER_CONJUNCTION_S07_N10,2026_08_MERCURY_JUPITER_CONJUNCTION,2026-08,conjunction,2026-08-13T00:00:00+09:00,2026-08-15T20:23:00+09:00,2026-08-18T23:59:59+09:00,0,MERCURY|JUPITER,MERCURY:LEO|JUPITER:LEO,MERCURY-JUPITER:0,5,2,not_applicable,MERCURY,7,10,anchor_house,MERCURY|JUPITER,swiss_ephemeris,MERCURY:JUPITER:0:2026-08-15,around_day,LEO_GROWTH,,50,90,協力関係を仕事の展望へ結びつける時,{event_date}前後は、顧客、上司、仕事上の相手との対話から、契約や共同企画の展望が広がり、役割を提案しやすくなります。将来の成果まで確定事項として語ると、期待と責任だけが先に増えやすいでしょう。実績、提案、未確認の見通しを分け、担当と完了条件を明確にしてください。,conjunction;mercury;jupiter;leo,1
2026_08_MERCURY_JUPITER_CONJUNCTION_S07_N11,2026_08_MERCURY_JUPITER_CONJUNCTION,2026-08,conjunction,2026-08-13T00:00:00+09:00,2026-08-15T20:23:00+09:00,2026-08-18T23:59:59+09:00,0,MERCURY|JUPITER,MERCURY:LEO|JUPITER:LEO,MERCURY-JUPITER:0,5,2,not_applicable,MERCURY,7,11,anchor_house,MERCURY|JUPITER,swiss_ephemeris,MERCURY:JUPITER:0:2026-08-15,around_day,LEO_GROWTH,,50,90,仲間との対話で未来の連携を作る時,{event_date}前後は、友人、チーム、コミュニティとの会話から、新しい協力関係や共同活動の案が広がります。盛り上がった構想を全員の合意と受け取ると、役割のない計画や連絡だけが増えやすいでしょう。参加したい人、最初の作業、見直す時期を確かめ、小さな連携から始めてください。,conjunction;mercury;jupiter;leo,1
2026_08_MERCURY_JUPITER_CONJUNCTION_S07_N12,2026_08_MERCURY_JUPITER_CONJUNCTION,2026-08,conjunction,2026-08-13T00:00:00+09:00,2026-08-15T20:23:00+09:00,2026-08-18T23:59:59+09:00,0,MERCURY|JUPITER,MERCURY:LEO|JUPITER:LEO,MERCURY-JUPITER:0,5,2,not_applicable,MERCURY,7,12,anchor_house,MERCURY|JUPITER,swiss_ephemeris,MERCURY:JUPITER:0:2026-08-15,around_day,LEO_GROWTH,,50,90,言葉にしにくい関係の思いを整理する時,{event_date}前後は、表に出していない関係への期待や過去の対話が心に浮かび、相手とのつながりを内側で考え直しやすくなります。想像の中で会話を広げすぎると、事実と願いの境目が見えにくくなるでしょう。まず気持ちを記録し、確認が必要なことだけを落ち着いた言葉で相手へ伝えてください。,conjunction;mercury;jupiter;leo,1
2026_08_MERCURY_JUPITER_CONJUNCTION_S08_N01,2026_08_MERCURY_JUPITER_CONJUNCTION,2026-08,conjunction,2026-08-13T00:00:00+09:00,2026-08-15T20:23:00+09:00,2026-08-18T23:59:59+09:00,0,MERCURY|JUPITER,MERCURY:LEO|JUPITER:LEO,MERCURY-JUPITER:0,5,2,not_applicable,MERCURY,8,1,anchor_house,MERCURY|JUPITER,swiss_ephemeris,MERCURY:JUPITER:0:2026-08-15,around_day,LEO_GROWTH,,50,90,深い対話から自分の本音を確かめる時,{event_date}前後は、親密な関係や共有している問題について理解が深まり、自分の本音や恐れを言葉にしやすくなります。相手に分かってもらえた安心から秘密や責任まで一度に預けると、境界が曖昧になりやすいでしょう。今話せることと保留したいことを分け、自分の意思を確かめながら対話してください。,conjunction;mercury;jupiter;leo,1
2026_08_MERCURY_JUPITER_CONJUNCTION_S08_N02,2026_08_MERCURY_JUPITER_CONJUNCTION,2026-08,conjunction,2026-08-13T00:00:00+09:00,2026-08-15T20:23:00+09:00,2026-08-18T23:59:59+09:00,0,MERCURY|JUPITER,MERCURY:LEO|JUPITER:LEO,MERCURY-JUPITER:0,5,2,not_applicable,MERCURY,8,2,anchor_house,MERCURY|JUPITER,swiss_ephemeris,MERCURY:JUPITER:0:2026-08-15,around_day,LEO_GROWTH,,50,90,共有資産と自分の価値を整理する時,{event_date}前後は、共同の預金、借入、相続、支援について考えが広がり、自分が提供できる価値と受け取る条件を整理しやすくなります。将来の利益や相手の負担を楽観的に見積もると、現在の生活資金が見えにくくなるでしょう。自分の資産と共有分を分け、金額、名義、期限を資料で確認してください。,conjunction;mercury;jupiter;leo,1
2026_08_MERCURY_JUPITER_CONJUNCTION_S08_N03,2026_08_MERCURY_JUPITER_CONJUNCTION,2026-08,conjunction,2026-08-13T00:00:00+09:00,2026-08-15T20:23:00+09:00,2026-08-18T23:59:59+09:00,0,MERCURY|JUPITER,MERCURY:LEO|JUPITER:LEO,MERCURY-JUPITER:0,5,2,not_applicable,MERCURY,8,3,anchor_house,MERCURY|JUPITER,swiss_ephemeris,MERCURY:JUPITER:0:2026-08-15,around_day,LEO_GROWTH,,50,90,秘密と重要事項を慎重に言葉にする時,{event_date}前後は、秘密、契約資料、共有すべき重要事項について理解が進み、複雑な内容を言葉にしやすくなります。話せた安心から情報を広く伝えると、誰まで共有してよいかが曖昧になりやすいでしょう。事実と推測を分け、相手、目的、記録の残し方を確認してから伝えてください。,conjunction;mercury;jupiter;leo,1
2026_08_MERCURY_JUPITER_CONJUNCTION_S08_N04,2026_08_MERCURY_JUPITER_CONJUNCTION,2026-08,conjunction,2026-08-13T00:00:00+09:00,2026-08-15T20:23:00+09:00,2026-08-18T23:59:59+09:00,0,MERCURY|JUPITER,MERCURY:LEO|JUPITER:LEO,MERCURY-JUPITER:0,5,2,not_applicable,MERCURY,8,4,anchor_house,MERCURY|JUPITER,swiss_ephemeris,MERCURY:JUPITER:0:2026-08-15,around_day,LEO_GROWTH,,50,90,家族から受け継ぐ責任を話し合う時,{event_date}前後は、家族の資産、住まい、介護や受け継いだ役割について話が深まり、長く曖昧だった責任を整理しやすくなります。家族への思いから負担を広く引き受けると、自分の暮らしとの釣り合いを失いやすいでしょう。感情を尊重しながら、名義、費用、担当、見直す時期を別々に決めてください。,conjunction;mercury;jupiter;leo,1
2026_08_MERCURY_JUPITER_CONJUNCTION_S08_N05,2026_08_MERCURY_JUPITER_CONJUNCTION,2026-08,conjunction,2026-08-13T00:00:00+09:00,2026-08-15T20:23:00+09:00,2026-08-18T23:59:59+09:00,0,MERCURY|JUPITER,MERCURY:LEO|JUPITER:LEO,MERCURY-JUPITER:0,5,2,not_applicable,MERCURY,8,5,anchor_house,MERCURY|JUPITER,swiss_ephemeris,MERCURY:JUPITER:0:2026-08-15,around_day,LEO_GROWTH,,50,90,親密さと創作の源を豊かに掘り下げる時,{event_date}前後は、恋愛や創作の奥にある願い、過去の経験、強い感情を掘り下げ、表現へ変える言葉が見つかりやすくなります。深く共鳴した感覚を関係の確約や作品の完成と同じものにすると、現在地を見失いやすいでしょう。まず気持ちを作品や会話に置き、相手の意思と次の段階を確かめてください。,conjunction;mercury;jupiter;leo,1
2026_08_MERCURY_JUPITER_CONJUNCTION_S08_N06,2026_08_MERCURY_JUPITER_CONJUNCTION,2026-08,conjunction,2026-08-13T00:00:00+09:00,2026-08-15T20:23:00+09:00,2026-08-18T23:59:59+09:00,0,MERCURY|JUPITER,MERCURY:LEO|JUPITER:LEO,MERCURY-JUPITER:0,5,2,not_applicable,MERCURY,8,6,anchor_house,MERCURY|JUPITER,swiss_ephemeris,MERCURY:JUPITER:0:2026-08-15,around_day,LEO_GROWTH,,50,90,共有する負担を日々の実務へ落とす時,{event_date}前後は、共同の支払い、引き継ぎ、家族への世話など、共有責任を日々どう扱うかについて改善案が広がります。善意で作業を増やすと、自分の仕事や休息に残る負担を見落としやすいでしょう。必要な作業を一覧にし、担当、頻度、費用、代替方法を現実的に決めてください。,conjunction;mercury;jupiter;leo,1
2026_08_MERCURY_JUPITER_CONJUNCTION_S08_N07,2026_08_MERCURY_JUPITER_CONJUNCTION,2026-08,conjunction,2026-08-13T00:00:00+09:00,2026-08-15T20:23:00+09:00,2026-08-18T23:59:59+09:00,0,MERCURY|JUPITER,MERCURY:LEO|JUPITER:LEO,MERCURY-JUPITER:0,5,2,not_applicable,MERCURY,8,7,anchor_house,MERCURY|JUPITER,swiss_ephemeris,MERCURY:JUPITER:0:2026-08-15,around_day,LEO_GROWTH,,50,90,二人の信頼と共同責任を決め直す時,{event_date}前後は、パートナーや契約相手と共有するお金、秘密、責任について対話が進み、信頼の形を見直しやすくなります。分かり合えた勢いで負担や権限まで広げると、双方の同意範囲が曖昧になりやすいでしょう。感情の約束と実務の契約を分け、変更点を互いの言葉で確認してください。,conjunction;mercury;jupiter;leo,1
2026_08_MERCURY_JUPITER_CONJUNCTION_S08_N08,2026_08_MERCURY_JUPITER_CONJUNCTION,2026-08,conjunction,2026-08-13T00:00:00+09:00,2026-08-15T20:23:00+09:00,2026-08-18T23:59:59+09:00,0,MERCURY|JUPITER,MERCURY:LEO|JUPITER:LEO,MERCURY-JUPITER:0,5,2,not_applicable,MERCURY,8,8,anchor_house,MERCURY|JUPITER,swiss_ephemeris,MERCURY:JUPITER:0:2026-08-15,around_day,LEO_GROWTH,,50,90,深い結びつきと共有条件を見直す時,{event_date}前後は、親密さ、共有資産、受け継いだ問題について理解が大きく進み、避けていた話題にも向き合いやすくなります。すべてを一度に解決しようとすると、感情と金銭の論点が混ざりやすいでしょう。今決める事項と時間をかける事項を分け、必要な資料と相談先を整理してください。,conjunction;mercury;jupiter;leo,1
2026_08_MERCURY_JUPITER_CONJUNCTION_S08_N09,2026_08_MERCURY_JUPITER_CONJUNCTION,2026-08,conjunction,2026-08-13T00:00:00+09:00,2026-08-15T20:23:00+09:00,2026-08-18T23:59:59+09:00,0,MERCURY|JUPITER,MERCURY:LEO|JUPITER:LEO,MERCURY-JUPITER:0,5,2,not_applicable,MERCURY,8,9,anchor_house,MERCURY|JUPITER,swiss_ephemeris,MERCURY:JUPITER:0:2026-08-15,around_day,LEO_GROWTH,,50,90,継承した価値観を学び直し更新する時,{event_date}前後は、家族や過去から受け継いだ価値観を、専門知識や異文化の視点から捉え直し、深く学びやすくなります。魅力的な理論だけで自分や他者の事情を説明すると、実際の背景を単純化しやすいでしょう。資料と体験を照らし合わせ、残したい考えと更新したい考えを分けてください。,conjunction;mercury;jupiter;leo,1
2026_08_MERCURY_JUPITER_CONJUNCTION_S08_N10,2026_08_MERCURY_JUPITER_CONJUNCTION,2026-08,conjunction,2026-08-13T00:00:00+09:00,2026-08-15T20:23:00+09:00,2026-08-18T23:59:59+09:00,0,MERCURY|JUPITER,MERCURY:LEO|JUPITER:LEO,MERCURY-JUPITER:0,5,2,not_applicable,MERCURY,8,10,anchor_house,MERCURY|JUPITER,swiss_ephemeris,MERCURY:JUPITER:0:2026-08-15,around_day,LEO_GROWTH,,50,90,共同資産と仕事の責任を説明する時,{event_date}前後は、組織の予算、共同資産、引き継いだ権限について理解が進み、仕事上の責任を説明しやすくなります。将来の成果を前提に資金や担当を広げると、現在の管理範囲を超えやすいでしょう。数字の根拠、決裁者、自分が負う責任を分け、確認済みの内容だけを提案してください。,conjunction;mercury;jupiter;leo,1
2026_08_MERCURY_JUPITER_CONJUNCTION_S08_N11,2026_08_MERCURY_JUPITER_CONJUNCTION,2026-08,conjunction,2026-08-13T00:00:00+09:00,2026-08-15T20:23:00+09:00,2026-08-18T23:59:59+09:00,0,MERCURY|JUPITER,MERCURY:LEO|JUPITER:LEO,MERCURY-JUPITER:0,5,2,not_applicable,MERCURY,8,11,anchor_house,MERCURY|JUPITER,swiss_ephemeris,MERCURY:JUPITER:0:2026-08-15,around_day,LEO_GROWTH,,50,90,仲間と共有する資源の範囲を決める時,{event_date}前後は、チームやコミュニティで共有する資金、情報、技能について話が広がり、新しい支援方法を考えやすくなります。善意や盛り上がりを継続的な提供の約束と受け取ると、負担の偏りを見落としやすいでしょう。提供できる量、利用条件、管理する人を決め、小さな範囲から試してください。,conjunction;mercury;jupiter;leo,1
2026_08_MERCURY_JUPITER_CONJUNCTION_S08_N12,2026_08_MERCURY_JUPITER_CONJUNCTION,2026-08,conjunction,2026-08-13T00:00:00+09:00,2026-08-15T20:23:00+09:00,2026-08-18T23:59:59+09:00,0,MERCURY|JUPITER,MERCURY:LEO|JUPITER:LEO,MERCURY-JUPITER:0,5,2,not_applicable,MERCURY,8,12,anchor_house,MERCURY|JUPITER,swiss_ephemeris,MERCURY:JUPITER:0:2026-08-15,around_day,LEO_GROWTH,,50,90,隠れた不安と執着を静かに言語化する時,{event_date}前後は、失うことへの不安、過去の秘密、手放せない思いが内側で広がり、その意味を言葉にしやすくなります。浮かぶ感情をすべて現在の危険や相手の意図と結びつけると、事実との境目が曖昧になりやすいでしょう。静かに記録し、確認できる事実と支えを求めたいことを分けてください。,conjunction;mercury;jupiter;leo,1
2026_08_MERCURY_JUPITER_CONJUNCTION_S09_N01,2026_08_MERCURY_JUPITER_CONJUNCTION,2026-08,conjunction,2026-08-13T00:00:00+09:00,2026-08-15T20:23:00+09:00,2026-08-18T23:59:59+09:00,0,MERCURY|JUPITER,MERCURY:LEO|JUPITER:LEO,MERCURY-JUPITER:0,5,2,not_applicable,MERCURY,9,1,anchor_house,MERCURY|JUPITER,swiss_ephemeris,MERCURY:JUPITER:0:2026-08-15,around_day,LEO_GROWTH,,50,90,新しい学びで自分の世界観を広げる時,{event_date}前後は、専門分野、異文化、遠い場所への関心が広がり、新しい考え方を自分の言葉で語りやすくなります。刺激的な知識をすぐ自分の信念や進路と同じものにすると、経験との違いを見落としやすいでしょう。まず一つのテーマを深く調べ、実際に試した内容から自分の見解を作ってください。,conjunction;mercury;jupiter;leo,1
2026_08_MERCURY_JUPITER_CONJUNCTION_S09_N02,2026_08_MERCURY_JUPITER_CONJUNCTION,2026-08,conjunction,2026-08-13T00:00:00+09:00,2026-08-15T20:23:00+09:00,2026-08-18T23:59:59+09:00,0,MERCURY|JUPITER,MERCURY:LEO|JUPITER:LEO,MERCURY-JUPITER:0,5,2,not_applicable,MERCURY,9,2,anchor_house,MERCURY|JUPITER,swiss_ephemeris,MERCURY:JUPITER:0:2026-08-15,around_day,LEO_GROWTH,,50,90,知識と経験を将来の価値へ育てる時,{event_date}前後は、学び、資格、旅で得た経験を自分の技能や収入へ生かす案が広がり、将来への投資を考えやすくなります。期待だけで高額な講座や移動を選ぶと、生活資金と回収までの時間を見落としやすいでしょう。必要な技能、費用、使う場面を確認し、小さく試せる学びから選んでください。,conjunction;mercury;jupiter;leo,1
2026_08_MERCURY_JUPITER_CONJUNCTION_S09_N03,2026_08_MERCURY_JUPITER_CONJUNCTION,2026-08,conjunction,2026-08-13T00:00:00+09:00,2026-08-15T20:23:00+09:00,2026-08-18T23:59:59+09:00,0,MERCURY|JUPITER,MERCURY:LEO|JUPITER:LEO,MERCURY-JUPITER:0,5,2,not_applicable,MERCURY,9,3,anchor_house,MERCURY|JUPITER,swiss_ephemeris,MERCURY:JUPITER:0:2026-08-15,around_day,LEO_GROWTH,,50,90,身近な情報を深い学びへ結びつける時,{event_date}前後は、会話、読書、短い移動で得た情報が専門的なテーマへつながり、学びや発信の範囲が広がります。興味のまま情報源を増やすと、確かめる前に結論だけを語りやすいでしょう。問いを一つ決め、複数の資料を比べ、自分の言葉で要約してから共有してください。,conjunction;mercury;jupiter;leo,1
2026_08_MERCURY_JUPITER_CONJUNCTION_S09_N04,2026_08_MERCURY_JUPITER_CONJUNCTION,2026-08,conjunction,2026-08-13T00:00:00+09:00,2026-08-15T20:23:00+09:00,2026-08-18T23:59:59+09:00,0,MERCURY|JUPITER,MERCURY:LEO|JUPITER:LEO,MERCURY-JUPITER:0,5,2,not_applicable,MERCURY,9,4,anchor_house,MERCURY|JUPITER,swiss_ephemeris,MERCURY:JUPITER:0:2026-08-15,around_day,LEO_GROWTH,,50,90,家族の価値観と外の世界を結び直す時,{event_date}前後は、家族から受け継いだ考え方を異文化や専門知識と照らし合わせ、今後の暮らしの基準を考え直しやすくなります。新しい価値観を唯一の答えとして持ち込むと、家族の経験や安心を否定しやすいでしょう。残したい知恵と更新したい習慣を分け、具体的な暮らしの選択から話してください。,conjunction;mercury;jupiter;leo,1
2026_08_MERCURY_JUPITER_CONJUNCTION_S09_N05,2026_08_MERCURY_JUPITER_CONJUNCTION,2026-08,conjunction,2026-08-13T00:00:00+09:00,2026-08-15T20:23:00+09:00,2026-08-18T23:59:59+09:00,0,MERCURY|JUPITER,MERCURY:LEO|JUPITER:LEO,MERCURY-JUPITER:0,5,2,not_applicable,MERCURY,9,5,anchor_house,MERCURY|JUPITER,swiss_ephemeris,MERCURY:JUPITER:0:2026-08-15,around_day,LEO_GROWTH,,50,90,旅と学びを創作の喜びへ変えていく時,{event_date}前後は、旅、異文化、専門的な物語から創作や恋の想像力が刺激され、新しい表現を試したくなります。感動した考えや土地をすぐ理想化すると、背景の違いや自分の現在地を見失いやすいでしょう。体験を記録し、心に残った一つの要素を作品や楽しい計画へ丁寧に育ててください。,conjunction;mercury;jupiter;leo,1
2026_08_MERCURY_JUPITER_CONJUNCTION_S09_N06,2026_08_MERCURY_JUPITER_CONJUNCTION,2026-08,conjunction,2026-08-13T00:00:00+09:00,2026-08-15T20:23:00+09:00,2026-08-18T23:59:59+09:00,0,MERCURY|JUPITER,MERCURY:LEO|JUPITER:LEO,MERCURY-JUPITER:0,5,2,not_applicable,MERCURY,9,6,anchor_house,MERCURY|JUPITER,swiss_ephemeris,MERCURY:JUPITER:0:2026-08-15,around_day,LEO_GROWTH,,50,90,専門知識を毎日の仕事へ生かしていく時,{event_date}前後は、専門知識、資格、海外の方法を日々の仕事や生活習慣へ取り入れる発想が広がります。学んだ方法を一度に導入すると、現場の手順や周囲の理解が追いつきにくいでしょう。今困っている作業を一つ選び、試す範囲、期間、確認する結果を決めてから実践してください。,conjunction;mercury;jupiter;leo,1
2026_08_MERCURY_JUPITER_CONJUNCTION_S09_N07,2026_08_MERCURY_JUPITER_CONJUNCTION,2026-08,conjunction,2026-08-13T00:00:00+09:00,2026-08-15T20:23:00+09:00,2026-08-18T23:59:59+09:00,0,MERCURY|JUPITER,MERCURY:LEO|JUPITER:LEO,MERCURY-JUPITER:0,5,2,not_applicable,MERCURY,9,7,anchor_house,MERCURY|JUPITER,swiss_ephemeris,MERCURY:JUPITER:0:2026-08-15,around_day,LEO_GROWTH,,50,90,異なる考えを対話で理解し合う時,{event_date}前後は、異なる文化や信念を持つ相手との対話が広がり、関係の中へ新しい視点を取り入れやすくなります。考えが通じた喜びから生活条件や将来像まで一致していると思うと、違いを見落としやすいでしょう。互いの背景を質問し、共通する価値と調整が必要な約束を分けてください。,conjunction;mercury;jupiter;leo,1
2026_08_MERCURY_JUPITER_CONJUNCTION_S09_N08,2026_08_MERCURY_JUPITER_CONJUNCTION,2026-08,conjunction,2026-08-13T00:00:00+09:00,2026-08-15T20:23:00+09:00,2026-08-18T23:59:59+09:00,0,MERCURY|JUPITER,MERCURY:LEO|JUPITER:LEO,MERCURY-JUPITER:0,5,2,not_applicable,MERCURY,9,8,anchor_house,MERCURY|JUPITER,swiss_ephemeris,MERCURY:JUPITER:0:2026-08-15,around_day,LEO_GROWTH,,50,90,深い研究から受け継いだ意味を探る時,{event_date}前後は、心理、歴史、継承、共有資産など複雑なテーマへの理解が深まり、過去の出来事へ新しい意味を見つけやすくなります。魅力的な理論で秘密や他者の意図まで説明すると、確認できる事実を見失いやすいでしょう。資料と自分の解釈を分け、必要なら専門家へ確認しながら考えてください。,conjunction;mercury;jupiter;leo,1
2026_08_MERCURY_JUPITER_CONJUNCTION_S09_N09,2026_08_MERCURY_JUPITER_CONJUNCTION,2026-08,conjunction,2026-08-13T00:00:00+09:00,2026-08-15T20:23:00+09:00,2026-08-18T23:59:59+09:00,0,MERCURY|JUPITER,MERCURY:LEO|JUPITER:LEO,MERCURY-JUPITER:0,5,2,not_applicable,MERCURY,9,9,anchor_house,MERCURY|JUPITER,swiss_ephemeris,MERCURY:JUPITER:0:2026-08-15,around_day,LEO_GROWTH,,50,90,信念と専門知識を大きく更新する時,{event_date}前後は、学問、哲学、法律、異文化への理解が大きく広がり、自分の世界観を組み直す言葉が見つかりやすくなります。納得できる考えに出会うほど、例外や異なる立場を小さく扱いやすいでしょう。反対の資料にも目を通し、知っていることと未確認のことを分けて自分の見解を整えてください。,conjunction;mercury;jupiter;leo,1
2026_08_MERCURY_JUPITER_CONJUNCTION_S09_N10,2026_08_MERCURY_JUPITER_CONJUNCTION,2026-08,conjunction,2026-08-13T00:00:00+09:00,2026-08-15T20:23:00+09:00,2026-08-18T23:59:59+09:00,0,MERCURY|JUPITER,MERCURY:LEO|JUPITER:LEO,MERCURY-JUPITER:0,5,2,not_applicable,MERCURY,9,10,anchor_house,MERCURY|JUPITER,swiss_ephemeris,MERCURY:JUPITER:0:2026-08-15,around_day,LEO_GROWTH,,50,90,学びと発信を仕事の展望へつなげる時,{event_date}前後は、専門知識、教育、出版、海外とのつながりを仕事へ生かす展望が広がり、周囲へ提案しやすくなります。将来の可能性を確定した成果として語ると、責任や準備費用だけが先に増えやすいでしょう。実績、学習中の内容、次に必要な支援を分け、段階的な計画として伝えてください。,conjunction;mercury;jupiter;leo,1
2026_08_MERCURY_JUPITER_CONJUNCTION_S09_N11,2026_08_MERCURY_JUPITER_CONJUNCTION,2026-08,conjunction,2026-08-13T00:00:00+09:00,2026-08-15T20:23:00+09:00,2026-08-18T23:59:59+09:00,0,MERCURY|JUPITER,MERCURY:LEO|JUPITER:LEO,MERCURY-JUPITER:0,5,2,not_applicable,MERCURY,9,11,anchor_house,MERCURY|JUPITER,swiss_ephemeris,MERCURY:JUPITER:0:2026-08-15,around_day,LEO_GROWTH,,50,90,仲間と未来の理念や学びを共有する時,{event_date}前後は、友人やコミュニティとの会話から、未来の社会、教育、共通の理念について構想が広がります。共感の強さを全員の合意や継続的な参加と受け取ると、役割のない計画が増えやすいでしょう。学びたいテーマと最初の活動を決め、参加できる人と小さな場から始めてください。,conjunction;mercury;jupiter;leo,1
2026_08_MERCURY_JUPITER_CONJUNCTION_S09_N12,2026_08_MERCURY_JUPITER_CONJUNCTION,2026-08,conjunction,2026-08-13T00:00:00+09:00,2026-08-15T20:23:00+09:00,2026-08-18T23:59:59+09:00,0,MERCURY|JUPITER,MERCURY:LEO|JUPITER:LEO,MERCURY-JUPITER:0,5,2,not_applicable,MERCURY,9,12,anchor_house,MERCURY|JUPITER,swiss_ephemeris,MERCURY:JUPITER:0:2026-08-15,around_day,LEO_GROWTH,,50,90,静かな探究から自分なりの答えを得る時,{event_date}前後は、夢、精神世界、過去の記憶について静かに考え、表に出していない問いへ意味を見つけやすくなります。ひらめきのすべてを普遍的な答えや予兆と受け取ると、現実との境目が曖昧になりやすいでしょう。ひとりで記録する時間を作り、後から事実と照らして残る考えを育ててください。,conjunction;mercury;jupiter;leo,1
2026_08_MERCURY_JUPITER_CONJUNCTION_S10_N01,2026_08_MERCURY_JUPITER_CONJUNCTION,2026-08,conjunction,2026-08-13T00:00:00+09:00,2026-08-15T20:23:00+09:00,2026-08-18T23:59:59+09:00,0,MERCURY|JUPITER,MERCURY:LEO|JUPITER:LEO,MERCURY-JUPITER:0,5,2,not_applicable,MERCURY,10,1,anchor_house,MERCURY|JUPITER,swiss_ephemeris,MERCURY:JUPITER:0:2026-08-15,around_day,LEO_GROWTH,,50,90,自分の方針を仕事の言葉として示す時,{event_date}前後は、仕事上の目標や自分が担いたい役割について考えが広がり、周囲へ方針を伝えやすくなります。意欲のまま将来の成果まで約束すると、自分が背負う責任を大きくしやすいでしょう。現在できること、伸ばしたいこと、必要な支援を分け、自分の言葉で提案してください。,conjunction;mercury;jupiter;leo,1
2026_08_MERCURY_JUPITER_CONJUNCTION_S10_N02,2026_08_MERCURY_JUPITER_CONJUNCTION,2026-08,conjunction,2026-08-13T00:00:00+09:00,2026-08-15T20:23:00+09:00,2026-08-18T23:59:59+09:00,0,MERCURY|JUPITER,MERCURY:LEO|JUPITER:LEO,MERCURY-JUPITER:0,5,2,not_applicable,MERCURY,10,2,anchor_house,MERCURY|JUPITER,swiss_ephemeris,MERCURY:JUPITER:0:2026-08-15,around_day,LEO_GROWTH,,50,90,技能と報酬を社会的な役割へ結ぶ時,{event_date}前後は、自分の技能、実績、報酬について整理が進み、仕事上の役割や条件を相談しやすくなります。将来の可能性を現在の価値へすべて含めると、必要な経験や費用を見落としやすいでしょう。根拠となる成果と作業時間を確認し、希望する報酬と担当範囲を具体的に伝えてください。,conjunction;mercury;jupiter;leo,1
2026_08_MERCURY_JUPITER_CONJUNCTION_S10_N03,2026_08_MERCURY_JUPITER_CONJUNCTION,2026-08,conjunction,2026-08-13T00:00:00+09:00,2026-08-15T20:23:00+09:00,2026-08-18T23:59:59+09:00,0,MERCURY|JUPITER,MERCURY:LEO|JUPITER:LEO,MERCURY-JUPITER:0,5,2,not_applicable,MERCURY,10,3,anchor_house,MERCURY|JUPITER,swiss_ephemeris,MERCURY:JUPITER:0:2026-08-15,around_day,LEO_GROWTH,,50,90,発表と交渉で仕事の展望を伝える時,{event_date}前後は、会議、発表、文章、交渉を通して仕事の考えを広く伝え、新しい連絡先や方法を見つけやすくなります。話題や提案を増やしすぎると、相手が判断する要点と次の作業が曖昧になるでしょう。目的、根拠、依頼したいことを三つに分け、決定事項を記録してください。,conjunction;mercury;jupiter;leo,1
2026_08_MERCURY_JUPITER_CONJUNCTION_S10_N04,2026_08_MERCURY_JUPITER_CONJUNCTION,2026-08,conjunction,2026-08-13T00:00:00+09:00,2026-08-15T20:23:00+09:00,2026-08-18T23:59:59+09:00,0,MERCURY|JUPITER,MERCURY:LEO|JUPITER:LEO,MERCURY-JUPITER:0,5,2,not_applicable,MERCURY,10,4,anchor_house,MERCURY|JUPITER,swiss_ephemeris,MERCURY:JUPITER:0:2026-08-15,around_day,LEO_GROWTH,,50,90,家庭を守れる仕事の将来像を描く時,{event_date}前後は、仕事の展望と家庭で大切にしたい暮らしを結びつけ、働く場所や時間について話しやすくなります。社会的な期待へ応えようとして役割を広げると、家族との時間や生活費の条件を見落としやすいでしょう。譲れない暮らしの基準を先に決め、仕事の選択肢と照らしてください。,conjunction;mercury;jupiter;leo,1
2026_08_MERCURY_JUPITER_CONJUNCTION_S10_N05,2026_08_MERCURY_JUPITER_CONJUNCTION,2026-08,conjunction,2026-08-13T00:00:00+09:00,2026-08-15T20:23:00+09:00,2026-08-18T23:59:59+09:00,0,MERCURY|JUPITER,MERCURY:LEO|JUPITER:LEO,MERCURY-JUPITER:0,5,2,not_applicable,MERCURY,10,5,anchor_house,MERCURY|JUPITER,swiss_ephemeris,MERCURY:JUPITER:0:2026-08-15,around_day,LEO_GROWTH,,50,90,創造性を公の企画として打ち出す時,{event_date}前後は、創作、発信、子どもに関する経験を仕事の企画や公の役割へ生かす発想が広がります。注目や反応を期待して構想を大きくすると、完成までの時間と協力者の負担を軽く見積もりやすいでしょう。面白さの核を一つに絞り、試作品と実行条件を添えて提案してください。,conjunction;mercury;jupiter;leo,1
2026_08_MERCURY_JUPITER_CONJUNCTION_S10_N06,2026_08_MERCURY_JUPITER_CONJUNCTION,2026-08,conjunction,2026-08-13T00:00:00+09:00,2026-08-15T20:23:00+09:00,2026-08-18T23:59:59+09:00,0,MERCURY|JUPITER,MERCURY:LEO|JUPITER:LEO,MERCURY-JUPITER:0,5,2,not_applicable,MERCURY,10,6,anchor_house,MERCURY|JUPITER,swiss_ephemeris,MERCURY:JUPITER:0:2026-08-15,around_day,LEO_GROWTH,,50,90,実務の改善を職場の方針へ反映する時,{event_date}前後は、日々の作業、職場の手順、役割分担について改善案がまとまり、上司や顧客へ説明しやすくなります。便利な方法を全体へ一度に広げると、現場の準備や担当者の負担を見落としやすいでしょう。試した範囲と結果を示し、導入する順番と見直す時期を具体的にしてください。,conjunction;mercury;jupiter;leo,1
2026_08_MERCURY_JUPITER_CONJUNCTION_S10_N07,2026_08_MERCURY_JUPITER_CONJUNCTION,2026-08,conjunction,2026-08-13T00:00:00+09:00,2026-08-15T20:23:00+09:00,2026-08-18T23:59:59+09:00,0,MERCURY|JUPITER,MERCURY:LEO|JUPITER:LEO,MERCURY-JUPITER:0,5,2,not_applicable,MERCURY,10,7,anchor_house,MERCURY|JUPITER,swiss_ephemeris,MERCURY:JUPITER:0:2026-08-15,around_day,LEO_GROWTH,,50,90,協力関係を社会的な成果へつなげる時,{event_date}前後は、顧客、取引相手、パートナーとの対話から共同企画や仕事上の展望が広がり、役割を提案しやすくなります。相手の賛同を長期的な協力の確約と受け取ると、条件や責任の違いを見落としやすいでしょう。担当、期限、成果物、変更方法を互いの言葉で確認してください。,conjunction;mercury;jupiter;leo,1
2026_08_MERCURY_JUPITER_CONJUNCTION_S10_N08,2026_08_MERCURY_JUPITER_CONJUNCTION,2026-08,conjunction,2026-08-13T00:00:00+09:00,2026-08-15T20:23:00+09:00,2026-08-18T23:59:59+09:00,0,MERCURY|JUPITER,MERCURY:LEO|JUPITER:LEO,MERCURY-JUPITER:0,5,2,not_applicable,MERCURY,10,8,anchor_house,MERCURY|JUPITER,swiss_ephemeris,MERCURY:JUPITER:0:2026-08-15,around_day,LEO_GROWTH,,50,90,組織の資源と責任を明確に説明する時,{event_date}前後は、組織の予算、共有資産、引き継いだ権限について理解が進み、責任ある立場から説明しやすくなります。将来の利益を前提に資金や権限を広げると、現在管理できる範囲を超えやすいでしょう。数字の根拠、決裁者、報告方法を整理し、確認済みの内容だけを共有してください。,conjunction;mercury;jupiter;leo,1
2026_08_MERCURY_JUPITER_CONJUNCTION_S10_N09,2026_08_MERCURY_JUPITER_CONJUNCTION,2026-08,conjunction,2026-08-13T00:00:00+09:00,2026-08-15T20:23:00+09:00,2026-08-18T23:59:59+09:00,0,MERCURY|JUPITER,MERCURY:LEO|JUPITER:LEO,MERCURY-JUPITER:0,5,2,not_applicable,MERCURY,10,9,anchor_house,MERCURY|JUPITER,swiss_ephemeris,MERCURY:JUPITER:0:2026-08-15,around_day,LEO_GROWTH,,50,90,専門知識を社会へ届ける道を広げる時,{event_date}前後は、教育、出版、専門知識、海外との経験を社会的な役割へ結びつける展望が広がります。知識への自信から準備中の内容まで完成したものとして語ると、期待だけが先に高まりやすいでしょう。実績と学習中のテーマを分け、誰に何を届けたいかを具体的にしてください。,conjunction;mercury;jupiter;leo,1
2026_08_MERCURY_JUPITER_CONJUNCTION_S10_N10,2026_08_MERCURY_JUPITER_CONJUNCTION,2026-08,conjunction,2026-08-13T00:00:00+09:00,2026-08-15T20:23:00+09:00,2026-08-18T23:59:59+09:00,0,MERCURY|JUPITER,MERCURY:LEO|JUPITER:LEO,MERCURY-JUPITER:0,5,2,not_applicable,MERCURY,10,10,anchor_house,MERCURY|JUPITER,swiss_ephemeris,MERCURY:JUPITER:0:2026-08-15,around_day,LEO_GROWTH,,50,90,仕事の目標と役割を大きく見直す時,{event_date}前後は、仕事の方向性、肩書、社会的な責任について考えが大きく広がり、長期目標を言葉にしやすくなります。複数の可能性を同時に引き受けると、優先順位と実行時間が見えにくくなるでしょう。今期に果たす役割と将来目指す立場を分け、次の一歩だけを具体化してください。,conjunction;mercury;jupiter;leo,1
2026_08_MERCURY_JUPITER_CONJUNCTION_S10_N11,2026_08_MERCURY_JUPITER_CONJUNCTION,2026-08,conjunction,2026-08-13T00:00:00+09:00,2026-08-15T20:23:00+09:00,2026-08-18T23:59:59+09:00,0,MERCURY|JUPITER,MERCURY:LEO|JUPITER:LEO,MERCURY-JUPITER:0,5,2,not_applicable,MERCURY,10,11,anchor_house,MERCURY|JUPITER,swiss_ephemeris,MERCURY:JUPITER:0:2026-08-15,around_day,LEO_GROWTH,,50,90,仲間と社会へ向けた構想を形にする時,{event_date}前後は、友人、チーム、コミュニティとの会話から、社会へ届けたい企画や将来の活動が広がります。盛り上がった構想を全員の責任ある約束と受け取ると、運営する人のいない計画になりやすいでしょう。目的、参加者、最初の作業を確かめ、試行できる規模へ整えてください。,conjunction;mercury;jupiter;leo,1
2026_08_MERCURY_JUPITER_CONJUNCTION_S10_N12,2026_08_MERCURY_JUPITER_CONJUNCTION,2026-08,conjunction,2026-08-13T00:00:00+09:00,2026-08-15T20:23:00+09:00,2026-08-18T23:59:59+09:00,0,MERCURY|JUPITER,MERCURY:LEO|JUPITER:LEO,MERCURY-JUPITER:0,5,2,not_applicable,MERCURY,10,12,anchor_house,MERCURY|JUPITER,swiss_ephemeris,MERCURY:JUPITER:0:2026-08-15,around_day,LEO_GROWTH,,50,90,水面下の準備を仕事の方針へ変える時,{event_date}前後は、裏方で続けてきた準備や人に見せていない構想を、今後の仕事の方針としてまとめやすくなります。内側で膨らんだ期待をすぐ公の約束にすると、未確認の課題や休息の必要を見落としやすいでしょう。まず信頼できる相手へ説明し、修正点を確かめてから表に出す範囲を決めてください。,conjunction;mercury;jupiter;leo,1
2026_08_MERCURY_JUPITER_CONJUNCTION_S11_N01,2026_08_MERCURY_JUPITER_CONJUNCTION,2026-08,conjunction,2026-08-13T00:00:00+09:00,2026-08-15T20:23:00+09:00,2026-08-18T23:59:59+09:00,0,MERCURY|JUPITER,MERCURY:LEO|JUPITER:LEO,MERCURY-JUPITER:0,5,2,not_applicable,MERCURY,11,1,anchor_house,MERCURY|JUPITER,swiss_ephemeris,MERCURY:JUPITER:0:2026-08-15,around_day,LEO_GROWTH,,50,90,仲間との対話で自分の未来像を示す時,{event_date}前後は、友人やチームとの会話から将来の可能性が広がり、自分が目指したい姿や参加したい活動を伝えやすくなります。周囲の期待に応えようとして役割を増やすと、自分の時間や意思が見えにくくなるでしょう。興味のある案を一つ選び、提供できることと無理なことを明確にしてください。,conjunction;mercury;jupiter;leo,1
2026_08_MERCURY_JUPITER_CONJUNCTION_S11_N02,2026_08_MERCURY_JUPITER_CONJUNCTION,2026-08,conjunction,2026-08-13T00:00:00+09:00,2026-08-15T20:23:00+09:00,2026-08-18T23:59:59+09:00,0,MERCURY|JUPITER,MERCURY:LEO|JUPITER:LEO,MERCURY-JUPITER:0,5,2,not_applicable,MERCURY,11,2,anchor_house,MERCURY|JUPITER,swiss_ephemeris,MERCURY:JUPITER:0:2026-08-15,around_day,LEO_GROWTH,,50,90,人脈と技能を将来の価値へ育てる時,{event_date}前後は、仲間との情報交換から自分の技能を生かす方法や収入の選択肢が広がり、将来の価値を考えやすくなります。好意的な反応を確かな需要や報酬と同じものにすると、費用や準備時間を見落としやすいでしょう。相手が必要とする内容を確かめ、小さな提案と現実的な条件から試してください。,conjunction;mercury;jupiter;leo,1
2026_08_MERCURY_JUPITER_CONJUNCTION_S11_N03,2026_08_MERCURY_JUPITER_CONJUNCTION,2026-08,conjunction,2026-08-13T00:00:00+09:00,2026-08-15T20:23:00+09:00,2026-08-18T23:59:59+09:00,0,MERCURY|JUPITER,MERCURY:LEO|JUPITER:LEO,MERCURY-JUPITER:0,5,2,not_applicable,MERCURY,11,3,anchor_house,MERCURY|JUPITER,swiss_ephemeris,MERCURY:JUPITER:0:2026-08-15,around_day,LEO_GROWTH,,50,90,情報交換から未来の企画を広げる時,{event_date}前後は、友人、オンライン、地域の会話から情報が次々につながり、未来の企画や発信方法が広がります。連絡先や話題を増やしすぎると、誰と何を進めるのかが分かりにくくなるでしょう。面白い案を記録し、参加者、最初の作業、次に話す日を一つずつ決めてください。,conjunction;mercury;jupiter;leo,1
2026_08_MERCURY_JUPITER_CONJUNCTION_S11_N04,2026_08_MERCURY_JUPITER_CONJUNCTION,2026-08,conjunction,2026-08-13T00:00:00+09:00,2026-08-15T20:23:00+09:00,2026-08-18T23:59:59+09:00,0,MERCURY|JUPITER,MERCURY:LEO|JUPITER:LEO,MERCURY-JUPITER:0,5,2,not_applicable,MERCURY,11,4,anchor_house,MERCURY|JUPITER,swiss_ephemeris,MERCURY:JUPITER:0:2026-08-15,around_day,LEO_GROWTH,,50,90,安心できる仲間と居場所を作る時,{event_date}前後は、友人やコミュニティとの会話から、将来どこで誰と暮らしたいか、安心できる居場所について構想が広がります。理想の共同体をすぐ生活の計画へすると、距離、費用、家族の都合を見落としやすいでしょう。まず集まれる時間と場所を確かめ、無理なく続く交流から始めてください。,conjunction;mercury;jupiter;leo,1
2026_08_MERCURY_JUPITER_CONJUNCTION_S11_N05,2026_08_MERCURY_JUPITER_CONJUNCTION,2026-08,conjunction,2026-08-13T00:00:00+09:00,2026-08-15T20:23:00+09:00,2026-08-18T23:59:59+09:00,0,MERCURY|JUPITER,MERCURY:LEO|JUPITER:LEO,MERCURY-JUPITER:0,5,2,not_applicable,MERCURY,11,5,anchor_house,MERCURY|JUPITER,swiss_ephemeris,MERCURY:JUPITER:0:2026-08-15,around_day,LEO_GROWTH,,50,90,仲間と創作や遊びの企画を育てる時,{event_date}前後は、友人やチームとの会話から、創作、イベント、遊びの企画が豊かに広がり、表現を共有しやすくなります。盛り上がりに任せて予定や規模を大きくすると、完成までの時間と担当者の負担を見落としやすいでしょう。楽しさの核を一つ選び、試作品や小さな催しから形にしてください。,conjunction;mercury;jupiter;leo,1
2026_08_MERCURY_JUPITER_CONJUNCTION_S11_N06,2026_08_MERCURY_JUPITER_CONJUNCTION,2026-08,conjunction,2026-08-13T00:00:00+09:00,2026-08-15T20:23:00+09:00,2026-08-18T23:59:59+09:00,0,MERCURY|JUPITER,MERCURY:LEO|JUPITER:LEO,MERCURY-JUPITER:0,5,2,not_applicable,MERCURY,11,6,anchor_house,MERCURY|JUPITER,swiss_ephemeris,MERCURY:JUPITER:0:2026-08-15,around_day,LEO_GROWTH,,50,90,チームで続けられる作業の形を整える時,{event_date}前後は、チームやコミュニティで作業を分担し、互いに支え合う仕組みについて改善案が広がります。全員に役立つ機能や予定を増やすと、運営する人の日常的な負担を見落としやすいでしょう。参加できる時間と得意分野を聞き、最小限の役割と連絡方法から試してください。,conjunction;mercury;jupiter;leo,1
2026_08_MERCURY_JUPITER_CONJUNCTION_S11_N07,2026_08_MERCURY_JUPITER_CONJUNCTION,2026-08,conjunction,2026-08-13T00:00:00+09:00,2026-08-15T20:23:00+09:00,2026-08-18T23:59:59+09:00,0,MERCURY|JUPITER,MERCURY:LEO|JUPITER:LEO,MERCURY-JUPITER:0,5,2,not_applicable,MERCURY,11,7,anchor_house,MERCURY|JUPITER,swiss_ephemeris,MERCURY:JUPITER:0:2026-08-15,around_day,LEO_GROWTH,,50,90,協力相手と共通の未来像を話し合う時,{event_date}前後は、パートナーや協力相手と共通の目標、仲間との関わり、将来の活動について対話が広がります。理想が近いことを長期的な協力の確約と受け取ると、役割や優先順位の違いを見落としやすいでしょう。共通点と個別の希望を分け、まず一緒に試すことを決めてください。,conjunction;mercury;jupiter;leo,1
2026_08_MERCURY_JUPITER_CONJUNCTION_S11_N08,2026_08_MERCURY_JUPITER_CONJUNCTION,2026-08,conjunction,2026-08-13T00:00:00+09:00,2026-08-15T20:23:00+09:00,2026-08-18T23:59:59+09:00,0,MERCURY|JUPITER,MERCURY:LEO|JUPITER:LEO,MERCURY-JUPITER:0,5,2,not_applicable,MERCURY,11,8,anchor_house,MERCURY|JUPITER,swiss_ephemeris,MERCURY:JUPITER:0:2026-08-15,around_day,LEO_GROWTH,,50,90,仲間と共有する資源と責任を決める時,{event_date}前後は、仲間や組織で共有する資金、情報、設備について話が広がり、新しい支援方法を考えやすくなります。善意や共感を継続的な提供の約束と受け取ると、負担の偏りや管理責任を見落としやすいでしょう。提供できる量、利用条件、管理する人、見直す時期を決めてください。,conjunction;mercury;jupiter;leo,1
2026_08_MERCURY_JUPITER_CONJUNCTION_S11_N09,2026_08_MERCURY_JUPITER_CONJUNCTION,2026-08,conjunction,2026-08-13T00:00:00+09:00,2026-08-15T20:23:00+09:00,2026-08-18T23:59:59+09:00,0,MERCURY|JUPITER,MERCURY:LEO|JUPITER:LEO,MERCURY-JUPITER:0,5,2,not_applicable,MERCURY,11,9,anchor_house,MERCURY|JUPITER,swiss_ephemeris,MERCURY:JUPITER:0:2026-08-15,around_day,LEO_GROWTH,,50,90,理念と学びを広い仲間へ届けていく時,{event_date}前後は、専門知識、教育、異文化への関心を仲間と共有し、未来の社会や学びの場について構想を広げやすくなります。共感できる理念を唯一の正解として語ると、異なる経験や立場を小さく扱いやすいでしょう。複数の意見を聞き、学ぶテーマと最初の活動を具体的にしてください。,conjunction;mercury;jupiter;leo,1
2026_08_MERCURY_JUPITER_CONJUNCTION_S11_N10,2026_08_MERCURY_JUPITER_CONJUNCTION,2026-08,conjunction,2026-08-13T00:00:00+09:00,2026-08-15T20:23:00+09:00,2026-08-18T23:59:59+09:00,0,MERCURY|JUPITER,MERCURY:LEO|JUPITER:LEO,MERCURY-JUPITER:0,5,2,not_applicable,MERCURY,11,10,anchor_house,MERCURY|JUPITER,swiss_ephemeris,MERCURY:JUPITER:0:2026-08-15,around_day,LEO_GROWTH,,50,90,人脈を社会的な仕事の展望へ結ぶ時,{event_date}前後は、友人、業界の仲間、チームとの会話から仕事の展望が広がり、新しい協力先や役割を見つけやすくなります。紹介や賛同を確定した契約や成果と受け取ると、責任だけが先に増えやすいでしょう。相手の目的、担当、期限を確かめ、試行できる企画として提案してください。,conjunction;mercury;jupiter;leo,1
2026_08_MERCURY_JUPITER_CONJUNCTION_S11_N11,2026_08_MERCURY_JUPITER_CONJUNCTION,2026-08,conjunction,2026-08-13T00:00:00+09:00,2026-08-15T20:23:00+09:00,2026-08-18T23:59:59+09:00,0,MERCURY|JUPITER,MERCURY:LEO|JUPITER:LEO,MERCURY-JUPITER:0,5,2,not_applicable,MERCURY,11,11,anchor_house,MERCURY|JUPITER,swiss_ephemeris,MERCURY:JUPITER:0:2026-08-15,around_day,LEO_GROWTH,,50,90,仲間と未来の構想を大きく描き直す時,{event_date}前後は、友人、チーム、コミュニティとの情報交換が活発になり、長期的な願いや社会への構想を描き直しやすくなります。可能性をすべて計画へ入れると、参加者のいない案や予定だけが増えやすいでしょう。今共有できる目標を一つ選び、担当者と最初の行動を確認してください。,conjunction;mercury;jupiter;leo,1
2026_08_MERCURY_JUPITER_CONJUNCTION_S11_N12,2026_08_MERCURY_JUPITER_CONJUNCTION,2026-08,conjunction,2026-08-13T00:00:00+09:00,2026-08-15T20:23:00+09:00,2026-08-18T23:59:59+09:00,0,MERCURY|JUPITER,MERCURY:LEO|JUPITER:LEO,MERCURY-JUPITER:0,5,2,not_applicable,MERCURY,11,12,anchor_house,MERCURY|JUPITER,swiss_ephemeris,MERCURY:JUPITER:0:2026-08-15,around_day,LEO_GROWTH,,50,90,表に出ない願いを信頼できる場へ話す時,{event_date}前後は、まだ人に見せていない夢や社会への願いが内側で広がり、信頼できる仲間へ話す言葉が見つかりやすくなります。相手の共感を実現の保証と受け取ると、準備や自分の休息を見落としやすいでしょう。まず少人数で構想を共有し、心に残る意見と水面下で整える作業を分けてください。,conjunction;mercury;jupiter;leo,1
2026_08_MERCURY_JUPITER_CONJUNCTION_S12_N01,2026_08_MERCURY_JUPITER_CONJUNCTION,2026-08,conjunction,2026-08-13T00:00:00+09:00,2026-08-15T20:23:00+09:00,2026-08-18T23:59:59+09:00,0,MERCURY|JUPITER,MERCURY:LEO|JUPITER:LEO,MERCURY-JUPITER:0,5,2,not_applicable,MERCURY,12,1,anchor_house,MERCURY|JUPITER,swiss_ephemeris,MERCURY:JUPITER:0:2026-08-15,around_day,LEO_GROWTH,,50,90,静かな思考から本当の望みを見つける時,{event_date}前後は、夢、記憶、ひとりの時間に浮かぶ考えが広がり、自分でも気づいていなかった望みを言葉にしやすくなります。ひらめきをすべて今すぐ進むべき方向と受け取ると、現実の条件や疲れを見落としやすいでしょう。静かに記録し、何度も心に残る内容だけを今後の選択へつなげてください。,conjunction;mercury;jupiter;leo,1
2026_08_MERCURY_JUPITER_CONJUNCTION_S12_N02,2026_08_MERCURY_JUPITER_CONJUNCTION,2026-08,conjunction,2026-08-13T00:00:00+09:00,2026-08-15T20:23:00+09:00,2026-08-18T23:59:59+09:00,0,MERCURY|JUPITER,MERCURY:LEO|JUPITER:LEO,MERCURY-JUPITER:0,5,2,not_applicable,MERCURY,12,2,anchor_house,MERCURY|JUPITER,swiss_ephemeris,MERCURY:JUPITER:0:2026-08-15,around_day,LEO_GROWTH,,50,90,見えない支出と内側の価値を整理する時,{event_date}前後は、気づかないうちに使っていたお金や時間と、まだ人に見せていない技能の価値について考えが広がります。内側で膨らんだ期待をすぐ収入や買い物の計画へすると、準備費用を見落としやすいでしょう。隠れた支出を記録し、静かに試せる形で技能と予算を整えてください。,conjunction;mercury;jupiter;leo,1
2026_08_MERCURY_JUPITER_CONJUNCTION_S12_N03,2026_08_MERCURY_JUPITER_CONJUNCTION,2026-08,conjunction,2026-08-13T00:00:00+09:00,2026-08-15T20:23:00+09:00,2026-08-18T23:59:59+09:00,0,MERCURY|JUPITER,MERCURY:LEO|JUPITER:LEO,MERCURY-JUPITER:0,5,2,not_applicable,MERCURY,12,3,anchor_house,MERCURY|JUPITER,swiss_ephemeris,MERCURY:JUPITER:0:2026-08-15,around_day,LEO_GROWTH,,50,90,情報を減らして大切な考えを拾う時,{event_date}前後は、夢、記憶、ふと耳にした言葉が次々に結びつき、まだ表に出していない考えをまとめやすくなります。情報や連絡を追い続けると、すべてが重要に見えて思考が散りやすいでしょう。通知から離れる時間を作り、繰り返し浮かぶ問いだけを書き留めて後から確かめてください。,conjunction;mercury;jupiter;leo,1
2026_08_MERCURY_JUPITER_CONJUNCTION_S12_N04,2026_08_MERCURY_JUPITER_CONJUNCTION,2026-08,conjunction,2026-08-13T00:00:00+09:00,2026-08-15T20:23:00+09:00,2026-08-18T23:59:59+09:00,0,MERCURY|JUPITER,MERCURY:LEO|JUPITER:LEO,MERCURY-JUPITER:0,5,2,not_applicable,MERCURY,12,4,anchor_house,MERCURY|JUPITER,swiss_ephemeris,MERCURY:JUPITER:0:2026-08-15,around_day,LEO_GROWTH,,50,90,家族の記憶を静かに言葉へ変える時,{event_date}前後は、昔の住まい、家族との会話、言葉にならなかった安心への思いが内側で広がり、その意味を捉え直しやすくなります。浮かぶ感情をすべて現在の家族関係の答えと決めると、過去と今が混ざりやすいでしょう。静かに記録し、今の暮らしへ残したい願いだけを後から言葉にしてください。,conjunction;mercury;jupiter;leo,1
2026_08_MERCURY_JUPITER_CONJUNCTION_S12_N05,2026_08_MERCURY_JUPITER_CONJUNCTION,2026-08,conjunction,2026-08-13T00:00:00+09:00,2026-08-15T20:23:00+09:00,2026-08-18T23:59:59+09:00,0,MERCURY|JUPITER,MERCURY:LEO|JUPITER:LEO,MERCURY-JUPITER:0,5,2,not_applicable,MERCURY,12,5,anchor_house,MERCURY|JUPITER,swiss_ephemeris,MERCURY:JUPITER:0:2026-08-15,around_day,LEO_GROWTH,,50,90,想像力を広げる言葉と構想の時間,{event_date}前後は水星と木星が重なり、考えや言葉がいつもより遠くまで広がります。水面下のソーラー12ハウスと創造のネイタル5ハウスでは、計画を即座に実行するより、書く、構想する、調べるといった準備に力を使うほど、この広がりを活かせます。話を大きくしすぎず、あとで形にできる核を一つ残すことが大切です。,conjunction;mercury;jupiter;leo,1
2026_08_MERCURY_JUPITER_CONJUNCTION_S12_N06,2026_08_MERCURY_JUPITER_CONJUNCTION,2026-08,conjunction,2026-08-13T00:00:00+09:00,2026-08-15T20:23:00+09:00,2026-08-18T23:59:59+09:00,0,MERCURY|JUPITER,MERCURY:LEO|JUPITER:LEO,MERCURY-JUPITER:0,5,2,not_applicable,MERCURY,12,6,anchor_house,MERCURY|JUPITER,swiss_ephemeris,MERCURY:JUPITER:0:2026-08-15,around_day,LEO_GROWTH,,50,90,休息と裏方作業の優先順位を整える時,{event_date}前後は、人に見えない作業、生活習慣、休息について改善案が広がり、自分を消耗させる手順に気づきやすくなります。すべての原因を理解して整えようとすると、休むための時間まで予定で埋まりやすいでしょう。減らせる作業、相談したい負担、何もしない時間を分け、まず一つだけ調整してください。,conjunction;mercury;jupiter;leo,1
2026_08_MERCURY_JUPITER_CONJUNCTION_S12_N07,2026_08_MERCURY_JUPITER_CONJUNCTION,2026-08,conjunction,2026-08-13T00:00:00+09:00,2026-08-15T20:23:00+09:00,2026-08-18T23:59:59+09:00,0,MERCURY|JUPITER,MERCURY:LEO|JUPITER:LEO,MERCURY-JUPITER:0,5,2,not_applicable,MERCURY,12,7,anchor_house,MERCURY|JUPITER,swiss_ephemeris,MERCURY:JUPITER:0:2026-08-15,around_day,LEO_GROWTH,,50,90,言葉にしにくい関係の思いを見直す時,{event_date}前後は、表に出していない関係への期待や過去の対話が心に浮かび、相手とのつながりを内側で考え直しやすくなります。想像の中で会話や将来像を広げると、事実と願いの境目が見えにくくなるでしょう。まず気持ちを書き留め、確認が必要なことだけを落ち着いた言葉で相手へ伝えてください。,conjunction;mercury;jupiter;leo,1
2026_08_MERCURY_JUPITER_CONJUNCTION_S12_N08,2026_08_MERCURY_JUPITER_CONJUNCTION,2026-08,conjunction,2026-08-13T00:00:00+09:00,2026-08-15T20:23:00+09:00,2026-08-18T23:59:59+09:00,0,MERCURY|JUPITER,MERCURY:LEO|JUPITER:LEO,MERCURY-JUPITER:0,5,2,not_applicable,MERCURY,12,8,anchor_house,MERCURY|JUPITER,swiss_ephemeris,MERCURY:JUPITER:0:2026-08-15,around_day,LEO_GROWTH,,50,90,隠れた不安と共有問題を整理する時,{event_date}前後は、共有しているお金、秘密、受け継いだ責任への不安が内側で広がり、長く避けていた論点に気づきやすくなります。想像だけで相手の意図や将来の負担を決めると、現実の条件との境目が曖昧になるでしょう。確認できる資料と自分の感情を分け、相談したい事項を短く整理してください。,conjunction;mercury;jupiter;leo,1
2026_08_MERCURY_JUPITER_CONJUNCTION_S12_N09,2026_08_MERCURY_JUPITER_CONJUNCTION,2026-08,conjunction,2026-08-13T00:00:00+09:00,2026-08-15T20:23:00+09:00,2026-08-18T23:59:59+09:00,0,MERCURY|JUPITER,MERCURY:LEO|JUPITER:LEO,MERCURY-JUPITER:0,5,2,not_applicable,MERCURY,12,9,anchor_house,MERCURY|JUPITER,swiss_ephemeris,MERCURY:JUPITER:0:2026-08-15,around_day,LEO_GROWTH,,50,90,内なる問いを静かな学びへつなげる時,{event_date}前後は、精神世界、哲学、異文化への関心が静かに広がり、表に出していない問いを深く学びやすくなります。ひらめきや魅力的な理論を普遍的な答えと受け取ると、事実や異なる立場を見落としやすいでしょう。一人で読む時間を作り、複数の資料と体験を照らして自分の見解を育ててください。,conjunction;mercury;jupiter;leo,1
2026_08_MERCURY_JUPITER_CONJUNCTION_S12_N10,2026_08_MERCURY_JUPITER_CONJUNCTION,2026-08,conjunction,2026-08-13T00:00:00+09:00,2026-08-15T20:23:00+09:00,2026-08-18T23:59:59+09:00,0,MERCURY|JUPITER,MERCURY:LEO|JUPITER:LEO,MERCURY-JUPITER:0,5,2,not_applicable,MERCURY,12,10,anchor_house,MERCURY|JUPITER,swiss_ephemeris,MERCURY:JUPITER:0:2026-08-15,around_day,LEO_GROWTH,,50,90,水面下の構想を仕事の準備へ変える時,{event_date}前後は、裏方で続けてきた準備や人に見せていない構想を、今後の仕事の方針としてまとめやすくなります。内側で膨らんだ期待をすぐ公の約束へ変えると、未確認の課題や必要な支援を見落としやすいでしょう。信頼できる相手へ説明し、修正点を確かめてから表に出す範囲を決めてください。,conjunction;mercury;jupiter;leo,1
2026_08_MERCURY_JUPITER_CONJUNCTION_S12_N11,2026_08_MERCURY_JUPITER_CONJUNCTION,2026-08,conjunction,2026-08-13T00:00:00+09:00,2026-08-15T20:23:00+09:00,2026-08-18T23:59:59+09:00,0,MERCURY|JUPITER,MERCURY:LEO|JUPITER:LEO,MERCURY-JUPITER:0,5,2,not_applicable,MERCURY,12,11,anchor_house,MERCURY|JUPITER,swiss_ephemeris,MERCURY:JUPITER:0:2026-08-15,around_day,LEO_GROWTH,,50,90,表に出ない願いを仲間と育てていく時,{event_date}前後は、まだ人に見せていない夢や社会への願いが内側で広がり、信頼できる仲間へ共有する言葉が見つかりやすくなります。相手の共感を実現や参加の保証と受け取ると、準備する人と時間を見落としやすいでしょう。まず少人数で構想を話し、水面下で整える作業と次に試すことを分けてください。,conjunction;mercury;jupiter;leo,1
2026_08_MERCURY_JUPITER_CONJUNCTION_S12_N12,2026_08_MERCURY_JUPITER_CONJUNCTION,2026-08,conjunction,2026-08-13T00:00:00+09:00,2026-08-15T20:23:00+09:00,2026-08-18T23:59:59+09:00,0,MERCURY|JUPITER,MERCURY:LEO|JUPITER:LEO,MERCURY-JUPITER:0,5,2,not_applicable,MERCURY,12,12,anchor_house,MERCURY|JUPITER,swiss_ephemeris,MERCURY:JUPITER:0:2026-08-15,around_day,LEO_GROWTH,,50,90,夢と記憶の広がりを静かに受け取る時,{event_date}前後は、夢、記憶、無意識に浮かぶ言葉が豊かになり、これまで言葉にできなかった思いへ意味を見つけやすくなります。すべてを予兆や今すぐ解くべき課題として受け取ると、思考と休息の境目が曖昧になりやすいでしょう。静かな時間に記録し、後から見ても残る内容だけを今後の問いとして育ててください。,conjunction;mercury;jupiter;leo,1
2026_08_FULL_MOON_URANUS_TSQUARE_S01_N01,2026_08_FULL_MOON_URANUS_TSQUARE,2026-08,lunation_cluster,2026-08-27T00:00:00+09:00,2026-08-28T13:18:00+09:00,2026-08-29T23:59:59+09:00,0,SUN|MOON|MERCURY|URANUS,SUN:VIRGO|MOON:PISCES|MERCURY:VIRGO|URANUS:GEMINI,SUN-MOON:180|SUN-MERCURY:0|SUN-URANUS:90|MOON-URANUS:90|MERCURY-URANUS:90,1,4,lunation_plus_planet,SUN,1,1,anchor_house,SUN|MOON|MERCURY|URANUS,swiss_ephemeris,FULL_MOON:2026-08-28|SUN:MERCURY:0:2026-08-28,exact_day,AUG28_LUNATION,,80,100,自分の意思と見せ方を更新する満月の転機,{event_date}の満月は、太陽・水星と天王星を巻き込み、これまでの自己像と今の自分の間にある違和感をはっきりさせます。言葉や行動を急に変えたくなりますが、周囲への反発だけで選ぶと本心を見失いやすいでしょう。身体の反応と自分の言葉を確かめ、続けたい振る舞いへ段階的に更新してください。,full_moon;t_square;sun;moon;mercury;uranus,1
2026_08_FULL_MOON_URANUS_TSQUARE_S01_N02,2026_08_FULL_MOON_URANUS_TSQUARE,2026-08,lunation_cluster,2026-08-27T00:00:00+09:00,2026-08-28T13:18:00+09:00,2026-08-29T23:59:59+09:00,0,SUN|MOON|MERCURY|URANUS,SUN:VIRGO|MOON:PISCES|MERCURY:VIRGO|URANUS:GEMINI,SUN-MOON:180|SUN-MERCURY:0|SUN-URANUS:90|MOON-URANUS:90|MERCURY-URANUS:90,1,4,lunation_plus_planet,SUN,1,2,anchor_house,SUN|MOON|MERCURY|URANUS,swiss_ephemeris,FULL_MOON:2026-08-28|SUN:MERCURY:0:2026-08-28,exact_day,AUG28_LUNATION,,80,100,自分の価値とお金の使い方を見直す満月,{event_date}の満月は、収入、持ち物、自己価値に潜んでいた不満を表面化させ、自分で選び直す必要を示します。急な出費や条件変更が気になる時ほど、価値観を勢いだけで反転させやすいでしょう。残高と必要性を確認し、今の自分を支えるものへ資源を配り直してください。,full_moon;t_square;sun;moon;mercury;uranus,1
2026_08_FULL_MOON_URANUS_TSQUARE_S01_N03,2026_08_FULL_MOON_URANUS_TSQUARE,2026-08,lunation_cluster,2026-08-27T00:00:00+09:00,2026-08-28T13:18:00+09:00,2026-08-29T23:59:59+09:00,0,SUN|MOON|MERCURY|URANUS,SUN:VIRGO|MOON:PISCES|MERCURY:VIRGO|URANUS:GEMINI,SUN-MOON:180|SUN-MERCURY:0|SUN-URANUS:90|MOON-URANUS:90|MERCURY-URANUS:90,1,4,lunation_plus_planet,SUN,1,3,anchor_house,SUN|MOON|MERCURY|URANUS,swiss_ephemeris,FULL_MOON:2026-08-28|SUN:MERCURY:0:2026-08-28,exact_day,AUG28_LUNATION,,80,100,考えと伝え方を切り替える満月の節目,{event_date}の満月は、連絡、学習、身近な予定にあったずれを表面へ出し、考えを自分の言葉で伝え直す機会を作ります。予想外の情報や変更に反応して結論を急ぐと、相手の意図を取り違えやすいでしょう。重要な内容を短く整理し、確認できた事実から順に共有してください。,full_moon;t_square;sun;moon;mercury;uranus,1
2026_08_FULL_MOON_URANUS_TSQUARE_S01_N04,2026_08_FULL_MOON_URANUS_TSQUARE,2026-08,lunation_cluster,2026-08-27T00:00:00+09:00,2026-08-28T13:18:00+09:00,2026-08-29T23:59:59+09:00,0,SUN|MOON|MERCURY|URANUS,SUN:VIRGO|MOON:PISCES|MERCURY:VIRGO|URANUS:GEMINI,SUN-MOON:180|SUN-MERCURY:0|SUN-URANUS:90|MOON-URANUS:90|MERCURY-URANUS:90,1,4,lunation_plus_planet,SUN,1,4,anchor_house,SUN|MOON|MERCURY|URANUS,swiss_ephemeris,FULL_MOON:2026-08-28|SUN:MERCURY:0:2026-08-28,exact_day,AUG28_LUNATION,,80,100,家と心の居場所を組み直す満月の転機,{event_date}の満月は、住まい、家族、安心できる居場所に隠れていた違和感を明らかにし、自分の意思で暮らしを整える流れを強めます。急な予定変更や家族の反応だけで大きな決定をすると、感情と条件が混ざります。今困っていることを言葉にし、生活の小さな配置から変えてください。,full_moon;t_square;sun;moon;mercury;uranus,1
2026_08_FULL_MOON_URANUS_TSQUARE_S01_N05,2026_08_FULL_MOON_URANUS_TSQUARE,2026-08,lunation_cluster,2026-08-27T00:00:00+09:00,2026-08-28T13:18:00+09:00,2026-08-29T23:59:59+09:00,0,SUN|MOON|MERCURY|URANUS,SUN:VIRGO|MOON:PISCES|MERCURY:VIRGO|URANUS:GEMINI,SUN-MOON:180|SUN-MERCURY:0|SUN-URANUS:90|MOON-URANUS:90|MERCURY-URANUS:90,1,4,lunation_plus_planet,SUN,1,5,anchor_house,SUN|MOON|MERCURY|URANUS,swiss_ephemeris,FULL_MOON:2026-08-28|SUN:MERCURY:0:2026-08-28,exact_day,AUG28_LUNATION,,80,100,創作と恋の本音を表へ出す満月の節目,{event_date}の満月は、創作、恋愛、遊びの中で抑えてきた本音を表面化させ、新しい自己表現を選ぶきっかけになります。予想外の反応やひらめきに心が動きますが、その強さを関係や作品の結論と決めつけないでください。感じたことを言葉や作品に残し、後から続けたいものを選びましょう。,full_moon;t_square;sun;moon;mercury;uranus,1
2026_08_FULL_MOON_URANUS_TSQUARE_S01_N06,2026_08_FULL_MOON_URANUS_TSQUARE,2026-08,lunation_cluster,2026-08-27T00:00:00+09:00,2026-08-28T13:18:00+09:00,2026-08-29T23:59:59+09:00,0,SUN|MOON|MERCURY|URANUS,SUN:VIRGO|MOON:PISCES|MERCURY:VIRGO|URANUS:GEMINI,SUN-MOON:180|SUN-MERCURY:0|SUN-URANUS:90|MOON-URANUS:90|MERCURY-URANUS:90,1,4,lunation_plus_planet,SUN,1,6,anchor_house,SUN|MOON|MERCURY|URANUS,swiss_ephemeris,FULL_MOON:2026-08-28|SUN:MERCURY:0:2026-08-28,exact_day,AUG28_LUNATION,,80,100,自分の生活を組み直す満月の転機,{event_date}の満月は、太陽・水星と天王星を巻き込み、日々の仕事や生活習慣に潜んでいた違和感をはっきりさせます。ソーラー1ハウスでは自分の意思を取り戻す動きとなり、ネイタル6ハウスでは予定、働き方、心身の扱いを実務的に組み直す必要として現れます。急な変更を失敗と決めつけず、続けられる形へ更新する転機として扱いましょう。,full_moon;t_square;sun;moon;mercury;uranus,1
2026_08_FULL_MOON_URANUS_TSQUARE_S01_N07,2026_08_FULL_MOON_URANUS_TSQUARE,2026-08,lunation_cluster,2026-08-27T00:00:00+09:00,2026-08-28T13:18:00+09:00,2026-08-29T23:59:59+09:00,0,SUN|MOON|MERCURY|URANUS,SUN:VIRGO|MOON:PISCES|MERCURY:VIRGO|URANUS:GEMINI,SUN-MOON:180|SUN-MERCURY:0|SUN-URANUS:90|MOON-URANUS:90|MERCURY-URANUS:90,1,4,lunation_plus_planet,SUN,1,7,anchor_house,SUN|MOON|MERCURY|URANUS,swiss_ephemeris,FULL_MOON:2026-08-28|SUN:MERCURY:0:2026-08-28,exact_day,AUG28_LUNATION,,80,100,関係の前提と自分の立場を見直す満月,{event_date}の満月は、パートナーや重要な相手との間で曖昧だった期待を表面化させ、自分の望みを言葉にする必要を強めます。相手の突然の反応に合わせて関係の結論を急ぐと、本来の論点を見失いやすいでしょう。互いの希望と確認できる約束を分け、対等に選べる形へ更新してください。,full_moon;t_square;sun;moon;mercury;uranus,1
2026_08_FULL_MOON_URANUS_TSQUARE_S01_N08,2026_08_FULL_MOON_URANUS_TSQUARE,2026-08,lunation_cluster,2026-08-27T00:00:00+09:00,2026-08-28T13:18:00+09:00,2026-08-29T23:59:59+09:00,0,SUN|MOON|MERCURY|URANUS,SUN:VIRGO|MOON:PISCES|MERCURY:VIRGO|URANUS:GEMINI,SUN-MOON:180|SUN-MERCURY:0|SUN-URANUS:90|MOON-URANUS:90|MERCURY-URANUS:90,1,4,lunation_plus_planet,SUN,1,8,anchor_house,SUN|MOON|MERCURY|URANUS,swiss_ephemeris,FULL_MOON:2026-08-28|SUN:MERCURY:0:2026-08-28,exact_day,AUG28_LUNATION,,80,100,共有責任と心の境界を引き直す満月,{event_date}の満月は、共同資金、秘密、親密さに潜んでいた緊張を表へ出し、自分が担う範囲を見直すきっかけになります。予想外の話や条件変更に不安を感じても、相手の責任まで背負う必要はありません。感情と資料を分けて確認し、金額や約束を言葉で明確にしてください。,full_moon;t_square;sun;moon;mercury;uranus,1
2026_08_FULL_MOON_URANUS_TSQUARE_S01_N09,2026_08_FULL_MOON_URANUS_TSQUARE,2026-08,lunation_cluster,2026-08-27T00:00:00+09:00,2026-08-28T13:18:00+09:00,2026-08-29T23:59:59+09:00,0,SUN|MOON|MERCURY|URANUS,SUN:VIRGO|MOON:PISCES|MERCURY:VIRGO|URANUS:GEMINI,SUN-MOON:180|SUN-MERCURY:0|SUN-URANUS:90|MOON-URANUS:90|MERCURY-URANUS:90,1,4,lunation_plus_planet,SUN,1,9,anchor_house,SUN|MOON|MERCURY|URANUS,swiss_ephemeris,FULL_MOON:2026-08-28|SUN:MERCURY:0:2026-08-28,exact_day,AUG28_LUNATION,,80,100,信じる道と学びの方向を変える満月の節目,{event_date}の満月は、学び、思想、旅の計画にあった迷いを表面化させ、これから信じたい道を自分の言葉で選び直す機会を作ります。新しい情報に衝撃を受けても、一つの説だけで進路を反転させると視野が狭まります。複数の根拠を比べ、日常で試せる一歩へ落とし込んでください。,full_moon;t_square;sun;moon;mercury;uranus,1
2026_08_FULL_MOON_URANUS_TSQUARE_S01_N10,2026_08_FULL_MOON_URANUS_TSQUARE,2026-08,lunation_cluster,2026-08-27T00:00:00+09:00,2026-08-28T13:18:00+09:00,2026-08-29T23:59:59+09:00,0,SUN|MOON|MERCURY|URANUS,SUN:VIRGO|MOON:PISCES|MERCURY:VIRGO|URANUS:GEMINI,SUN-MOON:180|SUN-MERCURY:0|SUN-URANUS:90|MOON-URANUS:90|MERCURY-URANUS:90,1,4,lunation_plus_planet,SUN,1,10,anchor_house,SUN|MOON|MERCURY|URANUS,swiss_ephemeris,FULL_MOON:2026-08-28|SUN:MERCURY:0:2026-08-28,exact_day,AUG28_LUNATION,,80,100,仕事の役割と見せ方を刷新する満月の転機,{event_date}の満月は、仕事上の立場、目標、周囲から期待される姿にあった違和感を明らかにし、自分の意思を示す転機になります。突然の評価や役割変更に反応して結論を急ぐと、実際の条件を見落とします。目的、権限、時間を確認し、続けられる責任へ仕事を組み直してください。,full_moon;t_square;sun;moon;mercury;uranus,1
2026_08_FULL_MOON_URANUS_TSQUARE_S01_N11,2026_08_FULL_MOON_URANUS_TSQUARE,2026-08,lunation_cluster,2026-08-27T00:00:00+09:00,2026-08-28T13:18:00+09:00,2026-08-29T23:59:59+09:00,0,SUN|MOON|MERCURY|URANUS,SUN:VIRGO|MOON:PISCES|MERCURY:VIRGO|URANUS:GEMINI,SUN-MOON:180|SUN-MERCURY:0|SUN-URANUS:90|MOON-URANUS:90|MERCURY-URANUS:90,1,4,lunation_plus_planet,SUN,1,11,anchor_house,SUN|MOON|MERCURY|URANUS,swiss_ephemeris,FULL_MOON:2026-08-28|SUN:MERCURY:0:2026-08-28,exact_day,AUG28_LUNATION,,80,100,仲間と未来の目標を選び直す満月の節目,{event_date}の満月は、友人、チーム、コミュニティとの関係や将来計画にあったずれを表面化させます。予想外の提案や離脱があっても、集団全体を否定するより、自分が本当に参加したい目的を言葉にすることが大切です。役割と期限を確認し、実行できるつながりへ更新してください。,full_moon;t_square;sun;moon;mercury;uranus,1
2026_08_FULL_MOON_URANUS_TSQUARE_S01_N12,2026_08_FULL_MOON_URANUS_TSQUARE,2026-08,lunation_cluster,2026-08-27T00:00:00+09:00,2026-08-28T13:18:00+09:00,2026-08-29T23:59:59+09:00,0,SUN|MOON|MERCURY|URANUS,SUN:VIRGO|MOON:PISCES|MERCURY:VIRGO|URANUS:GEMINI,SUN-MOON:180|SUN-MERCURY:0|SUN-URANUS:90|MOON-URANUS:90|MERCURY-URANUS:90,1,4,lunation_plus_planet,SUN,1,12,anchor_house,SUN|MOON|MERCURY|URANUS,swiss_ephemeris,FULL_MOON:2026-08-28|SUN:MERCURY:0:2026-08-28,exact_day,AUG28_LUNATION,,80,100,隠れていた本音を受け止める満月の転機,{event_date}の満月は、無意識に抑えてきた疲れ、終わった役割、言葉にしていない本音を表面へ運びます。急にすべてを変えたくなっても、不安と直感を同じものとして扱うと判断が極端になります。静かな時間に考えを書き出し、まず休息と手放せる負担を選んでください。,full_moon;t_square;sun;moon;mercury;uranus,1
2026_08_FULL_MOON_URANUS_TSQUARE_S02_N01,2026_08_FULL_MOON_URANUS_TSQUARE,2026-08,lunation_cluster,2026-08-27T00:00:00+09:00,2026-08-28T13:18:00+09:00,2026-08-29T23:59:59+09:00,0,SUN|MOON|MERCURY|URANUS,SUN:VIRGO|MOON:PISCES|MERCURY:VIRGO|URANUS:GEMINI,SUN-MOON:180|SUN-MERCURY:0|SUN-URANUS:90|MOON-URANUS:90|MERCURY-URANUS:90,1,4,lunation_plus_planet,SUN,2,1,anchor_house,SUN|MOON|MERCURY|URANUS,swiss_ephemeris,FULL_MOON:2026-08-28|SUN:MERCURY:0:2026-08-28,exact_day,AUG28_LUNATION,,80,100,自分への投資と見せ方を選び直す満月,{event_date}の満月は、お金や持ち物への考え方が、装い、身体の扱い、自分の見せ方にどう表れているかを明らかにします。急に何かを買い替えたくなっても、周囲への印象だけで選ぶと本来の必要性を見失います。予算と使い心地を確かめ、今の自分を無理なく支えるものへ更新してください。,full_moon;t_square;sun;moon;mercury;uranus,1
2026_08_FULL_MOON_URANUS_TSQUARE_S02_N02,2026_08_FULL_MOON_URANUS_TSQUARE,2026-08,lunation_cluster,2026-08-27T00:00:00+09:00,2026-08-28T13:18:00+09:00,2026-08-29T23:59:59+09:00,0,SUN|MOON|MERCURY|URANUS,SUN:VIRGO|MOON:PISCES|MERCURY:VIRGO|URANUS:GEMINI,SUN-MOON:180|SUN-MERCURY:0|SUN-URANUS:90|MOON-URANUS:90|MERCURY-URANUS:90,1,4,lunation_plus_planet,SUN,2,2,anchor_house,SUN|MOON|MERCURY|URANUS,swiss_ephemeris,FULL_MOON:2026-08-28|SUN:MERCURY:0:2026-08-28,exact_day,AUG28_LUNATION,,80,100,稼ぎ方と自己価値の基準を見直す満月,{event_date}の満月は、収入、貯蓄、所有に潜んでいた不満を表面へ出し、自分にとっての豊かさを言葉にする必要を示します。突然の条件変更や魅力的な提案に反応して価値基準を反転させると、長期的な負担を見落とします。固定費と手元資金を確認し、続けられる稼ぎ方へ整えてください。,full_moon;t_square;sun;moon;mercury;uranus,1
2026_08_FULL_MOON_URANUS_TSQUARE_S02_N03,2026_08_FULL_MOON_URANUS_TSQUARE,2026-08,lunation_cluster,2026-08-27T00:00:00+09:00,2026-08-28T13:18:00+09:00,2026-08-29T23:59:59+09:00,0,SUN|MOON|MERCURY|URANUS,SUN:VIRGO|MOON:PISCES|MERCURY:VIRGO|URANUS:GEMINI,SUN-MOON:180|SUN-MERCURY:0|SUN-URANUS:90|MOON-URANUS:90|MERCURY-URANUS:90,1,4,lunation_plus_planet,SUN,2,3,anchor_house,SUN|MOON|MERCURY|URANUS,swiss_ephemeris,FULL_MOON:2026-08-28|SUN:MERCURY:0:2026-08-28,exact_day,AUG28_LUNATION,,80,100,お金の情報と契約を確認し直す満月の節目,{event_date}の満月は、通信費、学習費、身近な契約や買い物にあった見落としを表面化させます。予想外の知らせに急いで返事をすると、金額や条件の意味を取り違えやすいでしょう。資料を読み直し、必要な道具と不要な契約を分けてから、自分の言葉で確認してください。,full_moon;t_square;sun;moon;mercury;uranus,1
2026_08_FULL_MOON_URANUS_TSQUARE_S02_N04,2026_08_FULL_MOON_URANUS_TSQUARE,2026-08,lunation_cluster,2026-08-27T00:00:00+09:00,2026-08-28T13:18:00+09:00,2026-08-29T23:59:59+09:00,0,SUN|MOON|MERCURY|URANUS,SUN:VIRGO|MOON:PISCES|MERCURY:VIRGO|URANUS:GEMINI,SUN-MOON:180|SUN-MERCURY:0|SUN-URANUS:90|MOON-URANUS:90|MERCURY-URANUS:90,1,4,lunation_plus_planet,SUN,2,4,anchor_house,SUN|MOON|MERCURY|URANUS,swiss_ephemeris,FULL_MOON:2026-08-28|SUN:MERCURY:0:2026-08-28,exact_day,AUG28_LUNATION,,80,100,家計と暮らしの安心を組み直す満月,{event_date}の満月は、住居費、家族に関する支出、家に残す物の優先順位を明らかにし、暮らしの土台を見直す機会を作ります。急な家族の要望や環境変化があっても、感情的な安心を高額な選択で補う必要はありません。実際の予算を共有し、長く使うものから整えてください。,full_moon;t_square;sun;moon;mercury;uranus,1
2026_08_FULL_MOON_URANUS_TSQUARE_S02_N05,2026_08_FULL_MOON_URANUS_TSQUARE,2026-08,lunation_cluster,2026-08-27T00:00:00+09:00,2026-08-28T13:18:00+09:00,2026-08-29T23:59:59+09:00,0,SUN|MOON|MERCURY|URANUS,SUN:VIRGO|MOON:PISCES|MERCURY:VIRGO|URANUS:GEMINI,SUN-MOON:180|SUN-MERCURY:0|SUN-URANUS:90|MOON-URANUS:90|MERCURY-URANUS:90,1,4,lunation_plus_planet,SUN,2,5,anchor_house,SUN|MOON|MERCURY|URANUS,swiss_ephemeris,FULL_MOON:2026-08-28|SUN:MERCURY:0:2026-08-28,exact_day,AUG28_LUNATION,,80,100,楽しみと才能へ使う資源を選び直す満月,{event_date}の満月は、創作、恋愛、趣味に注いできたお金と時間の意味を表面化させ、自分が本当に大切にしたい喜びを示します。予想外の反応や出費に心が揺れても、才能や関係の価値を一度の結果で決めないでください。上限を決めて続けたいものを残し、負担だけの習慣を見直しましょう。,full_moon;t_square;sun;moon;mercury;uranus,1
2026_08_FULL_MOON_URANUS_TSQUARE_S02_N06,2026_08_FULL_MOON_URANUS_TSQUARE,2026-08,lunation_cluster,2026-08-27T00:00:00+09:00,2026-08-28T13:18:00+09:00,2026-08-29T23:59:59+09:00,0,SUN|MOON|MERCURY|URANUS,SUN:VIRGO|MOON:PISCES|MERCURY:VIRGO|URANUS:GEMINI,SUN-MOON:180|SUN-MERCURY:0|SUN-URANUS:90|MOON-URANUS:90|MERCURY-URANUS:90,1,4,lunation_plus_planet,SUN,2,6,anchor_house,SUN|MOON|MERCURY|URANUS,swiss_ephemeris,FULL_MOON:2026-08-28|SUN:MERCURY:0:2026-08-28,exact_day,AUG28_LUNATION,,80,100,働く条件と日常の費用を整え直す満月,{event_date}の満月は、仕事から得る対価と、通勤、道具、生活管理にかかる費用の釣り合いを明らかにします。急な業務変更や新しい方法に合わせようとして支出を増やすと、負担が見えにくくなります。時間と金額を数字で比べ、自分の生活を確実に支える条件へ更新してください。,full_moon;t_square;sun;moon;mercury;uranus,1
2026_08_FULL_MOON_URANUS_TSQUARE_S02_N07,2026_08_FULL_MOON_URANUS_TSQUARE,2026-08,lunation_cluster,2026-08-27T00:00:00+09:00,2026-08-28T13:18:00+09:00,2026-08-29T23:59:59+09:00,0,SUN|MOON|MERCURY|URANUS,SUN:VIRGO|MOON:PISCES|MERCURY:VIRGO|URANUS:GEMINI,SUN-MOON:180|SUN-MERCURY:0|SUN-URANUS:90|MOON-URANUS:90|MERCURY-URANUS:90,1,4,lunation_plus_planet,SUN,2,7,anchor_house,SUN|MOON|MERCURY|URANUS,swiss_ephemeris,FULL_MOON:2026-08-28|SUN:MERCURY:0:2026-08-28,exact_day,AUG28_LUNATION,,80,100,関係の対価と価値観を話し直す満月,{event_date}の満月は、パートナーや取引相手との間で、報酬、贈り物、分担に潜んでいたずれを表面化させます。相手の突然の提案や反応に合わせて条件を変えると、好意と契約が混ざりやすいでしょう。金額、担当、期限を具体的にし、自分の価値を守れる合意へ整えてください。,full_moon;t_square;sun;moon;mercury;uranus,1
2026_08_FULL_MOON_URANUS_TSQUARE_S02_N08,2026_08_FULL_MOON_URANUS_TSQUARE,2026-08,lunation_cluster,2026-08-27T00:00:00+09:00,2026-08-28T13:18:00+09:00,2026-08-29T23:59:59+09:00,0,SUN|MOON|MERCURY|URANUS,SUN:VIRGO|MOON:PISCES|MERCURY:VIRGO|URANUS:GEMINI,SUN-MOON:180|SUN-MERCURY:0|SUN-URANUS:90|MOON-URANUS:90|MERCURY-URANUS:90,1,4,lunation_plus_planet,SUN,2,8,anchor_house,SUN|MOON|MERCURY|URANUS,swiss_ephemeris,FULL_MOON:2026-08-28|SUN:MERCURY:0:2026-08-28,exact_day,AUG28_LUNATION,,80,100,自分のお金と共有資産を分け直す満月,{event_date}の満月は、貯蓄と共同資金、借入、保険、税にあった曖昧さを表面へ出し、自分の取り分と責任を見直す必要を示します。予想外の数字が出ても、不安だけで極端な選択をしないでください。残高、名義、期限を資料で確認し、自分が負える範囲を明確にしましょう。,full_moon;t_square;sun;moon;mercury;uranus,1
2026_08_FULL_MOON_URANUS_TSQUARE_S02_N09,2026_08_FULL_MOON_URANUS_TSQUARE,2026-08,lunation_cluster,2026-08-27T00:00:00+09:00,2026-08-28T13:18:00+09:00,2026-08-29T23:59:59+09:00,0,SUN|MOON|MERCURY|URANUS,SUN:VIRGO|MOON:PISCES|MERCURY:VIRGO|URANUS:GEMINI,SUN-MOON:180|SUN-MERCURY:0|SUN-URANUS:90|MOON-URANUS:90|MERCURY-URANUS:90,1,4,lunation_plus_planet,SUN,2,9,anchor_house,SUN|MOON|MERCURY|URANUS,swiss_ephemeris,FULL_MOON:2026-08-28|SUN:MERCURY:0:2026-08-28,exact_day,AUG28_LUNATION,,80,100,学びと旅に使う資源を見極める満月の節目,{event_date}の満月は、専門教育、資格、出版、遠方への移動に使うお金と時間の価値を明らかにします。魅力的な機会や急な計画変更があっても、一つの情報だけで将来への投資を決めると条件を見落とします。目的、総額、必要期間を比べ、現実に続けられる選択を残してください。,full_moon;t_square;sun;moon;mercury;uranus,1
2026_08_FULL_MOON_URANUS_TSQUARE_S02_N10,2026_08_FULL_MOON_URANUS_TSQUARE,2026-08,lunation_cluster,2026-08-27T00:00:00+09:00,2026-08-28T13:18:00+09:00,2026-08-29T23:59:59+09:00,0,SUN|MOON|MERCURY|URANUS,SUN:VIRGO|MOON:PISCES|MERCURY:VIRGO|URANUS:GEMINI,SUN-MOON:180|SUN-MERCURY:0|SUN-URANUS:90|MOON-URANUS:90|MERCURY-URANUS:90,1,4,lunation_plus_planet,SUN,2,10,anchor_house,SUN|MOON|MERCURY|URANUS,swiss_ephemeris,FULL_MOON:2026-08-28|SUN:MERCURY:0:2026-08-28,exact_day,AUG28_LUNATION,,80,100,仕事の価値と報酬条件を見直す満月,{event_date}の満月は、仕事上の評価、報酬、肩書と実際の負担のずれを表面化させ、自分の価値を言葉にする転機になります。突然の役割変更や評価に反応して引き受けると、生活の余力を見落とします。報酬、時間、裁量を具体化し、続けられる条件へ交渉してください。,full_moon;t_square;sun;moon;mercury;uranus,1
2026_08_FULL_MOON_URANUS_TSQUARE_S02_N11,2026_08_FULL_MOON_URANUS_TSQUARE,2026-08,lunation_cluster,2026-08-27T00:00:00+09:00,2026-08-28T13:18:00+09:00,2026-08-29T23:59:59+09:00,0,SUN|MOON|MERCURY|URANUS,SUN:VIRGO|MOON:PISCES|MERCURY:VIRGO|URANUS:GEMINI,SUN-MOON:180|SUN-MERCURY:0|SUN-URANUS:90|MOON-URANUS:90|MERCURY-URANUS:90,1,4,lunation_plus_planet,SUN,2,11,anchor_house,SUN|MOON|MERCURY|URANUS,swiss_ephemeris,FULL_MOON:2026-08-28|SUN:MERCURY:0:2026-08-28,exact_day,AUG28_LUNATION,,80,100,未来の計画へ配る資源を選び直す満月,{event_date}の満月は、仲間との企画や将来の希望へ注いできたお金、時間、技能の負担を明らかにします。予想外の提案や離脱があっても、共感だけで新しい負担を引き受けないでください。自分の生活を守る上限を決め、実際に続けられる計画へ資源を配り直しましょう。,full_moon;t_square;sun;moon;mercury;uranus,1
2026_08_FULL_MOON_URANUS_TSQUARE_S02_N12,2026_08_FULL_MOON_URANUS_TSQUARE,2026-08,lunation_cluster,2026-08-27T00:00:00+09:00,2026-08-28T13:18:00+09:00,2026-08-29T23:59:59+09:00,0,SUN|MOON|MERCURY|URANUS,SUN:VIRGO|MOON:PISCES|MERCURY:VIRGO|URANUS:GEMINI,SUN-MOON:180|SUN-MERCURY:0|SUN-URANUS:90|MOON-URANUS:90|MERCURY-URANUS:90,1,4,lunation_plus_planet,SUN,2,12,anchor_house,SUN|MOON|MERCURY|URANUS,swiss_ephemeris,FULL_MOON:2026-08-28|SUN:MERCURY:0:2026-08-28,exact_day,AUG28_LUNATION,,80,100,見えない出費と価値の癖を手放す満月,{event_date}の満月は、無意識の買い物、誰にも言わない負担、安心のために続けてきた支出を表面へ運びます。急にすべてを止めたくなっても、不安と必要性を同じものとして扱うと判断が極端になります。記録を静かに見返し、休息を守る費用と手放せる費用を分けてください。,full_moon;t_square;sun;moon;mercury;uranus,1
2026_08_FULL_MOON_URANUS_TSQUARE_S03_N01,2026_08_FULL_MOON_URANUS_TSQUARE,2026-08,lunation_cluster,2026-08-27T00:00:00+09:00,2026-08-28T13:18:00+09:00,2026-08-29T23:59:59+09:00,0,SUN|MOON|MERCURY|URANUS,SUN:VIRGO|MOON:PISCES|MERCURY:VIRGO|URANUS:GEMINI,SUN-MOON:180|SUN-MERCURY:0|SUN-URANUS:90|MOON-URANUS:90|MERCURY-URANUS:90,1,4,lunation_plus_planet,SUN,3,1,anchor_house,SUN|MOON|MERCURY|URANUS,swiss_ephemeris,FULL_MOON:2026-08-28|SUN:MERCURY:0:2026-08-28,exact_day,AUG28_LUNATION,,80,100,自分を語る言葉と姿勢を更新する満月,{event_date}の満月は、身近な会話や連絡を通して、これまでの自己説明と今の自分の間にあるずれを明らかにします。予想外の反応に合わせて言葉を変えると、本来伝えたかった意思を見失いやすいでしょう。要点を短く書き出し、自分の身体感覚にも合う表現へ整えてください。,full_moon;t_square;sun;moon;mercury;uranus,1
2026_08_FULL_MOON_URANUS_TSQUARE_S03_N02,2026_08_FULL_MOON_URANUS_TSQUARE,2026-08,lunation_cluster,2026-08-27T00:00:00+09:00,2026-08-28T13:18:00+09:00,2026-08-29T23:59:59+09:00,0,SUN|MOON|MERCURY|URANUS,SUN:VIRGO|MOON:PISCES|MERCURY:VIRGO|URANUS:GEMINI,SUN-MOON:180|SUN-MERCURY:0|SUN-URANUS:90|MOON-URANUS:90|MERCURY-URANUS:90,1,4,lunation_plus_planet,SUN,3,2,anchor_house,SUN|MOON|MERCURY|URANUS,swiss_ephemeris,FULL_MOON:2026-08-28|SUN:MERCURY:0:2026-08-28,exact_day,AUG28_LUNATION,,80,100,お金と価値に関する情報を見直す満月,{event_date}の満月は、買い物、契約、収入に関する連絡から、価値判断にあった見落としを表面化させます。急な知らせや魅力的な条件に反射的に返答すると、金額の意味や負担を取り違えやすいでしょう。数字と出典を確認し、自分の基準で必要性を言葉にしてください。,full_moon;t_square;sun;moon;mercury;uranus,1
2026_08_FULL_MOON_URANUS_TSQUARE_S03_N03,2026_08_FULL_MOON_URANUS_TSQUARE,2026-08,lunation_cluster,2026-08-27T00:00:00+09:00,2026-08-28T13:18:00+09:00,2026-08-29T23:59:59+09:00,0,SUN|MOON|MERCURY|URANUS,SUN:VIRGO|MOON:PISCES|MERCURY:VIRGO|URANUS:GEMINI,SUN-MOON:180|SUN-MERCURY:0|SUN-URANUS:90|MOON-URANUS:90|MERCURY-URANUS:90,1,4,lunation_plus_planet,SUN,3,3,anchor_house,SUN|MOON|MERCURY|URANUS,swiss_ephemeris,FULL_MOON:2026-08-28|SUN:MERCURY:0:2026-08-28,exact_day,AUG28_LUNATION,,80,100,情報と予定の流れを組み直す満月の転機,{event_date}の満月は、連絡、学習、移動、予定管理に積み重なったずれを一気に表面へ出します。太陽と水星が状況を言語化する一方、天王星の変更に急いで対応すると情報がさらに散らかります。優先順位を決め、確認できた内容から一つずつ予定へ反映してください。,full_moon;t_square;sun;moon;mercury;uranus,1
2026_08_FULL_MOON_URANUS_TSQUARE_S03_N04,2026_08_FULL_MOON_URANUS_TSQUARE,2026-08,lunation_cluster,2026-08-27T00:00:00+09:00,2026-08-28T13:18:00+09:00,2026-08-29T23:59:59+09:00,0,SUN|MOON|MERCURY|URANUS,SUN:VIRGO|MOON:PISCES|MERCURY:VIRGO|URANUS:GEMINI,SUN-MOON:180|SUN-MERCURY:0|SUN-URANUS:90|MOON-URANUS:90|MERCURY-URANUS:90,1,4,lunation_plus_planet,SUN,3,4,anchor_house,SUN|MOON|MERCURY|URANUS,swiss_ephemeris,FULL_MOON:2026-08-28|SUN:MERCURY:0:2026-08-28,exact_day,AUG28_LUNATION,,80,100,家族との伝え方と暮らしを見直す満月,{event_date}の満月は、家族との連絡、住まいの手続き、昔から言えなかった思いを表面化させます。予想外の言葉や予定変更に反応すると、過去の記憶と現在の問題が混ざりやすいでしょう。今困っていることを一つに絞り、気持ちと実務を分けて話してください。,full_moon;t_square;sun;moon;mercury;uranus,1
2026_08_FULL_MOON_URANUS_TSQUARE_S03_N05,2026_08_FULL_MOON_URANUS_TSQUARE,2026-08,lunation_cluster,2026-08-27T00:00:00+09:00,2026-08-28T13:18:00+09:00,2026-08-29T23:59:59+09:00,0,SUN|MOON|MERCURY|URANUS,SUN:VIRGO|MOON:PISCES|MERCURY:VIRGO|URANUS:GEMINI,SUN-MOON:180|SUN-MERCURY:0|SUN-URANUS:90|MOON-URANUS:90|MERCURY-URANUS:90,1,4,lunation_plus_planet,SUN,3,5,anchor_house,SUN|MOON|MERCURY|URANUS,swiss_ephemeris,FULL_MOON:2026-08-28|SUN:MERCURY:0:2026-08-28,exact_day,AUG28_LUNATION,,80,100,創作と言葉の本音を表へ出す満月の節目,{event_date}の満月は、文章、会話、短い発信を通して、創作や恋愛で伝えたかった本音を明らかにします。突然のひらめきや返事に心が動きますが、その強さを作品や関係の結論と決めつけないでください。まず下書きや表現として残し、時間を置いて続けたい言葉を選びましょう。,full_moon;t_square;sun;moon;mercury;uranus,1
2026_08_FULL_MOON_URANUS_TSQUARE_S03_N06,2026_08_FULL_MOON_URANUS_TSQUARE,2026-08,lunation_cluster,2026-08-27T00:00:00+09:00,2026-08-28T13:18:00+09:00,2026-08-29T23:59:59+09:00,0,SUN|MOON|MERCURY|URANUS,SUN:VIRGO|MOON:PISCES|MERCURY:VIRGO|URANUS:GEMINI,SUN-MOON:180|SUN-MERCURY:0|SUN-URANUS:90|MOON-URANUS:90|MERCURY-URANUS:90,1,4,lunation_plus_planet,SUN,3,6,anchor_house,SUN|MOON|MERCURY|URANUS,swiss_ephemeris,FULL_MOON:2026-08-28|SUN:MERCURY:0:2026-08-28,exact_day,AUG28_LUNATION,,80,100,仕事の連絡と日課を組み直す満月の転機,{event_date}の満月は、職場の連絡、作業手順、日々の予定にあった無理を表面化させ、伝達方法を変える必要を示します。急な依頼や変更へすべて応じると、確認漏れと疲れが増えやすいでしょう。誰が、いつ、何をするかを短く共有し、休息を含む予定へ更新してください。,full_moon;t_square;sun;moon;mercury;uranus,1
2026_08_FULL_MOON_URANUS_TSQUARE_S03_N07,2026_08_FULL_MOON_URANUS_TSQUARE,2026-08,lunation_cluster,2026-08-27T00:00:00+09:00,2026-08-28T13:18:00+09:00,2026-08-29T23:59:59+09:00,0,SUN|MOON|MERCURY|URANUS,SUN:VIRGO|MOON:PISCES|MERCURY:VIRGO|URANUS:GEMINI,SUN-MOON:180|SUN-MERCURY:0|SUN-URANUS:90|MOON-URANUS:90|MERCURY-URANUS:90,1,4,lunation_plus_planet,SUN,3,7,anchor_house,SUN|MOON|MERCURY|URANUS,swiss_ephemeris,FULL_MOON:2026-08-28|SUN:MERCURY:0:2026-08-28,exact_day,AUG28_LUNATION,,80,100,対話のずれと関係の前提を見直す満月,{event_date}の満月は、パートナーや取引相手との会話にあった解釈の違いを明らかにし、関係の前提を話し直す機会を作ります。相手の突然の発言を最終的な結論と受け取ると、必要以上に反応しやすいでしょう。聞いた内容を言い換えて確認し、合意と保留を分けてください。,full_moon;t_square;sun;moon;mercury;uranus,1
2026_08_FULL_MOON_URANUS_TSQUARE_S03_N08,2026_08_FULL_MOON_URANUS_TSQUARE,2026-08,lunation_cluster,2026-08-27T00:00:00+09:00,2026-08-28T13:18:00+09:00,2026-08-29T23:59:59+09:00,0,SUN|MOON|MERCURY|URANUS,SUN:VIRGO|MOON:PISCES|MERCURY:VIRGO|URANUS:GEMINI,SUN-MOON:180|SUN-MERCURY:0|SUN-URANUS:90|MOON-URANUS:90|MERCURY-URANUS:90,1,4,lunation_plus_planet,SUN,3,8,anchor_house,SUN|MOON|MERCURY|URANUS,swiss_ephemeris,FULL_MOON:2026-08-28|SUN:MERCURY:0:2026-08-28,exact_day,AUG28_LUNATION,,80,100,秘密と共有責任を言葉で整理する満月,{event_date}の満月は、共同資金、秘密、親密さに関して避けてきた話を表面へ出し、曖昧な責任を言語化する必要を強めます。断片的な情報から相手の意図を深読みすると、不安が事実のように膨らみます。感情を認めつつ、金額や約束など確認できる内容から順に話してください。,full_moon;t_square;sun;moon;mercury;uranus,1
2026_08_FULL_MOON_URANUS_TSQUARE_S03_N09,2026_08_FULL_MOON_URANUS_TSQUARE,2026-08,lunation_cluster,2026-08-27T00:00:00+09:00,2026-08-28T13:18:00+09:00,2026-08-29T23:59:59+09:00,0,SUN|MOON|MERCURY|URANUS,SUN:VIRGO|MOON:PISCES|MERCURY:VIRGO|URANUS:GEMINI,SUN-MOON:180|SUN-MERCURY:0|SUN-URANUS:90|MOON-URANUS:90|MERCURY-URANUS:90,1,4,lunation_plus_planet,SUN,3,9,anchor_house,SUN|MOON|MERCURY|URANUS,swiss_ephemeris,FULL_MOON:2026-08-28|SUN:MERCURY:0:2026-08-28,exact_day,AUG28_LUNATION,,80,100,学びと発信の方向を切り替える満月,{event_date}の満月は、専門的な学び、出版、遠い世界へ伝えたい考えにあった迷いを明らかにします。新しい情報に衝撃を受けても、一つの説をすぐ自分の結論として広めると根拠が不足します。出典と解釈を分け、自分が本当に伝えたい問いを言葉にしてください。,full_moon;t_square;sun;moon;mercury;uranus,1
2026_08_FULL_MOON_URANUS_TSQUARE_S03_N10,2026_08_FULL_MOON_URANUS_TSQUARE,2026-08,lunation_cluster,2026-08-27T00:00:00+09:00,2026-08-28T13:18:00+09:00,2026-08-29T23:59:59+09:00,0,SUN|MOON|MERCURY|URANUS,SUN:VIRGO|MOON:PISCES|MERCURY:VIRGO|URANUS:GEMINI,SUN-MOON:180|SUN-MERCURY:0|SUN-URANUS:90|MOON-URANUS:90|MERCURY-URANUS:90,1,4,lunation_plus_planet,SUN,3,10,anchor_house,SUN|MOON|MERCURY|URANUS,swiss_ephemeris,FULL_MOON:2026-08-28|SUN:MERCURY:0:2026-08-28,exact_day,AUG28_LUNATION,,80,100,仕事で伝える言葉と評価を刷新する満月,{event_date}の満月は、会議、発表、仕事上の連絡を通して、社会での見られ方と実際の役割のずれを表面化させます。突然の評価や反応に合わせて約束を増やすと、責任の条件が曖昧になります。目的、担当、期限を整え、自分の提案がどう伝わったかまで確認してください。,full_moon;t_square;sun;moon;mercury;uranus,1
2026_08_FULL_MOON_URANUS_TSQUARE_S03_N11,2026_08_FULL_MOON_URANUS_TSQUARE,2026-08,lunation_cluster,2026-08-27T00:00:00+09:00,2026-08-28T13:18:00+09:00,2026-08-29T23:59:59+09:00,0,SUN|MOON|MERCURY|URANUS,SUN:VIRGO|MOON:PISCES|MERCURY:VIRGO|URANUS:GEMINI,SUN-MOON:180|SUN-MERCURY:0|SUN-URANUS:90|MOON-URANUS:90|MERCURY-URANUS:90,1,4,lunation_plus_planet,SUN,3,11,anchor_house,SUN|MOON|MERCURY|URANUS,swiss_ephemeris,FULL_MOON:2026-08-28|SUN:MERCURY:0:2026-08-28,exact_day,AUG28_LUNATION,,80,100,仲間との情報と未来計画を見直す満月,{event_date}の満月は、友人、チーム、オンライン上の交流から、将来計画にあったずれや新しい選択肢を明らかにします。予想外の提案や離脱を全員の意思と思い込まず、個別の意向を確かめることが大切です。情報源と役割を整理し、実行できる計画へ更新してください。,full_moon;t_square;sun;moon;mercury;uranus,1
2026_08_FULL_MOON_URANUS_TSQUARE_S03_N12,2026_08_FULL_MOON_URANUS_TSQUARE,2026-08,lunation_cluster,2026-08-27T00:00:00+09:00,2026-08-28T13:18:00+09:00,2026-08-29T23:59:59+09:00,0,SUN|MOON|MERCURY|URANUS,SUN:VIRGO|MOON:PISCES|MERCURY:VIRGO|URANUS:GEMINI,SUN-MOON:180|SUN-MERCURY:0|SUN-URANUS:90|MOON-URANUS:90|MERCURY-URANUS:90,1,4,lunation_plus_planet,SUN,3,12,anchor_house,SUN|MOON|MERCURY|URANUS,swiss_ephemeris,FULL_MOON:2026-08-28|SUN:MERCURY:0:2026-08-28,exact_day,AUG28_LUNATION,,80,100,心の奥の言葉を静かに受け止める満月,{event_date}の満月は、夢、記憶、言えなかった本音を表面へ運び、思考の奥にあった緊張を言葉にする機会を作ります。突然浮かんだ考えをすぐ事実や予感と決めると、心がさらに休まりません。通知から離れて静かに書き留め、繰り返し残る内容だけを後から検討してください。,full_moon;t_square;sun;moon;mercury;uranus,1
2026_08_FULL_MOON_URANUS_TSQUARE_S04_N01,2026_08_FULL_MOON_URANUS_TSQUARE,2026-08,lunation_cluster,2026-08-27T00:00:00+09:00,2026-08-28T13:18:00+09:00,2026-08-29T23:59:59+09:00,0,SUN|MOON|MERCURY|URANUS,SUN:VIRGO|MOON:PISCES|MERCURY:VIRGO|URANUS:GEMINI,SUN-MOON:180|SUN-MERCURY:0|SUN-URANUS:90|MOON-URANUS:90|MERCURY-URANUS:90,1,4,lunation_plus_planet,SUN,4,1,anchor_house,SUN|MOON|MERCURY|URANUS,swiss_ephemeris,FULL_MOON:2026-08-28|SUN:MERCURY:0:2026-08-28,exact_day,AUG28_LUNATION,,80,100,暮らしの土台から自分を立て直す満月,{event_date}の満月は、住まいや家族との関係が、自分の身体感覚や振る舞いへ与えてきた影響を明らかにします。急な環境変化や感情の高まりに合わせて自分を変えると、本来必要な安心を見失いやすいでしょう。まず一人で落ち着ける場所を整え、そこから選びたい行動を言葉にしてください。,full_moon;t_square;sun;moon;mercury;uranus,1
2026_08_FULL_MOON_URANUS_TSQUARE_S04_N02,2026_08_FULL_MOON_URANUS_TSQUARE,2026-08,lunation_cluster,2026-08-27T00:00:00+09:00,2026-08-28T13:18:00+09:00,2026-08-29T23:59:59+09:00,0,SUN|MOON|MERCURY|URANUS,SUN:VIRGO|MOON:PISCES|MERCURY:VIRGO|URANUS:GEMINI,SUN-MOON:180|SUN-MERCURY:0|SUN-URANUS:90|MOON-URANUS:90|MERCURY-URANUS:90,1,4,lunation_plus_planet,SUN,4,2,anchor_house,SUN|MOON|MERCURY|URANUS,swiss_ephemeris,FULL_MOON:2026-08-28|SUN:MERCURY:0:2026-08-28,exact_day,AUG28_LUNATION,,80,100,家の安心と家計の基準を組み直す満月,{event_date}の満月は、住居費、家族に関する支出、家に残す物の価値を表面化させ、暮らしの豊かさを見直す機会を作ります。突然の出費や要望に不安を感じても、安心を高額な選択で補う必要はありません。実際の予算を確認し、長く生活を支えるものから優先してください。,full_moon;t_square;sun;moon;mercury;uranus,1
2026_08_FULL_MOON_URANUS_TSQUARE_S04_N03,2026_08_FULL_MOON_URANUS_TSQUARE,2026-08,lunation_cluster,2026-08-27T00:00:00+09:00,2026-08-28T13:18:00+09:00,2026-08-29T23:59:59+09:00,0,SUN|MOON|MERCURY|URANUS,SUN:VIRGO|MOON:PISCES|MERCURY:VIRGO|URANUS:GEMINI,SUN-MOON:180|SUN-MERCURY:0|SUN-URANUS:90|MOON-URANUS:90|MERCURY-URANUS:90,1,4,lunation_plus_planet,SUN,4,3,anchor_house,SUN|MOON|MERCURY|URANUS,swiss_ephemeris,FULL_MOON:2026-08-28|SUN:MERCURY:0:2026-08-28,exact_day,AUG28_LUNATION,,80,100,家族との連絡と住まいの予定を見直す満月,{event_date}の満月は、家族との会話、住まいの手続き、近隣との連絡にあったずれを表面へ出します。予想外の知らせに反応すると、昔の記憶と現在の実務が混ざりやすいでしょう。必要事項を書き出し、感情を伝える時間と予定を決める話を分けて進めてください。,full_moon;t_square;sun;moon;mercury;uranus,1
2026_08_FULL_MOON_URANUS_TSQUARE_S04_N04,2026_08_FULL_MOON_URANUS_TSQUARE,2026-08,lunation_cluster,2026-08-27T00:00:00+09:00,2026-08-28T13:18:00+09:00,2026-08-29T23:59:59+09:00,0,SUN|MOON|MERCURY|URANUS,SUN:VIRGO|MOON:PISCES|MERCURY:VIRGO|URANUS:GEMINI,SUN-MOON:180|SUN-MERCURY:0|SUN-URANUS:90|MOON-URANUS:90|MERCURY-URANUS:90,1,4,lunation_plus_planet,SUN,4,4,anchor_house,SUN|MOON|MERCURY|URANUS,swiss_ephemeris,FULL_MOON:2026-08-28|SUN:MERCURY:0:2026-08-28,exact_day,AUG28_LUNATION,,80,100,家と心のよりどころを刷新する満月の転機,{event_date}の満月は、住まい、家族、心のよりどころに長く潜んでいた違和感を明らかにし、暮らしの土台を更新する必要を示します。すべてを急に変えたくなっても、感情と現実の条件を分けることが大切です。残したい習慣と終えたい習慣を言葉にし、小さな変更から始めてください。,full_moon;t_square;sun;moon;mercury;uranus,1
2026_08_FULL_MOON_URANUS_TSQUARE_S04_N05,2026_08_FULL_MOON_URANUS_TSQUARE,2026-08,lunation_cluster,2026-08-27T00:00:00+09:00,2026-08-28T13:18:00+09:00,2026-08-29T23:59:59+09:00,0,SUN|MOON|MERCURY|URANUS,SUN:VIRGO|MOON:PISCES|MERCURY:VIRGO|URANUS:GEMINI,SUN-MOON:180|SUN-MERCURY:0|SUN-URANUS:90|MOON-URANUS:90|MERCURY-URANUS:90,1,4,lunation_plus_planet,SUN,4,5,anchor_house,SUN|MOON|MERCURY|URANUS,swiss_ephemeris,FULL_MOON:2026-08-28|SUN:MERCURY:0:2026-08-28,exact_day,AUG28_LUNATION,,80,100,家庭の喜びと創作の本音を見直す満月,{event_date}の満月は、家での創作、子どもとの時間、恋愛や遊びに隠れていた本音を表面化させます。家族の予想外の反応や自分のひらめきに心が動いても、全員が同じ楽しみを求めているとは限りません。互いの好みを言葉にし、自分が安心して楽しめる余白を作ってください。,full_moon;t_square;sun;moon;mercury;uranus,1
2026_08_FULL_MOON_URANUS_TSQUARE_S04_N06,2026_08_FULL_MOON_URANUS_TSQUARE,2026-08,lunation_cluster,2026-08-27T00:00:00+09:00,2026-08-28T13:18:00+09:00,2026-08-29T23:59:59+09:00,0,SUN|MOON|MERCURY|URANUS,SUN:VIRGO|MOON:PISCES|MERCURY:VIRGO|URANUS:GEMINI,SUN-MOON:180|SUN-MERCURY:0|SUN-URANUS:90|MOON-URANUS:90|MERCURY-URANUS:90,1,4,lunation_plus_planet,SUN,4,6,anchor_house,SUN|MOON|MERCURY|URANUS,swiss_ephemeris,FULL_MOON:2026-08-28|SUN:MERCURY:0:2026-08-28,exact_day,AUG28_LUNATION,,80,100,家事と世話の負担を組み直す満月の節目,{event_date}の満月は、家事、在宅での仕事、家族への気遣いに積み重なった無理を表面へ出します。急な予定変更へすべて応じると、誰の負担が増えたのか分からなくなります。毎日の作業を一覧にし、生活時間と休息を守れる分担へ実務的に更新してください。,full_moon;t_square;sun;moon;mercury;uranus,1
2026_08_FULL_MOON_URANUS_TSQUARE_S04_N07,2026_08_FULL_MOON_URANUS_TSQUARE,2026-08,lunation_cluster,2026-08-27T00:00:00+09:00,2026-08-28T13:18:00+09:00,2026-08-29T23:59:59+09:00,0,SUN|MOON|MERCURY|URANUS,SUN:VIRGO|MOON:PISCES|MERCURY:VIRGO|URANUS:GEMINI,SUN-MOON:180|SUN-MERCURY:0|SUN-URANUS:90|MOON-URANUS:90|MERCURY-URANUS:90,1,4,lunation_plus_planet,SUN,4,7,anchor_house,SUN|MOON|MERCURY|URANUS,swiss_ephemeris,FULL_MOON:2026-08-28|SUN:MERCURY:0:2026-08-28,exact_day,AUG28_LUNATION,,80,100,二人の居場所と関係の前提を見直す満月,{event_date}の満月は、パートナーとの住まい、家族との距離、互いが安心できる関係にあったずれを明らかにします。相手の突然の提案や反応だけで暮らしの結論を急ぐと、必要な条件を見落とします。希望と実際の生活時間を分け、互いの居場所を具体的に話してください。,full_moon;t_square;sun;moon;mercury;uranus,1
2026_08_FULL_MOON_URANUS_TSQUARE_S04_N08,2026_08_FULL_MOON_URANUS_TSQUARE,2026-08,lunation_cluster,2026-08-27T00:00:00+09:00,2026-08-28T13:18:00+09:00,2026-08-29T23:59:59+09:00,0,SUN|MOON|MERCURY|URANUS,SUN:VIRGO|MOON:PISCES|MERCURY:VIRGO|URANUS:GEMINI,SUN-MOON:180|SUN-MERCURY:0|SUN-URANUS:90|MOON-URANUS:90|MERCURY-URANUS:90,1,4,lunation_plus_planet,SUN,4,8,anchor_house,SUN|MOON|MERCURY|URANUS,swiss_ephemeris,FULL_MOON:2026-08-28|SUN:MERCURY:0:2026-08-28,exact_day,AUG28_LUNATION,,80,100,家族の共有資産と感情的負担を整理する満月,{event_date}の満月は、家族との共有財産、住まい、受け継いだ責任にあった曖昧さを表面化させます。予想外の話が出ても、過去の感情と現在の契約条件を同じものとして判断しないでください。家族への思いを認めつつ、名義、金額、役割を資料と言葉で確認しましょう。,full_moon;t_square;sun;moon;mercury;uranus,1
2026_08_FULL_MOON_URANUS_TSQUARE_S04_N09,2026_08_FULL_MOON_URANUS_TSQUARE,2026-08,lunation_cluster,2026-08-27T00:00:00+09:00,2026-08-28T13:18:00+09:00,2026-08-29T23:59:59+09:00,0,SUN|MOON|MERCURY|URANUS,SUN:VIRGO|MOON:PISCES|MERCURY:VIRGO|URANUS:GEMINI,SUN-MOON:180|SUN-MERCURY:0|SUN-URANUS:90|MOON-URANUS:90|MERCURY-URANUS:90,1,4,lunation_plus_planet,SUN,4,9,anchor_house,SUN|MOON|MERCURY|URANUS,swiss_ephemeris,FULL_MOON:2026-08-28|SUN:MERCURY:0:2026-08-28,exact_day,AUG28_LUNATION,,80,100,故郷と遠い世界の間で居場所を選ぶ満月,{event_date}の満月は、家族から受け継いだ常識と、新しい学びや遠い土地への思いの間にある緊張を明らかにします。急な移動案や価値観の変化に惹かれても、今の基盤をすぐ手放す必要はありません。現在地で試せる変化と、長期準備が必要な移動を分けてください。,full_moon;t_square;sun;moon;mercury;uranus,1
2026_08_FULL_MOON_URANUS_TSQUARE_S04_N10,2026_08_FULL_MOON_URANUS_TSQUARE,2026-08,lunation_cluster,2026-08-27T00:00:00+09:00,2026-08-28T13:18:00+09:00,2026-08-29T23:59:59+09:00,0,SUN|MOON|MERCURY|URANUS,SUN:VIRGO|MOON:PISCES|MERCURY:VIRGO|URANUS:GEMINI,SUN-MOON:180|SUN-MERCURY:0|SUN-URANUS:90|MOON-URANUS:90|MERCURY-URANUS:90,1,4,lunation_plus_planet,SUN,4,10,anchor_house,SUN|MOON|MERCURY|URANUS,swiss_ephemeris,FULL_MOON:2026-08-28|SUN:MERCURY:0:2026-08-28,exact_day,AUG28_LUNATION,,80,100,家庭と仕事の優先順位を組み直す満月,{event_date}の満月は、家での生活と社会的な責任の間に積み重なったずれを表面へ出し、優先順位を選び直す転機になります。突然の仕事変更や家族の要望へ同時に応じると、生活の余力を失います。時間、場所、責任を具体化し、安心できる土台を守れる働き方へ整えてください。,full_moon;t_square;sun;moon;mercury;uranus,1
2026_08_FULL_MOON_URANUS_TSQUARE_S04_N11,2026_08_FULL_MOON_URANUS_TSQUARE,2026-08,lunation_cluster,2026-08-27T00:00:00+09:00,2026-08-28T13:18:00+09:00,2026-08-29T23:59:59+09:00,0,SUN|MOON|MERCURY|URANUS,SUN:VIRGO|MOON:PISCES|MERCURY:VIRGO|URANUS:GEMINI,SUN-MOON:180|SUN-MERCURY:0|SUN-URANUS:90|MOON-URANUS:90|MERCURY-URANUS:90,1,4,lunation_plus_planet,SUN,4,11,anchor_house,SUN|MOON|MERCURY|URANUS,swiss_ephemeris,FULL_MOON:2026-08-28|SUN:MERCURY:0:2026-08-28,exact_day,AUG28_LUNATION,,80,100,仲間と描く未来の居場所を見直す満月,{event_date}の満月は、友人、地域、コミュニティとの関係から、将来どこで誰と暮らしたいかという思いを表面化させます。予想外の誘いや離脱を永続的な居場所の答えと決めつけないでください。理想を語りながら、実際に共有できる時間、役割、距離を確かめましょう。,full_moon;t_square;sun;moon;mercury;uranus,1
2026_08_FULL_MOON_URANUS_TSQUARE_S04_N12,2026_08_FULL_MOON_URANUS_TSQUARE,2026-08,lunation_cluster,2026-08-27T00:00:00+09:00,2026-08-28T13:18:00+09:00,2026-08-29T23:59:59+09:00,0,SUN|MOON|MERCURY|URANUS,SUN:VIRGO|MOON:PISCES|MERCURY:VIRGO|URANUS:GEMINI,SUN-MOON:180|SUN-MERCURY:0|SUN-URANUS:90|MOON-URANUS:90|MERCURY-URANUS:90,1,4,lunation_plus_planet,SUN,4,12,anchor_house,SUN|MOON|MERCURY|URANUS,swiss_ephemeris,FULL_MOON:2026-08-28|SUN:MERCURY:0:2026-08-28,exact_day,AUG28_LUNATION,,80,100,家族の記憶と隠れた疲れを手放す満月,{event_date}の満月は、昔の住まい、家族から受けた影響、安心のために抑えてきた疲れを心の奥から表面へ運びます。突然浮かぶ感情を現在の事実と決めると、判断が極端になりやすいでしょう。一人で静かに記録し、休息を取りながら終えてよい役割を選んでください。,full_moon;t_square;sun;moon;mercury;uranus,1
2026_08_FULL_MOON_URANUS_TSQUARE_S05_N01,2026_08_FULL_MOON_URANUS_TSQUARE,2026-08,lunation_cluster,2026-08-27T00:00:00+09:00,2026-08-28T13:18:00+09:00,2026-08-29T23:59:59+09:00,0,SUN|MOON|MERCURY|URANUS,SUN:VIRGO|MOON:PISCES|MERCURY:VIRGO|URANUS:GEMINI,SUN-MOON:180|SUN-MERCURY:0|SUN-URANUS:90|MOON-URANUS:90|MERCURY-URANUS:90,1,4,lunation_plus_planet,SUN,5,1,anchor_house,SUN|MOON|MERCURY|URANUS,swiss_ephemeris,FULL_MOON:2026-08-28|SUN:MERCURY:0:2026-08-28,exact_day,AUG28_LUNATION,,80,100,好きな表現と自分の姿を一致させる満月,{event_date}の満月は、創作、恋愛、遊びで抑えてきた本音を表へ出し、自分らしい見せ方を選び直す機会を作ります。予想外の反応に合わせて個性を強めたり隠したりすると、本来の楽しさを見失います。周囲の評価より身体の自然な反応を確かめ、続けたい表現を残してください。,full_moon;t_square;sun;moon;mercury;uranus,1
2026_08_FULL_MOON_URANUS_TSQUARE_S05_N02,2026_08_FULL_MOON_URANUS_TSQUARE,2026-08,lunation_cluster,2026-08-27T00:00:00+09:00,2026-08-28T13:18:00+09:00,2026-08-29T23:59:59+09:00,0,SUN|MOON|MERCURY|URANUS,SUN:VIRGO|MOON:PISCES|MERCURY:VIRGO|URANUS:GEMINI,SUN-MOON:180|SUN-MERCURY:0|SUN-URANUS:90|MOON-URANUS:90|MERCURY-URANUS:90,1,4,lunation_plus_planet,SUN,5,2,anchor_house,SUN|MOON|MERCURY|URANUS,swiss_ephemeris,FULL_MOON:2026-08-28|SUN:MERCURY:0:2026-08-28,exact_day,AUG28_LUNATION,,80,100,才能と楽しみに注ぐ資源を見直す満月,{event_date}の満月は、創作、趣味、恋愛へ使ってきたお金と時間の意味を明らかにし、自分が価値を感じるものを選び直す転機になります。突然の出費や評価に揺れても、才能の価値を一度の結果で決めないでください。予算を定め、喜びと成長の両方が残るものへ資源を配りましょう。,full_moon;t_square;sun;moon;mercury;uranus,1
2026_08_FULL_MOON_URANUS_TSQUARE_S05_N03,2026_08_FULL_MOON_URANUS_TSQUARE,2026-08,lunation_cluster,2026-08-27T00:00:00+09:00,2026-08-28T13:18:00+09:00,2026-08-29T23:59:59+09:00,0,SUN|MOON|MERCURY|URANUS,SUN:VIRGO|MOON:PISCES|MERCURY:VIRGO|URANUS:GEMINI,SUN-MOON:180|SUN-MERCURY:0|SUN-URANUS:90|MOON-URANUS:90|MERCURY-URANUS:90,1,4,lunation_plus_planet,SUN,5,3,anchor_house,SUN|MOON|MERCURY|URANUS,swiss_ephemeris,FULL_MOON:2026-08-28|SUN:MERCURY:0:2026-08-28,exact_day,AUG28_LUNATION,,80,100,創作の言葉と恋の本音を伝え直す満月,{event_date}の満月は、文章、会話、短い発信を通して、創作や恋愛で伝えたかった本音を明らかにします。突然のひらめきや返事に反射的に応えると、表現の意図を見失いやすいでしょう。まず下書きや作品として残し、時間を置いて相手へ伝える言葉を選んでください。,full_moon;t_square;sun;moon;mercury;uranus,1
2026_08_FULL_MOON_URANUS_TSQUARE_S05_N04,2026_08_FULL_MOON_URANUS_TSQUARE,2026-08,lunation_cluster,2026-08-27T00:00:00+09:00,2026-08-28T13:18:00+09:00,2026-08-29T23:59:59+09:00,0,SUN|MOON|MERCURY|URANUS,SUN:VIRGO|MOON:PISCES|MERCURY:VIRGO|URANUS:GEMINI,SUN-MOON:180|SUN-MERCURY:0|SUN-URANUS:90|MOON-URANUS:90|MERCURY-URANUS:90,1,4,lunation_plus_planet,SUN,5,4,anchor_house,SUN|MOON|MERCURY|URANUS,swiss_ephemeris,FULL_MOON:2026-08-28|SUN:MERCURY:0:2026-08-28,exact_day,AUG28_LUNATION,,80,100,家庭の中で喜びと本音を取り戻す満月,{event_date}の満月は、家での創作、子どもとの時間、家族の前で抑えてきた楽しみを表面化させます。予想外の家族の反応に合わせて喜びを諦めたり押し通したりすると、居場所の安心が揺れます。互いの好みを言葉にし、自分がくつろいで楽しめる余白を作ってください。,full_moon;t_square;sun;moon;mercury;uranus,1
2026_08_FULL_MOON_URANUS_TSQUARE_S05_N05,2026_08_FULL_MOON_URANUS_TSQUARE,2026-08,lunation_cluster,2026-08-27T00:00:00+09:00,2026-08-28T13:18:00+09:00,2026-08-29T23:59:59+09:00,0,SUN|MOON|MERCURY|URANUS,SUN:VIRGO|MOON:PISCES|MERCURY:VIRGO|URANUS:GEMINI,SUN-MOON:180|SUN-MERCURY:0|SUN-URANUS:90|MOON-URANUS:90|MERCURY-URANUS:90,1,4,lunation_plus_planet,SUN,5,5,anchor_house,SUN|MOON|MERCURY|URANUS,swiss_ephemeris,FULL_MOON:2026-08-28|SUN:MERCURY:0:2026-08-28,exact_day,AUG28_LUNATION,,80,100,創作と恋の本音が満ちて表へ出る満月,{event_date}の満月は、創作、恋愛、遊び、自己表現への思いを強く照らし、続けたいものと終えたいものを明らかにします。太陽・水星が本音を言葉にし、天王星が予想外の展開を運びますが、その勢いを最終的な結論としないでください。今しか出ない感情と着想を残し、後から選び直しましょう。,full_moon;t_square;sun;moon;mercury;uranus,1
2026_08_FULL_MOON_URANUS_TSQUARE_S05_N06,2026_08_FULL_MOON_URANUS_TSQUARE,2026-08,lunation_cluster,2026-08-27T00:00:00+09:00,2026-08-28T13:18:00+09:00,2026-08-29T23:59:59+09:00,0,SUN|MOON|MERCURY|URANUS,SUN:VIRGO|MOON:PISCES|MERCURY:VIRGO|URANUS:GEMINI,SUN-MOON:180|SUN-MERCURY:0|SUN-URANUS:90|MOON-URANUS:90|MERCURY-URANUS:90,1,4,lunation_plus_planet,SUN,5,6,anchor_house,SUN|MOON|MERCURY|URANUS,swiss_ephemeris,FULL_MOON:2026-08-28|SUN:MERCURY:0:2026-08-28,exact_day,AUG28_LUNATION,,80,100,楽しみを日々の仕事へ組み込む満月の節目,{event_date}の満月は、好きなことと仕事や生活習慣の間にあったずれを表面化させ、日々の時間配分を見直す必要を示します。急なひらめきで手順を全部変えると、必要な作業や休息が抜けやすいでしょう。毎日続けられる楽しみを一つ選び、予定へ具体的に組み込んでください。,full_moon;t_square;sun;moon;mercury;uranus,1
2026_08_FULL_MOON_URANUS_TSQUARE_S05_N07,2026_08_FULL_MOON_URANUS_TSQUARE,2026-08,lunation_cluster,2026-08-27T00:00:00+09:00,2026-08-28T13:18:00+09:00,2026-08-29T23:59:59+09:00,0,SUN|MOON|MERCURY|URANUS,SUN:VIRGO|MOON:PISCES|MERCURY:VIRGO|URANUS:GEMINI,SUN-MOON:180|SUN-MERCURY:0|SUN-URANUS:90|MOON-URANUS:90|MERCURY-URANUS:90,1,4,lunation_plus_planet,SUN,5,7,anchor_house,SUN|MOON|MERCURY|URANUS,swiss_ephemeris,FULL_MOON:2026-08-28|SUN:MERCURY:0:2026-08-28,exact_day,AUG28_LUNATION,,80,100,恋と共同創作の関係を見直す満月の転機,{event_date}の満月は、恋愛相手や創作の協力者との間で、好み、楽しみ方、表現したいものの違いを明らかにします。相手の突然の反応や提案を関係の結論と受け取ると、必要以上に揺れやすいでしょう。互いの本音を言葉にし、一緒に試せる範囲と個別に続ける範囲を分けてください。,full_moon;t_square;sun;moon;mercury;uranus,1
2026_08_FULL_MOON_URANUS_TSQUARE_S05_N08,2026_08_FULL_MOON_URANUS_TSQUARE,2026-08,lunation_cluster,2026-08-27T00:00:00+09:00,2026-08-28T13:18:00+09:00,2026-08-29T23:59:59+09:00,0,SUN|MOON|MERCURY|URANUS,SUN:VIRGO|MOON:PISCES|MERCURY:VIRGO|URANUS:GEMINI,SUN-MOON:180|SUN-MERCURY:0|SUN-URANUS:90|MOON-URANUS:90|MERCURY-URANUS:90,1,4,lunation_plus_planet,SUN,5,8,anchor_house,SUN|MOON|MERCURY|URANUS,swiss_ephemeris,FULL_MOON:2026-08-28|SUN:MERCURY:0:2026-08-28,exact_day,AUG28_LUNATION,,80,100,情熱と共有する負担を見極める満月,{event_date}の満月は、恋や創作への情熱と、それに伴う共同資金、秘密、強い感情の負担を表面へ出します。予想外の展開に心が高ぶっても、親密さを金銭や責任の合意と混同しないでください。感情を作品や言葉に残し、負担額と役割は別に具体化しましょう。,full_moon;t_square;sun;moon;mercury;uranus,1
2026_08_FULL_MOON_URANUS_TSQUARE_S05_N09,2026_08_FULL_MOON_URANUS_TSQUARE,2026-08,lunation_cluster,2026-08-27T00:00:00+09:00,2026-08-28T13:18:00+09:00,2026-08-29T23:59:59+09:00,0,SUN|MOON|MERCURY|URANUS,SUN:VIRGO|MOON:PISCES|MERCURY:VIRGO|URANUS:GEMINI,SUN-MOON:180|SUN-MERCURY:0|SUN-URANUS:90|MOON-URANUS:90|MERCURY-URANUS:90,1,4,lunation_plus_planet,SUN,5,9,anchor_house,SUN|MOON|MERCURY|URANUS,swiss_ephemeris,FULL_MOON:2026-08-28|SUN:MERCURY:0:2026-08-28,exact_day,AUG28_LUNATION,,80,100,冒険的な表現と学びを選び直す満月,{event_date}の満月は、旅、専門的な学び、異文化から得た刺激が、創作や恋愛観へどう影響したかを明らかにします。新しい思想や相手に衝撃を受けても、一度の体験を人生全体の答えと決めないでください。心が動いた理由を自分の言葉で掘り下げ、作品や学びへ残しましょう。,full_moon;t_square;sun;moon;mercury;uranus,1
2026_08_FULL_MOON_URANUS_TSQUARE_S05_N10,2026_08_FULL_MOON_URANUS_TSQUARE,2026-08,lunation_cluster,2026-08-27T00:00:00+09:00,2026-08-28T13:18:00+09:00,2026-08-29T23:59:59+09:00,0,SUN|MOON|MERCURY|URANUS,SUN:VIRGO|MOON:PISCES|MERCURY:VIRGO|URANUS:GEMINI,SUN-MOON:180|SUN-MERCURY:0|SUN-URANUS:90|MOON-URANUS:90|MERCURY-URANUS:90,1,4,lunation_plus_planet,SUN,5,10,anchor_house,SUN|MOON|MERCURY|URANUS,swiss_ephemeris,FULL_MOON:2026-08-28|SUN:MERCURY:0:2026-08-28,exact_day,AUG28_LUNATION,,80,100,創造性を社会で見せる形へ変える満月,{event_date}の満月は、作品、企画、得意な表現への反応を表面化させ、仕事や社会的な役割へつなげる可能性を示します。突然の注目や評価を継続的な成果の保証と思うと、準備が不足します。伝えたい価値と実行条件を言葉にし、小さな発表から形を整えてください。,full_moon;t_square;sun;moon;mercury;uranus,1
2026_08_FULL_MOON_URANUS_TSQUARE_S05_N11,2026_08_FULL_MOON_URANUS_TSQUARE,2026-08,lunation_cluster,2026-08-27T00:00:00+09:00,2026-08-28T13:18:00+09:00,2026-08-29T23:59:59+09:00,0,SUN|MOON|MERCURY|URANUS,SUN:VIRGO|MOON:PISCES|MERCURY:VIRGO|URANUS:GEMINI,SUN-MOON:180|SUN-MERCURY:0|SUN-URANUS:90|MOON-URANUS:90|MERCURY-URANUS:90,1,4,lunation_plus_planet,SUN,5,11,anchor_house,SUN|MOON|MERCURY|URANUS,swiss_ephemeris,FULL_MOON:2026-08-28|SUN:MERCURY:0:2026-08-28,exact_day,AUG28_LUNATION,,80,100,仲間と楽しむ企画を見直す満月の節目,{event_date}の満月は、友人やコミュニティと進めてきた創作、遊び、イベントの成果と負担を明らかにします。予想外の提案や離脱があっても、場の盛り上がりだけで企画全体を変えないでください。参加できる人、役割、期限を確認し、楽しさが続く規模へ整えましょう。,full_moon;t_square;sun;moon;mercury;uranus,1
2026_08_FULL_MOON_URANUS_TSQUARE_S05_N12,2026_08_FULL_MOON_URANUS_TSQUARE,2026-08,lunation_cluster,2026-08-27T00:00:00+09:00,2026-08-28T13:18:00+09:00,2026-08-29T23:59:59+09:00,0,SUN|MOON|MERCURY|URANUS,SUN:VIRGO|MOON:PISCES|MERCURY:VIRGO|URANUS:GEMINI,SUN-MOON:180|SUN-MERCURY:0|SUN-URANUS:90|MOON-URANUS:90|MERCURY-URANUS:90,1,4,lunation_plus_planet,SUN,5,12,anchor_house,SUN|MOON|MERCURY|URANUS,swiss_ephemeris,FULL_MOON:2026-08-28|SUN:MERCURY:0:2026-08-28,exact_day,AUG28_LUNATION,,80,100,内側に育った創作と感情を受け止める満月,{event_date}の満月は、誰にも見せていない創作、夢、言葉にしていない恋の感情を心の奥から表面へ運びます。突然あふれた思いを現実の関係や作品の評価と同じものとして扱うと、心が揺れすぎます。まず記録や表現として残し、休息を取りながら公開するかを後で選んでください。,full_moon;t_square;sun;moon;mercury;uranus,1
2026_08_FULL_MOON_URANUS_TSQUARE_S06_N01,2026_08_FULL_MOON_URANUS_TSQUARE,2026-08,lunation_cluster,2026-08-27T00:00:00+09:00,2026-08-28T13:18:00+09:00,2026-08-29T23:59:59+09:00,0,SUN|MOON|MERCURY|URANUS,SUN:VIRGO|MOON:PISCES|MERCURY:VIRGO|URANUS:GEMINI,SUN-MOON:180|SUN-MERCURY:0|SUN-URANUS:90|MOON-URANUS:90|MERCURY-URANUS:90,1,4,lunation_plus_planet,SUN,6,1,anchor_house,SUN|MOON|MERCURY|URANUS,swiss_ephemeris,FULL_MOON:2026-08-28|SUN:MERCURY:0:2026-08-28,exact_day,AUG28_LUNATION,,80,100,働き方と身体の感覚を結び直す満月,{event_date}の満月は、仕事の進め方や生活習慣に積み重なった無理を表面へ出し、自分の動き方を見直す必要を示します。急な依頼や予定変更へ反射的に応じると、身体が求める速度と周囲の期待がずれやすいでしょう。疲れ方や集中しやすい時間を言葉にし、自分に合う手順へ一つずつ更新してください。,full_moon;t_square;sun;moon;mercury;uranus,1
2026_08_FULL_MOON_URANUS_TSQUARE_S06_N02,2026_08_FULL_MOON_URANUS_TSQUARE,2026-08,lunation_cluster,2026-08-27T00:00:00+09:00,2026-08-28T13:18:00+09:00,2026-08-29T23:59:59+09:00,0,SUN|MOON|MERCURY|URANUS,SUN:VIRGO|MOON:PISCES|MERCURY:VIRGO|URANUS:GEMINI,SUN-MOON:180|SUN-MERCURY:0|SUN-URANUS:90|MOON-URANUS:90|MERCURY-URANUS:90,1,4,lunation_plus_planet,SUN,6,2,anchor_house,SUN|MOON|MERCURY|URANUS,swiss_ephemeris,FULL_MOON:2026-08-28|SUN:MERCURY:0:2026-08-28,exact_day,AUG28_LUNATION,,80,100,仕事の対価と日々の支出を整える満月,{event_date}の満月は、日々の仕事に使う時間と得られる対価、生活を維持する支出の釣り合いを明らかにします。予想外の出費や勤務条件の変化に焦って判断を急ぐと、自分が本当に守りたい資源を見失います。金額だけでなく気力と時間も数え、続けられる働き方と予算へ整えてください。,full_moon;t_square;sun;moon;mercury;uranus,1
2026_08_FULL_MOON_URANUS_TSQUARE_S06_N03,2026_08_FULL_MOON_URANUS_TSQUARE,2026-08,lunation_cluster,2026-08-27T00:00:00+09:00,2026-08-28T13:18:00+09:00,2026-08-29T23:59:59+09:00,0,SUN|MOON|MERCURY|URANUS,SUN:VIRGO|MOON:PISCES|MERCURY:VIRGO|URANUS:GEMINI,SUN-MOON:180|SUN-MERCURY:0|SUN-URANUS:90|MOON-URANUS:90|MERCURY-URANUS:90,1,4,lunation_plus_planet,SUN,6,3,anchor_house,SUN|MOON|MERCURY|URANUS,swiss_ephemeris,FULL_MOON:2026-08-28|SUN:MERCURY:0:2026-08-28,exact_day,AUG28_LUNATION,,80,100,連絡と移動の手順を更新していく満月,{event_date}の満月は、職場の連絡、通勤や移動、細かな作業手順にあった行き違いを表面化させます。突然の変更を口頭だけで追うと、必要な情報や自分の休む時間が抜けやすいでしょう。優先順位と担当を短く書き残し、連絡手段や一日の動線を分かりやすく組み直してください。,full_moon;t_square;sun;moon;mercury;uranus,1
2026_08_FULL_MOON_URANUS_TSQUARE_S06_N04,2026_08_FULL_MOON_URANUS_TSQUARE,2026-08,lunation_cluster,2026-08-27T00:00:00+09:00,2026-08-28T13:18:00+09:00,2026-08-29T23:59:59+09:00,0,SUN|MOON|MERCURY|URANUS,SUN:VIRGO|MOON:PISCES|MERCURY:VIRGO|URANUS:GEMINI,SUN-MOON:180|SUN-MERCURY:0|SUN-URANUS:90|MOON-URANUS:90|MERCURY-URANUS:90,1,4,lunation_plus_planet,SUN,6,4,anchor_house,SUN|MOON|MERCURY|URANUS,swiss_ephemeris,FULL_MOON:2026-08-28|SUN:MERCURY:0:2026-08-28,exact_day,AUG28_LUNATION,,80,100,家事と仕事を支える暮らしを直す満月,{event_date}の満月は、家事、在宅での仕事、家族への世話に埋もれていた負担を明らかにし、暮らしの土台を整え直す機会を作ります。家庭と仕事の急な用事をすべて引き受けると、どちらにも落ち着ける時間が残りません。家の中の役割と作業場所を見直し、休める時間を先に確保してください。,full_moon;t_square;sun;moon;mercury;uranus,1
2026_08_FULL_MOON_URANUS_TSQUARE_S06_N05,2026_08_FULL_MOON_URANUS_TSQUARE,2026-08,lunation_cluster,2026-08-27T00:00:00+09:00,2026-08-28T13:18:00+09:00,2026-08-29T23:59:59+09:00,0,SUN|MOON|MERCURY|URANUS,SUN:VIRGO|MOON:PISCES|MERCURY:VIRGO|URANUS:GEMINI,SUN-MOON:180|SUN-MERCURY:0|SUN-URANUS:90|MOON-URANUS:90|MERCURY-URANUS:90,1,4,lunation_plus_planet,SUN,6,5,anchor_house,SUN|MOON|MERCURY|URANUS,swiss_ephemeris,FULL_MOON:2026-08-28|SUN:MERCURY:0:2026-08-28,exact_day,AUG28_LUNATION,,80,100,楽しみを続けられる日課へ変える満月,{event_date}の満月は、仕事や生活管理に追われて後回しにした創作、恋愛、遊びへの本音を表面へ運びます。突然できた空き時間へ予定を詰めたり、勢いで習慣を全部変えたりすると、楽しみまで義務になりやすいでしょう。毎日無理なく続く小さな喜びを選び、生活の中へ具体的に置いてください。,full_moon;t_square;sun;moon;mercury;uranus,1
2026_08_FULL_MOON_URANUS_TSQUARE_S06_N06,2026_08_FULL_MOON_URANUS_TSQUARE,2026-08,lunation_cluster,2026-08-27T00:00:00+09:00,2026-08-28T13:18:00+09:00,2026-08-29T23:59:59+09:00,0,SUN|MOON|MERCURY|URANUS,SUN:VIRGO|MOON:PISCES|MERCURY:VIRGO|URANUS:GEMINI,SUN-MOON:180|SUN-MERCURY:0|SUN-URANUS:90|MOON-URANUS:90|MERCURY-URANUS:90,1,4,lunation_plus_planet,SUN,6,6,anchor_house,SUN|MOON|MERCURY|URANUS,swiss_ephemeris,FULL_MOON:2026-08-28|SUN:MERCURY:0:2026-08-28,exact_day,AUG28_LUNATION,,80,100,仕事と生活習慣を根本から整える満月,{event_date}の満月は、日々の仕事、役割分担、生活リズムに蓄積したずれを強く照らし、続け方を選び直す節目になります。急な問題へ対処するために手順を一気に変えると、必要な作業や休息まで抜けやすいでしょう。やめること、任せること、毎日守ることを分け、実行できる順番へ組み直してください。,full_moon;t_square;sun;moon;mercury;uranus,1
2026_08_FULL_MOON_URANUS_TSQUARE_S06_N07,2026_08_FULL_MOON_URANUS_TSQUARE,2026-08,lunation_cluster,2026-08-27T00:00:00+09:00,2026-08-28T13:18:00+09:00,2026-08-29T23:59:59+09:00,0,SUN|MOON|MERCURY|URANUS,SUN:VIRGO|MOON:PISCES|MERCURY:VIRGO|URANUS:GEMINI,SUN-MOON:180|SUN-MERCURY:0|SUN-URANUS:90|MOON-URANUS:90|MERCURY-URANUS:90,1,4,lunation_plus_planet,SUN,6,7,anchor_house,SUN|MOON|MERCURY|URANUS,swiss_ephemeris,FULL_MOON:2026-08-28|SUN:MERCURY:0:2026-08-28,exact_day,AUG28_LUNATION,,80,100,相手との実務と役割分担を見直す満月,{event_date}の満月は、同僚、顧客、パートナーとの間で曖昧だった作業範囲や日常的な気遣いを明らかにします。相手の急な要望や反応を関係全体の結論と受け取ると、必要以上に負担を抱えやすいでしょう。互いにできることと期限を言葉にし、無理なく続く分担へ調整してください。,full_moon;t_square;sun;moon;mercury;uranus,1
2026_08_FULL_MOON_URANUS_TSQUARE_S06_N08,2026_08_FULL_MOON_URANUS_TSQUARE,2026-08,lunation_cluster,2026-08-27T00:00:00+09:00,2026-08-28T13:18:00+09:00,2026-08-29T23:59:59+09:00,0,SUN|MOON|MERCURY|URANUS,SUN:VIRGO|MOON:PISCES|MERCURY:VIRGO|URANUS:GEMINI,SUN-MOON:180|SUN-MERCURY:0|SUN-URANUS:90|MOON-URANUS:90|MERCURY-URANUS:90,1,4,lunation_plus_planet,SUN,6,8,anchor_house,SUN|MOON|MERCURY|URANUS,swiss_ephemeris,FULL_MOON:2026-08-28|SUN:MERCURY:0:2026-08-28,exact_day,AUG28_LUNATION,,80,100,見えない負担と共有責任を整理する満月,{event_date}の満月は、誰かのために引き受けてきた作業、共有する費用、言いにくかった疲れを表面化させます。予想外の請求や役割変更があっても、感情的な責任まで一人で背負う必要はありません。金額、期限、担当を資料と言葉で確認し、自分の休息と両立できる範囲へ戻してください。,full_moon;t_square;sun;moon;mercury;uranus,1
2026_08_FULL_MOON_URANUS_TSQUARE_S06_N09,2026_08_FULL_MOON_URANUS_TSQUARE,2026-08,lunation_cluster,2026-08-27T00:00:00+09:00,2026-08-28T13:18:00+09:00,2026-08-29T23:59:59+09:00,0,SUN|MOON|MERCURY|URANUS,SUN:VIRGO|MOON:PISCES|MERCURY:VIRGO|URANUS:GEMINI,SUN-MOON:180|SUN-MERCURY:0|SUN-URANUS:90|MOON-URANUS:90|MERCURY-URANUS:90,1,4,lunation_plus_planet,SUN,6,9,anchor_house,SUN|MOON|MERCURY|URANUS,swiss_ephemeris,FULL_MOON:2026-08-28|SUN:MERCURY:0:2026-08-28,exact_day,AUG28_LUNATION,,80,100,学びを現場で使える方法へ変える満月,{event_date}の満月は、専門知識、研修、これまで信じてきた仕事の方法が、実際の日課に合っているかを明らかにします。新しい理論や道具に刺激を受けても、現場の条件を確かめず全面導入すると混乱が増えます。小さな作業で試し、結果を記録して、自分の暮らしに使える形へ整えてください。,full_moon;t_square;sun;moon;mercury;uranus,1
2026_08_FULL_MOON_URANUS_TSQUARE_S06_N10,2026_08_FULL_MOON_URANUS_TSQUARE,2026-08,lunation_cluster,2026-08-27T00:00:00+09:00,2026-08-28T13:18:00+09:00,2026-08-29T23:59:59+09:00,0,SUN|MOON|MERCURY|URANUS,SUN:VIRGO|MOON:PISCES|MERCURY:VIRGO|URANUS:GEMINI,SUN-MOON:180|SUN-MERCURY:0|SUN-URANUS:90|MOON-URANUS:90|MERCURY-URANUS:90,1,4,lunation_plus_planet,SUN,6,10,anchor_house,SUN|MOON|MERCURY|URANUS,swiss_ephemeris,FULL_MOON:2026-08-28|SUN:MERCURY:0:2026-08-28,exact_day,AUG28_LUNATION,,80,100,日々の仕事を公的な役割へ整える満月,{event_date}の満月は、毎日の実務や裏方の努力が社会的な評価や責任とどう結びついているかを表面化させます。突然の役割変更や注目に合わせて仕事を増やすと、継続に必要な条件が曖昧になります。成果だけでなく手順、時間、支援の必要性も伝え、担える役割を具体化してください。,full_moon;t_square;sun;moon;mercury;uranus,1
2026_08_FULL_MOON_URANUS_TSQUARE_S06_N11,2026_08_FULL_MOON_URANUS_TSQUARE,2026-08,lunation_cluster,2026-08-27T00:00:00+09:00,2026-08-28T13:18:00+09:00,2026-08-29T23:59:59+09:00,0,SUN|MOON|MERCURY|URANUS,SUN:VIRGO|MOON:PISCES|MERCURY:VIRGO|URANUS:GEMINI,SUN-MOON:180|SUN-MERCURY:0|SUN-URANUS:90|MOON-URANUS:90|MERCURY-URANUS:90,1,4,lunation_plus_planet,SUN,6,11,anchor_house,SUN|MOON|MERCURY|URANUS,swiss_ephemeris,FULL_MOON:2026-08-28|SUN:MERCURY:0:2026-08-28,exact_day,AUG28_LUNATION,,80,100,チームの日課と未来計画を更新する満月,{event_date}の満月は、チームやコミュニティで続けてきた作業の偏りを明らかにし、将来計画を支える日々の仕組みを見直します。予想外の提案や離脱に合わせて全体を変える前に、参加者ごとの負担を確かめることが大切です。担当、頻度、連絡方法を整理し、無理なく続く運営へ更新してください。,full_moon;t_square;sun;moon;mercury;uranus,1
2026_08_FULL_MOON_URANUS_TSQUARE_S06_N12,2026_08_FULL_MOON_URANUS_TSQUARE,2026-08,lunation_cluster,2026-08-27T00:00:00+09:00,2026-08-28T13:18:00+09:00,2026-08-29T23:59:59+09:00,0,SUN|MOON|MERCURY|URANUS,SUN:VIRGO|MOON:PISCES|MERCURY:VIRGO|URANUS:GEMINI,SUN-MOON:180|SUN-MERCURY:0|SUN-URANUS:90|MOON-URANUS:90|MERCURY-URANUS:90,1,4,lunation_plus_planet,SUN,6,12,anchor_house,SUN|MOON|MERCURY|URANUS,swiss_ephemeris,FULL_MOON:2026-08-28|SUN:MERCURY:0:2026-08-28,exact_day,AUG28_LUNATION,,80,100,隠れた疲れと見えない仕事を終える満月,{event_date}の満月は、誰にも見えない作業、無意識の気遣い、休めないまま続けてきた生活習慣を心身の感覚として表面へ運びます。突然すべてを投げ出したくなっても、疲れの中で大きな結論を急ぐ必要はありません。静かな時間を確保し、終えてよい役割と助けを求める作業を分けてください。,full_moon;t_square;sun;moon;mercury;uranus,1
2026_08_FULL_MOON_URANUS_TSQUARE_S07_N01,2026_08_FULL_MOON_URANUS_TSQUARE,2026-08,lunation_cluster,2026-08-27T00:00:00+09:00,2026-08-28T13:18:00+09:00,2026-08-29T23:59:59+09:00,0,SUN|MOON|MERCURY|URANUS,SUN:VIRGO|MOON:PISCES|MERCURY:VIRGO|URANUS:GEMINI,SUN-MOON:180|SUN-MERCURY:0|SUN-URANUS:90|MOON-URANUS:90|MERCURY-URANUS:90,1,4,lunation_plus_planet,SUN,7,1,anchor_house,SUN|MOON|MERCURY|URANUS,swiss_ephemeris,FULL_MOON:2026-08-28|SUN:MERCURY:0:2026-08-28,exact_day,AUG28_LUNATION,,80,100,関係の中で自分らしい立場を選ぶ満月,{event_date}の満月は、重要な相手とのやり取りを通して、合わせすぎていた振る舞いや言えなかった希望を表面へ出します。相手の予想外の反応に合わせて自分の立場を急に変えると、本来守りたい感覚を見失いやすいでしょう。身体の反応と自分の言葉を確かめ、対等に関われる距離を選んでください。,full_moon;t_square;sun;moon;mercury;uranus,1
2026_08_FULL_MOON_URANUS_TSQUARE_S07_N02,2026_08_FULL_MOON_URANUS_TSQUARE,2026-08,lunation_cluster,2026-08-27T00:00:00+09:00,2026-08-28T13:18:00+09:00,2026-08-29T23:59:59+09:00,0,SUN|MOON|MERCURY|URANUS,SUN:VIRGO|MOON:PISCES|MERCURY:VIRGO|URANUS:GEMINI,SUN-MOON:180|SUN-MERCURY:0|SUN-URANUS:90|MOON-URANUS:90|MERCURY-URANUS:90,1,4,lunation_plus_planet,SUN,7,2,anchor_house,SUN|MOON|MERCURY|URANUS,swiss_ephemeris,FULL_MOON:2026-08-28|SUN:MERCURY:0:2026-08-28,exact_day,AUG28_LUNATION,,80,100,対等な関係とお金の基準を見直す満月,{event_date}の満月は、パートナーや取引相手との間で、お金、所有物、時間をどう分けるかという価値観の違いを明らかにします。突然の要求や条件変更に不安を感じても、自分の価値を金額や相手の評価だけで決めないでください。支払う範囲と受け取る対価を言葉にし、対等な基準へ整えましょう。,full_moon;t_square;sun;moon;mercury;uranus,1
2026_08_FULL_MOON_URANUS_TSQUARE_S07_N03,2026_08_FULL_MOON_URANUS_TSQUARE,2026-08,lunation_cluster,2026-08-27T00:00:00+09:00,2026-08-28T13:18:00+09:00,2026-08-29T23:59:59+09:00,0,SUN|MOON|MERCURY|URANUS,SUN:VIRGO|MOON:PISCES|MERCURY:VIRGO|URANUS:GEMINI,SUN-MOON:180|SUN-MERCURY:0|SUN-URANUS:90|MOON-URANUS:90|MERCURY-URANUS:90,1,4,lunation_plus_planet,SUN,7,3,anchor_house,SUN|MOON|MERCURY|URANUS,swiss_ephemeris,FULL_MOON:2026-08-28|SUN:MERCURY:0:2026-08-28,exact_day,AUG28_LUNATION,,80,100,言葉と約束の食い違いを整え直す満月,{event_date}の満月は、身近な相手との会話、連絡、約束にあった認識のずれを表面化させます。予想外の返事へすぐ反論したり、言わなくても分かると思ったりすると、関係の意図がさらに見えにくくなります。相手の言葉を一度言い換えて確認し、決まったことと希望を分けて残してください。,full_moon;t_square;sun;moon;mercury;uranus,1
2026_08_FULL_MOON_URANUS_TSQUARE_S07_N04,2026_08_FULL_MOON_URANUS_TSQUARE,2026-08,lunation_cluster,2026-08-27T00:00:00+09:00,2026-08-28T13:18:00+09:00,2026-08-29T23:59:59+09:00,0,SUN|MOON|MERCURY|URANUS,SUN:VIRGO|MOON:PISCES|MERCURY:VIRGO|URANUS:GEMINI,SUN-MOON:180|SUN-MERCURY:0|SUN-URANUS:90|MOON-URANUS:90|MERCURY-URANUS:90,1,4,lunation_plus_planet,SUN,7,4,anchor_house,SUN|MOON|MERCURY|URANUS,swiss_ephemeris,FULL_MOON:2026-08-28|SUN:MERCURY:0:2026-08-28,exact_day,AUG28_LUNATION,,80,100,家族とパートナーの距離を選び直す満月,{event_date}の満月は、家族とパートナー、または自分の居場所と相手の都合の間にあった緊張を明らかにします。急な同居案や家族からの要望を関係の結論にすると、安心して戻れる場所を失いやすいでしょう。互いに必要な時間と空間を具体化し、暮らしを守れる距離へ調整してください。,full_moon;t_square;sun;moon;mercury;uranus,1
2026_08_FULL_MOON_URANUS_TSQUARE_S07_N05,2026_08_FULL_MOON_URANUS_TSQUARE,2026-08,lunation_cluster,2026-08-27T00:00:00+09:00,2026-08-28T13:18:00+09:00,2026-08-29T23:59:59+09:00,0,SUN|MOON|MERCURY|URANUS,SUN:VIRGO|MOON:PISCES|MERCURY:VIRGO|URANUS:GEMINI,SUN-MOON:180|SUN-MERCURY:0|SUN-URANUS:90|MOON-URANUS:90|MERCURY-URANUS:90,1,4,lunation_plus_planet,SUN,7,5,anchor_house,SUN|MOON|MERCURY|URANUS,swiss_ephemeris,FULL_MOON:2026-08-28|SUN:MERCURY:0:2026-08-28,exact_day,AUG28_LUNATION,,80,100,恋と創作を二人の喜びへ更新する満月,{event_date}の満月は、恋愛、遊び、共同創作の中で、二人が本当に楽しめることと無理に合わせていたことを表面へ出します。突然のときめきや相手の反応だけで今後を決めると、一時の高揚と続く喜びを混同しやすいでしょう。それぞれの好みを言葉にし、一緒に試すことと個別に楽しむことを分けてください。,full_moon;t_square;sun;moon;mercury;uranus,1
2026_08_FULL_MOON_URANUS_TSQUARE_S07_N06,2026_08_FULL_MOON_URANUS_TSQUARE,2026-08,lunation_cluster,2026-08-27T00:00:00+09:00,2026-08-28T13:18:00+09:00,2026-08-29T23:59:59+09:00,0,SUN|MOON|MERCURY|URANUS,SUN:VIRGO|MOON:PISCES|MERCURY:VIRGO|URANUS:GEMINI,SUN-MOON:180|SUN-MERCURY:0|SUN-URANUS:90|MOON-URANUS:90|MERCURY-URANUS:90,1,4,lunation_plus_planet,SUN,7,6,anchor_house,SUN|MOON|MERCURY|URANUS,swiss_ephemeris,FULL_MOON:2026-08-28|SUN:MERCURY:0:2026-08-28,exact_day,AUG28_LUNATION,,80,100,日々の分担と協力の仕方を整える満月,{event_date}の満月は、同僚、顧客、パートナーとの日常的な分担や世話に潜んでいた偏りを明らかにします。相手の急な依頼へすべて応じると、協力と一方的な負担の境界が曖昧になります。担当、期限、休む時間を具体的に伝え、互いが無理なく続けられる実務へ組み直してください。,full_moon;t_square;sun;moon;mercury;uranus,1
2026_08_FULL_MOON_URANUS_TSQUARE_S07_N07,2026_08_FULL_MOON_URANUS_TSQUARE,2026-08,lunation_cluster,2026-08-27T00:00:00+09:00,2026-08-28T13:18:00+09:00,2026-08-29T23:59:59+09:00,0,SUN|MOON|MERCURY|URANUS,SUN:VIRGO|MOON:PISCES|MERCURY:VIRGO|URANUS:GEMINI,SUN-MOON:180|SUN-MERCURY:0|SUN-URANUS:90|MOON-URANUS:90|MERCURY-URANUS:90,1,4,lunation_plus_planet,SUN,7,7,anchor_house,SUN|MOON|MERCURY|URANUS,swiss_ephemeris,FULL_MOON:2026-08-28|SUN:MERCURY:0:2026-08-28,exact_day,AUG28_LUNATION,,80,100,関係の前提と約束を正直に結び直す満月,{event_date}の満月は、恋愛、結婚、契約、協力関係において、互いが当然だと思っていた前提の違いを強く照らします。予想外の告白や提案に心が揺れても、一度の言葉を関係全体の結論としないでください。続けたい約束、変えたい条件、保留することを分け、対話できる関係へ結び直しましょう。,full_moon;t_square;sun;moon;mercury;uranus,1
2026_08_FULL_MOON_URANUS_TSQUARE_S07_N08,2026_08_FULL_MOON_URANUS_TSQUARE,2026-08,lunation_cluster,2026-08-27T00:00:00+09:00,2026-08-28T13:18:00+09:00,2026-08-29T23:59:59+09:00,0,SUN|MOON|MERCURY|URANUS,SUN:VIRGO|MOON:PISCES|MERCURY:VIRGO|URANUS:GEMINI,SUN-MOON:180|SUN-MERCURY:0|SUN-URANUS:90|MOON-URANUS:90|MERCURY-URANUS:90,1,4,lunation_plus_planet,SUN,7,8,anchor_house,SUN|MOON|MERCURY|URANUS,swiss_ephemeris,FULL_MOON:2026-08-28|SUN:MERCURY:0:2026-08-28,exact_day,AUG28_LUNATION,,80,100,親密さと共有責任の境界を見直す満月,{event_date}の満月は、深い関係の中で共有してきたお金、秘密、感情的な責任の偏りを表面化させます。相手の突然の事情に心を動かされても、親密さと無条件に負担を引き受けることは同じではありません。信頼を保ちながら、金額、役割、話せる範囲を具体的に確認してください。,full_moon;t_square;sun;moon;mercury;uranus,1
2026_08_FULL_MOON_URANUS_TSQUARE_S07_N09,2026_08_FULL_MOON_URANUS_TSQUARE,2026-08,lunation_cluster,2026-08-27T00:00:00+09:00,2026-08-28T13:18:00+09:00,2026-08-29T23:59:59+09:00,0,SUN|MOON|MERCURY|URANUS,SUN:VIRGO|MOON:PISCES|MERCURY:VIRGO|URANUS:GEMINI,SUN-MOON:180|SUN-MERCURY:0|SUN-URANUS:90|MOON-URANUS:90|MERCURY-URANUS:90,1,4,lunation_plus_planet,SUN,7,9,anchor_house,SUN|MOON|MERCURY|URANUS,swiss_ephemeris,FULL_MOON:2026-08-28|SUN:MERCURY:0:2026-08-28,exact_day,AUG28_LUNATION,,80,100,異なる価値観から関係の未来を学ぶ満月,{event_date}の満月は、遠距離の相手、異文化、専門的な学びを通して、関係の中で信じてきた価値観を見直す機会を作ります。新しい考えに刺激を受けても、違いをすぐ一致や対立と決めると、相手を理解する余地が狭まります。互いの背景を尋ね、自分の信念と共同で選べる方針を分けてください。,full_moon;t_square;sun;moon;mercury;uranus,1
2026_08_FULL_MOON_URANUS_TSQUARE_S07_N10,2026_08_FULL_MOON_URANUS_TSQUARE,2026-08,lunation_cluster,2026-08-27T00:00:00+09:00,2026-08-28T13:18:00+09:00,2026-08-29T23:59:59+09:00,0,SUN|MOON|MERCURY|URANUS,SUN:VIRGO|MOON:PISCES|MERCURY:VIRGO|URANUS:GEMINI,SUN-MOON:180|SUN-MERCURY:0|SUN-URANUS:90|MOON-URANUS:90|MERCURY-URANUS:90,1,4,lunation_plus_planet,SUN,7,10,anchor_house,SUN|MOON|MERCURY|URANUS,swiss_ephemeris,FULL_MOON:2026-08-28|SUN:MERCURY:0:2026-08-28,exact_day,AUG28_LUNATION,,80,100,公的な協力関係と役割を整え直す満月,{event_date}の満月は、仕事上の契約、顧客との関係、公の場で組む相手との役割を表面化させます。突然の評価や条件変更へ合わせて約束を増やすと、自分が担う責任と相手の期待が曖昧になります。目的、権限、期限を言葉にし、外から見ても分かる協力関係へ整えてください。,full_moon;t_square;sun;moon;mercury;uranus,1
2026_08_FULL_MOON_URANUS_TSQUARE_S07_N11,2026_08_FULL_MOON_URANUS_TSQUARE,2026-08,lunation_cluster,2026-08-27T00:00:00+09:00,2026-08-28T13:18:00+09:00,2026-08-29T23:59:59+09:00,0,SUN|MOON|MERCURY|URANUS,SUN:VIRGO|MOON:PISCES|MERCURY:VIRGO|URANUS:GEMINI,SUN-MOON:180|SUN-MERCURY:0|SUN-URANUS:90|MOON-URANUS:90|MERCURY-URANUS:90,1,4,lunation_plus_planet,SUN,7,11,anchor_house,SUN|MOON|MERCURY|URANUS,swiss_ephemeris,FULL_MOON:2026-08-28|SUN:MERCURY:0:2026-08-28,exact_day,AUG28_LUNATION,,80,100,友情と共同計画の立ち位置を見直す満月,{event_date}の満月は、友人、チーム、コミュニティとの関係から、共同計画で自分が担ってきた立場を明らかにします。予想外の参加や離脱を全員の意思と受け取ると、誰の希望で動く計画なのか見失いやすいでしょう。個別の意向と役割を確認し、つながりを保てる規模へ更新してください。,full_moon;t_square;sun;moon;mercury;uranus,1
2026_08_FULL_MOON_URANUS_TSQUARE_S07_N12,2026_08_FULL_MOON_URANUS_TSQUARE,2026-08,lunation_cluster,2026-08-27T00:00:00+09:00,2026-08-28T13:18:00+09:00,2026-08-29T23:59:59+09:00,0,SUN|MOON|MERCURY|URANUS,SUN:VIRGO|MOON:PISCES|MERCURY:VIRGO|URANUS:GEMINI,SUN-MOON:180|SUN-MERCURY:0|SUN-URANUS:90|MOON-URANUS:90|MERCURY-URANUS:90,1,4,lunation_plus_planet,SUN,7,12,anchor_house,SUN|MOON|MERCURY|URANUS,swiss_ephemeris,FULL_MOON:2026-08-28|SUN:MERCURY:0:2026-08-28,exact_day,AUG28_LUNATION,,80,100,隠してきた関係の本音を受け止める満月,{event_date}の満月は、重要な相手へ言えなかった期待、秘密、無意識に繰り返してきた関係の癖を心の奥から表面へ運びます。突然浮かんだ疑いや感情を相手の真意と決めると、現実の対話から離れやすいでしょう。まず一人で本音を記録し、休息を取ってから伝える内容と手放す思いを選んでください。,full_moon;t_square;sun;moon;mercury;uranus,1
2026_08_FULL_MOON_URANUS_TSQUARE_S08_N01,2026_08_FULL_MOON_URANUS_TSQUARE,2026-08,lunation_cluster,2026-08-27T00:00:00+09:00,2026-08-28T13:18:00+09:00,2026-08-29T23:59:59+09:00,0,SUN|MOON|MERCURY|URANUS,SUN:VIRGO|MOON:PISCES|MERCURY:VIRGO|URANUS:GEMINI,SUN-MOON:180|SUN-MERCURY:0|SUN-URANUS:90|MOON-URANUS:90|MERCURY-URANUS:90,1,4,lunation_plus_planet,SUN,8,1,anchor_house,SUN|MOON|MERCURY|URANUS,swiss_ephemeris,FULL_MOON:2026-08-28|SUN:MERCURY:0:2026-08-28,exact_day,AUG28_LUNATION,,80,100,深い結びつきの中で自分の境界を守る満月,{event_date}の満月は、親密な関係や共有する責任の中で、自分が無理に引き受けてきたことを表面へ出します。相手の予想外の事情に合わせて自分の意思を後回しにすると、心身の境界が曖昧になりやすいでしょう。助けられる範囲と同意できないことを自分の言葉で確かめ、率直に伝えてください。,full_moon;t_square;sun;moon;mercury;uranus,1
2026_08_FULL_MOON_URANUS_TSQUARE_S08_N02,2026_08_FULL_MOON_URANUS_TSQUARE,2026-08,lunation_cluster,2026-08-27T00:00:00+09:00,2026-08-28T13:18:00+09:00,2026-08-29T23:59:59+09:00,0,SUN|MOON|MERCURY|URANUS,SUN:VIRGO|MOON:PISCES|MERCURY:VIRGO|URANUS:GEMINI,SUN-MOON:180|SUN-MERCURY:0|SUN-URANUS:90|MOON-URANUS:90|MERCURY-URANUS:90,1,4,lunation_plus_planet,SUN,8,2,anchor_house,SUN|MOON|MERCURY|URANUS,swiss_ephemeris,FULL_MOON:2026-08-28|SUN:MERCURY:0:2026-08-28,exact_day,AUG28_LUNATION,,80,100,自分の財産と共有資金の境界を直す満月,{event_date}の満月は、自分の収入や所有物と、誰かと共有するお金や負担の境界を明らかにします。予想外の請求や援助の相談があっても、自分の価値を支払える額や相手から受け取る評価で決めないでください。残したい資源を先に確認し、共同で扱う金額と条件を具体化しましょう。,full_moon;t_square;sun;moon;mercury;uranus,1
2026_08_FULL_MOON_URANUS_TSQUARE_S08_N03,2026_08_FULL_MOON_URANUS_TSQUARE,2026-08,lunation_cluster,2026-08-27T00:00:00+09:00,2026-08-28T13:18:00+09:00,2026-08-29T23:59:59+09:00,0,SUN|MOON|MERCURY|URANUS,SUN:VIRGO|MOON:PISCES|MERCURY:VIRGO|URANUS:GEMINI,SUN-MOON:180|SUN-MERCURY:0|SUN-URANUS:90|MOON-URANUS:90|MERCURY-URANUS:90,1,4,lunation_plus_planet,SUN,8,3,anchor_house,SUN|MOON|MERCURY|URANUS,swiss_ephemeris,FULL_MOON:2026-08-28|SUN:MERCURY:0:2026-08-28,exact_day,AUG28_LUNATION,,80,100,共有事項と秘密を言葉で確認する満月,{event_date}の満月は、共有資産、親密な話、秘密に関する連絡の中で、曖昧だった説明や理解のずれを表面化させます。突然知った情報へ反射的に答えると、事実と推測が混ざりやすいでしょう。書類や記録を読み直し、確認できた内容とまだ話し合う必要があることを分けてください。,full_moon;t_square;sun;moon;mercury;uranus,1
2026_08_FULL_MOON_URANUS_TSQUARE_S08_N04,2026_08_FULL_MOON_URANUS_TSQUARE,2026-08,lunation_cluster,2026-08-27T00:00:00+09:00,2026-08-28T13:18:00+09:00,2026-08-29T23:59:59+09:00,0,SUN|MOON|MERCURY|URANUS,SUN:VIRGO|MOON:PISCES|MERCURY:VIRGO|URANUS:GEMINI,SUN-MOON:180|SUN-MERCURY:0|SUN-URANUS:90|MOON-URANUS:90|MERCURY-URANUS:90,1,4,lunation_plus_planet,SUN,8,4,anchor_house,SUN|MOON|MERCURY|URANUS,swiss_ephemeris,FULL_MOON:2026-08-28|SUN:MERCURY:0:2026-08-28,exact_day,AUG28_LUNATION,,80,100,家族の資産と受け継いだ役割を整える満月,{event_date}の満月は、家族と共有する財産、住まい、長く受け継いできた役割に潜む曖昧さを明らかにします。急に出てきた相談や過去の感情だけで判断すると、現在の暮らしに必要な条件を見落とします。家族への思いを認めつつ、名義、金額、担当を資料と言葉で確認してください。,full_moon;t_square;sun;moon;mercury;uranus,1
2026_08_FULL_MOON_URANUS_TSQUARE_S08_N05,2026_08_FULL_MOON_URANUS_TSQUARE,2026-08,lunation_cluster,2026-08-27T00:00:00+09:00,2026-08-28T13:18:00+09:00,2026-08-29T23:59:59+09:00,0,SUN|MOON|MERCURY|URANUS,SUN:VIRGO|MOON:PISCES|MERCURY:VIRGO|URANUS:GEMINI,SUN-MOON:180|SUN-MERCURY:0|SUN-URANUS:90|MOON-URANUS:90|MERCURY-URANUS:90,1,4,lunation_plus_planet,SUN,8,5,anchor_house,SUN|MOON|MERCURY|URANUS,swiss_ephemeris,FULL_MOON:2026-08-28|SUN:MERCURY:0:2026-08-28,exact_day,AUG28_LUNATION,,80,100,情熱と共有する負担を見極め直す満月,{event_date}の満月は、恋愛、創作、子どもに関することへ注いできた情熱と、そこに伴う費用や責任を表面へ出します。予想外の展開に心が高ぶっても、喜びを深い義務や金銭的な約束と混同しないでください。今しか出ない感情は表現として残し、共有する負担は別に話し合いましょう。,full_moon;t_square;sun;moon;mercury;uranus,1
2026_08_FULL_MOON_URANUS_TSQUARE_S08_N06,2026_08_FULL_MOON_URANUS_TSQUARE,2026-08,lunation_cluster,2026-08-27T00:00:00+09:00,2026-08-28T13:18:00+09:00,2026-08-29T23:59:59+09:00,0,SUN|MOON|MERCURY|URANUS,SUN:VIRGO|MOON:PISCES|MERCURY:VIRGO|URANUS:GEMINI,SUN-MOON:180|SUN-MERCURY:0|SUN-URANUS:90|MOON-URANUS:90|MERCURY-URANUS:90,1,4,lunation_plus_planet,SUN,8,6,anchor_house,SUN|MOON|MERCURY|URANUS,swiss_ephemeris,FULL_MOON:2026-08-28|SUN:MERCURY:0:2026-08-28,exact_day,AUG28_LUNATION,,80,100,見えない責任を日々の分担へ戻す満月,{event_date}の満月は、誰かのために続けてきた作業、返済、世話など、日常へ埋もれた共有責任を明らかにします。突然の変更へすべて応じると、自分の仕事や休息まで圧迫されやすいでしょう。金額だけでなく時間と手間も数え、担当、頻度、期限を続けられる形へ組み直してください。,full_moon;t_square;sun;moon;mercury;uranus,1
2026_08_FULL_MOON_URANUS_TSQUARE_S08_N07,2026_08_FULL_MOON_URANUS_TSQUARE,2026-08,lunation_cluster,2026-08-27T00:00:00+09:00,2026-08-28T13:18:00+09:00,2026-08-29T23:59:59+09:00,0,SUN|MOON|MERCURY|URANUS,SUN:VIRGO|MOON:PISCES|MERCURY:VIRGO|URANUS:GEMINI,SUN-MOON:180|SUN-MERCURY:0|SUN-URANUS:90|MOON-URANUS:90|MERCURY-URANUS:90,1,4,lunation_plus_planet,SUN,8,7,anchor_house,SUN|MOON|MERCURY|URANUS,swiss_ephemeris,FULL_MOON:2026-08-28|SUN:MERCURY:0:2026-08-28,exact_day,AUG28_LUNATION,,80,100,信頼と契約の深さを相手と見直す満月,{event_date}の満月は、パートナーや契約相手との間で共有してきたお金、秘密、責任が、互いの信頼にどう影響しているかを表面化させます。相手の突然の提案を親密さの証明や関係の結論と受け取らないでください。感情を尊重しながら、同意する範囲と実務上の条件を分けて確認しましょう。,full_moon;t_square;sun;moon;mercury;uranus,1
2026_08_FULL_MOON_URANUS_TSQUARE_S08_N08,2026_08_FULL_MOON_URANUS_TSQUARE,2026-08,lunation_cluster,2026-08-27T00:00:00+09:00,2026-08-28T13:18:00+09:00,2026-08-29T23:59:59+09:00,0,SUN|MOON|MERCURY|URANUS,SUN:VIRGO|MOON:PISCES|MERCURY:VIRGO|URANUS:GEMINI,SUN-MOON:180|SUN-MERCURY:0|SUN-URANUS:90|MOON-URANUS:90|MERCURY-URANUS:90,1,4,lunation_plus_planet,SUN,8,8,anchor_house,SUN|MOON|MERCURY|URANUS,swiss_ephemeris,FULL_MOON:2026-08-28|SUN:MERCURY:0:2026-08-28,exact_day,AUG28_LUNATION,,80,100,深い感情と共有責任を根本から直す満月,{event_date}の満月は、親密さ、共有資産、心の奥に抱えてきた責任を強く照らし、続けるものと終えるものを見直す節目になります。突然すべてを切り替えたくなっても、感情の高まりだけで大切な合意を変える必要はありません。事実、感情、契約を分けて整理し、時間をかけて新しい境界を作ってください。,full_moon;t_square;sun;moon;mercury;uranus,1
2026_08_FULL_MOON_URANUS_TSQUARE_S08_N09,2026_08_FULL_MOON_URANUS_TSQUARE,2026-08,lunation_cluster,2026-08-27T00:00:00+09:00,2026-08-28T13:18:00+09:00,2026-08-29T23:59:59+09:00,0,SUN|MOON|MERCURY|URANUS,SUN:VIRGO|MOON:PISCES|MERCURY:VIRGO|URANUS:GEMINI,SUN-MOON:180|SUN-MERCURY:0|SUN-URANUS:90|MOON-URANUS:90|MERCURY-URANUS:90,1,4,lunation_plus_planet,SUN,8,9,anchor_house,SUN|MOON|MERCURY|URANUS,swiss_ephemeris,FULL_MOON:2026-08-28|SUN:MERCURY:0:2026-08-28,exact_day,AUG28_LUNATION,,80,100,継承した価値観を新しい学びで直す満月,{event_date}の満月は、相続、共有資産、深い信頼について受け継いだ考え方を、新しい知識や異なる文化から見直す機会を作ります。刺激的な説や専門家の一言をそのまま答えにすると、自分の事情との違いを見落とします。法律や制度を確認し、自分が納得できる原則を言葉にしてください。,full_moon;t_square;sun;moon;mercury;uranus,1
2026_08_FULL_MOON_URANUS_TSQUARE_S08_N10,2026_08_FULL_MOON_URANUS_TSQUARE,2026-08,lunation_cluster,2026-08-27T00:00:00+09:00,2026-08-28T13:18:00+09:00,2026-08-29T23:59:59+09:00,0,SUN|MOON|MERCURY|URANUS,SUN:VIRGO|MOON:PISCES|MERCURY:VIRGO|URANUS:GEMINI,SUN-MOON:180|SUN-MERCURY:0|SUN-URANUS:90|MOON-URANUS:90|MERCURY-URANUS:90,1,4,lunation_plus_planet,SUN,8,10,anchor_house,SUN|MOON|MERCURY|URANUS,swiss_ephemeris,FULL_MOON:2026-08-28|SUN:MERCURY:0:2026-08-28,exact_day,AUG28_LUNATION,,80,100,共有資産に伴う公的責任を整える満月,{event_date}の満月は、仕事上の資金、組織から預かるもの、立場に伴う深い責任を表面化させます。突然の役割変更や数字への注目に合わせて約束を増やすと、権限と責任の範囲が曖昧になります。記録、承認手順、担当を整え、外から確認できる管理方法へ更新してください。,full_moon;t_square;sun;moon;mercury;uranus,1
2026_08_FULL_MOON_URANUS_TSQUARE_S08_N11,2026_08_FULL_MOON_URANUS_TSQUARE,2026-08,lunation_cluster,2026-08-27T00:00:00+09:00,2026-08-28T13:18:00+09:00,2026-08-29T23:59:59+09:00,0,SUN|MOON|MERCURY|URANUS,SUN:VIRGO|MOON:PISCES|MERCURY:VIRGO|URANUS:GEMINI,SUN-MOON:180|SUN-MERCURY:0|SUN-URANUS:90|MOON-URANUS:90|MERCURY-URANUS:90,1,4,lunation_plus_planet,SUN,8,11,anchor_house,SUN|MOON|MERCURY|URANUS,swiss_ephemeris,FULL_MOON:2026-08-28|SUN:MERCURY:0:2026-08-28,exact_day,AUG28_LUNATION,,80,100,仲間と共有する資源と信頼を見直す満月,{event_date}の満月は、友人、チーム、コミュニティで共有する資金、情報、責任の偏りを明らかにします。予想外の提案や離脱があっても、場の勢いで負担を引き受けると信頼の基準が曖昧になります。誰が何を預かり、いつ報告するのかを決め、安心して協力できる仕組みへ整えてください。,full_moon;t_square;sun;moon;mercury;uranus,1
2026_08_FULL_MOON_URANUS_TSQUARE_S08_N12,2026_08_FULL_MOON_URANUS_TSQUARE,2026-08,lunation_cluster,2026-08-27T00:00:00+09:00,2026-08-28T13:18:00+09:00,2026-08-29T23:59:59+09:00,0,SUN|MOON|MERCURY|URANUS,SUN:VIRGO|MOON:PISCES|MERCURY:VIRGO|URANUS:GEMINI,SUN-MOON:180|SUN-MERCURY:0|SUN-URANUS:90|MOON-URANUS:90|MERCURY-URANUS:90,1,4,lunation_plus_planet,SUN,8,12,anchor_house,SUN|MOON|MERCURY|URANUS,swiss_ephemeris,FULL_MOON:2026-08-28|SUN:MERCURY:0:2026-08-28,exact_day,AUG28_LUNATION,,80,100,心の奥に抱えた負担を静かに解く満月,{event_date}の満月は、秘密にしてきた感情、見えない借りの意識、誰にも言わず背負ってきた責任を心の奥から表面へ運びます。突然浮かぶ不安を現実の危機と決めると、必要な休息から遠ざかりやすいでしょう。一人で静かに記録し、助けを求めることと手放してよい負担を分けてください。,full_moon;t_square;sun;moon;mercury;uranus,1
2026_08_FULL_MOON_URANUS_TSQUARE_S09_N01,2026_08_FULL_MOON_URANUS_TSQUARE,2026-08,lunation_cluster,2026-08-27T00:00:00+09:00,2026-08-28T13:18:00+09:00,2026-08-29T23:59:59+09:00,0,SUN|MOON|MERCURY|URANUS,SUN:VIRGO|MOON:PISCES|MERCURY:VIRGO|URANUS:GEMINI,SUN-MOON:180|SUN-MERCURY:0|SUN-URANUS:90|MOON-URANUS:90|MERCURY-URANUS:90,1,4,lunation_plus_planet,SUN,9,1,anchor_house,SUN|MOON|MERCURY|URANUS,swiss_ephemeris,FULL_MOON:2026-08-28|SUN:MERCURY:0:2026-08-28,exact_day,AUG28_LUNATION,,80,100,新しい世界観で自分の進路を選び直す満月,{event_date}の満月は、学び、旅、異文化との接触を通して、これまで信じてきた自分像と今後の進路を明らかにします。予想外の考えに刺激を受けて急に別人のように振る舞うと、本当に変えたい部分を見失いやすいでしょう。心身が自然に反応する方向を言葉にし、小さな行動から試してください。,full_moon;t_square;sun;moon;mercury;uranus,1
2026_08_FULL_MOON_URANUS_TSQUARE_S09_N02,2026_08_FULL_MOON_URANUS_TSQUARE,2026-08,lunation_cluster,2026-08-27T00:00:00+09:00,2026-08-28T13:18:00+09:00,2026-08-29T23:59:59+09:00,0,SUN|MOON|MERCURY|URANUS,SUN:VIRGO|MOON:PISCES|MERCURY:VIRGO|URANUS:GEMINI,SUN-MOON:180|SUN-MERCURY:0|SUN-URANUS:90|MOON-URANUS:90|MERCURY-URANUS:90,1,4,lunation_plus_planet,SUN,9,2,anchor_house,SUN|MOON|MERCURY|URANUS,swiss_ephemeris,FULL_MOON:2026-08-28|SUN:MERCURY:0:2026-08-28,exact_day,AUG28_LUNATION,,80,100,学びと旅に使う資源の意味を見直す満月,{event_date}の満月は、学習、資格、旅、遠い世界へ使ってきたお金と時間が、自分の価値観に合っているかを明らかにします。魅力的な情報へ反応して大きな支出を決めると、目的と手段が入れ替わりやすいでしょう。今後も残る知識や経験を選び、予算と予定を現実的に整えてください。,full_moon;t_square;sun;moon;mercury;uranus,1
2026_08_FULL_MOON_URANUS_TSQUARE_S09_N03,2026_08_FULL_MOON_URANUS_TSQUARE,2026-08,lunation_cluster,2026-08-27T00:00:00+09:00,2026-08-28T13:18:00+09:00,2026-08-29T23:59:59+09:00,0,SUN|MOON|MERCURY|URANUS,SUN:VIRGO|MOON:PISCES|MERCURY:VIRGO|URANUS:GEMINI,SUN-MOON:180|SUN-MERCURY:0|SUN-URANUS:90|MOON-URANUS:90|MERCURY-URANUS:90,1,4,lunation_plus_planet,SUN,9,3,anchor_house,SUN|MOON|MERCURY|URANUS,swiss_ephemeris,FULL_MOON:2026-08-28|SUN:MERCURY:0:2026-08-28,exact_day,AUG28_LUNATION,,80,100,身近な情報から信念を問い直していく満月,{event_date}の満月は、日常の会話、ニュース、短い学習を通して、大きな思想や将来像にあった思い込みを表面化させます。刺激的な情報を一つの真実として広めると、事実と自分の解釈が混ざりやすいでしょう。情報源を確かめ、自分の言葉で要約してから伝える内容を選んでください。,full_moon;t_square;sun;moon;mercury;uranus,1
2026_08_FULL_MOON_URANUS_TSQUARE_S09_N04,2026_08_FULL_MOON_URANUS_TSQUARE,2026-08,lunation_cluster,2026-08-27T00:00:00+09:00,2026-08-28T13:18:00+09:00,2026-08-29T23:59:59+09:00,0,SUN|MOON|MERCURY|URANUS,SUN:VIRGO|MOON:PISCES|MERCURY:VIRGO|URANUS:GEMINI,SUN-MOON:180|SUN-MERCURY:0|SUN-URANUS:90|MOON-URANUS:90|MERCURY-URANUS:90,1,4,lunation_plus_planet,SUN,9,4,anchor_house,SUN|MOON|MERCURY|URANUS,swiss_ephemeris,FULL_MOON:2026-08-28|SUN:MERCURY:0:2026-08-28,exact_day,AUG28_LUNATION,,80,100,家族の常識と自分の世界観を結び直す満月,{event_date}の満月は、家族から受け継いだ考え方と、学びや遠い土地で得た価値観の違いを明らかにします。予想外の移動案や新しい思想に惹かれても、今の居場所をすぐ否定する必要はありません。残したい土台と更新したい常識を分け、自分が安心できる進路を考えてください。,full_moon;t_square;sun;moon;mercury;uranus,1
2026_08_FULL_MOON_URANUS_TSQUARE_S09_N05,2026_08_FULL_MOON_URANUS_TSQUARE,2026-08,lunation_cluster,2026-08-27T00:00:00+09:00,2026-08-28T13:18:00+09:00,2026-08-29T23:59:59+09:00,0,SUN|MOON|MERCURY|URANUS,SUN:VIRGO|MOON:PISCES|MERCURY:VIRGO|URANUS:GEMINI,SUN-MOON:180|SUN-MERCURY:0|SUN-URANUS:90|MOON-URANUS:90|MERCURY-URANUS:90,1,4,lunation_plus_planet,SUN,9,5,anchor_house,SUN|MOON|MERCURY|URANUS,swiss_ephemeris,FULL_MOON:2026-08-28|SUN:MERCURY:0:2026-08-28,exact_day,AUG28_LUNATION,,80,100,冒険と表現の喜びを新しく選び直す満月,{event_date}の満月は、旅、専門的な学び、異文化から受けた刺激が、創作、恋愛、遊びへどう結びついたかを表面化させます。新しい体験や相手への高揚を人生全体の答えと決めると、続けたい喜びが見えにくくなります。心が動いた理由を作品や言葉に残し、後から選び直してください。,full_moon;t_square;sun;moon;mercury;uranus,1
2026_08_FULL_MOON_URANUS_TSQUARE_S09_N06,2026_08_FULL_MOON_URANUS_TSQUARE,2026-08,lunation_cluster,2026-08-27T00:00:00+09:00,2026-08-28T13:18:00+09:00,2026-08-29T23:59:59+09:00,0,SUN|MOON|MERCURY|URANUS,SUN:VIRGO|MOON:PISCES|MERCURY:VIRGO|URANUS:GEMINI,SUN-MOON:180|SUN-MERCURY:0|SUN-URANUS:90|MOON-URANUS:90|MERCURY-URANUS:90,1,4,lunation_plus_planet,SUN,9,6,anchor_house,SUN|MOON|MERCURY|URANUS,swiss_ephemeris,FULL_MOON:2026-08-28|SUN:MERCURY:0:2026-08-28,exact_day,AUG28_LUNATION,,80,100,学んだ知識を日々の実務へ戻していく満月,{event_date}の満月は、専門知識、理想、信念が、実際の仕事や生活習慣に役立っているかを明らかにします。新しい方法を一気に導入すると、現場の手順や身体のペースと合わず混乱が増えやすいでしょう。小さな作業で試して結果を記録し、毎日使える形へ知識を整えてください。,full_moon;t_square;sun;moon;mercury;uranus,1
2026_08_FULL_MOON_URANUS_TSQUARE_S09_N07,2026_08_FULL_MOON_URANUS_TSQUARE,2026-08,lunation_cluster,2026-08-27T00:00:00+09:00,2026-08-28T13:18:00+09:00,2026-08-29T23:59:59+09:00,0,SUN|MOON|MERCURY|URANUS,SUN:VIRGO|MOON:PISCES|MERCURY:VIRGO|URANUS:GEMINI,SUN-MOON:180|SUN-MERCURY:0|SUN-URANUS:90|MOON-URANUS:90|MERCURY-URANUS:90,1,4,lunation_plus_planet,SUN,9,7,anchor_house,SUN|MOON|MERCURY|URANUS,swiss_ephemeris,FULL_MOON:2026-08-28|SUN:MERCURY:0:2026-08-28,exact_day,AUG28_LUNATION,,80,100,異なる価値観を相手と確かめ直す満月,{event_date}の満月は、パートナーや契約相手との間で、将来像、信念、遠い場所への考え方の違いを表面化させます。相手の予想外の発言を賛同や決別の結論と受け取ると、対話の余地が狭まります。互いの背景を尋ね、共有できる方針と個人で守る価値観を分けてください。,full_moon;t_square;sun;moon;mercury;uranus,1
2026_08_FULL_MOON_URANUS_TSQUARE_S09_N08,2026_08_FULL_MOON_URANUS_TSQUARE,2026-08,lunation_cluster,2026-08-27T00:00:00+09:00,2026-08-28T13:18:00+09:00,2026-08-29T23:59:59+09:00,0,SUN|MOON|MERCURY|URANUS,SUN:VIRGO|MOON:PISCES|MERCURY:VIRGO|URANUS:GEMINI,SUN-MOON:180|SUN-MERCURY:0|SUN-URANUS:90|MOON-URANUS:90|MERCURY-URANUS:90,1,4,lunation_plus_planet,SUN,9,8,anchor_house,SUN|MOON|MERCURY|URANUS,swiss_ephemeris,FULL_MOON:2026-08-28|SUN:MERCURY:0:2026-08-28,exact_day,AUG28_LUNATION,,80,100,深い信念と共有責任の関係を見直す満月,{event_date}の満月は、受け継いだ思想、専門知識、人生観が、共有資産や親密な関係の判断へ与えてきた影響を明らかにします。強く納得した考えでも、相手の事情や制度を確かめず適用すると負担が偏ります。信念と事実を分け、金額や責任は資料に基づいて話し合ってください。,full_moon;t_square;sun;moon;mercury;uranus,1
2026_08_FULL_MOON_URANUS_TSQUARE_S09_N09,2026_08_FULL_MOON_URANUS_TSQUARE,2026-08,lunation_cluster,2026-08-27T00:00:00+09:00,2026-08-28T13:18:00+09:00,2026-08-29T23:59:59+09:00,0,SUN|MOON|MERCURY|URANUS,SUN:VIRGO|MOON:PISCES|MERCURY:VIRGO|URANUS:GEMINI,SUN-MOON:180|SUN-MERCURY:0|SUN-URANUS:90|MOON-URANUS:90|MERCURY-URANUS:90,1,4,lunation_plus_planet,SUN,9,9,anchor_house,SUN|MOON|MERCURY|URANUS,swiss_ephemeris,FULL_MOON:2026-08-28|SUN:MERCURY:0:2026-08-28,exact_day,AUG28_LUNATION,,80,100,学びと旅で得た答えを選び直す満月,{event_date}の満月は、長く続けた学習、研究、旅、思想上の探求に一つの到達点を作り、今後深めるテーマを明らかにします。予想外の発見で従来の答えが揺れても、積み重ね全体を無意味と決めないでください。確かめられた事実と新しい疑問を分け、次に学ぶ範囲を選びましょう。,full_moon;t_square;sun;moon;mercury;uranus,1
2026_08_FULL_MOON_URANUS_TSQUARE_S09_N10,2026_08_FULL_MOON_URANUS_TSQUARE,2026-08,lunation_cluster,2026-08-27T00:00:00+09:00,2026-08-28T13:18:00+09:00,2026-08-29T23:59:59+09:00,0,SUN|MOON|MERCURY|URANUS,SUN:VIRGO|MOON:PISCES|MERCURY:VIRGO|URANUS:GEMINI,SUN-MOON:180|SUN-MERCURY:0|SUN-URANUS:90|MOON-URANUS:90|MERCURY-URANUS:90,1,4,lunation_plus_planet,SUN,9,10,anchor_house,SUN|MOON|MERCURY|URANUS,swiss_ephemeris,FULL_MOON:2026-08-28|SUN:MERCURY:0:2026-08-28,exact_day,AUG28_LUNATION,,80,100,専門性を社会で伝える形へ直していく満月,{event_date}の満月は、学んできた専門性や信念が、仕事上の評価や社会的な役割へどう結びつくかを表面化させます。突然の注目や異論に合わせて主張を大きくすると、実績と展望の境界が曖昧になります。根拠、経験、今後の課題を分け、伝わる形へ知識を整えてください。,full_moon;t_square;sun;moon;mercury;uranus,1
2026_08_FULL_MOON_URANUS_TSQUARE_S09_N11,2026_08_FULL_MOON_URANUS_TSQUARE,2026-08,lunation_cluster,2026-08-27T00:00:00+09:00,2026-08-28T13:18:00+09:00,2026-08-29T23:59:59+09:00,0,SUN|MOON|MERCURY|URANUS,SUN:VIRGO|MOON:PISCES|MERCURY:VIRGO|URANUS:GEMINI,SUN-MOON:180|SUN-MERCURY:0|SUN-URANUS:90|MOON-URANUS:90|MERCURY-URANUS:90,1,4,lunation_plus_planet,SUN,9,11,anchor_house,SUN|MOON|MERCURY|URANUS,swiss_ephemeris,FULL_MOON:2026-08-28|SUN:MERCURY:0:2026-08-28,exact_day,AUG28_LUNATION,,80,100,未来の理想と仲間の方針を見直す満月,{event_date}の満月は、友人、チーム、コミュニティと共有してきた理想や社会への考え方を表面化させます。予想外の提案や異論を全員の方針と受け取ると、誰が何を信じて参加しているのか見失いやすいでしょう。個別の意見を確かめ、実行できる目標と言葉へ共同の理念を整えてください。,full_moon;t_square;sun;moon;mercury;uranus,1
2026_08_FULL_MOON_URANUS_TSQUARE_S09_N12,2026_08_FULL_MOON_URANUS_TSQUARE,2026-08,lunation_cluster,2026-08-27T00:00:00+09:00,2026-08-28T13:18:00+09:00,2026-08-29T23:59:59+09:00,0,SUN|MOON|MERCURY|URANUS,SUN:VIRGO|MOON:PISCES|MERCURY:VIRGO|URANUS:GEMINI,SUN-MOON:180|SUN-MERCURY:0|SUN-URANUS:90|MOON-URANUS:90|MERCURY-URANUS:90,1,4,lunation_plus_planet,SUN,9,12,anchor_house,SUN|MOON|MERCURY|URANUS,swiss_ephemeris,FULL_MOON:2026-08-28|SUN:MERCURY:0:2026-08-28,exact_day,AUG28_LUNATION,,80,100,心の奥で信じるものを静かに見直す満月,{event_date}の満月は、言葉にしてこなかった信念、夢、人生への意味づけを心の奥から表面へ運びます。突然浮かんだ啓示のような感覚をすぐ現実の答えと決めると、疲れや不安との違いが分かりにくくなります。静かな場所で記録し、繰り返し残る問いだけを後から学び直してください。,full_moon;t_square;sun;moon;mercury;uranus,1
2026_08_FULL_MOON_URANUS_TSQUARE_S10_N01,2026_08_FULL_MOON_URANUS_TSQUARE,2026-08,lunation_cluster,2026-08-27T00:00:00+09:00,2026-08-28T13:18:00+09:00,2026-08-29T23:59:59+09:00,0,SUN|MOON|MERCURY|URANUS,SUN:VIRGO|MOON:PISCES|MERCURY:VIRGO|URANUS:GEMINI,SUN-MOON:180|SUN-MERCURY:0|SUN-URANUS:90|MOON-URANUS:90|MERCURY-URANUS:90,1,4,lunation_plus_planet,SUN,10,1,anchor_house,SUN|MOON|MERCURY|URANUS,swiss_ephemeris,FULL_MOON:2026-08-28|SUN:MERCURY:0:2026-08-28,exact_day,AUG28_LUNATION,,80,100,社会で見せる姿と自分らしさを直す満月,{event_date}の満月は、仕事や公の場で期待される姿と、自分が自然に選びたい振る舞いのずれを表面化させます。予想外の評価や役割変更に合わせて自分を作り替えると、心身に合う進み方を見失いやすいでしょう。周囲の期待と自分の意思を分け、長く担える立場を言葉にしてください。,full_moon;t_square;sun;moon;mercury;uranus,1
2026_08_FULL_MOON_URANUS_TSQUARE_S10_N02,2026_08_FULL_MOON_URANUS_TSQUARE,2026-08,lunation_cluster,2026-08-27T00:00:00+09:00,2026-08-28T13:18:00+09:00,2026-08-29T23:59:59+09:00,0,SUN|MOON|MERCURY|URANUS,SUN:VIRGO|MOON:PISCES|MERCURY:VIRGO|URANUS:GEMINI,SUN-MOON:180|SUN-MERCURY:0|SUN-URANUS:90|MOON-URANUS:90|MERCURY-URANUS:90,1,4,lunation_plus_planet,SUN,10,2,anchor_house,SUN|MOON|MERCURY|URANUS,swiss_ephemeris,FULL_MOON:2026-08-28|SUN:MERCURY:0:2026-08-28,exact_day,AUG28_LUNATION,,80,100,仕事の評価と対価の基準を見直す満月,{event_date}の満月は、仕事上の評価、報酬、肩書が、自分の価値観や生活を本当に支えているかを明らかにします。突然の条件変更や数字への反応だけで進退を決めると、時間や技能の価値を見落とします。収入だけでなく責任と負担も数え、納得できる対価の基準を整えてください。,full_moon;t_square;sun;moon;mercury;uranus,1
2026_08_FULL_MOON_URANUS_TSQUARE_S10_N03,2026_08_FULL_MOON_URANUS_TSQUARE,2026-08,lunation_cluster,2026-08-27T00:00:00+09:00,2026-08-28T13:18:00+09:00,2026-08-29T23:59:59+09:00,0,SUN|MOON|MERCURY|URANUS,SUN:VIRGO|MOON:PISCES|MERCURY:VIRGO|URANUS:GEMINI,SUN-MOON:180|SUN-MERCURY:0|SUN-URANUS:90|MOON-URANUS:90|MERCURY-URANUS:90,1,4,lunation_plus_planet,SUN,10,3,anchor_house,SUN|MOON|MERCURY|URANUS,swiss_ephemeris,FULL_MOON:2026-08-28|SUN:MERCURY:0:2026-08-28,exact_day,AUG28_LUNATION,,80,100,公の発言と仕事の伝え方を更新する満月,{event_date}の満月は、会議、発表、仕事上の連絡を通して、社会でどう見られているかと伝えたい内容のずれを表面化させます。予想外の反応へすぐ説明を重ねると、要点や責任の範囲が曖昧になります。事実、提案、個人の意見を分け、短く確認できる言葉へ整えてください。,full_moon;t_square;sun;moon;mercury;uranus,1
2026_08_FULL_MOON_URANUS_TSQUARE_S10_N04,2026_08_FULL_MOON_URANUS_TSQUARE,2026-08,lunation_cluster,2026-08-27T00:00:00+09:00,2026-08-28T13:18:00+09:00,2026-08-29T23:59:59+09:00,0,SUN|MOON|MERCURY|URANUS,SUN:VIRGO|MOON:PISCES|MERCURY:VIRGO|URANUS:GEMINI,SUN-MOON:180|SUN-MERCURY:0|SUN-URANUS:90|MOON-URANUS:90|MERCURY-URANUS:90,1,4,lunation_plus_planet,SUN,10,4,anchor_house,SUN|MOON|MERCURY|URANUS,swiss_ephemeris,FULL_MOON:2026-08-28|SUN:MERCURY:0:2026-08-28,exact_day,AUG28_LUNATION,,80,100,家庭と社会的責任の優先順位を直す満月,{event_date}の満月は、仕事で担う責任と、住まいや家族を守るために必要な時間のずれを明らかにします。急な仕事変更と家庭の要望へ同時に応じると、どちらにも安心できる余力が残りません。時間、場所、担当を具体化し、暮らしの土台を守れる優先順位へ整えてください。,full_moon;t_square;sun;moon;mercury;uranus,1
2026_08_FULL_MOON_URANUS_TSQUARE_S10_N05,2026_08_FULL_MOON_URANUS_TSQUARE,2026-08,lunation_cluster,2026-08-27T00:00:00+09:00,2026-08-28T13:18:00+09:00,2026-08-29T23:59:59+09:00,0,SUN|MOON|MERCURY|URANUS,SUN:VIRGO|MOON:PISCES|MERCURY:VIRGO|URANUS:GEMINI,SUN-MOON:180|SUN-MERCURY:0|SUN-URANUS:90|MOON-URANUS:90|MERCURY-URANUS:90,1,4,lunation_plus_planet,SUN,10,5,anchor_house,SUN|MOON|MERCURY|URANUS,swiss_ephemeris,FULL_MOON:2026-08-28|SUN:MERCURY:0:2026-08-28,exact_day,AUG28_LUNATION,,80,100,創造性を社会で見せる方法を選び直す満月,{event_date}の満月は、作品、企画、得意な表現への反応を表面化させ、創造性を仕事や公の役割へどう結びつけるかを問い直します。突然の注目や批評を継続的な評価と決めると、自分が楽しめる部分を失いやすいでしょう。伝えたい価値と実行条件を分け、小さく試せる形へ整えてください。,full_moon;t_square;sun;moon;mercury;uranus,1
2026_08_FULL_MOON_URANUS_TSQUARE_S10_N06,2026_08_FULL_MOON_URANUS_TSQUARE,2026-08,lunation_cluster,2026-08-27T00:00:00+09:00,2026-08-28T13:18:00+09:00,2026-08-29T23:59:59+09:00,0,SUN|MOON|MERCURY|URANUS,SUN:VIRGO|MOON:PISCES|MERCURY:VIRGO|URANUS:GEMINI,SUN-MOON:180|SUN-MERCURY:0|SUN-URANUS:90|MOON-URANUS:90|MERCURY-URANUS:90,1,4,lunation_plus_planet,SUN,10,6,anchor_house,SUN|MOON|MERCURY|URANUS,swiss_ephemeris,FULL_MOON:2026-08-28|SUN:MERCURY:0:2026-08-28,exact_day,AUG28_LUNATION,,80,100,日々の実務と公的な役割を整える満月,{event_date}の満月は、毎日の作業や裏方の努力が、肩書や社会的な責任と釣り合っているかを明らかにします。突然の役割追加へ応じ続けると、必要な手順や休息が見えなくなります。成果だけでなく作業量、期限、支援の必要性も伝え、続けられる仕事の形へ更新してください。,full_moon;t_square;sun;moon;mercury;uranus,1
2026_08_FULL_MOON_URANUS_TSQUARE_S10_N07,2026_08_FULL_MOON_URANUS_TSQUARE,2026-08,lunation_cluster,2026-08-27T00:00:00+09:00,2026-08-28T13:18:00+09:00,2026-08-29T23:59:59+09:00,0,SUN|MOON|MERCURY|URANUS,SUN:VIRGO|MOON:PISCES|MERCURY:VIRGO|URANUS:GEMINI,SUN-MOON:180|SUN-MERCURY:0|SUN-URANUS:90|MOON-URANUS:90|MERCURY-URANUS:90,1,4,lunation_plus_planet,SUN,10,7,anchor_house,SUN|MOON|MERCURY|URANUS,swiss_ephemeris,FULL_MOON:2026-08-28|SUN:MERCURY:0:2026-08-28,exact_day,AUG28_LUNATION,,80,100,仕事上の協力関係と契約を見直す満月,{event_date}の満月は、顧客、取引相手、共同で仕事をする人との間で、役割や評価の前提にあったずれを表面化させます。相手の予想外の要望を今後の関係全体の結論と受け取らないでください。目的、権限、期限を言葉にし、互いの責任が外からも分かる契約へ整えましょう。,full_moon;t_square;sun;moon;mercury;uranus,1
2026_08_FULL_MOON_URANUS_TSQUARE_S10_N08,2026_08_FULL_MOON_URANUS_TSQUARE,2026-08,lunation_cluster,2026-08-27T00:00:00+09:00,2026-08-28T13:18:00+09:00,2026-08-29T23:59:59+09:00,0,SUN|MOON|MERCURY|URANUS,SUN:VIRGO|MOON:PISCES|MERCURY:VIRGO|URANUS:GEMINI,SUN-MOON:180|SUN-MERCURY:0|SUN-URANUS:90|MOON-URANUS:90|MERCURY-URANUS:90,1,4,lunation_plus_planet,SUN,10,8,anchor_house,SUN|MOON|MERCURY|URANUS,swiss_ephemeris,FULL_MOON:2026-08-28|SUN:MERCURY:0:2026-08-28,exact_day,AUG28_LUNATION,,80,100,組織の資源と深い責任を明確にする満月,{event_date}の満月は、仕事で預かる資金、機密情報、組織の中で背負ってきた責任を表面化させます。突然の数字や方針変更に合わせて約束を増やすと、権限と負担の境界が曖昧になります。記録、承認手順、相談先を確認し、自分だけに集中していた責任を適切に分けてください。,full_moon;t_square;sun;moon;mercury;uranus,1
2026_08_FULL_MOON_URANUS_TSQUARE_S10_N09,2026_08_FULL_MOON_URANUS_TSQUARE,2026-08,lunation_cluster,2026-08-27T00:00:00+09:00,2026-08-28T13:18:00+09:00,2026-08-29T23:59:59+09:00,0,SUN|MOON|MERCURY|URANUS,SUN:VIRGO|MOON:PISCES|MERCURY:VIRGO|URANUS:GEMINI,SUN-MOON:180|SUN-MERCURY:0|SUN-URANUS:90|MOON-URANUS:90|MERCURY-URANUS:90,1,4,lunation_plus_planet,SUN,10,9,anchor_house,SUN|MOON|MERCURY|URANUS,swiss_ephemeris,FULL_MOON:2026-08-28|SUN:MERCURY:0:2026-08-28,exact_day,AUG28_LUNATION,,80,100,専門性と社会的な進路を選び直す満月,{event_date}の満月は、学んできた専門知識、資格、信念が、現在の仕事や将来の立場へどう結びついているかを明らかにします。予想外の機会や異論を進路の最終回答と決めると、準備に必要な時間を見落とします。実績と展望を分け、次に深める専門性を具体的に選んでください。,full_moon;t_square;sun;moon;mercury;uranus,1
2026_08_FULL_MOON_URANUS_TSQUARE_S10_N10,2026_08_FULL_MOON_URANUS_TSQUARE,2026-08,lunation_cluster,2026-08-27T00:00:00+09:00,2026-08-28T13:18:00+09:00,2026-08-29T23:59:59+09:00,0,SUN|MOON|MERCURY|URANUS,SUN:VIRGO|MOON:PISCES|MERCURY:VIRGO|URANUS:GEMINI,SUN-MOON:180|SUN-MERCURY:0|SUN-URANUS:90|MOON-URANUS:90|MERCURY-URANUS:90,1,4,lunation_plus_planet,SUN,10,10,anchor_house,SUN|MOON|MERCURY|URANUS,swiss_ephemeris,FULL_MOON:2026-08-28|SUN:MERCURY:0:2026-08-28,exact_day,AUG28_LUNATION,,80,100,仕事の到達点と次の役割を見直す満月,{event_date}の満月は、仕事や社会的な活動の成果を強く照らし、現在の立場で完了したことと次に担う役割を明らかにします。突然の評価や方針転換に合わせて大きな結論を出す必要はありません。得られた成果、残る課題、引き受けられる責任を分け、次の段階を選んでください。,full_moon;t_square;sun;moon;mercury;uranus,1
2026_08_FULL_MOON_URANUS_TSQUARE_S10_N11,2026_08_FULL_MOON_URANUS_TSQUARE,2026-08,lunation_cluster,2026-08-27T00:00:00+09:00,2026-08-28T13:18:00+09:00,2026-08-29T23:59:59+09:00,0,SUN|MOON|MERCURY|URANUS,SUN:VIRGO|MOON:PISCES|MERCURY:VIRGO|URANUS:GEMINI,SUN-MOON:180|SUN-MERCURY:0|SUN-URANUS:90|MOON-URANUS:90|MERCURY-URANUS:90,1,4,lunation_plus_planet,SUN,10,11,anchor_house,SUN|MOON|MERCURY|URANUS,swiss_ephemeris,FULL_MOON:2026-08-28|SUN:MERCURY:0:2026-08-28,exact_day,AUG28_LUNATION,,80,100,チームの未来と自分の役割を更新する満月,{event_date}の満月は、職場のチームやコミュニティとの関係から、将来計画で自分が担う社会的な役割を明らかにします。予想外の提案や離脱を全体の方針と受け取ると、誰の目標へ責任を負うのか曖昧になります。個別の意思と担当を確認し、実行できる計画へ役割を更新してください。,full_moon;t_square;sun;moon;mercury;uranus,1
2026_08_FULL_MOON_URANUS_TSQUARE_S10_N12,2026_08_FULL_MOON_URANUS_TSQUARE,2026-08,lunation_cluster,2026-08-27T00:00:00+09:00,2026-08-28T13:18:00+09:00,2026-08-29T23:59:59+09:00,0,SUN|MOON|MERCURY|URANUS,SUN:VIRGO|MOON:PISCES|MERCURY:VIRGO|URANUS:GEMINI,SUN-MOON:180|SUN-MERCURY:0|SUN-URANUS:90|MOON-URANUS:90|MERCURY-URANUS:90,1,4,lunation_plus_planet,SUN,10,12,anchor_house,SUN|MOON|MERCURY|URANUS,swiss_ephemeris,FULL_MOON:2026-08-28|SUN:MERCURY:0:2026-08-28,exact_day,AUG28_LUNATION,,80,100,見えない努力と社会での立場を見直す満月,{event_date}の満月は、表に出ない準備や気遣いが、仕事上の立場や評価へどう影響してきたかを心の奥から表面へ運びます。突然すべてを退きたくなっても、疲れの中で社会的な結論を急ぐ必要はありません。休息を確保し、終えてよい役割と今後伝えるべき努力を分けてください。,full_moon;t_square;sun;moon;mercury;uranus,1
2026_08_FULL_MOON_URANUS_TSQUARE_S11_N01,2026_08_FULL_MOON_URANUS_TSQUARE,2026-08,lunation_cluster,2026-08-27T00:00:00+09:00,2026-08-28T13:18:00+09:00,2026-08-29T23:59:59+09:00,0,SUN|MOON|MERCURY|URANUS,SUN:VIRGO|MOON:PISCES|MERCURY:VIRGO|URANUS:GEMINI,SUN-MOON:180|SUN-MERCURY:0|SUN-URANUS:90|MOON-URANUS:90|MERCURY-URANUS:90,1,4,lunation_plus_planet,SUN,11,1,anchor_house,SUN|MOON|MERCURY|URANUS,swiss_ephemeris,FULL_MOON:2026-08-28|SUN:MERCURY:0:2026-08-28,exact_day,AUG28_LUNATION,,80,100,仲間の中で自分らしい立場を選び直す満月,{event_date}の満月は、友人やチームとの関係を通して、集団に合わせて変えてきた振る舞いや言えなかった希望を表面へ出します。予想外の参加や離脱に合わせて自分の立場を急に変えると、本当に望むつながりを見失いやすいでしょう。自分の意思を言葉にし、無理なく関われる役割と距離を選んでください。,full_moon;t_square;sun;moon;mercury;uranus,1
2026_08_FULL_MOON_URANUS_TSQUARE_S11_N02,2026_08_FULL_MOON_URANUS_TSQUARE,2026-08,lunation_cluster,2026-08-27T00:00:00+09:00,2026-08-28T13:18:00+09:00,2026-08-29T23:59:59+09:00,0,SUN|MOON|MERCURY|URANUS,SUN:VIRGO|MOON:PISCES|MERCURY:VIRGO|URANUS:GEMINI,SUN-MOON:180|SUN-MERCURY:0|SUN-URANUS:90|MOON-URANUS:90|MERCURY-URANUS:90,1,4,lunation_plus_planet,SUN,11,2,anchor_house,SUN|MOON|MERCURY|URANUS,swiss_ephemeris,FULL_MOON:2026-08-28|SUN:MERCURY:0:2026-08-28,exact_day,AUG28_LUNATION,,80,100,共同目標と自分の資源を配り直す満月,{event_date}の満月は、仲間との計画へ使ってきたお金、時間、技能が、自分の価値観に合っているかを明らかにします。場の勢いや急な資金要請に応じると、生活を守るための資源まで使いやすいでしょう。残したい予算と時間を先に決め、共同目標へ提供できる範囲を伝えてください。,full_moon;t_square;sun;moon;mercury;uranus,1
2026_08_FULL_MOON_URANUS_TSQUARE_S11_N03,2026_08_FULL_MOON_URANUS_TSQUARE,2026-08,lunation_cluster,2026-08-27T00:00:00+09:00,2026-08-28T13:18:00+09:00,2026-08-29T23:59:59+09:00,0,SUN|MOON|MERCURY|URANUS,SUN:VIRGO|MOON:PISCES|MERCURY:VIRGO|URANUS:GEMINI,SUN-MOON:180|SUN-MERCURY:0|SUN-URANUS:90|MOON-URANUS:90|MERCURY-URANUS:90,1,4,lunation_plus_planet,SUN,11,3,anchor_house,SUN|MOON|MERCURY|URANUS,swiss_ephemeris,FULL_MOON:2026-08-28|SUN:MERCURY:0:2026-08-28,exact_day,AUG28_LUNATION,,80,100,チームの情報と未来計画を組み直す満月,{event_date}の満月は、友人、チーム、オンライン上の情報交換から、共同計画にあった認識のずれを表面化させます。予想外の提案を全員の合意として広めると、誰の意思で動くのか曖昧になります。情報源と個別の意向を確かめ、決まったことと検討中の案を分けて共有してください。,full_moon;t_square;sun;moon;mercury;uranus,1
2026_08_FULL_MOON_URANUS_TSQUARE_S11_N04,2026_08_FULL_MOON_URANUS_TSQUARE,2026-08,lunation_cluster,2026-08-27T00:00:00+09:00,2026-08-28T13:18:00+09:00,2026-08-29T23:59:59+09:00,0,SUN|MOON|MERCURY|URANUS,SUN:VIRGO|MOON:PISCES|MERCURY:VIRGO|URANUS:GEMINI,SUN-MOON:180|SUN-MERCURY:0|SUN-URANUS:90|MOON-URANUS:90|MERCURY-URANUS:90,1,4,lunation_plus_planet,SUN,11,4,anchor_house,SUN|MOON|MERCURY|URANUS,swiss_ephemeris,FULL_MOON:2026-08-28|SUN:MERCURY:0:2026-08-28,exact_day,AUG28_LUNATION,,80,100,仲間との居場所と家の安心を整える満月,{event_date}の満月は、友人や地域とのつながりが、自分の住まいや家族との時間へ与えてきた影響を明らかにします。急な集まりや共同生活の提案を居場所の答えと決めると、私生活の安心を見失いやすいでしょう。外で関わる時間と家へ戻る時間を分け、自分が落ち着ける基盤を守ってください。,full_moon;t_square;sun;moon;mercury;uranus,1
2026_08_FULL_MOON_URANUS_TSQUARE_S11_N05,2026_08_FULL_MOON_URANUS_TSQUARE,2026-08,lunation_cluster,2026-08-27T00:00:00+09:00,2026-08-28T13:18:00+09:00,2026-08-29T23:59:59+09:00,0,SUN|MOON|MERCURY|URANUS,SUN:VIRGO|MOON:PISCES|MERCURY:VIRGO|URANUS:GEMINI,SUN-MOON:180|SUN-MERCURY:0|SUN-URANUS:90|MOON-URANUS:90|MERCURY-URANUS:90,1,4,lunation_plus_planet,SUN,11,5,anchor_house,SUN|MOON|MERCURY|URANUS,swiss_ephemeris,FULL_MOON:2026-08-28|SUN:MERCURY:0:2026-08-28,exact_day,AUG28_LUNATION,,80,100,仲間と楽しむ創作や恋の形を直す満月,{event_date}の満月は、友人と進める創作、遊び、イベントの中で、自分が本当に楽しめたことと合わせていたことを表面へ出します。予想外の反応や盛り上がりを作品や恋の最終評価と決めないでください。共同で続ける企画と個人で守る表現を分け、喜びが残る関わり方へ整えましょう。,full_moon;t_square;sun;moon;mercury;uranus,1
2026_08_FULL_MOON_URANUS_TSQUARE_S11_N06,2026_08_FULL_MOON_URANUS_TSQUARE,2026-08,lunation_cluster,2026-08-27T00:00:00+09:00,2026-08-28T13:18:00+09:00,2026-08-29T23:59:59+09:00,0,SUN|MOON|MERCURY|URANUS,SUN:VIRGO|MOON:PISCES|MERCURY:VIRGO|URANUS:GEMINI,SUN-MOON:180|SUN-MERCURY:0|SUN-URANUS:90|MOON-URANUS:90|MERCURY-URANUS:90,1,4,lunation_plus_planet,SUN,11,6,anchor_house,SUN|MOON|MERCURY|URANUS,swiss_ephemeris,FULL_MOON:2026-08-28|SUN:MERCURY:0:2026-08-28,exact_day,AUG28_LUNATION,,80,100,チームの日課と作業分担を更新する満月,{event_date}の満月は、チームやコミュニティの運営で、日常的な作業や気遣いが誰に偏っていたかを明らかにします。突然の離脱や追加依頼へすべて応じると、必要な休息や本来の仕事が抜けやすいでしょう。担当、頻度、連絡方法を整理し、無理なく続けられる分担へ更新してください。,full_moon;t_square;sun;moon;mercury;uranus,1
2026_08_FULL_MOON_URANUS_TSQUARE_S11_N07,2026_08_FULL_MOON_URANUS_TSQUARE,2026-08,lunation_cluster,2026-08-27T00:00:00+09:00,2026-08-28T13:18:00+09:00,2026-08-29T23:59:59+09:00,0,SUN|MOON|MERCURY|URANUS,SUN:VIRGO|MOON:PISCES|MERCURY:VIRGO|URANUS:GEMINI,SUN-MOON:180|SUN-MERCURY:0|SUN-URANUS:90|MOON-URANUS:90|MERCURY-URANUS:90,1,4,lunation_plus_planet,SUN,11,7,anchor_house,SUN|MOON|MERCURY|URANUS,swiss_ephemeris,FULL_MOON:2026-08-28|SUN:MERCURY:0:2026-08-28,exact_day,AUG28_LUNATION,,80,100,友情と協力関係の境界を見直す満月,{event_date}の満月は、友人、仲間、共同で活動する相手との間で、友情と契約上の責任が混ざっていた部分を表面化させます。相手の予想外の要望を関係全体の結論と受け取ると、必要以上に揺れやすいでしょう。好意でできることと約束として担うことを分け、対等な条件を確認してください。,full_moon;t_square;sun;moon;mercury;uranus,1
2026_08_FULL_MOON_URANUS_TSQUARE_S11_N08,2026_08_FULL_MOON_URANUS_TSQUARE,2026-08,lunation_cluster,2026-08-27T00:00:00+09:00,2026-08-28T13:18:00+09:00,2026-08-29T23:59:59+09:00,0,SUN|MOON|MERCURY|URANUS,SUN:VIRGO|MOON:PISCES|MERCURY:VIRGO|URANUS:GEMINI,SUN-MOON:180|SUN-MERCURY:0|SUN-URANUS:90|MOON-URANUS:90|MERCURY-URANUS:90,1,4,lunation_plus_planet,SUN,11,8,anchor_house,SUN|MOON|MERCURY|URANUS,swiss_ephemeris,FULL_MOON:2026-08-28|SUN:MERCURY:0:2026-08-28,exact_day,AUG28_LUNATION,,80,100,共同資金と仲間への信頼を整える満月,{event_date}の満月は、チームで共有する資金、情報、深い責任の偏りを明らかにし、仲間への信頼を見直す機会を作ります。予想外の数字や秘密に心が動いても、感情だけで誰かを全面的に信頼したり疑ったりしないでください。記録と役割を確認し、安心して預けられる範囲を整えましょう。,full_moon;t_square;sun;moon;mercury;uranus,1
2026_08_FULL_MOON_URANUS_TSQUARE_S11_N09,2026_08_FULL_MOON_URANUS_TSQUARE,2026-08,lunation_cluster,2026-08-27T00:00:00+09:00,2026-08-28T13:18:00+09:00,2026-08-29T23:59:59+09:00,0,SUN|MOON|MERCURY|URANUS,SUN:VIRGO|MOON:PISCES|MERCURY:VIRGO|URANUS:GEMINI,SUN-MOON:180|SUN-MERCURY:0|SUN-URANUS:90|MOON-URANUS:90|MERCURY-URANUS:90,1,4,lunation_plus_planet,SUN,11,9,anchor_house,SUN|MOON|MERCURY|URANUS,swiss_ephemeris,FULL_MOON:2026-08-28|SUN:MERCURY:0:2026-08-28,exact_day,AUG28_LUNATION,,80,100,仲間と共有する理想を問い直す満月,{event_date}の満月は、コミュニティと共有してきた理念、社会への考え方、将来像が、現在の活動に合っているかを明らかにします。予想外の異論を全員の方針転換と受け取ると、対話の余地が狭まります。それぞれが信じる理由を確かめ、実行できる目標と言葉へ共同の理想を整えてください。,full_moon;t_square;sun;moon;mercury;uranus,1
2026_08_FULL_MOON_URANUS_TSQUARE_S11_N10,2026_08_FULL_MOON_URANUS_TSQUARE,2026-08,lunation_cluster,2026-08-27T00:00:00+09:00,2026-08-28T13:18:00+09:00,2026-08-29T23:59:59+09:00,0,SUN|MOON|MERCURY|URANUS,SUN:VIRGO|MOON:PISCES|MERCURY:VIRGO|URANUS:GEMINI,SUN-MOON:180|SUN-MERCURY:0|SUN-URANUS:90|MOON-URANUS:90|MERCURY-URANUS:90,1,4,lunation_plus_planet,SUN,11,10,anchor_house,SUN|MOON|MERCURY|URANUS,swiss_ephemeris,FULL_MOON:2026-08-28|SUN:MERCURY:0:2026-08-28,exact_day,AUG28_LUNATION,,80,100,集団の中で担う社会的役割を直す満月,{event_date}の満月は、職場のチームや社会的な集まりの中で、自分が担ってきた責任と評価を表面化させます。突然の役割変更や注目に合わせて約束を増やすと、誰の目標へ責任を負うのか曖昧になります。権限、期限、支援の条件を言葉にし、長く担える立場へ整えてください。,full_moon;t_square;sun;moon;mercury;uranus,1
2026_08_FULL_MOON_URANUS_TSQUARE_S11_N11,2026_08_FULL_MOON_URANUS_TSQUARE,2026-08,lunation_cluster,2026-08-27T00:00:00+09:00,2026-08-28T13:18:00+09:00,2026-08-29T23:59:59+09:00,0,SUN|MOON|MERCURY|URANUS,SUN:VIRGO|MOON:PISCES|MERCURY:VIRGO|URANUS:GEMINI,SUN-MOON:180|SUN-MERCURY:0|SUN-URANUS:90|MOON-URANUS:90|MERCURY-URANUS:90,1,4,lunation_plus_planet,SUN,11,11,anchor_house,SUN|MOON|MERCURY|URANUS,swiss_ephemeris,FULL_MOON:2026-08-28|SUN:MERCURY:0:2026-08-28,exact_day,AUG28_LUNATION,,80,100,未来計画とつながりを根本から直す満月,{event_date}の満月は、友人関係、チーム活動、長く描いてきた未来計画の成果と限界を強く照らします。予想外の出会いや離脱があっても、つながり全体を一度に入れ替える必要はありません。残したい関係、終えたい役割、新しく試す計画を分け、次の段階を選んでください。,full_moon;t_square;sun;moon;mercury;uranus,1
2026_08_FULL_MOON_URANUS_TSQUARE_S11_N12,2026_08_FULL_MOON_URANUS_TSQUARE,2026-08,lunation_cluster,2026-08-27T00:00:00+09:00,2026-08-28T13:18:00+09:00,2026-08-29T23:59:59+09:00,0,SUN|MOON|MERCURY|URANUS,SUN:VIRGO|MOON:PISCES|MERCURY:VIRGO|URANUS:GEMINI,SUN-MOON:180|SUN-MERCURY:0|SUN-URANUS:90|MOON-URANUS:90|MERCURY-URANUS:90,1,4,lunation_plus_planet,SUN,11,12,anchor_house,SUN|MOON|MERCURY|URANUS,swiss_ephemeris,FULL_MOON:2026-08-28|SUN:MERCURY:0:2026-08-28,exact_day,AUG28_LUNATION,,80,100,人付き合いの疲れと隠れた役割を解く満月,{event_date}の満月は、仲間のために見えないところで続けてきた支えや、人付き合いで抑えてきた疲れを心の奥から表面へ運びます。突然すべての関係を断ちたくなっても、消耗の中で大きな結論を急ぐ必要はありません。静かな時間を確保し、休む関係と手放してよい役割を分けてください。,full_moon;t_square;sun;moon;mercury;uranus,1
2026_08_FULL_MOON_URANUS_TSQUARE_S12_N01,2026_08_FULL_MOON_URANUS_TSQUARE,2026-08,lunation_cluster,2026-08-27T00:00:00+09:00,2026-08-28T13:18:00+09:00,2026-08-29T23:59:59+09:00,0,SUN|MOON|MERCURY|URANUS,SUN:VIRGO|MOON:PISCES|MERCURY:VIRGO|URANUS:GEMINI,SUN-MOON:180|SUN-MERCURY:0|SUN-URANUS:90|MOON-URANUS:90|MERCURY-URANUS:90,1,4,lunation_plus_planet,SUN,12,1,anchor_house,SUN|MOON|MERCURY|URANUS,swiss_ephemeris,FULL_MOON:2026-08-28|SUN:MERCURY:0:2026-08-28,exact_day,AUG28_LUNATION,,80,100,内側の疲れと自分の姿を結び直す満月,{event_date}の満月は、人に見せず抱えてきた疲れや感情を表面へ運び、今の自分に合わなくなった振る舞いを明らかにします。突然すべてを変えたくなっても、消耗の中で新しい自分像を急いで決める必要はありません。身体の反応を記録し、静かな時間の中で残したい習慣を選んでください。,full_moon;t_square;sun;moon;mercury;uranus,1
2026_08_FULL_MOON_URANUS_TSQUARE_S12_N02,2026_08_FULL_MOON_URANUS_TSQUARE,2026-08,lunation_cluster,2026-08-27T00:00:00+09:00,2026-08-28T13:18:00+09:00,2026-08-29T23:59:59+09:00,0,SUN|MOON|MERCURY|URANUS,SUN:VIRGO|MOON:PISCES|MERCURY:VIRGO|URANUS:GEMINI,SUN-MOON:180|SUN-MERCURY:0|SUN-URANUS:90|MOON-URANUS:90|MERCURY-URANUS:90,1,4,lunation_plus_planet,SUN,12,2,anchor_house,SUN|MOON|MERCURY|URANUS,swiss_ephemeris,FULL_MOON:2026-08-28|SUN:MERCURY:0:2026-08-28,exact_day,AUG28_LUNATION,,80,100,見えない消耗と自分の資源を整える満月,{event_date}の満月は、気づかないうちに使っていたお金、時間、気力を表面化させ、自分の価値を守る方法を見直します。予想外の出費や不安に反応して極端に制限すると、本当に必要な回復まで削りやすいでしょう。隠れた負担を一覧にし、続けるものと終えるものへ資源を配り直してください。,full_moon;t_square;sun;moon;mercury;uranus,1
2026_08_FULL_MOON_URANUS_TSQUARE_S12_N03,2026_08_FULL_MOON_URANUS_TSQUARE,2026-08,lunation_cluster,2026-08-27T00:00:00+09:00,2026-08-28T13:18:00+09:00,2026-08-29T23:59:59+09:00,0,SUN|MOON|MERCURY|URANUS,SUN:VIRGO|MOON:PISCES|MERCURY:VIRGO|URANUS:GEMINI,SUN-MOON:180|SUN-MERCURY:0|SUN-URANUS:90|MOON-URANUS:90|MERCURY-URANUS:90,1,4,lunation_plus_planet,SUN,12,3,anchor_house,SUN|MOON|MERCURY|URANUS,swiss_ephemeris,FULL_MOON:2026-08-28|SUN:MERCURY:0:2026-08-28,exact_day,AUG28_LUNATION,,80,100,言葉になる前の考えを受け止める満月,{event_date}の満月は、夢、記憶、言えなかった考えの断片を心の奥から運び、繰り返していた思考の癖を明らかにします。突然浮かんだ言葉をすぐ事実や予感として伝えると、自分でも意図を見失いやすいでしょう。通知から離れて静かに書き留め、後から残る内容だけを言葉にしてください。,full_moon;t_square;sun;moon;mercury;uranus,1
2026_08_FULL_MOON_URANUS_TSQUARE_S12_N04,2026_08_FULL_MOON_URANUS_TSQUARE,2026-08,lunation_cluster,2026-08-27T00:00:00+09:00,2026-08-28T13:18:00+09:00,2026-08-29T23:59:59+09:00,0,SUN|MOON|MERCURY|URANUS,SUN:VIRGO|MOON:PISCES|MERCURY:VIRGO|URANUS:GEMINI,SUN-MOON:180|SUN-MERCURY:0|SUN-URANUS:90|MOON-URANUS:90|MERCURY-URANUS:90,1,4,lunation_plus_planet,SUN,12,4,anchor_house,SUN|MOON|MERCURY|URANUS,swiss_ephemeris,FULL_MOON:2026-08-28|SUN:MERCURY:0:2026-08-28,exact_day,AUG28_LUNATION,,80,100,家族の記憶と心の居場所を整える満月,{event_date}の満月は、昔の住まい、家族から受けた影響、安心のために抑えてきた感情を心の奥から表面へ運びます。突然よみがえる記憶を現在の家族関係の答えと決めると、今の居場所まで落ち着かなくなります。一人で休める場所を整え、過去と現在の暮らしを分けて受け止めてください。,full_moon;t_square;sun;moon;mercury;uranus,1
2026_08_FULL_MOON_URANUS_TSQUARE_S12_N05,2026_08_FULL_MOON_URANUS_TSQUARE,2026-08,lunation_cluster,2026-08-27T00:00:00+09:00,2026-08-28T13:18:00+09:00,2026-08-29T23:59:59+09:00,0,SUN|MOON|MERCURY|URANUS,SUN:VIRGO|MOON:PISCES|MERCURY:VIRGO|URANUS:GEMINI,SUN-MOON:180|SUN-MERCURY:0|SUN-URANUS:90|MOON-URANUS:90|MERCURY-URANUS:90,1,4,lunation_plus_planet,SUN,12,5,anchor_house,SUN|MOON|MERCURY|URANUS,swiss_ephemeris,FULL_MOON:2026-08-28|SUN:MERCURY:0:2026-08-28,exact_day,AUG28_LUNATION,,80,100,隠してきた創作と恋の本音を迎える満月,{event_date}の満月は、誰にも見せていない創作、夢、言葉にしなかった恋や喜びを心の奥から表面へ運びます。突然あふれた感情を現実の関係や作品の評価と同じものとして扱うと、心が揺れすぎます。まず記録や表現として残し、休息を取ってから公開するかを選んでください。,full_moon;t_square;sun;moon;mercury;uranus,1
2026_08_FULL_MOON_URANUS_TSQUARE_S12_N06,2026_08_FULL_MOON_URANUS_TSQUARE,2026-08,lunation_cluster,2026-08-27T00:00:00+09:00,2026-08-28T13:18:00+09:00,2026-08-29T23:59:59+09:00,0,SUN|MOON|MERCURY|URANUS,SUN:VIRGO|MOON:PISCES|MERCURY:VIRGO|URANUS:GEMINI,SUN-MOON:180|SUN-MERCURY:0|SUN-URANUS:90|MOON-URANUS:90|MERCURY-URANUS:90,1,4,lunation_plus_planet,SUN,12,6,anchor_house,SUN|MOON|MERCURY|URANUS,swiss_ephemeris,FULL_MOON:2026-08-28|SUN:MERCURY:0:2026-08-28,exact_day,AUG28_LUNATION,,80,100,見えない仕事と休息の境界を直す満月,{event_date}の満月は、裏方の作業、無意識の気遣い、休めないまま続けてきた生活習慣を表面化させます。突然すべてを投げ出したくなっても、疲れの中で仕事全体の結論を急ぐ必要はありません。終えてよい作業、助けを求める役割、毎日守る休息を分けてください。,full_moon;t_square;sun;moon;mercury;uranus,1
2026_08_FULL_MOON_URANUS_TSQUARE_S12_N07,2026_08_FULL_MOON_URANUS_TSQUARE,2026-08,lunation_cluster,2026-08-27T00:00:00+09:00,2026-08-28T13:18:00+09:00,2026-08-29T23:59:59+09:00,0,SUN|MOON|MERCURY|URANUS,SUN:VIRGO|MOON:PISCES|MERCURY:VIRGO|URANUS:GEMINI,SUN-MOON:180|SUN-MERCURY:0|SUN-URANUS:90|MOON-URANUS:90|MERCURY-URANUS:90,1,4,lunation_plus_planet,SUN,12,7,anchor_house,SUN|MOON|MERCURY|URANUS,swiss_ephemeris,FULL_MOON:2026-08-28|SUN:MERCURY:0:2026-08-28,exact_day,AUG28_LUNATION,,80,100,言えなかった関係の本音を見直す満月,{event_date}の満月は、重要な相手へ隠してきた期待や、無意識に繰り返してきた関係の癖を心の奥から表面へ運びます。突然浮かぶ疑いや感情を相手の真意と決めると、現実の対話から離れやすいでしょう。一人で本音を記録し、休息を取ってから伝える内容と手放す思いを選んでください。,full_moon;t_square;sun;moon;mercury;uranus,1
2026_08_FULL_MOON_URANUS_TSQUARE_S12_N08,2026_08_FULL_MOON_URANUS_TSQUARE,2026-08,lunation_cluster,2026-08-27T00:00:00+09:00,2026-08-28T13:18:00+09:00,2026-08-29T23:59:59+09:00,0,SUN|MOON|MERCURY|URANUS,SUN:VIRGO|MOON:PISCES|MERCURY:VIRGO|URANUS:GEMINI,SUN-MOON:180|SUN-MERCURY:0|SUN-URANUS:90|MOON-URANUS:90|MERCURY-URANUS:90,1,4,lunation_plus_planet,SUN,12,8,anchor_house,SUN|MOON|MERCURY|URANUS,swiss_ephemeris,FULL_MOON:2026-08-28|SUN:MERCURY:0:2026-08-28,exact_day,AUG28_LUNATION,,80,100,心の奥の負担と共有責任を解く満月,{event_date}の満月は、秘密にしてきた感情、見えない借りの意識、誰にも言わず背負ってきた責任を表面へ運びます。突然の不安を現実の危機と決めたり、すべて自分の責任と考えたりすると、必要な休息から遠ざかります。事実と感情を分け、助けを求めることと手放す負担を選んでください。,full_moon;t_square;sun;moon;mercury;uranus,1
2026_08_FULL_MOON_URANUS_TSQUARE_S12_N09,2026_08_FULL_MOON_URANUS_TSQUARE,2026-08,lunation_cluster,2026-08-27T00:00:00+09:00,2026-08-28T13:18:00+09:00,2026-08-29T23:59:59+09:00,0,SUN|MOON|MERCURY|URANUS,SUN:VIRGO|MOON:PISCES|MERCURY:VIRGO|URANUS:GEMINI,SUN-MOON:180|SUN-MERCURY:0|SUN-URANUS:90|MOON-URANUS:90|MERCURY-URANUS:90,1,4,lunation_plus_planet,SUN,12,9,anchor_house,SUN|MOON|MERCURY|URANUS,swiss_ephemeris,FULL_MOON:2026-08-28|SUN:MERCURY:0:2026-08-28,exact_day,AUG28_LUNATION,,80,100,内なる信念と夢の意味を見直す満月,{event_date}の満月は、言葉にしてこなかった信念、夢、人生への意味づけを心の奥から表面へ運びます。突然浮かんだ啓示のような感覚をすぐ進路の答えと決めると、疲れや不安との違いが分かりにくくなります。静かな場所で記録し、繰り返し残る問いだけを後から学び直してください。,full_moon;t_square;sun;moon;mercury;uranus,1
2026_08_FULL_MOON_URANUS_TSQUARE_S12_N10,2026_08_FULL_MOON_URANUS_TSQUARE,2026-08,lunation_cluster,2026-08-27T00:00:00+09:00,2026-08-28T13:18:00+09:00,2026-08-29T23:59:59+09:00,0,SUN|MOON|MERCURY|URANUS,SUN:VIRGO|MOON:PISCES|MERCURY:VIRGO|URANUS:GEMINI,SUN-MOON:180|SUN-MERCURY:0|SUN-URANUS:90|MOON-URANUS:90|MERCURY-URANUS:90,1,4,lunation_plus_planet,SUN,12,10,anchor_house,SUN|MOON|MERCURY|URANUS,swiss_ephemeris,FULL_MOON:2026-08-28|SUN:MERCURY:0:2026-08-28,exact_day,AUG28_LUNATION,,80,100,舞台裏の努力と社会的役割を直す満月,{event_date}の満月は、表に出ない準備や支えが、仕事上の立場や評価へどう影響してきたかを明らかにします。予想外の注目や役割変更に合わせて、隠れていた努力をすべて証明しようとすると消耗が増えます。休息を確保し、終えてよい役割と今後伝えるべき成果を分けてください。,full_moon;t_square;sun;moon;mercury;uranus,1
2026_08_FULL_MOON_URANUS_TSQUARE_S12_N11,2026_08_FULL_MOON_URANUS_TSQUARE,2026-08,lunation_cluster,2026-08-27T00:00:00+09:00,2026-08-28T13:18:00+09:00,2026-08-29T23:59:59+09:00,0,SUN|MOON|MERCURY|URANUS,SUN:VIRGO|MOON:PISCES|MERCURY:VIRGO|URANUS:GEMINI,SUN-MOON:180|SUN-MERCURY:0|SUN-URANUS:90|MOON-URANUS:90|MERCURY-URANUS:90,1,4,lunation_plus_planet,SUN,12,11,anchor_house,SUN|MOON|MERCURY|URANUS,swiss_ephemeris,FULL_MOON:2026-08-28|SUN:MERCURY:0:2026-08-28,exact_day,AUG28_LUNATION,,80,100,仲間への隠れた支えを手放していく満月,{event_date}の満月は、友人やチームのために見えないところで続けてきた支えと、人付き合いで抑えてきた疲れを表面へ運びます。突然すべてのつながりを断ちたくなっても、消耗の中で関係全体の結論を急ぐ必要はありません。休む関係、残したい仲間、手放してよい役割を分けてください。,full_moon;t_square;sun;moon;mercury;uranus,1
2026_08_FULL_MOON_URANUS_TSQUARE_S12_N12,2026_08_FULL_MOON_URANUS_TSQUARE,2026-08,lunation_cluster,2026-08-27T00:00:00+09:00,2026-08-28T13:18:00+09:00,2026-08-29T23:59:59+09:00,0,SUN|MOON|MERCURY|URANUS,SUN:VIRGO|MOON:PISCES|MERCURY:VIRGO|URANUS:GEMINI,SUN-MOON:180|SUN-MERCURY:0|SUN-URANUS:90|MOON-URANUS:90|MERCURY-URANUS:90,1,4,lunation_plus_planet,SUN,12,12,anchor_house,SUN|MOON|MERCURY|URANUS,swiss_ephemeris,FULL_MOON:2026-08-28|SUN:MERCURY:0:2026-08-28,exact_day,AUG28_LUNATION,,80,100,心の奥の一区切りを静かに迎える満月,{event_date}の満月は、長く言葉にならなかった感情、夢、疲れを心の奥から表面へ運び、内面的な一区切りを示します。予想外にあふれた思いをすぐ現実の結論へ変えるより、まず静かに受け止めることが大切です。眠りや一人の時間を守り、終えてよい習慣と次へ残す願いを選んでください。,full_moon;t_square;sun;moon;mercury;uranus,1
2026_08_JUPITER_SATURN_TRINE_S01_N01,2026_08_JUPITER_SATURN_TRINE,2026-08,aspect_building,2026-08-28T00:00:00+09:00,2026-09-01T07:17:00+09:00,2026-08-31T23:59:59+09:00,0,JUPITER|SATURN,JUPITER:LEO|SATURN:ARIES,JUPITER-SATURN:120,2,2,not_applicable,JUPITER,1,1,anchor_house,JUPITER|SATURN,swiss_ephemeris,JUPITER:SATURN:120:2026-09-01,month_end,MONTH_END_STRUCTURE,,95,80,新しい自分を無理なく続く形へ整える時,{event_date}は、広げたい自己像と、実際に続けられる行動や身体のペースを結びつける時間です。大きな目標を掲げるだけ、あるいは慎重さで動きを止めるだけでは、変化が日常に根づきにくいでしょう。三か月続けられる一つの習慣と確認日を決め、実感を見ながら段階的に広げてください。,trine;jupiter;saturn;builds_into_2026-09,1
2026_08_JUPITER_SATURN_TRINE_S01_N02,2026_08_JUPITER_SATURN_TRINE,2026-08,aspect_building,2026-08-28T00:00:00+09:00,2026-09-01T07:17:00+09:00,2026-08-31T23:59:59+09:00,0,JUPITER|SATURN,JUPITER:LEO|SATURN:ARIES,JUPITER-SATURN:120,2,2,not_applicable,JUPITER,1,2,anchor_house,JUPITER|SATURN,swiss_ephemeris,JUPITER:SATURN:120:2026-09-01,month_end,MONTH_END_STRUCTURE,,95,80,自分の価値を守る資源計画を作る時,{event_date}は、自分の技能や可能性を広げながら、収入、支出、時間を守る現実的な枠を作る時間です。将来の期待だけで費用を増やしたり、損を恐れて必要な投資まで止めたりすると、価値を育てる順序が曖昧になります。生活を守る上限を決め、成果を確認できる小さな支出から始めてください。,trine;jupiter;saturn;builds_into_2026-09,1
2026_08_JUPITER_SATURN_TRINE_S01_N03,2026_08_JUPITER_SATURN_TRINE,2026-08,aspect_building,2026-08-28T00:00:00+09:00,2026-09-01T07:17:00+09:00,2026-08-31T23:59:59+09:00,0,JUPITER|SATURN,JUPITER:LEO|SATURN:ARIES,JUPITER-SATURN:120,2,2,not_applicable,JUPITER,1,3,anchor_house,JUPITER|SATURN,swiss_ephemeris,JUPITER:SATURN:120:2026-09-01,month_end,MONTH_END_STRUCTURE,,95,80,考えと発信を続けられる学びへ整える時,{event_date}は、新しく学びたいことや伝えたい考えを、無理なく続く学習と発信の仕組みへ整える時間です。話題を広げすぎると習得が浅くなり、完成を求めすぎると伝える機会を失いやすいでしょう。扱うテーマと頻度を一つずつ決め、短い記録や発信を積み重ねてください。,trine;jupiter;saturn;builds_into_2026-09,1
2026_08_JUPITER_SATURN_TRINE_S01_N04,2026_08_JUPITER_SATURN_TRINE,2026-08,aspect_building,2026-08-28T00:00:00+09:00,2026-09-01T07:17:00+09:00,2026-08-31T23:59:59+09:00,0,JUPITER|SATURN,JUPITER:LEO|SATURN:ARIES,JUPITER-SATURN:120,2,2,not_applicable,JUPITER,1,4,anchor_house,JUPITER|SATURN,swiss_ephemeris,JUPITER:SATURN:120:2026-09-01,month_end,MONTH_END_STRUCTURE,,95,80,自分らしさを支える暮らしの土台を作る時,{event_date}は、これからの自分に必要な住まい、家族との役割、休める環境を、長く続けられる形へ整える時間です。理想の暮らしを一度に実現しようとすると、費用や家族の事情が重くなり、慎重すぎると必要な変更を先送りしやすいでしょう。残す習慣と変える条件を分け、最初の一か所から整えてください。,trine;jupiter;saturn;builds_into_2026-09,1
2026_08_JUPITER_SATURN_TRINE_S01_N05,2026_08_JUPITER_SATURN_TRINE,2026-08,aspect_building,2026-08-28T00:00:00+09:00,2026-09-01T07:17:00+09:00,2026-08-31T23:59:59+09:00,0,JUPITER|SATURN,JUPITER:LEO|SATURN:ARIES,JUPITER-SATURN:120,2,2,not_applicable,JUPITER,1,5,anchor_house,JUPITER|SATURN,swiss_ephemeris,JUPITER:SATURN:120:2026-09-01,month_end,MONTH_END_STRUCTURE,,95,80,創造性と喜びを続けられる形に育てる時,{event_date}は、表現したい個性や楽しみを広げながら、創作、恋愛、子どもとの時間を守る現実的な枠を作る時間です。勢いで予定や費用を膨らませると喜びが負担になり、評価を気にしすぎると試す前に止まりやすいでしょう。続けたい楽しみを一つ選び、時間と予算の小さな単位を決めてください。,trine;jupiter;saturn;builds_into_2026-09,1
2026_08_JUPITER_SATURN_TRINE_S01_N06,2026_08_JUPITER_SATURN_TRINE,2026-08,aspect_building,2026-08-28T00:00:00+09:00,2026-09-01T07:17:00+09:00,2026-08-31T23:59:59+09:00,0,JUPITER|SATURN,JUPITER:LEO|SATURN:ARIES,JUPITER-SATURN:120,2,2,not_applicable,JUPITER,1,6,anchor_house,JUPITER|SATURN,swiss_ephemeris,JUPITER:SATURN:120:2026-09-01,month_end,MONTH_END_STRUCTURE,,95,80,身体と働き方を支える習慣を定着させる時,{event_date}は、自分の力を広げたい気持ちと、仕事量、睡眠、食事など身体を支える条件を結びつける時間です。改善項目を増やしすぎると管理が負担になり、現状維持に寄りすぎると必要な見直しを逃しやすいでしょう。一日の上限と休む基準を決め、続けられた習慣だけを残してください。,trine;jupiter;saturn;builds_into_2026-09,1
2026_08_JUPITER_SATURN_TRINE_S01_N07,2026_08_JUPITER_SATURN_TRINE,2026-08,aspect_building,2026-08-28T00:00:00+09:00,2026-09-01T07:17:00+09:00,2026-08-31T23:59:59+09:00,0,JUPITER|SATURN,JUPITER:LEO|SATURN:ARIES,JUPITER-SATURN:120,2,2,not_applicable,JUPITER,1,7,anchor_house,JUPITER|SATURN,swiss_ephemeris,JUPITER:SATURN:120:2026-09-01,month_end,MONTH_END_STRUCTURE,,95,80,自分の成長と関係の責任を両立させる時,{event_date}は、自分が進みたい方向と、パートナーや協力相手に対して担う責任を、無理なく両立させる時間です。自分の可能性だけを優先すると相手の負担が増え、関係を守ろうとしすぎると成長の機会を縮めやすいでしょう。互いの希望、期限、譲れない条件を話し、次の一歩を対等に決めてください。,trine;jupiter;saturn;builds_into_2026-09,1
2026_08_JUPITER_SATURN_TRINE_S01_N08,2026_08_JUPITER_SATURN_TRINE,2026-08,aspect_building,2026-08-28T00:00:00+09:00,2026-09-01T07:17:00+09:00,2026-08-31T23:59:59+09:00,0,JUPITER|SATURN,JUPITER:LEO|SATURN:ARIES,JUPITER-SATURN:120,2,2,not_applicable,JUPITER,1,8,anchor_house,JUPITER|SATURN,swiss_ephemeris,JUPITER:SATURN:120:2026-09-01,month_end,MONTH_END_STRUCTURE,,95,80,支援を受けながら自分の責任範囲を決める時,{event_date}は、援助、共同資金、引き継いだ力を活用しながら、自分が担う責任と返す条件を明確にする時間です。支援への期待から使う範囲を広げたり、負い目からすべてを一人で背負ったりすると、長く続く形を失いやすいでしょう。金額、期限、担当を確認し、自分で管理できる範囲から受け取ってください。,trine;jupiter;saturn;builds_into_2026-09,1
2026_08_JUPITER_SATURN_TRINE_S01_N09,2026_08_JUPITER_SATURN_TRINE,2026-08,aspect_building,2026-08-28T00:00:00+09:00,2026-09-01T07:17:00+09:00,2026-08-31T23:59:59+09:00,0,JUPITER|SATURN,JUPITER:LEO|SATURN:ARIES,JUPITER-SATURN:120,2,2,not_applicable,JUPITER,1,9,anchor_house,JUPITER|SATURN,swiss_ephemeris,JUPITER:SATURN:120:2026-09-01,month_end,MONTH_END_STRUCTURE,,95,80,学びと旅の可能性を現実の計画へ変える時,{event_date}は、学び、旅、出版、海外との関わりを広げたい思いを、実行可能な計画へ整える時間です。理想だけで予定を大きくすると費用と準備が追いつかず、条件が整うまで待ち続けると機会を逃しやすいでしょう。必要な資格、期限、予算を調べ、最初の一段階へ計画を絞ってください。,trine;jupiter;saturn;builds_into_2026-09,1
2026_08_JUPITER_SATURN_TRINE_S01_N10,2026_08_JUPITER_SATURN_TRINE,2026-08,aspect_building,2026-08-28T00:00:00+09:00,2026-09-01T07:17:00+09:00,2026-08-31T23:59:59+09:00,0,JUPITER|SATURN,JUPITER:LEO|SATURN:ARIES,JUPITER-SATURN:120,2,2,not_applicable,JUPITER,1,10,anchor_house,JUPITER|SATURN,swiss_ephemeris,JUPITER:SATURN:120:2026-09-01,month_end,MONTH_END_STRUCTURE,,95,80,新しい役割を担える実力と条件を整える時,{event_date}は、自分の成長を仕事や社会的な役割へ結びつけ、責任を持って続けられる条件を整える時間です。肩書や評価を急いで求めると実務が追いつかず、慎重さから準備だけを続けると力を示す機会を逃しやすいでしょう。必要な権限、時間、支援を確認し、小さな責任から実績を積んでください。,trine;jupiter;saturn;builds_into_2026-09,1
2026_08_JUPITER_SATURN_TRINE_S01_N11,2026_08_JUPITER_SATURN_TRINE,2026-08,aspect_building,2026-08-28T00:00:00+09:00,2026-09-01T07:17:00+09:00,2026-08-31T23:59:59+09:00,0,JUPITER|SATURN,JUPITER:LEO|SATURN:ARIES,JUPITER-SATURN:120,2,2,not_applicable,JUPITER,1,11,anchor_house,JUPITER|SATURN,swiss_ephemeris,JUPITER:SATURN:120:2026-09-01,month_end,MONTH_END_STRUCTURE,,95,80,仲間と描く未来に自分の役割を定める時,{event_date}は、仲間やコミュニティと描く未来を広げながら、その中で自分が継続して担える役割を定める時間です。場の期待に応えて担当を増やすと余力を失い、自分の自由だけを守ると共同計画が進みにくいでしょう。使える時間と技能を伝え、短い期間で見直せる役割から選んでください。,trine;jupiter;saturn;builds_into_2026-09,1
2026_08_JUPITER_SATURN_TRINE_S01_N12,2026_08_JUPITER_SATURN_TRINE,2026-08,aspect_building,2026-08-28T00:00:00+09:00,2026-09-01T07:17:00+09:00,2026-08-31T23:59:59+09:00,0,JUPITER|SATURN,JUPITER:LEO|SATURN:ARIES,JUPITER-SATURN:120,2,2,not_applicable,JUPITER,1,12,anchor_house,JUPITER|SATURN,swiss_ephemeris,JUPITER:SATURN:120:2026-09-01,month_end,MONTH_END_STRUCTURE,,95,80,静かな準備で次の自分を内側から育てる時,{event_date}は、外へ示したい新しい自分と、休息や水面下の準備に必要な時間を結びつける時です。変化を急いで公表すると内側の回復が追いつかず、完全に整うまで隠れると動き出すきっかけを失いやすいでしょう。終えることと育てることを一つずつ決め、信頼できる相手にだけ進捗を共有してください。,trine;jupiter;saturn;builds_into_2026-09,1
2026_08_JUPITER_SATURN_TRINE_S02_N01,2026_08_JUPITER_SATURN_TRINE,2026-08,aspect_building,2026-08-28T00:00:00+09:00,2026-09-01T07:17:00+09:00,2026-08-31T23:59:59+09:00,0,JUPITER|SATURN,JUPITER:LEO|SATURN:ARIES,JUPITER-SATURN:120,2,2,not_applicable,JUPITER,2,1,anchor_house,JUPITER|SATURN,swiss_ephemeris,JUPITER:SATURN:120:2026-09-01,month_end,MONTH_END_STRUCTURE,,95,80,自分の価値を行動と対価で示していく時,{event_date}は、自分の技能や持ち味を広げながら、それを行動、価格、時間の使い方として具体的に示す時間です。認められたい気持ちから安く引き受けると価値を守れず、自信だけで条件を上げると相手との根拠が噛み合いにくいでしょう。提供できる内容を整理し、小さな実績と対価を対応させてください。,trine;jupiter;saturn;builds_into_2026-09,1
2026_08_JUPITER_SATURN_TRINE_S02_N02,2026_08_JUPITER_SATURN_TRINE,2026-08,aspect_building,2026-08-28T00:00:00+09:00,2026-09-01T07:17:00+09:00,2026-08-31T23:59:59+09:00,0,JUPITER|SATURN,JUPITER:LEO|SATURN:ARIES,JUPITER-SATURN:120,2,2,not_applicable,JUPITER,2,2,anchor_house,JUPITER|SATURN,swiss_ephemeris,JUPITER:SATURN:120:2026-09-01,month_end,MONTH_END_STRUCTURE,,95,80,収入と支出の土台を長く続く形へ整える時,{event_date}は、収入、支出、貯蓄、持ち物を見直し、豊かさを無理なく維持できる土台へ整える時間です。増やせる期待だけで計画すると固定費が重くなり、節約を優先しすぎると必要な成長まで止めやすいでしょう。生活を守る金額を先に確保し、余剰分の使い道と確認日を決めてください。,trine;jupiter;saturn;builds_into_2026-09,1
2026_08_JUPITER_SATURN_TRINE_S02_N03,2026_08_JUPITER_SATURN_TRINE,2026-08,aspect_building,2026-08-28T00:00:00+09:00,2026-09-01T07:17:00+09:00,2026-08-31T23:59:59+09:00,0,JUPITER|SATURN,JUPITER:LEO|SATURN:ARIES,JUPITER-SATURN:120,2,2,not_applicable,JUPITER,2,3,anchor_house,JUPITER|SATURN,swiss_ephemeris,JUPITER:SATURN:120:2026-09-01,month_end,MONTH_END_STRUCTURE,,95,80,知識と言葉を実用的な価値へ育てる時,{event_date}は、学んだ知識、文章、会話の力を広げながら、実際に人へ役立つ形と対価へ結びつける時間です。発信量だけを増やすと内容が薄くなり、完成度を求めすぎると価値を試す機会を逃しやすいでしょう。扱うテーマと相手を絞り、短い教材や相談から反応を確かめてください。,trine;jupiter;saturn;builds_into_2026-09,1
2026_08_JUPITER_SATURN_TRINE_S02_N04,2026_08_JUPITER_SATURN_TRINE,2026-08,aspect_building,2026-08-28T00:00:00+09:00,2026-09-01T07:17:00+09:00,2026-08-31T23:59:59+09:00,0,JUPITER|SATURN,JUPITER:LEO|SATURN:ARIES,JUPITER-SATURN:120,2,2,not_applicable,JUPITER,2,4,anchor_house,JUPITER|SATURN,swiss_ephemeris,JUPITER:SATURN:120:2026-09-01,month_end,MONTH_END_STRUCTURE,,95,80,家と家族を支える資金計画を作る時,{event_date}は、住居費、家に残す物、家族を支える資源を見直し、長く安心できる暮らしの計画へ整える時間です。理想の住環境へ一度に費用をかけると維持が重くなり、将来を心配しすぎると必要な改善まで止まりやすいでしょう。毎月守る金額を決め、効果を確かめられる一か所から整えてください。,trine;jupiter;saturn;builds_into_2026-09,1
2026_08_JUPITER_SATURN_TRINE_S02_N05,2026_08_JUPITER_SATURN_TRINE,2026-08,aspect_building,2026-08-28T00:00:00+09:00,2026-09-01T07:17:00+09:00,2026-08-31T23:59:59+09:00,0,JUPITER|SATURN,JUPITER:LEO|SATURN:ARIES,JUPITER-SATURN:120,2,2,not_applicable,JUPITER,2,5,anchor_house,JUPITER|SATURN,swiss_ephemeris,JUPITER:SATURN:120:2026-09-01,month_end,MONTH_END_STRUCTURE,,95,80,好きなことへ使う時間と予算を守る時,{event_date}は、創作、恋愛、遊び、子どもとの時間を豊かにしながら、喜びを無理なく続ける予算と予定を作る時間です。勢いで費用を広げると楽しみが負担になり、役立つかどうかだけで判断すると心が弾む余白を失いやすいでしょう。大切な楽しみを一つ選び、使える金額と時間を先に確保してください。,trine;jupiter;saturn;builds_into_2026-09,1
2026_08_JUPITER_SATURN_TRINE_S02_N06,2026_08_JUPITER_SATURN_TRINE,2026-08,aspect_building,2026-08-28T00:00:00+09:00,2026-09-01T07:17:00+09:00,2026-08-31T23:59:59+09:00,0,JUPITER|SATURN,JUPITER:LEO|SATURN:ARIES,JUPITER-SATURN:120,2,2,not_applicable,JUPITER,2,6,anchor_house,JUPITER|SATURN,swiss_ephemeris,JUPITER:SATURN:120:2026-09-01,month_end,MONTH_END_STRUCTURE,,95,80,技能と働き方を安定した収入へつなぐ時,{event_date}は、日々磨いてきた技能や実務の可能性を広げながら、作業量と報酬が釣り合う働き方へ整える時間です。依頼を増やすだけでは休息が減り、条件を守ることに集中しすぎると新しい仕事を試しにくくなるでしょう。一件に必要な時間と経費を記録し、無理のない単価と上限を決めてください。,trine;jupiter;saturn;builds_into_2026-09,1
2026_08_JUPITER_SATURN_TRINE_S02_N07,2026_08_JUPITER_SATURN_TRINE,2026-08,aspect_building,2026-08-28T00:00:00+09:00,2026-09-01T07:17:00+09:00,2026-08-31T23:59:59+09:00,0,JUPITER|SATURN,JUPITER:LEO|SATURN:ARIES,JUPITER-SATURN:120,2,2,not_applicable,JUPITER,2,7,anchor_house,JUPITER|SATURN,swiss_ephemeris,JUPITER:SATURN:120:2026-09-01,month_end,MONTH_END_STRUCTURE,,95,80,対等な契約で価値と責任を分かち合う時,{event_date}は、顧客やパートナーと生み出せる価値を広げながら、対価、役割、責任を対等に分ける時間です。関係の良さだけで条件を緩めると負担が偏り、契約を固めすぎると協力の可能性まで狭めやすいでしょう。提供内容、金額、期限、見直し方法を話し、双方が続けられる形を選んでください。,trine;jupiter;saturn;builds_into_2026-09,1
2026_08_JUPITER_SATURN_TRINE_S02_N08,2026_08_JUPITER_SATURN_TRINE,2026-08,aspect_building,2026-08-28T00:00:00+09:00,2026-09-01T07:17:00+09:00,2026-08-31T23:59:59+09:00,0,JUPITER|SATURN,JUPITER:LEO|SATURN:ARIES,JUPITER-SATURN:120,2,2,not_applicable,JUPITER,2,8,anchor_house,JUPITER|SATURN,swiss_ephemeris,JUPITER:SATURN:120:2026-09-01,month_end,MONTH_END_STRUCTURE,,95,80,自分の資産と共有資金の境界を整える時,{event_date}は、自分の収入と共同資金、援助、返済などを見直し、活用できる資源と負う責任の境界を整える時間です。支援への期待で使う額を広げると返す条件が重くなり、不安から共有を拒むと必要な助けまで受けにくくなるでしょう。名義、残高、期限を確認し、自分で管理できる範囲を決めてください。,trine;jupiter;saturn;builds_into_2026-09,1
2026_08_JUPITER_SATURN_TRINE_S02_N09,2026_08_JUPITER_SATURN_TRINE,2026-08,aspect_building,2026-08-28T00:00:00+09:00,2026-09-01T07:17:00+09:00,2026-08-31T23:59:59+09:00,0,JUPITER|SATURN,JUPITER:LEO|SATURN:ARIES,JUPITER-SATURN:120,2,2,not_applicable,JUPITER,2,9,anchor_house,JUPITER|SATURN,swiss_ephemeris,JUPITER:SATURN:120:2026-09-01,month_end,MONTH_END_STRUCTURE,,95,80,学びと旅への投資を現実的に計画する時,{event_date}は、学費、旅費、専門資料への投資を広げながら、経験を価値へ変える現実的な計画を作る時間です。将来の可能性だけで費用を増やすと生活資金を圧迫し、回収を急ぎすぎると学ぶ意味を狭めやすいでしょう。目的、予算、期間を決め、今の技能へつながる順に選んでください。,trine;jupiter;saturn;builds_into_2026-09,1
2026_08_JUPITER_SATURN_TRINE_S02_N10,2026_08_JUPITER_SATURN_TRINE,2026-08,aspect_building,2026-08-28T00:00:00+09:00,2026-09-01T07:17:00+09:00,2026-08-31T23:59:59+09:00,0,JUPITER|SATURN,JUPITER:LEO|SATURN:ARIES,JUPITER-SATURN:120,2,2,not_applicable,JUPITER,2,10,anchor_house,JUPITER|SATURN,swiss_ephemeris,JUPITER:SATURN:120:2026-09-01,month_end,MONTH_END_STRUCTURE,,95,80,仕事の評価を持続可能な報酬へ結ぶ時,{event_date}は、仕事で得た評価や実績を広げながら、継続できる報酬、肩書、責任へ結びつける時間です。期待に応えて役割だけを増やすと対価が追いつかず、条件にこだわりすぎると成長の機会を逃しやすいでしょう。成果と担当範囲を整理し、金額、権限、見直す時期を具体的に話してください。,trine;jupiter;saturn;builds_into_2026-09,1
2026_08_JUPITER_SATURN_TRINE_S02_N11,2026_08_JUPITER_SATURN_TRINE,2026-08,aspect_building,2026-08-28T00:00:00+09:00,2026-09-01T07:17:00+09:00,2026-08-31T23:59:59+09:00,0,JUPITER|SATURN,JUPITER:LEO|SATURN:ARIES,JUPITER-SATURN:120,2,2,not_applicable,JUPITER,2,11,anchor_house,JUPITER|SATURN,swiss_ephemeris,JUPITER:SATURN:120:2026-09-01,month_end,MONTH_END_STRUCTURE,,95,80,仲間と未来を支える資源の使い方を決める時,{event_date}は、仲間やコミュニティの未来へ資金、時間、技能を提供しながら、自分の生活も守れる分担を作る時間です。理念への共感だけで負担を広げると継続できず、自分の利益だけを優先すると共同の可能性を育てにくいでしょう。提供する上限と目的を共有し、短い期間で使途を見直してください。,trine;jupiter;saturn;builds_into_2026-09,1
2026_08_JUPITER_SATURN_TRINE_S02_N12,2026_08_JUPITER_SATURN_TRINE,2026-08,aspect_building,2026-08-28T00:00:00+09:00,2026-09-01T07:17:00+09:00,2026-08-31T23:59:59+09:00,0,JUPITER|SATURN,JUPITER:LEO|SATURN:ARIES,JUPITER-SATURN:120,2,2,not_applicable,JUPITER,2,12,anchor_house,JUPITER|SATURN,swiss_ephemeris,JUPITER:SATURN:120:2026-09-01,month_end,MONTH_END_STRUCTURE,,95,80,見えない出費と無償の負担を減らす時,{event_date}は、無意識の出費、報われにくい努力、誰にも見えない支援を見直し、自分の資源を静かに守る時間です。将来への期待から新しい負担を増やすと消耗が続き、不安からすべてを止めると必要な支えまで失いやすいでしょう。記録を責めずに確認し、終える支出と残す援助を一つずつ決めてください。,trine;jupiter;saturn;builds_into_2026-09,1
2026_08_JUPITER_SATURN_TRINE_S03_N01,2026_08_JUPITER_SATURN_TRINE,2026-08,aspect_building,2026-08-28T00:00:00+09:00,2026-09-01T07:17:00+09:00,2026-08-31T23:59:59+09:00,0,JUPITER|SATURN,JUPITER:LEO|SATURN:ARIES,JUPITER-SATURN:120,2,2,not_applicable,JUPITER,3,1,anchor_house,JUPITER|SATURN,swiss_ephemeris,JUPITER:SATURN:120:2026-09-01,month_end,MONTH_END_STRUCTURE,,95,80,自分の考えを無理なく伝わる形へ整える時,{event_date}は、自分の考えや経験を言葉にし、周囲へ伝わる形へ育てていく時間です。扱う話題を広げすぎると軸がぼやけ、正確さを求めすぎると発信の機会を逃しやすいでしょう。今いちばん届けたい相手と要点を一つに絞り、短い発信を同じ間隔で続けて反応を見直してください。,trine;jupiter;saturn;builds_into_2026-09,1
2026_08_JUPITER_SATURN_TRINE_S03_N02,2026_08_JUPITER_SATURN_TRINE,2026-08,aspect_building,2026-08-28T00:00:00+09:00,2026-09-01T07:17:00+09:00,2026-08-31T23:59:59+09:00,0,JUPITER|SATURN,JUPITER:LEO|SATURN:ARIES,JUPITER-SATURN:120,2,2,not_applicable,JUPITER,3,2,anchor_house,JUPITER|SATURN,swiss_ephemeris,JUPITER:SATURN:120:2026-09-01,month_end,MONTH_END_STRUCTURE,,95,80,知識と言葉を持続可能な価値へ育てる時,{event_date}は、学んできたことや伝える力を、人に役立つサービスや安定した収入へ結びつける時間です。頼まれるまま無償で応じると負担が増え、対価を先に大きくすると内容との釣り合いを取りにくいでしょう。提供する範囲、必要な時間、金額を一枚にまとめ、小さな依頼から確かめてください。,trine;jupiter;saturn;builds_into_2026-09,1
2026_08_JUPITER_SATURN_TRINE_S03_N03,2026_08_JUPITER_SATURN_TRINE,2026-08,aspect_building,2026-08-28T00:00:00+09:00,2026-09-01T07:17:00+09:00,2026-08-31T23:59:59+09:00,0,JUPITER|SATURN,JUPITER:LEO|SATURN:ARIES,JUPITER-SATURN:120,2,2,not_applicable,JUPITER,3,3,anchor_house,JUPITER|SATURN,swiss_ephemeris,JUPITER:SATURN:120:2026-09-01,month_end,MONTH_END_STRUCTURE,,95,80,学びと発信を続けられる仕組みへ整える時,{event_date}は、知りたいことと伝えたいことが広がり、学習や発信を日常の仕組みに変えられる時間です。複数のテーマを同時に追うと理解が散らばり、完成を待ち続けると得た知識を試しにくいでしょう。一つの問いを選び、読む日、まとめる日、伝える日を決めて短い周期で回してください。,trine;jupiter;saturn;builds_into_2026-09,1
2026_08_JUPITER_SATURN_TRINE_S03_N04,2026_08_JUPITER_SATURN_TRINE,2026-08,aspect_building,2026-08-28T00:00:00+09:00,2026-09-01T07:17:00+09:00,2026-08-31T23:59:59+09:00,0,JUPITER|SATURN,JUPITER:LEO|SATURN:ARIES,JUPITER-SATURN:120,2,2,not_applicable,JUPITER,3,4,anchor_house,JUPITER|SATURN,swiss_ephemeris,JUPITER:SATURN:120:2026-09-01,month_end,MONTH_END_STRUCTURE,,95,80,家族との連絡を安心できる習慣へ整える時,{event_date}は、家族や身近な人との会話、住まいに関する連絡を、安心して続けられる形へ整える時間です。一度に結論まで求めると感情が追いつかず、話を先延ばしにすると小さな行き違いが残りやすいでしょう。気持ちと決める事項を分け、共有予定や必要書類を見える場所にまとめてください。,trine;jupiter;saturn;builds_into_2026-09,1
2026_08_JUPITER_SATURN_TRINE_S03_N05,2026_08_JUPITER_SATURN_TRINE,2026-08,aspect_building,2026-08-28T00:00:00+09:00,2026-09-01T07:17:00+09:00,2026-08-31T23:59:59+09:00,0,JUPITER|SATURN,JUPITER:LEO|SATURN:ARIES,JUPITER-SATURN:120,2,2,not_applicable,JUPITER,3,5,anchor_house,JUPITER|SATURN,swiss_ephemeris,JUPITER:SATURN:120:2026-09-01,month_end,MONTH_END_STRUCTURE,,95,80,遊び心ある表現を続けられる作品へ育てる時,{event_date}は、文章、企画、創作などの遊び心ある表現を広げ、完成まで運べる作品へ育てる時間です。思いつくたびに新作へ移ると形が残らず、評価を意識しすぎると自分らしい楽しさを失いやすいでしょう。今月仕上げる形式を一つ選び、締切と発表先を先に決めて手を動かしてください。,trine;jupiter;saturn;builds_into_2026-09,1
2026_08_JUPITER_SATURN_TRINE_S03_N06,2026_08_JUPITER_SATURN_TRINE,2026-08,aspect_building,2026-08-28T00:00:00+09:00,2026-09-01T07:17:00+09:00,2026-08-31T23:59:59+09:00,0,JUPITER|SATURN,JUPITER:LEO|SATURN:ARIES,JUPITER-SATURN:120,2,2,not_applicable,JUPITER,3,6,anchor_house,JUPITER|SATURN,swiss_ephemeris,JUPITER:SATURN:120:2026-09-01,month_end,MONTH_END_STRUCTURE,,95,80,仕事の連絡と学びを日々の手順へ整える時,{event_date}は、仕事の連絡、書類、移動、実務の学びを整理し、毎日無理なく回せる手順へ整える時間です。連絡手段を増やしすぎると確認が漏れ、手順を細かく固定すると急な依頼へ対応しにくいでしょう。窓口を一つに寄せ、確認項目と返信時間を短いチェックリストにしてください。,trine;jupiter;saturn;builds_into_2026-09,1
2026_08_JUPITER_SATURN_TRINE_S03_N07,2026_08_JUPITER_SATURN_TRINE,2026-08,aspect_building,2026-08-28T00:00:00+09:00,2026-09-01T07:17:00+09:00,2026-08-31T23:59:59+09:00,0,JUPITER|SATURN,JUPITER:LEO|SATURN:ARIES,JUPITER-SATURN:120,2,2,not_applicable,JUPITER,3,7,anchor_house,JUPITER|SATURN,swiss_ephemeris,JUPITER:SATURN:120:2026-09-01,month_end,MONTH_END_STRUCTURE,,95,80,対話を対等で続けられる合意へ結ぶ時,{event_date}は、相手との対話や交渉を広げながら、双方が守れる条件と役割へ落とし込む時間です。好意的な見通しだけで話を進めると認識がずれ、条件を固めすぎると協力の余地まで狭めやすいでしょう。目的、担当、期限を文章で確認し、見直す日も含めて合意してください。,trine;jupiter;saturn;builds_into_2026-09,1
2026_08_JUPITER_SATURN_TRINE_S03_N08,2026_08_JUPITER_SATURN_TRINE,2026-08,aspect_building,2026-08-28T00:00:00+09:00,2026-09-01T07:17:00+09:00,2026-08-31T23:59:59+09:00,0,JUPITER|SATURN,JUPITER:LEO|SATURN:ARIES,JUPITER-SATURN:120,2,2,not_applicable,JUPITER,3,8,anchor_house,JUPITER|SATURN,swiss_ephemeris,JUPITER:SATURN:120:2026-09-01,month_end,MONTH_END_STRUCTURE,,95,80,大切な情報と共有条件を記録に残す時,{event_date}は、共有資金、契約、相続、秘密にしたい情報について、必要な確認を落ち着いて進める時間です。分かっているつもりで話を省くと条件が曖昧になり、慎重になりすぎると相談そのものを避けやすいでしょう。質問、名義、期限、保管場所を一覧にし、合意した内容を記録へ残してください。,trine;jupiter;saturn;builds_into_2026-09,1
2026_08_JUPITER_SATURN_TRINE_S03_N09,2026_08_JUPITER_SATURN_TRINE,2026-08,aspect_building,2026-08-28T00:00:00+09:00,2026-09-01T07:17:00+09:00,2026-08-31T23:59:59+09:00,0,JUPITER|SATURN,JUPITER:LEO|SATURN:ARIES,JUPITER-SATURN:120,2,2,not_applicable,JUPITER,3,9,anchor_house,JUPITER|SATURN,swiss_ephemeris,JUPITER:SATURN:120:2026-09-01,month_end,MONTH_END_STRUCTURE,,95,80,専門的な学びを伝わる発信へ育てる時,{event_date}は、専門的な学び、研究、旅で得た視点を広げ、他者へ伝わる発信や教材へ育てる時間です。大きな結論を急ぐと根拠が追いつかず、十分に学ぶまで待つと共有できる知恵を眠らせやすいでしょう。出典と自分の考察を分け、短い記事や小さな講座として一度公開してください。,trine;jupiter;saturn;builds_into_2026-09,1
2026_08_JUPITER_SATURN_TRINE_S03_N10,2026_08_JUPITER_SATURN_TRINE,2026-08,aspect_building,2026-08-28T00:00:00+09:00,2026-09-01T07:17:00+09:00,2026-08-31T23:59:59+09:00,0,JUPITER|SATURN,JUPITER:LEO|SATURN:ARIES,JUPITER-SATURN:120,2,2,not_applicable,JUPITER,3,10,anchor_house,JUPITER|SATURN,swiss_ephemeris,JUPITER:SATURN:120:2026-09-01,month_end,MONTH_END_STRUCTURE,,95,80,仕事の言葉を信頼される発信へ整える時,{event_date}は、提案、説明、発表の力を広げ、仕事上の信頼につながる伝え方へ整える時間です。期待を集めようと表現を大きくすると実行との距離が開き、慎重になりすぎると考えが伝わりません。根拠、担当範囲、予定を添えた提案を一つ作り、決定権のある相手へ届けてください。,trine;jupiter;saturn;builds_into_2026-09,1
2026_08_JUPITER_SATURN_TRINE_S03_N11,2026_08_JUPITER_SATURN_TRINE,2026-08,aspect_building,2026-08-28T00:00:00+09:00,2026-09-01T07:17:00+09:00,2026-08-31T23:59:59+09:00,0,JUPITER|SATURN,JUPITER:LEO|SATURN:ARIES,JUPITER-SATURN:120,2,2,not_applicable,JUPITER,3,11,anchor_house,JUPITER|SATURN,swiss_ephemeris,JUPITER:SATURN:120:2026-09-01,month_end,MONTH_END_STRUCTURE,,95,80,仲間との対話を実行できる計画へ変える時,{event_date}は、仲間やコミュニティとの会話から可能性を広げ、共同で進められる計画へ変える時間です。案を出すだけでは誰も着手できず、最初から規則を増やすと参加しにくい場になるでしょう。最初の作業、担当者、期限を一つずつ決め、短い振り返りで次の動きを調整してください。,trine;jupiter;saturn;builds_into_2026-09,1
2026_08_JUPITER_SATURN_TRINE_S03_N12,2026_08_JUPITER_SATURN_TRINE,2026-08,aspect_building,2026-08-28T00:00:00+09:00,2026-09-01T07:17:00+09:00,2026-08-31T23:59:59+09:00,0,JUPITER|SATURN,JUPITER:LEO|SATURN:ARIES,JUPITER-SATURN:120,2,2,not_applicable,JUPITER,3,12,anchor_house,JUPITER|SATURN,swiss_ephemeris,JUPITER:SATURN:120:2026-09-01,month_end,MONTH_END_STRUCTURE,,95,80,情報を休めて内側の考えを静かに育てる時,{event_date}は、入ってくる情報を整理し、まだ人に見せていない考えや言葉を静かに育てる時間です。刺激を追い続けると本音を聞き取りにくくなり、一人で考え込みすぎると視野が狭まりやすいでしょう。通知を止める時間を作り、浮かんだことをノートへ残してから信頼できる相手にだけ読んでもらってください。,trine;jupiter;saturn;builds_into_2026-09,1
2026_08_JUPITER_SATURN_TRINE_S04_N01,2026_08_JUPITER_SATURN_TRINE,2026-08,aspect_building,2026-08-28T00:00:00+09:00,2026-09-01T07:17:00+09:00,2026-08-31T23:59:59+09:00,0,JUPITER|SATURN,JUPITER:LEO|SATURN:ARIES,JUPITER-SATURN:120,2,2,not_applicable,JUPITER,4,1,anchor_house,JUPITER|SATURN,swiss_ephemeris,JUPITER:SATURN:120:2026-09-01,month_end,MONTH_END_STRUCTURE,,95,80,安心できる居場所から自分らしさを育てる時,{event_date}は、安心できる居場所を広げながら、そこで育てたい自分の姿を現実の暮らしへ根づかせる時間です。環境を一気に変えると心が追いつかず、今の役割に固執すると新しい自分を試しにくいでしょう。部屋の一角や家で過ごす時間を整え、自然に続けられる習慣から自己表現を始めてください。,trine;jupiter;saturn;builds_into_2026-09,1
2026_08_JUPITER_SATURN_TRINE_S04_N02,2026_08_JUPITER_SATURN_TRINE,2026-08,aspect_building,2026-08-28T00:00:00+09:00,2026-09-01T07:17:00+09:00,2026-08-31T23:59:59+09:00,0,JUPITER|SATURN,JUPITER:LEO|SATURN:ARIES,JUPITER-SATURN:120,2,2,not_applicable,JUPITER,4,2,anchor_house,JUPITER|SATURN,swiss_ephemeris,JUPITER:SATURN:120:2026-09-01,month_end,MONTH_END_STRUCTURE,,95,80,家の豊かさを守れる予算と持ち物へ整える時,{event_date}は、住まいや家族のために使うお金と物を見直し、安心を長く支えられる家計へ整える時間です。理想の暮らしへ費用を広げすぎると維持が重くなり、節約だけを優先すると必要な快適さまで削りやすいでしょう。毎月守る金額を先に決め、残す物と整える場所を一つずつ選んでください。,trine;jupiter;saturn;builds_into_2026-09,1
2026_08_JUPITER_SATURN_TRINE_S04_N03,2026_08_JUPITER_SATURN_TRINE,2026-08,aspect_building,2026-08-28T00:00:00+09:00,2026-09-01T07:17:00+09:00,2026-08-31T23:59:59+09:00,0,JUPITER|SATURN,JUPITER:LEO|SATURN:ARIES,JUPITER-SATURN:120,2,2,not_applicable,JUPITER,4,3,anchor_house,JUPITER|SATURN,swiss_ephemeris,JUPITER:SATURN:120:2026-09-01,month_end,MONTH_END_STRUCTURE,,95,80,家族の会話を暮らしに根づく約束へ変える時,{event_date}は、家族や身近な人との会話を広げ、日々の暮らしを支える連絡や約束へ結びつける時間です。思いを一度に説明すると要点が埋もれ、決まりだけを増やすと互いの事情をくみ取りにくいでしょう。話す時間を短く区切り、担当、予定、必要な連絡を共有できる形で残してください。,trine;jupiter;saturn;builds_into_2026-09,1
2026_08_JUPITER_SATURN_TRINE_S04_N04,2026_08_JUPITER_SATURN_TRINE,2026-08,aspect_building,2026-08-28T00:00:00+09:00,2026-09-01T07:17:00+09:00,2026-08-31T23:59:59+09:00,0,JUPITER|SATURN,JUPITER:LEO|SATURN:ARIES,JUPITER-SATURN:120,2,2,not_applicable,JUPITER,4,4,anchor_house,JUPITER|SATURN,swiss_ephemeris,JUPITER:SATURN:120:2026-09-01,month_end,MONTH_END_STRUCTURE,,95,80,住まいと家族の土台を長く続く形へ整える時,{event_date}は、住まい、家族との関係、心の拠り所を広げながら、長く守れる生活の土台へ整える時間です。理想の居場所を急いで完成させると負担が増え、慣れた形を守るだけでは今の必要に合わなくなるでしょう。残したい習慣と変えたい役割を分け、家族と一つずつ合意して進めてください。,trine;jupiter;saturn;builds_into_2026-09,1
2026_08_JUPITER_SATURN_TRINE_S04_N05,2026_08_JUPITER_SATURN_TRINE,2026-08,aspect_building,2026-08-28T00:00:00+09:00,2026-09-01T07:17:00+09:00,2026-08-31T23:59:59+09:00,0,JUPITER|SATURN,JUPITER:LEO|SATURN:ARIES,JUPITER-SATURN:120,2,2,not_applicable,JUPITER,4,5,anchor_house,JUPITER|SATURN,swiss_ephemeris,JUPITER:SATURN:120:2026-09-01,month_end,MONTH_END_STRUCTURE,,95,80,家で育つ喜びを続けられる楽しみへ変える時,{event_date}は、家での創作、恋愛、遊び、子どもとの時間を豊かにし、日常の中で続けられる喜びへ育てる時間です。楽しみを増やしすぎると家の用事が回らず、予定を管理しすぎると心が弾む余白を失いやすいでしょう。皆が楽しめることを一つ選び、準備と片づけまで含む無理のない時間を確保してください。,trine;jupiter;saturn;builds_into_2026-09,1
2026_08_JUPITER_SATURN_TRINE_S04_N06,2026_08_JUPITER_SATURN_TRINE,2026-08,aspect_building,2026-08-28T00:00:00+09:00,2026-09-01T07:17:00+09:00,2026-08-31T23:59:59+09:00,0,JUPITER|SATURN,JUPITER:LEO|SATURN:ARIES,JUPITER-SATURN:120,2,2,not_applicable,JUPITER,4,6,anchor_house,JUPITER|SATURN,swiss_ephemeris,JUPITER:SATURN:120:2026-09-01,month_end,MONTH_END_STRUCTURE,,95,80,家事と休息を毎日回せる生活手順へ整える時,{event_date}は、家事、在宅での仕事、休息の取り方を見直し、暮らしを無理なく回せる手順へ整える時間です。役割を引き受けすぎると自分の余力が減り、細かな決まりを増やすと予定の変化へ対応しにくいでしょう。毎日必要な作業を絞り、担当と休む時間が見える一覧を作ってください。,trine;jupiter;saturn;builds_into_2026-09,1
2026_08_JUPITER_SATURN_TRINE_S04_N07,2026_08_JUPITER_SATURN_TRINE,2026-08,aspect_building,2026-08-28T00:00:00+09:00,2026-09-01T07:17:00+09:00,2026-08-31T23:59:59+09:00,0,JUPITER|SATURN,JUPITER:LEO|SATURN:ARIES,JUPITER-SATURN:120,2,2,not_applicable,JUPITER,4,7,anchor_house,JUPITER|SATURN,swiss_ephemeris,JUPITER:SATURN:120:2026-09-01,month_end,MONTH_END_STRUCTURE,,95,80,二人の居場所を対等な暮らしの約束へ整える時,{event_date}は、パートナーや大切な相手と望む居場所を広げながら、双方が守れる暮らしの条件へ整える時間です。親しさだけで役割を曖昧にすると負担が偏り、規則を固めすぎると一緒にいる安心感を損ねやすいでしょう。費用、家事、一人の時間を率直に話し、見直せる約束として残してください。,trine;jupiter;saturn;builds_into_2026-09,1
2026_08_JUPITER_SATURN_TRINE_S04_N08,2026_08_JUPITER_SATURN_TRINE,2026-08,aspect_building,2026-08-28T00:00:00+09:00,2026-09-01T07:17:00+09:00,2026-08-31T23:59:59+09:00,0,JUPITER|SATURN,JUPITER:LEO|SATURN:ARIES,JUPITER-SATURN:120,2,2,not_applicable,JUPITER,4,8,anchor_house,JUPITER|SATURN,swiss_ephemeris,JUPITER:SATURN:120:2026-09-01,month_end,MONTH_END_STRUCTURE,,95,80,家と共有財産の責任を見える形へ整える時,{event_date}は、住居、共有財産、家族から受け継ぐ物や役割を見直し、誰が何を担うかを明確にする時間です。好意に頼って負担を広げると後で行き違いが生まれ、不安から話を避けると必要な手続きが残りやすいでしょう。名義、費用、期限、保管場所を確認し、相談した内容を記録してください。,trine;jupiter;saturn;builds_into_2026-09,1
2026_08_JUPITER_SATURN_TRINE_S04_N09,2026_08_JUPITER_SATURN_TRINE,2026-08,aspect_building,2026-08-28T00:00:00+09:00,2026-09-01T07:17:00+09:00,2026-08-31T23:59:59+09:00,0,JUPITER|SATURN,JUPITER:LEO|SATURN:ARIES,JUPITER-SATURN:120,2,2,not_applicable,JUPITER,4,9,anchor_house,JUPITER|SATURN,swiss_ephemeris,JUPITER:SATURN:120:2026-09-01,month_end,MONTH_END_STRUCTURE,,95,80,遠くへ広がる計画を帰れる拠点から育てる時,{event_date}は、学び、旅、移動など外へ広がる計画を、安心して戻れる生活拠点から育てる時間です。新しい世界への期待だけで予定を増やすと家の維持が重くなり、基盤を守りすぎると経験の幅を狭めやすいでしょう。不在中の役割と費用を決め、短い滞在や小さな学習計画から試してください。,trine;jupiter;saturn;builds_into_2026-09,1
2026_08_JUPITER_SATURN_TRINE_S04_N10,2026_08_JUPITER_SATURN_TRINE,2026-08,aspect_building,2026-08-28T00:00:00+09:00,2026-09-01T07:17:00+09:00,2026-08-31T23:59:59+09:00,0,JUPITER|SATURN,JUPITER:LEO|SATURN:ARIES,JUPITER-SATURN:120,2,2,not_applicable,JUPITER,4,10,anchor_house,JUPITER|SATURN,swiss_ephemeris,JUPITER:SATURN:120:2026-09-01,month_end,MONTH_END_STRUCTURE,,95,80,仕事の成長を暮らしの安定から支える時,{event_date}は、仕事で広げたい役割や目標を、住まいと家族の安定した支えへ結びつける時間です。評価に応えて仕事を増やすと生活の土台が揺らぎ、家庭を守ることだけを優先すると挑戦の機会を選びにくいでしょう。働く時間と家で担うことを整理し、両方を見直せる予定を作ってください。,trine;jupiter;saturn;builds_into_2026-09,1
2026_08_JUPITER_SATURN_TRINE_S04_N11,2026_08_JUPITER_SATURN_TRINE,2026-08,aspect_building,2026-08-28T00:00:00+09:00,2026-09-01T07:17:00+09:00,2026-08-31T23:59:59+09:00,0,JUPITER|SATURN,JUPITER:LEO|SATURN:ARIES,JUPITER-SATURN:120,2,2,not_applicable,JUPITER,4,11,anchor_house,JUPITER|SATURN,swiss_ephemeris,JUPITER:SATURN:120:2026-09-01,month_end,MONTH_END_STRUCTURE,,95,80,仲間と支え合える居場所を現実に育てる時,{event_date}は、仲間やコミュニティとのつながりを、互いが安心して戻れる居場所や支援の形へ育てる時間です。善意だけで人を迎え続けると負担が偏り、参加条件を厳しくすると必要な交流まで減りやすいでしょう。使える時間と場所の範囲を共有し、小さな集まりから運営方法を確かめてください。,trine;jupiter;saturn;builds_into_2026-09,1
2026_08_JUPITER_SATURN_TRINE_S04_N12,2026_08_JUPITER_SATURN_TRINE,2026-08,aspect_building,2026-08-28T00:00:00+09:00,2026-09-01T07:17:00+09:00,2026-08-31T23:59:59+09:00,0,JUPITER|SATURN,JUPITER:LEO|SATURN:ARIES,JUPITER-SATURN:120,2,2,not_applicable,JUPITER,4,12,anchor_house,JUPITER|SATURN,swiss_ephemeris,JUPITER:SATURN:120:2026-09-01,month_end,MONTH_END_STRUCTURE,,95,80,静かな居場所で心の荷物を整理していく時,{event_date}は、外から見えない家族の記憶や心の荷物を見直し、自分が休める静かな居場所を作る時間です。過去の事情をすべて抱えると新しい生活へ進みにくく、早く手放そうとすると大切な気持ちまで置き去りにしやすいでしょう。残す物と終える役割を一つずつ決め、何もしない時間も予定に入れてください。,trine;jupiter;saturn;builds_into_2026-09,1
2026_08_JUPITER_SATURN_TRINE_S05_N01,2026_08_JUPITER_SATURN_TRINE,2026-08,aspect_building,2026-08-28T00:00:00+09:00,2026-09-01T07:17:00+09:00,2026-08-31T23:59:59+09:00,0,JUPITER|SATURN,JUPITER:LEO|SATURN:ARIES,JUPITER-SATURN:120,2,2,not_applicable,JUPITER,5,1,anchor_house,JUPITER|SATURN,swiss_ephemeris,JUPITER:SATURN:120:2026-09-01,month_end,MONTH_END_STRUCTURE,,95,80,自分らしい表現を人前で続けられる形へ育てる時,{event_date}は、創作や遊びを通して自分らしさを広げ、それを人前で無理なく続けられる表現へ育てる時間です。注目を求めて大きく見せると本来の良さが薄れ、評価を恐れて隠れると試す機会を失いやすいでしょう。伝えたい魅力を一つに絞り、短い作品や発表から反応を確かめてください。,trine;jupiter;saturn;builds_into_2026-09,1
2026_08_JUPITER_SATURN_TRINE_S05_N02,2026_08_JUPITER_SATURN_TRINE,2026-08,aspect_building,2026-08-28T00:00:00+09:00,2026-09-01T07:17:00+09:00,2026-08-31T23:59:59+09:00,0,JUPITER|SATURN,JUPITER:LEO|SATURN:ARIES,JUPITER-SATURN:120,2,2,not_applicable,JUPITER,5,2,anchor_house,JUPITER|SATURN,swiss_ephemeris,JUPITER:SATURN:120:2026-09-01,month_end,MONTH_END_STRUCTURE,,95,80,好きなことを守れる時間と予算へ整える時,{event_date}は、創作、恋愛、遊びに使う時間とお金を見直し、喜びを長く保てる配分へ整える時間です。気分が高まるまま費用を増やすと楽しみが負担になり、役立つかどうかだけで削ると心の張り合いを失いやすいでしょう。大切な楽しみを一つ選び、使える上限と続ける期間を先に決めてください。,trine;jupiter;saturn;builds_into_2026-09,1
2026_08_JUPITER_SATURN_TRINE_S05_N03,2026_08_JUPITER_SATURN_TRINE,2026-08,aspect_building,2026-08-28T00:00:00+09:00,2026-09-01T07:17:00+09:00,2026-08-31T23:59:59+09:00,0,JUPITER|SATURN,JUPITER:LEO|SATURN:ARIES,JUPITER-SATURN:120,2,2,not_applicable,JUPITER,5,3,anchor_house,JUPITER|SATURN,swiss_ephemeris,JUPITER:SATURN:120:2026-09-01,month_end,MONTH_END_STRUCTURE,,95,80,遊び心ある言葉を伝わる作品へ仕上げる時,{event_date}は、文章、会話、学びに遊び心が加わり、面白い発想を人へ伝わる作品に仕上げる時間です。思いつきを広げすぎると結論が見えず、正しさにこだわると軽やかな魅力を損ねやすいでしょう。一つの題材を短い文章や音声にまとめ、読み手の反応を受けて次を整えてください。,trine;jupiter;saturn;builds_into_2026-09,1
2026_08_JUPITER_SATURN_TRINE_S05_N04,2026_08_JUPITER_SATURN_TRINE,2026-08,aspect_building,2026-08-28T00:00:00+09:00,2026-09-01T07:17:00+09:00,2026-08-31T23:59:59+09:00,0,JUPITER|SATURN,JUPITER:LEO|SATURN:ARIES,JUPITER-SATURN:120,2,2,not_applicable,JUPITER,5,4,anchor_house,JUPITER|SATURN,swiss_ephemeris,JUPITER:SATURN:120:2026-09-01,month_end,MONTH_END_STRUCTURE,,95,80,家で育つ楽しみを家族の習慣へ変える時,{event_date}は、家での創作、遊び、家族との楽しい時間を広げ、暮らしに根づく習慣へ育てる時間です。皆を喜ばせようと予定を増やすと準備が負担になり、家の役割を優先しすぎると楽しむ余白が減るでしょう。繰り返したい過ごし方を一つ選び、準備と片づけを含む担当を決めてください。,trine;jupiter;saturn;builds_into_2026-09,1
2026_08_JUPITER_SATURN_TRINE_S05_N05,2026_08_JUPITER_SATURN_TRINE,2026-08,aspect_building,2026-08-28T00:00:00+09:00,2026-09-01T07:17:00+09:00,2026-08-31T23:59:59+09:00,0,JUPITER|SATURN,JUPITER:LEO|SATURN:ARIES,JUPITER-SATURN:120,2,2,not_applicable,JUPITER,5,5,anchor_house,JUPITER|SATURN,swiss_ephemeris,JUPITER:SATURN:120:2026-09-01,month_end,MONTH_END_STRUCTURE,,95,80,創作と恋の喜びを責任ある選択へ育てる時,{event_date}は、創作、恋愛、遊び、子どもとの関わりが広がり、心から選びたいものへ責任を持つ時間です。高揚感のまま複数へ手を広げると一つひとつが浅くなり、失敗を避けようと管理しすぎると喜びを感じにくいでしょう。続けたい対象を選び、時間、約束、完成の目安を具体的にしてください。,trine;jupiter;saturn;builds_into_2026-09,1
2026_08_JUPITER_SATURN_TRINE_S05_N06,2026_08_JUPITER_SATURN_TRINE,2026-08,aspect_building,2026-08-28T00:00:00+09:00,2026-09-01T07:17:00+09:00,2026-08-31T23:59:59+09:00,0,JUPITER|SATURN,JUPITER:LEO|SATURN:ARIES,JUPITER-SATURN:120,2,2,not_applicable,JUPITER,5,6,anchor_house,JUPITER|SATURN,swiss_ephemeris,JUPITER:SATURN:120:2026-09-01,month_end,MONTH_END_STRUCTURE,,95,80,創作のひらめきを毎日の作業習慣へ変える時,{event_date}は、創作や企画のひらめきを広げながら、日々の仕事や生活の中で形にできる作業習慣へ変える時間です。気分が乗る日に進めようとすると完成が遠のき、細かな手順に縛られると新鮮さを失いやすいでしょう。短い制作時間を固定し、終えた作業と次の一手だけを記録してください。,trine;jupiter;saturn;builds_into_2026-09,1
2026_08_JUPITER_SATURN_TRINE_S05_N07,2026_08_JUPITER_SATURN_TRINE,2026-08,aspect_building,2026-08-28T00:00:00+09:00,2026-09-01T07:17:00+09:00,2026-08-31T23:59:59+09:00,0,JUPITER|SATURN,JUPITER:LEO|SATURN:ARIES,JUPITER-SATURN:120,2,2,not_applicable,JUPITER,5,7,anchor_house,JUPITER|SATURN,swiss_ephemeris,JUPITER:SATURN:120:2026-09-01,month_end,MONTH_END_STRUCTURE,,95,80,恋と共同表現を対等に続く約束へ整える時,{event_date}は、恋愛や共同制作の喜びを広げながら、相手と対等に続けられる約束や役割へ整える時間です。楽しい雰囲気だけで話を進めると期待がずれ、条件を決めすぎると関係の自然な変化を受け止めにくいでしょう。望むこと、担えること、見直す時期を率直に話してください。,trine;jupiter;saturn;builds_into_2026-09,1
2026_08_JUPITER_SATURN_TRINE_S05_N08,2026_08_JUPITER_SATURN_TRINE,2026-08,aspect_building,2026-08-28T00:00:00+09:00,2026-09-01T07:17:00+09:00,2026-08-31T23:59:59+09:00,0,JUPITER|SATURN,JUPITER:LEO|SATURN:ARIES,JUPITER-SATURN:120,2,2,not_applicable,JUPITER,5,8,anchor_house,JUPITER|SATURN,swiss_ephemeris,JUPITER:SATURN:120:2026-09-01,month_end,MONTH_END_STRUCTURE,,95,80,深い親密さと共同投資の境界を整える時,{event_date}は、親密な関係や共同制作への熱意を広げながら、共有する感情、費用、責任の境界を整える時間です。強い思いだけで深く関わると負担の違いを見落とし、警戒しすぎると信頼を育てる機会を狭めやすいでしょう。出せる金額と時間、秘密にする範囲を話し、合意を記録してください。,trine;jupiter;saturn;builds_into_2026-09,1
2026_08_JUPITER_SATURN_TRINE_S05_N09,2026_08_JUPITER_SATURN_TRINE,2026-08,aspect_building,2026-08-28T00:00:00+09:00,2026-09-01T07:17:00+09:00,2026-08-31T23:59:59+09:00,0,JUPITER|SATURN,JUPITER:LEO|SATURN:ARIES,JUPITER-SATURN:120,2,2,not_applicable,JUPITER,5,9,anchor_house,JUPITER|SATURN,swiss_ephemeris,JUPITER:SATURN:120:2026-09-01,month_end,MONTH_END_STRUCTURE,,95,80,冒険心ある表現を学びと発信へ育てる時,{event_date}は、旅、学び、異なる文化から受けた刺激を広げ、独自の表現や発信へ育てる時間です。新鮮さだけを追うと理解が浅くなり、十分に詳しくなるまで待つと今の感動を伝えにくいでしょう。出典と自分の体験を分け、短い記事や作品として一度まとめてください。,trine;jupiter;saturn;builds_into_2026-09,1
2026_08_JUPITER_SATURN_TRINE_S05_N10,2026_08_JUPITER_SATURN_TRINE,2026-08,aspect_building,2026-08-28T00:00:00+09:00,2026-09-01T07:17:00+09:00,2026-08-31T23:59:59+09:00,0,JUPITER|SATURN,JUPITER:LEO|SATURN:ARIES,JUPITER-SATURN:120,2,2,not_applicable,JUPITER,5,10,anchor_house,JUPITER|SATURN,swiss_ephemeris,JUPITER:SATURN:120:2026-09-01,month_end,MONTH_END_STRUCTURE,,95,80,創造性を仕事で任せられる成果へ仕上げる時,{event_date}は、創造性や企画力を人前で示し、仕事として任せられる成果や役割へ仕上げる時間です。注目を集めようと約束を広げると実行が追いつかず、評価を意識しすぎると独自性を出しにくいでしょう。作品の目的、完成条件、期限を決め、責任ある範囲で発表してください。,trine;jupiter;saturn;builds_into_2026-09,1
2026_08_JUPITER_SATURN_TRINE_S05_N11,2026_08_JUPITER_SATURN_TRINE,2026-08,aspect_building,2026-08-28T00:00:00+09:00,2026-09-01T07:17:00+09:00,2026-08-31T23:59:59+09:00,0,JUPITER|SATURN,JUPITER:LEO|SATURN:ARIES,JUPITER-SATURN:120,2,2,not_applicable,JUPITER,5,11,anchor_house,JUPITER|SATURN,swiss_ephemeris,JUPITER:SATURN:120:2026-09-01,month_end,MONTH_END_STRUCTURE,,95,80,仲間との創作を実行できる企画へ育てる時,{event_date}は、仲間と楽しむ創作や催しの可能性を広げ、実際に動かせる共同企画へ育てる時間です。案を増やすだけでは誰も着手できず、最初から運営を固めすぎると参加する楽しさが薄れやすいでしょう。最初の作品や催しを一つ選び、担当、予算、確認日を決めてください。,trine;jupiter;saturn;builds_into_2026-09,1
2026_08_JUPITER_SATURN_TRINE_S05_N12,2026_08_JUPITER_SATURN_TRINE,2026-08,aspect_building,2026-08-28T00:00:00+09:00,2026-09-01T07:17:00+09:00,2026-08-31T23:59:59+09:00,0,JUPITER|SATURN,JUPITER:LEO|SATURN:ARIES,JUPITER-SATURN:120,2,2,not_applicable,JUPITER,5,12,anchor_house,JUPITER|SATURN,swiss_ephemeris,JUPITER:SATURN:120:2026-09-01,month_end,MONTH_END_STRUCTURE,,95,80,誰にも見せない創作を静かに育てていく時,{event_date}は、人に見せる前のひらめきや密かな楽しみを守り、内側でじっくり育てる時間です。反応を急いで公開すると大切な感覚が薄れ、完全に整うまで隠すと形にするきっかけを失いやすいでしょう。通知から離れる制作時間を作り、下書きを一つ残して信頼できる相手にだけ見せてください。,trine;jupiter;saturn;builds_into_2026-09,1
2026_08_JUPITER_SATURN_TRINE_S06_N01,2026_08_JUPITER_SATURN_TRINE,2026-08,aspect_building,2026-08-28T00:00:00+09:00,2026-09-01T07:17:00+09:00,2026-08-31T23:59:59+09:00,0,JUPITER|SATURN,JUPITER:LEO|SATURN:ARIES,JUPITER-SATURN:120,2,2,not_applicable,JUPITER,6,1,anchor_house,JUPITER|SATURN,swiss_ephemeris,JUPITER:SATURN:120:2026-09-01,month_end,MONTH_END_STRUCTURE,,95,80,自分に合う働き方を毎日のリズムへ整える時,{event_date}は、仕事や日課の可能性を広げながら、自分の体力と個性に合う毎日のリズムへ整える時間です。期待に応えて予定を増やすと余力が減り、自己管理を厳しくしすぎると小さな変化へ対応しにくいでしょう。集中できる時間帯と休む合図を決め、一週間単位で無理のない量へ調整してください。,trine;jupiter;saturn;builds_into_2026-09,1
2026_08_JUPITER_SATURN_TRINE_S06_N02,2026_08_JUPITER_SATURN_TRINE,2026-08,aspect_building,2026-08-28T00:00:00+09:00,2026-09-01T07:17:00+09:00,2026-08-31T23:59:59+09:00,0,JUPITER|SATURN,JUPITER:LEO|SATURN:ARIES,JUPITER-SATURN:120,2,2,not_applicable,JUPITER,6,2,anchor_house,JUPITER|SATURN,swiss_ephemeris,JUPITER:SATURN:120:2026-09-01,month_end,MONTH_END_STRUCTURE,,95,80,働く時間と報酬の釣り合いを見直す時,{event_date}は、仕事量や技能を広げながら、使う時間、得る報酬、生活費の釣り合いを見直す時間です。依頼を増やすだけでは余力が報酬に変わらず、条件を守ることに集中しすぎると技能を試す機会を狭めやすいでしょう。一件に必要な時間と経費を記録し、受ける上限と見直す金額を決めてください。,trine;jupiter;saturn;builds_into_2026-09,1
2026_08_JUPITER_SATURN_TRINE_S06_N03,2026_08_JUPITER_SATURN_TRINE,2026-08,aspect_building,2026-08-28T00:00:00+09:00,2026-09-01T07:17:00+09:00,2026-08-31T23:59:59+09:00,0,JUPITER|SATURN,JUPITER:LEO|SATURN:ARIES,JUPITER-SATURN:120,2,2,not_applicable,JUPITER,6,3,anchor_house,JUPITER|SATURN,swiss_ephemeris,JUPITER:SATURN:120:2026-09-01,month_end,MONTH_END_STRUCTURE,,95,80,連絡と実務の学びを迷わない手順へ変える時,{event_date}は、仕事の連絡や実務知識を増やしながら、誰でも確認できる手順や記録へ変える時間です。情報を集めすぎると必要な連絡を見失い、手順を細かく固定すると例外へ対応しにくいでしょう。窓口、返信期限、確認項目を一つの一覧にまとめ、使いながら更新してください。,trine;jupiter;saturn;builds_into_2026-09,1
2026_08_JUPITER_SATURN_TRINE_S06_N04,2026_08_JUPITER_SATURN_TRINE,2026-08,aspect_building,2026-08-28T00:00:00+09:00,2026-09-01T07:17:00+09:00,2026-08-31T23:59:59+09:00,0,JUPITER|SATURN,JUPITER:LEO|SATURN:ARIES,JUPITER-SATURN:120,2,2,not_applicable,JUPITER,6,4,anchor_house,JUPITER|SATURN,swiss_ephemeris,JUPITER:SATURN:120:2026-09-01,month_end,MONTH_END_STRUCTURE,,95,80,家事と仕事を安心できる生活リズムへ整える時,{event_date}は、家事、在宅での仕事、家族を支える役割を見直し、安心して続けられる生活リズムへ整える時間です。家の用事を抱え込むと仕事の集中が切れ、効率だけを優先すると家で休める感覚を失いやすいでしょう。毎日必要な作業を絞り、担当と中断しない時間を家族と共有してください。,trine;jupiter;saturn;builds_into_2026-09,1
2026_08_JUPITER_SATURN_TRINE_S06_N05,2026_08_JUPITER_SATURN_TRINE,2026-08,aspect_building,2026-08-28T00:00:00+09:00,2026-09-01T07:17:00+09:00,2026-08-31T23:59:59+09:00,0,JUPITER|SATURN,JUPITER:LEO|SATURN:ARIES,JUPITER-SATURN:120,2,2,not_applicable,JUPITER,6,5,anchor_house,JUPITER|SATURN,swiss_ephemeris,JUPITER:SATURN:120:2026-09-01,month_end,MONTH_END_STRUCTURE,,95,80,創作と世話を無理なく続く習慣へ育てる時,{event_date}は、創作、遊び、子どもや大切な相手を支える時間を、日々無理なく続けられる習慣へ育てる時間です。楽しさのまま予定を増やすと世話や準備が重くなり、義務として管理しすぎると喜びを感じにくいでしょう。短い実行時間を固定し、準備と片づけを含めた担当を決めてください。,trine;jupiter;saturn;builds_into_2026-09,1
2026_08_JUPITER_SATURN_TRINE_S06_N06,2026_08_JUPITER_SATURN_TRINE,2026-08,aspect_building,2026-08-28T00:00:00+09:00,2026-09-01T07:17:00+09:00,2026-08-31T23:59:59+09:00,0,JUPITER|SATURN,JUPITER:LEO|SATURN:ARIES,JUPITER-SATURN:120,2,2,not_applicable,JUPITER,6,6,anchor_house,JUPITER|SATURN,swiss_ephemeris,JUPITER:SATURN:120:2026-09-01,month_end,MONTH_END_STRUCTURE,,95,80,仕事と休息の基準を現実的に組み直す時,{event_date}は、仕事、食事、睡眠、身の回りの管理を見直し、生活全体を無理なく回せる基準へ組み直す時間です。改善項目を増やしすぎると続かず、決めた手順を守ることだけに集中すると今の体調へ合わせにくいでしょう。優先する習慣を一つ選び、記録を見ながら一週間ごとに調整してください。,trine;jupiter;saturn;builds_into_2026-09,1
2026_08_JUPITER_SATURN_TRINE_S06_N07,2026_08_JUPITER_SATURN_TRINE,2026-08,aspect_building,2026-08-28T00:00:00+09:00,2026-09-01T07:17:00+09:00,2026-08-31T23:59:59+09:00,0,JUPITER|SATURN,JUPITER:LEO|SATURN:ARIES,JUPITER-SATURN:120,2,2,not_applicable,JUPITER,6,7,anchor_house,JUPITER|SATURN,swiss_ephemeris,JUPITER:SATURN:120:2026-09-01,month_end,MONTH_END_STRUCTURE,,95,80,協働の役割を対等で続けられる形へ整える時,{event_date}は、同僚、顧客、パートナーとの仕事を広げながら、双方が無理なく守れる役割と手順へ整える時間です。相手の期待へ合わせ続けると負担が偏り、担当を厳密に分けすぎると助け合う余地がなくなりやすいでしょう。成果物、期限、連絡方法を確認し、見直す条件も文章で残してください。,trine;jupiter;saturn;builds_into_2026-09,1
2026_08_JUPITER_SATURN_TRINE_S06_N08,2026_08_JUPITER_SATURN_TRINE,2026-08,aspect_building,2026-08-28T00:00:00+09:00,2026-09-01T07:17:00+09:00,2026-08-31T23:59:59+09:00,0,JUPITER|SATURN,JUPITER:LEO|SATURN:ARIES,JUPITER-SATURN:120,2,2,not_applicable,JUPITER,6,8,anchor_house,JUPITER|SATURN,swiss_ephemeris,JUPITER:SATURN:120:2026-09-01,month_end,MONTH_END_STRUCTURE,,95,80,共有業務と見えない負担の境界を整える時,{event_date}は、共同で担う仕事、費用、秘密を扱う作業を見直し、見えにくい負担と責任の境界を整える時間です。善意で引き受け続けると作業量が偏り、不安から共有を避けると必要な確認が遅れやすいでしょう。担当、権限、保管場所、期限を一覧にし、確認した履歴を残してください。,trine;jupiter;saturn;builds_into_2026-09,1
2026_08_JUPITER_SATURN_TRINE_S06_N09,2026_08_JUPITER_SATURN_TRINE,2026-08,aspect_building,2026-08-28T00:00:00+09:00,2026-09-01T07:17:00+09:00,2026-08-31T23:59:59+09:00,0,JUPITER|SATURN,JUPITER:LEO|SATURN:ARIES,JUPITER-SATURN:120,2,2,not_applicable,JUPITER,6,9,anchor_house,JUPITER|SATURN,swiss_ephemeris,JUPITER:SATURN:120:2026-09-01,month_end,MONTH_END_STRUCTURE,,95,80,専門技能を現場で使える手順へ定着させる時,{event_date}は、専門的な学びや異なる現場で得た知識を、日々の仕事で再現できる手順へ定着させる時間です。学ぶ範囲を広げすぎると実践が追いつかず、資格や形式だけを重視すると本来の目的を見失いやすいでしょう。使う場面を一つ選び、試した結果と改善点を短く記録してください。,trine;jupiter;saturn;builds_into_2026-09,1
2026_08_JUPITER_SATURN_TRINE_S06_N10,2026_08_JUPITER_SATURN_TRINE,2026-08,aspect_building,2026-08-28T00:00:00+09:00,2026-09-01T07:17:00+09:00,2026-08-31T23:59:59+09:00,0,JUPITER|SATURN,JUPITER:LEO|SATURN:ARIES,JUPITER-SATURN:120,2,2,not_applicable,JUPITER,6,10,anchor_house,JUPITER|SATURN,swiss_ephemeris,JUPITER:SATURN:120:2026-09-01,month_end,MONTH_END_STRUCTURE,,95,80,実務の積み重ねを信頼される役割へ結ぶ時,{event_date}は、日々の実務や技能を広げ、その積み重ねを仕事上の責任や評価へ結びつける時間です。頼られるまま担当を増やすと余力がなくなり、今の職務だけを守ると成長の機会を選びにくいでしょう。実績と作業量を整理し、必要な権限、期限、支援を具体的に相談してください。,trine;jupiter;saturn;builds_into_2026-09,1
2026_08_JUPITER_SATURN_TRINE_S06_N11,2026_08_JUPITER_SATURN_TRINE,2026-08,aspect_building,2026-08-28T00:00:00+09:00,2026-09-01T07:17:00+09:00,2026-08-31T23:59:59+09:00,0,JUPITER|SATURN,JUPITER:LEO|SATURN:ARIES,JUPITER-SATURN:120,2,2,not_applicable,JUPITER,6,11,anchor_house,JUPITER|SATURN,swiss_ephemeris,JUPITER:SATURN:120:2026-09-01,month_end,MONTH_END_STRUCTURE,,95,80,仲間との作業を継続できる分担へ整える時,{event_date}は、仲間やコミュニティで担う作業を広げながら、誰もが継続して参加できる分担へ整える時間です。理念への共感だけで動くと一部へ負担が集中し、規則を増やしすぎると自発的な協力を得にくいでしょう。最初の作業、担当、期限を明示し、短い振り返りで分担を更新してください。,trine;jupiter;saturn;builds_into_2026-09,1
2026_08_JUPITER_SATURN_TRINE_S06_N12,2026_08_JUPITER_SATURN_TRINE,2026-08,aspect_building,2026-08-28T00:00:00+09:00,2026-09-01T07:17:00+09:00,2026-08-31T23:59:59+09:00,0,JUPITER|SATURN,JUPITER:LEO|SATURN:ARIES,JUPITER-SATURN:120,2,2,not_applicable,JUPITER,6,12,anchor_house,JUPITER|SATURN,swiss_ephemeris,JUPITER:SATURN:120:2026-09-01,month_end,MONTH_END_STRUCTURE,,95,80,裏方の仕事と休息を静かに整えていく時,{event_date}は、人に見えない仕事や支援を見直し、静かに集中する時間と十分な休息を確保する時間です。気づいた作業を引き受け続けると消耗し、完全に一人で抱えると助けを求める時期を逃しやすいでしょう。終える業務と残す業務を分け、連絡を止める時間と相談先をあらかじめ決めてください。,trine;jupiter;saturn;builds_into_2026-09,1
2026_08_JUPITER_SATURN_TRINE_S07_N01,2026_08_JUPITER_SATURN_TRINE,2026-08,aspect_building,2026-08-28T00:00:00+09:00,2026-09-01T07:17:00+09:00,2026-08-31T23:59:59+09:00,0,JUPITER|SATURN,JUPITER:LEO|SATURN:ARIES,JUPITER-SATURN:120,2,2,not_applicable,JUPITER,7,1,anchor_house,JUPITER|SATURN,swiss_ephemeris,JUPITER:SATURN:120:2026-09-01,month_end,MONTH_END_STRUCTURE,,95,80,相手と関わりながら自分の立場を明確にする時,{event_date}は、新しい関係や協力の可能性を広げながら、その中で自分が望む立場と担える責任を明確にする時間です。相手へ合わせ続けると自分の意志が薄れ、主張を守ることだけに集中すると対話の余地を狭めやすいでしょう。譲れないことと調整できることを分け、率直な言葉で伝えてください。,trine;jupiter;saturn;builds_into_2026-09,1
2026_08_JUPITER_SATURN_TRINE_S07_N02,2026_08_JUPITER_SATURN_TRINE,2026-08,aspect_building,2026-08-28T00:00:00+09:00,2026-09-01T07:17:00+09:00,2026-08-31T23:59:59+09:00,0,JUPITER|SATURN,JUPITER:LEO|SATURN:ARIES,JUPITER-SATURN:120,2,2,not_applicable,JUPITER,7,2,anchor_house,JUPITER|SATURN,swiss_ephemeris,JUPITER:SATURN:120:2026-09-01,month_end,MONTH_END_STRUCTURE,,95,80,価値と対価を対等な契約条件へ整える時,{event_date}は、顧客やパートナーと生み出す価値を広げながら、対価、費用、所有の条件を対等に整える時間です。関係の良さだけで金額を曖昧にすると負担が偏り、条件を優先しすぎると協力の可能性を試しにくいでしょう。提供内容、支払時期、見直し方法を確認し、合意を文章で残してください。,trine;jupiter;saturn;builds_into_2026-09,1
2026_08_JUPITER_SATURN_TRINE_S07_N03,2026_08_JUPITER_SATURN_TRINE,2026-08,aspect_building,2026-08-28T00:00:00+09:00,2026-09-01T07:17:00+09:00,2026-08-31T23:59:59+09:00,0,JUPITER|SATURN,JUPITER:LEO|SATURN:ARIES,JUPITER-SATURN:120,2,2,not_applicable,JUPITER,7,3,anchor_house,JUPITER|SATURN,swiss_ephemeris,JUPITER:SATURN:120:2026-09-01,month_end,MONTH_END_STRUCTURE,,95,80,対話を誤解の残らない合意へ結びつける時,{event_date}は、相手との会話や交渉を広げ、互いの考えを具体的な合意へ結びつける時間です。分かり合える期待から確認を省くと認識がずれ、言葉を慎重に選びすぎると本題へ進みにくいでしょう。目的、担当、期限を自分の言葉で言い直し、相手の理解も確かめてください。,trine;jupiter;saturn;builds_into_2026-09,1
2026_08_JUPITER_SATURN_TRINE_S07_N04,2026_08_JUPITER_SATURN_TRINE,2026-08,aspect_building,2026-08-28T00:00:00+09:00,2026-09-01T07:17:00+09:00,2026-08-31T23:59:59+09:00,0,JUPITER|SATURN,JUPITER:LEO|SATURN:ARIES,JUPITER-SATURN:120,2,2,not_applicable,JUPITER,7,4,anchor_house,JUPITER|SATURN,swiss_ephemeris,JUPITER:SATURN:120:2026-09-01,month_end,MONTH_END_STRUCTURE,,95,80,二人の暮らしを安心できる土台へ整える時,{event_date}は、パートナーや大切な相手と望む暮らしを広げながら、安心して続けられる生活の土台へ整える時間です。親しさだけで家の役割を曖昧にすると負担が偏り、決まりを固めすぎると互いに休める余白を失いやすいでしょう。費用、家事、一人で過ごす時間を話し、見直せる約束にしてください。,trine;jupiter;saturn;builds_into_2026-09,1
2026_08_JUPITER_SATURN_TRINE_S07_N05,2026_08_JUPITER_SATURN_TRINE,2026-08,aspect_building,2026-08-28T00:00:00+09:00,2026-09-01T07:17:00+09:00,2026-08-31T23:59:59+09:00,0,JUPITER|SATURN,JUPITER:LEO|SATURN:ARIES,JUPITER-SATURN:120,2,2,not_applicable,JUPITER,7,5,anchor_house,JUPITER|SATURN,swiss_ephemeris,JUPITER:SATURN:120:2026-09-01,month_end,MONTH_END_STRUCTURE,,95,80,恋と共同創作を責任ある約束へ育てる時,{event_date}は、恋愛や共同制作の喜びを広げながら、二人で大切にできる約束と形へ育てる時間です。高揚感のまま先の話を広げると実際の負担が見えず、関係を管理しすぎると自然な楽しさを損ねやすいでしょう。望むこと、使える時間、完成させたいことを一つずつ話してください。,trine;jupiter;saturn;builds_into_2026-09,1
2026_08_JUPITER_SATURN_TRINE_S07_N06,2026_08_JUPITER_SATURN_TRINE,2026-08,aspect_building,2026-08-28T00:00:00+09:00,2026-09-01T07:17:00+09:00,2026-08-31T23:59:59+09:00,0,JUPITER|SATURN,JUPITER:LEO|SATURN:ARIES,JUPITER-SATURN:120,2,2,not_applicable,JUPITER,7,6,anchor_house,JUPITER|SATURN,swiss_ephemeris,JUPITER:SATURN:120:2026-09-01,month_end,MONTH_END_STRUCTURE,,95,80,協働の実務を無理なく続く分担へ整える時,{event_date}は、同僚、顧客、パートナーとの実務を広げながら、双方が無理なく続けられる分担へ整える時間です。頼まれるまま作業を増やすと責任が偏り、担当を細かく区切りすぎると助け合いにくくなるでしょう。成果物、確認手順、対応時間を決め、短い周期で負担を見直してください。,trine;jupiter;saturn;builds_into_2026-09,1
2026_08_JUPITER_SATURN_TRINE_S07_N07,2026_08_JUPITER_SATURN_TRINE,2026-08,aspect_building,2026-08-28T00:00:00+09:00,2026-09-01T07:17:00+09:00,2026-08-31T23:59:59+09:00,0,JUPITER|SATURN,JUPITER:LEO|SATURN:ARIES,JUPITER-SATURN:120,2,2,not_applicable,JUPITER,7,7,anchor_house,JUPITER|SATURN,swiss_ephemeris,JUPITER:SATURN:120:2026-09-01,month_end,MONTH_END_STRUCTURE,,95,80,大切な関係を対等で長く続く形へ育てる時,{event_date}は、大切な関係や契約の可能性を広げながら、互いが対等に責任を持てる形へ育てる時間です。期待を優先して違和感を飲み込むと後で負担になり、条件を守ることだけに集中すると温かな交流を育てにくいでしょう。続けたい理由と難しい点を共有し、守れる約束から選んでください。,trine;jupiter;saturn;builds_into_2026-09,1
2026_08_JUPITER_SATURN_TRINE_S07_N08,2026_08_JUPITER_SATURN_TRINE,2026-08,aspect_building,2026-08-28T00:00:00+09:00,2026-09-01T07:17:00+09:00,2026-08-31T23:59:59+09:00,0,JUPITER|SATURN,JUPITER:LEO|SATURN:ARIES,JUPITER-SATURN:120,2,2,not_applicable,JUPITER,7,8,anchor_house,JUPITER|SATURN,swiss_ephemeris,JUPITER:SATURN:120:2026-09-01,month_end,MONTH_END_STRUCTURE,,95,80,親密さと共有資産の信頼を具体化する時,{event_date}は、親密な関係を深めながら、共有するお金、情報、責任について信頼を具体的な条件へ変える時間です。気持ちを信じて確認を省くと境界が曖昧になり、不安からすべてを分けると必要な支えまで受けにくいでしょう。名義、負担、秘密にする範囲を話し、合意した内容を記録してください。,trine;jupiter;saturn;builds_into_2026-09,1
2026_08_JUPITER_SATURN_TRINE_S07_N09,2026_08_JUPITER_SATURN_TRINE,2026-08,aspect_building,2026-08-28T00:00:00+09:00,2026-09-01T07:17:00+09:00,2026-08-31T23:59:59+09:00,0,JUPITER|SATURN,JUPITER:LEO|SATURN:ARIES,JUPITER-SATURN:120,2,2,not_applicable,JUPITER,7,9,anchor_house,JUPITER|SATURN,swiss_ephemeris,JUPITER:SATURN:120:2026-09-01,month_end,MONTH_END_STRUCTURE,,95,80,異なる価値観を共に学べる約束へ整える時,{event_date}は、異なる文化や考えを持つ相手との関係を広げ、互いに学び続けられる約束へ整える時間です。違いを面白さだけで受け止めると現実の条件を見落とし、自分の基準へ合わせようとすると視野を狭めやすいでしょう。目的、距離、費用、連絡頻度を確かめ、小さな共同計画から始めてください。,trine;jupiter;saturn;builds_into_2026-09,1
2026_08_JUPITER_SATURN_TRINE_S07_N10,2026_08_JUPITER_SATURN_TRINE,2026-08,aspect_building,2026-08-28T00:00:00+09:00,2026-09-01T07:17:00+09:00,2026-08-31T23:59:59+09:00,0,JUPITER|SATURN,JUPITER:LEO|SATURN:ARIES,JUPITER-SATURN:120,2,2,not_applicable,JUPITER,7,10,anchor_house,JUPITER|SATURN,swiss_ephemeris,JUPITER:SATURN:120:2026-09-01,month_end,MONTH_END_STRUCTURE,,95,80,仕事上の協力を公に担える関係へ育てる時,{event_date}は、仕事上の提携や顧客との関係を広げながら、外へ示せる責任ある協力へ育てる時間です。評価への期待だけで役割を増やすと実行が追いつかず、肩書や形式を優先すると相手との目的がずれやすいでしょう。成果、権限、期限、説明する担当を決め、正式な合意へ進めてください。,trine;jupiter;saturn;builds_into_2026-09,1
2026_08_JUPITER_SATURN_TRINE_S07_N11,2026_08_JUPITER_SATURN_TRINE,2026-08,aspect_building,2026-08-28T00:00:00+09:00,2026-09-01T07:17:00+09:00,2026-08-31T23:59:59+09:00,0,JUPITER|SATURN,JUPITER:LEO|SATURN:ARIES,JUPITER-SATURN:120,2,2,not_applicable,JUPITER,7,11,anchor_house,JUPITER|SATURN,swiss_ephemeris,JUPITER:SATURN:120:2026-09-01,month_end,MONTH_END_STRUCTURE,,95,80,仲間とのつながりを継続する協力へ変える時,{event_date}は、友人やコミュニティを通じた縁を広げ、未来の目標へ向けて継続できる協力へ変える時間です。共感だけで参加を約束すると負担が読めず、条件を増やしすぎると新しい人を迎えにくいでしょう。自分が担える役割と期間を伝え、最初の共同作業を一つ決めてください。,trine;jupiter;saturn;builds_into_2026-09,1
2026_08_JUPITER_SATURN_TRINE_S07_N12,2026_08_JUPITER_SATURN_TRINE,2026-08,aspect_building,2026-08-28T00:00:00+09:00,2026-09-01T07:17:00+09:00,2026-08-31T23:59:59+09:00,0,JUPITER|SATURN,JUPITER:LEO|SATURN:ARIES,JUPITER-SATURN:120,2,2,not_applicable,JUPITER,7,12,anchor_house,JUPITER|SATURN,swiss_ephemeris,JUPITER:SATURN:120:2026-09-01,month_end,MONTH_END_STRUCTURE,,95,80,言葉にならない関係の境界を静かに整える時,{event_date}は、表に出していない思いや曖昧な関係を見直し、自分を守りながら相手と向き合える境界を整える時間です。期待だけで待ち続けると負担が見えにくくなり、急いで結論を出すと大切な気持ちを整理できないでしょう。一人で考える時間を取り、確認したいことを短くまとめてから話してください。,trine;jupiter;saturn;builds_into_2026-09,1
2026_08_JUPITER_SATURN_TRINE_S08_N01,2026_08_JUPITER_SATURN_TRINE,2026-08,aspect_building,2026-08-28T00:00:00+09:00,2026-09-01T07:17:00+09:00,2026-08-31T23:59:59+09:00,0,JUPITER|SATURN,JUPITER:LEO|SATURN:ARIES,JUPITER-SATURN:120,2,2,not_applicable,JUPITER,8,1,anchor_house,JUPITER|SATURN,swiss_ephemeris,JUPITER:SATURN:120:2026-09-01,month_end,MONTH_END_STRUCTURE,,95,80,支援を受けながら自分の責任範囲を定める時,{event_date}は、人から受け取れる支援や共有資源を広げながら、その中で自分が負う責任の範囲を定める時間です。助けへの期待で判断を委ねると主体性が薄れ、すべて自分で担おうとすると使える支えを遠ざけやすいでしょう。任せることと自分で決めることを分け、条件を率直に伝えてください。,trine;jupiter;saturn;builds_into_2026-09,1
2026_08_JUPITER_SATURN_TRINE_S08_N02,2026_08_JUPITER_SATURN_TRINE,2026-08,aspect_building,2026-08-28T00:00:00+09:00,2026-09-01T07:17:00+09:00,2026-08-31T23:59:59+09:00,0,JUPITER|SATURN,JUPITER:LEO|SATURN:ARIES,JUPITER-SATURN:120,2,2,not_applicable,JUPITER,8,2,anchor_house,JUPITER|SATURN,swiss_ephemeris,JUPITER:SATURN:120:2026-09-01,month_end,MONTH_END_STRUCTURE,,95,80,自分のお金と共有資金の境界を整える時,{event_date}は、自分の収入や貯蓄と、共同資金、援助、返済の関係を見直し、管理できる境界へ整える時間です。支援を前提に使う額を増やすと条件が重くなり、不安から共有を拒むと必要な選択肢まで狭めやすいでしょう。名義、残高、期限を確認し、自分で守る金額を先に確保してください。,trine;jupiter;saturn;builds_into_2026-09,1
2026_08_JUPITER_SATURN_TRINE_S08_N03,2026_08_JUPITER_SATURN_TRINE,2026-08,aspect_building,2026-08-28T00:00:00+09:00,2026-09-01T07:17:00+09:00,2026-08-31T23:59:59+09:00,0,JUPITER|SATURN,JUPITER:LEO|SATURN:ARIES,JUPITER-SATURN:120,2,2,not_applicable,JUPITER,8,3,anchor_house,JUPITER|SATURN,swiss_ephemeris,JUPITER:SATURN:120:2026-09-01,month_end,MONTH_END_STRUCTURE,,95,80,大切な条件を言葉と記録で確認する時,{event_date}は、資金、契約、秘密にしたい事柄について対話を深め、曖昧な条件を言葉と記録へ変える時間です。分かっているつもりで説明を省くと認識がずれ、慎重になりすぎると必要な質問を後回しにしやすいでしょう。確認事項を短くまとめ、回答、期限、保管場所を同じ記録に残してください。,trine;jupiter;saturn;builds_into_2026-09,1
2026_08_JUPITER_SATURN_TRINE_S08_N04,2026_08_JUPITER_SATURN_TRINE,2026-08,aspect_building,2026-08-28T00:00:00+09:00,2026-09-01T07:17:00+09:00,2026-08-31T23:59:59+09:00,0,JUPITER|SATURN,JUPITER:LEO|SATURN:ARIES,JUPITER-SATURN:120,2,2,not_applicable,JUPITER,8,4,anchor_house,JUPITER|SATURN,swiss_ephemeris,JUPITER:SATURN:120:2026-09-01,month_end,MONTH_END_STRUCTURE,,95,80,家族から引き継ぐ資産と役割を整理する時,{event_date}は、家族から引き継ぐ物、住まい、資金、世話の役割を見直し、長く担える形へ整理する時間です。情だけで引き受けると負担の全体が見えず、過去の決まりを守るだけでは今の暮らしに合わないでしょう。残すもの、相談する相手、必要な手続きを分け、順番を決めてください。,trine;jupiter;saturn;builds_into_2026-09,1
2026_08_JUPITER_SATURN_TRINE_S08_N05,2026_08_JUPITER_SATURN_TRINE,2026-08,aspect_building,2026-08-28T00:00:00+09:00,2026-09-01T07:17:00+09:00,2026-08-31T23:59:59+09:00,0,JUPITER|SATURN,JUPITER:LEO|SATURN:ARIES,JUPITER-SATURN:120,2,2,not_applicable,JUPITER,8,5,anchor_house,JUPITER|SATURN,swiss_ephemeris,JUPITER:SATURN:120:2026-09-01,month_end,MONTH_END_STRUCTURE,,95,80,親密さと創作への投資を無理なく育てる時,{event_date}は、親密な関係や共同創作へ注ぐ感情、時間、費用を広げながら、無理なく続けられる形へ育てる時間です。高揚感のまま深く関わると負担の違いを見落とし、損を避けようと管理しすぎると喜びを共有しにくいでしょう。使える上限と互いの役割を話し、最初の成果を一つ決めてください。,trine;jupiter;saturn;builds_into_2026-09,1
2026_08_JUPITER_SATURN_TRINE_S08_N06,2026_08_JUPITER_SATURN_TRINE,2026-08,aspect_building,2026-08-28T00:00:00+09:00,2026-09-01T07:17:00+09:00,2026-08-31T23:59:59+09:00,0,JUPITER|SATURN,JUPITER:LEO|SATURN:ARIES,JUPITER-SATURN:120,2,2,not_applicable,JUPITER,8,6,anchor_house,JUPITER|SATURN,swiss_ephemeris,JUPITER:SATURN:120:2026-09-01,month_end,MONTH_END_STRUCTURE,,95,80,共有負担を毎日管理できる手順へ整える時,{event_date}は、共同で担う費用、作業、支援を見直し、日々確認できる管理手順へ整える時間です。善意で細かな負担を引き受け続けると偏りが見えず、確認項目を増やしすぎると実際の作業が滞りやすいでしょう。担当、支払日、記録場所を一つの一覧にし、短い周期で更新してください。,trine;jupiter;saturn;builds_into_2026-09,1
2026_08_JUPITER_SATURN_TRINE_S08_N07,2026_08_JUPITER_SATURN_TRINE,2026-08,aspect_building,2026-08-28T00:00:00+09:00,2026-09-01T07:17:00+09:00,2026-08-31T23:59:59+09:00,0,JUPITER|SATURN,JUPITER:LEO|SATURN:ARIES,JUPITER-SATURN:120,2,2,not_applicable,JUPITER,8,7,anchor_house,JUPITER|SATURN,swiss_ephemeris,JUPITER:SATURN:120:2026-09-01,month_end,MONTH_END_STRUCTURE,,95,80,二人の信頼を具体的な共有条件へ変える時,{event_date}は、パートナーとの信頼を深めながら、共有するお金、時間、秘密、責任を具体的な条件へ変える時間です。親しさに任せて境界を曖昧にすると負担が偏り、条件を固めすぎると助け合う余地を失いやすいでしょう。双方が出せる範囲と見直す時期を話し、合意を記録してください。,trine;jupiter;saturn;builds_into_2026-09,1
2026_08_JUPITER_SATURN_TRINE_S08_N08,2026_08_JUPITER_SATURN_TRINE,2026-08,aspect_building,2026-08-28T00:00:00+09:00,2026-09-01T07:17:00+09:00,2026-08-31T23:59:59+09:00,0,JUPITER|SATURN,JUPITER:LEO|SATURN:ARIES,JUPITER-SATURN:120,2,2,not_applicable,JUPITER,8,8,anchor_house,JUPITER|SATURN,swiss_ephemeris,JUPITER:SATURN:120:2026-09-01,month_end,MONTH_END_STRUCTURE,,95,80,深い結びつきと責任を長く支える形へ整える時,{event_date}は、深い結びつきや共有資源の可能性を広げながら、互いの責任を長く支えられる形へ整える時間です。強い信頼だけで全てを共有すると境界が見えにくくなり、不安から閉じると必要な支援まで受けにくいでしょう。誰が決め、誰が管理し、いつ見直すかを一つずつ確認してください。,trine;jupiter;saturn;builds_into_2026-09,1
2026_08_JUPITER_SATURN_TRINE_S08_N09,2026_08_JUPITER_SATURN_TRINE,2026-08,aspect_building,2026-08-28T00:00:00+09:00,2026-09-01T07:17:00+09:00,2026-08-31T23:59:59+09:00,0,JUPITER|SATURN,JUPITER:LEO|SATURN:ARIES,JUPITER-SATURN:120,2,2,not_applicable,JUPITER,8,9,anchor_house,JUPITER|SATURN,swiss_ephemeris,JUPITER:SATURN:120:2026-09-01,month_end,MONTH_END_STRUCTURE,,95,80,支援を学びと遠い計画へ現実的に生かす時,{event_date}は、奨学、研究、旅などへ使える支援や共同資金を広げ、長期的な学びへ現実的に生かす時間です。可能性だけを見て費用を増やすと返す条件が重くなり、制度を警戒しすぎると使える助けを逃しやすいでしょう。目的、総額、期間、報告方法を確認し、小さな申請から進めてください。,trine;jupiter;saturn;builds_into_2026-09,1
2026_08_JUPITER_SATURN_TRINE_S08_N10,2026_08_JUPITER_SATURN_TRINE,2026-08,aspect_building,2026-08-28T00:00:00+09:00,2026-09-01T07:17:00+09:00,2026-08-31T23:59:59+09:00,0,JUPITER|SATURN,JUPITER:LEO|SATURN:ARIES,JUPITER-SATURN:120,2,2,not_applicable,JUPITER,8,10,anchor_house,JUPITER|SATURN,swiss_ephemeris,JUPITER:SATURN:120:2026-09-01,month_end,MONTH_END_STRUCTURE,,95,80,組織の資金と権限を公正に管理する時,{event_date}は、組織や仕事で預かる資金、情報、権限を見直し、説明できる管理方法へ整える時間です。期待に応えて裁量を広げすぎると責任が曖昧になり、承認を重ねすぎると必要な判断が遅れやすいでしょう。決定できる範囲、記録方法、確認者を定め、共有できる形にしてください。,trine;jupiter;saturn;builds_into_2026-09,1
2026_08_JUPITER_SATURN_TRINE_S08_N11,2026_08_JUPITER_SATURN_TRINE,2026-08,aspect_building,2026-08-28T00:00:00+09:00,2026-09-01T07:17:00+09:00,2026-08-31T23:59:59+09:00,0,JUPITER|SATURN,JUPITER:LEO|SATURN:ARIES,JUPITER-SATURN:120,2,2,not_applicable,JUPITER,8,11,anchor_house,JUPITER|SATURN,swiss_ephemeris,JUPITER:SATURN:120:2026-09-01,month_end,MONTH_END_STRUCTURE,,95,80,仲間の資源を透明な共同運営へ整える時,{event_date}は、仲間やコミュニティが持つ資金、場所、技能を集め、継続できる共同運営へ整える時間です。理念への共感だけで負担を集めると使途が曖昧になり、規則を増やしすぎると参加する人が動きにくいでしょう。目的、提供上限、管理者、報告日を決め、見える記録を残してください。,trine;jupiter;saturn;builds_into_2026-09,1
2026_08_JUPITER_SATURN_TRINE_S08_N12,2026_08_JUPITER_SATURN_TRINE,2026-08,aspect_building,2026-08-28T00:00:00+09:00,2026-09-01T07:17:00+09:00,2026-08-31T23:59:59+09:00,0,JUPITER|SATURN,JUPITER:LEO|SATURN:ARIES,JUPITER-SATURN:120,2,2,not_applicable,JUPITER,8,12,anchor_house,JUPITER|SATURN,swiss_ephemeris,JUPITER:SATURN:120:2026-09-01,month_end,MONTH_END_STRUCTURE,,95,80,見えない負担と秘密を静かに整理していく時,{event_date}は、表に出していない負担、返済、秘密、心の荷物を見直し、静かに整理できる方法を作る時間です。一人で抱え続けると全体が見えにくくなり、急いで明らかにすると自分の気持ちが追いつかないでしょう。事実と感情を分けて書き、相談する相手と最初に確認する項目を決めてください。,trine;jupiter;saturn;builds_into_2026-09,1
2026_08_JUPITER_SATURN_TRINE_S09_N01,2026_08_JUPITER_SATURN_TRINE,2026-08,aspect_building,2026-08-28T00:00:00+09:00,2026-09-01T07:17:00+09:00,2026-08-31T23:59:59+09:00,0,JUPITER|SATURN,JUPITER:LEO|SATURN:ARIES,JUPITER-SATURN:120,2,2,not_applicable,JUPITER,9,1,anchor_house,JUPITER|SATURN,swiss_ephemeris,JUPITER:SATURN:120:2026-09-01,month_end,MONTH_END_STRUCTURE,,95,80,広い視野を自分の生き方へ落とし込む時,{event_date}は、学びや旅から得た広い視野を、自分がこれから選ぶ生き方や行動へ落とし込む時間です。新しい考えへ勢いで乗り換えると足元が追いつかず、今の自分像を守るだけでは成長の余地を狭めやすいでしょう。大切にしたい原則を一つ選び、毎日の小さな決断で試してください。,trine;jupiter;saturn;builds_into_2026-09,1
2026_08_JUPITER_SATURN_TRINE_S09_N02,2026_08_JUPITER_SATURN_TRINE,2026-08,aspect_building,2026-08-28T00:00:00+09:00,2026-09-01T07:17:00+09:00,2026-08-31T23:59:59+09:00,0,JUPITER|SATURN,JUPITER:LEO|SATURN:ARIES,JUPITER-SATURN:120,2,2,not_applicable,JUPITER,9,2,anchor_house,JUPITER|SATURN,swiss_ephemeris,JUPITER:SATURN:120:2026-09-01,month_end,MONTH_END_STRUCTURE,,95,80,学びと旅への投資を守れる予算へ整える時,{event_date}は、学費、旅費、専門資料への投資を広げながら、生活を守って続けられる予算へ整える時間です。将来の可能性だけで費用を増やすと固定負担が重くなり、回収を急ぎすぎると学ぶ意味を狭めやすいでしょう。目的、総額、期間を決め、今の技能へつながる順に選んでください。,trine;jupiter;saturn;builds_into_2026-09,1
2026_08_JUPITER_SATURN_TRINE_S09_N03,2026_08_JUPITER_SATURN_TRINE,2026-08,aspect_building,2026-08-28T00:00:00+09:00,2026-09-01T07:17:00+09:00,2026-08-31T23:59:59+09:00,0,JUPITER|SATURN,JUPITER:LEO|SATURN:ARIES,JUPITER-SATURN:120,2,2,not_applicable,JUPITER,9,3,anchor_house,JUPITER|SATURN,swiss_ephemeris,JUPITER:SATURN:120:2026-09-01,month_end,MONTH_END_STRUCTURE,,95,80,専門知識を伝わる言葉へまとめ直す時,{event_date}は、専門的な学びや遠くで得た経験を広げ、身近な人にも伝わる言葉へまとめ直す時間です。情報を増やしすぎると要点が見えず、正確さにこだわりすぎると発信する機会を逃しやすいでしょう。問いを一つに絞り、出典と自分の考えを分けて短い文章にしてください。,trine;jupiter;saturn;builds_into_2026-09,1
2026_08_JUPITER_SATURN_TRINE_S09_N04,2026_08_JUPITER_SATURN_TRINE,2026-08,aspect_building,2026-08-28T00:00:00+09:00,2026-09-01T07:17:00+09:00,2026-08-31T23:59:59+09:00,0,JUPITER|SATURN,JUPITER:LEO|SATURN:ARIES,JUPITER-SATURN:120,2,2,not_applicable,JUPITER,9,4,anchor_house,JUPITER|SATURN,swiss_ephemeris,JUPITER:SATURN:120:2026-09-01,month_end,MONTH_END_STRUCTURE,,95,80,遠くを見る計画を安心できる拠点から育てる時,{event_date}は、学び、旅、移動など遠くへ広がる計画を、安心して戻れる住まいや家族の支えから育てる時間です。外の可能性だけを追うと暮らしの維持が重くなり、家を守ることに集中すると新しい経験を選びにくいでしょう。不在中の役割と費用を決め、短い計画から試してください。,trine;jupiter;saturn;builds_into_2026-09,1
2026_08_JUPITER_SATURN_TRINE_S09_N05,2026_08_JUPITER_SATURN_TRINE,2026-08,aspect_building,2026-08-28T00:00:00+09:00,2026-09-01T07:17:00+09:00,2026-08-31T23:59:59+09:00,0,JUPITER|SATURN,JUPITER:LEO|SATURN:ARIES,JUPITER-SATURN:120,2,2,not_applicable,JUPITER,9,5,anchor_house,JUPITER|SATURN,swiss_ephemeris,JUPITER:SATURN:120:2026-09-01,month_end,MONTH_END_STRUCTURE,,95,80,学びの喜びを教えられる表現へ育てる時,{event_date}は、好きな学問や文化から得た喜びを広げ、作品、講座、遊びとして人へ渡せる表現へ育てる時間です。面白さのまま題材を増やすと完成が遠のき、教える形を整えすぎると自分の感動を失いやすいでしょう。一つのテーマを選び、短い作品や小さな学びの場にまとめてください。,trine;jupiter;saturn;builds_into_2026-09,1
2026_08_JUPITER_SATURN_TRINE_S09_N06,2026_08_JUPITER_SATURN_TRINE,2026-08,aspect_building,2026-08-28T00:00:00+09:00,2026-09-01T07:17:00+09:00,2026-08-31T23:59:59+09:00,0,JUPITER|SATURN,JUPITER:LEO|SATURN:ARIES,JUPITER-SATURN:120,2,2,not_applicable,JUPITER,9,6,anchor_house,JUPITER|SATURN,swiss_ephemeris,JUPITER:SATURN:120:2026-09-01,month_end,MONTH_END_STRUCTURE,,95,80,理想を毎日の実践へ落とし込んでいく時,{event_date}は、学びから得た理想や方法を、仕事や生活で繰り返せる実践へ落とし込む時間です。理解を広げるだけでは日常が変わらず、手順を守ることだけに集中すると本来の目的を見失いやすいでしょう。試す場面を一つ選び、実行した結果と改善点を短く記録してください。,trine;jupiter;saturn;builds_into_2026-09,1
2026_08_JUPITER_SATURN_TRINE_S09_N07,2026_08_JUPITER_SATURN_TRINE,2026-08,aspect_building,2026-08-28T00:00:00+09:00,2026-09-01T07:17:00+09:00,2026-08-31T23:59:59+09:00,0,JUPITER|SATURN,JUPITER:LEO|SATURN:ARIES,JUPITER-SATURN:120,2,2,not_applicable,JUPITER,9,7,anchor_house,JUPITER|SATURN,swiss_ephemeris,JUPITER:SATURN:120:2026-09-01,month_end,MONTH_END_STRUCTURE,,95,80,異なる価値観を共に進める合意へ変える時,{event_date}は、異なる文化や考えを持つ相手との関係を広げ、共に学び進めるための合意へ変える時間です。違いを面白さだけで受け止めると現実の条件を見落とし、自分の基準へ合わせようとすると関係を狭めやすいでしょう。目的、距離、連絡頻度、費用を確認し、小さな共同計画を決めてください。,trine;jupiter;saturn;builds_into_2026-09,1
2026_08_JUPITER_SATURN_TRINE_S09_N08,2026_08_JUPITER_SATURN_TRINE,2026-08,aspect_building,2026-08-28T00:00:00+09:00,2026-09-01T07:17:00+09:00,2026-08-31T23:59:59+09:00,0,JUPITER|SATURN,JUPITER:LEO|SATURN:ARIES,JUPITER-SATURN:120,2,2,not_applicable,JUPITER,9,8,anchor_house,JUPITER|SATURN,swiss_ephemeris,JUPITER:SATURN:120:2026-09-01,month_end,MONTH_END_STRUCTURE,,95,80,深い研究と支援条件を現実的に整える時,{event_date}は、専門研究や長期学習を深めながら、共同資金、奨学、資料の利用条件を現実的に整える時間です。期待できる支援だけで計画すると返す責任が重くなり、不安から申請を避けると使える資源を逃しやすいでしょう。目的、総額、期限、報告方法を確認し、必要な記録を揃えてください。,trine;jupiter;saturn;builds_into_2026-09,1
2026_08_JUPITER_SATURN_TRINE_S09_N09,2026_08_JUPITER_SATURN_TRINE,2026-08,aspect_building,2026-08-28T00:00:00+09:00,2026-09-01T07:17:00+09:00,2026-08-31T23:59:59+09:00,0,JUPITER|SATURN,JUPITER:LEO|SATURN:ARIES,JUPITER-SATURN:120,2,2,not_applicable,JUPITER,9,9,anchor_house,JUPITER|SATURN,swiss_ephemeris,JUPITER:SATURN:120:2026-09-01,month_end,MONTH_END_STRUCTURE,,95,80,大きな学びを完成できる計画へ育てる時,{event_date}は、専門的な学び、出版、旅の構想を広げながら、最後まで進められる長期計画へ育てる時間です。関心のまま範囲を広げると焦点がぼやけ、完成度を求めすぎると最初の一歩が遅れやすいでしょう。到達点を一つに絞り、途中の締切と確認相手を決めてください。,trine;jupiter;saturn;builds_into_2026-09,1
2026_08_JUPITER_SATURN_TRINE_S09_N10,2026_08_JUPITER_SATURN_TRINE,2026-08,aspect_building,2026-08-28T00:00:00+09:00,2026-09-01T07:17:00+09:00,2026-08-31T23:59:59+09:00,0,JUPITER|SATURN,JUPITER:LEO|SATURN:ARIES,JUPITER-SATURN:120,2,2,not_applicable,JUPITER,9,10,anchor_house,JUPITER|SATURN,swiss_ephemeris,JUPITER:SATURN:120:2026-09-01,month_end,MONTH_END_STRUCTURE,,95,80,専門性を社会で担える役割へ結びつける時,{event_date}は、学んできた専門性や広い視野を、仕事で説明し責任を持てる役割へ結びつける時間です。評価への期待で肩書を先に求めると実務が追いつかず、準備を重ねるだけでは力を示す機会を逃しやすいでしょう。扱える範囲と根拠を整理し、小さな提案として公にしてください。,trine;jupiter;saturn;builds_into_2026-09,1
2026_08_JUPITER_SATURN_TRINE_S09_N11,2026_08_JUPITER_SATURN_TRINE,2026-08,aspect_building,2026-08-28T00:00:00+09:00,2026-09-01T07:17:00+09:00,2026-08-31T23:59:59+09:00,0,JUPITER|SATURN,JUPITER:LEO|SATURN:ARIES,JUPITER-SATURN:120,2,2,not_applicable,JUPITER,9,11,anchor_house,JUPITER|SATURN,swiss_ephemeris,JUPITER:SATURN:120:2026-09-01,month_end,MONTH_END_STRUCTURE,,95,80,未来の理念を仲間と動かせる計画へ変える時,{event_date}は、仲間と共有する理念や社会への視点を広げ、実際に動かせる共同計画へ変える時間です。理想を語るだけでは役割が決まらず、最初から規則を固めると新しい参加者を迎えにくいでしょう。最初の行動、担当、期限を一つずつ決め、短い振り返りで方向を調整してください。,trine;jupiter;saturn;builds_into_2026-09,1
2026_08_JUPITER_SATURN_TRINE_S09_N12,2026_08_JUPITER_SATURN_TRINE,2026-08,aspect_building,2026-08-28T00:00:00+09:00,2026-09-01T07:17:00+09:00,2026-08-31T23:59:59+09:00,0,JUPITER|SATURN,JUPITER:LEO|SATURN:ARIES,JUPITER-SATURN:120,2,2,not_applicable,JUPITER,9,12,anchor_house,JUPITER|SATURN,swiss_ephemeris,JUPITER:SATURN:120:2026-09-01,month_end,MONTH_END_STRUCTURE,,95,80,静かな学びで内側の指針を育てていく時,{event_date}は、人に示すためではない学びや内省を深め、自分の内側に長く残る指針を育てる時間です。答えを求めて情報を集め続けると本音を聞きにくくなり、一人で考え込みすぎると視野が狭まりやすいでしょう。読むものを一つに絞り、静かな時間に浮かんだ言葉をノートへ残してください。,trine;jupiter;saturn;builds_into_2026-09,1
2026_08_JUPITER_SATURN_TRINE_S10_N01,2026_08_JUPITER_SATURN_TRINE,2026-08,aspect_building,2026-08-28T00:00:00+09:00,2026-09-01T07:17:00+09:00,2026-08-31T23:59:59+09:00,0,JUPITER|SATURN,JUPITER:LEO|SATURN:ARIES,JUPITER-SATURN:120,2,2,not_applicable,JUPITER,10,1,anchor_house,JUPITER|SATURN,swiss_ephemeris,JUPITER:SATURN:120:2026-09-01,month_end,MONTH_END_STRUCTURE,,95,80,自分の強みを公に担える役割へ育てる時,{event_date}は、自分の強みや存在感を仕事で広げながら、人前で責任を持って担える役割へ育てる時間です。注目への期待で約束を増やすと実行が追いつかず、今の立場を守るだけでは力を試す機会を狭めやすいでしょう。示したい成果を一つ選び、必要な権限と期限を明確にしてください。,trine;jupiter;saturn;builds_into_2026-09,1
2026_08_JUPITER_SATURN_TRINE_S10_N02,2026_08_JUPITER_SATURN_TRINE,2026-08,aspect_building,2026-08-28T00:00:00+09:00,2026-09-01T07:17:00+09:00,2026-08-31T23:59:59+09:00,0,JUPITER|SATURN,JUPITER:LEO|SATURN:ARIES,JUPITER-SATURN:120,2,2,not_applicable,JUPITER,10,2,anchor_house,JUPITER|SATURN,swiss_ephemeris,JUPITER:SATURN:120:2026-09-01,month_end,MONTH_END_STRUCTURE,,95,80,仕事の評価を持続できる報酬へ結びつける時,{event_date}は、仕事で積み上げた評価や技能を広げながら、継続できる報酬と責任へ結びつける時間です。期待に応えて担当だけを増やすと対価が追いつかず、金額を優先しすぎると成長の機会を選びにくいでしょう。実績と作業量を整理し、報酬、権限、見直す時期を具体的に相談してください。,trine;jupiter;saturn;builds_into_2026-09,1
2026_08_JUPITER_SATURN_TRINE_S10_N03,2026_08_JUPITER_SATURN_TRINE,2026-08,aspect_building,2026-08-28T00:00:00+09:00,2026-09-01T07:17:00+09:00,2026-08-31T23:59:59+09:00,0,JUPITER|SATURN,JUPITER:LEO|SATURN:ARIES,JUPITER-SATURN:120,2,2,not_applicable,JUPITER,10,3,anchor_house,JUPITER|SATURN,swiss_ephemeris,JUPITER:SATURN:120:2026-09-01,month_end,MONTH_END_STRUCTURE,,95,80,仕事の考えを伝わる提案と説明へ整える時,{event_date}は、仕事上の考えや計画を広げ、判断する人へ伝わる提案と説明へ整える時間です。話を大きくすると根拠との距離が開き、正確さにこだわりすぎると要点が見えにくいでしょう。目的、効果、担当、期限を一枚にまとめ、相手の質問を受けて更新してください。,trine;jupiter;saturn;builds_into_2026-09,1
2026_08_JUPITER_SATURN_TRINE_S10_N04,2026_08_JUPITER_SATURN_TRINE,2026-08,aspect_building,2026-08-28T00:00:00+09:00,2026-09-01T07:17:00+09:00,2026-08-31T23:59:59+09:00,0,JUPITER|SATURN,JUPITER:LEO|SATURN:ARIES,JUPITER-SATURN:120,2,2,not_applicable,JUPITER,10,4,anchor_house,JUPITER|SATURN,swiss_ephemeris,JUPITER:SATURN:120:2026-09-01,month_end,MONTH_END_STRUCTURE,,95,80,仕事の成長を暮らしの安定と両立させる時,{event_date}は、仕事で広げたい役割や目標を、住まいと家族の安定した支えと両立させる時間です。評価に応えて働く時間を増やすと生活の土台が揺らぎ、家を守ることだけに集中すると挑戦を選びにくいでしょう。仕事の期限と家で担うことを整理し、双方を見直せる予定を作ってください。,trine;jupiter;saturn;builds_into_2026-09,1
2026_08_JUPITER_SATURN_TRINE_S10_N05,2026_08_JUPITER_SATURN_TRINE,2026-08,aspect_building,2026-08-28T00:00:00+09:00,2026-09-01T07:17:00+09:00,2026-08-31T23:59:59+09:00,0,JUPITER|SATURN,JUPITER:LEO|SATURN:ARIES,JUPITER-SATURN:120,2,2,not_applicable,JUPITER,10,5,anchor_house,JUPITER|SATURN,swiss_ephemeris,JUPITER:SATURN:120:2026-09-01,month_end,MONTH_END_STRUCTURE,,95,80,創造性を責任ある企画として世に示す時,{event_date}は、創造性や遊び心を仕事の企画へ広げ、人前で責任を持てる成果として示す時間です。注目を集めようと案を増やすと完成が遠のき、評価を意識しすぎると独自の魅力を出しにくいでしょう。作品や企画を一つ選び、完成条件、予算、発表先を決めてください。,trine;jupiter;saturn;builds_into_2026-09,1
2026_08_JUPITER_SATURN_TRINE_S10_N06,2026_08_JUPITER_SATURN_TRINE,2026-08,aspect_building,2026-08-28T00:00:00+09:00,2026-09-01T07:17:00+09:00,2026-08-31T23:59:59+09:00,0,JUPITER|SATURN,JUPITER:LEO|SATURN:ARIES,JUPITER-SATURN:120,2,2,not_applicable,JUPITER,10,6,anchor_house,JUPITER|SATURN,swiss_ephemeris,JUPITER:SATURN:120:2026-09-01,month_end,MONTH_END_STRUCTURE,,95,80,実務の仕組みを任せられる運営へ整える時,{event_date}は、日々の実務や技能を広げながら、他者から任せられる安定した運営方法へ整える時間です。頼られるまま作業を抱えると全体を管理できず、手順を固めすぎると現場の変化へ対応しにくいでしょう。重要な作業、担当、確認日を決め、誰でも追える記録を残してください。,trine;jupiter;saturn;builds_into_2026-09,1
2026_08_JUPITER_SATURN_TRINE_S10_N07,2026_08_JUPITER_SATURN_TRINE,2026-08,aspect_building,2026-08-28T00:00:00+09:00,2026-09-01T07:17:00+09:00,2026-08-31T23:59:59+09:00,0,JUPITER|SATURN,JUPITER:LEO|SATURN:ARIES,JUPITER-SATURN:120,2,2,not_applicable,JUPITER,10,7,anchor_house,JUPITER|SATURN,swiss_ephemeris,JUPITER:SATURN:120:2026-09-01,month_end,MONTH_END_STRUCTURE,,95,80,仕事上の提携を対等な責任へ育てる時,{event_date}は、仕事上の提携や顧客との関係を広げながら、双方が公に担える対等な責任へ育てる時間です。関係の良さだけで役割を曖昧にすると負担が偏り、形式を優先すると共同の目的がずれやすいでしょう。成果、権限、期限、説明する担当を確認し、合意を文章にしてください。,trine;jupiter;saturn;builds_into_2026-09,1
2026_08_JUPITER_SATURN_TRINE_S10_N08,2026_08_JUPITER_SATURN_TRINE,2026-08,aspect_building,2026-08-28T00:00:00+09:00,2026-09-01T07:17:00+09:00,2026-08-31T23:59:59+09:00,0,JUPITER|SATURN,JUPITER:LEO|SATURN:ARIES,JUPITER-SATURN:120,2,2,not_applicable,JUPITER,10,8,anchor_house,JUPITER|SATURN,swiss_ephemeris,JUPITER:SATURN:120:2026-09-01,month_end,MONTH_END_STRUCTURE,,95,80,組織の資源と権限を説明できる形へ整える時,{event_date}は、組織や仕事で扱う資金、情報、権限を広げながら、外へ説明できる管理方法へ整える時間です。期待に応えて裁量を増やすと責任の境界が曖昧になり、承認を重ねすぎると判断が遅れやすいでしょう。決定できる範囲、記録方法、確認者を定め、共有できる形にしてください。,trine;jupiter;saturn;builds_into_2026-09,1
2026_08_JUPITER_SATURN_TRINE_S10_N09,2026_08_JUPITER_SATURN_TRINE,2026-08,aspect_building,2026-08-28T00:00:00+09:00,2026-09-01T07:17:00+09:00,2026-08-31T23:59:59+09:00,0,JUPITER|SATURN,JUPITER:LEO|SATURN:ARIES,JUPITER-SATURN:120,2,2,not_applicable,JUPITER,10,9,anchor_house,JUPITER|SATURN,swiss_ephemeris,JUPITER:SATURN:120:2026-09-01,month_end,MONTH_END_STRUCTURE,,95,80,専門知識を社会へ届ける役割へ結ぶ時,{event_date}は、専門知識や広い視野を仕事で生かし、社会へ分かりやすく届ける役割へ結びつける時間です。大きな結論を急ぐと根拠が追いつかず、十分に学ぶまで待つと力を示す機会を逃しやすいでしょう。扱える範囲と出典を整理し、提案、記事、講座の一つとして公にしてください。,trine;jupiter;saturn;builds_into_2026-09,1
2026_08_JUPITER_SATURN_TRINE_S10_N10,2026_08_JUPITER_SATURN_TRINE,2026-08,aspect_building,2026-08-28T00:00:00+09:00,2026-09-01T07:17:00+09:00,2026-08-31T23:59:59+09:00,0,JUPITER|SATURN,JUPITER:LEO|SATURN:ARIES,JUPITER-SATURN:120,2,2,not_applicable,JUPITER,10,10,anchor_house,JUPITER|SATURN,swiss_ephemeris,JUPITER:SATURN:120:2026-09-01,month_end,MONTH_END_STRUCTURE,,95,80,長期目標を現実に進める責任へ変える時,{event_date}は、仕事の長期目標や社会的な役割を広げながら、現実に進められる責任と計画へ変える時間です。評価への期待で目標を増やすと焦点がぼやけ、失敗を避けて準備だけを重ねると動き出しにくいでしょう。到達点を一つに絞り、途中の期限と必要な支援を決めてください。,trine;jupiter;saturn;builds_into_2026-09,1
2026_08_JUPITER_SATURN_TRINE_S10_N11,2026_08_JUPITER_SATURN_TRINE,2026-08,aspect_building,2026-08-28T00:00:00+09:00,2026-09-01T07:17:00+09:00,2026-08-31T23:59:59+09:00,0,JUPITER|SATURN,JUPITER:LEO|SATURN:ARIES,JUPITER-SATURN:120,2,2,not_applicable,JUPITER,10,11,anchor_house,JUPITER|SATURN,swiss_ephemeris,JUPITER:SATURN:120:2026-09-01,month_end,MONTH_END_STRUCTURE,,95,80,仲間の未来を支える立場と分担を決める時,{event_date}は、仲間や組織の未来へ影響する役割を広げながら、自分が継続して担える立場と分担を決める時間です。期待に応えて責任を集めると負担が偏り、権限を守ることだけに集中すると協力を得にくいでしょう。目的、担当、決定方法を共有し、短い期間で見直してください。,trine;jupiter;saturn;builds_into_2026-09,1
2026_08_JUPITER_SATURN_TRINE_S10_N12,2026_08_JUPITER_SATURN_TRINE,2026-08,aspect_building,2026-08-28T00:00:00+09:00,2026-09-01T07:17:00+09:00,2026-08-31T23:59:59+09:00,0,JUPITER|SATURN,JUPITER:LEO|SATURN:ARIES,JUPITER-SATURN:120,2,2,not_applicable,JUPITER,10,12,anchor_house,JUPITER|SATURN,swiss_ephemeris,JUPITER:SATURN:120:2026-09-01,month_end,MONTH_END_STRUCTURE,,95,80,水面下の準備を次の役割へつなげる時,{event_date}は、人に見えない準備や支援を見直し、次に公へ出す仕事や役割へ静かにつなげる時間です。裏方の責任を抱え続けると成果が伝わらず、準備が整うまで隠れると動くきっかけを失いやすいでしょう。終える作業と公にする成果を一つずつ決め、信頼できる相手へ進捗を共有してください。,trine;jupiter;saturn;builds_into_2026-09,1
2026_08_JUPITER_SATURN_TRINE_S11_N01,2026_08_JUPITER_SATURN_TRINE,2026-08,aspect_building,2026-08-28T00:00:00+09:00,2026-09-01T07:17:00+09:00,2026-08-31T23:59:59+09:00,0,JUPITER|SATURN,JUPITER:LEO|SATURN:ARIES,JUPITER-SATURN:120,2,2,not_applicable,JUPITER,11,1,anchor_house,JUPITER|SATURN,swiss_ephemeris,JUPITER:SATURN:120:2026-09-01,month_end,MONTH_END_STRUCTURE,,95,80,仲間の中で自分らしい役割を選び直す時,{event_date}は、新しい仲間や共同目標とのつながりを広げながら、その中で自分らしく担える役割を選び直す時間です。場の期待へ合わせ続けると意志が薄れ、自分の自由だけを守ると協力のきっかけを失いやすいでしょう。使える時間と得意なことを伝え、短い期間で試せる担当から選んでください。,trine;jupiter;saturn;builds_into_2026-09,1
2026_08_JUPITER_SATURN_TRINE_S11_N02,2026_08_JUPITER_SATURN_TRINE,2026-08,aspect_building,2026-08-28T00:00:00+09:00,2026-09-01T07:17:00+09:00,2026-08-31T23:59:59+09:00,0,JUPITER|SATURN,JUPITER:LEO|SATURN:ARIES,JUPITER-SATURN:120,2,2,not_applicable,JUPITER,11,2,anchor_house,JUPITER|SATURN,swiss_ephemeris,JUPITER:SATURN:120:2026-09-01,month_end,MONTH_END_STRUCTURE,,95,80,仲間へ渡す資源と守る生活の境界を決める時,{event_date}は、仲間やコミュニティへ提供するお金、時間、技能を広げながら、自分の生活を守る境界を決める時間です。理念への共感だけで負担を増やすと継続できず、自分の利益だけを守ると共同の可能性を育てにくいでしょう。提供する上限と目的を共有し、使途を見直す日を決めてください。,trine;jupiter;saturn;builds_into_2026-09,1
2026_08_JUPITER_SATURN_TRINE_S11_N03,2026_08_JUPITER_SATURN_TRINE,2026-08,aspect_building,2026-08-28T00:00:00+09:00,2026-09-01T07:17:00+09:00,2026-08-31T23:59:59+09:00,0,JUPITER|SATURN,JUPITER:LEO|SATURN:ARIES,JUPITER-SATURN:120,2,2,not_applicable,JUPITER,11,3,anchor_house,JUPITER|SATURN,swiss_ephemeris,JUPITER:SATURN:120:2026-09-01,month_end,MONTH_END_STRUCTURE,,95,80,集まる意見を実行できる連絡へ整える時,{event_date}は、仲間から集まる情報や意見を広げながら、共同計画を進める連絡と記録へ整える時間です。話題を増やすだけでは結論が残らず、連絡方法を細かく決めすぎると参加しにくいでしょう。議題、決定事項、担当、期限を一つの場所にまとめ、短い周期で確認してください。,trine;jupiter;saturn;builds_into_2026-09,1
2026_08_JUPITER_SATURN_TRINE_S11_N04,2026_08_JUPITER_SATURN_TRINE,2026-08,aspect_building,2026-08-28T00:00:00+09:00,2026-09-01T07:17:00+09:00,2026-08-31T23:59:59+09:00,0,JUPITER|SATURN,JUPITER:LEO|SATURN:ARIES,JUPITER-SATURN:120,2,2,not_applicable,JUPITER,11,4,anchor_house,JUPITER|SATURN,swiss_ephemeris,JUPITER:SATURN:120:2026-09-01,month_end,MONTH_END_STRUCTURE,,95,80,仲間と安心して戻れる居場所を育てる時,{event_date}は、友人やコミュニティとのつながりを、互いが安心して戻れる居場所や支援の形へ育てる時間です。善意だけで人を迎え続けると負担が偏り、参加条件を厳しくすると必要な交流まで減りやすいでしょう。使える場所と時間の範囲を共有し、小さな集まりから運営方法を確かめてください。,trine;jupiter;saturn;builds_into_2026-09,1
2026_08_JUPITER_SATURN_TRINE_S11_N05,2026_08_JUPITER_SATURN_TRINE,2026-08,aspect_building,2026-08-28T00:00:00+09:00,2026-09-01T07:17:00+09:00,2026-08-31T23:59:59+09:00,0,JUPITER|SATURN,JUPITER:LEO|SATURN:ARIES,JUPITER-SATURN:120,2,2,not_applicable,JUPITER,11,5,anchor_house,JUPITER|SATURN,swiss_ephemeris,JUPITER:SATURN:120:2026-09-01,month_end,MONTH_END_STRUCTURE,,95,80,共同の創作を皆が楽しめる企画へ育てる時,{event_date}は、仲間との創作、遊び、催しの可能性を広げ、皆が楽しみながら参加できる企画へ育てる時間です。案を増やすだけでは誰も着手できず、最初から運営を固めると自由な表現が出にくいでしょう。最初の作品や催しを一つ選び、担当、予算、確認日を決めてください。,trine;jupiter;saturn;builds_into_2026-09,1
2026_08_JUPITER_SATURN_TRINE_S11_N06,2026_08_JUPITER_SATURN_TRINE,2026-08,aspect_building,2026-08-28T00:00:00+09:00,2026-09-01T07:17:00+09:00,2026-08-31T23:59:59+09:00,0,JUPITER|SATURN,JUPITER:LEO|SATURN:ARIES,JUPITER-SATURN:120,2,2,not_applicable,JUPITER,11,6,anchor_house,JUPITER|SATURN,swiss_ephemeris,JUPITER:SATURN:120:2026-09-01,month_end,MONTH_END_STRUCTURE,,95,80,仲間を支える作業を続けられる分担へ整える時,{event_date}は、仲間やコミュニティを支える日々の作業を広げながら、誰もが継続できる分担へ整える時間です。気づいた人が動き続けると負担が集中し、規則を増やしすぎると自発的な協力を得にくいでしょう。必要な作業、担当、期限を明示し、短い振り返りで分担を更新してください。,trine;jupiter;saturn;builds_into_2026-09,1
2026_08_JUPITER_SATURN_TRINE_S11_N07,2026_08_JUPITER_SATURN_TRINE,2026-08,aspect_building,2026-08-28T00:00:00+09:00,2026-09-01T07:17:00+09:00,2026-08-31T23:59:59+09:00,0,JUPITER|SATURN,JUPITER:LEO|SATURN:ARIES,JUPITER-SATURN:120,2,2,not_applicable,JUPITER,11,7,anchor_house,JUPITER|SATURN,swiss_ephemeris,JUPITER:SATURN:120:2026-09-01,month_end,MONTH_END_STRUCTURE,,95,80,人脈から生まれる協力を対等な約束へ変える時,{event_date}は、人脈や友人を通じて生まれる協力を広げながら、双方が対等に守れる約束へ変える時間です。親しさだけで条件を曖昧にすると負担が偏り、契約を固めすぎると新しい関わり方を試しにくいでしょう。目的、役割、期限、見直す時期を話し、合意を文章で残してください。,trine;jupiter;saturn;builds_into_2026-09,1
2026_08_JUPITER_SATURN_TRINE_S11_N08,2026_08_JUPITER_SATURN_TRINE,2026-08,aspect_building,2026-08-28T00:00:00+09:00,2026-09-01T07:17:00+09:00,2026-08-31T23:59:59+09:00,0,JUPITER|SATURN,JUPITER:LEO|SATURN:ARIES,JUPITER-SATURN:120,2,2,not_applicable,JUPITER,11,8,anchor_house,JUPITER|SATURN,swiss_ephemeris,JUPITER:SATURN:120:2026-09-01,month_end,MONTH_END_STRUCTURE,,95,80,共同資源を信頼できる運営へ整える時,{event_date}は、仲間が共有する資金、場所、情報を広げながら、信頼して任せられる運営方法へ整える時間です。共感だけで資源を集めると使途が曖昧になり、承認を増やしすぎると必要な判断が遅れやすいでしょう。提供上限、管理者、記録場所、報告日を決め、見える形で共有してください。,trine;jupiter;saturn;builds_into_2026-09,1
2026_08_JUPITER_SATURN_TRINE_S11_N09,2026_08_JUPITER_SATURN_TRINE,2026-08,aspect_building,2026-08-28T00:00:00+09:00,2026-09-01T07:17:00+09:00,2026-08-31T23:59:59+09:00,0,JUPITER|SATURN,JUPITER:LEO|SATURN:ARIES,JUPITER-SATURN:120,2,2,not_applicable,JUPITER,11,9,anchor_house,JUPITER|SATURN,swiss_ephemeris,JUPITER:SATURN:120:2026-09-01,month_end,MONTH_END_STRUCTURE,,95,80,共有する理念を広い学びと行動へ結ぶ時,{event_date}は、仲間と共有する理念や社会への視点を広げ、共に学び行動する計画へ結びつける時間です。理想を語るだけでは役割が決まらず、正しい方法を一つに定めると異なる意見を受け止めにくいでしょう。学ぶテーマと最初の行動を一つずつ選び、担当と期限を決めてください。,trine;jupiter;saturn;builds_into_2026-09,1
2026_08_JUPITER_SATURN_TRINE_S11_N10,2026_08_JUPITER_SATURN_TRINE,2026-08,aspect_building,2026-08-28T00:00:00+09:00,2026-09-01T07:17:00+09:00,2026-08-31T23:59:59+09:00,0,JUPITER|SATURN,JUPITER:LEO|SATURN:ARIES,JUPITER-SATURN:120,2,2,not_applicable,JUPITER,11,10,anchor_house,JUPITER|SATURN,swiss_ephemeris,JUPITER:SATURN:120:2026-09-01,month_end,MONTH_END_STRUCTURE,,95,80,仲間の未来を公に担える立場へ育てる時,{event_date}は、仲間や組織の未来へ影響する役割を広げながら、外へ説明できる責任ある立場へ育てる時間です。期待に応えて責任を集めると負担が偏り、権限を守ることだけに集中すると協力を得にくいでしょう。目的、決定範囲、説明する担当を共有し、短い期間で見直してください。,trine;jupiter;saturn;builds_into_2026-09,1
2026_08_JUPITER_SATURN_TRINE_S11_N11,2026_08_JUPITER_SATURN_TRINE,2026-08,aspect_building,2026-08-28T00:00:00+09:00,2026-09-01T07:17:00+09:00,2026-08-31T23:59:59+09:00,0,JUPITER|SATURN,JUPITER:LEO|SATURN:ARIES,JUPITER-SATURN:120,2,2,not_applicable,JUPITER,11,11,anchor_house,JUPITER|SATURN,swiss_ephemeris,JUPITER:SATURN:120:2026-09-01,month_end,MONTH_END_STRUCTURE,,95,80,未来の計画を長く続く共同活動へ変える時,{event_date}は、仲間と描く未来や社会的な目標を広げながら、長く続けられる共同活動へ変える時間です。可能性のまま案を増やすと焦点がぼやけ、最初から仕組みを固めると新しい参加者を迎えにくいでしょう。優先する目標を一つに絞り、最初の担当と見直す日を決めてください。,trine;jupiter;saturn;builds_into_2026-09,1
2026_08_JUPITER_SATURN_TRINE_S11_N12,2026_08_JUPITER_SATURN_TRINE,2026-08,aspect_building,2026-08-28T00:00:00+09:00,2026-09-01T07:17:00+09:00,2026-08-31T23:59:59+09:00,0,JUPITER|SATURN,JUPITER:LEO|SATURN:ARIES,JUPITER-SATURN:120,2,2,not_applicable,JUPITER,11,12,anchor_house,JUPITER|SATURN,swiss_ephemeris,JUPITER:SATURN:120:2026-09-01,month_end,MONTH_END_STRUCTURE,,95,80,静かな希望と裏方の支援を守って育てる時,{event_date}は、まだ公にしていない希望や、仲間を陰で支える活動を見直し、無理なく続けられる形へ育てる時間です。期待に応えて見えない役割を抱えると消耗し、完全に離れると大切なつながりまで失いやすいでしょう。残す支援と終える負担を分け、連絡を止める時間もあらかじめ決めてください。,trine;jupiter;saturn;builds_into_2026-09,1
2026_08_JUPITER_SATURN_TRINE_S12_N01,2026_08_JUPITER_SATURN_TRINE,2026-08,aspect_building,2026-08-28T00:00:00+09:00,2026-09-01T07:17:00+09:00,2026-08-31T23:59:59+09:00,0,JUPITER|SATURN,JUPITER:LEO|SATURN:ARIES,JUPITER-SATURN:120,2,2,not_applicable,JUPITER,12,1,anchor_house,JUPITER|SATURN,swiss_ephemeris,JUPITER:SATURN:120:2026-09-01,month_end,MONTH_END_STRUCTURE,,95,80,人に見せない準備で次の自分を育てる時,{event_date}は、外へ示す前の可能性を内側で広げながら、次の自分を支える静かな準備へ整える時間です。変化を急いで公表すると心が追いつかず、完全に整うまで隠れると動き出すきっかけを失いやすいでしょう。終えることと育てることを一つずつ決め、信頼できる相手にだけ進捗を共有してください。,trine;jupiter;saturn;builds_into_2026-09,1
2026_08_JUPITER_SATURN_TRINE_S12_N02,2026_08_JUPITER_SATURN_TRINE,2026-08,aspect_building,2026-08-28T00:00:00+09:00,2026-09-01T07:17:00+09:00,2026-08-31T23:59:59+09:00,0,JUPITER|SATURN,JUPITER:LEO|SATURN:ARIES,JUPITER-SATURN:120,2,2,not_applicable,JUPITER,12,2,anchor_house,JUPITER|SATURN,swiss_ephemeris,JUPITER:SATURN:120:2026-09-01,month_end,MONTH_END_STRUCTURE,,95,80,見えない出費と負担から大切な資源を守る時,{event_date}は、無意識の出費や報われにくい負担を見直し、自分の時間とお金を静かに守る仕組みを作る時間です。将来への期待で支出を増やすと余力が減り、不安からすべてを止めると必要な支えまで失いやすいでしょう。記録を責めずに確認し、終える支出と残す援助を一つずつ決めてください。,trine;jupiter;saturn;builds_into_2026-09,1
2026_08_JUPITER_SATURN_TRINE_S12_N03,2026_08_JUPITER_SATURN_TRINE,2026-08,aspect_building,2026-08-28T00:00:00+09:00,2026-09-01T07:17:00+09:00,2026-08-31T23:59:59+09:00,0,JUPITER|SATURN,JUPITER:LEO|SATURN:ARIES,JUPITER-SATURN:120,2,2,not_applicable,JUPITER,12,3,anchor_house,JUPITER|SATURN,swiss_ephemeris,JUPITER:SATURN:120:2026-09-01,month_end,MONTH_END_STRUCTURE,,95,80,静かな思考を伝えられる言葉へ整える時,{event_date}は、人に見せていない考えや下書きを内側で深め、必要な時に伝えられる言葉へ整える時間です。情報を追い続けると本音を聞き取りにくくなり、一人で考え込みすぎると視野が狭まりやすいでしょう。通知を止める時間を作り、要点をノートへ残して信頼できる相手にだけ読んでもらってください。,trine;jupiter;saturn;builds_into_2026-09,1
2026_08_JUPITER_SATURN_TRINE_S12_N04,2026_08_JUPITER_SATURN_TRINE,2026-08,aspect_building,2026-08-28T00:00:00+09:00,2026-09-01T07:17:00+09:00,2026-08-31T23:59:59+09:00,0,JUPITER|SATURN,JUPITER:LEO|SATURN:ARIES,JUPITER-SATURN:120,2,2,not_applicable,JUPITER,12,4,anchor_house,JUPITER|SATURN,swiss_ephemeris,JUPITER:SATURN:120:2026-09-01,month_end,MONTH_END_STRUCTURE,,95,80,家族の記憶を安心できる居場所で整理する時,{event_date}は、家族の記憶や過去から引き継いだ役割を見直し、安心できる居場所で静かに整理する時間です。古い事情をすべて抱えると新しい生活へ進みにくく、早く手放そうとすると大切な気持ちまで置き去りにしやすいでしょう。残す物と終える役割を一つずつ決め、何もしない時間も確保してください。,trine;jupiter;saturn;builds_into_2026-09,1
2026_08_JUPITER_SATURN_TRINE_S12_N05,2026_08_JUPITER_SATURN_TRINE,2026-08,aspect_building,2026-08-28T00:00:00+09:00,2026-09-01T07:17:00+09:00,2026-08-31T23:59:59+09:00,0,JUPITER|SATURN,JUPITER:LEO|SATURN:ARIES,JUPITER-SATURN:120,2,2,not_applicable,JUPITER,12,5,anchor_house,JUPITER|SATURN,swiss_ephemeris,JUPITER:SATURN:120:2026-09-01,month_end,MONTH_END_STRUCTURE,,95,80,育てた可能性に持続する形を与える,{event_date}、木星と土星の調和が強まり、内側で膨らませてきた構想を、現実に続けられる形へ整える流れが生まれます。ソーラー12ハウス・ネイタル5ハウスでは、まだ公表するより、創作や楽しみのための時間、予算、手順を確保することが先です。大きく始めず、無理なく繰り返せる一単位を決めるほど、可能性が根づきやすくなります。,trine;jupiter;saturn;builds_into_2026-09,1
2026_08_JUPITER_SATURN_TRINE_S12_N06,2026_08_JUPITER_SATURN_TRINE,2026-08,aspect_building,2026-08-28T00:00:00+09:00,2026-09-01T07:17:00+09:00,2026-08-31T23:59:59+09:00,0,JUPITER|SATURN,JUPITER:LEO|SATURN:ARIES,JUPITER-SATURN:120,2,2,not_applicable,JUPITER,12,6,anchor_house,JUPITER|SATURN,swiss_ephemeris,JUPITER:SATURN:120:2026-09-01,month_end,MONTH_END_STRUCTURE,,95,80,裏方の仕事と休息を無理なく続く手順へ整える時,{event_date}は、人に見えない仕事や支援を見直し、静かな集中と十分な休息を両立できる手順へ整える時間です。気づいた作業を引き受け続けると消耗し、完全に一人で抱えると助けを求める時期を逃しやすいでしょう。終える業務と残す業務を分け、連絡を止める時間と相談先を決めてください。,trine;jupiter;saturn;builds_into_2026-09,1
2026_08_JUPITER_SATURN_TRINE_S12_N07,2026_08_JUPITER_SATURN_TRINE,2026-08,aspect_building,2026-08-28T00:00:00+09:00,2026-09-01T07:17:00+09:00,2026-08-31T23:59:59+09:00,0,JUPITER|SATURN,JUPITER:LEO|SATURN:ARIES,JUPITER-SATURN:120,2,2,not_applicable,JUPITER,12,7,anchor_house,JUPITER|SATURN,swiss_ephemeris,JUPITER:SATURN:120:2026-09-01,month_end,MONTH_END_STRUCTURE,,95,80,言葉にならない関係の境界を静かに決める時,{event_date}は、表に出していない思いや曖昧な関係を見直し、自分と相手を守れる境界を静かに決める時間です。期待だけで待ち続けると負担が見えにくくなり、急いで結論を出すと大切な気持ちを整理できないでしょう。一人で考える時間を取り、確認したいことを短くまとめてから話してください。,trine;jupiter;saturn;builds_into_2026-09,1
2026_08_JUPITER_SATURN_TRINE_S12_N08,2026_08_JUPITER_SATURN_TRINE,2026-08,aspect_building,2026-08-28T00:00:00+09:00,2026-09-01T07:17:00+09:00,2026-08-31T23:59:59+09:00,0,JUPITER|SATURN,JUPITER:LEO|SATURN:ARIES,JUPITER-SATURN:120,2,2,not_applicable,JUPITER,12,8,anchor_house,JUPITER|SATURN,swiss_ephemeris,JUPITER:SATURN:120:2026-09-01,month_end,MONTH_END_STRUCTURE,,95,80,秘密と共有責任を一人で抱えない形へ整える時,{event_date}は、秘密にしている負担、返済、共有責任を見直し、一人で抱えずに管理できる形へ整える時間です。助けを待つだけでは条件が曖昧になり、急いで全てを明らかにすると自分の気持ちが追いつかないでしょう。事実と感情を分けて書き、相談する相手と最初に確認する項目を決めてください。,trine;jupiter;saturn;builds_into_2026-09,1
2026_08_JUPITER_SATURN_TRINE_S12_N09,2026_08_JUPITER_SATURN_TRINE,2026-08,aspect_building,2026-08-28T00:00:00+09:00,2026-09-01T07:17:00+09:00,2026-08-31T23:59:59+09:00,0,JUPITER|SATURN,JUPITER:LEO|SATURN:ARIES,JUPITER-SATURN:120,2,2,not_applicable,JUPITER,12,9,anchor_house,JUPITER|SATURN,swiss_ephemeris,JUPITER:SATURN:120:2026-09-01,month_end,MONTH_END_STRUCTURE,,95,80,内省と学びを長く残る指針へ育てる時,{event_date}は、人に示すためではない学びや内省を深め、自分の内側に長く残る指針へ育てる時間です。答えを求めて情報を集め続けると本音を聞きにくくなり、一人の考えだけに閉じると視野が狭まりやすいでしょう。読むものを一つに絞り、静かな時間に浮かんだ言葉をノートへ残してください。,trine;jupiter;saturn;builds_into_2026-09,1
2026_08_JUPITER_SATURN_TRINE_S12_N10,2026_08_JUPITER_SATURN_TRINE,2026-08,aspect_building,2026-08-28T00:00:00+09:00,2026-09-01T07:17:00+09:00,2026-08-31T23:59:59+09:00,0,JUPITER|SATURN,JUPITER:LEO|SATURN:ARIES,JUPITER-SATURN:120,2,2,not_applicable,JUPITER,12,10,anchor_house,JUPITER|SATURN,swiss_ephemeris,JUPITER:SATURN:120:2026-09-01,month_end,MONTH_END_STRUCTURE,,95,80,水面下の準備を次の仕事へつなげる時,{event_date}は、人に見えない準備や支援を見直し、次に公へ出す仕事へ静かにつなげる時間です。裏方の責任を抱え続けると成果が伝わらず、準備が整うまで隠れると動くきっかけを失いやすいでしょう。終える作業と公にする成果を一つずつ決め、信頼できる相手へ進捗を共有してください。,trine;jupiter;saturn;builds_into_2026-09,1
2026_08_JUPITER_SATURN_TRINE_S12_N11,2026_08_JUPITER_SATURN_TRINE,2026-08,aspect_building,2026-08-28T00:00:00+09:00,2026-09-01T07:17:00+09:00,2026-08-31T23:59:59+09:00,0,JUPITER|SATURN,JUPITER:LEO|SATURN:ARIES,JUPITER-SATURN:120,2,2,not_applicable,JUPITER,12,11,anchor_house,JUPITER|SATURN,swiss_ephemeris,JUPITER:SATURN:120:2026-09-01,month_end,MONTH_END_STRUCTURE,,95,80,静かな希望を仲間と育てる方法を決める時,{event_date}は、まだ公にしていない希望や仲間を陰で支える活動を見直し、無理なく育てる方法を決める時間です。期待に応えて見えない役割を抱えると消耗し、完全に離れると大切なつながりまで失いやすいでしょう。残す支援と終える負担を分け、信頼できる仲間にだけ今後の意向を伝えてください。,trine;jupiter;saturn;builds_into_2026-09,1
2026_08_JUPITER_SATURN_TRINE_S12_N12,2026_08_JUPITER_SATURN_TRINE,2026-08,aspect_building,2026-08-28T00:00:00+09:00,2026-09-01T07:17:00+09:00,2026-08-31T23:59:59+09:00,0,JUPITER|SATURN,JUPITER:LEO|SATURN:ARIES,JUPITER-SATURN:120,2,2,not_applicable,JUPITER,12,12,anchor_house,JUPITER|SATURN,swiss_ephemeris,JUPITER:SATURN:120:2026-09-01,month_end,MONTH_END_STRUCTURE,,95,80,終えることと休むことに持続する形を与える時,{event_date}は、終えたい役割と守りたい休息を見直し、心身の余白を長く保てる形へ整える時間です。可能性を求めて動き続けると内側の回復が追いつかず、何も決めずに休むだけでは残した負担が気になりやすいでしょう。手放すことを一つ選び、連絡を止める時間と次に確認する日を決めてください。,trine;jupiter;saturn;builds_into_2026-09,1
