Template_ID,Cluster_ID,Month_ID,Event_Type,Valid_From,Peak_At,Valid_To,Carryover_Flag,Participating_Planets,Sign_Signature,Aspect_Signature,Max_Orb,Min_Planet_Count,Moon_Eligibility,Anchor_Planet,Anchor_Solar_House,Anchor_Natal_House,Personalization_Mode,House_Token_Planets,Date_Source,Date_Key,Date_Precision,Selection_Group,Supersedes_Cluster_IDs,Section_Order,Priority,Title,Paragraph_Template,Tags,Active_Flag
2026_09_OPENING_FOUR_PLANET_NETWORK_S01_N01,2026_09_OPENING_FOUR_PLANET_NETWORK,2026-09,aspect_cluster,2026-09-01T00:00:00+09:00,2026-09-01T07:17:00+09:00,2026-09-03T23:59:59+09:00,0,MERCURY|MARS|JUPITER|SATURN,MERCURY:VIRGO|MARS:CANCER|JUPITER:LEO|SATURN:ARIES,JUPITER-SATURN:120|MARS-SATURN:90|MERCURY-MARS:60,2,4,not_applicable,SATURN,1,1,anchor_house,MERCURY|MARS|JUPITER|SATURN,swiss_ephemeris,COMPOSITE:OPENING_FOUR_PLANET_NETWORK:2026-09-01,exact_day,SEP_OPENING_STRUCTURE,,20,100,自分の輪郭を持続できる形に整える,{event_date}頃は、可能性を広げたい気持ちと守るための行動、細部を確かめる判断が重なり、自分の立場を早く固めたくなりそうです。身体の反応や気力の波を無視せず、引き受ける役割と断る範囲を先に決めてください。勢いを一日の手順へ落とすと、無理なく示せる存在感が育ちます。,aspect_cluster;mercury;mars;jupiter;saturn;opening_network,1
2026_09_OPENING_FOUR_PLANET_NETWORK_S01_N02,2026_09_OPENING_FOUR_PLANET_NETWORK,2026-09,aspect_cluster,2026-09-01T00:00:00+09:00,2026-09-01T07:17:00+09:00,2026-09-03T23:59:59+09:00,0,MERCURY|MARS|JUPITER|SATURN,MERCURY:VIRGO|MARS:CANCER|JUPITER:LEO|SATURN:ARIES,JUPITER-SATURN:120|MARS-SATURN:90|MERCURY-MARS:60,2,4,not_applicable,SATURN,1,2,anchor_house,MERCURY|MARS|JUPITER|SATURN,swiss_ephemeris,COMPOSITE:OPENING_FOUR_PLANET_NETWORK:2026-09-01,exact_day,SEP_OPENING_STRUCTURE,,20,100,才能と費用を無理のない配分へ戻す,{event_date}頃は、新しい自分を打ち出したい意欲が高まる一方、使える資金や時間の限界もはっきりします。期待だけで規模を広げず、必要経費、手元に残す分、試せる上限を数字で分けましょう。価値を証明しようと急がず、続けられる配分を作ることが自信の土台になります。,aspect_cluster;mercury;mars;jupiter;saturn;opening_network,1
2026_09_OPENING_FOUR_PLANET_NETWORK_S01_N03,2026_09_OPENING_FOUR_PLANET_NETWORK,2026-09,aspect_cluster,2026-09-01T00:00:00+09:00,2026-09-01T07:17:00+09:00,2026-09-03T23:59:59+09:00,0,MERCURY|MARS|JUPITER|SATURN,MERCURY:VIRGO|MARS:CANCER|JUPITER:LEO|SATURN:ARIES,JUPITER-SATURN:120|MARS-SATURN:90|MERCURY-MARS:60,2,4,not_applicable,SATURN,1,3,anchor_house,MERCURY|MARS|JUPITER|SATURN,swiss_ephemeris,COMPOSITE:OPENING_FOUR_PLANET_NETWORK:2026-09-01,exact_day,SEP_OPENING_STRUCTURE,,20,100,主張を届く言葉と順序へ組み直す,{event_date}頃は、自分の考えを前へ出す力が増しますが、守りたい事情が強い言い方に混ざりやすい時です。結論、理由、相手に求めることを分け、今決める範囲だけを短く伝えてください。細部を整える言葉が行動の圧力を和らげ、責任ある発言として届きやすくします。,aspect_cluster;mercury;mars;jupiter;saturn;opening_network,1
2026_09_OPENING_FOUR_PLANET_NETWORK_S01_N04,2026_09_OPENING_FOUR_PLANET_NETWORK,2026-09,aspect_cluster,2026-09-01T00:00:00+09:00,2026-09-01T07:17:00+09:00,2026-09-03T23:59:59+09:00,0,MERCURY|MARS|JUPITER|SATURN,MERCURY:VIRGO|MARS:CANCER|JUPITER:LEO|SATURN:ARIES,JUPITER-SATURN:120|MARS-SATURN:90|MERCURY-MARS:60,2,4,not_applicable,SATURN,1,4,anchor_house,MERCURY|MARS|JUPITER|SATURN,swiss_ephemeris,COMPOSITE:OPENING_FOUR_PLANET_NETWORK:2026-09-01,exact_day,SEP_OPENING_STRUCTURE,,20,100,自分らしさを支える居場所を固める,{event_date}頃は、外へ向けて新しい立場を示すほど、家や身内との間にある未整理の役割も意識されます。誰か一人が抱え込まず、生活時間、連絡方法、守るべき境界を話し合いましょう。安心できる足場を具体的に整えることで、外での挑戦も長く続けられる形になります。,aspect_cluster;mercury;mars;jupiter;saturn;opening_network,1
2026_09_OPENING_FOUR_PLANET_NETWORK_S01_N05,2026_09_OPENING_FOUR_PLANET_NETWORK,2026-09,aspect_cluster,2026-09-01T00:00:00+09:00,2026-09-01T07:17:00+09:00,2026-09-03T23:59:59+09:00,0,MERCURY|MARS|JUPITER|SATURN,MERCURY:VIRGO|MARS:CANCER|JUPITER:LEO|SATURN:ARIES,JUPITER-SATURN:120|MARS-SATURN:90|MERCURY-MARS:60,2,4,not_applicable,SATURN,1,5,anchor_house,MERCURY|MARS|JUPITER|SATURN,swiss_ephemeris,COMPOSITE:OPENING_FOUR_PLANET_NETWORK:2026-09-01,exact_day,SEP_OPENING_STRUCTURE,,20,100,表現の熱を続けられる作品へ育てる,{event_date}頃は、自分らしい表現を大きく育てたい思いと、完成させる責任が同時に前へ出ます。反応を求めて案を増やすより、今仕上げる一点と次回へ残す案を分けてください。守りたい気持ちを制作手順へ移せば、情熱を一時の高揚で終わらせず作品として残せます。,aspect_cluster;mercury;mars;jupiter;saturn;opening_network,1
2026_09_OPENING_FOUR_PLANET_NETWORK_S01_N06,2026_09_OPENING_FOUR_PLANET_NETWORK,2026-09,aspect_cluster,2026-09-01T00:00:00+09:00,2026-09-01T07:17:00+09:00,2026-09-03T23:59:59+09:00,0,MERCURY|MARS|JUPITER|SATURN,MERCURY:VIRGO|MARS:CANCER|JUPITER:LEO|SATURN:ARIES,JUPITER-SATURN:120|MARS-SATURN:90|MERCURY-MARS:60,2,4,not_applicable,SATURN,1,6,anchor_house,MERCURY|MARS|JUPITER|SATURN,swiss_ephemeris,COMPOSITE:OPENING_FOUR_PLANET_NETWORK:2026-09-01,exact_day,SEP_OPENING_STRUCTURE,,20,100,意欲を日課と実務の手順へ落とし込む,{event_date}頃は、新しい役割へ挑む意欲が、仕事量や日々の世話として具体化します。できることを増やしすぎず、開始条件、確認担当、終える時刻を決めてから動きましょう。細かな改善と休息を同じ予定に入れることが、守る力と成長したい力を無理なく両立させます。,aspect_cluster;mercury;mars;jupiter;saturn;opening_network,1
2026_09_OPENING_FOUR_PLANET_NETWORK_S01_N07,2026_09_OPENING_FOUR_PLANET_NETWORK,2026-09,aspect_cluster,2026-09-01T00:00:00+09:00,2026-09-01T07:17:00+09:00,2026-09-03T23:59:59+09:00,0,MERCURY|MARS|JUPITER|SATURN,MERCURY:VIRGO|MARS:CANCER|JUPITER:LEO|SATURN:ARIES,JUPITER-SATURN:120|MARS-SATURN:90|MERCURY-MARS:60,2,4,not_applicable,SATURN,1,7,anchor_house,MERCURY|MARS|JUPITER|SATURN,swiss_ephemeris,COMPOSITE:OPENING_FOUR_PLANET_NETWORK:2026-09-01,exact_day,SEP_OPENING_STRUCTURE,,20,100,自分の立場と相手の条件を調整する,{event_date}頃は、自分の方針を明確にするほど、相手の期待や守りたい事情との違いも見えやすくなります。正しさを競う前に、双方の目的、譲れない条件、試せる期間を言葉にしてください。広げる案と制約を同じ場で扱うことで、協力を続けられる合意へ近づけます。,aspect_cluster;mercury;mars;jupiter;saturn;opening_network,1
2026_09_OPENING_FOUR_PLANET_NETWORK_S01_N08,2026_09_OPENING_FOUR_PLANET_NETWORK,2026-09,aspect_cluster,2026-09-01T00:00:00+09:00,2026-09-01T07:17:00+09:00,2026-09-03T23:59:59+09:00,0,MERCURY|MARS|JUPITER|SATURN,MERCURY:VIRGO|MARS:CANCER|JUPITER:LEO|SATURN:ARIES,JUPITER-SATURN:120|MARS-SATURN:90|MERCURY-MARS:60,2,4,not_applicable,SATURN,1,8,anchor_house,MERCURY|MARS|JUPITER|SATURN,swiss_ephemeris,COMPOSITE:OPENING_FOUR_PLANET_NETWORK:2026-09-01,exact_day,SEP_OPENING_STRUCTURE,,20,100,主導権と共同負担の境界を確かめる,{event_date}頃は、自分が先頭に立ちたい思いが、共同資金や共有責任の扱いへ直結しやすくなります。勢いで約束を増やさず、利用できる範囲、決定権、問題時の連絡順を記録しましょう。支え合いの仕組みを明文化することが、信頼と挑戦の両方を守ります。,aspect_cluster;mercury;mars;jupiter;saturn;opening_network,1
2026_09_OPENING_FOUR_PLANET_NETWORK_S01_N09,2026_09_OPENING_FOUR_PLANET_NETWORK,2026-09,aspect_cluster,2026-09-01T00:00:00+09:00,2026-09-01T07:17:00+09:00,2026-09-03T23:59:59+09:00,0,MERCURY|MARS|JUPITER|SATURN,MERCURY:VIRGO|MARS:CANCER|JUPITER:LEO|SATURN:ARIES,JUPITER-SATURN:120|MARS-SATURN:90|MERCURY-MARS:60,2,4,not_applicable,SATURN,1,9,anchor_house,MERCURY|MARS|JUPITER|SATURN,swiss_ephemeris,COMPOSITE:OPENING_FOUR_PLANET_NETWORK:2026-09-01,exact_day,SEP_OPENING_STRUCTURE,,20,100,理想を実行可能な学びの計画へ戻す,{event_date}頃は、新しい世界へ踏み出す意欲が増す一方、何を身につければ責任を持って語れるかも問われます。興味を広げる前に、読む資料、試す場所、振り返る期限を一組にしてください。大きな理想を検証できる学びへ分けることで、自分の方針に厚みが生まれます。,aspect_cluster;mercury;mars;jupiter;saturn;opening_network,1
2026_09_OPENING_FOUR_PLANET_NETWORK_S01_N10,2026_09_OPENING_FOUR_PLANET_NETWORK,2026-09,aspect_cluster,2026-09-01T00:00:00+09:00,2026-09-01T07:17:00+09:00,2026-09-03T23:59:59+09:00,0,MERCURY|MARS|JUPITER|SATURN,MERCURY:VIRGO|MARS:CANCER|JUPITER:LEO|SATURN:ARIES,JUPITER-SATURN:120|MARS-SATURN:90|MERCURY-MARS:60,2,4,not_applicable,SATURN,1,10,anchor_house,MERCURY|MARS|JUPITER|SATURN,swiss_ephemeris,COMPOSITE:OPENING_FOUR_PLANET_NETWORK:2026-09-01,exact_day,SEP_OPENING_STRUCTURE,,20,100,前に立つ責任と成果の範囲を決める,{event_date}頃は、自分の存在感を仕事や公的な役割で示したい気持ちが強まり、判断を急ぎやすくなります。期待を全部背負わず、今回の成果物、確認を求める相手、責任を終える地点を定めてください。拡大する力を明確な担当へ収めることで、信頼される前進になります。,aspect_cluster;mercury;mars;jupiter;saturn;opening_network,1
2026_09_OPENING_FOUR_PLANET_NETWORK_S01_N11,2026_09_OPENING_FOUR_PLANET_NETWORK,2026-09,aspect_cluster,2026-09-01T00:00:00+09:00,2026-09-01T07:17:00+09:00,2026-09-03T23:59:59+09:00,0,MERCURY|MARS|JUPITER|SATURN,MERCURY:VIRGO|MARS:CANCER|JUPITER:LEO|SATURN:ARIES,JUPITER-SATURN:120|MARS-SATURN:90|MERCURY-MARS:60,2,4,not_applicable,SATURN,1,11,anchor_house,MERCURY|MARS|JUPITER|SATURN,swiss_ephemeris,COMPOSITE:OPENING_FOUR_PLANET_NETWORK:2026-09-01,exact_day,SEP_OPENING_STRUCTURE,,20,100,個人の目標を仲間と続く役割へ広げる,{event_date}頃は、自分が始めたいことへ仲間の期待や保護したい目的が集まり、計画が膨らみやすい時です。参加者の得意分野、決められる範囲、交代の条件を共有してください。一人の熱意に頼らない役割表を作ることで、未来への案を継続可能な活動へ育てられます。,aspect_cluster;mercury;mars;jupiter;saturn;opening_network,1
2026_09_OPENING_FOUR_PLANET_NETWORK_S01_N12,2026_09_OPENING_FOUR_PLANET_NETWORK,2026-09,aspect_cluster,2026-09-01T00:00:00+09:00,2026-09-01T07:17:00+09:00,2026-09-03T23:59:59+09:00,0,MERCURY|MARS|JUPITER|SATURN,MERCURY:VIRGO|MARS:CANCER|JUPITER:LEO|SATURN:ARIES,JUPITER-SATURN:120|MARS-SATURN:90|MERCURY-MARS:60,2,4,not_applicable,SATURN,1,12,anchor_house,MERCURY|MARS|JUPITER|SATURN,swiss_ephemeris,COMPOSITE:OPENING_FOUR_PLANET_NETWORK:2026-09-01,exact_day,SEP_OPENING_STRUCTURE,,20,100,表に出る前の休息と準備を確保する,{event_date}頃は、新しい自分を示したい思いの裏で、過去の疲れや言葉にならない警戒も動きやすくなります。すぐに結論を出さず、眠る時間、相談先、翌日に確認する項目を先に確保してください。見えない負担を手順に含めることが、勢いを消耗ではなく静かな再出発へつなげます。,aspect_cluster;mercury;mars;jupiter;saturn;opening_network,1
2026_09_OPENING_FOUR_PLANET_NETWORK_S02_N01,2026_09_OPENING_FOUR_PLANET_NETWORK,2026-09,aspect_cluster,2026-09-01T00:00:00+09:00,2026-09-01T07:17:00+09:00,2026-09-03T23:59:59+09:00,0,MERCURY|MARS|JUPITER|SATURN,MERCURY:VIRGO|MARS:CANCER|JUPITER:LEO|SATURN:ARIES,JUPITER-SATURN:120|MARS-SATURN:90|MERCURY-MARS:60,2,4,not_applicable,SATURN,2,1,anchor_house,MERCURY|MARS|JUPITER|SATURN,swiss_ephemeris,COMPOSITE:OPENING_FOUR_PLANET_NETWORK:2026-09-01,exact_day,SEP_OPENING_STRUCTURE,,20,100,持ち物と時間を自分の基準へ戻す,{event_date}頃は、収入や所有物を増やしたい気持ちと、今の自分が無理なく管理できる量との間で調整が必要になります。見栄や焦りで選ばず、身体の快適さ、使う頻度、手入れに割ける時間を基準に残す物を決めましょう。自分で扱える範囲を明確にするほど、価値ある資源を落ち着いて育てられます。,aspect_cluster;mercury;mars;jupiter;saturn;opening_network,1
2026_09_OPENING_FOUR_PLANET_NETWORK_S02_N02,2026_09_OPENING_FOUR_PLANET_NETWORK,2026-09,aspect_cluster,2026-09-01T00:00:00+09:00,2026-09-01T07:17:00+09:00,2026-09-03T23:59:59+09:00,0,MERCURY|MARS|JUPITER|SATURN,MERCURY:VIRGO|MARS:CANCER|JUPITER:LEO|SATURN:ARIES,JUPITER-SATURN:120|MARS-SATURN:90|MERCURY-MARS:60,2,4,not_applicable,SATURN,2,2,anchor_house,MERCURY|MARS|JUPITER|SATURN,swiss_ephemeris,COMPOSITE:OPENING_FOUR_PLANET_NETWORK:2026-09-01,exact_day,SEP_OPENING_STRUCTURE,,20,100,収支の拡大を維持できる枠へ収める,{event_date}頃は、得られるものを広げたい意欲が高まる一方、固定費や保管の負担も見過ごせません。入る額だけで判断せず、維持費、手間、使える期間まで一つの表で確かめてください。増やす候補と守る最低額を先に分けることで、数字への圧力を現実的な資源計画へ変えられます。,aspect_cluster;mercury;mars;jupiter;saturn;opening_network,1
2026_09_OPENING_FOUR_PLANET_NETWORK_S02_N03,2026_09_OPENING_FOUR_PLANET_NETWORK,2026-09,aspect_cluster,2026-09-01T00:00:00+09:00,2026-09-01T07:17:00+09:00,2026-09-03T23:59:59+09:00,0,MERCURY|MARS|JUPITER|SATURN,MERCURY:VIRGO|MARS:CANCER|JUPITER:LEO|SATURN:ARIES,JUPITER-SATURN:120|MARS-SATURN:90|MERCURY-MARS:60,2,4,not_applicable,SATURN,2,3,anchor_house,MERCURY|MARS|JUPITER|SATURN,swiss_ephemeris,COMPOSITE:OPENING_FOUR_PLANET_NETWORK:2026-09-01,exact_day,SEP_OPENING_STRUCTURE,,20,100,知識と道具への投資基準を整える,{event_date}頃は、学びや発信に必要な道具を揃えたくなりますが、情報を集めるだけで費用と時間が膨らみやすい時です。今週使う資料、練習する技能、伝える相手を一組にし、購入や契約は目的を説明できるものに絞りましょう。細かな比較を行動へ結びつけると、知識が使える資産として残ります。,aspect_cluster;mercury;mars;jupiter;saturn;opening_network,1
2026_09_OPENING_FOUR_PLANET_NETWORK_S02_N04,2026_09_OPENING_FOUR_PLANET_NETWORK,2026-09,aspect_cluster,2026-09-01T00:00:00+09:00,2026-09-01T07:17:00+09:00,2026-09-03T23:59:59+09:00,0,MERCURY|MARS|JUPITER|SATURN,MERCURY:VIRGO|MARS:CANCER|JUPITER:LEO|SATURN:ARIES,JUPITER-SATURN:120|MARS-SATURN:90|MERCURY-MARS:60,2,4,not_applicable,SATURN,2,4,anchor_house,MERCURY|MARS|JUPITER|SATURN,swiss_ephemeris,COMPOSITE:OPENING_FOUR_PLANET_NETWORK:2026-09-01,exact_day,SEP_OPENING_STRUCTURE,,20,100,暮らしを守る費用と役割を共有する,{event_date}頃は、住まいや家族のために資源を使いたい思いが強まり、必要以上の負担まで引き受けやすくなります。修繕、備蓄、日々の支払いを分け、誰が決めて誰が維持するのかを確認してください。安心を金額だけで測らず、手間と責任も分担することで、暮らしの土台を続く形へ整えられます。,aspect_cluster;mercury;mars;jupiter;saturn;opening_network,1
2026_09_OPENING_FOUR_PLANET_NETWORK_S02_N05,2026_09_OPENING_FOUR_PLANET_NETWORK,2026-09,aspect_cluster,2026-09-01T00:00:00+09:00,2026-09-01T07:17:00+09:00,2026-09-03T23:59:59+09:00,0,MERCURY|MARS|JUPITER|SATURN,MERCURY:VIRGO|MARS:CANCER|JUPITER:LEO|SATURN:ARIES,JUPITER-SATURN:120|MARS-SATURN:90|MERCURY-MARS:60,2,4,not_applicable,SATURN,2,5,anchor_house,MERCURY|MARS|JUPITER|SATURN,swiss_ephemeris,COMPOSITE:OPENING_FOUR_PLANET_NETWORK:2026-09-01,exact_day,SEP_OPENING_STRUCTURE,,20,100,楽しみの予算を創作の継続へ生かす,{event_date}頃は、好きなことへ惜しまず投じたい気持ちと、形にするための制約が同時に働きます。道具や体験を増やす前に、今作るもの、使える予算、完成を区切る時点を決めましょう。楽しさを削るのではなく、優先する一点へ費用と時間を集めることで、表現を長く育てる余白が生まれます。,aspect_cluster;mercury;mars;jupiter;saturn;opening_network,1
2026_09_OPENING_FOUR_PLANET_NETWORK_S02_N06,2026_09_OPENING_FOUR_PLANET_NETWORK,2026-09,aspect_cluster,2026-09-01T00:00:00+09:00,2026-09-01T07:17:00+09:00,2026-09-03T23:59:59+09:00,0,MERCURY|MARS|JUPITER|SATURN,MERCURY:VIRGO|MARS:CANCER|JUPITER:LEO|SATURN:ARIES,JUPITER-SATURN:120|MARS-SATURN:90|MERCURY-MARS:60,2,4,not_applicable,SATURN,2,6,anchor_house,MERCURY|MARS|JUPITER|SATURN,swiss_ephemeris,COMPOSITE:OPENING_FOUR_PLANET_NETWORK:2026-09-01,exact_day,SEP_OPENING_STRUCTURE,,20,100,働く時間と対価の釣り合いを見直す,{event_date}頃は、頼まれた仕事を引き受けるほど成果を広げられそうですが、細かな作業が無償の負担として積み重なりがちです。所要時間、必要な支援、終える条件を作業前に示し、対価や交換条件を曖昧にしないでください。日課の手間を見積もることが、技能を消耗させず育てる基準になります。,aspect_cluster;mercury;mars;jupiter;saturn;opening_network,1
2026_09_OPENING_FOUR_PLANET_NETWORK_S02_N07,2026_09_OPENING_FOUR_PLANET_NETWORK,2026-09,aspect_cluster,2026-09-01T00:00:00+09:00,2026-09-01T07:17:00+09:00,2026-09-03T23:59:59+09:00,0,MERCURY|MARS|JUPITER|SATURN,MERCURY:VIRGO|MARS:CANCER|JUPITER:LEO|SATURN:ARIES,JUPITER-SATURN:120|MARS-SATURN:90|MERCURY-MARS:60,2,4,not_applicable,SATURN,2,7,anchor_house,MERCURY|MARS|JUPITER|SATURN,swiss_ephemeris,COMPOSITE:OPENING_FOUR_PLANET_NETWORK:2026-09-01,exact_day,SEP_OPENING_STRUCTURE,,20,100,交換条件を双方が守れる約束へ整える,{event_date}頃は、自分の価値を認めてほしい思いと、相手の事情へ応えたい気持ちが重なり、条件を急いで決めやすくなります。金額だけでなく、担当範囲、修正回数、支払いや返答の期限を言葉にしましょう。期待を広げる前に確認の手順を置くことで、互いの資源を尊重できる関係になります。,aspect_cluster;mercury;mars;jupiter;saturn;opening_network,1
2026_09_OPENING_FOUR_PLANET_NETWORK_S02_N08,2026_09_OPENING_FOUR_PLANET_NETWORK,2026-09,aspect_cluster,2026-09-01T00:00:00+09:00,2026-09-01T07:17:00+09:00,2026-09-03T23:59:59+09:00,0,MERCURY|MARS|JUPITER|SATURN,MERCURY:VIRGO|MARS:CANCER|JUPITER:LEO|SATURN:ARIES,JUPITER-SATURN:120|MARS-SATURN:90|MERCURY-MARS:60,2,4,not_applicable,SATURN,2,8,anchor_house,MERCURY|MARS|JUPITER|SATURN,swiss_ephemeris,COMPOSITE:OPENING_FOUR_PLANET_NETWORK:2026-09-01,exact_day,SEP_OPENING_STRUCTURE,,20,100,共有資源の責任と出口を明文化する,{event_date}頃は、自分の資金を共同の計画へ生かす案が膨らむ一方、返済や分配の責任も重く見えます。誰が何を提供し、どの条件で見直し、いつ離れられるのかを記録してください。勢いある提案を入口だけで判断せず、負担が増えた時の出口まで整えることで、共有資源を落ち着いて扱えます。,aspect_cluster;mercury;mars;jupiter;saturn;opening_network,1
2026_09_OPENING_FOUR_PLANET_NETWORK_S02_N09,2026_09_OPENING_FOUR_PLANET_NETWORK,2026-09,aspect_cluster,2026-09-01T00:00:00+09:00,2026-09-01T07:17:00+09:00,2026-09-03T23:59:59+09:00,0,MERCURY|MARS|JUPITER|SATURN,MERCURY:VIRGO|MARS:CANCER|JUPITER:LEO|SATURN:ARIES,JUPITER-SATURN:120|MARS-SATURN:90|MERCURY-MARS:60,2,4,not_applicable,SATURN,2,9,anchor_house,MERCURY|MARS|JUPITER|SATURN,swiss_ephemeris,COMPOSITE:OPENING_FOUR_PLANET_NETWORK:2026-09-01,exact_day,SEP_OPENING_STRUCTURE,,20,100,遠い目標への投資を段階に分ける,{event_date}頃は、専門的な学びや遠方への計画に資源を注ぎたくなりますが、目的が大きいほど準備費用も膨らみます。申込む前に、基礎を試す段階、継続を判断する時点、追加費用の上限を決めましょう。理想を小さな検証へ分けることで、経験を一度きりの出費ではなく今後に残る力へ変えられます。,aspect_cluster;mercury;mars;jupiter;saturn;opening_network,1
2026_09_OPENING_FOUR_PLANET_NETWORK_S02_N10,2026_09_OPENING_FOUR_PLANET_NETWORK,2026-09,aspect_cluster,2026-09-01T00:00:00+09:00,2026-09-01T07:17:00+09:00,2026-09-03T23:59:59+09:00,0,MERCURY|MARS|JUPITER|SATURN,MERCURY:VIRGO|MARS:CANCER|JUPITER:LEO|SATURN:ARIES,JUPITER-SATURN:120|MARS-SATURN:90|MERCURY-MARS:60,2,4,not_applicable,SATURN,2,10,anchor_house,MERCURY|MARS|JUPITER|SATURN,swiss_ephemeris,COMPOSITE:OPENING_FOUR_PLANET_NETWORK:2026-09-01,exact_day,SEP_OPENING_STRUCTURE,,20,100,実績と報酬を説明できる形へ整える,{event_date}頃は、仕事上の評価を高めたい気持ちが強まり、役割を広く引き受ける方向へ傾きます。肩書だけで判断せず、求められる成果、使える予算、報酬に含まれる責任を確認してください。自分の技能が生む価値を具体的な記録で示すことが、過剰な負担を避けながら信頼を積む基準になります。,aspect_cluster;mercury;mars;jupiter;saturn;opening_network,1
2026_09_OPENING_FOUR_PLANET_NETWORK_S02_N11,2026_09_OPENING_FOUR_PLANET_NETWORK,2026-09,aspect_cluster,2026-09-01T00:00:00+09:00,2026-09-01T07:17:00+09:00,2026-09-03T23:59:59+09:00,0,MERCURY|MARS|JUPITER|SATURN,MERCURY:VIRGO|MARS:CANCER|JUPITER:LEO|SATURN:ARIES,JUPITER-SATURN:120|MARS-SATURN:90|MERCURY-MARS:60,2,4,not_applicable,SATURN,2,11,anchor_house,MERCURY|MARS|JUPITER|SATURN,swiss_ephemeris,COMPOSITE:OPENING_FOUR_PLANET_NETWORK:2026-09-01,exact_day,SEP_OPENING_STRUCTURE,,20,100,仲間との予算を続く仕組みに変える,{event_date}頃は、仲間と実現したい案へ資金や技能を持ち寄る流れが生まれますが、善意だけでは負担の偏りを防げません。会費、作業時間、備品の所有者を分け、計画を縮小する条件も共有しましょう。使える資源を見える形にし、定期的な確認役を置くことで、集まりの目的を長く支えられます。,aspect_cluster;mercury;mars;jupiter;saturn;opening_network,1
2026_09_OPENING_FOUR_PLANET_NETWORK_S02_N12,2026_09_OPENING_FOUR_PLANET_NETWORK,2026-09,aspect_cluster,2026-09-01T00:00:00+09:00,2026-09-01T07:17:00+09:00,2026-09-03T23:59:59+09:00,0,MERCURY|MARS|JUPITER|SATURN,MERCURY:VIRGO|MARS:CANCER|JUPITER:LEO|SATURN:ARIES,JUPITER-SATURN:120|MARS-SATURN:90|MERCURY-MARS:60,2,4,not_applicable,SATURN,2,12,anchor_house,MERCURY|MARS|JUPITER|SATURN,swiss_ephemeris,COMPOSITE:OPENING_FOUR_PLANET_NETWORK:2026-09-01,exact_day,SEP_OPENING_STRUCTURE,,20,100,見えない消耗を資源計画へ含める,{event_date}頃は、将来への備えを増やそうとするほど、気づかない出費や回復に必要な時間も浮かび上がります。自動更新、惰性の支払い、無理な節約を一度止め、睡眠や静かな時間も守る対象に加えてください。数字に表れにくい消耗を見積もることで、本当に残したい資源を守る計画が整います。,aspect_cluster;mercury;mars;jupiter;saturn;opening_network,1
2026_09_OPENING_FOUR_PLANET_NETWORK_S03_N01,2026_09_OPENING_FOUR_PLANET_NETWORK,2026-09,aspect_cluster,2026-09-01T00:00:00+09:00,2026-09-01T07:17:00+09:00,2026-09-03T23:59:59+09:00,0,MERCURY|MARS|JUPITER|SATURN,MERCURY:VIRGO|MARS:CANCER|JUPITER:LEO|SATURN:ARIES,JUPITER-SATURN:120|MARS-SATURN:90|MERCURY-MARS:60,2,4,not_applicable,SATURN,3,1,anchor_house,MERCURY|MARS|JUPITER|SATURN,swiss_ephemeris,COMPOSITE:OPENING_FOUR_PLANET_NETWORK:2026-09-01,exact_day,SEP_OPENING_STRUCTURE,,20,100,自分の考えを伝わる順序へ整える,{event_date}頃は、思いついたことをすぐ表明したい勢いと、誤解なく伝えるための慎重さが同時に働きます。話す前に結論と根拠を分け、自分が確かめた範囲を明示してください。声の強さで押すより、返答を待つ時間まで含めて伝達を設計すると、あなたの考えが責任ある提案として届きます。,aspect_cluster;mercury;mars;jupiter;saturn;opening_network,1
2026_09_OPENING_FOUR_PLANET_NETWORK_S03_N02,2026_09_OPENING_FOUR_PLANET_NETWORK,2026-09,aspect_cluster,2026-09-01T00:00:00+09:00,2026-09-01T07:17:00+09:00,2026-09-03T23:59:59+09:00,0,MERCURY|MARS|JUPITER|SATURN,MERCURY:VIRGO|MARS:CANCER|JUPITER:LEO|SATURN:ARIES,JUPITER-SATURN:120|MARS-SATURN:90|MERCURY-MARS:60,2,4,not_applicable,SATURN,3,2,anchor_house,MERCURY|MARS|JUPITER|SATURN,swiss_ephemeris,COMPOSITE:OPENING_FOUR_PLANET_NETWORK:2026-09-01,exact_day,SEP_OPENING_STRUCTURE,,20,100,技能の説明を納得できる対価へ結ぶ,{event_date}頃は、持っている知識や技能を広く知らせる機会が増えそうですが、説明にかける手間も膨らみます。無料で伝える範囲、有料で引き受ける内容、回答に必要な時間を先に分けましょう。価値を大きく見せる言葉より、できることと条件を具体的に示すほうが、無理のない交換につながります。,aspect_cluster;mercury;mars;jupiter;saturn;opening_network,1
2026_09_OPENING_FOUR_PLANET_NETWORK_S03_N03,2026_09_OPENING_FOUR_PLANET_NETWORK,2026-09,aspect_cluster,2026-09-01T00:00:00+09:00,2026-09-01T07:17:00+09:00,2026-09-03T23:59:59+09:00,0,MERCURY|MARS|JUPITER|SATURN,MERCURY:VIRGO|MARS:CANCER|JUPITER:LEO|SATURN:ARIES,JUPITER-SATURN:120|MARS-SATURN:90|MERCURY-MARS:60,2,4,not_applicable,SATURN,3,3,anchor_house,MERCURY|MARS|JUPITER|SATURN,swiss_ephemeris,COMPOSITE:OPENING_FOUR_PLANET_NETWORK:2026-09-01,exact_day,SEP_OPENING_STRUCTURE,,20,100,情報の流れを迷わない手順へまとめる,{event_date}頃は、連絡、学習、短い移動が重なり、素早く動ける一方で確認漏れも起こりやすくなります。受け取る場所、優先順位、返答を終える時刻を一つの一覧へまとめてください。思いつきをその場で増やさず、次に誰が何をするかまで書き残すことで、情報を行動へ滑らかにつなげられます。,aspect_cluster;mercury;mars;jupiter;saturn;opening_network,1
2026_09_OPENING_FOUR_PLANET_NETWORK_S03_N04,2026_09_OPENING_FOUR_PLANET_NETWORK,2026-09,aspect_cluster,2026-09-01T00:00:00+09:00,2026-09-01T07:17:00+09:00,2026-09-03T23:59:59+09:00,0,MERCURY|MARS|JUPITER|SATURN,MERCURY:VIRGO|MARS:CANCER|JUPITER:LEO|SATURN:ARIES,JUPITER-SATURN:120|MARS-SATURN:90|MERCURY-MARS:60,2,4,not_applicable,SATURN,3,4,anchor_house,MERCURY|MARS|JUPITER|SATURN,swiss_ephemeris,COMPOSITE:OPENING_FOUR_PLANET_NETWORK:2026-09-01,exact_day,SEP_OPENING_STRUCTURE,,20,100,家庭内の連絡を安心できる形に直す,{event_date}頃は、家や身内に関する話題を早く共有したくなりますが、守りたい事情が強い言い方へ混ざりがちです。決定事項、相談したい点、外へ出さない情報を分け、全員が確認できる場所に残しましょう。感情が落ち着いてから返せる時間を設けることで、暮らしを支える連絡網が整います。,aspect_cluster;mercury;mars;jupiter;saturn;opening_network,1
2026_09_OPENING_FOUR_PLANET_NETWORK_S03_N05,2026_09_OPENING_FOUR_PLANET_NETWORK,2026-09,aspect_cluster,2026-09-01T00:00:00+09:00,2026-09-01T07:17:00+09:00,2026-09-03T23:59:59+09:00,0,MERCURY|MARS|JUPITER|SATURN,MERCURY:VIRGO|MARS:CANCER|JUPITER:LEO|SATURN:ARIES,JUPITER-SATURN:120|MARS-SATURN:90|MERCURY-MARS:60,2,4,not_applicable,SATURN,3,5,anchor_house,MERCURY|MARS|JUPITER|SATURN,swiss_ephemeris,COMPOSITE:OPENING_FOUR_PLANET_NETWORK:2026-09-01,exact_day,SEP_OPENING_STRUCTURE,,20,100,表現したい案を完成へ導く言葉にする,{event_date}頃は、面白い案を次々に話したくなる一方、発表できる形へ仕上げる責任も強まります。誰に何を感じてほしいのかを一文にし、説明を足す前に作品の中心を定めてください。反応を追って方向を増やすより、締切まで使う言葉と保留する案を分けることで、創意が形に残ります。,aspect_cluster;mercury;mars;jupiter;saturn;opening_network,1
2026_09_OPENING_FOUR_PLANET_NETWORK_S03_N06,2026_09_OPENING_FOUR_PLANET_NETWORK,2026-09,aspect_cluster,2026-09-01T00:00:00+09:00,2026-09-01T07:17:00+09:00,2026-09-03T23:59:59+09:00,0,MERCURY|MARS|JUPITER|SATURN,MERCURY:VIRGO|MARS:CANCER|JUPITER:LEO|SATURN:ARIES,JUPITER-SATURN:120|MARS-SATURN:90|MERCURY-MARS:60,2,4,not_applicable,SATURN,3,6,anchor_house,MERCURY|MARS|JUPITER|SATURN,swiss_ephemeris,COMPOSITE:OPENING_FOUR_PLANET_NETWORK:2026-09-01,exact_day,SEP_OPENING_STRUCTURE,,20,100,作業指示を誰でも続けられる形へ整える,{event_date}頃は、実務の改善案が多く浮かびますが、口頭の指示だけでは作業量や責任が偏りやすくなります。開始条件、確認箇所、困った時の連絡先を短い手順書にしてください。細部を責める材料ではなく迷いを減らす共有情報として扱うと、忙しい日にも品質を守れる流れが育ちます。,aspect_cluster;mercury;mars;jupiter;saturn;opening_network,1
2026_09_OPENING_FOUR_PLANET_NETWORK_S03_N07,2026_09_OPENING_FOUR_PLANET_NETWORK,2026-09,aspect_cluster,2026-09-01T00:00:00+09:00,2026-09-01T07:17:00+09:00,2026-09-03T23:59:59+09:00,0,MERCURY|MARS|JUPITER|SATURN,MERCURY:VIRGO|MARS:CANCER|JUPITER:LEO|SATURN:ARIES,JUPITER-SATURN:120|MARS-SATURN:90|MERCURY-MARS:60,2,4,not_applicable,SATURN,3,7,anchor_house,MERCURY|MARS|JUPITER|SATURN,swiss_ephemeris,COMPOSITE:OPENING_FOUR_PLANET_NETWORK:2026-09-01,exact_day,SEP_OPENING_STRUCTURE,,20,100,対話の論点と返答期限を合意する,{event_date}頃は、相手との話を一気に前へ進めたくなりますが、互いが守る条件を飛ばすと結論だけが先行します。決める論点、持ち帰る項目、次に返答する時期を会話の終わりに確認しましょう。意見の多さを勝敗へ向けず、合意できた部分を記録することで、対話を続けられる道筋ができます。,aspect_cluster;mercury;mars;jupiter;saturn;opening_network,1
2026_09_OPENING_FOUR_PLANET_NETWORK_S03_N08,2026_09_OPENING_FOUR_PLANET_NETWORK,2026-09,aspect_cluster,2026-09-01T00:00:00+09:00,2026-09-01T07:17:00+09:00,2026-09-03T23:59:59+09:00,0,MERCURY|MARS|JUPITER|SATURN,MERCURY:VIRGO|MARS:CANCER|JUPITER:LEO|SATURN:ARIES,JUPITER-SATURN:120|MARS-SATURN:90|MERCURY-MARS:60,2,4,not_applicable,SATURN,3,8,anchor_house,MERCURY|MARS|JUPITER|SATURN,swiss_ephemeris,COMPOSITE:OPENING_FOUR_PLANET_NETWORK:2026-09-01,exact_day,SEP_OPENING_STRUCTURE,,20,100,機密と共有範囲の境界を言葉にする,{event_date}頃は、共同の課題を解くために深い情報交換が必要になりますが、急ぐほど話してよい範囲が曖昧になります。本人の同意、閲覧できる人、保管期限を確認してから資料を渡してください。秘密を抱え込むことと慎重に共有することを分けると、信頼を守りながら必要な協力を得られます。,aspect_cluster;mercury;mars;jupiter;saturn;opening_network,1
2026_09_OPENING_FOUR_PLANET_NETWORK_S03_N09,2026_09_OPENING_FOUR_PLANET_NETWORK,2026-09,aspect_cluster,2026-09-01T00:00:00+09:00,2026-09-01T07:17:00+09:00,2026-09-03T23:59:59+09:00,0,MERCURY|MARS|JUPITER|SATURN,MERCURY:VIRGO|MARS:CANCER|JUPITER:LEO|SATURN:ARIES,JUPITER-SATURN:120|MARS-SATURN:90|MERCURY-MARS:60,2,4,not_applicable,SATURN,3,9,anchor_house,MERCURY|MARS|JUPITER|SATURN,swiss_ephemeris,COMPOSITE:OPENING_FOUR_PLANET_NETWORK:2026-09-01,exact_day,SEP_OPENING_STRUCTURE,,20,100,学んだ知識を検証できる説明へ変える,{event_date}頃は、専門的な考えを広く伝えたい気持ちが高まりますが、確信と確認済みの事実を混ぜない慎重さも必要です。出典、試した条件、まだ分からない点を分けて説明してください。大きな結論へ急がず、相手が確かめられる道筋まで示すことで、学びが信頼される案内になります。,aspect_cluster;mercury;mars;jupiter;saturn;opening_network,1
2026_09_OPENING_FOUR_PLANET_NETWORK_S03_N10,2026_09_OPENING_FOUR_PLANET_NETWORK,2026-09,aspect_cluster,2026-09-01T00:00:00+09:00,2026-09-01T07:17:00+09:00,2026-09-03T23:59:59+09:00,0,MERCURY|MARS|JUPITER|SATURN,MERCURY:VIRGO|MARS:CANCER|JUPITER:LEO|SATURN:ARIES,JUPITER-SATURN:120|MARS-SATURN:90|MERCURY-MARS:60,2,4,not_applicable,SATURN,3,10,anchor_house,MERCURY|MARS|JUPITER|SATURN,swiss_ephemeris,COMPOSITE:OPENING_FOUR_PLANET_NETWORK:2026-09-01,exact_day,SEP_OPENING_STRUCTURE,,20,100,報告の要点を評価につながる形へ絞る,{event_date}頃は、仕事の成果を広く知らせる場面が増えますが、情報を盛り込みすぎると責任の所在がぼやけます。達成したこと、残る課題、判断を求める相手を分けて報告してください。勢いある主張を確認可能な記録で支えることで、説明の負担を抑えながら実績を正確に伝えられます。,aspect_cluster;mercury;mars;jupiter;saturn;opening_network,1
2026_09_OPENING_FOUR_PLANET_NETWORK_S03_N11,2026_09_OPENING_FOUR_PLANET_NETWORK,2026-09,aspect_cluster,2026-09-01T00:00:00+09:00,2026-09-01T07:17:00+09:00,2026-09-03T23:59:59+09:00,0,MERCURY|MARS|JUPITER|SATURN,MERCURY:VIRGO|MARS:CANCER|JUPITER:LEO|SATURN:ARIES,JUPITER-SATURN:120|MARS-SATURN:90|MERCURY-MARS:60,2,4,not_applicable,SATURN,3,11,anchor_house,MERCURY|MARS|JUPITER|SATURN,swiss_ephemeris,COMPOSITE:OPENING_FOUR_PLANET_NETWORK:2026-09-01,exact_day,SEP_OPENING_STRUCTURE,,20,100,仲間の情報を動ける役割分担へ変える,{event_date}頃は、仲間から案や連絡が集まり、将来の計画を一気に広げたくなります。提案者、実行する人、確認する人を分け、決定事項を全員が見られる場所へ残しましょう。発言量の多さで方向を決めず、参加できる時間と責任を確かめることで、情報が具体的な共同作業へ変わります。,aspect_cluster;mercury;mars;jupiter;saturn;opening_network,1
2026_09_OPENING_FOUR_PLANET_NETWORK_S03_N12,2026_09_OPENING_FOUR_PLANET_NETWORK,2026-09,aspect_cluster,2026-09-01T00:00:00+09:00,2026-09-01T07:17:00+09:00,2026-09-03T23:59:59+09:00,0,MERCURY|MARS|JUPITER|SATURN,MERCURY:VIRGO|MARS:CANCER|JUPITER:LEO|SATURN:ARIES,JUPITER-SATURN:120|MARS-SATURN:90|MERCURY-MARS:60,2,4,not_applicable,SATURN,3,12,anchor_house,MERCURY|MARS|JUPITER|SATURN,swiss_ephemeris,COMPOSITE:OPENING_FOUR_PLANET_NETWORK:2026-09-01,exact_day,SEP_OPENING_STRUCTURE,,20,100,言葉になる前の考えを静かに整理する,{event_date}頃は、連絡へすぐ応じようとするほど、まだ形にならない考えや疲れが内側に残りやすくなります。送信前の下書き、翌日に回す返答、誰にも見せないメモを分けてください。沈黙を遅れと決めつけず、情報を休ませてから必要な言葉だけを選ぶことで、無理のない伝達のリズムを取り戻せます。,aspect_cluster;mercury;mars;jupiter;saturn;opening_network,1
2026_09_OPENING_FOUR_PLANET_NETWORK_S04_N01,2026_09_OPENING_FOUR_PLANET_NETWORK,2026-09,aspect_cluster,2026-09-01T00:00:00+09:00,2026-09-01T07:17:00+09:00,2026-09-03T23:59:59+09:00,0,MERCURY|MARS|JUPITER|SATURN,MERCURY:VIRGO|MARS:CANCER|JUPITER:LEO|SATURN:ARIES,JUPITER-SATURN:120|MARS-SATURN:90|MERCURY-MARS:60,2,4,not_applicable,SATURN,4,1,anchor_house,MERCURY|MARS|JUPITER|SATURN,swiss_ephemeris,COMPOSITE:OPENING_FOUR_PLANET_NETWORK:2026-09-01,exact_day,SEP_OPENING_STRUCTURE,,20,100,自分を休ませる居場所の境界を整える,{event_date}頃は、家の中で担う役割を広げたい気持ちと、自分の体力を守る必要がぶつかりやすくなります。家族の期待を全部引き受けず、今できること、後日に回すこと、手助けを求めることを分けてください。自分が落ち着ける時間と場所を先に確保すると、暮らしを支える力を無理なく保てます。,aspect_cluster;mercury;mars;jupiter;saturn;opening_network,1
2026_09_OPENING_FOUR_PLANET_NETWORK_S04_N02,2026_09_OPENING_FOUR_PLANET_NETWORK,2026-09,aspect_cluster,2026-09-01T00:00:00+09:00,2026-09-01T07:17:00+09:00,2026-09-03T23:59:59+09:00,0,MERCURY|MARS|JUPITER|SATURN,MERCURY:VIRGO|MARS:CANCER|JUPITER:LEO|SATURN:ARIES,JUPITER-SATURN:120|MARS-SATURN:90|MERCURY-MARS:60,2,4,not_applicable,SATURN,4,2,anchor_house,MERCURY|MARS|JUPITER|SATURN,swiss_ephemeris,COMPOSITE:OPENING_FOUR_PLANET_NETWORK:2026-09-01,exact_day,SEP_OPENING_STRUCTURE,,20,100,住まいにかける費用を維持可能にする,{event_date}頃は、住環境を良くする案が膨らむ一方、日々の支払いと長く維持する責任も見えてきます。購入額だけでなく、修繕費、保管場所、手入れの時間まで一覧にしてください。安心のための出費と見栄から増える出費を分けることで、家計を圧迫せず生活の土台を整えられます。,aspect_cluster;mercury;mars;jupiter;saturn;opening_network,1
2026_09_OPENING_FOUR_PLANET_NETWORK_S04_N03,2026_09_OPENING_FOUR_PLANET_NETWORK,2026-09,aspect_cluster,2026-09-01T00:00:00+09:00,2026-09-01T07:17:00+09:00,2026-09-03T23:59:59+09:00,0,MERCURY|MARS|JUPITER|SATURN,MERCURY:VIRGO|MARS:CANCER|JUPITER:LEO|SATURN:ARIES,JUPITER-SATURN:120|MARS-SATURN:90|MERCURY-MARS:60,2,4,not_applicable,SATURN,4,3,anchor_house,MERCURY|MARS|JUPITER|SATURN,swiss_ephemeris,COMPOSITE:OPENING_FOUR_PLANET_NETWORK:2026-09-01,exact_day,SEP_OPENING_STRUCTURE,,20,100,家庭の連絡を迷いのない順序へ直す,{event_date}頃は、家族へ伝える用事が重なり、急ぐほど誰が何を知っているか分からなくなりがちです。決定事項、相談中の内容、返答が必要な期限を分け、確認先を一つにまとめましょう。言い方の強さで動かすより、次の担当まで記録することで、日常の連絡が安心を支える仕組みになります。,aspect_cluster;mercury;mars;jupiter;saturn;opening_network,1
2026_09_OPENING_FOUR_PLANET_NETWORK_S04_N04,2026_09_OPENING_FOUR_PLANET_NETWORK,2026-09,aspect_cluster,2026-09-01T00:00:00+09:00,2026-09-01T07:17:00+09:00,2026-09-03T23:59:59+09:00,0,MERCURY|MARS|JUPITER|SATURN,MERCURY:VIRGO|MARS:CANCER|JUPITER:LEO|SATURN:ARIES,JUPITER-SATURN:120|MARS-SATURN:90|MERCURY-MARS:60,2,4,not_applicable,SATURN,4,4,anchor_house,MERCURY|MARS|JUPITER|SATURN,swiss_ephemeris,COMPOSITE:OPENING_FOUR_PLANET_NETWORK:2026-09-01,exact_day,SEP_OPENING_STRUCTURE,,20,100,暮らしの責任を一人に集めず分ける,{event_date}頃は、住まいや身内を守ろうとする力が強まり、改善したい課題も一度に見えてきます。修繕、家事、見守りを緊急度で並べ、担当と終える目安を決めてください。理想の家庭像を急いで完成させず、負担を話せる場を定期的に持つことが、続けられる安心へつながります。,aspect_cluster;mercury;mars;jupiter;saturn;opening_network,1
2026_09_OPENING_FOUR_PLANET_NETWORK_S04_N05,2026_09_OPENING_FOUR_PLANET_NETWORK,2026-09,aspect_cluster,2026-09-01T00:00:00+09:00,2026-09-01T07:17:00+09:00,2026-09-03T23:59:59+09:00,0,MERCURY|MARS|JUPITER|SATURN,MERCURY:VIRGO|MARS:CANCER|JUPITER:LEO|SATURN:ARIES,JUPITER-SATURN:120|MARS-SATURN:90|MERCURY-MARS:60,2,4,not_applicable,SATURN,4,5,anchor_house,MERCURY|MARS|JUPITER|SATURN,swiss_ephemeris,COMPOSITE:OPENING_FOUR_PLANET_NETWORK:2026-09-01,exact_day,SEP_OPENING_STRUCTURE,,20,100,家で育てる楽しみに完成の区切りを置く,{event_date}頃は、家族との時間や創作を豊かにしたい思いが増しますが、準備を広げすぎると楽しむ余裕が失われます。今仕上げる一つ、使える場所、片づけを終える時刻を決めましょう。皆を喜ばせる責任を背負わず、無理なく繰り返せる形に整えると、家の中に温かな習慣が残ります。,aspect_cluster;mercury;mars;jupiter;saturn;opening_network,1
2026_09_OPENING_FOUR_PLANET_NETWORK_S04_N06,2026_09_OPENING_FOUR_PLANET_NETWORK,2026-09,aspect_cluster,2026-09-01T00:00:00+09:00,2026-09-01T07:17:00+09:00,2026-09-03T23:59:59+09:00,0,MERCURY|MARS|JUPITER|SATURN,MERCURY:VIRGO|MARS:CANCER|JUPITER:LEO|SATURN:ARIES,JUPITER-SATURN:120|MARS-SATURN:90|MERCURY-MARS:60,2,4,not_applicable,SATURN,4,6,anchor_house,MERCURY|MARS|JUPITER|SATURN,swiss_ephemeris,COMPOSITE:OPENING_FOUR_PLANET_NETWORK:2026-09-01,exact_day,SEP_OPENING_STRUCTURE,,20,100,家事と休息を同じ生活表へ組み込む,{event_date}頃は、暮らしの細部を整える仕事が増え、気づいた人だけが動く状態になりやすい時です。毎日行うこと、週に一度でよいこと、外へ頼めることを分けて共有してください。完璧さより回復できる余白を基準にすると、家事の質と体調の両方を守る日課が作れます。,aspect_cluster;mercury;mars;jupiter;saturn;opening_network,1
2026_09_OPENING_FOUR_PLANET_NETWORK_S04_N07,2026_09_OPENING_FOUR_PLANET_NETWORK,2026-09,aspect_cluster,2026-09-01T00:00:00+09:00,2026-09-01T07:17:00+09:00,2026-09-03T23:59:59+09:00,0,MERCURY|MARS|JUPITER|SATURN,MERCURY:VIRGO|MARS:CANCER|JUPITER:LEO|SATURN:ARIES,JUPITER-SATURN:120|MARS-SATURN:90|MERCURY-MARS:60,2,4,not_applicable,SATURN,4,7,anchor_house,MERCURY|MARS|JUPITER|SATURN,swiss_ephemeris,COMPOSITE:OPENING_FOUR_PLANET_NETWORK:2026-09-01,exact_day,SEP_OPENING_STRUCTURE,,20,100,二人の生活条件を守れる合意へ整える,{event_date}頃は、共に過ごす場所をより良くしたい案が生まれる一方、生活時間や家事への期待の違いも表面化します。譲れない条件、試せる変更、再確認する時期を一緒に決めましょう。正しさを競わず、双方が休める境界を言葉にすることで、同じ場所を支える協力が続きます。,aspect_cluster;mercury;mars;jupiter;saturn;opening_network,1
2026_09_OPENING_FOUR_PLANET_NETWORK_S04_N08,2026_09_OPENING_FOUR_PLANET_NETWORK,2026-09,aspect_cluster,2026-09-01T00:00:00+09:00,2026-09-01T07:17:00+09:00,2026-09-03T23:59:59+09:00,0,MERCURY|MARS|JUPITER|SATURN,MERCURY:VIRGO|MARS:CANCER|JUPITER:LEO|SATURN:ARIES,JUPITER-SATURN:120|MARS-SATURN:90|MERCURY-MARS:60,2,4,not_applicable,SATURN,4,8,anchor_house,MERCURY|MARS|JUPITER|SATURN,swiss_ephemeris,COMPOSITE:OPENING_FOUR_PLANET_NETWORK:2026-09-01,exact_day,SEP_OPENING_STRUCTURE,,20,100,家族の共有負担と決定権を明確にする,{event_date}頃は、住居費や相続、介護など共同で扱う課題について、早く方向を定めたい気持ちが強まります。提供できる金額や時間、決定に参加する人、専門家へ確認する点を記録してください。善意と義務を混ぜず、見直し条件まで共有することで、負担の偏りを抑えられます。,aspect_cluster;mercury;mars;jupiter;saturn;opening_network,1
2026_09_OPENING_FOUR_PLANET_NETWORK_S04_N09,2026_09_OPENING_FOUR_PLANET_NETWORK,2026-09,aspect_cluster,2026-09-01T00:00:00+09:00,2026-09-01T07:17:00+09:00,2026-09-03T23:59:59+09:00,0,MERCURY|MARS|JUPITER|SATURN,MERCURY:VIRGO|MARS:CANCER|JUPITER:LEO|SATURN:ARIES,JUPITER-SATURN:120|MARS-SATURN:90|MERCURY-MARS:60,2,4,not_applicable,SATURN,4,9,anchor_house,MERCURY|MARS|JUPITER|SATURN,swiss_ephemeris,COMPOSITE:OPENING_FOUR_PLANET_NETWORK:2026-09-01,exact_day,SEP_OPENING_STRUCTURE,,20,100,受け継いだ常識を今の暮らしへ調整する,{event_date}頃は、家庭で当然とされてきた考えと、新しく学んだ価値観をどう両立するかが焦点になります。すぐに否定や同意をせず、守りたい理由、変えたい習慣、試す期間を分けて話しましょう。大きな理念を日々の行動へ置き換えることで、家族の背景を尊重しながら生活を更新できます。,aspect_cluster;mercury;mars;jupiter;saturn;opening_network,1
2026_09_OPENING_FOUR_PLANET_NETWORK_S04_N10,2026_09_OPENING_FOUR_PLANET_NETWORK,2026-09,aspect_cluster,2026-09-01T00:00:00+09:00,2026-09-01T07:17:00+09:00,2026-09-03T23:59:59+09:00,0,MERCURY|MARS|JUPITER|SATURN,MERCURY:VIRGO|MARS:CANCER|JUPITER:LEO|SATURN:ARIES,JUPITER-SATURN:120|MARS-SATURN:90|MERCURY-MARS:60,2,4,not_applicable,SATURN,4,10,anchor_house,MERCURY|MARS|JUPITER|SATURN,swiss_ephemeris,COMPOSITE:OPENING_FOUR_PLANET_NETWORK:2026-09-01,exact_day,SEP_OPENING_STRUCTURE,,20,100,仕事と家庭の責任が交わる境界を引く,{event_date}頃は、公的な役割を広げるほど、家で維持すべき用事や休息との調整が必要になります。対応できる時間、連絡を止める時刻、代わりを頼む場面を先に決めてください。どちらかを犠牲にして埋め合わせるより、責任の終点を明確にすることが安定した働き方を支えます。,aspect_cluster;mercury;mars;jupiter;saturn;opening_network,1
2026_09_OPENING_FOUR_PLANET_NETWORK_S04_N11,2026_09_OPENING_FOUR_PLANET_NETWORK,2026-09,aspect_cluster,2026-09-01T00:00:00+09:00,2026-09-01T07:17:00+09:00,2026-09-03T23:59:59+09:00,0,MERCURY|MARS|JUPITER|SATURN,MERCURY:VIRGO|MARS:CANCER|JUPITER:LEO|SATURN:ARIES,JUPITER-SATURN:120|MARS-SATURN:90|MERCURY-MARS:60,2,4,not_applicable,SATURN,4,11,anchor_house,MERCURY|MARS|JUPITER|SATURN,swiss_ephemeris,COMPOSITE:OPENING_FOUR_PLANET_NETWORK:2026-09-01,exact_day,SEP_OPENING_STRUCTURE,,20,100,仲間を迎える場の役割と範囲を決める,{event_date}頃は、家や身近な場所を仲間の活動に生かす案が広がりますが、準備や片づけの負担も伴います。利用できる時間、費用の分担、守ってほしい決まりを招く前に共有しましょう。好意だけに頼らず交代できる担当を置くことで、交流と私生活の両方を大切にできます。,aspect_cluster;mercury;mars;jupiter;saturn;opening_network,1
2026_09_OPENING_FOUR_PLANET_NETWORK_S04_N12,2026_09_OPENING_FOUR_PLANET_NETWORK,2026-09,aspect_cluster,2026-09-01T00:00:00+09:00,2026-09-01T07:17:00+09:00,2026-09-03T23:59:59+09:00,0,MERCURY|MARS|JUPITER|SATURN,MERCURY:VIRGO|MARS:CANCER|JUPITER:LEO|SATURN:ARIES,JUPITER-SATURN:120|MARS-SATURN:90|MERCURY-MARS:60,2,4,not_applicable,SATURN,4,12,anchor_house,MERCURY|MARS|JUPITER|SATURN,swiss_ephemeris,COMPOSITE:OPENING_FOUR_PLANET_NETWORK:2026-09-01,exact_day,SEP_OPENING_STRUCTURE,,20,100,静かな時間で家族への思いをほどく,{event_date}頃は、暮らしを立て直そうとするほど、言葉にしてこなかった家族への心配や疲れも浮かびやすくなります。すぐに解決役を引き受けず、一人で休む時間、相談する相手、後から確かめる事実を分けてください。見えない負担へ境界を置くことが、内側から安心を取り戻す支えになります。,aspect_cluster;mercury;mars;jupiter;saturn;opening_network,1
2026_09_OPENING_FOUR_PLANET_NETWORK_S05_N01,2026_09_OPENING_FOUR_PLANET_NETWORK,2026-09,aspect_cluster,2026-09-01T00:00:00+09:00,2026-09-01T07:17:00+09:00,2026-09-03T23:59:59+09:00,0,MERCURY|MARS|JUPITER|SATURN,MERCURY:VIRGO|MARS:CANCER|JUPITER:LEO|SATURN:ARIES,JUPITER-SATURN:120|MARS-SATURN:90|MERCURY-MARS:60,2,4,not_applicable,SATURN,5,1,anchor_house,MERCURY|MARS|JUPITER|SATURN,swiss_ephemeris,COMPOSITE:OPENING_FOUR_PLANET_NETWORK:2026-09-01,exact_day,SEP_OPENING_STRUCTURE,,20,100,表現の勢いを自分らしい型へ収める,{event_date}頃は、見せたい自分や新しい表現が一気に広がり、早く形にしたい気持ちも強まります。反応を得るために要素を増やさず、今の自分が責任を持って続けられる一つを選んでください。身体の疲れや違和感も制作条件に含めると、勢いが借り物ではない個性として定着します。,aspect_cluster;mercury;mars;jupiter;saturn;opening_network,1
2026_09_OPENING_FOUR_PLANET_NETWORK_S05_N02,2026_09_OPENING_FOUR_PLANET_NETWORK,2026-09,aspect_cluster,2026-09-01T00:00:00+09:00,2026-09-01T07:17:00+09:00,2026-09-03T23:59:59+09:00,0,MERCURY|MARS|JUPITER|SATURN,MERCURY:VIRGO|MARS:CANCER|JUPITER:LEO|SATURN:ARIES,JUPITER-SATURN:120|MARS-SATURN:90|MERCURY-MARS:60,2,4,not_applicable,SATURN,5,2,anchor_house,MERCURY|MARS|JUPITER|SATURN,swiss_ephemeris,COMPOSITE:OPENING_FOUR_PLANET_NETWORK:2026-09-01,exact_day,SEP_OPENING_STRUCTURE,,20,100,創作と楽しみの予算に上限を置く,{event_date}頃は、好きなことへ道具や時間を惜しまず注ぎたくなりますが、維持費まで考える視点も必要です。購入額、使う回数、完成後に残るものを比べ、試す費用と守る金額を分けましょう。楽しさを値段で証明せず、続けられる配分を決めることで、才能を焦らず育てられます。,aspect_cluster;mercury;mars;jupiter;saturn;opening_network,1
2026_09_OPENING_FOUR_PLANET_NETWORK_S05_N03,2026_09_OPENING_FOUR_PLANET_NETWORK,2026-09,aspect_cluster,2026-09-01T00:00:00+09:00,2026-09-01T07:17:00+09:00,2026-09-03T23:59:59+09:00,0,MERCURY|MARS|JUPITER|SATURN,MERCURY:VIRGO|MARS:CANCER|JUPITER:LEO|SATURN:ARIES,JUPITER-SATURN:120|MARS-SATURN:90|MERCURY-MARS:60,2,4,not_applicable,SATURN,5,3,anchor_house,MERCURY|MARS|JUPITER|SATURN,swiss_ephemeris,COMPOSITE:OPENING_FOUR_PLANET_NETWORK:2026-09-01,exact_day,SEP_OPENING_STRUCTURE,,20,100,アイデアを完成まで運ぶ言葉に絞る,{event_date}頃は、面白い案や伝えたい話が次々に浮かびますが、説明を広げるほど作品の中心がぼやけます。誰に何を届けるか、今仕上げる範囲、次回へ残す案を短く書き分けてください。行動を急かす言葉より、順序を示す言葉を選ぶことで、発想が完成へ向かいます。,aspect_cluster;mercury;mars;jupiter;saturn;opening_network,1
2026_09_OPENING_FOUR_PLANET_NETWORK_S05_N04,2026_09_OPENING_FOUR_PLANET_NETWORK,2026-09,aspect_cluster,2026-09-01T00:00:00+09:00,2026-09-01T07:17:00+09:00,2026-09-03T23:59:59+09:00,0,MERCURY|MARS|JUPITER|SATURN,MERCURY:VIRGO|MARS:CANCER|JUPITER:LEO|SATURN:ARIES,JUPITER-SATURN:120|MARS-SATURN:90|MERCURY-MARS:60,2,4,not_applicable,SATURN,5,4,anchor_house,MERCURY|MARS|JUPITER|SATURN,swiss_ephemeris,COMPOSITE:OPENING_FOUR_PLANET_NETWORK:2026-09-01,exact_day,SEP_OPENING_STRUCTURE,,20,100,家族と育てる喜びに役割を決める,{event_date}頃は、家族や身近な人を喜ばせる計画が膨らむ一方、準備を担う人の負担も見過ごせません。場所、費用、片づけ、休む時間を分け、できる人が交代できる形にしましょう。全員を満足させようと急がず、安心して繰り返せる一つを作ることが温かな思い出につながります。,aspect_cluster;mercury;mars;jupiter;saturn;opening_network,1
2026_09_OPENING_FOUR_PLANET_NETWORK_S05_N05,2026_09_OPENING_FOUR_PLANET_NETWORK,2026-09,aspect_cluster,2026-09-01T00:00:00+09:00,2026-09-01T07:17:00+09:00,2026-09-03T23:59:59+09:00,0,MERCURY|MARS|JUPITER|SATURN,MERCURY:VIRGO|MARS:CANCER|JUPITER:LEO|SATURN:ARIES,JUPITER-SATURN:120|MARS-SATURN:90|MERCURY-MARS:60,2,4,not_applicable,SATURN,5,5,anchor_house,MERCURY|MARS|JUPITER|SATURN,swiss_ephemeris,COMPOSITE:OPENING_FOUR_PLANET_NETWORK:2026-09-01,exact_day,SEP_OPENING_STRUCTURE,,20,100,創作の熱を作品として完成させる,{event_date}頃は、表現したい衝動と評価を広げたい思いが重なり、複数の企画へ手を伸ばしやすくなります。最も伝えたい核、締切、完成とみなす条件を先に決めてください。反応に合わせて作り直し続けるより、今期の版を終える責任を持つことで、情熱が次の創作を支える実績になります。,aspect_cluster;mercury;mars;jupiter;saturn;opening_network,1
2026_09_OPENING_FOUR_PLANET_NETWORK_S05_N06,2026_09_OPENING_FOUR_PLANET_NETWORK,2026-09,aspect_cluster,2026-09-01T00:00:00+09:00,2026-09-01T07:17:00+09:00,2026-09-03T23:59:59+09:00,0,MERCURY|MARS|JUPITER|SATURN,MERCURY:VIRGO|MARS:CANCER|JUPITER:LEO|SATURN:ARIES,JUPITER-SATURN:120|MARS-SATURN:90|MERCURY-MARS:60,2,4,not_applicable,SATURN,5,6,anchor_house,MERCURY|MARS|JUPITER|SATURN,swiss_ephemeris,COMPOSITE:OPENING_FOUR_PLANET_NETWORK:2026-09-01,exact_day,SEP_OPENING_STRUCTURE,,20,100,楽しむ時間を日課の中へ確保する,{event_date}頃は、仕事や世話の合間に創作を進めたくても、余った時間だけでは集中が途切れがちです。開始する時刻、片づける時刻、休息を取る条件を予定へ入れてください。楽しみを後回しのご褒美にせず、生活を整える習慣として扱うことで、意欲と体調を両方保てます。,aspect_cluster;mercury;mars;jupiter;saturn;opening_network,1
2026_09_OPENING_FOUR_PLANET_NETWORK_S05_N07,2026_09_OPENING_FOUR_PLANET_NETWORK,2026-09,aspect_cluster,2026-09-01T00:00:00+09:00,2026-09-01T07:17:00+09:00,2026-09-03T23:59:59+09:00,0,MERCURY|MARS|JUPITER|SATURN,MERCURY:VIRGO|MARS:CANCER|JUPITER:LEO|SATURN:ARIES,JUPITER-SATURN:120|MARS-SATURN:90|MERCURY-MARS:60,2,4,not_applicable,SATURN,5,7,anchor_house,MERCURY|MARS|JUPITER|SATURN,swiss_ephemeris,COMPOSITE:OPENING_FOUR_PLANET_NETWORK:2026-09-01,exact_day,SEP_OPENING_STRUCTURE,,20,100,二人の楽しみ方と期待を調整する,{event_date}頃は、相手と新しい体験を広げたい気持ちが高まる一方、誘い方や費用、時間への期待に差が出やすくなります。何を一緒に決め、何を各自に任せ、いつ見直すかを話しましょう。盛り上がりだけで約束を増やさず、断れる余地も含めることで、喜びを分かち合える関係が続きます。,aspect_cluster;mercury;mars;jupiter;saturn;opening_network,1
2026_09_OPENING_FOUR_PLANET_NETWORK_S05_N08,2026_09_OPENING_FOUR_PLANET_NETWORK,2026-09,aspect_cluster,2026-09-01T00:00:00+09:00,2026-09-01T07:17:00+09:00,2026-09-03T23:59:59+09:00,0,MERCURY|MARS|JUPITER|SATURN,MERCURY:VIRGO|MARS:CANCER|JUPITER:LEO|SATURN:ARIES,JUPITER-SATURN:120|MARS-SATURN:90|MERCURY-MARS:60,2,4,not_applicable,SATURN,5,8,anchor_house,MERCURY|MARS|JUPITER|SATURN,swiss_ephemeris,COMPOSITE:OPENING_FOUR_PLANET_NETWORK:2026-09-01,exact_day,SEP_OPENING_STRUCTURE,,20,100,共同制作の権利と責任を明文化する,{event_date}頃は、誰かと力を合わせるほど表現の幅が広がりますが、素材や費用、成果の扱いも複雑になります。提供したもの、決定権、公開範囲、途中で離れる条件を記録してください。信頼を曖昧さに預けず、役割の境界を先に整えることで、深い協力を安心して形にできます。,aspect_cluster;mercury;mars;jupiter;saturn;opening_network,1
2026_09_OPENING_FOUR_PLANET_NETWORK_S05_N09,2026_09_OPENING_FOUR_PLANET_NETWORK,2026-09,aspect_cluster,2026-09-01T00:00:00+09:00,2026-09-01T07:17:00+09:00,2026-09-03T23:59:59+09:00,0,MERCURY|MARS|JUPITER|SATURN,MERCURY:VIRGO|MARS:CANCER|JUPITER:LEO|SATURN:ARIES,JUPITER-SATURN:120|MARS-SATURN:90|MERCURY-MARS:60,2,4,not_applicable,SATURN,5,9,anchor_house,MERCURY|MARS|JUPITER|SATURN,swiss_ephemeris,COMPOSITE:OPENING_FOUR_PLANET_NETWORK:2026-09-01,exact_day,SEP_OPENING_STRUCTURE,,20,100,遊び心を検証できる挑戦へ育てる,{event_date}頃は、未知の分野や遠い場所から着想を得て、大きな作品や体験へ挑みたくなります。理想だけで規模を決めず、基礎を学ぶ段階、小さく試す場所、継続を判断する期限を設けましょう。自由な発想を確かめられる工程へ分けることで、冒険が今後に残る技術になります。,aspect_cluster;mercury;mars;jupiter;saturn;opening_network,1
2026_09_OPENING_FOUR_PLANET_NETWORK_S05_N10,2026_09_OPENING_FOUR_PLANET_NETWORK,2026-09,aspect_cluster,2026-09-01T00:00:00+09:00,2026-09-01T07:17:00+09:00,2026-09-03T23:59:59+09:00,0,MERCURY|MARS|JUPITER|SATURN,MERCURY:VIRGO|MARS:CANCER|JUPITER:LEO|SATURN:ARIES,JUPITER-SATURN:120|MARS-SATURN:90|MERCURY-MARS:60,2,4,not_applicable,SATURN,5,10,anchor_house,MERCURY|MARS|JUPITER|SATURN,swiss_ephemeris,COMPOSITE:OPENING_FOUR_PLANET_NETWORK:2026-09-01,exact_day,SEP_OPENING_STRUCTURE,,20,100,創造性を公的な成果へ結び直す,{event_date}頃は、自分の作品や企画を広く認めてもらいたい思いが強まり、責任ある立場を引き受ける流れも生まれます。求められる成果、使える時間、修正の上限を確認してください。注目を追って役割を増やすより、完成物で応える範囲を定めることが、創造性への信頼を育てます。,aspect_cluster;mercury;mars;jupiter;saturn;opening_network,1
2026_09_OPENING_FOUR_PLANET_NETWORK_S05_N11,2026_09_OPENING_FOUR_PLANET_NETWORK,2026-09,aspect_cluster,2026-09-01T00:00:00+09:00,2026-09-01T07:17:00+09:00,2026-09-03T23:59:59+09:00,0,MERCURY|MARS|JUPITER|SATURN,MERCURY:VIRGO|MARS:CANCER|JUPITER:LEO|SATURN:ARIES,JUPITER-SATURN:120|MARS-SATURN:90|MERCURY-MARS:60,2,4,not_applicable,SATURN,5,11,anchor_house,MERCURY|MARS|JUPITER|SATURN,swiss_ephemeris,COMPOSITE:OPENING_FOUR_PLANET_NETWORK:2026-09-01,exact_day,SEP_OPENING_STRUCTURE,,20,100,仲間の発想を続く企画へまとめる,{event_date}頃は、仲間から多彩な案が集まり、楽しい計画を一気に広げたくなります。提案する人、実行する人、確認する人を分け、次回までに終える一点を共有してください。発言の多さを勢いだけで終わらせず、交代できる役割へ落とすことで、創造的な集まりが長く続きます。,aspect_cluster;mercury;mars;jupiter;saturn;opening_network,1
2026_09_OPENING_FOUR_PLANET_NETWORK_S05_N12,2026_09_OPENING_FOUR_PLANET_NETWORK,2026-09,aspect_cluster,2026-09-01T00:00:00+09:00,2026-09-01T07:17:00+09:00,2026-09-03T23:59:59+09:00,0,MERCURY|MARS|JUPITER|SATURN,MERCURY:VIRGO|MARS:CANCER|JUPITER:LEO|SATURN:ARIES,JUPITER-SATURN:120|MARS-SATURN:90|MERCURY-MARS:60,2,4,not_applicable,SATURN,5,12,anchor_house,MERCURY|MARS|JUPITER|SATURN,swiss_ephemeris,COMPOSITE:OPENING_FOUR_PLANET_NETWORK:2026-09-01,exact_day,SEP_OPENING_STRUCTURE,,20,100,内側の創造性を静かな時間に育てる,{event_date}頃は、表に出したい気持ちの裏で、評価への不安や過去の疲れも動きやすくなります。完成を急がず、誰にも見せない試作、相談する作品、公開を待つ案を分けてください。休む時間を制作の一部として認めると、言葉になる前のひらめきを消耗させず育てられます。,aspect_cluster;mercury;mars;jupiter;saturn;opening_network,1
2026_09_OPENING_FOUR_PLANET_NETWORK_S06_N01,2026_09_OPENING_FOUR_PLANET_NETWORK,2026-09,aspect_cluster,2026-09-01T00:00:00+09:00,2026-09-01T07:17:00+09:00,2026-09-03T23:59:59+09:00,0,MERCURY|MARS|JUPITER|SATURN,MERCURY:VIRGO|MARS:CANCER|JUPITER:LEO|SATURN:ARIES,JUPITER-SATURN:120|MARS-SATURN:90|MERCURY-MARS:60,2,4,not_applicable,SATURN,6,1,anchor_house,MERCURY|MARS|JUPITER|SATURN,swiss_ephemeris,COMPOSITE:OPENING_FOUR_PLANET_NETWORK:2026-09-01,exact_day,SEP_OPENING_STRUCTURE,,20,100,働き方を自分の体調に合う形へ整える,{event_date}頃は、頼まれる仕事や改善案が増え、すぐ応えようとするほど自分の調子を置き去りにしやすくなります。集中できる時間、休憩が必要な兆し、今日終える範囲を先に決めてください。周囲の速度に自分を合わせ続けず、身体の反応を手順へ組み込むことで、役に立つ力を安定して発揮できます。,aspect_cluster;mercury;mars;jupiter;saturn;opening_network,1
2026_09_OPENING_FOUR_PLANET_NETWORK_S06_N02,2026_09_OPENING_FOUR_PLANET_NETWORK,2026-09,aspect_cluster,2026-09-01T00:00:00+09:00,2026-09-01T07:17:00+09:00,2026-09-03T23:59:59+09:00,0,MERCURY|MARS|JUPITER|SATURN,MERCURY:VIRGO|MARS:CANCER|JUPITER:LEO|SATURN:ARIES,JUPITER-SATURN:120|MARS-SATURN:90|MERCURY-MARS:60,2,4,not_applicable,SATURN,6,2,anchor_house,MERCURY|MARS|JUPITER|SATURN,swiss_ephemeris,COMPOSITE:OPENING_FOUR_PLANET_NETWORK:2026-09-01,exact_day,SEP_OPENING_STRUCTURE,,20,100,日々の業務に使う資源を配分し直す,{event_date}頃は、作業を良くする道具や外注へ関心が広がりますが、費用だけでなく管理の手間も増えやすい時です。必要性、使用頻度、回収できる時間を比べ、今買うものと試用で済ませるものを分けましょう。限られた資源を忙しさの穴埋めに使わず、毎日を支える基盤へ配分すると無理のない改善になります。,aspect_cluster;mercury;mars;jupiter;saturn;opening_network,1
2026_09_OPENING_FOUR_PLANET_NETWORK_S06_N03,2026_09_OPENING_FOUR_PLANET_NETWORK,2026-09,aspect_cluster,2026-09-01T00:00:00+09:00,2026-09-01T07:17:00+09:00,2026-09-03T23:59:59+09:00,0,MERCURY|MARS|JUPITER|SATURN,MERCURY:VIRGO|MARS:CANCER|JUPITER:LEO|SATURN:ARIES,JUPITER-SATURN:120|MARS-SATURN:90|MERCURY-MARS:60,2,4,not_applicable,SATURN,6,3,anchor_house,MERCURY|MARS|JUPITER|SATURN,swiss_ephemeris,COMPOSITE:OPENING_FOUR_PLANET_NETWORK:2026-09-01,exact_day,SEP_OPENING_STRUCTURE,,20,100,連絡と小さな作業の順序を決める,{event_date}頃は、問い合わせや細かな用事が重なり、返事を急ぐうちに本来の作業が分断されやすくなります。即答する連絡、調べて返す連絡、まとめて処理する用事を分け、確認時刻を決めてください。言葉の往復を増やすより、相手が次に動ける情報を一度で渡すことが、日々の流れを整えます。,aspect_cluster;mercury;mars;jupiter;saturn;opening_network,1
2026_09_OPENING_FOUR_PLANET_NETWORK_S06_N04,2026_09_OPENING_FOUR_PLANET_NETWORK,2026-09,aspect_cluster,2026-09-01T00:00:00+09:00,2026-09-01T07:17:00+09:00,2026-09-03T23:59:59+09:00,0,MERCURY|MARS|JUPITER|SATURN,MERCURY:VIRGO|MARS:CANCER|JUPITER:LEO|SATURN:ARIES,JUPITER-SATURN:120|MARS-SATURN:90|MERCURY-MARS:60,2,4,not_applicable,SATURN,6,4,anchor_house,MERCURY|MARS|JUPITER|SATURN,swiss_ephemeris,COMPOSITE:OPENING_FOUR_PLANET_NETWORK:2026-09-01,exact_day,SEP_OPENING_STRUCTURE,,20,100,家庭を支える日課と分担を整える,{event_date}頃は、家の用事と外の仕事を両方きちんと回そうとして、気づいた人へ負担が集中しやすくなります。毎日必要なこと、週単位でよいこと、誰かに頼めることを家族や同居人と確認しましょう。完璧な環境を一人で保たず、休む人がいても回る分担に変えることで、生活の土台が安定します。,aspect_cluster;mercury;mars;jupiter;saturn;opening_network,1
2026_09_OPENING_FOUR_PLANET_NETWORK_S06_N05,2026_09_OPENING_FOUR_PLANET_NETWORK,2026-09,aspect_cluster,2026-09-01T00:00:00+09:00,2026-09-01T07:17:00+09:00,2026-09-03T23:59:59+09:00,0,MERCURY|MARS|JUPITER|SATURN,MERCURY:VIRGO|MARS:CANCER|JUPITER:LEO|SATURN:ARIES,JUPITER-SATURN:120|MARS-SATURN:90|MERCURY-MARS:60,2,4,not_applicable,SATURN,6,5,anchor_house,MERCURY|MARS|JUPITER|SATURN,swiss_ephemeris,COMPOSITE:OPENING_FOUR_PLANET_NETWORK:2026-09-01,exact_day,SEP_OPENING_STRUCTURE,,20,100,楽しさを保てる仕事の型をつくる,{event_date}頃は、効率を上げる工夫が次々に浮かぶ一方、成果を急ぐほど作業から面白さが抜けやすくなります。自由に試す時間、仕上げる時間、他人の確認を受ける時点を分けてください。遊び心を余裕がある時だけのものにせず、工程へ小さく残すことで、質と継続意欲を一緒に守れます。,aspect_cluster;mercury;mars;jupiter;saturn;opening_network,1
2026_09_OPENING_FOUR_PLANET_NETWORK_S06_N06,2026_09_OPENING_FOUR_PLANET_NETWORK,2026-09,aspect_cluster,2026-09-01T00:00:00+09:00,2026-09-01T07:17:00+09:00,2026-09-03T23:59:59+09:00,0,MERCURY|MARS|JUPITER|SATURN,MERCURY:VIRGO|MARS:CANCER|JUPITER:LEO|SATURN:ARIES,JUPITER-SATURN:120|MARS-SATURN:90|MERCURY-MARS:60,2,4,not_applicable,SATURN,6,6,anchor_house,MERCURY|MARS|JUPITER|SATURN,swiss_ephemeris,COMPOSITE:OPENING_FOUR_PLANET_NETWORK:2026-09-01,exact_day,SEP_OPENING_STRUCTURE,,20,100,毎日の負担を見える手順へ変える,{event_date}頃は、改善したい点が多く見つかり、一度に直そうとすると新しいルールそのものが負担になります。作業の開始条件、終わりの基準、問題が起きた時の相談先を一つずつ記録してください。できなかった日を失敗とせず、詰まった場所を手順へ戻すことで、現場に合う習慣へ育てられます。,aspect_cluster;mercury;mars;jupiter;saturn;opening_network,1
2026_09_OPENING_FOUR_PLANET_NETWORK_S06_N07,2026_09_OPENING_FOUR_PLANET_NETWORK,2026-09,aspect_cluster,2026-09-01T00:00:00+09:00,2026-09-01T07:17:00+09:00,2026-09-03T23:59:59+09:00,0,MERCURY|MARS|JUPITER|SATURN,MERCURY:VIRGO|MARS:CANCER|JUPITER:LEO|SATURN:ARIES,JUPITER-SATURN:120|MARS-SATURN:90|MERCURY-MARS:60,2,4,not_applicable,SATURN,6,7,anchor_house,MERCURY|MARS|JUPITER|SATURN,swiss_ephemeris,COMPOSITE:OPENING_FOUR_PLANET_NETWORK:2026-09-01,exact_day,SEP_OPENING_STRUCTURE,,20,100,協力相手と実務の境界を引き直す,{event_date}頃は、協力すれば多くを進められる反面、気軽に引き受けた補助が恒常的な役割へ変わりやすくなります。担当する範囲、確認を返す期限、不在時の扱いを相手と共有してください。善意だけで穴を埋め続けず、双方が断りや変更を伝えられる境界を置くことで、実務上の信頼が続きます。,aspect_cluster;mercury;mars;jupiter;saturn;opening_network,1
2026_09_OPENING_FOUR_PLANET_NETWORK_S06_N08,2026_09_OPENING_FOUR_PLANET_NETWORK,2026-09,aspect_cluster,2026-09-01T00:00:00+09:00,2026-09-01T07:17:00+09:00,2026-09-03T23:59:59+09:00,0,MERCURY|MARS|JUPITER|SATURN,MERCURY:VIRGO|MARS:CANCER|JUPITER:LEO|SATURN:ARIES,JUPITER-SATURN:120|MARS-SATURN:90|MERCURY-MARS:60,2,4,not_applicable,SATURN,6,8,anchor_house,MERCURY|MARS|JUPITER|SATURN,swiss_ephemeris,COMPOSITE:OPENING_FOUR_PLANET_NETWORK:2026-09-01,exact_day,SEP_OPENING_STRUCTURE,,20,100,共有業務の責任と引継ぎを明確にする,{event_date}頃は、共同管理する情報や費用を整える必要が高まり、誰が把握しているか曖昧な部分も表へ出やすくなります。アクセス権、承認する人、引継ぎに必要な記録を確認してください。重要な作業を特定の人の記憶へ預けず、途中からでも追える形に変えることで、共有責任を落ち着いて担えます。,aspect_cluster;mercury;mars;jupiter;saturn;opening_network,1
2026_09_OPENING_FOUR_PLANET_NETWORK_S06_N09,2026_09_OPENING_FOUR_PLANET_NETWORK,2026-09,aspect_cluster,2026-09-01T00:00:00+09:00,2026-09-01T07:17:00+09:00,2026-09-03T23:59:59+09:00,0,MERCURY|MARS|JUPITER|SATURN,MERCURY:VIRGO|MARS:CANCER|JUPITER:LEO|SATURN:ARIES,JUPITER-SATURN:120|MARS-SATURN:90|MERCURY-MARS:60,2,4,not_applicable,SATURN,6,9,anchor_house,MERCURY|MARS|JUPITER|SATURN,swiss_ephemeris,COMPOSITE:OPENING_FOUR_PLANET_NETWORK:2026-09-01,exact_day,SEP_OPENING_STRUCTURE,,20,100,学んだ方法を現場で試せる形にする,{event_date}頃は、新しい知識や他の現場の方法を取り入れたくなりますが、理想的な仕組みをそのまま移すと負担が増えます。今の環境で試す範囲、観察する指標、採用を判断する期限を決めましょう。正しさを一度で証明するより、小さな実践から修正点を得ることが、学びを使える技術へ変えます。,aspect_cluster;mercury;mars;jupiter;saturn;opening_network,1
2026_09_OPENING_FOUR_PLANET_NETWORK_S06_N10,2026_09_OPENING_FOUR_PLANET_NETWORK,2026-09,aspect_cluster,2026-09-01T00:00:00+09:00,2026-09-01T07:17:00+09:00,2026-09-03T23:59:59+09:00,0,MERCURY|MARS|JUPITER|SATURN,MERCURY:VIRGO|MARS:CANCER|JUPITER:LEO|SATURN:ARIES,JUPITER-SATURN:120|MARS-SATURN:90|MERCURY-MARS:60,2,4,not_applicable,SATURN,6,10,anchor_house,MERCURY|MARS|JUPITER|SATURN,swiss_ephemeris,COMPOSITE:OPENING_FOUR_PLANET_NETWORK:2026-09-01,exact_day,SEP_OPENING_STRUCTURE,,20,100,期待される役割を実行可能な範囲へ絞る,{event_date}頃は、実務力を評価されるほど新しい役割が集まり、応えたい気持ちと時間の制約がぶつかりやすくなります。成果として求められるもの、判断できる範囲、調整が必要な期限を上位者や依頼者と確認してください。肩書きに合わせて何でも抱えず、完了まで責任を持てる役割へ絞ることが信頼を支えます。,aspect_cluster;mercury;mars;jupiter;saturn;opening_network,1
2026_09_OPENING_FOUR_PLANET_NETWORK_S06_N11,2026_09_OPENING_FOUR_PLANET_NETWORK,2026-09,aspect_cluster,2026-09-01T00:00:00+09:00,2026-09-01T07:17:00+09:00,2026-09-03T23:59:59+09:00,0,MERCURY|MARS|JUPITER|SATURN,MERCURY:VIRGO|MARS:CANCER|JUPITER:LEO|SATURN:ARIES,JUPITER-SATURN:120|MARS-SATURN:90|MERCURY-MARS:60,2,4,not_applicable,SATURN,6,11,anchor_house,MERCURY|MARS|JUPITER|SATURN,swiss_ephemeris,COMPOSITE:OPENING_FOUR_PLANET_NETWORK:2026-09-01,exact_day,SEP_OPENING_STRUCTURE,,20,100,チームの日常を交代できる仕組みにする,{event_date}頃は、仲間の案を実行へ移す力が高まる一方、目立たない定例作業を担う人が固定されやすくなります。担当表、確認の順序、欠員時の代替方法を共有し、初めての人でも動ける説明を残してください。熱意のある人へ頼り切らず、交代できる日常を作ることで、集団の目標を長く支えられます。,aspect_cluster;mercury;mars;jupiter;saturn;opening_network,1
2026_09_OPENING_FOUR_PLANET_NETWORK_S06_N12,2026_09_OPENING_FOUR_PLANET_NETWORK,2026-09,aspect_cluster,2026-09-01T00:00:00+09:00,2026-09-01T07:17:00+09:00,2026-09-03T23:59:59+09:00,0,MERCURY|MARS|JUPITER|SATURN,MERCURY:VIRGO|MARS:CANCER|JUPITER:LEO|SATURN:ARIES,JUPITER-SATURN:120|MARS-SATURN:90|MERCURY-MARS:60,2,4,not_applicable,SATURN,6,12,anchor_house,MERCURY|MARS|JUPITER|SATURN,swiss_ephemeris,COMPOSITE:OPENING_FOUR_PLANET_NETWORK:2026-09-01,exact_day,SEP_OPENING_STRUCTURE,,20,100,見えない疲労を休息の計画へ含める,{event_date}頃は、表立った作業だけでなく、考え続けることや先回りの気遣いにも力を使いやすくなります。人に見えない準備、保留中の心配、回復に必要な時間を書き出し、予定の空白を守ってください。休息を仕事が終わった後の余りにせず、集中を戻す工程として確保することで、静かな負担を溜めずに済みます。,aspect_cluster;mercury;mars;jupiter;saturn;opening_network,1
2026_09_OPENING_FOUR_PLANET_NETWORK_S07_N01,2026_09_OPENING_FOUR_PLANET_NETWORK,2026-09,aspect_cluster,2026-09-01T00:00:00+09:00,2026-09-01T07:17:00+09:00,2026-09-03T23:59:59+09:00,0,MERCURY|MARS|JUPITER|SATURN,MERCURY:VIRGO|MARS:CANCER|JUPITER:LEO|SATURN:ARIES,JUPITER-SATURN:120|MARS-SATURN:90|MERCURY-MARS:60,2,4,not_applicable,SATURN,7,1,anchor_house,MERCURY|MARS|JUPITER|SATURN,swiss_ephemeris,COMPOSITE:OPENING_FOUR_PLANET_NETWORK:2026-09-01,exact_day,SEP_OPENING_STRUCTURE,,20,100,自分の立場を守れる協力条件を定める,{event_date}頃は、相手の期待に応えながら関係を広げたい気持ちが強まりますが、自分の余力を示さないと役割が膨らみます。引き受けられる範囲、判断を保留する条件、意見が違う時の伝え方を先に共有してください。合わせることを誠意の証明にせず、自分の意思を残した協力へ整えることで、対等な関係を築けます。,aspect_cluster;mercury;mars;jupiter;saturn;opening_network,1
2026_09_OPENING_FOUR_PLANET_NETWORK_S07_N02,2026_09_OPENING_FOUR_PLANET_NETWORK,2026-09,aspect_cluster,2026-09-01T00:00:00+09:00,2026-09-01T07:17:00+09:00,2026-09-03T23:59:59+09:00,0,MERCURY|MARS|JUPITER|SATURN,MERCURY:VIRGO|MARS:CANCER|JUPITER:LEO|SATURN:ARIES,JUPITER-SATURN:120|MARS-SATURN:90|MERCURY-MARS:60,2,4,not_applicable,SATURN,7,2,anchor_house,MERCURY|MARS|JUPITER|SATURN,swiss_ephemeris,COMPOSITE:OPENING_FOUR_PLANET_NETWORK:2026-09-01,exact_day,SEP_OPENING_STRUCTURE,,20,100,費用と価値を話せる約束へ整える,{event_date}頃は、共同の計画へ使える選択肢が増える一方、負担額や優先したい価値の違いも表れやすくなります。支払う人、上限、変更時の扱いを数字で確認し、譲れない条件も言葉にしましょう。金額の話を信頼不足と捉えず、互いの基盤を守る相談として扱うことで、安心して続けられる約束になります。,aspect_cluster;mercury;mars;jupiter;saturn;opening_network,1
2026_09_OPENING_FOUR_PLANET_NETWORK_S07_N03,2026_09_OPENING_FOUR_PLANET_NETWORK,2026-09,aspect_cluster,2026-09-01T00:00:00+09:00,2026-09-01T07:17:00+09:00,2026-09-03T23:59:59+09:00,0,MERCURY|MARS|JUPITER|SATURN,MERCURY:VIRGO|MARS:CANCER|JUPITER:LEO|SATURN:ARIES,JUPITER-SATURN:120|MARS-SATURN:90|MERCURY-MARS:60,2,4,not_applicable,SATURN,7,3,anchor_house,MERCURY|MARS|JUPITER|SATURN,swiss_ephemeris,COMPOSITE:OPENING_FOUR_PLANET_NETWORK:2026-09-01,exact_day,SEP_OPENING_STRUCTURE,,20,100,誤解を減らす連絡の手順を共有する,{event_date}頃は、話し合う機会が増え、素早い返答が関係を進める一方で、言ったつもりの内容も増えやすくなります。決定事項、検討中の点、次に返す人を会話の終わりに確認してください。説明の量で相手を納得させようとせず、同じ記録を見られる形にすることで、やり取りを信頼できる行動へ結べます。,aspect_cluster;mercury;mars;jupiter;saturn;opening_network,1
2026_09_OPENING_FOUR_PLANET_NETWORK_S07_N04,2026_09_OPENING_FOUR_PLANET_NETWORK,2026-09,aspect_cluster,2026-09-01T00:00:00+09:00,2026-09-01T07:17:00+09:00,2026-09-03T23:59:59+09:00,0,MERCURY|MARS|JUPITER|SATURN,MERCURY:VIRGO|MARS:CANCER|JUPITER:LEO|SATURN:ARIES,JUPITER-SATURN:120|MARS-SATURN:90|MERCURY-MARS:60,2,4,not_applicable,SATURN,7,4,anchor_house,MERCURY|MARS|JUPITER|SATURN,swiss_ephemeris,COMPOSITE:OPENING_FOUR_PLANET_NETWORK:2026-09-01,exact_day,SEP_OPENING_STRUCTURE,,20,100,身近な関係の役割と安心を組み直す,{event_date}頃は、家族や近しい相手との相談が前へ進む反面、昔からの役割を当然として背負いやすくなります。誰が何を担うかだけでなく、困った時に戻れる場所や連絡方法も話しましょう。過去のやり方を守ることだけを安心にせず、現在の人数と余力に合う約束へ変えることで、身近な関係に落ち着きが戻ります。,aspect_cluster;mercury;mars;jupiter;saturn;opening_network,1
2026_09_OPENING_FOUR_PLANET_NETWORK_S07_N05,2026_09_OPENING_FOUR_PLANET_NETWORK,2026-09,aspect_cluster,2026-09-01T00:00:00+09:00,2026-09-01T07:17:00+09:00,2026-09-03T23:59:59+09:00,0,MERCURY|MARS|JUPITER|SATURN,MERCURY:VIRGO|MARS:CANCER|JUPITER:LEO|SATURN:ARIES,JUPITER-SATURN:120|MARS-SATURN:90|MERCURY-MARS:60,2,4,not_applicable,SATURN,7,5,anchor_house,MERCURY|MARS|JUPITER|SATURN,swiss_ephemeris,COMPOSITE:OPENING_FOUR_PLANET_NETWORK:2026-09-01,exact_day,SEP_OPENING_STRUCTURE,,20,100,二人の楽しみを続けられる計画にする,{event_date}頃は、相手と楽しみたい案が広がり、勢いのある誘いや共同制作も始めやすくなります。ただし盛り上がりに合わせて予定を増やさず、準備する人、使える時間、終える条件を決めてください。互いの自由な表現を競わせず、負担を交代できる計画に整えることで、喜びを長く分かち合えます。,aspect_cluster;mercury;mars;jupiter;saturn;opening_network,1
2026_09_OPENING_FOUR_PLANET_NETWORK_S07_N06,2026_09_OPENING_FOUR_PLANET_NETWORK,2026-09,aspect_cluster,2026-09-01T00:00:00+09:00,2026-09-01T07:17:00+09:00,2026-09-03T23:59:59+09:00,0,MERCURY|MARS|JUPITER|SATURN,MERCURY:VIRGO|MARS:CANCER|JUPITER:LEO|SATURN:ARIES,JUPITER-SATURN:120|MARS-SATURN:90|MERCURY-MARS:60,2,4,not_applicable,SATURN,7,6,anchor_house,MERCURY|MARS|JUPITER|SATURN,swiss_ephemeris,COMPOSITE:OPENING_FOUR_PLANET_NETWORK:2026-09-01,exact_day,SEP_OPENING_STRUCTURE,,20,100,協力を日常業務へ落とす役割を決める,{event_date}頃は、助け合えば作業を大きく進められますが、細かな実務の担当が曖昧だと確認だけが増えます。開始する人、途中で点検する人、完了を判断する人を分け、休む時の代替も決めてください。相性の良さに運営を任せず、毎日再現できる役割へ落とすことで、協力が実際の支えになります。,aspect_cluster;mercury;mars;jupiter;saturn;opening_network,1
2026_09_OPENING_FOUR_PLANET_NETWORK_S07_N07,2026_09_OPENING_FOUR_PLANET_NETWORK,2026-09,aspect_cluster,2026-09-01T00:00:00+09:00,2026-09-01T07:17:00+09:00,2026-09-03T23:59:59+09:00,0,MERCURY|MARS|JUPITER|SATURN,MERCURY:VIRGO|MARS:CANCER|JUPITER:LEO|SATURN:ARIES,JUPITER-SATURN:120|MARS-SATURN:90|MERCURY-MARS:60,2,4,not_applicable,SATURN,7,7,anchor_house,MERCURY|MARS|JUPITER|SATURN,swiss_ephemeris,COMPOSITE:OPENING_FOUR_PLANET_NETWORK:2026-09-01,exact_day,SEP_OPENING_STRUCTURE,,20,100,対等な関係を支える境界を確認する,{event_date}頃は、重要な相手との約束を前へ進める機会が生まれる一方、互いの責任を広く解釈しやすくなります。共有する決定、各自で決めること、再交渉が必要になる条件を確認してください。譲歩の回数で関係の深さを測らず、違いを伝えても続けられる境界を置くことで、対等さが具体的な信頼になります。,aspect_cluster;mercury;mars;jupiter;saturn;opening_network,1
2026_09_OPENING_FOUR_PLANET_NETWORK_S07_N08,2026_09_OPENING_FOUR_PLANET_NETWORK,2026-09,aspect_cluster,2026-09-01T00:00:00+09:00,2026-09-01T07:17:00+09:00,2026-09-03T23:59:59+09:00,0,MERCURY|MARS|JUPITER|SATURN,MERCURY:VIRGO|MARS:CANCER|JUPITER:LEO|SATURN:ARIES,JUPITER-SATURN:120|MARS-SATURN:90|MERCURY-MARS:60,2,4,not_applicable,SATURN,7,8,anchor_house,MERCURY|MARS|JUPITER|SATURN,swiss_ephemeris,COMPOSITE:OPENING_FOUR_PLANET_NETWORK:2026-09-01,exact_day,SEP_OPENING_STRUCTURE,,20,100,深い協力の権限と責任を分けておく,{event_date}頃は、相手と資源や情報を深く共有するほど可能性が広がりますが、決定権の所在も複雑になります。閲覧できる範囲、承認が必要な場面、関係を終える時の返却方法まで記録してください。信頼を秘密の多さで示さず、守る責任と使う権限を分けることで、安心して踏み込める協力になります。,aspect_cluster;mercury;mars;jupiter;saturn;opening_network,1
2026_09_OPENING_FOUR_PLANET_NETWORK_S07_N09,2026_09_OPENING_FOUR_PLANET_NETWORK,2026-09,aspect_cluster,2026-09-01T00:00:00+09:00,2026-09-01T07:17:00+09:00,2026-09-03T23:59:59+09:00,0,MERCURY|MARS|JUPITER|SATURN,MERCURY:VIRGO|MARS:CANCER|JUPITER:LEO|SATURN:ARIES,JUPITER-SATURN:120|MARS-SATURN:90|MERCURY-MARS:60,2,4,not_applicable,SATURN,7,9,anchor_house,MERCURY|MARS|JUPITER|SATURN,swiss_ephemeris,COMPOSITE:OPENING_FOUR_PLANET_NETWORK:2026-09-01,exact_day,SEP_OPENING_STRUCTURE,,20,100,異なる考えを共通の判断軸へ結ぶ,{event_date}頃は、背景や考え方の違う相手から視野を広げられる一方、正しさを競うほど話が遠のきます。共に目指す結果、確かめられる事実、今回は保留する論点を分けてください。結論を同じにすることだけを合意とせず、違う見方でも使える判断軸を作ることで、学びのある協力へ進めます。,aspect_cluster;mercury;mars;jupiter;saturn;opening_network,1
2026_09_OPENING_FOUR_PLANET_NETWORK_S07_N10,2026_09_OPENING_FOUR_PLANET_NETWORK,2026-09,aspect_cluster,2026-09-01T00:00:00+09:00,2026-09-01T07:17:00+09:00,2026-09-03T23:59:59+09:00,0,MERCURY|MARS|JUPITER|SATURN,MERCURY:VIRGO|MARS:CANCER|JUPITER:LEO|SATURN:ARIES,JUPITER-SATURN:120|MARS-SATURN:90|MERCURY-MARS:60,2,4,not_applicable,SATURN,7,10,anchor_house,MERCURY|MARS|JUPITER|SATURN,swiss_ephemeris,COMPOSITE:OPENING_FOUR_PLANET_NETWORK:2026-09-01,exact_day,SEP_OPENING_STRUCTURE,,20,100,公的な協力関係の責任範囲を定める,{event_date}頃は、仕事上の提携や対外的な約束を広げる話が進みやすい反面、代表として負う責任も増えます。公表できる内容、承認する人、問題が起きた時の窓口を契約や記録で確認してください。評判を守るために曖昧な依頼まで受けず、組織として完了できる範囲を定めることが、協力への信頼を支えます。,aspect_cluster;mercury;mars;jupiter;saturn;opening_network,1
2026_09_OPENING_FOUR_PLANET_NETWORK_S07_N11,2026_09_OPENING_FOUR_PLANET_NETWORK,2026-09,aspect_cluster,2026-09-01T00:00:00+09:00,2026-09-01T07:17:00+09:00,2026-09-03T23:59:59+09:00,0,MERCURY|MARS|JUPITER|SATURN,MERCURY:VIRGO|MARS:CANCER|JUPITER:LEO|SATURN:ARIES,JUPITER-SATURN:120|MARS-SATURN:90|MERCURY-MARS:60,2,4,not_applicable,SATURN,7,11,anchor_house,MERCURY|MARS|JUPITER|SATURN,swiss_ephemeris,COMPOSITE:OPENING_FOUR_PLANET_NETWORK:2026-09-01,exact_day,SEP_OPENING_STRUCTURE,,20,100,仲間との約束を運営できる形にする,{event_date}頃は、新しい仲間や協力先との計画が膨らみますが、参加の熱量だけでは継続の条件が見えません。決める人、実行する人、意見を集める方法を分け、離れる時の手続きも共有してください。全員の善意を前提にせず、役割を交代できる運営へ整えることで、共通の目標を関係の負担にせず育てられます。,aspect_cluster;mercury;mars;jupiter;saturn;opening_network,1
2026_09_OPENING_FOUR_PLANET_NETWORK_S07_N12,2026_09_OPENING_FOUR_PLANET_NETWORK,2026-09,aspect_cluster,2026-09-01T00:00:00+09:00,2026-09-01T07:17:00+09:00,2026-09-03T23:59:59+09:00,0,MERCURY|MARS|JUPITER|SATURN,MERCURY:VIRGO|MARS:CANCER|JUPITER:LEO|SATURN:ARIES,JUPITER-SATURN:120|MARS-SATURN:90|MERCURY-MARS:60,2,4,not_applicable,SATURN,7,12,anchor_house,MERCURY|MARS|JUPITER|SATURN,swiss_ephemeris,COMPOSITE:OPENING_FOUR_PLANET_NETWORK:2026-09-01,exact_day,SEP_OPENING_STRUCTURE,,20,100,言えない期待を静かに整理して伝える,{event_date}頃は、相手を支えたい気持ちが強まるほど、口にしていない期待や遠慮も積み重なりやすくなります。事実として頼まれたこと、自分が先回りしたこと、本当は相談したいことを分けて書き出してください。察してもらうまで我慢せず、落ち着いて話せる時と場所を選ぶことで、見えない負担を関係の理解へ変えられます。,aspect_cluster;mercury;mars;jupiter;saturn;opening_network,1
2026_09_OPENING_FOUR_PLANET_NETWORK_S08_N01,2026_09_OPENING_FOUR_PLANET_NETWORK,2026-09,aspect_cluster,2026-09-01T00:00:00+09:00,2026-09-01T07:17:00+09:00,2026-09-03T23:59:59+09:00,0,MERCURY|MARS|JUPITER|SATURN,MERCURY:VIRGO|MARS:CANCER|JUPITER:LEO|SATURN:ARIES,JUPITER-SATURN:120|MARS-SATURN:90|MERCURY-MARS:60,2,4,not_applicable,SATURN,8,1,anchor_house,MERCURY|MARS|JUPITER|SATURN,swiss_ephemeris,COMPOSITE:OPENING_FOUR_PLANET_NETWORK:2026-09-01,exact_day,SEP_OPENING_STRUCTURE,,20,100,深い関わりの中でも自分の意思を保つ,{event_date}頃は、誰かと責任や資源を深く分かち合う話が進み、自分自身の決断にも大きな影響が及びます。相手に任せる部分、自分で確認する部分、同意を撤回できる条件を言葉にしてください。一体感のために違和感を飲み込まず、自分の意思を確かめながら関わることで、依存ではない強い協力へ育てられます。,aspect_cluster;mercury;mars;jupiter;saturn;opening_network,1
2026_09_OPENING_FOUR_PLANET_NETWORK_S08_N02,2026_09_OPENING_FOUR_PLANET_NETWORK,2026-09,aspect_cluster,2026-09-01T00:00:00+09:00,2026-09-01T07:17:00+09:00,2026-09-03T23:59:59+09:00,0,MERCURY|MARS|JUPITER|SATURN,MERCURY:VIRGO|MARS:CANCER|JUPITER:LEO|SATURN:ARIES,JUPITER-SATURN:120|MARS-SATURN:90|MERCURY-MARS:60,2,4,not_applicable,SATURN,8,2,anchor_house,MERCURY|MARS|JUPITER|SATURN,swiss_ephemeris,COMPOSITE:OPENING_FOUR_PLANET_NETWORK:2026-09-01,exact_day,SEP_OPENING_STRUCTURE,,20,100,共有資金と自分の基盤を分けて守る,{event_date}頃は、共同の支出や支援を活用する選択肢が広がりますが、自分の生活を支える金額まで曖昧にしない視点が必要です。共有口、個人口、緊急時に残す分を分け、補充や返済の順序も確認しましょう。使える総額だけで判断せず、それぞれの基盤を維持できる配分へ整えることで、資金の協力が長続きします。,aspect_cluster;mercury;mars;jupiter;saturn;opening_network,1
2026_09_OPENING_FOUR_PLANET_NETWORK_S08_N03,2026_09_OPENING_FOUR_PLANET_NETWORK,2026-09,aspect_cluster,2026-09-01T00:00:00+09:00,2026-09-01T07:17:00+09:00,2026-09-03T23:59:59+09:00,0,MERCURY|MARS|JUPITER|SATURN,MERCURY:VIRGO|MARS:CANCER|JUPITER:LEO|SATURN:ARIES,JUPITER-SATURN:120|MARS-SATURN:90|MERCURY-MARS:60,2,4,not_applicable,SATURN,8,3,anchor_house,MERCURY|MARS|JUPITER|SATURN,swiss_ephemeris,COMPOSITE:OPENING_FOUR_PLANET_NETWORK:2026-09-01,exact_day,SEP_OPENING_STRUCTURE,,20,100,機密情報を扱う連絡経路を整える,{event_date}頃は、重要な事情を知る機会が増え、誰へ何を伝えるかの判断が対話の質を左右します。共有してよい範囲、記録を置く場所、確認を取る相手を内容ごとに分けてください。急いで理解者を増やそうとせず、必要な人へ必要な情報だけを届ける手順を持つことで、秘密と連携を同時に守れます。,aspect_cluster;mercury;mars;jupiter;saturn;opening_network,1
2026_09_OPENING_FOUR_PLANET_NETWORK_S08_N04,2026_09_OPENING_FOUR_PLANET_NETWORK,2026-09,aspect_cluster,2026-09-01T00:00:00+09:00,2026-09-01T07:17:00+09:00,2026-09-03T23:59:59+09:00,0,MERCURY|MARS|JUPITER|SATURN,MERCURY:VIRGO|MARS:CANCER|JUPITER:LEO|SATURN:ARIES,JUPITER-SATURN:120|MARS-SATURN:90|MERCURY-MARS:60,2,4,not_applicable,SATURN,8,4,anchor_house,MERCURY|MARS|JUPITER|SATURN,swiss_ephemeris,COMPOSITE:OPENING_FOUR_PLANET_NETWORK:2026-09-01,exact_day,SEP_OPENING_STRUCTURE,,20,100,家族の資産と引継ぎを話せる形にする,{event_date}頃は、住まいや家族の持ち物を誰が管理するかなど、後回しにしていた共有課題が前へ出やすくなります。現在の保管場所、希望する扱い、確認が必要な人を整理し、推測だけで決めないようにしましょう。感情と実務を一度に結論づけず、話せる項目から記録することで、家族の安心を将来へ引き継げます。,aspect_cluster;mercury;mars;jupiter;saturn;opening_network,1
2026_09_OPENING_FOUR_PLANET_NETWORK_S08_N05,2026_09_OPENING_FOUR_PLANET_NETWORK,2026-09,aspect_cluster,2026-09-01T00:00:00+09:00,2026-09-01T07:17:00+09:00,2026-09-03T23:59:59+09:00,0,MERCURY|MARS|JUPITER|SATURN,MERCURY:VIRGO|MARS:CANCER|JUPITER:LEO|SATURN:ARIES,JUPITER-SATURN:120|MARS-SATURN:90|MERCURY-MARS:60,2,4,not_applicable,SATURN,8,5,anchor_house,MERCURY|MARS|JUPITER|SATURN,swiss_ephemeris,COMPOSITE:OPENING_FOUR_PLANET_NETWORK:2026-09-01,exact_day,SEP_OPENING_STRUCTURE,,20,100,情熱を注ぐ対象と限度を見極める,{event_date}頃は、作品や大切な相手へ深く関わりたい気持ちが高まり、時間や資金を思い切って注ぎたくなります。どこまで共同にするか、何を自分の裁量に残すか、途中で休む基準を決めてください。強い思いを投入量だけで示さず、楽しさと余力が残る限度を守ることで、情熱を消耗ではなく創造へ向けられます。,aspect_cluster;mercury;mars;jupiter;saturn;opening_network,1
2026_09_OPENING_FOUR_PLANET_NETWORK_S08_N06,2026_09_OPENING_FOUR_PLANET_NETWORK,2026-09,aspect_cluster,2026-09-01T00:00:00+09:00,2026-09-01T07:17:00+09:00,2026-09-03T23:59:59+09:00,0,MERCURY|MARS|JUPITER|SATURN,MERCURY:VIRGO|MARS:CANCER|JUPITER:LEO|SATURN:ARIES,JUPITER-SATURN:120|MARS-SATURN:90|MERCURY-MARS:60,2,4,not_applicable,SATURN,8,6,anchor_house,MERCURY|MARS|JUPITER|SATURN,swiss_ephemeris,COMPOSITE:OPENING_FOUR_PLANET_NETWORK:2026-09-01,exact_day,SEP_OPENING_STRUCTURE,,20,100,返済と共同管理を日課へ落とし込む,{event_date}頃は、支払いや共有物の管理をまとめて立て直す好機ですが、複雑な計画では日々の負担が増えます。確認する曜日、担当者、遅れた時に相談する順序を一つの表へまとめてください。気合いで一度に解消しようとせず、小さく繰り返せる管理へ変えることで、責任を生活の中で着実に果たせます。,aspect_cluster;mercury;mars;jupiter;saturn;opening_network,1
2026_09_OPENING_FOUR_PLANET_NETWORK_S08_N07,2026_09_OPENING_FOUR_PLANET_NETWORK,2026-09,aspect_cluster,2026-09-01T00:00:00+09:00,2026-09-01T07:17:00+09:00,2026-09-03T23:59:59+09:00,0,MERCURY|MARS|JUPITER|SATURN,MERCURY:VIRGO|MARS:CANCER|JUPITER:LEO|SATURN:ARIES,JUPITER-SATURN:120|MARS-SATURN:90|MERCURY-MARS:60,2,4,not_applicable,SATURN,8,7,anchor_house,MERCURY|MARS|JUPITER|SATURN,swiss_ephemeris,COMPOSITE:OPENING_FOUR_PLANET_NETWORK:2026-09-01,exact_day,SEP_OPENING_STRUCTURE,,20,100,二人で負う責任の境界を確認する,{event_date}頃は、重要な相手との結びつきが深まり、互いを支える方法も具体化しやすくなります。その一方で、相手の課題まで代わりに背負わず、共同で決めることと各自が担うことを確認してください。助ける側と助けられる側を固定せず、状況に応じて役割を戻せる境界を持つことで、深い信頼が続きます。,aspect_cluster;mercury;mars;jupiter;saturn;opening_network,1
2026_09_OPENING_FOUR_PLANET_NETWORK_S08_N08,2026_09_OPENING_FOUR_PLANET_NETWORK,2026-09,aspect_cluster,2026-09-01T00:00:00+09:00,2026-09-01T07:17:00+09:00,2026-09-03T23:59:59+09:00,0,MERCURY|MARS|JUPITER|SATURN,MERCURY:VIRGO|MARS:CANCER|JUPITER:LEO|SATURN:ARIES,JUPITER-SATURN:120|MARS-SATURN:90|MERCURY-MARS:60,2,4,not_applicable,SATURN,8,8,anchor_house,MERCURY|MARS|JUPITER|SATURN,swiss_ephemeris,COMPOSITE:OPENING_FOUR_PLANET_NETWORK:2026-09-01,exact_day,SEP_OPENING_STRUCTURE,,20,100,共有する力と手放す責任を整理する,{event_date}頃は、複数の資源をまとめることで大きな課題へ取り組めますが、古い約束まで維持すると動きが重くなります。今も必要な責任、引き継げるもの、合意を得て終えたい関係を分けてください。すべてを守り続けることを忠実さとせず、役目を終えたものを適切に閉じることで、本当に必要な協力へ力を集中できます。,aspect_cluster;mercury;mars;jupiter;saturn;opening_network,1
2026_09_OPENING_FOUR_PLANET_NETWORK_S08_N09,2026_09_OPENING_FOUR_PLANET_NETWORK,2026-09,aspect_cluster,2026-09-01T00:00:00+09:00,2026-09-01T07:17:00+09:00,2026-09-03T23:59:59+09:00,0,MERCURY|MARS|JUPITER|SATURN,MERCURY:VIRGO|MARS:CANCER|JUPITER:LEO|SATURN:ARIES,JUPITER-SATURN:120|MARS-SATURN:90|MERCURY-MARS:60,2,4,not_applicable,SATURN,8,9,anchor_house,MERCURY|MARS|JUPITER|SATURN,swiss_ephemeris,COMPOSITE:OPENING_FOUR_PLANET_NETWORK:2026-09-01,exact_day,SEP_OPENING_STRUCTURE,,20,100,深い調査を共有できる知見へまとめる,{event_date}頃は、表面だけでは分からない事情を掘り下げる力が高まり、専門的な資料や異なる考えにも触れやすくなります。確かめた事実、まだ推測の部分、公開できない情報を分けて記録してください。発見の大きさを急いで示さず、検証手順と出典を残すことで、個人的な洞察を他者も扱える知見へ変えられます。,aspect_cluster;mercury;mars;jupiter;saturn;opening_network,1
2026_09_OPENING_FOUR_PLANET_NETWORK_S08_N10,2026_09_OPENING_FOUR_PLANET_NETWORK,2026-09,aspect_cluster,2026-09-01T00:00:00+09:00,2026-09-01T07:17:00+09:00,2026-09-03T23:59:59+09:00,0,MERCURY|MARS|JUPITER|SATURN,MERCURY:VIRGO|MARS:CANCER|JUPITER:LEO|SATURN:ARIES,JUPITER-SATURN:120|MARS-SATURN:90|MERCURY-MARS:60,2,4,not_applicable,SATURN,8,10,anchor_house,MERCURY|MARS|JUPITER|SATURN,swiss_ephemeris,COMPOSITE:OPENING_FOUR_PLANET_NETWORK:2026-09-01,exact_day,SEP_OPENING_STRUCTURE,,20,100,組織資源を預かる権限と監督を整える,{event_date}頃は、予算や重要情報を任される機会が増え、より大きな判断へ関わる可能性があります。決裁できる上限、報告が必要な場面、別の人が点検する工程を確認してください。信頼されたからこそ一人で完結させず、判断の経緯を追える形にすることで、預かった資源と自分の立場をともに守れます。,aspect_cluster;mercury;mars;jupiter;saturn;opening_network,1
2026_09_OPENING_FOUR_PLANET_NETWORK_S08_N11,2026_09_OPENING_FOUR_PLANET_NETWORK,2026-09,aspect_cluster,2026-09-01T00:00:00+09:00,2026-09-01T07:17:00+09:00,2026-09-03T23:59:59+09:00,0,MERCURY|MARS|JUPITER|SATURN,MERCURY:VIRGO|MARS:CANCER|JUPITER:LEO|SATURN:ARIES,JUPITER-SATURN:120|MARS-SATURN:90|MERCURY-MARS:60,2,4,not_applicable,SATURN,8,11,anchor_house,MERCURY|MARS|JUPITER|SATURN,swiss_ephemeris,COMPOSITE:OPENING_FOUR_PLANET_NETWORK:2026-09-01,exact_day,SEP_OPENING_STRUCTURE,,20,100,仲間の資源を透明な運営へつなげる,{event_date}頃は、仲間が持つ資金や技術を集めることで目標へ近づけますが、貢献の大きさと発言権を混同しやすくなります。提供内容、利用目的、結果の報告方法を全員が見られる場所へ残してください。親しさで説明を省かず、参加の仕方を選べる運営にすることで、共有資源を集団への信頼へつなげられます。,aspect_cluster;mercury;mars;jupiter;saturn;opening_network,1
2026_09_OPENING_FOUR_PLANET_NETWORK_S08_N12,2026_09_OPENING_FOUR_PLANET_NETWORK,2026-09,aspect_cluster,2026-09-01T00:00:00+09:00,2026-09-01T07:17:00+09:00,2026-09-03T23:59:59+09:00,0,MERCURY|MARS|JUPITER|SATURN,MERCURY:VIRGO|MARS:CANCER|JUPITER:LEO|SATURN:ARIES,JUPITER-SATURN:120|MARS-SATURN:90|MERCURY-MARS:60,2,4,not_applicable,SATURN,8,12,anchor_house,MERCURY|MARS|JUPITER|SATURN,swiss_ephemeris,COMPOSITE:OPENING_FOUR_PLANET_NETWORK:2026-09-01,exact_day,SEP_OPENING_STRUCTURE,,20,100,見えない義務を整理して静かにほどく,{event_date}頃は、頼まれていないのに背負ってきた責任や、終え方の分からない約束が心の負担として表れやすくなります。実際に合意したこと、罪悪感から続けていること、相談すれば手放せることを分けてください。黙って耐えることで関係を守ろうとせず、安全に話せる相手や専門窓口も使いながら、見えない義務を現実的に整理できます。,aspect_cluster;mercury;mars;jupiter;saturn;opening_network,1
2026_09_OPENING_FOUR_PLANET_NETWORK_S09_N01,2026_09_OPENING_FOUR_PLANET_NETWORK,2026-09,aspect_cluster,2026-09-01T00:00:00+09:00,2026-09-01T07:17:00+09:00,2026-09-03T23:59:59+09:00,0,MERCURY|MARS|JUPITER|SATURN,MERCURY:VIRGO|MARS:CANCER|JUPITER:LEO|SATURN:ARIES,JUPITER-SATURN:120|MARS-SATURN:90|MERCURY-MARS:60,2,4,not_applicable,SATURN,9,1,anchor_house,MERCURY|MARS|JUPITER|SATURN,swiss_ephemeris,COMPOSITE:OPENING_FOUR_PLANET_NETWORK:2026-09-01,exact_day,SEP_OPENING_STRUCTURE,,20,100,学びの方向を自分の軸から選び直す,{event_date}頃は、新しい知識や遠い世界への関心が広がり、今までと違う自分を試したくなります。周囲から評価される分野だけでなく、時間をかけても確かめたい問いを一つ選んでください。多くを知ることで自分を飾らず、学んだ内容が日々の判断をどう変えるかを見定めることで、借り物ではない信念へ育てられます。,aspect_cluster;mercury;mars;jupiter;saturn;opening_network,1
2026_09_OPENING_FOUR_PLANET_NETWORK_S09_N02,2026_09_OPENING_FOUR_PLANET_NETWORK,2026-09,aspect_cluster,2026-09-01T00:00:00+09:00,2026-09-01T07:17:00+09:00,2026-09-03T23:59:59+09:00,0,MERCURY|MARS|JUPITER|SATURN,MERCURY:VIRGO|MARS:CANCER|JUPITER:LEO|SATURN:ARIES,JUPITER-SATURN:120|MARS-SATURN:90|MERCURY-MARS:60,2,4,not_applicable,SATURN,9,2,anchor_house,MERCURY|MARS|JUPITER|SATURN,swiss_ephemeris,COMPOSITE:OPENING_FOUR_PLANET_NETWORK:2026-09-01,exact_day,SEP_OPENING_STRUCTURE,,20,100,学びと移動に使う予算を現実化する,{event_date}頃は、講座や旅など視野を広げる選択肢が増えますが、参加費以外の時間や継続費も見落とせません。得たい経験、必要な総額、生活のために残す分を比べ、今始めるものを絞りましょう。可能性の大きさだけで支出を決めず、学びを使い切れる配分へ整えることで、投じた資源が長く残る力になります。,aspect_cluster;mercury;mars;jupiter;saturn;opening_network,1
2026_09_OPENING_FOUR_PLANET_NETWORK_S09_N03,2026_09_OPENING_FOUR_PLANET_NETWORK,2026-09,aspect_cluster,2026-09-01T00:00:00+09:00,2026-09-01T07:17:00+09:00,2026-09-03T23:59:59+09:00,0,MERCURY|MARS|JUPITER|SATURN,MERCURY:VIRGO|MARS:CANCER|JUPITER:LEO|SATURN:ARIES,JUPITER-SATURN:120|MARS-SATURN:90|MERCURY-MARS:60,2,4,not_applicable,SATURN,9,3,anchor_house,MERCURY|MARS|JUPITER|SATURN,swiss_ephemeris,COMPOSITE:OPENING_FOUR_PLANET_NETWORK:2026-09-01,exact_day,SEP_OPENING_STRUCTURE,,20,100,集めた知識を伝わる順序へ編集する,{event_date}頃は、調べたいテーマと語りたい内容が増え、情報の豊富さがかえって要点を隠しやすくなります。最初に共有する前提、根拠として示す資料、相手に考えてほしい問いを分けてください。知っていることを一度に並べず、理解の段階に合わせて順序を組むことで、学びを対話や文章として役立てられます。,aspect_cluster;mercury;mars;jupiter;saturn;opening_network,1
2026_09_OPENING_FOUR_PLANET_NETWORK_S09_N04,2026_09_OPENING_FOUR_PLANET_NETWORK,2026-09,aspect_cluster,2026-09-01T00:00:00+09:00,2026-09-01T07:17:00+09:00,2026-09-03T23:59:59+09:00,0,MERCURY|MARS|JUPITER|SATURN,MERCURY:VIRGO|MARS:CANCER|JUPITER:LEO|SATURN:ARIES,JUPITER-SATURN:120|MARS-SATURN:90|MERCURY-MARS:60,2,4,not_applicable,SATURN,9,4,anchor_house,MERCURY|MARS|JUPITER|SATURN,swiss_ephemeris,COMPOSITE:OPENING_FOUR_PLANET_NETWORK:2026-09-01,exact_day,SEP_OPENING_STRUCTURE,,20,100,遠い視点を暮らしの土台へ持ち帰る,{event_date}頃は、異なる文化や考えに触れることで、家族から受け継いだ常識を見直すきっかけが生まれます。すぐに古いやり方を否定せず、残したい安心と更新したい習慣を分けて話しましょう。外で得た知識を生活に合う小さな実践へ直すことで、新しい価値観を身近な人にも無理なく共有できます。,aspect_cluster;mercury;mars;jupiter;saturn;opening_network,1
2026_09_OPENING_FOUR_PLANET_NETWORK_S09_N05,2026_09_OPENING_FOUR_PLANET_NETWORK,2026-09,aspect_cluster,2026-09-01T00:00:00+09:00,2026-09-01T07:17:00+09:00,2026-09-03T23:59:59+09:00,0,MERCURY|MARS|JUPITER|SATURN,MERCURY:VIRGO|MARS:CANCER|JUPITER:LEO|SATURN:ARIES,JUPITER-SATURN:120|MARS-SATURN:90|MERCURY-MARS:60,2,4,not_applicable,SATURN,9,5,anchor_house,MERCURY|MARS|JUPITER|SATURN,swiss_ephemeris,COMPOSITE:OPENING_FOUR_PLANET_NETWORK:2026-09-01,exact_day,SEP_OPENING_STRUCTURE,,20,100,冒険心を完成できる表現へ育てる,{event_date}頃は、未知の題材や大胆な企画に心が動き、作品や遊びの規模を一気に広げたくなります。今回伝える中心、試作に留める部分、完成とみなす条件を決めてください。刺激を追って次の案へ移り続けず、一つの発見を最後まで表現する責任を持つことで、冒険心が人へ届く創造になります。,aspect_cluster;mercury;mars;jupiter;saturn;opening_network,1
2026_09_OPENING_FOUR_PLANET_NETWORK_S09_N06,2026_09_OPENING_FOUR_PLANET_NETWORK,2026-09,aspect_cluster,2026-09-01T00:00:00+09:00,2026-09-01T07:17:00+09:00,2026-09-03T23:59:59+09:00,0,MERCURY|MARS|JUPITER|SATURN,MERCURY:VIRGO|MARS:CANCER|JUPITER:LEO|SATURN:ARIES,JUPITER-SATURN:120|MARS-SATURN:90|MERCURY-MARS:60,2,4,not_applicable,SATURN,9,6,anchor_house,MERCURY|MARS|JUPITER|SATURN,swiss_ephemeris,COMPOSITE:OPENING_FOUR_PLANET_NETWORK:2026-09-01,exact_day,SEP_OPENING_STRUCTURE,,20,100,理想を毎日試せる習慣へ落とし込む,{event_date}頃は、より良い働き方や暮らし方の理念が見えてきますが、大きな目標だけでは日課との隔たりが残ります。毎日試す一つの行動、記録する変化、合わない時の修正方法を決めてください。正解を守るために無理を続けず、体調と現場の反応から学び直すことで、理想を実際に使える習慣へ育てられます。,aspect_cluster;mercury;mars;jupiter;saturn;opening_network,1
2026_09_OPENING_FOUR_PLANET_NETWORK_S09_N07,2026_09_OPENING_FOUR_PLANET_NETWORK,2026-09,aspect_cluster,2026-09-01T00:00:00+09:00,2026-09-01T07:17:00+09:00,2026-09-03T23:59:59+09:00,0,MERCURY|MARS|JUPITER|SATURN,MERCURY:VIRGO|MARS:CANCER|JUPITER:LEO|SATURN:ARIES,JUPITER-SATURN:120|MARS-SATURN:90|MERCURY-MARS:60,2,4,not_applicable,SATURN,9,7,anchor_house,MERCURY|MARS|JUPITER|SATURN,swiss_ephemeris,COMPOSITE:OPENING_FOUR_PLANET_NETWORK:2026-09-01,exact_day,SEP_OPENING_STRUCTURE,,20,100,異なる価値観と協働する条件を決める,{event_date}頃は、考え方の違う相手との出会いや協力が視野を広げますが、共通点を急いで作ると重要な差を見失います。一緒に目指す結果、各自の方法に任せる部分、判断が割れた時の手続きを確認してください。互いを説得し切ることを目標にせず、違いを残して動ける条件を持つことで、学びのある関係が続きます。,aspect_cluster;mercury;mars;jupiter;saturn;opening_network,1
2026_09_OPENING_FOUR_PLANET_NETWORK_S09_N08,2026_09_OPENING_FOUR_PLANET_NETWORK,2026-09,aspect_cluster,2026-09-01T00:00:00+09:00,2026-09-01T07:17:00+09:00,2026-09-03T23:59:59+09:00,0,MERCURY|MARS|JUPITER|SATURN,MERCURY:VIRGO|MARS:CANCER|JUPITER:LEO|SATURN:ARIES,JUPITER-SATURN:120|MARS-SATURN:90|MERCURY-MARS:60,2,4,not_applicable,SATURN,9,8,anchor_house,MERCURY|MARS|JUPITER|SATURN,swiss_ephemeris,COMPOSITE:OPENING_FOUR_PLANET_NETWORK:2026-09-01,exact_day,SEP_OPENING_STRUCTURE,,20,100,深い探究の資料と責任を管理する,{event_date}頃は、専門的な資料や他者から預かった情報を使って、表面の奥にある仕組みを学べます。閲覧できる人、引用できる範囲、返却や削除の時期を確認してください。知識への好奇心を理由に境界を越えず、情報を守る責任まで研究の一部に含めることで、深い洞察を信頼される成果へ結べます。,aspect_cluster;mercury;mars;jupiter;saturn;opening_network,1
2026_09_OPENING_FOUR_PLANET_NETWORK_S09_N09,2026_09_OPENING_FOUR_PLANET_NETWORK,2026-09,aspect_cluster,2026-09-01T00:00:00+09:00,2026-09-01T07:17:00+09:00,2026-09-03T23:59:59+09:00,0,MERCURY|MARS|JUPITER|SATURN,MERCURY:VIRGO|MARS:CANCER|JUPITER:LEO|SATURN:ARIES,JUPITER-SATURN:120|MARS-SATURN:90|MERCURY-MARS:60,2,4,not_applicable,SATURN,9,9,anchor_house,MERCURY|MARS|JUPITER|SATURN,swiss_ephemeris,COMPOSITE:OPENING_FOUR_PLANET_NETWORK:2026-09-01,exact_day,SEP_OPENING_STRUCTURE,,20,100,広がる学びに到達点と期限を置く,{event_date}頃は、一つの問いから次々に関連分野が見つかり、学ぶ範囲をどこまでも広げたくなります。今回答える問い、必要な資料、結論を見直す時期を決めてください。完全に理解してから動こうとせず、現時点の見解と残る疑問を分けて形にすることで、探究を終わりのない準備ではなく次の実践へつなげられます。,aspect_cluster;mercury;mars;jupiter;saturn;opening_network,1
2026_09_OPENING_FOUR_PLANET_NETWORK_S09_N10,2026_09_OPENING_FOUR_PLANET_NETWORK,2026-09,aspect_cluster,2026-09-01T00:00:00+09:00,2026-09-01T07:17:00+09:00,2026-09-03T23:59:59+09:00,0,MERCURY|MARS|JUPITER|SATURN,MERCURY:VIRGO|MARS:CANCER|JUPITER:LEO|SATURN:ARIES,JUPITER-SATURN:120|MARS-SATURN:90|MERCURY-MARS:60,2,4,not_applicable,SATURN,9,10,anchor_house,MERCURY|MARS|JUPITER|SATURN,swiss_ephemeris,COMPOSITE:OPENING_FOUR_PLANET_NETWORK:2026-09-01,exact_day,SEP_OPENING_STRUCTURE,,20,100,専門性を公的な役割へ結び直す,{event_date}頃は、学んできたことを仕事や公の場で示す機会が増え、発言への期待も高まりやすくなります。根拠を持って答えられる範囲、追加確認が必要な点、更新日を明示してください。専門家らしく見せるために断定を急がず、知識の限界まで説明する責任を持つことで、専門性が継続的な信頼へ変わります。,aspect_cluster;mercury;mars;jupiter;saturn;opening_network,1
2026_09_OPENING_FOUR_PLANET_NETWORK_S09_N11,2026_09_OPENING_FOUR_PLANET_NETWORK,2026-09,aspect_cluster,2026-09-01T00:00:00+09:00,2026-09-01T07:17:00+09:00,2026-09-03T23:59:59+09:00,0,MERCURY|MARS|JUPITER|SATURN,MERCURY:VIRGO|MARS:CANCER|JUPITER:LEO|SATURN:ARIES,JUPITER-SATURN:120|MARS-SATURN:90|MERCURY-MARS:60,2,4,not_applicable,SATURN,9,11,anchor_house,MERCURY|MARS|JUPITER|SATURN,swiss_ephemeris,COMPOSITE:OPENING_FOUR_PLANET_NETWORK:2026-09-01,exact_day,SEP_OPENING_STRUCTURE,,20,100,共通理念を続く活動へ具体化する,{event_date}頃は、仲間と大きな目的を共有しやすく、多様な発想も集まりますが、理念だけでは日々の判断が揃いません。今回行う活動、参加者へ説明する基準、成果を振り返る方法を決めてください。立派な言葉への賛同を求めるより、誰もが選べる行動へ翻訳することで、共通理念を続く活動の土台にできます。,aspect_cluster;mercury;mars;jupiter;saturn;opening_network,1
2026_09_OPENING_FOUR_PLANET_NETWORK_S09_N12,2026_09_OPENING_FOUR_PLANET_NETWORK,2026-09,aspect_cluster,2026-09-01T00:00:00+09:00,2026-09-01T07:17:00+09:00,2026-09-03T23:59:59+09:00,0,MERCURY|MARS|JUPITER|SATURN,MERCURY:VIRGO|MARS:CANCER|JUPITER:LEO|SATURN:ARIES,JUPITER-SATURN:120|MARS-SATURN:90|MERCURY-MARS:60,2,4,not_applicable,SATURN,9,12,anchor_house,MERCURY|MARS|JUPITER|SATURN,swiss_ephemeris,COMPOSITE:OPENING_FOUR_PLANET_NETWORK:2026-09-01,exact_day,SEP_OPENING_STRUCTURE,,20,100,答えを急がず内側の理解を深める,{event_date}頃は、人生観を揺らす問いが浮かび、意味を求めて多くの教えや情報へ手を伸ばしたくなります。すぐ結論を選ばず、心に残る言葉、まだ受け入れにくい点、休んで考える時間を分けてください。不安を埋めるために正解を借りず、静かな観察と必要な相談を重ねることで、自分の経験に根ざした理解を育てられます。,aspect_cluster;mercury;mars;jupiter;saturn;opening_network,1
2026_09_OPENING_FOUR_PLANET_NETWORK_S10_N01,2026_09_OPENING_FOUR_PLANET_NETWORK,2026-09,aspect_cluster,2026-09-01T00:00:00+09:00,2026-09-01T07:17:00+09:00,2026-09-03T23:59:59+09:00,0,MERCURY|MARS|JUPITER|SATURN,MERCURY:VIRGO|MARS:CANCER|JUPITER:LEO|SATURN:ARIES,JUPITER-SATURN:120|MARS-SATURN:90|MERCURY-MARS:60,2,4,not_applicable,SATURN,10,1,anchor_house,MERCURY|MARS|JUPITER|SATURN,swiss_ephemeris,COMPOSITE:OPENING_FOUR_PLANET_NETWORK:2026-09-01,exact_day,SEP_OPENING_STRUCTURE,,20,100,引き受ける役割を自分の言葉で定める,{event_date}頃は、責任ある立場や人前に出る機会が重なり、期待に応えようと勢いよく名乗り出たくなります。肩書より先に、自分が担える範囲、判断を引き受ける場面、助けを求める基準を言葉にしてください。見せたい姿と実際の力量を丁寧に結ぶことで、無理のない存在感が継続する信頼へ変わります。,aspect_cluster;mercury;mars;jupiter;saturn;opening_network,1
2026_09_OPENING_FOUR_PLANET_NETWORK_S10_N02,2026_09_OPENING_FOUR_PLANET_NETWORK,2026-09,aspect_cluster,2026-09-01T00:00:00+09:00,2026-09-01T07:17:00+09:00,2026-09-03T23:59:59+09:00,0,MERCURY|MARS|JUPITER|SATURN,MERCURY:VIRGO|MARS:CANCER|JUPITER:LEO|SATURN:ARIES,JUPITER-SATURN:120|MARS-SATURN:90|MERCURY-MARS:60,2,4,not_applicable,SATURN,10,2,anchor_house,MERCURY|MARS|JUPITER|SATURN,swiss_ephemeris,COMPOSITE:OPENING_FOUR_PLANET_NETWORK:2026-09-01,exact_day,SEP_OPENING_STRUCTURE,,20,100,成果と報酬を続けられる条件で結ぶ,{event_date}頃は、仕事の広がりに伴って報酬や必要経費を見直す場面が増えます。評価を得たい気持ちだけで条件を受けず、提供する価値、作業に使う時間、手元へ残したい資源を分けて確認しましょう。金額と責任の釣り合いを先に整えることで、自分を安売りせず長く応えられる仕事の形が見えてきます。,aspect_cluster;mercury;mars;jupiter;saturn;opening_network,1
2026_09_OPENING_FOUR_PLANET_NETWORK_S10_N03,2026_09_OPENING_FOUR_PLANET_NETWORK,2026-09,aspect_cluster,2026-09-01T00:00:00+09:00,2026-09-01T07:17:00+09:00,2026-09-03T23:59:59+09:00,0,MERCURY|MARS|JUPITER|SATURN,MERCURY:VIRGO|MARS:CANCER|JUPITER:LEO|SATURN:ARIES,JUPITER-SATURN:120|MARS-SATURN:90|MERCURY-MARS:60,2,4,not_applicable,SATURN,10,3,anchor_house,MERCURY|MARS|JUPITER|SATURN,swiss_ephemeris,COMPOSITE:OPENING_FOUR_PLANET_NETWORK:2026-09-01,exact_day,SEP_OPENING_STRUCTURE,,20,100,公の発言を根拠と届く順序で整える,{event_date}頃は、説明や提案を任され、自分の言葉が仕事上の判断に影響しやすくなります。勢いだけで結論を押し出さず、確認済みの事実、まだ検討中の点、相手に求める返答を順に示してください。短いやり取りにも記録を残し、伝達の責任範囲を明確にすることで、発信が確かな実績として積み上がります。,aspect_cluster;mercury;mars;jupiter;saturn;opening_network,1
2026_09_OPENING_FOUR_PLANET_NETWORK_S10_N04,2026_09_OPENING_FOUR_PLANET_NETWORK,2026-09,aspect_cluster,2026-09-01T00:00:00+09:00,2026-09-01T07:17:00+09:00,2026-09-03T23:59:59+09:00,0,MERCURY|MARS|JUPITER|SATURN,MERCURY:VIRGO|MARS:CANCER|JUPITER:LEO|SATURN:ARIES,JUPITER-SATURN:120|MARS-SATURN:90|MERCURY-MARS:60,2,4,not_applicable,SATURN,10,4,anchor_house,MERCURY|MARS|JUPITER|SATURN,swiss_ephemeris,COMPOSITE:OPENING_FOUR_PLANET_NETWORK:2026-09-01,exact_day,SEP_OPENING_STRUCTURE,,20,100,仕事の責任と暮らしの支えを両立する,{event_date}頃は、外で求められる役割が大きくなり、家で引き受けている用事との境界が曖昧になりがちです。勤務の山場、家族へ共有する予定、休息を守る時間を一つの表で見直してください。どちらかを黙って犠牲にせず、支えが必要な場面を早めに伝えることで、社会での責任を生活の土台から安定させられます。,aspect_cluster;mercury;mars;jupiter;saturn;opening_network,1
2026_09_OPENING_FOUR_PLANET_NETWORK_S10_N05,2026_09_OPENING_FOUR_PLANET_NETWORK,2026-09,aspect_cluster,2026-09-01T00:00:00+09:00,2026-09-01T07:17:00+09:00,2026-09-03T23:59:59+09:00,0,MERCURY|MARS|JUPITER|SATURN,MERCURY:VIRGO|MARS:CANCER|JUPITER:LEO|SATURN:ARIES,JUPITER-SATURN:120|MARS-SATURN:90|MERCURY-MARS:60,2,4,not_applicable,SATURN,10,5,anchor_house,MERCURY|MARS|JUPITER|SATURN,swiss_ephemeris,COMPOSITE:OPENING_FOUR_PLANET_NETWORK:2026-09-01,exact_day,SEP_OPENING_STRUCTURE,,20,100,創造性を公に届ける完成形へ導く,{event_date}頃は、作品や企画を広い場へ出す機会が見え、注目を集める工夫も次々に浮かびます。ただ目立つ案を足すのではなく、誰へ何を届けるか、公開までに直す点、完成とする期限を決めてください。遊び心を守りながら仕上げの責任を担うことで、個人的な表現を人に届く仕事へ育てられます。,aspect_cluster;mercury;mars;jupiter;saturn;opening_network,1
2026_09_OPENING_FOUR_PLANET_NETWORK_S10_N06,2026_09_OPENING_FOUR_PLANET_NETWORK,2026-09,aspect_cluster,2026-09-01T00:00:00+09:00,2026-09-01T07:17:00+09:00,2026-09-03T23:59:59+09:00,0,MERCURY|MARS|JUPITER|SATURN,MERCURY:VIRGO|MARS:CANCER|JUPITER:LEO|SATURN:ARIES,JUPITER-SATURN:120|MARS-SATURN:90|MERCURY-MARS:60,2,4,not_applicable,SATURN,10,6,anchor_house,MERCURY|MARS|JUPITER|SATURN,swiss_ephemeris,COMPOSITE:OPENING_FOUR_PLANET_NETWORK:2026-09-01,exact_day,SEP_OPENING_STRUCTURE,,20,100,目標を日々回せる実務の手順へ直す,{event_date}頃は、職務上の目標が大きくなり、通常業務へ新しい課題を加えたくなります。結果だけを掲げず、毎日確認する項目、担当を渡す条件、遅れた時に削る作業を先に決めましょう。現場の負担や集中力の波を記録しながら手順を直すことで、評価される成果を一時的な無理に頼らず支えられます。,aspect_cluster;mercury;mars;jupiter;saturn;opening_network,1
2026_09_OPENING_FOUR_PLANET_NETWORK_S10_N07,2026_09_OPENING_FOUR_PLANET_NETWORK,2026-09,aspect_cluster,2026-09-01T00:00:00+09:00,2026-09-01T07:17:00+09:00,2026-09-03T23:59:59+09:00,0,MERCURY|MARS|JUPITER|SATURN,MERCURY:VIRGO|MARS:CANCER|JUPITER:LEO|SATURN:ARIES,JUPITER-SATURN:120|MARS-SATURN:90|MERCURY-MARS:60,2,4,not_applicable,SATURN,10,7,anchor_house,MERCURY|MARS|JUPITER|SATURN,swiss_ephemeris,COMPOSITE:OPENING_FOUR_PLANET_NETWORK:2026-09-01,exact_day,SEP_OPENING_STRUCTURE,,20,100,対外的な約束を対等な責任で結ぶ,{event_date}頃は、共同名義の仕事や対外的な契約が動きやすく、相手の勢いに合わせて話を早くまとめたくなります。代表者、承認が必要な変更、問題が起きた時の連絡順を文面で確認してください。好意だけで曖昧な役割を背負わず、互いの責任と決定権を対等に置くことで、長く信頼される協働になります。,aspect_cluster;mercury;mars;jupiter;saturn;opening_network,1
2026_09_OPENING_FOUR_PLANET_NETWORK_S10_N08,2026_09_OPENING_FOUR_PLANET_NETWORK,2026-09,aspect_cluster,2026-09-01T00:00:00+09:00,2026-09-01T07:17:00+09:00,2026-09-03T23:59:59+09:00,0,MERCURY|MARS|JUPITER|SATURN,MERCURY:VIRGO|MARS:CANCER|JUPITER:LEO|SATURN:ARIES,JUPITER-SATURN:120|MARS-SATURN:90|MERCURY-MARS:60,2,4,not_applicable,SATURN,10,8,anchor_house,MERCURY|MARS|JUPITER|SATURN,swiss_ephemeris,COMPOSITE:OPENING_FOUR_PLANET_NETWORK:2026-09-01,exact_day,SEP_OPENING_STRUCTURE,,20,100,共有資源を扱う権限と責任を明確にする,{event_date}頃は、組織の予算や機密性の高い情報など、他者から預かる資源への責任が増えそうです。使える範囲、承認を得る相手、記録を残す場所を先に確認し、個人判断で抱え込まないでください。信頼を期待の大きさで測らず、権限と報告の手続きを揃えることで、重要な役目を落ち着いて果たせます。,aspect_cluster;mercury;mars;jupiter;saturn;opening_network,1
2026_09_OPENING_FOUR_PLANET_NETWORK_S10_N09,2026_09_OPENING_FOUR_PLANET_NETWORK,2026-09,aspect_cluster,2026-09-01T00:00:00+09:00,2026-09-01T07:17:00+09:00,2026-09-03T23:59:59+09:00,0,MERCURY|MARS|JUPITER|SATURN,MERCURY:VIRGO|MARS:CANCER|JUPITER:LEO|SATURN:ARIES,JUPITER-SATURN:120|MARS-SATURN:90|MERCURY-MARS:60,2,4,not_applicable,SATURN,10,9,anchor_house,MERCURY|MARS|JUPITER|SATURN,swiss_ephemeris,COMPOSITE:OPENING_FOUR_PLANET_NETWORK:2026-09-01,exact_day,SEP_OPENING_STRUCTURE,,20,100,専門知を社会で使える基準へ翻訳する,{event_date}頃は、学んできたことを公の仕事へ生かす道が広がり、専門家として意見を求められやすくなります。知識を示すだけでなく、適用できる条件、判断できない範囲、追加調査が必要な点を説明してください。理想を現場の基準へ翻訳し、根拠と限界をともに示すことで、専門性が実用的な信用になります。,aspect_cluster;mercury;mars;jupiter;saturn;opening_network,1
2026_09_OPENING_FOUR_PLANET_NETWORK_S10_N10,2026_09_OPENING_FOUR_PLANET_NETWORK,2026-09,aspect_cluster,2026-09-01T00:00:00+09:00,2026-09-01T07:17:00+09:00,2026-09-03T23:59:59+09:00,0,MERCURY|MARS|JUPITER|SATURN,MERCURY:VIRGO|MARS:CANCER|JUPITER:LEO|SATURN:ARIES,JUPITER-SATURN:120|MARS-SATURN:90|MERCURY-MARS:60,2,4,not_applicable,SATURN,10,10,anchor_house,MERCURY|MARS|JUPITER|SATURN,swiss_ephemeris,COMPOSITE:OPENING_FOUR_PLANET_NETWORK:2026-09-01,exact_day,SEP_OPENING_STRUCTURE,,20,100,評価される目標に自分の基準を置く,{event_date}頃は、昇進や大きな目標への意識が強まり、周囲の期待を一度に満たそうとしやすくなります。今期に示す成果、引き受けない領域、途中で見直す指標を自分で定めてください。目立つ到達点だけを追わず、判断の一貫性と後から説明できる過程を残すことで、立場にふさわしい責任の形が整います。,aspect_cluster;mercury;mars;jupiter;saturn;opening_network,1
2026_09_OPENING_FOUR_PLANET_NETWORK_S10_N11,2026_09_OPENING_FOUR_PLANET_NETWORK,2026-09,aspect_cluster,2026-09-01T00:00:00+09:00,2026-09-01T07:17:00+09:00,2026-09-03T23:59:59+09:00,0,MERCURY|MARS|JUPITER|SATURN,MERCURY:VIRGO|MARS:CANCER|JUPITER:LEO|SATURN:ARIES,JUPITER-SATURN:120|MARS-SATURN:90|MERCURY-MARS:60,2,4,not_applicable,SATURN,10,11,anchor_house,MERCURY|MARS|JUPITER|SATURN,swiss_ephemeris,COMPOSITE:OPENING_FOUR_PLANET_NETWORK:2026-09-01,exact_day,SEP_OPENING_STRUCTURE,,20,100,組織への貢献を役割と期限で見える化する,{event_date}頃は、仲間や組織から将来につながる役目を頼まれ、活動の中心へ押し出されることがあります。目的への共感だけで受けず、自分の担当、任期、次の人へ渡す資料を決めてください。人脈を広げることより、集団の中で果たす仕事を明確にすることで、協力が社会的な実績として残ります。,aspect_cluster;mercury;mars;jupiter;saturn;opening_network,1
2026_09_OPENING_FOUR_PLANET_NETWORK_S10_N12,2026_09_OPENING_FOUR_PLANET_NETWORK,2026-09,aspect_cluster,2026-09-01T00:00:00+09:00,2026-09-01T07:17:00+09:00,2026-09-03T23:59:59+09:00,0,MERCURY|MARS|JUPITER|SATURN,MERCURY:VIRGO|MARS:CANCER|JUPITER:LEO|SATURN:ARIES,JUPITER-SATURN:120|MARS-SATURN:90|MERCURY-MARS:60,2,4,not_applicable,SATURN,10,12,anchor_house,MERCURY|MARS|JUPITER|SATURN,swiss_ephemeris,COMPOSITE:OPENING_FOUR_PLANET_NETWORK:2026-09-01,exact_day,SEP_OPENING_STRUCTURE,,20,100,表に出る前の準備と休息を計画に含める,{event_date}頃は、公の役割が動き始める一方で、まだ見せられない調整や心身を整える時間も必要になります。表向きの締切だけで予定を埋めず、確認を待つ時間、一人で仕上げる工程、休む日を計画へ入れてください。見えない準備を怠慢とみなさず、静かな作業を責任の一部にすることで、無理なく表舞台へ進めます。,aspect_cluster;mercury;mars;jupiter;saturn;opening_network,1
2026_09_OPENING_FOUR_PLANET_NETWORK_S11_N01,2026_09_OPENING_FOUR_PLANET_NETWORK,2026-09,aspect_cluster,2026-09-01T00:00:00+09:00,2026-09-01T07:17:00+09:00,2026-09-03T23:59:59+09:00,0,MERCURY|MARS|JUPITER|SATURN,MERCURY:VIRGO|MARS:CANCER|JUPITER:LEO|SATURN:ARIES,JUPITER-SATURN:120|MARS-SATURN:90|MERCURY-MARS:60,2,4,not_applicable,SATURN,11,1,anchor_house,MERCURY|MARS|JUPITER|SATURN,swiss_ephemeris,COMPOSITE:OPENING_FOUR_PLANET_NETWORK:2026-09-01,exact_day,SEP_OPENING_STRUCTURE,,20,100,仲間の期待と自分の役割を切り分ける,{event_date}頃は、新しい集まりへ誘われたり、仲間の中で先頭に立つことを求められたりしそうです。場の熱気に合わせて何でも引き受けず、自分が担いたい役割、断る仕事、発言する時の基準を決めてください。個性を消して所属するのではなく、立場を明確にして参加することで、対等な一員として信頼を育てられます。,aspect_cluster;mercury;mars;jupiter;saturn;opening_network,1
2026_09_OPENING_FOUR_PLANET_NETWORK_S11_N02,2026_09_OPENING_FOUR_PLANET_NETWORK,2026-09,aspect_cluster,2026-09-01T00:00:00+09:00,2026-09-01T07:17:00+09:00,2026-09-03T23:59:59+09:00,0,MERCURY|MARS|JUPITER|SATURN,MERCURY:VIRGO|MARS:CANCER|JUPITER:LEO|SATURN:ARIES,JUPITER-SATURN:120|MARS-SATURN:90|MERCURY-MARS:60,2,4,not_applicable,SATURN,11,2,anchor_house,MERCURY|MARS|JUPITER|SATURN,swiss_ephemeris,COMPOSITE:OPENING_FOUR_PLANET_NETWORK:2026-09-01,exact_day,SEP_OPENING_STRUCTURE,,20,100,共同計画へ使う資源の上限を定める,{event_date}頃は、仲間と進めたい企画が広がり、会費や道具など自分の資源を提供する機会が増えます。賛同の強さだけで負担を決めず、使える金額、提供できる時間、見返りを求めない範囲を確認しましょう。価値ある活動だからこそ持ち出しの限度を示すことで、無理なく続けられる支援の形が整います。,aspect_cluster;mercury;mars;jupiter;saturn;opening_network,1
2026_09_OPENING_FOUR_PLANET_NETWORK_S11_N03,2026_09_OPENING_FOUR_PLANET_NETWORK,2026-09,aspect_cluster,2026-09-01T00:00:00+09:00,2026-09-01T07:17:00+09:00,2026-09-03T23:59:59+09:00,0,MERCURY|MARS|JUPITER|SATURN,MERCURY:VIRGO|MARS:CANCER|JUPITER:LEO|SATURN:ARIES,JUPITER-SATURN:120|MARS-SATURN:90|MERCURY-MARS:60,2,4,not_applicable,SATURN,11,3,anchor_house,MERCURY|MARS|JUPITER|SATURN,swiss_ephemeris,COMPOSITE:OPENING_FOUR_PLANET_NETWORK:2026-09-01,exact_day,SEP_OPENING_STRUCTURE,,20,100,集団の議論を決定できる言葉へ整える,{event_date}頃は、複数の意見や情報が集まり、話し合いが活発になる一方で結論が散らかりやすくなります。提案、反対理由、保留事項を分け、誰がいつ決めるかを議事として残してください。全員の発言を均等に並べるだけでなく、次の行動へつながる順序を作ることで、対話を共同体の力へ変えられます。,aspect_cluster;mercury;mars;jupiter;saturn;opening_network,1
2026_09_OPENING_FOUR_PLANET_NETWORK_S11_N04,2026_09_OPENING_FOUR_PLANET_NETWORK,2026-09,aspect_cluster,2026-09-01T00:00:00+09:00,2026-09-01T07:17:00+09:00,2026-09-03T23:59:59+09:00,0,MERCURY|MARS|JUPITER|SATURN,MERCURY:VIRGO|MARS:CANCER|JUPITER:LEO|SATURN:ARIES,JUPITER-SATURN:120|MARS-SATURN:90|MERCURY-MARS:60,2,4,not_applicable,SATURN,11,4,anchor_house,MERCURY|MARS|JUPITER|SATURN,swiss_ephemeris,COMPOSITE:OPENING_FOUR_PLANET_NETWORK:2026-09-01,exact_day,SEP_OPENING_STRUCTURE,,20,100,安心して集まれる場の約束を作る,{event_date}頃は、仲間を自宅へ迎えたり、身近な場所を活動拠点にしたりする案が浮かびます。親しさに任せず、使える時間、片づけの担当、家族や同居人が守りたい静けさを共有してください。居場所を提供する人だけに負担を集めず、皆で維持する決まりを作ることで、帰ってこられる場を長く守れます。,aspect_cluster;mercury;mars;jupiter;saturn;opening_network,1
2026_09_OPENING_FOUR_PLANET_NETWORK_S11_N05,2026_09_OPENING_FOUR_PLANET_NETWORK,2026-09,aspect_cluster,2026-09-01T00:00:00+09:00,2026-09-01T07:17:00+09:00,2026-09-03T23:59:59+09:00,0,MERCURY|MARS|JUPITER|SATURN,MERCURY:VIRGO|MARS:CANCER|JUPITER:LEO|SATURN:ARIES,JUPITER-SATURN:120|MARS-SATURN:90|MERCURY-MARS:60,2,4,not_applicable,SATURN,11,5,anchor_house,MERCURY|MARS|JUPITER|SATURN,swiss_ephemeris,COMPOSITE:OPENING_FOUR_PLANET_NETWORK:2026-09-01,exact_day,SEP_OPENING_STRUCTURE,,20,100,創造の主導権と仲間の貢献を両立する,{event_date}頃は、自分の企画に協力者が集まり、想像以上の展開へ育つ可能性があります。中心となる表現、仲間へ任せる部分、名前や成果の扱いを制作前に確認してください。全てを自分の作品として囲い込まず、かといって意図を手放しすぎず、貢献が見える形を作ることで共同制作を完成へ導けます。,aspect_cluster;mercury;mars;jupiter;saturn;opening_network,1
2026_09_OPENING_FOUR_PLANET_NETWORK_S11_N06,2026_09_OPENING_FOUR_PLANET_NETWORK,2026-09,aspect_cluster,2026-09-01T00:00:00+09:00,2026-09-01T07:17:00+09:00,2026-09-03T23:59:59+09:00,0,MERCURY|MARS|JUPITER|SATURN,MERCURY:VIRGO|MARS:CANCER|JUPITER:LEO|SATURN:ARIES,JUPITER-SATURN:120|MARS-SATURN:90|MERCURY-MARS:60,2,4,not_applicable,SATURN,11,6,anchor_house,MERCURY|MARS|JUPITER|SATURN,swiss_ephemeris,COMPOSITE:OPENING_FOUR_PLANET_NETWORK:2026-09-01,exact_day,SEP_OPENING_STRUCTURE,,20,100,未来の活動を無理のない当番表へ落とす,{event_date}頃は、共同活動の予定や連絡が増え、普段の仕事や体調管理にしわ寄せが出やすくなります。参加する曜日、担当を交代する条件、休む時の連絡方法を先に決めてください。善意で穴を埋め続けず、日々の負担が見える運営へ整えることで、目標を一過性の熱意にせず継続できます。,aspect_cluster;mercury;mars;jupiter;saturn;opening_network,1
2026_09_OPENING_FOUR_PLANET_NETWORK_S11_N07,2026_09_OPENING_FOUR_PLANET_NETWORK,2026-09,aspect_cluster,2026-09-01T00:00:00+09:00,2026-09-01T07:17:00+09:00,2026-09-03T23:59:59+09:00,0,MERCURY|MARS|JUPITER|SATURN,MERCURY:VIRGO|MARS:CANCER|JUPITER:LEO|SATURN:ARIES,JUPITER-SATURN:120|MARS-SATURN:90|MERCURY-MARS:60,2,4,not_applicable,SATURN,11,7,anchor_house,MERCURY|MARS|JUPITER|SATURN,swiss_ephemeris,COMPOSITE:OPENING_FOUR_PLANET_NETWORK:2026-09-01,exact_day,SEP_OPENING_STRUCTURE,,20,100,二人の協力を広い仲間へ開く条件を決める,{event_date}頃は、信頼する相手との計画を、より大きなチームや社会へ広げる話が進みそうです。二人だけで通じる前提を残さず、外部へ説明する目的、参加者の権限、意見が割れた時の決め方を確認してください。関係の親密さを運営の根拠にせず、誰にも分かる条件へ直すことで協力の輪が安定します。,aspect_cluster;mercury;mars;jupiter;saturn;opening_network,1
2026_09_OPENING_FOUR_PLANET_NETWORK_S11_N08,2026_09_OPENING_FOUR_PLANET_NETWORK,2026-09,aspect_cluster,2026-09-01T00:00:00+09:00,2026-09-01T07:17:00+09:00,2026-09-03T23:59:59+09:00,0,MERCURY|MARS|JUPITER|SATURN,MERCURY:VIRGO|MARS:CANCER|JUPITER:LEO|SATURN:ARIES,JUPITER-SATURN:120|MARS-SATURN:90|MERCURY-MARS:60,2,4,not_applicable,SATURN,11,8,anchor_house,MERCURY|MARS|JUPITER|SATURN,swiss_ephemeris,COMPOSITE:OPENING_FOUR_PLANET_NETWORK:2026-09-01,exact_day,SEP_OPENING_STRUCTURE,,20,100,共同資金と情報を守る管理役を定める,{event_date}頃は、会費や寄付、限定情報など、集団で共有する大切な資源を扱う機会が増えます。集める目的、閲覧できる人、残高や記録を確認する担当を明文化してください。信頼しているからと確認を省かず、複数人で点検できる仕組みを持つことで、疑念を生まずに共同の力を必要な所へ届けられます。,aspect_cluster;mercury;mars;jupiter;saturn;opening_network,1
2026_09_OPENING_FOUR_PLANET_NETWORK_S11_N09,2026_09_OPENING_FOUR_PLANET_NETWORK,2026-09,aspect_cluster,2026-09-01T00:00:00+09:00,2026-09-01T07:17:00+09:00,2026-09-03T23:59:59+09:00,0,MERCURY|MARS|JUPITER|SATURN,MERCURY:VIRGO|MARS:CANCER|JUPITER:LEO|SATURN:ARIES,JUPITER-SATURN:120|MARS-SATURN:90|MERCURY-MARS:60,2,4,not_applicable,SATURN,11,9,anchor_house,MERCURY|MARS|JUPITER|SATURN,swiss_ephemeris,COMPOSITE:OPENING_FOUR_PLANET_NETWORK:2026-09-01,exact_day,SEP_OPENING_STRUCTURE,,20,100,共通理念を異なる立場の行動へ翻訳する,{event_date}頃は、同じ理想を掲げる人との縁が広がりますが、背景や考え方まで一致するとは限りません。共有する目的、各地域や立場に任せる方法、越えてはいけない境界を話し合ってください。正しさを一つに揃えず、理念をそれぞれが実践できる形へ翻訳することで、多様な仲間と長い活動を築けます。,aspect_cluster;mercury;mars;jupiter;saturn;opening_network,1
2026_09_OPENING_FOUR_PLANET_NETWORK_S11_N10,2026_09_OPENING_FOUR_PLANET_NETWORK,2026-09,aspect_cluster,2026-09-01T00:00:00+09:00,2026-09-01T07:17:00+09:00,2026-09-03T23:59:59+09:00,0,MERCURY|MARS|JUPITER|SATURN,MERCURY:VIRGO|MARS:CANCER|JUPITER:LEO|SATURN:ARIES,JUPITER-SATURN:120|MARS-SATURN:90|MERCURY-MARS:60,2,4,not_applicable,SATURN,11,10,anchor_house,MERCURY|MARS|JUPITER|SATURN,swiss_ephemeris,COMPOSITE:OPENING_FOUR_PLANET_NETWORK:2026-09-01,exact_day,SEP_OPENING_STRUCTURE,,20,100,組織での責任を将来の成果へつなげる,{event_date}頃は、組織や業界の先を見据えた役目を任され、公的な評価にも関わる活動が始まりそうです。今期の成果、仲間へ委ねる判断、役目を終える条件を明確にしてください。立場を守るために仕事を抱え込まず、次の担い手が育つ流れまで設計することで、責任を未来へ残る実績に変えられます。,aspect_cluster;mercury;mars;jupiter;saturn;opening_network,1
2026_09_OPENING_FOUR_PLANET_NETWORK_S11_N11,2026_09_OPENING_FOUR_PLANET_NETWORK,2026-09,aspect_cluster,2026-09-01T00:00:00+09:00,2026-09-01T07:17:00+09:00,2026-09-03T23:59:59+09:00,0,MERCURY|MARS|JUPITER|SATURN,MERCURY:VIRGO|MARS:CANCER|JUPITER:LEO|SATURN:ARIES,JUPITER-SATURN:120|MARS-SATURN:90|MERCURY-MARS:60,2,4,not_applicable,SATURN,11,11,anchor_house,MERCURY|MARS|JUPITER|SATURN,swiss_ephemeris,COMPOSITE:OPENING_FOUR_PLANET_NETWORK:2026-09-01,exact_day,SEP_OPENING_STRUCTURE,,20,100,広がる人脈を目的のある共同体へ育てる,{event_date}頃は、紹介や交流が増え、多くの人と新しい可能性を話せる時です。ただ人数を増やすことを目標にせず、集まる目的、参加を続ける条件、成果を振り返る時期を決めてください。つながりの多さより、互いに役割を持って行動できる関係を選ぶことで、人脈が支え合える共同体へ育ちます。,aspect_cluster;mercury;mars;jupiter;saturn;opening_network,1
2026_09_OPENING_FOUR_PLANET_NETWORK_S11_N12,2026_09_OPENING_FOUR_PLANET_NETWORK,2026-09,aspect_cluster,2026-09-01T00:00:00+09:00,2026-09-01T07:17:00+09:00,2026-09-03T23:59:59+09:00,0,MERCURY|MARS|JUPITER|SATURN,MERCURY:VIRGO|MARS:CANCER|JUPITER:LEO|SATURN:ARIES,JUPITER-SATURN:120|MARS-SATURN:90|MERCURY-MARS:60,2,4,not_applicable,SATURN,11,12,anchor_house,MERCURY|MARS|JUPITER|SATURN,swiss_ephemeris,COMPOSITE:OPENING_FOUR_PLANET_NETWORK:2026-09-01,exact_day,SEP_OPENING_STRUCTURE,,20,100,見えない支援を休息と交代で持続させる,{event_date}頃は、仲間の相談に乗ったり、表に出ない準備を引き受けたりする機会が増えそうです。気づいた人が全て背負う形にせず、相談を受ける時間、秘密を守る範囲、交代できる相手を決めてください。役に立つために自分を消耗させず、休むことも支援の質を守る責任と考えることで、静かな貢献を長く続けられます。,aspect_cluster;mercury;mars;jupiter;saturn;opening_network,1
2026_09_OPENING_FOUR_PLANET_NETWORK_S12_N01,2026_09_OPENING_FOUR_PLANET_NETWORK,2026-09,aspect_cluster,2026-09-01T00:00:00+09:00,2026-09-01T07:17:00+09:00,2026-09-03T23:59:59+09:00,0,MERCURY|MARS|JUPITER|SATURN,MERCURY:VIRGO|MARS:CANCER|JUPITER:LEO|SATURN:ARIES,JUPITER-SATURN:120|MARS-SATURN:90|MERCURY-MARS:60,2,4,not_applicable,SATURN,12,1,anchor_house,MERCURY|MARS|JUPITER|SATURN,swiss_ephemeris,COMPOSITE:OPENING_FOUR_PLANET_NETWORK:2026-09-01,exact_day,SEP_OPENING_STRUCTURE,,20,100,静かな時間に自分の輪郭を取り戻す,{event_date}頃は、人前で動くより一人で整えたい気持ちが強まり、普段の勢いが出にくく感じられます。無理に明るく振る舞わず、今背負っている役割、休む間に任せること、再開する合図を決めてください。立ち止まる自分を弱さとみなさず、内側の反応を確かめることで、次に表へ出る時の軸が明確になります。,aspect_cluster;mercury;mars;jupiter;saturn;opening_network,1
2026_09_OPENING_FOUR_PLANET_NETWORK_S12_N02,2026_09_OPENING_FOUR_PLANET_NETWORK,2026-09,aspect_cluster,2026-09-01T00:00:00+09:00,2026-09-01T07:17:00+09:00,2026-09-03T23:59:59+09:00,0,MERCURY|MARS|JUPITER|SATURN,MERCURY:VIRGO|MARS:CANCER|JUPITER:LEO|SATURN:ARIES,JUPITER-SATURN:120|MARS-SATURN:90|MERCURY-MARS:60,2,4,not_applicable,SATURN,12,2,anchor_house,MERCURY|MARS|JUPITER|SATURN,swiss_ephemeris,COMPOSITE:OPENING_FOUR_PLANET_NETWORK:2026-09-01,exact_day,SEP_OPENING_STRUCTURE,,20,100,見えない支出を洗い出し安心を守る,{event_date}頃は、疲れを埋める買い物や、気づかないまま続く費用が増えやすくなります。金額だけでなく、解約を迷う理由、安心のために残すもの、今後使わない契約を分けて確認しましょう。自分を責めながら切り詰めず、心を休ませる費用と流出している資源を見分けることで、静かな安心を取り戻せます。,aspect_cluster;mercury;mars;jupiter;saturn;opening_network,1
2026_09_OPENING_FOUR_PLANET_NETWORK_S12_N03,2026_09_OPENING_FOUR_PLANET_NETWORK,2026-09,aspect_cluster,2026-09-01T00:00:00+09:00,2026-09-01T07:17:00+09:00,2026-09-03T23:59:59+09:00,0,MERCURY|MARS|JUPITER|SATURN,MERCURY:VIRGO|MARS:CANCER|JUPITER:LEO|SATURN:ARIES,JUPITER-SATURN:120|MARS-SATURN:90|MERCURY-MARS:60,2,4,not_applicable,SATURN,12,3,anchor_house,MERCURY|MARS|JUPITER|SATURN,swiss_ephemeris,COMPOSITE:OPENING_FOUR_PLANET_NETWORK:2026-09-01,exact_day,SEP_OPENING_STRUCTURE,,20,100,頭の中の声を記録して休ませる,{event_date}頃は、言えなかったことや未返信の連絡が頭を巡り、休んでいても思考が止まりにくくなります。すぐ送る内容、下書きに置く内容、誰かに相談する問いを分けて書き出してください。全てへ答えを出してから眠ろうとせず、考えを外に預ける手順を持つことで、必要な言葉だけを落ち着いて選べます。,aspect_cluster;mercury;mars;jupiter;saturn;opening_network,1
2026_09_OPENING_FOUR_PLANET_NETWORK_S12_N04,2026_09_OPENING_FOUR_PLANET_NETWORK,2026-09,aspect_cluster,2026-09-01T00:00:00+09:00,2026-09-01T07:17:00+09:00,2026-09-03T23:59:59+09:00,0,MERCURY|MARS|JUPITER|SATURN,MERCURY:VIRGO|MARS:CANCER|JUPITER:LEO|SATURN:ARIES,JUPITER-SATURN:120|MARS-SATURN:90|MERCURY-MARS:60,2,4,not_applicable,SATURN,12,4,anchor_house,MERCURY|MARS|JUPITER|SATURN,swiss_ephemeris,COMPOSITE:OPENING_FOUR_PLANET_NETWORK:2026-09-01,exact_day,SEP_OPENING_STRUCTURE,,20,100,家の中に回復できる余白を作る,{event_date}頃は、外で見せない疲れや感情が家に戻ってから表れ、身近な人の空気にも敏感になりそうです。話を聞ける時間、一人になりたい合図、片づけを後回しにする範囲を共有してください。家庭を完璧に保つことで安心を作ろうとせず、何もしない時間を守ることで、暮らしを本来の休息場所へ戻せます。,aspect_cluster;mercury;mars;jupiter;saturn;opening_network,1
2026_09_OPENING_FOUR_PLANET_NETWORK_S12_N05,2026_09_OPENING_FOUR_PLANET_NETWORK,2026-09,aspect_cluster,2026-09-01T00:00:00+09:00,2026-09-01T07:17:00+09:00,2026-09-03T23:59:59+09:00,0,MERCURY|MARS|JUPITER|SATURN,MERCURY:VIRGO|MARS:CANCER|JUPITER:LEO|SATURN:ARIES,JUPITER-SATURN:120|MARS-SATURN:90|MERCURY-MARS:60,2,4,not_applicable,SATURN,12,5,anchor_house,MERCURY|MARS|JUPITER|SATURN,swiss_ephemeris,COMPOSITE:OPENING_FOUR_PLANET_NETWORK:2026-09-01,exact_day,SEP_OPENING_STRUCTURE,,20,100,未公開の創作を育てる期限を置く,{event_date}頃は、まだ人に見せたくない表現や、形になる前の着想へ静かに集中したくなります。完成を急がず、試す期間、他者の意見を入れる段階、いったん終える条件を決めてください。反応がないことを価値のなさと結びつけず、非公開の時間に技術と遊びを深めることで、作品が自然に外へ出る準備が整います。,aspect_cluster;mercury;mars;jupiter;saturn;opening_network,1
2026_09_OPENING_FOUR_PLANET_NETWORK_S12_N06,2026_09_OPENING_FOUR_PLANET_NETWORK,2026-09,aspect_cluster,2026-09-01T00:00:00+09:00,2026-09-01T07:17:00+09:00,2026-09-03T23:59:59+09:00,0,MERCURY|MARS|JUPITER|SATURN,MERCURY:VIRGO|MARS:CANCER|JUPITER:LEO|SATURN:ARIES,JUPITER-SATURN:120|MARS-SATURN:90|MERCURY-MARS:60,2,4,not_applicable,SATURN,12,6,anchor_house,MERCURY|MARS|JUPITER|SATURN,swiss_ephemeris,COMPOSITE:OPENING_FOUR_PLANET_NETWORK:2026-09-01,exact_day,SEP_OPENING_STRUCTURE,,20,100,見えない疲労を日課の調整へつなげる,{event_date}頃は、細かな不調や集中力の低下として、積み重なった負担に気づきやすくなります。気合で通常どおりに戻さず、減らす作業、休憩を入れる時刻、専門家へ相談する目安を決めてください。原因を一度で断定せず、日々の記録から負担の波を捉えることで、働き方を穏やかに修正できます。,aspect_cluster;mercury;mars;jupiter;saturn;opening_network,1
2026_09_OPENING_FOUR_PLANET_NETWORK_S12_N07,2026_09_OPENING_FOUR_PLANET_NETWORK,2026-09,aspect_cluster,2026-09-01T00:00:00+09:00,2026-09-01T07:17:00+09:00,2026-09-03T23:59:59+09:00,0,MERCURY|MARS|JUPITER|SATURN,MERCURY:VIRGO|MARS:CANCER|JUPITER:LEO|SATURN:ARIES,JUPITER-SATURN:120|MARS-SATURN:90|MERCURY-MARS:60,2,4,not_applicable,SATURN,12,7,anchor_house,MERCURY|MARS|JUPITER|SATURN,swiss_ephemeris,COMPOSITE:OPENING_FOUR_PLANET_NETWORK:2026-09-01,exact_day,SEP_OPENING_STRUCTURE,,20,100,言葉にならない距離を関係の境界にする,{event_date}頃は、相手に合わせてきた疲れや、説明しにくい違和感が静かな距離として表れそうです。すぐ結論を出さず、一人で考える期間、連絡を控える範囲、話し合いを始める条件を伝えてください。沈黙で相手を試さず、離れる時間にも約束を置くことで、互いを傷つけず関係を見直せます。,aspect_cluster;mercury;mars;jupiter;saturn;opening_network,1
2026_09_OPENING_FOUR_PLANET_NETWORK_S12_N08,2026_09_OPENING_FOUR_PLANET_NETWORK,2026-09,aspect_cluster,2026-09-01T00:00:00+09:00,2026-09-01T07:17:00+09:00,2026-09-03T23:59:59+09:00,0,MERCURY|MARS|JUPITER|SATURN,MERCURY:VIRGO|MARS:CANCER|JUPITER:LEO|SATURN:ARIES,JUPITER-SATURN:120|MARS-SATURN:90|MERCURY-MARS:60,2,4,not_applicable,SATURN,12,8,anchor_house,MERCURY|MARS|JUPITER|SATURN,swiss_ephemeris,COMPOSITE:OPENING_FOUR_PLANET_NETWORK:2026-09-01,exact_day,SEP_OPENING_STRUCTURE,,20,100,預かった秘密と責任の出口を確認する,{event_date}頃は、他者の事情や共有資源に関する重い情報を抱え、誰にも話せず負担を感じやすくなります。守るべき秘密、確認できる担当、責任を返す時点を文書で確かめてください。信頼に応えるため一人で背負い続けず、適切な管理手順へ預け直すことで、関わる人と自分の双方を守れます。,aspect_cluster;mercury;mars;jupiter;saturn;opening_network,1
2026_09_OPENING_FOUR_PLANET_NETWORK_S12_N09,2026_09_OPENING_FOUR_PLANET_NETWORK,2026-09,aspect_cluster,2026-09-01T00:00:00+09:00,2026-09-01T07:17:00+09:00,2026-09-03T23:59:59+09:00,0,MERCURY|MARS|JUPITER|SATURN,MERCURY:VIRGO|MARS:CANCER|JUPITER:LEO|SATURN:ARIES,JUPITER-SATURN:120|MARS-SATURN:90|MERCURY-MARS:60,2,4,not_applicable,SATURN,12,9,anchor_house,MERCURY|MARS|JUPITER|SATURN,swiss_ephemeris,COMPOSITE:OPENING_FOUR_PLANET_NETWORK:2026-09-01,exact_day,SEP_OPENING_STRUCTURE,,20,100,借りた答えを手放し自分の信念を聴く,{event_date}頃は、信じてきた教えや正しさがしっくりこなくなり、明確な答えのない時間へ入るかもしれません。結論を急がず、残したい考え、疑いが生じた点、経験で確かめる問いを書き分けてください。別の権威へすぐ答えを求めず、分からなさに期限と観察を置くことで、自分に根づく理解が育ちます。,aspect_cluster;mercury;mars;jupiter;saturn;opening_network,1
2026_09_OPENING_FOUR_PLANET_NETWORK_S12_N10,2026_09_OPENING_FOUR_PLANET_NETWORK,2026-09,aspect_cluster,2026-09-01T00:00:00+09:00,2026-09-01T07:17:00+09:00,2026-09-03T23:59:59+09:00,0,MERCURY|MARS|JUPITER|SATURN,MERCURY:VIRGO|MARS:CANCER|JUPITER:LEO|SATURN:ARIES,JUPITER-SATURN:120|MARS-SATURN:90|MERCURY-MARS:60,2,4,not_applicable,SATURN,12,10,anchor_house,MERCURY|MARS|JUPITER|SATURN,swiss_ephemeris,COMPOSITE:OPENING_FOUR_PLANET_NETWORK:2026-09-01,exact_day,SEP_OPENING_STRUCTURE,,20,100,表に出ない仕事を評価できる形へ残す,{event_date}頃は、調整や後始末など成果として見えにくい仕事が増え、公の評価との隔たりを感じやすくなります。担当した工程、判断した内容、次に引き継ぐ資料を記録してください。陰で支えることを当然の役割にせず、説明できる実務として残すことで、静かな貢献を今後の立場と責任へ結び直せます。,aspect_cluster;mercury;mars;jupiter;saturn;opening_network,1
2026_09_OPENING_FOUR_PLANET_NETWORK_S12_N11,2026_09_OPENING_FOUR_PLANET_NETWORK,2026-09,aspect_cluster,2026-09-01T00:00:00+09:00,2026-09-01T07:17:00+09:00,2026-09-03T23:59:59+09:00,0,MERCURY|MARS|JUPITER|SATURN,MERCURY:VIRGO|MARS:CANCER|JUPITER:LEO|SATURN:ARIES,JUPITER-SATURN:120|MARS-SATURN:90|MERCURY-MARS:60,2,4,not_applicable,SATURN,12,11,anchor_house,MERCURY|MARS|JUPITER|SATURN,swiss_ephemeris,COMPOSITE:OPENING_FOUR_PLANET_NETWORK:2026-09-01,exact_day,SEP_OPENING_STRUCTURE,,20,100,仲間を支える役目に交代の仕組みを置く,{event_date}頃は、集団の悩みや対立を見えない所で受け止め、つなぎ役を担う場面が増えそうです。相談を受ける時間、共有してよい範囲、次の担当へ渡す条件を決めてください。皆を守ろうとして疲労を隠さず、支援者同士が交代できる形を作ることで、共同体への貢献を長く続けられます。,aspect_cluster;mercury;mars;jupiter;saturn;opening_network,1
2026_09_OPENING_FOUR_PLANET_NETWORK_S12_N12,2026_09_OPENING_FOUR_PLANET_NETWORK,2026-09,aspect_cluster,2026-09-01T00:00:00+09:00,2026-09-01T07:17:00+09:00,2026-09-03T23:59:59+09:00,0,MERCURY|MARS|JUPITER|SATURN,MERCURY:VIRGO|MARS:CANCER|JUPITER:LEO|SATURN:ARIES,JUPITER-SATURN:120|MARS-SATURN:90|MERCURY-MARS:60,2,4,not_applicable,SATURN,12,12,anchor_house,MERCURY|MARS|JUPITER|SATURN,swiss_ephemeris,COMPOSITE:OPENING_FOUR_PLANET_NETWORK:2026-09-01,exact_day,SEP_OPENING_STRUCTURE,,20,100,終わりの手順を決めて静かに区切る,{event_date}頃は、長く続けた役割や習慣を終えたい気持ちが高まりながら、手放した後の空白も気になります。完了とする条件、返却する物、関係者へ伝える範囲を一覧にしてください。曖昧に消えることで責任を避けず、必要な後始末を済ませて休む時間を取ることで、過去を抱えず次の周期へ進めます。,aspect_cluster;mercury;mars;jupiter;saturn;opening_network,1
2026_09_MERCURY_OUTER_NETWORK_S01_N01,2026_09_MERCURY_OUTER_NETWORK,2026-09,aspect_cluster,2026-09-12T00:00:00+09:00,2026-09-13T00:58:00+09:00,2026-09-15T23:59:59+09:00,0,MERCURY|URANUS|NEPTUNE|PLUTO,MERCURY:LIBRA|URANUS:GEMINI|NEPTUNE:ARIES|PLUTO:AQUARIUS,MERCURY-PLUTO:120|MERCURY-NEPTUNE:180|MERCURY-URANUS:120,2,4,not_applicable,MERCURY,1,1,anchor_house,MERCURY|URANUS|NEPTUNE|PLUTO,swiss_ephemeris,MERCURY:PLUTO:120:2026-09-13|MERCURY:URANUS:120:2026-09-14,around_day,SEP_MERCURY_OUTER_NETWORK,,40,100,変わり始めた自分を急がず言葉にする,{event_date}頃は、自分についての見方が揺れ、以前なら選ばなかった表現や立場を試したくなります。少し前から戻ってきた問いを手がかりに、確かな実感、まだ曖昧な予感、他者の期待を分けて書いてください。鮮やかなひらめきをすぐ新しい肩書にせず、何度か言い直すことで、今の自分に合う説明が見つかります。,aspect_cluster;mercury;uranus;neptune;pluto;retrograde_context,1
2026_09_MERCURY_OUTER_NETWORK_S01_N02,2026_09_MERCURY_OUTER_NETWORK,2026-09,aspect_cluster,2026-09-12T00:00:00+09:00,2026-09-13T00:58:00+09:00,2026-09-15T23:59:59+09:00,0,MERCURY|URANUS|NEPTUNE|PLUTO,MERCURY:LIBRA|URANUS:GEMINI|NEPTUNE:ARIES|PLUTO:AQUARIUS,MERCURY-PLUTO:120|MERCURY-NEPTUNE:180|MERCURY-URANUS:120,2,4,not_applicable,MERCURY,1,2,anchor_house,MERCURY|URANUS|NEPTUNE|PLUTO,swiss_ephemeris,MERCURY:PLUTO:120:2026-09-13|MERCURY:URANUS:120:2026-09-14,around_day,SEP_MERCURY_OUTER_NETWORK,,40,100,価値の変化を数字と実感で確かめる,{event_date}頃は、欲しい物や働き方への価値観が変わり、これまでの予算配分に違和感を覚えそうです。魅力的な話をそのまま信じず、実際の金額、得られる用途、気分が変わった後も残る価値を確認してください。少し前から迷っていた支出を見直し、直感を数字で検証することで、自分に必要な資源を選び直せます。,aspect_cluster;mercury;uranus;neptune;pluto;retrograde_context,1
2026_09_MERCURY_OUTER_NETWORK_S01_N03,2026_09_MERCURY_OUTER_NETWORK,2026-09,aspect_cluster,2026-09-12T00:00:00+09:00,2026-09-13T00:58:00+09:00,2026-09-15T23:59:59+09:00,0,MERCURY|URANUS|NEPTUNE|PLUTO,MERCURY:LIBRA|URANUS:GEMINI|NEPTUNE:ARIES|PLUTO:AQUARIUS,MERCURY-PLUTO:120|MERCURY-NEPTUNE:180|MERCURY-URANUS:120,2,4,not_applicable,MERCURY,1,3,anchor_house,MERCURY|URANUS|NEPTUNE|PLUTO,swiss_ephemeris,MERCURY:PLUTO:120:2026-09-13|MERCURY:URANUS:120:2026-09-14,around_day,SEP_MERCURY_OUTER_NETWORK,,40,100,断片的な情報を検証できる問いへ直す,{event_date}頃は、意外な情報同士がつながる一方、印象的な言葉ほど事実に見えやすくなります。出典を確認できる内容、自分の推測、相手へ尋ねる点を別々にメモしてください。少し前から気になっていた話題も、結論を広める前に反証を探すことで、思い込みを深い理解へ更新できます。,aspect_cluster;mercury;uranus;neptune;pluto;retrograde_context,1
2026_09_MERCURY_OUTER_NETWORK_S01_N04,2026_09_MERCURY_OUTER_NETWORK,2026-09,aspect_cluster,2026-09-12T00:00:00+09:00,2026-09-13T00:58:00+09:00,2026-09-15T23:59:59+09:00,0,MERCURY|URANUS|NEPTUNE|PLUTO,MERCURY:LIBRA|URANUS:GEMINI|NEPTUNE:ARIES|PLUTO:AQUARIUS,MERCURY-PLUTO:120|MERCURY-NEPTUNE:180|MERCURY-URANUS:120,2,4,not_applicable,MERCURY,1,4,anchor_house,MERCURY|URANUS|NEPTUNE|PLUTO,swiss_ephemeris,MERCURY:PLUTO:120:2026-09-13|MERCURY:URANUS:120:2026-09-14,around_day,SEP_MERCURY_OUTER_NETWORK,,40,100,家族の記憶と今の事実を分けて話す,{event_date}頃は、昔の出来事への見方が変わり、家族について語ってきた物語を見直したくなります。誰かの記憶を否定せず、自分が覚えていること、確認できる記録、今感じている意味を分けてください。少し前から浮かぶ疑問に一つずつ言葉を与えることで、過去を決めつけず現在の安心を作れます。,aspect_cluster;mercury;uranus;neptune;pluto;retrograde_context,1
2026_09_MERCURY_OUTER_NETWORK_S01_N05,2026_09_MERCURY_OUTER_NETWORK,2026-09,aspect_cluster,2026-09-12T00:00:00+09:00,2026-09-13T00:58:00+09:00,2026-09-15T23:59:59+09:00,0,MERCURY|URANUS|NEPTUNE|PLUTO,MERCURY:LIBRA|URANUS:GEMINI|NEPTUNE:ARIES|PLUTO:AQUARIUS,MERCURY-PLUTO:120|MERCURY-NEPTUNE:180|MERCURY-URANUS:120,2,4,not_applicable,MERCURY,1,5,anchor_house,MERCURY|URANUS|NEPTUNE|PLUTO,swiss_ephemeris,MERCURY:PLUTO:120:2026-09-13|MERCURY:URANUS:120:2026-09-14,around_day,SEP_MERCURY_OUTER_NETWORK,,40,100,ひらめきを試作して表現の核を探る,{event_date}頃は、夢のような着想と鋭い洞察が重なり、これまでと違う作品や遊びを試したくなります。最初から意味を説明し切らず、浮かんだ像、試して分かった反応、まだ決めない部分を残してください。少し前に止めた案も小さく作り直すことで、偶然の発見から自分らしい表現の核を見つけられます。,aspect_cluster;mercury;uranus;neptune;pluto;retrograde_context,1
2026_09_MERCURY_OUTER_NETWORK_S01_N06,2026_09_MERCURY_OUTER_NETWORK,2026-09,aspect_cluster,2026-09-12T00:00:00+09:00,2026-09-13T00:58:00+09:00,2026-09-15T23:59:59+09:00,0,MERCURY|URANUS|NEPTUNE|PLUTO,MERCURY:LIBRA|URANUS:GEMINI|NEPTUNE:ARIES|PLUTO:AQUARIUS,MERCURY-PLUTO:120|MERCURY-NEPTUNE:180|MERCURY-URANUS:120,2,4,not_applicable,MERCURY,1,6,anchor_house,MERCURY|URANUS|NEPTUNE|PLUTO,swiss_ephemeris,MERCURY:PLUTO:120:2026-09-13|MERCURY:URANUS:120:2026-09-14,around_day,SEP_MERCURY_OUTER_NETWORK,,40,100,曖昧な不調を記録し日課を見直す,{event_date}頃は、集中力や体調の小さな変化に気づき、普段の手順が今の自分に合わないと感じそうです。一つの原因に決めつけず、起きた時間、直前の行動、休んだ後の変化を記録してください。少し前から繰り返す傾向を見比べ、必要なら専門家へ相談することで、日課を根拠のある形へ直せます。,aspect_cluster;mercury;uranus;neptune;pluto;retrograde_context,1
2026_09_MERCURY_OUTER_NETWORK_S01_N07,2026_09_MERCURY_OUTER_NETWORK,2026-09,aspect_cluster,2026-09-12T00:00:00+09:00,2026-09-13T00:58:00+09:00,2026-09-15T23:59:59+09:00,0,MERCURY|URANUS|NEPTUNE|PLUTO,MERCURY:LIBRA|URANUS:GEMINI|NEPTUNE:ARIES|PLUTO:AQUARIUS,MERCURY-PLUTO:120|MERCURY-NEPTUNE:180|MERCURY-URANUS:120,2,4,not_applicable,MERCURY,1,7,anchor_house,MERCURY|URANUS|NEPTUNE|PLUTO,swiss_ephemeris,MERCURY:PLUTO:120:2026-09-13|MERCURY:URANUS:120:2026-09-14,around_day,SEP_MERCURY_OUTER_NETWORK,,40,100,相手の意図を想像せず質問で確かめる,{event_date}頃は、相手の言葉の裏側まで読み取れる気がする一方、期待や不安を事実と混同しやすくなります。聞いた内容、自分の解釈、確認したい点を分けて伝えてください。少し前から続く違和感も、答えを誘導しない質問で確かめることで、思い込みを減らしながら関係の新しい形を話し合えます。,aspect_cluster;mercury;uranus;neptune;pluto;retrograde_context,1
2026_09_MERCURY_OUTER_NETWORK_S01_N08,2026_09_MERCURY_OUTER_NETWORK,2026-09,aspect_cluster,2026-09-12T00:00:00+09:00,2026-09-13T00:58:00+09:00,2026-09-15T23:59:59+09:00,0,MERCURY|URANUS|NEPTUNE|PLUTO,MERCURY:LIBRA|URANUS:GEMINI|NEPTUNE:ARIES|PLUTO:AQUARIUS,MERCURY-PLUTO:120|MERCURY-NEPTUNE:180|MERCURY-URANUS:120,2,4,not_applicable,MERCURY,1,8,anchor_house,MERCURY|URANUS|NEPTUNE|PLUTO,swiss_ephemeris,MERCURY:PLUTO:120:2026-09-13|MERCURY:URANUS:120:2026-09-14,around_day,SEP_MERCURY_OUTER_NETWORK,,40,100,深い情報の扱いを権限から確認する,{event_date}頃は、共有資金や秘密に関する重要な事情が見え、核心を早く伝えたくなるかもしれません。知った事実、まだ推測の段階にある点、共有してよい相手を確認してください。少し前から抱えていた疑念も、証拠と権限を揃えてから話すことで、洞察を誰かを追い詰める言葉ではなく適切な判断へ生かせます。,aspect_cluster;mercury;uranus;neptune;pluto;retrograde_context,1
2026_09_MERCURY_OUTER_NETWORK_S01_N09,2026_09_MERCURY_OUTER_NETWORK,2026-09,aspect_cluster,2026-09-12T00:00:00+09:00,2026-09-13T00:58:00+09:00,2026-09-15T23:59:59+09:00,0,MERCURY|URANUS|NEPTUNE|PLUTO,MERCURY:LIBRA|URANUS:GEMINI|NEPTUNE:ARIES|PLUTO:AQUARIUS,MERCURY-PLUTO:120|MERCURY-NEPTUNE:180|MERCURY-URANUS:120,2,4,not_applicable,MERCURY,1,9,anchor_house,MERCURY|URANUS|NEPTUNE|PLUTO,swiss_ephemeris,MERCURY:PLUTO:120:2026-09-13|MERCURY:URANUS:120:2026-09-14,around_day,SEP_MERCURY_OUTER_NETWORK,,40,100,信じたい物語を異なる資料で検証する,{event_date}頃は、世界観を変える考えに出会い、複雑な話が一度に理解できたように感じそうです。共感できる主張だけでなく、異なる立場の資料、使われた定義、確かめられない部分も読んでください。少し前から考え直している信念へ別の視点を入れることで、魅力的な物語を自分の理解として選び直せます。,aspect_cluster;mercury;uranus;neptune;pluto;retrograde_context,1
2026_09_MERCURY_OUTER_NETWORK_S01_N10,2026_09_MERCURY_OUTER_NETWORK,2026-09,aspect_cluster,2026-09-12T00:00:00+09:00,2026-09-13T00:58:00+09:00,2026-09-15T23:59:59+09:00,0,MERCURY|URANUS|NEPTUNE|PLUTO,MERCURY:LIBRA|URANUS:GEMINI|NEPTUNE:ARIES|PLUTO:AQUARIUS,MERCURY-PLUTO:120|MERCURY-NEPTUNE:180|MERCURY-URANUS:120,2,4,not_applicable,MERCURY,1,10,anchor_house,MERCURY|URANUS|NEPTUNE|PLUTO,swiss_ephemeris,MERCURY:PLUTO:120:2026-09-13|MERCURY:URANUS:120:2026-09-14,around_day,SEP_MERCURY_OUTER_NETWORK,,40,100,公の判断を事実と見通しに分けて示す,{event_date}頃は、仕事上の複雑な事情を見抜き、新しい方針を提案する機会が生まれそうです。確定した情報、今後の見通し、判断が変わる条件を分けて説明してください。少し前から再検討している役割についても、印象的な構想だけで約束せず、検証の段階を示すことで発言の信用を守れます。,aspect_cluster;mercury;uranus;neptune;pluto;retrograde_context,1
2026_09_MERCURY_OUTER_NETWORK_S01_N11,2026_09_MERCURY_OUTER_NETWORK,2026-09,aspect_cluster,2026-09-12T00:00:00+09:00,2026-09-13T00:58:00+09:00,2026-09-15T23:59:59+09:00,0,MERCURY|URANUS|NEPTUNE|PLUTO,MERCURY:LIBRA|URANUS:GEMINI|NEPTUNE:ARIES|PLUTO:AQUARIUS,MERCURY-PLUTO:120|MERCURY-NEPTUNE:180|MERCURY-URANUS:120,2,4,not_applicable,MERCURY,1,11,anchor_house,MERCURY|URANUS|NEPTUNE|PLUTO,swiss_ephemeris,MERCURY:PLUTO:120:2026-09-13|MERCURY:URANUS:120:2026-09-14,around_day,SEP_MERCURY_OUTER_NETWORK,,40,100,集団の未来像を検証できる提案へ直す,{event_date}頃は、仲間の発想が思いがけず結びつき、先の可能性を大きく描けます。ただし場の期待を合意とみなさず、決まったこと、試験的に行うこと、反対意見を確認してください。少し前から戻ってきた企画も小さな実験へ直すことで、理想を共有しながら現実の反応から更新できます。,aspect_cluster;mercury;uranus;neptune;pluto;retrograde_context,1
2026_09_MERCURY_OUTER_NETWORK_S01_N12,2026_09_MERCURY_OUTER_NETWORK,2026-09,aspect_cluster,2026-09-12T00:00:00+09:00,2026-09-13T00:58:00+09:00,2026-09-15T23:59:59+09:00,0,MERCURY|URANUS|NEPTUNE|PLUTO,MERCURY:LIBRA|URANUS:GEMINI|NEPTUNE:ARIES|PLUTO:AQUARIUS,MERCURY-PLUTO:120|MERCURY-NEPTUNE:180|MERCURY-URANUS:120,2,4,not_applicable,MERCURY,1,12,anchor_house,MERCURY|URANUS|NEPTUNE|PLUTO,swiss_ephemeris,MERCURY:PLUTO:120:2026-09-13|MERCURY:URANUS:120:2026-09-14,around_day,SEP_MERCURY_OUTER_NETWORK,,40,100,夢と記憶を急いで結論にせず記録する,{event_date}頃は、夢やふとした連想から深い意味を感じ、過去の出来事が別の姿で思い出されそうです。一つの解釈に決めず、見た内容、目覚めた時の感情、現実で確認できることを書き分けてください。少し前から繰り返す像も静かに観察し、必要なら相談することで、無意識の示唆を日常の判断と混同せず受け取れます。,aspect_cluster;mercury;uranus;neptune;pluto;retrograde_context,1
2026_09_MERCURY_OUTER_NETWORK_S02_N01,2026_09_MERCURY_OUTER_NETWORK,2026-09,aspect_cluster,2026-09-12T00:00:00+09:00,2026-09-13T00:58:00+09:00,2026-09-15T23:59:59+09:00,0,MERCURY|URANUS|NEPTUNE|PLUTO,MERCURY:LIBRA|URANUS:GEMINI|NEPTUNE:ARIES|PLUTO:AQUARIUS,MERCURY-PLUTO:120|MERCURY-NEPTUNE:180|MERCURY-URANUS:120,2,4,not_applicable,MERCURY,2,1,anchor_house,MERCURY|URANUS|NEPTUNE|PLUTO,swiss_ephemeris,MERCURY:PLUTO:120:2026-09-13|MERCURY:URANUS:120:2026-09-14,around_day,SEP_MERCURY_OUTER_NETWORK,,40,100,自分の価値を他者の反応から切り離す,{event_date}頃は、能力や報酬への見方が揺れ、周囲の評価によって自信まで上下しやすくなります。褒められた点、実際に積んだ経験、まだ伸ばしたい技能を分けて書いてください。少し前から戻ってきた自己評価の問いを、印象ではなく具体的な行動で見直すことで、自分の価値を落ち着いて説明できます。,aspect_cluster;mercury;uranus;neptune;pluto;retrograde_context,1
2026_09_MERCURY_OUTER_NETWORK_S02_N02,2026_09_MERCURY_OUTER_NETWORK,2026-09,aspect_cluster,2026-09-12T00:00:00+09:00,2026-09-13T00:58:00+09:00,2026-09-15T23:59:59+09:00,0,MERCURY|URANUS|NEPTUNE|PLUTO,MERCURY:LIBRA|URANUS:GEMINI|NEPTUNE:ARIES|PLUTO:AQUARIUS,MERCURY-PLUTO:120|MERCURY-NEPTUNE:180|MERCURY-URANUS:120,2,4,not_applicable,MERCURY,2,2,anchor_house,MERCURY|URANUS|NEPTUNE|PLUTO,swiss_ephemeris,MERCURY:PLUTO:120:2026-09-13|MERCURY:URANUS:120:2026-09-14,around_day,SEP_MERCURY_OUTER_NETWORK,,40,100,資産の全体像を見える数字へ戻す,{event_date}頃は、収入や所有物について新しい可能性が見える一方、期待額と実際の残高を混同しやすくなります。確定した入金、変動する費用、まだ見込みにすぎない額を表で分けてください。少し前から気になる契約も条件を読み直し、曖昧な安心を数字へ戻すことで、資源の使い道を柔軟に選べます。,aspect_cluster;mercury;uranus;neptune;pluto;retrograde_context,1
2026_09_MERCURY_OUTER_NETWORK_S02_N03,2026_09_MERCURY_OUTER_NETWORK,2026-09,aspect_cluster,2026-09-12T00:00:00+09:00,2026-09-13T00:58:00+09:00,2026-09-15T23:59:59+09:00,0,MERCURY|URANUS|NEPTUNE|PLUTO,MERCURY:LIBRA|URANUS:GEMINI|NEPTUNE:ARIES|PLUTO:AQUARIUS,MERCURY-PLUTO:120|MERCURY-NEPTUNE:180|MERCURY-URANUS:120,2,4,not_applicable,MERCURY,2,3,anchor_house,MERCURY|URANUS|NEPTUNE|PLUTO,swiss_ephemeris,MERCURY:PLUTO:120:2026-09-13|MERCURY:URANUS:120:2026-09-14,around_day,SEP_MERCURY_OUTER_NETWORK,,40,100,価格の話を根拠と用途から読み解く,{event_date}頃は、お得に見える情報や新しい稼ぎ方の話が次々に届き、判断材料が増えそうです。宣伝文句だけで決めず、価格の根拠、利用条件、比較する対象を確認してください。少し前に保留した選択も、出典と自分の用途を照らし合わせることで、目新しさではなく実際の価値から判断できます。,aspect_cluster;mercury;uranus;neptune;pluto;retrograde_context,1
2026_09_MERCURY_OUTER_NETWORK_S02_N04,2026_09_MERCURY_OUTER_NETWORK,2026-09,aspect_cluster,2026-09-12T00:00:00+09:00,2026-09-13T00:58:00+09:00,2026-09-15T23:59:59+09:00,0,MERCURY|URANUS|NEPTUNE|PLUTO,MERCURY:LIBRA|URANUS:GEMINI|NEPTUNE:ARIES|PLUTO:AQUARIUS,MERCURY-PLUTO:120|MERCURY-NEPTUNE:180|MERCURY-URANUS:120,2,4,not_applicable,MERCURY,2,4,anchor_house,MERCURY|URANUS|NEPTUNE|PLUTO,swiss_ephemeris,MERCURY:PLUTO:120:2026-09-13|MERCURY:URANUS:120:2026-09-14,around_day,SEP_MERCURY_OUTER_NETWORK,,40,100,暮らしに必要な豊かさを家族と定義する,{event_date}頃は、住まいや家族のために何を残すかという価値観が変わり、以前の優先順位に迷いが出そうです。安心に必要な費用、受け継ぎたい物、今の暮らしには合わない習慣を話し合ってください。少し前から浮かぶ改善案も、皆の実感と数字を確かめることで、家庭に合う豊かさへ更新できます。,aspect_cluster;mercury;uranus;neptune;pluto;retrograde_context,1
2026_09_MERCURY_OUTER_NETWORK_S02_N05,2026_09_MERCURY_OUTER_NETWORK,2026-09,aspect_cluster,2026-09-12T00:00:00+09:00,2026-09-13T00:58:00+09:00,2026-09-15T23:59:59+09:00,0,MERCURY|URANUS|NEPTUNE|PLUTO,MERCURY:LIBRA|URANUS:GEMINI|NEPTUNE:ARIES|PLUTO:AQUARIUS,MERCURY-PLUTO:120|MERCURY-NEPTUNE:180|MERCURY-URANUS:120,2,4,not_applicable,MERCURY,2,5,anchor_house,MERCURY|URANUS|NEPTUNE|PLUTO,swiss_ephemeris,MERCURY:PLUTO:120:2026-09-13|MERCURY:URANUS:120:2026-09-14,around_day,SEP_MERCURY_OUTER_NETWORK,,40,100,創作の価値を反応と原価から見直す,{event_date}頃は、作品や趣味を収入へ結びつける発想が浮かび、価格の付け方を変えたくなります。期待される反応だけでなく、材料費、制作時間、届けたい相手を確認してください。少し前に諦めた案も小さく販売テストし、楽しさと負担の両方を記録することで、表現に合う価値の伝え方を探れます。,aspect_cluster;mercury;uranus;neptune;pluto;retrograde_context,1
2026_09_MERCURY_OUTER_NETWORK_S02_N06,2026_09_MERCURY_OUTER_NETWORK,2026-09,aspect_cluster,2026-09-12T00:00:00+09:00,2026-09-13T00:58:00+09:00,2026-09-15T23:59:59+09:00,0,MERCURY|URANUS|NEPTUNE|PLUTO,MERCURY:LIBRA|URANUS:GEMINI|NEPTUNE:ARIES|PLUTO:AQUARIUS,MERCURY-PLUTO:120|MERCURY-NEPTUNE:180|MERCURY-URANUS:120,2,4,not_applicable,MERCURY,2,6,anchor_house,MERCURY|URANUS|NEPTUNE|PLUTO,swiss_ephemeris,MERCURY:PLUTO:120:2026-09-13|MERCURY:URANUS:120:2026-09-14,around_day,SEP_MERCURY_OUTER_NETWORK,,40,100,技能の対価を実際の作業から算出する,{event_date}頃は、日々の仕事で培った技能に別の使い道が見え、報酬条件を見直したくなります。作業時間、見えない準備、修正にかかる負担を一度記録してください。少し前から感じていた割に合わなさも、気分だけで語らず工程から説明することで、健康を守りながら適切な条件を相談できます。,aspect_cluster;mercury;uranus;neptune;pluto;retrograde_context,1
2026_09_MERCURY_OUTER_NETWORK_S02_N07,2026_09_MERCURY_OUTER_NETWORK,2026-09,aspect_cluster,2026-09-12T00:00:00+09:00,2026-09-13T00:58:00+09:00,2026-09-15T23:59:59+09:00,0,MERCURY|URANUS|NEPTUNE|PLUTO,MERCURY:LIBRA|URANUS:GEMINI|NEPTUNE:ARIES|PLUTO:AQUARIUS,MERCURY-PLUTO:120|MERCURY-NEPTUNE:180|MERCURY-URANUS:120,2,4,not_applicable,MERCURY,2,7,anchor_house,MERCURY|URANUS|NEPTUNE|PLUTO,swiss_ephemeris,MERCURY:PLUTO:120:2026-09-13|MERCURY:URANUS:120:2026-09-14,around_day,SEP_MERCURY_OUTER_NETWORK,,40,100,二人の価値交換を条件の言葉へ戻す,{event_date}頃は、相手との金銭感覚や貢献の捉え方に違いが見え、暗黙の了解を更新する必要が出そうです。互いに提供するもの、費用を分ける基準、変更時の相談方法を確認してください。少し前から続く違和感も、愛情や信頼の量に置き換えず条件として話すことで、対等な交換へ整えられます。,aspect_cluster;mercury;uranus;neptune;pluto;retrograde_context,1
2026_09_MERCURY_OUTER_NETWORK_S02_N08,2026_09_MERCURY_OUTER_NETWORK,2026-09,aspect_cluster,2026-09-12T00:00:00+09:00,2026-09-13T00:58:00+09:00,2026-09-15T23:59:59+09:00,0,MERCURY|URANUS|NEPTUNE|PLUTO,MERCURY:LIBRA|URANUS:GEMINI|NEPTUNE:ARIES|PLUTO:AQUARIUS,MERCURY-PLUTO:120|MERCURY-NEPTUNE:180|MERCURY-URANUS:120,2,4,not_applicable,MERCURY,2,8,anchor_house,MERCURY|URANUS|NEPTUNE|PLUTO,swiss_ephemeris,MERCURY:PLUTO:120:2026-09-13|MERCURY:URANUS:120:2026-09-14,around_day,SEP_MERCURY_OUTER_NETWORK,,40,100,共有資産の不明点を記録から解く,{event_date}頃は、共同資金や引き継いだ資産について、見過ごしていた条件や数字に気づくかもしれません。残高、名義、利用できる権限を資料で確認してください。少し前から抱く疑問も、相手の意図を決めつけず不足する記録を一つずつ集めることで、深い事情を安全な資源管理へ結びつけられます。,aspect_cluster;mercury;uranus;neptune;pluto;retrograde_context,1
2026_09_MERCURY_OUTER_NETWORK_S02_N09,2026_09_MERCURY_OUTER_NETWORK,2026-09,aspect_cluster,2026-09-12T00:00:00+09:00,2026-09-13T00:58:00+09:00,2026-09-15T23:59:59+09:00,0,MERCURY|URANUS|NEPTUNE|PLUTO,MERCURY:LIBRA|URANUS:GEMINI|NEPTUNE:ARIES|PLUTO:AQUARIUS,MERCURY-PLUTO:120|MERCURY-NEPTUNE:180|MERCURY-URANUS:120,2,4,not_applicable,MERCURY,2,9,anchor_house,MERCURY|URANUS|NEPTUNE|PLUTO,swiss_ephemeris,MERCURY:PLUTO:120:2026-09-13|MERCURY:URANUS:120:2026-09-14,around_day,SEP_MERCURY_OUTER_NETWORK,,40,100,学びへの投資を使える知識から選ぶ,{event_date}頃は、視野を変える講座や旅へ資源を投じたくなりますが、理想的な説明ほど現実の条件が見えにくくなります。総費用、学べる範囲、修了後に試す場を確認してください。少し前から考え直している進路も、肩書の魅力ではなく知識を使う計画から選ぶことで、納得できる投資になります。,aspect_cluster;mercury;uranus;neptune;pluto;retrograde_context,1
2026_09_MERCURY_OUTER_NETWORK_S02_N10,2026_09_MERCURY_OUTER_NETWORK,2026-09,aspect_cluster,2026-09-12T00:00:00+09:00,2026-09-13T00:58:00+09:00,2026-09-15T23:59:59+09:00,0,MERCURY|URANUS|NEPTUNE|PLUTO,MERCURY:LIBRA|URANUS:GEMINI|NEPTUNE:ARIES|PLUTO:AQUARIUS,MERCURY-PLUTO:120|MERCURY-NEPTUNE:180|MERCURY-URANUS:120,2,4,not_applicable,MERCURY,2,10,anchor_house,MERCURY|URANUS|NEPTUNE|PLUTO,swiss_ephemeris,MERCURY:PLUTO:120:2026-09-13|MERCURY:URANUS:120:2026-09-14,around_day,SEP_MERCURY_OUTER_NETWORK,,40,100,職責と報酬のずれを根拠から伝える,{event_date}頃は、仕事上の役割と受け取る対価の関係に新しい見方が生まれ、条件変更を考えたくなります。実際に担う判断、成果の測り方、提示されている報酬を並べてください。少し前から戻ってきた不満も、将来への期待だけで訴えず記録した事実から伝えることで、現実的な交渉へ進めます。,aspect_cluster;mercury;uranus;neptune;pluto;retrograde_context,1
2026_09_MERCURY_OUTER_NETWORK_S02_N11,2026_09_MERCURY_OUTER_NETWORK,2026-09,aspect_cluster,2026-09-12T00:00:00+09:00,2026-09-13T00:58:00+09:00,2026-09-15T23:59:59+09:00,0,MERCURY|URANUS|NEPTUNE|PLUTO,MERCURY:LIBRA|URANUS:GEMINI|NEPTUNE:ARIES|PLUTO:AQUARIUS,MERCURY-PLUTO:120|MERCURY-NEPTUNE:180|MERCURY-URANUS:120,2,4,not_applicable,MERCURY,2,11,anchor_house,MERCURY|URANUS|NEPTUNE|PLUTO,swiss_ephemeris,MERCURY:PLUTO:120:2026-09-13|MERCURY:URANUS:120:2026-09-14,around_day,SEP_MERCURY_OUTER_NETWORK,,40,100,共同体へ出す資源と目的を対応させる,{event_date}頃は、仲間の計画へお金や技能を提供する案が広がり、貢献の方法を変えたくなります。活動の目的、必要な総量、自分が出せる上限を確認してください。少し前から迷う支援も、場の熱気や同調圧力ではなく用途と報告方法から選ぶことで、共同体への資源を責任ある形で生かせます。,aspect_cluster;mercury;uranus;neptune;pluto;retrograde_context,1
2026_09_MERCURY_OUTER_NETWORK_S02_N12,2026_09_MERCURY_OUTER_NETWORK,2026-09,aspect_cluster,2026-09-12T00:00:00+09:00,2026-09-13T00:58:00+09:00,2026-09-15T23:59:59+09:00,0,MERCURY|URANUS|NEPTUNE|PLUTO,MERCURY:LIBRA|URANUS:GEMINI|NEPTUNE:ARIES|PLUTO:AQUARIUS,MERCURY-PLUTO:120|MERCURY-NEPTUNE:180|MERCURY-URANUS:120,2,4,not_applicable,MERCURY,2,12,anchor_house,MERCURY|URANUS|NEPTUNE|PLUTO,swiss_ephemeris,MERCURY:PLUTO:120:2026-09-13|MERCURY:URANUS:120:2026-09-14,around_day,SEP_MERCURY_OUTER_NETWORK,,40,100,見えない流出を責めず仕組みから止める,{event_date}頃は、無意識の買い物や使っていない契約など、資源の見えない流れに気づきやすくなります。支出した時の状況、継続理由、停止に必要な手続きを記録してください。少し前から感じる不安を自分の意志の弱さへ結びつけず、環境や自動設定を変えることで、安心を守る資源管理へ整えられます。,aspect_cluster;mercury;uranus;neptune;pluto;retrograde_context,1
2026_09_MERCURY_OUTER_NETWORK_S03_N01,2026_09_MERCURY_OUTER_NETWORK,2026-09,aspect_cluster,2026-09-12T00:00:00+09:00,2026-09-13T00:58:00+09:00,2026-09-15T23:59:59+09:00,0,MERCURY|URANUS|NEPTUNE|PLUTO,MERCURY:LIBRA|URANUS:GEMINI|NEPTUNE:ARIES|PLUTO:AQUARIUS,MERCURY-PLUTO:120|MERCURY-NEPTUNE:180|MERCURY-URANUS:120,2,4,not_applicable,MERCURY,3,1,anchor_house,MERCURY|URANUS|NEPTUNE|PLUTO,swiss_ephemeris,MERCURY:PLUTO:120:2026-09-13|MERCURY:URANUS:120:2026-09-14,around_day,SEP_MERCURY_OUTER_NETWORK,,40,100,自分を語る言葉を今の実感へ更新する,{event_date}頃は、自己紹介や意見の伝え方に新しい表現が浮かび、以前の説明が急に合わなく感じられます。確かな経験、まだ試している考え、相手に確認したい反応を分けて話してください。少し前から戻ってきた問いを何度か言い直すことで、強い印象を作るより今の自分に正直な言葉を選べます。,aspect_cluster;mercury;uranus;neptune;pluto;retrograde_context,1
2026_09_MERCURY_OUTER_NETWORK_S03_N02,2026_09_MERCURY_OUTER_NETWORK,2026-09,aspect_cluster,2026-09-12T00:00:00+09:00,2026-09-13T00:58:00+09:00,2026-09-15T23:59:59+09:00,0,MERCURY|URANUS|NEPTUNE|PLUTO,MERCURY:LIBRA|URANUS:GEMINI|NEPTUNE:ARIES|PLUTO:AQUARIUS,MERCURY-PLUTO:120|MERCURY-NEPTUNE:180|MERCURY-URANUS:120,2,4,not_applicable,MERCURY,3,2,anchor_house,MERCURY|URANUS|NEPTUNE|PLUTO,swiss_ephemeris,MERCURY:PLUTO:120:2026-09-13|MERCURY:URANUS:120:2026-09-14,around_day,SEP_MERCURY_OUTER_NETWORK,,40,100,情報に使う費用と価値を確かめる,{event_date}頃は、教材や通信手段など情報を得るための選択肢が増え、便利そうなものへ次々に費用をかけたくなります。総額、利用頻度、無料で試せる範囲を比べてください。少し前に保留した契約も、宣伝の印象ではなく実際に得たい知識から見直すことで、必要な情報へ資源を集中できます。,aspect_cluster;mercury;uranus;neptune;pluto;retrograde_context,1
2026_09_MERCURY_OUTER_NETWORK_S03_N03,2026_09_MERCURY_OUTER_NETWORK,2026-09,aspect_cluster,2026-09-12T00:00:00+09:00,2026-09-13T00:58:00+09:00,2026-09-15T23:59:59+09:00,0,MERCURY|URANUS|NEPTUNE|PLUTO,MERCURY:LIBRA|URANUS:GEMINI|NEPTUNE:ARIES|PLUTO:AQUARIUS,MERCURY-PLUTO:120|MERCURY-NEPTUNE:180|MERCURY-URANUS:120,2,4,not_applicable,MERCURY,3,3,anchor_house,MERCURY|URANUS|NEPTUNE|PLUTO,swiss_ephemeris,MERCURY:PLUTO:120:2026-09-13|MERCURY:URANUS:120:2026-09-14,around_day,SEP_MERCURY_OUTER_NETWORK,,40,100,複数の情報を出典と仮説に分ける,{event_date}頃は、離れていた話題が一気につながり、核心をつかんだような感覚が生まれそうです。元の資料、そこから推測したこと、まだ反証できる点を別々に記録してください。少し前から考え直しているテーマも、印象的な一致だけで結論にせず検証を重ねることで、発見を伝えられる知識へ整えられます。,aspect_cluster;mercury;uranus;neptune;pluto;retrograde_context,1
2026_09_MERCURY_OUTER_NETWORK_S03_N04,2026_09_MERCURY_OUTER_NETWORK,2026-09,aspect_cluster,2026-09-12T00:00:00+09:00,2026-09-13T00:58:00+09:00,2026-09-15T23:59:59+09:00,0,MERCURY|URANUS|NEPTUNE|PLUTO,MERCURY:LIBRA|URANUS:GEMINI|NEPTUNE:ARIES|PLUTO:AQUARIUS,MERCURY-PLUTO:120|MERCURY-NEPTUNE:180|MERCURY-URANUS:120,2,4,not_applicable,MERCURY,3,4,anchor_house,MERCURY|URANUS|NEPTUNE|PLUTO,swiss_ephemeris,MERCURY:PLUTO:120:2026-09-13|MERCURY:URANUS:120:2026-09-14,around_day,SEP_MERCURY_OUTER_NETWORK,,40,100,家族の伝言を本人の言葉へ戻す,{event_date}頃は、家族や身近な人についての話が巡り、誰の意見か分からないまま解釈が広がりやすくなります。聞いた事実、伝えた人の推測、本人へ確認する内容を分けてください。少し前から続く誤解も、代わりに意味を決めず直接話せる場を作ることで、家庭内の連絡を安心できる形へ戻せます。,aspect_cluster;mercury;uranus;neptune;pluto;retrograde_context,1
2026_09_MERCURY_OUTER_NETWORK_S03_N05,2026_09_MERCURY_OUTER_NETWORK,2026-09,aspect_cluster,2026-09-12T00:00:00+09:00,2026-09-13T00:58:00+09:00,2026-09-15T23:59:59+09:00,0,MERCURY|URANUS|NEPTUNE|PLUTO,MERCURY:LIBRA|URANUS:GEMINI|NEPTUNE:ARIES|PLUTO:AQUARIUS,MERCURY-PLUTO:120|MERCURY-NEPTUNE:180|MERCURY-URANUS:120,2,4,not_applicable,MERCURY,3,5,anchor_house,MERCURY|URANUS|NEPTUNE|PLUTO,swiss_ephemeris,MERCURY:PLUTO:120:2026-09-13|MERCURY:URANUS:120:2026-09-14,around_day,SEP_MERCURY_OUTER_NETWORK,,40,100,遊びの連想を伝わる作品へ編集する,{event_date}頃は、言葉や映像の連想が次々に浮かび、意外な表現を試したくなります。面白い断片、作品の中心、受け手に委ねる余白を分けてください。少し前に止まった案も、説明を足しすぎず小さな試作として見せることで、曖昧さを魅力に変えながら伝わる形へ整えられます。,aspect_cluster;mercury;uranus;neptune;pluto;retrograde_context,1
2026_09_MERCURY_OUTER_NETWORK_S03_N06,2026_09_MERCURY_OUTER_NETWORK,2026-09,aspect_cluster,2026-09-12T00:00:00+09:00,2026-09-13T00:58:00+09:00,2026-09-15T23:59:59+09:00,0,MERCURY|URANUS|NEPTUNE|PLUTO,MERCURY:LIBRA|URANUS:GEMINI|NEPTUNE:ARIES|PLUTO:AQUARIUS,MERCURY-PLUTO:120|MERCURY-NEPTUNE:180|MERCURY-URANUS:120,2,4,not_applicable,MERCURY,3,6,anchor_house,MERCURY|URANUS|NEPTUNE|PLUTO,swiss_ephemeris,MERCURY:PLUTO:120:2026-09-13|MERCURY:URANUS:120:2026-09-14,around_day,SEP_MERCURY_OUTER_NETWORK,,40,100,連絡の混線を日々の手順から減らす,{event_date}頃は、仕事の連絡や予定変更が重なり、重要な情報ほど他の通知に埋もれやすくなります。確定事項、返答待ち、担当へ確認する点を一つの一覧へまとめてください。少し前から繰り返す行き違いも、記憶力の問題にせず連絡経路を整理することで、実務を落ち着いて回せます。,aspect_cluster;mercury;uranus;neptune;pluto;retrograde_context,1
2026_09_MERCURY_OUTER_NETWORK_S03_N07,2026_09_MERCURY_OUTER_NETWORK,2026-09,aspect_cluster,2026-09-12T00:00:00+09:00,2026-09-13T00:58:00+09:00,2026-09-15T23:59:59+09:00,0,MERCURY|URANUS|NEPTUNE|PLUTO,MERCURY:LIBRA|URANUS:GEMINI|NEPTUNE:ARIES|PLUTO:AQUARIUS,MERCURY-PLUTO:120|MERCURY-NEPTUNE:180|MERCURY-URANUS:120,2,4,not_applicable,MERCURY,3,7,anchor_house,MERCURY|URANUS|NEPTUNE|PLUTO,swiss_ephemeris,MERCURY:PLUTO:120:2026-09-13|MERCURY:URANUS:120:2026-09-14,around_day,SEP_MERCURY_OUTER_NETWORK,,40,100,会話の行間を質問で確かめ直す,{event_date}頃は、相手の言葉の背景まで見える気がして、話していない意図を先回りしやすくなります。実際に聞いた内容、自分の連想、確認したい点を分けてください。少し前から残る違和感も、答えを決めた質問ではなく相手が説明できる問いで確かめることで、対話を新しい理解へつなげられます。,aspect_cluster;mercury;uranus;neptune;pluto;retrograde_context,1
2026_09_MERCURY_OUTER_NETWORK_S03_N08,2026_09_MERCURY_OUTER_NETWORK,2026-09,aspect_cluster,2026-09-12T00:00:00+09:00,2026-09-13T00:58:00+09:00,2026-09-15T23:59:59+09:00,0,MERCURY|URANUS|NEPTUNE|PLUTO,MERCURY:LIBRA|URANUS:GEMINI|NEPTUNE:ARIES|PLUTO:AQUARIUS,MERCURY-PLUTO:120|MERCURY-NEPTUNE:180|MERCURY-URANUS:120,2,4,not_applicable,MERCURY,3,8,anchor_house,MERCURY|URANUS|NEPTUNE|PLUTO,swiss_ephemeris,MERCURY:PLUTO:120:2026-09-13|MERCURY:URANUS:120:2026-09-14,around_day,SEP_MERCURY_OUTER_NETWORK,,40,100,重要な連絡を共有権限から整理する,{event_date}頃は、資金や秘密に関わる情報が集まり、誰へどこまで伝えるか迷いやすくなります。確認済みの事実、まだ推測の内容、閲覧できる相手を記録してください。少し前から抱える疑問も、核心を急いで広めず権限と出典を揃えることで、深い洞察を安全な連絡へ変えられます。,aspect_cluster;mercury;uranus;neptune;pluto;retrograde_context,1
2026_09_MERCURY_OUTER_NETWORK_S03_N09,2026_09_MERCURY_OUTER_NETWORK,2026-09,aspect_cluster,2026-09-12T00:00:00+09:00,2026-09-13T00:58:00+09:00,2026-09-15T23:59:59+09:00,0,MERCURY|URANUS|NEPTUNE|PLUTO,MERCURY:LIBRA|URANUS:GEMINI|NEPTUNE:ARIES|PLUTO:AQUARIUS,MERCURY-PLUTO:120|MERCURY-NEPTUNE:180|MERCURY-URANUS:120,2,4,not_applicable,MERCURY,3,9,anchor_house,MERCURY|URANUS|NEPTUNE|PLUTO,swiss_ephemeris,MERCURY:PLUTO:120:2026-09-13|MERCURY:URANUS:120:2026-09-14,around_day,SEP_MERCURY_OUTER_NETWORK,,40,100,専門的な知識を身近な例へ翻訳する,{event_date}頃は、複雑な理論や異なる文化の考えが一気につながり、人へ伝えたくなります。用語の定義、確かめられる根拠、日常で試せる例を順に示してください。少し前から学び直しているテーマも、壮大な結論を急がず短い説明へ直すことで、自分と相手の理解をともに深められます。,aspect_cluster;mercury;uranus;neptune;pluto;retrograde_context,1
2026_09_MERCURY_OUTER_NETWORK_S03_N10,2026_09_MERCURY_OUTER_NETWORK,2026-09,aspect_cluster,2026-09-12T00:00:00+09:00,2026-09-13T00:58:00+09:00,2026-09-15T23:59:59+09:00,0,MERCURY|URANUS|NEPTUNE|PLUTO,MERCURY:LIBRA|URANUS:GEMINI|NEPTUNE:ARIES|PLUTO:AQUARIUS,MERCURY-PLUTO:120|MERCURY-NEPTUNE:180|MERCURY-URANUS:120,2,4,not_applicable,MERCURY,3,10,anchor_house,MERCURY|URANUS|NEPTUNE|PLUTO,swiss_ephemeris,MERCURY:PLUTO:120:2026-09-13|MERCURY:URANUS:120:2026-09-14,around_day,SEP_MERCURY_OUTER_NETWORK,,40,100,公の発言を確定事項と提案に分ける,{event_date}頃は、仕事上の情報を読み解き、新しい見通しを説明する役目が増えそうです。すでに決まったこと、検討中の案、判断が変わる条件を分けて発言してください。少し前から再考する方針も、説得力のある物語だけで約束せず検証段階を示すことで、公的な信用を守れます。,aspect_cluster;mercury;uranus;neptune;pluto;retrograde_context,1
2026_09_MERCURY_OUTER_NETWORK_S03_N11,2026_09_MERCURY_OUTER_NETWORK,2026-09,aspect_cluster,2026-09-12T00:00:00+09:00,2026-09-13T00:58:00+09:00,2026-09-15T23:59:59+09:00,0,MERCURY|URANUS|NEPTUNE|PLUTO,MERCURY:LIBRA|URANUS:GEMINI|NEPTUNE:ARIES|PLUTO:AQUARIUS,MERCURY-PLUTO:120|MERCURY-NEPTUNE:180|MERCURY-URANUS:120,2,4,not_applicable,MERCURY,3,11,anchor_house,MERCURY|URANUS|NEPTUNE|PLUTO,swiss_ephemeris,MERCURY:PLUTO:120:2026-09-13|MERCURY:URANUS:120:2026-09-14,around_day,SEP_MERCURY_OUTER_NETWORK,,40,100,集団の情報を決定と意見に仕分ける,{event_date}頃は、仲間から多様な情報が集まり、将来の案が急速に広がりそうです。正式な決定、個人の意見、確認が必要な噂を分けて共有してください。少し前に止まった企画も、場の期待を合意とみなさず次に試すことを明記することで、集団の発想を現実の行動へつなげられます。,aspect_cluster;mercury;uranus;neptune;pluto;retrograde_context,1
2026_09_MERCURY_OUTER_NETWORK_S03_N12,2026_09_MERCURY_OUTER_NETWORK,2026-09,aspect_cluster,2026-09-12T00:00:00+09:00,2026-09-13T00:58:00+09:00,2026-09-15T23:59:59+09:00,0,MERCURY|URANUS|NEPTUNE|PLUTO,MERCURY:LIBRA|URANUS:GEMINI|NEPTUNE:ARIES|PLUTO:AQUARIUS,MERCURY-PLUTO:120|MERCURY-NEPTUNE:180|MERCURY-URANUS:120,2,4,not_applicable,MERCURY,3,12,anchor_house,MERCURY|URANUS|NEPTUNE|PLUTO,swiss_ephemeris,MERCURY:PLUTO:120:2026-09-13|MERCURY:URANUS:120:2026-09-14,around_day,SEP_MERCURY_OUTER_NETWORK,,40,100,内側に響く言葉を記録して寝かせる,{event_date}頃は、夢や偶然聞いた言葉が強く残り、隠れた意味を読み取りたくなります。受け取った言葉、その時の感情、現実で確認できることを分けて書いてください。少し前から繰り返す連想も、すぐ誰かへの答えにせず静かに見直すことで、無意識の気づきを日常の判断と混同せず扱えます。,aspect_cluster;mercury;uranus;neptune;pluto;retrograde_context,1
2026_09_MERCURY_OUTER_NETWORK_S04_N01,2026_09_MERCURY_OUTER_NETWORK,2026-09,aspect_cluster,2026-09-12T00:00:00+09:00,2026-09-13T00:58:00+09:00,2026-09-15T23:59:59+09:00,0,MERCURY|URANUS|NEPTUNE|PLUTO,MERCURY:LIBRA|URANUS:GEMINI|NEPTUNE:ARIES|PLUTO:AQUARIUS,MERCURY-PLUTO:120|MERCURY-NEPTUNE:180|MERCURY-URANUS:120,2,4,not_applicable,MERCURY,4,1,anchor_house,MERCURY|URANUS|NEPTUNE|PLUTO,swiss_ephemeris,MERCURY:PLUTO:120:2026-09-13|MERCURY:URANUS:120:2026-09-14,around_day,SEP_MERCURY_OUTER_NETWORK,,40,100,家での本音を今の自分の声へ整える,{event_date}頃は、住まいや家族について語るうちに、自分でも気づかなかった本音が浮かびやすくなります。天王星が逆行へ転じた後でもあり、以前の自己像に合わせて結論を急がず、今の体感と言葉が一致するか確かめてください。安心できる場所で短く書き出し、説明したいことと守りたいことを分けると、自分らしい伝え方が見つかります。,aspect_cluster;mercury;uranus;neptune;pluto;retrograde_context,1
2026_09_MERCURY_OUTER_NETWORK_S04_N02,2026_09_MERCURY_OUTER_NETWORK,2026-09,aspect_cluster,2026-09-12T00:00:00+09:00,2026-09-13T00:58:00+09:00,2026-09-15T23:59:59+09:00,0,MERCURY|URANUS|NEPTUNE|PLUTO,MERCURY:LIBRA|URANUS:GEMINI|NEPTUNE:ARIES|PLUTO:AQUARIUS,MERCURY-PLUTO:120|MERCURY-NEPTUNE:180|MERCURY-URANUS:120,2,4,not_applicable,MERCURY,4,2,anchor_house,MERCURY|URANUS|NEPTUNE|PLUTO,swiss_ephemeris,MERCURY:PLUTO:120:2026-09-13|MERCURY:URANUS:120:2026-09-14,around_day,SEP_MERCURY_OUTER_NETWORK,,40,100,暮らしを支える費用の根拠を見直す,{event_date}頃は、家賃や修繕費、家族のための出費について、新しい見通しと曖昧な期待が同時に広がりそうです。天王星が逆行へ転じた後の再考も重なるため、安さや安心感だけで決めず、金額、期限、負担する人を一覧にしてください。手元の数字と大切にしたい暮らしを照合することで、納得できる配分へ整えられます。,aspect_cluster;mercury;uranus;neptune;pluto;retrograde_context,1
2026_09_MERCURY_OUTER_NETWORK_S04_N03,2026_09_MERCURY_OUTER_NETWORK,2026-09,aspect_cluster,2026-09-12T00:00:00+09:00,2026-09-13T00:58:00+09:00,2026-09-15T23:59:59+09:00,0,MERCURY|URANUS|NEPTUNE|PLUTO,MERCURY:LIBRA|URANUS:GEMINI|NEPTUNE:ARIES|PLUTO:AQUARIUS,MERCURY-PLUTO:120|MERCURY-NEPTUNE:180|MERCURY-URANUS:120,2,4,not_applicable,MERCURY,4,3,anchor_house,MERCURY|URANUS|NEPTUNE|PLUTO,swiss_ephemeris,MERCURY:PLUTO:120:2026-09-13|MERCURY:URANUS:120:2026-09-14,around_day,SEP_MERCURY_OUTER_NETWORK,,40,100,家庭内の連絡を事実と推測に分ける,{event_date}頃は、家族や同居人への連絡から、別々だった話が一つにつながる一方、誰が言ったか曖昧な情報も混ざりやすくなります。天王星逆行後の見直しとして、伝聞と確認済みの事実を分け、必要な相手へ直接尋ねてください。連絡手段と返信期限をそろえると、居場所に関する判断を落ち着いて進められます。,aspect_cluster;mercury;uranus;neptune;pluto;retrograde_context,1
2026_09_MERCURY_OUTER_NETWORK_S04_N04,2026_09_MERCURY_OUTER_NETWORK,2026-09,aspect_cluster,2026-09-12T00:00:00+09:00,2026-09-13T00:58:00+09:00,2026-09-15T23:59:59+09:00,0,MERCURY|URANUS|NEPTUNE|PLUTO,MERCURY:LIBRA|URANUS:GEMINI|NEPTUNE:ARIES|PLUTO:AQUARIUS,MERCURY-PLUTO:120|MERCURY-NEPTUNE:180|MERCURY-URANUS:120,2,4,not_applicable,MERCURY,4,4,anchor_house,MERCURY|URANUS|NEPTUNE|PLUTO,swiss_ephemeris,MERCURY:PLUTO:120:2026-09-13|MERCURY:URANUS:120:2026-09-14,around_day,SEP_MERCURY_OUTER_NETWORK,,40,100,家族の記憶を現在の視点で読み直す,{event_date}頃は、家族の記憶や過去の住まいに関する話から、今まで見えなかった背景を読み取れるかもしれません。ただし懐かしさや印象が事実を覆うこともあります。天王星が逆行へ転じた後だからこそ、古い記録と複数の証言を比べ、分からない部分は空白のまま残してください。現在の安心に役立つ理解だけを選ぶと、心の土台を更新できます。,aspect_cluster;mercury;uranus;neptune;pluto;retrograde_context,1
2026_09_MERCURY_OUTER_NETWORK_S04_N05,2026_09_MERCURY_OUTER_NETWORK,2026-09,aspect_cluster,2026-09-12T00:00:00+09:00,2026-09-13T00:58:00+09:00,2026-09-15T23:59:59+09:00,0,MERCURY|URANUS|NEPTUNE|PLUTO,MERCURY:LIBRA|URANUS:GEMINI|NEPTUNE:ARIES|PLUTO:AQUARIUS,MERCURY-PLUTO:120|MERCURY-NEPTUNE:180|MERCURY-URANUS:120,2,4,not_applicable,MERCURY,4,5,anchor_house,MERCURY|URANUS|NEPTUNE|PLUTO,swiss_ephemeris,MERCURY:PLUTO:120:2026-09-13|MERCURY:URANUS:120:2026-09-14,around_day,SEP_MERCURY_OUTER_NETWORK,,40,100,居場所から生まれる表現を形にする,{event_date}頃は、家で過ごす時間や幼い頃の記憶から、意外な遊びや表現の着想が生まれやすくなります。天王星逆行後の再発見を急いで完成品にせず、まず小さな試作や下書きにしてください。家族に見せる範囲と自分だけで育てる部分を分け、感想を事実と好みに整理すると、安心できる居場所が創作の源として働きます。,aspect_cluster;mercury;uranus;neptune;pluto;retrograde_context,1
2026_09_MERCURY_OUTER_NETWORK_S04_N06,2026_09_MERCURY_OUTER_NETWORK,2026-09,aspect_cluster,2026-09-12T00:00:00+09:00,2026-09-13T00:58:00+09:00,2026-09-15T23:59:59+09:00,0,MERCURY|URANUS|NEPTUNE|PLUTO,MERCURY:LIBRA|URANUS:GEMINI|NEPTUNE:ARIES|PLUTO:AQUARIUS,MERCURY-PLUTO:120|MERCURY-NEPTUNE:180|MERCURY-URANUS:120,2,4,not_applicable,MERCURY,4,6,anchor_house,MERCURY|URANUS|NEPTUNE|PLUTO,swiss_ephemeris,MERCURY:PLUTO:120:2026-09-13|MERCURY:URANUS:120:2026-09-14,around_day,SEP_MERCURY_OUTER_NETWORK,,40,100,家の用事を無理のない手順へ組み直す,{event_date}頃は、家事や在宅作業の段取りに新しい工夫が見つかる一方、思いつきを一度に取り入れると手順が混線しそうです。天王星が逆行へ転じた後の調整として、負担が集中する時間と担当を記録し、変える項目を一つに絞ってください。睡眠や食事のペースを基準に試すことで、家の運用を無理なく整えられます。,aspect_cluster;mercury;uranus;neptune;pluto;retrograde_context,1
2026_09_MERCURY_OUTER_NETWORK_S04_N07,2026_09_MERCURY_OUTER_NETWORK,2026-09,aspect_cluster,2026-09-12T00:00:00+09:00,2026-09-13T00:58:00+09:00,2026-09-15T23:59:59+09:00,0,MERCURY|URANUS|NEPTUNE|PLUTO,MERCURY:LIBRA|URANUS:GEMINI|NEPTUNE:ARIES|PLUTO:AQUARIUS,MERCURY-PLUTO:120|MERCURY-NEPTUNE:180|MERCURY-URANUS:120,2,4,not_applicable,MERCURY,4,7,anchor_house,MERCURY|URANUS|NEPTUNE|PLUTO,swiss_ephemeris,MERCURY:PLUTO:120:2026-09-13|MERCURY:URANUS:120:2026-09-14,around_day,SEP_MERCURY_OUTER_NETWORK,,40,100,安心できる対話の前提を確かめ合う,{event_date}頃は、家族や身近な相手との会話で、言葉の奥にある望みを察しやすくなる半面、説明されていない意図まで決めつけやすくなります。天王星逆行後に変わり始めた前提もあるため、安心の条件を互いに一つずつ言葉にしてください。結論より確認を優先し、合意点をメモに残すと、対話が居場所の安定につながります。,aspect_cluster;mercury;uranus;neptune;pluto;retrograde_context,1
2026_09_MERCURY_OUTER_NETWORK_S04_N08,2026_09_MERCURY_OUTER_NETWORK,2026-09,aspect_cluster,2026-09-12T00:00:00+09:00,2026-09-13T00:58:00+09:00,2026-09-15T23:59:59+09:00,0,MERCURY|URANUS|NEPTUNE|PLUTO,MERCURY:LIBRA|URANUS:GEMINI|NEPTUNE:ARIES|PLUTO:AQUARIUS,MERCURY-PLUTO:120|MERCURY-NEPTUNE:180|MERCURY-URANUS:120,2,4,not_applicable,MERCURY,4,8,anchor_house,MERCURY|URANUS|NEPTUNE|PLUTO,swiss_ephemeris,MERCURY:PLUTO:120:2026-09-13|MERCURY:URANUS:120:2026-09-14,around_day,SEP_MERCURY_OUTER_NETWORK,,40,100,共有財産と秘密の扱いを明文化する,{event_date}頃は、住まいの契約、家族のお金、共有している秘密など、家庭の深部に関わる情報が集まりやすくなります。天王星が逆行へ転じた後は、以前の了解が今も有効とは限りません。閲覧できる人、決定できる人、保管場所を確認し、口約束を短い記録へ移してください。境界を明らかにするほど、安心して協力できる余地が生まれます。,aspect_cluster;mercury;uranus;neptune;pluto;retrograde_context,1
2026_09_MERCURY_OUTER_NETWORK_S04_N09,2026_09_MERCURY_OUTER_NETWORK,2026-09,aspect_cluster,2026-09-12T00:00:00+09:00,2026-09-13T00:58:00+09:00,2026-09-15T23:59:59+09:00,0,MERCURY|URANUS|NEPTUNE|PLUTO,MERCURY:LIBRA|URANUS:GEMINI|NEPTUNE:ARIES|PLUTO:AQUARIUS,MERCURY-PLUTO:120|MERCURY-NEPTUNE:180|MERCURY-URANUS:120,2,4,not_applicable,MERCURY,4,9,anchor_house,MERCURY|URANUS|NEPTUNE|PLUTO,swiss_ephemeris,MERCURY:PLUTO:120:2026-09-13|MERCURY:URANUS:120:2026-09-14,around_day,SEP_MERCURY_OUTER_NETWORK,,40,100,受け継いだ価値観を自分の言葉に直す,{event_date}頃は、家族から受け継いだ信念や土地にまつわる考え方を、別の知識と結びつけて捉え直せそうです。天王星逆行後の問い直しにより、正しいと教わったことへ違和感も生まれるでしょう。出典を調べ、自分の経験と他者の価値観を分けて書いてください。否定か継承かを急がず、今の暮らしに使える言葉へ翻訳すると視野が広がります。,aspect_cluster;mercury;uranus;neptune;pluto;retrograde_context,1
2026_09_MERCURY_OUTER_NETWORK_S04_N10,2026_09_MERCURY_OUTER_NETWORK,2026-09,aspect_cluster,2026-09-12T00:00:00+09:00,2026-09-13T00:58:00+09:00,2026-09-15T23:59:59+09:00,0,MERCURY|URANUS|NEPTUNE|PLUTO,MERCURY:LIBRA|URANUS:GEMINI|NEPTUNE:ARIES|PLUTO:AQUARIUS,MERCURY-PLUTO:120|MERCURY-NEPTUNE:180|MERCURY-URANUS:120,2,4,not_applicable,MERCURY,4,10,anchor_house,MERCURY|URANUS|NEPTUNE|PLUTO,swiss_ephemeris,MERCURY:PLUTO:120:2026-09-13|MERCURY:URANUS:120:2026-09-14,around_day,SEP_MERCURY_OUTER_NETWORK,,40,100,家庭と仕事の役割説明を揃え直す,{event_date}頃は、家庭で担う役割と仕事上の説明が食い違っている点に気づきやすくなります。天王星が逆行へ転じた後の見直しとして、家で引き受けられる時間と外で約束している責任を並べてください。推測で期待を補わず、関係者へ変更可能な範囲を伝えることで、私生活を守りながら社会的な方針を整えられます。,aspect_cluster;mercury;uranus;neptune;pluto;retrograde_context,1
2026_09_MERCURY_OUTER_NETWORK_S04_N11,2026_09_MERCURY_OUTER_NETWORK,2026-09,aspect_cluster,2026-09-12T00:00:00+09:00,2026-09-13T00:58:00+09:00,2026-09-15T23:59:59+09:00,0,MERCURY|URANUS|NEPTUNE|PLUTO,MERCURY:LIBRA|URANUS:GEMINI|NEPTUNE:ARIES|PLUTO:AQUARIUS,MERCURY-PLUTO:120|MERCURY-NEPTUNE:180|MERCURY-URANUS:120,2,4,not_applicable,MERCURY,4,11,anchor_house,MERCURY|URANUS|NEPTUNE|PLUTO,swiss_ephemeris,MERCURY:PLUTO:120:2026-09-13|MERCURY:URANUS:120:2026-09-14,around_day,SEP_MERCURY_OUTER_NETWORK,,40,100,仲間を迎える居場所のルールを整える,{event_date}頃は、仲間を家へ招く計画や地域の連絡から、思いがけない協力案が広がりやすくなります。一方で、全員が同じ安心基準を持つとは限りません。天王星逆行後に変わった参加条件を確認し、利用時間、連絡先、片づけの担当を共有してください。理想だけでなく実際の居心地を尋ねると、続けられる集まり方が見えてきます。,aspect_cluster;mercury;uranus;neptune;pluto;retrograde_context,1
2026_09_MERCURY_OUTER_NETWORK_S04_N12,2026_09_MERCURY_OUTER_NETWORK,2026-09,aspect_cluster,2026-09-12T00:00:00+09:00,2026-09-13T00:58:00+09:00,2026-09-15T23:59:59+09:00,0,MERCURY|URANUS|NEPTUNE|PLUTO,MERCURY:LIBRA|URANUS:GEMINI|NEPTUNE:ARIES|PLUTO:AQUARIUS,MERCURY-PLUTO:120|MERCURY-NEPTUNE:180|MERCURY-URANUS:120,2,4,not_applicable,MERCURY,4,12,anchor_house,MERCURY|URANUS|NEPTUNE|PLUTO,swiss_ephemeris,MERCURY:PLUTO:120:2026-09-13|MERCURY:URANUS:120:2026-09-14,around_day,SEP_MERCURY_OUTER_NETWORK,,40,100,心に残る家族の言葉を静かにほどく,{event_date}頃は、夢やふとした沈黙の中で、家族から受け取った言葉の隠れた意味が浮かぶかもしれません。天王星が逆行へ転じた後でもあり、直感をすぐ事実とせず、その時の感情や身体感覚と一緒に記録してください。一晩置いて読み返し、今の自分を支える言葉と手放したい思い込みを分けると、内側に静かな居場所を作れます。,aspect_cluster;mercury;uranus;neptune;pluto;retrograde_context,1
2026_09_MERCURY_OUTER_NETWORK_S05_N01,2026_09_MERCURY_OUTER_NETWORK,2026-09,aspect_cluster,2026-09-12T00:00:00+09:00,2026-09-13T00:58:00+09:00,2026-09-15T23:59:59+09:00,0,MERCURY|URANUS|NEPTUNE|PLUTO,MERCURY:LIBRA|URANUS:GEMINI|NEPTUNE:ARIES|PLUTO:AQUARIUS,MERCURY-PLUTO:120|MERCURY-NEPTUNE:180|MERCURY-URANUS:120,2,4,not_applicable,MERCURY,5,1,anchor_house,MERCURY|URANUS|NEPTUNE|PLUTO,swiss_ephemeris,MERCURY:PLUTO:120:2026-09-13|MERCURY:URANUS:120:2026-09-14,around_day,SEP_MERCURY_OUTER_NETWORK,,40,100,表現したい自分を試作の言葉で示す,{event_date}頃は、遊びや創作を通して、これまでとは違う自分を見せたくなりそうです。天王星が逆行へ転じた後でもあり、ひらめきを完成した自己像と決めず、短い文章や小さな実演として試してください。周囲の反応と自分の手応えを分けて記録すると、借り物ではない表現の輪郭が見えてきます。,aspect_cluster;mercury;uranus;neptune;pluto;retrograde_context,1
2026_09_MERCURY_OUTER_NETWORK_S05_N02,2026_09_MERCURY_OUTER_NETWORK,2026-09,aspect_cluster,2026-09-12T00:00:00+09:00,2026-09-13T00:58:00+09:00,2026-09-15T23:59:59+09:00,0,MERCURY|URANUS|NEPTUNE|PLUTO,MERCURY:LIBRA|URANUS:GEMINI|NEPTUNE:ARIES|PLUTO:AQUARIUS,MERCURY-PLUTO:120|MERCURY-NEPTUNE:180|MERCURY-URANUS:120,2,4,not_applicable,MERCURY,5,2,anchor_house,MERCURY|URANUS|NEPTUNE|PLUTO,swiss_ephemeris,MERCURY:PLUTO:120:2026-09-13|MERCURY:URANUS:120:2026-09-14,around_day,SEP_MERCURY_OUTER_NETWORK,,40,100,楽しみに使う費用の優先順位を決める,{event_date}頃は、趣味やデート、創作道具に関して魅力的な案が増える一方、必要額が曖昧なまま期待だけが膨らみやすくなります。天王星逆行後の見直しとして、単価、利用回数、手元に残る価値を比べてください。今すぐ試すものと保留するものを分けると、喜びを削らず現実的な予算に収められます。,aspect_cluster;mercury;uranus;neptune;pluto;retrograde_context,1
2026_09_MERCURY_OUTER_NETWORK_S05_N03,2026_09_MERCURY_OUTER_NETWORK,2026-09,aspect_cluster,2026-09-12T00:00:00+09:00,2026-09-13T00:58:00+09:00,2026-09-15T23:59:59+09:00,0,MERCURY|URANUS|NEPTUNE|PLUTO,MERCURY:LIBRA|URANUS:GEMINI|NEPTUNE:ARIES|PLUTO:AQUARIUS,MERCURY-PLUTO:120|MERCURY-NEPTUNE:180|MERCURY-URANUS:120,2,4,not_applicable,MERCURY,5,3,anchor_house,MERCURY|URANUS|NEPTUNE|PLUTO,swiss_ephemeris,MERCURY:PLUTO:120:2026-09-13|MERCURY:URANUS:120:2026-09-14,around_day,SEP_MERCURY_OUTER_NETWORK,,40,100,遊びの発想を伝わる順序へ並べ直す,{event_date}頃は、会話や短い移動の途中で、離れていた着想が急につながりそうです。ただし面白さを優先すると、聞き手には前提が抜けて見えるかもしれません。天王星が逆行へ転じた後の再編集として、誰に何を伝えるかを決め、結論、背景、例の順に並べてください。軽い試し読みが、発想を共有できる形へ導きます。,aspect_cluster;mercury;uranus;neptune;pluto;retrograde_context,1
2026_09_MERCURY_OUTER_NETWORK_S05_N04,2026_09_MERCURY_OUTER_NETWORK,2026-09,aspect_cluster,2026-09-12T00:00:00+09:00,2026-09-13T00:58:00+09:00,2026-09-15T23:59:59+09:00,0,MERCURY|URANUS|NEPTUNE|PLUTO,MERCURY:LIBRA|URANUS:GEMINI|NEPTUNE:ARIES|PLUTO:AQUARIUS,MERCURY-PLUTO:120|MERCURY-NEPTUNE:180|MERCURY-URANUS:120,2,4,not_applicable,MERCURY,5,4,anchor_house,MERCURY|URANUS|NEPTUNE|PLUTO,swiss_ephemeris,MERCURY:PLUTO:120:2026-09-13|MERCURY:URANUS:120:2026-09-14,around_day,SEP_MERCURY_OUTER_NETWORK,,40,100,幼い頃の記憶を新しい物語へ変える,{event_date}頃は、幼い頃に好きだった遊びや家族との記憶が、今の創作を動かす素材になりそうです。天王星逆行後の再発見が重なりますが、記憶の印象と確認できる出来事は分けて扱ってください。写真や当時の品を一つ選び、現在の視点で短い物語にすると、過去を美化せず表現の根へつなげられます。,aspect_cluster;mercury;uranus;neptune;pluto;retrograde_context,1
2026_09_MERCURY_OUTER_NETWORK_S05_N05,2026_09_MERCURY_OUTER_NETWORK,2026-09,aspect_cluster,2026-09-12T00:00:00+09:00,2026-09-13T00:58:00+09:00,2026-09-15T23:59:59+09:00,0,MERCURY|URANUS|NEPTUNE|PLUTO,MERCURY:LIBRA|URANUS:GEMINI|NEPTUNE:ARIES|PLUTO:AQUARIUS,MERCURY-PLUTO:120|MERCURY-NEPTUNE:180|MERCURY-URANUS:120,2,4,not_applicable,MERCURY,5,5,anchor_house,MERCURY|URANUS|NEPTUNE|PLUTO,swiss_ephemeris,MERCURY:PLUTO:120:2026-09-13|MERCURY:URANUS:120:2026-09-14,around_day,SEP_MERCURY_OUTER_NETWORK,,40,100,心が動く表現を小さな作品で試す,{event_date}頃は、恋愛や創作で心を奪う着想が生まれ、深く没頭したくなるでしょう。一方で、相手の反応や作品の意味を理想化しやすい時でもあります。天王星が逆行へ転じた後だからこそ、結論や評価を求めず、小さな作品や率直な一言として外へ出してください。実際の手応えを確かめるほど、喜びの核が明確になります。,aspect_cluster;mercury;uranus;neptune;pluto;retrograde_context,1
2026_09_MERCURY_OUTER_NETWORK_S05_N06,2026_09_MERCURY_OUTER_NETWORK,2026-09,aspect_cluster,2026-09-12T00:00:00+09:00,2026-09-13T00:58:00+09:00,2026-09-15T23:59:59+09:00,0,MERCURY|URANUS|NEPTUNE|PLUTO,MERCURY:LIBRA|URANUS:GEMINI|NEPTUNE:ARIES|PLUTO:AQUARIUS,MERCURY-PLUTO:120|MERCURY-NEPTUNE:180|MERCURY-URANUS:120,2,4,not_applicable,MERCURY,5,6,anchor_house,MERCURY|URANUS|NEPTUNE|PLUTO,swiss_ephemeris,MERCURY:PLUTO:120:2026-09-13|MERCURY:URANUS:120:2026-09-14,around_day,SEP_MERCURY_OUTER_NETWORK,,40,100,創作を続ける時間割を現実に合わせる,{event_date}頃は、趣味や制作を日課へ組み込む新しい方法が見つかる一方、集中すると休憩や日常の用事を忘れやすくなります。天王星逆行後の調整として、作業時間だけでなく準備と片づけも予定に入れてください。体調と進み具合を数日記録し、続けられる長さへ区切ると、ひらめきを無理なく育てられます。,aspect_cluster;mercury;uranus;neptune;pluto;retrograde_context,1
2026_09_MERCURY_OUTER_NETWORK_S05_N07,2026_09_MERCURY_OUTER_NETWORK,2026-09,aspect_cluster,2026-09-12T00:00:00+09:00,2026-09-13T00:58:00+09:00,2026-09-15T23:59:59+09:00,0,MERCURY|URANUS|NEPTUNE|PLUTO,MERCURY:LIBRA|URANUS:GEMINI|NEPTUNE:ARIES|PLUTO:AQUARIUS,MERCURY-PLUTO:120|MERCURY-NEPTUNE:180|MERCURY-URANUS:120,2,4,not_applicable,MERCURY,5,7,anchor_house,MERCURY|URANUS|NEPTUNE|PLUTO,swiss_ephemeris,MERCURY:PLUTO:120:2026-09-13|MERCURY:URANUS:120:2026-09-14,around_day,SEP_MERCURY_OUTER_NETWORK,,40,100,好意と創作の期待を言葉で確かめる,{event_date}頃は、恋愛や共同制作の相手と強く通じ合う感覚が生まれる半面、言葉にしていない期待まで一致したと思いやすくなります。天王星が逆行へ転じた後で関係の前提も変わり始めています。楽しいこと、決めたいこと、まだ分からないことを分けて尋ねてください。確認を重ねるほど、自由さを守った協力ができます。,aspect_cluster;mercury;uranus;neptune;pluto;retrograde_context,1
2026_09_MERCURY_OUTER_NETWORK_S05_N08,2026_09_MERCURY_OUTER_NETWORK,2026-09,aspect_cluster,2026-09-12T00:00:00+09:00,2026-09-13T00:58:00+09:00,2026-09-15T23:59:59+09:00,0,MERCURY|URANUS|NEPTUNE|PLUTO,MERCURY:LIBRA|URANUS:GEMINI|NEPTUNE:ARIES|PLUTO:AQUARIUS,MERCURY-PLUTO:120|MERCURY-NEPTUNE:180|MERCURY-URANUS:120,2,4,not_applicable,MERCURY,5,8,anchor_house,MERCURY|URANUS|NEPTUNE|PLUTO,swiss_ephemeris,MERCURY:PLUTO:120:2026-09-13|MERCURY:URANUS:120:2026-09-14,around_day,SEP_MERCURY_OUTER_NETWORK,,40,100,親密な表現の共有範囲を決め直す,{event_date}頃は、恋愛や作品を通じて深い気持ちを伝えたくなりますが、公開範囲や引用の可否が曖昧だと後から認識がずれそうです。天王星逆行後の見直しとして、二人だけの内容、共有できる部分、削除を頼める条件を言葉にしてください。信頼を気分だけに委ねず境界を確かめることで、安心して本音を表現できます。,aspect_cluster;mercury;uranus;neptune;pluto;retrograde_context,1
2026_09_MERCURY_OUTER_NETWORK_S05_N09,2026_09_MERCURY_OUTER_NETWORK,2026-09,aspect_cluster,2026-09-12T00:00:00+09:00,2026-09-13T00:58:00+09:00,2026-09-15T23:59:59+09:00,0,MERCURY|URANUS|NEPTUNE|PLUTO,MERCURY:LIBRA|URANUS:GEMINI|NEPTUNE:ARIES|PLUTO:AQUARIUS,MERCURY-PLUTO:120|MERCURY-NEPTUNE:180|MERCURY-URANUS:120,2,4,not_applicable,MERCURY,5,9,anchor_house,MERCURY|URANUS|NEPTUNE|PLUTO,swiss_ephemeris,MERCURY:PLUTO:120:2026-09-13|MERCURY:URANUS:120:2026-09-14,around_day,SEP_MERCURY_OUTER_NETWORK,,40,100,学んだ世界観を自分の作品へ翻訳する,{event_date}頃は、専門知識や異文化の物語が創作意欲を刺激し、壮大な構想へ発展しそうです。天王星が逆行へ転じた後でもあるため、新奇さだけで借用せず、出典と自分の解釈を分けてください。学んだ要点を身近な場面へ置き換え、短い試作にすると、理解を深めながら独自の世界観を育てられます。,aspect_cluster;mercury;uranus;neptune;pluto;retrograde_context,1
2026_09_MERCURY_OUTER_NETWORK_S05_N10,2026_09_MERCURY_OUTER_NETWORK,2026-09,aspect_cluster,2026-09-12T00:00:00+09:00,2026-09-13T00:58:00+09:00,2026-09-15T23:59:59+09:00,0,MERCURY|URANUS|NEPTUNE|PLUTO,MERCURY:LIBRA|URANUS:GEMINI|NEPTUNE:ARIES|PLUTO:AQUARIUS,MERCURY-PLUTO:120|MERCURY-NEPTUNE:180|MERCURY-URANUS:120,2,4,not_applicable,MERCURY,5,10,anchor_house,MERCURY|URANUS|NEPTUNE|PLUTO,swiss_ephemeris,MERCURY:PLUTO:120:2026-09-13|MERCURY:URANUS:120:2026-09-14,around_day,SEP_MERCURY_OUTER_NETWORK,,40,100,作品の見せ方を公の目的へ合わせる,{event_date}頃は、作品や特技を公に見せる方法について、意外な企画や深い訴求点が見つかりそうです。ただし印象的な説明が実際の内容を越えないよう注意が必要です。天王星逆行後の再設計として、公開の目的、対象、確認済みの実績を分けてください。試作品への具体的な反応を集めると、信頼できる見せ方へ磨けます。,aspect_cluster;mercury;uranus;neptune;pluto;retrograde_context,1
2026_09_MERCURY_OUTER_NETWORK_S05_N11,2026_09_MERCURY_OUTER_NETWORK,2026-09,aspect_cluster,2026-09-12T00:00:00+09:00,2026-09-13T00:58:00+09:00,2026-09-15T23:59:59+09:00,0,MERCURY|URANUS|NEPTUNE|PLUTO,MERCURY:LIBRA|URANUS:GEMINI|NEPTUNE:ARIES|PLUTO:AQUARIUS,MERCURY-PLUTO:120|MERCURY-NEPTUNE:180|MERCURY-URANUS:120,2,4,not_applicable,MERCURY,5,11,anchor_house,MERCURY|URANUS|NEPTUNE|PLUTO,swiss_ephemeris,MERCURY:PLUTO:120:2026-09-13|MERCURY:URANUS:120:2026-09-14,around_day,SEP_MERCURY_OUTER_NETWORK,,40,100,観客の声を作品の次の一手へ生かす,{event_date}頃は、仲間や観客から多様な感想が集まり、予想外の方向へ作品を広げるヒントが得られそうです。天王星が逆行へ転じた後は、過去の評価を読み直す機会にもなります。好みの感想、改善に使える指摘、事実確認が必要な意見を分けてください。全てに応えず目的に合う声を選ぶと、次の一手が定まります。,aspect_cluster;mercury;uranus;neptune;pluto;retrograde_context,1
2026_09_MERCURY_OUTER_NETWORK_S05_N12,2026_09_MERCURY_OUTER_NETWORK,2026-09,aspect_cluster,2026-09-12T00:00:00+09:00,2026-09-13T00:58:00+09:00,2026-09-15T23:59:59+09:00,0,MERCURY|URANUS|NEPTUNE|PLUTO,MERCURY:LIBRA|URANUS:GEMINI|NEPTUNE:ARIES|PLUTO:AQUARIUS,MERCURY-PLUTO:120|MERCURY-NEPTUNE:180|MERCURY-URANUS:120,2,4,not_applicable,MERCURY,5,12,anchor_house,MERCURY|URANUS|NEPTUNE|PLUTO,swiss_ephemeris,MERCURY:PLUTO:120:2026-09-13|MERCURY:URANUS:120:2026-09-14,around_day,SEP_MERCURY_OUTER_NETWORK,,40,100,夢に浮かぶ着想を静かに寝かせる,{event_date}頃は、夢やぼんやりした時間に、形になる前の物語や旋律が浮かびやすくなります。天王星逆行後の内的な見直しも重なるため、意味を決めつけず、色、言葉、感情をそのまま記録してください。すぐ公開せず一晩置き、翌日に残る核だけを小さく試すと、無意識の素材を日常と混同せず創作へ運べます。,aspect_cluster;mercury;uranus;neptune;pluto;retrograde_context,1
2026_09_MERCURY_OUTER_NETWORK_S06_N01,2026_09_MERCURY_OUTER_NETWORK,2026-09,aspect_cluster,2026-09-12T00:00:00+09:00,2026-09-13T00:58:00+09:00,2026-09-15T23:59:59+09:00,0,MERCURY|URANUS|NEPTUNE|PLUTO,MERCURY:LIBRA|URANUS:GEMINI|NEPTUNE:ARIES|PLUTO:AQUARIUS,MERCURY-PLUTO:120|MERCURY-NEPTUNE:180|MERCURY-URANUS:120,2,4,not_applicable,MERCURY,6,1,anchor_house,MERCURY|URANUS|NEPTUNE|PLUTO,swiss_ephemeris,MERCURY:PLUTO:120:2026-09-13|MERCURY:URANUS:120:2026-09-14,around_day,SEP_MERCURY_OUTER_NETWORK,,40,100,身体の反応を日課を直す手がかりにする,{event_date}頃は、仕事の進め方と身体の調子のつながりに、意外な気づきが生まれそうです。天王星が逆行へ転じた後でもあり、一時的な感覚を原因と決めず、疲れた時間、作業内容、休憩後の変化を記録してください。自分に合わない手順を一つだけ替えて数日試すと、無理の少ない働き方を具体化できます。,aspect_cluster;mercury;uranus;neptune;pluto;retrograde_context,1
2026_09_MERCURY_OUTER_NETWORK_S06_N02,2026_09_MERCURY_OUTER_NETWORK,2026-09,aspect_cluster,2026-09-12T00:00:00+09:00,2026-09-13T00:58:00+09:00,2026-09-15T23:59:59+09:00,0,MERCURY|URANUS|NEPTUNE|PLUTO,MERCURY:LIBRA|URANUS:GEMINI|NEPTUNE:ARIES|PLUTO:AQUARIUS,MERCURY-PLUTO:120|MERCURY-NEPTUNE:180|MERCURY-URANUS:120,2,4,not_applicable,MERCURY,6,2,anchor_house,MERCURY|URANUS|NEPTUNE|PLUTO,swiss_ephemeris,MERCURY:PLUTO:120:2026-09-13|MERCURY:URANUS:120:2026-09-14,around_day,SEP_MERCURY_OUTER_NETWORK,,40,100,仕事道具の費用と効果を数字で比べる,{event_date}頃は、作業効率や健康管理を助ける道具について、魅力的な情報が次々に見つかりそうです。ただし宣伝の印象と実際の効果は分ける必要があります。天王星逆行後の再検討として、価格、使用頻度、代用品、解約条件を並べてください。小さく試せる方法から選ぶと、暮らしを支える出費へ絞れます。,aspect_cluster;mercury;uranus;neptune;pluto;retrograde_context,1
2026_09_MERCURY_OUTER_NETWORK_S06_N03,2026_09_MERCURY_OUTER_NETWORK,2026-09,aspect_cluster,2026-09-12T00:00:00+09:00,2026-09-13T00:58:00+09:00,2026-09-15T23:59:59+09:00,0,MERCURY|URANUS|NEPTUNE|PLUTO,MERCURY:LIBRA|URANUS:GEMINI|NEPTUNE:ARIES|PLUTO:AQUARIUS,MERCURY-PLUTO:120|MERCURY-NEPTUNE:180|MERCURY-URANUS:120,2,4,not_applicable,MERCURY,6,3,anchor_house,MERCURY|URANUS|NEPTUNE|PLUTO,swiss_ephemeris,MERCURY:PLUTO:120:2026-09-13|MERCURY:URANUS:120:2026-09-14,around_day,SEP_MERCURY_OUTER_NETWORK,,40,100,日々の連絡を要点と期限に整理する,{event_date}頃は、仕事や用事の連絡から重要な背景を読み取れる半面、推測した意図まで事実として扱いやすくなります。天王星が逆行へ転じた後は連絡経路の変更も起こり得るため、依頼内容、担当、期限、確認先を一つの一覧へまとめてください。返信待ちを明示すると、情報量に振り回されず優先順を保てます。,aspect_cluster;mercury;uranus;neptune;pluto;retrograde_context,1
2026_09_MERCURY_OUTER_NETWORK_S06_N04,2026_09_MERCURY_OUTER_NETWORK,2026-09,aspect_cluster,2026-09-12T00:00:00+09:00,2026-09-13T00:58:00+09:00,2026-09-15T23:59:59+09:00,0,MERCURY|URANUS|NEPTUNE|PLUTO,MERCURY:LIBRA|URANUS:GEMINI|NEPTUNE:ARIES|PLUTO:AQUARIUS,MERCURY-PLUTO:120|MERCURY-NEPTUNE:180|MERCURY-URANUS:120,2,4,not_applicable,MERCURY,6,4,anchor_house,MERCURY|URANUS|NEPTUNE|PLUTO,swiss_ephemeris,MERCURY:PLUTO:120:2026-09-13|MERCURY:URANUS:120:2026-09-14,around_day,SEP_MERCURY_OUTER_NETWORK,,40,100,家事と仕事の境目を予定表で引き直す,{event_date}頃は、家の用事と仕事の段取りを一緒に見直す発想が浮かびますが、家族の期待や暗黙の担当を読み違えると負担が偏りそうです。天王星逆行後の調整として、在宅時間、集中が必要な時間、代われる家事を共有してください。予定表に境目を作り、実際の所要時間を記録すると、安心できる生活リズムへ近づきます。,aspect_cluster;mercury;uranus;neptune;pluto;retrograde_context,1
2026_09_MERCURY_OUTER_NETWORK_S06_N05,2026_09_MERCURY_OUTER_NETWORK,2026-09,aspect_cluster,2026-09-12T00:00:00+09:00,2026-09-13T00:58:00+09:00,2026-09-15T23:59:59+09:00,0,MERCURY|URANUS|NEPTUNE|PLUTO,MERCURY:LIBRA|URANUS:GEMINI|NEPTUNE:ARIES|PLUTO:AQUARIUS,MERCURY-PLUTO:120|MERCURY-NEPTUNE:180|MERCURY-URANUS:120,2,4,not_applicable,MERCURY,6,5,anchor_house,MERCURY|URANUS|NEPTUNE|PLUTO,swiss_ephemeris,MERCURY:PLUTO:120:2026-09-13|MERCURY:URANUS:120:2026-09-14,around_day,SEP_MERCURY_OUTER_NETWORK,,40,100,単調な作業へ遊びの工夫を加えてみる,{event_date}頃は、繰り返しの仕事や健康習慣へ、意外な遊び方や創意を取り入れたくなります。天王星が逆行へ転じた後の試行錯誤として、成果を急がず、一つの工程だけ方法を変えてください。楽しさ、正確さ、所要時間を別々に確かめると、気分転換で終わらず続けられる改善として定着します。,aspect_cluster;mercury;uranus;neptune;pluto;retrograde_context,1
2026_09_MERCURY_OUTER_NETWORK_S06_N06,2026_09_MERCURY_OUTER_NETWORK,2026-09,aspect_cluster,2026-09-12T00:00:00+09:00,2026-09-13T00:58:00+09:00,2026-09-15T23:59:59+09:00,0,MERCURY|URANUS|NEPTUNE|PLUTO,MERCURY:LIBRA|URANUS:GEMINI|NEPTUNE:ARIES|PLUTO:AQUARIUS,MERCURY-PLUTO:120|MERCURY-NEPTUNE:180|MERCURY-URANUS:120,2,4,not_applicable,MERCURY,6,6,anchor_house,MERCURY|URANUS|NEPTUNE|PLUTO,swiss_ephemeris,MERCURY:PLUTO:120:2026-09-13|MERCURY:URANUS:120:2026-09-14,around_day,SEP_MERCURY_OUTER_NETWORK,,40,100,複雑な日課を最小の手順へ戻していく,{event_date}頃は、日課の無駄や不調の背景を深く探れる一方、情報を集めすぎて何から直すか分からなくなるかもしれません。天王星逆行後の見直しとして、睡眠、食事、作業、休憩の事実だけを記録し、仮説は別欄に置いてください。最も負担の大きい一工程を簡略化すると、変化の効果を落ち着いて判別できます。,aspect_cluster;mercury;uranus;neptune;pluto;retrograde_context,1
2026_09_MERCURY_OUTER_NETWORK_S06_N07,2026_09_MERCURY_OUTER_NETWORK,2026-09,aspect_cluster,2026-09-12T00:00:00+09:00,2026-09-13T00:58:00+09:00,2026-09-15T23:59:59+09:00,0,MERCURY|URANUS|NEPTUNE|PLUTO,MERCURY:LIBRA|URANUS:GEMINI|NEPTUNE:ARIES|PLUTO:AQUARIUS,MERCURY-PLUTO:120|MERCURY-NEPTUNE:180|MERCURY-URANUS:120,2,4,not_applicable,MERCURY,6,7,anchor_house,MERCURY|URANUS|NEPTUNE|PLUTO,swiss_ephemeris,MERCURY:PLUTO:120:2026-09-13|MERCURY:URANUS:120:2026-09-14,around_day,SEP_MERCURY_OUTER_NETWORK,,40,100,協働する相手と担当の前提を揃える,{event_date}頃は、同僚や支援する相手の要望を先回りして読める反面、合意していない役割まで引き受けやすくなります。天王星が逆行へ転じた後で協力の形も変わり始めています。依頼、提案、確定事項を分け、担当と完了条件を互いに確認してください。曖昧な親切を明確な協働へ変えるほど、日々の負担を公平にできます。,aspect_cluster;mercury;uranus;neptune;pluto;retrograde_context,1
2026_09_MERCURY_OUTER_NETWORK_S06_N08,2026_09_MERCURY_OUTER_NETWORK,2026-09,aspect_cluster,2026-09-12T00:00:00+09:00,2026-09-13T00:58:00+09:00,2026-09-15T23:59:59+09:00,0,MERCURY|URANUS|NEPTUNE|PLUTO,MERCURY:LIBRA|URANUS:GEMINI|NEPTUNE:ARIES|PLUTO:AQUARIUS,MERCURY-PLUTO:120|MERCURY-NEPTUNE:180|MERCURY-URANUS:120,2,4,not_applicable,MERCURY,6,8,anchor_house,MERCURY|URANUS|NEPTUNE|PLUTO,swiss_ephemeris,MERCURY:PLUTO:120:2026-09-13|MERCURY:URANUS:120:2026-09-14,around_day,SEP_MERCURY_OUTER_NETWORK,,40,100,共有する業務情報の権限を点検する,{event_date}頃は、共同経費や機密を含む業務情報を整理する必要が生じ、隠れていた関連性も見つかりそうです。天王星逆行後は以前の共有設定が現状に合わない可能性があります。閲覧、編集、承認の権限と保存期限を確認し、推測の内容には印を付けてください。扱う範囲を明文化すると、深い情報を安全に実務へ生かせます。,aspect_cluster;mercury;uranus;neptune;pluto;retrograde_context,1
2026_09_MERCURY_OUTER_NETWORK_S06_N09,2026_09_MERCURY_OUTER_NETWORK,2026-09,aspect_cluster,2026-09-12T00:00:00+09:00,2026-09-13T00:58:00+09:00,2026-09-15T23:59:59+09:00,0,MERCURY|URANUS|NEPTUNE|PLUTO,MERCURY:LIBRA|URANUS:GEMINI|NEPTUNE:ARIES|PLUTO:AQUARIUS,MERCURY-PLUTO:120|MERCURY-NEPTUNE:180|MERCURY-URANUS:120,2,4,not_applicable,MERCURY,6,9,anchor_house,MERCURY|URANUS|NEPTUNE|PLUTO,swiss_ephemeris,MERCURY:PLUTO:120:2026-09-13|MERCURY:URANUS:120:2026-09-14,around_day,SEP_MERCURY_OUTER_NETWORK,,40,100,学んだ方法を日常の一工程で試す,{event_date}頃は、専門的な働き方や健康管理の考え方が、日々の課題を解く鍵に見えてきます。ただし理論をそのまま当てはめず、天王星逆行後の再検証を意識してください。出典と適用条件を確かめ、身近な一工程で短期間試しましょう。結果と感想を分けて残すと、自分の生活に合う知識だけを選べます。,aspect_cluster;mercury;uranus;neptune;pluto;retrograde_context,1
2026_09_MERCURY_OUTER_NETWORK_S06_N10,2026_09_MERCURY_OUTER_NETWORK,2026-09,aspect_cluster,2026-09-12T00:00:00+09:00,2026-09-13T00:58:00+09:00,2026-09-15T23:59:59+09:00,0,MERCURY|URANUS|NEPTUNE|PLUTO,MERCURY:LIBRA|URANUS:GEMINI|NEPTUNE:ARIES|PLUTO:AQUARIUS,MERCURY-PLUTO:120|MERCURY-NEPTUNE:180|MERCURY-URANUS:120,2,4,not_applicable,MERCURY,6,10,anchor_house,MERCURY|URANUS|NEPTUNE|PLUTO,swiss_ephemeris,MERCURY:PLUTO:120:2026-09-13|MERCURY:URANUS:120:2026-09-14,around_day,SEP_MERCURY_OUTER_NETWORK,,40,100,見えにくい仕事を実績として言語化する,{event_date}頃は、日々担ってきた細かな仕事の価値や、職場の問題の核心を言葉にできそうです。一方で印象的な説明が実際の成果を越えないよう注意してください。天王星が逆行へ転じた後の棚卸しとして、担当、工夫、確認できる結果を分けて記録しましょう。根拠を添えて共有すると、役割の見直しを現実的に提案できます。,aspect_cluster;mercury;uranus;neptune;pluto;retrograde_context,1
2026_09_MERCURY_OUTER_NETWORK_S06_N11,2026_09_MERCURY_OUTER_NETWORK,2026-09,aspect_cluster,2026-09-12T00:00:00+09:00,2026-09-13T00:58:00+09:00,2026-09-15T23:59:59+09:00,0,MERCURY|URANUS|NEPTUNE|PLUTO,MERCURY:LIBRA|URANUS:GEMINI|NEPTUNE:ARIES|PLUTO:AQUARIUS,MERCURY-PLUTO:120|MERCURY-NEPTUNE:180|MERCURY-URANUS:120,2,4,not_applicable,MERCURY,6,11,anchor_house,MERCURY|URANUS|NEPTUNE|PLUTO,swiss_ephemeris,MERCURY:PLUTO:120:2026-09-13|MERCURY:URANUS:120:2026-09-14,around_day,SEP_MERCURY_OUTER_NETWORK,,40,100,チームの改善案を試せる形へ絞る,{event_date}頃は、仲間から多様な改善案が集まり、仕事の仕組みを大きく変える可能性が見えてきます。しかし全案を同時に採用すると効果を判別できません。天王星逆行後の見直しとして、目的、対象者、試す期間、判断基準を決めてください。少人数で検証してから共有すると、理想を実務へ無理なくつなげられます。,aspect_cluster;mercury;uranus;neptune;pluto;retrograde_context,1
2026_09_MERCURY_OUTER_NETWORK_S06_N12,2026_09_MERCURY_OUTER_NETWORK,2026-09,aspect_cluster,2026-09-12T00:00:00+09:00,2026-09-13T00:58:00+09:00,2026-09-15T23:59:59+09:00,0,MERCURY|URANUS|NEPTUNE|PLUTO,MERCURY:LIBRA|URANUS:GEMINI|NEPTUNE:ARIES|PLUTO:AQUARIUS,MERCURY-PLUTO:120|MERCURY-NEPTUNE:180|MERCURY-URANUS:120,2,4,not_applicable,MERCURY,6,12,anchor_house,MERCURY|URANUS|NEPTUNE|PLUTO,swiss_ephemeris,MERCURY:PLUTO:120:2026-09-13|MERCURY:URANUS:120:2026-09-14,around_day,SEP_MERCURY_OUTER_NETWORK,,40,100,休息中の気づきを翌日の手順へ移す,{event_date}頃は、作業を止めた時にこそ、不調や停滞の背景がふと理解できるかもしれません。天王星が逆行へ転じた後の内的な再調整もあるため、直感を結論にせず、眠気、夢、身体感覚と一緒に記録してください。翌日に一つの手順だけ変えて反応を見ると、休息から得た気づきを現実の改善へ移せます。,aspect_cluster;mercury;uranus;neptune;pluto;retrograde_context,1
2026_09_MERCURY_OUTER_NETWORK_S07_N01,2026_09_MERCURY_OUTER_NETWORK,2026-09,aspect_cluster,2026-09-12T00:00:00+09:00,2026-09-13T00:58:00+09:00,2026-09-15T23:59:59+09:00,0,MERCURY|URANUS|NEPTUNE|PLUTO,MERCURY:LIBRA|URANUS:GEMINI|NEPTUNE:ARIES|PLUTO:AQUARIUS,MERCURY-PLUTO:120|MERCURY-NEPTUNE:180|MERCURY-URANUS:120,2,4,not_applicable,MERCURY,7,1,anchor_house,MERCURY|URANUS|NEPTUNE|PLUTO,swiss_ephemeris,MERCURY:PLUTO:120:2026-09-13|MERCURY:URANUS:120:2026-09-14,around_day,SEP_MERCURY_OUTER_NETWORK,,40,100,対話の中で自分の立場を言葉にする,{event_date}頃は、相手の考えを深く読める一方、その期待に合わせて自分の立場を変えすぎるかもしれません。天王星が逆行へ転じた後で、関係の前提も見直しに入っています。相手の発言、自分の希望、まだ決めていないことを分けて伝えてください。率直な自己表明が、対等に話せる足場を作ります。,aspect_cluster;mercury;uranus;neptune;pluto;retrograde_context,1
2026_09_MERCURY_OUTER_NETWORK_S07_N02,2026_09_MERCURY_OUTER_NETWORK,2026-09,aspect_cluster,2026-09-12T00:00:00+09:00,2026-09-13T00:58:00+09:00,2026-09-15T23:59:59+09:00,0,MERCURY|URANUS|NEPTUNE|PLUTO,MERCURY:LIBRA|URANUS:GEMINI|NEPTUNE:ARIES|PLUTO:AQUARIUS,MERCURY-PLUTO:120|MERCURY-NEPTUNE:180|MERCURY-URANUS:120,2,4,not_applicable,MERCURY,7,2,anchor_house,MERCURY|URANUS|NEPTUNE|PLUTO,swiss_ephemeris,MERCURY:PLUTO:120:2026-09-13|MERCURY:URANUS:120:2026-09-14,around_day,SEP_MERCURY_OUTER_NETWORK,,40,100,取引の価値と負担を同じ表で比べる,{event_date}頃は、契約や買い物の交渉で有利な案が見つかる半面、魅力的な説明に隠れた負担を見落としやすくなります。天王星逆行後の再検討として、金額、提供範囲、期限、変更条件を同じ表へ並べてください。互いが得る価値と担う費用を確認すると、気分ではなく納得できる条件を選べます。,aspect_cluster;mercury;uranus;neptune;pluto;retrograde_context,1
2026_09_MERCURY_OUTER_NETWORK_S07_N03,2026_09_MERCURY_OUTER_NETWORK,2026-09,aspect_cluster,2026-09-12T00:00:00+09:00,2026-09-13T00:58:00+09:00,2026-09-15T23:59:59+09:00,0,MERCURY|URANUS|NEPTUNE|PLUTO,MERCURY:LIBRA|URANUS:GEMINI|NEPTUNE:ARIES|PLUTO:AQUARIUS,MERCURY-PLUTO:120|MERCURY-NEPTUNE:180|MERCURY-URANUS:120,2,4,not_applicable,MERCURY,7,3,anchor_house,MERCURY|URANUS|NEPTUNE|PLUTO,swiss_ephemeris,MERCURY:PLUTO:120:2026-09-13|MERCURY:URANUS:120:2026-09-14,around_day,SEP_MERCURY_OUTER_NETWORK,,40,100,重要な返答を質問と確認に分ける,{event_date}頃は、一対一の会話で相手の本音に触れるような言葉が交わされそうです。ただし行間を読みすぎると、質問と結論が混ざります。天王星が逆行へ転じた後の変化もあるため、聞いた内容、確認したい点、自分の返答を分けてメモしてください。短く問い直すことで、誤解を増やさず深い対話へ進めます。,aspect_cluster;mercury;uranus;neptune;pluto;retrograde_context,1
2026_09_MERCURY_OUTER_NETWORK_S07_N04,2026_09_MERCURY_OUTER_NETWORK,2026-09,aspect_cluster,2026-09-12T00:00:00+09:00,2026-09-13T00:58:00+09:00,2026-09-15T23:59:59+09:00,0,MERCURY|URANUS|NEPTUNE|PLUTO,MERCURY:LIBRA|URANUS:GEMINI|NEPTUNE:ARIES|PLUTO:AQUARIUS,MERCURY-PLUTO:120|MERCURY-NEPTUNE:180|MERCURY-URANUS:120,2,4,not_applicable,MERCURY,7,4,anchor_house,MERCURY|URANUS|NEPTUNE|PLUTO,swiss_ephemeris,MERCURY:PLUTO:120:2026-09-13|MERCURY:URANUS:120:2026-09-14,around_day,SEP_MERCURY_OUTER_NETWORK,,40,100,家族観の違いを関係の条件へ直す,{event_date}頃は、相手との話から、住まいや家族に対する考え方の違いが見えやすくなります。天王星逆行後に変わった安心の基準もあるため、昔からの常識で補わないでください。必要な距離、家での役割、守りたい私生活を一つずつ言葉にしましょう。背景を責めず現在の条件を確認すると、関係の土台を整えられます。,aspect_cluster;mercury;uranus;neptune;pluto;retrograde_context,1
2026_09_MERCURY_OUTER_NETWORK_S07_N05,2026_09_MERCURY_OUTER_NETWORK,2026-09,aspect_cluster,2026-09-12T00:00:00+09:00,2026-09-13T00:58:00+09:00,2026-09-15T23:59:59+09:00,0,MERCURY|URANUS|NEPTUNE|PLUTO,MERCURY:LIBRA|URANUS:GEMINI|NEPTUNE:ARIES|PLUTO:AQUARIUS,MERCURY-PLUTO:120|MERCURY-NEPTUNE:180|MERCURY-URANUS:120,2,4,not_applicable,MERCURY,7,5,anchor_house,MERCURY|URANUS|NEPTUNE|PLUTO,swiss_ephemeris,MERCURY:PLUTO:120:2026-09-13|MERCURY:URANUS:120:2026-09-14,around_day,SEP_MERCURY_OUTER_NETWORK,,40,100,好意と共同表現の温度差を確かめる,{event_date}頃は、恋愛や共同制作で強い共鳴を感じ、言葉以上に通じたと思いやすくなります。一方で、相手の意図を理想化する可能性もあります。天王星が逆行へ転じた後だからこそ、楽しみたいこと、公開したい範囲、今は約束できないことを尋ねてください。温度差を知るほど、自由で率直な表現を共有できます。,aspect_cluster;mercury;uranus;neptune;pluto;retrograde_context,1
2026_09_MERCURY_OUTER_NETWORK_S07_N06,2026_09_MERCURY_OUTER_NETWORK,2026-09,aspect_cluster,2026-09-12T00:00:00+09:00,2026-09-13T00:58:00+09:00,2026-09-15T23:59:59+09:00,0,MERCURY|URANUS|NEPTUNE|PLUTO,MERCURY:LIBRA|URANUS:GEMINI|NEPTUNE:ARIES|PLUTO:AQUARIUS,MERCURY-PLUTO:120|MERCURY-NEPTUNE:180|MERCURY-URANUS:120,2,4,not_applicable,MERCURY,7,6,anchor_house,MERCURY|URANUS|NEPTUNE|PLUTO,swiss_ephemeris,MERCURY:PLUTO:120:2026-09-13|MERCURY:URANUS:120:2026-09-14,around_day,SEP_MERCURY_OUTER_NETWORK,,40,100,日々の分担を実際の負荷から決める,{event_date}頃は、仕事や生活を共にする相手の負担を察しやすい反面、頼まれていない役割まで抱え込みやすくなります。天王星逆行後に変わった手順も含め、作業量、得意不得意、休める時間を確認してください。善意ではなく実際の所要時間を基準に分担を決めると、協力を無理なく続けられます。,aspect_cluster;mercury;uranus;neptune;pluto;retrograde_context,1
2026_09_MERCURY_OUTER_NETWORK_S07_N07,2026_09_MERCURY_OUTER_NETWORK,2026-09,aspect_cluster,2026-09-12T00:00:00+09:00,2026-09-13T00:58:00+09:00,2026-09-15T23:59:59+09:00,0,MERCURY|URANUS|NEPTUNE|PLUTO,MERCURY:LIBRA|URANUS:GEMINI|NEPTUNE:ARIES|PLUTO:AQUARIUS,MERCURY-PLUTO:120|MERCURY-NEPTUNE:180|MERCURY-URANUS:120,2,4,not_applicable,MERCURY,7,7,anchor_house,MERCURY|URANUS|NEPTUNE|PLUTO,swiss_ephemeris,MERCURY:PLUTO:120:2026-09-13|MERCURY:URANUS:120:2026-09-14,around_day,SEP_MERCURY_OUTER_NETWORK,,40,100,関係の約束を現在形で結び直していく,{event_date}頃は、一対一の関係で隠れていた問題の核心や、新しい付き合い方が見えてきそうです。ただし一度の深い会話で全てを理解したと思わないでください。天王星が逆行へ転じた後の再交渉として、続けたい約束、変えたい条件、保留事項を書き出しましょう。小さな合意を積み重ねるほど、関係を現実に沿って更新できます。,aspect_cluster;mercury;uranus;neptune;pluto;retrograde_context,1
2026_09_MERCURY_OUTER_NETWORK_S07_N08,2026_09_MERCURY_OUTER_NETWORK,2026-09,aspect_cluster,2026-09-12T00:00:00+09:00,2026-09-13T00:58:00+09:00,2026-09-15T23:59:59+09:00,0,MERCURY|URANUS|NEPTUNE|PLUTO,MERCURY:LIBRA|URANUS:GEMINI|NEPTUNE:ARIES|PLUTO:AQUARIUS,MERCURY-PLUTO:120|MERCURY-NEPTUNE:180|MERCURY-URANUS:120,2,4,not_applicable,MERCURY,7,8,anchor_house,MERCURY|URANUS|NEPTUNE|PLUTO,swiss_ephemeris,MERCURY:PLUTO:120:2026-09-13|MERCURY:URANUS:120:2026-09-14,around_day,SEP_MERCURY_OUTER_NETWORK,,40,100,信頼と共有責任の境界を明文化する,{event_date}頃は、共同資金や秘密、深い感情について相手と話す機会が増えそうです。天王星逆行後は以前の了解が今も同じとは限らず、曖昧な信頼に頼ると認識がずれます。共有する情報、決定権、返還や削除の条件を確認してください。境界を具体化することで、本音を扱える安全な関係へ近づきます。,aspect_cluster;mercury;uranus;neptune;pluto;retrograde_context,1
2026_09_MERCURY_OUTER_NETWORK_S07_N09,2026_09_MERCURY_OUTER_NETWORK,2026-09,aspect_cluster,2026-09-12T00:00:00+09:00,2026-09-13T00:58:00+09:00,2026-09-15T23:59:59+09:00,0,MERCURY|URANUS|NEPTUNE|PLUTO,MERCURY:LIBRA|URANUS:GEMINI|NEPTUNE:ARIES|PLUTO:AQUARIUS,MERCURY-PLUTO:120|MERCURY-NEPTUNE:180|MERCURY-URANUS:120,2,4,not_applicable,MERCURY,7,9,anchor_house,MERCURY|URANUS|NEPTUNE|PLUTO,swiss_ephemeris,MERCURY:PLUTO:120:2026-09-13|MERCURY:URANUS:120:2026-09-14,around_day,SEP_MERCURY_OUTER_NETWORK,,40,100,異なる信念を共通の問いへ翻訳する,{event_date}頃は、価値観や専門分野が異なる相手との対話から、思いがけない理解が生まれそうです。一方で、魅力的な思想を相手の本心と同一視しないことが大切です。天王星逆行後の問い直しとして、出典、経験、意見を分けて聞いてください。勝ち負けではなく共通の問いを作ると、違いを保ったまま学び合えます。,aspect_cluster;mercury;uranus;neptune;pluto;retrograde_context,1
2026_09_MERCURY_OUTER_NETWORK_S07_N10,2026_09_MERCURY_OUTER_NETWORK,2026-09,aspect_cluster,2026-09-12T00:00:00+09:00,2026-09-13T00:58:00+09:00,2026-09-15T23:59:59+09:00,0,MERCURY|URANUS|NEPTUNE|PLUTO,MERCURY:LIBRA|URANUS:GEMINI|NEPTUNE:ARIES|PLUTO:AQUARIUS,MERCURY-PLUTO:120|MERCURY-NEPTUNE:180|MERCURY-URANUS:120,2,4,not_applicable,MERCURY,7,10,anchor_house,MERCURY|URANUS|NEPTUNE|PLUTO,swiss_ephemeris,MERCURY:PLUTO:120:2026-09-13|MERCURY:URANUS:120:2026-09-14,around_day,SEP_MERCURY_OUTER_NETWORK,,40,100,公的な提携の役割と説明を揃える,{event_date}頃は、仕事上の提携や対外的な協力について、深い目的と新しい展開が見えてきます。ただし双方の肩書や責任を曖昧なまま公表しないでください。天王星が逆行へ転じた後の再設計として、担当、承認者、発言できる範囲を確認しましょう。外向けの説明を揃えると、互いの信用を守りながら進められます。,aspect_cluster;mercury;uranus;neptune;pluto;retrograde_context,1
2026_09_MERCURY_OUTER_NETWORK_S07_N11,2026_09_MERCURY_OUTER_NETWORK,2026-09,aspect_cluster,2026-09-12T00:00:00+09:00,2026-09-13T00:58:00+09:00,2026-09-15T23:59:59+09:00,0,MERCURY|URANUS|NEPTUNE|PLUTO,MERCURY:LIBRA|URANUS:GEMINI|NEPTUNE:ARIES|PLUTO:AQUARIUS,MERCURY-PLUTO:120|MERCURY-NEPTUNE:180|MERCURY-URANUS:120,2,4,not_applicable,MERCURY,7,11,anchor_house,MERCURY|URANUS|NEPTUNE|PLUTO,swiss_ephemeris,MERCURY:PLUTO:120:2026-09-13|MERCURY:URANUS:120:2026-09-14,around_day,SEP_MERCURY_OUTER_NETWORK,,40,100,仲間を介した協力の目的を確かめる,{event_date}頃は、友人やコミュニティを通じて、意外な相手との協力案が持ち込まれそうです。共通の理想があっても、個別の期待まで同じとは限りません。天王星逆行後に変化した参加条件を確認し、目的、窓口、期限を当事者同士で話してください。紹介者の解釈に頼らない対話が、協力の可能性を現実へつなげます。,aspect_cluster;mercury;uranus;neptune;pluto;retrograde_context,1
2026_09_MERCURY_OUTER_NETWORK_S07_N12,2026_09_MERCURY_OUTER_NETWORK,2026-09,aspect_cluster,2026-09-12T00:00:00+09:00,2026-09-13T00:58:00+09:00,2026-09-15T23:59:59+09:00,0,MERCURY|URANUS|NEPTUNE|PLUTO,MERCURY:LIBRA|URANUS:GEMINI|NEPTUNE:ARIES|PLUTO:AQUARIUS,MERCURY-PLUTO:120|MERCURY-NEPTUNE:180|MERCURY-URANUS:120,2,4,not_applicable,MERCURY,7,12,anchor_house,MERCURY|URANUS|NEPTUNE|PLUTO,swiss_ephemeris,MERCURY:PLUTO:120:2026-09-13|MERCURY:URANUS:120:2026-09-14,around_day,SEP_MERCURY_OUTER_NETWORK,,40,100,無言の期待を事実と感情に分ける,{event_date}頃は、相手の沈黙や雰囲気から多くを感じ取り、言葉にされていない期待まで背負いやすくなります。天王星が逆行へ転じた後の内的な見直しとして、実際に聞いたこと、自分の感情、想像した内容を分けて記録してください。静かな時間を置いてから必要な点だけ尋ねると、関係を思い込みから守れます。,aspect_cluster;mercury;uranus;neptune;pluto;retrograde_context,1
2026_09_MERCURY_OUTER_NETWORK_S08_N01,2026_09_MERCURY_OUTER_NETWORK,2026-09,aspect_cluster,2026-09-12T00:00:00+09:00,2026-09-13T00:58:00+09:00,2026-09-15T23:59:59+09:00,0,MERCURY|URANUS|NEPTUNE|PLUTO,MERCURY:LIBRA|URANUS:GEMINI|NEPTUNE:ARIES|PLUTO:AQUARIUS,MERCURY-PLUTO:120|MERCURY-NEPTUNE:180|MERCURY-URANUS:120,2,4,not_applicable,MERCURY,8,1,anchor_house,MERCURY|URANUS|NEPTUNE|PLUTO,swiss_ephemeris,MERCURY:PLUTO:120:2026-09-13|MERCURY:URANUS:120:2026-09-14,around_day,SEP_MERCURY_OUTER_NETWORK,,40,100,深い共有で守る自分の境界を伝える,{event_date}頃は、相手と深い情報や資源を共有する中で、自分が何を守りたいかが鮮明になりそうです。天王星が逆行へ転じた後でもあり、相手の期待を同意と取り違えず、話せる範囲、保留したいこと、断れる条件を言葉にしてください。境界を率直に示すほど、無理のない信頼を築けます。,aspect_cluster;mercury;uranus;neptune;pluto;retrograde_context,1
2026_09_MERCURY_OUTER_NETWORK_S08_N02,2026_09_MERCURY_OUTER_NETWORK,2026-09,aspect_cluster,2026-09-12T00:00:00+09:00,2026-09-13T00:58:00+09:00,2026-09-15T23:59:59+09:00,0,MERCURY|URANUS|NEPTUNE|PLUTO,MERCURY:LIBRA|URANUS:GEMINI|NEPTUNE:ARIES|PLUTO:AQUARIUS,MERCURY-PLUTO:120|MERCURY-NEPTUNE:180|MERCURY-URANUS:120,2,4,not_applicable,MERCURY,8,2,anchor_house,MERCURY|URANUS|NEPTUNE|PLUTO,swiss_ephemeris,MERCURY:PLUTO:120:2026-09-13|MERCURY:URANUS:120:2026-09-14,around_day,SEP_MERCURY_OUTER_NETWORK,,40,100,共同資金と自分の持分を数字で確かめる,{event_date}頃は、共同資金や借り入れについて意外な解決案が見つかる半面、期待した価値と実際の負担が混ざりやすくなります。天王星逆行後の見直しとして、入金額、持分、返済期限、解約条件を同じ表へ並べてください。自分の生活を守れる下限を決めると、納得できる協力条件を選べます。,aspect_cluster;mercury;uranus;neptune;pluto;retrograde_context,1
2026_09_MERCURY_OUTER_NETWORK_S08_N03,2026_09_MERCURY_OUTER_NETWORK,2026-09,aspect_cluster,2026-09-12T00:00:00+09:00,2026-09-13T00:58:00+09:00,2026-09-15T23:59:59+09:00,0,MERCURY|URANUS|NEPTUNE|PLUTO,MERCURY:LIBRA|URANUS:GEMINI|NEPTUNE:ARIES|PLUTO:AQUARIUS,MERCURY-PLUTO:120|MERCURY-NEPTUNE:180|MERCURY-URANUS:120,2,4,not_applicable,MERCURY,8,3,anchor_house,MERCURY|URANUS|NEPTUNE|PLUTO,swiss_ephemeris,MERCURY:PLUTO:120:2026-09-13|MERCURY:URANUS:120:2026-09-14,around_day,SEP_MERCURY_OUTER_NETWORK,,40,100,機密の連絡を事実と解釈に分けて残す,{event_date}頃は、秘密や契約に関する連絡から隠れていた背景を読み取れそうです。ただし断片的な言葉を結論にしないことが大切です。天王星が逆行へ転じた後の変更も含め、確認済みの事実、推測、質問を分けて記録してください。送信先と保存場所も点検すると、繊細な情報を安全に扱えます。,aspect_cluster;mercury;uranus;neptune;pluto;retrograde_context,1
2026_09_MERCURY_OUTER_NETWORK_S08_N04,2026_09_MERCURY_OUTER_NETWORK,2026-09,aspect_cluster,2026-09-12T00:00:00+09:00,2026-09-13T00:58:00+09:00,2026-09-15T23:59:59+09:00,0,MERCURY|URANUS|NEPTUNE|PLUTO,MERCURY:LIBRA|URANUS:GEMINI|NEPTUNE:ARIES|PLUTO:AQUARIUS,MERCURY-PLUTO:120|MERCURY-NEPTUNE:180|MERCURY-URANUS:120,2,4,not_applicable,MERCURY,8,4,anchor_house,MERCURY|URANUS|NEPTUNE|PLUTO,swiss_ephemeris,MERCURY:PLUTO:120:2026-09-13|MERCURY:URANUS:120:2026-09-14,around_day,SEP_MERCURY_OUTER_NETWORK,,40,100,家族の共有財産と過去の了解を調べる,{event_date}頃は、相続や家の名義、家族だけが知る事情について、これまで見えなかった関連が浮かぶかもしれません。天王星逆行後は昔の了解が現状と合わない可能性があります。書類、名義、本人の意向を別々に確認し、分からない点は専門家へ尋ねてください。記憶だけに頼らない整理が、家庭の安心を支えます。,aspect_cluster;mercury;uranus;neptune;pluto;retrograde_context,1
2026_09_MERCURY_OUTER_NETWORK_S08_N05,2026_09_MERCURY_OUTER_NETWORK,2026-09,aspect_cluster,2026-09-12T00:00:00+09:00,2026-09-13T00:58:00+09:00,2026-09-15T23:59:59+09:00,0,MERCURY|URANUS|NEPTUNE|PLUTO,MERCURY:LIBRA|URANUS:GEMINI|NEPTUNE:ARIES|PLUTO:AQUARIUS,MERCURY-PLUTO:120|MERCURY-NEPTUNE:180|MERCURY-URANUS:120,2,4,not_applicable,MERCURY,8,5,anchor_house,MERCURY|URANUS|NEPTUNE|PLUTO,swiss_ephemeris,MERCURY:PLUTO:120:2026-09-13|MERCURY:URANUS:120:2026-09-14,around_day,SEP_MERCURY_OUTER_NETWORK,,40,100,親密な表現の権利と同意を確かめる,{event_date}頃は、恋愛や共同制作で深い感情を表現したくなりますが、誰の体験をどこまで使えるかが曖昧になりやすい時です。天王星が逆行へ転じた後だからこそ、引用、公開、削除を求める条件を当事者同士で確認してください。強い着想を急いで出さず、同意を得るほど信頼を損なわない作品になります。,aspect_cluster;mercury;uranus;neptune;pluto;retrograde_context,1
2026_09_MERCURY_OUTER_NETWORK_S08_N06,2026_09_MERCURY_OUTER_NETWORK,2026-09,aspect_cluster,2026-09-12T00:00:00+09:00,2026-09-13T00:58:00+09:00,2026-09-15T23:59:59+09:00,0,MERCURY|URANUS|NEPTUNE|PLUTO,MERCURY:LIBRA|URANUS:GEMINI|NEPTUNE:ARIES|PLUTO:AQUARIUS,MERCURY-PLUTO:120|MERCURY-NEPTUNE:180|MERCURY-URANUS:120,2,4,not_applicable,MERCURY,8,6,anchor_house,MERCURY|URANUS|NEPTUNE|PLUTO,swiss_ephemeris,MERCURY:PLUTO:120:2026-09-13|MERCURY:URANUS:120:2026-09-14,around_day,SEP_MERCURY_OUTER_NETWORK,,40,100,保険や返済の手続きを日課へ落とし込む,{event_date}頃は、保険、税金、返済など複雑な手続きの要点がつながる一方、情報量に圧倒されやすくなります。天王星逆行後の再確認として、必要書類、担当窓口、期限、未回答の点を一覧にしてください。一日で終えようとせず作業を小さく分けると、共有責任を日常の中で着実に処理できます。,aspect_cluster;mercury;uranus;neptune;pluto;retrograde_context,1
2026_09_MERCURY_OUTER_NETWORK_S08_N07,2026_09_MERCURY_OUTER_NETWORK,2026-09,aspect_cluster,2026-09-12T00:00:00+09:00,2026-09-13T00:58:00+09:00,2026-09-15T23:59:59+09:00,0,MERCURY|URANUS|NEPTUNE|PLUTO,MERCURY:LIBRA|URANUS:GEMINI|NEPTUNE:ARIES|PLUTO:AQUARIUS,MERCURY-PLUTO:120|MERCURY-NEPTUNE:180|MERCURY-URANUS:120,2,4,not_applicable,MERCURY,8,7,anchor_house,MERCURY|URANUS|NEPTUNE|PLUTO,swiss_ephemeris,MERCURY:PLUTO:120:2026-09-13|MERCURY:URANUS:120:2026-09-14,around_day,SEP_MERCURY_OUTER_NETWORK,,40,100,信頼の約束を相手と具体的に結び直す,{event_date}頃は、パートナーとの深い話し合いで、関係の核心や新しい協力法が見えてきそうです。ただし察した本音を合意と決めないでください。天王星が逆行へ転じた後の再交渉として、共有するもの、個別に守るもの、見直す時期を確認しましょう。具体的な約束が、親密さと自由の両方を支えます。,aspect_cluster;mercury;uranus;neptune;pluto;retrograde_context,1
2026_09_MERCURY_OUTER_NETWORK_S08_N08,2026_09_MERCURY_OUTER_NETWORK,2026-09,aspect_cluster,2026-09-12T00:00:00+09:00,2026-09-13T00:58:00+09:00,2026-09-15T23:59:59+09:00,0,MERCURY|URANUS|NEPTUNE|PLUTO,MERCURY:LIBRA|URANUS:GEMINI|NEPTUNE:ARIES|PLUTO:AQUARIUS,MERCURY-PLUTO:120|MERCURY-NEPTUNE:180|MERCURY-URANUS:120,2,4,not_applicable,MERCURY,8,8,anchor_house,MERCURY|URANUS|NEPTUNE|PLUTO,swiss_ephemeris,MERCURY:PLUTO:120:2026-09-13|MERCURY:URANUS:120:2026-09-14,around_day,SEP_MERCURY_OUTER_NETWORK,,40,100,共有資源の決定権と責任を明文化する,{event_date}頃は、共同資金や秘密、深い感情をめぐる力関係が見えやすくなります。鋭い洞察が得られても、相手の意図を断定しないことが大切です。天王星逆行後の見直しとして、情報への権限、決定できる範囲、負担の割合を文書にしてください。曖昧な了解を減らすほど、信頼を現実的に更新できます。,aspect_cluster;mercury;uranus;neptune;pluto;retrograde_context,1
2026_09_MERCURY_OUTER_NETWORK_S08_N09,2026_09_MERCURY_OUTER_NETWORK,2026-09,aspect_cluster,2026-09-12T00:00:00+09:00,2026-09-13T00:58:00+09:00,2026-09-15T23:59:59+09:00,0,MERCURY|URANUS|NEPTUNE|PLUTO,MERCURY:LIBRA|URANUS:GEMINI|NEPTUNE:ARIES|PLUTO:AQUARIUS,MERCURY-PLUTO:120|MERCURY-NEPTUNE:180|MERCURY-URANUS:120,2,4,not_applicable,MERCURY,8,9,anchor_house,MERCURY|URANUS|NEPTUNE|PLUTO,swiss_ephemeris,MERCURY:PLUTO:120:2026-09-13|MERCURY:URANUS:120:2026-09-14,around_day,SEP_MERCURY_OUTER_NETWORK,,40,100,専門情報を共有条件の判断へ生かす,{event_date}頃は、法律、心理、金融などの専門知識が、共有資源や信頼の問題を解く鍵に見えてきます。ただし印象的な説をそのまま採用しないでください。天王星が逆行へ転じた後の再検証として、出典、適用条件、専門家の見解を分けて確認しましょう。学んだ内容を身近な契約へ翻訳すると、判断の精度が上がります。,aspect_cluster;mercury;uranus;neptune;pluto;retrograde_context,1
2026_09_MERCURY_OUTER_NETWORK_S08_N10,2026_09_MERCURY_OUTER_NETWORK,2026-09,aspect_cluster,2026-09-12T00:00:00+09:00,2026-09-13T00:58:00+09:00,2026-09-15T23:59:59+09:00,0,MERCURY|URANUS|NEPTUNE|PLUTO,MERCURY:LIBRA|URANUS:GEMINI|NEPTUNE:ARIES|PLUTO:AQUARIUS,MERCURY-PLUTO:120|MERCURY-NEPTUNE:180|MERCURY-URANUS:120,2,4,not_applicable,MERCURY,8,10,anchor_house,MERCURY|URANUS|NEPTUNE|PLUTO,swiss_ephemeris,MERCURY:PLUTO:120:2026-09-13|MERCURY:URANUS:120:2026-09-14,around_day,SEP_MERCURY_OUTER_NETWORK,,40,100,公的責任と機密の説明範囲を揃える,{event_date}頃は、仕事上の機密や共同責任について、問題の核心と新しい管理法が見つかりそうです。一方で深い事情をどこまで公に説明するかは慎重に決める必要があります。天王星逆行後の再設計として、承認者、開示範囲、記録の保管先を確認してください。責任と守秘を分けて示すと、信用を保てます。,aspect_cluster;mercury;uranus;neptune;pluto;retrograde_context,1
2026_09_MERCURY_OUTER_NETWORK_S08_N11,2026_09_MERCURY_OUTER_NETWORK,2026-09,aspect_cluster,2026-09-12T00:00:00+09:00,2026-09-13T00:58:00+09:00,2026-09-15T23:59:59+09:00,0,MERCURY|URANUS|NEPTUNE|PLUTO,MERCURY:LIBRA|URANUS:GEMINI|NEPTUNE:ARIES|PLUTO:AQUARIUS,MERCURY-PLUTO:120|MERCURY-NEPTUNE:180|MERCURY-URANUS:120,2,4,not_applicable,MERCURY,8,11,anchor_house,MERCURY|URANUS|NEPTUNE|PLUTO,swiss_ephemeris,MERCURY:PLUTO:120:2026-09-13|MERCURY:URANUS:120:2026-09-14,around_day,SEP_MERCURY_OUTER_NETWORK,,40,100,集団の資金と閲覧権限を点検する,{event_date}頃は、チームやコミュニティの会計、会員情報、共有資料に隠れた課題が見つかるかもしれません。天王星が逆行へ転じた後は、以前の担当や権限が現状と合わない可能性があります。入出金、承認者、閲覧できる人、更新期限を確認してください。透明性を高めるほど、集団の信頼を守れます。,aspect_cluster;mercury;uranus;neptune;pluto;retrograde_context,1
2026_09_MERCURY_OUTER_NETWORK_S08_N12,2026_09_MERCURY_OUTER_NETWORK,2026-09,aspect_cluster,2026-09-12T00:00:00+09:00,2026-09-13T00:58:00+09:00,2026-09-15T23:59:59+09:00,0,MERCURY|URANUS|NEPTUNE|PLUTO,MERCURY:LIBRA|URANUS:GEMINI|NEPTUNE:ARIES|PLUTO:AQUARIUS,MERCURY-PLUTO:120|MERCURY-NEPTUNE:180|MERCURY-URANUS:120,2,4,not_applicable,MERCURY,8,12,anchor_house,MERCURY|URANUS|NEPTUNE|PLUTO,swiss_ephemeris,MERCURY:PLUTO:120:2026-09-13|MERCURY:URANUS:120:2026-09-14,around_day,SEP_MERCURY_OUTER_NETWORK,,40,100,言葉にならない不安を記録して見分ける,{event_date}頃は、共有や親密さへの不安が夢や身体感覚として浮かび、その背景に気づくことがありそうです。天王星逆行後の内的な見直しとして、実際に起きたこと、過去の記憶、想像した危険を分けて書いてください。すぐ相手の意図を決めず一晩置くと、守るべき境界と手放せる恐れを見分けられます。,aspect_cluster;mercury;uranus;neptune;pluto;retrograde_context,1
2026_09_MERCURY_OUTER_NETWORK_S09_N01,2026_09_MERCURY_OUTER_NETWORK,2026-09,aspect_cluster,2026-09-12T00:00:00+09:00,2026-09-13T00:58:00+09:00,2026-09-15T23:59:59+09:00,0,MERCURY|URANUS|NEPTUNE|PLUTO,MERCURY:LIBRA|URANUS:GEMINI|NEPTUNE:ARIES|PLUTO:AQUARIUS,MERCURY-PLUTO:120|MERCURY-NEPTUNE:180|MERCURY-URANUS:120,2,4,not_applicable,MERCURY,9,1,anchor_house,MERCURY|URANUS|NEPTUNE|PLUTO,swiss_ephemeris,MERCURY:PLUTO:120:2026-09-13|MERCURY:URANUS:120:2026-09-14,around_day,SEP_MERCURY_OUTER_NETWORK,,40,100,世界観を自分の言葉で更新して名乗る,{event_date}頃は、学びや遠方から得た情報が、自分は何を信じて進むのかを深く問い直すきっかけになります。新しい見方に心が動いても、借りた言葉をそのまま自己紹介にしないでください。天王星逆行後に考え直した点も含め、変わった前提と残したい価値を短く書くと、自分らしい方向を示せます。,aspect_cluster;mercury;uranus;neptune;pluto;retrograde_context,1
2026_09_MERCURY_OUTER_NETWORK_S09_N02,2026_09_MERCURY_OUTER_NETWORK,2026-09,aspect_cluster,2026-09-12T00:00:00+09:00,2026-09-13T00:58:00+09:00,2026-09-15T23:59:59+09:00,0,MERCURY|URANUS|NEPTUNE|PLUTO,MERCURY:LIBRA|URANUS:GEMINI|NEPTUNE:ARIES|PLUTO:AQUARIUS,MERCURY-PLUTO:120|MERCURY-NEPTUNE:180|MERCURY-URANUS:120,2,4,not_applicable,MERCURY,9,2,anchor_house,MERCURY|URANUS|NEPTUNE|PLUTO,swiss_ephemeris,MERCURY:PLUTO:120:2026-09-13|MERCURY:URANUS:120:2026-09-14,around_day,SEP_MERCURY_OUTER_NETWORK,,40,100,学びと遠出に使える予算の基準を作る,{event_date}頃は、資格、専門書、旅など視野を広げるための出費に有力な選択肢が見つかりそうです。ただし理想的な体験への期待が費用の判断を曇らせることもあります。天王星逆行後の条件変更を調べ、総額、返金条件、得たい成果を並べてください。自分の価値観に沿う基準が、無理なく続く投資を選ばせます。,aspect_cluster;mercury;uranus;neptune;pluto;retrograde_context,1
2026_09_MERCURY_OUTER_NETWORK_S09_N03,2026_09_MERCURY_OUTER_NETWORK,2026-09,aspect_cluster,2026-09-12T00:00:00+09:00,2026-09-13T00:58:00+09:00,2026-09-15T23:59:59+09:00,0,MERCURY|URANUS|NEPTUNE|PLUTO,MERCURY:LIBRA|URANUS:GEMINI|NEPTUNE:ARIES|PLUTO:AQUARIUS,MERCURY-PLUTO:120|MERCURY-NEPTUNE:180|MERCURY-URANUS:120,2,4,not_applicable,MERCURY,9,3,anchor_house,MERCURY|URANUS|NEPTUNE|PLUTO,swiss_ephemeris,MERCURY:PLUTO:120:2026-09-13|MERCURY:URANUS:120:2026-09-14,around_day,SEP_MERCURY_OUTER_NETWORK,,40,100,深い調査を読者に届く順序へ組み直す,{event_date}頃は、複雑な研究や海外の情報から意外な関連を発見し、伝えたい内容が一気に増えそうです。確信の強さと根拠の確かさは分けて扱ってください。天王星が逆行へ転じた後の修正も追い、一次資料、反対意見、自分の解釈を順序立てましょう。読み手が検証できる形にすると、発信の説得力が増します。,aspect_cluster;mercury;uranus;neptune;pluto;retrograde_context,1
2026_09_MERCURY_OUTER_NETWORK_S09_N04,2026_09_MERCURY_OUTER_NETWORK,2026-09,aspect_cluster,2026-09-12T00:00:00+09:00,2026-09-13T00:58:00+09:00,2026-09-15T23:59:59+09:00,0,MERCURY|URANUS|NEPTUNE|PLUTO,MERCURY:LIBRA|URANUS:GEMINI|NEPTUNE:ARIES|PLUTO:AQUARIUS,MERCURY-PLUTO:120|MERCURY-NEPTUNE:180|MERCURY-URANUS:120,2,4,not_applicable,MERCURY,9,4,anchor_house,MERCURY|URANUS|NEPTUNE|PLUTO,swiss_ephemeris,MERCURY:PLUTO:120:2026-09-13|MERCURY:URANUS:120:2026-09-14,around_day,SEP_MERCURY_OUTER_NETWORK,,40,100,家族から受け継いだ信念を選び直す,{event_date}頃は、家族の教えや育った土地の常識を、今の視点から深く読み替える機会になりそうです。懐かしさや反発だけで結論を急がず、受け継ぎたい知恵と手放したい前提を分けてください。天王星逆行後に浮かんだ違和感を身近な人と確かめると、安心できる居場所と広い世界観を両立できます。,aspect_cluster;mercury;uranus;neptune;pluto;retrograde_context,1
2026_09_MERCURY_OUTER_NETWORK_S09_N05,2026_09_MERCURY_OUTER_NETWORK,2026-09,aspect_cluster,2026-09-12T00:00:00+09:00,2026-09-13T00:58:00+09:00,2026-09-15T23:59:59+09:00,0,MERCURY|URANUS|NEPTUNE|PLUTO,MERCURY:LIBRA|URANUS:GEMINI|NEPTUNE:ARIES|PLUTO:AQUARIUS,MERCURY-PLUTO:120|MERCURY-NEPTUNE:180|MERCURY-URANUS:120,2,4,not_applicable,MERCURY,9,5,anchor_house,MERCURY|URANUS|NEPTUNE|PLUTO,swiss_ephemeris,MERCURY:PLUTO:120:2026-09-13|MERCURY:URANUS:120:2026-09-14,around_day,SEP_MERCURY_OUTER_NETWORK,,40,100,作品に込める思想と遊び心を磨く,{event_date}頃は、学びや異文化から得た発想を、作品、遊び、教える活動へ大胆に展開できそうです。ただし壮大な主張を先に掲げると、受け手の実感から離れることがあります。天王星逆行後に拾い直した着想を小さな試作へ落とし、反応を確かめてください。深い問いを楽しめる形にすると、表現の余白が生まれます。,aspect_cluster;mercury;uranus;neptune;pluto;retrograde_context,1
2026_09_MERCURY_OUTER_NETWORK_S09_N06,2026_09_MERCURY_OUTER_NETWORK,2026-09,aspect_cluster,2026-09-12T00:00:00+09:00,2026-09-13T00:58:00+09:00,2026-09-15T23:59:59+09:00,0,MERCURY|URANUS|NEPTUNE|PLUTO,MERCURY:LIBRA|URANUS:GEMINI|NEPTUNE:ARIES|PLUTO:AQUARIUS,MERCURY-PLUTO:120|MERCURY-NEPTUNE:180|MERCURY-URANUS:120,2,4,not_applicable,MERCURY,9,6,anchor_house,MERCURY|URANUS|NEPTUNE|PLUTO,swiss_ephemeris,MERCURY:PLUTO:120:2026-09-13|MERCURY:URANUS:120:2026-09-14,around_day,SEP_MERCURY_OUTER_NETWORK,,40,100,学習と渡航の準備を日程表へ戻す,{event_date}頃は、研修、出張、申請など複数の段取りに、効率のよい組み替え方が見つかりそうです。一方で理想の予定を詰め込みすぎると、日常の負担を見落とします。天王星逆行後に変わった規則も確認し、締切、必要書類、休息時間を一つの表にしてください。実行できる単位へ分けると、学びを暮らしに定着させられます。,aspect_cluster;mercury;uranus;neptune;pluto;retrograde_context,1
2026_09_MERCURY_OUTER_NETWORK_S09_N07,2026_09_MERCURY_OUTER_NETWORK,2026-09,aspect_cluster,2026-09-12T00:00:00+09:00,2026-09-13T00:58:00+09:00,2026-09-15T23:59:59+09:00,0,MERCURY|URANUS|NEPTUNE|PLUTO,MERCURY:LIBRA|URANUS:GEMINI|NEPTUNE:ARIES|PLUTO:AQUARIUS,MERCURY-PLUTO:120|MERCURY-NEPTUNE:180|MERCURY-URANUS:120,2,4,not_applicable,MERCURY,9,7,anchor_house,MERCURY|URANUS|NEPTUNE|PLUTO,swiss_ephemeris,MERCURY:PLUTO:120:2026-09-13|MERCURY:URANUS:120:2026-09-14,around_day,SEP_MERCURY_OUTER_NETWORK,,40,100,異なる信念を合意できる言葉へ訳す,{event_date}頃は、パートナーや協力者との対話から、自分だけでは届かなかった視点を得られそうです。ただし相手の思想を理解したつもりで契約や共同発信へ進まないでください。天王星逆行後に変化した立場も尋ね、共通点、相違点、譲れない条件を確認しましょう。違いを正確に訳す対話が、対等な協力を支えます。,aspect_cluster;mercury;uranus;neptune;pluto;retrograde_context,1
2026_09_MERCURY_OUTER_NETWORK_S09_N08,2026_09_MERCURY_OUTER_NETWORK,2026-09,aspect_cluster,2026-09-12T00:00:00+09:00,2026-09-13T00:58:00+09:00,2026-09-15T23:59:59+09:00,0,MERCURY|URANUS|NEPTUNE|PLUTO,MERCURY:LIBRA|URANUS:GEMINI|NEPTUNE:ARIES|PLUTO:AQUARIUS,MERCURY-PLUTO:120|MERCURY-NEPTUNE:180|MERCURY-URANUS:120,2,4,not_applicable,MERCURY,9,8,anchor_house,MERCURY|URANUS|NEPTUNE|PLUTO,swiss_ephemeris,MERCURY:PLUTO:120:2026-09-13|MERCURY:URANUS:120:2026-09-14,around_day,SEP_MERCURY_OUTER_NETWORK,,40,100,機密知識を扱う倫理と権限を決める,{event_date}頃は、心理、金融、研究など公開範囲の限られた知識に触れ、物事の背景を深く理解できそうです。洞察の鋭さだけで共有の可否を決めないことが大切です。天王星逆行後の規則も確認し、閲覧権限、引用条件、本人同意を明文化してください。知る力と守る責任を揃えると、学びを信頼につなげられます。,aspect_cluster;mercury;uranus;neptune;pluto;retrograde_context,1
2026_09_MERCURY_OUTER_NETWORK_S09_N09,2026_09_MERCURY_OUTER_NETWORK,2026-09,aspect_cluster,2026-09-12T00:00:00+09:00,2026-09-13T00:58:00+09:00,2026-09-15T23:59:59+09:00,0,MERCURY|URANUS|NEPTUNE|PLUTO,MERCURY:LIBRA|URANUS:GEMINI|NEPTUNE:ARIES|PLUTO:AQUARIUS,MERCURY-PLUTO:120|MERCURY-NEPTUNE:180|MERCURY-URANUS:120,2,4,not_applicable,MERCURY,9,9,anchor_house,MERCURY|URANUS|NEPTUNE|PLUTO,swiss_ephemeris,MERCURY:PLUTO:120:2026-09-13|MERCURY:URANUS:120:2026-09-14,around_day,SEP_MERCURY_OUTER_NETWORK,,40,100,有力な仮説を複数の資料で検証する,{event_date}頃は、専門的な学びや旅の体験が一つの大きな見取り図へつながり、核心を捉えた感覚が生まれそうです。ただし魅力的な説明を唯一の答えにしないでください。天王星逆行後に更新された情報も探し、一次資料、異なる立場、適用外の例を比べましょう。仮説を開いたまま検証するほど、世界を見る解像度が上がります。,aspect_cluster;mercury;uranus;neptune;pluto;retrograde_context,1
2026_09_MERCURY_OUTER_NETWORK_S09_N10,2026_09_MERCURY_OUTER_NETWORK,2026-09,aspect_cluster,2026-09-12T00:00:00+09:00,2026-09-13T00:58:00+09:00,2026-09-15T23:59:59+09:00,0,MERCURY|URANUS|NEPTUNE|PLUTO,MERCURY:LIBRA|URANUS:GEMINI|NEPTUNE:ARIES|PLUTO:AQUARIUS,MERCURY-PLUTO:120|MERCURY-NEPTUNE:180|MERCURY-URANUS:120,2,4,not_applicable,MERCURY,9,10,anchor_house,MERCURY|URANUS|NEPTUNE|PLUTO,swiss_ephemeris,MERCURY:PLUTO:120:2026-09-13|MERCURY:URANUS:120:2026-09-14,around_day,SEP_MERCURY_OUTER_NETWORK,,40,100,専門的な発言の根拠と責任を揃える,{event_date}頃は、蓄えた知識を仕事や公の場で示す機会が生まれ、将来の役割が見えやすくなります。印象的な見解ほど、事実と予測を混ぜないことが重要です。天王星逆行後の訂正や制度変更を確認し、出典、判断範囲、相談先を添えてください。分かることの境界を示す姿勢が、専門性への信用を育てます。,aspect_cluster;mercury;uranus;neptune;pluto;retrograde_context,1
2026_09_MERCURY_OUTER_NETWORK_S09_N11,2026_09_MERCURY_OUTER_NETWORK,2026-09,aspect_cluster,2026-09-12T00:00:00+09:00,2026-09-13T00:58:00+09:00,2026-09-15T23:59:59+09:00,0,MERCURY|URANUS|NEPTUNE|PLUTO,MERCURY:LIBRA|URANUS:GEMINI|NEPTUNE:ARIES|PLUTO:AQUARIUS,MERCURY-PLUTO:120|MERCURY-NEPTUNE:180|MERCURY-URANUS:120,2,4,not_applicable,MERCURY,9,11,anchor_house,MERCURY|URANUS|NEPTUNE|PLUTO,swiss_ephemeris,MERCURY:PLUTO:120:2026-09-13|MERCURY:URANUS:120:2026-09-14,around_day,SEP_MERCURY_OUTER_NETWORK,,40,100,共通理念を集団の行動基準へ変える,{event_date}頃は、仲間との学びや国境を越えた交流から、社会へ向けた新しい構想が立ち上がりそうです。理想への共感だけで参加条件まで一致したと考えないでください。天王星逆行後に変わった目的も確かめ、誰に何を届けるか、判断をどう共有するかを言葉にしましょう。理念を行動基準へ落とすと、協働が続きやすくなります。,aspect_cluster;mercury;uranus;neptune;pluto;retrograde_context,1
2026_09_MERCURY_OUTER_NETWORK_S09_N12,2026_09_MERCURY_OUTER_NETWORK,2026-09,aspect_cluster,2026-09-12T00:00:00+09:00,2026-09-13T00:58:00+09:00,2026-09-15T23:59:59+09:00,0,MERCURY|URANUS|NEPTUNE|PLUTO,MERCURY:LIBRA|URANUS:GEMINI|NEPTUNE:ARIES|PLUTO:AQUARIUS,MERCURY-PLUTO:120|MERCURY-NEPTUNE:180|MERCURY-URANUS:120,2,4,not_applicable,MERCURY,9,12,anchor_house,MERCURY|URANUS|NEPTUNE|PLUTO,swiss_ephemeris,MERCURY:PLUTO:120:2026-09-13|MERCURY:URANUS:120:2026-09-14,around_day,SEP_MERCURY_OUTER_NETWORK,,40,100,無意識の信念を静かな観察でほどく,{event_date}頃は、夢、直感、遠い記憶を通して、自分を縛っていた見えない信念に気づくことがありそうです。強い象徴をすぐ予言や結論として扱わず、心の反応として記録してください。天王星逆行後の内省として、事実、連想、願いを分けて眺めると、古い思い込みをほどきながら信じたい方向を選べます。,aspect_cluster;mercury;uranus;neptune;pluto;retrograde_context,1
2026_09_MERCURY_OUTER_NETWORK_S10_N01,2026_09_MERCURY_OUTER_NETWORK,2026-09,aspect_cluster,2026-09-12T00:00:00+09:00,2026-09-13T00:58:00+09:00,2026-09-15T23:59:59+09:00,0,MERCURY|URANUS|NEPTUNE|PLUTO,MERCURY:LIBRA|URANUS:GEMINI|NEPTUNE:ARIES|PLUTO:AQUARIUS,MERCURY-PLUTO:120|MERCURY-NEPTUNE:180|MERCURY-URANUS:120,2,4,not_applicable,MERCURY,10,1,anchor_house,MERCURY|URANUS|NEPTUNE|PLUTO,swiss_ephemeris,MERCURY:PLUTO:120:2026-09-13|MERCURY:URANUS:120:2026-09-14,around_day,SEP_MERCURY_OUTER_NETWORK,,40,100,肩書と実像が一致する説明を整える,{event_date}頃は、仕事上の評価や役割について、これまで見えなかった強みと新しい見せ方が浮かびそうです。ただし周囲の期待を自分の意思と混同しないでください。天王星が逆行へ転じた後の再考として、担える責任、学び直す点、望む立場を言葉にしましょう。肩書と実像を揃えるほど、無理のない存在感を示せます。,aspect_cluster;mercury;uranus;neptune;pluto;retrograde_context,1
2026_09_MERCURY_OUTER_NETWORK_S10_N02,2026_09_MERCURY_OUTER_NETWORK,2026-09,aspect_cluster,2026-09-12T00:00:00+09:00,2026-09-13T00:58:00+09:00,2026-09-15T23:59:59+09:00,0,MERCURY|URANUS|NEPTUNE|PLUTO,MERCURY:LIBRA|URANUS:GEMINI|NEPTUNE:ARIES|PLUTO:AQUARIUS,MERCURY-PLUTO:120|MERCURY-NEPTUNE:180|MERCURY-URANUS:120,2,4,not_applicable,MERCURY,10,2,anchor_house,MERCURY|URANUS|NEPTUNE|PLUTO,swiss_ephemeris,MERCURY:PLUTO:120:2026-09-13|MERCURY:URANUS:120:2026-09-14,around_day,SEP_MERCURY_OUTER_NETWORK,,40,100,報酬と責任の釣り合いを条件で示す,{event_date}頃は、昇進、契約、業務変更などを通して、自分の働きがどう評価されるべきかを深く考えることになりそうです。魅力的な役割でも、期待だけで条件を受け取らないでください。天王星逆行後に変化した事情を確認し、報酬、権限、負担、見直し時期を並べましょう。価値を数字と条件で示すほど、納得できる選択ができます。,aspect_cluster;mercury;uranus;neptune;pluto;retrograde_context,1
2026_09_MERCURY_OUTER_NETWORK_S10_N03,2026_09_MERCURY_OUTER_NETWORK,2026-09,aspect_cluster,2026-09-12T00:00:00+09:00,2026-09-13T00:58:00+09:00,2026-09-15T23:59:59+09:00,0,MERCURY|URANUS|NEPTUNE|PLUTO,MERCURY:LIBRA|URANUS:GEMINI|NEPTUNE:ARIES|PLUTO:AQUARIUS,MERCURY-PLUTO:120|MERCURY-NEPTUNE:180|MERCURY-URANUS:120,2,4,not_applicable,MERCURY,10,3,anchor_house,MERCURY|URANUS|NEPTUNE|PLUTO,swiss_ephemeris,MERCURY:PLUTO:120:2026-09-13|MERCURY:URANUS:120:2026-09-14,around_day,SEP_MERCURY_OUTER_NETWORK,,40,100,公の連絡を根拠と受け手別に整える,{event_date}頃は、重要な報告や対外発信で、複雑な状況を簡潔に説明する力が求められそうです。鋭い見通しがあっても、推測を確定事項のように伝えないことが大切です。天王星が逆行へ転じた後の変更履歴を確認し、事実、判断、次の対応を分けてください。受け手ごとに必要な情報を揃えると、職務上の信用を守れます。,aspect_cluster;mercury;uranus;neptune;pluto;retrograde_context,1
2026_09_MERCURY_OUTER_NETWORK_S10_N04,2026_09_MERCURY_OUTER_NETWORK,2026-09,aspect_cluster,2026-09-12T00:00:00+09:00,2026-09-13T00:58:00+09:00,2026-09-15T23:59:59+09:00,0,MERCURY|URANUS|NEPTUNE|PLUTO,MERCURY:LIBRA|URANUS:GEMINI|NEPTUNE:ARIES|PLUTO:AQUARIUS,MERCURY-PLUTO:120|MERCURY-NEPTUNE:180|MERCURY-URANUS:120,2,4,not_applicable,MERCURY,10,4,anchor_house,MERCURY|URANUS|NEPTUNE|PLUTO,swiss_ephemeris,MERCURY:PLUTO:120:2026-09-13|MERCURY:URANUS:120:2026-09-14,around_day,SEP_MERCURY_OUTER_NETWORK,,40,100,仕事の決定を家庭の基盤と照らす,{event_date}頃は、仕事の方向転換や責任の増減が、住まいや家族との時間にも影響することが見えてきそうです。社会的な理想だけで私生活の負担を小さく見積もらないでください。天王星逆行後の再検討として、移動時間、支援の有無、家で守りたい習慣を確認しましょう。足元の安心と両立する決定が、長く続く役割を支えます。,aspect_cluster;mercury;uranus;neptune;pluto;retrograde_context,1
2026_09_MERCURY_OUTER_NETWORK_S10_N05,2026_09_MERCURY_OUTER_NETWORK,2026-09,aspect_cluster,2026-09-12T00:00:00+09:00,2026-09-13T00:58:00+09:00,2026-09-15T23:59:59+09:00,0,MERCURY|URANUS|NEPTUNE|PLUTO,MERCURY:LIBRA|URANUS:GEMINI|NEPTUNE:ARIES|PLUTO:AQUARIUS,MERCURY-PLUTO:120|MERCURY-NEPTUNE:180|MERCURY-URANUS:120,2,4,not_applicable,MERCURY,10,5,anchor_house,MERCURY|URANUS|NEPTUNE|PLUTO,swiss_ephemeris,MERCURY:PLUTO:120:2026-09-13|MERCURY:URANUS:120:2026-09-14,around_day,SEP_MERCURY_OUTER_NETWORK,,40,100,創造的な提案を評価基準へつなぐ,{event_date}頃は、独自の企画や表現が仕事上の新しい役割へつながる可能性に気づきそうです。ただし強い着想だけで周囲の理解が得られるとは限りません。天王星逆行後に拾い直した案を小さく試し、対象者、成果の測り方、必要な支援を示してください。遊び心を評価できる形へ訳すと、提案の意図が伝わりやすくなります。,aspect_cluster;mercury;uranus;neptune;pluto;retrograde_context,1
2026_09_MERCURY_OUTER_NETWORK_S10_N06,2026_09_MERCURY_OUTER_NETWORK,2026-09,aspect_cluster,2026-09-12T00:00:00+09:00,2026-09-13T00:58:00+09:00,2026-09-15T23:59:59+09:00,0,MERCURY|URANUS|NEPTUNE|PLUTO,MERCURY:LIBRA|URANUS:GEMINI|NEPTUNE:ARIES|PLUTO:AQUARIUS,MERCURY-PLUTO:120|MERCURY-NEPTUNE:180|MERCURY-URANUS:120,2,4,not_applicable,MERCURY,10,6,anchor_house,MERCURY|URANUS|NEPTUNE|PLUTO,swiss_ephemeris,MERCURY:PLUTO:120:2026-09-13|MERCURY:URANUS:120:2026-09-14,around_day,SEP_MERCURY_OUTER_NETWORK,,40,100,見えない業務を工程と担当へ分ける,{event_date}頃は、職場の非効率や誰にも見えない作業の原因を深く捉え、新しい手順を考えられそうです。ただし曖昧な善意を前提に改善案を組まないでください。天王星が逆行へ転じた後の運用も調べ、作業量、担当、確認点、休める余地を工程表にしましょう。日常業務を可視化するほど、公平で続けやすい体制になります。,aspect_cluster;mercury;uranus;neptune;pluto;retrograde_context,1
2026_09_MERCURY_OUTER_NETWORK_S10_N07,2026_09_MERCURY_OUTER_NETWORK,2026-09,aspect_cluster,2026-09-12T00:00:00+09:00,2026-09-13T00:58:00+09:00,2026-09-15T23:59:59+09:00,0,MERCURY|URANUS|NEPTUNE|PLUTO,MERCURY:LIBRA|URANUS:GEMINI|NEPTUNE:ARIES|PLUTO:AQUARIUS,MERCURY-PLUTO:120|MERCURY-NEPTUNE:180|MERCURY-URANUS:120,2,4,not_applicable,MERCURY,10,7,anchor_house,MERCURY|URANUS|NEPTUNE|PLUTO,swiss_ephemeris,MERCURY:PLUTO:120:2026-09-13|MERCURY:URANUS:120:2026-09-14,around_day,SEP_MERCURY_OUTER_NETWORK,,40,100,提携の役割と最終判断者を決める,{event_date}頃は、取引先や協力者との対話から、仕事の展開を変える案や相手の本当の関心が見えてきそうです。共感を得られても、責任まで共有されたとは考えないでください。天王星逆行後に変わった条件を尋ね、担当、決裁者、対外説明、終了手順を確認しましょう。関係性と職責を分けるほど、対等な提携を進められます。,aspect_cluster;mercury;uranus;neptune;pluto;retrograde_context,1
2026_09_MERCURY_OUTER_NETWORK_S10_N08,2026_09_MERCURY_OUTER_NETWORK,2026-09,aspect_cluster,2026-09-12T00:00:00+09:00,2026-09-13T00:58:00+09:00,2026-09-15T23:59:59+09:00,0,MERCURY|URANUS|NEPTUNE|PLUTO,MERCURY:LIBRA|URANUS:GEMINI|NEPTUNE:ARIES|PLUTO:AQUARIUS,MERCURY-PLUTO:120|MERCURY-NEPTUNE:180|MERCURY-URANUS:120,2,4,not_applicable,MERCURY,10,8,anchor_house,MERCURY|URANUS|NEPTUNE|PLUTO,swiss_ephemeris,MERCURY:PLUTO:120:2026-09-13|MERCURY:URANUS:120:2026-09-14,around_day,SEP_MERCURY_OUTER_NETWORK,,40,100,機密を伴う職責の権限を確認する,{event_date}頃は、予算、人事、機密情報などを扱う役割で、問題の核心と改善の糸口が見つかりそうです。ただし知っていることの多さと決定権を混同しないことが大切です。天王星逆行後の規程も確認し、閲覧、承認、共有、記録の範囲を明文化してください。権限の境界を揃えるほど、重い責任を適切に扱えます。,aspect_cluster;mercury;uranus;neptune;pluto;retrograde_context,1
2026_09_MERCURY_OUTER_NETWORK_S10_N09,2026_09_MERCURY_OUTER_NETWORK,2026-09,aspect_cluster,2026-09-12T00:00:00+09:00,2026-09-13T00:58:00+09:00,2026-09-15T23:59:59+09:00,0,MERCURY|URANUS|NEPTUNE|PLUTO,MERCURY:LIBRA|URANUS:GEMINI|NEPTUNE:ARIES|PLUTO:AQUARIUS,MERCURY-PLUTO:120|MERCURY-NEPTUNE:180|MERCURY-URANUS:120,2,4,not_applicable,MERCURY,10,9,anchor_house,MERCURY|URANUS|NEPTUNE|PLUTO,swiss_ephemeris,MERCURY:PLUTO:120:2026-09-13|MERCURY:URANUS:120:2026-09-14,around_day,SEP_MERCURY_OUTER_NETWORK,,40,100,専門資格と制度変更を進路へ生かす,{event_date}頃は、専門知識や制度の変化が、今後担える職務の選択肢を大きく広げて見せそうです。印象的な将来像だけで進路を決めず、適用条件を確かめてください。天王星が逆行へ転じた後の改定も追い、必要資格、実務経験、相談先を一覧にしましょう。遠い目標を現在の要件へ戻すと、現実的な一歩を選べます。,aspect_cluster;mercury;uranus;neptune;pluto;retrograde_context,1
2026_09_MERCURY_OUTER_NETWORK_S10_N10,2026_09_MERCURY_OUTER_NETWORK,2026-09,aspect_cluster,2026-09-12T00:00:00+09:00,2026-09-13T00:58:00+09:00,2026-09-15T23:59:59+09:00,0,MERCURY|URANUS|NEPTUNE|PLUTO,MERCURY:LIBRA|URANUS:GEMINI|NEPTUNE:ARIES|PLUTO:AQUARIUS,MERCURY-PLUTO:120|MERCURY-NEPTUNE:180|MERCURY-URANUS:120,2,4,not_applicable,MERCURY,10,10,anchor_house,MERCURY|URANUS|NEPTUNE|PLUTO,swiss_ephemeris,MERCURY:PLUTO:120:2026-09-13|MERCURY:URANUS:120:2026-09-14,around_day,SEP_MERCURY_OUTER_NETWORK,,40,100,組織の判断過程を透明に組み直す,{event_date}頃は、組織の方針や自分のキャリアについて、表向きの説明の奥にある課題と更新案が見えやすくなります。理想的な改革像だけで結論を急がないでください。天王星逆行後の再検討として、誰が情報を持ち、どこで決め、どう説明するかを図にしましょう。判断過程を可視化すると、責任ある変化を提案できます。,aspect_cluster;mercury;uranus;neptune;pluto;retrograde_context,1
2026_09_MERCURY_OUTER_NETWORK_S10_N11,2026_09_MERCURY_OUTER_NETWORK,2026-09,aspect_cluster,2026-09-12T00:00:00+09:00,2026-09-13T00:58:00+09:00,2026-09-15T23:59:59+09:00,0,MERCURY|URANUS|NEPTUNE|PLUTO,MERCURY:LIBRA|URANUS:GEMINI|NEPTUNE:ARIES|PLUTO:AQUARIUS,MERCURY-PLUTO:120|MERCURY-NEPTUNE:180|MERCURY-URANUS:120,2,4,not_applicable,MERCURY,10,11,anchor_house,MERCURY|URANUS|NEPTUNE|PLUTO,swiss_ephemeris,MERCURY:PLUTO:120:2026-09-13|MERCURY:URANUS:120:2026-09-14,around_day,SEP_MERCURY_OUTER_NETWORK,,40,100,人脈を共通目標に沿って選び直す,{event_date}頃は、仲間や業界のネットワークを通じて、仕事の可能性を広げる意外な情報が入ってきそうです。ただし期待される役割が自分の目標と同じとは限りません。天王星逆行後に変わった関係も見直し、共通目的、提供できる力、距離を置く条件を確かめてください。つながりの数より方向を揃えると、将来像が明確になります。,aspect_cluster;mercury;uranus;neptune;pluto;retrograde_context,1
2026_09_MERCURY_OUTER_NETWORK_S10_N12,2026_09_MERCURY_OUTER_NETWORK,2026-09,aspect_cluster,2026-09-12T00:00:00+09:00,2026-09-13T00:58:00+09:00,2026-09-15T23:59:59+09:00,0,MERCURY|URANUS|NEPTUNE|PLUTO,MERCURY:LIBRA|URANUS:GEMINI|NEPTUNE:ARIES|PLUTO:AQUARIUS,MERCURY-PLUTO:120|MERCURY-NEPTUNE:180|MERCURY-URANUS:120,2,4,not_applicable,MERCURY,10,12,anchor_house,MERCURY|URANUS|NEPTUNE|PLUTO,swiss_ephemeris,MERCURY:PLUTO:120:2026-09-13|MERCURY:URANUS:120:2026-09-14,around_day,SEP_MERCURY_OUTER_NETWORK,,40,100,表に出ない負担を静かに見直す,{event_date}頃は、仕事の背後で抱えてきた不安や見えない責任の正体に気づき、役割を変える発想が生まれそうです。疲れた時の想像を将来の事実と決めないでください。天王星が逆行へ転じた後の内省として、実際の依頼、自分で背負った期待、休める時間を分けて書きましょう。静かな整理が、続ける責任と手放す負担を見分けます。,aspect_cluster;mercury;uranus;neptune;pluto;retrograde_context,1
2026_09_MERCURY_OUTER_NETWORK_S11_N01,2026_09_MERCURY_OUTER_NETWORK,2026-09,aspect_cluster,2026-09-12T00:00:00+09:00,2026-09-13T00:58:00+09:00,2026-09-15T23:59:59+09:00,0,MERCURY|URANUS|NEPTUNE|PLUTO,MERCURY:LIBRA|URANUS:GEMINI|NEPTUNE:ARIES|PLUTO:AQUARIUS,MERCURY-PLUTO:120|MERCURY-NEPTUNE:180|MERCURY-URANUS:120,2,4,not_applicable,MERCURY,11,1,anchor_house,MERCURY|URANUS|NEPTUNE|PLUTO,swiss_ephemeris,MERCURY:PLUTO:120:2026-09-13|MERCURY:URANUS:120:2026-09-14,around_day,SEP_MERCURY_OUTER_NETWORK,,40,100,集団で担う役割を自分の意思で選ぶ,{event_date}頃は、仲間やコミュニティの中で、自分に期待される役割と新しい参加方法が見えてきそうです。周囲の熱意を自分の使命と取り違えないでください。天王星が逆行へ転じた後の関係変化も踏まえ、引き受けたいこと、断ること、試す期間を伝えましょう。自分の意思を示すほど、対等な一員として関われます。,aspect_cluster;mercury;uranus;neptune;pluto;retrograde_context,1
2026_09_MERCURY_OUTER_NETWORK_S11_N02,2026_09_MERCURY_OUTER_NETWORK,2026-09,aspect_cluster,2026-09-12T00:00:00+09:00,2026-09-13T00:58:00+09:00,2026-09-15T23:59:59+09:00,0,MERCURY|URANUS|NEPTUNE|PLUTO,MERCURY:LIBRA|URANUS:GEMINI|NEPTUNE:ARIES|PLUTO:AQUARIUS,MERCURY-PLUTO:120|MERCURY-NEPTUNE:180|MERCURY-URANUS:120,2,4,not_applicable,MERCURY,11,2,anchor_house,MERCURY|URANUS|NEPTUNE|PLUTO,swiss_ephemeris,MERCURY:PLUTO:120:2026-09-13|MERCURY:URANUS:120:2026-09-14,around_day,SEP_MERCURY_OUTER_NETWORK,,40,100,共同企画の資金と持分を見える化する,{event_date}頃は、仲間と進める企画の資金や資源について、意外な調達法や隠れた負担が見つかりそうです。共通の理想があっても、お金の感覚まで同じとは限りません。天王星逆行後に変わった計画を確認し、出資、持分、上限、精算方法を表にしてください。価値の交換を明確にすると、協力を無理なく続けられます。,aspect_cluster;mercury;uranus;neptune;pluto;retrograde_context,1
2026_09_MERCURY_OUTER_NETWORK_S11_N03,2026_09_MERCURY_OUTER_NETWORK,2026-09,aspect_cluster,2026-09-12T00:00:00+09:00,2026-09-13T00:58:00+09:00,2026-09-15T23:59:59+09:00,0,MERCURY|URANUS|NEPTUNE|PLUTO,MERCURY:LIBRA|URANUS:GEMINI|NEPTUNE:ARIES|PLUTO:AQUARIUS,MERCURY-PLUTO:120|MERCURY-NEPTUNE:180|MERCURY-URANUS:120,2,4,not_applicable,MERCURY,11,3,anchor_house,MERCURY|URANUS|NEPTUNE|PLUTO,swiss_ephemeris,MERCURY:PLUTO:120:2026-09-13|MERCURY:URANUS:120:2026-09-14,around_day,SEP_MERCURY_OUTER_NETWORK,,40,100,多人数の連絡を決定事項から整える,{event_date}頃は、複数の仲間から届く情報の奥に、計画を進める重要な関連が見つかりそうです。ただし勢いのある意見を全体の合意と見なさないでください。天王星が逆行へ転じた後の変更も追い、決定済み、提案中、確認待ちを分けて共有しましょう。連絡の状態が見えると、誤解を減らして次の担当へ渡せます。,aspect_cluster;mercury;uranus;neptune;pluto;retrograde_context,1
2026_09_MERCURY_OUTER_NETWORK_S11_N04,2026_09_MERCURY_OUTER_NETWORK,2026-09,aspect_cluster,2026-09-12T00:00:00+09:00,2026-09-13T00:58:00+09:00,2026-09-15T23:59:59+09:00,0,MERCURY|URANUS|NEPTUNE|PLUTO,MERCURY:LIBRA|URANUS:GEMINI|NEPTUNE:ARIES|PLUTO:AQUARIUS,MERCURY-PLUTO:120|MERCURY-NEPTUNE:180|MERCURY-URANUS:120,2,4,not_applicable,MERCURY,11,4,anchor_house,MERCURY|URANUS|NEPTUNE|PLUTO,swiss_ephemeris,MERCURY:PLUTO:120:2026-09-13|MERCURY:URANUS:120:2026-09-14,around_day,SEP_MERCURY_OUTER_NETWORK,,40,100,仲間との活動を家庭の安心と両立する,{event_date}頃は、友人や団体との活動が広がり、家で過ごす時間や家族との約束を見直す必要が出てきそうです。集団の目的を優先して身近な負担を見落とさないでください。天王星逆行後の予定変更も含め、参加時間、連絡の終了時刻、家で守る習慣を確認しましょう。安心できる基盤があるほど、外の活動にも安定して関われます。,aspect_cluster;mercury;uranus;neptune;pluto;retrograde_context,1
2026_09_MERCURY_OUTER_NETWORK_S11_N05,2026_09_MERCURY_OUTER_NETWORK,2026-09,aspect_cluster,2026-09-12T00:00:00+09:00,2026-09-13T00:58:00+09:00,2026-09-15T23:59:59+09:00,0,MERCURY|URANUS|NEPTUNE|PLUTO,MERCURY:LIBRA|URANUS:GEMINI|NEPTUNE:ARIES|PLUTO:AQUARIUS,MERCURY-PLUTO:120|MERCURY-NEPTUNE:180|MERCURY-URANUS:120,2,4,not_applicable,MERCURY,11,5,anchor_house,MERCURY|URANUS|NEPTUNE|PLUTO,swiss_ephemeris,MERCURY:PLUTO:120:2026-09-13|MERCURY:URANUS:120:2026-09-14,around_day,SEP_MERCURY_OUTER_NETWORK,,40,100,共同制作の着想と権利を分けて育てる,{event_date}頃は、仲間との会話から大胆な創作案が生まれ、個人では届かなかった表現へ発展しそうです。誰の着想か曖昧なまま公開を急がないでください。天王星が逆行へ転じた後に拾い直した案も含め、原案、担当、署名、修正権を確かめましょう。遊び心と権利を両立させるほど、互いの個性が生きる作品になります。,aspect_cluster;mercury;uranus;neptune;pluto;retrograde_context,1
2026_09_MERCURY_OUTER_NETWORK_S11_N06,2026_09_MERCURY_OUTER_NETWORK,2026-09,aspect_cluster,2026-09-12T00:00:00+09:00,2026-09-13T00:58:00+09:00,2026-09-15T23:59:59+09:00,0,MERCURY|URANUS|NEPTUNE|PLUTO,MERCURY:LIBRA|URANUS:GEMINI|NEPTUNE:ARIES|PLUTO:AQUARIUS,MERCURY-PLUTO:120|MERCURY-NEPTUNE:180|MERCURY-URANUS:120,2,4,not_applicable,MERCURY,11,6,anchor_house,MERCURY|URANUS|NEPTUNE|PLUTO,swiss_ephemeris,MERCURY:PLUTO:120:2026-09-13|MERCURY:URANUS:120:2026-09-14,around_day,SEP_MERCURY_OUTER_NETWORK,,40,100,集団運営の見えない作業を分担する,{event_date}頃は、コミュニティ運営の滞りや、特定の人へ偏った作業の原因に気づきそうです。善意で誰かが補う前提を続けないことが大切です。天王星逆行後に変化した参加状況を調べ、定例作業、担当、代替要員、休止条件を一覧にしてください。裏方の負担を見える化すると、持続できる運営へ組み直せます。,aspect_cluster;mercury;uranus;neptune;pluto;retrograde_context,1
2026_09_MERCURY_OUTER_NETWORK_S11_N07,2026_09_MERCURY_OUTER_NETWORK,2026-09,aspect_cluster,2026-09-12T00:00:00+09:00,2026-09-13T00:58:00+09:00,2026-09-15T23:59:59+09:00,0,MERCURY|URANUS|NEPTUNE|PLUTO,MERCURY:LIBRA|URANUS:GEMINI|NEPTUNE:ARIES|PLUTO:AQUARIUS,MERCURY-PLUTO:120|MERCURY-NEPTUNE:180|MERCURY-URANUS:120,2,4,not_applicable,MERCURY,11,7,anchor_house,MERCURY|URANUS|NEPTUNE|PLUTO,swiss_ephemeris,MERCURY:PLUTO:120:2026-09-13|MERCURY:URANUS:120:2026-09-14,around_day,SEP_MERCURY_OUTER_NETWORK,,40,100,仲間内の協力を正式な約束へ変える,{event_date}頃は、友人や団体を通じて、信頼できる相手との協力案が具体化しそうです。ただし紹介者の期待や集団の空気を、当事者間の合意と考えないでください。天王星が逆行へ転じた後の意向も直接尋ね、目的、分担、期限、終了条件を確認しましょう。個別の約束を結ぶことで、親しさに頼らない協力になります。,aspect_cluster;mercury;uranus;neptune;pluto;retrograde_context,1
2026_09_MERCURY_OUTER_NETWORK_S11_N08,2026_09_MERCURY_OUTER_NETWORK,2026-09,aspect_cluster,2026-09-12T00:00:00+09:00,2026-09-13T00:58:00+09:00,2026-09-15T23:59:59+09:00,0,MERCURY|URANUS|NEPTUNE|PLUTO,MERCURY:LIBRA|URANUS:GEMINI|NEPTUNE:ARIES|PLUTO:AQUARIUS,MERCURY-PLUTO:120|MERCURY-NEPTUNE:180|MERCURY-URANUS:120,2,4,not_applicable,MERCURY,11,8,anchor_house,MERCURY|URANUS|NEPTUNE|PLUTO,swiss_ephemeris,MERCURY:PLUTO:120:2026-09-13|MERCURY:URANUS:120:2026-09-14,around_day,SEP_MERCURY_OUTER_NETWORK,,40,100,会員情報と共同資産の権限を点検する,{event_date}頃は、集団が保有する資金、名簿、非公開資料の扱いに、見直すべき点が見つかりそうです。問題の核心が分かっても、独断で公開や変更を進めないでください。天王星逆行後の担当交代も確認し、閲覧者、承認者、保存期間、削除手順を明文化しましょう。共同資産を守る仕組みが、参加者の信頼を支えます。,aspect_cluster;mercury;uranus;neptune;pluto;retrograde_context,1
2026_09_MERCURY_OUTER_NETWORK_S11_N09,2026_09_MERCURY_OUTER_NETWORK,2026-09,aspect_cluster,2026-09-12T00:00:00+09:00,2026-09-13T00:58:00+09:00,2026-09-15T23:59:59+09:00,0,MERCURY|URANUS|NEPTUNE|PLUTO,MERCURY:LIBRA|URANUS:GEMINI|NEPTUNE:ARIES|PLUTO:AQUARIUS,MERCURY-PLUTO:120|MERCURY-NEPTUNE:180|MERCURY-URANUS:120,2,4,not_applicable,MERCURY,11,9,anchor_house,MERCURY|URANUS|NEPTUNE|PLUTO,swiss_ephemeris,MERCURY:PLUTO:120:2026-09-13|MERCURY:URANUS:120:2026-09-14,around_day,SEP_MERCURY_OUTER_NETWORK,,40,100,異文化の仲間と理念の意味を確かめる,{event_date}頃は、専門分野や地域の異なる仲間との交流から、未来を変える発想に触れそうです。同じ言葉を使っていても、背景や優先順位が一致するとは限りません。天王星が逆行へ転じた後の見解も尋ね、理念、対象者、禁じることを具体例で照合してください。意味を丁寧に翻訳するほど、違いを生かした連携になります。,aspect_cluster;mercury;uranus;neptune;pluto;retrograde_context,1
2026_09_MERCURY_OUTER_NETWORK_S11_N10,2026_09_MERCURY_OUTER_NETWORK,2026-09,aspect_cluster,2026-09-12T00:00:00+09:00,2026-09-13T00:58:00+09:00,2026-09-15T23:59:59+09:00,0,MERCURY|URANUS|NEPTUNE|PLUTO,MERCURY:LIBRA|URANUS:GEMINI|NEPTUNE:ARIES|PLUTO:AQUARIUS,MERCURY-PLUTO:120|MERCURY-NEPTUNE:180|MERCURY-URANUS:120,2,4,not_applicable,MERCURY,11,10,anchor_house,MERCURY|URANUS|NEPTUNE|PLUTO,swiss_ephemeris,MERCURY:PLUTO:120:2026-09-13|MERCURY:URANUS:120:2026-09-14,around_day,SEP_MERCURY_OUTER_NETWORK,,40,100,共同目標を公的な成果へ結びつける,{event_date}頃は、仲間との構想が社会的な企画へ育ち、自分の専門性を生かす位置が見えてきそうです。大きな理想だけで成果や責任を曖昧にしないでください。天王星逆行後に変わった計画を確認し、届ける相手、達成指標、代表者、報告方法を決めましょう。目標を測れる形にすると、集団の力を公的な価値へつなげられます。,aspect_cluster;mercury;uranus;neptune;pluto;retrograde_context,1
2026_09_MERCURY_OUTER_NETWORK_S11_N11,2026_09_MERCURY_OUTER_NETWORK,2026-09,aspect_cluster,2026-09-12T00:00:00+09:00,2026-09-13T00:58:00+09:00,2026-09-15T23:59:59+09:00,0,MERCURY|URANUS|NEPTUNE|PLUTO,MERCURY:LIBRA|URANUS:GEMINI|NEPTUNE:ARIES|PLUTO:AQUARIUS,MERCURY-PLUTO:120|MERCURY-NEPTUNE:180|MERCURY-URANUS:120,2,4,not_applicable,MERCURY,11,11,anchor_house,MERCURY|URANUS|NEPTUNE|PLUTO,swiss_ephemeris,MERCURY:PLUTO:120:2026-09-13|MERCURY:URANUS:120:2026-09-14,around_day,SEP_MERCURY_OUTER_NETWORK,,40,100,所属する場の目的と距離を選び直す,{event_date}頃は、複数の友人関係やコミュニティのつながりを見渡し、今後深めたい場が明確になりそうです。印象的な発言だけで集団全体の意図を決めないでください。天王星が逆行へ転じた後の変化も観察し、目的、文化、参加頻度、離れる条件を比べましょう。所属を選び直すことが、自分に合う未来の仲間を残します。,aspect_cluster;mercury;uranus;neptune;pluto;retrograde_context,1
2026_09_MERCURY_OUTER_NETWORK_S11_N12,2026_09_MERCURY_OUTER_NETWORK,2026-09,aspect_cluster,2026-09-12T00:00:00+09:00,2026-09-13T00:58:00+09:00,2026-09-15T23:59:59+09:00,0,MERCURY|URANUS|NEPTUNE|PLUTO,MERCURY:LIBRA|URANUS:GEMINI|NEPTUNE:ARIES|PLUTO:AQUARIUS,MERCURY-PLUTO:120|MERCURY-NEPTUNE:180|MERCURY-URANUS:120,2,4,not_applicable,MERCURY,11,12,anchor_house,MERCURY|URANUS|NEPTUNE|PLUTO,swiss_ephemeris,MERCURY:PLUTO:120:2026-09-13|MERCURY:URANUS:120:2026-09-14,around_day,SEP_MERCURY_OUTER_NETWORK,,40,100,集団の空気から受けた不安を分ける,{event_date}頃は、仲間の沈黙やオンライン上の雰囲気から、言葉にされていない期待を感じ取りやすくなります。察した内容を集団の決定として背負わないでください。天王星逆行後の内省として、実際の発言、自分の反応、想像した意図を分けて記録しましょう。静かな時間を置いて必要な点だけ尋ねると、関係を思い込みから守れます。,aspect_cluster;mercury;uranus;neptune;pluto;retrograde_context,1
2026_09_MERCURY_OUTER_NETWORK_S12_N01,2026_09_MERCURY_OUTER_NETWORK,2026-09,aspect_cluster,2026-09-12T00:00:00+09:00,2026-09-13T00:58:00+09:00,2026-09-15T23:59:59+09:00,0,MERCURY|URANUS|NEPTUNE|PLUTO,MERCURY:LIBRA|URANUS:GEMINI|NEPTUNE:ARIES|PLUTO:AQUARIUS,MERCURY-PLUTO:120|MERCURY-NEPTUNE:180|MERCURY-URANUS:120,2,4,not_applicable,MERCURY,12,1,anchor_house,MERCURY|URANUS|NEPTUNE|PLUTO,swiss_ephemeris,MERCURY:PLUTO:120:2026-09-13|MERCURY:URANUS:120:2026-09-14,around_day,SEP_MERCURY_OUTER_NETWORK,,40,100,静かな時間で本心と役割を分ける,{event_date}頃は、一人になる時間に強い洞察が浮かび、自分でも気づかなかった願いや疲れが見えてきそうです。ただしその瞬間の感覚を、すぐ新しい自分像として決めないでください。天王星が逆行へ転じた後の内省として、本心、周囲から受けた役割、今は保留することを書き分けましょう。休息後も残る言葉が、次の選択を示します。,aspect_cluster;mercury;uranus;neptune;pluto;retrograde_context,1
2026_09_MERCURY_OUTER_NETWORK_S12_N02,2026_09_MERCURY_OUTER_NETWORK,2026-09,aspect_cluster,2026-09-12T00:00:00+09:00,2026-09-13T00:58:00+09:00,2026-09-15T23:59:59+09:00,0,MERCURY|URANUS|NEPTUNE|PLUTO,MERCURY:LIBRA|URANUS:GEMINI|NEPTUNE:ARIES|PLUTO:AQUARIUS,MERCURY-PLUTO:120|MERCURY-NEPTUNE:180|MERCURY-URANUS:120,2,4,not_applicable,MERCURY,12,2,anchor_house,MERCURY|URANUS|NEPTUNE|PLUTO,swiss_ephemeris,MERCURY:PLUTO:120:2026-09-13|MERCURY:URANUS:120:2026-09-14,around_day,SEP_MERCURY_OUTER_NETWORK,,40,100,見えない出費と安心の基準を記録する,{event_date}頃は、不安を和らげるための買い物や、気づかないまま続けていた支払いの背景が見えてきそうです。曖昧な予感だけで急な節約や契約変更をしないでください。天王星逆行後の見直しとして、実際の支出、必要な安心、習慣による出費を分けて記録しましょう。数字を静かに確かめると、守りたい価値に合う使い方を選べます。,aspect_cluster;mercury;uranus;neptune;pluto;retrograde_context,1
2026_09_MERCURY_OUTER_NETWORK_S12_N03,2026_09_MERCURY_OUTER_NETWORK,2026-09,aspect_cluster,2026-09-12T00:00:00+09:00,2026-09-13T00:58:00+09:00,2026-09-15T23:59:59+09:00,0,MERCURY|URANUS|NEPTUNE|PLUTO,MERCURY:LIBRA|URANUS:GEMINI|NEPTUNE:ARIES|PLUTO:AQUARIUS,MERCURY-PLUTO:120|MERCURY-NEPTUNE:180|MERCURY-URANUS:120,2,4,not_applicable,MERCURY,12,3,anchor_house,MERCURY|URANUS|NEPTUNE|PLUTO,swiss_ephemeris,MERCURY:PLUTO:120:2026-09-13|MERCURY:URANUS:120:2026-09-14,around_day,SEP_MERCURY_OUTER_NETWORK,,40,100,言葉になる前の連想を下書きに残す,{event_date}頃は、夢や何気ない会話から複数の考えがつながり、まだ説明できない核心に触れるかもしれません。断片的な連想を完成した情報として送らないでください。天王星が逆行へ転じた後に戻ってきた考えも、事実、引用、仮説に分けて下書きしましょう。時間を置いて読み直すと、伝えるべき内容と私的な感覚を見分けられます。,aspect_cluster;mercury;uranus;neptune;pluto;retrograde_context,1
2026_09_MERCURY_OUTER_NETWORK_S12_N04,2026_09_MERCURY_OUTER_NETWORK,2026-09,aspect_cluster,2026-09-12T00:00:00+09:00,2026-09-13T00:58:00+09:00,2026-09-15T23:59:59+09:00,0,MERCURY|URANUS|NEPTUNE|PLUTO,MERCURY:LIBRA|URANUS:GEMINI|NEPTUNE:ARIES|PLUTO:AQUARIUS,MERCURY-PLUTO:120|MERCURY-NEPTUNE:180|MERCURY-URANUS:120,2,4,not_applicable,MERCURY,12,4,anchor_house,MERCURY|URANUS|NEPTUNE|PLUTO,swiss_ephemeris,MERCURY:PLUTO:120:2026-09-13|MERCURY:URANUS:120:2026-09-14,around_day,SEP_MERCURY_OUTER_NETWORK,,40,100,家に残る記憶を現在の事実と分ける,{event_date}頃は、家族の言葉や住まいの記憶がふいに蘇り、今の安心を妨げている前提に気づきそうです。過去の印象を現在の家族の意図と決めないでください。天王星逆行後の内省として、覚えている出来事、当時の感情、今確認できることを分けましょう。静かな場所で整理すると、受け継ぐものと終えるものを選びやすくなります。,aspect_cluster;mercury;uranus;neptune;pluto;retrograde_context,1
2026_09_MERCURY_OUTER_NETWORK_S12_N05,2026_09_MERCURY_OUTER_NETWORK,2026-09,aspect_cluster,2026-09-12T00:00:00+09:00,2026-09-13T00:58:00+09:00,2026-09-15T23:59:59+09:00,0,MERCURY|URANUS|NEPTUNE|PLUTO,MERCURY:LIBRA|URANUS:GEMINI|NEPTUNE:ARIES|PLUTO:AQUARIUS,MERCURY-PLUTO:120|MERCURY-NEPTUNE:180|MERCURY-URANUS:120,2,4,not_applicable,MERCURY,12,5,anchor_house,MERCURY|URANUS|NEPTUNE|PLUTO,swiss_ephemeris,MERCURY:PLUTO:120:2026-09-13|MERCURY:URANUS:120:2026-09-14,around_day,SEP_MERCURY_OUTER_NETWORK,,40,100,夢の着想を公開前の試作へ変える,{event_date}頃は、夢や空想から印象的な物語や遊びの着想が生まれ、創作の奥行きが増しそうです。象徴の強さだけで作品の意味を断定しないでください。天王星が逆行へ転じた後に戻ってきた案を、非公開の試作やメモとして形にしましょう。少人数の反応を確かめてから磨くと、私的な感覚を受け手に届く表現へ変えられます。,aspect_cluster;mercury;uranus;neptune;pluto;retrograde_context,1
2026_09_MERCURY_OUTER_NETWORK_S12_N06,2026_09_MERCURY_OUTER_NETWORK,2026-09,aspect_cluster,2026-09-12T00:00:00+09:00,2026-09-13T00:58:00+09:00,2026-09-15T23:59:59+09:00,0,MERCURY|URANUS|NEPTUNE|PLUTO,MERCURY:LIBRA|URANUS:GEMINI|NEPTUNE:ARIES|PLUTO:AQUARIUS,MERCURY-PLUTO:120|MERCURY-NEPTUNE:180|MERCURY-URANUS:120,2,4,not_applicable,MERCURY,12,6,anchor_house,MERCURY|URANUS|NEPTUNE|PLUTO,swiss_ephemeris,MERCURY:PLUTO:120:2026-09-13|MERCURY:URANUS:120:2026-09-14,around_day,SEP_MERCURY_OUTER_NETWORK,,40,100,疲れの合図を日課の調整へ生かす,{event_date}頃は、集中の乱れや身体の小さな反応から、普段見過ごしていた負担の原因に気づくかもしれません。不安な連想だけで状態を決めつけないことが大切です。天王星逆行後の変化も含め、睡眠、作業時間、休憩、実際の反応を記録してください。傾向を見て日課を一つずつ変えると、静かに回復できる余地が生まれます。,aspect_cluster;mercury;uranus;neptune;pluto;retrograde_context,1
2026_09_MERCURY_OUTER_NETWORK_S12_N07,2026_09_MERCURY_OUTER_NETWORK,2026-09,aspect_cluster,2026-09-12T00:00:00+09:00,2026-09-13T00:58:00+09:00,2026-09-15T23:59:59+09:00,0,MERCURY|URANUS|NEPTUNE|PLUTO,MERCURY:LIBRA|URANUS:GEMINI|NEPTUNE:ARIES|PLUTO:AQUARIUS,MERCURY-PLUTO:120|MERCURY-NEPTUNE:180|MERCURY-URANUS:120,2,4,not_applicable,MERCURY,12,7,anchor_house,MERCURY|URANUS|NEPTUNE|PLUTO,swiss_ephemeris,MERCURY:PLUTO:120:2026-09-13|MERCURY:URANUS:120:2026-09-14,around_day,SEP_MERCURY_OUTER_NETWORK,,40,100,相手への投影を対話の質問に変える,{event_date}頃は、相手の沈黙や言葉の裏を深く読み取り、関係の隠れた意味に気づいたように感じそうです。ただし自分の不安を相手の本音として決めないでください。天王星が逆行へ転じた後の心境も含め、聞いた事実、感じたこと、確かめたい質問を分けましょう。穏やかに尋ねることで、思い込みではない対話へ戻れます。,aspect_cluster;mercury;uranus;neptune;pluto;retrograde_context,1
2026_09_MERCURY_OUTER_NETWORK_S12_N08,2026_09_MERCURY_OUTER_NETWORK,2026-09,aspect_cluster,2026-09-12T00:00:00+09:00,2026-09-13T00:58:00+09:00,2026-09-15T23:59:59+09:00,0,MERCURY|URANUS|NEPTUNE|PLUTO,MERCURY:LIBRA|URANUS:GEMINI|NEPTUNE:ARIES|PLUTO:AQUARIUS,MERCURY-PLUTO:120|MERCURY-NEPTUNE:180|MERCURY-URANUS:120,2,4,not_applicable,MERCURY,12,8,anchor_house,MERCURY|URANUS|NEPTUNE|PLUTO,swiss_ephemeris,MERCURY:PLUTO:120:2026-09-13|MERCURY:URANUS:120:2026-09-14,around_day,SEP_MERCURY_OUTER_NETWORK,,40,100,秘密への不安を権限の確認へ戻す,{event_date}頃は、共有資源や非公開情報について、表面からは見えない問題を敏感に感じ取りそうです。根拠のない疑いを事実として広げないことが大切です。天王星逆行後の担当変更も調べ、知っていること、推測、閲覧できる範囲を分けてください。正式な窓口で権限を確認すると、守るべき秘密と手放せる不安が明確になります。,aspect_cluster;mercury;uranus;neptune;pluto;retrograde_context,1
2026_09_MERCURY_OUTER_NETWORK_S12_N09,2026_09_MERCURY_OUTER_NETWORK,2026-09,aspect_cluster,2026-09-12T00:00:00+09:00,2026-09-13T00:58:00+09:00,2026-09-15T23:59:59+09:00,0,MERCURY|URANUS|NEPTUNE|PLUTO,MERCURY:LIBRA|URANUS:GEMINI|NEPTUNE:ARIES|PLUTO:AQUARIUS,MERCURY-PLUTO:120|MERCURY-NEPTUNE:180|MERCURY-URANUS:120,2,4,not_applicable,MERCURY,12,9,anchor_house,MERCURY|URANUS|NEPTUNE|PLUTO,swiss_ephemeris,MERCURY:PLUTO:120:2026-09-13|MERCURY:URANUS:120:2026-09-14,around_day,SEP_MERCURY_OUTER_NETWORK,,40,100,直感的な理解を資料で確かめ直す,{event_date}頃は、静かな読書や瞑想を通じて、長く探していた問いへの答えが一気につながる感覚を得そうです。心に響く説明を唯一の真実と決めないでください。天王星が逆行へ転じた後に変わった見方も記録し、出典、反対例、適用できる範囲を調べましょう。直感と検証を往復すると、信念を柔らかく深められます。,aspect_cluster;mercury;uranus;neptune;pluto;retrograde_context,1
2026_09_MERCURY_OUTER_NETWORK_S12_N10,2026_09_MERCURY_OUTER_NETWORK,2026-09,aspect_cluster,2026-09-12T00:00:00+09:00,2026-09-13T00:58:00+09:00,2026-09-15T23:59:59+09:00,0,MERCURY|URANUS|NEPTUNE|PLUTO,MERCURY:LIBRA|URANUS:GEMINI|NEPTUNE:ARIES|PLUTO:AQUARIUS,MERCURY-PLUTO:120|MERCURY-NEPTUNE:180|MERCURY-URANUS:120,2,4,not_applicable,MERCURY,12,10,anchor_house,MERCURY|URANUS|NEPTUNE|PLUTO,swiss_ephemeris,MERCURY:PLUTO:120:2026-09-13|MERCURY:URANUS:120:2026-09-14,around_day,SEP_MERCURY_OUTER_NETWORK,,40,100,舞台裏の判断を公の説明へ整える,{event_date}頃は、表に出ない調査や準備から、仕事の方向を変える重要な気づきが得られそうです。内部で共有された印象を、そのまま公の結論にしないでください。天王星逆行後の修正も確認し、公開できる事実、保留事項、決裁者を分けましょう。舞台裏の洞察を説明可能な形へ整えると、責任ある判断として示せます。,aspect_cluster;mercury;uranus;neptune;pluto;retrograde_context,1
2026_09_MERCURY_OUTER_NETWORK_S12_N11,2026_09_MERCURY_OUTER_NETWORK,2026-09,aspect_cluster,2026-09-12T00:00:00+09:00,2026-09-13T00:58:00+09:00,2026-09-15T23:59:59+09:00,0,MERCURY|URANUS|NEPTUNE|PLUTO,MERCURY:LIBRA|URANUS:GEMINI|NEPTUNE:ARIES|PLUTO:AQUARIUS,MERCURY-PLUTO:120|MERCURY-NEPTUNE:180|MERCURY-URANUS:120,2,4,not_applicable,MERCURY,12,11,anchor_house,MERCURY|URANUS|NEPTUNE|PLUTO,swiss_ephemeris,MERCURY:PLUTO:120:2026-09-13|MERCURY:URANUS:120:2026-09-14,around_day,SEP_MERCURY_OUTER_NETWORK,,40,100,仲間から距離を置いて関係を見直す,{event_date}頃は、友人やコミュニティとのつながりから少し離れることで、暗黙の期待や自分の本当の目的が見えてきそうです。沈黙を拒絶や決裂の証拠と考えないでください。天王星が逆行へ転じた後の関係変化を振り返り、続けたい交流、休む場、確認したい点を書きましょう。距離を置く時間が、必要な縁を選び直す余白になります。,aspect_cluster;mercury;uranus;neptune;pluto;retrograde_context,1
2026_09_MERCURY_OUTER_NETWORK_S12_N12,2026_09_MERCURY_OUTER_NETWORK,2026-09,aspect_cluster,2026-09-12T00:00:00+09:00,2026-09-13T00:58:00+09:00,2026-09-15T23:59:59+09:00,0,MERCURY|URANUS|NEPTUNE|PLUTO,MERCURY:LIBRA|URANUS:GEMINI|NEPTUNE:ARIES|PLUTO:AQUARIUS,MERCURY-PLUTO:120|MERCURY-NEPTUNE:180|MERCURY-URANUS:120,2,4,not_applicable,MERCURY,12,12,anchor_house,MERCURY|URANUS|NEPTUNE|PLUTO,swiss_ephemeris,MERCURY:PLUTO:120:2026-09-13|MERCURY:URANUS:120:2026-09-14,around_day,SEP_MERCURY_OUTER_NETWORK,,40,100,夢と記憶の断片を結論にせず眺める,{event_date}頃は、夢、記憶、直感が複雑につながり、心の奥にある問いを深く理解する手がかりになりそうです。強い象徴を予言や他人の意図として断定しないでください。天王星逆行後の内省として、見たもの、感じたこと、現実に確認できることを分けて記録しましょう。答えを急がない観察が、古い思考を静かに更新します。,aspect_cluster;mercury;uranus;neptune;pluto;retrograde_context,1
2026_09_VENUS_PLUTO_SQUARE_S01_N01,2026_09_VENUS_PLUTO_SQUARE,2026-09,aspect_cluster,2026-09-14T00:00:00+09:00,2026-09-16T03:34:00+09:00,2026-09-18T23:59:59+09:00,0,VENUS|PLUTO,VENUS:SCORPIO|PLUTO:AQUARIUS,VENUS-PLUTO:90,3,2,not_applicable,VENUS,1,1,anchor_house,VENUS|PLUTO,swiss_ephemeris,VENUS:PLUTO:90:2026-09-16,exact_day,SEP_VALUES_POWER,,50,90,装いと自己評価の主導権を取り戻す,{event_date}頃は、自分らしさをどう見せるかが前面に出て、好みと周囲から求められる像の間に緊張を感じやすいでしょう。装いや振る舞いを評価獲得の手段にせず、身体が心地よい選択と、本当に残したい印象を分けて考えてください。強く変えたくなる時ほど、小さな手入れから試すと納得のいく輪郭が見えてきます。,square;venus;pluto;values;relationships,1
2026_09_VENUS_PLUTO_SQUARE_S01_N02,2026_09_VENUS_PLUTO_SQUARE,2026-09,aspect_cluster,2026-09-14T00:00:00+09:00,2026-09-16T03:34:00+09:00,2026-09-18T23:59:59+09:00,0,VENUS|PLUTO,VENUS:SCORPIO|PLUTO:AQUARIUS,VENUS-PLUTO:90,3,2,not_applicable,VENUS,1,2,anchor_house,VENUS|PLUTO,swiss_ephemeris,VENUS:PLUTO:90:2026-09-16,exact_day,SEP_VALUES_POWER,,50,90,自分の価値を値段だけで測らない,{event_date}頃は、自分をどう扱うかという課題が、収入、持ち物、支出の優先順位に表れます。高価なものや他人の評価で不足を埋めようとせず、実際に使うもの、守りたい余裕、手放せる負担を区別しましょう。欲しい理由まで確かめてから選ぶと、所有に振り回されず自分の基準を育てられます。,square;venus;pluto;values;relationships,1
2026_09_VENUS_PLUTO_SQUARE_S01_N03,2026_09_VENUS_PLUTO_SQUARE,2026-09,aspect_cluster,2026-09-14T00:00:00+09:00,2026-09-16T03:34:00+09:00,2026-09-18T23:59:59+09:00,0,VENUS|PLUTO,VENUS:SCORPIO|PLUTO:AQUARIUS,VENUS-PLUTO:90,3,2,not_applicable,VENUS,1,3,anchor_house,VENUS|PLUTO,swiss_ephemeris,VENUS:PLUTO:90:2026-09-16,exact_day,SEP_VALUES_POWER,,50,90,伝え方に潜む迎合と強がりを見直す,{event_date}頃は、自分の意見や魅力をどう言葉にするかが焦点となり、好かれたい気持ちと主導権を守りたい気持ちが同時に動きそうです。返事を急いで相手に合わせたり、逆に強い表現で押し切ったりせず、事実、希望、譲れない条件を順に伝えてください。短いやり取りほど一呼吸置くと、本音を損なわない話し方を選べます。,square;venus;pluto;values;relationships,1
2026_09_VENUS_PLUTO_SQUARE_S01_N04,2026_09_VENUS_PLUTO_SQUARE,2026-09,aspect_cluster,2026-09-14T00:00:00+09:00,2026-09-16T03:34:00+09:00,2026-09-18T23:59:59+09:00,0,VENUS|PLUTO,VENUS:SCORPIO|PLUTO:AQUARIUS,VENUS-PLUTO:90,3,2,not_applicable,VENUS,1,4,anchor_house,VENUS|PLUTO,swiss_ephemeris,VENUS:PLUTO:90:2026-09-16,exact_day,SEP_VALUES_POWER,,50,90,居場所に合わせた自分を脱ぎ直す,{event_date}頃は、自分の見せ方を変えたい思いが、家族との距離や家での役割、安心できる空間に反映されます。昔から期待されてきた人物像へ無意識に戻っていないかを確かめ、守りたい習慣と今は窮屈な決まりを分けましょう。部屋の一角や帰宅後の過ごし方から整えると、内側の安心に沿った振る舞いへ移れます。,square;venus;pluto;values;relationships,1
2026_09_VENUS_PLUTO_SQUARE_S01_N05,2026_09_VENUS_PLUTO_SQUARE,2026-09,aspect_cluster,2026-09-14T00:00:00+09:00,2026-09-16T03:34:00+09:00,2026-09-18T23:59:59+09:00,0,VENUS|PLUTO,VENUS:SCORPIO|PLUTO:AQUARIUS,VENUS-PLUTO:90,3,2,not_applicable,VENUS,1,5,anchor_house,VENUS|PLUTO,swiss_ephemeris,VENUS:PLUTO:90:2026-09-16,exact_day,SEP_VALUES_POWER,,50,90,表現する喜びを反応から切り離す,{event_date}頃は、自分の魅力や創作を強く打ち出したくなる一方、誰かの反応を確かめ続けたくなるかもしれません。恋愛、遊び、作品を相手の関心をつなぎ留める手段にせず、まず自分が夢中になれる部分を取り戻してください。公開範囲や費やす時間を自分で決めると、評価への執着を表現の深さへ変えられます。,square;venus;pluto;values;relationships,1
2026_09_VENUS_PLUTO_SQUARE_S01_N06,2026_09_VENUS_PLUTO_SQUARE,2026-09,aspect_cluster,2026-09-14T00:00:00+09:00,2026-09-16T03:34:00+09:00,2026-09-18T23:59:59+09:00,0,VENUS|PLUTO,VENUS:SCORPIO|PLUTO:AQUARIUS,VENUS-PLUTO:90,3,2,not_applicable,VENUS,1,6,anchor_house,VENUS|PLUTO,swiss_ephemeris,VENUS:PLUTO:90:2026-09-16,exact_day,SEP_VALUES_POWER,,50,90,好印象より続けられる日課を選ぶ,{event_date}頃は、自分を整えたい気持ちが仕事の進め方や美容、食事、休息の習慣へ向かいます。完璧な見た目や有能さを保つために無理を重ねず、誰の期待に応えようとしているのかを確かめましょう。負担の大きい作業を一つ減らし、心身が楽になる手順を残すと、自信を消耗せず日常に根づかせられます。,square;venus;pluto;values;relationships,1
2026_09_VENUS_PLUTO_SQUARE_S01_N07,2026_09_VENUS_PLUTO_SQUARE,2026-09,aspect_cluster,2026-09-14T00:00:00+09:00,2026-09-16T03:34:00+09:00,2026-09-18T23:59:59+09:00,0,VENUS|PLUTO,VENUS:SCORPIO|PLUTO:AQUARIUS,VENUS-PLUTO:90,3,2,not_applicable,VENUS,1,7,anchor_house,VENUS|PLUTO,swiss_ephemeris,VENUS:PLUTO:90:2026-09-16,exact_day,SEP_VALUES_POWER,,50,90,相手のまなざしと自己像を混同しない,{event_date}頃は、人からどう見られるかが強く気になり、親密な相手の好みや反応が自己評価へ入り込みやすくなります。相手を変えようとしたり、自分を合わせ切ったりする前に、互いに望む距離、紹介の仕方、決定権を言葉にしてください。対等な違いを認めることが、魅力を競争や支配から守ります。,square;venus;pluto;values;relationships,1
2026_09_VENUS_PLUTO_SQUARE_S01_N08,2026_09_VENUS_PLUTO_SQUARE,2026-09,aspect_cluster,2026-09-14T00:00:00+09:00,2026-09-16T03:34:00+09:00,2026-09-18T23:59:59+09:00,0,VENUS|PLUTO,VENUS:SCORPIO|PLUTO:AQUARIUS,VENUS-PLUTO:90,3,2,not_applicable,VENUS,1,8,anchor_house,VENUS|PLUTO,swiss_ephemeris,VENUS:PLUTO:90:2026-09-16,exact_day,SEP_VALUES_POWER,,50,90,深い結びつきにも自分の境界を置く,{event_date}頃は、信頼を深めたい思いと、自分の主導権を保ちたい思いが、秘密や共有資産、親密さの扱いで交差します。愛情の証明として過度に差し出したり、相手の選択を確かめ続けたりせず、共有する範囲と保留する範囲を決めましょう。条件を曖昧にしないことが、濃い関係の中でも自分を見失わない支えになります。,square;venus;pluto;values;relationships,1
2026_09_VENUS_PLUTO_SQUARE_S01_N09,2026_09_VENUS_PLUTO_SQUARE,2026-09,aspect_cluster,2026-09-14T00:00:00+09:00,2026-09-16T03:34:00+09:00,2026-09-18T23:59:59+09:00,0,VENUS|PLUTO,VENUS:SCORPIO|PLUTO:AQUARIUS,VENUS-PLUTO:90,3,2,not_applicable,VENUS,1,9,anchor_house,VENUS|PLUTO,swiss_ephemeris,VENUS:PLUTO:90:2026-09-16,exact_day,SEP_VALUES_POWER,,50,90,借りた正解ではなく自分の美意識で選ぶ,{event_date}頃は、新しい価値観や文化に触れて自己像を更新したくなりますが、影響力の強い人の思想や洗練された見せ方へ一気に染まりやすい面もあります。憧れと同意を分け、学びたい点、疑問が残る点、自分の経験で確かめる点を書き出してください。結論を急がない探究が、借り物ではない信念と表現を育てます。,square;venus;pluto;values;relationships,1
2026_09_VENUS_PLUTO_SQUARE_S01_N10,2026_09_VENUS_PLUTO_SQUARE,2026-09,aspect_cluster,2026-09-14T00:00:00+09:00,2026-09-16T03:34:00+09:00,2026-09-18T23:59:59+09:00,0,VENUS|PLUTO,VENUS:SCORPIO|PLUTO:AQUARIUS,VENUS-PLUTO:90,3,2,not_applicable,VENUS,1,10,anchor_house,VENUS|PLUTO,swiss_ephemeris,VENUS:PLUTO:90:2026-09-16,exact_day,SEP_VALUES_POWER,,50,90,評価される役割と本来の自分を分ける,{event_date}頃は、仕事上の立場や社会から見える姿を刷新したくなり、肩書、実績、影響力へのこだわりが強まるかもしれません。注目を得るために無理な約束をせず、担いたい責任と、評価のためだけに続けている役割を分けましょう。見せ方より判断基準を明確にすると、権威に寄りかからない存在感へ整えられます。,square;venus;pluto;values;relationships,1
2026_09_VENUS_PLUTO_SQUARE_S01_N11,2026_09_VENUS_PLUTO_SQUARE,2026-09,aspect_cluster,2026-09-14T00:00:00+09:00,2026-09-16T03:34:00+09:00,2026-09-18T23:59:59+09:00,0,VENUS|PLUTO,VENUS:SCORPIO|PLUTO:AQUARIUS,VENUS-PLUTO:90,3,2,not_applicable,VENUS,1,11,anchor_house,VENUS|PLUTO,swiss_ephemeris,VENUS:PLUTO:90:2026-09-16,exact_day,SEP_VALUES_POWER,,50,90,仲間内の人気より自由な立ち位置を選ぶ,{event_date}頃は、仲間やコミュニティの中でどんな自分を示すかが焦点となり、好意を失いたくない気持ちから空気を読みすぎることがあります。中心人物の期待や暗黙の序列に合わせる前に、参加したい目的と引き受けられる範囲を確認してください。付き合い方を選び直すことで、所属を保ちながら個性も守れます。,square;venus;pluto;values;relationships,1
2026_09_VENUS_PLUTO_SQUARE_S01_N12,2026_09_VENUS_PLUTO_SQUARE,2026-09,aspect_cluster,2026-09-14T00:00:00+09:00,2026-09-16T03:34:00+09:00,2026-09-18T23:59:59+09:00,0,VENUS|PLUTO,VENUS:SCORPIO|PLUTO:AQUARIUS,VENUS-PLUTO:90,3,2,not_applicable,VENUS,1,12,anchor_house,VENUS|PLUTO,swiss_ephemeris,VENUS:PLUTO:90:2026-09-16,exact_day,SEP_VALUES_POWER,,50,90,誰にも見せない欲求を静かに確かめる,{event_date}頃は、表向きの自己像の裏で、認められたい気持ちや失う不安、密かな憧れが濃く浮かびやすい時です。すぐに行動や告白へ変えず、何に惹かれ、何を恐れているのかを一人で書き留めてください。休息や創作の時間を通して感情を観察すると、無意識の執着と本当に大切な望みを分けられます。,square;venus;pluto;values;relationships,1
2026_09_VENUS_PLUTO_SQUARE_S02_N01,2026_09_VENUS_PLUTO_SQUARE,2026-09,aspect_cluster,2026-09-14T00:00:00+09:00,2026-09-16T03:34:00+09:00,2026-09-18T23:59:59+09:00,0,VENUS|PLUTO,VENUS:SCORPIO|PLUTO:AQUARIUS,VENUS-PLUTO:90,3,2,not_applicable,VENUS,2,1,anchor_house,VENUS|PLUTO,swiss_ephemeris,VENUS:PLUTO:90:2026-09-16,exact_day,SEP_VALUES_POWER,,50,90,身につける物と自己評価を切り分ける,{event_date}頃は、持ち物や使える資源を整える課題が、装い、身体の扱い、自信の持ち方に表れます。価値を示すためだけに高価な選択を重ねず、着心地、手入れのしやすさ、今の生活で使う頻度を確かめてください。自分をよく見せる出費と、自分をいたわる支出を分けると、所有物に頼らない安心が育ちます。,square;venus;pluto;values;relationships,1
2026_09_VENUS_PLUTO_SQUARE_S02_N02,2026_09_VENUS_PLUTO_SQUARE,2026-09,aspect_cluster,2026-09-14T00:00:00+09:00,2026-09-16T03:34:00+09:00,2026-09-18T23:59:59+09:00,0,VENUS|PLUTO,VENUS:SCORPIO|PLUTO:AQUARIUS,VENUS-PLUTO:90,3,2,not_applicable,VENUS,2,2,anchor_house,VENUS|PLUTO,swiss_ephemeris,VENUS:PLUTO:90:2026-09-16,exact_day,SEP_VALUES_POWER,,50,90,足りなさを埋める支出の癖を見直す,{event_date}頃は、収入や蓄えへの不安と欲しい物への強いこだわりが結びつき、数字以上に不足感が膨らみやすい時です。買う、ため込む、手放さないという反応の前に、必要額、楽しみに使える額、保留する額を分けましょう。安心を一度の買い物で得ようとせず、管理できる範囲を増やすことが自己価値の支えになります。,square;venus;pluto;values;relationships,1
2026_09_VENUS_PLUTO_SQUARE_S02_N03,2026_09_VENUS_PLUTO_SQUARE,2026-09,aspect_cluster,2026-09-14T00:00:00+09:00,2026-09-16T03:34:00+09:00,2026-09-18T23:59:59+09:00,0,VENUS|PLUTO,VENUS:SCORPIO|PLUTO:AQUARIUS,VENUS-PLUTO:90,3,2,not_applicable,VENUS,2,3,anchor_house,VENUS|PLUTO,swiss_ephemeris,VENUS:PLUTO:90:2026-09-16,exact_day,SEP_VALUES_POWER,,50,90,価格と条件を曖昧な好意に任せない,{event_date}頃は、自分の時間や技能にどんな価値を置くかが、見積もり、値段交渉、身近な人との貸し借りに表れます。関係を悪くしたくないために無料で引き受けたり、後から不満を強く示したりせず、範囲、期限、対価を先に言葉にしてください。丁寧な条件確認が、好意を利用や駆け引きへ変えない境界になります。,square;venus;pluto;values;relationships,1
2026_09_VENUS_PLUTO_SQUARE_S02_N04,2026_09_VENUS_PLUTO_SQUARE,2026-09,aspect_cluster,2026-09-14T00:00:00+09:00,2026-09-16T03:34:00+09:00,2026-09-18T23:59:59+09:00,0,VENUS|PLUTO,VENUS:SCORPIO|PLUTO:AQUARIUS,VENUS-PLUTO:90,3,2,not_applicable,VENUS,2,4,anchor_house,VENUS|PLUTO,swiss_ephemeris,VENUS:PLUTO:90:2026-09-16,exact_day,SEP_VALUES_POWER,,50,90,家の安心に必要な費用を選び直す,{event_date}頃は、住まいや家族へ資源を注ぐ意味が問われ、安心のための支出と、期待に応えるための負担が混ざりやすくなります。家具、修繕、援助を勢いで決めず、誰が望み、誰が使い、誰が支払うのかを確認しましょう。思い出の品も残す理由を見直すと、愛情を物の量で証明せず落ち着ける居場所を整えられます。,square;venus;pluto;values;relationships,1
2026_09_VENUS_PLUTO_SQUARE_S02_N05,2026_09_VENUS_PLUTO_SQUARE,2026-09,aspect_cluster,2026-09-14T00:00:00+09:00,2026-09-16T03:34:00+09:00,2026-09-18T23:59:59+09:00,0,VENUS|PLUTO,VENUS:SCORPIO|PLUTO:AQUARIUS,VENUS-PLUTO:90,3,2,not_applicable,VENUS,2,5,anchor_house,VENUS|PLUTO,swiss_ephemeris,VENUS:PLUTO:90:2026-09-16,exact_day,SEP_VALUES_POWER,,50,90,楽しみへの出費を評価競争から守る,{event_date}頃は、趣味、創作、恋愛へどこまでお金と時間を使うかに、喜びと承認欲求のせめぎ合いが表れます。相手を引きつけるための贈り物や、上達を誇示するための道具へ偏らず、自分が繰り返し楽しめる範囲を決めてください。反応の大きさより満足の深さを基準にすると、楽しみを比較や執着から守れます。,square;venus;pluto;values;relationships,1
2026_09_VENUS_PLUTO_SQUARE_S02_N06,2026_09_VENUS_PLUTO_SQUARE,2026-09,aspect_cluster,2026-09-14T00:00:00+09:00,2026-09-16T03:34:00+09:00,2026-09-18T23:59:59+09:00,0,VENUS|PLUTO,VENUS:SCORPIO|PLUTO:AQUARIUS,VENUS-PLUTO:90,3,2,not_applicable,VENUS,2,6,anchor_house,VENUS|PLUTO,swiss_ephemeris,VENUS:PLUTO:90:2026-09-16,exact_day,SEP_VALUES_POWER,,50,90,働き方と対価の不均衡を整え直す,{event_date}頃は、日々の仕事へ差し出す時間と得られる対価、心身を整える費用の釣り合いが気になりそうです。有能さを証明するために負担を抱え込まず、業務範囲、追加対応、休息に必要な条件を見直してください。便利さの名の下で続く持ち出しを記録すると、自分の労力を軽く扱わない実務的な改善点が見つかります。,square;venus;pluto;values;relationships,1
2026_09_VENUS_PLUTO_SQUARE_S02_N07,2026_09_VENUS_PLUTO_SQUARE,2026-09,aspect_cluster,2026-09-14T00:00:00+09:00,2026-09-16T03:34:00+09:00,2026-09-18T23:59:59+09:00,0,VENUS|PLUTO,VENUS:SCORPIO|PLUTO:AQUARIUS,VENUS-PLUTO:90,3,2,not_applicable,VENUS,2,7,anchor_house,VENUS|PLUTO,swiss_ephemeris,VENUS:PLUTO:90:2026-09-16,exact_day,SEP_VALUES_POWER,,50,90,好意と取引条件を同じにしない,{event_date}頃は、誰と何を交換するかが焦点となり、相手への好意や遠慮が、契約、料金、役割分担の判断へ入り込みやすくなります。気持ちが通じていることを公平さの証明にせず、金額、期限、変更時の扱いを具体的に確かめましょう。断る余地を互いに残した合意なら、関係の強さに頼らず価値を交換できます。,square;venus;pluto;values;relationships,1
2026_09_VENUS_PLUTO_SQUARE_S02_N08,2026_09_VENUS_PLUTO_SQUARE,2026-09,aspect_cluster,2026-09-14T00:00:00+09:00,2026-09-16T03:34:00+09:00,2026-09-18T23:59:59+09:00,0,VENUS|PLUTO,VENUS:SCORPIO|PLUTO:AQUARIUS,VENUS-PLUTO:90,3,2,not_applicable,VENUS,2,8,anchor_house,VENUS|PLUTO,swiss_ephemeris,VENUS:PLUTO:90:2026-09-16,exact_day,SEP_VALUES_POWER,,50,90,共有するお金の決定権を確かめる,{event_date}頃は、自分の資産を守りたい気持ちと、誰かと深く支え合いたい気持ちが、共有口座、負担、返済、贈与の扱いで交差します。信頼の証として全てを一緒にせず、閲覧できる範囲、決定する人、見直す時期を明確にしてください。秘密や罪悪感で条件を結ばないことが、依存を増やさない協力につながります。,square;venus;pluto;values;relationships,1
2026_09_VENUS_PLUTO_SQUARE_S02_N09,2026_09_VENUS_PLUTO_SQUARE,2026-09,aspect_cluster,2026-09-14T00:00:00+09:00,2026-09-16T03:34:00+09:00,2026-09-18T23:59:59+09:00,0,VENUS|PLUTO,VENUS:SCORPIO|PLUTO:AQUARIUS,VENUS-PLUTO:90,3,2,not_applicable,VENUS,2,9,anchor_house,VENUS|PLUTO,swiss_ephemeris,VENUS:PLUTO:90:2026-09-16,exact_day,SEP_VALUES_POWER,,50,90,学びへの投資を権威への憧れで決めない,{event_date}頃は、学習、旅、資格へ資源を投じる選択に、将来への期待と影響力ある人への憧れが混ざりやすい時です。高額であることや限定性を価値の保証とみなさず、学べる内容、使う場面、続ける費用を比べてください。教える人の強さではなく、自分の問いが深まるかを基準にすると、借り物の信念へ支払わずに済みます。,square;venus;pluto;values;relationships,1
2026_09_VENUS_PLUTO_SQUARE_S02_N10,2026_09_VENUS_PLUTO_SQUARE,2026-09,aspect_cluster,2026-09-14T00:00:00+09:00,2026-09-16T03:34:00+09:00,2026-09-18T23:59:59+09:00,0,VENUS|PLUTO,VENUS:SCORPIO|PLUTO:AQUARIUS,VENUS-PLUTO:90,3,2,not_applicable,VENUS,2,10,anchor_house,VENUS|PLUTO,swiss_ephemeris,VENUS:PLUTO:90:2026-09-16,exact_day,SEP_VALUES_POWER,,50,90,肩書のための出費と必要経費を分ける,{event_date}頃は、収入や所有する資源の使い道が、仕事上の評価や責任、社会的な立場と結びつきます。権威を示すための装備や付き合いへ流されず、成果に必要な経費と、印象維持だけの支出を分けましょう。報酬と負担の内訳も確認すると、立場を守るために自分の資産を削る構図を見直せます。,square;venus;pluto;values;relationships,1
2026_09_VENUS_PLUTO_SQUARE_S02_N11,2026_09_VENUS_PLUTO_SQUARE,2026-09,aspect_cluster,2026-09-14T00:00:00+09:00,2026-09-16T03:34:00+09:00,2026-09-18T23:59:59+09:00,0,VENUS|PLUTO,VENUS:SCORPIO|PLUTO:AQUARIUS,VENUS-PLUTO:90,3,2,not_applicable,VENUS,2,11,anchor_house,VENUS|PLUTO,swiss_ephemeris,VENUS:PLUTO:90:2026-09-16,exact_day,SEP_VALUES_POWER,,50,90,仲間との資源配分を空気で決めない,{event_date}頃は、仲間と持ち寄るお金、時間、技能をどう配るかに、好意と発言力の偏りが見えやすくなります。熱意の強い人へ決定を任せ切ったり、所属を保つために負担を隠したりせず、目的、上限、精算方法を共有してください。貢献の形を一つに固定しないことが、序列ではなく納得で続く協力を支えます。,square;venus;pluto;values;relationships,1
2026_09_VENUS_PLUTO_SQUARE_S02_N12,2026_09_VENUS_PLUTO_SQUARE,2026-09,aspect_cluster,2026-09-14T00:00:00+09:00,2026-09-16T03:34:00+09:00,2026-09-18T23:59:59+09:00,0,VENUS|PLUTO,VENUS:SCORPIO|PLUTO:AQUARIUS,VENUS-PLUTO:90,3,2,not_applicable,VENUS,2,12,anchor_house,VENUS|PLUTO,swiss_ephemeris,VENUS:PLUTO:90:2026-09-16,exact_day,SEP_VALUES_POWER,,50,90,見えない不安から抱える物を減らす,{event_date}頃は、失うことへの漠然とした不安が、使わない物をため込む、支出を隠す、安心のために余分を抱える形で表れやすいでしょう。自分を責めず、見直せる明細と持ち物から一つずつ確認してください。休息に必要な費用は残し、恐れだけで維持している負担を減らすと、数字と感情を混同せず資源を扱えます。,square;venus;pluto;values;relationships,1
2026_09_VENUS_PLUTO_SQUARE_S03_N01,2026_09_VENUS_PLUTO_SQUARE,2026-09,aspect_cluster,2026-09-14T00:00:00+09:00,2026-09-16T03:34:00+09:00,2026-09-18T23:59:59+09:00,0,VENUS|PLUTO,VENUS:SCORPIO|PLUTO:AQUARIUS,VENUS-PLUTO:90,3,2,not_applicable,VENUS,3,1,anchor_house,VENUS|PLUTO,swiss_ephemeris,VENUS:PLUTO:90:2026-09-16,exact_day,SEP_VALUES_POWER,,50,90,言葉の印象と本来の意図を揃える,{event_date}頃は、伝え方や身近な交流が前面に出て、自分を魅力的に見せたい気持ちと、主導権を握りたい気持ちが声や表情ににじみそうです。相手の反応を読む前に、伝えたい事実と望む印象を分けてください。飾った説明や強い断定を減らし、自分の言葉で言い直すと、無理に引きつけなくても意図が届きます。,square;venus;pluto;values;relationships,1
2026_09_VENUS_PLUTO_SQUARE_S03_N02,2026_09_VENUS_PLUTO_SQUARE,2026-09,aspect_cluster,2026-09-14T00:00:00+09:00,2026-09-16T03:34:00+09:00,2026-09-18T23:59:59+09:00,0,VENUS|PLUTO,VENUS:SCORPIO|PLUTO:AQUARIUS,VENUS-PLUTO:90,3,2,not_applicable,VENUS,3,2,anchor_house,VENUS|PLUTO,swiss_ephemeris,VENUS:PLUTO:90:2026-09-16,exact_day,SEP_VALUES_POWER,,50,90,お得な話ほど数字と出所を確かめる,{event_date}頃は、買い物や収入に関する情報へ敏感になり、魅力的な条件や誰かの強い勧めに心が動きやすくなります。希少性や親しさを価値の保証にせず、価格、継続費用、比較対象、情報の出所を書き分けましょう。話し手への好意と内容の妥当性を別々に確かめると、自分の資源を焦りから守れます。,square;venus;pluto;values;relationships,1
2026_09_VENUS_PLUTO_SQUARE_S03_N03,2026_09_VENUS_PLUTO_SQUARE,2026-09,aspect_cluster,2026-09-14T00:00:00+09:00,2026-09-16T03:34:00+09:00,2026-09-18T23:59:59+09:00,0,VENUS|PLUTO,VENUS:SCORPIO|PLUTO:AQUARIUS,VENUS-PLUTO:90,3,2,not_applicable,VENUS,3,3,anchor_house,VENUS|PLUTO,swiss_ephemeris,VENUS:PLUTO:90:2026-09-16,exact_day,SEP_VALUES_POWER,,50,90,会話の駆け引きを率直な確認へ戻す,{event_date}頃は、身近な会話やメッセージで、好かれたい思いと相手の本音を探りたい思いが強まりそうです。遠回しな試し方や返信速度の読み合いに頼らず、確認したいことと自分の希望を短く伝えてください。沈黙へ意味を足しすぎず、対面、文章、保留のどれが適切かを選ぶと、関係を消耗させない交流になります。,square;venus;pluto;values;relationships,1
2026_09_VENUS_PLUTO_SQUARE_S03_N04,2026_09_VENUS_PLUTO_SQUARE,2026-09,aspect_cluster,2026-09-14T00:00:00+09:00,2026-09-16T03:34:00+09:00,2026-09-18T23:59:59+09:00,0,VENUS|PLUTO,VENUS:SCORPIO|PLUTO:AQUARIUS,VENUS-PLUTO:90,3,2,not_applicable,VENUS,3,4,anchor_house,VENUS|PLUTO,swiss_ephemeris,VENUS:PLUTO:90:2026-09-16,exact_day,SEP_VALUES_POWER,,50,90,家族の含みある言葉を事実へ戻す,{event_date}頃は、家族との連絡や昔の話題に、愛情、期待、主導権の複雑な含みを感じやすいでしょう。誰かの一言を過去の役割の再要求と決めつけず、今回頼まれていること、断れること、後で話すことを分けてください。記憶の正しさを競うより今の希望を確認すると、居場所を守りながら会話を更新できます。,square;venus;pluto;values;relationships,1
2026_09_VENUS_PLUTO_SQUARE_S03_N05,2026_09_VENUS_PLUTO_SQUARE,2026-09,aspect_cluster,2026-09-14T00:00:00+09:00,2026-09-16T03:34:00+09:00,2026-09-18T23:59:59+09:00,0,VENUS|PLUTO,VENUS:SCORPIO|PLUTO:AQUARIUS,VENUS-PLUTO:90,3,2,not_applicable,VENUS,3,5,anchor_house,VENUS|PLUTO,swiss_ephemeris,VENUS:PLUTO:90:2026-09-16,exact_day,SEP_VALUES_POWER,,50,90,反応を操らず作品の核を伝える,{event_date}頃は、創作、発信、恋愛の言葉に強い魅力を持たせたくなり、相手の反応を狙いすぎることがあります。刺激的な表現や意味深な沈黙で関心をつなぐ前に、何を楽しみ、何を共有したいのかを明確にしてください。受け手を動かす技法と、自分が守りたい作品の核を分けると、表現の深さを保てます。,square;venus;pluto;values;relationships,1
2026_09_VENUS_PLUTO_SQUARE_S03_N06,2026_09_VENUS_PLUTO_SQUARE,2026-09,aspect_cluster,2026-09-14T00:00:00+09:00,2026-09-16T03:34:00+09:00,2026-09-18T23:59:59+09:00,0,VENUS|PLUTO,VENUS:SCORPIO|PLUTO:AQUARIUS,VENUS-PLUTO:90,3,2,not_applicable,VENUS,3,6,anchor_house,VENUS|PLUTO,swiss_ephemeris,VENUS:PLUTO:90:2026-09-16,exact_day,SEP_VALUES_POWER,,50,90,職場の頼み方と断り方を整える,{event_date}頃は、日常業務の連絡や依頼で、感じよく応じたい気持ちと負担を増やしたくない気持ちがぶつかりそうです。好意的な言い回しの裏にある作業量を見落とさず、期限、優先度、担当範囲を確認してください。曖昧な了承をせず代替案まで伝えると、関係を荒立てず実務の境界を守れます。,square;venus;pluto;values;relationships,1
2026_09_VENUS_PLUTO_SQUARE_S03_N07,2026_09_VENUS_PLUTO_SQUARE,2026-09,aspect_cluster,2026-09-14T00:00:00+09:00,2026-09-16T03:34:00+09:00,2026-09-18T23:59:59+09:00,0,VENUS|PLUTO,VENUS:SCORPIO|PLUTO:AQUARIUS,VENUS-PLUTO:90,3,2,not_applicable,VENUS,3,7,anchor_house,VENUS|PLUTO,swiss_ephemeris,VENUS:PLUTO:90:2026-09-16,exact_day,SEP_VALUES_POWER,,50,90,交渉を好感度ではなく条件で進める,{event_date}頃は、対話や交渉の場で相手の好みをつかみやすい反面、その情報を使って優位に立ちたい気持ちも生まれやすくなります。印象の良さだけで合意を急がず、双方の目的、譲れる点、撤回できる期限を確認しましょう。相手を説得する前に選択肢を並べると、駆け引きに偏らない対等な結論へ近づけます。,square;venus;pluto;values;relationships,1
2026_09_VENUS_PLUTO_SQUARE_S03_N08,2026_09_VENUS_PLUTO_SQUARE,2026-09,aspect_cluster,2026-09-14T00:00:00+09:00,2026-09-16T03:34:00+09:00,2026-09-18T23:59:59+09:00,0,VENUS|PLUTO,VENUS:SCORPIO|PLUTO:AQUARIUS,VENUS-PLUTO:90,3,2,not_applicable,VENUS,3,8,anchor_house,VENUS|PLUTO,swiss_ephemeris,VENUS:PLUTO:90:2026-09-16,exact_day,SEP_VALUES_POWER,,50,90,秘密を親密さの証明に使わない,{event_date}頃は、深い話を交わしたい欲求が高まり、秘密や弱みを共有することに特別な意味を感じやすくなります。信頼を確かめるために告白を迫ったり、聞いた内容を関係の切り札にしたりせず、話さない権利も尊重してください。共有後の扱いまで合意すると、情報を支配ではなく理解のために使えます。,square;venus;pluto;values;relationships,1
2026_09_VENUS_PLUTO_SQUARE_S03_N09,2026_09_VENUS_PLUTO_SQUARE,2026-09,aspect_cluster,2026-09-14T00:00:00+09:00,2026-09-16T03:34:00+09:00,2026-09-18T23:59:59+09:00,0,VENUS|PLUTO,VENUS:SCORPIO|PLUTO:AQUARIUS,VENUS-PLUTO:90,3,2,not_applicable,VENUS,3,9,anchor_house,VENUS|PLUTO,swiss_ephemeris,VENUS:PLUTO:90:2026-09-16,exact_day,SEP_VALUES_POWER,,50,90,強い主張ほど別の資料と照らし合わせる,{event_date}頃は、学びや社会的な議論で説得力のある主張に惹かれ、自分も明快な答えを示したくなりそうです。語り手の魅力や多数の賛同を正しさとみなさず、反対資料、前提、適用できない例も確認してください。結論を保留できる余裕を持つと、思想への憧れと自分で確かめた理解を分けられます。,square;venus;pluto;values;relationships,1
2026_09_VENUS_PLUTO_SQUARE_S03_N10,2026_09_VENUS_PLUTO_SQUARE,2026-09,aspect_cluster,2026-09-14T00:00:00+09:00,2026-09-16T03:34:00+09:00,2026-09-18T23:59:59+09:00,0,VENUS|PLUTO,VENUS:SCORPIO|PLUTO:AQUARIUS,VENUS-PLUTO:90,3,2,not_applicable,VENUS,3,10,anchor_house,VENUS|PLUTO,swiss_ephemeris,VENUS:PLUTO:90:2026-09-16,exact_day,SEP_VALUES_POWER,,50,90,公の発言に肩書以上の責任を持つ,{event_date}頃は、仕事上の発言や公への知らせが注目されやすく、好印象を得たい思いと影響力を示したい思いが重なります。権威ある言葉を借りて押し切らず、確認済みの事実、個人の見解、未決事項を分けて伝えてください。誰にどう届くかまで考えると、肩書に頼らず信頼を積み上げる発信になります。,square;venus;pluto;values;relationships,1
2026_09_VENUS_PLUTO_SQUARE_S03_N11,2026_09_VENUS_PLUTO_SQUARE,2026-09,aspect_cluster,2026-09-14T00:00:00+09:00,2026-09-16T03:34:00+09:00,2026-09-18T23:59:59+09:00,0,VENUS|PLUTO,VENUS:SCORPIO|PLUTO:AQUARIUS,VENUS-PLUTO:90,3,2,not_applicable,VENUS,3,11,anchor_house,VENUS|PLUTO,swiss_ephemeris,VENUS:PLUTO:90:2026-09-16,exact_day,SEP_VALUES_POWER,,50,90,集団の空気と本当の合意を分ける,{event_date}頃は、仲間内の情報交換が活発になる一方、人気のある意見や中心人物の言葉が結論を左右しやすくなります。反対しにくい沈黙を賛成と数えず、匿名回答、再検討の時間、少数意見を拾う方法を用意してください。誰が言ったかより内容を比べることで、親しさや序列に偏らない合意を作れます。,square;venus;pluto;values;relationships,1
2026_09_VENUS_PLUTO_SQUARE_S03_N12,2026_09_VENUS_PLUTO_SQUARE,2026-09,aspect_cluster,2026-09-14T00:00:00+09:00,2026-09-16T03:34:00+09:00,2026-09-18T23:59:59+09:00,0,VENUS|PLUTO,VENUS:SCORPIO|PLUTO:AQUARIUS,VENUS-PLUTO:90,3,2,not_applicable,VENUS,3,12,anchor_house,VENUS|PLUTO,swiss_ephemeris,VENUS:PLUTO:90:2026-09-16,exact_day,SEP_VALUES_POWER,,50,90,言葉になる前の違和感を記録する,{event_date}頃は、何気ない言葉の裏を読みすぎたり、説明できない違和感を抱えたまま会話を続けたりしやすい時です。相手の意図を決めつけず、実際に聞いた言葉、身体の反応、自分の連想を別々に記録してください。すぐに答え合わせを求めず静かな時間を置くと、直感と不安を分けて必要な確認を選べます。,square;venus;pluto;values;relationships,1
2026_09_VENUS_PLUTO_SQUARE_S04_N01,2026_09_VENUS_PLUTO_SQUARE,2026-09,aspect_cluster,2026-09-14T00:00:00+09:00,2026-09-16T03:34:00+09:00,2026-09-18T23:59:59+09:00,0,VENUS|PLUTO,VENUS:SCORPIO|PLUTO:AQUARIUS,VENUS-PLUTO:90,3,2,not_applicable,VENUS,4,1,anchor_house,VENUS|PLUTO,swiss_ephemeris,VENUS:PLUTO:90:2026-09-16,exact_day,SEP_VALUES_POWER,,50,90,家で求められる自分と素の姿を分ける,{event_date}頃は、居場所や家族との関係が前面に出て、家で好かれる振る舞いと本来の自分の間に窮屈さを感じやすいでしょう。場を保つために感情を隠したり、逆に態度で主導権を示したりせず、休みたい時と話せる時を伝えてください。自分専用の時間と空間を確保すると、役割を演じず安心できる土台が戻ります。,square;venus;pluto;values;relationships,1
2026_09_VENUS_PLUTO_SQUARE_S04_N02,2026_09_VENUS_PLUTO_SQUARE,2026-09,aspect_cluster,2026-09-14T00:00:00+09:00,2026-09-16T03:34:00+09:00,2026-09-18T23:59:59+09:00,0,VENUS|PLUTO,VENUS:SCORPIO|PLUTO:AQUARIUS,VENUS-PLUTO:90,3,2,not_applicable,VENUS,4,2,anchor_house,VENUS|PLUTO,swiss_ephemeris,VENUS:PLUTO:90:2026-09-16,exact_day,SEP_VALUES_POWER,,50,90,住まいの価値を思い出の重さで決めない,{event_date}頃は、家に置く物や住居費、家族から受け継いだ品へ、愛情と所有へのこだわりが重なりやすくなります。手放すことを関係の否定と考えず、今使う物、記録だけ残す物、費用をかけて守る物を分けましょう。値段や思い出の強さではなく、現在の暮らしを支えるかで選ぶと安心に余白が生まれます。,square;venus;pluto;values;relationships,1
2026_09_VENUS_PLUTO_SQUARE_S04_N03,2026_09_VENUS_PLUTO_SQUARE,2026-09,aspect_cluster,2026-09-14T00:00:00+09:00,2026-09-16T03:34:00+09:00,2026-09-18T23:59:59+09:00,0,VENUS|PLUTO,VENUS:SCORPIO|PLUTO:AQUARIUS,VENUS-PLUTO:90,3,2,not_applicable,VENUS,4,3,anchor_house,VENUS|PLUTO,swiss_ephemeris,VENUS:PLUTO:90:2026-09-16,exact_day,SEP_VALUES_POWER,,50,90,家庭の話を伝言と憶測だけで進めない,{event_date}頃は、家族や住まいに関する連絡で、誰の希望が優先されているのか見えにくくなることがあります。親しさに甘えて伝言を重ねたり、沈黙から意図を決めつけたりせず、関係者へ同じ情報を共有してください。事実、感情、決める期限を分けて話すと、古い力関係に戻らず家庭の課題を扱えます。,square;venus;pluto;values;relationships,1
2026_09_VENUS_PLUTO_SQUARE_S04_N04,2026_09_VENUS_PLUTO_SQUARE,2026-09,aspect_cluster,2026-09-14T00:00:00+09:00,2026-09-16T03:34:00+09:00,2026-09-18T23:59:59+09:00,0,VENUS|PLUTO,VENUS:SCORPIO|PLUTO:AQUARIUS,VENUS-PLUTO:90,3,2,not_applicable,VENUS,4,4,anchor_house,VENUS|PLUTO,swiss_ephemeris,VENUS:PLUTO:90:2026-09-16,exact_day,SEP_VALUES_POWER,,50,90,受け継いだ役割を今の暮らしへ直す,{event_date}頃は、家族内で当然とされてきた世話や決定の役割に、愛情と支配の境目が見えやすくなります。昔からの担当だからと抱え続けず、今できること、他の人へ渡すこと、外へ頼むことを整理しましょう。家の伝統を守る形を一つに固定しなければ、つながりを残しながら負担を更新できます。,square;venus;pluto;values;relationships,1
2026_09_VENUS_PLUTO_SQUARE_S04_N05,2026_09_VENUS_PLUTO_SQUARE,2026-09,aspect_cluster,2026-09-14T00:00:00+09:00,2026-09-16T03:34:00+09:00,2026-09-18T23:59:59+09:00,0,VENUS|PLUTO,VENUS:SCORPIO|PLUTO:AQUARIUS,VENUS-PLUTO:90,3,2,not_applicable,VENUS,4,5,anchor_house,VENUS|PLUTO,swiss_ephemeris,VENUS:PLUTO:90:2026-09-16,exact_day,SEP_VALUES_POWER,,50,90,家の期待から創作の喜びを守り直す,{event_date}頃は、家庭で培った美意識や愛情表現が創作や恋愛へ流れ込み、認められたい相手の反応に強く左右されそうです。家族の好みや過去の評価を作品の基準にせず、自分が遊べる題材と公開する範囲を選んでください。見せない制作時間を持つと、褒められるためではない喜びを安心できる場所から育てられます。,square;venus;pluto;values;relationships,1
2026_09_VENUS_PLUTO_SQUARE_S04_N06,2026_09_VENUS_PLUTO_SQUARE,2026-09,aspect_cluster,2026-09-14T00:00:00+09:00,2026-09-16T03:34:00+09:00,2026-09-18T23:59:59+09:00,0,VENUS|PLUTO,VENUS:SCORPIO|PLUTO:AQUARIUS,VENUS-PLUTO:90,3,2,not_applicable,VENUS,4,6,anchor_house,VENUS|PLUTO,swiss_ephemeris,VENUS:PLUTO:90:2026-09-16,exact_day,SEP_VALUES_POWER,,50,90,世話する人だけに家事を集中させない,{event_date}頃は、暮らしを快適に保つ仕事や家族の世話に、感謝と暗黙の依存が絡みやすくなります。気づく人が全て引き受ける形を愛情とみなさず、頻度、担当、できない時の代替を見える形にしてください。完璧な家を目指すより休める水準を共有すると、好意を消耗させず日常を整えられます。,square;venus;pluto;values;relationships,1
2026_09_VENUS_PLUTO_SQUARE_S04_N07,2026_09_VENUS_PLUTO_SQUARE,2026-09,aspect_cluster,2026-09-14T00:00:00+09:00,2026-09-16T03:34:00+09:00,2026-09-18T23:59:59+09:00,0,VENUS|PLUTO,VENUS:SCORPIO|PLUTO:AQUARIUS,VENUS-PLUTO:90,3,2,not_applicable,VENUS,4,7,anchor_house,VENUS|PLUTO,swiss_ephemeris,VENUS:PLUTO:90:2026-09-16,exact_day,SEP_VALUES_POWER,,50,90,一緒に暮らす条件を愛情任せにしない,{event_date}頃は、同居や家族との距離について、親密さを深めたい思いと自分の領域を守りたい思いが交差します。愛情があれば分かるはずとせず、費用、家事、来客、一人になる時間を具体的に話してください。相手を家の流儀へ従わせるのでも、自分だけが合わせるのでもない合意が、落ち着ける関係を支えます。,square;venus;pluto;values;relationships,1
2026_09_VENUS_PLUTO_SQUARE_S04_N08,2026_09_VENUS_PLUTO_SQUARE,2026-09,aspect_cluster,2026-09-14T00:00:00+09:00,2026-09-16T03:34:00+09:00,2026-09-18T23:59:59+09:00,0,VENUS|PLUTO,VENUS:SCORPIO|PLUTO:AQUARIUS,VENUS-PLUTO:90,3,2,not_applicable,VENUS,4,8,anchor_house,VENUS|PLUTO,swiss_ephemeris,VENUS:PLUTO:90:2026-09-16,exact_day,SEP_VALUES_POWER,,50,90,相続と援助を感情の取引にしない,{event_date}頃は、家や相続、家族間の援助をめぐり、金額だけでは測れない恩義や発言力が意識されやすい時です。支援を受ける条件や資産の扱いを愛情の証明と結びつけず、記録、権利、責任を確認しましょう。感謝と契約を別々に扱うことで、秘密や罪悪感に頼らず長く守れる分配へ近づけます。,square;venus;pluto;values;relationships,1
2026_09_VENUS_PLUTO_SQUARE_S04_N09,2026_09_VENUS_PLUTO_SQUARE,2026-09,aspect_cluster,2026-09-14T00:00:00+09:00,2026-09-16T03:34:00+09:00,2026-09-18T23:59:59+09:00,0,VENUS|PLUTO,VENUS:SCORPIO|PLUTO:AQUARIUS,VENUS-PLUTO:90,3,2,not_applicable,VENUS,4,9,anchor_house,VENUS|PLUTO,swiss_ephemeris,VENUS:PLUTO:90:2026-09-16,exact_day,SEP_VALUES_POWER,,50,90,家の常識を唯一の正解にしない,{event_date}頃は、育った環境で身につけた価値観と、外で学んだ考え方の違いが鮮明になりそうです。家族への忠誠を示すために疑問を抑えたり、新しい思想で過去を切り捨てたりせず、役立った教えと今は選ばない教えを分けてください。背景を理解したうえで選び直すと、帰属と自由を両立できる信念になります。,square;venus;pluto;values;relationships,1
2026_09_VENUS_PLUTO_SQUARE_S04_N10,2026_09_VENUS_PLUTO_SQUARE,2026-09,aspect_cluster,2026-09-14T00:00:00+09:00,2026-09-16T03:34:00+09:00,2026-09-18T23:59:59+09:00,0,VENUS|PLUTO,VENUS:SCORPIO|PLUTO:AQUARIUS,VENUS-PLUTO:90,3,2,not_applicable,VENUS,4,10,anchor_house,VENUS|PLUTO,swiss_ephemeris,VENUS:PLUTO:90:2026-09-16,exact_day,SEP_VALUES_POWER,,50,90,家庭の評判より内側の納得を優先する,{event_date}頃は、家庭での役割と社会から見える立場が結びつき、家の体面や期待に沿う選択へ引かれやすくなります。立派に見せるために問題を隠さず、守るべき私生活と助けを求める範囲を区別してください。外からの評価より家に戻った時の安心を基準にすると、肩書と暮らしの無理なねじれを整えられます。,square;venus;pluto;values;relationships,1
2026_09_VENUS_PLUTO_SQUARE_S04_N11,2026_09_VENUS_PLUTO_SQUARE,2026-09,aspect_cluster,2026-09-14T00:00:00+09:00,2026-09-16T03:34:00+09:00,2026-09-18T23:59:59+09:00,0,VENUS|PLUTO,VENUS:SCORPIO|PLUTO:AQUARIUS,VENUS-PLUTO:90,3,2,not_applicable,VENUS,4,11,anchor_house,VENUS|PLUTO,swiss_ephemeris,VENUS:PLUTO:90:2026-09-16,exact_day,SEP_VALUES_POWER,,50,90,仲間を家族代わりに固定しすぎない,{event_date}頃は、仲間やコミュニティへ家族のような安心を求め、親密な内輪と外側の人を強く分けたくなるかもしれません。忠誠心で参加を測ったり、中心人物へ感情の世話を任せたりせず、活動目的と私的な支えを分けてください。出入りできる余白を残すと、所属を支配や依存に変えず温かなつながりを保てます。,square;venus;pluto;values;relationships,1
2026_09_VENUS_PLUTO_SQUARE_S04_N12,2026_09_VENUS_PLUTO_SQUARE,2026-09,aspect_cluster,2026-09-14T00:00:00+09:00,2026-09-16T03:34:00+09:00,2026-09-18T23:59:59+09:00,0,VENUS|PLUTO,VENUS:SCORPIO|PLUTO:AQUARIUS,VENUS-PLUTO:90,3,2,not_applicable,VENUS,4,12,anchor_house,VENUS|PLUTO,swiss_ephemeris,VENUS:PLUTO:90:2026-09-16,exact_day,SEP_VALUES_POWER,,50,90,昔の安心を再現しようとする癖に気づく,{event_date}頃は、説明しにくい寂しさや記憶が、懐かしい場所、人、習慣へ強く戻りたい気持ちとして表れやすいでしょう。過去と同じ安心を誰かに再現してもらおうとせず、今の身体が落ち着く条件を静かに確かめてください。睡眠、香り、照明など小さな環境を整えると、無意識の執着と必要な休息を分けられます。,square;venus;pluto;values;relationships,1
2026_09_VENUS_PLUTO_SQUARE_S05_N01,2026_09_VENUS_PLUTO_SQUARE,2026-09,aspect_cluster,2026-09-14T00:00:00+09:00,2026-09-16T03:34:00+09:00,2026-09-18T23:59:59+09:00,0,VENUS|PLUTO,VENUS:SCORPIO|PLUTO:AQUARIUS,VENUS-PLUTO:90,3,2,not_applicable,VENUS,5,1,anchor_house,VENUS|PLUTO,swiss_ephemeris,VENUS:PLUTO:90:2026-09-16,exact_day,SEP_VALUES_POWER,,50,90,見せる自分と素の楽しさを競わせない,{event_date}頃は、創作や恋愛、遊びへの熱が自分の見せ方と強く結びつき、相手の反応に合わせて振る舞いを変えたくなるかもしれません。注目を集める姿と、一人でも心が弾む姿を分けて確かめてください。服装や発信を小さく試し、身体が緊張しない表現を残すと、主導権を自分へ戻せます。,square;venus;pluto;values;relationships,1
2026_09_VENUS_PLUTO_SQUARE_S05_N02,2026_09_VENUS_PLUTO_SQUARE,2026-09,aspect_cluster,2026-09-14T00:00:00+09:00,2026-09-16T03:34:00+09:00,2026-09-18T23:59:59+09:00,0,VENUS|PLUTO,VENUS:SCORPIO|PLUTO:AQUARIUS,VENUS-PLUTO:90,3,2,not_applicable,VENUS,5,2,anchor_house,VENUS|PLUTO,swiss_ephemeris,VENUS:PLUTO:90:2026-09-16,exact_day,SEP_VALUES_POWER,,50,90,創作にかける予算を熱中の波から守る,{event_date}頃は、趣味やデート、子どもの楽しみにかけるお金へ、愛情の深さや本気度を証明したい思いが重なりやすくなります。高価さで価値を示そうとせず、今月使える額と続けたい期間を先に決めましょう。道具、体験、贈り物の優先順位を分けると、楽しさを家計への圧力に変えずに済みます。,square;venus;pluto;values;relationships,1
2026_09_VENUS_PLUTO_SQUARE_S05_N03,2026_09_VENUS_PLUTO_SQUARE,2026-09,aspect_cluster,2026-09-14T00:00:00+09:00,2026-09-16T03:34:00+09:00,2026-09-18T23:59:59+09:00,0,VENUS|PLUTO,VENUS:SCORPIO|PLUTO:AQUARIUS,VENUS-PLUTO:90,3,2,not_applicable,VENUS,5,3,anchor_house,VENUS|PLUTO,swiss_ephemeris,VENUS:PLUTO:90:2026-09-16,exact_day,SEP_VALUES_POWER,,50,90,反応を煽らず好きなことを言葉にする,{event_date}頃は、作品の紹介や恋の会話、身近な発信で、強い言葉ほど届くように感じることがあります。相手を試す含みや、注目を引くための誇張を足さず、好きな理由と求める返答を別々に伝えてください。短い下書きを置いてから読み返すと、駆け引きよりも表現そのものの魅力が残ります。,square;venus;pluto;values;relationships,1
2026_09_VENUS_PLUTO_SQUARE_S05_N04,2026_09_VENUS_PLUTO_SQUARE,2026-09,aspect_cluster,2026-09-14T00:00:00+09:00,2026-09-16T03:34:00+09:00,2026-09-18T23:59:59+09:00,0,VENUS|PLUTO,VENUS:SCORPIO|PLUTO:AQUARIUS,VENUS-PLUTO:90,3,2,not_applicable,VENUS,5,4,anchor_house,VENUS|PLUTO,swiss_ephemeris,VENUS:PLUTO:90:2026-09-16,exact_day,SEP_VALUES_POWER,,50,90,家族の反応を創作の採点表にしない,{event_date}頃は、創作や恋愛、子どもとの関わりを家族にどう見られるかが気になり、喜びより承認を優先しやすくなります。身近な人の好みを唯一の基準にせず、応援してほしいことと口を出してほしくないことを分けましょう。家の中に小さな制作時間や遊びの場所を確保すると、安心と自己表現を両立できます。,square;venus;pluto;values;relationships,1
2026_09_VENUS_PLUTO_SQUARE_S05_N05,2026_09_VENUS_PLUTO_SQUARE,2026-09,aspect_cluster,2026-09-14T00:00:00+09:00,2026-09-16T03:34:00+09:00,2026-09-18T23:59:59+09:00,0,VENUS|PLUTO,VENUS:SCORPIO|PLUTO:AQUARIUS,VENUS-PLUTO:90,3,2,not_applicable,VENUS,5,5,anchor_house,VENUS|PLUTO,swiss_ephemeris,VENUS:PLUTO:90:2026-09-16,exact_day,SEP_VALUES_POWER,,50,90,強く惹かれるほど互いの自由を残す,{event_date}頃は、恋愛や創作、遊びへの集中が深まり、好きな相手や作品を自分だけのものにしたい気持ちも強まりそうです。返事や評価を急がせず、誘い、断り、考える時間のどれも選べる関係を保ってください。没頭する時間と日常へ戻る時間を分けると、強い魅力を支配や消耗へ傾けず味わえます。,square;venus;pluto;values;relationships,1
2026_09_VENUS_PLUTO_SQUARE_S05_N06,2026_09_VENUS_PLUTO_SQUARE,2026-09,aspect_cluster,2026-09-14T00:00:00+09:00,2026-09-16T03:34:00+09:00,2026-09-18T23:59:59+09:00,0,VENUS|PLUTO,VENUS:SCORPIO|PLUTO:AQUARIUS,VENUS-PLUTO:90,3,2,not_applicable,VENUS,5,6,anchor_house,VENUS|PLUTO,swiss_ephemeris,VENUS:PLUTO:90:2026-09-16,exact_day,SEP_VALUES_POWER,,50,90,好きなことを続く日課へ小さく戻す,{event_date}頃は、創作や趣味をもっと磨きたい気持ちが高まり、完成度へのこだわりから休息や普段の用事を後回しにしがちです。長時間の追い込みより、始める時刻、終える目安、体を整える間隔を決めてください。成果を見せない練習日も予定に含めると、情熱を自分を責める材料にせず育てられます。,square;venus;pluto;values;relationships,1
2026_09_VENUS_PLUTO_SQUARE_S05_N07,2026_09_VENUS_PLUTO_SQUARE,2026-09,aspect_cluster,2026-09-14T00:00:00+09:00,2026-09-16T03:34:00+09:00,2026-09-18T23:59:59+09:00,0,VENUS|PLUTO,VENUS:SCORPIO|PLUTO:AQUARIUS,VENUS-PLUTO:90,3,2,not_applicable,VENUS,5,7,anchor_house,VENUS|PLUTO,swiss_ephemeris,VENUS:PLUTO:90:2026-09-16,exact_day,SEP_VALUES_POWER,,50,90,恋の駆け引きを対等な相談へ戻す,{event_date}頃は、恋愛や共同制作で相手の関心を確かめたくなり、沈黙や嫉妬を使って反応を引き出したくなるかもしれません。好意の強さを試す代わりに、会う頻度、作品への関わり方、嫌なことを言葉で相談しましょう。どちらにも撤回や修正の余地を残すと、惹かれ合う力を対等な関係へ向けられます。,square;venus;pluto;values;relationships,1
2026_09_VENUS_PLUTO_SQUARE_S05_N08,2026_09_VENUS_PLUTO_SQUARE,2026-09,aspect_cluster,2026-09-14T00:00:00+09:00,2026-09-16T03:34:00+09:00,2026-09-18T23:59:59+09:00,0,VENUS|PLUTO,VENUS:SCORPIO|PLUTO:AQUARIUS,VENUS-PLUTO:90,3,2,not_applicable,VENUS,5,8,anchor_house,VENUS|PLUTO,swiss_ephemeris,VENUS:PLUTO:90:2026-09-16,exact_day,SEP_VALUES_POWER,,50,90,親密さと創作物の権利を曖昧にしない,{event_date}頃は、深い親密さや共同制作に心が向く一方、贈り物、費用、秘密、作品の権利が愛情の証明として扱われやすくなります。共有する範囲と個人に残す範囲を、熱が高まる前に確認してください。信頼を無条件の譲渡と同じにしなければ、濃い関わりの中にも安心できる境界を置けます。,square;venus;pluto;values;relationships,1
2026_09_VENUS_PLUTO_SQUARE_S05_N09,2026_09_VENUS_PLUTO_SQUARE,2026-09,aspect_cluster,2026-09-14T00:00:00+09:00,2026-09-16T03:34:00+09:00,2026-09-18T23:59:59+09:00,0,VENUS|PLUTO,VENUS:SCORPIO|PLUTO:AQUARIUS,VENUS-PLUTO:90,3,2,not_applicable,VENUS,5,9,anchor_house,VENUS|PLUTO,swiss_ephemeris,VENUS:PLUTO:90:2026-09-16,exact_day,SEP_VALUES_POWER,,50,90,憧れの教えより自分の感動を確かめる,{event_date}頃は、芸術や恋愛についての学び、旅先の体験に強く惹かれ、先生や作品の価値観を絶対視したくなることがあります。権威ある説明をそのまま借りず、自分が何に感動し、どこに違和感を持ったかを記録しましょう。異なる流派や文化にも触れると、憧れを依存ではなく表現の奥行きへ変えられます。,square;venus;pluto;values;relationships,1
2026_09_VENUS_PLUTO_SQUARE_S05_N10,2026_09_VENUS_PLUTO_SQUARE,2026-09,aspect_cluster,2026-09-14T00:00:00+09:00,2026-09-16T03:34:00+09:00,2026-09-18T23:59:59+09:00,0,VENUS|PLUTO,VENUS:SCORPIO|PLUTO:AQUARIUS,VENUS-PLUTO:90,3,2,not_applicable,VENUS,5,10,anchor_house,VENUS|PLUTO,swiss_ephemeris,VENUS:PLUTO:90:2026-09-16,exact_day,SEP_VALUES_POWER,,50,90,拍手の大きさで表現の進路を決めない,{event_date}頃は、創作や企画、恋愛面での魅力が公の評価と結びつき、注目を保つために望まない役まで引き受けたくなるかもしれません。評判が上がる選択と、自分が長く育てたい表現を分けて考えてください。公開する範囲と私的に試す範囲を決めると、評価を参考にしながら進路の決定権を守れます。,square;venus;pluto;values;relationships,1
2026_09_VENUS_PLUTO_SQUARE_S05_N11,2026_09_VENUS_PLUTO_SQUARE,2026-09,aspect_cluster,2026-09-14T00:00:00+09:00,2026-09-16T03:34:00+09:00,2026-09-18T23:59:59+09:00,0,VENUS|PLUTO,VENUS:SCORPIO|PLUTO:AQUARIUS,VENUS-PLUTO:90,3,2,not_applicable,VENUS,5,11,anchor_house,VENUS|PLUTO,swiss_ephemeris,VENUS:PLUTO:90:2026-09-16,exact_day,SEP_VALUES_POWER,,50,90,仲間の人気競争から遊びの場を守る,{event_date}頃は、趣味の集まりや創作チームで注目や親しさの偏りが気になり、誰が中心かを巡る駆け引きに巻き込まれやすくなります。人気を均等にしようと管理するより、役割、発言の順番、作品の扱いを皆で確認しましょう。競争から少し離れる時間も認めると、仲間との楽しさを比較や囲い込みから守れます。,square;venus;pluto;values;relationships,1
2026_09_VENUS_PLUTO_SQUARE_S05_N12,2026_09_VENUS_PLUTO_SQUARE,2026-09,aspect_cluster,2026-09-14T00:00:00+09:00,2026-09-16T03:34:00+09:00,2026-09-18T23:59:59+09:00,0,VENUS|PLUTO,VENUS:SCORPIO|PLUTO:AQUARIUS,VENUS-PLUTO:90,3,2,not_applicable,VENUS,5,12,anchor_house,VENUS|PLUTO,swiss_ephemeris,VENUS:PLUTO:90:2026-09-16,exact_day,SEP_VALUES_POWER,,50,90,誰にも見せない喜びを秘密のまま育てる,{event_date}頃は、まだ言葉にならない創作衝動や恋心が内側で深まり、隠していること自体に罪悪感や執着が生まれやすくなります。すぐ公開したり結論を出したりせず、夢、音、色、断片的な感覚を自分だけの記録へ残してください。見せない時間を逃避ではなく熟成として扱うと、静かな喜びの輪郭が整います。,square;venus;pluto;values;relationships,1
2026_09_VENUS_PLUTO_SQUARE_S06_N01,2026_09_VENUS_PLUTO_SQUARE,2026-09,aspect_cluster,2026-09-14T00:00:00+09:00,2026-09-16T03:34:00+09:00,2026-09-18T23:59:59+09:00,0,VENUS|PLUTO,VENUS:SCORPIO|PLUTO:AQUARIUS,VENUS-PLUTO:90,3,2,not_applicable,VENUS,6,1,anchor_house,VENUS|PLUTO,swiss_ephemeris,VENUS:PLUTO:90:2026-09-16,exact_day,SEP_VALUES_POWER,,50,90,役立つ自分と休める自分を両立させる,{event_date}頃は、仕事や日課で感じよく応えたい気持ちが強まり、頼られる姿を保つために身体の違和感を後回しにしやすくなります。期待に沿うことと自分の価値を結びつけず、引き受ける量と休む目安を先に決めてください。身支度や食事を他人向けの印象ではなく、自分が落ち着く感覚へ戻すと無理を見分けられます。,square;venus;pluto;values;relationships,1
2026_09_VENUS_PLUTO_SQUARE_S06_N02,2026_09_VENUS_PLUTO_SQUARE,2026-09,aspect_cluster,2026-09-14T00:00:00+09:00,2026-09-16T03:34:00+09:00,2026-09-18T23:59:59+09:00,0,VENUS|PLUTO,VENUS:SCORPIO|PLUTO:AQUARIUS,VENUS-PLUTO:90,3,2,not_applicable,VENUS,6,2,anchor_house,VENUS|PLUTO,swiss_ephemeris,VENUS:PLUTO:90:2026-09-16,exact_day,SEP_VALUES_POWER,,50,90,手間の価値を曖昧な好意で済ませない,{event_date}頃は、仕事や世話に費やす時間と報酬の釣り合いが気になり、好かれるために追加の負担を無償で抱えやすくなります。道具代、作業時間、依頼範囲を数字で確かめ、贈る労力と対価を求める労力を分けましょう。丁寧さを安売りしなければ、暮らしを守りながら気持ちよく力を提供できます。,square;venus;pluto;values;relationships,1
2026_09_VENUS_PLUTO_SQUARE_S06_N03,2026_09_VENUS_PLUTO_SQUARE,2026-09,aspect_cluster,2026-09-14T00:00:00+09:00,2026-09-16T03:34:00+09:00,2026-09-18T23:59:59+09:00,0,VENUS|PLUTO,VENUS:SCORPIO|PLUTO:AQUARIUS,VENUS-PLUTO:90,3,2,not_applicable,VENUS,6,3,anchor_house,VENUS|PLUTO,swiss_ephemeris,VENUS:PLUTO:90:2026-09-16,exact_day,SEP_VALUES_POWER,,50,90,丁寧な連絡に隠れた圧力をほどく,{event_date}頃は、職場の連絡や日々の依頼で、柔らかな言い方の奥に断りにくい条件が潜んでいると感じることがあります。好意的に見せるため曖昧に返事をせず、担当、期限、完了の基準を短い文で確認してください。会話と記録を使い分けると、親しさを損なわず負担の押しつけを防げます。,square;venus;pluto;values;relationships,1
2026_09_VENUS_PLUTO_SQUARE_S06_N04,2026_09_VENUS_PLUTO_SQUARE,2026-09,aspect_cluster,2026-09-14T00:00:00+09:00,2026-09-16T03:34:00+09:00,2026-09-18T23:59:59+09:00,0,VENUS|PLUTO,VENUS:SCORPIO|PLUTO:AQUARIUS,VENUS-PLUTO:90,3,2,not_applicable,VENUS,6,4,anchor_house,VENUS|PLUTO,swiss_ephemeris,VENUS:PLUTO:90:2026-09-16,exact_day,SEP_VALUES_POWER,,50,90,家事と世話を愛情の証明にしない,{event_date}頃は、家庭を快適に保つ仕事へ思い入れが深まり、よく気づく人だけが片づけや世話を背負いやすくなります。手を出さないことで相手を試したり、黙って完璧に済ませたりせず、頻度と担当を見える形にしましょう。家族ごとの得意不得意を含めて分け直すと、愛情を労働量だけで測らずに済みます。,square;venus;pluto;values;relationships,1
2026_09_VENUS_PLUTO_SQUARE_S06_N05,2026_09_VENUS_PLUTO_SQUARE,2026-09,aspect_cluster,2026-09-14T00:00:00+09:00,2026-09-16T03:34:00+09:00,2026-09-18T23:59:59+09:00,0,VENUS|PLUTO,VENUS:SCORPIO|PLUTO:AQUARIUS,VENUS-PLUTO:90,3,2,not_applicable,VENUS,6,5,anchor_house,VENUS|PLUTO,swiss_ephemeris,VENUS:PLUTO:90:2026-09-16,exact_day,SEP_VALUES_POWER,,50,90,楽しみまで改善課題に変えすぎない,{event_date}頃は、趣味や恋愛、子どもとの時間にも効率や上達を求め、好きなことを管理したくなるかもしれません。相手のやり方を直して親しさを確かめず、成果を残す時間と何も評価しない遊びを分けてください。予定に小さな余白を置けば、整える力を喜びの監督ではなく支えとして使えます。,square;venus;pluto;values;relationships,1
2026_09_VENUS_PLUTO_SQUARE_S06_N06,2026_09_VENUS_PLUTO_SQUARE,2026-09,aspect_cluster,2026-09-14T00:00:00+09:00,2026-09-16T03:34:00+09:00,2026-09-18T23:59:59+09:00,0,VENUS|PLUTO,VENUS:SCORPIO|PLUTO:AQUARIUS,VENUS-PLUTO:90,3,2,not_applicable,VENUS,6,6,anchor_house,VENUS|PLUTO,swiss_ephemeris,VENUS:PLUTO:90:2026-09-16,exact_day,SEP_VALUES_POWER,,50,90,完璧な習慣より戻れる手順を選ぶ,{event_date}頃は、仕事の質や生活管理を徹底したくなり、一度崩れた予定を失敗と感じやすくなります。食事、睡眠、運動、作業を一気に変えず、最低限守る一つと余裕のある日に足す一つを決めましょう。記録を自分への採点ではなく負荷を知る資料にすると、こだわりを持続可能な手入れへ変えられます。,square;venus;pluto;values;relationships,1
2026_09_VENUS_PLUTO_SQUARE_S06_N07,2026_09_VENUS_PLUTO_SQUARE,2026-09,aspect_cluster,2026-09-14T00:00:00+09:00,2026-09-16T03:34:00+09:00,2026-09-18T23:59:59+09:00,0,VENUS|PLUTO,VENUS:SCORPIO|PLUTO:AQUARIUS,VENUS-PLUTO:90,3,2,not_applicable,VENUS,6,7,anchor_house,VENUS|PLUTO,swiss_ephemeris,VENUS:PLUTO:90:2026-09-16,exact_day,SEP_VALUES_POWER,,50,90,支える役と決める役を二人で分け直す,{event_date}頃は、仕事や暮らしを支える役割を巡り、親切に動く側と方針を決める側が固定されやすくなります。先回りして相手を管理したり、感謝だけで負担を済ませたりせず、実務と決定権を一緒に話し合ってください。互いに断れる範囲も確認すると、協力を上下関係にせず続けられます。,square;venus;pluto;values;relationships,1
2026_09_VENUS_PLUTO_SQUARE_S06_N08,2026_09_VENUS_PLUTO_SQUARE,2026-09,aspect_cluster,2026-09-14T00:00:00+09:00,2026-09-16T03:34:00+09:00,2026-09-18T23:59:59+09:00,0,VENUS|PLUTO,VENUS:SCORPIO|PLUTO:AQUARIUS,VENUS-PLUTO:90,3,2,not_applicable,VENUS,6,8,anchor_house,VENUS|PLUTO,swiss_ephemeris,VENUS:PLUTO:90:2026-09-16,exact_day,SEP_VALUES_POWER,,50,90,共有業務の責任と情報範囲を確かめる,{event_date}頃は、経費、契約、引き継ぎ、ケアなど他者と共有する実務で、信頼と管理権限の境目が曖昧になりやすいでしょう。大切な情報を握ることで必要とされようとせず、閲覧できる人、承認する人、困った時の連絡先を整理してください。責任を見える化すると、秘密や依存に頼らず深い協力を築けます。,square;venus;pluto;values;relationships,1
2026_09_VENUS_PLUTO_SQUARE_S06_N09,2026_09_VENUS_PLUTO_SQUARE,2026-09,aspect_cluster,2026-09-14T00:00:00+09:00,2026-09-16T03:34:00+09:00,2026-09-18T23:59:59+09:00,0,VENUS|PLUTO,VENUS:SCORPIO|PLUTO:AQUARIUS,VENUS-PLUTO:90,3,2,not_applicable,VENUS,6,9,anchor_house,VENUS|PLUTO,swiss_ephemeris,VENUS:PLUTO:90:2026-09-16,exact_day,SEP_VALUES_POWER,,50,90,正しい方法より現場に合う手順を探す,{event_date}頃は、専門的な学びや仕事の手法へ強く惹かれ、権威ある方法を日課へ厳密に当てはめたくなることがあります。教えを守れるかで自分や周囲を評価せず、目的、環境、続けられる頻度を照らし合わせましょう。複数の実例を試して記録すると、憧れを現場で使える知恵へ変えられます。,square;venus;pluto;values;relationships,1
2026_09_VENUS_PLUTO_SQUARE_S06_N10,2026_09_VENUS_PLUTO_SQUARE,2026-09,aspect_cluster,2026-09-14T00:00:00+09:00,2026-09-16T03:34:00+09:00,2026-09-18T23:59:59+09:00,0,VENUS|PLUTO,VENUS:SCORPIO|PLUTO:AQUARIUS,VENUS-PLUTO:90,3,2,not_applicable,VENUS,6,10,anchor_house,VENUS|PLUTO,swiss_ephemeris,VENUS:PLUTO:90:2026-09-16,exact_day,SEP_VALUES_POWER,,50,90,不可欠な人という評価から一歩離れる,{event_date}頃は、職場での気配りや実務能力が注目され、誰にも代われない立場を保ちたい気持ちが強まりそうです。重要な仕事を抱えることだけで信用を示さず、手順、判断基準、引き継ぎ先を共有してください。自分が休んでも回る形を作るほど、評価に縛られず専門性を発揮できます。,square;venus;pluto;values;relationships,1
2026_09_VENUS_PLUTO_SQUARE_S06_N11,2026_09_VENUS_PLUTO_SQUARE,2026-09,aspect_cluster,2026-09-14T00:00:00+09:00,2026-09-16T03:34:00+09:00,2026-09-18T23:59:59+09:00,0,VENUS|PLUTO,VENUS:SCORPIO|PLUTO:AQUARIUS,VENUS-PLUTO:90,3,2,not_applicable,VENUS,6,11,anchor_house,VENUS|PLUTO,swiss_ephemeris,VENUS:PLUTO:90:2026-09-16,exact_day,SEP_VALUES_POWER,,50,90,共同活動の見えない実務を分け直す,{event_date}頃は、チームや地域活動で場を心地よく保つ作業が一部の人へ集まり、親しさと貢献度が混同されやすくなります。気づいた人が黙って埋める前に、準備、連絡、片づけの担当と交代時期を確認しましょう。目立つ役と裏方の両方を選び直せるようにすると、仲間との関係を負担の競争から守れます。,square;venus;pluto;values;relationships,1
2026_09_VENUS_PLUTO_SQUARE_S06_N12,2026_09_VENUS_PLUTO_SQUARE,2026-09,aspect_cluster,2026-09-14T00:00:00+09:00,2026-09-16T03:34:00+09:00,2026-09-18T23:59:59+09:00,0,VENUS|PLUTO,VENUS:SCORPIO|PLUTO:AQUARIUS,VENUS-PLUTO:90,3,2,not_applicable,VENUS,6,12,anchor_house,VENUS|PLUTO,swiss_ephemeris,VENUS:PLUTO:90:2026-09-16,exact_day,SEP_VALUES_POWER,,50,90,休息を隠れた修理時間にしない,{event_date}頃は、表に出ない仕事や心配事が頭から離れず、休む時間まで改善や準備に使いたくなるかもしれません。誰にも頼まれていない作業を一度書き出し、今日しないものを意識して選んでください。眠る前に情報と道具を視界から外すと、静かな時間を罪悪感ではなく回復のために取り戻せます。,square;venus;pluto;values;relationships,1
2026_09_VENUS_PLUTO_SQUARE_S07_N01,2026_09_VENUS_PLUTO_SQUARE,2026-09,aspect_cluster,2026-09-14T00:00:00+09:00,2026-09-16T03:34:00+09:00,2026-09-18T23:59:59+09:00,0,VENUS|PLUTO,VENUS:SCORPIO|PLUTO:AQUARIUS,VENUS-PLUTO:90,3,2,not_applicable,VENUS,7,1,anchor_house,VENUS|PLUTO,swiss_ephemeris,VENUS:PLUTO:90:2026-09-16,exact_day,SEP_VALUES_POWER,,50,90,相手の期待に自分の輪郭を預けない,{event_date}頃は、一対一の関係が前面に出て、相手が望む自分を演じるほど結びつきが保てるように感じるかもしれません。好かれる姿と本当に選びたい態度を分け、返事をする前に自分の希望を一度言葉にしてください。服装や振る舞いまで相手の反応で決めなければ、親密さの中でも自分の輪郭を保てます。,square;venus;pluto;values;relationships,1
2026_09_VENUS_PLUTO_SQUARE_S07_N02,2026_09_VENUS_PLUTO_SQUARE,2026-09,aspect_cluster,2026-09-14T00:00:00+09:00,2026-09-16T03:34:00+09:00,2026-09-18T23:59:59+09:00,0,VENUS|PLUTO,VENUS:SCORPIO|PLUTO:AQUARIUS,VENUS-PLUTO:90,3,2,not_applicable,VENUS,7,2,anchor_house,VENUS|PLUTO,swiss_ephemeris,VENUS:PLUTO:90:2026-09-16,exact_day,SEP_VALUES_POWER,,50,90,二人のお金と個人の価値を混同しない,{event_date}頃は、交際費や共同購入、契約の金額に、関係の深さや自分の価値を重ねやすくなります。多く払うことや高い品を選ぶことで主導権を得ようとせず、予算、所有者、解約時の扱いを確認しましょう。二人で使うお金と各自が自由に使える分を分けると、好意を数字の競争から守れます。,square;venus;pluto;values;relationships,1
2026_09_VENUS_PLUTO_SQUARE_S07_N03,2026_09_VENUS_PLUTO_SQUARE,2026-09,aspect_cluster,2026-09-14T00:00:00+09:00,2026-09-16T03:34:00+09:00,2026-09-18T23:59:59+09:00,0,VENUS|PLUTO,VENUS:SCORPIO|PLUTO:AQUARIUS,VENUS-PLUTO:90,3,2,not_applicable,VENUS,7,3,anchor_house,VENUS|PLUTO,swiss_ephemeris,VENUS:PLUTO:90:2026-09-16,exact_day,SEP_VALUES_POWER,,50,90,含みある会話を具体的な質問へ戻す,{event_date}頃は、大切な相手との会話で言葉の裏を読みすぎたり、沈黙によって気持ちを察してもらおうとしたりしやすくなります。試すような問いや伝言を重ねず、知りたいことと今答えられないことを明確にしてください。事実、解釈、希望を順に話すと、言葉を優位に立つ道具ではなく理解の橋に戻せます。,square;venus;pluto;values;relationships,1
2026_09_VENUS_PLUTO_SQUARE_S07_N04,2026_09_VENUS_PLUTO_SQUARE,2026-09,aspect_cluster,2026-09-14T00:00:00+09:00,2026-09-16T03:34:00+09:00,2026-09-18T23:59:59+09:00,0,VENUS|PLUTO,VENUS:SCORPIO|PLUTO:AQUARIUS,VENUS-PLUTO:90,3,2,not_applicable,VENUS,7,4,anchor_house,VENUS|PLUTO,swiss_ephemeris,VENUS:PLUTO:90:2026-09-16,exact_day,SEP_VALUES_POWER,,50,90,暮らしの決定権を親しさだけで渡さない,{event_date}頃は、同居、家族との付き合い、住まいの選択を巡り、近い相手の希望を優先しすぎるか、逆に自分の安心を押し通したくなるでしょう。誰を家へ招くか、家事をどう分けるか、一人になる時間をどう確保するかを話してください。愛情と生活上の権限を分けると、居場所を支配や我慢の場にせず整えられます。,square;venus;pluto;values;relationships,1
2026_09_VENUS_PLUTO_SQUARE_S07_N05,2026_09_VENUS_PLUTO_SQUARE,2026-09,aspect_cluster,2026-09-14T00:00:00+09:00,2026-09-16T03:34:00+09:00,2026-09-18T23:59:59+09:00,0,VENUS|PLUTO,VENUS:SCORPIO|PLUTO:AQUARIUS,VENUS-PLUTO:90,3,2,not_applicable,VENUS,7,5,anchor_house,VENUS|PLUTO,swiss_ephemeris,VENUS:PLUTO:90:2026-09-16,exact_day,SEP_VALUES_POWER,,50,90,恋の熱と創作の主導権を分けて持つ,{event_date}頃は、恋愛や共同制作で強く惹かれ合う一方、相手の反応や才能を自分の喜びの源として独占したくなるかもしれません。誘いへの返事、作品の方向、公開の可否を一つずつ相談し、どちらにも変更できる余地を残してください。熱中する時間と別々に遊ぶ時間を持つと、魅力を競争や囲い込みへ傾けず楽しめます。,square;venus;pluto;values;relationships,1
2026_09_VENUS_PLUTO_SQUARE_S07_N06,2026_09_VENUS_PLUTO_SQUARE,2026-09,aspect_cluster,2026-09-14T00:00:00+09:00,2026-09-16T03:34:00+09:00,2026-09-18T23:59:59+09:00,0,VENUS|PLUTO,VENUS:SCORPIO|PLUTO:AQUARIUS,VENUS-PLUTO:90,3,2,not_applicable,VENUS,7,6,anchor_house,VENUS|PLUTO,swiss_ephemeris,VENUS:PLUTO:90:2026-09-16,exact_day,SEP_VALUES_POWER,,50,90,支え合いを片方だけの奉仕にしない,{event_date}頃は、仕事や日常の協力関係で、気づく側が相手の不足を補い続けたり、助けられる側が決定権まで譲ったりしやすくなります。担当、期限、休む日の扱いを具体的に決め、感謝だけで負担を精算しないようにしましょう。得意な作業と苦手な作業を交換できれば、親切を固定された上下関係にせず続けられます。,square;venus;pluto;values;relationships,1
2026_09_VENUS_PLUTO_SQUARE_S07_N07,2026_09_VENUS_PLUTO_SQUARE,2026-09,aspect_cluster,2026-09-14T00:00:00+09:00,2026-09-16T03:34:00+09:00,2026-09-18T23:59:59+09:00,0,VENUS|PLUTO,VENUS:SCORPIO|PLUTO:AQUARIUS,VENUS-PLUTO:90,3,2,not_applicable,VENUS,7,7,anchor_house,VENUS|PLUTO,swiss_ephemeris,VENUS:PLUTO:90:2026-09-16,exact_day,SEP_VALUES_POWER,,50,90,強い結びつきほど契約の出口を残す,{event_date}頃は、恋愛、協業、契約に深く関わるほど、相手の選択を把握して安心したくなることがあります。忠誠心を確かめるため制限を増やさず、約束の範囲、見直す時期、離れる場合の手順を二人で確認してください。続ける自由と終える自由の両方があると、関係を監視ではなく対等な合意で支えられます。,square;venus;pluto;values;relationships,1
2026_09_VENUS_PLUTO_SQUARE_S07_N08,2026_09_VENUS_PLUTO_SQUARE,2026-09,aspect_cluster,2026-09-14T00:00:00+09:00,2026-09-16T03:34:00+09:00,2026-09-18T23:59:59+09:00,0,VENUS|PLUTO,VENUS:SCORPIO|PLUTO:AQUARIUS,VENUS-PLUTO:90,3,2,not_applicable,VENUS,7,8,anchor_house,VENUS|PLUTO,swiss_ephemeris,VENUS:PLUTO:90:2026-09-16,exact_day,SEP_VALUES_POWER,,50,90,親密さと共有資源に明確な境界を置く,{event_date}頃は、深い信頼を求める気持ちが強まり、お金、秘密、時間、身体的な距離をどこまで共有するかが重要になります。開示や援助を愛情の試験にせず、同意できる範囲と後から変えられる条件を確かめてください。共同口座や重要情報の管理方法も決めておくと、濃い結びつきの中で各自の安全を守れます。,square;venus;pluto;values;relationships,1
2026_09_VENUS_PLUTO_SQUARE_S07_N09,2026_09_VENUS_PLUTO_SQUARE,2026-09,aspect_cluster,2026-09-14T00:00:00+09:00,2026-09-16T03:34:00+09:00,2026-09-18T23:59:59+09:00,0,VENUS|PLUTO,VENUS:SCORPIO|PLUTO:AQUARIUS,VENUS-PLUTO:90,3,2,not_applicable,VENUS,7,9,anchor_house,VENUS|PLUTO,swiss_ephemeris,VENUS:PLUTO:90:2026-09-16,exact_day,SEP_VALUES_POWER,,50,90,同じ正解を求めず違う世界観を聞く,{event_date}頃は、価値観や将来像、学び、旅の方針について、相手と深く分かり合いたい願いが強まるでしょう。一致しない意見を関係の弱さと決めつけず、何を大切にする背景があるのかを互いに聞いてください。共通の原則と各自に任せる領域を分けると、説得や改宗ではなく理解を広げる対話になります。,square;venus;pluto;values;relationships,1
2026_09_VENUS_PLUTO_SQUARE_S07_N10,2026_09_VENUS_PLUTO_SQUARE,2026-09,aspect_cluster,2026-09-14T00:00:00+09:00,2026-09-16T03:34:00+09:00,2026-09-18T23:59:59+09:00,0,VENUS|PLUTO,VENUS:SCORPIO|PLUTO:AQUARIUS,VENUS-PLUTO:90,3,2,not_applicable,VENUS,7,10,anchor_house,VENUS|PLUTO,swiss_ephemeris,VENUS:PLUTO:90:2026-09-16,exact_day,SEP_VALUES_POWER,,50,90,公の関係と私的な合意を切り分ける,{event_date}頃は、仕事上の相棒やパートナーとの関係が周囲から注目され、評判を守るために内側の不均衡を隠したくなるかもしれません。表に出す役割、実際の決定権、成果の名義を確認し、外向けの印象だけで配分を決めないでください。二人の合意を先に整えるほど、肩書や評価に関係を支配されずに済みます。,square;venus;pluto;values;relationships,1
2026_09_VENUS_PLUTO_SQUARE_S07_N11,2026_09_VENUS_PLUTO_SQUARE,2026-09,aspect_cluster,2026-09-14T00:00:00+09:00,2026-09-16T03:34:00+09:00,2026-09-18T23:59:59+09:00,0,VENUS|PLUTO,VENUS:SCORPIO|PLUTO:AQUARIUS,VENUS-PLUTO:90,3,2,not_applicable,VENUS,7,11,anchor_house,VENUS|PLUTO,swiss_ephemeris,VENUS:PLUTO:90:2026-09-16,exact_day,SEP_VALUES_POWER,,50,90,仲間の期待から二人の約束を守り直す,{event_date}頃は、友人やチームの意見が一対一の関係へ入り込み、誰に認められる組み合わせかが気になりやすくなります。周囲の賛否で距離を決めず、二人で共有することと集団へ開くことを相談してください。仲間との時間と個別に話す時間を分ければ、関係を人気投票や派閥の材料にせず育てられます。,square;venus;pluto;values;relationships,1
2026_09_VENUS_PLUTO_SQUARE_S07_N12,2026_09_VENUS_PLUTO_SQUARE,2026-09,aspect_cluster,2026-09-14T00:00:00+09:00,2026-09-16T03:34:00+09:00,2026-09-18T23:59:59+09:00,0,VENUS|PLUTO,VENUS:SCORPIO|PLUTO:AQUARIUS,VENUS-PLUTO:90,3,2,not_applicable,VENUS,7,12,anchor_house,VENUS|PLUTO,swiss_ephemeris,VENUS:PLUTO:90:2026-09-16,exact_day,SEP_VALUES_POWER,,50,90,言えない執着を静かな言葉へ変える,{event_date}頃は、大切な相手への不安や嫉妬を隠したまま、距離を置くことや無言の世話で気持ちを伝えたくなるかもしれません。すぐ相手へ答えを求めず、恐れていること、望んでいること、自分で整えられることを書き分けてください。感情を秘密の駆け引きにせず小さな言葉へ変えると、関係の裏側に余白が戻ります。,square;venus;pluto;values;relationships,1
2026_09_VENUS_PLUTO_SQUARE_S08_N01,2026_09_VENUS_PLUTO_SQUARE,2026-09,aspect_cluster,2026-09-14T00:00:00+09:00,2026-09-16T03:34:00+09:00,2026-09-18T23:59:59+09:00,0,VENUS|PLUTO,VENUS:SCORPIO|PLUTO:AQUARIUS,VENUS-PLUTO:90,3,2,not_applicable,VENUS,8,1,anchor_house,VENUS|PLUTO,swiss_ephemeris,VENUS:PLUTO:90:2026-09-16,exact_day,SEP_VALUES_POWER,,50,90,深く結ぶ前に自分の同意を確かめる,{event_date}頃は、共有するお金や秘密、親密な距離が自分の安心感へ強く響き、相手に合わせて限界を越えたくなるかもしれません。信頼を示すために開示や接触を急がず、今了承できること、保留したいこと、後から変えられることを自分の言葉で確認してください。身体の反応も判断に含めると、深い関わりの中で主導権を保てます。,square;venus;pluto;values;relationships,1
2026_09_VENUS_PLUTO_SQUARE_S08_N02,2026_09_VENUS_PLUTO_SQUARE,2026-09,aspect_cluster,2026-09-14T00:00:00+09:00,2026-09-16T03:34:00+09:00,2026-09-18T23:59:59+09:00,0,VENUS|PLUTO,VENUS:SCORPIO|PLUTO:AQUARIUS,VENUS-PLUTO:90,3,2,not_applicable,VENUS,8,2,anchor_house,VENUS|PLUTO,swiss_ephemeris,VENUS:PLUTO:90:2026-09-16,exact_day,SEP_VALUES_POWER,,50,90,共同資金と自分の持ち分を分け直す,{event_date}頃は、共同口座、援助、借入などの共有資金に、自分が持つ物や稼ぐ力への評価が絡みやすくなります。多く差し出すことで発言権を得たり、受け取ることで価値が下がると考えたりせず、元本、負担割合、返す条件を確かめましょう。個人の資産を残す線を決めると、深い協力と生活の自立を両立できます。,square;venus;pluto;values;relationships,1
2026_09_VENUS_PLUTO_SQUARE_S08_N03,2026_09_VENUS_PLUTO_SQUARE,2026-09,aspect_cluster,2026-09-14T00:00:00+09:00,2026-09-16T03:34:00+09:00,2026-09-18T23:59:59+09:00,0,VENUS|PLUTO,VENUS:SCORPIO|PLUTO:AQUARIUS,VENUS-PLUTO:90,3,2,not_applicable,VENUS,8,3,anchor_house,VENUS|PLUTO,swiss_ephemeris,VENUS:PLUTO:90:2026-09-16,exact_day,SEP_VALUES_POWER,,50,90,秘密の共有範囲を言葉で決める,{event_date}頃は、親密な話や金銭書類を預ける場面で、どこまで知ることが信頼なのか迷いやすくなります。聞き出すことや黙っていることを愛情の証明にせず、話してよい相手、記録に残す内容、削除する時期を具体的に確認してください。質問できる余地を残せば、情報を結びつきの支配材料にせず扱えます。,square;venus;pluto;values;relationships,1
2026_09_VENUS_PLUTO_SQUARE_S08_N04,2026_09_VENUS_PLUTO_SQUARE,2026-09,aspect_cluster,2026-09-14T00:00:00+09:00,2026-09-16T03:34:00+09:00,2026-09-18T23:59:59+09:00,0,VENUS|PLUTO,VENUS:SCORPIO|PLUTO:AQUARIUS,VENUS-PLUTO:90,3,2,not_applicable,VENUS,8,4,anchor_house,VENUS|PLUTO,swiss_ephemeris,VENUS:PLUTO:90:2026-09-16,exact_day,SEP_VALUES_POWER,,50,90,家族の援助と継承条件を整理する,{event_date}頃は、相続、仕送り、住まいの名義、家族から受け継ぐ品に、愛情と決定権の問題が重なりやすくなります。援助を受ける代わりに従う、世話をした人だけが決める、といった暗黙の条件を置かず、関係者と記録をそろえましょう。思い出と財産上の手続きを分けると、つながりを守りながら公平に相談できます。,square;venus;pluto;values;relationships,1
2026_09_VENUS_PLUTO_SQUARE_S08_N05,2026_09_VENUS_PLUTO_SQUARE,2026-09,aspect_cluster,2026-09-14T00:00:00+09:00,2026-09-16T03:34:00+09:00,2026-09-18T23:59:59+09:00,0,VENUS|PLUTO,VENUS:SCORPIO|PLUTO:AQUARIUS,VENUS-PLUTO:90,3,2,not_applicable,VENUS,8,5,anchor_house,VENUS|PLUTO,swiss_ephemeris,VENUS:PLUTO:90:2026-09-16,exact_day,SEP_VALUES_POWER,,50,90,贈り物に恋の忠誠を背負わせない,{event_date}頃は、恋愛や創作、子どもとの関わりで、贈り物や費用の負担を特別な絆の証しにしたくなるかもしれません。高価さや犠牲の大きさで気持ちを測らず、贈る物、貸す物、共同で作る物の扱いを分けてください。受け取る側が断れる余地も残すと、喜びを恩や所有の感覚へ変えずに済みます。,square;venus;pluto;values;relationships,1
2026_09_VENUS_PLUTO_SQUARE_S08_N06,2026_09_VENUS_PLUTO_SQUARE,2026-09,aspect_cluster,2026-09-14T00:00:00+09:00,2026-09-16T03:34:00+09:00,2026-09-18T23:59:59+09:00,0,VENUS|PLUTO,VENUS:SCORPIO|PLUTO:AQUARIUS,VENUS-PLUTO:90,3,2,not_applicable,VENUS,8,6,anchor_house,VENUS|PLUTO,swiss_ephemeris,VENUS:PLUTO:90:2026-09-16,exact_day,SEP_VALUES_POWER,,50,90,見えない負担を日課の外へ出す,{event_date}頃は、介護、経費処理、引き継ぎなど表に出にくい共同作業で、頼られるために負担を抱え込みやすくなります。誰の責任か曖昧なまま善意で埋めず、作業時間、必要な権限、代わりに頼める人を一覧にしてください。身体の疲れを関係への忠誠と混同しなければ、深い支え合いを続く手順へ直せます。,square;venus;pluto;values;relationships,1
2026_09_VENUS_PLUTO_SQUARE_S08_N07,2026_09_VENUS_PLUTO_SQUARE,2026-09,aspect_cluster,2026-09-14T00:00:00+09:00,2026-09-16T03:34:00+09:00,2026-09-18T23:59:59+09:00,0,VENUS|PLUTO,VENUS:SCORPIO|PLUTO:AQUARIUS,VENUS-PLUTO:90,3,2,not_applicable,VENUS,8,7,anchor_house,VENUS|PLUTO,swiss_ephemeris,VENUS:PLUTO:90:2026-09-16,exact_day,SEP_VALUES_POWER,,50,90,二人の契約を愛情だけで動かさない,{event_date}頃は、パートナーや取引相手と共有する資金、秘密、責任を巡り、信頼しているから説明は要らないと考えやすくなります。署名、解約、名義、情報へのアクセスを一つずつ確認し、関係の温度と契約条件を分けてください。変更を申し出られる期限も決めると、親密さを拘束ではなく合意の土台にできます。,square;venus;pluto;values;relationships,1
2026_09_VENUS_PLUTO_SQUARE_S08_N08,2026_09_VENUS_PLUTO_SQUARE,2026-09,aspect_cluster,2026-09-14T00:00:00+09:00,2026-09-16T03:34:00+09:00,2026-09-18T23:59:59+09:00,0,VENUS|PLUTO,VENUS:SCORPIO|PLUTO:AQUARIUS,VENUS-PLUTO:90,3,2,not_applicable,VENUS,8,8,anchor_house,VENUS|PLUTO,swiss_ephemeris,VENUS:PLUTO:90:2026-09-16,exact_day,SEP_VALUES_POWER,,50,90,共同債務の責任を感情で曖昧にしない,{event_date}頃は、借入、保証、税、相続などの重い共有条件に、恩義や執着が入り込みやすくなります。相手を信じる気持ちだけで署名や負担を引き受けず、金額、期限、責任者、専門家へ確認する点を整理してください。感情の話と法的な手続きを別の時間に扱うと、深刻さに飲まれず必要な判断ができます。,square;venus;pluto;values;relationships,1
2026_09_VENUS_PLUTO_SQUARE_S08_N09,2026_09_VENUS_PLUTO_SQUARE,2026-09,aspect_cluster,2026-09-14T00:00:00+09:00,2026-09-16T03:34:00+09:00,2026-09-18T23:59:59+09:00,0,VENUS|PLUTO,VENUS:SCORPIO|PLUTO:AQUARIUS,VENUS-PLUTO:90,3,2,not_applicable,VENUS,8,9,anchor_house,VENUS|PLUTO,swiss_ephemeris,VENUS:PLUTO:90:2026-09-16,exact_day,SEP_VALUES_POWER,,50,90,援助の判断を権威の言葉だけに任せない,{event_date}頃は、投資、保険、奨学金、法的手続きなどで、詳しい人の説明に強く引かれ、疑問を挟みにくくなるかもしれません。肩書や理念を信頼の保証にせず、費用、例外、途中で変更する方法を別の資料とも照合してください。制度の目的と自分の価値観を分けて考えると、支援を依存ではなく選択として使えます。,square;venus;pluto;values;relationships,1
2026_09_VENUS_PLUTO_SQUARE_S08_N10,2026_09_VENUS_PLUTO_SQUARE,2026-09,aspect_cluster,2026-09-14T00:00:00+09:00,2026-09-16T03:34:00+09:00,2026-09-18T23:59:59+09:00,0,VENUS|PLUTO,VENUS:SCORPIO|PLUTO:AQUARIUS,VENUS-PLUTO:90,3,2,not_applicable,VENUS,8,10,anchor_house,VENUS|PLUTO,swiss_ephemeris,VENUS:PLUTO:90:2026-09-16,exact_day,SEP_VALUES_POWER,,50,90,預かる資源と公の権限を分けて守る,{event_date}頃は、仕事で予算、機密、他者の成果を預かる立場が強調され、管理できることを影響力の証しにしたくなることがあります。誰が承認し、誰が閲覧し、いつ返すのかを明文化して、一人の裁量へ集中させないでください。責任と名誉を切り分けるほど、共有資源を評判や駆け引きから守れます。,square;venus;pluto;values;relationships,1
2026_09_VENUS_PLUTO_SQUARE_S08_N11,2026_09_VENUS_PLUTO_SQUARE,2026-09,aspect_cluster,2026-09-14T00:00:00+09:00,2026-09-16T03:34:00+09:00,2026-09-18T23:59:59+09:00,0,VENUS|PLUTO,VENUS:SCORPIO|PLUTO:AQUARIUS,VENUS-PLUTO:90,3,2,not_applicable,VENUS,8,11,anchor_house,VENUS|PLUTO,swiss_ephemeris,VENUS:PLUTO:90:2026-09-16,exact_day,SEP_VALUES_POWER,,50,90,仲間の資金を親しさだけで管理しない,{event_date}頃は、チームの会費、共同購入、寄付、共有アカウントを巡り、近い人ほど説明を省いてよいという空気が生まれやすくなります。支出の基準、承認方法、残高を見る人を皆で決め、異議を関係の否定と扱わないようにしましょう。記録を開いて交代できる形にすると、仲間への信頼を囲い込みから守れます。,square;venus;pluto;values;relationships,1
2026_09_VENUS_PLUTO_SQUARE_S08_N12,2026_09_VENUS_PLUTO_SQUARE,2026-09,aspect_cluster,2026-09-14T00:00:00+09:00,2026-09-16T03:34:00+09:00,2026-09-18T23:59:59+09:00,0,VENUS|PLUTO,VENUS:SCORPIO|PLUTO:AQUARIUS,VENUS-PLUTO:90,3,2,not_applicable,VENUS,8,12,anchor_house,VENUS|PLUTO,swiss_ephemeris,VENUS:PLUTO:90:2026-09-16,exact_day,SEP_VALUES_POWER,,50,90,見えない不安を秘密の契約に変えない,{event_date}頃は、失うことへの怖さや誰にも言えない負い目から、曖昧な約束や援助へ深く入り込みたくなるかもしれません。すぐに誰かと共有して安心を得ようとせず、事実、想像、返せるもの、返せないものを書き分けてください。相談先を一つ確保し、眠る前に結論を出さないことで、隠れた不安に決定権を渡さずに済みます。,square;venus;pluto;values;relationships,1
2026_09_VENUS_PLUTO_SQUARE_S09_N01,2026_09_VENUS_PLUTO_SQUARE,2026-09,aspect_cluster,2026-09-14T00:00:00+09:00,2026-09-16T03:34:00+09:00,2026-09-18T23:59:59+09:00,0,VENUS|PLUTO,VENUS:SCORPIO|PLUTO:AQUARIUS,VENUS-PLUTO:90,3,2,not_applicable,VENUS,9,1,anchor_house,VENUS|PLUTO,swiss_ephemeris,VENUS:PLUTO:90:2026-09-16,exact_day,SEP_VALUES_POWER,,50,90,憧れる世界へ進む前に自分の軸を戻す,"{event_date}頃は、学びや旅、新しい文化への強い憧れが、自分を大きく変えたい気持ちと結びつきやすくなります。案内役や思想に自分の輪郭を預けず、惹かれる点と抵抗を感じる点をそれぞれ言葉にしてください。服装や名乗り方まで一気に変える前に小さく試すと、敬意を保ちながら自分で進路を選べます。",square;venus;pluto;values;relationships,1
2026_09_VENUS_PLUTO_SQUARE_S09_N02,2026_09_VENUS_PLUTO_SQUARE,2026-09,aspect_cluster,2026-09-14T00:00:00+09:00,2026-09-16T03:34:00+09:00,2026-09-18T23:59:59+09:00,0,VENUS|PLUTO,VENUS:SCORPIO|PLUTO:AQUARIUS,VENUS-PLUTO:90,3,2,not_applicable,VENUS,9,2,anchor_house,VENUS|PLUTO,swiss_ephemeris,VENUS:PLUTO:90:2026-09-16,exact_day,SEP_VALUES_POWER,,50,90,学びへの出費と自分の価値を分ける,"{event_date}頃は、講座、資格、遠方への移動に払う金額を、その経験の格や自分の将来価値と重ねやすくなります。高額だから深く学べる、参加しないと遅れると決めず、費用の内訳、返金条件、手元に残る資料を確認しましょう。生活費を守る上限を先に置けば、憧れを自分に合う投資へ選び直せます。",square;venus;pluto;values;relationships,1
2026_09_VENUS_PLUTO_SQUARE_S09_N03,2026_09_VENUS_PLUTO_SQUARE,2026-09,aspect_cluster,2026-09-14T00:00:00+09:00,2026-09-16T03:34:00+09:00,2026-09-18T23:59:59+09:00,0,VENUS|PLUTO,VENUS:SCORPIO|PLUTO:AQUARIUS,VENUS-PLUTO:90,3,2,not_applicable,VENUS,9,3,anchor_house,VENUS|PLUTO,swiss_ephemeris,VENUS:PLUTO:90:2026-09-16,exact_day,SEP_VALUES_POWER,,50,90,説得力より対話を続けられる言葉を選ぶ,"{event_date}頃は、信念や文化について語る場で、相手を惹きつける言葉ほど正しいと感じたり、反対意見を屈服させたくなったりするかもしれません。近しい人との会話や発信では、引用元、事実、自分の解釈を分けて示してください。勝敗より質問が残る伝え方を選ぶと、影響力を奪い合わず視野を深められます。",square;venus;pluto;values;relationships,1
2026_09_VENUS_PLUTO_SQUARE_S09_N04,2026_09_VENUS_PLUTO_SQUARE,2026-09,aspect_cluster,2026-09-14T00:00:00+09:00,2026-09-16T03:34:00+09:00,2026-09-18T23:59:59+09:00,0,VENUS|PLUTO,VENUS:SCORPIO|PLUTO:AQUARIUS,VENUS-PLUTO:90,3,2,not_applicable,VENUS,9,4,anchor_house,VENUS|PLUTO,swiss_ephemeris,VENUS:PLUTO:90:2026-09-16,exact_day,SEP_VALUES_POWER,,50,90,受け継いだ常識を暮らしから見直す,"{event_date}頃は、家族から受け継いだ信条や土地への思いが、住まい方や帰属先の選択へ強く作用しそうです。伝統を守る人と離れる人を善悪で分けず、今の暮らしに残したい習慣と終えたい役割を書き出してください。家族の承認を得ることと安心できる居場所を選ぶことを分ければ、ルーツを支配ではなく支えとして扱えます。",square;venus;pluto;values;relationships,1
2026_09_VENUS_PLUTO_SQUARE_S09_N05,2026_09_VENUS_PLUTO_SQUARE,2026-09,aspect_cluster,2026-09-14T00:00:00+09:00,2026-09-16T03:34:00+09:00,2026-09-18T23:59:59+09:00,0,VENUS|PLUTO,VENUS:SCORPIO|PLUTO:AQUARIUS,VENUS-PLUTO:90,3,2,not_applicable,VENUS,9,5,anchor_house,VENUS|PLUTO,swiss_ephemeris,VENUS:PLUTO:90:2026-09-16,exact_day,SEP_VALUES_POWER,,50,90,憧れを創作の所有権へすり替えない,"{event_date}頃は、旅先の文化や尊敬する作家から受けた刺激が、恋愛や創作の熱を大きく動かしそうです。相手や作品を自分だけの発見として囲い込まず、引用、共同制作、公開範囲、子どもへの教え方を確認してください。憧れの出所へ敬意を返すほど、模倣や所有ではない自分の表現が育ちます。",square;venus;pluto;values;relationships,1
2026_09_VENUS_PLUTO_SQUARE_S09_N06,2026_09_VENUS_PLUTO_SQUARE,2026-09,aspect_cluster,2026-09-14T00:00:00+09:00,2026-09-16T03:34:00+09:00,2026-09-18T23:59:59+09:00,0,VENUS|PLUTO,VENUS:SCORPIO|PLUTO:AQUARIUS,VENUS-PLUTO:90,3,2,not_applicable,VENUS,9,6,anchor_house,VENUS|PLUTO,swiss_ephemeris,VENUS:PLUTO:90:2026-09-16,exact_day,SEP_VALUES_POWER,,50,90,理想の方法を日課へ無理に当てはめない,"{event_date}頃は、専門家が勧める働き方や生活法へ惹かれ、日々の手順を一度に作り替えたくなるかもしれません。権威ある方法を守れるかで自分や同僚を評価せず、時間、体力、担当範囲に合う部分だけを試してください。記録を競争や採点に使わず調整材料にすると、理想を続けられる実務へ落とし込めます。",square;venus;pluto;values;relationships,1
2026_09_VENUS_PLUTO_SQUARE_S09_N07,2026_09_VENUS_PLUTO_SQUARE,2026-09,aspect_cluster,2026-09-14T00:00:00+09:00,2026-09-16T03:34:00+09:00,2026-09-18T23:59:59+09:00,0,VENUS|PLUTO,VENUS:SCORPIO|PLUTO:AQUARIUS,VENUS-PLUTO:90,3,2,not_applicable,VENUS,9,7,anchor_house,VENUS|PLUTO,swiss_ephemeris,VENUS:PLUTO:90:2026-09-16,exact_day,SEP_VALUES_POWER,,50,90,遠い約束ほど現実の条件を確かめる,"{event_date}頃は、遠距離の関係、留学や旅を伴う協業、国際的な契約に魅力を感じる一方、壮大な将来像のため現在の希望を譲りやすくなります。滞在地、費用、役割、途中で予定を変える方法を具体的に確認してください。夢を語る時間と条件を詰める時間を分けると、約束を片方だけの献身にせず育てられます。",square;venus;pluto;values;relationships,1
2026_09_VENUS_PLUTO_SQUARE_S09_N08,2026_09_VENUS_PLUTO_SQUARE,2026-09,aspect_cluster,2026-09-14T00:00:00+09:00,2026-09-16T03:34:00+09:00,2026-09-18T23:59:59+09:00,0,VENUS|PLUTO,VENUS:SCORPIO|PLUTO:AQUARIUS,VENUS-PLUTO:90,3,2,not_applicable,VENUS,9,8,anchor_house,VENUS|PLUTO,swiss_ephemeris,VENUS:PLUTO:90:2026-09-16,exact_day,SEP_VALUES_POWER,,50,90,知識の共有と権利の配分を決め直す,"{event_date}頃は、共同研究、出版、講座づくりで知識を分かち合うほど、著作権、印税、研究費、非公開資料の扱いが濃い関係の問題になりやすいでしょう。信頼しているからと権利を一括で渡さず、誰が何を提供し、どこまで再利用できるかを記録してください。知的な貢献と資金の配分を別々に確認すると、深い協力を囲い込みから守れます。",square;venus;pluto;values;relationships,1
2026_09_VENUS_PLUTO_SQUARE_S09_N09,2026_09_VENUS_PLUTO_SQUARE,2026-09,aspect_cluster,2026-09-14T00:00:00+09:00,2026-09-16T03:34:00+09:00,2026-09-18T23:59:59+09:00,0,VENUS|PLUTO,VENUS:SCORPIO|PLUTO:AQUARIUS,VENUS-PLUTO:90,3,2,not_applicable,VENUS,9,9,anchor_house,VENUS|PLUTO,swiss_ephemeris,VENUS:PLUTO:90:2026-09-16,exact_day,SEP_VALUES_POWER,,50,90,教えの権威と自分の探究心を分ける,"{event_date}頃は、専門分野や思想を深く掘るほど、特定の先生、学派、文化だけが真実を持つように感じるかもしれません。所属や資格を価値の証明にせず、原典、異なる立場、現場の経験を照らし合わせてください。反論できる余地と離れられる道を残すと、敬意を服従に変えず、自分の問いを長く育てられます。",square;venus;pluto;values;relationships,1
2026_09_VENUS_PLUTO_SQUARE_S09_N10,2026_09_VENUS_PLUTO_SQUARE,2026-09,aspect_cluster,2026-09-14T00:00:00+09:00,2026-09-16T03:34:00+09:00,2026-09-18T23:59:59+09:00,0,VENUS|PLUTO,VENUS:SCORPIO|PLUTO:AQUARIUS,VENUS-PLUTO:90,3,2,not_applicable,VENUS,9,10,anchor_house,VENUS|PLUTO,swiss_ephemeris,VENUS:PLUTO:90:2026-09-16,exact_day,SEP_VALUES_POWER,,50,90,発信の影響力と職業上の責任を分ける,"{event_date}頃は、出版、教育、海外との仕事で注目されるほど、魅力ある理念を掲げ続けることが職業上の立場と結びつきやすくなります。支持を失わないために疑問を隠さず、根拠、利益関係、訂正の方法を公にできる形へ整えてください。肩書より説明責任を優先すると、影響力を評判の維持ではなく信頼できる発信へ使えます。",square;venus;pluto;values;relationships,1
2026_09_VENUS_PLUTO_SQUARE_S09_N11,2026_09_VENUS_PLUTO_SQUARE,2026-09,aspect_cluster,2026-09-14T00:00:00+09:00,2026-09-16T03:34:00+09:00,2026-09-18T23:59:59+09:00,0,VENUS|PLUTO,VENUS:SCORPIO|PLUTO:AQUARIUS,VENUS-PLUTO:90,3,2,not_applicable,VENUS,9,11,anchor_house,VENUS|PLUTO,swiss_ephemeris,VENUS:PLUTO:90:2026-09-16,exact_day,SEP_VALUES_POWER,,50,90,理念の一致で仲間を選別しすぎない,"{event_date}頃は、学びの共同体、国際交流、社会的な活動で、同じ理想を持つ仲間との結束が強く感じられそうです。ただし賛同の度合いで発言権や親しさを決めず、参加条件、寄付や会費、異論を伝える手順を皆で確認してください。外からの視点を歓迎する窓口を残すと、理念を排除の道具にせず未来の計画へ生かせます。",square;venus;pluto;values;relationships,1
2026_09_VENUS_PLUTO_SQUARE_S09_N12,2026_09_VENUS_PLUTO_SQUARE,2026-09,aspect_cluster,2026-09-14T00:00:00+09:00,2026-09-16T03:34:00+09:00,2026-09-18T23:59:59+09:00,0,VENUS|PLUTO,VENUS:SCORPIO|PLUTO:AQUARIUS,VENUS-PLUTO:90,3,2,not_applicable,VENUS,9,12,anchor_house,VENUS|PLUTO,swiss_ephemeris,VENUS:PLUTO:90:2026-09-16,exact_day,SEP_VALUES_POWER,,50,90,救いを求める心に静かな検証を置く,"{event_date}頃は、精神的な教えや遠い土地への憧れが、言葉にしにくい孤独から抜ける道として強く映るかもしれません。秘密の約束や高額な献身を急がず、眠り、夢、読後の感覚を数日記録して、自分が何を求めているか確かめてください。誰にも評価されない静かな時間を持つと、救いを他者の力へ丸ごと預けず内側から選べます。",square;venus;pluto;values;relationships,1
2026_09_VENUS_PLUTO_SQUARE_S10_N01,2026_09_VENUS_PLUTO_SQUARE,2026-09,aspect_cluster,2026-09-14T00:00:00+09:00,2026-09-16T03:34:00+09:00,2026-09-18T23:59:59+09:00,0,VENUS|PLUTO,VENUS:SCORPIO|PLUTO:AQUARIUS,VENUS-PLUTO:90,3,2,not_applicable,VENUS,10,1,anchor_house,VENUS|PLUTO,swiss_ephemeris,VENUS:PLUTO:90:2026-09-16,exact_day,SEP_VALUES_POWER,,50,90,評価される姿と素の自分を切り離さない,"{event_date}頃は、仕事で好印象を得たい気持ちが強まり、期待される人物像へ自分を作り替えたくなるかもしれません。外見や態度を権威のある人の好みだけで決めず、自分が引き受けたい役割と演じている役割を書き分けてください。公の場を離れた時に身体が緩む選択を残すと、評価の中でも自分の輪郭を保てます。",square;venus;pluto;values;relationships,1
2026_09_VENUS_PLUTO_SQUARE_S10_N02,2026_09_VENUS_PLUTO_SQUARE,2026-09,aspect_cluster,2026-09-14T00:00:00+09:00,2026-09-16T03:34:00+09:00,2026-09-18T23:59:59+09:00,0,VENUS|PLUTO,VENUS:SCORPIO|PLUTO:AQUARIUS,VENUS-PLUTO:90,3,2,not_applicable,VENUS,10,2,anchor_house,VENUS|PLUTO,swiss_ephemeris,VENUS:PLUTO:90:2026-09-16,exact_day,SEP_VALUES_POWER,,50,90,肩書の魅力と報酬条件を別々に見る,"{event_date}頃は、魅力的な肩書や重要な担当を示されると、それだけで仕事の価値が保証されたように感じやすくなります。名誉の大きさと報酬、経費、拘束時間、成果物の所有を分けて確かめましょう。自分の技能を認めてほしい気持ちを曖昧な条件への同意に使わなければ、評価と生活の土台を両方守れます。",square;venus;pluto;values;relationships,1
2026_09_VENUS_PLUTO_SQUARE_S10_N03,2026_09_VENUS_PLUTO_SQUARE,2026-09,aspect_cluster,2026-09-14T00:00:00+09:00,2026-09-16T03:34:00+09:00,2026-09-18T23:59:59+09:00,0,VENUS|PLUTO,VENUS:SCORPIO|PLUTO:AQUARIUS,VENUS-PLUTO:90,3,2,not_applicable,VENUS,10,3,anchor_house,VENUS|PLUTO,swiss_ephemeris,VENUS:PLUTO:90:2026-09-16,exact_day,SEP_VALUES_POWER,,50,90,公式な言葉で相手を動かしすぎない,"{event_date}頃は、発表、交渉、肩書を伴う連絡で、感じのよい表現の奥に強い意図を込めたくなるかもしれません。立場の差を利用して返事を急がせず、決定事項、提案、個人的な希望を分けて伝えてください。受け手が質問や保留を選べる連絡経路を示すと、公的な言葉を圧力ではなく信頼の基盤にできます。",square;venus;pluto;values;relationships,1
2026_09_VENUS_PLUTO_SQUARE_S10_N04,2026_09_VENUS_PLUTO_SQUARE,2026-09,aspect_cluster,2026-09-14T00:00:00+09:00,2026-09-16T03:34:00+09:00,2026-09-18T23:59:59+09:00,0,VENUS|PLUTO,VENUS:SCORPIO|PLUTO:AQUARIUS,VENUS-PLUTO:90,3,2,not_applicable,VENUS,10,4,anchor_house,VENUS|PLUTO,swiss_ephemeris,VENUS:PLUTO:90:2026-09-16,exact_day,SEP_VALUES_POWER,,50,90,公の責任を家庭の犠牲で支えない,"{event_date}頃は、職業上の期待へ応えるために、家族の予定や自宅での回復時間を見えない支えとして使いやすくなります。仕事の成功を家族全員の願いと決めつけず、帰宅時間、家事、来客、私生活を公開する範囲を相談してください。外向けの評価と家庭内の負担を別々に扱うほど、居場所を肩書の舞台裏にせず守れます。",square;venus;pluto;values;relationships,1
2026_09_VENUS_PLUTO_SQUARE_S10_N05,2026_09_VENUS_PLUTO_SQUARE,2026-09,aspect_cluster,2026-09-14T00:00:00+09:00,2026-09-16T03:34:00+09:00,2026-09-18T23:59:59+09:00,0,VENUS|PLUTO,VENUS:SCORPIO|PLUTO:AQUARIUS,VENUS-PLUTO:90,3,2,not_applicable,VENUS,10,5,anchor_house,VENUS|PLUTO,swiss_ephemeris,VENUS:PLUTO:90:2026-09-16,exact_day,SEP_VALUES_POWER,,50,90,注目のために表現の喜びを曲げない,"{event_date}頃は、創作や企画が公に評価されるほど、拍手を保つために刺激を強めたり、恋愛や子どもの話を作品化したくなったりするかもしれません。公開してよい体験、本人の同意が要る素材、遊びとして残す時間を分けてください。反響とは別に自分が面白いと感じる基準を持つと、注目に表現の主導権を渡さずに済みます。",square;venus;pluto;values;relationships,1
2026_09_VENUS_PLUTO_SQUARE_S10_N06,2026_09_VENUS_PLUTO_SQUARE,2026-09,aspect_cluster,2026-09-14T00:00:00+09:00,2026-09-16T03:34:00+09:00,2026-09-18T23:59:59+09:00,0,VENUS|PLUTO,VENUS:SCORPIO|PLUTO:AQUARIUS,VENUS-PLUTO:90,3,2,not_applicable,VENUS,10,6,anchor_house,VENUS|PLUTO,swiss_ephemeris,VENUS:PLUTO:90:2026-09-16,exact_day,SEP_VALUES_POWER,,50,90,献身の評価より続けられる働き方を選ぶ,"{event_date}頃は、丁寧な実務や気配りが評価され、不可欠な人であり続けるために仕事量を増やしやすくなります。好意的な評判を断る理由にせず、担当、期限、休憩、代行できる人を一覧にしてください。体調や日課を崩して得る信用と、手順を共有して築く信用を分ければ、専門性を消耗ではなく継続へつなげられます。",square;venus;pluto;values;relationships,1
2026_09_VENUS_PLUTO_SQUARE_S10_N07,2026_09_VENUS_PLUTO_SQUARE,2026-09,aspect_cluster,2026-09-14T00:00:00+09:00,2026-09-16T03:34:00+09:00,2026-09-18T23:59:59+09:00,0,VENUS|PLUTO,VENUS:SCORPIO|PLUTO:AQUARIUS,VENUS-PLUTO:90,3,2,not_applicable,VENUS,10,7,anchor_house,VENUS|PLUTO,swiss_ephemeris,VENUS:PLUTO:90:2026-09-16,exact_day,SEP_VALUES_POWER,,50,90,公の協力関係に対等な出口を残す,"{event_date}頃は、仕事上の相棒や公に知られる関係が注目され、よい組み合わせに見せるため内側の不均衡を隠したくなるかもしれません。役割、決定権、成果の名義、契約を見直す時期を二人で確認してください。外からの期待より各自が変更を申し出られる余地を優先すると、協力を評判や拘束の道具にせず続けられます。",square;venus;pluto;values;relationships,1
2026_09_VENUS_PLUTO_SQUARE_S10_N08,2026_09_VENUS_PLUTO_SQUARE,2026-09,aspect_cluster,2026-09-14T00:00:00+09:00,2026-09-16T03:34:00+09:00,2026-09-18T23:59:59+09:00,0,VENUS|PLUTO,VENUS:SCORPIO|PLUTO:AQUARIUS,VENUS-PLUTO:90,3,2,not_applicable,VENUS,10,8,anchor_house,VENUS|PLUTO,swiss_ephemeris,VENUS:PLUTO:90:2026-09-16,exact_day,SEP_VALUES_POWER,,50,90,管理する資源と自分の影響力を分ける,"{event_date}頃は、予算、機密、他者の成果を預かる立場が強調され、それらへアクセスできることを自分の影響力と重ねやすくなります。承認者、閲覧者、返却時期、利益相反を明文化し、重要情報を一人へ集めないでください。管理権限と個人的な親しさを切り離すほど、共有資源を評価や駆け引きから守れます。",square;venus;pluto;values;relationships,1
2026_09_VENUS_PLUTO_SQUARE_S10_N09,2026_09_VENUS_PLUTO_SQUARE,2026-09,aspect_cluster,2026-09-14T00:00:00+09:00,2026-09-16T03:34:00+09:00,2026-09-18T23:59:59+09:00,0,VENUS|PLUTO,VENUS:SCORPIO|PLUTO:AQUARIUS,VENUS-PLUTO:90,3,2,not_applicable,VENUS,10,9,anchor_house,VENUS|PLUTO,swiss_ephemeris,VENUS:PLUTO:90:2026-09-16,exact_day,SEP_VALUES_POWER,,50,90,権威ある立場にも学び直す余白を持つ,"{event_date}頃は、専門知識や資格が公の立場を支える一方、誤りを認めることが評価を失うように感じられるかもしれません。自説を守るため異論を遠ざけず、根拠、引用元、更新した点を示してください。知らないことを確認できる相手と訂正の手順を持つほど、権威を服従ではなく信頼できる案内へ変えられます。",square;venus;pluto;values;relationships,1
2026_09_VENUS_PLUTO_SQUARE_S10_N10,2026_09_VENUS_PLUTO_SQUARE,2026-09,aspect_cluster,2026-09-14T00:00:00+09:00,2026-09-16T03:34:00+09:00,2026-09-18T23:59:59+09:00,0,VENUS|PLUTO,VENUS:SCORPIO|PLUTO:AQUARIUS,VENUS-PLUTO:90,3,2,not_applicable,VENUS,10,10,anchor_house,VENUS|PLUTO,swiss_ephemeris,VENUS:PLUTO:90:2026-09-16,exact_day,SEP_VALUES_POWER,,50,90,人気と権限を一人の評価へ集めない,"{event_date}頃は、昇進や役割変更を巡り、好かれることと決定権を持つことが強く結びつきやすいでしょう。支持者だけを近くに置いたり、反対意見を忠誠心の不足と見なしたりせず、判断基準と異議を伝える経路を公開してください。評価する人と監督する人を分ける工夫が、公的な力を個人崇拝や排除から遠ざけます。",square;venus;pluto;values;relationships,1
2026_09_VENUS_PLUTO_SQUARE_S10_N11,2026_09_VENUS_PLUTO_SQUARE,2026-09,aspect_cluster,2026-09-14T00:00:00+09:00,2026-09-16T03:34:00+09:00,2026-09-18T23:59:59+09:00,0,VENUS|PLUTO,VENUS:SCORPIO|PLUTO:AQUARIUS,VENUS-PLUTO:90,3,2,not_applicable,VENUS,10,11,anchor_house,VENUS|PLUTO,swiss_ephemeris,VENUS:PLUTO:90:2026-09-16,exact_day,SEP_VALUES_POWER,,50,90,有力な仲間だけで未来を決めない,"{event_date}頃は、影響力のある仲間や団体とのつながりが仕事の展望を広げる一方、所属を保つため集団の意向へ進路を合わせたくなるかもしれません。紹介、投票、資金、発言権の扱いを明確にし、少数意見にも記録と検討の場を残してください。人脈の強さと計画の妥当性を分けると、未来を派閥や人気の延長にせず描けます。",square;venus;pluto;values;relationships,1
2026_09_VENUS_PLUTO_SQUARE_S10_N12,2026_09_VENUS_PLUTO_SQUARE,2026-09,aspect_cluster,2026-09-14T00:00:00+09:00,2026-09-16T03:34:00+09:00,2026-09-18T23:59:59+09:00,0,VENUS|PLUTO,VENUS:SCORPIO|PLUTO:AQUARIUS,VENUS-PLUTO:90,3,2,not_applicable,VENUS,10,12,anchor_house,VENUS|PLUTO,swiss_ephemeris,VENUS:PLUTO:90:2026-09-16,exact_day,SEP_VALUES_POWER,,50,90,見えない評判への不安を仕事から離す,"{event_date}頃は、表に出ない批判や失望を想像し、誰にも頼まれていない準備や根回しで評価を守りたくなるかもしれません。推測している反応、確認できた事実、今はしない仕事を書き分けてください。連絡を閉じる時間と匿名で相談できる先を確保すると、見えない権力への不安に休息や判断を支配されずに済みます。",square;venus;pluto;values;relationships,1
2026_09_VENUS_PLUTO_SQUARE_S11_N01,2026_09_VENUS_PLUTO_SQUARE,2026-09,aspect_cluster,2026-09-14T00:00:00+09:00,2026-09-16T03:34:00+09:00,2026-09-18T23:59:59+09:00,0,VENUS|PLUTO,VENUS:SCORPIO|PLUTO:AQUARIUS,VENUS-PLUTO:90,3,2,not_applicable,VENUS,11,1,anchor_house,VENUS|PLUTO,swiss_ephemeris,VENUS:PLUTO:90:2026-09-16,exact_day,SEP_VALUES_POWER,,50,90,仲間に好かれる姿へ自分を固定しない,"{event_date}頃は、仲間との結束が深まるほど、集団で歓迎される服装や態度へ自分を合わせたくなるかもしれません。所属を失う不安から意見や好みを隠さず、一人でも選びたいことと皆と共有したいことを書き分けてください。参加しない時間にも自分の輪郭を保てると、親しさを同調の圧力へ変えずに済みます。",square;venus;pluto;values;relationships,1
2026_09_VENUS_PLUTO_SQUARE_S11_N02,2026_09_VENUS_PLUTO_SQUARE,2026-09,aspect_cluster,2026-09-14T00:00:00+09:00,2026-09-16T03:34:00+09:00,2026-09-18T23:59:59+09:00,0,VENUS|PLUTO,VENUS:SCORPIO|PLUTO:AQUARIUS,VENUS-PLUTO:90,3,2,not_applicable,VENUS,11,2,anchor_house,VENUS|PLUTO,swiss_ephemeris,VENUS:PLUTO:90:2026-09-16,exact_day,SEP_VALUES_POWER,,50,90,会費や寄付で仲間の価値を測らない,"{event_date}頃は、共同企画の会費や寄付、応援購入を巡り、負担額の大きさが仲間への忠誠や発言力と結びつきやすくなります。払える金額を競わせず、使途、上限、返金、金銭以外の参加方法を明確にしましょう。生活に残すお金を先に確保すれば、理念への共感を自己犠牲や序列に変えず表せます。",square;venus;pluto;values;relationships,1
2026_09_VENUS_PLUTO_SQUARE_S11_N03,2026_09_VENUS_PLUTO_SQUARE,2026-09,aspect_cluster,2026-09-14T00:00:00+09:00,2026-09-16T03:34:00+09:00,2026-09-18T23:59:59+09:00,0,VENUS|PLUTO,VENUS:SCORPIO|PLUTO:AQUARIUS,VENUS-PLUTO:90,3,2,not_applicable,VENUS,11,3,anchor_house,VENUS|PLUTO,swiss_ephemeris,VENUS:PLUTO:90:2026-09-16,exact_day,SEP_VALUES_POWER,,50,90,内輪の言葉で異論を封じ込めない,"{event_date}頃は、グループの会話やオンライン発信で、親しい人だけが分かる言葉や反応が強い結束を生みそうです。ただし沈黙を賛成と見なさず、決定事項、冗談、批判を受け付ける窓口を分けてください。引用元と共有範囲を確かめ、返信を急がせないことで、情報を仲間の選別や監視に使わず対話へ戻せます。",square;venus;pluto;values;relationships,1
2026_09_VENUS_PLUTO_SQUARE_S11_N04,2026_09_VENUS_PLUTO_SQUARE,2026-09,aspect_cluster,2026-09-14T00:00:00+09:00,2026-09-16T03:34:00+09:00,2026-09-18T23:59:59+09:00,0,VENUS|PLUTO,VENUS:SCORPIO|PLUTO:AQUARIUS,VENUS-PLUTO:90,3,2,not_applicable,VENUS,11,4,anchor_house,VENUS|PLUTO,swiss_ephemeris,VENUS:PLUTO:90:2026-09-16,exact_day,SEP_VALUES_POWER,,50,90,仲間を迎える家にも私的な境界を置く,"{event_date}頃は、自宅を集まりの場にしたり、家族ぐるみで活動したりする中で、開かれた居場所を守る責任が一人へ集中しやすくなります。鍵、来客時間、片づけ、家族の情報をどこまで共有するかを相談してください。歓迎する気持ちといつでも入れる権利を分けると、家庭を共同体の所有物にせず安心を保てます。",square;venus;pluto;values;relationships,1
2026_09_VENUS_PLUTO_SQUARE_S11_N05,2026_09_VENUS_PLUTO_SQUARE,2026-09,aspect_cluster,2026-09-14T00:00:00+09:00,2026-09-16T03:34:00+09:00,2026-09-18T23:59:59+09:00,0,VENUS|PLUTO,VENUS:SCORPIO|PLUTO:AQUARIUS,VENUS-PLUTO:90,3,2,not_applicable,VENUS,11,5,anchor_house,VENUS|PLUTO,swiss_ephemeris,VENUS:PLUTO:90:2026-09-16,exact_day,SEP_VALUES_POWER,,50,90,人気投票から創作と遊びを守り直す,"{event_date}頃は、趣味の集まりや創作チームで反響が集まるほど、誰が中心か、どの作品を推すかが親しさの尺度になりやすいでしょう。投票数で参加資格を決めず、作者名、権利、制作費、評価しない遊びの時間を分けてください。注目されない試作も歓迎する場を残すと、仲間との喜びを競争や囲い込みから守れます。",square;venus;pluto;values;relationships,1
2026_09_VENUS_PLUTO_SQUARE_S11_N06,2026_09_VENUS_PLUTO_SQUARE,2026-09,aspect_cluster,2026-09-14T00:00:00+09:00,2026-09-16T03:34:00+09:00,2026-09-18T23:59:59+09:00,0,VENUS|PLUTO,VENUS:SCORPIO|PLUTO:AQUARIUS,VENUS-PLUTO:90,3,2,not_applicable,VENUS,11,6,anchor_house,VENUS|PLUTO,swiss_ephemeris,VENUS:PLUTO:90:2026-09-16,exact_day,SEP_VALUES_POWER,,50,90,善意の実務を見えない忠誠にしない,"{event_date}頃は、チームの連絡、準備、片づけなど、場を心地よく保つ実務が親しい人へ偏りやすくなります。頼られることを所属の証明にせず、担当時間、交代時期、休む場合の連絡先を一覧にしましょう。目立つ役と裏方の双方を選び直せるようにすると、貢献を消耗や上下関係へ変えず続けられます。",square;venus;pluto;values;relationships,1
2026_09_VENUS_PLUTO_SQUARE_S11_N07,2026_09_VENUS_PLUTO_SQUARE,2026-09,aspect_cluster,2026-09-14T00:00:00+09:00,2026-09-16T03:34:00+09:00,2026-09-18T23:59:59+09:00,0,VENUS|PLUTO,VENUS:SCORPIO|PLUTO:AQUARIUS,VENUS-PLUTO:90,3,2,not_applicable,VENUS,11,7,anchor_house,VENUS|PLUTO,swiss_ephemeris,VENUS:PLUTO:90:2026-09-16,exact_day,SEP_VALUES_POWER,,50,90,仲間の期待より二人の合意を先にする,"{event_date}頃は、友人やチームから支持される関係を保つため、二人の本音や契約条件を後回しにしたくなるかもしれません。集団へ公開すること、個別に決めること、協力を終える手順を当事者同士で確認してください。周囲の人気や賛否を決定権から外すと、一対一の関係を派閥や評判の材料にせず育てられます。",square;venus;pluto;values;relationships,1
2026_09_VENUS_PLUTO_SQUARE_S11_N08,2026_09_VENUS_PLUTO_SQUARE,2026-09,aspect_cluster,2026-09-14T00:00:00+09:00,2026-09-16T03:34:00+09:00,2026-09-18T23:59:59+09:00,0,VENUS|PLUTO,VENUS:SCORPIO|PLUTO:AQUARIUS,VENUS-PLUTO:90,3,2,not_applicable,VENUS,11,8,anchor_house,VENUS|PLUTO,swiss_ephemeris,VENUS:PLUTO:90:2026-09-16,exact_day,SEP_VALUES_POWER,,50,90,共同資金と秘密を少人数で囲わない,"{event_date}頃は、団体の資金、寄付者情報、共有アカウントを扱う人同士の結びつきが深まり、親しい少人数だけで決める方が早いと感じやすくなります。承認人数、閲覧履歴、任期、返却や削除の手順を明文化してください。疑問を述べても関係が損なわれない仕組みを置くと、共有資源を秘密の影響力から守れます。",square;venus;pluto;values;relationships,1
2026_09_VENUS_PLUTO_SQUARE_S11_N09,2026_09_VENUS_PLUTO_SQUARE,2026-09,aspect_cluster,2026-09-14T00:00:00+09:00,2026-09-16T03:34:00+09:00,2026-09-18T23:59:59+09:00,0,VENUS|PLUTO,VENUS:SCORPIO|PLUTO:AQUARIUS,VENUS-PLUTO:90,3,2,not_applicable,VENUS,11,9,anchor_house,VENUS|PLUTO,swiss_ephemeris,VENUS:PLUTO:90:2026-09-16,exact_day,SEP_VALUES_POWER,,50,90,同じ理念だけで学びの輪を閉じない,"{event_date}頃は、思想や専門分野を共有する仲間との結束が強まり、異なる立場を理解不足として退けたくなるかもしれません。推薦図書や先生を一つに絞らず、反証、別文化の視点、現場からの疑問を扱う時間を設けてください。所属を変えても学びを続けられる道があれば、理念を服従や排除ではなく探究の土台にできます。",square;venus;pluto;values;relationships,1
2026_09_VENUS_PLUTO_SQUARE_S11_N10,2026_09_VENUS_PLUTO_SQUARE,2026-09,aspect_cluster,2026-09-14T00:00:00+09:00,2026-09-16T03:34:00+09:00,2026-09-18T23:59:59+09:00,0,VENUS|PLUTO,VENUS:SCORPIO|PLUTO:AQUARIUS,VENUS-PLUTO:90,3,2,not_applicable,VENUS,11,10,anchor_house,VENUS|PLUTO,swiss_ephemeris,VENUS:PLUTO:90:2026-09-16,exact_day,SEP_VALUES_POWER,,50,90,人脈の強さと仕事の進路を分ける,"{event_date}頃は、有力な仲間や団体とのつながりが公の評価へ影響し、紹介を受ける代わりに進路や発言を合わせたくなることがあります。推薦の条件、利益関係、成果の名義、断った後の扱いを確認してください。人脈を失う不安と仕事そのものの妥当性を分けるほど、協力を従属ではなく選べる支えにできます。",square;venus;pluto;values;relationships,1
2026_09_VENUS_PLUTO_SQUARE_S11_N11,2026_09_VENUS_PLUTO_SQUARE,2026-09,aspect_cluster,2026-09-14T00:00:00+09:00,2026-09-16T03:34:00+09:00,2026-09-18T23:59:59+09:00,0,VENUS|PLUTO,VENUS:SCORPIO|PLUTO:AQUARIUS,VENUS-PLUTO:90,3,2,not_applicable,VENUS,11,11,anchor_house,VENUS|PLUTO,swiss_ephemeris,VENUS:PLUTO:90:2026-09-16,exact_day,SEP_VALUES_POWER,,50,90,親しさの序列から未来の計画を離す,"{event_date}頃は、仲間内の人気や古参との近さが、提案の採否や将来計画の優先順位へ影響しやすくなります。発言の順番、投票権、任期、議事録を整え、反対意見を関係の裏切りと扱わないようにしましょう。参加を休む人や新しく入る人にも選択肢を開けば、共同体の未来を特定の関係だけで所有せずに済みます。",square;venus;pluto;values;relationships,1
2026_09_VENUS_PLUTO_SQUARE_S11_N12,2026_09_VENUS_PLUTO_SQUARE,2026-09,aspect_cluster,2026-09-14T00:00:00+09:00,2026-09-16T03:34:00+09:00,2026-09-18T23:59:59+09:00,0,VENUS|PLUTO,VENUS:SCORPIO|PLUTO:AQUARIUS,VENUS-PLUTO:90,3,2,not_applicable,VENUS,11,12,anchor_house,VENUS|PLUTO,swiss_ephemeris,VENUS:PLUTO:90:2026-09-16,exact_day,SEP_VALUES_POWER,,50,90,見えない仲間外れへの不安を休ませる,"{event_date}頃は、返信のない時間や内輪の動きを想像し、自分だけ外されているのではと確かめ続けたくなるかもしれません。事実と推測を書き分け、通知を閉じる時刻、相談する相手、参加を休む期間を決めてください。全てを把握しなくても戻れる窓口を確認すると、所属への不安に睡眠や静かな時間を支配されずに済みます。",square;venus;pluto;values;relationships,1
2026_09_VENUS_PLUTO_SQUARE_S12_N01,2026_09_VENUS_PLUTO_SQUARE,2026-09,aspect_cluster,2026-09-14T00:00:00+09:00,2026-09-16T03:34:00+09:00,2026-09-18T23:59:59+09:00,0,VENUS|PLUTO,VENUS:SCORPIO|PLUTO:AQUARIUS,VENUS-PLUTO:90,3,2,not_applicable,VENUS,12,1,anchor_house,VENUS|PLUTO,swiss_ephemeris,VENUS:PLUTO:90:2026-09-16,exact_day,SEP_VALUES_POWER,,50,90,隠した魅力より休める自分を取り戻す,"{event_date}頃は、誰にも見せない好みや関係が自分の存在感へ強く響き、秘密を抱える姿に特別さを感じるかもしれません。相手の視線を想像して外見や振る舞いを変える前に、眠り、食事、身体の緊張を確かめてください。一人でいても落ち着く装いと時間を選ぶと、隠れた評価に自分の輪郭を預けずに済みます。",square;venus;pluto;values;relationships,1
2026_09_VENUS_PLUTO_SQUARE_S12_N02,2026_09_VENUS_PLUTO_SQUARE,2026-09,aspect_cluster,2026-09-14T00:00:00+09:00,2026-09-16T03:34:00+09:00,2026-09-18T23:59:59+09:00,0,VENUS|PLUTO,VENUS:SCORPIO|PLUTO:AQUARIUS,VENUS-PLUTO:90,3,2,not_applicable,VENUS,12,2,anchor_house,VENUS|PLUTO,swiss_ephemeris,VENUS:PLUTO:90:2026-09-16,exact_day,SEP_VALUES_POWER,,50,90,秘密の出費で安心を買おうとしない,"{event_date}頃は、気持ちを静める買い物や誰にも言えない援助が増え、支払うことで関係や安心を保ちたくなるかもしれません。履歴を隠す前に、必要な物、衝動で求めた物、返済や継続費用がある物を分けてください。相談できる予算と保留期間を置けば、自分の価値を秘密の支出や贈与で証明せずに済みます。",square;venus;pluto;values;relationships,1
2026_09_VENUS_PLUTO_SQUARE_S12_N03,2026_09_VENUS_PLUTO_SQUARE,2026-09,aspect_cluster,2026-09-14T00:00:00+09:00,2026-09-16T03:34:00+09:00,2026-09-18T23:59:59+09:00,0,VENUS|PLUTO,VENUS:SCORPIO|PLUTO:AQUARIUS,VENUS-PLUTO:90,3,2,not_applicable,VENUS,12,3,anchor_house,VENUS|PLUTO,swiss_ephemeris,VENUS:PLUTO:90:2026-09-16,exact_day,SEP_VALUES_POWER,,50,90,行間を読み続けず言葉を休ませる,"{event_date}頃は、短い返信や沈黙の裏に強い好意や拒絶を読み取り、見えない意味を確かめ続けたくなるかもしれません。事実として届いた言葉、自分の解釈、今尋ねたいことをメモへ分けてください。送信前に一晩置き、記録を読み返す時刻を決めると、会話を秘密の駆け引きではなく落ち着いた確認へ戻せます。",square;venus;pluto;values;relationships,1
2026_09_VENUS_PLUTO_SQUARE_S12_N04,2026_09_VENUS_PLUTO_SQUARE,2026-09,aspect_cluster,2026-09-14T00:00:00+09:00,2026-09-16T03:34:00+09:00,2026-09-18T23:59:59+09:00,0,VENUS|PLUTO,VENUS:SCORPIO|PLUTO:AQUARIUS,VENUS-PLUTO:90,3,2,not_applicable,VENUS,12,4,anchor_house,VENUS|PLUTO,swiss_ephemeris,VENUS:PLUTO:90:2026-09-16,exact_day,SEP_VALUES_POWER,,50,90,家族の秘密と自分の安心を分け直す,"{event_date}頃は、家庭で語られてこなかった関係やお金の問題が心に浮かび、真相を知ることで居場所を守りたくなることがあります。全てを一度に聞き出さず、自分に関係する事実、本人だけが話せること、専門家へ確認することを分けてください。秘密を抱える役から離れる時間を持つと、家族への愛情と自宅での安心を両立できます。",square;venus;pluto;values;relationships,1
2026_09_VENUS_PLUTO_SQUARE_S12_N05,2026_09_VENUS_PLUTO_SQUARE,2026-09,aspect_cluster,2026-09-14T00:00:00+09:00,2026-09-16T03:34:00+09:00,2026-09-18T23:59:59+09:00,0,VENUS|PLUTO,VENUS:SCORPIO|PLUTO:AQUARIUS,VENUS-PLUTO:90,3,2,not_applicable,VENUS,12,5,anchor_house,VENUS|PLUTO,swiss_ephemeris,VENUS:PLUTO:90:2026-09-16,exact_day,SEP_VALUES_POWER,,50,90,秘めた恋や作品を結論へ急がせない,"{event_date}頃は、まだ公にできない恋心や創作衝動が深まり、隠している時間そのものへ執着しやすくなります。告白や公開で緊張を終わらせようとせず、相手の同意が要ること、自分だけで育てる作品、遊びとして残す断片を分けてください。評価のない場所で手を動かすと、秘密の熱を所有ではなく表現へ育てられます。",square;venus;pluto;values;relationships,1
2026_09_VENUS_PLUTO_SQUARE_S12_N06,2026_09_VENUS_PLUTO_SQUARE,2026-09,aspect_cluster,2026-09-14T00:00:00+09:00,2026-09-16T03:34:00+09:00,2026-09-18T23:59:59+09:00,0,VENUS|PLUTO,VENUS:SCORPIO|PLUTO:AQUARIUS,VENUS-PLUTO:90,3,2,not_applicable,VENUS,12,6,anchor_house,VENUS|PLUTO,swiss_ephemeris,VENUS:PLUTO:90:2026-09-16,exact_day,SEP_VALUES_POWER,,50,90,見えない世話を休息へ持ち込まない,"{event_date}頃は、誰にも頼まれていない準備やケアを続け、役に立つことで静かな関係を保ちたくなるかもしれません。表に出ない作業を一覧にし、今日しないもの、頼める人、終わりの基準を決めてください。通知と道具を寝床から離すと、好意を自己消耗へ変えず、休む時間を身体へ返せます。",square;venus;pluto;values;relationships,1
2026_09_VENUS_PLUTO_SQUARE_S12_N07,2026_09_VENUS_PLUTO_SQUARE,2026-09,aspect_cluster,2026-09-14T00:00:00+09:00,2026-09-16T03:34:00+09:00,2026-09-18T23:59:59+09:00,0,VENUS|PLUTO,VENUS:SCORPIO|PLUTO:AQUARIUS,VENUS-PLUTO:90,3,2,not_applicable,VENUS,12,7,anchor_house,VENUS|PLUTO,swiss_ephemeris,VENUS:PLUTO:90:2026-09-16,exact_day,SEP_VALUES_POWER,,50,90,曖昧な関係にも言葉と出口を用意する,"{event_date}頃は、表に出せない関係や明文化していない協力へ深く引かれ、秘密を共有することが特別な絆に感じられそうです。会える条件、守る情報、断る方法、関係を終える際の連絡を当事者同士で確かめてください。沈黙を同意とみなさず変更できる余地を残すと、親密さを拘束や孤立へ傾けずに済みます。",square;venus;pluto;values;relationships,1
2026_09_VENUS_PLUTO_SQUARE_S12_N08,2026_09_VENUS_PLUTO_SQUARE,2026-09,aspect_cluster,2026-09-14T00:00:00+09:00,2026-09-16T03:34:00+09:00,2026-09-18T23:59:59+09:00,0,VENUS|PLUTO,VENUS:SCORPIO|PLUTO:AQUARIUS,VENUS-PLUTO:90,3,2,not_applicable,VENUS,12,8,anchor_house,VENUS|PLUTO,swiss_ephemeris,VENUS:PLUTO:90:2026-09-16,exact_day,SEP_VALUES_POWER,,50,90,隠れた負債を一人の罪悪感にしない,"{event_date}頃は、借入、相続、援助、秘密の共有にまつわる不安が内側で膨らみ、自分だけで埋め合わせたくなるかもしれません。金額、名義、期限、感情上の負い目を別々に書き、必要なら専門の相談先へつないでください。眠れない時に署名や送金を決めないことで、過去への罪悪感から共同資源を守れます。",square;venus;pluto;values;relationships,1
2026_09_VENUS_PLUTO_SQUARE_S12_N09,2026_09_VENUS_PLUTO_SQUARE,2026-09,aspect_cluster,2026-09-14T00:00:00+09:00,2026-09-16T03:34:00+09:00,2026-09-18T23:59:59+09:00,0,VENUS|PLUTO,VENUS:SCORPIO|PLUTO:AQUARIUS,VENUS-PLUTO:90,3,2,not_applicable,VENUS,12,9,anchor_house,VENUS|PLUTO,swiss_ephemeris,VENUS:PLUTO:90:2026-09-16,exact_day,SEP_VALUES_POWER,,50,90,救いの教えにも現実の確認を添える,"{event_date}頃は、精神的な教えや遠い文化が、言葉にしにくい孤独を理解してくれる唯一の道に映るかもしれません。献身や秘密保持を急がず、費用、指導者の権限、質問や退会の方法を第三者とも確かめてください。夢や読後の感覚を記録しながら距離を選ぶと、敬意を依存や服従へ変えず学べます。",square;venus;pluto;values;relationships,1
2026_09_VENUS_PLUTO_SQUARE_S12_N10,2026_09_VENUS_PLUTO_SQUARE,2026-09,aspect_cluster,2026-09-14T00:00:00+09:00,2026-09-16T03:34:00+09:00,2026-09-18T23:59:59+09:00,0,VENUS|PLUTO,VENUS:SCORPIO|PLUTO:AQUARIUS,VENUS-PLUTO:90,3,2,not_applicable,VENUS,12,10,anchor_house,VENUS|PLUTO,swiss_ephemeris,VENUS:PLUTO:90:2026-09-16,exact_day,SEP_VALUES_POWER,,50,90,水面下の根回しを公の責任から外す,"{event_date}頃は、表に出ない人間関係や評判を気にして、頼まれていない調整や秘密の交渉で仕事の立場を守りたくなるかもしれません。確認できた権限、推測している期待、記録へ残す合意を分けてください。正式な相談経路と休む時間を確保すると、見えない影響力に職業上の判断を預けずに済みます。",square;venus;pluto;values;relationships,1
2026_09_VENUS_PLUTO_SQUARE_S12_N11,2026_09_VENUS_PLUTO_SQUARE,2026-09,aspect_cluster,2026-09-14T00:00:00+09:00,2026-09-16T03:34:00+09:00,2026-09-18T23:59:59+09:00,0,VENUS|PLUTO,VENUS:SCORPIO|PLUTO:AQUARIUS,VENUS-PLUTO:90,3,2,not_applicable,VENUS,12,11,anchor_house,VENUS|PLUTO,swiss_ephemeris,VENUS:PLUTO:90:2026-09-16,exact_day,SEP_VALUES_POWER,,50,90,内輪の力関係から静かに距離を取る,"{event_date}頃は、仲間内の親密さや秘密の連絡網が強く感じられ、誰が本当に近いのかを探り続けたくなるかもしれません。全ての動きを把握せず、共有すべき決定、個人に任せる交流、参加を休む期間を分けてください。戻る窓口と議事録が確かなら、未来へのつながりを監視や派閥に頼らず保てます。",square;venus;pluto;values;relationships,1
2026_09_VENUS_PLUTO_SQUARE_S12_N12,2026_09_VENUS_PLUTO_SQUARE,2026-09,aspect_cluster,2026-09-14T00:00:00+09:00,2026-09-16T03:34:00+09:00,2026-09-18T23:59:59+09:00,0,VENUS|PLUTO,VENUS:SCORPIO|PLUTO:AQUARIUS,VENUS-PLUTO:90,3,2,not_applicable,VENUS,12,12,anchor_house,VENUS|PLUTO,swiss_ephemeris,VENUS:PLUTO:90:2026-09-16,exact_day,SEP_VALUES_POWER,,50,90,答えのない感情に静かな居場所を作る,"{event_date}頃は、昔の執着や理由の分からない寂しさが浮かび、誰かとの強い結びつきで一気に埋めたくなるかもしれません。夢、身体感覚、思い出、現在の事実を分けて記録し、今夜は決めないことを選んでください。安全な相談先と誰にも見せない休息を持つと、感情を否定せず、それでも判断の主導権を渡さずにいられます。",square;venus;pluto;values;relationships,1
2026_09_FULL_MOON_OUTER_NETWORK_S01_N01,2026_09_FULL_MOON_OUTER_NETWORK,2026-09,aspect_cluster,2026-09-26T00:00:00+09:00,2026-09-27T01:49:00+09:00,2026-09-29T23:59:59+09:00,0,SUN|MOON|URANUS|NEPTUNE|PLUTO,SUN:LIBRA|MOON:ARIES|URANUS:GEMINI|NEPTUNE:ARIES|PLUTO:AQUARIUS,SUN-NEPTUNE:180|SUN-PLUTO:120|MOON-NEPTUNE:0|MOON-PLUTO:60|SUN-MOON:180|MOON-URANUS:60|SUN-URANUS:120,3,5,lunation_plus_planet,SUN,1,1,anchor_house,SUN|MOON|URANUS|NEPTUNE|PLUTO,swiss_ephemeris,FULL_MOON:2026-09-27|SUN:URANUS:120:2026-09-29,exact_day,SEP_FULL_MOON_OUTER_NETWORK,,80,100,今の自分に合わない役割へ区切りを置く,"{event_date}頃は、自分らしく進みたい気持ちと周囲に合わせてきた姿の差が、身体感覚を通してはっきりしそうです。高ぶりだけで別人になろうとせず、すでに終えてよい役割、まだ試したい選択、今は受け止める事情を分けてください。呼吸や睡眠が整う方を選ぶと、自分の意志へ無理のない区切りを置けます。",full_moon;sun;moon;uranus;neptune;pluto;outer_network,1
2026_09_FULL_MOON_OUTER_NETWORK_S01_N02,2026_09_FULL_MOON_OUTER_NETWORK,2026-09,aspect_cluster,2026-09-26T00:00:00+09:00,2026-09-27T01:49:00+09:00,2026-09-29T23:59:59+09:00,0,SUN|MOON|URANUS|NEPTUNE|PLUTO,SUN:LIBRA|MOON:ARIES|URANUS:GEMINI|NEPTUNE:ARIES|PLUTO:AQUARIUS,SUN-NEPTUNE:180|SUN-PLUTO:120|MOON-NEPTUNE:0|MOON-PLUTO:60|SUN-MOON:180|MOON-URANUS:60|SUN-URANUS:120,3,5,lunation_plus_planet,SUN,1,2,anchor_house,SUN|MOON|URANUS|NEPTUNE|PLUTO,swiss_ephemeris,FULL_MOON:2026-09-27|SUN:URANUS:120:2026-09-29,exact_day,SEP_FULL_MOON_OUTER_NETWORK,,80,100,買う理由と守りたい基準を見分ける,"{event_date}頃は、自分を変えるための買い物や収入への評価に感情が集まり、持ち物を一気に入れ替えたくなるかもしれません。残高、使用頻度、今の暮らしに必要な物を確認し、気分を動かす出費と長く守りたい資産を分けてください。数字で確かめられる範囲から選ぶと、自分の価値を所有物の増減へ預けずに済みます。",full_moon;sun;moon;uranus;neptune;pluto;outer_network,1
2026_09_FULL_MOON_OUTER_NETWORK_S01_N03,2026_09_FULL_MOON_OUTER_NETWORK,2026-09,aspect_cluster,2026-09-26T00:00:00+09:00,2026-09-27T01:49:00+09:00,2026-09-29T23:59:59+09:00,0,SUN|MOON|URANUS|NEPTUNE|PLUTO,SUN:LIBRA|MOON:ARIES|URANUS:GEMINI|NEPTUNE:ARIES|PLUTO:AQUARIUS,SUN-NEPTUNE:180|SUN-PLUTO:120|MOON-NEPTUNE:0|MOON-PLUTO:60|SUN-MOON:180|MOON-URANUS:60|SUN-URANUS:120,3,5,lunation_plus_planet,SUN,1,3,anchor_house,SUN|MOON|URANUS|NEPTUNE|PLUTO,swiss_ephemeris,FULL_MOON:2026-09-27|SUN:URANUS:120:2026-09-29,exact_day,SEP_FULL_MOON_OUTER_NETWORK,,80,100,揺れる言葉から確かな事実を拾い直す,"{event_date}頃は、会話や知らせへの反応が強まり、今すぐ自分の立場を表明したくなることがあります。聞いた事実、自分の推測、相手へ確認したい点を分け、重要な返事は一度読み返してください。変えられる伝え方だけを整え、まだ分からない部分を保留すると、感情を否定せず自分の言葉に責任を持てます。",full_moon;sun;moon;uranus;neptune;pluto;outer_network,1
2026_09_FULL_MOON_OUTER_NETWORK_S01_N04,2026_09_FULL_MOON_OUTER_NETWORK,2026-09,aspect_cluster,2026-09-26T00:00:00+09:00,2026-09-27T01:49:00+09:00,2026-09-29T23:59:59+09:00,0,SUN|MOON|URANUS|NEPTUNE|PLUTO,SUN:LIBRA|MOON:ARIES|URANUS:GEMINI|NEPTUNE:ARIES|PLUTO:AQUARIUS,SUN-NEPTUNE:180|SUN-PLUTO:120|MOON-NEPTUNE:0|MOON-PLUTO:60|SUN-MOON:180|MOON-URANUS:60|SUN-URANUS:120,3,5,lunation_plus_planet,SUN,1,4,anchor_house,SUN|MOON|URANUS|NEPTUNE|PLUTO,swiss_ephemeris,FULL_MOON:2026-09-27|SUN:URANUS:120:2026-09-29,exact_day,SEP_FULL_MOON_OUTER_NETWORK,,80,100,家族の感情と暮らしの課題を切り分ける,"{event_date}頃は、自分の居場所や家族との距離について、長く飲み込んできた感情が表に出やすくなります。誰が悪いかを決める前に、変えられる家事や部屋の使い方と、すぐには変わらない家族の事情を分けてください。安心できる場所を一つ確保すると、自分の意志を衝突ではなく暮らしの区切りへ移せます。",full_moon;sun;moon;uranus;neptune;pluto;outer_network,1
2026_09_FULL_MOON_OUTER_NETWORK_S01_N05,2026_09_FULL_MOON_OUTER_NETWORK,2026-09,aspect_cluster,2026-09-26T00:00:00+09:00,2026-09-27T01:49:00+09:00,2026-09-29T23:59:59+09:00,0,SUN|MOON|URANUS|NEPTUNE|PLUTO,SUN:LIBRA|MOON:ARIES|URANUS:GEMINI|NEPTUNE:ARIES|PLUTO:AQUARIUS,SUN-NEPTUNE:180|SUN-PLUTO:120|MOON-NEPTUNE:0|MOON-PLUTO:60|SUN-MOON:180|MOON-URANUS:60|SUN-URANUS:120,3,5,lunation_plus_planet,SUN,1,5,anchor_house,SUN|MOON|URANUS|NEPTUNE|PLUTO,swiss_ephemeris,FULL_MOON:2026-09-27|SUN:URANUS:120:2026-09-29,exact_day,SEP_FULL_MOON_OUTER_NETWORK,,80,100,高まる感動を自分の表現へ結び直す,"{event_date}頃は、恋愛や創作、子どもとの時間で感情が大きく動き、喜びも不満も作品や態度に表れやすくなります。相手の反応を結論にせず、自分が続けたい表現、一区切りつける企画、評価せず楽しむ時間を選んでください。熱が落ち着いても残る面白さを確かめると、自分から始める力が戻ります。",full_moon;sun;moon;uranus;neptune;pluto;outer_network,1
2026_09_FULL_MOON_OUTER_NETWORK_S01_N06,2026_09_FULL_MOON_OUTER_NETWORK,2026-09,aspect_cluster,2026-09-26T00:00:00+09:00,2026-09-27T01:49:00+09:00,2026-09-29T23:59:59+09:00,0,SUN|MOON|URANUS|NEPTUNE|PLUTO,SUN:LIBRA|MOON:ARIES|URANUS:GEMINI|NEPTUNE:ARIES|PLUTO:AQUARIUS,SUN-NEPTUNE:180|SUN-PLUTO:120|MOON-NEPTUNE:0|MOON-PLUTO:60|SUN-MOON:180|MOON-URANUS:60|SUN-URANUS:120,3,5,lunation_plus_planet,SUN,1,6,anchor_house,SUN|MOON|URANUS|NEPTUNE|PLUTO,swiss_ephemeris,FULL_MOON:2026-09-27|SUN:URANUS:120:2026-09-29,exact_day,SEP_FULL_MOON_OUTER_NETWORK,,80,100,身体の反応から日課の限界を読み取る,"{event_date}頃は、仕事や生活習慣の無理が身体へ現れやすく、自分のやり方を根本から変えたくなるかもしれません。一日の記録を見て、減らせる作業、助けを頼める部分、今は休んで受け止める疲れを分けてください。完璧な改善より一つの終了時刻を守ると、自分の意志を回復可能な日課へ結びつけられます。",full_moon;sun;moon;uranus;neptune;pluto;outer_network,1
2026_09_FULL_MOON_OUTER_NETWORK_S01_N07,2026_09_FULL_MOON_OUTER_NETWORK,2026-09,aspect_cluster,2026-09-26T00:00:00+09:00,2026-09-27T01:49:00+09:00,2026-09-29T23:59:59+09:00,0,SUN|MOON|URANUS|NEPTUNE|PLUTO,SUN:LIBRA|MOON:ARIES|URANUS:GEMINI|NEPTUNE:ARIES|PLUTO:AQUARIUS,SUN-NEPTUNE:180|SUN-PLUTO:120|MOON-NEPTUNE:0|MOON-PLUTO:60|SUN-MOON:180|MOON-URANUS:60|SUN-URANUS:120,3,5,lunation_plus_planet,SUN,1,7,anchor_house,SUN|MOON|URANUS|NEPTUNE|PLUTO,swiss_ephemeris,FULL_MOON:2026-09-27|SUN:URANUS:120:2026-09-29,exact_day,SEP_FULL_MOON_OUTER_NETWORK,,80,100,相手の感情と自分の選択を分けて聞く,"{event_date}頃は、一対一の関係で相手の気持ちが強く伝わり、自分の態度もはっきり示す必要を感じそうです。相手が述べた希望、自分が推測した期待、二人で変更できる約束を分けて話してください。すぐ一致を求めず保留の期限を決めると、共感を自己否定へ変えず、対等な関係として一区切りを選べます。",full_moon;sun;moon;uranus;neptune;pluto;outer_network,1
2026_09_FULL_MOON_OUTER_NETWORK_S01_N08,2026_09_FULL_MOON_OUTER_NETWORK,2026-09,aspect_cluster,2026-09-26T00:00:00+09:00,2026-09-27T01:49:00+09:00,2026-09-29T23:59:59+09:00,0,SUN|MOON|URANUS|NEPTUNE|PLUTO,SUN:LIBRA|MOON:ARIES|URANUS:GEMINI|NEPTUNE:ARIES|PLUTO:AQUARIUS,SUN-NEPTUNE:180|SUN-PLUTO:120|MOON-NEPTUNE:0|MOON-PLUTO:60|SUN-MOON:180|MOON-URANUS:60|SUN-URANUS:120,3,5,lunation_plus_planet,SUN,1,8,anchor_house,SUN|MOON|URANUS|NEPTUNE|PLUTO,swiss_ephemeris,FULL_MOON:2026-09-27|SUN:URANUS:120:2026-09-29,exact_day,SEP_FULL_MOON_OUTER_NETWORK,,80,100,共有する範囲を自分の意志で決め直す,"{event_date}頃は、親密さや共同資金を巡る感情が表に出て、深く関わるか距離を置くかを急いで決めたくなることがあります。金額、名義、同意できる情報、まだ整理中の気持ちを分けてください。変更できる条件だけを話し合い、過去そのものは受け止めると、自分の境界を閉鎖ではなく明確な選択として示せます。",full_moon;sun;moon;uranus;neptune;pluto;outer_network,1
2026_09_FULL_MOON_OUTER_NETWORK_S01_N09,2026_09_FULL_MOON_OUTER_NETWORK,2026-09,aspect_cluster,2026-09-26T00:00:00+09:00,2026-09-27T01:49:00+09:00,2026-09-29T23:59:59+09:00,0,SUN|MOON|URANUS|NEPTUNE|PLUTO,SUN:LIBRA|MOON:ARIES|URANUS:GEMINI|NEPTUNE:ARIES|PLUTO:AQUARIUS,SUN-NEPTUNE:180|SUN-PLUTO:120|MOON-NEPTUNE:0|MOON-PLUTO:60|SUN-MOON:180|MOON-URANUS:60|SUN-URANUS:120,3,5,lunation_plus_planet,SUN,1,9,anchor_house,SUN|MOON|URANUS|NEPTUNE|PLUTO,swiss_ephemeris,FULL_MOON:2026-09-27|SUN:URANUS:120:2026-09-29,exact_day,SEP_FULL_MOON_OUTER_NETWORK,,80,100,信じたい物語と確かな事実を並べ直す,"{event_date}頃は、学びや旅、将来像への思いが高まり、これまでの信念を守るか更新するかが自分の選択として浮かびそうです。原典や日程で確認できること、体験から感じたこと、まだ答えのない問いを並べてください。違いを急いで統一せず、試せる考えだけ行動へ移すと、自分の視野に誠実な区切りを置けます。",full_moon;sun;moon;uranus;neptune;pluto;outer_network,1
2026_09_FULL_MOON_OUTER_NETWORK_S01_N10,2026_09_FULL_MOON_OUTER_NETWORK,2026-09,aspect_cluster,2026-09-26T00:00:00+09:00,2026-09-27T01:49:00+09:00,2026-09-29T23:59:59+09:00,0,SUN|MOON|URANUS|NEPTUNE|PLUTO,SUN:LIBRA|MOON:ARIES|URANUS:GEMINI|NEPTUNE:ARIES|PLUTO:AQUARIUS,SUN-NEPTUNE:180|SUN-PLUTO:120|MOON-NEPTUNE:0|MOON-PLUTO:60|SUN-MOON:180|MOON-URANUS:60|SUN-URANUS:120,3,5,lunation_plus_planet,SUN,1,10,anchor_house,SUN|MOON|URANUS|NEPTUNE|PLUTO,swiss_ephemeris,FULL_MOON:2026-09-27|SUN:URANUS:120:2026-09-29,exact_day,SEP_FULL_MOON_OUTER_NETWORK,,80,100,評価の波から自分の責任範囲を選び直す,"{event_date}頃は、仕事上の評価や役割の変化が自分の存在感へ直結し、続けるか退くかを一気に決めたくなるかもしれません。正式な責任、周囲の期待、自分が今後も担いたい仕事を分けてください。訂正できる計画だけを更新し、変えられない反応は追わないことで、公の立場へ自分の意志で区切りを置けます。",full_moon;sun;moon;uranus;neptune;pluto;outer_network,1
2026_09_FULL_MOON_OUTER_NETWORK_S01_N11,2026_09_FULL_MOON_OUTER_NETWORK,2026-09,aspect_cluster,2026-09-26T00:00:00+09:00,2026-09-27T01:49:00+09:00,2026-09-29T23:59:59+09:00,0,SUN|MOON|URANUS|NEPTUNE|PLUTO,SUN:LIBRA|MOON:ARIES|URANUS:GEMINI|NEPTUNE:ARIES|PLUTO:AQUARIUS,SUN-NEPTUNE:180|SUN-PLUTO:120|MOON-NEPTUNE:0|MOON-PLUTO:60|SUN-MOON:180|MOON-URANUS:60|SUN-URANUS:120,3,5,lunation_plus_planet,SUN,1,11,anchor_house,SUN|MOON|URANUS|NEPTUNE|PLUTO,swiss_ephemeris,FULL_MOON:2026-09-27|SUN:URANUS:120:2026-09-29,exact_day,SEP_FULL_MOON_OUTER_NETWORK,,80,100,仲間の期待と未来の希望を分けて考える,"{event_date}頃は、共同体での役割や未来計画が自分らしさへ強く響き、所属を続ける意味が見えやすくなります。皆が望む方向、自分が参加したい企画、今は変えられない集団の事情を整理してください。一つの役割を終えても関係を残せる道を確かめると、自分の希望を孤立や同調の二択にせず選べます。",full_moon;sun;moon;uranus;neptune;pluto;outer_network,1
2026_09_FULL_MOON_OUTER_NETWORK_S01_N12,2026_09_FULL_MOON_OUTER_NETWORK,2026-09,aspect_cluster,2026-09-26T00:00:00+09:00,2026-09-27T01:49:00+09:00,2026-09-29T23:59:59+09:00,0,SUN|MOON|URANUS|NEPTUNE|PLUTO,SUN:LIBRA|MOON:ARIES|URANUS:GEMINI|NEPTUNE:ARIES|PLUTO:AQUARIUS,SUN-NEPTUNE:180|SUN-PLUTO:120|MOON-NEPTUNE:0|MOON-PLUTO:60|SUN-MOON:180|MOON-URANUS:60|SUN-URANUS:120,3,5,lunation_plus_planet,SUN,1,12,anchor_house,SUN|MOON|URANUS|NEPTUNE|PLUTO,swiss_ephemeris,FULL_MOON:2026-09-27|SUN:URANUS:120:2026-09-29,exact_day,SEP_FULL_MOON_OUTER_NETWORK,,80,100,言葉にならない感情へ休める余白を作る,"{event_date}頃は、理由の分からない疲れや昔の感情が浮かび、自分を変えなければならないという焦りにつながるかもしれません。夢、身体の反応、現在の事実を分けて記録し、今夜は決めない選択をしてください。眠りや静かな時間で変わる感覚と、受け止める必要がある記憶を見分けると、自分への理解が一区切り深まります。",full_moon;sun;moon;uranus;neptune;pluto;outer_network,1
2026_09_FULL_MOON_OUTER_NETWORK_S02_N01,2026_09_FULL_MOON_OUTER_NETWORK,2026-09,aspect_cluster,2026-09-26T00:00:00+09:00,2026-09-27T01:49:00+09:00,2026-09-29T23:59:59+09:00,0,SUN|MOON|URANUS|NEPTUNE|PLUTO,SUN:LIBRA|MOON:ARIES|URANUS:GEMINI|NEPTUNE:ARIES|PLUTO:AQUARIUS,SUN-NEPTUNE:180|SUN-PLUTO:120|MOON-NEPTUNE:0|MOON-PLUTO:60|SUN-MOON:180|MOON-URANUS:60|SUN-URANUS:120,3,5,lunation_plus_planet,SUN,2,1,anchor_house,SUN|MOON|URANUS|NEPTUNE|PLUTO,swiss_ephemeris,FULL_MOON:2026-09-27|SUN:URANUS:120:2026-09-29,exact_day,SEP_FULL_MOON_OUTER_NETWORK,,80,100,使える力を自分の資産として数え直す,{event_date}頃は、自分に備わる力や持ち物への評価が感情とともに揺れ、足りなさを埋める選択へ傾きやすくなります。実際に使えた技能、身体が楽になる道具、他者の反応だけで欲しくなった物を分けてください。すでに役立っている力を数えると、証明のための消費を一区切りにして、自分の価値を手元へ戻せます。,full_moon;sun;moon;uranus;neptune;pluto;outer_network,1
2026_09_FULL_MOON_OUTER_NETWORK_S02_N02,2026_09_FULL_MOON_OUTER_NETWORK,2026-09,aspect_cluster,2026-09-26T00:00:00+09:00,2026-09-27T01:49:00+09:00,2026-09-29T23:59:59+09:00,0,SUN|MOON|URANUS|NEPTUNE|PLUTO,SUN:LIBRA|MOON:ARIES|URANUS:GEMINI|NEPTUNE:ARIES|PLUTO:AQUARIUS,SUN-NEPTUNE:180|SUN-PLUTO:120|MOON-NEPTUNE:0|MOON-PLUTO:60|SUN-MOON:180|MOON-URANUS:60|SUN-URANUS:120,3,5,lunation_plus_planet,SUN,2,2,anchor_house,SUN|MOON|URANUS|NEPTUNE|PLUTO,swiss_ephemeris,FULL_MOON:2026-09-27|SUN:URANUS:120:2026-09-29,exact_day,SEP_FULL_MOON_OUTER_NETWORK,,80,100,不足感と実際の残高へ別々の答えを出す,{event_date}頃は、収支や蓄えに対する安心と不安が大きく動き、数字を確かめる前に増減を決めたくなるかもしれません。確定した残高、近く必要な額、気持ちが求める余裕を別々に記してください。変えられる支出には一つ手を入れ、すぐ変えられない条件はそのまま把握すると、不足感に追われない資源の区切りがつきます。,full_moon;sun;moon;uranus;neptune;pluto;outer_network,1
2026_09_FULL_MOON_OUTER_NETWORK_S02_N03,2026_09_FULL_MOON_OUTER_NETWORK,2026-09,aspect_cluster,2026-09-26T00:00:00+09:00,2026-09-27T01:49:00+09:00,2026-09-29T23:59:59+09:00,0,SUN|MOON|URANUS|NEPTUNE|PLUTO,SUN:LIBRA|MOON:ARIES|URANUS:GEMINI|NEPTUNE:ARIES|PLUTO:AQUARIUS,SUN-NEPTUNE:180|SUN-PLUTO:120|MOON-NEPTUNE:0|MOON-PLUTO:60|SUN-MOON:180|MOON-URANUS:60|SUN-URANUS:120,3,5,lunation_plus_planet,SUN,2,3,anchor_house,SUN|MOON|URANUS|NEPTUNE|PLUTO,swiss_ephemeris,FULL_MOON:2026-09-27|SUN:URANUS:120:2026-09-29,exact_day,SEP_FULL_MOON_OUTER_NETWORK,,80,100,集めた知識から今使える技能を選び取る,{event_date}頃は、学んだ知識や購入した道具が本当に自分の力になったかを確かめたくなります。理解したこと、実際に試せること、情報として持っているだけのものを三つに分けてください。全部を役立てようとせず、今伝えられる一つを形にすると、集め続ける段階へ区切りを置き、知識を現実の資産として扱えます。,full_moon;sun;moon;uranus;neptune;pluto;outer_network,1
2026_09_FULL_MOON_OUTER_NETWORK_S02_N04,2026_09_FULL_MOON_OUTER_NETWORK,2026-09,aspect_cluster,2026-09-26T00:00:00+09:00,2026-09-27T01:49:00+09:00,2026-09-29T23:59:59+09:00,0,SUN|MOON|URANUS|NEPTUNE|PLUTO,SUN:LIBRA|MOON:ARIES|URANUS:GEMINI|NEPTUNE:ARIES|PLUTO:AQUARIUS,SUN-NEPTUNE:180|SUN-PLUTO:120|MOON-NEPTUNE:0|MOON-PLUTO:60|SUN-MOON:180|MOON-URANUS:60|SUN-URANUS:120,3,5,lunation_plus_planet,SUN,2,4,anchor_house,SUN|MOON|URANUS|NEPTUNE|PLUTO,swiss_ephemeris,FULL_MOON:2026-09-27|SUN:URANUS:120:2026-09-29,exact_day,SEP_FULL_MOON_OUTER_NETWORK,,80,100,家に残す物と受け継ぐ思いを分けて決める,{event_date}頃は、住まいにある物や家族から受け継いだ価値へ感情が集まり、残すか手放すかが重い判断に感じられそうです。現在使う物、記憶を託したい物、義務感だけで保管している物を分けてください。思い出は記録に残し、暮らしを圧迫する保管だけを終えると、愛情を否定せず家の資源へ一区切りを置けます。,full_moon;sun;moon;uranus;neptune;pluto;outer_network,1
2026_09_FULL_MOON_OUTER_NETWORK_S02_N05,2026_09_FULL_MOON_OUTER_NETWORK,2026-09,aspect_cluster,2026-09-26T00:00:00+09:00,2026-09-27T01:49:00+09:00,2026-09-29T23:59:59+09:00,0,SUN|MOON|URANUS|NEPTUNE|PLUTO,SUN:LIBRA|MOON:ARIES|URANUS:GEMINI|NEPTUNE:ARIES|PLUTO:AQUARIUS,SUN-NEPTUNE:180|SUN-PLUTO:120|MOON-NEPTUNE:0|MOON-PLUTO:60|SUN-MOON:180|MOON-URANUS:60|SUN-URANUS:120,3,5,lunation_plus_planet,SUN,2,5,anchor_house,SUN|MOON|URANUS|NEPTUNE|PLUTO,swiss_ephemeris,FULL_MOON:2026-09-27|SUN:URANUS:120:2026-09-29,exact_day,SEP_FULL_MOON_OUTER_NETWORK,,80,100,作品の反応と自分が得た手応えを分ける,{event_date}頃は、創作や遊びへ注いだ時間の価値が気になり、反応の大きさで続ける意味まで測りたくなるかもしれません。完成した物、身についた技術、まだ楽しみとして育てたい部分を別々に見てください。一つの作品を完成として認めると、拍手の有無に左右されず、喜びから得たものを自分の資産へ残せます。,full_moon;sun;moon;uranus;neptune;pluto;outer_network,1
2026_09_FULL_MOON_OUTER_NETWORK_S02_N06,2026_09_FULL_MOON_OUTER_NETWORK,2026-09,aspect_cluster,2026-09-26T00:00:00+09:00,2026-09-27T01:49:00+09:00,2026-09-29T23:59:59+09:00,0,SUN|MOON|URANUS|NEPTUNE|PLUTO,SUN:LIBRA|MOON:ARIES|URANUS:GEMINI|NEPTUNE:ARIES|PLUTO:AQUARIUS,SUN-NEPTUNE:180|SUN-PLUTO:120|MOON-NEPTUNE:0|MOON-PLUTO:60|SUN-MOON:180|MOON-URANUS:60|SUN-URANUS:120,3,5,lunation_plus_planet,SUN,2,6,anchor_house,SUN|MOON|URANUS|NEPTUNE|PLUTO,swiss_ephemeris,FULL_MOON:2026-09-27|SUN:URANUS:120:2026-09-29,exact_day,SEP_FULL_MOON_OUTER_NETWORK,,80,100,見えない労力を一日の記録から認め直す,{event_date}頃は、日々の仕事や手入れに使う力が限界へ近づき、役立てていないという自己評価と実際の疲れが食い違いやすくなります。終えた作業、待機や準備の時間、回復に必要な休みを一日の記録で確かめてください。続けなくてよい雑務を一つ閉じると、働ける力を消耗品ではなく守るべき資源として扱えます。,full_moon;sun;moon;uranus;neptune;pluto;outer_network,1
2026_09_FULL_MOON_OUTER_NETWORK_S02_N07,2026_09_FULL_MOON_OUTER_NETWORK,2026-09,aspect_cluster,2026-09-26T00:00:00+09:00,2026-09-27T01:49:00+09:00,2026-09-29T23:59:59+09:00,0,SUN|MOON|URANUS|NEPTUNE|PLUTO,SUN:LIBRA|MOON:ARIES|URANUS:GEMINI|NEPTUNE:ARIES|PLUTO:AQUARIUS,SUN-NEPTUNE:180|SUN-PLUTO:120|MOON-NEPTUNE:0|MOON-PLUTO:60|SUN-MOON:180|MOON-URANUS:60|SUN-URANUS:120,3,5,lunation_plus_planet,SUN,2,7,anchor_house,SUN|MOON|URANUS|NEPTUNE|PLUTO,swiss_ephemeris,FULL_MOON:2026-09-27|SUN:URANUS:120:2026-09-29,exact_day,SEP_FULL_MOON_OUTER_NETWORK,,80,100,支え合いを貸し借りの点数から解放する,{event_date}頃は、親しい相手へ差し出した時間やお金と、受け取った支えを比べたくなり、関係の価値まで損得で測りやすくなります。確認できる負担、言葉にしていない期待、自分が今も望む協力を分けてください。過去の好意を精算しようとせず、これから出せる範囲を決めると、感謝を残したまま古い貸し借りへ区切りを置けます。,full_moon;sun;moon;uranus;neptune;pluto;outer_network,1
2026_09_FULL_MOON_OUTER_NETWORK_S02_N08,2026_09_FULL_MOON_OUTER_NETWORK,2026-09,aspect_cluster,2026-09-26T00:00:00+09:00,2026-09-27T01:49:00+09:00,2026-09-29T23:59:59+09:00,0,SUN|MOON|URANUS|NEPTUNE|PLUTO,SUN:LIBRA|MOON:ARIES|URANUS:GEMINI|NEPTUNE:ARIES|PLUTO:AQUARIUS,SUN-NEPTUNE:180|SUN-PLUTO:120|MOON-NEPTUNE:0|MOON-PLUTO:60|SUN-MOON:180|MOON-URANUS:60|SUN-URANUS:120,3,5,lunation_plus_planet,SUN,2,8,anchor_house,SUN|MOON|URANUS|NEPTUNE|PLUTO,swiss_ephemeris,FULL_MOON:2026-09-27|SUN:URANUS:120:2026-09-29,exact_day,SEP_FULL_MOON_OUTER_NETWORK,,80,100,記録にある債務と心の負い目を切り分ける,{event_date}頃は、共有資金や受け取った援助を巡る感情が強まり、正式な責任以上のものまで返さなければと感じるかもしれません。契約に残る額、互いに合意した役割、心の中だけにある負い目を分けてください。変更できる返済や分担は相談し、感情まで取引にしないことで、自分の資源を守りながら共有関係を整えられます。,full_moon;sun;moon;uranus;neptune;pluto;outer_network,1
2026_09_FULL_MOON_OUTER_NETWORK_S02_N09,2026_09_FULL_MOON_OUTER_NETWORK,2026-09,aspect_cluster,2026-09-26T00:00:00+09:00,2026-09-27T01:49:00+09:00,2026-09-29T23:59:59+09:00,0,SUN|MOON|URANUS|NEPTUNE|PLUTO,SUN:LIBRA|MOON:ARIES|URANUS:GEMINI|NEPTUNE:ARIES|PLUTO:AQUARIUS,SUN-NEPTUNE:180|SUN-PLUTO:120|MOON-NEPTUNE:0|MOON-PLUTO:60|SUN-MOON:180|MOON-URANUS:60|SUN-URANUS:120,3,5,lunation_plus_planet,SUN,2,9,anchor_house,SUN|MOON|URANUS|NEPTUNE|PLUTO,swiss_ephemeris,FULL_MOON:2026-09-27|SUN:URANUS:120:2026-09-29,exact_day,SEP_FULL_MOON_OUTER_NETWORK,,80,100,費やした分より今後使える学びを測り直す,{event_date}頃は、学びや旅へ注いだ費用と時間を惜しむ気持ちが強まり、合わない計画も続けたくなることがあります。すでに得た知識、今後使う場面、残りの負担をそれぞれ確かめてください。過去の投資額ではなく次に生かせる内容を残すと、経験を無駄と決めつけず、続けない選択にも納得できる区切りが生まれます。,full_moon;sun;moon;uranus;neptune;pluto;outer_network,1
2026_09_FULL_MOON_OUTER_NETWORK_S02_N10,2026_09_FULL_MOON_OUTER_NETWORK,2026-09,aspect_cluster,2026-09-26T00:00:00+09:00,2026-09-27T01:49:00+09:00,2026-09-29T23:59:59+09:00,0,SUN|MOON|URANUS|NEPTUNE|PLUTO,SUN:LIBRA|MOON:ARIES|URANUS:GEMINI|NEPTUNE:ARIES|PLUTO:AQUARIUS,SUN-NEPTUNE:180|SUN-PLUTO:120|MOON-NEPTUNE:0|MOON-PLUTO:60|SUN-MOON:180|MOON-URANUS:60|SUN-URANUS:120,3,5,lunation_plus_planet,SUN,2,10,anchor_house,SUN|MOON|URANUS|NEPTUNE|PLUTO,swiss_ephemeris,FULL_MOON:2026-09-27|SUN:URANUS:120:2026-09-29,exact_day,SEP_FULL_MOON_OUTER_NETWORK,,80,100,肩書を離れて積み上げた実力を棚卸しする,{event_date}頃は、仕事上の評価や報酬が自分の価値そのものに感じられ、役割の変化へ敏感になりそうです。公に示せる成果、周囲から与えられた肩書、別の場でも使える技能を分けてください。終えた役割にしがみつかず、持ち運べる実力を一つ言葉にすると、評価の波を受け止めながら次へ残す資産が明確になります。,full_moon;sun;moon;uranus;neptune;pluto;outer_network,1
2026_09_FULL_MOON_OUTER_NETWORK_S02_N11,2026_09_FULL_MOON_OUTER_NETWORK,2026-09,aspect_cluster,2026-09-26T00:00:00+09:00,2026-09-27T01:49:00+09:00,2026-09-29T23:59:59+09:00,0,SUN|MOON|URANUS|NEPTUNE|PLUTO,SUN:LIBRA|MOON:ARIES|URANUS:GEMINI|NEPTUNE:ARIES|PLUTO:AQUARIUS,SUN-NEPTUNE:180|SUN-PLUTO:120|MOON-NEPTUNE:0|MOON-PLUTO:60|SUN-MOON:180|MOON-URANUS:60|SUN-URANUS:120,3,5,lunation_plus_planet,SUN,2,11,anchor_house,SUN|MOON|URANUS|NEPTUNE|PLUTO,swiss_ephemeris,FULL_MOON:2026-09-27|SUN:URANUS:120:2026-09-29,exact_day,SEP_FULL_MOON_OUTER_NETWORK,,80,100,未来へ差し出す資源を自分で選び直す,{event_date}頃は、仲間の希望や社会的な目標へ貢献したい思いが高まり、自分の時間や技能をどこまで差し出すかが焦点になります。実際に求められた支援、自分から背負った期待、今後も参加したい目的を分けてください。古い担当を一つ終えると、所属を失わずに資源を守り、本当に望む未来へ使い直せます。,full_moon;sun;moon;uranus;neptune;pluto;outer_network,1
2026_09_FULL_MOON_OUTER_NETWORK_S02_N12,2026_09_FULL_MOON_OUTER_NETWORK,2026-09,aspect_cluster,2026-09-26T00:00:00+09:00,2026-09-27T01:49:00+09:00,2026-09-29T23:59:59+09:00,0,SUN|MOON|URANUS|NEPTUNE|PLUTO,SUN:LIBRA|MOON:ARIES|URANUS:GEMINI|NEPTUNE:ARIES|PLUTO:AQUARIUS,SUN-NEPTUNE:180|SUN-PLUTO:120|MOON-NEPTUNE:0|MOON-PLUTO:60|SUN-MOON:180|MOON-URANUS:60|SUN-URANUS:120,3,5,lunation_plus_planet,SUN,2,12,anchor_house,SUN|MOON|URANUS|NEPTUNE|PLUTO,swiss_ephemeris,FULL_MOON:2026-09-27|SUN:URANUS:120:2026-09-29,exact_day,SEP_FULL_MOON_OUTER_NETWORK,,80,100,備えとして残す物と不安の荷物を見分ける,{event_date}頃は、将来への漠然とした不安が強まり、使わない物や余分な蓄えまで手放せなくなるかもしれません。期限や用途が明確な備え、休息に必要な余白、恐れだけで維持している負担を分けてください。判断を急がず一晩置き、明細や保管場所を確かめると、安心を支える資源を残したまま不安の荷物へ区切りをつけられます。,full_moon;sun;moon;uranus;neptune;pluto;outer_network,1
2026_09_FULL_MOON_OUTER_NETWORK_S03_N01,2026_09_FULL_MOON_OUTER_NETWORK,2026-09,aspect_cluster,2026-09-26T00:00:00+09:00,2026-09-27T01:49:00+09:00,2026-09-29T23:59:59+09:00,0,SUN|MOON|URANUS|NEPTUNE|PLUTO,SUN:LIBRA|MOON:ARIES|URANUS:GEMINI|NEPTUNE:ARIES|PLUTO:AQUARIUS,SUN-NEPTUNE:180|SUN-PLUTO:120|MOON-NEPTUNE:0|MOON-PLUTO:60|SUN-MOON:180|MOON-URANUS:60|SUN-URANUS:120,3,5,lunation_plus_planet,SUN,3,1,anchor_house,SUN|MOON|URANUS|NEPTUNE|PLUTO,swiss_ephemeris,FULL_MOON:2026-09-27|SUN:URANUS:120:2026-09-29,exact_day,SEP_FULL_MOON_OUTER_NETWORK,,80,100,自分の声に混ざる反応を言葉からほどく,{event_date}頃は、言いたかったことが一気に表へ出やすく、自分の立場を強く示したくなるかもしれません。実際に起きたこと、身体に残った反応、相手へ伝えたい希望を分けてください。すべてを説明し切ろうとせず、今の自分が引き受ける一文を選ぶと、勢いに任せた発言を終え、自分の声へ落ち着いた輪郭を与えられます。,full_moon;sun;moon;uranus;neptune;pluto;outer_network,1
2026_09_FULL_MOON_OUTER_NETWORK_S03_N02,2026_09_FULL_MOON_OUTER_NETWORK,2026-09,aspect_cluster,2026-09-26T00:00:00+09:00,2026-09-27T01:49:00+09:00,2026-09-29T23:59:59+09:00,0,SUN|MOON|URANUS|NEPTUNE|PLUTO,SUN:LIBRA|MOON:ARIES|URANUS:GEMINI|NEPTUNE:ARIES|PLUTO:AQUARIUS,SUN-NEPTUNE:180|SUN-PLUTO:120|MOON-NEPTUNE:0|MOON-PLUTO:60|SUN-MOON:180|MOON-URANUS:60|SUN-URANUS:120,3,5,lunation_plus_planet,SUN,3,2,anchor_house,SUN|MOON|URANUS|NEPTUNE|PLUTO,swiss_ephemeris,FULL_MOON:2026-09-27|SUN:URANUS:120:2026-09-29,exact_day,SEP_FULL_MOON_OUTER_NETWORK,,80,100,値段への感情を確かな数字へ戻して話す,{event_date}頃は、買い物や報酬について届く話に感情が乗り、得か損かをすぐ誰かへ伝えたくなりそうです。表示された金額、含まれない費用、自分が安心や不安を感じた理由を分けてください。判断できる数字だけを共有し、残りは確認中と示すことで、価格への反応を煽らず、自分の資源について誠実に話せます。,full_moon;sun;moon;uranus;neptune;pluto;outer_network,1
2026_09_FULL_MOON_OUTER_NETWORK_S03_N03,2026_09_FULL_MOON_OUTER_NETWORK,2026-09,aspect_cluster,2026-09-26T00:00:00+09:00,2026-09-27T01:49:00+09:00,2026-09-29T23:59:59+09:00,0,SUN|MOON|URANUS|NEPTUNE|PLUTO,SUN:LIBRA|MOON:ARIES|URANUS:GEMINI|NEPTUNE:ARIES|PLUTO:AQUARIUS,SUN-NEPTUNE:180|SUN-PLUTO:120|MOON-NEPTUNE:0|MOON-PLUTO:60|SUN-MOON:180|MOON-URANUS:60|SUN-URANUS:120,3,5,lunation_plus_planet,SUN,3,3,anchor_house,SUN|MOON|URANUS|NEPTUNE|PLUTO,swiss_ephemeris,FULL_MOON:2026-09-27|SUN:URANUS:120:2026-09-29,exact_day,SEP_FULL_MOON_OUTER_NETWORK,,80,100,広がった話題から伝える結論を一つ選ぶ,{event_date}頃は、会話や知らせが重なり、どの話にも返事を出そうとして本当に伝えたい点を見失いやすくなります。確認済みの内容、他者から聞いた話、自分が加えた解釈を分けてください。未返信を一つ保留にし、今日決める結論だけを短く示すと、情報の高ぶりへ区切りがつき、対話の中心を取り戻せます。,full_moon;sun;moon;uranus;neptune;pluto;outer_network,1
2026_09_FULL_MOON_OUTER_NETWORK_S03_N04,2026_09_FULL_MOON_OUTER_NETWORK,2026-09,aspect_cluster,2026-09-26T00:00:00+09:00,2026-09-27T01:49:00+09:00,2026-09-29T23:59:59+09:00,0,SUN|MOON|URANUS|NEPTUNE|PLUTO,SUN:LIBRA|MOON:ARIES|URANUS:GEMINI|NEPTUNE:ARIES|PLUTO:AQUARIUS,SUN-NEPTUNE:180|SUN-PLUTO:120|MOON-NEPTUNE:0|MOON-PLUTO:60|SUN-MOON:180|MOON-URANUS:60|SUN-URANUS:120,3,5,lunation_plus_planet,SUN,3,4,anchor_house,SUN|MOON|URANUS|NEPTUNE|PLUTO,swiss_ephemeris,FULL_MOON:2026-09-27|SUN:URANUS:120:2026-09-29,exact_day,SEP_FULL_MOON_OUTER_NETWORK,,80,100,家族の記憶と今回の用件を分けて聞く,{event_date}頃は、家族との連絡に昔の感情が重なり、一つの言葉を過去から続く評価のように受け取りやすくなります。今回頼まれたこと、以前から残る記憶、自分が今答えられる範囲を分けてください。昔の正しさを決着させず、今日の用件だけに返事をすると、感情を置き去りにせず会話の負担を軽くできます。,full_moon;sun;moon;uranus;neptune;pluto;outer_network,1
2026_09_FULL_MOON_OUTER_NETWORK_S03_N05,2026_09_FULL_MOON_OUTER_NETWORK,2026-09,aspect_cluster,2026-09-26T00:00:00+09:00,2026-09-27T01:49:00+09:00,2026-09-29T23:59:59+09:00,0,SUN|MOON|URANUS|NEPTUNE|PLUTO,SUN:LIBRA|MOON:ARIES|URANUS:GEMINI|NEPTUNE:ARIES|PLUTO:AQUARIUS,SUN-NEPTUNE:180|SUN-PLUTO:120|MOON-NEPTUNE:0|MOON-PLUTO:60|SUN-MOON:180|MOON-URANUS:60|SUN-URANUS:120,3,5,lunation_plus_planet,SUN,3,5,anchor_house,SUN|MOON|URANUS|NEPTUNE|PLUTO,swiss_ephemeris,FULL_MOON:2026-09-27|SUN:URANUS:120:2026-09-29,exact_day,SEP_FULL_MOON_OUTER_NETWORK,,80,100,表現の熱を届けたい一文へ結び直す,{event_date}頃は、作品や恋愛の言葉に感情があふれ、相手へ全てを分かってほしい気持ちが高まりそうです。自分が感じたこと、作品で示したこと、受け手に委ねる余白を分けてください。反応を結論にせず、今もっとも届けたい一文を選んで完成とすると、表現の熱を消さずに次の創作へ進めます。,full_moon;sun;moon;uranus;neptune;pluto;outer_network,1
2026_09_FULL_MOON_OUTER_NETWORK_S03_N06,2026_09_FULL_MOON_OUTER_NETWORK,2026-09,aspect_cluster,2026-09-26T00:00:00+09:00,2026-09-27T01:49:00+09:00,2026-09-29T23:59:59+09:00,0,SUN|MOON|URANUS|NEPTUNE|PLUTO,SUN:LIBRA|MOON:ARIES|URANUS:GEMINI|NEPTUNE:ARIES|PLUTO:AQUARIUS,SUN-NEPTUNE:180|SUN-PLUTO:120|MOON-NEPTUNE:0|MOON-PLUTO:60|SUN-MOON:180|MOON-URANUS:60|SUN-URANUS:120,3,5,lunation_plus_planet,SUN,3,6,anchor_house,SUN|MOON|URANUS|NEPTUNE|PLUTO,swiss_ephemeris,FULL_MOON:2026-09-27|SUN:URANUS:120:2026-09-29,exact_day,SEP_FULL_MOON_OUTER_NETWORK,,80,100,仕事の混線を今日の連絡から解きほぐす,{event_date}頃は、仕事の依頼や進捗連絡が重なり、焦りが強い順に対応して全体を見失いやすくなります。完了した作業、返答が必要な件、相手の判断を待つ件を分けてください。今日伝える終了報告を一つ出し、変更できない待ち時間は予定から外すと、実務の混線へ区切りを置いて身体を休められます。,full_moon;sun;moon;uranus;neptune;pluto;outer_network,1
2026_09_FULL_MOON_OUTER_NETWORK_S03_N07,2026_09_FULL_MOON_OUTER_NETWORK,2026-09,aspect_cluster,2026-09-26T00:00:00+09:00,2026-09-27T01:49:00+09:00,2026-09-29T23:59:59+09:00,0,SUN|MOON|URANUS|NEPTUNE|PLUTO,SUN:LIBRA|MOON:ARIES|URANUS:GEMINI|NEPTUNE:ARIES|PLUTO:AQUARIUS,SUN-NEPTUNE:180|SUN-PLUTO:120|MOON-NEPTUNE:0|MOON-PLUTO:60|SUN-MOON:180|MOON-URANUS:60|SUN-URANUS:120,3,5,lunation_plus_planet,SUN,3,7,anchor_house,SUN|MOON|URANUS|NEPTUNE|PLUTO,swiss_ephemeris,FULL_MOON:2026-09-27|SUN:URANUS:120:2026-09-29,exact_day,SEP_FULL_MOON_OUTER_NETWORK,,80,100,二人の解釈を合意した言葉へ戻す,{event_date}頃は、一対一の会話で互いの感情が強く響き、同じ言葉を別の意味で受け取っていたことが見えやすくなります。実際に交わした約束、自分が期待した意味、相手へ確認したい点を分けてください。気持ちの一致を急がず、今後使う言葉を一つ定義し直すと、誤解を責め合わず対話へ現実的な区切りを置けます。,full_moon;sun;moon;uranus;neptune;pluto;outer_network,1
2026_09_FULL_MOON_OUTER_NETWORK_S03_N08,2026_09_FULL_MOON_OUTER_NETWORK,2026-09,aspect_cluster,2026-09-26T00:00:00+09:00,2026-09-27T01:49:00+09:00,2026-09-29T23:59:59+09:00,0,SUN|MOON|URANUS|NEPTUNE|PLUTO,SUN:LIBRA|MOON:ARIES|URANUS:GEMINI|NEPTUNE:ARIES|PLUTO:AQUARIUS,SUN-NEPTUNE:180|SUN-PLUTO:120|MOON-NEPTUNE:0|MOON-PLUTO:60|SUN-MOON:180|MOON-URANUS:60|SUN-URANUS:120,3,5,lunation_plus_planet,SUN,3,8,anchor_house,SUN|MOON|URANUS|NEPTUNE|PLUTO,swiss_ephemeris,FULL_MOON:2026-09-27|SUN:URANUS:120:2026-09-29,exact_day,SEP_FULL_MOON_OUTER_NETWORK,,80,100,秘密への想像と確認できる情報を分ける,{event_date}頃は、秘密や共有された事情の意味を深く読み取りたくなり、知らされていない部分へ想像が広がりそうです。実際に聞いた内容、自分が推測した背景、扱い方を約束した情報を分けてください。全容を知ることより守る範囲を決め、答えのない部分を保留すると、親密さを損なわず情報の重さを抱え過ぎずに済みます。,full_moon;sun;moon;uranus;neptune;pluto;outer_network,1
2026_09_FULL_MOON_OUTER_NETWORK_S03_N09,2026_09_FULL_MOON_OUTER_NETWORK,2026-09,aspect_cluster,2026-09-26T00:00:00+09:00,2026-09-27T01:49:00+09:00,2026-09-29T23:59:59+09:00,0,SUN|MOON|URANUS|NEPTUNE|PLUTO,SUN:LIBRA|MOON:ARIES|URANUS:GEMINI|NEPTUNE:ARIES|PLUTO:AQUARIUS,SUN-NEPTUNE:180|SUN-PLUTO:120|MOON-NEPTUNE:0|MOON-PLUTO:60|SUN-MOON:180|MOON-URANUS:60|SUN-URANUS:120,3,5,lunation_plus_planet,SUN,3,9,anchor_house,SUN|MOON|URANUS|NEPTUNE|PLUTO,swiss_ephemeris,FULL_MOON:2026-09-27|SUN:URANUS:120:2026-09-29,exact_day,SEP_FULL_MOON_OUTER_NETWORK,,80,100,信じる話と検証できる根拠を並べ直す,{event_date}頃は、学びや社会的な話題への思いが高まり、自分の考えを明快な結論として伝えたくなるかもしれません。原典で確かめたこと、体験から信じること、まだ議論が必要な点を並べてください。すべての人を納得させようとせず、今修正できる主張だけを言い直すと、信念を失わず知識の更新を受け入れられます。,full_moon;sun;moon;uranus;neptune;pluto;outer_network,1
2026_09_FULL_MOON_OUTER_NETWORK_S03_N10,2026_09_FULL_MOON_OUTER_NETWORK,2026-09,aspect_cluster,2026-09-26T00:00:00+09:00,2026-09-27T01:49:00+09:00,2026-09-29T23:59:59+09:00,0,SUN|MOON|URANUS|NEPTUNE|PLUTO,SUN:LIBRA|MOON:ARIES|URANUS:GEMINI|NEPTUNE:ARIES|PLUTO:AQUARIUS,SUN-NEPTUNE:180|SUN-PLUTO:120|MOON-NEPTUNE:0|MOON-PLUTO:60|SUN-MOON:180|MOON-URANUS:60|SUN-URANUS:120,3,5,lunation_plus_planet,SUN,3,10,anchor_house,SUN|MOON|URANUS|NEPTUNE|PLUTO,swiss_ephemeris,FULL_MOON:2026-09-27|SUN:URANUS:120:2026-09-29,exact_day,SEP_FULL_MOON_OUTER_NETWORK,,80,100,注目される発言へ責任ある区切りを置く,{event_date}頃は、仕事上の知らせや公の発言が注目され、周囲の反応を見ながら説明を足し続けたくなりそうです。正式に決まった内容、自分の見解、今後変わり得る条件を分けてください。訂正すべき点は短く更新し、答えられない問いを明示すると、評判を追いかけず発言者としての責任を果たせます。,full_moon;sun;moon;uranus;neptune;pluto;outer_network,1
2026_09_FULL_MOON_OUTER_NETWORK_S03_N11,2026_09_FULL_MOON_OUTER_NETWORK,2026-09,aspect_cluster,2026-09-26T00:00:00+09:00,2026-09-27T01:49:00+09:00,2026-09-29T23:59:59+09:00,0,SUN|MOON|URANUS|NEPTUNE|PLUTO,SUN:LIBRA|MOON:ARIES|URANUS:GEMINI|NEPTUNE:ARIES|PLUTO:AQUARIUS,SUN-NEPTUNE:180|SUN-PLUTO:120|MOON-NEPTUNE:0|MOON-PLUTO:60|SUN-MOON:180|MOON-URANUS:60|SUN-URANUS:120,3,5,lunation_plus_planet,SUN,3,11,anchor_house,SUN|MOON|URANUS|NEPTUNE|PLUTO,swiss_ephemeris,FULL_MOON:2026-09-27|SUN:URANUS:120:2026-09-29,exact_day,SEP_FULL_MOON_OUTER_NETWORK,,80,100,場の高揚と正式な決定を切り分ける,{event_date}頃は、仲間との話し合いが盛り上がり、まだ提案にすぎない案まで決定したように感じやすくなります。記録された合意、場で出た希望、参加していない人への確認事項を分けてください。熱が冷めることを失敗とせず、次に試す一項目だけを残すと、集団の感情を尊重しながら未来の計画を現実へ戻せます。,full_moon;sun;moon;uranus;neptune;pluto;outer_network,1
2026_09_FULL_MOON_OUTER_NETWORK_S03_N12,2026_09_FULL_MOON_OUTER_NETWORK,2026-09,aspect_cluster,2026-09-26T00:00:00+09:00,2026-09-27T01:49:00+09:00,2026-09-29T23:59:59+09:00,0,SUN|MOON|URANUS|NEPTUNE|PLUTO,SUN:LIBRA|MOON:ARIES|URANUS:GEMINI|NEPTUNE:ARIES|PLUTO:AQUARIUS,SUN-NEPTUNE:180|SUN-PLUTO:120|MOON-NEPTUNE:0|MOON-PLUTO:60|SUN-MOON:180|MOON-URANUS:60|SUN-URANUS:120,3,5,lunation_plus_planet,SUN,3,12,anchor_house,SUN|MOON|URANUS|NEPTUNE|PLUTO,swiss_ephemeris,FULL_MOON:2026-09-27|SUN:URANUS:120:2026-09-29,exact_day,SEP_FULL_MOON_OUTER_NETWORK,,80,100,内側の声を事実の結論にせず休ませる,{event_date}頃は、夢や記憶から浮かぶ言葉が強く響き、誰かへの答えや未来の予告のように受け取りたくなるかもしれません。思い浮かんだ文、伴う感情、現実で確認できる事柄を別々に記してください。意味を決めず一晩休ませ、翌日も残る問いだけを見ると、内側の声を無視せず日常の判断との境界を保てます。,full_moon;sun;moon;uranus;neptune;pluto;outer_network,1
2026_09_FULL_MOON_OUTER_NETWORK_S04_N01,2026_09_FULL_MOON_OUTER_NETWORK,2026-09,aspect_cluster,2026-09-26T00:00:00+09:00,2026-09-27T01:49:00+09:00,2026-09-29T23:59:59+09:00,0,SUN|MOON|URANUS|NEPTUNE|PLUTO,SUN:LIBRA|MOON:ARIES|URANUS:GEMINI|NEPTUNE:ARIES|PLUTO:AQUARIUS,SUN-NEPTUNE:180|SUN-PLUTO:120|MOON-NEPTUNE:0|MOON-PLUTO:60|SUN-MOON:180|MOON-URANUS:60|SUN-URANUS:120,3,5,lunation_plus_planet,SUN,4,1,anchor_house,SUN|MOON|URANUS|NEPTUNE|PLUTO,swiss_ephemeris,FULL_MOON:2026-09-27|SUN:URANUS:120:2026-09-29,exact_day,SEP_FULL_MOON_OUTER_NETWORK,,80,100,家で演じる役割と素の自分を分け直す,{event_date}頃は、家で求められる姿と本来の自分の差がはっきりし、もう合わせ続けられないと感じるかもしれません。実際に担う必要がある役割、習慣で続けている振る舞い、今の身体が求める休みを分けてください。家族を変えようとせず自分の時間帯を一つ守ると、関係を壊さず古い役柄へ区切りを置けます。,full_moon;sun;moon;uranus;neptune;pluto;outer_network,1
2026_09_FULL_MOON_OUTER_NETWORK_S04_N02,2026_09_FULL_MOON_OUTER_NETWORK,2026-09,aspect_cluster,2026-09-26T00:00:00+09:00,2026-09-27T01:49:00+09:00,2026-09-29T23:59:59+09:00,0,SUN|MOON|URANUS|NEPTUNE|PLUTO,SUN:LIBRA|MOON:ARIES|URANUS:GEMINI|NEPTUNE:ARIES|PLUTO:AQUARIUS,SUN-NEPTUNE:180|SUN-PLUTO:120|MOON-NEPTUNE:0|MOON-PLUTO:60|SUN-MOON:180|MOON-URANUS:60|SUN-URANUS:120,3,5,lunation_plus_planet,SUN,4,2,anchor_house,SUN|MOON|URANUS|NEPTUNE|PLUTO,swiss_ephemeris,FULL_MOON:2026-09-27|SUN:URANUS:120:2026-09-29,exact_day,SEP_FULL_MOON_OUTER_NETWORK,,80,100,暮らしの安心と必要な金額を並べ直す,{event_date}頃は、住居費や家の持ち物へ感情が集まり、安心のためなら何でも残したい気持ちが強まりそうです。毎月必要な額、現在使っている物、思い入れだけで維持している負担を分けてください。変えられる費用を一つ見直し、家族の事情は急いで結論にしないことで、数字と安心を混同せず暮らしを守れます。,full_moon;sun;moon;uranus;neptune;pluto;outer_network,1
2026_09_FULL_MOON_OUTER_NETWORK_S04_N03,2026_09_FULL_MOON_OUTER_NETWORK,2026-09,aspect_cluster,2026-09-26T00:00:00+09:00,2026-09-27T01:49:00+09:00,2026-09-29T23:59:59+09:00,0,SUN|MOON|URANUS|NEPTUNE|PLUTO,SUN:LIBRA|MOON:ARIES|URANUS:GEMINI|NEPTUNE:ARIES|PLUTO:AQUARIUS,SUN-NEPTUNE:180|SUN-PLUTO:120|MOON-NEPTUNE:0|MOON-PLUTO:60|SUN-MOON:180|MOON-URANUS:60|SUN-URANUS:120,3,5,lunation_plus_planet,SUN,4,3,anchor_house,SUN|MOON|URANUS|NEPTUNE|PLUTO,swiss_ephemeris,FULL_MOON:2026-09-27|SUN:URANUS:120:2026-09-29,exact_day,SEP_FULL_MOON_OUTER_NETWORK,,80,100,家族の言葉に残る感情を用件から分ける,{event_date}頃は、家族から届く連絡に過去の感情が重なり、短い言葉にも大きな意味を感じやすくなります。今回の用件、自分が思い出した出来事、まだ相手へ確かめていない解釈を分けてください。伝言を増やさず関係者へ同じ事実を確認すると、昔の話を決着させなくても現在の会話へ一区切りをつけられます。,full_moon;sun;moon;uranus;neptune;pluto;outer_network,1
2026_09_FULL_MOON_OUTER_NETWORK_S04_N04,2026_09_FULL_MOON_OUTER_NETWORK,2026-09,aspect_cluster,2026-09-26T00:00:00+09:00,2026-09-27T01:49:00+09:00,2026-09-29T23:59:59+09:00,0,SUN|MOON|URANUS|NEPTUNE|PLUTO,SUN:LIBRA|MOON:ARIES|URANUS:GEMINI|NEPTUNE:ARIES|PLUTO:AQUARIUS,SUN-NEPTUNE:180|SUN-PLUTO:120|MOON-NEPTUNE:0|MOON-PLUTO:60|SUN-MOON:180|MOON-URANUS:60|SUN-URANUS:120,3,5,lunation_plus_planet,SUN,4,4,anchor_house,SUN|MOON|URANUS|NEPTUNE|PLUTO,swiss_ephemeris,FULL_MOON:2026-09-27|SUN:URANUS:120:2026-09-29,exact_day,SEP_FULL_MOON_OUTER_NETWORK,,80,100,守る居場所と終えてよい習慣を選び直す,{event_date}頃は、長く続けてきた家庭の習慣が安心を支えているのか、今の暮らしを窮屈にしているのかが見えやすくなります。残したい時間、変更できる手順、今は受け止めるしかない家族の事情を分けてください。一つの習慣を終了しても帰る場所は失われないと確かめることで、暮らしの土台を現在に合わせられます。,full_moon;sun;moon;uranus;neptune;pluto;outer_network,1
2026_09_FULL_MOON_OUTER_NETWORK_S04_N05,2026_09_FULL_MOON_OUTER_NETWORK,2026-09,aspect_cluster,2026-09-26T00:00:00+09:00,2026-09-27T01:49:00+09:00,2026-09-29T23:59:59+09:00,0,SUN|MOON|URANUS|NEPTUNE|PLUTO,SUN:LIBRA|MOON:ARIES|URANUS:GEMINI|NEPTUNE:ARIES|PLUTO:AQUARIUS,SUN-NEPTUNE:180|SUN-PLUTO:120|MOON-NEPTUNE:0|MOON-PLUTO:60|SUN-MOON:180|MOON-URANUS:60|SUN-URANUS:120,3,5,lunation_plus_planet,SUN,4,5,anchor_house,SUN|MOON|URANUS|NEPTUNE|PLUTO,swiss_ephemeris,FULL_MOON:2026-09-27|SUN:URANUS:120:2026-09-29,exact_day,SEP_FULL_MOON_OUTER_NETWORK,,80,100,家で育った喜びを今の表現へ返していく,{event_date}頃は、幼い頃の楽しみや家族から受けた評価が、創作や恋愛で何を表したいかへ強く響きそうです。自分が今も好きなこと、認められるために続けた表現、もう返さなくてよい期待を分けてください。誰にも見せない形で一つ完成させると、過去の反応へ区切りを置き、安心できる場所から喜びを育て直せます。,full_moon;sun;moon;uranus;neptune;pluto;outer_network,1
2026_09_FULL_MOON_OUTER_NETWORK_S04_N06,2026_09_FULL_MOON_OUTER_NETWORK,2026-09,aspect_cluster,2026-09-26T00:00:00+09:00,2026-09-27T01:49:00+09:00,2026-09-29T23:59:59+09:00,0,SUN|MOON|URANUS|NEPTUNE|PLUTO,SUN:LIBRA|MOON:ARIES|URANUS:GEMINI|NEPTUNE:ARIES|PLUTO:AQUARIUS,SUN-NEPTUNE:180|SUN-PLUTO:120|MOON-NEPTUNE:0|MOON-PLUTO:60|SUN-MOON:180|MOON-URANUS:60|SUN-URANUS:120,3,5,lunation_plus_planet,SUN,4,6,anchor_house,SUN|MOON|URANUS|NEPTUNE|PLUTO,swiss_ephemeris,FULL_MOON:2026-09-27|SUN:URANUS:120:2026-09-29,exact_day,SEP_FULL_MOON_OUTER_NETWORK,,80,100,家事の限界を感情ではなく記録で確かめる,{event_date}頃は、家を維持する作業や世話の疲れが表に出て、誰も分かってくれないという思いが強まりやすくなります。実際に行った家事、頼める作業、今すぐ変えられない生活条件を記録してください。怒りを否定せず、終了時刻と休む水準を一つ決めると、家族への評価ではなく日課の仕組みへ現実的な区切りを置けます。,full_moon;sun;moon;uranus;neptune;pluto;outer_network,1
2026_09_FULL_MOON_OUTER_NETWORK_S04_N07,2026_09_FULL_MOON_OUTER_NETWORK,2026-09,aspect_cluster,2026-09-26T00:00:00+09:00,2026-09-27T01:49:00+09:00,2026-09-29T23:59:59+09:00,0,SUN|MOON|URANUS|NEPTUNE|PLUTO,SUN:LIBRA|MOON:ARIES|URANUS:GEMINI|NEPTUNE:ARIES|PLUTO:AQUARIUS,SUN-NEPTUNE:180|SUN-PLUTO:120|MOON-NEPTUNE:0|MOON-PLUTO:60|SUN-MOON:180|MOON-URANUS:60|SUN-URANUS:120,3,5,lunation_plus_planet,SUN,4,7,anchor_house,SUN|MOON|URANUS|NEPTUNE|PLUTO,swiss_ephemeris,FULL_MOON:2026-09-27|SUN:URANUS:120:2026-09-29,exact_day,SEP_FULL_MOON_OUTER_NETWORK,,80,100,一緒に暮らす希望と現実の条件を揃える,{event_date}頃は、同居や家族との距離について感情が高まり、近づくか離れるかを早く決めたくなるかもしれません。互いが望む暮らし、現在守る必要がある条件、まだ相談していない期待を分けてください。すぐ一致しない事情を受け止め、試す期限を一つ決めると、愛情を測らず住まいの選択へ無理のない区切りを置けます。,full_moon;sun;moon;uranus;neptune;pluto;outer_network,1
2026_09_FULL_MOON_OUTER_NETWORK_S04_N08,2026_09_FULL_MOON_OUTER_NETWORK,2026-09,aspect_cluster,2026-09-26T00:00:00+09:00,2026-09-27T01:49:00+09:00,2026-09-29T23:59:59+09:00,0,SUN|MOON|URANUS|NEPTUNE|PLUTO,SUN:LIBRA|MOON:ARIES|URANUS:GEMINI|NEPTUNE:ARIES|PLUTO:AQUARIUS,SUN-NEPTUNE:180|SUN-PLUTO:120|MOON-NEPTUNE:0|MOON-PLUTO:60|SUN-MOON:180|MOON-URANUS:60|SUN-URANUS:120,3,5,lunation_plus_planet,SUN,4,8,anchor_house,SUN|MOON|URANUS|NEPTUNE|PLUTO,swiss_ephemeris,FULL_MOON:2026-09-27|SUN:URANUS:120:2026-09-29,exact_day,SEP_FULL_MOON_OUTER_NETWORK,,80,100,家の権利と心に残る恩義を別々に扱う,{event_date}頃は、家や相続、家族から受けた援助へ感情が集まり、正式な責任以上のものまで背負いたくなりそうです。記録された権利、合意した負担、心に残る感謝や負い目を分けてください。変更できる手続きだけを進め、過去の恩義を取引条件にしないことで、つながりを否定せず共有資産を整えられます。,full_moon;sun;moon;uranus;neptune;pluto;outer_network,1
2026_09_FULL_MOON_OUTER_NETWORK_S04_N09,2026_09_FULL_MOON_OUTER_NETWORK,2026-09,aspect_cluster,2026-09-26T00:00:00+09:00,2026-09-27T01:49:00+09:00,2026-09-29T23:59:59+09:00,0,SUN|MOON|URANUS|NEPTUNE|PLUTO,SUN:LIBRA|MOON:ARIES|URANUS:GEMINI|NEPTUNE:ARIES|PLUTO:AQUARIUS,SUN-NEPTUNE:180|SUN-PLUTO:120|MOON-NEPTUNE:0|MOON-PLUTO:60|SUN-MOON:180|MOON-URANUS:60|SUN-URANUS:120,3,5,lunation_plus_planet,SUN,4,9,anchor_house,SUN|MOON|URANUS|NEPTUNE|PLUTO,swiss_ephemeris,FULL_MOON:2026-09-27|SUN:URANUS:120:2026-09-29,exact_day,SEP_FULL_MOON_OUTER_NETWORK,,80,100,受け継いだ常識と自分の信念を並べ直す,{event_date}頃は、育った家の常識と外で得た考えの違いが鮮明になり、どちらかを否定して答えを出したくなるかもしれません。今も役立つ教え、事実と合わない前提、自分がこれから試したい信念を並べてください。家族の背景は変えず、自分が選ぶ行動だけを更新すると、帰属を失わず価値観へ一区切りをつけられます。,full_moon;sun;moon;uranus;neptune;pluto;outer_network,1
2026_09_FULL_MOON_OUTER_NETWORK_S04_N10,2026_09_FULL_MOON_OUTER_NETWORK,2026-09,aspect_cluster,2026-09-26T00:00:00+09:00,2026-09-27T01:49:00+09:00,2026-09-29T23:59:59+09:00,0,SUN|MOON|URANUS|NEPTUNE|PLUTO,SUN:LIBRA|MOON:ARIES|URANUS:GEMINI|NEPTUNE:ARIES|PLUTO:AQUARIUS,SUN-NEPTUNE:180|SUN-PLUTO:120|MOON-NEPTUNE:0|MOON-PLUTO:60|SUN-MOON:180|MOON-URANUS:60|SUN-URANUS:120,3,5,lunation_plus_planet,SUN,4,10,anchor_house,SUN|MOON|URANUS|NEPTUNE|PLUTO,swiss_ephemeris,FULL_MOON:2026-09-27|SUN:URANUS:120:2026-09-29,exact_day,SEP_FULL_MOON_OUTER_NETWORK,,80,100,外の責任と家で守る時間を切り分ける,{event_date}頃は、仕事上の役割と家庭で必要な時間がぶつかり、どちらにも十分応えられない感覚が強まりそうです。正式に担う責任、周囲が期待するだけの役割、家で今守りたい時間を分けてください。変更できる予定は伝え、動かせない事情は責めずに受け止めると、公私の境界へ現実的な区切りを置けます。,full_moon;sun;moon;uranus;neptune;pluto;outer_network,1
2026_09_FULL_MOON_OUTER_NETWORK_S04_N11,2026_09_FULL_MOON_OUTER_NETWORK,2026-09,aspect_cluster,2026-09-26T00:00:00+09:00,2026-09-27T01:49:00+09:00,2026-09-29T23:59:59+09:00,0,SUN|MOON|URANUS|NEPTUNE|PLUTO,SUN:LIBRA|MOON:ARIES|URANUS:GEMINI|NEPTUNE:ARIES|PLUTO:AQUARIUS,SUN-NEPTUNE:180|SUN-PLUTO:120|MOON-NEPTUNE:0|MOON-PLUTO:60|SUN-MOON:180|MOON-URANUS:60|SUN-URANUS:120,3,5,lunation_plus_planet,SUN,4,11,anchor_house,SUN|MOON|URANUS|NEPTUNE|PLUTO,swiss_ephemeris,FULL_MOON:2026-09-27|SUN:URANUS:120:2026-09-29,exact_day,SEP_FULL_MOON_OUTER_NETWORK,,80,100,仲間へ開く場所と私生活の境界を決める,{event_date}頃は、仲間を迎えたい思いと家を静かに保ちたい気持ちが同時に高まり、所属と休息の境界が揺れやすくなります。共有できる場所、家族の同意が必要な範囲、自分だけで休む時間を分けてください。集まりを断つのではなく利用の終わりを決めると、つながりを残したまま私生活を守れます。,full_moon;sun;moon;uranus;neptune;pluto;outer_network,1
2026_09_FULL_MOON_OUTER_NETWORK_S04_N12,2026_09_FULL_MOON_OUTER_NETWORK,2026-09,aspect_cluster,2026-09-26T00:00:00+09:00,2026-09-27T01:49:00+09:00,2026-09-29T23:59:59+09:00,0,SUN|MOON|URANUS|NEPTUNE|PLUTO,SUN:LIBRA|MOON:ARIES|URANUS:GEMINI|NEPTUNE:ARIES|PLUTO:AQUARIUS,SUN-NEPTUNE:180|SUN-PLUTO:120|MOON-NEPTUNE:0|MOON-PLUTO:60|SUN-MOON:180|MOON-URANUS:60|SUN-URANUS:120,3,5,lunation_plus_planet,SUN,4,12,anchor_house,SUN|MOON|URANUS|NEPTUNE|PLUTO,swiss_ephemeris,FULL_MOON:2026-09-27|SUN:URANUS:120:2026-09-29,exact_day,SEP_FULL_MOON_OUTER_NETWORK,,80,100,過去の安心を今夜の休息へ置き換える,{event_date}頃は、昔の家や家族の記憶が浮かび、過去と同じ安心を今の暮らしへ再現したくなるかもしれません。思い出の中の感覚、現在の部屋で整えられる条件、もう戻らない事情を分けてください。照明や音を一つ調整し、結論を翌朝まで休ませると、記憶を否定せず今の自分が落ち着ける居場所を作れます。,full_moon;sun;moon;uranus;neptune;pluto;outer_network,1
2026_09_FULL_MOON_OUTER_NETWORK_S05_N01,2026_09_FULL_MOON_OUTER_NETWORK,2026-09,aspect_cluster,2026-09-26T00:00:00+09:00,2026-09-27T01:49:00+09:00,2026-09-29T23:59:59+09:00,0,SUN|MOON|URANUS|NEPTUNE|PLUTO,SUN:LIBRA|MOON:ARIES|URANUS:GEMINI|NEPTUNE:ARIES|PLUTO:AQUARIUS,SUN-NEPTUNE:180|SUN-PLUTO:120|MOON-NEPTUNE:0|MOON-PLUTO:60|SUN-MOON:180|MOON-URANUS:60|SUN-URANUS:120,3,5,lunation_plus_planet,SUN,5,1,anchor_house,SUN|MOON|URANUS|NEPTUNE|PLUTO,swiss_ephemeris,FULL_MOON:2026-09-27|SUN:URANUS:120:2026-09-29,exact_day,SEP_FULL_MOON_OUTER_NETWORK,,80,100,見せたい自分と素の喜びを分けて選ぶ,{event_date}頃は、創作や恋愛で注目されたい気持ちと、一人でも楽しめる感覚の差がはっきりしそうです。周囲へ見せたい姿、身体が自然に弾むこと、反応を得るために続けている表現を分けてください。人の評価は変えようとせず、素の自分が残る一つを完成とすると、演じ続けた見せ方へ区切りを置けます。,full_moon;sun;moon;uranus;neptune;pluto;outer_network,1
2026_09_FULL_MOON_OUTER_NETWORK_S05_N02,2026_09_FULL_MOON_OUTER_NETWORK,2026-09,aspect_cluster,2026-09-26T00:00:00+09:00,2026-09-27T01:49:00+09:00,2026-09-29T23:59:59+09:00,0,SUN|MOON|URANUS|NEPTUNE|PLUTO,SUN:LIBRA|MOON:ARIES|URANUS:GEMINI|NEPTUNE:ARIES|PLUTO:AQUARIUS,SUN-NEPTUNE:180|SUN-PLUTO:120|MOON-NEPTUNE:0|MOON-PLUTO:60|SUN-MOON:180|MOON-URANUS:60|SUN-URANUS:120,3,5,lunation_plus_planet,SUN,5,2,anchor_house,SUN|MOON|URANUS|NEPTUNE|PLUTO,swiss_ephemeris,FULL_MOON:2026-09-27|SUN:URANUS:120:2026-09-29,exact_day,SEP_FULL_MOON_OUTER_NETWORK,,80,100,楽しみに使った額と得た満足を分ける,{event_date}頃は、趣味やデート、子どもの楽しみに使ったお金が気になり、費用の大きさで満足まで測りたくなるかもしれません。支払った額、実際に楽しめた時間、今後も残る物を分けてください。過去の出費を取り戻そうとせず、次に守る予算だけを決めると、喜びを否定せず使い方へ一区切りをつけられます。,full_moon;sun;moon;uranus;neptune;pluto;outer_network,1
2026_09_FULL_MOON_OUTER_NETWORK_S05_N03,2026_09_FULL_MOON_OUTER_NETWORK,2026-09,aspect_cluster,2026-09-26T00:00:00+09:00,2026-09-27T01:49:00+09:00,2026-09-29T23:59:59+09:00,0,SUN|MOON|URANUS|NEPTUNE|PLUTO,SUN:LIBRA|MOON:ARIES|URANUS:GEMINI|NEPTUNE:ARIES|PLUTO:AQUARIUS,SUN-NEPTUNE:180|SUN-PLUTO:120|MOON-NEPTUNE:0|MOON-PLUTO:60|SUN-MOON:180|MOON-URANUS:60|SUN-URANUS:120,3,5,lunation_plus_planet,SUN,5,3,anchor_house,SUN|MOON|URANUS|NEPTUNE|PLUTO,swiss_ephemeris,FULL_MOON:2026-09-27|SUN:URANUS:120:2026-09-29,exact_day,SEP_FULL_MOON_OUTER_NETWORK,,80,100,あふれる着想から今届ける一つを選ぶ,{event_date}頃は、遊びや創作の案が次々に浮かび、全てを語ろうとして作品の中心を見失いやすくなります。すでに形になった部分、まだ試したい案、受け手に委ねる解釈を分けてください。今日完成させる一点だけを言葉にすると、発想の高ぶりへ区切りがつき、次へ残す面白さも守れます。,full_moon;sun;moon;uranus;neptune;pluto;outer_network,1
2026_09_FULL_MOON_OUTER_NETWORK_S05_N04,2026_09_FULL_MOON_OUTER_NETWORK,2026-09,aspect_cluster,2026-09-26T00:00:00+09:00,2026-09-27T01:49:00+09:00,2026-09-29T23:59:59+09:00,0,SUN|MOON|URANUS|NEPTUNE|PLUTO,SUN:LIBRA|MOON:ARIES|URANUS:GEMINI|NEPTUNE:ARIES|PLUTO:AQUARIUS,SUN-NEPTUNE:180|SUN-PLUTO:120|MOON-NEPTUNE:0|MOON-PLUTO:60|SUN-MOON:180|MOON-URANUS:60|SUN-URANUS:120,3,5,lunation_plus_planet,SUN,5,4,anchor_house,SUN|MOON|URANUS|NEPTUNE|PLUTO,swiss_ephemeris,FULL_MOON:2026-09-27|SUN:URANUS:120:2026-09-29,exact_day,SEP_FULL_MOON_OUTER_NETWORK,,80,100,家族の期待と自分が育てたい喜びを分ける,{event_date}頃は、家族に喜んでもらいたい思いが創作や子どもとの時間へ重なり、全員を満足させたくなりそうです。実際に頼まれたこと、自分が想像した期待、今一緒に楽しめる範囲を分けてください。家族の反応は変えようとせず、一つの遊びを終えるところまで味わうと、承認を追わず温かな記憶を残せます。,full_moon;sun;moon;uranus;neptune;pluto;outer_network,1
2026_09_FULL_MOON_OUTER_NETWORK_S05_N05,2026_09_FULL_MOON_OUTER_NETWORK,2026-09,aspect_cluster,2026-09-26T00:00:00+09:00,2026-09-27T01:49:00+09:00,2026-09-29T23:59:59+09:00,0,SUN|MOON|URANUS|NEPTUNE|PLUTO,SUN:LIBRA|MOON:ARIES|URANUS:GEMINI|NEPTUNE:ARIES|PLUTO:AQUARIUS,SUN-NEPTUNE:180|SUN-PLUTO:120|MOON-NEPTUNE:0|MOON-PLUTO:60|SUN-MOON:180|MOON-URANUS:60|SUN-URANUS:120,3,5,lunation_plus_planet,SUN,5,5,anchor_house,SUN|MOON|URANUS|NEPTUNE|PLUTO,swiss_ephemeris,FULL_MOON:2026-09-27|SUN:URANUS:120:2026-09-29,exact_day,SEP_FULL_MOON_OUTER_NETWORK,,80,100,強いときめきを互いの自由へ戻す,{event_date}頃は、恋愛や創作への思いが大きく動き、この喜びを失いたくない気持ちも強まりそうです。自分の感情、相手が実際に示した希望、まだ答えのない部分を分けてください。結論や返事を急がせず、今できる表現を一つ完成させると、ときめきを閉じ込めず次の選択へ無理なくつなげられます。,full_moon;sun;moon;uranus;neptune;pluto;outer_network,1
2026_09_FULL_MOON_OUTER_NETWORK_S05_N06,2026_09_FULL_MOON_OUTER_NETWORK,2026-09,aspect_cluster,2026-09-26T00:00:00+09:00,2026-09-27T01:49:00+09:00,2026-09-29T23:59:59+09:00,0,SUN|MOON|URANUS|NEPTUNE|PLUTO,SUN:LIBRA|MOON:ARIES|URANUS:GEMINI|NEPTUNE:ARIES|PLUTO:AQUARIUS,SUN-NEPTUNE:180|SUN-PLUTO:120|MOON-NEPTUNE:0|MOON-PLUTO:60|SUN-MOON:180|MOON-URANUS:60|SUN-URANUS:120,3,5,lunation_plus_planet,SUN,5,6,anchor_house,SUN|MOON|URANUS|NEPTUNE|PLUTO,swiss_ephemeris,FULL_MOON:2026-09-27|SUN:URANUS:120:2026-09-29,exact_day,SEP_FULL_MOON_OUTER_NETWORK,,80,100,創作の熱と身体が必要とする休みを分ける,{event_date}頃は、好きなことへ集中するほど終わり時を見失い、身体の疲れを気力で覆いたくなるかもしれません。進んだ作業、残っている工程、回復に必要な時間を分けてください。完成条件を一つ満たしたら道具を片づけると、意欲を否定せず今日の制作へ区切りを置き、喜びを日課の中へ残せます。,full_moon;sun;moon;uranus;neptune;pluto;outer_network,1
2026_09_FULL_MOON_OUTER_NETWORK_S05_N07,2026_09_FULL_MOON_OUTER_NETWORK,2026-09,aspect_cluster,2026-09-26T00:00:00+09:00,2026-09-27T01:49:00+09:00,2026-09-29T23:59:59+09:00,0,SUN|MOON|URANUS|NEPTUNE|PLUTO,SUN:LIBRA|MOON:ARIES|URANUS:GEMINI|NEPTUNE:ARIES|PLUTO:AQUARIUS,SUN-NEPTUNE:180|SUN-PLUTO:120|MOON-NEPTUNE:0|MOON-PLUTO:60|SUN-MOON:180|MOON-URANUS:60|SUN-URANUS:120,3,5,lunation_plus_planet,SUN,5,7,anchor_house,SUN|MOON|URANUS|NEPTUNE|PLUTO,swiss_ephemeris,FULL_MOON:2026-09-27|SUN:URANUS:120:2026-09-29,exact_day,SEP_FULL_MOON_OUTER_NETWORK,,80,100,二人の盛り上がりと約束の範囲を揃える,{event_date}頃は、恋愛や共同制作で気持ちが高まり、二人の望みがすべて一致したように感じやすくなります。共有できた喜び、実際に交わした約束、まだ相談していない期待を分けてください。今後試すことを一つ決め、答えが違う部分は保留すると、親密さを損なわず楽しい時間へ現実的な区切りを置けます。,full_moon;sun;moon;uranus;neptune;pluto;outer_network,1
2026_09_FULL_MOON_OUTER_NETWORK_S05_N08,2026_09_FULL_MOON_OUTER_NETWORK,2026-09,aspect_cluster,2026-09-26T00:00:00+09:00,2026-09-27T01:49:00+09:00,2026-09-29T23:59:59+09:00,0,SUN|MOON|URANUS|NEPTUNE|PLUTO,SUN:LIBRA|MOON:ARIES|URANUS:GEMINI|NEPTUNE:ARIES|PLUTO:AQUARIUS,SUN-NEPTUNE:180|SUN-PLUTO:120|MOON-NEPTUNE:0|MOON-PLUTO:60|SUN-MOON:180|MOON-URANUS:60|SUN-URANUS:120,3,5,lunation_plus_planet,SUN,5,8,anchor_house,SUN|MOON|URANUS|NEPTUNE|PLUTO,swiss_ephemeris,FULL_MOON:2026-09-27|SUN:URANUS:120:2026-09-29,exact_day,SEP_FULL_MOON_OUTER_NETWORK,,80,100,深い表現と共有してよい範囲を見分ける,{event_date}頃は、恋愛や作品を通じて内面を深く見せたくなり、秘密まで差し出すことに特別な意味を感じそうです。自分だけに残す内容、相手と共有した事実、公開に同意した範囲を分けてください。全てを明かさなくても近さは失われないと確かめることで、濃い感情を守りながら表現の境界を選べます。,full_moon;sun;moon;uranus;neptune;pluto;outer_network,1
2026_09_FULL_MOON_OUTER_NETWORK_S05_N09,2026_09_FULL_MOON_OUTER_NETWORK,2026-09,aspect_cluster,2026-09-26T00:00:00+09:00,2026-09-27T01:49:00+09:00,2026-09-29T23:59:59+09:00,0,SUN|MOON|URANUS|NEPTUNE|PLUTO,SUN:LIBRA|MOON:ARIES|URANUS:GEMINI|NEPTUNE:ARIES|PLUTO:AQUARIUS,SUN-NEPTUNE:180|SUN-PLUTO:120|MOON-NEPTUNE:0|MOON-PLUTO:60|SUN-MOON:180|MOON-URANUS:60|SUN-URANUS:120,3,5,lunation_plus_planet,SUN,5,9,anchor_house,SUN|MOON|URANUS|NEPTUNE|PLUTO,swiss_ephemeris,FULL_MOON:2026-09-27|SUN:URANUS:120:2026-09-29,exact_day,SEP_FULL_MOON_OUTER_NETWORK,,80,100,憧れの物語と自分の感動を並べ直す,{event_date}頃は、芸術や旅、学びから得た感動が高まり、その世界観をそのまま自分の答えにしたくなるかもしれません。原典で確かめたこと、自分が心を動かされた点、まだ理解していない背景を分けてください。借りた言葉を一つ自分の体験へ訳すと、憧れを否定せず作品の方向へ一区切りを置けます。,full_moon;sun;moon;uranus;neptune;pluto;outer_network,1
2026_09_FULL_MOON_OUTER_NETWORK_S05_N10,2026_09_FULL_MOON_OUTER_NETWORK,2026-09,aspect_cluster,2026-09-26T00:00:00+09:00,2026-09-27T01:49:00+09:00,2026-09-29T23:59:59+09:00,0,SUN|MOON|URANUS|NEPTUNE|PLUTO,SUN:LIBRA|MOON:ARIES|URANUS:GEMINI|NEPTUNE:ARIES|PLUTO:AQUARIUS,SUN-NEPTUNE:180|SUN-PLUTO:120|MOON-NEPTUNE:0|MOON-PLUTO:60|SUN-MOON:180|MOON-URANUS:60|SUN-URANUS:120,3,5,lunation_plus_planet,SUN,5,10,anchor_house,SUN|MOON|URANUS|NEPTUNE|PLUTO,swiss_ephemeris,FULL_MOON:2026-09-27|SUN:URANUS:120:2026-09-29,exact_day,SEP_FULL_MOON_OUTER_NETWORK,,80,100,拍手と自分が残したい作品を分けて選ぶ,{event_date}頃は、作品や企画への評価が大きく響き、注目された方向へ進路を決めたくなるかもしれません。公に届いた反応、完成物として残った成果、今後も育てたい表現を分けてください。評判は受け止めても追いかけず、今期の版を完成と認めると、評価から自由な次の創造へ進めます。,full_moon;sun;moon;uranus;neptune;pluto;outer_network,1
2026_09_FULL_MOON_OUTER_NETWORK_S05_N11,2026_09_FULL_MOON_OUTER_NETWORK,2026-09,aspect_cluster,2026-09-26T00:00:00+09:00,2026-09-27T01:49:00+09:00,2026-09-29T23:59:59+09:00,0,SUN|MOON|URANUS|NEPTUNE|PLUTO,SUN:LIBRA|MOON:ARIES|URANUS:GEMINI|NEPTUNE:ARIES|PLUTO:AQUARIUS,SUN-NEPTUNE:180|SUN-PLUTO:120|MOON-NEPTUNE:0|MOON-PLUTO:60|SUN-MOON:180|MOON-URANUS:60|SUN-URANUS:120,3,5,lunation_plus_planet,SUN,5,11,anchor_house,SUN|MOON|URANUS|NEPTUNE|PLUTO,swiss_ephemeris,FULL_MOON:2026-09-27|SUN:URANUS:120:2026-09-29,exact_day,SEP_FULL_MOON_OUTER_NETWORK,,80,100,仲間の熱気から続けたい企画を選び出す,{event_date}頃は、仲間との遊びや制作が盛り上がり、出た案を全て実現したくなりそうです。皆が楽しんだこと、実行する人が決まった案、場の高揚だけで広がった期待を分けてください。一つの企画を完成として祝い、次回へ持ち越す一点を選ぶと、熱気を消耗へ変えずつながりを育てられます。,full_moon;sun;moon;uranus;neptune;pluto;outer_network,1
2026_09_FULL_MOON_OUTER_NETWORK_S05_N12,2026_09_FULL_MOON_OUTER_NETWORK,2026-09,aspect_cluster,2026-09-26T00:00:00+09:00,2026-09-27T01:49:00+09:00,2026-09-29T23:59:59+09:00,0,SUN|MOON|URANUS|NEPTUNE|PLUTO,SUN:LIBRA|MOON:ARIES|URANUS:GEMINI|NEPTUNE:ARIES|PLUTO:AQUARIUS,SUN-NEPTUNE:180|SUN-PLUTO:120|MOON-NEPTUNE:0|MOON-PLUTO:60|SUN-MOON:180|MOON-URANUS:60|SUN-URANUS:120,3,5,lunation_plus_planet,SUN,5,12,anchor_house,SUN|MOON|URANUS|NEPTUNE|PLUTO,swiss_ephemeris,FULL_MOON:2026-09-27|SUN:URANUS:120:2026-09-29,exact_day,SEP_FULL_MOON_OUTER_NETWORK,,80,100,誰にも見せない喜びを静かに受け止める,{event_date}頃は、夢や記憶から創作の種が浮かび、すぐ形にしなければ消えるような焦りを感じるかもしれません。浮かんだ色や言葉、伴う感情、今夜できる小さな記録を分けてください。意味や公開時期を決めず一晩休ませると、内側の喜びを見失わず、まだ変えられない部分も素材として受け止められます。,full_moon;sun;moon;uranus;neptune;pluto;outer_network,1
2026_09_FULL_MOON_OUTER_NETWORK_S06_N01,2026_09_FULL_MOON_OUTER_NETWORK,2026-09,aspect_cluster,2026-09-26T00:00:00+09:00,2026-09-27T01:49:00+09:00,2026-09-29T23:59:59+09:00,0,SUN|MOON|URANUS|NEPTUNE|PLUTO,SUN:LIBRA|MOON:ARIES|URANUS:GEMINI|NEPTUNE:ARIES|PLUTO:AQUARIUS,SUN-NEPTUNE:180|SUN-PLUTO:120|MOON-NEPTUNE:0|MOON-PLUTO:60|SUN-MOON:180|MOON-URANUS:60|SUN-URANUS:120,3,5,lunation_plus_planet,SUN,6,1,anchor_house,SUN|MOON|URANUS|NEPTUNE|PLUTO,swiss_ephemeris,FULL_MOON:2026-09-27|SUN:URANUS:120:2026-09-29,exact_day,SEP_FULL_MOON_OUTER_NETWORK,,80,100,頑張れる自分と休む身体を同じ基準で見る,{event_date}頃は、仕事の区切りがつく一方、期待に応えた自分を保とうとして身体の合図を後回しにしやすくなります。終えた役割、今の疲れ、明日へ回せる用事を別々に書き出してください。調子を意思だけで変えようとせず、一日の終了時刻を決めると、働く自分と休む自分の両方を現実として認められます。,full_moon;sun;moon;uranus;neptune;pluto;outer_network,1
2026_09_FULL_MOON_OUTER_NETWORK_S06_N02,2026_09_FULL_MOON_OUTER_NETWORK,2026-09,aspect_cluster,2026-09-26T00:00:00+09:00,2026-09-27T01:49:00+09:00,2026-09-29T23:59:59+09:00,0,SUN|MOON|URANUS|NEPTUNE|PLUTO,SUN:LIBRA|MOON:ARIES|URANUS:GEMINI|NEPTUNE:ARIES|PLUTO:AQUARIUS,SUN-NEPTUNE:180|SUN-PLUTO:120|MOON-NEPTUNE:0|MOON-PLUTO:60|SUN-MOON:180|MOON-URANUS:60|SUN-URANUS:120,3,5,lunation_plus_planet,SUN,6,2,anchor_house,SUN|MOON|URANUS|NEPTUNE|PLUTO,swiss_ephemeris,FULL_MOON:2026-09-27|SUN:URANUS:120:2026-09-29,exact_day,SEP_FULL_MOON_OUTER_NETWORK,,80,100,稼働時間と報酬の釣り合いを事実で確かめる,{event_date}頃は、忙しさが一段落した時に、費やした時間や道具代に見合うものを得たか気になりそうです。作業時間、受け取る対価、自分で負担した費用を分けて確かめてください。過去の条件を感情だけで埋め合わせず、次回提示する基準を一つ決めると、仕事の価値を守りながら今期の会計へ区切りを置けます。,full_moon;sun;moon;uranus;neptune;pluto;outer_network,1
2026_09_FULL_MOON_OUTER_NETWORK_S06_N03,2026_09_FULL_MOON_OUTER_NETWORK,2026-09,aspect_cluster,2026-09-26T00:00:00+09:00,2026-09-27T01:49:00+09:00,2026-09-29T23:59:59+09:00,0,SUN|MOON|URANUS|NEPTUNE|PLUTO,SUN:LIBRA|MOON:ARIES|URANUS:GEMINI|NEPTUNE:ARIES|PLUTO:AQUARIUS,SUN-NEPTUNE:180|SUN-PLUTO:120|MOON-NEPTUNE:0|MOON-PLUTO:60|SUN-MOON:180|MOON-URANUS:60|SUN-URANUS:120,3,5,lunation_plus_planet,SUN,6,3,anchor_house,SUN|MOON|URANUS|NEPTUNE|PLUTO,swiss_ephemeris,FULL_MOON:2026-09-27|SUN:URANUS:120:2026-09-29,exact_day,SEP_FULL_MOON_OUTER_NETWORK,,80,100,急ぎの連絡と今日終える作業を切り分ける,{event_date}頃は、細かな連絡や移動が重なり、返事を待つ落ち着かなさまで自分の仕事のように抱えやすくなります。送信済みの内容、相手の判断待ち、今日中に自分で終えられる作業を分けてください。反応の速さは変えようとせず、確認する時刻を一度だけ決めると、焦りと実務を混ぜず一日を閉じられます。,full_moon;sun;moon;uranus;neptune;pluto;outer_network,1
2026_09_FULL_MOON_OUTER_NETWORK_S06_N04,2026_09_FULL_MOON_OUTER_NETWORK,2026-09,aspect_cluster,2026-09-26T00:00:00+09:00,2026-09-27T01:49:00+09:00,2026-09-29T23:59:59+09:00,0,SUN|MOON|URANUS|NEPTUNE|PLUTO,SUN:LIBRA|MOON:ARIES|URANUS:GEMINI|NEPTUNE:ARIES|PLUTO:AQUARIUS,SUN-NEPTUNE:180|SUN-PLUTO:120|MOON-NEPTUNE:0|MOON-PLUTO:60|SUN-MOON:180|MOON-URANUS:60|SUN-URANUS:120,3,5,lunation_plus_planet,SUN,6,4,anchor_house,SUN|MOON|URANUS|NEPTUNE|PLUTO,swiss_ephemeris,FULL_MOON:2026-09-27|SUN:URANUS:120:2026-09-29,exact_day,SEP_FULL_MOON_OUTER_NETWORK,,80,100,家事の達成感と家族の機嫌を分けて受け取る,{event_date}頃は、家の用事を片づけた安堵と、家族にも満足してほしい気持ちが重なりそうです。実際に終えた家事、頼まれている世話、相手の気分を分けて捉えてください。家族の反応を整える役まで引き受けず、共有場所を一つ元へ戻したら完了とすると、暮らしを支えながら自分の休息も守れます。,full_moon;sun;moon;uranus;neptune;pluto;outer_network,1
2026_09_FULL_MOON_OUTER_NETWORK_S06_N05,2026_09_FULL_MOON_OUTER_NETWORK,2026-09,aspect_cluster,2026-09-26T00:00:00+09:00,2026-09-27T01:49:00+09:00,2026-09-29T23:59:59+09:00,0,SUN|MOON|URANUS|NEPTUNE|PLUTO,SUN:LIBRA|MOON:ARIES|URANUS:GEMINI|NEPTUNE:ARIES|PLUTO:AQUARIUS,SUN-NEPTUNE:180|SUN-PLUTO:120|MOON-NEPTUNE:0|MOON-PLUTO:60|SUN-MOON:180|MOON-URANUS:60|SUN-URANUS:120,3,5,lunation_plus_planet,SUN,6,5,anchor_house,SUN|MOON|URANUS|NEPTUNE|PLUTO,swiss_ephemeris,FULL_MOON:2026-09-27|SUN:URANUS:120:2026-09-29,exact_day,SEP_FULL_MOON_OUTER_NETWORK,,80,100,楽しい工夫と必要な作業の終点を揃える,{event_date}頃は、仕事や日課を楽しくしようと工夫するほど、もう十分という地点を越えて手を加えたくなるかもしれません。必要な成果、遊びとして試した部分、次回へ残す案を分けてください。周囲の反応で完成度を変え続けず、使える形になった時点を一区切りにすると、創造性を消耗させず日常へ戻せます。,full_moon;sun;moon;uranus;neptune;pluto;outer_network,1
2026_09_FULL_MOON_OUTER_NETWORK_S06_N06,2026_09_FULL_MOON_OUTER_NETWORK,2026-09,aspect_cluster,2026-09-26T00:00:00+09:00,2026-09-27T01:49:00+09:00,2026-09-29T23:59:59+09:00,0,SUN|MOON|URANUS|NEPTUNE|PLUTO,SUN:LIBRA|MOON:ARIES|URANUS:GEMINI|NEPTUNE:ARIES|PLUTO:AQUARIUS,SUN-NEPTUNE:180|SUN-PLUTO:120|MOON-NEPTUNE:0|MOON-PLUTO:60|SUN-MOON:180|MOON-URANUS:60|SUN-URANUS:120,3,5,lunation_plus_planet,SUN,6,6,anchor_house,SUN|MOON|URANUS|NEPTUNE|PLUTO,swiss_ephemeris,FULL_MOON:2026-09-27|SUN:URANUS:120:2026-09-29,exact_day,SEP_FULL_MOON_OUTER_NETWORK,,80,100,乱れた日課から戻せる一つだけを選ぶ,{event_date}頃は、積み重なった用事が一度に目に入り、生活全体を立て直さなければと気持ちが高まりやすくなります。今日変えられる手順、環境に左右される時間、今は受け入れる負担を分けてください。睡眠、食事、片づけのうち一つだけを元の位置へ戻すと、完全さを求めず日課に現実的な区切りをつけられます。,full_moon;sun;moon;uranus;neptune;pluto;outer_network,1
2026_09_FULL_MOON_OUTER_NETWORK_S06_N07,2026_09_FULL_MOON_OUTER_NETWORK,2026-09,aspect_cluster,2026-09-26T00:00:00+09:00,2026-09-27T01:49:00+09:00,2026-09-29T23:59:59+09:00,0,SUN|MOON|URANUS|NEPTUNE|PLUTO,SUN:LIBRA|MOON:ARIES|URANUS:GEMINI|NEPTUNE:ARIES|PLUTO:AQUARIUS,SUN-NEPTUNE:180|SUN-PLUTO:120|MOON-NEPTUNE:0|MOON-PLUTO:60|SUN-MOON:180|MOON-URANUS:60|SUN-URANUS:120,3,5,lunation_plus_planet,SUN,6,7,anchor_house,SUN|MOON|URANUS|NEPTUNE|PLUTO,swiss_ephemeris,FULL_MOON:2026-09-27|SUN:URANUS:120:2026-09-29,exact_day,SEP_FULL_MOON_OUTER_NETWORK,,80,100,相手の依頼と自分の担当範囲を閉じ直す,{event_date}頃は、協力相手の困りごとが強く見え、自分が最後まで支えなければ仕事が終わらないと感じそうです。合意した担当、追加で頼まれたこと、相手自身が決める部分を分けてください。手伝える時間を具体的に伝え、残りは返すことで、関係を冷たくせず共同作業へ明確な終点を置けます。,full_moon;sun;moon;uranus;neptune;pluto;outer_network,1
2026_09_FULL_MOON_OUTER_NETWORK_S06_N08,2026_09_FULL_MOON_OUTER_NETWORK,2026-09,aspect_cluster,2026-09-26T00:00:00+09:00,2026-09-27T01:49:00+09:00,2026-09-29T23:59:59+09:00,0,SUN|MOON|URANUS|NEPTUNE|PLUTO,SUN:LIBRA|MOON:ARIES|URANUS:GEMINI|NEPTUNE:ARIES|PLUTO:AQUARIUS,SUN-NEPTUNE:180|SUN-PLUTO:120|MOON-NEPTUNE:0|MOON-PLUTO:60|SUN-MOON:180|MOON-URANUS:60|SUN-URANUS:120,3,5,lunation_plus_planet,SUN,6,8,anchor_house,SUN|MOON|URANUS|NEPTUNE|PLUTO,swiss_ephemeris,FULL_MOON:2026-09-27|SUN:URANUS:120:2026-09-29,exact_day,SEP_FULL_MOON_OUTER_NETWORK,,80,100,共有作業の責任と残す記録を切り分ける,{event_date}頃は、引継ぎや共同管理で見えない負担が表面化し、誰が悪かったかを確かめたくなるかもしれません。発生した事実、自分が完了した処理、今後必要な記録を分けてください。過去の意図を決めつけず、閲覧範囲と次の担当者を明記すると、感情的な重さを増やさず共有業務を閉じられます。,full_moon;sun;moon;uranus;neptune;pluto;outer_network,1
2026_09_FULL_MOON_OUTER_NETWORK_S06_N09,2026_09_FULL_MOON_OUTER_NETWORK,2026-09,aspect_cluster,2026-09-26T00:00:00+09:00,2026-09-27T01:49:00+09:00,2026-09-29T23:59:59+09:00,0,SUN|MOON|URANUS|NEPTUNE|PLUTO,SUN:LIBRA|MOON:ARIES|URANUS:GEMINI|NEPTUNE:ARIES|PLUTO:AQUARIUS,SUN-NEPTUNE:180|SUN-PLUTO:120|MOON-NEPTUNE:0|MOON-PLUTO:60|SUN-MOON:180|MOON-URANUS:60|SUN-URANUS:120,3,5,lunation_plus_planet,SUN,6,9,anchor_house,SUN|MOON|URANUS|NEPTUNE|PLUTO,swiss_ephemeris,FULL_MOON:2026-09-27|SUN:URANUS:120:2026-09-29,exact_day,SEP_FULL_MOON_OUTER_NETWORK,,80,100,理想の健康法と続けられる日課を分ける,{event_date}頃は、学んだ働き方やセルフケアの方法を一気に取り入れ、今の生活を変えたくなりそうです。根拠を確認できた情報、自分の身体で試した結果、まだ憧れに留まる方法を分けてください。一週間続ける一項目だけを選ぶと、正解探しへ区切りがつき、経験に合う習慣を見つけやすくなります。,full_moon;sun;moon;uranus;neptune;pluto;outer_network,1
2026_09_FULL_MOON_OUTER_NETWORK_S06_N10,2026_09_FULL_MOON_OUTER_NETWORK,2026-09,aspect_cluster,2026-09-26T00:00:00+09:00,2026-09-27T01:49:00+09:00,2026-09-29T23:59:59+09:00,0,SUN|MOON|URANUS|NEPTUNE|PLUTO,SUN:LIBRA|MOON:ARIES|URANUS:GEMINI|NEPTUNE:ARIES|PLUTO:AQUARIUS,SUN-NEPTUNE:180|SUN-PLUTO:120|MOON-NEPTUNE:0|MOON-PLUTO:60|SUN-MOON:180|MOON-URANUS:60|SUN-URANUS:120,3,5,lunation_plus_planet,SUN,6,10,anchor_house,SUN|MOON|URANUS|NEPTUNE|PLUTO,swiss_ephemeris,FULL_MOON:2026-09-27|SUN:URANUS:120:2026-09-29,exact_day,SEP_FULL_MOON_OUTER_NETWORK,,80,100,見える成果と支えた実務を同じ表へ載せる,{event_date}頃は、仕事の成果が公になる一方、目立たない調整まで正しく評価してほしい気持ちが高まりそうです。提出した成果、途中で支えた工程、評価者が実際に知る情報を分けてください。理解されていない部分を想像で膨らませず、記録へ一項目加えると、評判に振り回されず今回の役割を完了できます。,full_moon;sun;moon;uranus;neptune;pluto;outer_network,1
2026_09_FULL_MOON_OUTER_NETWORK_S06_N11,2026_09_FULL_MOON_OUTER_NETWORK,2026-09,aspect_cluster,2026-09-26T00:00:00+09:00,2026-09-27T01:49:00+09:00,2026-09-29T23:59:59+09:00,0,SUN|MOON|URANUS|NEPTUNE|PLUTO,SUN:LIBRA|MOON:ARIES|URANUS:GEMINI|NEPTUNE:ARIES|PLUTO:AQUARIUS,SUN-NEPTUNE:180|SUN-PLUTO:120|MOON-NEPTUNE:0|MOON-PLUTO:60|SUN-MOON:180|MOON-URANUS:60|SUN-URANUS:120,3,5,lunation_plus_planet,SUN,6,11,anchor_house,SUN|MOON|URANUS|NEPTUNE|PLUTO,swiss_ephemeris,FULL_MOON:2026-09-27|SUN:URANUS:120:2026-09-29,exact_day,SEP_FULL_MOON_OUTER_NETWORK,,80,100,チームの忙しさと自分の当番を分けて終える,{event_date}頃は、仲間の遅れや疲れが気になり、全体を守るために自分の予定まで広げたくなるかもしれません。自分の当番、支援を申し出た範囲、運営側が決める課題を分けてください。全員の気持ちを整えようとせず、担当表を更新して引き渡すと、連帯感を保ちながら今日の作業を閉じられます。,full_moon;sun;moon;uranus;neptune;pluto;outer_network,1
2026_09_FULL_MOON_OUTER_NETWORK_S06_N12,2026_09_FULL_MOON_OUTER_NETWORK,2026-09,aspect_cluster,2026-09-26T00:00:00+09:00,2026-09-27T01:49:00+09:00,2026-09-29T23:59:59+09:00,0,SUN|MOON|URANUS|NEPTUNE|PLUTO,SUN:LIBRA|MOON:ARIES|URANUS:GEMINI|NEPTUNE:ARIES|PLUTO:AQUARIUS,SUN-NEPTUNE:180|SUN-PLUTO:120|MOON-NEPTUNE:0|MOON-PLUTO:60|SUN-MOON:180|MOON-URANUS:60|SUN-URANUS:120,3,5,lunation_plus_planet,SUN,6,12,anchor_house,SUN|MOON|URANUS|NEPTUNE|PLUTO,swiss_ephemeris,FULL_MOON:2026-09-27|SUN:URANUS:120:2026-09-29,exact_day,SEP_FULL_MOON_OUTER_NETWORK,,80,100,見えない疲れと未完了の用事を別々に休ませる,{event_date}頃は、表向きの仕事が終わっても頭の中で手順が続き、休んでいるのに何も終わっていないと感じやすくなります。実際の未処理、心配として繰り返す場面、今夜は触れない用事を分けてください。答えを出せないことはメモに預け、照明や端末を閉じる時刻を決めると、内側の緊張へ静かな区切りを置けます。,full_moon;sun;moon;uranus;neptune;pluto;outer_network,1
2026_09_FULL_MOON_OUTER_NETWORK_S07_N01,2026_09_FULL_MOON_OUTER_NETWORK,2026-09,aspect_cluster,2026-09-26T00:00:00+09:00,2026-09-27T01:49:00+09:00,2026-09-29T23:59:59+09:00,0,SUN|MOON|URANUS|NEPTUNE|PLUTO,SUN:LIBRA|MOON:ARIES|URANUS:GEMINI|NEPTUNE:ARIES|PLUTO:AQUARIUS,SUN-NEPTUNE:180|SUN-PLUTO:120|MOON-NEPTUNE:0|MOON-PLUTO:60|SUN-MOON:180|MOON-URANUS:60|SUN-URANUS:120,3,5,lunation_plus_planet,SUN,7,1,anchor_house,SUN|MOON|URANUS|NEPTUNE|PLUTO,swiss_ephemeris,FULL_MOON:2026-09-27|SUN:URANUS:120:2026-09-29,exact_day,SEP_FULL_MOON_OUTER_NETWORK,,80,100,相手に映る自分と自分の意思を分けて選ぶ,{event_date}頃は、相手の反応が鏡のように強く響き、好かれる自分でいるか本音を通すかの二択に感じやすくなります。相手が実際に言ったこと、自分が推測した評価、今伝えたい希望を分けてください。理解の仕方は変えようとせず、自分の返答を一文で示すと、関係を切らずに立場へ一区切りをつけられます。,full_moon;sun;moon;uranus;neptune;pluto;outer_network,1
2026_09_FULL_MOON_OUTER_NETWORK_S07_N02,2026_09_FULL_MOON_OUTER_NETWORK,2026-09,aspect_cluster,2026-09-26T00:00:00+09:00,2026-09-27T01:49:00+09:00,2026-09-29T23:59:59+09:00,0,SUN|MOON|URANUS|NEPTUNE|PLUTO,SUN:LIBRA|MOON:ARIES|URANUS:GEMINI|NEPTUNE:ARIES|PLUTO:AQUARIUS,SUN-NEPTUNE:180|SUN-PLUTO:120|MOON-NEPTUNE:0|MOON-PLUTO:60|SUN-MOON:180|MOON-URANUS:60|SUN-URANUS:120,3,5,lunation_plus_planet,SUN,7,2,anchor_house,SUN|MOON|URANUS|NEPTUNE|PLUTO,swiss_ephemeris,FULL_MOON:2026-09-27|SUN:URANUS:120:2026-09-29,exact_day,SEP_FULL_MOON_OUTER_NETWORK,,80,100,二人の支出と個人の安心を別の数字で見る,{event_date}頃は、関係を続けるために使ったお金や時間が気になり、愛情と負担の釣り合いを一度に判断したくなりそうです。共同の支出、自分だけの必要額、すでに合意した分担を分けてください。過去の好意を請求へ変えず、次の支払い条件を数字で決めると、感情を否定せず今後の安心を守れます。,full_moon;sun;moon;uranus;neptune;pluto;outer_network,1
2026_09_FULL_MOON_OUTER_NETWORK_S07_N03,2026_09_FULL_MOON_OUTER_NETWORK,2026-09,aspect_cluster,2026-09-26T00:00:00+09:00,2026-09-27T01:49:00+09:00,2026-09-29T23:59:59+09:00,0,SUN|MOON|URANUS|NEPTUNE|PLUTO,SUN:LIBRA|MOON:ARIES|URANUS:GEMINI|NEPTUNE:ARIES|PLUTO:AQUARIUS,SUN-NEPTUNE:180|SUN-PLUTO:120|MOON-NEPTUNE:0|MOON-PLUTO:60|SUN-MOON:180|MOON-URANUS:60|SUN-URANUS:120,3,5,lunation_plus_planet,SUN,7,3,anchor_house,SUN|MOON|URANUS|NEPTUNE|PLUTO,swiss_ephemeris,FULL_MOON:2026-09-27|SUN:URANUS:120:2026-09-29,exact_day,SEP_FULL_MOON_OUTER_NETWORK,,80,100,強い言葉と確認できた約束を切り分ける,{event_date}頃は、対話の余韻が大きくなり、短い返事にも賛成や拒否の意味を読み込みやすくなります。実際の発言、まだ尋ねていない意図、決定として残す事項を分けてください。相手の本心を当てようとせず、要点を確認する一通を送ると、言葉の波に飲まれず話し合いへ明確な終点を置けます。,full_moon;sun;moon;uranus;neptune;pluto;outer_network,1
2026_09_FULL_MOON_OUTER_NETWORK_S07_N04,2026_09_FULL_MOON_OUTER_NETWORK,2026-09,aspect_cluster,2026-09-26T00:00:00+09:00,2026-09-27T01:49:00+09:00,2026-09-29T23:59:59+09:00,0,SUN|MOON|URANUS|NEPTUNE|PLUTO,SUN:LIBRA|MOON:ARIES|URANUS:GEMINI|NEPTUNE:ARIES|PLUTO:AQUARIUS,SUN-NEPTUNE:180|SUN-PLUTO:120|MOON-NEPTUNE:0|MOON-PLUTO:60|SUN-MOON:180|MOON-URANUS:60|SUN-URANUS:120,3,5,lunation_plus_planet,SUN,7,4,anchor_house,SUN|MOON|URANUS|NEPTUNE|PLUTO,swiss_ephemeris,FULL_MOON:2026-09-27|SUN:URANUS:120:2026-09-29,exact_day,SEP_FULL_MOON_OUTER_NETWORK,,80,100,一緒に暮らす安心と役割の事実を並べ直す,{event_date}頃は、家や家族をめぐる相手との話し合いで、昔からの感情と現在の条件が重なりそうです。今必要な生活条件、家族から受け継いだ前提、相手が示した希望を分けてください。誰かの安心を一人で作ろうとせず、変更できる役割を一つ決めると、暮らしの土台を壊さず古い前提へ区切りを置けます。,full_moon;sun;moon;uranus;neptune;pluto;outer_network,1
2026_09_FULL_MOON_OUTER_NETWORK_S07_N05,2026_09_FULL_MOON_OUTER_NETWORK,2026-09,aspect_cluster,2026-09-26T00:00:00+09:00,2026-09-27T01:49:00+09:00,2026-09-29T23:59:59+09:00,0,SUN|MOON|URANUS|NEPTUNE|PLUTO,SUN:LIBRA|MOON:ARIES|URANUS:GEMINI|NEPTUNE:ARIES|PLUTO:AQUARIUS,SUN-NEPTUNE:180|SUN-PLUTO:120|MOON-NEPTUNE:0|MOON-PLUTO:60|SUN-MOON:180|MOON-URANUS:60|SUN-URANUS:120,3,5,lunation_plus_planet,SUN,7,5,anchor_house,SUN|MOON|URANUS|NEPTUNE|PLUTO,swiss_ephemeris,FULL_MOON:2026-09-27|SUN:URANUS:120:2026-09-29,exact_day,SEP_FULL_MOON_OUTER_NETWORK,,80,100,恋の高まりと二人が選べる次の一歩を分ける,{event_date}頃は、恋愛や共同表現の盛り上がりが頂点に達し、この感覚だけで次の約束まで決めたくなるかもしれません。楽しかった事実、自分の期待、相手が選んだ行動を分けてください。気持ちの強さを結論にせず、次に会うか作るかを一つ相談すると、余韻を守りながら関係へ無理のない区切りを置けます。,full_moon;sun;moon;uranus;neptune;pluto;outer_network,1
2026_09_FULL_MOON_OUTER_NETWORK_S07_N06,2026_09_FULL_MOON_OUTER_NETWORK,2026-09,aspect_cluster,2026-09-26T00:00:00+09:00,2026-09-27T01:49:00+09:00,2026-09-29T23:59:59+09:00,0,SUN|MOON|URANUS|NEPTUNE|PLUTO,SUN:LIBRA|MOON:ARIES|URANUS:GEMINI|NEPTUNE:ARIES|PLUTO:AQUARIUS,SUN-NEPTUNE:180|SUN-PLUTO:120|MOON-NEPTUNE:0|MOON-PLUTO:60|SUN-MOON:180|MOON-URANUS:60|SUN-URANUS:120,3,5,lunation_plus_planet,SUN,7,6,anchor_house,SUN|MOON|URANUS|NEPTUNE|PLUTO,swiss_ephemeris,FULL_MOON:2026-09-27|SUN:URANUS:120:2026-09-29,exact_day,SEP_FULL_MOON_OUTER_NETWORK,,80,100,支え合った実績と続ける分担を分けて決める,{event_date}頃は、日々助け合ってきたことへの感謝と、もう同じ負担は続けられない実感が同時に強まりそうです。実際に担った作業、相手が補った部分、今後必要な頻度を分けてください。感謝を役割継続の義務にせず、次の一週間の担当だけを決めると、関係を保ちながら古い分担を終えられます。,full_moon;sun;moon;uranus;neptune;pluto;outer_network,1
2026_09_FULL_MOON_OUTER_NETWORK_S07_N07,2026_09_FULL_MOON_OUTER_NETWORK,2026-09,aspect_cluster,2026-09-26T00:00:00+09:00,2026-09-27T01:49:00+09:00,2026-09-29T23:59:59+09:00,0,SUN|MOON|URANUS|NEPTUNE|PLUTO,SUN:LIBRA|MOON:ARIES|URANUS:GEMINI|NEPTUNE:ARIES|PLUTO:AQUARIUS,SUN-NEPTUNE:180|SUN-PLUTO:120|MOON-NEPTUNE:0|MOON-PLUTO:60|SUN-MOON:180|MOON-URANUS:60|SUN-URANUS:120,3,5,lunation_plus_planet,SUN,7,7,anchor_house,SUN|MOON|URANUS|NEPTUNE|PLUTO,swiss_ephemeris,FULL_MOON:2026-09-27|SUN:URANUS:120:2026-09-29,exact_day,SEP_FULL_MOON_OUTER_NETWORK,,80,100,関係の節目と今も有効な約束を照らし合わせる,{event_date}頃は、二人の関係が大きな節目に見え、続けるか変えるかを一度に決めたくなるかもしれません。これまで守れた約束、今は合わない条件、まだ共有していない希望を分けてください。相手の答えを急がせず、現時点で合意できる一点を記録すると、感情の高まりだけで関係全体を決めずに済みます。,full_moon;sun;moon;uranus;neptune;pluto;outer_network,1
2026_09_FULL_MOON_OUTER_NETWORK_S07_N08,2026_09_FULL_MOON_OUTER_NETWORK,2026-09,aspect_cluster,2026-09-26T00:00:00+09:00,2026-09-27T01:49:00+09:00,2026-09-29T23:59:59+09:00,0,SUN|MOON|URANUS|NEPTUNE|PLUTO,SUN:LIBRA|MOON:ARIES|URANUS:GEMINI|NEPTUNE:ARIES|PLUTO:AQUARIUS,SUN-NEPTUNE:180|SUN-PLUTO:120|MOON-NEPTUNE:0|MOON-PLUTO:60|SUN-MOON:180|MOON-URANUS:60|SUN-URANUS:120,3,5,lunation_plus_planet,SUN,7,8,anchor_house,SUN|MOON|URANUS|NEPTUNE|PLUTO,swiss_ephemeris,FULL_MOON:2026-09-27|SUN:URANUS:120:2026-09-29,exact_day,SEP_FULL_MOON_OUTER_NETWORK,,80,100,親密さの深さと共有する範囲を再確認する,{event_date}頃は、相手と深く分かり合いたい思いが強まり、秘密や資源まで共有することが信頼の証に見えやすくなります。本人だけの情報、共同で扱うもの、明確な同意がある範囲を分けてください。開示を迫らず、変更できる権限を一つ確認すると、近さを損なわず曖昧な共有へ区切りを置けます。,full_moon;sun;moon;uranus;neptune;pluto;outer_network,1
2026_09_FULL_MOON_OUTER_NETWORK_S07_N09,2026_09_FULL_MOON_OUTER_NETWORK,2026-09,aspect_cluster,2026-09-26T00:00:00+09:00,2026-09-27T01:49:00+09:00,2026-09-29T23:59:59+09:00,0,SUN|MOON|URANUS|NEPTUNE|PLUTO,SUN:LIBRA|MOON:ARIES|URANUS:GEMINI|NEPTUNE:ARIES|PLUTO:AQUARIUS,SUN-NEPTUNE:180|SUN-PLUTO:120|MOON-NEPTUNE:0|MOON-PLUTO:60|SUN-MOON:180|MOON-URANUS:60|SUN-URANUS:120,3,5,lunation_plus_planet,SUN,7,9,anchor_house,SUN|MOON|URANUS|NEPTUNE|PLUTO,swiss_ephemeris,FULL_MOON:2026-09-27|SUN:URANUS:120:2026-09-29,exact_day,SEP_FULL_MOON_OUTER_NETWORK,,80,100,意見の違いと共に進める目的を分けて捉える,{event_date}頃は、相手との価値観の違いが鮮明になり、同じ考えでなければ協力できないように感じるかもしれません。事実として違う見解、共有できる目的、保留してよい問いを分けてください。説得で相手を変えようとせず、次に試す行動だけを合わせると、違いを残したまま対話を完了できます。,full_moon;sun;moon;uranus;neptune;pluto;outer_network,1
2026_09_FULL_MOON_OUTER_NETWORK_S07_N10,2026_09_FULL_MOON_OUTER_NETWORK,2026-09,aspect_cluster,2026-09-26T00:00:00+09:00,2026-09-27T01:49:00+09:00,2026-09-29T23:59:59+09:00,0,SUN|MOON|URANUS|NEPTUNE|PLUTO,SUN:LIBRA|MOON:ARIES|URANUS:GEMINI|NEPTUNE:ARIES|PLUTO:AQUARIUS,SUN-NEPTUNE:180|SUN-PLUTO:120|MOON-NEPTUNE:0|MOON-PLUTO:60|SUN-MOON:180|MOON-URANUS:60|SUN-URANUS:120,3,5,lunation_plus_planet,SUN,7,10,anchor_house,SUN|MOON|URANUS|NEPTUNE|PLUTO,swiss_ephemeris,FULL_MOON:2026-09-27|SUN:URANUS:120:2026-09-29,exact_day,SEP_FULL_MOON_OUTER_NETWORK,,80,100,公の関係と当事者だけの合意を分けて守る,{event_date}頃は、提携やパートナーシップが周囲から見られ、説明しやすい形へ急いで整えたくなりそうです。公表済みの役割、二人だけで決めた条件、外部が期待する姿を分けてください。評判に合わせて約束を変えず、誰が何を説明するか決めると、外向きの評価と実際の関係を混ぜずに済みます。,full_moon;sun;moon;uranus;neptune;pluto;outer_network,1
2026_09_FULL_MOON_OUTER_NETWORK_S07_N11,2026_09_FULL_MOON_OUTER_NETWORK,2026-09,aspect_cluster,2026-09-26T00:00:00+09:00,2026-09-27T01:49:00+09:00,2026-09-29T23:59:59+09:00,0,SUN|MOON|URANUS|NEPTUNE|PLUTO,SUN:LIBRA|MOON:ARIES|URANUS:GEMINI|NEPTUNE:ARIES|PLUTO:AQUARIUS,SUN-NEPTUNE:180|SUN-PLUTO:120|MOON-NEPTUNE:0|MOON-PLUTO:60|SUN-MOON:180|MOON-URANUS:60|SUN-URANUS:120,3,5,lunation_plus_planet,SUN,7,11,anchor_house,SUN|MOON|URANUS|NEPTUNE|PLUTO,swiss_ephemeris,FULL_MOON:2026-09-27|SUN:URANUS:120:2026-09-29,exact_day,SEP_FULL_MOON_OUTER_NETWORK,,80,100,周囲の賛否から共同の目的を取り戻す,{event_date}頃は、友人やチームの反応が大きく、二人の協力が皆に支持されるかどうかを気にしやすくなります。外から届いた意見、当事者間の目的、運営上必要な変更を分けてください。全員の納得を得ようとせず、共同で続ける一点を確認すると、周囲の熱を受け止めつつ関係の軸を守れます。,full_moon;sun;moon;uranus;neptune;pluto;outer_network,1
2026_09_FULL_MOON_OUTER_NETWORK_S07_N12,2026_09_FULL_MOON_OUTER_NETWORK,2026-09,aspect_cluster,2026-09-26T00:00:00+09:00,2026-09-27T01:49:00+09:00,2026-09-29T23:59:59+09:00,0,SUN|MOON|URANUS|NEPTUNE|PLUTO,SUN:LIBRA|MOON:ARIES|URANUS:GEMINI|NEPTUNE:ARIES|PLUTO:AQUARIUS,SUN-NEPTUNE:180|SUN-PLUTO:120|MOON-NEPTUNE:0|MOON-PLUTO:60|SUN-MOON:180|MOON-URANUS:60|SUN-URANUS:120,3,5,lunation_plus_planet,SUN,7,12,anchor_house,SUN|MOON|URANUS|NEPTUNE|PLUTO,swiss_ephemeris,FULL_MOON:2026-09-27|SUN:URANUS:120:2026-09-29,exact_day,SEP_FULL_MOON_OUTER_NETWORK,,80,100,言えなかった期待と今伝える事実を分ける,{event_date}頃は、察してほしかった思いや過去の関係の記憶が浮かび、目の前の相手にも同じ意味を重ねやすくなります。現在起きていること、昔から抱えている不安、まだ口にしていない希望を分けてください。相手に答えを求める前に、自分の希望を一つ言葉にすると、無言の期待へ静かな区切りを置けます。,full_moon;sun;moon;uranus;neptune;pluto;outer_network,1
2026_09_FULL_MOON_OUTER_NETWORK_S08_N01,2026_09_FULL_MOON_OUTER_NETWORK,2026-09,aspect_cluster,2026-09-26T00:00:00+09:00,2026-09-27T01:49:00+09:00,2026-09-29T23:59:59+09:00,0,SUN|MOON|URANUS|NEPTUNE|PLUTO,SUN:LIBRA|MOON:ARIES|URANUS:GEMINI|NEPTUNE:ARIES|PLUTO:AQUARIUS,SUN-NEPTUNE:180|SUN-PLUTO:120|MOON-NEPTUNE:0|MOON-PLUTO:60|SUN-MOON:180|MOON-URANUS:60|SUN-URANUS:120,3,5,lunation_plus_planet,SUN,8,1,anchor_house,SUN|MOON|URANUS|NEPTUNE|PLUTO,swiss_ephemeris,FULL_MOON:2026-09-27|SUN:URANUS:120:2026-09-29,exact_day,SEP_FULL_MOON_OUTER_NETWORK,,80,100,深く関わる自分と守る輪郭を分けて選ぶ,{event_date}頃は、親密な関係や重要な引継ぎへ深く入り込み、相手の事情まで自分の責任のように感じやすくなります。自分が同意した役割、相手から預かったもの、引き受けていない期待を分けてください。相手の感情は変えようとせず、返せる責任を一つ返すと、つながりを保ちながら自分の輪郭へ区切りを戻せます。,full_moon;sun;moon;uranus;neptune;pluto;outer_network,1
2026_09_FULL_MOON_OUTER_NETWORK_S08_N02,2026_09_FULL_MOON_OUTER_NETWORK,2026-09,aspect_cluster,2026-09-26T00:00:00+09:00,2026-09-27T01:49:00+09:00,2026-09-29T23:59:59+09:00,0,SUN|MOON|URANUS|NEPTUNE|PLUTO,SUN:LIBRA|MOON:ARIES|URANUS:GEMINI|NEPTUNE:ARIES|PLUTO:AQUARIUS,SUN-NEPTUNE:180|SUN-PLUTO:120|MOON-NEPTUNE:0|MOON-PLUTO:60|SUN-MOON:180|MOON-URANUS:60|SUN-URANUS:120,3,5,lunation_plus_planet,SUN,8,2,anchor_house,SUN|MOON|URANUS|NEPTUNE|PLUTO,swiss_ephemeris,FULL_MOON:2026-09-27|SUN:URANUS:120:2026-09-29,exact_day,SEP_FULL_MOON_OUTER_NETWORK,,80,100,自分の持分と共同の残高を別々に確定する,{event_date}頃は、共有資金や立替えの結果が見え、安心と不安が数字以上に大きく揺れそうです。自分の持分、共同口座の残高、今後必要な支払いを分けて確かめてください。過去の負担感を金額へ上乗せせず、今回確定した数字だけを記録すると、自分の基盤を守りながら共同会計を閉じられます。,full_moon;sun;moon;uranus;neptune;pluto;outer_network,1
2026_09_FULL_MOON_OUTER_NETWORK_S08_N03,2026_09_FULL_MOON_OUTER_NETWORK,2026-09,aspect_cluster,2026-09-26T00:00:00+09:00,2026-09-27T01:49:00+09:00,2026-09-29T23:59:59+09:00,0,SUN|MOON|URANUS|NEPTUNE|PLUTO,SUN:LIBRA|MOON:ARIES|URANUS:GEMINI|NEPTUNE:ARIES|PLUTO:AQUARIUS,SUN-NEPTUNE:180|SUN-PLUTO:120|MOON-NEPTUNE:0|MOON-PLUTO:60|SUN-MOON:180|MOON-URANUS:60|SUN-URANUS:120,3,5,lunation_plus_planet,SUN,8,3,anchor_house,SUN|MOON|URANUS|NEPTUNE|PLUTO,swiss_ephemeris,FULL_MOON:2026-09-27|SUN:URANUS:120:2026-09-29,exact_day,SEP_FULL_MOON_OUTER_NETWORK,,80,100,秘密の会話と記録に残す事実を分ける,{event_date}頃は、重要な話を託された重みから、言外の意味まで受け止めなければと感じるかもしれません。本人が話した事実、自分が推測した背景、共有を許された範囲を分けてください。結論を代わりに作らず、必要な要点だけを安全な場所へ残すと、信頼を損なわず会話の余韻へ区切りを置けます。,full_moon;sun;moon;uranus;neptune;pluto;outer_network,1
2026_09_FULL_MOON_OUTER_NETWORK_S08_N04,2026_09_FULL_MOON_OUTER_NETWORK,2026-09,aspect_cluster,2026-09-26T00:00:00+09:00,2026-09-27T01:49:00+09:00,2026-09-29T23:59:59+09:00,0,SUN|MOON|URANUS|NEPTUNE|PLUTO,SUN:LIBRA|MOON:ARIES|URANUS:GEMINI|NEPTUNE:ARIES|PLUTO:AQUARIUS,SUN-NEPTUNE:180|SUN-PLUTO:120|MOON-NEPTUNE:0|MOON-PLUTO:60|SUN-MOON:180|MOON-URANUS:60|SUN-URANUS:120,3,5,lunation_plus_planet,SUN,8,4,anchor_house,SUN|MOON|URANUS|NEPTUNE|PLUTO,swiss_ephemeris,FULL_MOON:2026-09-27|SUN:URANUS:120:2026-09-29,exact_day,SEP_FULL_MOON_OUTER_NETWORK,,80,100,家族の継承と今の暮らしの希望を切り分ける,{event_date}頃は、家族から受け継いだ物や責任をめぐり、思い出と現在の実用が同時に強く意識されそうです。保管する物、手続きが必要な資産、今の暮らしでは抱えられない役割を分けてください。家族の価値観を否定せず、扱いを決められる一点から終えると、過去を尊重しながら生活の余白を取り戻せます。,full_moon;sun;moon;uranus;neptune;pluto;outer_network,1
2026_09_FULL_MOON_OUTER_NETWORK_S08_N05,2026_09_FULL_MOON_OUTER_NETWORK,2026-09,aspect_cluster,2026-09-26T00:00:00+09:00,2026-09-27T01:49:00+09:00,2026-09-29T23:59:59+09:00,0,SUN|MOON|URANUS|NEPTUNE|PLUTO,SUN:LIBRA|MOON:ARIES|URANUS:GEMINI|NEPTUNE:ARIES|PLUTO:AQUARIUS,SUN-NEPTUNE:180|SUN-PLUTO:120|MOON-NEPTUNE:0|MOON-PLUTO:60|SUN-MOON:180|MOON-URANUS:60|SUN-URANUS:120,3,5,lunation_plus_planet,SUN,8,5,anchor_house,SUN|MOON|URANUS|NEPTUNE|PLUTO,swiss_ephemeris,FULL_MOON:2026-09-27|SUN:URANUS:120:2026-09-29,exact_day,SEP_FULL_MOON_OUTER_NETWORK,,80,100,贈り物の意味と純粋な楽しみを分けて受け取る,{event_date}頃は、恋愛や創作で交わした贈り物や支援に多くの意味を感じ、喜びと義務を混ぜやすくなります。受け取った物、明示された条件、自分が自由に楽しめる部分を分けてください。好意の真意を決めつけず、感謝だけを伝えて使い方は自分で選ぶと、重さを増やさず楽しい交流として一区切りを置けます。,full_moon;sun;moon;uranus;neptune;pluto;outer_network,1
2026_09_FULL_MOON_OUTER_NETWORK_S08_N06,2026_09_FULL_MOON_OUTER_NETWORK,2026-09,aspect_cluster,2026-09-26T00:00:00+09:00,2026-09-27T01:49:00+09:00,2026-09-29T23:59:59+09:00,0,SUN|MOON|URANUS|NEPTUNE|PLUTO,SUN:LIBRA|MOON:ARIES|URANUS:GEMINI|NEPTUNE:ARIES|PLUTO:AQUARIUS,SUN-NEPTUNE:180|SUN-PLUTO:120|MOON-NEPTUNE:0|MOON-PLUTO:60|SUN-MOON:180|MOON-URANUS:60|SUN-URANUS:120,3,5,lunation_plus_planet,SUN,8,6,anchor_house,SUN|MOON|URANUS|NEPTUNE|PLUTO,swiss_ephemeris,FULL_MOON:2026-09-27|SUN:URANUS:120:2026-09-29,exact_day,SEP_FULL_MOON_OUTER_NETWORK,,80,100,共同の負担と自分が続ける手順を分け直す,{event_date}頃は、保険や返済、共有物の管理が一段落し、誰がどれだけ担ったかへの感情も表面に出やすくなります。完了した手続き、今後も続く当番、自分では変えられない制度を分けてください。不満を日課へ持ち越さず、次回確認する日だけ決めると、共同責任を抱え続けず生活へ戻れます。,full_moon;sun;moon;uranus;neptune;pluto;outer_network,1
2026_09_FULL_MOON_OUTER_NETWORK_S08_N07,2026_09_FULL_MOON_OUTER_NETWORK,2026-09,aspect_cluster,2026-09-26T00:00:00+09:00,2026-09-27T01:49:00+09:00,2026-09-29T23:59:59+09:00,0,SUN|MOON|URANUS|NEPTUNE|PLUTO,SUN:LIBRA|MOON:ARIES|URANUS:GEMINI|NEPTUNE:ARIES|PLUTO:AQUARIUS,SUN-NEPTUNE:180|SUN-PLUTO:120|MOON-NEPTUNE:0|MOON-PLUTO:60|SUN-MOON:180|MOON-URANUS:60|SUN-URANUS:120,3,5,lunation_plus_planet,SUN,8,7,anchor_house,SUN|MOON|URANUS|NEPTUNE|PLUTO,swiss_ephemeris,FULL_MOON:2026-09-27|SUN:URANUS:120:2026-09-29,exact_day,SEP_FULL_MOON_OUTER_NETWORK,,80,100,信頼の深さと同意した責任を照らし合わせる,{event_date}頃は、二人で共有した秘密や資源が関係の深さを示すように感じ、信頼を一度に証明したくなるかもしれません。互いに同意したこと、どちらかだけが望むこと、撤回できる範囲を分けてください。相手の答えを急がせず、現在の合意を一項目確認すると、親密さを守りながら曖昧な責任を終えられます。,full_moon;sun;moon;uranus;neptune;pluto;outer_network,1
2026_09_FULL_MOON_OUTER_NETWORK_S08_N08,2026_09_FULL_MOON_OUTER_NETWORK,2026-09,aspect_cluster,2026-09-26T00:00:00+09:00,2026-09-27T01:49:00+09:00,2026-09-29T23:59:59+09:00,0,SUN|MOON|URANUS|NEPTUNE|PLUTO,SUN:LIBRA|MOON:ARIES|URANUS:GEMINI|NEPTUNE:ARIES|PLUTO:AQUARIUS,SUN-NEPTUNE:180|SUN-PLUTO:120|MOON-NEPTUNE:0|MOON-PLUTO:60|SUN-MOON:180|MOON-URANUS:60|SUN-URANUS:120,3,5,lunation_plus_planet,SUN,8,8,anchor_house,SUN|MOON|URANUS|NEPTUNE|PLUTO,swiss_ephemeris,FULL_MOON:2026-09-27|SUN:URANUS:120:2026-09-29,exact_day,SEP_FULL_MOON_OUTER_NETWORK,,80,100,重なった責任から今終えられる一件を選ぶ,{event_date}頃は、返済や引継ぎ、秘密の管理が重なり、全てを清算しなければ落ち着けないと感じやすくなります。期限がある案件、感情だけが残る出来事、今は相手の判断を待つ事項を分けてください。今日完了できる一件を閉じ、残りへ期限を付けると、深い重さを否定せず現実的な区切りを作れます。,full_moon;sun;moon;uranus;neptune;pluto;outer_network,1
2026_09_FULL_MOON_OUTER_NETWORK_S08_N09,2026_09_FULL_MOON_OUTER_NETWORK,2026-09,aspect_cluster,2026-09-26T00:00:00+09:00,2026-09-27T01:49:00+09:00,2026-09-29T23:59:59+09:00,0,SUN|MOON|URANUS|NEPTUNE|PLUTO,SUN:LIBRA|MOON:ARIES|URANUS:GEMINI|NEPTUNE:ARIES|PLUTO:AQUARIUS,SUN-NEPTUNE:180|SUN-PLUTO:120|MOON-NEPTUNE:0|MOON-PLUTO:60|SUN-MOON:180|MOON-URANUS:60|SUN-URANUS:120,3,5,lunation_plus_planet,SUN,8,9,anchor_house,SUN|MOON|URANUS|NEPTUNE|PLUTO,swiss_ephemeris,FULL_MOON:2026-09-27|SUN:URANUS:120:2026-09-29,exact_day,SEP_FULL_MOON_OUTER_NETWORK,,80,100,専門家の助言と自分が決める範囲を分ける,{event_date}頃は、契約や援助に関する専門的な情報が重く響き、権威ある意見を唯一の答えとして受け取りやすくなります。確認できた規則、助言者の見解、自分が選べる条件を分けてください。理解できない点は保留し、次に尋ねる質問を一つ残すと、知識へ敬意を払いながら判断の主導権を守れます。,full_moon;sun;moon;uranus;neptune;pluto;outer_network,1
2026_09_FULL_MOON_OUTER_NETWORK_S08_N10,2026_09_FULL_MOON_OUTER_NETWORK,2026-09,aspect_cluster,2026-09-26T00:00:00+09:00,2026-09-27T01:49:00+09:00,2026-09-29T23:59:59+09:00,0,SUN|MOON|URANUS|NEPTUNE|PLUTO,SUN:LIBRA|MOON:ARIES|URANUS:GEMINI|NEPTUNE:ARIES|PLUTO:AQUARIUS,SUN-NEPTUNE:180|SUN-PLUTO:120|MOON-NEPTUNE:0|MOON-PLUTO:60|SUN-MOON:180|MOON-URANUS:60|SUN-URANUS:120,3,5,lunation_plus_planet,SUN,8,10,anchor_house,SUN|MOON|URANUS|NEPTUNE|PLUTO,swiss_ephemeris,FULL_MOON:2026-09-27|SUN:URANUS:120:2026-09-29,exact_day,SEP_FULL_MOON_OUTER_NETWORK,,80,100,預かった資源と公に説明する責任を分ける,{event_date}頃は、組織の資金や機密を扱う役割が注目され、全てを説明して信頼を得たくなるかもしれません。公開できる実績、守秘が必要な内容、自分の権限外の決定を分けてください。周囲の不安を一人で消そうとせず、説明可能な範囲を明示すると、責任を果たしながら預かり物を守れます。,full_moon;sun;moon;uranus;neptune;pluto;outer_network,1
2026_09_FULL_MOON_OUTER_NETWORK_S08_N11,2026_09_FULL_MOON_OUTER_NETWORK,2026-09,aspect_cluster,2026-09-26T00:00:00+09:00,2026-09-27T01:49:00+09:00,2026-09-29T23:59:59+09:00,0,SUN|MOON|URANUS|NEPTUNE|PLUTO,SUN:LIBRA|MOON:ARIES|URANUS:GEMINI|NEPTUNE:ARIES|PLUTO:AQUARIUS,SUN-NEPTUNE:180|SUN-PLUTO:120|MOON-NEPTUNE:0|MOON-PLUTO:60|SUN-MOON:180|MOON-URANUS:60|SUN-URANUS:120,3,5,lunation_plus_planet,SUN,8,11,anchor_house,SUN|MOON|URANUS|NEPTUNE|PLUTO,swiss_ephemeris,FULL_MOON:2026-09-27|SUN:URANUS:120:2026-09-29,exact_day,SEP_FULL_MOON_OUTER_NETWORK,,80,100,共同基金の数字と仲間への情を分けて扱う,{event_date}頃は、グループの資金や共有物をめぐり、仲間を助けたい思いと公平な運営の間で心が揺れそうです。確定した残高、承認済みの支出、個人的に応援したい相手を分けてください。会計から情を消すのではなく、支援は別の方法で選ぶと、共同資源を透明に保ちながら今回の判断を閉じられます。,full_moon;sun;moon;uranus;neptune;pluto;outer_network,1
2026_09_FULL_MOON_OUTER_NETWORK_S08_N12,2026_09_FULL_MOON_OUTER_NETWORK,2026-09,aspect_cluster,2026-09-26T00:00:00+09:00,2026-09-27T01:49:00+09:00,2026-09-29T23:59:59+09:00,0,SUN|MOON|URANUS|NEPTUNE|PLUTO,SUN:LIBRA|MOON:ARIES|URANUS:GEMINI|NEPTUNE:ARIES|PLUTO:AQUARIUS,SUN-NEPTUNE:180|SUN-PLUTO:120|MOON-NEPTUNE:0|MOON-PLUTO:60|SUN-MOON:180|MOON-URANUS:60|SUN-URANUS:120,3,5,lunation_plus_planet,SUN,8,12,anchor_house,SUN|MOON|URANUS|NEPTUNE|PLUTO,swiss_ephemeris,FULL_MOON:2026-09-27|SUN:URANUS:120:2026-09-29,exact_day,SEP_FULL_MOON_OUTER_NETWORK,,80,100,名前のない不安と確認できる義務を切り離す,{event_date}頃は、忘れている約束や見えない負担があるように感じ、確証のない心配まで調べ続けたくなるかもしれません。書類で確認できる義務、記憶に残る感情、今は答えの出ない疑問を分けてください。確認先を一つ決めたら探索を止めると、不安を否定せず現実の責任だけを引き受けられます。,full_moon;sun;moon;uranus;neptune;pluto;outer_network,1
2026_09_FULL_MOON_OUTER_NETWORK_S09_N01,2026_09_FULL_MOON_OUTER_NETWORK,2026-09,aspect_cluster,2026-09-26T00:00:00+09:00,2026-09-27T01:49:00+09:00,2026-09-29T23:59:59+09:00,0,SUN|MOON|URANUS|NEPTUNE|PLUTO,SUN:LIBRA|MOON:ARIES|URANUS:GEMINI|NEPTUNE:ARIES|PLUTO:AQUARIUS,SUN-NEPTUNE:180|SUN-PLUTO:120|MOON-NEPTUNE:0|MOON-PLUTO:60|SUN-MOON:180|MOON-URANUS:60|SUN-URANUS:120,3,5,lunation_plus_planet,SUN,9,1,anchor_house,SUN|MOON|URANUS|NEPTUNE|PLUTO,swiss_ephemeris,FULL_MOON:2026-09-27|SUN:URANUS:120:2026-09-29,exact_day,SEP_FULL_MOON_OUTER_NETWORK,,80,100,広がった世界観と今の自分の立場を結ぶ,{event_date}頃は、学びや遠方で得た視点が自分の生き方へ強く響き、すぐに新しい立場を名乗りたくなるかもしれません。実際に経験したこと、心が惹かれる考え、まだ試していない理想を分けてください。今の自分が責任を持って言える一文だけを選ぶと、借り物の正しさを脱いで今回の探究へ区切りを置けます。,full_moon;sun;moon;uranus;neptune;pluto;outer_network,1
2026_09_FULL_MOON_OUTER_NETWORK_S09_N02,2026_09_FULL_MOON_OUTER_NETWORK,2026-09,aspect_cluster,2026-09-26T00:00:00+09:00,2026-09-27T01:49:00+09:00,2026-09-29T23:59:59+09:00,0,SUN|MOON|URANUS|NEPTUNE|PLUTO,SUN:LIBRA|MOON:ARIES|URANUS:GEMINI|NEPTUNE:ARIES|PLUTO:AQUARIUS,SUN-NEPTUNE:180|SUN-PLUTO:120|MOON-NEPTUNE:0|MOON-PLUTO:60|SUN-MOON:180|MOON-URANUS:60|SUN-URANUS:120,3,5,lunation_plus_planet,SUN,9,2,anchor_house,SUN|MOON|URANUS|NEPTUNE|PLUTO,swiss_ephemeris,FULL_MOON:2026-09-27|SUN:URANUS:120:2026-09-29,exact_day,SEP_FULL_MOON_OUTER_NETWORK,,80,100,学びと移動の支出を確定額から締め直す,{event_date}頃は、講座や遠出にかけた費用がまとまり、期待した価値と実際の残高を比べたくなりそうです。支払済みの額、取消可能な予約、これから必要になる見積りを分けてください。満足や後悔を数字へ混ぜず、確認できた合計だけを記録すると、学びを尊重しながら家計上の一区切りを付けられます。,full_moon;sun;moon;uranus;neptune;pluto;outer_network,1
2026_09_FULL_MOON_OUTER_NETWORK_S09_N03,2026_09_FULL_MOON_OUTER_NETWORK,2026-09,aspect_cluster,2026-09-26T00:00:00+09:00,2026-09-27T01:49:00+09:00,2026-09-29T23:59:59+09:00,0,SUN|MOON|URANUS|NEPTUNE|PLUTO,SUN:LIBRA|MOON:ARIES|URANUS:GEMINI|NEPTUNE:ARIES|PLUTO:AQUARIUS,SUN-NEPTUNE:180|SUN-PLUTO:120|MOON-NEPTUNE:0|MOON-PLUTO:60|SUN-MOON:180|MOON-URANUS:60|SUN-URANUS:120,3,5,lunation_plus_planet,SUN,9,3,anchor_house,SUN|MOON|URANUS|NEPTUNE|PLUTO,swiss_ephemeris,FULL_MOON:2026-09-27|SUN:URANUS:120:2026-09-29,exact_day,SEP_FULL_MOON_OUTER_NETWORK,,80,100,集めた資料から伝える要点を一つ選ぶ,{event_date}頃は、調べてきたテーマへの思いが高まり、全ての資料を使って一度に説明したくなるかもしれません。出典で確認できる事実、自分の解釈、相手が今知りたいことを分けてください。議論を勝敗で閉じず、根拠を添えた要点を一つ伝えると、知識を削らず会話や原稿へ明瞭な区切りを置けます。,full_moon;sun;moon;uranus;neptune;pluto;outer_network,1
2026_09_FULL_MOON_OUTER_NETWORK_S09_N04,2026_09_FULL_MOON_OUTER_NETWORK,2026-09,aspect_cluster,2026-09-26T00:00:00+09:00,2026-09-27T01:49:00+09:00,2026-09-29T23:59:59+09:00,0,SUN|MOON|URANUS|NEPTUNE|PLUTO,SUN:LIBRA|MOON:ARIES|URANUS:GEMINI|NEPTUNE:ARIES|PLUTO:AQUARIUS,SUN-NEPTUNE:180|SUN-PLUTO:120|MOON-NEPTUNE:0|MOON-PLUTO:60|SUN-MOON:180|MOON-URANUS:60|SUN-URANUS:120,3,5,lunation_plus_planet,SUN,9,4,anchor_house,SUN|MOON|URANUS|NEPTUNE|PLUTO,swiss_ephemeris,FULL_MOON:2026-09-27|SUN:URANUS:120:2026-09-29,exact_day,SEP_FULL_MOON_OUTER_NETWORK,,80,100,家族の常識と今の住まいの選択を分ける,{event_date}頃は、故郷や家族から受け継いだ考えを、今の暮らしにも残すべきか迷いやすくなります。家族の物語、住まいで実際に必要なこと、自分がこれから育てたい習慣を分けてください。昔の正しさを否定せず、家で続ける一つを選び直すと、遠い視点を足元へ持ち帰って節目を作れます。,full_moon;sun;moon;uranus;neptune;pluto;outer_network,1
2026_09_FULL_MOON_OUTER_NETWORK_S09_N05,2026_09_FULL_MOON_OUTER_NETWORK,2026-09,aspect_cluster,2026-09-26T00:00:00+09:00,2026-09-27T01:49:00+09:00,2026-09-29T23:59:59+09:00,0,SUN|MOON|URANUS|NEPTUNE|PLUTO,SUN:LIBRA|MOON:ARIES|URANUS:GEMINI|NEPTUNE:ARIES|PLUTO:AQUARIUS,SUN-NEPTUNE:180|SUN-PLUTO:120|MOON-NEPTUNE:0|MOON-PLUTO:60|SUN-MOON:180|MOON-URANUS:60|SUN-URANUS:120,3,5,lunation_plus_planet,SUN,9,5,anchor_house,SUN|MOON|URANUS|NEPTUNE|PLUTO,swiss_ephemeris,FULL_MOON:2026-09-27|SUN:URANUS:120:2026-09-29,exact_day,SEP_FULL_MOON_OUTER_NETWORK,,80,100,遠い憧れを自分の作品の結論へ戻す,{event_date}頃は、旅や学びで得た刺激が創作や恋愛への熱を高め、憧れをそのまま形にしたくなるかもしれません。参考にした表現、自分が体験した感情、相手に期待している物語を分けてください。評価を想像して広げ続けず、自分の言葉で一場面を完成させると、喜びを失わず着地点を作れます。,full_moon;sun;moon;uranus;neptune;pluto;outer_network,1
2026_09_FULL_MOON_OUTER_NETWORK_S09_N06,2026_09_FULL_MOON_OUTER_NETWORK,2026-09,aspect_cluster,2026-09-26T00:00:00+09:00,2026-09-27T01:49:00+09:00,2026-09-29T23:59:59+09:00,0,SUN|MOON|URANUS|NEPTUNE|PLUTO,SUN:LIBRA|MOON:ARIES|URANUS:GEMINI|NEPTUNE:ARIES|PLUTO:AQUARIUS,SUN-NEPTUNE:180|SUN-PLUTO:120|MOON-NEPTUNE:0|MOON-PLUTO:60|SUN-MOON:180|MOON-URANUS:60|SUN-URANUS:120,3,5,lunation_plus_planet,SUN,9,6,anchor_house,SUN|MOON|URANUS|NEPTUNE|PLUTO,swiss_ephemeris,FULL_MOON:2026-09-27|SUN:URANUS:120:2026-09-29,exact_day,SEP_FULL_MOON_OUTER_NETWORK,,80,100,学びの節目を明日の予定へ着地させる,{event_date}頃は、学習や渡航の大きな計画が節目を迎え、興奮と疲れの両方が日常へ戻ってきそうです。終えた準備、毎日続ける作業、先方の返答を待つ事項を分けてください。不要になった予定を一つ外し、次に使う時間帯だけを確保すると、余韻を抱えたまま無理のないリズムへ戻れます。,full_moon;sun;moon;uranus;neptune;pluto;outer_network,1
2026_09_FULL_MOON_OUTER_NETWORK_S09_N07,2026_09_FULL_MOON_OUTER_NETWORK,2026-09,aspect_cluster,2026-09-26T00:00:00+09:00,2026-09-27T01:49:00+09:00,2026-09-29T23:59:59+09:00,0,SUN|MOON|URANUS|NEPTUNE|PLUTO,SUN:LIBRA|MOON:ARIES|URANUS:GEMINI|NEPTUNE:ARIES|PLUTO:AQUARIUS,SUN-NEPTUNE:180|SUN-PLUTO:120|MOON-NEPTUNE:0|MOON-PLUTO:60|SUN-MOON:180|MOON-URANUS:60|SUN-URANUS:120,3,5,lunation_plus_planet,SUN,9,7,anchor_house,SUN|MOON|URANUS|NEPTUNE|PLUTO,swiss_ephemeris,FULL_MOON:2026-09-27|SUN:URANUS:120:2026-09-29,exact_day,SEP_FULL_MOON_OUTER_NETWORK,,80,100,異なる信念と二人の合意点を切り分ける,{event_date}頃は、遠方の相手や異なる背景を持つ人との約束に結論が見え、理解された喜びと違いへの戸惑いが同時に表れそうです。合意した条件、価値観が異なる点、まだ返答を待つ項目を分けてください。思想まで一致させようとせず、一つの合意を書面に残すと、関係を尊重しながら話し合いを閉じられます。,full_moon;sun;moon;uranus;neptune;pluto;outer_network,1
2026_09_FULL_MOON_OUTER_NETWORK_S09_N08,2026_09_FULL_MOON_OUTER_NETWORK,2026-09,aspect_cluster,2026-09-26T00:00:00+09:00,2026-09-27T01:49:00+09:00,2026-09-29T23:59:59+09:00,0,SUN|MOON|URANUS|NEPTUNE|PLUTO,SUN:LIBRA|MOON:ARIES|URANUS:GEMINI|NEPTUNE:ARIES|PLUTO:AQUARIUS,SUN-NEPTUNE:180|SUN-PLUTO:120|MOON-NEPTUNE:0|MOON-PLUTO:60|SUN-MOON:180|MOON-URANUS:60|SUN-URANUS:120,3,5,lunation_plus_planet,SUN,9,8,anchor_house,SUN|MOON|URANUS|NEPTUNE|PLUTO,swiss_ephemeris,FULL_MOON:2026-09-27|SUN:URANUS:120:2026-09-29,exact_day,SEP_FULL_MOON_OUTER_NETWORK,,80,100,深い研究の成果と公開できる範囲を決める,{event_date}頃は、専門的な研究や共有資料がまとまり、知ったことを全て明らかにしたい衝動が強まるかもしれません。確認済みの成果、使用許可のある資料、他者の秘密に属する情報を分けてください。公開範囲を一項目ずつ確定すると、探究の深さを保ちながら倫理と権利へ明確な線を引けます。,full_moon;sun;moon;uranus;neptune;pluto;outer_network,1
2026_09_FULL_MOON_OUTER_NETWORK_S09_N09,2026_09_FULL_MOON_OUTER_NETWORK,2026-09,aspect_cluster,2026-09-26T00:00:00+09:00,2026-09-27T01:49:00+09:00,2026-09-29T23:59:59+09:00,0,SUN|MOON|URANUS|NEPTUNE|PLUTO,SUN:LIBRA|MOON:ARIES|URANUS:GEMINI|NEPTUNE:ARIES|PLUTO:AQUARIUS,SUN-NEPTUNE:180|SUN-PLUTO:120|MOON-NEPTUNE:0|MOON-PLUTO:60|SUN-MOON:180|MOON-URANUS:60|SUN-URANUS:120,3,5,lunation_plus_planet,SUN,9,9,anchor_house,SUN|MOON|URANUS|NEPTUNE|PLUTO,swiss_ephemeris,FULL_MOON:2026-09-27|SUN:URANUS:120:2026-09-29,exact_day,SEP_FULL_MOON_OUTER_NETWORK,,80,100,確かめた事実と信じたい答えを分ける,{event_date}頃は、長く追ってきた問いに一つの見解が生まれ、それを最終的な正解にしたくなるかもしれません。資料で確かめた事実、自分が信じたい答え、今も説明できない部分を分けてください。暫定結論と次に残す問いを一つずつ書くと、探究心を閉じずに今回の学びへ確かな節目を置けます。,full_moon;sun;moon;uranus;neptune;pluto;outer_network,1
2026_09_FULL_MOON_OUTER_NETWORK_S09_N10,2026_09_FULL_MOON_OUTER_NETWORK,2026-09,aspect_cluster,2026-09-26T00:00:00+09:00,2026-09-27T01:49:00+09:00,2026-09-29T23:59:59+09:00,0,SUN|MOON|URANUS|NEPTUNE|PLUTO,SUN:LIBRA|MOON:ARIES|URANUS:GEMINI|NEPTUNE:ARIES|PLUTO:AQUARIUS,SUN-NEPTUNE:180|SUN-PLUTO:120|MOON-NEPTUNE:0|MOON-PLUTO:60|SUN-MOON:180|MOON-URANUS:60|SUN-URANUS:120,3,5,lunation_plus_planet,SUN,9,10,anchor_house,SUN|MOON|URANUS|NEPTUNE|PLUTO,swiss_ephemeris,FULL_MOON:2026-09-27|SUN:URANUS:120:2026-09-29,exact_day,SEP_FULL_MOON_OUTER_NETWORK,,80,100,資格と発信の結果を公表できる事実へ戻す,{event_date}頃は、資格や出版、公的な申請の進展が注目され、期待した評価まで先に語りたくなりそうです。通知で確認できた結果、自分の手応え、まだ審査中の事項を分けてください。公表する内容を確定済みの事実に限ると、喜びや緊張を抱えたまま社会的な説明責任を果たせます。,full_moon;sun;moon;uranus;neptune;pluto;outer_network,1
2026_09_FULL_MOON_OUTER_NETWORK_S09_N11,2026_09_FULL_MOON_OUTER_NETWORK,2026-09,aspect_cluster,2026-09-26T00:00:00+09:00,2026-09-27T01:49:00+09:00,2026-09-29T23:59:59+09:00,0,SUN|MOON|URANUS|NEPTUNE|PLUTO,SUN:LIBRA|MOON:ARIES|URANUS:GEMINI|NEPTUNE:ARIES|PLUTO:AQUARIUS,SUN-NEPTUNE:180|SUN-PLUTO:120|MOON-NEPTUNE:0|MOON-PLUTO:60|SUN-MOON:180|MOON-URANUS:60|SUN-URANUS:120,3,5,lunation_plus_planet,SUN,9,11,anchor_house,SUN|MOON|URANUS|NEPTUNE|PLUTO,swiss_ephemeris,FULL_MOON:2026-09-27|SUN:URANUS:120:2026-09-29,exact_day,SEP_FULL_MOON_OUTER_NETWORK,,80,100,共通理念と仲間に残る違いを整理する,{event_date}頃は、仲間と掲げた理念に節目が訪れ、共感の強さから全員の結論も同じだと思いやすくなります。共有できた目的、方法について残る違い、次回へ持ち越す論点を分けてください。決まった一項目を議事録へ残し、異論も併記すると、仲間を分断せず今回の活動を締められます。,full_moon;sun;moon;uranus;neptune;pluto;outer_network,1
2026_09_FULL_MOON_OUTER_NETWORK_S09_N12,2026_09_FULL_MOON_OUTER_NETWORK,2026-09,aspect_cluster,2026-09-26T00:00:00+09:00,2026-09-27T01:49:00+09:00,2026-09-29T23:59:59+09:00,0,SUN|MOON|URANUS|NEPTUNE|PLUTO,SUN:LIBRA|MOON:ARIES|URANUS:GEMINI|NEPTUNE:ARIES|PLUTO:AQUARIUS,SUN-NEPTUNE:180|SUN-PLUTO:120|MOON-NEPTUNE:0|MOON-PLUTO:60|SUN-MOON:180|MOON-URANUS:60|SUN-URANUS:120,3,5,lunation_plus_planet,SUN,9,12,anchor_house,SUN|MOON|URANUS|NEPTUNE|PLUTO,swiss_ephemeris,FULL_MOON:2026-09-27|SUN:URANUS:120:2026-09-29,exact_day,SEP_FULL_MOON_OUTER_NETWORK,,80,100,答えのない問いと静かな納得を同席させる,{event_date}頃は、旅や学びのあとに残った問いが内側で大きく響き、夢や直感に完全な答えを求めたくなるかもしれません。実際に起きたこと、心が受け取った意味、今は知り得ない部分を分けてください。納得できた一文を書いたら探索を休むと、曖昧さを消さずに静かな理解を自分の中へ収められます。,full_moon;sun;moon;uranus;neptune;pluto;outer_network,1
2026_09_FULL_MOON_OUTER_NETWORK_S10_N01,2026_09_FULL_MOON_OUTER_NETWORK,2026-09,aspect_cluster,2026-09-26T00:00:00+09:00,2026-09-27T01:49:00+09:00,2026-09-29T23:59:59+09:00,0,SUN|MOON|URANUS|NEPTUNE|PLUTO,SUN:LIBRA|MOON:ARIES|URANUS:GEMINI|NEPTUNE:ARIES|PLUTO:AQUARIUS,SUN-NEPTUNE:180|SUN-PLUTO:120|MOON-NEPTUNE:0|MOON-PLUTO:60|SUN-MOON:180|MOON-URANUS:60|SUN-URANUS:120,3,5,lunation_plus_planet,SUN,10,1,anchor_house,SUN|MOON|URANUS|NEPTUNE|PLUTO,swiss_ephemeris,FULL_MOON:2026-09-27|SUN:URANUS:120:2026-09-29,exact_day,SEP_FULL_MOON_OUTER_NETWORK,,80,100,肩書の節目から自分の意志だけを持ち帰る,{event_date}頃は、公の役割や仕事の成果に節目が見え、周囲の反応を自分そのものへの答えとして受け取りやすくなります。果たした責任、寄せられた評価、今後も自分が望む立場を分けてください。称賛も批判も急いで結論にせず、次に名乗る役割を一文で定めると、肩書から自分の意志を持ち帰れます。,full_moon;sun;moon;uranus;neptune;pluto;outer_network,1
2026_09_FULL_MOON_OUTER_NETWORK_S10_N02,2026_09_FULL_MOON_OUTER_NETWORK,2026-09,aspect_cluster,2026-09-26T00:00:00+09:00,2026-09-27T01:49:00+09:00,2026-09-29T23:59:59+09:00,0,SUN|MOON|URANUS|NEPTUNE|PLUTO,SUN:LIBRA|MOON:ARIES|URANUS:GEMINI|NEPTUNE:ARIES|PLUTO:AQUARIUS,SUN-NEPTUNE:180|SUN-PLUTO:120|MOON-NEPTUNE:0|MOON-PLUTO:60|SUN-MOON:180|MOON-URANUS:60|SUN-URANUS:120,3,5,lunation_plus_planet,SUN,10,2,anchor_house,SUN|MOON|URANUS|NEPTUNE|PLUTO,swiss_ephemeris,FULL_MOON:2026-09-27|SUN:URANUS:120:2026-09-29,exact_day,SEP_FULL_MOON_OUTER_NETWORK,,80,100,評価の言葉と確定した報酬を別々に受け取る,{event_date}頃は、担当した仕事の評価が届き、安心や戸惑いとともに報酬への期待も大きくなりそうです。確定した金額、入金を確認する日、次回以降の提案条件を分けてください。感謝の言葉を支払いの代わりにせず、書面にある数字だけを家計へ反映すると、手応えを受け取りながら仕事上の会計を締められます。,full_moon;sun;moon;uranus;neptune;pluto;outer_network,1
2026_09_FULL_MOON_OUTER_NETWORK_S10_N03,2026_09_FULL_MOON_OUTER_NETWORK,2026-09,aspect_cluster,2026-09-26T00:00:00+09:00,2026-09-27T01:49:00+09:00,2026-09-29T23:59:59+09:00,0,SUN|MOON|URANUS|NEPTUNE|PLUTO,SUN:LIBRA|MOON:ARIES|URANUS:GEMINI|NEPTUNE:ARIES|PLUTO:AQUARIUS,SUN-NEPTUNE:180|SUN-PLUTO:120|MOON-NEPTUNE:0|MOON-PLUTO:60|SUN-MOON:180|MOON-URANUS:60|SUN-URANUS:120,3,5,lunation_plus_planet,SUN,10,3,anchor_house,SUN|MOON|URANUS|NEPTUNE|PLUTO,swiss_ephemeris,FULL_MOON:2026-09-27|SUN:URANUS:120:2026-09-29,exact_day,SEP_FULL_MOON_OUTER_NETWORK,,80,100,公表する結論と残る論点を一枚に分ける,{event_date}頃は、報告や発表の結論が注目され、複雑な経緯まで一度に説明して理解を得たくなるかもしれません。確認済みの事実、組織として決めたこと、まだ検討中の論点を分けてください。未確定部分へ印を付けた一枚を公開すると、感情的な補足を重ねず公の説明へ明瞭な節目を置けます。,full_moon;sun;moon;uranus;neptune;pluto;outer_network,1
2026_09_FULL_MOON_OUTER_NETWORK_S10_N04,2026_09_FULL_MOON_OUTER_NETWORK,2026-09,aspect_cluster,2026-09-26T00:00:00+09:00,2026-09-27T01:49:00+09:00,2026-09-29T23:59:59+09:00,0,SUN|MOON|URANUS|NEPTUNE|PLUTO,SUN:LIBRA|MOON:ARIES|URANUS:GEMINI|NEPTUNE:ARIES|PLUTO:AQUARIUS,SUN-NEPTUNE:180|SUN-PLUTO:120|MOON-NEPTUNE:0|MOON-PLUTO:60|SUN-MOON:180|MOON-URANUS:60|SUN-URANUS:120,3,5,lunation_plus_planet,SUN,10,4,anchor_house,SUN|MOON|URANUS|NEPTUNE|PLUTO,swiss_ephemeris,FULL_MOON:2026-09-27|SUN:URANUS:120:2026-09-29,exact_day,SEP_FULL_MOON_OUTER_NETWORK,,80,100,仕事の節目と家で守る時間を結び直す,{event_date}頃は、外で担ってきた責任が一段落し、支えてくれた家族への感謝と申し訳なさが同時に湧きやすくなります。完了した職務、家で果たす約束、今すぐ取り戻せない時間を分けてください。埋め合わせを大きく誓わず、今夜守れる予定を一つ選ぶと、公の節目を暮らしの安心へ戻せます。,full_moon;sun;moon;uranus;neptune;pluto;outer_network,1
2026_09_FULL_MOON_OUTER_NETWORK_S10_N05,2026_09_FULL_MOON_OUTER_NETWORK,2026-09,aspect_cluster,2026-09-26T00:00:00+09:00,2026-09-27T01:49:00+09:00,2026-09-29T23:59:59+09:00,0,SUN|MOON|URANUS|NEPTUNE|PLUTO,SUN:LIBRA|MOON:ARIES|URANUS:GEMINI|NEPTUNE:ARIES|PLUTO:AQUARIUS,SUN-NEPTUNE:180|SUN-PLUTO:120|MOON-NEPTUNE:0|MOON-PLUTO:60|SUN-MOON:180|MOON-URANUS:60|SUN-URANUS:120,3,5,lunation_plus_planet,SUN,10,5,anchor_house,SUN|MOON|URANUS|NEPTUNE|PLUTO,swiss_ephemeris,FULL_MOON:2026-09-27|SUN:URANUS:120:2026-09-29,exact_day,SEP_FULL_MOON_OUTER_NETWORK,,80,100,拍手の余韻と創作を終える基準を分ける,{event_date}頃は、作品や企画への反響が集まり、喜びと物足りなさからさらに手を加えたくなるかもしれません。公開した成果、受け取った感想、自分が完成と決めた基準を分けてください。反応の数で終点を動かさず、今回版を保存して作業を閉じると、表現の熱を次の創作へきれいに渡せます。,full_moon;sun;moon;uranus;neptune;pluto;outer_network,1
2026_09_FULL_MOON_OUTER_NETWORK_S10_N06,2026_09_FULL_MOON_OUTER_NETWORK,2026-09,aspect_cluster,2026-09-26T00:00:00+09:00,2026-09-27T01:49:00+09:00,2026-09-29T23:59:59+09:00,0,SUN|MOON|URANUS|NEPTUNE|PLUTO,SUN:LIBRA|MOON:ARIES|URANUS:GEMINI|NEPTUNE:ARIES|PLUTO:AQUARIUS,SUN-NEPTUNE:180|SUN-PLUTO:120|MOON-NEPTUNE:0|MOON-PLUTO:60|SUN-MOON:180|MOON-URANUS:60|SUN-URANUS:120,3,5,lunation_plus_planet,SUN,10,6,anchor_house,SUN|MOON|URANUS|NEPTUNE|PLUTO,swiss_ephemeris,FULL_MOON:2026-09-27|SUN:URANUS:120:2026-09-29,exact_day,SEP_FULL_MOON_OUTER_NETWORK,,80,100,終えた仕事を日課から静かに外していく,{event_date}頃は、大きな担当に節目が見えた後も緊張が残り、もう不要な確認まで日課として続けやすくなります。完了した作業、引き継ぐ点、今後も定期的に見る項目を分けてください。チェック欄を一つ削り、休む時間を予定へ戻すと、達成感に追われず実務のリズムを現在へ合わせられます。,full_moon;sun;moon;uranus;neptune;pluto;outer_network,1
2026_09_FULL_MOON_OUTER_NETWORK_S10_N07,2026_09_FULL_MOON_OUTER_NETWORK,2026-09,aspect_cluster,2026-09-26T00:00:00+09:00,2026-09-27T01:49:00+09:00,2026-09-29T23:59:59+09:00,0,SUN|MOON|URANUS|NEPTUNE|PLUTO,SUN:LIBRA|MOON:ARIES|URANUS:GEMINI|NEPTUNE:ARIES|PLUTO:AQUARIUS,SUN-NEPTUNE:180|SUN-PLUTO:120|MOON-NEPTUNE:0|MOON-PLUTO:60|SUN-MOON:180|MOON-URANUS:60|SUN-URANUS:120,3,5,lunation_plus_planet,SUN,10,7,anchor_house,SUN|MOON|URANUS|NEPTUNE|PLUTO,swiss_ephemeris,FULL_MOON:2026-09-27|SUN:URANUS:120:2026-09-29,exact_day,SEP_FULL_MOON_OUTER_NETWORK,,80,100,共同成果の名義と二人の貢献を確定する,{event_date}頃は、共同名義の仕事に節目が訪れ、外からの評価によって二人の貢献を比べたくなるかもしれません。合意した役割、実際に担った作業、共同で所有する成果を分けてください。感情で功績を配分せず、双方が確認した名義と説明文を残すと、関係を守りながら今回の協働を閉じられます。,full_moon;sun;moon;uranus;neptune;pluto;outer_network,1
2026_09_FULL_MOON_OUTER_NETWORK_S10_N08,2026_09_FULL_MOON_OUTER_NETWORK,2026-09,aspect_cluster,2026-09-26T00:00:00+09:00,2026-09-27T01:49:00+09:00,2026-09-29T23:59:59+09:00,0,SUN|MOON|URANUS|NEPTUNE|PLUTO,SUN:LIBRA|MOON:ARIES|URANUS:GEMINI|NEPTUNE:ARIES|PLUTO:AQUARIUS,SUN-NEPTUNE:180|SUN-PLUTO:120|MOON-NEPTUNE:0|MOON-PLUTO:60|SUN-MOON:180|MOON-URANUS:60|SUN-URANUS:120,3,5,lunation_plus_planet,SUN,10,8,anchor_house,SUN|MOON|URANUS|NEPTUNE|PLUTO,swiss_ephemeris,FULL_MOON:2026-09-27|SUN:URANUS:120:2026-09-29,exact_day,SEP_FULL_MOON_OUTER_NETWORK,,80,100,預かった資源の報告と返却を最後まで結ぶ,{event_date}頃は、予算や機密を扱う案件がまとまり、責任を果たせた安心と見落としへの不安が重なりそうです。使用した資源、承認済みの支出、返却や削除が必要な資料を分けてください。感覚的な大丈夫で終えず、最後の記録と受領確認を揃えると、預かった権限を手元へ残さず役目を締められます。,full_moon;sun;moon;uranus;neptune;pluto;outer_network,1
2026_09_FULL_MOON_OUTER_NETWORK_S10_N09,2026_09_FULL_MOON_OUTER_NETWORK,2026-09,aspect_cluster,2026-09-26T00:00:00+09:00,2026-09-27T01:49:00+09:00,2026-09-29T23:59:59+09:00,0,SUN|MOON|URANUS|NEPTUNE|PLUTO,SUN:LIBRA|MOON:ARIES|URANUS:GEMINI|NEPTUNE:ARIES|PLUTO:AQUARIUS,SUN-NEPTUNE:180|SUN-PLUTO:120|MOON-NEPTUNE:0|MOON-PLUTO:60|SUN-MOON:180|MOON-URANUS:60|SUN-URANUS:120,3,5,lunation_plus_planet,SUN,10,9,anchor_house,SUN|MOON|URANUS|NEPTUNE|PLUTO,swiss_ephemeris,FULL_MOON:2026-09-27|SUN:URANUS:120:2026-09-29,exact_day,SEP_FULL_MOON_OUTER_NETWORK,,80,100,専門家としての結論と限界を同時に示す,{event_date}頃は、専門知を求められた仕事に結論が出て、自分の説明が唯一の正解として扱われることへ重さを感じるかもしれません。根拠がある判断、経験に基づく見解、専門外の問いを分けてください。限界を注記した最終文を出すと、権威を守るため曖昧さを隠さず責任ある案内として区切れます。,full_moon;sun;moon;uranus;neptune;pluto;outer_network,1
2026_09_FULL_MOON_OUTER_NETWORK_S10_N10,2026_09_FULL_MOON_OUTER_NETWORK,2026-09,aspect_cluster,2026-09-26T00:00:00+09:00,2026-09-27T01:49:00+09:00,2026-09-29T23:59:59+09:00,0,SUN|MOON|URANUS|NEPTUNE|PLUTO,SUN:LIBRA|MOON:ARIES|URANUS:GEMINI|NEPTUNE:ARIES|PLUTO:AQUARIUS,SUN-NEPTUNE:180|SUN-PLUTO:120|MOON-NEPTUNE:0|MOON-PLUTO:60|SUN-MOON:180|MOON-URANUS:60|SUN-URANUS:120,3,5,lunation_plus_planet,SUN,10,10,anchor_house,SUN|MOON|URANUS|NEPTUNE|PLUTO,swiss_ephemeris,FULL_MOON:2026-09-27|SUN:URANUS:120:2026-09-29,exact_day,SEP_FULL_MOON_OUTER_NETWORK,,80,100,職業上の到達点と次の課題を区切って見る,{event_date}頃は、長く目指した職業上の到達点が見え、喜びと次への焦りが同時に強まりやすくなります。完了した成果、継続する責任、今は選ばない目標を分けてください。周囲の期待で次の計画を埋めず、今回終えたことを一行で確定すると、立場の変化を落ち着いて受け止められます。,full_moon;sun;moon;uranus;neptune;pluto;outer_network,1
2026_09_FULL_MOON_OUTER_NETWORK_S10_N11,2026_09_FULL_MOON_OUTER_NETWORK,2026-09,aspect_cluster,2026-09-26T00:00:00+09:00,2026-09-27T01:49:00+09:00,2026-09-29T23:59:59+09:00,0,SUN|MOON|URANUS|NEPTUNE|PLUTO,SUN:LIBRA|MOON:ARIES|URANUS:GEMINI|NEPTUNE:ARIES|PLUTO:AQUARIUS,SUN-NEPTUNE:180|SUN-PLUTO:120|MOON-NEPTUNE:0|MOON-PLUTO:60|SUN-MOON:180|MOON-URANUS:60|SUN-URANUS:120,3,5,lunation_plus_planet,SUN,10,11,anchor_house,SUN|MOON|URANUS|NEPTUNE|PLUTO,swiss_ephemeris,FULL_MOON:2026-09-27|SUN:URANUS:120:2026-09-29,exact_day,SEP_FULL_MOON_OUTER_NETWORK,,80,100,組織の成果と個人の貢献を公平に残す,{event_date}頃は、組織やチームの成果が公に見え、誰の貢献が大きかったかへ感情が集まりやすくなります。共同で進めたこと、個別に担った仕事、まだ評価できない支援を分けてください。代表者だけの物語にせず、確認できた貢献を記録へ残すと、仲間との未来を損なわず活動を締められます。,full_moon;sun;moon;uranus;neptune;pluto;outer_network,1
2026_09_FULL_MOON_OUTER_NETWORK_S10_N12,2026_09_FULL_MOON_OUTER_NETWORK,2026-09,aspect_cluster,2026-09-26T00:00:00+09:00,2026-09-27T01:49:00+09:00,2026-09-29T23:59:59+09:00,0,SUN|MOON|URANUS|NEPTUNE|PLUTO,SUN:LIBRA|MOON:ARIES|URANUS:GEMINI|NEPTUNE:ARIES|PLUTO:AQUARIUS,SUN-NEPTUNE:180|SUN-PLUTO:120|MOON-NEPTUNE:0|MOON-PLUTO:60|SUN-MOON:180|MOON-URANUS:60|SUN-URANUS:120,3,5,lunation_plus_planet,SUN,10,12,anchor_house,SUN|MOON|URANUS|NEPTUNE|PLUTO,swiss_ephemeris,FULL_MOON:2026-09-27|SUN:URANUS:120:2026-09-29,exact_day,SEP_FULL_MOON_OUTER_NETWORK,,80,100,見えない努力を自分の記録へ戻して終える,{event_date}頃は、表に出ない準備や支援に節目が訪れ、誰にも見られなかった寂しさと安堵が同時に訪れそうです。実際に果たした作業、他者の反応を想像している部分、今後は担わない負担を分けてください。自分用の記録へ成果を一つ残し、連絡を閉じると、承認を待たず静かな達成を受け取れます。,full_moon;sun;moon;uranus;neptune;pluto;outer_network,1
2026_09_FULL_MOON_OUTER_NETWORK_S11_N01,2026_09_FULL_MOON_OUTER_NETWORK,2026-09,aspect_cluster,2026-09-26T00:00:00+09:00,2026-09-27T01:49:00+09:00,2026-09-29T23:59:59+09:00,0,SUN|MOON|URANUS|NEPTUNE|PLUTO,SUN:LIBRA|MOON:ARIES|URANUS:GEMINI|NEPTUNE:ARIES|PLUTO:AQUARIUS,SUN-NEPTUNE:180|SUN-PLUTO:120|MOON-NEPTUNE:0|MOON-PLUTO:60|SUN-MOON:180|MOON-URANUS:60|SUN-URANUS:120,3,5,lunation_plus_planet,SUN,11,1,anchor_house,SUN|MOON|URANUS|NEPTUNE|PLUTO,swiss_ephemeris,FULL_MOON:2026-09-27|SUN:URANUS:120:2026-09-29,exact_day,SEP_FULL_MOON_OUTER_NETWORK,,80,100,集団で担った役割から自分の名前を取り戻す,{event_date}頃は、仲間の中で担ってきた役割に節目が見え、感謝や反応を自分の存在価値そのものとして受け取りやすくなります。実際に果たした役目、周囲が望む人物像、これからも自分が続けたい関わりを分けてください。肩書を一つ返し、個人として望む予定を選ぶと、所属を失わず自分の輪郭へ戻れます。,full_moon;sun;moon;uranus;neptune;pluto;outer_network,1
2026_09_FULL_MOON_OUTER_NETWORK_S11_N02,2026_09_FULL_MOON_OUTER_NETWORK,2026-09,aspect_cluster,2026-09-26T00:00:00+09:00,2026-09-27T01:49:00+09:00,2026-09-29T23:59:59+09:00,0,SUN|MOON|URANUS|NEPTUNE|PLUTO,SUN:LIBRA|MOON:ARIES|URANUS:GEMINI|NEPTUNE:ARIES|PLUTO:AQUARIUS,SUN-NEPTUNE:180|SUN-PLUTO:120|MOON-NEPTUNE:0|MOON-PLUTO:60|SUN-MOON:180|MOON-URANUS:60|SUN-URANUS:120,3,5,lunation_plus_planet,SUN,11,2,anchor_house,SUN|MOON|URANUS|NEPTUNE|PLUTO,swiss_ephemeris,FULL_MOON:2026-09-27|SUN:URANUS:120:2026-09-29,exact_day,SEP_FULL_MOON_OUTER_NETWORK,,80,100,共同計画の会計と自分の持分を清算する,{event_date}頃は、共同企画の会計がまとまり、貢献できた満足と支出への不安が同時に表れそうです。確定した会費、立替えの精算、自分の意思で追加する支援を分けてください。仲間への好意を金額で証明せず、受領済みの数字だけを記録すると、関係を値踏みせず会計へ区切りを付けられます。,full_moon;sun;moon;uranus;neptune;pluto;outer_network,1
2026_09_FULL_MOON_OUTER_NETWORK_S11_N03,2026_09_FULL_MOON_OUTER_NETWORK,2026-09,aspect_cluster,2026-09-26T00:00:00+09:00,2026-09-27T01:49:00+09:00,2026-09-29T23:59:59+09:00,0,SUN|MOON|URANUS|NEPTUNE|PLUTO,SUN:LIBRA|MOON:ARIES|URANUS:GEMINI|NEPTUNE:ARIES|PLUTO:AQUARIUS,SUN-NEPTUNE:180|SUN-PLUTO:120|MOON-NEPTUNE:0|MOON-PLUTO:60|SUN-MOON:180|MOON-URANUS:60|SUN-URANUS:120,3,5,lunation_plus_planet,SUN,11,3,anchor_house,SUN|MOON|URANUS|NEPTUNE|PLUTO,swiss_ephemeris,FULL_MOON:2026-09-27|SUN:URANUS:120:2026-09-29,exact_day,SEP_FULL_MOON_OUTER_NETWORK,,80,100,流れ続けた連絡から最終決定だけを残す,{event_date}頃は、集団の連絡が盛り上がり、感想や推測まで決定事項のように流れ続けやすくなります。全員が確認した結論、個人的な意見、返答を待つ質問を分けてください。最終決定だけを一つの文面へまとめ、元の会話を閉じると、熱量を否定せず次に必要な連絡を明瞭にできます。,full_moon;sun;moon;uranus;neptune;pluto;outer_network,1
2026_09_FULL_MOON_OUTER_NETWORK_S11_N04,2026_09_FULL_MOON_OUTER_NETWORK,2026-09,aspect_cluster,2026-09-26T00:00:00+09:00,2026-09-27T01:49:00+09:00,2026-09-29T23:59:59+09:00,0,SUN|MOON|URANUS|NEPTUNE|PLUTO,SUN:LIBRA|MOON:ARIES|URANUS:GEMINI|NEPTUNE:ARIES|PLUTO:AQUARIUS,SUN-NEPTUNE:180|SUN-PLUTO:120|MOON-NEPTUNE:0|MOON-PLUTO:60|SUN-MOON:180|MOON-URANUS:60|SUN-URANUS:120,3,5,lunation_plus_planet,SUN,11,4,anchor_house,SUN|MOON|URANUS|NEPTUNE|PLUTO,swiss_ephemeris,FULL_MOON:2026-09-27|SUN:URANUS:120:2026-09-29,exact_day,SEP_FULL_MOON_OUTER_NETWORK,,80,100,仲間の居場所と自宅で守る境界を結ぶ,{event_date}頃は、仲間と過ごす場に節目が訪れ、家へ招くことや距離を置くことへ寂しさが混じりやすくなります。共有の場で決めたこと、自宅で守りたい静けさ、今後も続ける交流を分けてください。誰かの失望を想像して境界を曖昧にせず、次に会う場所を一つ決めると、帰属感と暮らしを両方保てます。,full_moon;sun;moon;uranus;neptune;pluto;outer_network,1
2026_09_FULL_MOON_OUTER_NETWORK_S11_N05,2026_09_FULL_MOON_OUTER_NETWORK,2026-09,aspect_cluster,2026-09-26T00:00:00+09:00,2026-09-27T01:49:00+09:00,2026-09-29T23:59:59+09:00,0,SUN|MOON|URANUS|NEPTUNE|PLUTO,SUN:LIBRA|MOON:ARIES|URANUS:GEMINI|NEPTUNE:ARIES|PLUTO:AQUARIUS,SUN-NEPTUNE:180|SUN-PLUTO:120|MOON-NEPTUNE:0|MOON-PLUTO:60|SUN-MOON:180|MOON-URANUS:60|SUN-URANUS:120,3,5,lunation_plus_planet,SUN,11,5,anchor_house,SUN|MOON|URANUS|NEPTUNE|PLUTO,swiss_ephemeris,FULL_MOON:2026-09-27|SUN:URANUS:120:2026-09-29,exact_day,SEP_FULL_MOON_OUTER_NETWORK,,80,100,共同制作の反響と遊びの余白を分ける,{event_date}頃は、仲間と作った作品や催しに反響が集まり、喜びのまま次の企画まで約束したくなるかもしれません。完成した成果、各自が持ち帰る作品、予定を決めない遊びの時間を分けてください。今回の記録を保存して打ち上げだけを楽しむと、創作を義務へ変えず達成の余韻を受け取れます。,full_moon;sun;moon;uranus;neptune;pluto;outer_network,1
2026_09_FULL_MOON_OUTER_NETWORK_S11_N06,2026_09_FULL_MOON_OUTER_NETWORK,2026-09,aspect_cluster,2026-09-26T00:00:00+09:00,2026-09-27T01:49:00+09:00,2026-09-29T23:59:59+09:00,0,SUN|MOON|URANUS|NEPTUNE|PLUTO,SUN:LIBRA|MOON:ARIES|URANUS:GEMINI|NEPTUNE:ARIES|PLUTO:AQUARIUS,SUN-NEPTUNE:180|SUN-PLUTO:120|MOON-NEPTUNE:0|MOON-PLUTO:60|SUN-MOON:180|MOON-URANUS:60|SUN-URANUS:120,3,5,lunation_plus_planet,SUN,11,6,anchor_house,SUN|MOON|URANUS|NEPTUNE|PLUTO,swiss_ephemeris,FULL_MOON:2026-09-27|SUN:URANUS:120:2026-09-29,exact_day,SEP_FULL_MOON_OUTER_NETWORK,,80,100,活動後に残る当番を日常の量へ戻す,{event_date}頃は、共同活動が一段落しても片付けや返信が残り、最後まで自分が担うべきだと感じやすくなります。完了した当番、引継ぎが必要な作業、誰かの判断を待つ事項を分けてください。残件を一つ共有欄へ移し、翌日の通常業務を守ると、善意を疲労へ変えず活動を閉じられます。,full_moon;sun;moon;uranus;neptune;pluto;outer_network,1
2026_09_FULL_MOON_OUTER_NETWORK_S11_N07,2026_09_FULL_MOON_OUTER_NETWORK,2026-09,aspect_cluster,2026-09-26T00:00:00+09:00,2026-09-27T01:49:00+09:00,2026-09-29T23:59:59+09:00,0,SUN|MOON|URANUS|NEPTUNE|PLUTO,SUN:LIBRA|MOON:ARIES|URANUS:GEMINI|NEPTUNE:ARIES|PLUTO:AQUARIUS,SUN-NEPTUNE:180|SUN-PLUTO:120|MOON-NEPTUNE:0|MOON-PLUTO:60|SUN-MOON:180|MOON-URANUS:60|SUN-URANUS:120,3,5,lunation_plus_planet,SUN,11,7,anchor_house,SUN|MOON|URANUS|NEPTUNE|PLUTO,swiss_ephemeris,FULL_MOON:2026-09-27|SUN:URANUS:120:2026-09-29,exact_day,SEP_FULL_MOON_OUTER_NETWORK,,80,100,友人としての情と二人の約束を分ける,{event_date}頃は、仲間内の協力や紹介を通じて、二人の関係にも一つの答えを急ぎたくなるかもしれません。集団で合意したこと、二人だけの約束、周囲が期待している展開を分けてください。友人の声を採決にせず、当事者同士で一項目を確認すると、輪のつながりを保ちながら関係へ節目を置けます。,full_moon;sun;moon;uranus;neptune;pluto;outer_network,1
2026_09_FULL_MOON_OUTER_NETWORK_S11_N08,2026_09_FULL_MOON_OUTER_NETWORK,2026-09,aspect_cluster,2026-09-26T00:00:00+09:00,2026-09-27T01:49:00+09:00,2026-09-29T23:59:59+09:00,0,SUN|MOON|URANUS|NEPTUNE|PLUTO,SUN:LIBRA|MOON:ARIES|URANUS:GEMINI|NEPTUNE:ARIES|PLUTO:AQUARIUS,SUN-NEPTUNE:180|SUN-PLUTO:120|MOON-NEPTUNE:0|MOON-PLUTO:60|SUN-MOON:180|MOON-URANUS:60|SUN-URANUS:120,3,5,lunation_plus_planet,SUN,11,8,anchor_house,SUN|MOON|URANUS|NEPTUNE|PLUTO,swiss_ephemeris,FULL_MOON:2026-09-27|SUN:URANUS:120:2026-09-29,exact_day,SEP_FULL_MOON_OUTER_NETWORK,,80,100,共同資産の残高と秘密の保管先を確定する,{event_date}頃は、会費や共有データの管理に節目が見え、信頼された安心と漏れへの不安が重なりそうです。確定した残高、保管を続ける情報、返却や削除が必要な資料を分けてください。口頭の了解だけで終えず、受領者と保管先を記録すると、集団の信頼を抱え込まず管理責任を閉じられます。,full_moon;sun;moon;uranus;neptune;pluto;outer_network,1
2026_09_FULL_MOON_OUTER_NETWORK_S11_N09,2026_09_FULL_MOON_OUTER_NETWORK,2026-09,aspect_cluster,2026-09-26T00:00:00+09:00,2026-09-27T01:49:00+09:00,2026-09-29T23:59:59+09:00,0,SUN|MOON|URANUS|NEPTUNE|PLUTO,SUN:LIBRA|MOON:ARIES|URANUS:GEMINI|NEPTUNE:ARIES|PLUTO:AQUARIUS,SUN-NEPTUNE:180|SUN-PLUTO:120|MOON-NEPTUNE:0|MOON-PLUTO:60|SUN-MOON:180|MOON-URANUS:60|SUN-URANUS:120,3,5,lunation_plus_planet,SUN,11,9,anchor_house,SUN|MOON|URANUS|NEPTUNE|PLUTO,swiss_ephemeris,FULL_MOON:2026-09-27|SUN:URANUS:120:2026-09-29,exact_day,SEP_FULL_MOON_OUTER_NETWORK,,80,100,理念の結論と残してよい異論を並べる,{event_date}頃は、仲間と掲げた理念への議論がまとまり、共感できない人を外へ置きたくなるほど感情が高まるかもしれません。合意した原則、解釈が分かれる点、今は答えを出さない問いを分けてください。異論を消さず最終文の注記へ残すと、学びの広さを保ちながら共同体の現在地を示せます。,full_moon;sun;moon;uranus;neptune;pluto;outer_network,1
2026_09_FULL_MOON_OUTER_NETWORK_S11_N10,2026_09_FULL_MOON_OUTER_NETWORK,2026-09,aspect_cluster,2026-09-26T00:00:00+09:00,2026-09-27T01:49:00+09:00,2026-09-29T23:59:59+09:00,0,SUN|MOON|URANUS|NEPTUNE|PLUTO,SUN:LIBRA|MOON:ARIES|URANUS:GEMINI|NEPTUNE:ARIES|PLUTO:AQUARIUS,SUN-NEPTUNE:180|SUN-PLUTO:120|MOON-NEPTUNE:0|MOON-PLUTO:60|SUN-MOON:180|MOON-URANUS:60|SUN-URANUS:120,3,5,lunation_plus_planet,SUN,11,10,anchor_house,SUN|MOON|URANUS|NEPTUNE|PLUTO,swiss_ephemeris,FULL_MOON:2026-09-27|SUN:URANUS:120:2026-09-29,exact_day,SEP_FULL_MOON_OUTER_NETWORK,,80,100,チームの節目と自分の職責を別々に確定する,{event_date}頃は、チームの活動が公の節目を迎え、集団の成果と自分の職業上の評価を重ねたくなりそうです。共同で達した点、自分が説明する責任、まだ組織の判断を待つ事項を分けてください。報告書へ担当範囲を明記すると、仲間の成果を奪わず自分の仕事にも区切りを付けられます。,full_moon;sun;moon;uranus;neptune;pluto;outer_network,1
2026_09_FULL_MOON_OUTER_NETWORK_S11_N11,2026_09_FULL_MOON_OUTER_NETWORK,2026-09,aspect_cluster,2026-09-26T00:00:00+09:00,2026-09-27T01:49:00+09:00,2026-09-29T23:59:59+09:00,0,SUN|MOON|URANUS|NEPTUNE|PLUTO,SUN:LIBRA|MOON:ARIES|URANUS:GEMINI|NEPTUNE:ARIES|PLUTO:AQUARIUS,SUN-NEPTUNE:180|SUN-PLUTO:120|MOON-NEPTUNE:0|MOON-PLUTO:60|SUN-MOON:180|MOON-URANUS:60|SUN-URANUS:120,3,5,lunation_plus_planet,SUN,11,11,anchor_house,SUN|MOON|URANUS|NEPTUNE|PLUTO,swiss_ephemeris,FULL_MOON:2026-09-27|SUN:URANUS:120:2026-09-29,exact_day,SEP_FULL_MOON_OUTER_NETWORK,,80,100,未来計画の到達点と残る希望を見分ける,{event_date}頃は、長く共有してきた未来計画に一つの到達点が見え、達成感と次の展開への焦りが重なりやすくなります。実現した項目、延期した目標、もう今の自分には合わない期待を分けてください。完了した計画へ印を付けてから残る希望を選ぶと、仲間との歩みを急がず更新できます。,full_moon;sun;moon;uranus;neptune;pluto;outer_network,1
2026_09_FULL_MOON_OUTER_NETWORK_S11_N12,2026_09_FULL_MOON_OUTER_NETWORK,2026-09,aspect_cluster,2026-09-26T00:00:00+09:00,2026-09-27T01:49:00+09:00,2026-09-29T23:59:59+09:00,0,SUN|MOON|URANUS|NEPTUNE|PLUTO,SUN:LIBRA|MOON:ARIES|URANUS:GEMINI|NEPTUNE:ARIES|PLUTO:AQUARIUS,SUN-NEPTUNE:180|SUN-PLUTO:120|MOON-NEPTUNE:0|MOON-PLUTO:60|SUN-MOON:180|MOON-URANUS:60|SUN-URANUS:120,3,5,lunation_plus_planet,SUN,11,12,anchor_house,SUN|MOON|URANUS|NEPTUNE|PLUTO,swiss_ephemeris,FULL_MOON:2026-09-27|SUN:URANUS:120:2026-09-29,exact_day,SEP_FULL_MOON_OUTER_NETWORK,,80,100,集団の余韻と一人に戻る時間を分ける,{event_date}頃は、仲間との活動が終わった後も連絡の気配が残り、離れることを見捨てる行為のように感じやすくなります。実際に届いた依頼、想像している不満、自分に必要な静かな時間を分けてください。通知を閉じ、次に確認する時だけ決めると、つながりを断たず一人の感覚へ戻れます。,full_moon;sun;moon;uranus;neptune;pluto;outer_network,1
2026_09_FULL_MOON_OUTER_NETWORK_S12_N01,2026_09_FULL_MOON_OUTER_NETWORK,2026-09,aspect_cluster,2026-09-26T00:00:00+09:00,2026-09-27T01:49:00+09:00,2026-09-29T23:59:59+09:00,0,SUN|MOON|URANUS|NEPTUNE|PLUTO,SUN:LIBRA|MOON:ARIES|URANUS:GEMINI|NEPTUNE:ARIES|PLUTO:AQUARIUS,SUN-NEPTUNE:180|SUN-PLUTO:120|MOON-NEPTUNE:0|MOON-PLUTO:60|SUN-MOON:180|MOON-URANUS:60|SUN-URANUS:120,3,5,lunation_plus_planet,SUN,12,1,anchor_house,SUN|MOON|URANUS|NEPTUNE|PLUTO,swiss_ephemeris,FULL_MOON:2026-09-27|SUN:URANUS:120:2026-09-29,exact_day,SEP_FULL_MOON_OUTER_NETWORK,,80,100,人前で保った顔を脱ぎ身体の返事を聴く,{event_date}頃は、表に出さず耐えてきた気持ちが身体感覚とともに浮かび、周囲に見せた自分と本音の差が分かりやすくなります。眠気や緊張、実際に言われたこと、自分で引き受けた役柄を別々に見てください。説明を急がず一人で呼吸を整える時間を取ると、変えられる振る舞いと今は休ませる感情を見分けられます。,full_moon;sun;moon;uranus;neptune;pluto;outer_network,1
2026_09_FULL_MOON_OUTER_NETWORK_S12_N02,2026_09_FULL_MOON_OUTER_NETWORK,2026-09,aspect_cluster,2026-09-26T00:00:00+09:00,2026-09-27T01:49:00+09:00,2026-09-29T23:59:59+09:00,0,SUN|MOON|URANUS|NEPTUNE|PLUTO,SUN:LIBRA|MOON:ARIES|URANUS:GEMINI|NEPTUNE:ARIES|PLUTO:AQUARIUS,SUN-NEPTUNE:180|SUN-PLUTO:120|MOON-NEPTUNE:0|MOON-PLUTO:60|SUN-MOON:180|MOON-URANUS:60|SUN-URANUS:120,3,5,lunation_plus_planet,SUN,12,2,anchor_house,SUN|MOON|URANUS|NEPTUNE|PLUTO,swiss_ephemeris,FULL_MOON:2026-09-27|SUN:URANUS:120:2026-09-29,exact_day,SEP_FULL_MOON_OUTER_NETWORK,,80,100,不安から備えた蓄えの役目を見直す,{event_date}頃は、将来への不安から続けてきた貯蓄や小さな出費に、もう必要のない役目が見えてきます。確定している残高、備えとして残す額、気持ちを落ち着けるためだけの購入を分けてください。すぐ処分や追加購入をせず、一つの自動設定だけ見直すと、安心のために変える部分と保留してよい部分が明確になります。,full_moon;sun;moon;uranus;neptune;pluto;outer_network,1
2026_09_FULL_MOON_OUTER_NETWORK_S12_N03,2026_09_FULL_MOON_OUTER_NETWORK,2026-09,aspect_cluster,2026-09-26T00:00:00+09:00,2026-09-27T01:49:00+09:00,2026-09-29T23:59:59+09:00,0,SUN|MOON|URANUS|NEPTUNE|PLUTO,SUN:LIBRA|MOON:ARIES|URANUS:GEMINI|NEPTUNE:ARIES|PLUTO:AQUARIUS,SUN-NEPTUNE:180|SUN-PLUTO:120|MOON-NEPTUNE:0|MOON-PLUTO:60|SUN-MOON:180|MOON-URANUS:60|SUN-URANUS:120,3,5,lunation_plus_planet,SUN,12,3,anchor_house,SUN|MOON|URANUS|NEPTUNE|PLUTO,swiss_ephemeris,FULL_MOON:2026-09-27|SUN:URANUS:120:2026-09-29,exact_day,SEP_FULL_MOON_OUTER_NETWORK,,80,100,送らなかった言葉を記録の棚へ戻す,{event_date}頃は、送らずに抱えてきた言葉や昔のやり取りが浮かび、今伝えるべきことのように感じやすくなります。現在も返答が必要な連絡、自分だけの下書き、すでに役目を終えた記録を分けてください。感情の強い文面は保存して翌日に読み返し、必要な要点だけ選ぶと、沈黙を破る連絡と静かに終える記憶を見分けられます。,full_moon;sun;moon;uranus;neptune;pluto;outer_network,1
2026_09_FULL_MOON_OUTER_NETWORK_S12_N04,2026_09_FULL_MOON_OUTER_NETWORK,2026-09,aspect_cluster,2026-09-26T00:00:00+09:00,2026-09-27T01:49:00+09:00,2026-09-29T23:59:59+09:00,0,SUN|MOON|URANUS|NEPTUNE|PLUTO,SUN:LIBRA|MOON:ARIES|URANUS:GEMINI|NEPTUNE:ARIES|PLUTO:AQUARIUS,SUN-NEPTUNE:180|SUN-PLUTO:120|MOON-NEPTUNE:0|MOON-PLUTO:60|SUN-MOON:180|MOON-URANUS:60|SUN-URANUS:120,3,5,lunation_plus_planet,SUN,12,4,anchor_house,SUN|MOON|URANUS|NEPTUNE|PLUTO,swiss_ephemeris,FULL_MOON:2026-09-27|SUN:URANUS:120:2026-09-29,exact_day,SEP_FULL_MOON_OUTER_NETWORK,,80,100,家に染みついた緊張の終わりを認める,{event_date}頃は、家族に見せず抱えていた緊張がほどけ、住まいの空気や昔の記憶まで大きく感じられるかもしれません。今起きている問題、過去から残る警戒、家で休むために変えられる配置を分けてください。照明や寝具を一か所整え、家族の感情まで片付けようとしないことで、暮らしに必要な静けさへ戻れます。,full_moon;sun;moon;uranus;neptune;pluto;outer_network,1
2026_09_FULL_MOON_OUTER_NETWORK_S12_N05,2026_09_FULL_MOON_OUTER_NETWORK,2026-09,aspect_cluster,2026-09-26T00:00:00+09:00,2026-09-27T01:49:00+09:00,2026-09-29T23:59:59+09:00,0,SUN|MOON|URANUS|NEPTUNE|PLUTO,SUN:LIBRA|MOON:ARIES|URANUS:GEMINI|NEPTUNE:ARIES|PLUTO:AQUARIUS,SUN-NEPTUNE:180|SUN-PLUTO:120|MOON-NEPTUNE:0|MOON-PLUTO:60|SUN-MOON:180|MOON-URANUS:60|SUN-URANUS:120,3,5,lunation_plus_planet,SUN,12,5,anchor_house,SUN|MOON|URANUS|NEPTUNE|PLUTO,swiss_ephemeris,FULL_MOON:2026-09-27|SUN:URANUS:120:2026-09-29,exact_day,SEP_FULL_MOON_OUTER_NETWORK,,80,100,見せなかった作品に完成の印を置く,{event_date}頃は、誰にも見せず育ててきた作品や好意に一区切りが見え、公開するか捨てるかの二択へ傾きやすくなります。自分の中で完成した点、まだ試したい表現、相手の反応を待っている部分を分けてください。日付ではなく完成版の印を残し、発表は別日に決めると、喜びを守りながら終える部分を選べます。,full_moon;sun;moon;uranus;neptune;pluto;outer_network,1
2026_09_FULL_MOON_OUTER_NETWORK_S12_N06,2026_09_FULL_MOON_OUTER_NETWORK,2026-09,aspect_cluster,2026-09-26T00:00:00+09:00,2026-09-27T01:49:00+09:00,2026-09-29T23:59:59+09:00,0,SUN|MOON|URANUS|NEPTUNE|PLUTO,SUN:LIBRA|MOON:ARIES|URANUS:GEMINI|NEPTUNE:ARIES|PLUTO:AQUARIUS,SUN-NEPTUNE:180|SUN-PLUTO:120|MOON-NEPTUNE:0|MOON-PLUTO:60|SUN-MOON:180|MOON-URANUS:60|SUN-URANUS:120,3,5,lunation_plus_planet,SUN,12,6,anchor_house,SUN|MOON|URANUS|NEPTUNE|PLUTO,swiss_ephemeris,FULL_MOON:2026-09-27|SUN:URANUS:120:2026-09-29,exact_day,SEP_FULL_MOON_OUTER_NETWORK,,80,100,終わった負担を休息の予定へ変える,{event_date}頃は、表に出ない作業が一段落し、張り詰めていた反動を普段の予定へ持ち込みやすくなります。完了した仕事、まだ身体が警戒している感覚、誰かに渡せる残務を分けてください。空いた時間へ新しい用事を詰めず、食事や睡眠の時刻を戻すと、変えられる日課と回復を待つ部分を穏やかに区切れます。,full_moon;sun;moon;uranus;neptune;pluto;outer_network,1
2026_09_FULL_MOON_OUTER_NETWORK_S12_N07,2026_09_FULL_MOON_OUTER_NETWORK,2026-09,aspect_cluster,2026-09-26T00:00:00+09:00,2026-09-27T01:49:00+09:00,2026-09-29T23:59:59+09:00,0,SUN|MOON|URANUS|NEPTUNE|PLUTO,SUN:LIBRA|MOON:ARIES|URANUS:GEMINI|NEPTUNE:ARIES|PLUTO:AQUARIUS,SUN-NEPTUNE:180|SUN-PLUTO:120|MOON-NEPTUNE:0|MOON-PLUTO:60|SUN-MOON:180|MOON-URANUS:60|SUN-URANUS:120,3,5,lunation_plus_planet,SUN,12,7,anchor_house,SUN|MOON|URANUS|NEPTUNE|PLUTO,swiss_ephemeris,FULL_MOON:2026-09-27|SUN:URANUS:120:2026-09-29,exact_day,SEP_FULL_MOON_OUTER_NETWORK,,80,100,言わずに守った関係の役目を終える,{event_date}頃は、相手に伝えず支えてきたことへ節目が訪れ、気づいてほしい思いが強くなりそうです。実際に交わした約束、好意で引き受けた配慮、相手の反応を想像して続けた我慢を分けてください。説明できる一項目だけを対話へ出し、残りは自分の休息へ戻すと、関係を決めつけず役割を更新できます。,full_moon;sun;moon;uranus;neptune;pluto;outer_network,1
2026_09_FULL_MOON_OUTER_NETWORK_S12_N08,2026_09_FULL_MOON_OUTER_NETWORK,2026-09,aspect_cluster,2026-09-26T00:00:00+09:00,2026-09-27T01:49:00+09:00,2026-09-29T23:59:59+09:00,0,SUN|MOON|URANUS|NEPTUNE|PLUTO,SUN:LIBRA|MOON:ARIES|URANUS:GEMINI|NEPTUNE:ARIES|PLUTO:AQUARIUS,SUN-NEPTUNE:180|SUN-PLUTO:120|MOON-NEPTUNE:0|MOON-PLUTO:60|SUN-MOON:180|MOON-URANUS:60|SUN-URANUS:120,3,5,lunation_plus_planet,SUN,12,8,anchor_house,SUN|MOON|URANUS|NEPTUNE|PLUTO,swiss_ephemeris,FULL_MOON:2026-09-27|SUN:URANUS:120:2026-09-29,exact_day,SEP_FULL_MOON_OUTER_NETWORK,,80,100,共有した情報の保管期限を決め直す,{event_date}頃は、共有している情報や資源に隠れた責任が見え、信頼を守るため何でも抱える必要があるように感じるかもしれません。現在の権限、返却できる資料、相手の領域として受け止める事情を分けてください。保管期限と担当者を記録し、感情の解決まで請け負わないことで、守るものと返すものに静かな区切りが付きます。,full_moon;sun;moon;uranus;neptune;pluto;outer_network,1
2026_09_FULL_MOON_OUTER_NETWORK_S12_N09,2026_09_FULL_MOON_OUTER_NETWORK,2026-09,aspect_cluster,2026-09-26T00:00:00+09:00,2026-09-27T01:49:00+09:00,2026-09-29T23:59:59+09:00,0,SUN|MOON|URANUS|NEPTUNE|PLUTO,SUN:LIBRA|MOON:ARIES|URANUS:GEMINI|NEPTUNE:ARIES|PLUTO:AQUARIUS,SUN-NEPTUNE:180|SUN-PLUTO:120|MOON-NEPTUNE:0|MOON-PLUTO:60|SUN-MOON:180|MOON-URANUS:60|SUN-URANUS:120,3,5,lunation_plus_planet,SUN,12,9,anchor_house,SUN|MOON|URANUS|NEPTUNE|PLUTO,swiss_ephemeris,FULL_MOON:2026-09-27|SUN:URANUS:120:2026-09-29,exact_day,SEP_FULL_MOON_OUTER_NETWORK,,80,100,心の支えになった教えを今の言葉へ戻す,{event_date}頃は、長く心の支えにしてきた考えや学びが一区切りを迎え、信じ続けるか捨てるかを急ぎたくなるかもしれません。確認できる事実、今も助けになる視点、経験が変わって合わなくなった解釈を分けてください。結論の代わりに現在の問いを一つ書くと、変えられる理解と答えを待つ領域を両立できます。,full_moon;sun;moon;uranus;neptune;pluto;outer_network,1
2026_09_FULL_MOON_OUTER_NETWORK_S12_N10,2026_09_FULL_MOON_OUTER_NETWORK,2026-09,aspect_cluster,2026-09-26T00:00:00+09:00,2026-09-27T01:49:00+09:00,2026-09-29T23:59:59+09:00,0,SUN|MOON|URANUS|NEPTUNE|PLUTO,SUN:LIBRA|MOON:ARIES|URANUS:GEMINI|NEPTUNE:ARIES|PLUTO:AQUARIUS,SUN-NEPTUNE:180|SUN-PLUTO:120|MOON-NEPTUNE:0|MOON-PLUTO:60|SUN-MOON:180|MOON-URANUS:60|SUN-URANUS:120,3,5,lunation_plus_planet,SUN,12,10,anchor_house,SUN|MOON|URANUS|NEPTUNE|PLUTO,swiss_ephemeris,FULL_MOON:2026-09-27|SUN:URANUS:120:2026-09-29,exact_day,SEP_FULL_MOON_OUTER_NETWORK,,80,100,公表されない役目の完了を自分で認める,{event_date}頃は、公表されないまま進めた仕事に節目が見え、評価がないと終われないように感じやすくなります。提出済みの成果、自分が担った範囲、組織の判断として待つ事項を分けてください。作業記録へ完了を残し、反応を催促する前に休む時間を取ると、外へ説明する部分と内側で閉じる役目を選べます。,full_moon;sun;moon;uranus;neptune;pluto;outer_network,1
2026_09_FULL_MOON_OUTER_NETWORK_S12_N11,2026_09_FULL_MOON_OUTER_NETWORK,2026-09,aspect_cluster,2026-09-26T00:00:00+09:00,2026-09-27T01:49:00+09:00,2026-09-29T23:59:59+09:00,0,SUN|MOON|URANUS|NEPTUNE|PLUTO,SUN:LIBRA|MOON:ARIES|URANUS:GEMINI|NEPTUNE:ARIES|PLUTO:AQUARIUS,SUN-NEPTUNE:180|SUN-PLUTO:120|MOON-NEPTUNE:0|MOON-PLUTO:60|SUN-MOON:180|MOON-URANUS:60|SUN-URANUS:120,3,5,lunation_plus_planet,SUN,12,11,anchor_house,SUN|MOON|URANUS|NEPTUNE|PLUTO,swiss_ephemeris,FULL_MOON:2026-09-27|SUN:URANUS:120:2026-09-29,exact_day,SEP_FULL_MOON_OUTER_NETWORK,,80,100,離れて見守った仲間との距離を整える,{event_date}頃は、表立って参加せず見守ってきた仲間や計画に節目が訪れ、距離を置いた罪悪感が浮かびやすくなります。自分に届いた依頼、すでに他の人が担う役目、応援だけを続けたい活動を分けてください。近況を一度確認し、参加の有無は別に決めると、つながりを否定せず引き受けない部分を受け止められます。,full_moon;sun;moon;uranus;neptune;pluto;outer_network,1
2026_09_FULL_MOON_OUTER_NETWORK_S12_N12,2026_09_FULL_MOON_OUTER_NETWORK,2026-09,aspect_cluster,2026-09-26T00:00:00+09:00,2026-09-27T01:49:00+09:00,2026-09-29T23:59:59+09:00,0,SUN|MOON|URANUS|NEPTUNE|PLUTO,SUN:LIBRA|MOON:ARIES|URANUS:GEMINI|NEPTUNE:ARIES|PLUTO:AQUARIUS,SUN-NEPTUNE:180|SUN-PLUTO:120|MOON-NEPTUNE:0|MOON-PLUTO:60|SUN-MOON:180|MOON-URANUS:60|SUN-URANUS:120,3,5,lunation_plus_planet,SUN,12,12,anchor_house,SUN|MOON|URANUS|NEPTUNE|PLUTO,swiss_ephemeris,FULL_MOON:2026-09-27|SUN:URANUS:120:2026-09-29,exact_day,SEP_FULL_MOON_OUTER_NETWORK,,80,100,名前を付けない感情にも終わる時間を渡す,{event_date}頃は、理由を説明できない感情や夢の余韻が満ち、すべてに答えを付けてから休みたくなるかもしれません。今の身体にある感覚、繰り返す記憶、現実に対応が必要な出来事を分けてください。記録は数行で止め、眠る前に判断を保留すると、変えられる現実へ備えながら、自然に薄れるものを追いかけずに済みます。,full_moon;sun;moon;uranus;neptune;pluto;outer_network,1
2026_09_MONTH_END_TSQUARE_BUILDING_S01_N01,2026_09_MONTH_END_TSQUARE_BUILDING,2026-09,aspect_cluster,2026-09-30T00:00:00+09:00,2026-10-02T18:14:00+09:00,2026-09-30T23:59:59+09:00,0,MERCURY|MARS|PLUTO,MERCURY:SCORPIO|MARS:LEO|PLUTO:AQUARIUS,MERCURY-MARS:90|MERCURY-PLUTO:90|MARS-PLUTO:180,3,3,not_applicable,MERCURY,1,1,anchor_house,MERCURY|MARS|PLUTO,swiss_ephemeris,MERCURY:MARS:90:2026-10-02|MARS:PLUTO:180:2026-10-03,month_end,SEP_MONTH_END_PRESSURE,,95,100,急ぐ自己決定に身体の確認時間を置く,{event_date}は、自分の考えをすぐ行動で示したい気持ちが強まり、判断の速さを自信と取り違えやすい時です。言い切りたい結論、身体が示す疲れ、後から変更できる選択を分けてください。返答や開始の前に短い確認時間を置くと、勢いを失わず、今の自分が本当に引き受けられる一歩を選べます。,t_square;mercury;mars;pluto;builds_into_2026-10,1
2026_09_MONTH_END_TSQUARE_BUILDING_S01_N02,2026_09_MONTH_END_TSQUARE_BUILDING,2026-09,aspect_cluster,2026-09-30T00:00:00+09:00,2026-10-02T18:14:00+09:00,2026-09-30T23:59:59+09:00,0,MERCURY|MARS|PLUTO,MERCURY:SCORPIO|MARS:LEO|PLUTO:AQUARIUS,MERCURY-MARS:90|MERCURY-PLUTO:90|MARS-PLUTO:180,3,3,not_applicable,MERCURY,1,2,anchor_house,MERCURY|MARS|PLUTO,swiss_ephemeris,MERCURY:MARS:90:2026-10-02|MARS:PLUTO:180:2026-10-03,month_end,SEP_MONTH_END_PRESSURE,,95,100,自分の価値を急な金額判断から守る,{event_date}は、実力を証明したい思いが、価格や購入、報酬への即答として表れやすくなります。確定した金額と交渉できる条件を一覧にし、気持ちを落ち着けるためだけの出費は別枠に置きましょう。その場で承諾せず見積りを一度持ち帰れば、自分の価値を下げず、生活を守れる数字で判断できます。,t_square;mercury;mars;pluto;builds_into_2026-10,1
2026_09_MONTH_END_TSQUARE_BUILDING_S01_N03,2026_09_MONTH_END_TSQUARE_BUILDING,2026-09,aspect_cluster,2026-09-30T00:00:00+09:00,2026-10-02T18:14:00+09:00,2026-09-30T23:59:59+09:00,0,MERCURY|MARS|PLUTO,MERCURY:SCORPIO|MARS:LEO|PLUTO:AQUARIUS,MERCURY-MARS:90|MERCURY-PLUTO:90|MARS-PLUTO:180,3,3,not_applicable,MERCURY,1,3,anchor_house,MERCURY|MARS|PLUTO,swiss_ephemeris,MERCURY:MARS:90:2026-10-02|MARS:PLUTO:180:2026-10-03,month_end,SEP_MONTH_END_PRESSURE,,95,100,強い言葉を送る前に論点を一つ選ぶ,{event_date}は、自分の意見を早く通したくなり、複数の論点や過去の不満を一度に伝えたくなりそうです。今決める事項、確認が必要な事実、感情として共有したいことを分けてください。送信前に主語と期限を読み直し、一通につき一つの要件へ絞ると、主張の力を保ちながら話の余地を残せます。,t_square;mercury;mars;pluto;builds_into_2026-10,1
2026_09_MONTH_END_TSQUARE_BUILDING_S01_N04,2026_09_MONTH_END_TSQUARE_BUILDING,2026-09,aspect_cluster,2026-09-30T00:00:00+09:00,2026-10-02T18:14:00+09:00,2026-09-30T23:59:59+09:00,0,MERCURY|MARS|PLUTO,MERCURY:SCORPIO|MARS:LEO|PLUTO:AQUARIUS,MERCURY-MARS:90|MERCURY-PLUTO:90|MARS-PLUTO:180,3,3,not_applicable,MERCURY,1,4,anchor_house,MERCURY|MARS|PLUTO,swiss_ephemeris,MERCURY:MARS:90:2026-10-02|MARS:PLUTO:180:2026-10-03,month_end,SEP_MONTH_END_PRESSURE,,95,100,自分の決断を家の都合と照合し直す,{event_date}は、自分の方針を変えたい気持ちが強まり、家族の予定や住まいの事情を後から合わせたくなるかもしれません。共有予定に載っている約束を確認し、個人で決められることと同居者の合意が要ることに印を付けてください。最初の一手だけ選べば、主体性を保ちつつ暮らしへ無理な圧力を持ち込まずに済みます。,t_square;mercury;mars;pluto;builds_into_2026-10,1
2026_09_MONTH_END_TSQUARE_BUILDING_S01_N05,2026_09_MONTH_END_TSQUARE_BUILDING,2026-09,aspect_cluster,2026-09-30T00:00:00+09:00,2026-10-02T18:14:00+09:00,2026-09-30T23:59:59+09:00,0,MERCURY|MARS|PLUTO,MERCURY:SCORPIO|MARS:LEO|PLUTO:AQUARIUS,MERCURY-MARS:90|MERCURY-PLUTO:90|MARS-PLUTO:180,3,3,not_applicable,MERCURY,1,5,anchor_house,MERCURY|MARS|PLUTO,swiss_ephemeris,MERCURY:MARS:90:2026-10-02|MARS:PLUTO:180:2026-10-03,month_end,SEP_MONTH_END_PRESSURE,,95,100,表現したい衝動に試作の余白を残す,{event_date}は、作品や好意を一気に示したくなり、反応を待つ時間まで結果の一部に感じやすくなります。試してみたい表現、相手へ確認する範囲、公開後にも直せる部分を分けてください。完成宣言や大きな約束の前に小さな試作を見せると、自分らしい熱を守りながら受け手の余地も残せます。,t_square;mercury;mars;pluto;builds_into_2026-10,1
2026_09_MONTH_END_TSQUARE_BUILDING_S01_N06,2026_09_MONTH_END_TSQUARE_BUILDING,2026-09,aspect_cluster,2026-09-30T00:00:00+09:00,2026-10-02T18:14:00+09:00,2026-09-30T23:59:59+09:00,0,MERCURY|MARS|PLUTO,MERCURY:SCORPIO|MARS:LEO|PLUTO:AQUARIUS,MERCURY-MARS:90|MERCURY-PLUTO:90|MARS-PLUTO:180,3,3,not_applicable,MERCURY,1,6,anchor_house,MERCURY|MARS|PLUTO,swiss_ephemeris,MERCURY:MARS:90:2026-10-02|MARS:PLUTO:180:2026-10-03,month_end,SEP_MONTH_END_PRESSURE,,95,100,意欲の高まりを仕事量の上限へ戻す,{event_date}は、遅れを取り戻そうとする意欲が高まり、仕事や運動を一度に詰め込みやすくなります。必須の作業、翌日へ回せる用事、身体の集中が切れる合図を分けてください。終了時刻を先に決め、追加依頼には確認後に返すと伝えることで、動く力を消耗ではなく着実な処理へ変えられます。,t_square;mercury;mars;pluto;builds_into_2026-10,1
2026_09_MONTH_END_TSQUARE_BUILDING_S01_N07,2026_09_MONTH_END_TSQUARE_BUILDING,2026-09,aspect_cluster,2026-09-30T00:00:00+09:00,2026-10-02T18:14:00+09:00,2026-09-30T23:59:59+09:00,0,MERCURY|MARS|PLUTO,MERCURY:SCORPIO|MARS:LEO|PLUTO:AQUARIUS,MERCURY-MARS:90|MERCURY-PLUTO:90|MARS-PLUTO:180,3,3,not_applicable,MERCURY,1,7,anchor_house,MERCURY|MARS|PLUTO,swiss_ephemeris,MERCURY:MARS:90:2026-10-02|MARS:PLUTO:180:2026-10-03,month_end,SEP_MONTH_END_PRESSURE,,95,100,自分の結論と相手の返答期限を分ける,{event_date}は、関係の方向を早くはっきりさせたくなり、相手の沈黙まで自分への答えとして受け取りやすい時です。自分が伝える希望、相手に尋ねる条件、返答を待てる期限を分けてください。結論を迫らず次に話す時だけ決めると、自分の立場を曖昧にせず、相手が考える時間も確保できます。,t_square;mercury;mars;pluto;builds_into_2026-10,1
2026_09_MONTH_END_TSQUARE_BUILDING_S01_N08,2026_09_MONTH_END_TSQUARE_BUILDING,2026-09,aspect_cluster,2026-09-30T00:00:00+09:00,2026-10-02T18:14:00+09:00,2026-09-30T23:59:59+09:00,0,MERCURY|MARS|PLUTO,MERCURY:SCORPIO|MARS:LEO|PLUTO:AQUARIUS,MERCURY-MARS:90|MERCURY-PLUTO:90|MARS-PLUTO:180,3,3,not_applicable,MERCURY,1,8,anchor_house,MERCURY|MARS|PLUTO,swiss_ephemeris,MERCURY:MARS:90:2026-10-02|MARS:PLUTO:180:2026-10-03,month_end,SEP_MONTH_END_PRESSURE,,95,100,共有条件への即答を権限確認へ戻す,{event_date}は、共同資金や機密の扱いで主導権を取りたくなり、責任の範囲を確かめる前に引き受けやすくなります。自分が決められる権限、相手の承認が要る変更、記録に残すべき条件を分けてください。金額や期限を文面で確認してから動くと、信頼を損なわず、重すぎる責任を一人で抱えずに済みます。,t_square;mercury;mars;pluto;builds_into_2026-10,1
2026_09_MONTH_END_TSQUARE_BUILDING_S01_N09,2026_09_MONTH_END_TSQUARE_BUILDING,2026-09,aspect_cluster,2026-09-30T00:00:00+09:00,2026-10-02T18:14:00+09:00,2026-09-30T23:59:59+09:00,0,MERCURY|MARS|PLUTO,MERCURY:SCORPIO|MARS:LEO|PLUTO:AQUARIUS,MERCURY-MARS:90|MERCURY-PLUTO:90|MARS-PLUTO:180,3,3,not_applicable,MERCURY,1,9,anchor_house,MERCURY|MARS|PLUTO,swiss_ephemeris,MERCURY:MARS:90:2026-10-02|MARS:PLUTO:180:2026-10-03,month_end,SEP_MONTH_END_PRESSURE,,95,100,正しさを示す前に根拠と目的を揃える,{event_date}は、学びや信念を自分の旗として掲げたくなり、異なる見方を急いで訂正したくなるかもしれません。確かめた資料、自分の経験、まだ仮説に留まる解釈を同じメモへ並べ、違いを残してください。何を変えたい発言なのかを一行で定めてから話すと、考えの芯を保ちながら追加の知識を受け取れます。,t_square;mercury;mars;pluto;builds_into_2026-10,1
2026_09_MONTH_END_TSQUARE_BUILDING_S01_N10,2026_09_MONTH_END_TSQUARE_BUILDING,2026-09,aspect_cluster,2026-09-30T00:00:00+09:00,2026-10-02T18:14:00+09:00,2026-09-30T23:59:59+09:00,0,MERCURY|MARS|PLUTO,MERCURY:SCORPIO|MARS:LEO|PLUTO:AQUARIUS,MERCURY-MARS:90|MERCURY-PLUTO:90|MARS-PLUTO:180,3,3,not_applicable,MERCURY,1,10,anchor_house,MERCURY|MARS|PLUTO,swiss_ephemeris,MERCURY:MARS:90:2026-10-02|MARS:PLUTO:180:2026-10-03,month_end,SEP_MONTH_END_PRESSURE,,95,100,前に立つ決意を権限と責任で確かめる,{event_date}は、仕事で先頭に立つ必要を感じ、決裁や準備が整う前に方針を打ち出したくなりそうです。自分の裁量、上位判断を待つ事項、周囲へ説明する責任を分けてください。開始条件と中止条件を短く共有してから進めると、指導力を弱めず、後から背負う負担を適切な範囲に保てます。,t_square;mercury;mars;pluto;builds_into_2026-10,1
2026_09_MONTH_END_TSQUARE_BUILDING_S01_N11,2026_09_MONTH_END_TSQUARE_BUILDING,2026-09,aspect_cluster,2026-09-30T00:00:00+09:00,2026-10-02T18:14:00+09:00,2026-09-30T23:59:59+09:00,0,MERCURY|MARS|PLUTO,MERCURY:SCORPIO|MARS:LEO|PLUTO:AQUARIUS,MERCURY-MARS:90|MERCURY-PLUTO:90|MARS-PLUTO:180,3,3,not_applicable,MERCURY,1,11,anchor_house,MERCURY|MARS|PLUTO,swiss_ephemeris,MERCURY:MARS:90:2026-10-02|MARS:PLUTO:180:2026-10-03,month_end,SEP_MONTH_END_PRESSURE,,95,100,仲間への提案を担当範囲まで具体化する,{event_date}は、新しい計画を自分から動かしたくなり、仲間の賛同を参加の約束として受け取りやすくなります。提案への共感、実際に使える時間、誰が決める事項かを分けてください。最初の担当と見直す時点を明記してから募集すると、熱意だけで役割を配らず、個人の発案を共同作業へつなげられます。,t_square;mercury;mars;pluto;builds_into_2026-10,1
2026_09_MONTH_END_TSQUARE_BUILDING_S01_N12,2026_09_MONTH_END_TSQUARE_BUILDING,2026-09,aspect_cluster,2026-09-30T00:00:00+09:00,2026-10-02T18:14:00+09:00,2026-09-30T23:59:59+09:00,0,MERCURY|MARS|PLUTO,MERCURY:SCORPIO|MARS:LEO|PLUTO:AQUARIUS,MERCURY-MARS:90|MERCURY-PLUTO:90|MARS-PLUTO:180,3,3,not_applicable,MERCURY,1,12,anchor_house,MERCURY|MARS|PLUTO,swiss_ephemeris,MERCURY:MARS:90:2026-10-02|MARS:PLUTO:180:2026-10-03,month_end,SEP_MONTH_END_PRESSURE,,95,100,動き出す前に内側の警報を点検する,{event_date}は、停滞を破りたい気持ちが強まり、休息不足や言葉にならない不安を勢いで越えたくなるかもしれません。現実に迫る期限、想像している失敗、今の集中力で扱える作業を分けてください。公表や開始を少し待ち、信頼できる一人へ計画を説明すると、内側の警報を無視せず動ける形へ整えられます。,t_square;mercury;mars;pluto;builds_into_2026-10,1
2026_09_MONTH_END_TSQUARE_BUILDING_S02_N01,2026_09_MONTH_END_TSQUARE_BUILDING,2026-09,aspect_cluster,2026-09-30T00:00:00+09:00,2026-10-02T18:14:00+09:00,2026-09-30T23:59:59+09:00,0,MERCURY|MARS|PLUTO,MERCURY:SCORPIO|MARS:LEO|PLUTO:AQUARIUS,MERCURY-MARS:90|MERCURY-PLUTO:90|MARS-PLUTO:180,3,3,not_applicable,MERCURY,2,1,anchor_house,MERCURY|MARS|PLUTO,swiss_ephemeris,MERCURY:MARS:90:2026-10-02|MARS:PLUTO:180:2026-10-03,month_end,SEP_MONTH_END_PRESSURE,,95,100,値段で揺れる自己評価を身体感覚へ戻す,{event_date}は、持ち物や収入への評価を自分自身への評価として受け取り、見た目や振る舞いを急に変えたくなりそうです。実際に必要な手入れ、他者の反応から生まれた焦り、今の身体が心地よいと感じる選択を分けてください。購入や変更を一晩保留すると、価値を証明するためではなく自分を支えるために資源を使えます。,t_square;mercury;mars;pluto;builds_into_2026-10,1
2026_09_MONTH_END_TSQUARE_BUILDING_S02_N02,2026_09_MONTH_END_TSQUARE_BUILDING,2026-09,aspect_cluster,2026-09-30T00:00:00+09:00,2026-10-02T18:14:00+09:00,2026-09-30T23:59:59+09:00,0,MERCURY|MARS|PLUTO,MERCURY:SCORPIO|MARS:LEO|PLUTO:AQUARIUS,MERCURY-MARS:90|MERCURY-PLUTO:90|MARS-PLUTO:180,3,3,not_applicable,MERCURY,2,2,anchor_house,MERCURY|MARS|PLUTO,swiss_ephemeris,MERCURY:MARS:90:2026-10-02|MARS:PLUTO:180:2026-10-03,month_end,SEP_MONTH_END_PRESSURE,,95,100,残高への焦りを支払順序の確認へ変える,{event_date}は、収支の数字が気になり、足りない分をすぐ補うか、必要な支払いまで止めるかへ傾きやすくなります。確定した残高、期限の近い支出、まだ比較できる契約を一覧にしてください。大きい金額からではなく期限と生活への影響で順序を付けると、焦りに押されず手元の資源を守れます。,t_square;mercury;mars;pluto;builds_into_2026-10,1
2026_09_MONTH_END_TSQUARE_BUILDING_S02_N03,2026_09_MONTH_END_TSQUARE_BUILDING,2026-09,aspect_cluster,2026-09-30T00:00:00+09:00,2026-10-02T18:14:00+09:00,2026-09-30T23:59:59+09:00,0,MERCURY|MARS|PLUTO,MERCURY:SCORPIO|MARS:LEO|PLUTO:AQUARIUS,MERCURY-MARS:90|MERCURY-PLUTO:90|MARS-PLUTO:180,3,3,not_applicable,MERCURY,2,3,anchor_house,MERCURY|MARS|PLUTO,swiss_ephemeris,MERCURY:MARS:90:2026-10-02|MARS:PLUTO:180:2026-10-03,month_end,SEP_MONTH_END_PRESSURE,,95,100,価格の返答を根拠が揃うまで保留する,{event_date}は、価格や報酬の話を早く決めたくなり、相手の短い言葉を最終条件として受け取りやすい時です。提示額、含まれる作業、追加時の扱いを同じ文面へ並べ、曖昧な箇所だけ質問してください。口頭の勢いで承諾せず回答時刻を伝えると、関係を硬くせず自分の条件を守れます。,t_square;mercury;mars;pluto;builds_into_2026-10,1
2026_09_MONTH_END_TSQUARE_BUILDING_S02_N04,2026_09_MONTH_END_TSQUARE_BUILDING,2026-09,aspect_cluster,2026-09-30T00:00:00+09:00,2026-10-02T18:14:00+09:00,2026-09-30T23:59:59+09:00,0,MERCURY|MARS|PLUTO,MERCURY:SCORPIO|MARS:LEO|PLUTO:AQUARIUS,MERCURY-MARS:90|MERCURY-PLUTO:90|MARS-PLUTO:180,3,3,not_applicable,MERCURY,2,4,anchor_house,MERCURY|MARS|PLUTO,swiss_ephemeris,MERCURY:MARS:90:2026-10-02|MARS:PLUTO:180:2026-10-03,month_end,SEP_MONTH_END_PRESSURE,,95,100,家計の決定を暮らす人の予定と揃える,{event_date}は、家を守るための出費を自分だけで決めたくなり、同居者の予定や優先順位が後回しになりそうです。すぐ必要な修繕、相談して選ぶ買い物、今ある物で代用できる項目を表へ分けてください。支払う前に利用する人の都合を確認すれば、安心を急いで買わず暮らしに合う配分を選べます。,t_square;mercury;mars;pluto;builds_into_2026-10,1
2026_09_MONTH_END_TSQUARE_BUILDING_S02_N05,2026_09_MONTH_END_TSQUARE_BUILDING,2026-09,aspect_cluster,2026-09-30T00:00:00+09:00,2026-10-02T18:14:00+09:00,2026-09-30T23:59:59+09:00,0,MERCURY|MARS|PLUTO,MERCURY:SCORPIO|MARS:LEO|PLUTO:AQUARIUS,MERCURY-MARS:90|MERCURY-PLUTO:90|MARS-PLUTO:180,3,3,not_applicable,MERCURY,2,5,anchor_house,MERCURY|MARS|PLUTO,swiss_ephemeris,MERCURY:MARS:90:2026-10-02|MARS:PLUTO:180:2026-10-03,month_end,SEP_MONTH_END_PRESSURE,,95,100,創作の熱と使える予算を別々に決める,{event_date}は、作品や遊びへ惜しまず資源を注ぎたくなり、道具の追加を表現への本気の証明にしやすくなります。今ある素材で試せる案、完成に不可欠な費用、反応を期待した支出を分けてください。先に短い制作時間を取り、必要性が残った物だけ選ぶと、楽しさを削らず予算の主導権を保てます。,t_square;mercury;mars;pluto;builds_into_2026-10,1
2026_09_MONTH_END_TSQUARE_BUILDING_S02_N06,2026_09_MONTH_END_TSQUARE_BUILDING,2026-09,aspect_cluster,2026-09-30T00:00:00+09:00,2026-10-02T18:14:00+09:00,2026-09-30T23:59:59+09:00,0,MERCURY|MARS|PLUTO,MERCURY:SCORPIO|MARS:LEO|PLUTO:AQUARIUS,MERCURY-MARS:90|MERCURY-PLUTO:90|MARS-PLUTO:180,3,3,not_applicable,MERCURY,2,6,anchor_house,MERCURY|MARS|PLUTO,swiss_ephemeris,MERCURY:MARS:90:2026-10-02|MARS:PLUTO:180:2026-10-03,month_end,SEP_MONTH_END_PRESSURE,,95,100,働いた量と休める対価を同時に確かめる,{event_date}は、収入を守ろうとして作業を増やし、疲れを後から精算できるもののように扱いやすくなります。確定している報酬、無償で増えた工程、翌日へ残る負担を記録してください。追加作業へ入る前に所要時間と終了時刻を伝えると、稼ぐ力を落とさず生活を支える余白も守れます。,t_square;mercury;mars;pluto;builds_into_2026-10,1
2026_09_MONTH_END_TSQUARE_BUILDING_S02_N07,2026_09_MONTH_END_TSQUARE_BUILDING,2026-09,aspect_cluster,2026-09-30T00:00:00+09:00,2026-10-02T18:14:00+09:00,2026-09-30T23:59:59+09:00,0,MERCURY|MARS|PLUTO,MERCURY:SCORPIO|MARS:LEO|PLUTO:AQUARIUS,MERCURY-MARS:90|MERCURY-PLUTO:90|MARS-PLUTO:180,3,3,not_applicable,MERCURY,2,7,anchor_house,MERCURY|MARS|PLUTO,swiss_ephemeris,MERCURY:MARS:90:2026-10-02|MARS:PLUTO:180:2026-10-03,month_end,SEP_MONTH_END_PRESSURE,,95,100,好意と金銭条件を即答せず並べ直す,{event_date}は、相手との関係を守りたい思いから、費用や分担へその場で譲歩したくなるかもしれません。贈りたいもの、返してほしい金額、二人で相談する条件を別の項目として示してください。気持ちの確認と会計の返答を同時に済ませず、次に話す時を決めると、好意を値段へ置き換えずに済みます。,t_square;mercury;mars;pluto;builds_into_2026-10,1
2026_09_MONTH_END_TSQUARE_BUILDING_S02_N08,2026_09_MONTH_END_TSQUARE_BUILDING,2026-09,aspect_cluster,2026-09-30T00:00:00+09:00,2026-10-02T18:14:00+09:00,2026-09-30T23:59:59+09:00,0,MERCURY|MARS|PLUTO,MERCURY:SCORPIO|MARS:LEO|PLUTO:AQUARIUS,MERCURY-MARS:90|MERCURY-PLUTO:90|MARS-PLUTO:180,3,3,not_applicable,MERCURY,2,8,anchor_house,MERCURY|MARS|PLUTO,swiss_ephemeris,MERCURY:MARS:90:2026-10-02|MARS:PLUTO:180:2026-10-03,month_end,SEP_MONTH_END_PRESSURE,,95,100,共有資金の判断を証憑と権限へ戻す,{event_date}は、共同資金や借入れの判断を急がされる感覚が強まり、責任を引き受けて場を収めたくなりそうです。残高を示す記録、決定できる人、承認後に動かす金額を確認してください。推測で不足を埋めず証憑が揃うまで処理を止めると、信頼を保ちながら自分の資産と共同責任を分けられます。,t_square;mercury;mars;pluto;builds_into_2026-10,1
2026_09_MONTH_END_TSQUARE_BUILDING_S02_N09,2026_09_MONTH_END_TSQUARE_BUILDING,2026-09,aspect_cluster,2026-09-30T00:00:00+09:00,2026-10-02T18:14:00+09:00,2026-09-30T23:59:59+09:00,0,MERCURY|MARS|PLUTO,MERCURY:SCORPIO|MARS:LEO|PLUTO:AQUARIUS,MERCURY-MARS:90|MERCURY-PLUTO:90|MARS-PLUTO:180,3,3,not_applicable,MERCURY,2,9,anchor_house,MERCURY|MARS|PLUTO,swiss_ephemeris,MERCURY:MARS:90:2026-10-02|MARS:PLUTO:180:2026-10-03,month_end,SEP_MONTH_END_PRESSURE,,95,100,学びへの投資を期限と利用目的で選ぶ,{event_date}は、将来のため今すぐ学ぶべきだと感じ、高額な講座や遠い計画へ結論を急ぎやすくなります。申込期限、実際に使う場面、代わりに試せる資料を一枚に並べてください。肩書や不安ではなく、次に使う知識が説明できるかで選ぶと、成長への意欲と生活資金を両立できます。,t_square;mercury;mars;pluto;builds_into_2026-10,1
2026_09_MONTH_END_TSQUARE_BUILDING_S02_N10,2026_09_MONTH_END_TSQUARE_BUILDING,2026-09,aspect_cluster,2026-09-30T00:00:00+09:00,2026-10-02T18:14:00+09:00,2026-09-30T23:59:59+09:00,0,MERCURY|MARS|PLUTO,MERCURY:SCORPIO|MARS:LEO|PLUTO:AQUARIUS,MERCURY-MARS:90|MERCURY-PLUTO:90|MARS-PLUTO:180,3,3,not_applicable,MERCURY,2,10,anchor_house,MERCURY|MARS|PLUTO,swiss_ephemeris,MERCURY:MARS:90:2026-10-02|MARS:PLUTO:180:2026-10-03,month_end,SEP_MONTH_END_PRESSURE,,95,100,報酬の交渉を実績と職責から組み立てる,{event_date}は、仕事での価値を早く認めてほしくなり、評価への不満と報酬の交渉を一度に持ち出しやすい時です。完了した実績、現在の職責、希望する条件を別々の資料へまとめてください。感情の強さではなく確認できる差分から話を始めると、立場を守りながら具体的な検討へつなげられます。,t_square;mercury;mars;pluto;builds_into_2026-10,1
2026_09_MONTH_END_TSQUARE_BUILDING_S02_N11,2026_09_MONTH_END_TSQUARE_BUILDING,2026-09,aspect_cluster,2026-09-30T00:00:00+09:00,2026-10-02T18:14:00+09:00,2026-09-30T23:59:59+09:00,0,MERCURY|MARS|PLUTO,MERCURY:SCORPIO|MARS:LEO|PLUTO:AQUARIUS,MERCURY-MARS:90|MERCURY-PLUTO:90|MARS-PLUTO:180,3,3,not_applicable,MERCURY,2,11,anchor_house,MERCURY|MARS|PLUTO,swiss_ephemeris,MERCURY:MARS:90:2026-10-02|MARS:PLUTO:180:2026-10-03,month_end,SEP_MONTH_END_PRESSURE,,95,100,共同予算への賛同を支払約束と分ける,{event_date}は、仲間の計画を進めたい気持ちから、予算や寄付へ早く賛同を示したくなります。企画への共感、実際に出せる金額、使途を確認してから決めたい部分を分けて伝えてください。返答期限と会計担当を確かめれば、熱意を疑われる不安に押されず、続けられる支援を選べます。,t_square;mercury;mars;pluto;builds_into_2026-10,1
2026_09_MONTH_END_TSQUARE_BUILDING_S02_N12,2026_09_MONTH_END_TSQUARE_BUILDING,2026-09,aspect_cluster,2026-09-30T00:00:00+09:00,2026-10-02T18:14:00+09:00,2026-09-30T23:59:59+09:00,0,MERCURY|MARS|PLUTO,MERCURY:SCORPIO|MARS:LEO|PLUTO:AQUARIUS,MERCURY-MARS:90|MERCURY-PLUTO:90|MARS-PLUTO:180,3,3,not_applicable,MERCURY,2,12,anchor_house,MERCURY|MARS|PLUTO,swiss_ephemeris,MERCURY:MARS:90:2026-10-02|MARS:PLUTO:180:2026-10-03,month_end,SEP_MONTH_END_PRESSURE,,95,100,見えない不安による資源判断を休ませる,{event_date}は、理由のはっきりしない不足感が強まり、備蓄を増やすことや手放すことで安心を得たくなるかもしれません。現実の在庫、今月使う予定、気分が落ち着いてから決めたい物を別々に置いてください。夜間の購入や処分を避け、翌朝に一覧だけ見直すと、内側の緊張を会計の結論にせずに済みます。,t_square;mercury;mars;pluto;builds_into_2026-10,1
2026_09_MONTH_END_TSQUARE_BUILDING_S03_N01,2026_09_MONTH_END_TSQUARE_BUILDING,2026-09,aspect_cluster,2026-09-30T00:00:00+09:00,2026-10-02T18:14:00+09:00,2026-09-30T23:59:59+09:00,0,MERCURY|MARS|PLUTO,MERCURY:SCORPIO|MARS:LEO|PLUTO:AQUARIUS,MERCURY-MARS:90|MERCURY-PLUTO:90|MARS-PLUTO:180,3,3,not_applicable,MERCURY,3,1,anchor_house,MERCURY|MARS|PLUTO,swiss_ephemeris,MERCURY:MARS:90:2026-10-02|MARS:PLUTO:180:2026-10-03,month_end,SEP_MONTH_END_PRESSURE,,95,100,急いで話す前に声と身体の速度を揃える,{event_date}は、思いついたことをすぐ口にし、自分の立場を速さで示したくなりそうです。言いたい結論、相手に確かめる事実、声や呼吸が急いでいる合図を一度分けてください。短い返答でも読み上げてから送ると、主張を弱めず、身体が追いつける伝え方へ戻せます。,t_square;mercury;mars;pluto;builds_into_2026-10,1
2026_09_MONTH_END_TSQUARE_BUILDING_S03_N02,2026_09_MONTH_END_TSQUARE_BUILDING,2026-09,aspect_cluster,2026-09-30T00:00:00+09:00,2026-10-02T18:14:00+09:00,2026-09-30T23:59:59+09:00,0,MERCURY|MARS|PLUTO,MERCURY:SCORPIO|MARS:LEO|PLUTO:AQUARIUS,MERCURY-MARS:90|MERCURY-PLUTO:90|MARS-PLUTO:180,3,3,not_applicable,MERCURY,3,2,anchor_house,MERCURY|MARS|PLUTO,swiss_ephemeris,MERCURY:MARS:90:2026-10-02|MARS:PLUTO:180:2026-10-03,month_end,SEP_MONTH_END_PRESSURE,,95,100,値段の連絡を支払条件まで読んで返す,{event_date}は、価格変更や請求の連絡へ反射的に返し、損得を早く確定したくなりやすい時です。金額だけでなく、対象期間、追加条件、取消時の扱いを同じ画面で確認してください。疑問点を箇条書きにして回答期限だけ先に伝えると、焦りに合わせて承諾せず、手元の資金に合う判断ができます。,t_square;mercury;mars;pluto;builds_into_2026-10,1
2026_09_MONTH_END_TSQUARE_BUILDING_S03_N03,2026_09_MONTH_END_TSQUARE_BUILDING,2026-09,aspect_cluster,2026-09-30T00:00:00+09:00,2026-10-02T18:14:00+09:00,2026-09-30T23:59:59+09:00,0,MERCURY|MARS|PLUTO,MERCURY:SCORPIO|MARS:LEO|PLUTO:AQUARIUS,MERCURY-MARS:90|MERCURY-PLUTO:90|MARS-PLUTO:180,3,3,not_applicable,MERCURY,3,3,anchor_house,MERCURY|MARS|PLUTO,swiss_ephemeris,MERCURY:MARS:90:2026-10-02|MARS:PLUTO:180:2026-10-03,month_end,SEP_MONTH_END_PRESSURE,,95,100,重なる連絡を優先度と回答期限で仕分ける,{event_date}は、通知や質問が重なるほど全部へ同じ速さで答えようとして、重要な要件を見落としやすくなります。今日中に返すもの、資料を待つもの、相手の回答待ちを三つの欄へ移してください。着信順ではなく期限と影響で並べ、一件ずつ完了印を付けると、会話の量に押されず判断の精度を保てます。,t_square;mercury;mars;pluto;builds_into_2026-10,1
2026_09_MONTH_END_TSQUARE_BUILDING_S03_N04,2026_09_MONTH_END_TSQUARE_BUILDING,2026-09,aspect_cluster,2026-09-30T00:00:00+09:00,2026-10-02T18:14:00+09:00,2026-09-30T23:59:59+09:00,0,MERCURY|MARS|PLUTO,MERCURY:SCORPIO|MARS:LEO|PLUTO:AQUARIUS,MERCURY-MARS:90|MERCURY-PLUTO:90|MARS-PLUTO:180,3,3,not_applicable,MERCURY,3,4,anchor_house,MERCURY|MARS|PLUTO,swiss_ephemeris,MERCURY:MARS:90:2026-10-02|MARS:PLUTO:180:2026-10-03,month_end,SEP_MONTH_END_PRESSURE,,95,100,家の連絡を緊急度と担当者で分け直す,{event_date}は、家族や同居者からの連絡が重なると、誰かの希望を全員の決定として伝えてしまいそうです。今すぐ知らせる安全上の用件、担当者だけで決めること、全員の確認が要ることに分けてください。連絡先と返答期限を一つずつ添えると、声の大きさではなく暮らしの必要に沿って話を進められます。,t_square;mercury;mars;pluto;builds_into_2026-10,1
2026_09_MONTH_END_TSQUARE_BUILDING_S03_N05,2026_09_MONTH_END_TSQUARE_BUILDING,2026-09,aspect_cluster,2026-09-30T00:00:00+09:00,2026-10-02T18:14:00+09:00,2026-09-30T23:59:59+09:00,0,MERCURY|MARS|PLUTO,MERCURY:SCORPIO|MARS:LEO|PLUTO:AQUARIUS,MERCURY-MARS:90|MERCURY-PLUTO:90|MARS-PLUTO:180,3,3,not_applicable,MERCURY,3,5,anchor_house,MERCURY|MARS|PLUTO,swiss_ephemeris,MERCURY:MARS:90:2026-10-02|MARS:PLUTO:180:2026-10-03,month_end,SEP_MONTH_END_PRESSURE,,95,100,披露したい案を公開前の試読へ回す,{event_date}は、ひらめきを早く見せたい気持ちが高まり、説明不足のまま公開や応募へ進みたくなるかもしれません。作品の核、まだ試したい部分、受け手に尋ねたい点を短いメモへ分けてください。信頼できる一人に読んでもらい、伝わらなかった箇所だけ直すと、勢いを失わず表現の余白を守れます。,t_square;mercury;mars;pluto;builds_into_2026-10,1
2026_09_MONTH_END_TSQUARE_BUILDING_S03_N06,2026_09_MONTH_END_TSQUARE_BUILDING,2026-09,aspect_cluster,2026-09-30T00:00:00+09:00,2026-10-02T18:14:00+09:00,2026-09-30T23:59:59+09:00,0,MERCURY|MARS|PLUTO,MERCURY:SCORPIO|MARS:LEO|PLUTO:AQUARIUS,MERCURY-MARS:90|MERCURY-PLUTO:90|MARS-PLUTO:180,3,3,not_applicable,MERCURY,3,6,anchor_house,MERCURY|MARS|PLUTO,swiss_ephemeris,MERCURY:MARS:90:2026-10-02|MARS:PLUTO:180:2026-10-03,month_end,SEP_MONTH_END_PRESSURE,,95,100,急ぎの指示を作業順と完了条件へ戻す,{event_date}は、急ぎの依頼や修正指示が飛び交い、聞いた順に着手して作業を何度も切り替えやすい時です。完了条件、必要な資料、途中で確認する人を各案件に一つずつ記してください。開始前に優先順位を責任者へ読み返し、変更は記録へ残すと、速さを保ちながら手戻りと疲労を減らせます。,t_square;mercury;mars;pluto;builds_into_2026-10,1
2026_09_MONTH_END_TSQUARE_BUILDING_S03_N07,2026_09_MONTH_END_TSQUARE_BUILDING,2026-09,aspect_cluster,2026-09-30T00:00:00+09:00,2026-10-02T18:14:00+09:00,2026-09-30T23:59:59+09:00,0,MERCURY|MARS|PLUTO,MERCURY:SCORPIO|MARS:LEO|PLUTO:AQUARIUS,MERCURY-MARS:90|MERCURY-PLUTO:90|MARS-PLUTO:180,3,3,not_applicable,MERCURY,3,7,anchor_house,MERCURY|MARS|PLUTO,swiss_ephemeris,MERCURY:MARS:90:2026-10-02|MARS:PLUTO:180:2026-10-03,month_end,SEP_MONTH_END_PRESSURE,,95,100,返事を迫る会話に確認の間隔を置く,{event_date}は、相手の返事が遅いほど意味を推測し、追加の質問や説明を重ねたくなりそうです。自分が答えを必要とする時刻、相手へ渡した情報、まだ尋ねていない一点を確認してください。追送するなら一通に一問だけ書き、次に話せる時間を提示すると、結論を迫らず対話の主導権を保てます。,t_square;mercury;mars;pluto;builds_into_2026-10,1
2026_09_MONTH_END_TSQUARE_BUILDING_S03_N08,2026_09_MONTH_END_TSQUARE_BUILDING,2026-09,aspect_cluster,2026-09-30T00:00:00+09:00,2026-10-02T18:14:00+09:00,2026-09-30T23:59:59+09:00,0,MERCURY|MARS|PLUTO,MERCURY:SCORPIO|MARS:LEO|PLUTO:AQUARIUS,MERCURY-MARS:90|MERCURY-PLUTO:90|MARS-PLUTO:180,3,3,not_applicable,MERCURY,3,8,anchor_house,MERCURY|MARS|PLUTO,swiss_ephemeris,MERCURY:MARS:90:2026-10-02|MARS:PLUTO:180:2026-10-03,month_end,SEP_MONTH_END_PRESSURE,,95,100,重要情報を共有範囲と記録先で守る,{event_date}は、秘密や共同案件の情報を早く共有する必要を感じ、権限確認より伝達を優先しやすくなります。誰が閲覧できるか、どの記録を根拠にするか、転送してよい範囲を先に確かめてください。口頭で済ませず指定された場所へ要点を残すと、協力を止めず機密と責任の境界を守れます。,t_square;mercury;mars;pluto;builds_into_2026-10,1
2026_09_MONTH_END_TSQUARE_BUILDING_S03_N09,2026_09_MONTH_END_TSQUARE_BUILDING,2026-09,aspect_cluster,2026-09-30T00:00:00+09:00,2026-10-02T18:14:00+09:00,2026-09-30T23:59:59+09:00,0,MERCURY|MARS|PLUTO,MERCURY:SCORPIO|MARS:LEO|PLUTO:AQUARIUS,MERCURY-MARS:90|MERCURY-PLUTO:90|MARS-PLUTO:180,3,3,not_applicable,MERCURY,3,9,anchor_house,MERCURY|MARS|PLUTO,swiss_ephemeris,MERCURY:MARS:90:2026-10-02|MARS:PLUTO:180:2026-10-03,month_end,SEP_MONTH_END_PRESSURE,,95,100,確信の強い情報ほど別の出典で確かめる,{event_date}は、新しい知識や遠方の情報に確信を持ちやすく、異なる資料を読む前に人へ勧めたくなるかもしれません。発信元、更新時点、実際に試せる範囲を別々に記してください。反対の見解を一つ探し、自分の経験で確かめた部分だけ話すと、学ぶ勢いを保ちながら誤解の広がりを抑えられます。,t_square;mercury;mars;pluto;builds_into_2026-10,1
2026_09_MONTH_END_TSQUARE_BUILDING_S03_N10,2026_09_MONTH_END_TSQUARE_BUILDING,2026-09,aspect_cluster,2026-09-30T00:00:00+09:00,2026-10-02T18:14:00+09:00,2026-09-30T23:59:59+09:00,0,MERCURY|MARS|PLUTO,MERCURY:SCORPIO|MARS:LEO|PLUTO:AQUARIUS,MERCURY-MARS:90|MERCURY-PLUTO:90|MARS-PLUTO:180,3,3,not_applicable,MERCURY,3,10,anchor_house,MERCURY|MARS|PLUTO,swiss_ephemeris,MERCURY:MARS:90:2026-10-02|MARS:PLUTO:180:2026-10-03,month_end,SEP_MONTH_END_PRESSURE,,95,100,公の返答を権限と決裁状況から組み立てる,{event_date}は、職場や公の場で即答を求められると、確認前の見通しまで正式な方針として述べやすい時です。自分の権限で決められる事項、決裁待ちの内容、未確認の数字を資料上で分けてください。確定部分だけ先に伝え、残りの回答時刻を示すと、信用を損なわず判断の圧力へ対処できます。,t_square;mercury;mars;pluto;builds_into_2026-10,1
2026_09_MONTH_END_TSQUARE_BUILDING_S03_N11,2026_09_MONTH_END_TSQUARE_BUILDING,2026-09,aspect_cluster,2026-09-30T00:00:00+09:00,2026-10-02T18:14:00+09:00,2026-09-30T23:59:59+09:00,0,MERCURY|MARS|PLUTO,MERCURY:SCORPIO|MARS:LEO|PLUTO:AQUARIUS,MERCURY-MARS:90|MERCURY-PLUTO:90|MARS-PLUTO:180,3,3,not_applicable,MERCURY,3,11,anchor_house,MERCURY|MARS|PLUTO,swiss_ephemeris,MERCURY:MARS:90:2026-10-02|MARS:PLUTO:180:2026-10-03,month_end,SEP_MONTH_END_PRESSURE,,95,100,大量の意見を提案と決定へ切り分ける,{event_date}は、仲間から意見が相次ぎ、反応の多さを合意の強さとして受け取りやすくなります。提案、質問、正式な賛否を別の欄へ集め、決定できる人と締切を明記してください。発言数ではなく未解決の論点から議題を作ると、熱量を活かしながら集団の判断を急がずに済みます。,t_square;mercury;mars;pluto;builds_into_2026-10,1
2026_09_MONTH_END_TSQUARE_BUILDING_S03_N12,2026_09_MONTH_END_TSQUARE_BUILDING,2026-09,aspect_cluster,2026-09-30T00:00:00+09:00,2026-10-02T18:14:00+09:00,2026-09-30T23:59:59+09:00,0,MERCURY|MARS|PLUTO,MERCURY:SCORPIO|MARS:LEO|PLUTO:AQUARIUS,MERCURY-MARS:90|MERCURY-PLUTO:90|MARS-PLUTO:180,3,3,not_applicable,MERCURY,3,12,anchor_house,MERCURY|MARS|PLUTO,swiss_ephemeris,MERCURY:MARS:90:2026-10-02|MARS:PLUTO:180:2026-10-03,month_end,SEP_MONTH_END_PRESSURE,,95,100,夜に膨らむ考えを送信せず下書きに置く,{event_date}は、夜や一人の時間に言葉が次々浮かび、整理しきれないまま誰かへ送って落ち着きたくなるかもしれません。事実として伝える部分、感情の記録、翌日に読み直す疑問を別々の下書きへ置いてください。送信欄を閉じて休息を先に取ると、内側の緊張を相手への結論にせず扱えます。,t_square;mercury;mars;pluto;builds_into_2026-10,1
2026_09_MONTH_END_TSQUARE_BUILDING_S04_N01,2026_09_MONTH_END_TSQUARE_BUILDING,2026-09,aspect_cluster,2026-09-30T00:00:00+09:00,2026-10-02T18:14:00+09:00,2026-09-30T23:59:59+09:00,0,MERCURY|MARS|PLUTO,MERCURY:SCORPIO|MARS:LEO|PLUTO:AQUARIUS,MERCURY-MARS:90|MERCURY-PLUTO:90|MARS-PLUTO:180,3,3,not_applicable,MERCURY,4,1,anchor_house,MERCURY|MARS|PLUTO,swiss_ephemeris,MERCURY:MARS:90:2026-10-02|MARS:PLUTO:180:2026-10-03,month_end,SEP_MONTH_END_PRESSURE,,95,100,家で背負う役割を身体の限界と照合する,{event_date}は、家の用事を自分がすぐ引き受けるべきだと感じ、疲れや予定を確認する前に動きやすくなります。自分だけができること、ほかの人へ頼めること、身体が休息を求める合図を分けてください。開始前に一つ断るか時間をずらすと、責任感を失わず居場所と自分の余力を同時に守れます。,t_square;mercury;mars;pluto;builds_into_2026-10,1
2026_09_MONTH_END_TSQUARE_BUILDING_S04_N02,2026_09_MONTH_END_TSQUARE_BUILDING,2026-09,aspect_cluster,2026-09-30T00:00:00+09:00,2026-10-02T18:14:00+09:00,2026-09-30T23:59:59+09:00,0,MERCURY|MARS|PLUTO,MERCURY:SCORPIO|MARS:LEO|PLUTO:AQUARIUS,MERCURY-MARS:90|MERCURY-PLUTO:90|MARS-PLUTO:180,3,3,not_applicable,MERCURY,4,2,anchor_house,MERCURY|MARS|PLUTO,swiss_ephemeris,MERCURY:MARS:90:2026-10-02|MARS:PLUTO:180:2026-10-03,month_end,SEP_MONTH_END_PRESSURE,,95,100,住まいの急な出費を見積りと期限へ戻す,{event_date}は、住まいの修理や購入へ急いで返答したくなり、安心を得るために予算を広げやすい時です。確定している費用、比較中の見積り、支払いが必要になる期限を同じ表へ置いてください。生活に直結する項目から順に確認し、追加分を保留すると、家を守りながら手元の資金も管理できます。,t_square;mercury;mars;pluto;builds_into_2026-10,1
2026_09_MONTH_END_TSQUARE_BUILDING_S04_N03,2026_09_MONTH_END_TSQUARE_BUILDING,2026-09,aspect_cluster,2026-09-30T00:00:00+09:00,2026-10-02T18:14:00+09:00,2026-09-30T23:59:59+09:00,0,MERCURY|MARS|PLUTO,MERCURY:SCORPIO|MARS:LEO|PLUTO:AQUARIUS,MERCURY-MARS:90|MERCURY-PLUTO:90|MARS-PLUTO:180,3,3,not_applicable,MERCURY,4,3,anchor_house,MERCURY|MARS|PLUTO,swiss_ephemeris,MERCURY:MARS:90:2026-10-02|MARS:PLUTO:180:2026-10-03,month_end,SEP_MONTH_END_PRESSURE,,95,100,家庭の伝言を発信者と確認事項へ戻す,{event_date}は、家族から届く短い伝言へ反応し、誰の希望か確かめないまま予定を変えたくなりそうです。発信した人、直接確認する内容、返答が必要な時刻を一つずつ書き出してください。伝言へ結論を足さず本人の言葉を聞いてから共有すると、連絡の速さを保ちながら思い込みによる混線を減らせます。,t_square;mercury;mars;pluto;builds_into_2026-10,1
2026_09_MONTH_END_TSQUARE_BUILDING_S04_N04,2026_09_MONTH_END_TSQUARE_BUILDING,2026-09,aspect_cluster,2026-09-30T00:00:00+09:00,2026-10-02T18:14:00+09:00,2026-09-30T23:59:59+09:00,0,MERCURY|MARS|PLUTO,MERCURY:SCORPIO|MARS:LEO|PLUTO:AQUARIUS,MERCURY-MARS:90|MERCURY-PLUTO:90|MARS-PLUTO:180,3,3,not_applicable,MERCURY,4,4,anchor_house,MERCURY|MARS|PLUTO,swiss_ephemeris,MERCURY:MARS:90:2026-10-02|MARS:PLUTO:180:2026-10-03,month_end,SEP_MONTH_END_PRESSURE,,95,100,家族の結論を一度に決めず論点を分ける,{event_date}は、積み重なった不満や予定変更を一度に決着させたくなり、昔の話まで今回の判断へ混ぜやすくなります。今決める用件、後日相談する課題、記録だけ残す気持ちを分けてください。一回の話し合いに一つの結論だけ置くと、過去を否定せず現在の暮らしに必要な選択へ集中できます。,t_square;mercury;mars;pluto;builds_into_2026-10,1
2026_09_MONTH_END_TSQUARE_BUILDING_S04_N05,2026_09_MONTH_END_TSQUARE_BUILDING,2026-09,aspect_cluster,2026-09-30T00:00:00+09:00,2026-10-02T18:14:00+09:00,2026-09-30T23:59:59+09:00,0,MERCURY|MARS|PLUTO,MERCURY:SCORPIO|MARS:LEO|PLUTO:AQUARIUS,MERCURY-MARS:90|MERCURY-PLUTO:90|MARS-PLUTO:180,3,3,not_applicable,MERCURY,4,5,anchor_house,MERCURY|MARS|PLUTO,swiss_ephemeris,MERCURY:MARS:90:2026-10-02|MARS:PLUTO:180:2026-10-03,month_end,SEP_MONTH_END_PRESSURE,,95,100,家での楽しみを予定変更の焦りから守る,{event_date}は、家での遊びや子どもの予定が変わると、楽しみを守ろうとして代案を急いで決めたくなります。本人が望むこと、今使える時間と場所、後から選び直せる部分を分けてください。完成度より一緒に試せる小さな案を選ぶと、周囲を急かさず創造性と安心の両方を残せます。,t_square;mercury;mars;pluto;builds_into_2026-10,1
2026_09_MONTH_END_TSQUARE_BUILDING_S04_N06,2026_09_MONTH_END_TSQUARE_BUILDING,2026-09,aspect_cluster,2026-09-30T00:00:00+09:00,2026-10-02T18:14:00+09:00,2026-09-30T23:59:59+09:00,0,MERCURY|MARS|PLUTO,MERCURY:SCORPIO|MARS:LEO|PLUTO:AQUARIUS,MERCURY-MARS:90|MERCURY-PLUTO:90|MARS-PLUTO:180,3,3,not_applicable,MERCURY,4,6,anchor_house,MERCURY|MARS|PLUTO,swiss_ephemeris,MERCURY:MARS:90:2026-10-02|MARS:PLUTO:180:2026-10-03,month_end,SEP_MONTH_END_PRESSURE,,95,100,家事の追加を担当と終了時刻で調整する,{event_date}は、家の用事が増えるほど休む前に片付けたくなり、自分と周囲の作業量を見失いやすい時です。必須の家事、分担を頼む項目、翌日へ回せることに印を付けてください。担当者と終了時刻を声に出して確認し、終わらない分を残すと、生活を止めず疲労の積み増しを抑えられます。,t_square;mercury;mars;pluto;builds_into_2026-10,1
2026_09_MONTH_END_TSQUARE_BUILDING_S04_N07,2026_09_MONTH_END_TSQUARE_BUILDING,2026-09,aspect_cluster,2026-09-30T00:00:00+09:00,2026-10-02T18:14:00+09:00,2026-09-30T23:59:59+09:00,0,MERCURY|MARS|PLUTO,MERCURY:SCORPIO|MARS:LEO|PLUTO:AQUARIUS,MERCURY-MARS:90|MERCURY-PLUTO:90|MARS-PLUTO:180,3,3,not_applicable,MERCURY,4,7,anchor_house,MERCURY|MARS|PLUTO,swiss_ephemeris,MERCURY:MARS:90:2026-10-02|MARS:PLUTO:180:2026-10-03,month_end,SEP_MONTH_END_PRESSURE,,95,100,同居条件の返答を二人の確認時間へ戻す,{event_date}は、一緒に暮らす人との予定や空間の使い方で、譲るか押し切るかをその場で決めたくなりそうです。互いに譲れない条件、試せる案、見直す時期を別々に示してください。返答を急がず次に確認する時間だけ約束すると、関係への配慮と自分が安心できる居場所を両立しやすくなります。,t_square;mercury;mars;pluto;builds_into_2026-10,1
2026_09_MONTH_END_TSQUARE_BUILDING_S04_N08,2026_09_MONTH_END_TSQUARE_BUILDING,2026-09,aspect_cluster,2026-09-30T00:00:00+09:00,2026-10-02T18:14:00+09:00,2026-09-30T23:59:59+09:00,0,MERCURY|MARS|PLUTO,MERCURY:SCORPIO|MARS:LEO|PLUTO:AQUARIUS,MERCURY-MARS:90|MERCURY-PLUTO:90|MARS-PLUTO:180,3,3,not_applicable,MERCURY,4,8,anchor_house,MERCURY|MARS|PLUTO,swiss_ephemeris,MERCURY:MARS:90:2026-10-02|MARS:PLUTO:180:2026-10-03,month_end,SEP_MONTH_END_PRESSURE,,95,100,家の権利と負担を資料が揃うまで保留する,{event_date}は、住まいや相続、共有物の話で責任を引き受け、手続きを早く進めたくなるかもしれません。名義を示す資料、費用の内訳、承認できる人を確かめてください。善意や記憶だけで判断せず、不足する記録が揃うまで署名や送金を保留すると、家族への配慮と自分の責任範囲を分けられます。,t_square;mercury;mars;pluto;builds_into_2026-10,1
2026_09_MONTH_END_TSQUARE_BUILDING_S04_N09,2026_09_MONTH_END_TSQUARE_BUILDING,2026-09,aspect_cluster,2026-09-30T00:00:00+09:00,2026-10-02T18:14:00+09:00,2026-09-30T23:59:59+09:00,0,MERCURY|MARS|PLUTO,MERCURY:SCORPIO|MARS:LEO|PLUTO:AQUARIUS,MERCURY-MARS:90|MERCURY-PLUTO:90|MARS-PLUTO:180,3,3,not_applicable,MERCURY,4,9,anchor_house,MERCURY|MARS|PLUTO,swiss_ephemeris,MERCURY:MARS:90:2026-10-02|MARS:PLUTO:180:2026-10-03,month_end,SEP_MONTH_END_PRESSURE,,95,100,家の常識を外の事情まで確かめて話す,{event_date}は、家族の習慣や進路の話で、自分が知る常識を早く説明し、結論へ導きたくなりそうです。現地や制度の条件、本人の希望、以前とは変わった前提をそれぞれ調べてください。異なる考えを訂正せず質問から始めると、受け継いだ知恵を活かしながら今の選択肢も検討できます。,t_square;mercury;mars;pluto;builds_into_2026-10,1
2026_09_MONTH_END_TSQUARE_BUILDING_S04_N10,2026_09_MONTH_END_TSQUARE_BUILDING,2026-09,aspect_cluster,2026-09-30T00:00:00+09:00,2026-10-02T18:14:00+09:00,2026-09-30T23:59:59+09:00,0,MERCURY|MARS|PLUTO,MERCURY:SCORPIO|MARS:LEO|PLUTO:AQUARIUS,MERCURY-MARS:90|MERCURY-PLUTO:90|MARS-PLUTO:180,3,3,not_applicable,MERCURY,4,10,anchor_house,MERCURY|MARS|PLUTO,swiss_ephemeris,MERCURY:MARS:90:2026-10-02|MARS:PLUTO:180:2026-10-03,month_end,SEP_MONTH_END_PRESSURE,,95,100,家庭事情の説明を公の約束と切り分ける,{event_date}は、家庭の都合で仕事の予定を変える必要を感じ、調整前の見通しまで約束として伝えやすい時です。家で決めた範囲、職場の承認が要る変更、共有してよい事情を分けてください。確定部分だけ報告し残りの回答時刻を示すと、私生活を守りながら公の責任にも無理なく対応できます。,t_square;mercury;mars;pluto;builds_into_2026-10,1
2026_09_MONTH_END_TSQUARE_BUILDING_S04_N11,2026_09_MONTH_END_TSQUARE_BUILDING,2026-09,aspect_cluster,2026-09-30T00:00:00+09:00,2026-10-02T18:14:00+09:00,2026-09-30T23:59:59+09:00,0,MERCURY|MARS|PLUTO,MERCURY:SCORPIO|MARS:LEO|PLUTO:AQUARIUS,MERCURY-MARS:90|MERCURY-PLUTO:90|MARS-PLUTO:180,3,3,not_applicable,MERCURY,4,11,anchor_house,MERCURY|MARS|PLUTO,swiss_ephemeris,MERCURY:MARS:90:2026-10-02|MARS:PLUTO:180:2026-10-03,month_end,SEP_MONTH_END_PRESSURE,,95,100,人を迎える相談を人数と責任から決める,{event_date}は、仲間へ場所を開く話が進むと、好意から人数や時間を早く確定したくなります。受け入れられる人数、片付けを担う人、立ち入らない場所を具体的に共有してください。参加への賛同と会場提供の約束を分け、同居者の返答を待つと、つながりを歓迎しながら私生活の余白も守れます。,t_square;mercury;mars;pluto;builds_into_2026-10,1
2026_09_MONTH_END_TSQUARE_BUILDING_S04_N12,2026_09_MONTH_END_TSQUARE_BUILDING,2026-09,aspect_cluster,2026-09-30T00:00:00+09:00,2026-10-02T18:14:00+09:00,2026-09-30T23:59:59+09:00,0,MERCURY|MARS|PLUTO,MERCURY:SCORPIO|MARS:LEO|PLUTO:AQUARIUS,MERCURY-MARS:90|MERCURY-PLUTO:90|MARS-PLUTO:180,3,3,not_applicable,MERCURY,4,12,anchor_house,MERCURY|MARS|PLUTO,swiss_ephemeris,MERCURY:MARS:90:2026-10-02|MARS:PLUTO:180:2026-10-03,month_end,SEP_MONTH_END_PRESSURE,,95,100,昔の緊張で決めず静かな場所へ戻る,{event_date}は、昔と似た空気を感じると、過去の記憶を現在の危機として受け取り、家のことを急いで決めたくなるかもしれません。実際に起きた出来事、身体の反応、翌日に確認する用件を別々に書いてください。照明や音を落とせる場所へ移り、休んでから一覧を読むと、古い警戒心と今必要な判断を分けられます。,t_square;mercury;mars;pluto;builds_into_2026-10,1
2026_09_MONTH_END_TSQUARE_BUILDING_S05_N01,2026_09_MONTH_END_TSQUARE_BUILDING,2026-09,aspect_cluster,2026-09-30T00:00:00+09:00,2026-10-02T18:14:00+09:00,2026-09-30T23:59:59+09:00,0,MERCURY|MARS|PLUTO,MERCURY:SCORPIO|MARS:LEO|PLUTO:AQUARIUS,MERCURY-MARS:90|MERCURY-PLUTO:90|MARS-PLUTO:180,3,3,not_applicable,MERCURY,5,1,anchor_house,MERCURY|MARS|PLUTO,swiss_ephemeris,MERCURY:MARS:90:2026-10-02|MARS:PLUTO:180:2026-10-03,month_end,SEP_MONTH_END_PRESSURE,,95,100,見せたい衝動を身体に合う試演へ戻す,{event_date}は、注目を集めたい気持ちが高まり、準備が整う前に自分を強く打ち出したくなりそうです。見せたい部分、まだ試したい動き、身体が無理なく続けられる時間を分けてください。鏡や録画で短く試し、違和感のある箇所だけ直すと、勢いを失わず今の自分に合う表現を選べます。,t_square;mercury;mars;pluto;builds_into_2026-10,1
2026_09_MONTH_END_TSQUARE_BUILDING_S05_N02,2026_09_MONTH_END_TSQUARE_BUILDING,2026-09,aspect_cluster,2026-09-30T00:00:00+09:00,2026-10-02T18:14:00+09:00,2026-09-30T23:59:59+09:00,0,MERCURY|MARS|PLUTO,MERCURY:SCORPIO|MARS:LEO|PLUTO:AQUARIUS,MERCURY-MARS:90|MERCURY-PLUTO:90|MARS-PLUTO:180,3,3,not_applicable,MERCURY,5,2,anchor_house,MERCURY|MARS|PLUTO,swiss_ephemeris,MERCURY:MARS:90:2026-10-02|MARS:PLUTO:180:2026-10-03,month_end,SEP_MONTH_END_PRESSURE,,95,100,楽しみの追加購入を使う場面から選び直す,{event_date}は、限定品や趣味の道具を逃したくない気持ちが強まり、比較前に購入を決めやすくなります。実際に使う場面、今ある物で代用できる期間、追加してもよい上限額を紙へ書いてください。買う理由を一晩置いても説明できる物だけ残すと、楽しみを否定せず生活資金との釣り合いを保てます。,t_square;mercury;mars;pluto;builds_into_2026-10,1
2026_09_MONTH_END_TSQUARE_BUILDING_S05_N03,2026_09_MONTH_END_TSQUARE_BUILDING,2026-09,aspect_cluster,2026-09-30T00:00:00+09:00,2026-10-02T18:14:00+09:00,2026-09-30T23:59:59+09:00,0,MERCURY|MARS|PLUTO,MERCURY:SCORPIO|MARS:LEO|PLUTO:AQUARIUS,MERCURY-MARS:90|MERCURY-PLUTO:90|MARS-PLUTO:180,3,3,not_applicable,MERCURY,5,3,anchor_house,MERCURY|MARS|PLUTO,swiss_ephemeris,MERCURY:MARS:90:2026-10-02|MARS:PLUTO:180:2026-10-03,month_end,SEP_MONTH_END_PRESSURE,,95,100,ひらめきの連投を核となる一文へ絞る,{event_date}は、思いつく案を次々伝えたくなり、受け手が追いつく前に話題を広げやすい時です。最初に届けたい一文、補足できる資料、返事を待つ質問を別々にしてください。一度に送る案を一つへ絞り、相手の理解を確かめてから続きを出すと、発想の鮮度を保ちながら会話を育てられます。,t_square;mercury;mars;pluto;builds_into_2026-10,1
2026_09_MONTH_END_TSQUARE_BUILDING_S05_N04,2026_09_MONTH_END_TSQUARE_BUILDING,2026-09,aspect_cluster,2026-09-30T00:00:00+09:00,2026-10-02T18:14:00+09:00,2026-09-30T23:59:59+09:00,0,MERCURY|MARS|PLUTO,MERCURY:SCORPIO|MARS:LEO|PLUTO:AQUARIUS,MERCURY-MARS:90|MERCURY-PLUTO:90|MARS-PLUTO:180,3,3,not_applicable,MERCURY,5,4,anchor_house,MERCURY|MARS|PLUTO,swiss_ephemeris,MERCURY:MARS:90:2026-10-02|MARS:PLUTO:180:2026-10-03,month_end,SEP_MONTH_END_PRESSURE,,95,100,子どもや家族の希望を代理で決めない,{event_date}は、子どもや家族の楽しみを守ろうとして、本人の返答を待たず予定や参加方法を決めたくなるかもしれません。本人が望むこと、安全や費用の条件、大人が決める必要のある範囲を分けてください。選択肢を二つほど示して考える時間を渡すと、世話する責任と本人の主体性を両立できます。,t_square;mercury;mars;pluto;builds_into_2026-10,1
2026_09_MONTH_END_TSQUARE_BUILDING_S05_N05,2026_09_MONTH_END_TSQUARE_BUILDING,2026-09,aspect_cluster,2026-09-30T00:00:00+09:00,2026-10-02T18:14:00+09:00,2026-09-30T23:59:59+09:00,0,MERCURY|MARS|PLUTO,MERCURY:SCORPIO|MARS:LEO|PLUTO:AQUARIUS,MERCURY-MARS:90|MERCURY-PLUTO:90|MARS-PLUTO:180,3,3,not_applicable,MERCURY,5,5,anchor_house,MERCURY|MARS|PLUTO,swiss_ephemeris,MERCURY:MARS:90:2026-10-02|MARS:PLUTO:180:2026-10-03,month_end,SEP_MONTH_END_PRESSURE,,95,100,高まるときめきに返答までの時間を残す,{event_date}は、創作や恋のときめきが強まり、相手の反応をすぐ確かめるため大きな表現へ進みたくなりそうです。今伝えたい気持ち、まだ自分で味わう部分、相手へ尋ねることを分けてください。公開や告白の前に短い言葉で温度を確かめると、熱を損なわず互いに選べる余地を残せます。,t_square;mercury;mars;pluto;builds_into_2026-10,1
2026_09_MONTH_END_TSQUARE_BUILDING_S05_N06,2026_09_MONTH_END_TSQUARE_BUILDING,2026-09,aspect_cluster,2026-09-30T00:00:00+09:00,2026-10-02T18:14:00+09:00,2026-09-30T23:59:59+09:00,0,MERCURY|MARS|PLUTO,MERCURY:SCORPIO|MARS:LEO|PLUTO:AQUARIUS,MERCURY-MARS:90|MERCURY-PLUTO:90|MARS-PLUTO:180,3,3,not_applicable,MERCURY,5,6,anchor_house,MERCURY|MARS|PLUTO,swiss_ephemeris,MERCURY:MARS:90:2026-10-02|MARS:PLUTO:180:2026-10-03,month_end,SEP_MONTH_END_PRESSURE,,95,100,遊びと制作の没頭に終了時刻を置く,{event_date}は、遊びや制作へ集中するほど区切りを忘れ、休息や翌日の用事を後回しにしやすくなります。今日仕上げる部分、途中でも保存できる地点、身体を離す時刻を先に決めてください。タイマーが鳴ったら成果ではなく疲れを確認し、続きの一手を記録して終えると、没頭を消耗へ変えずに済みます。,t_square;mercury;mars;pluto;builds_into_2026-10,1
2026_09_MONTH_END_TSQUARE_BUILDING_S05_N07,2026_09_MONTH_END_TSQUARE_BUILDING,2026-09,aspect_cluster,2026-09-30T00:00:00+09:00,2026-10-02T18:14:00+09:00,2026-09-30T23:59:59+09:00,0,MERCURY|MARS|PLUTO,MERCURY:SCORPIO|MARS:LEO|PLUTO:AQUARIUS,MERCURY-MARS:90|MERCURY-PLUTO:90|MARS-PLUTO:180,3,3,not_applicable,MERCURY,5,7,anchor_house,MERCURY|MARS|PLUTO,swiss_ephemeris,MERCURY:MARS:90:2026-10-02|MARS:PLUTO:180:2026-10-03,month_end,SEP_MONTH_END_PRESSURE,,95,100,好意への即答を互いの希望確認へ戻す,{event_date}は、好意を早く形にしたくなり、相手の曖昧な返事へ約束以上の意味を足しやすい時です。自分の希望、相手が明確に答えたこと、まだ相談が必要な条件を分けてください。次に会う予定だけ決め、大きな約束は互いの言葉が揃うまで待つと、関係の熱と対等さを保てます。,t_square;mercury;mars;pluto;builds_into_2026-10,1
2026_09_MONTH_END_TSQUARE_BUILDING_S05_N08,2026_09_MONTH_END_TSQUARE_BUILDING,2026-09,aspect_cluster,2026-09-30T00:00:00+09:00,2026-10-02T18:14:00+09:00,2026-09-30T23:59:59+09:00,0,MERCURY|MARS|PLUTO,MERCURY:SCORPIO|MARS:LEO|PLUTO:AQUARIUS,MERCURY-MARS:90|MERCURY-PLUTO:90|MARS-PLUTO:180,3,3,not_applicable,MERCURY,5,8,anchor_house,MERCURY|MARS|PLUTO,swiss_ephemeris,MERCURY:MARS:90:2026-10-02|MARS:PLUTO:180:2026-10-03,month_end,SEP_MONTH_END_PRESSURE,,95,100,共同制作の公開を権利確認まで待つ,{event_date}は、共同制作や親密な記録を早く見せたくなり、公開範囲や持ち分の確認を後に回しやすくなります。素材の所有者、編集できる人、公開を承認する人を一覧にしてください。全員の返答が残る形で確認し、未回答の素材を外して試作すると、協力を止めず権利と信頼を守れます。,t_square;mercury;mars;pluto;builds_into_2026-10,1
2026_09_MONTH_END_TSQUARE_BUILDING_S05_N09,2026_09_MONTH_END_TSQUARE_BUILDING,2026-09,aspect_cluster,2026-09-30T00:00:00+09:00,2026-10-02T18:14:00+09:00,2026-09-30T23:59:59+09:00,0,MERCURY|MARS|PLUTO,MERCURY:SCORPIO|MARS:LEO|PLUTO:AQUARIUS,MERCURY-MARS:90|MERCURY-PLUTO:90|MARS-PLUTO:180,3,3,not_applicable,MERCURY,5,9,anchor_house,MERCURY|MARS|PLUTO,swiss_ephemeris,MERCURY:MARS:90:2026-10-02|MARS:PLUTO:180:2026-10-03,month_end,SEP_MONTH_END_PRESSURE,,95,100,冒険的な企画を試せる範囲へ縮める,{event_date}は、新しい表現や遠い場所での企画に心が動き、費用や準備を調べる前に参加を表明したくなります。試せる最小の範囲、必要な知識、撤回できる期限を分けてください。まず近い環境で一度実演し、結果を見て次の規模を決めると、冒険心を保ちながら負担を管理できます。,t_square;mercury;mars;pluto;builds_into_2026-10,1
2026_09_MONTH_END_TSQUARE_BUILDING_S05_N10,2026_09_MONTH_END_TSQUARE_BUILDING,2026-09,aspect_cluster,2026-09-30T00:00:00+09:00,2026-10-02T18:14:00+09:00,2026-09-30T23:59:59+09:00,0,MERCURY|MARS|PLUTO,MERCURY:SCORPIO|MARS:LEO|PLUTO:AQUARIUS,MERCURY-MARS:90|MERCURY-PLUTO:90|MARS-PLUTO:180,3,3,not_applicable,MERCURY,5,10,anchor_house,MERCURY|MARS|PLUTO,swiss_ephemeris,MERCURY:MARS:90:2026-10-02|MARS:PLUTO:180:2026-10-03,month_end,SEP_MONTH_END_PRESSURE,,95,100,発表の勢いを確認済みの内容へ絞る,{event_date}は、公の場で目立つ機会が来ると、注目へ応えようとして未確認の内容まで言い切りやすくなります。確定した作品や実績、準備中の案、答えを保留する質問を分けてください。発表前に担当者と公開範囲を読み合わせると、存在感を弱めず後から説明できる表現に整えられます。,t_square;mercury;mars;pluto;builds_into_2026-10,1
2026_09_MONTH_END_TSQUARE_BUILDING_S05_N11,2026_09_MONTH_END_TSQUARE_BUILDING,2026-09,aspect_cluster,2026-09-30T00:00:00+09:00,2026-10-02T18:14:00+09:00,2026-09-30T23:59:59+09:00,0,MERCURY|MARS|PLUTO,MERCURY:SCORPIO|MARS:LEO|PLUTO:AQUARIUS,MERCURY-MARS:90|MERCURY-PLUTO:90|MARS-PLUTO:180,3,3,not_applicable,MERCURY,5,11,anchor_house,MERCURY|MARS|PLUTO,swiss_ephemeris,MERCURY:MARS:90:2026-10-02|MARS:PLUTO:180:2026-10-03,month_end,SEP_MONTH_END_PRESSURE,,95,100,仲間の熱い提案を担当と試行期間へ戻す,{event_date}は、仲間の企画が盛り上がるほど、賛同を担当の引き受けとして受け取りやすくなります。試したい案、実際に動ける人、見直す時点を表へ並べてください。最初は小さな対象で実施し、参加者の感想と負担を確認してから広げると、熱意を続けられる共同作業へ変えられます。,t_square;mercury;mars;pluto;builds_into_2026-10,1
2026_09_MONTH_END_TSQUARE_BUILDING_S05_N12,2026_09_MONTH_END_TSQUARE_BUILDING,2026-09,aspect_cluster,2026-09-30T00:00:00+09:00,2026-10-02T18:14:00+09:00,2026-09-30T23:59:59+09:00,0,MERCURY|MARS|PLUTO,MERCURY:SCORPIO|MARS:LEO|PLUTO:AQUARIUS,MERCURY-MARS:90|MERCURY-PLUTO:90|MARS-PLUTO:180,3,3,not_applicable,MERCURY,5,12,anchor_house,MERCURY|MARS|PLUTO,swiss_ephemeris,MERCURY:MARS:90:2026-10-02|MARS:PLUTO:180:2026-10-03,month_end,SEP_MONTH_END_PRESSURE,,95,100,夜の高揚を公開せず手元の試作へ置く,{event_date}は、夜や一人の時間に創作の高揚が強まり、完成前の案を公開して反応を得たくなるかもしれません。残しておきたい核、翌日に確かめる部分、誰にも見せず試す箇所を分けてください。投稿画面を閉じて手元の試作だけ保存すると、静かな喜びを守りながら判断を休ませられます。,t_square;mercury;mars;pluto;builds_into_2026-10,1
2026_09_MONTH_END_TSQUARE_BUILDING_S06_N01,2026_09_MONTH_END_TSQUARE_BUILDING,2026-09,aspect_cluster,2026-09-30T00:00:00+09:00,2026-10-02T18:14:00+09:00,2026-09-30T23:59:59+09:00,0,MERCURY|MARS|PLUTO,MERCURY:SCORPIO|MARS:LEO|PLUTO:AQUARIUS,MERCURY-MARS:90|MERCURY-PLUTO:90|MARS-PLUTO:180,3,3,not_applicable,MERCURY,6,1,anchor_house,MERCURY|MARS|PLUTO,swiss_ephemeris,MERCURY:MARS:90:2026-10-02|MARS:PLUTO:180:2026-10-03,month_end,SEP_MONTH_END_PRESSURE,,95,100,働く勢いを身体が示す上限へ戻す,{event_date}は、遅れを取り戻そうとして動く量を増やし、身体の違和感を後回しにしやすくなります。今すぐ必要な作業、姿勢や呼吸に出ている負担、誰かへ頼める工程を分けてください。開始前と終了後の感覚を短く記録し、負担が増す動きを外すと、自分を責めずに働ける範囲を守れます。,t_square;mercury;mars;pluto;builds_into_2026-10,1
2026_09_MONTH_END_TSQUARE_BUILDING_S06_N02,2026_09_MONTH_END_TSQUARE_BUILDING,2026-09,aspect_cluster,2026-09-30T00:00:00+09:00,2026-10-02T18:14:00+09:00,2026-09-30T23:59:59+09:00,0,MERCURY|MARS|PLUTO,MERCURY:SCORPIO|MARS:LEO|PLUTO:AQUARIUS,MERCURY-MARS:90|MERCURY-PLUTO:90|MARS-PLUTO:180,3,3,not_applicable,MERCURY,6,2,anchor_house,MERCURY|MARS|PLUTO,swiss_ephemeris,MERCURY:MARS:90:2026-10-02|MARS:PLUTO:180:2026-10-03,month_end,SEP_MONTH_END_PRESSURE,,95,100,追加作業の対価を時間と金額で確かめる,{event_date}は、収入や評価を守るため依頼を多く受け、無償の工程まで急いで引き受けやすい時です。確定した報酬、追加に必要な時間、別料金になる条件を同じ見積りへ載せてください。返答前に手元の予定と照合すると、働く意欲を失わず、生活を支える対価と余力を守れます。,t_square;mercury;mars;pluto;builds_into_2026-10,1
2026_09_MONTH_END_TSQUARE_BUILDING_S06_N03,2026_09_MONTH_END_TSQUARE_BUILDING,2026-09,aspect_cluster,2026-09-30T00:00:00+09:00,2026-10-02T18:14:00+09:00,2026-09-30T23:59:59+09:00,0,MERCURY|MARS|PLUTO,MERCURY:SCORPIO|MARS:LEO|PLUTO:AQUARIUS,MERCURY-MARS:90|MERCURY-PLUTO:90|MARS-PLUTO:180,3,3,not_applicable,MERCURY,6,3,anchor_house,MERCURY|MARS|PLUTO,swiss_ephemeris,MERCURY:MARS:90:2026-10-02|MARS:PLUTO:180:2026-10-03,month_end,SEP_MONTH_END_PRESSURE,,95,100,急ぎの業務連絡を一件一要件へ絞る,{event_date}は、複数の依頼へ同時に答えようとして、短い連絡の中へ指示や質問を詰め込みやすくなります。今決める要件、資料を待つ事項、相手の返答が要る一点を分けてください。一通につき一つの期限と担当だけを明記すると、速度を落としすぎず伝達の抜けを減らせます。,t_square;mercury;mars;pluto;builds_into_2026-10,1
2026_09_MONTH_END_TSQUARE_BUILDING_S06_N04,2026_09_MONTH_END_TSQUARE_BUILDING,2026-09,aspect_cluster,2026-09-30T00:00:00+09:00,2026-10-02T18:14:00+09:00,2026-09-30T23:59:59+09:00,0,MERCURY|MARS|PLUTO,MERCURY:SCORPIO|MARS:LEO|PLUTO:AQUARIUS,MERCURY-MARS:90|MERCURY-PLUTO:90|MARS-PLUTO:180,3,3,not_applicable,MERCURY,6,4,anchor_house,MERCURY|MARS|PLUTO,swiss_ephemeris,MERCURY:MARS:90:2026-10-02|MARS:PLUTO:180:2026-10-03,month_end,SEP_MONTH_END_PRESSURE,,95,100,家の用事と仕事の締切を同じ表で調整する,{event_date}は、仕事を優先するほど家の用事が気になり、どちらも今すぐ片付けたくなりそうです。動かせない締切、家で必要な作業、ほかの人へ任せられる部分を一つの予定表へ置いてください。移動時間と休む時間も枠に入れてから順序を決めると、焦りで生活の土台を崩さずに済みます。,t_square;mercury;mars;pluto;builds_into_2026-10,1
2026_09_MONTH_END_TSQUARE_BUILDING_S06_N05,2026_09_MONTH_END_TSQUARE_BUILDING,2026-09,aspect_cluster,2026-09-30T00:00:00+09:00,2026-10-02T18:14:00+09:00,2026-09-30T23:59:59+09:00,0,MERCURY|MARS|PLUTO,MERCURY:SCORPIO|MARS:LEO|PLUTO:AQUARIUS,MERCURY-MARS:90|MERCURY-PLUTO:90|MARS-PLUTO:180,3,3,not_applicable,MERCURY,6,5,anchor_house,MERCURY|MARS|PLUTO,swiss_ephemeris,MERCURY:MARS:90:2026-10-02|MARS:PLUTO:180:2026-10-03,month_end,SEP_MONTH_END_PRESSURE,,95,100,制作の修正を完成条件の範囲に留める,{event_date}は、作品や遊びの細部が気になり、予定していない修正まで増やして完成を急ぎやすい時です。今回整える箇所、次回へ残す案、見る人に確認する部分を分けてください。終了条件を一文で書き、そこへ届いたら手を止めると、楽しさを削らず実用に耐える形へまとめられます。,t_square;mercury;mars;pluto;builds_into_2026-10,1
2026_09_MONTH_END_TSQUARE_BUILDING_S06_N06,2026_09_MONTH_END_TSQUARE_BUILDING,2026-09,aspect_cluster,2026-09-30T00:00:00+09:00,2026-10-02T18:14:00+09:00,2026-09-30T23:59:59+09:00,0,MERCURY|MARS|PLUTO,MERCURY:SCORPIO|MARS:LEO|PLUTO:AQUARIUS,MERCURY-MARS:90|MERCURY-PLUTO:90|MARS-PLUTO:180,3,3,not_applicable,MERCURY,6,6,anchor_house,MERCURY|MARS|PLUTO,swiss_ephemeris,MERCURY:MARS:90:2026-10-02|MARS:PLUTO:180:2026-10-03,month_end,SEP_MONTH_END_PRESSURE,,95,100,作業の詰め込みを優先順位と休止点へ戻す,{event_date}は、未処理の仕事が目に入るほど全てを前倒しし、休憩を後から取ろうとしやすくなります。今日中に必要な一件、翌日へ回せる工程、途中で止めても支障のない地点を決めてください。開始時に休止時刻を予定へ入れ、終わらない分を記録して離れると、集中力を使い切らずに済みます。,t_square;mercury;mars;pluto;builds_into_2026-10,1
2026_09_MONTH_END_TSQUARE_BUILDING_S06_N07,2026_09_MONTH_END_TSQUARE_BUILDING,2026-09,aspect_cluster,2026-09-30T00:00:00+09:00,2026-10-02T18:14:00+09:00,2026-09-30T23:59:59+09:00,0,MERCURY|MARS|PLUTO,MERCURY:SCORPIO|MARS:LEO|PLUTO:AQUARIUS,MERCURY-MARS:90|MERCURY-PLUTO:90|MARS-PLUTO:180,3,3,not_applicable,MERCURY,6,7,anchor_house,MERCURY|MARS|PLUTO,swiss_ephemeris,MERCURY:MARS:90:2026-10-02|MARS:PLUTO:180:2026-10-03,month_end,SEP_MONTH_END_PRESSURE,,95,100,依頼への即答を役割と納期の相談へ戻す,{event_date}は、相手の期待へ応えようとして、担当範囲や納期を確かめる前に受諾しやすくなります。自分が担う工程、相手に準備してもらう資料、調整できる期限を分けて示してください。できるかどうかだけで答えず条件を一緒に決めると、協力関係を保ちながら負担の偏りを小さくできます。,t_square;mercury;mars;pluto;builds_into_2026-10,1
2026_09_MONTH_END_TSQUARE_BUILDING_S06_N08,2026_09_MONTH_END_TSQUARE_BUILDING,2026-09,aspect_cluster,2026-09-30T00:00:00+09:00,2026-10-02T18:14:00+09:00,2026-09-30T23:59:59+09:00,0,MERCURY|MARS|PLUTO,MERCURY:SCORPIO|MARS:LEO|PLUTO:AQUARIUS,MERCURY-MARS:90|MERCURY-PLUTO:90|MARS-PLUTO:180,3,3,not_applicable,MERCURY,6,8,anchor_house,MERCURY|MARS|PLUTO,swiss_ephemeris,MERCURY:MARS:90:2026-10-02|MARS:PLUTO:180:2026-10-03,month_end,SEP_MONTH_END_PRESSURE,,95,100,共同業務の権限を記録と承認者へ戻す,{event_date}は、共同資金や機密を扱う作業で責任を感じ、確認が揃う前に処理を進めたくなるかもしれません。参照する記録、操作できる人、最終承認者を案件ごとに確かめてください。口頭の依頼だけで変更せず承認を残すと、作業を止めず自分と相手の責任範囲を守れます。,t_square;mercury;mars;pluto;builds_into_2026-10,1
2026_09_MONTH_END_TSQUARE_BUILDING_S06_N09,2026_09_MONTH_END_TSQUARE_BUILDING,2026-09,aspect_cluster,2026-09-30T00:00:00+09:00,2026-10-02T18:14:00+09:00,2026-09-30T23:59:59+09:00,0,MERCURY|MARS|PLUTO,MERCURY:SCORPIO|MARS:LEO|PLUTO:AQUARIUS,MERCURY-MARS:90|MERCURY-PLUTO:90|MARS-PLUTO:180,3,3,not_applicable,MERCURY,6,9,anchor_house,MERCURY|MARS|PLUTO,swiss_ephemeris,MERCURY:MARS:90:2026-10-02|MARS:PLUTO:180:2026-10-03,month_end,SEP_MONTH_END_PRESSURE,,95,100,学習計画を次の実務で使う範囲へ絞る,{event_date}は、仕事を改善する知識を急いで身につけたくなり、複数の講座や方法へ同時に手を伸ばしやすい時です。次の実務で使う場面、先に読む資料、試した結果を確認する日を決めてください。一つの方法を小さな作業で試してから続きへ進むと、学ぶ意欲を散らさず現場へつなげられます。,t_square;mercury;mars;pluto;builds_into_2026-10,1
2026_09_MONTH_END_TSQUARE_BUILDING_S06_N10,2026_09_MONTH_END_TSQUARE_BUILDING,2026-09,aspect_cluster,2026-09-30T00:00:00+09:00,2026-10-02T18:14:00+09:00,2026-09-30T23:59:59+09:00,0,MERCURY|MARS|PLUTO,MERCURY:SCORPIO|MARS:LEO|PLUTO:AQUARIUS,MERCURY-MARS:90|MERCURY-PLUTO:90|MARS-PLUTO:180,3,3,not_applicable,MERCURY,6,10,anchor_house,MERCURY|MARS|PLUTO,swiss_ephemeris,MERCURY:MARS:90:2026-10-02|MARS:PLUTO:180:2026-10-03,month_end,SEP_MONTH_END_PRESSURE,,95,100,仕事の緊急対応を決裁範囲から組み立てる,{event_date}は、公の責任を果たそうとして、権限外の判断まで自分で早く決めたくなりそうです。即時対応できる事項、上位の決裁を待つ内容、周囲へ共有する時刻を分けてください。暫定対応と正式決定を明記して報告すると、立場を守りながら必要な仕事を前へ進められます。,t_square;mercury;mars;pluto;builds_into_2026-10,1
2026_09_MONTH_END_TSQUARE_BUILDING_S06_N11,2026_09_MONTH_END_TSQUARE_BUILDING,2026-09,aspect_cluster,2026-09-30T00:00:00+09:00,2026-10-02T18:14:00+09:00,2026-09-30T23:59:59+09:00,0,MERCURY|MARS|PLUTO,MERCURY:SCORPIO|MARS:LEO|PLUTO:AQUARIUS,MERCURY-MARS:90|MERCURY-PLUTO:90|MARS-PLUTO:180,3,3,not_applicable,MERCURY,6,11,anchor_house,MERCURY|MARS|PLUTO,swiss_ephemeris,MERCURY:MARS:90:2026-10-02|MARS:PLUTO:180:2026-10-03,month_end,SEP_MONTH_END_PRESSURE,,95,100,チームの追加業務を担当と空き時間で割る,{event_date}は、仲間の遅れを補おうとして、動ける人へ仕事をまとめて渡しやすくなります。各人の担当、使える時間、応援が必要な工程を一覧にしてください。声の大きい依頼からではなく止まっている作業から配分し、見直す時刻を決めると、協力を無理なく続けられます。,t_square;mercury;mars;pluto;builds_into_2026-10,1
2026_09_MONTH_END_TSQUARE_BUILDING_S06_N12,2026_09_MONTH_END_TSQUARE_BUILDING,2026-09,aspect_cluster,2026-09-30T00:00:00+09:00,2026-10-02T18:14:00+09:00,2026-09-30T23:59:59+09:00,0,MERCURY|MARS|PLUTO,MERCURY:SCORPIO|MARS:LEO|PLUTO:AQUARIUS,MERCURY-MARS:90|MERCURY-PLUTO:90|MARS-PLUTO:180,3,3,not_applicable,MERCURY,6,12,anchor_house,MERCURY|MARS|PLUTO,swiss_ephemeris,MERCURY:MARS:90:2026-10-02|MARS:PLUTO:180:2026-10-03,month_end,SEP_MONTH_END_PRESSURE,,95,100,見えない疲れを未完了の仕事と分けて休む,{event_date}は、表に出ていない作業や心配が頭から離れず、休む前に全部整理したくなるかもしれません。実際に残っている用件、想像している失敗、翌日に確認できることを別のメモへ置いてください。連絡手段を閉じて身体を横にし、朝に一件だけ選ぶと、未完了を抱えたままでも休息へ移れます。,t_square;mercury;mars;pluto;builds_into_2026-10,1
2026_09_MONTH_END_TSQUARE_BUILDING_S07_N01,2026_09_MONTH_END_TSQUARE_BUILDING,2026-09,aspect_cluster,2026-09-30T00:00:00+09:00,2026-10-02T18:14:00+09:00,2026-09-30T23:59:59+09:00,0,MERCURY|MARS|PLUTO,MERCURY:SCORPIO|MARS:LEO|PLUTO:AQUARIUS,MERCURY-MARS:90|MERCURY-PLUTO:90|MARS-PLUTO:180,3,3,not_applicable,MERCURY,7,1,anchor_house,MERCURY|MARS|PLUTO,swiss_ephemeris,MERCURY:MARS:90:2026-10-02|MARS:PLUTO:180:2026-10-03,month_end,SEP_MONTH_END_PRESSURE,,95,100,強い要望への返答を自分の希望から組み立てる,{event_date}は、相手の強い要望を前にすると、賛成か拒否かをすぐ示して自分の立場を守りたくなりそうです。依頼された事実、自分が望む条件、今日決めなくてよい部分を分けてください。返答期限を確認してから「できること」と「持ち帰ること」を伝えると、反射的な応酬を避けながら対等な話し合いを保てます。,t_square;mercury;mars;pluto;builds_into_2026-10,1
2026_09_MONTH_END_TSQUARE_BUILDING_S07_N02,2026_09_MONTH_END_TSQUARE_BUILDING,2026-09,aspect_cluster,2026-09-30T00:00:00+09:00,2026-10-02T18:14:00+09:00,2026-09-30T23:59:59+09:00,0,MERCURY|MARS|PLUTO,MERCURY:SCORPIO|MARS:LEO|PLUTO:AQUARIUS,MERCURY-MARS:90|MERCURY-PLUTO:90|MARS-PLUTO:180,3,3,not_applicable,MERCURY,7,2,anchor_house,MERCURY|MARS|PLUTO,swiss_ephemeris,MERCURY:MARS:90:2026-10-02|MARS:PLUTO:180:2026-10-03,month_end,SEP_MONTH_END_PRESSURE,,95,100,取引の急ぎを金額と解約条件の確認へ戻す,{event_date}は、条件の良さや損失への不安が先に立ち、金額だけを見て契約を急ぎやすい時です。支払う時期、追加費用、変更や解約の条件を同じ紙面へ並べてください。相手の説明を自分の言葉で読み返し、未記載の項目は署名前に尋ねると、価値観を譲りすぎず現実的な合意を選べます。,t_square;mercury;mars;pluto;builds_into_2026-10,1
2026_09_MONTH_END_TSQUARE_BUILDING_S07_N03,2026_09_MONTH_END_TSQUARE_BUILDING,2026-09,aspect_cluster,2026-09-30T00:00:00+09:00,2026-10-02T18:14:00+09:00,2026-09-30T23:59:59+09:00,0,MERCURY|MARS|PLUTO,MERCURY:SCORPIO|MARS:LEO|PLUTO:AQUARIUS,MERCURY-MARS:90|MERCURY-PLUTO:90|MARS-PLUTO:180,3,3,not_applicable,MERCURY,7,3,anchor_house,MERCURY|MARS|PLUTO,swiss_ephemeris,MERCURY:MARS:90:2026-10-02|MARS:PLUTO:180:2026-10-03,month_end,SEP_MONTH_END_PRESSURE,,95,100,応酬する会話を一つの質問と回答へ戻す,{event_date}は、返事の速さを競うような会話になり、過去の不満や別件まで一度に持ち出しやすくなります。今扱う質問、確認できた事実、後で話す論点を三つに分けてください。口頭で熱が上がるなら要点を短い文章にし、相手の回答を待ってから次へ進むと、勝ち負けではなく結論へ近づけます。,t_square;mercury;mars;pluto;builds_into_2026-10,1
2026_09_MONTH_END_TSQUARE_BUILDING_S07_N04,2026_09_MONTH_END_TSQUARE_BUILDING,2026-09,aspect_cluster,2026-09-30T00:00:00+09:00,2026-10-02T18:14:00+09:00,2026-09-30T23:59:59+09:00,0,MERCURY|MARS|PLUTO,MERCURY:SCORPIO|MARS:LEO|PLUTO:AQUARIUS,MERCURY-MARS:90|MERCURY-PLUTO:90|MARS-PLUTO:180,3,3,not_applicable,MERCURY,7,4,anchor_house,MERCURY|MARS|PLUTO,swiss_ephemeris,MERCURY:MARS:90:2026-10-02|MARS:PLUTO:180:2026-10-03,month_end,SEP_MONTH_END_PRESSURE,,95,100,暮らしの決定を二人の同意と実務へ分ける,{event_date}は、住まいや家族との関わりをめぐり、どちらかが早く結論を出して安心を取り戻したくなりそうです。変えたいこと、維持すべき生活条件、関係者へ確認する事項を分けてください。仮に決める範囲と見直す日だけを合意し、家事や費用の実務を確かめると、親しさを決定権の争いへ変えずに済みます。,t_square;mercury;mars;pluto;builds_into_2026-10,1
2026_09_MONTH_END_TSQUARE_BUILDING_S07_N05,2026_09_MONTH_END_TSQUARE_BUILDING,2026-09,aspect_cluster,2026-09-30T00:00:00+09:00,2026-10-02T18:14:00+09:00,2026-09-30T23:59:59+09:00,0,MERCURY|MARS|PLUTO,MERCURY:SCORPIO|MARS:LEO|PLUTO:AQUARIUS,MERCURY-MARS:90|MERCURY-PLUTO:90|MARS-PLUTO:180,3,3,not_applicable,MERCURY,7,5,anchor_house,MERCURY|MARS|PLUTO,swiss_ephemeris,MERCURY:MARS:90:2026-10-02|MARS:PLUTO:180:2026-10-03,month_end,SEP_MONTH_END_PRESSURE,,95,100,勢いある提案を試せる約束の大きさへ縮める,{event_date}は、恋愛や共同制作の熱意を示そうとして、先のことまで大きく約束したくなるかもしれません。今回一緒に試すこと、個人で続けること、中止や変更の合図を分けてください。最初の一回と見直す時期だけを決め、相手の返答を待ってから広げると、楽しさを証明の競争にせず育てられます。,t_square;mercury;mars;pluto;builds_into_2026-10,1
2026_09_MONTH_END_TSQUARE_BUILDING_S07_N06,2026_09_MONTH_END_TSQUARE_BUILDING,2026-09,aspect_cluster,2026-09-30T00:00:00+09:00,2026-10-02T18:14:00+09:00,2026-09-30T23:59:59+09:00,0,MERCURY|MARS|PLUTO,MERCURY:SCORPIO|MARS:LEO|PLUTO:AQUARIUS,MERCURY-MARS:90|MERCURY-PLUTO:90|MARS-PLUTO:180,3,3,not_applicable,MERCURY,7,6,anchor_house,MERCURY|MARS|PLUTO,swiss_ephemeris,MERCURY:MARS:90:2026-10-02|MARS:PLUTO:180:2026-10-03,month_end,SEP_MONTH_END_PRESSURE,,95,100,顧客の急ぎを対応範囲と空き時間へ割り当てる,{event_date}は、相手から急ぎと言われるほど、予定を崩してでも全てを引き受けたくなりそうです。契約内の作業、追加対応になる部分、実際に空いている時間を分けて示してください。緊急扱いにする基準と次に連絡する時刻を合意すると、相手を放置せず日課や体調を守れる対応へ戻せます。,t_square;mercury;mars;pluto;builds_into_2026-10,1
2026_09_MONTH_END_TSQUARE_BUILDING_S07_N07,2026_09_MONTH_END_TSQUARE_BUILDING,2026-09,aspect_cluster,2026-09-30T00:00:00+09:00,2026-10-02T18:14:00+09:00,2026-09-30T23:59:59+09:00,0,MERCURY|MARS|PLUTO,MERCURY:SCORPIO|MARS:LEO|PLUTO:AQUARIUS,MERCURY-MARS:90|MERCURY-PLUTO:90|MARS-PLUTO:180,3,3,not_applicable,MERCURY,7,7,anchor_house,MERCURY|MARS|PLUTO,swiss_ephemeris,MERCURY:MARS:90:2026-10-02|MARS:PLUTO:180:2026-10-03,month_end,SEP_MONTH_END_PRESSURE,,95,100,関係の結論を話し合いの手順から決め直す,{event_date}は、二人の今後を一度の会話で決めようとして、譲る側と押す側が固定されやすい時です。それぞれが決められること、共同で決めること、第三者の確認が要ることを整理してください。中断したい時の合図と再開時刻を先に合意すると、沈黙や強い言葉を最終結論にせず関係を検討できます。,t_square;mercury;mars;pluto;builds_into_2026-10,1
2026_09_MONTH_END_TSQUARE_BUILDING_S07_N08,2026_09_MONTH_END_TSQUARE_BUILDING,2026-09,aspect_cluster,2026-09-30T00:00:00+09:00,2026-10-02T18:14:00+09:00,2026-09-30T23:59:59+09:00,0,MERCURY|MARS|PLUTO,MERCURY:SCORPIO|MARS:LEO|PLUTO:AQUARIUS,MERCURY-MARS:90|MERCURY-PLUTO:90|MARS-PLUTO:180,3,3,not_applicable,MERCURY,7,8,anchor_house,MERCURY|MARS|PLUTO,swiss_ephemeris,MERCURY:MARS:90:2026-10-02|MARS:PLUTO:180:2026-10-03,month_end,SEP_MONTH_END_PRESSURE,,95,100,共同資源の判断を権限と記録の確認へ戻す,{event_date}は、共同口座や借入、保証に関する判断で、相手を信じる証として早い同意を求められやすいかもしれません。金額、責任を負う期間、変更できる人を契約書と記録で確かめてください。分からない条項は第三者へ確認し、双方の署名や承認が揃うまで実行を保留すると、親密さと法的な責任を切り分けられます。,t_square;mercury;mars;pluto;builds_into_2026-10,1
2026_09_MONTH_END_TSQUARE_BUILDING_S07_N09,2026_09_MONTH_END_TSQUARE_BUILDING,2026-09,aspect_cluster,2026-09-30T00:00:00+09:00,2026-10-02T18:14:00+09:00,2026-09-30T23:59:59+09:00,0,MERCURY|MARS|PLUTO,MERCURY:SCORPIO|MARS:LEO|PLUTO:AQUARIUS,MERCURY-MARS:90|MERCURY-PLUTO:90|MARS-PLUTO:180,3,3,not_applicable,MERCURY,7,9,anchor_house,MERCURY|MARS|PLUTO,swiss_ephemeris,MERCURY:MARS:90:2026-10-02|MARS:PLUTO:180:2026-10-03,month_end,SEP_MONTH_END_PRESSURE,,95,100,意見の正しさを共通の判断材料へ開き直す,{event_date}は、学び方や旅行、信条をめぐって、相手を納得させることが目的になりやすい時です。互いの根拠、現地や制度の最新情報、今回だけ決める範囲を並べてください。結論が違っても共同で確認できる資料を一つ選び、後日見直す余地を残すと、考えの違いを関係の優劣へ変えずに済みます。,t_square;mercury;mars;pluto;builds_into_2026-10,1
2026_09_MONTH_END_TSQUARE_BUILDING_S07_N10,2026_09_MONTH_END_TSQUARE_BUILDING,2026-09,aspect_cluster,2026-09-30T00:00:00+09:00,2026-10-02T18:14:00+09:00,2026-09-30T23:59:59+09:00,0,MERCURY|MARS|PLUTO,MERCURY:SCORPIO|MARS:LEO|PLUTO:AQUARIUS,MERCURY-MARS:90|MERCURY-PLUTO:90|MARS-PLUTO:180,3,3,not_applicable,MERCURY,7,10,anchor_house,MERCURY|MARS|PLUTO,swiss_ephemeris,MERCURY:MARS:90:2026-10-02|MARS:PLUTO:180:2026-10-03,month_end,SEP_MONTH_END_PRESSURE,,95,100,公の提携判断を発言権と承認経路へ戻す,{event_date}は、取引先や上司との調整で、組織を代表する返答をその場で求められるかもしれません。自分にある決裁権、社内確認が要る事項、公表できる内容を区別してください。暫定見解であることと正式回答の時刻を伝え、記録を関係者へ共有すると、対面の勢いで組織の約束を広げずに済みます。,t_square;mercury;mars;pluto;builds_into_2026-10,1
2026_09_MONTH_END_TSQUARE_BUILDING_S07_N11,2026_09_MONTH_END_TSQUARE_BUILDING,2026-09,aspect_cluster,2026-09-30T00:00:00+09:00,2026-10-02T18:14:00+09:00,2026-09-30T23:59:59+09:00,0,MERCURY|MARS|PLUTO,MERCURY:SCORPIO|MARS:LEO|PLUTO:AQUARIUS,MERCURY-MARS:90|MERCURY-PLUTO:90|MARS-PLUTO:180,3,3,not_applicable,MERCURY,7,11,anchor_house,MERCURY|MARS|PLUTO,swiss_ephemeris,MERCURY:MARS:90:2026-10-02|MARS:PLUTO:180:2026-10-03,month_end,SEP_MONTH_END_PRESSURE,,95,100,仲間からの圧力を共同目的と担当へ戻す,{event_date}は、仲間の期待や多数意見に押され、二人の合意を急いで変更したくなりそうです。共同の目的、グループへ説明する範囲、当事者だけで決める事項を分けてください。誰が何を伝えるかを決め、全員の前で返答する前に当事者同士で確認すると、周囲との協力と個別の約束を両方守れます。,t_square;mercury;mars;pluto;builds_into_2026-10,1
2026_09_MONTH_END_TSQUARE_BUILDING_S07_N12,2026_09_MONTH_END_TSQUARE_BUILDING,2026-09,aspect_cluster,2026-09-30T00:00:00+09:00,2026-10-02T18:14:00+09:00,2026-09-30T23:59:59+09:00,0,MERCURY|MARS|PLUTO,MERCURY:SCORPIO|MARS:LEO|PLUTO:AQUARIUS,MERCURY-MARS:90|MERCURY-PLUTO:90|MARS-PLUTO:180,3,3,not_applicable,MERCURY,7,12,anchor_house,MERCURY|MARS|PLUTO,swiss_ephemeris,MERCURY:MARS:90:2026-10-02|MARS:PLUTO:180:2026-10-03,month_end,SEP_MONTH_END_PRESSURE,,95,100,言えない前提を送らない下書きで確かめる,{event_date}は、相手の本音を推測するほど不安が膨らみ、確証のないまま関係の結論を出したくなるかもしれません。聞いた言葉、自分の解釈、まだ尋ねていないことを別々に書いてください。夜のうちに長い連絡を送らず、翌日に一つの質問だけを選んで尋ねると、沈黙を拒絶と決めつけず対話の入口を残せます。,t_square;mercury;mars;pluto;builds_into_2026-10,1
2026_09_MONTH_END_TSQUARE_BUILDING_S08_N01,2026_09_MONTH_END_TSQUARE_BUILDING,2026-09,aspect_cluster,2026-09-30T00:00:00+09:00,2026-10-02T18:14:00+09:00,2026-09-30T23:59:59+09:00,0,MERCURY|MARS|PLUTO,MERCURY:SCORPIO|MARS:LEO|PLUTO:AQUARIUS,MERCURY-MARS:90|MERCURY-PLUTO:90|MARS-PLUTO:180,3,3,not_applicable,MERCURY,8,1,anchor_house,MERCURY|MARS|PLUTO,swiss_ephemeris,MERCURY:MARS:90:2026-10-02|MARS:PLUTO:180:2026-10-03,month_end,SEP_MONTH_END_PRESSURE,,95,100,自分を担保にする約束を同意の範囲へ戻す,{event_date}は、深く関わる覚悟を示そうとして、自分の時間や信用まで差し出す約束を急ぎやすい時です。同意した範囲、まだ説明を受けていない責任、撤回できる条件を分けてください。相手の期待ではなく自分の言葉で確認書を読み、返答を一晩保留すると、信頼を損なわず自分の選択権を守れます。,t_square;mercury;mars;pluto;builds_into_2026-10,1
2026_09_MONTH_END_TSQUARE_BUILDING_S08_N02,2026_09_MONTH_END_TSQUARE_BUILDING,2026-09,aspect_cluster,2026-09-30T00:00:00+09:00,2026-10-02T18:14:00+09:00,2026-09-30T23:59:59+09:00,0,MERCURY|MARS|PLUTO,MERCURY:SCORPIO|MARS:LEO|PLUTO:AQUARIUS,MERCURY-MARS:90|MERCURY-PLUTO:90|MARS-PLUTO:180,3,3,not_applicable,MERCURY,8,2,anchor_house,MERCURY|MARS|PLUTO,swiss_ephemeris,MERCURY:MARS:90:2026-10-02|MARS:PLUTO:180:2026-10-03,month_end,SEP_MONTH_END_PRESSURE,,95,100,共同支出の判断を自分の残高と上限へ戻す,{event_date}は、共同の不足を埋めるため、自分の口座から予定以上を出す判断へ傾きやすい時です。現在の残高、生活に残す金額、双方が負担する上限を別々に記してください。目的と返済方法が書面で揃うまで振込を保留し、少額案も比べると、急場への協力と自分の基盤を両立できます。,t_square;mercury;mars;pluto;builds_into_2026-10,1
2026_09_MONTH_END_TSQUARE_BUILDING_S08_N03,2026_09_MONTH_END_TSQUARE_BUILDING,2026-09,aspect_cluster,2026-09-30T00:00:00+09:00,2026-10-02T18:14:00+09:00,2026-09-30T23:59:59+09:00,0,MERCURY|MARS|PLUTO,MERCURY:SCORPIO|MARS:LEO|PLUTO:AQUARIUS,MERCURY-MARS:90|MERCURY-PLUTO:90|MARS-PLUTO:180,3,3,not_applicable,MERCURY,8,3,anchor_house,MERCURY|MARS|PLUTO,swiss_ephemeris,MERCURY:MARS:90:2026-10-02|MARS:PLUTO:180:2026-10-03,month_end,SEP_MONTH_END_PRESSURE,,95,100,機密の急報を送信先と根拠から確かめる,{event_date}は、重要な情報を早く共有しようとして、確認前の推測や不要な宛先まで含めやすい時です。判明した事実、情報源、閲覧が必要な人を分けてください。件名へ機密区分を示し、添付先と送信権限を二度確認してから送ると、対応を遅らせすぎず情報の広がりを抑えられます。,t_square;mercury;mars;pluto;builds_into_2026-10,1
2026_09_MONTH_END_TSQUARE_BUILDING_S08_N04,2026_09_MONTH_END_TSQUARE_BUILDING,2026-09,aspect_cluster,2026-09-30T00:00:00+09:00,2026-10-02T18:14:00+09:00,2026-09-30T23:59:59+09:00,0,MERCURY|MARS|PLUTO,MERCURY:SCORPIO|MARS:LEO|PLUTO:AQUARIUS,MERCURY-MARS:90|MERCURY-PLUTO:90|MARS-PLUTO:180,3,3,not_applicable,MERCURY,8,4,anchor_house,MERCURY|MARS|PLUTO,swiss_ephemeris,MERCURY:MARS:90:2026-10-02|MARS:PLUTO:180:2026-10-03,month_end,SEP_MONTH_END_PRESSURE,,95,100,家族資産の結論を当事者と資料へ戻す,{event_date}は、相続や援助、住まいに関する負担を早く決めるよう求められ、昔の了解をそのまま前提にしやすい時です。名義、現在の評価額、意思を確認すべき当事者を一覧にしてください。感情の話と法的な手続きを別の時間に扱い、資料が揃うまで仮案に留めると、家族関係だけで責任を決めずに済みます。,t_square;mercury;mars;pluto;builds_into_2026-10,1
2026_09_MONTH_END_TSQUARE_BUILDING_S08_N05,2026_09_MONTH_END_TSQUARE_BUILDING,2026-09,aspect_cluster,2026-09-30T00:00:00+09:00,2026-10-02T18:14:00+09:00,2026-09-30T23:59:59+09:00,0,MERCURY|MARS|PLUTO,MERCURY:SCORPIO|MARS:LEO|PLUTO:AQUARIUS,MERCURY-MARS:90|MERCURY-PLUTO:90|MARS-PLUTO:180,3,3,not_applicable,MERCURY,8,5,anchor_house,MERCURY|MARS|PLUTO,swiss_ephemeris,MERCURY:MARS:90:2026-10-02|MARS:PLUTO:180:2026-10-03,month_end,SEP_MONTH_END_PRESSURE,,95,100,好意を伴う出資を権利と終了条件へ戻す,{event_date}は、恋愛や創作への熱が高まり、贈与と投資、応援と所有権の境目を曖昧にしたまま進めたくなるかもしれません。誰の作品か、費用をどう扱うか、公開や中止を誰が決めるかを分けてください。小さな試作へ出す金額だけを決めて記録を残すと、楽しさを失わず後の認識違いを減らせます。,t_square;mercury;mars;pluto;builds_into_2026-10,1
2026_09_MONTH_END_TSQUARE_BUILDING_S08_N06,2026_09_MONTH_END_TSQUARE_BUILDING,2026-09,aspect_cluster,2026-09-30T00:00:00+09:00,2026-10-02T18:14:00+09:00,2026-09-30T23:59:59+09:00,0,MERCURY|MARS|PLUTO,MERCURY:SCORPIO|MARS:LEO|PLUTO:AQUARIUS,MERCURY-MARS:90|MERCURY-PLUTO:90|MARS-PLUTO:180,3,3,not_applicable,MERCURY,8,6,anchor_house,MERCURY|MARS|PLUTO,swiss_ephemeris,MERCURY:MARS:90:2026-10-02|MARS:PLUTO:180:2026-10-03,month_end,SEP_MONTH_END_PRESSURE,,95,100,返済と手続きを今日の一件へ絞り直す,{event_date}は、保険や税、返済の未処理が重なって見え、全てを一度に片付けようとしやすい時です。期限が近い一件、必要書類が揃う案件、問い合わせだけで進む用件を分けてください。担当窓口と次の確認日を記録し、終えたら作業を閉じると、焦りで数字や名義を取り違えず日課へ戻れます。,t_square;mercury;mars;pluto;builds_into_2026-10,1
2026_09_MONTH_END_TSQUARE_BUILDING_S08_N07,2026_09_MONTH_END_TSQUARE_BUILDING,2026-09,aspect_cluster,2026-09-30T00:00:00+09:00,2026-10-02T18:14:00+09:00,2026-09-30T23:59:59+09:00,0,MERCURY|MARS|PLUTO,MERCURY:SCORPIO|MARS:LEO|PLUTO:AQUARIUS,MERCURY-MARS:90|MERCURY-PLUTO:90|MARS-PLUTO:180,3,3,not_applicable,MERCURY,8,7,anchor_house,MERCURY|MARS|PLUTO,swiss_ephemeris,MERCURY:MARS:90:2026-10-02|MARS:PLUTO:180:2026-10-03,month_end,SEP_MONTH_END_PRESSURE,,95,100,二人の負担を署名者と実行者へ分ける,{event_date}は、相手との共同責任を早く引き受けるよう迫られ、誰が決め誰が動くかが曖昧になりそうです。契約へ署名する人、実際に手続きを行う人、結果を確認する人を分けてください。相互に説明できるまで承認を進めず、代替案も一つ残すと、親密さを保ちながら責任の集中を避けられます。,t_square;mercury;mars;pluto;builds_into_2026-10,1
2026_09_MONTH_END_TSQUARE_BUILDING_S08_N08,2026_09_MONTH_END_TSQUARE_BUILDING,2026-09,aspect_cluster,2026-09-30T00:00:00+09:00,2026-10-02T18:14:00+09:00,2026-09-30T23:59:59+09:00,0,MERCURY|MARS|PLUTO,MERCURY:SCORPIO|MARS:LEO|PLUTO:AQUARIUS,MERCURY-MARS:90|MERCURY-PLUTO:90|MARS-PLUTO:180,3,3,not_applicable,MERCURY,8,8,anchor_house,MERCURY|MARS|PLUTO,swiss_ephemeris,MERCURY:MARS:90:2026-10-02|MARS:PLUTO:180:2026-10-03,month_end,SEP_MONTH_END_PRESSURE,,95,100,重なった債務を期限と優先順位へ並べ直す,{event_date}は、複数の返済や共同責任が同時に迫るように感じ、最も強く催促された案件から処理したくなりそうです。実際の期限、利率や影響、交渉できる条件を一覧にしてください。支払先へ確認した内容を記録し、必要なら専門家へ相談して順序を決めると、圧力の強さだけで資金配分を変えずに済みます。,t_square;mercury;mars;pluto;builds_into_2026-10,1
2026_09_MONTH_END_TSQUARE_BUILDING_S08_N09,2026_09_MONTH_END_TSQUARE_BUILDING,2026-09,aspect_cluster,2026-09-30T00:00:00+09:00,2026-10-02T18:14:00+09:00,2026-09-30T23:59:59+09:00,0,MERCURY|MARS|PLUTO,MERCURY:SCORPIO|MARS:LEO|PLUTO:AQUARIUS,MERCURY-MARS:90|MERCURY-PLUTO:90|MARS-PLUTO:180,3,3,not_applicable,MERCURY,8,9,anchor_house,MERCURY|MARS|PLUTO,swiss_ephemeris,MERCURY:MARS:90:2026-10-02|MARS:PLUTO:180:2026-10-03,month_end,SEP_MONTH_END_PRESSURE,,95,100,専門家の強い助言を適用範囲から確認する,{event_date}は、税務や法務、海外手続きの説明を受け、権威ある言葉を急いで採用したくなるかもしれません。助言の前提、対象となる地域や契約、別の選択肢を尋ねてください。資料の発行日と担当者を記録し、自分のケースへ当てはまる点を再確認すると、理解しないまま重要な権利を動かさずに済みます。,t_square;mercury;mars;pluto;builds_into_2026-10,1
2026_09_MONTH_END_TSQUARE_BUILDING_S08_N10,2026_09_MONTH_END_TSQUARE_BUILDING,2026-09,aspect_cluster,2026-09-30T00:00:00+09:00,2026-10-02T18:14:00+09:00,2026-09-30T23:59:59+09:00,0,MERCURY|MARS|PLUTO,MERCURY:SCORPIO|MARS:LEO|PLUTO:AQUARIUS,MERCURY-MARS:90|MERCURY-PLUTO:90|MARS-PLUTO:180,3,3,not_applicable,MERCURY,8,10,anchor_house,MERCURY|MARS|PLUTO,swiss_ephemeris,MERCURY:MARS:90:2026-10-02|MARS:PLUTO:180:2026-10-03,month_end,SEP_MONTH_END_PRESSURE,,95,100,預かった資源の緊急判断を決裁者へ戻す,{event_date}は、組織の予算や機密を守る責任から、通常の承認を飛ばして対処したくなりそうです。自分の決裁上限、監督者へ報告する事項、記録を残す場所を確かめてください。暫定措置の期限を明記し、正式承認まで変更範囲を広げないと、公の責任と迅速さを両立しやすくなります。,t_square;mercury;mars;pluto;builds_into_2026-10,1
2026_09_MONTH_END_TSQUARE_BUILDING_S08_N11,2026_09_MONTH_END_TSQUARE_BUILDING,2026-09,aspect_cluster,2026-09-30T00:00:00+09:00,2026-10-02T18:14:00+09:00,2026-09-30T23:59:59+09:00,0,MERCURY|MARS|PLUTO,MERCURY:SCORPIO|MARS:LEO|PLUTO:AQUARIUS,MERCURY-MARS:90|MERCURY-PLUTO:90|MARS-PLUTO:180,3,3,not_applicable,MERCURY,8,11,anchor_house,MERCURY|MARS|PLUTO,swiss_ephemeris,MERCURY:MARS:90:2026-10-02|MARS:PLUTO:180:2026-10-03,month_end,SEP_MONTH_END_PRESSURE,,95,100,共同基金の不足を数字と役割から検討する,{event_date}は、仲間の活動を止めないため、親しい人だけで不足分を補う判断へ傾きやすい時です。現在残高、確定した支出、承認できる担当者を全員が見られる形へ置いてください。追加負担を募る前に延期や縮小案も示し、決定過程を記録すると、友情に責任を集中させず共同運営を続けられます。,t_square;mercury;mars;pluto;builds_into_2026-10,1
2026_09_MONTH_END_TSQUARE_BUILDING_S08_N12,2026_09_MONTH_END_TSQUARE_BUILDING,2026-09,aspect_cluster,2026-09-30T00:00:00+09:00,2026-10-02T18:14:00+09:00,2026-09-30T23:59:59+09:00,0,MERCURY|MARS|PLUTO,MERCURY:SCORPIO|MARS:LEO|PLUTO:AQUARIUS,MERCURY-MARS:90|MERCURY-PLUTO:90|MARS-PLUTO:180,3,3,not_applicable,MERCURY,8,12,anchor_house,MERCURY|MARS|PLUTO,swiss_ephemeris,MERCURY:MARS:90:2026-10-02|MARS:PLUTO:180:2026-10-03,month_end,SEP_MONTH_END_PRESSURE,,95,100,見えない義務を事実と想像へ分けて保留する,{event_date}は、まだ請求されていない責任まで思い浮かべ、先回りして秘密の約束や支払いを引き受けたくなるかもしれません。確認できた義務、相手に尋ねる項目、自分が想像している最悪のケースを分けてください。夜間の決済や署名を止め、翌日に記録を照合すると、不安を契約へ変えず必要な対応だけを選べます。,t_square;mercury;mars;pluto;builds_into_2026-10,1
2026_09_MONTH_END_TSQUARE_BUILDING_S09_N01,2026_09_MONTH_END_TSQUARE_BUILDING,2026-09,aspect_cluster,2026-09-30T00:00:00+09:00,2026-10-02T18:14:00+09:00,2026-09-30T23:59:59+09:00,0,MERCURY|MARS|PLUTO,MERCURY:SCORPIO|MARS:LEO|PLUTO:AQUARIUS,MERCURY-MARS:90|MERCURY-PLUTO:90|MARS-PLUTO:180,3,3,not_applicable,MERCURY,9,1,anchor_house,MERCURY|MARS|PLUTO,swiss_ephemeris,MERCURY:MARS:90:2026-10-02|MARS:PLUTO:180:2026-10-03,month_end,SEP_MONTH_END_PRESSURE,,95,100,強い主張を自分の立場と保留点へ戻す,{event_date}は、新しい思想や遠方の情報に背中を押され、十分に確かめる前から自分の立場として言い切りたくなるかもしれません。実際に経験したこと、資料で確認したこと、まだ仮説の部分を分けてください。自己紹介や申請文は確定できる一文だけに留め、翌日に読み返すと、勢いを失わず発言への責任を持てます。,t_square;mercury;mars;pluto;builds_into_2026-10,1
2026_09_MONTH_END_TSQUARE_BUILDING_S09_N02,2026_09_MONTH_END_TSQUARE_BUILDING,2026-09,aspect_cluster,2026-09-30T00:00:00+09:00,2026-10-02T18:14:00+09:00,2026-09-30T23:59:59+09:00,0,MERCURY|MARS|PLUTO,MERCURY:SCORPIO|MARS:LEO|PLUTO:AQUARIUS,MERCURY-MARS:90|MERCURY-PLUTO:90|MARS-PLUTO:180,3,3,not_applicable,MERCURY,9,2,anchor_house,MERCURY|MARS|PLUTO,swiss_ephemeris,MERCURY:MARS:90:2026-10-02|MARS:PLUTO:180:2026-10-03,month_end,SEP_MONTH_END_PRESSURE,,95,100,学びと渡航の申込みを総額から判断する,{event_date}は、講座や渡航の締切を意識し、費用の一部だけを見て申し込みを急ぎやすい時です。受講料、交通・滞在費、為替や取消条件を同じ表へ置いてください。生活に残す金額と支払える上限を確認し、返金規定を読んでから決済すると、視野を広げる選択を家計への圧力に変えずに済みます。,t_square;mercury;mars;pluto;builds_into_2026-10,1
2026_09_MONTH_END_TSQUARE_BUILDING_S09_N03,2026_09_MONTH_END_TSQUARE_BUILDING,2026-09,aspect_cluster,2026-09-30T00:00:00+09:00,2026-10-02T18:14:00+09:00,2026-09-30T23:59:59+09:00,0,MERCURY|MARS|PLUTO,MERCURY:SCORPIO|MARS:LEO|PLUTO:AQUARIUS,MERCURY-MARS:90|MERCURY-PLUTO:90|MARS-PLUTO:180,3,3,not_applicable,MERCURY,9,3,anchor_house,MERCURY|MARS|PLUTO,swiss_ephemeris,MERCURY:MARS:90:2026-10-02|MARS:PLUTO:180:2026-10-03,month_end,SEP_MONTH_END_PRESSURE,,95,100,速報と翻訳を原文の意味へ照合し直す,{event_date}は、海外の速報や専門的な論点を早く伝えようとして、翻訳の強い表現だけが独り歩きしやすい時です。原文、訳語を選んだ理由、確認できていない文脈を分けてください。見出しを断定形にせず出典と更新時刻を添え、詳しい人に一度読んでもらうと、速度を保ちながら誤解の拡大を防げます。,t_square;mercury;mars;pluto;builds_into_2026-10,1
2026_09_MONTH_END_TSQUARE_BUILDING_S09_N04,2026_09_MONTH_END_TSQUARE_BUILDING,2026-09,aspect_cluster,2026-09-30T00:00:00+09:00,2026-10-02T18:14:00+09:00,2026-09-30T23:59:59+09:00,0,MERCURY|MARS|PLUTO,MERCURY:SCORPIO|MARS:LEO|PLUTO:AQUARIUS,MERCURY-MARS:90|MERCURY-PLUTO:90|MARS-PLUTO:180,3,3,not_applicable,MERCURY,9,4,anchor_house,MERCURY|MARS|PLUTO,swiss_ephemeris,MERCURY:MARS:90:2026-10-02|MARS:PLUTO:180:2026-10-03,month_end,SEP_MONTH_END_PRESSURE,,95,100,遠方への決断を家の実務と相談へ戻す,{event_date}は、進学や移住、長い旅の判断を急ぐほど、家に残る人の予定や住まいの手続きが後回しになりそうです。出発前に必要な連絡、留守中の管理、戻る場合の条件を家族と確認してください。賛成か反対かだけで話を終えず、未決の項目と次の相談日を決めると、広い世界へ進む意思と足元の安心を両立できます。,t_square;mercury;mars;pluto;builds_into_2026-10,1
2026_09_MONTH_END_TSQUARE_BUILDING_S09_N05,2026_09_MONTH_END_TSQUARE_BUILDING,2026-09,aspect_cluster,2026-09-30T00:00:00+09:00,2026-10-02T18:14:00+09:00,2026-09-30T23:59:59+09:00,0,MERCURY|MARS|PLUTO,MERCURY:SCORPIO|MARS:LEO|PLUTO:AQUARIUS,MERCURY-MARS:90|MERCURY-PLUTO:90|MARS-PLUTO:180,3,3,not_applicable,MERCURY,9,5,anchor_house,MERCURY|MARS|PLUTO,swiss_ephemeris,MERCURY:MARS:90:2026-10-02|MARS:PLUTO:180:2026-10-03,month_end,SEP_MONTH_END_PRESSURE,,95,100,公開を急ぐ作品を権利と対象年齢から見直す,{event_date}は、旅や学びから生まれた作品をすぐ公開したくなり、引用や出演者への確認が追いつかないかもしれません。素材の出所、使用許可、子どもを含む読者への説明を点検してください。試作版として見せる範囲を絞り、修正を受け付ける期限を添えると、表現の熱を守りながら他者の権利にも配慮できます。,t_square;mercury;mars;pluto;builds_into_2026-10,1
2026_09_MONTH_END_TSQUARE_BUILDING_S09_N06,2026_09_MONTH_END_TSQUARE_BUILDING,2026-09,aspect_cluster,2026-09-30T00:00:00+09:00,2026-10-02T18:14:00+09:00,2026-09-30T23:59:59+09:00,0,MERCURY|MARS|PLUTO,MERCURY:SCORPIO|MARS:LEO|PLUTO:AQUARIUS,MERCURY-MARS:90|MERCURY-PLUTO:90|MARS-PLUTO:180,3,3,not_applicable,MERCURY,9,6,anchor_house,MERCURY|MARS|PLUTO,swiss_ephemeris,MERCURY:MARS:90:2026-10-02|MARS:PLUTO:180:2026-10-03,month_end,SEP_MONTH_END_PRESSURE,,95,100,申請と移動準備を今日の確認事項へ絞る,{event_date}は、研修、出張、資格申請の用件が重なり、全てを同時に進めようとして手順を飛ばしやすい時です。締切、原本が必要な書類、相手の返答待ちを分けてください。今日は予約の照合、明日は提出物の確認というように作業を区切り、休憩も予定へ入れると、焦りによる入力や携行品の漏れを抑えられます。,t_square;mercury;mars;pluto;builds_into_2026-10,1
2026_09_MONTH_END_TSQUARE_BUILDING_S09_N07,2026_09_MONTH_END_TSQUARE_BUILDING,2026-09,aspect_cluster,2026-09-30T00:00:00+09:00,2026-10-02T18:14:00+09:00,2026-09-30T23:59:59+09:00,0,MERCURY|MARS|PLUTO,MERCURY:SCORPIO|MARS:LEO|PLUTO:AQUARIUS,MERCURY-MARS:90|MERCURY-PLUTO:90|MARS-PLUTO:180,3,3,not_applicable,MERCURY,9,7,anchor_house,MERCURY|MARS|PLUTO,swiss_ephemeris,MERCURY:MARS:90:2026-10-02|MARS:PLUTO:180:2026-10-03,month_end,SEP_MONTH_END_PRESSURE,,95,100,異なる法域の契約を合意範囲から確かめる,{event_date}は、遠方の相手との契約や将来像を早く固めようとして、互いに同じ規則を想定していると思い込みやすい時です。適用される法域、翻訳版と原文の優先関係、解約時の連絡先を確認してください。口頭の了解をそのまま署名へ進めず、双方が説明できる項目だけを合意すると、関係を対立へ傾けず現実的な約束を結べます。,t_square;mercury;mars;pluto;builds_into_2026-10,1
2026_09_MONTH_END_TSQUARE_BUILDING_S09_N08,2026_09_MONTH_END_TSQUARE_BUILDING,2026-09,aspect_cluster,2026-09-30T00:00:00+09:00,2026-10-02T18:14:00+09:00,2026-09-30T23:59:59+09:00,0,MERCURY|MARS|PLUTO,MERCURY:SCORPIO|MARS:LEO|PLUTO:AQUARIUS,MERCURY-MARS:90|MERCURY-PLUTO:90|MARS-PLUTO:180,3,3,not_applicable,MERCURY,9,8,anchor_house,MERCURY|MARS|PLUTO,swiss_ephemeris,MERCURY:MARS:90:2026-10-02|MARS:PLUTO:180:2026-10-03,month_end,SEP_MONTH_END_PRESSURE,,95,100,共同研究の公開判断を許諾と資金条件へ戻す,{event_date}は、共同研究や調査の成果を急いで出そうとして、提供者の同意や助成条件を後から整えたくなるかもしれません。引用できる資料、公開を保留する情報、費用負担と権利の所在を分けてください。責任者の承認番号を記録し、差し替え可能な範囲だけ先に準備すると、深い探究を信頼違反へ変えずに済みます。,t_square;mercury;mars;pluto;builds_into_2026-10,1
2026_09_MONTH_END_TSQUARE_BUILDING_S09_N09,2026_09_MONTH_END_TSQUARE_BUILDING,2026-09,aspect_cluster,2026-09-30T00:00:00+09:00,2026-10-02T18:14:00+09:00,2026-09-30T23:59:59+09:00,0,MERCURY|MARS|PLUTO,MERCURY:SCORPIO|MARS:LEO|PLUTO:AQUARIUS,MERCURY-MARS:90|MERCURY-PLUTO:90|MARS-PLUTO:180,3,3,not_applicable,MERCURY,9,9,anchor_house,MERCURY|MARS|PLUTO,swiss_ephemeris,MERCURY:MARS:90:2026-10-02|MARS:PLUTO:180:2026-10-03,month_end,SEP_MONTH_END_PRESSURE,,95,100,結論を急ぐ探究を反証できる形へ戻す,{event_date}は、長く考えてきた問いに答えを出したくなり、反対資料を読む前に論文や意見を確定したくなるかもしれません。主張を支える根拠、反証になり得る資料、判断を変える条件を並べてください。提出や発表の前に一人へ反論役を頼み、暫定結論と明記すると、探究を閉じずに今の到達点を示せます。,t_square;mercury;mars;pluto;builds_into_2026-10,1
2026_09_MONTH_END_TSQUARE_BUILDING_S09_N10,2026_09_MONTH_END_TSQUARE_BUILDING,2026-09,aspect_cluster,2026-09-30T00:00:00+09:00,2026-10-02T18:14:00+09:00,2026-09-30T23:59:59+09:00,0,MERCURY|MARS|PLUTO,MERCURY:SCORPIO|MARS:LEO|PLUTO:AQUARIUS,MERCURY-MARS:90|MERCURY-PLUTO:90|MARS-PLUTO:180,3,3,not_applicable,MERCURY,9,10,anchor_house,MERCURY|MARS|PLUTO,swiss_ephemeris,MERCURY:MARS:90:2026-10-02|MARS:PLUTO:180:2026-10-03,month_end,SEP_MONTH_END_PRESSURE,,95,100,公的な見解を権限と確認済み事実へ戻す,{event_date}は、専門家や代表者として素早い説明を求められ、組織の見解まで自分の判断で言い切りたくなりそうです。公表済みの事実、自分の担当範囲、上位承認が必要な論点を分けてください。回答期限を伝えて持ち帰り、出典と訂正窓口を添えて発信すると、立場を守りながら必要な情報を届けられます。,t_square;mercury;mars;pluto;builds_into_2026-10,1
2026_09_MONTH_END_TSQUARE_BUILDING_S09_N11,2026_09_MONTH_END_TSQUARE_BUILDING,2026-09,aspect_cluster,2026-09-30T00:00:00+09:00,2026-10-02T18:14:00+09:00,2026-09-30T23:59:59+09:00,0,MERCURY|MARS|PLUTO,MERCURY:SCORPIO|MARS:LEO|PLUTO:AQUARIUS,MERCURY-MARS:90|MERCURY-PLUTO:90|MARS-PLUTO:180,3,3,not_applicable,MERCURY,9,11,anchor_house,MERCURY|MARS|PLUTO,swiss_ephemeris,MERCURY:MARS:90:2026-10-02|MARS:PLUTO:180:2026-10-03,month_end,SEP_MONTH_END_PRESSURE,,95,100,仲間の理念を共同声明の手順へ戻す,{event_date}は、社会課題や国際的な企画について仲間の意見をまとめる際、最も強い主張を全体の総意として出したくなるかもしれません。賛同済みの文、異論が残る箇所、発信を承認できる人を分けてください。公開前に全員へ最終案と回答期限を示すと、行動の勢いを保ちつつ多様な立場を置き去りにせずに済みます。,t_square;mercury;mars;pluto;builds_into_2026-10,1
2026_09_MONTH_END_TSQUARE_BUILDING_S09_N12,2026_09_MONTH_END_TSQUARE_BUILDING,2026-09,aspect_cluster,2026-09-30T00:00:00+09:00,2026-10-02T18:14:00+09:00,2026-09-30T23:59:59+09:00,0,MERCURY|MARS|PLUTO,MERCURY:SCORPIO|MARS:LEO|PLUTO:AQUARIUS,MERCURY-MARS:90|MERCURY-PLUTO:90|MARS-PLUTO:180,3,3,not_applicable,MERCURY,9,12,anchor_house,MERCURY|MARS|PLUTO,swiss_ephemeris,MERCURY:MARS:90:2026-10-02|MARS:PLUTO:180:2026-10-03,month_end,SEP_MONTH_END_PRESSURE,,95,100,不安から選ぶ答えを休息と相談へ戻す,{event_date}は、先の見えない問題へ意味を与えようとして、夜間に強い思想や予言的な説明を信じ込みやすいかもしれません。確認できる事実、心が求めている安心、今は答えの出ない問いを分けてください。画面を閉じて睡眠を優先し、翌日信頼できる相手へ話すと、不安を大きな決断へ直結させず静かに方向を選べます。,t_square;mercury;mars;pluto;builds_into_2026-10,1
2026_09_MONTH_END_TSQUARE_BUILDING_S10_N01,2026_09_MONTH_END_TSQUARE_BUILDING,2026-09,aspect_cluster,2026-09-30T00:00:00+09:00,2026-10-02T18:14:00+09:00,2026-09-30T23:59:59+09:00,0,MERCURY|MARS|PLUTO,MERCURY:SCORPIO|MARS:LEO|PLUTO:AQUARIUS,MERCURY-MARS:90|MERCURY-PLUTO:90|MARS-PLUTO:180,3,3,not_applicable,MERCURY,10,1,anchor_house,MERCURY|MARS|PLUTO,swiss_ephemeris,MERCURY:MARS:90:2026-10-02|MARS:PLUTO:180:2026-10-03,month_end,SEP_MONTH_END_PRESSURE,,95,100,肩書で急ぐ返答を自分の責任範囲へ戻す,{event_date}は、役職や期待に応えようとして、準備のない案件にも自信ある返答を急ぎやすい時です。自分が決められる範囲、確認が必要な点、回答できる時刻を明示してください。会議では結論より前提を一文で述べ、無理な即答を持ち帰ると、弱さを隠さず責任ある立場を保てます。,t_square;mercury;mars;pluto;builds_into_2026-10,1
2026_09_MONTH_END_TSQUARE_BUILDING_S10_N02,2026_09_MONTH_END_TSQUARE_BUILDING,2026-09,aspect_cluster,2026-09-30T00:00:00+09:00,2026-10-02T18:14:00+09:00,2026-09-30T23:59:59+09:00,0,MERCURY|MARS|PLUTO,MERCURY:SCORPIO|MARS:LEO|PLUTO:AQUARIUS,MERCURY-MARS:90|MERCURY-PLUTO:90|MARS-PLUTO:180,3,3,not_applicable,MERCURY,10,2,anchor_house,MERCURY|MARS|PLUTO,swiss_ephemeris,MERCURY:MARS:90:2026-10-02|MARS:PLUTO:180:2026-10-03,month_end,SEP_MONTH_END_PRESSURE,,95,100,報酬の緊急交渉を契約と実績へ戻す,{event_date}は、昇進や案件の提示に急いで応じ、肩書だけで報酬条件まで納得したことにしやすい時です。固定額、追加業務、支払時期、見直し条件を契約案へ並べてください。実績の資料と生活に必要な下限を準備し、口頭の期待を金額と期限へ直してから返すと、評価への焦りで条件を譲らずに済みます。,t_square;mercury;mars;pluto;builds_into_2026-10,1
2026_09_MONTH_END_TSQUARE_BUILDING_S10_N03,2026_09_MONTH_END_TSQUARE_BUILDING,2026-09,aspect_cluster,2026-09-30T00:00:00+09:00,2026-10-02T18:14:00+09:00,2026-09-30T23:59:59+09:00,0,MERCURY|MARS|PLUTO,MERCURY:SCORPIO|MARS:LEO|PLUTO:AQUARIUS,MERCURY-MARS:90|MERCURY-PLUTO:90|MARS-PLUTO:180,3,3,not_applicable,MERCURY,10,3,anchor_house,MERCURY|MARS|PLUTO,swiss_ephemeris,MERCURY:MARS:90:2026-10-02|MARS:PLUTO:180:2026-10-03,month_end,SEP_MONTH_END_PRESSURE,,95,100,緊急の公表文を事実と承認版へ戻す,{event_date}は、組織への問い合わせが重なり、確認途中の内容まで速報として出したくなるかもしれません。公表できる事実、調査中の点、次に更新する時刻を分けてください。複数の下書きから承認済みの版を一つ指定し、送信者と訂正窓口を記録すると、早さを保ちながら異なる説明が広がるのを防げます。,t_square;mercury;mars;pluto;builds_into_2026-10,1
2026_09_MONTH_END_TSQUARE_BUILDING_S10_N04,2026_09_MONTH_END_TSQUARE_BUILDING,2026-09,aspect_cluster,2026-09-30T00:00:00+09:00,2026-10-02T18:14:00+09:00,2026-09-30T23:59:59+09:00,0,MERCURY|MARS|PLUTO,MERCURY:SCORPIO|MARS:LEO|PLUTO:AQUARIUS,MERCURY-MARS:90|MERCURY-PLUTO:90|MARS-PLUTO:180,3,3,not_applicable,MERCURY,10,4,anchor_house,MERCURY|MARS|PLUTO,swiss_ephemeris,MERCURY:MARS:90:2026-10-02|MARS:PLUTO:180:2026-10-03,month_end,SEP_MONTH_END_PRESSURE,,95,100,公の緊急対応を家で担う役割と調整する,{event_date}は、役職上の対応を優先するあまり、送迎や介護、家の予定を誰かが引き受ける前提にしやすい時です。不在になる時間、代わりを頼める用事、延期できない家庭の約束を共有してください。職場へ対応可能な期限を伝え、帰宅後の連絡方法も決めると、公の責任を家庭の無言の負担だけで支えずに済みます。,t_square;mercury;mars;pluto;builds_into_2026-10,1
2026_09_MONTH_END_TSQUARE_BUILDING_S10_N05,2026_09_MONTH_END_TSQUARE_BUILDING,2026-09,aspect_cluster,2026-09-30T00:00:00+09:00,2026-10-02T18:14:00+09:00,2026-09-30T23:59:59+09:00,0,MERCURY|MARS|PLUTO,MERCURY:SCORPIO|MARS:LEO|PLUTO:AQUARIUS,MERCURY-MARS:90|MERCURY-PLUTO:90|MARS-PLUTO:180,3,3,not_applicable,MERCURY,10,5,anchor_house,MERCURY|MARS|PLUTO,swiss_ephemeris,MERCURY:MARS:90:2026-10-02|MARS:PLUTO:180:2026-10-03,month_end,SEP_MONTH_END_PRESSURE,,95,100,注目を集める発表を審査と許可へ戻す,{event_date}は、作品や企画を大きな場へ出す機会に気持ちが高まり、審査前の版や許可待ちの素材まで見せたくなりそうです。完成した部分、修正が必要な箇所、公開権を持つ人を分けてください。宣伝文へ確定事項だけを載せ、公開範囲を段階的に広げると、表現の勢いと職業上の信用を両方守れます。,t_square;mercury;mars;pluto;builds_into_2026-10,1
2026_09_MONTH_END_TSQUARE_BUILDING_S10_N06,2026_09_MONTH_END_TSQUARE_BUILDING,2026-09,aspect_cluster,2026-09-30T00:00:00+09:00,2026-10-02T18:14:00+09:00,2026-09-30T23:59:59+09:00,0,MERCURY|MARS|PLUTO,MERCURY:SCORPIO|MARS:LEO|PLUTO:AQUARIUS,MERCURY-MARS:90|MERCURY-PLUTO:90|MARS-PLUTO:180,3,3,not_applicable,MERCURY,10,6,anchor_house,MERCURY|MARS|PLUTO,swiss_ephemeris,MERCURY:MARS:90:2026-10-02|MARS:PLUTO:180:2026-10-03,month_end,SEP_MONTH_END_PRESSURE,,95,100,管理職の緊急指示を担当と停止基準へ戻す,{event_date}は、納期や障害への対応を急ぐほど、現場へ同時に多くの指示を出し、誰が最終判断するかが曖昧になりそうです。担当者、作業の優先順位、安全や品質のために止める条件を明示してください。進捗を確認する時刻を一つ決め、途中の追加指示を集約すると、肩書の圧力を混乱ではなく実行可能な指揮へ変えられます。,t_square;mercury;mars;pluto;builds_into_2026-10,1
2026_09_MONTH_END_TSQUARE_BUILDING_S10_N07,2026_09_MONTH_END_TSQUARE_BUILDING,2026-09,aspect_cluster,2026-09-30T00:00:00+09:00,2026-10-02T18:14:00+09:00,2026-09-30T23:59:59+09:00,0,MERCURY|MARS|PLUTO,MERCURY:SCORPIO|MARS:LEO|PLUTO:AQUARIUS,MERCURY-MARS:90|MERCURY-PLUTO:90|MARS-PLUTO:180,3,3,not_applicable,MERCURY,10,7,anchor_house,MERCURY|MARS|PLUTO,swiss_ephemeris,MERCURY:MARS:90:2026-10-02|MARS:PLUTO:180:2026-10-03,month_end,SEP_MONTH_END_PRESSURE,,95,100,公の共同発表を二者の承認文へ揃える,{event_date}は、提携先と早く成果を示そうとして、片方の了解だけで名称や条件を公表したくなるかもしれません。最終文面、ロゴや肩書の表記、質問へ答える担当を双方で確認してください。変更履歴のある一つの文書へ承認を残し、公開時刻を揃えると、協力関係を保ちながら責任の所在を明確にできます。,t_square;mercury;mars;pluto;builds_into_2026-10,1
2026_09_MONTH_END_TSQUARE_BUILDING_S10_N08,2026_09_MONTH_END_TSQUARE_BUILDING,2026-09,aspect_cluster,2026-09-30T00:00:00+09:00,2026-10-02T18:14:00+09:00,2026-09-30T23:59:59+09:00,0,MERCURY|MARS|PLUTO,MERCURY:SCORPIO|MARS:LEO|PLUTO:AQUARIUS,MERCURY-MARS:90|MERCURY-PLUTO:90|MARS-PLUTO:180,3,3,not_applicable,MERCURY,10,8,anchor_house,MERCURY|MARS|PLUTO,swiss_ephemeris,MERCURY:MARS:90:2026-10-02|MARS:PLUTO:180:2026-10-03,month_end,SEP_MONTH_END_PRESSURE,,95,100,機密を伴う決裁を監査証跡へ戻す,{event_date}は、予算や重要情報を守るための緊急判断で、通常の記録を後回しにしたくなるかもしれません。アクセスした資料、例外を認めた権限者、使用した金額と目的をその場で残してください。閲覧範囲を必要な人へ絞り、暫定措置の終了条件を設定すると、迅速な対応を不透明な管理へ変えずに済みます。,t_square;mercury;mars;pluto;builds_into_2026-10,1
2026_09_MONTH_END_TSQUARE_BUILDING_S10_N09,2026_09_MONTH_END_TSQUARE_BUILDING,2026-09,aspect_cluster,2026-09-30T00:00:00+09:00,2026-10-02T18:14:00+09:00,2026-09-30T23:59:59+09:00,0,MERCURY|MARS|PLUTO,MERCURY:SCORPIO|MARS:LEO|PLUTO:AQUARIUS,MERCURY-MARS:90|MERCURY-PLUTO:90|MARS-PLUTO:180,3,3,not_applicable,MERCURY,10,9,anchor_house,MERCURY|MARS|PLUTO,swiss_ephemeris,MERCURY:MARS:90:2026-10-02|MARS:PLUTO:180:2026-10-03,month_end,SEP_MONTH_END_PRESSURE,,95,100,海外案件の公的判断を現地規則へ戻す,{event_date}は、海外案件や制度変更について結論を求められ、翻訳された要約だけで組織の方針を決めたくなりそうです。原文の適用地域、現地機関の案内、専門家へ確認する論点を分けてください。暫定判断であることと再確認の期限を公に示すと、立場の強さで不確かな解釈を押し通さずに済みます。,t_square;mercury;mars;pluto;builds_into_2026-10,1
2026_09_MONTH_END_TSQUARE_BUILDING_S10_N10,2026_09_MONTH_END_TSQUARE_BUILDING,2026-09,aspect_cluster,2026-09-30T00:00:00+09:00,2026-10-02T18:14:00+09:00,2026-09-30T23:59:59+09:00,0,MERCURY|MARS|PLUTO,MERCURY:SCORPIO|MARS:LEO|PLUTO:AQUARIUS,MERCURY-MARS:90|MERCURY-PLUTO:90|MARS-PLUTO:180,3,3,not_applicable,MERCURY,10,10,anchor_house,MERCURY|MARS|PLUTO,swiss_ephemeris,MERCURY:MARS:90:2026-10-02|MARS:PLUTO:180:2026-10-03,month_end,SEP_MONTH_END_PRESSURE,,95,100,重大決裁を肩書ではなく承認経路へ戻す,{event_date}は、責任ある立場だから自分が即座に決めるべきだと感じ、通常の審議や異論を省きたくなるかもしれません。決裁権の上限、意見を求める部署、実行前に必要な署名を確認してください。判断理由と反対意見を議事記録へ残し、再評価する条件を置くと、速さと組織への説明責任を両立できます。,t_square;mercury;mars;pluto;builds_into_2026-10,1
2026_09_MONTH_END_TSQUARE_BUILDING_S10_N11,2026_09_MONTH_END_TSQUARE_BUILDING,2026-09,aspect_cluster,2026-09-30T00:00:00+09:00,2026-10-02T18:14:00+09:00,2026-09-30T23:59:59+09:00,0,MERCURY|MARS|PLUTO,MERCURY:SCORPIO|MARS:LEO|PLUTO:AQUARIUS,MERCURY-MARS:90|MERCURY-PLUTO:90|MARS-PLUTO:180,3,3,not_applicable,MERCURY,10,11,anchor_house,MERCURY|MARS|PLUTO,swiss_ephemeris,MERCURY:MARS:90:2026-10-02|MARS:PLUTO:180:2026-10-03,month_end,SEP_MONTH_END_PRESSURE,,95,100,組織の緊急方針を会議体の決定へ戻す,{event_date}は、仲間や部門をまとめる必要から、声の大きい人の提案を全体方針として急いで採用したくなりそうです。出席者、決定に必要な人数、未回答の関係者を確認してください。議題ごとに賛否と保留理由を記録し、誰が発表するかまで決めると、連帯感を保ちながら手続きのない総意を作らずに済みます。,t_square;mercury;mars;pluto;builds_into_2026-10,1
2026_09_MONTH_END_TSQUARE_BUILDING_S10_N12,2026_09_MONTH_END_TSQUARE_BUILDING,2026-09,aspect_cluster,2026-09-30T00:00:00+09:00,2026-10-02T18:14:00+09:00,2026-09-30T23:59:59+09:00,0,MERCURY|MARS|PLUTO,MERCURY:SCORPIO|MARS:LEO|PLUTO:AQUARIUS,MERCURY-MARS:90|MERCURY-PLUTO:90|MARS-PLUTO:180,3,3,not_applicable,MERCURY,10,12,anchor_house,MERCURY|MARS|PLUTO,swiss_ephemeris,MERCURY:MARS:90:2026-10-02|MARS:PLUTO:180:2026-10-03,month_end,SEP_MONTH_END_PRESSURE,,95,100,表に出せない懸念を非公開の相談へ戻す,{event_date}は、公の立場を守ろうとして、判断への違和感や疲れを誰にも見せず処理したくなるかもしれません。確認できた問題、自分の不安、守秘が必要な情報を分けてください。正式な相談窓口や信頼できる助言者へ非公開で経緯を伝え、その日は最終決定を避けると、沈黙を抱え込まず責任ある次の一手を選べます。,t_square;mercury;mars;pluto;builds_into_2026-10,1
2026_09_MONTH_END_TSQUARE_BUILDING_S11_N01,2026_09_MONTH_END_TSQUARE_BUILDING,2026-09,aspect_cluster,2026-09-30T00:00:00+09:00,2026-10-02T18:14:00+09:00,2026-09-30T23:59:59+09:00,0,MERCURY|MARS|PLUTO,MERCURY:SCORPIO|MARS:LEO|PLUTO:AQUARIUS,MERCURY-MARS:90|MERCURY-PLUTO:90|MARS-PLUTO:180,3,3,not_applicable,MERCURY,11,1,anchor_house,MERCURY|MARS|PLUTO,swiss_ephemeris,MERCURY:MARS:90:2026-10-02|MARS:PLUTO:180:2026-10-03,month_end,SEP_MONTH_END_PRESSURE,,95,100,集団の急な役割を自分の同意から選び直す,{event_date}は、仲間から司会や代表を急に頼まれ、期待へ応えるため予定以上の責任を引き受けやすい時です。決められる範囲、使える時間、代わりを頼める人を確認してください。役割名だけで承諾せず、最初の一件と終了条件を自分の言葉で返すと、集団の勢いに飲まれず主体的に参加できます。,t_square;mercury;mars;pluto;builds_into_2026-10,1
2026_09_MONTH_END_TSQUARE_BUILDING_S11_N02,2026_09_MONTH_END_TSQUARE_BUILDING,2026-09,aspect_cluster,2026-09-30T00:00:00+09:00,2026-10-02T18:14:00+09:00,2026-09-30T23:59:59+09:00,0,MERCURY|MARS|PLUTO,MERCURY:SCORPIO|MARS:LEO|PLUTO:AQUARIUS,MERCURY-MARS:90|MERCURY-PLUTO:90|MARS-PLUTO:180,3,3,not_applicable,MERCURY,11,2,anchor_house,MERCURY|MARS|PLUTO,swiss_ephemeris,MERCURY:MARS:90:2026-10-02|MARS:PLUTO:180:2026-10-03,month_end,SEP_MONTH_END_PRESSURE,,95,100,共同企画の追加拠出を予算表へ戻す,{event_date}は、共同企画を止めないため追加の会費や立替を求められ、その場の連帯感で金額を決めたくなるかもしれません。現在残高、確定支出、参加者ごとの負担上限を同じ表で確認してください。寄付、貸付、返金可能な預け金を区別し、決済前に記録へ残すと、友情と家計を混同せず支援できます。,t_square;mercury;mars;pluto;builds_into_2026-10,1
2026_09_MONTH_END_TSQUARE_BUILDING_S11_N03,2026_09_MONTH_END_TSQUARE_BUILDING,2026-09,aspect_cluster,2026-09-30T00:00:00+09:00,2026-10-02T18:14:00+09:00,2026-09-30T23:59:59+09:00,0,MERCURY|MARS|PLUTO,MERCURY:SCORPIO|MARS:LEO|PLUTO:AQUARIUS,MERCURY-MARS:90|MERCURY-PLUTO:90|MARS-PLUTO:180,3,3,not_applicable,MERCURY,11,3,anchor_house,MERCURY|MARS|PLUTO,swiss_ephemeris,MERCURY:MARS:90:2026-10-02|MARS:PLUTO:180:2026-10-03,month_end,SEP_MONTH_END_PRESSURE,,95,100,連投する議論を決定事項と質問へ分ける,{event_date}は、グループチャットの意見が一気に増え、早く流れをまとめようとして未回答の問いまで決定扱いにしやすい時です。確定事項、提案、返信が必要な人を別の見出しへ移してください。通知を一度止め、要約を投稿して確認時間を置くと、発言量の多さではなく内容を基に次の行動を選べます。,t_square;mercury;mars;pluto;builds_into_2026-10,1
2026_09_MONTH_END_TSQUARE_BUILDING_S11_N04,2026_09_MONTH_END_TSQUARE_BUILDING,2026-09,aspect_cluster,2026-09-30T00:00:00+09:00,2026-10-02T18:14:00+09:00,2026-09-30T23:59:59+09:00,0,MERCURY|MARS|PLUTO,MERCURY:SCORPIO|MARS:LEO|PLUTO:AQUARIUS,MERCURY-MARS:90|MERCURY-PLUTO:90|MARS-PLUTO:180,3,3,not_applicable,MERCURY,11,4,anchor_house,MERCURY|MARS|PLUTO,swiss_ephemeris,MERCURY:MARS:90:2026-10-02|MARS:PLUTO:180:2026-10-03,month_end,SEP_MONTH_END_PRESSURE,,95,100,集会の急な変更を家の許可と人数へ戻す,{event_date}は、仲間の集まりや支援活動の場所を急に確保しようとして、自宅や家族の設備を当然に使えると思いやすい時です。来訪人数、利用時間、鍵や片付けの担当を暮らす人全員へ確認してください。別会場やオンライン案も残し、明確な同意が揃ってから案内すると、善意の集まりを家庭の負担へ変えずに済みます。,t_square;mercury;mars;pluto;builds_into_2026-10,1
2026_09_MONTH_END_TSQUARE_BUILDING_S11_N05,2026_09_MONTH_END_TSQUARE_BUILDING,2026-09,aspect_cluster,2026-09-30T00:00:00+09:00,2026-10-02T18:14:00+09:00,2026-09-30T23:59:59+09:00,0,MERCURY|MARS|PLUTO,MERCURY:SCORPIO|MARS:LEO|PLUTO:AQUARIUS,MERCURY-MARS:90|MERCURY-PLUTO:90|MARS-PLUTO:180,3,3,not_applicable,MERCURY,11,5,anchor_house,MERCURY|MARS|PLUTO,swiss_ephemeris,MERCURY:MARS:90:2026-10-02|MARS:PLUTO:180:2026-10-03,month_end,SEP_MONTH_END_PRESSURE,,95,100,共同イベントの熱を出演条件へ戻す,{event_date}は、仲間と作る催しを盛り上げるため、出演や作品提供を正式な確認より先に告知したくなるかもしれません。参加者の希望、使用できる作品、子どもを含む観客への配慮を分けてください。試演の範囲と取消方法を案内へ添えると、遊び心を保ちながら誰かの好意を既定路線にせず進められます。,t_square;mercury;mars;pluto;builds_into_2026-10,1
2026_09_MONTH_END_TSQUARE_BUILDING_S11_N06,2026_09_MONTH_END_TSQUARE_BUILDING,2026-09,aspect_cluster,2026-09-30T00:00:00+09:00,2026-10-02T18:14:00+09:00,2026-09-30T23:59:59+09:00,0,MERCURY|MARS|PLUTO,MERCURY:SCORPIO|MARS:LEO|PLUTO:AQUARIUS,MERCURY-MARS:90|MERCURY-PLUTO:90|MARS-PLUTO:180,3,3,not_applicable,MERCURY,11,6,anchor_house,MERCURY|MARS|PLUTO,swiss_ephemeris,MERCURY:MARS:90:2026-10-02|MARS:PLUTO:180:2026-10-03,month_end,SEP_MONTH_END_PRESSURE,,95,100,善意の追加当番を稼働時間と交代へ戻す,{event_date}は、活動の遅れを埋めるため、動ける人へ次々に作業を集めたくなりそうです。必要な作業時間、現在の担当、交代できる時刻を一覧にしてください。緊急度の低い仕事を翌週へ移し、休む人の連絡先を求めない時間も決めると、善意を消耗させず実務を回せます。,t_square;mercury;mars;pluto;builds_into_2026-10,1
2026_09_MONTH_END_TSQUARE_BUILDING_S11_N07,2026_09_MONTH_END_TSQUARE_BUILDING,2026-09,aspect_cluster,2026-09-30T00:00:00+09:00,2026-10-02T18:14:00+09:00,2026-09-30T23:59:59+09:00,0,MERCURY|MARS|PLUTO,MERCURY:SCORPIO|MARS:LEO|PLUTO:AQUARIUS,MERCURY-MARS:90|MERCURY-PLUTO:90|MARS-PLUTO:180,3,3,not_applicable,MERCURY,11,7,anchor_house,MERCURY|MARS|PLUTO,swiss_ephemeris,MERCURY:MARS:90:2026-10-02|MARS:PLUTO:180:2026-10-03,month_end,SEP_MONTH_END_PRESSURE,,95,100,仲間の要望と二人の合意を別々に扱う,{event_date}は、友人やチームから関係や契約の結論を急かされ、当事者二人の相談より集団の都合を優先しやすい時です。二人だけで決める条件、仲間へ共有する範囲、返答できる期限を分けてください。第三者の前で即答せず、合意文を双方で読み直すと、協力の輪を保ちながら対等な約束を守れます。,t_square;mercury;mars;pluto;builds_into_2026-10,1
2026_09_MONTH_END_TSQUARE_BUILDING_S11_N08,2026_09_MONTH_END_TSQUARE_BUILDING,2026-09,aspect_cluster,2026-09-30T00:00:00+09:00,2026-10-02T18:14:00+09:00,2026-09-30T23:59:59+09:00,0,MERCURY|MARS|PLUTO,MERCURY:SCORPIO|MARS:LEO|PLUTO:AQUARIUS,MERCURY-MARS:90|MERCURY-PLUTO:90|MARS-PLUTO:180,3,3,not_applicable,MERCURY,11,8,anchor_house,MERCURY|MARS|PLUTO,swiss_ephemeris,MERCURY:MARS:90:2026-10-02|MARS:PLUTO:180:2026-10-03,month_end,SEP_MONTH_END_PRESSURE,,95,100,会員名簿と共同口座を閲覧権限へ戻す,{event_date}は、対応を早めるため、会員情報や共同口座の資料を広い範囲へ共有したくなるかもしれません。閲覧が必要な役割、隠すべき項目、アクセスを終了する時期を確認してください。臨時の共有先にも責任者と目的を記録し、送信前に宛先を照合すると、仲間への信頼を情報の無制限な開放にせずに済みます。,t_square;mercury;mars;pluto;builds_into_2026-10,1
2026_09_MONTH_END_TSQUARE_BUILDING_S11_N09,2026_09_MONTH_END_TSQUARE_BUILDING,2026-09,aspect_cluster,2026-09-30T00:00:00+09:00,2026-10-02T18:14:00+09:00,2026-09-30T23:59:59+09:00,0,MERCURY|MARS|PLUTO,MERCURY:SCORPIO|MARS:LEO|PLUTO:AQUARIUS,MERCURY-MARS:90|MERCURY-PLUTO:90|MARS-PLUTO:180,3,3,not_applicable,MERCURY,11,9,anchor_house,MERCURY|MARS|PLUTO,swiss_ephemeris,MERCURY:MARS:90:2026-10-02|MARS:PLUTO:180:2026-10-03,month_end,SEP_MONTH_END_PRESSURE,,95,100,共同声明の主張を出典と異論へ開く,{event_date}は、社会的な課題や国際交流について強い言葉で結束を示したくなり、異なる立場を迷いとして省きやすい時です。引用する資料、参加者が同意した範囲、併記すべき少数意見を分けてください。翻訳版も含めて最終文を回覧し、署名しない選択を残すと、理念を守りながら多様な参加を続けられます。,t_square;mercury;mars;pluto;builds_into_2026-10,1
2026_09_MONTH_END_TSQUARE_BUILDING_S11_N10,2026_09_MONTH_END_TSQUARE_BUILDING,2026-09,aspect_cluster,2026-09-30T00:00:00+09:00,2026-10-02T18:14:00+09:00,2026-09-30T23:59:59+09:00,0,MERCURY|MARS|PLUTO,MERCURY:SCORPIO|MARS:LEO|PLUTO:AQUARIUS,MERCURY-MARS:90|MERCURY-PLUTO:90|MARS-PLUTO:180,3,3,not_applicable,MERCURY,11,10,anchor_house,MERCURY|MARS|PLUTO,swiss_ephemeris,MERCURY:MARS:90:2026-10-02|MARS:PLUTO:180:2026-10-03,month_end,SEP_MONTH_END_PRESSURE,,95,100,団体の緊急発表を代表権と承認へ戻す,{event_date}は、外部からの注目に応えようとして、正式な代表者が決まる前に団体名で見解を出したくなるかもしれません。発言権を持つ人、承認済みの文面、問い合わせ先を確認してください。個人の意見には肩書を付けず、団体発表は議事録と同じ版に揃えると、仲間の信用を一人の即断へ預けずに済みます。,t_square;mercury;mars;pluto;builds_into_2026-10,1
2026_09_MONTH_END_TSQUARE_BUILDING_S11_N11,2026_09_MONTH_END_TSQUARE_BUILDING,2026-09,aspect_cluster,2026-09-30T00:00:00+09:00,2026-10-02T18:14:00+09:00,2026-09-30T23:59:59+09:00,0,MERCURY|MARS|PLUTO,MERCURY:SCORPIO|MARS:LEO|PLUTO:AQUARIUS,MERCURY-MARS:90|MERCURY-PLUTO:90|MARS-PLUTO:180,3,3,not_applicable,MERCURY,11,11,anchor_house,MERCURY|MARS|PLUTO,swiss_ephemeris,MERCURY:MARS:90:2026-10-02|MARS:PLUTO:180:2026-10-03,month_end,SEP_MONTH_END_PRESSURE,,95,100,多数決を急ぐ議題を定足数と再審へ戻す,{event_date}は、将来計画を早く動かすため、集まった人だけで重要な方針を決めたくなりそうです。定足数、投票できる人、欠席者へ示した資料を確認してください。選択肢ごとの影響と保留理由を議事録へ残し、再検討の条件を先に決めると、速度だけを優先せず納得できる運営を続けられます。,t_square;mercury;mars;pluto;builds_into_2026-10,1
2026_09_MONTH_END_TSQUARE_BUILDING_S11_N12,2026_09_MONTH_END_TSQUARE_BUILDING,2026-09,aspect_cluster,2026-09-30T00:00:00+09:00,2026-10-02T18:14:00+09:00,2026-09-30T23:59:59+09:00,0,MERCURY|MARS|PLUTO,MERCURY:SCORPIO|MARS:LEO|PLUTO:AQUARIUS,MERCURY-MARS:90|MERCURY-PLUTO:90|MARS-PLUTO:180,3,3,not_applicable,MERCURY,11,12,anchor_house,MERCURY|MARS|PLUTO,swiss_ephemeris,MERCURY:MARS:90:2026-10-02|MARS:PLUTO:180:2026-10-03,month_end,SEP_MONTH_END_PRESSURE,,95,100,裏側の憶測を本人確認と休止へ戻す,{event_date}は、仲間の反応が見えないほど非公開の会話を想像し、断片的な伝聞を急いで共有したくなるかもしれません。自分が直接聞いた事実、推測、確認すべき本人を分けてください。出所の曖昧な内容は転送せず、連絡を翌日に回して一人の時間を取ると、集団への不安を噂や排除の判断へ広げずに済みます。,t_square;mercury;mars;pluto;builds_into_2026-10,1
2026_09_MONTH_END_TSQUARE_BUILDING_S12_N01,2026_09_MONTH_END_TSQUARE_BUILDING,2026-09,aspect_cluster,2026-09-30T00:00:00+09:00,2026-10-02T18:14:00+09:00,2026-09-30T23:59:59+09:00,0,MERCURY|MARS|PLUTO,MERCURY:SCORPIO|MARS:LEO|PLUTO:AQUARIUS,MERCURY-MARS:90|MERCURY-PLUTO:90|MARS-PLUTO:180,3,3,not_applicable,MERCURY,12,1,anchor_house,MERCURY|MARS|PLUTO,swiss_ephemeris,MERCURY:MARS:90:2026-10-02|MARS:PLUTO:180:2026-10-03,month_end,SEP_MONTH_END_PRESSURE,,95,100,内側の焦りを身体の許容量から見直す,{event_date}は、表に出していない責任や苛立ちが重なり、平静を保つため自分の疲れを後回しにしやすい時です。返答する前に、呼吸の浅さ、食事、睡眠時間など今の状態を確かめてください。誰にも見せない決断ほど一晩置き、翌朝も納得できる範囲だけ動かすと、内側の圧力を自己攻撃に変えずに済みます。,t_square;mercury;mars;pluto;builds_into_2026-10,1
2026_09_MONTH_END_TSQUARE_BUILDING_S12_N02,2026_09_MONTH_END_TSQUARE_BUILDING,2026-09,aspect_cluster,2026-09-30T00:00:00+09:00,2026-10-02T18:14:00+09:00,2026-09-30T23:59:59+09:00,0,MERCURY|MARS|PLUTO,MERCURY:SCORPIO|MARS:LEO|PLUTO:AQUARIUS,MERCURY-MARS:90|MERCURY-PLUTO:90|MARS-PLUTO:180,3,3,not_applicable,MERCURY,12,2,anchor_house,MERCURY|MARS|PLUTO,swiss_ephemeris,MERCURY:MARS:90:2026-10-02|MARS:PLUTO:180:2026-10-03,month_end,SEP_MONTH_END_PRESSURE,,95,100,見えない支払いを保留口座と照合する,{event_date}は、秘密にしている支出や未処理の請求を早く片付けようとして、確認前に送金や解約を進めたくなるかもしれません。引落予定、返金条件、生活費として残す額を一枚に並べてください。夜間の決済は下書きまでにし、翌日に残高と宛先を再確認すると、不安を埋める出費や取り戻せない操作を避けられます。,t_square;mercury;mars;pluto;builds_into_2026-10,1
2026_09_MONTH_END_TSQUARE_BUILDING_S12_N03,2026_09_MONTH_END_TSQUARE_BUILDING,2026-09,aspect_cluster,2026-09-30T00:00:00+09:00,2026-10-02T18:14:00+09:00,2026-09-30T23:59:59+09:00,0,MERCURY|MARS|PLUTO,MERCURY:SCORPIO|MARS:LEO|PLUTO:AQUARIUS,MERCURY-MARS:90|MERCURY-PLUTO:90|MARS-PLUTO:180,3,3,not_applicable,MERCURY,12,3,anchor_house,MERCURY|MARS|PLUTO,swiss_ephemeris,MERCURY:MARS:90:2026-10-02|MARS:PLUTO:180:2026-10-03,month_end,SEP_MONTH_END_PRESSURE,,95,100,未送信の言葉を下書きと事実に分ける,{event_date}は、返していない連絡や胸の内の言葉が一度に浮かび、深夜に長文を送りたくなりそうです。相手へ伝える事実、尋ねたいこと、自分だけの感情記録を別々に書いてください。宛先を外した下書きで一度止め、短い確認文だけ翌日に選ぶと、沈黙の蓄積を強い言葉で破らず対話を始められます。,t_square;mercury;mars;pluto;builds_into_2026-10,1
2026_09_MONTH_END_TSQUARE_BUILDING_S12_N04,2026_09_MONTH_END_TSQUARE_BUILDING,2026-09,aspect_cluster,2026-09-30T00:00:00+09:00,2026-10-02T18:14:00+09:00,2026-09-30T23:59:59+09:00,0,MERCURY|MARS|PLUTO,MERCURY:SCORPIO|MARS:LEO|PLUTO:AQUARIUS,MERCURY-MARS:90|MERCURY-PLUTO:90|MARS-PLUTO:180,3,3,not_applicable,MERCURY,12,4,anchor_house,MERCURY|MARS|PLUTO,swiss_ephemeris,MERCURY:MARS:90:2026-10-02|MARS:PLUTO:180:2026-10-03,month_end,SEP_MONTH_END_PRESSURE,,95,100,家庭内の緊急判断を静かな役割表へ移す,{event_date}は、家の中で表にしにくい不満や急な修繕判断が重なり、一人で話を決めてしまいたくなるかもしれません。今夜必要な対応、家族の同意が要る変更、専門家へ尋ねる点を分けてください。鍵、費用、連絡担当を紙へ残し、感情の話は安全な時間へ移すと、閉じた場の圧力を独断にせず扱えます。,t_square;mercury;mars;pluto;builds_into_2026-10,1
2026_09_MONTH_END_TSQUARE_BUILDING_S12_N05,2026_09_MONTH_END_TSQUARE_BUILDING,2026-09,aspect_cluster,2026-09-30T00:00:00+09:00,2026-10-02T18:14:00+09:00,2026-09-30T23:59:59+09:00,0,MERCURY|MARS|PLUTO,MERCURY:SCORPIO|MARS:LEO|PLUTO:AQUARIUS,MERCURY-MARS:90|MERCURY-PLUTO:90|MARS-PLUTO:180,3,3,not_applicable,MERCURY,12,5,anchor_house,MERCURY|MARS|PLUTO,swiss_ephemeris,MERCURY:MARS:90:2026-10-02|MARS:PLUTO:180:2026-10-03,month_end,SEP_MONTH_END_PRESSURE,,95,100,非公開の創作を公開ボタンから遠ざける,{event_date}は、見せていない作品や恋心に強い結論を付け、勢いで公開や告白まで進めたくなるかもしれません。完成度の確認、相手の受け取り方、取り下げ可能な範囲を別々に考えてください。限定した相手へ試作を見せるか、翌日まで非公開を保つと、創造の熱を守りながら後戻りできない演出を避けられます。,t_square;mercury;mars;pluto;builds_into_2026-10,1
2026_09_MONTH_END_TSQUARE_BUILDING_S12_N06,2026_09_MONTH_END_TSQUARE_BUILDING,2026-09,aspect_cluster,2026-09-30T00:00:00+09:00,2026-10-02T18:14:00+09:00,2026-09-30T23:59:59+09:00,0,MERCURY|MARS|PLUTO,MERCURY:SCORPIO|MARS:LEO|PLUTO:AQUARIUS,MERCURY-MARS:90|MERCURY-PLUTO:90|MARS-PLUTO:180,3,3,not_applicable,MERCURY,12,6,anchor_house,MERCURY|MARS|PLUTO,swiss_ephemeris,MERCURY:MARS:90:2026-10-02|MARS:PLUTO:180:2026-10-03,month_end,SEP_MONTH_END_PRESSURE,,95,100,舞台裏の残業を停止条件と引継ぎへ変える,{event_date}は、誰にも見えない遅れを取り戻すため、休む時間まで使って作業を完了させたくなりそうです。今日中に必要な一件、保留できる項目、引き継ぐ相手を明記してください。端末を閉じる時刻と未完了の理由を記録し、翌朝に優先順位を渡すと、裏方の責任を際限のない稼働へ変えずに済みます。,t_square;mercury;mars;pluto;builds_into_2026-10,1
2026_09_MONTH_END_TSQUARE_BUILDING_S12_N07,2026_09_MONTH_END_TSQUARE_BUILDING,2026-09,aspect_cluster,2026-09-30T00:00:00+09:00,2026-10-02T18:14:00+09:00,2026-09-30T23:59:59+09:00,0,MERCURY|MARS|PLUTO,MERCURY:SCORPIO|MARS:LEO|PLUTO:AQUARIUS,MERCURY-MARS:90|MERCURY-PLUTO:90|MARS-PLUTO:180,3,3,not_applicable,MERCURY,12,7,anchor_house,MERCURY|MARS|PLUTO,swiss_ephemeris,MERCURY:MARS:90:2026-10-02|MARS:PLUTO:180:2026-10-03,month_end,SEP_MONTH_END_PRESSURE,,95,100,言えない違和感を沈黙ではなく予約へ置く,{event_date}は、関係を乱さないよう抱えてきた違和感が強まり、説明せず距離を切るか、逆に一気に問い詰めたくなるかもしれません。今すぐ必要な境界、確認したい事実、話せる時間帯を整理してください。短い保留の連絡と対話の候補日時を示すと、内側の圧力を無言の拒絶や即断へ変えずに済みます。,t_square;mercury;mars;pluto;builds_into_2026-10,1
2026_09_MONTH_END_TSQUARE_BUILDING_S12_N08,2026_09_MONTH_END_TSQUARE_BUILDING,2026-09,aspect_cluster,2026-09-30T00:00:00+09:00,2026-10-02T18:14:00+09:00,2026-09-30T23:59:59+09:00,0,MERCURY|MARS|PLUTO,MERCURY:SCORPIO|MARS:LEO|PLUTO:AQUARIUS,MERCURY-MARS:90|MERCURY-PLUTO:90|MARS-PLUTO:180,3,3,not_applicable,MERCURY,12,8,anchor_house,MERCURY|MARS|PLUTO,swiss_ephemeris,MERCURY:MARS:90:2026-10-02|MARS:PLUTO:180:2026-10-03,month_end,SEP_MONTH_END_PRESSURE,,95,100,秘密の共有処理を権限と二重確認へ戻す,{event_date}は、共同資金や預かった情報の問題を急いで終わらせようとして、単独で送金、削除、権限変更を行いたくなるかもしれません。実行できる人、承認が必要な金額、復元方法を確認してください。画面の記録と確認者の返答が揃うまで操作を保留すると、秘密を守る意図を取り返せない処理へ結び付けずに済みます。,t_square;mercury;mars;pluto;builds_into_2026-10,1
2026_09_MONTH_END_TSQUARE_BUILDING_S12_N09,2026_09_MONTH_END_TSQUARE_BUILDING,2026-09,aspect_cluster,2026-09-30T00:00:00+09:00,2026-10-02T18:14:00+09:00,2026-09-30T23:59:59+09:00,0,MERCURY|MARS|PLUTO,MERCURY:SCORPIO|MARS:LEO|PLUTO:AQUARIUS,MERCURY-MARS:90|MERCURY-PLUTO:90|MARS-PLUTO:180,3,3,not_applicable,MERCURY,12,9,anchor_house,MERCURY|MARS|PLUTO,swiss_ephemeris,MERCURY:MARS:90:2026-10-02|MARS:PLUTO:180:2026-10-03,month_end,SEP_MONTH_END_PRESSURE,,95,100,夜に固まる信念を反対資料へ開いておく,{event_date}は、一人で調べ続けるほど特定の解釈が確信に変わり、学びや遠方の計画を急に決めたくなるかもしれません。根拠にした資料、まだ読んでいない反対意見、実務上の期限を分けてください。申込みや発信を翌日に回し、信頼できる人へ論点だけ見せると、深い集中を閉じた思い込みにせず活用できます。,t_square;mercury;mars;pluto;builds_into_2026-10,1
2026_09_MONTH_END_TSQUARE_BUILDING_S12_N10,2026_09_MONTH_END_TSQUARE_BUILDING,2026-09,aspect_cluster,2026-09-30T00:00:00+09:00,2026-10-02T18:14:00+09:00,2026-09-30T23:59:59+09:00,0,MERCURY|MARS|PLUTO,MERCURY:SCORPIO|MARS:LEO|PLUTO:AQUARIUS,MERCURY-MARS:90|MERCURY-PLUTO:90|MARS-PLUTO:180,3,3,not_applicable,MERCURY,12,10,anchor_house,MERCURY|MARS|PLUTO,swiss_ephemeris,MERCURY:MARS:90:2026-10-02|MARS:PLUTO:180:2026-10-03,month_end,SEP_MONTH_END_PRESSURE,,95,100,非公開案件の決裁を相談経路へつなぐ,{event_date}は、公表できない職務上の問題を早く収めようとして、記録を残さず決裁や指示を進めたくなるかもしれません。守秘が必要な範囲、正式に相談できる担当、後から説明できる根拠を確認してください。個人メモと承認版を分け、実行前に一人の確認者を通すと、機密性を独断の理由にせず責任を守れます。,t_square;mercury;mars;pluto;builds_into_2026-10,1
2026_09_MONTH_END_TSQUARE_BUILDING_S12_N11,2026_09_MONTH_END_TSQUARE_BUILDING,2026-09,aspect_cluster,2026-09-30T00:00:00+09:00,2026-10-02T18:14:00+09:00,2026-09-30T23:59:59+09:00,0,MERCURY|MARS|PLUTO,MERCURY:SCORPIO|MARS:LEO|PLUTO:AQUARIUS,MERCURY-MARS:90|MERCURY-PLUTO:90|MARS-PLUTO:180,3,3,not_applicable,MERCURY,12,11,anchor_house,MERCURY|MARS|PLUTO,swiss_ephemeris,MERCURY:MARS:90:2026-10-02|MARS:PLUTO:180:2026-10-03,month_end,SEP_MONTH_END_PRESSURE,,95,100,裏方の集団負担に退出と交代を用意する,{event_date}は、仲間の場を静かに支えてきた人へ相談や調整が集中し、誰にも知らせず抱え込むか突然抜けたくなりそうです。見えない担当、返答できない時間、代わりに共有する窓口を一覧にしてください。休止の告知と引継ぎ期限を短く示すと、集団への責任を自己犠牲や無断の離脱へ振らずに済みます。,t_square;mercury;mars;pluto;builds_into_2026-10,1
2026_09_MONTH_END_TSQUARE_BUILDING_S12_N12,2026_09_MONTH_END_TSQUARE_BUILDING,2026-09,aspect_cluster,2026-09-30T00:00:00+09:00,2026-10-02T18:14:00+09:00,2026-09-30T23:59:59+09:00,0,MERCURY|MARS|PLUTO,MERCURY:SCORPIO|MARS:LEO|PLUTO:AQUARIUS,MERCURY-MARS:90|MERCURY-PLUTO:90|MARS-PLUTO:180,3,3,not_applicable,MERCURY,12,12,anchor_house,MERCURY|MARS|PLUTO,swiss_ephemeris,MERCURY:MARS:90:2026-10-02|MARS:PLUTO:180:2026-10-03,month_end,SEP_MONTH_END_PRESSURE,,95,100,深夜の結論を記録だけに留めて休む,{event_date}は、眠る前ほど未解決の問題が大きく感じられ、頭の中で最終判断まで進めたくなるかもしれません。今浮かぶ懸念、明日確認できる事実、今夜は扱わない問いを三つに分けて記録してください。連絡や削除はせず、照明と端末を閉じて休む時間を先に守ると、内面の強さを消耗する反復ではなく翌日の判断材料へ変えられます。,t_square;mercury;mars;pluto;builds_into_2026-10,1
