Template_ID,Month_ID,Section_Order,Planet,Event_Type,Transit_Sign_From,Transit_Sign_To,Solar_House_From,Solar_House_To,Natal_House_From,Natal_House_To,Natal_House_At_Event,Date_Source,Date_Key,Date_Precision,Paragraph_Template,Priority,Active_Flag
2026_08_SIGN_VENUS_VIRGO_LIBRA_S12_S01_N01,2026-08,30,VENUS,sign_ingress,VIRGO,LIBRA,12,1,ANY,ANY,1,transit_calendar,VENUS:sign_ingress:LIBRA,exact_day,金星が{event_date}に天秤座へ移ると、静かに自分を整えてきた流れが表へ向かい、装いや振る舞いに自然な明るさが戻ります。人からどう見えるかだけでなく、自分が心地よい服装や髪型、過ごし方を選ぶほど、新しい一歩を無理なく始めやすくなるでしょう。,100,1
2026_08_SIGN_VENUS_VIRGO_LIBRA_S12_S01_N02,2026-08,30,VENUS,sign_ingress,VIRGO,LIBRA,12,1,ANY,ANY,2,transit_calendar,VENUS:sign_ingress:LIBRA,exact_day,金星が{event_date}に天秤座へ移ると、内側で育ててきた好みや価値観を、自分の選択として表に出しやすくなります。買い物や収入への期待を膨らませるより、長く使いたい物や本当に心が満たされる時間を選ぶことが、安心感と自己評価を整える助けになります。,100,1
2026_08_SIGN_VENUS_VIRGO_LIBRA_S12_S01_N03,2026-08,30,VENUS,sign_ingress,VIRGO,LIBRA,12,1,ANY,ANY,3,transit_calendar,VENUS:sign_ingress:LIBRA,exact_day,{event_date}に金星が天秤座へ移ると、控えていた言葉が柔らかく外へ向かい、身近な人との会話や学びに軽さが戻ります。連絡を一度に増やすより、気になっていた相手へ丁寧に声をかけたり、興味のある情報を少しずつ集めたりすると、自分らしい交流の形をつかみやすいでしょう。,100,1
2026_08_SIGN_VENUS_VIRGO_LIBRA_S12_S01_N04,2026-08,30,VENUS,sign_ingress,VIRGO,LIBRA,12,1,ANY,ANY,4,transit_calendar,VENUS:sign_ingress:LIBRA,exact_day,金星が{event_date}に天秤座へ移ると、自分らしさを見せたい気持ちが戻る一方で、家庭や居場所の心地よさも大切になります。外向きの印象を整えるだけでなく、部屋の配置や家族との時間を穏やかに調整すると、安心できる土台から自然に人前へ出やすくなるでしょう。,100,1
2026_08_SIGN_VENUS_VIRGO_LIBRA_S12_S01_N05,2026-08,30,VENUS,sign_ingress,VIRGO,LIBRA,12,1,ANY,ANY,5,transit_calendar,VENUS:sign_ingress:LIBRA,exact_day,{event_date}に金星が天秤座へ移ると、内側で温めていた楽しみや創作意欲が表へ出やすくなり、恋愛や趣味にも明るい手応えが戻ります。注目を集めることを急がず、自分が本当に面白いと思える表現や遊びを選ぶほど、魅力が無理なく周囲へ伝わりやすい時です。,100,1
2026_08_SIGN_VENUS_VIRGO_LIBRA_S12_S01_N06,2026-08,30,VENUS,sign_ingress,VIRGO,LIBRA,12,1,ANY,ANY,6,transit_calendar,VENUS:sign_ingress:LIBRA,exact_day,金星が{event_date}に天秤座へ移ると、気分や身だしなみを整えたい意欲が戻り、仕事や日課にも心地よいリズムを作りやすくなります。予定を詰めて一気に挽回するより、作業環境、食事、休息など毎日の小さな習慣を好みに合わせて調整すると、軽やかさを保ちやすいでしょう。,100,1
2026_08_SIGN_VENUS_VIRGO_LIBRA_S12_S01_N07,2026-08,30,VENUS,sign_ingress,VIRGO,LIBRA,12,1,ANY,ANY,7,transit_calendar,VENUS:sign_ingress:LIBRA,exact_day,{event_date}に金星が天秤座へ移ると、閉じていた気持ちが対人関係へ向かい、自分から人と会うことや好意を示すことが自然になります。相手に合わせて印象を良くするだけでなく、自分の希望も穏やかに伝えることで、無理のない距離感や協力の形を見つけやすくなるでしょう。,100,1
2026_08_SIGN_VENUS_VIRGO_LIBRA_S12_S01_N08,2026-08,30,VENUS,sign_ingress,VIRGO,LIBRA,12,1,ANY,ANY,8,transit_calendar,VENUS:sign_ingress:LIBRA,exact_day,金星が{event_date}に天秤座へ移ると、自分を表現する明るさが戻ると同時に、親しい関係や共有するお金についても向き合いやすくなります。好意だけで曖昧にせず、負担や境界線を静かに確かめることが、信頼を深めながら自分らしさを守る助けになります。,100,1
2026_08_SIGN_VENUS_VIRGO_LIBRA_S12_S01_N09,2026-08,30,VENUS,sign_ingress,VIRGO,LIBRA,12,1,ANY,ANY,9,transit_calendar,VENUS:sign_ingress:LIBRA,exact_day,{event_date}に金星が天秤座へ移ると、休息の中で育った関心が外の世界へ向かい、学び、遠出、新しい文化との接点に楽しみを見いだしやすくなります。大きな予定を急いで決めるより、読みたい本や訪れたい場所を一つ選び、視野を広げるきっかけから始めるとよいでしょう。,100,1
2026_08_SIGN_VENUS_VIRGO_LIBRA_S12_S01_N10,2026-08,30,VENUS,sign_ingress,VIRGO,LIBRA,12,1,ANY,ANY,10,transit_calendar,VENUS:sign_ingress:LIBRA,exact_day,金星が{event_date}に天秤座へ移ると、内側で整えてきた魅力や感性を、仕事や公的な役割の中で見せやすくなります。評価を得ようと役割を抱えすぎるより、伝え方、装い、成果物の見せ方を丁寧に整えることが、自分に合う立ち位置を確かめる助けになるでしょう。,100,1
2026_08_SIGN_VENUS_VIRGO_LIBRA_S12_S01_N11,2026-08,30,VENUS,sign_ingress,VIRGO,LIBRA,12,1,ANY,ANY,11,transit_calendar,VENUS:sign_ingress:LIBRA,exact_day,{event_date}に金星が天秤座へ移ると、一人で温めていた希望を友人や仲間と分かち合いやすくなり、交流の場へ戻るきっかけが生まれます。誘いの数を増やすより、価値観の合う相手や続けたい活動を選ぶことで、これからの計画を心地よい人間関係の中で育てられるでしょう。,100,1
2026_08_SIGN_VENUS_VIRGO_LIBRA_S12_S01_N12,2026-08,30,VENUS,sign_ingress,VIRGO,LIBRA,12,1,ANY,ANY,12,transit_calendar,VENUS:sign_ingress:LIBRA,exact_day,金星が{event_date}に天秤座へ移ると、外見や振る舞いには明るさが戻りますが、心の奥ではまだ静かな休息を求める部分も残ります。人前で元気に見せ続ける必要はありません。一人で楽しめる音楽や美容、睡眠などを大切にすると、内側の回復と新しい自己表現を無理なく両立できます。,100,1
2026_08_SIGN_VENUS_VIRGO_LIBRA_S01_S02_N01,2026-08,30,VENUS,sign_ingress,VIRGO,LIBRA,1,2,ANY,ANY,1,transit_calendar,VENUS:sign_ingress:LIBRA,exact_day,金星が{event_date}に天秤座へ移ると、見た目や振る舞いを整える楽しさが、持ち物やお金の使い方へつながっていきます。自分を良く見せるためだけに選ぶのではなく、身体になじみ長く愛用できる物へ目を向けるほど、落ち着いた自信を日常に定着させやすくなるでしょう。,100,1
2026_08_SIGN_VENUS_VIRGO_LIBRA_S01_S02_N02,2026-08,30,VENUS,sign_ingress,VIRGO,LIBRA,1,2,ANY,ANY,2,transit_calendar,VENUS:sign_ingress:LIBRA,exact_day,{event_date}に金星が天秤座へ移ると、自分の価値を確かめる関心が、収入、買い物、所有する物へはっきり表れます。楽しみを我慢する必要はありませんが、気分だけで出費を重ねず、本当に満足が続くものへ予算を使うことが、安心感を育てる助けになります。,100,1
2026_08_SIGN_VENUS_VIRGO_LIBRA_S01_S02_N03,2026-08,30,VENUS,sign_ingress,VIRGO,LIBRA,1,2,ANY,ANY,3,transit_calendar,VENUS:sign_ingress:LIBRA,exact_day,金星が{event_date}に天秤座へ移ると、会話や学びの中に、自分の得意なことや価値を見つけやすくなります。身近な人との情報交換、文章、短い移動にお金や時間を使うなら、見栄えより実用性を確かめてください。丁寧な伝え方が、今後活かせる小さな強みを育てます。,100,1
2026_08_SIGN_VENUS_VIRGO_LIBRA_S01_S02_N04,2026-08,30,VENUS,sign_ingress,VIRGO,LIBRA,1,2,ANY,ANY,4,transit_calendar,VENUS:sign_ingress:LIBRA,exact_day,{event_date}に金星が天秤座へ移ると、自分らしさを表に出す時期から、暮らしの安心を形にする時期へ移ります。家具や食事、家族との時間に心地よさを求めやすいでしょう。家を飾ることだけでなく、毎月の負担や共有する出費も整えると、落ち着ける基盤を無理なく作れます。,100,1
2026_08_SIGN_VENUS_VIRGO_LIBRA_S01_S02_N05,2026-08,30,VENUS,sign_ingress,VIRGO,LIBRA,1,2,ANY,ANY,5,transit_calendar,VENUS:sign_ingress:LIBRA,exact_day,金星が{event_date}に天秤座へ移ると、趣味、恋愛、創作に使う時間やお金が、自分の喜びを測る手がかりになります。誰かの注目を得るために華やかさを足すより、続けたい遊びや表現へ丁寧に費やすことが大切です。小さな楽しみを選び直すほど、満足感が残りやすくなります。,100,1
2026_08_SIGN_VENUS_VIRGO_LIBRA_S01_S02_N06,2026-08,30,VENUS,sign_ingress,VIRGO,LIBRA,1,2,ANY,ANY,6,transit_calendar,VENUS:sign_ingress:LIBRA,exact_day,{event_date}に金星が天秤座へ移ると、身だしなみや自己表現に向いていた意識が、仕事道具や生活習慣の快適さへ移ります。作業を楽にする物や休息の質を高める工夫には価値がありますが、便利さだけで増やしすぎないこと。毎日使うものを選び直すと、時間と体力の余白も整います。,100,1
2026_08_SIGN_VENUS_VIRGO_LIBRA_S01_S02_N07,2026-08,30,VENUS,sign_ingress,VIRGO,LIBRA,1,2,ANY,ANY,7,transit_calendar,VENUS:sign_ingress:LIBRA,exact_day,金星が{event_date}に天秤座へ移ると、対人関係やお金、自分の価値をめぐる空気が和らぎます。無理に盛り上がるというより、気の合う人との穏やかな交流や身近な楽しみが、今月の流れを支える息抜きになりやすいでしょう。,100,1
2026_08_SIGN_VENUS_VIRGO_LIBRA_S01_S02_N08,2026-08,30,VENUS,sign_ingress,VIRGO,LIBRA,1,2,ANY,ANY,8,transit_calendar,VENUS:sign_ingress:LIBRA,exact_day,金星が{event_date}に天秤座へ移ると、自分の価値を守りながら、共有するお金や親しい関係のバランスを整えやすくなります。立替え、贈り物、共同の支払いは好意だけで曖昧にせず、負担の範囲を穏やかに確認してください。率直な相談が、安心して深く関わるための土台になります。,100,1
2026_08_SIGN_VENUS_VIRGO_LIBRA_S01_S02_N09,2026-08,30,VENUS,sign_ingress,VIRGO,LIBRA,1,2,ANY,ANY,9,transit_calendar,VENUS:sign_ingress:LIBRA,exact_day,{event_date}に金星が天秤座へ移ると、学び、遠出、新しい文化へ使うお金が、視野を広げる楽しみにつながります。憧れだけで大きな予定を決めるより、費用や日程を確かめながら一つの体験を選ぶとよいでしょう。知識や経験への投資が、自分の価値観を豊かにする時です。,100,1
2026_08_SIGN_VENUS_VIRGO_LIBRA_S01_S02_N10,2026-08,30,VENUS,sign_ingress,VIRGO,LIBRA,1,2,ANY,ANY,10,transit_calendar,VENUS:sign_ingress:LIBRA,exact_day,金星が{event_date}に天秤座へ移ると、仕事で何を提供し、どのように評価されたいかを現実的に考えやすくなります。装いや成果物を整える一方、自分の役割や報酬を低く見積もりすぎないことが大切です。丁寧な交渉や見せ方の改善が、公的な立場への納得感を支えます。,100,1
2026_08_SIGN_VENUS_VIRGO_LIBRA_S01_S02_N11,2026-08,30,VENUS,sign_ingress,VIRGO,LIBRA,1,2,ANY,ANY,11,transit_calendar,VENUS:sign_ingress:LIBRA,exact_day,{event_date}に金星が天秤座へ移ると、友人や仲間との楽しみが、今後どこへ時間やお金を使いたいかを教えてくれます。集まりや共同企画では、雰囲気に合わせて負担を引き受けすぎないようにしてください。価値観の合うつながりを選ぶほど、将来の計画も育てやすくなります。,100,1
2026_08_SIGN_VENUS_VIRGO_LIBRA_S01_S02_N12,2026-08,30,VENUS,sign_ingress,VIRGO,LIBRA,1,2,ANY,ANY,12,transit_calendar,VENUS:sign_ingress:LIBRA,exact_day,金星が{event_date}に天秤座へ移ると、表向きの華やかさより、一人で安心して過ごすための小さな楽しみに価値を感じやすくなります。疲れを紛らわせる買い物には注意しつつ、睡眠、音楽、美容など静かに自分を満たすものを選んでください。見えない部分の充足が次の活動を支えます。,100,1
2026_08_SIGN_VENUS_VIRGO_LIBRA_S02_S03_N01,2026-08,30,VENUS,sign_ingress,VIRGO,LIBRA,2,3,ANY,ANY,1,transit_calendar,VENUS:sign_ingress:LIBRA,exact_day,金星が{event_date}に天秤座へ移ると、持ち物やお金を整える関心が、言葉や身近な交流へ移っていきます。自分を良く見せる話し方より、今の好みや考えを素直に伝えることが大切です。服装や表情と発言を一致させるほど、自然体の印象を作りやすくなるでしょう。,100,1
2026_08_SIGN_VENUS_VIRGO_LIBRA_S02_S03_N02,2026-08,30,VENUS,sign_ingress,VIRGO,LIBRA,2,3,ANY,ANY,2,transit_calendar,VENUS:sign_ingress:LIBRA,exact_day,{event_date}に金星が天秤座へ移ると、収入や買い物について一人で考えるより、人と情報を交わすことで選択肢を整理しやすくなります。価格や条件を比べる際は、安さだけで決めず、自分にとっての使いやすさを言葉にしてください。納得できる基準が見えやすくなります。,100,1
2026_08_SIGN_VENUS_VIRGO_LIBRA_S02_S03_N03,2026-08,30,VENUS,sign_ingress,VIRGO,LIBRA,2,3,ANY,ANY,3,transit_calendar,VENUS:sign_ingress:LIBRA,exact_day,金星が{event_date}に天秤座へ移ると、会話、学び、近距離の移動に楽しさが増し、身近な人とのやり取りが軽やかになります。連絡を広げすぎると予定が散らばりやすいため、今後も続けたい交流や興味へ絞ること。丁寧な言葉選びが心地よい関係を育てます。,100,1
2026_08_SIGN_VENUS_VIRGO_LIBRA_S02_S03_N04,2026-08,30,VENUS,sign_ingress,VIRGO,LIBRA,2,3,ANY,ANY,4,transit_calendar,VENUS:sign_ingress:LIBRA,exact_day,{event_date}に金星が天秤座へ移ると、家や家族に関する価値観を、穏やかな会話で確かめやすくなります。住まいの費用や暮らし方を話すなら、正しさを競うより、誰が何を心地よいと感じるかを共有してください。身近な場所の整備にも小さな楽しみを見つけられるでしょう。,100,1
2026_08_SIGN_VENUS_VIRGO_LIBRA_S02_S03_N05,2026-08,30,VENUS,sign_ingress,VIRGO,LIBRA,2,3,ANY,ANY,5,transit_calendar,VENUS:sign_ingress:LIBRA,exact_day,金星が{event_date}に天秤座へ移ると、好きなものを所有する喜びから、それを言葉や作品で表す楽しみへ関心が移ります。恋愛や趣味では、相手の反応を狙いすぎず、自分が面白いと感じる話題を差し出すことが大切です。軽い発信や試作から魅力を育ててください。,100,1
2026_08_SIGN_VENUS_VIRGO_LIBRA_S02_S03_N06,2026-08,30,VENUS,sign_ingress,VIRGO,LIBRA,2,3,ANY,ANY,6,transit_calendar,VENUS:sign_ingress:LIBRA,exact_day,{event_date}に金星が天秤座へ移ると、仕事や日課に役立つ情報を集め、人と共有することが楽になります。道具を増やす前に、手順、連絡方法、予定の組み方を見直すとよいでしょう。職場や身近な相手へ頼み方を柔らかく伝えることで、毎日の負担も調整しやすくなります。,100,1
2026_08_SIGN_VENUS_VIRGO_LIBRA_S02_S03_N07,2026-08,30,VENUS,sign_ingress,VIRGO,LIBRA,2,3,ANY,ANY,7,transit_calendar,VENUS:sign_ingress:LIBRA,exact_day,金星が{event_date}に天秤座へ移ると、自分の価値観を守るだけでなく、相手の考えを聞きながら接点を探しやすくなります。対人関係では、曖昧な同意でその場を収めず、希望や条件を穏やかに言葉へしてください。小さな確認が、無理のない約束や協力につながります。,100,1
2026_08_SIGN_VENUS_VIRGO_LIBRA_S02_S03_N08,2026-08,30,VENUS,sign_ingress,VIRGO,LIBRA,2,3,ANY,ANY,8,transit_calendar,VENUS:sign_ingress:LIBRA,exact_day,{event_date}に金星が天秤座へ移ると、共有するお金や親密な関係について、重くなりすぎず話し合える余地が生まれます。立替えや負担、言いにくかった希望を一度に決着させる必要はありません。相手の事情を聞きながら、自分の境界線も短い言葉で伝えることが大切です。,100,1
2026_08_SIGN_VENUS_VIRGO_LIBRA_S02_S03_N09,2026-08,30,VENUS,sign_ingress,VIRGO,LIBRA,2,3,ANY,ANY,9,transit_calendar,VENUS:sign_ingress:LIBRA,exact_day,金星が{event_date}に天秤座へ移ると、身近な会話の中に、学びや遠い世界へつながる入口を見つけやすくなります。気になる本、講座、旅の話を人と交わし、まず一つ調べてみてください。知識を飾るより、自分の言葉で説明し直すことが視野を広げる助けになります。,100,1
2026_08_SIGN_VENUS_VIRGO_LIBRA_S02_S03_N10,2026-08,30,VENUS,sign_ingress,VIRGO,LIBRA,2,3,ANY,ANY,10,transit_calendar,VENUS:sign_ingress:LIBRA,exact_day,{event_date}に金星が天秤座へ移ると、仕事上の価値や評価を、伝え方や人との接点から見直しやすくなります。会議、紹介、短い発信では、実績を大きく見せるより、何を丁寧に提供できるかを明確にしてください。言葉と見せ方を整えるほど、公的な印象も安定します。,100,1
2026_08_SIGN_VENUS_VIRGO_LIBRA_S02_S03_N11,2026-08,30,VENUS,sign_ingress,VIRGO,LIBRA,2,3,ANY,ANY,11,transit_calendar,VENUS:sign_ingress:LIBRA,exact_day,金星が{event_date}に天秤座へ移ると、友人や仲間との何気ない会話から、今後試したいことや参加したい場が見つかりやすくなります。広く人脈を増やすより、価値観の近い相手と情報を交換する方が合う時です。共同の予定は、費用や役割も先に確認してください。,100,1
2026_08_SIGN_VENUS_VIRGO_LIBRA_S02_S03_N12,2026-08,30,VENUS,sign_ingress,VIRGO,LIBRA,2,3,ANY,ANY,12,transit_calendar,VENUS:sign_ingress:LIBRA,exact_day,{event_date}に金星が天秤座へ移ると、内側にしまっていた好みや気持ちを、日記や静かな会話で言葉にしやすくなります。無理に人前で明るく話す必要はありません。信頼できる相手へ少しだけ伝えたり、一人で考えを書き留めたりすると、本当に大切にしたい価値が見えてきます。,100,1
2026_08_SIGN_VENUS_VIRGO_LIBRA_S03_S04_N01,2026-08,30,VENUS,sign_ingress,VIRGO,LIBRA,3,4,ANY,ANY,1,transit_calendar,VENUS:sign_ingress:LIBRA,exact_day,金星が{event_date}に天秤座へ移ると、外で交わす会話や移動の楽しさが、家で心地よく過ごすことへ向かいます。住まいに自分の好みを反映させ、帰った時に気持ちがほどける場所を作ってください。人前の印象より、誰にも見せない時間の快適さが自信を支えます。,100,1
2026_08_SIGN_VENUS_VIRGO_LIBRA_S03_S04_N02,2026-08,30,VENUS,sign_ingress,VIRGO,LIBRA,3,4,ANY,ANY,2,transit_calendar,VENUS:sign_ingress:LIBRA,exact_day,{event_date}に金星が天秤座へ移ると、住まいや家族のために何へお金を使うかが気になりやすくなります。家具や食事を整える楽しみはありますが、安心を買い物だけで補わないこと。今ある物を手入れし、毎月の負担を確認してから選ぶほど、落ち着きが長く続くでしょう。,100,1
2026_08_SIGN_VENUS_VIRGO_LIBRA_S03_S04_N03,2026-08,30,VENUS,sign_ingress,VIRGO,LIBRA,3,4,ANY,ANY,3,transit_calendar,VENUS:sign_ingress:LIBRA,exact_day,金星が{event_date}に天秤座へ移ると、広く交わしていた会話が、家族や身近な人との落ち着いたやり取りへ移っていきます。連絡の量を増やすより、暮らしの希望や最近感じていることを丁寧に話してください。家の中で言葉が行き違っていた部分も、柔らかく整理しやすい時です。,100,1
2026_08_SIGN_VENUS_VIRGO_LIBRA_S03_S04_N04,2026-08,30,VENUS,sign_ingress,VIRGO,LIBRA,3,4,ANY,ANY,4,transit_calendar,VENUS:sign_ingress:LIBRA,exact_day,{event_date}に金星が天秤座へ移ると、家、家族、心の居場所を整えたい気持ちが強まり、私生活に穏やかな楽しみを取り戻しやすくなります。全員が満足する形を急いで作る必要はありません。自分が安心できる時間と場所を確保し、その上で身近な人との過ごし方を調整してください。,100,1
2026_08_SIGN_VENUS_VIRGO_LIBRA_S03_S04_N05,2026-08,30,VENUS,sign_ingress,VIRGO,LIBRA,3,4,ANY,ANY,5,transit_calendar,VENUS:sign_ingress:LIBRA,exact_day,金星が{event_date}に天秤座へ移ると、創作や恋愛の楽しみを、家や親しい人と過ごす時間の中で味わいやすくなります。部屋で作品を作る、好きな料理を囲むなど、小さな喜びを形にするとよいでしょう。華やかな予定より、気を張らず笑える時間が今月の心を満たします。,100,1
2026_08_SIGN_VENUS_VIRGO_LIBRA_S03_S04_N06,2026-08,30,VENUS,sign_ingress,VIRGO,LIBRA,3,4,ANY,ANY,6,transit_calendar,VENUS:sign_ingress:LIBRA,exact_day,{event_date}に金星が天秤座へ移ると、家事、仕事、休息の配分を心地よく整えることが大切になります。見た目をきれいにするだけでなく、片づけ方や作業場所を使いやすくしてください。家のことを一人で抱えず、分担や頼み方を穏やかに話すと、日々の負担を減らしやすくなります。,100,1
2026_08_SIGN_VENUS_VIRGO_LIBRA_S03_S04_N07,2026-08,30,VENUS,sign_ingress,VIRGO,LIBRA,3,4,ANY,ANY,7,transit_calendar,VENUS:sign_ingress:LIBRA,exact_day,金星が{event_date}に天秤座へ移ると、対人関係の中で、どこなら安心して本音を出せるかがはっきりしてきます。親しい相手とは、家での過ごし方や互いに必要な距離を話してみてください。一緒にいる形を急いで決めず、双方がくつろげる条件を確かめることが大切です。,100,1
2026_08_SIGN_VENUS_VIRGO_LIBRA_S03_S04_N08,2026-08,30,VENUS,sign_ingress,VIRGO,LIBRA,3,4,ANY,ANY,8,transit_calendar,VENUS:sign_ingress:LIBRA,exact_day,{event_date}に金星が天秤座へ移ると、家庭内で共有するお金や、親しい人との深い感情を穏やかに扱いやすくなります。家族だから分かるはずと考えず、負担や希望を言葉にしてください。過去のわだかまりを一度に解くより、安心して話せる範囲を少しずつ広げる方が合います。,100,1
2026_08_SIGN_VENUS_VIRGO_LIBRA_S03_S04_N09,2026-08,30,VENUS,sign_ingress,VIRGO,LIBRA,3,4,ANY,ANY,9,transit_calendar,VENUS:sign_ingress:LIBRA,exact_day,金星が{event_date}に天秤座へ移ると、外で得た知識や新しい視点を、自分の暮らしへ持ち帰る流れになります。遠い理想を語るだけでなく、食事、部屋、家族との習慣に一つ取り入れてみてください。育った環境の価値観も見直すと、今の自分に合う居場所を作りやすくなるでしょう。,100,1
2026_08_SIGN_VENUS_VIRGO_LIBRA_S03_S04_N10,2026-08,30,VENUS,sign_ingress,VIRGO,LIBRA,3,4,ANY,ANY,10,transit_calendar,VENUS:sign_ingress:LIBRA,exact_day,{event_date}に金星が天秤座へ移ると、仕事や人前での役割から少し距離を置き、私生活の安心を整えたくなります。外からの評価に応え続けるより、帰宅後の時間や家での仕事環境を見直してください。公的な印象と素の自分の差を小さくすることが、落ち着いて役割を続ける支えになります。,100,1
2026_08_SIGN_VENUS_VIRGO_LIBRA_S03_S04_N11,2026-08,30,VENUS,sign_ingress,VIRGO,LIBRA,3,4,ANY,ANY,11,transit_calendar,VENUS:sign_ingress:LIBRA,exact_day,金星が{event_date}に天秤座へ移ると、友人や仲間とのつながりを、家族のように安心できる関係として感じやすくなります。自宅へ招く、少人数で食事をするなど、気取らない交流が合う時です。ただし人を迎えるために無理をせず、自分の生活ペースを守れる範囲で楽しんでください。,100,1
2026_08_SIGN_VENUS_VIRGO_LIBRA_S03_S04_N12,2026-08,30,VENUS,sign_ingress,VIRGO,LIBRA,3,4,ANY,ANY,12,transit_calendar,VENUS:sign_ingress:LIBRA,exact_day,{event_date}に金星が天秤座へ移ると、にぎやかな交流から離れ、家や一人の時間に静かな喜びを求めやすくなります。過去を思い出して気持ちが揺れる時は、答えを急がず、音楽や香り、睡眠など安心を取り戻せる習慣を選んでください。見えない心の土台を休ませる時です。,100,1
2026_08_SIGN_VENUS_VIRGO_LIBRA_S04_S05_N01,2026-08,30,VENUS,sign_ingress,VIRGO,LIBRA,4,5,ANY,ANY,1,transit_calendar,VENUS:sign_ingress:LIBRA,exact_day,金星が{event_date}に天秤座へ移ると、家で整えてきた安心感を土台に、自分の魅力や楽しみを外へ表したくなります。誰かの反応に合わせるより、着たい服、試したい表現、会いたい人を自分の感覚で選んでください。遊び心を許すほど、自然な明るさが振る舞いに表れます。,100,1
2026_08_SIGN_VENUS_VIRGO_LIBRA_S04_S05_N02,2026-08,30,VENUS,sign_ingress,VIRGO,LIBRA,4,5,ANY,ANY,2,transit_calendar,VENUS:sign_ingress:LIBRA,exact_day,{event_date}に金星が天秤座へ移ると、趣味や恋愛、創作に時間やお金を使いたい気持ちが強まります。楽しみを削る必要はありませんが、注目を得るための出費と、本当に満足が残る選択を分けてください。自分の才能を育てる道具や経験を選ぶことが、価値への自信を支えます。,100,1
2026_08_SIGN_VENUS_VIRGO_LIBRA_S04_S05_N03,2026-08,30,VENUS,sign_ingress,VIRGO,LIBRA,4,5,ANY,ANY,3,transit_calendar,VENUS:sign_ingress:LIBRA,exact_day,金星が{event_date}に天秤座へ移ると、安心できる場所で温めていた考えを、文章、会話、作品として表しやすくなります。恋愛でも遠回しな駆け引きより、好意や楽しさを軽やかな言葉にする方が合う時です。短い発信や身近な外出から、創造性を動かしてください。,100,1
2026_08_SIGN_VENUS_VIRGO_LIBRA_S04_S05_N04,2026-08,30,VENUS,sign_ingress,VIRGO,LIBRA,4,5,ANY,ANY,4,transit_calendar,VENUS:sign_ingress:LIBRA,exact_day,{event_date}に金星が天秤座へ移ると、家庭や居場所を整える流れに、遊びと喜びが加わります。家族と食事を楽しむ、部屋で創作するなど、安心できる場だからこそ出せる表情を大切にしてください。全員を楽しませようとせず、自分もくつろげる過ごし方を選びましょう。,100,1
2026_08_SIGN_VENUS_VIRGO_LIBRA_S04_S05_N05,2026-08,30,VENUS,sign_ingress,VIRGO,LIBRA,4,5,ANY,ANY,5,transit_calendar,VENUS:sign_ingress:LIBRA,exact_day,金星が{event_date}に天秤座へ移ると、恋愛、趣味、創作、遊びへの関心がはっきりし、自分から楽しみを作りやすくなります。華やかさに勢いがつく一方、予定や出費を広げすぎないこと。評価される作品より、作っている時間そのものを愛せる表現へ集中するとよいでしょう。,100,1
2026_08_SIGN_VENUS_VIRGO_LIBRA_S04_S05_N06,2026-08,30,VENUS,sign_ingress,VIRGO,LIBRA,4,5,ANY,ANY,6,transit_calendar,VENUS:sign_ingress:LIBRA,exact_day,{event_date}に金星が天秤座へ移ると、仕事や日課の中にも、好きな要素や遊び心を取り入れたくなります。作業環境を整え、得意な方法を試すことで、義務だけだった時間に軽さが生まれるでしょう。ただし楽しさを優先して基本の確認を省かず、休息との配分も保ってください。,100,1
2026_08_SIGN_VENUS_VIRGO_LIBRA_S04_S05_N07,2026-08,30,VENUS,sign_ingress,VIRGO,LIBRA,4,5,ANY,ANY,7,transit_calendar,VENUS:sign_ingress:LIBRA,exact_day,金星が{event_date}に天秤座へ移ると、親しい関係に楽しさやときめきを取り戻しやすくなります。相手から誘われるのを待つだけでなく、一緒にしたいことを具体的に伝えてください。恋愛でも協力関係でも、見栄えの良い形より、双方が自然に笑える時間を選ぶことが大切です。,100,1
2026_08_SIGN_VENUS_VIRGO_LIBRA_S04_S05_N08,2026-08,30,VENUS,sign_ingress,VIRGO,LIBRA,4,5,ANY,ANY,8,transit_calendar,VENUS:sign_ingress:LIBRA,exact_day,{event_date}に金星が天秤座へ移ると、恋愛や創作の喜びが、親密さや深い信頼を確かめる入口になります。強く惹かれるほど、相手の気持ちや共有する負担を決めつけないこと。好意と境界線を同時に言葉へし、安心して関われる範囲を確かめると、感情に振り回されにくくなります。,100,1
2026_08_SIGN_VENUS_VIRGO_LIBRA_S04_S05_N09,2026-08,30,VENUS,sign_ingress,VIRGO,LIBRA,4,5,ANY,ANY,9,transit_calendar,VENUS:sign_ingress:LIBRA,exact_day,金星が{event_date}に天秤座へ移ると、学び、旅、新しい文化との出会いが、創作や恋愛への刺激になります。遠くへ行くことだけが変化ではありません。普段選ばない本や作品に触れ、心が動いた理由を自分の表現へ持ち帰ると、楽しみの幅を自然に広げられるでしょう。,100,1
2026_08_SIGN_VENUS_VIRGO_LIBRA_S04_S05_N10,2026-08,30,VENUS,sign_ingress,VIRGO,LIBRA,4,5,ANY,ANY,10,transit_calendar,VENUS:sign_ingress:LIBRA,exact_day,{event_date}に金星が天秤座へ移ると、仕事や公的な場で、感性や創造性を見せる機会に目が向きます。注目を集めようと演出を重ねるより、成果物の見せ方や話し方を丁寧に整えてください。好きなことと役割の接点を探す姿勢が、公私の納得できるバランスを作ります。,100,1
2026_08_SIGN_VENUS_VIRGO_LIBRA_S04_S05_N11,2026-08,30,VENUS,sign_ingress,VIRGO,LIBRA,4,5,ANY,ANY,11,transit_calendar,VENUS:sign_ingress:LIBRA,exact_day,金星が{event_date}に天秤座へ移ると、友人や仲間との集まりに楽しさが戻り、共同の趣味や企画へ参加したくなります。場を盛り上げるために無理をせず、自分も心から楽しめる役割を選んでください。気の合う人と好きなものを共有する時間が、これからの希望を育てます。,100,1
2026_08_SIGN_VENUS_VIRGO_LIBRA_S04_S05_N12,2026-08,30,VENUS,sign_ingress,VIRGO,LIBRA,4,5,ANY,ANY,12,transit_calendar,VENUS:sign_ingress:LIBRA,exact_day,{event_date}に金星が天秤座へ移ると、人に見せる前の創作や、一人で味わう小さな楽しみが心を満たします。恋愛や好意をすぐ結論へ運ばず、自分が何に惹かれているのかを静かに確かめてください。音楽、映画、下書きなど私的な喜びを守ることが、次の自己表現を豊かにします。,100,1
2026_08_SIGN_VENUS_VIRGO_LIBRA_S05_S06_N01,2026-08,30,VENUS,sign_ingress,VIRGO,LIBRA,5,6,ANY,ANY,1,transit_calendar,VENUS:sign_ingress:LIBRA,exact_day,金星が{event_date}に天秤座へ移ると、楽しさを追う流れから、身だしなみや毎日の過ごし方を心地よく整える流れへ移ります。外見を変えるだけでなく、睡眠、食事、予定の余白まで自分に合う形へ戻してください。小さな手入れの積み重ねが、自然な魅力を保つ支えになります。,100,1
2026_08_SIGN_VENUS_VIRGO_LIBRA_S05_S06_N02,2026-08,30,VENUS,sign_ingress,VIRGO,LIBRA,5,6,ANY,ANY,2,transit_calendar,VENUS:sign_ingress:LIBRA,exact_day,{event_date}に金星が天秤座へ移ると、趣味に使っていた時間やお金を、仕事道具や暮らしの快適さへ振り分けたくなります。便利そうな物を増やす前に、毎日使うか、負担を減らせるかを確かめてください。実用性と好みが両立する選択が、生活への安心感を育てます。,100,1
2026_08_SIGN_VENUS_VIRGO_LIBRA_S05_S06_N03,2026-08,30,VENUS,sign_ingress,VIRGO,LIBRA,5,6,ANY,ANY,3,transit_calendar,VENUS:sign_ingress:LIBRA,exact_day,金星が{event_date}に天秤座へ移ると、創作や遊びのアイデアを、予定、連絡、具体的な手順へ落とし込む段階に入ります。話題を広げるより、今日できる作業を短く書き出すとよいでしょう。仕事のやり取りも柔らかく整えることで、楽しさを失わず形にしやすくなります。,100,1
2026_08_SIGN_VENUS_VIRGO_LIBRA_S05_S06_N04,2026-08,30,VENUS,sign_ingress,VIRGO,LIBRA,5,6,ANY,ANY,4,transit_calendar,VENUS:sign_ingress:LIBRA,exact_day,{event_date}に金星が天秤座へ移ると、家で楽しむ時間と、家事や仕事を回す時間のバランスが重要になります。居心地を良くするために、片づけや分担を一人で抱え込まないでください。家族と役割を穏やかに話し合い、休める場所を先に確保すると、日常に余裕が戻りやすくなります。,100,1
2026_08_SIGN_VENUS_VIRGO_LIBRA_S05_S06_N05,2026-08,30,VENUS,sign_ingress,VIRGO,LIBRA,5,6,ANY,ANY,5,transit_calendar,VENUS:sign_ingress:LIBRA,exact_day,金星が{event_date}に天秤座へ移ると、趣味や創作のひらめきを、続けられる練習や作業へ変えていく流れになります。気分が乗る日だけ進めるより、短い時間でも手を動かせる形を作ってください。恋愛でも華やかな言葉より、約束を守るなど日常の気遣いが大切になります。,100,1
2026_08_SIGN_VENUS_VIRGO_LIBRA_S05_S06_N06,2026-08,30,VENUS,sign_ingress,VIRGO,LIBRA,5,6,ANY,ANY,6,transit_calendar,VENUS:sign_ingress:LIBRA,exact_day,{event_date}に金星が天秤座へ移ると、仕事、生活習慣、身体の手入れに心地よさを取り戻しやすくなります。周囲に合わせて無理に効率を上げず、自分が続けやすい順序や休み方を選んでください。作業環境や服装を整えることも、毎日の負担を軽くする実用的な助けになります。,100,1
2026_08_SIGN_VENUS_VIRGO_LIBRA_S05_S06_N07,2026-08,30,VENUS,sign_ingress,VIRGO,LIBRA,5,6,ANY,ANY,7,transit_calendar,VENUS:sign_ingress:LIBRA,exact_day,金星が{event_date}に天秤座へ移ると、親しい関係の楽しさを、日常の協力や具体的な気遣いへ移す時です。相手のために先回りしすぎず、家事、連絡、予定のどこを分担したいかを伝えてください。小さな役割を公平に調整することが、無理なく続く関係を支えます。,100,1
2026_08_SIGN_VENUS_VIRGO_LIBRA_S05_S06_N08,2026-08,30,VENUS,sign_ingress,VIRGO,LIBRA,5,6,ANY,ANY,8,transit_calendar,VENUS:sign_ingress:LIBRA,exact_day,{event_date}に金星が天秤座へ移ると、親密な関係や共有する負担について、感情だけでなく日々の実務を整える必要が見えてきます。支払い、手続き、世話などを好意だけで引き受けず、できる範囲を確認してください。丁寧な分担が、安心して深く関わるための土台になります。,100,1
2026_08_SIGN_VENUS_VIRGO_LIBRA_S05_S06_N09,2026-08,30,VENUS,sign_ingress,VIRGO,LIBRA,5,6,ANY,ANY,9,transit_calendar,VENUS:sign_ingress:LIBRA,exact_day,金星が{event_date}に天秤座へ移ると、学びや旅で得た刺激を、仕事や生活の中で使える形へ変えたくなります。知識を集め続けるより、一つの方法を試し、日課として続けられるか確かめてください。理想を現実へ合わせて調整することが、学んだことを自分の力にします。,100,1
2026_08_SIGN_VENUS_VIRGO_LIBRA_S05_S06_N10,2026-08,30,VENUS,sign_ingress,VIRGO,LIBRA,5,6,ANY,ANY,10,transit_calendar,VENUS:sign_ingress:LIBRA,exact_day,{event_date}に金星が天秤座へ移ると、公的な役割や仕事の中で、協力しやすい進め方や美しい仕上げを意識しやすくなります。評価を得るために仕事を抱えず、手順と期限を整えてください。得意な部分を丁寧に見せながら、日々の負担を保てる働き方を選ぶことが大切です。,100,1
2026_08_SIGN_VENUS_VIRGO_LIBRA_S05_S06_N11,2026-08,30,VENUS,sign_ingress,VIRGO,LIBRA,5,6,ANY,ANY,11,transit_calendar,VENUS:sign_ingress:LIBRA,exact_day,金星が{event_date}に天秤座へ移ると、友人や仲間と楽しむだけでなく、共同の作業や支え合いに心地よさを作りたくなります。企画や集まりでは、気の利く人として雑務を抱えすぎないでください。役割を明確にし、互いの得意を活かすことが、続けやすい活動につながります。,100,1
2026_08_SIGN_VENUS_VIRGO_LIBRA_S05_S06_N12,2026-08,30,VENUS,sign_ingress,VIRGO,LIBRA,5,6,ANY,ANY,12,transit_calendar,VENUS:sign_ingress:LIBRA,exact_day,{event_date}に金星が天秤座へ移ると、人に見せない作業や静かな休息を、毎日の予定にきちんと組み込む必要が出てきます。誰かを支えることに気を取られ、自分の疲れを後回しにしないでください。音楽、入浴、睡眠など短い回復の習慣を守ることが、穏やかな日常を支えます。,100,1
2026_08_SIGN_VENUS_VIRGO_LIBRA_S06_S07_N01,2026-08,30,VENUS,sign_ingress,VIRGO,LIBRA,6,7,ANY,ANY,1,transit_calendar,VENUS:sign_ingress:LIBRA,exact_day,金星が{event_date}に天秤座へ移ると、日課や役割を整える流れから、人との向き合い方や見せ方を調整する流れへ移ります。相手に好かれる形へ寄せすぎず、自分が心地よくいられる服装、距離感、返事の仕方を選んでください。自然体のまま応じる姿勢が、穏やかな関係の入口になります。,100,1
2026_08_SIGN_VENUS_VIRGO_LIBRA_S06_S07_N02,2026-08,30,VENUS,sign_ingress,VIRGO,LIBRA,6,7,ANY,ANY,2,transit_calendar,VENUS:sign_ingress:LIBRA,exact_day,{event_date}に金星が天秤座へ移ると、仕事や生活の調整に向いていた意識が、人付き合いの中で何を大切にするかへ向かいます。食事、贈り物、共同の出費は、相手に合わせて曖昧にせず、予算と負担を言葉にしてください。金額よりも納得できる交換を選ぶことが、関係の安心感を支えます。,100,1
2026_08_SIGN_VENUS_VIRGO_LIBRA_S06_S07_N03,2026-08,30,VENUS,sign_ingress,VIRGO,LIBRA,6,7,ANY,ANY,3,transit_calendar,VENUS:sign_ingress:LIBRA,exact_day,金星が{event_date}に天秤座へ移ると、用事をこなす会話から、互いの考えを聞き合い、折り合いを探す会話へ移ります。連絡、相談、約束事は、察してもらうことを待たず、短く具体的に伝えてください。言い方を整えながら本音を隠さないことが、誤解をほどく助けになります。,100,1
2026_08_SIGN_VENUS_VIRGO_LIBRA_S06_S07_N04,2026-08,30,VENUS,sign_ingress,VIRGO,LIBRA,6,7,ANY,ANY,4,transit_calendar,VENUS:sign_ingress:LIBRA,exact_day,{event_date}に金星が天秤座へ移ると、家事や日課を回すことに加え、家族や身近な人と居心地を作ることが大切になります。誰が正しいかを決めるより、休む場所、来客、分担について希望を持ち寄ってください。家の中で対話できる余白が、外の関係にも落ち着きをもたらします。,100,1
2026_08_SIGN_VENUS_VIRGO_LIBRA_S06_S07_N05,2026-08,30,VENUS,sign_ingress,VIRGO,LIBRA,6,7,ANY,ANY,5,transit_calendar,VENUS:sign_ingress:LIBRA,exact_day,金星が{event_date}に天秤座へ移ると、忙しさの中で後回しにしていた恋愛や創作を、誰かと分かち合いたくなります。相手の好みに合わせるだけでなく、自分が本当に楽しいことも提案してください。一緒に選び、一緒に作る過程を楽しむことが、関係に新しい表情を加えます。,100,1
2026_08_SIGN_VENUS_VIRGO_LIBRA_S06_S07_N06,2026-08,30,VENUS,sign_ingress,VIRGO,LIBRA,6,7,ANY,ANY,6,transit_calendar,VENUS:sign_ingress:LIBRA,exact_day,{event_date}に金星が天秤座へ移ると、職場や日常で支え合う相手との関係を、より公平で心地よい形へ整えたくなります。頼まれ事を笑顔で引き受け続けず、担当、期限、休憩の取り方を相談してください。小さな合意を重ねることが、無理のない協力を続ける土台になります。,100,1
2026_08_SIGN_VENUS_VIRGO_LIBRA_S06_S07_N07,2026-08,30,VENUS,sign_ingress,VIRGO,LIBRA,6,7,ANY,ANY,7,transit_calendar,VENUS:sign_ingress:LIBRA,exact_day,金星が{event_date}に天秤座へ移ると、パートナーシップや一対一の関係が意識に上りやすくなります。親しさだけで曖昧にせず、会う頻度、役割、これから望むことを互いに確かめてください。譲るところと守るところを言葉にすることで、対等な関係を選びやすくなります。,100,1
2026_08_SIGN_VENUS_VIRGO_LIBRA_S06_S07_N08,2026-08,30,VENUS,sign_ingress,VIRGO,LIBRA,6,7,ANY,ANY,8,transit_calendar,VENUS:sign_ingress:LIBRA,exact_day,{event_date}に金星が天秤座へ移ると、親密な相手との信頼や、共有するお金・責任について話し合う機会が増えやすくなります。好意を証明するために抱え込まず、支払い、手続き、秘密の扱いに境界を設けてください。丁寧な確認が、安心して深く関わるための支えになります。,100,1
2026_08_SIGN_VENUS_VIRGO_LIBRA_S06_S07_N09,2026-08,30,VENUS,sign_ingress,VIRGO,LIBRA,6,7,ANY,ANY,9,transit_calendar,VENUS:sign_ingress:LIBRA,exact_day,金星が{event_date}に天秤座へ移ると、学びや旅、異なる価値観を持つ人との対話に楽しさを見つけやすくなります。意見の違いをすぐ結論へまとめず、なぜそう考えるのかを聞いてください。互いの視野を交換する姿勢が、自分の考えを柔らかく広げるきっかけになります。,100,1
2026_08_SIGN_VENUS_VIRGO_LIBRA_S06_S07_N10,2026-08,30,VENUS,sign_ingress,VIRGO,LIBRA,6,7,ANY,ANY,10,transit_calendar,VENUS:sign_ingress:LIBRA,exact_day,{event_date}に金星が天秤座へ移ると、仕事上の協力者や顧客との関係が、公的な立場や評価に結びつきやすくなります。感じよく応じるだけでなく、担当範囲、成果の示し方、名前の出し方を確認してください。礼節と境界を両立させることが、信頼できる協働を支えます。,100,1
2026_08_SIGN_VENUS_VIRGO_LIBRA_S06_S07_N11,2026-08,30,VENUS,sign_ingress,VIRGO,LIBRA,6,7,ANY,ANY,11,transit_calendar,VENUS:sign_ingress:LIBRA,exact_day,金星が{event_date}に天秤座へ移ると、友人や仲間との活動に、一対一の対話や調整が必要になります。全員の間を取り持とうとせず、自分が担える役割と賛同できる方針を明確にしてください。互いの違いを残したまま協力する形が、集まりを心地よく保つ助けになります。,100,1
2026_08_SIGN_VENUS_VIRGO_LIBRA_S06_S07_N12,2026-08,30,VENUS,sign_ingress,VIRGO,LIBRA,6,7,ANY,ANY,12,transit_calendar,VENUS:sign_ingress:LIBRA,exact_day,{event_date}に金星が天秤座へ移ると、表に出していなかった感情や、人に合わせて飲み込んだ希望に気づきやすくなります。すぐ相手に答えを求めず、まず静かな時間に本音と不安を分けてください。言葉が整ってから話すことで、必要な関係と距離を穏やかに見直せます。,100,1
2026_08_SIGN_VENUS_VIRGO_LIBRA_S07_S08_N01,2026-08,30,VENUS,sign_ingress,VIRGO,LIBRA,7,8,ANY,ANY,1,transit_calendar,VENUS:sign_ingress:LIBRA,exact_day,金星が{event_date}に天秤座へ移ると、人との関係を整える流れから、信頼を深め、何をどこまで共有するか見極める流れへ移ります。親しくなるために自分を明け渡さず、時間、感情、身体の距離について希望を伝えてください。自分の輪郭を保ったまま心を開くことが、落ち着いた親密さにつながります。,100,1
2026_08_SIGN_VENUS_VIRGO_LIBRA_S07_S08_N02,2026-08,30,VENUS,sign_ingress,VIRGO,LIBRA,7,8,ANY,ANY,2,transit_calendar,VENUS:sign_ingress:LIBRA,exact_day,{event_date}に金星が天秤座へ移ると、対人関係の心地よさだけでなく、お金や持ち物をどう分け合うかが重要になります。共同の支払い、貸し借り、贈り物は、好意だけで決めず金額と期限を確認してください。自分の価値観を守りながら公平な負担を選ぶことが、信頼を支える土台になります。,100,1
2026_08_SIGN_VENUS_VIRGO_LIBRA_S07_S08_N03,2026-08,30,VENUS,sign_ingress,VIRGO,LIBRA,7,8,ANY,ANY,3,transit_calendar,VENUS:sign_ingress:LIBRA,exact_day,金星が{event_date}に天秤座へ移ると、表面的な会話より、秘密や不安、共有する責任について丁寧に話したくなります。聞いた話を急いで広げず、どこまで扱ってよい情報かを確かめてください。慎重な言葉選びと率直な質問が、互いに安心して本音を話す助けになります。,100,1
2026_08_SIGN_VENUS_VIRGO_LIBRA_S07_S08_N04,2026-08,30,VENUS,sign_ingress,VIRGO,LIBRA,7,8,ANY,ANY,4,transit_calendar,VENUS:sign_ingress:LIBRA,exact_day,{event_date}に金星が天秤座へ移ると、家族や身近な人との関係に、住まい、お金、世話など具体的な共有課題が見えてきます。昔からの役割を当然と思わず、今の負担と希望を話し合ってください。感情と実務を分けて整えることが、家の中の信頼を深める支えになります。,100,1
2026_08_SIGN_VENUS_VIRGO_LIBRA_S07_S08_N05,2026-08,30,VENUS,sign_ingress,VIRGO,LIBRA,7,8,ANY,ANY,5,transit_calendar,VENUS:sign_ingress:LIBRA,exact_day,金星が{event_date}に天秤座へ移ると、恋愛や創作の楽しさが、より深い結びつきや共同制作へ向かいます。強い気持ちを相手への要求に変えず、期待、嫉妬、作品の権利や役割を言葉にしてください。熱量を分かち合いながら境界も守ることが、関係や表現を育てる助けになります。,100,1
2026_08_SIGN_VENUS_VIRGO_LIBRA_S07_S08_N06,2026-08,30,VENUS,sign_ingress,VIRGO,LIBRA,7,8,ANY,ANY,6,transit_calendar,VENUS:sign_ingress:LIBRA,exact_day,{event_date}に金星が天秤座へ移ると、仕事や日課を一緒に回す相手と、負担や責任をどこまで共有するかが焦点になります。助けてもらった分をすぐ返そうとせず、担当、費用、休む時間を現実的に調整してください。支え合いを義務にしない工夫が、長く続けられる協力につながります。,100,1
2026_08_SIGN_VENUS_VIRGO_LIBRA_S07_S08_N07,2026-08,30,VENUS,sign_ingress,VIRGO,LIBRA,7,8,ANY,ANY,7,transit_calendar,VENUS:sign_ingress:LIBRA,exact_day,金星が{event_date}に天秤座へ移ると、一対一の関係が、好意や相性の確認から、信頼と責任を深める段階へ移りやすくなります。将来の話、共有する費用、他人には見せない気持ちを、無理のない順序で確かめてください。結論を急がず合意を重ねる姿勢が、親密さを守ります。,100,1
2026_08_SIGN_VENUS_VIRGO_LIBRA_S07_S08_N08,2026-08,30,VENUS,sign_ingress,VIRGO,LIBRA,7,8,ANY,ANY,8,transit_calendar,VENUS:sign_ingress:LIBRA,exact_day,{event_date}に金星が天秤座へ移ると、共有資源、親密さ、秘密の扱いなど、深い結びつきの条件を見直す流れが強まります。曖昧な貸し借りや我慢を残さず、誰が何を担い、どこに境界を置くかを確認してください。率直さと配慮を両立させることが、安心して委ね合うための支えになります。,100,1
2026_08_SIGN_VENUS_VIRGO_LIBRA_S07_S08_N09,2026-08,30,VENUS,sign_ingress,VIRGO,LIBRA,7,8,ANY,ANY,9,transit_calendar,VENUS:sign_ingress:LIBRA,exact_day,金星が{event_date}に天秤座へ移ると、学びや旅で広げた視野を、心理、継承、共有資源など一歩深いテーマへ向けたくなります。刺激的な説をそのまま信じず、背景や根拠を確かめながら掘り下げてください。異なる価値観と丁寧に向き合うことが、自分の理解を深めるきっかけになります。,100,1
2026_08_SIGN_VENUS_VIRGO_LIBRA_S07_S08_N10,2026-08,30,VENUS,sign_ingress,VIRGO,LIBRA,7,8,ANY,ANY,10,transit_calendar,VENUS:sign_ingress:LIBRA,exact_day,{event_date}に金星が天秤座へ移ると、仕事上の関係が、資金、権限、重要情報を共有する段階へ進むことがあります。相手の期待に応える前に、責任範囲、決定権、評価の帰属を確認してください。見えにくい力関係を整えることが、公的な信頼を守る助けになります。,100,1
2026_08_SIGN_VENUS_VIRGO_LIBRA_S07_S08_N11,2026-08,30,VENUS,sign_ingress,VIRGO,LIBRA,7,8,ANY,ANY,11,transit_calendar,VENUS:sign_ingress:LIBRA,exact_day,金星が{event_date}に天秤座へ移ると、友人や仲間との交流に、共同資金、秘密、継続的な責任といった深い共有が加わりやすくなります。親しさを理由に会計や役割を曖昧にせず、記録と確認を残してください。透明な運営が、仲間同士の信頼を保つ支えになります。,100,1
2026_08_SIGN_VENUS_VIRGO_LIBRA_S07_S08_N12,2026-08,30,VENUS,sign_ingress,VIRGO,LIBRA,7,8,ANY,ANY,12,transit_calendar,VENUS:sign_ingress:LIBRA,exact_day,{event_date}に金星が天秤座へ移ると、過去の関係で抱えた未整理の感情や、人に委ねすぎた部分へ静かに目が向きます。無理に答えを出さず、何を手放し、何を守りたいのかを一人で書き分けてください。内側の結び目をほどく時間が、次に誰かを信頼するための余白になります。,100,1
2026_08_SIGN_VENUS_VIRGO_LIBRA_S08_S09_N01,2026-08,30,VENUS,sign_ingress,VIRGO,LIBRA,8,9,ANY,ANY,1,transit_calendar,VENUS:sign_ingress:LIBRA,exact_day,金星が{event_date}に天秤座へ移ると、深く抱えていた感情や共有課題を見つめる流れから、体験の意味を広げ、自分の考えとして語る流れへ移ります。誰かの答えを借りず、今の自分が大切にしたい価値観を言葉にしてください。新しい学びや場所に触れることが、自己理解を更新する助けになります。,100,1
2026_08_SIGN_VENUS_VIRGO_LIBRA_S08_S09_N02,2026-08,30,VENUS,sign_ingress,VIRGO,LIBRA,8,9,ANY,ANY,2,transit_calendar,VENUS:sign_ingress:LIBRA,exact_day,{event_date}に金星が天秤座へ移ると、共同のお金や責任に向いていた意識が、学び、旅、文化体験へ価値を広げる方向へ向かいます。魅力的な講座や遠出を勢いで選ばず、費用と継続時間を確かめてください。自分の基準に合う投資先を選ぶことが、豊かさの意味を育てます。,100,1
2026_08_SIGN_VENUS_VIRGO_LIBRA_S08_S09_N03,2026-08,30,VENUS,sign_ingress,VIRGO,LIBRA,8,9,ANY,ANY,3,transit_calendar,VENUS:sign_ingress:LIBRA,exact_day,金星が{event_date}に天秤座へ移ると、秘密や専門的な話を掘り下げる段階から、得た理解を文章や会話で分かち合う段階へ移ります。難しい内容を飾らず、相手が受け取りやすい順序に整えてください。書く、教える、質問を交わすことが、知識を自分のものにする助けになります。,100,1
2026_08_SIGN_VENUS_VIRGO_LIBRA_S08_S09_N04,2026-08,30,VENUS,sign_ingress,VIRGO,LIBRA,8,9,ANY,ANY,4,transit_calendar,VENUS:sign_ingress:LIBRA,exact_day,{event_date}に金星が天秤座へ移ると、家族の中で受け継いだ価値観や暗黙の約束を、外の文化や新しい考え方と照らしたくなります。故郷や家族を否定せず、残したい習慣と変えたい前提を分けてください。自分なりの居場所の意味を考えることが、視野を広げる土台になります。,100,1
2026_08_SIGN_VENUS_VIRGO_LIBRA_S08_S09_N05,2026-08,30,VENUS,sign_ingress,VIRGO,LIBRA,8,9,ANY,ANY,5,transit_calendar,VENUS:sign_ingress:LIBRA,exact_day,金星が{event_date}に天秤座へ移ると、濃い感情や内側の衝動が、創作、恋愛、旅など開かれた表現へ向かいます。大きな物語に酔うだけでなく、作品や計画として一歩ずつ形にしてください。好奇心を誰かと分かち合うことが、楽しさに新しい奥行きを加えます。,100,1
2026_08_SIGN_VENUS_VIRGO_LIBRA_S08_S09_N06,2026-08,30,VENUS,sign_ingress,VIRGO,LIBRA,8,9,ANY,ANY,6,transit_calendar,VENUS:sign_ingress:LIBRA,exact_day,{event_date}に金星が天秤座へ移ると、共有していた仕事や負担から一歩離れ、技術や知識を学び直すことに心が向きます。資格や講座の名前だけで決めず、日々の業務で何を試せるかを確かめてください。実践と学習を往復することが、働き方を柔らかく更新する助けになります。,100,1
2026_08_SIGN_VENUS_VIRGO_LIBRA_S08_S09_N07,2026-08,30,VENUS,sign_ingress,VIRGO,LIBRA,8,9,ANY,ANY,7,transit_calendar,VENUS:sign_ingress:LIBRA,exact_day,金星が{event_date}に天秤座へ移ると、親密な相手との深い結びつきに加え、互いの将来像や世界の見方を共有したくなります。意見を一致させることを急がず、学びたいことや行ってみたい場所を聞き合ってください。違いを尊重した対話が、関係に広がりをもたらします。,100,1
2026_08_SIGN_VENUS_VIRGO_LIBRA_S08_S09_N08,2026-08,30,VENUS,sign_ingress,VIRGO,LIBRA,8,9,ANY,ANY,8,transit_calendar,VENUS:sign_ingress:LIBRA,exact_day,{event_date}に金星が天秤座へ移ると、心理、共有資源、継承など深く扱ってきたテーマを、体系的に学び直す流れへ移ります。個人的な経験だけで一般化せず、資料や複数の視点を確かめてください。掘り下げた知識を広い文脈に置くことが、理解の偏りを整える助けになります。,100,1
2026_08_SIGN_VENUS_VIRGO_LIBRA_S08_S09_N09,2026-08,30,VENUS,sign_ingress,VIRGO,LIBRA,8,9,ANY,ANY,9,transit_calendar,VENUS:sign_ingress:LIBRA,exact_day,金星が{event_date}に天秤座へ移ると、学び、旅、出版、異文化交流など、視野を広げる活動が中心になりやすくなります。予定を詰め込みすぎず、今の自分に必要な問いを一つ決めてください。出会った考えをそのまま受け入れず、自分の言葉で確かめることが、経験を深めます。,100,1
2026_08_SIGN_VENUS_VIRGO_LIBRA_S08_S09_N10,2026-08,30,VENUS,sign_ingress,VIRGO,LIBRA,8,9,ANY,ANY,10,transit_calendar,VENUS:sign_ingress:LIBRA,exact_day,{event_date}に金星が天秤座へ移ると、内側で培った専門性を、公的な仕事や発信へつなげたくなります。教える、書く、紹介する場では、知っている範囲と確かめていない部分を分けてください。誠実な説明と継続的な学びが、社会で知識を活かす支えになります。,100,1
2026_08_SIGN_VENUS_VIRGO_LIBRA_S08_S09_N11,2026-08,30,VENUS,sign_ingress,VIRGO,LIBRA,8,9,ANY,ANY,11,transit_calendar,VENUS:sign_ingress:LIBRA,exact_day,金星が{event_date}に天秤座へ移ると、仲間と共有してきた課題を、より広い地域や文化、オンラインの交流へ開きたくなります。理念の近さだけで相手を選ばず、活動方法や価値観の違いも確認してください。多様な人と学び合う姿勢が、集まりの可能性を広げます。,100,1
2026_08_SIGN_VENUS_VIRGO_LIBRA_S08_S09_N12,2026-08,30,VENUS,sign_ingress,VIRGO,LIBRA,8,9,ANY,ANY,12,transit_calendar,VENUS:sign_ingress:LIBRA,exact_day,{event_date}に金星が天秤座へ移ると、心の奥で抱えていた感情に意味を見いだし、静かな学びや精神的な探究へ向かいやすくなります。答えの美しさだけに惹かれず、現実から離れすぎていないか確かめてください。読書、記録、ひとり旅などが、内面を穏やかに整理する助けになります。,100,1
2026_08_SIGN_VENUS_VIRGO_LIBRA_S09_S10_N01,2026-08,30,VENUS,sign_ingress,VIRGO,LIBRA,9,10,ANY,ANY,1,transit_calendar,VENUS:sign_ingress:LIBRA,exact_day,金星が{event_date}に天秤座へ移ると、学びや旅で広げた自分像を、仕事や社会的な立場の中でどう見せるかが焦点になります。期待される人物を演じすぎず、服装、肩書き、振る舞いを今の自分に合う形へ整えてください。自然な存在感を保つことが、公の場で役割を担う支えになります。,100,1
2026_08_SIGN_VENUS_VIRGO_LIBRA_S09_S10_N02,2026-08,30,VENUS,sign_ingress,VIRGO,LIBRA,9,10,ANY,ANY,2,transit_calendar,VENUS:sign_ingress:LIBRA,exact_day,{event_date}に金星が天秤座へ移ると、学びや経験に使っていた時間とお金を、仕事上の価値や報酬へ結びつけて考えたくなります。安く引き受けることを好意と混同せず、技能、準備時間、責任に見合う条件を確認してください。自分の価値基準を明確にすることが、働き方の軸になります。,100,1
2026_08_SIGN_VENUS_VIRGO_LIBRA_S09_S10_N03,2026-08,30,VENUS,sign_ingress,VIRGO,LIBRA,9,10,ANY,ANY,3,transit_calendar,VENUS:sign_ingress:LIBRA,exact_day,金星が{event_date}に天秤座へ移ると、学んだことを語る段階から、公的な説明、提案、発信として届ける段階へ移ります。耳ざわりの良さだけを優先せず、相手に必要な情報と根拠を簡潔に示してください。言葉の印象と内容の確かさを両立させることが、社会的な信頼を支えます。,100,1
2026_08_SIGN_VENUS_VIRGO_LIBRA_S09_S10_N04,2026-08,30,VENUS,sign_ingress,VIRGO,LIBRA,9,10,ANY,ANY,4,transit_calendar,VENUS:sign_ingress:LIBRA,exact_day,{event_date}に金星が天秤座へ移ると、外の世界で得た価値観を、家族の期待や自分が担いたい社会的役割と照らすことになります。仕事のために家の安心を削りすぎず、時間、住まい、支援の分担を話し合ってください。帰れる場所を整えることが、公の責任を引き受ける土台になります。,100,1
2026_08_SIGN_VENUS_VIRGO_LIBRA_S09_S10_N05,2026-08,30,VENUS,sign_ingress,VIRGO,LIBRA,9,10,ANY,ANY,5,transit_calendar,VENUS:sign_ingress:LIBRA,exact_day,金星が{event_date}に天秤座へ移ると、創作や恋愛で育てた表現を、作品、企画、役割として人前に出したくなります。注目を集めることだけを目的にせず、誰に何を届けたいかを決めてください。楽しさを責任ある形へ整えることが、自分らしい活動を社会につなぐ助けになります。,100,1
2026_08_SIGN_VENUS_VIRGO_LIBRA_S09_S10_N06,2026-08,30,VENUS,sign_ingress,VIRGO,LIBRA,9,10,ANY,ANY,6,transit_calendar,VENUS:sign_ingress:LIBRA,exact_day,{event_date}に金星が天秤座へ移ると、学び直した技術や方法を、日々の仕事の成果や役割へ落とし込む流れになります。見栄えを整える前に、手順、期限、引き継ぎが無理なく続くかを確かめてください。丁寧な実務を積み重ねることが、周囲から任される範囲を整える支えになります。,100,1
2026_08_SIGN_VENUS_VIRGO_LIBRA_S09_S10_N07,2026-08,30,VENUS,sign_ingress,VIRGO,LIBRA,9,10,ANY,ANY,7,transit_calendar,VENUS:sign_ingress:LIBRA,exact_day,金星が{event_date}に天秤座へ移ると、パートナーや協力者と描いた将来像を、仕事や公的な計画として具体化したくなります。関係の良さだけで役割を決めず、決定権、責任、名前の出し方を確認してください。互いの立場を尊重した合意が、協働を社会へ開く土台になります。,100,1
2026_08_SIGN_VENUS_VIRGO_LIBRA_S09_S10_N08,2026-08,30,VENUS,sign_ingress,VIRGO,LIBRA,9,10,ANY,ANY,8,transit_calendar,VENUS:sign_ingress:LIBRA,exact_day,{event_date}に金星が天秤座へ移ると、深く学んだ共有資源や心理的なテーマを、仕事上の責任や判断へ活かす機会が出てきます。秘密や資金を扱う場では、好意的な関係ほど記録と確認を省かないでください。慎重さと公平さを保つことが、見えにくい責任を担う支えになります。,100,1
2026_08_SIGN_VENUS_VIRGO_LIBRA_S09_S10_N09,2026-08,30,VENUS,sign_ingress,VIRGO,LIBRA,9,10,ANY,ANY,9,transit_calendar,VENUS:sign_ingress:LIBRA,exact_day,金星が{event_date}に天秤座へ移ると、旅や専門分野で得た視野を、教える、書く、判断するなど社会的な役割へつなげたくなります。知識の広さを示すより、実際に扱える範囲を明確にしてください。学びを現場の言葉へ翻訳することが、専門性を役立てる助けになります。,100,1
2026_08_SIGN_VENUS_VIRGO_LIBRA_S09_S10_N10,2026-08,30,VENUS,sign_ingress,VIRGO,LIBRA,9,10,ANY,ANY,10,transit_calendar,VENUS:sign_ingress:LIBRA,exact_day,{event_date}に金星が天秤座へ移ると、仕事、肩書き、社会での見え方に意識が集まり、協力的で洗練された役割を選びたくなります。評価を得るために予定を埋めず、本当に引き受けたい責任を絞ってください。成果だけでなく進め方も整えることが、自分に合う立場を築く支えになります。,100,1
2026_08_SIGN_VENUS_VIRGO_LIBRA_S09_S10_N11,2026-08,30,VENUS,sign_ingress,VIRGO,LIBRA,9,10,ANY,ANY,11,transit_calendar,VENUS:sign_ingress:LIBRA,exact_day,金星が{event_date}に天秤座へ移ると、仲間と学んできたことを、共同企画や社会的な活動として外へ示す流れになります。人脈の広さに頼らず、目的、担当、発信名義を明確にしてください。互いの得意を公正に扱うことが、集団の成果を伝える助けになります。,100,1
2026_08_SIGN_VENUS_VIRGO_LIBRA_S09_S10_N12,2026-08,30,VENUS,sign_ingress,VIRGO,LIBRA,9,10,ANY,ANY,12,transit_calendar,VENUS:sign_ingress:LIBRA,exact_day,{event_date}に金星が天秤座へ移ると、静かに育ててきた理想や学びを、舞台裏の仕事や支援として社会に差し出したくなります。見えない努力を続けすぎず、休む時間と評価される範囲を確認してください。内面の納得と公の責任を分けて考えることが、無理のない貢献を支えます。,100,1
2026_08_SIGN_VENUS_VIRGO_LIBRA_S10_S11_N01,2026-08,30,VENUS,sign_ingress,VIRGO,LIBRA,10,11,ANY,ANY,1,transit_calendar,VENUS:sign_ingress:LIBRA,exact_day,金星が{event_date}に天秤座へ移ると、公的な役割を背負う流れから、仲間の中で自分らしく関わり、未来を考える流れへ移ります。肩書きで人と距離を作らず、得意なことと苦手なことを率直に示してください。無理に目立たず自然体で参加することが、心地よい居場所を選ぶ助けになります。,100,1
2026_08_SIGN_VENUS_VIRGO_LIBRA_S10_S11_N02,2026-08,30,VENUS,sign_ingress,VIRGO,LIBRA,10,11,ANY,ANY,2,transit_calendar,VENUS:sign_ingress:LIBRA,exact_day,{event_date}に金星が天秤座へ移ると、仕事上の報酬や評価に向いていた意識が、仲間との価値交換や共同計画へ広がります。会費、共同購入、持ち寄りは、雰囲気で決めず負担と使い道を確認してください。自分が納得できる範囲で資源を分かち合うことが、対等なつながりを支えます。,100,1
2026_08_SIGN_VENUS_VIRGO_LIBRA_S10_S11_N03,2026-08,30,VENUS,sign_ingress,VIRGO,LIBRA,10,11,ANY,ANY,3,transit_calendar,VENUS:sign_ingress:LIBRA,exact_day,金星が{event_date}に天秤座へ移ると、公的な発信から、仲間同士で意見や情報を交換する会話へ重心が移ります。連絡先や話題を増やすだけでなく、誰と何を進めたいかを短く伝えてください。気軽な対話の中でも出典や約束を丁寧に扱うことが、信頼できるネットワークを育てます。,100,1
2026_08_SIGN_VENUS_VIRGO_LIBRA_S10_S11_N04,2026-08,30,VENUS,sign_ingress,VIRGO,LIBRA,10,11,ANY,ANY,4,transit_calendar,VENUS:sign_ingress:LIBRA,exact_day,{event_date}に金星が天秤座へ移ると、仕事と家庭を両立する意識に加え、地域、近所、親しい仲間との居場所作りが大切になります。家を集まりの場にするなら、迎える人数や片づけの負担を先に決めてください。身近な人と無理なく交流できる形が、安心できる共同体を支えます。,100,1
2026_08_SIGN_VENUS_VIRGO_LIBRA_S10_S11_N05,2026-08,30,VENUS,sign_ingress,VIRGO,LIBRA,10,11,ANY,ANY,5,transit_calendar,VENUS:sign_ingress:LIBRA,exact_day,金星が{event_date}に天秤座へ移ると、人前に出していた創作や企画を、仲間と楽しみながら育てる流れへ移ります。友情と恋愛、個人作品と共同制作の境目を曖昧にせず、期待と役割を言葉にしてください。遊び心を分かち合うことが、新しい表現や出会いのきっかけになります。,100,1
2026_08_SIGN_VENUS_VIRGO_LIBRA_S10_S11_N06,2026-08,30,VENUS,sign_ingress,VIRGO,LIBRA,10,11,ANY,ANY,6,transit_calendar,VENUS:sign_ingress:LIBRA,exact_day,{event_date}に金星が天秤座へ移ると、公的な仕事の成果より、チームの日課や支え合いを心地よく整えることに意識が向きます。気の利く人として雑務を抱えず、担当、連絡方法、休む順番を相談してください。実務を公平に分けることが、仲間と継続して活動する土台になります。,100,1
2026_08_SIGN_VENUS_VIRGO_LIBRA_S10_S11_N07,2026-08,30,VENUS,sign_ingress,VIRGO,LIBRA,10,11,ANY,ANY,7,transit_calendar,VENUS:sign_ingress:LIBRA,exact_day,金星が{event_date}に天秤座へ移ると、パートナーや協力者との関係を、友人やコミュニティの中へ開く機会が増えやすくなります。二人の都合だけで予定を決めず、周囲との距離や紹介の仕方を確かめてください。互いの交友関係を尊重することが、関係に新しい風通しを作ります。,100,1
2026_08_SIGN_VENUS_VIRGO_LIBRA_S10_S11_N08,2026-08,30,VENUS,sign_ingress,VIRGO,LIBRA,10,11,ANY,ANY,8,transit_calendar,VENUS:sign_ingress:LIBRA,exact_day,{event_date}に金星が天秤座へ移ると、仕事で扱っていた資金や重要情報が、仲間との共同運営や支援活動に結びつきやすくなります。親しさを理由に会計や秘密の管理を緩めず、閲覧範囲と承認手順を決めてください。透明性を保つことが、集団の深い信頼を守る助けになります。,100,1
2026_08_SIGN_VENUS_VIRGO_LIBRA_S10_S11_N09,2026-08,30,VENUS,sign_ingress,VIRGO,LIBRA,10,11,ANY,ANY,9,transit_calendar,VENUS:sign_ingress:LIBRA,exact_day,金星が{event_date}に天秤座へ移ると、専門性や社会的な役割を、異なる文化や考えを持つ仲間との交流へ広げたくなります。理念の近さだけで集まらず、学ぶ姿勢や活動方法の違いも確認してください。視野を持ち寄って未来を考えることが、共同の目標を豊かにします。,100,1
2026_08_SIGN_VENUS_VIRGO_LIBRA_S10_S11_N10,2026-08,30,VENUS,sign_ingress,VIRGO,LIBRA,10,11,ANY,ANY,10,transit_calendar,VENUS:sign_ingress:LIBRA,exact_day,{event_date}に金星が天秤座へ移ると、公的な立場から一歩離れ、仲間と対等に将来の計画を描く流れへ移ります。自分だけが責任者にならず、決定、発信、評価を分かち合ってください。役割を独占せず人をつなぐ姿勢が、社会的な活動を広げる支えになります。,100,1
2026_08_SIGN_VENUS_VIRGO_LIBRA_S10_S11_N11,2026-08,30,VENUS,sign_ingress,VIRGO,LIBRA,10,11,ANY,ANY,11,transit_calendar,VENUS:sign_ingress:LIBRA,exact_day,金星が{event_date}に天秤座へ移ると、友人、仲間、オンラインのつながりが活発になり、共同の希望を形にしたくなります。誘いをすべて受けず、時間を使いたい集まりと距離を置く場を選んでください。互いの自由を守りながら協力することが、長く続くネットワークの土台になります。,100,1
2026_08_SIGN_VENUS_VIRGO_LIBRA_S10_S11_N12,2026-08,30,VENUS,sign_ingress,VIRGO,LIBRA,10,11,ANY,ANY,12,transit_calendar,VENUS:sign_ingress:LIBRA,exact_day,{event_date}に金星が天秤座へ移ると、表立った仕事から、仲間を静かに支える役割や舞台裏のつながりへ意識が向きます。頼まれる前に察して動きすぎず、自分の休息と支援できる範囲を決めてください。見えない関係の負担を整えることが、穏やかな共同活動を支えます。,100,1
2026_08_SIGN_VENUS_VIRGO_LIBRA_S11_S12_N01,2026-08,30,VENUS,sign_ingress,VIRGO,LIBRA,11,12,ANY,ANY,1,transit_calendar,VENUS:sign_ingress:LIBRA,exact_day,金星が{event_date}に天秤座へ移ると、仲間の中で未来を描く流れから、人目を離れて自分を休ませ、内側を整える流れへ移ります。誘いに応え続けず、ひとりで過ごす時間や見せない楽しみを予定に入れてください。静けさの中で本来の感覚を取り戻すことが、次の一歩を選ぶ助けになります。,100,1
2026_08_SIGN_VENUS_VIRGO_LIBRA_S11_S12_N02,2026-08,30,VENUS,sign_ingress,VIRGO,LIBRA,11,12,ANY,ANY,2,transit_calendar,VENUS:sign_ingress:LIBRA,exact_day,{event_date}に金星が天秤座へ移ると、仲間と分かち合っていた時間やお金を、休息や心を満たす小さな楽しみへ戻したくなります。気分転換の買い物を重ねず、香り、音楽、寝具など本当に落ち着けるものを選んでください。見えない消耗に気づくことが、自分の資源を守る支えになります。,100,1
2026_08_SIGN_VENUS_VIRGO_LIBRA_S11_S12_N03,2026-08,30,VENUS,sign_ingress,VIRGO,LIBRA,11,12,ANY,ANY,3,transit_calendar,VENUS:sign_ingress:LIBRA,exact_day,金星が{event_date}に天秤座へ移ると、活発な情報交換から一歩引き、言葉になる前の感情や考えを静かに整理する流れへ移ります。すぐ返信せず、下書き、日記、信頼できる一人との会話を使ってください。沈黙と発言の境目を自分で選ぶことが、心を守りながら伝える助けになります。,100,1
2026_08_SIGN_VENUS_VIRGO_LIBRA_S11_S12_N04,2026-08,30,VENUS,sign_ingress,VIRGO,LIBRA,11,12,ANY,ANY,4,transit_calendar,VENUS:sign_ingress:LIBRA,exact_day,{event_date}に金星が天秤座へ移ると、地域や仲間との交流から離れ、家や家族の中で静かに休みたい気持ちが強まりやすくなります。昔の感情を蒸し返して結論を急がず、安心できる部屋と時間を先に整えてください。身近な場所で気持ちをほどくことが、関係を見直す余白になります。,100,1
2026_08_SIGN_VENUS_VIRGO_LIBRA_S11_S12_N05,2026-08,30,VENUS,sign_ingress,VIRGO,LIBRA,11,12,ANY,ANY,5,transit_calendar,VENUS:sign_ingress:LIBRA,exact_day,金星が{event_date}に天秤座へ移ると、仲間と楽しんでいた創作や恋愛が、誰にも見せない表現や心の奥の願いへ向かいます。秘密の関係や曖昧な期待に流されず、隠す必要がある理由を確かめてください。一人で作る時間を楽しむことが、純粋な喜びを取り戻す助けになります。,100,1
2026_08_SIGN_VENUS_VIRGO_LIBRA_S11_S12_N06,2026-08,30,VENUS,sign_ingress,VIRGO,LIBRA,11,12,ANY,ANY,6,transit_calendar,VENUS:sign_ingress:LIBRA,exact_day,{event_date}に金星が天秤座へ移ると、チームで動く日課から一歩退き、舞台裏の作業や心身の回復を優先したくなります。人に見えない仕事を抱え込まず、引き継ぎと休息の時間を確保してください。静かな環境で生活リズムを整えることが、次に協力する力を保つ支えになります。,100,1
2026_08_SIGN_VENUS_VIRGO_LIBRA_S11_S12_N07,2026-08,30,VENUS,sign_ingress,VIRGO,LIBRA,11,12,ANY,ANY,7,transit_calendar,VENUS:sign_ingress:LIBRA,exact_day,金星が{event_date}に天秤座へ移ると、友人や仲間に開いていた関係が、二人だけの感情や言葉にしにくい問題へ向かいます。相手の気持ちを察し続けず、話せることと今は保留したいことを伝えてください。無理に近づかず静かな距離を保つことが、関係の本音を確かめる助けになります。,100,1
2026_08_SIGN_VENUS_VIRGO_LIBRA_S11_S12_N08,2026-08,30,VENUS,sign_ingress,VIRGO,LIBRA,11,12,ANY,ANY,8,transit_calendar,VENUS:sign_ingress:LIBRA,exact_day,{event_date}に金星が天秤座へ移ると、共同資金や秘密を扱う集団の動きから離れ、個人的な喪失感や手放したい結びつきへ目が向きます。過去の貸し借りや未処理の手続きを放置せず、記録を確認して区切りをつけてください。静かな整理が、心と資源に余白を戻す支えになります。,100,1
2026_08_SIGN_VENUS_VIRGO_LIBRA_S11_S12_N09,2026-08,30,VENUS,sign_ingress,VIRGO,LIBRA,11,12,ANY,ANY,9,transit_calendar,VENUS:sign_ingress:LIBRA,exact_day,金星が{event_date}に天秤座へ移ると、広い人脈や共同の理想より、ひとりで深める読書、祈り、芸術、旅の記憶に心が向きます。美しい考えに逃げ込まず、今の生活にどう持ち帰れるかを確かめてください。静かな探究が、自分だけの意味を見つける助けになります。,100,1
2026_08_SIGN_VENUS_VIRGO_LIBRA_S11_S12_N10,2026-08,30,VENUS,sign_ingress,VIRGO,LIBRA,11,12,ANY,ANY,10,transit_calendar,VENUS:sign_ingress:LIBRA,exact_day,{event_date}に金星が天秤座へ移ると、仲間と担っていた社会的な活動から、目立たない支援や準備の役割へ重心が移ります。功績を隠すことを美徳にせず、責任の範囲と評価の受け方を確認してください。舞台裏でも境界を保つことが、公の仕事を無理なく支える土台になります。,100,1
2026_08_SIGN_VENUS_VIRGO_LIBRA_S11_S12_N11,2026-08,30,VENUS,sign_ingress,VIRGO,LIBRA,11,12,ANY,ANY,11,transit_calendar,VENUS:sign_ingress:LIBRA,exact_day,金星が{event_date}に天秤座へ移ると、友人やコミュニティとの活発な交流をいったん緩め、つながり方を内側から見直す流れになります。所属し続ける義務感を手放し、返事を待ってもらう場や離れたい集まりを選んでください。距離を置く時間が、本当に残したい縁を見極める助けになります。,100,1
2026_08_SIGN_VENUS_VIRGO_LIBRA_S11_S12_N12,2026-08,30,VENUS,sign_ingress,VIRGO,LIBRA,11,12,ANY,ANY,12,transit_calendar,VENUS:sign_ingress:LIBRA,exact_day,{event_date}に金星が天秤座へ移ると、休息、夢、記憶、言葉にならない感情など、内面の静かな領域が豊かになりやすくなります。誰かを救うために自分を後回しにせず、支援できる範囲と眠る時間を守ってください。ひとりの時間を受け入れることが、古い感情を穏やかに手放す支えになります。,100,1
2026_08_SIGN_MERCURY_CANCER_LEO_S12_S01_N01,2026-08,35,MERCURY,sign_ingress,CANCER,LEO,12,1,ANY,ANY,1,transit_calendar,MERCURY:sign_ingress:LEO,exact_day,水星が{event_date}に獅子座へ移ると、内側で考え続けていたことを、自分の言葉と判断としてはっきり示したくなります。注目を集める話し方より、今の自分が本当に伝えたい要点を選んでください。率直で落ち着いた表明が、新しい自己紹介や決断を支えます。,100,1
2026_08_SIGN_MERCURY_CANCER_LEO_S12_S01_N02,2026-08,35,MERCURY,sign_ingress,CANCER,LEO,12,1,ANY,ANY,2,transit_calendar,MERCURY:sign_ingress:LEO,exact_day,{event_date}に水星が獅子座へ移ると、心の中で抱えていたお金や持ち物への不安を、自分の基準に沿った予算や希望として言葉にしやすくなります。見栄で金額を決めず、必要なものと誇りを感じる使い道を分けてください。価値観を明確にすることが、現実的な選択を助けます。,100,1
2026_08_SIGN_MERCURY_CANCER_LEO_S12_S01_N03,2026-08,35,MERCURY,sign_ingress,CANCER,LEO,12,1,ANY,ANY,3,transit_calendar,MERCURY:sign_ingress:LEO,exact_day,水星が{event_date}に獅子座へ移ると、下書きや独り言のように温めていた考えを、会話、文章、学習の場で外へ出す流れが始まります。勢いで結論だけを伝えず、理由と相手に聞きたいことも添えてください。自分の声を使った往復が、理解を深めます。,100,1
2026_08_SIGN_MERCURY_CANCER_LEO_S12_S01_N04,2026-08,35,MERCURY,sign_ingress,CANCER,LEO,12,1,ANY,ANY,4,transit_calendar,MERCURY:sign_ingress:LEO,exact_day,{event_date}に水星が獅子座へ移ると、家族について胸の内で整理していた思いや、自宅で必要としていることを、自分から伝えたくなります。家庭の事情を広く話しすぎず、共有する相手と範囲を選んでください。安心を守りながら率直に話すことが、暮らしの調整につながります。,100,1
2026_08_SIGN_MERCURY_CANCER_LEO_S12_S01_N05,2026-08,35,MERCURY,sign_ingress,CANCER,LEO,12,1,ANY,ANY,5,transit_calendar,MERCURY:sign_ingress:LEO,exact_day,水星が{event_date}に獅子座へ移ると、人知れず育てていた創作案、好意、遊びの計画を、自分らしい表現として見せたくなります。反応を得るために話を大きくせず、まず一つの作品や誘いに形を与えてください。楽しさを言葉にすることが、次の交流を始めます。,100,1
2026_08_SIGN_MERCURY_CANCER_LEO_S12_S01_N06,2026-08,35,MERCURY,sign_ingress,CANCER,LEO,12,1,ANY,ANY,6,transit_calendar,MERCURY:sign_ingress:LEO,exact_day,{event_date}に水星が獅子座へ移ると、気づきながら言えなかった仕事上の負担や生活習慣の課題を、改善案として提案しやすくなります。自分の方法を押し通さず、優先順位と試す期間を共有してください。簡潔な手順にまとめることが、日々の実務を動かします。,100,1
2026_08_SIGN_MERCURY_CANCER_LEO_S12_S01_N07,2026-08,35,MERCURY,sign_ingress,CANCER,LEO,12,1,ANY,ANY,7,transit_calendar,MERCURY:sign_ingress:LEO,exact_day,水星が{event_date}に獅子座へ移ると、相手に合わせて飲み込んでいた考えを、一対一の対話で自分の立場として示す機会が増えます。話す勇気だけでなく、相手の返答を聞く時間も確保してください。双方の言葉を並べて考えることが、関係の判断を助けます。,100,1
2026_08_SIGN_MERCURY_CANCER_LEO_S12_S01_N08,2026-08,35,MERCURY,sign_ingress,CANCER,LEO,12,1,ANY,ANY,8,transit_calendar,MERCURY:sign_ingress:LEO,exact_day,{event_date}に水星が獅子座へ移ると、共有資金、秘密、親密な気持ちについて内側で考えていたことを、自分の条件として明確にしたくなります。強い口調で同意を急がず、確認したい項目と非公開にする範囲を分けてください。慎重な自己表明が、深い話し合いの入口になります。,100,1
2026_08_SIGN_MERCURY_CANCER_LEO_S12_S01_N09,2026-08,35,MERCURY,sign_ingress,CANCER,LEO,12,1,ANY,ANY,9,transit_calendar,MERCURY:sign_ingress:LEO,exact_day,水星が{event_date}に獅子座へ移ると、静かに深めていた信念や学びを、発表、旅の計画、専門的な問いとして外へ展開したくなります。確信だけで語らず、資料を確かめ、まだ分からない点も示してください。自分の視点を開いて伝えることが、探究の幅を広げます。,100,1
2026_08_SIGN_MERCURY_CANCER_LEO_S12_S01_N10,2026-08,35,MERCURY,sign_ingress,CANCER,LEO,12,1,ANY,ANY,10,transit_calendar,MERCURY:sign_ingress:LEO,exact_day,{event_date}に水星が獅子座へ移ると、舞台裏で練っていた仕事の構想や判断を、公的な提案や今後の方針として示す流れが始まります。印象を強めるために約束を増やさず、期限と責任範囲を確認してください。準備した内容を端的に話すことが、役割への理解を集めます。,100,1
2026_08_SIGN_MERCURY_CANCER_LEO_S12_S01_N11,2026-08,35,MERCURY,sign_ingress,CANCER,LEO,12,1,ANY,ANY,11,transit_calendar,MERCURY:sign_ingress:LEO,exact_day,水星が{event_date}に獅子座へ移ると、仲間や将来について一人で考えていた案を、グループへ提案し、意見を集める段階に入ります。自分の発想を完成形として押し出さず、加えてほしい視点を具体的に尋ねてください。明るい呼びかけが、共同計画の始動を助けます。,100,1
2026_08_SIGN_MERCURY_CANCER_LEO_S12_S01_N12,2026-08,35,MERCURY,sign_ingress,CANCER,LEO,12,1,ANY,ANY,12,transit_calendar,MERCURY:sign_ingress:LEO,exact_day,{event_date}に水星が獅子座へ移ると、夢、記憶、直感の中にあった言葉が輪郭を持ち、自分の声として表れやすくなります。すべてをすぐ説明しようとせず、書き留めてから話す内容と時機を選んでください。静けさを残した表現が、内面の理解を外の判断へつなぎます。,100,1
2026_08_SIGN_MERCURY_CANCER_LEO_S01_S02_N01,2026-08,35,MERCURY,sign_ingress,CANCER,LEO,1,2,ANY,ANY,1,transit_calendar,MERCURY:sign_ingress:LEO,exact_day,水星が{event_date}に獅子座へ移ると、自分の考えを示すことから一歩進み、何を大切にし、何へ時間やお金を使うかを言葉にしたくなります。所有物や金額を自分らしさの証明にせず、譲れない基準を一つ選んでください。価値観に沿った判断が、自己信頼を支えます。,100,1
2026_08_SIGN_MERCURY_CANCER_LEO_S01_S02_N02,2026-08,35,MERCURY,sign_ingress,CANCER,LEO,1,2,ANY,ANY,2,transit_calendar,MERCURY:sign_ingress:LEO,exact_day,{event_date}に水星が獅子座へ移ると、収入、予算、持ち物、技能、対価について主体的に考え、方針を決める機会が増えます。楽観的な見積もりだけで動かず、数字と期限を確認してください。自分が納得できる価値の基準を明確にすることが、日々の選択を整えます。,100,1
2026_08_SIGN_MERCURY_CANCER_LEO_S01_S02_N03,2026-08,35,MERCURY,sign_ingress,CANCER,LEO,1,2,ANY,ANY,3,transit_calendar,MERCURY:sign_ingress:LEO,exact_day,水星が{event_date}に獅子座へ移ると、会話や発信の内容が、自分の知識をどう役立て、どの道具や学びへ費用をかけるかという判断につながります。得意なことを大きく売り込まず、提供できる範囲を具体的に示してください。言葉と価値を結ぶ工夫が、現実的な交渉を助けます。,100,1
2026_08_SIGN_MERCURY_CANCER_LEO_S01_S02_N04,2026-08,35,MERCURY,sign_ingress,CANCER,LEO,1,2,ANY,ANY,4,transit_calendar,MERCURY:sign_ingress:LEO,exact_day,{event_date}に水星が獅子座へ移ると、家族や住まいに関する考えを、生活費、共有物、安心のために必要なものという形で話し合いたくなります。家族の価値観を自分の基準と同じにせず、誰が何を負担するかを確認してください。率直な相談が、暮らしの土台を整えます。,100,1
2026_08_SIGN_MERCURY_CANCER_LEO_S01_S02_N05,2026-08,35,MERCURY,sign_ingress,CANCER,LEO,1,2,ANY,ANY,5,transit_calendar,MERCURY:sign_ingress:LEO,exact_day,水星が{event_date}に獅子座へ移ると、創作、趣味、恋愛で表したいことが、才能の扱い方、制作費、楽しみに使う予算へ具体化します。評価されるために価格や支出を決めず、続けたい理由を言葉にしてください。喜びと現実を並べて考えることが、表現を育てます。,100,1
2026_08_SIGN_MERCURY_CANCER_LEO_S01_S02_N06,2026-08,35,MERCURY,sign_ingress,CANCER,LEO,1,2,ANY,ANY,6,transit_calendar,MERCURY:sign_ingress:LEO,exact_day,{event_date}に水星が獅子座へ移ると、仕事や日課で使う技能、道具、報酬について、自分の希望をはっきり伝えやすくなります。頑張りを証明するために負担を引き受けず、作業量と対価を分けて確認してください。実務を数字で整理することが、働き方の判断を助けます。,100,1
2026_08_SIGN_MERCURY_CANCER_LEO_S01_S02_N07,2026-08,35,MERCURY,sign_ingress,CANCER,LEO,1,2,ANY,ANY,7,transit_calendar,MERCURY:sign_ingress:LEO,exact_day,水星が{event_date}に獅子座へ移ると、パートナーや依頼相手との会話が、お金、物、時間をどう持ち寄るかという具体的な相談へ進みます。自分の基準だけで公平さを決めず、相手が大切にする点も聞いてください。条件を言葉にした合意が、対等なやり取りを支えます。,100,1
2026_08_SIGN_MERCURY_CANCER_LEO_S01_S02_N08,2026-08,35,MERCURY,sign_ingress,CANCER,LEO,1,2,ANY,ANY,8,transit_calendar,MERCURY:sign_ingress:LEO,exact_day,{event_date}に水星が獅子座へ移ると、自分の収入や所有物と、共有資金、借りたもの、相手の責任を分けて考える必要が見えやすくなります。親密さを理由に詳細を曖昧にせず、確認項目と守秘の範囲を決めてください。明確な区分が、落ち着いた共同管理を助けます。,100,1
2026_08_SIGN_MERCURY_CANCER_LEO_S01_S02_N09,2026-08,35,MERCURY,sign_ingress,CANCER,LEO,1,2,ANY,ANY,9,transit_calendar,MERCURY:sign_ingress:LEO,exact_day,水星が{event_date}に獅子座へ移ると、学び、旅、専門知識にどれだけ時間と費用を使うかを、自分の価値観から判断したくなります。理想だけで計画を広げず、必要な資料と予算を確かめてください。知りたい理由を明確にすることが、納得できる選択につながります。,100,1
2026_08_SIGN_MERCURY_CANCER_LEO_S01_S02_N10,2026-08,35,MERCURY,sign_ingress,CANCER,LEO,1,2,ANY,ANY,10,transit_calendar,MERCURY:sign_ingress:LEO,exact_day,{event_date}に水星が獅子座へ移ると、仕事上の肩書きや発言が、報酬、予算、使える資源についての交渉へ結びつきやすくなります。自信を見せるために約束を増やさず、成果物と条件を確認してください。自分の価値を具体的に説明することが、公的な判断を支えます。,100,1
2026_08_SIGN_MERCURY_CANCER_LEO_S01_S02_N11,2026-08,35,MERCURY,sign_ingress,CANCER,LEO,1,2,ANY,ANY,11,transit_calendar,MERCURY:sign_ingress:LEO,exact_day,水星が{event_date}に獅子座へ移ると、仲間との企画や将来目標について、会費、共同購入、必要な技能を具体的に話す機会が増えます。熱意だけで持ち出しを決めず、目的と負担の上限を共有してください。透明な言葉で資源を扱うことが、共同計画を安定させます。,100,1
2026_08_SIGN_MERCURY_CANCER_LEO_S01_S02_N12,2026-08,35,MERCURY,sign_ingress,CANCER,LEO,1,2,ANY,ANY,12,transit_calendar,MERCURY:sign_ingress:LEO,exact_day,{event_date}に水星が獅子座へ移ると、気づかないまま続けていた支出や、自分の価値への静かな不安を、内側から見直したくなります。責める言葉で記録せず、残したいものと終えたい契約を分けてください。人に見せない整理が、安心できる判断基準を取り戻します。,100,1
2026_08_SIGN_MERCURY_CANCER_LEO_S02_S03_N01,2026-08,35,MERCURY,sign_ingress,CANCER,LEO,2,3,ANY,ANY,1,transit_calendar,MERCURY:sign_ingress:LEO,exact_day,水星が{event_date}に獅子座へ移ると、自分の価値観を胸に置くだけでなく、会話や文章で分かりやすく伝える機会が増えます。自信を見せるために言葉を飾らず、経験したことと望むことを分けてください。自分の声で説明する姿勢が、日々の判断を周囲へ伝えます。,100,1
2026_08_SIGN_MERCURY_CANCER_LEO_S02_S03_N02,2026-08,35,MERCURY,sign_ingress,CANCER,LEO,2,3,ANY,ANY,2,transit_calendar,MERCURY:sign_ingress:LEO,exact_day,{event_date}に水星が獅子座へ移ると、収入、価格、持ち物について考えた内容を、問い合わせ、比較、記録、身近な人との相談へ移したくなります。印象だけで決めず、数字と条件をメモしてください。具体的な質問を重ねることが、納得できる買い方や使い方を助けます。,100,1
2026_08_SIGN_MERCURY_CANCER_LEO_S02_S03_N03,2026-08,35,MERCURY,sign_ingress,CANCER,LEO,2,3,ANY,ANY,3,transit_calendar,MERCURY:sign_ingress:LEO,exact_day,水星が{event_date}に獅子座へ移ると、会話、学習、連絡、短い移動が活発になり、自分の考えを表す場面が増えます。一度に多くを伝えようとせず、要点、期限、返答が必要なことを分けてください。明るく整理された言葉が、身近な情報交換を滑らかにします。,100,1
2026_08_SIGN_MERCURY_CANCER_LEO_S02_S03_N04,2026-08,35,MERCURY,sign_ingress,CANCER,LEO,2,3,ANY,ANY,4,transit_calendar,MERCURY:sign_ingress:LEO,exact_day,{event_date}に水星が獅子座へ移ると、家や家族にとって大切なことを、予定、手続き、近所との連絡など具体的な言葉へ落とし込みたくなります。感情を結論の代わりにせず、事実と希望を順に伝えてください。暮らしに関する連絡を整えることが、安心できる居場所を支えます。,100,1
2026_08_SIGN_MERCURY_CANCER_LEO_S02_S03_N05,2026-08,35,MERCURY,sign_ingress,CANCER,LEO,2,3,ANY,ANY,5,transit_calendar,MERCURY:sign_ingress:LEO,exact_day,水星が{event_date}に獅子座へ移ると、才能や好みについて考えたことを、物語、遊びの誘い、恋愛の言葉、作品紹介として表現したくなります。反応を得ようと話を盛らず、自分が面白いと思う点を具体的に伝えてください。楽しさのある会話が、創作や交流の入口になります。,100,1
2026_08_SIGN_MERCURY_CANCER_LEO_S02_S03_N06,2026-08,35,MERCURY,sign_ingress,CANCER,LEO,2,3,ANY,ANY,6,transit_calendar,MERCURY:sign_ingress:LEO,exact_day,{event_date}に水星が獅子座へ移ると、技能や道具への判断が、仕事の手順、依頼内容、予定調整など日々の連絡へつながります。説明する側だけで完了とせず、相手が理解した点も確認してください。短く再利用できる指示を作ることが、実務の行き違いを減らします。,100,1
2026_08_SIGN_MERCURY_CANCER_LEO_S02_S03_N07,2026-08,35,MERCURY,sign_ingress,CANCER,LEO,2,3,ANY,ANY,7,transit_calendar,MERCURY:sign_ingress:LEO,exact_day,水星が{event_date}に獅子座へ移ると、自分と相手が大切にする条件を、交渉、相談、日程調整の中で具体的に言葉にする機会が増えます。主張の強さで結論を決めず、相手の質問にも耳を傾けてください。互いの要点を言い直すことが、対等な合意を助けます。,100,1
2026_08_SIGN_MERCURY_CANCER_LEO_S02_S03_N08,2026-08,35,MERCURY,sign_ingress,CANCER,LEO,2,3,ANY,ANY,8,transit_calendar,MERCURY:sign_ingress:LEO,exact_day,{event_date}に水星が獅子座へ移ると、お金や所有物への考えが、共有資金、契約、返済予定、内密な相談についての連絡へ広がります。大切な内容を口頭だけで済ませず、記録と閲覧範囲を確認してください。慎重で明確なやり取りが、深い信頼を守る助けになります。,100,1
2026_08_SIGN_MERCURY_CANCER_LEO_S02_S03_N09,2026-08,35,MERCURY,sign_ingress,CANCER,LEO,2,3,ANY,ANY,9,transit_calendar,MERCURY:sign_ingress:LEO,exact_day,水星が{event_date}に獅子座へ移ると、自分が価値を感じる学びや経験を、発表、執筆、旅程、専門的な質問として伝えたくなります。確信を強く語る前に、出典と現地情報を確かめてください。身近な言葉へ訳して話すことが、広い視点を共有する助けになります。,100,1
2026_08_SIGN_MERCURY_CANCER_LEO_S02_S03_N10,2026-08,35,MERCURY,sign_ingress,CANCER,LEO,2,3,ANY,ANY,10,transit_calendar,MERCURY:sign_ingress:LEO,exact_day,{event_date}に水星が獅子座へ移ると、仕事で大切にしたい基準を、報告、提案、面談、公的な発信として示す場面が増えます。印象的な表現を優先せず、担当範囲と根拠を明確にしてください。要点を整えた説明が、役割への理解と判断を支えます。,100,1
2026_08_SIGN_MERCURY_CANCER_LEO_S02_S03_N11,2026-08,35,MERCURY,sign_ingress,CANCER,LEO,2,3,ANY,ANY,11,transit_calendar,MERCURY:sign_ingress:LEO,exact_day,水星が{event_date}に獅子座へ移ると、仲間と共有する価値や資源について、連絡網、募集文、企画資料を作る流れが始まります。熱意のある人だけが分かる言葉にせず、目的と参加条件を示してください。開かれた伝え方が、共同目標への参加を助けます。,100,1
2026_08_SIGN_MERCURY_CANCER_LEO_S02_S03_N12,2026-08,35,MERCURY,sign_ingress,CANCER,LEO,2,3,ANY,ANY,12,transit_calendar,MERCURY:sign_ingress:LEO,exact_day,{event_date}に水星が獅子座へ移ると、自分の価値への静かな迷いが、夢や記憶から浮かぶ言葉、書きかけのメモとして表れやすくなります。すぐ人に説明せず、まず安心できる場所で読み返してください。内側の声を丁寧に拾うことが、後に伝えるべき要点を整えます。,100,1
2026_08_SIGN_MERCURY_CANCER_LEO_S03_S04_N01,2026-08,35,MERCURY,sign_ingress,CANCER,LEO,3,4,ANY,ANY,1,transit_calendar,MERCURY:sign_ingress:LEO,exact_day,水星が{event_date}に獅子座へ移ると、外で交わしていた言葉を家へ持ち帰り、自分が安心して話せる環境や家族の中での立場を整えたくなります。声の大きさで主導権を取らず、家で守りたいことを具体的に伝えてください。率直な私的対話が、自分の基盤を支えます。,100,1
2026_08_SIGN_MERCURY_CANCER_LEO_S03_S04_N02,2026-08,35,MERCURY,sign_ingress,CANCER,LEO,3,4,ANY,ANY,2,transit_calendar,MERCURY:sign_ingress:LEO,exact_day,{event_date}に水星が獅子座へ移ると、買い物や価格について集めた情報を、住居費、生活用品、家族で使う物の判断へ結びつける機会が増えます。安心感だけで支出を決めず、金額と優先順位を確認してください。家庭の価値観を言葉にすることが、暮らしの予算を整えます。,100,1
2026_08_SIGN_MERCURY_CANCER_LEO_S03_S04_N03,2026-08,35,MERCURY,sign_ingress,CANCER,LEO,3,4,ANY,ANY,3,transit_calendar,MERCURY:sign_ingress:LEO,exact_day,水星が{event_date}に獅子座へ移ると、活発だった連絡や移動を少し落ち着かせ、家族、きょうだい、近所との予定を家の都合に合わせて組み直したくなります。伝えたつもりで進めず、集合場所や期限を確認してください。身近な情報を一本化することが、家庭内の行き違いを減らします。,100,1
2026_08_SIGN_MERCURY_CANCER_LEO_S03_S04_N04,2026-08,35,MERCURY,sign_ingress,CANCER,LEO,3,4,ANY,ANY,4,transit_calendar,MERCURY:sign_ingress:LEO,exact_day,{event_date}に水星が獅子座へ移ると、家族との会話、住まいの計画、昔の記録、安心できる居場所について考えることが中心になります。過去の印象だけで結論を出さず、今の希望を一人ずつ聞いてください。思い出と現状を分けて話すことが、家庭の方針を明確にします。,100,1
2026_08_SIGN_MERCURY_CANCER_LEO_S03_S04_N05,2026-08,35,MERCURY,sign_ingress,CANCER,LEO,3,4,ANY,ANY,5,transit_calendar,MERCURY:sign_ingress:LEO,exact_day,水星が{event_date}に獅子座へ移ると、外で得た話題や学びを、自宅での創作、家族との遊び、親しい人へ伝える物語として楽しみたくなります。受けを狙って家庭の出来事を公開せず、話してよい範囲を選んでください。温かな表現が、家の中に喜びある会話を増やします。,100,1
2026_08_SIGN_MERCURY_CANCER_LEO_S03_S04_N06,2026-08,35,MERCURY,sign_ingress,CANCER,LEO,3,4,ANY,ANY,6,transit_calendar,MERCURY:sign_ingress:LEO,exact_day,{event_date}に水星が獅子座へ移ると、日々の連絡や仕事の情報を、家事、在宅作業、身近な人の予定へ無理なく組み込む方法を考えたくなります。通知や用事を増やす前に、家で共有する項目を絞ってください。簡潔な予定表が、実務と休息の境界を整えます。,100,1
2026_08_SIGN_MERCURY_CANCER_LEO_S03_S04_N07,2026-08,35,MERCURY,sign_ingress,CANCER,LEO,3,4,ANY,ANY,7,transit_calendar,MERCURY:sign_ingress:LEO,exact_day,水星が{event_date}に獅子座へ移ると、パートナーや相談相手との日常的な会話が、住む場所、家族との関わり、家庭での役割についての話し合いへ進みます。自分の安心を唯一の基準にせず、相手の居心地も聞いてください。具体的な暮らしの言葉が、関係の判断を助けます。,100,1
2026_08_SIGN_MERCURY_CANCER_LEO_S03_S04_N08,2026-08,35,MERCURY,sign_ingress,CANCER,LEO,3,4,ANY,ANY,8,transit_calendar,MERCURY:sign_ingress:LEO,exact_day,{event_date}に水星が獅子座へ移ると、連絡や書類の整理が、家族の共有資金、住まいに関する契約、受け継いだ情報の確認へつながります。内密な事情を感情の勢いで話さず、共有する人と記録の場所を決めてください。慎重な確認が、家庭の信頼と安心を守ります。,100,1
2026_08_SIGN_MERCURY_CANCER_LEO_S03_S04_N09,2026-08,35,MERCURY,sign_ingress,CANCER,LEO,3,4,ANY,ANY,9,transit_calendar,MERCURY:sign_ingress:LEO,exact_day,水星が{event_date}に獅子座へ移ると、学びや遠方の情報を、故郷、家族の歴史、これから住みたい場所について考える材料にしたくなります。一つの理想像だけで決めず、資料と現実の条件を確かめてください。広い視点から家の意味を語ることが、選択肢を整理します。,100,1
2026_08_SIGN_MERCURY_CANCER_LEO_S03_S04_N10,2026-08,35,MERCURY,sign_ingress,CANCER,LEO,3,4,ANY,ANY,10,transit_calendar,MERCURY:sign_ingress:LEO,exact_day,{event_date}に水星が獅子座へ移ると、仕事上の連絡や発言が、家で過ごす時間、家族への説明、私生活の方針へ影響しやすくなります。公の予定を優先し続けず、家庭で共有すべき変更を早めに伝えてください。仕事と家の情報を分けることが、双方の責任を支えます。,100,1
2026_08_SIGN_MERCURY_CANCER_LEO_S03_S04_N11,2026-08,35,MERCURY,sign_ingress,CANCER,LEO,3,4,ANY,ANY,11,transit_calendar,MERCURY:sign_ingress:LEO,exact_day,水星が{event_date}に獅子座へ移ると、仲間との会話や共同計画を、自宅、地域、安心できる居場所でどう実施するか考える機会が増えます。善意で家をいつも開放せず、招く人数と時間を示してください。明確な案内が、私生活を守りながら交流を支えます。,100,1
2026_08_SIGN_MERCURY_CANCER_LEO_S03_S04_N12,2026-08,35,MERCURY,sign_ingress,CANCER,LEO,3,4,ANY,ANY,12,transit_calendar,MERCURY:sign_ingress:LEO,exact_day,{event_date}に水星が獅子座へ移ると、日々の情報の奥に隠れていた家族の記憶や、言葉にならない安心への望みが浮かびやすくなります。すぐ答えを求めず、静かな場所で書き留めてください。内側の声を丁寧に聞くことが、後に家族へ伝えるべき内容を整えます。,100,1
2026_08_SIGN_MERCURY_CANCER_LEO_S04_S05_N01,2026-08,35,MERCURY,sign_ingress,CANCER,LEO,4,5,ANY,ANY,1,transit_calendar,MERCURY:sign_ingress:LEO,exact_day,水星が{event_date}に獅子座へ移ると、家庭で温めていた考えや好きなことを、自分らしい作品、遊びの提案、明るい言葉として表したくなります。上手に見せることより、何が楽しいかを率直に伝えてください。自分から始める表現が、日常に新しい喜びを招きます。,100,1
2026_08_SIGN_MERCURY_CANCER_LEO_S04_S05_N02,2026-08,35,MERCURY,sign_ingress,CANCER,LEO,4,5,ANY,ANY,2,transit_calendar,MERCURY:sign_ingress:LEO,exact_day,{event_date}に水星が獅子座へ移ると、家に使っていたお金や物への判断が、趣味、創作、デート、楽しみの予算へ広がります。気分を上げるためだけに支出を増やさず、続けたい楽しみを選んでください。自分の価値観に合う計画が、喜びを無理なく育てます。,100,1
2026_08_SIGN_MERCURY_CANCER_LEO_S04_S05_N03,2026-08,35,MERCURY,sign_ingress,CANCER,LEO,4,5,ANY,ANY,3,transit_calendar,MERCURY:sign_ingress:LEO,exact_day,水星が{event_date}に獅子座へ移ると、家族や身近な人との会話から得た題材を、物語、短い発信、遊びの案、学びの工夫へ展開したくなります。面白さを優先して事実を変えず、引用する範囲を確かめてください。軽やかな言葉の往復が、創造的な発想を広げます。,100,1
2026_08_SIGN_MERCURY_CANCER_LEO_S04_S05_N04,2026-08,35,MERCURY,sign_ingress,CANCER,LEO,4,5,ANY,ANY,4,transit_calendar,MERCURY:sign_ingress:LEO,exact_day,{event_date}に水星が獅子座へ移ると、家族の思い出や自宅での経験を、創作、祝い事、親しい人との楽しい計画として語り直したくなります。家庭の話を作品にするときは、関わる人の気持ちにも配慮してください。安心できる場所から生まれる表現が、喜びを深めます。,100,1
2026_08_SIGN_MERCURY_CANCER_LEO_S04_S05_N05,2026-08,35,MERCURY,sign_ingress,CANCER,LEO,4,5,ANY,ANY,5,transit_calendar,MERCURY:sign_ingress:LEO,exact_day,水星が{event_date}に獅子座へ移ると、創作、恋愛、遊び、自己表現について考え、言葉にし、予定を立てることが中心になります。反応を求めて話を大きくせず、まず試したい案を一つ選んでください。自分が心から面白いと思うことを語る姿勢が、交流を活発にします。,100,1
2026_08_SIGN_MERCURY_CANCER_LEO_S04_S05_N06,2026-08,35,MERCURY,sign_ingress,CANCER,LEO,4,5,ANY,ANY,6,transit_calendar,MERCURY:sign_ingress:LEO,exact_day,{event_date}に水星が獅子座へ移ると、自宅で思いついた創作や楽しみを、練習、制作時間、日々の小さな予定へ組み込む方法を考えたくなります。遊びまで義務にせず、続けられる頻度を決めてください。短い習慣にする工夫が、表現を実際の形へ育てます。,100,1
2026_08_SIGN_MERCURY_CANCER_LEO_S04_S05_N07,2026-08,35,MERCURY,sign_ingress,CANCER,LEO,4,5,ANY,ANY,7,transit_calendar,MERCURY:sign_ingress:LEO,exact_day,水星が{event_date}に獅子座へ移ると、家庭や安心について話していた相手と、デート、趣味、創作など一緒に楽しむ計画を相談しやすくなります。自分の案だけを披露せず、相手が心惹かれることも聞いてください。互いの好みを言葉にすることが、関係に遊び心を戻します。,100,1
2026_08_SIGN_MERCURY_CANCER_LEO_S04_S05_N08,2026-08,35,MERCURY,sign_ingress,CANCER,LEO,4,5,ANY,ANY,8,transit_calendar,MERCURY:sign_ingress:LEO,exact_day,{event_date}に水星が獅子座へ移ると、家族の内密な話や深い感情が、作品、恋愛の会話、親しい相手との率直な表現へつながります。強い気持ちをそのまま公開せず、誰にどこまで伝えるかを選んでください。慎重に形を与えることが、感情を創造的に扱う助けになります。,100,1
2026_08_SIGN_MERCURY_CANCER_LEO_S04_S05_N09,2026-08,35,MERCURY,sign_ingress,CANCER,LEO,4,5,ANY,ANY,9,transit_calendar,MERCURY:sign_ingress:LEO,exact_day,水星が{event_date}に獅子座へ移ると、故郷や家族について考えたことを、学び、旅、出版、文化的な創作へ広げたくなります。印象的な物語だけで結論を作らず、資料と異なる視点も確かめてください。背景を調べた表現が、身近な題材へ広い意味を与えます。,100,1
2026_08_SIGN_MERCURY_CANCER_LEO_S04_S05_N10,2026-08,35,MERCURY,sign_ingress,CANCER,LEO,4,5,ANY,ANY,10,transit_calendar,MERCURY:sign_ingress:LEO,exact_day,{event_date}に水星が獅子座へ移ると、家庭で育てた企画や表現を、仕事上の発表、教育、広報など人に見える形へつなげる機会が増えます。注目を意識して準備不足の案まで約束せず、完成範囲を示してください。明確な構成が、創造性を公的な役割へ結びます。,100,1
2026_08_SIGN_MERCURY_CANCER_LEO_S04_S05_N11,2026-08,35,MERCURY,sign_ingress,CANCER,LEO,4,5,ANY,ANY,11,transit_calendar,MERCURY:sign_ingress:LEO,exact_day,水星が{event_date}に獅子座へ移ると、安心できる仲間との会話から、共同制作、イベント、趣味の集まりを企画する流れが始まります。全員を楽しませようとせず、目的と参加方法を簡潔に伝えてください。個々のアイデアを歓迎する呼びかけが、明るい協力を育てます。,100,1
2026_08_SIGN_MERCURY_CANCER_LEO_S04_S05_N12,2026-08,35,MERCURY,sign_ingress,CANCER,LEO,4,5,ANY,ANY,12,transit_calendar,MERCURY:sign_ingress:LEO,exact_day,{event_date}に水星が獅子座へ移ると、家で静かに抱いていた憧れや創作の種が、夢、直感、書きかけの言葉として浮かびやすくなります。すぐ作品として公開せず、まず安心できる場所で試してください。人に見せない遊びの時間が、本当に表したいものを育てます。,100,1
2026_08_SIGN_MERCURY_CANCER_LEO_S05_S06_N01,2026-08,35,MERCURY,sign_ingress,CANCER,LEO,5,6,ANY,ANY,1,transit_calendar,MERCURY:sign_ingress:LEO,exact_day,水星が{event_date}に獅子座へ移ると、楽しみとして考えていた案を、自分の働き方、身支度、毎日の手順へ落とし込みたくなります。勢いよく予定を詰めず、まず一つの習慣を試してください。自分に合う言葉で手順を決めることが、無理のない実行力につながります。,100,1
2026_08_SIGN_MERCURY_CANCER_LEO_S05_S06_N02,2026-08,35,MERCURY,sign_ingress,CANCER,LEO,5,6,ANY,ANY,2,transit_calendar,MERCURY:sign_ingress:LEO,exact_day,{event_date}に水星が獅子座へ移ると、趣味や創作に使ってきた時間とお金を、仕事道具、技能の練習、日々の管理へ振り分ける視点が生まれます。楽しさだけで買い足さず、使う頻度と予算を確かめてください。大切にしたい価値を日課へ反映すると、満足感を保ちやすくなります。,100,1
2026_08_SIGN_MERCURY_CANCER_LEO_S05_S06_N03,2026-08,35,MERCURY,sign_ingress,CANCER,LEO,5,6,ANY,ANY,3,transit_calendar,MERCURY:sign_ingress:LEO,exact_day,水星が{event_date}に獅子座へ移ると、遊びから生まれた話題や表現を、連絡、メモ、学習、近距離の用事へ活かしたくなります。説明を面白くする一方で、締切や手順は省かずに伝えてください。短く明確な共有が、日々の動きを軽快に整えます。,100,1
2026_08_SIGN_MERCURY_CANCER_LEO_S05_S06_N04,2026-08,35,MERCURY,sign_ingress,CANCER,LEO,5,6,ANY,ANY,4,transit_calendar,MERCURY:sign_ingress:LEO,exact_day,{event_date}に水星が獅子座へ移ると、家族と楽しんでいた計画や子どもに関する相談が、家事分担、生活時間、自宅での作業手順へ移ります。親しさを理由に役割を曖昧にせず、できる範囲を話し合ってください。家庭のリズムを言葉にすることが、安心と実務の両立を助けます。,100,1
2026_08_SIGN_MERCURY_CANCER_LEO_S05_S06_N05,2026-08,35,MERCURY,sign_ingress,CANCER,LEO,5,6,ANY,ANY,5,transit_calendar,MERCURY:sign_ingress:LEO,exact_day,水星が{event_date}に獅子座へ移ると、創作、恋愛、遊びで膨らんだアイデアを、練習計画、制作工程、日々の小さな作業へ変えたくなります。完成度を急いで楽しみまで管理しすぎず、試す余白を残してください。好きなことを続ける仕組みが、表現に厚みを与えます。,100,1
2026_08_SIGN_MERCURY_CANCER_LEO_S05_S06_N06,2026-08,35,MERCURY,sign_ingress,CANCER,LEO,5,6,ANY,ANY,6,transit_calendar,MERCURY:sign_ingress:LEO,exact_day,{event_date}に水星が獅子座へ移ると、仕事、当番、生活習慣について、自分なりの改善案をはっきり提案したくなります。全部を一度に変えず、優先順位と担当を確認してください。目立つ工夫より実際に続けられる手順を選ぶことが、毎日の負担を整える助けになります。,100,1
2026_08_SIGN_MERCURY_CANCER_LEO_S05_S06_N07,2026-08,35,MERCURY,sign_ingress,CANCER,LEO,5,6,ANY,ANY,7,transit_calendar,MERCURY:sign_ingress:LEO,exact_day,水星が{event_date}に獅子座へ移ると、一緒に楽しむ話から、パートナーや取引相手との役割、期限、日々の連絡方法を決める会話へ進みます。自分のやり方を正解として示さず、相手の負担も聞いてください。具体的な約束を短く共有することが、協力を続けやすくします。,100,1
2026_08_SIGN_MERCURY_CANCER_LEO_S05_S06_N08,2026-08,35,MERCURY,sign_ingress,CANCER,LEO,5,6,ANY,ANY,8,transit_calendar,MERCURY:sign_ingress:LEO,exact_day,{event_date}に水星が獅子座へ移ると、共同制作や親密な関係で生まれた話題が、共有費用、管理作業、引き継ぎ、内密な用件の整理へ向かいます。強い信頼があっても確認を省かず、記録を残してください。扱う範囲を明確にすることが、深い協力を実務面から支えます。,100,1
2026_08_SIGN_MERCURY_CANCER_LEO_S05_S06_N09,2026-08,35,MERCURY,sign_ingress,CANCER,LEO,5,6,ANY,ANY,9,transit_calendar,MERCURY:sign_ingress:LEO,exact_day,水星が{event_date}に獅子座へ移ると、心惹かれたテーマを、専門的な学習、旅の準備、発信や出版の工程へ組み込みたくなります。興味だけで予定を広げず、資料、移動時間、提出条件を確かめてください。好奇心を具体的な課題に変えることが、理解を深めます。,100,1
2026_08_SIGN_MERCURY_CANCER_LEO_S05_S06_N10,2026-08,35,MERCURY,sign_ingress,CANCER,LEO,5,6,ANY,ANY,10,transit_calendar,MERCURY:sign_ingress:LEO,exact_day,{event_date}に水星が獅子座へ移ると、趣味や創作で培った伝え方を、仕事の説明、発表、進行管理、後輩への共有へ活かす場面が増えます。注目を集める表現と実務上の正確さを分け、確認済みの内容を伝えてください。明るく整理された言葉が、役割への信頼を育てます。,100,1
2026_08_SIGN_MERCURY_CANCER_LEO_S05_S06_N11,2026-08,35,MERCURY,sign_ingress,CANCER,LEO,5,6,ANY,ANY,11,transit_calendar,MERCURY:sign_ingress:LEO,exact_day,水星が{event_date}に獅子座へ移ると、仲間と温めた催しや創作案を、担当、日程、連絡網、当日の運営へ落とし込む段階に入ります。熱意の差を責めず、参加できる方法を複数示してください。役割を見える形で共有することが、集まりの活気と継続を支えます。,100,1
2026_08_SIGN_MERCURY_CANCER_LEO_S05_S06_N12,2026-08,35,MERCURY,sign_ingress,CANCER,LEO,5,6,ANY,ANY,12,transit_calendar,MERCURY:sign_ingress:LEO,exact_day,{event_date}に水星が獅子座へ移ると、人に見せず楽しんでいた考えを、準備作業、記録、休息を含む裏方の習慣として整えたくなります。静かな時間まで課題で埋めず、思いつきを置いておく場所を作ってください。目立たない手入れが、次の表現に向かう余力を守ります。,100,1
2026_08_SIGN_MERCURY_CANCER_LEO_S06_S07_N01,2026-08,35,MERCURY,sign_ingress,CANCER,LEO,6,7,ANY,ANY,1,transit_calendar,MERCURY:sign_ingress:LEO,exact_day,水星が{event_date}に獅子座へ移ると、日々の作業で気づいたことを、パートナーや協力者へ率直に伝え、自分に合う関わり方を相談したくなります。主張を通すことだけに集中せず、相手の見方も聞いてください。互いの得意分野を言葉にすると、無理のない協力の形が見えてきます。,100,1
2026_08_SIGN_MERCURY_CANCER_LEO_S06_S07_N02,2026-08,35,MERCURY,sign_ingress,CANCER,LEO,6,7,ANY,ANY,2,transit_calendar,MERCURY:sign_ingress:LEO,exact_day,{event_date}に水星が獅子座へ移ると、仕事量や生活費について考えていたことが、報酬、分担、持ち物、二人の優先順位を決める話し合いへ進みます。好意だけで条件を曖昧にせず、金額や担当を記録してください。価値観の違いを確認することが、納得できる約束を整えます。,100,1
2026_08_SIGN_MERCURY_CANCER_LEO_S06_S07_N03,2026-08,35,MERCURY,sign_ingress,CANCER,LEO,6,7,ANY,ANY,3,transit_calendar,MERCURY:sign_ingress:LEO,exact_day,水星が{event_date}に獅子座へ移ると、日々の連絡や短い学びから得た情報を、相手との交渉、相談、共同作業の会話へ活かしたくなります。話の勢いで結論を急がず、要点を言い換えて確かめてください。往復しやすい言葉を選ぶことが、実務的な合意を助けます。,100,1
2026_08_SIGN_MERCURY_CANCER_LEO_S06_S07_N04,2026-08,35,MERCURY,sign_ingress,CANCER,LEO,6,7,ANY,ANY,4,transit_calendar,MERCURY:sign_ingress:LEO,exact_day,{event_date}に水星が獅子座へ移ると、家事や家族の世話で積み重ねた気づきを、パートナーとの暮らし方、訪問、居場所の約束へ反映したくなります。家庭の慣習を当然とせず、安心できる条件を互いに話してください。生活の細部を共有することが、親密さの土台を整えます。,100,1
2026_08_SIGN_MERCURY_CANCER_LEO_S06_S07_N05,2026-08,35,MERCURY,sign_ingress,CANCER,LEO,6,7,ANY,ANY,5,transit_calendar,MERCURY:sign_ingress:LEO,exact_day,水星が{event_date}に獅子座へ移ると、日課として続けてきた創作や楽しみを、恋人、子ども、制作仲間と一緒に育てる相談が増えます。相手の反応を演出せず、それぞれが楽しめる役割を選んでください。遊び心のある対話が、協力に新しい表現を加えます。,100,1
2026_08_SIGN_MERCURY_CANCER_LEO_S06_S07_N06,2026-08,35,MERCURY,sign_ingress,CANCER,LEO,6,7,ANY,ANY,6,transit_calendar,MERCURY:sign_ingress:LEO,exact_day,{event_date}に水星が獅子座へ移ると、仕事の手順、予定、休憩の取り方を、同僚や支援する相手と具体的に調整する必要が出てきます。改善案を一方的に示さず、続けにくい点を聞いてください。担当と連絡方法を明確にすることが、日々の負担を分けやすくします。,100,1
2026_08_SIGN_MERCURY_CANCER_LEO_S06_S07_N07,2026-08,35,MERCURY,sign_ingress,CANCER,LEO,6,7,ANY,ANY,7,transit_calendar,MERCURY:sign_ingress:LEO,exact_day,水星が{event_date}に獅子座へ移ると、パートナーシップ、契約、交渉について、自分の考えをはっきり示す場面が中心になります。印象的な言葉だけで約束せず、期限、範囲、判断方法まで確認してください。率直さと傾聴を両立することが、対等な合意を支えます。,100,1
2026_08_SIGN_MERCURY_CANCER_LEO_S06_S07_N08,2026-08,35,MERCURY,sign_ingress,CANCER,LEO,6,7,ANY,ANY,8,transit_calendar,MERCURY:sign_ingress:LEO,exact_day,{event_date}に水星が獅子座へ移ると、日々の実務で見えてきた負担を、共有費用、秘密、責任、親密な関係の境界について話し合う流れにつなげます。信頼を試すような聞き方を避け、確認したい点を具体的にしてください。扱う情報と役割を分けることが、深い協力を守ります。,100,1
2026_08_SIGN_MERCURY_CANCER_LEO_S06_S07_N09,2026-08,35,MERCURY,sign_ingress,CANCER,LEO,6,7,ANY,ANY,9,transit_calendar,MERCURY:sign_ingress:LEO,exact_day,水星が{event_date}に獅子座へ移ると、仕事や練習で得た知識を、先生、旅の同行者、発信や出版の協力者との対話で広げたくなります。自分の経験を一般化せず、異なる背景と資料も確かめてください。互いの視野を持ち寄ることが、学びの計画を豊かにします。,100,1
2026_08_SIGN_MERCURY_CANCER_LEO_S06_S07_N10,2026-08,35,MERCURY,sign_ingress,CANCER,LEO,6,7,ANY,ANY,10,transit_calendar,MERCURY:sign_ingress:LEO,exact_day,{event_date}に水星が獅子座へ移ると、日々の成果や改善案を、顧客、上司、公的な相手との打ち合わせや契約条件へ反映する場面が増えます。評価を意識してできる範囲を広く言わず、責任と期限を明示してください。整理された説明が、職務上の協力を進めやすくします。,100,1
2026_08_SIGN_MERCURY_CANCER_LEO_S06_S07_N11,2026-08,35,MERCURY,sign_ingress,CANCER,LEO,6,7,ANY,ANY,11,transit_calendar,MERCURY:sign_ingress:LEO,exact_day,水星が{event_date}に獅子座へ移ると、仲間のために続けてきた作業が、共同主催、代表者との相談、グループ間の連携へ発展します。声の大きい人だけで決めず、参加者の意見を集めてください。目的と連絡窓口を共有することが、集まり同士の協力を整えます。,100,1
2026_08_SIGN_MERCURY_CANCER_LEO_S06_S07_N12,2026-08,35,MERCURY,sign_ingress,CANCER,LEO,6,7,ANY,ANY,12,transit_calendar,MERCURY:sign_ingress:LEO,exact_day,{event_date}に水星が獅子座へ移ると、人知れず担ってきた作業や気遣いを、信頼できる相手へ伝え、支え方や距離を相談したくなります。察してもらうことを期待せず、休みたい時間と助けてほしい範囲を言葉にしてください。静かな対話が、見えない負担をほどく助けになります。,100,1
2026_08_SIGN_MERCURY_CANCER_LEO_S07_S08_N01,2026-08,35,MERCURY,sign_ingress,CANCER,LEO,7,8,ANY,ANY,1,transit_calendar,MERCURY:sign_ingress:LEO,exact_day,水星が{event_date}に獅子座へ移ると、相手との話し合いを通じて、自分が守りたい境界、深く関わりたい範囲、共有できるものを明確にしたくなります。強い言葉で覚悟を示す前に、不安と希望を分けて伝えてください。自分の意思を丁寧に示すことが、信頼の深まり方を選ぶ助けになります。,100,1
2026_08_SIGN_MERCURY_CANCER_LEO_S07_S08_N02,2026-08,35,MERCURY,sign_ingress,CANCER,LEO,7,8,ANY,ANY,2,transit_calendar,MERCURY:sign_ingress:LEO,exact_day,{event_date}に水星が獅子座へ移ると、二人の価値観についての会話が、共有費用、立替、契約金、資産管理など具体的な数字へ進みます。気まずさを避けて概算で済ませず、根拠と期限を確かめてください。自分の負担上限を言葉にすることが、納得できる分担を整えます。,100,1
2026_08_SIGN_MERCURY_CANCER_LEO_S07_S08_N03,2026-08,35,MERCURY,sign_ingress,CANCER,LEO,7,8,ANY,ANY,3,transit_calendar,MERCURY:sign_ingress:LEO,exact_day,水星が{event_date}に獅子座へ移ると、相手との日常的な対話から、内密な相談、重要書類、引き継ぎ事項を詳しく確認する流れが生まれます。興味深い話でも別の人へ広げず、情報の扱い方を聞いてください。質問と記録を丁寧に重ねることが、複雑な内容の理解を助けます。,100,1
2026_08_SIGN_MERCURY_CANCER_LEO_S07_S08_N04,2026-08,35,MERCURY,sign_ingress,CANCER,LEO,7,8,ANY,ANY,4,transit_calendar,MERCURY:sign_ingress:LEO,exact_day,{event_date}に水星が獅子座へ移ると、家族や同居相手との相談が、住居費、家の名義、相続を含む資産、語りにくい家庭事情へ深まります。昔からの決め方を当然とせず、関係者と資料を確かめてください。安心して話せる順序を作ることが、家庭の課題を整理する助けになります。,100,1
2026_08_SIGN_MERCURY_CANCER_LEO_S07_S08_N05,2026-08,35,MERCURY,sign_ingress,CANCER,LEO,7,8,ANY,ANY,5,transit_calendar,MERCURY:sign_ingress:LEO,exact_day,水星が{event_date}に獅子座へ移ると、恋愛や創作の会話が、親密さの境界、制作費、権利、子どもに関する責任を確認する段階へ進みます。盛り上がりだけで共有範囲を決めず、相手の同意を確かめてください。楽しさと慎重さを両立する対話が、大切な関係や作品を守ります。,100,1
2026_08_SIGN_MERCURY_CANCER_LEO_S07_S08_N06,2026-08,35,MERCURY,sign_ingress,CANCER,LEO,7,8,ANY,ANY,6,transit_calendar,MERCURY:sign_ingress:LEO,exact_day,{event_date}に水星が獅子座へ移ると、顧客や同僚との相談が、共同で担う仕事、機密情報、アクセス権、引き継ぎ方法の確認へ深まります。信頼だけに頼らず、閲覧できる人と責任の範囲を記録してください。実務の境界を明確にすることが、落ち着いた連携を支えます。,100,1
2026_08_SIGN_MERCURY_CANCER_LEO_S07_S08_N07,2026-08,35,MERCURY,sign_ingress,CANCER,LEO,7,8,ANY,ANY,7,transit_calendar,MERCURY:sign_ingress:LEO,exact_day,水星が{event_date}に獅子座へ移ると、パートナーとの約束を一段深め、共有する責任、費用、秘密、親密さのあり方を率直に話したくなります。相手の沈黙を同意と決めず、確認する時間を取ってください。互いの境界を尊重した言葉が、対等な信頼を育てます。,100,1
2026_08_SIGN_MERCURY_CANCER_LEO_S07_S08_N08,2026-08,35,MERCURY,sign_ingress,CANCER,LEO,7,8,ANY,ANY,8,transit_calendar,MERCURY:sign_ingress:LEO,exact_day,{event_date}に水星が獅子座へ移ると、共有資産、借りたもの、内密な情報、深い感情について、中心となって整理し説明する場面が増えます。主導権を握るために情報を抱えず、必要な相手へ開示範囲を示してください。透明な確認が、複雑な責任を分ける助けになります。,100,1
2026_08_SIGN_MERCURY_CANCER_LEO_S07_S08_N09,2026-08,35,MERCURY,sign_ingress,CANCER,LEO,7,8,ANY,ANY,9,transit_calendar,MERCURY:sign_ingress:LEO,exact_day,水星が{event_date}に獅子座へ移ると、専門家や旅の同行者との合意が、研究資料、助成、著作権、文化的に慎重な情報の扱いへ広がります。正しさを強調する前に、出典と利用条件を確かめてください。知識の背景まで共有することが、深い学びと協力を支えます。,100,1
2026_08_SIGN_MERCURY_CANCER_LEO_S07_S08_N10,2026-08,35,MERCURY,sign_ingress,CANCER,LEO,7,8,ANY,ANY,10,transit_calendar,MERCURY:sign_ingress:LEO,exact_day,{event_date}に水星が獅子座へ移ると、公的な提携や顧客との会話が、報酬、責任、非公開の交渉、組織内の重要情報へ進みます。立場を守るために曖昧な返答をせず、話せる範囲と確認先を示してください。慎重で明快な説明が、仕事上の信頼を支えます。,100,1
2026_08_SIGN_MERCURY_CANCER_LEO_S07_S08_N11,2026-08,35,MERCURY,sign_ingress,CANCER,LEO,7,8,ANY,ANY,11,transit_calendar,MERCURY:sign_ingress:LEO,exact_day,水星が{event_date}に獅子座へ移ると、仲間との連携が、共同資金、会員情報、備品、運営上の内密事項を管理する話し合いへ深まります。親しい集まりでも一部の人だけで決めず、手続きと閲覧範囲を共有してください。透明な運用が、集団の信頼を守ります。,100,1
2026_08_SIGN_MERCURY_CANCER_LEO_S07_S08_N12,2026-08,35,MERCURY,sign_ingress,CANCER,LEO,7,8,ANY,ANY,12,transit_calendar,MERCURY:sign_ingress:LEO,exact_day,{event_date}に水星が獅子座へ移ると、言葉にしてこなかった不安や願いを、信頼できる相手との静かな対話で少しずつ共有したくなります。すべてを一度に明かさず、話せるところと休みたいところを選んでください。秘密を守る約束が、心の奥を扱う安心につながります。,100,1
2026_08_SIGN_MERCURY_CANCER_LEO_S08_S09_N01,2026-08,35,MERCURY,sign_ingress,CANCER,LEO,8,9,ANY,ANY,1,transit_calendar,MERCURY:sign_ingress:LEO,exact_day,水星が{event_date}に獅子座へ移ると、深い対話や内省で得た気づきを、自分の信念、学びたい分野、これから向かう方向として堂々と言葉にしたくなります。ひとつの経験を普遍的な答えにせず、異なる見方にも触れてください。問いを持って語ることが、自分らしい視野を育てます。,100,1
2026_08_SIGN_MERCURY_CANCER_LEO_S08_S09_N02,2026-08,35,MERCURY,sign_ingress,CANCER,LEO,8,9,ANY,ANY,2,transit_calendar,MERCURY:sign_ingress:LEO,exact_day,{event_date}に水星が獅子座へ移ると、共有費用や資産の整理から、学費、旅費、本や講座など視野を広げる支出へ意識が向かいます。期待だけで大きな予算を組まず、必要額と優先順位を確かめてください。価値ある学びを選ぶ基準が、資源の使い方を整えます。,100,1
2026_08_SIGN_MERCURY_CANCER_LEO_S08_S09_N03,2026-08,35,MERCURY,sign_ingress,CANCER,LEO,8,9,ANY,ANY,3,transit_calendar,MERCURY:sign_ingress:LEO,exact_day,水星が{event_date}に獅子座へ移ると、内密な相談や複雑な資料から得た知識を、記事、研究ノート、講義、遠方との連絡へ展開したくなります。印象的な部分だけを切り出さず、出典と引用条件を確かめてください。丁寧な編集が、深い内容を伝わる言葉へ変えます。,100,1
2026_08_SIGN_MERCURY_CANCER_LEO_S08_S09_N04,2026-08,35,MERCURY,sign_ingress,CANCER,LEO,8,9,ANY,ANY,4,transit_calendar,MERCURY:sign_ingress:LEO,exact_day,{event_date}に水星が獅子座へ移ると、家族の歴史や受け継いだ事情を、故郷、文化、教育、旅という広い視点から捉え直したくなります。身内の物語を代表例として断定せず、本人の意向と資料を確かめてください。背景を学ぶことが、家庭の経験へ新しい意味を与えます。,100,1
2026_08_SIGN_MERCURY_CANCER_LEO_S08_S09_N05,2026-08,35,MERCURY,sign_ingress,CANCER,LEO,8,9,ANY,ANY,5,transit_calendar,MERCURY:sign_ingress:LEO,exact_day,水星が{event_date}に獅子座へ移ると、親密な関係や共同制作で深めた題材を、舞台、出版、教育、文化的な発信へ広げる構想が生まれます。強い物語ほど、関係者の同意と権利を確認してください。遊び心を学びの形へ育てることが、表現の届く範囲を広げます。,100,1
2026_08_SIGN_MERCURY_CANCER_LEO_S08_S09_N06,2026-08,35,MERCURY,sign_ingress,CANCER,LEO,8,9,ANY,ANY,6,transit_calendar,MERCURY:sign_ingress:LEO,exact_day,{event_date}に水星が獅子座へ移ると、仕事で扱ってきた複雑な手順や機密性の高い課題を、研修、資格学習、改善方法の研究へつなげたくなります。一つの方式を正解と決めず、現場の条件を比べてください。経験を体系化することが、実務を広い視点で見直す助けになります。,100,1
2026_08_SIGN_MERCURY_CANCER_LEO_S08_S09_N07,2026-08,35,MERCURY,sign_ingress,CANCER,LEO,8,9,ANY,ANY,7,transit_calendar,MERCURY:sign_ingress:LEO,exact_day,水星が{event_date}に獅子座へ移ると、パートナーとの深い話し合いが、共に学ぶテーマ、遠方への計画、価値観や将来像を語る段階へ進みます。理想の大きさだけで予定を決めず、費用と時間も確認してください。異なる信念を聞き合うことが、二人の展望を豊かにします。,100,1
2026_08_SIGN_MERCURY_CANCER_LEO_S08_S09_N08,2026-08,35,MERCURY,sign_ingress,CANCER,LEO,8,9,ANY,ANY,8,transit_calendar,MERCURY:sign_ingress:LEO,exact_day,{event_date}に水星が獅子座へ移ると、共有資産、心理、秘密、人生の変化など深い題材を、専門的に調べて人へ伝えたくなります。刺激的な説明で関心を引く前に、根拠と当事者への配慮を確かめてください。倫理的な問いを含めることが、探究の質を支えます。,100,1
2026_08_SIGN_MERCURY_CANCER_LEO_S08_S09_N09,2026-08,35,MERCURY,sign_ingress,CANCER,LEO,8,9,ANY,ANY,9,transit_calendar,MERCURY:sign_ingress:LEO,exact_day,水星が{event_date}に獅子座へ移ると、専門的な学習、海外や遠方との交流、出版や発表について、自信を持って計画を語りたくなります。知っている範囲を越えて断言せず、資料と現地の事情を確認してください。明確な主題を立てることが、広い知識を自分の言葉へまとめます。,100,1
2026_08_SIGN_MERCURY_CANCER_LEO_S08_S09_N10,2026-08,35,MERCURY,sign_ingress,CANCER,LEO,8,9,ANY,ANY,10,transit_calendar,MERCURY:sign_ingress:LEO,exact_day,{event_date}に水星が獅子座へ移ると、組織内で得た深い知見や非公開の経験を、専門性、教育、発表など公的な役割へ活かす道を考えたくなります。評価のために秘密まで話さず、公開できる範囲を確認してください。守秘と説明を両立する姿勢が、仕事の視野を広げます。,100,1
2026_08_SIGN_MERCURY_CANCER_LEO_S08_S09_N11,2026-08,35,MERCURY,sign_ingress,CANCER,LEO,8,9,ANY,ANY,11,transit_calendar,MERCURY:sign_ingress:LEO,exact_day,水星が{event_date}に獅子座へ移ると、仲間と扱ってきた資源や課題から、社会的なテーマ、教育活動、遠方の団体との交流へ関心が広がります。集団の経験を一般化せず、異なる地域の声と資料を集めてください。学びを共有する場が、連携の目的を明確にします。,100,1
2026_08_SIGN_MERCURY_CANCER_LEO_S08_S09_N12,2026-08,35,MERCURY,sign_ingress,CANCER,LEO,8,9,ANY,ANY,12,transit_calendar,MERCURY:sign_ingress:LEO,exact_day,{event_date}に水星が獅子座へ移ると、心の奥にしまっていた問いを、哲学、精神的な学び、静かな旅や読書を通じて捉え直したくなります。すぐ一つの答えに決めず、感じたことを記録してください。内側の変化をゆっくり言葉にすることが、次の展望を見つける助けになります。,100,1
2026_08_SIGN_MERCURY_CANCER_LEO_S09_S10_N01,2026-08,35,MERCURY,sign_ingress,CANCER,LEO,9,10,ANY,ANY,1,transit_calendar,MERCURY:sign_ingress:LEO,exact_day,水星が{event_date}に獅子座へ移ると、学んできたことや遠くを見渡す視点を、自分の肩書、目標、公の場での発言として示したくなります。自信を見せるために結論を急がず、経験と根拠を分けて伝えてください。自分の言葉で責任を引き受ける姿勢が、進みたい役割を明確にします。,100,1
2026_08_SIGN_MERCURY_CANCER_LEO_S09_S10_N02,2026-08,35,MERCURY,sign_ingress,CANCER,LEO,9,10,ANY,ANY,2,transit_calendar,MERCURY:sign_ingress:LEO,exact_day,{event_date}に水星が獅子座へ移ると、学習や遠方で得た技能を、仕事の報酬条件、予算、道具の選択、専門性の評価へ結びつけて考えたくなります。価値を大きく見せず、実績と担当範囲を具体的にしてください。大切にしたい基準を示すことが、納得できる仕事選びを助けます。,100,1
2026_08_SIGN_MERCURY_CANCER_LEO_S09_S10_N03,2026-08,35,MERCURY,sign_ingress,CANCER,LEO,9,10,ANY,ANY,3,transit_calendar,MERCURY:sign_ingress:LEO,exact_day,水星が{event_date}に獅子座へ移ると、研究、記事、旅先で集めた情報を、会議、企画書、広報、業務上の説明へ活かす場面が増えます。伝わりやすさを優先して前提を省かず、出典と更新状況を確かめてください。要点を整えた言葉が、公的な判断を支えます。,100,1
2026_08_SIGN_MERCURY_CANCER_LEO_S09_S10_N04,2026-08,35,MERCURY,sign_ingress,CANCER,LEO,9,10,ANY,ANY,4,transit_calendar,MERCURY:sign_ingress:LEO,exact_day,{event_date}に水星が獅子座へ移ると、家族から受け継いだ考えや故郷での経験を、働く場所、目指す役割、社会との関わり方へ反映したくなります。家族の期待を自分の目標と混同せず、何を引き継ぐか選んでください。生活の土台を言葉にすることが、進路の軸を整えます。,100,1
2026_08_SIGN_MERCURY_CANCER_LEO_S09_S10_N05,2026-08,35,MERCURY,sign_ingress,CANCER,LEO,9,10,ANY,ANY,5,transit_calendar,MERCURY:sign_ingress:LEO,exact_day,水星が{event_date}に獅子座へ移ると、学びや旅で磨いた創作、教育、発表の力を、人に見える作品や仕事上の企画として示したくなります。注目を集める構想でも、準備時間と完成範囲を確認してください。楽しさを保った発信が、個性を公的な役割へつなげます。,100,1
2026_08_SIGN_MERCURY_CANCER_LEO_S09_S10_N06,2026-08,35,MERCURY,sign_ingress,CANCER,LEO,9,10,ANY,ANY,6,transit_calendar,MERCURY:sign_ingress:LEO,exact_day,{event_date}に水星が獅子座へ移ると、研修や専門的な学びで得た方法を、職場の手順、担当、指導、日々の改善へ取り入れる機会が増えます。知識をそのまま当てはめず、現場で試せる単位に分けてください。実行の記録を残すことが、役割に合う方法を選ぶ助けになります。,100,1
2026_08_SIGN_MERCURY_CANCER_LEO_S09_S10_N07,2026-08,35,MERCURY,sign_ingress,CANCER,LEO,9,10,ANY,ANY,7,transit_calendar,MERCURY:sign_ingress:LEO,exact_day,水星が{event_date}に獅子座へ移ると、先生、相談相手、遠方の協力者とのつながりが、公的な提携、契約、顧客対応へ発展する可能性を検討したくなります。肩書だけで相手を判断せず、責任と決定権を確認してください。対等な説明が、継続できる協力の条件を整えます。,100,1
2026_08_SIGN_MERCURY_CANCER_LEO_S09_S10_N08,2026-08,35,MERCURY,sign_ingress,CANCER,LEO,9,10,ANY,ANY,8,transit_calendar,MERCURY:sign_ingress:LEO,exact_day,{event_date}に水星が獅子座へ移ると、深い研究や共有資源について学んだことを、組織の戦略、資金の説明、重要な意思決定へ活かす場面が増えます。影響力を示すために機密まで話さず、開示範囲を守ってください。慎重な分析が、公的な責任を支えます。,100,1
2026_08_SIGN_MERCURY_CANCER_LEO_S09_S10_N09,2026-08,35,MERCURY,sign_ingress,CANCER,LEO,9,10,ANY,ANY,9,transit_calendar,MERCURY:sign_ingress:LEO,exact_day,水星が{event_date}に獅子座へ移ると、専門知識、海外との交流、出版や教育で培った視点を、職業上の目標や社会的な発言へまとめたくなります。知識量だけを強調せず、誰に何を届けるかを明確にしてください。広い視野を具体的な役割へ絞ることが、次の行動を選びやすくします。,100,1
2026_08_SIGN_MERCURY_CANCER_LEO_S09_S10_N10,2026-08,35,MERCURY,sign_ingress,CANCER,LEO,9,10,ANY,ANY,10,transit_calendar,MERCURY:sign_ingress:LEO,exact_day,{event_date}に水星が獅子座へ移ると、仕事の方向、肩書、公的な発言について、自分の考えをはっきり示す場面が中心になります。評価を意識して大きな約束をせず、現在の責任と確認済みの計画を伝えてください。明快さと現実性を両立する言葉が、役割への理解を深めます。,100,1
2026_08_SIGN_MERCURY_CANCER_LEO_S09_S10_N11,2026-08,35,MERCURY,sign_ingress,CANCER,LEO,9,10,ANY,ANY,11,transit_calendar,MERCURY:sign_ingress:LEO,exact_day,水星が{event_date}に獅子座へ移ると、学習仲間や遠方のネットワークで得た情報を、組織の目標、共同企画、社会への提案へつなげたくなります。仲間の賛同を当然とせず、目的と代表範囲を確認してください。多様な意見を整理することが、公的な連携を進める助けになります。,100,1
2026_08_SIGN_MERCURY_CANCER_LEO_S09_S10_N12,2026-08,35,MERCURY,sign_ingress,CANCER,LEO,9,10,ANY,ANY,12,transit_calendar,MERCURY:sign_ingress:LEO,exact_day,{event_date}に水星が獅子座へ移ると、静かに続けてきた研究や内省が、舞台裏の企画、助言、長期的な仕事の方向として形になり始めます。準備中の内容を早く公開せず、話す相手と時期を選んでください。目立たない検討を重ねることが、責任ある発言の土台になります。,100,1
2026_08_SIGN_MERCURY_CANCER_LEO_S10_S11_N01,2026-08,35,MERCURY,sign_ingress,CANCER,LEO,10,11,ANY,ANY,1,transit_calendar,MERCURY:sign_ingress:LEO,exact_day,水星が{event_date}に獅子座へ移ると、仕事で示してきた考えや役割を、仲間の中でどのように活かすか、自分から提案したくなります。すべての会話を主導せず、集まりが必要としていることも聞いてください。個性と共同目標を結ぶ言葉が、自分に合う参加の形を見つける助けになります。,100,1
2026_08_SIGN_MERCURY_CANCER_LEO_S10_S11_N02,2026-08,35,MERCURY,sign_ingress,CANCER,LEO,10,11,ANY,ANY,2,transit_calendar,MERCURY:sign_ingress:LEO,exact_day,{event_date}に水星が獅子座へ移ると、仕事の予算や報酬について考えていたことが、会費、催しの費用、共有道具、仲間同士の負担へ広がります。善意だけで立替や分担を決めず、金額と返却方法を記録してください。価値観を確かめることが、無理のない共同運営を支えます。,100,1
2026_08_SIGN_MERCURY_CANCER_LEO_S10_S11_N03,2026-08,35,MERCURY,sign_ingress,CANCER,LEO,10,11,ANY,ANY,3,transit_calendar,MERCURY:sign_ingress:LEO,exact_day,水星が{event_date}に獅子座へ移ると、公的な発表や業務連絡で磨いた言葉を、仲間への告知、グループの記録、オンラインでの交流へ活かしたくなります。早く広めることを優先せず、公開範囲と連絡先を確認してください。簡潔な共有が、多くの人の参加を助けます。,100,1
2026_08_SIGN_MERCURY_CANCER_LEO_S10_S11_N04,2026-08,35,MERCURY,sign_ingress,CANCER,LEO,10,11,ANY,ANY,4,transit_calendar,MERCURY:sign_ingress:LEO,exact_day,{event_date}に水星が獅子座へ移ると、仕事や社会的な責任について家族と話してきたことが、地域の集まり、支え合い、身近な仲間との将来計画へつながります。家庭の事情を必要以上に公開せず、共有できる範囲を選んでください。安心できる土台が、外のつながりを育てます。,100,1
2026_08_SIGN_MERCURY_CANCER_LEO_S10_S11_N05,2026-08,35,MERCURY,sign_ingress,CANCER,LEO,10,11,ANY,ANY,5,transit_calendar,MERCURY:sign_ingress:LEO,exact_day,水星が{event_date}に獅子座へ移ると、人前で示した創作や企画を、趣味の仲間、観客、子どもに関わる集まりと一緒に発展させたくなります。注目される人だけで進めず、参加方法を複数用意してください。遊び心のある呼びかけが、共同制作の輪を広げます。,100,1
2026_08_SIGN_MERCURY_CANCER_LEO_S10_S11_N06,2026-08,35,MERCURY,sign_ingress,CANCER,LEO,10,11,ANY,ANY,6,transit_calendar,MERCURY:sign_ingress:LEO,exact_day,{event_date}に水星が獅子座へ移ると、職場で担ってきた手順や改善案を、チーム、同業者、支援活動の仲間と共有する場面が増えます。効率だけを基準にせず、参加できる時間と負担の差を聞いてください。役割と連絡頻度を整えることが、日々の協力を続けやすくします。,100,1
2026_08_SIGN_MERCURY_CANCER_LEO_S10_S11_N07,2026-08,35,MERCURY,sign_ingress,CANCER,LEO,10,11,ANY,ANY,7,transit_calendar,MERCURY:sign_ingress:LEO,exact_day,水星が{event_date}に獅子座へ移ると、公的な契約や顧客との関係が、紹介、共同企画、複数の組織を結ぶ連携へ広がります。親しい人の推薦だけで判断せず、目的と責任範囲を確認してください。対等な関係を言葉にすることが、信頼できるネットワークを育てます。,100,1
2026_08_SIGN_MERCURY_CANCER_LEO_S10_S11_N08,2026-08,35,MERCURY,sign_ingress,CANCER,LEO,10,11,ANY,ANY,8,transit_calendar,MERCURY:sign_ingress:LEO,exact_day,{event_date}に水星が獅子座へ移ると、組織で扱ってきた資金や機密事項への知見を、共同資金、会員情報、グループ運営のルールへ活かしたくなります。権限を一部へ集中させず、確認手順と閲覧範囲を示してください。透明な説明が、集団の責任を分けやすくします。,100,1
2026_08_SIGN_MERCURY_CANCER_LEO_S10_S11_N09,2026-08,35,MERCURY,sign_ingress,CANCER,LEO,10,11,ANY,ANY,9,transit_calendar,MERCURY:sign_ingress:LEO,exact_day,水星が{event_date}に獅子座へ移ると、専門性や公的な活動を通じて、教育、文化、海外交流など同じ志を持つ人とのつながりが広がります。理念の近さだけで同意したと考えず、具体的な目標を聞いてください。異なる知識を結ぶ対話が、将来の企画を豊かにします。,100,1
2026_08_SIGN_MERCURY_CANCER_LEO_S10_S11_N10,2026-08,35,MERCURY,sign_ingress,CANCER,LEO,10,11,ANY,ANY,10,transit_calendar,MERCURY:sign_ingress:LEO,exact_day,{event_date}に水星が獅子座へ移ると、公的な立場で考えてきた方針を、仲間、同僚、支援者と共有し、長期目標へまとめる場面が中心になります。肩書を理由に決定を急がず、反対意見にも時間を取ってください。方向と役割を明確にすることが、チームの理解を整えます。,100,1
2026_08_SIGN_MERCURY_CANCER_LEO_S10_S11_N11,2026-08,35,MERCURY,sign_ingress,CANCER,LEO,10,11,ANY,ANY,11,transit_calendar,MERCURY:sign_ingress:LEO,exact_day,水星が{event_date}に獅子座へ移ると、友人、仲間、オンラインのつながりの中で、共同目標や未来の企画について明るく発言したくなります。自分の熱意を全員の希望と決めず、参加しない選択も尊重してください。多様な声を集める言葉が、開かれた連携を育てます。,100,1
2026_08_SIGN_MERCURY_CANCER_LEO_S10_S11_N12,2026-08,35,MERCURY,sign_ingress,CANCER,LEO,10,11,ANY,ANY,12,transit_calendar,MERCURY:sign_ingress:LEO,exact_day,{event_date}に水星が獅子座へ移ると、公的な仕事の裏で抱えてきた考えを、信頼できる仲間との非公開の相談や準備作業として共有したくなります。見えない役割を一人で引き受けず、休む時間と担当を決めてください。静かな協力が、将来の計画を支える余力を守ります。,100,1
2026_08_SIGN_MERCURY_CANCER_LEO_S11_S12_N01,2026-08,35,MERCURY,sign_ingress,CANCER,LEO,11,12,ANY,ANY,1,transit_calendar,MERCURY:sign_ingress:LEO,exact_day,水星が{event_date}に獅子座へ移ると、仲間の中で担ってきた役割から少し距離を取り、自分が本当に伝えたいことを静かに見直したくなります。反応が少ないことを否定と決めず、考えを休ませる時間を取ってください。内側で言葉を整えることが、次に示す自分らしさを明確にします。,100,1
2026_08_SIGN_MERCURY_CANCER_LEO_S11_S12_N02,2026-08,35,MERCURY,sign_ingress,CANCER,LEO,11,12,ANY,ANY,2,transit_calendar,MERCURY:sign_ingress:LEO,exact_day,{event_date}に水星が獅子座へ移ると、共同活動に使ってきたお金や物を見直し、人知れず支えたいこと、手放せる負担、今後の備えを考えたくなります。気持ちだけで支出を決めず、生活に残す分と用途を確認してください。静かな価値判断が、無理のない区切りを助けます。,100,1
2026_08_SIGN_MERCURY_CANCER_LEO_S11_S12_N03,2026-08,35,MERCURY,sign_ingress,CANCER,LEO,11,12,ANY,ANY,3,transit_calendar,MERCURY:sign_ingress:LEO,exact_day,水星が{event_date}に獅子座へ移ると、仲間との連絡やオンラインで交わした言葉を、記録、下書き、非公開のメモとして整理したくなります。返事を急ぐ前に通知から離れ、残す情報と消す情報を選んでください。静かな編集が、次に伝える要点を見つけやすくします。,100,1
2026_08_SIGN_MERCURY_CANCER_LEO_S11_S12_N04,2026-08,35,MERCURY,sign_ingress,CANCER,LEO,11,12,ANY,ANY,4,transit_calendar,MERCURY:sign_ingress:LEO,exact_day,{event_date}に水星が獅子座へ移ると、地域や仲間との交流から少し離れ、自宅で家族の記憶やこれからの居場所について考える時間が増えます。外の期待を家庭へ持ち込まず、話したくないことは守ってください。安心できる空間で振り返ることが、心の整理を助けます。,100,1
2026_08_SIGN_MERCURY_CANCER_LEO_S11_S12_N05,2026-08,35,MERCURY,sign_ingress,CANCER,LEO,11,12,ANY,ANY,5,transit_calendar,MERCURY:sign_ingress:LEO,exact_day,{event_date}に水星が獅子座へ移ると、外へ答えを出すことより、考えやアイデアを内側で温める時間が増えていきます。創作や興味の芽を急いで形にせず、下書きや試作として育てることに向く切り替わりです。,100,1
2026_08_SIGN_MERCURY_CANCER_LEO_S11_S12_N06,2026-08,35,MERCURY,sign_ingress,CANCER,LEO,11,12,ANY,ANY,6,transit_calendar,MERCURY:sign_ingress:LEO,exact_day,水星が{event_date}に獅子座へ移ると、チームや支援活動で続けてきた作業を、裏方の手順、休息、引き継ぎの準備として整えたくなります。目立たない仕事を一人で抱えず、完了範囲と助けが必要な点を記録してください。静かな調整が、日々の負担をほどく助けになります。,100,1
2026_08_SIGN_MERCURY_CANCER_LEO_S11_S12_N07,2026-08,35,MERCURY,sign_ingress,CANCER,LEO,11,12,ANY,ANY,7,transit_calendar,MERCURY:sign_ingress:LEO,exact_day,{event_date}に水星が獅子座へ移ると、多くの人との交流より、信頼できる相手と二人で将来の迷いや言葉にしにくい思いを話したくなります。相手を答え役にせず、聞いてほしい範囲を伝えてください。秘密を守る約束が、安心して考えを休ませる場を作ります。,100,1
2026_08_SIGN_MERCURY_CANCER_LEO_S11_S12_N08,2026-08,35,MERCURY,sign_ingress,CANCER,LEO,11,12,ANY,ANY,8,transit_calendar,MERCURY:sign_ingress:LEO,exact_day,水星が{event_date}に獅子座へ移ると、仲間と共有してきた資金、情報、深い課題を、非公開の記録や返却手順として整理する必要が見えてきます。終わったこととして隠さず、確認先と保管期限を明確にしてください。慎重な後始末が、見えない責任を軽くします。,100,1
2026_08_SIGN_MERCURY_CANCER_LEO_S11_S12_N09,2026-08,35,MERCURY,sign_ingress,CANCER,LEO,11,12,ANY,ANY,9,transit_calendar,MERCURY:sign_ingress:LEO,exact_day,{event_date}に水星が獅子座へ移ると、仲間と掲げてきた理念や遠い将来像を、哲学、精神的な学び、静かな読書を通じて捉え直したくなります。集団の答えをそのまま自分の信念にせず、疑問を記録してください。一人で考える時間が、広い理想との距離を整えます。,100,1
2026_08_SIGN_MERCURY_CANCER_LEO_S11_S12_N10,2026-08,35,MERCURY,sign_ingress,CANCER,LEO,11,12,ANY,ANY,10,transit_calendar,MERCURY:sign_ingress:LEO,exact_day,水星が{event_date}に獅子座へ移ると、公的な人脈や組織目標について、表に出す前の戦略、非公開の相談、役割の区切りを考える時間が増えます。評判を守ろうとして無理に発信せず、確認が済むまで待ってください。舞台裏の検討が、次の責任ある判断を支えます。,100,1
2026_08_SIGN_MERCURY_CANCER_LEO_S11_S12_N11,2026-08,35,MERCURY,sign_ingress,CANCER,LEO,11,12,ANY,ANY,11,transit_calendar,MERCURY:sign_ingress:LEO,exact_day,{event_date}に水星が獅子座へ移ると、友人関係や共同目標の中で、自分がどこまで関わり、何を手放したいかを静かに振り返りたくなります。距離を取ることを拒絶と決めず、必要なら短く事情を伝えてください。参加の余白を見直すことが、長く続くつながりを守ります。,100,1
2026_08_SIGN_MERCURY_CANCER_LEO_S11_S12_N12,2026-08,35,MERCURY,sign_ingress,CANCER,LEO,11,12,ANY,ANY,12,transit_calendar,MERCURY:sign_ingress:LEO,exact_day,水星が{event_date}に獅子座へ移ると、夢、直感、言いそびれた思い、終わっていない仲間との会話が、内側から浮かびやすくなります。すぐ結論や返信に変えず、まず非公開の記録に置いてください。静かな時間で言葉をほどくことが、次の周期へ向かう心の余白を作ります。,100,1
2026_08_SIGN_MARS_GEMINI_CANCER_S12_S01_N01,2026-08,40,MARS,sign_ingress,GEMINI,CANCER,12,1,ANY,ANY,1,transit_calendar,MARS:sign_ingress:CANCER,exact_day,火星が{event_date}に蟹座へ移ると、内側で温めていた力が表へ出て、自分から動き始める流れへ切り替わります。感情の勢いだけで反応せず、身体の調子と守りたいものを確かめてから一歩を選んでください。無理に強く見せず、自分に合う速度で主導権を取り戻すことが大切です。,100,1
2026_08_SIGN_MARS_GEMINI_CANCER_S12_S01_N02,2026-08,40,MARS,sign_ingress,GEMINI,CANCER,12,1,ANY,ANY,2,transit_calendar,MARS:sign_ingress:CANCER,exact_day,{event_date}に火星が蟹座へ移ると、安心できる収入や持ち物を守るために、具体的な行動を起こしたくなります。不安から急いで買う、ため込む、値段だけで決める動きには注意してください。必要額と優先順位を書き出すことが、自分の資源を落ち着いて守る助けになります。,100,1
2026_08_SIGN_MARS_GEMINI_CANCER_S12_S01_N03,2026-08,40,MARS,sign_ingress,GEMINI,CANCER,12,1,ANY,ANY,3,transit_calendar,MARS:sign_ingress:CANCER,exact_day,火星が{event_date}に蟹座へ移ると、考えていたことを黙って抱えるより、言葉にして状況を動かしたくなります。身近な人への返事ほど感情が先に出やすいため、事実と要望を分けて伝えてください。短い確認を重ねることが、強い言葉で関係をこじらせない支えになります。,100,1
2026_08_SIGN_MARS_GEMINI_CANCER_S12_S01_N04,2026-08,40,MARS,sign_ingress,GEMINI,CANCER,12,1,ANY,ANY,4,transit_calendar,MARS:sign_ingress:CANCER,exact_day,{event_date}に火星が蟹座へ移ると、家や家族、自分の居場所を守るための行動力が強まりやすくなります。誰かのために全部を背負わず、片づけ、修理、世話のうち自分が担う範囲を決めてください。安心を脅かされたと感じた時ほど、結論より環境を整えることを優先しましょう。,100,1
2026_08_SIGN_MARS_GEMINI_CANCER_S12_S01_N05,2026-08,40,MARS,sign_ingress,GEMINI,CANCER,12,1,ANY,ANY,5,transit_calendar,MARS:sign_ingress:CANCER,exact_day,火星が{event_date}に蟹座へ移ると、内に秘めていた創作意欲や恋愛感情を、はっきり表現したくなります。気持ちを確かめるために相手を試さず、作りたいものや会いたい理由を率直に伝えてください。守りたい喜びへ自分から手を伸ばすことが、停滞を動かすきっかけになります。,100,1
2026_08_SIGN_MARS_GEMINI_CANCER_S12_S01_N06,2026-08,40,MARS,sign_ingress,GEMINI,CANCER,12,1,ANY,ANY,6,transit_calendar,MARS:sign_ingress:CANCER,exact_day,{event_date}に火星が蟹座へ移ると、仕事、家事、身体の手入れを自分のやり方で立て直したくなります。一気に改善しようとせず、負担が大きい作業と休息を妨げる習慣を一つずつ見直してください。感情の波に合わせて作業量を調整することが、行動力を長く保つ支えになります。,100,1
2026_08_SIGN_MARS_GEMINI_CANCER_S12_S01_N07,2026-08,40,MARS,sign_ingress,GEMINI,CANCER,12,1,ANY,ANY,7,transit_calendar,MARS:sign_ingress:CANCER,exact_day,火星が{event_date}に蟹座へ移ると、相手に合わせて保留していた希望や不満を、関係の中で表明したくなります。勝ち負けを決める話し合いにせず、何を守り、どこを譲れるかを具体的に伝えてください。感情を否定せず扱い方を選ぶことが、対等な関係へ動く助けになります。,100,1
2026_08_SIGN_MARS_GEMINI_CANCER_S12_S01_N08,2026-08,40,MARS,sign_ingress,GEMINI,CANCER,12,1,ANY,ANY,8,transit_calendar,MARS:sign_ingress:CANCER,exact_day,{event_date}に火星が蟹座へ移ると、共有するお金、秘密、親密さの境界について、自分から整理を進めたくなります。不安を解消するために相手を問い詰めず、記録、役割、確認したい点を先にまとめてください。深い問題ほど手順を区切ることが、信頼を守りながら動く支えになります。,100,1
2026_08_SIGN_MARS_GEMINI_CANCER_S12_S01_N09,2026-08,40,MARS,sign_ingress,GEMINI,CANCER,12,1,ANY,ANY,9,transit_calendar,MARS:sign_ingress:CANCER,exact_day,火星が{event_date}に蟹座へ移ると、心の中にあった信念を、学び、旅、発信など具体的な行動で確かめたくなります。自分の正しさを守るために意見を押し通さず、異なる背景にも耳を傾けてください。大切な価値観を現実の一歩へ変えることが、視野を広げる助けになります。,100,1
2026_08_SIGN_MARS_GEMINI_CANCER_S12_S01_N10,2026-08,40,MARS,sign_ingress,GEMINI,CANCER,12,1,ANY,ANY,10,transit_calendar,MARS:sign_ingress:CANCER,exact_day,{event_date}に火星が蟹座へ移ると、仕事や社会的な役割で、自分から責任を引き受けて動く意欲が高まりやすくなります。評価を守ろうとして急いで決めず、家や私生活への負担も含めて期限を確認してください。人を守る力を実務へ向けることが、落ち着いた主導につながります。,100,1
2026_08_SIGN_MARS_GEMINI_CANCER_S12_S01_N11,2026-08,40,MARS,sign_ingress,GEMINI,CANCER,12,1,ANY,ANY,11,transit_calendar,MARS:sign_ingress:CANCER,exact_day,火星が{event_date}に蟹座へ移ると、仲間やコミュニティのために、自分から企画や支援へ動きたくなります。身内を守る気持ちが強いほど、外の意見を敵と決めつけないでください。目的と役割を共有し、参加しない人の選択も尊重することが、集団の力を健やかに使う助けになります。,100,1
2026_08_SIGN_MARS_GEMINI_CANCER_S12_S01_N12,2026-08,40,MARS,sign_ingress,GEMINI,CANCER,12,1,ANY,ANY,12,transit_calendar,MARS:sign_ingress:CANCER,exact_day,{event_date}に火星が蟹座へ移ると、隠していた苛立ちや疲れが、自分を守るための行動を求め始めます。理由の分からない焦りを誰かにぶつけず、睡眠、ひとりの時間、終わらせたい用事を確認してください。内側の反応に名前をつけることが、新しい一歩へ力を戻す支えになります。,100,1
2026_08_SIGN_MARS_GEMINI_CANCER_S01_S02_N01,2026-08,40,MARS,sign_ingress,GEMINI,CANCER,1,2,ANY,ANY,1,transit_calendar,MARS:sign_ingress:CANCER,exact_day,火星が{event_date}に蟹座へ移ると、自分を押し出す行動から、努力を収入や安心できる持ち物へ結びつける行動へ重心が移ります。自分の価値を証明するために働きすぎず、得意なことと必要な休息を含めて条件を決めてください。力の使い先を絞ることが、自信と生活基盤を守る助けになります。,100,1
2026_08_SIGN_MARS_GEMINI_CANCER_S01_S02_N02,2026-08,40,MARS,sign_ingress,GEMINI,CANCER,1,2,ANY,ANY,2,transit_calendar,MARS:sign_ingress:CANCER,exact_day,{event_date}に火星が蟹座へ移ると、収入、貯蓄、所有物を自分の手で守り直したい気持ちが強まりやすくなります。不安から急いで稼ぐ、買う、ため込む動きには注意し、必要額と期限を具体化してください。守りたい暮らしを基準に行動することが、資源を安定して扱う支えになります。,100,1
2026_08_SIGN_MARS_GEMINI_CANCER_S01_S02_N03,2026-08,40,MARS,sign_ingress,GEMINI,CANCER,1,2,ANY,ANY,3,transit_calendar,MARS:sign_ingress:CANCER,exact_day,火星が{event_date}に蟹座へ移ると、お金や価値に関する考えを、交渉、連絡、情報収集で具体的に動かしたくなります。感情的な値下げや強い言い方を避け、金額、理由、希望条件を分けて伝えてください。小さな確認を積み重ねることが、納得できる交換へ進む助けになります。,100,1
2026_08_SIGN_MARS_GEMINI_CANCER_S01_S02_N04,2026-08,40,MARS,sign_ingress,GEMINI,CANCER,1,2,ANY,ANY,4,transit_calendar,MARS:sign_ingress:CANCER,exact_day,{event_date}に火星が蟹座へ移ると、家族や住まいを守るための支出、貯蓄、修理に行動力が向きます。安心のために全部を用意しようとせず、今すぐ必要なことと後でよいことを分けてください。家の負担を一人で抱えない相談が、暮らしの土台を整える支えになります。,100,1
2026_08_SIGN_MARS_GEMINI_CANCER_S01_S02_N05,2026-08,40,MARS,sign_ingress,GEMINI,CANCER,1,2,ANY,ANY,5,transit_calendar,MARS:sign_ingress:CANCER,exact_day,火星が{event_date}に蟹座へ移ると、趣味、創作、恋愛に使う時間やお金を、自分の喜びとして確保したくなります。気持ちを示すための高価な出費や、反応を求める投資には注意してください。続けられる予算で情熱を形にすることが、楽しさを守りながら育てる助けになります。,100,1
2026_08_SIGN_MARS_GEMINI_CANCER_S01_S02_N06,2026-08,40,MARS,sign_ingress,GEMINI,CANCER,1,2,ANY,ANY,6,transit_calendar,MARS:sign_ingress:CANCER,exact_day,{event_date}に火星が蟹座へ移ると、仕事量や日々の作業を、報酬と生活の安定へ結びつけて見直したくなります。頼まれた分だけ動くのではなく、時間、費用、疲れに見合う条件を確認してください。小さな無駄を減らし休息も予算に入れることが、働く力を守る支えになります。,100,1
2026_08_SIGN_MARS_GEMINI_CANCER_S01_S02_N07,2026-08,40,MARS,sign_ingress,GEMINI,CANCER,1,2,ANY,ANY,7,transit_calendar,MARS:sign_ingress:CANCER,exact_day,火星が{event_date}に蟹座へ移ると、相手との関係で、自分のお金、時間、持ち物をどこまで差し出すかを明確にしたくなります。好意と負担を混同せず、会計、贈り物、分担について率直に話してください。自分の基準を守りながら合意することが、対等な関係を支える助けになります。,100,1
2026_08_SIGN_MARS_GEMINI_CANCER_S01_S02_N08,2026-08,40,MARS,sign_ingress,GEMINI,CANCER,1,2,ANY,ANY,8,transit_calendar,MARS:sign_ingress:CANCER,exact_day,{event_date}に火星が蟹座へ移ると、共有資源を扱う前に、自分が確保しておきたいお金や安心の範囲がはっきりしてきます。返済や共同支出を焦って処理せず、個人分と共有分を記録で分けてください。境界を具体化することが、親密さの中でも自分の基盤を守る支えになります。,100,1
2026_08_SIGN_MARS_GEMINI_CANCER_S01_S02_N09,2026-08,40,MARS,sign_ingress,GEMINI,CANCER,1,2,ANY,ANY,9,transit_calendar,MARS:sign_ingress:CANCER,exact_day,火星が{event_date}に蟹座へ移ると、学び、旅、発信へ使う資金を、自分の価値観に沿って動かしたくなります。理想に勢いよく投じる前に、費用、期間、生活への影響を確認してください。何を深めたいかを一つ選ぶことが、資源を意味のある経験へ変える助けになります。,100,1
2026_08_SIGN_MARS_GEMINI_CANCER_S01_S02_N10,2026-08,40,MARS,sign_ingress,GEMINI,CANCER,1,2,ANY,ANY,10,transit_calendar,MARS:sign_ingress:CANCER,exact_day,{event_date}に火星が蟹座へ移ると、仕事上の立場を、収入や具体的な条件へ結びつける交渉に力が入りやすくなります。評価への不満をそのままぶつけず、担っている責任と希望額を整理してください。生活を守る視点で条件を見直すことが、落ち着いて主張する支えになります。,100,1
2026_08_SIGN_MARS_GEMINI_CANCER_S01_S02_N11,2026-08,40,MARS,sign_ingress,GEMINI,CANCER,1,2,ANY,ANY,11,transit_calendar,MARS:sign_ingress:CANCER,exact_day,火星が{event_date}に蟹座へ移ると、仲間との企画や支援活動で、会費、共同購入、物資の準備を進めたくなります。身内のためだからと自腹や持ち出しを重ねず、予算と承認方法を共有してください。資源を公平に扱うことが、集団の目標を現実的に支える助けになります。,100,1
2026_08_SIGN_MARS_GEMINI_CANCER_S01_S02_N12,2026-08,40,MARS,sign_ingress,GEMINI,CANCER,1,2,ANY,ANY,12,transit_calendar,MARS:sign_ingress:CANCER,exact_day,{event_date}に火星が蟹座へ移ると、見えない不安を埋めるための買い物や、誰にも言わない金銭負担に気づきやすくなります。秘密の出費を責めるより、何を守ろうとしていたのかを書き出してください。静かに収支を見直すことが、安心を外側の物だけに求めない支えになります。,100,1
2026_08_SIGN_MARS_GEMINI_CANCER_S02_S03_N01,2026-08,40,MARS,sign_ingress,GEMINI,CANCER,2,3,ANY,ANY,1,transit_calendar,MARS:sign_ingress:CANCER,exact_day,火星が{event_date}に蟹座へ移ると、安心の土台を固める行動から、自分の考えを言葉にし、身近な場を動かす行動へ重心が移ります。自分を分かってもらおうと急がず、伝えたい要点と感情を分けてください。声の強さより内容を整えることが、自分らしい意思表示を支えます。,100,1
2026_08_SIGN_MARS_GEMINI_CANCER_S02_S03_N02,2026-08,40,MARS,sign_ingress,GEMINI,CANCER,2,3,ANY,ANY,2,transit_calendar,MARS:sign_ingress:CANCER,exact_day,{event_date}に火星が蟹座へ移ると、収入や持ち物を守るために、交渉、問い合わせ、比較を自分から進めたくなります。不安を煽る情報へすぐ反応せず、数字と条件を確認してください。価値観を具体的な言葉にすることが、納得できる選択へ進む助けになります。,100,1
2026_08_SIGN_MARS_GEMINI_CANCER_S02_S03_N03,2026-08,40,MARS,sign_ingress,GEMINI,CANCER,2,3,ANY,ANY,3,transit_calendar,MARS:sign_ingress:CANCER,exact_day,火星が{event_date}に蟹座へ移ると、連絡、学習、近距離の移動が活発になり、身近な問題へ素早く対応したくなります。返事や予定を詰め込みすぎず、感情が強い話は一度時間を置いてください。短い行動を順番に片づけることが、焦りを実用的な力へ変える支えになります。,100,1
2026_08_SIGN_MARS_GEMINI_CANCER_S02_S03_N04,2026-08,40,MARS,sign_ingress,GEMINI,CANCER,2,3,ANY,ANY,4,transit_calendar,MARS:sign_ingress:CANCER,exact_day,{event_date}に火星が蟹座へ移ると、家や家族を守るための話し合い、書類、連絡を急いで進めたくなります。昔の不満まで一度に持ち出さず、今決めたいことだけを明確にしてください。身近な人と事実を共有することが、暮らしの問題を動かす助けになります。,100,1
2026_08_SIGN_MARS_GEMINI_CANCER_S02_S03_N05,2026-08,40,MARS,sign_ingress,GEMINI,CANCER,2,3,ANY,ANY,5,transit_calendar,MARS:sign_ingress:CANCER,exact_day,火星が{event_date}に蟹座へ移ると、創作、恋愛、遊びの気持ちを、文章、会話、誘いとして積極的に表したくなります。反応を急かす言葉や、冗談に隠した強い要求には注意してください。楽しさと本音を率直に伝えることが、表現を生き生きと動かす支えになります。,100,1
2026_08_SIGN_MARS_GEMINI_CANCER_S02_S03_N06,2026-08,40,MARS,sign_ingress,GEMINI,CANCER,2,3,ANY,ANY,6,transit_calendar,MARS:sign_ingress:CANCER,exact_day,{event_date}に火星が蟹座へ移ると、仕事や日課を回すための連絡、手順書、予定調整に行動力が向きます。細かな依頼へ反射的に応じず、優先順位と締切を確認してください。伝達を簡潔にし、休む時間も予定へ入れることが、忙しさに振り回されない助けになります。,100,1
2026_08_SIGN_MARS_GEMINI_CANCER_S02_S03_N07,2026-08,40,MARS,sign_ingress,GEMINI,CANCER,2,3,ANY,ANY,7,transit_calendar,MARS:sign_ingress:CANCER,exact_day,火星が{event_date}に蟹座へ移ると、パートナーや協力者との話し合いで、保留していた要望を伝えたくなります。相手の一言を敵意と決めつけず、意味を確認してから返してください。勝ち負けより次の行動を決める会話が、関係を前へ動かす支えになります。,100,1
2026_08_SIGN_MARS_GEMINI_CANCER_S02_S03_N08,2026-08,40,MARS,sign_ingress,GEMINI,CANCER,2,3,ANY,ANY,8,transit_calendar,MARS:sign_ingress:CANCER,exact_day,{event_date}に火星が蟹座へ移ると、共有するお金や秘密について、質問、記録、確認を積極的に進めたくなります。不安から細部を問い詰めず、知る必要があることと相手に委ねることを分けてください。慎重な情報交換が、深い問題を安全に扱う助けになります。,100,1
2026_08_SIGN_MARS_GEMINI_CANCER_S02_S03_N09,2026-08,40,MARS,sign_ingress,GEMINI,CANCER,2,3,ANY,ANY,9,transit_calendar,MARS:sign_ingress:CANCER,exact_day,火星が{event_date}に蟹座へ移ると、学びや信念を、議論、執筆、短い講座など言葉の形で試したくなります。自分の考えを守るために反論を急がず、異なる背景を先に聞いてください。問いを立てて調べることが、知識を現実に使える形へ変える支えになります。,100,1
2026_08_SIGN_MARS_GEMINI_CANCER_S02_S03_N10,2026-08,40,MARS,sign_ingress,GEMINI,CANCER,2,3,ANY,ANY,10,transit_calendar,MARS:sign_ingress:CANCER,exact_day,{event_date}に火星が蟹座へ移ると、仕事での提案、報告、交渉に力が入り、公的な言葉で状況を動かしたくなります。評価への焦りを強い表現に変えず、結論と根拠を分けて示してください。落ち着いた説明が、責任ある立場で主導する助けになります。,100,1
2026_08_SIGN_MARS_GEMINI_CANCER_S02_S03_N11,2026-08,40,MARS,sign_ingress,GEMINI,CANCER,2,3,ANY,ANY,11,transit_calendar,MARS:sign_ingress:CANCER,exact_day,火星が{event_date}に蟹座へ移ると、仲間との連絡や企画会議が活発になり、共同の目標を言葉でまとめたくなります。身内の意見だけを優先せず、反対や不参加の理由も聞いてください。情報を開き、役割を明確にすることが、集団を実際の行動へ進める支えになります。,100,1
2026_08_SIGN_MARS_GEMINI_CANCER_S02_S03_N12,2026-08,40,MARS,sign_ingress,GEMINI,CANCER,2,3,ANY,ANY,12,transit_calendar,MARS:sign_ingress:CANCER,exact_day,{event_date}に火星が蟹座へ移ると、胸の内にためていた考えや怒りを、日記や静かな会話で外へ出す必要が見えてきます。匿名の場や独り言で感情を増幅せず、何を守りたい反応なのかを確かめてください。言葉にする前の整理が、隠れた緊張をほどく助けになります。,100,1
2026_08_SIGN_MARS_GEMINI_CANCER_S03_S04_N01,2026-08,40,MARS,sign_ingress,GEMINI,CANCER,3,4,ANY,ANY,1,transit_calendar,MARS:sign_ingress:CANCER,exact_day,火星が{event_date}に蟹座へ移ると、言葉や移動で状況を動かす流れから、自分の居場所を整え、内側の安心を守る行動へ重心が移ります。外の反応を追い続けず、帰って休める場所と身近な境界を整えてください。自分の土台を守ることが、落ち着いて力を使う支えになります。,100,1
2026_08_SIGN_MARS_GEMINI_CANCER_S03_S04_N02,2026-08,40,MARS,sign_ingress,GEMINI,CANCER,3,4,ANY,ANY,2,transit_calendar,MARS:sign_ingress:CANCER,exact_day,{event_date}に火星が蟹座へ移ると、情報収集や交渉で守っていた資源を、住まい、家族、生活基盤へ具体的に振り向けたくなります。不安から備えを増やしすぎず、必要な修理や支出を順番に決めてください。家の安心と予算を両立させることが、持ち物を活かす助けになります。,100,1
2026_08_SIGN_MARS_GEMINI_CANCER_S03_S04_N03,2026-08,40,MARS,sign_ingress,GEMINI,CANCER,3,4,ANY,ANY,3,transit_calendar,MARS:sign_ingress:CANCER,exact_day,火星が{event_date}に蟹座へ移ると、連絡や近距離の移動で忙しかった流れが、家族との会話や家の用事へ集まりやすくなります。言い合いを終わらせるために結論を急がず、今できる作業と後で話す感情を分けてください。言葉を行動へ移すことが、身近な環境を整える支えになります。,100,1
2026_08_SIGN_MARS_GEMINI_CANCER_S03_S04_N04,2026-08,40,MARS,sign_ingress,GEMINI,CANCER,3,4,ANY,ANY,4,transit_calendar,MARS:sign_ingress:CANCER,exact_day,{event_date}に火星が蟹座へ移ると、家、家族、居場所を守り直す行動力が強まり、片づけや修理、役割の見直しを進めたくなります。昔からの不満を勢いでぶつけず、変えたい箇所を一つずつ共有してください。安心できる境界を具体化することが、家庭の力を健やかに使う助けになります。,100,1
2026_08_SIGN_MARS_GEMINI_CANCER_S03_S04_N05,2026-08,40,MARS,sign_ingress,GEMINI,CANCER,3,4,ANY,ANY,5,transit_calendar,MARS:sign_ingress:CANCER,exact_day,火星が{event_date}に蟹座へ移ると、創作や恋愛の言葉が、家で楽しむ時間や大切な人を守る行動へ変わります。相手を囲い込むことで安心を得ようとせず、一緒に過ごしたい理由と必要な距離を伝えてください。居心地のよい楽しみを作ることが、情熱を穏やかに育てます。,100,1
2026_08_SIGN_MARS_GEMINI_CANCER_S03_S04_N06,2026-08,40,MARS,sign_ingress,GEMINI,CANCER,3,4,ANY,ANY,6,transit_calendar,MARS:sign_ingress:CANCER,exact_day,{event_date}に火星が蟹座へ移ると、仕事の連絡や予定調整より、家事、生活習慣、休息の基盤を立て直すことが優先になりやすくなります。家でも働き続けず、作業場所と休む場所を分けてください。日々の役割を家族と調整することが、行動力を回復させる支えになります。,100,1
2026_08_SIGN_MARS_GEMINI_CANCER_S03_S04_N07,2026-08,40,MARS,sign_ingress,GEMINI,CANCER,3,4,ANY,ANY,7,transit_calendar,MARS:sign_ingress:CANCER,exact_day,火星が{event_date}に蟹座へ移ると、パートナーや協力者との会話が、住まい、家族、安心できる距離についての具体的な相談へ進みます。相手に察してもらうことを求めず、暮らしの希望と譲れない条件を伝えてください。二人の拠点を話し合うことが、関係を現実的に支える助けになります。,100,1
2026_08_SIGN_MARS_GEMINI_CANCER_S03_S04_N08,2026-08,40,MARS,sign_ingress,GEMINI,CANCER,3,4,ANY,ANY,8,transit_calendar,MARS:sign_ingress:CANCER,exact_day,{event_date}に火星が蟹座へ移ると、共有する情報やお金の問題が、家族の責任、住まい、過去から続く負担へ結びつきやすくなります。不安から一人で処理せず、記録と役割を確認してください。感情と手続きを分けて進めることが、深い問題から生活の土台を守る支えになります。,100,1
2026_08_SIGN_MARS_GEMINI_CANCER_S03_S04_N09,2026-08,40,MARS,sign_ingress,GEMINI,CANCER,3,4,ANY,ANY,9,transit_calendar,MARS:sign_ingress:CANCER,exact_day,火星が{event_date}に蟹座へ移ると、外で学び議論する意欲が、家族の歴史や自分のルーツを確かめる行動へ向かいます。受け継いだ価値観を正解と決めつけず、残したいものと変えたいものを分けてください。足元の背景を知ることが、信念を現実に根づかせる助けになります。,100,1
2026_08_SIGN_MARS_GEMINI_CANCER_S03_S04_N10,2026-08,40,MARS,sign_ingress,GEMINI,CANCER,3,4,ANY,ANY,10,transit_calendar,MARS:sign_ingress:CANCER,exact_day,{event_date}に火星が蟹座へ移ると、公的な発信や仕事の連絡から、家と社会的責任のバランスを立て直す行動へ重心が移ります。仕事の緊張を家庭へ持ち込まず、終了時間と家で担う役割を決めてください。私生活の基盤を整えることが、公の場で力を保つ支えになります。,100,1
2026_08_SIGN_MARS_GEMINI_CANCER_S03_S04_N11,2026-08,40,MARS,sign_ingress,GEMINI,CANCER,3,4,ANY,ANY,11,transit_calendar,MARS:sign_ingress:CANCER,exact_day,火星が{event_date}に蟹座へ移ると、仲間との活発な連絡が、地域や身近な人の居場所を守る活動へ向かいます。身内だけで決めず、実際に暮らす人の希望と負担を聞いてください。集まる場所や支援の範囲を具体化することが、共同体を現実的に支える助けになります。,100,1
2026_08_SIGN_MARS_GEMINI_CANCER_S03_S04_N12,2026-08,40,MARS,sign_ingress,GEMINI,CANCER,3,4,ANY,ANY,12,transit_calendar,MARS:sign_ingress:CANCER,exact_day,{event_date}に火星が蟹座へ移ると、言葉にならなかった怒りや不安が、家や過去の記憶と結びついて浮かびやすくなります。昔の反応を今の相手へ向けず、安全な場所で気持ちと事実を書き分けてください。内側の居場所を整えることが、隠れた緊張をほどく支えになります。,100,1
2026_08_SIGN_MARS_GEMINI_CANCER_S04_S05_N01,2026-08,40,MARS,sign_ingress,GEMINI,CANCER,4,5,ANY,ANY,1,transit_calendar,MARS:sign_ingress:CANCER,exact_day,火星が{event_date}に蟹座へ移ると、内側の安心を守る行動から、自分の喜びや個性を外へ表す行動へ重心が移ります。注目を得るために無理をせず、作りたいものや楽しみたいことを自分の言葉で選んでください。心から守りたい喜びへ動くことが、自然な存在感を取り戻す支えになります。,100,1
2026_08_SIGN_MARS_GEMINI_CANCER_S04_S05_N02,2026-08,40,MARS,sign_ingress,GEMINI,CANCER,4,5,ANY,ANY,2,transit_calendar,MARS:sign_ingress:CANCER,exact_day,{event_date}に火星が蟹座へ移ると、家や生活基盤へ向けていた資源を、趣味、創作、恋愛など心が動くことへ使いたくなります。感情の勢いで大きく支出せず、続けられる予算と時間を決めてください。自分の才能に現実的な資源を与えることが、喜びを形にする助けになります。,100,1
2026_08_SIGN_MARS_GEMINI_CANCER_S04_S05_N03,2026-08,40,MARS,sign_ingress,GEMINI,CANCER,4,5,ANY,ANY,3,transit_calendar,MARS:sign_ingress:CANCER,exact_day,火星が{event_date}に蟹座へ移ると、家族の中で交わしていた言葉が、創作、誘い、恋愛表現など自分を見せる言葉へ変わります。反応を急かす伝え方や、冗談に隠した要求には注意してください。書く、話す、演じることへ感情を注ぐことが、表現を前へ進める支えになります。,100,1
2026_08_SIGN_MARS_GEMINI_CANCER_S04_S05_N04,2026-08,40,MARS,sign_ingress,GEMINI,CANCER,4,5,ANY,ANY,4,transit_calendar,MARS:sign_ingress:CANCER,exact_day,{event_date}に火星が蟹座へ移ると、家を守るために使っていた力を、家族と楽しむ時間や自宅での創作へ向けたくなります。全員を喜ばせようとせず、自分も休める遊び方と役割を選んでください。安心できる場所から表現を始めることが、内側の情熱を育てる助けになります。,100,1
2026_08_SIGN_MARS_GEMINI_CANCER_S04_S05_N05,2026-08,40,MARS,sign_ingress,GEMINI,CANCER,4,5,ANY,ANY,5,transit_calendar,MARS:sign_ingress:CANCER,exact_day,火星が{event_date}に蟹座へ移ると、創作、恋愛、遊び、自己表現へ行動力が集まり、自分からきっかけを作りたくなります。気持ちを確かめるために相手を試したり、勝ち負けへ持ち込んだりしないでください。大切な喜びを率直に追うことが、停滞した熱意を動かす支えになります。,100,1
2026_08_SIGN_MARS_GEMINI_CANCER_S04_S05_N06,2026-08,40,MARS,sign_ingress,GEMINI,CANCER,4,5,ANY,ANY,6,transit_calendar,MARS:sign_ingress:CANCER,exact_day,{event_date}に火星が蟹座へ移ると、家事や日課に追われる流れから、短い時間でも創作や遊びを取り戻す行動へ向かいます。楽しみまで課題にせず、上手さより続けたい感覚を優先してください。仕事と休息の間に表現の時間を置くことが、日々の活力を保つ助けになります。,100,1
2026_08_SIGN_MARS_GEMINI_CANCER_S04_S05_N07,2026-08,40,MARS,sign_ingress,GEMINI,CANCER,4,5,ANY,ANY,7,transit_calendar,MARS:sign_ingress:CANCER,exact_day,火星が{event_date}に蟹座へ移ると、パートナーとの暮らしを整える段階から、二人の楽しみや恋愛感情を積極的に表す段階へ移ります。相手の反応を支配せず、自分が提案したいことと断られた時の余地を持ってください。遊び心のある行動が、関係に温度を戻す支えになります。,100,1
2026_08_SIGN_MARS_GEMINI_CANCER_S04_S05_N08,2026-08,40,MARS,sign_ingress,GEMINI,CANCER,4,5,ANY,ANY,8,transit_calendar,MARS:sign_ingress:CANCER,exact_day,{event_date}に火星が蟹座へ移ると、家族や過去の深い感情が、創作や親密な表現として外へ出たがります。秘密や嫉妬を刺激に使いすぎず、誰の経験や権利に触れる表現かを確かめてください。強い感情を作品や率直な対話へ変えることが、内側の力を活かす助けになります。,100,1
2026_08_SIGN_MARS_GEMINI_CANCER_S04_S05_N09,2026-08,40,MARS,sign_ingress,GEMINI,CANCER,4,5,ANY,ANY,9,transit_calendar,MARS:sign_ingress:CANCER,exact_day,火星が{event_date}に蟹座へ移ると、ルーツや家族観を見つめる行動から、それを物語、学び、旅、表現へ広げたくなります。自分の背景を唯一の正しさにせず、異なる文化や考えも取り入れてください。個人的な体験を開かれた形で表すことが、創造性を広げる支えになります。,100,1
2026_08_SIGN_MARS_GEMINI_CANCER_S04_S05_N10,2026-08,40,MARS,sign_ingress,GEMINI,CANCER,4,5,ANY,ANY,10,transit_calendar,MARS:sign_ingress:CANCER,exact_day,{event_date}に火星が蟹座へ移ると、家と仕事の基盤を整える段階から、創作や企画を公の場で示す行動へ移ります。評価を急いで派手に見せず、誰へ何を届ける役割なのかを決めてください。感情のこもった表現を責任ある形に整えることが、社会で活かす助けになります。,100,1
2026_08_SIGN_MARS_GEMINI_CANCER_S04_S05_N11,2026-08,40,MARS,sign_ingress,GEMINI,CANCER,4,5,ANY,ANY,11,transit_calendar,MARS:sign_ingress:CANCER,exact_day,火星が{event_date}に蟹座へ移ると、地域や仲間の居場所を守る活動から、共同の創作、イベント、遊びを始める行動へ向かいます。中心になろうとして人の案を押し切らず、参加方法と役割を開いてください。皆が楽しめる余白を作ることが、集団の情熱を健やかに動かす支えになります。,100,1
2026_08_SIGN_MARS_GEMINI_CANCER_S04_S05_N12,2026-08,40,MARS,sign_ingress,GEMINI,CANCER,4,5,ANY,ANY,12,transit_calendar,MARS:sign_ingress:CANCER,exact_day,{event_date}に火星が蟹座へ移ると、内側に閉じ込めていた願いや怒りが、誰にも見せない創作や秘密の恋愛感情として表れやすくなります。隠すこと自体に熱を使わず、何を安全に表せるかを考えてください。静かな表現へ感情を移すことが、無意識の緊張をほどく助けになります。,100,1
2026_08_SIGN_MARS_GEMINI_CANCER_S05_S06_N01,2026-08,40,MARS,sign_ingress,GEMINI,CANCER,5,6,ANY,ANY,1,transit_calendar,MARS:sign_ingress:CANCER,exact_day,火星が{event_date}に蟹座へ移ると、楽しさや自己表現へ向けていた力が、体調管理や日々の仕事を整える実践力へ変わります。周囲を支える前に自分の疲れ方と得意なペースを確かめ、続けられる手順を一つ決めてください。自分を守る習慣が、行動の質を安定させます。,100,1
2026_08_SIGN_MARS_GEMINI_CANCER_S05_S06_N02,2026-08,40,MARS,sign_ingress,GEMINI,CANCER,5,6,ANY,ANY,2,transit_calendar,MARS:sign_ingress:CANCER,exact_day,{event_date}に火星が蟹座へ移ると、趣味や楽しみに使っていた時間とお金を、仕事道具や暮らしの維持へ振り分ける場面が増えます。不安から備えを増やしすぎず、必要な支出と報酬の釣り合いを見直してください。実用性と心地よさの両方を満たす選択が、日常を支えます。,100,1
2026_08_SIGN_MARS_GEMINI_CANCER_S05_S06_N03,2026-08,40,MARS,sign_ingress,GEMINI,CANCER,5,6,ANY,ANY,3,transit_calendar,MARS:sign_ingress:CANCER,exact_day,火星が{event_date}に蟹座へ移ると、軽快な発信や遊びの会話より、連絡、段取り、引き継ぎなど実務を動かす言葉が重要になります。感情的な返答を急がず、期限と担当を短く明確にしてください。身近な人との情報整理が、忙しさの中でも余白を守る助けになります。,100,1
2026_08_SIGN_MARS_GEMINI_CANCER_S05_S06_N04,2026-08,40,MARS,sign_ingress,GEMINI,CANCER,5,6,ANY,ANY,4,transit_calendar,MARS:sign_ingress:CANCER,exact_day,{event_date}に火星が蟹座へ移ると、家族と楽しむ時間や自宅での創作から、家事、ケア、生活環境の立て直しへ行動力が向かいます。気づいた人がすべて背負う形にせず、役割と休める時間を具体的に分けてください。安心して戻れる家を整えることが、毎日の働きやすさにつながります。,100,1
2026_08_SIGN_MARS_GEMINI_CANCER_S05_S06_N05,2026-08,40,MARS,sign_ingress,GEMINI,CANCER,5,6,ANY,ANY,5,transit_calendar,MARS:sign_ingress:CANCER,exact_day,火星が{event_date}に蟹座へ移ると、ひらめきのまま楽しんでいた創作や趣味を、練習、制作工程、定期的な発表へ落とし込みたくなります。上達を急いで喜びを失わず、少量でも続くリズムを選んでください。好きなことを丁寧に手入れする姿勢が、表現を育てる力になります。,100,1
2026_08_SIGN_MARS_GEMINI_CANCER_S05_S06_N06,2026-08,40,MARS,sign_ingress,GEMINI,CANCER,5,6,ANY,ANY,6,transit_calendar,MARS:sign_ingress:CANCER,exact_day,{event_date}に火星が蟹座へ移ると、仕事、家事、体の手入れなど日常そのものへ強い推進力が集まります。頼られるまま予定を詰め込むと感情にも負荷が出やすいため、優先順位と休憩を先に確保してください。守るべき生活の基準を決めることで、力を必要な作業へ集中できます。,100,1
2026_08_SIGN_MARS_GEMINI_CANCER_S05_S06_N07,2026-08,40,MARS,sign_ingress,GEMINI,CANCER,5,6,ANY,ANY,7,transit_calendar,MARS:sign_ingress:CANCER,exact_day,火星が{event_date}に蟹座へ移ると、一緒に楽しむ関係から、実際の仕事や生活をどう支え合うかを話し合う段階へ移ります。相手のやり方を直そうとする前に、負担に感じる点と希望する分担を率直に伝えてください。対等な協力関係を整えることが、日々の摩擦を減らす支えになります。,100,1
2026_08_SIGN_MARS_GEMINI_CANCER_S05_S06_N08,2026-08,40,MARS,sign_ingress,GEMINI,CANCER,5,6,ANY,ANY,8,transit_calendar,MARS:sign_ingress:CANCER,exact_day,{event_date}に火星が蟹座へ移ると、恋愛や創作へ注いでいた熱が、共有資金、共同作業、ケアの責任など深く関わる実務へ向かいます。心配を理由に相手の領域まで抱えず、引き受ける範囲と確認方法を決めてください。見えにくい負担を言葉にすることが、安心して協力する土台になります。,100,1
2026_08_SIGN_MARS_GEMINI_CANCER_S05_S06_N09,2026-08,40,MARS,sign_ingress,GEMINI,CANCER,5,6,ANY,ANY,9,transit_calendar,MARS:sign_ingress:CANCER,exact_day,火星が{event_date}に蟹座へ移ると、旅や学びを楽しむ段階から、得た知識を仕事や生活の手順として試す段階へ入ります。理想的な方法を一度に完成させず、小さく実行して合わない部分を調整してください。考えを現場へ結びつけることが、学びを使える力へ変えていきます。,100,1
2026_08_SIGN_MARS_GEMINI_CANCER_S05_S06_N10,2026-08,40,MARS,sign_ingress,GEMINI,CANCER,5,6,ANY,ANY,10,transit_calendar,MARS:sign_ingress:CANCER,exact_day,{event_date}に火星が蟹座へ移ると、注目を集める企画や表現より、仕事の進行、品質、周囲への配慮を着実に担う力が求められます。評価を守ろうとして細部まで抱え込まず、任せる範囲と確認点を定めてください。日常の運用を整える行動が、公的な役割への信頼を支えます。,100,1
2026_08_SIGN_MARS_GEMINI_CANCER_S05_S06_N11,2026-08,40,MARS,sign_ingress,GEMINI,CANCER,5,6,ANY,ANY,11,transit_calendar,MARS:sign_ingress:CANCER,exact_day,火星が{event_date}に蟹座へ移ると、仲間と楽しむ活動から、チームの実務や誰かを支える役割へ重心が移ります。善意だけで引き受け続けず、担当、期限、休める人員を共有してください。皆が無理なく参加できる仕組みを作ることが、集団の力を長く活かす助けになります。,100,1
2026_08_SIGN_MARS_GEMINI_CANCER_S05_S06_N12,2026-08,40,MARS,sign_ingress,GEMINI,CANCER,5,6,ANY,ANY,12,transit_calendar,MARS:sign_ingress:CANCER,exact_day,{event_date}に火星が蟹座へ移ると、人知れず育ててきた願いや創作意欲が、裏方の作業、整理、回復のための習慣へ形を変えます。見えない疲れを働くことで覆わず、一人で静かに戻れる時間も予定に含めてください。表に出ない手入れを丁寧に行うことが、次の活動を支える力になります。,100,1
2026_08_SIGN_MARS_GEMINI_CANCER_S06_S07_N01,2026-08,40,MARS,sign_ingress,GEMINI,CANCER,6,7,ANY,ANY,1,transit_calendar,MARS:sign_ingress:CANCER,exact_day,火星が{event_date}に蟹座へ移ると、自分の生活を整えることに向けていた力が、誰かと向き合い関係を動かす力へ変わります。相手を守ろうとして自分の希望を後回しにせず、できることと譲れないことを穏やかに示してください。率直な自己表明が、対等な関係を築く支えになります。,100,1
2026_08_SIGN_MARS_GEMINI_CANCER_S06_S07_N02,2026-08,40,MARS,sign_ingress,GEMINI,CANCER,6,7,ANY,ANY,2,transit_calendar,MARS:sign_ingress:CANCER,exact_day,{event_date}に火星が蟹座へ移ると、仕事や日課のために管理していたお金や時間を、パートナーとの約束や共同の選択へどう配分するかが焦点になります。安心を急いで買おうとせず、費用、役割、価値観の違いを先に確かめてください。現実的な合意が、関係を守る土台になります。,100,1
2026_08_SIGN_MARS_GEMINI_CANCER_S06_S07_N03,2026-08,40,MARS,sign_ingress,GEMINI,CANCER,6,7,ANY,ANY,3,transit_calendar,MARS:sign_ingress:CANCER,exact_day,火星が{event_date}に蟹座へ移ると、日々の連絡や作業指示から、一対一の相談、交渉、約束を交わす対話へ重心が移ります。相手の沈黙を拒絶と決めつけず、確認したいことを短く具体的に伝えてください。言葉と感情の両方を扱う姿勢が、話し合いを前へ進めます。,100,1
2026_08_SIGN_MARS_GEMINI_CANCER_S06_S07_N04,2026-08,40,MARS,sign_ingress,GEMINI,CANCER,6,7,ANY,ANY,4,transit_calendar,MARS:sign_ingress:CANCER,exact_day,{event_date}に火星が蟹座へ移ると、家事や身近な人のケアを一人で回すより、家族やパートナーと暮らし方を相談する必要が強まります。昔からの役割を当然とせず、負担を感じる場面と望む助けを共有してください。安心できる分担を作ることが、家庭内の関係を整える一歩になります。,100,1
2026_08_SIGN_MARS_GEMINI_CANCER_S06_S07_N05,2026-08,40,MARS,sign_ingress,GEMINI,CANCER,6,7,ANY,ANY,5,transit_calendar,MARS:sign_ingress:CANCER,exact_day,火星が{event_date}に蟹座へ移ると、創作や恋愛を自分のペースで楽しむ段階から、相手と熱意を交わし共同で形にする段階へ入ります。反応を試すような態度や競争に持ち込まず、何を一緒に育てたいかを言葉にしてください。互いの表現を尊重することが、関係の活力を保ちます。,100,1
2026_08_SIGN_MARS_GEMINI_CANCER_S06_S07_N06,2026-08,40,MARS,sign_ingress,GEMINI,CANCER,6,7,ANY,ANY,6,transit_calendar,MARS:sign_ingress:CANCER,exact_day,{event_date}に火星が蟹座へ移ると、仕事や生活習慣を自分で整える力が、同僚、依頼相手、身近な協力者との役割調整へ向かいます。世話を焼く側に偏らず、期限、担当、助けを求める条件を明確にしてください。無理のない協力体制が、日常の実務を安定させます。,100,1
2026_08_SIGN_MARS_GEMINI_CANCER_S06_S07_N07,2026-08,40,MARS,sign_ingress,GEMINI,CANCER,6,7,ANY,ANY,7,transit_calendar,MARS:sign_ingress:CANCER,exact_day,火星が{event_date}に蟹座へ移ると、対人関係そのものに行動力が集まり、曖昧だった約束や距離感を動かしたくなります。大切な相手ほど防衛的になりやすいため、責める前に何を守りたいのかを伝えてください。率直な対話と境界線の確認が、関係を更新する力になります。,100,1
2026_08_SIGN_MARS_GEMINI_CANCER_S06_S07_N08,2026-08,40,MARS,sign_ingress,GEMINI,CANCER,6,7,ANY,ANY,8,transit_calendar,MARS:sign_ingress:CANCER,exact_day,{event_date}に火星が蟹座へ移ると、日常の役割をこなす段階から、信頼、共有資金、親密さなど深い結びつきを相手と調整する段階へ入ります。不安から管理を強めず、共有する範囲と個人に残す範囲を決めてください。見えにくい責任を言葉にすることが、安心して関わる支えになります。,100,1
2026_08_SIGN_MARS_GEMINI_CANCER_S06_S07_N09,2026-08,40,MARS,sign_ingress,GEMINI,CANCER,6,7,ANY,ANY,9,transit_calendar,MARS:sign_ingress:CANCER,exact_day,火星が{event_date}に蟹座へ移ると、学びや遠い目標を自分の計画で進めるより、異なる考えを持つ相手との対話から方向を決めたくなります。正しさを競わず、旅、進路、学習の目的を互いの事情と照らしてください。違いを扱う交渉が、視野を現実的に広げます。,100,1
2026_08_SIGN_MARS_GEMINI_CANCER_S06_S07_N10,2026-08,40,MARS,sign_ingress,GEMINI,CANCER,6,7,ANY,ANY,10,transit_calendar,MARS:sign_ingress:CANCER,exact_day,{event_date}に火星が蟹座へ移ると、仕事を黙々と整える段階から、顧客、取引先、共同責任者との関係が公的な成果に影響しやすい段階へ移ります。立場を守るために即答せず、期待、権限、期限を確認してください。信頼できる協働の形を示すことが、役割を支えます。,100,1
2026_08_SIGN_MARS_GEMINI_CANCER_S06_S07_N11,2026-08,40,MARS,sign_ingress,GEMINI,CANCER,6,7,ANY,ANY,11,transit_calendar,MARS:sign_ingress:CANCER,exact_day,火星が{event_date}に蟹座へ移ると、チーム全体の作業を支える動きから、特定の仲間や協力者と一対一で関係を深める動きへ変わります。集団の期待をそのまま背負わず、互いに何を担当できるかを確かめてください。頼れる連携を一つ育てることが、共同目標への力になります。,100,1
2026_08_SIGN_MARS_GEMINI_CANCER_S06_S07_N12,2026-08,40,MARS,sign_ingress,GEMINI,CANCER,6,7,ANY,ANY,12,transit_calendar,MARS:sign_ingress:CANCER,exact_day,{event_date}に火星が蟹座へ移ると、裏方の仕事や自分だけの習慣に隠れていた感情が、対人関係の反応として表れやすくなります。相手へ結論を求める前に、一人で気持ちを整理する時間を取ってください。言葉にならない不安の出どころを確かめることが、静かで誠実な対話につながります。,100,1
2026_08_SIGN_MARS_GEMINI_CANCER_S07_S08_N01,2026-08,40,MARS,sign_ingress,GEMINI,CANCER,7,8,ANY,ANY,1,transit_calendar,MARS:sign_ingress:CANCER,exact_day,火星が{event_date}に蟹座へ移ると、相手と対等に向き合う段階から、信頼や共有するものを深く扱う段階へ入ります。親密さを守るために自分の境界まで曖昧にせず、渡せるものと手元に残すものを明確にしてください。自分を保ったまま関わる姿勢が、深い協力の支えになります。,100,1
2026_08_SIGN_MARS_GEMINI_CANCER_S07_S08_N02,2026-08,40,MARS,sign_ingress,GEMINI,CANCER,7,8,ANY,ANY,2,transit_calendar,MARS:sign_ingress:CANCER,exact_day,{event_date}に火星が蟹座へ移ると、個別の条件を話し合うだけでなく、共同資金、継続的な支払い、互いの持ち分を具体的に整えたくなります。不安から相手の管理に踏み込まず、自分の資源と共有分を分けて確認してください。価値観を数字に落とすことが、安心できる合意につながります。,100,1
2026_08_SIGN_MARS_GEMINI_CANCER_S07_S08_N03,2026-08,40,MARS,sign_ingress,GEMINI,CANCER,7,8,ANY,ANY,3,transit_calendar,MARS:sign_ingress:CANCER,exact_day,火星が{event_date}に蟹座へ移ると、表面的な交渉から、言いにくかった本音や秘密を扱う対話へ重心が移ります。問い詰める形にせず、知りたい理由と受け止められる範囲を先に伝えてください。記録と感情の両方を丁寧に確かめることが、信頼を深める助けになります。,100,1
2026_08_SIGN_MARS_GEMINI_CANCER_S07_S08_N04,2026-08,40,MARS,sign_ingress,GEMINI,CANCER,7,8,ANY,ANY,4,transit_calendar,MARS:sign_ingress:CANCER,exact_day,{event_date}に火星が蟹座へ移ると、家族やパートナーとの関係調整が、住まい、共有財産、ケアの責任など暮らしの深部へ及びます。昔からの負担を黙って引き継がず、誰が何を守り、どこで助けを求めるかを話してください。家庭の土台を共同で支える形が見えやすくなります。,100,1
2026_08_SIGN_MARS_GEMINI_CANCER_S07_S08_N05,2026-08,40,MARS,sign_ingress,GEMINI,CANCER,7,8,ANY,ANY,5,transit_calendar,MARS:sign_ingress:CANCER,exact_day,火星が{event_date}に蟹座へ移ると、恋愛や共同制作の楽しさから、独占欲、信頼、権利の共有といった濃いテーマへ進みます。反応を確かめるために駆け引きをせず、怖さや期待を率直に表してください。互いの大切なものを尊重することが、情熱を深い結びつきへ育てます。,100,1
2026_08_SIGN_MARS_GEMINI_CANCER_S07_S08_N06,2026-08,40,MARS,sign_ingress,GEMINI,CANCER,7,8,ANY,ANY,6,transit_calendar,MARS:sign_ingress:CANCER,exact_day,{event_date}に火星が蟹座へ移ると、同僚や依頼相手との役割調整から、報酬、機密、共同負担など見えにくい実務を扱う段階へ入ります。頼まれたことを抱え込まず、責任の範囲と確認の手順を決めてください。透明な分担が、日常の仕事と信頼の両方を守ります。,100,1
2026_08_SIGN_MARS_GEMINI_CANCER_S07_S08_N07,2026-08,40,MARS,sign_ingress,GEMINI,CANCER,7,8,ANY,ANY,7,transit_calendar,MARS:sign_ingress:CANCER,exact_day,火星が{event_date}に蟹座へ移ると、パートナーとの約束を整えるだけでなく、その関係にどこまで深く関わるかを決めたくなります。相手の気持ちを試したり結論を急いだりせず、共有したい責任と守りたい自由を言葉にしてください。勇気ある対話が、関係の密度を適切に整えます。,100,1
2026_08_SIGN_MARS_GEMINI_CANCER_S07_S08_N08,2026-08,40,MARS,sign_ingress,GEMINI,CANCER,7,8,ANY,ANY,8,transit_calendar,MARS:sign_ingress:CANCER,exact_day,{event_date}に火星が蟹座へ移ると、共有資金、親密さ、受け継いだ責任など、簡単には切り分けられない領域へ行動力が集中します。心配を管理や追及へ変えず、事実、感情、今後の扱いを分けて確認してください。深いテーマほど小さな合意を積み重ねることが、安心を守る力になります。,100,1
2026_08_SIGN_MARS_GEMINI_CANCER_S07_S08_N09,2026-08,40,MARS,sign_ingress,GEMINI,CANCER,7,8,ANY,ANY,9,transit_calendar,MARS:sign_ingress:CANCER,exact_day,火星が{event_date}に蟹座へ移ると、異なる考えを持つ相手との対話が、学費、旅費、長期計画など共同で負う現実的な選択へつながります。理想への熱意だけで決めず、目的、負担、途中で見直す条件を共有してください。遠い目標を支える仕組みが、二人の視野を広げます。,100,1
2026_08_SIGN_MARS_GEMINI_CANCER_S07_S08_N10,2026-08,40,MARS,sign_ingress,GEMINI,CANCER,7,8,ANY,ANY,10,transit_calendar,MARS:sign_ingress:CANCER,exact_day,{event_date}に火星が蟹座へ移ると、公的な協力関係から、権限、予算、情報をどこまで共有するかという深い調整へ進みます。立場を守ろうとして抱え込まず、判断できる範囲と説明責任を明確にしてください。資源の扱いを丁寧に整えることが、仕事上の信頼を支えます。,100,1
2026_08_SIGN_MARS_GEMINI_CANCER_S07_S08_N11,2026-08,40,MARS,sign_ingress,GEMINI,CANCER,7,8,ANY,ANY,11,transit_calendar,MARS:sign_ingress:CANCER,exact_day,火星が{event_date}に蟹座へ移ると、仲間との連携が、共同資金、限定された情報、互いの弱みを預ける関係へ深まりやすくなります。集団への忠誠心だけで負担を受けず、管理方法と退出できる条件も確認してください。明確な責任分担が、共同目標を安全に支えます。,100,1
2026_08_SIGN_MARS_GEMINI_CANCER_S07_S08_N12,2026-08,40,MARS,sign_ingress,GEMINI,CANCER,7,8,ANY,ANY,12,transit_calendar,MARS:sign_ingress:CANCER,exact_day,{event_date}に火星が蟹座へ移ると、関係の背後に隠れていた依存、不安、言えない怒りが、親密さや共有の問題を通して意識に上りやすくなります。すぐ相手へ答えを求めず、何を失うことが怖いのか静かに見つめてください。内側の動機を知ることが、必要な境界と対話を選ぶ助けになります。,100,1
2026_08_SIGN_MARS_GEMINI_CANCER_S08_S09_N01,2026-08,40,MARS,sign_ingress,GEMINI,CANCER,8,9,ANY,ANY,1,transit_calendar,MARS:sign_ingress:CANCER,exact_day,火星が{event_date}に蟹座へ移ると、深い関係や共有の課題に集中していた力が、自分の視野を広げる学びや挑戦へ向かいます。慣れた考えを守るだけでなく、実際に見聞きしたことから判断を更新してください。自分の背景を携えて新しい世界へ踏み出すことが、次の指針を作ります。,100,1
2026_08_SIGN_MARS_GEMINI_CANCER_S08_S09_N02,2026-08,40,MARS,sign_ingress,GEMINI,CANCER,8,9,ANY,ANY,2,transit_calendar,MARS:sign_ingress:CANCER,exact_day,{event_date}に火星が蟹座へ移ると、共同資金や継続的な負担を見直す流れから、学び、旅、専門知識へ自分の資源を投じる流れへ変わります。勢いだけで大きな計画を選ばず、費用と時間を生活の基盤に照らしてください。守れる予算を決めることが、挑戦を長く続ける支えになります。,100,1
2026_08_SIGN_MARS_GEMINI_CANCER_S08_S09_N03,2026-08,40,MARS,sign_ingress,GEMINI,CANCER,8,9,ANY,ANY,3,transit_calendar,MARS:sign_ingress:CANCER,exact_day,火星が{event_date}に蟹座へ移ると、言いにくい本音を掘り下げる対話から、学んだことを伝え、書き、遠くへ届ける行動へ重心が移ります。身近な経験だけを普遍的な答えにせず、資料や異なる意見も確かめてください。丁寧な発信が、自分の考えを広い文脈へ育てます。,100,1
2026_08_SIGN_MARS_GEMINI_CANCER_S08_S09_N04,2026-08,40,MARS,sign_ingress,GEMINI,CANCER,8,9,ANY,ANY,4,transit_calendar,MARS:sign_ingress:CANCER,exact_day,{event_date}に火星が蟹座へ移ると、家族の共有責任や過去の感情を扱う段階から、ルーツを学び直し将来の居場所を考える段階へ入ります。家族の価値観を唯一の基準にせず、旅や学びで得た視点と照らしてください。戻れる場所を持つことが、遠くへ進む勇気を支えます。,100,1
2026_08_SIGN_MARS_GEMINI_CANCER_S08_S09_N05,2026-08,40,MARS,sign_ingress,GEMINI,CANCER,8,9,ANY,ANY,5,transit_calendar,MARS:sign_ingress:CANCER,exact_day,火星が{event_date}に蟹座へ移ると、恋愛や創作に潜む強い感情が、作品の発表、遠征、専門的な学びなど外の世界へ向かう熱意に変わります。注目を急いで話を大きくせず、伝えたい体験と根拠を整えてください。個人的な情熱を開かれた表現へ育てることが、創造の幅を広げます。,100,1
2026_08_SIGN_MARS_GEMINI_CANCER_S08_S09_N06,2026-08,40,MARS,sign_ingress,GEMINI,CANCER,8,9,ANY,ANY,6,transit_calendar,MARS:sign_ingress:CANCER,exact_day,{event_date}に火星が蟹座へ移ると、報酬や共同負担など職場の深い実務から、資格、研修、専門分野を学び仕事の可能性を広げる行動へ移ります。知識を集めるだけで満足せず、日課の中に試す時間を置いてください。現場と学びを往復することが、使える力を育てます。,100,1
2026_08_SIGN_MARS_GEMINI_CANCER_S08_S09_N07,2026-08,40,MARS,sign_ingress,GEMINI,CANCER,8,9,ANY,ANY,7,transit_calendar,MARS:sign_ingress:CANCER,exact_day,火星が{event_date}に蟹座へ移ると、パートナーとの親密さや共有責任を確かめる段階から、二人の将来像、旅、学びについて方向を決める段階へ進みます。自分の信念を守るために相手を説得しきろうとせず、違いを残せる計画を作ってください。共通の目的が、関係に前向きな距離を与えます。,100,1
2026_08_SIGN_MARS_GEMINI_CANCER_S08_S09_N08,2026-08,40,MARS,sign_ingress,GEMINI,CANCER,8,9,ANY,ANY,8,transit_calendar,MARS:sign_ingress:CANCER,exact_day,{event_date}に火星が蟹座へ移ると、共有資金や心理的な重さに深く向き合った経験を、研究、学習、人生観の更新へつなげたくなります。痛みをすぐ意味づけせず、まだ分からない部分も保留してください。深く得た気づきを広い知識と結ぶことが、次に進むための見取り図になります。,100,1
2026_08_SIGN_MARS_GEMINI_CANCER_S08_S09_N09,2026-08,40,MARS,sign_ingress,GEMINI,CANCER,8,9,ANY,ANY,9,transit_calendar,MARS:sign_ingress:CANCER,exact_day,火星が{event_date}に蟹座へ移ると、学び、旅、信念、発信に行動力が集まり、遠い目標へ具体的に動きたくなります。自分の正しさを守るための議論に偏らず、実体験と異なる立場を取り入れてください。安心できる価値観を土台に未知へ進むことで、視野が現実的に広がります。,100,1
2026_08_SIGN_MARS_GEMINI_CANCER_S08_S09_N10,2026-08,40,MARS,sign_ingress,GEMINI,CANCER,8,9,ANY,ANY,10,transit_calendar,MARS:sign_ingress:CANCER,exact_day,{event_date}に火星が蟹座へ移ると、仕事上の権限や資源を内側で調整する段階から、専門性を公に示し、教える、発表する、遠方と関わる段階へ移ります。評価を急いで断言せず、経験と根拠の範囲を明確にしてください。責任ある発信が、職業上の役割を広げる支えになります。,100,1
2026_08_SIGN_MARS_GEMINI_CANCER_S08_S09_N11,2026-08,40,MARS,sign_ingress,GEMINI,CANCER,8,9,ANY,ANY,11,transit_calendar,MARS:sign_ingress:CANCER,exact_day,火星が{event_date}に蟹座へ移ると、仲間内で共有していた資源や秘密が、社会的な課題を学び、広いネットワークへ働きかける力に変わります。所属する集団の考えだけを正解にせず、別の地域や文化の声も聞いてください。共感を具体的な学びと行動へ結ぶことが、共同目標を育てます。,100,1
2026_08_SIGN_MARS_GEMINI_CANCER_S08_S09_N12,2026-08,40,MARS,sign_ingress,GEMINI,CANCER,8,9,ANY,ANY,12,transit_calendar,MARS:sign_ingress:CANCER,exact_day,{event_date}に火星が蟹座へ移ると、内側で抱えていた不安や依存のテーマが、精神的な学び、静かな旅、人生観の見直しへ向かいます。答えを求めて現実から離れすぎず、休息と日常の手入れも続けてください。一人で考える時間が、信じたいものと手放す思い込みを分ける助けになります。,100,1
2026_08_SIGN_MARS_GEMINI_CANCER_S09_S10_N01,2026-08,40,MARS,sign_ingress,GEMINI,CANCER,9,10,ANY,ANY,1,transit_calendar,MARS:sign_ingress:CANCER,exact_day,火星が{event_date}に蟹座へ移ると、学びや遠い目標へ向けていた力を、自分の名前で担う役割や具体的な仕事へ移す時期に入ります。周囲の期待だけで立場を決めず、何を守るために行動したいのかを明確にしてください。自分らしい責任の取り方が、社会での立ち位置を整えます。,100,1
2026_08_SIGN_MARS_GEMINI_CANCER_S09_S10_N02,2026-08,40,MARS,sign_ingress,GEMINI,CANCER,9,10,ANY,ANY,2,transit_calendar,MARS:sign_ingress:CANCER,exact_day,{event_date}に火星が蟹座へ移ると、学びや旅へ投じていた資源を、仕事、収入、専門性の確立へどう結びつけるかが焦点になります。評価を得るために条件を急いで受け入れず、報酬と負担が自分の価値観に合うか確かめてください。現実的な基準が、長く担える役割を選ぶ支えになります。,100,1
2026_08_SIGN_MARS_GEMINI_CANCER_S09_S10_N03,2026-08,40,MARS,sign_ingress,GEMINI,CANCER,9,10,ANY,ANY,3,transit_calendar,MARS:sign_ingress:CANCER,exact_day,火星が{event_date}に蟹座へ移ると、広く学び発信する段階から、仕事上の説明、提案、判断を自分の責任で伝える段階へ進みます。感情的な反応を避けるために曖昧にせず、根拠と意図を分けて示してください。身近な言葉へ落とし込む力が、公的な役割を支えます。,100,1
2026_08_SIGN_MARS_GEMINI_CANCER_S09_S10_N04,2026-08,40,MARS,sign_ingress,GEMINI,CANCER,9,10,ANY,ANY,4,transit_calendar,MARS:sign_ingress:CANCER,exact_day,{event_date}に火星が蟹座へ移ると、外の世界で得た視点を、家庭と仕事のバランスや将来の基盤へ反映したくなります。家族を守ることと社会的な責任を一人で両立させようとせず、時間と支援を具体的に調整してください。帰る場所を整えることが、外で役割を担う力になります。,100,1
2026_08_SIGN_MARS_GEMINI_CANCER_S09_S10_N05,2026-08,40,MARS,sign_ingress,GEMINI,CANCER,9,10,ANY,ANY,5,transit_calendar,MARS:sign_ingress:CANCER,exact_day,火星が{event_date}に蟹座へ移ると、創作や学びを自由に広げる段階から、作品、企画、才能を公の場で責任ある形にする段階へ移ります。注目を急いで演出を大きくせず、誰へ何を届けたいかを決めてください。喜びから始めたことを仕事の形へ整える行動が、表現の軸を強くします。,100,1
2026_08_SIGN_MARS_GEMINI_CANCER_S09_S10_N06,2026-08,40,MARS,sign_ingress,GEMINI,CANCER,9,10,ANY,ANY,6,transit_calendar,MARS:sign_ingress:CANCER,exact_day,{event_date}に火星が蟹座へ移ると、研修や専門知識を蓄える流れから、日々の仕事で判断し、周囲を支え、成果へつなげる流れへ変わります。責任感から業務を抱え込まず、手順、期限、休息を管理してください。学んだことを無理なく運用する仕組みが、実務での信頼を支えます。,100,1
2026_08_SIGN_MARS_GEMINI_CANCER_S09_S10_N07,2026-08,40,MARS,sign_ingress,GEMINI,CANCER,9,10,ANY,ANY,7,transit_calendar,MARS:sign_ingress:CANCER,exact_day,火星が{event_date}に蟹座へ移ると、パートナーと共有していた将来像が、仕事上の協力、公的な契約、互いの役割として具体化しやすくなります。相手の期待を守ろうとして即答せず、決定権と責任の範囲を話してください。対等な合意が、二人で社会に向き合う土台になります。,100,1
2026_08_SIGN_MARS_GEMINI_CANCER_S09_S10_N08,2026-08,40,MARS,sign_ingress,GEMINI,CANCER,9,10,ANY,ANY,8,transit_calendar,MARS:sign_ingress:CANCER,exact_day,{event_date}に火星が蟹座へ移ると、深い研究や共有資源を扱った経験を、組織の判断、予算、責任ある立場へ活かしたくなります。秘密を守ることと説明すべきことを混同せず、扱える権限を明確にしてください。見えない重さを適切に管理する姿勢が、公的な役割を支えます。,100,1
2026_08_SIGN_MARS_GEMINI_CANCER_S09_S10_N09,2026-08,40,MARS,sign_ingress,GEMINI,CANCER,9,10,ANY,ANY,9,transit_calendar,MARS:sign_ingress:CANCER,exact_day,火星が{event_date}に蟹座へ移ると、学び、遠方との接点、信念を深める段階から、それを職業や社会的な目標として実行する段階へ入ります。理想を守るために結論を急がず、期限と到達点を現実に合わせてください。広い視野を具体的な責任へ変えることが、進む方向を定めます。,100,1
2026_08_SIGN_MARS_GEMINI_CANCER_S09_S10_N10,2026-08,40,MARS,sign_ingress,GEMINI,CANCER,9,10,ANY,ANY,10,transit_calendar,MARS:sign_ingress:CANCER,exact_day,{event_date}に火星が蟹座へ移ると、仕事、肩書、社会的な責任へ行動力が集中し、前に立って判断する機会が増えやすくなります。守るべき相手や場所への思いを原動力にしつつ、感情だけで方針を決めないでください。役割と休む時間を同時に定めることが、持続的な働き方を支えます。,100,1
2026_08_SIGN_MARS_GEMINI_CANCER_S09_S10_N11,2026-08,40,MARS,sign_ingress,GEMINI,CANCER,9,10,ANY,ANY,11,transit_calendar,MARS:sign_ingress:CANCER,exact_day,火星が{event_date}に蟹座へ移ると、仲間と共有してきた理念や学びを、組織の方針、社会的な企画、自分の役割として形にしたくなります。集団の期待をすべて背負わず、誰に対して何を説明する立場かを明確にしてください。共同目標への責任ある参加が、社会との接点を育てます。,100,1
2026_08_SIGN_MARS_GEMINI_CANCER_S09_S10_N12,2026-08,40,MARS,sign_ingress,GEMINI,CANCER,9,10,ANY,ANY,12,transit_calendar,MARS:sign_ingress:CANCER,exact_day,{event_date}に火星が蟹座へ移ると、内側で育てていた信念や静かな学びが、表に立つ責任や仕事への決断を促します。無意識の不安を打ち消すために働きすぎず、動機を整理してから役割を選んでください。見えない準備と休息を保つことが、落ち着いて社会に向き合う力になります。,100,1
2026_08_SIGN_MARS_GEMINI_CANCER_S10_S11_N01,2026-08,40,MARS,sign_ingress,GEMINI,CANCER,10,11,ANY,ANY,1,transit_calendar,MARS:sign_ingress:CANCER,exact_day,火星が{event_date}に蟹座へ移ると、自分の責任や立場を確立することから、仲間と将来像を共有し行動することへ重心が移ります。集団に合わせて個性を隠さず、自分が担える役割と望む距離を示してください。自分らしい参加の仕方が、安心できるつながりを育てます。,100,1
2026_08_SIGN_MARS_GEMINI_CANCER_S10_S11_N02,2026-08,40,MARS,sign_ingress,GEMINI,CANCER,10,11,ANY,ANY,2,transit_calendar,MARS:sign_ingress:CANCER,exact_day,{event_date}に火星が蟹座へ移ると、仕事や収入を個人の力で整える段階から、仲間との資源共有、会費、共同企画を現実的に動かす段階へ進みます。居場所を守るために負担を引き受けすぎず、予算と役割を明確にしてください。価値観の合う活動へ力を配ることが、将来の選択肢を支えます。,100,1
2026_08_SIGN_MARS_GEMINI_CANCER_S10_S11_N03,2026-08,40,MARS,sign_ingress,GEMINI,CANCER,10,11,ANY,ANY,3,transit_calendar,MARS:sign_ingress:CANCER,exact_day,火星が{event_date}に蟹座へ移ると、公的な説明や仕事上の発信から、仲間同士の連絡、企画の調整、情報共有へ行動力が向かいます。感情の勢いで全員を動かそうとせず、目的、担当、返答期限を分けて伝えてください。開かれた連絡経路が、集団の動きを整えます。,100,1
2026_08_SIGN_MARS_GEMINI_CANCER_S10_S11_N04,2026-08,40,MARS,sign_ingress,GEMINI,CANCER,10,11,ANY,ANY,4,transit_calendar,MARS:sign_ingress:CANCER,exact_day,{event_date}に火星が蟹座へ移ると、仕事や公的な役割へ集中していた力が、友人、所属先、今後の計画へ移り始めます。人との活動が増える一方で、家庭や私生活まで消耗させないよう、自分が安心して戻れる場所を守ることが重要になります。,100,1
2026_08_SIGN_MARS_GEMINI_CANCER_S10_S11_N05,2026-08,40,MARS,sign_ingress,GEMINI,CANCER,10,11,ANY,ANY,5,transit_calendar,MARS:sign_ingress:CANCER,exact_day,火星が{event_date}に蟹座へ移ると、公に示してきた創作や企画を、仲間との共同制作、イベント、未来の計画へ広げたくなります。中心で輝くことだけを求めず、参加者それぞれの楽しみ方を残してください。喜びを分かち合える仕組みが、表現を長く育てる力になります。,100,1
2026_08_SIGN_MARS_GEMINI_CANCER_S10_S11_N06,2026-08,40,MARS,sign_ingress,GEMINI,CANCER,10,11,ANY,ANY,6,transit_calendar,MARS:sign_ingress:CANCER,exact_day,{event_date}に火星が蟹座へ移ると、仕事上の責任を果たすことから、チームの日常を支え共同目標へ動くことへ力の使い方が変わります。頼られるまま雑務を抱えず、担当と休める順番を共有してください。無理のない運用を整えることが、仲間との活動を継続する支えになります。,100,1
2026_08_SIGN_MARS_GEMINI_CANCER_S10_S11_N07,2026-08,40,MARS,sign_ingress,GEMINI,CANCER,10,11,ANY,ANY,7,transit_calendar,MARS:sign_ingress:CANCER,exact_day,火星が{event_date}に蟹座へ移ると、公的なパートナーシップを築く段階から、その関係を友人、支援者、より大きなネットワークへつなぐ段階に入ります。一人の相手へ期待を集中させず、目的ごとに頼れる人を分けてください。対等な連携の輪が、将来の計画を現実へ近づけます。,100,1
2026_08_SIGN_MARS_GEMINI_CANCER_S10_S11_N08,2026-08,40,MARS,sign_ingress,GEMINI,CANCER,10,11,ANY,ANY,8,transit_calendar,MARS:sign_ingress:CANCER,exact_day,{event_date}に火星が蟹座へ移ると、組織内で扱っていた予算や権限が、仲間との共同資金、支援活動、秘密を守る連携へ広がります。信頼だけで進めず、管理方法と説明できる範囲を決めてください。見えにくい責任を共有する仕組みが、集団への安心感を支えます。,100,1
2026_08_SIGN_MARS_GEMINI_CANCER_S10_S11_N09,2026-08,40,MARS,sign_ingress,GEMINI,CANCER,10,11,ANY,ANY,9,transit_calendar,MARS:sign_ingress:CANCER,exact_day,火星が{event_date}に蟹座へ移ると、専門性や信念を社会で示す段階から、同じ志を持つ人と未来の課題へ取り組む段階へ進みます。理念を守るために異なる意見を遠ざけず、共通点と保留点を分けてください。学びを共同の行動へ変えることが、広い目標を育てます。,100,1
2026_08_SIGN_MARS_GEMINI_CANCER_S10_S11_N10,2026-08,40,MARS,sign_ingress,GEMINI,CANCER,10,11,ANY,ANY,10,transit_calendar,MARS:sign_ingress:CANCER,exact_day,{event_date}に火星が蟹座へ移ると、仕事や肩書へ集中していた力が、同業者、支援者、長期的な目標を共有する仲間へ向かいます。地位を守るための人脈づくりに偏らず、互いに何を支えられるかを確かめてください。公的な経験を仲間へ還元することが、次の役割を考える助けになります。,100,1
2026_08_SIGN_MARS_GEMINI_CANCER_S10_S11_N11,2026-08,40,MARS,sign_ingress,GEMINI,CANCER,10,11,ANY,ANY,11,transit_calendar,MARS:sign_ingress:CANCER,exact_day,火星が{event_date}に蟹座へ移ると、友人、組織、共同目標そのものに行動力が集まり、仲間の居場所を守るために動きたくなります。全員の感情を背負わず、参加条件と役割を明確にしてください。共感を仕組みへ変えることが、集団の力を健やかに保ちます。,100,1
2026_08_SIGN_MARS_GEMINI_CANCER_S10_S11_N12,2026-08,40,MARS,sign_ingress,GEMINI,CANCER,10,11,ANY,ANY,12,transit_calendar,MARS:sign_ingress:CANCER,exact_day,{event_date}に火星が蟹座へ移ると、表に立つ責任の背後で抱えていた疲れや不安が、仲間との距離や集団への参加意欲に表れやすくなります。孤立を避けるためだけに予定を増やさず、安心して沈黙できる関係を選んでください。静かな協力と休息が、未来へ向かう力を整えます。,100,1
2026_08_SIGN_MARS_GEMINI_CANCER_S11_S12_N01,2026-08,40,MARS,sign_ingress,GEMINI,CANCER,11,12,ANY,ANY,1,transit_calendar,MARS:sign_ingress:CANCER,exact_day,火星が{event_date}に蟹座へ移ると、仲間の中で自分を示す動きから、一人になって心身を整え次の行動を準備する流れへ変わります。活動を止めることを後退と考えず、刺激から離れて本音を確かめてください。静かな時間が、自分らしい力の使い方を取り戻す支えになります。,100,1
2026_08_SIGN_MARS_GEMINI_CANCER_S11_S12_N02,2026-08,40,MARS,sign_ingress,GEMINI,CANCER,11,12,ANY,ANY,2,transit_calendar,MARS:sign_ingress:CANCER,exact_day,{event_date}に火星が蟹座へ移ると、共同企画や仲間との資源共有から、蓄え、見えにくい支出、休むための環境へ意識が向かいます。不安から抱え込むのではなく、今は使わないものと守りたい生活費を分けてください。安心のための余白を作ることが、内側の回復を支えます。,100,1
2026_08_SIGN_MARS_GEMINI_CANCER_S11_S12_N03,2026-08,40,MARS,sign_ingress,GEMINI,CANCER,11,12,ANY,ANY,3,transit_calendar,MARS:sign_ingress:CANCER,exact_day,火星が{event_date}に蟹座へ移ると、集団での連絡や発信から距離を置き、考えを言葉になる前の段階で整理したくなります。通知や会話をすべて追わず、書き留めることと伝えることを分けてください。情報を静かに消化する時間が、必要な言葉を選ぶ助けになります。,100,1
2026_08_SIGN_MARS_GEMINI_CANCER_S11_S12_N04,2026-08,40,MARS,sign_ingress,GEMINI,CANCER,11,12,ANY,ANY,4,transit_calendar,MARS:sign_ingress:CANCER,exact_day,{event_date}に火星が蟹座へ移ると、友人や所属先へ向けていた力が、家の中の休息、家族との静かな時間、過去の感情の整理へ戻ります。外の役割を家庭まで持ち込まず、安心して力を抜ける場所を整えてください。内側の居場所を守ることが、次の活動への準備になります。,100,1
2026_08_SIGN_MARS_GEMINI_CANCER_S11_S12_N05,2026-08,40,MARS,sign_ingress,GEMINI,CANCER,11,12,ANY,ANY,5,transit_calendar,MARS:sign_ingress:CANCER,exact_day,火星が{event_date}に蟹座へ移ると、仲間との創作やイベントを動かす段階から、まだ見せない作品や願いを一人で育てる段階へ入ります。反応を得るために完成を急がず、遊びながら試せる余白を残してください。人目から離れた創造の時間が、本当に表したいものを深めます。,100,1
2026_08_SIGN_MARS_GEMINI_CANCER_S11_S12_N06,2026-08,40,MARS,sign_ingress,GEMINI,CANCER,11,12,ANY,ANY,6,transit_calendar,MARS:sign_ingress:CANCER,exact_day,{event_date}に火星が蟹座へ移ると、チームの日常を支える動きから、裏方の整理、休養、表に出ない作業へ重心が移ります。責任感で疲れを覆わず、今すぐ必要な仕事と待てる仕事を分けてください。静かな手入れと休息を予定に入れることが、次の働き方を整えます。,100,1
2026_08_SIGN_MARS_GEMINI_CANCER_S11_S12_N07,2026-08,40,MARS,sign_ingress,GEMINI,CANCER,11,12,ANY,ANY,7,transit_calendar,MARS:sign_ingress:CANCER,exact_day,火星が{event_date}に蟹座へ移ると、友人や支援者との広いつながりより、特定の相手との言葉にならない距離感や未整理の感情が気になりやすくなります。相手の反応を追う前に、自分が何を怖れているかを確かめてください。静かな対話と一人の時間が、関係の境界を整えます。,100,1
2026_08_SIGN_MARS_GEMINI_CANCER_S11_S12_N08,2026-08,40,MARS,sign_ingress,GEMINI,CANCER,11,12,ANY,ANY,8,transit_calendar,MARS:sign_ingress:CANCER,exact_day,{event_date}に火星が蟹座へ移ると、集団で共有していた資金や責任が、秘密の負担、過去から続く義務、言えない不安として意識に上りやすくなります。一人で処理せず、相談できる範囲と守る情報を分けてください。見えない重さを整理することが、深い安心を取り戻す助けになります。,100,1
2026_08_SIGN_MARS_GEMINI_CANCER_S11_S12_N09,2026-08,40,MARS,sign_ingress,GEMINI,CANCER,11,12,ANY,ANY,9,transit_calendar,MARS:sign_ingress:CANCER,exact_day,火星が{event_date}に蟹座へ移ると、仲間と掲げていた理念や社会的な課題から一歩引き、自分が本当に信じたいものを静かに見直す流れへ入ります。答えを急いで別の思想へ飛びつかず、経験と感情が落ち着く時間を取ってください。内側で育つ理解が、次の学びの方向を示します。,100,1
2026_08_SIGN_MARS_GEMINI_CANCER_S11_S12_N10,2026-08,40,MARS,sign_ingress,GEMINI,CANCER,11,12,ANY,ANY,10,transit_calendar,MARS:sign_ingress:CANCER,exact_day,{event_date}に火星が蟹座へ移ると、同業者や支援者と将来を広げる段階から、表に出ない準備、仕事の区切り、休息へ力を戻す段階に入ります。評価を失う不安から動き続けず、引き継ぐことと自分で終えることを分けてください。静かな整理が、次の公的な役割を支えます。,100,1
2026_08_SIGN_MARS_GEMINI_CANCER_S11_S12_N11,2026-08,40,MARS,sign_ingress,GEMINI,CANCER,11,12,ANY,ANY,11,transit_calendar,MARS:sign_ingress:CANCER,exact_day,火星が{event_date}に蟹座へ移ると、友人、組織、共同目標へ集中していた力をいったん内側へ戻し、所属との距離を見直したくなります。仲間を守るためにすべてへ応じず、参加を休む時間と連絡方法を伝えてください。適切に離れることが、つながりを保つための余白になります。,100,1
2026_08_SIGN_MARS_GEMINI_CANCER_S11_S12_N12,2026-08,40,MARS,sign_ingress,GEMINI,CANCER,11,12,ANY,ANY,12,transit_calendar,MARS:sign_ingress:CANCER,exact_day,{event_date}に火星が蟹座へ移ると、休息、内省、手放し、裏方の準備に行動力が集まり、外からは見えない整理が進みやすくなります。抑えていた怒りを働くことで散らさず、安全に言葉や体の動きへ逃がしてください。静けさの中で力を整えることが、新しい始まりへの備えになります。,100,1
2026_08_SIGN_SUN_LEO_VIRGO_S12_S01_N01,2026-08,50,SUN,sign_ingress,LEO,VIRGO,12,1,ANY,ANY,1,transit_calendar,SUN:sign_ingress:VIRGO,exact_day,太陽が{event_date}に乙女座へ移ると、水面下で準備していたことを自分の意思で始め、生活と見せ方を組み直す新しい周期に入ります。周囲の期待に合わせて急に変わろうとせず、今の自分に必要な習慣を一つ選んでください。小さな実践が、自然な存在感を取り戻す支えになります。,100,1
2026_08_SIGN_SUN_LEO_VIRGO_S12_S01_N02,2026-08,50,SUN,sign_ingress,LEO,VIRGO,12,1,ANY,ANY,2,transit_calendar,SUN:sign_ingress:VIRGO,exact_day,{event_date}に太陽が乙女座へ移ると、休息や内側の整理に向けていた意識が、自分の価値、持ち物、使える力を現実的に整える方向へ移ります。不安から物を増やさず、今の生活に必要な資源を見極めてください。自分で選んだ基準が、新しい周期の安定した足場になります。,100,1
2026_08_SIGN_SUN_LEO_VIRGO_S12_S01_N03,2026-08,50,SUN,sign_ingress,LEO,VIRGO,12,1,ANY,ANY,3,transit_calendar,SUN:sign_ingress:VIRGO,exact_day,太陽が{event_date}に乙女座へ移ると、胸の内で考えていたことを、自分の言葉で伝え、学び、身近な人と確かめる流れが始まります。完璧な説明を待たず、事実と意見を分けて短く表してください。日々の対話を整えることが、新しい自分の輪郭を明確にします。,100,1
2026_08_SIGN_SUN_LEO_VIRGO_S12_S01_N04,2026-08,50,SUN,sign_ingress,LEO,VIRGO,12,1,ANY,ANY,4,transit_calendar,SUN:sign_ingress:VIRGO,exact_day,{event_date}に太陽が乙女座へ移ると、見えない準備の期間を抜け、自分の生活を始め直す意識が家や家族との関わりに表れます。過去の役割へ戻るのではなく、安心して過ごせる配置や日課を今の基準で整えてください。内側の基盤を作り直すことが、外へ向かう力を支えます。,100,1
2026_08_SIGN_SUN_LEO_VIRGO_S12_S01_N05,2026-08,50,SUN,sign_ingress,LEO,VIRGO,12,1,ANY,ANY,5,transit_calendar,SUN:sign_ingress:VIRGO,exact_day,太陽が{event_date}に乙女座へ移ると、内側で温めていた願いや創作を、自分の喜びとして表に出す新しい周期へ入ります。上手に見せることを急がず、続けたい遊びや表現を具体的な時間に置いてください。自分で選ぶ楽しさが、日常に明るい手応えを戻します。,100,1
2026_08_SIGN_SUN_LEO_VIRGO_S12_S01_N06,2026-08,50,SUN,sign_ingress,LEO,VIRGO,12,1,ANY,ANY,6,transit_calendar,SUN:sign_ingress:VIRGO,exact_day,大きな切り替わりは{event_date}です。太陽が乙女座へ移ることで、水面下の準備期間から、自分の意思で生活を組み直す新しい周期へ入ります。急にすべてが好転するというより、仕事や日課、心身の扱いを自分の基準へ戻しながら、少しずつ主導権を取り戻す時です。 ,100,1
2026_08_SIGN_SUN_LEO_VIRGO_S12_S01_N07,2026-08,50,SUN,sign_ingress,LEO,VIRGO,12,1,ANY,ANY,7,transit_calendar,SUN:sign_ingress:VIRGO,exact_day,太陽が{event_date}に乙女座へ移ると、一人で気持ちを整えていた段階から、自分の意思を示しながら相手と向き合う段階へ進みます。関係を保つために合わせすぎず、できることと望む距離を穏やかに伝えてください。自分を見失わない対話が、対等な関わりの始まりになります。,100,1
2026_08_SIGN_SUN_LEO_VIRGO_S12_S01_N08,2026-08,50,SUN,sign_ingress,LEO,VIRGO,12,1,ANY,ANY,8,transit_calendar,SUN:sign_ingress:VIRGO,exact_day,{event_date}に太陽が乙女座へ移ると、内側に抱えていた不安や未整理の感情を、自分の境界、共有資金、親密さの扱いとして具体的に見直したくなります。相手と一体になることを急がず、共有する範囲を決めてください。自分の基準を持つことが、深い関係へ入る安心を支えます。,100,1
2026_08_SIGN_SUN_LEO_VIRGO_S12_S01_N09,2026-08,50,SUN,sign_ingress,LEO,VIRGO,12,1,ANY,ANY,9,transit_calendar,SUN:sign_ingress:VIRGO,exact_day,太陽が{event_date}に乙女座へ移ると、静かに育てていた考えが、自分の信念、学び、旅、発信の方向として表に出始めます。正しい答えを示そうと力まず、実際に試せる小さな計画へ落としてください。体験を通して考えを磨くことが、新しい視野を自分のものにします。,100,1
2026_08_SIGN_SUN_LEO_VIRGO_S12_S01_N10,2026-08,50,SUN,sign_ingress,LEO,VIRGO,12,1,ANY,ANY,10,transit_calendar,SUN:sign_ingress:VIRGO,exact_day,{event_date}に太陽が乙女座へ移ると、舞台裏で準備していたことを、自分の役割や仕事として公に引き受ける流れが始まります。期待に応えようとして肩書を急がず、今できる責任と整えるべき実務を確かめてください。丁寧な一歩が、社会での新しい立ち位置を作ります。,100,1
2026_08_SIGN_SUN_LEO_VIRGO_S12_S01_N11,2026-08,50,SUN,sign_ingress,LEO,VIRGO,12,1,ANY,ANY,11,transit_calendar,SUN:sign_ingress:VIRGO,exact_day,太陽が{event_date}に乙女座へ移ると、人知れず考えていた未来像を、自分から仲間へ示し、共同目標へ参加する周期に入ります。所属するために個性を薄めず、提供できる力と必要な支援を伝えてください。自分の意思で選んだつながりが、これからの方向を支えます。,100,1
2026_08_SIGN_SUN_LEO_VIRGO_S12_S01_N12,2026-08,50,SUN,sign_ingress,LEO,VIRGO,12,1,ANY,ANY,12,transit_calendar,SUN:sign_ingress:VIRGO,exact_day,{event_date}に太陽が乙女座へ移ると、長く続いた内省や手放しの期間に光が当たり、終えることと新しく始めることの境目が見えやすくなります。すぐ外へ出ようとせず、残った疲れや未整理の思いも丁寧に扱ってください。静かな仕上げが、自分の周期を気持ちよく切り替える助けになります。,100,1
2026_08_SIGN_SUN_LEO_VIRGO_S01_S02_N01,2026-08,50,SUN,sign_ingress,LEO,VIRGO,1,2,ANY,ANY,1,transit_calendar,SUN:sign_ingress:VIRGO,exact_day,太陽が{event_date}に乙女座へ移ると、自分らしさを打ち出す段階から、その自分を支える収入、持ち物、技能を整える段階へ移ります。見た目を変えることだけに資源を使わず、毎日を安定させるものを選んでください。自己評価を具体的な手入れへ変えることが、新しい周期の土台になります。,100,1
2026_08_SIGN_SUN_LEO_VIRGO_S01_S02_N02,2026-08,50,SUN,sign_ingress,LEO,VIRGO,1,2,ANY,ANY,2,transit_calendar,SUN:sign_ingress:VIRGO,exact_day,{event_date}に太陽が乙女座へ移ると、自分の価値、収入、所有物、使える力そのものへ意識が集まり、現状を細かく点検したくなります。不足ばかり数えず、すでに役立っている技能や資源も確認してください。必要なものを選び直すことが、安心と自信を現実的に育てます。,100,1
2026_08_SIGN_SUN_LEO_VIRGO_S01_S02_N03,2026-08,50,SUN,sign_ingress,LEO,VIRGO,1,2,ANY,ANY,3,transit_calendar,SUN:sign_ingress:VIRGO,exact_day,太陽が{event_date}に乙女座へ移ると、自分の考えを示すことから、言葉、知識、身近な技能をどう役立てるかへ関心が移ります。情報を集めすぎず、今使える内容を一つ実践してください。伝える力を日々の価値へ変えることが、収入や選択肢を考える手がかりになります。,100,1
2026_08_SIGN_SUN_LEO_VIRGO_S01_S02_N04,2026-08,50,SUN,sign_ingress,LEO,VIRGO,1,2,ANY,ANY,4,transit_calendar,SUN:sign_ingress:VIRGO,exact_day,{event_date}に太陽が乙女座へ移ると、自分の生活を始め直す意識が、家計、住まい、家族を支える資源の見直しへ向かいます。安心のためにすべてを抱え込まず、固定費、持ち物、役割を今の暮らしに合わせてください。家庭の価値基準を整えることが、落ち着ける基盤を作ります。,100,1
2026_08_SIGN_SUN_LEO_VIRGO_S01_S02_N05,2026-08,50,SUN,sign_ingress,LEO,VIRGO,1,2,ANY,ANY,5,transit_calendar,SUN:sign_ingress:VIRGO,exact_day,太陽が{event_date}に乙女座へ移ると、自分の喜びや才能を、時間、お金、技術を注ぐ価値あるものとして育てたくなります。楽しみを浪費と決めつけず、続けられる予算と練習の形を選んでください。好きなことへ丁寧に資源を与える姿勢が、表現への自信を支えます。,100,1
2026_08_SIGN_SUN_LEO_VIRGO_S01_S02_N06,2026-08,50,SUN,sign_ingress,LEO,VIRGO,1,2,ANY,ANY,6,transit_calendar,SUN:sign_ingress:VIRGO,exact_day,{event_date}に太陽が乙女座へ移ると、自分の仕事ぶり、日課、実用的な技能が、収入や自己評価とどう結びついているかを見直す時期に入ります。働いた量だけで価値を測らず、得意な工程と必要な休息も数えてください。日常の手順を整えることが、力を安定して活かす土台になります。,100,1
2026_08_SIGN_SUN_LEO_VIRGO_S01_S02_N07,2026-08,50,SUN,sign_ingress,LEO,VIRGO,1,2,ANY,ANY,7,transit_calendar,SUN:sign_ingress:VIRGO,exact_day,太陽が{event_date}に乙女座へ移ると、自分の基準を作る段階から、パートナーとのお金、時間、価値観の違いを現実的に調整する段階へ進みます。相手へ合わせて大切なものを手放さず、共有する部分と個人に残す部分を話してください。対等な選択が、関係の安心を支えます。,100,1
2026_08_SIGN_SUN_LEO_VIRGO_S01_S02_N08,2026-08,50,SUN,sign_ingress,LEO,VIRGO,1,2,ANY,ANY,8,transit_calendar,SUN:sign_ingress:VIRGO,exact_day,{event_date}に太陽が乙女座へ移ると、自分の資源を整えることが、共有資金、受け取る支援、親密な関係での価値交換へつながります。頼ることと任せきることを混同せず、責任の範囲を数字と言葉で確認してください。自分の持ち分を知ることが、深い協力へ入る土台になります。,100,1
2026_08_SIGN_SUN_LEO_VIRGO_S01_S02_N09,2026-08,50,SUN,sign_ingress,LEO,VIRGO,1,2,ANY,ANY,9,transit_calendar,SUN:sign_ingress:VIRGO,exact_day,太陽が{event_date}に乙女座へ移ると、自分の価値を、学び、旅、専門知識など視野を広げる経験へどう投じるかが焦点になります。理想だけで大きな出費を決めず、目的と得たい実感を具体化してください。現実的な投資計画が、価値観を行動へ変える助けになります。,100,1
2026_08_SIGN_SUN_LEO_VIRGO_S01_S02_N10,2026-08,50,SUN,sign_ingress,LEO,VIRGO,1,2,ANY,ANY,10,transit_calendar,SUN:sign_ingress:VIRGO,exact_day,{event_date}に太陽が乙女座へ移ると、自分の能力や資源を、仕事上の役割、報酬、社会で何を提供するかという形で見直したくなります。評価だけを基準にせず、責任と対価が釣り合うか確かめてください。使える力を明確にすることが、公的な立ち位置を整えます。,100,1
2026_08_SIGN_SUN_LEO_VIRGO_S01_S02_N11,2026-08,50,SUN,sign_ingress,LEO,VIRGO,1,2,ANY,ANY,11,transit_calendar,SUN:sign_ingress:VIRGO,exact_day,太陽が{event_date}に乙女座へ移ると、自分の資源や技能を、仲間との企画、共同目標、将来の備えへどう配るかを考える時期に入ります。所属を保つために負担を増やさず、提供できる範囲を示してください。価値観の合うつながりへ力を使うことが、未来の選択肢を育てます。,100,1
2026_08_SIGN_SUN_LEO_VIRGO_S01_S02_N12,2026-08,50,SUN,sign_ingress,LEO,VIRGO,1,2,ANY,ANY,12,transit_calendar,SUN:sign_ingress:VIRGO,exact_day,{event_date}に太陽が乙女座へ移ると、表に出しにくい不安や疲れが、支出、蓄え、自己評価の揺れとして表れやすくなります。安心を得るために物や仕事を増やす前に、休息と静かな時間を確保してください。内側の不足感を整えることが、本当に必要な資源を見分ける助けになります。,100,1
2026_08_SIGN_SUN_LEO_VIRGO_S02_S03_N01,2026-08,50,SUN,sign_ingress,LEO,VIRGO,2,3,ANY,ANY,1,transit_calendar,SUN:sign_ingress:VIRGO,exact_day,太陽が{event_date}に乙女座へ移ると、自分の価値や資源を固める段階から、それを言葉にして伝え、身近な場所で試す段階へ進みます。印象だけで話さず、経験と事実を短く整理してください。自分の声を日々の対話に乗せることが、考えと行動を結びつけます。,100,1
2026_08_SIGN_SUN_LEO_VIRGO_S02_S03_N02,2026-08,50,SUN,sign_ingress,LEO,VIRGO,2,3,ANY,ANY,2,transit_calendar,SUN:sign_ingress:VIRGO,exact_day,{event_date}に太陽が乙女座へ移ると、収入、持ち物、技能を見直した結果を、記録、相談、具体的な学びへ移したくなります。数字を頭の中だけで管理せず、書き出して比較できる形にしてください。価値を説明できる言葉が、資源の使い方を整える助けになります。,100,1
2026_08_SIGN_SUN_LEO_VIRGO_S02_S03_N03,2026-08,50,SUN,sign_ingress,LEO,VIRGO,2,3,ANY,ANY,3,transit_calendar,SUN:sign_ingress:VIRGO,exact_day,太陽が{event_date}に乙女座へ移ると、会話、学習、書類、近距離の移動など身近な情報交換へ意識が集まります。すべてを知ろうとせず、今必要な情報と後で確かめることを分けてください。丁寧に聞き、簡潔に伝える習慣が、毎日の判断を明確にします。,100,1
2026_08_SIGN_SUN_LEO_VIRGO_S02_S03_N04,2026-08,50,SUN,sign_ingress,LEO,VIRGO,2,3,ANY,ANY,4,transit_calendar,SUN:sign_ingress:VIRGO,exact_day,{event_date}に太陽が乙女座へ移ると、家計や暮らしの基盤を整える段階から、家族との連絡、住まいに関する手続き、身近な相談へ焦点が移ります。昔の前提で話を進めず、今の予定と希望を確認してください。家庭内の言葉を整えることが、安心できる生活を支えます。,100,1
2026_08_SIGN_SUN_LEO_VIRGO_S02_S03_N05,2026-08,50,SUN,sign_ingress,LEO,VIRGO,2,3,ANY,ANY,5,transit_calendar,SUN:sign_ingress:VIRGO,exact_day,太陽が{event_date}に乙女座へ移ると、才能や楽しみに価値を与える段階から、創作を言葉で表し、人に伝え、学びながら磨く段階へ入ります。反応を得るために説明を盛らず、面白いと感じた点を具体的に示してください。遊び心のある発信が、表現の幅を広げます。,100,1
2026_08_SIGN_SUN_LEO_VIRGO_S02_S03_N06,2026-08,50,SUN,sign_ingress,LEO,VIRGO,2,3,ANY,ANY,6,transit_calendar,SUN:sign_ingress:VIRGO,exact_day,{event_date}に太陽が乙女座へ移ると、仕事の技能や日課を整える流れが、連絡、記録、手順書、短い学習の改善へつながります。細部を直し続けて共有を遅らせず、まず使える形で伝えてください。実務に役立つ言葉を揃えることが、日々の働きやすさを支えます。,100,1
2026_08_SIGN_SUN_LEO_VIRGO_S02_S03_N07,2026-08,50,SUN,sign_ingress,LEO,VIRGO,2,3,ANY,ANY,7,transit_calendar,SUN:sign_ingress:VIRGO,exact_day,太陽が{event_date}に乙女座へ移ると、パートナーとの価値観を調整する段階から、約束、相談、条件を具体的な言葉にする段階へ進みます。察してもらうことを前提にせず、確認したい点を一つずつ伝えてください。対話の記録を残すことが、関係の認識を揃える助けになります。,100,1
2026_08_SIGN_SUN_LEO_VIRGO_S02_S03_N08,2026-08,50,SUN,sign_ingress,LEO,VIRGO,2,3,ANY,ANY,8,transit_calendar,SUN:sign_ingress:VIRGO,exact_day,{event_date}に太陽が乙女座へ移ると、共有資金や親密さを扱う上で、言いにくい情報、書類、約束を丁寧に確認する必要が見えやすくなります。疑いから問い詰めず、事実と感情を分けて話してください。深いテーマを具体的な言葉にすることが、安心できる協力を支えます。,100,1
2026_08_SIGN_SUN_LEO_VIRGO_S02_S03_N09,2026-08,50,SUN,sign_ingress,LEO,VIRGO,2,3,ANY,ANY,9,transit_calendar,SUN:sign_ingress:VIRGO,exact_day,太陽が{event_date}に乙女座へ移ると、広い学びや信念を、身近な言葉、短い文章、日常で試せる知識へ落とし込む流れが始まります。大きな理論をそのまま語らず、今の経験に結びつく例を選んでください。伝わる形へ翻訳することが、学びを自分の力にします。,100,1
2026_08_SIGN_SUN_LEO_VIRGO_S02_S03_N10,2026-08,50,SUN,sign_ingress,LEO,VIRGO,2,3,ANY,ANY,10,transit_calendar,SUN:sign_ingress:VIRGO,exact_day,{event_date}に太陽が乙女座へ移ると、仕事上の価値や専門性を、説明、提案、報告、発信として見せる機会が増えやすくなります。評価を意識して断言しすぎず、根拠と次の手順を示してください。正確なコミュニケーションが、公的な役割を支えます。,100,1
2026_08_SIGN_SUN_LEO_VIRGO_S02_S03_N11,2026-08,50,SUN,sign_ingress,LEO,VIRGO,2,3,ANY,ANY,11,transit_calendar,SUN:sign_ingress:VIRGO,exact_day,太陽が{event_date}に乙女座へ移ると、仲間と共有する資源や未来像が、連絡網、企画書、学び合いなど具体的な情報交換へ移ります。全員の意見をまとめきろうとせず、決まったことと検討中のことを分けてください。見通しのよい共有が、共同目標への参加を助けます。,100,1
2026_08_SIGN_SUN_LEO_VIRGO_S02_S03_N12,2026-08,50,SUN,sign_ingress,LEO,VIRGO,2,3,ANY,ANY,12,transit_calendar,SUN:sign_ingress:VIRGO,exact_day,{event_date}に太陽が乙女座へ移ると、表に出しにくい不安や自己評価が、頭の中の反復や言葉にできない迷いとして意識されやすくなります。情報を増やして答えを急がず、静かに書き出す時間を取ってください。伝える前に考えを休ませることが、本当に必要な言葉を見つける助けになります。,100,1
2026_08_SIGN_SUN_LEO_VIRGO_S03_S04_N01,2026-08,50,SUN,sign_ingress,LEO,VIRGO,3,4,ANY,ANY,1,transit_calendar,SUN:sign_ingress:VIRGO,exact_day,太陽が{event_date}に乙女座へ移ると、外へ向けて言葉や情報を動かす段階から、自分が安心して戻れる家と生活基盤を整える段階へ移ります。周囲との連絡に追われず、一人になれる時間と場所を確保してください。内側の落ち着きが、自分らしい判断を取り戻す支えになります。,100,1
2026_08_SIGN_SUN_LEO_VIRGO_S03_S04_N02,2026-08,50,SUN,sign_ingress,LEO,VIRGO,3,4,ANY,ANY,2,transit_calendar,SUN:sign_ingress:VIRGO,exact_day,{event_date}に太陽が乙女座へ移ると、収入や資源について話し合う流れが、家計、住まい、家族を支える具体的な管理へつながります。安心を買うように物を増やさず、長く使うものと手放せるものを分けてください。家庭の価値基準を整えることが、生活の安定を支えます。,100,1
2026_08_SIGN_SUN_LEO_VIRGO_S03_S04_N03,2026-08,50,SUN,sign_ingress,LEO,VIRGO,3,4,ANY,ANY,3,transit_calendar,SUN:sign_ingress:VIRGO,exact_day,太陽が{event_date}に乙女座へ移ると、会話や移動で外へ広がっていた意識が、家族との言葉、身近な記憶、生活圏の見直しへ戻ります。説明を急いで結論を出さず、互いの受け取り方を確かめてください。日常の対話を落ち着かせることが、安心できる関係を育てます。,100,1
2026_08_SIGN_SUN_LEO_VIRGO_S03_S04_N04,2026-08,50,SUN,sign_ingress,LEO,VIRGO,3,4,ANY,ANY,4,transit_calendar,SUN:sign_ingress:VIRGO,exact_day,{event_date}に太陽が乙女座へ移ると、家、家族、過去から続く習慣、心の土台そのものへ意識が集まります。昔の役割をそのまま繰り返さず、今の暮らしに必要な配置と分担を選び直してください。小さな環境改善が、内側の安心と次の活動への力を整えます。,100,1
2026_08_SIGN_SUN_LEO_VIRGO_S03_S04_N05,2026-08,50,SUN,sign_ingress,LEO,VIRGO,3,4,ANY,ANY,5,transit_calendar,SUN:sign_ingress:VIRGO,exact_day,太陽が{event_date}に乙女座へ移ると、発信や学びで得た刺激を、自宅での創作、家族と楽しむ時間、心が緩む遊びへ戻したくなります。人に見せる完成度を求めず、安心できる場所で試してください。内側から湧く喜びを育てることが、表現の新しい土台になります。,100,1
2026_08_SIGN_SUN_LEO_VIRGO_S03_S04_N06,2026-08,50,SUN,sign_ingress,LEO,VIRGO,3,4,ANY,ANY,6,transit_calendar,SUN:sign_ingress:VIRGO,exact_day,{event_date}に太陽が乙女座へ移ると、連絡や実務の改善から、家事、生活リズム、身近な人のケアを整える流れへ焦点が移ります。気づいたことをすべて自分で直さず、役割と休む時間を分けてください。家庭の日課を無理なく回す仕組みが、心身の安定を支えます。,100,1
2026_08_SIGN_SUN_LEO_VIRGO_S03_S04_N07,2026-08,50,SUN,sign_ingress,LEO,VIRGO,3,4,ANY,ANY,7,transit_calendar,SUN:sign_ingress:VIRGO,exact_day,太陽が{event_date}に乙女座へ移ると、パートナーとの会話や条件確認が、住まい方、家族との距離、二人が安心できる基盤の相談へ進みます。相手の家庭観を決めつけず、守りたい習慣を互いに伝えてください。暮らしの合意を丁寧に作ることが、関係の落ち着きを支えます。,100,1
2026_08_SIGN_SUN_LEO_VIRGO_S03_S04_N08,2026-08,50,SUN,sign_ingress,LEO,VIRGO,3,4,ANY,ANY,8,transit_calendar,SUN:sign_ingress:VIRGO,exact_day,{event_date}に太陽が乙女座へ移ると、言葉にしてきた共有責任が、住まい、家族の資源、過去から続く感情の扱いとして具体化します。秘密や負担を一人で抱えず、話せる範囲と助けが必要な部分を分けてください。家庭の深い課題を整理することが、安心できる土台を作ります。,100,1
2026_08_SIGN_SUN_LEO_VIRGO_S03_S04_N09,2026-08,50,SUN,sign_ingress,LEO,VIRGO,3,4,ANY,ANY,9,transit_calendar,SUN:sign_ingress:VIRGO,exact_day,太陽が{event_date}に乙女座へ移ると、学びや遠い世界を身近な言葉へ訳す段階から、自分のルーツ、家族観、これから住みたい場所を考える段階へ入ります。受け継いだ考えを唯一の正解にせず、今の経験と照らしてください。居場所の意味を更新することが、将来の方向を支えます。,100,1
2026_08_SIGN_SUN_LEO_VIRGO_S03_S04_N10,2026-08,50,SUN,sign_ingress,LEO,VIRGO,3,4,ANY,ANY,10,transit_calendar,SUN:sign_ingress:VIRGO,exact_day,{event_date}に太陽が乙女座へ移ると、公的な発信や仕事上の判断から、家庭と仕事のバランス、生活を支える裏側の調整へ意識が戻ります。外の評価を優先して家での疲れを見過ごさず、時間配分を見直してください。内側の基盤を整えることが、社会で役割を担う力になります。,100,1
2026_08_SIGN_SUN_LEO_VIRGO_S03_S04_N11,2026-08,50,SUN,sign_ingress,LEO,VIRGO,3,4,ANY,ANY,11,transit_calendar,SUN:sign_ingress:VIRGO,exact_day,太陽が{event_date}に乙女座へ移ると、仲間との情報交換や共同目標から一歩引き、自宅や親しい人との小さなつながりへ意識が向かいます。集団の予定を家まで持ち込まず、連絡を止める時間を決めてください。安心できる内輪の場が、未来へ向かう力を静かに整えます。,100,1
2026_08_SIGN_SUN_LEO_VIRGO_S03_S04_N12,2026-08,50,SUN,sign_ingress,LEO,VIRGO,3,4,ANY,ANY,12,transit_calendar,SUN:sign_ingress:VIRGO,exact_day,{event_date}に太陽が乙女座へ移ると、頭の中で繰り返していた言葉や未整理の記憶が、家族、過去、心の奥の安心に関するテーマとして浮かびやすくなります。急いで説明や解決を求めず、静かに休める環境を作ってください。内側の声を聞くことが、手放すものと守るものを分ける助けになります。,100,1
2026_08_SIGN_SUN_LEO_VIRGO_S04_S05_N01,2026-08,50,SUN,sign_ingress,LEO,VIRGO,4,5,ANY,ANY,1,transit_calendar,SUN:sign_ingress:VIRGO,exact_day,太陽が{event_date}に乙女座へ移ると、家や内側の基盤を整える段階から、自分の喜び、創作、恋愛を外へ表す段階へ進みます。人の反応に合わせて自分らしさを作らず、心が動くことを具体的な時間に置いてください。丁寧に楽しむ姿勢が、自然な存在感を引き出します。,100,1
2026_08_SIGN_SUN_LEO_VIRGO_S04_S05_N02,2026-08,50,SUN,sign_ingress,LEO,VIRGO,4,5,ANY,ANY,2,transit_calendar,SUN:sign_ingress:VIRGO,exact_day,{event_date}に太陽が乙女座へ移ると、暮らしを守るために使っていた時間や資源を、趣味、創作、心から楽しめる経験へ振り分けたくなります。勢いで大きく使わず、続けられる予算と道具を選んでください。自分の才能へ現実的に価値を与えることが、喜びを育てます。,100,1
2026_08_SIGN_SUN_LEO_VIRGO_S04_S05_N03,2026-08,50,SUN,sign_ingress,LEO,VIRGO,4,5,ANY,ANY,3,transit_calendar,SUN:sign_ingress:VIRGO,exact_day,太陽が{event_date}に乙女座へ移ると、家庭内の会話や身近な記憶が、文章、発表、遊び心のある表現として外へ出たがります。上手な言葉を探しすぎず、面白いと感じた部分を具体的に伝えてください。書くことや話すことを楽しむ姿勢が、創造性を広げます。,100,1
2026_08_SIGN_SUN_LEO_VIRGO_S04_S05_N04,2026-08,50,SUN,sign_ingress,LEO,VIRGO,4,5,ANY,ANY,4,transit_calendar,SUN:sign_ingress:VIRGO,exact_day,{event_date}に太陽が乙女座へ移ると、家や家族の土台を整えた先で、自宅での創作、家族と楽しむ時間、心が緩む遊びへ光が移ります。全員を喜ばせようとせず、自分も楽しめる予定を選んでください。安心できる場所から始める表現が、内側の明るさを育てます。,100,1
2026_08_SIGN_SUN_LEO_VIRGO_S04_S05_N05,2026-08,50,SUN,sign_ingress,LEO,VIRGO,4,5,ANY,ANY,5,transit_calendar,SUN:sign_ingress:VIRGO,exact_day,太陽が{event_date}に乙女座へ移ると、創作、恋愛、遊び、自己表現そのものが主役になり、何を心から楽しみたいかが明確になりやすくなります。完成度や評価を先に求めず、手を動かしながら細部を磨いてください。自分の喜びを丁寧に扱うことが、表現への自信を支えます。,100,1
2026_08_SIGN_SUN_LEO_VIRGO_S04_S05_N06,2026-08,50,SUN,sign_ingress,LEO,VIRGO,4,5,ANY,ANY,6,transit_calendar,SUN:sign_ingress:VIRGO,exact_day,{event_date}に太陽が乙女座へ移ると、家事や生活管理に向けていた意識が、日課の中へ創作、遊び、恋愛の時間を取り戻す方向へ変わります。楽しみまで課題にせず、短くても続けられる枠を作ってください。仕事と休息の間に喜びを置くことが、毎日の活力を整えます。,100,1
2026_08_SIGN_SUN_LEO_VIRGO_S04_S05_N07,2026-08,50,SUN,sign_ingress,LEO,VIRGO,4,5,ANY,ANY,7,transit_calendar,SUN:sign_ingress:VIRGO,exact_day,太陽が{event_date}に乙女座へ移ると、パートナーと安心できる基盤を作る段階から、二人の楽しみ、恋愛感情、共同の創作を表現する段階へ進みます。相手の反応を決めつけず、やってみたいことを具体的に提案してください。遊び心のある対話が、関係に新しい温度を加えます。,100,1
2026_08_SIGN_SUN_LEO_VIRGO_S04_S05_N08,2026-08,50,SUN,sign_ingress,LEO,VIRGO,4,5,ANY,ANY,8,transit_calendar,SUN:sign_ingress:VIRGO,exact_day,{event_date}に太陽が乙女座へ移ると、家族や過去に関する深い感情が、創作、恋愛、親密な表現を通して外へ出たがります。強い感情を刺激だけに使わず、誰の経験や権利に触れるかを確かめてください。内側の重さを丁寧な表現へ変えることが、喜びを取り戻す助けになります。,100,1
2026_08_SIGN_SUN_LEO_VIRGO_S04_S05_N09,2026-08,50,SUN,sign_ingress,LEO,VIRGO,4,5,ANY,ANY,9,transit_calendar,SUN:sign_ingress:VIRGO,exact_day,太陽が{event_date}に乙女座へ移ると、ルーツや家族観を見直した経験が、物語、学び、旅、異文化に触れる創作へ広がります。自分の背景だけを正解にせず、別の視点を取り入れてください。個人的な体験を開かれた形へ磨くことが、表現の世界を豊かにします。,100,1
2026_08_SIGN_SUN_LEO_VIRGO_S04_S05_N10,2026-08,50,SUN,sign_ingress,LEO,VIRGO,4,5,ANY,ANY,10,transit_calendar,SUN:sign_ingress:VIRGO,exact_day,{event_date}に太陽が乙女座へ移ると、家庭と仕事の基盤を整える段階から、創作や企画を公の場で示し、自分の才能を役割へ結びつける段階へ進みます。注目を急いで演出を大きくせず、届ける相手と目的を決めてください。丁寧な表現が、社会との新しい接点を作ります。,100,1
2026_08_SIGN_SUN_LEO_VIRGO_S04_S05_N11,2026-08,50,SUN,sign_ingress,LEO,VIRGO,4,5,ANY,ANY,11,transit_calendar,SUN:sign_ingress:VIRGO,exact_day,太陽が{event_date}に乙女座へ移ると、親しい人との安心を土台に、仲間との共同制作、イベント、遊びを始めたくなります。中心になって全員を動かさず、参加方法と役割を開いてください。皆が楽しめる具体的な仕組みを作ることが、共同の創造性を育てます。,100,1
2026_08_SIGN_SUN_LEO_VIRGO_S04_S05_N12,2026-08,50,SUN,sign_ingress,LEO,VIRGO,4,5,ANY,ANY,12,transit_calendar,SUN:sign_ingress:VIRGO,exact_day,{event_date}に太陽が乙女座へ移ると、心の奥で育てていた願いや誰にも見せていない創作が、静かな喜びとして輪郭を持ち始めます。人前へ出すことを急がず、自分だけで試せる時間を守ってください。内側の遊び心を丁寧に育てることが、次に表現するものを見つける助けになります。,100,1
2026_08_SIGN_SUN_LEO_VIRGO_S05_S06_N01,2026-08,50,SUN,sign_ingress,LEO,VIRGO,5,6,ANY,ANY,1,transit_calendar,SUN:sign_ingress:VIRGO,exact_day,太陽が{event_date}に乙女座へ移ると、自分の喜びや表現を楽しむ段階から、その力を日々の仕事、習慣、体の手入れへ役立てる段階に入ります。理想の自分へ一気に変えようとせず、続けられる手順を一つ選んでください。自分に合う整え方が、毎日の存在感を安定させます。,100,1
2026_08_SIGN_SUN_LEO_VIRGO_S05_S06_N02,2026-08,50,SUN,sign_ingress,LEO,VIRGO,5,6,ANY,ANY,2,transit_calendar,SUN:sign_ingress:VIRGO,exact_day,{event_date}に太陽が乙女座へ移ると、趣味や楽しみに使っていた時間とお金を、仕事道具、生活必需品、日常の維持へ配り直したくなります。節約だけを目的にせず、負担を減らすものへ適切に使ってください。実用性と心地よさを両立させる選択が、暮らしの価値を支えます。,100,1
2026_08_SIGN_SUN_LEO_VIRGO_S05_S06_N03,2026-08,50,SUN,sign_ingress,LEO,VIRGO,5,6,ANY,ANY,3,transit_calendar,SUN:sign_ingress:VIRGO,exact_day,太陽が{event_date}に乙女座へ移ると、遊び心のある発信から、連絡、記録、予定調整など実務を支える言葉へ意識が移ります。細かく説明しすぎて要点を埋もれさせず、相手が次に動ける情報を示してください。伝え方を整えることが、日々の仕事を軽くします。,100,1
2026_08_SIGN_SUN_LEO_VIRGO_S05_S06_N04,2026-08,50,SUN,sign_ingress,LEO,VIRGO,5,6,ANY,ANY,4,transit_calendar,SUN:sign_ingress:VIRGO,exact_day,{event_date}に太陽が乙女座へ移ると、家族と楽しむ時間や自宅での創作が、家事、ケア、生活環境の改善へつながります。気づいた人がすべて直す形にせず、分担と休める時間を決めてください。安心できる家の日課を作ることが、毎日の活力を守ります。,100,1
2026_08_SIGN_SUN_LEO_VIRGO_S05_S06_N05,2026-08,50,SUN,sign_ingress,LEO,VIRGO,5,6,ANY,ANY,5,transit_calendar,SUN:sign_ingress:VIRGO,exact_day,太陽が{event_date}に乙女座へ移ると、ひらめきや楽しさで始めた創作を、練習、制作工程、定期的な手入れへ落とし込む段階に入ります。上達のために喜びを削らず、少量でも続く方法を選んでください。好きなことへ規則的に向き合う姿勢が、表現を着実に育てます。,100,1
2026_08_SIGN_SUN_LEO_VIRGO_S05_S06_N06,2026-08,50,SUN,sign_ingress,LEO,VIRGO,5,6,ANY,ANY,6,transit_calendar,SUN:sign_ingress:VIRGO,exact_day,{event_date}に太陽が乙女座へ移ると、仕事、家事、日課、心身のメンテナンスそのものが主題になり、整えるべき箇所が見えやすくなります。欠点探しに偏らず、すでに機能している習慣も残してください。優先順位と休息を決めることが、実務を安定して回す支えになります。,100,1
2026_08_SIGN_SUN_LEO_VIRGO_S05_S06_N07,2026-08,50,SUN,sign_ingress,LEO,VIRGO,5,6,ANY,ANY,7,transit_calendar,SUN:sign_ingress:VIRGO,exact_day,太陽が{event_date}に乙女座へ移ると、一緒に楽しむ関係から、仕事や生活をどう支え合うかを具体的に話し合う段階へ進みます。相手のやり方を採点せず、負担に感じる点と望む分担を伝えてください。対等な協力を日課に組み込むことが、関係の安心を育てます。,100,1
2026_08_SIGN_SUN_LEO_VIRGO_S05_S06_N08,2026-08,50,SUN,sign_ingress,LEO,VIRGO,5,6,ANY,ANY,8,transit_calendar,SUN:sign_ingress:VIRGO,exact_day,{event_date}に太陽が乙女座へ移ると、恋愛や創作へ注いでいた意識が、共有資金、共同作業、身近な人のケアなど深く関わる実務へ向かいます。心配から相手の領域まで管理せず、引き受ける範囲を決めてください。見えにくい負担を整理することが、信頼と日常の両方を支えます。,100,1
2026_08_SIGN_SUN_LEO_VIRGO_S05_S06_N09,2026-08,50,SUN,sign_ingress,LEO,VIRGO,5,6,ANY,ANY,9,transit_calendar,SUN:sign_ingress:VIRGO,exact_day,太陽が{event_date}に乙女座へ移ると、学びや旅の楽しさを、仕事の技能、日常で使える知識、具体的な習慣へ変える流れが始まります。方法を一度で完成させず、小さく試して調整してください。広い視野を毎日の実践へ結ぶことが、知識を自分の力にします。,100,1
2026_08_SIGN_SUN_LEO_VIRGO_S05_S06_N10,2026-08,50,SUN,sign_ingress,LEO,VIRGO,5,6,ANY,ANY,10,transit_calendar,SUN:sign_ingress:VIRGO,exact_day,{event_date}に太陽が乙女座へ移ると、創作や企画を公に示す段階から、仕事の進行、品質、日々の運用を丁寧に整える段階へ移ります。評価を守るために細部まで抱え込まず、任せる範囲を決めてください。実務の足元を揃えることが、公的な役割を支えます。,100,1
2026_08_SIGN_SUN_LEO_VIRGO_S05_S06_N11,2026-08,50,SUN,sign_ingress,LEO,VIRGO,5,6,ANY,ANY,11,transit_calendar,SUN:sign_ingress:VIRGO,exact_day,太陽が{event_date}に乙女座へ移ると、仲間との楽しい企画が、チームの日常、共同作業、誰かを支える役割へ形を変えます。善意だけで担当を増やさず、期限と休める人員を共有してください。皆が続けられる運用を作ることが、共同目標を現実に近づけます。,100,1
2026_08_SIGN_SUN_LEO_VIRGO_S05_S06_N12,2026-08,50,SUN,sign_ingress,LEO,VIRGO,5,6,ANY,ANY,12,transit_calendar,SUN:sign_ingress:VIRGO,exact_day,{event_date}に太陽が乙女座へ移ると、人知れず育てていた願いや創作意欲が、裏方の整理、休養、静かな手入れとして日常に表れます。見えない疲れを仕事で覆わず、一人で戻れる時間も予定に含めてください。表に出ない準備を丁寧に行うことが、次の活動を支える力になります。,100,1
2026_08_SIGN_SUN_LEO_VIRGO_S06_S07_N01,2026-08,50,SUN,sign_ingress,LEO,VIRGO,6,7,ANY,ANY,1,transit_calendar,SUN:sign_ingress:VIRGO,exact_day,太陽が{event_date}に乙女座へ移ると、自分の務めを黙々と整える段階から、相手と対等に向き合い協力の形を決める段階へ移ります。相手の反応に合わせて自分を作りすぎず、譲れない条件と調整できる点を分けて伝えてください。主体性を保った対話が、関係の土台を整えます。,100,1
2026_08_SIGN_SUN_LEO_VIRGO_S06_S07_N02,2026-08,50,SUN,sign_ingress,LEO,VIRGO,6,7,ANY,ANY,2,transit_calendar,SUN:sign_ingress:VIRGO,exact_day,{event_date}に太陽が乙女座へ移ると、日々の労力に見合う対価や、自分と相手が何を持ち寄るかが気になりやすくなります。好意だけで負担や費用を曖昧にせず、予算、報酬、分担を具体的に確認してください。互いの価値を尊重する条件づくりが、長く続く協力につながります。,100,1
2026_08_SIGN_SUN_LEO_VIRGO_S06_S07_N03,2026-08,50,SUN,sign_ingress,LEO,VIRGO,6,7,ANY,ANY,3,transit_calendar,SUN:sign_ingress:VIRGO,exact_day,太陽が{event_date}に乙女座へ移ると、個人で進めていた連絡や実務を、相手との相談、確認、合意へつなげる機会が増えます。細かな言い間違いを責めるより、決まったことと次の行動を短くまとめてください。丁寧で往復しやすい言葉が、一対一の連携を滑らかにします。,100,1
2026_08_SIGN_SUN_LEO_VIRGO_S06_S07_N04,2026-08,50,SUN,sign_ingress,LEO,VIRGO,6,7,ANY,ANY,4,transit_calendar,SUN:sign_ingress:VIRGO,exact_day,{event_date}に太陽が乙女座へ移ると、家事や身近な人のケアを一人で回す形から、家族やパートナーと暮らし方を調整する流れへ進みます。気づいた側だけが背負わず、担当、頻度、休める時間を話し合ってください。安心できる家庭の約束が、関係にも余白を作ります。,100,1
2026_08_SIGN_SUN_LEO_VIRGO_S06_S07_N05,2026-08,50,SUN,sign_ingress,LEO,VIRGO,6,7,ANY,ANY,5,transit_calendar,SUN:sign_ingress:VIRGO,exact_day,太陽が{event_date}に乙女座へ移ると、趣味や恋愛を自分の感覚で楽しむ段階から、相手と一緒に育てる方法を考える段階へ移ります。作品や好意を評価の材料にせず、楽しい点と改善したい点を分けて伝えてください。実務的な協力を加えることで、喜びを保ったまま関係が深まります。,100,1
2026_08_SIGN_SUN_LEO_VIRGO_S06_S07_N06,2026-08,50,SUN,sign_ingress,LEO,VIRGO,6,7,ANY,ANY,6,transit_calendar,SUN:sign_ingress:VIRGO,exact_day,{event_date}に太陽が乙女座へ移ると、仕事や生活習慣の見直しが、同僚、依頼相手、身近な人との役割調整へつながります。自分の手順を唯一の正解にせず、期限、担当、休息の取り方を共有してください。無理なく守れる約束を作ることが、実務と関係の両方を安定させます。,100,1
2026_08_SIGN_SUN_LEO_VIRGO_S06_S07_N07,2026-08,50,SUN,sign_ingress,LEO,VIRGO,6,7,ANY,ANY,7,transit_calendar,SUN:sign_ingress:VIRGO,exact_day,太陽が{event_date}に乙女座へ移ると、対人関係、契約、相談相手の存在が月の中心となり、協力の質を見直す機会が増えます。完璧な返答を急がず、相手の希望を聞いたうえで自分の条件も具体的に示してください。小さな合意を積み重ねる姿勢が、対等な関係を育てます。,100,1
2026_08_SIGN_SUN_LEO_VIRGO_S06_S07_N08,2026-08,50,SUN,sign_ingress,LEO,VIRGO,6,7,ANY,ANY,8,transit_calendar,SUN:sign_ingress:VIRGO,exact_day,{event_date}に太陽が乙女座へ移ると、共有資金、共同責任、深い信頼に関わる事柄を、相手と現実的に整える必要が見えやすくなります。不安から相手の領域まで管理せず、負担の範囲や確認方法を言葉にしてください。見えにくい約束を明確にすることが、安心して協力する支えになります。,100,1
2026_08_SIGN_SUN_LEO_VIRGO_S06_S07_N09,2026-08,50,SUN,sign_ingress,LEO,VIRGO,6,7,ANY,ANY,9,transit_calendar,SUN:sign_ingress:VIRGO,exact_day,太陽が{event_date}に乙女座へ移ると、学びや旅で得た考えを、相手との対話を通じて確かめ直す流れが始まります。正しさを証明することに集中せず、異なる経験や判断基準にも耳を傾けてください。互いの視野を持ち寄ることで、実生活に使える方針が整います。,100,1
2026_08_SIGN_SUN_LEO_VIRGO_S06_S07_N10,2026-08,50,SUN,sign_ingress,LEO,VIRGO,6,7,ANY,ANY,10,transit_calendar,SUN:sign_ingress:VIRGO,exact_day,{event_date}に太陽が乙女座へ移ると、仕事上の相手、顧客、共同責任者との関係が、公的な役割や評価に結びつきやすくなります。期待に応えようとして先まで請け負わず、権限、期限、成果物を確認してください。責任の境界を整えた協働が、信頼できる仕事ぶりを支えます。,100,1
2026_08_SIGN_SUN_LEO_VIRGO_S06_S07_N11,2026-08,50,SUN,sign_ingress,LEO,VIRGO,6,7,ANY,ANY,11,transit_calendar,SUN:sign_ingress:VIRGO,exact_day,太陽が{event_date}に乙女座へ移ると、チームの日常業務を整える段階から、目標を共有できる相手と個別に連携する段階へ進みます。全員の仲介役を抱え込まず、誰と何を決めるかを明確にしてください。一対一の確かな協力が、仲間全体の計画にも現実的な推進力を与えます。,100,1
2026_08_SIGN_SUN_LEO_VIRGO_S06_S07_N12,2026-08,50,SUN,sign_ingress,LEO,VIRGO,6,7,ANY,ANY,12,transit_calendar,SUN:sign_ingress:VIRGO,exact_day,{event_date}に太陽が乙女座へ移ると、表に出ない仕事や疲れが、親しい相手との距離感や支え方に影響していることへ気づきやすくなります。言葉にする前に静かな回復時間を取り、助けてほしいことを一つずつ伝えてください。見えない負担を分かち合うことが、穏やかな信頼を守ります。,100,1
2026_08_SIGN_SUN_LEO_VIRGO_S07_S08_N01,2026-08,50,SUN,sign_ingress,LEO,VIRGO,7,8,ANY,ANY,1,transit_calendar,SUN:sign_ingress:VIRGO,exact_day,太陽が{event_date}に乙女座へ移ると、相手と向き合う段階から、その関係が自分の選択や生き方をどう変えるかまで考える段階へ進みます。親密さの中で相手の事情を背負いすぎず、自分が引き受けられる範囲を示してください。境界を保ちながら深く関わる姿勢が、自分らしい信頼を育てます。,100,1
2026_08_SIGN_SUN_LEO_VIRGO_S07_S08_N02,2026-08,50,SUN,sign_ingress,LEO,VIRGO,7,8,ANY,ANY,2,transit_calendar,SUN:sign_ingress:VIRGO,exact_day,{event_date}に太陽が乙女座へ移ると、対等な関係を築く意識が、共有するお金、物、時間と自分の持ち分を整理する課題へ移ります。相手の資源を当てにしたり自分だけが補ったりせず、金額と目的を分けて確認してください。個人の安心を守る基準が、共同管理の土台になります。,100,1
2026_08_SIGN_SUN_LEO_VIRGO_S07_S08_N03,2026-08,50,SUN,sign_ingress,LEO,VIRGO,7,8,ANY,ANY,3,transit_calendar,SUN:sign_ingress:VIRGO,exact_day,太陽が{event_date}に乙女座へ移ると、日常的な相談から一歩進み、共有資金、責任、親密な気持ちについて具体的に話す場面が増えます。推測で結論を急がず、事実、希望、未決定事項を分けて伝えてください。慎重な言葉選びと記録が、繊細な話題を扱う助けになります。,100,1
2026_08_SIGN_SUN_LEO_VIRGO_S07_S08_N04,2026-08,50,SUN,sign_ingress,LEO,VIRGO,7,8,ANY,ANY,4,transit_calendar,SUN:sign_ingress:VIRGO,exact_day,{event_date}に太陽が乙女座へ移ると、家族やパートナーとの関係が、住まいの費用、ケアの責任、受け継いだ事情など深い共有課題へつながります。昔からの役割を当然とせず、今の負担と希望を確認してください。家庭内の見えない約束を整えることが、安心して支え合う基盤になります。,100,1
2026_08_SIGN_SUN_LEO_VIRGO_S07_S08_N05,2026-08,50,SUN,sign_ingress,LEO,VIRGO,7,8,ANY,ANY,5,transit_calendar,SUN:sign_ingress:VIRGO,exact_day,太陽が{event_date}に乙女座へ移ると、恋愛や創作の関係に、時間、費用、信頼をどこまで預けるかという現実的な問いが加わります。強い気持ちを確約と同じに扱わず、望む関わり方を段階的に確かめてください。喜びと慎重さを両立させることが、深い共同体験を育てます。,100,1
2026_08_SIGN_SUN_LEO_VIRGO_S07_S08_N06,2026-08,50,SUN,sign_ingress,LEO,VIRGO,7,8,ANY,ANY,6,transit_calendar,SUN:sign_ingress:VIRGO,exact_day,{event_date}に太陽が乙女座へ移ると、対人調整の焦点が、共同作業の負担、ケア、立替、引き継ぎなど日常の奥にある責任へ移ります。気づいた仕事を黙って抱えず、担当と確認時期を一覧にしてください。見えない実務を共有する工夫が、心身の余裕と信頼を守ります。,100,1
2026_08_SIGN_SUN_LEO_VIRGO_S07_S08_N07,2026-08,50,SUN,sign_ingress,LEO,VIRGO,7,8,ANY,ANY,7,transit_calendar,SUN:sign_ingress:VIRGO,exact_day,太陽が{event_date}に乙女座へ移ると、パートナーシップの形式よりも、互いに何を預け、どこまで責任を分かち合うかが重要になります。親密さを証明するために無理な約束をせず、同意、費用、秘密の扱いを丁寧に確認してください。率直で具体的な取り決めが、関係の深まりを支えます。,100,1
2026_08_SIGN_SUN_LEO_VIRGO_S07_S08_N08,2026-08,50,SUN,sign_ingress,LEO,VIRGO,7,8,ANY,ANY,8,transit_calendar,SUN:sign_ingress:VIRGO,exact_day,{event_date}に太陽が乙女座へ移ると、共有資金、共同責任、親密さ、手放すべき執着が月の中心となり、曖昧だった結びつきを点検しやすくなります。すべてを管理しようとせず、自分の責任と相手の選択を分けてください。整理できる項目から扱うことで、深い課題にも落ち着いて向き合えます。,100,1
2026_08_SIGN_SUN_LEO_VIRGO_S07_S08_N09,2026-08,50,SUN,sign_ingress,LEO,VIRGO,7,8,ANY,ANY,9,transit_calendar,SUN:sign_ingress:VIRGO,exact_day,太陽が{event_date}に乙女座へ移ると、誰かとの対話で得た視点が、信念、学び、旅の計画に伴う費用や責任を見直すきっかけになります。理想だけで共同計画を進めず、条件や資料を確かめてください。価値観の違いを言葉にすることが、納得できる選択へつながります。,100,1
2026_08_SIGN_SUN_LEO_VIRGO_S07_S08_N10,2026-08,50,SUN,sign_ingress,LEO,VIRGO,7,8,ANY,ANY,10,transit_calendar,SUN:sign_ingress:VIRGO,exact_day,{event_date}に太陽が乙女座へ移ると、公的な協力関係の背後にある予算、支援、機密情報、共同責任へ意識が向かいます。期待を守るために負担を隠さず、権限と報告範囲を明確にしてください。慎重な資源管理が、仕事上の信頼と役割の継続性を支えます。,100,1
2026_08_SIGN_SUN_LEO_VIRGO_S07_S08_N11,2026-08,50,SUN,sign_ingress,LEO,VIRGO,7,8,ANY,ANY,11,transit_calendar,SUN:sign_ingress:VIRGO,exact_day,太陽が{event_date}に乙女座へ移ると、仲間との協力が、会費、共同資金、情報、支援をどう分かち合うかという課題へ進みます。善意だけで運用せず、記録を見る人と決める人を分けてください。透明な手順を整えることが、グループ内の信頼を保つ助けになります。,100,1
2026_08_SIGN_SUN_LEO_VIRGO_S07_S08_N12,2026-08,50,SUN,sign_ingress,LEO,VIRGO,7,8,ANY,ANY,12,transit_calendar,SUN:sign_ingress:VIRGO,exact_day,{event_date}に太陽が乙女座へ移ると、親しい関係の奥に隠していた不安や古い感情が、静かな時間の中で見えやすくなります。答えを急いで相手に委ねず、まず休息を取り、自分が本当に共有したいことを整理してください。少しずつ打ち明ける姿勢が、無理のない信頼を育てます。,100,1
2026_08_SIGN_SUN_LEO_VIRGO_S08_S09_N01,2026-08,50,SUN,sign_ingress,LEO,VIRGO,8,9,ANY,ANY,1,transit_calendar,SUN:sign_ingress:VIRGO,exact_day,太陽が{event_date}に乙女座へ移ると、深い関係や共同責任に向き合った経験を、自分の信念や今後の方向へ結び直す段階に入ります。大きな答えを急いで掲げず、確かめたいテーマを一つ選んで学んでください。得た視点を日々の選択で試すことが、自分らしい指針を育てます。,100,1
2026_08_SIGN_SUN_LEO_VIRGO_S08_S09_N02,2026-08,50,SUN,sign_ingress,LEO,VIRGO,8,9,ANY,ANY,2,transit_calendar,SUN:sign_ingress:VIRGO,exact_day,{event_date}に太陽が乙女座へ移ると、共有資金や負担の整理から、学び、旅、資格、発信に何を配分するかへ意識が移ります。可能性だけで支出を決めず、目的、費用、使える時間を並べてください。自分の価値観に沿った現実的な予算が、視野を広げる計画を支えます。,100,1
2026_08_SIGN_SUN_LEO_VIRGO_S08_S09_N03,2026-08,50,SUN,sign_ingress,LEO,VIRGO,8,9,ANY,ANY,3,transit_calendar,SUN:sign_ingress:VIRGO,exact_day,太陽が{event_date}に乙女座へ移ると、内密な相談や込み入った話題から、調べたことを整理し、伝え、問い直す活動へ焦点が移ります。情報をそのまま広めず、出典と公開してよい範囲を確認してください。短い記録や対話を重ねることが、理解を確かな知識へ変えます。,100,1
2026_08_SIGN_SUN_LEO_VIRGO_S08_S09_N04,2026-08,50,SUN,sign_ingress,LEO,VIRGO,8,9,ANY,ANY,4,transit_calendar,SUN:sign_ingress:VIRGO,exact_day,{event_date}に太陽が乙女座へ移ると、家族から受け継いだ事情や深い感情を、文化、歴史、価値観という広い視点から捉え直したくなります。過去を一つの正解で裁かず、資料や異なる世代の話も確かめてください。自分のルーツを学び直すことが、これからの居場所を考える助けになります。,100,1
2026_08_SIGN_SUN_LEO_VIRGO_S08_S09_N05,2026-08,50,SUN,sign_ingress,LEO,VIRGO,8,9,ANY,ANY,5,transit_calendar,SUN:sign_ingress:VIRGO,exact_day,太陽が{event_date}に乙女座へ移ると、恋愛や創作で味わった濃い感情を、作品、学び、旅など新しい体験へ展開する流れが始まります。勢いだけで大きな企画にせず、調査や練習の予定を決めてください。好奇心に具体的な手順を与えることで、喜びが広い表現へ育ちます。,100,1
2026_08_SIGN_SUN_LEO_VIRGO_S08_S09_N06,2026-08,50,SUN,sign_ingress,LEO,VIRGO,8,9,ANY,ANY,6,transit_calendar,SUN:sign_ingress:VIRGO,exact_day,{event_date}に太陽が乙女座へ移ると、共同責任や見えない負担から得た気づきを、仕事の技能、生活改善、学習習慣へ生かす段階に入ります。反省だけで終わらせず、毎日試せる小さな方法に置き換えてください。実務で検証する姿勢が、学びを役立つ知恵へ変えます。,100,1
2026_08_SIGN_SUN_LEO_VIRGO_S08_S09_N07,2026-08,50,SUN,sign_ingress,LEO,VIRGO,8,9,ANY,ANY,7,transit_calendar,SUN:sign_ingress:VIRGO,exact_day,太陽が{event_date}に乙女座へ移ると、相手と深く共有した経験が、二人の価値観、将来像、学びや旅の方針を話し合うきっかけになります。同じ結論を急がず、互いが大切にする基準を聞いてください。違いを含めて計画を組み立てることが、関係に新しい見通しをもたらします。,100,1
2026_08_SIGN_SUN_LEO_VIRGO_S08_S09_N08,2026-08,50,SUN,sign_ingress,LEO,VIRGO,8,9,ANY,ANY,8,transit_calendar,SUN:sign_ingress:VIRGO,exact_day,{event_date}に太陽が乙女座へ移ると、共有資金や親密さの課題を抱え込む段階から、その経験の意味を学び直し、長い視野で整理する段階へ進みます。感情だけで判断せず、必要な資料や専門的な見解も確かめてください。背景を理解することが、次に選ぶ方針を落ち着いて定める助けになります。,100,1
2026_08_SIGN_SUN_LEO_VIRGO_S08_S09_N09,2026-08,50,SUN,sign_ingress,LEO,VIRGO,8,9,ANY,ANY,9,transit_calendar,SUN:sign_ingress:VIRGO,exact_day,太陽が{event_date}に乙女座へ移ると、学問、遠方、出版、専門知識、人生観が月の中心となり、視野を広げる課題が具体化します。情報を集めるだけで満足せず、学ぶ順番と使い道を決めてください。細部を確かめながら大きな問いに向き合う姿勢が、持続する探究を支えます。,100,1
2026_08_SIGN_SUN_LEO_VIRGO_S08_S09_N10,2026-08,50,SUN,sign_ingress,LEO,VIRGO,8,9,ANY,ANY,10,transit_calendar,SUN:sign_ingress:VIRGO,exact_day,{event_date}に太陽が乙女座へ移ると、共同資源や機密事項を扱った経験が、専門性、公的な発信、今後の仕事の方向へつながります。詳しく見せようとして確かでないことまで語らず、根拠と責任範囲を確認してください。学びを丁寧に言語化することが、信頼される役割を支えます。,100,1
2026_08_SIGN_SUN_LEO_VIRGO_S08_S09_N11,2026-08,50,SUN,sign_ingress,LEO,VIRGO,8,9,ANY,ANY,11,transit_calendar,SUN:sign_ingress:VIRGO,exact_day,太陽が{event_date}に乙女座へ移ると、仲間と分かち合った資源や課題を、未来の目標、共同学習、社会への発信へ広げる流れが始まります。理想を掲げるだけでなく、調査する人、伝える人、期限を決めてください。異なる知識を持ち寄る仕組みが、計画に具体性を与えます。,100,1
2026_08_SIGN_SUN_LEO_VIRGO_S08_S09_N12,2026-08,50,SUN,sign_ingress,LEO,VIRGO,8,9,ANY,ANY,12,transit_calendar,SUN:sign_ingress:VIRGO,exact_day,{event_date}に太陽が乙女座へ移ると、心の奥で抱えていた不安や喪失感を、静かな学びや内省を通じて意味づけ直したくなります。遠い理想へ逃げず、休息を取りながら今の感覚を書き留めてください。言葉にならない経験へ丁寧に向き合うことが、内側の視野を広げます。,100,1
2026_08_SIGN_SUN_LEO_VIRGO_S09_S10_N01,2026-08,50,SUN,sign_ingress,LEO,VIRGO,9,10,ANY,ANY,1,transit_calendar,SUN:sign_ingress:VIRGO,exact_day,太陽が{event_date}に乙女座へ移ると、学んできたことや広げた視野を、自分の肩書き、姿勢、公的な役割として示す段階に入ります。理想の人物像を演じすぎず、今できる責任と今後伸ばす力を分けてください。等身大の振る舞いが、仕事における存在感を整えます。,100,1
2026_08_SIGN_SUN_LEO_VIRGO_S09_S10_N02,2026-08,50,SUN,sign_ingress,LEO,VIRGO,9,10,ANY,ANY,2,transit_calendar,SUN:sign_ingress:VIRGO,exact_day,{event_date}に太陽が乙女座へ移ると、知識や経験をどう仕事へ生かし、どのような対価や資源で支えるかが具体的な課題になります。肩書きだけで自分の価値を測らず、業務内容、報酬、必要経費を確認してください。納得できる条件を整えることが、役割を続ける基盤になります。,100,1
2026_08_SIGN_SUN_LEO_VIRGO_S09_S10_N03,2026-08,50,SUN,sign_ingress,LEO,VIRGO,9,10,ANY,ANY,3,transit_calendar,SUN:sign_ingress:VIRGO,exact_day,太陽が{event_date}に乙女座へ移ると、調べ、学び、考えてきた内容を、報告、提案、説明など公的な言葉へまとめる機会が増えます。詳しさを競わず、根拠と要点、相手に求める行動を分けてください。明確な伝達が、専門性を仕事の成果へ結びます。,100,1
2026_08_SIGN_SUN_LEO_VIRGO_S09_S10_N04,2026-08,50,SUN,sign_ingress,LEO,VIRGO,9,10,ANY,ANY,4,transit_calendar,SUN:sign_ingress:VIRGO,exact_day,{event_date}に太陽が乙女座へ移ると、家族観や故郷から得た価値観を、仕事上の選択や社会的な役割へどう反映するかが問われやすくなります。周囲の期待だけで進路を決めず、家で守りたい時間も予定に含めてください。私生活の基盤を整えることが、公の責任を支えます。,100,1
2026_08_SIGN_SUN_LEO_VIRGO_S09_S10_N05,2026-08,50,SUN,sign_ingress,LEO,VIRGO,9,10,ANY,ANY,5,transit_calendar,SUN:sign_ingress:VIRGO,exact_day,太陽が{event_date}に乙女座へ移ると、学びや旅で得た刺激を、作品、企画、教育など人に見える形へ仕上げる段階に入ります。評価を意識して楽しさを削らず、完成条件と遊びの余地を分けてください。創造性に実務的な工程を与えることが、発表できる表現を育てます。,100,1
2026_08_SIGN_SUN_LEO_VIRGO_S09_S10_N06,2026-08,50,SUN,sign_ingress,LEO,VIRGO,9,10,ANY,ANY,6,transit_calendar,SUN:sign_ingress:VIRGO,exact_day,{event_date}に太陽が乙女座へ移ると、身につけた知識を仕事の手順、品質管理、日々の役割へ落とし込むことが月の中心になります。完璧な方法を一度で作ろうとせず、負担と効果を記録して調整してください。続けられる実務の改善が、公的な信頼を下支えします。,100,1
2026_08_SIGN_SUN_LEO_VIRGO_S09_S10_N07,2026-08,50,SUN,sign_ingress,LEO,VIRGO,9,10,ANY,ANY,7,transit_calendar,SUN:sign_ingress:VIRGO,exact_day,太陽が{event_date}に乙女座へ移ると、学びや将来像について交わした対話が、契約、共同発表、顧客対応など外から見える協力へつながります。相手の名のもとで約束せず、誰が何を代表するかを確認してください。役割を明確にした連携が、双方の評価を守ります。,100,1
2026_08_SIGN_SUN_LEO_VIRGO_S09_S10_N08,2026-08,50,SUN,sign_ingress,LEO,VIRGO,9,10,ANY,ANY,8,transit_calendar,SUN:sign_ingress:VIRGO,exact_day,{event_date}に太陽が乙女座へ移ると、深い経験から得た専門知識を、資金管理、機密対応、支援を伴う公的な責任へ生かす場面が増えます。任されたことを一人で抱えず、権限、記録、報告先を整えてください。慎重な扱いが、見えにくい貢献を確かな役割へ変えます。,100,1
2026_08_SIGN_SUN_LEO_VIRGO_S09_S10_N09,2026-08,50,SUN,sign_ingress,LEO,VIRGO,9,10,ANY,ANY,9,transit_calendar,SUN:sign_ingress:VIRGO,exact_day,太陽が{event_date}に乙女座へ移ると、学問、旅、出版、専門分野で得た視点を、仕事の方針や社会への働きかけとして形にする段階へ進みます。知っている範囲を広く見せず、根拠と担当領域を明示してください。学びを現実の責任へ結ぶ姿勢が、進む方向を明確にします。,100,1
2026_08_SIGN_SUN_LEO_VIRGO_S09_S10_N10,2026-08,50,SUN,sign_ingress,LEO,VIRGO,9,10,ANY,ANY,10,transit_calendar,SUN:sign_ingress:VIRGO,exact_day,{event_date}に太陽が乙女座へ移ると、仕事、立場、社会的な責任、長期目標が月の中心となり、優先順位を絞る必要が見えやすくなります。細部を整えるあまり全体の期限を逃さず、求められる成果を先に確認してください。着実な進行管理が、公的な役割を安定させます。,100,1
2026_08_SIGN_SUN_LEO_VIRGO_S09_S10_N11,2026-08,50,SUN,sign_ingress,LEO,VIRGO,9,10,ANY,ANY,11,transit_calendar,SUN:sign_ingress:VIRGO,exact_day,太陽が{event_date}に乙女座へ移ると、仲間と学んだことや共有した理想を、組織の役割、社会的な企画、継続的な活動へ移す流れが始まります。全員の期待を一人でまとめず、責任者と判断手順を決めてください。協力の構造を整えることが、共同目標を公の形へ近づけます。,100,1
2026_08_SIGN_SUN_LEO_VIRGO_S09_S10_N12,2026-08,50,SUN,sign_ingress,LEO,VIRGO,9,10,ANY,ANY,12,transit_calendar,SUN:sign_ingress:VIRGO,exact_day,{event_date}に太陽が乙女座へ移ると、内側で育ててきた知識や信念を、表に出る仕事や責任へどう生かすかを考える時期に入ります。不安を隠すために準備を増やしすぎず、休息と非公開にする範囲を確保してください。静かな下支えを大切にすることが、無理のない貢献につながります。,100,1
2026_08_SIGN_SUN_LEO_VIRGO_S10_S11_N01,2026-08,50,SUN,sign_ingress,LEO,VIRGO,10,11,ANY,ANY,1,transit_calendar,SUN:sign_ingress:VIRGO,exact_day,太陽が{event_date}に乙女座へ移ると、肩書きや個人の責任を背負う段階から、仲間の中で自分の力をどう役立てるか考える段階へ進みます。集団に合わせて個性を薄めず、得意なことと引き受けられる範囲を伝えてください。自分らしい参加の形が、将来の目標を現実に近づけます。,100,1
2026_08_SIGN_SUN_LEO_VIRGO_S10_S11_N02,2026-08,50,SUN,sign_ingress,LEO,VIRGO,10,11,ANY,ANY,2,transit_calendar,SUN:sign_ingress:VIRGO,exact_day,{event_date}に太陽が乙女座へ移ると、仕事で得た収入や技能を、仲間、共同企画、将来計画へどう配分するかが具体的になります。貢献額や所有物で自分の価値を証明せず、会費、予算、使途を確認してください。無理のない持ち寄り方が、長く関われる関係を支えます。,100,1
2026_08_SIGN_SUN_LEO_VIRGO_S10_S11_N03,2026-08,50,SUN,sign_ingress,LEO,VIRGO,10,11,ANY,ANY,3,transit_calendar,SUN:sign_ingress:VIRGO,exact_day,太陽が{event_date}に乙女座へ移ると、公的な報告や説明から、仲間同士の連絡、情報共有、企画の調整へ意識が移ります。発言を増やすだけでなく、決定事項と未回答の問いを分けて残してください。誰もが追える連絡経路を整えることが、チームの動きを滑らかにします。,100,1
2026_08_SIGN_SUN_LEO_VIRGO_S10_S11_N04,2026-08,50,SUN,sign_ingress,LEO,VIRGO,10,11,ANY,ANY,4,transit_calendar,SUN:sign_ingress:VIRGO,exact_day,{event_date}に太陽が乙女座へ移ると、仕事と家庭の責任を整えたうえで、地域、家族ぐるみの交流、安心できる仲間との活動へ関心が向かいます。自宅や私生活を常に開放せず、招く範囲と休む時間を決めてください。居場所の境界を守ることが、温かなつながりを育てます。,100,1
2026_08_SIGN_SUN_LEO_VIRGO_S10_S11_N05,2026-08,50,SUN,sign_ingress,LEO,VIRGO,10,11,ANY,ANY,5,transit_calendar,SUN:sign_ingress:VIRGO,exact_day,太陽が{event_date}に乙女座へ移ると、個人で仕上げた作品や企画を、仲間と共有し、観客やコミュニティと育てる段階に入ります。反応を求めすぎて表現を平均化せず、協力してほしい箇所を具体的に示してください。遊び心を残した共同制作が、新しい可能性を広げます。,100,1
2026_08_SIGN_SUN_LEO_VIRGO_S10_S11_N06,2026-08,50,SUN,sign_ingress,LEO,VIRGO,10,11,ANY,ANY,6,transit_calendar,SUN:sign_ingress:VIRGO,exact_day,{event_date}に太陽が乙女座へ移ると、仕事で整えた手順や経験を、チーム運営、共同作業、誰かを支える日課へ生かす機会が増えます。気づくたびに担当を増やさず、当番、期限、休める人員を共有してください。続けられる仕組みが、実務と仲間の目標を両立させます。,100,1
2026_08_SIGN_SUN_LEO_VIRGO_S10_S11_N07,2026-08,50,SUN,sign_ingress,LEO,VIRGO,10,11,ANY,ANY,7,transit_calendar,SUN:sign_ingress:VIRGO,exact_day,太陽が{event_date}に乙女座へ移ると、仕事上のパートナーや相談相手が、仲間の輪、共同目標、未来の計画をつなぐ存在になりやすくなります。二人だけで全体を代表せず、誰の合意が必要かを確認してください。対等な連携を開かれた形にすることが、信頼の広がりを支えます。,100,1
2026_08_SIGN_SUN_LEO_VIRGO_S10_S11_N08,2026-08,50,SUN,sign_ingress,LEO,VIRGO,10,11,ANY,ANY,8,transit_calendar,SUN:sign_ingress:VIRGO,exact_day,{event_date}に太陽が乙女座へ移ると、公的な責任で扱っていた資金や情報が、共同基金、会員情報、相互支援など仲間全体の信頼へ結びつきます。善意を理由に手続きを省かず、閲覧権限と記録方法を決めてください。透明性と守秘の両方を整えることが、安心できる協力を支えます。,100,1
2026_08_SIGN_SUN_LEO_VIRGO_S10_S11_N09,2026-08,50,SUN,sign_ingress,LEO,VIRGO,10,11,ANY,ANY,9,transit_calendar,SUN:sign_ingress:VIRGO,exact_day,太陽が{event_date}に乙女座へ移ると、専門知識や社会的な経験を、学び合う仲間、国境を越えた交流、共通理念の活動へ広げる流れが始まります。大きな理想だけで結ばず、情報源と実行可能な一歩を確かめてください。知識を持ち寄る場が、未来への視野を具体化します。,100,1
2026_08_SIGN_SUN_LEO_VIRGO_S10_S11_N10,2026-08,50,SUN,sign_ingress,LEO,VIRGO,10,11,ANY,ANY,10,transit_calendar,SUN:sign_ingress:VIRGO,exact_day,{event_date}に太陽が乙女座へ移ると、個人の実績や役職よりも、それを組織や社会の未来へどう還元するかが重要になります。指示を出す側に固定されず、判断を任せる範囲と支援方法を決めてください。責任を分かち合う姿勢が、持続する共同活動を育てます。,100,1
2026_08_SIGN_SUN_LEO_VIRGO_S10_S11_N11,2026-08,50,SUN,sign_ingress,LEO,VIRGO,10,11,ANY,ANY,11,transit_calendar,SUN:sign_ingress:VIRGO,exact_day,太陽が{event_date}に乙女座へ移ると、友人、ネットワーク、組織、共同目標が月の中心となり、参加する場を選び直したくなります。全員に役立とうとせず、目的、担当、次の期限を明確にしてください。小さな達成点を共有することが、仲間との計画に現実味を与えます。,100,1
2026_08_SIGN_SUN_LEO_VIRGO_S10_S11_N12,2026-08,50,SUN,sign_ingress,LEO,VIRGO,10,11,ANY,ANY,12,transit_calendar,SUN:sign_ingress:VIRGO,exact_day,{event_date}に太陽が乙女座へ移ると、表に出る責任から少し離れ、仲間を裏側で支える仕事や静かなつながりへ意識が向かいます。交流の多さで孤独を埋めず、参加しない時間も予定に含めてください。休息を確保しながら選ぶ関係が、無理のない社会参加を支えます。,100,1
2026_08_SIGN_SUN_LEO_VIRGO_S11_S12_N01,2026-08,50,SUN,sign_ingress,LEO,VIRGO,11,12,ANY,ANY,1,transit_calendar,SUN:sign_ingress:VIRGO,exact_day,太陽が{event_date}に乙女座へ移ると、仲間の中で役割を果たす段階から、一人の時間に戻り、自分の状態を静かに整える段階へ進みます。役に立てないと自分らしくないと思わず、何も引き受けない時間を確保してください。外の評価から離れる休息が、次に動くための感覚を取り戻します。,100,1
2026_08_SIGN_SUN_LEO_VIRGO_S11_S12_N02,2026-08,50,SUN,sign_ingress,LEO,VIRGO,11,12,ANY,ANY,2,transit_calendar,SUN:sign_ingress:VIRGO,exact_day,{event_date}に太陽が乙女座へ移ると、仲間や将来計画に使っていたお金と物を見直し、表に出にくい維持費や安心のための備えへ意識が向かいます。不安からすべてを削らず、必要な支出と惰性の契約を分けてください。静かな整理が、自分の生活基盤を守ります。,100,1
2026_08_SIGN_SUN_LEO_VIRGO_S11_S12_N03,2026-08,50,SUN,sign_ingress,LEO,VIRGO,11,12,ANY,ANY,3,transit_calendar,SUN:sign_ingress:VIRGO,exact_day,太陽が{event_date}に乙女座へ移ると、活発な情報交換から距離を置き、未返信の連絡、言えなかった気持ち、考え途中の言葉を整理したくなります。すべてに答えようとせず、急ぐ連絡だけを選んでください。短い記録と静かな時間が、頭の中の混線をほどきます。,100,1
2026_08_SIGN_SUN_LEO_VIRGO_S11_S12_N04,2026-08,50,SUN,sign_ingress,LEO,VIRGO,11,12,ANY,ANY,4,transit_calendar,SUN:sign_ingress:VIRGO,exact_day,{event_date}に太陽が乙女座へ移ると、地域や仲間との交流から、自宅で休むこと、家族との感情を整えること、居場所を静かに手入れすることへ焦点が移ります。人を迎える役を続けず、閉じた時間も守ってください。家の中に余白を作ることが、気持ちの回復を支えます。,100,1
2026_08_SIGN_SUN_LEO_VIRGO_S11_S12_N05,2026-08,50,SUN,sign_ingress,LEO,VIRGO,11,12,ANY,ANY,5,transit_calendar,SUN:sign_ingress:VIRGO,exact_day,太陽が{event_date}に乙女座へ移ると、仲間に見せていた作品や喜びを、評価から離れた場所で育て直す流れが始まります。反応がないことを停滞と決めつけず、誰にも見せない試作や遊びを許してください。静かな創作時間が、本当に表したいものを確かめる助けになります。,100,1
2026_08_SIGN_SUN_LEO_VIRGO_S11_S12_N06,2026-08,50,SUN,sign_ingress,LEO,VIRGO,11,12,ANY,ANY,6,transit_calendar,SUN:sign_ingress:VIRGO,exact_day,{event_date}に太陽が乙女座へ移ると、チームを支えていた日課の陰でたまった疲れや、見過ごしていた細かな負担に気づきやすくなります。改善項目を増やす前に、休止できる作業と頼める仕事を分けてください。日常を軽くする手入れが、心身を立て直す余地を作ります。,100,1
2026_08_SIGN_SUN_LEO_VIRGO_S11_S12_N07,2026-08,50,SUN,sign_ingress,LEO,VIRGO,11,12,ANY,ANY,7,transit_calendar,SUN:sign_ingress:VIRGO,exact_day,太陽が{event_date}に乙女座へ移ると、仲間の輪で築いた関係を、二人だけで落ち着いて振り返り、距離感を整える時期に入ります。急に連絡を絶たず、静かに過ごしたい理由と戻る目安を伝えてください。相手を遠ざけない休み方が、関係への信頼を守ります。,100,1
2026_08_SIGN_SUN_LEO_VIRGO_S11_S12_N08,2026-08,50,SUN,sign_ingress,LEO,VIRGO,11,12,ANY,ANY,8,transit_calendar,SUN:sign_ingress:VIRGO,exact_day,{event_date}に太陽が乙女座へ移ると、共同活動で扱った資金、情報、感情的な結びつきを、舞台裏で整理し一区切りつける必要が見えやすくなります。秘密を一人で抱えず、確認できる相手と記録の保管方法を決めてください。慎重な後片づけが、見えない負担を減らします。,100,1
2026_08_SIGN_SUN_LEO_VIRGO_S11_S12_N09,2026-08,50,SUN,sign_ingress,LEO,VIRGO,11,12,ANY,ANY,9,transit_calendar,SUN:sign_ingress:VIRGO,exact_day,太陽が{event_date}に乙女座へ移ると、仲間と共有した理想や学びを外へ広げる段階から、自分の内側で意味を確かめ直す段階へ移ります。大きな結論を発信する前に、静かに読み返し、違和感を書き留めてください。内省を通じた微調整が、信念を自分の言葉へ戻します。,100,1
2026_08_SIGN_SUN_LEO_VIRGO_S11_S12_N10,2026-08,50,SUN,sign_ingress,LEO,VIRGO,11,12,ANY,ANY,10,transit_calendar,SUN:sign_ingress:VIRGO,exact_day,{event_date}に太陽が乙女座へ移ると、組織や社会で担っていた役割から少し退き、公開前の準備、引き継ぎ、休息へ意識が向かいます。見えなくなることを恐れて仕事を増やさず、今は整えるべき資料を絞ってください。舞台裏を丁寧に片づけることが、次の公的な活動を支えます。,100,1
2026_08_SIGN_SUN_LEO_VIRGO_S11_S12_N11,2026-08,50,SUN,sign_ingress,LEO,VIRGO,11,12,ANY,ANY,11,transit_calendar,SUN:sign_ingress:VIRGO,exact_day,太陽が{event_date}に乙女座へ移ると、友人やグループとの活発な関わりを振り返り、どのつながりを休ませ、どこに静かに残るかを選ぶ時期に入ります。疲れを隠して参加を続けず、必要なら一言伝えて距離を取ってください。余白のある関わり方が、無理のない仲間意識を守ります。,100,1
2026_08_SIGN_SUN_LEO_VIRGO_S11_S12_N12,2026-08,50,SUN,sign_ingress,LEO,VIRGO,11,12,ANY,ANY,12,transit_calendar,SUN:sign_ingress:VIRGO,exact_day,{event_date}に太陽が乙女座へ移ると、休息、内省、手放し、舞台裏の整理が月の中心となり、外から見えない心身の状態へ意識が戻ります。自分を細かく分析しすぎず、眠る、片づける、静かに過ごす習慣を一つ選んでください。小さな回復の積み重ねが、次の始まりに備える力になります。,100,1
2026_08_SIGN_MERCURY_LEO_VIRGO_S12_S01_N01,2026-08,55,MERCURY,sign_ingress,LEO,VIRGO,12,1,ANY,ANY,1,transit_calendar,MERCURY:sign_ingress:VIRGO,exact_day,水星が{event_date}に乙女座へ移ると、内側で温めてきた考えを、自分の方針、話し方、今日から始める小さな行動として整理したくなります。完璧な自己紹介を作ろうとせず、今必要なことを一つ言葉にしてください。具体的な一歩が、新しい自分の輪郭を明確にします。,100,1
2026_08_SIGN_MERCURY_LEO_VIRGO_S12_S01_N02,2026-08,55,MERCURY,sign_ingress,LEO,VIRGO,12,1,ANY,ANY,2,transit_calendar,MERCURY:sign_ingress:VIRGO,exact_day,{event_date}に水星が乙女座へ移ると、見えない不安や保留していた用件を、手元のお金、持ち物、時間、自分が大切にしたい基準から整理し直せます。心配の勢いで買い足さず、現状を一覧にしてください。資源を把握することが、落ち着いて始める助けになります。,100,1
2026_08_SIGN_MERCURY_LEO_VIRGO_S12_S01_N03,2026-08,55,MERCURY,sign_ingress,LEO,VIRGO,12,1,ANY,ANY,3,transit_calendar,MERCURY:sign_ingress:VIRGO,exact_day,水星が{event_date}に乙女座へ移ると、夢や胸の内にあった言葉を、短いメモ、質問、学習計画、身近な人への連絡として外へ出しやすくなります。考えがまとまるまで黙り込まず、確認したい点を一つ伝えてください。小さな言葉の往復が、思考を現実へ戻します。,100,1
2026_08_SIGN_MERCURY_LEO_VIRGO_S12_S01_N04,2026-08,55,MERCURY,sign_ingress,LEO,VIRGO,12,1,ANY,ANY,4,transit_calendar,MERCURY:sign_ingress:VIRGO,exact_day,{event_date}に水星が乙女座へ移ると、家族について抱えていた思いや過去の記憶を、自宅の予定、生活上の役割、自分が守りたい境界へ反映したくなります。昔の感情だけで結論を出さず、現在の状況を確かめてください。家庭の細部を整えることが、自分の再出発を支えます。,100,1
2026_08_SIGN_MERCURY_LEO_VIRGO_S12_S01_N05,2026-08,55,MERCURY,sign_ingress,LEO,VIRGO,12,1,ANY,ANY,5,transit_calendar,MERCURY:sign_ingress:VIRGO,exact_day,水星が{event_date}に乙女座へ移ると、人に見せず育ててきた創作や好奇心を、練習、試作、遊びの予定として具体的に始めたくなります。最初から評価できる形を求めず、直したい点を一つずつ試してください。手を動かすことが、内側のひらめきを自分らしい表現へ変えます。,100,1
2026_08_SIGN_MERCURY_LEO_VIRGO_S12_S01_N06,2026-08,55,MERCURY,sign_ingress,LEO,VIRGO,12,1,ANY,ANY,6,transit_calendar,MERCURY:sign_ingress:VIRGO,exact_day,{event_date}に水星も乙女座へ移ると、曖昧だった考えを整理し、予定や仕事、生活の手順を現実的に組み立てやすくなります。頭の中にあるものを一つずつ言葉や予定表へ移すことで、再始動の感覚がはっきりしてくるでしょう。,100,1
2026_08_SIGN_MERCURY_LEO_VIRGO_S12_S01_N07,2026-08,55,MERCURY,sign_ingress,LEO,VIRGO,12,1,ANY,ANY,7,transit_calendar,MERCURY:sign_ingress:VIRGO,exact_day,水星が{event_date}に乙女座へ移ると、心の中で繰り返していた相手への考えを、具体的な質問、自分の希望、今後の約束として伝えたくなります。相手の気持ちまで分析で決めず、本人の言葉を聞いてください。整理された対話が、関係の新しい始め方を選ぶ助けになります。,100,1
2026_08_SIGN_MERCURY_LEO_VIRGO_S12_S01_N08,2026-08,55,MERCURY,sign_ingress,LEO,VIRGO,12,1,ANY,ANY,8,transit_calendar,MERCURY:sign_ingress:VIRGO,exact_day,{event_date}に水星が乙女座へ移ると、語りにくかった感情や共有事項を、自分の境界、担当、確認すべき書類として整理し直したくなります。すべてを一度に明かさず、必要な相手と範囲を選んでください。慎重な言葉が、複雑な責任を自分のペースで扱う助けになります。,100,1
2026_08_SIGN_MERCURY_LEO_VIRGO_S12_S01_N09,2026-08,55,MERCURY,sign_ingress,LEO,VIRGO,12,1,ANY,ANY,9,transit_calendar,MERCURY:sign_ingress:VIRGO,exact_day,水星が{event_date}に乙女座へ移ると、直感的に惹かれていたテーマを、資料、講座、旅の準備、発信の計画として具体化したくなります。興味だけで予定を広げず、出典、費用、必要な手順を確かめてください。調べる順序を決めることが、新しい視野への入口を整えます。,100,1
2026_08_SIGN_MERCURY_LEO_VIRGO_S12_S01_N10,2026-08,55,MERCURY,sign_ingress,LEO,VIRGO,12,1,ANY,ANY,10,transit_calendar,MERCURY:sign_ingress:VIRGO,exact_day,{event_date}に水星が乙女座へ移ると、水面下で準備してきた考えを、仕事の提案、役割の説明、公に示す短期目標としてまとめたくなります。完成前の構想を大きく約束せず、確認済みの範囲を伝えてください。明確な段取りが、自分の責任を形にする助けになります。,100,1
2026_08_SIGN_MERCURY_LEO_VIRGO_S12_S01_N11,2026-08,55,MERCURY,sign_ingress,LEO,VIRGO,12,1,ANY,ANY,11,transit_calendar,MERCURY:sign_ingress:VIRGO,exact_day,水星が{event_date}に乙女座へ移ると、胸の内に置いていた将来案を、仲間への連絡、共同企画のたたき台、自分が担える役割として示したくなります。全員の参加を前提にせず、目的と必要な作業を簡潔にしてください。現実的な呼びかけが、新しい連携の始まりを支えます。,100,1
2026_08_SIGN_MERCURY_LEO_VIRGO_S12_S01_N12,2026-08,55,MERCURY,sign_ingress,LEO,VIRGO,12,1,ANY,ANY,12,transit_calendar,MERCURY:sign_ingress:VIRGO,exact_day,{event_date}に水星が乙女座へ移ると、夢、未整理の記憶、言葉にならない疲れを、自分を整えるための非公開ノートや静かな予定として扱いたくなります。内省まで課題にせず、書けない日は休んでください。心の動きを記録することが、外へ向かう前の足場を整えます。,100,1
2026_08_SIGN_MERCURY_LEO_VIRGO_S01_S02_N01,2026-08,55,MERCURY,sign_ingress,LEO,VIRGO,1,2,ANY,ANY,1,transit_calendar,MERCURY:sign_ingress:VIRGO,exact_day,水星が{event_date}に乙女座へ移ると、自分の考え方や始めたことを、使える技能、必要な道具、時間の価値として見直したくなります。自信を数字だけで測らず、できることと学びたいことを分けて書いてください。具体的な棚卸しが、自分に合う資源の使い方を明確にします。,100,1
2026_08_SIGN_MERCURY_LEO_VIRGO_S01_S02_N02,2026-08,55,MERCURY,sign_ingress,LEO,VIRGO,1,2,ANY,ANY,2,transit_calendar,MERCURY:sign_ingress:VIRGO,exact_day,{event_date}に水星が乙女座へ移ると、お金、持ち物、技能、生活時間について、細かな記録を取りながら優先順位を整えたくなります。節約や購入を目的にせず、何を支えるための資源かを確かめてください。自分の価値観に沿った基準が、落ち着いた判断を助けます。,100,1
2026_08_SIGN_MERCURY_LEO_VIRGO_S01_S02_N03,2026-08,55,MERCURY,sign_ingress,LEO,VIRGO,1,2,ANY,ANY,3,transit_calendar,MERCURY:sign_ingress:VIRGO,exact_day,水星が{event_date}に乙女座へ移ると、話す力、書く力、短い学びを、依頼内容、料金、移動費、道具代など具体的な条件へ結びつけて考えたくなります。曖昧な口約束で進めず、範囲と費用を記録してください。言葉の価値を丁寧に示すことが、納得できる交換を整えます。,100,1
2026_08_SIGN_MERCURY_LEO_VIRGO_S01_S02_N04,2026-08,55,MERCURY,sign_ingress,LEO,VIRGO,1,2,ANY,ANY,4,transit_calendar,MERCURY:sign_ingress:VIRGO,exact_day,{event_date}に水星が乙女座へ移ると、自分の新しい方針を、家計、自宅の持ち物、家族と共有する費用、安心のための備えへ反映したくなります。家庭の慣習だけで決めず、現在必要なものを確認してください。生活の土台を整理することが、自分の価値判断を支えます。,100,1
2026_08_SIGN_MERCURY_LEO_VIRGO_S01_S02_N05,2026-08,55,MERCURY,sign_ingress,LEO,VIRGO,1,2,ANY,ANY,5,transit_calendar,MERCURY:sign_ingress:VIRGO,exact_day,水星が{event_date}に乙女座へ移ると、自分らしい創作や楽しみを、制作費、練習時間、価格の考え方、使う材料として具体化したくなります。評価を急いで楽しさまで数字にせず、続けたい範囲を選んでください。小さな予算と工程が、表現を育てる足場になります。,100,1
2026_08_SIGN_MERCURY_LEO_VIRGO_S01_S02_N06,2026-08,55,MERCURY,sign_ingress,LEO,VIRGO,1,2,ANY,ANY,6,transit_calendar,MERCURY:sign_ingress:VIRGO,exact_day,{event_date}に水星が乙女座へ移ると、仕事や生活で身につけた技能を、報酬、勤務時間、必要な道具、自分の負担という面から見直したくなります。役立つことを理由に無制限に引き受けず、担当範囲を示してください。日々の労力を言葉にすることが、実務的な条件整理を助けます。,100,1
2026_08_SIGN_MERCURY_LEO_VIRGO_S01_S02_N07,2026-08,55,MERCURY,sign_ingress,LEO,VIRGO,1,2,ANY,ANY,7,transit_calendar,MERCURY:sign_ingress:VIRGO,exact_day,水星が{event_date}に乙女座へ移ると、自分の希望を、パートナーや取引相手との費用分担、持ち物、時間の使い方について話す形へ移したくなります。相手の価値観を推測せず、数字と優先順位を聞いてください。違いを具体化する対話が、対等な約束を整えます。,100,1
2026_08_SIGN_MERCURY_LEO_VIRGO_S01_S02_N08,2026-08,55,MERCURY,sign_ingress,LEO,VIRGO,1,2,ANY,ANY,8,transit_calendar,MERCURY:sign_ingress:VIRGO,exact_day,{event_date}に水星が乙女座へ移ると、自分の資源と共有する資源を分け、立替、借りたもの、重要書類、深い信頼に関わる条件を整理したくなります。親しさだけで境界を曖昧にせず、担当と期限を確認してください。明確な記録が、複雑な分担を落ち着いて扱う助けになります。,100,1
2026_08_SIGN_MERCURY_LEO_VIRGO_S01_S02_N09,2026-08,55,MERCURY,sign_ingress,LEO,VIRGO,1,2,ANY,ANY,9,transit_calendar,MERCURY:sign_ingress:VIRGO,exact_day,水星が{event_date}に乙女座へ移ると、学び、旅、出版、専門的な活動に必要なお金と時間を、自分の価値観に照らして具体的に計画したくなります。理想だけで申し込まず、総額と準備期間を確かめてください。優先する学びを選ぶことが、資源を活かす道筋を整えます。,100,1
2026_08_SIGN_MERCURY_LEO_VIRGO_S01_S02_N10,2026-08,55,MERCURY,sign_ingress,LEO,VIRGO,1,2,ANY,ANY,10,transit_calendar,MERCURY:sign_ingress:VIRGO,exact_day,{event_date}に水星が乙女座へ移ると、自分の役割や専門性を、報酬条件、仕事の予算、必要な設備、公的な責任として説明する場面が増えます。評価を得るために範囲を広く言わず、確認済みの実績を示してください。具体的な説明が、職務と価値の釣り合いを考える助けになります。,100,1
2026_08_SIGN_MERCURY_LEO_VIRGO_S01_S02_N11,2026-08,55,MERCURY,sign_ingress,LEO,VIRGO,1,2,ANY,ANY,11,transit_calendar,MERCURY:sign_ingress:VIRGO,exact_day,水星が{event_date}に乙女座へ移ると、仲間と進める計画を、会費、共同購入、設備、各自が出せる時間という現実的な資源から組み立てたくなります。熱意の差を負担の差に直結させず、選べる参加方法を示してください。透明な条件が、集まりの継続を支えます。,100,1
2026_08_SIGN_MERCURY_LEO_VIRGO_S01_S02_N12,2026-08,55,MERCURY,sign_ingress,LEO,VIRGO,1,2,ANY,ANY,12,transit_calendar,MERCURY:sign_ingress:VIRGO,exact_day,{event_date}に水星が乙女座へ移ると、自分でも気づきにくかった出費や手放しにくい持ち物を、静かな時間に記録して見直したくなります。不安から急に処分せず、必要性と気持ちを分けて考えてください。内側の価値観を確かめることが、無理のない整理を助けます。,100,1
2026_08_SIGN_MERCURY_LEO_VIRGO_S02_S03_N01,2026-08,55,MERCURY,sign_ingress,LEO,VIRGO,2,3,ANY,ANY,1,transit_calendar,MERCURY:sign_ingress:VIRGO,exact_day,水星が{event_date}に乙女座へ移ると、お金や持ち物を通じて見えてきた価値観を、自分の言葉、学び方、身近な人への伝え方として表したくなります。正しさを証明するために細部を並べず、要点を一つ選んでください。実感に基づく説明が、自分らしい会話の入口を作ります。,100,1
2026_08_SIGN_MERCURY_LEO_VIRGO_S02_S03_N02,2026-08,55,MERCURY,sign_ingress,LEO,VIRGO,2,3,ANY,ANY,2,transit_calendar,MERCURY:sign_ingress:VIRGO,exact_day,{event_date}に水星が乙女座へ移ると、支出、価格、支払い、持ち物の状態を記録し、必要な確認を言葉にする場面が増えます。数字を見ただけで自分を責めず、分からない項目を質問に変えてください。細かな記録と会話が、資源を扱う判断を整えます。,100,1
2026_08_SIGN_MERCURY_LEO_VIRGO_S02_S03_N03,2026-08,55,MERCURY,sign_ingress,LEO,VIRGO,2,3,ANY,ANY,3,transit_calendar,MERCURY:sign_ingress:VIRGO,exact_day,水星が{event_date}に乙女座へ移ると、価値あると感じる情報を、短い文章、学習メモ、近距離の用事、日々の連絡へ活かしたくなります。情報量を増やすだけで満足せず、使う場面と期限を決めてください。実用的な言葉を選ぶことが、身近な動きを軽くします。,100,1
2026_08_SIGN_MERCURY_LEO_VIRGO_S02_S03_N04,2026-08,55,MERCURY,sign_ingress,LEO,VIRGO,2,3,ANY,ANY,4,transit_calendar,MERCURY:sign_ingress:VIRGO,exact_day,{event_date}に水星が乙女座へ移ると、家計や自宅の持ち物についての判断が、家族との連絡、買い物の相談、住まいの予定を確認する会話へ移ります。親しい間柄でも伝達を省かず、担当と期限を共有してください。生活に即した言葉が、家庭の安心を整えます。,100,1
2026_08_SIGN_MERCURY_LEO_VIRGO_S02_S03_N05,2026-08,55,MERCURY,sign_ingress,LEO,VIRGO,2,3,ANY,ANY,5,transit_calendar,MERCURY:sign_ingress:VIRGO,exact_day,水星が{event_date}に乙女座へ移ると、創作や遊びに使う費用と時間を、作品の説明、練習記録、告知、子どもとの学びへ結びつけたくなります。反応を得るために話を飾らず、試した内容を具体的に伝えてください。小さな発信が、好きなことを続ける工夫を育てます。,100,1
2026_08_SIGN_MERCURY_LEO_VIRGO_S02_S03_N06,2026-08,55,MERCURY,sign_ingress,LEO,VIRGO,2,3,ANY,ANY,6,transit_calendar,MERCURY:sign_ingress:VIRGO,exact_day,{event_date}に水星が乙女座へ移ると、仕事で得た技能や報酬への考えを、作業メモ、依頼確認、同僚との連絡、短い研修へ活かしやすくなります。役立つ情報でも一度に詰め込まず、優先順位を示してください。明確な伝達が、日々の実務を進めやすくします。,100,1
2026_08_SIGN_MERCURY_LEO_VIRGO_S02_S03_N07,2026-08,55,MERCURY,sign_ingress,LEO,VIRGO,2,3,ANY,ANY,7,transit_calendar,MERCURY:sign_ingress:VIRGO,exact_day,水星が{event_date}に乙女座へ移ると、パートナーや取引相手との価値観を、具体的な質問、見積もり、予定、日々の連絡方法として確かめたくなります。言葉の細部を責める材料にせず、意味を言い換えて確認してください。丁寧な往復が、対等な判断を支えます。,100,1
2026_08_SIGN_MERCURY_LEO_VIRGO_S02_S03_N08,2026-08,55,MERCURY,sign_ingress,LEO,VIRGO,2,3,ANY,ANY,8,transit_calendar,MERCURY:sign_ingress:VIRGO,exact_day,{event_date}に水星が乙女座へ移ると、共有費用、借りたもの、重要書類について、関係者へ確認し、記録を更新する必要が見えてきます。内密な内容を便利さだけで転送せず、宛先と保管方法を確かめてください。慎重な連絡が、複雑な情報を安全に扱う助けになります。,100,1
2026_08_SIGN_MERCURY_LEO_VIRGO_S02_S03_N09,2026-08,55,MERCURY,sign_ingress,LEO,VIRGO,2,3,ANY,ANY,9,transit_calendar,MERCURY:sign_ingress:VIRGO,exact_day,水星が{event_date}に乙女座へ移ると、学びや旅に使う資源を、資料収集、申し込み、移動経路、発信内容へ具体的に割り振りたくなります。目的を広げすぎず、最初に確認する情報を選んでください。費用と手順を結ぶ計画が、遠い目標を身近な行動へ変えます。,100,1
2026_08_SIGN_MERCURY_LEO_VIRGO_S02_S03_N10,2026-08,55,MERCURY,sign_ingress,LEO,VIRGO,2,3,ANY,ANY,10,transit_calendar,MERCURY:sign_ingress:VIRGO,exact_day,{event_date}に水星が乙女座へ移ると、仕事の価値や報酬条件を、企画書、報告、面談、顧客への説明で具体的に示す場面が増えます。専門用語だけで説得せず、相手が判断できる根拠を添えてください。簡潔な説明が、職務上の合意を整えます。,100,1
2026_08_SIGN_MERCURY_LEO_VIRGO_S02_S03_N11,2026-08,55,MERCURY,sign_ingress,LEO,VIRGO,2,3,ANY,ANY,11,transit_calendar,MERCURY:sign_ingress:VIRGO,exact_day,水星が{event_date}に乙女座へ移ると、仲間と共有するお金、道具、時間について、告知、一覧、担当表を作りながら調整したくなります。一部の人だけが情報を持たず、更新方法を示してください。誰でも確認できる連絡が、共同活動の負担を分けやすくします。,100,1
2026_08_SIGN_MERCURY_LEO_VIRGO_S02_S03_N12,2026-08,55,MERCURY,sign_ingress,LEO,VIRGO,2,3,ANY,ANY,12,transit_calendar,MERCURY:sign_ingress:VIRGO,exact_day,{event_date}に水星が乙女座へ移ると、人に話してこなかった出費や価値観を、非公開の記録や信頼できる相手への相談として言葉にしたくなります。恥ずかしさから事実をぼかさず、話せる範囲を選んでください。静かな確認が、見えない心配を整理する助けになります。,100,1
2026_08_SIGN_MERCURY_LEO_VIRGO_S03_S04_N01,2026-08,55,MERCURY,sign_ingress,LEO,VIRGO,3,4,ANY,ANY,1,transit_calendar,MERCURY:sign_ingress:VIRGO,exact_day,水星が{event_date}に乙女座へ移ると、外で集めた情報や日々の会話を、自分が安心できる住まい方、家の予定、生活上の境界へ反映したくなります。周囲の助言をそのまま採用せず、自分に必要な条件を選んでください。具体的な調整が、自分らしい居場所を整えます。,100,1
2026_08_SIGN_MERCURY_LEO_VIRGO_S03_S04_N02,2026-08,55,MERCURY,sign_ingress,LEO,VIRGO,3,4,ANY,ANY,2,transit_calendar,MERCURY:sign_ingress:VIRGO,exact_day,{event_date}に水星が乙女座へ移ると、買い物や支払いの記録が、家計、自宅の備品、家族と共有する費用を見直す話へつながります。不足への不安だけで備えを増やさず、在庫と使用頻度を確かめてください。生活に必要な資源を把握することが、家庭の安心を支えます。,100,1
2026_08_SIGN_MERCURY_LEO_VIRGO_S03_S04_N03,2026-08,55,MERCURY,sign_ingress,LEO,VIRGO,3,4,ANY,ANY,3,transit_calendar,MERCURY:sign_ingress:VIRGO,exact_day,水星が{event_date}に乙女座へ移ると、きょうだい、親族、近所との連絡や身近な用事を、家庭の予定表、伝言、訪問の段取りとして整理したくなります。分かっているはずと省略せず、時間と担当を確認してください。短い記録が、家族間の行き違いを減らす助けになります。,100,1
2026_08_SIGN_MERCURY_LEO_VIRGO_S03_S04_N04,2026-08,55,MERCURY,sign_ingress,LEO,VIRGO,3,4,ANY,ANY,4,transit_calendar,MERCURY:sign_ingress:VIRGO,exact_day,{event_date}に水星が乙女座へ移ると、住まい、家族、過去の出来事について、資料と現在の状況を照らし合わせながら話したくなります。細部の正誤だけで感情を退けず、事実と気持ちを分けて聞いてください。丁寧な整理が、安心できる生活の方針を形にします。,100,1
2026_08_SIGN_MERCURY_LEO_VIRGO_S03_S04_N05,2026-08,55,MERCURY,sign_ingress,LEO,VIRGO,3,4,ANY,ANY,5,transit_calendar,MERCURY:sign_ingress:VIRGO,exact_day,水星が{event_date}に乙女座へ移ると、日々の会話から生まれた創作や遊びの案を、自宅での制作場所、家族の楽しみ、子どもとの予定へ移したくなります。楽しさまで厳密に管理せず、片づけやすい仕組みだけ決めてください。居場所に合う工夫が、表現を続ける余白を作ります。,100,1
2026_08_SIGN_MERCURY_LEO_VIRGO_S03_S04_N06,2026-08,55,MERCURY,sign_ingress,LEO,VIRGO,3,4,ANY,ANY,6,transit_calendar,MERCURY:sign_ingress:VIRGO,exact_day,{event_date}に水星が乙女座へ移ると、仕事や用事で交わした情報を、家事分担、在宅作業、生活時間、休憩の取り方へ反映する必要が見えてきます。家庭でも効率だけを求めず、できる範囲を話してください。無理のない手順を共有することが、毎日の基盤を整えます。,100,1
2026_08_SIGN_MERCURY_LEO_VIRGO_S03_S04_N07,2026-08,55,MERCURY,sign_ingress,LEO,VIRGO,3,4,ANY,ANY,7,transit_calendar,MERCURY:sign_ingress:VIRGO,exact_day,水星が{event_date}に乙女座へ移ると、パートナーとの日常的な連絡が、同居、訪問、家事、家族との距離について具体的に相談する流れへ進みます。自分の家庭習慣を当然とせず、相手の安心条件を聞いてください。生活の細部を確認することが、落ち着ける関係を支えます。,100,1
2026_08_SIGN_MERCURY_LEO_VIRGO_S03_S04_N08,2026-08,55,MERCURY,sign_ingress,LEO,VIRGO,3,4,ANY,ANY,8,transit_calendar,MERCURY:sign_ingress:VIRGO,exact_day,{event_date}に水星が乙女座へ移ると、重要書類や共有費用についての連絡を、住居費、家の名義、相続を含む資産、家族内の責任へつなげて整理したくなります。口頭だけで決めず、関係者と資料を確かめてください。慎重な確認が、家庭の複雑な課題を扱う助けになります。,100,1
2026_08_SIGN_MERCURY_LEO_VIRGO_S03_S04_N09,2026-08,55,MERCURY,sign_ingress,LEO,VIRGO,3,4,ANY,ANY,9,transit_calendar,MERCURY:sign_ingress:VIRGO,exact_day,水星が{event_date}に乙女座へ移ると、身近な学びや地域の情報から、家族の歴史、故郷、文化、今後の住む場所を調べたくなります。一つの記憶を全体の事実にせず、複数の資料と人の話を確かめてください。背景を知ることが、自分の居場所への理解を深めます。,100,1
2026_08_SIGN_MERCURY_LEO_VIRGO_S03_S04_N10,2026-08,55,MERCURY,sign_ingress,LEO,VIRGO,3,4,ANY,ANY,10,transit_calendar,MERCURY:sign_ingress:VIRGO,exact_day,{event_date}に水星が乙女座へ移ると、業務連絡や公的な説明で得た情報を、自宅での仕事環境、家族との時間、働く場所の選択へ反映したくなります。仕事の都合だけで生活を決めず、守りたい時間を明確にしてください。現実的な調整が、役割と家庭の両立を助けます。,100,1
2026_08_SIGN_MERCURY_LEO_VIRGO_S03_S04_N11,2026-08,55,MERCURY,sign_ingress,LEO,VIRGO,3,4,ANY,ANY,11,transit_calendar,MERCURY:sign_ingress:VIRGO,exact_day,水星が{event_date}に乙女座へ移ると、仲間や地域から届く情報を、近所の支え合い、家での集まり、家族が参加できる活動へ結びつけたくなります。善意で家庭の事情を共有せず、参加範囲を確認してください。必要な連絡だけを整えることが、安心できるつながりを育てます。,100,1
2026_08_SIGN_MERCURY_LEO_VIRGO_S03_S04_N12,2026-08,55,MERCURY,sign_ingress,LEO,VIRGO,3,4,ANY,ANY,12,transit_calendar,MERCURY:sign_ingress:VIRGO,exact_day,{event_date}に水星が乙女座へ移ると、言いそびれた家族への思いや古い記録を、静かな自宅時間の中で整理したくなります。すぐ話し合いを始めず、何を伝え、何を自分の内側に置くか選んでください。安心できる場所で言葉を整えることが、心の基盤を守ります。,100,1
2026_08_SIGN_MERCURY_LEO_VIRGO_S04_S05_N01,2026-08,55,MERCURY,sign_ingress,LEO,VIRGO,4,5,ANY,ANY,1,transit_calendar,MERCURY:sign_ingress:VIRGO,exact_day,水星が{event_date}に乙女座へ移ると、家庭で整理してきた考えを、自分らしい創作、遊びの提案、好きな人への言葉として表したくなります。上手に見せることを急がず、まず自分が楽しいと思う形を試してください。小さな表現が、新しい魅力を見つける助けになります。,100,1
2026_08_SIGN_MERCURY_LEO_VIRGO_S04_S05_N02,2026-08,55,MERCURY,sign_ingress,LEO,VIRGO,4,5,ANY,ANY,2,transit_calendar,MERCURY:sign_ingress:VIRGO,exact_day,{event_date}に水星が乙女座へ移ると、家計や自宅の持ち物を見直した経験が、趣味の予算、制作材料、楽しみに使う時間の選択へつながります。気分転換だけで買い足さず、続けたい活動を選んでください。価値観に合う計画が、喜びを無理なく育てます。,100,1
2026_08_SIGN_MERCURY_LEO_VIRGO_S04_S05_N03,2026-08,55,MERCURY,sign_ingress,LEO,VIRGO,4,5,ANY,ANY,3,transit_calendar,MERCURY:sign_ingress:VIRGO,exact_day,水星が{event_date}に乙女座へ移ると、家族との会話や身近な出来事を、短い物語、作品の題材、遊びながら学ぶ工夫へ変えたくなります。面白さのために事実を変えず、誰の話か分かる内容には配慮してください。丁寧な言葉選びが、親しみやすい表現を育てます。,100,1
2026_08_SIGN_MERCURY_LEO_VIRGO_S04_S05_N04,2026-08,55,MERCURY,sign_ingress,LEO,VIRGO,4,5,ANY,ANY,4,transit_calendar,MERCURY:sign_ingress:VIRGO,exact_day,{event_date}に水星が乙女座へ移ると、家族の記憶や住まいへの思いを、創作、祝い事、親しい人との楽しい予定として形にしたくなります。家庭の話を外へ出すときは、関わる人の意向を確かめてください。安心できる土台から生まれる表現が、喜びを深めます。,100,1
2026_08_SIGN_MERCURY_LEO_VIRGO_S04_S05_N05,2026-08,55,MERCURY,sign_ingress,LEO,VIRGO,4,5,ANY,ANY,5,transit_calendar,MERCURY:sign_ingress:VIRGO,exact_day,水星が{event_date}に乙女座へ移ると、創作、恋愛、遊び、子どもに関する予定を、細かな工程や言葉にして整えたくなります。楽しさまで採点せず、試したいことを一つ選んでください。小さく作って直す姿勢が、自分らしい表現を続ける助けになります。,100,1
2026_08_SIGN_MERCURY_LEO_VIRGO_S04_S05_N06,2026-08,55,MERCURY,sign_ingress,LEO,VIRGO,4,5,ANY,ANY,6,transit_calendar,MERCURY:sign_ingress:VIRGO,exact_day,{event_date}に水星が乙女座へ移ると、自宅で育てた趣味や創作を、練習時間、制作手順、日々の小さな作業へ組み込みたくなります。遊びを義務に変えず、無理なく続けられる頻度を選んでください。短い習慣が、アイデアを具体的な形へ育てます。,100,1
2026_08_SIGN_MERCURY_LEO_VIRGO_S04_S05_N07,2026-08,55,MERCURY,sign_ingress,LEO,VIRGO,4,5,ANY,ANY,7,transit_calendar,MERCURY:sign_ingress:VIRGO,exact_day,水星が{event_date}に乙女座へ移ると、家庭や安心について話していた相手と、デート、趣味、創作など一緒に楽しむ計画を具体化したくなります。自分の好みだけで予定を決めず、相手が心惹かれることも聞いてください。互いの楽しみを言葉にすることが、関係へ遊び心を加えます。,100,1
2026_08_SIGN_MERCURY_LEO_VIRGO_S04_S05_N08,2026-08,55,MERCURY,sign_ingress,LEO,VIRGO,4,5,ANY,ANY,8,transit_calendar,MERCURY:sign_ingress:VIRGO,exact_day,{event_date}に水星が乙女座へ移ると、家族の内密な話や深い感情を、作品、親密な会話、共同制作へ慎重に形づくりたくなります。強い題材ほど、公開範囲と関係者の同意を確かめてください。境界を守る編集が、感情を創造的に扱う助けになります。,100,1
2026_08_SIGN_MERCURY_LEO_VIRGO_S04_S05_N09,2026-08,55,MERCURY,sign_ingress,LEO,VIRGO,4,5,ANY,ANY,9,transit_calendar,MERCURY:sign_ingress:VIRGO,exact_day,水星が{event_date}に乙女座へ移ると、家に伝わる物語や料理、土地の記憶を、学びの題材、旅の計画、異文化に触れる創作へ広げたくなります。身内の語りだけで由来を決めず、資料や現地の視点も確かめてください。調べる過程が、身近な素材に新しい奥行きを与えます。,100,1
2026_08_SIGN_MERCURY_LEO_VIRGO_S04_S05_N10,2026-08,55,MERCURY,sign_ingress,LEO,VIRGO,4,5,ANY,ANY,10,transit_calendar,MERCURY:sign_ingress:VIRGO,exact_day,{event_date}に水星が乙女座へ移ると、自宅で試してきた企画や表現を、仕事上の発表、教材、作品集など人に見える形へ整えたくなります。注目を急いで未完成の案まで約束せず、試行の記録と現在の範囲を示してください。明確な構成が、創造性を公的な役割へ結びます。,100,1
2026_08_SIGN_MERCURY_LEO_VIRGO_S04_S05_N11,2026-08,55,MERCURY,sign_ingress,LEO,VIRGO,4,5,ANY,ANY,11,transit_calendar,MERCURY:sign_ingress:VIRGO,exact_day,水星が{event_date}に乙女座へ移ると、安心できる仲間との雑談から、共同制作、催し、趣味の集まりを具体的に企画したくなります。全員を同じ楽しみ方へ導かず、役割と参加方法に選択肢を残してください。個々の案を歓迎する進行が、明るい協力を育てます。,100,1
2026_08_SIGN_MERCURY_LEO_VIRGO_S04_S05_N12,2026-08,55,MERCURY,sign_ingress,LEO,VIRGO,4,5,ANY,ANY,12,transit_calendar,MERCURY:sign_ingress:VIRGO,exact_day,{event_date}に水星が乙女座へ移ると、家で静かに抱いていた憧れや創作の種を、夢の記録、下書き、誰にも見せない遊びとして整えたくなります。すぐ作品として公開せず、安心できる場所で推敲してください。内側で育てる時間が、本当に表したいものを見分ける助けになります。,100,1
2026_08_SIGN_MERCURY_LEO_VIRGO_S05_S06_N01,2026-08,55,MERCURY,sign_ingress,LEO,VIRGO,5,6,ANY,ANY,1,transit_calendar,MERCURY:sign_ingress:VIRGO,exact_day,水星が{event_date}に乙女座へ移ると、楽しみながら試してきた表現を、身支度、体調の記録、作業ペースなど自分を整える習慣へ落とし込みたくなります。理想の型を一度に完成させず、今の自分が続けられる手順を選んでください。小さな改善が、持ち味を日常で活かす助けになります。,100,1
2026_08_SIGN_MERCURY_LEO_VIRGO_S05_S06_N02,2026-08,55,MERCURY,sign_ingress,LEO,VIRGO,5,6,ANY,ANY,2,transit_calendar,MERCURY:sign_ingress:VIRGO,exact_day,{event_date}に水星が乙女座へ移ると、趣味や創作に注いできた時間と費用を、材料費、道具の手入れ、収入につながる作業として具体的に見直したくなります。楽しさを金額だけで測らず、残したい活動の優先順位を決めてください。資源の配分が整うほど、無理のない継続方法が見えてきます。,100,1
2026_08_SIGN_MERCURY_LEO_VIRGO_S05_S06_N03,2026-08,55,MERCURY,sign_ingress,LEO,VIRGO,5,6,ANY,ANY,3,transit_calendar,MERCURY:sign_ingress:VIRGO,exact_day,水星が{event_date}に乙女座へ移ると、思いつきで広げた企画や遊びの案を、短い練習メモ、連絡文、移動中に済ませる用事へ分けたくなります。説明を細かくしすぎず、相手が次に動ける要点を先に示してください。身近なやり取りを整えることが、表現を実行へ移す助けになります。,100,1
2026_08_SIGN_MERCURY_LEO_VIRGO_S05_S06_N04,2026-08,55,MERCURY,sign_ingress,LEO,VIRGO,5,6,ANY,ANY,4,transit_calendar,MERCURY:sign_ingress:VIRGO,exact_day,{event_date}に水星が乙女座へ移ると、家族で楽しんだことや自宅で育てた創作を、家事の順番、制作場所、生活時間の調整へつなげたくなります。家の中まで効率だけで仕切らず、それぞれが落ち着ける余白も残してください。居場所に合う段取りが、好きなことを日常に根づかせます。,100,1
2026_08_SIGN_MERCURY_LEO_VIRGO_S05_S06_N05,2026-08,55,MERCURY,sign_ingress,LEO,VIRGO,5,6,ANY,ANY,5,transit_calendar,MERCURY:sign_ingress:VIRGO,exact_day,水星が{event_date}に乙女座へ移ると、創作、恋愛、遊び、子どもとの時間に生まれたアイデアを、練習、推敲、準備の工程として磨きたくなります。欠点探しで喜びを小さくせず、直す箇所を一つずつ選んでください。楽しさを守る編集が、表現を続けられる形へ整えます。,100,1
2026_08_SIGN_MERCURY_LEO_VIRGO_S05_S06_N06,2026-08,55,MERCURY,sign_ingress,LEO,VIRGO,5,6,ANY,ANY,6,transit_calendar,MERCURY:sign_ingress:VIRGO,exact_day,{event_date}に水星が乙女座へ移ると、気分で進めていた活動を、仕事の手順、日課、休憩、体調管理の記録として細かく組み直したくなります。予定を詰める前に、負担が増える箇所と省ける作業を確かめてください。実行後に見直せる仕組みが、毎日の安定を支えます。,100,1
2026_08_SIGN_MERCURY_LEO_VIRGO_S05_S06_N07,2026-08,55,MERCURY,sign_ingress,LEO,VIRGO,5,6,ANY,ANY,7,transit_calendar,MERCURY:sign_ingress:VIRGO,exact_day,水星が{event_date}に乙女座へ移ると、一緒に楽しんできた相手と、作業分担、連絡頻度、会う時間など現実的な約束を相談したくなります。好意があれば伝わると考えず、互いに無理のない条件を言葉にしてください。具体的な確認が、関係と日常の両方を整える助けになります。,100,1
2026_08_SIGN_MERCURY_LEO_VIRGO_S05_S06_N08,2026-08,55,MERCURY,sign_ingress,LEO,VIRGO,5,6,ANY,ANY,8,transit_calendar,MERCURY:sign_ingress:VIRGO,exact_day,{event_date}に水星が乙女座へ移ると、共同制作や親密な交流で生まれた案を、共有費用、権利、秘密にする範囲、担当作業まで整理したくなります。熱意だけで曖昧な合意を進めず、記録を残して認識を確かめてください。細部の確認が、深く関わるときの負担を調整します。,100,1
2026_08_SIGN_MERCURY_LEO_VIRGO_S05_S06_N09,2026-08,55,MERCURY,sign_ingress,LEO,VIRGO,5,6,ANY,ANY,9,transit_calendar,MERCURY:sign_ingress:VIRGO,exact_day,水星が{event_date}に乙女座へ移ると、創作から広がった学びや旅への関心を、調査項目、練習課題、持ち物、日程へ具体化したくなります。情報を集め続けて出発を遅らせず、まず必要な範囲を決めてください。実践できる学習計画が、好奇心を確かな経験へつなげます。,100,1
2026_08_SIGN_MERCURY_LEO_VIRGO_S05_S06_N10,2026-08,55,MERCURY,sign_ingress,LEO,VIRGO,5,6,ANY,ANY,10,transit_calendar,MERCURY:sign_ingress:VIRGO,exact_day,{event_date}に水星が乙女座へ移ると、人に見せてきた企画や作品を、業務手順、提出物、品質基準、説明資料として整え直したくなります。評価を意識して細部を抱え込まず、確認が必要な点を早めに共有してください。記録と役割を明確にすることが、創造性を仕事で活かす土台になります。,100,1
2026_08_SIGN_MERCURY_LEO_VIRGO_S05_S06_N11,2026-08,55,MERCURY,sign_ingress,LEO,VIRGO,5,6,ANY,ANY,11,transit_calendar,MERCURY:sign_ingress:VIRGO,exact_day,水星が{event_date}に乙女座へ移ると、仲間と盛り上げた企画を、日程、担当、連絡方法、当日の運営へ落とし込みたくなります。善意に頼って作業を偏らせず、参加できる範囲をそれぞれに確認してください。実務を小さく分けることが、共通の楽しみを長く育てます。,100,1
2026_08_SIGN_MERCURY_LEO_VIRGO_S05_S06_N12,2026-08,55,MERCURY,sign_ingress,LEO,VIRGO,5,6,ANY,ANY,12,transit_calendar,MERCURY:sign_ingress:VIRGO,exact_day,{event_date}に水星が乙女座へ移ると、表現したい気持ちをいったん内側へ戻し、下書きの整理、資料の校正、休息を含む静かな準備へ切り替えたくなります。見えない作業まで完璧に終えようとせず、回復の時間も予定に入れてください。余白のある調整が、次の創作を支える下地になります。,100,1
2026_08_SIGN_MERCURY_LEO_VIRGO_S06_S07_N01,2026-08,55,MERCURY,sign_ingress,LEO,VIRGO,6,7,ANY,ANY,1,transit_calendar,MERCURY:sign_ingress:VIRGO,exact_day,水星が{event_date}に乙女座へ移ると、日課や仕事で見直した点を目の前の相手に説明し、自分の希望と対応できる範囲を整えたくなります。正しさを証明する口調にならず、相手が何を求めているかも確認してください。具体例を交えた対話が、自分らしい協力条件を見つける助けになります。,100,1
2026_08_SIGN_MERCURY_LEO_VIRGO_S06_S07_N02,2026-08,55,MERCURY,sign_ingress,LEO,VIRGO,6,7,ANY,ANY,2,transit_calendar,MERCURY:sign_ingress:VIRGO,exact_day,{event_date}に水星が乙女座へ移ると、毎日の支出や働き方を振り返った結果を、報酬、料金、所有物、二人で負担する費用の相談へつなげたくなります。細かな数字だけで相手の価値観を判断せず、優先したいものを互いに言葉にしてください。金額と担当を記録することが、納得できる約束を整えます。,100,1
2026_08_SIGN_MERCURY_LEO_VIRGO_S06_S07_N03,2026-08,55,MERCURY,sign_ingress,LEO,VIRGO,6,7,ANY,ANY,3,transit_calendar,MERCURY:sign_ingress:VIRGO,exact_day,水星が{event_date}に乙女座へ移ると、業務メモや身近な連絡で集めた情報を、相談相手への質問、打ち合わせの議題、共同作業の説明へまとめたくなります。言葉の誤りを逐一指摘するより、認識がずれた要点を確かめてください。往復しやすい文面が、実用的な合意を支えます。,100,1
2026_08_SIGN_MERCURY_LEO_VIRGO_S06_S07_N04,2026-08,55,MERCURY,sign_ingress,LEO,VIRGO,6,7,ANY,ANY,4,transit_calendar,MERCURY:sign_ingress:VIRGO,exact_day,{event_date}に水星が乙女座へ移ると、家事や生活時間の見直しを、パートナーとの暮らし方、家族への訪問、住まいでの役割を相談する流れへ移したくなります。手順だけを整えて気持ちを置き去りにせず、安心できる条件も聞いてください。具体的な分担が、家庭内の協力を穏やかにします。,100,1
2026_08_SIGN_MERCURY_LEO_VIRGO_S06_S07_N05,2026-08,55,MERCURY,sign_ingress,LEO,VIRGO,6,7,ANY,ANY,5,transit_calendar,MERCURY:sign_ingress:VIRGO,exact_day,水星が{event_date}に乙女座へ移ると、練習や準備を重ねてきた創作、デート、子どもとの活動を、相手と一緒に改善する相談が増えます。楽しみの場で評価者にならず、直したい点と残したい魅力を分けて伝えてください。丁寧な提案が、遊び心を守りながら共同作業を育てます。,100,1
2026_08_SIGN_MERCURY_LEO_VIRGO_S06_S07_N06,2026-08,55,MERCURY,sign_ingress,LEO,VIRGO,6,7,ANY,ANY,6,transit_calendar,MERCURY:sign_ingress:VIRGO,exact_day,{event_date}に水星が乙女座へ移ると、仕事量、生活リズム、休憩の記録をもとに、同僚や支援する相手と担当、期限、連絡方法を調整したくなります。自分の改善案だけを完成形とせず、相手が続けにくい工程も聞いてください。検証できる小さな変更が、日々の負担を分けやすくします。,100,1
2026_08_SIGN_MERCURY_LEO_VIRGO_S06_S07_N07,2026-08,55,MERCURY,sign_ingress,LEO,VIRGO,6,7,ANY,ANY,7,transit_calendar,MERCURY:sign_ingress:VIRGO,exact_day,水星が{event_date}に乙女座へ移ると、パートナーシップや契約について、条件、期限、修正方法を一項目ずつ確認する対話が中心になります。欠点を探す姿勢に偏らず、互いが守りたい目的も明らかにしてください。精密さと配慮を両立した言葉が、対等な合意の土台になります。,100,1
2026_08_SIGN_MERCURY_LEO_VIRGO_S06_S07_N08,2026-08,55,MERCURY,sign_ingress,LEO,VIRGO,6,7,ANY,ANY,8,transit_calendar,MERCURY:sign_ingress:VIRGO,exact_day,{event_date}に水星が乙女座へ移ると、日常で偏っていた負担を、共有費用、重要書類、秘密にする情報、親密な関係の責任まで掘り下げて相談したくなります。不安から細部を問い詰めず、確認する理由と必要な資料を先に示してください。扱う範囲を決めることが、深い協力を守ります。,100,1
2026_08_SIGN_MERCURY_LEO_VIRGO_S06_S07_N09,2026-08,55,MERCURY,sign_ingress,LEO,VIRGO,6,7,ANY,ANY,9,transit_calendar,MERCURY:sign_ingress:VIRGO,exact_day,水星が{event_date}に乙女座へ移ると、仕事や練習で得た知識を、先生、助言者、旅の同行者との一対一の検討で磨きたくなります。自分の方法を普遍的な正解にせず、異なる背景から見落としを指摘してもらってください。問いを絞った対話が、学びや移動の計画を現実的にします。,100,1
2026_08_SIGN_MERCURY_LEO_VIRGO_S06_S07_N10,2026-08,55,MERCURY,sign_ingress,LEO,VIRGO,6,7,ANY,ANY,10,transit_calendar,MERCURY:sign_ingress:VIRGO,exact_day,{event_date}に水星が乙女座へ移ると、現場で見つけた改善点を、顧客、上司、取引相手との面談や業務条件の見直しへ反映したくなります。評価を得るために対応範囲を広げず、品質、期限、確認者を明示してください。整理された説明が、公的な役割での協力を進めます。,100,1
2026_08_SIGN_MERCURY_LEO_VIRGO_S06_S07_N11,2026-08,55,MERCURY,sign_ingress,LEO,VIRGO,6,7,ANY,ANY,11,transit_calendar,MERCURY:sign_ingress:VIRGO,exact_day,水星が{event_date}に乙女座へ移ると、仲間のために続けてきた実務を、代表者同士の相談、共同開催、別グループとの連携へ発展させたくなります。運営に詳しい人だけで決めず、参加者が困る場面も集めてください。窓口と判断手順を共有することが、将来へ続く協力を整えます。,100,1
2026_08_SIGN_MERCURY_LEO_VIRGO_S06_S07_N12,2026-08,55,MERCURY,sign_ingress,LEO,VIRGO,6,7,ANY,ANY,12,transit_calendar,MERCURY:sign_ingress:VIRGO,exact_day,{event_date}に水星が乙女座へ移ると、人知れず担ってきた作業や気遣いを、信頼できる相手との内密な相談で言葉にしたくなります。説明を完璧に準備してから話そうとせず、休みたい時間と手放したい役割を具体的に伝えてください。静かな対話が、見えない負担と関係の距離を整えます。,100,1
2026_08_SIGN_MERCURY_LEO_VIRGO_S07_S08_N01,2026-08,55,MERCURY,sign_ingress,LEO,VIRGO,7,8,ANY,ANY,1,transit_calendar,MERCURY:sign_ingress:VIRGO,exact_day,水星が{event_date}に乙女座へ移ると、相手と交わしてきた約束を、自分が引き受けられる責任、共有したい情報、守りたい境界に分けて考えたくなります。細部を決める前に、なぜ深く関わりたいのかも言葉にしてください。自分の意思と条件をそろえて伝えることが、信頼の深め方を選ぶ助けになります。,100,1
2026_08_SIGN_MERCURY_LEO_VIRGO_S07_S08_N02,2026-08,55,MERCURY,sign_ingress,LEO,VIRGO,7,8,ANY,ANY,2,transit_calendar,MERCURY:sign_ingress:VIRGO,exact_day,{event_date}に水星が乙女座へ移ると、二人の価値観を話してきた流れが、立替、積立、契約費、共同で管理する持ち物の精算へ進みます。数字の誤差ばかり責めず、記録方法と負担できる上限を確認してください。根拠と期限が見える分担が、自分の資源を守りながら協力する支えになります。,100,1
2026_08_SIGN_MERCURY_LEO_VIRGO_S07_S08_N03,2026-08,55,MERCURY,sign_ingress,LEO,VIRGO,7,8,ANY,ANY,3,transit_calendar,MERCURY:sign_ingress:VIRGO,exact_day,水星が{event_date}に乙女座へ移ると、相手との連絡をさらに掘り下げ、重要な伝言、委任した手続き、内密な相談の経緯を整理したくなります。要約するときに都合のよい部分だけを残さず、誰まで共有してよいか確かめてください。正確な記録が、複雑な話を安全に引き継ぐ助けになります。,100,1
2026_08_SIGN_MERCURY_LEO_VIRGO_S07_S08_N04,2026-08,55,MERCURY,sign_ingress,LEO,VIRGO,7,8,ANY,ANY,4,transit_calendar,MERCURY:sign_ingress:VIRGO,exact_day,{event_date}に水星が乙女座へ移ると、家族や同居相手との合意を、住居費、保管書類、家に関する責任、語りにくい過去の事情まで詳しく確認したくなります。昔の慣習だけで担当を決めず、現在の関係者と資料を照合してください。話す順序を整えることが、家庭の安心と共有責任を支えます。,100,1
2026_08_SIGN_MERCURY_LEO_VIRGO_S07_S08_N05,2026-08,55,MERCURY,sign_ingress,LEO,VIRGO,7,8,ANY,ANY,5,transit_calendar,MERCURY:sign_ingress:VIRGO,exact_day,水星が{event_date}に乙女座へ移ると、恋愛や創作の相談が、親密さの希望、制作費、作品の利用範囲、子どもに関わる責任へ深まります。盛り上がった場で結論を急がず、変更できる条件と同意の確認方法を決めてください。楽しさを損なわない慎重さが、大切な関係や表現を守ります。,100,1
2026_08_SIGN_MERCURY_LEO_VIRGO_S07_S08_N06,2026-08,55,MERCURY,sign_ingress,LEO,VIRGO,7,8,ANY,ANY,6,transit_calendar,MERCURY:sign_ingress:VIRGO,exact_day,{event_date}に水星が乙女座へ移ると、顧客や同僚との協力を、機密資料、共有アカウント、引き継ぎ、担当者不在時の対応まで細かく整えたくなります。信頼している相手でも、閲覧権限と更新手順を曖昧にしないでください。実務上の境界を記録することが、日々の連携と負担の偏りを整えます。,100,1
2026_08_SIGN_MERCURY_LEO_VIRGO_S07_S08_N07,2026-08,55,MERCURY,sign_ingress,LEO,VIRGO,7,8,ANY,ANY,7,transit_calendar,MERCURY:sign_ingress:VIRGO,exact_day,水星が{event_date}に乙女座へ移ると、パートナーとの契約や約束を一段深め、共有する費用、責任、秘密、親密な関わり方を具体的に検討したくなります。相手の沈黙を了承とみなさず、迷っている点を尋ねてください。修正できる余地を残した合意が、対等な信頼を育てます。,100,1
2026_08_SIGN_MERCURY_LEO_VIRGO_S07_S08_N08,2026-08,55,MERCURY,sign_ingress,LEO,VIRGO,7,8,ANY,ANY,8,transit_calendar,MERCURY:sign_ingress:VIRGO,exact_day,{event_date}に水星が乙女座へ移ると、共有資産や借りたもの、非公開の記録、深い感情について、項目と関係者を分けて整理する力が働きます。把握している情報を主導権のために抱えず、開示できる範囲を明確にしてください。透明な確認が、複雑な責任を分担する助けになります。,100,1
2026_08_SIGN_MERCURY_LEO_VIRGO_S07_S08_N09,2026-08,55,MERCURY,sign_ingress,LEO,VIRGO,7,8,ANY,ANY,9,transit_calendar,MERCURY:sign_ingress:VIRGO,exact_day,水星が{event_date}に乙女座へ移ると、専門家や旅の同行者との相談が、研究費、資料の利用条件、引用、文化的に慎重な情報の扱いへ及びます。知識を広める意欲だけで進めず、出典と許可の範囲を確かめてください。背景まで記した共有方法が、深い学びと誠実な協力を支えます。,100,1
2026_08_SIGN_MERCURY_LEO_VIRGO_S07_S08_N10,2026-08,55,MERCURY,sign_ingress,LEO,VIRGO,7,8,ANY,ANY,10,transit_calendar,MERCURY:sign_ingress:VIRGO,exact_day,{event_date}に水星が乙女座へ移ると、顧客や組織との提携が、報酬、権限、非公開の交渉、成果物の責任を精査する段階へ進みます。立場を守るために曖昧な返答をせず、確認中の点と決定済みの点を分けて示してください。慎重な説明が、公的な信用と裏側の協力を支えます。,100,1
2026_08_SIGN_MERCURY_LEO_VIRGO_S07_S08_N11,2026-08,55,MERCURY,sign_ingress,LEO,VIRGO,7,8,ANY,ANY,11,transit_calendar,MERCURY:sign_ingress:VIRGO,exact_day,水星が{event_date}に乙女座へ移ると、仲間との協力が、共同資金、会員情報、備品、運営上の非公開事項を管理する話へ深まります。親しい集まりでも少人数の判断だけで進めず、承認手順と閲覧範囲を共有してください。記録を開ける仕組みが、集団の信頼と将来計画を守ります。,100,1
2026_08_SIGN_MERCURY_LEO_VIRGO_S07_S08_N12,2026-08,55,MERCURY,sign_ingress,LEO,VIRGO,7,8,ANY,ANY,12,transit_calendar,MERCURY:sign_ingress:VIRGO,exact_day,{event_date}に水星が乙女座へ移ると、言葉にしにくかった不安や願いを、信頼できる相手との静かな相談で少しずつ整理したくなります。すべてを説明しきろうとせず、今話せることと保留したいことを選んでください。秘密と休息を守る約束が、心の奥を扱う安心につながります。,100,1
2026_08_SIGN_MERCURY_LEO_VIRGO_S08_S09_N01,2026-08,55,MERCURY,sign_ingress,LEO,VIRGO,8,9,ANY,ANY,1,transit_calendar,MERCURY:sign_ingress:VIRGO,exact_day,水星が{event_date}に乙女座へ移ると、深い対話や複雑な経験から得た気づきを分類し、自分の判断基準、学びたい分野、進みたい方向として整理したくなります。一つの出来事だけで信念を固めず、反対の事例も調べてください。根拠を確かめながら言葉にすることが、自分らしい展望を育てます。,100,1
2026_08_SIGN_MERCURY_LEO_VIRGO_S08_S09_N02,2026-08,55,MERCURY,sign_ingress,LEO,VIRGO,8,9,ANY,ANY,2,transit_calendar,MERCURY:sign_ingress:VIRGO,exact_day,{event_date}に水星が乙女座へ移ると、共有費用や資産を点検した経験が、学費、旅費、資料代、講座に使う予算を組み直す判断へつながります。評判だけで高額な選択をせず、得たい知識と必要額を照らし合わせてください。価値観に沿った配分が、学びを続ける現実的な土台になります。,100,1
2026_08_SIGN_MERCURY_LEO_VIRGO_S08_S09_N03,2026-08,55,MERCURY,sign_ingress,LEO,VIRGO,8,9,ANY,ANY,3,transit_calendar,MERCURY:sign_ingress:VIRGO,exact_day,水星が{event_date}に乙女座へ移ると、内密な相談や難しい資料から得た内容を、用語集、研究メモ、記事、遠方への問い合わせとして組み立てたくなります。分かりやすさのために背景を削りすぎず、出典と引用できる範囲を示してください。丁寧な編集が、深い情報を伝わる知識へ変えます。,100,1
2026_08_SIGN_MERCURY_LEO_VIRGO_S08_S09_N04,2026-08,55,MERCURY,sign_ingress,LEO,VIRGO,8,9,ANY,ANY,4,transit_calendar,MERCURY:sign_ingress:VIRGO,exact_day,{event_date}に水星が乙女座へ移ると、家族の記録や受け継いだ事情を、地域史、文化、教育、移住や旅の資料から調べ直したくなります。身内の記憶を唯一の事実とせず、年代や語り手の違いも照合してください。背景を確かめる学びが、家庭の経験を広い文脈へ置き直します。,100,1
2026_08_SIGN_MERCURY_LEO_VIRGO_S08_S09_N05,2026-08,55,MERCURY,sign_ingress,LEO,VIRGO,8,9,ANY,ANY,5,transit_calendar,MERCURY:sign_ingress:VIRGO,exact_day,水星が{event_date}に乙女座へ移ると、親密な関係や共同制作で掘り下げた題材を、講座、読み物、展示解説など人が学べる形へ整えたくなります。印象を強めるために当事者の事情を使わず、同意と権利を確認してください。慎重な構成が、創造性を意味のある発信へ広げます。,100,1
2026_08_SIGN_MERCURY_LEO_VIRGO_S08_S09_N06,2026-08,55,MERCURY,sign_ingress,LEO,VIRGO,8,9,ANY,ANY,6,transit_calendar,MERCURY:sign_ingress:VIRGO,exact_day,{event_date}に水星が乙女座へ移ると、実務で扱ってきた複雑な課題を、研修資料、資格学習、比較調査、手順書の改善へつなげたくなります。慣れた方法を唯一の正解にせず、別の現場で成り立つ条件も調べてください。経験を体系化することが、日々の仕事を広い視点から見直す助けになります。,100,1
2026_08_SIGN_MERCURY_LEO_VIRGO_S08_S09_N07,2026-08,55,MERCURY,sign_ingress,LEO,VIRGO,8,9,ANY,ANY,7,transit_calendar,MERCURY:sign_ingress:VIRGO,exact_day,水星が{event_date}に乙女座へ移ると、パートナーと共有してきた責任や将来への不安を、共に学ぶテーマ、遠方への計画、人生観の検討へ移したくなります。理想だけで予定を決めず、調査の担当、費用、時間を分けてください。異なる考えを資料とともに持ち寄ることが、二人の展望を具体化します。,100,1
2026_08_SIGN_MERCURY_LEO_VIRGO_S08_S09_N08,2026-08,55,MERCURY,sign_ingress,LEO,VIRGO,8,9,ANY,ANY,8,transit_calendar,MERCURY:sign_ingress:VIRGO,exact_day,{event_date}に水星が乙女座へ移ると、共有資産、秘密、深い感情、人生の転機など複雑な題材を、専門的な資料から検証したくなります。刺激的な解釈へ急がず、事実、推測、当事者の言葉を分けてください。倫理的な問いを残した探究が、得た知識を責任ある形で広げます。,100,1
2026_08_SIGN_MERCURY_LEO_VIRGO_S08_S09_N09,2026-08,55,MERCURY,sign_ingress,LEO,VIRGO,8,9,ANY,ANY,9,transit_calendar,MERCURY:sign_ingress:VIRGO,exact_day,水星が{event_date}に乙女座へ移ると、専門学習、遠方との交流、出版や発表の計画を、資料一覧、日程、応募条件まで細かく詰めたくなります。準備を増やし続けて開始を遅らせず、最初に確かめる項目を絞ってください。検証可能な計画が、広い関心を確かな学びへ導きます。,100,1
2026_08_SIGN_MERCURY_LEO_VIRGO_S08_S09_N10,2026-08,55,MERCURY,sign_ingress,LEO,VIRGO,8,9,ANY,ANY,10,transit_calendar,MERCURY:sign_ingress:VIRGO,exact_day,{event_date}に水星が乙女座へ移ると、組織内で得た深い知見を、専門報告、研修、資格、対外的な説明へ活かす道を検討したくなります。実績を強調するために非公開情報まで含めず、引用可能な事例へ置き換えてください。守秘と根拠を両立する姿勢が、仕事上の専門性を育てます。,100,1
2026_08_SIGN_MERCURY_LEO_VIRGO_S08_S09_N11,2026-08,55,MERCURY,sign_ingress,LEO,VIRGO,8,9,ANY,ANY,11,transit_calendar,MERCURY:sign_ingress:VIRGO,exact_day,水星が{event_date}に乙女座へ移ると、仲間と扱ってきた資源や課題をもとに、社会的なテーマの勉強会、教育活動、遠方の団体との交流を考えたくなります。自分たちの経験を全体像と決めず、異なる地域の資料と声も集めてください。検証を共有する場が、連携する目的を明確にします。,100,1
2026_08_SIGN_MERCURY_LEO_VIRGO_S08_S09_N12,2026-08,55,MERCURY,sign_ingress,LEO,VIRGO,8,9,ANY,ANY,12,transit_calendar,MERCURY:sign_ingress:VIRGO,exact_day,{event_date}に水星が乙女座へ移ると、心の奥で抱えてきた問いを、哲学的な読書、静かな旅、夢や感情の記録を通じて捉え直したくなります。意味を一つに決めようとせず、気づいた変化を日付とともに残してください。内側の経験を急がず整理することが、次に学ぶ方向を見つける助けになります。,100,1
2026_08_SIGN_MERCURY_LEO_VIRGO_S09_S10_N01,2026-08,55,MERCURY,sign_ingress,LEO,VIRGO,9,10,ANY,ANY,1,transit_calendar,MERCURY:sign_ingress:VIRGO,exact_day,水星が{event_date}に乙女座へ移ると、学んできた内容を、自分の専門領域、目標、担当できる仕事として簡潔に示したくなります。肩書を立派に見せるために知識を広く言わず、経験した範囲と今後調べる点を分けてください。正確な自己説明が、公の場で引き受けたい役割を明確にします。,100,1
2026_08_SIGN_MERCURY_LEO_VIRGO_S09_S10_N02,2026-08,55,MERCURY,sign_ingress,LEO,VIRGO,9,10,ANY,ANY,2,transit_calendar,MERCURY:sign_ingress:VIRGO,exact_day,{event_date}に水星が乙女座へ移ると、講座や遠方で身につけた技能を、報酬条件、必要経費、仕事道具、提供できる範囲へ換算したくなります。相場だけに合わせず、準備時間と維持費も書き出してください。価値と根拠を具体的に示すことが、自分の資源を守れる仕事選びを助けます。,100,1
2026_08_SIGN_MERCURY_LEO_VIRGO_S09_S10_N03,2026-08,55,MERCURY,sign_ingress,LEO,VIRGO,9,10,ANY,ANY,3,transit_calendar,MERCURY:sign_ingress:VIRGO,exact_day,水星が{event_date}に乙女座へ移ると、研究ノートや旅先で集めた情報を、企画書、会議資料、広報文、業務上の説明へ組み替えたくなります。要点を急いで前提を省かず、出典と更新時点を添えてください。読み手が確認できる構成が、公的な判断を支える材料になります。,100,1
2026_08_SIGN_MERCURY_LEO_VIRGO_S09_S10_N04,2026-08,55,MERCURY,sign_ingress,LEO,VIRGO,9,10,ANY,ANY,4,transit_calendar,MERCURY:sign_ingress:VIRGO,exact_day,{event_date}に水星が乙女座へ移ると、家族との経験や住む場所について学んだことを、働く地域、在宅環境、職務時間、社会との関わり方へ反映したくなります。家族の期待をそのまま目標にせず、自分が維持したい生活条件を選んでください。土台を明文化することが、現実的な進路を整えます。,100,1
2026_08_SIGN_MERCURY_LEO_VIRGO_S09_S10_N05,2026-08,55,MERCURY,sign_ingress,LEO,VIRGO,9,10,ANY,ANY,5,transit_calendar,MERCURY:sign_ingress:VIRGO,exact_day,水星が{event_date}に乙女座へ移ると、学びや旅から得た創作、教育、子どもに関する着想を、作品集、授業案、催しの企画として人に見せたくなります。魅力を伝える前に、準備工程と完成している範囲を示してください。楽しさと実務を両立した発表が、個性を公的な活動へつなげます。,100,1
2026_08_SIGN_MERCURY_LEO_VIRGO_S09_S10_N06,2026-08,55,MERCURY,sign_ingress,LEO,VIRGO,9,10,ANY,ANY,6,transit_calendar,MERCURY:sign_ingress:VIRGO,exact_day,{event_date}に水星が乙女座へ移ると、研修や専門学習で得た方法を、職場の手順、品質確認、担当者への説明、日々の改善へ導入したくなります。知識を一度に広げず、試す工程と評価する指標を決めてください。実行記録を残すことが、現場に合う方法と責任の範囲を見極めます。,100,1
2026_08_SIGN_MERCURY_LEO_VIRGO_S09_S10_N07,2026-08,55,MERCURY,sign_ingress,LEO,VIRGO,9,10,ANY,ANY,7,transit_calendar,MERCURY:sign_ingress:VIRGO,exact_day,水星が{event_date}に乙女座へ移ると、先生、助言者、遠方の協力者とのつながりを、顧客対応、公的な提携、共同事業へ発展させる条件を検討したくなります。相手の肩書だけで決めず、決定権、担当、連絡経路を確かめてください。役割を文書にすることが、継続できる協力を整えます。,100,1
2026_08_SIGN_MERCURY_LEO_VIRGO_S09_S10_N08,2026-08,55,MERCURY,sign_ingress,LEO,VIRGO,9,10,ANY,ANY,8,transit_calendar,MERCURY:sign_ingress:VIRGO,exact_day,{event_date}に水星が乙女座へ移ると、深い研究や共有資源について得た知識を、組織の判断資料、資金説明、リスク整理へ活かしたくなります。分析力を示すために非公開の事実まで並べず、開示できる根拠へ置き換えてください。慎重な編集が、重要な判断に伴う公的責任を支えます。,100,1
2026_08_SIGN_MERCURY_LEO_VIRGO_S09_S10_N09,2026-08,55,MERCURY,sign_ingress,LEO,VIRGO,9,10,ANY,ANY,9,transit_calendar,MERCURY:sign_ingress:VIRGO,exact_day,水星が{event_date}に乙女座へ移ると、専門知識、海外との交流、出版や教育で磨いた視点を、職業上の主題や社会へ届ける説明として絞り込みたくなります。知識量を示すより、誰のどんな判断に役立てるかを決めてください。対象を明確にした発信が、広い学びを具体的な仕事へ結びます。,100,1
2026_08_SIGN_MERCURY_LEO_VIRGO_S09_S10_N10,2026-08,55,MERCURY,sign_ingress,LEO,VIRGO,9,10,ANY,ANY,10,transit_calendar,MERCURY:sign_ingress:VIRGO,exact_day,{event_date}に水星が乙女座へ移ると、肩書、担当、優先課題、公的な発言について、確認済みの情報をもとに整理し直したくなります。評価を気にして仕事を抱え込まず、決められることと上位確認が必要なことを分けてください。明快な報告が、現在の責任と次の行動を整えます。,100,1
2026_08_SIGN_MERCURY_LEO_VIRGO_S09_S10_N11,2026-08,55,MERCURY,sign_ingress,LEO,VIRGO,9,10,ANY,ANY,11,transit_calendar,MERCURY:sign_ingress:VIRGO,exact_day,水星が{event_date}に乙女座へ移ると、学習仲間や遠方のネットワークで得た情報を、組織の提案、共同企画、社会的な活動の計画へまとめたくなります。仲間全体を代表すると決めつけず、賛同の範囲と異なる意見も記録してください。目的と担当を示すことが、公的な連携を現実にします。,100,1
2026_08_SIGN_MERCURY_LEO_VIRGO_S09_S10_N12,2026-08,55,MERCURY,sign_ingress,LEO,VIRGO,9,10,ANY,ANY,12,transit_calendar,MERCURY:sign_ingress:VIRGO,exact_day,{event_date}に水星が乙女座へ移ると、静かに続けてきた研究や内省を、舞台裏の報告書、助言、長期的な仕事の下書きとして形にしたくなります。準備中の内容を早く公開せず、共有する相手、時期、休息との境界を選んでください。目立たない検討が、責任ある発言を支える土台になります。,100,1
2026_08_SIGN_MERCURY_LEO_VIRGO_S10_S11_N01,2026-08,55,MERCURY,sign_ingress,LEO,VIRGO,10,11,ANY,ANY,1,transit_calendar,MERCURY:sign_ingress:VIRGO,exact_day,水星が{event_date}に乙女座へ移ると、公の場で担ってきた役割を、仲間の中で提供できる技能、参加時間、提案したい課題として整理したくなります。自分の得意分野だけを押し出さず、集まりが不足している役割も聞いてください。条件を具体的に伝えることが、自分に合う参加方法を見つける助けになります。,100,1
2026_08_SIGN_MERCURY_LEO_VIRGO_S10_S11_N02,2026-08,55,MERCURY,sign_ingress,LEO,VIRGO,10,11,ANY,ANY,2,transit_calendar,MERCURY:sign_ingress:VIRGO,exact_day,{event_date}に水星が乙女座へ移ると、仕事で管理してきた予算や道具への感覚を、会費、共同購入、立替、仲間が提供する時間の配分へ活かしたくなります。善意を同じ価値と決めず、金銭と作業を別々に記録してください。負担の根拠を見える形にすることが、無理のない共同運営を支えます。,100,1
2026_08_SIGN_MERCURY_LEO_VIRGO_S10_S11_N03,2026-08,55,MERCURY,sign_ingress,LEO,VIRGO,10,11,ANY,ANY,3,transit_calendar,MERCURY:sign_ingress:VIRGO,exact_day,水星が{event_date}に乙女座へ移ると、公的な文書や説明で磨いた言葉を、議事録、連絡網、参加案内、オンライン上の質問集へ整えたくなります。情報を早く回すために個人の連絡先まで広げず、公開範囲を確認してください。検索しやすい記録が、仲間同士のやり取りを軽くします。,100,1
2026_08_SIGN_MERCURY_LEO_VIRGO_S10_S11_N04,2026-08,55,MERCURY,sign_ingress,LEO,VIRGO,10,11,ANY,ANY,4,transit_calendar,MERCURY:sign_ingress:VIRGO,exact_day,{event_date}に水星が乙女座へ移ると、仕事と家庭の両立で得た知恵を、地域の集まり、近所の支え合い、身近な仲間との将来計画へつなげたくなります。家庭の事情を協力の理由として詳しく話しすぎず、参加できる時間だけを示してください。安心できる生活基盤が、外との連携を長く支えます。,100,1
2026_08_SIGN_MERCURY_LEO_VIRGO_S10_S11_N05,2026-08,55,MERCURY,sign_ingress,LEO,VIRGO,10,11,ANY,ANY,5,transit_calendar,MERCURY:sign_ingress:VIRGO,exact_day,水星が{event_date}に乙女座へ移ると、人前に出した作品や教育企画を、制作仲間、観客、子どもに関わる集まりと改善する相談が増えます。完成案を配るだけでなく、試作、感想、修正を担う参加方法を用意してください。遊び心を残した進行が、共同制作の輪を実質的に広げます。,100,1
2026_08_SIGN_MERCURY_LEO_VIRGO_S10_S11_N06,2026-08,55,MERCURY,sign_ingress,LEO,VIRGO,10,11,ANY,ANY,6,transit_calendar,MERCURY:sign_ingress:VIRGO,exact_day,{event_date}に水星が乙女座へ移ると、職場で整えた手順や確認表を、チーム、同業者、支援活動の当番や連絡ルールへ応用したくなります。効率を優先して同じ負担を求めず、参加頻度と得意作業の違いを聞いてください。交代できる仕組みが、日々の協力を続けやすくします。,100,1
2026_08_SIGN_MERCURY_LEO_VIRGO_S10_S11_N07,2026-08,55,MERCURY,sign_ingress,LEO,VIRGO,10,11,ANY,ANY,7,transit_calendar,MERCURY:sign_ingress:VIRGO,exact_day,水星が{event_date}に乙女座へ移ると、顧客や取引相手との関係を、紹介先、共同企画、複数の組織を結ぶ連携へ広げる条件を検討したくなります。本人の了承なく連絡先を渡さず、紹介の目的と期待する役割を確認してください。接点を丁寧に設計することが、信頼できるネットワークを育てます。,100,1
2026_08_SIGN_MERCURY_LEO_VIRGO_S10_S11_N08,2026-08,55,MERCURY,sign_ingress,LEO,VIRGO,10,11,ANY,ANY,8,transit_calendar,MERCURY:sign_ingress:VIRGO,exact_day,{event_date}に水星が乙女座へ移ると、組織で扱ってきた資金や非公開情報への知見を、共同基金、会員データ、備品管理、承認記録へ活かしたくなります。詳しい人だけに権限を集めず、閲覧者と確認者を分けてください。追跡できる手順が、集団の複雑な責任を透明にします。,100,1
2026_08_SIGN_MERCURY_LEO_VIRGO_S10_S11_N09,2026-08,55,MERCURY,sign_ingress,LEO,VIRGO,10,11,ANY,ANY,9,transit_calendar,MERCURY:sign_ingress:VIRGO,exact_day,水星が{event_date}に乙女座へ移ると、専門活動や遠方との仕事を通じて、教育、文化、国際交流の仲間と資料を交換したくなります。理念が近くても用語や前提は同じと考えず、翻訳と出典の確認方法を決めてください。異なる知識を正確につなぐ対話が、将来の企画を豊かにします。,100,1
2026_08_SIGN_MERCURY_LEO_VIRGO_S10_S11_N10,2026-08,55,MERCURY,sign_ingress,LEO,VIRGO,10,11,ANY,ANY,10,transit_calendar,MERCURY:sign_ingress:VIRGO,exact_day,{event_date}に水星が乙女座へ移ると、公的な方針や実績を、仲間と共有するロードマップ、判断基準、進捗確認の周期へ落とし込みたくなります。肩書を理由に予定を決めず、反対意見と修正案を記録してください。目的と見直し時期を示すことが、チームの長期的な理解を整えます。,100,1
2026_08_SIGN_MERCURY_LEO_VIRGO_S10_S11_N11,2026-08,55,MERCURY,sign_ingress,LEO,VIRGO,10,11,ANY,ANY,11,transit_calendar,MERCURY:sign_ingress:VIRGO,exact_day,水星が{event_date}に乙女座へ移ると、友人、仲間、オンラインのつながりが持つ技能や希望を一覧にし、共同目標へ結び直したくなります。全員を一つの計画へ集めず、参加しない選択と別案も残してください。連絡経路と担当を小さく分けることが、開かれた協力を育てます。,100,1
2026_08_SIGN_MERCURY_LEO_VIRGO_S10_S11_N12,2026-08,55,MERCURY,sign_ingress,LEO,VIRGO,10,11,ANY,ANY,12,transit_calendar,MERCURY:sign_ingress:VIRGO,exact_day,{event_date}に水星が乙女座へ移ると、公的な仕事の裏で抱えてきた考えを、信頼できる仲間との非公開の検討、資料整理、次期計画の準備として共有したくなります。見えない作業を一人で抱えず、担当と休む時間を決めてください。静かな連携が、将来へ向けた余力と情報の安全を守ります。,100,1
2026_08_SIGN_MERCURY_LEO_VIRGO_S11_S12_N01,2026-08,55,MERCURY,sign_ingress,LEO,VIRGO,11,12,ANY,ANY,1,transit_calendar,MERCURY:sign_ingress:VIRGO,exact_day,水星が{event_date}に乙女座へ移ると、仲間から寄せられた意見や担ってきた役割をいったん離れて眺め、自分が本当に残したい言葉を選びたくなります。反応の数を自己評価に変えず、役立った助言と今は保留する声を分けてください。静かな整理が、次に示す自分の考えを明確にします。,100,1
2026_08_SIGN_MERCURY_LEO_VIRGO_S11_S12_N02,2026-08,55,MERCURY,sign_ingress,LEO,VIRGO,11,12,ANY,ANY,2,transit_calendar,MERCURY:sign_ingress:VIRGO,exact_day,{event_date}に水星が乙女座へ移ると、共同活動に使った会費、立替、共有道具、提供した時間を精算し、今後も残す負担を見直したくなります。区切りを急いで費用を自分だけで引き受けず、返却先と確認者を記録してください。生活に残す資源を守ることが、穏やかな撤収と備えを助けます。,100,1
2026_08_SIGN_MERCURY_LEO_VIRGO_S11_S12_N03,2026-08,55,MERCURY,sign_ingress,LEO,VIRGO,11,12,ANY,ANY,3,transit_calendar,MERCURY:sign_ingress:VIRGO,exact_day,水星が{event_date}に乙女座へ移ると、グループの通知、議事録、未返信の連絡を、保存、削除、下書き、後日返すものへ分類したくなります。すべてへ即答しようとせず、通知を閉じる時間と緊急時の窓口を決めてください。情報の入口を絞ることが、次に伝える要点を見つけやすくします。,100,1
2026_08_SIGN_MERCURY_LEO_VIRGO_S11_S12_N04,2026-08,55,MERCURY,sign_ingress,LEO,VIRGO,11,12,ANY,ANY,4,transit_calendar,MERCURY:sign_ingress:VIRGO,exact_day,{event_date}に水星が乙女座へ移ると、地域や仲間との活動から距離を取り、自宅で家族の予定、思い出の記録、これからの居場所を静かに見直したくなります。外で得た情報を家庭の正解として持ち込まず、話さない選択も尊重してください。安心できる空間での対話が、生活の土台を整えます。,100,1
2026_08_SIGN_MERCURY_LEO_VIRGO_S11_S12_N05,2026-08,55,MERCURY,sign_ingress,LEO,VIRGO,11,12,ANY,ANY,5,transit_calendar,MERCURY:sign_ingress:VIRGO,exact_day,水星が{event_date}に乙女座へ移ると、仲間と広げてきた創作や催しの案を、誰にも見せない下書き、試作、遊びの時間へ戻したくなります。反応を得るために未熟な案まで公開せず、心が動く部分だけを残してください。ひとりで楽しむ仕込みが、次の表現を自然に育てます。,100,1
2026_08_SIGN_MERCURY_LEO_VIRGO_S11_S12_N06,2026-08,55,MERCURY,sign_ingress,LEO,VIRGO,11,12,ANY,ANY,6,transit_calendar,MERCURY:sign_ingress:VIRGO,exact_day,{event_date}に水星が乙女座へ移ると、チームで続けてきた作業を、裏方の整理、保守、引き継ぎ文書、休息を含む日程へ組み直したくなります。目立たない仕事を最後まで一人で抱えず、完了した範囲と未対応を分けてください。静かな後処理が、毎日の負担をほどく助けになります。,100,1
2026_08_SIGN_MERCURY_LEO_VIRGO_S11_S12_N07,2026-08,55,MERCURY,sign_ingress,LEO,VIRGO,11,12,ANY,ANY,7,transit_calendar,MERCURY:sign_ingress:VIRGO,exact_day,水星が{event_date}に乙女座へ移ると、多くの人との交流より、信頼できる相手と二人で将来への迷い、関係の疲れ、言いそびれた思いを話したくなります。相手に答えを求めず、聞いてほしい範囲と秘密にしたい内容を伝えてください。落ち着いた対話が、関係の距離を整える場になります。,100,1
2026_08_SIGN_MERCURY_LEO_VIRGO_S11_S12_N08,2026-08,55,MERCURY,sign_ingress,LEO,VIRGO,11,12,ANY,ANY,8,transit_calendar,MERCURY:sign_ingress:VIRGO,exact_day,{event_date}に水星が乙女座へ移ると、仲間と共有してきた資金、会員情報、借りた備品、内密な課題を、返却、削除、保管の手順に分けて整理したくなります。終わった案件でも確認を省かず、責任者と期限を記録してください。慎重な後始末が、見えない共有責任を軽くします。,100,1
2026_08_SIGN_MERCURY_LEO_VIRGO_S11_S12_N09,2026-08,55,MERCURY,sign_ingress,LEO,VIRGO,11,12,ANY,ANY,9,transit_calendar,MERCURY:sign_ingress:VIRGO,exact_day,水星が{event_date}に乙女座へ移ると、仲間と掲げてきた理念や遠い将来像を、哲学的な読書、静かな学習、ひとりの旅を通じて再検討したくなります。集団で共有した答えを自分の信念と決めず、違和感と疑問を書き留めてください。内省する時間が、広い理想との距離を整えます。,100,1
2026_08_SIGN_MERCURY_LEO_VIRGO_S11_S12_N10,2026-08,55,MERCURY,sign_ingress,LEO,VIRGO,11,12,ANY,ANY,10,transit_calendar,MERCURY:sign_ingress:VIRGO,exact_day,{event_date}に水星が乙女座へ移ると、公的な人脈や組織目標について、発表前の戦略、非公開の相談、役割を終える時期を細かく検討したくなります。評判を守るために説明を急がず、確認中の内容は外へ出さないでください。舞台裏の点検が、次の責任ある判断を支えます。,100,1
2026_08_SIGN_MERCURY_LEO_VIRGO_S11_S12_N11,2026-08,55,MERCURY,sign_ingress,LEO,VIRGO,11,12,ANY,ANY,11,transit_calendar,MERCURY:sign_ingress:VIRGO,exact_day,水星が{event_date}に乙女座へ移ると、友人関係、所属先、共同目標を一覧にし、自分がどこまで関わり、何を休止するか選びたくなります。距離を取ることを拒絶と考えず、必要な相手には短く事情を伝えてください。参加の余白を作ることが、長く残したいつながりを守ります。,100,1
2026_08_SIGN_MERCURY_LEO_VIRGO_S11_S12_N12,2026-08,55,MERCURY,sign_ingress,LEO,VIRGO,11,12,ANY,ANY,12,transit_calendar,MERCURY:sign_ingress:VIRGO,exact_day,{event_date}に水星が乙女座へ移ると、夢、直感、未送信の言葉、終わっていない仲間との会話が内側から浮かび、細かな意味を探したくなります。すぐ結論や返信に変えず、まず非公開の記録へ置いてください。分析を休む時間も持つことが、心の静けさと次の周期への余白を作ります。,100,1
2026_08_NATAL_SUN_LEO_N12_N01,2026-08,45,SUN,natal_house_ingress,LEO,LEO,ANY,ANY,12,1,1,natal_house_calculation,SUN:natal_house_ingress:1,local_day_or_approximate,{event_date}頃から太陽が獅子座のネイタル1ハウスへ移ると、舞台裏で温めてきた意志を、装い、発言、始めたい行動として表へ出したくなります。周囲の反応を待たず、今の自分が名乗れる目標を一つ選んでください。小さな自己表明が、新しい周期の歩調を整えます。,80,1
2026_08_NATAL_SUN_LEO_N01_N02,2026-08,45,SUN,natal_house_ingress,LEO,LEO,ANY,ANY,1,2,2,natal_house_calculation,SUN:natal_house_ingress:2,local_day_or_approximate,太陽が{event_date}頃に獅子座のネイタル2ハウスへ移ると、自分らしさを示す段階から、技能、収入、持ち物、時間の使い方を育てる段階へ進みます。注目を得るための出費で価値を証明せず、長く残したい資源を選んでください。自分の基準で整えることが、落ち着いた自信を支えます。,80,1
2026_08_NATAL_SUN_LEO_N02_N03,2026-08,45,SUN,natal_house_ingress,LEO,LEO,ANY,ANY,2,3,3,natal_house_calculation,SUN:natal_house_ingress:3,local_day_or_approximate,{event_date}頃から太陽が獅子座のネイタル3ハウスへ移ると、大切にしている知識や技能を、学習、近距離の移動、身近な発信として人へ伝えたくなります。印象を強めるために話を大きくせず、相手が使える具体例を添えてください。日々の言葉と行動が、自分の価値を周囲へ届けます。,80,1
2026_08_NATAL_SUN_LEO_N03_N04,2026-08,45,SUN,natal_house_ingress,LEO,LEO,ANY,ANY,3,4,4,natal_house_calculation,SUN:natal_house_ingress:4,local_day_or_approximate,太陽が{event_date}頃に獅子座のネイタル4ハウスへ移ると、外で交わしてきた会話から少し離れ、住まい、家族、自分だけの居場所へ意識が戻ります。家庭の事情を公に示す材料にせず、安心を守る予定と境界を選んでください。内側の土台を整えることが、次の表現を支えます。,80,1
2026_08_NATAL_SUN_LEO_N04_N05,2026-08,45,SUN,natal_house_ingress,LEO,LEO,ANY,ANY,4,5,5,natal_house_calculation,SUN:natal_house_ingress:5,local_day_or_approximate,{event_date}頃から太陽が獅子座のネイタル5ハウスへ移ると、家庭で育てた安心感を、創作、恋愛、遊び、子どもとの時間として明るく表したくなります。上手に見せることより、自分と相手が心から楽しめる形を選んでください。喜びに時間を使うことが、個性を自然に輝かせます。,80,1
2026_08_NATAL_SUN_LEO_N05_N06,2026-08,45,SUN,natal_house_ingress,LEO,LEO,ANY,ANY,5,6,6,natal_house_calculation,SUN:natal_house_ingress:6,local_day_or_approximate,{event_date}頃からは、内側で育ててきた興味や創造性を、生活習慣や仕事の整理へ落とし込む段階に入ります。未処理の作業や日々の負担を静かに整えることが、月後半の再始動を支える準備になります。,80,1
2026_08_NATAL_SUN_LEO_N06_N07,2026-08,45,SUN,natal_house_ingress,LEO,LEO,ANY,ANY,6,7,7,natal_house_calculation,SUN:natal_house_ingress:7,local_day_or_approximate,太陽が{event_date}頃に獅子座のネイタル7ハウスへ移ると、仕事や生活を一人で整える段階から、相手と役割や目標を共有する段階へ進みます。自分の方法を完成形として示さず、相手が力を発揮できる条件も聞いてください。互いを認める対話が、対等な協力を育てます。,80,1
2026_08_NATAL_SUN_LEO_N07_N08,2026-08,45,SUN,natal_house_ingress,LEO,LEO,ANY,ANY,7,8,8,natal_house_calculation,SUN:natal_house_ingress:8,local_day_or_approximate,{event_date}頃から太陽が獅子座のネイタル8ハウスへ移ると、関係を結ぶことから一歩進み、共有費用、責任、秘密、親密さを深く扱う場面が増えます。信頼を示すためにすべてを明かさず、互いの同意と境界を確かめてください。慎重な共有が、結びつきの質を整えます。,80,1
2026_08_NATAL_SUN_LEO_N08_N09,2026-08,45,SUN,natal_house_ingress,LEO,LEO,ANY,ANY,8,9,9,natal_house_calculation,SUN:natal_house_ingress:9,local_day_or_approximate,太陽が{event_date}頃に獅子座のネイタル9ハウスへ移ると、内側で向き合ってきた変化を、学び、旅、文化、発信という広い視点から捉え直したくなります。自分の経験を普遍的な答えにせず、異なる背景にも触れてください。探究する姿勢が、次に進む意味と展望を育てます。,80,1
2026_08_NATAL_SUN_LEO_N09_N10,2026-08,45,SUN,natal_house_ingress,LEO,LEO,ANY,ANY,9,10,10,natal_house_calculation,SUN:natal_house_ingress:10,local_day_or_approximate,{event_date}頃から太陽が獅子座のネイタル10ハウスへ移ると、学んできたことや遠くに描いた構想を、仕事、肩書、公の場での責任として形にしたくなります。評価を意識して大きな約束をせず、今示せる成果と役割を明確にしてください。現実的な自己表現が、社会との接点を整えます。,80,1
2026_08_NATAL_SUN_LEO_N10_N11,2026-08,45,SUN,natal_house_ingress,LEO,LEO,ANY,ANY,10,11,11,natal_house_calculation,SUN:natal_house_ingress:11,local_day_or_approximate,太陽が{event_date}頃に獅子座のネイタル11ハウスへ移ると、公的な役割で得た経験を、仲間、共同目標、未来の企画へ分かち合いたくなります。自分が中心になることだけを目指さず、参加者の得意分野も見つけてください。個性を結ぶ働きかけが、持続するチームを育てます。,80,1
2026_08_NATAL_SUN_LEO_N11_N12,2026-08,45,SUN,natal_house_ingress,LEO,LEO,ANY,ANY,11,12,12,natal_house_calculation,SUN:natal_house_ingress:12,local_day_or_approximate,{event_date}頃から太陽が獅子座のネイタル12ハウスへ移ると、仲間との活動や外向きの目標から距離を取り、休息、記録整理、舞台裏の準備へ意識が向かいます。見えない時間を停滞と決めず、終える役割と残す思いを選んでください。静かな充電が、次の自己始動に備える余白を作ります。,80,1
2026_08_NATAL_SUN_VIRGO_N12_N01,2026-08,45,SUN,natal_house_ingress,VIRGO,VIRGO,ANY,ANY,12,1,1,natal_house_calculation,SUN:natal_house_ingress:1,local_day_or_approximate,{event_date}頃から太陽が乙女座のネイタル1ハウスへ移ると、内側で整えてきた考えを、身支度、生活の手順、始めたい作業として自分から実行したくなります。準備が完全になるまで待たず、今日試せる改善を一つ選んでください。小さな実践が、新しい周期の自信を育てます。,80,1
2026_08_NATAL_SUN_VIRGO_N01_N02,2026-08,45,SUN,natal_house_ingress,VIRGO,VIRGO,ANY,ANY,1,2,2,natal_house_calculation,SUN:natal_house_ingress:2,local_day_or_approximate,太陽が{event_date}頃に乙女座のネイタル2ハウスへ移ると、自分を整える段階から、技能、収入、持ち物、時間を現実的に管理する段階へ進みます。細かな不足だけに目を向けず、すでに役立っている資源も数えてください。使い道を明確にすることが、安定した価値基準を支えます。,80,1
2026_08_NATAL_SUN_VIRGO_N02_N03,2026-08,45,SUN,natal_house_ingress,VIRGO,VIRGO,ANY,ANY,2,3,3,natal_house_calculation,SUN:natal_house_ingress:3,local_day_or_approximate,{event_date}頃から太陽が乙女座のネイタル3ハウスへ移ると、培ってきた技能や所有する情報を、短い学習、近距離の用事、実用的な発信へ活かしたくなります。説明を細かくしすぎず、相手が次に動ける要点を先に示してください。整理された言葉が、日常の判断を助けます。,80,1
2026_08_NATAL_SUN_VIRGO_N03_N04,2026-08,45,SUN,natal_house_ingress,VIRGO,VIRGO,ANY,ANY,3,4,4,natal_house_calculation,SUN:natal_house_ingress:4,local_day_or_approximate,太陽が{event_date}頃に乙女座のネイタル4ハウスへ移ると、外で集めた情報や連絡事項を、自宅の環境、家族の予定、生活記録の整理へ反映したくなります。効率だけで家庭の過ごし方を決めず、安心できる余白も残してください。暮らしの土台を整えることが、心身の落ち着きを支えます。,80,1
2026_08_NATAL_SUN_VIRGO_N04_N05,2026-08,45,SUN,natal_house_ingress,VIRGO,VIRGO,ANY,ANY,4,5,5,natal_house_calculation,SUN:natal_house_ingress:5,local_day_or_approximate,{event_date}頃から太陽が乙女座のネイタル5ハウスへ移ると、家庭で培った工夫を、手仕事、創作、遊び、子どもとの時間として丁寧に表したくなります。楽しみまで採点せず、直したい点は一つずつ選んでください。実用性と喜びを結ぶ表現が、自分らしい魅力を育てます。,80,1
2026_08_NATAL_SUN_VIRGO_N05_N06,2026-08,45,SUN,natal_house_ingress,VIRGO,VIRGO,ANY,ANY,5,6,6,natal_house_calculation,SUN:natal_house_ingress:6,local_day_or_approximate,太陽が{event_date}頃に乙女座のネイタル6ハウスへ移ると、創作や遊びで得た集中力を、仕事の手順、練習、休憩、体調管理の習慣へ移したくなります。完璧な計画を作るより、実行後に直せる記録を残してください。続けられる小さな改善が、毎日の働き方を整えます。,80,1
2026_08_NATAL_SUN_VIRGO_N06_N07,2026-08,45,SUN,natal_house_ingress,VIRGO,VIRGO,ANY,ANY,6,7,7,natal_house_calculation,SUN:natal_house_ingress:7,local_day_or_approximate,{event_date}頃から太陽が乙女座のネイタル7ハウスへ移ると、自分で管理してきた仕事や生活を、相手との分担、相談、約束として調整する場面が増えます。正しい方法を教える姿勢に偏らず、相手が無理なく続けられる条件も聞いてください。具体的な対話が、対等な協力を支えます。,80,1
2026_08_NATAL_SUN_VIRGO_N07_N08,2026-08,45,SUN,natal_house_ingress,VIRGO,VIRGO,ANY,ANY,7,8,8,natal_house_calculation,SUN:natal_house_ingress:8,local_day_or_approximate,太陽が{event_date}頃に乙女座のネイタル8ハウスへ移ると、関係を整える段階から、共有費用、重要書類、秘密、親密な責任を詳しく確認する段階へ進みます。細部を問い詰める前に、確認する理由と同意の範囲を伝えてください。慎重な整理が、深い信頼と境界を守ります。,80,1
2026_08_NATAL_SUN_VIRGO_N08_N09,2026-08,45,SUN,natal_house_ingress,VIRGO,VIRGO,ANY,ANY,8,9,9,natal_house_calculation,SUN:natal_house_ingress:9,local_day_or_approximate,{event_date}頃から太陽が乙女座のネイタル9ハウスへ移ると、内側で扱ってきた複雑な経験を、専門学習、旅、文化、発信という広い視点から検証したくなります。印象的な解釈へ急がず、事実、推測、出典を分けてください。丁寧な探究が、次に進む展望を現実的にします。,80,1
2026_08_NATAL_SUN_VIRGO_N09_N10,2026-08,45,SUN,natal_house_ingress,VIRGO,VIRGO,ANY,ANY,9,10,10,natal_house_calculation,SUN:natal_house_ingress:10,local_day_or_approximate,太陽が{event_date}頃に乙女座のネイタル10ハウスへ移ると、学んできた方法や遠くに描いた構想を、仕事、報告、指導、公の責任へ落とし込みたくなります。評価を得るために対応範囲を広げず、確認済みの成果と課題を示してください。正確な説明が、社会で担う役割を整えます。,80,1
2026_08_NATAL_SUN_VIRGO_N10_N11,2026-08,45,SUN,natal_house_ingress,VIRGO,VIRGO,ANY,ANY,10,11,11,natal_house_calculation,SUN:natal_house_ingress:11,local_day_or_approximate,{event_date}頃から太陽が乙女座のネイタル11ハウスへ移ると、公的な役割で得た改善案を、仲間、同業者、共同目標、将来の計画へ共有したくなります。自分の手順を全員の基準にせず、参加者ごとの負担と得意分野を聞いてください。実務を分ける提案が、持続する連携を育てます。,80,1
2026_08_NATAL_SUN_VIRGO_N11_N12,2026-08,45,SUN,natal_house_ingress,VIRGO,VIRGO,ANY,ANY,11,12,12,natal_house_calculation,SUN:natal_house_ingress:12,local_day_or_approximate,太陽が{event_date}頃に乙女座のネイタル12ハウスへ移ると、仲間との活動や外向きの目標から距離を取り、記録の整理、未完了作業、休息、舞台裏の準備へ意識が向かいます。見えない時間を無駄と決めず、終える役割と保留する課題を選んでください。静かな調整が、次の始動に備える余白を作ります。,80,1
2026_08_NATAL_MERCURY_CANCER_N12_N01,2026-08,45,MERCURY,natal_house_ingress,CANCER,CANCER,ANY,ANY,12,1,1,natal_house_calculation,MERCURY:natal_house_ingress:1,local_day_or_approximate,{event_date}頃から水星が蟹座のネイタル1ハウスへ移ると、内側で抱えていた考えや感情を、自分の言葉、表情、これから始めたいこととして伝えたくなります。相手の反応を先回りして決めず、今感じていることと望む行動を分けて話してください。率直で温かな自己説明が、新しい周期の入口になります。,80,1
2026_08_NATAL_MERCURY_CANCER_N01_N02,2026-08,45,MERCURY,natal_house_ingress,CANCER,CANCER,ANY,ANY,1,2,2,natal_house_calculation,MERCURY:natal_house_ingress:2,local_day_or_approximate,水星が{event_date}頃に蟹座のネイタル2ハウスへ移ると、自分の気持ちを語る段階から、収入、持ち物、食事、技能、安心に必要な時間を見直す段階へ進みます。不安から数字を避けず、必要、希望、保留の三つに分けて整理してください。心地よさと現実を結ぶ判断が、安定した価値基準を育てます。,80,1
2026_08_NATAL_MERCURY_CANCER_N02_N03,2026-08,45,MERCURY,natal_house_ingress,CANCER,CANCER,ANY,ANY,2,3,3,natal_house_calculation,MERCURY:natal_house_ingress:3,local_day_or_approximate,{event_date}頃から水星が蟹座のネイタル3ハウスへ移ると、暮らしを支える知識や記憶を、身近な人への連絡、学習、近距離の用事、日常の会話へ活かしたくなります。昔の印象だけで相手の意図を決めず、今の事情を質問してください。気持ちと事実を確かめる言葉が、身近な協力を動かします。,80,1
2026_08_NATAL_MERCURY_CANCER_N03_N04,2026-08,45,MERCURY,natal_house_ingress,CANCER,CANCER,ANY,ANY,3,4,4,natal_house_calculation,MERCURY:natal_house_ingress:4,local_day_or_approximate,水星が{event_date}頃に蟹座のネイタル4ハウスへ移ると、外で続いていた会話や情報収集から少し離れ、住まい、家族の予定、思い出、安心できる居場所へ意識が戻ります。過去の不満を結論として持ち出さず、現在必要な話題から扱ってください。落ち着いて聞き合う時間が、家庭の土台を整えます。,80,1
2026_08_NATAL_MERCURY_CANCER_N04_N05,2026-08,45,MERCURY,natal_house_ingress,CANCER,CANCER,ANY,ANY,4,5,5,natal_house_calculation,MERCURY:natal_house_ingress:5,local_day_or_approximate,{event_date}頃から水星が蟹座のネイタル5ハウスへ移ると、家庭で育てた記憶や感受性を、物語、創作、恋愛、遊び、子どもとの会話として表したくなります。気持ちを察してもらうことだけを期待せず、うれしいことや望む反応を言葉にしてください。感情を形にする表現が、自分らしい喜びを広げます。,80,1
2026_08_NATAL_MERCURY_CANCER_N05_N06,2026-08,45,MERCURY,natal_house_ingress,CANCER,CANCER,ANY,ANY,5,6,6,natal_house_calculation,MERCURY:natal_house_ingress:6,local_day_or_approximate,水星が{event_date}頃に蟹座のネイタル6ハウスへ移ると、創作や大切な人へ向けていた意識を、仕事の記録、食事、休息、連絡、身近な世話へ振り分けたくなります。心配事を頭の中で繰り返さず、確認できる事実と次の作業を書き出してください。穏やかな手順が、毎日の集中を支えます。,80,1
2026_08_NATAL_MERCURY_CANCER_N06_N07,2026-08,45,MERCURY,natal_house_ingress,CANCER,CANCER,ANY,ANY,6,7,7,natal_house_calculation,MERCURY:natal_house_ingress:7,local_day_or_approximate,{event_date}頃から水星が蟹座のネイタル7ハウスへ移ると、一人で整えてきた生活や仕事を、相手との相談、約束、役割分担によって調整する場面が増えます。沈黙を拒否と決めつけず、相手の受け取り方を聞いてください。互いの安心条件を言葉にする対話が、信頼できる協力関係を育てます。,80,1
2026_08_NATAL_MERCURY_CANCER_N07_N08,2026-08,45,MERCURY,natal_house_ingress,CANCER,CANCER,ANY,ANY,7,8,8,natal_house_calculation,MERCURY:natal_house_ingress:8,local_day_or_approximate,水星が{event_date}頃に蟹座のネイタル8ハウスへ移ると、関係を整える段階から、共有費用、家族の責任、秘密、親密な気持ちを深く話す段階へ進みます。感情の勢いで結論を迫らず、事実、心配、希望を分けて伝えてください。慎重に確認を重ねることが、信頼と境界の両方を守ります。,80,1
2026_08_NATAL_MERCURY_CANCER_N08_N09,2026-08,45,MERCURY,natal_house_ingress,CANCER,CANCER,ANY,ANY,8,9,9,natal_house_calculation,MERCURY:natal_house_ingress:9,local_day_or_approximate,{event_date}頃から水星が蟹座のネイタル9ハウスへ移ると、内側で抱えてきた経験や家族の物語を、専門学習、旅、歴史、文化という広い視点から捉え直したくなります。身近な常識を普遍的な答えにせず、異なる背景の声も調べてください。記憶と知識を結ぶ学びが、次の展望を育てます。,80,1
2026_08_NATAL_MERCURY_CANCER_N09_N10,2026-08,45,MERCURY,natal_house_ingress,CANCER,CANCER,ANY,ANY,9,10,10,natal_house_calculation,MERCURY:natal_house_ingress:10,local_day_or_approximate,水星が{event_date}頃に蟹座のネイタル10ハウスへ移ると、学んできたことや守りたい価値観を、仕事の説明、相談、指導、公の発信へ活かしたくなります。親しみやすさを優先して私的な事情まで語らず、共有する範囲を決めてください。相手の気持ちをくむ伝え方が、社会での信頼を支えます。,80,1
2026_08_NATAL_MERCURY_CANCER_N10_N11,2026-08,45,MERCURY,natal_house_ingress,CANCER,CANCER,ANY,ANY,10,11,11,natal_house_calculation,MERCURY:natal_house_ingress:11,local_day_or_approximate,{event_date}頃から水星が蟹座のネイタル11ハウスへ移ると、公の場で得た知識や経験を、友人、仲間、支援の輪、将来の計画へ分かち合いたくなります。集団全体の感情を一人で受け止めず、連絡先と相談相手を分けてください。安心して話せる仕組みが、持続するつながりを育てます。,80,1
2026_08_NATAL_MERCURY_CANCER_N11_N12,2026-08,45,MERCURY,natal_house_ingress,CANCER,CANCER,ANY,ANY,11,12,12,natal_house_calculation,MERCURY:natal_house_ingress:12,local_day_or_approximate,水星が{event_date}頃に蟹座のネイタル12ハウスへ移ると、仲間との会話や外向きの計画から少し離れ、記録、夢、思い出、言葉にならない感情を静かに整理したくなります。同じ考えを巡らせ続けず、メモに残して休む区切りを作ってください。内側の声を丁寧に聞くことが、次の自己表現に備える余白になります。,80,1
2026_08_NATAL_MERCURY_LEO_N12_N01,2026-08,45,MERCURY,natal_house_ingress,LEO,LEO,ANY,ANY,12,1,1,natal_house_calculation,MERCURY:natal_house_ingress:1,local_day_or_approximate,{event_date}頃から水星が獅子座のネイタル1ハウスへ移ると、内側で温めていた考えや物語を、自分の言葉、表情、始めたい企画として堂々と示したくなります。印象を強めるために話を大きくせず、伝えたい核心を一つ選んでください。自分らしい声で語ることが、新しい周期の入口になります。,80,1
2026_08_NATAL_MERCURY_LEO_N01_N02,2026-08,45,MERCURY,natal_house_ingress,LEO,LEO,ANY,ANY,1,2,2,natal_house_calculation,MERCURY:natal_house_ingress:2,local_day_or_approximate,水星が{event_date}頃に獅子座のネイタル2ハウスへ移ると、自分の考えを示す段階から、技能、収入、持ち物、時間にどんな価値を置くかを説明する段階へ進みます。評価の高さだけで価値を決めず、実際に役立った経験も書き出してください。得意分野と対価を率直に語ることが、安定した判断を支えます。,80,1
2026_08_NATAL_MERCURY_LEO_N02_N03,2026-08,45,MERCURY,natal_house_ingress,LEO,LEO,ANY,ANY,2,3,3,natal_house_calculation,MERCURY:natal_house_ingress:3,local_day_or_approximate,{event_date}頃から水星が獅子座のネイタル3ハウスへ移ると、大切にしている知識や技能を、学習、近距離の外出、発表、身近な人との会話へ活かしたくなります。自分の話だけで場を満たさず、相手の体験にも質問してください。具体例を交えた生き生きした言葉が、日常の交流を楽しく動かします。,80,1
2026_08_NATAL_MERCURY_LEO_N03_N04,2026-08,45,MERCURY,natal_house_ingress,LEO,LEO,ANY,ANY,3,4,4,natal_house_calculation,MERCURY:natal_house_ingress:4,local_day_or_approximate,水星が{event_date}頃に獅子座のネイタル4ハウスへ移ると、外で続いていた発信や会話から少し離れ、住まい、家族の予定、受け継いだ物語、安心できる居場所へ意識が戻ります。家庭内で主導権を握ることにこだわらず、皆が話せる順番を作ってください。誇りと本音を分かち合う対話が、内側の土台を整えます。,80,1
2026_08_NATAL_MERCURY_LEO_N04_N05,2026-08,45,MERCURY,natal_house_ingress,LEO,LEO,ANY,ANY,4,5,5,natal_house_calculation,MERCURY:natal_house_ingress:5,local_day_or_approximate,{event_date}頃から水星が獅子座のネイタル5ハウスへ移ると、家庭で育てた記憶や発想を、物語、創作、恋愛、遊び、子どもとの会話として華やかに表したくなります。注目を独占せず、相手のアイデアにも見せ場を渡してください。遊び心のある表現が、自分らしい喜びと交流を広げます。,80,1
2026_08_NATAL_MERCURY_LEO_N05_N06,2026-08,45,MERCURY,natal_house_ingress,LEO,LEO,ANY,ANY,5,6,6,natal_house_calculation,MERCURY:natal_house_ingress:6,local_day_or_approximate,水星が{event_date}頃に獅子座のネイタル6ハウスへ移ると、創作や楽しみに向けていた表現力を、仕事の説明、練習、連絡、日々の手順へ落とし込みたくなります。勢いで大きな約束をせず、担当と期限を具体的に確認してください。わかりやすく励ます言葉が、毎日の実行力を支えます。,80,1
2026_08_NATAL_MERCURY_LEO_N06_N07,2026-08,45,MERCURY,natal_house_ingress,LEO,LEO,ANY,ANY,6,7,7,natal_house_calculation,MERCURY:natal_house_ingress:7,local_day_or_approximate,{event_date}頃から水星が獅子座のネイタル7ハウスへ移ると、一人で進めてきた仕事や生活を、相手との相談、交渉、約束によって調整する場面が増えます。議論で自分の正しさを証明しようとせず、相手の要点を言い換えてから返答してください。率直さと傾聴を両立する対話が、対等な協力を育てます。,80,1
2026_08_NATAL_MERCURY_LEO_N07_N08,2026-08,45,MERCURY,natal_house_ingress,LEO,LEO,ANY,ANY,7,8,8,natal_house_calculation,MERCURY:natal_house_ingress:8,local_day_or_approximate,水星が{event_date}頃に獅子座のネイタル8ハウスへ移ると、関係を調整する段階から、共有費用、秘密、親密な思い、重要な約束を深く話す段階へ進みます。勇気ある告白を急ぐ前に、相手の同意と共有範囲を確かめてください。誠実に言葉を選ぶことが、信頼とプライバシーを守ります。,80,1
2026_08_NATAL_MERCURY_LEO_N08_N09,2026-08,45,MERCURY,natal_house_ingress,LEO,LEO,ANY,ANY,8,9,9,natal_house_calculation,MERCURY:natal_house_ingress:9,local_day_or_approximate,{event_date}頃から水星が獅子座のネイタル9ハウスへ移ると、内側で深めてきた経験や信念を、専門学習、旅、教育、発信という広い舞台へ届けたくなります。自分の体験を唯一の答えにせず、資料と異なる立場も紹介してください。情熱と根拠を結ぶ語り方が、次の展望を育てます。,80,1
2026_08_NATAL_MERCURY_LEO_N09_N10,2026-08,45,MERCURY,natal_house_ingress,LEO,LEO,ANY,ANY,9,10,10,natal_house_calculation,MERCURY:natal_house_ingress:10,local_day_or_approximate,水星が{event_date}頃に獅子座のネイタル10ハウスへ移ると、学んできたことや描いた構想を、仕事の提案、発表、指導、公のメッセージとして示したくなります。成果を強調するだけでなく、課題や修正点も自分の言葉で伝えてください。責任を伴う堂々とした発信が、社会での信頼を支えます。,80,1
2026_08_NATAL_MERCURY_LEO_N10_N11,2026-08,45,MERCURY,natal_house_ingress,LEO,LEO,ANY,ANY,10,11,11,natal_house_calculation,MERCURY:natal_house_ingress:11,local_day_or_approximate,{event_date}頃から水星が獅子座のネイタル11ハウスへ移ると、公の場で得た知識や表現力を、友人、仲間、共同企画、将来の目標へ活かし、人を励ましたくなります。自分の案だけを中心に置かず、発言の少ない人にも意見を聞いてください。個々の声を照らす進行が、活気ある連携を育てます。,80,1
2026_08_NATAL_MERCURY_LEO_N11_N12,2026-08,45,MERCURY,natal_house_ingress,LEO,LEO,ANY,ANY,11,12,12,natal_house_calculation,MERCURY:natal_house_ingress:12,local_day_or_approximate,水星が{event_date}頃に獅子座のネイタル12ハウスへ移ると、仲間との会話や外向きの発信から少し離れ、記録、下書き、夢、まだ語っていない思いを静かに整理したくなります。反応がないことを評価不足と決めず、言葉を休ませる時間も取ってください。舞台裏で声を磨くことが、次の自己表現に備える余白になります。,80,1
2026_08_NATAL_MERCURY_VIRGO_N12_N01,2026-08,45,MERCURY,natal_house_ingress,VIRGO,VIRGO,ANY,ANY,12,1,1,natal_house_calculation,MERCURY:natal_house_ingress:1,local_day_or_approximate,{event_date}頃から水星が乙女座のネイタル1ハウスへ移ると、内側で整理してきた考えを、自分の言葉、手順、これから始めたい作業として具体的に示したくなります。準備が完璧になるまで説明を保留せず、確認済みの範囲から話してください。明確な自己説明が、新しい周期の動き方を整えます。,80,1
2026_08_NATAL_MERCURY_VIRGO_N01_N02,2026-08,45,MERCURY,natal_house_ingress,VIRGO,VIRGO,ANY,ANY,1,2,2,natal_house_calculation,MERCURY:natal_house_ingress:2,local_day_or_approximate,水星が{event_date}頃に乙女座のネイタル2ハウスへ移ると、自分の考えを伝える段階から、収入、技能、持ち物、時間の使い方を数字と記録で見直す段階へ進みます。小さな不足だけで価値を下げず、実際に役立った成果も数えてください。資源の使い道を言語化することが、堅実な判断を支えます。,80,1
2026_08_NATAL_MERCURY_VIRGO_N02_N03,2026-08,45,MERCURY,natal_house_ingress,VIRGO,VIRGO,ANY,ANY,2,3,3,natal_house_calculation,MERCURY:natal_house_ingress:3,local_day_or_approximate,{event_date}頃から水星が乙女座のネイタル3ハウスへ移ると、持っている知識や道具を、短い学習、連絡、近距離の用事、メモや文章の整理へ活かしたくなります。推敲に時間をかけすぎず、相手が次に動ける要点を先に示してください。事実と手順を整えた言葉が、日常の効率を高めます。,80,1
2026_08_NATAL_MERCURY_VIRGO_N03_N04,2026-08,45,MERCURY,natal_house_ingress,VIRGO,VIRGO,ANY,ANY,3,4,4,natal_house_calculation,MERCURY:natal_house_ingress:4,local_day_or_approximate,水星が{event_date}頃に乙女座のネイタル4ハウスへ移ると、外で集めた情報や連絡事項を、住まいの管理、家族の予定、書類、生活の手順へ反映したくなります。正しい方法を決めることに偏らず、家族が安心できる進め方も聞いてください。実務と気持ちを両方扱う対話が、家庭の土台を整えます。,80,1
2026_08_NATAL_MERCURY_VIRGO_N04_N05,2026-08,45,MERCURY,natal_house_ingress,VIRGO,VIRGO,ANY,ANY,4,5,5,natal_house_calculation,MERCURY:natal_house_ingress:5,local_day_or_approximate,{event_date}頃から水星が乙女座のネイタル5ハウスへ移ると、家庭で育てた工夫や観察力を、文章、手仕事、創作、恋愛、子どもとの会話へ活かしたくなります。楽しみの最中に細かな修正を重ねず、直す時間と遊ぶ時間を分けてください。丁寧な発想が、自分らしい表現を形にします。,80,1
2026_08_NATAL_MERCURY_VIRGO_N05_N06,2026-08,45,MERCURY,natal_house_ingress,VIRGO,VIRGO,ANY,ANY,5,6,6,natal_house_calculation,MERCURY:natal_house_ingress:6,local_day_or_approximate,水星が{event_date}頃に乙女座のネイタル6ハウスへ移ると、創作や興味に向けていた集中力を、仕事の手順、記録、連絡、食事や休息の管理へ落とし込みたくなります。すべてを最適化しようとせず、負担の大きい項目から一つずつ整えてください。更新できる仕組みが、毎日の実行力を支えます。,80,1
2026_08_NATAL_MERCURY_VIRGO_N06_N07,2026-08,45,MERCURY,natal_house_ingress,VIRGO,VIRGO,ANY,ANY,6,7,7,natal_house_calculation,MERCURY:natal_house_ingress:7,local_day_or_approximate,{event_date}頃から水星が乙女座のネイタル7ハウスへ移ると、一人で管理してきた生活や仕事を、相手との相談、契約、役割分担によって整える場面が増えます。確認を質問攻めに変えず、目的と優先順位を先に共有してください。具体的な条件を一緒に整理する対話が、対等な協力を育てます。,80,1
2026_08_NATAL_MERCURY_VIRGO_N07_N08,2026-08,45,MERCURY,natal_house_ingress,VIRGO,VIRGO,ANY,ANY,7,8,8,natal_house_calculation,MERCURY:natal_house_ingress:8,local_day_or_approximate,水星が{event_date}頃に乙女座のネイタル8ハウスへ移ると、関係を調整する段階から、共有費用、重要書類、秘密、親密な約束を詳しく確認する段階へ進みます。感情にも一つの正解を求めず、事実、推測、希望を分けて伝えてください。慎重な記録と確認が、信頼と境界の両方を守ります。,80,1
2026_08_NATAL_MERCURY_VIRGO_N08_N09,2026-08,45,MERCURY,natal_house_ingress,VIRGO,VIRGO,ANY,ANY,8,9,9,natal_house_calculation,MERCURY:natal_house_ingress:9,local_day_or_approximate,{event_date}頃から水星が乙女座のネイタル9ハウスへ移ると、内側で調べてきた複雑なテーマを、専門学習、旅、文化、発信という広い視点から検証したくなります。細部を追ううちに目的を見失わず、最初の問いへ定期的に戻ってください。資料を比較する姿勢が、現実に活かせる展望を育てます。,80,1
2026_08_NATAL_MERCURY_VIRGO_N09_N10,2026-08,45,MERCURY,natal_house_ingress,VIRGO,VIRGO,ANY,ANY,9,10,10,natal_house_calculation,MERCURY:natal_house_ingress:10,local_day_or_approximate,水星が{event_date}頃に乙女座のネイタル10ハウスへ移ると、学んできた方法や検証した内容を、仕事の報告、編集、指導、公の説明として示したくなります。誤りを恐れて提出を遅らせず、確認済みの範囲と今後の課題を明記してください。正確で更新可能な発信が、社会での信頼を支えます。,80,1
2026_08_NATAL_MERCURY_VIRGO_N10_N11,2026-08,45,MERCURY,natal_house_ingress,VIRGO,VIRGO,ANY,ANY,10,11,11,natal_house_calculation,MERCURY:natal_house_ingress:11,local_day_or_approximate,{event_date}頃から水星が乙女座のネイタル11ハウスへ移ると、公の場で得た知識や改善案を、友人、仲間、共同企画、将来の計画へ共有したくなります。自分の手順を全員へ当てはめず、得意分野や使える時間を聞いてください。情報を見つけやすく整える工夫が、持続する連携を育てます。,80,1
2026_08_NATAL_MERCURY_VIRGO_N11_N12,2026-08,45,MERCURY,natal_house_ingress,VIRGO,VIRGO,ANY,ANY,11,12,12,natal_house_calculation,MERCURY:natal_house_ingress:12,local_day_or_approximate,水星が{event_date}頃に乙女座のネイタル12ハウスへ移ると、仲間との連絡や外向きの計画から少し離れ、記録、未完了の文章、調査資料、頭の中の課題を静かに整理したくなります。考え続けることを作業と混同せず、メモを閉じて休む区切りも作ってください。舞台裏の整理が、次の自己表現に備える余白になります。,80,1
2026_08_NATAL_VENUS_VIRGO_N12_N01,2026-08,45,VENUS,natal_house_ingress,VIRGO,VIRGO,ANY,ANY,12,1,1,natal_house_calculation,VENUS:natal_house_ingress:1,local_day_or_approximate,{event_date}頃から金星が乙女座のネイタル1ハウスへ移ると、内側で育ててきた好みや思いやりを、装い、身だしなみ、話し方、日々のセルフケアとして表したくなります。欠点を直すことだけに集中せず、すでに心地よい部分も残してください。小さな調整が、自然な魅力と親しみやすさを引き出します。,80,1
2026_08_NATAL_VENUS_VIRGO_N01_N02,2026-08,45,VENUS,natal_house_ingress,VIRGO,VIRGO,ANY,ANY,1,2,2,natal_house_calculation,VENUS:natal_house_ingress:2,local_day_or_approximate,金星が{event_date}頃に乙女座のネイタル2ハウスへ移ると、自分を整える意識が、技能、収入、持ち物、食事、時間の価値を見直す方向へ進みます。価格や不足だけで選ばず、手入れしながら長く使えるかを確かめてください。役立つものと好きなものを両方数えることが、穏やかな価値基準を育てます。,80,1
2026_08_NATAL_VENUS_VIRGO_N02_N03,2026-08,45,VENUS,natal_house_ingress,VIRGO,VIRGO,ANY,ANY,2,3,3,natal_house_calculation,VENUS:natal_house_ingress:3,local_day_or_approximate,{event_date}頃から金星が乙女座のネイタル3ハウスへ移ると、持っている知識や感覚を、短い学習、丁寧な連絡、近距離の外出、文章の推敲へ活かしたくなります。相手の言葉をすぐ訂正せず、意図を確かめてから提案してください。わかりやすく整えた表現が、身近な関係に心地よい流れを作ります。,80,1
2026_08_NATAL_VENUS_VIRGO_N03_N04,2026-08,45,VENUS,natal_house_ingress,VIRGO,VIRGO,ANY,ANY,3,4,4,natal_house_calculation,VENUS:natal_house_ingress:4,local_day_or_approximate,金星が{event_date}頃に乙女座のネイタル4ハウスへ移ると、外で交わした会話や集めた情報を、住まいの整理、家族の予定、食卓、安心できる居場所へ反映したくなります。善意で先回りして直す前に、同居する人の好みも聞いてください。実用性とくつろぎを両立する工夫が、家庭の調和を支えます。,80,1
2026_08_NATAL_VENUS_VIRGO_N04_N05,2026-08,45,VENUS,natal_house_ingress,VIRGO,VIRGO,ANY,ANY,4,5,5,natal_house_calculation,VENUS:natal_house_ingress:5,local_day_or_approximate,{event_date}頃から金星が乙女座のネイタル5ハウスへ移ると、家庭で培った工夫や感性を、手仕事、創作、恋愛、遊び、子どもとの時間へ丁寧に表したくなります。完成度を上げるために楽しさまで削らず、途中の試作も味わってください。細部への愛情が、自分らしい喜びを形にします。,80,1
2026_08_NATAL_VENUS_VIRGO_N05_N06,2026-08,45,VENUS,natal_house_ingress,VIRGO,VIRGO,ANY,ANY,5,6,6,natal_house_calculation,VENUS:natal_house_ingress:6,local_day_or_approximate,金星が{event_date}頃に乙女座のネイタル6ハウスへ移ると、創作や楽しみに向けていた感性を、仕事の手順、食事、休息、身近な人への配慮へ落とし込みたくなります。頼まれたことをすべて引き受けず、自分が心地よく続けられる範囲を決めてください。小さな快適さを整える習慣が、毎日の満足を支えます。,80,1
2026_08_NATAL_VENUS_VIRGO_N06_N07,2026-08,45,VENUS,natal_house_ingress,VIRGO,VIRGO,ANY,ANY,6,7,7,natal_house_calculation,VENUS:natal_house_ingress:7,local_day_or_approximate,{event_date}頃から金星が乙女座のネイタル7ハウスへ移ると、一人で整えてきた生活や仕事を、相手との相談、分担、約束によって調和させる場面が増えます。世話をすることを評価や指導に変えず、相手が望む助け方を聞いてください。具体的な気遣いを交換することが、対等で落ち着いた関係を育てます。,80,1
2026_08_NATAL_VENUS_VIRGO_N07_N08,2026-08,45,VENUS,natal_house_ingress,VIRGO,VIRGO,ANY,ANY,7,8,8,natal_house_calculation,VENUS:natal_house_ingress:8,local_day_or_approximate,金星が{event_date}頃に乙女座のネイタル8ハウスへ移ると、関係を調整する段階から、共有費用、重要書類、秘密、親密な約束を丁寧に扱う段階へ進みます。気持ちを分析して答えを急がず、確認したい事実と感情を分けてください。実務の透明さと静かな配慮が、深い信頼を守ります。,80,1
2026_08_NATAL_VENUS_VIRGO_N08_N09,2026-08,45,VENUS,natal_house_ingress,VIRGO,VIRGO,ANY,ANY,8,9,9,natal_house_calculation,VENUS:natal_house_ingress:9,local_day_or_approximate,{event_date}頃から金星が乙女座のネイタル9ハウスへ移ると、内側で深めてきた価値観を、専門学習、旅、文化、技法との出会いを通じて磨きたくなります。正しい方法を一つに決めず、土地や相手ごとの習慣を観察してください。細部への敬意が、広い世界を自分の経験へ結びつけます。,80,1
2026_08_NATAL_VENUS_VIRGO_N09_N10,2026-08,45,VENUS,natal_house_ingress,VIRGO,VIRGO,ANY,ANY,9,10,10,natal_house_calculation,VENUS:natal_house_ingress:10,local_day_or_approximate,金星が{event_date}頃に乙女座のネイタル10ハウスへ移ると、学んできた技法や美意識を、仕事の成果、接客、編集、社会で担う役割として示したくなります。控えめであろうとして貢献を隠さず、工夫した点と対応範囲を伝えてください。丁寧な仕事ぶりが、公の場での信頼を支えます。,80,1
2026_08_NATAL_VENUS_VIRGO_N10_N11,2026-08,45,VENUS,natal_house_ingress,VIRGO,VIRGO,ANY,ANY,10,11,11,natal_house_calculation,VENUS:natal_house_ingress:11,local_day_or_approximate,{event_date}頃から金星が乙女座のネイタル11ハウスへ移ると、公の役割で磨いた気配りや実務感覚を、友人、仲間、共同企画、将来の目標へ分かち合いたくなります。便利な役ばかりを引き受けず、自分が楽しめる参加方法も選んでください。得意分野を持ち寄る交流が、無理のない連携を育てます。,80,1
2026_08_NATAL_VENUS_VIRGO_N11_N12,2026-08,45,VENUS,natal_house_ingress,VIRGO,VIRGO,ANY,ANY,11,12,12,natal_house_calculation,VENUS:natal_house_ingress:12,local_day_or_approximate,金星が{event_date}頃に乙女座のネイタル12ハウスへ移ると、仲間との交流や外向きの目標から少し離れ、記録、思い出の品、静かな楽しみ、休息を整えたくなります。すべての感情に説明を付けようとせず、ただ心地よく過ごす時間も残してください。舞台裏の手入れが、次の自己表現に備える余白を作ります。,80,1
2026_08_NATAL_VENUS_LIBRA_N12_N01,2026-08,45,VENUS,natal_house_ingress,LIBRA,LIBRA,ANY,ANY,12,1,1,natal_house_calculation,VENUS:natal_house_ingress:1,local_day_or_approximate,{event_date}頃から金星が天秤座のネイタル1ハウスへ移ると、内側で育ててきた美意識や対人感覚を、装い、表情、話し方、新しい自己紹介として表したくなります。好かれる形だけに自分を合わせず、心から心地よい要素も選んでください。調和の取れた自己表現が、自然な交流の入口になります。,80,1
2026_08_NATAL_VENUS_LIBRA_N01_N02,2026-08,45,VENUS,natal_house_ingress,LIBRA,LIBRA,ANY,ANY,1,2,2,natal_house_calculation,VENUS:natal_house_ingress:2,local_day_or_approximate,金星が{event_date}頃に天秤座のネイタル2ハウスへ移ると、自分の魅力を示す段階から、収入、技能、持ち物、時間にどんな価値を置くかを整える段階へ進みます。見栄えだけで選ばず、実用性と美しさの釣り合いを確かめてください。対価や予算を公平に決めることが、落ち着いた満足を支えます。,80,1
2026_08_NATAL_VENUS_LIBRA_N02_N03,2026-08,45,VENUS,natal_house_ingress,LIBRA,LIBRA,ANY,ANY,2,3,3,natal_house_calculation,VENUS:natal_house_ingress:3,local_day_or_approximate,{event_date}頃から金星が天秤座のネイタル3ハウスへ移ると、大切にしている知識や感覚を、学習、近距離の外出、丁寧な連絡、言葉の表現へ活かしたくなります。場を和ませるために意見の違いを隠さず、共通点と相違点を分けて伝えてください。品のある対話が、身近な関係を軽やかに結びます。,80,1
2026_08_NATAL_VENUS_LIBRA_N03_N04,2026-08,45,VENUS,natal_house_ingress,LIBRA,LIBRA,ANY,ANY,3,4,4,natal_house_calculation,VENUS:natal_house_ingress:4,local_day_or_approximate,金星が{event_date}頃に天秤座のネイタル4ハウスへ移ると、外で交わしてきた会話や人間関係から少し離れ、住まいの美しさ、家族との調和、安心できる居場所へ意識が戻ります。波風を避けるために好みを譲り続けず、皆が過ごしやすい条件を話してください。空間と関係の両方を整える工夫が、家庭のくつろぎを育てます。,80,1
2026_08_NATAL_VENUS_LIBRA_N04_N05,2026-08,45,VENUS,natal_house_ingress,LIBRA,LIBRA,ANY,ANY,4,5,5,natal_house_calculation,VENUS:natal_house_ingress:5,local_day_or_approximate,{event_date}頃から金星が天秤座のネイタル5ハウスへ移ると、家庭で育てた感性を、創作、恋愛、遊び、子どもとの時間、共同制作として華やかに表したくなります。相手の反応を待って楽しみを保留せず、自分から小さな提案をしてください。美しさを分かち合う時間が、自分らしい喜びを広げます。,80,1
2026_08_NATAL_VENUS_LIBRA_N05_N06,2026-08,45,VENUS,natal_house_ingress,LIBRA,LIBRA,ANY,ANY,5,6,6,natal_house_calculation,VENUS:natal_house_ingress:6,local_day_or_approximate,金星が{event_date}頃に天秤座のネイタル6ハウスへ移ると、創作や楽しみに向けていた感性を、仕事の進め方、身だしなみ、休息、職場の協力へ落とし込みたくなります。全員に合わせて負担を引き受けず、役割と締切の公平さも確認してください。心地よい環境を整えることが、毎日の集中と満足を支えます。,80,1
2026_08_NATAL_VENUS_LIBRA_N06_N07,2026-08,45,VENUS,natal_house_ingress,LIBRA,LIBRA,ANY,ANY,6,7,7,natal_house_calculation,VENUS:natal_house_ingress:7,local_day_or_approximate,{event_date}頃から金星が天秤座のネイタル7ハウスへ移ると、一人で整えてきた生活や仕事を、相手との相談、交渉、約束によって調和させる場面が増えます。判断をすべて相手に委ねず、自分の希望と譲れる範囲を言葉にしてください。互いの条件を対等に扱う対話が、心地よい関係を育てます。,80,1
2026_08_NATAL_VENUS_LIBRA_N07_N08,2026-08,45,VENUS,natal_house_ingress,LIBRA,LIBRA,ANY,ANY,7,8,8,natal_house_calculation,VENUS:natal_house_ingress:8,local_day_or_approximate,金星が{event_date}頃に天秤座のネイタル8ハウスへ移ると、関係を結ぶ段階から、共有費用、契約、秘密、親密な約束の公平さを深く確認する段階へ進みます。穏やかに見せるために違和感を流さず、負担、権利、同意を具体的に話してください。丁寧な交渉が、信頼と境界の両方を守ります。,80,1
2026_08_NATAL_VENUS_LIBRA_N08_N09,2026-08,45,VENUS,natal_house_ingress,LIBRA,LIBRA,ANY,ANY,8,9,9,natal_house_calculation,VENUS:natal_house_ingress:9,local_day_or_approximate,{event_date}頃から金星が天秤座のネイタル9ハウスへ移ると、内側で深めてきた価値観を、専門学習、旅、芸術、文化、異なる思想との出会いを通じて広げたくなります。中立であろうとして大切な基準まで曖昧にせず、複数の立場を比べてください。違いの中に接点を見つける学びが、豊かな展望を育てます。,80,1
2026_08_NATAL_VENUS_LIBRA_N09_N10,2026-08,45,VENUS,natal_house_ingress,LIBRA,LIBRA,ANY,ANY,9,10,10,natal_house_calculation,VENUS:natal_house_ingress:10,local_day_or_approximate,金星が{event_date}頃に天秤座のネイタル10ハウスへ移ると、学んできた美意識や対話力を、仕事の提案、接客、交渉、公の役割として示したくなります。印象を整えることだけに偏らず、成果、責任、判断理由も明確にしてください。内容と見せ方の釣り合いが、社会での信頼を支えます。,80,1
2026_08_NATAL_VENUS_LIBRA_N10_N11,2026-08,45,VENUS,natal_house_ingress,LIBRA,LIBRA,ANY,ANY,10,11,11,natal_house_calculation,VENUS:natal_house_ingress:11,local_day_or_approximate,{event_date}頃から金星が天秤座のネイタル11ハウスへ移ると、公の場で培った対人感覚を、友人、仲間、共同企画、将来の目標へ活かし、人同士を結びたくなります。すべての調整役を引き受けず、意見を直接交わせる仕組みも作ってください。公平な参加の場が、個性を尊重する連携を育てます。,80,1
2026_08_NATAL_VENUS_LIBRA_N11_N12,2026-08,45,VENUS,natal_house_ingress,LIBRA,LIBRA,ANY,ANY,11,12,12,natal_house_calculation,VENUS:natal_house_ingress:12,local_day_or_approximate,金星が{event_date}頃に天秤座のネイタル12ハウスへ移ると、仲間との交流や外向きの目標から少し離れ、静かな創作、思い出の整理、休息、心の余韻へ意識が向かいます。誰かの評価を想像して選択を変えず、一人で味わう美しさも大切にしてください。穏やかな内省が、次の自己表現に備える余白を作ります。,80,1
2026_08_NATAL_MARS_GEMINI_N12_N01,2026-08,45,MARS,natal_house_ingress,GEMINI,GEMINI,ANY,ANY,12,1,1,natal_house_calculation,MARS:natal_house_ingress:1,local_day_or_approximate,{event_date}頃から火星が双子座のネイタル1ハウスへ移ると、内側で巡らせていた考えを、発言、移動、調査、試したい行動として素早く外へ出したくなります。複数の案を同時に始めず、最初の一歩が明確なものから着手してください。言葉と動きを揃えることが、新しい周期の推進力になります。,80,1
2026_08_NATAL_MARS_GEMINI_N01_N02,2026-08,45,MARS,natal_house_ingress,GEMINI,GEMINI,ANY,ANY,1,2,2,natal_house_calculation,MARS:natal_house_ingress:2,local_day_or_approximate,火星が{event_date}頃に双子座のネイタル2ハウスへ移ると、自分から動く勢いが、技能、収入、道具、時間をどう使うかという現実的な判断へ向かいます。新しい物へ衝動的に手を伸ばす前に、手元の資源と必要な情報を一覧にしてください。使えるものを組み合わせる工夫が、行動の持続性を高めます。,80,1
2026_08_NATAL_MARS_GEMINI_N02_N03,2026-08,45,MARS,natal_house_ingress,GEMINI,GEMINI,ANY,ANY,2,3,3,natal_house_calculation,MARS:natal_house_ingress:3,local_day_or_approximate,{event_date}頃から火星が双子座のネイタル3ハウスへ移ると、持っている知識や道具を活かし、学習、連絡、近距離の移動、短い発信を次々と進めたくなります。返答の速さを優先して未確認の話を広げず、要点と出典を確かめてください。整理された情報が、日常の機動力を支えます。,80,1
2026_08_NATAL_MARS_GEMINI_N03_N04,2026-08,45,MARS,natal_house_ingress,GEMINI,GEMINI,ANY,ANY,3,4,4,natal_house_calculation,MARS:natal_house_ingress:4,local_day_or_approximate,火星が{event_date}頃に双子座のネイタル4ハウスへ移ると、外で続いていた会話や移動の勢いが、住まいの整備、家族との相談、身近な用事へ流れ込みます。結論を急いで言葉を鋭くせず、相手の事情を聞く時間も取ってください。家庭内の役割を具体化すると、落ち着いて動けます。,80,1
2026_08_NATAL_MARS_GEMINI_N04_N05,2026-08,45,MARS,natal_house_ingress,GEMINI,GEMINI,ANY,ANY,4,5,5,natal_house_calculation,MARS:natal_house_ingress:5,local_day_or_approximate,{event_date}頃から火星が双子座のネイタル5ハウスへ移ると、家の中で温めた発想を、創作、遊び、恋愛、子どもとの会話として軽快に試したくなります。面白さを競争へ変えず、途中の失敗も材料にできる場を選んでください。言葉遊びや小さな実験が、自分らしい表現を広げます。,80,1
2026_08_NATAL_MARS_GEMINI_N05_N06,2026-08,45,MARS,natal_house_ingress,GEMINI,GEMINI,ANY,ANY,5,6,6,natal_house_calculation,MARS:natal_house_ingress:6,local_day_or_approximate,火星が{event_date}頃に双子座のネイタル6ハウスへ移ると、創作や遊びで広がった興味を、仕事の手順、練習、連絡、日々の体調管理へ振り分けたくなります。細かな作業を並行しすぎず、締切と負担で順番を決めてください。短い集中と休憩を組み合わせることが、安定した実行力を保ちます。,80,1
2026_08_NATAL_MARS_GEMINI_N06_N07,2026-08,45,MARS,natal_house_ingress,GEMINI,GEMINI,ANY,ANY,6,7,7,natal_house_calculation,MARS:natal_house_ingress:7,local_day_or_approximate,{event_date}頃から火星が双子座のネイタル7ハウスへ移ると、一人で進めていた仕事や習慣を、相手との相談、交渉、役割分担によって動かす場面が増えます。議論で勝つことを目的にせず、相手の要望を言い換えて確認してください。論点を共有する対話が、柔軟な協力関係を支えます。,80,1
2026_08_NATAL_MARS_GEMINI_N07_N08,2026-08,45,MARS,natal_house_ingress,GEMINI,GEMINI,ANY,ANY,7,8,8,natal_house_calculation,MARS:natal_house_ingress:8,local_day_or_approximate,火星が{event_date}頃に双子座のネイタル8ハウスへ移ると、対話を重ねる段階から、共有費用、契約、秘密、親密な責任を詳しく話し合う段階へ進みます。答えを急かしたり質問を重ねすぎたりせず、確認する範囲と目的を先に伝えてください。率直さと余白を両立することが、深い信頼を守ります。,80,1
2026_08_NATAL_MARS_GEMINI_N08_N09,2026-08,45,MARS,natal_house_ingress,GEMINI,GEMINI,ANY,ANY,8,9,9,natal_house_calculation,MARS:natal_house_ingress:9,local_day_or_approximate,{event_date}頃から火星が双子座のネイタル9ハウスへ移ると、内側で調べてきた複雑なテーマを、専門学習、旅、文化、発信へ広げて検証したくなります。刺激的な説だけで結論を決めず、異なる資料や立場を比較してください。問いを更新しながら学ぶ姿勢が、行動できる展望を育てます。,80,1
2026_08_NATAL_MARS_GEMINI_N09_N10,2026-08,45,MARS,natal_house_ingress,GEMINI,GEMINI,ANY,ANY,9,10,10,natal_house_calculation,MARS:natal_house_ingress:10,local_day_or_approximate,火星が{event_date}頃に双子座のネイタル10ハウスへ移ると、学んだ内容や遠くに描いた構想を、仕事の提案、発表、交渉、公の役割として示したくなります。話題を広げすぎて約束を増やさず、担当範囲と期限を明確にしてください。要点を絞った発信が、社会での実行力を伝えます。,80,1
2026_08_NATAL_MARS_GEMINI_N10_N11,2026-08,45,MARS,natal_house_ingress,GEMINI,GEMINI,ANY,ANY,10,11,11,natal_house_calculation,MARS:natal_house_ingress:11,local_day_or_approximate,{event_date}頃から火星が双子座のネイタル11ハウスへ移ると、公の場で得た情報や経験を、仲間、ネットワーク、共同企画へ持ち寄りたくなります。思いつく案をすべて同時に走らせず、連絡窓口と担当を整理してください。意見を素早く交換できる仕組みが、集団の機動力を高めます。,80,1
2026_08_NATAL_MARS_GEMINI_N11_N12,2026-08,45,MARS,natal_house_ingress,GEMINI,GEMINI,ANY,ANY,11,12,12,natal_house_calculation,MARS:natal_house_ingress:12,local_day_or_approximate,火星が{event_date}頃に双子座のネイタル12ハウスへ移ると、仲間との活発なやり取りから距離を取り、記録の整理、調査、未完了の連絡、休息へ力を戻す時期に入ります。静かな時間を情報で埋めず、今は答えを出さない問いも残してください。頭の動きを落ち着かせることが、次の始動に備える余白を作ります。,80,1
2026_08_NATAL_MARS_CANCER_N12_N01,2026-08,45,MARS,natal_house_ingress,CANCER,CANCER,ANY,ANY,12,1,1,natal_house_calculation,MARS:natal_house_ingress:1,local_day_or_approximate,{event_date}頃から火星が蟹座のネイタル1ハウスへ移ると、内側にためていた感情や守りたい思いを、身の回りの改善、意思表示、具体的な行動として表へ出したくなります。反応する前に何を守りたいのかを言葉にし、最初の一歩を選んでください。落ち着いた自己主張が、新しい周期の力になります。,80,1
2026_08_NATAL_MARS_CANCER_N01_N02,2026-08,45,MARS,natal_house_ingress,CANCER,CANCER,ANY,ANY,1,2,2,natal_house_calculation,MARS:natal_house_ingress:2,local_day_or_approximate,火星が{event_date}頃に蟹座のネイタル2ハウスへ移ると、自分を守るための勢いが、収入、貯蓄、食事、住まいの道具、時間の配分へ向かいます。不安を埋める買い物を急がず、生活を支える資源から優先順位を付けてください。安心に必要な基準を決めると、力を長く使えます。,80,1
2026_08_NATAL_MARS_CANCER_N02_N03,2026-08,45,MARS,natal_house_ingress,CANCER,CANCER,ANY,ANY,2,3,3,natal_house_calculation,MARS:natal_house_ingress:3,local_day_or_approximate,{event_date}頃から火星が蟹座のネイタル3ハウスへ移ると、暮らしを支える知識や経験を、身近な人への連絡、学習、近距離の用事として活かしたくなります。気持ちを察してもらおうとせず、事実と要望を短く分けて伝えてください。温度のある言葉が、日常の協力を動かします。,80,1
2026_08_NATAL_MARS_CANCER_N03_N04,2026-08,45,MARS,natal_house_ingress,CANCER,CANCER,ANY,ANY,3,4,4,natal_house_calculation,MARS:natal_house_ingress:4,local_day_or_approximate,火星が{event_date}頃に蟹座のネイタル4ハウスへ移ると、外で続いていた会話や移動の勢いが、住まいの整備、家族の用事、安心できる居場所づくりへ戻ります。外のいら立ちを家庭へ持ち込まず、必要な作業と話し合いを分けてください。土台を守る行動が、心を落ち着ける助けになります。,80,1
2026_08_NATAL_MARS_CANCER_N04_N05,2026-08,45,MARS,natal_house_ingress,CANCER,CANCER,ANY,ANY,4,5,5,natal_house_calculation,MARS:natal_house_ingress:5,local_day_or_approximate,{event_date}頃から火星が蟹座のネイタル5ハウスへ移ると、家庭で育てた思いや記憶を、創作、遊び、恋愛、子どもとの時間へ感情豊かに注ぎたくなります。愛情を確かめるために相手を試さず、自分が楽しみたいことを率直に提案してください。温かな表現が、喜びの輪を広げます。,80,1
2026_08_NATAL_MARS_CANCER_N05_N06,2026-08,45,MARS,natal_house_ingress,CANCER,CANCER,ANY,ANY,5,6,6,natal_house_calculation,MARS:natal_house_ingress:6,local_day_or_approximate,火星が{event_date}頃に蟹座のネイタル6ハウスへ移ると、創作や大切な人へ向けていた熱意を、仕事の手順、食事、休息、身近な人の世話へ振り分けたくなります。頼まれる前にすべてを背負わず、自分の負担と担当範囲も確認してください。続けられる配慮が、毎日の実行力を守ります。,80,1
2026_08_NATAL_MARS_CANCER_N06_N07,2026-08,45,MARS,natal_house_ingress,CANCER,CANCER,ANY,ANY,6,7,7,natal_house_calculation,MARS:natal_house_ingress:7,local_day_or_approximate,{event_date}頃から火星が蟹座のネイタル7ハウスへ移ると、一人で守ってきた生活や役割を、相手との相談、分担、約束によって整える場面が増えます。不満を遠回しに示さず、困っている点と望む協力を具体的に伝えてください。互いの安心条件を知る対話が、対等な関係を支えます。,80,1
2026_08_NATAL_MARS_CANCER_N07_N08,2026-08,45,MARS,natal_house_ingress,CANCER,CANCER,ANY,ANY,7,8,8,natal_house_calculation,MARS:natal_house_ingress:8,local_day_or_approximate,火星が{event_date}頃に蟹座のネイタル8ハウスへ移ると、関係を調整する段階から、共有費用、家族の責任、秘密、親密さを深く扱う段階へ進みます。心配を理由に相手の領域へ踏み込まず、確認する範囲と同意を先に確かめてください。慎重な共有が、信頼と境界の両方を守ります。,80,1
2026_08_NATAL_MARS_CANCER_N08_N09,2026-08,45,MARS,natal_house_ingress,CANCER,CANCER,ANY,ANY,8,9,9,natal_house_calculation,MARS:natal_house_ingress:9,local_day_or_approximate,{event_date}頃から火星が蟹座のネイタル9ハウスへ移ると、内側で抱えてきた感情や家族の経験を、専門学習、旅、歴史、文化という広い視点から捉え直したくなります。慣れた価値観だけで未知の考えを退けず、背景を調べてください。ルーツと外の世界を結ぶ学びが、次の行動の意味を育てます。,80,1
2026_08_NATAL_MARS_CANCER_N09_N10,2026-08,45,MARS,natal_house_ingress,CANCER,CANCER,ANY,ANY,9,10,10,natal_house_calculation,MARS:natal_house_ingress:10,local_day_or_approximate,火星が{event_date}頃に蟹座のネイタル10ハウスへ移ると、学んできた価値観や守りたいものを、仕事の判断、指導、公の責任として示したくなります。期待に応えようとして役割を抱え込みすぎず、期限と支援の必要性を共有してください。配慮を具体策へ変える姿勢が、社会での信頼を支えます。,80,1
2026_08_NATAL_MARS_CANCER_N10_N11,2026-08,45,MARS,natal_house_ingress,CANCER,CANCER,ANY,ANY,10,11,11,natal_house_calculation,MARS:natal_house_ingress:11,local_day_or_approximate,{event_date}頃から火星が蟹座のネイタル11ハウスへ移ると、公の場で培った責任感を、仲間、支援の輪、共同企画、将来の目標へ注ぎたくなります。集団全体の気分を自分の責任と受け取らず、担当と連絡方法を決めてください。必要な人を支え合える仕組みが、持続する連携を育てます。,80,1
2026_08_NATAL_MARS_CANCER_N11_N12,2026-08,45,MARS,natal_house_ingress,CANCER,CANCER,ANY,ANY,11,12,12,natal_house_calculation,MARS:natal_house_ingress:12,local_day_or_approximate,火星が{event_date}頃に蟹座のネイタル12ハウスへ移ると、仲間や外向きの目標から少し距離を取り、記録の整理、舞台裏の世話、休息、感情の手当てへ力を戻したくなります。平静を保つために気持ちを押し込めず、安全に話せる相手や静かな時間を選んでください。内側を整えることが、次の始動に備える余白を作ります。,80,1
2026_08_NATAL_JUPITER_LEO_N12_N01,2026-08,45,JUPITER,natal_house_ingress,LEO,LEO,ANY,ANY,12,1,1,natal_house_calculation,JUPITER:natal_house_ingress:1,local_day_or_approximate,{event_date}頃から木星が獅子座のネイタル1ハウスへ移ると、内側で育ててきた希望や創造性を、自分の装い、発言、新しい挑戦として大きく表したくなります。期待を示すために能力を誇張せず、まず試せる範囲を明確にしてください。自分を信じて一歩出ることが、新しい周期の視野を広げます。,80,1
2026_08_NATAL_JUPITER_LEO_N01_N02,2026-08,45,JUPITER,natal_house_ingress,LEO,LEO,ANY,ANY,1,2,2,natal_house_calculation,JUPITER:natal_house_ingress:2,local_day_or_approximate,木星が{event_date}頃に獅子座のネイタル2ハウスへ移ると、自分を表す段階から、技能、収入、持ち物、時間をどう育てるか考える段階へ進みます。華やかな選択へ予算以上を注がず、創造性を長く支える資源を選んでください。才能の使い道と対価を見直すことが、安定した成長の土台になります。,80,1
2026_08_NATAL_JUPITER_LEO_N02_N03,2026-08,45,JUPITER,natal_house_ingress,LEO,LEO,ANY,ANY,2,3,3,natal_house_calculation,JUPITER:natal_house_ingress:3,local_day_or_approximate,{event_date}頃から木星が獅子座のネイタル3ハウスへ移ると、大切にしている知識や経験を、学習、発表、近距離の移動、身近な人への助言へ広げたくなります。自分の物語だけで結論を決めず、相手の視点にも質問してください。具体例と励ましを交えた言葉が、日常の学びを豊かにします。,80,1
2026_08_NATAL_JUPITER_LEO_N03_N04,2026-08,45,JUPITER,natal_house_ingress,LEO,LEO,ANY,ANY,3,4,4,natal_house_calculation,JUPITER:natal_house_ingress:4,local_day_or_approximate,木星が{event_date}頃に獅子座のネイタル4ハウスへ移ると、外で広げてきた交流や学びを、住まい、家族の計画、受け継いだ文化、安心できる居場所へ持ち帰りたくなります。自分の理想を家庭全体の答えにせず、皆の希望と負担を聞いてください。誇りを分かち合える土台が、次の表現を支えます。,80,1
2026_08_NATAL_JUPITER_LEO_N04_N05,2026-08,45,JUPITER,natal_house_ingress,LEO,LEO,ANY,ANY,4,5,5,natal_house_calculation,JUPITER:natal_house_ingress:5,local_day_or_approximate,{event_date}頃から木星が獅子座のネイタル5ハウスへ移ると、家庭で育てた安心感を、創作、恋愛、遊び、舞台、子どもとの時間へ惜しみなく注ぎたくなります。反応の大きさだけで楽しさを測らず、途中の試作や静かな喜びも味わってください。心から夢中になれる表現が、可能性を広げます。,80,1
2026_08_NATAL_JUPITER_LEO_N05_N06,2026-08,45,JUPITER,natal_house_ingress,LEO,LEO,ANY,ANY,5,6,6,natal_house_calculation,JUPITER:natal_house_ingress:6,local_day_or_approximate,木星が{event_date}頃に獅子座のネイタル6ハウスへ移ると、創作や楽しみに向けていた情熱を、仕事の改善、練習、日々の習慣、仲間への励ましへ活かしたくなります。期待に応えようとして役割を増やしすぎず、続けられる量を決めてください。明るさを具体的な手順へ変えることが、毎日の成長を支えます。,80,1
2026_08_NATAL_JUPITER_LEO_N06_N07,2026-08,45,JUPITER,natal_house_ingress,LEO,LEO,ANY,ANY,6,7,7,natal_house_calculation,JUPITER:natal_house_ingress:7,local_day_or_approximate,{event_date}頃から木星が獅子座のネイタル7ハウスへ移ると、一人で育ててきた目標を、相手との相談、共同企画、約束によって広げる場面が増えます。関係を盛り上げるために大きな約束をせず、互いの役割と期限を確かめてください。長所を認め合いながら決める対話が、対等な協力の可能性を育てます。,80,1
2026_08_NATAL_JUPITER_LEO_N07_N08,2026-08,45,JUPITER,natal_house_ingress,LEO,LEO,ANY,ANY,7,8,8,natal_house_calculation,JUPITER:natal_house_ingress:8,local_day_or_approximate,木星が{event_date}頃に獅子座のネイタル8ハウスへ移ると、関係を結ぶ段階から、共有費用、秘密、親密な信頼、受け継ぐ責任を深く扱う段階へ進みます。気前のよさで境界を曖昧にせず、金額、同意、共有範囲を具体的に確認してください。慎重さを伴う寛大さが、結びつきの意味を広げます。,80,1
2026_08_NATAL_JUPITER_LEO_N08_N09,2026-08,45,JUPITER,natal_house_ingress,LEO,LEO,ANY,ANY,8,9,9,natal_house_calculation,JUPITER:natal_house_ingress:9,local_day_or_approximate,{event_date}頃から木星が獅子座のネイタル9ハウスへ移ると、内側で深めてきた経験や信念を、専門学習、旅、教育、出版、異文化との交流へ広げたくなります。情熱的な確信だけで答えを決めず、資料と異なる立場にも触れてください。自分の物語を広い知識へ結ぶ学びが、新しい展望を育てます。,80,1
2026_08_NATAL_JUPITER_LEO_N09_N10,2026-08,45,JUPITER,natal_house_ingress,LEO,LEO,ANY,ANY,9,10,10,natal_house_calculation,JUPITER:natal_house_ingress:10,local_day_or_approximate,木星が{event_date}頃に獅子座のネイタル10ハウスへ移ると、学んできたことや描いた構想を、仕事の提案、指導、公の役割、責任ある発信として示したくなります。注目を集めるために成果を大きく語らず、担える範囲と課題も明確にしてください。寛大さと責任を伴う姿勢が、社会での可能性を広げます。,80,1
2026_08_NATAL_JUPITER_LEO_N10_N11,2026-08,45,JUPITER,natal_house_ingress,LEO,LEO,ANY,ANY,10,11,11,natal_house_calculation,JUPITER:natal_house_ingress:11,local_day_or_approximate,{event_date}頃から木星が獅子座のネイタル11ハウスへ移ると、公の場で得た経験や自信を、友人、仲間、共同企画、将来の目標へ分かち合いたくなります。自分だけが中心にならず、参加者それぞれの見せ場を作ってください。個性を励まし合える集まりが、一人では描けない展望を育てます。,80,1
2026_08_NATAL_JUPITER_LEO_N11_N12,2026-08,45,JUPITER,natal_house_ingress,LEO,LEO,ANY,ANY,11,12,12,natal_house_calculation,JUPITER:natal_house_ingress:12,local_day_or_approximate,木星が{event_date}頃に獅子座のネイタル12ハウスへ移ると、仲間との活動や外向きの目標から少し離れ、静かな創作、記録、休息、まだ形にならない希望を育てたくなります。見えない時間を評価不足と決めず、結果を急がない余白を残してください。内側の信頼を養うことが、次の自己表現に備える広がりになります。,80,1
