Date,Planet,Ecliptic_Longitude,Sign_ID,Degree_In_Sign,Retrograde_Flag,Sign_Ingress_Flag,Retrograde_Start_Flag,Retrograde_End_Flag,Station_Flag,Speed
2021-01-01,SUN,281.289272,CAPRICORN,11.289272,0,0,0,0,0,1.01898357
2021-01-01,MERCURY,288.529499,CAPRICORN,18.529499,0,0,0,0,0,1.62982182
2021-01-01,VENUS,261.037413,SAGITTARIUS,21.037413,0,0,0,0,0,1.25235964
2021-01-01,MARS,27.574176,ARIES,27.574176,0,0,0,0,0,0.43412885
2021-01-01,JUPITER,302.897145,AQUARIUS,2.897145,0,0,0,0,0,0.2284844
2021-01-01,SATURN,301.681749,AQUARIUS,1.681749,0,0,0,0,0,0.11409267
2021-01-01,URANUS,36.793663,TAURUS,6.793663,1,0,0,0,0,-0.01106091
2021-01-01,NEPTUNE,348.482804,PISCES,18.482804,0,0,0,0,0,0.01878115
2021-01-01,PLUTO,294.204317,CAPRICORN,24.204317,0,0,0,0,0,0.03262823
2021-01-02,SUN,282.308281,CAPRICORN,12.308281,0,0,0,0,0,1.01903194
2021-01-02,MERCURY,290.161166,CAPRICORN,20.161166,0,0,0,0,0,1.6334552
2021-01-02,VENUS,262.289851,SAGITTARIUS,22.289851,0,0,0,0,0,1.25251327
2021-01-02,MARS,28.010623,ARIES,28.010623,0,0,0,0,0,0.43874212
2021-01-02,JUPITER,303.125944,AQUARIUS,3.125944,0,0,0,0,0,0.22910998
2021-01-02,SATURN,301.796054,AQUARIUS,1.796054,0,0,0,0,0,0.11451255
2021-01-02,URANUS,36.783012,TAURUS,6.783012,1,0,0,0,0,-0.01024099
2021-01-02,NEPTUNE,348.501834,PISCES,18.501834,0,0,0,0,0,0.01927803
2021-01-02,PLUTO,294.23699,CAPRICORN,24.23699,0,0,0,0,0,0.03271649
2021-01-03,SUN,283.32734,CAPRICORN,13.32734,0,0,0,0,0,1.0190841
2021-01-03,MERCURY,291.796267,CAPRICORN,21.796267,0,0,0,0,0,1.63666968
2021-01-03,VENUS,263.54244,SAGITTARIUS,23.54244,0,0,0,0,0,1.25266394
2021-01-03,MARS,28.451626,ARIES,28.451626,0,0,0,0,0,0.44324385
2021-01-03,JUPITER,303.355358,AQUARIUS,3.355358,0,0,0,0,0,0.22971507
2021-01-03,SATURN,301.910769,AQUARIUS,1.910769,0,0,0,0,0,0.11491483
2021-01-03,URANUS,36.773183,TAURUS,6.773183,1,0,0,0,0,-0.00941621
2021-01-03,NEPTUNE,348.521359,PISCES,18.521359,0,0,0,0,0,0.01977058
2021-01-03,PLUTO,294.269747,CAPRICORN,24.269747,0,0,0,0,0,0.03279725
2021-01-04,SUN,284.346454,CAPRICORN,14.346454,0,0,0,0,0,1.01914098
2021-01-04,MERCURY,293.434317,CAPRICORN,23.434317,0,0,0,0,0,1.63932711
2021-01-04,VENUS,264.79518,SAGITTARIUS,24.79518,0,0,0,0,0,1.25281319
2021-01-04,MARS,28.89708,ARIES,28.89708,0,0,0,0,0,0.44764469
2021-01-04,JUPITER,303.585369,AQUARIUS,3.585369,0,0,0,0,0,0.2303028
2021-01-04,SATURN,302.025879,AQUARIUS,2.025879,0,0,0,0,0,0.11530261
2021-01-04,URANUS,36.764182,TAURUS,6.764182,1,0,0,0,0,-0.0085833
2021-01-04,NEPTUNE,348.541375,PISCES,18.541375,0,0,0,0,0,0.02026205
2021-01-04,PLUTO,294.302583,CAPRICORN,24.302583,0,0,0,0,0,0.03287372
2021-01-05,SUN,285.365626,CAPRICORN,15.365626,0,0,0,0,0,1.01920238
2021-01-05,MERCURY,295.074679,CAPRICORN,25.074679,0,0,0,0,0,1.64126401
2021-01-05,VENUS,266.048069,SAGITTARIUS,26.048069,0,0,0,0,0,1.25296188
2021-01-05,MARS,29.346888,ARIES,29.346888,0,0,0,0,0,0.45195425
2021-01-05,JUPITER,303.81596,AQUARIUS,3.81596,0,0,0,0,0,0.23087576
2021-01-05,SATURN,302.141371,AQUARIUS,2.141371,0,0,0,0,0,0.11567855
2021-01-05,URANUS,36.75602,TAURUS,6.75602,1,0,0,0,0,-0.0077394
2021-01-05,NEPTUNE,348.561883,PISCES,18.561883,0,0,0,0,0,0.02075529
2021-01-05,PLUTO,294.335495,CAPRICORN,24.335495,0,0,0,0,0,0.03294876
2021-01-06,SUN,286.384862,CAPRICORN,16.384862,0,0,0,0,0,1.01926624
2021-01-06,MERCURY,296.716538,CAPRICORN,26.716538,0,0,0,0,0,1.64228681
2021-01-06,VENUS,267.301105,SAGITTARIUS,27.301105,0,0,0,0,0,1.25310947
2021-01-06,MARS,29.800963,ARIES,29.800963,0,0,0,0,0,0.45618006
2021-01-06,JUPITER,304.047117,AQUARIUS,4.047117,0,0,0,0,0,0.23143513
2021-01-06,SATURN,302.257233,AQUARIUS,2.257233,0,0,0,0,0,0.11604401
2021-01-06,URANUS,36.748707,TAURUS,6.748707,1,0,0,0,0,-0.00688287
2021-01-06,NEPTUNE,348.582887,PISCES,18.582887,0,0,0,0,0,0.02125197
2021-01-06,PLUTO,294.368481,CAPRICORN,24.368481,0,0,0,0,0,0.033024
2021-01-07,SUN,287.40416,CAPRICORN,17.40416,0,0,0,0,0,1.01932802
2021-01-07,MERCURY,298.358869,CAPRICORN,28.358869,0,0,0,0,0,1.64216651
2021-01-07,VENUS,268.554288,SAGITTARIUS,28.554288,0,0,0,0,0,1.25325339
2021-01-07,MARS,30.259224,TAURUS,0.259224,0,1,0,0,0,0.46032668
2021-01-07,JUPITER,304.278826,AQUARIUS,4.278826,0,0,0,0,0,0.23198013
2021-01-07,SATURN,302.373456,AQUARIUS,2.373456,0,0,0,0,0,0.11639851
2021-01-07,URANUS,36.742258,TAURUS,6.742258,1,0,0,0,0,-0.00601389
2021-01-07,NEPTUNE,348.604388,PISCES,18.604388,0,0,0,0,0,0.02175185
2021-01-07,PLUTO,294.401543,CAPRICORN,24.401543,0,0,0,0,0,0.03309925
2021-01-08,SUN,288.423517,CAPRICORN,18.423517,0,0,0,0,0,1.01938047
2021-01-08,MERCURY,300.000398,AQUARIUS,0.000398,0,1,0,0,0,1.64063292
2021-01-08,VENUS,269.807611,SAGITTARIUS,29.807611,0,0,0,0,0,1.25338884
2021-01-08,MARS,30.721593,TAURUS,0.721593,0,0,0,0,0,0.46439508
2021-01-08,JUPITER,304.511072,AQUARIUS,4.511072,0,0,0,0,0,0.23250762
2021-01-08,SATURN,302.490026,AQUARIUS,2.490026,0,0,0,0,0,0.11673922
2021-01-08,URANUS,36.736683,TAURUS,6.736683,1,0,0,0,0,-0.00513494
2021-01-08,NEPTUNE,348.626391,PISCES,18.626391,0,0,0,0,0,0.0222525
2021-01-08,PLUTO,294.434679,CAPRICORN,24.434679,0,0,0,0,0,0.03317218
2021-01-09,SUN,289.442918,CAPRICORN,19.442918,0,0,0,0,0,1.01941444
2021-01-09,MERCURY,301.639556,AQUARIUS,1.639556,0,0,0,0,0,1.63736927
2021-01-09,VENUS,271.061063,CAPRICORN,1.061063,0,1,0,0,0,1.25350937
2021-01-09,MARS,31.18799,TAURUS,1.18799,0,0,0,0,0,0.46838272
2021-01-09,JUPITER,304.743835,AQUARIUS,4.743835,0,0,0,0,0,0.23301252
2021-01-09,SATURN,302.606929,AQUARIUS,2.606929,0,0,0,0,0,0.1170614
2021-01-09,URANUS,36.73199,TAURUS,6.73199,1,0,0,0,0,-0.00425042
2021-01-09,NEPTUNE,348.648893,PISCES,18.648893,0,0,0,0,0,0.02274952
2021-01-09,PLUTO,294.467886,CAPRICORN,24.467886,0,0,0,0,0,0.03323861
2021-01-10,SUN,290.462339,CAPRICORN,20.462339,0,0,0,0,0,1.01942035
2021-01-10,MERCURY,303.274434,AQUARIUS,3.274434,0,0,0,0,0,1.63200706
2021-01-10,VENUS,272.314625,CAPRICORN,2.314625,0,0,0,0,0,1.25360829
2021-01-10,MARS,31.658332,TAURUS,1.658332,0,0,0,0,0,0.47228435
2021-01-10,JUPITER,304.977089,AQUARIUS,4.977089,0,0,0,0,0,0.23348896
2021-01-10,SATURN,302.724142,AQUARIUS,2.724142,0,0,0,0,0,0.1173596
2021-01-10,URANUS,36.728182,TAURUS,6.728182,1,0,0,0,0,-0.00336559
2021-01-10,NEPTUNE,348.671888,PISCES,18.671888,0,0,0,0,0,0.02323777
2021-01-10,PLUTO,294.501153,CAPRICORN,24.501153,0,0,0,0,0,0.03329373
2021-01-11,SUN,291.481749,CAPRICORN,21.481749,0,0,0,0,0,1.01939059
2021-01-11,MERCURY,304.902726,AQUARIUS,4.902726,0,0,0,0,0,1.62412148
2021-01-11,VENUS,273.568273,CAPRICORN,3.568273,0,0,0,0,0,1.25368063
2021-01-11,MARS,32.13253,TAURUS,2.13253,0,0,0,0,0,0.47609396
2021-01-11,JUPITER,305.210803,AQUARIUS,5.210803,0,0,0,0,0,0.23393211
2021-01-11,SATURN,302.841639,AQUARIUS,2.841639,0,0,0,0,0,0.11762935
2021-01-11,URANUS,36.725258,TAURUS,6.725258,1,0,0,0,0,-0.00248493
2021-01-11,NEPTUNE,348.695364,PISCES,18.695364,0,0,0,0,0,0.02371288
2021-01-11,PLUTO,294.534469,CAPRICORN,24.534469,0,0,0,0,0,0.0333337
2021-01-12,SUN,292.50111,CAPRICORN,22.50111,0,0,0,0,0,1.01932143
2021-01-12,MERCURY,306.52167,AQUARIUS,6.52167,0,0,0,0,0,1.613226
2021-01-12,VENUS,274.821979,CAPRICORN,4.821979,0,0,0,0,0,1.25372475
2021-01-12,MARS,32.61049,TAURUS,2.61049,0,0,0,0,0,0.47980679
2021-01-12,JUPITER,305.444942,AQUARIUS,5.444942,0,0,0,0,0,0.23433974
2021-01-12,SATURN,302.959391,AQUARIUS,2.959391,0,0,0,0,0,0.11786863
2021-01-12,URANUS,36.72321,TAURUS,6.72321,1,0,0,0,0,-0.00161072
2021-01-12,NEPTUNE,348.719309,PISCES,18.719309,0,0,0,0,0,0.02417282
2021-01-12,PLUTO,294.567815,CAPRICORN,24.567815,0,0,0,0,0,0.03335542
2021-01-13,SUN,293.520382,CAPRICORN,23.520382,0,0,0,0,0,1.01921359
2021-01-13,MERCURY,308.127985,AQUARIUS,8.127985,0,0,0,0,0,1.59876627
2021-01-13,VENUS,276.075715,CAPRICORN,6.075715,0,0,0,0,0,1.25374278
2021-01-13,MARS,33.092114,TAURUS,3.092114,0,0,0,0,0,0.48342039
2021-01-13,JUPITER,305.679471,AQUARIUS,5.679471,0,0,0,0,0,0.23471265
2021-01-13,SATURN,303.077367,AQUARIUS,3.077367,0,0,0,0,0,0.1180784
2021-01-13,URANUS,36.722034,TAURUS,6.722034,1,0,0,0,0,-0.0007424
2021-01-13,NEPTUNE,348.743705,PISCES,18.743705,0,0,0,0,0,0.02461838
2021-01-13,PLUTO,294.601169,CAPRICORN,24.601169,0,0,0,0,0,0.03334191
2021-01-14,SUN,294.539529,CAPRICORN,24.539529,0,0,0,0,0,1.01907149
2021-01-14,MERCURY,309.7178,AQUARIUS,9.7178,0,0,0,0,0,1.58011294
2021-01-14,VENUS,277.329459,CAPRICORN,7.329459,0,0,0,0,0,1.25373961
2021-01-14,MARS,33.577301,TAURUS,3.577301,0,0,0,0,0,0.48693488
2021-01-14,JUPITER,305.914358,AQUARIUS,5.914358,0,0,0,0,0,0.23505417
2021-01-14,SATURN,303.195539,AQUARIUS,3.195539,0,0,0,0,0,0.11826194
2021-01-14,URANUS,36.721724,TAURUS,6.721724,0,0,0,1,1,0.00012258
2021-01-14,NEPTUNE,348.768541,PISCES,18.768541,0,0,0,0,0,0.02505254
2021-01-14,PLUTO,294.634468,CAPRICORN,24.634468,0,0,0,0,0,0.03325264
2021-01-15,SUN,295.55852,CAPRICORN,25.55852,0,0,0,0,0,1.01890141
2021-01-15,MERCURY,311.286571,AQUARIUS,11.286571,0,0,0,0,0,1.55655454
2021-01-15,VENUS,278.583191,CAPRICORN,8.583191,0,0,0,0,0,1.25372147
2021-01-15,MARS,34.065954,TAURUS,4.065954,0,0,0,0,0,0.49035208
2021-01-15,JUPITER,306.149571,AQUARIUS,6.149571,0,0,0,0,0,0.23536864
2021-01-15,SATURN,303.313884,AQUARIUS,3.313884,0,0,0,0,0,0.11842351
2021-01-15,URANUS,36.722279,TAURUS,6.722279,0,0,0,0,0,0.0009877
2021-01-15,NEPTUNE,348.793807,PISCES,18.793807,0,0,0,0,0,0.02547914
2021-01-15,PLUTO,294.667737,CAPRICORN,24.667737,0,0,0,0,0,0.03330012
2021-01-16,SUN,296.577329,CAPRICORN,26.577329,0,0,0,0,0,1.01870959
2021-01-16,MERCURY,312.829002,AQUARIUS,12.829002,0,0,0,0,0,1.52729265
2021-01-16,VENUS,279.836901,CAPRICORN,9.836901,0,0,0,0,0,1.25369388
2021-01-16,MARS,34.557977,TAURUS,4.557977,0,0,0,0,0,0.49367421
2021-01-16,JUPITER,306.385088,AQUARIUS,6.385088,0,0,0,0,0,0.23565993
2021-01-16,SATURN,303.43238,AQUARIUS,3.43238,0,0,0,0,0,0.11856676
2021-01-16,URANUS,36.7237,TAURUS,6.7237,0,0,0,0,0,0.00185579
2021-01-16,NEPTUNE,348.819498,PISCES,18.819498,0,0,0,0,0,0.02590141
2021-01-16,PLUTO,294.701044,CAPRICORN,24.701044,0,0,0,0,0,0.03330124
2021-01-17,SUN,297.595938,CAPRICORN,27.595938,0,0,0,0,0,1.01850108
2021-01-17,MERCURY,314.338953,AQUARIUS,14.338953,0,0,0,0,0,1.49144118
2021-01-17,VENUS,281.090579,CAPRICORN,11.090579,0,0,0,0,0,1.25366096
2021-01-17,MARS,35.053275,TAURUS,5.053275,0,0,0,0,0,0.49690328
2021-01-17,JUPITER,306.620885,AQUARIUS,6.620885,0,0,0,0,0,0.2359306
2021-01-17,SATURN,303.551012,AQUARIUS,3.551012,0,0,0,0,0,0.1186941
2021-01-17,URANUS,36.725992,TAURUS,6.725992,0,0,0,0,0,0.00272836
2021-01-17,NEPTUNE,348.845609,PISCES,18.845609,0,0,0,0,0,0.02632126
2021-01-17,PLUTO,294.73433,CAPRICORN,24.73433,0,0,0,0,0,0.03327034
2021-01-18,SUN,298.614331,CAPRICORN,28.614331,0,0,0,0,0,1.01827949
2021-01-18,MERCURY,315.809358,AQUARIUS,15.809358,0,0,0,0,0,1.44803174
2021-01-18,VENUS,282.344223,CAPRICORN,12.344223,0,0,0,0,0,1.25362522
2021-01-18,MARS,35.551756,TAURUS,5.551756,0,0,0,0,0,0.5000408
2021-01-18,JUPITER,306.856943,AQUARIUS,6.856943,0,0,0,0,0,0.23618186
2021-01-18,SATURN,303.669764,AQUARIUS,3.669764,0,0,0,0,0,0.11880662
2021-01-18,URANUS,36.729159,TAURUS,6.729159,0,0,0,0,0,0.00360558
2021-01-18,NEPTUNE,348.872139,PISCES,18.872139,0,0,0,0,0,0.0267392
2021-01-18,PLUTO,294.767583,CAPRICORN,24.767583,0,0,0,0,0,0.03323496
2021-01-19,SUN,299.632497,CAPRICORN,29.632497,0,0,0,0,0,1.01804731
2021-01-19,MERCURY,317.232144,AQUARIUS,17.232144,0,0,0,0,0,1.39602687
2021-01-19,VENUS,283.597831,CAPRICORN,13.597831,0,0,0,0,0,1.25358792
2021-01-19,MARS,36.053329,TAURUS,6.053329,0,0,0,0,0,0.50308805
2021-01-19,JUPITER,307.093243,AQUARIUS,7.093243,0,0,0,0,0,0.23641402
2021-01-19,SATURN,303.788621,AQUARIUS,3.788621,0,0,0,0,0,0.11890471
2021-01-19,URANUS,36.733204,TAURUS,6.733204,0,0,0,0,0,0.00448669
2021-01-19,NEPTUNE,348.899087,PISCES,18.899087,0,0,0,0,0,0.02715486
2021-01-19,PLUTO,294.8008,CAPRICORN,24.8008,0,0,0,0,0,0.03319719
2021-01-20,SUN,300.650427,AQUARIUS,0.650427,0,1,0,0,0,1.01780635
2021-01-20,MERCURY,318.598176,AQUARIUS,18.598176,0,0,0,0,0,1.3343431
2021-01-20,VENUS,284.851401,CAPRICORN,14.851401,0,0,0,0,0,1.25354977
2021-01-20,MARS,36.557905,TAURUS,6.557905,0,0,0,0,0,0.50604626
2021-01-20,JUPITER,307.329766,AQUARIUS,7.329766,0,0,0,0,0,0.23662684
2021-01-20,SATURN,303.907569,AQUARIUS,3.907569,0,0,0,0,0,0.11898876
2021-01-20,URANUS,36.738133,TAURUS,6.738133,0,0,0,0,0,0.0053706
2021-01-20,NEPTUNE,348.926448,PISCES,18.926448,0,0,0,0,0,0.0275674
2021-01-20,PLUTO,294.833977,CAPRICORN,24.833977,0,0,0,0,0,0.0331561
2021-01-21,SUN,301.668112,AQUARIUS,1.668112,0,0,0,0,0,1.01755795
2021-01-21,MERCURY,319.897229,AQUARIUS,19.897229,0,0,0,0,0,1.26188556
2021-01-21,VENUS,286.104932,CAPRICORN,16.104932,0,0,0,0,0,1.25351096
2021-01-21,MARS,37.065395,TAURUS,7.065395,0,0,0,0,0,0.50891688
2021-01-21,JUPITER,307.566491,AQUARIUS,7.566491,0,0,0,0,0,0.23681992
2021-01-21,SATURN,304.026595,AQUARIUS,4.026595,0,0,0,0,0,0.11906068
2021-01-21,URANUS,36.743946,TAURUS,6.743946,0,0,0,0,0,0.00625588
2021-01-21,NEPTUNE,348.954221,PISCES,18.954221,0,0,0,0,0,0.02797574
2021-01-21,PLUTO,294.867111,CAPRICORN,24.867111,0,0,0,0,0,0.03311054
2021-01-22,SUN,302.685545,AQUARIUS,2.685545,0,0,0,0,0,1.0173031
2021-01-22,MERCURY,321.117992,AQUARIUS,21.117992,0,0,0,0,0,1.177597
2021-01-22,VENUS,287.358424,CAPRICORN,17.358424,0,0,0,0,0,1.2534714
2021-01-22,MARS,37.575713,TAURUS,7.575713,0,0,0,0,0,0.51170126
2021-01-22,JUPITER,307.8034,AQUARIUS,7.8034,0,0,0,0,0,0.23699264
2021-01-22,SATURN,304.14569,AQUARIUS,4.14569,0,0,0,0,0,0.11912941
2021-01-22,URANUS,36.750645,TAURUS,6.750645,0,0,0,0,0,0.00714109
2021-01-22,NEPTUNE,348.982399,PISCES,18.982399,0,0,0,0,0,0.02837866
2021-01-22,PLUTO,294.900197,CAPRICORN,24.900197,0,0,0,0,0,0.03305921
2021-01-23,SUN,303.702721,AQUARIUS,3.702721,0,0,0,0,0,1.01704253
2021-01-23,MERCURY,322.248147,AQUARIUS,22.248147,0,0,0,0,0,1.08052346
2021-01-23,VENUS,288.611876,CAPRICORN,18.611876,0,0,0,0,0,1.25343081
2021-01-23,MARS,38.088772,TAURUS,8.088772,0,0,0,0,0,0.5144006
2021-01-23,JUPITER,308.04047,AQUARIUS,8.04047,0,0,0,0,0,0.23714425
2021-01-23,SATURN,304.264858,AQUARIUS,4.264858,0,0,0,0,0,0.11918375
2021-01-23,URANUS,36.758228,TAURUS,6.758228,0,0,0,0,0,0.00802455
2021-01-23,NEPTUNE,349.010976,PISCES,19.010976,0,0,0,0,0,0.02877475
2021-01-23,PLUTO,294.933227,CAPRICORN,24.933227,0,0,0,0,0,0.03300074
2021-01-24,SUN,304.719633,AQUARIUS,4.719633,0,0,0,0,0,1.01677685
2021-01-24,MERCURY,323.274506,AQUARIUS,23.274506,0,0,0,0,0,0.96989744
2021-01-24,VENUS,289.865287,CAPRICORN,19.865287,0,0,0,0,0,1.25338869
2021-01-24,MARS,38.604488,TAURUS,8.604488,0,0,0,0,0,0.51701597
2021-01-24,JUPITER,308.277682,AQUARIUS,8.277682,0,0,0,0,0,0.2372741
2021-01-24,SATURN,304.383701,AQUARIUS,4.383701,0,0,0,0,0,0.11904839
2021-01-24,URANUS,36.766693,TAURUS,6.766693,0,0,0,0,0,0.00890439
2021-01-24,NEPTUNE,349.039946,PISCES,19.039946,0,0,0,0,0,0.02916243
2021-01-24,PLUTO,294.966196,CAPRICORN,24.966196,0,0,0,0,0,0.03293358
2021-01-25,SUN,305.736277,AQUARIUS,5.736277,0,0,0,0,0,1.01650676
2021-01-25,MERCURY,324.183247,AQUARIUS,24.183247,0,0,0,0,0,0.84523935
2021-01-25,VENUS,291.118655,CAPRICORN,21.118655,0,0,0,0,0,1.25334457
2021-01-25,MARS,39.122779,TAURUS,9.122779,0,0,0,0,0,0.51954844
2021-01-25,JUPITER,308.515012,AQUARIUS,8.515012,0,0,0,0,0,0.23738189
2021-01-25,SATURN,304.502877,AQUARIUS,4.502877,0,0,0,0,0,0.1191633
2021-01-25,URANUS,36.776035,TAURUS,6.776035,0,0,0,0,0,0.0097787
2021-01-25,NEPTUNE,349.069298,PISCES,19.069298,0,0,0,0,0,0.02953999
2021-01-25,PLUTO,294.999092,CAPRICORN,24.999092,0,0,0,0,0,0.03285609
2021-01-26,SUN,306.752649,AQUARIUS,6.752649,0,0,0,0,0,1.01623325
2021-01-26,MERCURY,324.960261,AQUARIUS,24.960261,0,0,0,0,0,0.7064738
2021-01-26,VENUS,292.371977,CAPRICORN,22.371977,0,0,0,0,0,1.25329809
2021-01-26,MARS,39.643561,TAURUS,9.643561,0,0,0,0,0,0.52199958
2021-01-26,JUPITER,308.752439,AQUARIUS,8.752439,0,0,0,0,0,0.2374687
2021-01-26,SATURN,304.622007,AQUARIUS,4.622007,0,0,0,0,0,0.11909813
2021-01-26,URANUS,36.786248,TAURUS,6.786248,0,0,0,0,0,0.01064565
2021-01-26,NEPTUNE,349.099022,PISCES,19.099022,0,0,0,0,0,0.02990581
2021-01-26,PLUTO,295.031904,CAPRICORN,25.031904,0,0,0,0,0,0.03276672
2021-01-27,SUN,307.768747,AQUARIUS,7.768747,0,0,0,0,0,1.01595795
2021-01-27,MERCURY,325.59162,AQUARIUS,25.59162,0,0,0,0,0,0.55405649
2021-01-27,VENUS,293.625252,CAPRICORN,23.625252,0,0,0,0,0,1.25324935
2021-01-27,MARS,40.166754,TAURUS,10.166754,0,0,0,0,0,0.52437199
2021-01-27,JUPITER,308.989945,AQUARIUS,8.989945,0,0,0,0,0,0.23753868
2021-01-27,SATURN,304.741072,AQUARIUS,4.741072,0,0,0,0,0,0.11902901
2021-01-27,URANUS,36.797323,TAURUS,6.797323,0,0,0,0,0,0.01150394
2021-01-27,NEPTUNE,349.129105,PISCES,19.129105,0,0,0,0,0,0.0302588
2021-01-27,PLUTO,295.064621,CAPRICORN,25.064621,0,0,0,0,0,0.03266442
2021-01-28,SUN,308.784569,AQUARIUS,8.784569,0,0,0,0,0,1.01568332
2021-01-28,MERCURY,326.06417,AQUARIUS,26.06417,0,0,0,0,0,0.38910318
2021-01-28,VENUS,294.878477,CAPRICORN,24.878477,0,0,0,0,0,1.25319926
2021-01-28,MARS,40.692283,TAURUS,10.692283,0,0,0,0,0,0.52667015
2021-01-28,JUPITER,309.227494,AQUARIUS,9.227494,0,0,0,0,0,0.23750355
2021-01-28,SATURN,304.860059,AQUARIUS,4.860059,0,0,0,0,0,0.1189424
2021-01-28,URANUS,36.809253,TAURUS,6.809253,0,0,0,0,0,0.01235339
2021-01-28,NEPTUNE,349.159535,PISCES,19.159535,0,0,0,0,0,0.03059888
2021-01-28,PLUTO,295.097229,CAPRICORN,25.097229,0,0,0,0,0,0.03254916
2021-01-29,SUN,309.800119,AQUARIUS,9.800119,0,0,0,0,0,1.01541273
2021-01-29,MERCURY,326.366252,AQUARIUS,26.366252,0,0,0,0,0,0.21350783
2021-01-29,VENUS,296.131652,CAPRICORN,26.131652,0,0,0,0,0,1.25314976
2021-01-29,MARS,41.220075,TAURUS,11.220075,0,0,0,0,0,0.52890063
2021-01-29,JUPITER,309.464834,AQUARIUS,9.464834,0,0,0,0,0,0.23744727
2021-01-29,SATURN,304.97895,AQUARIUS,4.97895,0,0,0,0,0,0.11883624
2021-01-29,URANUS,36.822028,TAURUS,6.822028,0,0,0,0,0,0.01319532
2021-01-29,NEPTUNE,349.190299,PISCES,19.190299,0,0,0,0,0,0.03092752
2021-01-29,PLUTO,295.129715,CAPRICORN,25.129715,0,0,0,0,0,0.03242237
2021-01-30,SUN,310.815401,AQUARIUS,10.815401,0,0,0,0,0,1.01515005
2021-01-30,MERCURY,326.488531,AQUARIUS,26.488531,0,0,0,0,0,0.03003334
2021-01-30,VENUS,297.384779,CAPRICORN,27.384779,0,0,0,0,0,1.25310377
2021-01-30,MARS,41.750068,TAURUS,11.750068,0,0,0,0,0,0.53107212
2021-01-30,JUPITER,309.702383,AQUARIUS,9.702383,0,0,0,0,0,0.23756156
2021-01-30,SATURN,305.097726,AQUARIUS,5.097726,0,0,0,0,0,0.11871236
2021-01-30,URANUS,36.835642,TAURUS,6.835642,0,0,0,0,0,0.01403275
2021-01-30,NEPTUNE,349.221387,PISCES,19.221387,0,0,0,0,0,0.03124769
2021-01-30,PLUTO,295.162071,CAPRICORN,25.162071,0,0,0,0,0,0.032287
2021-01-31,SUN,311.830426,AQUARIUS,11.830426,0,0,0,0,0,1.0148989
2021-01-31,MERCURY,326.424889,AQUARIUS,26.424889,1,0,1,0,1,-0.15764601
2021-01-31,VENUS,298.637863,CAPRICORN,28.637863,0,0,0,0,0,1.25306437
2021-01-31,MARS,42.282206,TAURUS,12.282206,0,0,0,0,0,0.5331942
2021-01-31,JUPITER,309.939921,AQUARIUS,9.939921,0,0,0,0,0,0.23751399
2021-01-31,SATURN,305.21637,AQUARIUS,5.21637,0,0,0,0,0,0.11857406
2021-01-31,URANUS,36.850093,TAURUS,6.850093,0,0,0,0,0,0.01486945
2021-01-31,NEPTUNE,349.252792,PISCES,19.252792,0,0,0,0,0,0.03156325
2021-01-31,PLUTO,295.194288,CAPRICORN,25.194288,0,0,0,0,0,0.03214684
2021-02-01,SUN,312.845206,AQUARIUS,12.845206,0,0,0,0,0,1.01466134
2021-02-01,MERCURY,326.17333,AQUARIUS,26.17333,1,0,0,0,0,-0.3449756
2021-02-01,VENUS,299.890912,CAPRICORN,29.890912,0,0,0,0,0,1.25303366
2021-02-01,MARS,42.816446,TAURUS,12.816446,0,0,0,0,0,0.53527583
2021-02-01,JUPITER,310.17741,AQUARIUS,10.17741,0,0,0,0,0,0.23746194
2021-02-01,SATURN,305.334871,AQUARIUS,5.334871,0,0,0,0,0,0.1184245
2021-02-01,URANUS,36.865382,TAURUS,6.865382,0,0,0,0,0,0.01570907
2021-02-01,NEPTUNE,349.284513,PISCES,19.284513,0,0,0,0,0,0.03187777
2021-02-01,PLUTO,295.226364,CAPRICORN,25.226364,0,0,0,0,0,0.0320054
2021-02-02,SUN,313.859755,AQUARIUS,13.859755,0,0,0,0,0,1.01443689
2021-02-02,MERCURY,325.736801,AQUARIUS,25.736801,1,0,0,0,0,-0.52664916
2021-02-02,VENUS,301.143935,AQUARIUS,1.143935,0,1,0,0,0,1.25301185
2021-02-02,MARS,43.35275,TAURUS,13.35275,0,0,0,0,0,0.53732382
2021-02-02,JUPITER,310.414844,AQUARIUS,10.414844,0,0,0,0,0,0.2374027
2021-02-02,SATURN,305.453217,AQUARIUS,5.453217,0,0,0,0,0,0.11826528
2021-02-02,URANUS,36.881513,TAURUS,6.881513,0,0,0,0,0,0.01655368
2021-02-02,NEPTUNE,349.316548,PISCES,19.316548,0,0,0,0,0,0.0321933
2021-02-02,PLUTO,295.258299,CAPRICORN,25.258299,0,0,0,0,0,0.03186469
2021-02-03,SUN,314.874085,AQUARIUS,14.874085,0,0,0,0,0,1.01422185
2021-02-03,MERCURY,325.123837,AQUARIUS,25.123837,1,0,0,0,0,-0.69685325
2021-02-03,VENUS,302.39694,AQUARIUS,2.39694,0,0,0,0,0,1.25299648
2021-02-03,MARS,43.891086,TAURUS,13.891086,0,0,0,0,0,0.53934188
2021-02-03,JUPITER,310.652213,AQUARIUS,10.652213,0,0,0,0,0,0.23733291
2021-02-03,SATURN,305.571398,AQUARIUS,5.571398,0,0,0,0,0,0.11809581
2021-02-03,URANUS,36.898491,TAURUS,6.898491,0,0,0,0,0,0.01740312
2021-02-03,NEPTUNE,349.3489,PISCES,19.3489,0,0,0,0,0,0.03250965
2021-02-03,PLUTO,295.290094,CAPRICORN,25.290094,0,0,0,0,0,0.03172444
2021-02-04,SUN,315.888202,AQUARIUS,15.888202,0,0,0,0,0,1.01400961
2021-02-04,MERCURY,324.348892,AQUARIUS,24.348892,1,0,0,0,0,-0.84963113
2021-02-04,VENUS,303.64993,AQUARIUS,3.64993,0,0,0,0,0,1.25298262
2021-02-04,MARS,44.431426,TAURUS,14.431426,0,0,0,0,0,0.54133037
2021-02-04,JUPITER,310.889505,AQUARIUS,10.889505,0,0,0,0,0,0.23724837
2021-02-04,SATURN,305.689404,AQUARIUS,5.689404,0,0,0,0,0,0.11791323
2021-02-04,URANUS,36.91632,TAURUS,6.91632,0,0,0,0,0,0.01825491
2021-02-04,NEPTUNE,349.381568,PISCES,19.381568,0,0,0,0,0,0.03282439
2021-02-04,PLUTO,295.321748,CAPRICORN,25.321748,0,0,0,0,0,0.03158226
2021-02-05,SUN,316.902105,AQUARIUS,16.902105,0,0,0,0,0,1.01379159
2021-02-05,MERCURY,323.43226,AQUARIUS,23.43226,1,0,0,0,0,-0.97934434
2021-02-05,VENUS,304.902905,AQUARIUS,4.902905,0,0,0,0,0,1.25296373
2021-02-05,MARS,44.973739,TAURUS,14.973739,0,0,0,0,0,0.54328709
2021-02-05,JUPITER,311.126704,AQUARIUS,11.126704,0,0,0,0,0,0.23714393
2021-02-05,SATURN,305.807219,AQUARIUS,5.807219,0,0,0,0,0,0.11771314
2021-02-05,URANUS,36.935,TAURUS,6.935,0,0,0,0,0,0.01910505
2021-02-05,NEPTUNE,349.414547,PISCES,19.414547,0,0,0,0,0,0.03313348
2021-02-05,PLUTO,295.353257,CAPRICORN,25.353257,0,0,0,0,0,0.03143416
2021-02-06,SUN,317.915783,AQUARIUS,17.915783,0,0,0,0,0,1.01355867
2021-02-06,MERCURY,322.399501,AQUARIUS,22.399501,1,0,0,0,0,-1.08118016
2021-02-06,VENUS,306.155855,AQUARIUS,6.155855,0,0,0,0,0,1.25293302
2021-02-06,MARS,45.517991,TAURUS,15.517991,0,0,0,0,0,0.54520806
2021-02-06,JUPITER,311.363786,AQUARIUS,11.363786,0,0,0,0,0,0.2370141
2021-02-06,SATURN,305.924824,AQUARIUS,5.924824,0,0,0,0,0,0.1174908
2021-02-06,URANUS,36.954528,TAURUS,6.954528,0,0,0,0,0,0.01994896
2021-02-06,NEPTUNE,349.447832,PISCES,19.447832,0,0,0,0,0,0.03343248
2021-02-06,PLUTO,295.384613,CAPRICORN,25.384613,0,0,0,0,0,0.0312758
2021-02-07,SUN,318.929217,AQUARIUS,18.929217,0,0,0,0,0,1.01330276
2021-02-07,MERCURY,321.280375,AQUARIUS,21.280375,1,0,0,0,0,-1.15162756
2021-02-07,VENUS,307.408767,AQUARIUS,7.408767,0,0,0,0,0,1.25288467
2021-02-07,MARS,46.064144,TAURUS,16.064144,0,0,0,0,0,0.54708887
2021-02-07,JUPITER,311.600723,AQUARIUS,11.600723,0,0,0,0,0,0.23685443
2021-02-07,SATURN,306.042193,AQUARIUS,6.042193,0,0,0,0,0,0.11724218
2021-02-07,URANUS,36.974895,TAURUS,6.974895,0,0,0,0,0,0.02078282
2021-02-07,NEPTUNE,349.481408,PISCES,19.481408,0,0,0,0,0,0.03371761
2021-02-07,PLUTO,295.415805,CAPRICORN,25.415805,0,0,0,0,0,0.03110357
2021-02-08,SUN,319.942381,AQUARIUS,19.942381,0,0,0,0,0,1.01301814
2021-02-08,MERCURY,320.107344,AQUARIUS,20.107344,1,0,0,0,0,-1.18883399
2021-02-08,VENUS,308.661619,AQUARIUS,8.661619,0,0,0,0,0,1.25281503
2021-02-08,MARS,46.612156,TAURUS,16.612156,0,0,0,0,0,0.54892579
2021-02-08,JUPITER,311.837484,AQUARIUS,11.837484,0,0,0,0,0,0.23666225
2021-02-08,SATURN,306.159299,AQUARIUS,6.159299,0,0,0,0,0,0.11696508
2021-02-08,URANUS,36.99609,TAURUS,6.99609,0,0,0,0,0,0.02160429
2021-02-08,NEPTUNE,349.515262,PISCES,19.515262,0,0,0,0,0,0.03398671
2021-02-08,PLUTO,295.446816,CAPRICORN,25.446816,0,0,0,0,0,0.03091552
2021-02-09,SUN,320.955245,AQUARIUS,20.955245,0,0,0,0,0,1.01270215
2021-02-09,MERCURY,318.913818,AQUARIUS,18.913818,1,0,0,0,0,-1.19276986
2021-02-09,VENUS,309.914391,AQUARIUS,9.914391,0,0,0,0,0,1.2527231
2021-02-09,MARS,47.161983,TAURUS,17.161983,0,0,0,0,0,0.55071646
2021-02-09,JUPITER,312.074037,AQUARIUS,12.074037,0,0,0,0,0,0.23643712
2021-02-09,SATURN,306.276114,AQUARIUS,6.276114,0,0,0,0,0,0.11665937
2021-02-09,URANUS,37.018099,TAURUS,7.018099,0,0,0,0,0,0.02241298
2021-02-09,NEPTUNE,349.549376,PISCES,19.549376,0,0,0,0,0,0.03423966
2021-02-09,PLUTO,295.477631,CAPRICORN,25.477631,0,0,0,0,0,0.03071179
2021-02-10,SUN,321.967778,AQUARIUS,21.967778,0,0,0,0,0,1.0123552
2021-02-10,MERCURY,317.732338,AQUARIUS,17.732338,1,0,0,0,0,-1.16516639
2021-02-10,VENUS,311.16706,AQUARIUS,11.16706,0,0,0,0,0,1.25261059
2021-02-10,MARS,47.713577,TAURUS,17.713577,0,0,0,0,0,0.55246025
2021-02-10,JUPITER,312.310349,AQUARIUS,12.310349,0,0,0,0,0,0.23618081
2021-02-10,SATURN,306.392609,AQUARIUS,6.392609,0,0,0,0,0,0.11632707
2021-02-10,URANUS,37.040912,TAURUS,7.040912,0,0,0,0,0,0.02321046
2021-02-10,NEPTUNE,349.583736,PISCES,19.583736,0,0,0,0,0,0.03447829
2021-02-10,PLUTO,295.508235,CAPRICORN,25.508235,0,0,0,0,0,0.03049447
2021-02-11,SUN,322.97995,AQUARIUS,22.97995,0,0,0,0,0,1.01198008
2021-02-11,MERCURY,316.592943,AQUARIUS,16.592943,1,0,0,0,0,-1.10924298
2021-02-11,VENUS,312.419607,AQUARIUS,12.419607,0,0,0,0,0,1.25248087
2021-02-11,MARS,48.266891,TAURUS,18.266891,0,0,0,0,0,0.55415782
2021-02-11,JUPITER,312.54639,AQUARIUS,12.54639,0,0,0,0,0,0.23589658
2021-02-11,SATURN,306.50876,AQUARIUS,6.50876,0,0,0,0,0,0.1159715
2021-02-11,URANUS,37.064517,TAURUS,7.064517,0,0,0,0,0,0.02399955
2021-02-11,NEPTUNE,349.618329,PISCES,19.618329,0,0,0,0,0,0.03470568
2021-02-11,PLUTO,295.538616,CAPRICORN,25.538616,0,0,0,0,0,0.0302669
2021-02-12,SUN,323.991734,AQUARIUS,23.991734,0,0,0,0,0,1.01158076
2021-02-12,MERCURY,315.521878,AQUARIUS,15.521878,1,0,0,0,0,-1.02928609
2021-02-12,VENUS,313.672018,AQUARIUS,13.672018,0,0,0,0,0,1.2523381
2021-02-12,MARS,48.82188,TAURUS,18.82188,0,0,0,0,0,0.55581037
2021-02-12,JUPITER,312.782134,AQUARIUS,12.782134,0,0,0,0,0,0.23558802
2021-02-12,SATURN,306.624546,AQUARIUS,6.624546,0,0,0,0,0,0.11559625
2021-02-12,URANUS,37.088909,TAURUS,7.088909,0,0,0,0,0,0.02478321
2021-02-12,NEPTUNE,349.653145,PISCES,19.653145,0,0,0,0,0,0.03492521
2021-02-12,PLUTO,295.568766,CAPRICORN,25.568766,0,0,0,0,0,0.03003269
2021-02-13,SUN,325.003108,AQUARIUS,25.003108,0,0,0,0,0,1.01116123
2021-02-13,MERCURY,314.540769,AQUARIUS,14.540769,1,0,0,0,0,-0.93016479
2021-02-13,VENUS,314.924281,AQUARIUS,14.924281,0,0,0,0,0,1.25218602
2021-02-13,MARS,49.3785,TAURUS,19.3785,0,0,0,0,0,0.55741884
2021-02-13,JUPITER,313.017559,AQUARIUS,13.017559,0,0,0,0,0,0.23525815
2021-02-13,SATURN,306.739948,AQUARIUS,6.739948,0,0,0,0,0,0.11520433
2021-02-13,URANUS,37.114083,TAURUS,7.114083,0,0,0,0,0,0.02556376
2021-02-13,NEPTUNE,349.688177,PISCES,19.688177,0,0,0,0,0,0.03513948
2021-02-13,PLUTO,295.59868,CAPRICORN,25.59868,0,0,0,0,0,0.02979469
2021-02-14,SUN,326.014054,AQUARIUS,26.014054,0,0,0,0,0,1.01072485
2021-02-14,MERCURY,313.666279,AQUARIUS,13.666279,1,0,0,0,0,-0.81686844
2021-02-14,VENUS,316.176389,AQUARIUS,16.176389,0,0,0,0,0,1.25202735
2021-02-14,MARS,49.936706,TAURUS,19.936706,0,0,0,0,0,0.55898355
2021-02-14,JUPITER,313.252645,AQUARIUS,13.252645,0,0,0,0,0,0.23490887
2021-02-14,SATURN,306.85495,AQUARIUS,6.85495,0,0,0,0,0,0.11479747
2021-02-14,URANUS,37.140036,TAURUS,7.140036,0,0,0,0,0,0.02634227
2021-02-14,NEPTUNE,349.723422,PISCES,19.723422,0,0,0,0,0,0.0353499
2021-02-14,PLUTO,295.628355,CAPRICORN,25.628355,0,0,0,0,0,0.02955445
2021-02-15,SUN,327.024557,AQUARIUS,27.024557,0,0,0,0,0,1.01027408
2021-02-15,MERCURY,312.910184,AQUARIUS,12.910184,1,0,0,0,0,-0.69412764
2021-02-15,VENUS,317.428336,AQUARIUS,17.428336,0,0,0,0,0,1.2518637
2021-02-15,MARS,50.496455,TAURUS,20.496455,0,0,0,0,0,0.56050415
2021-02-15,JUPITER,313.487371,AQUARIUS,13.487371,0,0,0,0,0,0.23454082
2021-02-15,SATURN,306.969538,AQUARIUS,6.969538,0,0,0,0,0,0.11437619
2021-02-15,URANUS,37.166767,TAURUS,7.166767,0,0,0,0,0,0.0271186
2021-02-15,NEPTUNE,349.758876,PISCES,19.758876,0,0,0,0,0,0.03555665
2021-02-15,PLUTO,295.657789,CAPRICORN,25.657789,0,0,0,0,0,0.02931236
2021-02-16,SUN,328.034602,AQUARIUS,28.034602,0,0,0,0,0,1.0098107
2021-02-16,MERCURY,312.279772,AQUARIUS,12.279772,1,0,0,0,0,-0.56615158
2021-02-16,VENUS,318.680116,AQUARIUS,18.680116,0,0,0,0,0,1.25169576
2021-02-16,MARS,51.057703,TAURUS,21.057703,0,0,0,0,0,0.56198007
2021-02-16,JUPITER,313.721721,AQUARIUS,13.721721,0,0,0,0,0,0.23415382
2021-02-16,SATURN,307.083698,AQUARIUS,7.083698,0,0,0,0,0,0.11394013
2021-02-16,URANUS,37.194272,TAURUS,7.194272,0,0,0,0,0,0.02789174
2021-02-16,NEPTUNE,349.794534,PISCES,19.794534,0,0,0,0,0,0.03575904
2021-02-16,PLUTO,295.686979,CAPRICORN,25.686979,0,0,0,0,0,0.02906786
2021-02-17,SUN,329.044179,AQUARIUS,29.044179,0,0,0,0,0,1.00933603
2021-02-17,MERCURY,311.778448,AQUARIUS,11.778448,1,0,0,0,0,-0.43648176
2021-02-17,VENUS,319.931727,AQUARIUS,19.931727,0,0,0,0,0,1.25152373
2021-02-17,MARS,51.620403,TAURUS,21.620403,0,0,0,0,0,0.56341076
2021-02-17,JUPITER,313.955673,AQUARIUS,13.955673,0,0,0,0,0,0.23374721
2021-02-17,SATURN,307.197414,AQUARIUS,7.197414,0,0,0,0,0,0.11348846
2021-02-17,URANUS,37.222549,TAURUS,7.222549,0,0,0,0,0,0.02866036
2021-02-17,NEPTUNE,349.830393,PISCES,19.830393,0,0,0,0,0,0.03595596
2021-02-17,PLUTO,295.715924,CAPRICORN,25.715924,0,0,0,0,0,0.02881994
2021-02-18,SUN,330.053275,PISCES,0.053275,0,1,0,0,0,1.00885108
2021-02-18,MERCURY,311.406432,AQUARIUS,11.406432,1,0,0,0,0,-0.30794658
2021-02-18,VENUS,321.183164,AQUARIUS,21.183164,0,0,0,0,0,1.25134754
2021-02-18,MARS,52.184511,TAURUS,22.184511,0,0,0,0,0,0.56479576
2021-02-18,JUPITER,314.189209,AQUARIUS,14.189209,0,0,0,0,0,0.23332006
2021-02-18,SATURN,307.310669,AQUARIUS,7.310669,0,0,0,0,0,0.11302019
2021-02-18,URANUS,37.251591,TAURUS,7.251591,0,0,0,0,0,0.02942294
2021-02-18,NEPTUNE,349.866445,PISCES,19.866445,0,0,0,0,0,0.03614608
2021-02-18,PLUTO,295.744618,CAPRICORN,25.744618,0,0,0,0,0,0.02856741
2021-02-19,SUN,331.061882,PISCES,1.061882,0,0,0,0,0,1.00835668
2021-02-19,MERCURY,311.161466,AQUARIUS,11.161466,1,0,0,0,0,-0.18268822
2021-02-19,VENUS,322.434422,AQUARIUS,22.434422,0,0,0,0,0,1.25116685
2021-02-19,MARS,52.749982,TAURUS,22.749982,0,0,0,0,0,0.56613484
2021-02-19,JUPITER,314.422307,AQUARIUS,14.422307,0,0,0,0,0,0.23287155
2021-02-19,SATURN,307.423448,AQUARIUS,7.423448,0,0,0,0,0,0.11253419
2021-02-19,URANUS,37.281393,TAURUS,7.281393,0,0,0,0,0,0.03017792
2021-02-19,NEPTUNE,349.902683,PISCES,19.902683,0,0,0,0,0,0.03632808
2021-02-19,PLUTO,295.773057,CAPRICORN,25.773057,0,0,0,0,0,0.02830901
2021-02-20,SUN,332.06999,PISCES,2.06999,0,0,0,0,0,1.00785358
2021-02-20,MERCURY,311.039459,AQUARIUS,11.039459,1,0,0,0,0,-0.06223495
2021-02-20,VENUS,323.685498,AQUARIUS,23.685498,0,0,0,0,0,1.25098134
2021-02-20,MARS,53.316768,TAURUS,23.316768,0,0,0,0,0,0.56742767
2021-02-20,JUPITER,314.654945,AQUARIUS,14.654945,0,0,0,0,0,0.23240054
2021-02-20,SATURN,307.535732,AQUARIUS,7.535732,0,0,0,0,0,0.11202932
2021-02-20,URANUS,37.311944,TAURUS,7.311944,0,0,0,0,0,0.03092371
2021-02-20,NEPTUNE,349.939098,PISCES,19.939098,0,0,0,0,0,0.03650058
2021-02-20,PLUTO,295.801234,CAPRICORN,25.801234,0,0,0,0,0,0.02804348
2021-02-21,SUN,333.077591,PISCES,3.077591,0,0,0,0,0,1.00734261
2021-02-21,MERCURY,311.035065,AQUARIUS,11.035065,0,0,0,1,1,0.05240451
2021-02-21,VENUS,324.936385,AQUARIUS,24.936385,0,0,0,0,0,1.25079076
2021-02-21,MARS,53.884824,TAURUS,23.884824,0,0,0,0,0,0.56867404
2021-02-21,JUPITER,314.887101,AQUARIUS,14.887101,0,0,0,0,0,0.23190618
2021-02-21,SATURN,307.647501,AQUARIUS,7.647501,0,0,0,0,0,0.11150458
2021-02-21,URANUS,37.343237,TAURUS,7.343237,0,0,0,0,0,0.03165876
2021-02-21,NEPTUNE,349.975681,PISCES,19.975681,0,0,0,0,0,0.03666222
2021-02-21,PLUTO,295.829142,CAPRICORN,25.829142,0,0,0,0,0,0.02776952
2021-02-22,SUN,334.084678,PISCES,4.084678,0,0,0,0,0,1.00682496
2021-02-22,MERCURY,311.142142,AQUARIUS,11.142142,0,0,0,0,0,0.16064139
2021-02-22,VENUS,326.187079,AQUARIUS,26.187079,0,0,0,0,0,1.25059502
2021-02-22,MARS,54.454103,TAURUS,24.454103,0,0,0,0,0,0.5698737
2021-02-22,JUPITER,315.11875,AQUARIUS,15.11875,0,0,0,0,0,0.23138751
2021-02-22,SATURN,307.758735,AQUARIUS,7.758735,0,0,0,0,0,0.11095875
2021-02-22,URANUS,37.375258,TAURUS,7.375258,0,0,0,0,0,0.03238163
2021-02-22,NEPTUNE,350.012419,PISCES,20.012419,0,0,0,0,0,0.03681165
2021-02-22,PLUTO,295.85677,CAPRICORN,25.85677,0,0,0,0,0,0.02748587
2021-02-23,SUN,335.091244,PISCES,5.091244,0,0,0,0,0,1.00630234
2021-02-23,MERCURY,311.354135,AQUARIUS,11.354135,0,0,0,0,0,0.26221284
2021-02-23,VENUS,327.437574,AQUARIUS,27.437574,0,0,0,0,0,1.25039434
2021-02-23,MARS,55.024558,TAURUS,25.024558,0,0,0,0,0,0.57102694
2021-02-23,JUPITER,315.349868,AQUARIUS,15.349868,0,0,0,0,0,0.23084377
2021-02-23,SATURN,307.869411,AQUARIUS,7.869411,0,0,0,0,0,0.110391
2021-02-23,URANUS,37.407996,TAURUS,7.407996,0,0,0,0,0,0.0330909
2021-02-23,NEPTUNE,350.0493,PISCES,20.0493,0,0,0,0,0,0.03694771
2021-02-23,PLUTO,295.88411,CAPRICORN,25.88411,0,0,0,0,0,0.02719142
2021-02-24,SUN,336.097286,PISCES,6.097286,0,0,0,0,0,1.00577741
2021-02-24,MERCURY,311.66435,AQUARIUS,11.66435,0,0,0,0,0,0.35709923
2021-02-24,VENUS,328.687867,AQUARIUS,28.687867,0,0,0,0,0,1.25018969
2021-02-24,MARS,55.596144,TAURUS,25.596144,0,0,0,0,0,0.57213497
2021-02-24,JUPITER,315.58043,AQUARIUS,15.58043,0,0,0,0,0,0.23027473
2021-02-24,SATURN,307.979509,AQUARIUS,7.979509,0,0,0,0,0,0.10980085
2021-02-24,URANUS,37.441435,TAURUS,7.441435,0,0,0,0,0,0.03378577
2021-02-24,NEPTUNE,350.08631,PISCES,20.08631,0,0,0,0,0,0.03706969
2021-02-24,PLUTO,295.911149,CAPRICORN,25.911149,0,0,0,0,0,0.02688553
2021-02-25,SUN,337.102803,PISCES,7.102803,0,0,0,0,0,1.0052542
2021-02-25,MERCURY,312.066168,AQUARIUS,12.066168,0,0,0,0,0,0.44545547
2021-02-25,VENUS,329.937954,AQUARIUS,29.937954,0,0,0,0,0,1.24998315
2021-02-25,MARS,56.168817,TAURUS,26.168817,0,0,0,0,0,0.57320087
2021-02-25,JUPITER,315.81041,AQUARIUS,15.81041,0,0,0,0,0,0.22968131
2021-02-25,SATURN,308.089006,AQUARIUS,8.089006,0,0,0,0,0,0.10918901
2021-02-25,URANUS,37.475563,TAURUS,7.475563,0,0,0,0,0,0.03446669
2021-02-25,NEPTUNE,350.123435,PISCES,20.123435,0,0,0,0,0,0.0371781
2021-02-25,PLUTO,295.937877,CAPRICORN,25.937877,0,0,0,0,0,0.02656869
2021-02-26,SUN,338.1078,PISCES,8.1078,0,0,0,0,0,1.00473832
2021-02-26,MERCURY,312.553187,AQUARIUS,12.553187,0,0,0,0,0,0.52755546
2021-02-26,VENUS,331.187835,PISCES,1.187835,0,1,0,0,0,1.2497785
2021-02-26,MARS,56.742537,TAURUS,26.742537,0,0,0,0,0,0.57423025
2021-02-26,JUPITER,316.039786,AQUARIUS,16.039786,0,0,0,0,0,0.22906593
2021-02-26,SATURN,308.197881,AQUARIUS,8.197881,0,0,0,0,0,0.10855776
2021-02-26,URANUS,37.510365,TAURUS,7.510365,0,0,0,0,0,0.0351358
2021-02-26,NEPTUNE,350.160662,PISCES,20.160662,0,0,0,0,0,0.03727513
2021-02-26,PLUTO,295.964284,CAPRICORN,25.964284,0,0,0,0,0,0.02624306
2021-02-27,SUN,339.112288,PISCES,9.112288,0,0,0,0,0,1.00423634
2021-02-27,MERCURY,313.119322,AQUARIUS,13.119322,0,0,0,0,0,0.60374874
2021-02-27,VENUS,332.437514,PISCES,2.437514,0,0,0,0,0,1.24958065
2021-02-27,MARS,57.317271,TAURUS,27.317271,0,0,0,0,0,0.57523103
2021-02-27,JUPITER,316.268536,AQUARIUS,16.268536,0,0,0,0,0,0.22843252
2021-02-27,SATURN,308.306117,AQUARIUS,8.306117,0,0,0,0,0,0.10791094
2021-02-27,URANUS,37.545832,TAURUS,7.545832,0,0,0,0,0,0.03579702
2021-02-27,NEPTUNE,350.197982,PISCES,20.197982,0,0,0,0,0,0.03736465
2021-02-27,PLUTO,295.990362,CAPRICORN,25.990362,0,0,0,0,0,0.02591246
2021-02-28,SUN,340.116283,PISCES,10.116283,0,0,0,0,0,1.00375438
2021-02-28,MERCURY,313.758858,AQUARIUS,13.758858,0,0,0,0,0,0.67442708
2021-02-28,VENUS,333.687001,PISCES,3.687001,0,0,0,0,0,1.24939459
2021-02-28,MARS,57.892995,TAURUS,27.892995,0,0,0,0,0,0.57621223
2021-02-28,JUPITER,316.496647,AQUARIUS,16.496647,0,0,0,0,0,0.22778535
2021-02-28,SATURN,308.413699,AQUARIUS,8.413699,0,0,0,0,0,0.10725292
2021-02-28,URANUS,37.581958,TAURUS,7.581958,0,0,0,0,0,0.0364549
2021-02-28,NEPTUNE,350.23539,PISCES,20.23539,0,0,0,0,0,0.03745117
2021-02-28,PLUTO,296.016108,CAPRICORN,26.016108,0,0,0,0,0,0.02558129
2021-03-01,SUN,341.119808,PISCES,11.119808,0,0,0,0,0,1.00329601
2021-03-01,MERCURY,314.466486,AQUARIUS,14.466486,0,0,0,0,0,0.73999892
2021-03-01,VENUS,334.936309,PISCES,4.936309,0,0,0,0,0,1.24922347
2021-03-01,MARS,58.469694,TAURUS,28.469694,0,0,0,0,0,0.57718174
2021-03-01,JUPITER,316.724104,AQUARIUS,16.724104,0,0,0,0,0,0.22712736
2021-03-01,SATURN,308.52062,AQUARIUS,8.52062,0,0,0,0,0,0.10658677
2021-03-01,URANUS,37.618742,TAURUS,7.618742,0,0,0,0,0,0.03711303
2021-03-01,NEPTUNE,350.272885,PISCES,20.272885,0,0,0,0,0,0.03753819
2021-03-01,PLUTO,296.041525,CAPRICORN,26.041525,0,0,0,0,0,0.0252529
2021-03-02,SUN,342.122886,PISCES,12.122886,0,0,0,0,0,1.0028606
2021-03-02,MERCURY,315.237302,AQUARIUS,15.237302,0,0,0,0,0,0.80087171
2021-03-02,VENUS,336.185454,PISCES,6.185454,0,0,0,0,0,1.24906692
2021-03-02,MARS,59.047359,TAURUS,29.047359,0,0,0,0,0,0.57814447
2021-03-02,JUPITER,316.950898,AQUARIUS,16.950898,0,0,0,0,0,0.22645861
2021-03-02,SATURN,308.626871,AQUARIUS,8.626871,0,0,0,0,0,0.10591293
2021-03-02,URANUS,37.656185,TAURUS,7.656185,0,0,0,0,0,0.0377723
2021-03-02,NEPTUNE,350.310467,PISCES,20.310467,0,0,0,0,0,0.03762652
2021-03-02,PLUTO,296.066616,CAPRICORN,26.066616,0,0,0,0,0,0.02492804
2021-03-03,SUN,343.125537,PISCES,13.125537,0,0,0,0,0,1.00244295
2021-03-03,MERCURY,316.066806,AQUARIUS,16.066806,0,0,0,0,0,0.85744027
2021-03-03,VENUS,337.434448,PISCES,7.434448,0,0,0,0,0,1.24892089
2021-03-03,MARS,59.625984,TAURUS,29.625984,0,0,0,0,0,0.57910137
2021-03-03,JUPITER,317.177017,AQUARIUS,17.177017,0,0,0,0,0,0.2257759
2021-03-03,SATURN,308.732443,AQUARIUS,8.732443,0,0,0,0,0,0.10522867
2021-03-03,URANUS,37.694286,TAURUS,7.694286,0,0,0,0,0,0.03843053
2021-03-03,NEPTUNE,350.348138,PISCES,20.348138,0,0,0,0,0,0.03771396
2021-03-03,PLUTO,296.091382,CAPRICORN,26.091382,0,0,0,0,0,0.02460442
2021-03-04,SUN,344.127777,PISCES,14.127777,0,0,0,0,0,1.00203453
2021-03-04,MERCURY,316.950885,AQUARIUS,16.950885,0,0,0,0,0,0.91008076
2021-03-04,VENUS,338.683298,PISCES,8.683298,0,0,0,0,0,1.24877852
2021-03-04,MARS,60.205561,GEMINI,0.205561,0,1,0,0,0,0.58005014
2021-03-04,JUPITER,317.402444,AQUARIUS,17.402444,0,0,0,0,0,0.2250737
2021-03-04,SATURN,308.837323,AQUARIUS,8.837323,0,0,0,0,0,0.10452903
2021-03-04,URANUS,37.733044,TAURUS,7.733044,0,0,0,0,0,0.03908324
2021-03-04,NEPTUNE,350.385894,PISCES,20.385894,0,0,0,0,0,0.03779607
2021-03-04,PLUTO,296.115824,CAPRICORN,26.115824,0,0,0,0,0,0.02427753
2021-03-05,SUN,345.129609,PISCES,15.129609,0,0,0,0,0,1.00162566
2021-03-05,MERCURY,317.885788,AQUARIUS,17.885788,0,0,0,0,0,0.95914847
2021-03-05,VENUS,339.932005,PISCES,9.932005,0,0,0,0,0,1.24863225
2021-03-05,MARS,60.786082,GEMINI,0.786082,0,0,0,0,0,0.58098685
2021-03-05,JUPITER,317.627157,AQUARIUS,17.627157,0,0,0,0,0,0.22434608
2021-03-05,SATURN,308.941494,AQUARIUS,8.941494,0,0,0,0,0,0.10380865
2021-03-05,URANUS,37.77245,TAURUS,7.77245,0,0,0,0,0,0.03972547
2021-03-05,NEPTUNE,350.423727,PISCES,20.423727,0,0,0,0,0,0.03786797
2021-03-05,PLUTO,296.139935,CAPRICORN,26.139935,0,0,0,0,0,0.02394248
2021-03-06,SUN,346.131028,PISCES,16.131028,0,0,0,0,0,1.00120768
2021-03-06,MERCURY,318.868113,AQUARIUS,18.868113,0,0,0,0,0,1.00497726
2021-03-06,VENUS,341.180561,PISCES,11.180561,0,0,0,0,0,1.24847555
2021-03-06,MARS,61.367532,GEMINI,1.367532,0,0,0,0,0,0.58190751
2021-03-06,JUPITER,317.851127,AQUARIUS,17.851127,0,0,0,0,0,0.22358827
2021-03-06,SATURN,309.044933,AQUARIUS,9.044933,0,0,0,0,0,0.10306335
2021-03-06,URANUS,37.812491,TAURUS,7.812491,0,0,0,0,0,0.04035324
2021-03-06,NEPTUNE,350.461626,PISCES,20.461626,0,0,0,0,0,0.03792602
2021-03-06,PLUTO,296.163705,CAPRICORN,26.163705,0,0,0,0,0,0.02359554
2021-03-07,SUN,347.132021,PISCES,17.132021,0,0,0,0,0,1.00077427
2021-03-07,MERCURY,319.894779,AQUARIUS,19.894779,0,0,0,0,0,1.04787979
2021-03-07,VENUS,342.428953,PISCES,12.428953,0,0,0,0,0,1.24830433
2021-03-07,MARS,61.949893,GEMINI,1.949893,0,0,0,0,0,0.58280923
2021-03-07,JUPITER,318.074323,AQUARIUS,18.074323,0,0,0,0,0,0.22279774
2021-03-07,SATURN,309.147612,AQUARIUS,9.147612,0,0,0,0,0,0.10229116
2021-03-07,URANUS,37.853151,TAURUS,7.853151,0,0,0,0,0,0.04096458
2021-03-07,NEPTUNE,350.499575,PISCES,20.499575,0,0,0,0,0,0.03796872
2021-03-07,PLUTO,296.187122,CAPRICORN,26.187122,0,0,0,0,0,0.02323499
2021-03-08,SUN,348.132572,PISCES,18.132572,0,0,0,0,0,1.00032183
2021-03-08,MERCURY,320.963006,AQUARIUS,20.963006,0,0,0,0,0,1.08814747
2021-03-08,VENUS,343.677165,PISCES,13.677165,0,0,0,0,0,1.24811676
2021-03-08,MARS,62.533146,GEMINI,2.533146,0,0,0,0,0,0.58369051
2021-03-08,JUPITER,318.296712,AQUARIUS,18.296712,0,0,0,0,0,0.22197412
2021-03-08,SATURN,309.249506,AQUARIUS,9.249506,0,0,0,0,0,0.10149214
2021-03-08,URANUS,37.894415,TAURUS,7.894415,0,0,0,0,0,0.04155937
2021-03-08,NEPTUNE,350.537559,PISCES,20.537559,0,0,0,0,0,0.03799646
2021-03-08,PLUTO,296.210171,CAPRICORN,26.210171,0,0,0,0,0,0.02286118
2021-03-09,SUN,349.13266,PISCES,19.13266,0,0,0,0,0,0.99984911
2021-03-09,MERCURY,322.070296,AQUARIUS,22.070296,0,0,0,0,0,1.12605047
2021-03-09,VENUS,344.925182,PISCES,14.925182,0,0,0,0,0,1.24791307
2021-03-09,MARS,63.11727,GEMINI,3.11727,0,0,0,0,0,0.58455101
2021-03-09,JUPITER,318.518261,AQUARIUS,18.518261,0,0,0,0,0,0.22111878
2021-03-09,SATURN,309.350589,AQUARIUS,9.350589,0,0,0,0,0,0.10066807
2021-03-09,URANUS,37.936265,TAURUS,7.936265,0,0,0,0,0,0.04213909
2021-03-09,NEPTUNE,350.575562,PISCES,20.575562,0,0,0,0,0,0.03800503
2021-03-09,PLUTO,296.23284,CAPRICORN,26.23284,0,0,0,0,0,0.02247599
2021-03-10,SUN,350.132266,PISCES,20.132266,0,0,0,0,0,0.99935665
2021-03-10,MERCURY,323.214412,AQUARIUS,23.214412,0,0,0,0,0,1.16183818
2021-03-10,VENUS,346.172987,PISCES,16.172987,0,0,0,0,0,1.24769491
2021-03-10,MARS,63.702244,GEMINI,3.702244,0,0,0,0,0,0.58539128
2021-03-10,JUPITER,318.73894,AQUARIUS,18.73894,0,0,0,0,0,0.22023421
2021-03-10,SATURN,309.450835,AQUARIUS,9.450835,0,0,0,0,0,0.09982163
2021-03-10,URANUS,37.978689,TAURUS,7.978689,0,0,0,0,0,0.04270607
2021-03-10,NEPTUNE,350.613543,PISCES,20.613543,0,0,0,0,0,0.03793273
2021-03-10,PLUTO,296.25512,CAPRICORN,26.25512,0,0,0,0,0,0.02208224
2021-03-11,SUN,351.13137,PISCES,21.13137,0,0,0,0,0,0.99884601
2021-03-11,MERCURY,324.393353,AQUARIUS,24.393353,0,0,0,0,0,1.19573947
2021-03-11,VENUS,347.420568,PISCES,17.420568,0,0,0,0,0,1.24746469
2021-03-11,MARS,64.288049,GEMINI,4.288049,0,0,0,0,0,0.58621222
2021-03-11,JUPITER,318.958721,AQUARIUS,18.958721,0,0,0,0,0,0.21932329
2021-03-11,SATURN,309.550226,AQUARIUS,9.550226,0,0,0,0,0,0.09895599
2021-03-11,URANUS,38.021674,TAURUS,8.021674,0,0,0,0,0,0.04326294
2021-03-11,NEPTUNE,350.651441,PISCES,20.651441,0,0,0,0,0,0.03792085
2021-03-11,PLUTO,296.277003,CAPRICORN,26.277003,0,0,0,0,0,0.02168302
2021-03-12,SUN,352.129956,PISCES,22.129956,0,0,0,0,0,0.99831914
2021-03-12,MERCURY,325.605341,AQUARIUS,25.605341,0,0,0,0,0,1.22796379
2021-03-12,VENUS,348.667914,PISCES,18.667914,0,0,0,0,0,1.24722472
2021-03-12,MARS,64.874665,GEMINI,4.874665,0,0,0,0,0,0.58701455
2021-03-12,JUPITER,319.17758,AQUARIUS,19.17758,0,0,0,0,0,0.2183888
2021-03-12,SATURN,309.648742,AQUARIUS,9.648742,0,0,0,0,0,0.09807406
2021-03-12,URANUS,38.065212,TAURUS,8.065212,0,0,0,0,0,0.04381208
2021-03-12,NEPTUNE,350.689399,PISCES,20.689399,0,0,0,0,0,0.03797225
2021-03-12,PLUTO,296.298485,CAPRICORN,26.298485,0,0,0,0,0,0.0212812
2021-03-13,SUN,353.128007,PISCES,23.128007,0,0,0,0,0,0.99777779
2021-03-13,MERCURY,326.848795,AQUARIUS,26.848795,0,0,0,0,0,1.25870197
2021-03-13,VENUS,349.915016,PISCES,19.915016,0,0,0,0,0,1.24697692
2021-03-13,MARS,65.462074,GEMINI,5.462074,0,0,0,0,0,0.58779834
2021-03-13,JUPITER,319.395492,AQUARIUS,19.395492,0,0,0,0,0,0.21743273
2021-03-13,SATURN,309.746369,AQUARIUS,9.746369,0,0,0,0,0,0.09717788
2021-03-13,URANUS,38.109296,TAURUS,8.109296,0,0,0,0,0,0.04435503
2021-03-13,NEPTUNE,350.727362,PISCES,20.727362,0,0,0,0,0,0.0379501
2021-03-13,PLUTO,296.319565,CAPRICORN,26.319565,0,0,0,0,0,0.02087877
2021-03-14,SUN,354.12551,PISCES,24.12551,0,0,0,0,0,0.99722326
2021-03-14,MERCURY,328.122317,AQUARIUS,28.122317,0,0,0,0,0,1.28812739
2021-03-14,VENUS,351.161866,PISCES,21.161866,0,0,0,0,0,1.24672245
2021-03-14,MARS,66.050258,GEMINI,6.050258,0,0,0,0,0,0.58856286
2021-03-14,JUPITER,319.612439,AQUARIUS,19.612439,0,0,0,0,0,0.21645616
2021-03-14,SATURN,309.843094,AQUARIUS,9.843094,0,0,0,0,0,0.09626858
2021-03-14,URANUS,38.153921,TAURUS,8.153921,0,0,0,0,0,0.04489226
2021-03-14,NEPTUNE,350.765297,PISCES,20.765297,0,0,0,0,0,0.0379194
2021-03-14,PLUTO,296.340243,CAPRICORN,26.340243,0,0,0,0,0,0.02047661
2021-03-15,SUN,355.122453,PISCES,25.122453,0,0,0,0,0,0.9966564
2021-03-15,MERCURY,329.424674,AQUARIUS,29.424674,0,0,0,0,0,1.31639771
2021-03-15,VENUS,352.408459,PISCES,22.408459,0,0,0,0,0,1.24646169
2021-03-15,MARS,66.639196,GEMINI,6.639196,0,0,0,0,0,0.58930681
2021-03-15,JUPITER,319.828398,AQUARIUS,19.828398,0,0,0,0,0,0.21545916
2021-03-15,SATURN,309.938902,AQUARIUS,9.938902,0,0,0,0,0,0.09534618
2021-03-15,URANUS,38.199079,TAURUS,8.199079,0,0,0,0,0,0.04542328
2021-03-15,NEPTUNE,350.8032,PISCES,20.8032,0,0,0,0,0,0.03788577
2021-03-15,PLUTO,296.360519,CAPRICORN,26.360519,0,0,0,0,0,0.02007466
2021-03-16,SUN,356.118823,PISCES,26.118823,0,0,0,0,0,0.99607785
2021-03-16,MERCURY,330.754784,PISCES,0.754784,0,1,0,0,0,1.34365612
2021-03-16,VENUS,353.654789,PISCES,23.654789,0,0,0,0,0,1.24619456
2021-03-16,MARS,67.228866,GEMINI,7.228866,0,0,0,0,0,0.59002853
2021-03-16,JUPITER,320.043351,AQUARIUS,20.043351,0,0,0,0,0,0.21444114
2021-03-16,SATURN,310.033782,AQUARIUS,10.033782,0,0,0,0,0,0.09441013
2021-03-16,URANUS,38.244765,TAURUS,8.244765,0,0,0,0,0,0.045947
2021-03-16,NEPTUNE,350.841068,PISCES,20.841068,0,0,0,0,0,0.03784802
2021-03-16,PLUTO,296.380392,CAPRICORN,26.380392,0,0,0,0,0,0.01967212
2021-03-17,SUN,357.114609,PISCES,27.114609,0,0,0,0,0,0.9954881
2021-03-17,MERCURY,332.111702,PISCES,2.111702,0,0,0,0,0,1.37003311
2021-03-17,VENUS,354.900848,PISCES,24.900848,0,0,0,0,0,1.24592079
2021-03-17,MARS,67.819247,GEMINI,7.819247,0,0,0,0,0,0.59072651
2021-03-17,JUPITER,320.257274,AQUARIUS,20.257274,0,0,0,0,0,0.21340125
2021-03-17,SATURN,310.127718,AQUARIUS,10.127718,0,0,0,0,0,0.0934595
2021-03-17,URANUS,38.290971,TAURUS,8.290971,0,0,0,0,0,0.04646192
2021-03-17,NEPTUNE,350.878895,PISCES,20.878895,0,0,0,0,0,0.03780446
2021-03-17,PLUTO,296.399863,CAPRICORN,26.399863,0,0,0,0,0,0.01926785
2021-03-18,SUN,358.1098,PISCES,28.1098,0,0,0,0,0,0.9948876
2021-03-18,MERCURY,333.494605,PISCES,3.494605,0,0,0,0,0,1.39564765
2021-03-18,VENUS,356.14663,PISCES,26.14663,0,0,0,0,0,1.24563991
2021-03-18,MARS,68.410313,GEMINI,8.410313,0,0,0,0,0,0.59139938
2021-03-18,JUPITER,320.470146,AQUARIUS,20.470146,0,0,0,0,0,0.21233837
2021-03-18,SATURN,310.220696,AQUARIUS,10.220696,0,0,0,0,0,0.09249307
2021-03-18,URANUS,38.337686,TAURUS,8.337686,0,0,0,0,0,0.04696647
2021-03-18,NEPTUNE,350.916675,PISCES,20.916675,0,0,0,0,0,0.03775348
2021-03-18,PLUTO,296.418927,CAPRICORN,26.418927,0,0,0,0,0,0.01886049
2021-03-19,SUN,359.104385,PISCES,29.104385,0,0,0,0,0,0.99427672
2021-03-19,MERCURY,334.902788,PISCES,4.902788,0,0,0,0,0,1.42060839
2021-03-19,VENUS,357.392127,PISCES,27.392127,0,0,0,0,0,1.24535141
2021-03-19,MARS,69.002039,GEMINI,9.002039,0,0,0,0,0,0.59204587
2021-03-19,JUPITER,320.681943,AQUARIUS,20.681943,0,0,0,0,0,0.21125134
2021-03-19,SATURN,310.312699,AQUARIUS,10.312699,0,0,0,0,0,0.09150975
2021-03-19,URANUS,38.3849,TAURUS,8.3849,0,0,0,0,0,0.0474591
2021-03-19,NEPTUNE,350.9544,PISCES,20.9544,0,0,0,0,0,0.03769348
2021-03-19,PLUTO,296.437582,CAPRICORN,26.437582,0,0,0,0,0,0.01844873
2021-03-20,SUN,0.098354,ARIES,0.098354,0,1,0,0,0,0.99365597
2021-03-20,MERCURY,336.335646,PISCES,6.335646,0,0,0,0,0,1.44501516
2021-03-20,VENUS,358.637331,PISCES,28.637331,0,0,0,0,0,1.24505497
2021-03-20,MARS,69.594398,GEMINI,9.594398,0,0,0,0,0,0.59266496
2021-03-20,JUPITER,320.892641,AQUARIUS,20.892641,0,0,0,0,0,0.21013914
2021-03-20,SATURN,310.40371,AQUARIUS,10.40371,0,0,0,0,0,0.09050842
2021-03-20,URANUS,38.4326,TAURUS,8.4326,0,0,0,0,0,0.04793838
2021-03-20,NEPTUNE,350.992059,PISCES,20.992059,0,0,0,0,0,0.03762309
2021-03-20,PLUTO,296.455823,CAPRICORN,26.455823,0,0,0,0,0,0.01803128
2021-03-21,SUN,1.091698,ARIES,1.091698,0,0,0,0,0,0.99302619
2021-03-21,MERCURY,337.792672,PISCES,7.792672,0,0,0,0,0,1.46895981
2021-03-21,VENUS,359.882236,PISCES,29.882236,0,0,0,0,0,1.24475051
2021-03-21,MARS,70.187362,GEMINI,10.187362,0,0,0,0,0,0.59325582
2021-03-21,JUPITER,321.102214,AQUARIUS,21.102214,0,0,0,0,0,0.20900096
2021-03-21,SATURN,310.49371,AQUARIUS,10.49371,0,0,0,0,0,0.08948826
2021-03-21,URANUS,38.480772,TAURUS,8.480772,0,0,0,0,0,0.04840303
2021-03-21,NEPTUNE,351.029643,PISCES,21.029643,0,0,0,0,0,0.03754114
2021-03-21,PLUTO,296.473643,CAPRICORN,26.473643,0,0,0,0,0,0.01760715
2021-03-22,SUN,2.084409,ARIES,2.084409,0,0,0,0,0,0.99238877
2021-03-22,MERCURY,339.273448,PISCES,9.273448,0,0,0,0,0,1.4925273
2021-03-22,VENUS,1.126831,ARIES,1.126831,0,1,0,0,0,1.24443841
2021-03-22,MARS,70.780902,GEMINI,10.780902,0,0,0,0,0,0.59381796
2021-03-22,JUPITER,321.310635,AQUARIUS,21.310635,0,0,0,0,0,0.20783632
2021-03-22,SATURN,310.58268,AQUARIUS,10.58268,0,0,0,0,0,0.08844872
2021-03-22,URANUS,38.529401,TAURUS,8.529401,0,0,0,0,0,0.04885212
2021-03-22,NEPTUNE,351.067138,PISCES,21.067138,0,0,0,0,0,0.0374468
2021-03-22,PLUTO,296.491035,CAPRICORN,26.491035,0,0,0,0,0,0.01717553
2021-03-23,SUN,3.076478,ARIES,3.076478,0,0,0,0,0,0.9917458
2021-03-23,MERCURY,340.777634,PISCES,10.777634,0,0,0,0,0,1.5157963
2021-03-23,VENUS,2.371111,ARIES,2.371111,0,0,0,0,0,1.24411946
2021-03-23,MARS,71.374991,GEMINI,11.374991,0,0,0,0,0,0.59435131
2021-03-23,JUPITER,321.517878,AQUARIUS,21.517878,0,0,0,0,0,0.20664499
2021-03-23,SATURN,310.670601,AQUARIUS,10.670601,0,0,0,0,0,0.08738949
2021-03-23,URANUS,38.578472,TAURUS,8.578472,0,0,0,0,0,0.04928501
2021-03-23,NEPTUNE,351.104532,PISCES,21.104532,0,0,0,0,0,0.03733945
2021-03-23,PLUTO,296.507991,CAPRICORN,26.507991,0,0,0,0,0,0.0167359
2021-03-24,SUN,4.067904,ARIES,4.067904,0,0,0,0,0,0.99110045
2021-03-24,MERCURY,342.304972,PISCES,12.304972,0,0,0,0,0,1.53884005
2021-03-24,VENUS,3.615069,ARIES,3.615069,0,0,0,0,0,1.24379509
2021-03-24,MARS,71.969598,GEMINI,11.969598,0,0,0,0,0,0.59485662
2021-03-24,JUPITER,321.723916,AQUARIUS,21.723916,0,0,0,0,0,0.20542728
2021-03-24,SATURN,310.757452,AQUARIUS,10.757452,0,0,0,0,0,0.08631073
2021-03-24,URANUS,38.627966,TAURUS,8.627966,0,0,0,0,0,0.04970156
2021-03-24,NEPTUNE,351.141812,PISCES,21.141812,0,0,0,0,0,0.03721902
2021-03-24,PLUTO,296.524504,CAPRICORN,26.524504,0,0,0,0,0,0.01628821
2021-03-25,SUN,5.058684,ARIES,5.058684,0,0,0,0,0,0.99045752
2021-03-25,MERCURY,343.855268,PISCES,13.855268,0,0,0,0,0,1.56172716
2021-03-25,VENUS,4.858701,ARIES,4.858701,0,0,0,0,0,1.24346766
2021-03-25,MARS,72.564698,GEMINI,12.564698,0,0,0,0,0,0.59533637
2021-03-25,JUPITER,321.928724,AQUARIUS,21.928724,0,0,0,0,0,0.20418454
2021-03-25,SATURN,310.843216,AQUARIUS,10.843216,0,0,0,0,0,0.08521371
2021-03-25,URANUS,38.67787,TAURUS,8.67787,0,0,0,0,0,0.05010276
2021-03-25,NEPTUNE,351.178966,PISCES,21.178966,0,0,0,0,0,0.03708653
2021-03-25,PLUTO,296.540565,CAPRICORN,26.540565,0,0,0,0,0,0.0158335
2021-03-26,SUN,6.048826,ARIES,6.048826,0,0,0,0,0,0.98982393
2021-03-26,MERCURY,345.428401,PISCES,15.428401,0,0,0,0,0,1.58452266
2021-03-26,VENUS,6.102005,ARIES,6.102005,0,0,0,0,0,1.24314124
2021-03-26,MARS,73.160266,GEMINI,13.160266,0,0,0,0,0,0.59579539
2021-03-26,JUPITER,322.132278,AQUARIUS,22.132278,0,0,0,0,0,0.20291979
2021-03-26,SATURN,310.927875,AQUARIUS,10.927875,0,0,0,0,0,0.08410136
2021-03-26,URANUS,38.728168,TAURUS,8.728168,0,0,0,0,0,0.05049143
2021-03-26,NEPTUNE,351.215982,PISCES,21.215982,0,0,0,0,0,0.03694477
2021-03-26,PLUTO,296.556169,CAPRICORN,26.556169,0,0,0,0,0,0.01537449
2021-03-27,SUN,7.038342,ARIES,7.038342,0,0,0,0,0,0.9892082
2021-03-27,MERCURY,347.024308,PISCES,17.024308,0,0,0,0,0,1.6072874
2021-03-27,VENUS,7.344986,ARIES,7.344986,0,0,0,0,0,1.24282191
2021-03-27,MARS,73.756287,GEMINI,13.756287,0,0,0,0,0,0.59624094
2021-03-27,JUPITER,322.334558,AQUARIUS,22.334558,0,0,0,0,0,0.20163741
2021-03-27,SATURN,311.011415,AQUARIUS,11.011415,0,0,0,0,0,0.08297795
2021-03-27,URANUS,38.77885,TAURUS,8.77885,0,0,0,0,0,0.050872
2021-03-27,NEPTUNE,351.252854,PISCES,21.252854,0,0,0,0,0,0.03679807
2021-03-27,PLUTO,296.571314,CAPRICORN,26.571314,0,0,0,0,0,0.01491546
2021-03-28,SUN,8.027255,ARIES,8.027255,0,0,0,0,0,0.98861856
2021-03-28,MERCURY,348.642989,PISCES,18.642989,0,0,0,0,0,1.63007694
2021-03-28,VENUS,8.587654,ARIES,8.587654,0,0,0,0,0,1.24251671
2021-03-28,MARS,74.352749,GEMINI,14.352749,0,0,0,0,0,0.59668121
2021-03-28,JUPITER,322.535549,AQUARIUS,22.535549,0,0,0,0,0,0.20034172
2021-03-28,SATURN,311.093828,AQUARIUS,11.093828,0,0,0,0,0,0.08184802
2021-03-28,URANUS,38.829911,TAURUS,8.829911,0,0,0,0,0,0.05124928
2021-03-28,NEPTUNE,351.289578,PISCES,21.289578,0,0,0,0,0,0.0366511
2021-03-28,PLUTO,296.586002,CAPRICORN,26.586002,0,0,0,0,0,0.01446093
2021-03-29,SUN,9.015593,ARIES,9.015593,0,0,0,0,0,0.98806022
2021-03-29,MERCURY,350.284492,PISCES,20.284492,0,0,0,0,0,1.65293862
2021-03-29,VENUS,9.830027,ARIES,9.830027,0,0,0,0,0,1.24223066
2021-03-29,MARS,74.949652,GEMINI,14.949652,0,0,0,0,0,0.59712299
2021-03-29,JUPITER,322.735238,AQUARIUS,22.735238,0,0,0,0,0,0.19903492
2021-03-29,SATURN,311.17511,AQUARIUS,11.17511,0,0,0,0,0,0.08071407
2021-03-29,URANUS,38.881349,TAURUS,8.881349,0,0,0,0,0,0.05162622
2021-03-29,NEPTUNE,351.326157,PISCES,21.326157,0,0,0,0,0,0.03650669
2021-03-29,PLUTO,296.600238,CAPRICORN,26.600238,0,0,0,0,0,0.01401367
2021-03-30,SUN,10.003389,ARIES,10.003389,0,0,0,0,0,0.98753308
2021-03-30,MERCURY,351.948909,PISCES,21.948909,0,0,0,0,0,1.67590976
2021-03-30,VENUS,11.072124,ARIES,11.072124,0,0,0,0,0,1.24196414
2021-03-30,MARS,75.546999,GEMINI,15.546999,0,0,0,0,0,0.59756948
2021-03-30,JUPITER,322.933615,AQUARIUS,22.933615,0,0,0,0,0,0.19771539
2021-03-30,SATURN,311.255255,AQUARIUS,11.255255,0,0,0,0,0,0.07957492
2021-03-30,URANUS,38.933164,TAURUS,8.933164,0,0,0,0,0,0.0520023
2021-03-30,NEPTUNE,351.362593,PISCES,21.362593,0,0,0,0,0,0.03636417
2021-03-30,PLUTO,296.614031,CAPRICORN,26.614031,0,0,0,0,0,0.01357286
2021-03-31,SUN,10.990671,ARIES,10.990671,0,0,0,0,0,0.9870315
2021-03-31,MERCURY,353.636363,PISCES,23.636363,0,0,0,0,0,1.69901699
2021-03-31,VENUS,12.313962,ARIES,12.313962,0,0,0,0,0,1.24171247
2021-03-31,MARS,76.144794,GEMINI,16.144794,0,0,0,0,0,0.5980198
2021-03-31,JUPITER,323.130664,AQUARIUS,23.130664,0,0,0,0,0,0.19637768
2021-03-31,SATURN,311.334257,AQUARIUS,11.334257,0,0,0,0,0,0.07842582
2021-03-31,URANUS,38.985352,TAURUS,8.985352,0,0,0,0,0,0.05237348
2021-03-31,NEPTUNE,351.398886,PISCES,21.398886,0,0,0,0,0,0.03621933
2021-03-31,PLUTO,296.627385,CAPRICORN,26.627385,0,0,0,0,0,0.01313426
2021-04-01,SUN,11.97746,ARIES,11.97746,0,0,0,0,0,0.98654613
2021-04-01,MERCURY,355.347,PISCES,25.347,0,0,0,0,0,1.72227791
2021-04-01,VENUS,13.555553,ARIES,13.555553,0,0,0,0,0,1.24146786
2021-04-01,MARS,76.74304,GEMINI,16.74304,0,0,0,0,0,0.59847016
2021-04-01,JUPITER,323.326363,AQUARIUS,23.326363,0,0,0,0,0,0.1950145
2021-04-01,SATURN,311.412102,AQUARIUS,11.412102,0,0,0,0,0,0.07726028
2021-04-01,URANUS,39.037907,TAURUS,9.037907,0,0,0,0,0,0.05273374
2021-04-01,NEPTUNE,351.43503,PISCES,21.43503,0,0,0,0,0,0.03606609
2021-04-01,PLUTO,296.640299,CAPRICORN,26.640299,0,0,0,0,0,0.01269182
2021-04-02,SUN,12.963767,ARIES,12.963767,0,0,0,0,0,0.98606707
2021-04-02,MERCURY,357.080979,PISCES,27.080979,0,0,0,0,0,1.74570337
2021-04-02,VENUS,14.796899,ARIES,14.796899,0,0,0,0,0,1.24122249
2021-04-02,MARS,77.341735,GEMINI,17.341735,0,0,0,0,0,0.59891631
2021-04-02,JUPITER,323.520683,AQUARIUS,23.520683,0,0,0,0,0,0.1936193
2021-04-02,SATURN,311.48877,AQUARIUS,11.48877,0,0,0,0,0,0.07607262
2021-04-02,URANUS,39.090815,TAURUS,9.090815,0,0,0,0,0,0.05307779
2021-04-02,NEPTUNE,351.471014,PISCES,21.471014,0,0,0,0,0,0.03589913
2021-04-02,PLUTO,296.652766,CAPRICORN,26.652766,0,0,0,0,0,0.0122404
2021-04-03,SUN,13.949596,ARIES,13.949596,0,0,0,0,0,0.98558651
2021-04-03,MERCURY,358.838468,PISCES,28.838468,0,0,0,0,0,1.76929884
2021-04-03,VENUS,16.037997,ARIES,16.037997,0,0,0,0,0,1.24097085
2021-04-03,MARS,77.940873,GEMINI,17.940873,0,0,0,0,0,0.59935536
2021-04-03,JUPITER,323.71359,AQUARIUS,23.71359,0,0,0,0,0,0.19218832
2021-04-03,SATURN,311.564239,AQUARIUS,11.564239,0,0,0,0,0,0.07485987
2021-04-03,URANUS,39.144057,TAURUS,9.144057,0,0,0,0,0,0.0534028
2021-04-03,NEPTUNE,351.506823,PISCES,21.506823,0,0,0,0,0,0.03571565
2021-04-03,PLUTO,296.664776,CAPRICORN,26.664776,0,0,0,0,0,0.01177739
2021-04-04,SUN,14.934941,ARIES,14.934941,0,0,0,0,0,0.98509981
2021-04-04,MERCURY,0.619637,ARIES,0.619637,0,1,0,0,0,1.7930639
2021-04-04,VENUS,17.278839,ARIES,17.278839,0,0,0,0,0,1.24071038
2021-04-04,MARS,78.540446,GEMINI,18.540446,0,0,0,0,0,0.59978635
2021-04-04,JUPITER,323.905048,AQUARIUS,23.905048,0,0,0,0,0,0.19072101
2021-04-04,SATURN,311.638482,AQUARIUS,11.638482,0,0,0,0,0,0.07362224
2021-04-04,URANUS,39.197615,TAURUS,9.197615,0,0,0,0,0,0.05370879
2021-04-04,NEPTUNE,351.54244,PISCES,21.54244,0,0,0,0,0,0.03551583
2021-04-04,PLUTO,296.676317,CAPRICORN,26.676317,0,0,0,0,0,0.01130316
2021-04-05,SUN,15.919795,ARIES,15.919795,0,0,0,0,0,0.98460501
2021-04-05,MERCURY,2.424652,ARIES,2.424652,0,0,0,0,0,1.81698996
2021-04-05,VENUS,18.519416,ARIES,18.519416,0,0,0,0,0,1.24044115
2021-04-05,MARS,79.140445,GEMINI,19.140445,0,0,0,0,0,0.60020984
2021-04-05,JUPITER,324.095021,AQUARIUS,24.095021,0,0,0,0,0,0.1892191
2021-04-05,SATURN,311.711476,AQUARIUS,11.711476,0,0,0,0,0,0.07236197
2021-04-05,URANUS,39.251469,TAURUS,9.251469,0,0,0,0,0,0.05399777
2021-04-05,NEPTUNE,351.57785,PISCES,21.57785,0,0,0,0,0,0.03530182
2021-04-05,PLUTO,296.68738,CAPRICORN,26.68738,0,0,0,0,0,0.01082015
2021-04-06,SUN,16.90415,ARIES,16.90415,0,0,0,0,0,0.98410188
2021-04-06,MERCURY,4.253666,ARIES,4.253666,0,0,0,0,0,1.84105684
2021-04-06,VENUS,19.759719,ARIES,19.759719,0,0,0,0,0,1.24016424
2021-04-06,MARS,79.740865,GEMINI,19.740865,0,0,0,0,0,0.60062696
2021-04-06,JUPITER,324.283476,AQUARIUS,24.283476,0,0,0,0,0,0.18768528
2021-04-06,SATURN,311.783199,AQUARIUS,11.783199,0,0,0,0,0,0.07108229
2021-04-06,URANUS,39.305606,TAURUS,9.305606,0,0,0,0,0,0.05427251
2021-04-06,NEPTUNE,351.61304,PISCES,21.61304,0,0,0,0,0,0.03507659
2021-04-06,PLUTO,296.697956,CAPRICORN,26.697956,0,0,0,0,0,0.01033155
2021-04-07,SUN,17.887998,ARIES,17.887998,0,0,0,0,0,0.98359082
2021-04-07,MERCURY,6.106803,ARIES,6.106803,0,0,0,0,0,1.86522928
2021-04-07,VENUS,20.999743,ARIES,20.999743,0,0,0,0,0,1.23988126
2021-04-07,MARS,80.3417,GEMINI,20.3417,0,0,0,0,0,0.60103875
2021-04-07,JUPITER,324.470382,AQUARIUS,24.470382,0,0,0,0,0,0.18612235
2021-04-07,SATURN,311.853635,AQUARIUS,11.853635,0,0,0,0,0,0.06978637
2021-04-07,URANUS,39.360011,TAURUS,9.360011,0,0,0,0,0,0.05453565
2021-04-07,NEPTUNE,351.648001,PISCES,21.648001,0,0,0,0,0,0.03484304
2021-04-07,PLUTO,296.708042,CAPRICORN,26.708042,0,0,0,0,0,0.0098405
2021-04-08,SUN,18.871332,ARIES,18.871332,0,0,0,0,0,0.98307237
2021-04-08,MERCURY,7.984143,ARIES,7.984143,0,0,0,0,0,1.88945376
2021-04-08,VENUS,22.239481,ARIES,22.239481,0,0,0,0,0,1.2395936
2021-04-08,MARS,80.942944,GEMINI,20.942944,0,0,0,0,0,0.60144595
2021-04-08,JUPITER,324.655712,AQUARIUS,24.655712,0,0,0,0,0,0.18453279
2021-04-08,SATURN,311.922768,AQUARIUS,11.922768,0,0,0,0,0,0.06847698
2021-04-08,URANUS,39.414674,TAURUS,9.414674,0,0,0,0,0,0.05478946
2021-04-08,NEPTUNE,351.682724,PISCES,21.682724,0,0,0,0,0,0.03460363
2021-04-08,PLUTO,296.717637,CAPRICORN,26.717637,0,0,0,0,0,0.00934961
2021-04-09,SUN,19.854143,ARIES,19.854143,0,0,0,0,0,0.98254687
2021-04-09,MERCURY,9.885703,ARIES,9.885703,0,0,0,0,0,1.9136549
2021-04-09,VENUS,23.47893,ARIES,23.47893,0,0,0,0,0,1.23930221
2021-04-09,MARS,81.544593,GEMINI,21.544593,0,0,0,0,0,0.60184867
2021-04-09,JUPITER,324.839439,AQUARIUS,24.839439,0,0,0,0,0,0.18291842
2021-04-09,SATURN,311.990585,AQUARIUS,11.990585,0,0,0,0,0,0.06715628
2021-04-09,URANUS,39.469587,TAURUS,9.469587,0,0,0,0,0,0.05503551
2021-04-09,NEPTUNE,351.717207,PISCES,21.717207,0,0,0,0,0,0.03436018
2021-04-09,PLUTO,296.726741,CAPRICORN,26.726741,0,0,0,0,0,0.00886092
2021-04-10,SUN,20.836426,ARIES,20.836426,0,0,0,0,0,0.98201427
2021-04-10,MERCURY,11.811412,ARIES,11.811412,0,0,0,0,0,1.93773184
2021-04-10,VENUS,24.718085,ARIES,24.718085,0,0,0,0,0,1.23900744
2021-04-10,MARS,82.146642,GEMINI,22.146642,0,0,0,0,0,0.6022463
2021-04-10,JUPITER,325.021541,AQUARIUS,25.021541,0,0,0,0,0,0.18128036
2021-04-10,SATURN,312.057077,AQUARIUS,12.057077,0,0,0,0,0,0.0658256
2021-04-10,URANUS,39.524743,TAURUS,9.524743,0,0,0,0,0,0.05527454
2021-04-10,NEPTUNE,351.751444,PISCES,21.751444,0,0,0,0,0,0.03411363
2021-04-10,PLUTO,296.735359,CAPRICORN,26.735359,0,0,0,0,0,0.00837549
2021-04-11,SUN,21.818173,ARIES,21.818173,0,0,0,0,0,0.98147407
2021-04-11,MERCURY,13.761083,ARIES,13.761083,0,0,0,0,0,1.96155483
2021-04-11,VENUS,25.956944,ARIES,25.956944,0,0,0,0,0,1.23870892
2021-04-11,MARS,82.749085,GEMINI,22.749085,0,0,0,0,0,0.60263744
2021-04-11,JUPITER,325.201993,AQUARIUS,25.201993,0,0,0,0,0,0.1796189
2021-04-11,SATURN,312.122233,AQUARIUS,12.122233,0,0,0,0,0,0.06448535
2021-04-11,URANUS,39.580135,TAURUS,9.580135,0,0,0,0,0,0.05550646
2021-04-11,NEPTUNE,351.785433,PISCES,21.785433,0,0,0,0,0,0.03386406
2021-04-11,PLUTO,296.743494,CAPRICORN,26.743494,0,0,0,0,0,0.00789362
2021-04-12,SUN,22.799375,ARIES,22.799375,0,0,0,0,0,0.98092554
2021-04-12,MERCURY,15.734383,ARIES,15.734383,0,0,0,0,0,1.98496132
2021-04-12,VENUS,27.195503,ARIES,27.195503,0,0,0,0,0,1.23840581
2021-04-12,MARS,83.351916,GEMINI,23.351916,0,0,0,0,0,0.60302015
2021-04-12,JUPITER,325.380771,AQUARIUS,25.380771,0,0,0,0,0,0.17793361
2021-04-12,SATURN,312.186045,AQUARIUS,12.186045,0,0,0,0,0,0.0631353
2021-04-12,URANUS,39.635754,TAURUS,9.635754,0,0,0,0,0,0.05573026
2021-04-12,NEPTUNE,351.819171,PISCES,21.819171,0,0,0,0,0,0.03361077
2021-04-12,PLUTO,296.751148,CAPRICORN,26.751148,0,0,0,0,0,0.00741467
2021-04-13,SUN,23.780024,ARIES,23.780024,0,0,0,0,0,0.98036799
2021-04-13,MERCURY,17.7308,ARIES,17.7308,0,0,0,0,0,2.00775255
2021-04-13,VENUS,28.433755,ARIES,28.433755,0,0,0,0,0,1.23809707
2021-04-13,MARS,83.955124,GEMINI,23.955124,0,0,0,0,0,0.60339229
2021-04-13,JUPITER,325.557852,AQUARIUS,25.557852,0,0,0,0,0,0.17622365
2021-04-13,SATURN,312.248501,AQUARIUS,12.248501,0,0,0,0,0,0.06177472
2021-04-13,URANUS,39.691593,TAURUS,9.691593,0,0,0,0,0,0.05594472
2021-04-13,NEPTUNE,351.852654,PISCES,21.852654,0,0,0,0,0,0.03335267
2021-04-13,PLUTO,296.758324,CAPRICORN,26.758324,0,0,0,0,0,0.00693767
2021-04-14,SUN,24.760111,ARIES,24.760111,0,0,0,0,0,0.97980097
2021-04-14,MERCURY,19.749603,ARIES,19.749603,0,0,0,0,0,2.02969029
2021-04-14,VENUS,29.671696,ARIES,29.671696,0,0,0,0,0,1.23778168
2021-04-14,MARS,84.558699,GEMINI,24.558699,0,0,0,0,0,0.60375186
2021-04-14,JUPITER,325.73321,AQUARIUS,25.73321,0,0,0,0,0,0.17448805
2021-04-14,SATURN,312.30959,AQUARIUS,12.30959,0,0,0,0,0,0.06040268
2021-04-14,URANUS,39.74764,TAURUS,9.74764,0,0,0,0,0,0.05614842
2021-04-14,NEPTUNE,351.885875,PISCES,21.885875,0,0,0,0,0,0.03308842
2021-04-14,PLUTO,296.765024,CAPRICORN,26.765024,0,0,0,0,0,0.0064614
2021-04-15,SUN,25.739626,ARIES,25.739626,0,0,0,0,0,0.97922409
2021-04-15,MERCURY,21.789801,ARIES,21.789801,0,0,0,0,0,2.05049407
2021-04-15,VENUS,30.909318,TAURUS,0.909318,0,1,0,0,0,1.23745867
2021-04-15,MARS,85.162625,GEMINI,25.162625,0,0,0,0,0,0.60409696
2021-04-15,JUPITER,325.90682,AQUARIUS,25.90682,0,0,0,0,0,0.17272565
2021-04-15,SATURN,312.369302,AQUARIUS,12.369302,0,0,0,0,0,0.05901816
2021-04-15,URANUS,39.803886,TAURUS,9.803886,0,0,0,0,0,0.05633978
2021-04-15,NEPTUNE,351.918829,PISCES,21.918829,0,0,0,0,0,0.03281665
2021-04-15,PLUTO,296.771247,CAPRICORN,26.771247,0,0,0,0,0,0.00598454
2021-04-16,SUN,26.71856,ARIES,26.71856,0,0,0,0,0,0.97863714
2021-04-16,MERCURY,23.850102,ARIES,23.850102,0,0,0,0,0,2.06984003
2021-04-16,VENUS,32.146612,TAURUS,2.146612,0,0,0,0,0,1.23712703
2021-04-16,MARS,85.766889,GEMINI,25.766889,0,0,0,0,0,0.60442587
2021-04-16,JUPITER,326.078653,AQUARIUS,26.078653,0,0,0,0,0,0.17093533
2021-04-16,SATURN,312.427622,AQUARIUS,12.427622,0,0,0,0,0,0.05762007
2021-04-16,URANUS,39.860316,TAURUS,9.860316,0,0,0,0,0,0.05651729
2021-04-16,NEPTUNE,351.951507,PISCES,21.951507,0,0,0,0,0,0.03253593
2021-04-16,PLUTO,296.776992,CAPRICORN,26.776992,0,0,0,0,0,0.00550572
2021-04-17,SUN,27.696901,ARIES,27.696901,0,0,0,0,0,0.97804016
2021-04-17,MERCURY,25.928869,ARIES,25.928869,0,0,0,0,0,2.08736139
2021-04-17,VENUS,33.38357,TAURUS,3.38357,0,0,0,0,0,1.23678603
2021-04-17,MARS,86.371473,GEMINI,26.371473,0,0,0,0,0,0.60473714
2021-04-17,JUPITER,326.248681,AQUARIUS,26.248681,0,0,0,0,0,0.16911619
2021-04-17,SATURN,312.484538,AQUARIUS,12.484538,0,0,0,0,0,0.05620758
2021-04-17,URANUS,39.916916,TAURUS,9.916916,0,0,0,0,0,0.05667963
2021-04-17,NEPTUNE,351.983898,PISCES,21.983898,0,0,0,0,0,0.03224505
2021-04-17,PLUTO,296.782257,CAPRICORN,26.782257,0,0,0,0,0,0.00502376
2021-04-18,SUN,28.674641,ARIES,28.674641,0,0,0,0,0,0.97743381
2021-04-18,MERCURY,28.024079,ARIES,28.024079,0,0,0,0,0,2.10266305
2021-04-18,VENUS,34.620182,TAURUS,4.620182,0,0,0,0,0,1.23643541
2021-04-18,MARS,86.976359,GEMINI,26.976359,0,0,0,0,0,0.60502976
2021-04-18,JUPITER,326.416876,AQUARIUS,26.416876,0,0,0,0,0,0.16726765
2021-04-18,SATURN,312.540033,AQUARIUS,12.540033,0,0,0,0,0,0.05478022
2021-04-18,URANUS,39.97367,TAURUS,9.97367,0,0,0,0,0,0.0568259
2021-04-18,NEPTUNE,352.015994,PISCES,22.015994,0,0,0,0,0,0.03194317
2021-04-18,PLUTO,296.787038,CAPRICORN,26.787038,0,0,0,0,0,0.0045379
2021-04-19,SUN,29.651771,ARIES,29.651771,0,0,0,0,0,0.97681957
2021-04-19,MERCURY,30.133359,TAURUS,0.133359,0,1,0,0,0,2.11532205
2021-04-19,VENUS,35.856439,TAURUS,5.856439,0,0,0,0,0,1.23607561
2021-04-19,MARS,87.581529,GEMINI,27.581529,0,0,0,0,0,0.60530336
2021-04-19,JUPITER,326.583207,AQUARIUS,26.583207,0,0,0,0,0,0.16538981
2021-04-19,SATURN,312.594093,AQUARIUS,12.594093,0,0,0,0,0,0.05333803
2021-04-19,URANUS,40.030563,TAURUS,10.030563,0,0,0,0,0,0.05695575
2021-04-19,NEPTUNE,352.047781,PISCES,22.047781,0,0,0,0,0,0.03163001
2021-04-19,PLUTO,296.791332,CAPRICORN,26.791332,0,0,0,0,0,0.00404786
2021-04-20,SUN,30.628283,TAURUS,0.628283,0,1,0,0,0,0.97619977
2021-04-20,MERCURY,32.253694,TAURUS,2.253694,0,0,0,0,0,2.1248268
2021-04-20,VENUS,37.092331,TAURUS,7.092331,0,0,0,0,0,1.23570769
2021-04-20,MARS,88.186962,GEMINI,28.186962,0,0,0,0,0,0.60555812
2021-04-20,JUPITER,326.747646,AQUARIUS,26.747646,0,0,0,0,0,0.16348314
2021-04-20,SATURN,312.646704,AQUARIUS,12.646704,0,0,0,0,0,0.0518816
2021-04-20,URANUS,40.087577,TAURUS,10.087577,0,0,0,0,0,0.05706933
2021-04-20,NEPTUNE,352.07925,PISCES,22.07925,0,0,0,0,0,0.03130576
2021-04-20,PLUTO,296.795133,CAPRICORN,26.795133,0,0,0,0,0,0.00355387
2021-04-21,SUN,31.604174,TAURUS,1.604174,0,0,0,0,0,0.97557783
2021-04-21,MERCURY,34.381818,TAURUS,4.381818,0,0,0,0,0,2.13079628
2021-04-21,VENUS,38.327853,TAURUS,8.327853,0,0,0,0,0,1.23533357
2021-04-21,MARS,88.792641,GEMINI,28.792641,0,0,0,0,0,0.60579504
2021-04-21,JUPITER,326.910164,AQUARIUS,26.910164,0,0,0,0,0,0.16154877
2021-04-21,SATURN,312.697852,AQUARIUS,12.697852,0,0,0,0,0,0.05041196
2021-04-21,URANUS,40.144696,TAURUS,10.144696,0,0,0,0,0,0.05716729
2021-04-21,NEPTUNE,352.110389,PISCES,22.110389,0,0,0,0,0,0.03097109
2021-04-21,PLUTO,296.798438,CAPRICORN,26.798438,0,0,0,0,0,0.00305658
2021-04-22,SUN,32.579444,TAURUS,2.579444,0,0,0,0,0,0.97495875
2021-04-22,MERCURY,36.513941,TAURUS,6.513941,0,0,0,0,0,2.13275459
2021-04-22,VENUS,39.562998,TAURUS,9.562998,0,0,0,0,0,1.23495647
2021-04-22,MARS,89.398549,GEMINI,29.398549,0,0,0,0,0,0.60601645
2021-04-22,JUPITER,327.070735,AQUARIUS,27.070735,0,0,0,0,0,0.15958868
2021-04-22,SATURN,312.747524,AQUARIUS,12.747524,0,0,0,0,0,0.04893102
2021-04-22,URANUS,40.201907,TAURUS,10.201907,0,0,0,0,0,0.05725141
2021-04-22,NEPTUNE,352.141189,PISCES,22.141189,0,0,0,0,0,0.03062771
2021-04-22,PLUTO,296.801245,CAPRICORN,26.801245,0,0,0,0,0,0.00255762
2021-04-23,SUN,33.554099,TAURUS,3.554099,0,0,0,0,0,0.97434961
2021-04-23,MERCURY,38.645848,TAURUS,8.645848,0,0,0,0,0,2.13030411
2021-04-23,VENUS,40.797767,TAURUS,10.797767,0,0,0,0,0,1.23458149
2021-04-23,MARS,90.004673,CANCER,0.004673,0,1,0,0,0,0.60622671
2021-04-23,JUPITER,327.229334,AQUARIUS,27.229334,0,0,0,0,0,0.15760621
2021-04-23,SATURN,312.795711,AQUARIUS,12.795711,0,0,0,0,0,0.04744219
2021-04-23,URANUS,40.259196,TAURUS,10.259196,0,0,0,0,0,0.05732488
2021-04-23,NEPTUNE,352.171643,PISCES,22.171643,0,0,0,0,0,0.03027875
2021-04-23,PLUTO,296.803553,CAPRICORN,26.803553,0,0,0,0,0,0.0020601
2021-04-24,SUN,34.528153,TAURUS,4.528153,0,0,0,0,0,0.97375938
2021-04-24,MERCURY,40.772956,TAURUS,10.772956,0,0,0,0,0,2.12310694
2021-04-24,VENUS,42.032165,TAURUS,12.032165,0,0,0,0,0,1.23421547
2021-04-24,MARS,90.611003,CANCER,0.611003,0,0,0,0,0,0.60643206
2021-04-24,JUPITER,327.385942,AQUARIUS,27.385942,0,0,0,0,0,0.15560583
2021-04-24,SATURN,312.842407,AQUARIUS,12.842407,0,0,0,0,0,0.04594992
2021-04-24,URANUS,40.316555,TAURUS,10.316555,0,0,0,0,0,0.0573923
2021-04-24,NEPTUNE,352.201746,PISCES,22.201746,0,0,0,0,0,0.02992856
2021-04-24,PLUTO,296.805367,CAPRICORN,26.805367,0,0,0,0,0,0.00156826
2021-04-25,SUN,35.501631,TAURUS,5.501631,0,0,0,0,0,0.97319692
2021-04-25,MERCURY,42.890382,TAURUS,12.890382,0,0,0,0,0,2.1109074
2021-04-25,VENUS,43.266204,TAURUS,13.266204,0,0,0,0,0,1.23386521
2021-04-25,MARS,91.217539,CANCER,1.217539,0,0,0,0,0,0.6066393
2021-04-25,JUPITER,327.540542,AQUARIUS,27.540542,0,0,0,0,0,0.15359131
2021-04-25,SATURN,312.887611,AQUARIUS,12.887611,0,0,0,0,0,0.04445824
2021-04-25,URANUS,40.37398,TAURUS,10.37398,0,0,0,0,0,0.05745818
2021-04-25,NEPTUNE,352.231501,PISCES,22.231501,0,0,0,0,0,0.02958132
2021-04-25,PLUTO,296.806693,CAPRICORN,26.806693,0,0,0,0,0,0.00108612
2021-04-26,SUN,36.474562,TAURUS,6.474562,0,0,0,0,0,0.97266836
2021-04-26,MERCURY,44.993038,TAURUS,14.993038,0,0,0,0,0,2.09354835
2021-04-26,VENUS,44.499903,TAURUS,14.499903,0,0,0,0,0,1.23353518
2021-04-26,MARS,91.824286,CANCER,1.824286,0,0,0,0,0,0.6068535
2021-04-26,JUPITER,327.69312,AQUARIUS,27.69312,0,0,0,0,0,0.15156384
2021-04-26,SATURN,312.931324,AQUARIUS,12.931324,0,0,0,0,0,0.04296864
2021-04-26,URANUS,40.431472,TAURUS,10.431472,0,0,0,0,0,0.05752486
2021-04-26,NEPTUNE,352.260911,PISCES,22.260911,0,0,0,0,0,0.02923875
2021-04-26,PLUTO,296.807543,CAPRICORN,26.807543,0,0,0,0,0,0.00061527
2021-04-27,SUN,37.446983,TAURUS,7.446983,0,0,0,0,0,0.97217453
2021-04-27,MERCURY,47.07573,TAURUS,17.07573,0,0,0,0,0,2.07098124
2021-04-27,VENUS,45.733283,TAURUS,15.733283,0,0,0,0,0,1.23322531
2021-04-27,MARS,92.431251,CANCER,2.431251,0,0,0,0,0,0.60707615
2021-04-27,JUPITER,327.843664,AQUARIUS,27.843664,0,0,0,0,0,0.14952017
2021-04-27,SATURN,312.973548,AQUARIUS,12.973548,0,0,0,0,0,0.04147854
2021-04-27,URANUS,40.489031,TAURUS,10.489031,0,0,0,0,0,0.05759164
2021-04-27,NEPTUNE,352.28998,PISCES,22.28998,0,0,0,0,0,0.02889868
2021-04-27,PLUTO,296.807927,CAPRICORN,26.807927,0,0,0,0,0,0.00015341
2021-04-28,SUN,38.418925,TAURUS,8.418925,0,0,0,0,0,0.97171072
2021-04-28,MERCURY,49.133272,TAURUS,19.133272,0,0,0,0,0,2.04326975
2021-04-28,VENUS,46.96636,TAURUS,16.96636,0,0,0,0,0,1.23293103
2021-04-28,MARS,93.038443,CANCER,3.038443,0,0,0,0,0,0.60730507
2021-04-28,JUPITER,327.992154,AQUARIUS,27.992154,0,0,0,0,0,0.14745324
2021-04-28,SATURN,313.01428,AQUARIUS,13.01428,0,0,0,0,0,0.03998173
2021-04-28,URANUS,40.546655,TAURUS,10.546655,0,0,0,0,0,0.05765689
2021-04-28,NEPTUNE,352.318708,PISCES,22.318708,0,0,0,0,0,0.02855542
2021-04-28,PLUTO,296.807851,CAPRICORN,26.807851,1,0,1,0,1,-0.0003052
2021-04-29,SUN,39.390414,TAURUS,9.390414,0,0,0,0,0,0.97126867
2021-04-29,MERCURY,51.160598,TAURUS,21.160598,0,0,0,0,0,2.0105863
2021-04-29,VENUS,48.199149,TAURUS,18.199149,0,0,0,0,0,1.23264544
2021-04-29,MARS,93.645865,CANCER,3.645865,0,0,0,0,0,0.6075361
2021-04-29,JUPITER,328.138561,AQUARIUS,28.138561,0,0,0,0,0,0.14535483
2021-04-29,SATURN,313.053507,AQUARIUS,13.053507,0,0,0,0,0,0.03847105
2021-04-29,URANUS,40.604347,TAURUS,10.604347,0,0,0,0,0,0.05772946
2021-04-29,NEPTUNE,352.347089,PISCES,22.347089,0,0,0,0,0,0.02820214
2021-04-29,PLUTO,296.807315,CAPRICORN,26.807315,1,0,0,0,0,-0.00076733
2021-04-30,SUN,40.361469,TAURUS,10.361469,0,0,0,0,0,0.97083987
2021-04-30,MERCURY,53.152864,TAURUS,23.152864,0,0,0,0,0,1.97320128
2021-04-30,VENUS,49.431653,TAURUS,19.431653,0,0,0,0,0,1.23236213
2021-04-30,MARS,94.253517,CANCER,4.253517,0,0,0,0,0,0.60776578
2021-04-30,JUPITER,328.282851,AQUARIUS,28.282851,0,0,0,0,0,0.14321859
2021-04-30,SATURN,313.091215,AQUARIUS,13.091215,0,0,0,0,0,0.03694134
2021-04-30,URANUS,40.662088,TAURUS,10.662088,0,0,0,0,0,0.05756826
2021-04-30,NEPTUNE,352.375108,PISCES,22.375108,0,0,0,0,0,0.0278339
2021-04-30,PLUTO,296.806314,CAPRICORN,26.806314,1,0,0,0,0,-0.00123777
2021-05-01,SUN,41.332099,TAURUS,11.332099,0,0,0,0,0,0.97041818
2021-05-01,MERCURY,55.105537,TAURUS,25.105537,0,0,0,0,0,1.93146472
2021-05-01,VENUS,50.663874,TAURUS,20.663874,0,0,0,0,0,1.23207755
2021-05-01,MARS,94.861397,CANCER,4.861397,0,0,0,0,0,0.60799293
2021-05-01,JUPITER,328.424985,AQUARIUS,28.424985,0,0,0,0,0,0.14104216
2021-05-01,SATURN,313.127383,AQUARIUS,13.127383,0,0,0,0,0,0.03539125
2021-05-01,URANUS,40.719502,TAURUS,10.719502,0,0,0,0,0,0.05777694
2021-05-01,NEPTUNE,352.402751,PISCES,22.402751,0,0,0,0,0,0.02744934
2021-05-01,PLUTO,296.804837,CAPRICORN,26.804837,1,0,0,0,0,-0.00171767
2021-05-02,SUN,42.302309,TAURUS,12.302309,0,0,0,0,0,0.97000056
2021-05-02,MERCURY,57.014465,TAURUS,27.014465,0,0,0,0,0,1.88578222
2021-05-02,VENUS,51.895808,TAURUS,21.895808,0,0,0,0,0,1.23179112
2021-05-02,MARS,95.469504,CANCER,5.469504,0,0,0,0,0,0.60821872
2021-05-02,JUPITER,328.564923,AQUARIUS,28.564923,0,0,0,0,0,0.13882693
2021-05-02,SATURN,313.161992,AQUARIUS,13.161992,0,0,0,0,0,0.03382302
2021-05-02,URANUS,40.777254,TAURUS,10.777254,0,0,0,0,0,0.05771585
2021-05-02,NEPTUNE,352.430002,PISCES,22.430002,0,0,0,0,0,0.02705052
2021-05-02,PLUTO,296.802876,CAPRICORN,26.802876,1,0,0,0,0,-0.00220468
2021-05-03,SUN,43.272103,TAURUS,13.272103,0,0,0,0,0,0.96958615
2021-05-03,MERCURY,58.875919,TAURUS,28.875919,0,0,0,0,0,1.836588
2021-05-03,VENUS,53.127456,TAURUS,23.127456,0,0,0,0,0,1.23150405
2021-05-03,MARS,96.077837,CANCER,6.077837,0,0,0,0,0,0.60844544
2021-05-03,JUPITER,328.702627,AQUARIUS,28.702627,0,0,0,0,0,0.13657636
2021-05-03,SATURN,313.195025,AQUARIUS,13.195025,0,0,0,0,0,0.03224088
2021-05-03,URANUS,40.834941,TAURUS,10.834941,0,0,0,0,0,0.05766011
2021-05-03,NEPTUNE,352.456849,PISCES,22.456849,0,0,0,0,0,0.02664124
2021-05-03,PLUTO,296.800426,CAPRICORN,26.800426,1,0,0,0,0,-0.00269481
2021-05-04,SUN,44.241485,TAURUS,14.241485,0,0,0,0,0,0.9691749
2021-05-04,MERCURY,60.686605,GEMINI,0.686605,0,1,0,0,0,1.78431901
2021-05-04,VENUS,54.358818,TAURUS,24.358818,0,0,0,0,0,1.23121797
2021-05-04,MARS,96.686398,CANCER,6.686398,0,0,0,0,0,0.6086751
2021-05-04,JUPITER,328.838065,AQUARIUS,28.838065,0,0,0,0,0,0.13429409
2021-05-04,SATURN,313.22647,AQUARIUS,13.22647,0,0,0,0,0,0.030649
2021-05-04,URANUS,40.892575,TAURUS,10.892575,0,0,0,0,0,0.05760651
2021-05-04,NEPTUNE,352.483283,PISCES,22.483283,0,0,0,0,0,0.02622527
2021-05-04,PLUTO,296.797486,CAPRICORN,26.797486,1,0,0,0,0,-0.00318406
2021-05-05,SUN,45.210456,TAURUS,15.210456,0,0,0,0,0,0.96876663
2021-05-05,MERCURY,62.44366,GEMINI,2.44366,0,0,0,0,0,1.7293932
2021-05-05,VENUS,55.589894,TAURUS,25.589894,0,0,0,0,0,1.23093377
2021-05-05,MARS,97.295191,CANCER,7.295191,0,0,0,0,0,0.60890875
2021-05-05,JUPITER,328.971206,AQUARIUS,28.971206,0,0,0,0,0,0.13198304
2021-05-05,SATURN,313.25632,AQUARIUS,13.25632,0,0,0,0,0,0.02905075
2021-05-05,URANUS,40.950153,TAURUS,10.950153,0,0,0,0,0,0.05754803
2021-05-05,NEPTUNE,352.509298,PISCES,22.509298,0,0,0,0,0,0.02580545
2021-05-05,PLUTO,296.794059,CAPRICORN,26.794059,1,0,0,0,0,-0.00366939
2021-05-06,SUN,46.179021,TAURUS,16.179021,0,0,0,0,0,0.96836071
2021-05-06,MERCURY,64.144622,GEMINI,4.144622,0,0,0,0,0,1.67219277
2021-05-06,VENUS,56.820687,TAURUS,26.820687,0,0,0,0,0,1.23065181
2021-05-06,MARS,97.904219,CANCER,7.904219,0,0,0,0,0,0.60914654
2021-05-06,JUPITER,329.102022,AQUARIUS,29.102022,0,0,0,0,0,0.12964527
2021-05-06,SATURN,313.28457,AQUARIUS,13.28457,0,0,0,0,0,0.02744848
2021-05-06,URANUS,41.007669,TAURUS,11.007669,0,0,0,0,0,0.05748368
2021-05-06,NEPTUNE,352.534893,PISCES,22.534893,0,0,0,0,0,0.02538359
2021-05-06,PLUTO,296.790149,CAPRICORN,26.790149,1,0,0,0,0,-0.00414884
2021-05-07,SUN,47.147181,TAURUS,17.147181,0,0,0,0,0,0.96795608
2021-05-07,MERCURY,65.787388,GEMINI,5.787388,0,0,0,0,0,1.61305281
2021-05-07,VENUS,58.051199,TAURUS,28.051199,0,0,0,0,0,1.23037155
2021-05-07,MARS,98.513487,CANCER,8.513487,0,0,0,0,0,0.60938793
2021-05-07,JUPITER,329.230488,AQUARIUS,29.230488,0,0,0,0,0,0.1272819
2021-05-07,SATURN,313.311216,AQUARIUS,13.311216,0,0,0,0,0,0.02584372
2021-05-07,URANUS,41.065118,TAURUS,11.065118,0,0,0,0,0,0.05741331
2021-05-07,NEPTUNE,352.560065,PISCES,22.560065,0,0,0,0,0,0.02496069
2021-05-07,PLUTO,296.785763,CAPRICORN,26.785763,1,0,0,0,0,-0.00462126
2021-05-08,SUN,48.114936,TAURUS,18.114936,0,0,0,0,0,0.96755131
2021-05-08,MERCURY,67.370164,GEMINI,7.370164,0,0,0,0,0,1.55225509
2021-05-08,VENUS,59.281431,TAURUS,29.281431,0,0,0,0,0,1.23009206
2021-05-08,MARS,99.122998,CANCER,9.122998,0,0,0,0,0,0.60963163
2021-05-08,JUPITER,329.356578,AQUARIUS,29.356578,0,0,0,0,0,0.12489353
2021-05-08,SATURN,313.336257,AQUARIUS,13.336257,0,0,0,0,0,0.02423724
2021-05-08,URANUS,41.122494,TAURUS,11.122494,0,0,0,0,0,0.05733659
2021-05-08,NEPTUNE,352.584814,PISCES,22.584814,0,0,0,0,0,0.02453697
2021-05-08,PLUTO,296.780909,CAPRICORN,26.780909,1,0,0,0,0,-0.00508635
2021-05-09,SUN,49.082285,TAURUS,19.082285,0,0,0,0,0,0.96714455
2021-05-09,MERCURY,68.891411,GEMINI,8.891411,0,0,0,0,0,1.49002598
2021-05-09,VENUS,60.511384,GEMINI,0.511384,0,1,0,0,0,1.22981174
2021-05-09,MARS,99.732753,CANCER,9.732753,0,0,0,0,0,0.60987574
2021-05-09,JUPITER,329.480267,AQUARIUS,29.480267,0,0,0,0,0,0.12248
2021-05-09,SATURN,313.35969,AQUARIUS,13.35969,0,0,0,0,0,0.02262916
2021-05-09,URANUS,41.17979,TAURUS,11.17979,0,0,0,0,0,0.05725264
2021-05-09,NEPTUNE,352.609139,PISCES,22.609139,0,0,0,0,0,0.02411193
2021-05-09,PLUTO,296.775593,CAPRICORN,26.775593,1,0,0,0,0,-0.00554448
2021-05-10,SUN,50.049226,TAURUS,20.049226,0,0,0,0,0,0.96673383
2021-05-10,MERCURY,70.349787,GEMINI,10.349787,0,0,0,0,0,1.42653788
2021-05-10,VENUS,61.741055,GEMINI,1.741055,0,0,0,0,0,1.22952862
2021-05-10,MARS,100.342751,CANCER,10.342751,0,0,0,0,0,0.61011799
2021-05-10,JUPITER,329.601529,AQUARIUS,29.601529,0,0,0,0,0,0.12004075
2021-05-10,SATURN,313.381514,AQUARIUS,13.381514,0,0,0,0,0,0.02101899
2021-05-10,URANUS,41.236997,TAURUS,11.236997,0,0,0,0,0,0.05716011
2021-05-10,NEPTUNE,352.633038,PISCES,22.633038,0,0,0,0,0,0.02368454
2021-05-10,PLUTO,296.769822,CAPRICORN,26.769822,1,0,0,0,0,-0.0059966
2021-05-11,SUN,51.015754,TAURUS,21.015754,0,0,0,0,0,0.9663173
2021-05-11,MERCURY,71.744098,GEMINI,11.744098,0,0,0,0,0,1.36191371
2021-05-11,VENUS,62.97044,GEMINI,2.97044,0,0,0,0,0,1.2292407
2021-05-11,MARS,100.95299,CANCER,10.95299,0,0,0,0,0,0.61035592
2021-05-11,JUPITER,329.72034,AQUARIUS,29.72034,0,0,0,0,0,0.11757491
2021-05-11,SATURN,313.401727,AQUARIUS,13.401727,0,0,0,0,0,0.01940604
2021-05-11,URANUS,41.294107,TAURUS,11.294107,0,0,0,0,0,0.0570576
2021-05-11,NEPTUNE,352.656508,PISCES,22.656508,0,0,0,0,0,0.02325351
2021-05-11,PLUTO,296.763601,CAPRICORN,26.763601,1,0,0,0,0,-0.00644393
2021-05-12,SUN,51.981862,TAURUS,21.981862,0,0,0,0,0,0.96589348
2021-05-12,MERCURY,73.073252,GEMINI,13.073252,0,0,0,0,0,1.29623231
2021-05-12,VENUS,64.199535,GEMINI,4.199535,0,0,0,0,0,1.2289461
2021-05-12,MARS,101.563463,CANCER,11.563463,0,0,0,0,0,0.61058731
2021-05-12,JUPITER,329.83667,AQUARIUS,29.83667,0,0,0,0,0,0.11508168
2021-05-12,SATURN,313.420325,AQUARIUS,13.420325,0,0,0,0,0,0.01778956
2021-05-12,URANUS,41.351109,TAURUS,11.351109,0,0,0,0,0,0.05694352
2021-05-12,NEPTUNE,352.679544,PISCES,22.679544,0,0,0,0,0,0.02281752
2021-05-12,PLUTO,296.756935,CAPRICORN,26.756935,1,0,0,0,0,-0.00688773
2021-05-13,SUN,52.947542,TAURUS,22.947542,0,0,0,0,0,0.96546113
2021-05-13,MERCURY,74.336215,GEMINI,14.336215,0,0,0,0,0,1.22953534
2021-05-13,VENUS,65.428331,GEMINI,5.428331,0,0,0,0,0,1.22864319
2021-05-13,MARS,102.174164,CANCER,12.174164,0,0,0,0,0,0.61081002
2021-05-13,JUPITER,329.950494,AQUARIUS,29.950494,0,0,0,0,0,0.11256026
2021-05-13,SATURN,313.437305,AQUARIUS,13.437305,0,0,0,0,0,0.01616882
2021-05-13,URANUS,41.40799,TAURUS,11.40799,0,0,0,0,0,0.05681646
2021-05-13,NEPTUNE,352.702141,PISCES,22.702141,0,0,0,0,0,0.02237528
2021-05-13,PLUTO,296.749827,CAPRICORN,26.749827,1,0,0,0,0,-0.00732932
2021-05-14,SUN,53.912784,TAURUS,23.912784,0,0,0,0,0,0.96501927
2021-05-14,MERCURY,75.531979,GEMINI,15.531979,0,0,0,0,0,1.16183436
2021-05-14,VENUS,66.656819,GEMINI,6.656819,0,0,0,0,0,1.22833029
2021-05-14,MARS,102.785082,CANCER,12.785082,0,0,0,0,0,0.6110221
2021-05-14,JUPITER,330.061782,PISCES,0.061782,0,1,0,0,0,0.1100099
2021-05-14,SATURN,313.452661,AQUARIUS,13.452661,0,0,0,0,0,0.01454313
2021-05-14,URANUS,41.464738,TAURUS,11.464738,0,0,0,0,0,0.05667502
2021-05-14,NEPTUNE,352.724293,PISCES,22.724293,0,0,0,0,0,0.0219255
2021-05-14,PLUTO,296.742277,CAPRICORN,26.742277,1,0,0,0,0,-0.00776989
2021-05-15,SUN,54.877581,TAURUS,24.877581,0,0,0,0,0,0.96456742
2021-05-15,MERCURY,76.659536,GEMINI,16.659536,0,0,0,0,0,1.09311853
2021-05-15,VENUS,67.884988,GEMINI,7.884988,0,0,0,0,0,1.2280062
2021-05-15,MARS,103.396206,CANCER,13.396206,0,0,0,0,0,0.61122192
2021-05-15,JUPITER,330.170504,PISCES,0.170504,0,0,0,0,0,0.10743013
2021-05-15,SATURN,313.466389,AQUARIUS,13.466389,0,0,0,0,0,0.01291199
2021-05-15,URANUS,41.521336,TAURUS,11.521336,0,0,0,0,0,0.05651805
2021-05-15,NEPTUNE,352.74599,PISCES,22.74599,0,0,0,0,0,0.02146716
2021-05-15,PLUTO,296.734287,CAPRICORN,26.734287,1,0,0,0,0,-0.0082105
2021-05-16,SUN,55.84192,TAURUS,25.84192,0,0,0,0,0,0.96410596
2021-05-16,MERCURY,77.71786,GEMINI,17.71786,0,0,0,0,0,1.02336272
2021-05-16,VENUS,69.112828,GEMINI,9.112828,0,0,0,0,0,1.22767041
2021-05-16,MARS,104.007523,CANCER,14.007523,0,0,0,0,0,0.61140849
2021-05-16,JUPITER,330.276632,PISCES,0.276632,0,0,0,0,0,0.10482106
2021-05-16,SATURN,313.478484,AQUARIUS,13.478484,0,0,0,0,0,0.0112755
2021-05-16,URANUS,41.577769,TAURUS,11.577769,0,0,0,0,0,0.05634505
2021-05-16,NEPTUNE,352.767224,PISCES,22.767224,0,0,0,0,0,0.02099978
2021-05-16,PLUTO,296.725856,CAPRICORN,26.725856,1,0,0,0,0,-0.00865163
2021-05-17,SUN,56.805794,TAURUS,26.805794,0,0,0,0,0,0.96363638
2021-05-17,MERCURY,78.705896,GEMINI,18.705896,0,0,0,0,0,0.95253543
2021-05-17,VENUS,70.340326,GEMINI,10.340326,0,0,0,0,0,1.22732323
2021-05-17,MARS,104.61902,CANCER,14.61902,0,0,0,0,0,0.61158171
2021-05-17,JUPITER,330.380137,PISCES,0.380137,0,0,0,0,0,0.10218361
2021-05-17,SATURN,313.488939,AQUARIUS,13.488939,0,0,0,0,0,0.00963448
2021-05-17,URANUS,41.634021,TAURUS,11.634021,0,0,0,0,0,0.05615619
2021-05-17,NEPTUNE,352.787986,PISCES,22.787986,0,0,0,0,0,0.02052367
2021-05-17,PLUTO,296.716983,CAPRICORN,26.716983,1,0,0,0,0,-0.00909299
2021-05-18,SUN,57.769195,TAURUS,27.769195,0,0,0,0,0,0.9631613
2021-05-18,MERCURY,79.622555,GEMINI,19.622555,0,0,0,0,0,0.88060659
2021-05-18,VENUS,71.567472,GEMINI,11.567472,0,0,0,0,0,1.22696598
2021-05-18,MARS,105.230685,CANCER,15.230685,0,0,0,0,0,0.61174234
2021-05-18,JUPITER,330.48099,PISCES,0.48099,0,0,0,0,0,0.09951941
2021-05-18,SATURN,313.497751,AQUARIUS,13.497751,0,0,0,0,0,0.00799045
2021-05-18,URANUS,41.690076,TAURUS,11.690076,0,0,0,0,0,0.05595245
2021-05-18,NEPTUNE,352.808269,PISCES,22.808269,0,0,0,0,0,0.02003979
2021-05-18,PLUTO,296.70767,CAPRICORN,26.70767,1,0,0,0,0,-0.00953371
2021-05-19,SUN,58.73212,TAURUS,28.73212,0,0,0,0,0,0.96268442
2021-05-19,MERCURY,80.466726,GEMINI,20.466726,0,0,0,0,0,0.8075554
2021-05-19,VENUS,72.794257,GEMINI,12.794257,0,0,0,0,0,1.22660075
2021-05-19,MARS,105.842503,CANCER,15.842503,0,0,0,0,0,0.61189193
2021-05-19,JUPITER,330.579167,PISCES,0.579167,0,0,0,0,0,0.09683058
2021-05-19,SATURN,313.504919,AQUARIUS,13.504919,0,0,0,0,0,0.00634547
2021-05-19,URANUS,41.745921,TAURUS,11.745921,0,0,0,0,0,0.05573537
2021-05-19,NEPTUNE,352.828064,PISCES,22.828064,0,0,0,0,0,0.01954973
2021-05-19,PLUTO,296.697916,CAPRICORN,26.697916,1,0,0,0,0,-0.00997223
2021-05-20,SUN,59.694569,TAURUS,29.694569,0,0,0,0,0,0.96221073
2021-05-20,MERCURY,81.237282,GEMINI,21.237282,0,0,0,0,0,0.7333786
2021-05-20,VENUS,74.020673,GEMINI,14.020673,0,0,0,0,0,1.22623083
2021-05-20,MARS,106.454467,CANCER,16.454467,0,0,0,0,0,0.61203315
2021-05-20,JUPITER,330.674644,PISCES,0.674644,0,0,0,0,0,0.09412008
2021-05-20,SATURN,313.510442,AQUARIUS,13.510442,0,0,0,0,0,0.00470223
2021-05-20,URANUS,41.801544,TAURUS,11.801544,0,0,0,0,0,0.05550735
2021-05-20,NEPTUNE,352.847367,PISCES,22.847367,0,0,0,0,0,0.01905583
2021-05-20,PLUTO,296.687726,CAPRICORN,26.687726,1,0,0,0,0,-0.01040632
2021-05-21,SUN,60.656549,GEMINI,0.656549,0,1,0,0,0,0.96174685
2021-05-21,MERCURY,81.933107,GEMINI,21.933107,0,0,0,0,0,0.65809925
2021-05-21,VENUS,75.246719,GEMINI,15.246719,0,0,0,0,0,1.22586076
2021-05-21,MARS,107.06657,CANCER,17.06657,0,0,0,0,0,0.61216988
2021-05-21,JUPITER,330.767401,PISCES,0.767401,0,0,0,0,0,0.09139162
2021-05-21,SATURN,313.514325,AQUARIUS,13.514325,0,0,0,0,0,0.00306446
2021-05-21,URANUS,41.856934,TAURUS,11.856934,0,0,0,0,0,0.0552717
2021-05-21,NEPTUNE,352.866175,PISCES,22.866175,0,0,0,0,0,0.01856138
2021-05-21,PLUTO,296.677106,CAPRICORN,26.677106,1,0,0,0,0,-0.01083283
2021-05-22,SUN,61.618073,GEMINI,1.618073,0,0,0,0,0,0.96130072
2021-05-22,MERCURY,82.553124,GEMINI,22.553124,0,0,0,0,0,0.58177504
2021-05-22,VENUS,76.472397,GEMINI,16.472397,0,0,0,0,0,1.22549618
2021-05-22,MARS,107.678809,CANCER,17.678809,0,0,0,0,0,0.61230719
2021-05-22,JUPITER,330.857423,PISCES,0.857423,0,0,0,0,0,0.08864932
2021-05-22,SATURN,313.516574,AQUARIUS,13.516574,0,0,0,0,0,0.00143615
2021-05-22,URANUS,41.912086,TAURUS,11.912086,0,0,0,0,0,0.05503229
2021-05-22,NEPTUNE,352.88449,PISCES,22.88449,0,0,0,0,0,0.01807016
2021-05-22,PLUTO,296.666064,CAPRICORN,26.666064,1,0,0,0,0,-0.0112481
2021-05-23,SUN,62.579163,GEMINI,2.579163,0,0,0,0,0,0.96088012
2021-05-23,MERCURY,83.096334,GEMINI,23.096334,0,0,0,0,0,0.50450614
2021-05-23,VENUS,77.697716,GEMINI,17.697716,0,0,0,0,0,1.22514257
2021-05-23,MARS,108.291188,CANCER,18.291188,0,0,0,0,0,0.61244988
2021-05-23,JUPITER,330.944696,PISCES,0.944696,0,0,0,0,0,0.08589614
2021-05-23,SATURN,313.517201,AQUARIUS,13.517201,1,0,1,0,1,-0.0001797
2021-05-23,URANUS,41.966999,TAURUS,11.966999,0,0,0,0,0,0.05479221
2021-05-23,NEPTUNE,352.902318,PISCES,22.902318,0,0,0,0,0,0.01758516
2021-05-23,PLUTO,296.654614,CAPRICORN,26.654614,1,0,0,0,0,-0.01164933
2021-05-24,SUN,63.539848,GEMINI,3.539848,0,0,0,0,0,0.96049059
2021-05-24,MERCURY,83.561862,GEMINI,23.561862,0,0,0,0,0,0.42644175
2021-05-24,VENUS,78.922688,GEMINI,18.922688,0,0,0,0,0,1.2248032
2021-05-24,MARS,108.903714,CANCER,18.903714,0,0,0,0,0,0.61260089
2021-05-24,JUPITER,331.029211,PISCES,1.029211,0,0,0,0,0,0.08313195
2021-05-24,SATURN,313.516219,AQUARIUS,13.516219,1,0,0,0,0,-0.00178291
2021-05-24,URANUS,42.021671,TAURUS,12.021671,0,0,0,0,0,0.0545519
2021-05-24,NEPTUNE,352.919663,PISCES,22.919663,0,0,0,0,0,0.01710661
2021-05-24,PLUTO,296.64277,CAPRICORN,26.64277,1,0,0,0,0,-0.0120365
2021-05-25,SUN,64.500159,GEMINI,4.500159,0,0,0,0,0,0.96013337
2021-05-25,MERCURY,83.949011,GEMINI,23.949011,0,0,0,0,0,0.34778693
2021-05-25,VENUS,80.147328,GEMINI,20.147328,0,0,0,0,0,1.22447778
2021-05-25,MARS,109.516395,CANCER,19.516395,0,0,0,0,0,0.61275994
2021-05-25,JUPITER,331.110955,PISCES,1.110955,0,0,0,0,0,0.08035252
2021-05-25,SATURN,313.513638,AQUARIUS,13.513638,1,0,0,0,0,-0.00337726
2021-05-25,URANUS,42.076102,TAURUS,12.076102,0,0,0,0,0,0.054308
2021-05-25,NEPTUNE,352.936533,PISCES,22.936533,0,0,0,0,0,0.01663103
2021-05-25,PLUTO,296.630544,CAPRICORN,26.630544,1,0,0,0,0,-0.01241321
2021-05-26,SUN,65.460128,GEMINI,5.460128,0,0,0,0,0,0.95980546
2021-05-26,MERCURY,84.257319,GEMINI,24.257319,0,0,0,0,0,0.26880969
2021-05-26,VENUS,81.371648,GEMINI,21.371648,0,0,0,0,0,1.22416269
2021-05-26,MARS,110.129238,CANCER,20.129238,0,0,0,0,0,0.61292402
2021-05-26,JUPITER,331.189909,PISCES,1.189909,0,0,0,0,0,0.07755031
2021-05-26,SATURN,313.509465,AQUARIUS,13.509465,1,0,0,0,0,-0.00496939
2021-05-26,URANUS,42.130284,TAURUS,12.130284,0,0,0,0,0,0.05405427
2021-05-26,NEPTUNE,352.952925,PISCES,22.952925,0,0,0,0,0,0.01615203
2021-05-26,PLUTO,296.617945,CAPRICORN,26.617945,1,0,0,0,0,-0.01278594
2021-05-27,SUN,66.419781,GEMINI,6.419781,0,0,0,0,0,0.95950131
2021-05-27,MERCURY,84.486627,GEMINI,24.486627,0,0,0,0,0,0.18984884
2021-05-27,VENUS,82.595656,GEMINI,22.595656,0,0,0,0,0,1.2238531
2021-05-27,MARS,110.742246,CANCER,20.742246,0,0,0,0,0,0.61308946
2021-05-27,JUPITER,331.266046,PISCES,1.266046,0,0,0,0,0,0.07471751
2021-05-27,SATURN,313.503698,AQUARIUS,13.503698,1,0,0,0,0,-0.00656609
2021-05-27,URANUS,42.184205,TAURUS,12.184205,0,0,0,0,0,0.05378416
2021-05-27,NEPTUNE,352.968834,PISCES,22.968834,0,0,0,0,0,0.01566299
2021-05-27,PLUTO,296.604972,CAPRICORN,26.604972,1,0,0,0,0,-0.01316125
2021-05-28,SUN,67.37914,GEMINI,7.37914,0,0,0,0,0,0.95921558
2021-05-28,MERCURY,84.637152,GEMINI,24.637152,0,0,0,0,0,0.11132137
2021-05-28,VENUS,83.819356,GEMINI,23.819356,0,0,0,0,0,1.22354541
2021-05-28,MARS,111.355419,CANCER,21.355419,0,0,0,0,0,0.61325427
2021-05-28,JUPITER,331.339332,PISCES,1.339332,0,0,0,0,0,0.07184909
2021-05-28,SATURN,313.49633,AQUARIUS,13.49633,1,0,0,0,0,-0.00817132
2021-05-28,URANUS,42.237846,TAURUS,12.237846,0,0,0,0,0,0.05349384
2021-05-28,NEPTUNE,352.984247,PISCES,22.984247,0,0,0,0,0,0.01516
2021-05-28,PLUTO,296.59162,CAPRICORN,26.59162,1,0,0,0,0,-0.01354292
2021-05-29,SUN,68.33822,GEMINI,8.33822,0,0,0,0,0,0.95894496
2021-05-29,MERCURY,84.709572,GEMINI,24.709572,0,0,0,0,0,0.03372694
2021-05-29,VENUS,85.042748,GEMINI,25.042748,0,0,0,0,0,1.22323875
2021-05-29,MARS,111.968757,CANCER,21.968757,0,0,0,0,0,0.61341931
2021-05-29,JUPITER,331.409732,PISCES,1.409732,0,0,0,0,0,0.0689445
2021-05-29,SATURN,313.487353,AQUARIUS,13.487353,1,0,0,0,0,-0.00978466
2021-05-29,URANUS,42.291186,TAURUS,12.291186,0,0,0,0,0,0.05318335
2021-05-29,NEPTUNE,352.999149,PISCES,22.999149,0,0,0,0,0,0.01464325
2021-05-29,PLUTO,296.577884,CAPRICORN,26.577884,1,0,0,0,0,-0.0139306
2021-05-30,SUN,69.297037,GEMINI,9.297037,0,0,0,0,0,0.95868836
2021-05-30,MERCURY,84.705103,GEMINI,24.705103,1,0,1,0,1,-0.04235081
2021-05-30,VENUS,86.265835,GEMINI,26.265835,0,0,0,0,0,1.22293461
2021-05-30,MARS,112.582261,CANCER,22.582261,0,0,0,0,0,0.61358774
2021-05-30,JUPITER,331.47721,PISCES,1.47721,0,0,0,0,0,0.06600704
2021-05-30,SATURN,313.476759,AQUARIUS,13.476759,1,0,0,0,0,-0.01140206
2021-05-30,URANUS,42.344207,TAURUS,12.344207,0,0,0,0,0,0.05285605
2021-05-30,NEPTUNE,353.01353,PISCES,23.01353,0,0,0,0,0,0.01411627
2021-05-30,PLUTO,296.563758,CAPRICORN,26.563758,1,0,0,0,0,-0.01432049
2021-05-31,SUN,70.255604,GEMINI,10.255604,0,0,0,0,0,0.95844574
2021-05-31,MERCURY,84.625589,GEMINI,24.625589,1,0,0,0,0,-0.11624724
2021-05-31,VENUS,87.48862,GEMINI,27.48862,0,0,0,0,0,1.22263521
2021-05-31,MARS,113.195936,CANCER,23.195936,0,0,0,0,0,0.6137631
2021-05-31,JUPITER,331.541736,PISCES,1.541736,0,0,0,0,0,0.06304164
2021-05-31,SATURN,313.464549,AQUARIUS,13.464549,1,0,0,0,0,-0.01301805
2021-05-31,URANUS,42.396895,TAURUS,12.396895,0,0,0,0,0,0.05251649
2021-05-31,NEPTUNE,353.02738,PISCES,23.02738,0,0,0,0,0,0.01358387
2021-05-31,PLUTO,296.549243,CAPRICORN,26.549243,1,0,0,0,0,-0.01470761
2021-06-01,SUN,71.213935,GEMINI,11.213935,0,0,0,0,0,0.95821681
2021-06-01,MERCURY,84.473574,GEMINI,24.473574,1,0,0,0,0,-0.18722428
2021-06-01,VENUS,88.711108,GEMINI,28.711108,0,0,0,0,0,1.22234203
2021-06-01,MARS,113.809792,CANCER,23.809792,0,0,0,0,0,0.61394783
2021-06-01,JUPITER,331.603285,PISCES,1.603285,0,0,0,0,0,0.06005291
2021-06-01,SATURN,313.450725,AQUARIUS,13.450725,1,0,0,0,0,-0.01462787
2021-06-01,URANUS,42.449238,TAURUS,12.449238,0,0,0,0,0,0.05216847
2021-06-01,NEPTUNE,353.040696,PISCES,23.040696,0,0,0,0,0,0.01305011
2021-06-01,PLUTO,296.534344,CAPRICORN,26.534344,1,0,0,0,0,-0.0150877
2021-06-02,SUN,72.172044,GEMINI,12.172044,0,0,0,0,0,0.95800038
2021-06-02,MERCURY,84.252373,GEMINI,24.252373,1,0,0,0,0,-0.25448184
2021-06-02,VENUS,89.933307,GEMINI,29.933307,0,0,0,0,0,1.22205518
2021-06-02,MARS,114.423837,CANCER,24.423837,0,0,0,0,0,0.61414276
2021-06-02,JUPITER,331.661835,PISCES,1.661835,0,0,0,0,0,0.05704403
2021-06-02,SATURN,313.435296,AQUARIUS,13.435296,1,0,0,0,0,-0.01622822
2021-06-02,URANUS,42.50123,TAURUS,12.50123,0,0,0,0,0,0.05181418
2021-06-02,NEPTUNE,353.05348,PISCES,23.05348,0,0,0,0,0,0.01251746
2021-06-02,PLUTO,296.51907,CAPRICORN,26.51907,1,0,0,0,0,-0.01545819
2021-06-03,SUN,73.129942,GEMINI,13.129942,0,0,0,0,0,0.95779447
2021-06-03,MERCURY,83.966125,GEMINI,23.966125,1,0,0,0,0,-0.31717471
2021-06-03,VENUS,91.155221,CANCER,1.155221,0,1,0,0,0,1.22177364
2021-06-03,MARS,115.038082,CANCER,25.038082,0,0,0,0,0,0.6143473
2021-06-03,JUPITER,331.717367,PISCES,1.717367,0,0,0,0,0,0.05401691
2021-06-03,SATURN,313.418272,AQUARIUS,13.418272,1,0,0,0,0,-0.01781724
2021-06-03,URANUS,42.552865,TAURUS,12.552865,0,0,0,0,0,0.05145447
2021-06-03,NEPTUNE,353.065732,PISCES,23.065732,0,0,0,0,0,0.01198703
2021-06-03,PLUTO,296.503431,CAPRICORN,26.503431,1,0,0,0,0,-0.01581791
2021-06-04,SUN,74.087638,GEMINI,14.087638,0,0,0,0,0,0.95759669
2021-06-04,MERCURY,83.619829,GEMINI,23.619829,1,0,0,0,0,-0.37443463
2021-06-04,VENUS,92.376856,CANCER,2.376856,0,0,0,0,0,1.2214957
2021-06-04,MARS,115.652536,CANCER,25.652536,0,0,0,0,0,0.6145601
2021-06-04,JUPITER,331.769863,PISCES,1.769863,0,0,0,0,0,0.05097274
2021-06-04,SATURN,313.399665,AQUARIUS,13.399665,1,0,0,0,0,-0.01939393
2021-06-04,URANUS,42.604137,TAURUS,12.604137,0,0,0,0,0,0.05108934
2021-06-04,NEPTUNE,353.077455,PISCES,23.077455,0,0,0,0,0,0.01145899
2021-06-04,PLUTO,296.487438,CAPRICORN,26.487438,1,0,0,0,0,-0.01616659
2021-06-05,SUN,75.045139,GEMINI,15.045139,0,0,0,0,0,0.95740443
2021-06-05,MERCURY,83.21935,GEMINI,23.21935,1,0,0,0,0,-0.42539797
2021-06-05,VENUS,93.598214,CANCER,3.598214,0,0,0,0,0,1.22121916
2021-06-05,MARS,116.267207,CANCER,26.267207,0,0,0,0,0,0.61477934
2021-06-05,JUPITER,331.819307,PISCES,1.819307,0,0,0,0,0,0.04791211
2021-06-05,SATURN,313.379488,AQUARIUS,13.379488,1,0,0,0,0,-0.02095783
2021-06-05,URANUS,42.655042,TAURUS,12.655042,0,0,0,0,0,0.05071813
2021-06-05,NEPTUNE,353.088651,PISCES,23.088651,0,0,0,0,0,0.01093298
2021-06-05,PLUTO,296.471101,CAPRICORN,26.471101,1,0,0,0,0,-0.01650455
2021-06-06,SUN,76.00245,GEMINI,16.00245,0,0,0,0,0,0.95721491
2021-06-06,MERCURY,82.771403,GEMINI,22.771403,1,0,0,0,0,-0.46923711
2021-06-06,VENUS,94.819295,CANCER,4.819295,0,0,0,0,0,1.22094154
2021-06-06,MARS,116.882099,CANCER,26.882099,0,0,0,0,0,0.61500276
2021-06-06,JUPITER,331.865682,PISCES,1.865682,0,0,0,0,0,0.04483528
2021-06-06,SATURN,313.357753,AQUARIUS,13.357753,1,0,0,0,0,-0.02250907
2021-06-06,URANUS,42.705571,TAURUS,12.705571,0,0,0,0,0,0.05033984
2021-06-06,NEPTUNE,353.099321,PISCES,23.099321,0,0,0,0,0,0.01040813
2021-06-06,PLUTO,296.454432,CAPRICORN,26.454432,1,0,0,0,0,-0.01683268
2021-06-07,SUN,76.959572,GEMINI,16.959572,0,0,0,0,0,0.95702529
2021-06-07,MERCURY,82.2835,GEMINI,22.2835,1,0,0,0,0,-0.50519476
2021-06-07,VENUS,96.040097,CANCER,6.040097,0,0,0,0,0,1.22066013
2021-06-07,MARS,117.497215,CANCER,27.497215,0,0,0,0,0,0.61522787
2021-06-07,JUPITER,331.908972,PISCES,1.908972,0,0,0,0,0,0.04174216
2021-06-07,SATURN,313.334474,AQUARIUS,13.334474,1,0,0,0,0,-0.02404805
2021-06-07,URANUS,42.755719,TAURUS,12.755719,0,0,0,0,0,0.04995302
2021-06-07,NEPTUNE,353.109467,PISCES,23.109467,0,0,0,0,0,0.00988322
2021-06-07,PLUTO,296.437439,CAPRICORN,26.437439,1,0,0,0,0,-0.01715215
2021-06-08,SUN,77.916502,GEMINI,17.916502,0,0,0,0,0,0.95683288
2021-06-08,MERCURY,81.763857,GEMINI,21.763857,1,0,0,0,0,-0.53261765
2021-06-08,VENUS,97.260614,CANCER,7.260614,0,0,0,0,0,1.22037218
2021-06-08,MARS,118.112556,CANCER,28.112556,0,0,0,0,0,0.61545211
2021-06-08,JUPITER,331.949161,PISCES,1.949161,0,0,0,0,0,0.0386325
2021-06-08,SATURN,313.309661,AQUARIUS,13.309661,1,0,0,0,0,-0.0255754
2021-06-08,URANUS,42.805474,TAURUS,12.805474,0,0,0,0,0,0.04955614
2021-06-08,NEPTUNE,353.119088,PISCES,23.119088,0,0,0,0,0,0.00935685
2021-06-08,PLUTO,296.42013,CAPRICORN,26.42013,1,0,0,0,0,-0.0174644
2021-06-09,SUN,78.873239,GEMINI,18.873239,0,0,0,0,0,0.95663523
2021-06-09,MERCURY,81.221281,GEMINI,21.221281,1,0,0,0,0,-0.55098816
2021-06-09,VENUS,98.480839,CANCER,8.480839,0,0,0,0,0,1.2200751
2021-06-09,MARS,118.728121,CANCER,28.728121,0,0,0,0,0,0.61567309
2021-06-09,JUPITER,331.986232,PISCES,1.986232,0,0,0,0,0,0.03550632
2021-06-09,SATURN,313.283326,AQUARIUS,13.283326,1,0,0,0,0,-0.02709169
2021-06-09,URANUS,42.854828,TAURUS,12.854828,0,0,0,0,0,0.04914774
2021-06-09,NEPTUNE,353.128181,PISCES,23.128181,0,0,0,0,0,0.0088277
2021-06-09,PLUTO,296.402512,CAPRICORN,26.402512,1,0,0,0,0,-0.01777077
2021-06-10,SUN,79.829774,GEMINI,19.829774,0,0,0,0,0,0.95643023
2021-06-10,MERCURY,80.665017,GEMINI,20.665017,1,0,0,0,0,-0.55995015
2021-06-10,VENUS,99.700761,CANCER,9.700761,0,0,0,0,0,1.21976648
2021-06-10,MARS,119.343903,CANCER,29.343903,0,0,0,0,0,0.61588855
2021-06-10,JUPITER,332.020168,PISCES,2.020168,0,0,0,0,0,0.03236364
2021-06-10,SATURN,313.255481,AQUARIUS,13.255481,1,0,0,0,0,-0.02859735
2021-06-10,URANUS,42.903766,TAURUS,12.903766,0,0,0,0,0,0.0487265
2021-06-10,NEPTUNE,353.136742,PISCES,23.136742,0,0,0,0,0,0.00829458
2021-06-10,PLUTO,296.38459,CAPRICORN,26.38459,1,0,0,0,0,-0.01807246
2021-06-11,SUN,80.786099,GEMINI,20.786099,0,0,0,0,0,0.95621613
2021-06-11,MERCURY,80.104576,GEMINI,20.104576,1,0,0,0,0,-0.55932793
2021-06-11,VENUS,100.920368,CANCER,10.920368,0,0,0,0,0,1.21944407
2021-06-11,MARS,119.959897,CANCER,29.959897,0,0,0,0,0,0.61609653
2021-06-11,JUPITER,332.050953,PISCES,2.050953,0,0,0,0,0,0.02920481
2021-06-11,SATURN,313.226135,AQUARIUS,13.226135,1,0,0,0,0,-0.03009263
2021-06-11,URANUS,42.952276,TAURUS,12.952276,0,0,0,0,0,0.04829123
2021-06-11,NEPTUNE,353.144768,PISCES,23.144768,0,0,0,0,0,0.00775645
2021-06-11,PLUTO,296.366368,CAPRICORN,26.366368,1,0,0,0,0,-0.01837063
2021-06-12,SUN,81.742206,GEMINI,21.742206,0,0,0,0,0,0.95599185
2021-06-12,MERCURY,79.549552,GEMINI,19.549552,1,0,0,0,0,-0.54913495
2021-06-12,VENUS,102.139645,CANCER,12.139645,0,0,0,0,0,1.21910612
2021-06-12,MARS,120.576095,LEO,0.576095,0,1,0,0,0,0.61629535
2021-06-12,JUPITER,332.078572,PISCES,2.078572,0,0,0,0,0,0.02603063
2021-06-12,SATURN,313.195299,AQUARIUS,13.195299,1,0,0,0,0,-0.03157748
2021-06-12,URANUS,43.000344,TAURUS,13.000344,0,0,0,0,0,0.04784122
2021-06-12,NEPTUNE,353.152253,PISCES,23.152253,0,0,0,0,0,0.00721264
2021-06-12,PLUTO,296.347849,CAPRICORN,26.347849,1,0,0,0,0,-0.018666
2021-06-13,SUN,82.698083,GEMINI,22.698083,0,0,0,0,0,0.95575739
2021-06-13,MERCURY,79.009431,GEMINI,19.009431,1,0,0,0,0,-0.52957211
2021-06-13,VENUS,103.358576,CANCER,13.358576,0,0,0,0,0,1.21875173
2021-06-13,MARS,121.192487,LEO,1.192487,0,0,0,0,0,0.61648419
2021-06-13,JUPITER,332.10301,PISCES,2.10301,0,0,0,0,0,0.02284251
2021-06-13,SATURN,313.162983,AQUARIUS,13.162983,1,0,0,0,0,-0.03305121
2021-06-13,URANUS,43.047954,TAURUS,13.047954,0,0,0,0,0,0.0473764
2021-06-13,NEPTUNE,353.159191,PISCES,23.159191,0,0,0,0,0,0.00666314
2021-06-13,PLUTO,296.329036,CAPRICORN,26.329036,1,0,0,0,0,-0.01895866
2021-06-14,SUN,83.653722,GEMINI,23.653722,0,0,0,0,0,0.9555142
2021-06-14,MERCURY,78.493408,GEMINI,18.493408,1,0,0,0,0,-0.50101662
2021-06-14,VENUS,104.577144,CANCER,14.577144,0,0,0,0,0,1.21838105
2021-06-14,MARS,121.809062,LEO,1.809062,0,0,0,0,0,0.61666334
2021-06-14,JUPITER,332.124253,PISCES,2.124253,0,0,0,0,0,0.01964291
2021-06-14,SATURN,313.1292,AQUARIUS,13.1292,1,0,0,0,0,-0.03451223
2021-06-14,URANUS,43.095092,TAURUS,13.095092,0,0,0,0,0,0.04689762
2021-06-14,NEPTUNE,353.165578,PISCES,23.165578,0,0,0,0,0,0.00610889
2021-06-14,PLUTO,296.309932,CAPRICORN,26.309932,1,0,0,0,0,-0.01924784
2021-06-15,SUN,84.609114,GEMINI,24.609114,0,0,0,0,0,0.95526512
2021-06-15,MERCURY,78.01022,GEMINI,18.01022,1,0,0,0,0,-0.46400176
2021-06-15,VENUS,105.795334,CANCER,15.795334,0,0,0,0,0,1.2179955
2021-06-15,MARS,122.425812,LEO,2.425812,0,0,0,0,0,0.6168341
2021-06-15,JUPITER,332.142292,PISCES,2.142292,0,0,0,0,0,0.01643503
2021-06-15,SATURN,313.093963,AQUARIUS,13.093963,1,0,0,0,0,-0.03595813
2021-06-15,URANUS,43.141745,TAURUS,13.141745,0,0,0,0,0,0.04640668
2021-06-15,NEPTUNE,353.171408,PISCES,23.171408,0,0,0,0,0,0.00555165
2021-06-15,PLUTO,296.290542,CAPRICORN,26.290542,1,0,0,0,0,-0.01953189
2021-06-16,SUN,85.564255,GEMINI,25.564255,0,0,0,0,0,0.95501418
2021-06-16,MERCURY,77.568006,GEMINI,17.568006,1,0,0,0,0,-0.41918975
2021-06-16,VENUS,107.013131,CANCER,17.013131,0,0,0,0,0,1.2175973
2021-06-16,MARS,123.04273,LEO,3.04273,0,0,0,0,0,0.61699877
2021-06-16,JUPITER,332.157121,PISCES,2.157121,0,0,0,0,0,0.01322274
2021-06-16,SATURN,313.057289,AQUARIUS,13.057289,1,0,0,0,0,-0.037386
2021-06-16,URANUS,43.187902,TAURUS,13.187902,0,0,0,0,0,0.04590606
2021-06-16,NEPTUNE,353.17668,PISCES,23.17668,0,0,0,0,0,0.00499388
2021-06-16,PLUTO,296.27087,CAPRICORN,26.27087,1,0,0,0,0,-0.01980855
2021-06-17,SUN,86.519147,GEMINI,26.519147,0,0,0,0,0,0.95476639
2021-06-17,MERCURY,77.17419,GEMINI,17.17419,1,0,0,0,0,-0.36733982
2021-06-17,VENUS,108.230526,CANCER,18.230526,0,0,0,0,0,1.21718959
2021-06-17,MARS,123.65981,LEO,3.65981,0,0,0,0,0,0.61716031
2021-06-17,JUPITER,332.168737,PISCES,2.168737,0,0,0,0,0,0.01001016
2021-06-17,SATURN,313.019198,AQUARIUS,13.019198,1,0,0,0,0,-0.03879253
2021-06-17,URANUS,43.233555,TAURUS,13.233555,0,0,0,0,0,0.04539865
2021-06-17,NEPTUNE,353.181396,PISCES,23.181396,0,0,0,0,0,0.00443841
2021-06-17,PLUTO,296.250927,CAPRICORN,26.250927,1,0,0,0,0,-0.02007517
2021-06-18,SUN,87.473795,GEMINI,27.473795,0,0,0,0,0,0.95452757
2021-06-18,MERCURY,76.835402,GEMINI,16.835402,1,0,0,0,0,-0.30927405
2021-06-18,VENUS,109.447509,CANCER,19.447509,0,0,0,0,0,1.21677601
2021-06-18,MARS,124.277052,LEO,4.277052,0,0,0,0,0,0.61732221
2021-06-18,JUPITER,332.177142,PISCES,2.177142,0,0,0,0,0,0.00680161
2021-06-18,SATURN,312.979712,AQUARIUS,12.979712,1,0,0,0,0,-0.04017423
2021-06-18,URANUS,43.278699,TAURUS,13.278699,0,0,0,0,0,0.04488761
2021-06-18,NEPTUNE,353.185558,PISCES,23.185558,0,0,0,0,0,0.00388835
2021-06-18,PLUTO,296.230724,CAPRICORN,26.230724,1,0,0,0,0,-0.02032885
2021-06-19,SUN,88.428212,GEMINI,28.428212,0,0,0,0,0,0.95430391
2021-06-19,MERCURY,76.557434,GEMINI,16.557434,1,0,0,0,0,-0.24584407
2021-06-19,VENUS,110.664078,CANCER,20.664078,0,0,0,0,0,1.21636043
2021-06-19,MARS,124.894458,LEO,4.894458,0,0,0,0,0,0.61748805
2021-06-19,JUPITER,332.182342,PISCES,2.182342,0,0,0,0,0,0.0036008
2021-06-19,SATURN,312.938858,AQUARIUS,12.938858,1,0,0,0,0,-0.04152822
2021-06-19,URANUS,43.32333,TAURUS,13.32333,0,0,0,0,0,0.0443757
2021-06-19,NEPTUNE,353.189175,PISCES,23.189175,0,0,0,0,0,0.00334637
2021-06-19,PLUTO,296.210274,CAPRICORN,26.210274,1,0,0,0,0,-0.02056716
2021-06-20,SUN,89.382414,GEMINI,29.382414,0,0,0,0,0,0.954101
2021-06-20,MERCURY,76.345223,GEMINI,16.345223,1,0,0,0,0,-0.17790167
2021-06-20,VENUS,111.880231,CANCER,21.880231,0,0,0,0,0,1.21594596
2021-06-20,MARS,125.512033,LEO,5.512033,0,0,0,0,0,0.61766045
2021-06-20,JUPITER,332.184346,PISCES,2.184346,0,0,0,0,0,0.00040967
2021-06-20,SATURN,312.896665,AQUARIUS,12.896665,1,0,0,0,0,-0.04285321
2021-06-20,URANUS,43.36745,TAURUS,13.36745,0,0,0,0,0,0.04386431
2021-06-20,NEPTUNE,353.192254,PISCES,23.192254,0,0,0,0,0,0.00281373
2021-06-20,PLUTO,296.189595,CAPRICORN,26.189595,1,0,0,0,0,-0.02078907
2021-06-21,SUN,90.336426,CANCER,0.336426,0,1,0,0,0,0.95392254
2021-06-21,MERCURY,76.202865,GEMINI,16.202865,1,0,0,0,0,-0.1062737
2021-06-21,VENUS,113.095972,CANCER,23.095972,0,0,0,0,0,1.21553388
2021-06-21,MARS,126.129783,LEO,6.129783,0,0,0,0,0,0.61784004
2021-06-21,JUPITER,332.183164,PISCES,2.183164,1,0,1,0,1,-0.0027728
2021-06-21,SATURN,312.853161,AQUARIUS,12.853161,1,0,0,0,0,-0.04415064
2021-06-21,URANUS,43.411059,TAURUS,13.411059,0,0,0,0,0,0.04335211
2021-06-21,NEPTUNE,353.194805,PISCES,23.194805,0,0,0,0,0,0.00228893
2021-06-21,PLUTO,296.168701,CAPRICORN,26.168701,1,0,0,0,0,-0.02099631
2021-06-22,SUN,91.290272,CANCER,1.290272,0,0,0,0,0,0.95376945
2021-06-22,MERCURY,76.133649,GEMINI,16.133649,1,0,0,0,0,-0.03174236
2021-06-22,VENUS,114.311301,CANCER,24.311301,0,0,0,0,0,1.21512316
2021-06-22,MARS,126.747717,LEO,6.747717,0,0,0,0,0,0.61802509
2021-06-22,JUPITER,332.178802,PISCES,2.178802,1,0,0,0,0,-0.00595094
2021-06-22,SATURN,312.808371,AQUARIUS,12.808371,1,0,0,0,0,-0.04542514
2021-06-22,URANUS,43.454153,TAURUS,13.454153,0,0,0,0,0,0.04283486
2021-06-22,NEPTUNE,353.196834,PISCES,23.196834,0,0,0,0,0,0.00176759
2021-06-22,PLUTO,296.147605,CAPRICORN,26.147605,1,0,0,0,0,-0.02119345
2021-06-23,SUN,92.243977,CANCER,2.243977,0,0,0,0,0,0.95364028
2021-06-23,MERCURY,76.140114,GEMINI,16.140114,0,0,0,1,1,0.04497062
2021-06-23,VENUS,115.526219,CANCER,25.526219,0,0,0,0,0,1.21471132
2021-06-23,MARS,127.365837,LEO,7.365837,0,0,0,0,0,0.61821241
2021-06-23,JUPITER,332.171262,PISCES,2.171262,1,0,0,0,0,-0.00913121
2021-06-23,SATURN,312.762316,AQUARIUS,12.762316,1,0,0,0,0,-0.04668305
2021-06-23,URANUS,43.496725,TAURUS,13.496725,0,0,0,0,0,0.04230652
2021-06-23,NEPTUNE,353.19834,PISCES,23.19834,0,0,0,0,0,0.00124352
2021-06-23,PLUTO,296.126315,CAPRICORN,26.126315,1,0,0,0,0,-0.0213868
2021-06-24,SUN,93.197563,CANCER,3.197563,0,0,0,0,0,0.95353277
2021-06-24,MERCURY,76.224109,GEMINI,16.224109,0,0,0,0,0,0.12321638
2021-06-24,VENUS,116.740723,CANCER,26.740723,0,0,0,0,0,1.21429607
2021-06-24,MARS,127.984144,LEO,7.984144,0,0,0,0,0,0.61839942
2021-06-24,JUPITER,332.160537,PISCES,2.160537,1,0,0,0,0,-0.01231937
2021-06-24,SATURN,312.715009,AQUARIUS,12.715009,1,0,0,0,0,-0.04792987
2021-06-24,URANUS,43.538761,TAURUS,13.538761,0,0,0,0,0,0.04176172
2021-06-24,NEPTUNE,353.199318,PISCES,23.199318,0,0,0,0,0,0.00071128
2021-06-24,PLUTO,296.104831,CAPRICORN,26.104831,1,0,0,0,0,-0.02158177
2021-06-25,SUN,94.151053,CANCER,4.151053,0,0,0,0,0,0.9534455
2021-06-25,MERCURY,76.386876,GEMINI,16.386876,0,0,0,0,0,0.20242729
2021-06-25,VENUS,117.954811,CANCER,27.954811,0,0,0,0,0,1.21387728
2021-06-25,MARS,128.602637,LEO,8.602637,0,0,0,0,0,0.61858591
2021-06-25,JUPITER,332.146619,PISCES,2.146619,1,0,0,0,0,-0.01551789
2021-06-25,SATURN,312.666459,AQUARIUS,12.666459,1,0,0,0,0,-0.04916789
2021-06-25,URANUS,43.580243,TAURUS,13.580243,0,0,0,0,0,0.04119815
2021-06-25,NEPTUNE,353.199759,PISCES,23.199759,0,0,0,0,0,0.00016853
2021-06-25,PLUTO,296.08315,CAPRICORN,26.08315,1,0,0,0,0,-0.02178071
2021-06-26,SUN,95.104464,CANCER,5.104464,0,0,0,0,0,0.95337875
2021-06-26,MERCURY,76.629133,GEMINI,16.629133,0,0,0,0,0,0.28212082
2021-06-26,VENUS,119.168478,CANCER,29.168478,0,0,0,0,0,1.21345729
2021-06-26,MARS,129.221318,LEO,9.221318,0,0,0,0,0,0.61877461
2021-06-26,JUPITER,332.129498,PISCES,2.129498,1,0,0,0,0,-0.0187249
2021-06-26,SATURN,312.616676,AQUARIUS,12.616676,1,0,0,0,0,-0.05039517
2021-06-26,URANUS,43.621152,TAURUS,13.621152,0,0,0,0,0,0.04061724
2021-06-26,NEPTUNE,353.199652,PISCES,23.199652,1,0,1,0,1,-0.00038317
2021-06-26,PLUTO,296.061268,CAPRICORN,26.061268,1,0,0,0,0,-0.02198182
2021-06-27,SUN,96.05782,CANCER,6.05782,0,0,0,0,0,0.95333385
2021-06-27,MERCURY,76.951155,GEMINI,16.951155,0,0,0,0,0,0.36189824
2021-06-27,VENUS,120.381727,LEO,0.381727,0,1,0,0,0,1.21303997
2021-06-27,MARS,129.84019,LEO,9.84019,0,0,0,0,0,0.6189701
2021-06-27,JUPITER,332.109167,PISCES,2.109167,1,0,0,0,0,-0.02193515
2021-06-27,SATURN,312.565673,AQUARIUS,12.565673,1,0,0,0,0,-0.05160659
2021-06-27,URANUS,43.661473,TAURUS,13.661473,0,0,0,0,0,0.04002323
2021-06-27,NEPTUNE,353.19899,PISCES,23.19899,1,0,0,0,0,-0.00093936
2021-06-27,PLUTO,296.039186,CAPRICORN,26.039186,1,0,0,0,0,-0.02218058
2021-06-28,SUN,97.011142,CANCER,7.011142,0,0,0,0,0,0.95331181
2021-06-28,MERCURY,77.35286,GEMINI,17.35286,0,0,0,0,0,0.44143952
2021-06-28,VENUS,121.594561,LEO,1.594561,0,0,0,0,0,1.21262878
2021-06-28,MARS,130.459263,LEO,10.459263,0,0,0,0,0,0.61917676
2021-06-28,JUPITER,332.085628,PISCES,2.085628,1,0,0,0,0,-0.02514226
2021-06-28,SATURN,312.513469,AQUARIUS,12.513469,1,0,0,0,0,-0.05279645
2021-06-28,URANUS,43.701195,TAURUS,13.701195,0,0,0,0,0,0.03942099
2021-06-28,NEPTUNE,353.197772,PISCES,23.197772,1,0,0,0,0,-0.00149495
2021-06-28,PLUTO,296.016909,CAPRICORN,26.016909,1,0,0,0,0,-0.02237174
2021-06-29,SUN,97.964454,CANCER,7.964454,0,0,0,0,0,0.95331222
2021-06-29,MERCURY,77.833882,GEMINI,17.833882,0,0,0,0,0,0.5204956
2021-06-29,VENUS,122.806987,LEO,2.806987,0,0,0,0,0,1.21222549
2021-06-29,MARS,131.07855,LEO,11.07855,0,0,0,0,0,0.61939717
2021-06-29,JUPITER,332.058885,PISCES,2.058885,1,0,0,0,0,-0.02834063
2021-06-29,SATURN,312.460089,AQUARIUS,12.460089,1,0,0,0,0,-0.05395994
2021-06-29,URANUS,43.740313,TAURUS,13.740313,0,0,0,0,0,0.03881408
2021-06-29,NEPTUNE,353.196001,PISCES,23.196001,1,0,0,0,0,-0.00204605
2021-06-29,PLUTO,295.994446,CAPRICORN,25.994446,1,0,0,0,0,-0.02255133
2021-06-30,SUN,98.917776,CANCER,8.917776,0,0,0,0,0,0.95333298
2021-06-30,MERCURY,78.393639,GEMINI,18.393639,0,0,0,0,0,0.59888018
2021-06-30,VENUS,124.019015,LEO,4.019015,0,0,0,0,0,1.21182961
2021-06-30,MARS,131.698064,LEO,11.698064,0,0,0,0,0,0.61963177
2021-06-30,JUPITER,332.02895,PISCES,2.02895,1,0,0,0,0,-0.03152635
2021-06-30,SATURN,312.405559,AQUARIUS,12.405559,1,0,0,0,0,-0.05509432
2021-06-30,URANUS,43.778823,TAURUS,13.778823,0,0,0,0,0,0.03820421
2021-06-30,NEPTUNE,353.193682,PISCES,23.193682,1,0,0,0,0,-0.00259073
2021-06-30,PLUTO,295.97181,CAPRICORN,25.97181,1,0,0,0,0,-0.02271737
2021-07-01,SUN,99.871128,CANCER,9.871128,0,0,0,0,0,0.95337085
2021-07-01,MERCURY,79.031387,GEMINI,19.031387,0,0,0,0,0,0.67646113
2021-07-01,VENUS,125.230649,LEO,5.230649,0,0,0,0,0,1.21143924
2021-07-01,MARS,132.317819,LEO,12.317819,0,0,0,0,0,0.61987933
2021-07-01,JUPITER,331.995837,PISCES,1.995837,1,0,0,0,0,-0.03469693
2021-07-01,SATURN,312.34991,AQUARIUS,12.34991,1,0,0,0,0,-0.0561984
2021-07-01,URANUS,43.816721,TAURUS,13.816721,0,0,0,0,0,0.03759145
2021-07-01,NEPTUNE,353.190821,PISCES,23.190821,1,0,0,0,0,-0.00312862
2021-07-01,PLUTO,295.949015,CAPRICORN,25.949015,1,0,0,0,0,-0.02286957
2021-07-02,SUN,100.824524,CANCER,10.824524,0,0,0,0,0,0.9534222
2021-07-02,MERCURY,79.746277,GEMINI,19.746277,0,0,0,0,0,0.75315201
2021-07-02,VENUS,126.441895,LEO,6.441895,0,0,0,0,0,1.21105163
2021-07-02,MARS,132.937828,LEO,12.937828,0,0,0,0,0,0.62013781
2021-07-02,JUPITER,331.959561,PISCES,1.959561,1,0,0,0,0,-0.03785057
2021-07-02,SATURN,312.293172,AQUARIUS,12.293172,1,0,0,0,0,-0.05727181
2021-07-02,URANUS,43.854004,TAURUS,13.854004,0,0,0,0,0,0.03697516
2021-07-02,NEPTUNE,353.187426,PISCES,23.187426,1,0,0,0,0,-0.00366023
2021-07-02,PLUTO,295.926075,CAPRICORN,25.926075,1,0,0,0,0,-0.02300842
2021-07-03,SUN,101.777977,CANCER,11.777977,0,0,0,0,0,0.95348343
2021-07-03,MERCURY,80.537392,GEMINI,20.537392,0,0,0,0,0,0.82890305
2021-07-03,VENUS,127.652753,LEO,7.652753,0,0,0,0,0,1.21066382
2021-07-03,MARS,133.5581,LEO,13.5581,0,0,0,0,0,0.62040486
2021-07-03,JUPITER,331.920141,PISCES,1.920141,1,0,0,0,0,-0.04098584
2021-07-03,SATURN,312.235376,AQUARIUS,12.235376,1,0,0,0,0,-0.05831468
2021-07-03,URANUS,43.89067,TAURUS,13.89067,0,0,0,0,0,0.0363542
2021-07-03,NEPTUNE,353.183503,PISCES,23.183503,1,0,0,0,0,-0.0041864
2021-07-03,PLUTO,295.903002,CAPRICORN,25.903002,1,0,0,0,0,-0.02313486
2021-07-04,SUN,102.731495,CANCER,12.731495,0,0,0,0,0,0.95355104
2021-07-04,MERCURY,81.403777,GEMINI,21.403777,0,0,0,0,0,0.90369182
2021-07-04,VENUS,128.863222,LEO,8.863222,0,0,0,0,0,1.21027285
2021-07-04,MARS,134.178642,LEO,14.178642,0,0,0,0,0,0.62067801
2021-07-04,JUPITER,331.877596,PISCES,1.877596,1,0,0,0,0,-0.04410155
2021-07-04,SATURN,312.176552,AQUARIUS,12.176552,1,0,0,0,0,-0.05932734
2021-07-04,URANUS,43.926711,TAURUS,13.926711,0,0,0,0,0,0.03572734
2021-07-04,NEPTUNE,353.179055,PISCES,23.179055,1,0,0,0,0,-0.00470828
2021-07-04,PLUTO,295.879809,CAPRICORN,25.879809,1,0,0,0,0,-0.02325011
2021-07-05,SUN,103.685083,CANCER,13.685083,0,0,0,0,0,0.95362166
2021-07-05,MERCURY,82.344468,GEMINI,22.344468,0,0,0,0,0,0.97751389
2021-07-05,VENUS,130.073298,LEO,10.073298,0,0,0,0,0,1.20987557
2021-07-05,MARS,134.799459,LEO,14.799459,0,0,0,0,0,0.62095465
2021-07-05,JUPITER,331.831945,PISCES,1.831945,1,0,0,0,0,-0.04719652
2021-07-05,SATURN,312.116731,AQUARIUS,12.116731,1,0,0,0,0,-0.06031043
2021-07-05,URANUS,43.962122,TAURUS,13.962122,0,0,0,0,0,0.03509314
2021-07-05,NEPTUNE,353.174087,PISCES,23.174087,1,0,0,0,0,-0.00522713
2021-07-05,PLUTO,295.856505,CAPRICORN,25.856505,1,0,0,0,0,-0.02335555
2021-07-06,SUN,104.638741,CANCER,14.638741,0,0,0,0,0,0.95369201
2021-07-06,MERCURY,83.3585,GEMINI,23.3585,0,0,0,0,0,1.05037359
2021-07-06,VENUS,131.282972,LEO,11.282972,0,0,0,0,0,1.20946894
2021-07-06,MARS,135.420554,LEO,15.420554,0,0,0,0,0,0.62123231
2021-07-06,JUPITER,331.78321,PISCES,1.78321,1,0,0,0,0,-0.05026975
2021-07-06,SATURN,312.055941,AQUARIUS,12.055941,1,0,0,0,0,-0.06126457
2021-07-06,URANUS,43.996895,TAURUS,13.996895,0,0,0,0,0,0.03445011
2021-07-06,NEPTUNE,353.168602,PISCES,23.168602,1,0,0,0,0,-0.00574433
2021-07-06,PLUTO,295.8331,CAPRICORN,25.8331,1,0,0,0,0,-0.02345269
2021-07-07,SUN,105.592468,CANCER,15.592468,0,0,0,0,0,0.95375901
2021-07-07,MERCURY,84.444912,GEMINI,24.444912,0,0,0,0,0,1.12227489
2021-07-07,VENUS,132.492233,LEO,12.492233,0,0,0,0,0,1.20905002
2021-07-07,MARS,136.041925,LEO,16.041925,0,0,0,0,0,0.6215085
2021-07-07,JUPITER,331.731413,PISCES,1.731413,1,0,0,0,0,-0.05332004
2021-07-07,SATURN,311.994211,AQUARIUS,11.994211,1,0,0,0,0,-0.06219039
2021-07-07,URANUS,44.031019,TAURUS,14.031019,0,0,0,0,0,0.03379685
2021-07-07,NEPTUNE,353.162599,PISCES,23.162599,1,0,0,0,0,-0.00626117
2021-07-07,PLUTO,295.809602,CAPRICORN,25.809602,1,0,0,0,0,-0.02354289
2021-07-08,SUN,106.54626,CANCER,16.54626,0,0,0,0,0,0.95381977
2021-07-08,MERCURY,85.602745,GEMINI,25.602745,0,0,0,0,0,1.19321264
2021-07-08,VENUS,133.701068,LEO,13.701068,0,0,0,0,0,1.20861596
2021-07-08,MARS,136.663571,LEO,16.663571,0,0,0,0,0,0.621781
2021-07-08,JUPITER,331.676577,PISCES,1.676577,1,0,0,0,0,-0.05634592
2021-07-08,SATURN,311.931569,AQUARIUS,11.931569,1,0,0,0,0,-0.06308833
2021-07-08,URANUS,44.064485,TAURUS,14.064485,0,0,0,0,0,0.03313221
2021-07-08,NEPTUNE,353.156079,PISCES,23.156079,1,0,0,0,0,-0.0067787
2021-07-08,PLUTO,295.786016,CAPRICORN,25.786016,1,0,0,0,0,-0.02362741
2021-07-09,SUN,107.500108,CANCER,17.500108,0,0,0,0,0,0.9538718
2021-07-09,MERCURY,86.831025,GEMINI,26.831025,0,0,0,0,0,1.26316401
2021-07-09,VENUS,134.90946,LEO,14.90946,0,0,0,0,0,1.20816408
2021-07-09,MARS,137.285487,LEO,17.285487,0,0,0,0,0,0.62204778
2021-07-09,JUPITER,331.618729,PISCES,1.618729,1,0,0,0,0,-0.05934558
2021-07-09,SATURN,311.868043,AQUARIUS,11.868043,1,0,0,0,0,-0.06395859
2021-07-09,URANUS,44.09728,TAURUS,14.09728,0,0,0,0,0,0.03245536
2021-07-09,NEPTUNE,353.149041,PISCES,23.149041,1,0,0,0,0,-0.00729769
2021-07-09,PLUTO,295.762348,CAPRICORN,25.762348,1,0,0,0,0,-0.02370714
2021-07-10,SUN,108.454003,CANCER,18.454003,0,0,0,0,0,0.95391333
2021-07-10,MERCURY,88.128745,GEMINI,28.128745,0,0,0,0,0,1.33208022
2021-07-10,VENUS,136.11739,LEO,16.11739,0,0,0,0,0,1.20769223
2021-07-10,MARS,137.907666,LEO,17.907666,0,0,0,0,0,0.62230742
2021-07-10,JUPITER,331.557895,PISCES,1.557895,1,0,0,0,0,-0.06231658
2021-07-10,SATURN,311.803661,AQUARIUS,11.803661,1,0,0,0,0,-0.06480072
2021-07-10,URANUS,44.129391,TAURUS,14.129391,0,0,0,0,0,0.031766
2021-07-10,NEPTUNE,353.141482,PISCES,23.141482,1,0,0,0,0,-0.00781837
2021-07-10,PLUTO,295.738602,CAPRICORN,25.738602,1,0,0,0,0,-0.02378251
2021-07-11,SUN,109.407934,CANCER,19.407934,0,0,0,0,0,0.9539439
2021-07-11,MERCURY,89.49483,GEMINI,29.49483,0,0,0,0,0,1.39987872
2021-07-11,VENUS,137.324837,LEO,17.324837,0,0,0,0,0,1.20719905
2021-07-11,MARS,138.530101,LEO,18.530101,0,0,0,0,0,0.62255933
2021-07-11,JUPITER,331.494105,PISCES,1.494105,1,0,0,0,0,-0.06525568
2021-07-11,SATURN,311.738451,AQUARIUS,11.738451,1,0,0,0,0,-0.0656137
2021-07-11,URANUS,44.160808,TAURUS,14.160808,0,0,0,0,0,0.03106475
2021-07-11,NEPTUNE,353.133403,PISCES,23.133403,1,0,0,0,0,-0.00834016
2021-07-11,PLUTO,295.714784,CAPRICORN,25.714784,1,0,0,0,0,-0.02385316
2021-07-12,SUN,110.361891,CANCER,20.361891,0,0,0,0,0,0.95396466
2021-07-12,MERCURY,90.928105,CANCER,0.928105,0,1,0,0,0,1.46643543
2021-07-12,VENUS,138.531781,LEO,18.531781,0,0,0,0,0,1.20668455
2021-07-12,MARS,139.152784,LEO,19.152784,0,0,0,0,0,0.62280417
2021-07-12,JUPITER,331.427394,PISCES,1.427394,1,0,0,0,0,-0.06815866
2021-07-12,SATURN,311.672443,AQUARIUS,11.672443,1,0,0,0,0,-0.06639545
2021-07-12,URANUS,44.191517,TAURUS,14.191517,0,0,0,0,0,0.03035325
2021-07-12,NEPTUNE,353.124801,PISCES,23.124801,1,0,0,0,0,-0.00886141
2021-07-12,PLUTO,295.690897,CAPRICORN,25.690897,1,0,0,0,0,-0.02391765
2021-07-13,SUN,111.315865,CANCER,21.315865,0,0,0,0,0,0.95397846
2021-07-13,MERCURY,92.427246,CANCER,2.427246,0,0,0,0,0,1.53157801
2021-07-13,VENUS,139.7382,LEO,19.7382,0,0,0,0,0,1.20614988
2021-07-13,MARS,139.775709,LEO,19.775709,0,0,0,0,0,0.62304382
2021-07-13,JUPITER,331.357801,PISCES,1.357801,1,0,0,0,0,-0.07102054
2021-07-13,SATURN,311.60567,AQUARIUS,11.60567,1,0,0,0,0,-0.06714318
2021-07-13,URANUS,44.221511,TAURUS,14.221511,0,0,0,0,0,0.02963411
2021-07-13,NEPTUNE,353.11568,PISCES,23.11568,1,0,0,0,0,-0.0093796
2021-07-13,PLUTO,295.66695,CAPRICORN,25.66695,1,0,0,0,0,-0.02397378
2021-07-14,SUN,112.269851,CANCER,22.269851,0,0,0,0,0,0.9539894
2021-07-14,MERCURY,93.99073,CANCER,3.99073,0,0,0,0,0,1.59508018
2021-07-14,VENUS,140.944075,LEO,20.944075,0,0,0,0,0,1.20559723
2021-07-14,MARS,140.398872,LEO,20.398872,0,0,0,0,0,0.62328105
2021-07-14,JUPITER,331.285368,PISCES,1.285368,1,0,0,0,0,-0.07383595
2021-07-14,SATURN,311.538168,AQUARIUS,11.538168,1,0,0,0,0,-0.06785357
2021-07-14,URANUS,44.250784,TAURUS,14.250784,0,0,0,0,0,0.0289105
2021-07-14,NEPTUNE,353.106043,PISCES,23.106043,1,0,0,0,0,-0.00989163
2021-07-14,PLUTO,295.642953,CAPRICORN,25.642953,1,0,0,0,0,-0.02401871
2021-07-15,SUN,113.223849,CANCER,23.223849,0,0,0,0,0,0.95400222
2021-07-15,MERCURY,95.616781,CANCER,5.616781,0,0,0,0,0,1.65665867
2021-07-15,VENUS,142.149389,LEO,22.149389,0,0,0,0,0,1.20502927
2021-07-15,MARS,141.022273,LEO,21.022273,0,0,0,0,0,0.62351887
2021-07-15,JUPITER,331.210145,PISCES,1.210145,1,0,0,0,0,-0.07659978
2021-07-15,SATURN,311.469976,AQUARIUS,11.469976,1,0,0,0,0,-0.06852354
2021-07-15,URANUS,44.279332,TAURUS,14.279332,0,0,0,0,0,0.02818563
2021-07-15,NEPTUNE,353.095899,PISCES,23.095899,1,0,0,0,0,-0.01039445
2021-07-15,PLUTO,295.618917,CAPRICORN,25.618917,1,0,0,0,0,-0.02404968
2021-07-16,SUN,114.177862,CANCER,24.177862,0,0,0,0,0,0.95402171
2021-07-16,MERCURY,97.303308,CANCER,7.303308,0,0,0,0,0,1.7159737
2021-07-16,VENUS,143.35413,LEO,23.35413,0,0,0,0,0,1.20444844
2021-07-16,MARS,141.645913,LEO,21.645913,0,0,0,0,0,0.62376005
2021-07-16,JUPITER,331.132186,PISCES,1.132186,1,0,0,0,0,-0.07930781
2021-07-16,SATURN,311.401135,AQUARIUS,11.401135,1,0,0,0,0,-0.06915079
2021-07-16,URANUS,44.307156,TAURUS,14.307156,0,0,0,0,0,0.02746203
2021-07-16,NEPTUNE,353.085258,PISCES,23.085258,1,0,0,0,0,-0.01088567
2021-07-16,PLUTO,295.594858,CAPRICORN,25.594858,1,0,0,0,0,-0.02406462
2021-07-17,SUN,115.1319,CANCER,25.1319,0,0,0,0,0,0.95405209
2021-07-17,MERCURY,99.047857,CANCER,9.047857,0,0,0,0,0,1.77263379
2021-07-17,VENUS,144.558283,LEO,24.558283,0,0,0,0,0,1.20385644
2021-07-17,MARS,142.269796,LEO,22.269796,0,0,0,0,0,0.62400642
2021-07-17,JUPITER,331.051548,PISCES,1.051548,1,0,0,0,0,-0.08195737
2021-07-17,SATURN,311.331689,AQUARIUS,11.331689,1,0,0,0,0,-0.06973432
2021-07-17,URANUS,44.334257,TAURUS,14.334257,0,0,0,0,0,0.02674095
2021-07-17,NEPTUNE,353.074132,PISCES,23.074132,1,0,0,0,0,-0.01136419
2021-07-17,PLUTO,295.570793,CAPRICORN,25.570793,1,0,0,0,0,-0.02406274
2021-07-18,SUN,116.085975,CANCER,26.085975,0,0,0,0,0,0.95409652
2021-07-18,MERCURY,100.847559,CANCER,10.847559,0,0,0,0,0,1.8262058
2021-07-18,VENUS,145.76184,LEO,25.76184,0,0,0,0,0,1.2032539
2021-07-18,MARS,142.893929,LEO,22.893929,0,0,0,0,0,0.62425846
2021-07-18,JUPITER,330.96829,PISCES,0.96829,1,0,0,0,0,-0.084548
2021-07-18,SATURN,311.26168,AQUARIUS,11.26168,1,0,0,0,0,-0.07027532
2021-07-18,URANUS,44.360638,TAURUS,14.360638,0,0,0,0,0,0.02602173
2021-07-18,NEPTUNE,353.062533,PISCES,23.062533,1,0,0,0,0,-0.01183086
2021-07-18,PLUTO,295.546737,CAPRICORN,25.546737,1,0,0,0,0,-0.02404518
2021-07-19,SUN,117.040103,CANCER,27.040103,0,0,0,0,0,0.95415669
2021-07-19,MERCURY,102.699097,CANCER,12.699097,0,0,0,0,0,1.87623028
2021-07-19,VENUS,146.964789,LEO,26.964789,0,0,0,0,0,1.20264005
2021-07-19,MARS,143.518317,LEO,23.518317,0,0,0,0,0,0.62451493
2021-07-19,JUPITER,330.882471,PISCES,0.882471,1,0,0,0,0,-0.08708184
2021-07-19,SATURN,311.191151,AQUARIUS,11.191151,1,0,0,0,0,-0.0707772
2021-07-19,URANUS,44.3863,TAURUS,14.3863,0,0,0,0,0,0.02530158
2021-07-19,NEPTUNE,353.050473,PISCES,23.050473,1,0,0,0,0,-0.0122887
2021-07-19,PLUTO,295.522706,CAPRICORN,25.522706,1,0,0,0,0,-0.02401523
2021-07-20,SUN,117.994298,CANCER,27.994298,0,0,0,0,0,0.95423303
2021-07-20,MERCURY,104.598692,CANCER,14.598692,0,0,0,0,0,1.92224285
2021-07-20,VENUS,148.167117,LEO,28.167117,0,0,0,0,0,1.20201324
2021-07-20,MARS,144.142962,LEO,24.142962,0,0,0,0,0,0.62477327
2021-07-20,JUPITER,330.794144,PISCES,0.794144,1,0,0,0,0,-0.089563
2021-07-20,SATURN,311.120137,AQUARIUS,11.120137,1,0,0,0,0,-0.07124521
2021-07-20,URANUS,44.41124,TAURUS,14.41124,0,0,0,0,0,0.02457586
2021-07-20,NEPTUNE,353.037957,PISCES,23.037957,1,0,0,0,0,-0.01274249
2021-07-20,PLUTO,295.498709,CAPRICORN,25.498709,1,0,0,0,0,-0.02397791
2021-07-21,SUN,118.948578,CANCER,28.948578,0,0,0,0,0,0.95432547
2021-07-21,MERCURY,106.542106,CANCER,16.542106,0,0,0,0,0,1.9638003
2021-07-21,VENUS,149.368812,LEO,29.368812,0,0,0,0,0,1.20137211
2021-07-21,MARS,144.767865,LEO,24.767865,0,0,0,0,0,0.62503099
2021-07-21,JUPITER,330.70336,PISCES,0.70336,1,0,0,0,0,-0.09199618
2021-07-21,SATURN,311.04867,AQUARIUS,11.04867,1,0,0,0,0,-0.07168485
2021-07-21,URANUS,44.435448,TAURUS,14.435448,0,0,0,0,0,0.02383961
2021-07-21,NEPTUNE,353.024988,PISCES,23.024988,1,0,0,0,0,-0.01319735
2021-07-21,PLUTO,295.474751,CAPRICORN,25.474751,1,0,0,0,0,-0.02393841
2021-07-22,SUN,119.902959,CANCER,29.902959,0,0,0,0,0,0.95443459
2021-07-22,MERCURY,108.524683,CANCER,18.524683,0,0,0,0,0,2.0005089
2021-07-22,VENUS,150.569858,VIRGO,0.569858,0,1,0,0,0,1.20071697
2021-07-22,MARS,145.393025,LEO,25.393025,0,0,0,0,0,0.62528701
2021-07-22,JUPITER,330.610166,PISCES,0.610166,1,0,0,0,0,-0.09438447
2021-07-22,SATURN,310.976775,AQUARIUS,10.976775,1,0,0,0,0,-0.07209999
2021-07-22,URANUS,44.458914,TAURUS,14.458914,0,0,0,0,0,0.02308947
2021-07-22,NEPTUNE,353.011561,PISCES,23.011561,1,0,0,0,0,-0.01365681
2021-07-22,PLUTO,295.450832,CAPRICORN,25.450832,1,0,0,0,0,-0.02390037
2021-07-23,SUN,120.857457,LEO,0.857457,0,1,0,0,0,0.95456249
2021-07-23,MERCURY,110.541407,CANCER,20.541407,0,0,0,0,0,2.03205243
2021-07-23,VENUS,151.770242,VIRGO,1.770242,0,0,0,0,0,1.20005063
2021-07-23,MARS,146.018441,LEO,26.018441,0,0,0,0,0,0.6255429
2021-07-23,JUPITER,330.514606,PISCES,0.514606,1,0,0,0,0,-0.0967277
2021-07-23,SATURN,310.904477,AQUARIUS,10.904477,1,0,0,0,0,-0.07249122
2021-07-23,URANUS,44.481623,TAURUS,14.481623,0,0,0,0,0,0.02232487
2021-07-23,NEPTUNE,352.997672,PISCES,22.997672,1,0,0,0,0,-0.0141214
2021-07-23,PLUTO,295.426949,CAPRICORN,25.426949,1,0,0,0,0,-0.0238643
2021-07-24,SUN,121.812095,LEO,1.812095,0,0,0,0,0,0.95471263
2021-07-24,MERCURY,112.586996,CANCER,22.586996,0,0,0,0,0,2.05821477
2021-07-24,VENUS,152.969957,VIRGO,2.969957,0,0,0,0,0,1.19937831
2021-07-24,MARS,146.644114,LEO,26.644114,0,0,0,0,0,0.62580275
2021-07-24,JUPITER,330.416726,PISCES,0.416726,1,0,0,0,0,-0.09902219
2021-07-24,SATURN,310.831801,AQUARIUS,10.831801,1,0,0,0,0,-0.0728558
2021-07-24,URANUS,44.50356,TAURUS,14.50356,0,0,0,0,0,0.02154847
2021-07-24,NEPTUNE,352.983316,PISCES,22.983316,1,0,0,0,0,-0.0145884
2021-07-24,PLUTO,295.403102,CAPRICORN,25.403102,1,0,0,0,0,-0.02382743
2021-07-25,SUN,122.766894,LEO,2.766894,0,0,0,0,0,0.95488858
2021-07-25,MERCURY,114.65601,CANCER,24.65601,0,0,0,0,0,2.07889482
2021-07-25,VENUS,154.168999,VIRGO,4.168999,0,0,0,0,0,1.19870586
2021-07-25,MARS,147.270051,LEO,27.270051,0,0,0,0,0,0.62607185
2021-07-25,JUPITER,330.316578,PISCES,0.316578,1,0,0,0,0,-0.10126176
2021-07-25,SATURN,310.758775,AQUARIUS,10.758775,1,0,0,0,0,-0.07318884
2021-07-25,URANUS,44.524717,TAURUS,14.524717,0,0,0,0,0,0.02076476
2021-07-25,NEPTUNE,352.968495,PISCES,22.968495,1,0,0,0,0,-0.01505318
2021-07-25,PLUTO,295.379295,CAPRICORN,25.379295,1,0,0,0,0,-0.02378507
2021-07-26,SUN,123.721884,LEO,3.721884,0,0,0,0,0,0.95509263
2021-07-26,MERCURY,116.742965,CANCER,26.742965,0,0,0,0,0,2.09411249
2021-07-26,VENUS,155.36737,VIRGO,5.36737,0,0,0,0,0,1.19803825
2021-07-26,MARS,147.896263,LEO,27.896263,0,0,0,0,0,0.62635471
2021-07-26,JUPITER,330.214222,PISCES,0.214222,1,0,0,0,0,-0.10343977
2021-07-26,SATURN,310.685435,AQUARIUS,10.685435,1,0,0,0,0,-0.07348518
2021-07-26,URANUS,44.545088,TAURUS,14.545088,0,0,0,0,0,0.01997825
2021-07-26,NEPTUNE,352.953211,PISCES,22.953211,1,0,0,0,0,-0.01551099
2021-07-26,PLUTO,295.355535,CAPRICORN,25.355535,1,0,0,0,0,-0.02373244
2021-07-27,SUN,124.677092,LEO,4.677092,0,0,0,0,0,0.95532476
2021-07-27,MERCURY,118.842458,CANCER,28.842458,0,0,0,0,0,2.10400552
2021-07-27,VENUS,156.565078,VIRGO,6.565078,0,0,0,0,0,1.19737786
2021-07-27,MARS,148.522767,LEO,28.522767,0,0,0,0,0,0.62665376
2021-07-27,JUPITER,330.10972,PISCES,0.10972,1,0,0,0,0,-0.1055507
2021-07-27,SATURN,310.611818,AQUARIUS,10.611818,1,0,0,0,0,-0.07374118
2021-07-27,URANUS,44.564673,TAURUS,14.564673,0,0,0,0,0,0.01919202
2021-07-27,NEPTUNE,352.937475,PISCES,22.937475,1,0,0,0,0,-0.01595857
2021-07-27,PLUTO,295.331834,CAPRICORN,25.331834,1,0,0,0,0,-0.02366631
2021-07-28,SUN,125.632545,LEO,5.632545,0,0,0,0,0,0.95558255
2021-07-28,MERCURY,120.94928,LEO,0.94928,0,1,0,0,0,2.10881883
2021-07-28,VENUS,157.762129,VIRGO,7.762129,0,0,0,0,0,1.1967245
2021-07-28,MARS,149.149578,LEO,29.149578,0,0,0,0,0,0.62696918
2021-07-28,JUPITER,330.003143,PISCES,0.003143,1,0,0,0,0,-0.1075908
2021-07-28,SATURN,310.537966,AQUARIUS,10.537966,1,0,0,0,0,-0.07395502
2021-07-28,URANUS,44.583473,TAURUS,14.583473,0,0,0,0,0,0.01840712
2021-07-28,NEPTUNE,352.921297,PISCES,22.921297,1,0,0,0,0,-0.01639464
2021-07-28,PLUTO,295.308207,CAPRICORN,25.308207,1,0,0,0,0,-0.02358542
2021-07-29,SUN,126.588266,LEO,6.588266,0,0,0,0,0,0.9558621
2021-07-29,MERCURY,123.05851,LEO,3.05851,0,0,0,0,0,2.10888747
2021-07-29,VENUS,158.958529,VIRGO,8.958529,0,0,0,0,0,1.19607598
2021-07-29,MARS,149.776712,LEO,29.776712,0,0,0,0,0,0.62729927
2021-07-29,JUPITER,329.894562,AQUARIUS,29.894562,1,1,0,0,0,-0.10955778
2021-07-29,SATURN,310.463921,AQUARIUS,10.463921,1,0,0,0,0,-0.07412662
2021-07-29,URANUS,44.601488,TAURUS,14.601488,0,0,0,0,0,0.01762311
2021-07-29,NEPTUNE,352.904689,PISCES,22.904689,1,0,0,0,0,-0.01681947
2021-07-29,PLUTO,295.284667,CAPRICORN,25.284667,1,0,0,0,0,-0.02349021
2021-07-30,SUN,127.544277,LEO,7.544277,0,0,0,0,0,0.95615892
2021-07-30,MERCURY,125.165603,LEO,5.165603,0,0,0,0,0,2.10461583
2021-07-30,VENUS,160.154282,VIRGO,10.154282,0,0,0,0,0,1.19542918
2021-07-30,MARS,150.404182,VIRGO,0.404182,0,1,0,0,0,0.62764149
2021-07-30,JUPITER,329.784051,AQUARIUS,29.784051,1,0,0,0,0,-0.11145005
2021-07-30,SATURN,310.389726,AQUARIUS,10.389726,1,0,0,0,0,-0.07425663
2021-07-30,URANUS,44.618719,TAURUS,14.618719,0,0,0,0,0,0.01683878
2021-07-30,NEPTUNE,352.887661,PISCES,22.887661,1,0,0,0,0,-0.01723412
2021-07-30,PLUTO,295.26123,CAPRICORN,25.26123,1,0,0,0,0,-0.0233818
2021-07-31,SUN,128.500591,LEO,8.500591,0,0,0,0,0,0.95646866
2021-07-31,MERCURY,127.266441,LEO,7.266441,0,0,0,0,0,2.09645682
2021-07-31,VENUS,161.349388,VIRGO,11.349388,0,0,0,0,0,1.19478073
2021-07-31,MARS,151.032,VIRGO,1.032,0,0,0,0,0,0.62799316
2021-07-31,JUPITER,329.671687,AQUARIUS,29.671687,1,0,0,0,0,-0.11326638
2021-07-31,SATURN,310.315421,AQUARIUS,10.315421,1,0,0,0,0,-0.07434606
2021-07-31,URANUS,44.635165,TAURUS,14.635165,0,0,0,0,0,0.01605275
2021-07-31,NEPTUNE,352.870223,PISCES,22.870223,1,0,0,0,0,-0.0176399
2021-07-31,PLUTO,295.237907,CAPRICORN,25.237907,1,0,0,0,0,-0.02326171
2021-08-01,SUN,129.457219,LEO,9.457219,0,0,0,0,0,0.95678734
2021-08-01,MERCURY,129.357374,LEO,9.357374,0,0,0,0,0,2.08488329
2021-08-01,VENUS,162.543843,VIRGO,12.543843,0,0,0,0,0,1.19412741
2021-08-01,MARS,151.660173,VIRGO,1.660173,0,0,0,0,0,0.62835163
2021-08-01,JUPITER,329.557544,AQUARIUS,29.557544,1,0,0,0,0,-0.11500557
2021-08-01,SATURN,310.241047,AQUARIUS,10.241047,1,0,0,0,0,-0.07439595
2021-08-01,URANUS,44.650823,TAURUS,14.650823,0,0,0,0,0,0.01526368
2021-08-01,NEPTUNE,352.852384,PISCES,22.852384,1,0,0,0,0,-0.01803808
2021-08-01,PLUTO,295.21471,CAPRICORN,25.21471,1,0,0,0,0,-0.02313137
2021-08-02,SUN,130.41417,LEO,10.41417,0,0,0,0,0,0.95711127
2021-08-02,MERCURY,131.435212,LEO,11.435212,0,0,0,0,0,2.07034456
2021-08-02,VENUS,163.737641,VIRGO,13.737641,0,0,0,0,0,1.193466
2021-08-02,MARS,152.288706,VIRGO,2.288706,0,0,0,0,0,0.62871437
2021-08-02,JUPITER,329.441701,AQUARIUS,29.441701,1,0,0,0,0,-0.11666657
2021-08-02,SATURN,310.166642,AQUARIUS,10.166642,1,0,0,0,0,-0.07440747
2021-08-02,URANUS,44.665691,TAURUS,14.665691,0,0,0,0,0,0.01447021
2021-08-02,NEPTUNE,352.834149,PISCES,22.834149,1,0,0,0,0,-0.01842996
2021-08-02,PLUTO,295.191647,CAPRICORN,25.191647,1,0,0,0,0,-0.02299229
2021-08-03,SUN,131.371445,LEO,11.371445,0,0,0,0,0,0.95743695
2021-08-03,MERCURY,133.497229,LEO,13.497229,0,0,0,0,0,2.05331854
2021-08-03,VENUS,164.930773,VIRGO,14.930773,0,0,0,0,0,1.19279352
2021-08-03,MARS,152.917604,VIRGO,2.917604,0,0,0,0,0,0.62907899
2021-08-03,JUPITER,329.324237,AQUARIUS,29.324237,1,0,0,0,0,-0.11824831
2021-08-03,SATURN,310.092244,AQUARIUS,10.092244,1,0,0,0,0,-0.07438165
2021-08-03,URANUS,44.679762,TAURUS,14.679762,0,0,0,0,0,0.01367108
2021-08-03,NEPTUNE,352.815525,PISCES,22.815525,1,0,0,0,0,-0.0188168
2021-08-03,PLUTO,295.168727,CAPRICORN,25.168727,1,0,0,0,0,-0.02284595
2021-08-04,SUN,132.329045,LEO,12.329045,0,0,0,0,0,0.95776094
2021-08-04,MERCURY,135.541156,LEO,15.541156,0,0,0,0,0,2.03423451
2021-08-04,VENUS,166.123225,VIRGO,16.123225,0,0,0,0,0,1.192107
2021-08-04,MARS,153.546866,VIRGO,3.546866,0,0,0,0,0,0.62944315
2021-08-04,JUPITER,329.205231,AQUARIUS,29.205231,1,0,0,0,0,-0.1197497
2021-08-04,SATURN,310.01789,AQUARIUS,10.01789,1,0,0,0,0,-0.07431961
2021-08-04,URANUS,44.693031,TAURUS,14.693031,0,0,0,0,0,0.01286513
2021-08-04,NEPTUNE,352.796517,PISCES,22.796517,1,0,0,0,0,-0.01919976
2021-08-04,PLUTO,295.145957,CAPRICORN,25.145957,1,0,0,0,0,-0.02269369
2021-08-05,SUN,133.286968,LEO,13.286968,0,0,0,0,0,0.95807998
2021-08-05,MERCURY,137.565134,LEO,17.565134,0,0,0,0,0,2.01347968
2021-08-05,VENUS,167.314982,VIRGO,17.314982,0,0,0,0,0,1.19140361
2021-08-05,MARS,154.176491,VIRGO,4.176491,0,0,0,0,0,0.62980474
2021-08-05,JUPITER,329.084764,AQUARIUS,29.084764,1,0,0,0,0,-0.12116945
2021-08-05,SATURN,309.943616,AQUARIUS,9.943616,1,0,0,0,0,-0.07422213
2021-08-05,URANUS,44.705489,TAURUS,14.705489,0,0,0,0,0,0.01205149
2021-08-05,NEPTUNE,352.777126,PISCES,22.777126,1,0,0,0,0,-0.01957972
2021-08-05,PLUTO,295.123341,CAPRICORN,25.123341,1,0,0,0,0,-0.02253662
2021-08-06,SUN,134.245205,LEO,14.245205,0,0,0,0,0,0.95839104
2021-08-06,MERCURY,139.567668,LEO,19.567668,0,0,0,0,0,1.9914025
2021-08-06,VENUS,168.506026,VIRGO,18.506026,0,0,0,0,0,1.19068049
2021-08-06,MARS,154.806476,VIRGO,4.806476,0,0,0,0,0,0.63016194
2021-08-06,JUPITER,328.962919,AQUARIUS,28.962919,1,0,0,0,0,-0.12250584
2021-08-06,SATURN,309.869457,AQUARIUS,9.869457,1,0,0,0,0,-0.07408963
2021-08-06,URANUS,44.717131,TAURUS,14.717131,0,0,0,0,0,0.01122975
2021-08-06,NEPTUNE,352.757357,PISCES,22.757357,1,0,0,0,0,-0.01995715
2021-08-06,PLUTO,295.100884,CAPRICORN,25.100884,1,0,0,0,0,-0.02237548
2021-08-07,SUN,135.203749,LEO,15.203749,0,0,0,0,0,0.95869175
2021-08-07,MERCURY,141.547593,LEO,21.547593,0,0,0,0,0,1.96830905
2021-08-07,VENUS,169.696336,VIRGO,19.696336,0,0,0,0,0,1.18993526
2021-08-07,MARS,155.436814,VIRGO,5.436814,0,0,0,0,0,0.63051352
2021-08-07,JUPITER,328.83978,AQUARIUS,28.83978,1,0,0,0,0,-0.12375654
2021-08-07,SATURN,309.795448,AQUARIUS,9.795448,1,0,0,0,0,-0.07392193
2021-08-07,URANUS,44.727946,TAURUS,14.727946,0,0,0,0,0,0.01040014
2021-08-07,NEPTUNE,352.737212,PISCES,22.737212,1,0,0,0,0,-0.02033186
2021-08-07,PLUTO,295.078591,CAPRICORN,25.078591,1,0,0,0,0,-0.02221029
2021-08-08,SUN,136.162588,LEO,16.162588,0,0,0,0,0,0.95898102
2021-08-08,MERCURY,143.504027,LEO,23.504027,0,0,0,0,0,1.94446315
2021-08-08,VENUS,170.885889,VIRGO,20.885889,0,0,0,0,0,1.18916622
2021-08-08,MARS,156.067502,VIRGO,6.067502,0,0,0,0,0,0.63085921
2021-08-08,JUPITER,328.715434,AQUARIUS,28.715434,1,0,0,0,0,-0.12491844
2021-08-08,SATURN,309.721625,AQUARIUS,9.721625,1,0,0,0,0,-0.07371795
2021-08-08,URANUS,44.737929,TAURUS,14.737929,0,0,0,0,0,0.00956398
2021-08-08,NEPTUNE,352.716694,PISCES,22.716694,1,0,0,0,0,-0.02070264
2021-08-08,PLUTO,295.056465,CAPRICORN,25.056465,1,0,0,0,0,-0.02204017
2021-08-09,SUN,137.121711,LEO,17.121711,0,0,0,0,0,0.95925943
2021-08-09,MERCURY,145.436335,LEO,25.436335,0,0,0,0,0,1.92008901
2021-08-09,VENUS,172.074661,VIRGO,22.074661,0,0,0,0,0,1.18837278
2021-08-09,MARS,156.698532,VIRGO,6.698532,0,0,0,0,0,0.63120009
2021-08-09,JUPITER,328.589972,AQUARIUS,28.589972,1,0,0,0,0,-0.12598748
2021-08-09,SATURN,309.648024,AQUARIUS,9.648024,1,0,0,0,0,-0.07347567
2021-08-09,URANUS,44.747072,TAURUS,14.747072,0,0,0,0,0,0.00872376
2021-08-09,NEPTUNE,352.695808,PISCES,22.695808,1,0,0,0,0,-0.02106721
2021-08-09,PLUTO,295.034512,CAPRICORN,25.034512,1,0,0,0,0,-0.02186316
2021-08-10,SUN,138.081108,LEO,18.081108,0,0,0,0,0,0.95952927
2021-08-10,MERCURY,147.344084,LEO,27.344084,0,0,0,0,0,1.89537395
2021-08-10,VENUS,173.262627,VIRGO,23.262627,0,0,0,0,0,1.18755547
2021-08-10,MARS,157.329902,VIRGO,7.329902,0,0,0,0,0,0.63153838
2021-08-10,JUPITER,328.46349,AQUARIUS,28.46349,1,0,0,0,0,-0.1269591
2021-08-10,SATURN,309.574686,AQUARIUS,9.574686,1,0,0,0,0,-0.07319217
2021-08-10,URANUS,44.755376,TAURUS,14.755376,0,0,0,0,0,0.0078829
2021-08-10,NEPTUNE,352.674562,PISCES,22.674562,1,0,0,0,0,-0.02142234
2021-08-10,PLUTO,295.012741,CAPRICORN,25.012741,1,0,0,0,0,-0.02167636
2021-08-11,SUN,139.040771,LEO,19.040771,0,0,0,0,0,0.95979409
2021-08-11,MERCURY,149.227013,LEO,29.227013,0,0,0,0,0,1.87047177
2021-08-11,VENUS,174.449765,VIRGO,24.449765,0,0,0,0,0,1.18671552
2021-08-11,MARS,157.961611,VIRGO,7.961611,0,0,0,0,0,0.63187692
2021-08-11,JUPITER,328.336087,AQUARIUS,28.336087,1,0,0,0,0,-0.12782883
2021-08-11,SATURN,309.501654,AQUARIUS,9.501654,1,0,0,0,0,-0.07286467
2021-08-11,URANUS,44.762839,TAURUS,14.762839,0,0,0,0,0,0.00704509
2021-08-11,NEPTUNE,352.652966,PISCES,22.652966,1,0,0,0,0,-0.0217646
2021-08-11,PLUTO,294.991163,CAPRICORN,24.991163,1,0,0,0,0,-0.02147675
2021-08-12,SUN,140.000699,LEO,20.000699,0,0,0,0,0,0.96005764
2021-08-12,MERCURY,151.085,VIRGO,1.085,0,1,0,0,0,1.84550544
2021-08-12,VENUS,175.636051,VIRGO,25.636051,0,0,0,0,0,1.18585401
2021-08-12,MARS,158.593659,VIRGO,8.593659,0,0,0,0,0,0.63221835
2021-08-12,JUPITER,328.207867,AQUARIUS,28.207867,1,0,0,0,0,-0.12859334
2021-08-12,SATURN,309.428972,AQUARIUS,9.428972,1,0,0,0,0,-0.07249101
2021-08-12,URANUS,44.769468,TAURUS,14.769468,0,0,0,0,0,0.00621339
2021-08-12,NEPTUNE,352.631037,PISCES,22.631037,1,0,0,0,0,-0.02209121
2021-08-12,PLUTO,294.969792,CAPRICORN,24.969792,1,0,0,0,0,-0.0212619
2021-08-13,SUN,140.960892,LEO,20.960892,0,0,0,0,0,0.96032316
2021-08-13,MERCURY,152.918028,VIRGO,2.918028,0,0,0,0,0,1.82057024
2021-08-13,VENUS,176.821466,VIRGO,26.821466,0,0,0,0,0,1.18497124
2021-08-13,MARS,159.22605,VIRGO,9.22605,0,0,0,0,0,0.63256418
2021-08-13,JUPITER,328.078935,AQUARIUS,28.078935,1,0,0,0,0,-0.12925129
2021-08-13,SATURN,309.356687,AQUARIUS,9.356687,1,0,0,0,0,-0.07207091
2021-08-13,URANUS,44.775268,TAURUS,14.775268,0,0,0,0,0,0.00538923
2021-08-13,NEPTUNE,352.608789,PISCES,22.608789,1,0,0,0,0,-0.02240104
2021-08-13,PLUTO,294.948644,CAPRICORN,24.948644,1,0,0,0,0,-0.02103104
2021-08-14,SUN,141.921351,LEO,21.921351,0,0,0,0,0,0.96059274
2021-08-14,MERCURY,154.726168,VIRGO,4.726168,0,0,0,0,0,1.7957371
2021-08-14,VENUS,178.005988,VIRGO,28.005988,0,0,0,0,0,1.1840661
2021-08-14,MARS,159.85879,VIRGO,9.85879,0,0,0,0,0,0.63291426
2021-08-14,JUPITER,327.949399,AQUARIUS,27.949399,1,0,0,0,0,-0.12980386
2021-08-14,SATURN,309.284845,AQUARIUS,9.284845,1,0,0,0,0,-0.07160615
2021-08-14,URANUS,44.780248,TAURUS,14.780248,0,0,0,0,0,0.00457202
2021-08-14,NEPTUNE,352.58624,PISCES,22.58624,1,0,0,0,0,-0.02269502
2021-08-14,PLUTO,294.927734,CAPRICORN,24.927734,1,0,0,0,0,-0.02078541
2021-08-15,SUN,142.882083,LEO,22.882083,0,0,0,0,0,0.96086741
2021-08-15,MERCURY,156.509548,VIRGO,6.509548,0,0,0,0,0,1.77105561
2021-08-15,VENUS,179.189592,VIRGO,29.189592,0,0,0,0,0,1.18313656
2021-08-15,MARS,160.491882,VIRGO,10.491882,0,0,0,0,0,0.63326711
2021-08-15,JUPITER,327.819361,AQUARIUS,27.819361,1,0,0,0,0,-0.13025453
2021-08-15,SATURN,309.213488,AQUARIUS,9.213488,1,0,0,0,0,-0.07110063
2021-08-15,URANUS,44.784414,TAURUS,14.784414,0,0,0,0,0,0.00375914
2021-08-15,NEPTUNE,352.563403,PISCES,22.563403,1,0,0,0,0,-0.02297603
2021-08-15,PLUTO,294.907077,CAPRICORN,24.907077,1,0,0,0,0,-0.02052823
2021-08-16,SUN,143.843092,LEO,23.843092,0,0,0,0,0,0.9611476
2021-08-16,MERCURY,158.268335,VIRGO,8.268335,0,0,0,0,0,1.74655792
2021-08-16,VENUS,180.372253,LIBRA,0.372253,0,1,0,0,0,1.18218017
2021-08-16,MARS,161.125327,VIRGO,11.125327,0,0,0,0,0,0.63362028
2021-08-16,JUPITER,327.688922,AQUARIUS,27.688922,1,0,0,0,0,-0.13060845
2021-08-16,SATURN,309.142655,AQUARIUS,9.142655,1,0,0,0,0,-0.07055955
2021-08-16,URANUS,44.787767,TAURUS,14.787767,0,0,0,0,0,0.00294673
2021-08-16,NEPTUNE,352.54029,PISCES,22.54029,1,0,0,0,0,-0.02324832
2021-08-16,PLUTO,294.88668,CAPRICORN,24.88668,1,0,0,0,0,-0.02026395
2021-08-17,SUN,144.804385,LEO,24.804385,0,0,0,0,0,0.96143394
2021-08-17,MERCURY,160.002725,VIRGO,10.002725,0,0,0,0,0,1.72226182
2021-08-17,VENUS,181.553944,LIBRA,1.553944,0,0,0,0,0,1.18119525
2021-08-17,MARS,161.759124,VIRGO,11.759124,0,0,0,0,0,0.63397151
2021-08-17,JUPITER,327.558174,AQUARIUS,27.558174,1,0,0,0,0,-0.13087112
2021-08-17,SATURN,309.072379,AQUARIUS,9.072379,1,0,0,0,0,-0.06998823
2021-08-17,URANUS,44.790306,TAURUS,14.790306,0,0,0,0,0,0.00213059
2021-08-17,NEPTUNE,352.516908,PISCES,22.516908,1,0,0,0,0,-0.02351627
2021-08-17,PLUTO,294.866549,CAPRICORN,24.866549,1,0,0,0,0,-0.01999716
2021-08-18,SUN,145.765967,LEO,25.765967,0,0,0,0,0,0.96172799
2021-08-18,MERCURY,161.712923,VIRGO,11.712923,0,0,0,0,0,1.69817412
2021-08-18,VENUS,182.734635,LIBRA,2.734635,0,0,0,0,0,1.18018182
2021-08-18,MARS,162.39327,VIRGO,12.39327,0,0,0,0,0,0.63431972
2021-08-18,JUPITER,327.427208,AQUARIUS,27.427208,1,0,0,0,0,-0.13104706
2021-08-18,SATURN,309.002687,AQUARIUS,9.002687,1,0,0,0,0,-0.06939091
2021-08-18,URANUS,44.792025,TAURUS,14.792025,0,0,0,0,0,0.00130761
2021-08-18,NEPTUNE,352.493258,PISCES,22.493258,1,0,0,0,0,-0.02378327
2021-08-18,PLUTO,294.846685,CAPRICORN,24.846685,1,0,0,0,0,-0.01973134
2021-08-19,SUN,146.727849,LEO,26.727849,0,0,0,0,0,0.96203275
2021-08-19,MERCURY,163.399137,VIRGO,13.399137,0,0,0,0,0,1.67429291
2021-08-19,VENUS,183.914299,LIBRA,3.914299,0,0,0,0,0,1.17914233
2021-08-19,MARS,163.027764,VIRGO,13.027764,0,0,0,0,0,0.63466579
2021-08-19,JUPITER,327.296108,AQUARIUS,27.296108,1,0,0,0,0,-0.13113859
2021-08-19,SATURN,308.933605,AQUARIUS,8.933605,1,0,0,0,0,-0.06876957
2021-08-19,URANUS,44.792918,TAURUS,14.792918,0,0,0,0,0,0.00047666
2021-08-19,NEPTUNE,352.469341,PISCES,22.469341,1,0,0,0,0,-0.02405062
2021-08-19,PLUTO,294.827085,CAPRICORN,24.827085,1,0,0,0,0,-0.01946785
2021-08-20,SUN,147.690042,LEO,27.690042,0,0,0,0,0,0.96235279
2021-08-20,MERCURY,165.06157,VIRGO,15.06157,0,0,0,0,0,1.65060945
2021-08-20,VENUS,185.092913,LIBRA,5.092913,0,0,0,0,0,1.17808169
2021-08-20,MARS,163.662604,VIRGO,13.662604,0,0,0,0,0,0.63501284
2021-08-20,JUPITER,327.164958,AQUARIUS,27.164958,1,0,0,0,0,-0.13114534
2021-08-20,SATURN,308.865156,AQUARIUS,8.865156,1,0,0,0,0,-0.06812348
2021-08-20,URANUS,44.792976,TAURUS,14.792976,1,0,1,0,1,-0.00036092
2021-08-20,NEPTUNE,352.445156,PISCES,22.445156,1,0,0,0,0,-0.02431706
2021-08-20,PLUTO,294.807748,CAPRICORN,24.807748,1,0,0,0,0,-0.01920542
2021-08-21,SUN,148.652565,LEO,28.652565,0,0,0,0,0,0.96269341
2021-08-21,MERCURY,166.700412,VIRGO,16.700412,0,0,0,0,0,1.62710842
2021-08-21,VENUS,186.270459,LIBRA,6.270459,0,0,0,0,0,1.17700642
2021-08-21,MARS,164.297793,VIRGO,14.297793,0,0,0,0,0,0.63536566
2021-08-21,JUPITER,327.033845,AQUARIUS,27.033845,1,0,0,0,0,-0.13106447
2021-08-21,SATURN,308.797366,AQUARIUS,8.797366,1,0,0,0,0,-0.06744968
2021-08-21,URANUS,44.792195,TAURUS,14.792195,1,0,0,0,0,-0.00120176
2021-08-21,NEPTUNE,352.420707,PISCES,22.420707,1,0,0,0,0,-0.02457925
2021-08-21,PLUTO,294.788675,CAPRICORN,24.788675,1,0,0,0,0,-0.01894073
2021-08-22,SUN,149.615441,LEO,29.615441,0,0,0,0,0,0.96305954
2021-08-22,MERCURY,168.315836,VIRGO,18.315836,0,0,0,0,0,1.60376769
2021-08-22,VENUS,187.446924,LIBRA,7.446924,0,0,0,0,0,1.17592334
2021-08-22,MARS,164.93334,VIRGO,14.93334,0,0,0,0,0,0.63572935
2021-08-22,JUPITER,326.902858,AQUARIUS,26.902858,1,0,0,0,0,-0.13089195
2021-08-22,SATURN,308.730266,AQUARIUS,8.730266,1,0,0,0,0,-0.06674415
2021-08-22,URANUS,44.790573,TAURUS,14.790573,1,0,0,0,0,-0.0020416
2021-08-22,NEPTUNE,352.395999,PISCES,22.395999,1,0,0,0,0,-0.0248329
2021-08-22,PLUTO,294.769868,CAPRICORN,24.769868,1,0,0,0,0,-0.01866948
2021-08-23,SUN,150.578697,VIRGO,0.578697,0,1,0,0,0,0.96345437
2021-08-23,MERCURY,169.907987,VIRGO,19.907987,0,0,0,0,0,1.58055745
2021-08-23,VENUS,188.622305,LIBRA,8.622305,0,0,0,0,0,1.17483779
2021-08-23,MARS,165.569258,VIRGO,15.569258,0,0,0,0,0,0.63610795
2021-08-23,JUPITER,326.772092,AQUARIUS,26.772092,1,0,0,0,0,-0.13062393
2021-08-23,SATURN,308.663889,AQUARIUS,8.663889,1,0,0,0,0,-0.06600328
2021-08-23,URANUS,44.788113,TAURUS,14.788113,1,0,0,0,0,-0.00287675
2021-08-23,NEPTUNE,352.371044,PISCES,22.371044,1,0,0,0,0,-0.02507422
2021-08-23,PLUTO,294.751338,CAPRICORN,24.751338,1,0,0,0,0,-0.0183879
2021-08-24,SUN,151.542362,VIRGO,1.542362,0,0,0,0,0,0.96387849
2021-08-24,MERCURY,171.476977,VIRGO,21.476977,0,0,0,0,0,1.5574397
2021-08-24,VENUS,189.796601,LIBRA,9.796601,0,0,0,0,0,1.17375276
2021-08-24,MARS,166.205563,VIRGO,16.205563,0,0,0,0,0,0.63650354
2021-08-24,JUPITER,326.641642,AQUARIUS,26.641642,1,0,0,0,0,-0.13025789
2021-08-24,SATURN,308.598272,AQUARIUS,8.598272,1,0,0,0,0,-0.0652249
2021-08-24,URANUS,44.784821,TAURUS,14.784821,1,0,0,0,0,-0.00370495
2021-08-24,NEPTUNE,352.345855,PISCES,22.345855,1,0,0,0,0,-0.02530092
2021-08-24,PLUTO,294.733096,CAPRICORN,24.733096,1,0,0,0,0,-0.01809374
2021-08-25,SUN,152.506466,VIRGO,2.506466,0,0,0,0,0,0.96432988
2021-08-25,MERCURY,173.022878,VIRGO,23.022878,0,0,0,0,0,1.53436838
2021-08-25,VENUS,190.969812,LIBRA,10.969812,0,0,0,0,0,1.17266853
2021-08-25,MARS,166.842272,VIRGO,16.842272,0,0,0,0,0,0.63691591
2021-08-25,JUPITER,326.511608,AQUARIUS,26.511608,1,0,0,0,0,-0.12979293
2021-08-25,SATURN,308.533452,AQUARIUS,8.533452,1,0,0,0,0,-0.06440854
2021-08-25,URANUS,44.780705,TAURUS,14.780705,1,0,0,0,0,-0.00452577
2021-08-25,NEPTUNE,352.320446,PISCES,22.320446,1,0,0,0,0,-0.02551244
2021-08-25,PLUTO,294.715155,CAPRICORN,24.715155,1,0,0,0,0,-0.01778658
2021-08-26,SUN,153.471033,VIRGO,3.471033,0,0,0,0,0,0.96480477
2021-08-26,MERCURY,174.545708,VIRGO,24.545708,0,0,0,0,0,1.51129004
2021-08-26,VENUS,192.141939,LIBRA,12.141939,0,0,0,0,0,1.17158321
2021-08-26,MARS,167.479401,VIRGO,17.479401,0,0,0,0,0,0.63734317
2021-08-26,JUPITER,326.382089,AQUARIUS,26.382089,1,0,0,0,0,-0.12922949
2021-08-26,SATURN,308.469467,AQUARIUS,8.469467,1,0,0,0,0,-0.0635552
2021-08-26,URANUS,44.775772,TAURUS,14.775772,1,0,0,0,0,-0.00534005
2021-08-26,NEPTUNE,352.294834,PISCES,22.294834,1,0,0,0,0,-0.02570962
2021-08-26,PLUTO,294.697527,CAPRICORN,24.697527,1,0,0,0,0,-0.01746734
2021-08-27,SUN,154.436084,VIRGO,4.436084,0,0,0,0,0,0.96529854
2021-08-27,MERCURY,176.045432,VIRGO,26.045432,0,0,0,0,0,1.48814482
2021-08-27,VENUS,193.312978,LIBRA,13.312978,0,0,0,0,0,1.17049371
2021-08-27,MARS,168.116964,VIRGO,18.116964,0,0,0,0,0,0.63778262
2021-08-27,JUPITER,326.253181,AQUARIUS,26.253181,1,0,0,0,0,-0.12856874
2021-08-27,SATURN,308.406353,AQUARIUS,8.406353,1,0,0,0,0,-0.06266654
2021-08-27,URANUS,44.770027,TAURUS,14.770027,1,0,0,0,0,-0.00614924
2021-08-27,NEPTUNE,352.269031,PISCES,22.269031,1,0,0,0,0,-0.02589396
2021-08-27,PLUTO,294.680223,CAPRICORN,24.680223,1,0,0,0,0,-0.01713771
2021-08-28,SUN,155.401637,VIRGO,5.401637,0,0,0,0,0,0.96580662
2021-08-28,MERCURY,177.52195,VIRGO,27.52195,0,0,0,0,0,1.4648671
2021-08-28,VENUS,194.482925,LIBRA,14.482925,0,0,0,0,0,1.16939653
2021-08-28,MARS,168.754971,VIRGO,18.754971,0,0,0,0,0,0.63823145
2021-08-28,JUPITER,326.124983,AQUARIUS,26.124983,1,0,0,0,0,-0.1278121
2021-08-28,SATURN,308.344145,AQUARIUS,8.344145,1,0,0,0,0,-0.06174445
2021-08-28,URANUS,44.763474,TAURUS,14.763474,1,0,0,0,0,-0.00695488
2021-08-28,NEPTUNE,352.24305,PISCES,22.24305,1,0,0,0,0,-0.02606703
2021-08-28,PLUTO,294.663254,CAPRICORN,24.663254,1,0,0,0,0,-0.01679946
2021-08-29,SUN,156.367703,VIRGO,6.367703,0,0,0,0,0,0.96632485
2021-08-29,MERCURY,178.975095,VIRGO,28.975095,0,0,0,0,0,1.44138554
2021-08-29,VENUS,195.651769,LIBRA,15.651769,0,0,0,0,0,1.16828827
2021-08-29,MARS,169.393431,VIRGO,19.393431,0,0,0,0,0,0.63868698
2021-08-29,JUPITER,325.997588,AQUARIUS,25.997588,1,0,0,0,0,-0.12696105
2021-08-29,SATURN,308.282874,AQUARIUS,8.282874,1,0,0,0,0,-0.06079067
2021-08-29,URANUS,44.756118,TAURUS,14.756118,1,0,0,0,0,-0.00775836
2021-08-29,NEPTUNE,352.2169,PISCES,22.2169,1,0,0,0,0,-0.02623032
2021-08-29,PLUTO,294.646627,CAPRICORN,24.646627,1,0,0,0,0,-0.01645424
2021-08-30,SUN,157.334291,VIRGO,7.334291,0,0,0,0,0,0.96684949
2021-08-30,MERCURY,180.404624,LIBRA,0.404624,0,1,0,0,0,1.4176228
2021-08-30,VENUS,196.819497,LIBRA,16.819497,0,0,0,0,0,1.16716565
2021-08-30,MARS,170.032349,VIRGO,20.032349,0,0,0,0,0,0.63914679
2021-08-30,JUPITER,325.871091,AQUARIUS,25.871091,1,0,0,0,0,-0.12601708
2021-08-30,SATURN,308.222573,AQUARIUS,8.222573,1,0,0,0,0,-0.05980694
2021-08-30,URANUS,44.747958,TAURUS,14.747958,1,0,0,0,0,-0.00856084
2021-08-30,NEPTUNE,352.190592,PISCES,22.190592,1,0,0,0,0,-0.02638512
2021-08-30,PLUTO,294.630347,CAPRICORN,24.630347,1,0,0,0,0,-0.01610363
2021-08-31,SUN,158.301405,VIRGO,8.301405,0,0,0,0,0,0.96737706
2021-08-31,MERCURY,181.810216,LIBRA,1.810216,0,0,0,0,0,1.39349517
2021-08-31,VENUS,197.986095,LIBRA,17.986095,0,0,0,0,0,1.16602566
2021-08-31,MARS,170.671727,VIRGO,20.671727,0,0,0,0,0,0.6396087
2021-08-31,JUPITER,325.745584,AQUARIUS,25.745584,1,0,0,0,0,-0.12498165
2021-08-31,SATURN,308.16327,AQUARIUS,8.16327,1,0,0,0,0,-0.05879478
2021-08-31,URANUS,44.738996,TAURUS,14.738996,1,0,0,0,0,-0.00936324
2021-08-31,NEPTUNE,352.164132,PISCES,22.164132,1,0,0,0,0,-0.02653256
2021-08-31,PLUTO,294.61442,CAPRICORN,24.61442,1,0,0,0,0,-0.01574892
2021-09-01,SUN,159.269047,VIRGO,9.269047,0,0,0,0,0,0.96790426
2021-09-01,MERCURY,183.19146,LIBRA,3.19146,0,0,0,0,0,1.36891157
2021-09-01,VENUS,199.151543,LIBRA,19.151543,0,0,0,0,0,1.16486542
2021-09-01,MARS,171.311568,VIRGO,21.311568,0,0,0,0,0,0.64007068
2021-09-01,JUPITER,325.621158,AQUARIUS,25.621158,1,0,0,0,0,-0.12385606
2021-09-01,SATURN,308.104992,AQUARIUS,8.104992,1,0,0,0,0,-0.05775556
2021-09-01,URANUS,44.729231,TAURUS,14.729231,1,0,0,0,0,-0.01016643
2021-09-01,NEPTUNE,352.137528,PISCES,22.137528,1,0,0,0,0,-0.02667359
2021-09-01,PLUTO,294.59885,CAPRICORN,24.59885,1,0,0,0,0,-0.01539131
2021-09-02,SUN,160.237215,VIRGO,10.237215,0,0,0,0,0,0.96842784
2021-09-02,MERCURY,184.547851,LIBRA,4.547851,0,0,0,0,0,1.34377314
2021-09-02,VENUS,200.315819,LIBRA,20.315819,0,0,0,0,0,1.16368213
2021-09-02,MARS,171.95187,VIRGO,21.95187,0,0,0,0,0,0.64053091
2021-09-02,JUPITER,325.497901,AQUARIUS,25.497901,1,0,0,0,0,-0.1226414
2021-09-02,SATURN,308.047767,AQUARIUS,8.047767,1,0,0,0,0,-0.05669036
2021-09-02,URANUS,44.718662,TAURUS,14.718662,1,0,0,0,0,-0.01097075
2021-09-02,NEPTUNE,352.110786,PISCES,22.110786,1,0,0,0,0,-0.02680881
2021-09-02,PLUTO,294.583638,CAPRICORN,24.583638,1,0,0,0,0,-0.01503161
2021-09-03,SUN,161.205903,VIRGO,11.205903,0,0,0,0,0,0.96894474
2021-09-03,MERCURY,185.878783,LIBRA,5.878783,0,0,0,0,0,1.31797224
2021-09-03,VENUS,201.4789,LIBRA,21.4789,0,0,0,0,0,1.16247307
2021-09-03,MARS,172.59263,VIRGO,22.59263,0,0,0,0,0,0.64098795
2021-09-03,JUPITER,325.375904,AQUARIUS,25.375904,1,0,0,0,0,-0.12133841
2021-09-03,SATURN,307.99162,AQUARIUS,7.99162,1,0,0,0,0,-0.0555998
2021-09-03,URANUS,44.707289,TAURUS,14.707289,1,0,0,0,0,-0.01177619
2021-09-03,NEPTUNE,352.083912,PISCES,22.083912,1,0,0,0,0,-0.02693839
2021-09-03,PLUTO,294.568787,CAPRICORN,24.568787,1,0,0,0,0,-0.01467023
2021-09-04,SUN,162.175104,VIRGO,12.175104,0,0,0,0,0,0.96945235
2021-09-04,MERCURY,187.183534,LIBRA,7.183534,0,0,0,0,0,1.29139177
2021-09-04,VENUS,202.640757,LIBRA,22.640757,0,0,0,0,0,1.16123554
2021-09-04,MARS,173.233846,VIRGO,23.233846,0,0,0,0,0,0.64144088
2021-09-04,JUPITER,325.255253,AQUARIUS,25.255253,1,0,0,0,0,-0.11994717
2021-09-04,SATURN,307.936576,AQUARIUS,7.936576,1,0,0,0,0,-0.05448381
2021-09-04,URANUS,44.695109,TAURUS,14.695109,1,0,0,0,0,-0.01258195
2021-09-04,NEPTUNE,352.056911,PISCES,22.056911,1,0,0,0,0,-0.02706174
2021-09-04,PLUTO,294.554298,CAPRICORN,24.554298,1,0,0,0,0,-0.01430687
2021-09-05,SUN,163.144807,VIRGO,13.144807,0,0,0,0,0,0.96994902
2021-09-05,MERCURY,188.461262,LIBRA,8.461262,0,0,0,0,0,1.26390442
2021-09-05,VENUS,203.801362,LIBRA,23.801362,0,0,0,0,0,1.15996735
2021-09-05,MARS,173.875512,VIRGO,23.875512,0,0,0,0,0,0.64188976
2021-09-05,JUPITER,325.136038,AQUARIUS,25.136038,1,0,0,0,0,-0.11846686
2021-09-05,SATURN,307.88266,AQUARIUS,7.88266,1,0,0,0,0,-0.05334141
2021-09-05,URANUS,44.682125,TAURUS,14.682125,1,0,0,0,0,-0.01338606
2021-09-05,NEPTUNE,352.02979,PISCES,22.02979,1,0,0,0,0,-0.02717723
2021-09-05,PLUTO,294.540174,CAPRICORN,24.540174,1,0,0,0,0,-0.01394019
2021-09-06,SUN,164.115001,VIRGO,14.115001,0,0,0,0,0,0.97043458
2021-09-06,MERCURY,189.710992,LIBRA,9.710992,0,0,0,0,0,1.23537163
2021-09-06,VENUS,204.960683,LIBRA,24.960683,0,0,0,0,0,1.15866687
2021-09-06,MARS,174.517625,VIRGO,24.517625,0,0,0,0,0,0.64233596
2021-09-06,JUPITER,325.018349,AQUARIUS,25.018349,1,0,0,0,0,-0.11689583
2021-09-06,SATURN,307.829902,AQUARIUS,7.829902,1,0,0,0,0,-0.05217052
2021-09-06,URANUS,44.668339,TAURUS,14.668339,1,0,0,0,0,-0.01418533
2021-09-06,NEPTUNE,352.002559,PISCES,22.002559,1,0,0,0,0,-0.02728205
2021-09-06,PLUTO,294.526419,CAPRICORN,24.526419,1,0,0,0,0,-0.01356768
2021-09-07,SUN,165.085676,VIRGO,15.085676,0,0,0,0,0,0.97091021
2021-09-07,MERCURY,190.931604,LIBRA,10.931604,0,0,0,0,0,1.20564226
2021-09-07,VENUS,206.118686,LIBRA,26.118686,0,0,0,0,0,1.15733307
2021-09-07,MARS,175.160185,VIRGO,25.160185,0,0,0,0,0,0.64278176
2021-09-07,JUPITER,324.902277,AQUARIUS,24.902277,1,0,0,0,0,-0.11523198
2021-09-07,SATURN,307.778329,AQUARIUS,7.778329,1,0,0,0,0,-0.05096834
2021-09-07,URANUS,44.653757,TAURUS,14.653757,1,0,0,0,0,-0.01497577
2021-09-07,NEPTUNE,351.97523,PISCES,21.97523,1,0,0,0,0,-0.02737255
2021-09-07,PLUTO,294.513041,CAPRICORN,24.513041,1,0,0,0,0,-0.01318605
2021-09-08,SUN,166.056822,VIRGO,16.056822,0,0,0,0,0,0.97137794
2021-09-08,MERCURY,192.12182,LIBRA,12.12182,0,0,0,0,0,1.17455046
2021-09-08,VENUS,207.275338,LIBRA,27.275338,0,0,0,0,0,1.15596465
2021-09-08,MARS,175.803191,VIRGO,25.803191,0,0,0,0,0,0.64322975
2021-09-08,JUPITER,324.787916,AQUARIUS,24.787916,1,0,0,0,0,-0.11347371
2021-09-08,SATURN,307.727976,AQUARIUS,7.727976,1,0,0,0,0,-0.04973246
2021-09-08,URANUS,44.638391,TAURUS,14.638391,1,0,0,0,0,-0.01575339
2021-09-08,NEPTUNE,351.947819,PISCES,21.947819,1,0,0,0,0,-0.02744523
2021-09-08,PLUTO,294.50005,CAPRICORN,24.50005,1,0,0,0,0,-0.01279217
2021-09-09,SUN,167.028434,VIRGO,17.028434,0,0,0,0,0,0.97183952
2021-09-09,MERCURY,193.280187,LIBRA,13.280187,0,0,0,0,0,1.14191333
2021-09-09,VENUS,208.430604,LIBRA,28.430604,0,0,0,0,0,1.15455931
2021-09-09,MARS,176.446647,VIRGO,26.446647,0,0,0,0,0,0.6436815
2021-09-09,JUPITER,324.67536,AQUARIUS,24.67536,1,0,0,0,0,-0.11162152
2021-09-09,SATURN,307.678876,AQUARIUS,7.678876,1,0,0,0,0,-0.04846211
2021-09-09,URANUS,44.622255,TAURUS,14.622255,1,0,0,0,0,-0.01651577
2021-09-09,NEPTUNE,351.920345,PISCES,21.920345,1,0,0,0,0,-0.02749813
2021-09-09,PLUTO,294.487461,CAPRICORN,24.487461,1,0,0,0,0,-0.01238442
2021-09-10,SUN,168.000504,VIRGO,18.000504,0,0,0,0,0,0.97229566
2021-09-10,MERCURY,194.405061,LIBRA,14.405061,0,0,0,0,0,1.10752882
2021-09-10,VENUS,209.584444,LIBRA,29.584444,0,0,0,0,0,1.15311294
2021-09-10,MARS,177.090557,VIRGO,27.090557,0,0,0,0,0,0.6441367
2021-09-10,JUPITER,324.564703,AQUARIUS,24.564703,1,0,0,0,0,-0.10967876
2021-09-10,SATURN,307.631062,AQUARIUS,7.631062,1,0,0,0,0,-0.04715912
2021-09-10,URANUS,44.605364,TAURUS,14.605364,1,0,0,0,0,-0.01726296
2021-09-10,NEPTUNE,351.892829,PISCES,21.892829,1,0,0,0,0,-0.02753181
2021-09-10,PLUTO,294.475286,CAPRICORN,24.475286,1,0,0,0,0,-0.01196367
2021-09-11,SUN,168.973027,VIRGO,18.973027,0,0,0,0,0,0.97274598
2021-09-11,MERCURY,195.494584,LIBRA,15.494584,0,0,0,0,0,1.07117442
2021-09-11,VENUS,210.736815,SCORPIO,0.736815,0,1,0,0,0,1.15162011
2021-09-11,MARS,177.734923,VIRGO,27.734923,0,0,0,0,0,0.64459315
2021-09-11,JUPITER,324.456031,AQUARIUS,24.456031,1,0,0,0,0,-0.10765176
2021-09-11,SATURN,307.584567,AQUARIUS,7.584567,1,0,0,0,0,-0.04582797
2021-09-11,URANUS,44.587733,TAURUS,14.587733,1,0,0,0,0,-0.01799763
2021-09-11,NEPTUNE,351.865287,PISCES,21.865287,1,0,0,0,0,-0.02754939
2021-09-11,PLUTO,294.463536,CAPRICORN,24.463536,1,0,0,0,0,-0.01153336
2021-09-12,SUN,169.945998,VIRGO,19.945998,0,0,0,0,0,0.97318976
2021-09-12,MERCURY,196.546668,LIBRA,16.546668,0,0,0,0,0,1.03260688
2021-09-12,VENUS,211.887668,SCORPIO,1.887668,0,0,0,0,0,1.15007529
2021-09-12,MARS,178.379745,VIRGO,28.379745,0,0,0,0,0,0.64504767
2021-09-12,JUPITER,324.349424,AQUARIUS,24.349424,1,0,0,0,0,-0.10554873
2021-09-12,SATURN,307.539414,AQUARIUS,7.539414,1,0,0,0,0,-0.04447467
2021-09-12,URANUS,44.569372,TAURUS,14.569372,1,0,0,0,0,-0.018724
2021-09-12,NEPTUNE,351.837734,PISCES,21.837734,1,0,0,0,0,-0.02755562
2021-09-12,PLUTO,294.45222,CAPRICORN,24.45222,1,0,0,0,0,-0.0110984
2021-09-13,SUN,170.919409,VIRGO,20.919409,0,0,0,0,0,0.97362715
2021-09-13,MERCURY,197.558968,LIBRA,17.558968,0,0,0,0,0,0.99156207
2021-09-13,VENUS,213.036948,SCORPIO,3.036948,0,0,0,0,0,1.1484742
2021-09-13,MARS,179.025019,VIRGO,29.025019,0,0,0,0,0,0.64549755
2021-09-13,JUPITER,324.244956,AQUARIUS,24.244956,1,0,0,0,0,-0.10337788
2021-09-13,SATURN,307.495623,AQUARIUS,7.495623,1,0,0,0,0,-0.0431052
2021-09-13,URANUS,44.550286,TAURUS,14.550286,1,0,0,0,0,-0.01944643
2021-09-13,NEPTUNE,351.810178,PISCES,21.810178,1,0,0,0,0,-0.02755525
2021-09-13,PLUTO,294.44134,CAPRICORN,24.44134,1,0,0,0,0,-0.01066368
2021-09-14,SUN,171.893255,VIRGO,21.893255,0,0,0,0,0,0.97406002
2021-09-14,MERCURY,198.528867,LIBRA,18.528867,0,0,0,0,0,0.94775495
2021-09-14,VENUS,214.184598,SCORPIO,4.184598,0,0,0,0,0,1.14681527
2021-09-14,MARS,179.67074,VIRGO,29.67074,0,0,0,0,0,0.6459417
2021-09-14,JUPITER,324.142689,AQUARIUS,24.142689,1,0,0,0,0,-0.10114589
2021-09-14,SATURN,307.453208,AQUARIUS,7.453208,1,0,0,0,0,-0.04172398
2021-09-14,URANUS,44.530479,TAURUS,14.530479,1,0,0,0,0,-0.02016793
2021-09-14,NEPTUNE,351.782624,PISCES,21.782624,1,0,0,0,0,-0.02755166
2021-09-14,PLUTO,294.430892,CAPRICORN,24.430892,1,0,0,0,0,-0.01023263
2021-09-15,SUN,172.867533,VIRGO,22.867533,0,0,0,0,0,0.97449219
2021-09-15,MERCURY,199.453451,LIBRA,19.453451,0,0,0,0,0,0.90087887
2021-09-15,VENUS,215.330561,SCORPIO,5.330561,0,0,0,0,0,1.14509991
2021-09-15,MARS,180.316902,LIBRA,0.316902,0,1,0,0,0,0.64638119
2021-09-15,JUPITER,324.042683,AQUARIUS,24.042683,1,0,0,0,0,-0.09885712
2021-09-15,SATURN,307.412178,AQUARIUS,7.412178,1,0,0,0,0,-0.04033313
2021-09-15,URANUS,44.50995,TAURUS,14.50995,1,0,0,0,0,-0.02088936
2021-09-15,NEPTUNE,351.755075,PISCES,21.755075,1,0,0,0,0,-0.02754604
2021-09-15,PLUTO,294.420873,CAPRICORN,24.420873,1,0,0,0,0,-0.00980644
2021-09-16,SUN,173.842245,VIRGO,23.842245,0,0,0,0,0,0.97492893
2021-09-16,MERCURY,200.329488,LIBRA,20.329488,0,0,0,0,0,0.85060491
2021-09-16,VENUS,216.474782,SCORPIO,6.474782,0,0,0,0,0,1.14333193
2021-09-16,MARS,180.963503,LIBRA,0.963503,0,0,0,0,0,0.64681906
2021-09-16,JUPITER,323.944993,AQUARIUS,23.944993,1,0,0,0,0,-0.0965134
2021-09-16,SATURN,307.372544,AQUARIUS,7.372544,1,0,0,0,0,-0.03893236
2021-09-16,URANUS,44.4887,TAURUS,14.4887,1,0,0,0,0,-0.0216096
2021-09-16,NEPTUNE,351.727532,PISCES,21.727532,1,0,0,0,0,-0.02753742
2021-09-16,PLUTO,294.411277,CAPRICORN,24.411277,1,0,0,0,0,-0.00938412
2021-09-17,SUN,174.817399,VIRGO,24.817399,0,0,0,0,0,0.97537636
2021-09-17,MERCURY,201.153407,LIBRA,21.153407,0,0,0,0,0,0.79658152
2021-09-17,VENUS,217.617211,SCORPIO,7.617211,0,0,0,0,0,1.1415168
2021-09-17,MARS,181.610543,LIBRA,1.610543,0,0,0,0,0,0.64725961
2021-09-17,JUPITER,323.849674,AQUARIUS,23.849674,1,0,0,0,0,-0.09411461
2021-09-17,SATURN,307.334317,AQUARIUS,7.334317,1,0,0,0,0,-0.03751968
2021-09-17,URANUS,44.466732,TAURUS,14.466732,1,0,0,0,0,-0.02232583
2021-09-17,NEPTUNE,351.700001,PISCES,21.700001,1,0,0,0,0,-0.02752321
2021-09-17,PLUTO,294.402103,CAPRICORN,24.402103,1,0,0,0,0,-0.00896302
2021-09-18,SUN,175.793008,VIRGO,25.793008,0,0,0,0,0,0.97584046
2021-09-18,MERCURY,201.921273,LIBRA,21.921273,0,0,0,0,0,0.73843565
2021-09-18,VENUS,218.757803,SCORPIO,8.757803,0,0,0,0,0,1.13966058
2021-09-18,MARS,182.258026,LIBRA,2.258026,0,0,0,0,0,0.64770767
2021-09-18,JUPITER,323.756781,AQUARIUS,23.756781,1,0,0,0,0,-0.09165944
2021-09-18,SATURN,307.29751,AQUARIUS,7.29751,1,0,0,0,0,-0.03609218
2021-09-18,URANUS,44.444051,TAURUS,14.444051,1,0,0,0,0,-0.02303446
2021-09-18,NEPTUNE,351.672488,PISCES,21.672488,1,0,0,0,0,-0.02749996
2021-09-18,PLUTO,294.393351,CAPRICORN,24.393351,1,0,0,0,0,-0.0085397
2021-09-19,SUN,176.769091,VIRGO,26.769091,0,0,0,0,0,0.97632626
2021-09-19,MERCURY,202.628769,LIBRA,22.628769,0,0,0,0,0,0.67577534
2021-09-19,VENUS,219.896522,SCORPIO,9.896522,0,0,0,0,0,1.13776885
2021-09-19,MARS,182.905963,LIBRA,2.905963,0,0,0,0,0,0.64816758
2021-09-19,JUPITER,323.666373,AQUARIUS,23.666373,1,0,0,0,0,-0.08914646
2021-09-19,SATURN,307.262138,AQUARIUS,7.262138,1,0,0,0,0,-0.03464676
2021-09-19,URANUS,44.420666,TAURUS,14.420666,1,0,0,0,0,-0.02373206
2021-09-19,NEPTUNE,351.645004,PISCES,21.645004,1,0,0,0,0,-0.02746428
2021-09-19,PLUTO,294.385025,CAPRICORN,24.385025,1,0,0,0,0,-0.00811066
2021-09-20,SUN,177.745672,VIRGO,27.745672,0,0,0,0,0,0.97683702
2021-09-20,MERCURY,203.271179,LIBRA,23.271179,0,0,0,0,0,0.60819533
2021-09-20,VENUS,221.033332,SCORPIO,11.033332,0,0,0,0,0,1.13584582
2021-09-20,MARS,183.554368,LIBRA,3.554368,0,0,0,0,0,0.64864246
2021-09-20,JUPITER,323.578508,AQUARIUS,23.578508,1,0,0,0,0,-0.08657482
2021-09-20,SATURN,307.228222,AQUARIUS,7.228222,1,0,0,0,0,-0.03318127
2021-09-20,URANUS,44.396591,TAURUS,14.396591,1,0,0,0,0,-0.02441595
2021-09-20,NEPTUNE,351.617563,PISCES,21.617563,1,0,0,0,0,-0.02741361
2021-09-20,PLUTO,294.377132,CAPRICORN,24.377132,1,0,0,0,0,-0.00767342
2021-09-21,SUN,178.722777,VIRGO,28.722777,0,0,0,0,0,0.97737371
2021-09-21,MERCURY,203.843377,LIBRA,23.843377,0,0,0,0,0,0.53528631
2021-09-21,VENUS,222.168205,SCORPIO,12.168205,0,0,0,0,0,1.13389358
2021-09-21,MARS,184.203255,LIBRA,4.203255,0,0,0,0,0,0.6491336
2021-09-21,JUPITER,323.493243,AQUARIUS,23.493243,1,0,0,0,0,-0.08394484
2021-09-21,SATURN,307.195783,AQUARIUS,7.195783,1,0,0,0,0,-0.03169485
2021-09-21,URANUS,44.371839,TAURUS,14.371839,1,0,0,0,0,-0.02508499
2021-09-21,NEPTUNE,351.590182,PISCES,21.590182,1,0,0,0,0,-0.02734679
2021-09-21,PLUTO,294.369681,CAPRICORN,24.369681,1,0,0,0,0,-0.0072268
2021-09-22,SUN,179.700431,VIRGO,29.700431,0,0,0,0,0,0.97793502
2021-09-22,MERCURY,204.339835,LIBRA,24.339835,0,0,0,0,0,0.45664956
2021-09-22,VENUS,223.301111,SCORPIO,13.301111,0,0,0,0,0,1.13191211
2021-09-22,MARS,184.852642,LIBRA,4.852642,0,0,0,0,0,0.64964048
2021-09-22,JUPITER,323.410637,AQUARIUS,23.410637,1,0,0,0,0,-0.08125812
2021-09-22,SATURN,307.16484,AQUARIUS,7.16484,1,0,0,0,0,-0.03018799
2021-09-22,URANUS,44.346425,TAURUS,14.346425,1,0,0,0,0,-0.02573927
2021-09-22,NEPTUNE,351.562875,PISCES,21.562875,1,0,0,0,0,-0.02726407
2021-09-22,PLUTO,294.362682,CAPRICORN,24.362682,1,0,0,0,0,-0.00677113
2021-09-23,SUN,180.678657,LIBRA,0.678657,0,1,0,0,0,0.97851786
2021-09-23,MERCURY,204.754636,LIBRA,24.754636,0,0,0,0,0,0.37191856
2021-09-23,VENUS,224.432019,SCORPIO,14.432019,0,0,0,0,0,1.12989931
2021-09-23,MARS,185.502543,LIBRA,5.502543,0,0,0,0,0,0.65016122
2021-09-23,JUPITER,323.330745,AQUARIUS,23.330745,1,0,0,0,0,-0.07851729
2021-09-23,SATURN,307.135413,AQUARIUS,7.135413,1,0,0,0,0,-0.02866234
2021-09-23,URANUS,44.320365,TAURUS,14.320365,1,0,0,0,0,-0.02638
2021-09-23,NEPTUNE,351.535658,PISCES,21.535658,1,0,0,0,0,-0.02716678
2021-09-23,PLUTO,294.356142,CAPRICORN,24.356142,1,0,0,0,0,-0.0063078
2021-09-24,SUN,181.657475,LIBRA,1.657475,0,0,0,0,0,0.97911828
2021-09-24,MERCURY,205.081528,LIBRA,25.081528,0,0,0,0,0,0.28078883
2021-09-24,VENUS,225.560898,SCORPIO,15.560898,0,0,0,0,0,1.12785195
2021-09-24,MARS,186.15297,LIBRA,6.15297,0,0,0,0,0,0.65069322
2021-09-24,JUPITER,323.253619,AQUARIUS,23.253619,1,0,0,0,0,-0.07572541
2021-09-24,SATURN,307.107521,AQUARIUS,7.107521,1,0,0,0,0,-0.02711998
2021-09-24,URANUS,44.293669,TAURUS,14.293669,1,0,0,0,0,-0.02700877
2021-09-24,NEPTUNE,351.508545,PISCES,21.508545,1,0,0,0,0,-0.02705669
2021-09-24,PLUTO,294.350068,CAPRICORN,24.350068,1,0,0,0,0,-0.00583869
2021-09-25,SUN,182.636901,LIBRA,2.636901,0,0,0,0,0,0.97973213
2021-09-25,MERCURY,205.314001,LIBRA,25.314001,0,0,0,0,0,0.18305803
2021-09-25,VENUS,226.687711,SCORPIO,16.687711,0,0,0,0,0,1.12576607
2021-09-25,MARS,186.803934,LIBRA,6.803934,0,0,0,0,0,0.65123374
2021-09-25,JUPITER,323.17931,AQUARIUS,23.17931,1,0,0,0,0,-0.07288569
2021-09-25,SATURN,307.081178,AQUARIUS,7.081178,1,0,0,0,0,-0.02556306
2021-09-25,URANUS,44.26635,TAURUS,14.26635,1,0,0,0,0,-0.02762718
2021-09-25,NEPTUNE,351.481548,PISCES,21.481548,1,0,0,0,0,-0.02693555
2021-09-25,PLUTO,294.344466,CAPRICORN,24.344466,1,0,0,0,0,-0.00536569
2021-09-26,SUN,183.616945,LIBRA,3.616945,0,0,0,0,0,0.98035556
2021-09-26,MERCURY,205.445414,LIBRA,25.445414,0,0,0,0,0,0.07867725
2021-09-26,VENUS,227.812417,SCORPIO,17.812417,0,0,0,0,0,1.12363756
2021-09-26,MARS,187.455442,LIBRA,7.455442,0,0,0,0,0,0.6517803
2021-09-26,JUPITER,323.107863,AQUARIUS,23.107863,1,0,0,0,0,-0.07000112
2021-09-26,SATURN,307.056399,AQUARIUS,7.056399,1,0,0,0,0,-0.02399361
2021-09-26,URANUS,44.238418,TAURUS,14.238418,1,0,0,0,0,-0.02823657
2021-09-26,NEPTUNE,351.454678,PISCES,21.454678,1,0,0,0,0,-0.02680496
2021-09-26,PLUTO,294.339338,CAPRICORN,24.339338,1,0,0,0,0,-0.00489053
2021-09-27,SUN,184.597617,LIBRA,4.597617,0,0,0,0,0,0.98098509
2021-09-27,MERCURY,205.46918,LIBRA,25.46918,1,0,1,0,1,-0.03218453
2021-09-27,VENUS,228.934971,SCORPIO,18.934971,0,0,0,0,0,1.12146243
2021-09-27,MARS,188.107498,LIBRA,8.107498,0,0,0,0,0,0.65233068
2021-09-27,JUPITER,323.039322,AQUARIUS,23.039322,1,0,0,0,0,-0.06707457
2021-09-27,SATURN,307.033195,AQUARIUS,7.033195,1,0,0,0,0,-0.02241339
2021-09-27,URANUS,44.20988,TAURUS,14.20988,1,0,0,0,0,-0.02883791
2021-09-27,NEPTUNE,351.427941,PISCES,21.427941,1,0,0,0,0,-0.0266662
2021-09-27,PLUTO,294.334685,CAPRICORN,24.334685,1,0,0,0,0,-0.00441466
2021-09-28,SUN,185.578919,LIBRA,5.578919,0,0,0,0,0,0.98161757
2021-09-28,MERCURY,205.379023,LIBRA,25.379023,1,0,0,0,0,-0.14906226
2021-09-28,VENUS,230.055326,SCORPIO,20.055326,0,0,0,0,0,1.11923686
2021-09-28,MARS,188.760105,LIBRA,8.760105,0,0,0,0,0,0.65288301
2021-09-28,JUPITER,322.973727,AQUARIUS,22.973727,1,0,0,0,0,-0.0641087
2021-09-28,SATURN,307.011575,AQUARIUS,7.011575,1,0,0,0,0,-0.02082391
2021-09-28,URANUS,44.180744,TAURUS,14.180744,1,0,0,0,0,-0.029432
2021-09-28,NEPTUNE,351.401347,PISCES,21.401347,1,0,0,0,0,-0.02652034
2021-09-28,PLUTO,294.330508,CAPRICORN,24.330508,1,0,0,0,0,-0.00393926
2021-09-29,SUN,186.560854,LIBRA,6.560854,0,0,0,0,0,0.98225015
2021-09-29,MERCURY,205.169316,LIBRA,25.169316,1,0,0,0,0,-0.27110449
2021-09-29,VENUS,231.173428,SCORPIO,21.173428,0,0,0,0,0,1.11695731
2021-09-29,MARS,189.413266,LIBRA,9.413266,0,0,0,0,0,0.65343566
2021-09-29,JUPITER,322.911117,AQUARIUS,22.911117,1,0,0,0,0,-0.06110571
2021-09-29,SATURN,306.991549,AQUARIUS,6.991549,1,0,0,0,0,-0.01922634
2021-09-29,URANUS,44.151018,TAURUS,14.151018,1,0,0,0,0,-0.03001918
2021-09-29,NEPTUNE,351.374902,PISCES,21.374902,1,0,0,0,0,-0.02636801
2021-09-29,PLUTO,294.326806,CAPRICORN,24.326806,1,0,0,0,0,-0.00346515
2021-09-30,SUN,187.543421,LIBRA,7.543421,0,0,0,0,0,0.9828801
2021-09-30,MERCURY,204.835519,LIBRA,24.835519,1,0,0,0,0,-0.39697498
2021-09-30,VENUS,232.289222,SCORPIO,22.289222,0,0,0,0,0,1.11462024
2021-09-30,MARS,190.066978,LIBRA,10.066978,0,0,0,0,0,0.65398742
2021-09-30,JUPITER,322.851528,AQUARIUS,22.851528,1,0,0,0,0,-0.05806744
2021-09-30,SATURN,306.973125,AQUARIUS,6.973125,1,0,0,0,0,-0.01762141
2021-09-30,URANUS,44.120708,TAURUS,14.120708,1,0,0,0,0,-0.03059936
2021-09-30,NEPTUNE,351.348613,PISCES,21.348613,1,0,0,0,0,-0.02620947
2021-09-30,PLUTO,294.323577,CAPRICORN,24.323577,1,0,0,0,0,-0.00299274
2021-10-01,SUN,188.526615,LIBRA,8.526615,0,0,0,0,0,0.98350485
2021-10-01,MERCURY,204.374711,LIBRA,24.374711,1,0,0,0,0,-0.5247551
2021-10-01,VENUS,233.40265,SCORPIO,23.40265,0,0,0,0,0,1.1122222
2021-10-01,MARS,190.721241,LIBRA,10.721241,0,0,0,0,0,0.65453735
2021-10-01,JUPITER,322.794993,AQUARIUS,22.794993,1,0,0,0,0,-0.05499522
2021-10-01,SATURN,306.956309,AQUARIUS,6.956309,1,0,0,0,0,-0.01600935
2021-10-01,URANUS,44.089821,TAURUS,14.089821,1,0,0,0,0,-0.03117199
2021-10-01,NEPTUNE,351.322485,PISCES,21.322485,1,0,0,0,0,-0.02604448
2021-10-01,PLUTO,294.32082,CAPRICORN,24.32082,1,0,0,0,0,-0.00252194
2021-10-02,SUN,189.51043,LIBRA,9.51043,0,0,0,0,0,0.98412206
2021-10-02,MERCURY,203.786215,LIBRA,23.786215,1,0,0,0,0,-0.65186252
2021-10-02,VENUS,234.513647,SCORPIO,24.513647,0,0,0,0,0,1.10975962
2021-10-02,MARS,191.376054,LIBRA,11.376054,0,0,0,0,0,0.65508506
2021-10-02,JUPITER,322.741548,AQUARIUS,22.741548,1,0,0,0,0,-0.05188976
2021-10-02,SATURN,306.941109,AQUARIUS,6.941109,1,0,0,0,0,-0.01438984
2021-10-02,URANUS,44.058366,TAURUS,14.058366,1,0,0,0,0,-0.03173578
2021-10-02,NEPTUNE,351.296526,PISCES,21.296526,1,0,0,0,0,-0.02587217
2021-10-02,PLUTO,294.318532,CAPRICORN,24.318532,1,0,0,0,0,-0.00205208
2021-10-03,SUN,190.494858,LIBRA,10.494858,0,0,0,0,0,0.98473004
2021-10-03,MERCURY,203.072289,LIBRA,23.072289,1,0,0,0,0,-0.77500624
2021-10-03,VENUS,235.622148,SCORPIO,25.622148,0,0,0,0,0,1.10722889
2021-10-03,MARS,192.031412,LIBRA,12.031412,0,0,0,0,0,0.65563087
2021-10-03,JUPITER,322.691225,AQUARIUS,22.691225,1,0,0,0,0,-0.04875087
2021-10-03,SATURN,306.927532,AQUARIUS,6.927532,1,0,0,0,0,-0.01276162
2021-10-03,URANUS,44.026353,TAURUS,14.026353,1,0,0,0,0,-0.03228845
2021-10-03,NEPTUNE,351.270743,PISCES,21.270743,1,0,0,0,0,-0.02569061
2021-10-03,PLUTO,294.316715,CAPRICORN,24.316715,1,0,0,0,0,-0.00158145
2021-10-04,SUN,191.47989,LIBRA,11.47989,0,0,0,0,0,0.98532802
2021-10-04,MERCURY,202.238834,LIBRA,22.238834,1,0,0,0,0,-0.89020593
2021-10-04,VENUS,236.728082,SCORPIO,26.728082,0,0,0,0,0,1.10462639
2021-10-04,MARS,192.687316,LIBRA,12.687316,0,0,0,0,0,0.65617584
2021-10-04,JUPITER,322.644057,AQUARIUS,22.644057,1,0,0,0,0,-0.04557731
2021-10-04,SATURN,306.915589,AQUARIUS,6.915589,1,0,0,0,0,-0.0111223
2021-10-04,URANUS,43.993794,TAURUS,13.993794,1,0,0,0,0,-0.03282645
2021-10-04,NEPTUNE,351.245148,PISCES,21.245148,1,0,0,0,0,-0.02549676
2021-10-04,PLUTO,294.31537,CAPRICORN,24.31537,1,0,0,0,0,-0.00110724
2021-10-05,SUN,192.465514,LIBRA,12.465514,0,0,0,0,0,0.98591596
2021-10-05,MERCURY,201.296032,LIBRA,21.296032,1,0,0,0,0,-0.9929024
2021-10-05,VENUS,237.831377,SCORPIO,27.831377,0,0,0,0,0,1.101948
2021-10-05,MARS,193.343765,LIBRA,13.343765,0,0,0,0,0,0.65672004
2021-10-05,JUPITER,322.600082,AQUARIUS,22.600082,1,0,0,0,0,-0.04236748
2021-10-05,SATURN,306.905292,AQUARIUS,6.905292,1,0,0,0,0,-0.00946898
2021-10-05,URANUS,43.960706,TAURUS,13.960706,1,0,0,0,0,-0.03334554
2021-10-05,NEPTUNE,351.219754,PISCES,21.219754,1,0,0,0,0,-0.02528686
2021-10-05,PLUTO,294.314503,CAPRICORN,24.314503,1,0,0,0,0,-0.00062594
2021-10-06,SUN,193.451721,LIBRA,13.451721,0,0,0,0,0,0.98649372
2021-10-06,MERCURY,200.258826,LIBRA,20.258826,1,0,0,0,0,-1.07818185
2021-10-06,VENUS,238.931952,SCORPIO,28.931952,0,0,0,0,0,1.09918782
2021-10-06,MARS,194.000756,LIBRA,14.000756,0,0,0,0,0,0.65725685
2021-10-06,JUPITER,322.559335,AQUARIUS,22.559335,1,0,0,0,0,-0.03912072
2021-10-06,SATURN,306.896656,AQUARIUS,6.896656,1,0,0,0,0,-0.00779948
2021-10-06,URANUS,43.92711,TAURUS,13.92711,1,0,0,0,0,-0.03384201
2021-10-06,NEPTUNE,351.19458,PISCES,21.19458,1,0,0,0,0,-0.02505778
2021-10-06,PLUTO,294.314122,CAPRICORN,24.314122,1,0,0,0,0,-0.00013467
2021-10-07,SUN,194.438501,LIBRA,14.438501,0,0,0,0,0,0.98706003
2021-10-07,MERCURY,199.147113,LIBRA,19.147113,1,0,0,0,0,-1.14111843
2021-10-07,VENUS,240.029723,SAGITTARIUS,0.029723,0,1,0,0,0,1.09633723
2021-10-07,MARS,194.658273,LIBRA,14.658273,0,0,0,0,0,0.65777165
2021-10-07,JUPITER,322.521852,AQUARIUS,22.521852,1,0,0,0,0,-0.03583896
2021-10-07,SATURN,306.889698,AQUARIUS,6.889698,1,0,0,0,0,-0.00611407
2021-10-07,URANUS,43.89303,TAURUS,13.89303,1,0,0,0,0,-0.03431441
2021-10-07,NEPTUNE,351.169645,PISCES,21.169645,1,0,0,0,0,-0.02480865
2021-10-07,PLUTO,294.314237,CAPRICORN,24.314237,0,0,0,1,1,0.00036717
2021-10-08,SUN,195.42584,LIBRA,15.42584,0,0,0,0,0,0.98761202
2021-10-08,MERCURY,197.985541,LIBRA,17.985541,1,0,0,0,0,-1.17721392
2021-10-08,VENUS,241.124593,SAGITTARIUS,1.124593,0,0,0,0,0,1.09338452
2021-10-08,MARS,195.316308,LIBRA,15.316308,0,0,0,0,0,0.65830998
2021-10-08,JUPITER,322.487667,AQUARIUS,22.487667,1,0,0,0,0,-0.03252789
2021-10-08,SATURN,306.884433,AQUARIUS,6.884433,1,0,0,0,0,-0.00441637
2021-10-08,URANUS,43.858488,TAURUS,13.858488,1,0,0,0,0,-0.03476456
2021-10-08,NEPTUNE,351.144969,PISCES,21.144969,1,0,0,0,0,-0.02454188
2021-10-08,PLUTO,294.314859,CAPRICORN,24.314859,0,0,0,0,0,0.00087694
2021-10-09,SUN,196.413723,LIBRA,16.413723,0,0,0,0,0,0.98814615
2021-10-09,MERCURY,196.802839,LIBRA,16.802839,1,0,0,0,0,-1.1828824
2021-10-09,VENUS,242.216454,SAGITTARIUS,2.216454,0,0,0,0,0,1.09031657
2021-10-09,MARS,195.974915,LIBRA,15.974915,0,0,0,0,0,0.65890113
2021-10-09,JUPITER,322.456804,AQUARIUS,22.456804,1,0,0,0,0,-0.02919606
2021-10-09,SATURN,306.880868,AQUARIUS,6.880868,1,0,0,0,0,-0.00271282
2021-10-09,URANUS,43.823506,TAURUS,13.823506,1,0,0,0,0,-0.03519712
2021-10-09,NEPTUNE,351.120566,PISCES,21.120566,1,0,0,0,0,-0.02426269
2021-10-09,PLUTO,294.315992,CAPRICORN,24.315992,0,0,0,0,0,0.00138928
2021-10-10,SUN,197.40213,LIBRA,17.40213,0,0,0,0,0,0.98865998
2021-10-10,MERCURY,195.630677,LIBRA,15.630677,1,0,0,0,0,-1.15590092
2021-10-10,VENUS,243.305184,SAGITTARIUS,3.305184,0,0,0,0,0,1.08712138
2021-10-10,MARS,196.634102,LIBRA,16.634102,0,0,0,0,0,0.65946445
2021-10-10,JUPITER,322.429279,AQUARIUS,22.429279,1,0,0,0,0,-0.02585301
2021-10-10,SATURN,306.879007,AQUARIUS,6.879007,1,0,0,0,0,-0.00101054
2021-10-10,URANUS,43.788098,TAURUS,13.788098,1,0,0,0,0,-0.0356176
2021-10-10,NEPTUNE,351.096446,PISCES,21.096446,1,0,0,0,0,-0.02397712
2021-10-10,PLUTO,294.317637,CAPRICORN,24.317637,0,0,0,0,0,0.00189813
2021-10-11,SUN,198.391041,LIBRA,18.391041,0,0,0,0,0,0.98915393
2021-10-11,MERCURY,194.50212,LIBRA,14.50212,1,0,0,0,0,-1.09573856
2021-10-11,VENUS,244.390652,SAGITTARIUS,4.390652,0,0,0,0,0,1.08379058
2021-10-11,MARS,197.293837,LIBRA,17.293837,0,0,0,0,0,0.66000003
2021-10-11,JUPITER,322.4051,AQUARIUS,22.4051,1,0,0,0,0,-0.02250661
2021-10-11,SATURN,306.878845,AQUARIUS,6.878845,0,0,0,1,1,0.00068491
2021-10-11,URANUS,43.752273,TAURUS,13.752273,1,0,0,0,0,-0.03603026
2021-10-11,NEPTUNE,351.072612,PISCES,21.072612,1,0,0,0,0,-0.02368982
2021-10-11,PLUTO,294.319786,CAPRICORN,24.319786,0,0,0,0,0,0.00239888
2021-10-12,SUN,199.380437,LIBRA,19.380437,0,0,0,0,0,0.98963185
2021-10-12,MERCURY,193.449852,LIBRA,13.449852,1,0,0,0,0,-1.00369082
2021-10-12,VENUS,245.472719,SAGITTARIUS,5.472719,0,0,0,0,0,1.08032066
2021-10-12,MARS,197.954099,LIBRA,17.954099,0,0,0,0,0,0.66052189
2021-10-12,JUPITER,322.384266,AQUARIUS,22.384266,1,0,0,0,0,-0.01916134
2021-10-12,SATURN,306.880374,AQUARIUS,6.880374,0,0,0,0,0,0.00237108
2021-10-12,URANUS,43.716039,TAURUS,13.716039,1,0,0,0,0,-0.03643646
2021-10-12,NEPTUNE,351.049066,PISCES,21.049066,1,0,0,0,0,-0.02340256
2021-10-12,PLUTO,294.322431,CAPRICORN,24.322431,0,0,0,0,0,0.00288985
2021-10-13,SUN,200.370306,LIBRA,20.370306,0,0,0,0,0,0.99010028
2021-10-13,MERCURY,192.50438,LIBRA,12.50438,1,0,0,0,0,-0.88278669
2021-10-13,VENUS,246.551248,SAGITTARIUS,6.551248,0,0,0,0,0,1.07671228
2021-10-13,MARS,198.61488,LIBRA,18.61488,0,0,0,0,0,0.66103744
2021-10-13,JUPITER,322.366777,AQUARIUS,22.366777,1,0,0,0,0,-0.01581854
2021-10-13,SATURN,306.883584,AQUARIUS,6.883584,0,0,0,0,0,0.00404859
2021-10-13,URANUS,43.679403,TAURUS,13.679403,1,0,0,0,0,-0.03683487
2021-10-13,NEPTUNE,351.025807,PISCES,21.025807,1,0,0,0,0,-0.02311421
2021-10-13,PLUTO,294.325563,CAPRICORN,24.325563,0,0,0,0,0,0.00337235
2021-10-14,SUN,201.360641,LIBRA,21.360641,0,0,0,0,0,0.99056677
2021-10-14,MERCURY,191.692431,LIBRA,11.692431,1,0,0,0,0,-0.73748545
2021-10-14,VENUS,247.6261,SAGITTARIUS,7.6261,0,0,0,0,0,1.07296818
2021-10-14,MARS,199.276175,LIBRA,19.276175,0,0,0,0,0,0.66155252
2021-10-14,JUPITER,322.352629,AQUARIUS,22.352629,1,0,0,0,0,-0.01247714
2021-10-14,SATURN,306.888469,AQUARIUS,6.888469,0,0,0,0,0,0.00571999
2021-10-14,URANUS,43.642373,TAURUS,13.642373,1,0,0,0,0,-0.03722241
2021-10-14,NEPTUNE,351.002838,PISCES,21.002838,1,0,0,0,0,-0.02282188
2021-10-14,PLUTO,294.329174,CAPRICORN,24.329174,0,0,0,0,0,0.00384943
2021-10-15,SUN,202.351445,LIBRA,22.351445,0,0,0,0,0,0.99103847
2021-10-15,MERCURY,191.035745,LIBRA,11.035745,1,0,0,0,0,-0.57322655
2021-10-15,VENUS,248.697141,SAGITTARIUS,8.697141,0,0,0,0,0,1.06909161
2021-10-15,MARS,199.937988,LIBRA,19.937988,0,0,0,0,0,0.66207239
2021-10-15,JUPITER,322.341822,AQUARIUS,22.341822,1,0,0,0,0,-0.00913529
2021-10-15,SATURN,306.895023,AQUARIUS,6.895023,0,0,0,0,0,0.0073885
2021-10-15,URANUS,43.604962,TAURUS,13.604962,1,0,0,0,0,-0.03759554
2021-10-15,NEPTUNE,350.980165,PISCES,20.980165,1,0,0,0,0,-0.02252214
2021-10-15,PLUTO,294.333261,CAPRICORN,24.333261,0,0,0,0,0,0.00432462
2021-10-16,SUN,203.342726,LIBRA,23.342726,0,0,0,0,0,0.99152129
2021-10-16,MERCURY,190.55034,LIBRA,10.55034,1,0,0,0,0,-0.39591916
2021-10-16,VENUS,249.764241,SAGITTARIUS,9.764241,0,0,0,0,0,1.06508507
2021-10-16,MARS,200.600325,LIBRA,20.600325,0,0,0,0,0,0.66260134
2021-10-16,JUPITER,322.334359,AQUARIUS,22.334359,1,0,0,0,0,-0.00579126
2021-10-16,SATURN,306.903246,AQUARIUS,6.903246,0,0,0,0,0,0.00905697
2021-10-16,URANUS,43.567187,TAURUS,13.567187,1,0,0,0,0,-0.03795116
2021-10-16,NEPTUNE,350.957797,PISCES,20.957797,1,0,0,0,0,-0.02221197
2021-10-16,PLUTO,294.337824,CAPRICORN,24.337824,0,0,0,0,0,0.0048011
2021-10-17,SUN,204.334497,LIBRA,24.334497,0,0,0,0,0,0.99201962
2021-10-17,MERCURY,190.246301,LIBRA,10.246301,1,0,0,0,0,-0.2114557
2021-10-17,VENUS,250.82727,SAGITTARIUS,10.82727,0,0,0,0,0,1.06094976
2021-10-17,MARS,201.263196,LIBRA,21.263196,0,0,0,0,0,0.6631426
2021-10-17,JUPITER,322.330241,AQUARIUS,22.330241,1,0,0,0,0,-0.00244391
2021-10-17,SATURN,306.913138,AQUARIUS,6.913138,0,0,0,0,0,0.0107275
2021-10-17,URANUS,43.529066,TAURUS,13.529066,1,0,0,0,0,-0.03828688
2021-10-17,NEPTUNE,350.935745,PISCES,20.935745,1,0,0,0,0,-0.02188915
2021-10-17,PLUTO,294.342864,CAPRICORN,24.342864,0,0,0,0,0,0.0052812
2021-10-18,SUN,205.326776,LIBRA,25.326776,0,0,0,0,0,0.99253619
2021-10-18,MERCURY,190.127998,LIBRA,10.127998,1,0,0,0,0,-0.02531142
2021-10-18,VENUS,251.886098,SAGITTARIUS,11.886098,0,0,0,0,0,1.0566855
2021-10-18,MARS,201.926616,LIBRA,21.926616,0,0,0,0,0,0.663698
2021-10-18,JUPITER,322.329472,AQUARIUS,22.329472,0,0,0,1,1,0.00090713
2021-10-18,SATURN,306.924702,AQUARIUS,6.924702,0,0,0,0,0,0.01240125
2021-10-18,URANUS,43.49062,TAURUS,13.49062,1,0,0,0,0,-0.03860144
2021-10-18,NEPTUNE,350.914022,PISCES,20.914022,1,0,0,0,0,-0.02155244
2021-10-18,PLUTO,294.348388,CAPRICORN,24.348388,0,0,0,0,0,0.00576617
2021-10-19,SUN,206.31958,LIBRA,26.31958,0,0,0,0,0,0.99307194
2021-10-19,MERCURY,190.194656,LIBRA,10.194656,0,0,0,1,1,0.15773876
2021-10-19,VENUS,252.940598,SAGITTARIUS,12.940598,0,0,0,0,0,1.05229045
2021-10-19,MARS,202.590599,LIBRA,22.590599,0,0,0,0,0,0.66426801
2021-10-19,JUPITER,322.332056,AQUARIUS,22.332056,0,0,0,0,0,0.00426114
2021-10-19,SATURN,306.937942,AQUARIUS,6.937942,0,0,0,0,0,0.01407822
2021-10-19,URANUS,43.45187,TAURUS,13.45187,1,0,0,0,0,-0.03889468
2021-10-19,NEPTUNE,350.892644,PISCES,20.892644,1,0,0,0,0,-0.02120179
2021-10-19,PLUTO,294.354398,CAPRICORN,24.354398,0,0,0,0,0,0.00625615
2021-10-20,SUN,207.312929,LIBRA,27.312929,0,0,0,0,0,0.99362607
2021-10-20,MERCURY,190.441149,LIBRA,10.441149,0,0,0,0,0,0.33378256
2021-10-20,VENUS,253.990635,SAGITTARIUS,13.990635,0,0,0,0,0,1.04776101
2021-10-20,MARS,203.255158,LIBRA,23.255158,0,0,0,0,0,0.66485172
2021-10-20,JUPITER,322.337996,AQUARIUS,22.337996,0,0,0,0,0,0.00761659
2021-10-20,SATURN,306.95286,AQUARIUS,6.95286,0,0,0,0,0,0.01575733
2021-10-20,URANUS,43.412837,TAURUS,13.412837,1,0,0,0,0,-0.03916748
2021-10-20,NEPTUNE,350.871623,PISCES,20.871623,1,0,0,0,0,-0.02083816
2021-10-20,PLUTO,294.360901,CAPRICORN,24.360901,0,0,0,0,0,0.00675023
2021-10-21,SUN,208.306841,LIBRA,28.306841,0,0,0,0,0,0.99419643
2021-10-21,MERCURY,190.858898,LIBRA,10.858898,0,0,0,0,0,0.49982677
2021-10-21,VENUS,255.036074,SAGITTARIUS,15.036074,0,0,0,0,0,1.04309196
2021-10-21,MARS,203.920308,LIBRA,23.920308,0,0,0,0,0,0.66544724
2021-10-21,JUPITER,322.34729,AQUARIUS,22.34729,0,0,0,0,0,0.01097118
2021-10-21,SATURN,306.969457,AQUARIUS,6.969457,0,0,0,0,0,0.01743689
2021-10-21,URANUS,43.373541,TAURUS,13.373541,1,0,0,0,0,-0.03942135
2021-10-21,NEPTUNE,350.850972,PISCES,20.850972,1,0,0,0,0,-0.02046326
2021-10-21,PLUTO,294.3679,CAPRICORN,24.3679,0,0,0,0,0,0.00724669
2021-10-22,SUN,209.30133,LIBRA,29.30133,0,0,0,0,0,0.99478007
2021-10-22,MERCURY,191.436782,LIBRA,11.436782,0,0,0,0,0,0.65377169
2021-10-22,VENUS,256.076771,SAGITTARIUS,16.076771,0,0,0,0,0,1.03827695
2021-10-22,MARS,204.586058,LIBRA,24.586058,0,0,0,0,0,0.66605221
2021-10-22,JUPITER,322.359938,AQUARIUS,22.359938,0,0,0,0,0,0.01432244
2021-10-22,SATURN,306.987733,AQUARIUS,6.987733,0,0,0,0,0,0.01911484
2021-10-22,URANUS,43.334,TAURUS,13.334,1,0,0,0,0,-0.03965807
2021-10-22,NEPTUNE,350.8307,PISCES,20.8307,1,0,0,0,0,-0.02007901
2021-10-22,PLUTO,294.375395,CAPRICORN,24.375395,0,0,0,0,0,0.00774363
2021-10-23,SUN,210.296407,SCORPIO,0.296407,0,1,0,0,0,0.99537385
2021-10-23,MERCURY,192.161993,LIBRA,12.161993,0,0,0,0,0,0.79432882
2021-10-23,VENUS,257.112577,SAGITTARIUS,17.112577,0,0,0,0,0,1.03330878
2021-10-23,MARS,205.252417,LIBRA,25.252417,0,0,0,0,0,0.66666424
2021-10-23,JUPITER,322.375934,AQUARIUS,22.375934,0,0,0,0,0,0.01766802
2021-10-23,SATURN,307.007686,AQUARIUS,7.007686,0,0,0,0,0,0.02078925
2021-10-23,URANUS,43.29423,TAURUS,13.29423,1,0,0,0,0,-0.03987926
2021-10-23,NEPTUNE,350.810817,PISCES,20.810817,1,0,0,0,0,-0.0196872
2021-10-23,PLUTO,294.383387,CAPRICORN,24.383387,0,0,0,0,0,0.00823917
2021-10-24,SUN,211.292083,SCORPIO,1.292083,0,0,0,0,0,0.99597473
2021-10-24,MERCURY,193.020795,LIBRA,13.020795,0,0,0,0,0,0.92090541
2021-10-24,VENUS,258.143335,SAGITTARIUS,18.143335,0,0,0,0,0,1.02817971
2021-10-24,MARS,205.91939,LIBRA,25.91939,0,0,0,0,0,0.66728115
2021-10-24,JUPITER,322.395272,AQUARIUS,22.395272,0,0,0,0,0,0.02100576
2021-10-24,SATURN,307.029311,AQUARIUS,7.029311,0,0,0,0,0,0.02245838
2021-10-24,URANUS,43.254246,TAURUS,13.254246,1,0,0,0,0,-0.04008619
2021-10-24,NEPTUNE,350.791328,PISCES,20.791328,1,0,0,0,0,-0.01928942
2021-10-24,PLUTO,294.391873,CAPRICORN,24.391873,0,0,0,0,0,0.00873177
2021-10-25,SUN,212.288361,SCORPIO,2.288361,0,0,0,0,0,0.9965799
2021-10-25,MERCURY,193.999151,LIBRA,13.999151,0,0,0,0,0,1.03347411
2021-10-25,VENUS,259.16888,SAGITTARIUS,19.16888,0,0,0,0,0,1.02288177
2021-10-25,MARS,206.586982,LIBRA,26.586982,0,0,0,0,0,0.66790099
2021-10-25,JUPITER,322.417943,AQUARIUS,22.417943,0,0,0,0,0,0.02433371
2021-10-25,SATURN,307.052601,AQUARIUS,7.052601,0,0,0,0,0,0.02412083
2021-10-25,URANUS,43.214062,TAURUS,13.214062,1,0,0,0,0,-0.04027989
2021-10-25,NEPTUNE,350.77224,PISCES,20.77224,1,0,0,0,0,-0.01888687
2021-10-25,PLUTO,294.40085,CAPRICORN,24.40085,0,0,0,0,0,0.00922012
2021-10-26,SUN,213.285246,SCORPIO,3.285246,0,0,0,0,0,0.99718685
2021-10-26,MERCURY,195.083227,LIBRA,15.083227,0,0,0,0,0,1.13244272
2021-10-26,VENUS,260.18904,SAGITTARIUS,20.18904,0,0,0,0,0,1.01740688
2021-10-26,MARS,207.255194,LIBRA,27.255194,0,0,0,0,0,0.66852222
2021-10-26,JUPITER,322.443936,AQUARIUS,22.443936,0,0,0,0,0,0.02765048
2021-10-26,SATURN,307.07755,AQUARIUS,7.07755,0,0,0,0,0,0.02577546
2021-10-26,URANUS,43.17369,TAURUS,13.17369,1,0,0,0,0,-0.04046097
2021-10-26,NEPTUNE,350.753556,PISCES,20.753556,1,0,0,0,0,-0.01848046
2021-10-26,PLUTO,294.410312,CAPRICORN,24.410312,0,0,0,0,0,0.0097033
2021-10-27,SUN,214.282737,SCORPIO,4.282737,0,0,0,0,0,0.99779344
2021-10-27,MERCURY,196.259761,LIBRA,16.259761,0,0,0,0,0,1.21853261
2021-10-27,VENUS,261.203633,SAGITTARIUS,21.203633,0,0,0,0,0,1.01174704
2021-10-27,MARS,207.924028,LIBRA,27.924028,0,0,0,0,0,0.6691437
2021-10-27,JUPITER,322.47324,AQUARIUS,22.47324,0,0,0,0,0,0.03095505
2021-10-27,SATURN,307.104149,AQUARIUS,7.104149,0,0,0,0,0,0.02742177
2021-10-27,URANUS,43.133144,TAURUS,13.133144,1,0,0,0,0,-0.04062948
2021-10-27,NEPTUNE,350.73528,PISCES,20.73528,1,0,0,0,0,-0.01807052
2021-10-27,PLUTO,294.420255,CAPRICORN,24.420255,0,0,0,0,0,0.0101809
2021-10-28,SUN,215.280834,SCORPIO,5.280834,0,0,0,0,0,0.99839778
2021-10-28,MERCURY,197.516325,LIBRA,17.516325,0,0,0,0,0,1.29267264
2021-10-28,VENUS,262.21247,SAGITTARIUS,22.21247,0,0,0,0,0,1.00589407
2021-10-28,MARS,208.593483,LIBRA,28.593483,0,0,0,0,0,0.66976473
2021-10-28,JUPITER,322.505842,AQUARIUS,22.505842,0,0,0,0,0,0.03424708
2021-10-28,SATURN,307.132391,AQUARIUS,7.132391,0,0,0,0,0,0.02905972
2021-10-28,URANUS,43.092435,TAURUS,13.092435,1,0,0,0,0,-0.04078496
2021-10-28,NEPTUNE,350.717415,PISCES,20.717415,1,0,0,0,0,-0.01765685
2021-10-28,PLUTO,294.430672,CAPRICORN,24.430672,0,0,0,0,0,0.01065309
2021-10-29,SUN,216.279534,SCORPIO,6.279534,0,0,0,0,0,0.99899821
2021-10-29,MERCURY,198.841487,LIBRA,18.841487,0,0,0,0,0,1.35591049
2021-10-29,VENUS,263.215355,SAGITTARIUS,23.215355,0,0,0,0,0,0.99983961
2021-10-29,MARS,209.263559,LIBRA,29.263559,0,0,0,0,0,0.67038498
2021-10-29,JUPITER,322.54173,AQUARIUS,22.54173,0,0,0,0,0,0.03752667
2021-10-29,SATURN,307.162266,AQUARIUS,7.162266,0,0,0,0,0,0.03068981
2021-10-29,URANUS,43.051578,TAURUS,13.051578,1,0,0,0,0,-0.04092635
2021-10-29,NEPTUNE,350.699967,PISCES,20.699967,1,0,0,0,0,-0.01723874
2021-10-29,PLUTO,294.441559,CAPRICORN,24.441559,0,0,0,0,0,0.01112049
2021-10-30,SUN,217.278831,SCORPIO,7.278831,0,0,0,0,0,0.99959313
2021-10-30,MERCURY,200.224892,LIBRA,20.224892,0,0,0,0,0,1.40934251
2021-10-30,VENUS,264.21208,SAGITTARIUS,24.21208,0,0,0,0,0,0.99357473
2021-10-30,MARS,209.934254,LIBRA,29.934254,0,0,0,0,0,0.67100445
2021-10-30,JUPITER,322.580892,AQUARIUS,22.580892,0,0,0,0,0,0.0407945
2021-10-30,SATURN,307.193768,AQUARIUS,7.193768,0,0,0,0,0,0.03231296
2021-10-30,URANUS,43.010587,TAURUS,13.010587,1,0,0,0,0,-0.04105213
2021-10-30,NEPTUNE,350.682939,PISCES,20.682939,1,0,0,0,0,-0.01681495
2021-10-30,PLUTO,294.452912,CAPRICORN,24.452912,0,0,0,0,0,0.01158427
2021-10-31,SUN,218.27872,SCORPIO,8.27872,0,0,0,0,0,1.00018128
2021-10-31,MERCURY,201.657282,LIBRA,21.657282,0,0,0,0,0,1.45406151
2021-10-31,VENUS,265.202431,SAGITTARIUS,25.202431,0,0,0,0,0,0.98708988
2021-10-31,MARS,210.605569,SCORPIO,0.605569,0,1,0,0,0,0.67162381
2021-10-31,JUPITER,322.623316,AQUARIUS,22.623316,0,0,0,0,0,0.04405196
2021-10-31,SATURN,307.226891,AQUARIUS,7.226891,0,0,0,0,0,0.03393093
2021-10-31,URANUS,42.969479,TAURUS,12.969479,1,0,0,0,0,-0.04115986
2021-10-31,NEPTUNE,350.666339,PISCES,20.666339,1,0,0,0,0,-0.01638344
2021-10-31,PLUTO,294.464727,CAPRICORN,24.464727,0,0,0,0,0,0.01204635
2021-11-01,SUN,219.279194,SCORPIO,9.279194,0,0,0,0,0,1.00076186
2021-11-01,MERCURY,203.130474,LIBRA,23.130474,0,0,0,0,0,1.4911193
2021-11-01,VENUS,266.186183,SAGITTARIUS,26.186183,0,0,0,0,0,0.98037474
2021-11-01,MARS,211.277504,SCORPIO,1.277504,0,0,0,0,0,0.67224455
2021-11-01,JUPITER,322.668993,AQUARIUS,22.668993,0,0,0,0,0,0.04730123
2021-11-01,SATURN,307.261629,AQUARIUS,7.261629,0,0,0,0,0,0.03554631
2021-11-01,URANUS,42.928274,TAURUS,12.928274,1,0,0,0,0,-0.04124619
2021-11-01,NEPTUNE,350.650175,PISCES,20.650175,1,0,0,0,0,-0.01594121
2021-11-01,PLUTO,294.477005,CAPRICORN,24.477005,0,0,0,0,0,0.01250964
2021-11-02,SUN,220.280244,SCORPIO,10.280244,0,0,0,0,0,1.00133396
2021-11-02,MERCURY,204.637308,LIBRA,24.637308,0,0,0,0,0,1.52150204
2021-11-02,VENUS,267.1631,SAGITTARIUS,27.1631,0,0,0,0,0,0.97341693
2021-11-02,MARS,211.950061,SCORPIO,1.950061,0,0,0,0,0,0.67286836
2021-11-02,JUPITER,322.717917,AQUARIUS,22.717917,0,0,0,0,0,0.05054486
2021-11-02,SATURN,307.297984,AQUARIUS,7.297984,0,0,0,0,0,0.03716202
2021-11-02,URANUS,42.886995,TAURUS,12.886995,1,0,0,0,0,-0.04130724
2021-11-02,NEPTUNE,350.634461,PISCES,20.634461,1,0,0,0,0,-0.01548483
2021-11-02,PLUTO,294.489748,CAPRICORN,24.489748,0,0,0,0,0,0.01297743
2021-11-03,SUN,221.281861,SCORPIO,11.281861,0,0,0,0,0,1.00189541
2021-11-03,MERCURY,206.171567,LIBRA,26.171567,0,0,0,0,0,1.54611469
2021-11-03,VENUS,268.132931,SAGITTARIUS,28.132931,0,0,0,0,0,0.96620036
2021-11-03,MARS,212.623244,SCORPIO,2.623244,0,0,0,0,0,0.67349604
2021-11-03,JUPITER,322.770082,AQUARIUS,22.770082,0,0,0,0,0,0.05378399
2021-11-03,SATURN,307.335955,AQUARIUS,7.335955,0,0,0,0,0,0.03877986
2021-11-03,URANUS,42.845669,TAURUS,12.845669,1,0,0,0,0,-0.04134016
2021-11-03,NEPTUNE,350.619211,PISCES,20.619211,1,0,0,0,0,-0.01501187
2021-11-03,PLUTO,294.502962,CAPRICORN,24.502962,0,0,0,0,0,0.01345197
2021-11-04,SUN,222.284033,SCORPIO,12.284033,0,0,0,0,0,1.00244174
2021-11-04,MERCURY,207.727897,LIBRA,27.727897,0,0,0,0,0,1.56577324
2021-11-04,VENUS,269.095408,SAGITTARIUS,29.095408,0,0,0,0,0,0.95870345
2021-11-04,MARS,213.297055,SCORPIO,3.297055,0,0,0,0,0,0.67412585
2021-11-04,JUPITER,322.825484,AQUARIUS,22.825484,0,0,0,0,0,0.05701664
2021-11-04,SATURN,307.375544,AQUARIUS,7.375544,0,0,0,0,0,0.04039862
2021-11-04,URANUS,42.804324,TAURUS,12.804324,1,0,0,0,0,-0.04134482
2021-11-04,NEPTUNE,350.604443,PISCES,20.604443,1,0,0,0,0,-0.01452274
2021-11-04,PLUTO,294.516654,CAPRICORN,24.516654,0,0,0,0,0,0.01393275
2021-11-05,SUN,223.28674,SCORPIO,13.28674,0,0,0,0,0,1.00296612
2021-11-05,MERCURY,209.301714,LIBRA,29.301714,0,0,0,0,0,1.58120329
2021-11-05,VENUS,270.050236,CAPRICORN,0.050236,0,1,0,0,0,0.95089934
2021-11-05,MARS,213.971496,SCORPIO,3.971496,0,0,0,0,0,0.67475311
2021-11-05,JUPITER,322.884113,AQUARIUS,22.884113,0,0,0,0,0,0.0602368
2021-11-05,SATURN,307.416751,AQUARIUS,7.416751,0,0,0,0,0,0.04201343
2021-11-05,URANUS,42.762987,TAURUS,12.762987,1,0,0,0,0,-0.04132481
2021-11-05,NEPTUNE,350.59017,PISCES,20.59017,1,0,0,0,0,-0.01402148
2021-11-05,PLUTO,294.530829,CAPRICORN,24.530829,0,0,0,0,0,0.01441562
2021-11-06,SUN,224.289959,SCORPIO,14.289959,0,0,0,0,0,1.00346134
2021-11-06,MERCURY,210.889116,SCORPIO,0.889116,0,1,0,0,0,1.59304425
2021-11-06,VENUS,270.997095,CAPRICORN,0.997095,0,0,0,0,0,0.94275848
2021-11-06,MARS,214.646561,SCORPIO,4.646561,0,0,0,0,0,0.6753716
2021-11-06,JUPITER,322.945952,AQUARIUS,22.945952,0,0,0,0,0,0.06343567
2021-11-06,SATURN,307.459568,AQUARIUS,7.459568,0,0,0,0,0,0.0436167
2021-11-06,URANUS,42.72168,TAURUS,12.72168,1,0,0,0,0,-0.04128641
2021-11-06,NEPTUNE,350.576402,PISCES,20.576402,1,0,0,0,0,-0.01351477
2021-11-06,PLUTO,294.545485,CAPRICORN,24.545485,0,0,0,0,0,0.01489391
2021-11-07,SUN,225.293656,SCORPIO,15.293656,0,0,0,0,0,1.00392279
2021-11-07,MERCURY,212.486801,SCORPIO,2.486801,0,0,0,0,0,1.60185705
2021-11-07,VENUS,271.935632,CAPRICORN,1.935632,0,0,0,0,0,0.93425301
2021-11-07,MARS,215.322237,SCORPIO,5.322237,0,0,0,0,0,0.67597624
2021-11-07,JUPITER,323.010975,AQUARIUS,23.010975,0,0,0,0,0,0.06660449
2021-11-07,SATURN,307.503979,AQUARIUS,7.503979,0,0,0,0,0,0.04520116
2021-11-07,URANUS,42.680418,TAURUS,12.680418,1,0,0,0,0,-0.04123588
2021-11-07,NEPTUNE,350.563141,PISCES,20.563141,1,0,0,0,0,-0.01300926
2021-11-07,PLUTO,294.560614,CAPRICORN,24.560614,0,0,0,0,0,0.01536106
2021-11-08,SUN,226.297797,SCORPIO,16.297797,0,0,0,0,0,1.00435082
2021-11-08,MERCURY,214.091991,SCORPIO,4.091991,0,0,0,0,0,1.60813306
2021-11-08,VENUS,272.865472,CAPRICORN,2.865472,0,0,0,0,0,0.92536073
2021-11-08,MARS,215.99851,SCORPIO,5.99851,0,0,0,0,0,0.67656545
2021-11-08,JUPITER,323.07915,AQUARIUS,23.07915,0,0,0,0,0,0.06973764
2021-11-08,SATURN,307.549963,AQUARIUS,7.549963,0,0,0,0,0,0.04676235
2021-11-08,URANUS,42.639211,TAURUS,12.639211,1,0,0,0,0,-0.04117685
2021-11-08,NEPTUNE,350.550382,PISCES,20.550382,1,0,0,0,0,-0.01250886
2021-11-08,PLUTO,294.576202,CAPRICORN,24.576202,0,0,0,0,0,0.01581336
2021-11-09,SUN,227.302352,SCORPIO,17.302352,0,0,0,0,0,1.00475109
2021-11-09,MERCURY,215.702371,SCORPIO,5.702371,0,0,0,0,0,1.61230194
2021-11-09,VENUS,273.786219,CAPRICORN,3.786219,0,0,0,0,0,0.91606643
2021-11-09,MARS,216.675365,SCORPIO,6.675365,0,0,0,0,0,0.67714218
2021-11-09,JUPITER,323.150439,AQUARIUS,23.150439,0,0,0,0,0,0.07283384
2021-11-09,SATURN,307.597496,AQUARIUS,7.597496,0,0,0,0,0,0.04830017
2021-11-09,URANUS,42.598067,TAURUS,12.598067,1,0,0,0,0,-0.04110916
2021-11-09,NEPTUNE,350.538121,PISCES,20.538121,1,0,0,0,0,-0.01201349
2021-11-09,PLUTO,294.592236,CAPRICORN,24.592236,0,0,0,0,0,0.01625117
2021-11-10,SUN,228.307298,SCORPIO,18.307298,0,0,0,0,0,1.00513256
2021-11-10,MERCURY,217.316022,SCORPIO,7.316022,0,0,0,0,0,1.6147371
2021-11-10,VENUS,274.697467,CAPRICORN,4.697467,0,0,0,0,0,0.90636025
2021-11-10,MARS,217.352793,SCORPIO,7.352793,0,0,0,0,0,0.67771241
2021-11-10,JUPITER,323.224806,AQUARIUS,23.224806,0,0,0,0,0,0.07589552
2021-11-10,SATURN,307.646557,AQUARIUS,7.646557,0,0,0,0,0,0.04981779
2021-11-10,URANUS,42.556996,TAURUS,12.556996,1,0,0,0,0,-0.04102954
2021-11-10,NEPTUNE,350.526354,PISCES,20.526354,1,0,0,0,0,-0.01151993
2021-11-10,PLUTO,294.608701,CAPRICORN,24.608701,0,0,0,0,0,0.01667799
2021-11-11,SUN,229.312619,SCORPIO,19.312619,0,0,0,0,0,1.00550485
2021-11-11,MERCURY,218.931378,SCORPIO,8.931378,0,0,0,0,0,1.61576052
2021-11-11,VENUS,275.5988,CAPRICORN,5.5988,0,0,0,0,0,0.89623451
2021-11-11,MARS,218.030791,SCORPIO,8.030791,0,0,0,0,0,0.67828285
2021-11-11,JUPITER,323.30222,AQUARIUS,23.30222,0,0,0,0,0,0.0789267
2021-11-11,SATURN,307.697127,AQUARIUS,7.697127,0,0,0,0,0,0.0513197
2021-11-11,URANUS,42.516013,TAURUS,12.516013,1,0,0,0,0,-0.0409337
2021-11-11,NEPTUNE,350.515082,PISCES,20.515082,1,0,0,0,0,-0.0110238
2021-11-11,PLUTO,294.62559,CAPRICORN,24.62559,0,0,0,0,0,0.01709845
2021-11-12,SUN,230.318311,SCORPIO,20.318311,0,0,0,0,0,1.00587588
2021-11-12,MERCURY,220.547168,SCORPIO,10.547168,0,0,0,0,0,1.61564745
2021-11-12,VENUS,276.489793,CAPRICORN,6.489793,0,0,0,0,0,0.8856807
2021-11-12,MARS,218.709362,SCORPIO,8.709362,0,0,0,0,0,0.67885905
2021-11-12,JUPITER,323.382651,AQUARIUS,23.382651,0,0,0,0,0,0.08193097
2021-11-12,SATURN,307.749192,AQUARIUS,7.749192,0,0,0,0,0,0.05280982
2021-11-12,URANUS,42.475135,TAURUS,12.475135,1,0,0,0,0,-0.040818
2021-11-12,NEPTUNE,350.504308,PISCES,20.504308,1,0,0,0,0,-0.01052139
2021-11-12,PLUTO,294.642897,CAPRICORN,24.642897,0,0,0,0,0,0.01751649
2021-11-13,SUN,231.324377,SCORPIO,21.324377,0,0,0,0,0,1.0062513
2021-11-13,MERCURY,222.162375,SCORPIO,12.162375,0,0,0,0,0,1.61463164
2021-11-13,VENUS,277.370015,CAPRICORN,7.370015,0,0,0,0,0,0.87468831
2021-11-13,MARS,219.388514,SCORPIO,9.388514,0,0,0,0,0,0.67944481
2021-11-13,JUPITER,323.466074,AQUARIUS,23.466074,0,0,0,0,0,0.08491077
2021-11-13,SATURN,307.802743,AQUARIUS,7.802743,0,0,0,0,0,0.05429057
2021-11-13,URANUS,42.434384,TAURUS,12.434384,1,0,0,0,0,-0.04068021
2021-11-13,NEPTUNE,350.494041,PISCES,20.494041,1,0,0,0,0,-0.01001043
2021-11-13,PLUTO,294.660623,CAPRICORN,24.660623,0,0,0,0,0,0.01793459
2021-11-14,SUN,232.330821,SCORPIO,22.330821,0,0,0,0,0,1.00663472
2021-11-14,MERCURY,223.776199,SCORPIO,13.776199,0,0,0,0,0,1.61291098
2021-11-14,VENUS,278.239019,CAPRICORN,8.239019,0,0,0,0,0,0.86324454
2021-11-14,MARS,220.068257,SCORPIO,10.068257,0,0,0,0,0,0.68004208
2021-11-14,JUPITER,323.552465,AQUARIUS,23.552465,0,0,0,0,0,0.08786726
2021-11-14,SATURN,307.857771,AQUARIUS,7.857771,0,0,0,0,0,0.0557632
2021-11-14,URANUS,42.393782,TAURUS,12.393782,1,0,0,0,0,-0.04051949
2021-11-14,NEPTUNE,350.48429,PISCES,20.48429,1,0,0,0,0,-0.00948992
2021-11-14,PLUTO,294.678767,CAPRICORN,24.678767,0,0,0,0,0,0.01835388
2021-11-15,SUN,233.337654,SCORPIO,23.337654,0,0,0,0,0,1.00702817
2021-11-15,MERCURY,225.388021,SCORPIO,15.388021,0,0,0,0,0,1.61065273
2021-11-15,VENUS,279.096348,CAPRICORN,9.096348,0,0,0,0,0,0.85133472
2021-11-15,MARS,220.748604,SCORPIO,10.748604,0,0,0,0,0,0.68065169
2021-11-15,JUPITER,323.641801,AQUARIUS,23.641801,0,0,0,0,0,0.09080077
2021-11-15,SATURN,307.914268,AQUARIUS,7.914268,0,0,0,0,0,0.0572279
2021-11-15,URANUS,42.353352,TAURUS,12.353352,1,0,0,0,0,-0.04033591
2021-11-15,NEPTUNE,350.475065,PISCES,20.475065,1,0,0,0,0,-0.0089599
2021-11-15,PLUTO,294.697331,CAPRICORN,24.697331,0,0,0,0,0,0.01877447
2021-11-16,SUN,234.344885,SCORPIO,24.344885,0,0,0,0,0,1.00743243
2021-11-16,MERCURY,226.997375,SCORPIO,16.997375,0,0,0,0,0,1.60799792
2021-11-16,VENUS,279.941528,CAPRICORN,9.941528,0,0,0,0,0,0.83894254
2021-11-16,MARS,221.429566,SCORPIO,11.429566,0,0,0,0,0,0.68127338
2021-11-16,JUPITER,323.73406,AQUARIUS,23.73406,0,0,0,0,0,0.09371087
2021-11-16,SATURN,307.972225,AQUARIUS,7.972225,0,0,0,0,0,0.05868409
2021-11-16,URANUS,42.313117,TAURUS,12.313117,1,0,0,0,0,-0.04013029
2021-11-16,NEPTUNE,350.466374,PISCES,20.466374,1,0,0,0,0,-0.00842115
2021-11-16,PLUTO,294.716317,CAPRICORN,24.716317,0,0,0,0,0,0.01919572
2021-11-17,SUN,235.352526,SCORPIO,25.352526,0,0,0,0,0,1.00784706
2021-11-17,MERCURY,228.603926,SCORPIO,18.603926,0,0,0,0,0,1.60506518
2021-11-17,VENUS,280.774066,CAPRICORN,10.774066,0,0,0,0,0,0.82604988
2021-11-17,MARS,222.111156,SCORPIO,12.111156,0,0,0,0,0,0.68190603
2021-11-17,JUPITER,323.829216,AQUARIUS,23.829216,0,0,0,0,0,0.09659651
2021-11-17,SATURN,308.031633,AQUARIUS,8.031633,0,0,0,0,0,0.06013053
2021-11-17,URANUS,42.273098,TAURUS,12.273098,1,0,0,0,0,-0.03990415
2021-11-17,NEPTUNE,350.458225,PISCES,20.458225,1,0,0,0,0,-0.00787513
2021-11-17,PLUTO,294.735723,CAPRICORN,24.735723,0,0,0,0,0,0.01961625
2021-11-18,SUN,236.360586,SCORPIO,26.360586,0,0,0,0,0,1.0082707
2021-11-18,MERCURY,230.207447,SCORPIO,20.207447,0,0,0,0,0,1.6019539
2021-11-18,VENUS,281.593454,CAPRICORN,11.593454,0,0,0,0,0,0.81263697
2021-11-18,MARS,222.793383,SCORPIO,12.793383,0,0,0,0,0,0.68254782
2021-11-18,JUPITER,323.927245,AQUARIUS,23.927245,0,0,0,0,0,0.09945619
2021-11-18,SATURN,308.092482,AQUARIUS,8.092482,0,0,0,0,0,0.06156549
2021-11-18,URANUS,42.233315,TAURUS,12.233315,1,0,0,0,0,-0.03965944
2021-11-18,NEPTUNE,350.450626,PISCES,20.450626,1,0,0,0,0,-0.00732376
2021-11-18,PLUTO,294.755549,CAPRICORN,24.755549,0,0,0,0,0,0.02003424
2021-11-19,SUN,237.369073,SCORPIO,27.369073,0,0,0,0,0,1.00870153
2021-11-19,MERCURY,231.807804,SCORPIO,21.807804,0,0,0,0,0,1.5987477
2021-11-19,VENUS,282.39916,CAPRICORN,12.39916,0,0,0,0,0,0.79868262
2021-11-19,MARS,223.476256,SCORPIO,13.476256,0,0,0,0,0,0.68319667
2021-11-19,JUPITER,324.02812,AQUARIUS,24.02812,0,0,0,0,0,0.10228837
2021-11-19,SATURN,308.15476,AQUARIUS,8.15476,0,0,0,0,0,0.06298717
2021-11-19,URANUS,42.193785,TAURUS,12.193785,1,0,0,0,0,-0.03939803
2021-11-19,NEPTUNE,350.443579,PISCES,20.443579,1,0,0,0,0,-0.00676898
2021-11-19,PLUTO,294.775791,CAPRICORN,24.775791,0,0,0,0,0,0.0204478
2021-11-20,SUN,238.377994,SCORPIO,28.377994,0,0,0,0,0,1.00913759
2021-11-20,MERCURY,233.404936,SCORPIO,23.404936,0,0,0,0,0,1.59551669
2021-11-20,VENUS,283.190631,CAPRICORN,13.190631,0,0,0,0,0,0.7841646
2021-11-20,MARS,224.15978,SCORPIO,14.15978,0,0,0,0,0,0.68385074
2021-11-20,JUPITER,324.131813,AQUARIUS,24.131813,0,0,0,0,0,0.10509172
2021-11-20,SATURN,308.218452,AQUARIUS,8.218452,0,0,0,0,0,0.06439398
2021-11-20,URANUS,42.154524,TAURUS,12.154524,1,0,0,0,0,-0.03912168
2021-11-20,NEPTUNE,350.437089,PISCES,20.437089,1,0,0,0,0,-0.0062125
2021-11-20,PLUTO,294.796443,CAPRICORN,24.796443,0,0,0,0,0,0.0208553
2021-11-21,SUN,239.387353,SCORPIO,29.387353,0,0,0,0,0,1.00957706
2021-11-21,MERCURY,234.99885,SCORPIO,24.99885,0,0,0,0,0,1.59231977
2021-11-21,VENUS,283.967293,CAPRICORN,13.967293,0,0,0,0,0,0.76905976
2021-11-21,MARS,224.84396,SCORPIO,14.84396,0,0,0,0,0,0.68450822
2021-11-21,JUPITER,324.238295,AQUARIUS,24.238295,0,0,0,0,0,0.1078652
2021-11-21,SATURN,308.283543,AQUARIUS,8.283543,0,0,0,0,0,0.06578469
2021-11-21,URANUS,42.115546,TAURUS,12.115546,1,0,0,0,0,-0.03883163
2021-11-21,NEPTUNE,350.431155,PISCES,20.431155,1,0,0,0,0,-0.00565569
2021-11-21,PLUTO,294.817499,CAPRICORN,24.817499,0,0,0,0,0,0.02125537
2021-11-22,SUN,240.397152,SAGITTARIUS,0.397152,0,1,0,0,0,1.01001819
2021-11-22,MERCURY,236.589604,SCORPIO,26.589604,0,0,0,0,0,1.58920618
2021-11-22,VENUS,284.728546,CAPRICORN,14.728546,0,0,0,0,0,0.75334424
2021-11-22,MARS,225.528799,SCORPIO,15.528799,0,0,0,0,0,0.68516772
2021-11-22,JUPITER,324.347535,AQUARIUS,24.347535,0,0,0,0,0,0.11060805
2021-11-22,SATURN,308.350017,AQUARIUS,8.350017,0,0,0,0,0,0.06715831
2021-11-22,URANUS,42.076865,TAURUS,12.076865,1,0,0,0,0,-0.03852891
2021-11-22,NEPTUNE,350.425777,PISCES,20.425777,1,0,0,0,0,-0.00509962
2021-11-22,PLUTO,294.838952,CAPRICORN,24.838952,0,0,0,0,0,0.02164703
2021-11-23,SUN,241.407392,SAGITTARIUS,1.407392,0,0,0,0,0,1.01045947
2021-11-23,MERCURY,238.177304,SCORPIO,28.177304,0,0,0,0,0,1.58621704
2021-11-23,VENUS,285.473769,CAPRICORN,15.473769,0,0,0,0,0,0.73699354
2021-11-23,MARS,226.214297,SCORPIO,16.214297,0,0,0,0,0,0.68582806
2021-11-23,JUPITER,324.459502,AQUARIUS,24.459502,0,0,0,0,0,0.11332005
2021-11-23,SATURN,308.417855,AQUARIUS,8.417855,0,0,0,0,0,0.06851432
2021-11-23,URANUS,42.038492,TAURUS,12.038492,1,0,0,0,0,-0.03821402
2021-11-23,NEPTUNE,350.420955,PISCES,20.420955,1,0,0,0,0,-0.00454486
2021-11-23,PLUTO,294.860791,CAPRICORN,24.860791,0,0,0,0,0,0.02202973
2021-11-24,SUN,242.418073,SAGITTARIUS,2.418073,0,0,0,0,0,1.01089972
2021-11-24,MERCURY,239.762092,SCORPIO,29.762092,0,0,0,0,0,1.58338647
2021-11-24,VENUS,286.202312,CAPRICORN,16.202312,0,0,0,0,0,0.71998281
2021-11-24,MARS,226.900457,SCORPIO,16.900457,0,0,0,0,0,0.68648869
2021-11-24,JUPITER,324.574165,AQUARIUS,24.574165,0,0,0,0,0,0.11600152
2021-11-24,SATURN,308.48704,AQUARIUS,8.48704,0,0,0,0,0,0.06985279
2021-11-24,URANUS,42.00044,TAURUS,12.00044,1,0,0,0,0,-0.03788684
2021-11-24,NEPTUNE,350.416687,PISCES,20.416687,1,0,0,0,0,-0.00399137
2021-11-24,PLUTO,294.883008,CAPRICORN,24.883008,0,0,0,0,0,0.02240352
2021-11-25,SUN,243.429194,SAGITTARIUS,3.429194,0,0,0,0,0,1.01133814
2021-11-25,MERCURY,241.34414,SAGITTARIUS,1.34414,0,1,0,0,0,1.58074275
2021-11-25,VENUS,286.913505,CAPRICORN,16.913505,0,0,0,0,0,0.70228662
2021-11-25,MARS,227.587276,SCORPIO,17.587276,0,0,0,0,0,0.68714942
2021-11-25,JUPITER,324.691495,AQUARIUS,24.691495,0,0,0,0,0,0.11865342
2021-11-25,SATURN,308.557555,AQUARIUS,8.557555,0,0,0,0,0,0.07117451
2021-11-25,URANUS,41.962722,TAURUS,11.962722,1,0,0,0,0,-0.03754652
2021-11-25,NEPTUNE,350.412972,PISCES,20.412972,1,0,0,0,0,-0.00343842
2021-11-25,PLUTO,294.905595,CAPRICORN,24.905595,0,0,0,0,0,0.02276916
2021-11-26,SUN,244.440751,SAGITTARIUS,4.440751,0,0,0,0,0,1.01177406
2021-11-26,MERCURY,242.923647,SAGITTARIUS,2.923647,0,0,0,0,0,1.57830896
2021-11-26,VENUS,287.606647,CAPRICORN,17.606647,0,0,0,0,0,0.68387887
2021-11-26,MARS,228.274757,SCORPIO,18.274757,0,0,0,0,0,0.68781065
2021-11-26,JUPITER,324.811463,AQUARIUS,24.811463,0,0,0,0,0,0.12127729
2021-11-26,SATURN,308.629384,AQUARIUS,8.629384,0,0,0,0,0,0.07248069
2021-11-26,URANUS,41.925352,TAURUS,11.925352,1,0,0,0,0,-0.03719168
2021-11-26,NEPTUNE,350.40981,PISCES,20.40981,1,0,0,0,0,-0.00288476
2021-11-26,PLUTO,294.928544,CAPRICORN,24.928544,0,0,0,0,0,0.02312785
2021-11-27,SUN,245.452743,SAGITTARIUS,5.452743,0,0,0,0,0,1.01220691
2021-11-27,MERCURY,244.500835,SAGITTARIUS,4.500835,0,0,0,0,0,1.57610701
2021-11-27,VENUS,288.281014,CAPRICORN,18.281014,0,0,0,0,0,0.66473252
2021-11-27,MARS,228.962899,SCORPIO,18.962899,0,0,0,0,0,0.68847287
2021-11-27,JUPITER,324.934041,AQUARIUS,24.934041,0,0,0,0,0,0.12387493
2021-11-27,SATURN,308.702512,AQUARIUS,8.702512,0,0,0,0,0,0.07377292
2021-11-27,URANUS,41.888344,TAURUS,11.888344,1,0,0,0,0,-0.03682054
2021-11-27,NEPTUNE,350.407203,PISCES,20.407203,1,0,0,0,0,-0.00232874
2021-11-27,PLUTO,294.951849,CAPRICORN,24.951849,0,0,0,0,0,0.0234813
2021-11-28,SUN,246.465166,SAGITTARIUS,6.465166,0,0,0,0,0,1.01263613
2021-11-28,MERCURY,246.075954,SAGITTARIUS,6.075954,0,0,0,0,0,1.5741819
2021-11-28,VENUS,288.935855,CAPRICORN,18.935855,0,0,0,0,0,0.64481954
2021-11-28,MARS,229.651705,SCORPIO,19.651705,0,0,0,0,0,0.68913693
2021-11-28,JUPITER,325.059205,AQUARIUS,25.059205,0,0,0,0,0,0.12644857
2021-11-28,SATURN,308.776926,AQUARIUS,8.776926,0,0,0,0,0,0.07505325
2021-11-28,URANUS,41.851717,TAURUS,11.851717,1,0,0,0,0,-0.03643077
2021-11-28,NEPTUNE,350.405154,PISCES,20.405154,1,0,0,0,0,-0.0017682
2021-11-28,PLUTO,294.975506,CAPRICORN,24.975506,0,0,0,0,0,0.02383158
2021-11-29,SUN,247.478016,SAGITTARIUS,7.478016,0,0,0,0,0,1.01306111
2021-11-29,MERCURY,247.649277,SAGITTARIUS,7.649277,0,0,0,0,0,1.5724845
2021-11-29,VENUS,289.570386,CAPRICORN,19.570386,0,0,0,0,0,0.62411042
2021-11-29,MARS,230.341176,SCORPIO,20.341176,0,0,0,0,0,0.68980402
2021-11-29,JUPITER,325.186932,AQUARIUS,25.186932,0,0,0,0,0,0.12900092
2021-11-29,SATURN,308.852616,AQUARIUS,8.852616,0,0,0,0,0,0.0763242
2021-11-29,URANUS,41.815489,TAURUS,11.815489,1,0,0,0,0,-0.03601959
2021-11-29,NEPTUNE,350.403668,PISCES,20.403668,1,0,0,0,0,-0.00120052
2021-11-29,PLUTO,294.999513,CAPRICORN,24.999513,0,0,0,0,0,0.02418132
2021-11-30,SUN,248.491289,SAGITTARIUS,8.491289,0,0,0,0,0,1.01348052
2021-11-30,MERCURY,249.220998,SAGITTARIUS,9.220998,0,0,0,0,0,1.57100883
2021-11-30,VENUS,290.183798,CAPRICORN,20.183798,0,0,0,0,0,0.602573
2021-11-30,MARS,231.031316,SCORPIO,21.031316,0,0,0,0,0,0.69047512
2021-11-30,JUPITER,325.317202,AQUARIUS,25.317202,0,0,0,0,0,0.1315345
2021-11-30,SATURN,308.929573,AQUARIUS,8.929573,0,0,0,0,0,0.07758815
2021-11-30,URANUS,41.779685,TAURUS,11.779685,1,0,0,0,0,-0.03558409
2021-11-30,NEPTUNE,350.402756,PISCES,20.402756,1,0,0,0,0,-0.000623
2021-11-30,PLUTO,295.02387,CAPRICORN,25.02387,0,0,0,0,0,0.02453314
2021-12-01,SUN,249.504977,SAGITTARIUS,9.504977,0,0,0,0,0,1.01389085
2021-12-01,MERCURY,250.791392,SAGITTARIUS,10.791392,0,0,0,0,0,1.56982531
2021-12-01,VENUS,290.775242,CAPRICORN,20.775242,0,0,0,0,0,0.58016995
2021-12-01,MARS,231.722129,SCORPIO,21.722129,0,0,0,0,0,0.69114963
2021-12-01,JUPITER,325.449996,AQUARIUS,25.449996,0,0,0,0,0,0.13405021
2021-12-01,SATURN,309.00779,AQUARIUS,9.00779,0,0,0,0,0,0.07884609
2021-12-01,URANUS,41.74433,TAURUS,11.74433,1,0,0,0,0,-0.03512278
2021-12-01,NEPTUNE,350.402426,PISCES,20.402426,1,0,0,0,0,-3.432e-05
2021-12-01,PLUTO,295.048581,CAPRICORN,25.048581,0,0,0,0,0,0.02488828
2021-12-02,SUN,250.519068,SAGITTARIUS,10.519068,0,0,0,0,0,1.01428528
2021-12-02,MERCURY,252.360735,SAGITTARIUS,12.360735,0,0,0,0,0,1.56890435
2021-12-02,VENUS,291.343833,CAPRICORN,21.343833,0,0,0,0,0,0.55685706
2021-12-02,MARS,232.413617,SCORPIO,22.413617,0,0,0,0,0,0.69182419
2021-12-02,JUPITER,325.585297,AQUARIUS,25.585297,0,0,0,0,0,0.13654566
2021-12-02,SATURN,309.087263,AQUARIUS,9.087263,0,0,0,0,0,0.08009581
2021-12-02,URANUS,41.709448,TAURUS,11.709448,1,0,0,0,0,-0.03463709
2021-12-02,NEPTUNE,350.402691,PISCES,20.402691,0,0,0,1,1,0.00056383
2021-12-02,PLUTO,295.073648,CAPRICORN,25.073648,0,0,0,0,0,0.02524507
2021-12-03,SUN,251.533542,SAGITTARIUS,11.533542,0,0,0,0,0,1.01465402
2021-12-03,MERCURY,253.929282,SAGITTARIUS,13.929282,0,0,0,0,0,1.56823023
2021-12-03,VENUS,291.888635,CAPRICORN,21.888635,0,0,0,0,0,0.53258342
2021-12-03,MARS,233.105777,SCORPIO,23.105777,0,0,0,0,0,0.6924924
2021-12-03,JUPITER,325.72308,AQUARIUS,25.72308,0,0,0,0,0,0.13901469
2021-12-03,SATURN,309.167978,AQUARIUS,9.167978,0,0,0,0,0,0.08133163
2021-12-03,URANUS,41.675062,TAURUS,11.675062,1,0,0,0,0,-0.03413189
2021-12-03,NEPTUNE,350.403556,PISCES,20.403556,0,0,0,0,0,0.00116632
2021-12-03,PLUTO,295.09907,CAPRICORN,25.09907,0,0,0,0,0,0.02559831
2021-12-04,SUN,252.548367,SAGITTARIUS,12.548367,0,0,0,0,0,1.01498681
2021-12-04,MERCURY,255.497272,SAGITTARIUS,15.497272,0,0,0,0,0,1.56778696
2021-12-04,VENUS,292.40866,CAPRICORN,22.40866,0,0,0,0,0,0.50729563
2021-12-04,MARS,233.798599,SCORPIO,23.798599,0,0,0,0,0,0.69314686
2021-12-04,JUPITER,325.863316,AQUARIUS,25.863316,0,0,0,0,0,0.14144877
2021-12-04,SATURN,309.249919,AQUARIUS,9.249919,0,0,0,0,0,0.08254577
2021-12-04,URANUS,41.641188,TAURUS,11.641188,1,0,0,0,0,-0.03361424
2021-12-04,NEPTUNE,350.405023,PISCES,20.405023,0,0,0,0,0,0.00176592
2021-12-04,PLUTO,295.124842,CAPRICORN,25.124842,0,0,0,0,0,0.02594092
2021-12-05,SUN,253.563505,SAGITTARIUS,13.563505,0,0,0,0,0,1.01527678
2021-12-05,MERCURY,257.064927,SAGITTARIUS,17.064927,0,0,0,0,0,1.56755806
2021-12-05,VENUS,292.90287,CAPRICORN,22.90287,0,0,0,0,0,0.48094438
2021-12-05,MARS,234.492066,SCORPIO,24.492066,0,0,0,0,0,0.69378213
2021-12-05,JUPITER,326.005965,AQUARIUS,26.005965,0,0,0,0,0,0.14384045
2021-12-05,SATURN,309.333061,AQUARIUS,9.333061,0,0,0,0,0,0.08373147
2021-12-05,URANUS,41.607835,TAURUS,11.607835,1,0,0,0,0,-0.03309036
2021-12-05,NEPTUNE,350.407085,PISCES,20.407085,0,0,0,0,0,0.00235632
2021-12-05,PLUTO,295.150947,CAPRICORN,25.150947,0,0,0,0,0,0.02626672
2021-12-06,SUN,254.57891,SAGITTARIUS,14.57891,0,0,0,0,0,1.01552337
2021-12-06,MERCURY,258.632454,SAGITTARIUS,18.632454,0,0,0,0,0,1.56752902
2021-12-06,VENUS,293.370179,CAPRICORN,23.370179,0,0,0,0,0,0.45349074
2021-12-06,MARS,235.186158,SCORPIO,25.186158,0,0,0,0,0,0.69439765
2021-12-06,JUPITER,326.150982,AQUARIUS,26.150982,0,0,0,0,0,0.14618605
2021-12-06,SATURN,309.417372,AQUARIUS,9.417372,0,0,0,0,0,0.0848859
2021-12-06,URANUS,41.575008,TAURUS,11.575008,1,0,0,0,0,-0.03256296
2021-12-06,NEPTUNE,350.409732,PISCES,20.409732,0,0,0,0,0,0.00293484
2021-12-06,PLUTO,295.177369,CAPRICORN,25.177369,0,0,0,0,0,0.02657337
2021-12-07,SUN,255.594543,SAGITTARIUS,15.594543,0,0,0,0,0,1.01573261
2021-12-07,MERCURY,260.200047,SAGITTARIUS,20.200047,0,0,0,0,0,1.56768734
2021-12-07,VENUS,293.809473,CAPRICORN,23.809473,0,0,0,0,0,0.42490943
2021-12-07,MARS,235.880857,SCORPIO,25.880857,0,0,0,0,0,0.69499794
2021-12-07,JUPITER,326.298322,AQUARIUS,26.298322,0,0,0,0,0,0.14848686
2021-12-07,SATURN,309.502823,AQUARIUS,9.502823,0,0,0,0,0,0.08601085
2021-12-07,URANUS,41.542711,TAURUS,11.542711,1,0,0,0,0,-0.03203042
2021-12-07,NEPTUNE,350.412952,PISCES,20.412952,0,0,0,0,0,0.00350327
2021-12-07,PLUTO,295.204089,CAPRICORN,25.204089,0,0,0,0,0,0.02686298
2021-12-08,SUN,256.610371,SAGITTARIUS,16.610371,0,0,0,0,0,1.01591464
2021-12-08,MERCURY,261.767886,SAGITTARIUS,21.767886,0,0,0,0,0,1.56802038
2021-12-08,VENUS,294.219615,CAPRICORN,24.219615,0,0,0,0,0,0.39518799
2021-12-08,MARS,236.576153,SCORPIO,26.576153,0,0,0,0,0,0.69559071
2021-12-08,JUPITER,326.447943,AQUARIUS,26.447943,0,0,0,0,0,0.15074765
2021-12-08,SATURN,309.589386,AQUARIUS,9.589386,0,0,0,0,0,0.08711142
2021-12-08,URANUS,41.51095,TAURUS,11.51095,1,0,0,0,0,-0.03148817
2021-12-08,NEPTUNE,350.416736,PISCES,20.416736,0,0,0,0,0,0.00406642
2021-12-08,PLUTO,295.231091,CAPRICORN,25.231091,0,0,0,0,0,0.02714071
2021-12-09,SUN,257.626371,SAGITTARIUS,17.626371,0,0,0,0,0,1.01608011
2021-12-09,MERCURY,263.33614,SAGITTARIUS,23.33614,0,0,0,0,0,1.56851188
2021-12-09,VENUS,294.599464,CAPRICORN,24.599464,0,0,0,0,0,0.36432333
2021-12-09,MARS,237.27204,SCORPIO,27.27204,0,0,0,0,0,0.69618379
2021-12-09,JUPITER,326.599807,AQUARIUS,26.599807,0,0,0,0,0,0.15297399
2021-12-09,SATURN,309.67704,AQUARIUS,9.67704,0,0,0,0,0,0.08819315
2021-12-09,URANUS,41.479739,TAURUS,11.479739,1,0,0,0,0,-0.0309313
2021-12-09,NEPTUNE,350.421084,PISCES,20.421084,0,0,0,0,0,0.00462952
2021-12-09,PLUTO,295.258368,CAPRICORN,25.258368,0,0,0,0,0,0.02741212
2021-12-10,SUN,258.642533,SAGITTARIUS,18.642533,0,0,0,0,0,1.01623743
2021-12-10,MERCURY,264.904954,SAGITTARIUS,24.904954,0,0,0,0,0,1.5691385
2021-12-10,VENUS,294.947878,CAPRICORN,24.947878,0,0,0,0,0,0.33231895
2021-12-10,MARS,237.968524,SCORPIO,27.968524,0,0,0,0,0,0.69678285
2021-12-10,JUPITER,326.753881,AQUARIUS,26.753881,0,0,0,0,0,0.15517005
2021-12-10,SATURN,309.765768,AQUARIUS,9.765768,0,0,0,0,0,0.08926007
2021-12-10,URANUS,41.449093,TAURUS,11.449093,1,0,0,0,0,-0.03035654
2021-12-10,NEPTUNE,350.425996,PISCES,20.425996,0,0,0,0,0,0.00519617
2021-12-10,PLUTO,295.285915,CAPRICORN,25.285915,0,0,0,0,0,0.02768106
2021-12-11,SUN,259.65885,SAGITTARIUS,19.65885,0,0,0,0,0,1.01639203
2021-12-11,MERCURY,266.47445,SAGITTARIUS,26.47445,0,0,0,0,0,1.56986881
2021-12-11,VENUS,295.263722,CAPRICORN,25.263722,0,0,0,0,0,0.29918426
2021-12-11,MARS,238.665611,SCORPIO,28.665611,0,0,0,0,0,0.69739099
2021-12-11,JUPITER,326.910138,AQUARIUS,26.910138,0,0,0,0,0,0.15733799
2021-12-11,SATURN,309.855556,AQUARIUS,9.855556,0,0,0,0,0,0.09031402
2021-12-11,URANUS,41.419032,TAURUS,11.419032,1,0,0,0,0,-0.02976283
2021-12-11,NEPTUNE,350.431478,PISCES,20.431478,0,0,0,0,0,0.00576782
2021-12-11,PLUTO,295.31373,CAPRICORN,25.31373,0,0,0,0,0,0.02794917
2021-12-12,SUN,260.675321,SAGITTARIUS,20.675321,0,0,0,0,0,1.01654696
2021-12-12,MERCURY,268.044712,SAGITTARIUS,28.044712,0,0,0,0,0,1.57066313
2021-12-12,VENUS,295.545872,CAPRICORN,25.545872,0,0,0,0,0,0.26493536
2021-12-12,MARS,239.363311,SCORPIO,29.363311,0,0,0,0,0,0.69800918
2021-12-12,JUPITER,327.068549,AQUARIUS,27.068549,0,0,0,0,0,0.15947842
2021-12-12,SATURN,309.946392,AQUARIUS,9.946392,0,0,0,0,0,0.0913552
2021-12-12,URANUS,41.389573,TAURUS,11.389573,1,0,0,0,0,-0.02915064
2021-12-12,NEPTUNE,350.437533,PISCES,20.437533,0,0,0,0,0,0.00634423
2021-12-12,PLUTO,295.341813,CAPRICORN,25.341813,0,0,0,0,0,0.02821646
2021-12-13,SUN,261.691949,SAGITTARIUS,21.691949,0,0,0,0,0,1.0167038
2021-12-13,MERCURY,269.615781,SAGITTARIUS,29.615781,0,0,0,0,0,1.57147324
2021-12-13,VENUS,295.793226,CAPRICORN,25.793226,0,0,0,0,0,0.22959698
2021-12-13,MARS,240.061634,SAGITTARIUS,0.061634,0,1,0,0,0,0.69863729
2021-12-13,JUPITER,327.229086,AQUARIUS,27.229086,0,0,0,0,0,0.16159111
2021-12-13,SATURN,310.038263,AQUARIUS,10.038263,0,0,0,0,0,0.09238301
2021-12-13,URANUS,41.360736,TAURUS,11.360736,1,0,0,0,0,-0.0285212
2021-12-13,NEPTUNE,350.444167,PISCES,20.444167,0,0,0,0,0,0.00692444
2021-12-13,PLUTO,295.370163,CAPRICORN,25.370163,0,0,0,0,0,0.02848205
2021-12-14,SUN,262.708734,SAGITTARIUS,22.708734,0,0,0,0,0,1.01686327
2021-12-14,MERCURY,271.187644,CAPRICORN,1.187644,0,1,0,0,0,1.57224202
2021-12-14,VENUS,296.004711,CAPRICORN,26.004711,0,0,0,0,0,0.19320457
2021-12-14,MARS,240.76059,SAGITTARIUS,0.76059,0,0,0,0,0,0.69927455
2021-12-14,JUPITER,327.391723,AQUARIUS,27.391723,0,0,0,0,0,0.16367553
2021-12-14,SATURN,310.131154,AQUARIUS,10.131154,0,0,0,0,0,0.09339638
2021-12-14,URANUS,41.332536,TAURUS,11.332536,1,0,0,0,0,-0.02787621
2021-12-14,NEPTUNE,350.451383,PISCES,20.451383,0,0,0,0,0,0.00750701
2021-12-14,PLUTO,295.398777,CAPRICORN,25.398777,0,0,0,0,0,0.02874472
2021-12-15,SUN,263.72568,SAGITTARIUS,23.72568,0,0,0,0,0,1.01702535
2021-12-15,MERCURY,272.760227,CAPRICORN,2.760227,0,0,0,0,0,1.57290242
2021-12-15,VENUS,296.179296,CAPRICORN,26.179296,0,0,0,0,0,0.15580528
2021-12-15,MARS,241.460187,SAGITTARIUS,1.460187,0,0,0,0,0,0.69991974
2021-12-15,JUPITER,327.556429,AQUARIUS,27.556429,0,0,0,0,0,0.16573074
2021-12-15,SATURN,310.225051,AQUARIUS,10.225051,0,0,0,0,0,0.09439397
2021-12-15,URANUS,41.304988,TAURUS,11.304988,1,0,0,0,0,-0.02721753
2021-12-15,NEPTUNE,350.459182,PISCES,20.459182,0,0,0,0,0,0.00809027
2021-12-15,PLUTO,295.427651,CAPRICORN,25.427651,0,0,0,0,0,0.02900286
2021-12-16,SUN,264.74279,SAGITTARIUS,24.74279,0,0,0,0,0,1.0171894
2021-12-16,MERCURY,274.333385,CAPRICORN,4.333385,0,0,0,0,0,1.573376
2021-12-16,VENUS,296.316003,CAPRICORN,26.316003,0,0,0,0,0,0.11746015
2021-12-16,MARS,242.160433,SAGITTARIUS,2.160433,0,0,0,0,0,0.70057118
2021-12-16,JUPITER,327.723175,AQUARIUS,27.723175,0,0,0,0,0,0.16775558
2021-12-16,SATURN,310.319937,AQUARIUS,10.319937,0,0,0,0,0,0.09537415
2021-12-16,URANUS,41.278105,TAURUS,11.278105,1,0,0,0,0,-0.02654728
2021-12-16,NEPTUNE,350.467564,PISCES,20.467564,0,0,0,0,0,0.00867232
2021-12-16,PLUTO,295.456781,CAPRICORN,25.456781,0,0,0,0,0,0.02925469
2021-12-17,SUN,265.760064,SAGITTARIUS,25.760064,0,0,0,0,0,1.01735458
2021-12-17,MERCURY,275.906885,CAPRICORN,5.906885,0,0,0,0,0,1.57357148
2021-12-17,VENUS,296.413923,CAPRICORN,26.413923,0,0,0,0,0,0.07824569
2021-12-17,MARS,242.861333,SAGITTARIUS,2.861333,0,0,0,0,0,0.70122723
2021-12-17,JUPITER,327.891931,AQUARIUS,27.891931,0,0,0,0,0,0.16974897
2021-12-17,SATURN,310.415794,AQUARIUS,10.415794,0,0,0,0,0,0.09633541
2021-12-17,URANUS,41.251897,TAURUS,11.251897,1,0,0,0,0,-0.02586743
2021-12-17,NEPTUNE,350.476526,PISCES,20.476526,0,0,0,0,0,0.00925133
2021-12-17,PLUTO,295.486159,CAPRICORN,25.486159,0,0,0,0,0,0.02949849
2021-12-18,SUN,266.777503,SAGITTARIUS,26.777503,0,0,0,0,0,1.01752019
2021-12-18,MERCURY,277.480398,CAPRICORN,7.480398,0,0,0,0,0,1.57338277
2021-12-18,VENUS,296.472232,CAPRICORN,26.472232,0,0,0,0,0,0.03825624
2021-12-18,MARS,243.56289,SAGITTARIUS,3.56289,0,0,0,0,0,0.70188641
2021-12-18,JUPITER,328.062663,AQUARIUS,28.062663,0,0,0,0,0,0.17171007
2021-12-18,SATURN,310.512602,AQUARIUS,10.512602,0,0,0,0,0,0.09727644
2021-12-18,URANUS,41.226373,TAURUS,11.226373,1,0,0,0,0,-0.02517966
2021-12-18,NEPTUNE,350.486066,PISCES,20.486066,0,0,0,0,0,0.0098258
2021-12-18,PLUTO,295.515776,CAPRICORN,25.515776,0,0,0,0,0,0.02973286
2021-12-19,SUN,267.795107,SAGITTARIUS,27.795107,0,0,0,0,0,1.01768564
2021-12-19,MERCURY,279.05348,CAPRICORN,9.05348,0,0,0,0,0,1.57268666
2021-12-19,VENUS,296.49021,CAPRICORN,26.49021,1,0,1,0,1,-0.00239425
2021-12-19,MARS,244.265108,SAGITTARIUS,4.265108,0,0,0,0,0,0.70254756
2021-12-19,JUPITER,328.235341,AQUARIUS,28.235341,0,0,0,0,0,0.17363846
2021-12-19,SATURN,310.61034,AQUARIUS,10.61034,0,0,0,0,0,0.09819645
2021-12-19,URANUS,41.20154,TAURUS,11.20154,1,0,0,0,0,-0.02448519
2021-12-19,NEPTUNE,350.496176,PISCES,20.496176,0,0,0,0,0,0.01039461
2021-12-19,PLUTO,295.545622,CAPRICORN,25.545622,0,0,0,0,0,0.02995674
2021-12-20,SUN,268.812877,SAGITTARIUS,28.812877,0,0,0,0,0,1.01785061
2021-12-20,MERCURY,280.625553,CAPRICORN,10.625553,0,0,0,0,0,1.57133982
2021-12-20,VENUS,296.467264,CAPRICORN,26.467264,1,0,0,0,0,-0.04357072
2021-12-20,MARS,244.967987,SAGITTARIUS,4.967987,0,0,0,0,0,0.70320982
2021-12-20,JUPITER,328.40993,AQUARIUS,28.40993,0,0,0,0,0,0.17553409
2021-12-20,SATURN,310.708988,AQUARIUS,10.708988,0,0,0,0,0,0.09909489
2021-12-20,URANUS,41.177404,TAURUS,11.177404,1,0,0,0,0,-0.02378483
2021-12-20,NEPTUNE,350.506853,PISCES,20.506853,0,0,0,0,0,0.0109571
2021-12-20,PLUTO,295.575686,CAPRICORN,25.575686,0,0,0,0,0,0.03016955
2021-12-21,SUN,269.830812,SAGITTARIUS,29.830812,0,0,0,0,0,1.01801492
2021-12-21,MERCURY,282.195885,CAPRICORN,12.195885,0,0,0,0,0,1.5691756
2021-12-21,VENUS,296.402942,CAPRICORN,26.402942,1,0,0,0,0,-0.08511602
2021-12-21,MARS,245.671529,SAGITTARIUS,5.671529,0,0,0,0,0,0.70387262
2021-12-21,JUPITER,328.586399,AQUARIUS,28.586399,0,0,0,0,0,0.17739742
2021-12-21,SATURN,310.808523,AQUARIUS,10.808523,0,0,0,0,0,0.09997182
2021-12-21,URANUS,41.153972,TAURUS,11.153972,1,0,0,0,0,-0.02307884
2021-12-21,NEPTUNE,350.518088,PISCES,20.518088,0,0,0,0,0,0.01151309
2021-12-21,PLUTO,295.605957,CAPRICORN,25.605957,0,0,0,0,0,0.03037116
2021-12-22,SUN,270.84891,CAPRICORN,0.84891,0,1,0,0,0,1.01817871
2021-12-22,MERCURY,283.763565,CAPRICORN,13.763565,0,0,0,0,0,1.56600044
2021-12-22,VENUS,296.296964,CAPRICORN,26.296964,1,0,0,0,0,-0.12685007
2021-12-22,MARS,246.375734,SAGITTARIUS,6.375734,0,0,0,0,0,0.70453593
2021-12-22,JUPITER,328.764715,AQUARIUS,28.764715,0,0,0,0,0,0.17922959
2021-12-22,SATURN,310.908925,AQUARIUS,10.908925,0,0,0,0,0,0.10082795
2021-12-22,URANUS,41.131248,TAURUS,11.131248,1,0,0,0,0,-0.02236676
2021-12-22,NEPTUNE,350.529877,PISCES,20.529877,0,0,0,0,0,0.01206313
2021-12-22,PLUTO,295.636425,CAPRICORN,25.636425,0,0,0,0,0,0.03056216
2021-12-23,SUN,271.867172,CAPRICORN,1.867172,0,0,0,0,0,1.01834238
2021-12-23,MERCURY,285.327472,CAPRICORN,15.327472,0,0,0,0,0,1.56158947
2021-12-23,VENUS,296.149242,CAPRICORN,26.149242,1,0,0,0,0,-0.16856991
2021-12-23,MARS,247.080603,SAGITTARIUS,7.080603,0,0,0,0,0,0.70520022
2021-12-23,JUPITER,328.944849,AQUARIUS,28.944849,0,0,0,0,0,0.1810324
2021-12-23,SATURN,311.010173,AQUARIUS,11.010173,0,0,0,0,0,0.10166465
2021-12-23,URANUS,41.10924,TAURUS,11.10924,1,0,0,0,0,-0.0216474
2021-12-23,NEPTUNE,350.542213,PISCES,20.542213,0,0,0,0,0,0.01260851
2021-12-23,PLUTO,295.667079,CAPRICORN,25.667079,0,0,0,0,0,0.03074389
2021-12-24,SUN,272.885598,CAPRICORN,2.885598,0,0,0,0,0,1.01850648
2021-12-24,MERCURY,286.886242,CAPRICORN,16.886242,0,0,0,0,0,1.55568143
2021-12-24,VENUS,295.9599,CAPRICORN,25.9599,1,0,0,0,0,-0.21004983
2021-12-24,MARS,247.786136,SAGITTARIUS,7.786136,0,0,0,0,0,0.70586636
2021-12-24,JUPITER,329.126771,AQUARIUS,29.126771,0,0,0,0,0,0.18280811
2021-12-24,SATURN,311.112248,AQUARIUS,11.112248,0,0,0,0,0,0.10248382
2021-12-24,URANUS,41.087956,TAURUS,11.087956,1,0,0,0,0,-0.02091889
2021-12-24,NEPTUNE,350.555092,PISCES,20.555092,0,0,0,0,0,0.01315105
2021-12-24,PLUTO,295.69791,CAPRICORN,25.69791,0,0,0,0,0,0.03091814
2021-12-25,SUN,273.904188,CAPRICORN,3.904188,0,0,0,0,0,1.01867136
2021-12-25,MERCURY,288.438231,CAPRICORN,18.438231,0,0,0,0,0,1.54797235
2021-12-25,VENUS,295.729301,CAPRICORN,25.729301,1,0,0,0,0,-0.25104261
2021-12-25,MARS,248.492338,SAGITTARIUS,8.492338,0,0,0,0,0,0.70653528
2021-12-25,JUPITER,329.310457,AQUARIUS,29.310457,0,0,0,0,0,0.18455918
2021-12-25,SATURN,311.215135,AQUARIUS,11.215135,0,0,0,0,0,0.10328753
2021-12-25,URANUS,41.067406,TAURUS,11.067406,1,0,0,0,0,-0.02017925
2021-12-25,NEPTUNE,350.568514,PISCES,20.568514,0,0,0,0,0,0.01369282
2021-12-25,PLUTO,295.728913,CAPRICORN,25.728913,0,0,0,0,0,0.03108704
2021-12-26,SUN,274.922943,CAPRICORN,4.922943,0,0,0,0,0,1.01883708
2021-12-26,MERCURY,289.981466,CAPRICORN,19.981466,0,0,0,0,0,1.5381092
2021-12-26,VENUS,295.458062,CAPRICORN,25.458062,1,0,0,0,0,-0.29128085
2021-12-26,MARS,249.19921,SAGITTARIUS,9.19921,0,0,0,0,0,0.70720786
2021-12-26,JUPITER,329.495883,AQUARIUS,29.495883,0,0,0,0,0,0.18628798
2021-12-26,SATURN,311.318819,AQUARIUS,11.318819,0,0,0,0,0,0.10407785
2021-12-26,URANUS,41.047602,TAURUS,11.047602,1,0,0,0,0,-0.01942636
2021-12-26,NEPTUNE,350.582478,PISCES,20.582478,0,0,0,0,0,0.01423596
2021-12-26,PLUTO,295.760083,CAPRICORN,25.760083,0,0,0,0,0,0.03125269
2021-12-27,SUN,275.941864,CAPRICORN,5.941864,0,0,0,0,0,1.01900307
2021-12-27,MERCURY,291.513592,CAPRICORN,21.513592,0,0,0,0,0,1.52568207
2021-12-27,VENUS,295.147081,CAPRICORN,25.147081,1,0,0,0,0,-0.33048026
2021-12-27,MARS,249.906756,SAGITTARIUS,9.906756,0,0,0,0,0,0.70788459
2021-12-27,JUPITER,329.683027,AQUARIUS,29.683027,0,0,0,0,0,0.18799675
2021-12-27,SATURN,311.423288,AQUARIUS,11.423288,0,0,0,0,0,0.10485678
2021-12-27,URANUS,41.028558,TAURUS,11.028558,1,0,0,0,0,-0.01865814
2021-12-27,NEPTUNE,350.596987,PISCES,20.596987,0,0,0,0,0,0.01478251
2021-12-27,PLUTO,295.791418,CAPRICORN,25.791418,0,0,0,0,0,0.03141715
2021-12-28,SUN,276.960951,CAPRICORN,6.960951,0,0,0,0,0,1.01916745
2021-12-28,MERCURY,293.031814,CAPRICORN,23.031814,0,0,0,0,0,1.51021619
2021-12-28,VENUS,294.797543,CAPRICORN,24.797543,1,0,0,0,0,-0.36834395
2021-12-28,MARS,250.614982,SAGITTARIUS,10.614982,0,0,0,0,0,0.70856525
2021-12-28,JUPITER,329.871871,AQUARIUS,29.871871,0,0,0,0,0,0.18968704
2021-12-28,SATURN,311.52853,AQUARIUS,11.52853,0,0,0,0,0,0.10562562
2021-12-28,URANUS,41.010291,TAURUS,11.010291,1,0,0,0,0,-0.01787314
2021-12-28,NEPTUNE,350.612045,PISCES,20.612045,0,0,0,0,0,0.01533396
2021-12-28,PLUTO,295.822918,CAPRICORN,25.822918,0,0,0,0,0,0.03158188
2021-12-29,SUN,277.9802,CAPRICORN,7.9802,0,0,0,0,0,1.01932579
2021-12-29,MERCURY,294.532825,CAPRICORN,24.532825,0,0,0,0,0,1.49116264
2021-12-29,VENUS,294.410935,CAPRICORN,24.410935,1,0,0,0,0,-0.4045687
2021-12-29,MARS,251.323889,SAGITTARIUS,11.323889,0,0,0,0,0,0.7092477
2021-12-29,JUPITER,330.062396,PISCES,0.062396,0,1,0,0,0,0.19135851
2021-12-29,SATURN,311.634536,AQUARIUS,11.634536,0,0,0,0,0,0.10638396
2021-12-29,URANUS,40.992817,TAURUS,10.992817,1,0,0,0,0,-0.01707145
2021-12-29,NEPTUNE,350.627657,PISCES,20.627657,0,0,0,0,0,0.01589015
2021-12-29,PLUTO,295.854583,CAPRICORN,25.854583,0,0,0,0,0,0.03174671
2021-12-30,SUN,278.999601,CAPRICORN,8.999601,0,0,0,0,0,1.01947019
2021-12-30,MERCURY,296.012729,CAPRICORN,26.012729,0,0,0,0,0,1.46788938
2021-12-30,VENUS,293.989049,CAPRICORN,23.989049,1,0,0,0,0,-0.43885102
2021-12-30,MARS,252.033478,SAGITTARIUS,12.033478,0,0,0,0,0,0.70992712
2021-12-30,JUPITER,330.254582,PISCES,0.254582,0,0,0,0,0,0.19300791
2021-12-30,SATURN,311.741294,AQUARIUS,11.741294,0,0,0,0,0,0.1071286
2021-12-30,URANUS,40.976153,TAURUS,10.976153,1,0,0,0,0,-0.01625581
2021-12-30,NEPTUNE,350.643827,PISCES,20.643827,0,0,0,0,0,0.01644826
2021-12-30,PLUTO,295.886411,CAPRICORN,25.886411,0,0,0,0,0,0.03190883
2021-12-31,SUN,280.019134,CAPRICORN,10.019134,0,0,0,0,0,1.01958974
2021-12-31,MERCURY,297.466953,CAPRICORN,27.466953,0,0,0,0,0,1.43967393
2021-12-31,VENUS,293.533977,CAPRICORN,23.533977,1,0,0,0,0,-0.47089105
2021-12-31,MARS,252.743741,SAGITTARIUS,12.743741,0,0,0,0,0,0.71059625
2021-12-31,JUPITER,330.448404,PISCES,0.448404,0,0,0,0,0,0.19462896
2021-12-31,SATURN,311.848788,AQUARIUS,11.848788,0,0,0,0,0,0.10785356
2021-12-31,URANUS,40.960309,TAURUS,10.960309,1,0,0,0,0,-0.01543184
2021-12-31,NEPTUNE,350.660553,PISCES,20.660553,0,0,0,0,0,0.01700271
2021-12-31,PLUTO,295.918399,CAPRICORN,25.918399,0,0,0,0,0,0.0320627
