Date,Planet,Ecliptic_Longitude,Sign_ID,Degree_In_Sign,Retrograde_Flag,Sign_Ingress_Flag,Retrograde_Start_Flag,Retrograde_End_Flag,Station_Flag,Speed
2020-01-01,SUN,280.51924,CAPRICORN,10.51924,0,0,0,0,0,1.01943123
2020-01-01,MERCURY,275.171394,CAPRICORN,5.171394,0,0,0,0,0,1.57739127
2020-01-01,VENUS,315.022291,AQUARIUS,15.022291,0,0,0,0,0,1.22534588
2020-01-01,MARS,238.720859,SCORPIO,28.720859,0,0,0,0,0,0.67256893
2020-01-01,JUPITER,276.785549,CAPRICORN,6.785549,0,0,0,0,0,0.23038749
2020-01-01,SATURN,291.453466,CAPRICORN,21.453466,0,0,0,0,0,0.11708514
2020-01-01,URANUS,32.689806,TAURUS,2.689806,1,0,0,0,0,-0.00831365
2020-01-01,NEPTUNE,346.274222,PISCES,16.274222,0,0,0,0,0,0.01950727
2020-01-01,PLUTO,292.402028,CAPRICORN,22.402028,0,0,0,0,0,0.03297073
2020-01-02,SUN,281.538649,CAPRICORN,11.538649,0,0,0,0,0,1.01938004
2020-01-02,MERCURY,276.751395,CAPRICORN,6.751395,0,0,0,0,0,1.58264981
2020-01-02,VENUS,316.247252,AQUARIUS,16.247252,0,0,0,0,0,1.22457014
2020-01-02,MARS,239.393584,SCORPIO,29.393584,0,0,0,0,0,0.67288159
2020-01-02,JUPITER,277.015886,CAPRICORN,7.015886,0,0,0,0,0,0.23028262
2020-01-02,SATURN,291.570662,CAPRICORN,21.570662,0,0,0,0,0,0.11730349
2020-01-02,URANUS,32.681917,TAURUS,2.681917,1,0,0,0,0,-0.00746294
2020-01-02,NEPTUNE,346.29398,PISCES,16.29398,0,0,0,0,0,0.02000936
2020-01-02,PLUTO,292.435044,CAPRICORN,22.435044,0,0,0,0,0,0.03305919
2020-01-03,SUN,282.558002,CAPRICORN,12.558002,0,0,0,0,0,1.01932025
2020-01-03,MERCURY,278.336777,CAPRICORN,8.336777,0,0,0,0,0,1.58815608
2020-01-03,VENUS,317.471423,AQUARIUS,17.471423,0,0,0,0,0,1.22376666
2020-01-03,MARS,240.066626,SAGITTARIUS,0.066626,0,1,0,0,0,0.67320117
2020-01-03,JUPITER,277.246109,CAPRICORN,7.246109,0,0,0,0,0,0.23015988
2020-01-03,SATURN,291.688068,CAPRICORN,21.688068,0,0,0,0,0,0.11750617
2020-01-03,URANUS,32.674882,TAURUS,2.674882,1,0,0,0,0,-0.00660498
2020-01-03,NEPTUNE,346.31424,PISCES,16.31424,0,0,0,0,0,0.02051013
2020-01-03,PLUTO,292.468146,CAPRICORN,22.468146,0,0,0,0,0,0.03314369
2020-01-04,SUN,283.577292,CAPRICORN,13.577292,0,0,0,0,0,1.01925407
2020-01-04,MERCURY,279.927792,CAPRICORN,9.927792,0,0,0,0,0,1.59391609
2020-01-04,VENUS,318.694777,AQUARIUS,18.694777,0,0,0,0,0,1.22293587
2020-01-04,MARS,240.739991,SAGITTARIUS,0.739991,0,0,0,0,0,0.67352868
2020-01-04,JUPITER,277.476201,CAPRICORN,7.476201,0,0,0,0,0,0.23001932
2020-01-04,SATURN,291.805669,CAPRICORN,21.805669,0,0,0,0,0,0.11769346
2020-01-04,URANUS,32.668709,TAURUS,2.668709,1,0,0,0,0,-0.00574026
2020-01-04,NEPTUNE,346.335,PISCES,16.335,0,0,0,0,0,0.0210095
2020-01-04,PLUTO,292.50133,CAPRICORN,22.50133,0,0,0,0,0,0.03322431
2020-01-05,SUN,284.596513,CAPRICORN,14.596513,0,0,0,0,0,1.01918338
2020-01-05,MERCURY,281.524696,CAPRICORN,11.524696,0,0,0,0,0,1.59993232
2020-01-05,VENUS,319.917287,AQUARIUS,19.917287,0,0,0,0,0,1.22207793
2020-01-05,MARS,241.413687,SAGITTARIUS,1.413687,0,0,0,0,0,0.67386463
2020-01-05,JUPITER,277.706143,CAPRICORN,7.706143,0,0,0,0,0,0.22986079
2020-01-05,SATURN,291.92345,CAPRICORN,21.92345,0,0,0,0,0,0.11786526
2020-01-05,URANUS,32.663404,TAURUS,2.663404,1,0,0,0,0,-0.00486957
2020-01-05,NEPTUNE,346.356259,PISCES,16.356259,0,0,0,0,0,0.02150697
2020-01-05,PLUTO,292.534593,CAPRICORN,22.534593,0,0,0,0,0,0.03330071
2020-01-06,SUN,285.615662,CAPRICORN,15.615662,0,0,0,0,0,1.01910972
2020-01-06,MERCURY,283.127743,CAPRICORN,13.127743,0,0,0,0,0,1.60620348
2020-01-06,VENUS,321.138926,AQUARIUS,21.138926,0,0,0,0,0,1.22119266
2020-01-06,MARS,242.087724,SAGITTARIUS,2.087724,0,0,0,0,0,0.67420907
2020-01-06,JUPITER,277.935917,CAPRICORN,7.935917,0,0,0,0,0,0.22968372
2020-01-06,SATURN,292.041395,CAPRICORN,22.041395,0,0,0,0,0,0.11802097
2020-01-06,URANUS,32.658972,TAURUS,2.658972,1,0,0,0,0,-0.00399422
2020-01-06,NEPTUNE,346.378013,PISCES,16.378013,0,0,0,0,0,0.02200148
2020-01-06,PLUTO,292.567931,CAPRICORN,22.567931,0,0,0,0,0,0.0333721
2020-01-07,SUN,286.634736,CAPRICORN,16.634736,0,0,0,0,0,1.01903417
2020-01-07,MERCURY,284.737186,CAPRICORN,14.737186,0,0,0,0,0,1.61272443
2020-01-07,VENUS,322.359665,AQUARIUS,22.359665,0,0,0,0,0,1.22027947
2020-01-07,MARS,242.762109,SAGITTARIUS,2.762109,0,0,0,0,0,0.67456119
2020-01-07,JUPITER,278.165504,CAPRICORN,8.165504,0,0,0,0,0,0.22948691
2020-01-07,SATURN,292.159487,CAPRICORN,22.159487,0,0,0,0,0,0.11815934
2020-01-07,URANUS,32.655416,TAURUS,2.655416,1,0,0,0,0,-0.00311625
2020-01-07,NEPTUNE,346.400261,PISCES,16.400261,0,0,0,0,0,0.02249131
2020-01-07,PLUTO,292.601336,CAPRICORN,22.601336,0,0,0,0,0,0.03343698
2020-01-08,SUN,287.653734,CAPRICORN,17.653734,0,0,0,0,0,1.01895742
2020-01-08,MERCURY,286.353272,CAPRICORN,16.353272,0,0,0,0,0,1.61948545
2020-01-08,VENUS,323.579476,AQUARIUS,23.579476,0,0,0,0,0,1.21933746
2020-01-08,MARS,243.43685,SAGITTARIUS,3.43685,0,0,0,0,0,0.67491942
2020-01-08,JUPITER,278.394884,CAPRICORN,8.394884,0,0,0,0,0,0.22926835
2020-01-08,SATURN,292.277708,CAPRICORN,22.277708,0,0,0,0,0,0.1182785
2020-01-08,URANUS,32.652739,TAURUS,2.652739,1,0,0,0,0,-0.00223851
2020-01-08,NEPTUNE,346.422994,PISCES,16.422994,0,0,0,0,0,0.02297392
2020-01-08,PLUTO,292.634802,CAPRICORN,22.634802,0,0,0,0,0,0.03349318
2020-01-09,SUN,288.672655,CAPRICORN,18.672655,0,0,0,0,0,1.01887979
2020-01-09,MERCURY,287.976232,CAPRICORN,17.976232,0,0,0,0,0,1.62647138
2020-01-09,VENUS,324.798331,AQUARIUS,24.798331,0,0,0,0,0,1.21836587
2020-01-09,MARS,244.111951,SAGITTARIUS,4.111951,0,0,0,0,0,0.67528137
2020-01-09,JUPITER,278.624034,CAPRICORN,8.624034,0,0,0,0,0,0.22902558
2020-01-09,SATURN,292.396037,CAPRICORN,22.396037,0,0,0,0,0,0.11837649
2020-01-09,URANUS,32.650938,TAURUS,2.650938,1,0,0,0,0,-0.00136417
2020-01-09,NEPTUNE,346.446205,PISCES,16.446205,0,0,0,0,0,0.02344634
2020-01-09,PLUTO,292.668319,CAPRICORN,22.668319,0,0,0,0,0,0.03353835
2020-01-10,SUN,289.691497,CAPRICORN,19.691497,0,0,0,0,0,1.01880195
2020-01-10,MERCURY,289.606282,CAPRICORN,19.606282,0,0,0,0,0,1.63366024
2020-01-10,VENUS,326.016199,AQUARIUS,26.016199,0,0,0,0,0,1.21736488
2020-01-10,MARS,244.787414,SAGITTARIUS,4.787414,0,0,0,0,0,0.67564458
2020-01-10,JUPITER,278.852927,CAPRICORN,8.852927,0,0,0,0,0,0.2287565
2020-01-10,SATURN,292.514454,CAPRICORN,22.514454,0,0,0,0,0,0.11845293
2020-01-10,URANUS,32.650009,TAURUS,2.650009,1,0,0,0,0,-0.00049603
2020-01-10,NEPTUNE,346.469883,PISCES,16.469883,0,0,0,0,0,0.02390604
2020-01-10,PLUTO,292.701875,CAPRICORN,22.701875,0,0,0,0,0,0.03357128
2020-01-11,SUN,290.710262,CAPRICORN,20.710262,0,0,0,0,0,1.01872536
2020-01-11,MERCURY,291.243611,CAPRICORN,21.243611,0,0,0,0,0,1.64102566
2020-01-11,VENUS,327.233052,AQUARIUS,27.233052,0,0,0,0,0,1.21633642
2020-01-11,MARS,245.463241,SAGITTARIUS,5.463241,0,0,0,0,0,0.67600751
2020-01-11,JUPITER,279.081538,CAPRICORN,9.081538,0,0,0,0,0,0.2284604
2020-01-11,SATURN,292.632938,CAPRICORN,22.632938,0,0,0,0,0,0.11851402
2020-01-11,URANUS,32.649944,TAURUS,2.649944,0,0,0,1,1,0.00036496
2020-01-11,NEPTUNE,346.494013,PISCES,16.494013,0,0,0,0,0,0.02435215
2020-01-11,PLUTO,292.735459,CAPRICORN,22.735459,0,0,0,0,0,0.03359433
2020-01-12,SUN,291.728952,CAPRICORN,21.728952,0,0,0,0,0,1.01865256
2020-01-12,MERCURY,292.888382,CAPRICORN,22.888382,0,0,0,0,0,1.64854121
2020-01-12,VENUS,328.448864,AQUARIUS,28.448864,0,0,0,0,0,1.2152847
2020-01-12,MARS,246.13943,SAGITTARIUS,6.13943,0,0,0,0,0,0.67637016
2020-01-12,JUPITER,279.30984,CAPRICORN,9.30984,0,0,0,0,0,0.22813876
2020-01-12,SATURN,292.751491,CAPRICORN,22.751491,0,0,0,0,0,0.11860959
2020-01-12,URANUS,32.650737,TAURUS,2.650737,0,0,0,0,0,0.00122026
2020-01-12,NEPTUNE,346.518583,PISCES,16.518583,0,0,0,0,0,0.02478622
2020-01-12,PLUTO,292.769061,CAPRICORN,22.769061,0,0,0,0,0,0.03360498
2020-01-13,SUN,292.747573,CAPRICORN,22.747573,0,0,0,0,0,1.01858669
2020-01-13,MERCURY,294.540731,CAPRICORN,24.540731,0,0,0,0,0,1.65617429
2020-01-13,VENUS,329.663616,AQUARIUS,29.663616,0,0,0,0,0,1.2142152
2020-01-13,MARS,246.815983,SAGITTARIUS,6.815983,0,0,0,0,0,0.67673412
2020-01-13,JUPITER,279.537809,CAPRICORN,9.537809,0,0,0,0,0,0.22779497
2020-01-13,SATURN,292.870715,CAPRICORN,22.870715,0,0,0,0,0,0.1220888
2020-01-13,URANUS,32.652383,TAURUS,2.652383,0,0,0,0,0,0.00207377
2020-01-13,NEPTUNE,346.543582,PISCES,16.543582,0,0,0,0,0,0.02521214
2020-01-13,PLUTO,292.802556,CAPRICORN,22.802556,0,0,0,0,0,0.03328541
2020-01-14,SUN,293.766132,CAPRICORN,23.766132,0,0,0,0,0,1.01853008
2020-01-14,MERCURY,296.200754,CAPRICORN,26.200754,0,0,0,0,0,1.66388125
2020-01-14,VENUS,330.877291,PISCES,0.877291,0,1,0,0,0,1.21313336
2020-01-14,MARS,247.492901,SAGITTARIUS,7.492901,0,0,0,0,0,0.67710149
2020-01-14,JUPITER,279.765425,CAPRICORN,9.765425,0,0,0,0,0,0.22743322
2020-01-14,SATURN,292.988233,CAPRICORN,22.988233,0,0,0,0,0,0.11867293
2020-01-14,URANUS,32.654885,TAURUS,2.654885,0,0,0,0,0,0.00293044
2020-01-14,NEPTUNE,346.569005,PISCES,16.569005,0,0,0,0,0,0.02563481
2020-01-14,PLUTO,292.836002,CAPRICORN,22.836002,0,0,0,0,0,0.03357374
2020-01-15,SUN,294.784639,CAPRICORN,24.784639,0,0,0,0,0,1.01848296
2020-01-15,MERCURY,297.868498,CAPRICORN,27.868498,0,0,0,0,0,1.67160605
2020-01-15,VENUS,332.08988,PISCES,2.08988,0,0,0,0,0,1.21204242
2020-01-15,MARS,248.170189,SAGITTARIUS,8.170189,0,0,0,0,0,0.67747348
2020-01-15,JUPITER,279.992671,CAPRICORN,9.992671,0,0,0,0,0,0.22705664
2020-01-15,SATURN,293.106799,CAPRICORN,23.106799,0,0,0,0,0,0.11850912
2020-01-15,URANUS,32.658247,TAURUS,2.658247,0,0,0,0,0,0.00379441
2020-01-15,NEPTUNE,346.594852,PISCES,16.594852,0,0,0,0,0,0.02605829
2020-01-15,PLUTO,292.869568,CAPRICORN,22.869568,0,0,0,0,0,0.03355001
2020-01-16,SUN,295.803102,CAPRICORN,25.803102,0,0,0,0,0,1.01844254
2020-01-16,MERCURY,299.543947,CAPRICORN,29.543947,0,0,0,0,0,1.67927812
2020-01-16,VENUS,333.301373,PISCES,3.301373,0,0,0,0,0,1.21094233
2020-01-16,MARS,248.84785,SAGITTARIUS,8.84785,0,0,0,0,0,0.67784926
2020-01-16,JUPITER,280.219534,CAPRICORN,10.219534,0,0,0,0,0,0.2266661
2020-01-16,SATURN,293.225279,CAPRICORN,23.225279,0,0,0,0,0,0.11845223
2020-01-16,URANUS,32.662477,TAURUS,2.662477,0,0,0,0,0,0.00466751
2020-01-16,NEPTUNE,346.621123,PISCES,16.621123,0,0,0,0,0,0.0264844
2020-01-16,PLUTO,292.903104,CAPRICORN,22.903104,0,0,0,0,0,0.03352192
2020-01-17,SUN,296.821527,CAPRICORN,26.821527,0,0,0,0,0,1.01840323
2020-01-17,MERCURY,301.227006,AQUARIUS,1.227006,0,1,0,0,0,1.68681031
2020-01-17,VENUS,334.511761,PISCES,4.511761,0,0,0,0,0,1.20982939
2020-01-17,MARS,249.525889,SAGITTARIUS,9.525889,0,0,0,0,0,0.67822587
2020-01-17,JUPITER,280.445999,CAPRICORN,10.445999,0,0,0,0,0,0.2262599
2020-01-17,SATURN,293.343705,CAPRICORN,23.343705,0,0,0,0,0,0.11839877
2020-01-17,URANUS,32.667584,TAURUS,2.667584,0,0,0,0,0,0.00554895
2020-01-17,NEPTUNE,346.647821,PISCES,16.647821,0,0,0,0,0,0.02691236
2020-01-17,PLUTO,292.936614,CAPRICORN,22.936614,0,0,0,0,0,0.03349952
2020-01-18,SUN,297.839909,CAPRICORN,27.839909,0,0,0,0,0,1.01835761
2020-01-18,MERCURY,302.917484,AQUARIUS,2.917484,0,0,0,0,0,1.69409713
2020-01-18,VENUS,335.721027,PISCES,5.721027,0,0,0,0,0,1.2086976
2020-01-18,MARS,250.204302,SAGITTARIUS,10.204302,0,0,0,0,0,0.6785989
2020-01-18,JUPITER,280.672048,CAPRICORN,10.672048,0,0,0,0,0,0.22583442
2020-01-18,SATURN,293.462073,CAPRICORN,23.462073,0,0,0,0,0,0.11833485
2020-01-18,URANUS,32.673576,TAURUS,2.673576,0,0,0,0,0,0.00643589
2020-01-18,NEPTUNE,346.674948,PISCES,16.674948,0,0,0,0,0,0.02733931
2020-01-18,PLUTO,292.970103,CAPRICORN,22.970103,0,0,0,0,0,0.03347657
2020-01-19,SUN,298.858239,CAPRICORN,28.858239,0,0,0,0,0,1.01829784
2020-01-19,MERCURY,304.615075,AQUARIUS,4.615075,0,0,0,0,0,1.70101362
2020-01-19,VENUS,336.929149,PISCES,6.929149,0,0,0,0,0,1.20753939
2020-01-19,MARS,250.883085,SAGITTARIUS,10.883085,0,0,0,0,0,0.67896358
2020-01-19,JUPITER,280.897661,CAPRICORN,10.897661,0,0,0,0,0,0.22538536
2020-01-19,SATURN,293.580369,CAPRICORN,23.580369,0,0,0,0,0,0.11825396
2020-01-19,URANUS,32.680457,TAURUS,2.680457,0,0,0,0,0,0.00732446
2020-01-19,NEPTUNE,346.702499,PISCES,16.702499,0,0,0,0,0,0.02776154
2020-01-19,PLUTO,293.003566,CAPRICORN,23.003566,0,0,0,0,0,0.03344805
2020-01-20,SUN,299.8765,CAPRICORN,29.8765,0,0,0,0,0,1.0182168
2020-01-20,MERCURY,306.319337,AQUARIUS,6.319337,0,0,0,0,0,1.70741271
2020-01-20,VENUS,338.136096,PISCES,8.136096,0,0,0,0,0,1.20634744
2020-01-20,MARS,251.562227,SAGITTARIUS,11.562227,0,0,0,0,0,0.67931589
2020-01-20,JUPITER,281.122811,CAPRICORN,11.122811,0,0,0,0,0,0.22490866
2020-01-20,SATURN,293.698574,CAPRICORN,23.698574,0,0,0,0,0,0.11815153
2020-01-20,URANUS,32.688225,TAURUS,2.688225,0,0,0,0,0,0.00821095
2020-01-20,NEPTUNE,346.730468,PISCES,16.730468,0,0,0,0,0,0.02817542
2020-01-20,PLUTO,293.036996,CAPRICORN,23.036996,0,0,0,0,0,0.03340992
2020-01-21,SUN,300.894667,AQUARIUS,0.894667,0,1,0,0,0,1.01810894
2020-01-21,MERCURY,308.029669,AQUARIUS,8.029669,0,0,0,0,0,1.71312282
2020-01-21,VENUS,339.341832,PISCES,9.341832,0,0,0,0,0,1.20511504
2020-01-21,MARS,252.241713,SAGITTARIUS,12.241713,0,0,0,0,0,0.6796532
2020-01-21,JUPITER,281.347469,CAPRICORN,11.347469,0,0,0,0,0,0.2244013
2020-01-21,SATURN,293.816665,CAPRICORN,23.816665,0,0,0,0,0,0.11802439
2020-01-21,URANUS,32.696877,TAURUS,2.696877,0,0,0,0,0,0.00909232
2020-01-21,NEPTUNE,346.758846,PISCES,16.758846,0,0,0,0,0,0.02857811
2020-01-21,PLUTO,293.070382,CAPRICORN,23.070382,0,0,0,0,0,0.03335926
2020-01-22,SUN,301.912711,AQUARIUS,1.912711,0,0,0,0,0,1.01797086
2020-01-22,MERCURY,309.745284,AQUARIUS,9.745284,0,0,0,0,0,1.71794355
2020-01-22,VENUS,340.546312,PISCES,10.546312,0,0,0,0,0,1.20383696
2020-01-22,MARS,252.921529,SAGITTARIUS,12.921529,0,0,0,0,0,0.67997446
2020-01-22,JUPITER,281.571603,CAPRICORN,11.571603,0,0,0,0,0,0.22386163
2020-01-22,SATURN,293.934615,CAPRICORN,23.934615,0,0,0,0,0,0.11787073
2020-01-22,URANUS,32.706407,TAURUS,2.706407,0,0,0,0,0,0.00996672
2020-01-22,NEPTUNE,346.787621,PISCES,16.787621,0,0,0,0,0,0.02896794
2020-01-22,PLUTO,293.103711,CAPRICORN,23.103711,0,0,0,0,0,0.03329449
2020-01-23,SUN,302.930601,AQUARIUS,2.930601,0,0,0,0,0,1.01780123
2020-01-23,MERCURY,311.465179,AQUARIUS,11.465179,0,0,0,0,0,1.72164139
2020-01-23,VENUS,341.74949,PISCES,11.74949,0,0,0,0,0,1.20250968
2020-01-23,MARS,253.601658,SAGITTARIUS,13.601658,0,0,0,0,0,0.68028042
2020-01-23,JUPITER,281.795182,CAPRICORN,11.795182,0,0,0,0,0,0.22328943
2020-01-23,SATURN,294.052398,CAPRICORN,24.052398,0,0,0,0,0,0.11769028
2020-01-23,URANUS,32.716808,TAURUS,2.716808,0,0,0,0,0,0.0108335
2020-01-23,NEPTUNE,346.816778,PISCES,16.816778,0,0,0,0,0,0.02934455
2020-01-23,PLUTO,293.136967,CAPRICORN,23.136967,0,0,0,0,0,0.03321545
2020-01-24,SUN,303.948306,AQUARIUS,3.948306,0,0,0,0,0,1.01760093
2020-01-24,MERCURY,313.188098,AQUARIUS,13.188098,0,0,0,0,0,1.72394397
2020-01-24,VENUS,342.951315,PISCES,12.951315,0,0,0,0,0,1.20113131
2020-01-24,MARS,254.282087,SAGITTARIUS,14.282087,0,0,0,0,0,0.68057333
2020-01-24,JUPITER,282.018172,CAPRICORN,12.018172,0,0,0,0,0,0.22268594
2020-01-24,SATURN,294.169987,CAPRICORN,24.169987,0,0,0,0,0,0.11748417
2020-01-24,URANUS,32.728072,TAURUS,2.728072,0,0,0,0,0,0.01169329
2020-01-24,NEPTUNE,346.846306,PISCES,16.846306,0,0,0,0,0,0.02970883
2020-01-24,PLUTO,293.170138,CAPRICORN,23.170138,0,0,0,0,0,0.0331232
2020-01-25,SUN,304.965797,AQUARIUS,4.965797,0,0,0,0,0,1.01737234
2020-01-25,MERCURY,314.912492,AQUARIUS,14.912492,0,0,0,0,0,1.7245342
2020-01-25,VENUS,344.151736,PISCES,14.151736,0,0,0,0,0,1.19970155
2020-01-25,MARS,254.962803,SAGITTARIUS,14.962803,0,0,0,0,0,0.68085646
2020-01-25,JUPITER,282.240545,CAPRICORN,12.240545,0,0,0,0,0,0.22205334
2020-01-25,SATURN,294.287359,CAPRICORN,24.287359,0,0,0,0,0,0.11725441
2020-01-25,URANUS,32.740193,TAURUS,2.740193,0,0,0,0,0,0.01254757
2020-01-25,NEPTUNE,346.876192,PISCES,16.876192,0,0,0,0,0,0.0300626
2020-01-25,PLUTO,293.20321,CAPRICORN,23.20321,0,0,0,0,0,0.03301976
2020-01-26,SUN,305.983046,AQUARIUS,5.983046,0,0,0,0,0,1.0171186
2020-01-26,MERCURY,316.636468,AQUARIUS,16.636468,0,0,0,0,0,1.72304361
2020-01-26,VENUS,345.350701,PISCES,15.350701,0,0,0,0,0,1.19822064
2020-01-26,MARS,255.643799,SAGITTARIUS,15.643799,0,0,0,0,0,0.68113334
2020-01-26,JUPITER,282.462271,CAPRICORN,12.462271,0,0,0,0,0,0.22139411
2020-01-26,SATURN,294.40449,CAPRICORN,24.40449,0,0,0,0,0,0.11700335
2020-01-26,URANUS,32.753166,TAURUS,2.753166,0,0,0,0,0,0.01339809
2020-01-26,NEPTUNE,346.906428,PISCES,16.906428,0,0,0,0,0,0.03040786
2020-01-26,PLUTO,293.236174,CAPRICORN,23.236174,0,0,0,0,0,0.03290743
2020-01-27,SUN,307.00003,AQUARIUS,7.00003,0,0,0,0,0,1.01684303
2020-01-27,MERCURY,318.357739,AQUARIUS,18.357739,0,0,0,0,0,1.71904565
2020-01-27,VENUS,346.548161,PISCES,16.548161,0,0,0,0,0,1.19668904
2020-01-27,MARS,256.32507,SAGITTARIUS,16.32507,0,0,0,0,0,0.6814073
2020-01-27,JUPITER,282.683325,CAPRICORN,12.683325,0,0,0,0,0,0.22071056
2020-01-27,SATURN,294.52136,CAPRICORN,24.52136,0,0,0,0,0,0.11673318
2020-01-27,URANUS,32.766988,TAURUS,2.766988,0,0,0,0,0,0.01424637
2020-01-27,NEPTUNE,346.937005,PISCES,16.937005,0,0,0,0,0,0.03074648
2020-01-27,PLUTO,293.269023,CAPRICORN,23.269023,0,0,0,0,0,0.03278816
2020-01-28,SUN,308.01673,AQUARIUS,8.01673,0,0,0,0,0,1.01654853
2020-01-28,MERCURY,320.073555,AQUARIUS,20.073555,0,0,0,0,0,1.71204941
2020-01-28,VENUS,347.744063,PISCES,17.744063,0,0,0,0,0,1.19510699
2020-01-28,MARS,257.006614,SAGITTARIUS,17.006614,0,0,0,0,0,0.68168102
2020-01-28,JUPITER,282.903685,CAPRICORN,12.903685,0,0,0,0,0,0.22000451
2020-01-28,SATURN,294.637951,CAPRICORN,24.637951,0,0,0,0,0,0.11644549
2020-01-28,URANUS,32.781658,TAURUS,2.781658,0,0,0,0,0,0.01509346
2020-01-28,NEPTUNE,346.967919,PISCES,16.967919,0,0,0,0,0,0.03107982
2020-01-28,PLUTO,293.301749,CAPRICORN,23.301749,0,0,0,0,0,0.03266353
2020-01-29,SUN,309.033126,AQUARIUS,9.033126,0,0,0,0,0,1.01623775
2020-01-29,MERCURY,321.780646,AQUARIUS,21.780646,0,0,0,0,0,1.70149402
2020-01-29,VENUS,348.938359,PISCES,18.938359,0,0,0,0,0,1.19347441
2020-01-29,MARS,257.688434,SAGITTARIUS,17.688434,0,0,0,0,0,0.68195668
2020-01-29,JUPITER,283.123328,CAPRICORN,13.123328,0,0,0,0,0,0.21927723
2020-01-29,SATURN,294.754246,CAPRICORN,24.754246,0,0,0,0,0,0.11614151
2020-01-29,URANUS,32.797175,TAURUS,2.797175,0,0,0,0,0,0.01593986
2020-01-29,NEPTUNE,346.999163,PISCES,16.999163,0,0,0,0,0,0.03140869
2020-01-29,PLUTO,293.334349,CAPRICORN,23.334349,0,0,0,0,0,0.03253452
2020-01-30,SUN,310.049205,AQUARIUS,10.049205,0,0,0,0,0,1.01591296
2020-01-30,MERCURY,323.47514,AQUARIUS,23.47514,0,0,0,0,0,1.68674484
2020-01-30,VENUS,350.130996,PISCES,20.130996,0,0,0,0,0,1.19179096
2020-01-30,MARS,258.37053,SAGITTARIUS,18.37053,0,0,0,0,0,0.68223587
2020-01-30,JUPITER,283.342233,CAPRICORN,13.342233,0,0,0,0,0,0.21852955
2020-01-30,SATURN,294.870229,CAPRICORN,24.870229,0,0,0,0,0,0.11582189
2020-01-30,URANUS,32.813538,TAURUS,2.813538,0,0,0,0,0,0.0167857
2020-01-30,NEPTUNE,347.030735,PISCES,17.030735,0,0,0,0,0,0.03173346
2020-01-30,PLUTO,293.366817,CAPRICORN,23.366817,0,0,0,0,0,0.03240167
2020-01-31,SUN,311.064952,AQUARIUS,11.064952,0,0,0,0,0,1.01557608
2020-01-31,MERCURY,325.152495,AQUARIUS,25.152495,0,0,0,0,0,1.66709106
2020-01-31,VENUS,351.321924,PISCES,21.321924,0,0,0,0,0,1.19005605
2020-01-31,MARS,259.052908,SAGITTARIUS,19.052908,0,0,0,0,0,0.6825197
2020-01-31,JUPITER,283.560381,CAPRICORN,13.560381,0,0,0,0,0,0.21776183
2020-01-31,SATURN,294.985885,CAPRICORN,24.985885,0,0,0,0,0,0.11548686
2020-01-31,URANUS,32.830746,TAURUS,2.830746,0,0,0,0,0,0.01763056
2020-01-31,NEPTUNE,347.062629,PISCES,17.062629,0,0,0,0,0,0.03205407
2020-01-31,PLUTO,293.399151,CAPRICORN,23.399151,0,0,0,0,0,0.03226507
2020-02-01,SUN,312.080358,AQUARIUS,12.080358,0,0,0,0,0,1.01522878
2020-02-01,MERCURY,326.80742,AQUARIUS,26.80742,0,0,0,0,0,1.64174763
2020-02-01,VENUS,352.511092,PISCES,22.511092,0,0,0,0,0,1.18826863
2020-02-01,MARS,259.735572,SAGITTARIUS,19.735572,0,0,0,0,0,0.68280888
2020-02-01,JUPITER,283.777751,CAPRICORN,13.777751,0,0,0,0,0,0.21697404
2020-02-01,SATURN,295.101198,CAPRICORN,25.101198,0,0,0,0,0,0.11513631
2020-02-01,URANUS,32.848798,TAURUS,2.848798,0,0,0,0,0,0.01847376
2020-02-01,NEPTUNE,347.094842,PISCES,17.094842,0,0,0,0,0,0.03237005
2020-02-01,PLUTO,293.431347,CAPRICORN,23.431347,0,0,0,0,0,0.03212435
2020-02-02,SUN,313.095411,AQUARIUS,13.095411,0,0,0,0,0,1.01487234
2020-02-02,MERCURY,328.433803,AQUARIUS,28.433803,0,0,0,0,0,1.60986115
2020-02-02,VENUS,353.698445,PISCES,23.698445,0,0,0,0,0,1.18642743
2020-02-02,MARS,260.418529,SAGITTARIUS,20.418529,0,0,0,0,0,0.68310371
2020-02-02,JUPITER,283.994323,CAPRICORN,13.994323,0,0,0,0,0,0.21616577
2020-02-02,SATURN,295.216152,CAPRICORN,25.216152,0,0,0,0,0,0.11476964
2020-02-02,URANUS,32.867693,TAURUS,2.867693,0,0,0,0,0,0.01931417
2020-02-02,NEPTUNE,347.127368,PISCES,17.127368,0,0,0,0,0,0.03268055
2020-02-02,PLUTO,293.463399,CAPRICORN,23.463399,0,0,0,0,0,0.03197883
2020-02-03,SUN,314.110104,AQUARIUS,14.110104,0,0,0,0,0,1.01450797
2020-02-03,MERCURY,330.02465,PISCES,0.02465,0,1,0,0,0,1.57052229
2020-02-03,VENUS,354.883929,PISCES,24.883929,0,0,0,0,0,1.18453092
2020-02-03,MARS,261.101783,SAGITTARIUS,21.101783,0,0,0,0,0,0.68340419
2020-02-03,JUPITER,284.210076,CAPRICORN,14.210076,0,0,0,0,0,0.21533622
2020-02-03,SATURN,295.330732,CAPRICORN,25.330732,0,0,0,0,0,0.11438605
2020-02-03,URANUS,32.887425,TAURUS,2.887425,0,0,0,0,0,0.02015032
2020-02-03,NEPTUNE,347.160201,PISCES,17.160201,0,0,0,0,0,0.03298439
2020-02-03,PLUTO,293.495303,CAPRICORN,23.495303,0,0,0,0,0,0.0318274
2020-02-04,SUN,315.124429,AQUARIUS,15.124429,0,0,0,0,0,1.01413666
2020-02-04,MERCURY,331.57204,PISCES,1.57204,0,0,0,0,0,1.52278539
2020-02-04,VENUS,356.067489,PISCES,26.067489,0,0,0,0,0,1.18257723
2020-02-04,MARS,261.78534,SAGITTARIUS,21.78534,0,0,0,0,0,0.68370988
2020-02-04,JUPITER,284.424988,CAPRICORN,14.424988,0,0,0,0,0,0.21448417
2020-02-04,SATURN,295.444919,CAPRICORN,25.444919,0,0,0,0,0,0.11398408
2020-02-04,URANUS,32.907991,TAURUS,2.907991,0,0,0,0,0,0.02098022
2020-02-04,NEPTUNE,347.193334,PISCES,17.193334,0,0,0,0,0,0.03327981
2020-02-04,PLUTO,293.527052,CAPRICORN,23.527052,0,0,0,0,0,0.03166849
2020-02-05,SUN,316.13838,AQUARIUS,16.13838,0,0,0,0,0,1.01375939
2020-02-05,MERCURY,333.067094,PISCES,3.067094,0,0,0,0,0,1.46569683
2020-02-05,VENUS,357.249065,PISCES,27.249065,0,0,0,0,0,1.1805644
2020-02-05,MARS,262.469205,SAGITTARIUS,22.469205,0,0,0,0,0,0.68401975
2020-02-05,JUPITER,284.639037,CAPRICORN,14.639037,0,0,0,0,0,0.21360775
2020-02-05,SATURN,295.558694,CAPRICORN,25.558694,0,0,0,0,0,0.11356175
2020-02-05,URANUS,32.929383,TAURUS,2.929383,0,0,0,0,0,0.02180127
2020-02-05,NEPTUNE,347.226758,PISCES,17.226758,0,0,0,0,0,0.03356446
2020-02-05,PLUTO,293.558637,CAPRICORN,23.558637,0,0,0,0,0,0.03149983
2020-02-06,SUN,317.151951,AQUARIUS,17.151951,0,0,0,0,0,1.01337735
2020-02-06,MERCURY,334.499997,PISCES,4.499997,0,0,0,0,0,1.39833357
2020-02-06,VENUS,358.428598,PISCES,28.428598,0,0,0,0,0,1.178491
2020-02-06,MARS,263.153382,SAGITTARIUS,23.153382,0,0,0,0,0,0.68433221
2020-02-06,JUPITER,284.852196,CAPRICORN,14.852196,0,0,0,0,0,0.21270468
2020-02-06,SATURN,295.672035,CAPRICORN,25.672035,0,0,0,0,0,0.11311667
2020-02-06,URANUS,32.95159,TAURUS,2.95159,0,0,0,0,0,0.02261051
2020-02-06,NEPTUNE,347.260459,PISCES,17.260459,0,0,0,0,0,0.0338356
2020-02-06,PLUTO,293.590047,CAPRICORN,23.590047,0,0,0,0,0,0.03131875
2020-02-07,SUN,318.165138,AQUARIUS,18.165138,0,0,0,0,0,1.01299275
2020-02-07,MERCURY,335.860043,PISCES,5.860043,0,0,0,0,0,1.31985187
2020-02-07,VENUS,359.606028,PISCES,29.606028,0,0,0,0,0,1.17635724
2020-02-07,MARS,263.837871,SAGITTARIUS,23.837871,0,0,0,0,0,0.68464588
2020-02-07,JUPITER,285.064437,CAPRICORN,15.064437,0,0,0,0,0,0.21177322
2020-02-07,SATURN,295.784919,CAPRICORN,25.784919,0,0,0,0,0,0.11264701
2020-02-07,URANUS,32.9746,TAURUS,2.9746,0,0,0,0,0,0.02340569
2020-02-07,NEPTUNE,347.294424,PISCES,17.294424,0,0,0,0,0,0.0340911
2020-02-07,PLUTO,293.62127,CAPRICORN,23.62127,0,0,0,0,0,0.0311232
2020-02-08,SUN,319.177941,AQUARIUS,19.177941,0,0,0,0,0,1.01260966
2020-02-08,MERCURY,337.135745,PISCES,7.135745,0,0,0,0,0,1.22954543
2020-02-08,VENUS,0.781295,ARIES,0.781295,0,1,0,0,0,1.1741664
2020-02-08,MARS,264.522675,SAGITTARIUS,24.522675,0,0,0,0,0,0.6849605
2020-02-08,JUPITER,285.275733,CAPRICORN,15.275733,0,0,0,0,0,0.21081343
2020-02-08,SATURN,295.897321,CAPRICORN,25.897321,0,0,0,0,0,0.1121529
2020-02-08,URANUS,32.998397,TAURUS,2.998397,0,0,0,0,0,0.02418658
2020-02-08,NEPTUNE,347.328636,PISCES,17.328636,0,0,0,0,0,0.03433087
2020-02-08,PLUTO,293.652289,CAPRICORN,23.652289,0,0,0,0,0,0.03091306
2020-02-09,SUN,320.190363,AQUARIUS,20.190363,0,0,0,0,0,1.01223406
2020-02-09,MERCURY,338.315009,PISCES,8.315009,0,0,0,0,0,1.12691011
2020-02-09,VENUS,1.954345,ARIES,1.954345,0,0,0,0,0,1.17192512
2020-02-09,MARS,265.207794,SAGITTARIUS,25.207794,0,0,0,0,0,0.68527766
2020-02-09,JUPITER,285.486056,CAPRICORN,15.486056,0,0,0,0,0,0.20982783
2020-02-09,SATURN,296.009218,CAPRICORN,26.009218,0,0,0,0,0,0.11163708
2020-02-09,URANUS,33.022969,TAURUS,3.022969,0,0,0,0,0,0.02495597
2020-02-09,NEPTUNE,347.363081,PISCES,17.363081,0,0,0,0,0,0.03455765
2020-02-09,PLUTO,293.683092,CAPRICORN,23.683092,0,0,0,0,0,0.03069106
2020-02-10,SUN,321.202417,AQUARIUS,21.202417,0,0,0,0,0,1.01187258
2020-02-10,MERCURY,339.385361,PISCES,9.385361,0,0,0,0,0,1.01171151
2020-02-10,VENUS,3.125132,ARIES,3.125132,0,0,0,0,0,1.16964215
2020-02-10,MARS,265.893233,SAGITTARIUS,25.893233,0,0,0,0,0,0.68560012
2020-02-10,JUPITER,285.695382,CAPRICORN,15.695382,0,0,0,0,0,0.20882097
2020-02-10,SATURN,296.12059,CAPRICORN,26.12059,0,0,0,0,0,0.11110456
2020-02-10,URANUS,33.048306,TAURUS,3.048306,0,0,0,0,0,0.025719
2020-02-10,NEPTUNE,347.397748,PISCES,17.397748,0,0,0,0,0,0.03477657
2020-02-10,PLUTO,293.713669,CAPRICORN,23.713669,0,0,0,0,0,0.03046221
2020-02-11,SUN,322.214118,AQUARIUS,22.214118,0,0,0,0,0,1.0115302
2020-02-11,MERCURY,340.334259,PISCES,10.334259,0,0,0,0,0,0.8840526
2020-02-11,VENUS,4.293619,ARIES,4.293619,0,0,0,0,0,1.16732555
2020-02-11,MARS,266.578998,SAGITTARIUS,26.578998,0,0,0,0,0,0.68593022
2020-02-11,JUPITER,285.903693,CAPRICORN,15.903693,0,0,0,0,0,0.20779743
2020-02-11,SATURN,296.231424,CAPRICORN,26.231424,0,0,0,0,0,0.11056047
2020-02-11,URANUS,33.074406,TAURUS,3.074406,0,0,0,0,0,0.02648141
2020-02-11,NEPTUNE,347.432633,PISCES,17.432633,0,0,0,0,0,0.03499323
2020-02-11,PLUTO,293.744016,CAPRICORN,23.744016,0,0,0,0,0,0.03023196
2020-02-12,SUN,323.225487,AQUARIUS,23.225487,0,0,0,0,0,1.01120788
2020-02-12,MERCURY,341.149461,PISCES,11.149461,0,0,0,0,0,0.74443819
2020-02-12,VENUS,5.459774,ARIES,5.459774,0,0,0,0,0,1.16497978
2020-02-12,MARS,267.265098,SAGITTARIUS,27.265098,0,0,0,0,0,0.68626796
2020-02-12,JUPITER,286.110973,CAPRICORN,16.110973,0,0,0,0,0,0.20675965
2020-02-12,SATURN,296.341709,CAPRICORN,26.341709,0,0,0,0,0,0.11000795
2020-02-12,URANUS,33.10127,TAURUS,3.10127,0,0,0,0,0,0.02724691
2020-02-12,NEPTUNE,347.467735,PISCES,17.467735,0,0,0,0,0,0.0352112
2020-02-12,PLUTO,293.774134,CAPRICORN,23.774134,0,0,0,0,0,0.03000383
2020-02-13,SUN,324.236542,AQUARIUS,24.236542,0,0,0,0,0,1.01090179
2020-02-13,MERCURY,341.819451,PISCES,11.819451,0,0,0,0,0,0.59383458
2020-02-13,VENUS,6.623569,ARIES,6.623569,0,0,0,0,0,1.16260406
2020-02-13,MARS,267.951537,SAGITTARIUS,27.951537,0,0,0,0,0,0.68661009
2020-02-13,JUPITER,286.317208,CAPRICORN,16.317208,0,0,0,0,0,0.20570664
2020-02-13,SATURN,296.451437,CAPRICORN,26.451437,0,0,0,0,0,0.10944672
2020-02-13,URANUS,33.128902,TAURUS,3.128902,0,0,0,0,0,0.02801579
2020-02-13,NEPTUNE,347.503056,PISCES,17.503056,0,0,0,0,0,0.03543076
2020-02-13,PLUTO,293.804025,CAPRICORN,23.804025,0,0,0,0,0,0.02977796
2020-02-14,SUN,325.247296,AQUARIUS,25.247296,0,0,0,0,0,1.01060424
2020-02-14,MERCURY,342.333936,PISCES,12.333936,0,0,0,0,0,0.43372085
2020-02-14,VENUS,7.784971,ARIES,7.784971,0,0,0,0,0,1.16019276
2020-02-14,MARS,268.638318,SAGITTARIUS,28.638318,0,0,0,0,0,0.68695079
2020-02-14,JUPITER,286.52238,CAPRICORN,16.52238,0,0,0,0,0,0.20463442
2020-02-14,SATURN,296.560599,CAPRICORN,26.560599,0,0,0,0,0,0.10887337
2020-02-14,URANUS,33.157302,TAURUS,3.157302,0,0,0,0,0,0.02878525
2020-02-14,NEPTUNE,347.538597,PISCES,17.538597,0,0,0,0,0,0.03564899
2020-02-14,PLUTO,293.83369,CAPRICORN,23.83369,0,0,0,0,0,0.02955147
2020-02-15,SUN,326.257753,AQUARIUS,26.257753,0,0,0,0,0,1.01030595
2020-02-15,MERCURY,342.684375,PISCES,12.684375,0,0,0,0,0,0.26612668
2020-02-15,VENUS,8.943941,ARIES,8.943941,0,0,0,0,0,1.15773766
2020-02-15,MARS,269.325437,SAGITTARIUS,29.325437,0,0,0,0,0,0.68728345
2020-02-15,JUPITER,286.726469,CAPRICORN,16.726469,0,0,0,0,0,0.20353767
2020-02-15,SATURN,296.669179,CAPRICORN,26.669179,0,0,0,0,0,0.10828322
2020-02-15,URANUS,33.186471,TAURUS,3.186471,0,0,0,0,0,0.02955081
2020-02-15,NEPTUNE,347.574353,PISCES,17.574353,0,0,0,0,0,0.03586152
2020-02-15,PLUTO,293.863127,CAPRICORN,23.863127,0,0,0,0,0,0.02932004
2020-02-16,SUN,327.267907,AQUARIUS,27.267907,0,0,0,0,0,1.00999833
2020-02-16,MERCURY,342.864538,PISCES,12.864538,0,0,0,0,0,0.09365007
2020-02-16,VENUS,10.10043,ARIES,10.10043,0,0,0,0,0,1.15522981
2020-02-16,MARS,270.012882,CAPRICORN,0.012882,0,1,0,0,0,0.68760256
2020-02-16,JUPITER,286.929446,CAPRICORN,16.929446,0,0,0,0,0,0.20241163
2020-02-16,SATURN,296.777158,CAPRICORN,26.777158,0,0,0,0,0,0.10767183
2020-02-16,URANUS,33.216402,TAURUS,3.216402,0,0,0,0,0,0.03030824
2020-02-16,NEPTUNE,347.610317,PISCES,17.610317,0,0,0,0,0,0.03606416
2020-02-16,PLUTO,293.892328,CAPRICORN,23.892328,0,0,0,0,0,0.02907962
2020-02-17,SUN,328.277746,AQUARIUS,28.277746,0,0,0,0,0,1.0096747
2020-02-17,MERCURY,342.871075,PISCES,12.871075,1,0,1,0,1,-0.0805547
2020-02-17,VENUS,11.254382,ARIES,11.254382,0,0,0,0,0,1.15266126
2020-02-17,MARS,270.700638,CAPRICORN,0.700638,0,0,0,0,0,0.68790459
2020-02-17,JUPITER,287.131282,CAPRICORN,17.131282,0,0,0,0,0,0.20125303
2020-02-17,SATURN,296.884515,CAPRICORN,26.884515,0,0,0,0,0,0.1070363
2020-02-17,URANUS,33.247084,TAURUS,3.247084,0,0,0,0,0,0.03105457
2020-02-17,NEPTUNE,347.646477,PISCES,17.646477,0,0,0,0,0,0.03625406
2020-02-17,PLUTO,293.921282,CAPRICORN,23.921282,0,0,0,0,0,0.02882752
2020-02-18,SUN,329.287252,AQUARIUS,29.287252,0,0,0,0,0,1.00933068
2020-02-18,MERCURY,342.70405,PISCES,12.70405,1,0,0,0,0,-0.25282795
2020-02-18,VENUS,12.405731,ARIES,12.405731,0,0,0,0,0,1.15002547
2020-02-18,MARS,271.388686,CAPRICORN,1.388686,0,0,0,0,0,0.68818818
2020-02-18,JUPITER,287.331942,CAPRICORN,17.331942,0,0,0,0,0,0.20006034
2020-02-18,SATURN,296.991223,CAPRICORN,26.991223,0,0,0,0,0,0.10637525
2020-02-18,URANUS,33.278507,TAURUS,3.278507,0,0,0,0,0,0.03178824
2020-02-18,NEPTUNE,347.682821,PISCES,17.682821,0,0,0,0,0,0.03642985
2020-02-18,PLUTO,293.949979,CAPRICORN,23.949979,0,0,0,0,0,0.02856261
2020-02-19,SUN,330.296402,PISCES,0.296402,0,1,0,0,0,1.00896385
2020-02-19,MERCURY,342.367399,PISCES,12.367399,1,0,0,0,0,-0.41910484
2020-02-19,VENUS,13.554409,ARIES,13.554409,0,0,0,0,0,1.14731702
2020-02-19,MARS,272.077009,CAPRICORN,2.077009,0,0,0,0,0,0.68845353
2020-02-19,JUPITER,287.531392,CAPRICORN,17.531392,0,0,0,0,0,0.19883338
2020-02-19,SATURN,297.097257,CAPRICORN,27.097257,0,0,0,0,0,0.10568866
2020-02-19,URANUS,33.310656,TAURUS,3.310656,0,0,0,0,0,0.03250887
2020-02-19,NEPTUNE,347.719333,PISCES,17.719333,0,0,0,0,0,0.03659134
2020-02-19,PLUTO,293.978404,CAPRICORN,23.978404,0,0,0,0,0,0.02828488
2020-02-20,SUN,331.305174,PISCES,1.305174,0,0,0,0,0,1.00857341
2020-02-20,MERCURY,341.869262,PISCES,11.869262,1,0,0,0,0,-0.57507249
2020-02-20,VENUS,14.700341,ARIES,14.700341,0,0,0,0,0,1.14453174
2020-02-20,MARS,272.765589,CAPRICORN,2.765589,0,0,0,0,0,0.68870216
2020-02-20,JUPITER,287.729598,CAPRICORN,17.729598,0,0,0,0,0,0.197573
2020-02-20,SATURN,297.202592,CAPRICORN,27.202592,0,0,0,0,0,0.10497742
2020-02-20,URANUS,33.34352,TAURUS,3.34352,0,0,0,0,0,0.03321699
2020-02-20,NEPTUNE,347.755999,PISCES,17.755999,0,0,0,0,0,0.03673925
2020-02-20,PLUTO,294.006545,CAPRICORN,24.006545,0,0,0,0,0,0.02799532
2020-02-21,SUN,332.313544,PISCES,2.313544,0,0,0,0,0,1.00815993
2020-02-21,MERCURY,341.222129,PISCES,11.222129,1,0,0,0,0,-0.71638637
2020-02-21,VENUS,15.843447,ARIES,15.843447,0,0,0,0,0,1.14166641
2020-02-21,MARS,273.45441,CAPRICORN,3.45441,0,0,0,0,0,0.68893642
2020-02-21,JUPITER,287.926527,CAPRICORN,17.926527,0,0,0,0,0,0.19628086
2020-02-21,SATURN,297.307205,CAPRICORN,27.307205,0,0,0,0,0,0.10424321
2020-02-21,URANUS,33.377087,TAURUS,3.377087,0,0,0,0,0,0.03391376
2020-02-21,NEPTUNE,347.792807,PISCES,17.792807,0,0,0,0,0,0.03687505
2020-02-21,PLUTO,294.034391,CAPRICORN,24.034391,0,0,0,0,0,0.02769557
2020-02-22,SUN,333.32149,PISCES,3.32149,0,0,0,0,0,1.00772476
2020-02-22,MERCURY,340.442741,PISCES,10.442741,1,0,0,0,0,-0.83893663
2020-02-22,VENUS,16.983647,ARIES,16.983647,0,0,0,0,0,1.13871841
2020-02-22,MARS,274.143459,CAPRICORN,4.143459,0,0,0,0,0,0.68915922
2020-02-22,JUPITER,288.12215,CAPRICORN,18.12215,0,0,0,0,0,0.19495911
2020-02-22,SATURN,297.411072,CAPRICORN,27.411072,0,0,0,0,0,0.10348818
2020-02-22,URANUS,33.411345,TAURUS,3.411345,0,0,0,0,0,0.03460085
2020-02-22,NEPTUNE,347.829746,PISCES,17.829746,0,0,0,0,0,0.0370006
2020-02-22,PLUTO,294.061933,CAPRICORN,24.061933,0,0,0,0,0,0.02738772
2020-02-23,SUN,334.328991,PISCES,4.328991,0,0,0,0,0,1.00726972
2020-02-23,MERCURY,339.551706,PISCES,9.551706,1,0,0,0,0,-0.93914249
2020-02-23,VENUS,18.120857,ARIES,18.120857,0,0,0,0,0,1.13568536
2020-02-23,MARS,274.832726,CAPRICORN,4.832726,0,0,0,0,0,0.68937352
2020-02-23,JUPITER,288.316437,CAPRICORN,18.316437,0,0,0,0,0,0.19360988
2020-02-23,SATURN,297.514175,CAPRICORN,27.514175,0,0,0,0,0,0.10271442
2020-02-23,URANUS,33.446286,TAURUS,3.446286,0,0,0,0,0,0.0352799
2020-02-23,NEPTUNE,347.866805,PISCES,17.866805,0,0,0,0,0,0.03711778
2020-02-23,PLUTO,294.089165,CAPRICORN,24.089165,0,0,0,0,0,0.02707383
2020-02-24,SUN,335.336027,PISCES,5.336027,0,0,0,0,0,1.00679659
2020-02-24,MERCURY,338.572833,PISCES,8.572833,1,0,0,0,0,-1.01423783
2020-02-24,VENUS,19.25499,ARIES,19.25499,0,0,0,0,0,1.13256459
2020-02-24,MARS,275.522205,CAPRICORN,5.522205,0,0,0,0,0,0.68958207
2020-02-24,JUPITER,288.509362,CAPRICORN,18.509362,0,0,0,0,0,0.19223502
2020-02-24,SATURN,297.616496,CAPRICORN,27.616496,0,0,0,0,0,0.10192377
2020-02-24,URANUS,33.481902,TAURUS,3.481902,0,0,0,0,0,0.03595212
2020-02-24,NEPTUNE,347.903979,PISCES,17.903979,0,0,0,0,0,0.03722811
2020-02-24,PLUTO,294.11608,CAPRICORN,24.11608,0,0,0,0,0,0.0267556
2020-02-25,SUN,336.342582,PISCES,6.342582,0,0,0,0,0,1.00630698
2020-02-25,MERCURY,337.532184,PISCES,7.532184,1,0,0,0,0,-1.06250513
2020-02-25,VENUS,20.385958,ARIES,20.385958,0,0,0,0,0,1.12935314
2020-02-25,MARS,276.211891,CAPRICORN,6.211891,0,0,0,0,0,0.6897871
2020-02-25,JUPITER,288.700899,CAPRICORN,18.700899,0,0,0,0,0,0.19083596
2020-02-25,SATURN,297.718018,CAPRICORN,27.718018,0,0,0,0,0,0.10111752
2020-02-25,URANUS,33.518188,TAURUS,3.518188,0,0,0,0,0,0.03661835
2020-02-25,NEPTUNE,347.94126,PISCES,17.94126,0,0,0,0,0,0.03733263
2020-02-25,PLUTO,294.142675,CAPRICORN,24.142675,0,0,0,0,0,0.02643424
2020-02-26,SUN,337.34864,PISCES,7.34864,0,0,0,0,0,1.00580251
2020-02-26,MERCURY,336.456954,PISCES,6.456954,1,0,0,0,0,-1.08341589
2020-02-26,VENUS,21.513667,ARIES,21.513667,0,0,0,0,0,1.12604777
2020-02-26,MARS,276.90178,CAPRICORN,6.90178,0,0,0,0,0,0.68999049
2020-02-26,JUPITER,288.891026,CAPRICORN,18.891026,0,0,0,0,0,0.18941363
2020-02-26,SATURN,297.818726,CAPRICORN,27.818726,0,0,0,0,0,0.10029664
2020-02-26,URANUS,33.555137,TAURUS,3.555137,0,0,0,0,0,0.03727894
2020-02-26,NEPTUNE,347.978642,PISCES,17.978642,0,0,0,0,0,0.03743196
2020-02-26,PLUTO,294.168948,CAPRICORN,24.168948,0,0,0,0,0,0.0261105
2020-02-27,SUN,338.354186,PISCES,8.354186,0,0,0,0,0,1.00528454
2020-02-27,MERCURY,335.374257,PISCES,5.374257,1,0,0,0,0,-1.07765197
2020-02-27,VENUS,22.638022,ARIES,22.638022,0,0,0,0,0,1.12264501
2020-02-27,MARS,277.591873,CAPRICORN,7.591873,0,0,0,0,0,0.6901937
2020-02-27,JUPITER,289.079719,CAPRICORN,19.079719,0,0,0,0,0,0.18796859
2020-02-27,SATURN,297.918607,CAPRICORN,27.918607,0,0,0,0,0,0.09946156
2020-02-27,URANUS,33.592744,TAURUS,3.592744,0,0,0,0,0,0.03793381
2020-02-27,NEPTUNE,348.016122,PISCES,18.016122,0,0,0,0,0,0.03752625
2020-02-27,PLUTO,294.194896,CAPRICORN,24.194896,0,0,0,0,0,0.02578466
2020-02-28,SUN,339.359209,PISCES,9.359209,0,0,0,0,0,1.00475424
2020-02-28,MERCURY,334.309958,PISCES,4.309958,1,0,0,0,0,-1.04700184
2020-02-28,VENUS,23.758924,ARIES,23.758924,0,0,0,0,0,1.11914104
2020-02-28,MARS,278.282169,CAPRICORN,8.282169,0,0,0,0,0,0.69039764
2020-02-28,JUPITER,289.266956,CAPRICORN,19.266956,0,0,0,0,0,0.18650087
2020-02-28,SATURN,298.017645,CAPRICORN,28.017645,0,0,0,0,0,0.09861222
2020-02-28,URANUS,33.631003,TAURUS,3.631003,0,0,0,0,0,0.03858239
2020-02-28,NEPTUNE,348.053694,PISCES,18.053694,0,0,0,0,0,0.03761519
2020-02-28,PLUTO,294.220517,CAPRICORN,24.220517,0,0,0,0,0,0.02545653
2020-02-29,SUN,340.363695,PISCES,10.363695,0,0,0,0,0,1.00421244
2020-02-29,MERCURY,333.287664,PISCES,3.287664,1,0,0,0,0,-0.99415188
2020-02-29,VENUS,24.87627,ARIES,24.87627,0,0,0,0,0,1.11553162
2020-02-29,MARS,278.972669,CAPRICORN,8.972669,0,0,0,0,0,0.69060272
2020-02-29,JUPITER,289.452714,CAPRICORN,19.452714,0,0,0,0,0,0.18501004
2020-02-29,SATURN,298.115826,CAPRICORN,28.115826,0,0,0,0,0,0.09774816
2020-02-29,URANUS,33.669907,TAURUS,3.669907,0,0,0,0,0,0.03922367
2020-02-29,NEPTUNE,348.091351,PISCES,18.091351,0,0,0,0,0,0.037698
2020-02-29,PLUTO,294.245808,CAPRICORN,24.245808,0,0,0,0,0,0.02512541
2020-03-01,SUN,341.367634,PISCES,11.367634,0,0,0,0,0,1.00365971
2020-03-01,MERCURY,332.32796,PISCES,2.32796,1,0,0,0,0,-0.92241023
2020-03-01,VENUS,25.989951,ARIES,25.989951,0,0,0,0,0,1.11181206
2020-03-01,MARS,279.663376,CAPRICORN,9.663376,0,0,0,0,0,0.69080897
2020-03-01,JUPITER,289.636969,CAPRICORN,19.636969,0,0,0,0,0,0.18349524
2020-03-01,SATURN,298.213136,CAPRICORN,28.213136,0,0,0,0,0,0.09686846
2020-03-01,URANUS,33.709448,TAURUS,3.709448,0,0,0,0,0,0.03985626
2020-03-01,NEPTUNE,348.129088,PISCES,18.129088,0,0,0,0,0,0.03777354
2020-03-01,PLUTO,294.270766,CAPRICORN,24.270766,0,0,0,0,0,0.02479023
2020-03-02,SUN,342.371015,PISCES,12.371015,0,0,0,0,0,1.00309661
2020-03-02,MERCURY,331.447936,PISCES,1.447936,1,0,0,0,0,-0.83540846
2020-03-02,VENUS,27.099856,ARIES,27.099856,0,0,0,0,0,1.1079775
2020-03-02,MARS,280.354289,CAPRICORN,10.354289,0,0,0,0,0,0.69101636
2020-03-02,JUPITER,289.819696,CAPRICORN,19.819696,0,0,0,0,0,0.18195548
2020-03-02,SATURN,298.309558,CAPRICORN,28.309558,0,0,0,0,0,0.09597203
2020-03-02,URANUS,33.749617,TAURUS,3.749617,0,0,0,0,0,0.04047856
2020-03-02,NEPTUNE,348.166896,PISCES,18.166896,0,0,0,0,0,0.03784051
2020-03-02,PLUTO,294.295387,CAPRICORN,24.295387,0,0,0,0,0,0.02444968
2020-03-03,SUN,343.373829,PISCES,13.373829,0,0,0,0,0,1.00252384
2020-03-03,MERCURY,330.661008,PISCES,0.661008,1,0,0,0,0,-0.7368234
2020-03-03,VENUS,28.205867,ARIES,28.205867,0,0,0,0,0,1.10402272
2020-03-03,MARS,281.04541,CAPRICORN,11.04541,0,0,0,0,0,0.69122469
2020-03-03,JUPITER,290.000871,CAPRICORN,20.000871,0,0,0,0,0,0.18038951
2020-03-03,SATURN,298.405074,CAPRICORN,28.405074,0,0,0,0,0,0.09505756
2020-03-03,URANUS,33.790402,TAURUS,3.790402,0,0,0,0,0,0.04108877
2020-03-03,NEPTUNE,348.204766,PISCES,18.204766,0,0,0,0,0,0.03789743
2020-03-03,PLUTO,294.319664,CAPRICORN,24.319664,0,0,0,0,0,0.02410217
2020-03-04,SUN,344.376065,PISCES,14.376065,0,0,0,0,0,1.00194228
2020-03-04,MERCURY,329.976989,AQUARIUS,29.976989,1,1,0,0,0,-0.63014935
2020-03-04,VENUS,29.307861,ARIES,29.307861,0,0,0,0,0,1.09994257
2020-03-04,MARS,281.73674,CAPRICORN,11.73674,0,0,0,0,0,0.69143369
2020-03-04,JUPITER,290.180467,CAPRICORN,20.180467,0,0,0,0,0,0.17879586
2020-03-04,SATURN,298.499667,CAPRICORN,28.499667,0,0,0,0,0,0.09412342
2020-03-04,URANUS,33.83179,TAURUS,3.83179,0,0,0,0,0,0.04168473
2020-03-04,NEPTUNE,348.242687,PISCES,18.242687,0,0,0,0,0,0.03794272
2020-03-04,PLUTO,294.343589,CAPRICORN,24.343589,0,0,0,0,0,0.02374587
2020-03-05,SUN,345.377715,PISCES,15.377715,0,0,0,0,0,1.0013535
2020-03-05,MERCURY,329.40236,AQUARIUS,29.40236,1,0,0,0,0,-0.5185352
2020-03-05,VENUS,30.40571,TAURUS,0.40571,0,1,0,0,0,1.09573251
2020-03-05,MARS,282.428278,CAPRICORN,12.428278,0,0,0,0,0,0.69164286
2020-03-05,JUPITER,290.358454,CAPRICORN,20.358454,0,0,0,0,0,0.17717285
2020-03-05,SATURN,298.593314,CAPRICORN,28.593314,0,0,0,0,0,0.0931679
2020-03-05,URANUS,33.873766,TAURUS,3.873766,0,0,0,0,0,0.04226418
2020-03-05,NEPTUNE,348.280647,PISCES,18.280647,0,0,0,0,0,0.0379748
2020-03-05,PLUTO,294.367152,CAPRICORN,24.367152,0,0,0,0,0,0.02337875
2020-03-06,SUN,346.378775,PISCES,16.378775,0,0,0,0,0,1.0007607
2020-03-06,MERCURY,328.940668,AQUARIUS,28.940668,1,0,0,0,0,-0.4046878
2020-03-06,VENUS,31.499283,TAURUS,1.499283,0,0,0,0,0,1.09139018
2020-03-06,MARS,283.120026,CAPRICORN,13.120026,0,0,0,0,0,0.69185222
2020-03-06,JUPITER,290.534803,CAPRICORN,20.534803,0,0,0,0,0,0.17551953
2020-03-06,SATURN,298.685995,CAPRICORN,28.685995,0,0,0,0,0,0.09218992
2020-03-06,URANUS,33.916312,TAURUS,3.916312,0,0,0,0,0,0.04282575
2020-03-06,NEPTUNE,348.318632,PISCES,18.318632,0,0,0,0,0,0.03799198
2020-03-06,PLUTO,294.390342,CAPRICORN,24.390342,0,0,0,0,0,0.02299952
2020-03-07,SUN,347.379241,PISCES,17.379241,0,0,0,0,0,1.00016967
2020-03-07,MERCURY,328.592992,AQUARIUS,28.592992,1,0,0,0,0,-0.29083378
2020-03-07,VENUS,32.588448,TAURUS,2.588448,0,0,0,0,0,1.08691695
2020-03-07,MARS,283.811984,CAPRICORN,13.811984,0,0,0,0,0,0.69206323
2020-03-07,JUPITER,290.709483,CAPRICORN,20.709483,0,0,0,0,0,0.17383684
2020-03-07,SATURN,298.777687,CAPRICORN,28.777687,0,0,0,0,0,0.09119056
2020-03-07,URANUS,33.959412,TAURUS,3.959412,0,0,0,0,0,0.04337026
2020-03-07,NEPTUNE,348.356621,PISCES,18.356621,0,0,0,0,0,0.03797288
2020-03-07,PLUTO,294.413147,CAPRICORN,24.413147,0,0,0,0,0,0.02260897
2020-03-08,SUN,348.379122,PISCES,18.379122,0,0,0,0,0,0.99958902
2020-03-08,MERCURY,328.358424,AQUARIUS,28.358424,1,0,0,0,0,-0.17872678
2020-03-08,VENUS,33.673077,TAURUS,3.673077,0,0,0,0,0,1.08231866
2020-03-08,MARS,284.504155,CAPRICORN,14.504155,0,0,0,0,0,0.69227904
2020-03-08,JUPITER,290.882468,CAPRICORN,20.882468,0,0,0,0,0,0.17212823
2020-03-08,SATURN,298.868371,CAPRICORN,28.868371,0,0,0,0,0,0.09017351
2020-03-08,URANUS,34.003049,TAURUS,4.003049,0,0,0,0,0,0.0439014
2020-03-08,NEPTUNE,348.394529,PISCES,18.394529,0,0,0,0,0,0.03784405
2020-03-08,PLUTO,294.435558,CAPRICORN,24.435558,0,0,0,0,0,0.0222107
2020-03-09,SUN,349.37843,PISCES,19.37843,0,0,0,0,0,0.99902827
2020-03-09,MERCURY,328.234523,AQUARIUS,28.234523,1,0,0,0,0,-0.06968648
2020-03-09,VENUS,34.753048,TAURUS,4.753048,0,0,0,0,0,1.07760404
2020-03-09,MARS,285.196546,CAPRICORN,15.196546,0,0,0,0,0,0.69250345
2020-03-09,JUPITER,291.053733,CAPRICORN,21.053733,0,0,0,0,0,0.17039878
2020-03-09,SATURN,298.958031,CAPRICORN,28.958031,0,0,0,0,0,0.0891443
2020-03-09,URANUS,34.047212,TAURUS,4.047212,0,0,0,0,0,0.04442506
2020-03-09,NEPTUNE,348.432418,PISCES,18.432418,0,0,0,0,0,0.03793797
2020-03-09,PLUTO,294.457568,CAPRICORN,24.457568,0,0,0,0,0,0.0218104
2020-03-10,SUN,350.377191,PISCES,20.377191,0,0,0,0,0,0.99849492
2020-03-10,MERCURY,328.217722,AQUARIUS,28.217722,0,0,0,1,1,0.03534456
2020-03-10,VENUS,35.82825,TAURUS,5.82825,0,0,0,0,0,1.07278134
2020-03-10,MARS,285.889167,CAPRICORN,15.889167,0,0,0,0,0,0.69273868
2020-03-10,JUPITER,291.22326,CAPRICORN,21.22326,0,0,0,0,0,0.16865288
2020-03-10,SATURN,299.046657,CAPRICORN,29.046657,0,0,0,0,0,0.08810801
2020-03-10,URANUS,34.091898,TAURUS,4.091898,0,0,0,0,0,0.04494692
2020-03-10,NEPTUNE,348.470361,PISCES,18.470361,0,0,0,0,0,0.03793763
2020-03-10,PLUTO,294.47918,CAPRICORN,24.47918,0,0,0,0,0,0.02141333
2020-03-11,SUN,351.375433,PISCES,21.375433,0,0,0,0,0,0.99799131
2020-03-11,MERCURY,328.303674,AQUARIUS,28.303674,0,0,0,0,0,0.13573811
2020-03-11,VENUS,36.898577,TAURUS,6.898577,0,0,0,0,0,1.06785447
2020-03-11,MARS,286.582028,CAPRICORN,16.582028,0,0,0,0,0,0.69298318
2020-03-11,JUPITER,291.391034,CAPRICORN,21.391034,0,0,0,0,0,0.1668918
2020-03-11,SATURN,299.134245,CAPRICORN,29.134245,0,0,0,0,0,0.08706669
2020-03-11,URANUS,34.137107,TAURUS,4.137107,0,0,0,0,0,0.04546976
2020-03-11,NEPTUNE,348.508288,PISCES,18.508288,0,0,0,0,0,0.03791648
2020-03-11,PLUTO,294.500397,CAPRICORN,24.500397,0,0,0,0,0,0.02102205
2020-03-12,SUN,352.373185,PISCES,22.373185,0,0,0,0,0,0.99751357
2020-03-12,MERCURY,328.487536,AQUARIUS,28.487536,0,0,0,0,0,0.23111952
2020-03-12,VENUS,37.963924,TAURUS,7.963924,0,0,0,0,0,1.06282098
2020-03-12,MARS,287.275136,CAPRICORN,17.275136,0,0,0,0,0,0.69323105
2020-03-12,JUPITER,291.557038,CAPRICORN,21.557038,0,0,0,0,0,0.16511266
2020-03-12,SATURN,299.220789,CAPRICORN,29.220789,0,0,0,0,0,0.08601835
2020-03-12,URANUS,34.182838,TAURUS,4.182838,0,0,0,0,0,0.04599228
2020-03-12,NEPTUNE,348.546195,PISCES,18.546195,0,0,0,0,0,0.03789727
2020-03-12,PLUTO,294.521225,CAPRICORN,24.521225,0,0,0,0,0,0.02063502
2020-03-13,SUN,353.370468,PISCES,23.370468,0,0,0,0,0,0.99705307
2020-03-13,MERCURY,328.764193,AQUARIUS,28.764193,0,0,0,0,0,0.32131449
2020-03-13,VENUS,39.024181,TAURUS,9.024181,0,0,0,0,0,1.05767246
2020-03-13,MARS,287.968489,CAPRICORN,17.968489,0,0,0,0,0,0.69347361
2020-03-13,JUPITER,291.721252,CAPRICORN,21.721252,0,0,0,0,0,0.16330958
2020-03-13,SATURN,299.306278,CAPRICORN,29.306278,0,0,0,0,0,0.08495789
2020-03-13,URANUS,34.22909,TAURUS,4.22909,0,0,0,0,0,0.04650999
2020-03-13,NEPTUNE,348.584082,PISCES,18.584082,0,0,0,0,0,0.03787592
2020-03-13,PLUTO,294.541667,CAPRICORN,24.541667,0,0,0,0,0,0.02024764
2020-03-14,SUN,354.367296,PISCES,24.367296,0,0,0,0,0,0.99659962
2020-03-14,MERCURY,329.128439,AQUARIUS,29.128439,0,0,0,0,0,0.40630383
2020-03-14,VENUS,40.079227,TAURUS,10.079227,0,0,0,0,0,1.05239738
2020-03-14,MARS,288.662079,CAPRICORN,18.662079,0,0,0,0,0,0.6937022
2020-03-14,JUPITER,291.883648,CAPRICORN,21.883648,0,0,0,0,0,0.16147619
2020-03-14,SATURN,299.390699,CAPRICORN,29.390699,0,0,0,0,0,0.08387956
2020-03-14,URANUS,34.275855,TAURUS,4.275855,0,0,0,0,0,0.04701746
2020-03-14,NEPTUNE,348.621945,PISCES,18.621945,0,0,0,0,0,0.03784647
2020-03-14,PLUTO,294.561719,CAPRICORN,24.561719,0,0,0,0,0,0.01985464
2020-03-15,SUN,355.363669,PISCES,25.363669,0,0,0,0,0,0.99614425
2020-03-15,MERCURY,329.575109,AQUARIUS,29.575109,0,0,0,0,0,0.48618528
2020-03-15,VENUS,41.12893,TAURUS,11.12893,0,0,0,0,0,1.04698332
2020-03-15,MARS,289.355888,CAPRICORN,19.355888,0,0,0,0,0,0.69391054
2020-03-15,JUPITER,292.044193,CAPRICORN,22.044193,0,0,0,0,0,0.15960773
2020-03-15,SATURN,299.47403,CAPRICORN,29.47403,0,0,0,0,0,0.08277914
2020-03-15,URANUS,34.323121,TAURUS,4.323121,0,0,0,0,0,0.04751061
2020-03-15,NEPTUNE,348.659772,PISCES,18.659772,0,0,0,0,0,0.03780447
2020-03-15,PLUTO,294.581373,CAPRICORN,24.581373,0,0,0,0,0,0.01945206
2020-03-16,SUN,356.359584,PISCES,26.359584,0,0,0,0,0,0.99568083
2020-03-16,MERCURY,330.099179,PISCES,0.099179,0,1,0,0,0,0.56114114
2020-03-16,VENUS,42.173144,TAURUS,12.173144,0,0,0,0,0,1.04141892
2020-03-16,MARS,290.049894,CAPRICORN,20.049894,0,0,0,0,0,0.69409567
2020-03-16,JUPITER,292.202851,CAPRICORN,22.202851,0,0,0,0,0,0.15770212
2020-03-16,SATURN,299.556249,CAPRICORN,29.556249,0,0,0,0,0,0.08165486
2020-03-16,URANUS,34.370871,TAURUS,4.370871,0,0,0,0,0,0.04798749
2020-03-16,NEPTUNE,348.69755,PISCES,18.69755,0,0,0,0,0,0.03774796
2020-03-16,PLUTO,294.60062,CAPRICORN,24.60062,0,0,0,0,0,0.01903836
2020-03-17,SUN,357.355029,PISCES,27.355029,0,0,0,0,0,0.99520591
2020-03-17,MERCURY,330.69584,PISCES,0.69584,0,0,0,0,0,0.63141091
2020-03-17,VENUS,43.211715,TAURUS,13.211715,0,0,0,0,0,1.03569395
2020-03-17,MARS,290.744073,CAPRICORN,20.744073,0,0,0,0,0,0.69425725
2020-03-17,JUPITER,292.359585,CAPRICORN,22.359585,0,0,0,0,0,0.15575936
2020-03-17,SATURN,299.637332,CAPRICORN,29.637332,0,0,0,0,0,0.08050691
2020-03-17,URANUS,34.419091,TAURUS,4.419091,0,0,0,0,0,0.04844802
2020-03-17,NEPTUNE,348.735263,PISCES,18.735263,0,0,0,0,0,0.03767688
2020-03-17,PLUTO,294.619447,CAPRICORN,24.619447,0,0,0,0,0,0.01861379
2020-03-18,SUN,358.349994,PISCES,28.349994,0,0,0,0,0,0.99471791
2020-03-18,MERCURY,331.360541,PISCES,1.360541,0,0,0,0,0,0.69726947
2020-03-18,VENUS,44.244476,TAURUS,14.244476,0,0,0,0,0,1.02979911
2020-03-18,MARS,291.438402,CAPRICORN,21.438402,0,0,0,0,0,0.69439656
2020-03-18,JUPITER,292.514358,CAPRICORN,22.514358,0,0,0,0,0,0.15378072
2020-03-18,SATURN,299.717256,CAPRICORN,29.717256,0,0,0,0,0,0.07933666
2020-03-18,URANUS,34.467762,TAURUS,4.467762,0,0,0,0,0,0.04889316
2020-03-18,NEPTUNE,348.772899,PISCES,18.772899,0,0,0,0,0,0.03759233
2020-03-18,PLUTO,294.637844,CAPRICORN,24.637844,0,0,0,0,0,0.01817973
2020-03-19,SUN,359.344463,PISCES,29.344463,0,0,0,0,0,0.9942164
2020-03-19,MERCURY,332.089018,PISCES,2.089018,0,0,0,0,0,0.75901038
2020-03-19,VENUS,45.271254,TAURUS,15.271254,0,0,0,0,0,1.02372525
2020-03-19,MARS,292.13286,CAPRICORN,22.13286,0,0,0,0,0,0.69451565
2020-03-19,JUPITER,292.667135,CAPRICORN,22.667135,0,0,0,0,0,0.151768
2020-03-19,SATURN,299.795999,CAPRICORN,29.795999,0,0,0,0,0,0.07814596
2020-03-19,URANUS,34.516872,TAURUS,4.516872,0,0,0,0,0,0.04932431
2020-03-19,NEPTUNE,348.810444,PISCES,18.810444,0,0,0,0,0,0.03749583
2020-03-19,PLUTO,294.655804,CAPRICORN,24.655804,0,0,0,0,0,0.01773799
2020-03-20,SUN,0.338425,ARIES,0.338425,0,1,0,0,0,0.99370165
2020-03-20,MERCURY,332.877301,PISCES,2.877301,0,0,0,0,0,0.81693373
2020-03-20,VENUS,46.291866,TAURUS,16.291866,0,0,0,0,0,1.01746367
2020-03-20,MARS,292.827428,CAPRICORN,22.827428,0,0,0,0,0,0.69461682
2020-03-20,JUPITER,292.817883,CAPRICORN,22.817883,0,0,0,0,0,0.14972322
2020-03-20,SATURN,299.873542,CAPRICORN,29.873542,0,0,0,0,0,0.07693691
2020-03-20,URANUS,34.566407,TAURUS,4.566407,0,0,0,0,0,0.04974305
2020-03-20,NEPTUNE,348.847887,PISCES,18.847887,0,0,0,0,0,0.03738917
2020-03-20,PLUTO,294.673318,CAPRICORN,24.673318,0,0,0,0,0,0.01729055
2020-03-21,SUN,1.331865,ARIES,1.331865,0,0,0,0,0,0.99317432
2020-03-21,MERCURY,333.721723,PISCES,3.721723,0,0,0,0,0,0.87133756
2020-03-21,VENUS,47.306118,TAURUS,17.306118,0,0,0,0,0,1.01100538
2020-03-21,MARS,293.52209,CAPRICORN,23.52209,0,0,0,0,0,0.69470255
2020-03-21,JUPITER,292.966572,CAPRICORN,22.966572,0,0,0,0,0,0.14764855
2020-03-21,SATURN,299.949867,CAPRICORN,29.949867,0,0,0,0,0,0.07571159
2020-03-21,URANUS,34.616355,TAURUS,4.616355,0,0,0,0,0,0.05015102
2020-03-21,NEPTUNE,348.88522,PISCES,18.88522,0,0,0,0,0,0.03727417
2020-03-21,PLUTO,294.690384,CAPRICORN,24.690384,0,0,0,0,0,0.01683942
2020-03-22,SUN,2.324772,ARIES,2.324772,0,0,0,0,0,0.99263509
2020-03-22,MERCURY,334.618911,PISCES,4.618911,0,0,0,0,0,0.92251172
2020-03-22,VENUS,48.313809,TAURUS,18.313809,0,0,0,0,0,1.0043409
2020-03-22,MARS,294.21683,CAPRICORN,24.21683,0,0,0,0,0,0.69477516
2020-03-22,JUPITER,293.113171,CAPRICORN,23.113171,0,0,0,0,0,0.14554591
2020-03-22,SATURN,300.02496,AQUARIUS,0.02496,0,1,0,0,0,0.07447201
2020-03-22,URANUS,34.666706,TAURUS,4.666706,0,0,0,0,0,0.05054965
2020-03-22,NEPTUNE,348.922433,PISCES,18.922433,0,0,0,0,0,0.03715244
2020-03-22,PLUTO,294.706997,CAPRICORN,24.706997,0,0,0,0,0,0.0163864
2020-03-23,SUN,3.317134,ARIES,3.317134,0,0,0,0,0,0.99208444
2020-03-23,MERCURY,335.565774,PISCES,5.565774,0,0,0,0,0,0.97073391
2020-03-23,VENUS,49.314728,TAURUS,19.314728,0,0,0,0,0,0.99745998
2020-03-23,MARS,294.911637,CAPRICORN,24.911637,0,0,0,0,0,0.69483661
2020-03-23,JUPITER,293.257655,CAPRICORN,23.257655,0,0,0,0,0,0.14341684
2020-03-23,SATURN,300.098807,AQUARIUS,0.098807,0,0,0,0,0,0.0732196
2020-03-23,URANUS,34.717452,TAURUS,4.717452,0,0,0,0,0,0.05093993
2020-03-23,NEPTUNE,348.959523,PISCES,18.959523,0,0,0,0,0,0.03702513
2020-03-23,PLUTO,294.723156,CAPRICORN,24.723156,0,0,0,0,0,0.01593281
2020-03-24,SUN,4.308941,ARIES,4.308941,0,0,0,0,0,0.99152262
2020-03-24,MERCURY,336.559494,PISCES,6.559494,0,0,0,0,0,1.01626747
2020-03-24,VENUS,50.308654,TAURUS,20.308654,0,0,0,0,0,0.99035141
2020-03-24,MARS,295.606501,CAPRICORN,25.606501,0,0,0,0,0,0.69488854
2020-03-24,JUPITER,293.399997,CAPRICORN,23.399997,0,0,0,0,0,0.14126242
2020-03-24,SATURN,300.171396,AQUARIUS,0.171396,0,0,0,0,0,0.07195542
2020-03-24,URANUS,34.768584,TAURUS,4.768584,0,0,0,0,0,0.05132228
2020-03-24,NEPTUNE,348.996482,PISCES,18.996482,0,0,0,0,0,0.03689291
2020-03-24,PLUTO,294.738862,CAPRICORN,24.738862,0,0,0,0,0,0.01547948
2020-03-25,SUN,5.30018,ARIES,5.30018,0,0,0,0,0,0.99094995
2020-03-25,MERCURY,337.597506,PISCES,7.597506,0,0,0,0,0,1.05936015
2020-03-25,VENUS,51.295352,TAURUS,21.295352,0,0,0,0,0,0.98300327
2020-03-25,MARS,296.301413,CAPRICORN,26.301413,0,0,0,0,0,0.69493231
2020-03-25,JUPITER,293.540172,CAPRICORN,23.540172,0,0,0,0,0,0.13908335
2020-03-25,SATURN,300.242714,AQUARIUS,0.242714,0,0,0,0,0,0.07068006
2020-03-25,URANUS,34.820094,TAURUS,4.820094,0,0,0,0,0,0.0516968
2020-03-25,NEPTUNE,349.033307,PISCES,19.033307,0,0,0,0,0,0.03675602
2020-03-25,PLUTO,294.754116,CAPRICORN,24.754116,0,0,0,0,0,0.0150268
2020-03-26,SUN,6.29084,ARIES,6.29084,0,0,0,0,0,0.9903666
2020-03-26,MERCURY,338.677489,PISCES,8.677489,0,0,0,0,0,1.10024369
2020-03-26,VENUS,52.274577,TAURUS,22.274577,0,0,0,0,0,0.97540304
2020-03-26,MARS,296.996364,CAPRICORN,26.996364,0,0,0,0,0,0.69496904
2020-03-26,JUPITER,293.678156,CAPRICORN,23.678156,0,0,0,0,0,0.13688002
2020-03-26,SATURN,300.312752,AQUARIUS,0.312752,0,0,0,0,0,0.06939376
2020-03-26,URANUS,34.871975,TAURUS,4.871975,0,0,0,0,0,0.05206316
2020-03-26,NEPTUNE,349.069993,PISCES,19.069993,0,0,0,0,0,0.03661433
2020-03-26,PLUTO,294.768916,CAPRICORN,24.768916,0,0,0,0,0,0.01457478
2020-03-27,SUN,7.280913,ARIES,7.280913,0,0,0,0,0,0.98977275
2020-03-27,MERCURY,339.797341,PISCES,9.797341,0,0,0,0,0,1.13913369
2020-03-27,VENUS,53.246069,TAURUS,23.246069,0,0,0,0,0,0.9675376
2020-03-27,MARS,297.69135,CAPRICORN,27.69135,0,0,0,0,0,0.69499948
2020-03-27,JUPITER,293.813924,CAPRICORN,23.813924,0,0,0,0,0,0.13465233
2020-03-27,SATURN,300.381498,AQUARIUS,0.381498,0,0,0,0,0,0.06809635
2020-03-27,URANUS,34.924218,TAURUS,4.924218,0,0,0,0,0,0.05242059
2020-03-27,NEPTUNE,349.106535,PISCES,19.106535,0,0,0,0,0,0.03646724
2020-03-27,PLUTO,294.783265,CAPRICORN,24.783265,0,0,0,0,0,0.01412291
2020-03-28,SUN,8.270386,ARIES,8.270386,0,0,0,0,0,0.98916821
2020-03-28,MERCURY,340.95517,PISCES,10.95517,0,0,0,0,0,1.17623014
2020-03-28,VENUS,54.209558,TAURUS,24.209558,0,0,0,0,0,0.95939296
2020-03-28,MARS,298.386362,CAPRICORN,28.386362,0,0,0,0,0,0.69502374
2020-03-28,JUPITER,293.947452,CAPRICORN,23.947452,0,0,0,0,0,0.13239961
2020-03-28,SATURN,300.448941,AQUARIUS,0.448941,0,0,0,0,0,0.06678704
2020-03-28,URANUS,34.976814,TAURUS,4.976814,0,0,0,0,0,0.0527678
2020-03-28,NEPTUNE,349.142926,PISCES,19.142926,0,0,0,0,0,0.0363136
2020-03-28,PLUTO,294.797162,CAPRICORN,24.797162,0,0,0,0,0,0.01367019
2020-03-29,SUN,9.25925,ARIES,9.25925,0,0,0,0,0,0.98855268
2020-03-29,MERCURY,342.149276,PISCES,12.149276,0,0,0,0,0,1.2117179
2020-03-29,VENUS,55.164757,TAURUS,25.164757,0,0,0,0,0,0.9509544
2020-03-29,MARS,299.081396,CAPRICORN,29.081396,0,0,0,0,0,0.69504168
2020-03-29,JUPITER,294.078715,CAPRICORN,24.078715,0,0,0,0,0,0.13012086
2020-03-29,SATURN,300.515068,AQUARIUS,0.515068,0,0,0,0,0,0.0654647
2020-03-29,URANUS,35.02975,TAURUS,5.02975,0,0,0,0,0,0.05310307
2020-03-29,NEPTUNE,349.17916,PISCES,19.17916,0,0,0,0,0,0.0361519
2020-03-29,PLUTO,294.810605,CAPRICORN,24.810605,0,0,0,0,0,0.01321514
2020-03-30,SUN,10.247492,ARIES,10.247492,0,0,0,0,0,0.98792596
2020-03-30,MERCURY,343.378137,PISCES,13.378137,0,0,0,0,0,1.24576815
2020-03-30,VENUS,56.111364,TAURUS,26.111364,0,0,0,0,0,0.94220662
2020-03-30,MARS,299.776445,CAPRICORN,29.776445,0,0,0,0,0,0.6950532
2020-03-30,JUPITER,294.207685,CAPRICORN,24.207685,0,0,0,0,0,0.12781501
2020-03-30,SATURN,300.579866,AQUARIUS,0.579866,0,0,0,0,0,0.06412808
2020-03-30,URANUS,35.083016,TAURUS,5.083016,0,0,0,0,0,0.05342474
2020-03-30,NEPTUNE,349.215228,PISCES,19.215228,0,0,0,0,0,0.03598052
2020-03-30,PLUTO,294.823591,CAPRICORN,24.823591,0,0,0,0,0,0.01275627
2020-03-31,SUN,11.235102,ARIES,11.235102,0,0,0,0,0,0.98728836
2020-03-31,MERCURY,344.640397,PISCES,14.640397,0,0,0,0,0,1.27853956
2020-03-31,VENUS,57.049061,TAURUS,27.049061,0,0,0,0,0,0.93313402
2020-03-31,MARS,300.471502,AQUARIUS,0.471502,0,1,0,0,0,0.69505847
2020-03-31,JUPITER,294.334335,CAPRICORN,24.334335,0,0,0,0,0,0.12548112
2020-03-31,SATURN,300.643319,AQUARIUS,0.643319,0,0,0,0,0,0.06277611
2020-03-31,URANUS,35.136595,TAURUS,5.136595,0,0,0,0,0,0.0537311
2020-03-31,NEPTUNE,349.251118,PISCES,19.251118,0,0,0,0,0,0.03579794
2020-03-31,PLUTO,294.836116,CAPRICORN,24.836116,0,0,0,0,0,0.01229214
2020-04-01,SUN,12.22207,ARIES,12.22207,0,0,0,0,0,0.98664076
2020-04-01,MERCURY,345.934849,PISCES,15.934849,0,0,0,0,0,1.3101793
2020-04-01,VENUS,57.977518,TAURUS,27.977518,0,0,0,0,0,0.92372087
2020-04-01,MARS,301.166561,AQUARIUS,1.166561,0,0,0,0,0,0.69505797
2020-04-01,JUPITER,294.458638,CAPRICORN,24.458638,0,0,0,0,0,0.12311838
2020-04-01,SATURN,300.705413,AQUARIUS,0.705413,0,0,0,0,0,0.06140783
2020-04-01,URANUS,35.190473,TAURUS,5.190473,0,0,0,0,0,0.05402067
2020-04-01,NEPTUNE,349.28682,PISCES,19.28682,0,0,0,0,0,0.03560277
2020-04-01,PLUTO,294.848173,CAPRICORN,24.848173,0,0,0,0,0,0.01182141
2020-04-02,SUN,13.208386,ARIES,13.208386,0,0,0,0,0,0.9859851
2020-04-02,MERCURY,347.260433,PISCES,17.260433,0,0,0,0,0,1.34082419
2020-04-02,VENUS,58.896385,TAURUS,28.896385,0,0,0,0,0,0.9139521
2020-04-02,MARS,301.861617,AQUARIUS,1.861617,0,0,0,0,0,0.6950526
2020-04-02,JUPITER,294.580562,CAPRICORN,24.580562,0,0,0,0,0,0.12072627
2020-04-02,SATURN,300.766129,AQUARIUS,0.766129,0,0,0,0,0,0.06002248
2020-04-02,URANUS,35.244631,TAURUS,5.244631,0,0,0,0,0,0.05429229
2020-04-02,NEPTUNE,349.322319,PISCES,19.322319,0,0,0,0,0,0.03539393
2020-04-02,PLUTO,294.859756,CAPRICORN,24.859756,0,0,0,0,0,0.01134302
2020-04-03,SUN,14.194043,ARIES,14.194043,0,0,0,0,0,0.98532521
2020-04-03,MERCURY,348.616218,PISCES,18.616218,0,0,0,0,0,1.37060237
2020-04-03,VENUS,59.8053,TAURUS,29.8053,0,0,0,0,0,0.90381472
2020-04-03,MARS,302.556666,AQUARIUS,2.556666,0,0,0,0,0,0.69504394
2020-04-03,JUPITER,294.700081,CAPRICORN,24.700081,0,0,0,0,0,0.11830513
2020-04-03,SATURN,300.825452,AQUARIUS,0.825452,0,0,0,0,0,0.05862036
2020-04-03,URANUS,35.299051,TAURUS,5.299051,0,0,0,0,0,0.0545458
2020-04-03,NEPTUNE,349.357603,PISCES,19.357603,0,0,0,0,0,0.03517129
2020-04-03,PLUTO,294.870857,CAPRICORN,24.870857,0,0,0,0,0,0.01085686
2020-04-04,SUN,15.179041,ARIES,15.179041,0,0,0,0,0,0.98466773
2020-04-04,MERCURY,350.001398,PISCES,20.001398,0,0,0,0,0,1.39963493
2020-04-04,VENUS,60.703889,GEMINI,0.703889,0,1,0,0,0,0.89329929
2020-04-04,MARS,303.251706,AQUARIUS,3.251706,0,0,0,0,0,0.69503518
2020-04-04,JUPITER,294.817164,CAPRICORN,24.817164,0,0,0,0,0,0.11585708
2020-04-04,SATURN,300.883365,AQUARIUS,0.883365,0,0,0,0,0,0.05720354
2020-04-04,URANUS,35.353717,TAURUS,5.353717,0,0,0,0,0,0.0547831
2020-04-04,NEPTUNE,349.392658,PISCES,19.392658,0,0,0,0,0,0.03493674
2020-04-04,PLUTO,294.881468,CAPRICORN,24.881468,0,0,0,0,0,0.01036479
2020-04-05,SUN,16.163387,ARIES,16.163387,0,0,0,0,0,0.98402215
2020-04-05,MERCURY,351.415285,PISCES,21.415285,0,0,0,0,0,1.42803639
2020-04-05,VENUS,61.591772,GEMINI,1.591772,0,0,0,0,0,0.88240096
2020-04-05,MARS,303.946738,AQUARIUS,3.946738,0,0,0,0,0,0.69503077
2020-04-05,JUPITER,294.931787,CAPRICORN,24.931787,0,0,0,0,0,0.11338628
2020-04-05,SATURN,300.939856,AQUARIUS,0.939856,0,0,0,0,0,0.05577638
2020-04-05,URANUS,35.408614,TAURUS,5.408614,0,0,0,0,0,0.05500856
2020-04-05,NEPTUNE,349.427474,PISCES,19.427474,0,0,0,0,0,0.03469454
2020-04-05,PLUTO,294.891586,CAPRICORN,24.891586,0,0,0,0,0,0.00987092
2020-04-06,SUN,17.147097,ARIES,17.147097,0,0,0,0,0,0.98339921
2020-04-06,MERCURY,352.857304,PISCES,22.857304,0,0,0,0,0,1.45591412
2020-04-06,VENUS,62.468563,GEMINI,2.468563,0,0,0,0,0,0.871118
2020-04-06,MARS,304.641771,AQUARIUS,4.641771,0,0,0,0,0,0.69503506
2020-04-06,JUPITER,295.04393,CAPRICORN,25.04393,0,0,0,0,0,0.11089775
2020-04-06,SATURN,300.994916,AQUARIUS,0.994916,0,0,0,0,0,0.05434428
2020-04-06,URANUS,35.463733,TAURUS,5.463733,0,0,0,0,0,0.05522791
2020-04-06,NEPTUNE,349.462046,PISCES,19.462046,0,0,0,0,0,0.03445026
2020-04-06,PLUTO,294.901211,CAPRICORN,24.901211,0,0,0,0,0,0.00938077
2020-04-07,SUN,18.1302,ARIES,18.1302,0,0,0,0,0,0.98280763
2020-04-07,MERCURY,354.32698,PISCES,24.32698,0,0,0,0,0,1.483366
2020-04-07,VENUS,63.333879,GEMINI,3.333879,0,0,0,0,0,0.85944879
2020-04-07,MARS,305.336813,AQUARIUS,5.336813,0,0,0,0,0,0.69504984
2020-04-07,JUPITER,295.153578,CAPRICORN,25.153578,0,0,0,0,0,0.10839512
2020-04-07,SATURN,301.048544,AQUARIUS,1.048544,0,0,0,0,0,0.05291151
2020-04-07,URANUS,35.51907,TAURUS,5.51907,0,0,0,0,0,0.0554459
2020-04-07,NEPTUNE,349.496375,PISCES,19.496375,0,0,0,0,0,0.03420848
2020-04-07,PLUTO,294.91035,CAPRICORN,24.91035,0,0,0,0,0,0.0088987
2020-04-08,SUN,19.112728,ARIES,19.112728,0,0,0,0,0,0.98225093
2020-04-08,MERCURY,355.823932,PISCES,25.823932,0,0,0,0,0,1.51047808
2020-04-08,VENUS,64.18733,GEMINI,4.18733,0,0,0,0,0,0.84738785
2020-04-08,MARS,306.031874,AQUARIUS,6.031874,0,0,0,0,0,0.69507214
2020-04-08,JUPITER,295.260716,CAPRICORN,25.260716,0,0,0,0,0,0.1058783
2020-04-08,SATURN,301.100739,AQUARIUS,1.100739,0,0,0,0,0,0.05147875
2020-04-08,URANUS,35.574625,TAURUS,5.574625,0,0,0,0,0,0.05566389
2020-04-08,NEPTUNE,349.530465,PISCES,19.530465,0,0,0,0,0,0.0339704
2020-04-08,PLUTO,294.919011,CAPRICORN,24.919011,0,0,0,0,0,0.0084258
2020-04-09,SUN,20.094715,ARIES,20.094715,0,0,0,0,0,0.98172637
2020-04-09,MERCURY,357.347857,PISCES,27.347857,0,0,0,0,0,1.53732462
2020-04-09,VENUS,65.028519,GEMINI,5.028519,0,0,0,0,0,0.83492347
2020-04-09,MARS,306.726958,AQUARIUS,6.726958,0,0,0,0,0,0.69509383
2020-04-09,JUPITER,295.365329,CAPRICORN,25.365329,0,0,0,0,0,0.10334304
2020-04-09,SATURN,301.151501,AQUARIUS,1.151501,0,0,0,0,0,0.05004258
2020-04-09,URANUS,35.630397,TAURUS,5.630397,0,0,0,0,0,0.05587918
2020-04-09,NEPTUNE,349.564317,PISCES,19.564317,0,0,0,0,0,0.03373314
2020-04-09,PLUTO,294.927204,CAPRICORN,24.927204,0,0,0,0,0,0.00795909
2020-04-10,SUN,21.076192,ARIES,21.076192,0,0,0,0,0,0.98122622
2020-04-10,MERCURY,358.898523,PISCES,28.898523,0,0,0,0,0,1.56396993
2020-04-10,VENUS,65.857035,GEMINI,5.857035,0,0,0,0,0,0.82203752
2020-04-10,MARS,307.422059,AQUARIUS,7.422059,0,0,0,0,0,0.69510402
2020-04-10,JUPITER,295.467394,CAPRICORN,25.467394,0,0,0,0,0,0.10078246
2020-04-10,SATURN,301.200821,AQUARIUS,1.200821,0,0,0,0,0,0.04859698
2020-04-10,URANUS,35.686381,TAURUS,5.686381,0,0,0,0,0,0.05608624
2020-04-10,NEPTUNE,349.59793,PISCES,19.59793,0,0,0,0,0,0.03349105
2020-04-10,PLUTO,294.93493,CAPRICORN,24.93493,0,0,0,0,0,0.00749291
2020-04-11,SUN,22.057176,ARIES,22.057176,0,0,0,0,0,0.980741
2020-04-11,MERCURY,0.475758,ARIES,0.475758,0,1,0,0,0,1.59047187
2020-04-11,VENUS,66.672445,GEMINI,6.672445,0,0,0,0,0,0.80870752
2020-04-11,MARS,308.11716,AQUARIUS,8.11716,0,0,0,0,0,0.69509234
2020-04-11,JUPITER,295.566883,CAPRICORN,25.566883,0,0,0,0,0,0.09819003
2020-04-11,SATURN,301.248689,AQUARIUS,1.248689,0,0,0,0,0,0.04713594
2020-04-11,URANUS,35.742566,TAURUS,5.742566,0,0,0,0,0,0.05627942
2020-04-11,NEPTUNE,349.631297,PISCES,19.631297,0,0,0,0,0,0.03323844
2020-04-11,PLUTO,294.942188,CAPRICORN,24.942188,0,0,0,0,0,0.00702172
2020-04-12,SUN,23.037678,ARIES,23.037678,0,0,0,0,0,0.98026254
2020-04-12,MERCURY,2.079446,ARIES,2.079446,0,0,0,0,0,1.61688487
2020-04-12,VENUS,67.474293,GEMINI,7.474293,0,0,0,0,0,0.79490868
2020-04-12,MARS,308.812236,AQUARIUS,8.812236,0,0,0,0,0,0.69505165
2020-04-12,JUPITER,295.663762,CAPRICORN,25.663762,0,0,0,0,0,0.09556176
2020-04-12,SATURN,301.295087,AQUARIUS,1.295087,0,0,0,0,0,0.04565597
2020-04-12,URANUS,35.798935,TAURUS,5.798935,0,0,0,0,0,0.05645511
2020-04-12,NEPTUNE,349.664403,PISCES,19.664403,0,0,0,0,0,0.03297179
2020-04-12,PLUTO,294.948971,CAPRICORN,24.948971,0,0,0,0,0,0.00654215
2020-04-13,SUN,24.017703,ARIES,24.017703,0,0,0,0,0,0.97978548
2020-04-13,MERCURY,3.709523,ARIES,3.709523,0,0,0,0,0,1.64326089
2020-04-13,VENUS,68.262096,GEMINI,8.262096,0,0,0,0,0,0.78061565
2020-04-13,MARS,309.507254,AQUARIUS,9.507254,0,0,0,0,0,0.69497896
2020-04-13,JUPITER,295.757994,CAPRICORN,25.757994,0,0,0,0,0,0.09289701
2020-04-13,SATURN,301.339995,AQUARIUS,1.339995,0,0,0,0,0,0.04415656
2020-04-13,URANUS,35.85547,TAURUS,5.85547,0,0,0,0,0,0.05661253
2020-04-13,NEPTUNE,349.697236,PISCES,19.697236,0,0,0,0,0,0.03269036
2020-04-13,PLUTO,294.955269,CAPRICORN,24.955269,0,0,0,0,0,0.00605371
2020-04-14,SUN,24.997251,ARIES,24.997251,0,0,0,0,0,0.97930706
2020-04-14,MERCURY,5.365978,ARIES,5.365978,0,0,0,0,0,1.66964836
2020-04-14,VENUS,69.03535,GEMINI,9.03535,0,0,0,0,0,0.76580291
2020-04-14,MARS,310.202184,AQUARIUS,10.202184,0,0,0,0,0,0.69487448
2020-04-14,JUPITER,295.849544,CAPRICORN,25.849544,0,0,0,0,0,0.09019745
2020-04-14,SATURN,301.383394,AQUARIUS,1.383394,0,0,0,0,0,0.04263936
2020-04-14,URANUS,35.912154,TAURUS,5.912154,0,0,0,0,0,0.05675284
2020-04-14,NEPTUNE,349.72978,PISCES,19.72978,0,0,0,0,0,0.03239552
2020-04-14,PLUTO,294.961076,CAPRICORN,24.961076,0,0,0,0,0,0.00555801
2020-04-15,SUN,25.976319,ARIES,25.976319,0,0,0,0,0,0.97882614
2020-04-15,MERCURY,7.048844,ARIES,7.048844,0,0,0,0,0,1.69609054
2020-04-15,VENUS,69.79352,GEMINI,9.79352,0,0,0,0,0,0.75044434
2020-04-15,MARS,310.896994,AQUARIUS,10.896994,0,0,0,0,0,0.69473992
2020-04-15,JUPITER,295.938378,CAPRICORN,25.938378,0,0,0,0,0,0.0874658
2020-04-15,SATURN,301.425268,AQUARIUS,1.425268,0,0,0,0,0,0.04110697
2020-04-15,URANUS,35.968971,TAURUS,5.968971,0,0,0,0,0,0.05687807
2020-04-15,NEPTUNE,349.762023,PISCES,19.762023,0,0,0,0,0,0.03208943
2020-04-15,PLUTO,294.966384,CAPRICORN,24.966384,0,0,0,0,0,0.00505745
2020-04-16,SUN,26.954905,ARIES,26.954905,0,0,0,0,0,0.97834233
2020-04-16,MERCURY,8.758195,ARIES,8.758195,0,0,0,0,0,1.72262322
2020-04-16,VENUS,70.536047,GEMINI,10.536047,0,0,0,0,0,0.73451328
2020-04-16,MARS,311.591655,AQUARIUS,11.591655,0,0,0,0,0,0.69457749
2020-04-16,JUPITER,296.024466,CAPRICORN,26.024466,0,0,0,0,0,0.08470489
2020-04-16,SATURN,301.465604,AQUARIUS,1.465604,0,0,0,0,0,0.03956204
2020-04-16,URANUS,36.025906,TAURUS,6.025906,0,0,0,0,0,0.0569902
2020-04-16,NEPTUNE,349.793956,PISCES,19.793956,0,0,0,0,0,0.03177429
2020-04-16,PLUTO,294.97119,CAPRICORN,24.97119,0,0,0,0,0,0.00455437
2020-04-17,SUN,27.933005,ARIES,27.933005,0,0,0,0,0,0.97785551
2020-04-17,MERCURY,10.494135,ARIES,10.494135,0,0,0,0,0,1.74927345
2020-04-17,VENUS,71.262346,GEMINI,11.262346,0,0,0,0,0,0.71798221
2020-04-17,MARS,312.286141,AQUARIUS,12.286141,0,0,0,0,0,0.69438924
2020-04-17,JUPITER,296.107779,CAPRICORN,26.107779,0,0,0,0,0,0.08191734
2020-04-17,SATURN,301.504389,AQUARIUS,1.504389,0,0,0,0,0,0.03800697
2020-04-17,URANUS,36.082948,TAURUS,6.082948,0,0,0,0,0,0.05709102
2020-04-17,NEPTUNE,349.82557,PISCES,19.82557,0,0,0,0,0,0.03145201
2020-04-17,PLUTO,294.975492,CAPRICORN,24.975492,0,0,0,0,0,0.00405089
2020-04-18,SUN,28.910617,ARIES,28.910617,0,0,0,0,0,0.97736559
2020-04-18,MERCURY,12.256791,ARIES,12.256791,0,0,0,0,0,1.77605793
2020-04-18,VENUS,71.971802,GEMINI,11.971802,0,0,0,0,0,0.70082281
2020-04-18,MARS,312.980426,AQUARIUS,12.980426,0,0,0,0,0,0.69417701
2020-04-18,JUPITER,296.188293,CAPRICORN,26.188293,0,0,0,0,0,0.07910553
2020-04-18,SATURN,301.541615,AQUARIUS,1.541615,0,0,0,0,0,0.03644385
2020-04-18,URANUS,36.140085,TAURUS,6.140085,0,0,0,0,0,0.05718207
2020-04-18,NEPTUNE,349.856858,PISCES,19.856858,0,0,0,0,0,0.03112426
2020-04-18,PLUTO,294.979292,CAPRICORN,24.979292,0,0,0,0,0,0.00354886
2020-04-19,SUN,29.887738,ARIES,29.887738,0,0,0,0,0,0.97687236
2020-04-19,MERCURY,14.046302,ARIES,14.046302,0,0,0,0,0,1.80298072
2020-04-19,VENUS,72.663771,GEMINI,12.663771,0,0,0,0,0,0.68300566
2020-04-19,MARS,313.674488,AQUARIUS,13.674488,0,0,0,0,0,0.69394235
2020-04-19,JUPITER,296.265983,CAPRICORN,26.265983,0,0,0,0,0,0.07627155
2020-04-19,SATURN,301.577275,AQUARIUS,1.577275,0,0,0,0,0,0.0348745
2020-04-19,URANUS,36.19731,TAURUS,6.19731,0,0,0,0,0,0.05726449
2020-04-19,NEPTUNE,349.887817,PISCES,19.887817,0,0,0,0,0,0.03079235
2020-04-19,PLUTO,294.982591,CAPRICORN,24.982591,0,0,0,0,0,0.00304973
2020-04-20,SUN,30.864363,TAURUS,0.864363,0,1,0,0,0,0.97637524
2020-04-20,MERCURY,15.8628,ARIES,15.8628,0,0,0,0,0,1.83003131
2020-04-20,VENUS,73.337582,GEMINI,13.337582,0,0,0,0,0,0.66449986
2020-04-20,MARS,314.368305,AQUARIUS,14.368305,0,0,0,0,0,0.69368645
2020-04-20,JUPITER,296.340829,CAPRICORN,26.340829,0,0,0,0,0,0.07341706
2020-04-20,SATURN,301.611362,AQUARIUS,1.611362,0,0,0,0,0,0.03330028
2020-04-20,URANUS,36.254612,TAURUS,6.254612,0,0,0,0,0,0.05733918
2020-04-20,NEPTUNE,349.918442,PISCES,19.918442,0,0,0,0,0,0.03045713
2020-04-20,PLUTO,294.985392,CAPRICORN,24.985392,0,0,0,0,0,0.00255445
2020-04-21,SUN,31.840489,TAURUS,1.840489,0,0,0,0,0,0.97587335
2020-04-21,MERCURY,17.706402,ARIES,17.706402,0,0,0,0,0,1.85718166
2020-04-21,VENUS,73.992529,GEMINI,13.992529,0,0,0,0,0,0.64527319
2020-04-21,MARS,315.061856,AQUARIUS,15.061856,0,0,0,0,0,0.69341025
2020-04-21,JUPITER,296.41281,CAPRICORN,26.41281,0,0,0,0,0,0.07054327
2020-04-21,SATURN,301.643874,AQUARIUS,1.643874,0,0,0,0,0,0.03172199
2020-04-21,URANUS,36.311986,TAURUS,6.311986,0,0,0,0,0,0.05740652
2020-04-21,NEPTUNE,349.94873,PISCES,19.94873,0,0,0,0,0,0.03011891
2020-04-21,PLUTO,294.987701,CAPRICORN,24.987701,0,0,0,0,0,0.0020635
2020-04-22,SUN,32.816111,TAURUS,2.816111,0,0,0,0,0,0.97536567
2020-04-22,MERCURY,19.577184,ARIES,19.577184,0,0,0,0,0,1.88438371
2020-04-22,VENUS,74.627875,GEMINI,14.627875,0,0,0,0,0,0.62529231
2020-04-22,MARS,315.75512,AQUARIUS,15.75512,0,0,0,0,0,0.69311445
2020-04-22,JUPITER,296.481909,CAPRICORN,26.481909,0,0,0,0,0,0.06765107
2020-04-22,SATURN,301.674805,AQUARIUS,1.674805,0,0,0,0,0,0.03014012
2020-04-22,URANUS,36.369423,TAURUS,6.369423,0,0,0,0,0,0.05746694
2020-04-22,NEPTUNE,349.978679,PISCES,19.978679,0,0,0,0,0,0.02977759
2020-04-22,PLUTO,294.989521,CAPRICORN,24.989521,0,0,0,0,0,0.00157693
2020-04-23,SUN,33.791222,TAURUS,3.791222,0,0,0,0,0,0.97485113
2020-04-23,MERCURY,21.475166,ARIES,21.475166,0,0,0,0,0,1.91156603
2020-04-23,VENUS,75.242849,GEMINI,15.242849,0,0,0,0,0,0.60452312
2020-04-23,MARS,316.448079,AQUARIUS,16.448079,0,0,0,0,0,0.69279961
2020-04-23,JUPITER,296.548106,CAPRICORN,26.548106,0,0,0,0,0,0.06474102
2020-04-23,SATURN,301.704153,AQUARIUS,1.704153,0,0,0,0,0,0.02855474
2020-04-23,URANUS,36.426918,TAURUS,6.426918,0,0,0,0,0,0.05752184
2020-04-23,NEPTUNE,350.008285,PISCES,20.008285,0,0,0,0,0,0.02943274
2020-04-23,PLUTO,294.990856,CAPRICORN,24.990856,0,0,0,0,0,0.00109436
2020-04-24,SUN,34.765814,TAURUS,4.765814,0,0,0,0,0,0.97432855
2020-04-24,MERCURY,23.40028,ARIES,23.40028,0,0,0,0,0,1.9386302
2020-04-24,VENUS,75.836645,GEMINI,15.836645,0,0,0,0,0,0.58293104
2020-04-24,MARS,317.140714,AQUARIUS,17.140714,0,0,0,0,0,0.69246607
2020-04-24,JUPITER,296.611385,CAPRICORN,26.611385,0,0,0,0,0,0.06181325
2020-04-24,SATURN,301.731913,AQUARIUS,1.731913,0,0,0,0,0,0.0269655
2020-04-24,URANUS,36.484467,TAURUS,6.484467,0,0,0,0,0,0.05757661
2020-04-24,NEPTUNE,350.037544,PISCES,20.037544,0,0,0,0,0,0.02908338
2020-04-24,PLUTO,294.991711,CAPRICORN,24.991711,0,0,0,0,0,0.00061491
2020-04-25,SUN,35.739879,TAURUS,5.739879,0,0,0,0,0,0.97379661
2020-04-25,MERCURY,25.352347,ARIES,25.352347,0,0,0,0,0,1.96544695
2020-04-25,VENUS,76.408423,GEMINI,16.408423,0,0,0,0,0,0.56048122
2020-04-25,MARS,317.833007,AQUARIUS,17.833007,0,0,0,0,0,0.69211375
2020-04-25,JUPITER,296.671727,CAPRICORN,26.671727,0,0,0,0,0,0.05886736
2020-04-25,SATURN,301.758082,AQUARIUS,1.758082,0,0,0,0,0,0.02537154
2020-04-25,URANUS,36.542078,TAURUS,6.542078,0,0,0,0,0,0.05764236
2020-04-25,NEPTUNE,350.066451,PISCES,20.066451,0,0,0,0,0,0.02872811
2020-04-25,PLUTO,294.992087,CAPRICORN,24.992087,0,0,0,0,0,0.00013729
2020-04-26,SUN,36.713407,TAURUS,6.713407,0,0,0,0,0,0.97325392
2020-04-26,MERCURY,27.331039,ARIES,27.331039,0,0,0,0,0,1.99185209
2020-04-26,VENUS,76.957308,GEMINI,16.957308,0,0,0,0,0,0.53713894
2020-04-26,MARS,318.524937,AQUARIUS,18.524937,0,0,0,0,0,0.69174244
2020-04-26,JUPITER,296.729113,CAPRICORN,26.729113,0,0,0,0,0,0.05590279
2020-04-26,SATURN,301.782654,AQUARIUS,1.782654,0,0,0,0,0,0.02377167
2020-04-26,URANUS,36.599476,TAURUS,6.599476,0,0,0,0,0,0.05712345
2020-04-26,NEPTUNE,350.094998,PISCES,20.094998,0,0,0,0,0,0.02836515
2020-04-26,PLUTO,294.991985,CAPRICORN,24.991985,1,0,1,0,1,-0.00034025
2020-04-27,SUN,37.686387,TAURUS,7.686387,0,0,0,0,0,0.97269952
2020-04-27,MERCURY,29.335848,ARIES,29.335848,0,0,0,0,0,2.0176436
2020-04-27,VENUS,77.48239,GEMINI,17.48239,0,0,0,0,0,0.5128705
2020-04-27,MARS,319.216487,AQUARIUS,19.216487,0,0,0,0,0,0.69135224
2020-04-27,JUPITER,296.783526,CAPRICORN,26.783526,0,0,0,0,0,0.05291894
2020-04-27,SATURN,301.805623,AQUARIUS,1.805623,0,0,0,0,0,0.02216475
2020-04-27,URANUS,36.657028,TAURUS,6.657028,0,0,0,0,0,0.05764486
2020-04-27,NEPTUNE,350.123178,PISCES,20.123178,0,0,0,0,0,0.02799277
2020-04-27,PLUTO,294.991406,CAPRICORN,24.991406,1,0,0,0,0,-0.00081935
2020-04-28,SUN,38.658807,TAURUS,8.658807,0,0,0,0,0,0.97213337
2020-04-28,MERCURY,31.366041,TAURUS,1.366041,0,1,0,0,0,2.04257871
2020-04-28,VENUS,77.982727,GEMINI,17.982727,0,0,0,0,0,0.48764416
2020-04-28,MARS,319.907637,AQUARIUS,19.907637,0,0,0,0,0,0.69094383
2020-04-28,JUPITER,296.834945,CAPRICORN,26.834945,0,0,0,0,0,0.04991569
2020-04-28,SATURN,301.826981,AQUARIUS,1.826981,0,0,0,0,0,0.02055011
2020-04-28,URANUS,36.714645,TAURUS,6.714645,0,0,0,0,0,0.05759093
2020-04-28,NEPTUNE,350.150981,PISCES,20.150981,0,0,0,0,0,0.02760974
2020-04-28,PLUTO,294.990346,CAPRICORN,24.990346,1,0,0,0,0,-0.00130125
2020-04-29,SUN,39.630655,TAURUS,9.630655,0,0,0,0,0,0.97155656
2020-04-29,MERCURY,33.420624,TAURUS,3.420624,0,0,0,0,0,2.0663723
2020-04-29,VENUS,78.457347,GEMINI,18.457347,0,0,0,0,0,0.46143128
2020-04-29,MARS,320.59837,AQUARIUS,20.59837,0,0,0,0,0,0.69051871
2020-04-29,JUPITER,296.883351,CAPRICORN,26.883351,0,0,0,0,0,0.04689356
2020-04-29,SATURN,301.846721,AQUARIUS,1.846721,0,0,0,0,0,0.01892765
2020-04-29,URANUS,36.772212,TAURUS,6.772212,0,0,0,0,0,0.05754244
2020-04-29,NEPTUNE,350.178394,PISCES,20.178394,0,0,0,0,0,0.02721539
2020-04-29,PLUTO,294.988802,CAPRICORN,24.988802,1,0,0,0,0,-0.0017866
2020-04-30,SUN,40.601921,TAURUS,10.601921,0,0,0,0,0,0.97097174
2020-04-30,MERCURY,35.498294,TAURUS,5.498294,0,0,0,0,0,2.0886973
2020-04-30,VENUS,78.90525,GEMINI,18.90525,0,0,0,0,0,0.43420769
2020-04-30,MARS,321.28867,AQUARIUS,21.28867,0,0,0,0,0,0.69007928
2020-04-30,JUPITER,296.928726,CAPRICORN,26.928726,0,0,0,0,0,0.04385379
2020-04-30,SATURN,301.864834,AQUARIUS,1.864834,0,0,0,0,0,0.01729806
2020-04-30,URANUS,36.829727,TAURUS,6.829727,0,0,0,0,0,0.05748413
2020-04-30,NEPTUNE,350.205408,PISCES,20.205408,0,0,0,0,0,0.02680989
2020-04-30,PLUTO,294.986771,CAPRICORN,24.986771,1,0,0,0,0,-0.00227524
2020-05-01,SUN,41.572601,TAURUS,11.572601,0,0,0,0,0,0.97038356
2020-05-01,MERCURY,37.597403,TAURUS,7.597403,0,0,0,0,0,2.10918746
2020-05-01,VENUS,79.325417,GEMINI,19.325417,0,0,0,0,0,0.40595557
2020-05-01,MARS,321.978525,AQUARIUS,21.978525,0,0,0,0,0,0.68962893
2020-05-01,JUPITER,296.971053,CAPRICORN,26.971053,0,0,0,0,0,0.04079865
2020-05-01,SATURN,301.881315,AQUARIUS,1.881315,0,0,0,0,0,0.01566314
2020-05-01,URANUS,36.887176,TAURUS,6.887176,0,0,0,0,0,0.05741252
2020-05-01,NEPTUNE,350.232011,PISCES,20.232011,0,0,0,0,0,0.0263946
2020-05-01,PLUTO,294.98425,CAPRICORN,24.98425,1,0,0,0,0,-0.00276584
2020-05-02,SUN,42.542694,TAURUS,12.542694,0,0,0,0,0,0.96979906
2020-05-02,MERCURY,39.71592,TAURUS,9.71592,0,0,0,0,0,2.12744346
2020-05-02,VENUS,79.716813,GEMINI,19.716813,0,0,0,0,0,0.37666541
2020-05-02,MARS,322.667926,AQUARIUS,22.667926,0,0,0,0,0,0.68917215
2020-05-02,JUPITER,297.010319,CAPRICORN,27.010319,0,0,0,0,0,0.03773177
2020-05-02,SATURN,301.896159,AQUARIUS,1.896159,0,0,0,0,0,0.01402616
2020-05-02,URANUS,36.944548,TAURUS,6.944548,0,0,0,0,0,0.05732911
2020-05-02,NEPTUNE,350.258195,PISCES,20.258195,0,0,0,0,0,0.02597245
2020-05-02,PLUTO,294.981239,CAPRICORN,24.981239,1,0,0,0,0,-0.00325558
2020-05-03,SUN,43.512208,TAURUS,13.512208,0,0,0,0,0,0.9692274
2020-05-03,MERCURY,41.851399,TAURUS,11.851399,0,0,0,0,0,2.143039
2020-05-03,VENUS,80.078399,GEMINI,20.078399,0,0,0,0,0,0.34633735
2020-05-03,MARS,323.35687,AQUARIUS,23.35687,0,0,0,0,0,0.68871403
2020-05-03,JUPITER,297.046514,CAPRICORN,27.046514,0,0,0,0,0,0.03465792
2020-05-03,SATURN,301.909368,AQUARIUS,1.909368,0,0,0,0,0,0.01239162
2020-05-03,URANUS,37.001832,TAURUS,7.001832,0,0,0,0,0,0.05723785
2020-05-03,NEPTUNE,350.283955,PISCES,20.283955,0,0,0,0,0,0.0255478
2020-05-03,PLUTO,294.977741,CAPRICORN,24.977741,1,0,0,0,0,-0.00374024
2020-05-04,SUN,44.481161,TAURUS,14.481161,0,0,0,0,0,0.96867839
2020-05-04,MERCURY,44.000942,TAURUS,14.000942,0,0,0,0,0,2.15544934
2020-05-04,VENUS,80.409142,GEMINI,20.409142,0,0,0,0,0,0.31498132
2020-05-04,MARS,324.045356,AQUARIUS,24.045356,0,0,0,0,0,0.68825867
2020-05-04,JUPITER,297.079634,CAPRICORN,27.079634,0,0,0,0,0,0.03158168
2020-05-04,SATURN,301.920945,AQUARIUS,1.920945,0,0,0,0,0,0.01076414
2020-05-04,URANUS,37.059023,TAURUS,7.059023,0,0,0,0,0,0.05714321
2020-05-04,NEPTUNE,350.309291,PISCES,20.309291,0,0,0,0,0,0.0251253
2020-05-04,PLUTO,294.973762,CAPRICORN,24.973762,1,0,0,0,0,-0.00421532
2020-05-05,SUN,45.449579,TAURUS,15.449579,0,0,0,0,0,0.96816
2020-05-05,MERCURY,46.161415,TAURUS,16.161415,0,0,0,0,0,2.16449649
2020-05-05,VENUS,80.708022,GEMINI,20.708022,0,0,0,0,0,0.28261531
2020-05-05,MARS,324.733389,AQUARIUS,24.733389,0,0,0,0,0,0.68780683
2020-05-05,JUPITER,297.109677,CAPRICORN,27.109677,0,0,0,0,0,0.02850565
2020-05-05,SATURN,301.930899,AQUARIUS,1.930899,0,0,0,0,0,0.00914647
2020-05-05,URANUS,37.116119,TAURUS,7.116119,0,0,0,0,0,0.05704816
2020-05-05,NEPTUNE,350.334207,PISCES,20.334207,0,0,0,0,0,0.02470785
2020-05-05,PLUTO,294.969314,CAPRICORN,24.969314,1,0,0,0,0,-0.00467808
2020-05-06,SUN,46.417496,TAURUS,16.417496,0,0,0,0,0,0.9676759
2020-05-06,MERCURY,48.328836,TAURUS,18.328836,0,0,0,0,0,2.16964103
2020-05-06,VENUS,80.974041,GEMINI,20.974041,0,0,0,0,0,0.2492635
2020-05-06,MARS,325.420971,AQUARIUS,25.420971,0,0,0,0,0,0.68735426
2020-05-06,JUPITER,297.136644,CAPRICORN,27.136644,0,0,0,0,0,0.02542869
2020-05-06,SATURN,301.939241,AQUARIUS,1.939241,0,0,0,0,0,0.00753785
2020-05-06,URANUS,37.173119,TAURUS,7.173119,0,0,0,0,0,0.05695234
2020-05-06,NEPTUNE,350.358709,PISCES,20.358709,0,0,0,0,0,0.02429499
2020-05-06,PLUTO,294.964409,CAPRICORN,24.964409,1,0,0,0,0,-0.00512914
2020-05-07,SUN,47.384946,TAURUS,17.384946,0,0,0,0,0,0.96722462
2020-05-07,MERCURY,50.499249,TAURUS,20.499249,0,0,0,0,0,2.17045265
2020-05-07,VENUS,81.206226,GEMINI,21.206226,0,0,0,0,0,0.21495448
2020-05-07,MARS,326.108096,AQUARIUS,26.108096,0,0,0,0,0,0.68689166
2020-05-07,JUPITER,297.160532,CAPRICORN,27.160532,0,0,0,0,0,0.02234614
2020-05-07,SATURN,301.945976,AQUARIUS,1.945976,0,0,0,0,0,0.00593393
2020-05-07,URANUS,37.230022,TAURUS,7.230022,0,0,0,0,0,0.05685189
2020-05-07,NEPTUNE,350.382798,PISCES,20.382798,0,0,0,0,0,0.02388276
2020-05-07,PLUTO,294.959058,CAPRICORN,24.959058,1,0,0,0,0,-0.00557254
2020-05-08,SUN,48.351958,TAURUS,18.351958,0,0,0,0,0,0.96680073
2020-05-08,MERCURY,52.668208,TAURUS,22.668208,0,0,0,0,0,2.16669458
2020-05-08,VENUS,81.403638,GEMINI,21.403638,0,0,0,0,0,0.1797214
2020-05-08,MARS,326.794749,AQUARIUS,26.794749,0,0,0,0,0,0.68640705
2020-05-08,JUPITER,297.181332,CAPRICORN,27.181332,0,0,0,0,0,0.01925157
2020-05-08,SATURN,301.951108,AQUARIUS,1.951108,0,0,0,0,0,0.00432868
2020-05-08,URANUS,37.28682,TAURUS,7.28682,0,0,0,0,0,0.05674101
2020-05-08,NEPTUNE,350.406473,PISCES,20.406473,0,0,0,0,0,0.02346531
2020-05-08,PLUTO,294.953265,CAPRICORN,24.953265,1,0,0,0,0,-0.00601415
2020-05-09,SUN,49.318557,TAURUS,19.318557,0,0,0,0,0,0.96639728
2020-05-09,MERCURY,54.831039,TAURUS,24.831039,0,0,0,0,0,2.15817447
2020-05-09,VENUS,81.56537,GEMINI,21.56537,0,0,0,0,0,0.14360332
2020-05-09,MARS,327.480901,AQUARIUS,27.480901,0,0,0,0,0,0.68588903
2020-05-09,JUPITER,297.19903,CAPRICORN,27.19903,0,0,0,0,0,0.01613961
2020-05-09,SATURN,301.954631,AQUARIUS,1.954631,0,0,0,0,0,0.00271685
2020-05-09,URANUS,37.3435,TAURUS,7.3435,0,0,0,0,0,0.05661454
2020-05-09,NEPTUNE,350.429726,PISCES,20.429726,0,0,0,0,0,0.02303739
2020-05-09,PLUTO,294.947029,CAPRICORN,24.947029,1,0,0,0,0,-0.00645907
2020-05-10,SUN,50.28476,TAURUS,20.28476,0,0,0,0,0,0.96600822
2020-05-10,MERCURY,56.982928,TAURUS,26.982928,0,0,0,0,0,2.14480534
2020-05-10,VENUS,81.690561,GEMINI,21.690561,0,0,0,0,0,0.10664774
2020-05-10,MARS,328.166514,AQUARIUS,28.166514,0,0,0,0,0,0.68532968
2020-05-10,JUPITER,297.213605,CAPRICORN,27.213605,0,0,0,0,0,0.01300802
2020-05-10,SATURN,301.956538,AQUARIUS,1.956538,0,0,0,0,0,0.00109598
2020-05-10,URANUS,37.400044,TAURUS,7.400044,0,0,0,0,0,0.05646972
2020-05-10,NEPTUNE,350.452544,PISCES,20.452544,0,0,0,0,0,0.02259642
2020-05-10,PLUTO,294.940345,CAPRICORN,24.940345,1,0,0,0,0,-0.00690976
2020-05-11,SUN,51.250579,TAURUS,21.250579,0,0,0,0,0,0.96562974
2020-05-11,MERCURY,59.11903,TAURUS,29.11903,0,0,0,0,0,2.12661522
2020-05-11,VENUS,81.778402,GEMINI,21.778402,0,0,0,0,0,0.06891314
2020-05-11,MARS,328.851546,AQUARIUS,28.851546,0,0,0,0,0,0.68472539
2020-05-11,JUPITER,297.225039,CAPRICORN,27.225039,0,0,0,0,0,0.00985798
2020-05-11,SATURN,301.95682,AQUARIUS,1.95682,1,0,1,0,1,-0.00053316
2020-05-11,URANUS,37.456434,TAURUS,7.456434,0,0,0,0,0,0.05630678
2020-05-11,NEPTUNE,350.474915,PISCES,20.474915,0,0,0,0,0,0.02214265
2020-05-11,PLUTO,294.933207,CAPRICORN,24.933207,1,0,0,0,0,-0.00736569
2020-05-12,SUN,52.216025,TAURUS,22.216025,0,0,0,0,0,0.9652599
2020-05-12,MERCURY,61.234585,GEMINI,1.234585,0,1,0,0,0,2.10374466
2020-05-12,VENUS,81.828148,GEMINI,21.828148,0,0,0,0,0,0.03047128
2020-05-12,MARS,329.535951,AQUARIUS,29.535951,0,0,0,0,0,0.6840758
2020-05-12,JUPITER,297.233316,CAPRICORN,27.233316,0,0,0,0,0,0.00669309
2020-05-12,SATURN,301.95547,AQUARIUS,1.95547,1,0,0,0,0,-0.00216767
2020-05-12,URANUS,37.512652,TAURUS,7.512652,0,0,0,0,0,0.0561278
2020-05-12,NEPTUNE,350.496826,PISCES,20.496826,0,0,0,0,0,0.0216784
2020-05-12,PLUTO,294.925612,CAPRICORN,24.925612,1,0,0,0,0,-0.00782438
2020-05-13,SUN,53.181104,TAURUS,23.181104,0,0,0,0,0,0.96489786
2020-05-13,MERCURY,63.325026,GEMINI,3.325026,0,0,0,0,0,2.07643492
2020-05-13,VENUS,81.839134,GEMINI,21.839134,1,0,1,0,1,-0.00859064
2020-05-13,MARS,330.219684,PISCES,0.219684,0,1,0,0,0,0.68338236
2020-05-13,JUPITER,297.238421,CAPRICORN,27.238421,0,0,0,0,0,0.00351772
2020-05-13,SATURN,301.952484,AQUARIUS,1.952484,1,0,0,0,0,-0.00380405
2020-05-13,URANUS,37.568685,TAURUS,7.568685,0,0,0,0,0,0.05593546
2020-05-13,NEPTUNE,350.518269,PISCES,20.518269,0,0,0,0,0,0.02120653
2020-05-13,PLUTO,294.917558,CAPRICORN,24.917558,1,0,0,0,0,-0.00828275
2020-05-14,SUN,54.145825,TAURUS,24.145825,0,0,0,0,0,0.96454306
2020-05-14,MERCURY,65.38607,GEMINI,5.38607,0,0,0,0,0,2.04500957
2020-05-14,VENUS,81.810791,GEMINI,21.810791,1,0,0,0,0,-0.04816848
2020-05-14,MARS,330.902702,PISCES,0.902702,0,0,0,0,0,0.6826467
2020-05-14,JUPITER,297.240349,CAPRICORN,27.240349,0,0,0,0,0,0.00033609
2020-05-14,SATURN,301.947862,AQUARIUS,1.947862,1,0,0,0,0,-0.00543904
2020-05-14,URANUS,37.62452,TAURUS,7.62452,0,0,0,0,0,0.05573204
2020-05-14,NEPTUNE,350.539237,PISCES,20.539237,0,0,0,0,0,0.02072958
2020-05-14,PLUTO,294.909048,CAPRICORN,24.909048,1,0,0,0,0,-0.00873812
2020-05-15,SUN,55.110195,TAURUS,25.110195,0,0,0,0,0,0.96419482
2020-05-15,MERCURY,67.413789,GEMINI,7.413789,0,0,0,0,0,2.00985183
2020-05-15,VENUS,81.742662,GEMINI,21.742662,1,0,0,0,0,-0.08813934
2020-05-15,MARS,331.584964,PISCES,1.584964,0,0,0,0,0,0.6818702
2020-05-15,JUPITER,297.239092,CAPRICORN,27.239092,1,0,1,0,1,-0.00284821
2020-05-15,SATURN,301.941607,AQUARIUS,1.941607,1,0,0,0,0,-0.00706999
2020-05-15,URANUS,37.680146,TAURUS,7.680146,0,0,0,0,0,0.05551924
2020-05-15,NEPTUNE,350.559727,PISCES,20.559727,0,0,0,0,0,0.02024944
2020-05-15,PLUTO,294.900084,CAPRICORN,24.900084,1,0,0,0,0,-0.00918846
2020-05-16,SUN,56.074219,TAURUS,26.074219,0,0,0,0,0,0.96385236
2020-05-16,MERCURY,69.404657,GEMINI,9.404657,0,0,0,0,0,1.97137996
2020-05-16,VENUS,81.634424,GEMINI,21.634424,1,0,0,0,0,-0.1283605
2020-05-16,MARS,332.266429,PISCES,2.266429,0,0,0,0,0,0.68105378
2020-05-16,JUPITER,297.234652,CAPRICORN,27.234652,1,0,0,0,0,-0.00603202
2020-05-16,SATURN,301.933724,AQUARIUS,1.933724,1,0,0,0,0,-0.00869489
2020-05-16,URANUS,37.735556,TAURUS,7.735556,0,0,0,0,0,0.05529831
2020-05-16,NEPTUNE,350.579736,PISCES,20.579736,0,0,0,0,0,0.01976748
2020-05-16,PLUTO,294.890672,CAPRICORN,24.890672,1,0,0,0,0,-0.00963225
2020-05-17,SUN,57.037903,TAURUS,27.037903,0,0,0,0,0,0.96351454
2020-05-17,MERCURY,71.355575,GEMINI,11.355575,0,0,0,0,0,1.93002338
2020-05-17,VENUS,81.485908,GEMINI,21.485908,1,0,0,0,0,-0.16866896
2020-05-17,MARS,332.947059,PISCES,2.947059,0,0,0,0,0,0.68019809
2020-05-17,JUPITER,297.227029,CAPRICORN,27.227029,1,0,0,0,0,-0.00921256
2020-05-17,SATURN,301.92422,AQUARIUS,1.92422,1,0,0,0,0,-0.01031196
2020-05-17,URANUS,37.790741,TAURUS,7.790741,0,0,0,0,0,0.05506994
2020-05-17,NEPTUNE,350.599262,PISCES,20.599262,0,0,0,0,0,0.01928471
2020-05-17,PLUTO,294.880821,CAPRICORN,24.880821,1,0,0,0,0,-0.01006842
2020-05-18,SUN,58.001252,TAURUS,28.001252,0,0,0,0,0,0.96317997
2020-05-18,MERCURY,73.26387,GEMINI,13.26387,0,0,0,0,0,1.88620102
2020-05-18,VENUS,81.297114,GEMINI,21.297114,1,0,0,0,0,-0.20888089
2020-05-18,MARS,333.626813,PISCES,3.626813,0,0,0,0,0,0.67930339
2020-05-18,JUPITER,297.216228,CAPRICORN,27.216228,1,0,0,0,0,-0.01238741
2020-05-18,SATURN,301.913103,AQUARIUS,1.913103,1,0,0,0,0,-0.01191999
2020-05-18,URANUS,37.845694,TAURUS,7.845694,0,0,0,0,0,0.05483452
2020-05-18,NEPTUNE,350.618305,PISCES,20.618305,0,0,0,0,0,0.0188016
2020-05-18,PLUTO,294.870538,CAPRICORN,24.870538,1,0,0,0,0,-0.01049638
2020-05-19,SUN,58.964266,TAURUS,28.964266,0,0,0,0,0,0.96284688
2020-05-19,MERCURY,75.127274,GEMINI,15.127274,0,0,0,0,0,1.84030405
2020-05-19,VENUS,81.068242,GEMINI,21.068242,1,0,0,0,0,-0.24879204
2020-05-19,MARS,334.305654,PISCES,4.305654,0,0,0,0,0,0.67836974
2020-05-19,JUPITER,297.202256,CAPRICORN,27.202256,1,0,0,0,0,-0.01555457
2020-05-19,SATURN,301.900383,AQUARIUS,1.900383,1,0,0,0,0,-0.01351821
2020-05-19,URANUS,37.900408,TAURUS,7.900408,0,0,0,0,0,0.05459191
2020-05-19,NEPTUNE,350.636865,PISCES,20.636865,0,0,0,0,0,0.01831823
2020-05-19,PLUTO,294.859831,CAPRICORN,24.859831,1,0,0,0,0,-0.01091596
2020-05-20,SUN,59.926948,TAURUS,29.926948,0,0,0,0,0,0.9625132
2020-05-20,MERCURY,76.943892,GEMINI,16.943892,0,0,0,0,0,1.7926827
2020-05-20,VENUS,80.799701,GEMINI,20.799701,1,0,0,0,0,-0.2881775
2020-05-20,MARS,334.983541,PISCES,4.983541,0,0,0,0,0,0.677397
2020-05-20,JUPITER,297.185122,CAPRICORN,27.185122,1,0,0,0,0,-0.0187124
2020-05-20,SATURN,301.88607,AQUARIUS,1.88607,1,0,0,0,0,-0.0151062
2020-05-20,URANUS,37.954875,TAURUS,7.954875,0,0,0,0,0,0.05434151
2020-05-20,NEPTUNE,350.654942,PISCES,20.654942,0,0,0,0,0,0.01783422
2020-05-20,PLUTO,294.848709,CAPRICORN,24.848709,1,0,0,0,0,-0.01132752
2020-05-21,SUN,60.889295,GEMINI,0.889295,0,1,0,0,0,0.96217661
2020-05-21,MERCURY,78.712155,GEMINI,18.712155,0,0,0,0,0,1.74363861
2020-05-21,VENUS,80.492139,GEMINI,20.492139,1,0,0,0,0,-0.32679326
2020-05-21,MARS,335.660436,PISCES,5.660436,0,0,0,0,0,0.67638492
2020-05-21,JUPITER,297.164835,CAPRICORN,27.164835,1,0,0,0,0,-0.0218596
2020-05-21,SATURN,301.870174,AQUARIUS,1.870174,1,0,0,0,0,-0.01668399
2020-05-21,URANUS,38.009088,TAURUS,8.009088,0,0,0,0,0,0.05408237
2020-05-21,NEPTUNE,350.672534,PISCES,20.672534,0,0,0,0,0,0.01734876
2020-05-21,PLUTO,294.837178,CAPRICORN,24.837178,1,0,0,0,0,-0.01173177
2020-05-22,SUN,61.851302,GEMINI,1.851302,0,0,0,0,0,0.96183452
2020-05-22,MERCURY,80.430768,GEMINI,20.430768,0,0,0,0,0,1.69342076
2020-05-22,VENUS,80.146454,GEMINI,20.146454,1,0,0,0,0,-0.3643772
2020-05-22,MARS,336.3363,PISCES,6.3363,0,0,0,0,0,0.67533316
2020-05-22,JUPITER,297.141406,CAPRICORN,27.141406,1,0,0,0,0,-0.02499526
2020-05-22,SATURN,301.852705,AQUARIUS,1.852705,1,0,0,0,0,-0.01825202
2020-05-22,URANUS,38.063037,TAURUS,8.063037,0,0,0,0,0,0.05381303
2020-05-22,NEPTUNE,350.689639,PISCES,20.689639,0,0,0,0,0,0.01686057
2020-05-22,PLUTO,294.825247,CAPRICORN,24.825247,1,0,0,0,0,-0.01212996
2020-05-23,SUN,62.812964,GEMINI,2.812964,0,0,0,0,0,0.96148417
2020-05-23,MERCURY,82.09866,GEMINI,22.09866,0,0,0,0,0,1.64222489
2020-05-23,VENUS,79.763817,GEMINI,19.763817,1,0,0,0,0,-0.40065181
2020-05-23,MARS,337.011091,PISCES,7.011091,0,0,0,0,0,0.67424129
2020-05-23,JUPITER,297.114848,CAPRICORN,27.114848,1,0,0,0,0,-0.02811883
2020-05-23,SATURN,301.833672,AQUARIUS,1.833672,1,0,0,0,0,-0.01981123
2020-05-23,URANUS,38.116711,TAURUS,8.116711,0,0,0,0,0,0.05353165
2020-05-23,NEPTUNE,350.706254,PISCES,20.706254,0,0,0,0,0,0.01636795
2020-05-23,PLUTO,294.81292,CAPRICORN,24.81292,1,0,0,0,0,-0.01252376
2020-05-24,SUN,63.77427,GEMINI,3.77427,0,0,0,0,0,0.96112302
2020-05-24,MERCURY,83.71493,GEMINI,23.71493,0,0,0,0,0,1.59019599
2020-05-24,VENUS,79.34568,GEMINI,19.34568,1,0,0,0,0,-0.43532643
2020-05-24,MARS,337.68477,PISCES,7.68477,0,0,0,0,0,0.67310915
2020-05-24,JUPITER,297.085172,CAPRICORN,27.085172,1,0,0,0,0,-0.03123001
2020-05-24,SATURN,301.813085,AQUARIUS,1.813085,1,0,0,0,0,-0.02136273
2020-05-24,URANUS,38.170096,TAURUS,8.170096,0,0,0,0,0,0.05323617
2020-05-24,NEPTUNE,350.722373,PISCES,20.722373,0,0,0,0,0,0.01586902
2020-05-24,PLUTO,294.8002,CAPRICORN,24.8002,1,0,0,0,0,-0.01291508
2020-05-25,SUN,64.73521,GEMINI,4.73521,0,0,0,0,0,0.96074915
2020-05-25,MERCURY,85.278798,GEMINI,25.278798,0,0,0,0,0,1.53743252
2020-05-25,VENUS,78.893793,GEMINI,18.893793,1,0,0,0,0,-0.46810078
2020-05-25,MARS,338.357297,PISCES,8.357297,0,0,0,0,0,0.67193723
2020-05-25,JUPITER,297.052392,CAPRICORN,27.052392,1,0,0,0,0,-0.03432815
2020-05-25,SATURN,301.790949,AQUARIUS,1.790949,1,0,0,0,0,-0.02290737
2020-05-25,URANUS,38.223178,TAURUS,8.223178,0,0,0,0,0,0.05292486
2020-05-25,NEPTUNE,350.73799,PISCES,20.73799,0,0,0,0,0,0.01536211
2020-05-25,PLUTO,294.78709,CAPRICORN,24.78709,1,0,0,0,0,-0.01330555
2020-05-26,SUN,65.695768,GEMINI,5.695768,0,0,0,0,0,0.96036218
2020-05-26,MERCURY,86.789561,GEMINI,26.789561,0,0,0,0,0,1.48399165
2020-05-26,VENUS,78.41021,GEMINI,18.41021,1,0,0,0,0,-0.49866824
2020-05-26,MARS,339.028633,PISCES,9.028633,0,0,0,0,0,0.67072715
2020-05-26,JUPITER,297.01652,CAPRICORN,27.01652,1,0,0,0,0,-0.03741187
2020-05-26,SATURN,301.767272,AQUARIUS,1.767272,1,0,0,0,0,-0.02444519
2020-05-26,URANUS,38.275941,TAURUS,8.275941,0,0,0,0,0,0.0525968
2020-05-26,NEPTUNE,350.753095,PISCES,20.753095,0,0,0,0,0,0.01484642
2020-05-26,PLUTO,294.773589,CAPRICORN,24.773589,1,0,0,0,0,-0.01369605
2020-05-27,SUN,66.655934,GEMINI,6.655934,0,0,0,0,0,0.95996361
2020-05-27,MERCURY,88.246555,GEMINI,28.246555,0,0,0,0,0,1.42989508
2020-05-27,VENUS,77.897292,GEMINI,17.897292,1,0,0,0,0,-0.52672076
2020-05-27,MARS,339.69874,PISCES,9.69874,0,0,0,0,0,0.6694819
2020-05-27,JUPITER,296.977573,CAPRICORN,26.977573,1,0,0,0,0,-0.04047883
2020-05-27,SATURN,301.742061,AQUARIUS,1.742061,1,0,0,0,0,-0.02597522
2020-05-27,URANUS,38.328367,TAURUS,8.328367,0,0,0,0,0,0.05225227
2020-05-27,NEPTUNE,350.76768,PISCES,20.76768,0,0,0,0,0,0.01432226
2020-05-27,PLUTO,294.759697,CAPRICORN,24.759697,1,0,0,0,0,-0.01408637
2020-05-28,SUN,67.615697,GEMINI,7.615697,0,0,0,0,0,0.95955704
2020-05-28,MERCURY,89.649122,GEMINI,29.649122,0,0,0,0,0,1.37513479
2020-05-28,VENUS,77.357706,GEMINI,17.357706,1,0,0,0,0,-0.55195451
2020-05-28,MARS,340.367586,PISCES,10.367586,0,0,0,0,0,0.66820569
2020-05-28,JUPITER,296.935569,CAPRICORN,26.935569,1,0,0,0,0,-0.04352555
2020-05-28,SATURN,301.715324,AQUARIUS,1.715324,1,0,0,0,0,-0.02749535
2020-05-28,URANUS,38.38044,TAURUS,8.38044,0,0,0,0,0,0.05189284
2020-05-28,NEPTUNE,350.781737,PISCES,20.781737,0,0,0,0,0,0.0137912
2020-05-28,PLUTO,294.745416,CAPRICORN,24.745416,1,0,0,0,0,-0.01447499
2020-05-29,SUN,68.575052,GEMINI,8.575052,0,0,0,0,0,0.95914813
2020-05-29,MERCURY,90.996584,CANCER,0.996584,0,1,0,0,0,1.31967838
2020-05-29,VENUS,76.794418,GEMINI,16.794418,1,0,0,0,0,-0.5740766
2020-05-29,MARS,341.035143,PISCES,11.035143,0,0,0,0,0,0.66690358
2020-05-29,JUPITER,296.89053,CAPRICORN,26.89053,1,0,0,0,0,-0.04654759
2020-05-29,SATURN,301.687074,AQUARIUS,1.687074,1,0,0,0,0,-0.02900226
2020-05-29,URANUS,38.432149,TAURUS,8.432149,0,0,0,0,0,0.05152139
2020-05-29,NEPTUNE,350.79526,PISCES,20.79526,0,0,0,0,0,0.01325605
2020-05-29,PLUTO,294.730748,CAPRICORN,24.730748,1,0,0,0,0,-0.01485929
2020-05-30,SUN,69.533999,GEMINI,9.533999,0,0,0,0,0,0.95874418
2020-05-30,MERCURY,92.288221,CANCER,2.288221,0,0,0,0,0,1.263474
2020-05-30,VENUS,76.210679,GEMINI,16.210679,1,0,0,0,0,-0.59281339
2020-05-30,MARS,341.701387,PISCES,11.701387,0,0,0,0,0,0.66558095
2020-05-30,JUPITER,296.842483,CAPRICORN,26.842483,1,0,0,0,0,-0.04953992
2020-05-30,SATURN,301.657325,AQUARIUS,1.657325,1,0,0,0,0,-0.03049193
2020-05-30,URANUS,38.483481,TAURUS,8.483481,0,0,0,0,0,0.05114168
2020-05-30,NEPTUNE,350.808248,PISCES,20.808248,0,0,0,0,0,0.01272052
2020-05-30,PLUTO,294.7157,CAPRICORN,24.7157,1,0,0,0,0,-0.01523572
2020-05-31,SUN,70.492549,GEMINI,10.492549,0,0,0,0,0,0.95835344
2020-05-31,MERCURY,93.523253,CANCER,3.523253,0,0,0,0,0,1.20645454
2020-05-31,VENUS,75.61,GEMINI,15.61,1,0,0,0,0,-0.60791828
2020-05-31,MARS,342.3663,PISCES,12.3663,0,0,0,0,0,0.66424261
2020-05-31,JUPITER,296.791461,CAPRICORN,26.791461,1,0,0,0,0,-0.05249758
2020-05-31,SATURN,301.626097,AQUARIUS,1.626097,1,0,0,0,0,-0.03196026
2020-05-31,URANUS,38.534431,TAURUS,8.534431,0,0,0,0,0,0.05075776
2020-05-31,NEPTUNE,350.820702,PISCES,20.820702,0,0,0,0,0,0.01218855
2020-05-31,PLUTO,294.70028,CAPRICORN,24.70028,1,0,0,0,0,-0.01560055
2020-06-01,SUN,71.450717,GEMINI,11.450717,0,0,0,0,0,0.95798357
2020-06-01,MERCURY,94.700825,CANCER,4.700825,0,0,0,0,0,1.14854104
2020-06-01,VENUS,74.996121,GEMINI,14.996121,1,0,0,0,0,-0.61918125
2020-06-01,MARS,343.029868,PISCES,13.029868,0,0,0,0,0,0.6628912
2020-06-01,JUPITER,296.7375,CAPRICORN,26.7375,1,0,0,0,0,-0.05541679
2020-06-01,SATURN,301.593413,AQUARIUS,1.593413,1,0,0,0,0,-0.03340418
2020-06-01,URANUS,38.584996,TAURUS,8.584996,0,0,0,0,0,0.05037276
2020-06-01,NEPTUNE,350.832627,PISCES,20.832627,0,0,0,0,0,0.01166311
2020-06-01,PLUTO,294.684503,CAPRICORN,24.684503,1,0,0,0,0,-0.01595097
2020-06-02,SUN,72.408529,GEMINI,12.408529,0,0,0,0,0,0.95764038
2020-06-02,MERCURY,95.82,CANCER,5.82,0,0,0,0,0,1.08964568
2020-06-02,VENUS,74.372971,GEMINI,14.372971,1,0,0,0,0,-0.62643745
2020-06-02,MARS,343.692079,PISCES,13.692079,0,0,0,0,0,0.66152569
2020-06-02,JUPITER,296.68064,CAPRICORN,26.68064,1,0,0,0,0,-0.05829635
2020-06-02,SATURN,301.559297,AQUARIUS,1.559297,1,0,0,0,0,-0.03482304
2020-06-02,URANUS,38.635176,TAURUS,8.635176,0,0,0,0,0,0.04998761
2020-06-02,NEPTUNE,350.844031,PISCES,20.844031,0,0,0,0,0,0.01114504
2020-06-02,PLUTO,294.668383,CAPRICORN,24.668383,1,0,0,0,0,-0.01628639
2020-06-03,SUN,73.366012,GEMINI,13.366012,0,0,0,0,0,0.95732648
2020-06-03,MERCURY,96.879751,CANCER,6.879751,0,0,0,0,0,1.02967503
2020-06-03,VENUS,73.744618,GEMINI,13.744618,1,0,0,0,0,-0.62957571
2020-06-03,MARS,344.352915,PISCES,14.352915,0,0,0,0,0,0.66014045
2020-06-03,JUPITER,296.62092,CAPRICORN,26.62092,1,0,0,0,0,-0.06113807
2020-06-03,SATURN,301.523774,AQUARIUS,1.523774,1,0,0,0,0,-0.03621904
2020-06-03,URANUS,38.684971,TAURUS,8.684971,0,0,0,0,0,0.04960037
2020-06-03,NEPTUNE,350.85492,PISCES,20.85492,0,0,0,0,0,0.01063223
2020-06-03,PLUTO,294.651934,CAPRICORN,24.651934,1,0,0,0,0,-0.01660904
2020-06-04,SUN,74.323196,GEMINI,14.323196,0,0,0,0,0,0.95704118
2020-06-04,MERCURY,97.878953,CANCER,7.878953,0,0,0,0,0,0.96853372
2020-06-04,VENUS,73.115209,GEMINI,13.115209,1,0,0,0,0,-0.62854479
2020-06-04,MARS,345.012351,PISCES,15.012351,0,0,0,0,0,0.6587256
2020-06-04,JUPITER,296.558375,CAPRICORN,26.558375,1,0,0,0,0,-0.06394625
2020-06-04,SATURN,301.486864,AQUARIUS,1.486864,1,0,0,0,0,-0.03759685
2020-06-04,URANUS,38.734375,TAURUS,8.734375,0,0,0,0,0,0.04920666
2020-06-04,NEPTUNE,350.865296,PISCES,20.865296,0,0,0,0,0,0.01012019
2020-06-04,PLUTO,294.635168,CAPRICORN,24.635168,1,0,0,0,0,-0.01692359
2020-06-05,SUN,75.280107,GEMINI,15.280107,0,0,0,0,0,0.95678148
2020-06-05,MERCURY,98.81639,CANCER,8.81639,0,0,0,0,0,0.90612957
2020-06-05,VENUS,72.488914,GEMINI,12.488914,1,0,0,0,0,-0.62335646
2020-06-05,MARS,345.670354,PISCES,15.670354,0,0,0,0,0,0.65726913
2020-06-05,JUPITER,296.493036,CAPRICORN,26.493036,1,0,0,0,0,-0.06672568
2020-06-05,SATURN,301.448584,AQUARIUS,1.448584,1,0,0,0,0,-0.03896179
2020-06-05,URANUS,38.783381,TAURUS,8.783381,0,0,0,0,0,0.04880126
2020-06-05,NEPTUNE,350.875159,PISCES,20.875159,0,0,0,0,0,0.00960362
2020-06-05,PLUTO,294.618088,CAPRICORN,24.618088,1,0,0,0,0,-0.01723529
2020-06-06,SUN,76.236769,GEMINI,16.236769,0,0,0,0,0,0.95654373
2020-06-06,MERCURY,99.690756,CANCER,9.690756,0,0,0,0,0,0.84237889
2020-06-06,VENUS,71.869857,GEMINI,11.869857,1,0,0,0,0,-0.61408472
2020-06-06,MARS,346.326874,PISCES,16.326874,0,0,0,0,0,0.65575966
2020-06-06,JUPITER,296.424931,CAPRICORN,26.424931,1,0,0,0,0,-0.06947961
2020-06-06,SATURN,301.408944,AQUARIUS,1.408944,1,0,0,0,0,-0.04031775
2020-06-06,URANUS,38.831973,TAURUS,8.831973,0,0,0,0,0,0.04838013
2020-06-06,NEPTUNE,350.884501,PISCES,20.884501,0,0,0,0,0,0.00907847
2020-06-06,PLUTO,294.600696,CAPRICORN,24.600696,1,0,0,0,0,-0.01754816
2020-06-07,SUN,77.193204,GEMINI,17.193204,0,0,0,0,0,0.95632509
2020-06-07,MERCURY,100.500668,CANCER,10.500668,0,0,0,0,0,0.77721179
2020-06-07,VENUS,71.262061,GEMINI,11.262061,1,0,0,0,0,-0.6008616
2020-06-07,MARS,346.981854,PISCES,16.981854,0,0,0,0,0,0.65418878
2020-06-07,JUPITER,296.354085,CAPRICORN,26.354085,1,0,0,0,0,-0.07220811
2020-06-07,SATURN,301.367951,AQUARIUS,1.367951,1,0,0,0,0,-0.04166586
2020-06-07,URANUS,38.880136,TAURUS,8.880136,0,0,0,0,0,0.04794175
2020-06-07,NEPTUNE,350.893313,PISCES,20.893313,0,0,0,0,0,0.00854327
2020-06-07,PLUTO,294.582991,CAPRICORN,24.582991,1,0,0,0,0,-0.01786353
2020-06-08,SUN,78.149428,GEMINI,18.149428,0,0,0,0,0,0.95612393
2020-06-08,MERCURY,101.244683,CANCER,11.244683,0,0,0,0,0,0.7105773
2020-06-08,VENUS,70.66939,GEMINI,10.66939,1,0,0,0,0,-0.58387062
2020-06-08,MARS,347.63523,PISCES,17.63523,0,0,0,0,0,0.65255162
2020-06-08,JUPITER,296.280524,CAPRICORN,26.280524,1,0,0,0,0,-0.07490815
2020-06-08,SATURN,301.325615,AQUARIUS,1.325615,1,0,0,0,0,-0.04300436
2020-06-08,URANUS,38.927851,TAURUS,8.927851,0,0,0,0,0,0.04748713
2020-06-08,NEPTUNE,350.901584,PISCES,20.901584,0,0,0,0,0,0.00799921
2020-06-08,PLUTO,294.564969,CAPRICORN,24.564969,1,0,0,0,0,-0.01818006
2020-06-09,SUN,79.10546,GEMINI,19.10546,0,0,0,0,0,0.95593967
2020-06-09,MERCURY,101.921317,CANCER,11.921317,0,0,0,0,0,0.64244839
2020-06-09,VENUS,70.095501,GEMINI,10.095501,1,0,0,0,0,-0.56333819
2020-06-09,MARS,348.286934,PISCES,18.286934,0,0,0,0,0,0.65084647
2020-06-09,JUPITER,296.204279,CAPRICORN,26.204279,1,0,0,0,0,-0.07757467
2020-06-09,SATURN,301.281946,AQUARIUS,1.281946,1,0,0,0,0,-0.04432964
2020-06-09,URANUS,38.975105,TAURUS,8.975105,0,0,0,0,0,0.04701891
2020-06-09,NEPTUNE,350.909309,PISCES,20.909309,0,0,0,0,0,0.00744911
2020-06-09,PLUTO,294.546631,CAPRICORN,24.546631,1,0,0,0,0,-0.01849478
2020-06-10,SUN,80.061315,GEMINI,20.061315,0,0,0,0,0,0.95577196
2020-06-10,MERCURY,102.529075,CANCER,12.529075,0,0,0,0,0,0.57282754
2020-06-10,VENUS,69.543808,GEMINI,9.543808,1,0,0,0,0,-0.5395256
2020-06-10,MARS,348.9369,PISCES,18.9369,0,0,0,0,0,0.64907314
2020-06-10,JUPITER,296.125387,CAPRICORN,26.125387,1,0,0,0,0,-0.08020201
2020-06-10,SATURN,301.236961,AQUARIUS,1.236961,1,0,0,0,0,-0.04563783
2020-06-10,URANUS,39.021886,TAURUS,9.021886,0,0,0,0,0,0.04654007
2020-06-10,NEPTUNE,350.916481,PISCES,20.916481,0,0,0,0,0,0.00689614
2020-06-10,PLUTO,294.52798,CAPRICORN,24.52798,1,0,0,0,0,-0.01880441
2020-06-11,SUN,81.017011,GEMINI,21.017011,0,0,0,0,0,0.95562017
2020-06-11,MERCURY,103.06648,CANCER,13.06648,0,0,0,0,0,0.50175323
2020-06-11,VENUS,69.017448,GEMINI,9.017448,1,0,0,0,0,-0.51272121
2020-06-11,MARS,349.585058,PISCES,19.585058,0,0,0,0,0,0.64723189
2020-06-11,JUPITER,296.04389,CAPRICORN,26.04389,1,0,0,0,0,-0.08278504
2020-06-11,SATURN,301.190677,AQUARIUS,1.190677,1,0,0,0,0,-0.04692547
2020-06-11,URANUS,39.068183,TAURUS,9.068183,0,0,0,0,0,0.04605296
2020-06-11,NEPTUNE,350.923101,PISCES,20.923101,0,0,0,0,0,0.00634291
2020-06-11,PLUTO,294.509024,CAPRICORN,24.509024,1,0,0,0,0,-0.01910623
2020-06-12,SUN,81.972563,GEMINI,21.972563,0,0,0,0,0,0.95548319
2020-06-12,MERCURY,103.532116,CANCER,13.532116,0,0,0,0,0,0.42930763
2020-06-12,VENUS,68.519261,GEMINI,8.519261,1,0,0,0,0,-0.48323214
2020-06-12,MARS,350.23134,PISCES,20.23134,0,0,0,0,0,0.64532261
2020-06-12,JUPITER,295.959833,CAPRICORN,25.959833,1,0,0,0,0,-0.08531941
2020-06-12,SATURN,301.143117,AQUARIUS,1.143117,1,0,0,0,0,-0.04818999
2020-06-12,URANUS,39.11399,TAURUS,9.11399,0,0,0,0,0,0.04555917
2020-06-12,NEPTUNE,350.929167,PISCES,20.929167,0,0,0,0,0,0.00579117
2020-06-12,PLUTO,294.489771,CAPRICORN,24.489771,1,0,0,0,0,-0.01939842
2020-06-13,SUN,82.927984,GEMINI,22.927984,0,0,0,0,0,0.95535952
2020-06-13,MERCURY,103.924675,CANCER,13.924675,0,0,0,0,0,0.35562467
2020-06-13,VENUS,68.051773,GEMINI,8.051773,1,0,0,0,0,-0.4513774
2020-06-13,MARS,350.87568,PISCES,20.87568,0,0,0,0,0,0.64334488
2020-06-13,JUPITER,295.873268,CAPRICORN,25.873268,1,0,0,0,0,-0.08780147
2020-06-13,SATURN,301.094305,AQUARIUS,1.094305,1,0,0,0,0,-0.0494295
2020-06-13,URANUS,39.1593,TAURUS,9.1593,0,0,0,0,0,0.04505955
2020-06-13,NEPTUNE,350.934683,PISCES,20.934683,0,0,0,0,0,0.00524202
2020-06-13,PLUTO,294.47023,CAPRICORN,24.47023,1,0,0,0,0,-0.01967994
2020-06-14,SUN,83.883288,GEMINI,23.883288,0,0,0,0,0,0.9552473
2020-06-14,MERCURY,104.24301,CANCER,14.24301,0,0,0,0,0,0.28089866
2020-06-14,VENUS,67.617188,GEMINI,7.617188,1,0,0,0,0,-0.41748043
2020-06-14,MARS,351.518007,PISCES,21.518007,0,0,0,0,0,0.64129784
2020-06-14,JUPITER,295.784248,CAPRICORN,25.784248,1,0,0,0,0,-0.09022803
2020-06-14,SATURN,301.044267,AQUARIUS,1.044267,1,0,0,0,0,-0.0506427
2020-06-14,URANUS,39.204107,TAURUS,9.204107,0,0,0,0,0,0.04455447
2020-06-14,NEPTUNE,350.939652,PISCES,20.939652,0,0,0,0,0,0.00469602
2020-06-14,PLUTO,294.450414,CAPRICORN,24.450414,1,0,0,0,0,-0.01995009
2020-06-15,SUN,84.838484,GEMINI,24.838484,0,0,0,0,0,0.95514443
2020-06-15,MERCURY,104.486204,CANCER,14.486204,0,0,0,0,0,0.2053928
2020-06-15,VENUS,67.217387,GEMINI,7.217387,1,0,0,0,0,-0.38186329
2020-06-15,MARS,352.158253,PISCES,22.158253,0,0,0,0,0,0.63918057
2020-06-15,JUPITER,295.69283,CAPRICORN,25.69283,1,0,0,0,0,-0.09259636
2020-06-15,SATURN,300.993028,AQUARIUS,0.993028,1,0,0,0,0,-0.05182855
2020-06-15,URANUS,39.248407,TAURUS,9.248407,0,0,0,0,0,0.04404397
2020-06-15,NEPTUNE,350.944076,PISCES,20.944076,0,0,0,0,0,0.00415335
2020-06-15,PLUTO,294.430334,CAPRICORN,24.430334,1,0,0,0,0,-0.0202087
2020-06-16,SUN,85.793582,GEMINI,25.793582,0,0,0,0,0,0.95504851
2020-06-16,MERCURY,104.65364,CANCER,14.65364,0,0,0,0,0,0.12944693
2020-06-16,VENUS,66.853932,GEMINI,6.853932,1,0,0,0,0,-0.34484022
2020-06-16,MARS,352.796345,PISCES,22.796345,0,0,0,0,0,0.63699185
2020-06-16,JUPITER,295.599075,CAPRICORN,25.599075,1,0,0,0,0,-0.09490407
2020-06-16,SATURN,300.940618,AQUARIUS,0.940618,1,0,0,0,0,-0.05298654
2020-06-16,URANUS,39.292193,TAURUS,9.292193,0,0,0,0,0,0.04352761
2020-06-16,NEPTUNE,350.94796,PISCES,20.94796,0,0,0,0,0,0.00361383
2020-06-16,PLUTO,294.41,CAPRICORN,24.41,1,0,0,0,0,-0.02045603
2020-06-17,SUN,86.748585,GEMINI,26.748585,0,0,0,0,0,0.95495668
2020-06-17,MERCURY,104.745083,CANCER,14.745083,0,0,0,0,0,0.05348474
2020-06-17,VENUS,66.528077,GEMINI,6.528077,1,0,0,0,0,-0.30671361
2020-06-17,MARS,353.432213,PISCES,23.432213,0,0,0,0,0,0.63473028
2020-06-17,JUPITER,295.503043,CAPRICORN,25.503043,1,0,0,0,0,-0.09714921
2020-06-17,SATURN,300.887064,AQUARIUS,0.887064,1,0,0,0,0,-0.05411645
2020-06-17,URANUS,39.33546,TAURUS,9.33546,0,0,0,0,0,0.04300464
2020-06-17,NEPTUNE,350.951305,PISCES,20.951305,0,0,0,0,0,0.00307682
2020-06-17,PLUTO,294.389425,CAPRICORN,24.389425,1,0,0,0,0,-0.02069268
2020-06-18,SUN,87.703498,GEMINI,27.703498,0,0,0,0,0,0.95486566
2020-06-18,MERCURY,104.760766,CANCER,14.760766,1,0,1,0,1,-0.021981
2020-06-18,VENUS,66.24078,GEMINI,6.24078,1,0,0,0,0,-0.26776955
2020-06-18,MARS,354.065783,PISCES,24.065783,0,0,0,0,0,0.63239433
2020-06-18,JUPITER,295.404797,CAPRICORN,25.404797,1,0,0,0,0,-0.09933028
2020-06-18,SATURN,300.832394,AQUARIUS,0.832394,1,0,0,0,0,-0.05521864
2020-06-18,URANUS,39.3782,TAURUS,9.3782,0,0,0,0,0,0.04247379
2020-06-18,NEPTUNE,350.954114,PISCES,20.954114,0,0,0,0,0,0.00254126
2020-06-18,PLUTO,294.368618,CAPRICORN,24.368618,1,0,0,0,0,-0.02091974
2020-06-19,SUN,88.658318,GEMINI,28.658318,0,0,0,0,0,0.95477171
2020-06-19,MERCURY,104.70148,CANCER,14.70148,1,0,0,0,0,-0.09634575
2020-06-19,VENUS,65.992724,GEMINI,5.992724,1,0,0,0,0,-0.22827486
2020-06-19,MARS,354.696978,PISCES,24.696978,0,0,0,0,0,0.62998248
2020-06-19,JUPITER,295.304403,CAPRICORN,25.304403,1,0,0,0,0,-0.1014462
2020-06-19,SATURN,300.776636,AQUARIUS,0.776636,1,0,0,0,0,-0.05629382
2020-06-19,URANUS,39.420405,TAURUS,9.420405,0,0,0,0,0,0.04193338
2020-06-19,NEPTUNE,350.956388,PISCES,20.956388,0,0,0,0,0,0.00200564
2020-06-19,PLUTO,294.347588,CAPRICORN,24.347588,1,0,0,0,0,-0.0211388
2020-06-20,SUN,89.613042,GEMINI,29.613042,0,0,0,0,0,0.9546707
2020-06-20,MERCURY,104.568665,CANCER,14.568665,1,0,0,0,0,-0.16891356
2020-06-20,VENUS,65.784335,GEMINI,5.784335,1,0,0,0,0,-0.18847474
2020-06-20,MARS,355.325723,PISCES,25.325723,0,0,0,0,0,0.62749349
2020-06-20,JUPITER,295.201926,CAPRICORN,25.201926,1,0,0,0,0,-0.10349629
2020-06-20,SATURN,300.719815,AQUARIUS,0.719815,1,0,0,0,0,-0.05734316
2020-06-20,URANUS,39.462064,TAURUS,9.462064,0,0,0,0,0,0.04138139
2020-06-20,NEPTUNE,350.958125,PISCES,20.958125,0,0,0,0,0,0.00146805
2020-06-20,PLUTO,294.326342,CAPRICORN,24.326342,1,0,0,0,0,-0.0213518
2020-06-21,SUN,90.567659,CANCER,0.567659,0,1,0,0,0,0.95455867
2020-06-21,MERCURY,104.364504,CANCER,14.364504,1,0,0,0,0,-0.23890193
2020-06-21,VENUS,65.615805,GEMINI,5.615805,1,0,0,0,0,-0.1485903
2020-06-21,MARS,355.95194,PISCES,25.95194,0,0,0,0,0,0.62492694
2020-06-21,JUPITER,295.097432,CAPRICORN,25.097432,1,0,0,0,0,-0.10547997
2020-06-21,SATURN,300.661957,AQUARIUS,0.661957,1,0,0,0,0,-0.05836776
2020-06-21,URANUS,39.503163,TAURUS,9.503163,0,0,0,0,0,0.04081575
2020-06-21,NEPTUNE,350.959323,PISCES,20.959323,0,0,0,0,0,0.00092658
2020-06-21,PLUTO,294.304885,CAPRICORN,24.304885,1,0,0,0,0,-0.02156075
2020-06-22,SUN,91.522158,CANCER,1.522158,0,0,0,0,0,0.95443264
2020-06-22,MERCURY,104.092001,CANCER,14.092001,1,0,0,0,0,-0.30545057
2020-06-22,VENUS,65.48712,GEMINI,5.48712,1,0,0,0,0,-0.10881657
2020-06-22,MARS,356.575552,PISCES,26.575552,0,0,0,0,0,0.6222838
2020-06-22,JUPITER,294.990988,CAPRICORN,24.990988,1,0,0,0,0,-0.10739616
2020-06-22,SATURN,300.603087,AQUARIUS,0.603087,1,0,0,0,0,-0.05936829
2020-06-22,URANUS,39.54369,TAURUS,9.54369,0,0,0,0,0,0.04023501
2020-06-22,NEPTUNE,350.959976,PISCES,20.959976,0,0,0,0,0,0.00037986
2020-06-22,PLUTO,294.283221,CAPRICORN,24.283221,1,0,0,0,0,-0.02176715
2020-06-23,SUN,92.476523,CANCER,2.476523,0,0,0,0,0,0.95429172
2020-06-23,MERCURY,103.755051,CANCER,13.755051,1,0,0,0,0,-0.36763698
2020-06-23,VENUS,65.398082,GEMINI,5.398082,1,0,0,0,0,-0.06932152
2020-06-23,MARS,357.196483,PISCES,27.196483,0,0,0,0,0,0.61956697
2020-06-23,JUPITER,294.882662,CAPRICORN,24.882662,1,0,0,0,0,-0.10924295
2020-06-23,SATURN,300.543228,AQUARIUS,0.543228,1,0,0,0,0,-0.06034438
2020-06-23,URANUS,39.583628,TAURUS,9.583628,0,0,0,0,0,0.03963895
2020-06-23,NEPTUNE,350.96008,PISCES,20.96008,1,0,1,0,1,-0.00017228
2020-06-23,PLUTO,294.261351,CAPRICORN,24.261351,1,0,0,0,0,-0.02197132
2020-06-24,SUN,93.43074,CANCER,3.43074,0,0,0,0,0,0.95413761
2020-06-24,MERCURY,103.358496,CANCER,13.358496,1,0,0,0,0,-0.4244976
2020-06-24,VENUS,65.348339,GEMINI,5.348339,1,0,0,0,0,-0.03024648
2020-06-24,MARS,357.814662,PISCES,27.814662,0,0,0,0,0,0.61678134
2020-06-24,JUPITER,294.772526,CAPRICORN,24.772526,1,0,0,0,0,-0.11101706
2020-06-24,SATURN,300.482407,AQUARIUS,0.482407,1,0,0,0,0,-0.06129409
2020-06-24,URANUS,39.622963,TAURUS,9.622963,0,0,0,0,0,0.03902904
2020-06-24,NEPTUNE,350.95963,PISCES,20.95963,1,0,0,0,0,-0.00072838
2020-06-24,PLUTO,294.239279,CAPRICORN,24.239279,1,0,0,0,0,-0.02217201
2020-06-25,SUN,94.384799,CANCER,4.384799,0,0,0,0,0,0.95397474
2020-06-25,MERCURY,102.908151,CANCER,12.908151,1,0,0,0,0,-0.47505668
2020-06-25,VENUS,65.337413,GEMINI,5.337413,0,0,0,1,1,0.00829252
2020-06-25,MARS,358.430024,PISCES,28.430024,0,0,0,0,0,0.61393323
2020-06-25,JUPITER,294.660653,CAPRICORN,24.660653,1,0,0,0,0,-0.11271412
2020-06-25,SATURN,300.42065,AQUARIUS,0.42065,1,0,0,0,0,-0.06221405
2020-06-25,URANUS,39.661683,TAURUS,9.661683,0,0,0,0,0,0.03840838
2020-06-25,NEPTUNE,350.958623,PISCES,20.958623,1,0,0,0,0,-0.00128544
2020-06-25,PLUTO,294.217009,CAPRICORN,24.217009,1,0,0,0,0,-0.02236645
2020-06-26,SUN,95.338693,CANCER,5.338693,0,0,0,0,0,0.95380957
2020-06-26,MERCURY,102.410797,CANCER,12.410797,1,0,0,0,0,-0.51836141
2020-06-26,VENUS,65.364717,GEMINI,5.364717,0,0,0,0,0,0.04620116
2020-06-26,MARS,359.042509,PISCES,29.042509,0,0,0,0,0,0.61102933
2020-06-26,JUPITER,294.547124,CAPRICORN,24.547124,1,0,0,0,0,-0.11432923
2020-06-26,SATURN,300.357989,AQUARIUS,0.357989,1,0,0,0,0,-0.06310024
2020-06-26,URANUS,39.699778,TAURUS,9.699778,0,0,0,0,0,0.03778101
2020-06-26,NEPTUNE,350.957059,PISCES,20.957059,1,0,0,0,0,-0.00183949
2020-06-26,PLUTO,294.194549,CAPRICORN,24.194549,1,0,0,0,0,-0.02255093
2020-06-27,SUN,96.292424,CANCER,6.292424,0,0,0,0,0,0.95364941
2020-06-27,MERCURY,101.87414,CANCER,11.87414,1,0,0,0,0,-0.55352093
2020-06-27,VENUS,65.429583,GEMINI,5.429583,0,0,0,0,0,0.08340344
2020-06-27,MARS,359.652065,PISCES,29.652065,0,0,0,0,0,0.60807533
2020-06-27,JUPITER,294.432023,CAPRICORN,24.432023,1,0,0,0,0,-0.11585788
2020-06-27,SATURN,300.294461,AQUARIUS,0.294461,1,0,0,0,0,-0.06394873
2020-06-27,URANUS,39.737244,TAURUS,9.737244,0,0,0,0,0,0.03715101
2020-06-27,NEPTUNE,350.954945,PISCES,20.954945,1,0,0,0,0,-0.00238659
2020-06-27,PLUTO,294.171911,CAPRICORN,24.171911,1,0,0,0,0,-0.02272179
2020-06-28,SUN,97.246,CANCER,7.246,0,0,0,0,0,0.95350114
2020-06-28,MERCURY,101.30673,CANCER,11.30673,1,0,0,0,0,-0.57974778
2020-06-28,VENUS,65.531272,GEMINI,5.531272,0,0,0,0,0,0.11983785
2020-06-28,MARS,0.258644,ARIES,0.258644,0,1,0,0,0,0.60507458
2020-06-28,JUPITER,294.315438,CAPRICORN,24.315438,1,0,0,0,0,-0.11729707
2020-06-28,SATURN,300.230105,AQUARIUS,0.230105,1,0,0,0,0,-0.06475689
2020-06-28,URANUS,39.77408,TAURUS,9.77408,0,0,0,0,0,0.0365214
2020-06-28,NEPTUNE,350.952289,PISCES,20.952289,1,0,0,0,0,-0.00292388
2020-06-28,PLUTO,294.14911,CAPRICORN,24.14911,1,0,0,0,0,-0.02287648
2020-06-29,SUN,98.199437,CANCER,8.199437,0,0,0,0,0,0.95337013
2020-06-29,MERCURY,100.717836,CANCER,10.717836,1,0,0,0,0,-0.59639647
2020-06-29,VENUS,65.66899,GEMINI,5.66899,0,0,0,0,0,0.15545422
2020-06-29,MARS,0.862199,ARIES,0.862199,0,0,0,0,0,0.60202714
2020-06-29,JUPITER,294.197459,CAPRICORN,24.197459,1,0,0,0,0,-0.11864593
2020-06-29,SATURN,300.164961,AQUARIUS,0.164961,1,0,0,0,0,-0.06552403
2020-06-29,URANUS,39.810287,TAURUS,9.810287,0,0,0,0,0,0.03589324
2020-06-29,NEPTUNE,350.949101,PISCES,20.949101,1,0,0,0,0,-0.00345046
2020-06-29,PLUTO,294.126163,CAPRICORN,24.126163,1,0,0,0,0,-0.02301439
2020-06-30,SUN,99.152752,CANCER,9.152752,0,0,0,0,0,0.9532597
2020-06-30,MERCURY,100.117286,CANCER,10.117286,1,0,0,0,0,-0.6029972
2020-06-30,VENUS,65.841898,GEMINI,5.841898,0,0,0,0,0,0.19021111
2020-06-30,MARS,1.462682,ARIES,1.462682,0,0,0,0,0,0.59892907
2020-06-30,JUPITER,294.078175,CAPRICORN,24.078175,1,0,0,0,0,-0.11990616
2020-06-30,SATURN,300.09907,AQUARIUS,0.09907,1,0,0,0,0,-0.06625188
2020-06-30,URANUS,39.845867,TAURUS,9.845867,0,0,0,0,0,0.03526529
2020-06-30,NEPTUNE,350.945391,PISCES,20.945391,1,0,0,0,0,-0.00396771
2020-06-30,PLUTO,294.103086,CAPRICORN,24.103086,1,0,0,0,0,-0.02313709
2020-07-01,SUN,100.105968,CANCER,10.105968,0,0,0,0,0,0.95317112
2020-07-01,MERCURY,99.515281,CANCER,9.515281,1,0,0,0,0,-0.59928022
2020-07-01,VENUS,66.049119,GEMINI,6.049119,0,0,0,0,0,0.22407373
2020-07-01,MARS,2.060039,ARIES,2.060039,0,0,0,0,0,0.59577267
2020-07-01,JUPITER,293.957674,CAPRICORN,23.957674,1,0,0,0,0,-0.12108146
2020-07-01,SATURN,300.032469,AQUARIUS,0.032469,1,0,0,0,0,-0.06694412
2020-07-01,URANUS,39.880817,TAURUS,9.880817,0,0,0,0,0,0.03463429
2020-07-01,NEPTUNE,350.941168,PISCES,20.941168,1,0,0,0,0,-0.00447902
2020-07-01,PLUTO,294.079892,CAPRICORN,24.079892,1,0,0,0,0,-0.0232482
2020-07-02,SUN,101.059106,CANCER,11.059106,0,0,0,0,0,0.95310414
2020-07-02,MERCURY,98.922185,CANCER,8.922185,1,0,0,0,0,-0.58519014
2020-07-02,VENUS,66.289743,GEMINI,6.289743,0,0,0,0,0,0.25701284
2020-07-02,MARS,2.654206,ARIES,2.654206,0,0,0,0,0,0.59254733
2020-07-02,JUPITER,293.836038,CAPRICORN,23.836038,1,0,0,0,0,-0.12217658
2020-07-02,SATURN,299.965191,CAPRICORN,29.965191,1,1,0,0,0,-0.06760552
2020-07-02,URANUS,39.915133,TAURUS,9.915133,0,0,0,0,0,0.03399598
2020-07-02,NEPTUNE,350.936434,PISCES,20.936434,1,0,0,0,0,-0.00498881
2020-07-02,PLUTO,294.056592,CAPRICORN,24.056592,1,0,0,0,0,-0.02335223
2020-07-03,SUN,102.012187,CANCER,12.012187,0,0,0,0,0,0.95305789
2020-07-03,MERCURY,98.348307,CANCER,8.348307,1,0,0,0,0,-0.56088714
2020-07-03,VENUS,66.562834,GEMINI,6.562834,0,0,0,0,0,0.28900438
2020-07-03,MARS,3.245108,ARIES,3.245108,0,0,0,0,0,0.58924121
2020-07-03,JUPITER,293.713346,CAPRICORN,23.713346,1,0,0,0,0,-0.12319563
2020-07-03,SATURN,299.897266,CAPRICORN,29.897266,1,0,0,0,0,-0.06824023
2020-07-03,URANUS,39.948806,TAURUS,9.948806,0,0,0,0,0,0.03334629
2020-07-03,NEPTUNE,350.931189,PISCES,20.931189,1,0,0,0,0,-0.00550112
2020-07-03,PLUTO,294.033189,CAPRICORN,24.033189,1,0,0,0,0,-0.02345333
2020-07-04,SUN,102.965232,CANCER,12.965232,0,0,0,0,0,0.95303164
2020-07-04,MERCURY,97.803696,CANCER,7.803696,1,0,0,0,0,-0.5267366
2020-07-04,VENUS,66.867435,GEMINI,6.867435,0,0,0,0,0,0.32003021
2020-07-04,MARS,3.832658,ARIES,3.832658,0,0,0,0,0,0.58584318
2020-07-04,JUPITER,293.589671,CAPRICORN,23.589671,1,0,0,0,0,-0.12414086
2020-07-04,SATURN,299.828719,CAPRICORN,29.828719,1,0,0,0,0,-0.06885078
2020-07-04,URANUS,39.981821,TAURUS,9.981821,0,0,0,0,0,0.03268282
2020-07-04,NEPTUNE,350.92543,PISCES,20.92543,1,0,0,0,0,-0.00601843
2020-07-04,PLUTO,294.009685,CAPRICORN,24.009685,1,0,0,0,0,-0.02355396
2020-07-05,SUN,103.91826,CANCER,13.91826,0,0,0,0,0,0.95302554
2020-07-05,MERCURY,97.297937,CANCER,7.297937,1,0,0,0,0,-0.48328661
2020-07-05,VENUS,67.202574,GEMINI,7.202574,0,0,0,0,0,0.35007838
2020-07-05,MARS,4.416761,ARIES,4.416761,0,0,0,0,0,0.58234424
2020-07-05,JUPITER,293.465088,CAPRICORN,23.465088,1,0,0,0,0,-0.1250118
2020-07-05,SATURN,299.759572,CAPRICORN,29.759572,1,0,0,0,0,-0.06943716
2020-07-05,URANUS,40.014167,TAURUS,10.014167,0,0,0,0,0,0.03200529
2020-07-05,NEPTUNE,350.91915,PISCES,20.91915,1,0,0,0,0,-0.00654094
2020-07-05,PLUTO,293.98608,CAPRICORN,23.98608,1,0,0,0,0,-0.02365425
2020-07-06,SUN,104.871293,CANCER,14.871293,0,0,0,0,0,0.95304037
2020-07-06,MERCURY,96.839993,CANCER,6.839993,1,0,0,0,0,-0.4312373
2020-07-06,VENUS,67.567269,GEMINI,7.567269,0,0,0,0,0,0.37914385
2020-07-06,MARS,4.99731,ARIES,4.99731,0,0,0,0,0,0.57873798
2020-07-06,JUPITER,293.339673,CAPRICORN,23.339673,1,0,0,0,0,-0.12580567
2020-07-06,SATURN,299.689853,CAPRICORN,29.689853,1,0,0,0,0,-0.06999714
2020-07-06,URANUS,40.045828,TAURUS,10.045828,0,0,0,0,0,0.03131542
2020-07-06,NEPTUNE,350.912346,PISCES,20.912346,1,0,0,0,0,-0.0070668
2020-07-06,PLUTO,293.962376,CAPRICORN,23.962376,1,0,0,0,0,-0.02375233
2020-07-07,SUN,105.824351,CANCER,15.824351,0,0,0,0,0,0.95307713
2020-07-07,MERCURY,96.438062,CANCER,6.438062,1,0,0,0,0,-0.37140371
2020-07-07,VENUS,67.960539,GEMINI,7.960539,0,0,0,0,0,0.4072282
2020-07-07,MARS,5.574198,ARIES,5.574198,0,0,0,0,0,0.57502026
2020-07-07,JUPITER,293.213503,CAPRICORN,23.213503,1,0,0,0,0,-0.12651823
2020-07-07,SATURN,299.619587,CAPRICORN,29.619587,1,0,0,0,0,-0.07052735
2020-07-07,URANUS,40.076794,TAURUS,10.076794,0,0,0,0,0,0.03061603
2020-07-07,NEPTUNE,350.905016,PISCES,20.905016,1,0,0,0,0,-0.007593
2020-07-07,PLUTO,293.938577,CAPRICORN,23.938577,1,0,0,0,0,-0.02384514
2020-07-08,SUN,106.777457,CANCER,16.777457,0,0,0,0,0,0.95313634
2020-07-08,MERCURY,96.099488,CANCER,6.099488,1,0,0,0,0,-0.3046763
2020-07-08,VENUS,68.381406,GEMINI,8.381406,0,0,0,0,0,0.43433874
2020-07-08,MARS,6.147311,ARIES,6.147311,0,0,0,0,0,0.57118816
2020-07-08,JUPITER,293.086664,CAPRICORN,23.086664,1,0,0,0,0,-0.12714513
2020-07-08,SATURN,299.548809,CAPRICORN,29.548809,1,0,0,0,0,-0.07102423
2020-07-08,URANUS,40.107058,TAURUS,10.107058,0,0,0,0,0,0.02991008
2020-07-08,NEPTUNE,350.89716,PISCES,20.89716,1,0,0,0,0,-0.00811647
2020-07-08,PLUTO,293.914688,CAPRICORN,23.914688,1,0,0,0,0,-0.02392956
2020-07-09,SUN,107.730634,CANCER,17.730634,0,0,0,0,0,0.95321765
2020-07-09,MERCURY,95.830703,CANCER,5.830703,1,0,0,0,0,-0.23198178
2020-07-09,VENUS,68.828901,GEMINI,8.828901,0,0,0,0,0,0.46048748
2020-07-09,MARS,6.716534,ARIES,6.716534,0,0,0,0,0,0.5672391
2020-07-09,JUPITER,292.959242,CAPRICORN,22.959242,1,0,0,0,0,-0.12768267
2020-07-09,SATURN,299.477551,CAPRICORN,29.477551,1,0,0,0,0,-0.07148487
2020-07-09,URANUS,40.136613,TAURUS,10.136613,0,0,0,0,0,0.02919972
2020-07-09,NEPTUNE,350.888784,PISCES,20.888784,1,0,0,0,0,-0.00863481
2020-07-09,PLUTO,293.890721,CAPRICORN,23.890721,1,0,0,0,0,-0.02400318
2020-07-10,SUN,108.683902,CANCER,18.683902,0,0,0,0,0,0.95331983
2020-07-10,MERCURY,95.63721,CANCER,5.63721,1,0,0,0,0,-0.15424717
2020-07-10,VENUS,69.30207,GEMINI,9.30207,0,0,0,0,0,0.48569032
2020-07-10,MARS,7.281748,ARIES,7.281748,0,0,0,0,0,0.56317044
2020-07-10,JUPITER,292.831329,CAPRICORN,22.831329,1,0,0,0,0,-0.1281281
2020-07-10,SATURN,299.405851,CAPRICORN,29.405851,1,0,0,0,0,-0.0719073
2020-07-10,URANUS,40.165456,TAURUS,10.165456,0,0,0,0,0,0.02848631
2020-07-10,NEPTUNE,350.879892,PISCES,20.879892,1,0,0,0,0,-0.0091465
2020-07-10,PLUTO,293.866685,CAPRICORN,23.866685,1,0,0,0,0,-0.02406455
2020-07-11,SUN,109.637282,CANCER,19.637282,0,0,0,0,0,0.953441
2020-07-11,MERCURY,95.523596,CANCER,5.523596,1,0,0,0,0,-0.07236949
2020-07-11,VENUS,69.799978,GEMINI,9.799978,0,0,0,0,0,0.50996619
2020-07-11,MARS,7.842833,ARIES,7.842833,0,0,0,0,0,0.55897927
2020-07-11,JUPITER,292.703017,CAPRICORN,22.703017,1,0,0,0,0,-0.12847957
2020-07-11,SATURN,299.333749,CAPRICORN,29.333749,1,0,0,0,0,-0.07229035
2020-07-11,URANUS,40.193585,TAURUS,10.193585,0,0,0,0,0,0.0277704
2020-07-11,NEPTUNE,350.870493,PISCES,20.870493,1,0,0,0,0,-0.00965082
2020-07-11,PLUTO,293.842595,CAPRICORN,23.842595,1,0,0,0,0,-0.02411302
2020-07-12,SUN,110.590792,CANCER,20.590792,0,0,0,0,0,0.95357881
2020-07-12,MERCURY,95.493578,CANCER,5.493578,0,0,0,1,1,0.01280841
2020-07-12,VENUS,70.321706,GEMINI,10.321706,0,0,0,0,0,0.53333647
2020-07-12,MARS,8.399664,ARIES,8.399664,0,0,0,0,0,0.55466262
2020-07-12,JUPITER,292.574401,CAPRICORN,22.574401,1,0,0,0,0,-0.12873584
2020-07-12,SATURN,299.261283,CAPRICORN,29.261283,1,0,0,0,0,-0.07263345
2020-07-12,URANUS,40.220996,TAURUS,10.220996,0,0,0,0,0,0.02705204
2020-07-12,NEPTUNE,350.860593,PISCES,20.860593,1,0,0,0,0,-0.01014755
2020-07-12,PLUTO,293.818463,CAPRICORN,23.818463,1,0,0,0,0,-0.02414845
2020-07-13,SUN,111.544447,CANCER,21.544447,0,0,0,0,0,0.95373062
2020-07-13,MERCURY,95.550064,CANCER,5.550064,0,0,0,0,0,0.10051498
2020-07-13,VENUS,70.866362,GEMINI,10.866362,0,0,0,0,0,0.55582435
2020-07-13,MARS,8.952115,ARIES,8.952115,0,0,0,0,0,0.55021736
2020-07-13,JUPITER,292.445577,CAPRICORN,22.445577,1,0,0,0,0,-0.12889615
2020-07-13,SATURN,299.188495,CAPRICORN,29.188495,1,0,0,0,0,-0.07293633
2020-07-13,URANUS,40.247688,TAURUS,10.247688,0,0,0,0,0,0.02633096
2020-07-13,NEPTUNE,350.8502,PISCES,20.8502,1,0,0,0,0,-0.01063687
2020-07-13,PLUTO,293.794302,CAPRICORN,23.794302,1,0,0,0,0,-0.02417107
2020-07-14,SUN,112.498259,CANCER,22.498259,0,0,0,0,0,0.95389353
2020-07-14,MERCURY,95.69523,CANCER,5.69523,0,0,0,0,0,0.19006036
2020-07-14,VENUS,71.433075,GEMINI,11.433075,0,0,0,0,0,0.57745446
2020-07-14,MARS,9.500056,ARIES,9.500056,0,0,0,0,0,0.54564033
2020-07-14,JUPITER,292.31664,CAPRICORN,22.31664,1,0,0,0,0,-0.12896021
2020-07-14,SATURN,299.115424,CAPRICORN,29.115424,1,0,0,0,0,-0.07319919
2020-07-14,URANUS,40.273657,TAURUS,10.273657,0,0,0,0,0,0.02560646
2020-07-14,NEPTUNE,350.839321,PISCES,20.839321,1,0,0,0,0,-0.01111926
2020-07-14,PLUTO,293.770125,CAPRICORN,23.770125,1,0,0,0,0,-0.02418151
2020-07-15,SUN,113.452239,CANCER,23.452239,0,0,0,0,0,0.95406427
2020-07-15,MERCURY,95.930606,CANCER,5.930606,0,0,0,0,0,0.2808412
2020-07-15,VENUS,72.021,GEMINI,12.021,0,0,0,0,0,0.59825191
2020-07-15,MARS,10.043352,ARIES,10.043352,0,0,0,0,0,0.54092809
2020-07-15,JUPITER,292.187688,CAPRICORN,22.187688,1,0,0,0,0,-0.12892819
2020-07-15,SATURN,299.042109,CAPRICORN,29.042109,1,0,0,0,0,-0.07342256
2020-07-15,URANUS,40.298899,TAURUS,10.298899,0,0,0,0,0,0.02487764
2020-07-15,NEPTUNE,350.827963,PISCES,20.827963,1,0,0,0,0,-0.01159559
2020-07-15,PLUTO,293.745943,CAPRICORN,23.745943,1,0,0,0,0,-0.02418076
2020-07-16,SUN,114.406391,CANCER,24.406391,0,0,0,0,0,0.95423907
2020-07-16,MERCURY,96.257162,CANCER,6.257162,0,0,0,0,0,0.37234003
2020-07-16,VENUS,72.629316,GEMINI,12.629316,0,0,0,0,0,0.618242
2020-07-16,MARS,10.581866,ARIES,10.581866,0,0,0,0,0,0.53607718
2020-07-16,JUPITER,292.058815,CAPRICORN,22.058815,1,0,0,0,0,-0.12880073
2020-07-16,SATURN,298.968591,CAPRICORN,28.968591,1,0,0,0,0,-0.07360733
2020-07-16,URANUS,40.32341,TAURUS,10.32341,0,0,0,0,0,0.02414309
2020-07-16,NEPTUNE,350.816132,PISCES,20.816132,1,0,0,0,0,-0.0120671
2020-07-16,PLUTO,293.721766,CAPRICORN,23.721766,1,0,0,0,0,-0.02417017
2020-07-17,SUN,115.360719,CANCER,25.360719,0,0,0,0,0,0.95441353
2020-07-17,MERCURY,96.675391,CANCER,6.675391,0,0,0,0,0,0.46412045
2020-07-17,VENUS,73.25723,GEMINI,13.25723,0,0,0,0,0,0.63744987
2020-07-17,MARS,11.115459,ARIES,11.115459,0,0,0,0,0,0.5310841
2020-07-17,JUPITER,291.930117,CAPRICORN,21.930117,1,0,0,0,0,-0.12857893
2020-07-17,SATURN,298.894907,CAPRICORN,28.894907,1,0,0,0,0,-0.0737549
2020-07-17,URANUS,40.347183,TAURUS,10.347183,0,0,0,0,0,0.02340111
2020-07-17,NEPTUNE,350.80383,PISCES,20.80383,1,0,0,0,0,-0.0125354
2020-07-17,PLUTO,293.697605,CAPRICORN,23.697605,1,0,0,0,0,-0.02415151
2020-07-18,SUN,116.315219,CANCER,26.315219,0,0,0,0,0,0.95458264
2020-07-18,MERCURY,97.185388,CANCER,7.185388,0,0,0,0,0,0.5558192
2020-07-18,VENUS,73.90397,GEMINI,13.90397,0,0,0,0,0,0.65590069
2020-07-18,MARS,11.643987,ARIES,11.643987,0,0,0,0,0,0.5259461
2020-07-18,JUPITER,291.801688,CAPRICORN,21.801688,1,0,0,0,0,-0.12826423
2020-07-18,SATURN,298.821093,CAPRICORN,28.821093,1,0,0,0,0,-0.07386685
2020-07-18,URANUS,40.370209,TAURUS,10.370209,0,0,0,0,0,0.02264969
2020-07-18,NEPTUNE,350.791061,PISCES,20.791061,1,0,0,0,0,-0.01300241
2020-07-18,PLUTO,293.673465,CAPRICORN,23.673465,1,0,0,0,0,-0.02412684
2020-07-19,SUN,117.269884,CANCER,27.269884,0,0,0,0,0,0.95474131
2020-07-19,MERCURY,97.786916,CANCER,7.786916,0,0,0,0,0,0.64713604
2020-07-19,VENUS,74.568793,GEMINI,14.568793,0,0,0,0,0,0.67362038
2020-07-19,MARS,12.167302,ARIES,12.167302,0,0,0,0,0,0.52066174
2020-07-19,JUPITER,291.673619,CAPRICORN,21.673619,1,0,0,0,0,-0.12785815
2020-07-19,SATURN,298.747184,CAPRICORN,28.747184,1,0,0,0,0,-0.07394476
2020-07-19,URANUS,40.392479,TAURUS,10.392479,0,0,0,0,0,0.02188697
2020-07-19,NEPTUNE,350.777825,PISCES,20.777825,1,0,0,0,0,-0.01346993
2020-07-19,PLUTO,293.649352,CAPRICORN,23.649352,1,0,0,0,0,-0.02409819
2020-07-20,SUN,118.2247,CANCER,28.2247,0,0,0,0,0,0.9548855
2020-07-20,MERCURY,98.479465,CANCER,8.479465,0,0,0,0,0,0.73782264
2020-07-20,VENUS,75.250982,GEMINI,15.250982,0,0,0,0,0,0.69063704
2020-07-20,MARS,12.685261,ARIES,12.685261,0,0,0,0,0,0.51523203
2020-07-20,JUPITER,291.546001,CAPRICORN,21.546001,1,0,0,0,0,-0.12736163
2020-07-20,SATURN,298.673214,CAPRICORN,28.673214,1,0,0,0,0,-0.07398948
2020-07-20,URANUS,40.413979,TAURUS,10.413979,0,0,0,0,0,0.02111193
2020-07-20,NEPTUNE,350.76412,PISCES,20.76412,1,0,0,0,0,-0.01393895
2020-07-20,PLUTO,293.625269,CAPRICORN,23.625269,1,0,0,0,0,-0.02406672
2020-07-21,SUN,119.179653,CANCER,29.179653,0,0,0,0,0,0.95501343
2020-07-21,MERCURY,99.262297,CANCER,9.262297,0,0,0,0,0,0.82767034
2020-07-21,VENUS,75.949849,GEMINI,15.949849,0,0,0,0,0,0.70698209
2020-07-21,MARS,13.197718,ARIES,13.197718,0,0,0,0,0,0.50966116
2020-07-21,JUPITER,291.418925,CAPRICORN,21.418925,1,0,0,0,0,-0.12677441
2020-07-21,SATURN,298.599216,CAPRICORN,28.599216,1,0,0,0,0,-0.07400032
2020-07-21,URANUS,40.434699,TAURUS,10.434699,0,0,0,0,0,0.02032527
2020-07-21,NEPTUNE,350.749946,PISCES,20.749946,1,0,0,0,0,-0.01440884
2020-07-21,PLUTO,293.601219,CAPRICORN,23.601219,1,0,0,0,0,-0.02403209
2020-07-22,SUN,120.134725,LEO,0.134725,0,1,0,0,0,0.95512647
2020-07-22,MERCURY,100.134482,CANCER,10.134482,0,0,0,0,0,0.91649691
2020-07-22,VENUS,76.66474,GEMINI,16.66474,0,0,0,0,0,0.72269087
2020-07-22,MARS,13.704536,ARIES,13.704536,0,0,0,0,0,0.50395624
2020-07-22,JUPITER,291.292483,CAPRICORN,21.292483,1,0,0,0,0,-0.12609469
2020-07-22,SATURN,298.525225,CAPRICORN,28.525225,1,0,0,0,0,-0.07397489
2020-07-22,URANUS,40.454627,TAURUS,10.454627,0,0,0,0,0,0.01952977
2020-07-22,NEPTUNE,350.735302,PISCES,20.735302,1,0,0,0,0,-0.01487695
2020-07-22,PLUTO,293.577206,CAPRICORN,23.577206,1,0,0,0,0,-0.02399199
2020-07-23,SUN,121.089906,LEO,1.089906,0,0,0,0,0,0.9552292
2020-07-23,MERCURY,101.094911,CANCER,11.094911,0,0,0,0,0,1.00413198
2020-07-23,VENUS,77.395037,GEMINI,17.395037,0,0,0,0,0,0.73780155
2020-07-23,MARS,14.205586,ARIES,14.205586,0,0,0,0,0,0.49812608
2020-07-23,JUPITER,291.166767,CAPRICORN,21.166767,1,0,0,0,0,-0.1253197
2020-07-23,SATURN,298.451279,CAPRICORN,28.451279,1,0,0,0,0,-0.0739093
2020-07-23,URANUS,40.473756,TAURUS,10.473756,0,0,0,0,0,0.01872988
2020-07-23,NEPTUNE,350.720193,PISCES,20.720193,1,0,0,0,0,-0.01533901
2020-07-23,PLUTO,293.553237,CAPRICORN,23.553237,1,0,0,0,0,-0.02394251
2020-07-24,SUN,122.045186,LEO,2.045186,0,0,0,0,0,0.95532804
2020-07-24,MERCURY,102.142308,CANCER,12.142308,0,0,0,0,0,1.09040171
2020-07-24,VENUS,78.140162,GEMINI,18.140162,0,0,0,0,0,0.75235288
2020-07-24,MARS,14.700747,ARIES,14.700747,0,0,0,0,0,0.49217911
2020-07-24,JUPITER,291.041875,CAPRICORN,21.041875,1,0,0,0,0,-0.12444676
2020-07-24,SATURN,298.377421,CAPRICORN,28.377421,1,0,0,0,0,-0.07379959
2020-07-24,URANUS,40.492086,TAURUS,10.492086,0,0,0,0,0,0.01793048
2020-07-24,NEPTUNE,350.704626,PISCES,20.704626,1,0,0,0,0,-0.01579037
2020-07-24,PLUTO,293.529325,CAPRICORN,23.529325,1,0,0,0,0,-0.02387937
2020-07-25,SUN,123.000567,LEO,3.000567,0,0,0,0,0,0.95542956
2020-07-25,MERCURY,103.275214,CANCER,13.275214,0,0,0,0,0,1.17511356
2020-07-25,VENUS,78.899575,GEMINI,18.899575,0,0,0,0,0,0.76638171
2020-07-25,MARS,15.189905,ARIES,15.189905,0,0,0,0,0,0.48612089
2020-07-25,JUPITER,290.917906,CAPRICORN,20.917906,1,0,0,0,0,-0.12347484
2020-07-25,SATURN,298.303695,CAPRICORN,28.303695,1,0,0,0,0,-0.07364301
2020-07-25,URANUS,40.509619,TAURUS,10.509619,0,0,0,0,0,0.01713529
2020-07-25,NEPTUNE,350.688616,PISCES,20.688616,1,0,0,0,0,-0.01622757
2020-07-25,PLUTO,293.505484,CAPRICORN,23.505484,1,0,0,0,0,-0.02379951
2020-07-26,SUN,123.956052,LEO,3.956052,0,0,0,0,0,0.95553891
2020-07-26,MERCURY,104.49196,CANCER,14.49196,0,0,0,0,0,1.25804287
2020-07-26,VENUS,79.672769,GEMINI,19.672769,0,0,0,0,0,0.77992069
2020-07-26,MARS,15.672951,ARIES,15.672951,0,0,0,0,0,0.47995269
2020-07-26,JUPITER,290.794958,CAPRICORN,20.794958,1,0,0,0,0,-0.12240541
2020-07-26,SATURN,298.23015,CAPRICORN,28.23015,1,0,0,0,0,-0.07343942
2020-07-26,URANUS,40.526359,TAURUS,10.526359,0,0,0,0,0,0.01634573
2020-07-26,NEPTUNE,350.672176,PISCES,20.672176,1,0,0,0,0,-0.01664944
2020-07-26,PLUTO,293.481731,CAPRICORN,23.481731,1,0,0,0,0,-0.02370213
2020-07-27,SUN,124.911653,LEO,4.911653,0,0,0,0,0,0.95565927
2020-07-27,MERCURY,105.790635,CANCER,15.790635,0,0,0,0,0,1.33892259
2020-07-27,VENUS,80.459269,GEMINI,20.459269,0,0,0,0,0,0.79299759
2020-07-27,MARS,16.149773,ARIES,16.149773,0,0,0,0,0,0.47367091
2020-07-27,JUPITER,290.673126,CAPRICORN,20.673126,1,0,0,0,0,-0.12124265
2020-07-27,SATURN,298.156831,CAPRICORN,28.156831,1,0,0,0,0,-0.07319107
2020-07-27,URANUS,40.542312,TAURUS,10.542312,0,0,0,0,0,0.01556062
2020-07-27,NEPTUNE,350.655321,PISCES,20.655321,1,0,0,0,0,-0.01705742
2020-07-27,PLUTO,293.458084,CAPRICORN,23.458084,1,0,0,0,0,-0.02358894
2020-07-28,SUN,125.86738,LEO,5.86738,0,0,0,0,0,0.95579208
2020-07-28,MERCURY,107.169035,CANCER,17.169035,0,0,0,0,0,1.41743693
2020-07-28,VENUS,81.258624,GEMINI,21.258624,0,0,0,0,0,0.80563543
2020-07-28,MARS,16.620253,ARIES,16.620253,0,0,0,0,0,0.46726791
2020-07-28,JUPITER,290.552501,CAPRICORN,20.552501,1,0,0,0,0,-0.11999261
2020-07-28,SATURN,298.083781,CAPRICORN,28.083781,1,0,0,0,0,-0.07290221
2020-07-28,URANUS,40.55748,TAURUS,10.55748,0,0,0,0,0,0.01477689
2020-07-28,NEPTUNE,350.638064,PISCES,20.638064,1,0,0,0,0,-0.0174548
2020-07-28,PLUTO,293.434557,CAPRICORN,23.434557,1,0,0,0,0,-0.02346353
2020-07-29,SUN,126.823246,LEO,6.823246,0,0,0,0,0,0.95593799
2020-07-29,MERCURY,108.624616,CANCER,18.624616,0,0,0,0,0,1.49321973
2020-07-29,VENUS,82.070406,GEMINI,22.070406,0,0,0,0,0,0.81785362
2020-07-29,MARS,17.084265,ARIES,17.084265,0,0,0,0,0,0.46073304
2020-07-29,JUPITER,290.433167,CAPRICORN,20.433167,1,0,0,0,0,-0.11866195
2020-07-29,SATURN,298.011038,CAPRICORN,28.011038,1,0,0,0,0,-0.07257768
2020-07-29,URANUS,40.571865,TAURUS,10.571865,0,0,0,0,0,0.01399064
2020-07-29,NEPTUNE,350.620414,PISCES,20.620414,1,0,0,0,0,-0.01784564
2020-07-29,PLUTO,293.41116,CAPRICORN,23.41116,1,0,0,0,0,-0.02333015
2020-07-30,SUN,127.779264,LEO,7.779264,0,0,0,0,0,0.95609747
2020-07-30,MERCURY,110.154443,CANCER,20.154443,0,0,0,0,0,1.56585752
2020-07-30,VENUS,82.894203,GEMINI,22.894203,0,0,0,0,0,0.82966878
2020-07-30,MARS,17.541672,ARIES,17.541672,0,0,0,0,0,0.45405415
2020-07-30,JUPITER,290.315202,CAPRICORN,20.315202,1,0,0,0,0,-0.11725671
2020-07-30,SATURN,297.938636,CAPRICORN,27.938636,1,0,0,0,0,-0.07222189
2020-07-30,URANUS,40.58546,TAURUS,10.58546,0,0,0,0,0,0.01319837
2020-07-30,NEPTUNE,350.602374,PISCES,20.602374,1,0,0,0,0,-0.01823366
2020-07-30,PLUTO,293.387898,CAPRICORN,23.387898,1,0,0,0,0,-0.02319261
2020-07-31,SUN,128.73545,LEO,8.73545,0,0,0,0,0,0.95627151
2020-07-31,MERCURY,111.755149,CANCER,21.755149,0,0,0,0,0,1.63489817
2020-07-31,VENUS,83.729621,GEMINI,23.729621,0,0,0,0,0,0.84109584
2020-07-31,MARS,17.992322,ARIES,17.992322,0,0,0,0,0,0.44721888
2020-07-31,JUPITER,290.198677,CAPRICORN,20.198677,1,0,0,0,0,-0.11578139
2020-07-31,SATURN,297.866603,CAPRICORN,27.866603,1,0,0,0,0,-0.07183787
2020-07-31,URANUS,40.598258,TAURUS,10.598258,0,0,0,0,0,0.01239768
2020-07-31,NEPTUNE,350.583946,PISCES,20.583946,1,0,0,0,0,-0.01862128
2020-07-31,PLUTO,293.364775,CAPRICORN,23.364775,1,0,0,0,0,-0.02305348
2020-08-01,SUN,129.691817,LEO,9.691817,0,0,0,0,0,0.9564617
2020-08-01,MERCURY,113.422897,CANCER,23.422897,0,0,0,0,0,1.69986488
2020-08-01,VENUS,84.576277,GEMINI,24.576277,0,0,0,0,0,0.85214879
2020-08-01,MARS,18.436053,ARIES,18.436053,0,0,0,0,0,0.44021578
2020-08-01,JUPITER,290.083661,CAPRICORN,20.083661,1,0,0,0,0,-0.11423856
2020-08-01,SATURN,297.794969,CAPRICORN,27.794969,1,0,0,0,0,-0.07142679
2020-08-01,URANUS,40.610252,TAURUS,10.610252,0,0,0,0,0,0.01158785
2020-08-01,NEPTUNE,350.565131,PISCES,20.565131,1,0,0,0,0,-0.0190093
2020-08-01,PLUTO,293.341791,CAPRICORN,23.341791,1,0,0,0,0,-0.02291355
2020-08-02,SUN,130.648383,LEO,10.648383,0,0,0,0,0,0.95667034
2020-08-02,MERCURY,115.153374,CANCER,25.153374,0,0,0,0,0,1.76027628
2020-08-02,VENUS,85.433804,GEMINI,25.433804,0,0,0,0,0,0.86284121
2020-08-02,MARS,18.872692,ARIES,18.872692,0,0,0,0,0,0.43303494
2020-08-02,JUPITER,289.970222,CAPRICORN,19.970222,1,0,0,0,0,-0.11262866
2020-08-02,SATURN,297.723759,CAPRICORN,27.723759,1,0,0,0,0,-0.070988
2020-08-02,URANUS,40.621431,TAURUS,10.621431,0,0,0,0,0,0.01076985
2020-08-02,NEPTUNE,350.545927,PISCES,20.545927,1,0,0,0,0,-0.01939677
2020-08-02,PLUTO,293.318947,CAPRICORN,23.318947,1,0,0,0,0,-0.02277189
2020-08-03,SUN,131.605168,LEO,11.605168,0,0,0,0,0,0.95689998
2020-08-03,MERCURY,116.94179,CANCER,26.94179,0,0,0,0,0,1.81567037
2020-08-03,VENUS,86.30185,GEMINI,26.30185,0,0,0,0,0,0.87318646
2020-08-03,MARS,19.302058,ARIES,19.302058,0,0,0,0,0,0.42566815
2020-08-03,JUPITER,289.858426,CAPRICORN,19.858426,1,0,0,0,0,-0.1109507
2020-08-03,SATURN,297.653002,CAPRICORN,27.653002,1,0,0,0,0,-0.07051948
2020-08-03,URANUS,40.631789,TAURUS,10.631789,0,0,0,0,0,0.00994588
2020-08-03,NEPTUNE,350.526337,PISCES,20.526337,1,0,0,0,0,-0.01978143
2020-08-03,PLUTO,293.296248,CAPRICORN,23.296248,1,0,0,0,0,-0.02262628
2020-08-04,SUN,132.562194,LEO,12.562194,0,0,0,0,0,0.95715289
2020-08-04,MERCURY,118.782915,CANCER,28.782915,0,0,0,0,0,1.86563187
2020-08-04,VENUS,87.180072,GEMINI,27.180072,0,0,0,0,0,0.88319759
2020-08-04,MARS,19.723962,ARIES,19.723962,0,0,0,0,0,0.41810865
2020-08-04,JUPITER,289.748343,CAPRICORN,19.748343,1,0,0,0,0,-0.10920289
2020-08-04,SATURN,297.58273,CAPRICORN,27.58273,1,0,0,0,0,-0.07001846
2020-08-04,URANUS,40.641322,TAURUS,10.641322,0,0,0,0,0,0.00911874
2020-08-04,NEPTUNE,350.506365,PISCES,20.506365,1,0,0,0,0,-0.02016042
2020-08-04,PLUTO,293.273697,CAPRICORN,23.273697,1,0,0,0,0,-0.02247392
2020-08-05,SUN,133.519485,LEO,13.519485,0,0,0,0,0,0.95743051
2020-08-05,MERCURY,120.671138,LEO,0.671138,0,1,0,0,0,1.90981887
2020-08-05,VENUS,88.068144,GEMINI,28.068144,0,0,0,0,0,0.89288682
2020-08-05,MARS,20.138207,ARIES,20.138207,0,0,0,0,0,0.41035036
2020-08-05,JUPITER,289.640044,CAPRICORN,19.640044,1,0,0,0,0,-0.10738356
2020-08-05,SATURN,297.512977,CAPRICORN,27.512977,1,0,0,0,0,-0.0694824
2020-08-05,URANUS,40.650026,TAURUS,10.650026,0,0,0,0,0,0.008291
2020-08-05,NEPTUNE,350.486018,PISCES,20.486018,1,0,0,0,0,-0.02053106
2020-08-05,PLUTO,293.251302,CAPRICORN,23.251302,1,0,0,0,0,-0.02231214
2020-08-06,SUN,134.477066,LEO,14.477066,0,0,0,0,0,0.95773306
2020-08-06,MERCURY,122.600554,LEO,2.600554,0,0,0,0,0,1.94798737
2020-08-06,VENUS,88.965748,GEMINI,28.965748,0,0,0,0,0,0.90226542
2020-08-06,MARS,20.544592,ARIES,20.544592,0,0,0,0,0,0.40238759
2020-08-06,JUPITER,289.5336,CAPRICORN,19.5336,1,0,0,0,0,-0.10549178
2020-08-06,SATURN,297.443777,CAPRICORN,27.443777,1,0,0,0,0,-0.06890949
2020-08-06,URANUS,40.657904,TAURUS,10.657904,0,0,0,0,0,0.0074645
2020-08-06,NEPTUNE,350.465306,PISCES,20.465306,1,0,0,0,0,-0.02089143
2020-08-06,PLUTO,293.229075,CAPRICORN,23.229075,1,0,0,0,0,-0.0221391
2020-08-07,SUN,135.434962,LEO,15.434962,0,0,0,0,0,0.95805956
2020-08-07,MERCURY,124.56507,LEO,4.56507,0,0,0,0,0,1.98000945
2020-08-07,VENUS,89.872581,GEMINI,29.872581,0,0,0,0,0,0.91134363
2020-08-07,MARS,20.94291,ARIES,20.94291,0,0,0,0,0,0.39421477
2020-08-07,JUPITER,289.429084,CAPRICORN,19.429084,1,0,0,0,0,-0.10352752
2020-08-07,SATURN,297.37517,CAPRICORN,27.37517,1,0,0,0,0,-0.06829877
2020-08-07,URANUS,40.664956,TAURUS,10.664956,0,0,0,0,0,0.00664029
2020-08-07,NEPTUNE,350.444238,PISCES,20.444238,1,0,0,0,0,-0.02124042
2020-08-07,PLUTO,293.207028,CAPRICORN,23.207028,1,0,0,0,0,-0.02195383
2020-08-08,SUN,136.393195,LEO,16.393195,0,0,0,0,0,0.95840816
2020-08-08,MERCURY,126.558528,LEO,6.558528,0,0,0,0,0,2.00588362
2020-08-08,VENUS,90.788345,CANCER,0.788345,0,1,0,0,0,0.92013104
2020-08-08,MARS,21.332948,ARIES,21.332948,0,0,0,0,0,0.38582661
2020-08-08,JUPITER,289.326569,CAPRICORN,19.326569,1,0,0,0,0,-0.10149146
2020-08-08,SATURN,297.307192,CAPRICORN,27.307192,1,0,0,0,0,-0.06765001
2020-08-08,URANUS,40.671185,TAURUS,10.671185,0,0,0,0,0,0.00581867
2020-08-08,NEPTUNE,350.422828,PISCES,20.422828,1,0,0,0,0,-0.02157771
2020-08-08,PLUTO,293.185172,CAPRICORN,23.185172,1,0,0,0,0,-0.0217561
2020-08-09,SUN,137.351787,LEO,17.351787,0,0,0,0,0,0.95877635
2020-08-09,MERCURY,128.574832,LEO,8.574832,0,0,0,0,0,2.02573526
2020-08-09,VENUS,91.712755,CANCER,1.712755,0,0,0,0,0,0.92863667
2020-08-09,MARS,21.714489,ARIES,21.714489,0,0,0,0,0,0.37721823
2020-08-09,JUPITER,289.226125,CAPRICORN,19.226125,1,0,0,0,0,-0.09938497
2020-08-09,SATURN,297.239882,CAPRICORN,27.239882,1,0,0,0,0,-0.06696354
2020-08-09,URANUS,40.676594,TAURUS,10.676594,0,0,0,0,0,0.0049994
2020-08-09,NEPTUNE,350.401086,PISCES,20.401086,1,0,0,0,0,-0.02190339
2020-08-09,PLUTO,293.163519,CAPRICORN,23.163519,1,0,0,0,0,-0.0215462
2020-08-10,SUN,138.310756,LEO,18.310756,0,0,0,0,0,0.95916131
2020-08-10,MERCURY,130.608073,LEO,10.608073,0,0,0,0,0,2.0398079
2020-08-10,VENUS,92.645533,CANCER,2.645533,0,0,0,0,0,0.93686914
2020-08-10,MARS,22.087309,ARIES,22.087309,0,0,0,0,0,0.36838501
2020-08-10,JUPITER,289.127821,CAPRICORN,19.127821,1,0,0,0,0,-0.09720982
2020-08-10,SATURN,297.173277,CAPRICORN,27.173277,1,0,0,0,0,-0.06624012
2020-08-10,URANUS,40.681184,TAURUS,10.681184,0,0,0,0,0,0.004182
2020-08-10,NEPTUNE,350.379025,PISCES,20.379025,1,0,0,0,0,-0.02221802
2020-08-10,PLUTO,293.142083,CAPRICORN,23.142083,1,0,0,0,0,-0.02132477
2020-08-11,SUN,139.270117,LEO,19.270117,0,0,0,0,0,0.95955984
2020-08-11,MERCURY,132.652637,LEO,12.652637,0,0,0,0,0,2.04844604
2020-08-11,VENUS,93.586411,CANCER,3.586411,0,0,0,0,0,0.94483656
2020-08-11,MARS,22.451182,ARIES,22.451182,0,0,0,0,0,0.35932262
2020-08-11,JUPITER,289.031727,CAPRICORN,19.031727,1,0,0,0,0,-0.0949682
2020-08-11,SATURN,297.107414,CAPRICORN,27.107414,1,0,0,0,0,-0.06548085
2020-08-11,URANUS,40.684958,TAURUS,10.684958,0,0,0,0,0,0.00336558
2020-08-11,NEPTUNE,350.356653,PISCES,20.356653,1,0,0,0,0,-0.02252244
2020-08-11,PLUTO,293.120873,CAPRICORN,23.120873,1,0,0,0,0,-0.0210929
2020-08-12,SUN,140.229881,LEO,20.229881,0,0,0,0,0,0.95996849
2020-08-12,MERCURY,134.703294,LEO,14.703294,0,0,0,0,0,2.05207339
2020-08-12,VENUS,94.535127,CANCER,4.535127,0,0,0,0,0,0.95254647
2020-08-12,MARS,22.805877,ARIES,22.805877,0,0,0,0,0,0.35002693
2020-08-12,JUPITER,288.937906,CAPRICORN,18.937906,1,0,0,0,0,-0.09266264
2020-08-12,SATURN,297.042327,CAPRICORN,27.042327,1,0,0,0,0,-0.06468715
2020-08-12,URANUS,40.687915,TAURUS,10.687915,0,0,0,0,0,0.00254903
2020-08-12,NEPTUNE,350.333983,PISCES,20.333983,1,0,0,0,0,-0.02281777
2020-08-12,PLUTO,293.0999,CAPRICORN,23.0999,1,0,0,0,0,-0.02085185
2020-08-13,SUN,141.190058,LEO,21.190058,0,0,0,0,0,0.96038337
2020-08-13,MERCURY,136.755271,LEO,16.755271,0,0,0,0,0,2.05116777
2020-08-13,VENUS,95.491426,CANCER,5.491426,0,0,0,0,0,0.96000557
2020-08-13,MARS,23.151157,ARIES,23.151157,0,0,0,0,0,0.34049395
2020-08-13,JUPITER,288.846422,CAPRICORN,18.846422,1,0,0,0,0,-0.09029596
2020-08-13,SATURN,296.97805,CAPRICORN,26.97805,1,0,0,0,0,-0.06386067
2020-08-13,URANUS,40.690056,TAURUS,10.690056,0,0,0,0,0,0.00173101
2020-08-13,NEPTUNE,350.31102,PISCES,20.31102,1,0,0,0,0,-0.02310537
2020-08-13,PLUTO,293.079171,CAPRICORN,23.079171,1,0,0,0,0,-0.02060321
2020-08-14,SUN,142.150651,LEO,22.150651,0,0,0,0,0,0.9608001
2020-08-14,MERCURY,138.804285,LEO,18.804285,0,0,0,0,0,2.04623625
2020-08-14,VENUS,96.455062,CANCER,6.455062,0,0,0,0,0,0.96721968
2020-08-14,MARS,23.486784,ARIES,23.486784,0,0,0,0,0,0.3307204
2020-08-14,JUPITER,288.757333,CAPRICORN,18.757333,1,0,0,0,0,-0.08787117
2020-08-14,SATURN,296.914616,CAPRICORN,26.914616,1,0,0,0,0,-0.0630033
2020-08-14,URANUS,40.691376,TAURUS,10.691376,0,0,0,0,0,0.00090998
2020-08-14,NEPTUNE,350.287774,PISCES,20.287774,1,0,0,0,0,-0.02338682
2020-08-14,PLUTO,293.058695,CAPRICORN,23.058695,1,0,0,0,0,-0.0203487
2020-08-15,SUN,143.11166,LEO,23.11166,0,0,0,0,0,0.96121356
2020-08-15,MERCURY,140.846569,LEO,20.846569,0,0,0,0,0,2.03779297
2020-08-15,VENUS,97.425792,CANCER,7.425792,0,0,0,0,0,0.97419399
2020-08-15,MARS,23.812516,ARIES,23.812516,0,0,0,0,0,0.32070424
2020-08-15,JUPITER,288.670698,CAPRICORN,18.670698,1,0,0,0,0,-0.08539145
2020-08-15,SATURN,296.852053,CAPRICORN,26.852053,1,0,0,0,0,-0.06211705
2020-08-15,URANUS,40.691874,TAURUS,10.691874,0,0,0,0,0,8.426e-05
2020-08-15,NEPTUNE,350.264248,PISCES,20.264248,1,0,0,0,0,-0.02366386
2020-08-15,PLUTO,293.038475,CAPRICORN,23.038475,1,0,0,0,0,-0.02009032
2020-08-16,SUN,144.073078,LEO,24.073078,0,0,0,0,0,0.96161837
2020-08-16,MERCURY,142.878865,LEO,22.878865,0,0,0,0,0,2.02634222
2020-08-16,VENUS,98.403378,CANCER,8.403378,0,0,0,0,0,0.98093377
2020-08-16,MARS,24.12811,ARIES,24.12811,0,0,0,0,0,0.31044578
2020-08-16,JUPITER,288.586568,CAPRICORN,18.586568,1,0,0,0,0,-0.08285986
2020-08-16,SATURN,296.79039,CAPRICORN,26.79039,1,0,0,0,0,-0.06120382
2020-08-16,URANUS,40.691543,TAURUS,10.691543,1,0,1,0,1,-0.00074761
2020-08-16,NEPTUNE,350.240446,PISCES,20.240446,1,0,0,0,0,-0.02393798
2020-08-16,PLUTO,293.018514,CAPRICORN,23.018514,1,0,0,0,0,-0.01982981
2020-08-17,SUN,145.034894,LEO,25.034894,0,0,0,0,0,0.9620098
2020-08-17,MERCURY,144.898406,LEO,24.898406,0,0,0,0,0,2.01236012
2020-08-17,VENUS,99.38759,CANCER,9.38759,0,0,0,0,0,0.98744568
2020-08-17,MARS,24.433326,ARIES,24.433326,0,0,0,0,0,0.29994922
2020-08-17,JUPITER,288.504994,CAPRICORN,18.504994,1,0,0,0,0,-0.08027872
2020-08-17,SATURN,296.729654,CAPRICORN,26.729654,1,0,0,0,0,-0.06026455
2020-08-17,URANUS,40.690376,TAURUS,10.690376,1,0,0,0,0,-0.00158597
2020-08-17,NEPTUNE,350.216372,PISCES,20.216372,1,0,0,0,0,-0.02420972
2020-08-17,PLUTO,292.998815,CAPRICORN,22.998815,1,0,0,0,0,-0.01956794
2020-08-18,SUN,145.997095,LEO,25.997095,0,0,0,0,0,0.96238526
2020-08-18,MERCURY,146.902876,LEO,26.902876,0,0,0,0,0,1.99626998
2020-08-18,VENUS,100.378203,CANCER,10.378203,0,0,0,0,0,0.99373962
2020-08-18,MARS,24.727929,ARIES,24.727929,0,0,0,0,0,0.2892236
2020-08-18,JUPITER,288.426026,CAPRICORN,18.426026,1,0,0,0,0,-0.07764869
2020-08-18,SATURN,296.66987,CAPRICORN,26.66987,1,0,0,0,0,-0.05929843
2020-08-18,URANUS,40.688369,TAURUS,10.688369,1,0,0,0,0,-0.00242923
2020-08-18,NEPTUNE,350.192027,PISCES,20.192027,1,0,0,0,0,-0.02447767
2020-08-18,PLUTO,292.979379,CAPRICORN,22.979379,1,0,0,0,0,-0.01930366
2020-08-19,SUN,146.959663,LEO,26.959663,0,0,0,0,0,0.96274534
2020-08-19,MERCURY,148.890376,LEO,28.890376,0,0,0,0,0,1.97848656
2020-08-19,VENUS,101.375007,CANCER,11.375007,0,0,0,0,0,0.9998294
2020-08-19,MARS,25.011698,ARIES,25.011698,0,0,0,0,0,0.27828265
2020-08-19,JUPITER,288.349713,CAPRICORN,18.349713,1,0,0,0,0,-0.07496873
2020-08-19,SATURN,296.611066,CAPRICORN,26.611066,1,0,0,0,0,-0.05830261
2020-08-19,URANUS,40.685517,TAURUS,10.685517,1,0,0,0,0,-0.00327343
2020-08-19,NEPTUNE,350.167418,PISCES,20.167418,1,0,0,0,0,-0.02473815
2020-08-19,PLUTO,292.960209,CAPRICORN,22.960209,1,0,0,0,0,-0.01903362
2020-08-20,SUN,147.922585,LEO,27.922585,0,0,0,0,0,0.96309354
2020-08-20,MERCURY,150.859399,VIRGO,0.859399,0,1,0,0,0,1.95937229
2020-08-20,VENUS,102.377806,CANCER,12.377806,0,0,0,0,0,1.00573215
2020-08-20,MARS,25.284425,ARIES,25.284425,0,0,0,0,0,0.26714276
2020-08-20,JUPITER,288.276106,CAPRICORN,18.276106,1,0,0,0,0,-0.0722368
2020-08-20,SATURN,296.553276,CAPRICORN,26.553276,1,0,0,0,0,-0.05727301
2020-08-20,URANUS,40.681823,TAURUS,10.681823,1,0,0,0,0,-0.00411301
2020-08-20,NEPTUNE,350.142554,PISCES,20.142554,1,0,0,0,0,-0.02498603
2020-08-20,PLUTO,292.941314,CAPRICORN,22.941314,1,0,0,0,0,-0.01875318
2020-08-21,SUN,148.885851,LEO,28.885851,0,0,0,0,0,0.96343484
2020-08-21,MERCURY,152.808774,VIRGO,2.808774,0,0,0,0,0,1.939237
2020-08-21,VENUS,103.386421,CANCER,13.386421,0,0,0,0,0,1.01146592
2020-08-21,MARS,25.545919,ARIES,25.545919,0,0,0,0,0,0.25581931
2020-08-21,JUPITER,288.205257,CAPRICORN,18.205257,1,0,0,0,0,-0.06945179
2020-08-21,SATURN,296.496533,CAPRICORN,26.496533,1,0,0,0,0,-0.05620621
2020-08-21,URANUS,40.677294,TAURUS,10.677294,1,0,0,0,0,-0.00494285
2020-08-21,NEPTUNE,350.11745,PISCES,20.11745,1,0,0,0,0,-0.02521658
2020-08-21,PLUTO,292.922707,CAPRICORN,22.922707,1,0,0,0,0,-0.01845801
2020-08-22,SUN,149.849458,LEO,29.849458,0,0,0,0,0,0.96377375
2020-08-22,MERCURY,154.737616,VIRGO,4.737616,0,0,0,0,0,1.91834803
2020-08-22,VENUS,104.400693,CANCER,14.400693,0,0,0,0,0,1.01704702
2020-08-22,MARS,25.796004,ARIES,25.796004,0,0,0,0,0,0.2443234
2020-08-22,JUPITER,288.13722,CAPRICORN,18.13722,1,0,0,0,0,-0.06661513
2020-08-22,SATURN,296.440876,CAPRICORN,26.440876,1,0,0,0,0,-0.05510125
2020-08-22,URANUS,40.671941,TAURUS,10.671941,1,0,0,0,0,-0.00576015
2020-08-22,NEPTUNE,350.092126,PISCES,20.092126,1,0,0,0,0,-0.02542746
2020-08-22,PLUTO,292.904403,CAPRICORN,22.904403,1,0,0,0,0,-0.01814618
2020-08-23,SUN,150.813403,VIRGO,0.813403,0,1,0,0,0,0.96411307
2020-08-23,MERCURY,156.645288,VIRGO,6.645288,0,0,0,0,0,1.89693014
2020-08-23,VENUS,105.420475,CANCER,15.420475,0,0,0,0,0,1.02248823
2020-08-23,MARS,26.034509,ARIES,26.034509,0,0,0,0,0,0.2326599
2020-08-23,JUPITER,288.072043,CAPRICORN,18.072043,1,0,0,0,0,-0.06373165
2020-08-23,SATURN,296.386342,CAPRICORN,26.386342,1,0,0,0,0,-0.05396055
2020-08-23,URANUS,40.665777,TAURUS,10.665777,1,0,0,0,0,-0.00656549
2020-08-23,NEPTUNE,350.066601,PISCES,20.066601,1,0,0,0,0,-0.02561961
2020-08-23,PLUTO,292.88642,CAPRICORN,22.88642,1,0,0,0,0,-0.01781901
2020-08-24,SUN,151.777689,VIRGO,1.777689,0,0,0,0,0,0.96445386
2020-08-24,MERCURY,158.531357,VIRGO,8.531357,0,0,0,0,0,1.87516887
2020-08-24,VENUS,106.445631,CANCER,16.445631,0,0,0,0,0,1.02779838
2020-08-24,MARS,26.261267,ARIES,26.261267,0,0,0,0,0,0.22082747
2020-08-24,JUPITER,288.00977,CAPRICORN,18.00977,1,0,0,0,0,-0.06080872
2020-08-24,SATURN,296.332965,CAPRICORN,26.332965,1,0,0,0,0,-0.05278919
2020-08-24,URANUS,40.658813,TAURUS,10.658813,1,0,0,0,0,-0.0073621
2020-08-24,NEPTUNE,350.040892,PISCES,20.040892,1,0,0,0,0,-0.02579673
2020-08-24,PLUTO,292.868769,CAPRICORN,22.868769,1,0,0,0,0,-0.01748044
2020-08-25,SUN,152.742316,VIRGO,2.742316,0,0,0,0,0,0.96479659
2020-08-25,MERCURY,160.395557,VIRGO,10.395557,0,0,0,0,0,1.85321567
2020-08-25,VENUS,107.476035,CANCER,17.476035,0,0,0,0,0,1.03298371
2020-08-25,MARS,26.476106,ARIES,26.476106,0,0,0,0,0,0.20882062
2020-08-25,JUPITER,287.950436,CAPRICORN,17.950436,1,0,0,0,0,-0.05785438
2020-08-25,SATURN,296.280772,CAPRICORN,26.280772,1,0,0,0,0,-0.05159313
2020-08-25,URANUS,40.651054,TAURUS,10.651054,1,0,0,0,0,-0.00815439
2020-08-25,NEPTUNE,350.015011,PISCES,20.015011,1,0,0,0,0,-0.02596354
2020-08-25,PLUTO,292.851461,CAPRICORN,22.851461,1,0,0,0,0,-0.01713548
2020-08-26,SUN,153.707287,VIRGO,3.707287,0,0,0,0,0,0.96514221
2020-08-26,MERCURY,162.23776,VIRGO,12.23776,0,0,0,0,0,1.83119327
2020-08-26,VENUS,108.511564,CANCER,18.511564,0,0,0,0,0,1.03804904
2020-08-26,MARS,26.678848,ARIES,26.678848,0,0,0,0,0,0.19663224
2020-08-26,JUPITER,287.894069,CAPRICORN,17.894069,1,0,0,0,0,-0.05487566
2020-08-26,SATURN,296.229785,CAPRICORN,26.229785,1,0,0,0,0,-0.05037752
2020-08-26,URANUS,40.642504,TAURUS,10.642504,1,0,0,0,0,-0.00894616
2020-08-26,NEPTUNE,349.988967,PISCES,19.988967,1,0,0,0,0,-0.02612416
2020-08-26,PLUTO,292.834499,CAPRICORN,22.834499,1,0,0,0,0,-0.01678829
2020-08-27,SUN,154.672606,VIRGO,4.672606,0,0,0,0,0,0.96549275
2020-08-27,MERCURY,164.057948,VIRGO,14.057948,0,0,0,0,0,1.80920026
2020-08-27,VENUS,109.552101,CANCER,19.552101,0,0,0,0,0,1.04299893
2020-08-27,MARS,26.869307,ARIES,26.869307,0,0,0,0,0,0.18425533
2020-08-27,JUPITER,287.840691,CAPRICORN,17.840691,1,0,0,0,0,-0.05187744
2020-08-27,SATURN,296.180022,CAPRICORN,26.180022,1,0,0,0,0,-0.0491457
2020-08-27,URANUS,40.633161,TAURUS,10.633161,1,0,0,0,0,-0.00973963
2020-08-27,NEPTUNE,349.962764,PISCES,19.962764,1,0,0,0,0,-0.02628103
2020-08-27,PLUTO,292.817884,CAPRICORN,22.817884,1,0,0,0,0,-0.01644142
2020-08-28,SUN,155.63828,VIRGO,5.63828,0,0,0,0,0,0.96585112
2020-08-28,MERCURY,165.856191,VIRGO,15.856191,0,0,0,0,0,1.78731472
2020-08-28,VENUS,110.597531,CANCER,20.597531,0,0,0,0,0,1.04783797
2020-08-28,MARS,27.047292,ARIES,27.047292,0,0,0,0,0,0.17168437
2020-08-28,JUPITER,287.79032,CAPRICORN,17.79032,1,0,0,0,0,-0.04886248
2020-08-28,SATURN,296.131498,CAPRICORN,26.131498,1,0,0,0,0,-0.04789905
2020-08-28,URANUS,40.623024,TAURUS,10.623024,1,0,0,0,0,-0.01053533
2020-08-28,NEPTUNE,349.936405,PISCES,19.936405,1,0,0,0,0,-0.02643486
2020-08-28,PLUTO,292.801615,CAPRICORN,22.801615,1,0,0,0,0,-0.01609557
2020-08-29,SUN,156.604317,VIRGO,6.604317,0,0,0,0,0,0.96622077
2020-08-29,MERCURY,167.632628,VIRGO,17.632628,0,0,0,0,0,1.76559658
2020-08-29,VENUS,111.647747,CANCER,21.647747,0,0,0,0,0,1.05257062
2020-08-29,MARS,27.212608,ARIES,27.212608,0,0,0,0,0,0.15891582
2020-08-29,JUPITER,287.742971,CAPRICORN,17.742971,1,0,0,0,0,-0.04583182
2020-08-29,SATURN,296.084229,CAPRICORN,26.084229,1,0,0,0,0,-0.04663746
2020-08-29,URANUS,40.61209,TAURUS,10.61209,1,0,0,0,0,-0.01133237
2020-08-29,NEPTUNE,349.909895,PISCES,19.909895,1,0,0,0,0,-0.02658487
2020-08-29,PLUTO,292.785692,CAPRICORN,22.785692,1,0,0,0,0,-0.01575004
2020-08-30,SUN,157.57073,VIRGO,7.57073,0,0,0,0,0,0.9666053
2020-08-30,MERCURY,169.38745,VIRGO,19.38745,0,0,0,0,0,1.74409029
2020-08-30,VENUS,112.702644,CANCER,22.702644,0,0,0,0,0,1.05720154
2020-08-30,MARS,27.365055,ARIES,27.365055,0,0,0,0,0,0.14594835
2020-08-30,JUPITER,287.698661,CAPRICORN,17.698661,1,0,0,0,0,-0.04278523
2020-08-30,SATURN,296.038228,CAPRICORN,26.038228,1,0,0,0,0,-0.0453597
2020-08-30,URANUS,40.600359,TAURUS,10.600359,1,0,0,0,0,-0.01212889
2020-08-30,NEPTUNE,349.883236,PISCES,19.883236,1,0,0,0,0,-0.02672935
2020-08-30,PLUTO,292.770115,CAPRICORN,22.770115,1,0,0,0,0,-0.0154031
2020-08-31,SUN,158.537537,VIRGO,8.537537,0,0,0,0,0,0.96700814
2020-08-31,MERCURY,171.120885,VIRGO,21.120885,0,0,0,0,0,1.72282678
2020-08-31,VENUS,113.762123,CANCER,23.762123,0,0,0,0,0,1.06173507
2020-08-31,MARS,27.504435,ARIES,27.504435,0,0,0,0,0,0.13278274
2020-08-31,JUPITER,287.657406,CAPRICORN,17.657406,1,0,0,0,0,-0.03972169
2020-08-31,SATURN,295.993515,CAPRICORN,25.993515,1,0,0,0,0,-0.04406385
2020-08-31,URANUS,40.587833,TAURUS,10.587833,1,0,0,0,0,-0.01292248
2020-08-31,NEPTUNE,349.856438,PISCES,19.856438,1,0,0,0,0,-0.02686594
2020-08-31,PLUTO,292.754887,CAPRICORN,22.754887,1,0,0,0,0,-0.01505244
2020-09-01,SUN,159.504757,VIRGO,9.504757,0,0,0,0,0,0.96743227
2020-09-01,MERCURY,172.833186,VIRGO,22.833186,0,0,0,0,0,1.70182481
2020-09-01,VENUS,114.826089,CANCER,24.826089,0,0,0,0,0,1.06617535
2020-09-01,MARS,27.630552,ARIES,27.630552,0,0,0,0,0,0.11942167
2020-09-01,JUPITER,287.619224,CAPRICORN,17.619224,1,0,0,0,0,-0.03663997
2020-09-01,SATURN,295.950107,CAPRICORN,25.950107,1,0,0,0,0,-0.04274791
2020-09-01,URANUS,40.574515,TAURUS,10.574515,1,0,0,0,0,-0.01371061
2020-09-01,NEPTUNE,349.829507,PISCES,19.829507,1,0,0,0,0,-0.02699216
2020-09-01,PLUTO,292.740012,CAPRICORN,22.740012,1,0,0,0,0,-0.01469567
2020-09-02,SUN,160.472413,VIRGO,10.472413,0,0,0,0,0,0.96787971
2020-09-02,MERCURY,174.52462,VIRGO,24.52462,0,0,0,0,0,1.68109256
2020-09-02,VENUS,115.89445,CANCER,25.89445,0,0,0,0,0,1.07052554
2020-09-02,MARS,27.743212,ARIES,27.743212,0,0,0,0,0,0.10586936
2020-09-02,JUPITER,287.584133,CAPRICORN,17.584133,1,0,0,0,0,-0.03353919
2020-09-02,SATURN,295.908026,CAPRICORN,25.908026,1,0,0,0,0,-0.04141021
2020-09-02,URANUS,40.560414,TAURUS,10.560414,1,0,0,0,0,-0.01449114
2020-09-02,NEPTUNE,349.802456,PISCES,19.802456,1,0,0,0,0,-0.027106
2020-09-02,PLUTO,292.725498,CAPRICORN,22.725498,1,0,0,0,0,-0.01433076
2020-09-03,SUN,161.440528,VIRGO,11.440528,0,0,0,0,0,0.96835118
2020-09-03,MERCURY,176.195456,VIRGO,26.195456,0,0,0,0,0,1.66062841
2020-09-03,VENUS,116.967117,CANCER,26.967117,0,0,0,0,0,1.07478785
2020-09-03,MARS,27.842226,ARIES,27.842226,0,0,0,0,0,0.09213127
2020-09-03,JUPITER,287.552152,CAPRICORN,17.552152,1,0,0,0,0,-0.03041911
2020-09-03,SATURN,295.867294,CAPRICORN,25.867294,1,0,0,0,0,-0.04004985
2020-09-03,URANUS,40.545536,TAURUS,10.545536,1,0,0,0,0,-0.0152627
2020-09-03,NEPTUNE,349.775299,PISCES,19.775299,1,0,0,0,0,-0.02720612
2020-09-03,PLUTO,292.711353,CAPRICORN,22.711353,1,0,0,0,0,-0.0139565
2020-09-04,SUN,162.409126,VIRGO,12.409126,0,0,0,0,0,0.9688462
2020-09-04,MERCURY,177.845958,VIRGO,27.845958,0,0,0,0,0,1.64042227
2020-09-04,VENUS,118.044002,CANCER,28.044002,0,0,0,0,0,1.07896341
2020-09-04,MARS,27.927412,ARIES,27.927412,0,0,0,0,0,0.07821456
2020-09-04,JUPITER,287.523301,CAPRICORN,17.523301,1,0,0,0,0,-0.02728023
2020-09-04,SATURN,295.827934,CAPRICORN,25.827934,1,0,0,0,0,-0.03866668
2020-09-04,URANUS,40.529891,TAURUS,10.529891,1,0,0,0,0,-0.01602472
2020-09-04,NEPTUNE,349.748048,PISCES,19.748048,1,0,0,0,0,-0.02729201
2020-09-04,PLUTO,292.697588,CAPRICORN,22.697588,1,0,0,0,0,-0.01357249
2020-09-05,SUN,163.378231,VIRGO,13.378231,0,0,0,0,0,0.96936322
2020-09-05,MERCURY,179.476377,VIRGO,29.476377,0,0,0,0,0,1.62045656
2020-09-05,VENUS,119.12502,CANCER,29.12502,0,0,0,0,0,1.08305264
2020-09-05,MARS,27.998597,ARIES,27.998597,0,0,0,0,0,0.06412851
2020-09-05,JUPITER,287.497598,CAPRICORN,17.497598,1,0,0,0,0,-0.02412366
2020-09-05,SATURN,295.789968,CAPRICORN,25.789968,1,0,0,0,0,-0.03726116
2020-09-05,URANUS,40.513489,TAURUS,10.513489,1,0,0,0,0,-0.01677719
2020-09-05,NEPTUNE,349.720719,PISCES,19.720719,1,0,0,0,0,-0.02736374
2020-09-05,PLUTO,292.684211,CAPRICORN,22.684211,1,0,0,0,0,-0.01317887
2020-09-06,SUN,164.347862,VIRGO,14.347862,0,0,0,0,0,0.96990004
2020-09-06,MERCURY,181.08694,LIBRA,1.08694,0,1,0,0,0,1.60070703
2020-09-06,VENUS,120.210084,LEO,0.210084,0,1,0,0,0,1.08705567
2020-09-06,MARS,28.055615,ARIES,28.055615,0,0,0,0,0,0.04988446
2020-09-06,JUPITER,287.475059,CAPRICORN,17.475059,1,0,0,0,0,-0.02095093
2020-09-06,SATURN,295.753419,CAPRICORN,25.753419,1,0,0,0,0,-0.03583421
2020-09-06,URANUS,40.49634,TAURUS,10.49634,1,0,0,0,0,-0.01752046
2020-09-06,NEPTUNE,349.693325,PISCES,19.693325,1,0,0,0,0,-0.02742181
2020-09-06,PLUTO,292.671233,CAPRICORN,22.671233,1,0,0,0,0,-0.01277633
2020-09-07,SUN,165.318039,VIRGO,15.318039,0,0,0,0,0,0.97045387
2020-09-07,MERCURY,182.677849,LIBRA,2.677849,0,0,0,0,0,1.58114363
2020-09-07,VENUS,121.299108,LEO,1.299108,0,0,0,0,0,1.0909722
2020-09-07,MARS,28.098317,ARIES,28.098317,0,0,0,0,0,0.03549616
2020-09-07,JUPITER,287.455701,CAPRICORN,17.455701,1,0,0,0,0,-0.01776402
2020-09-07,SATURN,295.718307,CAPRICORN,25.718307,1,0,0,0,0,-0.03438717
2020-09-07,URANUS,40.478451,TAURUS,10.478451,1,0,0,0,0,-0.0182553
2020-09-07,NEPTUNE,349.665879,PISCES,19.665879,1,0,0,0,0,-0.0274671
2020-09-07,PLUTO,292.658661,CAPRICORN,22.658661,1,0,0,0,0,-0.01236585
2020-09-08,SUN,166.288777,VIRGO,16.288777,0,0,0,0,0,0.97102154
2020-09-08,MERCURY,184.249274,LIBRA,4.249274,0,0,0,0,0,1.56173082
2020-09-08,VENUS,122.392005,LEO,2.392005,0,0,0,0,0,1.09480176
2020-09-08,MARS,28.126564,ARIES,28.126564,0,0,0,0,0,0.02097929
2020-09-08,JUPITER,287.439536,CAPRICORN,17.439536,1,0,0,0,0,-0.01456524
2020-09-08,SATURN,295.684651,CAPRICORN,25.684651,1,0,0,0,0,-0.03292169
2020-09-08,URANUS,40.459831,TAURUS,10.459831,1,0,0,0,0,-0.01898277
2020-09-08,NEPTUNE,349.638394,PISCES,19.638394,1,0,0,0,0,-0.02750081
2020-09-08,PLUTO,292.646503,CAPRICORN,22.646503,1,0,0,0,0,-0.01194883
2020-09-09,SUN,167.260088,VIRGO,17.260088,0,0,0,0,0,0.97159961
2020-09-09,MERCURY,185.801344,LIBRA,5.801344,0,0,0,0,0,1.54242801
2020-09-09,VENUS,123.488687,LEO,3.488687,0,0,0,0,0,1.09854364
2020-09-09,MARS,28.140238,ARIES,28.140238,0,0,0,0,0,0.00635146
2020-09-09,JUPITER,287.426574,CAPRICORN,17.426574,1,0,0,0,0,-0.01135714
2020-09-09,SATURN,295.652469,CAPRICORN,25.652469,1,0,0,0,0,-0.03143968
2020-09-09,URANUS,40.440487,TAURUS,10.440487,1,0,0,0,0,-0.01970407
2020-09-09,NEPTUNE,349.610881,PISCES,19.610881,1,0,0,0,0,-0.02752437
2020-09-09,PLUTO,292.634765,CAPRICORN,22.634765,1,0,0,0,0,-0.01152684
2020-09-10,SUN,168.231981,VIRGO,18.231981,0,0,0,0,0,0.9721844
2020-09-10,MERCURY,187.334148,LIBRA,7.334148,0,0,0,0,0,1.52318972
2020-09-10,VENUS,124.589068,LEO,4.589068,0,0,0,0,0,1.10219673
2020-09-10,MARS,28.139236,ARIES,28.139236,1,0,1,0,1,-0.00836723
2020-09-10,JUPITER,287.416824,CAPRICORN,17.416824,1,0,0,0,0,-0.00814225
2020-09-10,SATURN,295.621776,CAPRICORN,25.621776,1,0,0,0,0,-0.0299431
2020-09-10,URANUS,40.420425,TAURUS,10.420425,1,0,0,0,0,-0.02042054
2020-09-10,NEPTUNE,349.583348,PISCES,19.583348,1,0,0,0,0,-0.02753925
2020-09-10,PLUTO,292.62345,CAPRICORN,22.62345,1,0,0,0,0,-0.01110153
2020-09-11,SUN,169.20446,VIRGO,19.20446,0,0,0,0,0,0.97277198
2020-09-11,MERCURY,188.847726,LIBRA,8.847726,0,0,0,0,0,1.50396542
2020-09-11,VENUS,125.693056,LEO,5.693056,0,0,0,0,0,1.10575972
2020-09-11,MARS,28.123479,ARIES,28.123479,1,0,0,0,0,-0.02315394
2020-09-11,JUPITER,287.410291,CAPRICORN,17.410291,1,0,0,0,0,-0.00492302
2020-09-11,SATURN,295.592587,CAPRICORN,25.592587,1,0,0,0,0,-0.02843384
2020-09-11,URANUS,40.399647,TAURUS,10.399647,1,0,0,0,0,-0.02113337
2020-09-11,NEPTUNE,349.555805,PISCES,19.555805,1,0,0,0,0,-0.02754687
2020-09-11,PLUTO,292.612562,CAPRICORN,22.612562,1,0,0,0,0,-0.01067449
2020-09-12,SUN,170.177526,VIRGO,20.177526,0,0,0,0,0,0.97335787
2020-09-12,MERCURY,190.342062,LIBRA,10.342062,0,0,0,0,0,1.48469931
2020-09-12,VENUS,126.800562,LEO,6.800562,0,0,0,0,0,1.10923091
2020-09-12,MARS,28.092912,ARIES,28.092912,1,0,0,0,0,-0.03798253
2020-09-12,JUPITER,287.406979,CAPRICORN,17.406979,1,0,0,0,0,-0.00170183
2020-09-12,SATURN,295.564912,CAPRICORN,25.564912,1,0,0,0,0,-0.02691373
2020-09-12,URANUS,40.378158,TAURUS,10.378158,1,0,0,0,0,-0.02184373
2020-09-12,NEPTUNE,349.528256,PISCES,19.528256,1,0,0,0,0,-0.02754859
2020-09-12,PLUTO,292.602101,CAPRICORN,22.602101,1,0,0,0,0,-0.01024727
2020-09-13,SUN,171.151176,VIRGO,21.151176,0,0,0,0,0,0.9739373
2020-09-13,MERCURY,191.817087,LIBRA,11.817087,0,0,0,0,0,1.46532991
2020-09-13,VENUS,127.911492,LEO,7.911492,0,0,0,0,0,1.11260862
2020-09-13,MARS,28.047508,ARIES,28.047508,1,0,0,0,0,-0.05282203
2020-09-13,JUPITER,287.406888,CAPRICORN,17.406888,0,0,0,1,1,0.00151925
2020-09-13,SATURN,295.538762,CAPRICORN,25.538762,1,0,0,0,0,-0.02538426
2020-09-13,URANUS,40.35596,TAURUS,10.35596,1,0,0,0,0,-0.02255238
2020-09-13,NEPTUNE,349.500708,PISCES,19.500708,1,0,0,0,0,-0.02754543
2020-09-13,PLUTO,292.592067,CAPRICORN,22.592067,1,0,0,0,0,-0.00982111
2020-09-14,SUN,172.1254,VIRGO,22.1254,0,0,0,0,0,0.9745059
2020-09-14,MERCURY,193.272663,LIBRA,13.272663,0,0,0,0,0,1.44579035
2020-09-14,VENUS,129.025753,LEO,9.025753,0,0,0,0,0,1.11589248
2020-09-14,MARS,27.987273,ARIES,27.987273,1,0,0,0,0,-0.06763553
2020-09-14,JUPITER,287.410017,CAPRICORN,17.410017,0,0,0,0,0,0.00473906
2020-09-14,SATURN,295.514146,CAPRICORN,25.514146,1,0,0,0,0,-0.02384595
2020-09-14,URANUS,40.333054,TAURUS,10.333054,1,0,0,0,0,-0.02325895
2020-09-14,NEPTUNE,349.473166,PISCES,19.473166,1,0,0,0,0,-0.02753734
2020-09-14,PLUTO,292.582458,CAPRICORN,22.582458,1,0,0,0,0,-0.00939618
2020-09-15,SUN,173.100186,VIRGO,23.100186,0,0,0,0,0,0.9750609
2020-09-15,MERCURY,194.708585,LIBRA,14.708585,0,0,0,0,0,1.42600887
2020-09-15,VENUS,130.143252,LEO,10.143252,0,0,0,0,0,1.11908469
2020-09-15,MARS,27.912256,ARIES,27.912256,1,0,0,0,0,-0.08237901
2020-09-15,JUPITER,287.416366,CAPRICORN,17.416366,0,0,0,0,0,0.00795821
2020-09-15,SATURN,295.491074,CAPRICORN,25.491074,1,0,0,0,0,-0.02229744
2020-09-15,URANUS,40.309443,TAURUS,10.309443,1,0,0,0,0,-0.02396097
2020-09-15,NEPTUNE,349.445635,PISCES,19.445635,1,0,0,0,0,-0.02752222
2020-09-15,PLUTO,292.573274,CAPRICORN,22.573274,1,0,0,0,0,-0.00897068
2020-09-16,SUN,174.07552,VIRGO,24.07552,0,0,0,0,0,0.97560199
2020-09-16,MERCURY,196.124573,LIBRA,16.124573,0,0,0,0,0,1.40590863
2020-09-16,VENUS,131.263899,LEO,11.263899,0,0,0,0,0,1.1221909
2020-09-16,MARS,27.822552,ARIES,27.822552,1,0,0,0,0,-0.09700197
2020-09-16,JUPITER,287.425934,CAPRICORN,17.425934,0,0,0,0,0,0.0111791
2020-09-16,SATURN,295.469556,CAPRICORN,25.469556,1,0,0,0,0,-0.02073534
2020-09-16,URANUS,40.285135,TAURUS,10.285135,1,0,0,0,0,-0.02465365
2020-09-16,NEPTUNE,349.418124,PISCES,19.418124,1,0,0,0,0,-0.02749577
2020-09-16,PLUTO,292.564518,CAPRICORN,22.564518,1,0,0,0,0,-0.00854064
2020-09-17,SUN,175.051389,VIRGO,25.051389,0,0,0,0,0,0.97613078
2020-09-17,MERCURY,197.520266,LIBRA,17.520266,0,0,0,0,0,1.38540633
2020-09-17,VENUS,132.387613,LEO,12.387613,0,0,0,0,0,1.12521944
2020-09-17,MARS,27.718307,ARIES,27.718307,1,0,0,0,0,-0.11145031
2020-09-17,JUPITER,287.438726,CAPRICORN,17.438726,0,0,0,0,0,0.01440475
2020-09-17,SATURN,295.449609,CAPRICORN,25.449609,1,0,0,0,0,-0.01915543
2020-09-17,URANUS,40.26014,TAURUS,10.26014,1,0,0,0,0,-0.02533112
2020-09-17,NEPTUNE,349.390648,PISCES,19.390648,1,0,0,0,0,-0.02745262
2020-09-17,PLUTO,292.556196,CAPRICORN,22.556196,1,0,0,0,0,-0.00810107
2020-09-18,SUN,176.027781,VIRGO,26.027781,0,0,0,0,0,0.97664948
2020-09-18,MERCURY,198.895218,LIBRA,18.895218,0,0,0,0,0,1.36440968
2020-09-18,VENUS,133.51432,LEO,13.51432,0,0,0,0,0,1.12817954
2020-09-18,MARS,27.599724,ARIES,27.599724,1,0,0,0,0,-0.12567141
2020-09-18,JUPITER,287.454746,CAPRICORN,17.454746,0,0,0,0,0,0.01763664
2020-09-18,SATURN,295.431252,CAPRICORN,25.431252,1,0,0,0,0,-0.01755489
2020-09-18,URANUS,40.234479,TAURUS,10.234479,1,0,0,0,0,-0.02598863
2020-09-18,NEPTUNE,349.363225,PISCES,19.363225,1,0,0,0,0,-0.02738862
2020-09-18,PLUTO,292.54832,CAPRICORN,22.54832,1,0,0,0,0,-0.00764819
2020-09-19,SUN,177.004688,VIRGO,27.004688,0,0,0,0,0,0.9771591
2020-09-19,MERCURY,200.248884,LIBRA,20.248884,0,0,0,0,0,1.34281496
2020-09-19,VENUS,134.643956,LEO,14.643956,0,0,0,0,0,1.13107875
2020-09-19,MARS,27.467054,ARIES,27.467054,1,0,0,0,0,-0.1396188
2020-09-19,JUPITER,287.474001,CAPRICORN,17.474001,0,0,0,0,0,0.02087267
2020-09-19,SATURN,295.414506,CAPRICORN,25.414506,1,0,0,0,0,-0.01593434
2020-09-19,URANUS,40.20817,TAURUS,10.20817,1,0,0,0,0,-0.02662477
2020-09-19,NEPTUNE,349.335878,PISCES,19.335878,1,0,0,0,0,-0.02730295
2020-09-19,PLUTO,292.540904,CAPRICORN,22.540904,1,0,0,0,0,-0.00718155
2020-09-20,SUN,177.9821,VIRGO,27.9821,0,0,0,0,0,0.97765902
2020-09-20,MERCURY,201.580607,LIBRA,21.580607,0,0,0,0,0,1.32050565
2020-09-20,VENUS,135.776463,LEO,15.776463,0,0,0,0,0,1.13392162
2020-09-20,MARS,27.320589,ARIES,27.320589,1,0,0,0,0,-0.15325491
2020-09-20,JUPITER,287.496491,CAPRICORN,17.496491,0,0,0,0,0,0.02410693
2020-09-20,SATURN,295.399389,CAPRICORN,25.399389,1,0,0,0,0,-0.0142983
2020-09-20,URANUS,40.181235,TAURUS,10.181235,1,0,0,0,0,-0.02724204
2020-09-20,NEPTUNE,349.308626,PISCES,19.308626,1,0,0,0,0,-0.02719869
2020-09-20,PLUTO,292.53396,CAPRICORN,22.53396,1,0,0,0,0,-0.00670447
2020-09-21,SUN,178.960007,VIRGO,28.960007,0,0,0,0,0,0.97814804
2020-09-21,MERCURY,202.889611,LIBRA,22.889611,0,0,0,0,0,1.29735284
2020-09-21,VENUS,136.911786,LEO,16.911786,0,0,0,0,0,1.13671061
2020-09-21,MARS,27.160657,ARIES,27.160657,1,0,0,0,0,-0.16655052
2020-09-21,JUPITER,287.522212,CAPRICORN,17.522212,0,0,0,0,0,0.02733139
2020-09-21,SATURN,295.385912,CAPRICORN,25.385912,1,0,0,0,0,-0.01265363
2020-09-21,URANUS,40.15369,TAURUS,10.15369,1,0,0,0,0,-0.02784553
2020-09-21,NEPTUNE,349.281485,PISCES,19.281485,1,0,0,0,0,-0.02708144
2020-09-21,PLUTO,292.527496,CAPRICORN,22.527496,1,0,0,0,0,-0.00622275
2020-09-22,SUN,179.938397,VIRGO,29.938397,0,0,0,0,0,0.97862602
2020-09-22,MERCURY,204.174982,LIBRA,24.174982,0,0,0,0,0,1.27321597
2020-09-22,VENUS,138.049872,LEO,18.049872,0,0,0,0,0,1.1394474
2020-09-22,MARS,26.98761,ARIES,26.98761,1,0,0,0,0,-0.1794814
2020-09-22,JUPITER,287.551149,CAPRICORN,17.551149,0,0,0,0,0,0.03053847
2020-09-22,SATURN,295.374082,CAPRICORN,25.374082,1,0,0,0,0,-0.01100692
2020-09-22,URANUS,40.125547,TAURUS,10.125547,1,0,0,0,0,-0.02844031
2020-09-22,NEPTUNE,349.254465,PISCES,19.254465,1,0,0,0,0,-0.02695676
2020-09-22,PLUTO,292.521514,CAPRICORN,22.521514,1,0,0,0,0,-0.00574201
2020-09-23,SUN,180.91726,LIBRA,0.91726,0,1,0,0,0,0.97909498
2020-09-23,MERCURY,205.435661,LIBRA,25.435661,0,0,0,0,0,1.24794288
2020-09-23,VENUS,139.190669,LEO,19.190669,0,0,0,0,0,1.14213422
2020-09-23,MARS,26.801823,ARIES,26.801823,1,0,0,0,0,-0.19202499
2020-09-23,JUPITER,287.583282,CAPRICORN,17.583282,0,0,0,0,0,0.03372315
2020-09-23,SATURN,295.363898,CAPRICORN,25.363898,1,0,0,0,0,-0.00936254
2020-09-23,URANUS,40.096811,TAURUS,10.096811,1,0,0,0,0,-0.02902964
2020-09-23,NEPTUNE,349.227572,PISCES,19.227572,1,0,0,0,0,-0.02682821
2020-09-23,PLUTO,292.516011,CAPRICORN,22.516011,1,0,0,0,0,-0.00526577
2020-09-24,SUN,181.89659,LIBRA,1.89659,0,0,0,0,0,0.97955907
2020-09-24,MERCURY,206.670431,LIBRA,26.670431,0,0,0,0,0,1.22136786
2020-09-24,VENUS,140.33413,LEO,20.33413,0,0,0,0,0,1.14477435
2020-09-24,MARS,26.603695,ARIES,26.603695,1,0,0,0,0,-0.20415731
2020-09-24,JUPITER,287.618587,CAPRICORN,17.618587,0,0,0,0,0,0.03688358
2020-09-24,SATURN,295.355356,CAPRICORN,25.355356,1,0,0,0,0,-0.00772201
2020-09-24,URANUS,40.067489,TAURUS,10.067489,1,0,0,0,0,-0.02961416
2020-09-24,NEPTUNE,349.20081,PISCES,19.20081,1,0,0,0,0,-0.02669675
2020-09-24,PLUTO,292.510981,CAPRICORN,22.510981,1,0,0,0,0,-0.00479496
2020-09-25,SUN,182.876383,LIBRA,2.876383,0,0,0,0,0,0.98002339
2020-09-25,MERCURY,207.8779,LIBRA,27.8779,0,0,0,0,0,1.19330878
2020-09-25,VENUS,141.480208,LEO,21.480208,0,0,0,0,0,1.14737151
2020-09-25,MARS,26.393652,ARIES,26.393652,1,0,0,0,0,-0.21585233
2020-09-25,JUPITER,287.657041,CAPRICORN,17.657041,0,0,0,0,0,0.04002016
2020-09-25,SATURN,295.348453,CAPRICORN,25.348453,1,0,0,0,0,-0.00608473
2020-09-25,URANUS,40.037585,TAURUS,10.037585,1,0,0,0,0,-0.03019269
2020-09-25,NEPTUNE,349.17418,PISCES,19.17418,1,0,0,0,0,-0.02656137
2020-09-25,PLUTO,292.506419,CAPRICORN,22.506419,1,0,0,0,0,-0.00432848
2020-09-26,SUN,183.856642,LIBRA,3.856642,0,0,0,0,0,0.98049297
2020-09-26,MERCURY,209.056484,LIBRA,29.056484,0,0,0,0,0,1.16356347
2020-09-26,VENUS,142.628864,LEO,22.628864,0,0,0,0,0,1.14992917
2020-09-26,MARS,26.172143,ARIES,26.172143,1,0,0,0,0,-0.2270819
2020-09-26,JUPITER,287.698621,CAPRICORN,17.698621,0,0,0,0,0,0.04313448
2020-09-26,SATURN,295.343186,CAPRICORN,25.343186,1,0,0,0,0,-0.00444911
2020-09-26,URANUS,40.007106,TAURUS,10.007106,1,0,0,0,0,-0.03076313
2020-09-26,NEPTUNE,349.147688,PISCES,19.147688,1,0,0,0,0,-0.02642013
2020-09-26,PLUTO,292.502323,CAPRICORN,22.502323,1,0,0,0,0,-0.00386433
2020-09-27,SUN,184.837376,LIBRA,4.837376,0,0,0,0,0,0.98097225
2020-09-27,MERCURY,210.204387,SCORPIO,0.204387,0,1,0,0,0,1.1319068
2020-09-27,VENUS,143.780059,LEO,23.780059,0,0,0,0,0,1.15245034
2020-09-27,MARS,25.93965,ARIES,25.93965,1,0,0,0,0,-0.2378165
2020-09-27,JUPITER,287.743304,CAPRICORN,17.743304,0,0,0,0,0,0.04622848
2020-09-27,SATURN,295.339555,CAPRICORN,25.339555,1,0,0,0,0,-0.00281323
2020-09-27,URANUS,39.976061,TAURUS,9.976061,1,0,0,0,0,-0.0313231
2020-09-27,NEPTUNE,349.121341,PISCES,19.121341,1,0,0,0,0,-0.02627089
2020-09-27,PLUTO,292.49869,CAPRICORN,22.49869,1,0,0,0,0,-0.00340028
2020-09-28,SUN,185.818596,LIBRA,5.818596,0,0,0,0,0,0.98146495
2020-09-28,MERCURY,211.319575,SCORPIO,1.319575,0,0,0,0,0,1.09808795
2020-09-28,VENUS,144.933758,LEO,24.933758,0,0,0,0,0,1.15493753
2020-09-28,MARS,25.696682,ARIES,25.696682,1,0,0,0,0,-0.24802566
2020-09-28,JUPITER,287.791072,CAPRICORN,17.791072,0,0,0,0,0,0.04930416
2020-09-28,SATURN,295.33756,CAPRICORN,25.33756,1,0,0,0,0,-0.00117522
2020-09-28,URANUS,39.944463,TAURUS,9.944463,1,0,0,0,0,-0.03187037
2020-09-28,NEPTUNE,349.095149,PISCES,19.095149,1,0,0,0,0,-0.02611149
2020-09-28,PLUTO,292.495523,CAPRICORN,22.495523,1,0,0,0,0,-0.00293422
2020-09-29,SUN,186.800316,LIBRA,6.800316,0,0,0,0,0,0.98197419
2020-09-29,MERCURY,212.399747,SCORPIO,2.399747,0,0,0,0,0,1.06182779
2020-09-29,VENUS,146.089928,LEO,26.089928,0,0,0,0,0,1.15739284
2020-09-29,MARS,25.443781,ARIES,25.443781,1,0,0,0,0,-0.25767876
2020-09-29,JUPITER,287.841907,CAPRICORN,17.841907,0,0,0,0,0,0.05236326
2020-09-29,SATURN,295.337205,CAPRICORN,25.337205,0,0,0,1,1,0.00046653
2020-09-29,URANUS,39.912325,TAURUS,9.912325,1,0,0,0,0,-0.03240287
2020-09-29,NEPTUNE,349.069122,PISCES,19.069122,1,0,0,0,0,-0.02594009
2020-09-29,PLUTO,292.492823,CAPRICORN,22.492823,1,0,0,0,0,-0.00246422
2020-09-30,SUN,187.782554,LIBRA,7.782554,0,0,0,0,0,0.98250218
2020-09-30,MERCURY,213.442311,SCORPIO,3.442311,0,0,0,0,0,1.02281621
2020-09-30,VENUS,147.248538,LEO,27.248538,0,0,0,0,0,1.15981749
2020-09-30,MARS,25.181517,ARIES,25.181517,1,0,0,0,0,-0.26674573
2020-09-30,JUPITER,287.895794,CAPRICORN,17.895794,0,0,0,0,0,0.05540707
2020-09-30,SATURN,295.338495,CAPRICORN,25.338495,0,0,0,0,0,0.00211318
2020-09-30,URANUS,39.879663,TAURUS,9.879663,1,0,0,0,0,-0.03291913
2020-09-30,NEPTUNE,349.043273,PISCES,19.043273,1,0,0,0,0,-0.02575529
2020-09-30,PLUTO,292.490596,CAPRICORN,22.490596,1,0,0,0,0,-0.00198894
2020-10-01,SUN,188.76533,LIBRA,8.76533,0,0,0,0,0,0.98305002
2020-10-01,MERCURY,214.444345,SCORPIO,4.444345,0,0,0,0,0,0.98070963
2020-10-01,VENUS,148.409557,LEO,28.409557,0,0,0,0,0,1.16221186
2020-10-01,MARS,24.910492,ARIES,24.910492,1,0,0,0,0,-0.27519711
2020-10-01,JUPITER,287.952717,CAPRICORN,17.952717,0,0,0,0,0,0.05843625
2020-10-01,SATURN,295.341434,CAPRICORN,25.341434,0,0,0,0,0,0.00376517
2020-10-01,URANUS,39.846492,TAURUS,9.846492,1,0,0,0,0,-0.03341832
2020-10-01,NEPTUNE,349.017615,PISCES,19.017615,1,0,0,0,0,-0.02555648
2020-10-01,PLUTO,292.488847,CAPRICORN,22.488847,1,0,0,0,0,-0.00150773
2020-10-02,SUN,189.748664,LIBRA,9.748664,0,0,0,0,0,0.98361764
2020-10-02,MERCURY,215.402568,SCORPIO,5.402568,0,0,0,0,0,0.9351287
2020-10-02,VENUS,149.572956,LEO,29.572956,0,0,0,0,0,1.16457518
2020-10-02,MARS,24.631336,ARIES,24.631336,1,0,0,0,0,-0.28300433
2020-10-02,JUPITER,288.012662,CAPRICORN,18.012662,0,0,0,0,0,0.06145074
2020-10-02,SATURN,295.346027,CAPRICORN,25.346027,0,0,0,0,0,0.00542224
2020-10-02,URANUS,39.812831,TAURUS,9.812831,1,0,0,0,0,-0.03390037
2020-10-02,NEPTUNE,348.992164,PISCES,18.992164,1,0,0,0,0,-0.02534372
2020-10-02,PLUTO,292.487582,CAPRICORN,22.487582,1,0,0,0,0,-0.0010207
2020-10-03,SUN,190.732575,LIBRA,10.732575,0,0,0,0,0,0.98420404
2020-10-03,MERCURY,216.3133,SCORPIO,6.3133,0,0,0,0,0,0.88565699
2020-10-03,VENUS,150.738701,VIRGO,0.738701,0,1,0,0,0,1.16690609
2020-10-03,MARS,24.344706,ARIES,24.344706,1,0,0,0,0,-0.29013943
2020-10-03,JUPITER,288.075614,CAPRICORN,18.075614,0,0,0,0,0,0.06444996
2020-10-03,SATURN,295.35228,CAPRICORN,25.35228,0,0,0,0,0,0.00708357
2020-10-03,URANUS,39.778697,TAURUS,9.778697,1,0,0,0,0,-0.03436571
2020-10-03,NEPTUNE,348.966932,PISCES,18.966932,1,0,0,0,0,-0.02511757
2020-10-03,PLUTO,292.486807,CAPRICORN,22.486807,1,0,0,0,0,-0.00052843
2020-10-04,SUN,191.717081,LIBRA,11.717081,0,0,0,0,0,0.98480745
2020-10-04,MERCURY,217.172428,SCORPIO,7.172428,0,0,0,0,0,0.83184044
2020-10-04,VENUS,151.906761,VIRGO,1.906761,0,0,0,0,0,1.16920273
2020-10-04,MARS,24.051289,ARIES,24.051289,1,0,0,0,0,-0.29657536
2020-10-04,JUPITER,288.141557,CAPRICORN,18.141557,0,0,0,0,0,0.06743308
2020-10-04,SATURN,295.360196,CAPRICORN,25.360196,0,0,0,0,0,0.00874813
2020-10-04,URANUS,39.744105,TAURUS,9.744105,1,0,0,0,0,-0.03481495
2020-10-04,NEPTUNE,348.941933,PISCES,18.941933,1,0,0,0,0,-0.02487893
2020-10-04,PLUTO,292.486527,CAPRICORN,22.486527,1,0,0,0,0,-3.187e-05
2020-10-05,SUN,192.702198,LIBRA,12.702198,0,0,0,0,0,0.98542551
2020-10-05,MERCURY,217.975363,SCORPIO,7.975363,0,0,0,0,0,0.77318856
2020-10-05,VENUS,153.077099,VIRGO,3.077099,0,0,0,0,0,1.17146283
2020-10-05,MARS,23.751797,ARIES,23.751797,1,0,0,0,0,-0.3022862
2020-10-05,JUPITER,288.210475,CAPRICORN,18.210475,0,0,0,0,0,0.07039882
2020-10-05,SATURN,295.369777,CAPRICORN,25.369777,0,0,0,0,0,0.01041445
2020-10-05,URANUS,39.709072,TAURUS,9.709072,1,0,0,0,0,-0.03524919
2020-10-05,NEPTUNE,348.917178,PISCES,18.917178,1,0,0,0,0,-0.02462899
2020-10-05,PLUTO,292.486745,CAPRICORN,22.486745,0,0,0,1,1,0.00046768
2020-10-06,SUN,193.687939,LIBRA,13.687939,0,0,0,0,0,0.98605534
2020-10-06,MERCURY,218.717012,SCORPIO,8.717012,0,0,0,0,0,0.70917795
2020-10-06,VENUS,154.249678,VIRGO,4.249678,0,0,0,0,0,1.17368389
2020-10-06,MARS,23.446966,ARIES,23.446966,1,0,0,0,0,-0.30724806
2020-10-06,JUPITER,288.282349,CAPRICORN,18.282349,0,0,0,0,0,0.07334558
2020-10-06,SATURN,295.381025,CAPRICORN,25.381025,0,0,0,0,0,0.01208075
2020-10-06,URANUS,39.673611,TAURUS,9.673611,1,0,0,0,0,-0.03566968
2020-10-06,NEPTUNE,348.892678,PISCES,18.892678,1,0,0,0,0,-0.02436932
2020-10-06,PLUTO,292.487463,CAPRICORN,22.487463,0,0,0,0,0,0.00096863
2020-10-07,SUN,194.674314,LIBRA,14.674314,0,0,0,0,0,0.98669377
2020-10-07,MERCURY,219.391743,SCORPIO,9.391743,0,0,0,0,0,0.63925978
2020-10-07,VENUS,155.424457,VIRGO,5.424457,0,0,0,0,0,1.17586315
2020-10-07,MARS,23.137557,ARIES,23.137557,1,0,0,0,0,-0.31143922
2020-10-07,JUPITER,288.35716,CAPRICORN,18.35716,0,0,0,0,0,0.07627161
2020-10-07,SATURN,295.393938,CAPRICORN,25.393938,0,0,0,0,0,0.01374512
2020-10-07,URANUS,39.637736,TAURUS,9.637736,1,0,0,0,0,-0.03607786
2020-10-07,NEPTUNE,348.868442,PISCES,18.868442,1,0,0,0,0,-0.02410155
2020-10-07,PLUTO,292.488682,CAPRICORN,22.488682,0,0,0,0,0,0.00146926
2020-10-08,SUN,195.66133,LIBRA,15.66133,0,0,0,0,0,0.98733761
2020-10-08,MERCURY,219.993367,SCORPIO,9.993367,0,0,0,0,0,0.56287202
2020-10-08,VENUS,156.601394,VIRGO,6.601394,0,0,0,0,0,1.17799792
2020-10-08,MARS,22.82435,ARIES,22.82435,1,0,0,0,0,-0.31483972
2020-10-08,JUPITER,288.434885,CAPRICORN,18.434885,0,0,0,0,0,0.07917536
2020-10-08,SATURN,295.408514,CAPRICORN,25.408514,0,0,0,0,0,0.0154058
2020-10-08,URANUS,39.601459,TAURUS,9.601459,1,0,0,0,0,-0.03647496
2020-10-08,NEPTUNE,348.844477,PISCES,18.844477,1,0,0,0,0,-0.02382723
2020-10-08,PLUTO,292.490401,CAPRICORN,22.490401,0,0,0,0,0,0.00196794
2020-10-09,SUN,196.648992,LIBRA,16.648992,0,0,0,0,0,0.98798361
2020-10-09,MERCURY,220.515136,SCORPIO,10.515136,0,0,0,0,0,0.47945857
2020-10-09,VENUS,157.780442,VIRGO,7.780442,0,0,0,0,0,1.18008548
2020-10-09,MARS,22.508146,ARIES,22.508146,1,0,0,0,0,-0.31743145
2020-10-09,JUPITER,288.515503,CAPRICORN,18.515503,0,0,0,0,0,0.08205562
2020-10-09,SATURN,295.424748,CAPRICORN,25.424748,0,0,0,0,0,0.01706139
2020-10-09,URANUS,39.564789,TAURUS,9.564789,1,0,0,0,0,-0.03686193
2020-10-09,NEPTUNE,348.820789,PISCES,18.820789,1,0,0,0,0,-0.02354747
2020-10-09,PLUTO,292.492617,CAPRICORN,22.492617,0,0,0,0,0,0.00246342
2020-10-10,SUN,197.6373,LIBRA,17.6373,0,0,0,0,0,0.98862837
2020-10-10,MERCURY,220.949759,SCORPIO,10.949759,0,0,0,0,0,0.38849723
2020-10-10,VENUS,158.961553,VIRGO,8.961553,0,0,0,0,0,1.18212321
2020-10-10,MARS,22.189761,ARIES,22.189761,1,0,0,0,0,-0.31919768
2020-10-10,JUPITER,288.598989,CAPRICORN,18.598989,0,0,0,0,0,0.08491148
2020-10-10,SATURN,295.442635,CAPRICORN,25.442635,0,0,0,0,0,0.01871083
2020-10-10,URANUS,39.527738,TAURUS,9.527738,1,0,0,0,0,-0.03723924
2020-10-10,NEPTUNE,348.797384,PISCES,18.797384,1,0,0,0,0,-0.02326315
2020-10-10,PLUTO,292.495326,CAPRICORN,22.495326,0,0,0,0,0,0.00295478
2020-10-11,SUN,198.62625,LIBRA,18.62625,0,0,0,0,0,0.98926838
2020-10-11,MERCURY,221.289455,SCORPIO,11.289455,0,0,0,0,0,0.28953986
2020-10-11,VENUS,160.144675,VIRGO,10.144675,0,0,0,0,0,1.18410867
2020-10-11,MARS,21.870029,ARIES,21.870029,1,0,0,0,0,-0.32012277
2020-10-11,JUPITER,288.685319,CAPRICORN,18.685319,0,0,0,0,0,0.08774253
2020-10-11,SATURN,295.462168,CAPRICORN,25.462168,0,0,0,0,0,0.02035352
2020-10-11,URANUS,39.490314,TAURUS,9.490314,1,0,0,0,0,-0.0376069
2020-10-11,NEPTUNE,348.774264,PISCES,18.774264,1,0,0,0,0,-0.02297452
2020-10-11,PLUTO,292.498525,CAPRICORN,22.498525,0,0,0,0,0,0.00344163
2020-10-12,SUN,199.615836,LIBRA,19.615836,0,0,0,0,0,0.98990046
2020-10-12,MERCURY,221.526055,SCORPIO,11.526055,0,0,0,0,0,0.18226851
2020-10-12,VENUS,161.329756,VIRGO,11.329756,0,0,0,0,0,1.18604036
2020-10-12,MARS,21.549798,ARIES,21.549798,1,0,0,0,0,-0.32019161
2020-10-12,JUPITER,288.774467,CAPRICORN,18.774467,0,0,0,0,0,0.09054927
2020-10-12,SATURN,295.48334,CAPRICORN,25.48334,0,0,0,0,0,0.02198991
2020-10-12,URANUS,39.452527,TAURUS,9.452527,1,0,0,0,0,-0.03796373
2020-10-12,NEPTUNE,348.751435,PISCES,18.751435,1,0,0,0,0,-0.02268079
2020-10-12,PLUTO,292.502208,CAPRICORN,22.502208,0,0,0,0,0,0.00392458
2020-10-13,SUN,200.60605,LIBRA,20.60605,0,0,0,0,0,0.99052255
2020-10-13,MERCURY,221.651169,SCORPIO,11.651169,0,0,0,0,0,0.06657068
2020-10-13,VENUS,162.516741,VIRGO,12.516741,0,0,0,0,0,1.1879186
2020-10-13,MARS,21.229933,ARIES,21.229933,1,0,0,0,0,-0.31938927
2020-10-13,JUPITER,288.86641,CAPRICORN,18.86641,0,0,0,0,0,0.09333382
2020-10-13,SATURN,295.506146,CAPRICORN,25.506146,0,0,0,0,0,0.02362218
2020-10-13,URANUS,39.41439,TAURUS,9.41439,1,0,0,0,0,-0.03830666
2020-10-13,NEPTUNE,348.728904,PISCES,18.728904,1,0,0,0,0,-0.02237934
2020-10-13,PLUTO,292.506373,CAPRICORN,22.506373,0,0,0,0,0,0.00440608
2020-10-14,SUN,201.59688,LIBRA,21.59688,0,0,0,0,0,0.99113392
2020-10-14,MERCURY,221.656435,SCORPIO,11.656435,1,0,1,0,1,-0.05736437
2020-10-14,VENUS,163.70558,VIRGO,13.70558,0,0,0,0,0,1.18974609
2020-10-14,MARS,20.911312,ARIES,20.911312,1,0,0,0,0,-0.31770225
2020-10-14,JUPITER,288.961129,CAPRICORN,18.961129,0,0,0,0,0,0.09609974
2020-10-14,SATURN,295.530584,CAPRICORN,25.530584,0,0,0,0,0,0.02525409
2020-10-14,URANUS,39.37592,TAURUS,9.37592,1,0,0,0,0,-0.03863079
2020-10-14,NEPTUNE,348.70668,PISCES,18.70668,1,0,0,0,0,-0.02206575
2020-10-14,PLUTO,292.511021,CAPRICORN,22.511021,0,0,0,0,0,0.00489035
2020-10-15,SUN,202.588317,LIBRA,22.588317,0,0,0,0,0,0.99173441
2020-10-15,MERCURY,221.533879,SCORPIO,11.533879,1,0,0,0,0,-0.18892759
2020-10-15,VENUS,164.896222,VIRGO,14.896222,0,0,0,0,0,1.19152689
2020-10-15,MARS,20.594825,ARIES,20.594825,1,0,0,0,0,-0.31512137
2020-10-15,JUPITER,289.058605,CAPRICORN,19.058605,0,0,0,0,0,0.09885068
2020-10-15,SATURN,295.556656,CAPRICORN,25.556656,0,0,0,0,0,0.02688969
2020-10-15,URANUS,39.337136,TAURUS,9.337136,1,0,0,0,0,-0.0389307
2020-10-15,NEPTUNE,348.684778,PISCES,18.684778,1,0,0,0,0,-0.02173513
2020-10-15,PLUTO,292.516156,CAPRICORN,22.516156,0,0,0,0,0,0.00538199
2020-10-16,SUN,203.580348,LIBRA,23.580348,0,0,0,0,0,0.99232287
2020-10-16,MERCURY,221.276405,SCORPIO,11.276405,1,0,0,0,0,-0.32695258
2020-10-16,VENUS,166.088623,VIRGO,16.088623,0,0,0,0,0,1.19326483
2020-10-16,MARS,20.281366,ARIES,20.281366,1,0,0,0,0,-0.31164692
2020-10-16,JUPITER,289.158826,CAPRICORN,19.158826,0,0,0,0,0,0.10158808
2020-10-16,SATURN,295.584366,CAPRICORN,25.584366,0,0,0,0,0,0.02853097
2020-10-16,URANUS,39.298067,TAURUS,9.298067,1,0,0,0,0,-0.03920282
2020-10-16,NEPTUNE,348.663216,PISCES,18.663216,1,0,0,0,0,-0.0213845
2020-10-16,PLUTO,292.521789,CAPRICORN,22.521789,0,0,0,0,0,0.00588375
2020-10-17,SUN,204.57296,LIBRA,24.57296,0,0,0,0,0,0.99289612
2020-10-17,MERCURY,220.878421,SCORPIO,10.878421,1,0,0,0,0,-0.46956641
2020-10-17,VENUS,167.282742,VIRGO,17.282742,0,0,0,0,0,1.19496168
2020-10-17,MARS,19.971824,ARIES,19.971824,1,0,0,0,0,-0.30729292
2020-10-17,JUPITER,289.261777,CAPRICORN,19.261777,0,0,0,0,0,0.10430932
2020-10-17,SATURN,295.613719,CAPRICORN,25.613719,0,0,0,0,0,0.03017598
2020-10-17,URANUS,39.25874,TAURUS,9.25874,1,0,0,0,0,-0.03944743
2020-10-17,NEPTUNE,348.642015,PISCES,18.642015,1,0,0,0,0,-0.02101474
2020-10-17,PLUTO,292.527927,CAPRICORN,22.527927,0,0,0,0,0,0.00639451
2020-10-18,SUN,205.566137,LIBRA,25.566137,0,0,0,0,0,0.99344949
2020-10-18,MERCURY,220.336625,SCORPIO,10.336625,1,0,0,0,0,-0.61404485
2020-10-18,VENUS,168.478537,VIRGO,18.478537,0,0,0,0,0,1.19661717
2020-10-18,MARS,19.667065,ARIES,19.667065,1,0,0,0,0,-0.30208858
2020-10-18,JUPITER,289.367438,CAPRICORN,19.367438,0,0,0,0,0,0.1070079
2020-10-18,SATURN,295.644717,CAPRICORN,25.644717,0,0,0,0,0,0.03181888
2020-10-18,URANUS,39.21918,TAURUS,9.21918,1,0,0,0,0,-0.03966877
2020-10-18,NEPTUNE,348.621192,PISCES,18.621192,1,0,0,0,0,-0.02063066
2020-10-18,PLUTO,292.534579,CAPRICORN,22.534579,0,0,0,0,0,0.00690936
2020-10-19,SUN,206.559855,LIBRA,26.559855,0,0,0,0,0,0.99397896
2020-10-19,MERCURY,219.650912,SCORPIO,9.650912,1,0,0,0,0,-0.75670264
2020-10-19,VENUS,169.675967,VIRGO,19.675967,0,0,0,0,0,1.19823034
2020-10-19,MARS,19.367917,ARIES,19.367917,1,0,0,0,0,-0.29607595
2020-10-19,JUPITER,289.475783,CAPRICORN,19.475783,0,0,0,0,0,0.10967577
2020-10-19,SATURN,295.677354,CAPRICORN,25.677354,0,0,0,0,0,0.03345207
2020-10-19,URANUS,39.179408,TAURUS,9.179408,1,0,0,0,0,-0.03987316
2020-10-19,NEPTUNE,348.600757,PISCES,18.600757,1,0,0,0,0,-0.02023897
2020-10-19,PLUTO,292.541745,CAPRICORN,22.541745,0,0,0,0,0,0.00742153
2020-10-20,SUN,207.554091,LIBRA,27.554091,0,0,0,0,0,0.99448349
2020-10-20,MERCURY,218.825362,SCORPIO,8.825362,1,0,0,0,0,-0.89286052
2020-10-20,VENUS,170.874988,VIRGO,20.874988,0,0,0,0,0,1.19980158
2020-10-20,MARS,19.075166,ARIES,19.075166,1,0,0,0,0,-0.28930438
2020-10-20,JUPITER,289.586778,CAPRICORN,19.586778,0,0,0,0,0,0.1123063
2020-10-20,SATURN,295.711617,CAPRICORN,25.711617,0,0,0,0,0,0.0350692
2020-10-20,URANUS,39.139437,TAURUS,9.139437,1,0,0,0,0,-0.04006587
2020-10-20,NEPTUNE,348.580715,PISCES,18.580715,1,0,0,0,0,-0.01984541
2020-10-20,PLUTO,292.54942,CAPRICORN,22.54942,0,0,0,0,0,0.0079254
2020-10-21,SUN,208.548819,LIBRA,28.548819,0,0,0,0,0,0.99496604
2020-10-21,MERCURY,217.869198,SCORPIO,7.869198,1,0,0,0,0,-1.01693956
2020-10-21,VENUS,172.075561,VIRGO,22.075561,0,0,0,0,0,1.20133371
2020-10-21,MARS,18.789545,ARIES,18.789545,1,0,0,0,0,-0.28182508
2020-10-21,JUPITER,289.700383,CAPRICORN,19.700383,0,0,0,0,0,0.1148966
2020-10-21,SATURN,295.747487,CAPRICORN,25.747487,0,0,0,0,0,0.03666732
2020-10-21,URANUS,39.099279,TAURUS,9.099279,1,0,0,0,0,-0.04024934
2020-10-21,NEPTUNE,348.561066,PISCES,18.561066,1,0,0,0,0,-0.01945263
2020-10-21,PLUTO,292.557593,CAPRICORN,22.557593,0,0,0,0,0,0.00841848
2020-10-22,SUN,209.544022,LIBRA,29.544022,0,0,0,0,0,0.99543268
2020-10-22,MERCURY,216.797568,SCORPIO,6.797568,1,0,0,0,0,-1.12272816
2020-10-22,VENUS,173.277648,VIRGO,23.277648,0,0,0,0,0,1.20283165
2020-10-22,MARS,18.511735,ARIES,18.511735,1,0,0,0,0,-0.27368737
2020-10-22,JUPITER,289.816559,CAPRICORN,19.816559,0,0,0,0,0,0.11744729
2020-10-22,SATURN,295.784945,CAPRICORN,25.784945,0,0,0,0,0,0.03824686
2020-10-22,URANUS,39.058942,TAURUS,9.058942,1,0,0,0,0,-0.04042288
2020-10-22,NEPTUNE,348.541809,PISCES,18.541809,1,0,0,0,0,-0.01906012
2020-10-22,PLUTO,292.566254,CAPRICORN,22.566254,0,0,0,0,0,0.00890154
2020-10-23,SUN,210.539686,SCORPIO,0.539686,0,1,0,0,0,0.99589063
2020-10-23,MERCURY,215.631964,SCORPIO,5.631964,1,0,0,0,0,-1.20384177
2020-10-23,VENUS,174.481219,VIRGO,24.481219,0,0,0,0,0,1.20430076
2020-10-23,MARS,18.242373,ARIES,18.242373,1,0,0,0,0,-0.26493772
2020-10-23,JUPITER,289.935266,CAPRICORN,19.935266,0,0,0,0,0,0.11996133
2020-10-23,SATURN,295.823975,CAPRICORN,25.823975,0,0,0,0,0,0.03981026
2020-10-23,URANUS,39.018437,TAURUS,9.018437,1,0,0,0,0,-0.040584
2020-10-23,NEPTUNE,348.522946,PISCES,18.522946,1,0,0,0,0,-0.01866545
2020-10-23,PLUTO,292.575393,CAPRICORN,22.575393,0,0,0,0,0,0.00937713
2020-10-24,SUN,211.535807,SCORPIO,1.535807,0,0,0,0,0,0.99634637
2020-10-24,MERCURY,214.400093,SCORPIO,4.400093,1,0,0,0,0,-1.25435417
2020-10-24,VENUS,175.686245,VIRGO,25.686245,0,0,0,0,0,1.20574574
2020-10-24,MARS,17.982048,ARIES,17.982048,1,0,0,0,0,-0.25562015
2020-10-24,JUPITER,290.056471,CAPRICORN,20.056471,0,0,0,0,0,0.12244207
2020-10-24,SATURN,295.864562,CAPRICORN,25.864562,0,0,0,0,0,0.04136041
2020-10-24,URANUS,38.977778,TAURUS,8.977778,1,0,0,0,0,-0.04072974
2020-10-24,NEPTUNE,348.50448,PISCES,18.50448,1,0,0,0,0,-0.01826582
2020-10-24,PLUTO,292.585006,CAPRICORN,22.585006,0,0,0,0,0,0.00984829
2020-10-25,SUN,212.532384,SCORPIO,2.532384,0,0,0,0,0,0.996805
2020-10-25,MERCURY,213.135057,SCORPIO,3.135057,1,0,0,0,0,-1.26951864
2020-10-25,VENUS,176.892706,VIRGO,26.892706,0,0,0,0,0,1.20717001
2020-10-25,MARS,17.731307,ARIES,17.731307,1,0,0,0,0,-0.24577727
2020-10-25,JUPITER,290.180141,CAPRICORN,20.180141,0,0,0,0,0,0.12489247
2020-10-25,SATURN,295.906693,CAPRICORN,25.906693,0,0,0,0,0,0.04289972
2020-10-25,URANUS,38.936983,TAURUS,8.936983,1,0,0,0,0,-0.04085783
2020-10-25,NEPTUNE,348.486416,PISCES,18.486416,1,0,0,0,0,-0.01785893
2020-10-25,PLUTO,292.595089,CAPRICORN,22.595089,0,0,0,0,0,0.01031741
2020-10-26,SUN,213.529424,SCORPIO,3.529424,0,0,0,0,0,0.9972704
2020-10-26,MERCURY,211.873827,SCORPIO,1.873827,1,0,0,0,0,-1.24644936
2020-10-26,VENUS,178.100582,VIRGO,28.100582,0,0,0,0,0,1.20857597
2020-10-26,MARS,17.490654,ARIES,17.490654,1,0,0,0,0,-0.23545082
2020-10-26,JUPITER,290.306247,CAPRICORN,20.306247,0,0,0,0,0,0.12731488
2020-10-26,SATURN,295.950358,CAPRICORN,25.950358,0,0,0,0,0,0.04442999
2020-10-26,URANUS,38.896069,TAURUS,8.896069,1,0,0,0,0,-0.04096645
2020-10-26,NEPTUNE,348.468764,PISCES,18.468764,1,0,0,0,0,-0.01744307
2020-10-26,PLUTO,292.605641,CAPRICORN,22.605641,0,0,0,0,0,0.01078636
2020-10-27,SUN,214.526933,SCORPIO,4.526933,0,0,0,0,0,0.99774553
2020-10-27,MERCURY,210.655114,SCORPIO,0.655114,1,0,0,0,0,-1.18460791
2020-10-27,VENUS,179.309856,VIRGO,29.309856,0,0,0,0,0,1.20996536
2020-10-27,MARS,17.260552,ARIES,17.260552,1,0,0,0,0,-0.22468185
2020-10-27,JUPITER,290.434763,CAPRICORN,20.434763,0,0,0,0,0,0.12971112
2020-10-27,SATURN,295.99555,CAPRICORN,25.99555,0,0,0,0,0,0.04595257
2020-10-27,URANUS,38.855056,TAURUS,8.855056,1,0,0,0,0,-0.04105434
2020-10-27,NEPTUNE,348.451533,PISCES,18.451533,1,0,0,0,0,-0.01701703
2020-10-27,PLUTO,292.616663,CAPRICORN,22.616663,0,0,0,0,0,0.01125641
2020-10-28,SUN,215.524923,SCORPIO,5.524923,0,0,0,0,0,0.9982326
2020-10-28,MERCURY,209.516908,LIBRA,29.516908,1,1,0,0,0,-1.08597102
2020-10-28,VENUS,180.520511,LIBRA,0.520511,0,1,0,0,0,1.21133925
2020-10-28,MARS,17.041424,ARIES,17.041424,1,0,0,0,0,-0.21351071
2020-10-28,JUPITER,290.565662,CAPRICORN,20.565662,0,0,0,0,0,0.13208253
2020-10-28,SATURN,296.042262,CAPRICORN,26.042262,0,0,0,0,0,0.04746826
2020-10-28,URANUS,38.813967,TAURUS,8.813967,1,0,0,0,0,-0.04112074
2020-10-28,NEPTUNE,348.434733,PISCES,18.434733,1,0,0,0,0,-0.01658012
2020-10-28,PLUTO,292.628155,CAPRICORN,22.628155,0,0,0,0,0,0.01172838
2020-10-29,SUN,216.523406,SCORPIO,6.523406,0,0,0,0,0,0.99873287
2020-10-29,MERCURY,208.494035,LIBRA,28.494035,1,0,0,0,0,-0.95482796
2020-10-29,VENUS,181.732533,LIBRA,1.732533,0,0,0,0,0,1.21269784
2020-10-29,MARS,16.833652,ARIES,16.833652,1,0,0,0,0,-0.20197688
2020-10-29,JUPITER,290.69892,CAPRICORN,20.69892,0,0,0,0,0,0.13442976
2020-10-29,SATURN,296.090485,CAPRICORN,26.090485,0,0,0,0,0,0.04897719
2020-10-29,URANUS,38.772822,TAURUS,8.772822,1,0,0,0,0,-0.04116551
2020-10-29,NEPTUNE,348.418376,PISCES,18.418376,1,0,0,0,0,-0.01613228
2020-10-29,PLUTO,292.64012,CAPRICORN,22.64012,0,0,0,0,0,0.01220241
2020-10-30,SUN,217.522397,SCORPIO,7.522397,0,0,0,0,0,0.99924667
2020-10-30,MERCURY,207.616084,LIBRA,27.616084,1,0,0,0,0,-0.7972541
2020-10-30,VENUS,182.945906,LIBRA,2.945906,0,0,0,0,0,1.21404061
2020-10-30,MARS,16.637579,ARIES,16.637579,1,0,0,0,0,-0.19011881
2020-10-30,JUPITER,290.834514,CAPRICORN,20.834514,0,0,0,0,0,0.1367529
2020-10-30,SATURN,296.140214,CAPRICORN,26.140214,0,0,0,0,0,0.05047893
2020-10-30,URANUS,38.731643,TAURUS,8.731643,1,0,0,0,0,-0.04118912
2020-10-30,NEPTUNE,348.402472,PISCES,18.402472,1,0,0,0,0,-0.01567406
2020-10-30,PLUTO,292.65256,CAPRICORN,22.65256,0,0,0,0,0,0.01267801
2020-10-31,SUN,218.521908,SCORPIO,8.521908,0,0,0,0,0,0.99977351
2020-10-31,MERCURY,206.905974,LIBRA,26.905974,1,0,0,0,0,-0.62038534
2020-10-31,VENUS,184.160613,LIBRA,4.160613,0,0,0,0,0,1.21536623
2020-10-31,MARS,16.453511,ARIES,16.453511,1,0,0,0,0,-0.17797329
2020-10-31,JUPITER,290.972419,CAPRICORN,20.972419,0,0,0,0,0,0.13905154
2020-10-31,SATURN,296.191441,CAPRICORN,26.191441,0,0,0,0,0,0.05197257
2020-10-31,URANUS,38.69045,TAURUS,8.69045,1,0,0,0,0,-0.04119254
2020-10-31,NEPTUNE,348.387031,PISCES,18.387031,1,0,0,0,0,-0.01520648
2020-10-31,PLUTO,292.665477,CAPRICORN,22.665477,0,0,0,0,0,0.01315422
2020-11-01,SUN,219.521951,SCORPIO,9.521951,0,0,0,0,0,1.00031222
2020-11-01,MERCURY,206.379279,LIBRA,26.379279,1,0,0,0,0,-0.43164949
2020-11-01,VENUS,185.376636,LIBRA,5.376636,0,0,0,0,0,1.21667296
2020-11-01,MARS,16.281717,ARIES,16.281717,1,0,0,0,0,-0.1655756
2020-11-01,JUPITER,291.11261,CAPRICORN,21.11261,0,0,0,0,0,0.141325
2020-11-01,SATURN,296.244156,CAPRICORN,26.244156,0,0,0,0,0,0.05345692
2020-11-01,URANUS,38.649264,TAURUS,8.649264,1,0,0,0,0,-0.04117692
2020-11-01,NEPTUNE,348.372062,PISCES,18.372062,1,0,0,0,0,-0.01473081
2020-11-01,PLUTO,292.678869,CAPRICORN,22.678869,0,0,0,0,0,0.01362983
2020-11-02,SUN,220.522539,SCORPIO,10.522539,0,0,0,0,0,1.00086107
2020-11-02,MERCURY,206.044288,LIBRA,26.044288,1,0,0,0,0,-0.23809316
2020-11-02,VENUS,186.593956,LIBRA,6.593956,0,0,0,0,0,1.21795863
2020-11-02,MARS,16.122433,ARIES,16.122433,1,0,0,0,0,-0.15295912
2020-11-02,JUPITER,291.255061,CAPRICORN,21.255061,0,0,0,0,0,0.14357226
2020-11-02,SATURN,296.298351,CAPRICORN,26.298351,0,0,0,0,0,0.05493053
2020-11-02,URANUS,38.608102,TAURUS,8.608102,1,0,0,0,0,-0.04114371
2020-11-02,NEPTUNE,348.357572,PISCES,18.357572,1,0,0,0,0,-0.01424858
2020-11-02,PLUTO,292.692736,CAPRICORN,22.692736,0,0,0,0,0,0.01410329
2020-11-03,SUN,221.523679,SCORPIO,11.523679,0,0,0,0,0,1.00141785
2020-11-03,MERCURY,205.902646,LIBRA,25.902646,1,0,0,0,0,-0.04588979
2020-11-03,VENUS,187.81255,LIBRA,7.81255,0,0,0,0,0,1.21922069
2020-11-03,MARS,15.975862,ARIES,15.975862,1,0,0,0,0,-0.14015566
2020-11-03,JUPITER,291.399746,CAPRICORN,21.399746,0,0,0,0,0,0.14579209
2020-11-03,SATURN,296.354014,CAPRICORN,26.354014,0,0,0,0,0,0.05639173
2020-11-03,URANUS,38.566982,TAURUS,8.566982,1,0,0,0,0,-0.04109455
2020-11-03,NEPTUNE,348.343567,PISCES,18.343567,1,0,0,0,0,-0.01376156
2020-11-03,PLUTO,292.707075,CAPRICORN,22.707075,0,0,0,0,0,0.01457292
2020-11-04,SUN,222.525379,SCORPIO,12.525379,0,0,0,0,0,1.00198004
2020-11-04,MERCURY,205.95039,LIBRA,25.95039,0,0,0,1,1,0.13994437
2020-11-04,VENUS,189.032393,LIBRA,9.032393,0,0,0,0,0,1.2204565
2020-11-04,MARS,15.842176,ARIES,15.842176,1,0,0,0,0,-0.12719505
2020-11-04,JUPITER,291.546636,CAPRICORN,21.546636,0,0,0,0,0,0.14798323
2020-11-04,SATURN,296.41113,CAPRICORN,26.41113,0,0,0,0,0,0.05783877
2020-11-04,URANUS,38.525918,TAURUS,8.525918,1,0,0,0,0,-0.04103102
2020-11-04,NEPTUNE,348.33005,PISCES,18.33005,1,0,0,0,0,-0.0132715
2020-11-04,PLUTO,292.72188,CAPRICORN,22.72188,0,0,0,0,0,0.01503696
2020-11-05,SUN,223.527643,SCORPIO,13.527643,0,0,0,0,0,1.00254517
2020-11-05,MERCURY,206.179164,LIBRA,26.179164,0,0,0,0,0,0.31564527
2020-11-05,VENUS,190.253457,LIBRA,10.253457,0,0,0,0,0,1.22166347
2020-11-05,MARS,15.721516,ARIES,15.721516,1,0,0,0,0,-0.11410461
2020-11-05,JUPITER,291.695703,CAPRICORN,21.695703,0,0,0,0,0,0.1501447
2020-11-05,SATURN,296.469687,CAPRICORN,26.469687,0,0,0,0,0,0.05927036
2020-11-05,URANUS,38.484924,TAURUS,8.484924,1,0,0,0,0,-0.04095439
2020-11-05,NEPTUNE,348.317025,PISCES,18.317025,1,0,0,0,0,-0.01277979
2020-11-05,PLUTO,292.737147,CAPRICORN,22.737147,0,0,0,0,0,0.01549402
2020-11-06,SUN,224.530472,SCORPIO,14.530472,0,0,0,0,0,1.00311098
2020-11-06,MERCURY,206.577458,LIBRA,26.577458,0,0,0,0,0,0.47865225
2020-11-06,VENUS,191.475713,LIBRA,11.475713,0,0,0,0,0,1.22283947
2020-11-06,MARS,15.614002,ARIES,15.614002,1,0,0,0,0,-0.10090885
2020-11-06,JUPITER,291.846917,CAPRICORN,21.846917,0,0,0,0,0,0.15227619
2020-11-06,SATURN,296.529666,CAPRICORN,26.529666,0,0,0,0,0,0.06068574
2020-11-06,URANUS,38.444013,TAURUS,8.444013,1,0,0,0,0,-0.04086526
2020-11-06,NEPTUNE,348.304491,PISCES,18.304491,1,0,0,0,0,-0.0122872
2020-11-06,PLUTO,292.752866,CAPRICORN,22.752866,0,0,0,0,0,0.01594334
2020-11-07,SUN,225.533867,SCORPIO,15.533867,0,0,0,0,0,1.00367534
2020-11-07,MERCURY,207.131748,LIBRA,27.131748,0,0,0,0,0,0.62746652
2020-11-07,VENUS,192.699128,LIBRA,12.699128,0,0,0,0,0,1.22398268
2020-11-07,MARS,15.519727,ARIES,15.519727,1,0,0,0,0,-0.08762921
2020-11-07,JUPITER,292.000247,CAPRICORN,22.000247,0,0,0,0,0,0.15437793
2020-11-07,SATURN,296.591053,CAPRICORN,26.591053,0,0,0,0,0,0.0620848
2020-11-07,URANUS,38.403197,TAURUS,8.403197,1,0,0,0,0,-0.04076353
2020-11-07,NEPTUNE,348.29245,PISCES,18.29245,1,0,0,0,0,-0.01179379
2020-11-07,PLUTO,292.769031,CAPRICORN,22.769031,0,0,0,0,0,0.0163848
2020-11-08,SUN,226.537824,SCORPIO,16.537824,0,0,0,0,0,1.00423624
2020-11-08,MERCURY,207.827464,LIBRA,27.827464,0,0,0,0,0,0.76146426
2020-11-08,VENUS,193.92367,LIBRA,13.92367,0,0,0,0,0,1.22509178
2020-11-08,MARS,15.438766,ARIES,15.438766,1,0,0,0,0,-0.07428432
2020-11-08,JUPITER,292.155664,CAPRICORN,22.155664,0,0,0,0,0,0.15645082
2020-11-08,SATURN,296.653831,CAPRICORN,26.653831,0,0,0,0,0,0.06346816
2020-11-08,URANUS,38.36249,TAURUS,8.36249,1,0,0,0,0,-0.04064829
2020-11-08,NEPTUNE,348.280904,PISCES,18.280904,1,0,0,0,0,-0.01129893
2020-11-08,PLUTO,292.785633,CAPRICORN,22.785633,0,0,0,0,0,0.01681904
2020-11-09,SUN,227.54234,SCORPIO,17.54234,0,0,0,0,0,1.0047921
2020-11-09,MERCURY,208.649769,LIBRA,28.649769,0,0,0,0,0,0.88069849
2020-11-09,VENUS,195.149303,LIBRA,15.149303,0,0,0,0,0,1.22616618
2020-11-09,MARS,15.371176,ARIES,15.371176,1,0,0,0,0,-0.06088984
2020-11-09,JUPITER,292.31314,CAPRICORN,22.31314,0,0,0,0,0,0.15849665
2020-11-09,SATURN,296.717985,CAPRICORN,26.717985,0,0,0,0,0,0.06483738
2020-11-09,URANUS,38.321905,TAURUS,8.321905,1,0,0,0,0,-0.04051763
2020-11-09,NEPTUNE,348.269853,PISCES,18.269853,1,0,0,0,0,-0.01080092
2020-11-09,PLUTO,292.802667,CAPRICORN,22.802667,0,0,0,0,0,0.01724764
2020-11-10,SUN,228.547409,SCORPIO,18.547409,0,0,0,0,0,1.00534185
2020-11-10,MERCURY,209.584136,LIBRA,29.584136,0,0,0,0,0,0.98571328
2020-11-10,VENUS,196.375994,LIBRA,16.375994,0,0,0,0,0,1.22720657
2020-11-10,MARS,15.316999,ARIES,15.316999,1,0,0,0,0,-0.04745867
2020-11-10,JUPITER,292.47265,CAPRICORN,22.47265,0,0,0,0,0,0.16051827
2020-11-10,SATURN,296.783502,CAPRICORN,26.783502,0,0,0,0,0,0.06619521
2020-11-10,URANUS,38.28146,TAURUS,8.28146,1,0,0,0,0,-0.04036823
2020-11-10,NEPTUNE,348.259303,PISCES,18.259303,1,0,0,0,0,-0.01029676
2020-11-10,PLUTO,292.820128,CAPRICORN,22.820128,0,0,0,0,0,0.01767354
2020-11-11,SUN,229.553024,SCORPIO,19.553024,0,0,0,0,0,1.00588476
2020-11-11,MERCURY,210.616762,SCORPIO,0.616762,0,1,0,0,0,1.07738189
2020-11-11,VENUS,197.603708,LIBRA,17.603708,0,0,0,0,0,1.22821461
2020-11-11,MARS,15.276268,ARIES,15.276268,1,0,0,0,0,-0.03400182
2020-11-11,JUPITER,292.63417,CAPRICORN,22.63417,0,0,0,0,0,0.16251935
2020-11-11,SATURN,296.850373,CAPRICORN,26.850373,0,0,0,0,0,0.0675453
2020-11-11,URANUS,38.241176,TAURUS,8.241176,1,0,0,0,0,-0.04019577
2020-11-11,NEPTUNE,348.249262,PISCES,18.249262,1,0,0,0,0,-0.00978245
2020-11-11,PLUTO,292.838015,CAPRICORN,22.838015,0,0,0,0,0,0.01810063
2020-11-12,SUN,230.559178,SCORPIO,20.559178,0,0,0,0,0,1.00641928
2020-11-12,MERCURY,211.734824,SCORPIO,1.734824,0,0,0,0,0,1.15677407
2020-11-12,VENUS,198.832416,LIBRA,18.832416,0,0,0,0,0,1.22919189
2020-11-12,MARS,15.249001,ARIES,15.249001,1,0,0,0,0,-0.02053079
2020-11-12,JUPITER,292.797683,CAPRICORN,22.797683,0,0,0,0,0,0.16450289
2020-11-12,SATURN,296.918592,CAPRICORN,26.918592,0,0,0,0,0,0.06889087
2020-11-12,URANUS,38.201077,TAURUS,8.201077,1,0,0,0,0,-0.0399962
2020-11-12,NEPTUNE,348.239743,PISCES,18.239743,1,0,0,0,0,-0.00925429
2020-11-12,PLUTO,292.856331,CAPRICORN,22.856331,0,0,0,0,0,0.01853248
2020-11-13,SUN,231.565861,SCORPIO,21.565861,0,0,0,0,0,1.00694152
2020-11-13,MERCURY,212.926623,SCORPIO,2.926623,0,0,0,0,0,1.22505266
2020-11-13,VENUS,200.062085,LIBRA,20.062085,0,0,0,0,0,1.23013853
2020-11-13,MARS,15.235207,ARIES,15.235207,1,0,0,0,0,-0.00706118
2020-11-13,JUPITER,292.963171,CAPRICORN,22.963171,0,0,0,0,0,0.16646929
2020-11-13,SATURN,296.988154,CAPRICORN,26.988154,0,0,0,0,0,0.07023257
2020-11-13,URANUS,38.161193,TAURUS,8.161193,1,0,0,0,0,-0.03976777
2020-11-13,NEPTUNE,348.230759,PISCES,18.230759,1,0,0,0,0,-0.00871096
2020-11-13,PLUTO,292.875082,CAPRICORN,22.875082,0,0,0,0,0,0.01897026
2020-11-14,SUN,232.573057,SCORPIO,22.573057,0,0,0,0,0,1.00744482
2020-11-14,MERCURY,214.181635,SCORPIO,4.181635,0,0,0,0,0,1.28339815
2020-11-14,VENUS,201.292686,LIBRA,21.292686,0,0,0,0,0,1.23105208
2020-11-14,MARS,15.234873,ARIES,15.234873,0,0,0,1,1,0.00638464
2020-11-14,JUPITER,293.130616,CAPRICORN,23.130616,0,0,0,0,0,0.16841505
2020-11-14,SATURN,297.059055,CAPRICORN,27.059055,0,0,0,0,0,0.07156727
2020-11-14,URANUS,38.121551,TAURUS,8.121551,1,0,0,0,0,-0.0395126
2020-11-14,NEPTUNE,348.222326,PISCES,18.222326,1,0,0,0,0,-0.00815488
2020-11-14,PLUTO,292.894273,CAPRICORN,22.894273,0,0,0,0,0,0.01941149
2020-11-15,SUN,233.580745,SCORPIO,23.580745,0,0,0,0,0,1.00792101
2020-11-15,MERCURY,215.490507,SCORPIO,5.490507,0,0,0,0,0,1.33295775
2020-11-15,VENUS,202.524181,LIBRA,22.524181,0,0,0,0,0,1.23192858
2020-11-15,MARS,15.247961,ARIES,15.247961,0,0,0,0,0,0.01977708
2020-11-15,JUPITER,293.299993,CAPRICORN,23.299993,0,0,0,0,0,0.1703333
2020-11-15,SATURN,297.131285,CAPRICORN,27.131285,0,0,0,0,0,0.07288854
2020-11-15,URANUS,38.082175,TAURUS,8.082175,1,0,0,0,0,-0.03923609
2020-11-15,NEPTUNE,348.214452,PISCES,18.214452,1,0,0,0,0,-0.00759184
2020-11-15,PLUTO,292.913905,CAPRICORN,22.913905,0,0,0,0,0,0.01985033
2020-11-16,SUN,234.588892,SCORPIO,24.588892,0,0,0,0,0,1.00836333
2020-11-16,MERCURY,216.844998,SCORPIO,6.844998,0,0,0,0,0,1.37481434
2020-11-16,VENUS,203.756533,LIBRA,23.756533,0,0,0,0,0,1.23276459
2020-11-16,MARS,15.2744,ARIES,15.2744,0,0,0,0,0,0.03308216
2020-11-16,JUPITER,293.471272,CAPRICORN,23.471272,0,0,0,0,0,0.17221633
2020-11-16,SATURN,297.204826,CAPRICORN,27.204826,0,0,0,0,0,0.07418899
2020-11-16,URANUS,38.043083,TAURUS,8.043083,1,0,0,0,0,-0.03894489
2020-11-16,NEPTUNE,348.207142,PISCES,18.207142,1,0,0,0,0,-0.00702875
2020-11-16,PLUTO,292.933971,CAPRICORN,22.933971,0,0,0,0,0,0.02028006
2020-11-17,SUN,235.597463,SCORPIO,25.597463,0,0,0,0,0,1.0087693
2020-11-17,MERCURY,218.237916,SCORPIO,8.237916,0,0,0,0,0,1.40996944
2020-11-17,VENUS,204.989701,LIBRA,24.989701,0,0,0,0,0,1.2335595
2020-11-17,MARS,15.314086,ARIES,15.314086,0,0,0,0,0,0.04626632
2020-11-17,JUPITER,293.644413,CAPRICORN,23.644413,0,0,0,0,0,0.17405868
2020-11-17,SATURN,297.279654,CAPRICORN,27.279654,0,0,0,0,0,0.07546325
2020-11-17,URANUS,38.004288,TAURUS,8.004288,1,0,0,0,0,-0.03864402
2020-11-17,NEPTUNE,348.200393,PISCES,18.200393,1,0,0,0,0,-0.0064707
2020-11-17,PLUTO,292.954461,CAPRICORN,22.954461,0,0,0,0,0,0.02069572
2020-11-18,SUN,236.606423,SCORPIO,26.606423,0,0,0,0,0,1.00914176
2020-11-18,MERCURY,219.66302,SCORPIO,9.66302,0,0,0,0,0,1.43933489
2020-11-18,VENUS,206.223643,LIBRA,26.223643,0,0,0,0,0,1.23431675
2020-11-18,MARS,15.366884,ARIES,15.366884,0,0,0,0,0,0.05930063
2020-11-18,JUPITER,293.819376,CAPRICORN,23.819376,0,0,0,0,0,0.17585887
2020-11-18,SATURN,297.355743,CAPRICORN,27.355743,0,0,0,0,0,0.07670977
2020-11-18,URANUS,37.965798,TAURUS,7.965798,1,0,0,0,0,-0.03833502
2020-11-18,NEPTUNE,348.194199,PISCES,18.194199,1,0,0,0,0,-0.00591928
2020-11-18,PLUTO,292.975358,CAPRICORN,22.975358,0,0,0,0,0,0.02109602
2020-11-19,SUN,237.615742,SCORPIO,27.615742,0,0,0,0,0,1.00948761
2020-11-19,MERCURY,221.11494,SCORPIO,11.11494,0,0,0,0,0,1.46372973
2020-11-19,VENUS,207.458327,LIBRA,27.458327,0,0,0,0,0,1.2350427
2020-11-19,MARS,15.432632,ARIES,15.432632,0,0,0,0,0,0.07216283
2020-11-19,JUPITER,293.996119,CAPRICORN,23.996119,0,0,0,0,0,0.17761913
2020-11-19,SATURN,297.433066,CAPRICORN,27.433066,0,0,0,0,0,0.07793047
2020-11-19,URANUS,37.927621,TAURUS,7.927621,1,0,0,0,0,-0.03801622
2020-11-19,NEPTUNE,348.188553,PISCES,18.188553,1,0,0,0,0,-0.00537277
2020-11-19,PLUTO,292.996649,CAPRICORN,22.996649,0,0,0,0,0,0.02148302
2020-11-20,SUN,238.625397,SCORPIO,28.625397,0,0,0,0,0,1.00981527
2020-11-20,MERCURY,222.589075,SCORPIO,12.589075,0,0,0,0,0,1.48388071
2020-11-20,VENUS,208.693723,LIBRA,28.693723,0,0,0,0,0,1.23574449
2020-11-20,MARS,15.511149,ARIES,15.511149,0,0,0,0,0,0.08483691
2020-11-20,JUPITER,294.174603,CAPRICORN,24.174603,0,0,0,0,0,0.17934375
2020-11-20,SATURN,297.511597,CAPRICORN,27.511597,0,0,0,0,0,0.07912911
2020-11-20,URANUS,37.889769,TAURUS,7.889769,1,0,0,0,0,-0.03768435
2020-11-20,NEPTUNE,348.183453,PISCES,18.183453,1,0,0,0,0,-0.00482772
2020-11-20,PLUTO,293.018321,CAPRICORN,23.018321,0,0,0,0,0,0.02186042
2020-11-21,SUN,239.635373,SCORPIO,29.635373,0,0,0,0,0,1.01013228
2020-11-21,MERCURY,224.081508,SCORPIO,14.081508,0,0,0,0,0,1.50042581
2020-11-21,VENUS,209.929812,LIBRA,29.929812,0,0,0,0,0,1.23642834
2020-11-21,MARS,15.602241,ARIES,15.602241,0,0,0,0,0,0.09731125
2020-11-21,JUPITER,294.354796,CAPRICORN,24.354796,0,0,0,0,0,0.18103689
2020-11-21,SATURN,297.591318,CAPRICORN,27.591318,0,0,0,0,0,0.08030939
2020-11-21,URANUS,37.852257,TAURUS,7.852257,1,0,0,0,0,-0.03733627
2020-11-21,NEPTUNE,348.178898,PISCES,18.178898,1,0,0,0,0,-0.00428083
2020-11-21,PLUTO,293.040368,CAPRICORN,23.040368,0,0,0,0,0,0.02223177
2020-11-22,SUN,240.645664,SAGITTARIUS,0.645664,0,1,0,0,0,1.01044435
2020-11-22,MERCURY,225.588918,SCORPIO,15.588918,0,0,0,0,0,1.51392076
2020-11-22,VENUS,211.166578,SCORPIO,1.166578,0,1,0,0,0,1.23709847
2020-11-22,MARS,15.705703,ARIES,15.705703,0,0,0,0,0,0.10957703
2020-11-22,JUPITER,294.536668,CAPRICORN,24.536668,0,0,0,0,0,0.18270177
2020-11-22,SATURN,297.672211,CAPRICORN,27.672211,0,0,0,0,0,0.08147395
2020-11-22,URANUS,37.815102,TAURUS,7.815102,1,0,0,0,0,-0.03696978
2020-11-22,NEPTUNE,348.174892,PISCES,18.174892,1,0,0,0,0,-0.00372978
2020-11-22,PLUTO,293.062784,CAPRICORN,23.062784,0,0,0,0,0,0.0225996
2020-11-23,SUN,241.656266,SAGITTARIUS,1.656266,0,0,0,0,0,1.01075546
2020-11-23,MERCURY,227.108501,SCORPIO,17.108501,0,0,0,0,0,1.52484733
2020-11-23,VENUS,212.404008,SCORPIO,2.404008,0,0,0,0,0,1.23775769
2020-11-23,MARS,15.821324,ARIES,15.821324,0,0,0,0,0,0.1216271
2020-11-23,JUPITER,294.720192,CAPRICORN,24.720192,0,0,0,0,0,0.18434049
2020-11-23,SATURN,297.754262,CAPRICORN,27.754262,0,0,0,0,0,0.08262441
2020-11-23,URANUS,37.778324,TAURUS,7.778324,1,0,0,0,0,-0.03658385
2020-11-23,NEPTUNE,348.17144,PISCES,18.17144,1,0,0,0,0,-0.00317333
2020-11-23,PLUTO,293.085566,CAPRICORN,23.085566,0,0,0,0,0,0.02296535
2020-11-24,SUN,242.66718,SAGITTARIUS,2.66718,0,0,0,0,0,1.01106849
2020-11-24,MERCURY,228.637902,SCORPIO,18.637902,0,0,0,0,0,1.53362169
2020-11-24,VENUS,213.642093,SCORPIO,3.642093,0,0,0,0,0,1.23840782
2020-11-24,MARS,15.948885,ARIES,15.948885,0,0,0,0,0,0.13345591
2020-11-24,JUPITER,294.905342,CAPRICORN,24.905342,0,0,0,0,0,0.18595447
2020-11-24,SATURN,297.837456,CAPRICORN,27.837456,0,0,0,0,0,0.08376164
2020-11-24,URANUS,37.741941,TAURUS,7.741941,1,0,0,0,0,-0.03617803
2020-11-24,NEPTUNE,348.168547,PISCES,18.168547,1,0,0,0,0,-0.00261091
2020-11-24,PLUTO,293.108714,CAPRICORN,23.108714,0,0,0,0,0,0.02332971
2020-11-25,SUN,243.678409,SAGITTARIUS,3.678409,0,0,0,0,0,1.01138554
2020-11-25,MERCURY,230.175153,SCORPIO,20.175153,0,0,0,0,0,1.54060258
2020-11-25,VENUS,214.880824,SCORPIO,4.880824,0,0,0,0,0,1.23904997
2020-11-25,MARS,16.088163,ARIES,16.088163,0,0,0,0,0,0.14505912
2020-11-25,JUPITER,295.092094,CAPRICORN,25.092094,0,0,0,0,0,0.18754456
2020-11-25,SATURN,297.921781,CAPRICORN,27.921781,0,0,0,0,0,0.08488607
2020-11-25,URANUS,37.705974,TAURUS,7.705974,1,0,0,0,0,-0.03575235
2020-11-25,NEPTUNE,348.16622,PISCES,18.16622,1,0,0,0,0,-0.00204243
2020-11-25,PLUTO,293.132226,CAPRICORN,23.132226,0,0,0,0,0,0.02369296
2020-11-26,SUN,244.689957,SAGITTARIUS,4.689957,0,0,0,0,0,1.01170799
2020-11-26,MERCURY,231.718618,SCORPIO,21.718618,0,0,0,0,0,1.54609825
2020-11-26,VENUS,216.120193,SCORPIO,6.120193,0,0,0,0,0,1.23968464
2020-11-26,MARS,16.238929,ARIES,16.238929,0,0,0,0,0,0.15643348
2020-11-26,JUPITER,295.280424,CAPRICORN,25.280424,0,0,0,0,0,0.18911118
2020-11-26,SATURN,298.007224,CAPRICORN,28.007224,0,0,0,0,0,0.08599757
2020-11-26,URANUS,37.670443,TAURUS,7.670443,1,0,0,0,0,-0.03530737
2020-11-26,NEPTUNE,348.164464,PISCES,18.164464,1,0,0,0,0,-0.00146827
2020-11-26,PLUTO,293.1561,CAPRICORN,23.1561,0,0,0,0,0,0.02405484
2020-11-27,SUN,245.701831,SAGITTARIUS,5.701831,0,0,0,0,0,1.01203651
2020-11-27,MERCURY,233.266947,SCORPIO,23.266947,0,0,0,0,0,1.55037305
2020-11-27,VENUS,217.360194,SCORPIO,7.360194,0,0,0,0,0,1.2403117
2020-11-27,MARS,16.400955,ARIES,16.400955,0,0,0,0,0,0.16757677
2020-11-27,JUPITER,295.470309,CAPRICORN,25.470309,0,0,0,0,0,0.19065422
2020-11-27,SATURN,298.093772,CAPRICORN,28.093772,0,0,0,0,0,0.08709559
2020-11-27,URANUS,37.635365,TAURUS,7.635365,1,0,0,0,0,-0.03484406
2020-11-27,NEPTUNE,348.163285,PISCES,18.163285,1,0,0,0,0,-0.00088933
2020-11-27,PLUTO,293.180335,CAPRICORN,23.180335,0,0,0,0,0,0.02441458
2020-11-28,SUN,246.714036,SAGITTARIUS,6.714036,0,0,0,0,0,1.01237108
2020-11-28,MERCURY,234.819037,SCORPIO,24.819037,0,0,0,0,0,1.55365328
2020-11-28,VENUS,218.600817,SCORPIO,8.600817,0,0,0,0,0,1.24093042
2020-11-28,MARS,16.574007,ARIES,16.574007,0,0,0,0,0,0.17848762
2020-11-28,JUPITER,295.661725,CAPRICORN,25.661725,0,0,0,0,0,0.19217308
2020-11-28,SATURN,298.181411,CAPRICORN,28.181411,0,0,0,0,0,0.08817911
2020-11-28,URANUS,37.60076,TAURUS,7.60076,1,0,0,0,0,-0.03436385
2020-11-28,NEPTUNE,348.162687,PISCES,18.162687,1,0,0,0,0,-0.00030689
2020-11-28,PLUTO,293.204929,CAPRICORN,23.204929,0,0,0,0,0,0.02477102
2020-11-29,SUN,247.726579,SAGITTARIUS,7.726579,0,0,0,0,0,1.01271123
2020-11-29,MERCURY,236.373991,SCORPIO,26.373991,0,0,0,0,0,1.55613236
2020-11-29,VENUS,219.842055,SCORPIO,9.842055,0,0,0,0,0,1.24153957
2020-11-29,MARS,16.757855,ARIES,16.757855,0,0,0,0,0,0.18916564
2020-11-29,JUPITER,295.854648,CAPRICORN,25.854648,0,0,0,0,0,0.19366689
2020-11-29,SATURN,298.270126,CAPRICORN,28.270126,0,0,0,0,0,0.08924677
2020-11-29,URANUS,37.566643,TAURUS,7.566643,1,0,0,0,0,-0.03386844
2020-11-29,NEPTUNE,348.162673,PISCES,18.162673,0,0,0,1,1,0.00027746
2020-11-29,PLUTO,293.229876,CAPRICORN,23.229876,0,0,0,0,0,0.02512265
2020-11-30,SUN,248.739464,SAGITTARIUS,8.739464,0,0,0,0,0,1.01305602
2020-11-30,MERCURY,237.931094,SCORPIO,27.931094,0,0,0,0,0,1.5579757
2020-11-30,VENUS,221.083896,SCORPIO,11.083896,0,0,0,0,0,1.24213774
2020-11-30,MARS,16.952263,ARIES,16.952263,0,0,0,0,0,0.19961134
2020-11-30,JUPITER,296.049052,CAPRICORN,26.049052,0,0,0,0,0,0.19513456
2020-11-30,SATURN,298.3599,CAPRICORN,28.3599,0,0,0,0,0,0.0902971
2020-11-30,URANUS,37.533028,TAURUS,7.533028,1,0,0,0,0,-0.03335964
2020-11-30,NEPTUNE,348.163243,PISCES,18.163243,0,0,0,0,0,0.00086195
2020-11-30,PLUTO,293.255172,CAPRICORN,23.255172,0,0,0,0,0,0.02546782
2020-12-01,SUN,249.752695,SAGITTARIUS,9.752695,0,0,0,0,0,1.0134042
2020-12-01,MERCURY,239.489781,SCORPIO,29.489781,0,0,0,0,0,1.55932451
2020-12-01,VENUS,222.326329,SCORPIO,12.326329,0,0,0,0,0,1.24272303
2020-12-01,MARS,17.157002,ARIES,17.157002,0,0,0,0,0,0.2098263
2020-12-01,JUPITER,296.244909,CAPRICORN,26.244909,0,0,0,0,0,0.19657491
2020-12-01,SATURN,298.450714,CAPRICORN,28.450714,0,0,0,0,0,0.09132855
2020-12-01,URANUS,37.499927,TAURUS,7.499927,1,0,0,0,0,-0.03283947
2020-12-01,NEPTUNE,348.164396,PISCES,18.164396,0,0,0,0,0,0.00144472
2020-12-01,PLUTO,293.28081,CAPRICORN,23.28081,0,0,0,0,0,0.02580474
2020-12-02,SUN,250.766276,SAGITTARIUS,10.766276,0,0,0,0,0,1.01375442
2020-12-02,MERCURY,241.049621,SAGITTARIUS,1.049621,0,1,0,0,0,1.56029955
2020-12-02,VENUS,223.56934,SCORPIO,13.56934,0,0,0,0,0,1.24329359
2020-12-02,MARS,17.371842,ARIES,17.371842,0,0,0,0,0,0.21981348
2020-12-02,JUPITER,296.442193,CAPRICORN,26.442193,0,0,0,0,0,0.19798691
2020-12-02,SATURN,298.54255,CAPRICORN,28.54255,0,0,0,0,0,0.09233958
2020-12-02,URANUS,37.467352,TAURUS,7.467352,1,0,0,0,0,-0.03230962
2020-12-02,NEPTUNE,348.166131,PISCES,18.166131,0,0,0,0,0,0.00202411
2020-12-02,PLUTO,293.306779,CAPRICORN,23.306779,0,0,0,0,0,0.02613184
2020-12-03,SUN,251.780207,SAGITTARIUS,11.780207,0,0,0,0,0,1.01410539
2020-12-03,MERCURY,242.610293,SAGITTARIUS,2.610293,0,0,0,0,0,1.56100417
2020-12-03,VENUS,224.812913,SCORPIO,14.812913,0,0,0,0,0,1.2438477
2020-12-03,MARS,17.596557,ARIES,17.596557,0,0,0,0,0,0.2295775
2020-12-03,JUPITER,296.640874,CAPRICORN,26.640874,0,0,0,0,0,0.19937003
2020-12-03,SATURN,298.635387,CAPRICORN,28.635387,0,0,0,0,0,0.0933294
2020-12-03,URANUS,37.43531,TAURUS,7.43531,1,0,0,0,0,-0.03177122
2020-12-03,NEPTUNE,348.168443,PISCES,18.168443,0,0,0,0,0,0.00259905
2020-12-03,PLUTO,293.33307,CAPRICORN,23.33307,0,0,0,0,0,0.0264481
2020-12-04,SUN,252.79449,SAGITTARIUS,12.79449,0,0,0,0,0,1.01445621
2020-12-04,MERCURY,244.171572,SAGITTARIUS,4.171572,0,0,0,0,0,1.56152736
2020-12-04,VENUS,226.057032,SCORPIO,16.057032,0,0,0,0,0,1.24438443
2020-12-04,MARS,17.830927,ARIES,17.830927,0,0,0,0,0,0.23912487
2020-12-04,JUPITER,296.840924,CAPRICORN,26.840924,0,0,0,0,0,0.20072462
2020-12-04,SATURN,298.729203,CAPRICORN,28.729203,0,0,0,0,0,0.09429798
2020-12-04,URANUS,37.403812,TAURUS,7.403812,1,0,0,0,0,-0.03122439
2020-12-04,NEPTUNE,348.171328,PISCES,18.171328,0,0,0,0,0,0.00316939
2020-12-04,PLUTO,293.359672,CAPRICORN,23.359672,0,0,0,0,0,0.02675338
2020-12-05,SUN,253.809122,SAGITTARIUS,13.809122,0,0,0,0,0,1.01480627
2020-12-05,MERCURY,245.733315,SAGITTARIUS,5.733315,0,0,0,0,0,1.56194579
2020-12-05,VENUS,227.301679,SCORPIO,17.301679,0,0,0,0,0,1.24490323
2020-12-05,MARS,18.07474,ARIES,18.07474,0,0,0,0,0,0.24846393
2020-12-05,JUPITER,297.042315,CAPRICORN,27.042315,0,0,0,0,0,0.20205189
2020-12-05,SATURN,298.823977,CAPRICORN,28.823977,0,0,0,0,0,0.09524629
2020-12-05,URANUS,37.372864,TAURUS,7.372864,1,0,0,0,0,-0.03066827
2020-12-05,NEPTUNE,348.17478,PISCES,18.17478,0,0,0,0,0,0.00373596
2020-12-05,PLUTO,293.386574,CAPRICORN,23.386574,0,0,0,0,0,0.02704853
2020-12-06,SUN,254.824104,SAGITTARIUS,14.824104,0,0,0,0,0,1.01515522
2020-12-06,MERCURY,247.295452,SAGITTARIUS,7.295452,0,0,0,0,0,1.56232538
2020-12-06,VENUS,228.546835,SCORPIO,18.546835,0,0,0,0,0,1.24540431
2020-12-06,MARS,18.327791,ARIES,18.327791,0,0,0,0,0,0.25760417
2020-12-06,JUPITER,297.24502,CAPRICORN,27.24502,0,0,0,0,0,0.20335382
2020-12-06,SATURN,298.919689,CAPRICORN,28.919689,0,0,0,0,0,0.09617611
2020-12-06,URANUS,37.342479,TAURUS,7.342479,1,0,0,0,0,-0.03010111
2020-12-06,NEPTUNE,348.178799,PISCES,18.178799,0,0,0,0,0,0.00430053
2020-12-06,PLUTO,293.413766,CAPRICORN,23.413766,0,0,0,0,0,0.02733533
2020-12-07,SUN,255.839435,SAGITTARIUS,15.839435,0,0,0,0,0,1.01550282
2020-12-07,MERCURY,248.857974,SAGITTARIUS,8.857974,0,0,0,0,0,1.56272305
2020-12-07,VENUS,229.792484,SCORPIO,19.792484,0,0,0,0,0,1.24588833
2020-12-07,MARS,18.589888,ARIES,18.589888,0,0,0,0,0,0.26655597
2020-12-07,JUPITER,297.449016,CAPRICORN,27.449016,0,0,0,0,0,0.20463302
2020-12-07,SATURN,299.016324,CAPRICORN,29.016324,0,0,0,0,0,0.09708992
2020-12-07,URANUS,37.312666,TAURUS,7.312666,1,0,0,0,0,-0.02952024
2020-12-07,NEPTUNE,348.183381,PISCES,18.183381,0,0,0,0,0,0.00486566
2020-12-07,PLUTO,293.441242,CAPRICORN,23.441242,0,0,0,0,0,0.02761629
2020-12-08,SUN,256.855112,SAGITTARIUS,16.855112,0,0,0,0,0,1.01584874
2020-12-08,MERCURY,250.420922,SAGITTARIUS,10.420922,0,0,0,0,0,1.56318763
2020-12-08,VENUS,231.038609,SCORPIO,21.038609,0,0,0,0,0,1.24635647
2020-12-08,MARS,18.860846,ARIES,18.860846,0,0,0,0,0,0.27533001
2020-12-08,JUPITER,297.654281,CAPRICORN,27.654281,0,0,0,0,0,0.20589251
2020-12-08,SATURN,299.113865,CAPRICORN,29.113865,0,0,0,0,0,0.09799071
2020-12-08,URANUS,37.283443,TAURUS,7.283443,1,0,0,0,0,-0.02892241
2020-12-08,NEPTUNE,348.188531,PISCES,18.188531,0,0,0,0,0,0.00543448
2020-12-08,PLUTO,293.468998,CAPRICORN,23.468998,0,0,0,0,0,0.02789452
2020-12-09,SUN,257.871134,SAGITTARIUS,17.871134,0,0,0,0,0,1.01619197
2020-12-09,MERCURY,251.984387,SAGITTARIUS,11.984387,0,0,0,0,0,1.56376039
2020-12-09,VENUS,232.285194,SCORPIO,22.285194,0,0,0,0,0,1.24680956
2020-12-09,MARS,19.140494,ARIES,19.140494,0,0,0,0,0,0.28393631
2020-12-09,JUPITER,297.860796,CAPRICORN,27.860796,0,0,0,0,0,0.20713509
2020-12-09,SATURN,299.212302,CAPRICORN,29.212302,0,0,0,0,0,0.09888132
2020-12-09,URANUS,37.254828,TAURUS,7.254828,1,0,0,0,0,-0.02830443
2020-12-09,NEPTUNE,348.194252,PISCES,18.194252,0,0,0,0,0,0.00601008
2020-12-09,PLUTO,293.497032,CAPRICORN,23.497032,0,0,0,0,0,0.02817303
2020-12-10,SUN,258.887496,SAGITTARIUS,18.887496,0,0,0,0,0,1.01652963
2020-12-10,MERCURY,253.548492,SAGITTARIUS,13.548492,0,0,0,0,0,1.56447471
2020-12-10,VENUS,233.532225,SCORPIO,23.532225,0,0,0,0,0,1.2472473
2020-12-10,MARS,19.428668,ARIES,19.428668,0,0,0,0,0,0.2923827
2020-12-10,JUPITER,298.068547,CAPRICORN,28.068547,0,0,0,0,0,0.20836212
2020-12-10,SATURN,299.311626,CAPRICORN,29.311626,0,0,0,0,0,0.09976333
2020-12-10,URANUS,37.226842,TAURUS,7.226842,1,0,0,0,0,-0.02766426
2020-12-10,NEPTUNE,348.200554,PISCES,18.200554,0,0,0,0,0,0.00659437
2020-12-10,PLUTO,293.525345,CAPRICORN,23.525345,0,0,0,0,0,0.02845371
2020-12-11,SUN,259.904192,SAGITTARIUS,19.904192,0,0,0,0,0,1.01685599
2020-12-11,MERCURY,255.113393,SAGITTARIUS,15.113393,0,0,0,0,0,1.56535592
2020-12-11,VENUS,234.779685,SCORPIO,24.779685,0,0,0,0,0,1.24766708
2020-12-11,MARS,19.72521,ARIES,19.72521,0,0,0,0,0,0.30067269
2020-12-11,JUPITER,298.277516,CAPRICORN,28.277516,0,0,0,0,0,0.20957237
2020-12-11,SATURN,299.411826,CAPRICORN,29.411826,0,0,0,0,0,0.10063572
2020-12-11,URANUS,37.199507,TAURUS,7.199507,1,0,0,0,0,-0.02700233
2020-12-11,NEPTUNE,348.207444,PISCES,18.207444,0,0,0,0,0,0.00718677
2020-12-11,PLUTO,293.55394,CAPRICORN,23.55394,0,0,0,0,0,0.02873592
2020-12-12,SUN,260.921204,SAGITTARIUS,20.921204,0,0,0,0,0,1.01716244
2020-12-12,MERCURY,256.679266,SAGITTARIUS,16.679266,0,0,0,0,0,1.56642156
2020-12-12,VENUS,236.027554,SCORPIO,26.027554,0,0,0,0,0,1.24806378
2020-12-12,MARS,20.029963,ARIES,20.029963,0,0,0,0,0,0.30880423
2020-12-12,JUPITER,298.487685,CAPRICORN,28.487685,0,0,0,0,0,0.21076134
2020-12-12,SATURN,299.512893,CAPRICORN,29.512893,0,0,0,0,0,0.1014944
2020-12-12,URANUS,37.172843,TAURUS,7.172843,1,0,0,0,0,-0.0263222
2020-12-12,NEPTUNE,348.214929,PISCES,18.214929,0,0,0,0,0,0.00778363
2020-12-12,PLUTO,293.582817,CAPRICORN,23.582817,0,0,0,0,0,0.02901603
2020-12-13,SUN,261.938509,SAGITTARIUS,21.938509,0,0,0,0,0,1.01743914
2020-12-13,MERCURY,258.246302,SAGITTARIUS,18.246302,0,0,0,0,0,1.56768346
2020-12-13,VENUS,237.275806,SCORPIO,27.275806,0,0,0,0,0,1.24843121
2020-12-13,MARS,20.342765,ARIES,20.342765,0,0,0,0,0,0.31677014
2020-12-13,JUPITER,298.69903,CAPRICORN,28.69903,0,0,0,0,0,0.21192235
2020-12-13,SATURN,299.614809,CAPRICORN,29.614809,0,0,0,0,0,0.10233303
2020-12-13,URANUS,37.146866,TAURUS,7.146866,1,0,0,0,0,-0.0256297
2020-12-13,NEPTUNE,348.223012,PISCES,18.223012,0,0,0,0,0,0.00837905
2020-12-13,PLUTO,293.61197,CAPRICORN,23.61197,0,0,0,0,0,0.0292882
2020-12-14,SUN,262.956073,SAGITTARIUS,22.956073,0,0,0,0,0,1.01767793
2020-12-14,MERCURY,259.814702,SAGITTARIUS,19.814702,0,0,0,0,0,1.56915051
2020-12-14,VENUS,238.524408,SCORPIO,28.524408,0,0,0,0,0,1.24876441
2020-12-14,MARS,20.663447,ARIES,20.663447,0,0,0,0,0,0.32456049
2020-12-14,JUPITER,298.911519,CAPRICORN,28.911519,0,0,0,0,0,0.21304881
2020-12-14,SATURN,299.717551,CAPRICORN,29.717551,0,0,0,0,0,0.10314531
2020-12-14,URANUS,37.121586,TAURUS,7.121586,1,0,0,0,0,-0.02493081
2020-12-14,NEPTUNE,348.231686,PISCES,18.231686,0,0,0,0,0,0.00896702
2020-12-14,PLUTO,293.64139,CAPRICORN,23.64139,0,0,0,0,0,0.0295466
2020-12-15,SUN,263.973855,SAGITTARIUS,23.973855,0,0,0,0,0,1.01787511
2020-12-15,MERCURY,261.384675,SAGITTARIUS,21.384675,0,0,0,0,0,1.57083158
2020-12-15,VENUS,239.773325,SCORPIO,29.773325,0,0,0,0,0,1.24906195
2020-12-15,MARS,20.991827,ARIES,20.991827,0,0,0,0,0,0.33216592
2020-12-15,JUPITER,299.125116,CAPRICORN,29.125116,0,0,0,0,0,0.21413663
2020-12-15,SATURN,299.82109,CAPRICORN,29.82109,0,0,0,0,0,0.1039274
2020-12-15,URANUS,37.097005,TAURUS,7.097005,1,0,0,0,0,-0.02422953
2020-12-15,NEPTUNE,348.240942,PISCES,18.240942,0,0,0,0,0,0.00954368
2020-12-15,PLUTO,293.671058,CAPRICORN,23.671058,0,0,0,0,0,0.02978767
2020-12-16,SUN,264.991814,SAGITTARIUS,24.991814,0,0,0,0,0,1.01803244
2020-12-16,MERCURY,262.95644,SAGITTARIUS,22.95644,0,0,0,0,0,1.57273715
2020-12-16,VENUS,241.022523,SAGITTARIUS,1.022523,0,1,0,0,0,1.2493268
2020-12-16,MARS,21.327717,ARIES,21.327717,0,0,0,0,0,0.33958036
2020-12-16,JUPITER,299.339781,CAPRICORN,29.339781,0,0,0,0,0,0.21518559
2020-12-16,SATURN,299.925396,CAPRICORN,29.925396,0,0,0,0,0,0.104679
2020-12-16,URANUS,37.073127,TAURUS,7.073127,1,0,0,0,0,-0.02352643
2020-12-16,NEPTUNE,348.250769,PISCES,18.250769,0,0,0,0,0,0.01010867
2020-12-16,PLUTO,293.700959,CAPRICORN,23.700959,0,0,0,0,0,0.03001132
2020-12-17,SUN,266.009912,SAGITTARIUS,26.009912,0,0,0,0,0,1.01815607
2020-12-17,MERCURY,264.530228,SAGITTARIUS,24.530228,0,0,0,0,0,1.5748786
2020-12-17,VENUS,242.271972,SAGITTARIUS,2.271972,0,0,0,0,0,1.2495653
2020-12-17,MARS,21.670926,ARIES,21.670926,0,0,0,0,0,0.3468019
2020-12-17,JUPITER,299.555476,CAPRICORN,29.555476,0,0,0,0,0,0.21619871
2020-12-17,SATURN,300.03044,AQUARIUS,0.03044,0,1,0,0,0,0.10540302
2020-12-17,URANUS,37.049954,TAURUS,7.049954,1,0,0,0,0,-0.02281922
2020-12-17,NEPTUNE,348.261156,PISCES,18.261156,0,0,0,0,0,0.01066454
2020-12-17,PLUTO,293.731077,CAPRICORN,23.731077,0,0,0,0,0,0.03022042
2020-12-18,SUN,267.028121,SAGITTARIUS,27.028121,0,0,0,0,0,1.01825405
2020-12-18,MERCURY,266.10628,SAGITTARIUS,26.10628,0,0,0,0,0,1.57726657
2020-12-18,VENUS,243.52165,SAGITTARIUS,3.52165,0,0,0,0,0,1.24978492
2020-12-18,MARS,22.02126,ARIES,22.02126,0,0,0,0,0,0.35383187
2020-12-18,JUPITER,299.772168,CAPRICORN,29.772168,0,0,0,0,0,0.21718062
2020-12-18,SATURN,300.136195,AQUARIUS,0.136195,0,0,0,0,0,0.10610373
2020-12-18,URANUS,37.027491,TAURUS,7.027491,1,0,0,0,0,-0.02210438
2020-12-18,NEPTUNE,348.272096,PISCES,18.272096,0,0,0,0,0,0.01121517
2020-12-18,PLUTO,293.761397,CAPRICORN,23.761397,0,0,0,0,0,0.03041921
2020-12-19,SUN,268.046419,SAGITTARIUS,28.046419,0,0,0,0,0,1.01833396
2020-12-19,MERCURY,267.684845,SAGITTARIUS,27.684845,0,0,0,0,0,1.57990464
2020-12-19,VENUS,244.77154,SAGITTARIUS,4.77154,0,0,0,0,0,1.24999232
2020-12-19,MARS,22.378529,ARIES,22.378529,0,0,0,0,0,0.36067345
2020-12-19,JUPITER,299.989829,CAPRICORN,29.989829,0,0,0,0,0,0.21813562
2020-12-19,SATURN,300.242641,AQUARIUS,0.242641,0,0,0,0,0,0.10678508
2020-12-19,URANUS,37.005748,TAURUS,7.005748,1,0,0,0,0,-0.02137879
2020-12-19,NEPTUNE,348.283586,PISCES,18.283586,0,0,0,0,0,0.01176407
2020-12-19,PLUTO,293.791913,CAPRICORN,23.791913,0,0,0,0,0,0.0306114
2020-12-20,SUN,269.06479,SAGITTARIUS,29.06479,0,0,0,0,0,1.01840166
2020-12-20,MERCURY,269.26617,SAGITTARIUS,29.26617,0,0,0,0,0,1.58278411
2020-12-20,VENUS,246.021634,SAGITTARIUS,6.021634,0,0,0,0,0,1.25019211
2020-12-20,MARS,22.742548,ARIES,22.742548,0,0,0,0,0,0.36733016
2020-12-20,JUPITER,300.208432,AQUARIUS,0.208432,0,1,0,0,0,0.21906674
2020-12-20,SATURN,300.34976,AQUARIUS,0.34976,0,0,0,0,0,0.10744969
2020-12-20,URANUS,36.984737,TAURUS,6.984737,1,0,0,0,0,-0.02064059
2020-12-20,NEPTUNE,348.295624,PISCES,18.295624,0,0,0,0,0,0.01231339
2020-12-20,PLUTO,293.822619,CAPRICORN,23.822619,0,0,0,0,0,0.03079939
2020-12-21,SUN,270.083224,CAPRICORN,0.083224,0,1,0,0,0,1.01846117
2020-12-21,MERCURY,270.850493,CAPRICORN,0.850493,0,1,0,0,0,1.58590254
2020-12-21,VENUS,247.271925,SAGITTARIUS,7.271925,0,0,0,0,0,1.25038724
2020-12-21,MARS,23.113132,ARIES,23.113132,0,0,0,0,0,0.3738056
2020-12-21,JUPITER,300.427956,AQUARIUS,0.427956,0,0,0,0,0,0.21997566
2020-12-21,SATURN,300.457536,AQUARIUS,0.457536,0,0,0,0,0,0.10809881
2020-12-21,URANUS,36.964471,TAURUS,6.964471,1,0,0,0,0,-0.01988927
2020-12-21,NEPTUNE,348.308213,PISCES,18.308213,0,0,0,0,0,0.012864
2020-12-21,PLUTO,293.853511,CAPRICORN,23.853511,0,0,0,0,0,0.0309843
2020-12-22,SUN,271.101715,CAPRICORN,1.101715,0,0,0,0,0,1.01851528
2020-12-22,MERCURY,272.438054,CAPRICORN,2.438054,0,0,0,0,0,1.58925784
2020-12-22,VENUS,248.52241,SAGITTARIUS,8.52241,0,0,0,0,0,1.25057938
2020-12-22,MARS,23.490102,ARIES,23.490102,0,0,0,0,0,0.38010331
2020-12-22,JUPITER,300.648377,AQUARIUS,0.648377,0,0,0,0,0,0.22086317
2020-12-22,SATURN,300.565953,AQUARIUS,0.565953,0,0,0,0,0,0.10873286
2020-12-22,URANUS,36.944963,TAURUS,6.944963,1,0,0,0,0,-0.01912507
2020-12-22,NEPTUNE,348.321353,PISCES,18.321353,0,0,0,0,0,0.01341595
2020-12-22,PLUTO,293.884587,CAPRICORN,23.884587,0,0,0,0,0,0.03116627
2020-12-23,SUN,272.120258,CAPRICORN,2.120258,0,0,0,0,0,1.01856599
2020-12-23,MERCURY,274.029083,CAPRICORN,4.029083,0,0,0,0,0,1.59283621
2020-12-23,VENUS,249.773085,SAGITTARIUS,9.773085,0,0,0,0,0,1.2507696
2020-12-23,MARS,23.873283,ARIES,23.873283,0,0,0,0,0,0.38622697
2020-12-23,JUPITER,300.869676,AQUARIUS,0.869676,0,0,0,0,0,0.22172956
2020-12-23,SATURN,300.674997,AQUARIUS,0.674997,0,0,0,0,0,0.10935183
2020-12-23,URANUS,36.926225,TAURUS,6.926225,1,0,0,0,0,-0.01834875
2020-12-23,NEPTUNE,348.335045,PISCES,18.335045,0,0,0,0,0,0.01396879
2020-12-23,PLUTO,293.915843,CAPRICORN,23.915843,0,0,0,0,0,0.03134508
2020-12-24,SUN,273.13885,CAPRICORN,3.13885,0,0,0,0,0,1.01861474
2020-12-24,MERCURY,275.623793,CAPRICORN,5.623793,0,0,0,0,0,1.59661759
2020-12-24,VENUS,251.023951,SAGITTARIUS,11.023951,0,0,0,0,0,1.25095834
2020-12-24,MARS,24.262502,ARIES,24.262502,0,0,0,0,0,0.3921803
2020-12-24,JUPITER,301.091831,AQUARIUS,1.091831,0,0,0,0,0,0.22257489
2020-12-24,SATURN,300.784652,AQUARIUS,0.784652,0,0,0,0,0,0.10995527
2020-12-24,URANUS,36.908269,TAURUS,6.908269,1,0,0,0,0,-0.01756132
2020-12-24,NEPTUNE,348.34929,PISCES,18.34929,0,0,0,0,0,0.01452176
2020-12-24,PLUTO,293.947276,CAPRICORN,23.947276,0,0,0,0,0,0.03152009
2020-12-25,SUN,274.157491,CAPRICORN,4.157491,0,0,0,0,0,1.01866243
2020-12-25,MERCURY,277.222377,CAPRICORN,7.222377,0,0,0,0,0,1.60057723
2020-12-25,VENUS,252.275004,SAGITTARIUS,12.275004,0,0,0,0,0,1.25114563
2020-12-25,MARS,24.657591,ARIES,24.657591,0,0,0,0,0,0.39796694
2020-12-25,JUPITER,301.31482,AQUARIUS,1.31482,0,0,0,0,0,0.22339864
2020-12-25,SATURN,300.894903,AQUARIUS,0.894903,0,0,0,0,0,0.11054244
2020-12-25,URANUS,36.891105,TAURUS,6.891105,1,0,0,0,0,-0.01676416
2020-12-25,NEPTUNE,348.364089,PISCES,18.364089,0,0,0,0,0,0.01507381
2020-12-25,PLUTO,293.978882,CAPRICORN,23.978882,0,0,0,0,0,0.03169035
2020-12-26,SUN,275.176179,CAPRICORN,5.176179,0,0,0,0,0,1.0187095
2020-12-26,MERCURY,278.824996,CAPRICORN,8.824996,0,0,0,0,0,1.604685
2020-12-26,VENUS,253.526243,SAGITTARIUS,13.526243,0,0,0,0,0,1.25133109
2020-12-26,MARS,25.058384,ARIES,25.058384,0,0,0,0,0,0.40359043
2020-12-26,JUPITER,301.538621,AQUARIUS,1.538621,0,0,0,0,0,0.2242001
2020-12-26,SATURN,301.005732,AQUARIUS,1.005732,0,0,0,0,0,0.11111228
2020-12-26,URANUS,36.874743,TAURUS,6.874743,1,0,0,0,0,-0.01595888
2020-12-26,NEPTUNE,348.379438,PISCES,18.379438,0,0,0,0,0,0.0156235
2020-12-26,PLUTO,294.010655,CAPRICORN,24.010655,0,0,0,0,0,0.03185458
2020-12-27,SUN,276.194914,CAPRICORN,6.194914,0,0,0,0,0,1.01875609
2020-12-27,MERCURY,280.431783,CAPRICORN,10.431783,0,0,0,0,0,1.60890409
2020-12-27,VENUS,254.777667,SAGITTARIUS,14.777667,0,0,0,0,0,1.25151402
2020-12-27,MARS,25.464721,ARIES,25.464721,0,0,0,0,0,0.40905419
2020-12-27,JUPITER,301.763213,AQUARIUS,1.763213,0,0,0,0,0,0.22497821
2020-12-27,SATURN,301.117122,AQUARIUS,1.117122,0,0,0,0,0,0.11166338
2020-12-27,URANUS,36.85919,TAURUS,6.85919,1,0,0,0,0,-0.01514746
2020-12-27,NEPTUNE,348.395335,PISCES,18.395335,0,0,0,0,0,0.01616917
2020-12-27,PLUTO,294.042589,CAPRICORN,24.042589,0,0,0,0,0,0.03201124
2020-12-28,SUN,277.213695,CAPRICORN,7.213695,0,0,0,0,0,1.01880214
2020-12-28,MERCURY,282.042826,CAPRICORN,12.042826,0,0,0,0,0,1.61319067
2020-12-28,VENUS,256.029273,SAGITTARIUS,16.029273,0,0,0,0,0,1.25169347
2020-12-28,MARS,25.876443,ARIES,25.876443,0,0,0,0,0,0.41436178
2020-12-28,JUPITER,301.988571,AQUARIUS,1.988571,0,0,0,0,0,0.22573176
2020-12-28,SATURN,301.229052,AQUARIUS,1.229052,0,0,0,0,0,0.11219422
2020-12-28,URANUS,36.84445,TAURUS,6.84445,1,0,0,0,0,-0.01433195
2020-12-28,NEPTUNE,348.411775,PISCES,18.411775,0,0,0,0,0,0.01670892
2020-12-28,PLUTO,294.074675,CAPRICORN,24.074675,0,0,0,0,0,0.03215856
2020-12-29,SUN,278.232522,CAPRICORN,8.232522,0,0,0,0,0,1.0188476
2020-12-29,MERCURY,283.658168,CAPRICORN,13.658168,0,0,0,0,0,1.61749267
2020-12-29,VENUS,257.281055,SAGITTARIUS,17.281055,0,0,0,0,0,1.25186837
2020-12-29,MARS,26.293396,ARIES,26.293396,0,0,0,0,0,0.41951722
2020-12-29,JUPITER,302.214669,AQUARIUS,2.214669,0,0,0,0,0,0.22645957
2020-12-29,SATURN,301.341503,AQUARIUS,1.341503,0,0,0,0,0,0.11270327
2020-12-29,URANUS,36.830527,TAURUS,6.830527,1,0,0,0,0,-0.0135144
2020-12-29,NEPTUNE,348.42875,PISCES,18.42875,0,0,0,0,0,0.01724099
2020-12-29,PLUTO,294.106903,CAPRICORN,24.106903,0,0,0,0,0,0.03229482
2020-12-30,SUN,279.251394,CAPRICORN,9.251394,0,0,0,0,0,1.01889258
2020-12-30,MERCURY,285.277795,CAPRICORN,15.277795,0,0,0,0,0,1.62174865
2020-12-30,VENUS,258.53301,SAGITTARIUS,18.53301,0,0,0,0,0,1.25203787
2020-12-30,MARS,26.715431,ARIES,26.715431,0,0,0,0,0,0.42452553
2020-12-30,JUPITER,302.441482,AQUARIUS,2.441482,0,0,0,0,0,0.22716078
2020-12-30,SATURN,301.454452,AQUARIUS,1.454452,0,0,0,0,0,0.11318942
2020-12-30,URANUS,36.817421,TAURUS,6.817421,1,0,0,0,0,-0.01269642
2020-12-30,NEPTUNE,348.446254,PISCES,18.446254,0,0,0,0,0,0.01776391
2020-12-30,PLUTO,294.139261,CAPRICORN,24.139261,0,0,0,0,0,0.03241867
2020-12-31,SUN,280.27031,CAPRICORN,10.27031,0,0,0,0,0,1.01893758
2020-12-31,MERCURY,286.901625,CAPRICORN,16.901625,0,0,0,0,0,1.62588654
2020-12-31,VENUS,259.785131,SAGITTARIUS,19.785131,0,0,0,0,0,1.25220153
2020-12-31,MARS,27.142403,ARIES,27.142403,0,0,0,0,0,0.42939329
2020-12-31,JUPITER,302.668982,AQUARIUS,2.668982,0,0,0,0,0,0.22783539
2020-12-31,SATURN,301.567875,AQUARIUS,1.567875,0,0,0,0,0,0.11365229
2020-12-31,URANUS,36.805133,TAURUS,6.805133,1,0,0,0,0,-0.01187877
2020-12-31,NEPTUNE,348.464275,PISCES,18.464275,0,0,0,0,0,0.01827708
2020-12-31,PLUTO,294.171737,CAPRICORN,24.171737,0,0,0,0,0,0.03252959
