Date,Planet,Ecliptic_Longitude,Sign_ID,Degree_In_Sign,Retrograde_Flag,Sign_Ingress_Flag,Retrograde_Start_Flag,Retrograde_End_Flag,Station_Flag,Speed
2024-01-01,SUN,280.548485,CAPRICORN,10.548485,0,0,0,0,0,1.01902145
2024-01-01,MERCURY,262.21201,SAGITTARIUS,22.21201,1,0,0,0,0,-0.09888959
2024-01-01,VENUS,243.220438,SAGITTARIUS,3.220438,0,0,0,0,0,1.21649067
2024-01-01,MARS,267.679167,SAGITTARIUS,27.679167,0,0,0,0,0,0.7417958
2024-01-01,JUPITER,35.584376,TAURUS,5.584376,0,0,0,0,0,0.00480151
2024-01-01,SATURN,333.287954,PISCES,3.287954,0,0,0,0,0,0.08903126
2024-01-01,URANUS,49.373066,TAURUS,19.373066,1,0,0,0,0,-0.02152905
2024-01-01,NEPTUNE,355.083415,PISCES,25.083415,0,0,0,0,0,0.01482124
2024-01-01,PLUTO,299.373131,CAPRICORN,29.373131,0,0,0,0,0,0.03108557
2024-01-02,SUN,281.56755,CAPRICORN,11.56755,0,0,0,0,0,1.01910732
2024-01-02,MERCURY,262.191468,SAGITTARIUS,22.191468,0,0,0,1,1,0.05595042
2024-01-02,VENUS,244.437418,SAGITTARIUS,4.437418,0,0,0,0,0,1.21746032
2024-01-02,MARS,268.421343,SAGITTARIUS,28.421343,0,0,0,0,0,0.74255508
2024-01-02,JUPITER,35.590907,TAURUS,5.590907,0,0,0,0,0,0.00825993
2024-01-02,SATURN,333.377543,PISCES,3.377543,0,0,0,0,0,0.09014517
2024-01-02,URANUS,49.351908,TAURUS,19.351908,1,0,0,0,0,-0.02078521
2024-01-02,NEPTUNE,355.098505,PISCES,25.098505,0,0,0,0,0,0.01535799
2024-01-02,PLUTO,299.404288,CAPRICORN,29.404288,0,0,0,0,0,0.03122665
2024-01-03,SUN,282.586701,CAPRICORN,12.586701,0,0,0,0,0,1.01919188
2024-01-03,MERCURY,262.320064,SAGITTARIUS,22.320064,0,0,0,0,0,0.19923193
2024-01-03,VENUS,245.655353,SAGITTARIUS,5.655353,0,0,0,0,0,1.21840036
2024-01-03,MARS,269.164279,SAGITTARIUS,29.164279,0,0,0,0,0,0.74331541
2024-01-03,JUPITER,35.600896,TAURUS,5.600896,0,0,0,0,0,0.01171912
2024-01-03,SATURN,333.46824,PISCES,3.46824,0,0,0,0,0,0.09124695
2024-01-03,URANUS,49.3315,TAURUS,19.3315,1,0,0,0,0,-0.0200272
2024-01-03,NEPTUNE,355.114132,PISCES,25.114132,0,0,0,0,0,0.01589624
2024-01-03,PLUTO,299.435584,CAPRICORN,29.435584,0,0,0,0,0,0.03136504
2024-01-04,SUN,283.605936,CAPRICORN,13.605936,0,0,0,0,0,1.0192735
2024-01-04,MERCURY,262.585904,SAGITTARIUS,22.585904,0,0,0,0,0,0.33040209
2024-01-04,VENUS,246.874213,SAGITTARIUS,6.874213,0,0,0,0,0,1.21931055
2024-01-04,MARS,269.907976,SAGITTARIUS,29.907976,0,0,0,0,0,0.74407608
2024-01-04,JUPITER,35.614345,TAURUS,5.614345,0,0,0,0,0,0.01517823
2024-01-04,SATURN,333.560033,PISCES,3.560033,0,0,0,0,0,0.09233672
2024-01-04,URANUS,49.311858,TAURUS,19.311858,1,0,0,0,0,-0.01925487
2024-01-04,NEPTUNE,355.130298,PISCES,25.130298,0,0,0,0,0,0.01643617
2024-01-04,PLUTO,299.467017,CAPRICORN,29.467017,0,0,0,0,0,0.03150097
2024-01-05,SUN,284.625249,CAPRICORN,14.625249,0,0,0,0,0,1.01934989
2024-01-05,MERCURY,262.976859,SAGITTARIUS,22.976859,0,0,0,0,0,0.44951078
2024-01-05,VENUS,248.093967,SAGITTARIUS,8.093967,0,0,0,0,0,1.22018997
2024-01-05,MARS,270.652433,CAPRICORN,0.652433,0,1,0,0,0,0.74483578
2024-01-05,JUPITER,35.631253,TAURUS,5.631253,0,0,0,0,0,0.01863616
2024-01-05,SATURN,333.65291,PISCES,3.65291,0,0,0,0,0,0.09341416
2024-01-05,URANUS,49.292995,TAURUS,19.292995,1,0,0,0,0,-0.01846852
2024-01-05,NEPTUNE,355.147005,PISCES,25.147005,0,0,0,0,0,0.01697754
2024-01-05,PLUTO,299.498586,CAPRICORN,29.498586,0,0,0,0,0,0.03163421
2024-01-06,SUN,285.644635,CAPRICORN,15.644635,0,0,0,0,0,1.01941782
2024-01-06,MERCURY,263.481069,SAGITTARIUS,23.481069,0,0,0,0,0,0.55701346
2024-01-06,VENUS,249.314586,SAGITTARIUS,9.314586,0,0,0,0,0,1.221037
2024-01-06,MARS,271.397648,CAPRICORN,1.397648,0,0,0,0,0,0.74559261
2024-01-06,JUPITER,35.651617,TAURUS,5.651617,0,0,0,0,0,0.02209122
2024-01-06,SATURN,333.746858,PISCES,3.746858,0,0,0,0,0,0.09447839
2024-01-06,URANUS,49.274925,TAURUS,19.274925,1,0,0,0,0,-0.01766898
2024-01-06,NEPTUNE,355.164254,PISCES,25.164254,0,0,0,0,0,0.01751954
2024-01-06,PLUTO,299.530285,CAPRICORN,29.530285,0,0,0,0,0,0.03176406
2024-01-07,SUN,286.664083,CAPRICORN,16.664083,0,0,0,0,0,1.01947271
2024-01-07,MERCURY,264.087266,SAGITTARIUS,24.087266,0,0,0,0,0,0.65361682
2024-01-07,VENUS,250.536034,SAGITTARIUS,10.536034,0,0,0,0,0,1.22184897
2024-01-07,MARS,272.143617,CAPRICORN,2.143617,0,0,0,0,0,0.74634357
2024-01-07,JUPITER,35.675434,TAURUS,5.675434,0,0,0,0,0,0.0255409
2024-01-07,SATURN,333.841863,PISCES,3.841863,0,0,0,0,0,0.09552759
2024-01-07,URANUS,49.257661,TAURUS,19.257661,1,0,0,0,0,-0.01685799
2024-01-07,NEPTUNE,355.182044,PISCES,25.182044,0,0,0,0,0,0.01806055
2024-01-07,PLUTO,299.562113,CAPRICORN,29.562113,0,0,0,0,0,0.03188891
2024-01-08,SUN,287.683577,CAPRICORN,17.683577,0,0,0,0,0,1.01950828
2024-01-08,MERCURY,264.784965,SAGITTARIUS,24.784965,0,0,0,0,0,0.74016406
2024-01-08,VENUS,251.758274,SAGITTARIUS,11.758274,0,0,0,0,0,1.22262199
2024-01-08,MARS,272.890333,CAPRICORN,2.890333,0,0,0,0,0,0.74708429
2024-01-08,JUPITER,35.702697,TAURUS,5.702697,0,0,0,0,0,0.02898131
2024-01-08,SATURN,333.937908,PISCES,3.937908,0,0,0,0,0,0.09655867
2024-01-08,URANUS,49.241212,TAURUS,19.241212,1,0,0,0,0,-0.01603839
2024-01-08,NEPTUNE,355.200374,PISCES,25.200374,0,0,0,0,0,0.01859765
2024-01-08,PLUTO,299.594062,CAPRICORN,29.594062,0,0,0,0,0,0.03200592
2024-01-09,SUN,288.703093,CAPRICORN,18.703093,0,0,0,0,0,1.0195167
2024-01-09,MERCURY,265.564557,SAGITTARIUS,25.564557,0,0,0,0,0,0.81755442
2024-01-09,VENUS,252.981267,SAGITTARIUS,12.981267,0,0,0,0,0,1.22335125
2024-01-09,MARS,273.637782,CAPRICORN,3.637782,0,0,0,0,0,0.74780931
2024-01-09,JUPITER,35.733393,TAURUS,5.733393,0,0,0,0,0,0.03240726
2024-01-09,SATURN,334.034974,PISCES,4.034974,0,0,0,0,0,0.09756727
2024-01-09,URANUS,49.225586,TAURUS,19.225586,1,0,0,0,0,-0.01521431
2024-01-09,NEPTUNE,355.219237,PISCES,25.219237,0,0,0,0,0,0.01912678
2024-01-09,PLUTO,299.626122,CAPRICORN,29.626122,0,0,0,0,0,0.03211115
2024-01-10,SUN,289.722602,CAPRICORN,19.722602,0,0,0,0,0,1.01949018
2024-01-10,MERCURY,266.417336,SAGITTARIUS,26.417336,0,0,0,0,0,0.88668969
2024-01-10,VENUS,254.204964,SAGITTARIUS,14.204964,0,0,0,0,0,1.22403256
2024-01-10,MARS,274.385946,CAPRICORN,4.385946,0,0,0,0,0,0.74851321
2024-01-10,JUPITER,35.767505,TAURUS,5.767505,0,0,0,0,0,0.03581301
2024-01-10,SATURN,334.133034,PISCES,4.133034,0,0,0,0,0,0.09854881
2024-01-10,URANUS,49.210783,TAURUS,19.210783,1,0,0,0,0,-0.01439009
2024-01-10,NEPTUNE,355.238624,PISCES,25.238624,0,0,0,0,0,0.01964363
2024-01-10,PLUTO,299.658279,CAPRICORN,29.658279,0,0,0,0,0,0.03220041
2024-01-11,SUN,290.742063,CAPRICORN,20.742063,0,0,0,0,0,1.01942315
2024-01-11,MERCURY,267.335489,SAGITTARIUS,27.335489,0,0,0,0,0,0.94844158
2024-01-11,VENUS,255.429319,SAGITTARIUS,15.429319,0,0,0,0,0,1.22466435
2024-01-11,MARS,275.134802,CAPRICORN,5.134802,0,0,0,0,0,0.74919255
2024-01-11,JUPITER,35.805011,TAURUS,5.805011,0,0,0,0,0,0.03919402
2024-01-11,SATURN,334.232061,PISCES,4.232061,0,0,0,0,0,0.09950007
2024-01-11,URANUS,49.196804,TAURUS,19.196804,1,0,0,0,0,-0.01356862
2024-01-11,NEPTUNE,355.258519,PISCES,25.258519,0,0,0,0,0,0.02014542
2024-01-11,PLUTO,299.690516,CAPRICORN,29.690516,0,0,0,0,0,0.03227111
2024-01-12,SUN,291.761437,CAPRICORN,21.761437,0,0,0,0,0,1.01931456
2024-01-12,MERCURY,268.312046,SAGITTARIUS,28.312046,0,0,0,0,0,1.00363262
2024-01-12,VENUS,256.654281,SAGITTARIUS,16.654281,0,0,0,0,0,1.22524943
2024-01-12,MARS,275.884325,CAPRICORN,5.884325,0,0,0,0,0,0.74984785
2024-01-12,JUPITER,35.845884,TAURUS,5.845884,0,0,0,0,0,0.04254863
2024-01-12,SATURN,334.332024,PISCES,4.332024,0,0,0,0,0,0.10042117
2024-01-12,URANUS,49.183645,TAURUS,19.183645,1,0,0,0,0,-0.01274973
2024-01-12,NEPTUNE,355.278909,PISCES,25.278909,0,0,0,0,0,0.0206325
2024-01-12,PLUTO,299.722815,CAPRICORN,29.722815,0,0,0,0,0,0.03232387
2024-01-13,SUN,292.780684,CAPRICORN,22.780684,0,0,0,0,0,1.01916862
2024-01-13,MERCURY,269.340835,SAGITTARIUS,29.340835,0,0,0,0,0,1.05302586
2024-01-13,VENUS,257.879808,SAGITTARIUS,17.879808,0,0,0,0,0,1.22579541
2024-01-13,MARS,276.634493,CAPRICORN,6.634493,0,0,0,0,0,0.75048383
2024-01-13,JUPITER,35.890099,TAURUS,5.890099,0,0,0,0,0,0.04587842
2024-01-13,SATURN,334.432894,PISCES,4.432894,0,0,0,0,0,0.10131574
2024-01-13,URANUS,49.171305,TAURUS,19.171305,1,0,0,0,0,-0.01192983
2024-01-13,NEPTUNE,355.29978,PISCES,25.29978,0,0,0,0,0,0.02110871
2024-01-13,PLUTO,299.755159,CAPRICORN,29.755159,0,0,0,0,0,0.0323628
2024-01-14,SUN,293.799769,CAPRICORN,23.799769,0,0,0,0,0,1.01899338
2024-01-14,MERCURY,270.41641,CAPRICORN,0.41641,0,1,0,0,0,1.09731864
2024-01-14,VENUS,259.105865,SAGITTARIUS,19.105865,0,0,0,0,0,1.22631292
2024-01-14,MARS,277.38529,CAPRICORN,7.38529,0,0,0,0,0,0.75110806
2024-01-14,JUPITER,35.937634,TAURUS,5.937634,0,0,0,0,0,0.04918698
2024-01-14,SATURN,334.534648,PISCES,4.534648,0,0,0,0,0,0.10218967
2024-01-14,URANUS,49.159787,TAURUS,19.159787,1,0,0,0,0,-0.01110343
2024-01-14,NEPTUNE,355.321124,PISCES,25.321124,0,0,0,0,0,0.02157997
2024-01-14,PLUTO,299.787538,CAPRICORN,29.787538,0,0,0,0,0,0.03239415
2024-01-15,SUN,294.818668,CAPRICORN,24.818668,0,0,0,0,0,1.01879817
2024-01-15,MERCURY,271.533993,CAPRICORN,1.533993,0,0,0,0,0,1.13714005
2024-01-15,VENUS,260.332431,SAGITTARIUS,20.332431,0,0,0,0,0,1.22681267
2024-01-15,MARS,278.136709,CAPRICORN,8.136709,0,0,0,0,0,0.75172822
2024-01-15,JUPITER,35.988467,TAURUS,5.988467,0,0,0,0,0,0.0524776
2024-01-15,SATURN,334.637268,PISCES,4.637268,0,0,0,0,0,0.10304851
2024-01-15,URANUS,49.149102,TAURUS,19.149102,1,0,0,0,0,-0.0102656
2024-01-15,NEPTUNE,355.34294,PISCES,25.34294,0,0,0,0,0,0.02205172
2024-01-15,PLUTO,299.819946,CAPRICORN,29.819946,0,0,0,0,0,0.03242359
2024-01-16,SUN,295.837366,CAPRICORN,25.837366,0,0,0,0,0,1.01859083
2024-01-16,MERCURY,272.689399,CAPRICORN,2.689399,0,0,0,0,0,1.17305083
2024-01-16,VENUS,261.559491,SAGITTARIUS,21.559491,0,0,0,0,0,1.22730257
2024-01-16,MARS,278.888749,CAPRICORN,8.888749,0,0,0,0,0,0.75234964
2024-01-16,JUPITER,36.042583,TAURUS,6.042583,0,0,0,0,0,0.05575123
2024-01-16,SATURN,334.740741,PISCES,4.740741,0,0,0,0,0,0.10389546
2024-01-16,URANUS,49.139261,TAURUS,19.139261,1,0,0,0,0,-0.009414
2024-01-16,NEPTUNE,355.365229,PISCES,25.365229,0,0,0,0,0,0.02252684
2024-01-16,PLUTO,299.852385,CAPRICORN,29.852385,0,0,0,0,0,0.03245405
2024-01-17,SUN,296.855852,CAPRICORN,26.855852,0,0,0,0,0,1.01837635
2024-01-17,MERCURY,273.878968,CAPRICORN,3.878968,0,0,0,0,0,1.20554659
2024-01-17,VENUS,262.787038,SAGITTARIUS,22.787038,0,0,0,0,0,1.22778664
2024-01-17,MARS,279.641411,CAPRICORN,9.641411,0,0,0,0,0,0.75297423
2024-01-17,JUPITER,36.099964,TAURUS,6.099964,0,0,0,0,0,0.05900598
2024-01-17,SATURN,334.845056,PISCES,4.845056,0,0,0,0,0,0.10473044
2024-01-17,URANUS,49.130278,TAURUS,19.130278,1,0,0,0,0,-0.00854963
2024-01-17,NEPTUNE,355.387995,PISCES,25.387995,0,0,0,0,0,0.02300486
2024-01-17,PLUTO,299.884855,CAPRICORN,29.884855,0,0,0,0,0,0.03248465
2024-01-18,SUN,297.874121,CAPRICORN,27.874121,0,0,0,0,0,1.01815704
2024-01-18,MERCURY,275.099509,CAPRICORN,5.099509,0,0,0,0,0,1.23506346
2024-01-18,VENUS,264.015066,SAGITTARIUS,24.015066,0,0,0,0,0,1.22826547
2024-01-18,MARS,280.3947,CAPRICORN,10.3947,0,0,0,0,0,0.7536012
2024-01-18,JUPITER,36.160588,TAURUS,6.160588,0,0,0,0,0,0.06223781
2024-01-18,SATURN,334.950198,PISCES,4.950198,0,0,0,0,0,0.10555097
2024-01-18,URANUS,49.122165,TAURUS,19.122165,1,0,0,0,0,-0.00767599
2024-01-18,NEPTUNE,355.411239,PISCES,25.411239,0,0,0,0,0,0.02348284
2024-01-18,PLUTO,299.917354,CAPRICORN,29.917354,0,0,0,0,0,0.03251108
2024-01-19,SUN,298.892169,CAPRICORN,28.892169,0,0,0,0,0,1.01793358
2024-01-19,MERCURY,276.34824,CAPRICORN,6.34824,0,0,0,0,0,1.26198497
2024-01-19,VENUS,265.24357,SAGITTARIUS,25.24357,0,0,0,0,0,1.22873766
2024-01-19,MARS,281.148615,CAPRICORN,11.148615,0,0,0,0,0,0.75422832
2024-01-19,JUPITER,36.224431,TAURUS,6.224431,0,0,0,0,0,0.0654422
2024-01-19,SATURN,335.056153,PISCES,5.056153,0,0,0,0,0,0.1063536
2024-01-19,URANUS,49.114928,TAURUS,19.114928,1,0,0,0,0,-0.00679738
2024-01-19,NEPTUNE,355.43496,PISCES,25.43496,0,0,0,0,0,0.02395686
2024-01-19,PLUTO,299.949875,CAPRICORN,29.949875,0,0,0,0,0,0.03252854
2024-01-20,SUN,299.909992,CAPRICORN,29.909992,0,0,0,0,0,1.01770607
2024-01-20,MERCURY,277.622736,CAPRICORN,7.622736,0,0,0,0,0,1.28664868
2024-01-20,VENUS,266.472542,SAGITTARIUS,26.472542,0,0,0,0,0,1.22920118
2024-01-20,MARS,281.903157,CAPRICORN,11.903157,0,0,0,0,0,0.75485312
2024-01-20,JUPITER,36.291463,TAURUS,6.291463,0,0,0,0,0,0.06861523
2024-01-20,SATURN,335.162899,PISCES,5.162899,0,0,0,0,0,0.10713516
2024-01-20,URANUS,49.10857,TAURUS,19.10857,1,0,0,0,0,-0.00591776
2024-01-20,NEPTUNE,355.459151,PISCES,25.459151,0,0,0,0,0,0.02442329
2024-01-20,PLUTO,299.982409,CAPRICORN,29.982409,0,0,0,0,0,0.03253908
2024-01-21,SUN,300.927584,AQUARIUS,0.927584,0,1,0,0,0,1.01747465
2024-01-21,MERCURY,278.920893,CAPRICORN,8.920893,0,0,0,0,0,1.30935217
2024-01-21,VENUS,267.701972,SAGITTARIUS,27.701972,0,0,0,0,0,1.22965421
2024-01-21,MARS,282.658322,CAPRICORN,12.658322,0,0,0,0,0,0.75547371
2024-01-21,JUPITER,36.361651,TAURUS,6.361651,0,0,0,0,0,0.07175408
2024-01-21,SATURN,335.270416,PISCES,5.270416,0,0,0,0,0,0.10789337
2024-01-21,URANUS,49.103092,TAURUS,19.103092,1,0,0,0,0,-0.00504007
2024-01-21,NEPTUNE,355.483803,PISCES,25.483803,0,0,0,0,0,0.02487947
2024-01-21,PLUTO,300.014954,AQUARIUS,0.014954,0,1,0,0,0,0.03254811
2024-01-22,SUN,301.944944,AQUARIUS,1.944944,0,0,0,0,0,1.01723984
2024-01-22,MERCURY,280.240883,CAPRICORN,10.240883,0,0,0,0,0,1.33035819
2024-01-22,VENUS,268.931849,SAGITTARIUS,28.931849,0,0,0,0,0,1.2300955
2024-01-22,MARS,283.414104,CAPRICORN,13.414104,0,0,0,0,0,0.75608893
2024-01-22,JUPITER,36.43496,TAURUS,6.43496,0,0,0,0,0,0.07485727
2024-01-22,SATURN,335.378679,PISCES,5.378679,0,0,0,0,0,0.10862697
2024-01-22,URANUS,49.098489,TAURUS,19.098489,1,0,0,0,0,-0.00416614
2024-01-22,NEPTUNE,355.508906,PISCES,25.508906,0,0,0,0,0,0.0253238
2024-01-22,PLUTO,300.047503,AQUARIUS,0.047503,0,0,0,0,0,0.03254749
2024-01-23,SUN,302.962067,AQUARIUS,2.962067,0,0,0,0,0,1.0170027
2024-01-23,MERCURY,281.581129,CAPRICORN,11.581129,0,0,0,0,0,1.34989896
2024-01-23,VENUS,270.162162,CAPRICORN,0.162162,0,1,0,0,0,1.23052463
2024-01-23,MARS,284.170499,CAPRICORN,14.170499,0,0,0,0,0,0.75669846
2024-01-23,JUPITER,36.511354,TAURUS,6.511354,0,0,0,0,0,0.07792442
2024-01-23,SATURN,335.487662,PISCES,5.487662,0,0,0,0,0,0.10933584
2024-01-23,URANUS,49.094758,TAURUS,19.094758,1,0,0,0,0,-0.00329657
2024-01-23,NEPTUNE,355.534447,PISCES,25.534447,0,0,0,0,0,0.02575583
2024-01-23,PLUTO,300.080043,AQUARIUS,0.080043,0,0,0,0,0,0.03253003
2024-01-24,SUN,303.978953,AQUARIUS,3.978953,0,0,0,0,0,1.0167649
2024-01-24,MERCURY,282.940269,CAPRICORN,12.940269,0,0,0,0,0,1.36818022
2024-01-24,VENUS,271.392898,CAPRICORN,1.392898,0,0,0,0,0,1.23094205
2024-01-24,MARS,284.927501,CAPRICORN,14.927501,0,0,0,0,0,0.75730293
2024-01-24,JUPITER,36.590798,TAURUS,6.590798,0,0,0,0,0,0.08095642
2024-01-24,SATURN,335.597342,PISCES,5.597342,0,0,0,0,0,0.11002084
2024-01-24,URANUS,49.091894,TAURUS,19.091894,1,0,0,0,0,-0.00243091
2024-01-24,NEPTUNE,355.560414,PISCES,25.560414,0,0,0,0,0,0.02617623
2024-01-24,PLUTO,300.112558,AQUARIUS,0.112558,0,0,0,0,0,0.03249696
2024-01-25,SUN,304.995601,AQUARIUS,4.995601,0,0,0,0,0,1.01652853
2024-01-25,MERCURY,284.317137,CAPRICORN,14.317137,0,0,0,0,0,1.38538427
2024-01-25,VENUS,272.624046,CAPRICORN,2.624046,0,0,0,0,0,1.23134882
2024-01-25,MARS,285.685105,CAPRICORN,15.685105,0,0,0,0,0,0.75790361
2024-01-25,JUPITER,36.673256,TAURUS,6.673256,0,0,0,0,0,0.08395514
2024-01-25,SATURN,335.707696,PISCES,5.707696,0,0,0,0,0,0.1106838
2024-01-25,URANUS,49.089895,TAURUS,19.089895,1,0,0,0,0,-0.00156767
2024-01-25,NEPTUNE,355.586796,PISCES,25.586796,0,0,0,0,0,0.02658655
2024-01-25,PLUTO,300.145033,AQUARIUS,0.145033,0,0,0,0,0,0.03245156
2024-01-26,SUN,306.012015,AQUARIUS,6.012015,0,0,0,0,0,1.0162956
2024-01-26,MERCURY,285.710739,CAPRICORN,15.710739,0,0,0,0,0,1.40167265
2024-01-26,VENUS,273.855596,CAPRICORN,3.855596,0,0,0,0,0,1.23174618
2024-01-26,MARS,286.443309,CAPRICORN,16.443309,0,0,0,0,0,0.75850202
2024-01-26,JUPITER,36.758698,TAURUS,6.758698,0,0,0,0,0,0.08692286
2024-01-26,SATURN,335.818703,PISCES,5.818703,0,0,0,0,0,0.11132691
2024-01-26,URANUS,49.088759,TAURUS,19.088759,1,0,0,0,0,-0.00070492
2024-01-26,NEPTUNE,355.613584,PISCES,25.613584,0,0,0,0,0,0.02698886
2024-01-26,PLUTO,300.177457,AQUARIUS,0.177457,0,0,0,0,0,0.03239661
2024-01-27,SUN,307.028198,AQUARIUS,7.028198,0,0,0,0,0,1.01606762
2024-01-27,MERCURY,287.120232,CAPRICORN,17.120232,0,0,0,0,0,1.41718825
2024-01-27,VENUS,275.087539,CAPRICORN,5.087539,0,0,0,0,0,1.23213522
2024-01-27,MARS,287.202111,CAPRICORN,17.202111,0,0,0,0,0,0.75909953
2024-01-27,JUPITER,36.847092,TAURUS,6.847092,0,0,0,0,0,0.08986195
2024-01-27,SATURN,335.930344,PISCES,5.930344,0,0,0,0,0,0.1119523
2024-01-27,URANUS,49.088486,TAURUS,19.088486,0,0,0,1,1,0.00015925
2024-01-27,NEPTUNE,355.640771,PISCES,25.640771,0,0,0,0,0,0.02738519
2024-01-27,PLUTO,300.209823,AQUARIUS,0.209823,0,0,0,0,0,0.03233451
2024-01-28,SUN,308.044155,AQUARIUS,8.044155,0,0,0,0,0,1.01584539
2024-01-28,MERCURY,288.544906,CAPRICORN,18.544906,0,0,0,0,0,1.43205754
2024-01-28,VENUS,276.319867,CAPRICORN,6.319867,0,0,0,0,0,1.23251668
2024-01-28,MARS,287.96151,CAPRICORN,17.96151,0,0,0,0,0,0.75969702
2024-01-28,JUPITER,36.938413,TAURUS,6.938413,0,0,0,0,0,0.09277439
2024-01-28,SATURN,336.042602,PISCES,6.042602,0,0,0,0,0,0.11256183
2024-01-28,URANUS,49.089078,TAURUS,19.089078,0,0,0,0,0,0.00102653
2024-01-28,NEPTUNE,355.668353,PISCES,25.668353,0,0,0,0,0,0.0277773
2024-01-28,PLUTO,300.242124,AQUARIUS,0.242124,0,0,0,0,0,0.03226711
2024-01-29,SUN,309.059893,AQUARIUS,9.059893,0,0,0,0,0,1.01562907
2024-01-29,MERCURY,289.984174,CAPRICORN,19.984174,0,0,0,0,0,1.44639245
2024-01-29,VENUS,277.552573,CAPRICORN,7.552573,0,0,0,0,0,1.23289087
2024-01-29,MARS,288.721506,CAPRICORN,18.721506,0,0,0,0,0,0.76029493
2024-01-29,JUPITER,37.032633,TAURUS,7.032633,0,0,0,0,0,0.09566173
2024-01-29,SATURN,336.155462,PISCES,6.155462,0,0,0,0,0,0.11315685
2024-01-29,URANUS,49.09054,TAURUS,19.09054,0,0,0,0,0,0.00189816
2024-01-29,NEPTUNE,355.696325,PISCES,25.696325,0,0,0,0,0,0.02816651
2024-01-29,PLUTO,300.274356,AQUARIUS,0.274356,0,0,0,0,0,0.03219583
2024-01-30,SUN,310.075418,AQUARIUS,10.075418,0,0,0,0,0,1.01541824
2024-01-30,MERCURY,291.437552,CAPRICORN,21.437552,0,0,0,0,0,1.4602923
2024-01-30,VENUS,278.785649,CAPRICORN,8.785649,0,0,0,0,0,1.23325779
2024-01-30,MARS,289.482101,CAPRICORN,19.482101,0,0,0,0,0,0.7608933
2024-01-30,JUPITER,37.129729,TAURUS,7.129729,0,0,0,0,0,0.098525
2024-01-30,SATURN,336.268911,PISCES,6.268911,0,0,0,0,0,0.1137383
2024-01-30,URANUS,49.092876,TAURUS,19.092876,0,0,0,0,0,0.00277496
2024-01-30,NEPTUNE,355.724685,PISCES,25.724685,0,0,0,0,0,0.02855375
2024-01-30,PLUTO,300.306515,AQUARIUS,0.306515,0,0,0,0,0,0.03212158
2024-01-31,SUN,311.090734,AQUARIUS,11.090734,0,0,0,0,0,1.01521193
2024-01-31,MERCURY,292.904649,CAPRICORN,22.904649,0,0,0,0,0,1.47384507
2024-01-31,VENUS,280.019089,CAPRICORN,10.019089,0,0,0,0,0,1.23361688
2024-01-31,MARS,290.243294,CAPRICORN,20.243294,0,0,0,0,0,0.76149153
2024-01-31,JUPITER,37.229676,TAURUS,7.229676,0,0,0,0,0,0.10136467
2024-01-31,SATURN,336.382935,PISCES,6.382935,0,0,0,0,0,0.11430646
2024-01-31,URANUS,49.096092,TAURUS,19.096092,0,0,0,0,0,0.00365714
2024-01-31,NEPTUNE,355.753432,PISCES,25.753432,0,0,0,0,0,0.02893936
2024-01-31,PLUTO,300.338598,AQUARIUS,0.338598,0,0,0,0,0,0.03204476
2024-02-01,SUN,312.105845,AQUARIUS,12.105845,0,0,0,0,0,1.01500842
2024-02-01,MERCURY,294.385158,CAPRICORN,24.385158,0,0,0,0,0,1.48712881
2024-02-01,VENUS,281.252883,CAPRICORN,11.252883,0,0,0,0,0,1.233967
2024-02-01,MARS,291.005085,CAPRICORN,21.005085,0,0,0,0,0,0.76208842
2024-02-01,JUPITER,37.332451,TAURUS,7.332451,0,0,0,0,0,0.10418056
2024-02-01,SATURN,336.49752,PISCES,6.49752,0,0,0,0,0,0.11486108
2024-02-01,URANUS,49.100192,TAURUS,19.100192,0,0,0,0,0,0.0045444
2024-02-01,NEPTUNE,355.782563,PISCES,25.782563,0,0,0,0,0,0.02932308
2024-02-01,PLUTO,300.370604,AQUARIUS,0.370604,0,0,0,0,0,0.03196519
2024-02-02,SUN,313.120753,AQUARIUS,13.120753,0,0,0,0,0,1.01480532
2024-02-02,MERCURY,295.878845,CAPRICORN,25.878845,0,0,0,0,0,1.50021236
2024-02-02,VENUS,282.487022,CAPRICORN,12.487022,0,0,0,0,0,1.23430629
2024-02-02,MARS,291.767472,CAPRICORN,21.767472,0,0,0,0,0,0.76268214
2024-02-02,JUPITER,37.43803,TAURUS,7.43803,0,0,0,0,0,0.10697206
2024-02-02,SATURN,336.612653,PISCES,6.612653,0,0,0,0,0,0.11540136
2024-02-02,URANUS,49.105182,TAURUS,19.105182,0,0,0,0,0,0.00543583
2024-02-02,NEPTUNE,355.812077,PISCES,25.812077,0,0,0,0,0,0.02970412
2024-02-02,PLUTO,300.402528,AQUARIUS,0.402528,0,0,0,0,0,0.03188208
2024-02-03,SUN,314.135457,AQUARIUS,14.135457,0,0,0,0,0,1.01459935
2024-02-03,MERCURY,297.385541,CAPRICORN,27.385541,0,0,0,0,0,1.51315665
2024-02-03,VENUS,283.721494,CAPRICORN,13.721494,0,0,0,0,0,1.23463217
2024-02-03,MARS,292.530449,CAPRICORN,22.530449,0,0,0,0,0,0.7632702
2024-02-03,JUPITER,37.546387,TAURUS,7.546387,0,0,0,0,0,0.109738
2024-02-03,SATURN,336.728318,PISCES,6.728318,0,0,0,0,0,0.11592592
2024-02-03,URANUS,49.111065,TAURUS,19.111065,0,0,0,0,0,0.0063301
2024-02-03,NEPTUNE,355.841971,PISCES,25.841971,0,0,0,0,0,0.03008124
2024-02-03,PLUTO,300.434367,AQUARIUS,0.434367,0,0,0,0,0,0.03179423
2024-02-04,SUN,315.149952,AQUARIUS,15.149952,0,0,0,0,0,1.01438614
2024-02-04,MERCURY,298.905134,CAPRICORN,28.905134,0,0,0,0,0,1.52601499
2024-02-04,VENUS,284.956284,CAPRICORN,14.956284,0,0,0,0,0,1.23494123
2024-02-04,MARS,293.294011,CAPRICORN,23.294011,0,0,0,0,0,0.76384926
2024-02-04,JUPITER,37.657497,TAURUS,7.657497,0,0,0,0,0,0.11247659
2024-02-04,SATURN,336.8445,PISCES,6.8445,0,0,0,0,0,0.11643278
2024-02-04,URANUS,49.117843,TAURUS,19.117843,0,0,0,0,0,0.00722527
2024-02-04,NEPTUNE,355.872239,PISCES,25.872239,0,0,0,0,0,0.03045253
2024-02-04,PLUTO,300.466115,AQUARIUS,0.466115,0,0,0,0,0,0.03169982
2024-02-05,SUN,316.164228,AQUARIUS,16.164228,0,0,0,0,0,1.01415971
2024-02-05,MERCURY,300.437562,AQUARIUS,0.437562,0,1,0,0,0,1.53883357
2024-02-05,VENUS,286.191372,CAPRICORN,16.191372,0,0,0,0,0,1.23522881
2024-02-05,MARS,294.058145,CAPRICORN,24.058145,0,0,0,0,0,0.76441489
2024-02-05,JUPITER,37.771331,TAURUS,7.771331,0,0,0,0,0,0.115185
2024-02-05,SATURN,336.961178,PISCES,6.961178,0,0,0,0,0,0.11691889
2024-02-05,URANUS,49.125515,TAURUS,19.125515,0,0,0,0,0,0.00811839
2024-02-05,NEPTUNE,355.902874,PISCES,25.902874,0,0,0,0,0,0.03081515
2024-02-05,PLUTO,300.497764,AQUARIUS,0.497764,0,0,0,0,0,0.03159603
2024-02-06,SUN,317.178267,AQUARIUS,17.178267,0,0,0,0,0,1.01391256
2024-02-06,MERCURY,301.982805,AQUARIUS,1.982805,0,0,0,0,0,1.55165234
2024-02-06,VENUS,287.426735,CAPRICORN,17.426735,0,0,0,0,0,1.23548942
2024-02-06,MARS,294.822836,CAPRICORN,24.822836,0,0,0,0,0,0.76496161
2024-02-06,JUPITER,37.887857,TAURUS,7.887857,0,0,0,0,0,0.1178593
2024-02-06,SATURN,337.07833,PISCES,7.07833,0,0,0,0,0,0.11738025
2024-02-06,URANUS,49.134078,TAURUS,19.134078,0,0,0,0,0,0.00900568
2024-02-06,NEPTUNE,355.933865,PISCES,25.933865,0,0,0,0,0,0.03116531
2024-02-06,PLUTO,300.529304,AQUARIUS,0.529304,0,0,0,0,0,0.03147918
2024-02-07,SUN,318.192046,AQUARIUS,18.192046,0,0,0,0,0,1.01363682
2024-02-07,MERCURY,303.540882,AQUARIUS,3.540882,0,0,0,0,0,1.5645062
2024-02-07,VENUS,288.662343,CAPRICORN,18.662343,0,0,0,0,0,1.23571767
2024-02-07,MARS,295.588062,CAPRICORN,25.588062,0,0,0,0,0,0.76548402
2024-02-07,JUPITER,38.007038,TAURUS,8.007038,0,0,0,0,0,0.12049535
2024-02-07,SATURN,337.195929,PISCES,7.195929,0,0,0,0,0,0.1178128
2024-02-07,URANUS,49.143523,TAURUS,19.143523,0,0,0,0,0,0.00988329
2024-02-07,NEPTUNE,355.965199,PISCES,25.965199,0,0,0,0,0,0.03149929
2024-02-07,PLUTO,300.560717,AQUARIUS,0.560717,0,0,0,0,0,0.0313457
2024-02-08,SUN,319.205532,AQUARIUS,19.205532,0,0,0,0,0,1.01332648
2024-02-08,MERCURY,305.111843,AQUARIUS,5.111843,0,0,0,0,0,1.57742809
2024-02-08,VENUS,289.898162,CAPRICORN,19.898162,0,0,0,0,0,1.23591058
2024-02-08,MARS,296.353796,CAPRICORN,26.353796,0,0,0,0,0,0.76597901
2024-02-08,JUPITER,38.128834,TAURUS,8.128834,0,0,0,0,0,0.12309067
2024-02-08,SATURN,337.313945,PISCES,7.313945,0,0,0,0,0,0.11821445
2024-02-08,URANUS,49.15384,TAURUS,19.15384,0,0,0,0,0,0.01074932
2024-02-08,NEPTUNE,355.996858,PISCES,25.996858,0,0,0,0,0,0.03181527
2024-02-08,PLUTO,300.591989,AQUARIUS,0.591989,0,0,0,0,0,0.03119386
2024-02-09,SUN,320.21869,AQUARIUS,20.21869,0,0,0,0,0,1.01297967
2024-02-09,MERCURY,306.695774,AQUARIUS,6.695774,0,0,0,0,0,1.59045099
2024-02-09,VENUS,291.134156,CAPRICORN,21.134156,0,0,0,0,0,1.23606975
2024-02-09,MARS,297.120012,CAPRICORN,27.120012,0,0,0,0,0,0.76644743
2024-02-09,JUPITER,38.253206,TAURUS,8.253206,0,0,0,0,0,0.12564587
2024-02-09,SATURN,337.432348,PISCES,7.432348,0,0,0,0,0,0.11858655
2024-02-09,URANUS,49.165018,TAURUS,19.165018,0,0,0,0,0,0.0116052
2024-02-09,NEPTUNE,356.028824,PISCES,26.028824,0,0,0,0,0,0.03211491
2024-02-09,PLUTO,300.623099,AQUARIUS,0.623099,0,0,0,0,0,0.03102564
2024-02-10,SUN,321.231484,AQUARIUS,21.231484,0,0,0,0,0,1.01259938
2024-02-10,MERCURY,308.292792,AQUARIUS,8.292792,0,0,0,0,0,1.60360838
2024-02-10,VENUS,292.370295,CAPRICORN,22.370295,0,0,0,0,0,1.2362014
2024-02-10,MARS,297.886685,CAPRICORN,27.886685,0,0,0,0,0,0.76689457
2024-02-10,JUPITER,38.380114,TAURUS,8.380114,0,0,0,0,0,0.1281649
2024-02-10,SATURN,337.551109,PISCES,7.551109,0,0,0,0,0,0.11893414
2024-02-10,URANUS,49.177049,TAURUS,19.177049,0,0,0,0,0,0.01245587
2024-02-10,NEPTUNE,356.061083,PISCES,26.061083,0,0,0,0,0,0.03240342
2024-02-10,PLUTO,300.654035,AQUARIUS,0.654035,0,0,0,0,0,0.03084651
2024-02-11,SUN,322.243883,AQUARIUS,22.243883,0,0,0,0,0,1.01219213
2024-02-11,MERCURY,309.903048,AQUARIUS,9.903048,0,0,0,0,0,1.61693311
2024-02-11,VENUS,293.606555,CAPRICORN,23.606555,0,0,0,0,0,1.23631483
2024-02-11,MARS,298.653798,CAPRICORN,28.653798,0,0,0,0,0,0.76732813
2024-02-11,JUPITER,38.509525,TAURUS,8.509525,0,0,0,0,0,0.13065317
2024-02-11,SATURN,337.670209,PISCES,7.670209,0,0,0,0,0,0.11926394
2024-02-11,URANUS,49.18993,TAURUS,19.18993,0,0,0,0,0,0.01330759
2024-02-11,NEPTUNE,356.093628,PISCES,26.093628,0,0,0,0,0,0.03268754
2024-02-11,PLUTO,300.68479,AQUARIUS,0.68479,0,0,0,0,0,0.03066355
2024-02-12,SUN,323.255865,AQUARIUS,23.255865,0,0,0,0,0,1.0117652
2024-02-12,MERCURY,311.526725,AQUARIUS,11.526725,0,0,0,0,0,1.6304537
2024-02-12,VENUS,294.842924,CAPRICORN,24.842924,0,0,0,0,0,1.23641886
2024-02-12,MARS,299.421341,CAPRICORN,29.421341,0,0,0,0,0,0.7677553
2024-02-12,JUPITER,38.641412,TAURUS,8.641412,0,0,0,0,0,0.13311453
2024-02-12,SATURN,337.789633,PISCES,7.789633,0,0,0,0,0,0.11958132
2024-02-12,URANUS,49.203666,TAURUS,19.203666,0,0,0,0,0,0.01416505
2024-02-12,NEPTUNE,356.126458,PISCES,26.126458,0,0,0,0,0,0.03297249
2024-02-12,PLUTO,300.715363,AQUARIUS,0.715363,0,0,0,0,0,0.03048233
2024-02-13,SUN,324.267413,AQUARIUS,24.267413,0,0,0,0,0,1.01132401
2024-02-13,MERCURY,313.16403,AQUARIUS,13.16403,0,0,0,0,0,1.64419215
2024-02-13,VENUS,296.079395,CAPRICORN,26.079395,0,0,0,0,0,1.23651921
2024-02-13,MARS,300.189309,AQUARIUS,0.189309,0,1,0,0,0,0.76817999
2024-02-13,JUPITER,38.775746,TAURUS,8.775746,0,0,0,0,0,0.13554952
2024-02-13,SATURN,337.909369,PISCES,7.909369,0,0,0,0,0,0.11988805
2024-02-13,URANUS,49.218263,TAURUS,19.218263,0,0,0,0,0,0.01502913
2024-02-13,NEPTUNE,356.159574,PISCES,26.159574,0,0,0,0,0,0.03325971
2024-02-13,PLUTO,300.745756,AQUARIUS,0.745756,0,0,0,0,0,0.03030456
2024-02-14,SUN,325.278514,AQUARIUS,25.278514,0,0,0,0,0,1.0108713
2024-02-14,MERCURY,314.815189,AQUARIUS,14.815189,0,0,0,0,0,1.65816292
2024-02-14,VENUS,297.315965,CAPRICORN,27.315965,0,0,0,0,0,1.23661766
2024-02-14,MARS,300.957701,AQUARIUS,0.957701,0,0,0,0,0,0.76860234
2024-02-14,JUPITER,38.912502,TAURUS,8.912502,0,0,0,0,0,0.13795501
2024-02-14,SATURN,338.029405,PISCES,8.029405,0,0,0,0,0,0.12018213
2024-02-14,URANUS,49.233726,TAURUS,19.233726,0,0,0,0,0,0.01589675
2024-02-14,NEPTUNE,356.192978,PISCES,26.192978,0,0,0,0,0,0.0335467
2024-02-14,PLUTO,300.775973,AQUARIUS,0.775973,0,0,0,0,0,0.03012801
2024-02-15,SUN,326.289156,AQUARIUS,26.289156,0,0,0,0,0,1.01040792
2024-02-15,MERCURY,316.480438,AQUARIUS,16.480438,0,0,0,0,0,1.67237376
2024-02-15,VENUS,298.552632,CAPRICORN,28.552632,0,0,0,0,0,1.23671327
2024-02-15,MARS,301.726514,AQUARIUS,1.726514,0,0,0,0,0,0.76902006
2024-02-15,JUPITER,39.051646,TAURUS,9.051646,0,0,0,0,0,0.14032628
2024-02-15,SATURN,338.149728,PISCES,8.149728,0,0,0,0,0,0.12045933
2024-02-15,URANUS,49.250056,TAURUS,19.250056,0,0,0,0,0,0.01676277
2024-02-15,NEPTUNE,356.226667,PISCES,26.226667,0,0,0,0,0,0.03382873
2024-02-15,PLUTO,300.806012,AQUARIUS,0.806012,0,0,0,0,0,0.02994813
2024-02-16,SUN,327.299331,AQUARIUS,27.299331,0,0,0,0,0,1.00993431
2024-02-16,MERCURY,318.160019,AQUARIUS,18.160019,0,0,0,0,0,1.68682742
2024-02-16,VENUS,299.789392,CAPRICORN,29.789392,0,0,0,0,0,1.2368042
2024-02-16,MARS,302.495741,AQUARIUS,2.495741,0,0,0,0,0,0.76943042
2024-02-16,JUPITER,39.193142,TAURUS,9.193142,0,0,0,0,0,0.14265895
2024-02-16,SATURN,338.270318,PISCES,8.270318,0,0,0,0,0,0.1207155
2024-02-16,URANUS,49.267249,TAURUS,19.267249,0,0,0,0,0,0.01762226
2024-02-16,NEPTUNE,356.260633,PISCES,26.260633,0,0,0,0,0,0.03410121
2024-02-16,PLUTO,300.835867,AQUARIUS,0.835867,0,0,0,0,0,0.02976039
2024-02-17,SUN,328.309027,AQUARIUS,28.309027,0,0,0,0,0,1.00945155
2024-02-17,MERCURY,319.854175,AQUARIUS,19.854175,0,0,0,0,0,1.70152223
2024-02-17,VENUS,301.026241,AQUARIUS,1.026241,0,1,0,0,0,1.23688928
2024-02-17,MARS,303.265373,AQUARIUS,3.265373,0,0,0,0,0,0.76983165
2024-02-17,JUPITER,39.336951,TAURUS,9.336951,0,0,0,0,0,0.14495047
2024-02-17,SATURN,338.391152,PISCES,8.391152,0,0,0,0,0,0.12094798
2024-02-17,URANUS,49.285297,TAURUS,19.285297,0,0,0,0,0,0.01847182
2024-02-17,NEPTUNE,356.294866,PISCES,26.294866,0,0,0,0,0,0.03436101
2024-02-17,PLUTO,300.86553,AQUARIUS,0.86553,0,0,0,0,0,0.02956175
2024-02-18,SUN,329.318236,AQUARIUS,29.318236,0,0,0,0,0,1.00896157
2024-02-18,MERCURY,321.563143,AQUARIUS,21.563143,0,0,0,0,0,1.71645182
2024-02-18,VENUS,302.263171,AQUARIUS,2.263171,0,0,0,0,0,1.23696837
2024-02-18,MARS,304.035402,AQUARIUS,4.035402,0,0,0,0,0,0.77022317
2024-02-18,JUPITER,39.48303,TAURUS,9.48303,0,0,0,0,0,0.14720014
2024-02-18,SATURN,338.512207,PISCES,8.512207,0,0,0,0,0,0.12115573
2024-02-18,URANUS,49.304189,TAURUS,19.304189,0,0,0,0,0,0.01930993
2024-02-18,NEPTUNE,356.329351,PISCES,26.329351,0,0,0,0,0,0.03460679
2024-02-18,PLUTO,300.894987,AQUARIUS,0.894987,0,0,0,0,0,0.02935086
2024-02-19,SUN,330.326952,PISCES,0.326952,0,1,0,0,0,1.00846681
2024-02-19,MERCURY,323.287154,AQUARIUS,23.287154,0,0,0,0,0,1.73160375
2024-02-19,VENUS,303.500178,AQUARIUS,3.500178,0,0,0,0,0,1.23704209
2024-02-19,MARS,304.805818,AQUARIUS,4.805818,0,0,0,0,0,0.77060548
2024-02-19,JUPITER,39.631338,TAURUS,9.631338,0,0,0,0,0,0.14940851
2024-02-19,SATURN,338.633456,PISCES,8.633456,0,0,0,0,0,0.12133894
2024-02-19,URANUS,49.323914,TAURUS,19.323914,0,0,0,0,0,0.02013635
2024-02-19,NEPTUNE,356.364075,PISCES,26.364075,0,0,0,0,0,0.03483844
2024-02-19,PLUTO,300.924228,AQUARIUS,0.924228,0,0,0,0,0,0.02912759
2024-02-20,SUN,331.335173,PISCES,1.335173,0,0,0,0,0,1.00797003
2024-02-20,MERCURY,325.026419,AQUARIUS,25.026419,0,0,0,0,0,1.74695831
2024-02-20,VENUS,304.737257,AQUARIUS,4.737257,0,0,0,0,0,1.23711157
2024-02-20,MARS,305.576612,AQUARIUS,5.576612,0,0,0,0,0,0.77097948
2024-02-20,JUPITER,39.781835,TAURUS,9.781835,0,0,0,0,0,0.15157704
2024-02-20,SATURN,338.754877,PISCES,8.754877,0,0,0,0,0,0.12149858
2024-02-20,URANUS,49.344459,TAURUS,19.344459,0,0,0,0,0,0.02095167
2024-02-20,NEPTUNE,356.399024,PISCES,26.399024,0,0,0,0,0,0.03505666
2024-02-20,PLUTO,300.953239,AQUARIUS,0.953239,0,0,0,0,0,0.0288927
2024-02-21,SUN,332.342897,PISCES,2.342897,0,0,0,0,0,1.00747426
2024-02-21,MERCURY,326.781128,AQUARIUS,26.781128,0,0,0,0,0,1.76248721
2024-02-21,VENUS,305.974403,AQUARIUS,5.974403,0,0,0,0,0,1.23717844
2024-02-21,MARS,306.347776,AQUARIUS,6.347776,0,0,0,0,0,0.77134668
2024-02-21,JUPITER,39.93448,TAURUS,9.93448,0,0,0,0,0,0.15370776
2024-02-21,SATURN,338.876446,PISCES,8.876446,0,0,0,0,0,0.12163624
2024-02-21,URANUS,49.365814,TAURUS,19.365814,0,0,0,0,0,0.02175716
2024-02-21,NEPTUNE,356.434184,PISCES,26.434184,0,0,0,0,0,0.03526281
2024-02-21,PLUTO,300.982009,AQUARIUS,0.982009,0,0,0,0,0,0.02864753
2024-02-22,SUN,333.350127,PISCES,3.350127,0,0,0,0,0,1.00698268
2024-02-22,MERCURY,328.551437,AQUARIUS,28.551437,0,0,0,0,0,1.77815185
2024-02-22,VENUS,307.211616,AQUARIUS,7.211616,0,0,0,0,0,1.23724454
2024-02-22,MARS,307.119305,AQUARIUS,7.119305,0,0,0,0,0,0.77170892
2024-02-22,JUPITER,40.089239,TAURUS,10.089239,0,0,0,0,0,0.15580326
2024-02-22,SATURN,338.998142,PISCES,8.998142,0,0,0,0,0,0.12175393
2024-02-22,URANUS,49.38797,TAURUS,19.38797,0,0,0,0,0,0.02255456
2024-02-22,NEPTUNE,356.469546,PISCES,26.469546,0,0,0,0,0,0.03545874
2024-02-22,PLUTO,301.01053,AQUARIUS,1.01053,0,0,0,0,0,0.02839389
2024-02-23,SUN,334.356869,PISCES,4.356869,0,0,0,0,0,1.00649826
2024-02-23,MERCURY,330.337458,PISCES,0.337458,0,1,0,0,0,1.79390141
2024-02-23,VENUS,308.448895,AQUARIUS,8.448895,0,0,0,0,0,1.23731174
2024-02-23,MARS,307.891194,AQUARIUS,7.891194,0,0,0,0,0,0.77206793
2024-02-23,JUPITER,40.246076,TAURUS,10.246076,0,0,0,0,0,0.15786624
2024-02-23,SATURN,339.119947,PISCES,9.119947,0,0,0,0,0,0.1218539
2024-02-23,URANUS,49.410921,TAURUS,19.410921,0,0,0,0,0,0.02334585
2024-02-23,NEPTUNE,356.505099,PISCES,26.505099,0,0,0,0,0,0.03564649
2024-02-23,PLUTO,301.038795,AQUARIUS,1.038795,0,0,0,0,0,0.02813385
2024-02-24,SUN,335.36313,PISCES,5.36313,0,0,0,0,0,1.00602333
2024-02-24,MERCURY,332.139245,PISCES,2.139245,0,0,0,0,0,1.80967034
2024-02-24,VENUS,309.686242,AQUARIUS,9.686242,0,0,0,0,0,1.23738147
2024-02-24,MARS,308.663441,AQUARIUS,8.663441,0,0,0,0,0,0.77242514
2024-02-24,JUPITER,40.404962,TAURUS,10.404962,0,0,0,0,0,0.15989933
2024-02-24,SATURN,339.241844,PISCES,9.241844,0,0,0,0,0,0.1219381
2024-02-24,URANUS,49.434661,TAURUS,19.434661,0,0,0,0,0,0.02413282
2024-02-24,NEPTUNE,356.540836,PISCES,26.540836,0,0,0,0,0,0.03582793
2024-02-24,PLUTO,301.066796,AQUARIUS,1.066796,0,0,0,0,0,0.02786929
2024-02-25,SUN,336.368922,PISCES,6.368922,0,0,0,0,0,1.00555941
2024-02-25,MERCURY,333.956776,PISCES,3.956776,0,0,0,0,0,1.82537551
2024-02-25,VENUS,310.923661,AQUARIUS,10.923661,0,0,0,0,0,1.23745464
2024-02-25,MARS,309.436045,AQUARIUS,9.436045,0,0,0,0,0,0.77278147
2024-02-25,JUPITER,40.565866,TAURUS,10.565866,0,0,0,0,0,0.1619046
2024-02-25,SATURN,339.363819,PISCES,9.363819,0,0,0,0,0,0.12200771
2024-02-25,URANUS,49.459186,TAURUS,19.459186,0,0,0,0,0,0.02491691
2024-02-25,NEPTUNE,356.576753,PISCES,26.576753,0,0,0,0,0,0.03600453
2024-02-25,PLUTO,301.094532,AQUARIUS,1.094532,0,0,0,0,0,0.02760164
2024-02-26,SUN,337.374256,PISCES,7.374256,0,0,0,0,0,1.00510732
2024-02-26,MERCURY,335.789938,PISCES,5.789938,0,0,0,0,0,1.84091405
2024-02-26,VENUS,312.161155,AQUARIUS,12.161155,0,0,0,0,0,1.23753154
2024-02-26,MARS,310.209005,AQUARIUS,10.209005,0,0,0,0,0,0.77313724
2024-02-26,JUPITER,40.728763,TAURUS,10.728763,0,0,0,0,0,0.1638837
2024-02-26,SATURN,339.485855,PISCES,9.485855,0,0,0,0,0,0.12206205
2024-02-26,URANUS,49.484494,TAURUS,19.484494,0,0,0,0,0,0.02569912
2024-02-26,NEPTUNE,356.612844,PISCES,26.612844,0,0,0,0,0,0.03617735
2024-02-26,PLUTO,301.121999,AQUARIUS,1.121999,0,0,0,0,0,0.02733201
2024-02-27,SUN,338.379144,PISCES,8.379144,0,0,0,0,0,1.00466712
2024-02-27,MERCURY,337.638504,PISCES,7.638504,0,0,0,0,0,1.85615988
2024-02-27,VENUS,313.398728,AQUARIUS,13.398728,0,0,0,0,0,1.23761199
2024-02-27,MARS,310.982321,AQUARIUS,10.982321,0,0,0,0,0,0.77349227
2024-02-27,JUPITER,40.893626,TAURUS,10.893626,0,0,0,0,0,0.16583779
2024-02-27,SATURN,339.607936,PISCES,9.607936,0,0,0,0,0,0.12209404
2024-02-27,URANUS,49.510584,TAURUS,19.510584,0,0,0,0,0,0.02647997
2024-02-27,NEPTUNE,356.649107,PISCES,26.649107,0,0,0,0,0,0.03634699
2024-02-27,PLUTO,301.149195,AQUARIUS,1.149195,0,0,0,0,0,0.02706102
2024-02-28,SUN,339.383597,PISCES,9.383597,0,0,0,0,0,1.00423815
2024-02-28,MERCURY,339.502105,PISCES,9.502105,0,0,0,0,0,1.87095405
2024-02-28,VENUS,314.636383,AQUARIUS,14.636383,0,0,0,0,0,1.23769521
2024-02-28,MARS,311.755991,AQUARIUS,11.755991,0,0,0,0,0,0.77384576
2024-02-28,JUPITER,41.060431,TAURUS,11.060431,0,0,0,0,0,0.16776732
2024-02-28,SATURN,339.730032,PISCES,9.730032,0,0,0,0,0,0.12209589
2024-02-28,URANUS,49.537454,TAURUS,19.537454,0,0,0,0,0,0.02725944
2024-02-28,NEPTUNE,356.685537,PISCES,26.685537,0,0,0,0,0,0.03651347
2024-02-28,PLUTO,301.176121,AQUARIUS,1.176121,0,0,0,0,0,0.0267887
2024-02-29,SUN,340.387626,PISCES,10.387626,0,0,0,0,0,1.0038188
2024-02-29,MERCURY,341.380194,PISCES,11.380194,0,0,0,0,0,1.88510028
2024-02-29,VENUS,315.874121,AQUARIUS,15.874121,0,0,0,0,0,1.23777957
2024-02-29,MARS,312.530013,AQUARIUS,12.530013,0,0,0,0,0,0.77419601
2024-02-29,JUPITER,41.229153,TAURUS,11.229153,0,0,0,0,0,0.16967208
2024-02-29,SATURN,339.852136,PISCES,9.852136,0,0,0,0,0,0.12211818
2024-02-29,URANUS,49.565102,TAURUS,19.565102,0,0,0,0,0,0.02803678
2024-02-29,NEPTUNE,356.722133,PISCES,26.722133,0,0,0,0,0,0.03667608
2024-02-29,PLUTO,301.202773,AQUARIUS,1.202773,0,0,0,0,0,0.02651441
2024-03-01,SUN,341.39124,PISCES,11.39124,0,0,0,0,0,1.00340662
2024-03-01,MERCURY,343.272016,PISCES,13.272016,0,0,0,0,0,1.89838467
2024-03-01,VENUS,317.111944,AQUARIUS,17.111944,0,0,0,0,0,1.23786264
2024-03-01,MARS,313.304383,AQUARIUS,13.304383,0,0,0,0,0,0.77454069
2024-03-01,JUPITER,41.399768,TAURUS,11.399768,0,0,0,0,0,0.1715512
2024-03-01,SATURN,339.974271,PISCES,9.974271,0,0,0,0,0,0.12214528
2024-03-01,URANUS,49.593526,TAURUS,19.593526,0,0,0,0,0,0.02881062
2024-03-01,NEPTUNE,356.758888,PISCES,26.758888,0,0,0,0,0,0.03683349
2024-03-01,PLUTO,301.229149,AQUARIUS,1.229149,0,0,0,0,0,0.02623681
2024-03-02,SUN,342.394443,PISCES,12.394443,0,0,0,0,0,1.00299833
2024-03-02,MERCURY,345.176586,PISCES,15.176586,0,0,0,0,0,1.91054723
2024-03-02,VENUS,318.349848,AQUARIUS,18.349848,0,0,0,0,0,1.2379414
2024-03-02,MARS,314.079093,AQUARIUS,14.079093,0,0,0,0,0,0.77487673
2024-03-02,JUPITER,41.572248,TAURUS,11.572248,0,0,0,0,0,0.17340329
2024-03-02,SATURN,340.096415,PISCES,10.096415,0,0,0,0,0,0.12213708
2024-03-02,URANUS,49.622722,TAURUS,19.622722,0,0,0,0,0,0.02957915
2024-03-02,NEPTUNE,356.795798,PISCES,26.795798,0,0,0,0,0,0.03698395
2024-03-02,PLUTO,301.255245,AQUARIUS,1.255245,0,0,0,0,0,0.02595423
2024-03-03,SUN,343.397239,PISCES,13.397239,0,0,0,0,0,1.00258987
2024-03-03,MERCURY,347.09263,PISCES,17.09263,0,0,0,0,0,1.92127793
2024-03-03,VENUS,319.587827,AQUARIUS,19.587827,0,0,0,0,0,1.23801224
2024-03-03,MARS,314.854134,AQUARIUS,14.854134,0,0,0,0,0,0.77520059
2024-03-03,JUPITER,41.746566,TAURUS,11.746566,0,0,0,0,0,0.17522661
2024-03-03,SATURN,340.218538,PISCES,10.218538,0,0,0,0,0,0.12210263
2024-03-03,URANUS,49.652683,TAURUS,19.652683,0,0,0,0,0,0.03034024
2024-03-03,NEPTUNE,356.832854,PISCES,26.832854,0,0,0,0,0,0.03712534
2024-03-03,PLUTO,301.281056,AQUARIUS,1.281056,0,0,0,0,0,0.02566458
2024-03-04,SUN,344.399624,PISCES,14.399624,0,0,0,0,0,1.00217604
2024-03-04,MERCURY,349.018542,PISCES,19.018542,0,0,0,0,0,1.93021988
2024-03-04,VENUS,320.825871,AQUARIUS,20.825871,0,0,0,0,0,1.23807074
2024-03-04,MARS,315.629491,AQUARIUS,15.629491,0,0,0,0,0,0.775508
2024-03-04,JUPITER,41.922692,TAURUS,11.922692,0,0,0,0,0,0.17701879
2024-03-04,SATURN,340.340614,PISCES,10.340614,0,0,0,0,0,0.12204491
2024-03-04,URANUS,49.683399,TAURUS,19.683399,0,0,0,0,0,0.03109124
2024-03-04,NEPTUNE,356.870046,PISCES,26.870046,0,0,0,0,0,0.03725502
2024-03-04,PLUTO,301.306572,AQUARIUS,1.306572,0,0,0,0,0,0.0253653
2024-03-05,SUN,345.401589,PISCES,15.401589,0,0,0,0,0,1.00175066
2024-03-05,MERCURY,350.952333,PISCES,20.952333,0,0,0,0,0,1.93696565
2024-03-05,VENUS,322.063965,AQUARIUS,22.063965,0,0,0,0,0,1.23811193
2024-03-05,MARS,316.405145,AQUARIUS,16.405145,0,0,0,0,0,0.77579415
2024-03-05,JUPITER,42.100593,TAURUS,12.100593,0,0,0,0,0,0.17877687
2024-03-05,SATURN,340.46262,PISCES,10.46262,0,0,0,0,0,0.12196186
2024-03-05,URANUS,49.714861,TAURUS,19.714861,0,0,0,0,0,0.0318291
2024-03-05,NEPTUNE,356.90736,PISCES,26.90736,0,0,0,0,0,0.03736998
2024-03-05,PLUTO,301.331783,AQUARIUS,1.331783,0,0,0,0,0,0.02505347
2024-03-06,SUN,346.403121,PISCES,16.403121,0,0,0,0,0,1.00130737
2024-03-06,MERCURY,352.891582,PISCES,22.891582,0,0,0,0,0,1.94105646
2024-03-06,VENUS,323.302089,AQUARIUS,23.302089,0,0,0,0,0,1.23813109
2024-03-06,MARS,317.181072,AQUARIUS,17.181072,0,0,0,0,0,0.77605465
2024-03-06,JUPITER,42.280234,TAURUS,12.280234,0,0,0,0,0,0.1804983
2024-03-06,SATURN,340.584528,PISCES,10.584528,0,0,0,0,0,0.12185085
2024-03-06,URANUS,49.747053,TAURUS,19.747053,0,0,0,0,0,0.03255126
2024-03-06,NEPTUNE,356.94478,PISCES,26.94478,0,0,0,0,0,0.0374677
2024-03-06,PLUTO,301.356674,AQUARIUS,1.356674,0,0,0,0,0,0.02472668
2024-03-07,SUN,347.404199,PISCES,17.404199,0,0,0,0,0,1.0008412
2024-03-07,MERCURY,354.833385,PISCES,24.833385,0,0,0,0,0,1.94198472
2024-03-07,VENUS,324.540221,AQUARIUS,24.540221,0,0,0,0,0,1.23812558
2024-03-07,MARS,317.957246,AQUARIUS,17.957246,0,0,0,0,0,0.77628714
2024-03-07,JUPITER,42.461578,TAURUS,12.461578,0,0,0,0,0,0.18218225
2024-03-07,SATURN,340.706311,PISCES,10.706311,0,0,0,0,0,0.12171107
2024-03-07,URANUS,49.779958,TAURUS,19.779958,0,0,0,0,0,0.03325717
2024-03-07,NEPTUNE,356.982289,PISCES,26.982289,0,0,0,0,0,0.03754773
2024-03-07,PLUTO,301.38123,AQUARIUS,1.38123,0,0,0,0,0,0.02438458
2024-03-08,SUN,348.404798,PISCES,18.404798,0,0,0,0,0,1.00035029
2024-03-08,MERCURY,356.774307,PISCES,26.774307,0,0,0,0,0,1.93919982
2024-03-08,VENUS,325.778334,AQUARIUS,25.778334,0,0,0,0,0,1.23809628
2024-03-08,MARS,318.733638,AQUARIUS,18.733638,0,0,0,0,0,0.77649295
2024-03-08,JUPITER,42.644587,TAURUS,12.644587,0,0,0,0,0,0.18383095
2024-03-08,SATURN,340.827941,PISCES,10.827941,0,0,0,0,0,0.121545
2024-03-08,URANUS,49.813562,TAURUS,19.813562,0,0,0,0,0,0.03394953
2024-03-08,NEPTUNE,357.01987,PISCES,27.01987,0,0,0,0,0,0.03761296
2024-03-08,PLUTO,301.405438,AQUARIUS,1.405438,0,0,0,0,0,0.02403035
2024-03-09,SUN,349.404895,PISCES,19.404895,0,0,0,0,0,0.99983624
2024-03-09,MERCURY,358.710344,PISCES,28.710344,0,0,0,0,0,1.93211606
2024-03-09,VENUS,327.016408,AQUARIUS,27.016408,0,0,0,0,0,1.23804785
2024-03-09,MARS,319.510225,AQUARIUS,19.510225,0,0,0,0,0,0.77667708
2024-03-09,JUPITER,42.82923,TAURUS,12.82923,0,0,0,0,0,0.18544936
2024-03-09,SATURN,340.949394,PISCES,10.949394,0,0,0,0,0,0.1213583
2024-03-09,URANUS,49.847855,TAURUS,19.847855,0,0,0,0,0,0.03463399
2024-03-09,NEPTUNE,357.057512,PISCES,27.057512,0,0,0,0,0,0.03766929
2024-03-09,PLUTO,301.429288,AQUARIUS,1.429288,0,0,0,0,0,0.0236701
2024-03-10,SUN,350.404467,PISCES,20.404467,0,0,0,0,0,0.99930272
2024-03-10,MERCURY,0.636894,ARIES,0.636894,0,1,0,0,0,1.92012406
2024-03-10,VENUS,328.254428,AQUARIUS,28.254428,0,0,0,0,0,1.23798681
2024-03-10,MARS,320.286988,AQUARIUS,20.286988,0,0,0,0,0,0.77684619
2024-03-10,JUPITER,43.015478,TAURUS,13.015478,0,0,0,0,0,0.187043
2024-03-10,SATURN,341.070653,PISCES,11.070653,0,0,0,0,0,0.12115746
2024-03-10,URANUS,49.88283,TAURUS,19.88283,0,0,0,0,0,0.03531669
2024-03-10,NEPTUNE,357.095208,PISCES,27.095208,0,0,0,0,0,0.03772336
2024-03-10,PLUTO,301.452778,AQUARIUS,1.452778,0,0,0,0,0,0.02331074
2024-03-11,SUN,351.403498,PISCES,21.403498,0,0,0,0,0,0.9987532
2024-03-11,MERCURY,2.548741,ARIES,2.548741,0,0,0,0,0,1.90260553
2024-03-11,VENUS,329.492382,AQUARIUS,29.492382,0,0,0,0,0,1.23791884
2024-03-11,MARS,321.063916,AQUARIUS,21.063916,0,0,0,0,0,0.77700566
2024-03-11,JUPITER,43.203309,TAURUS,13.203309,0,0,0,0,0,0.18861499
2024-03-11,SATURN,341.191706,PISCES,11.191706,0,0,0,0,0,0.12094676
2024-03-11,URANUS,49.918489,TAURUS,19.918489,0,0,0,0,0,0.03600129
2024-03-11,NEPTUNE,357.132959,PISCES,27.132959,0,0,0,0,0,0.03777944
2024-03-11,PLUTO,301.475912,AQUARIUS,1.475912,0,0,0,0,0,0.02295678
2024-03-12,SUN,352.401973,PISCES,22.401973,0,0,0,0,0,0.99818927
2024-03-12,MERCURY,4.440051,ARIES,4.440051,0,0,0,0,0,1.87895389
2024-03-12,VENUS,330.730266,PISCES,0.730266,0,1,0,0,0,1.23784633
2024-03-12,MARS,321.840999,AQUARIUS,21.840999,0,0,0,0,0,0.77715743
2024-03-12,JUPITER,43.392702,TAURUS,13.392702,0,0,0,0,0,0.19016439
2024-03-12,SATURN,341.312543,PISCES,11.312543,0,0,0,0,0,0.12072633
2024-03-12,URANUS,49.954833,TAURUS,19.954833,0,0,0,0,0,0.03668711
2024-03-12,NEPTUNE,357.170768,PISCES,27.170768,0,0,0,0,0,0.03783748
2024-03-12,PLUTO,301.498694,AQUARIUS,1.498694,0,0,0,0,0,0.02260838
2024-03-13,SUN,353.399876,PISCES,23.399876,0,0,0,0,0,0.99761063
2024-03-13,MERCURY,6.304404,ARIES,6.304404,0,0,0,0,0,1.84860077
2024-03-13,VENUS,331.968075,PISCES,1.968075,0,0,0,0,0,1.23776872
2024-03-13,MARS,322.618229,AQUARIUS,22.618229,0,0,0,0,0,0.77730008
2024-03-13,JUPITER,43.58363,TAURUS,13.58363,0,0,0,0,0,0.19168664
2024-03-13,SATURN,341.433155,PISCES,11.433155,0,0,0,0,0,0.12049249
2024-03-13,URANUS,49.991862,TAURUS,19.991862,0,0,0,0,0,0.03736952
2024-03-13,NEPTUNE,357.208634,PISCES,27.208634,0,0,0,0,0,0.03789356
2024-03-13,PLUTO,301.52113,AQUARIUS,1.52113,0,0,0,0,0,0.02226156
2024-03-14,SUN,354.397193,PISCES,24.397193,0,0,0,0,0,0.99701654
2024-03-14,MERCURY,8.13484,ARIES,8.13484,0,0,0,0,0,1.81104602
2024-03-14,VENUS,333.205804,PISCES,3.205804,0,0,0,0,0,1.23768375
2024-03-14,MARS,323.395597,AQUARIUS,23.395597,0,0,0,0,0,0.77743056
2024-03-14,JUPITER,43.776065,TAURUS,13.776065,0,0,0,0,0,0.19317618
2024-03-14,SATURN,341.553523,PISCES,11.553523,0,0,0,0,0,0.12023993
2024-03-14,URANUS,50.02957,TAURUS,20.02957,0,0,0,0,0,0.03804241
2024-03-14,NEPTUNE,357.246554,PISCES,27.246554,0,0,0,0,0,0.03794209
2024-03-14,PLUTO,301.543217,AQUARIUS,1.543217,0,0,0,0,0,0.02191069
2024-03-15,SUN,355.393908,PISCES,25.393908,0,0,0,0,0,0.9964075
2024-03-15,MERCURY,9.923949,ARIES,9.923949,0,0,0,0,0,1.76588784
2024-03-15,VENUS,334.443443,PISCES,4.443443,0,0,0,0,0,1.23758998
2024-03-15,MARS,324.173087,AQUARIUS,24.173087,0,0,0,0,0,0.77754637
2024-03-15,JUPITER,43.969971,TAURUS,13.969971,0,0,0,0,0,0.19462872
2024-03-15,SATURN,341.673628,PISCES,11.673628,0,0,0,0,0,0.1199644
2024-03-15,URANUS,50.067943,TAURUS,20.067943,0,0,0,0,0,0.03870083
2024-03-15,NEPTUNE,357.284515,PISCES,27.284515,0,0,0,0,0,0.03797621
2024-03-15,PLUTO,301.564949,AQUARIUS,1.564949,0,0,0,0,0,0.02155115
2024-03-16,SUN,356.390008,PISCES,26.390008,0,0,0,0,0,0.99578585
2024-03-16,MERCURY,11.663976,ARIES,11.663976,0,0,0,0,0,1.71284837
2024-03-16,VENUS,335.680983,PISCES,5.680983,0,0,0,0,0,1.23748744
2024-03-16,MARS,324.950686,AQUARIUS,24.950686,0,0,0,0,0,0.77764692
2024-03-16,JUPITER,44.165311,TAURUS,14.165311,0,0,0,0,0,0.19604268
2024-03-16,SATURN,341.793445,PISCES,11.793445,0,0,0,0,0,0.11966399
2024-03-16,URANUS,50.106966,TAURUS,20.106966,0,0,0,0,0,0.03934234
2024-03-16,NEPTUNE,357.322495,PISCES,27.322495,0,0,0,0,0,0.03797055
2024-03-16,PLUTO,301.586316,AQUARIUS,1.586316,0,0,0,0,0,0.02118065
2024-03-17,SUN,357.385481,PISCES,27.385481,0,0,0,0,0,0.99515535
2024-03-17,MERCURY,13.346959,ARIES,13.346959,0,0,0,0,0,1.65179154
2024-03-17,VENUS,336.918417,PISCES,6.918417,0,0,0,0,0,1.23737788
2024-03-17,MARS,325.728378,AQUARIUS,25.728378,0,0,0,0,0,0.77773332
2024-03-17,JUPITER,44.362045,TAURUS,14.362045,0,0,0,0,0,0.19741884
2024-03-17,SATURN,341.912949,PISCES,11.912949,0,0,0,0,0,0.11933893
2024-03-17,URANUS,50.146622,TAURUS,20.146622,0,0,0,0,0,0.03996689
2024-03-17,NEPTUNE,357.360429,PISCES,27.360429,0,0,0,0,0,0.03790477
2024-03-17,PLUTO,301.607307,AQUARIUS,1.607307,0,0,0,0,0,0.02079913
2024-03-18,SUN,358.380322,PISCES,28.380322,0,0,0,0,0,0.99452026
2024-03-18,MERCURY,14.964877,ARIES,14.964877,0,0,0,0,0,1.58273186
2024-03-18,VENUS,338.155739,PISCES,8.155739,0,0,0,0,0,1.23726369
2024-03-18,MARS,326.50615,AQUARIUS,26.50615,0,0,0,0,0,0.77780751
2024-03-18,JUPITER,44.560137,TAURUS,14.560137,0,0,0,0,0,0.19875917
2024-03-18,SATURN,342.032116,PISCES,12.032116,0,0,0,0,0,0.11899065
2024-03-18,URANUS,50.186895,TAURUS,20.186895,0,0,0,0,0,0.04057558
2024-03-18,NEPTUNE,357.398362,PISCES,27.398362,0,0,0,0,0,0.03796393
2024-03-18,PLUTO,301.627911,AQUARIUS,1.627911,0,0,0,0,0,0.02040781
2024-03-19,SUN,359.374526,PISCES,29.374526,0,0,0,0,0,0.99388473
2024-03-19,MERCURY,16.509796,ARIES,16.509796,0,0,0,0,0,1.50583383
2024-03-19,VENUS,339.392946,PISCES,9.392946,0,0,0,0,0,1.23714742
2024-03-19,MARS,327.283991,AQUARIUS,27.283991,0,0,0,0,0,0.7778716
2024-03-19,JUPITER,44.759553,TAURUS,14.759553,0,0,0,0,0,0.20006613
2024-03-19,SATURN,342.150923,PISCES,12.150923,0,0,0,0,0,0.11862099
2024-03-19,URANUS,50.227769,TAURUS,20.227769,0,0,0,0,0,0.04117008
2024-03-19,NEPTUNE,357.436329,PISCES,27.436329,0,0,0,0,0,0.03795999
2024-03-19,PLUTO,301.64812,AQUARIUS,1.64812,0,0,0,0,0,0.0200083
2024-03-20,SUN,0.368097,ARIES,0.368097,0,1,0,0,0,0.99325272
2024-03-20,MERCURY,17.97402,ARIES,17.97402,0,0,0,0,0,1.42140277
2024-03-20,VENUS,340.630036,PISCES,10.630036,0,0,0,0,0,1.23703155
2024-03-20,MARS,328.061892,AQUARIUS,28.061892,0,0,0,0,0,0.77792773
2024-03-20,JUPITER,44.96026,TAURUS,14.96026,0,0,0,0,0,0.2013423
2024-03-20,SATURN,342.269351,PISCES,12.269351,0,0,0,0,0,0.11823189
2024-03-20,URANUS,50.269231,TAURUS,20.269231,0,0,0,0,0,0.04175219
2024-03-20,NEPTUNE,357.474272,PISCES,27.474272,0,0,0,0,0,0.03792355
2024-03-20,PLUTO,301.667925,AQUARIUS,1.667925,0,0,0,0,0,0.01960238
2024-03-21,SUN,1.361038,ARIES,1.361038,0,0,0,0,0,0.99262809
2024-03-21,MERCURY,19.35022,ARIES,19.35022,0,0,0,0,0,1.32986828
2024-03-21,VENUS,341.867012,PISCES,11.867012,0,0,0,0,0,1.23691863
2024-03-21,MARS,328.839846,AQUARIUS,28.839846,0,0,0,0,0,0.77797804
2024-03-21,JUPITER,45.162229,TAURUS,15.162229,0,0,0,0,0,0.20259036
2024-03-21,SATURN,342.387381,PISCES,12.387381,0,0,0,0,0,0.11782543
2024-03-21,URANUS,50.31127,TAURUS,20.31127,0,0,0,0,0,0.04232388
2024-03-21,NEPTUNE,357.512173,PISCES,27.512173,0,0,0,0,0,0.0378774
2024-03-21,PLUTO,301.687323,AQUARIUS,1.687323,0,0,0,0,0,0.01919208
2024-03-22,SUN,2.35336,ARIES,2.35336,0,0,0,0,0,0.99201427
2024-03-22,MERCURY,20.631553,ARIES,20.631553,0,0,0,0,0,1.23176337
2024-03-22,VENUS,343.103876,PISCES,13.103876,0,0,0,0,0,1.23681092
2024-03-22,MARS,329.617848,AQUARIUS,29.617848,0,0,0,0,0,0.7780245
2024-03-22,JUPITER,45.365433,TAURUS,15.365433,0,0,0,0,0,0.2038129
2024-03-22,SATURN,342.504996,PISCES,12.504996,0,0,0,0,0,0.1174036
2024-03-22,URANUS,50.353876,TAURUS,20.353876,0,0,0,0,0,0.04288707
2024-03-22,NEPTUNE,357.550025,PISCES,27.550025,0,0,0,0,0,0.03782527
2024-03-22,PLUTO,301.706308,AQUARIUS,1.706308,0,0,0,0,0,0.01877927
2024-03-23,SUN,3.345075,ARIES,3.345075,0,0,0,0,0,0.99141411
2024-03-23,MERCURY,21.811748,ARIES,21.811748,0,0,0,0,0,1.12770276
2024-03-23,VENUS,344.340637,PISCES,14.340637,0,0,0,0,0,1.23671025
2024-03-23,MARS,330.395895,PISCES,0.395895,0,1,0,0,0,0.77806855
2024-03-23,JUPITER,45.569848,TAURUS,15.569848,0,0,0,0,0,0.20501227
2024-03-23,SATURN,342.622183,PISCES,12.622183,0,0,0,0,0,0.11696808
2024-03-23,URANUS,50.397042,TAURUS,20.397042,0,0,0,0,0,0.04344337
2024-03-23,NEPTUNE,357.587822,PISCES,27.587822,0,0,0,0,0,0.03776865
2024-03-23,PLUTO,301.724881,AQUARIUS,1.724881,0,0,0,0,0,0.01836559
2024-03-24,SUN,4.336198,ARIES,4.336198,0,0,0,0,0,0.99082968
2024-03-24,MERCURY,22.885185,ARIES,22.885185,0,0,0,0,0,1.01836359
2024-03-24,VENUS,345.577301,PISCES,15.577301,0,0,0,0,0,1.23661783
2024-03-24,MARS,331.173986,PISCES,1.173986,0,0,0,0,0,0.77811112
2024-03-24,JUPITER,45.775451,TAURUS,15.775451,0,0,0,0,0,0.20619024
2024-03-24,SATURN,342.738928,PISCES,12.738928,0,0,0,0,0,0.11652005
2024-03-24,URANUS,50.440761,TAURUS,20.440761,0,0,0,0,0,0.04399395
2024-03-24,NEPTUNE,357.625561,PISCES,27.625561,0,0,0,0,0,0.03770849
2024-03-24,PLUTO,301.743039,AQUARIUS,1.743039,0,0,0,0,0,0.01795223
2024-03-25,SUN,5.326744,ARIES,5.326744,0,0,0,0,0,0.9902623
2024-03-25,MERCURY,23.846943,ARIES,23.846943,0,0,0,0,0,0.90447178
2024-03-25,VENUS,346.813878,PISCES,16.813878,0,0,0,0,0,1.23653431
2024-03-25,MARS,331.952118,PISCES,1.952118,0,0,0,0,0,0.77815246
2024-03-25,JUPITER,45.982222,TAURUS,15.982222,0,0,0,0,0,0.20734811
2024-03-25,SATURN,342.85522,PISCES,12.85522,0,0,0,0,0,0.11606018
2024-03-25,URANUS,50.485029,TAURUS,20.485029,0,0,0,0,0,0.04453951
2024-03-25,NEPTUNE,357.663238,PISCES,27.663238,0,0,0,0,0,0.03764532
2024-03-25,PLUTO,301.760785,AQUARIUS,1.760785,0,0,0,0,0,0.01753985
2024-03-26,SUN,6.316731,ARIES,6.316731,0,0,0,0,0,0.98971255
2024-03-26,MERCURY,24.692852,ARIES,24.692852,0,0,0,0,0,0.78679512
2024-03-26,VENUS,348.050375,PISCES,18.050375,0,0,0,0,0,1.23645971
2024-03-26,MARS,332.730292,PISCES,2.730292,0,0,0,0,0,0.77819229
2024-03-26,JUPITER,46.190142,TAURUS,16.190142,0,0,0,0,0,0.20848658
2024-03-26,SATURN,342.971045,PISCES,12.971045,0,0,0,0,0,0.11558862
2024-03-26,URANUS,50.529839,TAURUS,20.529839,0,0,0,0,0,0.04508026
2024-03-26,NEPTUNE,357.700851,PISCES,27.700851,0,0,0,0,0,0.03757927
2024-03-26,PLUTO,301.77812,AQUARIUS,1.77812,0,0,0,0,0,0.01712873
2024-03-27,SUN,7.306178,ARIES,7.306178,0,0,0,0,0,0.98918018
2024-03-27,MERCURY,25.419527,ARIES,25.419527,0,0,0,0,0,0.66614378
2024-03-27,VENUS,349.286802,PISCES,19.286802,0,0,0,0,0,1.23639325
2024-03-27,MARS,333.508504,PISCES,3.508504,0,0,0,0,0,0.77822954
2024-03-27,JUPITER,46.39919,TAURUS,16.39919,0,0,0,0,0,0.20960575
2024-03-27,SATURN,343.086394,PISCES,13.086394,0,0,0,0,0,0.11510486
2024-03-27,URANUS,50.575188,TAURUS,20.575188,0,0,0,0,0,0.04561581
2024-03-27,NEPTUNE,357.738396,PISCES,27.738396,0,0,0,0,0,0.03750989
2024-03-27,PLUTO,301.795044,AQUARIUS,1.795044,0,0,0,0,0,0.01671844
2024-03-28,SUN,8.2951,ARIES,8.2951,0,0,0,0,0,0.98866383
2024-03-28,MERCURY,26.024419,ARIES,26.024419,0,0,0,0,0,0.54337705
2024-03-28,VENUS,350.523166,PISCES,20.523166,0,0,0,0,0,1.23633328
2024-03-28,MARS,334.286751,PISCES,4.286751,0,0,0,0,0,0.77826219
2024-03-28,JUPITER,46.609348,TAURUS,16.609348,0,0,0,0,0,0.21070494
2024-03-28,SATURN,343.201252,PISCES,13.201252,0,0,0,0,0,0.11460766
2024-03-28,URANUS,50.621069,TAURUS,20.621069,0,0,0,0,0,0.04614497
2024-03-28,NEPTUNE,357.77587,PISCES,27.77587,0,0,0,0,0,0.03743596
2024-03-28,PLUTO,301.811557,AQUARIUS,1.811557,0,0,0,0,0,0.0163078
2024-03-29,SUN,9.283513,ARIES,9.283513,0,0,0,0,0,0.98816111
2024-03-29,MERCURY,26.505867,ARIES,26.505867,0,0,0,0,0,0.41941543
2024-03-29,VENUS,351.759473,PISCES,21.759473,0,0,0,0,0,1.23627724
2024-03-29,MARS,335.065028,PISCES,5.065028,0,0,0,0,0,0.7782873
2024-03-29,JUPITER,46.820594,TAURUS,16.820594,0,0,0,0,0,0.21178272
2024-03-29,SATURN,343.315605,PISCES,13.315605,0,0,0,0,0,0.11409495
2024-03-29,URANUS,50.667476,TAURUS,20.667476,0,0,0,0,0,0.04666592
2024-03-29,NEPTUNE,357.813267,PISCES,27.813267,0,0,0,0,0,0.03735561
2024-03-29,PLUTO,301.82766,AQUARIUS,1.82766,0,0,0,0,0,0.01589505
2024-03-30,SUN,10.271428,ARIES,10.271428,0,0,0,0,0,0.98766879
2024-03-30,MERCURY,26.863167,ARIES,26.863167,0,0,0,0,0,0.29525516
2024-03-30,VENUS,352.995724,PISCES,22.995724,0,0,0,0,0,1.236222
2024-03-30,MARS,335.843324,PISCES,5.843324,0,0,0,0,0,0.77830144
2024-03-30,JUPITER,47.032907,TAURUS,17.032907,0,0,0,0,0,0.21283715
2024-03-30,SATURN,343.429437,PISCES,13.429437,0,0,0,0,0,0.11356432
2024-03-30,URANUS,50.714398,TAURUS,20.714398,0,0,0,0,0,0.04717639
2024-03-30,NEPTUNE,357.85058,PISCES,27.85058,0,0,0,0,0,0.03726657
2024-03-30,PLUTO,301.843347,AQUARIUS,1.843347,0,0,0,0,0,0.01547795
2024-03-31,SUN,11.258855,ARIES,11.258855,0,0,0,0,0,0.98718306
2024-03-31,MERCURY,27.096657,ARIES,27.096657,0,0,0,0,0,0.17198205
2024-03-31,VENUS,354.231918,PISCES,24.231918,0,0,0,0,0,1.23616399
2024-03-31,MARS,336.621628,PISCES,6.621628,0,0,0,0,0,0.77830084
2024-03-31,JUPITER,47.246261,TAURUS,17.246261,0,0,0,0,0,0.21386626
2024-03-31,SATURN,343.542728,PISCES,13.542728,0,0,0,0,0,0.1130132
2024-03-31,URANUS,50.761825,TAURUS,20.761825,0,0,0,0,0,0.04767416
2024-03-31,NEPTUNE,357.887798,PISCES,27.887798,0,0,0,0,0,0.03716653
2024-03-31,PLUTO,301.858614,AQUARIUS,1.858614,0,0,0,0,0,0.01505428
2024-04-01,SUN,12.245798,ARIES,12.245798,0,0,0,0,0,0.9866997
2024-04-01,MERCURY,27.207808,ARIES,27.207808,0,0,0,0,0,0.05078152
2024-04-01,VENUS,355.468052,PISCES,25.468052,0,0,0,0,0,1.23609964
2024-04-01,MARS,337.399922,PISCES,7.399922,0,0,0,0,0,0.77828163
2024-04-01,JUPITER,47.460631,TAURUS,17.460631,0,0,0,0,0,0.21486795
2024-04-01,SATURN,343.655456,PISCES,13.655456,0,0,0,0,0,0.11243918
2024-04-01,URANUS,50.809742,TAURUS,20.809742,0,0,0,0,0,0.04815702
2024-04-01,NEPTUNE,357.924909,PISCES,27.924909,0,0,0,0,0,0.03705328
2024-04-01,PLUTO,301.873453,AQUARIUS,1.873453,0,0,0,0,0,0.01462191
2024-04-02,SUN,13.232256,ARIES,13.232256,0,0,0,0,0,0.98621424
2024-04-02,MERCURY,27.199327,ARIES,27.199327,1,0,1,0,1,-0.06705828
2024-04-02,VENUS,356.704116,PISCES,26.704116,0,0,0,0,0,1.23602537
2024-04-02,MARS,338.178185,PISCES,8.178185,0,0,0,0,0,0.77824019
2024-04-02,JUPITER,47.675988,TAURUS,17.675988,0,0,0,0,0,0.21584036
2024-04-02,SATURN,343.767598,PISCES,13.767598,0,0,0,0,0,0.11184002
2024-04-02,URANUS,50.858133,TAURUS,20.858133,0,0,0,0,0,0.04862308
2024-04-02,NEPTUNE,357.9619,PISCES,27.9619,0,0,0,0,0,0.03692495
2024-04-02,PLUTO,301.887854,AQUARIUS,1.887854,0,0,0,0,0,0.01417904
2024-04-03,SUN,14.218226,ARIES,14.218226,0,0,0,0,0,0.98572256
2024-04-03,MERCURY,27.075261,ARIES,27.075261,1,0,0,0,0,-0.18015321
2024-04-03,VENUS,357.9401,PISCES,27.9401,0,0,0,0,0,1.23593835
2024-04-03,MARS,338.956395,PISCES,8.956395,0,0,0,0,0,0.77817366
2024-04-03,JUPITER,47.892302,TAURUS,17.892302,0,0,0,0,0,0.21678255
2024-04-03,SATURN,343.879128,PISCES,13.879128,0,0,0,0,0,0.11121456
2024-04-03,URANUS,50.906982,TAURUS,20.906982,0,0,0,0,0,0.04907147
2024-04-03,NEPTUNE,357.998754,PISCES,27.998754,0,0,0,0,0,0.03678067
2024-04-03,PLUTO,301.901807,AQUARIUS,1.901807,0,0,0,0,0,0.013725
2024-04-04,SUN,15.2037,ARIES,15.2037,0,0,0,0,0,0.98522176
2024-04-04,MERCURY,26.841079,ARIES,26.841079,1,0,0,0,0,-0.28704201
2024-04-04,VENUS,359.17599,PISCES,29.17599,0,0,0,0,0,1.23583749
2024-04-04,MARS,339.734525,PISCES,9.734525,0,0,0,0,0,0.77808119
2024-04-04,JUPITER,48.109544,TAURUS,18.109544,0,0,0,0,0,0.21769535
2024-04-04,SATURN,343.990019,PISCES,13.990019,0,0,0,0,0,0.11056368
2024-04-04,URANUS,50.956271,TAURUS,20.956271,0,0,0,0,0,0.04950334
2024-04-04,NEPTUNE,358.035456,PISCES,28.035456,0,0,0,0,0,0.03662163
2024-04-04,PLUTO,301.915301,AQUARIUS,1.915301,0,0,0,0,0,0.01326112
2024-04-05,SUN,16.188669,ARIES,16.188669,0,0,0,0,0,0.98471087
2024-04-05,MERCURY,26.503739,ARIES,26.503739,1,0,0,0,0,-0.38621951
2024-04-05,VENUS,0.411772,ARIES,0.411772,0,1,0,0,0,1.23572412
2024-04-05,MARS,340.51255,PISCES,10.51255,0,0,0,0,0,0.77796464
2024-04-05,JUPITER,48.327685,TAURUS,18.327685,0,0,0,0,0,0.21858201
2024-04-05,SATURN,344.100247,PISCES,14.100247,0,0,0,0,0,0.10989088
2024-04-05,URANUS,51.005985,TAURUS,21.005985,0,0,0,0,0,0.04992233
2024-04-05,NEPTUNE,358.071993,PISCES,28.071993,0,0,0,0,0,0.03645165
2024-04-05,PLUTO,301.928327,AQUARIUS,1.928327,0,0,0,0,0,0.01279145
2024-04-06,SUN,17.173121,ARIES,17.173121,0,0,0,0,0,0.98419048
2024-04-06,MERCURY,26.071704,ARIES,26.071704,1,0,0,0,0,-0.47618453
2024-04-06,VENUS,1.647436,ARIES,1.647436,0,0,0,0,0,1.23560168
2024-04-06,MARS,341.290448,PISCES,11.290448,0,0,0,0,0,0.77782813
2024-04-06,JUPITER,48.546702,TAURUS,18.546702,0,0,0,0,0,0.2194474
2024-04-06,SATURN,344.209795,PISCES,14.209795,0,0,0,0,0,0.10920168
2024-04-06,URANUS,51.056114,TAURUS,21.056114,0,0,0,0,0,0.05033397
2024-04-06,NEPTUNE,358.108357,PISCES,28.108357,0,0,0,0,0,0.03627648
2024-04-06,PLUTO,301.940883,AQUARIUS,1.940883,0,0,0,0,0,0.01232204
2024-04-07,SUN,18.157049,ARIES,18.157049,0,0,0,0,0,0.98366137
2024-04-07,MERCURY,25.554914,ARIES,25.554914,1,0,0,0,0,-0.5555005
2024-04-07,VENUS,2.882975,ARIES,2.882975,0,0,0,0,0,1.23547373
2024-04-07,MARS,342.068203,PISCES,12.068203,0,0,0,0,0,0.77767629
2024-04-07,JUPITER,48.766575,TAURUS,18.766575,0,0,0,0,0,0.22029592
2024-04-07,SATURN,344.318647,PISCES,14.318647,0,0,0,0,0,0.1085014
2024-04-07,URANUS,51.106652,TAURUS,21.106652,0,0,0,0,0,0.0507433
2024-04-07,NEPTUNE,358.144546,PISCES,28.144546,0,0,0,0,0,0.03610152
2024-04-07,PLUTO,301.952973,AQUARIUS,1.952973,0,0,0,0,0,0.01185857
2024-04-08,SUN,19.140444,ARIES,19.140444,0,0,0,0,0,0.98312281
2024-04-08,MERCURY,24.964683,ARIES,24.964683,1,0,0,0,0,-0.62286428
2024-04-08,VENUS,4.118384,ARIES,4.118384,0,0,0,0,0,1.23534212
2024-04-08,MARS,342.845799,PISCES,12.845799,0,0,0,0,0,0.77751189
2024-04-08,JUPITER,48.987289,TAURUS,18.987289,0,0,0,0,0,0.22112903
2024-04-08,SATURN,344.426795,PISCES,14.426795,0,0,0,0,0,0.10779268
2024-04-08,URANUS,51.1576,TAURUS,21.1576,0,0,0,0,0,0.05115236
2024-04-08,NEPTUNE,358.180562,PISCES,28.180562,0,0,0,0,0,0.03592926
2024-04-08,PLUTO,301.964603,AQUARIUS,1.964603,0,0,0,0,0,0.01140383
2024-04-09,SUN,20.123294,ARIES,20.123294,0,0,0,0,0,0.98257206
2024-04-09,MERCURY,24.313533,ARIES,24.313533,1,0,0,0,0,-0.67717572
2024-04-09,VENUS,5.35366,ARIES,5.35366,0,0,0,0,0,1.23520562
2024-04-09,MARS,343.623224,PISCES,13.623224,0,0,0,0,0,0.77733458
2024-04-09,JUPITER,49.208828,TAURUS,19.208828,0,0,0,0,0,0.22194412
2024-04-09,SATURN,344.53423,PISCES,14.53423,0,0,0,0,0,0.10707402
2024-04-09,URANUS,51.208957,TAURUS,21.208957,0,0,0,0,0,0.05155888
2024-04-09,NEPTUNE,358.216406,PISCES,28.216406,0,0,0,0,0,0.03575789
2024-04-09,PLUTO,301.975783,AQUARIUS,1.975783,0,0,0,0,0,0.01095635
2024-04-10,SUN,21.105586,ARIES,21.105586,0,0,0,0,0,0.98200538
2024-04-10,MERCURY,23.614957,ARIES,23.614957,1,0,0,0,0,-0.71760246
2024-04-10,VENUS,6.588795,ARIES,6.588795,0,0,0,0,0,1.23506098
2024-04-10,MARS,344.400465,PISCES,14.400465,0,0,0,0,0,0.77714146
2024-04-10,JUPITER,49.431171,TAURUS,19.431171,0,0,0,0,0,0.22273564
2024-04-10,SATURN,344.64094,PISCES,14.64094,0,0,0,0,0,0.1063407
2024-04-10,URANUS,51.260716,TAURUS,21.260716,0,0,0,0,0,0.0519573
2024-04-10,NEPTUNE,358.252077,PISCES,28.252077,0,0,0,0,0,0.03558228
2024-04-10,PLUTO,301.986518,AQUARIUS,1.986518,0,0,0,0,0,0.01051118
2024-04-11,SUN,22.087303,ARIES,22.087303,0,0,0,0,0,0.98142009
2024-04-11,MERCURY,22.883126,ARIES,22.883126,1,0,0,0,0,-0.74363226
2024-04-11,VENUS,7.823781,ARIES,7.823781,0,0,0,0,0,1.23490475
2024-04-11,MARS,345.177503,PISCES,15.177503,0,0,0,0,0,0.77692921
2024-04-11,JUPITER,49.654291,TAURUS,19.654291,0,0,0,0,0,0.22349758
2024-04-11,SATURN,344.746906,PISCES,14.746906,0,0,0,0,0,0.10558726
2024-04-11,URANUS,51.312867,TAURUS,21.312867,0,0,0,0,0,0.0523414
2024-04-11,NEPTUNE,358.287568,PISCES,28.287568,0,0,0,0,0,0.03539648
2024-04-11,PLUTO,301.996806,AQUARIUS,1.996806,0,0,0,0,0,0.01006244
2024-04-12,SUN,23.068424,ARIES,23.068424,0,0,0,0,0,0.98081633
2024-04-12,MERCURY,22.132545,ARIES,22.132545,1,0,0,0,0,-0.75510845
2024-04-12,VENUS,9.058603,ARIES,9.058603,0,0,0,0,0,1.23473552
2024-04-12,MARS,345.954318,PISCES,15.954318,0,0,0,0,0,0.77669619
2024-04-12,JUPITER,49.878156,TAURUS,19.878156,0,0,0,0,0,0.22422614
2024-04-12,SATURN,344.852108,PISCES,14.852108,0,0,0,0,0,0.10480989
2024-04-12,URANUS,51.365393,TAURUS,21.365393,0,0,0,0,0,0.05270676
2024-04-12,NEPTUNE,358.322867,PISCES,28.322867,0,0,0,0,0,0.03519625
2024-04-12,PLUTO,302.006641,AQUARIUS,2.006641,0,0,0,0,0,0.00960592
2024-04-13,SUN,24.048934,ARIES,24.048934,0,0,0,0,0,0.98019721
2024-04-13,MERCURY,21.377692,ARIES,21.377692,1,0,0,0,0,-0.75224366
2024-04-13,VENUS,10.29325,ARIES,10.29325,0,0,0,0,0,1.23455467
2024-04-13,MARS,346.730891,PISCES,16.730891,0,0,0,0,0,0.77644315
2024-04-13,JUPITER,50.102733,TAURUS,20.102733,0,0,0,0,0,0.22492058
2024-04-13,SATURN,344.956519,PISCES,14.956519,0,0,0,0,0,0.10400764
2024-04-13,URANUS,51.418274,TAURUS,21.418274,0,0,0,0,0,0.05305204
2024-04-13,NEPTUNE,358.357956,PISCES,28.357956,0,0,0,0,0,0.03498029
2024-04-13,PLUTO,302.016015,AQUARIUS,2.016015,0,0,0,0,0,0.00914031
2024-04-14,SUN,25.02882,ARIES,25.02882,0,0,0,0,0,0.97956789
2024-04-14,MERCURY,20.632651,ARIES,20.632651,1,0,0,0,0,-0.73560932
2024-04-14,VENUS,11.527712,ARIES,11.527712,0,0,0,0,0,1.23436533
2024-04-14,MARS,347.507201,PISCES,17.507201,0,0,0,0,0,0.77617278
2024-04-14,JUPITER,50.327988,TAURUS,20.327988,0,0,0,0,0,0.22558271
2024-04-14,SATURN,345.060116,PISCES,15.060116,0,0,0,0,0,0.10318188
2024-04-14,URANUS,51.471491,TAURUS,21.471491,0,0,0,0,0,0.05337826
2024-04-14,NEPTUNE,358.392823,PISCES,28.392823,0,0,0,0,0,0.03474969
2024-04-14,PLUTO,302.024919,AQUARIUS,2.024919,0,0,0,0,0,0.00866663
2024-04-15,SUN,26.008073,ARIES,26.008073,0,0,0,0,0,0.97893404
2024-04-15,MERCURY,19.910769,ARIES,19.910769,1,0,0,0,0,-0.70610095
2024-04-15,VENUS,12.761981,ARIES,12.761981,0,0,0,0,0,1.23417152
2024-04-15,MARS,348.283233,PISCES,18.283233,0,0,0,0,0,0.7758884
2024-04-15,JUPITER,50.553889,TAURUS,20.553889,0,0,0,0,0,0.22621542
2024-04-15,SATURN,345.162876,PISCES,15.162876,0,0,0,0,0,0.10233502
2024-04-15,URANUS,51.525026,TAURUS,21.525026,0,0,0,0,0,0.05368773
2024-04-15,NEPTUNE,358.427452,PISCES,28.427452,0,0,0,0,0,0.0345067
2024-04-15,PLUTO,302.033347,AQUARIUS,2.033347,0,0,0,0,0,0.00818709
2024-04-16,SUN,26.986692,ARIES,26.986692,0,0,0,0,0,0.97830094
2024-04-16,MERCURY,19.224358,ARIES,19.224358,1,0,0,0,0,-0.66488288
2024-04-16,VENUS,13.996056,ARIES,13.996056,0,0,0,0,0,1.23397698
2024-04-16,MARS,349.058975,PISCES,19.058975,0,0,0,0,0,0.77559322
2024-04-16,JUPITER,50.78041,TAURUS,20.78041,0,0,0,0,0,0.22682176
2024-04-16,SATURN,345.264779,PISCES,15.264779,0,0,0,0,0,0.10146957
2024-04-16,URANUS,51.578862,TAURUS,21.578862,0,0,0,0,0,0.05398279
2024-04-16,NEPTUNE,358.461833,PISCES,28.461833,0,0,0,0,0,0.03425368
2024-04-16,PLUTO,302.041292,AQUARIUS,2.041292,0,0,0,0,0,0.00770398
2024-04-17,SUN,27.964681,ARIES,27.964681,0,0,0,0,0,0.97767328
2024-04-17,MERCURY,18.584457,ARIES,18.584457,1,0,0,0,0,-0.61331873
2024-04-17,VENUS,15.229937,ARIES,15.229937,0,0,0,0,0,1.23378503
2024-04-17,MARS,349.834418,PISCES,19.834418,0,0,0,0,0,0.77528994
2024-04-17,JUPITER,51.007526,TAURUS,21.007526,0,0,0,0,0,0.22740453
2024-04-17,SATURN,345.365809,PISCES,15.365809,0,0,0,0,0,0.10058777
2024-04-17,URANUS,51.632988,TAURUS,21.632988,0,0,0,0,0,0.05426564
2024-04-17,NEPTUNE,358.495957,PISCES,28.495957,0,0,0,0,0,0.03399278
2024-04-17,PLUTO,302.048754,AQUARIUS,2.048754,0,0,0,0,0,0.00721942
2024-04-18,SUN,28.942046,ARIES,28.942046,0,0,0,0,0,0.97705517
2024-04-18,MERCURY,18.000678,ARIES,18.000678,1,0,0,0,0,-0.55289583
2024-04-18,VENUS,16.463629,ARIES,16.463629,0,0,0,0,0,1.23359849
2024-04-18,MARS,350.609554,PISCES,20.609554,0,0,0,0,0,0.77498091
2024-04-18,JUPITER,51.235213,TAURUS,21.235213,0,0,0,0,0,0.22796623
2024-04-18,SATURN,345.46595,PISCES,15.46595,0,0,0,0,0,0.0996916
2024-04-18,URANUS,51.68739,TAURUS,21.68739,0,0,0,0,0,0.05453824
2024-04-18,NEPTUNE,358.529817,PISCES,28.529817,0,0,0,0,0,0.03372594
2024-04-18,PLUTO,302.055731,AQUARIUS,2.055731,0,0,0,0,0,0.00673533
2024-04-19,SUN,29.9188,ARIES,29.9188,0,0,0,0,0,0.97645024
2024-04-19,MERCURY,17.481111,ARIES,17.481111,1,0,0,0,0,-0.48515123
2024-04-19,VENUS,17.697138,ARIES,17.697138,0,0,0,0,0,1.23341997
2024-04-19,MARS,351.38438,PISCES,21.38438,0,0,0,0,0,0.77466809
2024-04-19,JUPITER,51.463453,TAURUS,21.463453,0,0,0,0,0,0.22850919
2024-04-19,SATURN,345.565188,PISCES,15.565188,0,0,0,0,0,0.09878284
2024-04-19,URANUS,51.742062,TAURUS,21.742062,0,0,0,0,0,0.05480232
2024-04-19,NEPTUNE,358.563407,PISCES,28.563407,0,0,0,0,0,0.03345485
2024-04-19,PLUTO,302.062224,AQUARIUS,2.062224,0,0,0,0,0,0.0062534
2024-04-20,SUN,30.894956,TAURUS,0.894956,0,1,0,0,0,0.97586152
2024-04-20,MERCURY,17.032313,ARIES,17.032313,1,0,0,0,0,-0.41160548
2024-04-20,VENUS,18.930474,ARIES,18.930474,0,0,0,0,0,1.23325145
2024-04-20,MARS,352.158891,PISCES,22.158891,0,0,0,0,0,0.774353
2024-04-20,JUPITER,51.692227,TAURUS,21.692227,0,0,0,0,0,0.22903519
2024-04-20,SATURN,345.663512,PISCES,15.663512,0,0,0,0,0,0.09786284
2024-04-20,URANUS,51.796993,TAURUS,21.796993,0,0,0,0,0,0.05505924
2024-04-20,NEPTUNE,358.596725,PISCES,28.596725,0,0,0,0,0,0.03318088
2024-04-20,PLUTO,302.068238,AQUARIUS,2.068238,0,0,0,0,0,0.0057749
2024-04-21,SUN,31.870533,TAURUS,1.870533,0,0,0,0,0,0.97529136
2024-04-21,MERCURY,16.659355,ARIES,16.659355,1,0,0,0,0,-0.33370753
2024-04-21,VENUS,20.163646,ARIES,20.163646,0,0,0,0,0,1.23309445
2024-04-21,MARS,352.933087,PISCES,22.933087,0,0,0,0,0,0.77403658
2024-04-21,JUPITER,51.921519,TAURUS,21.921519,0,0,0,0,0,0.22954564
2024-04-21,SATURN,345.760911,PISCES,15.760911,0,0,0,0,0,0.09693243
2024-04-21,URANUS,51.852178,TAURUS,21.852178,0,0,0,0,0,0.05530989
2024-04-21,NEPTUNE,358.629769,PISCES,28.629769,0,0,0,0,0,0.03290489
2024-04-21,PLUTO,302.073776,AQUARIUS,2.073776,0,0,0,0,0,0.00530075
2024-04-22,SUN,32.84555,TAURUS,2.84555,0,0,0,0,0,0.97474148
2024-04-22,MERCURY,16.365909,ARIES,16.365909,1,0,0,0,0,-0.25279337
2024-04-22,VENUS,21.396669,ARIES,21.396669,0,0,0,0,0,1.23294986
2024-04-22,MARS,353.706966,PISCES,23.706966,0,0,0,0,0,0.77371914
2024-04-22,JUPITER,52.151314,TAURUS,22.151314,0,0,0,0,0,0.23004131
2024-04-22,SATURN,345.857374,PISCES,15.857374,0,0,0,0,0,0.09599196
2024-04-22,URANUS,51.907611,TAURUS,21.907611,0,0,0,0,0,0.05555468
2024-04-22,NEPTUNE,358.662535,PISCES,28.662535,0,0,0,0,0,0.03262722
2024-04-22,PLUTO,302.078842,AQUARIUS,2.078842,0,0,0,0,0,0.00483126
2024-04-23,SUN,33.820027,TAURUS,3.820027,0,0,0,0,0,0.97421294
2024-04-23,MERCURY,16.15438,ARIES,16.15438,1,0,0,0,0,-0.17005835
2024-04-23,VENUS,22.629552,ARIES,22.629552,0,0,0,0,0,1.23281793
2024-04-23,MARS,354.480526,PISCES,24.480526,0,0,0,0,0,0.77340034
2024-04-23,JUPITER,52.381598,TAURUS,22.381598,0,0,0,0,0,0.23052246
2024-04-23,SATURN,345.952892,PISCES,15.952892,0,0,0,0,0,0.09504112
2024-04-23,URANUS,51.963286,TAURUS,21.963286,0,0,0,0,0,0.05579337
2024-04-23,NEPTUNE,358.695023,PISCES,28.695023,0,0,0,0,0,0.03234766
2024-04-23,PLUTO,302.08344,AQUARIUS,2.08344,0,0,0,0,0,0.00436622
2024-04-24,SUN,34.793986,TAURUS,4.793986,0,0,0,0,0,0.97370595
2024-04-24,MERCURY,16.026058,ARIES,16.026058,1,0,0,0,0,-0.08654258
2024-04-24,VENUS,23.862311,ARIES,23.862311,0,0,0,0,0,1.23269822
2024-04-24,MARS,355.253767,PISCES,25.253767,0,0,0,0,0,0.77307892
2024-04-24,JUPITER,52.612355,TAURUS,22.612355,0,0,0,0,0,0.2309886
2024-04-24,SATURN,346.047454,PISCES,16.047454,0,0,0,0,0,0.09407896
2024-04-24,URANUS,52.019196,TAURUS,22.019196,0,0,0,0,0,0.05602512
2024-04-24,NEPTUNE,358.727231,PISCES,28.727231,0,0,0,0,0,0.03206529
2024-04-24,PLUTO,302.087576,AQUARIUS,2.087576,0,0,0,0,0,0.00390472
2024-04-25,SUN,35.767449,TAURUS,5.767449,0,0,0,0,0,0.97321958
2024-04-25,MERCURY,15.981269,ARIES,15.981269,1,0,0,0,0,-0.00312717
2024-04-25,VENUS,25.094955,ARIES,25.094955,0,0,0,0,0,1.23258916
2024-04-25,MARS,356.026685,PISCES,26.026685,0,0,0,0,0,0.7727526
2024-04-25,JUPITER,52.843571,TAURUS,22.843571,0,0,0,0,0,0.23143844
2024-04-25,SATURN,346.141047,PISCES,16.141047,0,0,0,0,0,0.09310362
2024-04-25,URANUS,52.075334,TAURUS,22.075334,0,0,0,0,0,0.05624831
2024-04-25,NEPTUNE,358.759153,PISCES,28.759153,0,0,0,0,0,0.03177845
2024-04-25,PLUTO,302.091251,AQUARIUS,2.091251,0,0,0,0,0,0.00344508
2024-04-26,SUN,36.740434,TAURUS,6.740434,0,0,0,0,0,0.97275175
2024-04-26,MERCURY,16.019536,ARIES,16.019536,0,0,0,1,1,0.07946181
2024-04-26,VENUS,26.327494,ARIES,26.327494,0,0,0,0,0,1.23248828
2024-04-26,MARS,356.799272,PISCES,26.799272,0,0,0,0,0,0.77241812
2024-04-26,JUPITER,53.075227,TAURUS,23.075227,0,0,0,0,0,0.23186996
2024-04-26,SATURN,346.233657,PISCES,16.233657,0,0,0,0,0,0.09211255
2024-04-26,URANUS,52.13169,TAURUS,22.13169,0,0,0,0,0,0.0564606
2024-04-26,NEPTUNE,358.790786,PISCES,28.790786,0,0,0,0,0,0.03148477
2024-04-26,PLUTO,302.094467,AQUARIUS,2.094467,0,0,0,0,0,0.002985
2024-04-27,SUN,37.71296,TAURUS,7.71296,0,0,0,0,0,0.97229953
2024-04-27,MERCURY,16.139731,ARIES,16.139731,0,0,0,0,0,0.16064377
2024-04-27,VENUS,27.559935,ARIES,27.559935,0,0,0,0,0,1.23239261
2024-04-27,MARS,357.571519,PISCES,27.571519,0,0,0,0,0,0.77207159
2024-04-27,JUPITER,53.307305,TAURUS,23.307305,0,0,0,0,0,0.23228076
2024-04-27,SATURN,346.325267,PISCES,16.325267,0,0,0,0,0,0.09110293
2024-04-27,URANUS,52.188251,TAURUS,22.188251,0,0,0,0,0,0.05665946
2024-04-27,NEPTUNE,358.822121,PISCES,28.822121,0,0,0,0,0,0.03118164
2024-04-27,PLUTO,302.097221,AQUARIUS,2.097221,0,0,0,0,0,0.00252191
2024-04-28,SUN,38.68504,TAURUS,8.68504,0,0,0,0,0,0.97185962
2024-04-28,MERCURY,16.340213,ARIES,16.340213,0,0,0,0,0,0.2399704
2024-04-28,VENUS,28.792282,ARIES,28.792282,0,0,0,0,0,1.23229905
2024-04-28,MARS,358.343412,PISCES,28.343412,0,0,0,0,0,0.77170932
2024-04-28,JUPITER,53.539782,TAURUS,23.539782,0,0,0,0,0,0.23266864
2024-04-28,SATURN,346.415857,PISCES,16.415857,0,0,0,0,0,0.09007214
2024-04-28,URANUS,52.245004,TAURUS,22.245004,0,0,0,0,0,0.05684266
2024-04-28,NEPTUNE,358.853146,PISCES,28.853146,0,0,0,0,0,0.03086675
2024-04-28,PLUTO,302.09951,AQUARIUS,2.09951,0,0,0,0,0,0.00205352
2024-04-29,SUN,39.656685,TAURUS,9.656685,0,0,0,0,0,0.97142889
2024-04-29,MERCURY,16.618952,ARIES,16.618952,0,0,0,0,0,0.31711105
2024-04-29,VENUS,30.024535,TAURUS,0.024535,0,1,0,0,0,1.23220503
2024-04-29,MARS,359.114933,PISCES,29.114933,0,0,0,0,0,0.77132797
2024-04-29,JUPITER,53.772635,TAURUS,23.772635,0,0,0,0,0,0.23303207
2024-04-29,SATURN,346.505404,PISCES,16.505404,0,0,0,0,0,0.08901838
2024-04-29,URANUS,52.301931,TAURUS,22.301931,0,0,0,0,0,0.05700863
2024-04-29,NEPTUNE,358.88385,PISCES,28.88385,0,0,0,0,0,0.03053861
2024-04-29,PLUTO,302.101326,AQUARIUS,2.101326,0,0,0,0,0,0.00157844
2024-04-30,SUN,40.627902,TAURUS,10.627902,0,0,0,0,0,0.97100472
2024-04-30,MERCURY,16.973639,ARIES,16.973639,0,0,0,0,0,0.39183687
2024-04-30,VENUS,31.256693,TAURUS,1.256693,0,0,0,0,0,1.23210877
2024-04-30,MARS,359.886062,PISCES,29.886062,0,0,0,0,0,0.77092531
2024-04-30,JUPITER,54.005838,TAURUS,24.005838,0,0,0,0,0,0.23337044
2024-04-30,SATURN,346.593886,PISCES,16.593886,0,0,0,0,0,0.08794095
2024-04-30,URANUS,52.359016,TAURUS,22.359016,0,0,0,0,0,0.05715699
2024-04-30,NEPTUNE,358.914219,PISCES,28.914219,0,0,0,0,0,0.03019677
2024-04-30,PLUTO,302.102664,AQUARIUS,2.102664,0,0,0,0,0,0.00109639
2024-05-01,SUN,41.598698,TAURUS,11.598698,0,0,0,0,0,0.9705853
2024-05-01,MERCURY,17.401783,ARIES,17.401783,0,0,0,0,0,0.46400574
2024-05-01,VENUS,32.488753,TAURUS,2.488753,0,0,0,0,0,1.23200971
2024-05-01,MARS,0.656778,ARIES,0.656778,0,1,0,0,0,0.77050038
2024-05-01,JUPITER,54.239368,TAURUS,24.239368,0,0,0,0,0,0.23368452
2024-05-01,SATURN,346.681278,PISCES,16.681278,0,0,0,0,0,0.08684063
2024-05-01,URANUS,52.41624,TAURUS,22.41624,0,0,0,0,0,0.05728879
2024-05-01,NEPTUNE,358.94424,PISCES,28.94424,0,0,0,0,0,0.02984236
2024-05-01,PLUTO,302.103516,AQUARIUS,2.103516,0,0,0,0,0,0.00060858
2024-05-02,SUN,42.569077,TAURUS,12.569077,0,0,0,0,0,0.97016979
2024-05-02,MERCURY,17.900784,ARIES,17.900784,0,0,0,0,0,0.53354768
2024-05-02,VENUS,33.720713,TAURUS,3.720713,0,0,0,0,0,1.23190865
2024-05-02,MARS,1.427057,ARIES,1.427057,0,0,0,0,0,0.77005382
2024-05-02,JUPITER,54.473201,TAURUS,24.473201,0,0,0,0,0,0.23397668
2024-05-02,SATURN,346.76756,PISCES,16.76756,0,0,0,0,0,0.08571995
2024-05-02,URANUS,52.473589,TAURUS,22.473589,0,0,0,0,0,0.05740679
2024-05-02,NEPTUNE,358.9739,PISCES,28.9739,0,0,0,0,0,0.02947818
2024-05-02,PLUTO,302.103879,AQUARIUS,2.103879,0,0,0,0,0,0.00011805
2024-05-03,SUN,43.539041,TAURUS,13.539041,0,0,0,0,0,0.96975806
2024-05-03,MERCURY,18.468008,ARIES,18.468008,0,0,0,0,0,0.60045165
2024-05-03,VENUS,34.952571,TAURUS,4.952571,0,0,0,0,0,1.23180757
2024-05-03,MARS,2.19688,ARIES,2.19688,0,0,0,0,0,0.76958787
2024-05-03,JUPITER,54.707316,TAURUS,24.707316,0,0,0,0,0,0.23425052
2024-05-03,SATURN,346.852712,PISCES,16.852712,0,0,0,0,0,0.08458303
2024-05-03,URANUS,52.531051,TAURUS,22.531051,0,0,0,0,0,0.05751516
2024-05-03,NEPTUNE,359.003194,PISCES,29.003194,0,0,0,0,0,0.0291086
2024-05-03,PLUTO,302.103752,AQUARIUS,2.103752,1,0,1,0,1,-0.00037064
2024-05-04,SUN,44.508596,TAURUS,14.508596,0,0,0,0,0,0.96934986
2024-05-04,MERCURY,19.10083,ARIES,19.10083,0,0,0,0,0,0.66475315
2024-05-04,VENUS,36.18433,TAURUS,6.18433,0,0,0,0,0,1.23170862
2024-05-04,MARS,2.966228,ARIES,2.966228,0,0,0,0,0,0.76910532
2024-05-04,JUPITER,54.941698,TAURUS,24.941698,0,0,0,0,0,0.23450994
2024-05-04,SATURN,346.936722,PISCES,16.936722,0,0,0,0,0,0.08343454
2024-05-04,URANUS,52.588618,TAURUS,22.588618,0,0,0,0,0,0.05761846
2024-05-04,NEPTUNE,359.032117,PISCES,29.032117,0,0,0,0,0,0.02873842
2024-05-04,PLUTO,302.10314,AQUARIUS,2.10314,1,0,0,0,0,-0.00085242
2024-05-05,SUN,45.477744,TAURUS,15.477744,0,0,0,0,0,0.96894343
2024-05-05,MERCURY,19.796682,ARIES,19.796682,0,0,0,0,0,0.72652324
2024-05-05,VENUS,37.415991,TAURUS,7.415991,0,0,0,0,0,1.23161268
2024-05-05,MARS,3.735087,ARIES,3.735087,0,0,0,0,0,0.76860832
2024-05-05,JUPITER,55.176333,TAURUS,25.176333,0,0,0,0,0,0.23475736
2024-05-05,SATURN,347.019579,PISCES,17.019579,0,0,0,0,0,0.08227794
2024-05-05,URANUS,52.646287,TAURUS,22.646287,0,0,0,0,0,0.05771986
2024-05-05,NEPTUNE,359.060672,PISCES,29.060672,0,0,0,0,0,0.0283711
2024-05-05,PLUTO,302.102051,AQUARIUS,2.102051,1,0,0,0,0,-0.00132358
2024-05-06,SUN,46.446485,TAURUS,16.446485,0,0,0,0,0,0.96853467
2024-05-06,MERCURY,20.553078,ARIES,20.553078,0,0,0,0,0,0.78585885
2024-05-06,VENUS,38.647557,TAURUS,8.647557,0,0,0,0,0,1.23151808
2024-05-06,MARS,4.503442,ARIES,4.503442,0,0,0,0,0,0.76809673
2024-05-06,JUPITER,55.411209,TAURUS,25.411209,0,0,0,0,0,0.23499215
2024-05-06,SATURN,347.101276,PISCES,17.101276,0,0,0,0,0,0.08111384
2024-05-06,URANUS,52.704057,TAURUS,22.704057,0,0,0,0,0,0.0578194
2024-05-06,NEPTUNE,359.088861,PISCES,29.088861,0,0,0,0,0,0.02800703
2024-05-06,PLUTO,302.100497,AQUARIUS,2.100497,1,0,0,0,0,-0.00178342
2024-05-07,SUN,47.414813,TAURUS,17.414813,0,0,0,0,0,0.96811749
2024-05-07,MERCURY,21.36764,ARIES,21.36764,0,0,0,0,0,0.84287591
2024-05-07,VENUS,39.879028,TAURUS,9.879028,0,0,0,0,0,1.23142052
2024-05-07,MARS,5.271277,ARIES,5.271277,0,0,0,0,0,0.76756802
2024-05-07,JUPITER,55.646313,TAURUS,25.646313,0,0,0,0,0,0.23521036
2024-05-07,SATURN,347.181804,PISCES,17.181804,0,0,0,0,0,0.07993945
2024-05-07,URANUS,52.761925,TAURUS,22.761925,0,0,0,0,0,0.05791372
2024-05-07,NEPTUNE,359.116687,PISCES,29.116687,0,0,0,0,0,0.0276431
2024-05-07,PLUTO,302.098488,AQUARIUS,2.098488,1,0,0,0,0,-0.00223485
2024-05-08,SUN,48.382718,TAURUS,18.382718,0,0,0,0,0,0.96768551
2024-05-08,MERCURY,22.238114,ARIES,22.238114,0,0,0,0,0,0.89770434
2024-05-08,VENUS,41.110397,TAURUS,11.110397,0,0,0,0,0,1.23131445
2024-05-08,MARS,6.038573,ARIES,6.038573,0,0,0,0,0,0.76701828
2024-05-08,JUPITER,55.881624,TAURUS,25.881624,0,0,0,0,0,0.23540604
2024-05-08,SATURN,347.261151,PISCES,17.261151,0,0,0,0,0,0.07874985
2024-05-08,URANUS,52.819882,TAURUS,22.819882,0,0,0,0,0,0.0579974
2024-05-08,NEPTUNE,359.144147,PISCES,29.144147,0,0,0,0,0,0.02727393
2024-05-08,PLUTO,302.096029,AQUARIUS,2.096029,1,0,0,0,0,-0.00268311
2024-05-09,SUN,49.350181,TAURUS,19.350181,0,0,0,0,0,0.96723428
2024-05-09,MERCURY,23.16238,ARIES,23.16238,0,0,0,0,0,0.95048492
2024-05-09,VENUS,42.341655,TAURUS,12.341655,0,0,0,0,0,1.23119536
2024-05-09,MARS,6.805308,ARIES,6.805308,0,0,0,0,0,0.76644438
2024-05-09,JUPITER,56.117117,TAURUS,26.117117,0,0,0,0,0,0.23557376
2024-05-09,SATURN,347.339299,PISCES,17.339299,0,0,0,0,0,0.0775402
2024-05-09,URANUS,52.877915,TAURUS,22.877915,0,0,0,0,0,0.05806562
2024-05-09,NEPTUNE,359.171233,PISCES,29.171233,0,0,0,0,0,0.02689417
2024-05-09,PLUTO,302.093122,AQUARIUS,2.093122,1,0,0,0,0,-0.00313348
2024-05-10,SUN,50.317183,TAURUS,20.317183,0,0,0,0,0,0.96676304
2024-05-10,MERCURY,24.138464,ARIES,24.138464,0,0,0,0,0,1.00136669
2024-05-10,VENUS,43.572785,TAURUS,13.572785,0,0,0,0,0,1.23106164
2024-05-10,MARS,7.571456,ARIES,7.571456,0,0,0,0,0,0.76584549
2024-05-10,JUPITER,56.352762,TAURUS,26.352762,0,0,0,0,0,0.23571049
2024-05-10,SATURN,347.416225,PISCES,17.416225,0,0,0,0,0,0.07630775
2024-05-10,URANUS,52.936008,TAURUS,22.936008,0,0,0,0,0,0.05811733
2024-05-10,NEPTUNE,359.197932,PISCES,29.197932,0,0,0,0,0,0.02650064
2024-05-10,PLUTO,302.089761,AQUARIUS,2.089761,1,0,0,0,0,-0.00358921
2024-05-11,SUN,51.283706,TAURUS,21.283706,0,0,0,0,0,0.96627476
2024-05-11,MERCURY,25.164545,ARIES,25.164545,0,0,0,0,0,1.05050374
2024-05-11,VENUS,44.803775,TAURUS,14.803775,0,0,0,0,0,1.23091493
2024-05-11,MARS,8.336993,ARIES,8.336993,0,0,0,0,0,0.76522357
2024-05-11,JUPITER,56.588528,TAURUS,26.588528,0,0,0,0,0,0.23581635
2024-05-11,SATURN,347.491907,PISCES,17.491907,0,0,0,0,0,0.07505263
2024-05-11,URANUS,52.994147,TAURUS,22.994147,0,0,0,0,0,0.05816107
2024-05-11,NEPTUNE,359.22423,PISCES,29.22423,0,0,0,0,0,0.02609301
2024-05-11,PLUTO,302.085942,AQUARIUS,2.085942,1,0,0,0,0,-0.00405063
2024-05-12,SUN,52.249733,TAURUS,22.249733,0,0,0,0,0,0.96577491
2024-05-12,MERCURY,26.238955,ARIES,26.238955,0,0,0,0,0,1.09805178
2024-05-12,VENUS,46.034613,TAURUS,16.034613,0,0,0,0,0,1.23075906
2024-05-12,MARS,9.101898,ARIES,9.101898,0,0,0,0,0,0.76458255
2024-05-12,JUPITER,56.824386,TAURUS,26.824386,0,0,0,0,0,0.23589389
2024-05-12,SATURN,347.566324,PISCES,17.566324,0,0,0,0,0,0.07377705
2024-05-12,URANUS,53.052345,TAURUS,23.052345,0,0,0,0,0,0.05825613
2024-05-12,NEPTUNE,359.250114,PISCES,29.250114,0,0,0,0,0,0.02567322
2024-05-12,PLUTO,302.081659,AQUARIUS,2.081659,1,0,0,0,0,-0.00451596
2024-05-13,SUN,53.215258,TAURUS,23.215258,0,0,0,0,0,0.96526979
2024-05-13,MERCURY,27.360182,ARIES,27.360182,0,0,0,0,0,1.14416496
2024-05-13,VENUS,47.265293,TAURUS,17.265293,0,0,0,0,0,1.23059882
2024-05-13,MARS,9.866155,ARIES,9.866155,0,0,0,0,0,0.76392687
2024-05-13,JUPITER,57.060309,TAURUS,27.060309,0,0,0,0,0,0.23594674
2024-05-13,SATURN,347.639456,PISCES,17.639456,0,0,0,0,0,0.0724842
2024-05-13,URANUS,53.110176,TAURUS,23.110176,0,0,0,0,0,0.05712293
2024-05-13,NEPTUNE,359.275573,PISCES,29.275573,0,0,0,0,0,0.02524415
2024-05-13,PLUTO,302.076909,AQUARIUS,2.076909,1,0,0,0,0,-0.00498233
2024-05-14,SUN,54.180277,TAURUS,24.180277,0,0,0,0,0,0.96476531
2024-05-14,MERCURY,28.526868,ARIES,28.526868,0,0,0,0,0,1.18899351
2024-05-14,VENUS,48.495812,TAURUS,18.495812,0,0,0,0,0,1.23043855
2024-05-14,MARS,10.62975,ARIES,10.62975,0,0,0,0,0,0.76326055
2024-05-14,JUPITER,57.296273,TAURUS,27.296273,0,0,0,0,0,0.2359786
2024-05-14,SATURN,347.711287,PISCES,17.711287,0,0,0,0,0,0.07117704
2024-05-14,URANUS,53.168333,TAURUS,23.168333,0,0,0,0,0,0.05818595
2024-05-14,NEPTUNE,359.3006,PISCES,29.3006,0,0,0,0,0,0.02480864
2024-05-14,PLUTO,302.071694,AQUARIUS,2.071694,1,0,0,0,0,-0.00544707
2024-05-15,SUN,55.144795,TAURUS,25.144795,0,0,0,0,0,0.96426652
2024-05-15,MERCURY,29.737801,ARIES,29.737801,0,0,0,0,0,1.23268271
2024-05-15,VENUS,49.726173,TAURUS,19.726173,0,0,0,0,0,1.23028188
2024-05-15,MARS,11.392674,ARIES,11.392674,0,0,0,0,0,0.76258681
2024-05-15,JUPITER,57.532261,TAURUS,27.532261,0,0,0,0,0,0.23599288
2024-05-15,SATURN,347.781805,PISCES,17.781805,0,0,0,0,0,0.069858
2024-05-15,URANUS,53.226465,TAURUS,23.226465,0,0,0,0,0,0.05809218
2024-05-15,NEPTUNE,359.325189,PISCES,29.325189,0,0,0,0,0,0.02436895
2024-05-15,PLUTO,302.066016,AQUARIUS,2.066016,1,0,0,0,0,-0.00590799
2024-05-16,SUN,56.108818,TAURUS,26.108818,0,0,0,0,0,0.96377765
2024-05-16,MERCURY,30.991912,TAURUS,0.991912,0,1,0,0,0,1.27537213
2024-05-16,VENUS,50.956379,TAURUS,20.956379,0,0,0,0,0,1.23013189
2024-05-16,MARS,12.154923,ARIES,12.154923,0,0,0,0,0,0.76190814
2024-05-16,JUPITER,57.768255,TAURUS,27.768255,0,0,0,0,0,0.2359925
2024-05-16,SATURN,347.851,PISCES,17.851,0,0,0,0,0,0.06852898
2024-05-16,URANUS,53.284528,TAURUS,23.284528,0,0,0,0,0,0.05803461
2024-05-16,NEPTUNE,359.349337,PISCES,29.349337,0,0,0,0,0,0.0239269
2024-05-16,PLUTO,302.059879,AQUARIUS,2.059879,1,0,0,0,0,-0.00636326
2024-05-17,SUN,57.072359,TAURUS,27.072359,0,0,0,0,0,0.96330224
2024-05-17,MERCURY,32.288269,TAURUS,2.288269,0,0,0,0,0,1.31719529
2024-05-17,VENUS,52.186441,TAURUS,22.186441,0,0,0,0,0,1.22999089
2024-05-17,MARS,12.916491,ARIES,12.916491,0,0,0,0,0,0.7612265
2024-05-17,JUPITER,58.00424,TAURUS,28.00424,0,0,0,0,0,0.23596877
2024-05-17,SATURN,347.91886,PISCES,17.91886,0,0,0,0,0,0.06719145
2024-05-17,URANUS,53.342535,TAURUS,23.342535,0,0,0,0,0,0.05797894
2024-05-17,NEPTUNE,359.373042,PISCES,29.373042,0,0,0,0,0,0.02348388
2024-05-17,PLUTO,302.053291,AQUARIUS,2.053291,1,0,0,0,0,-0.00681163
2024-05-18,SUN,58.035432,TAURUS,28.035432,0,0,0,0,0,0.96284321
2024-05-18,MERCURY,33.626068,TAURUS,3.626068,0,0,0,0,0,1.35827901
2024-05-18,VENUS,53.416366,TAURUS,23.416366,0,0,0,0,0,1.22986081
2024-05-18,MARS,13.677377,ARIES,13.677377,0,0,0,0,0,0.76054325
2024-05-18,JUPITER,58.240147,TAURUS,28.240147,0,0,0,0,0,0.23580646
2024-05-18,SATURN,347.98538,PISCES,17.98538,0,0,0,0,0,0.06584651
2024-05-18,URANUS,53.400485,TAURUS,23.400485,0,0,0,0,0,0.05791988
2024-05-18,NEPTUNE,359.396305,PISCES,29.396305,0,0,0,0,0,0.0230409
2024-05-18,PLUTO,302.046259,AQUARIUS,2.046259,1,0,0,0,0,-0.0072521
2024-05-19,SUN,58.998055,TAURUS,28.998055,0,0,0,0,0,0.96240293
2024-05-19,MERCURY,35.004632,TAURUS,5.004632,0,0,0,0,0,1.39874253
2024-05-19,VENUS,54.646168,TAURUS,24.646168,0,0,0,0,0,1.22974307
2024-05-19,MARS,14.437579,ARIES,14.437579,0,0,0,0,0,0.75985937
2024-05-19,JUPITER,58.475939,TAURUS,28.475939,0,0,0,0,0,0.23584272
2024-05-19,SATURN,348.050551,PISCES,18.050551,0,0,0,0,0,0.06449469
2024-05-19,URANUS,53.458373,TAURUS,23.458373,0,0,0,0,0,0.05785628
2024-05-19,NEPTUNE,359.419125,PISCES,29.419125,0,0,0,0,0,0.02259848
2024-05-19,PLUTO,302.03879,AQUARIUS,2.03879,1,0,0,0,0,-0.0076842
2024-05-20,SUN,59.960249,TAURUS,29.960249,0,0,0,0,0,0.96198326
2024-05-20,MERCURY,36.423397,TAURUS,6.423397,0,0,0,0,0,1.43869709
2024-05-20,VENUS,55.875858,TAURUS,25.875858,0,0,0,0,0,1.22963847
2024-05-20,MARS,15.197097,ARIES,15.197097,0,0,0,0,0,0.75917524
2024-05-20,JUPITER,58.71179,TAURUS,28.71179,0,0,0,0,0,0.23583254
2024-05-20,SATURN,348.114368,PISCES,18.114368,0,0,0,0,0,0.06313606
2024-05-20,URANUS,53.516196,TAURUS,23.516196,0,0,0,0,0,0.05778751
2024-05-20,NEPTUNE,359.441503,PISCES,29.441503,0,0,0,0,0,0.02215663
2024-05-20,PLUTO,302.030893,AQUARIUS,2.030893,1,0,0,0,0,-0.00810794
2024-05-21,SUN,60.922033,GEMINI,0.922033,0,1,0,0,0,0.96158558
2024-05-21,MERCURY,37.881904,TAURUS,7.881904,0,0,0,0,0,1.47824441
2024-05-21,VENUS,57.10545,TAURUS,27.10545,0,0,0,0,0,1.22954737
2024-05-21,MARS,15.955931,ARIES,15.955931,0,0,0,0,0,0.7584905
2024-05-21,JUPITER,58.947586,TAURUS,28.947586,0,0,0,0,0,0.23575545
2024-05-21,SATURN,348.176822,PISCES,18.176822,0,0,0,0,0,0.06177003
2024-05-21,URANUS,53.573947,TAURUS,23.573947,0,0,0,0,0,0.05771276
2024-05-21,NEPTUNE,359.463439,PISCES,29.463439,0,0,0,0,0,0.02171473
2024-05-21,PLUTO,302.022577,AQUARIUS,2.022577,1,0,0,0,0,-0.008524
2024-05-22,SUN,61.883431,GEMINI,1.883431,0,0,0,0,0,0.96121055
2024-05-22,MERCURY,39.379793,TAURUS,9.379793,0,0,0,0,0,1.51747561
2024-05-22,VENUS,58.334959,TAURUS,28.334959,0,0,0,0,0,1.2294694
2024-05-22,MARS,16.71408,ARIES,16.71408,0,0,0,0,0,0.75780392
2024-05-22,JUPITER,59.183298,TAURUS,29.183298,0,0,0,0,0,0.23566488
2024-05-22,SATURN,348.237906,PISCES,18.237906,0,0,0,0,0,0.0603952
2024-05-22,URANUS,53.631619,TAURUS,23.631619,0,0,0,0,0,0.0576306
2024-05-22,NEPTUNE,359.484933,PISCES,29.484933,0,0,0,0,0,0.02127146
2024-05-22,PLUTO,302.013848,AQUARIUS,2.013848,1,0,0,0,0,-0.00893376
2024-05-23,SUN,62.844465,GEMINI,2.844465,0,0,0,0,0,0.96085782
2024-05-23,MERCURY,40.916789,TAURUS,10.916789,0,0,0,0,0,1.55646923
2024-05-23,VENUS,59.564395,TAURUS,29.564395,0,0,0,0,0,1.22940319
2024-05-23,MARS,17.47154,ARIES,17.47154,0,0,0,0,0,0.75711316
2024-05-23,JUPITER,59.418912,TAURUS,29.418912,0,0,0,0,0,0.23556075
2024-05-23,SATURN,348.29761,PISCES,18.29761,0,0,0,0,0,0.05900934
2024-05-23,URANUS,53.689205,TAURUS,23.689205,0,0,0,0,0,0.05753882
2024-05-23,NEPTUNE,359.505981,PISCES,29.505981,0,0,0,0,0,0.02082463
2024-05-23,PLUTO,302.004712,AQUARIUS,2.004712,1,0,0,0,0,-0.00933938
2024-05-24,SUN,63.805157,GEMINI,3.805157,0,0,0,0,0,0.96052604
2024-05-24,MERCURY,42.492686,TAURUS,12.492686,0,0,0,0,0,1.59528966
2024-05-24,VENUS,60.79377,GEMINI,0.79377,0,1,0,0,0,1.22934665
2024-05-24,MARS,18.228306,ARIES,18.228306,0,0,0,0,0,0.75641478
2024-05-24,JUPITER,59.654414,TAURUS,29.654414,0,0,0,0,0,0.23543972
2024-05-24,SATURN,348.355921,PISCES,18.355921,0,0,0,0,0,0.05760951
2024-05-24,URANUS,53.746693,TAURUS,23.746693,0,0,0,0,0,0.05743472
2024-05-24,NEPTUNE,359.526581,PISCES,29.526581,0,0,0,0,0,0.02037148
2024-05-24,PLUTO,301.995171,AQUARIUS,1.995171,1,0,0,0,0,-0.00974368
2024-05-25,SUN,64.765527,GEMINI,4.765527,0,0,0,0,0,0.96021308
2024-05-25,MERCURY,44.107338,TAURUS,14.107338,0,0,0,0,0,1.63398532
2024-05-25,VENUS,62.023092,GEMINI,2.023092,0,0,0,0,0,1.22929724
2024-05-25,MARS,18.984368,ARIES,18.984368,0,0,0,0,0,0.75570484
2024-05-25,JUPITER,59.889786,TAURUS,29.889786,0,0,0,0,0,0.2352986
2024-05-25,SATURN,348.412824,PISCES,18.412824,0,0,0,0,0,0.05619268
2024-05-25,URANUS,53.80407,TAURUS,23.80407,0,0,0,0,0,0.05731552
2024-05-25,NEPTUNE,359.546722,PISCES,29.546722,0,0,0,0,0,0.01990921
2024-05-25,PLUTO,301.985224,AQUARIUS,1.985224,1,0,0,0,0,-0.01014945
2024-05-26,SUN,65.725591,GEMINI,5.725591,0,0,0,0,0,0.95991673
2024-05-26,MERCURY,45.760636,TAURUS,15.760636,0,0,0,0,0,1.67258677
2024-05-26,VENUS,63.252367,GEMINI,3.252367,0,0,0,0,0,1.22925267
2024-05-26,MARS,19.739712,ARIES,19.739712,0,0,0,0,0,0.75497979
2024-05-26,JUPITER,60.125005,GEMINI,0.125005,0,1,0,0,0,0.23513497
2024-05-26,SATURN,348.4683,PISCES,18.4683,0,0,0,0,0,0.05475659
2024-05-26,URANUS,53.861319,TAURUS,23.861319,0,0,0,0,0,0.05717918
2024-05-26,NEPTUNE,359.566396,PISCES,29.566396,0,0,0,0,0,0.01943579
2024-05-26,PLUTO,301.974871,AQUARIUS,1.974871,1,0,0,0,0,-0.01055865
2024-05-27,SUN,66.685368,GEMINI,6.685368,0,0,0,0,0,0.95963544
2024-05-27,MERCURY,47.452494,TAURUS,17.452494,0,0,0,0,0,1.71110446
2024-05-27,VENUS,64.481599,GEMINI,4.481599,0,0,0,0,0,1.22921173
2024-05-27,MARS,20.494323,ARIES,20.494323,0,0,0,0,0,0.75423719
2024-05-27,JUPITER,60.360049,GEMINI,0.360049,0,0,0,0,0,0.23494801
2024-05-27,SATURN,348.522331,PISCES,18.522331,0,0,0,0,0,0.05330044
2024-05-27,URANUS,53.918423,TAURUS,23.918423,0,0,0,0,0,0.05702517
2024-05-27,NEPTUNE,359.58559,PISCES,29.58559,0,0,0,0,0,0.01895068
2024-05-27,PLUTO,301.964105,AQUARIUS,1.964105,1,0,0,0,0,-0.01097175
2024-05-28,SUN,67.64487,GEMINI,7.64487,0,0,0,0,0,0.95936861
2024-05-28,MERCURY,49.182822,TAURUS,19.182822,0,0,0,0,0,1.74952564
2024-05-28,VENUS,65.710793,GEMINI,5.710793,0,0,0,0,0,1.2291746
2024-05-28,MARS,21.248181,ARIES,21.248181,0,0,0,0,0,0.75347622
2024-05-28,JUPITER,60.594894,GEMINI,0.594894,0,0,0,0,0,0.23473849
2024-05-28,SATURN,348.574895,PISCES,18.574895,0,0,0,0,0,0.05182535
2024-05-28,URANUS,53.975364,TAURUS,23.975364,0,0,0,0,0,0.05685477
2024-05-28,NEPTUNE,359.604293,PISCES,29.604293,0,0,0,0,0,0.0184552
2024-05-28,PLUTO,301.952926,AQUARIUS,1.952926,1,0,0,0,0,-0.01138727
2024-05-29,SUN,68.604112,GEMINI,8.604112,0,0,0,0,0,0.95911654
2024-05-29,MERCURY,50.951508,TAURUS,20.951508,0,0,0,0,0,1.78781023
2024-05-29,VENUS,66.939951,GEMINI,6.939951,0,0,0,0,0,1.22914261
2024-05-29,MARS,22.00127,ARIES,22.00127,0,0,0,0,0,0.75269757
2024-05-29,JUPITER,60.82952,GEMINI,0.82952,0,0,0,0,0,0.23450878
2024-05-29,SATURN,348.625975,PISCES,18.625975,0,0,0,0,0,0.05033408
2024-05-29,URANUS,54.032128,TAURUS,24.032128,0,0,0,0,0,0.05667085
2024-05-29,NEPTUNE,359.622497,PISCES,29.622497,0,0,0,0,0,0.01795237
2024-05-29,PLUTO,301.94133,AQUARIUS,1.94133,1,0,0,0,0,-0.01180212
2024-05-30,SUN,69.56311,GEMINI,9.56311,0,0,0,0,0,0.95887974
2024-05-30,MERCURY,52.758382,TAURUS,22.758382,0,0,0,0,0,1.82588617
2024-05-30,VENUS,68.169081,GEMINI,8.169081,0,0,0,0,0,1.22911751
2024-05-30,MARS,22.753572,ARIES,22.753572,0,0,0,0,0,0.75190287
2024-05-30,JUPITER,61.063907,GEMINI,1.063907,0,0,0,0,0,0.2342622
2024-05-30,SATURN,348.675558,PISCES,18.675558,0,0,0,0,0,0.04883063
2024-05-30,URANUS,54.088703,TAURUS,24.088703,0,0,0,0,0,0.05647731
2024-05-30,NEPTUNE,359.640196,PISCES,29.640196,0,0,0,0,0,0.01744627
2024-05-30,PLUTO,301.929322,AQUARIUS,1.929322,1,0,0,0,0,-0.01221202
2024-05-31,SUN,70.521879,GEMINI,10.521879,0,0,0,0,0,0.95865811
2024-05-31,MERCURY,54.603183,TAURUS,24.603183,0,0,0,0,0,1.86364372
2024-05-31,VENUS,69.39819,GEMINI,9.39819,0,0,0,0,0,1.22910034
2024-05-31,MARS,23.505072,ARIES,23.505072,0,0,0,0,0,0.75109397
2024-05-31,JUPITER,61.29804,GEMINI,1.29804,0,0,0,0,0,0.23400199
2024-05-31,SATURN,348.723633,PISCES,18.723633,0,0,0,0,0,0.0473192
2024-05-31,URANUS,54.145081,TAURUS,24.145081,0,0,0,0,0,0.05627816
2024-05-31,NEPTUNE,359.65739,PISCES,29.65739,0,0,0,0,0,0.01694114
2024-05-31,PLUTO,301.916908,AQUARIUS,1.916908,1,0,0,0,0,-0.01261252
2024-06-01,SUN,71.480433,GEMINI,11.480433,0,0,0,0,0,0.95844989
2024-06-01,MERCURY,56.48552,TAURUS,26.48552,0,0,0,0,0,1.90093022
2024-06-01,VENUS,70.627285,GEMINI,10.627285,0,0,0,0,0,1.22908922
2024-06-01,MARS,24.255757,ARIES,24.255757,0,0,0,0,0,0.75027186
2024-06-01,JUPITER,61.531908,GEMINI,1.531908,0,0,0,0,0,0.2337303
2024-06-01,SATURN,348.770195,PISCES,18.770195,0,0,0,0,0,0.04580304
2024-06-01,URANUS,54.201259,TAURUS,24.201259,0,0,0,0,0,0.05607625
2024-06-01,NEPTUNE,359.67408,PISCES,29.67408,0,0,0,0,0,0.01644016
2024-06-01,PLUTO,301.904101,AQUARIUS,1.904101,1,0,0,0,0,-0.01300022
2024-06-02,SUN,72.438784,GEMINI,12.438784,0,0,0,0,0,0.958251
2024-06-02,MERCURY,58.404826,TAURUS,28.404826,0,0,0,0,0,1.93754563
2024-06-02,VENUS,71.856369,GEMINI,11.856369,0,0,0,0,0,1.22907409
2024-06-02,MARS,25.005613,ARIES,25.005613,0,0,0,0,0,0.74943593
2024-06-02,JUPITER,61.765498,GEMINI,1.765498,0,0,0,0,0,0.23344699
2024-06-02,SATURN,348.815238,PISCES,18.815238,0,0,0,0,0,0.04428347
2024-06-02,URANUS,54.257233,TAURUS,24.257233,0,0,0,0,0,0.05587225
2024-06-02,NEPTUNE,359.690272,PISCES,29.690272,0,0,0,0,0,0.0159444
2024-06-02,PLUTO,301.890913,AQUARIUS,1.890913,1,0,0,0,0,-0.01337387
2024-06-03,SUN,73.396938,GEMINI,13.396938,0,0,0,0,0,0.95805498
2024-06-03,MERCURY,60.36031,GEMINI,0.36031,0,1,0,0,0,1.97323915
2024-06-03,VENUS,73.085418,GEMINI,13.085418,0,0,0,0,0,1.22900238
2024-06-03,MARS,25.754625,ARIES,25.754625,0,0,0,0,0,0.74858354
2024-06-03,JUPITER,61.998798,GEMINI,1.998798,0,0,0,0,0,0.23314942
2024-06-03,SATURN,348.858761,PISCES,18.858761,0,0,0,0,0,0.04275925
2024-06-03,URANUS,54.313002,TAURUS,24.313002,0,0,0,0,0,0.05566413
2024-06-03,NEPTUNE,359.705971,PISCES,29.705971,0,0,0,0,0,0.0154522
2024-06-03,PLUTO,301.877358,AQUARIUS,1.877358,1,0,0,0,0,-0.01373496
2024-06-04,SUN,74.354895,GEMINI,14.354895,0,0,0,0,0,0.95785402
2024-06-04,MERCURY,62.350902,GEMINI,2.350902,0,0,0,0,0,2.00770981
2024-06-04,VENUS,74.314429,GEMINI,14.314429,0,0,0,0,0,1.23014143
2024-06-04,MARS,26.502775,ARIES,26.502775,0,0,0,0,0,0.74771063
2024-06-04,JUPITER,62.231791,GEMINI,2.231791,0,0,0,0,0,0.23283274
2024-06-04,SATURN,348.900755,PISCES,18.900755,0,0,0,0,0,0.04122691
2024-06-04,URANUS,54.368559,TAURUS,24.368559,0,0,0,0,0,0.05544759
2024-06-04,NEPTUNE,359.721177,PISCES,29.721177,0,0,0,0,0,0.01495964
2024-06-04,PLUTO,301.863446,AQUARIUS,1.863446,1,0,0,0,0,-0.0140873
2024-06-05,SUN,75.312645,GEMINI,15.312645,0,0,0,0,0,0.9576407
2024-06-05,MERCURY,64.37521,GEMINI,4.37521,0,0,0,0,0,2.04060956
2024-06-05,VENUS,75.544049,GEMINI,15.544049,0,0,0,0,0,1.2288775
2024-06-05,MARS,27.25004,ARIES,27.25004,0,0,0,0,0,0.74681304
2024-06-05,JUPITER,62.464456,GEMINI,2.464456,0,0,0,0,0,0.23249147
2024-06-05,SATURN,348.941212,PISCES,18.941212,0,0,0,0,0,0.03968219
2024-06-05,URANUS,54.423893,TAURUS,24.423893,0,0,0,0,0,0.05521742
2024-06-05,NEPTUNE,359.735889,PISCES,29.735889,0,0,0,0,0,0.01446183
2024-06-05,PLUTO,301.849185,AQUARIUS,1.849185,1,0,0,0,0,-0.01443568
2024-06-06,SUN,76.270173,GEMINI,16.270173,0,0,0,0,0,0.95740991
2024-06-06,MERCURY,66.431471,GEMINI,6.431471,0,0,0,0,0,2.07155063
2024-06-06,VENUS,76.773044,GEMINI,16.773044,0,0,0,0,0,1.22904878
2024-06-06,MARS,27.996394,ARIES,27.996394,0,0,0,0,0,0.74588814
2024-06-06,JUPITER,62.696765,GEMINI,2.696765,0,0,0,0,0,0.23212124
2024-06-06,SATURN,348.980115,PISCES,18.980115,0,0,0,0,0,0.03812167
2024-06-06,URANUS,54.478989,TAURUS,24.478989,0,0,0,0,0,0.05496939
2024-06-06,NEPTUNE,359.750099,PISCES,29.750099,0,0,0,0,0,0.01395473
2024-06-06,PLUTO,301.834576,AQUARIUS,1.834576,1,0,0,0,0,-0.01478426
2024-06-07,SUN,77.227461,GEMINI,17.227461,0,0,0,0,0,0.95716017
2024-06-07,MERCURY,68.517521,GEMINI,8.517521,0,0,0,0,0,2.10011618
2024-06-07,VENUS,78.002098,GEMINI,18.002098,0,0,0,0,0,1.22904934
2024-06-07,MARS,28.741809,ARIES,28.741809,0,0,0,0,0,0.74493599
2024-06-07,JUPITER,62.928689,GEMINI,2.928689,0,0,0,0,0,0.23172017
2024-06-07,SATURN,349.01745,PISCES,19.01745,0,0,0,0,0,0.03654408
2024-06-07,URANUS,54.533826,TAURUS,24.533826,0,0,0,0,0,0.0547015
2024-06-07,NEPTUNE,359.763795,PISCES,29.763795,0,0,0,0,0,0.01343648
2024-06-07,PLUTO,301.819616,AQUARIUS,1.819616,1,0,0,0,0,-0.01513495
2024-06-08,SUN,78.184491,GEMINI,18.184491,0,0,0,0,0,0.9568936
2024-06-08,MERCURY,70.630768,GEMINI,10.630768,0,0,0,0,0,2.1258742
2024-06-08,VENUS,79.231132,GEMINI,19.231132,0,0,0,0,0,1.22901324
2024-06-08,MARS,29.48626,ARIES,29.48626,0,0,0,0,0,0.74395929
2024-06-08,JUPITER,63.160196,GEMINI,3.160196,0,0,0,0,0,0.23128908
2024-06-08,SATURN,349.053198,PISCES,19.053198,0,0,0,0,0,0.03495067
2024-06-08,URANUS,54.588386,TAURUS,24.588386,0,0,0,0,0,0.05441438
2024-06-08,NEPTUNE,359.776968,PISCES,29.776968,0,0,0,0,0,0.01290775
2024-06-08,PLUTO,301.804305,AQUARIUS,1.804305,1,0,0,0,0,-0.0154872
2024-06-09,SUN,79.141248,GEMINI,19.141248,0,0,0,0,0,0.9566149
2024-06-09,MERCURY,72.768189,GEMINI,12.768189,0,0,0,0,0,2.14839488
2024-06-09,VENUS,80.46012,GEMINI,20.46012,0,0,0,0,0,1.22896011
2024-06-09,MARS,30.229723,TAURUS,0.229723,0,1,0,0,0,0.74296255
2024-06-09,JUPITER,63.391259,GEMINI,3.391259,0,0,0,0,0,0.23083077
2024-06-09,SATURN,349.087347,PISCES,19.087347,0,0,0,0,0,0.03334439
2024-06-09,URANUS,54.642649,TAURUS,24.642649,0,0,0,0,0,0.05411047
2024-06-09,NEPTUNE,359.789608,PISCES,29.789608,0,0,0,0,0,0.01237103
2024-06-09,PLUTO,301.788641,AQUARIUS,1.788641,1,0,0,0,0,-0.01583874
2024-06-10,SUN,80.097723,GEMINI,20.097723,0,0,0,0,0,0.95632991
2024-06-10,MERCURY,74.92634,GEMINI,14.92634,0,0,0,0,0,2.16727087
2024-06-10,VENUS,81.689051,GEMINI,21.689051,0,0,0,0,0,1.22889805
2024-06-10,MARS,30.972181,TAURUS,0.972181,0,0,0,0,0,0.74195082
2024-06-10,JUPITER,63.621851,GEMINI,3.621851,0,0,0,0,0,0.23034879
2024-06-10,SATURN,349.119883,PISCES,19.119883,0,0,0,0,0,0.03172883
2024-06-10,URANUS,54.696602,TAURUS,24.696602,0,0,0,0,0,0.05379299
2024-06-10,NEPTUNE,359.801708,PISCES,29.801708,0,0,0,0,0,0.01182948
2024-06-10,PLUTO,301.772628,AQUARIUS,1.772628,1,0,0,0,0,-0.01618647
2024-06-11,SUN,81.053912,GEMINI,21.053912,0,0,0,0,0,0.95604431
2024-06-11,MERCURY,77.101391,GEMINI,17.101391,0,0,0,0,0,2.18214023
2024-06-11,VENUS,82.917917,GEMINI,22.917917,0,0,0,0,0,1.22883247
2024-06-11,MARS,31.713622,TAURUS,1.713622,0,0,0,0,0,0.74092854
2024-06-11,JUPITER,63.85195,GEMINI,3.85195,0,0,0,0,0,0.22984644
2024-06-11,SATURN,349.150801,PISCES,19.150801,0,0,0,0,0,0.03010731
2024-06-11,URANUS,54.750232,TAURUS,24.750232,0,0,0,0,0,0.05346484
2024-06-11,NEPTUNE,359.813266,PISCES,29.813266,0,0,0,0,0,0.01128604
2024-06-11,PLUTO,301.75627,AQUARIUS,1.75627,1,0,0,0,0,-0.0165277
2024-06-12,SUN,82.009817,GEMINI,22.009817,0,0,0,0,0,0.95576302
2024-06-12,MERCURY,79.289181,GEMINI,19.289181,0,0,0,0,0,2.1927087
2024-06-12,VENUS,84.146717,GEMINI,24.146717,0,0,0,0,0,1.22876737
2024-06-12,MARS,32.454037,TAURUS,2.454037,0,0,0,0,0,0.73989925
2024-06-12,JUPITER,64.081538,GEMINI,4.081538,0,0,0,0,0,0.2293264
2024-06-12,SATURN,349.180096,PISCES,19.180096,0,0,0,0,0,0.02848236
2024-06-12,URANUS,54.803529,TAURUS,24.803529,0,0,0,0,0,0.05312838
2024-06-12,NEPTUNE,359.82428,PISCES,29.82428,0,0,0,0,0,0.01074297
2024-06-12,PLUTO,301.739574,AQUARIUS,1.739574,1,0,0,0,0,-0.01686024
2024-06-13,SUN,82.965445,GEMINI,22.965445,0,0,0,0,0,0.95549006
2024-06-13,MERCURY,81.485299,GEMINI,21.485299,0,0,0,0,0,2.19877209
2024-06-13,VENUS,85.375453,GEMINI,25.375453,0,0,0,0,0,1.22870567
2024-06-13,MARS,33.19342,TAURUS,3.19342,0,0,0,0,0,0.73886549
2024-06-13,JUPITER,64.310598,GEMINI,4.310598,0,0,0,0,0,0.22879055
2024-06-13,SATURN,349.207765,PISCES,19.207765,0,0,0,0,0,0.02685585
2024-06-13,URANUS,54.856487,TAURUS,24.856487,0,0,0,0,0,0.05278522
2024-06-13,NEPTUNE,359.834752,PISCES,29.834752,0,0,0,0,0,0.01020189
2024-06-13,PLUTO,301.722552,AQUARIUS,1.722552,1,0,0,0,0,-0.01718266
2024-06-14,SUN,83.920805,GEMINI,23.920805,0,0,0,0,0,0.95522868
2024-06-14,MERCURY,83.685197,GEMINI,23.685197,0,0,0,0,0,2.20027622
2024-06-14,VENUS,86.604131,GEMINI,26.604131,0,0,0,0,0,1.22864949
2024-06-14,MARS,33.931768,TAURUS,3.931768,0,0,0,0,0,0.7378291
2024-06-14,JUPITER,64.539115,GEMINI,4.539115,0,0,0,0,0,0.22824019
2024-06-14,SATURN,349.233807,PISCES,19.233807,0,0,0,0,0,0.02522908
2024-06-14,URANUS,54.909098,TAURUS,24.909098,0,0,0,0,0,0.05243645
2024-06-14,NEPTUNE,359.844685,PISCES,29.844685,0,0,0,0,0,0.00966385
2024-06-14,PLUTO,301.705212,AQUARIUS,1.705212,1,0,0,0,0,-0.01749401
2024-06-15,SUN,84.875911,GEMINI,24.875911,0,0,0,0,0,0.95498144
2024-06-15,MERCURY,85.884263,GEMINI,25.884263,0,0,0,0,0,2.19710017
2024-06-15,VENUS,87.832756,GEMINI,27.832756,0,0,0,0,0,1.22860028
2024-06-15,MARS,34.669079,TAURUS,4.669079,0,0,0,0,0,0.73679127
2024-06-15,JUPITER,64.767075,GEMINI,4.767075,0,0,0,0,0,0.22767621
2024-06-15,SATURN,349.258223,PISCES,19.258223,0,0,0,0,0,0.02360287
2024-06-15,URANUS,54.961358,TAURUS,24.961358,0,0,0,0,0,0.05208272
2024-06-15,NEPTUNE,359.854081,PISCES,29.854081,0,0,0,0,0,0.00912944
2024-06-15,PLUTO,301.687567,AQUARIUS,1.687567,1,0,0,0,0,-0.01779377
2024-06-16,SUN,85.830778,GEMINI,25.830778,0,0,0,0,0,0.95475039
2024-06-16,MERCURY,88.077914,GEMINI,28.077914,0,0,0,0,0,2.18948317
2024-06-16,VENUS,89.061335,GEMINI,29.061335,0,0,0,0,0,1.22855905
2024-06-16,MARS,35.405352,TAURUS,5.405352,0,0,0,0,0,0.73575287
2024-06-16,JUPITER,64.994464,GEMINI,4.994464,0,0,0,0,0,0.22709891
2024-06-16,SATURN,349.281013,PISCES,19.281013,0,0,0,0,0,0.02197758
2024-06-16,URANUS,55.013262,TAURUS,25.013262,0,0,0,0,0,0.05172415
2024-06-16,NEPTUNE,359.862945,PISCES,29.862945,0,0,0,0,0,0.00859882
2024-06-16,PLUTO,301.669628,AQUARIUS,1.669628,1,0,0,0,0,-0.01808195
2024-06-17,SUN,86.785422,GEMINI,26.785422,0,0,0,0,0,0.95453728
2024-06-17,MERCURY,90.2618,CANCER,0.2618,0,1,0,0,0,2.1776118
2024-06-17,VENUS,90.289878,CANCER,0.289878,0,1,0,0,0,1.2285263
2024-06-17,MARS,36.140586,TAURUS,6.140586,0,0,0,0,0,0.7347142
2024-06-17,JUPITER,65.221269,GEMINI,5.221269,0,0,0,0,0,0.22650815
2024-06-17,SATURN,349.302179,PISCES,19.302179,0,0,0,0,0,0.02035307
2024-06-17,URANUS,55.064805,TAURUS,25.064805,0,0,0,0,0,0.05136044
2024-06-17,NEPTUNE,359.87128,PISCES,29.87128,0,0,0,0,0,0.00807161
2024-06-17,PLUTO,301.651407,AQUARIUS,1.651407,1,0,0,0,0,-0.01835899
2024-06-18,SUN,87.739863,GEMINI,27.739863,0,0,0,0,0,0.95434348
2024-06-18,MERCURY,92.431808,CANCER,2.431808,0,0,0,0,0,2.16178403
2024-06-18,VENUS,91.518392,CANCER,1.518392,0,0,0,0,0,1.22850224
2024-06-18,MARS,36.874782,TAURUS,6.874782,0,0,0,0,0,0.73367501
2024-06-18,JUPITER,65.447476,GEMINI,5.447476,0,0,0,0,0,0.22590329
2024-06-18,SATURN,349.32172,PISCES,19.32172,0,0,0,0,0,0.0187286
2024-06-18,URANUS,55.115982,TAURUS,25.115982,0,0,0,0,0,0.05099065
2024-06-18,NEPTUNE,359.879089,PISCES,29.879089,0,0,0,0,0,0.00754689
2024-06-18,PLUTO,301.632914,AQUARIUS,1.632914,1,0,0,0,0,-0.01862595
2024-06-19,SUN,88.69412,GEMINI,28.69412,0,0,0,0,0,0.9541699
2024-06-19,MERCURY,94.58416,CANCER,4.58416,0,0,0,0,0,2.14236549
2024-06-19,VENUS,92.746886,CANCER,2.746886,0,0,0,0,0,1.22848635
2024-06-19,MARS,37.607937,TAURUS,7.607937,0,0,0,0,0,0.73263419
2024-06-19,JUPITER,65.673071,GEMINI,5.673071,0,0,0,0,0,0.22528288
2024-06-19,SATURN,349.339636,PISCES,19.339636,0,0,0,0,0,0.01710264
2024-06-19,URANUS,55.166784,TAURUS,25.166784,0,0,0,0,0,0.0506132
2024-06-19,NEPTUNE,359.886375,PISCES,29.886375,0,0,0,0,0,0.00702298
2024-06-19,PLUTO,301.614158,AQUARIUS,1.614158,1,0,0,0,0,-0.0188846
2024-06-20,SUN,89.648213,GEMINI,29.648213,0,0,0,0,0,0.9540168
2024-06-20,MERCURY,96.715466,CANCER,6.715466,0,0,0,0,0,2.11976155
2024-06-20,VENUS,93.975368,CANCER,3.975368,0,0,0,0,0,1.22847759
2024-06-20,MARS,38.340051,TAURUS,8.340051,0,0,0,0,0,0.73158952
2024-06-20,JUPITER,65.898037,GEMINI,5.898037,0,0,0,0,0,0.22464466
2024-06-20,SATURN,349.355925,PISCES,19.355925,0,0,0,0,0,0.01547276
2024-06-20,URANUS,55.217205,TAURUS,25.217205,0,0,0,0,0,0.05022569
2024-06-20,NEPTUNE,359.893135,PISCES,29.893135,0,0,0,0,0,0.00649741
2024-06-20,PLUTO,301.595147,AQUARIUS,1.595147,1,0,0,0,0,-0.01913756
2024-06-21,SUN,90.602164,CANCER,0.602164,0,1,0,0,0,0.95388374
2024-06-21,MERCURY,98.822752,CANCER,8.822752,0,0,0,0,0,2.09439504
2024-06-21,VENUS,95.203844,CANCER,5.203844,0,0,0,0,0,1.22847434
2024-06-21,MARS,39.071116,TAURUS,9.071116,0,0,0,0,0,0.73053778
2024-06-21,JUPITER,66.122354,GEMINI,6.122354,0,0,0,0,0,0.22398581
2024-06-21,SATURN,349.37058,PISCES,19.37058,0,0,0,0,0,0.01383596
2024-06-21,URANUS,55.267232,TAURUS,25.267232,0,0,0,0,0,0.04982511
2024-06-21,NEPTUNE,359.899368,PISCES,29.899368,0,0,0,0,0,0.00596715
2024-06-21,PLUTO,301.575884,AQUARIUS,1.575884,1,0,0,0,0,-0.01938787
2024-06-22,SUN,91.555991,CANCER,1.555991,0,0,0,0,0,0.95376996
2024-06-22,MERCURY,100.903465,CANCER,10.903465,0,0,0,0,0,2.06668619
2024-06-22,VENUS,96.432319,CANCER,6.432319,0,0,0,0,0,1.22847493
2024-06-22,MARS,39.801124,TAURUS,9.801124,0,0,0,0,0,0.72947542
2024-06-22,JUPITER,66.346001,GEMINI,6.346001,0,0,0,0,0,0.22330354
2024-06-22,SATURN,349.383594,PISCES,19.383594,0,0,0,0,0,0.01218935
2024-06-22,URANUS,55.31685,TAURUS,25.31685,0,0,0,0,0,0.04940878
2024-06-22,NEPTUNE,359.905067,PISCES,29.905067,0,0,0,0,0,0.00542939
2024-06-22,PLUTO,301.556371,AQUARIUS,1.556371,1,0,0,0,0,-0.0196384
2024-06-23,SUN,92.509713,CANCER,2.509713,0,0,0,0,0,0.95367518
2024-06-23,MERCURY,102.955467,CANCER,12.955467,0,0,0,0,0,2.03703756
2024-06-23,VENUS,97.660796,CANCER,7.660796,0,0,0,0,0,1.22847867
2024-06-23,MARS,40.530063,TAURUS,10.530063,0,0,0,0,0,0.72839948
2024-06-23,JUPITER,66.568954,GEMINI,6.568954,0,0,0,0,0,0.22259613
2024-06-23,SATURN,349.394955,PISCES,19.394955,0,0,0,0,0,0.01053135
2024-06-23,URANUS,55.366044,TAURUS,25.366044,0,0,0,0,0,0.04897527
2024-06-23,NEPTUNE,359.910224,PISCES,29.910224,0,0,0,0,0,0.00488267
2024-06-23,PLUTO,301.536606,AQUARIUS,1.536606,1,0,0,0,0,-0.01989066
2024-06-24,SUN,93.46335,CANCER,3.46335,0,0,0,0,0,0.95360021
2024-06-24,MERCURY,104.977007,CANCER,14.977007,0,0,0,0,0,2.00582183
2024-06-24,VENUS,98.889279,CANCER,8.889279,0,0,0,0,0,1.2284865
2024-06-24,MARS,41.257919,TAURUS,11.257919,0,0,0,0,0,0.72730863
2024-06-24,JUPITER,66.791186,GEMINI,6.791186,0,0,0,0,0,0.22186396
2024-06-24,SATURN,349.404652,PISCES,19.404652,0,0,0,0,0,0.0088626
2024-06-24,URANUS,55.414795,TAURUS,25.414795,0,0,0,0,0,0.04852526
2024-06-24,NEPTUNE,359.914829,PISCES,29.914829,0,0,0,0,0,0.00432774
2024-06-24,PLUTO,301.516589,AQUARIUS,1.516589,1,0,0,0,0,-0.02014383
2024-06-25,SUN,94.416923,CANCER,4.416923,0,0,0,0,0,0.95354696
2024-06-25,MERCURY,106.966689,CANCER,16.966689,0,0,0,0,0,1.97337429
2024-06-25,VENUS,100.117772,CANCER,10.117772,0,0,0,0,0,1.22850104
2024-06-25,MARS,41.984677,TAURUS,11.984677,0,0,0,0,0,0.72620339
2024-06-25,JUPITER,67.012674,GEMINI,7.012674,0,0,0,0,0,0.22110941
2024-06-25,SATURN,349.412676,PISCES,19.412676,0,0,0,0,0,0.00718615
2024-06-25,URANUS,55.46309,TAURUS,25.46309,0,0,0,0,0,0.04806177
2024-06-25,NEPTUNE,359.918877,PISCES,29.918877,0,0,0,0,0,0.00376767
2024-06-25,PLUTO,301.496318,AQUARIUS,1.496318,1,0,0,0,0,-0.02039474
2024-06-26,SUN,95.370455,CANCER,5.370455,0,0,0,0,0,0.95351764
2024-06-26,MERCURY,108.923432,CANCER,18.923432,0,0,0,0,0,1.93998713
2024-06-26,VENUS,101.346285,CANCER,11.346285,0,0,0,0,0,1.22852577
2024-06-26,MARS,42.710323,TAURUS,12.710323,0,0,0,0,0,0.72508547
2024-06-26,JUPITER,67.233399,GEMINI,7.233399,0,0,0,0,0,0.22033622
2024-06-26,SATURN,349.419022,PISCES,19.419022,0,0,0,0,0,0.00550666
2024-06-26,URANUS,55.510916,TAURUS,25.510916,0,0,0,0,0,0.04758924
2024-06-26,NEPTUNE,359.922364,PISCES,29.922364,0,0,0,0,0,0.00320712
2024-06-26,PLUTO,301.4758,AQUARIUS,1.4758,1,0,0,0,0,-0.02063868
2024-06-27,SUN,96.323969,CANCER,6.323969,0,0,0,0,0,0.95351336
2024-06-27,MERCURY,110.846423,CANCER,20.846423,0,0,0,0,0,1.90590699
2024-06-27,VENUS,102.574829,CANCER,12.574829,0,0,0,0,0,1.22856352
2024-06-27,MARS,43.434845,TAURUS,13.434845,0,0,0,0,0,0.72395654
2024-06-27,JUPITER,67.453342,GEMINI,7.453342,0,0,0,0,0,0.21954797
2024-06-27,SATURN,349.423689,PISCES,19.423689,0,0,0,0,0,0.00382901
2024-06-27,URANUS,55.558267,TAURUS,25.558267,0,0,0,0,0,0.04711214
2024-06-27,NEPTUNE,359.925292,PISCES,29.925292,0,0,0,0,0,0.00265078
2024-06-27,PLUTO,301.455044,AQUARIUS,1.455044,1,0,0,0,0,-0.02087075
2024-06-28,SUN,97.277492,CANCER,7.277492,0,0,0,0,0,0.95353296
2024-06-28,MERCURY,112.735073,CANCER,22.735073,0,0,0,0,0,1.8713345
2024-06-28,VENUS,103.803418,CANCER,13.803418,0,0,0,0,0,1.22861508
2024-06-28,MARS,44.158233,TAURUS,14.158233,0,0,0,0,0,0.72281695
2024-06-28,JUPITER,67.672491,GEMINI,7.672491,0,0,0,0,0,0.21874672
2024-06-28,SATURN,349.426681,PISCES,19.426681,0,0,0,0,0,0.00215687
2024-06-28,URANUS,55.60514,TAURUS,25.60514,0,0,0,0,0,0.04663346
2024-06-28,NEPTUNE,359.927667,PISCES,29.927667,0,0,0,0,0,0.002102
2024-06-28,PLUTO,301.434063,AQUARIUS,1.434063,1,0,0,0,0,-0.02108749
2024-06-29,SUN,98.231044,CANCER,8.231044,0,0,0,0,0,0.95357236
2024-06-29,MERCURY,114.588971,CANCER,24.588971,0,0,0,0,0,1.8364257
2024-06-29,VENUS,105.032064,CANCER,15.032064,0,0,0,0,0,1.22867864
2024-06-29,MARS,44.880476,TAURUS,14.880476,0,0,0,0,0,0.72166523
2024-06-29,JUPITER,67.890832,GEMINI,7.890832,0,0,0,0,0,0.21793225
2024-06-29,SATURN,349.428005,PISCES,19.428005,0,0,0,0,0,0.00049176
2024-06-29,URANUS,55.651534,TAURUS,25.651534,0,0,0,0,0,0.04615389
2024-06-29,NEPTUNE,359.929499,PISCES,29.929499,0,0,0,0,0,0.00156182
2024-06-29,PLUTO,301.412874,AQUARIUS,1.412874,1,0,0,0,0,-0.02128778
2024-06-30,SUN,99.184643,CANCER,9.184643,0,0,0,0,0,0.95362499
2024-06-30,MERCURY,116.407842,CANCER,26.407842,0,0,0,0,0,1.80129583
2024-06-30,VENUS,106.260778,CANCER,16.260778,0,0,0,0,0,1.22874967
2024-06-30,MARS,45.60156,TAURUS,15.60156,0,0,0,0,0,0.72049789
2024-06-30,JUPITER,68.108351,GEMINI,8.108351,0,0,0,0,0,0.21710193
2024-06-30,SATURN,349.427667,PISCES,19.427667,1,0,1,0,1,-0.00116709
2024-06-30,URANUS,55.697447,TAURUS,25.697447,0,0,0,0,0,0.04567159
2024-06-30,NEPTUNE,359.930794,PISCES,29.930794,0,0,0,0,0,0.00102884
2024-06-30,PLUTO,301.391492,AQUARIUS,1.391492,1,0,0,0,0,-0.02147287
2024-07-01,SUN,100.138298,CANCER,10.138298,0,0,0,0,0,0.95368277
2024-07-01,MERCURY,118.191507,CANCER,28.191507,0,0,0,0,0,1.76602366
2024-07-01,VENUS,107.489565,CANCER,17.489565,0,0,0,0,0,1.22882196
2024-07-01,MARS,46.321467,TAURUS,16.321467,0,0,0,0,0,0.71931043
2024-07-01,JUPITER,68.32503,GEMINI,8.32503,0,0,0,0,0,0.21625146
2024-07-01,SATURN,349.425672,PISCES,19.425672,1,0,0,0,0,-0.00282219
2024-07-01,URANUS,55.742875,TAURUS,25.742875,0,0,0,0,0,0.04518305
2024-07-01,NEPTUNE,359.931558,PISCES,29.931558,0,0,0,0,0,0.00049985
2024-07-01,PLUTO,301.369932,AQUARIUS,1.369932,1,0,0,0,0,-0.021646
2024-07-02,SUN,101.09201,CANCER,11.09201,0,0,0,0,0,0.95373748
2024-07-02,MERCURY,119.939851,CANCER,29.939851,0,0,0,0,0,1.73065727
2024-07-02,VENUS,108.718422,CANCER,18.718422,0,0,0,0,0,1.22888869
2024-07-02,MARS,47.040174,TAURUS,17.040174,0,0,0,0,0,0.71809821
2024-07-02,JUPITER,68.540846,GEMINI,8.540846,0,0,0,0,0,0.21537585
2024-07-02,SATURN,349.422023,PISCES,19.422023,1,0,0,0,0,-0.00447681
2024-07-02,URANUS,55.78781,TAURUS,25.78781,0,0,0,0,0,0.04468385
2024-07-02,NEPTUNE,359.931794,PISCES,29.931794,1,0,1,0,1,-2.926e-05
2024-07-02,PLUTO,301.348203,AQUARIUS,1.348203,1,0,0,0,0,-0.0218113
2024-07-03,SUN,102.045772,CANCER,12.045772,0,0,0,0,0,0.95378224
2024-07-03,MERCURY,121.652791,LEO,1.652791,0,1,0,0,0,1.6952188
2024-07-03,VENUS,109.94734,CANCER,19.94734,0,0,0,0,0,1.22894382
2024-07-03,MARS,47.757656,TAURUS,17.757656,0,0,0,0,0,0.71685768
2024-07-03,JUPITER,68.755772,GEMINI,8.755772,0,0,0,0,0,0.21447079
2024-07-03,SATURN,349.416719,PISCES,19.416719,1,0,0,0,0,-0.00613385
2024-07-03,URANUS,55.832238,TAURUS,25.832238,0,0,0,0,0,0.04417002
2024-07-03,NEPTUNE,359.931499,PISCES,29.931499,1,0,0,0,0,-0.00056221
2024-07-03,PLUTO,301.326311,AQUARIUS,1.326311,1,0,0,0,0,-0.02197261
2024-07-04,SUN,102.999572,CANCER,12.999572,0,0,0,0,0,0.9538125
2024-07-04,MERCURY,123.330258,LEO,3.330258,0,0,0,0,0,1.65970974
2024-07-04,VENUS,111.176305,CANCER,21.176305,0,0,0,0,0,1.22898325
2024-07-04,MARS,48.473881,TAURUS,18.473881,0,0,0,0,0,0.71558727
2024-07-04,JUPITER,68.969778,GEMINI,8.969778,0,0,0,0,0,0.21353351
2024-07-04,SATURN,349.409755,PISCES,19.409755,1,0,0,0,0,-0.00779484
2024-07-04,URANUS,55.876145,TAURUS,25.876145,0,0,0,0,0,0.04363903
2024-07-04,NEPTUNE,359.930668,PISCES,29.930668,1,0,0,0,0,-0.00110138
2024-07-04,PLUTO,301.304259,AQUARIUS,1.304259,1,0,0,0,0,-0.02213241
2024-07-05,SUN,103.953394,CANCER,13.953394,0,0,0,0,0,0.95382673
2024-07-05,MERCURY,124.972175,LEO,4.972175,0,0,0,0,0,1.62411434
2024-07-05,VENUS,112.405301,CANCER,22.405301,0,0,0,0,0,1.22900536
2024-07-05,MARS,49.188822,TAURUS,19.188822,0,0,0,0,0,0.71428774
2024-07-05,JUPITER,69.182829,GEMINI,9.182829,0,0,0,0,0,0.21256343
2024-07-05,SATURN,349.401127,PISCES,19.401127,1,0,0,0,0,-0.00945933
2024-07-05,URANUS,55.919511,TAURUS,25.919511,0,0,0,0,0,0.04309042
2024-07-05,NEPTUNE,359.929294,PISCES,29.929294,1,0,0,0,0,-0.00164716
2024-07-05,PLUTO,301.282046,AQUARIUS,1.282046,1,0,0,0,0,-0.02229131
2024-07-06,SUN,104.907224,CANCER,14.907224,0,0,0,0,0,0.95382622
2024-07-06,MERCURY,126.578441,LEO,6.578441,0,0,0,0,0,1.58840269
2024-07-06,VENUS,113.634311,CANCER,23.634311,0,0,0,0,0,1.2290109
2024-07-06,MARS,49.902449,TAURUS,19.902449,0,0,0,0,0,0.71296217
2024-07-06,JUPITER,69.394895,GEMINI,9.394895,0,0,0,0,0,0.21156204
2024-07-06,SATURN,349.390835,PISCES,19.390835,1,0,0,0,0,-0.01112503
2024-07-06,URANUS,55.96232,TAURUS,25.96232,0,0,0,0,0,0.04252564
2024-07-06,NEPTUNE,359.927371,PISCES,29.927371,1,0,0,0,0,-0.00219802
2024-07-06,PLUTO,301.259676,AQUARIUS,1.259676,1,0,0,0,0,-0.02244803
2024-07-07,SUN,105.861046,CANCER,15.861046,0,0,0,0,0,0.95381442
2024-07-07,MERCURY,128.148921,LEO,8.148921,0,0,0,0,0,1.55253223
2024-07-07,VENUS,114.863319,CANCER,24.863319,0,0,0,0,0,1.22900239
2024-07-07,MARS,50.61474,TAURUS,20.61474,0,0,0,0,0,0.71161507
2024-07-07,JUPITER,69.605944,GEMINI,9.605944,0,0,0,0,0,0.21053231
2024-07-07,SATURN,349.378877,PISCES,19.378877,1,0,0,0,0,-0.01278844
2024-07-07,URANUS,56.004558,TAURUS,26.004558,0,0,0,0,0,0.0419475
2024-07-07,NEPTUNE,359.924896,PISCES,29.924896,1,0,0,0,0,-0.00275121
2024-07-07,PLUTO,301.237151,AQUARIUS,1.237151,1,0,0,0,0,-0.02260006
2024-07-08,SUN,106.814854,CANCER,16.814854,0,0,0,0,0,0.95379579
2024-07-08,MERCURY,129.683428,LEO,9.683428,0,0,0,0,0,1.5164489
2024-07-08,VENUS,116.092313,CANCER,26.092313,0,0,0,0,0,1.22898311
2024-07-08,MARS,51.325675,TAURUS,21.325675,0,0,0,0,0,0.71025133
2024-07-08,JUPITER,69.815951,GEMINI,9.815951,0,0,0,0,0,0.20947754
2024-07-08,SATURN,349.365259,PISCES,19.365259,1,0,0,0,0,-0.01444577
2024-07-08,URANUS,56.046212,TAURUS,26.046212,0,0,0,0,0,0.0413591
2024-07-08,NEPTUNE,359.921868,PISCES,29.921868,1,0,0,0,0,-0.00330358
2024-07-08,PLUTO,301.214477,AQUARIUS,1.214477,1,0,0,0,0,-0.02274449
2024-07-09,SUN,107.768641,CANCER,17.768641,0,0,0,0,0,0.95377494
2024-07-09,MERCURY,131.18172,LEO,11.18172,0,0,0,0,0,1.48008777
2024-07-09,VENUS,117.321284,CANCER,27.321284,0,0,0,0,0,1.22895642
2024-07-09,MARS,52.03524,TAURUS,22.03524,0,0,0,0,0,0.70887539
2024-07-09,JUPITER,70.024892,GEMINI,10.024892,0,0,0,0,0,0.20840074
2024-07-09,SATURN,349.349987,PISCES,19.349987,1,0,0,0,0,-0.01609366
2024-07-09,URANUS,56.087274,TAURUS,26.087274,0,0,0,0,0,0.0407633
2024-07-09,NEPTUNE,359.918289,PISCES,29.918289,1,0,0,0,0,-0.0038524
2024-07-09,PLUTO,301.191664,AQUARIUS,1.191664,1,0,0,0,0,-0.02287883
2024-07-10,SUN,108.722408,CANCER,18.722408,0,0,0,0,0,0.95375599
2024-07-10,MERCURY,132.64348,LEO,12.64348,0,0,0,0,0,1.44337384
2024-07-10,VENUS,118.550225,CANCER,28.550225,0,0,0,0,0,1.228925
2024-07-10,MARS,52.743424,TAURUS,22.743424,0,0,0,0,0,0.70749064
2024-07-10,JUPITER,70.232747,GEMINI,10.232747,0,0,0,0,0,0.20730422
2024-07-10,SATURN,349.333074,PISCES,19.333074,1,0,0,0,0,-0.01772957
2024-07-10,URANUS,56.127737,TAURUS,26.127737,0,0,0,0,0,0.04016215
2024-07-10,NEPTUNE,359.914164,PISCES,29.914164,1,0,0,0,0,-0.00439563
2024-07-10,PLUTO,301.168722,AQUARIUS,1.168722,1,0,0,0,0,-0.02300131
2024-07-11,SUN,109.676159,CANCER,19.676159,0,0,0,0,0,0.95374234
2024-07-11,MERCURY,134.068316,LEO,14.068316,0,0,0,0,0,1.40622277
2024-07-11,VENUS,119.779133,CANCER,29.779133,0,0,0,0,0,1.22889093
2024-07-11,MARS,53.45022,TAURUS,23.45022,0,0,0,0,0,0.70609952
2024-07-11,JUPITER,70.439495,GEMINI,10.439495,0,0,0,0,0,0.20618949
2024-07-11,SATURN,349.314532,PISCES,19.314532,1,0,0,0,0,-0.01935165
2024-07-11,URANUS,56.167597,TAURUS,26.167597,0,0,0,0,0,0.03955703
2024-07-11,NEPTUNE,359.9095,PISCES,29.9095,1,0,0,0,0,-0.00493193
2024-07-11,PLUTO,301.145665,AQUARIUS,1.145665,1,0,0,0,0,-0.02311075
2024-07-12,SUN,110.6299,CANCER,20.6299,0,0,0,0,0,0.95373663
2024-07-12,MERCURY,135.455744,LEO,15.455744,0,0,0,0,0,1.36854155
2024-07-12,VENUS,121.008007,LEO,1.008007,0,1,0,0,0,1.22885562
2024-07-12,MARS,54.155622,TAURUS,24.155622,0,0,0,0,0,0.70470374
2024-07-12,JUPITER,70.64512,GEMINI,10.64512,0,0,0,0,0,0.20505743
2024-07-12,SATURN,349.294375,PISCES,19.294375,1,0,0,0,0,-0.02095877
2024-07-12,URANUS,56.20685,TAURUS,26.20685,0,0,0,0,0,0.0389487
2024-07-12,NEPTUNE,359.904303,PISCES,29.904303,1,0,0,0,0,-0.00546061
2024-07-12,PLUTO,301.122504,AQUARIUS,1.122504,1,0,0,0,0,-0.02320668
2024-07-13,SUN,111.58364,CANCER,21.58364,0,0,0,0,0,0.95374087
2024-07-13,MERCURY,136.805184,LEO,16.805184,0,0,0,0,0,1.33022903
2024-07-13,VENUS,122.236845,LEO,2.236845,0,0,0,0,0,1.22882001
2024-07-13,MARS,54.859627,TAURUS,24.859627,0,0,0,0,0,0.70330422
2024-07-13,JUPITER,70.849605,GEMINI,10.849605,0,0,0,0,0,0.20390837
2024-07-13,SATURN,349.272619,PISCES,19.272619,1,0,0,0,0,-0.02255027
2024-07-13,URANUS,56.245493,TAURUS,26.245493,0,0,0,0,0,0.03833744
2024-07-13,NEPTUNE,359.898581,PISCES,29.898581,1,0,0,0,0,-0.00598145
2024-07-13,PLUTO,301.099255,AQUARIUS,1.099255,1,0,0,0,0,-0.02328907
2024-07-14,SUN,112.537389,CANCER,22.537389,0,0,0,0,0,0.95375657
2024-07-14,MERCURY,138.11595,LEO,18.11595,0,0,0,0,0,1.29117619
2024-07-14,VENUS,123.465648,LEO,3.465648,0,0,0,0,0,1.22878438
2024-07-14,MARS,55.562231,TAURUS,25.562231,0,0,0,0,0,0.70190152
2024-07-14,JUPITER,71.052932,GEMINI,11.052932,0,0,0,0,0,0.20274212
2024-07-14,SATURN,349.24928,PISCES,19.24928,1,0,0,0,0,-0.02412601
2024-07-14,URANUS,56.283524,TAURUS,26.283524,0,0,0,0,0,0.03772297
2024-07-14,NEPTUNE,359.892342,PISCES,29.892342,1,0,0,0,0,-0.00649476
2024-07-14,PLUTO,301.07593,AQUARIUS,1.07593,1,0,0,0,0,-0.02335846
2024-07-15,SUN,113.491161,CANCER,23.491161,0,0,0,0,0,0.95378493
2024-07-15,MERCURY,139.387246,LEO,19.387246,0,0,0,0,0,1.25126671
2024-07-15,VENUS,124.694415,LEO,4.694415,0,0,0,0,0,1.22874875
2024-07-15,MARS,56.263431,TAURUS,26.263431,0,0,0,0,0,0.70049575
2024-07-15,JUPITER,71.255084,GEMINI,11.255084,0,0,0,0,0,0.20155807
2024-07-15,SATURN,349.224372,PISCES,19.224372,1,0,0,0,0,-0.02568633
2024-07-15,URANUS,56.320938,TAURUS,26.320938,0,0,0,0,0,0.03710463
2024-07-15,NEPTUNE,359.885594,PISCES,29.885594,1,0,0,0,0,-0.0070013
2024-07-15,PLUTO,301.052542,AQUARIUS,1.052542,1,0,0,0,0,-0.02341577
2024-07-16,SUN,114.444968,CANCER,24.444968,0,0,0,0,0,0.95382705
2024-07-16,MERCURY,140.618153,LEO,20.618153,0,0,0,0,0,1.21037738
2024-07-16,VENUS,125.923147,LEO,5.923147,0,0,0,0,0,1.22871281
2024-07-16,MARS,56.963223,TAURUS,26.963223,0,0,0,0,0,0.69908664
2024-07-16,JUPITER,71.456042,GEMINI,11.456042,0,0,0,0,0,0.20035516
2024-07-16,SATURN,349.197912,PISCES,19.197912,1,0,0,0,0,-0.02723208
2024-07-16,URANUS,56.357732,TAURUS,26.357732,0,0,0,0,0,0.03648118
2024-07-16,NEPTUNE,359.878342,PISCES,29.878342,1,0,0,0,0,-0.00750231
2024-07-16,PLUTO,301.029102,AQUARIUS,1.029102,1,0,0,0,0,-0.02346248
2024-07-17,SUN,115.398824,CANCER,25.398824,0,0,0,0,0,0.95388377
2024-07-17,MERCURY,141.807626,LEO,21.807626,0,0,0,0,0,1.16837828
2024-07-17,VENUS,127.151842,LEO,7.151842,0,0,0,0,0,1.228676
2024-07-17,MARS,57.661604,TAURUS,27.661604,0,0,0,0,0,0.69767325
2024-07-17,JUPITER,71.655788,GEMINI,11.655788,0,0,0,0,0,0.19913174
2024-07-17,SATURN,349.169913,PISCES,19.169913,1,0,0,0,0,-0.02876481
2024-07-17,URANUS,56.393898,TAURUS,26.393898,0,0,0,0,0,0.03585094
2024-07-17,NEPTUNE,359.87059,PISCES,29.87059,1,0,0,0,0,-0.00799967
2024-07-17,PLUTO,301.00562,AQUARIUS,1.00562,1,0,0,0,0,-0.0235006
2024-07-18,SUN,116.352745,CANCER,26.352745,0,0,0,0,0,0.95395567
2024-07-18,MERCURY,142.954489,LEO,22.954489,0,0,0,0,0,1.125133
2024-07-18,VENUS,128.380499,LEO,8.380499,0,0,0,0,0,1.22863729
2024-07-18,MARS,58.358569,TAURUS,28.358569,0,0,0,0,0,0.69625377
2024-07-18,JUPITER,71.854299,GEMINI,11.854299,0,0,0,0,0,0.19788541
2024-07-18,SATURN,349.140386,PISCES,19.140386,1,0,0,0,0,-0.03028682
2024-07-18,URANUS,56.429431,TAURUS,26.429431,0,0,0,0,0,0.03521137
2024-07-18,NEPTUNE,359.862343,PISCES,29.862343,1,0,0,0,0,-0.00849592
2024-07-18,PLUTO,300.982103,AQUARIUS,0.982103,1,0,0,0,0,-0.02353291
2024-07-19,SUN,117.306745,CANCER,27.306745,0,0,0,0,0,0.95404316
2024-07-19,MERCURY,144.057425,LEO,24.057425,0,0,0,0,0,1.08049948
2024-07-19,VENUS,129.609116,LEO,9.609116,0,0,0,0,0,1.22859558
2024-07-19,MARS,59.05411,TAURUS,29.05411,0,0,0,0,0,0.69482553
2024-07-19,JUPITER,72.05155,GEMINI,12.05155,0,0,0,0,0,0.1966133
2024-07-19,SATURN,349.109342,PISCES,19.109342,1,0,0,0,0,-0.03180094
2024-07-19,URANUS,56.464317,TAURUS,26.464317,0,0,0,0,0,0.03455963
2024-07-19,NEPTUNE,359.853598,PISCES,29.853598,1,0,0,0,0,-0.00899409
2024-07-19,PLUTO,300.958555,AQUARIUS,0.958555,1,0,0,0,0,-0.02356257
2024-07-20,SUN,118.26084,CANCER,28.26084,0,0,0,0,0,0.95414704
2024-07-20,MERCURY,145.114972,LEO,25.114972,0,0,0,0,0,1.03433111
2024-07-20,VENUS,130.83769,LEO,10.83769,0,0,0,0,0,1.22855037
2024-07-20,MARS,59.748217,TAURUS,29.748217,0,0,0,0,0,0.69338579
2024-07-20,JUPITER,72.247516,GEMINI,12.247516,0,0,0,0,0,0.19531288
2024-07-20,SATURN,349.076786,PISCES,19.076786,1,0,0,0,0,-0.03330962
2024-07-20,URANUS,56.498545,TAURUS,26.498545,0,0,0,0,0,0.03389333
2024-07-20,NEPTUNE,359.844353,PISCES,29.844353,1,0,0,0,0,-0.00949669
2024-07-20,PLUTO,300.934977,AQUARIUS,0.934977,1,0,0,0,0,-0.02359218
2024-07-21,SUN,119.215048,CANCER,29.215048,0,0,0,0,0,0.95426943
2024-07-21,MERCURY,146.125521,LEO,26.125521,0,0,0,0,0,0.98647813
2024-07-21,VENUS,132.066217,LEO,12.066217,0,0,0,0,0,1.22850301
2024-07-21,MARS,60.440878,GEMINI,0.440878,0,1,0,0,0,0.69193273
2024-07-21,JUPITER,72.442167,GEMINI,12.442167,0,0,0,0,0,0.19398317
2024-07-21,SATURN,349.042723,PISCES,19.042723,1,0,0,0,0,-0.03481348
2024-07-21,URANUS,56.532099,TAURUS,26.532099,0,0,0,0,0,0.03321177
2024-07-21,NEPTUNE,359.834602,PISCES,29.834602,1,0,0,0,0,-0.01000442
2024-07-21,PLUTO,300.911369,AQUARIUS,0.911369,1,0,0,0,0,-0.02362261
2024-07-22,SUN,120.16939,LEO,0.16939,0,1,0,0,0,0.9544143
2024-07-22,MERCURY,147.087312,LEO,27.087312,0,0,0,0,0,0.93678915
2024-07-22,VENUS,133.294697,LEO,13.294697,0,0,0,0,0,1.22845707
2024-07-22,MARS,61.132079,GEMINI,1.132079,0,0,0,0,0,0.6904664
2024-07-22,JUPITER,72.635474,GEMINI,12.635474,0,0,0,0,0,0.1926257
2024-07-22,SATURN,349.007159,PISCES,19.007159,1,0,0,0,0,-0.03631041
2024-07-22,URANUS,56.564964,TAURUS,26.564964,0,0,0,0,0,0.03251708
2024-07-22,NEPTUNE,359.824342,PISCES,29.824342,1,0,0,0,0,-0.01051519
2024-07-22,PLUTO,300.887731,AQUARIUS,0.887731,1,0,0,0,0,-0.02365166
2024-07-23,SUN,121.123889,LEO,1.123889,0,0,0,0,0,0.95458663
2024-07-23,MERCURY,147.998432,LEO,27.998432,0,0,0,0,0,0.88511125
2024-07-23,VENUS,134.523133,LEO,14.523133,0,0,0,0,0,1.22841815
2024-07-23,MARS,61.821808,GEMINI,1.821808,0,0,0,0,0,0.68898848
2024-07-23,JUPITER,72.82741,GEMINI,12.82741,0,0,0,0,0,0.19124426
2024-07-23,SATURN,348.970104,PISCES,18.970104,1,0,0,0,0,-0.03779563
2024-07-23,URANUS,56.59713,TAURUS,26.59713,0,0,0,0,0,0.03181384
2024-07-23,NEPTUNE,359.813571,PISCES,29.813571,1,0,0,0,0,-0.01102436
2024-07-23,PLUTO,300.864066,AQUARIUS,0.864066,1,0,0,0,0,-0.02367475
2024-07-24,SUN,122.078576,LEO,2.078576,0,0,0,0,0,0.95479073
2024-07-24,MERCURY,148.856815,LEO,28.856815,0,0,0,0,0,0.83128942
2024-07-24,VENUS,135.751537,LEO,15.751537,0,0,0,0,0,1.22839189
2024-07-24,MARS,62.510054,GEMINI,2.510054,0,0,0,0,0,0.68750102
2024-07-24,JUPITER,73.017956,GEMINI,13.017956,0,0,0,0,0,0.18984329
2024-07-24,SATURN,348.931572,PISCES,18.931572,1,0,0,0,0,-0.03926313
2024-07-24,URANUS,56.628591,TAURUS,26.628591,0,0,0,0,0,0.03110752
2024-07-24,NEPTUNE,359.802294,PISCES,29.802294,1,0,0,0,0,-0.01152619
2024-07-24,PLUTO,300.840384,AQUARIUS,0.840384,1,0,0,0,0,-0.02368603
2024-07-25,SUN,123.033484,LEO,3.033484,0,0,0,0,0,0.95502794
2024-07-25,MERCURY,149.660238,LEO,29.660238,0,0,0,0,0,0.77516606
2024-07-25,VENUS,136.979923,LEO,16.979923,0,0,0,0,0,1.22838167
2024-07-25,MARS,63.196808,GEMINI,3.196808,0,0,0,0,0,0.68600449
2024-07-25,JUPITER,73.207092,GEMINI,13.207092,0,0,0,0,0,0.18842588
2024-07-25,SATURN,348.891584,PISCES,18.891584,1,0,0,0,0,-0.0407079
2024-07-25,URANUS,56.659346,TAURUS,26.659346,0,0,0,0,0,0.03040244
2024-07-25,NEPTUNE,359.790522,PISCES,29.790522,1,0,0,0,0,-0.01201611
2024-07-25,PLUTO,300.816699,AQUARIUS,0.816699,1,0,0,0,0,-0.02368089
2024-07-26,SUN,123.988645,LEO,3.988645,0,0,0,0,0,0.95529536
2024-07-26,MERCURY,150.406321,VIRGO,0.406321,0,1,0,0,0,0.71658231
2024-07-26,VENUS,138.208307,LEO,18.208307,0,0,0,0,0,1.22838718
2024-07-26,MARS,63.882061,GEMINI,3.882061,0,0,0,0,0,0.68449669
2024-07-26,JUPITER,73.394803,GEMINI,13.394803,0,0,0,0,0,0.1869922
2024-07-26,SATURN,348.850164,PISCES,18.850164,1,0,0,0,0,-0.04212751
2024-07-26,URANUS,56.689397,TAURUS,26.689397,0,0,0,0,0,0.02969989
2024-07-26,NEPTUNE,359.778266,PISCES,29.778266,1,0,0,0,0,-0.01249238
2024-07-26,PLUTO,300.793028,AQUARIUS,0.793028,1,0,0,0,0,-0.02365747
2024-07-27,SUN,124.944085,LEO,4.944085,0,0,0,0,0,0.95558619
2024-07-27,MERCURY,151.092525,VIRGO,1.092525,0,0,0,0,0,0.65538184
2024-07-27,VENUS,139.436702,LEO,19.436702,0,0,0,0,0,1.22840415
2024-07-27,MARS,64.565798,GEMINI,4.565798,0,0,0,0,0,0.68297279
2024-07-27,JUPITER,73.58107,GEMINI,13.58107,0,0,0,0,0,0.18553934
2024-07-27,SATURN,348.807337,PISCES,18.807337,1,0,0,0,0,-0.04352248
2024-07-27,URANUS,56.718746,TAURUS,26.718746,0,0,0,0,0,0.02899819
2024-07-27,NEPTUNE,359.765541,PISCES,29.765541,1,0,0,0,0,-0.01295638
2024-07-27,PLUTO,300.769389,AQUARIUS,0.769389,1,0,0,0,0,-0.02361721
2024-07-28,SUN,125.899824,LEO,5.899824,0,0,0,0,0,0.95589131
2024-07-28,MERCURY,151.716157,VIRGO,1.716157,0,0,0,0,0,0.591418
2024-07-28,VENUS,140.665118,LEO,20.665118,0,0,0,0,0,1.22842587
2024-07-28,MARS,65.248,GEMINI,5.248,0,0,0,0,0,0.68142667
2024-07-28,JUPITER,73.765874,GEMINI,13.765874,0,0,0,0,0,0.18406244
2024-07-28,SATURN,348.763127,PISCES,18.763127,1,0,0,0,0,-0.04489543
2024-07-28,URANUS,56.747392,TAURUS,26.747392,0,0,0,0,0,0.02829341
2024-07-28,NEPTUNE,359.752356,PISCES,29.752356,1,0,0,0,0,-0.01341166
2024-07-28,PLUTO,300.745798,AQUARIUS,0.745798,1,0,0,0,0,-0.0235636
2024-07-29,SUN,126.855871,LEO,6.855871,0,0,0,0,0,0.95620148
2024-07-29,MERCURY,152.27439,VIRGO,2.27439,0,0,0,0,0,0.52456296
2024-07-29,VENUS,141.893554,LEO,21.893554,0,0,0,0,0,1.22844506
2024-07-29,MARS,65.928643,GEMINI,5.928643,0,0,0,0,0,0.67985253
2024-07-29,JUPITER,73.949186,GEMINI,13.949186,0,0,0,0,0,0.18255632
2024-07-29,SATURN,348.717553,PISCES,18.717553,1,0,0,0,0,-0.04624948
2024-07-29,URANUS,56.77533,TAURUS,26.77533,0,0,0,0,0,0.02758116
2024-07-29,NEPTUNE,359.738719,PISCES,29.738719,1,0,0,0,0,-0.01386237
2024-07-29,PLUTO,300.722265,AQUARIUS,0.722265,1,0,0,0,0,-0.02350104
2024-07-30,SUN,127.812228,LEO,7.812228,0,0,0,0,0,0.95650892
2024-07-30,MERCURY,152.764279,VIRGO,2.764279,0,0,0,0,0,0.454718
2024-07-30,VENUS,143.122006,LEO,23.122006,0,0,0,0,0,1.22845535
2024-07-30,MARS,66.607696,GEMINI,6.607696,0,0,0,0,0,0.67824601
2024-07-30,JUPITER,74.130976,GEMINI,14.130976,0,0,0,0,0,0.18101668
2024-07-30,SATURN,348.670634,PISCES,18.670634,1,0,0,0,0,-0.04758712
2024-07-30,URANUS,56.802551,TAURUS,26.802551,0,0,0,0,0,0.02685777
2024-07-30,NEPTUNE,359.724632,PISCES,29.724632,1,0,0,0,0,-0.01431202
2024-07-30,PLUTO,300.698798,AQUARIUS,0.698798,1,0,0,0,0,-0.02343318
2024-07-31,SUN,128.768889,LEO,8.768889,0,0,0,0,0,0.95680803
2024-07-31,MERCURY,153.182802,VIRGO,3.182802,0,0,0,0,0,0.38182548
2024-07-31,VENUS,144.350461,LEO,24.350461,0,0,0,0,0,1.22845205
2024-07-31,MARS,67.285125,GEMINI,7.285125,0,0,0,0,0,0.6766047
2024-07-31,JUPITER,74.311208,GEMINI,14.311208,0,0,0,0,0,0.17944083
2024-07-31,SATURN,348.622384,PISCES,18.622384,1,0,0,0,0,-0.04890953
2024-07-31,URANUS,56.829042,TAURUS,26.829042,0,0,0,0,0,0.02612098
2024-07-31,NEPTUNE,359.710095,PISCES,29.710095,1,0,0,0,0,-0.01476276
2024-07-31,PLUTO,300.6754,AQUARIUS,0.6754,1,0,0,0,0,-0.0233624
2024-08-01,SUN,129.725843,LEO,9.725843,0,0,0,0,0,0.95709556
2024-08-01,MERCURY,153.526904,VIRGO,3.526904,0,0,0,0,0,0.30588183
2024-08-01,VENUS,145.578906,LEO,25.578906,0,0,0,0,0,1.22843252
2024-08-01,MARS,67.960895,GEMINI,7.960895,0,0,0,0,0,0.67492838
2024-08-01,JUPITER,74.489845,GEMINI,14.489845,0,0,0,0,0,0.1778279
2024-08-01,SATURN,348.572819,PISCES,18.572819,1,0,0,0,0,-0.05021635
2024-08-01,URANUS,56.854788,TAURUS,26.854788,0,0,0,0,0,0.02537019
2024-08-01,NEPTUNE,359.695106,PISCES,29.695106,1,0,0,0,0,-0.0152152
2024-08-01,PLUTO,300.652073,AQUARIUS,0.652073,1,0,0,0,0,-0.02328961
2024-08-02,SUN,130.683078,LEO,10.683078,0,0,0,0,0,0.95737044
2024-08-02,MERCURY,153.793562,VIRGO,3.793562,0,0,0,0,0,0.22695298
2024-08-02,VENUS,146.807321,LEO,26.807321,0,0,0,0,0,1.2283958
2024-08-02,MARS,68.634971,GEMINI,8.634971,0,0,0,0,0,0.67321848
2024-08-02,JUPITER,74.666852,GEMINI,14.666852,0,0,0,0,0,0.17617858
2024-08-02,SATURN,348.521956,PISCES,18.521956,1,0,0,0,0,-0.05150577
2024-08-02,URANUS,56.879778,TAURUS,26.879778,0,0,0,0,0,0.0246063
2024-08-02,NEPTUNE,359.679664,PISCES,29.679664,1,0,0,0,0,-0.01566841
2024-08-02,PLUTO,300.62882,AQUARIUS,0.62882,1,0,0,0,0,-0.02321418
2024-08-03,SUN,131.640582,LEO,11.640582,0,0,0,0,0,0.95763348
2024-08-03,MERCURY,153.979858,VIRGO,3.979858,0,0,0,0,0,0.14519159
2024-08-03,VENUS,148.035692,LEO,28.035692,0,0,0,0,0,1.22834256
2024-08-03,MARS,69.307322,GEMINI,9.307322,0,0,0,0,0,0.67147819
2024-08-03,JUPITER,74.842191,GEMINI,14.842191,0,0,0,0,0,0.17449498
2024-08-03,SATURN,348.469813,PISCES,18.469813,1,0,0,0,0,-0.05277482
2024-08-03,URANUS,56.903997,TAURUS,26.903997,0,0,0,0,0,0.02383145
2024-08-03,NEPTUNE,359.663769,PISCES,29.663769,1,0,0,0,0,-0.01612029
2024-08-03,PLUTO,300.605645,AQUARIUS,0.605645,1,0,0,0,0,-0.02313428
2024-08-04,SUN,132.598345,LEO,12.598345,0,0,0,0,0,0.95788685
2024-08-04,MERCURY,154.08308,VIRGO,4.08308,0,0,0,0,0,0.06085695
2024-08-04,VENUS,149.264002,LEO,29.264002,0,0,0,0,0,1.22827451
2024-08-04,MARS,69.97792,GEMINI,9.97792,0,0,0,0,0,0.6697115
2024-08-04,JUPITER,75.015831,GEMINI,15.015831,0,0,0,0,0,0.17277998
2024-08-04,SATURN,348.416413,PISCES,18.416413,1,0,0,0,0,-0.05401992
2024-08-04,URANUS,56.927438,TAURUS,26.927438,0,0,0,0,0,0.02304855
2024-08-04,NEPTUNE,359.647423,PISCES,29.647423,1,0,0,0,0,-0.01656804
2024-08-04,PLUTO,300.582553,AQUARIUS,0.582553,1,0,0,0,0,-0.02304748
2024-08-05,SUN,133.556357,LEO,13.556357,0,0,0,0,0,0.95813349
2024-08-05,MERCURY,154.100836,VIRGO,4.100836,1,0,1,0,1,-0.02566353
2024-08-05,VENUS,150.492237,VIRGO,0.492237,0,1,0,0,0,1.22819391
2024-08-05,MARS,70.646739,GEMINI,10.646739,0,0,0,0,0,0.66792268
2024-08-05,JUPITER,75.187742,GEMINI,15.187742,0,0,0,0,0,0.1710366
2024-08-05,SATURN,348.361781,PISCES,18.361781,1,0,0,0,0,-0.05523753
2024-08-05,URANUS,56.950093,TAURUS,26.950093,0,0,0,0,0,0.02226053
2024-08-05,NEPTUNE,359.630634,PISCES,29.630634,1,0,0,0,0,-0.01700884
2024-08-05,PLUTO,300.559552,AQUARIUS,0.559552,1,0,0,0,0,-0.02295126
2024-08-06,SUN,134.514614,LEO,14.514614,0,0,0,0,0,0.95837642
2024-08-06,MERCURY,154.031195,VIRGO,4.031195,1,0,0,0,0,-0.11383214
2024-08-06,VENUS,151.720386,VIRGO,1.720386,0,0,0,0,0,1.22810277
2024-08-06,MARS,71.31376,GEMINI,11.31376,0,0,0,0,0,0.66611548
2024-08-06,JUPITER,75.357896,GEMINI,15.357896,0,0,0,0,0,0.1692674
2024-08-06,SATURN,348.305946,PISCES,18.305946,1,0,0,0,0,-0.0564247
2024-08-06,URANUS,56.971958,TAURUS,26.971958,0,0,0,0,0,0.02146985
2024-08-06,NEPTUNE,359.613408,PISCES,29.613408,1,0,0,0,0,-0.01744035
2024-08-06,PLUTO,300.536653,AQUARIUS,0.536653,1,0,0,0,0,-0.02284358
2024-08-07,SUN,135.473113,LEO,15.473113,0,0,0,0,0,0.95861839
2024-08-07,MERCURY,153.872849,VIRGO,3.872849,1,0,0,0,0,-0.20293864
2024-08-07,VENUS,152.94844,VIRGO,2.94844,0,0,0,0,0,1.22800286
2024-08-07,MARS,71.978966,GEMINI,11.978966,0,0,0,0,0,0.66429285
2024-08-07,JUPITER,75.526269,GEMINI,15.526269,0,0,0,0,0,0.16747425
2024-08-07,SATURN,348.248941,PISCES,18.248941,1,0,0,0,0,-0.05757926
2024-08-07,URANUS,56.993032,TAURUS,26.993032,0,0,0,0,0,0.02067825
2024-08-07,NEPTUNE,359.595756,PISCES,29.595756,1,0,0,0,0,-0.01786098
2024-08-07,PLUTO,300.513868,AQUARIUS,0.513868,1,0,0,0,0,-0.02272319
2024-08-08,SUN,136.431855,LEO,16.431855,0,0,0,0,0,0.95886171
2024-08-08,MERCURY,153.625296,VIRGO,3.625296,1,0,0,0,0,-0.29208102
2024-08-08,VENUS,154.17639,VIRGO,4.17639,0,0,0,0,0,1.22789539
2024-08-08,MARS,72.642342,GEMINI,12.642342,0,0,0,0,0,0.66245684
2024-08-08,JUPITER,75.692837,GEMINI,15.692837,0,0,0,0,0,0.16565827
2024-08-08,SATURN,348.190798,PISCES,18.190798,1,0,0,0,0,-0.05869976
2024-08-08,URANUS,57.013314,TAURUS,27.013314,0,0,0,0,0,0.01988682
2024-08-08,NEPTUNE,359.577689,PISCES,29.577689,1,0,0,0,0,-0.0182698
2024-08-08,PLUTO,300.49121,AQUARIUS,0.49121,1,0,0,0,0,-0.02258939
2024-08-09,SUN,137.390842,LEO,17.390842,0,0,0,0,0,0.95910815
2024-08-09,MERCURY,153.289034,VIRGO,3.289034,1,0,0,0,0,-0.38015145
2024-08-09,VENUS,155.404229,VIRGO,5.404229,0,0,0,0,0,1.22778114
2024-08-09,MARS,73.303877,GEMINI,13.303877,0,0,0,0,0,0.66060874
2024-08-09,JUPITER,75.857578,GEMINI,15.857578,0,0,0,0,0,0.16382
2024-08-09,SATURN,348.131552,PISCES,18.131552,1,0,0,0,0,-0.05978546
2024-08-09,URANUS,57.032806,TAURUS,27.032806,0,0,0,0,0,0.01909601
2024-08-09,NEPTUNE,359.55922,PISCES,29.55922,1,0,0,0,0,-0.01866648
2024-08-09,PLUTO,300.468693,AQUARIUS,0.468693,1,0,0,0,0,-0.02244218
2024-08-10,SUN,138.350077,LEO,18.350077,0,0,0,0,0,0.9593589
2024-08-10,MERCURY,152.865779,VIRGO,2.865779,1,0,0,0,0,-0.46583076
2024-08-10,VENUS,156.631951,VIRGO,6.631951,0,0,0,0,0,1.22766035
2024-08-10,MARS,73.963557,GEMINI,13.963557,0,0,0,0,0,0.65874924
2024-08-10,JUPITER,76.02047,GEMINI,16.02047,0,0,0,0,0,0.16195939
2024-08-10,SATURN,348.071238,PISCES,18.071238,1,0,0,0,0,-0.06083611
2024-08-10,URANUS,57.051507,TAURUS,27.051507,0,0,0,0,0,0.01830578
2024-08-10,NEPTUNE,359.54036,PISCES,29.54036,1,0,0,0,0,-0.01905122
2024-08-10,PLUTO,300.446329,AQUARIUS,0.446329,1,0,0,0,0,-0.02228199
2024-08-11,SUN,139.309565,LEO,19.309565,0,0,0,0,0,0.95961478
2024-08-11,MERCURY,152.358666,VIRGO,2.358666,1,0,0,0,0,-0.54759516
2024-08-11,VENUS,157.859548,VIRGO,7.859548,0,0,0,0,0,1.22753273
2024-08-11,MARS,74.621373,GEMINI,14.621373,0,0,0,0,0,0.65687844
2024-08-11,JUPITER,76.18149,GEMINI,16.18149,0,0,0,0,0,0.16007589
2024-08-11,SATURN,348.009891,PISCES,18.009891,1,0,0,0,0,-0.06185209
2024-08-11,URANUS,57.069417,TAURUS,27.069417,0,0,0,0,0,0.01751552
2024-08-11,NEPTUNE,359.521121,PISCES,29.521121,1,0,0,0,0,-0.01942478
2024-08-11,PLUTO,300.424133,AQUARIUS,0.424133,1,0,0,0,0,-0.02210982
2024-08-12,SUN,140.269313,LEO,20.269313,0,0,0,0,0,0.95987628
2024-08-12,MERCURY,151.772451,VIRGO,1.772451,1,0,0,0,0,-0.62373912
2024-08-12,VENUS,159.087015,VIRGO,9.087015,0,0,0,0,0,1.22739774
2024-08-12,MARS,75.277312,GEMINI,15.277312,0,0,0,0,0,0.65499613
2024-08-12,JUPITER,76.340614,GEMINI,16.340614,0,0,0,0,0,0.15816849
2024-08-12,SATURN,347.947546,PISCES,17.947546,1,0,0,0,0,-0.06283425
2024-08-12,URANUS,57.086537,TAURUS,27.086537,0,0,0,0,0,0.01672418
2024-08-12,NEPTUNE,359.501513,PISCES,29.501513,1,0,0,0,0,-0.01978836
2024-08-12,PLUTO,300.402113,AQUARIUS,0.402113,1,0,0,0,0,-0.02192712
2024-08-13,SUN,141.229324,LEO,21.229324,0,0,0,0,0,0.96014392
2024-08-13,MERCURY,151.113667,VIRGO,1.113667,1,0,0,0,0,-0.69241658
2024-08-13,VENUS,160.314342,VIRGO,10.314342,0,0,0,0,0,1.22725455
2024-08-13,MARS,75.931362,GEMINI,15.931362,0,0,0,0,0,0.65310186
2024-08-13,JUPITER,76.497819,GEMINI,16.497819,0,0,0,0,0,0.15623589
2024-08-13,SATURN,347.884234,PISCES,17.884234,1,0,0,0,0,-0.06378389
2024-08-13,URANUS,57.102865,TAURUS,27.102865,0,0,0,0,0,0.01593041
2024-08-13,NEPTUNE,359.481547,PISCES,29.481547,1,0,0,0,0,-0.02014354
2024-08-13,PLUTO,300.380281,AQUARIUS,0.380281,1,0,0,0,0,-0.02173574
2024-08-14,SUN,142.189607,LEO,22.189607,0,0,0,0,0,0.96041826
2024-08-14,MERCURY,150.39074,VIRGO,0.39074,1,0,0,0,0,-0.75170368
2024-08-14,VENUS,161.541522,VIRGO,11.541522,0,0,0,0,0,1.22710231
2024-08-14,MARS,76.583512,GEMINI,16.583512,0,0,0,0,0,0.65119475
2024-08-14,JUPITER,76.653077,GEMINI,16.653077,0,0,0,0,0,0.15427642
2024-08-14,SATURN,347.819988,PISCES,17.819988,1,0,0,0,0,-0.06470271
2024-08-14,URANUS,57.118397,TAURUS,27.118397,0,0,0,0,0,0.01513244
2024-08-14,NEPTUNE,359.461228,PISCES,29.461228,1,0,0,0,0,-0.02049225
2024-08-14,PLUTO,300.358644,AQUARIUS,0.358644,1,0,0,0,0,-0.02153785
2024-08-15,SUN,143.150168,LEO,23.150168,0,0,0,0,0,0.96069985
2024-08-15,MERCURY,149.614024,LEO,29.614024,1,1,0,0,0,-0.79968144
2024-08-15,VENUS,162.768545,VIRGO,12.768545,0,0,0,0,0,1.22694006
2024-08-15,MARS,77.233748,GEMINI,17.233748,0,0,0,0,0,0.64927344
2024-08-15,JUPITER,76.806362,GEMINI,16.806362,0,0,0,0,0,0.15228791
2024-08-15,SATURN,347.754838,PISCES,17.754838,1,0,0,0,0,-0.06559302
2024-08-15,URANUS,57.133128,TAURUS,27.133128,0,0,0,0,0,0.01432806
2024-08-15,NEPTUNE,359.440563,PISCES,29.440563,1,0,0,0,0,-0.02083695
2024-08-15,PLUTO,300.337207,AQUARIUS,0.337207,1,0,0,0,0,-0.02133611
2024-08-16,SUN,144.111014,LEO,24.111014,0,0,0,0,0,0.96098962
2024-08-16,MERCURY,148.79575,LEO,28.79575,1,0,0,0,0,-0.83453399
2024-08-16,VENUS,163.995399,VIRGO,13.995399,0,0,0,0,0,1.22676708
2024-08-16,MARS,77.882055,GEMINI,17.882055,0,0,0,0,0,0.64733606
2024-08-16,JUPITER,76.957643,GEMINI,16.957643,0,0,0,0,0,0.15026794
2024-08-16,SATURN,347.68881,PISCES,17.68881,1,0,0,0,0,-0.06645742
2024-08-16,URANUS,57.14705,TAURUS,27.14705,0,0,0,0,0,0.01351485
2024-08-16,NEPTUNE,359.419554,PISCES,29.419554,1,0,0,0,0,-0.02118028
2024-08-16,PLUTO,300.315972,AQUARIUS,0.315972,1,0,0,0,0,-0.02113336
2024-08-17,SUN,145.072154,LEO,25.072154,0,0,0,0,0,0.96128962
2024-08-17,MERCURY,147.949868,LEO,27.949868,1,0,0,0,0,-0.85465479
2024-08-17,VENUS,165.222076,VIRGO,15.222076,0,0,0,0,0,1.22658387
2024-08-17,MARS,78.528415,GEMINI,18.528415,0,0,0,0,0,0.64538099
2024-08-17,JUPITER,77.106887,GEMINI,17.106887,0,0,0,0,0,0.14821464
2024-08-17,SATURN,347.62193,PISCES,17.62193,1,0,0,0,0,-0.06729788
2024-08-17,URANUS,57.160154,TAURUS,27.160154,0,0,0,0,0,0.01269104
2024-08-17,NEPTUNE,359.398202,PISCES,29.398202,1,0,0,0,0,-0.02152418
2024-08-17,PLUTO,300.294939,AQUARIUS,0.294939,1,0,0,0,0,-0.0209317
2024-08-18,SUN,146.033601,LEO,26.033601,0,0,0,0,0,0.96160424
2024-08-18,MERCURY,147.091786,LEO,27.091786,1,0,0,0,0,-0.85875084
2024-08-18,VENUS,166.448565,VIRGO,16.448565,0,0,0,0,0,1.22639353
2024-08-18,MARS,79.172812,GEMINI,19.172812,0,0,0,0,0,0.6434079
2024-08-18,JUPITER,77.254061,GEMINI,17.254061,0,0,0,0,0,0.14612809
2024-08-18,SATURN,347.554221,PISCES,17.554221,1,0,0,0,0,-0.06811429
2024-08-18,URANUS,57.172428,TAURUS,27.172428,0,0,0,0,0,0.01185709
2024-08-18,NEPTUNE,359.376505,PISCES,29.376505,1,0,0,0,0,-0.02186843
2024-08-18,PLUTO,300.274107,AQUARIUS,0.274107,1,0,0,0,0,-0.02073104
2024-08-19,SUN,146.995373,LEO,26.995373,0,0,0,0,0,0.96194046
2024-08-19,MERCURY,146.23801,LEO,26.23801,1,0,0,0,0,-0.84593397
2024-08-19,VENUS,167.674862,VIRGO,17.674862,0,0,0,0,0,1.22620233
2024-08-19,MARS,79.815227,GEMINI,19.815227,0,0,0,0,0,0.6414183
2024-08-19,JUPITER,77.399133,GEMINI,17.399133,0,0,0,0,0,0.144011
2024-08-19,SATURN,347.485708,PISCES,17.485708,1,0,0,0,0,-0.06890354
2024-08-19,URANUS,57.183865,TAURUS,27.183865,0,0,0,0,0,0.01101626
2024-08-19,NEPTUNE,359.354465,PISCES,29.354465,1,0,0,0,0,-0.02220981
2024-08-19,PLUTO,300.253476,AQUARIUS,0.253476,1,0,0,0,0,-0.02052818
2024-08-20,SUN,147.957496,LEO,27.957496,0,0,0,0,0,0.96230655
2024-08-20,MERCURY,145.405702,LEO,25.405702,1,0,0,0,0,-0.8157886
2024-08-20,VENUS,168.900972,VIRGO,18.900972,0,0,0,0,0,1.22601877
2024-08-20,MARS,80.455645,GEMINI,20.455645,0,0,0,0,0,0.63941481
2024-08-20,JUPITER,77.542075,GEMINI,17.542075,0,0,0,0,0,0.14186818
2024-08-20,SATURN,347.416423,PISCES,17.416423,1,0,0,0,0,-0.06965991
2024-08-20,URANUS,57.19446,TAURUS,27.19446,0,0,0,0,0,0.01017431
2024-08-20,NEPTUNE,359.332087,PISCES,29.332087,1,0,0,0,0,-0.02254259
2024-08-20,PLUTO,300.233051,AQUARIUS,0.233051,1,0,0,0,0,-0.02031738
2024-08-21,SUN,148.920002,LEO,28.920002,0,0,0,0,0,0.9627091
2024-08-21,MERCURY,144.612187,LEO,24.612187,1,0,0,0,0,-0.7684069
2024-08-21,VENUS,170.126905,VIRGO,20.126905,0,0,0,0,0,1.22585086
2024-08-21,MARS,81.094053,GEMINI,21.094053,0,0,0,0,0,0.63739903
2024-08-21,JUPITER,77.682863,GEMINI,17.682863,0,0,0,0,0,0.13970428
2024-08-21,SATURN,347.3464,PISCES,17.3464,1,0,0,0,0,-0.0703772
2024-08-21,URANUS,57.204216,TAURUS,27.204216,0,0,0,0,0,0.00933712
2024-08-21,NEPTUNE,359.309383,PISCES,29.309383,1,0,0,0,0,-0.02286071
2024-08-21,PLUTO,300.212844,AQUARIUS,0.212844,1,0,0,0,0,-0.02009252
2024-08-22,SUN,149.88293,LEO,29.88293,0,0,0,0,0,0.96315003
2024-08-22,MERCURY,143.874443,LEO,23.874443,1,0,0,0,0,-0.70438563
2024-08-22,VENUS,171.352681,VIRGO,21.352681,0,0,0,0,0,1.22570285
2024-08-22,MARS,81.730439,GEMINI,21.730439,0,0,0,0,0,0.63536931
2024-08-22,JUPITER,77.821477,GEMINI,17.821477,0,0,0,0,0,0.13752126
2024-08-22,SATURN,347.275682,PISCES,17.275682,1,0,0,0,0,-0.0710513
2024-08-22,URANUS,57.213137,TAURUS,27.213137,0,0,0,0,0,0.00850807
2024-08-22,NEPTUNE,359.286371,PISCES,29.286371,1,0,0,0,0,-0.02316049
2024-08-22,PLUTO,300.192871,AQUARIUS,0.192871,1,0,0,0,0,-0.01984989
2024-08-23,SUN,150.846316,VIRGO,0.846316,0,1,0,0,0,0.96362509
2024-08-23,MERCURY,143.208617,LEO,23.208617,1,0,0,0,0,-0.62478423
2024-08-23,VENUS,172.578318,VIRGO,22.578318,0,0,0,0,0,1.22557363
2024-08-23,MARS,82.364786,GEMINI,22.364786,0,0,0,0,0,0.63331998
2024-08-23,JUPITER,77.957898,GEMINI,17.957898,0,0,0,0,0,0.13531716
2024-08-23,SATURN,347.204312,PISCES,17.204312,1,0,0,0,0,-0.07168184
2024-08-23,URANUS,57.221234,TAURUS,27.221234,0,0,0,0,0,0.0076866
2024-08-23,NEPTUNE,359.263068,PISCES,29.263068,1,0,0,0,0,-0.02344219
2024-08-23,PLUTO,300.17315,AQUARIUS,0.17315,1,0,0,0,0,-0.01958967
2024-08-24,SUN,151.81019,VIRGO,1.81019,0,0,0,0,0,0.96412509
2024-08-24,MERCURY,142.629593,LEO,22.629593,1,0,0,0,0,-0.53105035
2024-08-24,VENUS,173.803833,VIRGO,23.803833,0,0,0,0,0,1.22545729
2024-08-24,MARS,82.997071,GEMINI,22.997071,0,0,0,0,0,0.63124249
2024-08-24,JUPITER,78.092103,GEMINI,18.092103,0,0,0,0,0,0.13308666
2024-08-24,SATURN,347.132332,PISCES,17.132332,1,0,0,0,0,-0.07227176
2024-08-24,URANUS,57.228512,TAURUS,27.228512,0,0,0,0,0,0.00686868
2024-08-24,NEPTUNE,359.239491,PISCES,29.239491,1,0,0,0,0,-0.02370953
2024-08-24,PLUTO,300.153697,AQUARIUS,0.153697,1,0,0,0,0,-0.01931569
2024-08-25,SUN,152.774573,VIRGO,2.774573,0,0,0,0,0,0.96463896
2024-08-25,MERCURY,142.150655,LEO,22.150655,1,0,0,0,0,-0.42492373
2024-08-25,VENUS,175.029236,VIRGO,25.029236,0,0,0,0,0,1.22534571
2024-08-25,MARS,83.62726,GEMINI,23.62726,0,0,0,0,0,0.62912803
2024-08-25,JUPITER,78.224061,GEMINI,18.224061,0,0,0,0,0,0.1308234
2024-08-25,SATURN,347.059781,PISCES,17.059781,1,0,0,0,0,-0.07282534
2024-08-25,URANUS,57.234971,TAURUS,27.234971,0,0,0,0,0,0.00604902
2024-08-25,NEPTUNE,359.215652,PISCES,29.215652,1,0,0,0,0,-0.0239677
2024-08-25,PLUTO,300.134522,AQUARIUS,0.134522,1,0,0,0,0,-0.01903327
2024-08-26,SUN,153.739472,VIRGO,3.739472,0,0,0,0,0,0.96515678
2024-08-26,MERCURY,141.783242,LEO,21.783242,1,0,0,0,0,-0.30833362
2024-08-26,VENUS,176.254525,VIRGO,26.254525,0,0,0,0,0,1.22523137
2024-08-26,MARS,84.255313,GEMINI,24.255313,0,0,0,0,0,0.62696976
2024-08-26,JUPITER,78.353737,GEMINI,18.353737,0,0,0,0,0,0.12852221
2024-08-26,SATURN,346.986692,PISCES,16.986692,1,0,0,0,0,-0.07334616
2024-08-26,URANUS,57.240608,TAURUS,27.240608,0,0,0,0,0,0.00522309
2024-08-26,NEPTUNE,359.191558,PISCES,29.191558,1,0,0,0,0,-0.02422108
2024-08-26,PLUTO,300.115632,AQUARIUS,0.115632,1,0,0,0,0,-0.01874701
2024-08-27,SUN,154.704887,VIRGO,4.704887,0,0,0,0,0,0.96567146
2024-08-27,MERCURY,141.536811,LEO,21.536811,1,0,0,0,0,-0.18330165
2024-08-27,VENUS,177.479697,VIRGO,27.479697,0,0,0,0,0,1.22510881
2024-08-27,MARS,84.881185,GEMINI,24.881185,0,0,0,0,0,0.62476395
2024-08-27,JUPITER,78.481092,GEMINI,18.481092,0,0,0,0,0,0.12618029
2024-08-27,SATURN,346.913099,PISCES,16.913099,1,0,0,0,0,-0.07383587
2024-08-27,URANUS,57.245414,TAURUS,27.245414,0,0,0,0,0,0.00438857
2024-08-27,NEPTUNE,359.167211,PISCES,29.167211,1,0,0,0,0,-0.02447207
2024-08-27,PLUTO,300.097028,AQUARIUS,0.097028,1,0,0,0,0,-0.01845963
2024-08-28,SUN,155.670814,VIRGO,5.670814,0,0,0,0,0,0.96617883
2024-08-28,MERCURY,141.418785,LEO,21.418785,1,0,0,0,0,-0.05185953
2024-08-28,VENUS,178.70474,VIRGO,28.70474,0,0,0,0,0,1.22497511
2024-08-28,MARS,85.504826,GEMINI,25.504826,0,0,0,0,0,0.62250957
2024-08-28,JUPITER,78.606084,GEMINI,18.606084,0,0,0,0,0,0.12379716
2024-08-28,SATURN,346.839031,PISCES,16.839031,1,0,0,0,0,-0.07429417
2024-08-28,URANUS,57.249382,TAURUS,27.249382,0,0,0,0,0,0.0035452
2024-08-28,NEPTUNE,359.142614,PISCES,29.142614,1,0,0,0,0,-0.02472105
2024-08-28,PLUTO,300.078713,AQUARIUS,0.078713,1,0,0,0,0,-0.01817179
2024-08-29,SUN,156.637244,VIRGO,6.637244,0,0,0,0,0,0.96667699
2024-08-29,MERCURY,141.434581,LEO,21.434581,0,0,0,1,1,0.0840144
2024-08-29,VENUS,179.929644,VIRGO,29.929644,0,0,0,0,0,1.22482896
2024-08-29,MARS,86.126189,GEMINI,26.126189,0,0,0,0,0,0.62020751
2024-08-29,JUPITER,78.728673,GEMINI,18.728673,0,0,0,0,0,0.12137389
2024-08-29,SATURN,346.764521,PISCES,16.764521,1,0,0,0,0,-0.07471944
2024-08-29,URANUS,57.252502,TAURUS,27.252502,0,0,0,0,0,0.00269417
2024-08-29,NEPTUNE,359.117769,PISCES,29.117769,1,0,0,0,0,-0.02496699
2024-08-29,PLUTO,300.060685,AQUARIUS,0.060685,1,0,0,0,0,-0.01788281
2024-08-30,SUN,157.604168,VIRGO,7.604168,0,0,0,0,0,0.96716532
2024-08-30,MERCURY,141.587678,LEO,21.587678,0,0,0,0,0,0.22243891
2024-08-30,VENUS,181.154394,LIBRA,1.154394,0,1,0,0,0,1.22467031
2024-08-30,MARS,86.745227,GEMINI,26.745227,0,0,0,0,0,0.61785977
2024-08-30,JUPITER,78.848819,GEMINI,18.848819,0,0,0,0,0,0.11891254
2024-08-30,SATURN,346.689603,PISCES,16.689603,1,0,0,0,0,-0.07510936
2024-08-30,URANUS,57.254768,TAURUS,27.254768,0,0,0,0,0,0.00183751
2024-08-30,NEPTUNE,359.092681,PISCES,29.092681,1,0,0,0,0,-0.02520804
2024-08-30,PLUTO,300.042947,AQUARIUS,0.042947,1,0,0,0,0,-0.01759117
2024-08-31,SUN,158.571574,VIRGO,8.571574,0,0,0,0,0,0.96764427
2024-08-31,MERCURY,141.879738,LEO,21.879738,0,0,0,0,0,0.36165581
2024-08-31,VENUS,182.378981,LIBRA,2.378981,0,0,0,0,0,1.22449971
2024-08-31,MARS,87.361895,GEMINI,27.361895,0,0,0,0,0,0.61546913
2024-08-31,JUPITER,78.966486,GEMINI,18.966486,0,0,0,0,0,0.11641579
2024-08-31,SATURN,346.614313,PISCES,16.614313,1,0,0,0,0,-0.07546116
2024-08-31,URANUS,57.256176,TAURUS,27.256176,0,0,0,0,0,0.00097784
2024-08-31,NEPTUNE,359.067354,PISCES,29.067354,1,0,0,0,0,-0.02544185
2024-08-31,PLUTO,300.025503,AQUARIUS,0.025503,1,0,0,0,0,-0.01729484
2024-09-01,SUN,159.539456,VIRGO,9.539456,0,0,0,0,0,0.96811502
2024-09-01,MERCURY,142.310729,LEO,22.310729,0,0,0,0,0,0.50004176
2024-09-01,VENUS,183.603391,LIBRA,3.603391,0,0,0,0,0,1.22431831
2024-09-01,MARS,87.976153,GEMINI,27.976153,0,0,0,0,0,0.61303884
2024-09-01,JUPITER,79.08164,GEMINI,19.08164,0,0,0,0,0,0.11388662
2024-09-01,SATURN,346.538692,PISCES,16.538692,1,0,0,0,0,-0.07577195
2024-09-01,URANUS,57.256723,TAURUS,27.256723,0,0,0,0,0,0.00011798
2024-09-01,NEPTUNE,359.041799,PISCES,29.041799,1,0,0,0,0,-0.02566587
2024-09-01,PLUTO,300.008358,AQUARIUS,0.008358,1,0,0,0,0,-0.01699162
2024-09-02,SUN,160.507805,VIRGO,10.507805,0,0,0,0,0,0.96857911
2024-09-02,MERCURY,142.879066,LEO,22.879066,0,0,0,0,0,0.63611005
2024-09-02,VENUS,184.827614,LIBRA,4.827614,0,0,0,0,0,1.22412722
2024-09-02,MARS,88.587962,GEMINI,28.587962,0,0,0,0,0,0.61057215
2024-09-02,JUPITER,79.19425,GEMINI,19.19425,0,0,0,0,0,0.11132792
2024-09-02,SATURN,346.462782,PISCES,16.462782,1,0,0,0,0,-0.07603912
2024-09-02,URANUS,57.256412,TAURUS,27.256412,1,0,1,0,1,-0.00073946
2024-09-02,NEPTUNE,359.016026,PISCES,29.016026,1,0,0,0,0,-0.02587773
2024-09-02,PLUTO,299.991521,CAPRICORN,29.991521,1,1,0,0,0,-0.01667948
2024-09-03,SUN,161.476616,VIRGO,11.476616,0,0,0,0,0,0.96903796
2024-09-03,MERCURY,143.581744,LEO,23.581744,0,0,0,0,0,0.76850742
2024-09-03,VENUS,186.051643,LIBRA,6.051643,0,0,0,0,0,1.22392738
2024-09-03,MARS,89.197287,GEMINI,29.197287,0,0,0,0,0,0.60807175
2024-09-03,JUPITER,79.304287,GEMINI,19.304287,0,0,0,0,0,0.10874202
2024-09-03,SATURN,346.386628,PISCES,16.386628,1,0,0,0,0,-0.07626075
2024-09-03,URANUS,57.255246,TAURUS,27.255246,1,0,0,0,0,-0.00159241
2024-09-03,NEPTUNE,358.990047,PISCES,28.990047,1,0,0,0,0,-0.02607569
2024-09-03,PLUTO,299.975002,CAPRICORN,29.975002,1,0,0,0,0,-0.01635694
2024-09-04,SUN,162.445883,VIRGO,12.445883,0,0,0,0,0,0.96949277
2024-09-04,MERCURY,144.414469,LEO,24.414469,0,0,0,0,0,0.89601067
2024-09-04,VENUS,187.275467,LIBRA,7.275467,0,0,0,0,0,1.22371932
2024-09-04,MARS,89.804095,GEMINI,29.804095,0,0,0,0,0,0.60553963
2024-09-04,JUPITER,79.411725,GEMINI,19.411725,0,0,0,0,0,0.10613056
2024-09-04,SATURN,346.310275,PISCES,16.310275,1,0,0,0,0,-0.07643573
2024-09-04,URANUS,57.253229,TAURUS,27.253229,1,0,0,0,0,-0.00243958
2024-09-04,NEPTUNE,358.963878,PISCES,28.963878,1,0,0,0,0,-0.02625873
2024-09-04,PLUTO,299.95881,CAPRICORN,29.95881,1,0,0,0,0,-0.01602331
2024-09-05,SUN,163.415604,VIRGO,13.415604,0,0,0,0,0,0.96994444
2024-09-05,MERCURY,145.371789,LEO,25.371789,0,0,0,0,0,1.0175266
2024-09-05,VENUS,188.499079,LIBRA,8.499079,0,0,0,0,0,1.22350314
2024-09-05,MARS,90.408357,CANCER,0.408357,0,1,0,0,0,0.60297708
2024-09-05,JUPITER,79.51654,GEMINI,19.51654,0,0,0,0,0,0.10349454
2024-09-05,SATURN,346.233772,PISCES,16.233772,1,0,0,0,0,-0.07656369
2024-09-05,URANUS,57.250369,TAURUS,27.250369,1,0,0,0,0,-0.00328023
2024-09-05,NEPTUNE,358.937534,PISCES,28.937534,1,0,0,0,0,-0.02642645
2024-09-05,PLUTO,299.942958,CAPRICORN,29.942958,1,0,0,0,0,-0.01567848
2024-09-06,SUN,164.385775,VIRGO,14.385775,0,0,0,0,0,0.97039357
2024-09-06,MERCURY,146.447226,LEO,26.447226,0,0,0,0,0,1.13209647
2024-09-06,VENUS,189.722471,LIBRA,9.722471,0,0,0,0,0,1.22327859
2024-09-06,MARS,91.010041,CANCER,1.010041,0,0,0,0,0,0.60038477
2024-09-06,JUPITER,79.618706,GEMINI,19.618706,0,0,0,0,0,0.10083444
2024-09-06,SATURN,346.157163,PISCES,16.157163,1,0,0,0,0,-0.07664479
2024-09-06,URANUS,57.246671,TAURUS,27.246671,1,0,0,0,0,-0.00411419
2024-09-06,NEPTUNE,358.91103,PISCES,28.91103,1,0,0,0,0,-0.026579
2024-09-06,PLUTO,299.927457,CAPRICORN,29.927457,1,0,0,0,0,-0.01532282
2024-09-07,SUN,165.356394,VIRGO,15.356394,0,0,0,0,0,0.97084036
2024-09-07,MERCURY,147.633414,LEO,27.633414,0,0,0,0,0,1.23890586
2024-09-07,VENUS,190.945635,LIBRA,10.945635,0,0,0,0,0,1.22304502
2024-09-07,MARS,91.609117,CANCER,1.609117,0,0,0,0,0,0.59776282
2024-09-07,JUPITER,79.7182,GEMINI,19.7182,0,0,0,0,0,0.09815026
2024-09-07,SATURN,346.080497,PISCES,16.080497,1,0,0,0,0,-0.07667979
2024-09-07,URANUS,57.242142,TAURUS,27.242142,1,0,0,0,0,-0.00494183
2024-09-07,NEPTUNE,358.884381,PISCES,28.884381,1,0,0,0,0,-0.02671702
2024-09-07,PLUTO,299.912316,CAPRICORN,29.912316,1,0,0,0,0,-0.01495726
2024-09-08,SUN,166.327459,VIRGO,16.327459,0,0,0,0,0,0.97128475
2024-09-08,MERCURY,148.922251,LEO,28.922251,0,0,0,0,0,1.3372982
2024-09-08,VENUS,192.168559,LIBRA,12.168559,0,0,0,0,0,1.22280136
2024-09-08,MARS,92.205557,CANCER,2.205557,0,0,0,0,0,0.59511087
2024-09-08,JUPITER,79.814998,GEMINI,19.814998,0,0,0,0,0,0.09544144
2024-09-08,SATURN,346.003819,PISCES,16.003819,1,0,0,0,0,-0.07667006
2024-09-08,URANUS,57.236789,TAURUS,27.236789,1,0,0,0,0,-0.00576399
2024-09-08,NEPTUNE,358.857601,PISCES,28.857601,1,0,0,0,0,-0.02684174
2024-09-08,PLUTO,299.897545,CAPRICORN,29.897545,1,0,0,0,0,-0.01458322
2024-09-09,SUN,167.298967,VIRGO,17.298967,0,0,0,0,0,0.97172641
2024-09-09,MERCURY,150.305061,VIRGO,0.305061,0,1,0,0,0,1.42678931
2024-09-09,VENUS,193.391235,LIBRA,13.391235,0,0,0,0,0,1.22254618
2024-09-09,MARS,92.79933,CANCER,2.79933,0,0,0,0,0,0.59242818
2024-09-09,JUPITER,79.909075,GEMINI,19.909075,0,0,0,0,0,0.09270703
2024-09-09,SATURN,345.927172,PISCES,15.927172,1,0,0,0,0,-0.0766175
2024-09-09,URANUS,57.230616,TAURUS,27.230616,1,0,0,0,0,-0.00658202
2024-09-09,NEPTUNE,358.830702,PISCES,28.830702,1,0,0,0,0,-0.02695481
2024-09-09,PLUTO,299.883152,CAPRICORN,29.883152,1,0,0,0,0,-0.01420261
2024-09-10,SUN,168.270915,VIRGO,18.270915,0,0,0,0,0,0.97216525
2024-09-10,MERCURY,151.772779,VIRGO,1.772779,0,0,0,0,0,1.50707939
2024-09-10,VENUS,194.613648,LIBRA,14.613648,0,0,0,0,0,1.22227803
2024-09-10,MARS,93.390404,CANCER,3.390404,0,0,0,0,0,0.58971385
2024-09-10,JUPITER,80.000404,GEMINI,20.000404,0,0,0,0,0,0.0899459
2024-09-10,SATURN,345.850598,PISCES,15.850598,1,0,0,0,0,-0.07652428
2024-09-10,URANUS,57.223626,TAURUS,27.223626,1,0,0,0,0,-0.00739741
2024-09-10,NEPTUNE,358.803694,PISCES,28.803694,1,0,0,0,0,-0.02705811
2024-09-10,PLUTO,299.869142,CAPRICORN,29.869142,1,0,0,0,0,-0.01381751
2024-09-11,SUN,169.243301,VIRGO,19.243301,0,0,0,0,0,0.97260147
2024-09-11,MERCURY,153.316132,VIRGO,3.316132,0,0,0,0,0,1.57805853
2024-09-11,VENUS,195.835787,LIBRA,15.835787,0,0,0,0,0,1.22199569
2024-09-11,MARS,93.978747,CANCER,3.978747,0,0,0,0,0,0.58696696
2024-09-11,JUPITER,80.088957,GEMINI,20.088957,0,0,0,0,0,0.08715683
2024-09-11,SATURN,345.774136,PISCES,15.774136,1,0,0,0,0,-0.07639274
2024-09-11,URANUS,57.215821,TAURUS,27.215821,1,0,0,0,0,-0.00821182
2024-09-11,NEPTUNE,358.776588,PISCES,28.776588,1,0,0,0,0,-0.02715364
2024-09-11,PLUTO,299.855518,CAPRICORN,29.855518,1,0,0,0,0,-0.01343012
2024-09-12,SUN,170.216122,VIRGO,20.216122,0,0,0,0,0,0.97303558
2024-09-12,MERCURY,154.925832,VIRGO,4.925832,0,0,0,0,0,1.63980375
2024-09-12,VENUS,197.057636,LIBRA,17.057636,0,0,0,0,0,1.22169809
2024-09-12,MARS,94.564327,CANCER,4.564327,0,0,0,0,0,0.58418643
2024-09-12,JUPITER,80.174707,GEMINI,20.174707,0,0,0,0,0,0.08433848
2024-09-12,SATURN,345.697824,PISCES,15.697824,1,0,0,0,0,-0.07622543
2024-09-12,URANUS,57.207202,TAURUS,27.207202,1,0,0,0,0,-0.00902695
2024-09-12,NEPTUNE,358.749389,PISCES,28.749389,1,0,0,0,0,-0.0272435
2024-09-12,PLUTO,299.842282,CAPRICORN,29.842282,1,0,0,0,0,-0.01304272
2024-09-13,SUN,171.189376,VIRGO,21.189376,0,0,0,0,0,0.97346885
2024-09-13,MERCURY,156.592758,VIRGO,6.592758,0,0,0,0,0,1.69256679
2024-09-13,VENUS,198.279179,LIBRA,18.279179,0,0,0,0,0,1.22138472
2024-09-13,MARS,95.147109,CANCER,5.147109,0,0,0,0,0,0.58137114
2024-09-13,JUPITER,80.257624,GEMINI,20.257624,0,0,0,0,0,0.08148959
2024-09-13,SATURN,345.621696,PISCES,15.621696,1,0,0,0,0,-0.07602484
2024-09-13,URANUS,57.197766,TAURUS,27.197766,1,0,0,0,0,-0.00984442
2024-09-13,NEPTUNE,358.722101,PISCES,28.722101,1,0,0,0,0,-0.02732965
2024-09-13,PLUTO,299.829431,CAPRICORN,29.829431,1,0,0,0,0,-0.01265739
2024-09-14,SUN,172.163064,VIRGO,22.163064,0,0,0,0,0,0.97390417
2024-09-14,MERCURY,158.308118,VIRGO,8.308118,0,0,0,0,0,1.73675362
2024-09-14,VENUS,199.500401,LIBRA,19.500401,0,0,0,0,0,1.22105662
2024-09-14,MARS,95.727058,CANCER,5.727058,0,0,0,0,0,0.57852056
2024-09-14,JUPITER,80.337676,GEMINI,20.337676,0,0,0,0,0,0.07860973
2024-09-14,SATURN,345.545784,PISCES,15.545784,1,0,0,0,0,-0.07579258
2024-09-14,URANUS,57.187511,TAURUS,27.187511,1,0,0,0,0,-0.0106649
2024-09-14,NEPTUNE,358.694729,PISCES,28.694729,1,0,0,0,0,-0.02741312
2024-09-14,PLUTO,299.816965,CAPRICORN,29.816965,1,0,0,0,0,-0.01227532
2024-09-15,SUN,173.137191,VIRGO,23.137191,0,0,0,0,0,0.97434729
2024-09-15,MERCURY,160.063594,VIRGO,10.063594,0,0,0,0,0,1.77289759
2024-09-15,VENUS,200.721289,LIBRA,20.721289,0,0,0,0,0,1.22071796
2024-09-15,MARS,96.30414,CANCER,6.30414,0,0,0,0,0,0.57563566
2024-09-15,JUPITER,80.414833,GEMINI,20.414833,0,0,0,0,0,0.07570044
2024-09-15,SATURN,345.47012,PISCES,15.47012,1,0,0,0,0,-0.07552815
2024-09-15,URANUS,57.176435,TAURUS,27.176435,1,0,0,0,0,-0.01148687
2024-09-15,NEPTUNE,358.667275,PISCES,28.667275,1,0,0,0,0,-0.02749276
2024-09-15,PLUTO,299.804879,CAPRICORN,29.804879,1,0,0,0,0,-0.01189538
2024-09-16,SUN,174.111768,VIRGO,24.111768,0,0,0,0,0,0.97480725
2024-09-16,MERCURY,161.85145,VIRGO,11.85145,0,0,0,0,0,1.80162732
2024-09-16,VENUS,201.941836,LIBRA,21.941836,0,0,0,0,0,1.22037627
2024-09-16,MARS,96.87832,CANCER,6.87832,0,0,0,0,0,0.57271902
2024-09-16,JUPITER,80.489068,GEMINI,20.489068,0,0,0,0,0,0.07276576
2024-09-16,SATURN,345.394738,PISCES,15.394738,1,0,0,0,0,-0.07522815
2024-09-16,URANUS,57.164538,TAURUS,27.164538,1,0,0,0,0,-0.01230613
2024-09-16,NEPTUNE,358.639745,PISCES,28.639745,1,0,0,0,0,-0.02756455
2024-09-16,PLUTO,299.793174,CAPRICORN,29.793174,1,0,0,0,0,-0.01151356
2024-09-17,SUN,175.086819,VIRGO,25.086819,0,0,0,0,0,0.97529454
2024-09-17,MERCURY,163.664614,VIRGO,13.664614,0,0,0,0,0,1.82363262
2024-09-17,VENUS,203.162045,LIBRA,23.162045,0,0,0,0,0,1.22004173
2024-09-17,MARS,97.449569,CANCER,7.449569,0,0,0,0,0,0.56977344
2024-09-17,JUPITER,80.560358,GEMINI,20.560358,0,0,0,0,0,0.06981121
2024-09-17,SATURN,345.319676,PISCES,15.319676,1,0,0,0,0,-0.07488711
2024-09-17,URANUS,57.151826,TAURUS,27.151826,1,0,0,0,0,-0.01311652
2024-09-17,NEPTUNE,358.61215,PISCES,28.61215,1,0,0,0,0,-0.02762246
2024-09-17,PLUTO,299.781853,CAPRICORN,29.781853,1,0,0,0,0,-0.0111238
2024-09-18,SUN,176.062373,VIRGO,26.062373,0,0,0,0,0,0.97581769
2024-09-18,MERCURY,165.496719,VIRGO,15.496719,0,0,0,0,0,1.83962981
2024-09-18,VENUS,204.381926,LIBRA,24.381926,0,0,0,0,0,1.21972369
2024-09-18,MARS,98.017858,CANCER,8.017858,0,0,0,0,0,0.56679933
2024-09-18,JUPITER,80.628686,GEMINI,20.628686,0,0,0,0,0,0.0668413
2024-09-18,SATURN,345.244978,PISCES,15.244978,1,0,0,0,0,-0.07449987
2024-09-18,URANUS,57.13831,TAURUS,27.13831,1,0,0,0,0,-0.01391267
2024-09-18,NEPTUNE,358.584506,PISCES,28.584506,1,0,0,0,0,-0.02766101
2024-09-18,PLUTO,299.77093,CAPRICORN,29.77093,1,0,0,0,0,-0.0107205
2024-09-19,SUN,177.03847,VIRGO,27.03847,0,0,0,0,0,0.97637959
2024-09-19,MERCURY,167.342114,VIRGO,17.342114,0,0,0,0,0,1.85033138
2024-09-19,VENUS,205.6015,LIBRA,25.6015,0,0,0,0,0,1.21942711
2024-09-19,MARS,98.583157,CANCER,8.583157,0,0,0,0,0,0.56379228
2024-09-19,JUPITER,80.694036,GEMINI,20.694036,0,0,0,0,0,0.06385693
2024-09-19,SATURN,345.170692,PISCES,15.170692,1,0,0,0,0,-0.07406427
2024-09-19,URANUS,57.124006,TAURUS,27.124006,1,0,0,0,0,-0.01469245
2024-09-19,NEPTUNE,358.556835,PISCES,28.556835,1,0,0,0,0,-0.02767799
2024-09-19,PLUTO,299.760418,CAPRICORN,29.760418,1,0,0,0,0,-0.01030131
2024-09-20,SUN,178.015147,VIRGO,28.015147,0,0,0,0,0,0.97697588
2024-09-20,MERCURY,169.19585,VIRGO,19.19585,0,0,0,0,0,1.85642232
2024-09-20,VENUS,206.820788,LIBRA,26.820788,0,0,0,0,0,1.21915092
2024-09-20,MARS,99.145429,CANCER,9.145429,0,0,0,0,0,0.56074274
2024-09-20,JUPITER,80.756393,GEMINI,20.756393,0,0,0,0,0,0.06085449
2024-09-20,SATURN,345.096865,PISCES,15.096865,1,0,0,0,0,-0.07358243
2024-09-20,URANUS,57.108929,TAURUS,27.108929,1,0,0,0,0,-0.01545838
2024-09-20,NEPTUNE,358.529157,PISCES,28.529157,1,0,0,0,0,-0.02767568
2024-09-20,PLUTO,299.750332,CAPRICORN,29.750332,1,0,0,0,0,-0.00986851
2024-09-21,SUN,178.992433,VIRGO,28.992433,0,0,0,0,0,0.97759664
2024-09-21,MERCURY,171.053641,VIRGO,21.053641,0,0,0,0,0,1.85854554
2024-09-21,VENUS,208.039808,LIBRA,28.039808,0,0,0,0,0,1.21888899
2024-09-21,MARS,99.704625,CANCER,9.704625,0,0,0,0,0,0.55763827
2024-09-21,JUPITER,80.815737,GEMINI,20.815737,0,0,0,0,0,0.05782737
2024-09-21,SATURN,345.023542,PISCES,15.023542,1,0,0,0,0,-0.07305965
2024-09-21,URANUS,57.093092,TAURUS,27.093092,1,0,0,0,0,-0.01621619
2024-09-21,NEPTUNE,358.501488,PISCES,28.501488,1,0,0,0,0,-0.02765967
2024-09-21,PLUTO,299.740684,CAPRICORN,29.740684,1,0,0,0,0,-0.00942773
2024-09-22,SUN,179.970347,VIRGO,29.970347,0,0,0,0,0,0.97823016
2024-09-22,MERCURY,172.91182,VIRGO,22.91182,0,0,0,0,0,1.857294
2024-09-22,VENUS,209.258569,LIBRA,29.258569,0,0,0,0,0,1.2186331
2024-09-22,MARS,100.260684,CANCER,10.260684,0,0,0,0,0,0.55446719
2024-09-22,JUPITER,80.872038,GEMINI,20.872038,0,0,0,0,0,0.05476899
2024-09-22,SATURN,344.950759,PISCES,14.950759,1,0,0,0,0,-0.0725017
2024-09-22,URANUS,57.076497,TAURUS,27.076497,1,0,0,0,0,-0.01697197
2024-09-22,NEPTUNE,358.47384,PISCES,28.47384,1,0,0,0,0,-0.0276361
2024-09-22,PLUTO,299.731478,CAPRICORN,29.731478,1,0,0,0,0,-0.0089852
2024-09-23,SUN,180.948896,LIBRA,0.948896,0,1,0,0,0,0.97886663
2024-09-23,MERCURY,174.767286,VIRGO,24.767286,0,0,0,0,0,1.85320759
2024-09-23,VENUS,210.477075,SCORPIO,0.477075,0,1,0,0,0,1.21837632
2024-09-23,MARS,100.813535,CANCER,10.813535,0,0,0,0,0,0.55122146
2024-09-23,JUPITER,80.925263,GEMINI,20.925263,0,0,0,0,0,0.05167539
2024-09-23,SATURN,344.878549,PISCES,14.878549,1,0,0,0,0,-0.07191239
2024-09-23,URANUS,57.059147,TAURUS,27.059147,1,0,0,0,0,-0.01772964
2024-09-23,NEPTUNE,358.446217,PISCES,28.446217,1,0,0,0,0,-0.02760904
2024-09-23,PLUTO,299.722713,CAPRICORN,29.722713,1,0,0,0,0,-0.0085453
2024-09-24,SUN,181.928081,LIBRA,1.928081,0,0,0,0,0,0.97949982
2024-09-24,MERCURY,176.617454,VIRGO,26.617454,0,0,0,0,0,1.84677216
2024-09-24,VENUS,211.695321,SCORPIO,1.695321,0,0,0,0,0,1.21811459
2024-09-24,MARS,101.363102,CANCER,11.363102,0,0,0,0,0,0.54789748
2024-09-24,JUPITER,80.975376,GEMINI,20.975376,0,0,0,0,0,0.04854615
2024-09-24,SATURN,344.806944,PISCES,14.806944,1,0,0,0,0,-0.07129265
2024-09-24,URANUS,57.041037,TAURUS,27.041037,1,0,0,0,0,-0.01848998
2024-09-24,NEPTUNE,358.418623,PISCES,28.418623,1,0,0,0,0,-0.02757953
2024-09-24,PLUTO,299.714386,CAPRICORN,29.714386,1,0,0,0,0,-0.00810931
2024-09-25,SUN,182.907896,LIBRA,2.907896,0,0,0,0,0,0.98012678
2024-09-25,MERCURY,178.460192,VIRGO,28.460192,0,0,0,0,0,1.8384189
2024-09-25,VENUS,212.913303,SCORPIO,2.913303,0,0,0,0,0,1.21784636
2024-09-25,MARS,101.909305,CANCER,11.909305,0,0,0,0,0,0.54449501
2024-09-25,JUPITER,81.022344,GEMINI,21.022344,0,0,0,0,0,0.04538351
2024-09-25,SATURN,344.735975,PISCES,14.735975,1,0,0,0,0,-0.0706412
2024-09-25,URANUS,57.022166,TAURUS,27.022166,1,0,0,0,0,-0.01925129
2024-09-25,NEPTUNE,358.391059,PISCES,28.391059,1,0,0,0,0,-0.02754629
2024-09-25,PLUTO,299.706494,CAPRICORN,29.706494,1,0,0,0,0,-0.00767625
2024-09-26,SUN,183.888334,LIBRA,3.888334,0,0,0,0,0,0.98074637
2024-09-26,MERCURY,180.293778,LIBRA,0.293778,0,1,0,0,0,1.82852533
2024-09-26,VENUS,214.131013,SCORPIO,4.131013,0,0,0,0,0,1.21757142
2024-09-26,MARS,102.452067,CANCER,12.452067,0,0,0,0,0,0.5410154
2024-09-26,JUPITER,81.066133,GEMINI,21.066133,0,0,0,0,0,0.04219098
2024-09-26,SATURN,344.665673,PISCES,14.665673,1,0,0,0,0,-0.06995586
2024-09-26,URANUS,57.002535,TAURUS,27.002535,1,0,0,0,0,-0.02001093
2024-09-26,NEPTUNE,358.363532,PISCES,28.363532,1,0,0,0,0,-0.027507
2024-09-26,PLUTO,299.699033,CAPRICORN,29.699033,1,0,0,0,0,-0.00724408
2024-09-27,SUN,184.869389,LIBRA,4.869389,0,0,0,0,0,0.98135823
2024-09-27,MERCURY,182.116837,LIBRA,2.116837,0,0,0,0,0,1.81741801
2024-09-27,VENUS,215.348445,SCORPIO,5.348445,0,0,0,0,0,1.21728977
2024-09-27,MARS,102.991311,CANCER,12.991311,0,0,0,0,0,0.53746058
2024-09-27,JUPITER,81.106717,GEMINI,21.106717,0,0,0,0,0,0.03897231
2024-09-27,SATURN,344.596074,PISCES,14.596074,1,0,0,0,0,-0.06923439
2024-09-27,URANUS,56.982146,TAURUS,26.982146,1,0,0,0,0,-0.02076602
2024-09-27,NEPTUNE,358.336047,PISCES,28.336047,1,0,0,0,0,-0.02745923
2024-09-27,PLUTO,299.692005,CAPRICORN,29.692005,1,0,0,0,0,-0.00681068
2024-09-28,SUN,185.851051,LIBRA,5.851051,0,0,0,0,0,0.98196233
2024-09-28,MERCURY,183.928301,LIBRA,3.928301,0,0,0,0,0,1.80537688
2024-09-28,VENUS,216.565591,SCORPIO,6.565591,0,0,0,0,0,1.21700166
2024-09-28,MARS,103.526964,CANCER,13.526964,0,0,0,0,0,0.5338325
2024-09-28,JUPITER,81.14407,GEMINI,21.14407,0,0,0,0,0,0.03573121
2024-09-28,SATURN,344.527215,PISCES,14.527215,1,0,0,0,0,-0.06847486
2024-09-28,URANUS,56.961005,TAURUS,26.961005,1,0,0,0,0,-0.02151389
2024-09-28,NEPTUNE,358.308616,PISCES,28.308616,1,0,0,0,0,-0.02740071
2024-09-28,PLUTO,299.685412,CAPRICORN,29.685412,1,0,0,0,0,-0.00637403
2024-09-29,SUN,186.833313,LIBRA,6.833313,0,0,0,0,0,0.98255891
2024-09-29,MERCURY,185.727358,LIBRA,5.727358,0,0,0,0,0,1.79264192
2024-09-29,VENUS,217.782447,SCORPIO,7.782447,0,0,0,0,0,1.21670731
2024-09-29,MARS,104.058953,CANCER,14.058953,0,0,0,0,0,0.53013315
2024-09-29,JUPITER,81.178173,GEMINI,21.178173,0,0,0,0,0,0.03247137
2024-09-29,SATURN,344.459136,PISCES,14.459136,1,0,0,0,0,-0.06767556
2024-09-29,URANUS,56.939121,TAURUS,26.939121,1,0,0,0,0,-0.02225196
2024-09-29,NEPTUNE,358.281249,PISCES,28.281249,1,0,0,0,0,-0.02732937
2024-09-29,PLUTO,299.679258,CAPRICORN,29.679258,1,0,0,0,0,-0.00593231
2024-09-30,SUN,187.816169,LIBRA,7.816169,0,0,0,0,0,0.98314827
2024-09-30,MERCURY,187.513421,LIBRA,7.513421,0,0,0,0,0,1.77941928
2024-09-30,VENUS,218.999005,SCORPIO,8.999005,0,0,0,0,0,1.21640663
2024-09-30,MARS,104.587208,CANCER,14.587208,0,0,0,0,0,0.52636436
2024-09-30,JUPITER,81.209007,GEMINI,21.209007,0,0,0,0,0,0.02919614
2024-09-30,SATURN,344.391877,PISCES,14.391877,1,0,0,0,0,-0.06683516
2024-09-30,URANUS,56.916505,TAURUS,26.916505,1,0,0,0,0,-0.02297806
2024-09-30,NEPTUNE,358.253961,PISCES,28.253961,1,0,0,0,0,-0.02724347
2024-09-30,PLUTO,299.673549,CAPRICORN,29.673549,1,0,0,0,0,-0.00548399
2024-10-01,SUN,188.79961,LIBRA,8.79961,0,0,0,0,0,0.98373059
2024-10-01,MERCURY,189.28608,LIBRA,9.28608,0,0,0,0,0,1.76585449
2024-10-01,VENUS,220.215259,SCORPIO,10.215259,0,0,0,0,0,1.21609949
2024-10-01,MARS,105.111659,CANCER,15.111659,0,0,0,0,0,0.52252733
2024-10-01,JUPITER,81.23656,GEMINI,21.23656,0,0,0,0,0,0.02590836
2024-10-01,SATURN,344.325479,PISCES,14.325479,1,0,0,0,0,-0.06595309
2024-10-01,URANUS,56.893169,TAURUS,26.893169,1,0,0,0,0,-0.02369063
2024-10-01,NEPTUNE,358.226767,PISCES,28.226767,1,0,0,0,0,-0.02714187
2024-10-01,PLUTO,299.668292,CAPRICORN,29.668292,1,0,0,0,0,-0.0050282
2024-10-02,SUN,189.783631,LIBRA,9.783631,0,0,0,0,0,0.98430561
2024-10-02,MERCURY,191.045059,LIBRA,11.045059,0,0,0,0,0,1.75208497
2024-10-02,VENUS,221.431202,SCORPIO,11.431202,0,0,0,0,0,1.21578491
2024-10-02,MARS,105.63224,CANCER,15.63224,0,0,0,0,0,0.51862265
2024-10-02,JUPITER,81.26082,GEMINI,21.26082,0,0,0,0,0,0.02261018
2024-10-02,SATURN,344.259984,PISCES,14.259984,1,0,0,0,0,-0.06502946
2024-10-02,URANUS,56.869128,TAURUS,26.869128,1,0,0,0,0,-0.02438877
2024-10-02,NEPTUNE,358.199682,PISCES,28.199682,1,0,0,0,0,-0.02702418
2024-10-02,PLUTO,299.663495,CAPRICORN,29.663495,1,0,0,0,0,-0.00456472
2024-10-03,SUN,190.768222,LIBRA,10.768222,0,0,0,0,0,0.98487274
2024-10-03,MERCURY,192.790226,LIBRA,12.790226,0,0,0,0,0,1.73824669
2024-10-03,VENUS,222.646827,SCORPIO,12.646827,0,0,0,0,0,1.2154616
2024-10-03,MARS,106.148883,CANCER,16.148883,0,0,0,0,0,0.51465025
2024-10-03,JUPITER,81.281777,GEMINI,21.281777,0,0,0,0,0,0.01930321
2024-10-03,SATURN,344.195434,PISCES,14.195434,1,0,0,0,0,-0.06406512
2024-10-03,URANUS,56.844396,TAURUS,26.844396,1,0,0,0,0,-0.02507225
2024-10-03,NEPTUNE,358.172724,PISCES,28.172724,1,0,0,0,0,-0.0268906
2024-10-03,PLUTO,299.659165,CAPRICORN,29.659165,1,0,0,0,0,-0.00409395
2024-10-04,SUN,191.753377,LIBRA,11.753377,0,0,0,0,0,0.98543121
2024-10-04,MERCURY,194.521556,LIBRA,14.521556,0,0,0,0,0,1.72442446
2024-10-04,VENUS,223.862123,SCORPIO,13.862123,0,0,0,0,0,1.21512783
2024-10-04,MARS,106.661519,CANCER,16.661519,0,0,0,0,0,0.5106097
2024-10-04,JUPITER,81.299424,GEMINI,21.299424,0,0,0,0,0,0.01598858
2024-10-04,SATURN,344.131868,PISCES,14.131868,1,0,0,0,0,-0.06306145
2024-10-04,URANUS,56.818988,TAURUS,26.818988,1,0,0,0,0,-0.02574127
2024-10-04,NEPTUNE,358.145906,PISCES,28.145906,1,0,0,0,0,-0.02674183
2024-10-04,PLUTO,299.65531,CAPRICORN,29.65531,1,0,0,0,0,-0.00361673
2024-10-05,SUN,192.739085,LIBRA,12.739085,0,0,0,0,0,0.98598005
2024-10-05,MERCURY,196.239102,LIBRA,16.239102,0,0,0,0,0,1.71068881
2024-10-05,VENUS,225.077079,SCORPIO,15.077079,0,0,0,0,0,1.2147816
2024-10-05,MARS,107.17008,CANCER,17.17008,0,0,0,0,0,0.50650015
2024-10-05,JUPITER,81.313752,GEMINI,21.313752,0,0,0,0,0,0.01266704
2024-10-05,SATURN,344.069324,PISCES,14.069324,1,0,0,0,0,-0.0620203
2024-10-05,URANUS,56.792918,TAURUS,26.792918,1,0,0,0,0,-0.02639654
2024-10-05,NEPTUNE,358.119245,PISCES,28.119245,1,0,0,0,0,-0.02657904
2024-10-05,PLUTO,299.651934,CAPRICORN,29.651934,1,0,0,0,0,-0.0031344
2024-10-06,SUN,193.725337,LIBRA,13.725337,0,0,0,0,0,0.98651808
2024-10-06,MERCURY,197.94298,LIBRA,17.94298,0,0,0,0,0,1.69709717
2024-10-06,VENUS,226.291682,SCORPIO,16.291682,0,0,0,0,0,1.21442051
2024-10-06,MARS,107.674496,CANCER,17.674496,0,0,0,0,0,0.50232037
2024-10-06,JUPITER,81.324755,GEMINI,21.324755,0,0,0,0,0,0.00933888
2024-10-06,SATURN,344.00784,PISCES,14.00784,1,0,0,0,0,-0.06094416
2024-10-06,URANUS,56.766199,TAURUS,26.766199,1,0,0,0,0,-0.02703927
2024-10-06,NEPTUNE,358.092753,PISCES,28.092753,1,0,0,0,0,-0.02640392
2024-10-06,PLUTO,299.649043,CAPRICORN,29.649043,1,0,0,0,0,-0.00264881
2024-10-07,SUN,194.712121,LIBRA,14.712121,0,0,0,0,0,0.98704422
2024-10-07,MERCURY,199.633357,LIBRA,19.633357,0,0,0,0,0,1.68369388
2024-10-07,VENUS,227.505915,SCORPIO,17.505915,0,0,0,0,0,1.21404188
2024-10-07,MARS,108.174697,CANCER,18.174697,0,0,0,0,0,0.49806887
2024-10-07,JUPITER,81.332427,GEMINI,21.332427,0,0,0,0,0,0.00600402
2024-10-07,SATURN,343.947448,PISCES,13.947448,1,0,0,0,0,-0.05983591
2024-10-07,URANUS,56.738843,TAURUS,26.738843,1,0,0,0,0,-0.02767106
2024-10-07,NEPTUNE,358.066441,PISCES,28.066441,1,0,0,0,0,-0.02621854
2024-10-07,PLUTO,299.646638,CAPRICORN,29.646638,1,0,0,0,0,-0.0021621
2024-10-08,SUN,195.699426,LIBRA,15.699426,0,0,0,0,0,0.98755774
2024-10-08,MERCURY,201.31044,LIBRA,21.31044,0,0,0,0,0,1.6705126
2024-10-08,VENUS,228.71976,SCORPIO,18.71976,0,0,0,0,0,1.2136433
2024-10-08,MARS,108.67061,CANCER,18.67061,0,0,0,0,0,0.49374409
2024-10-08,JUPITER,81.336761,GEMINI,21.336761,0,0,0,0,0,0.00266234
2024-10-08,SATURN,343.888178,PISCES,13.888178,1,0,0,0,0,-0.05869854
2024-10-08,URANUS,56.71086,TAURUS,26.71086,1,0,0,0,0,-0.02829352
2024-10-08,NEPTUNE,358.040318,PISCES,28.040318,1,0,0,0,0,-0.02602503
2024-10-08,PLUTO,299.644719,CAPRICORN,29.644719,1,0,0,0,0,-0.00167653
2024-10-09,SUN,196.687237,LIBRA,16.687237,0,0,0,0,0,0.98805858
2024-10-09,MERCURY,202.974463,LIBRA,22.974463,0,0,0,0,0,1.657578
2024-10-09,VENUS,229.933196,SCORPIO,19.933196,0,0,0,0,0,1.21322287
2024-10-09,MARS,109.162161,CANCER,19.162161,0,0,0,0,0,0.48934469
2024-10-09,JUPITER,81.337749,GEMINI,21.337749,1,0,1,0,1,-0.00068603
2024-10-09,SATURN,343.83006,PISCES,13.83006,1,0,0,0,0,-0.05753491
2024-10-09,URANUS,56.682258,TAURUS,26.682258,1,0,0,0,0,-0.0289081
2024-10-09,NEPTUNE,358.014393,PISCES,28.014393,1,0,0,0,0,-0.02582529
2024-10-09,PLUTO,299.643284,CAPRICORN,29.643284,1,0,0,0,0,-0.00119407
2024-10-10,SUN,197.675543,LIBRA,17.675543,0,0,0,0,0,0.98854747
2024-10-10,MERCURY,204.625682,LIBRA,24.625682,0,0,0,0,0,1.64490718
2024-10-10,VENUS,231.146199,SCORPIO,21.146199,0,0,0,0,0,1.21277929
2024-10-10,MARS,109.649274,CANCER,19.649274,0,0,0,0,0,0.48486957
2024-10-10,JUPITER,81.335386,GEMINI,21.335386,1,0,0,0,0,-0.0040407
2024-10-10,SATURN,343.773116,PISCES,13.773116,1,0,0,0,0,-0.0563475
2024-10-10,URANUS,56.653045,TAURUS,26.653045,1,0,0,0,0,-0.02951588
2024-10-10,NEPTUNE,357.988669,PISCES,27.988669,1,0,0,0,0,-0.02562087
2024-10-10,PLUTO,299.642329,CAPRICORN,29.642329,1,0,0,0,0,-0.00071631
2024-10-11,SUN,198.664333,LIBRA,18.664333,0,0,0,0,0,0.9890262
2024-10-11,MERCURY,206.264367,LIBRA,26.264367,0,0,0,0,0,1.6325112
2024-10-11,VENUS,232.358747,SCORPIO,22.358747,0,0,0,0,0,1.21231214
2024-10-11,MARS,110.131875,CANCER,20.131875,0,0,0,0,0,0.48031794
2024-10-11,JUPITER,81.329666,GEMINI,21.329666,1,0,0,0,0,-0.00740076
2024-10-11,SATURN,343.717371,PISCES,13.717371,1,0,0,0,0,-0.05513831
2024-10-11,URANUS,56.623228,TAURUS,26.623228,1,0,0,0,0,-0.03011741
2024-10-11,NEPTUNE,357.963152,PISCES,27.963152,1,0,0,0,0,-0.02541277
2024-10-11,PLUTO,299.641849,CAPRICORN,29.641849,1,0,0,0,0,-0.0002443
2024-10-12,SUN,199.653598,LIBRA,19.653598,0,0,0,0,0,0.98949841
2024-10-12,MERCURY,207.890796,LIBRA,27.890796,0,0,0,0,0,1.6203967
2024-10-12,VENUS,233.570817,SCORPIO,23.570817,0,0,0,0,0,1.21182271
2024-10-12,MARS,110.609885,CANCER,20.609885,0,0,0,0,0,0.47569
2024-10-12,JUPITER,81.320583,GEMINI,21.320583,1,0,0,0,0,-0.01076427
2024-10-12,SATURN,343.662846,PISCES,13.662846,1,0,0,0,0,-0.05390818
2024-10-12,URANUS,56.592812,TAURUS,26.592812,1,0,0,0,0,-0.03071211
2024-10-12,NEPTUNE,357.937844,PISCES,27.937844,1,0,0,0,0,-0.02520085
2024-10-12,PLUTO,299.641838,CAPRICORN,29.641838,0,0,0,1,1,0.00022217
2024-10-13,SUN,200.643334,LIBRA,20.643334,0,0,0,0,0,0.98997056
2024-10-13,MERCURY,209.505253,LIBRA,29.505253,0,0,0,0,0,1.60856754
2024-10-13,VENUS,234.782388,SCORPIO,24.782388,0,0,0,0,0,1.21131504
2024-10-13,MARS,111.08323,CANCER,21.08323,0,0,0,0,0,0.47098708
2024-10-13,JUPITER,81.308137,GEMINI,21.308137,1,0,0,0,0,-0.01412755
2024-10-13,SATURN,343.609561,PISCES,13.609561,1,0,0,0,0,-0.05265605
2024-10-13,URANUS,56.561806,TAURUS,26.561806,1,0,0,0,0,-0.03129754
2024-10-13,NEPTUNE,357.912751,PISCES,27.912751,1,0,0,0,0,-0.024983
2024-10-13,PLUTO,299.642292,CAPRICORN,29.642292,0,0,0,0,0,0.00068521
2024-10-14,SUN,201.633546,LIBRA,21.633546,0,0,0,0,0,0.99045212
2024-10-14,MERCURY,211.108025,SCORPIO,1.108025,0,1,0,0,0,1.59702585
2024-10-14,VENUS,235.993445,SCORPIO,25.993445,0,0,0,0,0,1.21079641
2024-10-14,MARS,111.551835,CANCER,21.551835,0,0,0,0,0,0.46621157
2024-10-14,JUPITER,81.29233,GEMINI,21.29233,1,0,0,0,0,-0.01748511
2024-10-14,SATURN,343.557541,PISCES,13.557541,1,0,0,0,0,-0.05137856
2024-10-14,URANUS,56.530222,TAURUS,26.530222,1,0,0,0,0,-0.03186908
2024-10-14,NEPTUNE,357.887881,PISCES,27.887881,1,0,0,0,0,-0.0247549
2024-10-14,PLUTO,299.643208,CAPRICORN,29.643208,0,0,0,0,0,0.00114926
2024-10-15,SUN,202.624249,LIBRA,22.624249,0,0,0,0,0,0.99095399
2024-10-15,MERCURY,212.699399,SCORPIO,2.699399,0,0,0,0,0,1.58577106
2024-10-15,VENUS,237.203981,SCORPIO,27.203981,0,0,0,0,0,1.21027624
2024-10-15,MARS,112.01563,CANCER,22.01563,0,0,0,0,0,0.46136503
2024-10-15,JUPITER,81.27317,GEMINI,21.27317,1,0,0,0,0,-0.02083078
2024-10-15,SATURN,343.506814,PISCES,13.506814,1,0,0,0,0,-0.05007112
2024-10-15,URANUS,56.498074,TAURUS,26.498074,1,0,0,0,0,-0.03242115
2024-10-15,NEPTUNE,357.863246,PISCES,27.863246,1,0,0,0,0,-0.02451112
2024-10-15,PLUTO,299.644592,CAPRICORN,29.644592,0,0,0,0,0,0.00161993
2024-10-16,SUN,203.615468,LIBRA,23.615468,0,0,0,0,0,0.99148509
2024-10-16,MERCURY,214.279659,SCORPIO,4.279659,0,0,0,0,0,1.57479721
2024-10-16,VENUS,238.414001,SCORPIO,28.414001,0,0,0,0,0,1.2097631
2024-10-16,MARS,112.474541,CANCER,22.474541,0,0,0,0,0,0.45644539
2024-10-16,JUPITER,81.250673,GEMINI,21.250673,1,0,0,0,0,-0.02416026
2024-10-16,SATURN,343.45741,PISCES,13.45741,1,0,0,0,0,-0.04873028
2024-10-16,URANUS,56.465387,TAURUS,26.465387,1,0,0,0,0,-0.03294967
2024-10-16,NEPTUNE,357.838865,PISCES,27.838865,1,0,0,0,0,-0.02424758
2024-10-16,PLUTO,299.646452,CAPRICORN,29.646452,0,0,0,0,0,0.00210149
2024-10-17,SUN,204.607234,LIBRA,24.607234,0,0,0,0,0,0.99204899
2024-10-17,MERCURY,215.84908,SCORPIO,5.84908,0,0,0,0,0,1.5640901
2024-10-17,VENUS,239.623512,SCORPIO,29.623512,0,0,0,0,0,1.20926171
2024-10-17,MARS,112.928494,CANCER,22.928494,0,0,0,0,0,0.45144476
2024-10-17,JUPITER,81.224855,GEMINI,21.224855,1,0,0,0,0,-0.0274732
2024-10-17,SATURN,343.409365,PISCES,13.409365,1,0,0,0,0,-0.047356
2024-10-17,URANUS,56.432183,TAURUS,26.432183,1,0,0,0,0,-0.03345437
2024-10-17,NEPTUNE,357.814758,PISCES,27.814758,1,0,0,0,0,-0.02396388
2024-10-17,PLUTO,299.648799,CAPRICORN,29.648799,0,0,0,0,0,0.0025945
2024-10-18,SUN,205.599579,LIBRA,25.599579,0,0,0,0,0,0.99264238
2024-10-18,MERCURY,217.407918,SCORPIO,7.407918,0,0,0,0,0,1.5536263
2024-10-18,VENUS,240.832529,SAGITTARIUS,0.832529,0,1,0,0,0,1.20877141
2024-10-18,MARS,113.3774,CANCER,23.3774,0,0,0,0,0,0.44634968
2024-10-18,JUPITER,81.195731,GEMINI,21.195731,1,0,0,0,0,-0.03077354
2024-10-18,SATURN,343.362709,PISCES,13.362709,1,0,0,0,0,-0.04595238
2024-10-18,URANUS,56.398484,TAURUS,26.398484,1,0,0,0,0,-0.03393928
2024-10-18,NEPTUNE,357.790943,PISCES,27.790943,1,0,0,0,0,-0.023664
2024-10-18,PLUTO,299.651644,CAPRICORN,29.651644,0,0,0,0,0,0.00309512
2024-10-19,SUN,206.592529,LIBRA,26.592529,0,0,0,0,0,0.99325668
2024-10-19,MERCURY,218.956401,SCORPIO,8.956401,0,0,0,0,0,1.54337428
2024-10-19,VENUS,242.041058,SAGITTARIUS,2.041058,0,0,0,0,0,1.20828713
2024-10-19,MARS,113.821157,CANCER,23.821157,0,0,0,0,0,0.44114392
2024-10-19,JUPITER,81.16331,GEMINI,21.16331,1,0,0,0,0,-0.03406749
2024-10-19,SATURN,343.317469,PISCES,13.317469,1,0,0,0,0,-0.0445261
2024-10-19,URANUS,56.364308,TAURUS,26.364308,1,0,0,0,0,-0.03441109
2024-10-19,NEPTUNE,357.767434,PISCES,27.767434,1,0,0,0,0,-0.0233546
2024-10-19,PLUTO,299.654991,CAPRICORN,29.654991,0,0,0,0,0,0.00359673
2024-10-20,SUN,207.586099,LIBRA,27.586099,0,0,0,0,0,0.99388171
2024-10-20,MERCURY,220.494723,SCORPIO,10.494723,0,0,0,0,0,1.53329815
2024-10-20,VENUS,243.249103,SAGITTARIUS,3.249103,0,0,0,0,0,1.20780245
2024-10-20,MARS,114.259646,CANCER,24.259646,0,0,0,0,0,0.43581283
2024-10-20,JUPITER,81.127596,GEMINI,21.127596,1,0,0,0,0,-0.0373602
2024-10-20,SATURN,343.273664,PISCES,13.273664,1,0,0,0,0,-0.04308339
2024-10-20,URANUS,56.329664,TAURUS,26.329664,1,0,0,0,0,-0.03487595
2024-10-20,NEPTUNE,357.744236,PISCES,27.744236,1,0,0,0,0,-0.0230419
2024-10-20,PLUTO,299.658837,CAPRICORN,29.658837,0,0,0,0,0,0.00409298
2024-10-21,SUN,208.580296,LIBRA,28.580296,0,0,0,0,0,0.99450909
2024-10-21,MERCURY,222.023041,SCORPIO,12.023041,0,0,0,0,0,1.5233601
2024-10-21,VENUS,244.456662,SAGITTARIUS,4.456662,0,0,0,0,0,1.20731233
2024-10-21,MARS,114.692738,CANCER,24.692738,0,0,0,0,0,0.43034639
2024-10-21,JUPITER,81.088589,GEMINI,21.088589,1,0,0,0,0,-0.04065322
2024-10-21,SATURN,343.231308,PISCES,13.231308,1,0,0,0,0,-0.04162768
2024-10-21,URANUS,56.294558,TAURUS,26.294558,1,0,0,0,0,-0.03533681
2024-10-21,NEPTUNE,357.72135,PISCES,27.72135,1,0,0,0,0,-0.02272924
2024-10-21,PLUTO,299.663175,CAPRICORN,29.663175,0,0,0,0,0,0.00458042
2024-10-22,SUN,209.575119,LIBRA,29.575119,0,0,0,0,0,0.99513397
2024-10-22,MERCURY,223.541474,SCORPIO,13.541474,0,0,0,0,0,1.51352168
2024-10-22,VENUS,245.663726,SAGITTARIUS,5.663726,0,0,0,0,0,1.20681439
2024-10-22,MARS,115.120293,CANCER,25.120293,0,0,0,0,0,0.42473991
2024-10-22,JUPITER,81.046289,GEMINI,21.046289,1,0,0,0,0,-0.04394395
2024-10-22,SATURN,343.190413,PISCES,13.190413,1,0,0,0,0,-0.04015896
2024-10-22,URANUS,56.258992,TAURUS,26.258992,1,0,0,0,0,-0.03579317
2024-10-22,NEPTUNE,357.698777,PISCES,27.698777,1,0,0,0,0,-0.02241641
2024-10-22,PLUTO,299.667996,CAPRICORN,29.667996,0,0,0,0,0,0.00505908
2024-10-23,SUN,210.570564,SCORPIO,0.570564,0,1,0,0,0,0.99575425
2024-10-23,MERCURY,225.050102,SCORPIO,15.050102,0,0,0,0,0,1.50374242
2024-10-23,VENUS,246.870289,SAGITTARIUS,6.870289,0,0,0,0,0,1.2063082
2024-10-23,MARS,115.542171,CANCER,25.542171,0,0,0,0,0,0.41899262
2024-10-23,JUPITER,81.000703,GEMINI,21.000703,1,0,0,0,0,-0.04722705
2024-10-23,SATURN,343.150995,PISCES,13.150995,1,0,0,0,0,-0.03867498
2024-10-23,URANUS,56.222973,TAURUS,26.222973,1,0,0,0,0,-0.03624193
2024-10-23,NEPTUNE,357.676518,PISCES,27.676518,1,0,0,0,0,-0.02210081
2024-10-23,PLUTO,299.673291,CAPRICORN,29.673291,0,0,0,0,0,0.00553132
2024-10-24,SUN,211.566628,SCORPIO,1.566628,0,0,0,0,0,0.99636923
2024-10-24,MERCURY,226.548963,SCORPIO,16.548963,0,0,0,0,0,1.49397794
2024-10-24,VENUS,248.076341,SAGITTARIUS,8.076341,0,0,0,0,0,1.20579391
2024-10-24,MARS,115.958231,CANCER,25.958231,0,0,0,0,0,0.41310525
2024-10-24,JUPITER,80.951839,GEMINI,20.951839,1,0,0,0,0,-0.05049629
2024-10-24,SATURN,343.113069,PISCES,13.113069,1,0,0,0,0,-0.03717299
2024-10-24,URANUS,56.186512,TAURUS,26.186512,1,0,0,0,0,-0.03667936
2024-10-24,NEPTUNE,357.654577,PISCES,27.654577,1,0,0,0,0,-0.02177919
2024-10-24,PLUTO,299.679057,CAPRICORN,29.679057,0,0,0,0,0,0.00600022
2024-10-25,SUN,212.563303,SCORPIO,2.563303,0,0,0,0,0,0.9969784
2024-10-25,MERCURY,228.038045,SCORPIO,18.038045,0,0,0,0,0,1.48417813
2024-10-25,VENUS,249.281875,SAGITTARIUS,9.281875,0,0,0,0,0,1.20527135
2024-10-25,MARS,116.368335,CANCER,26.368335,0,0,0,0,0,0.4070788
2024-10-25,JUPITER,80.899716,GEMINI,20.899716,1,0,0,0,0,-0.0537458
2024-10-25,SATURN,343.076655,PISCES,13.076655,1,0,0,0,0,-0.0356508
2024-10-25,URANUS,56.149619,TAURUS,26.149619,1,0,0,0,0,-0.03710228
2024-10-25,NEPTUNE,357.632962,PISCES,27.632962,1,0,0,0,0,-0.02144884
2024-10-25,PLUTO,299.685291,CAPRICORN,29.685291,0,0,0,0,0,0.00646832
2024-10-26,SUN,213.560585,SCORPIO,3.560585,0,0,0,0,0,0.99758105
2024-10-26,MERCURY,229.517287,SCORPIO,19.517287,0,0,0,0,0,1.47428624
2024-10-26,VENUS,250.486882,SAGITTARIUS,10.486882,0,0,0,0,0,1.20473971
2024-10-26,MARS,116.772343,CANCER,26.772343,0,0,0,0,0,0.40091382
2024-10-26,JUPITER,80.844356,GEMINI,20.844356,1,0,0,0,0,-0.05697037
2024-10-26,SATURN,343.041774,PISCES,13.041774,1,0,0,0,0,-0.03410704
2024-10-26,URANUS,56.112312,TAURUS,26.112312,1,0,0,0,0,-0.03750818
2024-10-26,NEPTUNE,357.611682,PISCES,27.611682,1,0,0,0,0,-0.02110776
2024-10-26,PLUTO,299.691993,CAPRICORN,29.691993,0,0,0,0,0,0.00693747
2024-10-27,SUN,214.558465,SCORPIO,4.558465,0,0,0,0,0,0.99817646
2024-10-27,MERCURY,230.986564,SCORPIO,20.986564,0,0,0,0,0,1.46423852
2024-10-27,VENUS,251.691353,SAGITTARIUS,11.691353,0,0,0,0,0,1.20419787
2024-10-27,MARS,117.170116,CANCER,27.170116,0,0,0,0,0,0.39461063
2024-10-27,JUPITER,80.785785,GEMINI,20.785785,1,0,0,0,0,-0.06016522
2024-10-27,SATURN,343.008448,PISCES,13.008448,1,0,0,0,0,-0.0325409
2024-10-27,URANUS,56.074609,TAURUS,26.074609,1,0,0,0,0,-0.03789505
2024-10-27,NEPTUNE,357.59075,PISCES,27.59075,1,0,0,0,0,-0.02075447
2024-10-27,PLUTO,299.699166,CAPRICORN,29.699166,0,0,0,0,0,0.00740902
2024-10-28,SUN,215.556938,SCORPIO,5.556938,0,0,0,0,0,0.99876393
2024-10-28,MERCURY,232.445686,SCORPIO,22.445686,0,0,0,0,0,1.45396322
2024-10-28,VENUS,252.895275,SAGITTARIUS,12.895275,0,0,0,0,0,1.20364453
2024-10-28,MARS,117.561518,CANCER,27.561518,0,0,0,0,0,0.38816921
2024-10-28,JUPITER,80.724036,GEMINI,20.724036,1,0,0,0,0,-0.06332604
2024-10-28,SATURN,342.976699,PISCES,12.976699,1,0,0,0,0,-0.03095201
2024-10-28,URANUS,56.036529,TAURUS,26.036529,1,0,0,0,0,-0.0382614
2024-10-28,NEPTUNE,357.570177,PISCES,27.570177,1,0,0,0,0,-0.0203879
2024-10-28,PLUTO,299.706812,CAPRICORN,29.706812,0,0,0,0,0,0.00788394
2024-10-29,SUN,216.555993,SCORPIO,6.555993,0,0,0,0,0,0.9993425
2024-10-29,MERCURY,233.894386,SCORPIO,23.894386,0,0,0,0,0,1.44337962
2024-10-29,VENUS,254.098638,SAGITTARIUS,14.098638,0,0,0,0,0,1.20307792
2024-10-29,MARS,117.946408,CANCER,27.946408,0,0,0,0,0,0.38158898
2024-10-29,JUPITER,80.659145,GEMINI,20.659145,1,0,0,0,0,-0.066449
2024-10-29,SATURN,342.946551,PISCES,12.946551,1,0,0,0,0,-0.0293406
2024-10-29,URANUS,55.998093,TAURUS,25.998093,1,0,0,0,0,-0.03860622
2024-10-29,NEPTUNE,357.549978,PISCES,27.549978,1,0,0,0,0,-0.02000755
2024-10-29,PLUTO,299.714936,CAPRICORN,29.714936,0,0,0,0,0,0.00836268
2024-10-30,SUN,217.555622,SCORPIO,7.555622,0,0,0,0,0,0.99991078
2024-10-30,MERCURY,235.33231,SCORPIO,25.33231,0,0,0,0,0,1.43239619
2024-10-30,VENUS,255.301427,SAGITTARIUS,15.301427,0,0,0,0,0,1.20249583
2024-10-30,MARS,118.324649,CANCER,28.324649,0,0,0,0,0,0.37486884
2024-10-30,JUPITER,80.591151,GEMINI,20.591151,1,0,0,0,0,-0.06953096
2024-10-30,SATURN,342.918026,PISCES,12.918026,1,0,0,0,0,-0.02770754
2024-10-30,URANUS,55.959323,TAURUS,25.959323,1,0,0,0,0,-0.03892921
2024-10-30,NEPTUNE,357.530167,PISCES,27.530167,1,0,0,0,0,-0.01961356
2024-10-30,PLUTO,299.723539,CAPRICORN,29.723539,0,0,0,0,0,0.00884497
2024-10-31,SUN,218.555814,SCORPIO,8.555814,0,0,0,0,0,1.00046693
2024-10-31,MERCURY,236.759008,SCORPIO,26.759008,0,0,0,0,0,1.42090947
2024-10-31,VENUS,256.503625,SAGITTARIUS,16.503625,0,0,0,0,0,1.20189538
2024-10-31,MARS,118.696099,CANCER,28.696099,0,0,0,0,0,0.36800716
2024-10-31,JUPITER,80.520097,GEMINI,20.520097,1,0,0,0,0,-0.07256933
2024-10-31,SATURN,342.891144,PISCES,12.891144,1,0,0,0,0,-0.02605434
2024-10-31,URANUS,55.920241,TAURUS,25.920241,1,0,0,0,0,-0.03923059
2024-10-31,NEPTUNE,357.510756,PISCES,27.510756,1,0,0,0,0,-0.01920667
2024-10-31,PLUTO,299.732627,CAPRICORN,29.732627,0,0,0,0,0,0.00933004
2024-11-01,SUN,219.556554,SCORPIO,9.556554,0,0,0,0,0,1.00100878
2024-11-01,MERCURY,238.17392,SCORPIO,28.17392,0,0,0,0,0,1.40880216
2024-11-01,VENUS,257.705211,SAGITTARIUS,17.705211,0,0,0,0,0,1.20127315
2024-11-01,MARS,119.060616,CANCER,29.060616,0,0,0,0,0,0.36100214
2024-11-01,JUPITER,80.446027,GEMINI,20.446027,1,0,0,0,0,-0.07556201
2024-11-01,SATURN,342.865924,PISCES,12.865924,1,0,0,0,0,-0.02438304
2024-11-01,URANUS,55.880869,TAURUS,25.880869,1,0,0,0,0,-0.03951124
2024-11-01,NEPTUNE,357.491758,PISCES,27.491758,1,0,0,0,0,-0.01878813
2024-11-01,PLUTO,299.742201,CAPRICORN,29.742201,0,0,0,0,0,0.00981661
2024-11-02,SUN,220.557829,SCORPIO,10.557829,0,0,0,0,0,1.00153397
2024-11-02,MERCURY,239.576359,SCORPIO,29.576359,0,0,0,0,0,1.39594135
2024-11-02,VENUS,258.906163,SAGITTARIUS,18.906163,0,0,0,0,0,1.20062522
2024-11-02,MARS,119.418055,CANCER,29.418055,0,0,0,0,0,0.35385184
2024-11-02,JUPITER,80.368988,GEMINI,20.368988,1,0,0,0,0,-0.07850731
2024-11-02,SATURN,342.842384,PISCES,12.842384,1,0,0,0,0,-0.02269613
2024-11-02,URANUS,55.841225,TAURUS,25.841225,1,0,0,0,0,-0.03977237
2024-11-02,NEPTUNE,357.473183,PISCES,27.473183,1,0,0,0,0,-0.01835965
2024-11-02,PLUTO,299.752262,CAPRICORN,29.752262,0,0,0,0,0,0.01030293
2024-11-03,SUN,221.55962,SCORPIO,11.55962,0,0,0,0,0,1.00204012
2024-11-03,MERCURY,240.965499,SAGITTARIUS,0.965499,0,1,0,0,0,1.38217639
2024-11-03,VENUS,260.106453,SAGITTARIUS,20.106453,0,0,0,0,0,1.1999473
2024-11-03,MARS,119.768271,CANCER,29.768271,0,0,0,0,0,0.34655431
2024-11-03,JUPITER,80.289028,GEMINI,20.289028,1,0,0,0,0,-0.08140399
2024-11-03,SATURN,342.820538,PISCES,12.820538,1,0,0,0,0,-0.02099666
2024-11-03,URANUS,55.80133,TAURUS,25.80133,1,0,0,0,0,-0.04001568
2024-11-03,NEPTUNE,357.455042,PISCES,27.455042,1,0,0,0,0,-0.01792336
2024-11-03,PLUTO,299.762807,CAPRICORN,29.762807,0,0,0,0,0,0.01078686
2024-11-04,SUN,222.561906,SCORPIO,12.561906,0,0,0,0,0,1.00252516
2024-11-04,MERCURY,242.340351,SAGITTARIUS,2.340351,0,0,0,0,0,1.36733689
2024-11-04,VENUS,261.306047,SAGITTARIUS,21.306047,0,0,0,0,0,1.19923499
2024-11-04,MARS,120.111114,LEO,0.111114,0,1,0,0,0,0.33910752
2024-11-04,JUPITER,80.206196,GEMINI,20.206196,1,0,0,0,0,-0.08425109
2024-11-04,SATURN,342.800395,PISCES,12.800395,1,0,0,0,0,-0.01928787
2024-11-04,URANUS,55.761199,TAURUS,25.761199,1,0,0,0,0,-0.04024306
2024-11-04,NEPTUNE,357.437339,PISCES,27.437339,1,0,0,0,0,-0.01748164
2024-11-04,PLUTO,299.773835,CAPRICORN,29.773835,0,0,0,0,0,0.01126602
2024-11-05,SUN,223.564666,SCORPIO,13.564666,0,0,0,0,0,1.00298777
2024-11-05,MERCURY,243.699747,SAGITTARIUS,3.699747,0,0,0,0,0,1.35122998
2024-11-05,VENUS,262.504911,SAGITTARIUS,22.504911,0,0,0,0,0,1.19848438
2024-11-05,MARS,120.446435,LEO,0.446435,0,0,0,0,0,0.33150967
2024-11-05,JUPITER,80.120542,GEMINI,20.120542,1,0,0,0,0,-0.08704762
2024-11-05,SATURN,342.781965,PISCES,12.781965,1,0,0,0,0,-0.0175729
2024-11-05,URANUS,55.720848,TAURUS,25.720848,1,0,0,0,0,-0.04045632
2024-11-05,NEPTUNE,357.42008,PISCES,27.42008,1,0,0,0,0,-0.01703668
2024-11-05,PLUTO,299.785338,CAPRICORN,29.785338,0,0,0,0,0,0.0117383
2024-11-06,SUN,224.567878,SCORPIO,14.567878,0,0,0,0,0,1.00342781
2024-11-06,MERCURY,245.042314,SAGITTARIUS,5.042314,0,0,0,0,0,1.33363784
2024-11-06,VENUS,263.703003,SAGITTARIUS,23.703003,0,0,0,0,0,1.19769245
2024-11-06,MARS,120.774083,LEO,0.774083,0,0,0,0,0,0.32375957
2024-11-06,JUPITER,80.032118,GEMINI,20.032118,1,0,0,0,0,-0.08979214
2024-11-06,SATURN,342.765251,PISCES,12.765251,1,0,0,0,0,-0.01585426
2024-11-06,URANUS,55.68029,TAURUS,25.68029,1,0,0,0,0,-0.04065666
2024-11-06,NEPTUNE,357.403266,PISCES,27.403266,1,0,0,0,0,-0.01659009
2024-11-06,PLUTO,299.797309,CAPRICORN,29.797309,0,0,0,0,0,0.01220214
2024-11-07,SUN,225.571519,SCORPIO,15.571519,0,0,0,0,0,1.00384646
2024-11-07,MERCURY,246.366443,SAGITTARIUS,6.366443,0,0,0,0,0,1.31431357
2024-11-07,VENUS,264.900283,SAGITTARIUS,24.900283,0,0,0,0,0,1.19685735
2024-11-07,MARS,121.093903,LEO,1.093903,0,0,0,0,0,0.31585646
2024-11-07,JUPITER,79.940976,GEMINI,19.940976,1,0,0,0,0,-0.09248249
2024-11-07,SATURN,342.750257,PISCES,12.750257,1,0,0,0,0,-0.01413363
2024-11-07,URANUS,55.639538,TAURUS,25.639538,1,0,0,0,0,-0.04084447
2024-11-07,NEPTUNE,357.3869,PISCES,27.3869,1,0,0,0,0,-0.01614262
2024-11-07,PLUTO,299.809739,CAPRICORN,29.809739,0,0,0,0,0,0.01265687
2024-11-08,SUN,226.575569,SCORPIO,16.575569,0,0,0,0,0,1.00424644
2024-11-08,MERCURY,247.670268,SAGITTARIUS,7.670268,0,0,0,0,0,1.29297747
2024-11-08,VENUS,266.096705,SAGITTARIUS,26.096705,0,0,0,0,0,1.19597854
2024-11-08,MARS,121.405744,LEO,1.405744,0,0,0,0,0,0.30780049
2024-11-08,JUPITER,79.847171,GEMINI,19.847171,1,0,0,0,0,-0.09511576
2024-11-08,SATURN,342.736984,PISCES,12.736984,1,0,0,0,0,-0.01241165
2024-11-08,URANUS,55.598605,TAURUS,25.598605,1,0,0,0,0,-0.04101918
2024-11-08,NEPTUNE,357.370981,PISCES,27.370981,1,0,0,0,0,-0.01569401
2024-11-08,PLUTO,299.82262,CAPRICORN,29.82262,0,0,0,0,0,0.01310286
2024-11-09,SUN,227.580012,SCORPIO,17.580012,0,0,0,0,0,1.00463234
2024-11-09,MERCURY,248.95162,SAGITTARIUS,8.95162,0,0,0,0,0,1.26931206
2024-11-09,VENUS,267.292227,SAGITTARIUS,27.292227,0,0,0,0,0,1.19505725
2024-11-09,MARS,121.709453,LEO,1.709453,0,0,0,0,0,0.29959259
2024-11-09,JUPITER,79.750764,GEMINI,19.750764,1,0,0,0,0,-0.097688
2024-11-09,SATURN,342.725434,PISCES,12.725434,1,0,0,0,0,-0.0106877
2024-11-09,URANUS,55.557505,TAURUS,25.557505,1,0,0,0,0,-0.04117904
2024-11-09,NEPTUNE,357.355512,PISCES,27.355512,1,0,0,0,0,-0.01524277
2024-11-09,PLUTO,299.835942,CAPRICORN,29.835942,0,0,0,0,0,0.01354176
2024-11-10,SUN,228.584836,SCORPIO,18.584836,0,0,0,0,0,1.00501099
2024-11-10,MERCURY,250.207993,SAGITTARIUS,10.207993,0,0,0,0,0,1.24295757
2024-11-10,VENUS,268.486807,SAGITTARIUS,28.486807,0,0,0,0,0,1.19409668
2024-11-10,MARS,122.004879,LEO,2.004879,0,0,0,0,0,0.29123432
2024-11-10,JUPITER,79.651817,GEMINI,19.651817,1,0,0,0,0,-0.10019421
2024-11-10,SATURN,342.715609,PISCES,12.715609,1,0,0,0,0,-0.00895971
2024-11-10,URANUS,55.516253,TAURUS,25.516253,1,0,0,0,0,-0.0413209
2024-11-10,NEPTUNE,357.340497,PISCES,27.340497,1,0,0,0,0,-0.014786
2024-11-10,PLUTO,299.849702,CAPRICORN,29.849702,0,0,0,0,0,0.01397668
2024-11-11,SUN,229.590039,SCORPIO,19.590039,0,0,0,0,0,1.00539126
2024-11-11,MERCURY,251.4365,SAGITTARIUS,11.4365,0,0,0,0,0,1.21350605
2024-11-11,VENUS,269.68041,SAGITTARIUS,29.68041,0,0,0,0,0,1.19310242
2024-11-11,MARS,122.291871,LEO,2.291871,0,0,0,0,0,0.28272717
2024-11-11,JUPITER,79.550399,GEMINI,19.550399,1,0,0,0,0,-0.10262859
2024-11-11,SATURN,342.707517,PISCES,12.707517,1,0,0,0,0,-0.00722432
2024-11-11,URANUS,55.47487,TAURUS,25.47487,1,0,0,0,0,-0.04144058
2024-11-11,NEPTUNE,357.325943,PISCES,27.325943,1,0,0,0,0,-0.01431959
2024-11-11,PLUTO,299.863896,CAPRICORN,29.863896,0,0,0,0,0,0.01441194
2024-11-12,SUN,230.595627,SCORPIO,20.595627,0,0,0,0,0,1.00578267
2024-11-12,MERCURY,252.633815,SAGITTARIUS,12.633815,0,0,0,0,0,1.18049438
2024-11-12,VENUS,270.873004,CAPRICORN,0.873004,0,1,0,0,0,1.19208105
2024-11-12,MARS,122.570283,LEO,2.570283,0,0,0,0,0,0.27407059
2024-11-12,JUPITER,79.446584,GEMINI,19.446584,1,0,0,0,0,-0.10498592
2024-11-12,SATURN,342.701164,PISCES,12.701164,1,0,0,0,0,-0.00547807
2024-11-12,URANUS,55.43338,TAURUS,25.43338,1,0,0,0,0,-0.04153402
2024-11-12,NEPTUNE,357.311862,PISCES,27.311862,1,0,0,0,0,-0.01383948
2024-11-12,PLUTO,299.878527,CAPRICORN,29.878527,0,0,0,0,0,0.0148518
2024-11-13,SUN,231.601615,SCORPIO,21.601615,0,0,0,0,0,1.00619269
2024-11-13,MERCURY,253.796123,SAGITTARIUS,13.796123,0,0,0,0,0,1.14339582
2024-11-13,VENUS,272.064566,CAPRICORN,2.064566,0,0,0,0,0,1.19103838
2024-11-13,MARS,122.839961,LEO,2.839961,0,0,0,0,0,0.26525967
2024-11-13,JUPITER,79.340453,GEMINI,19.340453,1,0,0,0,0,-0.10726331
2024-11-13,SATURN,342.696565,PISCES,12.696565,1,0,0,0,0,-0.0037193
2024-11-13,URANUS,55.391811,TAURUS,25.391811,1,0,0,0,0,-0.04159933
2024-11-13,NEPTUNE,357.298269,PISCES,27.298269,1,0,0,0,0,-0.01334364
2024-11-13,PLUTO,299.893602,CAPRICORN,29.893602,0,0,0,0,0,0.01529863
2024-11-14,SUN,232.608024,SCORPIO,22.608024,0,0,0,0,0,1.00662449
2024-11-14,MERCURY,254.919041,SAGITTARIUS,14.919041,0,0,0,0,0,1.10161189
2024-11-14,VENUS,273.255076,CAPRICORN,3.255076,0,0,0,0,0,1.18997729
2024-11-14,MARS,123.100747,LEO,3.100747,0,0,0,0,0,0.25628381
2024-11-14,JUPITER,79.232084,GEMINI,19.232084,1,0,0,0,0,-0.1094617
2024-11-14,SATURN,342.693731,PISCES,12.693731,1,0,0,0,0,-0.00194968
2024-11-14,URANUS,55.35019,TAURUS,25.35019,1,0,0,0,0,-0.04163815
2024-11-14,NEPTUNE,357.28518,PISCES,27.28518,1,0,0,0,0,-0.01283354
2024-11-14,PLUTO,299.909128,CAPRICORN,29.909128,0,0,0,0,0,0.01575119
2024-11-15,SUN,233.614874,SCORPIO,23.614874,0,0,0,0,0,1.00707601
2024-11-15,MERCURY,255.997554,SAGITTARIUS,15.997554,0,0,0,0,0,1.05446618
2024-11-15,VENUS,274.444516,CAPRICORN,4.444516,0,0,0,0,0,1.18889704
2024-11-15,MARS,123.352469,LEO,3.352469,0,0,0,0,0,0.24712733
2024-11-15,JUPITER,79.121554,GEMINI,19.121554,1,0,0,0,0,-0.11158543
2024-11-15,SATURN,342.692669,PISCES,12.692669,1,0,0,0,0,-0.00017425
2024-11-15,URANUS,55.308541,TAURUS,25.308541,1,0,0,0,0,-0.04165565
2024-11-15,NEPTUNE,357.272606,PISCES,27.272606,1,0,0,0,0,-0.01231423
2024-11-15,PLUTO,299.925106,CAPRICORN,29.925106,0,0,0,0,0,0.0162046
2024-11-16,SUN,234.622184,SCORPIO,24.622184,0,0,0,0,0,1.00754134
2024-11-16,MERCURY,257.025929,SAGITTARIUS,17.025929,0,0,0,0,0,1.00120191
2024-11-16,VENUS,275.632864,CAPRICORN,5.632864,0,0,0,0,0,1.1877943
2024-11-16,MARS,123.594936,LEO,3.594936,0,0,0,0,0,0.2377728
2024-11-16,JUPITER,79.008935,GEMINI,19.008935,1,0,0,0,0,-0.11364012
2024-11-16,SATURN,342.693384,PISCES,12.693384,0,0,0,1,1,0.00160041
2024-11-16,URANUS,55.266883,TAURUS,25.266883,1,0,0,0,0,-0.04165859
2024-11-16,NEPTUNE,357.260553,PISCES,27.260553,1,0,0,0,0,-0.01179234
2024-11-16,PLUTO,299.941536,CAPRICORN,29.941536,0,0,0,0,0,0.01665229
2024-11-17,SUN,235.629962,SCORPIO,25.629962,0,0,0,0,0,1.00801362
2024-11-17,MERCURY,257.997634,SAGITTARIUS,17.997634,0,0,0,0,0,0.94098328
2024-11-17,VENUS,276.820097,CAPRICORN,6.820097,0,0,0,0,0,1.18666538
2024-11-17,MARS,123.827943,LEO,3.827943,0,0,0,0,0,0.22820495
2024-11-17,JUPITER,78.894295,GEMINI,18.894295,1,0,0,0,0,-0.11562959
2024-11-17,SATURN,342.69587,PISCES,12.69587,0,0,0,0,0,0.00336894
2024-11-17,URANUS,55.225227,TAURUS,25.225227,1,0,0,0,0,-0.04165249
2024-11-17,NEPTUNE,357.249021,PISCES,27.249021,1,0,0,0,0,-0.0112734
2024-11-17,PLUTO,299.958409,CAPRICORN,29.958409,0,0,0,0,0,0.01708877
2024-11-18,SUN,236.638214,SCORPIO,26.638214,0,0,0,0,0,1.00848754
2024-11-18,MERCURY,258.905268,SAGITTARIUS,18.905268,0,0,0,0,0,0.87290202
2024-11-18,VENUS,278.006187,CAPRICORN,8.006187,0,0,0,0,0,1.18550811
2024-11-18,MARS,124.051271,LEO,4.051271,0,0,0,0,0,0.21841383
2024-11-18,JUPITER,78.777697,GEMINI,18.777697,1,0,0,0,0,-0.11755386
2024-11-18,SATURN,342.70012,PISCES,12.70012,0,0,0,0,0,0.00512908
2024-11-18,URANUS,55.18358,TAURUS,25.18358,1,0,0,0,0,-0.0416393
2024-11-18,NEPTUNE,357.238005,PISCES,27.238005,1,0,0,0,0,-0.01075967
2024-11-18,PLUTO,299.97571,CAPRICORN,29.97571,0,0,0,0,0,0.01751172
2024-11-19,SUN,237.64694,SCORPIO,27.64694,0,0,0,0,0,1.00896035
2024-11-19,MERCURY,259.740487,SAGITTARIUS,19.740487,0,0,0,0,0,0.7959897
2024-11-19,VENUS,279.191105,CAPRICORN,9.191105,0,0,0,0,0,1.18432227
2024-11-19,MARS,124.264695,LEO,4.264695,0,0,0,0,0,0.20839539
2024-11-19,JUPITER,78.65921,GEMINI,18.65921,1,0,0,0,0,-0.11940895
2024-11-19,SATURN,342.706126,PISCES,12.706126,0,0,0,0,0,0.00688202
2024-11-19,URANUS,55.141951,TAURUS,25.141951,1,0,0,0,0,-0.04161755
2024-11-19,NEPTUNE,357.2275,PISCES,27.2275,1,0,0,0,0,-0.01024985
2024-11-19,PLUTO,299.993428,CAPRICORN,29.993428,0,0,0,0,0,0.0179223
2024-11-20,SUN,238.656137,SCORPIO,28.656137,0,0,0,0,0,1.00943117
2024-11-20,MERCURY,260.493959,SAGITTARIUS,20.493959,0,0,0,0,0,0.70924011
2024-11-20,VENUS,280.374823,CAPRICORN,10.374823,0,0,0,0,0,1.18310865
2024-11-20,MARS,124.467986,LEO,4.467986,0,0,0,0,0,0.1981501
2024-11-20,JUPITER,78.538904,GEMINI,18.538904,1,0,0,0,0,-0.12118844
2024-11-20,SATURN,342.713883,PISCES,12.713883,0,0,0,0,0,0.008631
2024-11-20,URANUS,55.100349,TAURUS,25.100349,1,0,0,0,0,-0.04158348
2024-11-20,NEPTUNE,357.217505,PISCES,27.217505,1,0,0,0,0,-0.00974055
2024-11-20,PLUTO,300.011552,AQUARIUS,0.011552,0,1,0,0,0,0.01832384
2024-11-21,SUN,239.665804,SCORPIO,29.665804,0,0,0,0,0,1.0098996
2024-11-21,MERCURY,261.155342,SAGITTARIUS,21.155342,0,0,0,0,0,0.61164732
2024-11-21,VENUS,281.557314,CAPRICORN,11.557314,0,0,0,0,0,1.18186774
2024-11-21,MARS,124.660919,LEO,4.660919,0,0,0,0,0,0.18768056
2024-11-21,JUPITER,78.41686,GEMINI,18.41686,1,0,0,0,0,-0.12288547
2024-11-21,SATURN,342.723387,PISCES,12.723387,0,0,0,0,0,0.01037939
2024-11-21,URANUS,55.058789,TAURUS,25.058789,1,0,0,0,0,-0.04153301
2024-11-21,NEPTUNE,357.20802,PISCES,27.20802,1,0,0,0,0,-0.00922804
2024-11-21,PLUTO,300.030074,AQUARIUS,0.030074,0,0,0,0,0,0.01871995
2024-11-22,SUN,240.675938,SAGITTARIUS,0.675938,0,1,0,0,0,1.01036489
2024-11-22,MERCURY,261.713312,SAGITTARIUS,21.713312,0,0,0,0,0,0.50226677
2024-11-22,VENUS,282.73855,CAPRICORN,12.73855,0,0,0,0,0,1.18059868
2024-11-22,MARS,124.843272,LEO,4.843272,0,0,0,0,0,0.17699008
2024-11-22,JUPITER,78.293162,GEMINI,18.293162,1,0,0,0,0,-0.12449408
2024-11-22,SATURN,342.734642,PISCES,12.734642,0,0,0,0,0,0.01212971
2024-11-22,URANUS,55.017289,TAURUS,25.017289,1,0,0,0,0,-0.041463
2024-11-22,NEPTUNE,357.19905,PISCES,27.19905,1,0,0,0,0,-0.0087095
2024-11-22,PLUTO,300.048991,AQUARIUS,0.048991,0,0,0,0,0,0.01911339
2024-11-23,SUN,241.686535,SAGITTARIUS,1.686535,0,0,0,0,0,1.01082572
2024-11-23,MERCURY,262.155668,SAGITTARIUS,22.155668,0,0,0,0,0,0.380307
2024-11-23,VENUS,283.918502,CAPRICORN,13.918502,0,0,0,0,0,1.17929955
2024-11-23,MARS,125.014825,LEO,5.014825,0,0,0,0,0,0.16608205
2024-11-23,JUPITER,78.167902,GEMINI,18.167902,1,0,0,0,0,-0.12600952
2024-11-23,SATURN,342.747648,PISCES,12.747648,0,0,0,0,0,0.01388317
2024-11-23,URANUS,54.97587,TAURUS,24.97587,1,0,0,0,0,-0.04137132
2024-11-23,NEPTUNE,357.190603,PISCES,27.190603,1,0,0,0,0,-0.00818319
2024-11-23,PLUTO,300.0683,AQUARIUS,0.0683,0,0,0,0,0,0.01950586
2024-11-24,SUN,242.697589,SAGITTARIUS,2.697589,0,0,0,0,0,1.01128047
2024-11-24,MERCURY,262.469545,SAGITTARIUS,22.469545,0,0,0,0,0,0.24525957
2024-11-24,VENUS,285.097139,CAPRICORN,15.097139,0,0,0,0,0,1.17796768
2024-11-24,MARS,125.175364,LEO,5.175364,0,0,0,0,0,0.15495966
2024-11-24,JUPITER,78.041174,GEMINI,18.041174,1,0,0,0,0,-0.12742798
2024-11-24,SATURN,342.762409,PISCES,12.762409,0,0,0,0,0,0.01564026
2024-11-24,URANUS,54.934554,TAURUS,24.934554,1,0,0,0,0,-0.04125681
2024-11-24,NEPTUNE,357.182686,PISCES,27.182686,1,0,0,0,0,-0.00764819
2024-11-24,PLUTO,300.088002,AQUARIUS,0.088002,0,0,0,0,0,0.01989827
2024-11-25,SUN,243.709095,SAGITTARIUS,3.709095,0,0,0,0,0,1.01172748
2024-11-25,MERCURY,262.641785,SAGITTARIUS,22.641785,0,0,0,0,0,0.0970732
2024-11-25,VENUS,286.274427,CAPRICORN,16.274427,0,0,0,0,0,1.17660011
2024-11-25,MARS,125.324674,LEO,5.324674,0,0,0,0,0,0.14362632
2024-11-25,JUPITER,77.913079,GEMINI,17.913079,1,0,0,0,0,-0.12874635
2024-11-25,SATURN,342.778929,PISCES,12.778929,0,0,0,0,0,0.01740087
2024-11-25,URANUS,54.893364,TAURUS,24.893364,1,0,0,0,0,-0.04111869
2024-11-25,NEPTUNE,357.175309,PISCES,27.175309,1,0,0,0,0,-0.0071041
2024-11-25,PLUTO,300.108097,AQUARIUS,0.108097,0,0,0,0,0,0.02029098
2024-11-26,SUN,244.721044,SAGITTARIUS,4.721044,0,0,0,0,0,1.01216492
2024-11-26,MERCURY,262.659495,SAGITTARIUS,22.659495,1,0,1,0,1,-0.063626
2024-11-26,VENUS,287.450328,CAPRICORN,17.450328,0,0,0,0,0,1.17519345
2024-11-26,MARS,125.462546,LEO,5.462546,0,0,0,0,0,0.13208554
2024-11-26,JUPITER,77.783715,GEMINI,17.783715,1,0,0,0,0,-0.12996215
2024-11-26,SATURN,342.797212,PISCES,12.797212,0,0,0,0,0,0.01916446
2024-11-26,URANUS,54.852324,TAURUS,24.852324,1,0,0,0,0,-0.04095681
2024-11-26,NEPTUNE,357.168481,PISCES,27.168481,1,0,0,0,0,-0.00655099
2024-11-26,PLUTO,300.128585,AQUARIUS,0.128585,0,0,0,0,0,0.02068401
2024-11-27,SUN,245.733424,SAGITTARIUS,5.733424,0,0,0,0,0,1.01259051
2024-11-27,MERCURY,262.510853,SAGITTARIUS,22.510853,1,0,0,0,0,-0.23527479
2024-11-27,VENUS,288.624801,CAPRICORN,18.624801,0,0,0,0,0,1.17374394
2024-11-27,MARS,125.588776,LEO,5.588776,0,0,0,0,0,0.12034092
2024-11-27,JUPITER,77.653189,GEMINI,17.653189,1,0,0,0,0,-0.13107356
2024-11-27,SATURN,342.81726,PISCES,12.81726,0,0,0,0,0,0.02092994
2024-11-27,URANUS,54.811458,TAURUS,24.811458,1,0,0,0,0,-0.04077148
2024-11-27,NEPTUNE,357.162211,PISCES,27.162211,1,0,0,0,0,-0.00598945
2024-11-27,PLUTO,300.149466,AQUARIUS,0.149466,0,0,0,0,0,0.02107675
2024-11-28,SUN,246.746223,SAGITTARIUS,6.746223,0,0,0,0,0,1.01300152
2024-11-28,MERCURY,262.186187,SAGITTARIUS,22.186187,1,0,0,0,0,-0.41509629
2024-11-28,VENUS,289.797801,CAPRICORN,19.797801,0,0,0,0,0,1.17224707
2024-11-28,MARS,125.703161,LEO,5.703161,0,0,0,0,0,0.10839649
2024-11-28,JUPITER,77.521603,GEMINI,17.521603,1,0,0,0,0,-0.13207945
2024-11-28,SATURN,342.839073,PISCES,12.839073,0,0,0,0,0,0.02269569
2024-11-28,URANUS,54.770788,TAURUS,24.770788,1,0,0,0,0,-0.04056357
2024-11-28,NEPTUNE,357.156505,PISCES,27.156505,1,0,0,0,0,-0.00542062
2024-11-28,PLUTO,300.170739,AQUARIUS,0.170739,0,0,0,0,0,0.02146813
2024-11-29,SUN,247.759424,SAGITTARIUS,7.759424,0,0,0,0,0,1.01339469
2024-11-29,MERCURY,261.679314,SAGITTARIUS,21.679314,1,0,0,0,0,-0.59885225
2024-11-29,VENUS,290.969279,CAPRICORN,20.969279,0,0,0,0,0,1.17069758
2024-11-29,MARS,125.805504,LEO,5.805504,0,0,0,0,0,0.09625692
2024-11-29,JUPITER,77.389064,GEMINI,17.389064,1,0,0,0,0,-0.13297927
2024-11-29,SATURN,342.862652,PISCES,12.862652,0,0,0,0,0,0.02445956
2024-11-29,URANUS,54.730337,TAURUS,24.730337,1,0,0,0,0,-0.04033453
2024-11-29,NEPTUNE,357.151372,PISCES,27.151372,1,0,0,0,0,-0.00484614
2024-11-29,PLUTO,300.192403,AQUARIUS,0.192403,0,0,0,0,0,0.02185655
2024-11-30,SUN,248.773008,SAGITTARIUS,8.773008,0,0,0,0,0,1.01376633
2024-11-30,MERCURY,260.989086,SAGITTARIUS,20.989086,1,0,0,0,0,-0.78069699
2024-11-30,VENUS,292.139179,CAPRICORN,22.139179,0,0,0,0,0,1.16908939
2024-11-30,MARS,125.895612,LEO,5.895612,0,0,0,0,0,0.08392774
2024-11-30,JUPITER,77.255679,GEMINI,17.255679,1,0,0,0,0,-0.13377305
2024-11-30,SATURN,342.887992,PISCES,12.887992,0,0,0,0,0,0.02621893
2024-11-30,URANUS,54.690125,TAURUS,24.690125,1,0,0,0,0,-0.04008615
2024-11-30,NEPTUNE,357.146815,PISCES,27.146815,1,0,0,0,0,-0.00426809
2024-11-30,PLUTO,300.214452,AQUARIUS,0.214452,0,0,0,0,0,0.02223999
2024-12-01,SUN,249.786952,SAGITTARIUS,9.786952,0,0,0,0,0,1.01411279
2024-12-01,MERCURY,260.120995,SAGITTARIUS,20.120995,1,0,0,0,0,-0.95322864
2024-12-01,VENUS,293.307438,CAPRICORN,23.307438,0,0,0,0,0,1.16741572
2024-12-01,MARS,125.973298,LEO,5.973298,0,0,0,0,0,0.07141574
2024-12-01,JUPITER,77.121553,GEMINI,17.121553,1,0,0,0,0,-0.13446139
2024-12-01,SATURN,342.915089,PISCES,12.915089,0,0,0,0,0,0.02797072
2024-12-01,URANUS,54.650171,TAURUS,24.650171,1,0,0,0,0,-0.03982072
2024-12-01,NEPTUNE,357.142837,PISCES,27.142837,1,0,0,0,0,-0.00368897
2024-12-01,PLUTO,300.236881,AQUARIUS,0.236881,0,0,0,0,0,0.02261603
2024-12-02,SUN,250.801228,SAGITTARIUS,10.801228,0,0,0,0,0,1.01443083
2024-12-02,MERCURY,259.088583,SAGITTARIUS,19.088583,1,0,0,0,0,-1.10783706
2024-12-02,VENUS,294.473987,CAPRICORN,24.473987,0,0,0,0,0,1.16566962
2024-12-02,MARS,126.038384,LEO,6.038384,0,0,0,0,0,0.05872856
2024-12-02,JUPITER,76.986791,GEMINI,16.986791,1,0,0,0,0,-0.13504524
2024-12-02,SATURN,342.943931,PISCES,12.943931,0,0,0,0,0,0.0297118
2024-12-02,URANUS,54.610489,TAURUS,24.610489,1,0,0,0,0,-0.03954052
2024-12-02,NEPTUNE,357.139437,PISCES,27.139437,1,0,0,0,0,-0.00311129
2024-12-02,PLUTO,300.259682,AQUARIUS,0.259682,0,0,0,0,0,0.02298227
2024-12-03,SUN,251.815807,SAGITTARIUS,11.815807,0,0,0,0,0,1.0147184
2024-12-03,MERCURY,257.914328,SAGITTARIUS,17.914328,1,0,0,0,0,-1.23540879
2024-12-03,VENUS,295.638752,CAPRICORN,25.638752,0,0,0,0,0,1.16384479
2024-12-03,MARS,126.090699,LEO,6.090699,0,0,0,0,0,0.04587529
2024-12-03,JUPITER,76.851497,GEMINI,16.851497,1,0,0,0,0,-0.13552534
2024-12-03,SATURN,342.974508,PISCES,12.974508,0,0,0,0,0,0.03143953
2024-12-03,URANUS,54.571094,TAURUS,24.571094,1,0,0,0,0,-0.03924748
2024-12-03,NEPTUNE,357.136613,PISCES,27.136613,1,0,0,0,0,-0.00253714
2024-12-03,PLUTO,300.282843,AQUARIUS,0.282843,0,0,0,0,0,0.02333677
2024-12-04,SUN,252.830658,SAGITTARIUS,12.830658,0,0,0,0,0,1.01497514
2024-12-04,MERCURY,256.62965,SAGITTARIUS,16.62965,1,0,0,0,0,-1.32736143
2024-12-04,VENUS,296.80165,CAPRICORN,26.80165,0,0,0,0,0,1.16193608
2024-12-04,MARS,126.130082,LEO,6.130082,0,0,0,0,0,0.03286673
2024-12-04,JUPITER,76.715774,GEMINI,16.715774,1,0,0,0,0,-0.13590181
2024-12-04,SATURN,343.006806,PISCES,13.006806,0,0,0,0,0,0.03315221
2024-12-04,URANUS,54.531997,TAURUS,24.531997,1,0,0,0,0,-0.03894249
2024-12-04,NEPTUNE,357.134361,PISCES,27.134361,1,0,0,0,0,-0.00196753
2024-12-04,PLUTO,300.306351,AQUARIUS,0.306351,0,0,0,0,0,0.02367864
2024-12-05,SUN,253.845752,SAGITTARIUS,13.845752,0,0,0,0,0,1.01520281
2024-12-05,MERCURY,255.273787,SAGITTARIUS,15.273787,1,0,0,0,0,-1.37685292
2024-12-05,VENUS,297.962596,CAPRICORN,27.962596,0,0,0,0,0,1.15994005
2024-12-05,MARS,126.156383,LEO,6.156383,0,0,0,0,0,0.01971521
2024-12-05,JUPITER,76.579727,GEMINI,16.579727,1,0,0,0,0,-0.13617379
2024-12-05,SATURN,343.040808,PISCES,13.040808,0,0,0,0,0,0.03484962
2024-12-05,URANUS,54.493212,TAURUS,24.493212,1,0,0,0,0,-0.0386251
2024-12-05,NEPTUNE,357.132676,PISCES,27.132676,1,0,0,0,0,-0.00140214
2024-12-05,PLUTO,300.330196,AQUARIUS,0.330196,0,0,0,0,0,0.02400844
2024-12-06,SUN,254.86106,SAGITTARIUS,14.86106,0,0,0,0,0,1.0154052
2024-12-06,MERCURY,253.891468,SAGITTARIUS,13.891468,1,0,0,0,0,-1.37989349
2024-12-06,VENUS,299.121501,CAPRICORN,29.121501,0,0,0,0,0,1.15785514
2024-12-06,MARS,126.169467,LEO,6.169467,0,0,0,0,0,0.00643471
2024-12-06,JUPITER,76.443461,GEMINI,16.443461,1,0,0,0,0,-0.13633942
2024-12-06,SATURN,343.0765,PISCES,13.0765,0,0,0,0,0,0.03653291
2024-12-06,URANUS,54.454752,TAURUS,24.454752,1,0,0,0,0,-0.03829363
2024-12-06,NEPTUNE,357.131555,PISCES,27.131555,1,0,0,0,0,-0.00083927
2024-12-06,PLUTO,300.354365,AQUARIUS,0.354365,0,0,0,0,0,0.02432803
2024-12-07,SUN,255.87656,SAGITTARIUS,15.87656,0,0,0,0,0,1.01558796
2024-12-07,MERCURY,252.52967,SAGITTARIUS,12.52967,1,0,0,0,0,-1.33605556
2024-12-07,VENUS,300.278277,AQUARIUS,0.278277,0,1,0,0,0,1.15568134
2024-12-07,MARS,126.169213,LEO,6.169213,1,0,1,0,1,-0.00695972
2024-12-07,JUPITER,76.307084,GEMINI,16.307084,1,0,0,0,0,-0.13639616
2024-12-07,SATURN,343.113869,PISCES,13.113869,0,0,0,0,0,0.03820447
2024-12-07,URANUS,54.41663,TAURUS,24.41663,1,0,0,0,0,-0.03794531
2024-12-07,NEPTUNE,357.130997,PISCES,27.130997,1,0,0,0,0,-0.00027609
2024-12-07,PLUTO,300.378849,AQUARIUS,0.378849,0,0,0,0,0,0.02464056
2024-12-08,SUN,256.892236,SAGITTARIUS,16.892236,0,0,0,0,0,1.01575815
2024-12-08,MERCURY,251.23395,SAGITTARIUS,11.23395,1,0,0,0,0,-1.2485603
2024-12-08,VENUS,301.432836,AQUARIUS,1.432836,0,0,0,0,0,1.15342006
2024-12-08,MARS,126.155513,LEO,6.155513,1,0,0,0,0,-0.02045298
2024-12-08,JUPITER,76.170706,GEMINI,16.170706,1,0,0,0,0,-0.13634132
2024-12-08,SATURN,343.152905,PISCES,13.152905,0,0,0,0,0,0.03986732
2024-12-08,URANUS,54.378867,TAURUS,24.378867,1,0,0,0,0,-0.03757679
2024-12-08,NEPTUNE,357.131004,PISCES,27.131004,0,0,0,1,1,0.00029083
2024-12-08,PLUTO,300.403644,AQUARIUS,0.403644,0,0,0,0,0,0.02494967
2024-12-09,SUN,257.908079,SAGITTARIUS,17.908079,0,0,0,0,0,1.01592351
2024-12-09,MERCURY,250.045031,SAGITTARIUS,10.045031,1,0,0,0,0,-1.12371529
2024-12-09,VENUS,302.58509,AQUARIUS,2.58509,0,0,0,0,0,1.15107363
2024-12-09,MARS,126.128277,LEO,6.128277,1,0,0,0,0,-0.03403083
2024-12-09,JUPITER,76.034439,GEMINI,16.034439,1,0,0,0,0,-0.13617275
2024-12-09,SATURN,343.193602,PISCES,13.193602,0,0,0,0,0,0.04152446
2024-12-09,URANUS,54.341484,TAURUS,24.341484,1,0,0,0,0,-0.03718503
2024-12-09,NEPTUNE,357.131581,PISCES,27.131581,0,0,0,0,0,0.00086479
2024-12-09,PLUTO,300.428749,AQUARIUS,0.428749,0,0,0,0,0,0.02525897
2024-12-10,SUN,258.924088,SAGITTARIUS,18.924088,0,0,0,0,0,1.01609121
2024-12-10,MERCURY,248.996204,SAGITTARIUS,8.996204,1,0,0,0,0,-0.96987536
2024-12-10,VENUS,303.734956,AQUARIUS,3.734956,0,0,0,0,0,1.14864438
2024-12-10,MARS,126.087426,LEO,6.087426,1,0,0,0,0,-0.04768146
2024-12-10,JUPITER,75.898398,GEMINI,15.898398,1,0,0,0,0,-0.13588994
2024-12-10,SATURN,343.235954,PISCES,13.235954,0,0,0,0,0,0.04317786
2024-12-10,URANUS,54.304505,TAURUS,24.304505,1,0,0,0,0,-0.03676823
2024-12-10,NEPTUNE,357.132737,PISCES,27.132737,0,0,0,0,0,0.00144786
2024-12-10,PLUTO,300.454164,AQUARIUS,0.454164,0,0,0,0,0,0.02557082
2024-12-11,SUN,259.940268,SAGITTARIUS,19.940268,0,0,0,0,0,1.01626631
2024-12-11,MERCURY,248.111893,SAGITTARIUS,8.111893,1,0,0,0,0,-0.79622484
2024-12-11,VENUS,304.882353,AQUARIUS,4.882353,0,0,0,0,0,1.14613367
2024-12-11,MARS,126.032891,LEO,6.032891,1,0,0,0,0,-0.06139687
2024-12-11,JUPITER,75.762696,GEMINI,15.762696,1,0,0,0,0,-0.13549496
2024-12-11,SATURN,343.279957,PISCES,13.279957,0,0,0,0,0,0.04482722
2024-12-11,URANUS,54.267956,TAURUS,24.267956,1,0,0,0,0,-0.03632699
2024-12-11,NEPTUNE,357.13448,PISCES,27.13448,0,0,0,0,0,0.00203979
2024-12-11,PLUTO,300.479892,AQUARIUS,0.479892,0,0,0,0,0,0.02588528
2024-12-12,SUN,260.956628,SAGITTARIUS,20.956628,0,0,0,0,0,1.01645069
2024-12-12,MERCURY,247.407391,SAGITTARIUS,7.407391,1,0,0,0,0,-0.61167047
2024-12-12,VENUS,306.027198,AQUARIUS,6.027198,0,0,0,0,0,1.14354109
2024-12-12,MARS,125.964611,LEO,5.964611,1,0,0,0,0,-0.07517243
2024-12-12,JUPITER,75.627443,GEMINI,15.627443,1,0,0,0,0,-0.13499276
2024-12-12,SATURN,343.325607,PISCES,13.325607,0,0,0,0,0,0.04646967
2024-12-12,URANUS,54.231858,TAURUS,24.231858,1,0,0,0,0,-0.03586481
2024-12-12,NEPTUNE,357.136819,PISCES,27.136819,0,0,0,0,0,0.00263749
2024-12-12,PLUTO,300.505936,AQUARIUS,0.505936,0,0,0,0,0,0.02619944
2024-12-13,SUN,261.973177,SAGITTARIUS,21.973177,0,0,0,0,0,1.01664316
2024-12-13,MERCURY,246.889576,SAGITTARIUS,6.889576,1,0,0,0,0,-0.42403631
2024-12-13,VENUS,307.169409,AQUARIUS,7.169409,0,0,0,0,0,1.14086445
2024-12-13,MARS,125.882527,LEO,5.882527,1,0,0,0,0,-0.08900573
2024-12-13,JUPITER,75.492743,GEMINI,15.492743,1,0,0,0,0,-0.13439034
2024-12-13,SATURN,343.372894,PISCES,13.372894,0,0,0,0,0,0.04810016
2024-12-13,URANUS,54.196231,TAURUS,24.196231,1,0,0,0,0,-0.03538725
2024-12-13,NEPTUNE,357.139756,PISCES,27.139756,0,0,0,0,0,0.00323565
2024-12-13,PLUTO,300.532291,AQUARIUS,0.532291,0,0,0,0,0,0.02650824
2024-12-14,SUN,262.98992,SAGITTARIUS,22.98992,0,0,0,0,0,1.01684063
2024-12-14,MERCURY,246.558243,SAGITTARIUS,6.558243,1,0,0,0,0,-0.23962083
2024-12-14,VENUS,308.3089,AQUARIUS,8.3089,0,0,0,0,0,1.13810104
2024-12-14,MARS,125.786581,LEO,5.786581,1,0,0,0,0,-0.10289342
2024-12-14,JUPITER,75.358693,GEMINI,15.358693,1,0,0,0,0,-0.13369482
2024-12-14,SATURN,343.421803,PISCES,13.421803,0,0,0,0,0,0.04971329
2024-12-14,URANUS,54.161087,TAURUS,24.161087,1,0,0,0,0,-0.03490026
2024-12-14,NEPTUNE,357.143289,PISCES,27.143289,0,0,0,0,0,0.00382858
2024-12-14,PLUTO,300.55895,AQUARIUS,0.55895,0,0,0,0,0,0.02680608
2024-12-15,SUN,264.006862,SAGITTARIUS,24.006862,0,0,0,0,0,1.01704011
2024-12-15,MERCURY,246.40771,SAGITTARIUS,6.40771,1,0,0,0,0,-0.06307508
2024-12-15,VENUS,309.445583,AQUARIUS,9.445583,0,0,0,0,0,1.13524914
2024-12-15,MARS,125.676724,LEO,5.676724,1,0,0,0,0,-0.11682785
2024-12-15,JUPITER,75.225383,GEMINI,15.225383,1,0,0,0,0,-0.13291105
2024-12-15,SATURN,343.472315,PISCES,13.472315,0,0,0,0,0,0.05130539
2024-12-15,URANUS,54.126432,TAURUS,24.126432,1,0,0,0,0,-0.03440796
2024-12-15,NEPTUNE,357.147411,PISCES,27.147411,0,0,0,0,0,0.00441228
2024-12-15,PLUTO,300.585899,AQUARIUS,0.585899,0,0,0,0,0,0.027089
2024-12-16,SUN,265.024004,SAGITTARIUS,25.024004,0,0,0,0,0,1.01724006
2024-12-16,MERCURY,246.428435,SAGITTARIUS,6.428435,0,0,0,1,1,0.10249074
2024-12-16,VENUS,310.57937,AQUARIUS,10.57937,0,0,0,0,0,1.13230864
2024-12-16,MARS,125.552913,LEO,5.552913,1,0,0,0,0,-0.13079481
2024-12-16,JUPITER,75.092899,GEMINI,15.092899,1,0,0,0,0,-0.1320405
2024-12-16,SATURN,343.524407,PISCES,13.524407,0,0,0,0,0,0.05287581
2024-12-16,URANUS,54.092272,TAURUS,24.092272,1,0,0,0,0,-0.0339113
2024-12-16,NEPTUNE,357.152111,PISCES,27.152111,0,0,0,0,0,0.00498583
2024-12-16,PLUTO,300.613123,AQUARIUS,0.613123,0,0,0,0,0,0.02735605
2024-12-17,SUN,266.041346,SAGITTARIUS,26.041346,0,0,0,0,0,1.0174405
2024-12-17,MERCURY,246.608436,SAGITTARIUS,6.608436,0,0,0,0,0,0.25527213
2024-12-17,VENUS,311.710172,AQUARIUS,11.710172,0,0,0,0,0,1.12928091
2024-12-17,MARS,125.415128,LEO,5.415128,1,0,0,0,0,-0.14477306
2024-12-17,JUPITER,74.961331,GEMINI,14.961331,1,0,0,0,0,-0.1310813
2024-12-17,SATURN,343.57806,PISCES,13.57806,0,0,0,0,0,0.05442673
2024-12-17,URANUS,54.058611,TAURUS,24.058611,1,0,0,0,0,-0.03340822
2024-12-17,NEPTUNE,357.15738,PISCES,27.15738,0,0,0,0,0,0.00555128
2024-12-17,PLUTO,300.640607,AQUARIUS,0.640607,0,0,0,0,0,0.02760925
2024-12-18,SUN,267.058889,SAGITTARIUS,27.058889,0,0,0,0,0,1.01764221
2024-12-18,MERCURY,246.934465,SAGITTARIUS,6.934465,0,0,0,0,0,0.3944881
2024-12-18,VENUS,312.837904,AQUARIUS,12.837904,0,0,0,0,0,1.1261675
2024-12-18,MARS,125.26337,LEO,5.26337,1,0,0,0,0,-0.15873546
2024-12-18,JUPITER,74.830767,GEMINI,14.830767,1,0,0,0,0,-0.13002969
2024-12-18,SATURN,343.633255,PISCES,13.633255,0,0,0,0,0,0.05596199
2024-12-18,URANUS,54.025459,TAURUS,24.025459,1,0,0,0,0,-0.03289485
2024-12-18,NEPTUNE,357.163212,PISCES,27.163212,0,0,0,0,0,0.00611236
2024-12-18,PLUTO,300.668338,AQUARIUS,0.668338,0,0,0,0,0,0.02785222
2024-12-19,SUN,268.076634,SAGITTARIUS,28.076634,0,0,0,0,0,1.01784558
2024-12-19,MERCURY,247.39289,SAGITTARIUS,7.39289,0,0,0,0,0,0.52010649
2024-12-19,VENUS,313.962479,AQUARIUS,13.962479,0,0,0,0,0,1.12296844
2024-12-19,MARS,125.09767,LEO,5.09767,1,0,0,0,0,-0.17265101
2024-12-19,JUPITER,74.701303,GEMINI,14.701303,1,0,0,0,0,-0.12888184
2024-12-19,SATURN,343.689979,PISCES,13.689979,0,0,0,0,0,0.05748531
2024-12-19,URANUS,53.992826,TAURUS,23.992826,1,0,0,0,0,-0.03236731
2024-12-19,NEPTUNE,357.169604,PISCES,27.169604,0,0,0,0,0,0.00667284
2024-12-19,PLUTO,300.696309,AQUARIUS,0.696309,0,0,0,0,0,0.02808877
2024-12-20,SUN,269.094583,SAGITTARIUS,29.094583,0,0,0,0,0,1.01804996
2024-12-20,MERCURY,247.970318,SAGITTARIUS,7.970318,0,0,0,0,0,0.63260635
2024-12-20,VENUS,315.083812,AQUARIUS,15.083812,0,0,0,0,0,1.11968182
2024-12-20,MARS,124.918092,LEO,4.918092,1,0,0,0,0,-0.18648646
2024-12-20,JUPITER,74.573036,GEMINI,14.573036,1,0,0,0,0,-0.12763502
2024-12-20,SATURN,343.748222,PISCES,13.748222,0,0,0,0,0,0.05899935
2024-12-20,URANUS,53.960729,TAURUS,23.960729,1,0,0,0,0,-0.03182275
2024-12-20,NEPTUNE,357.176557,PISCES,27.176557,0,0,0,0,0,0.00723549
2024-12-20,PLUTO,300.724514,AQUARIUS,0.724514,0,0,0,0,0,0.02832161
2024-12-21,SUN,270.112736,CAPRICORN,0.112736,0,1,0,0,0,1.01825371
2024-12-21,MERCURY,248.654011,SAGITTARIUS,8.654011,0,0,0,0,0,0.73278782
2024-12-21,VENUS,316.201813,AQUARIUS,16.201813,0,0,0,0,0,1.11630376
2024-12-21,MARS,124.724733,LEO,4.724733,1,0,0,0,0,-0.2002073
2024-12-21,JUPITER,74.446066,GEMINI,14.446066,1,0,0,0,0,-0.12628798
2024-12-21,SATURN,343.807975,PISCES,13.807975,0,0,0,0,0,0.06050546
2024-12-21,URANUS,53.929187,TAURUS,23.929187,1,0,0,0,0,-0.03125961
2024-12-21,NEPTUNE,357.184076,PISCES,27.184076,0,0,0,0,0,0.00780177
2024-12-21,PLUTO,300.752951,AQUARIUS,0.752951,0,0,0,0,0,0.02855225
2024-12-22,SUN,271.131092,CAPRICORN,1.131092,0,0,0,0,0,1.01845465
2024-12-22,MERCURY,249.432129,SAGITTARIUS,9.432129,0,0,0,0,0,0.82162948
2024-12-22,VENUS,317.316388,AQUARIUS,17.316388,0,0,0,0,0,1.11282914
2024-12-22,MARS,124.517725,LEO,4.517725,1,0,0,0,0,-0.21377816
2024-12-22,JUPITER,74.320493,GEMINI,14.320493,1,0,0,0,0,-0.12484065
2024-12-22,SATURN,343.869231,PISCES,13.869231,0,0,0,0,0,0.06200386
2024-12-22,URANUS,53.898216,TAURUS,23.898216,1,0,0,0,0,-0.03067728
2024-12-22,NEPTUNE,357.192162,PISCES,27.192162,0,0,0,0,0,0.00837218
2024-12-22,PLUTO,300.781618,AQUARIUS,0.781618,0,0,0,0,0,0.02878116
2024-12-23,SUN,272.149646,CAPRICORN,2.149646,0,0,0,0,0,1.01865041
2024-12-23,MERCURY,250.293856,SAGITTARIUS,10.293856,0,0,0,0,0,0.90018575
2024-12-23,VENUS,318.427438,AQUARIUS,18.427438,0,0,0,0,0,1.10925206
2024-12-23,MARS,124.297237,LEO,4.297237,1,0,0,0,0,-0.22716291
2024-12-23,JUPITER,74.196417,GEMINI,14.196417,1,0,0,0,0,-0.12329387
2024-12-23,SATURN,343.931981,PISCES,13.931981,0,0,0,0,0,0.06349424
2024-12-23,URANUS,53.867838,TAURUS,23.867838,1,0,0,0,0,-0.03007597
2024-12-23,NEPTUNE,357.200821,PISCES,27.200821,0,0,0,0,0,0.00894658
2024-12-23,PLUTO,300.810513,AQUARIUS,0.810513,0,0,0,0,0,0.02900831
2024-12-24,SUN,273.168392,CAPRICORN,3.168392,0,0,0,0,0,1.01883844
2024-12-24,MERCURY,251.22944,SAGITTARIUS,11.22944,0,0,0,0,0,0.96951736
2024-12-24,VENUS,319.534857,AQUARIUS,19.534857,0,0,0,0,0,1.10556621
2024-12-24,MARS,124.063472,LEO,4.063472,1,0,0,0,0,-0.24032465
2024-12-24,JUPITER,74.073938,GEMINI,14.073938,1,0,0,0,0,-0.12164906
2024-12-24,SATURN,343.996217,PISCES,13.996217,0,0,0,0,0,0.06497577
2024-12-24,URANUS,53.83807,TAURUS,23.83807,1,0,0,0,0,-0.0294561
2024-12-24,NEPTUNE,357.210057,PISCES,27.210057,0,0,0,0,0,0.00952435
2024-12-24,PLUTO,300.839634,AQUARIUS,0.839634,0,0,0,0,0,0.02923315
2024-12-25,SUN,274.187322,CAPRICORN,4.187322,0,0,0,0,0,1.01901593
2024-12-25,MERCURY,252.230172,SAGITTARIUS,12.230172,0,0,0,0,0,1.03064637
2024-12-25,VENUS,320.638533,AQUARIUS,20.638533,0,0,0,0,0,1.10176484
2024-12-25,MARS,123.816673,LEO,3.816673,1,0,0,0,0,-0.2532257
2024-12-25,JUPITER,73.953151,GEMINI,13.953151,1,0,0,0,0,-0.11990816
2024-12-25,SATURN,344.06193,PISCES,14.06193,0,0,0,0,0,0.0664473
2024-12-25,URANUS,53.808932,TAURUS,23.808932,1,0,0,0,0,-0.02881875
2024-12-25,NEPTUNE,357.219871,PISCES,27.219871,0,0,0,0,0,0.01010455
2024-12-25,PLUTO,300.868979,AQUARIUS,0.868979,0,0,0,0,0,0.02945477
2024-12-26,SUN,275.206422,CAPRICORN,5.206422,0,0,0,0,0,1.01917957
2024-12-26,MERCURY,253.288332,SAGITTARIUS,13.288332,0,0,0,0,0,1.08452945
2024-12-26,VENUS,321.738347,AQUARIUS,21.738347,0,0,0,0,0,1.09784045
2024-12-26,MARS,123.557119,LEO,3.557119,1,0,0,0,0,-0.26582738
2024-12-26,JUPITER,73.834152,GEMINI,13.834152,1,0,0,0,0,-0.11807368
2024-12-26,SATURN,344.129109,PISCES,14.129109,0,0,0,0,0,0.06790722
2024-12-26,URANUS,53.780438,TAURUS,23.780438,1,0,0,0,0,-0.02816523
2024-12-26,NEPTUNE,357.230267,PISCES,27.230267,0,0,0,0,0,0.01068579
2024-12-26,PLUTO,300.898544,AQUARIUS,0.898544,0,0,0,0,0,0.02967191
2024-12-27,SUN,276.225678,CAPRICORN,6.225678,0,0,0,0,0,1.01932549
2024-12-27,MERCURY,254.397122,SAGITTARIUS,14.397122,0,0,0,0,0,1.1320443
2024-12-27,VENUS,322.834172,AQUARIUS,22.834172,0,0,0,0,0,1.09378446
2024-12-27,MARS,123.28513,LEO,3.28513,1,0,0,0,0,-0.27809032
2024-12-27,JUPITER,73.717034,GEMINI,13.717034,1,0,0,0,0,-0.11614858
2024-12-27,SATURN,344.197741,PISCES,14.197741,0,0,0,0,0,0.06935348
2024-12-27,URANUS,53.752606,TAURUS,23.752606,1,0,0,0,0,-0.02749739
2024-12-27,NEPTUNE,357.241243,PISCES,27.241243,0,0,0,0,0,0.01126625
2024-12-27,PLUTO,300.928322,AQUARIUS,0.928322,0,0,0,0,0,0.02988281
2024-12-28,SUN,277.245069,CAPRICORN,7.245069,0,0,0,0,0,1.01944928
2024-12-28,MERCURY,255.550576,SAGITTARIUS,15.550576,0,0,0,0,0,1.17398449
2024-12-28,VENUS,323.92587,AQUARIUS,23.92587,0,0,0,0,0,1.08958711
2024-12-28,MARS,123.001064,LEO,3.001064,1,0,0,0,0,-0.28997416
2024-12-28,JUPITER,73.601884,GEMINI,13.601884,1,0,0,0,0,-0.1141364
2024-12-28,SATURN,344.267811,PISCES,14.267811,0,0,0,0,0,0.07078361
2024-12-28,URANUS,53.725447,TAURUS,23.725447,1,0,0,0,0,-0.02681741
2024-12-28,NEPTUNE,357.252799,PISCES,27.252799,0,0,0,0,0,0.0118437
2024-12-28,PLUTO,300.958308,AQUARIUS,0.958308,0,0,0,0,0,0.03008536
2024-12-29,SUN,278.26457,CAPRICORN,8.26457,0,0,0,0,0,1.01954623
2024-12-29,MERCURY,256.743482,SAGITTARIUS,16.743482,0,0,0,0,0,1.21106024
2024-12-29,VENUS,325.013296,AQUARIUS,25.013296,0,0,0,0,0,1.08523742
2024-12-29,MARS,122.70532,LEO,2.70532,1,0,0,0,0,-0.30143817
2024-12-29,JUPITER,73.488788,GEMINI,13.488788,1,0,0,0,0,-0.1120412
2024-12-29,SATURN,344.339303,PISCES,14.339303,0,0,0,0,0,0.07219472
2024-12-29,URANUS,53.698974,TAURUS,23.698974,1,0,0,0,0,-0.02612793
2024-12-29,NEPTUNE,357.264929,PISCES,27.264929,0,0,0,0,0,0.01241555
2024-12-29,PLUTO,300.98849,AQUARIUS,0.98849,0,0,0,0,0,0.03027709
2024-12-30,SUN,279.284154,CAPRICORN,9.284154,0,0,0,0,0,1.01961195
2024-12-30,MERCURY,257.971297,SAGITTARIUS,17.971297,0,0,0,0,0,1.2439027
2024-12-30,VENUS,326.096291,AQUARIUS,26.096291,0,0,0,0,0,1.08072354
2024-12-30,MARS,122.398339,LEO,2.398339,1,0,0,0,0,-0.31244143
2024-12-30,JUPITER,73.377828,GEMINI,13.377828,1,0,0,0,0,-0.10986717
2024-12-30,SATURN,344.412194,PISCES,14.412194,0,0,0,0,0,0.07358395
2024-12-30,URANUS,53.673194,TAURUS,23.673194,1,0,0,0,0,-0.02543143
2024-12-30,NEPTUNE,357.277628,PISCES,27.277628,0,0,0,0,0,0.0129793
2024-12-30,PLUTO,301.018858,AQUARIUS,1.018858,0,0,0,0,0,0.0304556
2024-12-31,SUN,280.303786,CAPRICORN,10.303786,0,0,0,0,0,1.01964343
2024-12-31,MERCURY,259.230073,SAGITTARIUS,19.230073,0,0,0,0,0,1.27307055
2024-12-31,VENUS,327.174685,AQUARIUS,27.174685,0,0,0,0,0,1.07603381
2024-12-31,MARS,122.080602,LEO,2.080602,1,0,0,0,0,-0.32294296
2024-12-31,JUPITER,73.269079,GEMINI,13.269079,1,0,0,0,0,-0.10761807
2024-12-31,SATURN,344.486463,PISCES,14.486463,0,0,0,0,0,0.07494916
2024-12-31,URANUS,53.648113,TAURUS,23.648113,1,0,0,0,0,-0.02472977
2024-12-31,NEPTUNE,357.290885,PISCES,27.290885,0,0,0,0,0,0.01353319
2024-12-31,PLUTO,301.049397,AQUARIUS,1.049397,0,0,0,0,0,0.03061932
