planet,sign,house,テーマ,核となる意味,長所,注意点,対人での出方,仕事での出方,成長のコツ,要約,解釈文
Sun,Aries,1,自らの手で新しい道を切り開き、自分らしさを確立する,周りの顔色をうかがうことなく、自分の直感を信じて主体的に新しい道を切り開いていく性質です。,自分の直感を信じ、即座に行動して新しい道を切り開く主体性と推進力が強みです。,自分の意見を優先しすぎて独断になりがちなので、周囲のペースに合わせて一呼吸置くことを心がけると良いでしょう。,率直でストレートな自己表現になりやすく、周囲からは自然と主導的な存在として見られやすいでしょう。,高いリーダーシップと新規開拓力を活かし、独立独歩のスタイルや起業的な分野で実力を発揮しやすいでしょう。,周囲との調和を意識し一歩立ち止まって行動することで、持ち前の推進力をさらに建設的に活かせます。,自分の意思をはっきり示しながら、行動を通して自分らしさを確立していくタイプです。,周囲の意見に左右されることなく、自らの直感と圧倒的な行動力で未開の道を切り開いていくパイオニアです。自らの純粋な情熱をそのまま現実世界に体現することで、揺るぎない自分らしさを確立していきます。
Sun,Aries,2,自らの才能と行動力で、独自の価値や財産を築き上げる,誰かに依存するのではなく、自分自身の才能や行動力を活かして、自分の力で豊かな財産を築く性質です。,誰かに頼らず、自分の才能と行動力で価値を築き上げる自立心と実行力に優れています。,欲しいものを衝動的に判断して浪費しやすい傾向があるため、一度冷静になって本当に必要か見極める習慣が大切です。,自分の価値観をはっきりと示すため、周囲からは芯の強い誠実な人という印象を与えやすいです。,独自の感性で価値を築く力を持ち、個人の才能を活かした実利的な事業で成果を出しやすいでしょう。,確固たる自己価値を築きつつ内面の豊かさを育てることで、物質的な安定と精神的な満足を両立できます。,自分の力で価値や収入を作ろうとする意識が強く、実力で安心感を築いていくタイプです。,誰かに依存することなく、自らの才能とバイタリティを活かして独自の価値や財産を築き上げます。自分の力で具体的な成果を生み出したときに、深い安心感と揺るぎない自己肯定感を得るでしょう。
Sun,Aries,3,知的好奇心の赴くままに学び、言葉を通して積極的に発信する,新しいことへの知的好奇心に溢れ、学んだ知識を自分の言葉で周りに発信していくことを大切にするタイプです。,知的好奇心に基づいてスピーディーに学び、独自の直感力を活かして伝える発信力に優れています。,気持ちが焦ると短気になり、軽率な発言をしがちです。言葉を発する前に一拍置くことで、誤解を防ぎやすくなります。,思ったことを素直に言葉にし、テンポが速く活発でエネルギッシュなコミュニケーションを好む傾向があります。,スピーディーな情報処理と発信力を武器に、教育やメディアなど対話が重視される現場で活躍します。,知的好奇心を実際の学びに生かし継続的な対話を大切にすると、深い信頼関係を築き言葉も輝きだすでしょう。,考えたことをすぐ言葉や行動に移し、身近な学びや発信の場で存在感を出しやすいタイプです。,旺盛な知的好奇心に突き動かされ、新しい知識や情報を積極的に吸収しようとします。その学びを自らの言葉に変換し、臆することなく発信することで、あなたらしい存在感を鮮やかに示していくでしょう。
Sun,Aries,4,新たな行動で心の拠り所を築き、自分らしい安心感を確立する,自分の直感を信じて行動することで、心から安心できる居場所や揺るぎない生活基盤を築いていく性質です。,新しい行動で自分らしい居場所を築き、大切なものを守り抜く自立心と守護力が強みです。,家庭では自分の意見を優先しすぎて頑固になりがちなので、家族の気持ちに耳を傾けることで、安心感が増すでしょう。,身近な人には率直な態度で接しやすく、大切な人を守ろうとする責任感が表れやすいでしょう。,集団の土台を支える決断力で、不動産や家業、組織のインフラ整備などでリーダーシップを発揮するでしょう。,家庭や基盤の安定を大切にしつつ自立心を育むと、揺るぎない精神的な支柱が生まれ、公私のバランスも整うでしょう。,自分に合う居場所を自分の手で作ろうとし、家庭や生活基盤でも主体性を発揮しやすいタイプです。,あなたは自分の心の奥底にある直感を信じ、自らの手で理想の居場所や生活基盤を築き上げようとします。その積極的な行動こそが、揺るぎない安心感と確固たる自分らしさを確立する源となるでしょう。
Sun,Aries,5,積極的に創造性を発揮し、自分らしい表現で人生を楽しむ,自分の個性や情熱を創造的な活動で表現し、人生を心ゆくまで楽しみながら存在価値を高めていく性質です。,積極的な行動力で、自分らしい創造性と情熱を存分に表現して人生を楽しむことができます。,注目を集めたい気持ちや衝動的な行動で、恋愛や創造面で気分が優先されがちなので、冷静さを意識すると良いでしょう。,自分らしい表現を積極的に見せやすく、情熱的で魅力的な存在として印象に残りやすいでしょう。,圧倒的な自己表現力と創造的なエネルギーで、芸術、エンタメ、投資などの分野で主役として輝くでしょう。,楽しみを独り占めせず周りに良い影響を与える表現を意識すると、あなたの創造性が花開き、さらに大きな賞賛を得られるでしょう。,好きなことや創作を通して自分らしさを表し、楽しむ力が人生の推進力になりやすいタイプです。,あなたの内なる情熱は、創造的な活動を通してダイナミックに表現されることを求めています。その表現自体が人生を心ゆくまで楽しむ原動力となり、揺るぎない自己価値を力強く打ち立てていくでしょう。
Sun,Aries,6,新しい挑戦を通じて、仕事や日々の務めに生きがいを見出す,日々の仕事や生活習慣において、持ち前の行動力で主体的に取り組み、着実に成果を生み出していくことを大切にします。,新しい挑戦を恐れず、迅速な行動力で日々の実務を改善し、効率化できるのが強みです。,仕事で焦りから短気になり、一人で抱え込みがちです。周囲と協力する意識を持つことで、過労を防ぎやすくなります。,行動で信頼を示すことが多く、周囲からは頼れる実務的な存在として受け入れられやすいでしょう。,主体的に仕事を引き受け、現場を力強く前に進める役割で活躍しやすいでしょう。,結果を急ぎすぎず周りと協力し役割を分担すると、行動力が安定した成果につながり、確かな喜びが生まれるでしょう。,日々の仕事や役割の中で率先して動き、現場を前に進めることで力を発揮しやすいタイプです。,あなたは日々の仕事や生活習慣の中にこそ、新たな挑戦の機会を見出し、主体的な行動で道を切り開いていきます。持ち前の行動力で率先して物事に取り組むことで、大きな達成感と揺るぎない生きがいを感じるでしょう。
Sun,Aries,7,積極的な交流で良きパートナーを見つけ、共に自分を磨く,パートナーシップや人との出会いを大切にしながら、積極的に関係性を築き、お互いを高め合っていく性質です。,積極的に人と交流し、パートナーと協力して共に成長できる主導力と協働力があります。,対人関係では自己主張が強すぎて対立しがちです。相手の意見にも耳を傾けることで、良い関係を築けるでしょう。,一対一の関係では率直に意見を伝え、対等な立場で自分らしく交流を楽しむでしょう。,積極的な社交術と交渉力を武器に、パートナーシップや広報、外交的な役割で大きなチャンスを掴むでしょう。,相手の意見を尊重しつつも自分の意志も誠実に伝えると、依存を超えた真の協力関係が築かれ、共に成長できるでしょう。,人との関わりの中でも自分の意思を大切にし、対等な関係を通して自分を確立していくタイプです。,あなたは人との出会いやパートナーシップにおいて、持ち前の積極性で主体的に関係性を築き上げていきます。お互いの個性を尊重し、共に刺激し合いながら自分自身を磨き上げていくことに、大きな喜びと成長を見出すでしょう。
Sun,Aries,8,勇気を持って変化を受け入れ、深い絆の中で自分を成長させる,相手と深く関わり共有する中で、自分の情熱と影響力を発揮し、大きな変容を遂げながら成長していくタイプです。,勇気を持って変化に飛び込み、深い洞察力で困難を突破し再生する力に優れています。,深い関係になるほど、相手を支配したり執着したりしがちです。信頼をベースに、お互いの自由を尊重すると良いでしょう。,関係が深まるほど本音をはっきりと伝えるため、深い信頼の絆を築きやすいでしょう。,深い洞察力と再生能力を活かし、金融や心理学、他者のリソースを扱う専門職で頭角を現すでしょう。,執着を手放し健全な情熱に変え他者と深い信頼関係を築くと、個人の力を超えた大きな成果と変容を成し遂げられるでしょう。,深い関係や共有するものに向き合う中で、自分の本気さや影響力を試していくタイプです。,あなたは深い人間関係や共有する体験の中で、自らの情熱と影響力を最大限に発揮しようとします。勇気を持って変化を受け入れ、相手と共に深い変容を遂げることで、自己を力強く成長させていくでしょう。
Sun,Aries,9,未知の世界へ飛び出し、探求心で新たな自分を発見する,未知の世界への探究心が強く、自らの信念や理想を胸に、行動力で新たな道を切り拓き成長していく性質です。,未知の世界へ果敢に飛び込み、探求心と行動力で新しい自分を発見する開拓精神があります。,自分の考えが絶対だと独善的になりがちなので、様々な視点から物事を学ぶことで、視野が広がりやすくなります。,自分の考えや信念を率直に語り、価値観を深め合う知的な対話を好む傾向があります。,高い向上心と冒険心を武器に、高等教育や出版、海外での活動で、既存の枠を超える先駆者として活躍するでしょう。,抽象的な理想だけでなく知見を具体的な行動に移すと、広い視野が人生を導く力強い知恵となり、あなたを輝かせるでしょう。,信念や理想を行動に移しながら、学びや挑戦を通して視野を広げていくタイプです。,あなたは未知の世界への尽きない探究心を胸に、自らの信念や理想を行動によって力強く現実化しようとします。常に新しい道を切り拓き、挑戦し続けることで、あなたらしい視野を広げ、新たな自分を発見していくでしょう。
Sun,Aries,10,行動力を活かして社会で活躍し、確固たる地位を築く,社会の中で持ち前の行動力と決断力でリーダーシップを発揮し、目に見える成果と確かな評価を築いていく性質です。,自らの行動力と開拓力で新しい分野を切り開き、社会でリーダーシップを発揮できます。,社会での目標達成に焦り、独断専行になりがちです。周囲の意見も聞くことで、より確実な評価に繋がるでしょう。,周囲を引っ張る姿勢が自然と表れ、人々を導くリーダー的な存在として見られやすいでしょう。,主体的に動く姿勢が評価され、責任ある立場を任されて社会で活躍するでしょう。,名声に囚われず内面の納得感と誠実さを貫くと、周囲から心から尊敬される指導者として、あなたの道が開くでしょう。,社会の中で自分の力を示したい意識が強く、責任ある場面で主体的に道を切り開くタイプです。,あなたは社会の舞台において、持ち前の行動力と決断力でリーダーシップを発揮し、道を切り拓いていきます。その積極的な姿勢が目に見える成果と確かな評価をもたらし、揺るぎない社会的な地位を確立するでしょう。
Sun,Aries,11,志を同じくする仲間と出会い、共に未来を切り拓く,仲間やグループの中で率先してリーダーシップを発揮し、未来への理想を掲げ、皆を導いていくことを大切にします。,未来を見据えた企画力と行動力で、仲間を先導して新しい道を切り拓くことができます。,仲間との活動で理想を追いすぎ、独走しがちです。みんなの意見を大切にすることで、調和が生まれるでしょう。,仲間の中でも率先して行動することが多く、グループに活力をもたらす存在になりやすいでしょう。,自由な精神と独自のビジョンで、社会システムを刷新するネットワーク作りや未来志向の活動でリーダーとなるでしょう。,個人の自由を大切にしつつも全体の調和を図る視点を持つと、独自のビジョンが多くの仲間に支持され、現実のものとなるでしょう。,仲間やコミュニティの中で先頭に立ち、未来に向けた動きを作っていきやすいタイプです。,あなたは志を同じくする仲間やグループの中で、未来への理想を掲げ、率先して皆を導くリーダーシップを発揮します。その行動力と熱意によって、共に新たな道を切り拓き、社会に大きな影響を与えることを喜びとするでしょう。
Sun,Aries,12,内なる声に耳を傾け、見えない世界から新たな自分を確立する,内なる衝動や見えない世界に意識を向け、直感やひらめきを頼りに、秘めた自分らしさを確立していく性質です。,内なる声に耳を傾け、直感力と精神力で新しい自分を見つける開拓意識が強みです。,内面的な葛藤に直面すると衝動的に逃避し、孤立しがちです。じっくり自分と向き合う時間を取ると安心できます。,表には強く出ないことがあっても、静かに相手を支え信頼関係を築く傾向があるでしょう。,見えないエネルギーや直感力を活かし、精神世界の探求、芸術、裏方での支援で真価を発揮するでしょう。,孤独を恐れずに内省の時間を大切に育むと、潜在意識の知恵を現実で活かす方法が湧き、あなたの人生を豊かにするでしょう。,表には出しきれない強い意思を内側に抱え、静かな場所で自分の力を育てていくタイプです。,あなたは内なる声や直感に深く耳を傾け、目に見えない世界とのつながりの中で、新たな自分を発見しようとします。秘められた衝動やひらめきを大切に育むことで、あなたらしい独自の個性を静かに、しかし力強く確立していくでしょう。
Sun,Taurus,1,着実に自分を磨き、安定した基盤の上で自分らしさを確立する,どっしりとした安定感を持ち、自分のペースを大切にしながら、着実に自分らしい存在感を築いていく性質です。,安定した基盤を築き、持続力と実行力で着実に自分らしさを表現できるのが強みです。,自分の考えに固執して頑固になりがちです。新しい視点を取り入れることで、柔軟な自己表現ができるでしょう。,落ち着いた自己表現になりやすく、周囲からは安定感のある人として安心感を持たれやすいでしょう。,圧倒的な持久力と揺るぎない自己信頼で、現実世界に確固たる基盤を築き、一度決めたことをやり抜く実務能力を発揮するでしょう。,古い価値観に囚われず五感が認める新しい美学を取り入れると、時代に左右されない強固な個性が確立され、揺るぎない魅力となるでしょう。,落ち着いた自己感覚を土台に、自分のペースで着実に存在感を育てていくタイプです。,あなたは揺るぎない安定感と自分のペースを大切にしながら、着実に自分らしい基盤を築き上げていきます。その基盤の上でじっくりと自分を磨き続けることで、確固たる存在感を確立し、あなたらしい豊かさを表現するでしょう。
Sun,Taurus,2,自分の才能をじっくり育て、揺るぎない価値と豊かさを築く,自分の才能や資質をじっくりと育み、着実に努力を重ねることで、豊かな財産と揺るぎない価値観を築く性質です。,じっくりと才能を育て、揺るぎない価値と豊かさを築く蓄積力と優れた財務感覚があります。,物やお金への執着が強くなり、保守的になりがちです。時には手放す勇気を持つことで、新たな豊かさが生まれます。,自分の価値基準をぶれずに示すため、信頼できる堅実な人という印象を与えやすいでしょう。,物質的な豊かさへの管理能力と才能を活かし、金融、不動産、五感を活かしたビジネスで大きな富を築くでしょう。,持っているものを守るだけでなく必要なところへ使う意識を持つと、安心感と豊かさの両方を育て、あなたの才能も輝きだすでしょう。,価値あるものを少しずつ積み上げ、自分の感覚で安心できる基盤を作っていくタイプです。,あなたは自身の才能や資質を時間をかけてじっくりと育み、着実な努力を重ねることに喜びを見出します。それらの積み重ねが、あなたにとっての揺るぎない価値観と豊かな財産を築き上げ、深い充足感をもたらすでしょう。
Sun,Taurus,3,安定した学びの場で知識を深め、言葉で着実に伝える,身近な環境の中で、実用的な知識や情報を着実に学び、自分の言葉でじっくりと伝えることを大切にするタイプです。,落ち着いてじっくりと学び、安定した表現力と説得力で物事を着実に伝えることができます。,自分の考えを頑固に主張し、柔軟性に欠けがちです。様々な意見に耳を傾けることで、思考が広がりやすくなります。,穏やかで着実な話し方になりやすく、周囲からは説得力のある聞き手として受け入れられやすいでしょう。,五感に根ざした説得力ある言葉選びで、実務教育や情報整理において高い信頼を得て発展するでしょう。,自分の考えをじっくり確認しながら相手に伝わる言葉で表現すると、信頼される発信力が育ち、あなたの言葉に重みが加わるでしょう。,実感のある言葉や知識を大切にし、落ち着いた伝え方で周囲に信頼感を与えやすいタイプです。,あなたは身近な環境でじっくりと腰を据え、実用的な知識や情報を着実に深く学んでいくことに価値を見出します。その学びを自らの言葉で丁寧に伝えることで、周囲に深い信頼感と揺るぎないあなたらしさを表現するでしょう。
Sun,Taurus,4,家庭や居場所を大切にし、心の安定が自分を成長させる,時間をかけて、心から安心できる居場所や揺るぎない生活基盤を築き、その中で自分らしさを育むことを大切にします。,家庭や居場所を大切に守り、心の安定を保ちながら着実に成長する継続力に優れています。,家庭や身近な場所への執着が強すぎて、変化を拒みがちです。新しい風を入れることで、より居心地の良い空間になるでしょう。,親しい人には安定した態度で接し、周りにとって安心できる居場所のような存在になりやすいでしょう。,家系やルーツを重んじ、美しく強固な生活の拠点を築き、伝統を守りながら次世代へ繁栄を継承する役割を果たすでしょう。,家庭環境への強いこだわりを癒やしと豊かさのエネルギーに変えると、内面から湧き上がる不動の安心感を手にし、心が満たされるでしょう。,安心できる居場所や生活の安定を大切にし、時間をかけて心の土台を整えていくタイプです。,あなたは心から安心できる居場所や揺るぎない生活基盤を、時間をかけて大切に築き上げようとします。その安定した環境こそが心の平穏をもたらし、あなたらしい個性をじっくりと育み、自己を豊かに成長させる土台となるでしょう。
Sun,Taurus,5,安定した環境で創作活動に打ち込み、自分らしい喜びを表現する,安定した環境の中で、五感を活かした創造的な活動を楽しみ、自分らしい価値観を表現していくことを大切にします。,安定した環境で芸術的才能を育み、揺るぎない表現力で自分らしい魅力を発揮します。,喜びや恋愛に執着し、所有欲が強くなりすぎることがあります。適度な距離感を意識すると、関係が長続きしやすくなります。,自分の魅力や感性を自然体で表し、温かみのある華やかさで周囲に好印象を与えやすいでしょう。,五感を刺激する創造性と圧倒的な集中力で、芸術、料理、園芸などの分野で才能を爆発させるでしょう。,楽しみをただ消費するだけでなく形に残る表現や作品へつなげると、満足感が長く続き、あなたの創造性がさらに高まるでしょう。,好きなものや美しいものをじっくり楽しみ、創造や表現を通して自分の魅力を育てるタイプです。,あなたは安定した心地よい環境の中で、五感を活かした創造的な活動に深く打ち込むことに喜びを感じます。その豊かな表現を通して、あなた自身の揺るぎない価値観と魅力をじっくりと育み、人生を心ゆくまで楽しむでしょう。
Sun,Taurus,6,地道な努力を重ね、日々の仕事や奉仕に生きがいを見出す,日々の業務や生活習慣に地道に、そして着実に取り組み、安定した成果を生み出すことに生きがいを感じる性質です。,地道な努力を継続し、日々の実務に安定感と信頼感をもたらすことができるのが強みです。,仕事や日常で変化を嫌い、惰性で進みがちです。新しい方法を取り入れることで、効率が上がり、新鮮な気持ちで取り組めます。,日々の行動を通じて誠実さを伝えやすく、コツコツと信頼を積み上げるタイプと見られやすいです。,安定した作業と継続力で現場を力強く支え、着実に成果を出す役割で活躍しやすいでしょう。,完璧を求めすぎず続けられる仕組みを整えると、日々の仕事や習慣が安定した成果につながり、着実に進めるでしょう。,日々の習慣や仕事を丁寧に積み重ね、安定した成果と信頼を作っていくタイプです。,あなたは日々の業務や生活習慣に地道かつ着実に取り組み、その一つ一つに深い意味と生きがいを見出します。継続的な努力によって安定した成果を生み出し、周囲からの揺るぎない信頼を築きながら、あなたらしい存在感を確立していくでしょう。
Sun,Taurus,7,信頼できるパートナーと協力し、堅実な人間関係を築く,信頼できるパートナーや人々との関係性を大切に、時間をかけて安定した人間関係を築いていくことを望む性質です。,信頼できるパートナーと協力し、堅実な人間関係を築く安定関係と調和力が強みです。,人間関係で特定の人に依存し、嫉妬心を抱きがちです。お互いの自立を尊重することで、より健全な絆が生まれます。,一対一の関係では安定感を重視し、長く付き合える信頼できる相手として安心されやすいでしょう。,一対一の関係で安定した情緒と誠実な交渉力を発揮し、信頼関係の構築を通じて人生を大きく発展させるでしょう。,相手を所有しようとせず互いの自立を尊重し深い絆を築くと、依存を超えた真のパートナーシップが築かれ、関係が深まるでしょう。,信頼できる関係をゆっくり築き、長く続く安心感の中で自分らしさを発揮しやすいタイプです。,あなたは信頼できるパートナーや人々と、時間をかけて堅実な人間関係を築き上げることを深く大切にします。その安定した絆の中でこそ、安心して自分らしさを発揮し、共に協力し合うことで揺るぎない価値を創造していくでしょう。
Sun,Taurus,8,揺るぎない絆の中で変化を受け入れ、深い部分で自分を確立する,深い絆や共有する財産の中で、安定感をもって変化を受け入れ、着実に揺るぎない価値を築き上げていく性質です。,揺るぎない絆の中で変化を受け入れ、粘り強さと深い洞察力で再生する力があります。,人や物事への執着が強く、手放すことに抵抗を感じがちです。時には手放すことで、新たな展開が訪れるでしょう。,深い関係になるほど粘り強く関わり、簡単には揺るがない強い信頼感を与えやすいでしょう。,他者と共有する深い感情や資産管理において、極限の経験を通じて真のパワーを覚醒させ、大きく大成するでしょう。,相手や物事を抱え込みすぎず信頼して任せる部分を作ると、深い関係の中でも安心して変化でき、より強く成長できるでしょう。,深い関係の中でも安定や確かさを求め、信頼を時間をかけて育てていくタイプです。,あなたは深い絆や共有する財産の中で、安定感をもって変化を受け入れ、内なる力を着実に育んでいきます。その過程で、揺るぎない自己価値を再確認し、あなたらしい深い部分での自己確立を果たすでしょう。
Sun,Taurus,9,じっくりと真理を探求し、揺るぎない価値観を確立する,自分の価値観を大切にしながら、じっくりと真理を探求し、揺るぎない信念や知識を深めていくことを大切にします。,じっくりと真理を探求し、揺るぎない信念力と安定した思想で価値観を確立できます。,自分の思想に固執し、視野が狭くなりがちです。様々な視点を受け入れることで、新たな発見があるでしょう。,自分の信念を穏やかに貫き、地に足のついた揺るぎない価値観を持つ人として見られやすいでしょう。,実利的な哲学と徹底的な探求心で、学問、出版、教育活動において既存の枠組みを超える成果を上げるでしょう。,目に見える成果と理想を両立させる方法を追求すると、広い視野が社会を導く力強い知恵となり、多くの信頼を得られるでしょう。,急がずに学びを深め、自分にとって本当に価値のある考え方を育てていくタイプです。,あなたは自分にとって本当に価値のあるものを見極めるため、じっくりと時間をかけて真理を探求します。その探求を通して、揺るぎない信念と深い知識を確立し、あなたらしい哲学を育んでいくでしょう。
Sun,Taurus,10,着実な歩みでキャリアを築き、社会で安定した地位を確立する,堅実な努力を重ね、時間をかけて着実に社会的な地位や評価を築き、安定したキャリアを確立していく性質です。,着実な歩みと継続的な成果で社会的な信頼を築き、安定した地位を確立できます。,社会での評価に固執し、保守的になりがちです。変化を恐れず挑戦することで、新たな可能性が広がるでしょう。,社会的な場では着実さが表に出やすく、安定した実力を持つ信頼される人として評価されやすいでしょう。,安定した成果を着実に出し、長期的な信頼を得て社会で確かな地位を築きやすいでしょう。,評判に囚われず内面の納得感と誠実さを貫くと、周囲から心から尊敬される指導者として、あなたの存在が輝くでしょう。,社会的な場で堅実さや継続力を発揮し、時間をかけて評価と信頼を積み上げるタイプです。,あなたは堅実な努力を重ね、時間をかけて着実に社会的な地位と評価を築き上げていきます。その安定したキャリアこそが、あなた自身の揺るぎない価値を社会に示し、確固たる存在感を確立する源となるでしょう。
Sun,Taurus,11,信頼できる仲間と共に、着実に理想の未来を形作る,信頼できる仲間との安定した関係性を大切に、理想の未来を着実に形にし、現実的な成果を積み重ねていくタイプです。,信頼できる仲間と安定した協力関係を築き、着実に理想の未来を形作ることができます。,仲間関係で依存し、閉鎖的になりがちです。新しい出会いも大切にすることで、交流の輪が広がるでしょう。,仲間内では支え役になることが多く、信頼を集める安定した存在として親しまれやすいでしょう。,価値観を共にする仲間とのネットワークを活かし、社会の価値基準を豊かにする共同プロジェクトで大きく大成するでしょう。,既存のコミュニティの課題を実力と誠実な運営で打破し連帯を作ると、理想とする社会を実現でき、仲間との絆も深まるでしょう。,価値観の合う仲間と安定したつながりを作り、現実的な未来像を育てていくタイプです。,あなたは信頼できる仲間との安定した関係性を何よりも大切にし、共に理想の未来を形作ろうとします。着実な歩みと現実的なアプローチによって、具体的な成果を積み重ねながら、あなたらしい貢献を果たすでしょう。
Sun,Taurus,12,内なる平穏を見つめ、精神的な豊かさの中で自分を確立する,内なる平穏を求め、精神的な豊かさを大切にしながら、静かに、そして着実に自分自身の基盤を固めていく性質です。,内なる平穏を見つめ、精神的な豊かさと忍耐力で自分を確立する内省力に優れています。,内面に閉じこもり、感情が停滞しがちです。自分の気持ちを素直に表現する意識を持つことで、心が軽くなるでしょう。,控えめでも落ち着いた存在感がにじみ、静かに安心感を与える穏やかな人として映りやすいでしょう。,見えない価値や精神性を扱う力を持ち、精神世界の探求、芸術、裏方支援で絶大な力を発揮するでしょう。,深層にある所有欲や不安を浄化すると、宇宙的な豊かさを現実世界へ引き寄せ、あなた自身も満たされるでしょう。,一人の時間や静かな環境の中で、自分の感性や安心感を深く育てていくタイプです。,あなたは内なる平穏を深く求め、精神的な豊かさこそが自分を支える大切な基盤だと感じています。静かな環境でじっくりと自己を見つめ、その中で着実に揺るぎない自分らしさを確立していくでしょう。
Sun,Gemini,1,豊かな知性とコミュニケーションで、多才な自分を表現する,豊かな知性と軽やかなコミュニケーションで、多角的な自分を表現し、周囲にその存在感を広げていく性質です。,豊かな知性と機転で情報を操り、多才な自分を魅力的に表現する発信力があります。,色々なことに興味を持ちすぎて思考が散漫になりがちです。一つのことに集中する時間を意識すると、深い洞察が得られます。,軽やかで機転の利く自己表現になりやすく、話しやすく親しみやすい人として見られやすいでしょう。,驚異的な知力と情報収集力で、人々の思考を刷新する多才な自己像を構築し、言葉の力で道を切り拓くでしょう。,表面的な知識だけでなく内側から湧き上がる真実の言葉を発信すると、強力な説得力が備わり、あなたの言葉が多くの人を動かすでしょう。,好奇心と柔軟さを通して自分を表し、変化しながら個性を広げていくタイプです。,あなたは豊かな知性と軽やかなコミュニケーション能力を活かし、多角的な自分を自由に表現します。その知的な好奇心と柔軟な姿勢が、周囲にあなたらしい存在感を広げ、絶えず変化しながら自己を確立していくでしょう。
Sun,Gemini,2,知識を活かして、自分の価値や豊かさを築く,幅広い知識や情報を収集し、それを独自の価値に変えることで、自分自身の財産や豊かさを築き上げていく性質です。,優れた情報感覚と的確な判断力で、知識を活かして独自の価値と豊かさを築く商才があります。,多くのものに興味を持ちすぎて、衝動的に散財しがちです。本当に価値あるものを見極める冷静な判断を心がけましょう。,自分の考えや価値観を柔軟に言葉にしやすく、頭の回転が速い知的な印象を与えやすいでしょう。,情報を価値に変える卓越した才能と柔軟な知性で、新しい収益源をスマートに築き上げ、豊かさを生み出すでしょう。,知識や人とのつながりを増やすだけでなく自分に合うように整理すると、現実的な豊かさに変わり、あなたの才能も輝きだすでしょう。,知識やスキルを活かして価値を生み出し、複数の可能性から安定を作っていくタイプです。,あなたは幅広い知識や情報を収集する才能に恵まれ、それを独自の価値へと見事に変換します。その知的な営みこそが、あなた自身の財産や豊かさを築き上げ、揺るぎない自己肯定感をもたらすでしょう。
Sun,Gemini,3,好奇心旺盛に学び、言葉で自分を表現する,好奇心旺盛に様々な情報を集め、それを自分の言葉で周りに伝え、知的な交流を楽しむことを大切にするタイプです。,好奇心旺盛な知識欲と機転を活かし、言葉で自分を表現する優れた発信力を持っています。,色々な情報に触れて思考が分散し、軽口を叩きがちです。一つのテーマを深く掘り下げることで、確かな知識が身につきます。,会話のテンポが自然に良くなりやすく、知的で気さくなコミュニケーションを築きやすいでしょう。,言葉の伝達と繋がりの力を完璧に使いこなし、教育、メディア、交渉の場で周囲の意識を変える影響力を発揮するでしょう。,表面的な会話に終わらず情報の核心を突く発信を心がけると、持ち前の発信力が社会を動かす知恵となり、さらに発展するでしょう。,身近な学びや会話の中で力を発揮し、情報をつなぐことで存在感を出しやすいタイプです。,あなたは尽きない知的好奇心に導かれ、様々な情報を軽やかに吸収することに喜びを感じます。その学びを自らの言葉で豊かに表現し、活発な知的な交流を通じて、あなたらしい存在感を鮮やかに示していくでしょう。
Sun,Gemini,4,知的な対話を通じて、安定した居場所を作る,家庭や身近な環境において、知的な対話や情報交換を活発に行い、心地よい居場所を築くことを大切にします。,知的な対話と柔軟な思考で、心の拠り所となる安定した居場所を築くことができます。,家庭内で言葉が多く、落ち着きがなくなりがちです。静かに過ごす時間も大切にすることで、穏やかな基盤が築けます。,身近な相手には言葉で距離を縮めやすく、和やかな会話の中心となる傾向があるでしょう。,知的な好奇心を満たす家庭環境を土台に、魂レベルで繋がる新しい家族像を再構築するでしょう。,内面の不安を知性で覆い隠さずありのままの感情を受け入れると、不動の安心感と知的な活力を両立でき、心豊かな日々を送れるでしょう。,家庭や居場所に風通しのよさを求め、会話や知的な刺激を通して安心感を作るタイプです。,あなたは家庭や身近な環境において、活発な知的な対話や情報交換を通して心地よい居場所を築こうとします。そのような知的な刺激に満ちた空間こそが、あなたに深い安心感をもたらし、自己を豊かに保つ源となるでしょう。
Sun,Gemini,5,知識を面白く伝え、自分らしい表現を楽しむ,遊び心や創造性を活かし、言葉やアイデアを自由に表現することで、人生の喜びや楽しみを見出していく性質です。,機知に富んだ表現力と創造性で、知識を面白く伝えながら自分らしい魅力を発揮します。,恋愛や楽しみで気分が変わりやすく、軽薄な印象を与えがちです。相手の気持ちを深く考えることで、関係が深まるでしょう。,遊び心のある表現を見せやすく、明るく楽しい人として周囲に良い印象を与えやすいでしょう。,知的な好奇心と圧倒的な集中力で、文芸、ゲーム、情報分析を伴う創作分野で独自の天才性を爆発させるでしょう。,楽しみを単なる娯楽にせず知性の限界に挑む真剣なプロセスとして取り組むと、一時の閃きが実績へと昇華され、大きな喜びとなるでしょう。,言葉やアイデアを使って楽しみを広げ、軽やかな表現で自分らしさを見せるタイプです。,あなたは遊び心と豊かな創造性を活かし、言葉やアイデアを自由に紡ぎ出すことに大きな喜びを感じます。その軽やかな表現を通して、知識を面白く伝えながら、人生を心ゆくまで楽しむ自分らしさを確立していくでしょう。
Sun,Gemini,6,情報を分析し、仕事で賢く貢献する,日々の仕事や業務において、効率的な情報処理と柔軟な対応力で、賢く周囲に貢献していくことを大切にします。,情報を的確に分析し、優れた改善力で日々の作業効率を賢く高めることができます。,多くの情報に触れて思考が散漫になり、神経質になりがちです。意識的に休息を取り、集中する時間を確保すると良いでしょう。,気配りのある言葉や情報共有で信頼を得やすく、器用で賢い実務家として見られやすいでしょう。,優れた情報処理能力と柔軟な対応で、業務を円滑に進める役割で活躍しやすいでしょう。,多くの情報を抱え込みすぎず優先順位を決めて行動すると、日々の仕事で力を安定して発揮でき、着実に成果につながるでしょう。,日々の仕事や用事を柔軟にこなし、情報整理や工夫によって力を発揮しやすいタイプです。,あなたは日々の仕事や業務において、効率的な情報処理と柔軟な対応力で賢く周囲に貢献することを大切にします。変化に素早く適応し、知的な分析力と工夫によって、あなたらしい優れた力を発揮していくでしょう。
Sun,Gemini,7,軽快な対話で関係を深め、自分を高める,人との会話を楽しみながら、軽やかに人間関係を築き、自分を高めていくタイプです。,軽やかな対話力で人との関係を良好に調整し、協力し合うことで絆を深められるのが強みです。,人付き合いで優柔不断になりがちですが、大切な関係には意識的に深く向き合うと、より絆が深まるでしょう。,一対一の関係では対話を重視し、知的な刺激を与えられる相手として好印象を与えやすいでしょう。,軽快な対話と知的な交流で、人との絆を深めながら自分を高めていけるでしょう。,正しさを急がず相手の話を聞く時間を大切にすることで、対話から信頼関係を育みやすくなります。,会話や情報交換を通して人と関わり、対話の中で自分の考えや立場を磨いていくタイプです。,あなたは軽やかな対話を通じて、人との絆を深く育んでいくことを心から楽しみます。様々な人との交流の中で、自分らしい個性や考えが磨かれ、新しい視点を発見することでさらなる成長を遂げるでしょう。
Sun,Gemini,8,深い探究で本質を見抜き、生まれ変わる,人の心や隠された情報を深く探り、本質を見抜くことで、新たな自分へと変容していく性質です。,鋭い洞察力と探究心で物事の本質を見抜き、人の心も深く理解できる知性を持っています。,物事を深く掘り下げすぎて疑心暗鬼になりやすいので、時には柔軟な思考で心を休ませることも大切です。,表面は軽やかでも深い話題にも踏み込みやすく、知的な洞察力を持つ人として一目置かれるでしょう。,深い洞察力で情報の真実を見抜き、金融や心理分析の分野で本質を探求する力を発揮するでしょう。,他者の知恵や資源を預かり大きく育む術を学ぶことで、個人の力を超えた強大な影響力を発揮できます。,深い関係の中で相手の考えや本音に関心を持ち、知的な理解を通して距離を縮めていくタイプです。,あなたは表面的な言葉の裏にある、人の心や物事の隠された本質を深く探求することに情熱を燃やします。その深い洞察力によって、凝り固まった常識を打ち破り、新たな自分へと生まれ変わるような変容を経験するでしょう。
Sun,Gemini,9,広い視野で学びを深め、知性を極める,知的好奇心が旺盛で、広い視野で様々な知識や思想を探求し、深く理解していくことを大切にします。,旺盛な知的探究心で学びを深め、得た知識を独自の思想として発信できる優れた学習力があります。,多くの知識を得る中で、つい表面的な理解で誇示しがちです。一つのテーマにじっくり向き合うと深まります。,知識や考えを共有する対話を好み、視野の広い知的な話し相手として好感を持たれやすいでしょう。,多角的な視点と知的な探求心で、学問や出版を通じて新しい思想を広める才能を発揮するでしょう。,多くの情報から真実を見出す努力をすることで、実体験を伴う知恵が多くの人を導く光となるでしょう。,幅広い学びや新しい考え方に触れることで視野を広げ、自分の可能性を軽やかに伸ばすタイプです。,あなたは飽くなき知的好奇心に導かれ、常に広い視野で多様な知識や思想を探求することを喜びとします。そうして得られた深い理解は、あなたの内なる世界を絶えず更新し、独自の知性として輝きを放つでしょう。
Sun,Gemini,10,論理的な発信で、社会に貢献し名を上げる,知識を論理的に整理し、それを社会に発信することで、自分のキャリアを切り開いていく性質です。,社会を深く理解し、機転を利かせた的確な発信力で、周囲を巻き込み成果を出せる強みがあります。,社会での評価を気にしすぎると、発言が軽率になったり方針が定まらなくなりやすいので、軸を持つと安心です。,社会的な場では情報発信力が際立ちやすく、知的好奇心旺盛な人として高く評価されるでしょう。,知的な情報発信力が高く評価され、社会に貢献する影響力ある立場を築くことができるでしょう。,評判に惑わされず内面の真実を誠実に発信することで、周囲から心から尊敬される権威となれるでしょう。,社会的な場で情報力や対応力を活かし、変化の多い環境でも自分の役割を見つけやすいタイプです。,あなたは論理的に整理された知識と言葉の力を駆使し、社会に向けて明確なメッセージを発信していきます。その知的な貢献が多くの人々に認められ、あなた自身のキャリアと確固たる地位を築き上げていくでしょう。
Sun,Gemini,11,交流を通じて仲間と理想を語り合う,様々なコミュニティで情報交換を楽しみながら、多くの仲間と理想を語り合い、関係を深めるタイプです。,活発な情報共有と優れた交流力で仲間とつながり、未来に向けた新しいアイデアを生み出せます。,仲間との交流で、つい多くの情報を集めて関係が浅くなりがちです。心から信頼できる人との時間を大切に。,仲間との交流の中で情報をつなぎ、グループにとっての知的な潤滑油のような存在になりやすいでしょう。,優れたネットワーク力で仲間と理想を共有し、新しいコミュニティを築き情報の流れを変えていけるでしょう。,既存の閉塞感を情報の透明化で打破し、新しい連帯を作ることで、理想とする社会を確実に実現できます。,仲間との交流や情報共有を通して未来の選択肢を広げ、軽やかなつながりを作るタイプです。,あなたは多様な人々が集まるコミュニティにおいて、活発な情報交換を心から楽しみ、軽やかに仲間との絆を深めます。未来への夢や理想を共に語り合う中で、あなた自身の役割や可能性を大きく広げていくでしょう。
Sun,Gemini,12,内なる知を探求し、心の奥と向き合う,心の奥で静かに思考を巡らせ、たくさんの情報を整理しながら、内なる知を探求するタイプです。,豊かな想像力と内省的な知性で、心の奥深くを探求し、直感的なひらめきを活かせるのが長所です。,考えすぎて思考の迷路に入り込み不安になりがちですが、瞑想などで心の静けさを取り戻すと良いでしょう。,表では控えめでも内面では対話欲求が強く、静かな気配りで人をつなぐ役割を担うでしょう。,目に見えない情報の流れを捉え、裏方での分析や精神世界の体系化で大きな力を発揮できるでしょう。,内なる知的な傲慢さや不安を浄化することで、宇宙的なメッセージを伝えるパイプ役を果たせるでしょう。,内側に多くの考えや感受性を抱え、一人の時間に思考を整理することで力を取り戻すタイプです。,あなたは静かに内面へと深く潜り込み、心の奥に眠る思考や情報を丁寧に整理しながら、自分だけの真実を探求します。そうした豊かな内省の時間は、あなたの存在を形作る上で不可欠な、深遠な知恵と洞察をもたらすでしょう。
Sun,Cancer,1,感情豊かに、自分の居場所を守り育てる,豊かな感情と直感を信じ、自分らしい居場所を大切にしながら、ゆっくりと成長していく性質です。,感情豊かで高い共感力と包容力があり、大切なものを守り育てることに優れた才能を発揮します。,感情が揺れやすく自分を守ろうとしがちですが、素直な気持ちを伝えることで、誤解が解け心が軽くなりますよ。,親しみやすく柔らかな雰囲気をまとい、自然と周囲の人に安心感を与えやすいでしょう。,深い共感力で人々を包み込み、守り育むリーダーシップを発揮し、確かな自己を確立できるでしょう。,感情を抑えず安心できる伝え方を見つけることで、あなたの優しさが自然な強さとして輝くでしょう。,感受性や親しみやすさを通して自分を表し、周囲との安心できる関係の中で存在感を育てるタイプです。,あなたは豊かな感情と鋭い直感を羅針盤とし、自分にとって心地よい居場所を大切に育んでいきます。その安心できる土台の上で、あなたらしい存在感をゆっくりと花開かせ、着実に成長を遂げていくでしょう。
Sun,Cancer,2,大切なものを守り育み、心の豊かさを得る,自分が大切だと感じるものを心を込めて守り育み、心の豊かさと安定した基盤を築くタイプです。,安定した家庭を築くことを大切にし、大切な人や資源を守り育む優れた保護力を持っています。,大切なものを守りたい気持ちから、時に浪費したり執着しがちです。本当に必要なものか冷静に見極めましょう。,大切な価値観を情感豊かに示すため、温かく堅実な人という印象を持たれやすいでしょう。,大切なものを守る強い価値観で、愛する人々を支える安定した収益基盤を築くことができるでしょう。,所有への執着を循環の意識に変えることで、物質的安定と情緒的満足を同時に得られるでしょう。,安心できる価値観や生活基盤を大切にし、守りたいもののために力を発揮しやすいタイプです。,あなたは心の奥底から大切だと感じるものを、愛情を込めて守り育むことに深い喜びを感じます。そうした行動の積み重ねが、あなた自身の揺るぎない基盤となり、かけがえのない心の豊かさをもたらすでしょう。
Sun,Cancer,3,共感力を活かして学び、温かい言葉で伝える,共感力を活かし、身近な人との温かい会話を通して、自分の気持ちを丁寧に伝えていく性質です。,人の感情を深く理解し、温かい共感力で対話する能力と、大切なことをしっかり記憶する力があります。,感情的に発言したり過去に囚われたりしやすいので、まずは落ち着いて事実を整理することを心がけると良いでしょう。,気持ちを込めて言葉を交わすため、共感力の高い温かい話し相手として受け入れられやすいでしょう。,豊かな感情と洞察力で、人々の心に響く言葉や共感を呼ぶ情報を伝える影響力を発揮できるでしょう。,気持ちを整理して言葉にすることで、あなたの思いやりが相手に深く届き、関係が深まるでしょう。,身近な人との会話や日常の交流を大切にし、気持ちを込めた言葉でつながりを作るタイプです。,あなたは持ち前の共感力を活かし、身近な人々との温かい会話の中で心の交流を深めます。相手の気持ちに寄り添いながら自分の思いを丁寧に言葉にすることで、互いに学び合い、より豊かな人間関係を築いていくでしょう。
Sun,Cancer,4,安心できる家庭を築き、家族を大切にする,安心できる家庭や居場所を何よりも大切にし、家族との温かい絆を育みながら安定した基盤を築くタイプです。,優れた家庭守護の精神と包容力で、皆が安心して過ごせる心の温かい居場所を築くのが得意です。,家族や身近な人への依存が強くなり、自分だけの世界に閉じこもりがちです。外の世界へも目を向けてみましょう。,親しい人には特に面倒見の良さが出て、あなたを頼れる守り人として信頼されやすいでしょう。,家庭やルーツを大切にし、究極の安らぎを与える精神的な聖域を築き、家族の絆を深めるでしょう。,支配や依存を断ち切り自立した愛情で結ばれることで、内面から湧き上がる不動の安心感を得られます。,家庭や居場所への意識が強く、安心できる土台を整えることで自分らしさが安定するタイプです。,あなたは心の奥底から湧き出る深い愛着を原動力に、安心できる家庭や居場所を何よりも大切にします。家族との温かい絆を育む中で、あなた自身の揺るぎない土台が築かれ、真の自分らしさが安定していくでしょう。
Sun,Cancer,5,感情を表現し、愛情あふれるものを生み出す,豊かな愛情と感情を込めて自分を表現し、心温まるものを生み出すことで、周りに存在感を示す性質です。,豊かな情熱と愛情を表現することで、人々を魅了し、心を育む創造性を発揮できるでしょう。,恋愛や趣味で気分に左右されやすく感情的になりがちです。落ち着いて相手や状況を見つめると調和しやすくなります。,愛情表現に温かさがにじみ、情が深く魅力的な人として周囲の心に残りやすいでしょう。,母性的な愛情と情熱を活かし、育児や教育、心揺さぶる創作分野で独自の才能を輝かせるでしょう。,好きなことに感情を込め形にする工夫を続けることで、あなたの表現が人に伝わる力を持ちやすくなります。,好きなことや創作に感情を込めやすく、温かい表現で人の心に残りやすいタイプです。,あなたは豊かな愛情と繊細な感情を惜しみなく表現することで、心温まるかけがえのないものを生み出します。そうした創造的な活動を通して、あなたならではの存在感が周りの人々の心に深く刻まれていくでしょう。
Sun,Cancer,6,献身的に働き、人や環境をサポートする,日々の仕事や習慣に細やかな配慮を忘れず、周りの人や環境をサポートしながら安心感を大切にするタイプです。,献身的に人や環境を世話する力があり、日々の実務において、地道な継続努力を発揮できるでしょう。,人のことや心配事で過干渉になり、疲れてしまいがちです。完璧でなくても大丈夫、自分を労わる時間も大切に。,相手の状態をよく見て細やかに支えるため、気配り上手で頼りになる人として慕われやすいでしょう。,献身的に周囲を支え、現場に安心感をもたらす重要な役割を果たすことで信頼を得やすいでしょう。,自己犠牲を避け自分の心を癒やす時間を優先することで、高いパフォーマンスを長期に発揮できるでしょう。,日々の仕事や役割の中で人を支える力を発揮し、細やかな気配りで信頼を得やすいタイプです。,あなたは日々の暮らしや仕事において、細やかな配慮と献身的な姿勢で周囲の人々や環境を温かくサポートします。そうした貢献を通じて、あなた自身の役割を深く実感し、心からの安心感と充実感を得るでしょう。
Sun,Cancer,7,相手を思いやり、温かい関係を築く,相手の気持ちに寄り添い、情緒的なつながりを大切にしながら、温かく信頼できる人間関係を築くタイプです。,人との関係を大切にする包容力と共感力で、信頼し合える温かい協力関係を築けるのが強みです。,相手に感情的に依存したり、嫉妬心から関係を操作しがちです。お互いを尊重する自立した関係を築きましょう。,一対一の関係では心のつながりを大切にし、あなたを温かく寄り添ってくれる人として見られやすいでしょう。,温かい心で相手を思いやり、深い感情の交流を通じて魂が融合するような豊かな関係性を築くでしょう。,支配欲を捨て互いの自立を尊重することで、依存を超えた真の絆を築き、人生のパートナーを得られるでしょう。,人との関係に安心感や思いやりを求め、信頼できる相手との絆の中で自分を育てるタイプです。,あなたは相手の気持ちに深く寄り添い、情緒的なつながりを何よりも大切にしながら、温かい信頼関係を築いていきます。そうした深い人間関係の中で、あなたは自身の存在意義を確かめ、より豊かな自分へと成長するでしょう。
Sun,Cancer,8,感情を共有し、深い絆で互いに成長する,人と深い感情を分かち合い、強い絆で結ばれることを望み、互いに心を通わせながら成長していく性質です。,深い感情理解と心理洞察力で、人との強い絆を築き、困難を乗り越え再生する力があります。,深い関係において感情に執着し、支配的になりやすい傾向があります。信頼をベースに関係を育むと良いでしょう。,深い関係ほど情の濃さが表れ、相手との強い心の結びつきを求める人として映りやすいでしょう。,深い感情を分かち合い、困難な経験を通じて真の力を覚醒させ、人々に再生と救済をもたらすでしょう。,執着心を癒やしのエネルギーに変えることで、精神的な豊かさとカリスマ的な成功を掴めるでしょう。,深い関係の中で感情的な結びつきを大切にし、心を許せる相手と強い信頼を築くタイプです。,あなたは人と深い感情を分かち合い、魂の奥底で繋がるような強い絆を心から求めます。互いに心を通わせ、内なる感情を共有する中で、あなたは真の自分と向き合い、大きな変容と成長を遂げていくでしょう。
Sun,Cancer,9,心の奥を探求し、精神的な豊かさを育む,心の奥深くにある安心できる価値観を大切にしながら、信念や思想を探求し、精神的な豊かさを育むタイプです。,温かい共感力で物事を深く理解し、大切な信念を守り育てることで精神的な豊かさを育めます。,感情が思考に影響し、偏った信念を持ちやすいので、様々な視点から物事を捉える意識を持つと良いでしょう。,自分の信じることを情感豊かに語るため、思いのこもった確かな価値観を持つ人として見られやすいでしょう。,高い理想と母性的な探求心で、世界を癒やす新しい思想や学問を広め、大きな成果を上げるでしょう。,抽象的な理想を具体的な行動で示すことで、広い視野が社会を導く知恵となり、多くの信頼を得られます。,学びや信念にも感情の納得を求め、自分や大切な人を守る考え方を育てていくタイプです。,あなたは心の奥深くで安心できる価値観を軸とし、そこから派生する信念や思想を深く探求することに喜びを感じます。そうした内なる探求を通じて、精神的な豊かさと揺るぎない自己の基盤を育んでいくでしょう。
Sun,Cancer,10,温かい心で社会に安心と寄り添い貢献する,温かい心で社会の中で人々を保護し支える役割を担い、周りからの感謝と評価を得ながら貢献していくタイプです。,社会を大切に守り育む包容力があり、周囲からの厚い信頼を築き、貢献していく能力に優れています。,社会的な評価を気にしたり、家族を優先しすぎて判断が感情的になりがちです。公平な視点も大切にしましょう。,社会的な場でも包容力がにじみ、面倒見の良い信頼できる人として多くの人に受け入れられやすいでしょう。,温かい心で人々を支える姿勢が高く評価され、社会で信頼される重要な立場を築くことができるでしょう。,評判に惑わされず誠実さを貫くことで、周囲から心の親として慕われる指導者となれるでしょう。,社会的な場でも人を支える役割を担いやすく、安心感を与える姿勢が評価につながるタイプです。,あなたは温かい心と深い共感力をもって、社会の中で人々を保護し、支えるという大切な役割を自然と担います。その献身的な貢献は、多くの人々から感謝と評価を受け、あなた自身の確固たる社会的な地位を築き上げていくでしょう。
Sun,Cancer,11,仲間を大切にし、共感でつながる輪を広げる,仲間との心のつながりを何より大切にし、共感の輪を広げながら、集団の中で温かい役割を担っていくタイプです。,仲間を大切に守り、共感力でつながりを広げ、未来への目標を共に支援していく力があります。,身内を優先しすぎたり、集団の感情に同調しがちです。個性を大切にし、多様な価値観を受け入れると良いでしょう。,仲間の中では自然と保護者のようになり、グループを支える安心感のある存在として頼られやすいでしょう。,家族のように仲間を大切にし、共感と連帯の力で社会を変革し、新しい未来を創造するでしょう。,既存の閉塞感を愛と連帯の力で打破することで、あなたの理想とする社会を確実に実現できます。,仲間やコミュニティの中で居場所を作り、温かいつながりを未来の力に変えていくタイプです。,あなたは仲間との心のつながりを何よりも尊び、温かい共感の輪を広げていくことに深い喜びを感じます。そうした集団の中で、あなたならではの役割を見いだし、支え合う絆を通して自己を確立していくでしょう。
Sun,Cancer,12,豊かな感情と向き合い、内なる平和を育む,豊かな感情を内面に抱え、静かに自分と向き合いながら、心の奥深くで安らぎと平和を育んでいく性質です。,豊かな感情で精神世界を深く共感し、直感的な理解力で内なる平和と癒しを育むことができます。,感情が迷走して現実から逃避し、孤立しやすくなります。信頼できる人に悩みを打ち明けることで癒しが得られます。,表立って主張するより静かに気持ちをくみ取り、陰で優しく支える人として周囲に映りやすいでしょう。,集合的な悲しみを癒やす力を持ち、精神世界の探求や芸術、裏方での献身的な調整で絶大な力を発揮します。,自身の深層を浄化することで、潜在意識の癒やしの知恵が現実で活かされ、救済の力を得られるでしょう。,表には出しきれない感情を内側で深く受け止め、静かな時間を通して心を整えるタイプです。,あなたは豊かな感情を心の奥深くに抱きながら、静かに自分自身と向き合う時間を何よりも大切にします。そうした内省の時を通して、あなたは心の奥底に安らぎと平和を育み、自己のゆるぎない基盤を築いていくでしょう。
Sun,Leo,1,堂々と自分を表現し、輝く個性で道を拓く,自分らしさを堂々と表現し、輝く個性と存在感を前面に出しながら、独自の道を切り開いていく性質です。,堂々とした存在感とあふれる表現力があり、自信を持って自分らしく輝き、道を切り拓けます。,自分を大きく見せたい気持ちから、誇張したり周りを仕切ったりしがちですが、謙虚さを意識すると良いでしょう。,堂々とした自己表現になりやすく、華やかで印象的な人物として周りの目を惹きつけやすいでしょう。,圧倒的な存在感とカリスマ性で、周囲を惹きつける創造的なリーダーシップを発揮し成功を収めるでしょう。,自己中心的な欲求を「他者を輝かせる情熱」に変えることで、真の指導力が確立され、周囲から敬意を得られます。,自分らしさを堂々と表現し、存在感や明るさを通して周囲に印象を残しやすいタイプです。,あなたは持ち前の輝く個性と圧倒的な存在感を堂々と前面に押し出し、自分らしい表現で周囲を魅了します。その揺るぎない自信と情熱が、あなたの独自の道を力強く切り開いていく原動力となるでしょう。
Sun,Leo,2,才能を大胆に活かし、独自の価値を創造する,自分の才能と価値を強く信じ、それを大胆に活かすことで、独自の財産や豊かな資源を創造する性質です。,独自の魅力と自信をもって才能を表現し、人々に喜ばれる新しい価値や豊かさを生み出せます。,見栄を張るための浪費や、自分を誇示するためにお金を使ってしまいがちです。本当の価値を見極めることが大切です。,自分の価値を自然に信じて示せるため、自信と存在感のある人として強い印象を与えやすいでしょう。,クリエイティブな才能を大胆に活かし、独自の価値を創造することで、豊かな財を築くことができるでしょう。,所有へのこだわりを「価値の証明」と捉え分かち合うことで、結果的に大きな豊かさが循環するでしょう。,自分の才能や魅力を価値に変え、誇りを持てるものを形にしていくタイプです。,あなたは自身の才能と価値を強く信じ、それを大胆に活かすことで、唯一無二の財産や豊かな資源を創造していきます。その輝かしい成果は、揺るぎない誇りと自己肯定感をあなたにもたらし、さらなる高みへと導くでしょう。
Sun,Leo,3,創造性を発揮し、学びや発信で自分を表現する,創造性を活かして言葉を巧みに操り、発信することで自分の存在感や情熱的な意志を周りに伝えていくタイプです。,豊かな表現力と魅力的な発信力で、自分の考えを堂々と伝え、周囲を惹きつけることができます。,自分を注目させたい気持ちから、発言が誇張されがちです。言葉に真実と説得力を持たせることを心がけましょう。,表現に力強さと明るさがあり、話しているだけで場を活気づける存在として周囲に慕われやすいでしょう。,ドラマチックな発信力で人々の心を動かし、教育、芸能、メディアなどの分野で大きく活躍できるでしょう。,表面的なパフォーマンスでなく「感動」を誠実に伝えることで、知的な権威としての信頼を築けます。,言葉や発信に個性が出やすく、明るく印象的な伝え方で周囲を引きつけるタイプです。,あなたは持ち前の豊かな創造性を活かし、言葉を巧みに操ることで、自分自身の情熱的な意志を力強く発信します。そうした表現を通して、唯一無二の個性と輝かしい存在感を周囲に示し、人々を魅了していくでしょう。
Sun,Leo,4,創造性を発揮し、家庭や心の基盤を豊かに築く,家庭や心の基盤を大切にしながら、自分らしい創造性を発揮し、中心となって豊かな居場所を築く性質です。,誇りを持って家庭を守り、その統率力で、皆が安心して過ごせるような豊かな心の基盤を築けます。,家庭内で自分の意見ばかり主張し、衝突を招きやすいでしょう。家族の気持ちに寄り添うことで心が通じ合います。,親しい相手には温かく頼もしい姿を見せ、あなたを頼れる中心人物として慕われやすいでしょう。,創造性を活かし、誇り高く温かい家庭を築き、家族やルーツを大切にすることで心の基盤を豊かにするでしょう。,家庭での権威主義を捨て家族の個性を尊重することで、内面から湧く真の安心感と活力を得られるでしょう。,家庭や居場所の中で自分らしい中心性を発揮し、温かく誇れる土台を作ろうとするタイプです。,あなたは家庭や心の基盤を何よりも大切にし、その中で自分らしい創造性を存分に発揮します。自らが中心となって築き上げた豊かな居場所は、あなたの揺るぎない誇りとなり、輝かしい自己の土台となるでしょう。
Sun,Leo,5,創造性を存分に発揮し、情熱的に自分を表現する,自分の中から湧き出る創造性を情熱的に表現し、個性と魅力を存分に発揮して、輝く存在感を示すタイプです。,情熱的な魅力と創造的な表現力で、いつでも主役として輝き、周りの人を楽しませるのが得意です。,恋愛や趣味で自己顕示欲が強くなり、気分で行動しがちです。相手の気持ちを尊重し、誠実な行動が大切です。,自分らしさを生き生きと表現し、魅力的で情熱的な人物として周囲の心に残りやすいでしょう。,圧倒的な自己表現と遊び心で、芸術やエンタメの世界で主役として輝き、情熱的に活躍できるでしょう。,自分の楽しさを大切にし表現を形に残すことで、情熱が一時的な気分で終わらず成果につながるでしょう。,創造や遊びを通して輝きやすく、好きなことに情熱を注ぐほど自分らしさが強まるタイプです。,あなたは内から湧き出る創造性と情熱を惜しみなく表現することで、あなたらしい個性と魅力を存分に輝かせます。その圧倒的な存在感は、周囲の人々を惹きつけ、あなた自身の道を鮮やかに彩っていくでしょう。
Sun,Leo,6,創造的な工夫で、日々の仕事や実務に貢献し輝く,日々の仕事や実務に創造的な工夫を取り入れ、自己表現と主導性を発揮することで、生き生きと輝く性質です。,仕事に誇りを持ち、改善意欲と主導力をもって実務をこなし、日々の業務で輝くことができます。,仕事で完璧を求めすぎたり、自分のやり方を周囲に押し付けがちです。周りと協力する姿勢を意識すると良いでしょう。,仕事や役割の中でも存在感を発揮し、責任感のある頼れる人として高く評価されやすいでしょう。,責任感と創造的な工夫で、日々の仕事や実務の中心となり、現場で周囲を巻き込みながら輝けるでしょう。,頑張りすぎず楽しめる工夫を取り入れることで、日々の役割を無理なく続けやすくなるでしょう。,日々の仕事や役割の中でも誇りを持って動き、周囲を明るく引っ張る力を発揮しやすいタイプです。,あなたは日々の仕事や実務に創造的な工夫を凝らし、自分らしい主導性を発揮することで生き生きと輝きます。その独自の貢献は周囲を明るく照らし、あなた自身の存在感を確かなものとして確立していくでしょう。
Sun,Leo,7,創造性を発揮し、人との関わりの中で自分を表現する,人との関わりの中で、自分の個性や魅力を堂々と表現し、輝く存在感を示しながら信頼関係を築くタイプです。,魅力的な存在感で人との関係を主導し、協調性をもって信頼関係を築き、輝きを放てます。,人間関係で主役になりたがる傾向があり、相手を支配しがちです。対等な関係を築くことで、絆が深まります。,一対一の関係では誠実に向き合い、相手を明るく照らすような存在として受け入れられやすいでしょう。,華やかな社交性と対人魅力で、人との関わりの中で創造性を発揮し、個性的なパートナーシップを築くでしょう。,相手を引き立て役でなく「対等な主役」として接することで、最強の協力関係を築けるでしょう。,対人関係の中で存在感を発揮し、相手と向き合うことで自分の魅力を確認していくタイプです。,あなたは人との関わりの中で、持ち前の創造性と個性を堂々と表現し、輝かしい存在感を放ちます。そうして築かれる信頼関係の中で、あなたは真の自分らしさを実感し、さらに大きく成長していくでしょう。
Sun,Leo,8,創造的な力で変化を乗り越え、深い絆を築き輝く,深い関係性の中で自分の創造的な力を発揮し、自己主張を恐れず、影響力を持って絆を深めていく性質です。,強烈な魅力と統率力で、困難な状況を乗り越え、人との深い絆を再生していく力があります。,深い関係において支配欲が強まり、極端な思考に陥りやすいでしょう。相手の自由を尊重し信頼を大切にすることです。,深い関係になるほど誇りや情熱が表れ、相手との強い絆を求める人として映りやすいでしょう。,深い情熱とカリスマ性で他者の才能を引き出し、大きな変容を促す分野で圧倒的なパワーを発揮するでしょう。,支配欲を「救済と育成」に変えることで、宇宙的な豊かさと深い精神的な絆を手にできるでしょう。,深い関係の中で強い情熱や誇りが表れやすく、本気で向き合うことで自分を変えていくタイプです。,あなたは深い関係性において、持ち前の創造的な力と強い自己主張を恐れることなく発揮し、相手と真摯に向き合います。その情熱的な関わりが、あなた自身を大きな変化へと導き、揺るぎない深い絆を輝かしいものへと昇華させるでしょう。
Sun,Leo,9,創造的な視点で真理を探求し、自分らしく成長する,自分らしい信念や理想を情熱的に表現し、創造的な視点で真理を探求しながら、大きく成長していくタイプです。,情熱的な信念と独自の思想を持ち、学びを通じてそれを表現することで、自分らしく成長できます。,自分の信念に固執し、独善的になりがちです。他者の意見にも耳を傾け、視野を広げることを意識すると良いでしょう。,自分の信念を堂々と語るため、熱量のある揺るぎない信条を持つ人として印象に残りやすいでしょう。,高い理想と創造的な探求心で、学問や独自の哲学を広め、精神的なリーダーとして世界で活躍するでしょう。,理想を「勇気を与える物語」として具現化することで、社会を導く知恵が多くの支持を得られるでしょう。,理想や信念を堂々と語り、学びや挑戦を通して自分の世界を大きく広げていくタイプです。,あなたは自分らしい信念や理想を情熱的に掲げ、創造的な視点から物事の真理を深く探求することに喜びを見出します。そうした探求の旅を通じて、あなたは大きく成長し、自身の世界をどこまでも広げていくでしょう。
Sun,Leo,10,創造的な貢献で、社会的な目標を達成し認められる,社会という舞台で自分の創造的な才能を発揮し、目標を達成しながら、多くの人から評価と注目を集める性質です。,優れたリーダーシップと統率力で社会貢献を果たし、自分を表現することで高い評価と成果を得られます。,社会的な場面で、自分の意見を押し通したり、評価にこだわりすぎがちです。周りの意見も取り入れると良いでしょう。,社会の中では自然と中心的な存在になり、堂々としたリーダーとして周囲に頼られやすいでしょう。,存在感と責任感あふれる創造的な貢献で高く評価され、社会的に認められる目立つ立場を築きやすいでしょう。,評価を急がず誇れる姿勢を貫くことで、周囲からの信頼と存在感が安定して育つでしょう。,社会的な場で存在感を示したい意識が強く、責任ある立場で力を発揮しやすいタイプです。,あなたは社会という大きな舞台で、持ち前の創造的な才能を存分に発揮し、掲げた目標を着実に達成していきます。その輝かしい貢献は多くの人々から称賛と注目を集め、あなた自身の揺るぎない存在価値を確立するでしょう。
Sun,Leo,11,創造的な発想で、仲間と理想を追い求め自分を輝かす,仲間と共に理想を追い求め、創造的な発想で集団の中心となり、強い影響力を発揮しながら輝くタイプです。,創造的なアイデアで仲間を鼓舞し、未来の理想を追い求める先導力で、自分を輝かせるのが得意です。,仲間の中で自分が注目されたいあまり、独り走りしがちです。協力し合うことで、より大きな目標を達成できます。,仲間の中でも存在感を放ち、場を明るく引っ張る中心人物として自然とリーダーになりやすいでしょう。,独自のビジョンとカリスマ性で仲間を率い、社会の価値観を変える大規模な共同体でリーダーシップを発揮するでしょう。,主導権争いを避け全員が主役になる連帯を作ることで、独自のビジョンが確実に実現できるでしょう。,仲間の中で明るい中心役になりやすく、未来の目標に向けて人を引きつけるタイプです。,あなたは仲間と共に壮大な理想を追い求め、持ち前の創造的な発想で集団の中心となり、周囲に強い影響力を与えながら輝きを放ちます。その情熱的なリーダーシップは、あなた自身の役割を広げ、多くの人々を導いていくでしょう。
Sun,Leo,12,内なる声に耳を傾け、創造性で精神世界を探求する,内なる声に耳を傾け、心の奥に秘めた創造性を生かし、精神世界を探求しながら表現の場を見つけていくタイプです。,内なる情熱と精神的な誇りを表現することで、豊かな想像力で心の奥底を探求し癒しを育めます。,自分だけの世界に閉じこもり、現実から目を背けがちです。内面と向き合いながらも、現実とのバランスを保ちましょう。,表には出し切らなくても内面の誇りがにじみ、静かながらも確かな存在感を持つ人として映りやすいでしょう。,目に見えない創造性を扱い、精神世界の探求や芸術、裏方での調整を通じて絶大な力を発揮できるでしょう。,内面の孤独や傲慢さを浄化することで、潜在意識の知恵が現実で活かされ、具体的な力が湧いてくるでしょう。,表には出しきれない誇りや創造性を内側に持ち、静かな場所で自分の輝きを育てるタイプです。,あなたは内なる声に深く耳を傾け、心の奥に秘められた豊かな創造性を駆使して精神世界を探求します。そうした静かな探求の旅を通じて、あなた自身の輝きを育み、やがてその独自の表現の場を見出していくでしょう。
Sun,Virgo,1,常に自分を見つめ直し、完璧な自分らしさを磨く,自分のことを客観的に分析し、細かな調整を繰り返しながら、理想の自分を追求していくタイプです。,自分自身を分析し、より良く改善していくことで、洗練された表現ができる点が強みです。,完璧を求めすぎて神経質になりがちですが、自分にも他人にも優しく、大らかさを意識すると心が軽くなるでしょう。,控えめでも整った自己表現になりやすく、周囲からはきちんとした誠実な人として見られやすいでしょう。,緻密な分析力と実務能力で、専門技術を要する現場で信頼されるプロとして活躍します。,できていない点より、整える力を長所として認めると、自信を持って行動しやすくなります。,清潔感と規律ある立ち振る舞いが、誠実で有能な自己の個性として表れる配置。,自らの内面を客観的に見つめ、細やかな改善を繰り返しながら理想の自分へと着実に近づいていきます。日々の小さな調整と努力こそが、あなたの揺るぎない個性と洗練された在り方を形作るでしょう。
Sun,Virgo,2,才能や価値観を磨き、実用的な豊かさを確立する,現実的な価値やスキルを丁寧に磨き、着実に積み重ねることで、安定した豊かさを築くことを目指します。,自分の持つ才能や資源を丁寧に管理し、計画的に豊かさを築く優れた能力があります。,節約しすぎて不安を溜め込みやすいので、心のゆとりを大切にし、本当に必要なことには投資を許容しましょう。,自分の価値観を実務的に示すため、堅実で頼りになる信頼感のある人という印象を与えやすいです。,優れた管理能力と金銭感覚で、着実に盤石な収益基盤を築き、実用的な豊かさを生み出します。,「持つこと」より「効率的な管理と社会貢献」を大切にすることで、安定と自信を同時に得られるでしょう。,緻密な管理能力と専門性を活かし、堅実な方法で経済的な基盤を整える配置。,あなたは現実的な価値を見極める才能と、それを丁寧に磨き上げる実直さを持っています。日々の努力で積み重ねた確かな技術や資産が、深い安心感と揺るぎない自己肯定感を育むでしょう。
Sun,Virgo,3,分析的な学びを通して、的確な情報発信で貢献する,情報をきちんと整理し、誰にでも分かりやすい言葉で伝えることで、人々の役に立つことを喜びとするタイプです。,複雑な情報を論理的に分析し、わかりやすく整理して表現できる優れた伝達力が強みです。,考えすぎて疲れたり、批判的になりやすいので、時には思考を休ませて、柔軟な視点を持つと良いでしょう。,言葉に整理力があり、物事をわかりやすく丁寧に伝えるため、信頼されやすいでしょう。,正確な調査力と鋭いコミュニケーションで、情報の整理や専門教育の分野で影響力を発揮します。,表面的な情報でなく、核心を論理的に伝えることで、あなたの説得力が周囲の意識を変える力へと進化するでしょう。,正確で整理された情報を使い、日常の不備を的確に改善する知性が発揮される配置。,物事を論理的に分析し、複雑な情報も分かりやすく整理して伝えることにあなたの真価が発揮されます。的確な言葉や知識を通じて人々の理解を助けるとき、あなたらしい貢献の喜びを感じるでしょう。
Sun,Virgo,4,家庭や心の基盤を丁寧に整え、安心感を築く,細部にまで気を配り、暮らしの環境を丁寧に整えることで、心から安心できる居場所を作ることを大切にします。,家庭環境を整え、皆が安心して過ごせる基盤を築き、丁寧に守り育むことが得意です。,細かいことが気になり、家族へ批判的になったり心配しがちです。信頼を意識し、お互いを尊重することが大切です。,身近な人には細やかな配慮が表れやすく、何でも安心して任せられる存在として親しまれやすいでしょう。,几帳面さと規律を大切にし、家族の健康と安心できる生活基盤を献身的に支え、築きます。,家庭での過干渉をやめ、家族の自立を支える大きな器を持つことで、心の奥底から揺るがない安心感が生まれます。,家の中の秩序と清潔さを維持し、実務的なサポートで家庭の基盤を支える配置。,あなたは細やかな配慮と実務的な力で、生活の基盤を丁寧に整えることに喜びを見出します。身の回りの環境が調和していると感じる時、心の奥底から深い安心感と揺るぎない安定を得るでしょう。
Sun,Virgo,5,分析力で創造性を磨き、完璧な表現で自分を示す,自分が生み出すものや表現に対し、細部までこだわり抜き、完璧な完成度を追求していくクリエイターです。,繊細な感性と分析力で、技巧的な美しさを追求した独自の創造表現ができる点が魅力です。,恋愛で分析的になり批判しがちですが、相手の感情に寄り添い、素直な気持ちを表現すると愛が深まります。,表現に技巧や繊細さが表れやすく、上品で丁寧な魅力として周囲の印象に残りやすいでしょう。,職人気質のこだわりと集中力で、デジタル技術や工芸など緻密な創作分野で才能を発揮します。,上手にやろうとしすぎず、試しながら楽しむゆとりを持つことで、技術や表現力は自然に伸びていくでしょう。,職人的なこだわりを持って趣味や創作に励み、緻密な完成度を追求する配置。,あなたの創造性は、細部への徹底的なこだわりと分析力によって磨き上げられます。完璧な完成度を追求するその姿勢こそが、唯一無二のあなたらしい表現を生み出す原動力となるでしょう。
Sun,Virgo,6,改善を重ね、日々の実務や健康を通して自分を磨く,日々の小さな改善を積み重ね、仕事や習慣の質を高めることで、着実に大きな成果を生み出すことを目指します。,毎日の仕事を着実にこなし、より良くするための改善を続ける実務能力に優れています。,仕事で完璧を求めすぎて過労や神経質になりやすいので、適度に休みを取り、無理せず進めることを心がけましょう。,実務や日常できっちりと力を発揮するため、仕事熱心で強く信頼される人として受け入れられやすいです。,改善と調整を繰り返すことで、日々の業務精度を高め、信頼される実務家として活躍します。,細部を整える力を活かし、休む時間も予定に入れることで、仕事と健康のバランスを保ちやすくなります。,完璧な役割遂行と献身的な実務が、組織の機能を正常に保つ不可欠な力となる配置。,あなたは日々の生活や業務の中に改善点を見つけ、着実に質を高めていくことに生きがいを感じます。地道な努力と継続的な調整こそが、あなた自身の成長と揺るぎない自己を確立する鍵となるでしょう。
Sun,Virgo,7,対人関係を分析し改善を重ね、信頼できる自分になる,人間関係のバランスを細やかに察知し、皆が快適でいられるよう、最適な調整役となることを得意としています。,人間関係を細やかに分析し、円滑な協力体制を築き上げる優れた調整力を持っています。,人間関係で相手の細部が気になり、批判的になりがちです。相手の個性を受け入れ、心を休ませましょう。,一対一の関係では相手をよく観察し支える傾向があり、誠実で配慮のある人として見られやすいです。,誠実な態度と緻密な交渉力で、信頼されるパートナーシップを築き、実務的な発展を促します。,相手を自分の基準で変えようとせず、互いの個性を尊重し融合することで、真の信頼関係を築けるでしょう。,実務的な協力と誠実さを対人関係に求め、互いを高め合う整った絆を築く配置。,あなたは対人関係において、常に最適なバランスを見つけ出し、細やかな配慮で周囲との調和を生み出します。その誠実で的確な調整力こそが、人々の信頼を深く集め、あなた自身の確固たる役割を築いていくでしょう。
Sun,Virgo,8,分析的に変容を促し、深い関係の中で自分を確立,人と深く関わる中でも冷静に状況を分析し、お互いが心地よく安定した関係を築くことを重視するタイプです。,人の心の奥底まで洞察し、本質を理解することで、困難を乗り越え再生させる力があります。,深い関係で疑念を抱き分析しすぎると疲れてしまいます。信頼を育むことで、より豊かな関係が築けるでしょう。,表向きは穏やかですが、深い関係では慎重さが増すため、軽々しくない誠実な人として映りやすいです。,緻密な管理能力を活かし、組織の深部や医療分野で難しい課題を解決する実力者として大成します。,支配欲を奉仕と改善のエネルギーに変え、他者の痛みやリソースを再生すると、豊かな人生につながるでしょう。,共有資産や深い絆において細部まで責任を持ち、実務的に問題を解決し再生する配置。,あなたは深い人間関係において、冷静な分析力と洞察力で状況の本質を見抜きます。お互いの変容を促しながらも安定を保つその能力こそが、真に信頼できる関係性の中であなた自身を確立させるでしょう。
Sun,Virgo,9,論理的な探求で知識を磨き、知的な自分を確立する,知識や情報を整理し、それらを実生活でどう活かすかを考えながら、深く本質を理解していくことを大切にします。,物事を深く分析し、理論的に探究することで、真実を深く理解できる知的な力が強みです。,理屈にこだわりすぎて視野が狭くなりがちです。異なる考え方にも耳を傾け、柔軟な心を持つと良いでしょう。,考えや信念を論理的に整理して伝えやすく、理性的で筋道が通った人と見られ、信頼されるでしょう。,論理的な探求心と実用的な哲学で、学問や法律、教育分野に新たな価値を打ち立てます。,抽象的な理想を、社会を機能させる具体的なシステムに落とし込むことで、力強い知恵が人生を導くでしょう。,実生活に役立つ知恵を真理として追求し、魂の整理整頓を学びを通じて行う配置。,あなたは物事の本質を深く理解するため、知識や思想を論理的に整理し、実生活に役立てることを重視します。知的な探求と体系化された学びを通じて、あなた自身の世界観と確固たる知性を確立していくでしょう。
Sun,Virgo,10,実用的な改善で社会に貢献し、確かな地位を確立する,具体的な実務能力と改善提案力で、周りから信頼され、社会で確固たる自分の居場所を築いていくタイプです。,実務能力と改善力で確実な成果を出し、社会的な信頼を積み重ねていくことができます。,評価が気になり、仕事で完璧を求めすぎてしまいます。自分を認め、ありのままの努力を信じると良いでしょう。,社会的な場ではその有能さが目立ちやすく、責任感が強く実務能力の高い人として評価されやすいでしょう。,正確な実務と実績が評価され、社会的な信頼を積み上げて確固たる地位を確立するでしょう。,評価を急がず、目の前の役割を丁寧に積み重ねることで、実力への信頼は自然に高まっていくでしょう。,専門技術や実務能力を社会で発揮し、着実な貢献によって揺るぎない地位を築く配置。,あなたは具体的な実務能力と細やかな改善提案力で、社会の中で確かな信頼を築き上げていきます。日々の着実な貢献と精度を追求する姿勢が、あなた自身の揺るぎない社会的な地位を確立するでしょう。
Sun,Virgo,11,仲間と協力し合い、理想を追求しながら成長する,グループの中で実務をこなし、細やかな調整役となることで、皆が快適に目標へ向かえるよう支えることを喜びとします。,仲間と協力しながら、計画的に目標達成を目指し、組織を調整する能力に優れています。,仲間に対し細部が気になり批判しがちですが、それぞれの個性を受け入れることで、より良い関係が築けます。,仲間の中では調整役や実務役として力を発揮し、現実的に支える頼りになる存在として親しまれるでしょう。,現実的なビジョンと責任感で、大規模な組織や共同プロジェクトのリーダーとして活躍します。,コミュニティの無駄をなくし、合理的な協力体制を作ることで、理想とする社会を効率的に実現できます。,社会の改善を目指す実務的な仲間と繋がり、具体的な計画で理想を形にする配置。,あなたは仲間と共に理想を追求する中で、細やかな改善と的確な調整を通じてチームを支える役割を喜びとします。皆が快適に目標へ向かえるよう尽力する姿勢が、あなた自身の成長と揺るぎない存在意義を確立するでしょう。
Sun,Virgo,12,内なる声に耳を傾け、心の状態を整え自分を確立,内なる自分と深く向き合い、心の状態を丁寧に分析・改善することで、静かに精神の調和を保っていくタイプです。,自分の内面を深く見つめ、精神を整理する力で、自己の癒しと成長を促すことができます。,思考の迷路に入り込み、自分を批判し不安を増幅させがちです。心と体を休ませて、自分を癒やす時間を持ちましょう。,表には控えめでも鋭い観察眼を持ち、静かにその場の調和を整える人として周囲に映りやすいでしょう。,深層心理の分析力で、精神世界の探求や裏方の環境整備において絶大な力を発揮します。,自己批判や不安を癒やすことで、潜在意識にある宇宙の知恵が湧き、現実世界で役立つでしょう。,内省や人知れぬ奉仕を通じて、潜在意識にある不純物を整理し浄化し続ける配置。,あなたは内なる声に耳を傾け、自らの心の状態を繊細に分析し改善していくことに深い喜びを感じます。静かに精神の調和を保ちながら自己を整えることで、揺るぎない自分らしさを確立していくでしょう。
Sun,Libra,1,バランス感覚を発揮し、美しい自分らしさを確立する,人との調和を何よりも大切にし、穏やかな人間関係の中で自分らしい生き方を見つけていくタイプです。,調和を重んじる感性と社交性を活かし、魅力的な自己表現で周囲を惹きつけることが得意です。,人の評価を気にしすぎて優柔不断になりがちです。自分の気持ちを大切にし、自信を持って決断すると良いでしょう。,柔らかく洗練された自己表現になりやすく、周囲からは感じの良い、親しみやすい人として受け入れられるでしょう。,洗練された社交性とバランス感覚を活かし、人々の調和を保つ公正なリーダーとして活躍します。,波風を避けるだけでなく、自分の意見も穏やかに示すことで、対等で心地よい関係を築きやすくなります。,洗練された美的センスと社交性が、周囲と調和する優雅な自己の個性として表れる配置。,あなたは人との調和を何よりも大切にし、あらゆる関係性の中で美しいバランスを見出します。その優雅で穏やかなバランス感覚こそが、あなたらしい生き方を形作り、揺るぎない個性を確立するでしょう。
Sun,Libra,2,調和を大切に、独自のセンスと価値観を築き上げる,人との繋がりや協力関係を通して、自分にとって大切なものや、物質的な豊かさを築き上げていくことを得意とします。,美しいものへの感性を活かし、物事の価値を調和させながら賢く豊かさを築く才能があります。,見栄のために浪費したり、判断に迷いやすい傾向があります。本当に価値があるものか、一度立ち止まって考えてみましょう。,自分の価値観を上品に示しやすく、バランス感覚に優れた人という良い印象を周囲に与えやすいでしょう。,優れた審美眼と交渉力で、デザインや芸術分野、対人スキルを活かして豊かさを築き上げます。,「持つこと」を「美と調和を社会に分配する手段」に変えることで、物質的な成功と精神的な充足を得られます。,美意識や対人スキルを活かし、洗練された方法で上品な生活基盤を築く配置。,あなたは人との調和を大切にしながら、協力関係を通して自分にとって真に価値あるものを見出します。洗練されたセンスと豊かな繋がりが、あなたの揺るぎない自己肯定感を育み、独自の豊かさを築き上げるでしょう。
Sun,Libra,3,調和を意識した対話で学び、優雅に情報を発信する,人と話し合い、お互いの意見を尊重しながら情報を交換することで、より良い理解を深めていくことを大切にします。,家族や環境に美的な調和をもたらし、皆が心地よく過ごせる安心できる基盤を築く才能があります。,人に合わせすぎて意見が曖昧になりがちです。自分の考えを優しく伝えることで、より良いコミュニケーションが生まれます。,対話の中で場の空気を整えるのが得意で、話しやすく気の利く相手として周囲に見られやすいでしょう。,人間関係の調和を重んじ、美しさと自立を守る、平和で安心できる家庭環境を築き上げます。,家庭での優柔不断を手放し、自分の真実を土台にすることで、心の奥底から揺るがない安心感を得られます。,客観的で公平な情報を使い、日常の交流に美的な調和と平穏をもたらす配置。,あなたは人と対話する中で、お互いの意見を尊重しながら深く理解し合うことを喜びとします。優雅で公平な言葉のやり取りを通じて、あなた自身の知性を磨き、調和の取れた情報を世に発信していくでしょう。
Sun,Libra,4,調和を大切に、安心できる家庭や基盤を築く,家庭や自分の居場所がいつも穏やかでバランスが取れているように、心を尽くして調和を保つタイプです。,美的センスと社交性を活かして、魅力的な表現で周囲を明るくする創造性に優れています。,衝突を避けて優柔不断になりがちですが、大切な家庭では自分の意見を伝えることで、より深い絆が生まれます。,親しい人との間では穏やかな調和を重視し、その場を和ませる存在として自然と親しまれやすいでしょう。,卓越したセンスと社交的な創造力で、芸術やファッション分野で才能を存分に発揮します。,人目を気にしすぎず、自分が美しいと思う表現を育てることで、あなたの楽しさと魅力が素直に伝わります。,洗練された社交の場として家庭を整え、家族間の美的な調和を維持する配置。,あなたは家庭や身近な人々との関係において、穏やかで美しい調和を築くことに心を尽くします。バランスの取れた安心できる居場所こそが、あなた自身の心を満たし、確かな基盤となるでしょう。
Sun,Libra,5,美意識と調和で、喜びや創造的な表現を育む,人との交流の中で、自分らしい美意識や調和の感覚を表現し、共に喜びを生み出すことを大切にしています。,周りの人との調和を大切に、協力しながら日々の業務をスムーズに進める調整力に優れています。,恋愛で相手に合わせすぎてしまいがちですが、自分の魅力や個性を信じることで、より輝く自分になれます。,美意識や社交性を自然に表現するため、魅力的でセンスの良い人として印象に残りやすいでしょう。,優れた関係調整力でチームを円滑に動かし、日々の業務をスムーズに進めるでしょう。,人に合わせすぎず、自分の判断基準も大切にすることで、仕事や日常に無理のない調和を生み出せます。,優雅な遊びや社交的な恋愛を楽しみ、洗練された美しさを自己表現する配置。,あなたは人との交流の中で、自分らしい美意識と調和の感覚を豊かに表現します。共に喜びを分かち合う創造的な活動を通じて、あなた自身の魅力と個性を輝かせるでしょう。
Sun,Libra,6,バランス感覚と協力で、日々の業務を円滑に進め輝く,日々の仕事でも、周りの意見を聞きながらバランス良く行動し、皆と協力して円滑に進めることを得意とします。,人との関係を調和させる社交的な魅力で、素晴らしいパートナーシップを築くことができます。,仕事で優柔不断になったり、判断が遅れやすい傾向があります。小さなことから決断を意識し、自信を育てましょう。,対人配慮を実務に活かす傾向があり、感じよく調整してくれる信頼できる人として受け入れられやすいです。,社交性と誠実さで理想的なパートナーシップを築き、他者との協働で輝かしい成果を生みます。,相手を変えようとせず、互いの真実の姿を認め合うことで、真の協力関係を築き、絆を深められるでしょう。,公平な調整と美しい職場環境づくりが、日常の業務に調和と品位をもたらす配置。,あなたは日々の業務において、優れたバランス感覚で周囲の意見をまとめ、皆と協力しながら物事を円滑に進めることに長けています。その調和を重んじる姿勢が、あなたの確かな役割と輝かしい成果を生み出すでしょう。
Sun,Libra,7,素晴らしい人間関係を築き、パートナーと共に輝く,人との出会いやパートナーシップを通して、自分自身がどんな人間なのかを深く理解し、成長していくタイプです。,人の心の奥底まで理解し、深い関係性を調和へと導く、優れた洞察力と調整力があります。,人間関係で相手に依存しすぎたり、迎合しがちです。自分の軸を大切にし、自立した関係を築くと良いでしょう。,一対一の関係では特に相手との対等さを大切にし、洗練された付き合い方をする人として映りやすいでしょう。,優れたバランス感覚を活かし、共同資産や法律、倫理に関わる分野で大きなパワーを発揮します。,支配欲を公正と癒やしのエネルギーに変え、他者の権利やリソースを再生すると、強大な影響力を持てます。,対人関係の調和を人生の核とし、鏡のようなパートナーシップを通じて自分を磨く配置。,あなたは人との出会いやパートナーシップを通じて、自分自身の真の姿を深く理解し、成長していきます。お互いを高め合う素晴らしい人間関係の中で、あなたの個性がより一層輝きを放つでしょう。
Sun,Libra,8,深い絆と共有で調和を生み、真の自己へと変容する,深く親密な関係でも、常に公平な視点を持ち、お互いが心地よいバランスを保てるよう努めることを大切にします。,異なる思想を理解し、対話を通じて調和させることで、知的な視野を広げることに優れています。,深い関係で優柔不断になり、相手を操作しようとしがちです。誠実な対話で、本当の信頼関係を築きましょう。,深い関係でも相手との均衡を大切にし、落ち着いて安定した関係性を築く人として見られやすいでしょう。,高い美意識と公平性で、法律、哲学、国際関係の分野に調和と新しい思想を打ち立てます。,抽象的な正義を、人々の対立を解消する仕組みに落とし込むことで、社会を導く知恵となり信頼を得られます。,共有資産や深い絆を公平な視点で管理し、他者との調和ある一体化を追求する配置。,あなたは深く親密な関係性においても、常に公平な視点を持ち、お互いの心地よいバランスを大切にします。真の信頼と共有を通じて調和を生み出すことで、あなたはより深い自己へと変容していくでしょう。
Sun,Libra,9,広い視野で真理を探求し、多様な価値観を調和させる,様々な価値観や思想を広く受け入れ、それぞれの良い部分を調和させながら、自分なりの真理を探求するタイプです。,高い社交性と調整力で社会の調和を築き、周囲から信頼されるリーダーシップを発揮できます。,他者の意見に流され、自分の信念が曖昧になりがちです。様々な情報から自分なりの真実を見つけると良いでしょう。,価値観の違いも対話で調整しようとするため、広い視野を持つ穏やかな人として好感を持たれやすいです。,優れた調整力や対人スキルが評価され、社会的な信用を得てリーダーシップを発揮します。,周囲の評価に寄りすぎず、自分が納得できる公平さを軸にすることで、信頼される立場を築きやすくなります。,愛と平和、公平な正義を哲学とし、世界を美しく整えるための学びを深める配置。,あなたは広い視野で様々な価値観や思想を受け入れ、それらを調和させながら自分なりの真理を探求します。公平な視点と深い理解を通じて、世界の美しさと秩序をさらに広げていくでしょう。
Sun,Libra,10,公平さと調和を重んじ、社会でリーダーシップを発揮する,社会の中で、人との間に立つ調整役として力を発揮し、皆が納得できるバランスの取れた役割を築いていきます。,仲間との調和を重視し、優れた社交性と協力で、共に理想の未来を築くことができます。,社会での評価を気にしすぎ、決断や責任を避けてしまいがちです。自分の価値を信じ、勇気を出して進みましょう。,社会的な場では優れた対人センスが光りやすく、品のある調整役として高く評価されやすいでしょう。,平和的な対人センスとネットワーク力で、社会全体の人間関係を変えるコミュニティを築きます。,コミュニティの不公平を透明性と公正さで解決し、対等な連帯を作ることで、理想の社会を実現できます。,社交能力や美的イメージを社会で活かし、平和を愛するリーダーとして認められる配置。,あなたは社会の中で、公平さと調和を重んじる優れた対人感覚を発揮し、人々を繋ぐ調整役として輝きます。皆が納得できるバランスの取れたリーダーシップを通じて、確固たる地位を築いていくでしょう。
Sun,Libra,11,仲間との調和の中で、理想を追求し社会に貢献する,グループ活動では、皆の意見をまとめ、良い人間関係を保ちながら、チーム全体の目標達成を支える役割を喜びとします。,人の心に深く共感し、内面の調和を保ちながら、癒やしと安らぎをもたらす才能があります。,仲間関係で迎合しすぎたり、依存しがちです。自分の意見も大切にすることで、より良い未来を創造できます。,仲間の中で人をつなぐ役になりやすく、グループの空気を上手に整える存在として見られやすいでしょう。,目に見えない調和の力を扱い、精神世界の探求や裏方での対人調整で絶大な力を発揮します。,孤独感を癒やすことで、潜在意識にある宇宙の愛の知恵が湧き、現実世界であなたを導いてくれるでしょう。,洗練された仲間と未来の平和を夢見、美的なインスピレーションを共有する配置。,あなたは仲間との調和を大切にし、グループの中で人々を繋ぎ、皆の意見をまとめることでチームの目標達成を支えます。共に理想を追求し、社会に貢献する喜びの中で、あなたの役割はより一層広がっていくでしょう。
Sun,Libra,12,内面の声に耳を傾け、調和した心で癒やしを表現する,心の中で常に人との関係性や調和について深く考え、その中で穏やかな気持ちや癒やしを見出していくタイプです。,人の心に深く共感し、内面の調和を保ちながら、癒やしと安らぎをもたらす才能があります。,現実から目を背け、自分を見失ったり他者に依存しがちです。内なる声に耳を傾け、心を癒す時間を持ちましょう。,表立って出るより静かに均衡を保ち、目立たないながらも関係を整える温かい人として映りやすいです。,目に見えない調和の力を扱い、精神世界の探求や裏方での対人調整で絶大な力を発揮します。,孤独感を癒やすことで、潜在意識にある宇宙の愛の知恵が湧き、現実世界であなたを導いてくれるでしょう。,内面にある美意識を、芸術活動や静かな内省を通じて密かに純化させる配置。,あなたは内なる声に耳を傾け、心の中で人との関係性や調和について深く熟考します。穏やかな気持ちと繊細なバランス感覚を通じて、他者にも深い癒やしをもたらし、あなた自身の内なる平和を確立するでしょう。
Sun,Scorpio,1,自分の奥底と向き合い、真のアイデンティティを確立する,揺るぎない強い意志と深い集中力で、自分自身の内面を徹底的に探求し、真の自分を見つけ出すタイプです。,物事の真髄を見抜く深い洞察力で、困難を乗り越えて新しい自分を創造する力があります。,強い思いから支配的になったり極端に考えがちです。柔軟な心で、相手との調和を意識すると良いでしょう。,静かな雰囲気の中にも強い存在感を放ちやすく、奥深く魅力的な人として印象に残りやすいでしょう。,不屈の精神力と洞察力で、どんな危機も乗り越え、真の自己を確立し活躍できるでしょう。,強い感情を否定せず、本当に大切なものを見つめることで、あなたの深さが落ち着いた魅力として表せます。,強烈な意志と神秘的なオーラが、本質を貫く深みのある自己の個性として放たれる配置。,あなたは揺るぎない強い意志と深い集中力で、自分自身の奥底と徹底的に向き合います。内なる感情の核心を探求することで、真のアイデンティティと強靭な自己を確立していくでしょう。
Sun,Scorpio,2,秘めた才能を掘り起こし、真の価値や財産を築く,自分にとって本当に価値あるものを見極め、それを決して手放さないという強い信念で、豊かさを築き上げるタイプです。,秘めた才能や資源を深く見抜き、粘り強く掘り起こすことで、新たな価値を生み出せます。,物や人への執着が強すぎて、不信感を抱きやすい傾向があります。手放す勇気を持つことで、心が豊かになります。,自分の価値観を簡単には揺るがさず、芯の強さと信頼できる重みを感じさせる傾向があります。,本質を見抜く集中力で、金融や深層心理を価値に変え、莫大な富を築くことができるでしょう。,手放したくないものを見直し、本当に必要な価値に集中することで、自信と安定感を育てやすくなります。,不屈の生存本能と洞察力を武器に、目に見えない資源を強固な富へと変える配置。,あなたは自分にとって真に価値あるものを見極める鋭い洞察力と、それを決して手放さない強い信念を持っています。秘めた才能と徹底的な集中力で、揺るぎない豊かさと確固たる自己を築き上げるでしょう。
Sun,Scorpio,3,物事の本質を深く学び、鋭い洞察力で真実を発信する,言葉の奥にある真実を見抜く鋭い洞察力を持ち、表面的な情報に惑わされずに物事の本質を深く理解するタイプです。,物事の本質を深く探究し、鋭い洞察力で真実を伝えるコミュニケーション力に優れています。,疑念を抱きすぎたり、思考に執着しがちです。オープンなコミュニケーションで、信頼関係を築くことを心がけましょう。,言葉数は多くなくても一言に力が宿りやすく、物事の本質を見抜く洞察の鋭い人として見られやすいです。,鋭い分析力と重みのある言葉で、調査や機密情報、本質を突く表現で大きな影響力を発揮します。,表面的な会話でなく、情報の奥深くにある真実を伝えることで、あなたの説得力が意識を変える力へと進化します。,言葉の裏側にある真実を暴き出し、深く濃密な情報交換で周囲を動かす配置。,あなたは表面的な情報に惑わされず、物事の奥底にある真実や本質を見抜く鋭い洞察力を持っています。その深い思考を通じて得た学びを、力強い言葉で発信することで、あなた自身の存在感を示していくでしょう。
Sun,Scorpio,4,家族の絆を深め、揺るぎない心の基盤を築き上げる,揺るぎない深い感情や、内なる心の繋がりを大切にすることで、自分にとって絶対的な安心できる基盤を作り上げます。,家族や大切な人への深い愛情と、心の繋がりを大切にする揺るぎない愛着力が強みです。,家族への執着が強くなり感情的になりがちです。互いの独立を尊重し、安心できる家庭を築くと良いでしょう。,親しい人には深く温かい情を向けやすく、大切な人を強く守ってくれる頼りになる人として受け入れられるでしょう。,家族の隠れた問題に向き合い、揺るぎない絆と魂の安らぎを守る家庭を築き上げます。,家庭での支配欲や執着を手放し、深い信頼で心を通わせることで、心の奥底から揺るがない安心感を得られます。,家系や土地に眠る因縁と向き合い、魂の底から強靭な居場所を再建する配置。,あなたは揺るぎない深い感情と、家族との強固な心の繋がりを何よりも大切にします。その絆を基盤として、あなた自身の絶対的な安心できる居場所と、確固たる自己の土台を築き上げていくでしょう。
Sun,Scorpio,5,秘めた情熱を集中し、深みのある創造性を発揮する,自分の内側にある秘めた情熱や深い感情を作品に込め、見る人の心に強く訴えかける表現を生み出すタイプです。,内に秘めた情熱を集中させ、独創的な表現で人を魅了する深い創造力が輝きます。,恋愛で相手への執着や嫉妬心が強くなりがちです。相手を信頼し、自分の愛情を素直に表現すると良いでしょう。,自己表現に濃い情熱と引力が表れやすく、一度出会えば忘れられない魅力を持つ人として印象に残るでしょう。,情熱的な集中力と深みのある創造性で、心理劇や芸術、勝負事で周囲を圧倒する才能を発揮します。,好きなことに深く向き合いながら、楽しむゆとりを持つことで、表現が重くなりすぎず魅力として伝わります。,命を懸けるほどの情熱を創作や恋に注ぎ、魂を震わせる劇的な表現を行う配置。,あなたは内なる秘めた情熱を一点に集中させ、見る人の心に深く響くような表現を生み出します。その魂のこもった創造性こそが、あなたの揺るぎない自己を力強く示し、周囲を魅了するでしょう。
Sun,Scorpio,6,集中力と徹底で、日々の仕事に深く没頭し成果を出す,どんな些細な仕事でも深い集中力で徹底的に取り組み、完璧に管理することで大きな成果を出すことを得意とします。,並々ならぬ集中力で実務に取り組み、困難な状況からでも必ず改善・再生させる意志力が強みです。,仕事に没頭しすぎて支配的になったり、疲れを溜め込みがちです。適度な休息を意識し、心身のバランスを保ちましょう。,表には控えめでも仕事や役割には深く情熱的に入り込み、本気度の高い人として見られやすいでしょう。,高い集中力で物事の本質的な課題に取り組み、日々の仕事で着実に成果を出すでしょう。,一人で抱え込まず、問題点を早めに共有することで、あなたの洞察力を仕事や健康管理に活かしやすくなります。,組織の闇を暴き再生させる実務能力が、過酷な現場を根底から変容させる配置。,あなたは物事の核心に深く踏み込み、日々の業務に並々ならぬ集中力と徹底した姿勢で没頭します。その揺るぎない探求心と管理能力が、大きな成果を生み出し、あなた自身の確固たる実力を証明するでしょう。
Sun,Scorpio,7,深い絆でパートナーと繋がり、真の一体感を築き上げる,パートナーや大切な人との間に、魂が震えるような深い絆と一体感を築くことを目指すタイプです。,深い洞察力で人と信頼関係を築き、強い絆で結ばれた協働を大切にする忠誠心が強みです。,相手への執着や嫉妬心が強まりやすいので、信頼し、自由に尊重し合う関係を心がけると良いでしょう。,一対一の関係では深く関わりたがることが多く、本気の絆を求める誠実な人でしょう。,パートナーと深い絆で結ばれ、互いに高め合うことで、真の力を発揮しやすいでしょう。,相手を信頼し任せる姿勢を持つことで、より深い絆を育み、健やかな関係性を築けるでしょう。,運命的な深い絆を対人関係に求め、相手との一体化を通じて自らを変容させる配置。,あなたにとって、パートナーや大切な人との関係は、魂の奥深くで結びつき、真の一体感を築くかけがえのないものです。その深い絆の中で、あなた自身もまた根源的な変容を遂げ、新たな自分へと生まれ変わっていくでしょう。
Sun,Scorpio,8,困難を乗り越え、自己を徹底的に変容させ再生する,人との深い関わりや共有する財産を通じて、自分自身を根本から変え、新しい自分へと生まれ変わっていくでしょう。,困難な状況も深く見つめ再生させる洞察力と、精神的な強さで深く変容できる再生力があります。,物事を極端に考え支配的になりやすい傾向があるので、冷静に客観視する時間を持つと安心です。,信頼関係では特に本音を重視し、濃密で互いの変化を促す関係を築く傾向があるでしょう。,共有された財産や生と死に関わる深い領域で、再生を促す主導者として力を発揮するでしょう。,人を動かす情熱を、誰かを助け生まれ変わらせる力に変えることで、個人の力を超えた大きな豊かさを得られるでしょう。,共有するエネルギーや絆を極限まで深め、生死に関わるような再生を経験する配置。,人との深い関わりや、他者と分かち合うエネルギーを通じて、あなたは自らの内面を深く探求し、根本的な変容を経験します。この再生のプロセスこそが、あなたをより強く、新しい自分へと生まれ変わらせる原動力となるでしょう。
Sun,Scorpio,9,探求心で真理を深く掘り下げ、本質的な知識を得る,表面的な知識では満足せず、この世の真理や根本的な思想をどこまでも深く探求し続けることを生きがいとするでしょう。,真理を深く探求する洞察力と、揺るぎない信念を持って本質的な学びを深める哲学的な強みがあります。,自分の信念に執着し視野が狭くなりがちなので、異なる意見にも耳を傾けると良いでしょう。,信念や考えを深く掘り下げて語るため、簡単には揺るがない確固たる思想の持ち主として受け入れられるでしょう。,真理を深く追究する探求心で、学問や思想の分野で新しい価値観を打ち立てる力を発揮します。,強い信念を持ちつつも、様々な考えに触れることで、学びが深まり、あなたの視野はさらに広がるでしょう。,生と死の神秘を真理として探求し、高度な学びを通じて魂の覚醒を果たす配置。,あなたは表面的な事柄に留まらず、この世の真理や生命の本質をどこまでも深く探求することに、尽きない情熱を見出すでしょう。その深い洞察力で得た知識は、あなたの魂を豊かにし、人生をより深く味わう糧となります。
Sun,Scorpio,10,社会で深い洞察力と変革力で、確固たる地位を築く,社会において強い洞察力と影響力を持ち、目標達成のために周囲を巻き込みながら、確固たる地位を築いていくでしょう。,社会の深い部分を見抜く洞察力と強い意志で、変革を起こしながら確固たる役割を築く統率力が強みです。,社会での評価や権力に執着し支配的になりがちです。他者への配慮を心がけると調和しやすくなります。,社会的な場では強い存在感を示しやすく、確固たる意志で物事を動かすことができる人と見られやすいでしょう。,深い洞察力と影響力で、社会において重要な立場を確立し、確固たる地位を築くでしょう。,評価や結果にこだわりすぎず、守りたい信念を仕事に反映させることで、あなたの揺るぎない信頼が育つでしょう。,圧倒的なカリスマ性で社会のタブーに挑み、劇的な再生を成し遂げて頂点に立つ配置。,社会という舞台において、あなたは鋭い洞察力と揺るぎない集中力で本質を見抜き、周囲を巻き込みながら変革の波を起こします。その圧倒的な影響力をもって、確固たる地位と実績を築き上げていくでしょう。
Sun,Scorpio,11,仲間と深く繋がり、理想を追求する活動に集中する,仲間との深い繋がりを大切にし、集団の核心を見抜きながら、自身の強い影響力で理想の未来を形作っていくでしょう。,仲間と深い信頼で結ばれ、理想を追求するために団結力を高め、共に未来を再生する力に優れています。,仲間との関係で執着心が強まり、閉鎖的になりやすいです。開放的な交流を意識すると良いでしょう。,仲間との結びつきは深く、グループの中では中心となり、皆をまとめる核のような存在として頼られやすいでしょう。,志を同じくする仲間と深い絆で繋がり、社会の変革を導くリーダーとして力を発揮します。,理想のために相手を試さず、共通の目的を言葉にすることで、信頼できる仲間が自然と集まってくるでしょう。,強い信念を持つ仲間と深く繋がり、社会を根底から変えるための変革を先導する配置。,あなたは理想を共有する仲間たちと深く繋がり、その集団の核心を見抜く力で、目標達成に情熱を注ぎます。自身の強い影響力を発揮しながら、共に描く理想の未来を現実のものとして形作っていくでしょう。
Sun,Scorpio,12,内面の奥深くを探索し、隠れた真実や才能を見出す,自分自身の心の奥底にある感情や無意識を深く探求し、秘められた真実や才能を見つけ出し、自己を変容させていくでしょう。,内面の奥深くを探求し、直感と深い洞察力で隠れた真実や才能を見つけ出し、再生する力に優れています。,内面に執着し秘密主義になりがちで、孤立しやすい傾向があります。心をオープンにすると安心です。,表には出にくいかもしれませんが、内面の強さがにじみ出ており、静かな迫力を感じさせる人として見られやすいでしょう。,目に見えないエネルギーを扱い、精神世界の探求や裏方で、大きな救済力を発揮するでしょう。,内面の激しい情熱を穏やかにすることで、潜在意識の知恵を現実で生かし、具体的な形にできるでしょう。,潜在意識に潜む強大な情念を、一人の時間や神秘体験を通じて密かに浄化する配置。,あなたは自身の内面の奥深くへと静かに潜り込み、心の底に秘められた感情や無意識の領域を探求します。そこで見つけ出した隠れた真実や才能は、あなたを根源から変容させ、新たな輝きをもたらすでしょう。
Sun,Sagittarius,1,冒険心で自己を探求し、自分らしい生き方を確立する,冒険心と自由な精神に溢れ、常に新しい知識や経験を求めながら、自分らしい生き方を大きく広げていくでしょう。,広い視野で常に新しい探求を続け、行動力と確固たる理念で自分らしい個性を力強く表現できる点が強みです。,軽率な思考や理想を追い求めすぎて、物事が散漫になりがちです。地に足をつける意識を持つと良いでしょう。,のびやかで率直な自己表現をするため、自由を愛する前向きな人として周囲から親しまれやすいでしょう。,高い向上心と自由な発想で、未知の分野を切り拓く精神的な先駆者として活躍できるでしょう。,信念を大切にしつつ、時々立ち止まって相手の視点を取り入れることで、自由さと説得力がさらに高まるでしょう。,無限の可能性を信じる楽観と冒険心が、自由でダイナミックな自己の個性となる配置。,あなたは冒険心と自由な精神に満ち溢れ、常に新しい知識や経験を求めて、自分らしい生き方の可能性を大きく広げていきます。無限の探求を通して、揺るぎない個性と信念に裏打ちされた自己を確立するでしょう。
Sun,Sagittarius,2,才能を自由に探求し、独自の哲学に基づいた価値を築く,自分の才能や資質を自由に探求し、得た知識や経験を活かして、価値と収入を大きく拡大していくことに喜びを感じるでしょう。,広い視野と独自の哲学で、価値観を自由に広げながら、財務に関する直感力で資質を活かせる点が強みです。,理想を追い求めすぎて衝動的に浪費しやすいので、本当に必要なものか見極める習慣が大切です。,自分の価値観を明るく堂々と示すため、おおらかで器の大きい人という印象を周囲に与えやすいでしょう。,広い視野と大胆な発想で、海外ビジネスや教育など、知的好奇心で豊かさを築くでしょう。,可能性を広げながら、収入や資源の使い道を具体化することで、あなたの自由を支える基盤が整うでしょう。,精神的な自由を追求するための資金を、独自の広い視点と大胆な行動で築く配置。,あなたは自身の才能や資質を自由に探求し、得た知識や経験を独自の哲学と結びつけながら、大きな価値を創造していきます。その過程で得られる具体的な豊かさや収入は、あなたの自己肯定感を育み、さらなる探求へと駆り立てるでしょう。
Sun,Sagittarius,3,広い視野で真理を探求し、得た知識を自由に発信する,広い視野と知的好奇心で様々な知識を学び、得た情報を自分ならではの哲学を交えながら、自由に周りに発信していくでしょう。,広い視野で真理を探求し、得た知識を独自の思想として自由に発信する学習力と伝達力に優れています。,発言が誇張されがちで、軽率な印象を与えやすいです。言葉に深みを持たせることを意識すると良いでしょう。,考えを軽やかに言葉にすることが得意で、話していて視野が広がる相手として人から好かれやすいでしょう。,高い知的好奇心と明快な伝達力で、教育や出版を通じて、新しい思想を広める影響力を発揮します。,表面的な知識から卒業し、物事の本質を深く伝えることで、あなたの説得力は人々の生き方を変える力となるでしょう。,壮大な理想を語る言葉を使い、周囲の人々の視野を一気に広げる発信を行う配置。,あなたは広い視野と飽くなき知的好奇心で、様々な知識や真理を深く探求することを喜びとします。そして、自分ならではの哲学を交えながら、その得た智慧を自由に、そして情熱的に周囲へと発信していくでしょう。
Sun,Sagittarius,4,精神的な自由を基盤に、理想の家庭や居場所を築く,家庭や自身の居場所に対しても、精神的な自由と広がりを求め、常に新しい刺激や成長のある空間を大切にするタイプです。,広い視野と揺るぎない信念に基づき、理想とする家庭や居場所を築き、守り育てる理念力があります。,自分の思想を家族に押し付けたり、家庭を軽視しがちです。相手の意見も尊重すると調和しやすくなります。,親しい人にも率直で開放的に接するため、窮屈さを感じさせない自由な関係を築く傾向があるでしょう。,精神的な自由を基盤に、家庭や居場所で広い世界を見据えた新しい価値を創造するでしょう。,家族への過度な期待を手放し、精神的自立を尊重することで、揺るぎない安心感と真の活力を手に入れられるでしょう。,家庭を精神的な冒険の拠点とし、常に外の世界へ開かれた自由な居場所を作る配置。,あなたは家庭や自身の居場所に対して、精神的な自由と広がりを何よりも大切にするでしょう。常に新しい刺激や成長の機会を求めるその心は、開かれた理想の空間を築き、あなた自身の基盤を豊かにします。
Sun,Sagittarius,5,探求心と自由な発想で、自分らしい喜びを創造し輝く,自由な発想と探求心で自分らしい喜びを創造し、遊びや表現を通じて、人生の可能性を大きく広げていくでしょう。,広い視野で探求し、自由な発想と情熱で喜びを創造する表現力に優れており、周囲を魅了します。,恋愛に理想を求めすぎたり、感情表現が誇張されやすいので、現実的な視点も持つと良いでしょう。,自己表現に伸びやかさがあり、明るく前向きな魅力で周囲の印象に残りやすいでしょう。,溢れる創造性と冒険心を活かし、スポーツや創作活動で、周囲を驚かせる才能を発揮できるでしょう。,楽しさの追求に加え、学びや挑戦にもつなげることで、表現の幅が広がり、あなたらしい可能性が伸びるでしょう。,未知への挑戦や哲学的な探究を楽しみ、自らの理想をダイナミックに表現する配置。,あなたは自由な発想と尽きることのない探求心で、自分らしい喜びを創造することに無上の喜びを感じます。遊びや表現活動を通じて、人生の可能性をダイナミックに広げ、あなた自身の輝きを増していくでしょう。
Sun,Sagittarius,6,広い視野で日々の業務を改善し、自分に合った働き方を見つける,日々の仕事や生活においても、常に成長や可能性の拡大を求め、広い視野で自分に合った働き方や環境を追求するでしょう。,広い視野と探求心で日々の業務を改善し、より良い働き方を見つけるための行動力と学習力があります。,仕事で理想を追い求めすぎ、飽きて継続しにくい傾向があります。小さな目標から着実に達成すると安心です。,日常や仕事にも前向きな姿勢で取り組み、周囲を元気づける明るい存在として親しまれやすいでしょう。,広い視野で日々の業務に新しい方向性をもたらし、常に改善していく力を発揮しやすいでしょう。,理想を追い求める心を、日々の小さな行動に落とし込むことで、仕事や習慣の中で力を発揮できるでしょう。,高い志を持って仕事に邁進し、現場に未来への希望と活気をもたらす配置。,日々の仕事や生活においても、あなたは常に成長と可能性の拡大を追求し、広い視野でより良いあり方を模索します。自分に合った働き方や環境を見つけることで、効率と喜びを両立させ、生き生きと自分を発揮するでしょう。
Sun,Sagittarius,7,人との深い対話を通して真理を探求し、自分らしさを確立する,他者との出会いや深い対話を通じて、自分自身の視野を大きく広げ、それが自己成長と真理の探求につながると信じるでしょう。,広い視野で人との対話から真理を探求し、理念を共有しながら深く理解し合う関係を築く力に優れています。,自分の思想を押し付け関係を軽視しがちです。相手との調和を意識し、異なる価値観も尊重すると良いでしょう。,一対一の関係でも自由なやり取りを好み、相手に窮屈さを感じさせないため、好感を持たれやすいでしょう。,オープンな社交性と精神的な探求心で、魂の冒険を共にするパートナーシップを築くでしょう。,相手を理想に従わせようとせず、互いの自由を尊重することで、真の絆を築き、最強の味方を得られるでしょう。,お互いを解放し高め合う対人関係を求め、共に真理を追う自由な絆を築く配置。,あなたは他者との出会いや深い対話の中に、自身の視野を大きく広げ、真理を探求する大きなきっかけを見出します。そうした精神的な交流を通して、あなたは揺るぎない自分らしさを確立し、魂を成長させていくでしょう。
Sun,Sagittarius,8,深い探求を通して内なる変容を促し、新しい自分に生まれ変わる,人との深い繋がりや共有する事柄を通じて、自身の内なる変容を促し、常に新しい自分へと成長していくことを求めるでしょう。,広い視野で精神の奥深くを探求し、洞察力と独自の思想で内なる変容を促す再生力に優れています。,自分の信念に執着しやすく、現実から目を背けがちです。多様な考え方を受け入れると視野が広がります。,深い関係では本音を開いて語り合い、互いの変化を信頼の中で共有し合える相手になるでしょう。,共有された知恵や海外の複雑な権利関係で、真のパワーを覚醒させ、変容を促すでしょう。,支配欲を「教育と成長」の力に変え、他者の理想を再生するリーダーとして、社会に大きな豊かさをもたらしましょう。,信念をかけた大きな旅のように他者と融合し、精神的な脱皮を通じて再生する配置。,人との深い繋がりや、共有する豊かな経験を通じて、あなたは自身の内なる変容を強く促されます。その果てしない探求の旅は、あなたを常に新しい自分へと生まれ変わらせ、精神的な成長を遂げる力となるでしょう。
Sun,Sagittarius,9,終わりのない探求の旅を通じて、自分自身の真理を見出す,既存の枠にとらわれず、自分自身の信念や思想を常に広げながら、真理の探求という壮大な旅を続けることを生きがいとするでしょう。,広い視野で真理を追求する飽くなき探求心と、確固たる哲学に基づいて学び続ける理念力があります。,思想が誇張されたり、視野が拡散し現実を軽視しがちです。着実に目標を設定すると良いでしょう。,自分の信念や思想を生き生きと語ることが得意で、価値観の対話を楽しむ人として周囲に映るでしょう。,高い理想と探求心で、学問や哲学の分野において、既存の価値観を覆す思想を打ち立てます。,抽象的な理想を具体的な指針に落とし込むことで、あなたの広い視野は人生を導く知恵となり、信頼を得られるでしょう。,普遍的な真理の探求を人生の核とし、精神的な旅を通じて魂を神聖な域へ導く配置。,既存の枠にとらわれることなく、あなたは自分自身の信念や思想を広げながら、終わりのない真理の探求へと情熱を注ぎます。この壮大な精神の旅路こそが、あなたの人生を彩り、揺るぎない真実へと導く生きがいとなるでしょう。
Sun,Sagittarius,10,理想を追い求め社会で活躍し、自分らしい目標を達成する,社会の中で壮大な理想やビジョンを掲げ、それを実現するために積極的に行動し、自分らしい目標を達成していくタイプです。,広い視野で理想を追い求める探求心と、明確な社会理念を持って人々を導く指導力を発揮できます。,理想を先行させ独善的になりがちで、評価を誇張しやすい傾向があります。謙虚さを心がけると安心です。,社会的な場では理想や展望を語る力が目立ち、前向きな気持ちで皆を導く旗振り役として見られやすいでしょう。,高い理想とビジョンが評価され、社会において大きな影響力を発揮し、目標を達成するでしょう。,大きな目標を掲げながらも、今できる責任を果たすことで、社会からの信頼と自由に動ける基盤が育つでしょう。,高い専門性や哲学を社会で発揮し、理想を語るリーダーとして広い影響力を持つ配置。,あなたは社会の中で壮大な理想やビジョンを掲げ、その実現のために情熱的に行動することで、多くの人々を導くでしょう。自分らしい目標を次々と達成していく中で、社会における確固たる存在感を確立し、大きく活躍していきます。
Sun,Sagittarius,11,理想を共有する仲間と共に、未来を探求し自分らしさを確立する,理想を共有する仲間たちと共に、未来の可能性を広げるような活動を好み、その中で自分自身の方向性を見出していくでしょう。,広い視野と豊かな発想力で理想を企画し、仲間を鼓舞しながら未来を探求していく力に優れています。,理想が高すぎて計画が甘くなりがちで、周囲を軽視しやすい傾向があります。協力の意識を持つと良いでしょう。,仲間の中では自由な発想で場を広げ、グループに活気をもたらす存在として皆から歓迎されるでしょう。,理想を共有する仲間と連携し、社会の価値観をポジティブに変えるリーダーとして活躍します。,コミュニティの閉塞感を自由と理想で打破し、皆が成長できる連帯を作ることで、理想の社会が実現できるでしょう。,人類の進歩を夢見る仲間と繋がり、国境のない自由な未来をダイナミックに描く配置。,あなたは理想を共有する仲間たちと共に、未来の可能性を広げる活動に情熱を傾け、その中で真の自分らしさを見出します。集団の中でそれぞれの役割を尊重しながら、誰もが自由に輝ける未来を創造していくでしょう。
Sun,Sagittarius,12,内なる真実を探求し、精神世界と繋がり自分らしさを見出す,自分の内なる信念や理想を深く探求し続け、精神的な世界と繋がりながら、自分自身の真実を見出していくことを大切にするでしょう。,広い視野と豊かな想像力で精神世界を探求し、直感と哲学を通じて内なる真実を見出す力に優れています。,現実から理想に逃避し、考えが迷走し孤立しやすいので、地に足をつけて現実と向き合うと良いでしょう。,表では控えめに見えても、内面には大きな理想を抱き、静かに視野を広げる思慮深い人として映るでしょう。,目に見えない精神的エネルギーを扱い、芸術や裏方で、グローバルな救済力を発揮するでしょう。,内面の孤独を癒やすことで、潜在意識にある宇宙の知恵が現実で活かされ、具体的な力を得られるでしょう。,宇宙の真理や自由への憧れを、瞑想や内なる旅を通じて密かに深め続ける配置。,あなたは自身の内なる信念や理想を深く探求し続けることで、精神的な世界との繋がりを大切にします。静かな瞑想や内なる旅を通じて、そこに秘められた真実を見出し、より広大な自分らしさを確立していくでしょう。
Sun,Capricorn,1,目標を着実に達成し、努力によって自分らしい個性を確立する,高い目標と強い責任感を持ち、日々の努力を積み重ねることで、揺るぎない自分らしい個性を確立していくことを大切にするでしょう。,強い責任感と優れた実行力で目標を着実に積み上げ、統率力を発揮しながら自分らしさを確立する強みです。,硬直した態度になりやすく、評価や支配を求めがちです。柔軟な姿勢と他者への尊重を心がけると良いでしょう。,落ち着いた自己表現をするため、責任感があり、何事もしっかりとこなす人として周囲から信頼されやすいでしょう。,強靭な精神力と責任感で、着実に信頼を築き、社会を導くリーダーとして活躍するでしょう。,成果を急がず、積み重ねた努力を認めることで、落ち着いた自信と周囲からの深い信頼が育まれるでしょう。,強い責任感と規律ある自己制御が、信頼される野心家としての個性を形成する配置。,あなたは高い目標と強い責任感を胸に抱き、日々の地道な努力を着実に積み重ねることで、揺るぎない自分らしい個性を確立していきます。その堅実な歩みこそが、あなたの信頼と実績を築く原動力となるでしょう。
Sun,Capricorn,2,努力と計画で才能を開花させ、揺るぎない価値や財産を築く,自分の才能を計画的に磨き上げ、地道な努力を重ねることで、揺るぎない価値と確かな財産を築き上げていくことに喜びを感じるでしょう。,卓越した計画性と継続力で着実に努力を積み重ね、揺るぎない価値や資産を築き上げる力に優れています。,お金や所有物に執着し、保守的すぎて停滞しがちです。時には新しい価値観を受け入れると良いでしょう。,自分の価値観を現実的に示すため、堅実で信頼できる人という印象を周囲に与えやすいでしょう。,着実な経済感覚と不屈の忍耐力で、伝統ある事業や実務を通じて、揺るぎない富を築くでしょう。,失う不安から抱え込まず、必要な投資や分かち合いを意識することで、安定した豊かさを育てられるでしょう。,伝統的な価値観と着実な管理能力を活かし、社会的な富を確実に築き上げる配置。,あなたは自身の才能を計画的に磨き上げ、地道な努力を重ねることで、揺るぎない価値と確かな財産を築き上げていくことに深い喜びを感じます。その積み重ねが、あなたの自己肯定感を育み、豊かな実りをもたらすでしょう。
Sun,Capricorn,3,現実的な目標を設定し、学びを深め実践的に発信する,現実的な目標に向かって知識を深く学び、得た情報を論理的に整理して、実用的な形で周りに伝えていくことを得意とするでしょう。,現実的な思考に基づいた計画性で学びを深め、実践的な表現力と説得力をもって伝えるのが得意です。,思考が硬直して悲観的になりやすく、批判的な発言が増えがちです。前向きな言葉を意識すると良いでしょう。,言葉に重みと現実感がこもり、筋の通った話し方をするため、周囲から納得感を持って受け取られやすいでしょう。,論理的で正確な伝達力と調査能力で、実務教育や組織運営に大きな影響力を発揮するでしょう。,表面的な情報より、整合性と実務的な価値を重視して発信することで、あなたの言葉に社会を動かす重みが宿るでしょう。,実務的で責任ある言葉を使い、日常の情報を秩序立てて正確に伝達する配置。,あなたは現実的な目標を見据え、その達成のために必要な知識を深く学び、論理的に整理することを得意とします。そして、得た情報を実用的な形で周囲に明確に伝えることで、着実に物事を前進させていくでしょう。
Sun,Capricorn,4,地道な努力で安定した基盤を築き、心の安らぎの中で輝く,家庭や自身の基盤において、安定と秩序を重んじ、責任感を持って堅実な土台を築き上げ、心の安らぎの中で輝くことを大切にするでしょう。,強い責任感と着実な努力で安定した基盤を築き、安心できる家庭や居場所を守り育てる安定力が強みです。,家庭内で感情を抑圧し、支配的になりやすい傾向があります。家族とのオープンな対話を心がけると安心です。,親しい相手には責任ある態度で接し、家庭や身内を守る頼れる存在として深く信頼されやすいでしょう。,責任感と規律正しさで、安定した家庭や生活の基盤を築き、伝統を大切にする力を発揮します。,家庭での管理欲を手放し、家族の自立を尊重することで、内面から湧き上がる揺るぎない安心感を手に入れられるでしょう。,家系の伝統を守り、厳格ながらも盤石な家庭の基盤を自らの手で維持する配置。,あなたは家庭や自身の居場所において、安定と秩序を何よりも重んじ、責任感をもって堅実な土台を築き上げます。その地道な努力によって得られる心の安らぎの中で、あなたは自分らしく輝き、内なる充実感を育んでいくでしょう。
Sun,Capricorn,5,計画的に創造力を発揮し、着実に表現することで喜びを得る,自分の創造性や表現力を計画的に発揮し、具体的な成果や評価を得ることで、確かな喜びや達成感を感じるタイプです。,計画的に創造力を発揮し、着実な努力と持続力で表現することで、大きな喜びを形にできる才能があります。,恋愛で打算的になり感情を抑えがちで、表現が硬直しやすいです。素直な気持ちを伝えることを意識すると良いでしょう。,自己表現に抑制と品格があり、落ち着いた魅力で周囲に良い印象を残すことが多いでしょう。,職人気質のこだわりと集中力で、伝統的な分野や創作活動で卓越した才能を発揮するでしょう。,楽しみを後回しにせず、長く続けられる表現として育てることで、遊びや創造が確かな実績につながるでしょう。,結果を出すことに執念を持って趣味や創作に励み、社会的な価値を表現する配置。,あなたは自身の創造性や表現力を計画的に発揮し、具体的な成果として形にすることで深い喜びと達成感を感じるでしょう。着実な努力と研鑽を重ねる中で、あなたの才能は社会的な価値として認められ、大きく花開きます。
Sun,Capricorn,6,日々の仕事を着実にこなし、目標達成を通じて自分を磨く,日々の仕事や責任を計画的にこなし、着実に成果を積み上げていくことで、自分自身の能力を高め、自己を磨いていくでしょう。,日々の仕事に強い責任感を持って着実にこなし、優れた管理力と実務力で目標達成を通じて成長できます。,仕事で完璧を求めすぎて、過労になったり他者を支配しがちです。適度な休息と協力意識を持つと良いでしょう。,仕事や役割の中で着実に実力を示し、真面目で責任感があるため、周囲から任せられる人として評価されやすいでしょう。,計画的に業務を進め、日々の仕事を着実にこなすことで、組織を支える重要な役割を担うでしょう。,責任感で抱え込まず、効率化の仕組みを作ることで、仕事の質と心身の安定を両立できるでしょう。,完璧な実務と組織運営への献身が、現場に絶対的な信頼と秩序をもたらす配置。,あなたは日々の仕事や責任を計画的に、そして着実にこなすことに大きな意義を見出します。一つ一つの成果を積み重ねる中で、あなたは自身の能力を絶えず高め、目標達成を通じてより洗練された自分へと磨き上げていくでしょう。
Sun,Capricorn,7,目標達成を共に目指すことで、人との信頼関係を築く,パートナーや周囲の人々との関係において、互いの責任と役割を明確にし、具体的な目標達成を通して強い信頼関係を築くでしょう。,強い責任感を持って目標達成を目指し、人との間に信頼関係を築きながら協働する優れた構築力があります。,人間関係で相手を支配したり、打算的になりがちです。感情をオープンにして信頼を深めると良いでしょう。,一対一の関係では責任感を大切にし、誠実な態度で長く付き合える相手として周囲に信頼されやすいでしょう。,社会的責任を伴うパートナーシップを通じ、実力者との深い信頼関係を築き、自分を磨くでしょう。,相手を利用せず、互いの人格を尊重することで、依存を超えた真の協力関係を築き、信頼を深められるでしょう。,社会的地位や責任を分かち合う対人関係を求め、誠実で強固な契約の絆を築く配置。,あなたはパートナーや周囲の人々との関係において、互いの責任と役割を明確にし、具体的な目標達成を共に目指すことで強い信頼関係を築きます。その堅実な絆こそが、あなた自身の社会的な立場を確立する礎となるでしょう。
Sun,Capricorn,8,困難な目標を乗り越え、自己変革を通じて揺るぎない自分を確立する,人と共有する財産や深い関係性の中で、責任感を持って物事を管理し、困難を乗り越えることで揺るぎない自分を確立するでしょう。,困難な状況でも強い意志と統率力で計画的に再生を促し、揺るぎない自己変革を成し遂げられます。,権力に執着し支配的になりやすく、物事を極端に考えがちです。柔軟な思考を心がけると調和しやすくなります。,深い関係では簡単に揺らがない強い意志が表れ、重みのある信頼関係を築く傾向があるでしょう。,組織の深部や共有財産に関わる重い責任を引き受け、困難な課題を解決するリーダーとして大成します。,相手を管理しすぎず、信頼して任せることで、深い関係の中でも安定して力を発揮し、成長につながるでしょう。,共有する財産や立場を責任持って管理し、伝統を継承することで再生を果たす配置。,あなたは人と共有する財産や深い関係性において、強い責任感を持って物事を管理し、立ちはだかる困難を粘り強く乗り越えます。その過程での自己変革こそが、あなたを揺るぎない存在へと成長させ、確固たる自分を確立するでしょう。
Sun,Capricorn,9,探求する目標を設定し、学びを深めて真理を達成する,現実的な価値観を基盤に、確固たる信念や思想を構築し、目標達成に向けて深く学び続けることで真理を見出していくでしょう。,現実的な視点と探究心で学びを深め、確固たる信念を築きながら真理を達成していく哲学的な強みがあります。,思考が硬直し、保守的すぎて視野が狭くなりがちです。新しい知識や考え方を積極的に取り入れると良いでしょう。,自分の信念を現実的に組み立てて語り、筋道のある考え方をする人として周囲に理解されやすいでしょう。,実用的な哲学と探求心で、学問や法律の分野で論理的な新機軸を打ち立てる権威となります。,抽象的な理想を社会を安定させる具体的なルールに落とし込むことで、あなたの広い視野が力強い知恵となるでしょう。,伝統的な知恵や社会の規律を真理として追求し、魂に品格を与える学びを深める配置。,あなたは現実的な視点から確固たる目標を設定し、その達成に向けて深く学び続けることで、真理を探求していきます。地道な知識の積み重ねが、揺るぎない信念と哲学を育み、あなた自身の品格を高めるでしょう。
Sun,Capricorn,10,社会的な目標を着実に達成し、自己の責任と地位を確立する,社会において強い責任感を持ち、与えられた役割を全うすることで、確かな地位と高い評価を着実に築き上げていくでしょう。,強い責任感と優れた構築力で社会的な目標を着実に達成し、揺るぎない地位と役割を確立できる統率力が強みです。,社会での評価に執着し、専横的で冷酷な態度になりやすいです。他者への共感と協力意識を持つと良いでしょう。,社会的な場では責任感と統率力が目立ち、実績で信頼を得る頼りがいのある人物になりやすいでしょう。,実績と責任を地道に積み重ねることで、社会的な地位を確立し、目標を達成するでしょう。,肩書きや結果だけに頼らず、信頼される行動を積み重ねることで、社会的な評価が無理なく定着していくでしょう。,社会的な野心を着実に形にし、組織や社会の頂点で強大な権威を確立する配置。,社会という舞台において、あなたは強い責任感を持ち、与えられた役割を粘り強く全うすることで確かな実績を積み重ねていきます。その堅実な努力によって、着実に高い評価と揺るぎない地位を確立し、信頼される存在となるでしょう。
Sun,Capricorn,11,仲間と共に目標を達成し、理想の未来を形作る中で輝く,仲間と共に明確な目標を設定し、グループ内の構造や役割を整えることで、着実に成果を出し、理想の未来を形作っていくでしょう。,計画力と統率力を発揮し、仲間と共に理想の未来像を着実に組織化して、形にしていく力に優れています。,仲間との関係で集団を支配したり、閉鎖的になりがちです。多様な意見を受け入れ、柔軟な姿勢を持つと良いでしょう。,仲間の中では計画性と実行力を発揮し、グループの目標を着実に形にする頼れる人として慕われやすいでしょう。,卓越したネットワーク力と現実的なビジョンで、大規模なプロジェクトを成功させ大成します。,コミュニティの停滞を合理性と責任感で打破し、実力者が評価される連帯を作ることで、理想の社会が実現できるでしょう。,志の高い実力派の仲間と繋がり、現実的な社会変革を計画的に進める配置。,あなたは明確な目標を共有する仲間たちと共に、グループ内でそれぞれの役割を責任感を持って果たし、着実に成果を積み上げていきます。その協調性と計画性をもって、理想の未来を現実のものとして形作り、集団の中で輝きを放つでしょう。
Sun,Capricorn,12,内なる目標を設定し、地道な努力で精神的な安らぎを得る,自分の内なる声に耳を傾け、自らに責任や義務を課しながら、精神的な目標に向かって地道な努力を重ねることで心の安らぎを得るでしょう。,強い精神的な忍耐力と内省力で、内なる目標を着実に積み上げ、持続的な心の安らぎを得られる強みです。,感情を抑圧し悲観的に考えがちで、孤立しやすい傾向があります。意識的に感情表現をすると安心です。,表では控えめでも、内面に強い責任感を抱き、静かに皆を支える堅実な人として周囲に映るでしょう。,目に見えないエネルギーを扱い、精神世界の探求や裏方での環境整備で、絶大な力を発揮するでしょう。,内面の孤独を癒やすことで、潜在意識にある宇宙の秩序が現実で活かされ、具体的な力を得られるでしょう。,内なる責任感や秩序を、孤独な場所や匿名の活動を通じて密かに純化させる配置。,あなたは自身の内なる声に深く耳を傾け、そこに秘められた精神的な目標を着実に追求することに喜びを見出します。自らに責任や義務を課しながら地道な努力を重ねることで、心の奥底に静かで深い安らぎを育んでいくでしょう。
Sun,Aquarius,1,既存の枠を超え、革新的なアイデアで自分らしい個性を確立する,周りの顔色をうかがうことなく、自分だけの視点や価値観を大切にしながら、堂々と自分らしく生きることを目指す性質です。,既成概念にとらわれず、独自の視点と豊かな発想力で自分らしい個性を表現できることが強みです。,自分の意見が独りよがりになり反発しがちなので、周囲の意見にも耳を傾けることで、調和しやすくなります。,個性的で自由な自己表現になりやすく、独自の感性を持つ人として周囲から見られやすいでしょう。,独創的な思考力と客観性で、未来を切り拓く開拓者として活躍するでしょう。,周囲と違う感覚を無理に隠さず、伝わる言葉で表現することで、あなたの個性は魅力として輝き成長につながります。,独創的な感性と自由な精神が、時代の先を行く先駆者としての個性を放つ配置。,周囲の常識や期待に囚われることなく、あなた独自の視点と価値観を大切にしながら、揺るぎない自分らしさを確立していきます。その唯一無二の個性が、既存の枠を超え、新しい時代の扉を開く力となるでしょう。
Sun,Aquarius,2,革新的な才能を発揮し、独自の価値や未来の財産を築き上げる,一般的な方法にとらわれず、独自のアイデアや価値観を活かして、あなたらしい財産や収入源を築き上げることを大切にします。,既存の枠を超えた発想力で、自分だけの価値を生み出し未来を創造していく革新力があります。,独自の価値観に固執しすぎると収入が不安定になりやすいので、柔軟な視点を持つと安心です。,自分なりの価値観を明確に持ちやすく、他人に流されない芯の強い人という印象を与えやすいです。,革新的な発想と合理性で、新しい技術やスキルから価値を築き、財産を増やすでしょう。,物やお金だけでなく、知識や人とのつながりを大切に活かすことで、あなたらしい豊かな価値を築けるでしょう。,革新的なアイデアやネットワークを使い、既存の枠に縛られない独自の富を築く配置。,既存の経済観念にとらわれることなく、あなた独自のアイデアと未来を見通す視点で新しい価値を生み出します。その独創的な才能こそが、あなたの豊かな財産や確固たる自己価値を築き上げる源となるでしょう。
Sun,Aquarius,3,自由な発想で新しい知識を学び、革新的な方法で発信する,ユニークなひらめきや新しい視点を持ち、それを積極的に周りの人たちに伝え、共有していくことを喜びと感じるタイプです。,自由な発想と知性で、新しい情報を企画し周囲に伝える発信力に優れています。,奇抜な発言で共感を得にくい時があるので、相手の気持ちを想像して言葉を選ぶと良いでしょう。,考え方や発言に独自性が光り、知的刺激を与えてくれる相手として見られやすいでしょう。,論理的な言葉と情報処理能力を活かし、ITやSNSで影響力を持つ発信者として活躍できます。,新しい考えを急に広げるよりも、相手に伝わる順番で話すことで、あなたの発想は信頼を得て発展するでしょう。,常識を打ち破る斬新な情報を使い、デジタルやSNSで広く知的な革命を促す配置。,あなたは、枠にとらわれない自由な発想と斬新な視点から得たひらめきを、世の中に広く伝えたいという情熱を秘めています。その独自の表現は人々の意識を刺激し、新しい時代を創造する知的な潮流を生み出すでしょう。
Sun,Aquarius,4,既存の概念にとらわれず、新しい形の家庭や基盤を創造する,家や家族との関係においても、形式にとらわれず、自分らしい自由なスタイルや独立した空間を大切にするタイプです。,独自の革新的な思考で、安心できる自由な居場所を自ら創り出すことができます。,家族との気持ちのつながりが希薄になりがちです。積極的に心を通わせることで、温かい絆を育めます。,親しい人にも適度な自由を保つため、距離感の上手な人として自然に受け入れられやすいです。,自由な発想で、自立した個性を尊重し合う新しい形の家庭や組織を築く力があります。,家庭内での情緒的な依存を断ち切り、家族の個性を尊重する大きな心を持つことで、揺るぎない安心感を育めます。,自由で自律した個が集まる居場所を理想とし、未来的で開放的な家庭を築く配置。,あなたは、家族や住まいといった生活の基盤においても、一般的な形式に縛られない自由な在り方を求めます。個々の独立性を尊重しつつ、互いの個性を高め合えるような、未来を見据えた新しい形の安心できる場所を創造するでしょう。
Sun,Aquarius,5,自由で革新的なアイデアで、自分らしい創造性を表現し輝く,アートや趣味など、何かを創り出す活動の中で、あなただけの斬新なアイデアや表現方法を自由に発揮することで輝く性質です。,自由な発想から生まれる独創的な表現で、あなたらしい創造性を輝かせることが得意です。,恋愛において少し自己中心的になりがちなので、相手の感情にも寄り添うことを心がけると良いでしょう。,表現にオリジナリティが光り、型にはまらない魅力を持つ人として印象に残りやすいでしょう。,斬新なセンスと集中力を活かし、デジタルアートやイベントなど創造的な分野で輝けます。,独自のアイデアを大切に、形にする手順も意識することで、あなたの個性的な表現はさらに輝き多くの人に届くでしょう。,最新技術や独創的な遊びを楽しみ、自らの個性を客観的かつ斬新に表現する配置。,あなたの個性は、自由な発想から生まれる斬新なアイデアを表現する創造的な活動の中で、最も輝きを放ちます。独自の視点と革新的な表現方法で、人々を驚かせ、新しい時代の感性を揺さぶる作品を生み出すでしょう。
Sun,Aquarius,6,独自の視点で実務を改善し、自分らしい働き方を確立する,日々のルーティンや仕事においても、既存の方法に疑問を持ち、自分だけの工夫や画期的な改善を積極的に取り入れていく性質です。,独自の視点と分析力で、日々の業務を改善しより良い働き方を生み出せます。,独自のやり方を貫きすぎて協調性が欠けやすいので、周囲との連携を意識すると仕事がスムーズになります。,仕事や役割の中で独自の工夫を見せ、発想力のある頼れる実務家として評価されやすいでしょう。,独自の視点で効率や仕組みを改善し、新しい働き方を確立する役割で力を発揮しやすいでしょう。,理想にこだわりすぎず、現場で使いやすい工夫へ落とし込むことで、あなたの発想力は仕事で大いに活かされます。,合理的なシステム構築と人道的な奉仕が、仕事の現場に革新と自由をもたら配置。,あなたは、日々のルーティンや仕事においても、既存の常識にとらわれることなく、常に「もっと良い方法はないか」と問いかけます。独自の視点から画期的な改善策を生み出し、効率的で人道的な新しい働き方を確立していくことで、真の自分らしさを発揮するでしょう。
Sun,Aquarius,7,自由な発想で人と交流し、対等な関係で自分らしさを表現する,人と深く関わる関係性でも、お互いの個性を尊重し、常に自由で対等なパートナーシップを築いていくことを大切にするタイプです。,自由な発想で人と深く交流し、対等な関係を築きながら豊かな協働ができるでしょう。,人と心の距離を取りすぎると孤立しやすいので、意識的に感情を表現し、心を開いてみましょう。,一対一の関係でも対等さと自由を重視するため、風通しのよい誠実な相手として見られやすいでしょう。,公平な社交性で人と繋がり、自立した関係を築きながら、自分らしさを輝かせます。,相手をコントロールする欲求を手放し、互いを尊重することで、依存を超えた真の絆を育み豊かな関係を築けるでしょう。,自律した親友のような対人関係を求め、互いの自由を尊重し合うクールな絆を築く配置。,あなたは、人と深く関わる関係性においても、お互いの個性と精神的な自由を尊重し合える対等なパートナーシップを求めます。型にはまらないクールな交流を通じて、真の信頼と友情を育み、あなたらしい在り方を表現するでしょう。
Sun,Aquarius,8,変化を恐れず独自性を追求し、生まれ変わることで自分を確立する,誰かと深く結びつく関係性においても、自分の個性を失うことなく、精神的な自由と独立性を大切にしながら成長するタイプです。,物事の本質を見抜く洞察力と、変化を恐れない再生思考で自分を確立できます。,極端な思想に傾き孤立しやすいため、他者の意見も尊重し、柔軟な心を持つことが大切です。,深い関係でも自分らしさを大切にし、独特の距離感で信頼関係を築く傾向があります。,共有された情報やネットワークの可能性を探り、変革を通じて深い洞察力とパワーを覚醒させるでしょう。,支配欲を「情報の共有と変容」のエネルギーに転換することで、あなたは強大な影響力を持ち社会に貢献できるでしょう。,共有する情報やシステムを客観的に管理し、知的な融合を通じて関係を再生する配置。,あなたは、他者と深く結びつく関係性や人生の大きな変容の中でも、自身の精神的な独立性と独自の視点を決して手放しません。客観的な洞察力で本質を見極め、変化を恐れずに自己を更新していくことで、より強く確立された自分自身を見出すでしょう。
Sun,Aquarius,9,新しい視点で真理を探求し、独自の哲学を打ち立てる,世の中の常識にとらわれず、自分だけのユニークな視点から物事の真理や価値を探求し、独自の哲学を築くことを目指すタイプです。,自由な探究心と革新的な思想で、あなたらしい独自の哲学を打ち立てる力があります。,独自の考えが極端になり伝統を否定しがちなので、多様な価値観を受け入れると視野が広がります。,独自の思想や視点を自然に語り、周囲に視野の広さで刺激を与える人として見られやすいでしょう。,高い理想と客観的な探求心で、学問や出版を通じて新しい思想を打ち立てるでしょう。,抽象的な正義を具体的な仕組みに落とし込むことで、あなたの広い視野は社会を導く知恵となり、多くの信頼を得られます。,博愛と宇宙法則を真理として追求し、人類の意識を更新するための学びを深める配置。,あなたは、既存の常識や枠組みに囚われることなく、独自のユニークな視点から物事の真理や本質を探求する探求者です。その深い洞察力と未来を見通す知性から、人類全体の意識を更新するような新しい哲学を打ち立てるでしょう。
Sun,Aquarius,10,革新的なアイデアで社会に貢献し、独自の道を切り開く,社会の中で、あなたならではの革新的なアイデアや個性的な才能を存分に発揮し、独自の分野を切り開いて活躍することを喜びとする性質です。,革新的な企画力と先見の明で、社会に貢献し新しい時代を切り開くことができます。,権威に反発しやすく評価で衝突しがちなので、周囲との調和を意識すると安定した道が開けます。,社会的な場では個性と改革性が際立ち、新しい流れを作る人として周囲から注目されやすいでしょう。,革新的なアイデアと新しい仕組みで社会に貢献し、独自の地位を築きやすいでしょう。,世の中を変えたい気持ちを、目の前の役割や責任に結びつけることで、あなたの独自性は社会的な信頼へとつながるでしょう。,革新的な活動を社会で展開し、分散型のリーダーシップで新しい時代を象徴する配置。,あなたは、社会という舞台において、誰も思いつかないような革新的なアイデアと卓越した才能を存分に発揮します。既存の常識を打ち破り、あなたならではの独自の分野を切り開いていくことで、未来を象徴するような新しい価値を創造し、世の中に貢献するでしょう。
Sun,Aquarius,11,仲間と未来を語り合い、独自の理想を実現することで自分を確立する,友人や仲間との集まりの中で、常に新しい視点や斬新なアイデアを提案し、未来を見据えた理想の実現に貢献していくことを大切にするタイプです。,未来を見据えた企画力で、仲間と共に新しい理想を実現する先導力があります。,高すぎる理想を独走し集団から浮きやすいので、仲間の意見にも耳を傾け、協力すると良いでしょう。,仲間と未来志向や独自の発想を共有し、グループに新風を吹き込む存在として慕われやすいです。,優れたネットワーク力で仲間と繋がり、理想を実現する共同体でリーダーシップを発揮するでしょう。,コミュニティの停滞を透明性と公正さで打破し、対等な連帯を作ることで、あなたは理想とする社会を実現できるでしょう。,人類の進化を夢見る仲間と繋がり、ネットワークを駆使して理想の未来を引き寄せる配置。,あなたは、志を共にする仲間たちとの交流を通じて、未来を見据えた斬新なアイデアを分かち合い、壮大な理想の実現に向けて情熱を燃やします。共に新しい価値を創造し、人類の進化に貢献するような活動の中で、揺るぎない自分らしさを確立していくでしょう。
Sun,Aquarius,12,自由な発想で内面を探求し、精神性を高めて自分を確立する,一人で静かに過ごす時間を通して、あなた自身のユニークな思考や価値観を深く掘り下げ、精神的な成熟を求めていくことを大切にします。,自由な想像力と直感的な発想で、豊かな精神世界を深く探求できるでしょう。,現実から離れて孤立しがちですが、地に足をつけて周りと繋がることで、心の混乱が和らぎます。,表には出すぎなくても内面の自由さがにじみ、どこか掴みきれない魅力的な人として映りやすいです。,目に見えない情報や深層心理の分析力で、裏方や精神世界に関わる分野で力を発揮するでしょう。,自身の深層にある孤独を徹底的に浄化することで、宇宙的な知恵を現実世界で活かす具体的な力を得られるでしょう。,人類全体の平和への祈りやインスピレーションを、匿名での活動を通じて密かに育む配置。,あなたは、一人静かに内面と向き合う時間の中で、あなた独自のユニークな思考や哲学を深く探求し、精神的な成熟を遂げていきます。目に見えない世界との繋がりから得たインスピレーションを大切に育むことで、揺るぎない自己を確立するでしょう。
Sun,Pisces,1,人との共感を大切にし、ありのままの自分らしさを表現する,周りの人の感情を敏感に感じ取り、共感することで、どんな状況にも柔軟に対応しながら自分らしいあり方を模索していく性質です。,豊かな想像力と直感で人の気持ちを深く共感し、自分らしさを表現できることが強みです。,自分の感情が混乱し自己表現が曖昧になりがちなので、意識して意思を明確に伝えることが大切です。,柔らかく感受性豊かな自己表現になりやすく、親しみやすく優しい人として見られやすいでしょう。,深い共感力と慈愛の心で人々に寄り添い、癒しに満ちた自分らしい役割を確立します。,感受性の強さを弱さと決めつけず、休む時間と表現する場を持つことで、あなたの優しさは自分らしい力となります。,無限の慈悲と柔らかな共感力が、全てを包み込む癒やし手としての個性を放つ配置。,あなたは、他者の感情や場の雰囲気を繊細に感じ取り、深く共感することで、どんな状況にも柔軟に寄り添いながら自分らしいあり方を見出していきます。その豊かな感性と思いやりの心が、あなたという存在を温かく、そして力強く輝かせます。
Sun,Pisces,2,人の心を癒す才能を活かし、自身の豊かな価値を築き上げる,鋭い直感や繊細な感覚を信じて、お金や持ち物といった形あるものだけでなく、心の豊かさや深い喜びを大切にしながら築いていくタイプです。,豊かな感性で人の心を癒し、その共感力であなた独自の価値を創造できます。,判断が曖昧になり浪費しやすい傾向があるため、本当に必要なものか一度冷静に見極める習慣が大切です。,自分の価値観を感性豊かに示し、優しく包み込むような温かい雰囲気を与えやすいでしょう。,優れた直感と芸術性を活かし、癒しや音楽など精神的な価値を収益に変える才能があります。,所有の概念を超え、富を「救済と循環」と捉えることで、物質的成功と精神的充足を同時に得られるでしょう。,目に見えない愛や徳を価値の核に置き、大いなる流れの中で必要な豊かさを引き寄せる配置。,あなたは、目に見える物質的な豊かさだけでなく、心の奥底にある充足感や深い喜びこそが真の価値だと知っています。自身の鋭い直感と繊細な感覚を信じ、人の心を癒すような活動を通じて、内なる豊かな自己価値を築き上げていくでしょう。
Sun,Pisces,3,感受性豊かに学び、言葉で共感を呼び起こし自分を確立する,言葉の裏にある相手の気持ちまでを深く感じ取り、心を通わせるような温かいコミュニケーションを大切にする性質です。,豊かな感性で人の心を深く理解し、共感を呼ぶ表現力に優れています。,思考が混乱しやすく情報過多で曖昧な発言になりがちです。一度立ち止まり、整理すると良いでしょう。,言葉に想像力ややわらかさがにじみ、感覚的に通じ合える相手として好感を持たれやすいでしょう。,豊かな感性と洞察力で、物語や教育など人々の心を動かす表現で影響力を発揮するでしょう。,感じたことを抱え込まず、相手に伝わる言葉へ整えることで、あなたの共感力は会話の強みとなり、さらに輝くでしょう。,詩的で幻想的な言葉を使い、相手の心の一番深い部分に癒やしを届ける配置。,あなたは、言葉の表面的な意味だけでなく、その奥に秘められた感情や真意を深く感じ取る豊かな感受性を持っています。人々の心に寄り添う温かい言葉を通して、共感を呼び起こし、あなたの魂からのメッセージを伝えていくことで、自分らしさを確立するでしょう。
Sun,Pisces,4,温かい心で家庭を築き、安心できる居場所で自分を確立する,家庭や自分の居場所に対して、温かい心の交流や深い感情のつながりを何よりも大切にし、安心できる環境を求めていくタイプです。,温かい包容力と癒しで、家族や大切な人にとって安心できる居場所を築けます。,家族に依存し感情が混乱しやすいので、適度な距離感を保ち、自立心を育むと心が安定します。,親しい人には特に情の深さが表れやすく、癒やしや安心を与える温かい存在になりやすいでしょう。,慈愛に満ちた心で、家庭やコミュニティを人々が安心して癒される居場所へと再構築するでしょう。,家庭内での共依存を断ち切り、家族の自立を尊重する大きな心を持つことで、揺るぎない安心感を育めます。,家族との霊的な繋がりを大切にし、全てを許し合える慈悲に満ちた聖域を作る配置。,あなたは、家庭や自分の居場所において、何よりも温かい心の交流と深い感情の繋がりを大切にします。全てを包み込むような慈悲の心で、安心感に満ちた聖域を築き、そこから揺るぎない自己の土台を培っていくでしょう。
Sun,Pisces,5,豊かな感性で創造性を発揮し、人々に感動を与える,絵や音楽、文章など、何かを創り出す活動を通して、あなたならではの豊かな感性や幻想的なイメージを表現することに喜びを感じるタイプです。,豊かな想像力と感性で、人々に深い感動を与える芸術的な表現力があります。,恋愛に幻想を抱き感情が迷走しがちです。現実を見つめ、自分をしっかり持つことで、良い関係を築けます。,自己表現に夢や豊かな感性が乗り、ロマンチックで印象的な魅力として人々の心に残るでしょう。,溢れる想像力と繊細な表現力で、音楽や映像などクリエイティブな分野で才能を輝かせます。,空想や感情を大切にし、作品や行動として形にすることで、あなたの豊かな感性は多くの人に届き心に響くでしょう。,夢や幻想の世界に没頭して創作を楽しみ、聖なる喜びを優しく自己表現する配置。,あなたの個性は、夢や幻想の世界からインスピレーションを得て、豊かな感性で表現する創造的な活動の中で最も輝きます。絵画や音楽、詩などを通して人々の心に深く語りかけ、温かい感動と癒しをもたらすでしょう。
Sun,Pisces,6,人に寄り添う奉仕を通じ、日々の仕事で自分らしさを活かす,日々の仕事や役割において、周りの状況や人々の感情に寄り添いながら、柔軟に対応していくことを大切にするタイプです。,人の心に寄り添う共感力と癒しの力で、日々の仕事に献身的に取り組めるでしょう。,自己犠牲しすぎて疲労が蓄積し、現実逃避しがちです。時には自分のことも大切にする勇気を持ちましょう。,相手に寄り添いながら支える姿勢になりやすく、優しく献身的な人として周囲から見られやすいです。,豊かな共感力を活かし、周りの人に寄り添いながら現場を柔軟に支える役割で活躍できます。,人のために頑張りすぎず、自分の休息や境界線も守ることで、あなたの優しさは日々の役割の中で長く活かされます。,苦しむ人々への献身的な奉仕が、職場や日常の現場に深い浄化と愛をもたらす配置。,あなたは、日々の仕事や役割において、周囲の人々の感情や状況に深く寄り添い、献身的な姿勢で柔軟に対応することに真の喜びを見出します。奉仕の精神と慈愛に満ちた働き方を通して、職場や日常生活の現場に温かい光をもたらし、あなたらしい資質を最大限に発揮するでしょう。
Sun,Pisces,7,共感と受容の心で繋がり、パートナーシップを深めて自分を確立する,人との関わりの中で、相手の気持ちに深く寄り添い、どんな相手も受け入れる温かい心で、穏やかな関係を築いていくことを大切にします。,温かい包容力と共感力で、人との関係を深く結びつけ、癒しを広げることが得意です。,人との境界が曖昧になり依存しがちなので、健全な距離感を保ち、自分の軸を大切にすると良いでしょう。,一対一の関係では相手に深く共鳴し、受容的でとても優しい人として周囲に映りやすいでしょう。,深い共感力で人と繋がり、魂のレベルで互いを高め合うような関係を築き、成長するでしょう。,相手に合わせすぎず、自分の気持ちを丁寧に伝えることで、互いに支え合える豊かな関係を築けるでしょう。,境界線のない一体感を対人関係に求め、互いを許し救い合う聖なる絆を築く配置。,あなたは、人との関係性において、相手の心を深く理解し、どんな個性も受け入れる慈悲深い共感力で温かい繋がりを育みます。魂のレベルで一体感を感じられるような穏やかな絆の中で、あなた自身の在り方を見出し、より深い自己を確立していくでしょう。
Sun,Pisces,8,人との深い繋がりの中で、魂の変容を経験し成長する,誰かと深く結びつく中で、相手との境界が溶け合うような一体感を味わい、その中で自己を見つめ、変化を遂げていくことを大切にします。,豊かな想像力と精神的な洞察力で、人との深い繋がりを通じて成長できるでしょう。,幻想に執着し感情が極端になりやすいので、現実的な視点を持ち、依存から卒業すると心が軽くなります。,深い関係では心の境界を越えて関わりやすく、相手と心の奥で強く結びつく傾向があります。,他者の深い感情や精神性に寄り添い、変容を促すことで真のパワーを覚醒させる才能があります。,支配欲を無償の愛と再生のエネルギーに転換することで、あなたは宇宙的な豊かさを得て大きく成長できるでしょう。,他者と魂のレベルで溶け合い、深い慈悲による浄化を通じて関係を再生する配置。,あなたは、他者との深い心の繋がりを通じて、まるで境界が溶け合うような一体感を経験し、その中で自己の変容と魂の成長を遂げていきます。深い慈悲の心で相手を受け入れ、共に癒しと浄化を経験することで、新たな自分自身へと生まれ変わるでしょう。
Sun,Pisces,9,精神性を探求し、共感の輪を広げることで自分を確立する,論理だけにとらわれず、あなた自身の鋭い直感や豊かな感性を通して、人々に愛や癒しを伝える思想や信念を広げていくことを大切にします。,深い精神探究心と想像力で、共感に基づいた独自の哲学を広げることができます。,理想に囚われ現実逃避し視野が狭まりがちです。多角的に物事を捉え、地に足をつけると良いでしょう。,理想や精神性を込めて語る傾向があり、感性豊かな価値観を持つ人として見られやすいです。,高い理想と慈愛の心で、精神性や学問を探求し、世界を癒やす新しい思想を打ち立てるでしょう。,理想を語るだけでなく小さな行動や学びに落とし込むことで、あなたの優しい視点は現実を支える知恵となるでしょう。,無条件の愛を世界の真理として追求し、精神的な学びを通じて魂を救済する配置。,あなたは、論理だけでは捉えきれない世界の真理を、自身の鋭い直感と豊かな感性を通じて深く探求します。無条件の愛と慈悲に満ちた思想を人々に伝え、共感の輪を広げていくことで、魂を癒す普遍的な自己を確立するでしょう。
Sun,Pisces,10,奉仕や癒しを通じて社会に貢献し、慈愛の心を広める,社会の中で、人々の心の声に耳を傾け、共感力や柔軟な対応力を活かして、癒しや奉仕の分野で自分らしい役割を築き、輝く性質です。,温かい包容力と癒しの心で、社会全体に共感を広げ、貢献していくことができます。,他人の評価に依存し現実から目を背けがちです。自分を信じて、しっかり判断することを心がけると安心です。,社会的な場でもやわらかな影響力を持ち、包容力のある温かい人として受け取られやすいでしょう。,豊かな共感性と繊細な感性で、人々を支援し信頼される役割で社会に貢献するでしょう。,周囲の期待を背負いすぎず、無理なく貢献できる形を選ぶことで、あなたの優しい感性は社会で大いに活かされます。,芸術や福祉の分野で慈悲深いリーダーシップを発揮し、心の拠り所として認められる配置。,あなたは、社会という舞台において、人々の心の声に深く耳を傾け、慈愛に満ちた共感力と柔軟な対応力を発揮します。奉仕や癒しの分野であなたらしい役割を築き、多くの人々に安らぎと希望をもたらすことで、真の自分らしさを輝かせながら社会に貢献するでしょう。
Sun,Pisces,11,仲間と理想を分かち合い、共感の輪を広げて自分を確立する,友人や仲間との集まりの中で、場の雰囲気や人々の感情を敏感に察し、調和を保ちながら、みんなで理想を分かち合っていくことを大切にします。,豊かな想像力と共感力で、仲間と共に理想の未来を築き、癒しを広げられます。,集団に依存し理想が迷走しやすいので、自分の軸を持ち、健全な距離感で仲間と関わると良いでしょう。,仲間に対しても共感的に関わり、その場を和ませる存在として周囲に好感を持たれやすいでしょう。,自由な精神で仲間と理想を分かち合い、共感で繋がるコミュニティを築き社会に貢献できます。,コミュニティの停滞を癒やしと創造の力で打破することで、あなたは理想とする社会を実現できるでしょう。,人類の平和を夢見る仲間と繋がり、癒やしのインスピレーションで理想の未来を描く配置。,あなたは、仲間との集まりの中で、場の雰囲気や人々の感情を繊細に感じ取り、深い共感を通じて調和を生み出します。人類全体の平和や理想の未来を分かち合い、癒しのインスピレーションを広げていくことで、あなたらしい確かな自己を確立するでしょう。
Sun,Pisces,12,豊かな内面世界と向き合い、癒しの力を通して自分を確立する,目に見えない精神世界や、心の奥底にある無意識の感情を深く感じ取り、そこから得たインスピレーションを大切にしながら、自分らしく生きるタイプです。,鋭い直感と深い洞察力で、内面の精神と共鳴し、癒しの力を発揮できるでしょう。,現実から目を背け、自分を見失い孤立しがちです。意識的に地に足をつけることで、穏やかな心が育まれます。,表には出にくくても深い共感性がにじみ、静かに相手を受け止める優しい人として映りやすいです。,目に見えない世界の探求や、裏方での癒しや救済を通して、大きな力を発揮するでしょう。,自身の深層にある悲しみを徹底的に浄化することで、宇宙の知恵を現実で活かす具体的な力を得られるでしょう。,宇宙的な愛や一体感を、瞑想や孤独な祈りを通じて完全に体現し密かに守る配置。,あなたは、目に見えない精神世界や心の奥底に広がる無意識の感情と深く繋がり、そこから得られる豊かなインスピレーションを大切にします。孤独な時間の中で宇宙的な愛や一体感を静かに育み、内なる癒しの力によって確固たる自己を確立していくでしょう。
Moon,Aries,1,積極的な行動で自分らしさを表現し、心の安定を保つ,感情が湧き上がると、すぐに行動せずにはいられない、とてもストレートな心の持ち主です。思ったことを素直に表現することで安心します。,自分の直感を信じて即座に行動し、自己表現を通して心の安定を保つことができます。,感情が衝動的になり短気や自己中心的な言動が出やすいので、一呼吸置いて落ち着くことを意識すると良いでしょう。,感情が表情や態度に出やすく、率直で反応の早い、裏表のない人として見られやすいでしょう。,直感的な判断と素早い行動力で、スタートアップなど新しい現場で情熱的に貢献できます。,一時の感情に流されず周囲の状況を冷静に観察することで、あなたのエネルギーはより良い方向へ導かれ成長につながります。,湧き上がる衝動のままに動くことで心が安定し、素直で裏表のない感情がそのまま外見に表れる配置。,あなたは、心の奥底から湧き上がる衝動や感情を、そのまま素直に行動へと移すことで心の安定を得るタイプです。内に秘めた情熱を積極的に表現し、自分らしさを力強く打ち出すことで、深い安心感と充足感に包まれるでしょう。
Moon,Aries,2,自分の才能を活かし、自ら価値を創造することで安心を得る,心の安定を得るために、誰かに頼るのではなく、自分の才能や行動力を活かして、自らの手で豊かな財産や心の価値を築き上げていくタイプです。,自分の行動意欲と自立感覚で、価値を創造し心の安定を生み出す力があります。,感情的に衝動買いしてしまい浪費しがちです。本当に必要か見極めることで、心の安定につながります。,自分の安心できる基準をはっきり持ちやすく、周囲にはぶれない芯のある人という印象を与えやすいです。,積極的な開拓精神と行動力で、自力で道を切り開くビジネスや投資で収益を上げる力を発揮します。,衝動買いを控え将来を見据えた計画的な支出を意識することで、安心感と経済的安定を同時に手に入れられます。,自らの力で何かを獲得することに安心感を覚え、感情の起伏が所有欲や金銭感覚に直結しやすい配置。,あなたの心の安定は、誰かに依存することなく、自身の才能と情熱的な行動力で自らの価値を創造することから生まれます。欲しいものを素早く手に入れることで深い満足感を得ると同時に、揺るぎない自己肯定感を育んでいくでしょう。
Moon,Aries,3,好奇心のままに学び、言葉で表現することで心が満たされる,心に浮かんだことを率直に言葉にして伝えたいという気持ちが強く、思ったことをストレートに表現することで心が満たされるタイプです。,鋭い機転と直感で自分の気持ちを素直に表現し、心を安定させることに優れています。,感情的になると軽率な発言で衝突しやすいので、言葉を発する前に深呼吸する習慣を持つと良いでしょう。,思ったことを感覚的にすぐ言葉にし、テンポの速い活発な会話をする相手として見られやすいでしょう。,素早い反応と率直な言葉で、ニュース伝達や即興スピーチなど、スピード感ある現場で活躍します。,発言する前に相手の立場に立って考えることで、あなたの率直さは誠実なコミュニケーションとなり信頼を得るでしょう。,ひらめいたことを即座に言葉にすることで心が満たされ、刺激的でスピーディーな対話を好む配置。,あなたは、心にひらめいたことや感じたことを、素直かつダイレクトに言葉で表現することで心の充足を得るタイプです。好奇心の赴くままに学び、スピーディーな対話を通じて、感情を生き生きと分かち合うことに深い喜びを感じるでしょう。
Moon,Aries,4,自らの手で居場所を作り、心安らぐ基盤を確立する,自分の心安らぐ居場所や家族に対しては、強い情熱を抱き、自らの手で安心できる場所を守り抜こうと、積極的に行動していく性質です。,自分の保護本能と行動力で、安心できる居場所を自ら守り育むことが得意です。,感情が過敏になり家族と衝突しやすいので、怒りを内に溜め込まず、穏やかに気持ちを伝えると安心です。,身内や近しい相手には感情を率直に見せやすく、守るべき人には強く、頼りになる傾向があります。,家族や基盤を守る強い決断力で、家業や小規模な組織でリーダーシップを発揮するでしょう。,家庭内でのリーダーシップを過剰に発揮せず寛容さを保つことで、安心できる居場所と良好な関係を維持できます。,家庭を「自分が一番になれる戦場」と捉え、身内に対して素直で激しい感情をぶつけることで安らぐ配置。,あなたは、心の安らぎを得るために、家庭や自分の居場所を自らの手で守り抜くことに強い情熱を燃やします。愛する身内に対しては、感情の起伏をストレートに表現しながらも、積極的な行動で安心できる基盤を確立していくでしょう。
Moon,Aries,5,積極的に自己表現し、喜びや遊びを通じて心を安定させる,自分の喜びや興奮を隠さずに表現することで、心が満たされ、自分らしさを肯定できるタイプです。趣味や遊びを全力で楽しむでしょう。,情熱的な表現衝動と行動力で、喜びを生み出し心の安定へと繋げられます。,恋愛で感情が先走り気分優先になりがちです。相手の気持ちを尊重することで、安定した関係を築けます。,気持ちがそのまま表現に乗りやすく、情熱的で印象の強い人として周囲に受け取られやすいでしょう。,溢れる創造性と純粋な自己表現で、スポーツや舞台など、クリエイティブな分野で輝けます。,勝敗にこだわりすぎず創作のプロセスを楽しむことで、あなたの自己肯定感は健全に育まれ、さらに輝き成長につながります。,熱中できる遊びや勝負事に感情が昂り、自らの情熱をダイレクトに表現することで心の充足を得る配置。,あなたは、心から楽しいと感じた瞬間に湧き上がる情熱を、何の躊躇もなく爆発させることで深い満足感を得るタイプです。遊びや趣味、創造的な活動を通じて、感情をダイレクトに表現し、揺るぎない自己肯定感を育むことで心が安定するでしょう。
Moon,Aries,6,困難な仕事に挑み、達成感を得ることで心を整える,日々の生活や仕事のペースは、その時の気分や感情の波に影響されやすく、自分の心の声に正直に、行動やリズムを変えていくタイプです。,困難な状況でも行動力と集中力で作業に取り組み、達成感で心を整えることができます。,作業が短気になり神経過敏で感情的に疲れやすいので、適度に休憩を取り、心身を休ませてあげましょう。,感情を行動に変えて示しやすく、手早く動いてくれる、頼りがいのある人として見られやすいでしょう。,感情のエネルギーを原動力に、困難な仕事にも素早く情熱的に取り組み、達成感を得やすいでしょう。,焦りからくるミスを防ぐために丁寧な作業を心がけることで、高い実務能力は周囲からの確固たる信頼につながるでしょう。,現場の課題を素早く片付けることに達成感を感じ、日常のルーチンにスピードと活気を求める配置。,あなたは、日々の生活や仕事において、その時の心の声や感情の波に正直に、行動やリズムを変えていくことで心のバランスを保ちます。現場の課題に即座に反応し、困難なことにも積極的に挑み、達成感を味わうことで深い充足感を得るでしょう。
Moon,Aries,7,積極的に人と関わり、心の安定と平穏を築く,人との出会いを大切にし、自分の感情に素直に反応しながら積極的に関係を築くタイプです。,人と積極的に関わり、情熱と率直さで深い絆を築き、心の安定を生み出す長所があります。,感情が先走り、対人関係で衝突しやすい傾向があります。相手の気持ちを尊重し、冷静に対応することを心がけると良いでしょう。,一対一の関係では感情を率直に表現しやすく、裏表のない信頼できる相手として映るでしょう。,積極的な交渉力と対人スキルを活かし、営業や共同事業で活力を得て活躍するでしょう。,相手の意見を尊重し対等に話し合うことを意識すると、独りよがりではない真のパートナーシップを築けます。,対人関係において相手と競い合うことで感情が活性化し、率直に意見を交わせるパートナーを求める配置。,あなたは人と深く関わる中で、率直な感情の交流を大切にし、心の安定を見出すでしょう。互いの情熱をぶつけ合うことで、より一層強固な信頼関係を築き、深い安心感に包まれます。
Moon,Aries,8,新たな局面で心を解放し、深い変化を受け入れることで安定する,深い絆で結ばれた相手には、飾らない感情や衝動をストレートにぶつけ、心の変容を恐れないタイプです。,鋭い心理的直感で本質を捉え、変化を恐れず再生へ向かう強い意志を発揮できる強みです。,深い関係で感情が極端になり、嫉妬や執着に陥りがちです。信頼を深め、手放す勇気を持つことで心が安定します。,親しくなるほど感情の熱量が濃く表れ、本音で深く関わる情熱的な人として受け入れられやすいでしょう。,強い洞察力と危機管理能力を活かし、再生事業や専門的な探求の場で深く活躍します。,感情の激しさを乗り越え他者を信頼することで、孤独感を解消し深い絆を結べるようになるでしょう。,極限状態での深い関わりに魂が震え、情熱的な絆を通じて自らの感情を刷新していく配置。,あなたは深い人間関係において、ありのままの情熱的な感情をストレートに表現することで、真の絆を育みます。心の奥底から湧き上がる衝動を受け入れ、自己変容を恐れないことで、揺るぎない安定感を得るでしょう。
Moon,Aries,9,未知の世界へ果敢に挑み、心の広がりと共に穏やかさを得る,自分の信じる道や考えには情熱的に反応し、新たな学びや挑戦を通して心の広がりを感じるタイプです。,揺るぎない感情信念で未知の世界へ果敢に挑み、直感的に本質を捉える探究衝動が強みです。,信念が強すぎて、他者と衝突したり視野が狭くなりがちです。新しい考えを受け入れる柔軟な姿勢を持つと良いでしょう。,自分の感じたことを信念と結びつけ、熱意を持って語るため、情熱的な対話を好む傾向があります。,高い理想と挑戦心を武器に、海外や高等教育の分野で新しい道を切り開く先駆者となるでしょう。,理想論に終始せず現実的な手段を探ることで、広い視野が社会に役立つ形に変換できるでしょう。,未知の世界へ飛び出す冒険心に安らぎを感じ、自らの直感に従って精神の自由を追い求める配置。,あなたは自分の信じる道や信念を情熱的に主張し、未知の世界へと果敢に挑戦することで心の安定を得ます。新たな学びや冒険を通して精神的な広がりを感じ、内なる穏やかさを育んでいくでしょう。
Moon,Aries,10,キャリアを自ら切り開き、仕事を通して心の平穏を見つける,社会的な目標に向かって、心のままに行動を起こし、自ら道を切り開くことで心の安定を得るでしょう。,社会的な目標に対し情熱を持って行動し、責任感と感情統率力で成果を出すことが強みです。,社会での評価を焦り、感情的に行動しがちです。落ち着いて着実に進むことで、心の平穏を取り戻せるでしょう。,感情の勢いが社会的な場でも表れやすく、周りからは行動力のある頼もしい人として印象づけやすいでしょう。,主体的な行動力とリーダーシップを発揮し、キャリアを自ら切り開いて社会で活躍するでしょう。,結果だけでなく周囲への感謝を意識すると、リーダーとしての品格が備わり真の成功につながります。,社会的な舞台で注目されトップを目指すことに感情が燃え、仕事での成功を心の支えとする配置。,あなたは社会的な舞台で、内なる情熱を原動力として行動を起こし、自らの手で道を切り開くことに心の安定を見出します。仕事を通して具体的な成果を生み出すたびに、揺るぎない心の平穏と充実感を育むでしょう。
Moon,Aries,11,未来に向けた活動で仲間と繋がり、心に安心感を育む,仲間との活動では、自分の気持ちに素直に行動することで、未来への希望と心の安心感を育んでいくでしょう。,仲間を鼓舞する情熱と、スピーディーに行動を共にする交流力で未来を切り開く長所があります。,仲間との交流で衝動的に行動したり、独走しがちです。周囲と協調し、全体の調和を大切にすることで安心できます。,仲間の中では気分が行動に直結しやすく、自然と先頭に立って引っ張っていく存在になりやすいでしょう。,進歩的なアイデアで仲間を牽引し、社会変革や革新的なネットワーク運営で力を発揮するでしょう。,個人の主張を大切にしつつ全体の調和を図ることで、独自のビジョンが仲間に受け入れられるでしょう。,未来を切り拓く仲間との熱い議論に喜びを感じ、理想の実現に向けて感情が真っ先に動く配置。,あなたは未来を見据えた活動の中で、自分の気持ちに素直な行動を通じて仲間との強い絆を育みます。共に理想を追求する熱い交流の中で、深い安心感と希望に満ちた心の安定を得られるでしょう。
Moon,Aries,12,自分の心の声に耳を傾け、静かな場所で心の安定を築く,心の奥底では情熱的な感情が燃えていますが、それを静かに見つめることで、心の安定を見出すでしょう。,鋭い直感と内なる情熱に基づき、精神的な衝動を癒し、心の安定へと導く力があります。,感情が混乱しやすく、衝動的に現実から逃避したくなる時があります。静かに自分と向き合う時間を大切にしましょう。,内面では感情の熱量が強く、静かな場面でふと本音を見せる、秘めた情熱を持つ人として映りやすいでしょう。,豊かな直感力と精神性を活かし、裏方での支援や芸術・心理的な探求で社会を支えるでしょう。,内なる衝動を瞑想や創作で表現する習慣を持つと、精神的な混乱を避けクリアな直感を維持できます。,人知れず湧き出る情熱を独りで温め、内面にある開拓精神を精神的な世界で密かに燃やす配置。,あなたの心の奥底には情熱的な衝動が燃え盛っていますが、それを静かに見つめ、内なる声に耳を傾けることで心の安定を見出します。人知れず感情を深く処理する過程で、揺るぎない心の平穏を築き上げるでしょう。
Moon,Taurus,1,確かな自分らしさを育み、心に揺るぎない安心感を築く,自分のペースで穏やかな感情を保ち、揺るぎない安心感の中で自分らしさを育むことを大切にするタイプです。,穏やかで安定した感情と包容力で、どんな時も自分らしさを大切にできるのが強みです。,自分の感情ややり方に頑固になりがちです。たまには新しい視点を取り入れると、心が豊かになるでしょう。,感情の起伏が外に出にくく、周りからはいつも穏やかで落ち着いた人として見られやすいでしょう。,安定した情緒と優れた五感を活かし、審美眼が光る専門職で着実に成果を出すでしょう。,自分のこだわりを大切にしながらも変化を受け入れることで、内面の安定がより強固になるでしょう。,五感の心地よさと安定感がそのまま雰囲気として表れ、穏やかで動じない心が自己を形成する配置。,あなたは自分自身のペースを大切にし、穏やかな心の状態を保つことで深い安心感を得ます。揺るぎない心の安定の中で、あなたらしい魅力をじっくりと育んでいくでしょう。
Moon,Taurus,2,豊かな才能と確かな価値を手にし、心に満ち足りた安心感を抱く,豊かな才能を活かし、物質的な安定や確かな価値を持つことで、心からの満たされた安心感を得るタイプです。,安定を意識した安心感覚と、着実に豊かさを築く蓄積意識に優れています。,物や快楽に執着しやすく、浪費や停滞を招きがちです。本当に大切なものを見極め、手放す勇気を持つと安心です。,安心できる関係を何よりも大切にし、周りからは安定感のある信頼できる人という印象を与えやすいです。,堅実な金銭感覚と実務能力で、財務管理や価値ある商売で安定した基盤を築きやすいです。,物質への執着を手放し内面のスキル向上を意識すると、より大きな豊かさを循環させられます。,形ある豊かな資産を所有することに深い安心感を覚え、物質的な充足が心の安定に直結する配置。,あなたは自身の豊かな才能を活かし、具体的な価値や物質的な安定を手に入れることで、深い安心感に満たされます。心からの充足感が得られたとき、あなたの感情は穏やかに落ち着き、揺るぎない自己肯定感を育むでしょう。
Moon,Taurus,3,じっくりと学びを積み重ね、穏やかな心で確かな情報を発信する,穏やかな心でじっくりと情報を学び、自分の言葉でゆっくりと確かな思いを伝えていくことを大切にします。,相手の感情を理解しながら、穏やかな対話で物事を伝え、説得力を発揮できる強みです。,自分の考えに固執して頑固な発言になりがちです。色々な意見を聞き、柔軟な思考を心がけると良いでしょう。,感情を落ち着いた言葉で伝えやすく、ゆっくりと信頼感を育む話し方をする人として受け入れられやすいです。,丁寧で落ち着いた対話力で、実用的な知識の伝達や地域に根ざした教育の場で信頼を得るでしょう。,自説に固執せず多様な意見に耳を傾けることで、持ち前の説得力が洗練され調和が深まります。,具体的で役に立つ情報のやり取りに安心し、落ち着いた丁寧な言葉で日常の交流を楽しむ配置。,あなたは穏やかな心でじっくりと学びを深め、確かな知識を自分の言葉で丁寧に伝えることに安心感を見出します。落ち着いた対話の中で、周囲との信頼関係を築き、心の平穏を育んでいくでしょう。
Moon,Taurus,4,家族との絆を深め、心安らぐ居場所で満たされた感情を育む,心安らぐ家庭や居場所を大切にし、家族との深い絆の中で、安定した満たされた感情を育むタイプです。,温かい包容力と守護感情で、家族や大切な人との絆を深め、心安らぐ居場所を築けます。,家族や慣れた環境に執着し、変化を恐れがちです。少しずつ新しい世界に目を向けると、心の安心が広がります。,親しい相手には特に包容力を見せ、相手にとって居心地のよい、大きな安心感を与える存在となりやすいでしょう。,家庭を大切にする安定した情緒を持ち、在宅ワークや生活環境を整える仕事で力を発揮しやすいでしょう。,家の心地よさを追求しつつ社会との接点を大切にすると、精神的な自立と安心感を両立できます。,質の良い調度品に囲まれた平穏な家庭に安らぎ、家族との不変の絆を心の拠り所とする配置。,あなたは心安らぐ家庭や居場所を何よりも大切にし、そこで得られる安定感によって心が満たされます。家族との深い絆が心の拠り所となり、穏やかで揺るぎない感情を育んでいくでしょう。
Moon,Taurus,5,じっくりと創作活動に取り組み、心の充足感と安定を得る,心地よさや五感で感じる楽しみを大切にし、じっくりと創作活動に打ち込むことで心の充足感を得るでしょう。,愛情深く安定した心と豊かな感情表現で、人を惹きつける魅力にあふれています。,恋愛や快楽に執着しやすく、所有欲が強くなりがちです。相手の自由を尊重することで、より豊かな関係が築けます。,気持ちを無理なく自然体で表現し、柔らかく親しみやすい魅力を持つ人として周囲に印象を残しやすいでしょう。,洗練された美意識と表現力で、芸術制作や伝統芸能、美食関連で独自の才能を形にできるでしょう。,楽しみを独占せず周囲と分かち合う喜びを意識すると、自己表現の幅が広がりより多くの支持を得られます。,美しい芸術や美味しい食事を心ゆくまで楽しみ、五感を満たす趣味によって感情を豊かに保つ配置。,あなたは五感を喜ばせる心地よい体験を大切にし、じっくりと創作活動に打ち込むことで心の充足感を得ます。豊かな感情が満たされるたびに、あなたの内面には揺るぎない安定感が育まれるでしょう。
Moon,Taurus,6,決まったルーティンを大切にし、心身の安定を保つ,毎日決まったルーティンを大切にすることで心が落ち着き、心身の安定を保つことができるタイプです。,どんな実務も安定した継続力で着実にこなし、周囲から厚い信頼を得るのが得意です。,慣れた作業に固執し、変化を嫌う傾向があります。小さな新しい挑戦が、心身に良い刺激を与えてくれるでしょう。,日常の中で安定した優しさを見せるため、着実に支えてくれる信頼のおける人として頼りにされやすいでしょう。,安定したペースで日々の業務を着実に継続し、責任感を持って成果を出しやすいでしょう。,安心できる生活リズムを整え無理なく休息することで、心身の安定が日々の力につながるでしょう。,確実で着実な仕事のリズムに心地よさを感じ、日常の役割を丁寧にこなすことで精神が安定する配置。,あなたは毎日決まったルーティンを大切にすることで、心の落ち着きと安定感を保つことができます。着実なリズムの中で日々の役割を丁寧にこなすたび、心身ともに深い安らぎを感じるでしょう。
Moon,Taurus,7,安定した人間関係の中で、心の安らぎと充実感を得る,人との関係では、安定と信頼を最も大切にし、心安らぐ深い絆の中で充実感を味わうタイプです。,包容力に満ちた心で安心できる関係を築き、信頼感を持って人々と協働できる長所があります。,人間関係で相手に依存しすぎたり、嫉妬心が芽生えたりしがちです。お互いを信頼し、自立を意識すると調和します。,一対一の関係では安心感を重視し、長く付き合える落ち着いた信頼できる相手として見られやすいでしょう。,誠実な対人態度と安定した交渉力で、長期的な契約やパートナーシップを築くビジネスで信頼を得るでしょう。,相手に合わせすぎず心地よいペースで対話すると、自立した持続可能な関係を築けるでしょう。,対人関係に長期的な安定と誠実さを求め、価値観を共有できる穏やかな相手に安らぎを感じる配置。,あなたは人との関係において、安定と信頼を最も大切にし、心の安らぎを得ます。価値観を共有できる穏やかな相手と深い絆を育む中で、あなたの感情は満たされ、充実感に包まれるでしょう。
Moon,Taurus,8,深い繋がりや変容の中で、心の揺るぎない安定を見つける,深い人間関係の中で、安心できる確かな繋がりを求め、心の揺るぎない安定感を見つけるタイプです。,粘り強い感情と深い洞察力で、どんな変化も受け入れ、心の安定を再生できる力が強みです。,深い関係で執着心が強く、手放すことに抵抗を感じやすい傾向があります。許す心を持つことで、心が解放されるでしょう。,深い関係ほど気持ちを強く抱え込み、簡単には揺らがない情の深さを感じさせる、誠実な人として映るでしょう。,組織の資産管理や深い洞察力を活かし、金融・相続や専門研究の場で強みを発揮するでしょう。,リソース共有の不安を乗り越え信頼を深めることで、個人の力を超える大きな価値を受け取れるでしょう。,深く確実な絆や共有資産を維持することに安心し、目に見える形での信頼を重視する配置。,あなたは深い人間関係において、安心できる確かな繋がりと継続性を何よりも求めます。相手との信頼関係が揺るぎないものになったとき、心の奥底から深い安定感と安らぎを感じるでしょう。
Moon,Taurus,9,確かな知識をじっくりと深め、心の平穏と広がりを育む,自分の価値観や信念をじっくりと育み、確かな知識を深めることで、心穏やかに視野を広げていくタイプです。,安定した信念に基づき、感情を豊かに探求し、物事を深く学ぶ持続力に優れています。,自分の考えに固執し、視野が固定されがちです。様々な思想に触れ、新しい学びを楽しむと心が豊かになります。,自分が安心できる価値観をじっくりと共有し、穏やかに信念を語る、信頼感のある人として映りやすいでしょう。,実用的な哲学と長期的な視点を武器に、学問や伝統文化を広める息の長い活動で活躍できるでしょう。,抽象的な概念を生活に役立つ形へ落とし込むことで、精神的な探求が具体的な成功につながります。,普遍的で揺るぎない真理の探求に安らぎ、時間をかけて精神的な価値を深めていく配置。,あなたは自分自身の確かな価値観や信念をじっくりと育み、深い知識を探求することで心の安定を得ます。普遍的な真理に触れ、視野が広がるたびに、内面から湧き上がる穏やかな平穏を感じるでしょう。
Moon,Taurus,10,堅実な仕事で信頼を築き、社会的な安定感で心を満たす,堅実な仕事で社会的な信頼と安定を築くことで、心からの安心感と満たされた感情を得ることを大切にします。,社会的な役割に対して強い責任感を持ち、揺るぎない信頼と感情の安定を築くことが強みです。,社会的な評価に固執し、変化を嫌う傾向があります。柔軟な対応と新しい挑戦が、あなたの可能性を広げます。,社会的な場でも感情の安定感が自然とにじみ出て、周りからは信頼感のある落ち着いた人物として見られやすいです。,堅実な継続力と安定した仕事ぶりで、社会的な信頼を築き、着実にキャリアを積み上げるでしょう。,結果だけでなく内面の満足度も大切にすると、評価に左右されない真の自信と地位を確立できます。,社会的な地位の安定や実利あるキャリアに喜びを感じ、着実な実績を積むことで心が満たされる配置。,あなたは堅実な仕事を通じて社会的な信頼と安定を築くことで、心からの深い安心感に満たされます。着実な実績が評価されるたびに、あなたの感情は穏やかに満たされ、揺るぎない心の拠り所を得るでしょう。
Moon,Taurus,11,理想を共有する仲間と安定した関係を築き、心を穏やかにする,理想を分かち合う仲間との安定した関係を大切にし、心地よい繋がりの中で心を穏やかに保つタイプです。,仲間と安心できる交流を継続し、信頼を深めることで、心の穏やかさを育むのが得意です。,仲間との関係で惰性になったり、依存しがちです。自立した交流を意識すると、より良い関係が築けるでしょう。,仲間の中では急がず騒がずの安定役になり、周囲に落ち着きと安心感を与える存在として映りやすいでしょう。,価値観を共にする仲間との絆を大切に、穏やかなコミュニティ運営や理想の追求で活躍するでしょう。,現状に満足せず未来の変化を仲間と受け入れることで、より大きな目的を達成できるでしょう。,確かな価値観を持つ仲間とゆっくり交流し、実質的な豊かさを共有する未来を夢見る配置。,あなたは理想を共有する仲間との安定した関係を心から大切にし、心地よい繋がりの中で心の平穏を育みます。確かな価値観を持つ人々とゆっくりと交流するたび、あなたの感情は穏やかに満たされるでしょう。
Moon,Taurus,12,穏やかに自己と対話し、心の奥深くで普遍的な安定を見出す,自分の心の奥深くで普遍的な安心と安定を静かに求め、穏やかな自己対話で心の平穏を保つタイプです。,穏やかな心で内省を深め、精神的な安定と癒しを見出す忍耐力に優れています。,心の奥底で感情が停滞し、執着思考に陥りがちです。ゆっくりと自分と対話し、心を解放する時間を持ちましょう。,感情は内に秘めやすいものの静かな温かさがにじみ出て、そっと周りを支える包容力のある人として見られやすいです。,目に見えない価値や精神性を追求し、芸術や奉仕活動を通じて社会に癒やしを与えるでしょう。,孤独を恐れず内省の時間を育むと、潜在意識の豊かさを活かす知恵が湧いてくるでしょう。,内面の豊かな感覚を一人の時間で静かに味わい、目に見えない次元の美しさを心の支えにする配置。,あなたは静かな環境で自分自身と深く対話することで、心の奥底に普遍的な安心と安定を見出します。内面で穏やかに思考を巡らせるたび、あなたの感情は平穏に保たれ、心の拠り所を育むでしょう。
Moon,Gemini,1,知識と情報で自分を磨き、知的な活動で心の安定を得る,感情を言葉や思考で軽やかに表現し、知識や情報を学ぶ知的な活動を通して心の安定を見つけるタイプです。,感情豊かな表現力と機転で、知的な好奇心を満たしながら自分らしさを発揮できる長所があります。,気分が変わりやすく、感情が散漫になりがちです。一つのことに集中する時間を意識すると、心が落ち着きます。,感情が言葉や表情に軽やかに表れ、親しみやすく反応の早い、明るい人として見られやすいでしょう。,多彩な表現力と素早い適応力で、放送・広告や情報の仲介役として個性を輝かせられるでしょう。,一貫性のある目標を持ち一つを掘り下げることで、持ち前の器用さが確かな成果に結びつきます。,軽やかで好奇心旺盛な反応がそのまま個性に表れ、変化し続けることで心のバランスを保つ配置。,あなたは軽やかな言葉や思考を通じて感情を表現することで、心の安定を見出します。知的な活動を通して新たな知識や情報を学ぶたび、あなたは自分自身を磨き、心のバランスを保つことができるでしょう。
Moon,Gemini,2,知識や情報で才能を磨き、独自の価値観で心を安定させる,知識や情報を扱うことで安心感を得て、自分の才能を磨き、独自の価値観で心を安定させるタイプです。,感情を理解する判断力と優れた情報感覚で、独自の商才を発揮し安定を築けます。,価値観が定まらず、衝動的に浪費しやすい傾向があります。本当に大切なものを明確にすると、心の安定が増します。,安心感を言葉や情報で確かめ、柔軟で頭の回転が速い、知的な人という印象を与えやすいでしょう。,情報を価値に変える巧みな話術を活かし、販売や営業、複数の収入源で経済的な成功を収めます。,知識を集めるだけでなく実利に結びつける方法を学ぶことで、経済的な基盤を強固に築けます。,多彩な才能や情報を活用して稼ぐことに安心感を覚え、知的な満足が所有欲を満たす配置。,あなたは新しい知識や情報を積極的に取り入れることで、深い安心感を得られます。知的な探求を通じて自身の多彩な才能を磨き、あなたならではの価値観を築くことで、心の安定を保つでしょう。
Moon,Gemini,3,好奇心いっぱいに学びを深め、発信を通じて心の平穏を得る,会話や情報交換を通して感情を整理し、好奇心の赴くままに学びを深め発信することで心の平穏を得ます。,知的な対話で感情を理解し、機知に富んだ発信力で周囲を惹きつけることが強みです。,軽率な発言や多弁になりがちで、思考が散漫になりやすいです。言葉を選ぶ意識を持つと、誤解を防ぎやすくなります。,気持ちを会話で上手に整理し、テンポよく楽しいやり取りができる、親しみやすい相手として受け入れられやすいでしょう。,圧倒的な情報収集力と伝達力で、教育、ジャーナリズム、地域活性化のリーダーとして活躍します。,情報の正確さを意識し思慮深く発言することで、知的な影響力と信頼がさらに高まるでしょう。,絶え間ない情報交換や読書に心の安らぎを感じ、知的な刺激を求めて日常を動き回る配置。,あなたは会話や情報交換を通じて感情を整理し、心の平穏を取り戻します。知的好奇心の赴くままに学びを深め、積極的に発信することで、あなた自身の内面も豊かに満たされるでしょう。
Moon,Gemini,4,知的な対話を通じて、心安らぐ居場所と基盤を築き上げる,家庭では知的な会話や情報交換を大切にし、心安らぐ居場所と揺るぎない心の基盤を築き上げるタイプです。,柔軟な思考と感情共有で、家庭や居場所での対話を大切にし、安心できる基盤を築けます。,家庭環境で落ち着きがなく、情報に振り回されやすい傾向があります。心と情報の整理を心がけると安心です。,親しい人にはよく話して距離を縮め、家庭的な場でも会話の中心になる、明るい人として親しまれやすいでしょう。,知的な刺激に満ちた環境を好み、在宅での知的作業や教育分野を基盤とした活動で活躍しやすいでしょう。,内面の落ち着きのために静寂の時間を持つことで、絶え間ない思考を建設的に制御できます。,家の中でも会話や情報を絶やさず、風通しの良いカジュアルな家族関係を好む配置。,あなたは身近な環境での知的な対話や情報交換を大切にし、それを通じて心の安心感を育みます。風通しの良いカジュアルな交流の中で、心安らぐ居場所と揺るぎない心の基盤を築き上げるでしょう。
Moon,Gemini,5,知的好奇心で遊びを創造し、心の安定と喜びを追求する,知的好奇心を刺激する遊びや創作活動で喜びを感じ、言葉やアイデアで感情を表現することで心の安定を得ます。,遊び心と豊かな感情表現が魅力となり、人々を惹きつけながら心の喜びを創造する力があります。,恋愛などで気分が変わりやすく、軽薄に見られがちです。真剣に向き合う姿勢を意識すると、安定した関係に繋がります。,感情を遊び心のある表現に乗せ、明るく気さくな楽しい人として、周囲に印象に残りやすいでしょう。,多彩なアイデアと遊び心を活かし、企画制作やゲーム開発、教育コンテンツで才能を開花させるでしょう。,自己表現のプロセスを大切にすることで、一時の閃きが価値ある作品へと昇華されるでしょう。,知的なゲームや多彩な趣味に感情が躍り、クリエイティブなアイデアを軽やかに表現して楽しむ配置。,あなたは知的好奇心を刺激する遊びや創作活動を通じて、心からの喜びと満足感を得ます。軽やかなアイデアや言葉で感情を表現するたびに、あなたの心は安定し、生き生きとした輝きを放つでしょう。
Moon,Gemini,6,情報を活用して業務をこなし、心身の安定を保つ,日常では情報を素早く処理し、変化を楽しみながら業務をこなすことで、心身の安定を保つタイプです。,感情分析力と機転の利く作業能力で、日常業務を効率的に改善し安定を保つのが得意です。,神経が過敏になりやすく、感情的に疲れやすい傾向があります。意識的に休憩を挟むことで、集中力を保ちやすくなります。,相手の様子を見ながら言葉で細やかにフォローし、周囲からは気配り上手な優しい人として見られやすいでしょう。,状況に応じた柔軟な対応力と情報収集力で、日々の業務をスムーズに進めて成果を出すでしょう。,心身の健康のために神経の興奮を鎮める習慣を持つと、マルチタスクの消耗を防げます。,複数のタスクを器用にこなす働き方に充足感を覚え、知的な工夫で日常の役割を効率化する配置。,あなたは日常の業務において、情報を素早く処理し、変化を楽しみながら器用にこなすことで心身の安定を保ちます。知的な工夫を凝らして役割を果たすたびに、あなたの心は満たされ、穏やかさを感じるでしょう。
Moon,Gemini,7,軽やかな交流で人と絆を深め、心の安定と充実感を育む,人との会話や言葉のやり取りを大切にし、軽やかな交流を通じて心の安定と充実感を育むタイプです。,柔軟な感情と理解を深める対話で、軽やかな交流を通じて人との絆を築くのが得意です。,人間関係で優柔不断になりやすく、言葉で感情を操作しがちです。正直な気持ちを伝えることで、信頼関係が深まります。,一対一の関係では会話を通じて安心しやすく、話していて楽しい、軽やかな相手として受け入れられやすいでしょう。,優れた会話術と交渉力で、仲介業や共同事業において良好な関係を築き、成果を出すでしょう。,相手の言葉の裏にある感情を汲み取ることで、知的交換以上の深い信頼関係を築けます。,言葉を介した軽やかなやり取りを対人関係に求め、知的な刺激をくれる相手に安心感を抱く配置。,あなたは人との会話や言葉のやり取りを大切にし、軽やかな交流を通じて心の安定と充実感を育みます。知的な刺激を与え合う対話の中で、あなたは深い安心感を得て、絆を深めていくでしょう。
Moon,Gemini,8,知識や対話で心の変化を受け入れ、安定を築く,深い人間関係では、対話や情報を通して相手の心を理解し、変化を受け入れることで心の安定を築くタイプです。,心理への好奇心と鋭い感情洞察力で、変化を恐れず探求し、心の安定を築くことができます。,深い関係で疑念を抱きやすく、考えすぎてしまう傾向があります。信頼を大切にし、心をオープンにすると良いでしょう。,表面的には軽やかでも親しくなると深い話を求め、知的に相手の心を探る洞察力がある人として映りやすいです。,深い知性と調査能力を活かし、心理分析や情報管理の専門職で強みを発揮するでしょう。,秘密を守り真実を追求する誠実さを養うことで、深い信頼を得て重要な役割を任せられます。,他者の深層心理を分析し理解することに興味が向き、知的な絆を通じて感情を共有する配置。,あなたは深い人間関係において、対話や情報を通じて相手の心の変化を受け入れることで、揺るぎない安定を築きます。他者の深層心理を理解しようとする知的な探求が、あなた自身の感情にも深い安らぎをもたらすでしょう。
Moon,Gemini,9,広い視野で学びを深め、知的好奇心を満たし心穏やかに,知識や思想を学び深め、知的好奇心を満たしながら広い視野で感情を育むことで、心穏やかに過ごすタイプです。,知的な好奇心と学習意欲が旺盛で、感情豊かに発信することで視野を広げるのが得意です。,思想が軽薄になりがちで、知識を誇示しやすい傾向があります。謙虚な姿勢で学びを深めることで、心が安定します。,感じたことを考えや学びと結びつけ、話すことでお互いの視野を広げる、知的な対話を楽しむ人として見られやすいです。,広い知識欲と語学力を活かし、出版や留学支援、思想を広める活動で多くの人に影響を与えるでしょう。,情報を増やすだけでなく大切な学びを選び取ることで、知識が人生の判断材料として活きてくるでしょう。,多様な文化や思想を渡り歩くことに開放感を感じ、学び続けることで心の自由を保つ配置。,あなたは新しい知識や多様な思想を学ぶことで、知的好奇心を満たし、心の安定を得られます。広い視野を持って世界を捉えるたび、あなたの感情は穏やかに育まれ、精神的な自由を感じるでしょう。
Moon,Gemini,10,論理的な思考と発信力で、社会での居場所を確立し安心する,社会的な場面では、情報発信を通して感情を伝え、論理的な思考で自分の居場所を確立し安心を得るタイプです。,社会的な場面で機転を利かせ、感情を理解した対話で信頼を築き、成果を出すことができます。,発言が軽率になりやすく、他者の評価に依存しがちです。自分の軸を大切にし、冷静に判断すると安心感が生まれます。,社会的な場では感情の反応の速さが強みに出やすく、機転の利く、頼れる人として印象づけやすいでしょう。,論理的な対応力と情報処理能力で、社会的な場で活躍の幅を広げ、信頼を築くでしょう。,肩書きや評判に一喜一憂せず長期的なキャリアを見据えることで、社会的な影響力は安定します。,多才さを活かして社会的な顔を使い分け、変化のあるポジションに就くことで心が満たされる配置。,あなたは社会的な場面で、論理的な思考と豊かな発信力を活かし、自分の感情を的確に伝えることで安心感を得ます。多才さを活かして居場所を確立するたび、あなたの心は満たされ、揺るぎない自信を育むでしょう。
Moon,Gemini,11,仲間との交流や情報交換で、心の安定を育む,仲間との活発な交流や情報交換を通して感情を分かち合い、心の安定を育んでいくことを大切にします。,仲間との活発な交流で情報を共有し、豊かな発想力で未来を切り開く長所があります。,仲間との関係が浅くなりがちで、情報過多で感情が散漫になりやすいです。本当に大切な繋がりを育むと良いでしょう。,仲間とのやり取りの中で自然に気分を共有し、場を和ませながら円滑に回す、ムードメーカー的存在になりやすいでしょう。,多様な人脈と情報交換のセンスを活かし、SNS運営や異業種交流の調整役として活躍するでしょう。,独自の意見を大切にしつつ仲間の声も聴くことで、個性を埋没させず理想を追求できるでしょう。,共通の趣味を持つ仲間との気軽なネットワークに安心し、未来の選択肢を広げることに喜びを感じる配置。,あなたは仲間との活発な交流や情報交換を通じて、感情を分かち合い心の安定を育みます。共通の趣味や理想を持つ人々と気軽にネットワークを築くたびに、あなたの心は満たされ、未来への希望を感じるでしょう。
Moon,Gemini,12,内なる声に耳を傾け、冷静な分析で心の平穏を見つける,心の内では思考を巡らせながら感情を処理し、冷静な分析で内なる声に耳を傾け心の平穏を見つけるタイプです。,内面の思考を通じて、想像力豊かな感情を直感的に理解し、心の平穏を見つける長所があります。,思考が迷路に入り込み、不安が増幅しやすい傾向があります。静かに内省し、心の中の情報を整理する時間を持ちましょう。,表向きは控えめでも内面では常に考えが動き、静かに周囲を観察する、知的な人として映りやすいでしょう。,豊かな想像力と洞察力を活かし、カウンセリングや創作活動を通じて社会に貢献するでしょう。,内面の混乱を整理し思考を言語化する習慣を持つと、精神的な安定と創造的な閃きを両立できます。,匿名のSNSや空想の中で感情を自由に泳がせ、内面にある多彩な情報を密かに整理する配置。,あなたは心の内側で思考を巡らせながら感情を丁寧に処理し、内なる声に耳を傾けることで心の平穏を見出します。冷静な分析を通じて、あなたの感情は穏やかに整えられ、深い安らぎに包まれるでしょう。
Moon,Cancer,1,感受性豊かに自分自身を大切にし、穏やかな心で過ごす,自分の感情に素直で、心に感じることを大切にしながら穏やかに過ごすことを求めるタイプです。,あなたの共感力と包容力は、自分らしさを守り育てることで穏やかな心で表現できる長所です。,感受性が豊かすぎて感情的になりがちなので、自分を守りながらも心を開く意識を持つと安心です。,あなたの感情の豊かさや優しさが自然と周りに伝わり、親しみやすく安心感を与える人として受け入れられやすいでしょう。,深い共感力と細やかな気配りを活かし、人を支え育む分野で周囲を安心させる存在として活躍します。,自分の感情を大切にしながら客観的な視点を持つことで、感受性の豊かさが建設的なリーダーシップへと繋がります。,繊細な情緒と深い慈愛がそのまま雰囲気として溢れ出し、周囲を守り育てることで心が安定する配置。,あなたは豊かな感受性を持ち、心に感じることを素直に表現する中で、揺るぎない安心感を求めています。感情を大切にすることで心が穏やかに満たされ、周囲にも温かい調和をもたらすでしょう。
Moon,Cancer,2,才能を大切に育て、安心できる価値観を築き安定を得る,自分の才能や大切なものを慈しみ守ることで、心の安定と安心感を育む性質を持っています。,安心感を大切に、才能や価値を育てて守る力に優れており、安定を築くことが得意です。,不安から衝動的に浪費したり、物に執着しがちです。感情だけで判断せず、本当に必要か考える習慣が大切です。,あなたが大切にする安心感や価値観は、情が深く堅実な人という印象を周囲に与えやすいでしょう。,優れた経済感覚と育成力を活かし、生活に密着した事業で安定した収益を築き、貢献するでしょう。,形ある豊かさだけでなく内面の充足感を重視することで、物心両面での真の安定と安心を手に入れられます。,愛する人を守るための確かな富に安心感を覚え、家族のような情愛が物質的な充足に繋がる配置。,誰かに頼るのではなく、自らの才能や大切なものを慈しみ育むことで、あなたは心の安定と確かな安心感を築いていきます。そうして築き上げた価値が、揺るぎない自己肯定感となってあなたを支えるでしょう。
Moon,Cancer,3,身近な学びや温かい交流を通じて、心を落ち着かせる,身近な人との温かい交流や学びを通して、心が満たされ、安心感を得られるタイプです。,相手の感情を深く理解し、温かい共感対話で心地よい交流を築けることが強みです。,感情的になりやすく、過去の出来事に縛られがちです。気持ちが落ち着いてから発言するよう心がけると良いでしょう。,気持ちを込めて言葉を選ぶため、あなたの共感的な聞き方は相手に深い安心感を与えるでしょう。,聞き上手で温かい対話力を活かし、カウンセリングや地域活動で人々の信頼を集め、活躍するでしょう。,感情を言葉にする際に理論的な裏付けを持つことで、持ち前の共感力が多くの人に届く知恵へと変わります。,相手の気持ちを汲み取った優しい言葉を交わすことに安らぎ、身近な環境に温かな交流を求める配置。,身近な人との温かい交流や学びは、あなたにとって心の栄養となり、深い安心感をもたらします。感情を分かち合い、共感し合うことで、あなたは内面から満たされ穏やかな気持ちで過ごすことができるでしょう。
Moon,Cancer,4,家庭や心の拠り所を大切にし、安らぎと安心感を育む,家庭や心の拠り所をとても大切にし、そこで安らぎと深い安心感を育むことを求める性質です。,家庭や大切な場所を包み込むような温かい愛情で守り、安心感を育むことに優れています。,家族に感情的に依存したり、過干渉になりやすいかもしれません。自立した安心感を育むことを意識しましょう。,親しい人には感情を素直に開きやすく、大切な人を守る身内のような存在として頼られる傾向があります。,深い愛情と包容力で人々を包み込み、家庭的な職場や伝統ある場で、心の拠り所となる存在として輝きます。,家族への献身と自己実現のバランスを意識することで、プライベートの充実が社会的な活力へと還元されます。,情緒的な繋がりに満ちた居場所を人生の核とし、家庭を聖域として守ることで心の底から安らぐ配置。,家庭や心の拠り所は、あなたにとって何よりも大切な聖域であり、そこであなたは深い安らぎと安心感を育みます。情緒的なつながりに満ちた居場所を大切に守り、日々の生活の中で心の平穏を見出すでしょう。
Moon,Cancer,5,感受性を活かした表現で、喜びと心の豊かさを育む,愛情や心のこもった表現をすることで、喜びを感じ、心が満たされる豊かな感性を持っています。,豊かな愛情と感情表現で周りを惹きつけ、創造的な楽しみを育む魅力があります。,恋愛で感情の波が大きくなりがちなので、相手に寄りかかりすぎず、自分の心の安定を保つことが大切です。,豊かな感情がそのまま表現に現れ、愛情深く温かい魅力で周囲に強い印象を残しやすいでしょう。,豊かな感受性と創造性を活かし、心揺さぶる表現を通じて、多くの人に喜びを届ける才能を発揮します。,他者の反応に一喜一憂せず創作意欲を育むことで、時代に左右されない普遍的な感動を生み出せます。,身内への献身や育てる喜びの中で感情が豊かに輝き、純粋な愛を素直に表現して楽しむ配置。,あなたは豊かな感性で愛情や心のこもった表現をすることで、喜びと内面の豊かさを育むことができます。純粋な感情を素直に表現するたびに、あなたの心は満たされ、より一層輝きを増していくでしょう。
Moon,Cancer,6,日々のケアや奉仕を通じて、心身の安定と満足を得る,日々の生活の中で、きめ細やかな配慮や感情的なケアを通して心の安定と満足を得るタイプです。,献身的にケアや奉仕を続け、日々の生活を穏やかに安定させる優れた世話力が強みです。,周囲のことに感情的に深入りしすぎると、心配や疲労が募りやすいです。適度な距離感を保つことを心がけましょう。,日常で細やかな気遣いを見せることで、周囲から優しく頼りになる支え手として信頼されやすいでしょう。,周囲の状況に細やかに気を配り、安心して任せられる実務やサポート業務で力を発揮するでしょう。,周囲の期待に応えようと自分を後回しにしないことで、持続可能な奉仕と健康な生活を両立できます。,周囲をケアしサポートする役割に強い充足感を感じ、職場を家族のように温めることで安心する配置。,日々の生活の中で、きめ細やかな配慮や感情的なケアを周囲に提供することで、あなたは深い心の安定と満足感を得ます。献身的な奉仕を通じて周囲を温め、自己の存在価値を確認していくでしょう。
Moon,Cancer,7,親身な関わりで信頼を築き、人との関係に安心感を得る,人との関わりには情緒的なつながりを重視し、親身な絆を築くことで安心感を得るタイプです。,親身な共感力と包容力で、人との間に深く温かい信頼関係を築くことが得意です。,人間関係で感情的に依存しやすく、嫉妬心から相手を操作してしまうことがあります。自立した信頼関係を築きましょう。,一対一の関係では心のつながりを深く重視し、相手に寄り添う温かいパートナーとして受け入れられやすいでしょう。,情緒的な繋がりを大切にする交渉力で、人との深い信頼を築き、パートナーを支える役割で活躍するでしょう。,相手の感情を汲み取りつつ自分の意志を明確に伝えることで、真の相互理解に基づいた関係が構築できます。,家族のような深い親密さをパートナーに求め、情緒的な一体感を得ることで心が満たされる配置。,あなたは人との関わりにおいて情緒的なつながりを最も重視し、親身な絆を築くことで心の安定を感じます。家族のような深い信頼関係を育むたびに、あなたは安らぎと充実感を得るでしょう。
Moon,Cancer,8,深い絆や共有体験を通じ、心の変化を穏やかに受け入れる,深い絆で結ばれた関係性を大切にし、心の奥底で感情を分かち合うことで安心を得るタイプです。,深い感情で相手の心に寄り添い、変容する状況を穏やかに受け止める包容力があります。,特定の人に感情的に執着し、嫉妬や支配欲が強まりやすいです。心を落ち着かせ、広い視野で物事を捉えると良いでしょう。,深い関係においては感情の結びつきが強く、固い信頼と絆で結ばれた関係を築く傾向があります。,深い洞察力と受容性で、人々の心に寄り添い、変革や再生を支える専門分野で力を発揮するでしょう。,他者と深く融合する際の恐れを手放すことで、あなたの癒やしの力が社会的な大きな価値へと昇華されます。,他者の感情を自分のことのように引き受け、深い血縁や絆の中に身を投じることで安らぐ配置。,深い絆で結ばれた関係性の中で、あなたは心の奥底にある感情を分かち合うことで強い安心感を得ます。他者の感情にも寄り添いながら、心の変容を穏やかに受け入れていくでしょう。
Moon,Cancer,9,広い世界を探求し、心の安心感を育みながら成長する,自分の信じる価値観や信念に心の安らぎを求め、安心感を育みながら成長していく性質です。,共感力と思いやりに満ちた信念で、心の安心感を育みながら視野を広げられます。,感情で物事を捉えすぎて視野が狭くなりがちです。冷静に客観的な視点を持つことで、偏愛に陥るのを避けられます。,自分の感情や信念を情緒豊かに語り、心からの思いを共有できる深い対話を求める傾向があります。,高い理想と人道的な精神で、教育や国際協力など、人々の精神的向上を導く先駆者として活躍します。,抽象的な理想を身近な人への愛に変換することで、広い視野が現実世界での確かな貢献に繋がります。,愛こそが世界の真理であると信じることに安らぎ、精神的な学びで心の安全地帯を広げる配置。,あなたは、自らが心から信じる価値観や信念の中に、深い心の安らぎと安定を見出します。その揺るぎない信念を心の拠り所とすることで、あなたは広い世界を探求し、健やかに成長していくでしょう。
Moon,Cancer,10,社会で役割を果たすことで、安心感と心の安定を得る,社会的な場で役割を果たす時も、共感力を活かし感情を大切にすることで心の安定を得るタイプです。,社会での役割を果たす中で、包容力と信頼感をもって周りに安心感を与えることが得意です。,他者からの評価や家族の感情に左右されやすい傾向があります。自分の軸を持って判断するよう意識しましょう。,社会的な場でもあなたの面倒見の良さが自然と滲み出て、包容力のある温かい人として受け入れられやすいでしょう。,細やかな配慮と温かい支援力で、社会的な役割を全うし、多くの人から信頼される立場に立つでしょう。,仕事の結果だけでなく自身の情緒的な満足も大切にすることで、愛され尊敬されるリーダーへと成長できます。,大衆をケアする役割を社会で担うことに誇りを感じ、人々に必要とされることで心が満たされる配置。,社会的な役割を果たす場においても、あなたは共感力を活かし、周囲の感情を大切にすることで心の安定を得ます。人々をケアし、支える役割を担うことで、あなたは深い安心感と充足感に満たされるでしょう。
Moon,Cancer,11,温かい仲間との交流を通じて、心の拠り所を見つける,温かい仲間との交流を大切にし、感情的なつながりを感じられる場所に心の拠り所を見出すタイプです。,仲間を温かく保護し、共感的な交流を通じて皆を支える力に長けています。,身近な集団に感情的に同調し、依存しがちです。多様な意見にも耳を傾けることで、視野が広がります。,仲間に対しては保護者のように優しく関わり、グループ全体の安心感を支える存在になる傾向があります。,仲間への深い愛情を活かし、助け合いの精神で地域やグループをまとめ、社会貢献で大きな役割を果たします。,既存のコミュニティを守りつつ新しい風を取り入れる柔軟さを持つことで、理想とする未来を形にできます。,志を同じくする仲間を「魂の家族」として大切にし、安心できるコミュニティの拡大に喜びを感じる配置。,あなたは温かい仲間との感情的なつながりを深く大切にし、そこに心の拠り所を見出します。志を同じくする人々と共に過ごす時間は、あなたにとって何よりも心満たされる宝物となるでしょう。
Moon,Cancer,12,内なる感情を育み、静かな場所で心の安らぎを見出す,内面に豊かな感情を抱え、静かな場所で自分自身を守り育むことで心の安らぎを見出すタイプです。,内面の感情に深く共感し、直感的な理解で心の奥底に安らぎを育むことができます。,感情が迷走しやすく、現実から逃避して孤立してしまうことがあります。内なる声に耳を傾け、心を癒やしましょう。,感情を内に抱えつつも深い共感性が自然と滲み出て、静かにそっと寄り添う温かい人として映りやすいでしょう。,目に見えない不安や痛みを癒やす力で、裏方や芸術、スピリチュアルなケアを通じて献身的に社会を支えます。,内面に潜む豊かな感情を独りで抱え込まず表現する場を持つことで、清らかな直感を維持できます。,内面の繊細な感情を一人の時間で静かに浄化し、目に見えない次元で人々の痛みに寄り添う配置。,内面に豊かな感情を秘めたあなたは、静かな場所で自分自身を守り育むことで深い心の安らぎを見出します。目に見えない世界の探求や瞑想を通じて、あなたは内なる感情を癒し、心の平和を保つでしょう。
Moon,Leo,1,自分らしさを輝かせ、堂々と表現することで心満たされる,自分の感情を堂々と表現し、輝く自分らしさをアピールすることで心が満たされる性質です。,自分らしさを自信を持って表現し、感情豊かに周りを惹きつける魅力があります。,自分を良く見せようと感情を誇張しがちです。自然体でいることや、周囲への配慮を心がけると良いでしょう。,感情表現が豊かで存在感が際立ち、明るく華やかな魅力で周囲を惹きつける人として受け入れられやすいでしょう。,堂々とした存在感と華やかな表現力で、表舞台やクリエイティブな分野で中心人物として輝くでしょう。,周囲からの称賛を求めすぎず自己肯定感を育むことで、持ち前のリーダーシップが自然で力強いものになります。,主役としての華やかなオーラを自然と放ち、周囲から賞賛されることで心の充足を得る配置。,あなたは自分の感情を堂々と表現し、輝くばかりの自分らしさをアピールすることで、心の底から満たされます。その華やかな存在感は周囲を惹きつけ、多くの賞賛があなたの心をさらに輝かせるでしょう。
Moon,Leo,2,自分の才能を情熱的に活かし、心の豊かさと価値を築く,自分の才能や価値が認められることに喜びを感じ、それによって心の安定と豊かさを築いていくタイプです。,才能と情熱を表現することで、自分らしい価値を創造し、心の豊かさを築くことが得意です。,見栄を張って衝動的に浪費しやすい傾向があります。本当に価値あるものか冷静に見極める意識が大切です。,自分の気持ちや好みを堂々と示すため、周囲からは自信に満ちた魅力的な人という印象を与えやすいです。,華やかな才能と自己プロデュース力で、娯楽や高級品を扱うビジネスで高収益を上げる力を発揮します。,見栄や外見にこだわりすぎず本質的な価値を磨くことで、経済的な成功を長期的に維持できます。,自分が誇れる豪華なものを所有することに安心し、自己価値を劇的に表現する富を求める配置。,あなたは自分の才能や価値が認められることにこの上ない喜びを感じ、それによって心の安定と豊かさを築き上げます。自らが誇れるものを情熱的に表現することで、揺るぎない自己肯定感を得るでしょう。
Moon,Leo,3,楽しみながら学びを深め、自信を持って表現し心躍らせる,自分の言葉や表現力で感情を豊かに伝え、自信を持って発信することで心が満たされるタイプです。,豊かな感情表現と魅力的な発信力で、自分の考えを堂々と伝えられることが強みです。,注目されたくて発言が誇張されがちです。事実を伝えることを意識すると、信頼関係が深まりやすくなります。,気持ちを豊かに言葉で表現し、会話するだけでその場を明るく盛り上げるムードメーカーになりやすいでしょう。,ドラマチックで説得力のある表現力で、プレゼンや司会など、自己表現を伴う教育の場で輝くでしょう。,他者の意見にも光を当て賞賛する習慣を持つことで、発言力が強化され周囲を惹きつける魅力が深まります。,表現力豊かな言葉で周囲を惹きつけることに喜びを感じ、日常の会話をドラマチックに彩る配置。,あなたは自分の言葉や表現力で感情を豊かに伝え、自信を持って発信するたびに心が満たされ、躍動します。楽しみながら学びを深め、その知識をドラマチックに表現することで周囲を魅了するでしょう。
Moon,Leo,4,家庭で喜びを創造し、安心できる環境で心を輝かせる,家庭や心の拠り所では、自分らしく輝き認められることで心の安心感を得ていく性質です。,家庭を大切にする誇りと包容力で、安らぎと喜びのある居場所を創造できるのが長所です。,家庭内で自己主張が強まり、感情が誇張されがちです。家族の意見にも耳を傾けることで、調和が生まれます。,親しい人の前では感情表現がのびやかになり、家庭で明るく中心的な存在として周りを照らすでしょう。,強いリーダーシップと誇りを持って、住宅や空間演出で才能を発揮し、人々に喜びを与えるでしょう。,身内を支配しようとせず寛大な愛で包むことで、家族との間に真の尊敬と平穏が生まれます。,家の中では「王」として家族を明るく照らし、自慢できる豪華な家庭環境でリラックスする配置。,家庭や心の拠り所において、あなたは自分らしく輝き、その存在が認められることで深い安心感を得ます。愛する家族を明るく照らし、自慢できる温かい環境で心を存分に解放するでしょう。
Moon,Leo,5,情熱を注ぎ表現することで、遊び心と心の満足を得る,情熱を注いだ創造や表現を通して、自分自身を輝かせ心の底から満たされるタイプです。,情熱的な創造力と魅力的な表現で、楽しみと心の満足を周囲にも広げる才能があります。,恋愛で自己顕示欲が高まり、気分次第で行動しがちです。相手の気持ちも尊重すると、より豊かな関係が築けます。,豊かな感情が創造性や愛情表現に現れ、華やかで魅力的な個性で周囲に強い印象を残しやすいでしょう。,認められることで意欲を高め、主体的に業務に取り組み、情熱的に成果を出せるでしょう。,遊び心を持ち続けつつ完成度を高める努力を惜しまないことで、確かな実績を築けます。,自らの才能を披露して喝采を浴びることに感情が昂り、全力で遊び創作することで心が輝く配置。,あなたは情熱を注いだ創造や表現活動を通して、自分自身を輝かせ、心の底から満たされる喜びを感じます。遊び心と独創的な才能を存分に発揮することで、あなたは内なる情熱を現実世界に体現していくでしょう。
Moon,Leo,6,日々の業務に情熱を注ぎ、自己表現で心の安定を保つ,日々の仕事やルーティンの中でも、自分らしい表現で存在感を示すことが心の安定につながるタイプです。,仕事への誇りと情熱を持ち、改善意欲と主導力で日々の実務を安定させるのが強みです。,仕事で評価にこだわりすぎて完璧を求めがちです。周りに任せることで、心にゆとりが生まれます。,日常の中でも明るい感情を素直に表現し、周囲の人々を元気づける太陽のような存在として慕われるでしょう。,華やかな社交性と交渉力で、営業や広報、魅力的なパートナーシップを通じて社会的な評価を得るでしょう。,裏方の仕事にも価値を見出し周囲への感謝を忘れないことで、自己管理能力が高まり職場の士気を高めます。,自分にしかできないクリエイティブな仕事に誇りを感じ、現場の主役となることで活力を得る配置。,日々の仕事やルーティンの中でも、あなたは自分らしい表現で存在感を示すことが心の安定に繋がると感じます。クリエイティブな役割を担い、現場の主役として輝くことで、あなたは活力を得るでしょう。
Moon,Leo,7,魅力的に表現し、人との関わりの中で心の安定を見つける,人との関わりでは、魅力的に感情を表現し、認められることで心の安定と喜びを見つける性質です。,魅力的な表現で周りを巻き込み、信頼感を築きながら協力関係を主導できるのが強みです。,対人関係で自分が主役になりたがり、相手を支配してしまうことがあります。謙虚な姿勢を心がけると良いでしょう。,一対一の関係では相手に情熱的に向き合い、愛情表現がはっきりとして信頼できるパートナーとして映りやすいでしょう。,強い意志と深い洞察力で、組織改革や資産管理など、信頼を要する重要な職務で強みを発揮するでしょう。,自分だけでなく相手も輝ける関わり方を意識することで、お互いを高め合える関係が構築できます。,パートナーと共に人生の舞台で輝くことに安心感を覚え、誇り高い相手とのドラマチックな関係を好む配置。,あなたは人との関わりにおいて、魅力的かつ情熱的に感情を表現することで、心の安定と深い喜びを見つけます。パートナーと共に人生の舞台で輝き、誇り高い関係の中で豊かな感情を分かち合うでしょう。
Moon,Leo,8,自己表現を通じて変革を恐れず、心の底から満たされる,深い関係の中で情熱的に感情を共有し、心の底から満たされることで安心感を得るタイプです。,魅力的な表現で人の心に強く働きかけ、深い絆を築きながら変革を恐れない強さがあります。,人との深い関係で支配欲や執着が強まりやすいです。お互いを尊重し、柔軟な考えを持つことで心が安定します。,深い関係においては感情の熱量がとても強く、相手の心に深く刻まれる濃い関わり方をするでしょう。,高い理想と探求心で、教育や出版を通じて信念を伝え、多くの人々にインスピレーションを与えるでしょう。,コントロール欲を抑え他者に権限を委ねる勇気を持つことで、大きな変容を成し遂げられます。,共有する絆を特別な伝説にしたいという情熱を持ち、深い愛による自己変容をドラマとして楽しむ配置。,あなたは深い関係性の中で情熱的に感情を共有し、心の底から満たされることで揺るぎない安心感を得ます。他者との絆を特別な伝説として育み、深い愛による自己変容をドラマのように楽しむでしょう。
Moon,Leo,9,豊かな表現力で世界の探求を楽しんで、心を安定させる,自分の信念や理想に情熱的に共鳴し、それを表現することで心の安定と満足を見つけるタイプです。,情熱的な信念と豊かな表現力で、自分の理想や思想を堂々と発信できることが強みです。,自分の思想を誇張したり、独善的になりやすいです。多様な価値観を受け入れることで、視野が広がり心が安定します。,感じたことを信念や理想と結びつけて情熱的に語り、強い熱意と説得力を持つ人として印象づけやすいでしょう。,華やかな存在感と表現力が評価され、人々を惹きつける社会的な中心人物として活躍しやすいでしょう。,知識をひけらかさず真理を謙虚に探求することで、広い視野が社会を導く普遍的な知恵へと進化します。,高潔で壮大な理想を追い求めることに心の充足を感じ、精神的な学びを自らを高める旅とする配置。,あなたは自身の信念や理想に情熱的に共鳴し、それを豊かな表現力で世界に伝えることで心の安定と満足を見つけます。高潔で壮大な理想を追い求める旅が、あなた自身の精神的な高まりへと繋がるでしょう。
Moon,Leo,10,自分の表現力を仕事で活かし、社会で輝き心を満たす,社会的な役割を果たす場で、自分の存在感や感情を認められることに心の安定と喜びを感じる性質です。,社会的な役割を果たす中で、リーダーシップを発揮し、自信を持って表現できる才能があります。,社会的な場で傲慢になったり、評価にこだわりすぎると感情が不安定になりやすいです。周りとの協調性を大切にしましょう。,社会的な場でも明るい感情や堂々とした態度が際立ち、自然と注目を集める存在感のある人として輝くでしょう。,独自の理想と仲間を鼓舞する力で、進歩的なグループや社会貢献活動を率いて輝かしい成果を出します。,肩書きや権威に頼らず真の人徳を磨くことで、心から敬愛されるリーダーへと成長できるでしょう。,社会的な成功を自らの誇りとして強く求め、注目を浴びる地位に就くことで感情が安定する配置。,社会的な役割を果たす場で、あなたは自分の存在感や表現力を認められることに心の安定と喜びを感じます。注目を浴びる地位に就き、自らの誇りとして社会的な成功を強く求めるでしょう。
Moon,Leo,11,仲間と楽しく創造性を分かち合い、心が満たされる時間,仲間との交流では、自分らしく感情を表現し、存在感を示すことで心が満たされる時間を大切にします。,仲間を鼓舞し、魅力的な企画力と先導力で未来を共に創造できる優れた能力があります。,仲間との活動で注目されたい気持ちが強まり、独走しがちです。周りの意見も取り入れることで、より良いものが生まれます。,仲間の中では感情豊かな盛り上げ役となり、場の雰囲気を華やかにする中心人物として輝きを放ちやすいでしょう。,豊かな想像力と深い感受性で、創作活動や人知れず他者を癒やす役割で、秘めたる力を発揮するでしょう。,個性を発揮しつつ他者の独自性を認める寛容さを養うことで、独自のビジョンが多くの仲間に支持されます。,魅力的な仲間を率いて未来を描くことに喜びを感じ、ドラマチックな理想を共有することで心が満たされる配置。,あなたは仲間との交流の中で自分らしく感情を表現し、その存在感を示すことで心が満たされる時間を大切にします。魅力的な仲間を率いて未来を描くことに喜びを感じ、理想を共有することで心が輝くでしょう。
Moon,Leo,12,秘めたる創造性を解き放ち、内なる世界を癒して心を安定,内面に秘めた情熱的な感情を表現する場を求め、心を癒し安定させることで自分を満たすタイプです。,内なる情熱を秘めた表現力に変え、心の奥深くに誇りを持って安らぎを育めます。,孤高を気取りすぎると現実逃避し、感情が不安定になりやすいです。素直な気持ちを認め、心を癒やす時間を取りましょう。,表には出しきらなくても、内面に秘めた誇りや情熱が強く、静かながらも確かな存在感を放つでしょう。,豊かな想像力と深い内面を活かし、人知れず他者を癒やす役割や創作活動で実力を発揮します。,孤独を恐れず静寂の中で内面を整える習慣を持つことで、創造的なエネルギーを社会に役立てられます。,内面にある王者のような自負を静かに温め、一人きりの世界で壮大な創造性を密かに発揮する配置。,内面に秘めた情熱的な感情を表現する場を求めるあなたは、静かな場所で心を癒し安定させることで自分自身を満たします。一人きりの世界で壮大な創造性を密かに発揮し、内なる王者のような自負を温めるでしょう。
Moon,Virgo,1,完璧を目指す自分らしさを追求し、着実に心を安定させる,自分の感情を細かく分析し、秩序だった状態を保つことで、心の安定と安心感を求める性質です。,論理的な感情分析と改善力で、自分らしさを着実に表現できる実務能力が強みです。,完璧を求めすぎて神経質になったり、自分を批判しがちです。ありのままの自分を受け入れることで、心が安定します。,感情が落ち着いて整った形で表現されやすく、きちんとした誠実な人として周囲から信頼されやすいでしょう。,緻密な分析力と高い実務能力を活かし、専門職や技術分野で正確さを追求し、厚い信頼を得るでしょう。,欠点だけでなく全体を肯定する視点を持つことで、持ち前の観察力が生産的なアドバイスへと変わります。,清潔感と整った印象がそのまま個性に表れ、物事を完璧に整理することで心の平安を保つ配置。,あなたは自分の感情を細かく分析し、すべてが秩序だった状態を保つことで、心の安定と深い安心感を求めます。完璧を目指す自分らしさを追求し、着実に物事を整理していくことで心の平安を得るでしょう。
Moon,Virgo,2,才能や持ち物を整理し価値を高め、心が満たされる喜び,自分の才能や持ち物を実用的に管理し、整えることで、心の豊かさと安心感を得るタイプです。,計画的な管理能力で才能や資産を整理し、安心感を育むことに優れています。,細かい部分に執着し、不安から節約しすぎることがあります。心の豊かさにも目を向けることで、安心感が深まります。,安心できる基準を現実的に整えるため、堅実で細やかな気配りのできる人という印象を周囲に与えやすいです。,優れた金銭感覚と実務能力で、経理や品質にこだわった商品開発で安定した基盤を築き、貢献するでしょう。,物質的な完璧さを追求しすぎず適度なゆとりを持つことで、精神的な安心感と経済的な安定を手に入れられます。,緻密な金銭管理や実用的なスキルの習得に安心感を覚え、無駄を省くことで心の安定を得る配置。,あなたは自身の才能や持ち物を実用的に管理し、整えることで心の豊かさと揺るぎない安心感を得ます。緻密な金銭管理や実用的なスキルの習得に喜びを感じ、無駄を省くことで心の安定を保つでしょう。
Moon,Virgo,3,論理的に学びを深め、正確な情報発信で心を安定させる,言葉や情報を整理し、正確に伝えることを大切にすることで、心が落ち着き安定するタイプです。,論理的で正確な分析力と、整理された対話で情報を伝えることに長けています。,細かいことを考えすぎて神経が疲れ、批判的になりやすいです。時には思考を手放し、リラックスする時間を取りましょう。,気持ちを整理しながら論理的に話しやすく、丁寧で分かりやすいコミュニケーションで好感を持たれるでしょう。,正確な情報処理と整理能力を活かし、編集や実務教育、データ分析で信頼される専門家として活躍します。,論理的な正しさだけでなく相手の感情にも配慮した言葉選びで、持ち前の説得力が温かなものになります。,正確な情報を整理して伝えることに心地よさを感じ、日常の細かな不備を改善する対話を好む配置。,あなたは言葉や情報を論理的に整理し、正確に伝えることを大切にすることで心が落ち着き、安定します。学びを深め、細かな不備を改善する対話を通して、あなたは心の平安を築いていくでしょう。
Moon,Virgo,4,身近な環境を改善し、安定した基盤で心が安らぐ,身近な生活環境を整え、清潔で秩序ある状態にすることで、心の安らぎと安心感を得ます。,身近な環境を実務的に整え、継続的な管理で安定した基盤を築くことに優れています。,家庭内で細部にこだわりすぎて批判的になったり、心配しすぎることがあります。完璧でなくても良いと意識しましょう。,親しい関係では特に細やかな配慮や段取りの良さを見せ、安心して頼れる存在として慕われるでしょう。,几帳面な管理能力で生活環境を整え、整理収納や家族の健康管理など、実務的な活動で活躍するでしょう。,家庭内の完璧さを求めすぎず適度なリラックスを心がけることで、家族との間に和やかな安心が生まれます。,秩序と清潔さが保たれた家庭環境を心の拠り所とし、実務的なケアで家族を支える配置。,あなたは身近な生活環境を清潔で秩序ある状態に整えることで、心の底から安らぎと安心感を得ます。家庭を安定した基盤とし、実務的なケアで周囲を支えることがあなたの心の拠り所となるでしょう。
Moon,Virgo,5,楽しみや趣味を深掘りし、改善することで心が満たされる,楽しみや創造活動では細部にこだわり、完璧に仕上げることで、心の底から満たされる喜びを感じるタイプです。,繊細な感情と技巧的な表現力で、趣味や楽しみを深く追求し磨き上げる創造力が強みです。,恋愛を分析しすぎて不安になったり、相手を批判しがちです。肩の力を抜いて、純粋に楽しむ気持ちを大切にしましょう。,感情を繊細に表現しやすく、控えめながらも上品で知的な魅力として周囲の心に残りやすいでしょう。,緻密な表現力と職人気質のこだわりで、高度な技術を要する創作活動や文芸分野で才能を発揮するでしょう。,評価を気にしすぎず創作の喜びを大切にすることで、独自性のある素晴らしい作品を生み出せます。,職人的なこだわりを持って趣味を極めることに充足感を覚え、緻密な完成度を追求して楽しむ配置。,楽しみや創造活動では細部にこだわり、完璧に仕上げることにあなたは心の底から満たされる喜びを感じます。職人的なこだわりを持って趣味を深掘りし、その完成度を追求するプロセスを楽しむでしょう。
Moon,Virgo,6,日常のルーティンを改善し、役立つことで心の安定を得る,日々のルーティンや業務を効率的に整え、役立つことを通して心の安定と安心感を得るタイプです。,優れた改善力と集中力で日々の実務を効率化し、安定した環境を管理できます。,仕事で完璧を追求しすぎて過労になったり、神経質になりやすいです。時には力を抜き、自分を労わる時間も大切にしましょう。,人の役に立つことで心が満たされ安定しやすく、細やかな気配りで支える信頼できる人として頼られるでしょう。,細部にまで気を配る能力で、どんな業務も正確かつ効率的に進め、周囲から頼りにされるでしょう。,心身の限界を超えず適度な休息をスケジュールに組み込むことで、安定した高いパフォーマンスを継続できます。,完璧なルーチンと献身的な実務に心の安らぎを感じ、役割を果たすことで自己肯定感を得る配置。,あなたは日々のルーティンや業務を効率的に整え、周囲の役に立つことを通して心の安定と深い安心感を得ます。完璧なルーチンと献身的な実務に安らぎを感じ、役割を果たすことで揺るぎない自己肯定感を育むでしょう。
Moon,Virgo,7,人との関係性を改善し、調和の中から心の安定を見出す,人との関係で細やかな気配りをすることで、心の落ち着きを感じるタイプです。,人間関係を細やかに分析し、調和を生み出す調整力と、協力して物事を進める実務力が強みです。,完璧さを求めすぎると、人間関係で相手を批判しがちです。相手のありのままを受け入れると心が穏やかになります。,一対一の関係では相手をよく見て配慮するため、誠実で気が利く人として親しまれやすいでしょう。,冷静な分析と丁寧な対応で、秘書やコンサルティングなど対人支援の分野で信頼を築きます。,相手の至らなさを優しく支える姿勢を大切にすることで、お互いを高め合える円滑な関係が築けます。,対人関係に誠実さと実務的なサポートを求め、互いの生活を整え合える相手に安心する配置。,人との関係性においては、常に相手の立場に寄り添い、細やかな気配りをすることで心の平穏を保ちます。互いの生活をより良くするための実務的なサポートや改善を通じて、深い調和と安心感を育むことができるでしょう。
Moon,Virgo,8,本質を見極め問題解決することで、精神的に再生し心を安定,深く関わる人間関係では、物事を分析し管理することで心の安定を保とうとする性質です。,鋭い心理分析と深い洞察力で物事の本質を見極め、困難を乗り越える再生理解力に優れています。,深い関係で疑念を抱きすぎると、心の疲労につながりやすいです。信じる気持ちが心の再生を助けるでしょう。,親しい相手ほど慎重に観察し、簡単には心を開かないけれど信頼できる人として映るでしょう。,深い洞察力と緻密な調査能力で、会計監査や心理分析など本質を見極める仕事で強みを発揮します。,秘密を守り真実を追求する誠実さを育むことで、深い信頼を得て大切な役割を任されるでしょう。,共有資産や深い絆を細部まで分析・管理することに安心し、実務を通じて関係を整理する配置。,深く関わる人間関係では、物事の本質を鋭く見極め、細部にわたる分析と管理を通じて心の安定を保とうとします。共有する課題を実務的に解決し、関係性を健全に再生させることで、より深い安心と心の落ち着きを得るでしょう。
Moon,Virgo,9,知の探求を深め、知識を整理改善することで心が安定する,探求した知識や考えをしっかり整理することで、気持ちが落ち着き安心するタイプです。,幅広い知識を深く探求し、物事を論理的に分析する思考力と、的確な理解力があなたの長所です。,理屈に偏りすぎると視野が狭まり、感情が不安定になりがち。多様な視点を取り入れると心が安定します。,気持ちを理路整然と整理して伝えるため、筋道の通った話し相手として受け入れられやすいでしょう。,向上心と緻密な学究心で、学問研究や実用的な知識を教える分野で活躍できるでしょう。,知識を整理し自身の信念と結びつけて発信することで、広い視野が人生を導く力強い知恵になります。,実用的で具体的な真理を学ぶことに心の充足を感じ、知識の整理整頓を通じて精神を整える配置。,知的な探求心に満ち、得た知識や情報を体系的に整理し改善を重ねることで、心は深く満たされ安定します。実用的で具体的な真理を学び、自身の思考を整然と構築していくことが、揺るぎない精神的基盤となるでしょう。
Moon,Virgo,10,社会での役割を改善し、責任を果たすことで心が満たされる,社会の中で自分の役割を責任を持って完璧に果たすことで、心の安心感を得るタイプです。,高い実務能力と責任感で、常に改善を追求し信頼できる成果を生み出すことができます。,社会での評価を気にしすぎると、完璧を求めて心が不安定に。頑張りすぎず、自分を労うことも大切です。,社会の中では感情より役割意識が強く、有能で信頼できるプロフェッショナルとして評価されやすいです。,正確な実務能力と責任感で、社会的な役割を確実に果たし信頼を得やすいでしょう。,結果だけでなく内面の充足感を大切にすることで、周囲の期待に左右されない真の自信を確立できます。,専門スキルを活かして社会に貢献することに喜びを感じ、有能な実務家として認められることで安らぐ配置。,社会の中で自身の役割を真摯に受け止め、責任感を持って完璧に果たすことに深い喜びと心の安定を見出します。専門的なスキルを活かし、有能な実務家として社会に貢献し認められることで、揺るぎない安心感を得るでしょう。
Moon,Virgo,11,仲間と協力し改善を重ね、理想を実現することで心が満たされる,仲間との集団の中で、うまく調整役として機能することで心の安定を感じる性質です。,仲間との連携を大切にし、計画的に協力しながら、実務を通して改善し実現する力があります。,完璧さを追求しすぎて、仲間を細かく批判しがちです。お互いの違いを認め合うと、心が安定します。,仲間の中では細やかな調整役になりやすく、現実的に場を支える頼れる存在として慕われるでしょう。,整理されたビジョンと実務貢献で、福祉団体など仲間と理想を追求する場で活躍します。,理想と共に現実的な改善策を仲間と形にすることで、集団の中での信頼と独自の地位がより強固になるでしょう。,共通の改善目標を持つ仲間との実務的な交流に安心し、計画的な未来を夢見ることで心が満たされる配置。,共通の改善目標を持つ仲間との実務的な協力関係において、調整役として機能することで深い心の安定を得ます。共に計画的な未来を描き、理想の実現に向けて努力を重ねるプロセスそのものが、あなたを心から満たすでしょう。
Moon,Virgo,12,潜在意識の課題を改善し、癒しのプロセスで心が落ち着く,内面で自分自身を深く分析し、感情の課題を改善していくことで心が癒されるタイプです。,自身の内面を深く見つめ分析し、精神を穏やかに整理することで、癒しを生み出す力があります。,無意識のうちに自分を批判しすぎて、不安が募りやすいです。完璧でなくても大丈夫だと自分を許すと安心です。,感情を内面で丁寧に処理し、周囲の乱れを静かに整える献身的な人として映る傾向があります。,繊細な感性と内省的な実務能力を活かし、支援活動や心理研究で癒しの力を発揮します。,内面の不安を整理し思考を書き出す習慣を持つことで、精神的な混乱を避けクリアな分析力が活かせます。,内面にある完璧主義を一人の時間で静かに調整し、人知れぬ奉仕を通じて魂を浄化する配置。,内面に深く向き合い、潜在意識にある課題を緻密に分析し改善していくことで、心の奥底からの癒しを得ます。完璧主義な傾向を静かに調整しながら、人知れぬ奉仕を通じて魂を浄化し、深い安らぎを見出すことができるでしょう。
Moon,Libra,1,自分自身の魅力と個性を調和させ、心穏やかな自分を確立,人との調和やバランスを大切にすることで、自分自身の感情を穏やかに保つタイプです。,自身の感情と個性を美しく調和させ、魅力的な社交力で周りを穏やかにする長所があります。,周りの評価を気にしすぎて自己主張が曖昧になりがちです。自分の気持ちを大切にすると、心が安定します。,感情が柔らかく洗練された形で表れるため、感じの良い人として自然と親しまれるでしょう。,洗練された社交性と調和を重んじる姿勢で、接客や広報など人を繋ぐ場で輝くでしょう。,他者の評価に依存せず自分の意志を尊重することで、内面の安定と真の対人能力が磨かれるでしょう。,洗練された美しさと社交的な振る舞いが個性に表れ、他者との調和の中で心の安らぎを得る配置。,あなたの個性は洗練された美意識と社交的な振る舞いに表れ、周囲との調和を何よりも大切にすることで心が穏やかに保たれます。他者との美しいバランスの中で、揺るぎない自分らしさを確立し、深い安らぎを感じるでしょう。
Moon,Libra,2,独自の価値観と美意識で、心を豊かに調和させる,人との良い関係や、周りからの評価によって心が満たされ、安心感を得る性質です。,独自の美的価値観と優れたバランス感覚で、物事を調和させ豊かさを生み出すことができます。,他人の目を意識しすぎて、見栄のための浪費や判断ミスが増えやすいです。本当に必要か見極める習慣が大切です。,安心できる関係や価値に美意識を求めやすく、上品でバランス感覚のある人として見られやすいです。,優れた審美眼とバランス感覚を武器に、美を追求する分野で安定した基盤を築きます。,物質だけでなく精神的な満足感を大切にすることで、経済的な安定と心の豊かさを同時に手に入れられます。,美的なセンスや人脈を活かした収入に安心感を覚え、洗練されたものを所有することで心が満たされる配置。,美的なセンスと洗練された価値観を持ち、人との良好な関係や周囲からの肯定的な評価によって心が深く満たされます。人脈や美意識を活かした豊かさを築き、上質なものを所有することで、深い安心感と心の調和を得るでしょう。
Moon,Libra,3,知的な交流を楽しみ、バランスの取れた学びで心を安定,人との対話や意見交換を通じて、自分の感情のバランスを整えることを大切にします。,相手に共感しながら対話し、バランスの取れた説得力で物事を円滑に進める調整力が強みです。,意見を合わせようとしすぎて自分の考えが曖昧になりがち。自分の意見も尊重すると、心が落ち着きます。,気持ちを対話で穏やかに整えるため、話しやすく配慮のある相手として受け入れられやすいです。,公平で洗練された会話力で、交渉や仲介、情報の美しい伝達で信頼を築きます。,論理だけでなく本音で語り合う勇気を持つことで、持ち前の説得力が温かさを増し周囲との絆が深まります。,公平で客観的な言葉を交わすことに心地よさを感じ、美的な調和をもたらす会話を好む配置。,人との対話や意見交換を通じて、知的な交流を心から楽しみ、感情のバランスを整えることを大切にします。公平で客観的な視点から美的な調和をもたらす会話を重ねることで、あなたの心は深く安定し、知的に満たされるでしょう。
Moon,Libra,4,家庭や身近な環境に調和をもたらし、安心感で心を安定,家庭や身近な居場所に調和をもたらすことで、心の底から安心感を感じる性質です。,美意識を持って家庭や環境に調和をもたらし、周囲への配慮で安心できる居場所を作るのが得意です。,家庭内で衝突を避けすぎて、優柔不断になる傾向があります。自分の意見を伝えることで、調和が深まります。,親しい人との間では穏やかな空気を保ち、場を和ませる優しい存在として親しまれるでしょう。,穏やかで調和のとれた環境づくりで、住宅デザインやサロン運営で活躍しやすいでしょう。,家族に気を遣いすぎずリラックスした時間を共有することで、精神的な自立と真の安らぎが両立できます。,洗練されたセンスで整えられた平和な家庭に安らぎ、家族間の美的なバランスを重視する配置。,家庭や身近な環境に洗練されたセンスで調和をもたらすことで、心の底から深い安心感を得ます。家族間の美的なバランスを大切にし、平和で心地よい居場所を築くことが、あなたの感情を穏やかに安定させる基盤となるでしょう。
Moon,Libra,5,美しい表現で創造性を楽しみ、調和の心で満たされる,創造的な活動や人との感情の共有を通して、心が豊かに満たされることを大切にします。,豊かな創造力と魅力的な表現力で、人との調和を楽しみながら心を満たすことができます。,恋愛で相手の評価に依存しすぎると、心が不安定になりがちです。自分自身を愛し、大切にすると良いでしょう。,感情が美的感覚や魅力となって表れ、柔らかく華のある素敵な人として印象に残りやすいでしょう。,卓越したセンスと社交性を活かし、デザインなどクリエイティブな分野で才能を発揮します。,楽しみを人と比較せず純粋な喜びを追求することで、一時の流行に左右されない確かな実績を築けます。,優雅な社交や洗練された恋愛に感情が躍り、美的な調和を大切にした自己表現を楽しむ配置。,優雅な社交や洗練された恋愛、そして創造的な活動を通じて、あなたは心から深い喜びと満足感を得ます。美的な調和を大切にした自己表現を楽しむことで、感情が豊かに満たされ、心が穏やかに安定するでしょう。
Moon,Libra,6,日常業務に調和をもたらし、人との協力で心が安定する,日々の生活や仕事の中で、人との協調を大切にすることで心が安定するタイプです。,日常の実務を協調性を持って進め、優れた調整力と改善力で円滑な働き方を生み出します。,仕事で決断を先延ばしにしやすく、責任を回避しがちです。自分の判断を信じると、自信が持てるでしょう。,人との調和を大切にしながら動き、感じよく周囲を支える協調性のある人として見られやすいでしょう。,周囲との調和を大切にし、協力しながら円滑に業務を進めることができるでしょう。,自分を犠牲にせず適度な自己主張を心がけることで、安定した高いパフォーマンスを継続できるでしょう。,平和で美しい職場環境の中で働くことに充足感を感じ、対人関係の調整役を担うことで安心する配置。,日々の業務や生活において、人との協調性を何よりも大切にし、調和のとれた環境を自ら作り出すことで心が安定します。平和で美しい職場環境の中で対人関係の調整役を担うとき、あなたは深い充足感と安らぎを得るでしょう。
Moon,Libra,7,素晴らしい人間関係を築き、パートナーシップで心が安定,素晴らしい人間関係やパートナーシップの調和によって、心が穏やかに安定する性質です。,持ち前の社交性と魅力で人間関係を調和させ、協調性をもって素晴らしい関係を築くのが得意です。,他人に合わせすぎて依存関係になりやすいので、自分の軸を持つことを意識すると人間関係が調和します。,一対一の関係では相手との均衡を大切にし、対等で心地よいパートナーとして映る傾向があります。,高い対人折衝のセンスと公平な視点で、営業やコンサルティングなど人と組む仕事で大成します。,相手に合わせすぎず対等に話し合うことを意識することで、真の相互理解に基づいた関係が築けます。,パートナーシップの調和を心の拠り所とし、常に鏡のような相手との対話を通じて安らぎを得る配置。,あなたの心は、素晴らしい人間関係やパートナーシップの調和によって穏やかに安定します。鏡のように互いを映し出す相手との対話を通じて深い均衡を保ち、その関係性が心の揺るぎない拠り所となるでしょう。
Moon,Libra,8,人との絆を深め、変化の渦を調和的に乗り越えて心を安定,深い人間関係では、常にバランスと公平性を保つことで心の安定を求めるタイプです。,人の心理を深く理解し関係性を洞察することで、調和を保ちながら深い絆を築ける調整力があります。,人との深い関係で、相手に合わせすぎて自分の感情が揺らぐことも。自分の心を守る意識を持つと安心です。,深い関係でも感情のバランスを保とうとするため、穏やかに心を交わす人として信頼されやすいでしょう。,物事の本質と関係性のバランスを見抜き、カウンセリングや交渉で深い絆を築き強みを発揮します。,境界線を明確に保ち信頼関係を築くことで、個人の力を超えた大きな変容や成果を社会に提供できるでしょう。,共有資産や絆を公平な視点で管理することに安心し、調和のとれた深い関係性を求める配置。,深い人間関係において、常にバランスと公平性を保つことを大切にし、それを通じて心の安定を求めます。共有する絆やエネルギーを調和的な視点で管理することで、変化の渦を穏やかに乗り越え、より深い関係性を築き上げていくでしょう。
Moon,Libra,9,精神的な探求を深め、普遍的な調和を見つけて心を安定,価値観や思想を探求する際も、調和と多角的な視点を大切にすることで心が安定します。,異なる思想を調和させ、深い対話を通じて物事を多角的に理解できる知的な探求力が強みです。,信念が曖昧になり、周りの意見に流されやすい傾向があります。自分の価値観を大切にすると、心が安定します。,自分の感じたことを対話を通して広げ、視野の広い魅力的な話し相手として好感を持たれやすいです。,高い美意識と理想を追求する精神で、教育や出版など洗練された思想を広める役割を担います。,抽象的な理想を具体的な生活習慣に落とし込むことで、力強い知恵となり周囲への影響力も高まるでしょう。,普遍的な平和や美意識を真理として追求することに安らぎ、精神的なバランスを学びで整える配置。,精神的な探求を深め、価値観や思想を多角的な視点から考察することで、心は深い安らぎを見出します。普遍的な平和や美意識を真理として追求し、学びを通じて内なるバランスを整えることが、あなたの感情の安定に繋がるでしょう。
Moon,Libra,10,社会的な役割の中で、調和を大切に心が安定する,社会的な場での人間関係や、周りからの良い評価が心の安心感につながるタイプです。,社交性と優れた調整力で社会的な調和を生み出し、周りからの信頼を自然に集めることができます。,社会的評価を気にしすぎて、決断を避けてしまうことがあります。自分の責任を果たす勇気を持つと良いでしょう。,社会的な場では感情の見せ方が上手で、品のある対人感覚を持つ人として高く評価されやすいでしょう。,優れた調整力と対人対応で、社会的な役割の中で調和をもたらし信用を得やすいでしょう。,世間体や評価に惑わされず信念に基づいて行動することで、周囲から心から敬愛されるリーダーになれるでしょう。,社交性と美的イメージを社会的な顔として活かし、周囲からの評判や好感度に安心感を得る配置。,社会的な場では、周囲との調和を何よりも大切にし、良好な人間関係を築くことで心が安定します。自身の社交性と洗練された美的イメージを活かし、周囲からの高い評価や好感度を得ることで、深い安心感を抱くでしょう。
Moon,Libra,11,仲間との調和を育み、安心できる居場所を作る,仲間との集団の中で関係性のバランスを取り、調和を育むことで心が安心する性質です。,仲間との調和を大切にし、協力して未来を築く企画力と、人を惹きつける社交力が長所です。,仲間との関係で迎合しすぎると、自分の意見を見失いがちです。自分らしさを出すことで、より良い関係が築けます。,仲間の中では自然に人をつなぎ、グループの空気を整える調和的な存在になりやすいでしょう。,平和的な対人センスと広いネットワークで、仲間と調和するグループ活動で輝かしいでしょう。,現状に満足せず仲間と共に新しい価値を創造することで、理想とする未来をより確実に形にできるでしょう。,洗練された仲間との調和あるネットワークに喜びを感じ、平和で美しい未来を共に夢見る配置。,洗練された仲間たちとの調和あるネットワークの中に、あなたは深い心の安定と喜びを感じます。集団の関係性においてバランスを取り、共に平和で美しい未来を夢見ながら、安心できる居場所を築き上げていくでしょう。
Moon,Libra,12,内面と向き合い調和を保ち、心の安らぎを見つける,内面で人との関係性や調和について深く考えることで、心の安らぎを見つけるタイプです。,豊かな想像力と共感力で、自身の精神を調和させ、内面から深い心の安らぎを生み出します。,現実から目を背けて、自己が曖昧になりがちです。自分の内面と向き合う時間を設けると、心が落ち着きます。,表では控えめでも内面では調和を強く求め、静かに関係を整える優しい人として映るでしょう。,目に見えない不安を調和させる力や芸術的感性で、カウンセリングや裏方で力を発揮します。,一人の時間を大切にし内面を整える習慣を持つことで、周囲に左右されずクリアな直感が活かせるでしょう。,内面にある高い美意識を一人の時間で静かに慈しみ、目に見えない次元の調和を心の支えにする配置。,あなたは内面に秘めた高い美意識を一人の時間で静かに慈しみ、人との関係性や調和について深く思索することで心の安らぎを見つけます。目に見えない次元の調和を心の支えとすることで、内なる平和が保たれていくでしょう。
Moon,Scorpio,1,深い自己探求を通して、確固たる感情の基盤を築く,感情が深く強く揺れ動きやすく、内面に秘めたパワフルなエネルギーを持つタイプです。,自身の感情を深く洞察し、強い意志力で変容を恐れず、常に再生する力に優れています。,感情が極端になりやすく、執着や嫉妬心が強まりがちです。自分の心を解き放つ時間を持つと安心です。,感情の深さが雰囲気ににじみ出るため、静かでも強い印象を残す存在として見られやすいでしょう。,強い意志と鋭い洞察力で、物事の本質を追求する専門職で確かな個性を発揮します。,内なる激しい感情を建設的な情熱に変えることで、持ち前のカリスマ性が周囲に安心感を与える力になるでしょう。,底知れない洞察力と強烈な意志が雰囲気として漂い、本質を深く掘り下げることで心の安定を得る配置。,あなたの感情は深く強く揺れ動く性質を持ち、底知れない洞察力と強烈な意志を内面に秘めています。自己の本質を深く探求し、人生の強い体験を乗り越えることで、揺るぎない感情の基盤を築き、心の安定を得るでしょう。
Moon,Scorpio,2,深い洞察力で価値を見極め、心の安定と豊かさを得る,自分の価値あるものや財産に対して、強い執着心と守ろうとする意識を持つ性質です。,深い洞察力で物事の本質的な価値を見極め、粘り強い集中力で豊かさを生み出す強みがあります。,物やお金への執着が強くなると、不信感を生みやすいです。手放すことで、心が豊かになります。,安心できるものへの執着が強く、簡単には揺らがない芯のある人として周囲に映るでしょう。,本質を見抜く深い洞察力で、金融や資産運用など価値を扱う分野で安定した基盤を築きます。,所有への執着を緩め資源を循環させる意識を持つことで、物質的な安定と深い精神的な満足感を両立できます。,揺るぎない富や絶対的なリソースを独占することに安心感を覚え、生存本能に基づく蓄財を好む配置。,あなたは深い洞察力で物事の本質的な価値を見極め、揺るぎない富や絶対的なリソースを築き上げることに強い意欲を燃やします。価値あるものへの深い執着心と守ろうとする本能を満たすことで、心は深く安定し、真の豊かさを得るでしょう。
Moon,Scorpio,3,深く学び探求することで、感情の安定と理解を深める,言葉の奥にある本質や真実を感じ取ることで、感情が深く揺れ動くタイプです。,深い探究心と心理理解に基づき、物事の本質を洞察力に満ちた言葉で伝える力に優れています。,疑念にとらわれすぎると、思考が深く絡まりがちです。心をオープンにすると、新たな発見があるでしょう。,言葉に感情の重みが宿り、深く本音を探る話し方をするため、誠実な人として受け取られやすいです。,鋭い分析力と重みある言葉で、調査や研究、本質を突く対話で深い信頼関係を築きます。,批判だけでなく他者の良い面を見出す努力をすることで、持ち前の説得力が温かさを増し影響力も高まります。,言葉の裏を読み取り真実を暴き出す対話に充足を感じ、深入りした情報交換を好む配置。,あなたは言葉の奥に秘められた本質や真実を深く感じ取り、知的な探求を通じて感情の安定と深い理解を求めます。表面的な情報交換に留まらず、真実を暴き出すような対話に充足を感じることで、心の奥底が満たされるでしょう。
Moon,Scorpio,4,家庭や心の基盤を深く見つめ、揺るぎない安心感を築く,内面に深い感情を抱えやすく、自分の心の基盤や家庭を強く守ろうとする性質です。,家庭や大切な居場所に深い愛情を注ぎ、揺るぎない基盤を築き守り抜く強さがあります。,家族への感情が極端になりがちなので、適度な距離感を意識すると、心の安心感が深まります。,親しい相手には特に強い情が向き、守りも結びつきも深い信頼できる人として見られやすいでしょう。,家族や基盤への深い献身と守り抜く力で、家業再建や心理的安全に関わる仕事で発揮します。,内面の激しい感情を家族にぶつけず穏やかに接することで、家庭内の信頼が深まり揺るぎない安心感が生まれます。,血縁の因縁や深い絆の中に魂を沈めることに安らぎ、家庭を誰にも侵されない聖域とする配置。,あなたは内面に深い感情を抱えやすく、家庭や心の基盤を何よりも大切にし、強く守ろうとします。血縁の因縁や深い絆の中に魂を沈めるような安らぎを見出し、家庭を誰にも侵されない聖域とすることで、揺るぎない安心感を築くでしょう。
Moon,Scorpio,5,深い情熱で創造性を表現し、心の充実と安定を得る,強い感情や情熱を創造的に表現することで、心が深く満たされることを大切にします。,内なる情熱と集中力で、魅力的かつ独創的な表現を生み出し、創造性を発揮できます。,恋愛に執着しすぎると、嫉妬や支配欲が芽生えやすいです。相手を信頼し、自由を尊重すると良いでしょう。,感情が濃く表現に乗りやすいため、強い引力を持つ魅力的な人として印象に残りやすいでしょう。,情熱的で深みのある創造性を活かし、芸術やエンタメなど一点集中のクリエイティブで開花させます。,他者の評価に左右されず魂が震える表現を追求することで、時代を超えて人の心に響く作品を生み出せるでしょう。,命がけの情熱を創作や恋愛に注ぐことで感情が昂り、深淵を覗くような表現を好む配置。,あなたは内に秘めた深い情熱を、創作活動や恋愛といった創造的な表現に注ぎ込むことで、心が深く満たされます。命がけで対象に没入し、深淵を覗くような表現を通じて感情を解き放つことが、心の充実と揺るぎない安定をもたらすでしょう。
Moon,Scorpio,6,日々の実務に深く取り組み、心の安定と秩序を築く,日常の業務や生活の中で、自分の感情をコントロールし、管理しようとするタイプです。,日々の実務に深く集中し、課題を徹底的に改善することで、安定と秩序を生み出す力があります。,仕事への執着が強すぎると、心身の疲労につながりがちです。適度な休息で、効率もアップします。,感情を表に出しすぎず役割へ注ぐため、何事にも本気で向き合う信頼できる人として頼られやすいでしょう。,日々の実務に集中して深く取り組むことで、質の高い成果を生み出しやすいでしょう。,完璧を求めすぎず適度なゆとりを持つことで、安定した高いパフォーマンスを継続できるでしょう。,組織の根本的な問題を解決する過酷な仕事にやりがいを感じ、極限の献身によって心が満たされる配置。,あなたは日々の実務や生活の中で、自身の感情を深くコントロールし、秩序だった状態を保つことを大切にします。組織の根本的な問題を解決するような過酷な仕事に極限の献身で取り組み、その達成感を通じて心の安定と深い充足感を得るでしょう。
Moon,Scorpio,7,信頼できる相手と深い絆を結び、心の安定を得る,対人関係では、信頼できる相手と深く密接な絆を結ぶことで心の安定を得る性質です。,人間関係を深く洞察し、揺るぎない忠誠心で相手と深い信頼関係を築く力に優れています。,人間関係で相手を支配しようとすると、執着を生みやすいです。相手を尊重することで、深い絆が生まれます。,一対一の関係では感情的な結びつきを深く求め、真剣に関わる相手として映る傾向があります。,深い洞察力と真実を求める姿勢で、カウンセリングなど信頼関係が鍵となる場で力を発揮します。,相手をコントロールせず尊重し合うことで、お互いを高め合える究極のパートナーシップが築けるでしょう。,運命を感じる濃密な絆をパートナーに求め、相手との一体化を通じてのみ魂の安らぎを得る配置。,あなたは対人関係において、信頼できる相手と深く密接な、運命的な絆を結ぶことに心の安定を見出します。パートナーとの絶対的な一体感を通じてのみ、魂の奥底からの安らぎを得ることができるでしょう。
Moon,Scorpio,8,深い変容を経験し、感情を再生させ心の安定を築く,人との深い関係性や共有体験の中で、感情が大きく揺さぶられ変化していくタイプです。,鋭い洞察力で物事の核心を見抜き、困難から精神的に再生する強靭な心があなたの長所です。,極端な思考に陥りやすく、破壊的な衝動が生まれることも。感情をコントロールすることで、再生へと繋がります。,親密になるほど感情の深さが際立つため、濃密で変化を伴う関係を築きやすいでしょう。,組織の深部を理解し再生させる力で、資産運用や心理療法など変革の現場で真価を発揮します。,深い融合への恐怖を克服し変容を受け入れることで、個人の力を超えた大きな成果を社会に提供できるでしょう。,共有するエネルギーや絆に深く依存し、死と再生を繰り返すような濃密な体験に安心する配置。,あなたは人との深い関係性や共有するエネルギーの中で、感情が大きく揺さぶられる経験を通じて変容を遂げます。死と再生を繰り返すような濃密な体験に深く没入することで、感情は再生し、心の奥底に揺るぎない安定を築き上げていくでしょう。
Moon,Scorpio,9,深い探求心で真実を追求し、精神的な安定を得る,自分の信念や思想に対して、深く感情的に関わることで精神的な安定を得るタイプです。,揺るぎない信念と深い探究心で、真実を見極める洞察力を持ち、学びを深めることができます。,自分の信念に執着しすぎると、視野が狭まりがちです。多様な考えを受け入れると、心が安定します。,自分の感じたことを深い信念として語るため、簡単には揺らがない力強い人として見られやすいでしょう。,真理を追求する探究心と向上心で、学問や神秘的な分野で深い信念をもって影響を与えるでしょう。,知識を深めるだけでなく現実社会に活かす意識を持つことで、広い視野が人生を導く力強い知恵となるでしょう。,生と死、宇宙の神秘といった深遠な真理を学ぶことに安らぎ、精神の深掘りを追求する配置。,あなたは深い探求心を持って生と死、宇宙の神秘といった深遠な真理を追求することに精神的な安らぎを見出します。自身の信念や思想に感情的に深く関わり、極端な体験や理解を通じて精神を深掘りすることで、揺るぎない安定を得るでしょう。
Moon,Scorpio,10,社会的な使命を深く追求し、心の安定と充実を築く,社会的な場では、内に秘めた強い感情や意志を持って物事に関わることを大切にします。,強い意志力と統率力で社会的な役割を深く追求し、困難な状況から再生し成果を生み出すことができます。,社会的評価や権力に執着しすぎると、心が不安定になります。本当に大切なものを見つめ直すと安心です。,社会の中でも感情の集中力がにじみ出るため、迫力のある印象的な人として強く記憶に残るでしょう。,粘り強さと深い影響力で、社会的な使命を追求し、重要な役割を担いやすいでしょう。,肩書きに固執せず内面の誠実さを磨くことで、周囲から心から尊敬されるリーダーとしての地位を確立できます。,社会的な裏側をコントロールする役割に誇りを感じ、徹底した支配力を持つことで心が安定する配置。,社会的な場では、内に秘めた強い感情と意志を持って物事の本質に関わり、自らの使命を深く追求します。社会の裏側をコントロールするような役割に誇りを感じ、徹底した支配力を持つことで、心は深く安定し、充実感を得るでしょう。
Moon,Scorpio,11,仲間と深い絆で繋がり、安心できる心の居場所を作る,仲間との集団の中では、相手の本質を見抜きながら感情を動かすことで安心します。,仲間との深い信頼で結束し、どんな困難も共に乗り越え、安心できる居場所を作る力があります。,仲間関係で支配的になったり、閉鎖的になったりしやすいです。心を開くことで、深い繋がりが生まれます。,仲間とのつながりも表面的には終わらず、グループの核になるような情熱的な存在になりやすいでしょう。,深い共感と強い連帯感を活かし、社会変革やボランティア活動など仲間と絆を深める場で活躍します。,既存の枠を恐れず仲間と共に未来へ変容することで、理想とする社会をより確実に形にできるでしょう。,強い信念を共有する同志との深い結束に喜びを感じ、社会を根底から変える未来を夢見る配置。,強い信念を共有する同志たちとの深い結束の中に、あなたは心からの喜びと安心感を見出します。仲間との関係においては相手の本質を見抜き、社会を根底から変えるような未来を共に夢見ることで、揺るぎない心の居場所を築き上げるでしょう。
Moon,Scorpio,12,内面の深い部分と向き合い、心の安らぎと癒しを得る,内面に強い感情や無意識の領域を深く抱え込みやすく、それと向き合うタイプです。,深い精神洞察と鋭い直感理解で、内面の奥底から癒しと心の安らぎを生み出すことができます。,内面の秘密に執着し、孤立しがちです。自分の心を癒すために、信頼できる人に話すのも良いでしょう。,感情を深く内に抱えつつ静かな迫力があるため、簡単に読めない魅力的な人として映るでしょう。,内面の深い部分と向き合い、癒やしや芸術を通して人々の心に寄り添う力があります。,内面の深い感情を恐れず静かに内省することで、精神的な混乱を避け清らかな直感を活かせるでしょう。,内面にある強烈な情念を一人の時間で静かに変容させ、目に見えない次元で深い癒やしを体験する配置。,あなたは内面に抱え込んだ強い感情や無意識の領域に深く向き合い、一人の時間で静かにそれらを変容させていきます。目に見えない次元で深い癒しを体験するプロセスを通じて、心の奥底からの安らぎを見出すことができるでしょう。
Moon,Sagittarius,1,理想を追い求め自己を探求し、心の安定と成長を実感する,自分の直感を信じ、自由な心で新しい世界を広げていくことを大切にするタイプです。,視野を広げ感情を探求し、理想への直感と行動力で、揺るぎない自己表現ができる強みです。,楽観的すぎて理想に偏ると考えが散漫になり、心が揺れやすいかもしれません。現実的な視点を取り入れると安定します。,感情表現がのびやかで率直なため、周囲からは前向きで開放的な人として受け入れられやすいでしょう。,高い向上心と自由な行動力で、新規事業や海外など広い視野が求められる場で輝くでしょう。,楽観性と現実的な視点を合わせ持つことで、あなたの推進力がより確かな成果につながります。,無限の自由と楽観的な精神がそのまま個性に表れ、未知の世界へ挑戦し続けることで心が安定する配置。,あなたは直感を信じ、新しい世界を自由に探求することで心が満たされる方です。未知への挑戦を通じて視野を広げ、常に成長し続けることで深い安心感を育むでしょう。
Moon,Sagittarius,2,自分の才能を活かし自由な探求で、心の豊かさを得る,自分の才能や可能性を信じ、自由に挑戦することで心の豊かさを感じる性質です。,広い視野で理念的な価値観を育み、感情豊かに直感で財を築き、心の豊かさを得られる強みです。,理想を追い求めるあまり、価値観が甘くなり浪費しがちです。本当に必要なものか一度立ち止まって考えると安心です。,心が安心できる状況に自由と広がりを求めるため、おおらかな人という印象を与えやすいでしょう。,広い視野と知的好奇心で、海外や教育分野など新たな価値を創造し収益基盤を築きます。,手元の資源を守りつつ、新しい可能性に投資し続けることで、経済的な安定と心の自由を得られます。,精神的な自由を確保するための富を大胆に稼ぐことに安心し、広い視点で所有を捉える配置。,あなたは自身の才能と無限の可能性を信じ、自由に挑戦することで心が満たされる方です。大胆に新しい価値を創造し、精神的な自由を確保できたときに、揺るぎない安心感を得るでしょう。
Moon,Sagittarius,3,探求心を持って学びを深め、心の安定と成長を育む,自分の考えや感じたことを、オープンな心で周りの人に積極的に伝えようとするタイプです。,広い視野と探求心で学びを深め、感情を安定させながら、あなたの思想を発信できる強みです。,楽観的になりすぎると、考えが軽率になり誇張した発言をしがちです。言葉を発する前に一呼吸置くことを意識すると良いでしょう。,気持ちを明るく言葉にする傾向があり、話す相手の視野を広げる存在として好まれやすいでしょう。,高い知的好奇心と明快な伝達力で、教育や出版など知識を広めるコミュニケーションで信頼を得るでしょう。,深い知識を相手に寄り添う言葉で伝えることで、あなたの説得力が多くの心に響く知恵となります。,壮大な理想や哲学を語り合うことに心の充足を感じ、知的なフロンティアを求めて発信する配置。,あなたは自身の考えや感じたことをオープンな心で共有することで、心の安定と成長を実感するでしょう。壮大な理想や哲学を探求し、知的なフロンティアを広げることで、魂が深く満たされます。
Moon,Sagittarius,4,心の基盤を広げ、自由な精神で安心感を見つける,自分の居場所には自由な雰囲気や開放感を求め、変化を楽しみながら心を安定させる性質です。,広い視野と信念で基盤を築き、自由な思想と感情で、揺るぎない心の安心感を見つけるのが得意です。,自分の信念を優先しすぎると、家族の意見を軽視したり押し付けがましくなることも。相手の気持ちを尊重すると調和しやすくなります。,親しい関係でも自由を大切にするため、お互いに心地よい風通しのよい関係を築きやすいでしょう。,自由な発想と探求心で、在宅研究や海外と繋がる活動など、家を学びの場として活躍しやすいでしょう。,家庭に落ち着いた空間を作ることで、外への好奇心と内面の安らぎがバランスよく両立できます。,家庭を「精神の遠征の拠点」と捉え、束縛のない自由で開放的な家庭環境に安らぐ配置。,あなたは自分の居場所に無限の自由と開放感を求め、そこを心の基盤とすることで深い安心感を得ます。変化を恐れず、常に新しい価値観を取り入れることで、精神的な豊かさが育まれるでしょう。
Moon,Sagittarius,5,自由に創造性を表現し、心の底から喜びと安定を得る,新しい挑戦や冒険心から喜びを見出し、心を自由に表現していくことで満たされるタイプです。,視野を広げ理想を追求する創造力と、情熱的な表現力で、心の底から喜びと安定を味わえる魅力があります。,恋愛において理想を追い求めすぎて、感情が不安定になりがちです。気分任せにせず、現実的な視点を持つと安心です。,感情を表現する際ものびやかで、明るく魅力的な人として周囲の印象に残りやすいでしょう。,溢れる創造性と冒険心で、旅行企画やスポーツなど自由な発想を形にする分野で才能を輝かせます。,楽しみを分かち合うことで、一時的な情熱も普遍的な価値ある作品や実績へと昇華されるでしょう。,ダイナミックな冒険や高度な学びを楽しみ、自らの理想をスケール大きく表現することで心が躍る配置。,あなたは新しい挑戦やダイナミックな冒険を通して、心の底から深い喜びを感じる方です。自らの理想を自由に表現し、創造性を最大限に発揮することで、精神的な安定と充実を得るでしょう。
Moon,Sagittarius,6,実務に探求心と意味を見出し、心の安定と充実を築く,日々の生活や仕事の中に、常に新しい発見や成長の機会を求めて心の充実を図る性質です。,広い視野と探求心、学習意欲で日常や実務の改善に取り組み、心の安定と充実を築けるのが強みです。,理想を追い求めるあまり仕事が飽和状態になり、継続が難しくなることも。一つずつ着実にこなすことを意識すると安心です。,日常や仕事に前向きな姿勢で取り組み、周囲の気分を明るくする存在として見られやすいでしょう。,探求心を活かし、裁量の大きい自由な環境で、日々の業務に意欲的に取り組むことで力を発揮しやすいでしょう。,日々の細かな作業にも高い目的意識を持つことで、安定した高いパフォーマンスを継続できます。,高い目的意識を持って広報や教育の仕事に邁進することに喜びを感じ、現場を活気づける配置。,あなたは日々の実務や仕事の中に、常に新しい発見と成長の機会を求めることで心が満たされます。高い目的意識を持って探求を深め、現場を活気づけることで、心の安定と揺るぎない充実感を築くでしょう。
Moon,Sagittarius,7,自由な対人関係の中で、心の安らぎと成長を見つける,人との出会いを大切にし、多様な交流を通して新しい価値観や知識を得て心が満たされるタイプです。,広い視野と探求心で人間関係を深め、理念ある対話と理解力で、心の安らぎと成長を見つけることができます。,自分の信念を強く持ちすぎて、相手の意見を軽視しがちです。多様な考えを受け入れることで、人間関係がより円滑になります。,一対一の関係でも自由で率直なやり取りを好むため、気楽で風通しの良い相手として映りやすいでしょう。,オープンな社交性と交渉力で、国際ビジネスや広報など、自由な関係の中で活躍できるでしょう。,相手を尊重しつつ、あなたの意志を誠実に伝えることで、刺激し合える強固な関係が築けるでしょう。,互いの自由を尊重し高め合える関係に安らぎ、共に未知の世界を旅するパートナーを求める配置。,あなたは自由でオープンな対人関係の中でこそ、心の安らぎと豊かな成長を見出す方です。多様な出会いを通じて新しい価値観や知識を吸収し、互いを高め合える関係性の中で深い充足感を覚えるでしょう。
Moon,Sagittarius,8,変容を恐れず探求し、心の自由と安定を手に入れる,人と深く関わる中でも、お互いの成長や探求心を大切にすることで心の安定を得る性質です。,視野を広げ精神を探求し、再生の思想と洞察力で、心の自由と安定をしっかりと手に入れられる強みです。,信念に執着しすぎると、考え方が極端になり現実から逃避しがちです。柔軟な思考を持つことで心の安定に繋がります。,深い関係でも心をオープンにし、本音で語りながら前向きな変化を求めやすい傾向があります。,物事の本質を見抜く探求心で、哲学や金融、人々の精神的な再生を支える仕事で活躍できるでしょう。,深いレベルで知恵を分かち合う誠実さを育むことで、社会に大きな変容をもたらすことができます。,信念を共にする深い絆を通じて精神を拡張することに安心し、死生観を哲学的に昇華する配置。,あなたは深く関わる人間関係の中で、お互いの成長と探求心を尊重することで心の安定を得ます。変容を恐れず、信念を共にする絆を通じて精神を拡張していくことで、真の自由と安らぎを手に入れるでしょう。
Moon,Sagittarius,9,探求を深めることで、精神的な安定と心の成長を実感する,自分の信念や理想を追求し、それを共有することで心の広がりと精神的な安定を感じるタイプです。,広い視野と探求心で学びを深め、哲学的な感情と理念の力で、心の安定と成長を実感できるのが強みです。,楽観的になりすぎると、思想を誇張し現実を軽視しがちです。視野を広げつつも、地に足をつけて考えることを心がけましょう。,感じたことを理想や信念に重ねて語るため、価値観を共有できる対話を楽しみやすいでしょう。,高い理想と冒険心で、学問や法律、海外活動を通じて多くの人々にインスピレーションを与えるでしょう。,知識を行動に移す意識を持つことで、あなたの広い視野が社会を導く力強い知恵へと進化します。,普遍的な真理や遠い世界の文化に触れることに深い安らぎを感じ、学びを通じて魂を解放する配置。,あなたは自身の信念や理想を深く追求し、普遍的な真理を探求することで精神的な安定を得ます。遠い世界の文化や哲学に触れ、魂が解放されるような学びを通じて、心の広がりと豊かな成長を実感するでしょう。
Moon,Sagittarius,10,社会的な理想を探求し、心の安定と充実を築く,社会の中で自分の理想や目指す方向性を見つけ、それに情熱を注ぐことで心が満たされる性質です。,視野を広げ探求心で社会的な理念を追求し、指導的な感情で、心の安定と充実を築き上げるのが強みです。,独善的な理想を優先しすぎて、現実とのギャップに心が揺れることも。謙虚な姿勢を心がけると、安定した評価に繋がります。,社会的な場では明るい感情表現が目立つため、周りからは前向きで魅力的な人として受け取られやすいでしょう。,広い視野と理想を求める発信力が評価され、社会的キャリアの中で重要な役割で活躍しやすいでしょう。,肩書きよりも内なる真理に従い行動することで、心から尊敬される真の指導者となれるでしょう。,高い専門性やビジョンを持って社会を先導することに誇りを感じ、広い影響力を持つ地位に安らぐ配置。,あなたは社会の中で自らの理想と目指す方向性を見出し、情熱を注ぐことで心が深く満たされます。高い専門性と壮大なビジョンを持って社会を先導していくことに、揺るぎない安心感と充実感を築くでしょう。
Moon,Sagittarius,11,理想を共有する仲間と、心穏やかな時間を過ごす,仲間と自由に語り合い、未来への理想やビジョンを共有することで心の穏やかさを感じるタイプです。,広い視野と発想力で理想を共有する仲間と交流し、互いを鼓舞し、心穏やかな時間を過ごせるのが強みです。,理想を追い求めるあまり計画が甘くなりがちで、周囲の意見を軽視することも。皆で協力し、現実的な目標設定が大切です。,仲間の中では空気を広げる存在になり、グループに心地よい開放感をもたらす傾向があります。,自由な精神と理想を共有し、グローバルなコミュニティ活動で仲間と共に中心的な役割を担います。,自由を大切にしつつ仲間と協力することで、あなたのビジョンが多くの支持を得て形になります。,世界中の仲間と理想の未来を語り合うことに喜びを感じ、博愛的なネットワークの中で心が満たされる配置。,あなたは未来への理想やビジョンを仲間と自由に語り合い、共有する中で心穏やかな時間を得ます。博愛的なネットワークの中で志を共にする人々との交流を楽しむことで、心が深く満たされるでしょう。
Moon,Sagittarius,12,精神世界を探求し、静かに心を落ち着かせる,自分の内なる理想や深い信念を探求し続けることで、心の平和と精神的な成長を感じるタイプです。,広い視野で精神を探求し、直感的な哲学と豊かな想像力で、内面と向き合い、静かに心を落ち着かせられます。,理想に囚われ現実から逃避し、考えがまとまらず孤立しがちです。内面と向き合い、心の静けさを保つ時間を大切にしましょう。,表では控えめでも内には理想と自由への欲求があり、静かに視野の広い人として映りやすいでしょう。,豊かな想像力と精神的自由を追求し、癒やしや芸術を通じて普遍的な価値を届ける分野で力を発揮します。,静寂の中で内面を整える習慣を持つことで、現実で活かせる宇宙的な知恵があなたに湧いてくるでしょう。,内なる自由への憧れを瞑想や独り旅で静かに深め、宇宙的な意識と繋がることで魂が安定する配置。,あなたは内なる理想や深い信念を静かに探求し続けることで、心の平和と精神的な成長を実感します。瞑想や独り旅を通じて宇宙的な意識と繋がり、魂の安定と深い安らぎを得るでしょう。
Moon,Capricorn,1,着実に目標を達成し、自分に自信が持てる,感情的になりすぎず、常に現実を見据えながら自分自身を着実にコントロールしていくタイプです。,責任感と実行力で着実に物事を構造化し、忍耐強く感情を安定させ、自信を持って自己表現できる強みです。,感情を抑え込み悲観的になりがちで、支配的になってしまうことも。素直な気持ちを表現すると、心が穏やかになります。,感情が引き締まった形で表れやすく、落ち着いた責任感のある人として周囲から見られやすいでしょう。,実務的な管理能力と強い責任感で、組織の基盤作りや長期計画の遂行において信頼を勝ち取るでしょう。,感情を素直に表現する習慣を持つことで、あなたの誠実さが周囲に温かく伝わるようになります。,落ち着きと強い責任感がそのまま雰囲気として表れ、目標を計画的に達成することで心の平安を得る配置。,あなたは感情的になることなく、常に現実を見据えながら着実に自分自身をコントロールしていく方です。計画的に目標を達成し、具体的な成果を積み重ねることで、揺るぎない自信と心の平安を得るでしょう。
Moon,Capricorn,2,努力の成果がお金となり、心穏やかな日々を送る,努力の積み重ねで得た確かな財産や成果が、心の安定と安心感につながると感じるタイプです。,構造化して努力を着実に積み重ね、優れた計画感覚と資産管理能力で、心の安定と経済的な豊かさを築けます。,金銭に執着し保守的になりすぎると、心の停滞を招きがちです。新しい価値観を取り入れることで、豊かさが増します。,心が安心できるものを現実的に確保するため、堅実で信頼できる人という印象を与えやすいでしょう。,優れた経済感覚と堅実な管理能力で、財務や不動産など伝統的な事業で安定した基盤を築きます。,物質的な成功と心の充足に目を向けることで、経済的な安定がより確かな安心感へと変わります。,確かな社会的実績や伝統的な資産を所有することに安心し、実利的な管理を徹底する配置。,あなたは日々の努力の積み重ねによって得られた確かな財産や具体的な成果に、深い安心感を覚える方です。実利的な管理を徹底し、着実に実績を築き上げていくことで、心穏やかな日々を送り精神的な安定を得るでしょう。
Moon,Capricorn,3,計画的に知識を深め、論理的な対話で心が安定する,感情的にならずに現実的な視点から物事を捉え、論理的で分かりやすく表現することを大切にするタイプです。,現実的な思考と計画的な対話力で、着実に物事を構造化して伝え、感情を安定させながら説得力を発揮できます。,考え方が硬直して批判的になり、悲観的な発言をしがちです。柔軟な視点を持つことで、前向きな対話が生まれます。,気持ちを言葉にする際も慎重さが表れ、筋の通った話し方をする人として受け取られやすいでしょう。,論理的で正確なコミュニケーションで、実務教育や伝統的な知識の伝達において高い評価を得るでしょう。,柔軟な思考と相手に寄り添う言葉を選ぶことで、あなたの説得力が円滑な協力関係を生み出します。,正確で役に立つ情報を秩序立てて伝えることに心地よさを感じ、無駄のない責任ある対話を好む配置。,あなたは感情的にならず現実的な視点から物事を捉え、計画的に知識を深めることで心が安定します。正確で秩序立てた論理的な対話を大切にし、無駄なく責任あるコミュニケーションを通じて、精神的な充足感を得るでしょう。
Moon,Capricorn,4,堅実に居場所を確立し、揺るぎない安心感を得る,自分の家庭や居場所では、責任感を持って役割を果たすことが心の安定につながると感じるタイプです。,堅実に物事を構造化して積み上げる安定力と責任感で、感情を安定させながら、揺るぎない安心感を築ける強みです。,家庭内で感情を抑圧し支配的になりがち。内向的になりすぎず、心を開いて対話すると、安心できる居場所になります。,親しい相手には責任感を持って接するため、家庭や身内を支える人として信頼されやすいでしょう。,強い責任感と規律で、家業や歴史あるものの管理、家庭の秩序を整える役割で力を発揮できるでしょう。,厳格になりすぎず家族と温かく交流することで、家庭は心休まる安らぎの場へと変わるでしょう。,伝統を守る厳格で盤石な家庭環境を心の拠り所とし、実務的な管理で家族の基盤を支える配置。,あなたは自分の家庭や居場所を堅実に確立し、責任感を持って役割を果たすことで心の安定を得る方です。盤石な基盤と伝統を大切にする環境の中で、揺るぎない安心感と深い落ち着きを感じるでしょう。
Moon,Capricorn,5,着実に楽しみを追求し、創造的な喜びで心が安定する,創造的な活動や自己表現においても、確かな成果や評価を得ることで大きな喜びを感じる性質です。,着実な計画性と持続力で創造を積み重ね、努力を表現することで、感情を安定させながら喜びを見つけられる強みです。,恋愛で打算的になり感情を抑え込みがち。素直な気持ちを表現することで、温かい関係を築きやすくなります。,感情表現は控えめながら誠実さがにじみ、落ち着いた魅力を持つ人として印象に残りやすいでしょう。,伝統的な美意識と職人気質のこだわりで、古典芸術など長期的な創作活動で才能を開花させるでしょう。,評価を気にせず純粋に楽しむ時間を設けることで、自己肯定感がより健全に育まれていくでしょう。,結果が出る趣味や歴史ある芸術を嗜むことに充足感を覚え、社会的に価値のある自己表現を好む配置。,あなたは創造的な活動や自己表現において、確かな成果や評価を得ることで大きな喜びを感じる方です。結果が出る楽しみを追求し、社会的に価値のある表現を続けることで、心の安定と深い充足感を味わうでしょう。
Moon,Capricorn,6,地道な努力で仕事の成果を出し、心が満たされる,日々のルーティンや仕事に真面目に取り組み、責任を果たすことで心の安定と充実を感じるタイプです。,責任感と管理力、実務力で仕事を着実に構造化し、積み重ねることで、心の安定と充実を築けるのが強みです。,完璧を求めすぎて過労になったり、周囲に支配的になりがちです。適度な休息と、力を抜くことを意識すると安心です。,感情より役割を優先する傾向があり、真面目に周囲を支える人として高く評価されやすいです。,強い責任感と堅実さで、日々の業務を着実に遂行し、周囲から大きな信頼を得るでしょう。,頑張りすぎず適度な休息を意識することで、安定した高いパフォーマンスを継続できます。,完璧なルーチンと実務的な責任を果たすことに心の安らぎを感じ、有能な働き手として自らを律する配置。,あなたは日々のルーティンや仕事に真面目に取り組み、責任を果たすことで心の安定と充実を感じる方です。地道な努力を積み重ねて確かな成果を出すことに、深い安らぎと揺るぎない満足感を覚えるでしょう。
Moon,Capricorn,7,真摯な対人関係の構築が、心の安定をもたらす,人との関係においては、相手への責任を真摯に受け止め、信頼を築き上げることを大切にするタイプです。,信頼関係を構造化して着実に築き、責任感と協働の構築力で、感情を安定させながら心の安らぎをもたらす強みです。,人間関係で感情を抑圧し、打算的になったり相手を支配しがちです。誠実な心で接すると、より良い絆が生まれます。,一対一の関係では責任と継続を大切にするため、誠実で堅実な相手として見られやすいでしょう。,誠実な態度と実務的な折衝力で、長期契約や社会的責任を伴うパートナーシップで信頼を築きます。,相手に期待しすぎず自立した関係を保つことで、互いに支え合える強固な絆が築けるでしょう。,社会的信頼をベースにした誠実な対人関係を求め、共に責任を背負える堅実な相手に安心する配置。,あなたは対人関係において、相手への責任を真摯に受け止め、信頼を築き上げることを大切にする方です。社会的信頼をベースにした誠実な関係性の中でこそ、心の安定と深い安らぎを感じるでしょう。
Moon,Capricorn,8,深い変化を乗り越え、より強く確かな自分を築く,誰かと深く関わる共有の場では、秩序やルールを重んじることで心の安定を保つ性質です。,再生への計画と統率する意志、精神的な強度で、着実に変化を乗り越え、より強く確かな自分を築ける強みです。,権力や支配欲に囚われすぎると、考え方が極端になり心が不安定に。他者との共有を意識すると、心のゆとりが生まれます。,深い関係では感情を簡単に見せない分、ゆっくりと重みのある信頼関係を育てやすいでしょう。,厳格な管理力と深い洞察力で、金融や税務、秘密性の高い専門分野で着実に強みを発揮します。,他者と信頼を深めリソースを共有することで、個人の力を超えた大きな価値を受け継げます。,共有資産や家系の伝統を厳格に管理することに安心し、長期的な信頼関係の維持に専念する配置。,あなたは誰かと深く関わる共有の場において、秩序やルールを重んじることで心の安定を保つ方です。責任を担い、深い変化を乗り越えるたびに、より強く確かな自分を築き上げ、長期的な信頼関係の中で安らぎを感じるでしょう。
Moon,Capricorn,9,高度な知識を探求し、着実に専門性を極めて心が満たされる,学びや思想においても、単なる理想論ではなく具体的な成果や現実的な価値を求めるタイプです。,現実的な哲学と信念の構築力で、着実に学びを構造化して探求し、専門性を極めて心の安定を得られる強みです。,考え方が硬直して視野が狭くなり、新しい学びを拒否しがちです。柔軟な思考を持つことで、心の安定に繋がります。,感じたことを現実的な考えに落とし込みやすく、地に足のついた価値観を持つ人として映りやすいでしょう。,実用的な知恵と長期的な視点で、学問研究や法律、伝統を重んじる教育活動で着実な成果を収めます。,抽象的な概念を現実の成果に結びつけることで、広い視野が知恵となり周囲からの信頼も高まります。,社会の規律や古の知恵を真理として学ぶことに安らぎ、精神的な格調を求めて学びを究める配置。,あなたは学びや思想において、単なる理想論に終わらず具体的な成果や現実的な価値を追求する方です。社会の規律や古の知恵を探求し、着実に専門性を極めることで、心が深く満たされ精神的な安定を得るでしょう。
Moon,Capricorn,10,キャリアを着実に築き上げ、社会的な役割で心が満たされる,社会的な役割を全うし、目標を達成することで、揺るぎない自信と心の安定を得るタイプです。,社会的な統率力と責任感、構築力でキャリアを着実に積み重ね、感情を安定させながら、心が満たされる強みです。,評価に執着しすぎると、専横的で冷酷な印象を与えがちです。周囲への配慮を忘れず、温かい心を大切にしましょう。,社会の中では感情の安定と責任感が目立ち、周囲からの信頼を集める人物になりやすいでしょう。,責任感のある行動が評価され、組織の中で信頼できる安定した立場を築き、着実にキャリアを積み重ねるでしょう。,結果だけでなく内面の充足感を大切にすることで、周囲に左右されない真の自信を確立できます。,社会的な成功や責任ある地位に就くことに強い充足感を感じ、実績を積むことで心が安定する配置。,あなたは社会的な役割を全うし、目標を着実に達成していくことで、揺るぎない自信と心の安定を得る方です。キャリアを積み上げ、責任ある地位に就くことに深い充足感を覚え、社会の中で確かな存在意義を感じるでしょう。
Moon,Capricorn,11,仲間と共に目標を達成し、揺るぎない絆で心が満たされる,グループやチームの中で自分の役割を責任感を持って果たすことで、心の安定を感じるタイプです。,組織を構築する計画性と統率力で、仲間と共に着実に目標を達成し、揺るぎない絆と心の充足感を得られる強みです。,集団内で支配的になり、閉鎖的な考えに陥りがちです。多様な意見を尊重し、オープンな姿勢を心がけると良いでしょう。,仲間の中では計画性と現実感を持ち込むため、グループを形にする頼られる存在になりやすいでしょう。,明確なビジョンと実務的な貢献で、組織や業界団体の中で中心となり、目標達成に導くでしょう。,伝統を守りつつ新しい風を取り入れることで、理想とする未来をより確実に形にできます。,志の高い実力派の仲間と現実的な未来を語ることに喜びを感じ、秩序あるネットワークの中で安らぐ配置。,あなたはグループやチームの中で自分の役割を責任感を持って果たすことで、心の安定を感じる方です。志の高い実力派の仲間と共に現実的な目標を達成していくことに、揺るぎない絆と深い喜びを見出すでしょう。
Moon,Capricorn,12,内面の課題を克服し、精神的な安定と成長を遂げる,心の奥底では、責任感や不安を感じやすく、それを乗り越えることで精神的な成長を遂げるタイプです。,精神的な忍耐力と内省力、持続力で内面の課題を着実に克服し、心の安定と成長を遂げられるのが強みです。,感情を抑圧し悲観的になり、孤立しがちです。自分の心を癒す時間を大切にし、素直な感情を表現すると安心です。,感情を内に抱えやすい一方で静かな責任感がにじみ、陰で支える人として映りやすいでしょう。,内省力で不安を整理し、伝統文化の保護や裏方支援、静かな創作活動で大きな力を発揮します。,静寂の中で内面を整える習慣を持つことで、潜在的な知恵を現実で活かす力があなたに湧いてくるでしょう。,内面にある強い自律心を一人の時間で静かに整え、人知れず社会を支える責任を果たすことに安らぐ配置。,あなたは心の奥底に抱える責任感や不安と静かに向き合い、それを乗り越えることで精神的な成長を遂げる方です。内なる自律心を育み、人知れず社会を支える役割を果たすことに、深い安らぎと魂の安定を得るでしょう。
Moon,Aquarius,1,独自のアイデアで自分らしさを表現し、心が満たされる,感情に流されず、独自の視点から冷静に自分を見つめることで心の安定を保つ性質です。,自由な発想力と独立した感情で、新しいアイデアを広げ、あなたらしい自己表現で心を安定させ満たせる強みです。,独自性を追求するあまり、孤立し感情が希薄になりがちです。周囲との調和を意識すると、心が穏やかになります。,感情表現に独自の距離感が現れやすく、個性的で自由な人として周囲から見られやすいでしょう。,独創的なアイデアと客観的な視点で、技術革新やフリーランスとして個性を輝かせ、社会に変革をもたらすでしょう。,独自の意見と周囲との共感を大切にすることで、革新的な提案が多くの人に受け入れられます。,独特な感性とクールな自立心が個性に表れ、特定の枠に縛られない自由な在り方で心が安定する配置。,あなたは感情に流されることなく、独自の視点から冷静に自分を見つめることで心の安定を保つ方です。特定の枠にとらわれず、斬新なアイデアで自分らしさを表現していくことに、深い充足感と安らぎを得るでしょう。
Moon,Aquarius,2,独自の才能で新しい価値を創造し、経済的な安定を得る,誰にも真似できない自分ならではの価値観を大切にし、それに基づいた安定を築くことで心が満たされます。,独自の革新力と発想力で新しい価値を創造し、感情を安定させながら、経済的な安定を得られるのが強みです。,独自の価値観に固執しすぎると、収入が不安定になりがちです。柔軟な発想で、新しい価値を見出すと心が安定します。,心が安心できる基準を独自に持つため、他人に流されない人という印象を与えやすいでしょう。,独自の金銭感覚とアイデアで、ITや発明など、新しい価値を生み出しながら経済的な基盤を築きます。,物質に固執せず知識や繋がりを共有することで、経済的な安定と心の自由を同時に手に入れられます。,革新的な方法や独自のネットワークで稼ぐことに安心し、自由を確保するための所有を好む配置。,あなたは誰にも真似できない自分ならではの価値観を大切にし、それに基づいた安定を築くことで心が満たされます。独自の才能と革新的な方法で新しい価値を創造し、経済的な自由を確保することで深い安心感を得るでしょう。
Moon,Aquarius,3,未来に向けた学びを深め、独自のアイデアを発信して心が安定する,自分ならではのユニークな視点から情報を整理し、それを発信することで心の安定を図るタイプです。,独自の企画力と発想力、知的な交流で思考を広げ、感情を安定させながら、あなたのアイデアを発信できる強みです。,思考が極端になり、奇抜な発言で共感を得にくいことも。相手の気持ちに寄り添うことで、よりスムーズな対話が生まれます。,感情を知的に整理して話す傾向があり、発想に新しさのある相手として見られやすいでしょう。,論理的で公平なコミュニケーションで、SNSや放送など新しい技術教育の場で信頼を築くでしょう。,論理だけでなく共感を持って語り合う姿勢を育むことで、あなたの説得力が多くの心を動かすでしょう。,常識を打ち破る斬新な情報を発信することに喜びを感じ、フラットで知的なネットワークを楽しむ配置。,あなたは自分ならではのユニークな視点から情報を整理し、未来に向けた学びを深めることで心が安定します。常識を打ち破る斬新なアイデアを発信し、フラットで知的な交流を楽しむことに深い充足感を覚えるでしょう。
Moon,Aquarius,4,自由な発想で居場所を作り、心穏やかに過ごす,自分の居場所には自由な空間を求め、独立した視点を持つことで心の安定を感じるタイプです。,自由な発想と革新的な思考で居場所を刷新して広げ、自立した感情で、心穏やかな時間を過ごせるのが強みです。,感情が希薄になり家庭と疎遠になったり、孤立しがちです。家族との時間を大切にし、心を通わせる努力が安心に繋がります。,親しい関係でも適度な距離を保ち、お互いの自由を尊重する関係を築きやすいでしょう。,自由な発想で居場所を作り、在宅での技術作業やシェアハウス運営など、家を交流の場として活躍します。,家族と適度な距離を保ちつつ深い理解を注ぐことで、自由と家庭の安らぎがバランスよく両立できます。,個々の自由を尊重し合う開放的な家庭に安らぎ、ユニークな家族関係を心の支えにする配置。,あなたは自分の居場所に自由な空間と発想を求め、独立した視点を持つことで心の安定を感じる方です。個々の自由を尊重し合う開放的な環境の中で、心穏やかな時間を過ごし深い安らぎを得るでしょう。
Moon,Aquarius,5,斬新なアイデアで自己表現し、創造的な喜びを味わう,創造的な活動や表現では、常識にとらわれない独自のアイデアで新しい価値を生み出すことに喜びを感じます。,斬新なアイデアと独創的な表現力で創造性を革新し、個性の魅力で、感情を安定させながら喜びを味わえる強みです。,恋愛で自己中心的になり、感情表現が奇抜で希薄になりがち。相手の気持ちを思いやることで、安定した関係を築けます。,感情が独創的な表現に乗りやすく、型にはまらない魅力を持つ人として印象に残りやすいでしょう。,斬新な創造性と遊び心で、デジタルアートやゲーム開発など、独創的な企画で才能を大きく開花させます。,楽しみをコミュニティと分かち合うことで、一時の閃きも普遍的な価値ある実績へと昇華されます。,最新技術や個性的な趣味を楽しみ、自らの独創性を客観的な視点で表現することに心が躍る配置。,あなたは創造的な活動や表現において、常識にとらわれない独自のアイデアで新しい価値を生み出すことに深い喜びを感じます。最新技術や個性的な趣味を通じて、自らの斬新な発想を表現していくことに心が躍るでしょう。
Moon,Aquarius,6,革新的な方法で仕事に取り組み、効率を上げて心が満たされる,日々の生活や仕事においても、自分らしい工夫や新しい改善点を見つけることで心の安定を得るタイプです。,革新的なアイデアと分析力で日常や実務の改善を発想し、作業を刷新することで、効率を上げ、心が満たされる強みです。,独自のやり方に固執し協調性に欠けると、仕事が不安定になりがちです。周囲と協力する姿勢を意識すると良いでしょう。,仕事や日常に独自の工夫を見せるため、発想の柔らかい人として高く評価されやすいでしょう。,合理的な視点と革新的な方法で業務効率を高め、チームに貢献する働き方が得意です。,周囲の感情に柔軟に対応することで、高いパフォーマンスと良好な職場環境を両立できるでしょう。,合理的なシステムや人道的なプロジェクトの中で働くことに充足を感じ、現場を改革することで安心する配置。,あなたは日々の生活や仕事において、自分らしい工夫や新しい改善点を見つけることで心の安定を得る方です。革新的な方法で効率を上げ、合理的なシステムや人道的なプロジェクトに貢献することに深い充足感を覚えるでしょう。
Moon,Aquarius,7,自由で平等な人間関係を築き、心穏やかに過ごす,人との関係では、お互いの自由を尊重し、心地よい距離感を保つことを大切にするタイプです。,自由な発想で人と平等な関係を築き、互いを理解し支え合える豊かな交流力が強みです。,他者との関係で客観的になりすぎて距離を取りがち。感情の交流を大切にすると、心が安定しやすくなります。,一対一の関係では対等さと自由を大切にし、軽やかで心地よい相手として受け入れられやすいでしょう。,公平な社交性と高い交渉力で、異業種交流やコンサルティングの分野で活躍する力があります。,相手の自由を尊重しつつ、自分の意志を誠実に伝えることで、お互いを高め合える持続可能な関係が育まれます。,自立した親友のような対人関係を求め、依存のないクールで自由な絆を築くことに安らぎを得る配置。,あなたは人との関係において、お互いの自由を尊重し、心地よい距離感を保つことを何よりも大切にします。自立した関係性の中で心穏やかに過ごすことができ、深い安心感を得られるでしょう。
Moon,Aquarius,8,既存概念を打破し、新しい視点で変容を受け入れる,どんなに深い絆の中でも、自分の独立した心と自由な視点を保とうとする性質を持っています。,物事の本質を見抜く深い洞察力で、心理的な変革を恐れず受け入れられる強さがあります。,独自の思想に固執し孤立しやすいため、他者の意見も受け入れることで心に安定をもたらします。,深い関係でも独自の距離感を保ち、お互いの自由を尊重できる信頼を築く人として映りやすいでしょう。,物事の本質を客観的に見抜き、変革を促す力で金融・IT分野や再生に関わる仕事で活躍します。,他者と深くリソースを共有する際は理屈より信頼を深めることで、個人の枠を超えた大きな社会変革をもたらせるでしょう。,共有するシステムや理念に知的な絆を感じ、共通の目的を通じた合理的な融合に安心する配置。,あなたはどんなに深い絆の中でも、常に独立した心と自由な視点を保とうとします。既存の概念に縛られず物事を客観的に捉えることで、新たな変容を受け入れ、心の安定を見出すでしょう。
Moon,Aquarius,9,未来の知識を自由に探求し、知的な刺激で心が満たされる,世間の常識にとらわれず、常に自分だけのユニークな視点で物事を捉え、新しい真理を探求するタイプです。,未来を見据えた新しい思想を探究する探究心と、確固たる理念を持つことが強みです。,独自の考えが極端になりがちですが、伝統や他者の視点も尊重することで、学びが深まります。,感じたことを広い視点や未来の思想と結びつけ、知的な刺激を与える対話相手として好まれやすいでしょう。,高い理想と自由な探求心で、学問研究や未来の社会システムに関わる思想を広める役割を担います。,知識を蓄えるだけでなく、その信念を現実の行動に落とし込むことで、広い視野が社会を導く力強い知恵へと進化するでしょう。,博愛主義や宇宙的な法則を学ぶことに安らぎ、人類の進歩に貢献する思想に充足を感じる配置。,世間の常識にとらわれることなく、常に自分だけのユニークな視点で新しい真理を探求するタイプです。知的な刺激に心が満たされ、未来へと繋がる知識を探求することに深い安らぎを見出します。
Moon,Aquarius,10,独自のキャリアパスを切り開き、社会的な役割で心が満たされる,社会的な活動では、自分らしいユニークな発想で関わり、新しい風を吹き込むことに喜びを感じるでしょう。,社会に新しい風を吹き込む改革精神と、優れた企画力で周囲を統率できるリーダーシップがあります。,反骨精神が強すぎて周囲と衝突しやすいかもしれません。組織との調和を意識すると、社会で才能を発揮できます。,社会的な場では独自性が際立ち、物事を新しく捉える視点を持つ人として注目を集めやすいでしょう。,独自の視点と斬新な発想力が評価され、新しいキャリアを築く力があります。,肩書きや名声に執着せず、自身の内なる真理に従って行動することで、周囲から心から尊敬される真の指導者となれるでしょう。,革新的な活動を通じて社会的な役割を担うことに誇りを感じ、自由なリーダーシップを発揮して安らぐ配置。,社会的な活動では、あなたらしいユニークな発想で新しい風を吹き込むことに喜びを感じます。独自のキャリアパスを切り拓き、その中で自身の役割を全うすることで心が満たされていくでしょう。
Moon,Aquarius,11,理想を共有する仲間と自由に交流し、心が満たされる,理想を共有できる仲間との自由な交流の中で、新しい価値観を見つけることに心が満たされるタイプです。,未来を見据えた斬新な企画力で、新しい仲間たちと共に理想を追い求める先導力に優れています。,高い理想を追求するあまり、周囲と足並みが揃わないことも。仲間との調和を大切にすると、心が満たされます。,仲間との間では共感を広く共有し、グループに新しい風を吹き込む存在として受け入れられやすいでしょう。,自由な精神で理想を共有する仲間と共に、未来志向の活動で中心的な役割を担うでしょう。,個人の自由を大切にしつつ共通の目的に協力する姿勢を持つことで、あなたのビジョンが多くの仲間に支持され形になるでしょう。,志を同じくする世界中の仲間との交流に喜びを感じ、ネットワークを通じて未来を夢見る配置。,あなたは理想を共有できる仲間との自由な交流の中に、心の深い喜びを見出します。新しい価値観を発見し、共に未来を語り合うことで、精神的な充足感と安心感を育むでしょう。
Moon,Aquarius,12,独自の視点で心を癒し、内なる安心感を見つける,内面の世界では、誰にも左右されない独自の思考を巡らせ、自分だけの視点から心の安心を見つけます。,直感的な発想と豊かな想像力で、心の奥底にある精神的な革新を促す癒しの力があります。,独自の思想に囚われすぎると現実離脱しがちです。地に足をつけて客観的に自己を見つめると良いでしょう。,感情は内側で自由に動き、表には出にくくても、どこかミステリアスな魅力として映りやすいでしょう。,豊かな想像力と精神的な自由を追求し、スピリチュアルや芸術による癒やしの分野で力を発揮します。,孤独を恐れず静かに内面を整える習慣を持つことで、宇宙的なインスピレーションを現実で活かす知恵が湧いてくるでしょう。,人類全体の幸福への祈りを一人の時間で静かに深め、目に見えない次元の革命を心の支えにする配置。,内面の世界では、誰にも左右されない独自の思考を巡らせ、自分だけの視点から心の安心を見つけます。静かに内省する時間を持つことで、心を癒し、深い穏やかさに包まれるでしょう。
Moon,Pisces,1,繊細な感性で自分を受け入れ、心穏やかな毎日を送る,周りの感情に深く共感し、自分と他者との境界が曖昧になるほど、繊細な心で受け止める性質を持っています。,繊細な感性と豊かな想像力で、周囲に深く共感しながら自分を表現できる優しさがあります。,自分の感情と他者との境界が曖昧になりがちです。明確な自己意識を持つと、心が安定しやすくなります。,やわらかな感情がそのまま雰囲気ににじみ出て、優しく親しみやすい印象を周囲に与えやすいでしょう。,深い共感力と豊かな想像力で、福祉や芸術、カウンセリングの分野で個性を輝かせます。,境界線を明確に保ち自分の感受性を信頼することで、周囲に振り回されず本来の癒やしの力を発揮できるようになります。,境界線のない柔らかな共感力が個性に溢れ出し、全てを許し受け入れることで心の平安を得る配置。,あなたは周囲の感情に深く共感し、自分と他者との境界が曖昧になるほど繊細な心で受け止めます。その柔らかな感性で全てを受け入れることにより、心の穏やかな毎日を送ることができるでしょう。
Moon,Pisces,2,優しい心で価値を見出し、才能を活かして安心を築く,言葉にできない感覚や直感を大切にし、豊かな感受性を通して心の奥底からの安心感を求めるタイプです。,豊かな感性で物事の価値を見出し、共感する心で周囲の才能を引き出す才能に優れています。,価値判断が曖昧になり浪費したり、依存したりする傾向があります。現実的な視点を持つことが大切です。,安心できるものに感性や情緒を求め、周りを包み込むような温かいやさしさを感じさせやすいでしょう。,優れた直感と感受性を活かし、芸術や癒やしの分野で精神的な価値を収益に変える働き方を築きます。,物質的な豊かさだけでなく内面的な充足感を大切にすることで、経済的な安心と心の平安を同時に手に入れられるでしょう。,形に囚われない愛や徳を価値の核に置き、流れに身を任せて必要なものを受け取ることに安心する配置。,言葉にできない感覚や直感を大切にし、豊かな感受性を通して心の奥底からの安心感を求めるタイプです。あなた独自の優しい心で物事の価値を見出し、それを活かすことで心の安定を築いていくでしょう。
Moon,Pisces,3,豊かな共感力で学びを深め、心を通わせる対話を大切にする,言葉の裏にある想いや雰囲気を繊細に感じ取り、優しい表現で相手と心を通わせるコミュニケーションを大切にします。,豊かな想像力と深い共感力で、相手の気持ちを理解し心を通わせる対話力が強みです。,思考が混乱しやすく、曖昧な発言をしてしまうことも。情報を整理し、言葉を丁寧に選ぶと良いでしょう。,言葉に豊かな感覚や想像力がにじみ、ふんわりと共鳴し合える相手として好まれる傾向があります。,豊かな共感力と情緒的な言葉で、詩作や教育の場で深い信頼を築く力があります。,直感的な閃きを論理的に整理して伝える習慣を持つことで、あなたの説得力が多くの人の心に響く知恵へと変わります。,詩的で感覚的な言葉を交わすことに心地よさを感じ、日常の交流に幻想的な彩りを添える配置。,あなたは言葉の裏にある想いや雰囲気を繊細に感じ取り、心を通わせるコミュニケーションを何よりも大切にします。豊かな共感力で学びを深め、優しい表現で相手と対話することで、心の繋がりを育んでいくでしょう。
Moon,Pisces,4,温かい心で家族と繋がり、安らぎの居場所を育む,家庭や自分の居場所では、温かい感情の交流を何よりも大切にし、深い情緒的な繋がりの中で安らぎを感じます。,家族や大切な人々に深く共感し、温かい包容力で安らぎの居場所を育む癒し力があります。,家庭内で感情が混乱しやすく、依存的になりがちです。適度な距離感を保つことで、安心感が深まります。,親しい人には深く情を向けやすく、心温まる癒やしや安心感を与える存在として慕われやすいでしょう。,献身的な愛情と共感力で、在宅での福祉活動や家族の心のケアに関わる仕事で活躍します。,他者の感情を吸収しすぎないよう静かな時間を確保することで、情緒的な安定と深い安らぎを維持できるようになります。,霊的な安らぎに満ちた境界線のない家庭を心の聖域とし、家族を無条件に愛することで安らぐ配置。,家庭や自分の居場所では、温かい感情の交流を何よりも大切にし、深い情緒的な繋がりの中で安らぎを感じます。温かい心で家族と深く繋がり、包み込むような愛に満ちた居場所を育むでしょう。
Moon,Pisces,5,感受性豊かに創造し、喜びを通して心を安定させる,豊かな感性やイメージを表現することに喜びを感じ、芸術や創造的な活動を通して心が満たされるタイプです。,豊かな感受性と想像力で芸術的な表現を生み出し、その魅力で人々に喜びを与えられます。,恋愛で幻想を抱き感情が迷走しやすい傾向があります。現実と向き合い、自分軸を持つことが大切です。,感情表現は夢やロマンを帯びやすく、印象的で繊細な魅力として周囲に深く残るでしょう。,溢れる想像力と繊細な表現力で、音楽や映像などクリエイティブな分野で才能を開花させます。,楽しみを自己満足で終わらせず形に残す努力をすることで、ひらめきが価値ある作品や実績へと昇華されるでしょう。,夢や空想の世界で自由に創作活動を楽しみ、神秘的な悦びに浸ることで心が満たされる配置。,あなたは豊かな感性やイメージを表現することに喜びを感じ、芸術や創造的な活動を通して心が満たされます。感受性豊かに内なる世界を創造することで、心の深い安定を見出していくでしょう。
Moon,Pisces,6,人に寄り添う仕事で貢献し、心の健康を保ち穏やかに過ごす,日常生活では、周りの状況に柔軟に対応しながら、人への共感を通して心の穏やかさと安心感を保つ性質です。,人に寄り添う優しい共感力と、献身的に働くことで周囲に安心感を与える癒し力が強みです。,自己犠牲をしがちで、疲労を溜め込んで現実逃避することも。自分の心身を労わることを優先しましょう。,相手にそっと寄り添いながら支えるため、優しく献身的な人として周囲から頼りにされやすいでしょう。,状況に合わせた柔軟な対応力で、人々に寄り添い貢献する仕事で信頼を得やすいでしょう。,周囲の期待に応えようと自分を後回しにしないことで、高いパフォーマンスと健康な生活を両立できるようになります。,苦しむ人への献身的な奉仕やケアに深い充足感を覚え、職場を愛で浄化することで安心する配置。,日常生活では、周りの状況に柔軟に対応しながら、人への共感を通して心の穏やかさと安心感を保ちます。人に寄り添う仕事を通して社会に貢献することで、あなた自身の心の健康と平和を育むでしょう。
Moon,Pisces,7,優しい共感力で人と深く繋がり、心温まる関係を築く,人との関係では、相手の気持ちに深く寄り添い、ありのままを受け入れることで、心温まる繋がりを築くタイプです。,深い共感力と温かい包容力で、人との心温まる関係を築き、穏やかな交流を生み出します。,対人関係で感情が迷走し、依存的になりやすい傾向が。健全な境界線を意識すると、調和しやすくなります。,一対一の関係では相手に深く共鳴し、受容的で心温まるやわらかな人として映りやすいでしょう。,深い共感力と温かい社交性で、カウンセリングや広報、人間関係を育む仕事で活躍します。,相手の影響を強く受けすぎないよう自立心を養うことで、お互いを高め合える持続可能な関係が育まれるでしょう。,パートナーとの魂レベルでの一体化を求め、互いを許し救い合う関係の中で心の安定を得る配置。,あなたは人との関係において、相手の気持ちに深く寄り添い、ありのままを受け入れることを大切にします。優しい共感力で心温まる繋がりを築くことで、深い安心感と心の安定を得られるでしょう。
Moon,Pisces,8,繊細な感情を乗り越え、変容を経験して心の平穏を得る,人と深く関わるほど、自分と相手の境界が曖昧になりやすい繊細な心を持ち、変容を通して平穏を得る性質です。,豊かな想像力と深い精神洞察で、困難な変容も共感的に受け止め再生する力があります。,深い関係において感情が極端になり、執着しがちです。健全な距離感を保つことで、心の平穏につながります。,深い関係では心の境界を越えて強くつながり、情緒的な一体感を心から求めやすい傾向があります。,物事の本質を直感的に見抜き、癒やしの力で心理学やスピリチュアルな分野で活躍します。,他者と深く融合する恐れを捨て変容を受け入れることで、個人の枠を超えた大きな癒やしを社会にもたらせるでしょう。,他者と感情的に完全に溶け合うことに安心感を覚え、深い慈悲を通じた浄化と再生を好む配置。,人と深く関わるほど、自分と相手の境界が曖昧になりやすい繊細な心を持っています。この深い感受性を乗り越え、自己の変容を経験することで、揺るぎない心の平穏を見出すことができるでしょう。
Moon,Pisces,9,深い共感と共に真実を探求し、心の広がりを感じる,哲学的な思想や信念に対し、言葉ではなく感性や直感を通して共鳴し、真理を探求することに喜びを感じます。,深い共感を通して精神的な真理を探求し、豊かな想像力で哲学的な思想を広げられます。,理想を追い求めすぎて現実逃避し、視野が曖昧になりがちです。地に足をつけて学ぶ意識が大切です。,感じたことを理想や精神性と結びつけて語るため、感性豊かな価値観を持つ人として見られやすいでしょう。,高い理想と深い探求心で、学問や宗教、世界に癒やしをもたらす思想を広める役割を担います。,直感的な知識を現実的な行動に落とし込むことで、広い視野が社会を導く力強い知恵へと進化するでしょう。,宇宙的な愛や神秘を真理として学ぶことに安らぎ、精神的な境界線を消していく学びを好む配置。,あなたは哲学的な思想や信念に対し、言葉ではなく感性や直感を通して共鳴し、真理を探求することに喜びを感じます。深い共感と共に世界の奥底にある真実を見つめることで、心の広がりを感じるでしょう。
Moon,Pisces,10,人に寄り添う姿勢で社会に貢献し、満たされた心を育む,社会的な活動では、人々の感情に共感しながら柔軟に対応し、奉仕することで心が満たされるタイプです。,人に寄り添う深い共感力と温かい包容力で、社会に癒しの影響をもたらす貢献力が強みです。,他者からの評価に依存しやすく、現実逃避しがちです。自分の判断基準を持つことで、心が安定します。,社会的な場でもやわらかな感情表現がにじみ、周りを包み込むような包容力のある人として受け入れられやすいです。,豊かな共感力と柔軟な対応が評価され、支援的な役割や社会貢献の場で信頼を築きます。,肩書きや名声に執着せず、自身の内なる真理に従って行動することで、周囲から心から尊敬される真の指導者となれるでしょう。,癒やしや福祉の分野で社会的な顔を持ち、人々の心の拠り所となる役割に充足を感じる配置。,社会的な活動では、人々の感情に共感しながら柔軟に対応し、奉仕することで心が満たされるタイプです。人に寄り添う姿勢で社会に貢献し、その中で満たされた心を育んでいくでしょう。
Moon,Pisces,11,仲間と共感し支え合い、心安らぐ居場所を築く,グループの中では、周りの感情や雰囲気を敏感に感じ取り、共感を通して仲間と深くつながることを大切にします。,仲間と深く共感し、想像力豊かな企画で心安らぐ交流を育むことができる癒し力が強みです。,仲間との関係で境界が曖昧になり、依存しがちです。自立心を保つことで、心地よい関係を築けます。,仲間に対しても温かく共感的に関わり、その場をやさしく和ませる存在として慕われやすいでしょう。,自由な精神と共感を大切にする仲間と共に、非営利団体や福祉活動で中心的な役割を担います。,個人の自由を大切にしつつ共通の目的に協力する姿勢を持つことで、あなたのビジョンが多くの仲間に支持され形になるでしょう。,人類の平和を共に夢見る仲間との交流に喜びを感じ、癒やしのビジョンを共有することで安らぐ配置。,グループの中では、周りの感情や雰囲気を敏感に感じ取り、共感を通して仲間と深くつながることを大切にします。志を同じくする仲間と支え合い、心安らぐ居場所を共に築き上げていくでしょう。
Moon,Pisces,12,繊細な感受性で内面を見つめ、静かな心の平和を見つける,内なる世界では、繊細な感受性で無意識と深く繋がり、神秘的な体験を通して心の平和を見つけるタイプです。,繊細な直感力と深い精神共鳴で、内面の平和を見つけ癒しを与えることができる力があります。,現実逃避しやすく、自己を見失い孤立しがちです。自分の内面と向き合い、静かに心を癒すと良いでしょう。,感情を深く内に抱えながらも静かな共感性が強く、そっと相手を受け止める人として映りやすいでしょう。,豊かな想像力と精神的な探求心で、スピリチュアルや芸術を通じた癒やしの分野で貢献します。,孤独を恐れず静かに内面を整える習慣を持つことで、宇宙的なインスピレーションを現実で活かす知恵が湧いてくるでしょう。,宇宙との一体感や孤独な祈りの中に深い平安を感じ、目に見えない愛の次元に魂を沈める配置。,内なる世界では、繊細な感受性で無意識と深く繋がり、神秘的な体験を通して心の平和を見つけます。静かに自己の内面を見つめることで、深く穏やかな安らぎに包まれるでしょう。
Mercury,Aries,1,自分の直感を信じて行動し、素直な言葉で自分を表現する,自分の考えを素早くまとめ、ストレートな言葉で発信することで、あなたらしい個性と第一印象を印象づけるでしょう。,鋭い直感と素早い判断力で、自分の考えを明確に伝えられる発信力に優れています。,短絡的な思考や衝動的な発言をしがちですが、一度落ち着いて考えることで、より良い表現につながります。,考えたことをすぐに言葉にするため、率直で反応の早い、フットワークの軽い人として見られやすいでしょう。,迅速な意思決定と歯切れの良い発言力で、新規プロジェクト推進の場で頭角を現すでしょう。,自分の意見だけでなく他者の言葉も最後まで聞く習慣を持つことで、持ち前の直感力がより確実な合意形成につながります。,直感に即した鋭い発言や素早い決断力が、積極的な自己表現としてダイレクトに表れる配置。,あなたは自分の直感を信じ、素早い決断力とストレートな言葉で自らを表現します。その行動力と思考のスピードで、新しい道を切り開き、あなたらしい個性を確立していくでしょう。
Mercury,Aries,2,新しい発想で才能を開花させ、言葉で価値を創造する,独自のアイデアを言葉で明確に表現し、行動に移すことで、あなた自身の才能と財産を力強く築いていく性質です。,新しい価値を見出す商才と、迅速な行動判断で決断し、言葉で価値を創造できる強みです。,衝動的に判断して浪費しやすい傾向があります。本当に価値があるか、一度立ち止まって見極める習慣が大切です。,自分の考えや価値観をはっきりと示すため、周囲からは芯の強い誠実な人という印象を与えやすいです。,金銭に対する機敏な判断力と独創的な稼ぎ方で、短期ビジネスや営業職で収益を上げるでしょう。,衝動的な支出を抑え長期的な資産形成のロジックを学ぶことで、経済的基盤と精神的な余裕を同時に手に入れられるでしょう。,独自のアイデアを即座に収益に結びつける知性が、自力の経済活動に活かされる配置。,あなたは独自のアイデアを言葉で明確に表現し、行動に移すことで自らの才能を力強く開花させます。その先駆的な発想が、あなた自身の価値と財産を築き、揺るぎない安心感をもたらすでしょう。
Mercury,Aries,3,知的好奇心で学びを深め、自分の言葉で積極的に発信する,新しいことへの知的好奇心旺盛で、自分の考えをストレートな言葉で発信し、周りとの活発な交流を楽しみます。,素早い機転と直感的な理解力で、知的好奇心に導かれ積極的に発信する力があります。,軽率な発言や短絡的な思考になりがちなので、言葉を発する前に一拍置くことで、誤解を防ぎやすくなります。,言葉に勢いと瞬発力があり、テンポの速い活発でエネルギッシュな会話を好む傾向があります。,圧倒的な情報処理スピードと積極的な発信力で、メディアや教育の分野で活躍するでしょう。,断定的な物言いを避け多角的な視点を取り入れることで、あなたの説得力が洗練され周囲との信頼が深まります。,ひらめきを瞬時に言葉に変える伝達力が、身近な環境でのスピーディーな情報交換に現れる配置。,あなたは新しいことへの知的好奇心旺盛で、自分の考えをストレートな言葉で積極的に発信します。活発な交流を楽しみながら学びを深め、周囲に新たな気づきをもたらすでしょう。
Mercury,Aries,4,自分のルーツを探求し、言葉で心地よい居場所を築く,自分のルーツや心の基盤について深く考え、言葉で表現することで、自分らしく心地よい安心できる居場所を築くでしょう。,自分の直感を信じ即断できる力で、家族や居場所を守り、心地よい環境を築けるでしょう。,家庭内で感情的な発言をして衝突しやすい傾向があります。落ち着いて話し合うことを心がけると安心です。,身近な相手には本音を遠慮なく語り、近しい関係ほど率直で頼りになる一面を見せやすいでしょう。,率直な対話力と決断力で、家業の合理化や家族を守るための交渉役として力を発揮します。,家庭内での議論を勝ち負けでなく共感ベースで話すことで、内面の安らぎと円滑な人間関係を両立できます。,家庭内での主導権を握る率直な対話が、身内との意思疎通の核として機能する配置。,あなたは自分のルーツや心の基盤について深く考え、その想いを言葉で表現することを大切にします。内なる声に耳を傾け、自分らしく心地よい安心できる居場所を築き上げていくでしょう。
Mercury,Aries,5,創造的な発想を形にし、情熱を言葉にして表現する,湧き上がる情熱やアイデアを言葉や行動でダイレクトに表現し、創造的な自己表現の中に喜びを見出すタイプです。,創造的な発想を素早い機転で形にし、情熱を込めた言葉で表現する優れた企画力があります。,思いつきで誇張した表現をしがちなので、冷静に状況を判断し、言葉を選ぶことで、より魅力的に伝わります。,自己表現に勢いが乗りやすく、発言にも存在感があるため、周りに強く印象を残すでしょう。,斬新なアイデアと遊び心を活かし、企画開発や創作活動で独自の才能を放つでしょう。,楽しみを論理で固めすぎず感性のままに表現する時間を設けることで、ひらめきが多くの人に届く作品へと昇華されます。,独創的なアイデアを遊びや創作にぶつけ、自分の個性を攻撃的なまでに知的に表現する配置。,あなたは内から湧き上がる情熱やアイデアを、言葉や行動でダイレクトに表現するタイプです。創造的な発想を現実世界に形にし、その自己表現の中に大きな喜びを見出すでしょう。
Mercury,Aries,6,効率的な思考で仕事を進め、明確な言葉で貢献する,仕事や日々のタスクは、効率的な思考と明確な言葉で取り組み、行動を通して周りに貢献することを大切にします。,効率的な改善思考と素早い判断力で、実務をスムーズに進める優れた実行力があります。,仕事で焦って独断的な判断をしがちです。一度立ち止まり、確認する習慣を持つことで、ミスを防ぎやすくなります。,考えをすぐ実務に落とし込みやすく、判断の早い頼れるリーダーとして周囲に認識されやすいでしょう。,素早い判断力と効率的な思考で、日々の業務を前進させる役割で信頼を得やすいでしょう。,焦りによるミスを防ぐため確認作業をルーチン化することで、高い実務能力が職場での揺るぎない信頼につながるでしょう。,現場の停滞を打ち破る即断即決の事務能力が、実務や健康管理の現場で発揮される配置。,あなたは仕事や日々のタスクにおいて、効率的な思考と明確な言葉で物事を進めることを大切にします。迅速な判断力と行動を通して、周囲に貢献し、確かな成果を生み出すでしょう。
Mercury,Aries,7,自分の意見を明確に伝え、対話を通じて関係を深める,パートナーシップでは、自分の意見を明確に伝え、対等な立場で活発な議論をすることで関係性を深めていくでしょう。,素早い判断力で自分の意見を明確に伝え、交渉をリードしながら関係を深める発言力が強みです。,自分の意見を押し付け、議論で衝突しやすいかもしれません。相手の意見も尊重すると、関係が調和しやすくなります。,一対一の対話では率直に意見を交わし、コミュニケーションの中で自然と主導権を握りやすいでしょう。,活発な対人交渉力と決断力で、営業や折衝業務、パートナーとの協働で活躍する力があります。,相手の意見を尊重し論理的に伝えることで、お互いに自立した持続可能な協力関係が築けるでしょう。,対人関係において議論を恐れず本音で交渉し、知的な勝負を通じて相手と関わる配置。,あなたはパートナーシップにおいて、自分の意見を明確に伝え、対等な立場で活発な議論をすることで関係性を深めます。本音で対話することを恐れず、互いを高め合う絆を育んでいくでしょう。
Mercury,Aries,8,深い洞察力で本質を見抜き、言葉で新たな変化を促す,物事の本質を鋭い洞察力で見抜き、それを言葉でストレートに伝えることで、周囲に変化を促す力を持っています。,鋭い直感と深い洞察力で物事の本質を探究し、迅速な決断力で変化を促せる力があります。,疑念を抱きやすく、極端な思考になりがちです。多角的な視点を持つことで、より深く本質を理解できます。,親しくなるほど言葉に踏み込みが出て、物事の核心を突くような鋭い対話をする人として映りやすいでしょう。,鋭い洞察力と本質を突く思考で、金融調査や心理分析、秘密性の高い職務で強みを発揮します。,猜疑心を抑え客観的なデータに基づいて判断することで、個人の枠を超えた大きな社会変革をもたらせるでしょう。,他者の秘密や真実を鋭く見抜く洞察力が、深い絆や共有資産の管理で活かされる配置。,あなたは物事の本質を鋭い洞察力で見抜き、それを言葉でストレートに伝える力を持っています。その深い理解と表現力で、周囲に新たな気づきを与え、変化を促していくでしょう。
Mercury,Aries,9,広い視野で真理を探求し、独自の哲学を言葉にする,既存の枠にとらわれず、知的な探求心を持って真理を追求し、自分ならではの哲学を言葉で表現するでしょう。,真理を探究する情熱と、独自の理念を言葉で発信し、広い視野で学びを深めることができます。,独自の思想に固執し、視野が狭くなりがちです。多様な意見に耳を傾けることで、学びが深まります。,自分の考えや信念をまっすぐ情熱的に語り、建設的な熱量のある議論を好む傾向があります。,高い向上心と冒険的な知性で、高等教育や未知の分野を開拓する先駆者として活躍できるでしょう。,抽象的な理想を具体的な行動に落とし込むことで、広い視野が人生を導く知恵となり周囲を牽引できるでしょう。,未知の真理を求めて思考を素早く拡大させ、革新的な思想をダイナミックに探求する配置。,あなたは既存の枠にとらわれず、知的な探求心を持って真理を追求するタイプです。広い視野で世界の真実を探求し、自分ならではの哲学を言葉にすることで、深い精神的な喜びを得るでしょう。
Mercury,Aries,10,先駆的な発想で社会に挑み、リーダーとして明確に発信する,社会的な場面では、先駆的なアイデアを明確な言葉で発信し、リーダーシップを発揮することで活躍するタイプです。,社会における明確な判断力と迅速な決断力で、リーダーとして周囲を統率する発言力が強みです。,独断的な方針を押し進めがちですが、周囲の意見も聞くことで、よりスムーズに目標達成へと導けます。,社会的な場では発言に決断力がにじみ、先頭に立って皆の方向を示す頼れる存在として見られやすいでしょう。,明確な発言力と迅速な判断力で、意思決定に関わる重要な役割で評価されやすいでしょう。,肩書きや名声に執着せず、自身の内なる真理を誠実に語ることで、周囲から心から尊敬される真の指導者となれるでしょう。,社会的な舞台で物怖じせず意見を通す知性が、独自のキャリア形成の武器となる配置。,社会的な場面では、先駆的なアイデアを明確な言葉で発信し、リーダーシップを発揮することで活躍するでしょう。あなたの独自の視点と行動力は、社会に新しい流れを生み出す原動力となります。
Mercury,Aries,11,仲間と新しいアイデアを共有し、未来のビジョンを語る,仲間と共に新しいアイデアを積極的に共有し、未来に向けたビジョンを言葉にすることで、コミュニティを活性化します。,未来に向けた新しい企画を発想し、仲間と活発にアイデアを共有できる発信力に優れています。,計画を独走し、仲間と衝突しやすい傾向があります。協調性を大切にすることで、理想の未来を築けます。,仲間の中では新しい思いつきをすぐに共有し、グループを活発に動かす発信役として活躍するでしょう。,進歩的なアイデアと仲間を鼓舞する知性で、SNS運営や革新的なグループ活動で輝きます。,個人の意見を大切にし全体の調和を図ることで、あなたのビジョンが多くの仲間に支持され形になるでしょう。,未来を切り拓く斬新なアイデアを掲げ、仲間と共に古い常識を論破していく配置。,あなたは仲間と共に新しいアイデアを積極的に共有し、未来に向けたビジョンを言葉にすることでコミュニティを活性化します。志を同じくする人々と共に、未来を創造する喜びを分かち合うでしょう。
Mercury,Aries,12,無意識の声を言葉にし、内なる気づきと向き合う,普段意識しない心の声や直感を言葉にすることで、内なる気づきを得て、心を癒し、新しい自分へと向かうでしょう。,内省的な発想と鋭い直感力で、心の奥底にある気づきを言葉にする精神洞察力が強みです。,思考が混乱し、衝動的に現実から逃避しがちです。静かに内省する時間を持つことで、心が落ち着きます。,表向きは控えめでも内面では言葉の勢いが強く、静かな場で急に核心を突くような発言をしやすいでしょう。,豊かな想像力と直感的な知性を活かし、見えない世界や心の内を言葉にする役割で力を発揮しやすいでしょう。,内面に湧き上がる衝動を言語化する習慣を持つことで、精神的な混乱を避けクリアな直感を現実で役立てられるでしょう。,人知れず湧き出る直感的な思考を、孤独な創作や精神的な探究のために密かに使う配置。,あなたは普段意識しない心の声や直感を言葉にすることで、内なる気づきを得ていくでしょう。静かに自己と向き合い、豊かなイメージの世界を探求することで、心を癒し、新しい自分へと向かいます。
Mercury,Taurus,1,五感で感じ取り、自分らしさを言葉で表現する,五感を大切にし、感じたことを落ち着いた言葉で表現することで、あなたらしい魅力を周りに伝えるでしょう。,落ち着いて物事を深く考え、五感で感じたことを説得力のある言葉で表現できるのが長所です。,自分の考えにこだわりすぎて頑固になりがちです。たまには人の意見にも耳を傾けると、表現が豊かになります。,話し方に落ち着きと安定感があるため、周囲からは信頼できる人として受け入れられやすいでしょう。,安定した思考と優れた実務能力で、品質管理や専門技術の分野で着実に信頼を築くでしょう。,自分のペースを大切にしつつ新しい価値観を取り入れることで、思考を柔軟に保ち可能性を大きく広げられます。,丁寧で落ち着いた思考と確実な言葉選びが、信頼感のある自己の存在感として表れる配置。,五感を研ぎ澄まし、深く納得したことだけを時間をかけて言葉にするあなたは、落ち着いた説得力で周囲からの信頼を集めます。自らの感性に忠実なその表現は、揺るぎない魅力を放ちながら、あなたの確かな存在感を確立するでしょう。
Mercury,Taurus,2,自分の才能や価値観をじっくり考え、言葉にする,自分の才能や価値観をじっくり見つめ、それを言葉にすることで、豊かな収入や安定した財産を築くでしょう。,じっくりと物事の価値を見極め、確かな判断力と持続的な思考で豊かさを生み出す商才が強みです。,お金や所有物へのこだわりが強すぎて、なかなか手放せないことがあります。新しい価値観を受け入れると安心です。,自分の価値観をぶれずに言葉にするため、堅実で筋の通った人という印象を与えやすいでしょう。,優れた経済感覚と粘り強い交渉力を活かし、財務管理や資産運用で安定した収益を上げるでしょう。,所有への執着を手放し知恵を循環させる意識を持つことで、物質的安定と精神的な満足を両立できるようになります。,具体的で価値のある情報の収集能力が、実質的な富を築くための実務的な知恵となる配置。,あなたは自身の才能や価値観をじっくりと見つめ、それを具体的な言葉にすることで、揺るぎない財産や豊かな収入へと繋げます。実利を見抜く確かな知性と安定したマネーセンスは、物質的な豊かさだけでなく、あなたの人生に確かな安心感と満足感をもたらすでしょう。
Mercury,Taurus,3,着実に学びを深め、落ち着いた言葉で伝える,慌てずにじっくりと学びを深め、落ち着いた言葉で大切な情報を周りの人々に伝えていくタイプです。,物事を落ち着いて深く考え、理解力を活かして説得力のある言葉で伝えることに優れています。,一度決めた考えに固執し、柔軟な発言が難しくなりがちです。時には立ち止まって、考えを深める時間も大切です。,考えをゆっくり着実に伝えるため、分かりやすく説得力のある話し方をする傾向があります。,丁寧な言葉選びと実用的な知識で、教育やライティングを通じ地域社会に信頼を築けるでしょう。,自説に固執せず多様な意見を冷静に比較すると、持ち前の説得力が磨かれ周囲との調和も深まります。,五感で得た情報を正確に伝える伝達力が、身近なネットワークに安定した知識をもたらす配置。,あなたは慌てることなくじっくりと学びを深め、五感で得た確かな情報を落ち着いた言葉で周囲に伝えます。その丁寧で着実なコミュニケーションは、身近な人々に安心感と安定した知識をもたらし、信頼の絆を育むでしょう。
Mercury,Taurus,4,家族や安心できる場所で、じっくりと思いを育み言葉にする,家族や心安らぐ場所でじっくりと思いを育み、温かい言葉で心の基盤を築いていくことを大切にします。,安心できる場所や家族を深く考え、安定した視点で理解し、その基盤を守り育てる力が強みです。,家庭や慣れた場所へのこだわりが強すぎると、新しい変化を拒んでしまいがち。少し視野を広げると気持ちが軽くなります。,身近な人との会話では安心感を重視し、落ち着いて話せる相手として受け入れられやすいでしょう。,穏やかで論理的な思考を活かし、住宅デザインや家計管理など、生活の質に関わる実務で活躍しやすいでしょう。,家族に正論を押し付けず情緒的な交流を大切にすることで、家庭内での信頼が深まり揺るぎない安心感が生まれます。,伝統的な知恵や家の管理に必要な情報を整理し、安定した家庭生活を言葉で支える配置。,あなたは家族や心安らぐ場所でじっくりと思いを育み、温かい言葉で心の基盤を築き上げることを大切にします。伝統を重んじる知恵で生活の細部まで整え、穏やかな対話を通じて、確かな安心と調和に満ちた居場所を創造するでしょう。
Mercury,Taurus,5,五感を使い創造性をじっくり育み、豊かに表現する,五感を通して感じたインスピレーションをじっくりと育み、豊かな表現で人生の喜びを創造するでしょう。,五感を研ぎ澄ませて芸術的な発想をじっくり育み、安定感のある言葉で表現することに優れています。,恋愛や楽しみに対して執着しすぎると、周りが見えなくなりがちです。心から楽しめることを探すと、豊かな関係が築けます。,表現に安定した魅力があり、自然体で心地よい話し方をする人として印象に残りやすいでしょう。,洗練された美意識と職人気質のこだわりを活かし、芸術や伝統芸能など創作分野で才能を輝かせるでしょう。,評価を気にしすぎず純粋な楽しみを追求すると、自己肯定感がより健全な形で育まれ輝きを増すでしょう。,美しい形や具体的な成果を求める思考が、芸術的な趣味や創作活動の細部に宿る配置。,あなたは五感を通して得たインスピレーションをじっくりと育み、独自のこだわりを凝らした豊かな表現で人生の喜びを創造します。その職人的なクリエイティビティは、美しい形や具体的な成果として結実し、あなたらしい感性で世界に彩りを添えるでしょう。
Mercury,Taurus,6,日々の業務を着実にこなし、実用的な知恵を活かす,日々の業務を着実にこなしながら、実用的な知恵や言葉で効率的に物事を調整していくことを得意とします。,日々の実務を安定的に深く考え、優れた管理力と継続的な改善思考で効率を高めることが強みです。,日々の仕事や習慣にこだわりすぎると、変化への抵抗感が生まれてしまいます。新しいやり方も試すと、効率が上がるでしょう。,実務を堅実に伝え、細部まで信頼できる実務家として周囲から頼られる存在になりやすいです。,着実に情報を整理し、実用的な知恵で安定した業務運用を支える役割で強みを発揮しやすいでしょう。,完璧主義でストレスを溜めぬよう適度な休息を組み込むと、安定した高いパフォーマンスを継続できます。,時間をかけて丁寧に実務を完遂する知性が、職場での確実なルーチンワークを支える配置。,あなたは日々の業務を着実にこなしながら、実用的な知恵や言葉で物事を効率的に調整していくことを得意とします。その正確で丁寧な実務遂行能力は、緻密な作業を通して周囲からの高い信頼を築き、安定した基盤を作り出すでしょう。
Mercury,Taurus,7,落ち着いた対話で相手と信頼関係を築き、深く理解する,相手と落ち着いてじっくり話し合い、信頼できる対等なパートナーシップを築き上げることを大切にします。,人とじっくり向き合い関係性を深く理解し、安定した対話で揺るぎない信頼を築き上げることが得意です。,人間関係で頑固になったり、嫉妬心が生まれやすかったりします。相手を信頼し、広い心で受け止めると調和しやすくなります。,一対一の対話では落ち着いた交流を好み、相手に安心感を与える話し相手として受け入れられやすいです。,誠実な対人態度と安定した交渉力で、パートナーシップを重視するビジネスで厚い信頼を築くでしょう。,相手に合わせすぎず自分の心地よいペースを保ち対話することで、お互いに自立した関係を築けるでしょう。,誠実で着実な対話を対人関係の核に置き、長期的に信頼できる契約や合意を交わす配置。,あなたは相手と落ち着いてじっくり話し合い、誠実な対話を通して深い信頼関係と対等なパートナーシップを築き上げることを大切にします。その聞き上手で安心感を与えるコミュニケーションは、時間をかけて確固たる絆を育み、揺るぎない人間関係の基盤となるでしょう。
Mercury,Taurus,8,物事の本質を深く探求し、秘めたる知恵を言葉にする,物事の奥深くをじっくりと探求し、秘めたる知恵を言葉にすることで、他者との深い結びつきを生み出すでしょう。,物事の奥深くまで安定して探求し、鋭い洞察力で本質を理解し、その知恵を伝えることができます。,物事を深く考えすぎて執着し、疑いやすくなる傾向があります。時には手放す勇気を持つことで、心が軽くなるでしょう。,親しい人とは慎重に本音を交わし、深い洞察から生まれる重みのある対話をする傾向があります。,組織の資産管理能力と深い洞察力で、金融や専門研究の分野で大きな役割を果たすでしょう。,他者とリソースを共有する不安を克服し信頼を深めることで、個人の力を超えた大きな価値を受け取れます。,受け継ぐべき知識や財産の情報を慎重に扱い、実利に基づいた深い絆を維持する配置。,あなたは物事の奥深くをじっくりと探求し、その本質を言葉にすることで、秘められた知恵や真実を明らかにします。その深い洞察力は、他者との間に確かな信頼と深い結びつきを生み出し、変容と成長のきっかけをもたらすでしょう。
Mercury,Taurus,9,じっくりと真理を探求し、揺るぎない哲学を語る,じっくりと真理を探求し、揺るぎない自分なりの哲学や思想を、落ち着いた言葉で表現することを大切にします。,安定した思考で真理を探究し、揺るぎない哲学と理念を深く理解し、言葉で伝える力に優れています。,自分の思想にこだわりすぎて視野が固定されがちです。様々な考え方を取り入れることで、新たな発見があるでしょう。,自分の信念を積み上げて着実に語るため、地に足のついた思想の持ち主として周囲から評価されやすいです。,実用的な哲学と長期的な視点を武器に、学問研究や教育活動で着実な成果を収めるでしょう。,抽象的な概念を現実的な成果に結びつける意識を持つと、広い視野が人生を導く力強い知恵となります。,普遍的で揺るぎない真理を着実に学び、時間をかけて実用的な哲学を構築する配置。,あなたはじっくりと真理を探求し、揺るぎない自分なりの哲学や思想を落ち着いた言葉で表現することを大切にします。その確固たる精神的支柱は、実生活に役立つ知恵として昇華され、あなた自身の生き方を深く、そして豊かに彩るでしょう。
Mercury,Taurus,10,社会で信頼されるよう、着実に計画を練り言葉にする,社会での目標をじっくりと計画し、信頼される言葉で着実に実行することで、あなたの使命を形にします。,社会の状況を安定して判断し、信頼を築きながら着実に成果へと導く計画的な思考力が強みです。,社会的評価や自分の意見に固執しすぎると、変化を恐れてしまいます。柔軟な姿勢で受け止めると、道が開けるでしょう。,社会的な場では発言に安定感があり、現実感覚のある思慮深い人として評価されやすいでしょう。,堅実な判断力と着実な計画力で、社会において信頼される重要な役割を担いやすいでしょう。,結果だけでなく内面的な満足度も大切にすることで、周囲の期待に左右されない真の自信を確立できます。,堅実な実績を重視する思考が社会的な顔となり、確実な実務能力によって地位を築く配置。,あなたは社会での目標をじっくりと計画し、信頼される言葉と着実な実行力で自身の使命を形にしていきます。その堅実な実績を重視する思考は、あなたの社会的な評価を高め、揺るぎない地位と確かなキャリアを築き上げる原動力となるでしょう。
Mercury,Taurus,11,じっくりと仲間と語り合い、未来のビジョンを形にする,仲間とじっくりと対話することで、未来の理想像や共通の目標を言葉にし、共に形にしていきます。,仲間との信頼関係を大切にし、着実に交流を深めながら、未来のビジョンを計画的に形にする力が強みです。,仲間との関係が惰性になり、閉鎖的になりやすいので、新しい交流にも目を向けると、視野が広がり未来につながります。,仲間との交流では急がず確実に意見をまとめ、グループに安定感をもたらす存在になりやすいです。,仲間との絆を大切にし、穏やかなコミュニティ運営や未来のビジョンを共有する活動で貢献するでしょう。,現状の安定に満足せず未来への変化を仲間と共に受け入れると、より普遍的な大きな目的を達成できます。,共通の価値観を持つ仲間と具体的な情報を交換し、安定した未来を計画的に描く配置。,あなたは信頼できる仲間とじっくり対話することで、未来の理想像や共通の目標を言葉にし、共に具体的なビジョンを形にしていきます。その着実なコミュニケーションは、安定したネットワークの中で持続可能な未来を描き、確かな絆と共に希望を育むでしょう。
Mercury,Taurus,12,落ち着いて内面と向き合い、直感をじっくりと言葉にする,落ち着いて自分の内面と深く向き合い、心の奥底にある直感や気づきをじっくりと言葉にするタイプです。,深く内省し、精神を安定させて物事を忍耐強く理解する力があり、心の癒しを言葉にできます。,内面と向き合いすぎて、思考が停滞したり執着したりすることがあります。気分転換で外の世界に目を向けることも大切です。,表立って多くを語らなくても言葉に重みがあり、静かに周囲の考えを支える人として映りやすいでしょう。,内面と深く向き合い、瞑想や芸術を通じ、社会に精神的な癒やしをもたらす活動で才能を発揮するでしょう。,孤独を恐れず内省の時間を豊かに育むことで、潜在意識にある豊かさを現実で活かす知恵が湧いてくるでしょう。,内面にある豊かな感覚を論理的に整理し、一人の時間で目に見えない価値を熟考する配置。,あなたは静かな環境で自分の内面と深く向き合い、心の奥底にある直感や気づきをじっくりと言葉にすることで、目に見えない価値を形にします。豊かな感性と深い洞察力は、あなた自身の世界を論理的に整理し、秘められた知恵をじっくりと熟成させるでしょう。
Mercury,Gemini,1,好奇心旺盛に自分を探求し、軽やかに表現する,好奇心の赴くままに自分を探求し、得た知識や情報を軽やかに言葉にして、周囲にあなたらしさを伝えます。,好奇心旺盛な思考と機転の利く発信力で、自分らしさを軽やかに表現できるコミュニケーション能力に優れています。,色々なことに気が散って多弁になり、考えが表面的になりがちです。一つに集中する時間を設けると、表現に深みが増します。,言葉が軽やかに前へ出やすく、話しやすく機転の利く人として周囲から好意的に見られやすいでしょう。,多才な表現力と素早い適応力を活かし、放送や広告など情報の仲介で個性を輝かせるでしょう。,一貫性のある目標を持ち一つのことを掘り下げる意識を持つと、持ち前の器用さがより確かな成果に結びつきます。,多才で軽やかな知性と抜群のコミュニケーション力が、常に変化し続ける個性を彩る配置。,あなたは尽きることのない好奇心に導かれ、自らの多面性を軽やかに探求し、得た知識や情報を言葉にして周囲に伝えます。その多才で軽快な知性と抜群のコミュニケーション力は、あなた自身の個性を鮮やかに彩り、周囲を惹きつける魅力となるでしょう。
Mercury,Gemini,2,多角的な視点で才能を見つけ、知的に価値を創造する,多角的な視点で自分の才能や価値を見つけ出し、知的なコミュニケーションで豊かな財産を築くでしょう。,多角的な情報判断力と優れた機転で、新しい価値や資源を生み出す商才があなたの強みです。,価値観が定まらず迷いやすく、衝動的に浪費しやすい傾向があります。本当に大切なものは何か、じっくり考えると安心です。,自分の価値観を柔軟に言語化し、頭の回転が速く知的な人という印象を周囲に与えやすいです。,情報を価値に変える知性と巧みな話術を活かし、販売や営業で経済的な成功を収めるでしょう。,知識をただ集めるだけでなく実利に結びつける方法を学ぶことで、経済的な基盤をより強固に築けます。,多彩なスキルと流動的な情報のハブとなる知性が、多様な収入源を器用に作り出す配置。,あなたは多角的な視点から自身の才能や価値を見つけ出し、知的なコミュニケーションを通じて豊かな財産を創造します。多彩なスキルと流動的な情報を巧みに活用することで、変化を楽しみながら多様な収入源を築き、あなたの人生を豊かに彩るでしょう。
Mercury,Gemini,3,好奇心旺盛に学びを広げ、言葉で軽やかに伝える,好奇心いっぱいに色々なことを学び、得た情報を軽やかな言葉で周りの人々に伝えていくタイプです。,幅広い知識欲と高い対話力で、物事を素早く理解し、軽やかな言葉で発信できるのが強みです。,知識を広げるのは得意ですが、時に軽口を叩きがちです。じっくりと物事を深掘りすることで、言葉の重みが増すでしょう。,会話のテンポや情報処理が速く、知的でコミュニケーション上手な人として見られやすいでしょう。,圧倒的な情報収集力と伝達力で、教育やジャーナリズム分野でリーダーシップを発揮するでしょう。,情報の正確さを意識しつつ思慮深い発言を心がけると、知的な影響力と周囲からの信頼が高まります。,旺盛な好奇心が情報の収集と伝達を加速させ、言葉を巧みに操る発信者として活躍する配置。,あなたは旺盛な好奇心に導かれ、あらゆる学びを広げながら、得た情報を軽やかな言葉で周囲に伝えていくでしょう。その圧倒的な情報処理能力とフットワークの軽さは、知的な循環を生み出し、あなたを言葉を巧みに操る発信者として輝かせます。
Mercury,Gemini,4,家庭内で活発に話し合い、知的な交流で基盤を育む,家庭内での活発なコミュニケーションを通して、知的な交流で心の基盤を育み、安心できる場所を大切にします。,柔軟な思考で家庭内の対話を促し、情報を深く理解することで安心できる基盤を築くのが得意です。,家庭内で思考が過多になり、情報に振り回されてしまいがちです。本当に必要なものを選び取ることで、心が落ち着きます。,親しい人との会話は特に活発で、家庭の中でも明るく場を盛り上げる存在になりやすいでしょう。,知的な刺激に満ちた家庭環境を築く力を活かし、在宅での知的作業や教育分野で活躍しやすいでしょう。,内面の落ち着きのために静寂な時間を持つ意識が、絶え間ない思考を建設的に制御する力となるでしょう。,家の中でも絶え間ない情報交換を好み、知的な刺激に満ちた軽やかな家庭環境を作る配置。,あなたは家庭内での活発なコミュニケーションを大切にし、知的な交流を通じて心の基盤を育み、安心できる場所を創造します。家族との軽やかな対話は、常に新しい刺激を生み出し、知的な喜びに満ちた豊かな家庭環境を築き上げていくでしょう。
Mercury,Gemini,5,好奇心のままにアイデアを出し、創造的に自己表現を楽しむ,好奇心に導かれて新しいアイデアを次々と生み出し、言葉や表現で創造的な自己表現を楽しむでしょう。,好奇心から生まれる創造的な発想力と、機知に富んだ言葉で自分を表現する魅力が強みです。,恋愛や楽しみにおいて気分が変わりやすく、軽率な言動になりがちです。相手の気持ちをじっくり考えることで、関係が深まります。,言葉に遊び心や機知が感じられ、話していて面白い人として周囲の印象に残りやすいでしょう。,多彩なアイデアと遊び心を活かし、企画制作やゲーム開発など創造的な分野で才能を開花させるでしょう。,心身の健康のため神経の興奮を鎮める習慣を持つと、過度なマルチタスクによる消耗を防げるでしょう。,言葉遊びや知的なゲームを楽しみ、多彩なアイデアを軽やかに自己表現の武器にする配置。,あなたは尽きない好奇心に導かれ、次々と新しいアイデアを生み出し、言葉や表現を通して創造的な自己表現を心から楽しみます。その知的な遊び心は、ウィットに富んだ表現で周囲を明るく照らし、あなたの人生に豊かな彩りと喜びをもたらすでしょう。
Mercury,Gemini,6,効率的に情報を処理し、知的な工夫で実務をこなす,効率的に情報を処理し、知的な工夫を凝らしたコミュニケーションで、日々の実務をスムーズにこなします。,機転の利く発想と優れた分析力で、日常業務を効率的にこなし、常に改善していくことが得意です。,日々の仕事で神経質になったり、作業が散漫になりがちです。休憩をしっかり取り、心と体を休めることで、集中力が高まります。,情報整理や説明が得意なため、器用に仕事をこなす頼れる存在として周囲から評価されやすいです。,効率的に情報を処理し、知的な工夫で実務を回す役割で優れた能力を発揮しやすいでしょう。,相手の言葉の裏にある感情を汲み取る努力をすると、知的交換以上の深い信頼関係を築けるでしょう。,複数のタスクを並行処理する事務能力が、多忙な職場環境を効率的に整理する配置。,あなたは効率的に情報を処理し、知的な工夫を凝らしたコミュニケーションで日々の実務をスムーズにこなします。複数のタスクを鮮やかに並行処理する高い能率は、現場の調整役として卓越した力を発揮し、周囲からの信頼を集めるでしょう。
Mercury,Gemini,7,軽やかな対話で交流を深め、知的に人間関係を築く,軽やかな対話で相手との交流を深め、知的な視点で対等なパートナーシップを築き上げることを得意とします。,軽やかな対話で人との関係性を深く理解し、柔軟な思考力で協調性を生み出す交流の達人です。,人間関係で優柔不断になったり、言葉を操りがちです。正直な気持ちで向き合うことで、信頼が深まり、良い関係が築けます。,一対一の関係では対話で距離を縮め、知的で刺激的な相手として周囲に映りやすいでしょう。,優れた会話術と交渉力を武器に、仲介業や接客など人間関係を築く分野で良好な関係を築くでしょう。,秘密を守り真実を追求する誠実さを養うことで、他者からの深い信頼を得て重要な役割を任されるでしょう。,対人関係において知的な刺激を交換し、言葉のキャッチボールを通じて自分を高める配置。,あなたは軽やかな対話を通して相手との交流を深め、知的な視点で対等なパートナーシップを築き上げることを得意とします。相手に合わせて柔軟に言葉を選び、多様な価値観を吸収する社交の達人として、あなたは豊かな人間関係を育み、互いに高め合う絆を築くでしょう。
Mercury,Gemini,8,物事の本質を深く分析し、知的な洞察で変革を促す,物事の本質を深く分析し、鋭い知的な洞察を言葉にすることで、深い変容や再スタートを促すでしょう。,深い知識欲と鋭い洞察力で、物事の本質を深く探り、本質的な変化を促す知的な探究心があります。,物事を深く探求しすぎて疑念を抱きやすく、情報を操作しがちです。信頼する心を持つことで、より深い理解に繋がります。,表面は軽やかでも深い話題に踏み込み、相手の本音を引き出すような対話をする傾向があります。,深い知性と調査能力を活かし、心理分析や他者の資産運用で本質を見抜き強みを発揮するでしょう。,膨大な情報の中から普遍的な真理を見出す意識を持つと、知識が知恵へと進化し人生の指針が明確になります。,他者の心理や秘密の情報を器用に分析し、知的な共有を通じて深い関係性を探る配置。,あなたは物事の本質を深く分析し、鋭い知的な洞察を言葉にすることで、深い変容や新しい再スタートを促します。他者の心理や複雑な情報の裏側を機敏に読み解く高い分析力は、問題の核心を解明し、あなたならではの知恵で未来を切り開く力となるでしょう。
Mercury,Gemini,9,広範な知識で真理を探求し、知的な好奇心で世界を広げる,広範な知識への知的好奇心を満たしながら、真理を探求し、知的な言葉であなたの世界を広げていきます。,旺盛な知識欲で真理を探究し、多様な情報を理解して、自身の思想を軽やかに発信する力に優れています。,思想が軽薄になり、視野が散漫になりがちなので、一つのことにじっくりと向き合う時間を持つことで、深みが増すでしょう。,学びや思想を共有する会話を好み、視野を広げる刺激的な話し相手として好感を持たれやすいでしょう。,広い知識欲と語学力を活かし、出版や留学支援など世界を広げる活動で多くの人に影響を与えるでしょう。,肩書きや評判に一喜一憂せず長期的なキャリア形成を見据えることで、社会的な影響力がより安定します。,多様な思想や異文化を軽やかに渡り歩く知的好奇心が、精神的な視野を急速に広げる配置。,あなたは広範な知識への知的好奇心を満たしながら真理を探求し、知的な言葉で自身の世界を広げていきます。多様な思想や異文化を軽やかに渡り歩く知的な冒険は、あなたの精神的な視野を急速に広げ、人生に豊かなインスピレーションをもたらすでしょう。
Mercury,Gemini,10,社会で情報を活用し、知的な戦略で道を切り開く,社会の情報を巧みに活用し、知的な戦略を言葉にすることで、あなたのキャリアの道を軽やかに切り開くでしょう。,社会の状況を多角的に理解し、機転の利く判断力と優れた発信力で、新しい道を切り拓く戦略家です。,社会での発言が軽率になり、周囲の評価に振り回されがちです。自分の軸をしっかり持つことで、自信を持って進めます。,社会的な場では発信力が際立ち、情報感度の高い知的なリーダーとして周囲から見られやすいです。,優れた情報発信力とコミュニケーション力で、知的な戦略を用いて社会で活躍しやすいでしょう。,独自の意見を大切にしつつ仲間の声を聴くことで、集団の中で個性を埋没させずに理想を追求できます。,情報発信力や交渉術を社会的な武器にし、複数の分野を跨いで柔軟に活躍する配置。,あなたは社会の情報を巧みに活用し、知的な戦略を言葉にすることで、自身のキャリアの道を軽やかに切り開きます。優れたプレゼン能力や交渉術は、変化に対応する柔軟な戦略を生み出し、複数の分野を横断して活躍するあなたの成功を後押しするでしょう。
Mercury,Gemini,11,仲間と活発に情報交換し、知的な視点で未来を創る,仲間と活発に情報交換をしながら、知的な視点で未来のビジョンを言葉にし、共に新しいコミュニティを創ります。,仲間と積極的に情報を共有し、未来を見据えた企画を発想する交流力に優れています。,仲間との関係が表面的になったり、情報に振り回されがちです。本当に大切な人との深い交流を心がけると安心です。,仲間との情報共有を自然に促し、グループをつなぐ知的な発信役として活躍する傾向があります。,多様な人脈と情報交換のセンスを活かし、SNS運営や異業種交流で未来を創る調整役として活躍するでしょう。,内面の混乱を整理する思考の言語化習慣を持つことで、精神的な安定と創造的な閃きを両立できます。,趣味やトレンドを共有する仲間と繋がり、自由な情報のネットワークを未来へ広げる配置。,あなたは仲間と活発に情報交換をしながら、知的な視点で未来のビジョンを言葉にし、共に新しいコミュニティを創造します。趣味や志を共にするフラットなネットワークにおいて、あなたは情報の発信源となり、仲間同士を繋ぐ知的なハブとして輝かしい活躍を見せるでしょう。
Mercury,Gemini,12,柔軟な思考で内面を探り、無意識の知恵を言葉にする,柔軟な思考で内面を深く探り、無意識の知恵や直感を軽やかに言葉にすることで、癒しを生み出すでしょう。,内面を深く探究する柔軟な思考と、直感的な知性で、言葉を通じて心の奥深くを理解し癒せます。,思考が迷路に入り込み、不安が増幅しやすいため、意識的にリラックスする時間を作り、心を落ち着かせると良いでしょう。,表立っては控えめでも内面では思考が活発で、静かに全体を見通す観察者として映りやすいでしょう。,豊かな想像力と柔軟な思考で、カウンセリングや創作活動を通じて内面の知恵を言葉にする才能を発揮するでしょう。,自分の感情を大切にしつつ客観的な視点を養うことで、感受性の豊かさを建設的なリーダーシップへと繋げられます。,匿名での執筆や空想的な情報の処理を通じて、内面にある多彩な思考を整理する配置。,あなたは柔軟な思考で自身の内面を深く探り、無意識の知恵や直感を軽やかに言葉にすることで、周囲に深い癒しをもたらします。目に見えない情報や潜在意識の断片を掬い上げ、言葉にならない感覚を独自の理論で整理する精神的な探求は、あなたの人生に豊かなイマジネーションと洞察力を与えるでしょう。
Mercury,Cancer,1,感情豊かに自分を表現し、共感を呼び起こす言葉を発する,感情豊かに自分の思いを言葉にし、温かい共感を呼ぶ表現であなたらしい魅力を周りに伝えます。,人の感情を深く理解し共感することで、心温まる言葉で自分を表現し、周囲との絆を深められます。,感情が揺れやすく、自己表現が感情的になりがちです。一度冷静になって、客観的な視点を持つことを意識すると良いでしょう。,言葉に感情や温かさが乗りやすく、親しみやすい人として周囲から好意的に受け入れられやすいでしょう。,深い共感力と細やかな気配りを活かし、対人援助や教育で周囲を安心させる存在として活躍するでしょう。,形ある豊かさだけでなく内面の充足感を重視することで、物心両面での真の安定と安心を手に入れられます。,感情を察知する鋭い感受性が言葉に乗り、周囲の心に寄り添う共感的な自己を表現する配置。,あなたは感情豊かに自身の思いを言葉にし、温かい共感を呼び起こす表現であなたらしい魅力を周囲に伝えます。相手の心を汲み取る鋭い感受性と言葉は、親しみやすく情緒的な自己表現となり、人々の心に深く響くでしょう。
Mercury,Cancer,2,共感力で人の価値を見出し、自分の才能を言葉で表現する,温かい共感力で人や物の価値を見出し、自分の才能を言葉で表現することで豊かな財産を築いていきます。,心で感じる価値を大切にする判断力と、家族や大切なものを守り育む思考力があなたの強みです。,不安な気持ちから判断を急いだり、感情的に浪費しがちです。本当に価値あるものを見極める習慣を持つと、心が安定します。,自分の大切な価値観を情感込めて語り、温かく誠実な人という印象を周囲に与えやすいでしょう。,優れた経済感覚と育成能力を武器に、家計管理や生活サービス業で安定した収益を上げるでしょう。,感情を言葉にする際に理論的な裏付けを持つ意識が、持ち前の共感力を多くの人に届く知恵に変えるでしょう。,身内の生活を守るための経済的な知恵が、情緒的な繋がりを活かした商売に発揮される配置。,あなたは温かい共感力で人や物の本質的な価値を見出し、自身の才能を言葉で表現することで豊かな財産を築いていきます。直感的な商才と守りの知恵を活かし、安心感を大切にしながら、思い出深いものを価値あるものへと育て上げるでしょう。
Mercury,Cancer,3,温かい言葉で学びを深め、心を込めた対話で共感を広げる,温かい言葉で学びを深め、心を込めた対話を通して、周りの人々と共感の輪を広げていくでしょう。,豊かな感情で相手を理解し、共感を呼ぶ温かい対話を通じて、人との絆を深めることができます。,感情的な発言が増え、過去の出来事に執着しがちです。今の瞬間に集中し、冷静に状況を見つめることで、心が落ち着きます。,気持ちを込めた会話で共感を呼びやすく、相手に寄り添える話し相手として好まれやすいでしょう。,温かい言葉と優れた聞き上手な能力で、カウンセリングや広報活動を通じ厚い信頼を得るでしょう。,家族への献身と自己実現のバランスを意識すると、プライベートの充実がそのまま社会的な活力となります。,相手の心の変化を敏感に読み取る伝達力が、身近な交流に温かな心の繋がりをもたらす配置。,あなたは温かい言葉で学びを深め、心を込めた対話を通して、周りの人々と共感の輪を広げていくでしょう。相手の心の変化を敏感に読み取る伝達力と抜群の記憶力は、身近な交流に温かな心の繋がりをもたらし、深い共感を生み出します。
Mercury,Cancer,4,大切な居場所を守るために、安心を届ける言葉を紡ぐ,大切な居場所や家族を守るため、安心感を届ける温かい言葉を紡ぎ、心の土台をしっかりと築きます。,大切な基盤や居場所を深く理解し、共感と思いやりの心で、安心を届ける言葉を紡ぐことが強みです。,家族への思いが強すぎて、感情的な判断をしがちです。広い視野で物事を捉えることで、より良い選択ができるでしょう。,身近な人とは感情的な交流が増えやすく、家庭的で心温まる親密な関係を築く傾向があります。,身内を守る深い愛情と包容力を活かし、家庭的な職場で人々の心の拠り所となるでしょう。,他者の反応に一喜一憂せず純粋な創作意欲を育むことで、時代に左右されない普遍的な感動を生み出せます。,家族の思い出やルーツに関する情報を大切にし、情緒的な言葉で安らげる家庭を築く配置。,あなたは大切な居場所や家族を守るため、温かい言葉を紡ぎ、安心感を届けることで心の土台をしっかりと築きます。家庭内の調和とルーツを慈しむ知恵は、家族の気持ちを繋ぎ止める細やかな配慮となり、安らぎに満ちた居場所を育むでしょう。
Mercury,Cancer,5,心温まる表現で創造性を育み、喜びを伝える言葉を生み出す,心温まる豊かな表現で創造性を育み、喜びや愛情を伝える言葉を生み出すことを大切にするタイプです。,心温まる情感で創造性を育み、共感を呼ぶ作品を生み出すことで、周囲に喜びを伝える魅力があります。,恋愛に依存したり、感情が優先されすぎて思考が曖昧になりがちです。自分の心を大切にし、自立を意識すると良いでしょう。,表現に情緒がにじみ、愛嬌や親しみを感じさせる温かい人として周囲の印象に残りやすいでしょう。,豊かな感受性と創造力を武器に、子供向けコンテンツや演劇など心温まる表現分野で才能を輝かせるでしょう。,周囲の期待に応えようと自分を後回しにしない意識が、持続可能な奉仕と健康な生活を両立する鍵となるでしょう。,自分の気持ちを込めた温かい創作や、育てる楽しみを知的に工夫して表現する配置。,あなたは心温まる豊かな表現で創造性を育み、喜びや愛情を伝える言葉を生み出すことを大切にします。創作活動や子育てにおいて、愛情たっぷりの想像力を形にする知的な喜びは、人々の心に深く響くあなたの特別な才能となるでしょう。
Mercury,Cancer,6,人の役に立つ実務を丁寧に進め、思いやりの言葉で支える,人の役に立つ実務を丁寧に進め、思いやりのこもった言葉で周りの人々を温かく支えていくでしょう。,人への深い配慮と思いやりの思考で、日常の実務を理解し、心込めて改善していくことが強みです。,周りの人に過干渉になったり、心配しすぎて感情的に疲れてしまいがちです。自分の心も休ませてあげることを心がけましょう。,相手の気持ちをくみ取って優しく伝え、細やかな気配りができる人として周囲から見られやすいです。,周囲の状況や感情を繊細に読み取り、思いやりある言葉で実務を円滑に進めるでしょう。,周囲の期待に応えつつ自分を大切にすることで、持続可能な奉仕と健康な生活を両立できます。,周囲の状況を察して先回りする実務能力が、職場での細やかなサポートとして機能する配置。,あなたは周囲のニーズを敏感に察しながら、人の役に立つ実務を丁寧に進め、思いやりの言葉で人々を温かく支えます。その細やかなサポートと環境整備の知恵は、チームの潤滑油として機能し、職場や日常に調和と安心感をもたらすでしょう。
Mercury,Cancer,7,相手の気持ちに寄り添い、信頼を育む言葉で関係を深める,相手の気持ちに寄り添い、丁寧な言葉で信頼関係を築き、絆を深めていくことを大切にします。,相手の気持ちに深く寄り添い、思いやりのある対話で信頼を育む関係構築力に優れています。,相手への感情が過敏になり、関係に依存したり嫉妬深くなる傾向があります。信頼を育む言葉を選ぶと良いでしょう。,一対一の対話では相手の気持ちに寄り添い、信頼を育む優しい対話を自然とできるでしょう。,相手の心に寄り添う温かい言葉で、コンサルティングや接客で深い信頼関係を築けるでしょう。,相手の気持ちに寄り添いつつ自分の意志を明確に伝えることで、真の相互理解に基づく強い信頼関係が築けます。,対人関係において情緒的な共感を言葉で示し、家族のような親密な絆を対話で築く配置。,あなたは相手の心にそっと寄り添い、信頼を育む丁寧な言葉で深い人間関係を築く才能に恵まれています。その温かい共感力は、時に相手を深く安心させますが、健全な関係を築くためには、冷静な判断で適切な距離感を保つ意識も大切にしてください。
Mercury,Cancer,8,心の奥底と向き合い、深い共感の言葉で変化を促していく,他者と深く心を通わせ、共感の言葉で困難を乗り越え、共に再生していく力を持っています。,人の心の奥底を鋭く洞察し、共感の言葉で相手の変容を優しくサポートする思考力があります。,深い関係において感情的に執着しやすく、疑念を抱きやすい傾向があります。冷静な視点を持つと安心です。,親しい人とは本音を深く交わし、心の奥に触れる対話を通して絆を深める傾向があります。,深い洞察力と受容力で心の奥と向き合い、変容を促す言葉で人々を支える力があるでしょう。,他者と深く心を通わせる恐れを手放すことで、あなた本来の癒やしの力が大きな社会的価値へと昇華されます。,他者の深層にある悩みを聞き出す洞察力が、深い絆や家系の秘密を扱う場面で活かされる配置。,あなたは他者の心の奥底や秘められた真実に対し、直感と共感を持って深く寄り添い、その本質を理解しようとします。その鋭い洞察力は物事の本質を見抜く力となりますが、悲観に囚われず、常に建設的な解決策を模索することで、自他共に再生へと導くことができるでしょう。
Mercury,Cancer,9,深い共感を持って真理を探求し、得た知恵を言葉で伝える,共感力を持って真理を深く探求し、得た知恵や哲学を心に響く言葉で伝えていくタイプです。,温かい共感力で物事の本質を探求し、揺るぎない信念と思想を言葉で守り伝える力があります。,感情に流されて特定の思想に固執し、視野が狭くなりがちです。多様な視点から物事を考えると良いでしょう。,感情や体験を交えて深く語るため、あなたの話は周りの人の心に温かく響きやすいでしょう。,高い理想と共感力で真理を探求し、得た知恵を温かい言葉で人々に伝える才能を発揮します。,抽象的な理想を身近な人への具体的な愛に変えることで、あなたの広い視野が確かな貢献へと繋がるでしょう。,愛や情緒的な繋がりを普遍的な真理として学び、心の安らぎを求める哲学を深める配置。,あなたは慈愛に満ちた心で普遍的な真理を探求し、人々の心に寄り添う独自の哲学を育んでいきます。得た知恵を温かい言葉で伝える才能がありますが、論理的な裏付けを意識することで、あなたの思想はより深い説得力と広がりを持つでしょう。
Mercury,Cancer,10,社会で共感力を発揮し、人々の心に響く言葉で貢献する,社会的な場面で共感力を活かし、人々の心に寄り添う言葉で信頼を得て、活躍していくでしょう。,社会全体への深い配慮と共感で判断し、信頼される対話を通じて貢献できるという長所があります。,社会的な評価を感情的に気にしすぎたり、身内を優先しがちです。公私のバランスを意識すると調和しやすくなります。,社会的な場でも配慮ある優しい話し方をするため、面倒見の良い人として周囲から頼られやすいでしょう。,人々を思いやる配慮ある言葉や判断が、社会的な評価と信頼につながりやすいでしょう。,仕事の結果と自身の心の満足を大切にすることで、周囲から愛され尊敬されるリーダーとしての地位を確立できます。,大衆の心理を掴む共感的な発信力を社会で活かし、人情を解するリーダーとして活躍する配置。,あなたは社会的な舞台で人々の感情に深く共鳴し、心に響く言葉で大衆を惹きつける才能を持っています。親しみやすいカリスマとして信頼を集めますが、公私を明確に区別し、プロ意識を貫くことで、あなたの影響力はさらに揺るぎないものとなるでしょう。
Mercury,Cancer,11,仲間との絆を大切にし、共感を呼ぶ言葉で理想を語り合う,仲間との心の絆を大切にし、共感を呼ぶ言葉で理想の未来を分かち合うことを喜びとするタイプです。,仲間への深い共感と支援の思考で、情報を分かち合いながら未来を築くことに優れています。,仲間との関係で感情的に同調しすぎて、身内を偏重する傾向があります。客観的な視点を持つと安心です。,仲間との会話では気持ちを繋ぐ温かい発言が多く、グループの安心感を支える存在となるでしょう。,仲間への深い愛情と共感力で、非営利団体やコミュニティ活動で人々と共に理想を追求するでしょう。,既存のコミュニティを大切にしつつ新しい風を取り入れる柔軟さを持つことで、理想の未来をより確実に形にできます。,志を同じくする仲間と感情的な情報を共有し、温かな理想のコミュニティを言葉で育む配置。,あなたは仲間との心の絆を何よりも大切にし、共に理想の未来を描き、相互支援の温かいコミュニティを育んでいくことに喜びを感じます。その結束力を高める対話の才能は素晴らしいものですが、時には外部の多様な意見にも耳を傾けることで、あなたの世界はさらに豊かに広がっていくでしょう。
Mercury,Cancer,12,内なる感情に深く耳を傾け、心の声を癒しの言葉に変える,自分の内なる感情に深く向き合い、心の声を癒やしの言葉に変えて、表現していく性質です。,内なる直感を深く理解し、心の声に寄り添いながら癒しと共感の言葉を生み出すことができます。,感情が過敏になると、思考が迷走したり混乱しがちです。心と向き合い、内なる声に耳を傾ける時間を大切にしましょう。,感受性豊かな言葉を選び、表には出しすぎず静かに相手の心に寄り添う人として映りやすいでしょう。,内なる感情に耳を傾け、癒やしの言葉で人々の心の痛みに寄り添い、献身的に支えるでしょう。,内なる豊かな感情を独りで抱え込まず表現することで、精神的な混乱を避け清らかな直感を維持できるでしょう。,言葉にならない繊細な思いを一人の時間で整理し、匿名の場所や祈りの中で密かに思考する配置。,あなたは潜在意識の奥深くにある繊細な感情をすくい上げ、詩的でイメージ豊かな言葉へと昇華させる特別な感性を持っています。その神秘的なインスピレーションは素晴らしい創造性の源となりますが、現実的な判断においては信頼できる周囲の助言に耳を傾けることで、よりバランスの取れた選択ができるでしょう。
Mercury,Leo,1,情熱的な言葉で自己を表現し、自分らしい輝きを放つ,情熱的で魅力的な言葉で自分自身を表現し、周りの人を惹きつける華やかな印象を与えます。,自信と情熱に満ちた表現力で、あなた自身の知性を堂々と発信できることが強みです。,自分の意見を誇張したり、自己主張が強くなりすぎることがあります。周囲の意見も尊重すると良いでしょう。,あなたの話し方には自信と存在感がにじみ、堂々とした魅力的な人として見られやすいでしょう。,堂々とした存在感と情熱的な言葉で、表舞台やクリエイティブな分野で中心的に活躍できるでしょう。,周囲からの称賛を求めすぎず内なる自己肯定感を育むことで、持ち前のリーダーシップがより自然に輝きだすでしょう。,自信に満ちたドラマチックな話し方が、周囲の目を引く華やかな個性の核として表れる配置。,あなたは自信に満ちた情熱的な言葉で、自らの存在感を華やかに表現し、周囲の人々を惹きつけます。人を鼓舞するカリスマ的な話術はあなたの魅力ですが、他者の意見にも謙虚に耳を傾けることで、より深い信頼と共感を得られるでしょう。
Mercury,Leo,2,創造的な言葉で才能を表現し、独自の価値を築き上げる,創造性豊かな言葉で自分の才能を表現し、独自の価値を生み出し、収入へと繋げるタイプです。,創造的な発想力と魅力的な商才で、あなた独自の価値を表現し築き上げることに優れています。,見栄のために衝動的に消費し、浪費しがちです。本当に価値あるものか、冷静に見極める意識が大切です。,自分の考えや価値観を誇りを持って語るため、周囲からは芯の強い人という印象を与えやすいです。,華やかな才能と創造的な言葉で独自の価値を築き、娯楽産業や自己プロデュースで収益を上げるでしょう。,見栄や外見に囚われず本質的な価値を磨くことで、経済的な成功を長く維持できるようになるでしょう。,自らの才能を誇らしくアピールする知性が、自己価値を高めて経済的な富を引き寄せる配置。,あなたは創造性豊かな言葉で自らの才能を華やかに演出し、独自の価値を生み出して現実的な豊かさを築き上げる力を持っています。価値あるものを見極める高い審美眼は素晴らしいですが、客観的な収支も考慮に入れることで、より堅実で確かな成果へと繋がるでしょう。
Mercury,Leo,3,学びを創造的に楽しみ、情熱的な言葉で発信する,学びや情報収集を遊びのように楽しみ、情熱的な言葉で周囲に発信していくことを得意とします。,豊かな表現力と魅力的な発信力で、あなたの創造的な思考を楽しく伝えられることが強みです。,注目されたい気持ちから発言を誇張したり、自己主張が強くなりがちです。言葉を選ぶと誤解を防ぎやすくなります。,あなたの表現は華やかで力強く、話すだけで周囲の場を明るく盛り上げるコミュニケーションを好みます。,ドラマチックで説得力のある言葉で、プレゼンや司会、自己表現を伴う教育の場で輝きを放ちます。,他者の意見にも光を当て賞賛することで、あなたの発言力はより強化され周囲を惹きつける魅力が深まるでしょう。,表現力豊かな魅力的な言葉を使い、日常の会話や発信をエンターテインメントにする配置。,あなたは学びや情報収集を心から楽しみ、ドラマチックで情熱的な言葉で周囲を惹きつける才能に溢れています。その創造的なアイデアは人々を鼓舞しますが、多様な視点や意見にも心を開くことで、あなたの知的な世界はさらに広がりを増すでしょう。
Mercury,Leo,4,家庭に創造性をもたらし、夢を語る言葉で基盤を築く,家庭に明るい創造性をもたらし、温かい言葉で家族の心を繋ぎ、安心できる基盤を築きます。,家庭や居場所を大切に守り、情熱的な言葉で未来への基盤を築くことができる表現力があります。,家庭内で自分の意見を押し付けたり、感情を誇張しがちです。家族の意見にも耳を傾けることで、調和が生まれます。,親しい人との会話では温かさと主導性が発揮され、家庭でも中心的な存在になりやすいでしょう。,家庭に創造性をもたらし、夢を語る言葉で住宅や演出を伴う空間作りで才能を発揮できるでしょう。,身内を支配せず寛大な愛で包む意識を持つことで、家族との間に真の尊敬と平穏が生まれるでしょう。,家族に自分の誇らしい考えを堂々と伝え、華やかで明るい家庭の雰囲気を言葉で作る配置。,あなたは家庭に明るい創造性をもたらし、情熱的な言葉で家族の心を繋ぎ、誇り高い基盤を築くリーダーシップを発揮します。その力強い意思決定は家庭を導きますが、家族一人ひとりの意見にも温かい寛容さを持って耳を傾けることが、より豊かな絆を育む鍵となるでしょう。
Mercury,Leo,5,遊び心と情熱を言葉で表現し、心躍る創造を楽しむ,遊び心と情熱を言葉に乗せて表現し、心ときめく創造的な活動を謳歌するタイプです。,遊び心ある創作発想と魅力的な表現力で、人を惹きつける企画を生み出すことに優れています。,恋愛や遊びで自己顕示欲が強くなり、気分で発言しがちです。相手の気持ちを考えて言葉を選ぶと良いでしょう。,自己表現にドラマ性があり、魅力的で印象に残るような、心躍る話し方を好む傾向があります。,遊び心と情熱に満ちた言葉で、芸術やエンターテインメントの分野で多くの人を魅了するでしょう。,遊び心を大切にしつつ完成度を高める努力を惜しまないことで、一時の流行に流されない確かな実績が築けるでしょう。,独自のクリエイティブなアイデアを熱狂的に語り、自らの才能を華々しく世に問う配置。,あなたは遊び心と情熱を言葉に乗せて、クリエイティブな表現や活動において斬新なアイデアを形にする才能に恵まれています。その華やかな感性は周囲の称賛を集めますが、表面的な注目だけでなく、表現そのものを深く追求することで、あなた自身の喜びと成長に繋がるでしょう。
Mercury,Leo,6,日々の実務に創造性をもたらし、言葉で効率を高める,日常の業務に創造的なアイデアをもたらし、言葉巧みに効率を高め、周囲を明るくします。,日々の仕事に情熱を注ぎ、改善意識を持って積極的に発信することで、実務を主導できる強みです。,仕事で評価に執着し、周りを支配したり完璧を求めすぎることがあります。時には力を抜くことも大切です。,仕事や役割での発言に存在感が光り、周囲からは頼れるまとめ役として見られやすいでしょう。,日々の実務に創造性をもたらし、自分の考えを情熱的な言葉で表現しながら効率を高めるでしょう。,裏方の仕事にも価値を見出し周囲への感謝を忘れないことで、自己管理能力が向上し職場の士気を高められます。,自負を持って仕事に取り組む姿勢が、現場を鼓舞しクリエイティブな解決策を提示する配置。,あなたは日々の実務に創造的なアイデアをもたらし、言葉巧みに効率を高めながら、誇りを持って完璧に任務を遂行するプロフェッショナルです。その有能な働きぶりは周囲を明るくしますが、表面的な賞賛だけでなく、プロとしての誇りそのものを喜びとすることで、内なる充実感を得られるでしょう。
Mercury,Leo,7,情熱的な言葉で人と深く関わり、創造的な関係を築く,情熱的な言葉で相手を惹きつけ、創造的な対話を通じて、深く魅力的な関係を築くタイプです。,情熱的な魅力ある対話で、人との関係を主導しながら創造的に築き上げることに優れています。,人間関係で主導権を握りたがり、自分の意見が強くなりがちです。相手の意見も尊重すると、より良い関係が築けます。,一対一の対話では相手に真摯に向き合うため、誠実で印象深い相手として映りやすいでしょう。,華やかな社交性と情熱的な言葉で、営業や広報、パートナーシップを通じて社会的な評価を得るでしょう。,自分だけでなく相手も輝ける関わり方を意識することで、お互いを高め合えるドラマチックな関係が構築できます。,パートナーとの知的な駆け引きを楽しみ、相手を惹きつけるドラマチックな対話を交わす配置。,あなたは情熱的な言葉で相手を深く惹きつけ、互いの知性を高め合う創造的な関係を築くことに長けています。対等で高潔なパートナーシップを重んじるあなたですが、時には素直に非を認める柔軟さを持つことで、より深い信頼と絆を育むことができるでしょう。
Mercury,Leo,8,深い洞察力で本質を見極め、変容を促す言葉を創造する,深い洞察力で物事の本質を見極め、影響力のある言葉で変革を促すことができる人です。,深い洞察力と強烈な発想力で、心理の本質を情熱的に表現し、変化を促すことができます。,深い関係において、相手を支配的に考えたり極端な判断をしがちです。広い視野で物事を捉えると安心です。,深い関係ほど言葉に熱量がこもり、本気の本音を交わすことで相手との絆を深める傾向があります。,強い意志力と深い洞察力で本質を見極め、組織の再編や秘密性の高い職務で強みを発揮するでしょう。,コントロール欲を抑え他者に権限を委ねる勇気を持つことで、深い絆が大きな変容を成し遂げる力となるでしょう。,共有するエネルギーや絆を特別な物語として語り、深い愛をドラマとして言葉にする配置。,あなたは深い洞察力で物事の本質や他者の深層心理を見極め、影響力のある言葉でダイナミックな変革を促す力を持っています。不屈の精神で真実を追求するあなたですが、分かち合いの精神を持って相手の意思を尊重することで、より調和の取れた未来を創造できるでしょう。
Mercury,Leo,9,広い世界を探求し、壮大なビジョンを言葉で表現する,広い世界への探求心に満ち、壮大なビジョンや哲学を情熱的な言葉で語り、周りを魅了します。,壮大な思想と理念を情熱的に表現し、揺るぎない信念を持って世界に発信できる強みがあります。,自分の思想を誇張したり、独善的になりやすい傾向があります。他者の意見にも耳を傾けると視野が広がります。,自分の信念や思想を堂々と熱意を持って語るため、印象深い語り手として見られやすいでしょう。,広い世界を探求し、壮大なビジョンを情熱的な言葉で表現し、人々にインスピレーションを与えるでしょう。,知識をひけらかさず真理を謙虚に探求する姿勢を持つことで、広い視野が社会を導く普遍的な知恵へと進化します。,高潔な理想や壮大な哲学を追求し、自らの思想を華々しく世界へ向けて発信する配置。,あなたは広い世界への探求心に満ち、壮大なビジョンや哲学を情熱的な言葉で語り、人々を魅了する知性を持っています。先見の明と鼓舞する力で人々を導きますが、理想だけでなく現実的な課題にも目を向け、具体的な解決策を考えることで、あなたの言葉はより確かな道を切り開くでしょう。
Mercury,Leo,10,社会で輝く存在となり、影響力ある言葉で目標を達成する,社会的な場で輝きを放ち、影響力ある言葉で人々を導きながら、目標を達成していく人です。,社会に向けて情熱的に発信し、統率力ある思考で目標を達成するリーダーシップが強みです。,社会的な場で専横的な発言をしたり、評価に執着しがちです。周りの意見も取り入れることで、より協調性が生まれます。,社会的な場での発言は影響力が強く、周囲からは中心人物として頼りにされやすいでしょう。,社会で輝く存在として、情熱的な言葉や発信力が評価され、注目を集めながら目標を達成するでしょう。,肩書きや権威に頼らず真の人徳を磨くことで、周囲から心から敬愛されるリーダーとしての地位を不動のものにできます。,カリスマ性のある発信力で社会の注目を浴び、時代のリーダーとして強い影響力を放つ配置。,あなたは社会の舞台で輝きを放ち、影響力のある言葉で自らのビジョンを力強くプレゼンし、目標を達成していくリーダーです。公的な発信力に優れ、人々を鼓舞するカリスマ性を持っていますが、信頼できる仲間には素直に弱みを見せ、冷静な助言を求めることで、さらなる成功と安定を築けるでしょう。
Mercury,Leo,11,仲間と共に理想を創造し、情熱的な言葉で未来を語る,仲間と共に理想の未来を創造し、情熱的な言葉で希望を語り、コミュニティを盛り上げるでしょう。,優れた企画力と情熱的な表現力で、仲間を鼓舞し未来への新しい発想を生み出すことが得意です。,仲間との活動で注目を集めたがり、独走しがちです。みんなで協力する意識を持つと、より良い未来を築けます。,仲間との間では意見を積極的に打ち出し、場を盛り上げる発信役として活躍するでしょう。,独自の理想を情熱的な言葉で語り、仲間と共に進歩的なグループ活動や社会貢献で輝くでしょう。,個性を発揮しつつ他者の独自性を認める寛容さを養うことで、あなたのビジョンが多くの仲間に支持され形になるでしょう。,才能ある仲間と壮大な未来のビジョンを共有し、ドラマチックな理想を言葉で先導する配置。,あなたは仲間と共に理想の未来を創造し、情熱的な言葉で希望に満ちたビジョンを語り、コミュニティを鼓舞する中心的存在です。友好的で華やかな提案は人々を惹きつけますが、異なる意見にも平等に耳を傾けることで、あなたのネットワークはさらに豊かに広がり、より大きな夢を実現できるでしょう。
Mercury,Leo,12,内なる創造性を言葉で表現し、精神的な輝きを放つ,内なる創造性を言葉に乗せて表現し、精神的な輝きを放つことで、自分も周りも癒していく人です。,内なる精神性や豊かな想像力を、情熱的な言葉で表現し輝きに変えることができる強みです。,自分の考えを誇張しすぎて現実から目を背け、孤立しがちです。内面と向き合い、落ち着いて考える時間を大切にしましょう。,表では控えめでも、自分の考えに誇りを持ち、静かながらも確かな存在感を放つでしょう。,豊かな想像力と内なる創造性を言葉で表現し、匿名での創作や精神的な探求で力を発揮するでしょう。,孤独を恐れず静寂の中で内面を整えることで、内なる創造的なエネルギーを社会のために役立てられるでしょう。,内面にある王者のような壮大な思考を一人の時間で練り上げ、密かに独自の創作を行う配置。,あなたは内なる世界でドラマチックな夢を育み、豊かな創造性を言葉に乗せて表現することで、精神的な輝きを放つことができます。その独自の探求は深いインスピレーションをもたらしますが、恐れずに匿名でも良いので自分の考えを外に出す勇気を持つことで、その輝きは多くの人々に届くでしょう。
Mercury,Virgo,1,自分を客観的に分析し、具体的な言葉で改善を重ねる,自分自身を客観的に分析し、明確な言葉で表現することで、着実に印象を改善していく人です。,物事を客観的に分析し、改善を重ねる実務的な思考力で、自己表現を磨き上げることができます。,自分に対して神経質になり、完璧を求めすぎて批判的になりがちです。時には自分を認め、労ることも大切です。,話し方が整っていて的確なため、周囲からはきちんとした信頼できる人として見られやすいでしょう。,緻密な分析力と具体的な言葉で改善を重ね、専門職や技術職で周囲から厚い信頼を得るでしょう。,欠点だけでなく全体を肯定する視点を持つことで、持ち前の観察力がより生産的なアドバイスへと変わります。,緻密な分析力と正確な判断力が、有能で誠実な自己の個性として明確に表れる配置。,あなたは自分自身を客観的に緻密に分析し、的確な言葉で表現することで、着実に自己を洗練させていくことができます。その誠実で有能な振る舞いは周囲の信頼を集めますが、完璧さを求めすぎず、自分にも他人にも大らかな視点を持つことで、より心のゆとりが生まれるでしょう。
Mercury,Virgo,2,才能を分析し計画を立て、実用的な言葉で価値を高める,自分の才能を細かく分析し、計画的に実用的な言葉で価値を高め、豊かな財産を築くでしょう。,計画的な判断力と整理された思考で、あなたの資質や価値を管理し高めていけるという長所があります。,経済面で不安になりやすく、細部にこだわりすぎて節約しすぎることがあります。心の余裕を持つと良いでしょう。,自分の価値観を現実的に伝えるため、堅実で信頼できる人という印象を周囲に与えやすいです。,優れた金銭感覚と実用的な言葉で、経理や技術提供、商品開発を通じて安定した基盤を築くでしょう。,物質的な完璧さを追求しすぎず適度なゆとりを持つことで、精神的な安心感と経済的な安定を同時に手に入れられます。,細部まで管理された実務的な知恵を使い、無駄を排した着実な方法で財を築く配置。,あなたは自分の才能を細かく分析し、実用的な言葉で着実に価値を高め、豊かな財産を築き上げる力を持っています。無駄をなくす精緻な経済感覚はあなたの強みですが、細部にこだわりすぎず、大局的な視点を持つことで、より大きな豊かさの機会を掴むことができるでしょう。
Mercury,Virgo,3,学びを深め、分析力と言語化で的確に伝える,情報を細かく分析し、正確で的確な言葉で分かりやすく伝え、周囲との交流を深めます。,論理的な思考力と優れた分析力で、物事を的確に整理しスムーズに伝えるコミュニケーション能力に優れています。,完璧を求めるあまり思考過多になり、批判的な発言をしがちです。時には思考を休ませる時間を大切にしましょう。,考えを整理してわかりやすく話すため、丁寧で的確な説明をする人として周囲に受け入れられます。,正確な情報処理と整理能力で学びを深め、実務教育や編集を通じて信頼あるコミュニケーションを築きます。,論理的な正しさだけでなく相手の感情にも配慮した言葉選びをすることで、持ち前の説得力がより温かなものになります。,情報の正誤を冷徹に選別する整理能力が、身近な環境の不備を改善する対話に活かされる配置。,あなたは情報を細かく分析し、正確で的確な言葉で分かりやすく伝えることに長け、周囲の環境に秩序をもたらす知性を持っています。学びへの意欲と事務能力は素晴らしいですが、論理だけでなく言葉に温かみと余裕を持たせることで、より心豊かな交流を育むことができるでしょう。
Mercury,Virgo,4,家庭や心の土台を整えるため、的確な思考と対話で改善する,家庭環境や心の土台を整えるため、的確な思考と対話で改善を重ねていくことを大切にします。,家庭や心の基盤を整える実務的思考と管理力で、居心地の良い環境を作り出すことに優れています。,家庭内で心配しすぎて細部に干渉したり、批判的になりがちです。おおらかな気持ちで接すると、調和が生まれます。,身近な人との会話では配慮と細やかさがあり、安心して何でも話せる相手になりやすいでしょう。,几帳面な管理能力と的確な対話で、家庭や生活の質を整える活動で才能を発揮できるでしょう。,家庭内の完璧さを求めすぎず適度なリラックスを心がけることで、家族との間に和やかで安心できる関係が生まれます。,家庭内のルールを明確に定め、家計管理やルーチンの整理整頓を知的にこなす配置。,あなたは家庭環境や心の土台を機能的に整えるため、的確な思考と対話で改善を重ね、家族に献身的なサポートを提供します。その実務的な知恵は家族の安心に繋がりますが、完璧を求めすぎず、リラックスできる温かい雰囲気作りを優先することで、家庭はさらに豊かな安らぎの場となるでしょう。
Mercury,Virgo,5,遊びや創作を洗練させ、言葉で魅力的に表現する,遊びや創作活動を緻密に計画し、洗練された言葉で表現することで、周囲を魅了します。,繊細な分析力と技巧的な発想で、あなたの創造や楽しみを洗練された形で表現できるのが強みです。,恋愛や創造において、分析しすぎて不安になったり批判的になりがちです。もっと心を開放する意識を持つと良いでしょう。,表現に繊細さや技巧が光り、控えめながらも気の利いた人として周囲に印象を残すでしょう。,緻密な表現力と職人気質のこだわりで、手芸や文芸など高度な技術を伴う創作活動で才能を開花させます。,評価を気にしすぎず創作そのものの喜びを大切にすることで、真に独自性のある素晴らしい作品を生み出せるでしょう。,職人的なこだわりを持つ緻密な思考が、趣味や創作の完成度を極限まで高める配置。,あなたは遊びや創作活動において、細部までこだわり抜いた緻密な思考で、洗練された表現を追求します。その職人的な完成度は周囲から高く評価されますが、時には計画を忘れ、心から無邪気に楽しむ時間を持つことで、あなたの創造性はさらに伸びやかに花開くでしょう。
Mercury,Virgo,6,実務を改善する思考で、日々の効率を上げる発信をする,日々の実務を改善するための思考力に優れ、言葉で効率を高め、奉仕精神を発揮するタイプです。,日々の実務を効率的に管理し、改善思考を持って作業を進める実用的な能力に優れています。,仕事で完璧を求めすぎて神経質になり、過労になりやすい傾向があります。適度に休息を取ることを心がけましょう。,実務や日常での伝達力が高く、有能で頼れる人として周囲から高く評価されやすいでしょう。,細部まで整理する思考力で実務を改善し、日々の業務を正確かつ効率的に進めることができるでしょう。,心身の限界を超えず適度な休息を取り入れることで、安定した高いパフォーマンスを継続できるでしょう。,完璧な実務遂行と精緻な分析能力が、職場のワークフローを正常化する不可欠な力となる配置。,あなたは日々の実務において、改善のための思考力と効率を高める言葉で、最高のパフォーマンスを発揮します。その完璧な仕事ぶりは周囲から絶大な信頼を得ますが、時には意識的に休息を取り、心と体を労ることで、あなたの才能は長く安定して輝き続けるでしょう。
Mercury,Virgo,7,他者との関係性をより良くするため、分析し言葉を尽くす,他者との関係性をより良くするため、相手を分析し、的確な言葉で細やかな気遣いをします。,人との関係性を分析し、理解と調整を丁寧に重ねることで、より良い協力を生み出す思考力があります。,対人関係で相手の細部に干渉したり、批判的になりがちです。相手をあるがまま受け入れると、関係が深まります。,一対一の対話では相手の言葉をよく聞き、丁寧で配慮ある関係を築く傾向があるでしょう。,冷静な分析力と丁寧な言葉で、秘書や法務、専門知識を活かしたコンサルティングで信頼を築きます。,相手の至らなさを指摘せずサポートする姿勢を強調することで、お互いに高め合える円滑な関係が構築できます。,対人関係において誠実で実務的な助言を交わし、互いの生活を整え合う整然とした絆を築く配置。,あなたは他者との関係性をより良くするため、相手のニーズを的確に分析し、細やかな気遣いを言葉で表現する才能を持っています。その誠実なサポートは信頼を育みますが、批判ではなく改善のための提案として言葉を選ぶことで、関係はより温かく深まるでしょう。
Mercury,Virgo,8,深い洞察で本質を見極め、変革を促す言葉を発する,深い洞察力で物事の本質を見抜き、明確な言葉で変革を促し、より良い方向へ導きます。,心理を深く分析する洞察力と思考力で、物事の本質を見極め、変革を促すことができる強みです。,物事を深く分析しすぎて疑念を抱きやすく、内面が疲れてしまいがちです。時には手放すことも大切にしましょう。,深い関係では慎重に言葉を選び、簡単には核心を見せないミステリアスな人として映りやすいです。,深い洞察力と緻密な調査で本質を見極め、会計監査や心理分析など専門的な分野で強みを発揮します。,秘密を守りつつ真実を追求する誠実さを養うことで、深い信頼を得て重要な役割を任せられるでしょう。,共有資産の細かなデータ分析や心理的な深掘りに長け、実務的に深い問題を解決する配置。,あなたは深い洞察力で物事の本質や共有する秘密を見抜き、明確な言葉で変革を促し、より良い方向へと導くことができます。複雑な問題を緻密に解明する才能は素晴らしいですが、時には全体像を捉える視点を持つことで、心にゆとりと安心感が生まれるでしょう。
Mercury,Virgo,9,探求心を持って学びを深め、思考を整理し発信する,知的好奇心と探求心に満ち、学び得たことを分かりやすい言葉で整理し、発信していくでしょう。,理論を探求する分析的な思考で、深く物事を理解し、得た知識を整理して伝えることに優れています。,理屈に偏りすぎたり、他者の思想を批判しがちで視野が狭くなることも。様々な考え方を受け入れる意識が大切です。,考えや信念を論理的に整理して語るため、筋道の通った知的な人として見られやすいでしょう。,向上心と緻密な学究心で学びを深め、学問研究や実用的な教育活動で活躍できるでしょう。,知識をただ整理せず自身の信念と結びつけて発信することで、広い視野が人生を導く力強い知恵になります。,実生活に直結する専門知識を真理として追求し、情報を整理することで人生の指針を得る配置。,あなたは知的好奇心と探求心に満ち、専門的な知識を体系的に学び、実用的な知恵として整理し発信する力を持っています。その勤勉な学者肌は真理の探求に優れますが、論理だけでなく直感的な精神性も知性の一部として受け入れることで、より深遠な理解へと到達できるでしょう。
Mercury,Virgo,10,社会での目標達成のため、計画的な思考と的確な発信,社会的な目標達成のため、計画的な思考力と的確な言葉で、責任ある役割を果たす人です。,実務的な判断力と改善思考で成果を出し、社会的な役割において周囲からの信頼を築くことができます。,仕事で完璧を求めすぎたり、評価を不安に思い執着しがちです。力を抜いて、柔軟な姿勢を心がけると良いでしょう。,社会的な場では説明や調整の正確さが際立ち、実務感覚のある頼れる人として評価されるでしょう。,計画的な思考と的確な発信力で、社会的な目標を達成し、正確な分析や実務力が評価されるでしょう。,結果だけでなく内面的な充足感を大切にすることで、周囲に左右されない真の自信と地位を確立できるでしょう。,高度な実務スキルや分析力を社会的な顔にし、有能な専門家として絶対的な信頼を得る配置。,あなたは社会的な目標達成のため、計画的な思考力と的確な言葉で、責任ある役割を完璧に果たしていく専門家です。その高度な実務能力と管理スキルは周囲から絶大な信頼を得ますが、時には自分の限界を認め、他者に頼る勇気を持つことで、より長く安定して活躍できるでしょう。
Mercury,Virgo,11,理想の未来や仲間との協調のために、思考し明確に伝える,仲間との協調性を大切にし、理想の未来を明確な言葉で語り、実現に向けて貢献するタイプです。,組織や仲間との協力を計画的に分析し、実務的な思考で理想の未来を築き上げることが得意です。,仲間との関係で神経質になり、細部に干渉したり批判的になりがちです。相手を信頼する心を持つと安心です。,仲間の中では情報整理や段取り役として、現実的に場を支える頼れる存在として重宝されるでしょう。,理想の未来のために思考を明確に伝え、仲間との協調でグループ活動や福祉団体に実務的に貢献するでしょう。,理想を追うだけでなく現実に即した改善策を仲間と形にすることで、集団での信頼と独自の地位が強固になります。,具体的な改善を目指す仲間と情報を交換し、計画的で機能的な未来のシステムを描く配置。,あなたは仲間との協調性を大切にし、理想の未来を明確な言葉で語り、具体的な計画と効率的なタスク管理で実現に貢献します。現実的な助言でグループを支える素晴らしい才能ですが、時には多様な人間性を受け入れる度量を育むことで、より豊かな絆と成果を築けるでしょう。
Mercury,Virgo,12,無意識を探求し、思考を整理して内なる声を発信する,無意識の領域を探求し、思考を整理して内なる声を言葉で表現することで、癒しを生み出します。,内面を深く分析する内省的な思考力で、精神を整理し、自分自身の本質を理解できるという長所があります。,完璧を求めすぎて思考の迷路に陥り、自己批判や不安を増幅させがちです。自分に優しく、心の声に耳を傾けてみましょう。,表には出さずとも内面で細かく考え、静かに状況を読み取る思慮深い人として映りやすいでしょう。,繊細な感性で人の心を探り、匿名での支援や静かな環境での創作で才能を発揮します。,内面的な不安を書き出して思考を整理することで、あなたのクリアな分析力が現実世界でさらに輝き成長につながります。,内面にある完璧な思考を一人の時間で調整し、人知れぬデータ整理や精神修行に充てる配置。,あなたは無意識の領域を探求し、内面的な不安や潜在意識の働きを分析することで、言葉にならない心の声を癒やしの言葉へと変える才能を持っています。その繊細な観察眼は深い洞察をもたらしますが、独りで抱え込まず、事実に基づいた冷静な思考で意識を外へ向けることで、あなた自身も安定した癒しを得られるでしょう。
Mercury,Libra,1,バランス感覚を持って自分を表現し、魅力的に伝える,自分の考えを丁寧に言葉にして、バランスの取れた魅力的な第一印象を形作るタイプです。,公平な視点で対話を通じて人々をまとめ、自分らしく魅力的に表現する理解力に優れています。,他者の評価を気にしすぎて、自分の意見や表現が曖昧になりがちです。心の声に耳を傾けることを意識すると良いでしょう。,あなたの話し方は柔らかく洗練されており、感じのよい人として親しまれやすいでしょう。,洗練された社交性と公平な判断力で、交渉や広報の場で個性を輝かせるでしょう。,自分の意見を対等に主張する勇気を持つことで、持ち前の調和力がさらに深まり、強固な信頼へと繋がるでしょう。,洗練された美的バランス感覚と社交的な知性が、調和の取れた優雅な個性として表れる配置。,あなたの知性は、洗練された言葉とバランス感覚をもって、周囲に魅力的で調和の取れた印象を与えます。他者の意見を尊重しつつも、最終的にはご自身の価値基準で決断する揺るぎない意志を持つことで、さらに輝きが増すでしょう。
Mercury,Libra,2,自身の価値を理解し、調和的な思考で豊かさを築く,自分の才能や価値観を言葉にして、バランスよくお金や豊かさを築いていくことを大切にします。,美的センスとバランス感覚で物事の価値を正確に見極め、調和を保ちながら豊かさを築くことができます。,他者からの見られ方を気にしすぎて、見栄のための浪費をしてしまいがちです。本当に価値あるものか、一度冷静に判断する習慣が大切です。,自分の価値観を上品に表現し、周囲からはバランス感覚のある人という印象を与えやすいです。,優れた審美眼と調和的な価値観で、ファッションやデザインを扱う実務で基盤を築きます。,物質的な価値だけでなく、自身の納得感を大切にすることで、経済的な安定と精神的な充足を同時に手に入れられます。,美意識や人脈に関する情報のハブとなる知性が、上品でスマートな経済基盤を築く配置。,あなたは、ご自身の美的センスと社交的な知性を活かし、独自の価値や豊かな財産を築き上げる才能に恵まれています。人目を気にするのではなく、心から満足できる投資や消費に意識を向けることで、内面からの豊かさも育んでいけるでしょう。
Mercury,Libra,3,バランスの取れた知性で学び、言葉で調和を生み出す,公平な視点で情報を整理し、心地よい言葉を使って周りとの調和的な交流を深めていくでしょう。,相手の立場を理解し、調和の取れた対話で人々を納得させ、円滑なコミュニケーションを築く能力があります。,周りの意見に合わせすぎて、自分の考えが曖昧になりがちです。言いたいことを整理し、穏やかに伝えることを心がけると良いでしょう。,対話の中では場の空気を整えやすく、話しやすく気の利く相手として見られるでしょう。,洗練された言葉と公平な伝達力で、仲介や交渉、情報整理で信頼を築きます。,表面的な美しさだけでなく本音で議論することで、持ち前の説得力がより多くの人の心を動かす知恵に変わるでしょう。,客観的で公平な情報のやり取りを好み、日常の交流に美的な調和と品位をもたらす配置。,あなたは公平な視点と心地よい言葉で、周囲との調和的なコミュニケーションを深めることに長けています。八方美人にならず、時にはご自身の本音を勇気を持って伝えることで、より深く信頼できる人間関係を築くことができるでしょう。
Mercury,Libra,4,落ち着いた環境で思考を巡らせ、穏やかな言葉を選ぶ,家族や身近な人との対話を通して、心の安定と穏やかな家庭環境を築いていこうとします。,家庭や人間関係において、穏やかな対話で調和を生み出し、心地よい美意識のある空間を作り出せます。,家庭内で衝突を避けたい気持ちから、重要な決断を迷ってしまうことがあります。家族と穏やかに本音で話し合う時間を大切にしましょう。,親しい人との会話では穏やかな調和を重視し、場を和ませる存在になりやすいでしょう。,穏やかな思考と論理的な言葉で、インテリアデザインやサロン運営で活躍しやすいでしょう。,家族に気を遣いすぎず本音で交流することで、家庭内の信頼が深まり、揺るぎない安心感が生まれるでしょう。,家庭内の対立をエレガントな対話で調整し、洗練された調和のある居場所を言葉で作る配置。,ご自身の哲学と美的センスを活かし、家族との調和的な対話を通じて、穏やかで洗練された居場所を築き上げます。親しい人との時間では、素直な感情を言葉にすることで、心の奥深くまでリラックスできるでしょう。
Mercury,Libra,5,創造性をバランス良く表現し、喜びと調和を伝える,バランス感覚を活かした表現で、遊びや恋愛、創造的な活動をより魅力的なものにしていきます。,社交的な発想力とバランス感覚で、創造的な表現を通じて人々を楽しませ、魅力を伝えることに優れています。,恋愛や自己表現で相手に合わせすぎて、気分や判断がブレてしまいがちです。自分の心の喜びを大切にすることを意識してみましょう。,表現に美意識や社交性が表れ、魅力的でセンスの良い人として印象に残りやすいでしょう。,卓越したセンスと社交性を活かし、芸術やイベント企画、デザインで才能を放ちます。,楽しみを他者と比較せず、自分らしい表現を追求することで、流行に左右されない確かな実績を築けるでしょう。,美的なセンスを活かした社交や遊びを楽しみ、洗練されたアイデアを優雅に表現する配置。,あなたは、バランス感覚に優れた知性で創造的な表現を楽しみ、遊びや恋愛に喜びと調和をもたらします。他者の評価に囚われず、ご自身が心から美しいと感じるものを優先することで、唯一無二の魅力が花開くでしょう。
Mercury,Libra,6,バランスの取れた視点で、実務をスムーズにする言葉を使う,仕事や日々の業務では、周りとの調和を考えながら、効率よくスムーズに進めることを得意とします。,周囲と協調しながら、実務の課題をバランス良く調整し、効率的な改善策を見出すことができる強みがあります。,仕事で周りに気を遣いすぎて、決断が遅れたり責任を避けがちです。自分の意見を明確に伝え、段取りを立てることを心がけると安心です。,人との調整を言葉でうまく行い、感じよく仕事を進める人として周囲から見られやすいです。,バランス感覚と協調性を活かし、日々の業務をスムーズに調整できるでしょう。,自分を犠牲にせず適度な自己主張を心がけることで、安定した高いパフォーマンスを無理なく継続できます。,職場での人間関係を円滑にする調整能力が、現場に調和のとれた業務フローをもたらす配置。,仕事や日々の業務において、あなたは周囲との調和を大切にしながら、効率的でスムーズな進行を促す才能を発揮します。時には困難な交渉や対立にも臆することなく、プロ意識を持って明確な意見を伝えることで、信頼をさらに深めることができます。
Mercury,Libra,7,他者との関係でバランスを重視し、共感を言葉にする,相手の意見も尊重しながら、公平で心地よいコミュニケーションで対等な関係を築くことを大切にします。,相手の気持ちを深く理解し、調和の取れた対話で協力関係を築き、人々を結びつける力に優れています。,パートナーや対人関係で相手に合わせすぎると、判断が迷走し依存関係になりやすいです。自分の軸を持ってバランスを取るよう意識しましょう。,一対一の関係では対等さを大切にし、話し合いのできる誠実な相手として映りやすいでしょう。,公平な交渉力と洗練された社交術で、営業やコンサルティングで大成します。,相手に合わせすぎず対等に話し合うことで、真の相互理解に基づいた豊かな関係を築くことができるでしょう。,対人関係において相手の視点に立つ対話を重視し、鏡のような関係性を通じて知性を磨く配置。,あなたは相手の立場を深く理解し、公平で心地よいコミュニケーションを通じて、対等な関係性を築くことに長けています。パートナーシップにおいては、自律した思考を持ち、ご自身の意見も積極的に伝えることで、関係がより豊かに育まれるでしょう。
Mercury,Libra,8,共有する価値観の中で調和を保ち、変化を言葉にする,人と深く関わる中で、お互いの価値観を言葉で調整し、調和的な関係を再構築していくタイプです。,人の心理や関係性の奥深さを洞察し、調和的な思考で深い信頼関係を築き、変化を生み出すことができます。,深い関係性で他者に配慮しすぎるあまり、無意識のうちに相手をコントロールしようと執着しがちです。お互いの尊重を心がけましょう。,深い関係でも言葉の均衡を保ち、落ち着いた本音のやり取りを好む傾向があります。,関係性の本質を見抜く力と調和的な言葉で、カウンセリングや交渉で強みを発揮します。,猜疑心を抑え客観的な判断を心がけることで、個人の力を超えた大きな変容を社会にもたらせるでしょう。,共有資産や深い絆を公平な視点で分析し、他者とのバランスの取れた心理的融合を図る配置。,人と深く関わる中で、あなたは言葉の力で互いの価値観を調整し、調和的な関係を再構築することを得意とします。複雑な感情問題に直面した際には、理屈だけで回避せず、相手の熱い情動を正面から受け止める度量が、絆を一層深める鍵となります。
Mercury,Libra,9,高い理想を追求し、調和的な思考で言葉を紡ぐ,公平な視点で物事を深く考え、高い理想や哲学を洗練された言葉で周りに伝えていくタイプです。,高い理想や哲学を深く理解し、調和の取れた対話を通じて、人々の視野を広げる思考力があります。,様々な考え方に影響されすぎて、自分の信念が定まらず判断に迷うことがあります。学びを深めつつ、自分の軸を持つよう意識しましょう。,価値観の違いも対話で橋渡しし、広い視野で話せる人として周囲に好感を持たれやすいです。,高い美意識と公平な探求心で、教育や出版、法律分野で多くの人に影響を与えます。,知識を整理するだけでなく信念を行動に移すことで、広い視野が人生を導く力強い知恵へと進化するでしょう。,客観的な正義や平和を普遍的な真理として学び、世界を美しく整えるための哲学を深める配置。,あなたは普遍的な正義や美的哲学を深く学び、客観的なバランス感覚をもって高い理想を追求する知性を持っています。理論的な美しさに加え、現実世界でその理想を実現するための実行力を伴わせることで、真のリーダーシップを発揮できるでしょう。
Mercury,Libra,10,社会的役割の中でバランスを保ち、穏やかに意見を述べる,社会的な場面では、常に公平な姿勢を保ち、穏やかな言葉で自分の意見を伝え評価を築きます。,社会的な場でバランスを取りながら、穏やかな対話で周囲の信頼を得て、円滑な関係を築くことができます。,社会的な評価を気にしすぎて、決断を避けたり責任から逃げたくなることがあります。自分の信念に基づいた行動を心がけましょう。,社会的な場では対人センスが光り、洗練された調整役として周囲から評価されやすいです。,対人調整力と交渉力が評価され、社会で重要な役割を担いやすいでしょう。,世間体より自身の信念を誠実に語ることで、周囲から心から尊敬される真の指導者へと成長につながります。,高い外交能力や洗練されたイメージを武器に、社会的な交渉の場でリーダーシップを執る配置。,社会的な役割においては、洗練されたイメージと高い交渉力で、人々から支持されるリーダーとして活躍する才能に恵まれています。周囲の顔色を伺いすぎるのではなく、大局を見極めて大胆に舵を切る判断力も養うことで、さらに大きな成功を掴むことができます。
Mercury,Libra,11,友人と共に理想を語り、協調的な言葉で未来を創造する,友人と対話し、調和を大切にしながら、共通の理想やコミュニティの未来を言葉で描いていきます。,仲間との調和を大切にし、社交的な対話で未来に向けた企画を調整し、実現していく社交力に優れています。,仲間との関係でグループの意見に迎合し、自分の判断がブレて依存的になりがちです。時には自分の意思を尊重する勇気も大切です。,仲間の中では人と人をつなぐ発言をし、グループの空気を穏やかに整える存在になりやすいです。,平和的な対人センスと広いネットワークを活かし、SNS運営やグループ活動で輝きます。,個人の意見と全体の調和を大切にすることで、独自のビジョンが多くの仲間に支持され、形になるでしょう。,洗練された価値観を持つ仲間と情報を共有し、調和のとれた自由な未来のネットワークを描く配置。,あなたは、多様な人々が集まるネットワークにおいて、公平な調整役として皆の意見をまとめ、洗練された未来を語り合います。広く浅い付き合いに留まらず、真に志を共にする仲間との深い対話を大切にすることで、揺るぎない絆と理想を築けるでしょう。
Mercury,Libra,12,内なる声に耳を傾け、調和的な思考で心を癒す,内なる声に耳を傾け、心の奥底にある感情を整理し、自分と向き合うことで癒しを見つけます。,人の心を深く共感し理解することで、内面の調和を促し、優しい想像力で人々を癒すことに優れています。,他者に合わせるあまり、現実から目を背けたり自分の感情が曖昧になりやすいです。内省する時間を持ち、心を癒すことを心がけましょう。,表では控えめでも内面では関係の均衡をよく考え、静かに場を整える人として映るでしょう。,豊かな想像力と調和的な思考で、カウンセリングや静かな環境での創作で力を発揮します。,一人の時間を大切に内面を整えることで、周囲に惑わされずクリアな直感を現実世界で活かすことができるでしょう。,内面にある高い美意識を一人の時間で思索し、芸術的な感性を静かな場所で磨き上げる配置。,あなたは内なる平和への願いと、目に見えない芸術的調和を言語化する、静かで洗練された精神活動に惹かれます。高い感受性で他者の心の動きを察しながら、その平和を願う気持ちを具体的な奉仕や創作に昇華させることで、深い癒しを生み出すことができます。
Mercury,Scorpio,1,洞察力で自己の本質を見つめ、深みのある言葉で語る,鋭い洞察力で自分の本質を見つめ、深みのある言葉で印象的な個性を表現するタイプです。,鋭い洞察力と探究心で物事の本質を見抜き、深い知性で自分を表現できる意志の強さがあります。,何事も深く考えすぎて疑心暗鬼になり、極端な思考に偏りがちです。時には肩の力を抜いて、柔軟な視点を持つことを意識すると良いでしょう。,言葉数が多くなくても一言に重みがあり、奥の深い人として周囲に見られやすいでしょう。,強い意志と鋭い洞察力を活かし、物事の本質を追求する専門職で個性を発揮します。,内なる情熱を論理的な言葉にすることで、あなたのカリスマ性が周囲に安心感を与える力へと変わるでしょう。,本質を突く鋭い洞察力とミステリアスな発信力が、圧倒的な存在感を放つ個性の核となる配置。,あなたは物事の裏側を見抜く深い洞察力と、揺るぎない意志を秘めた自己表現で、周囲に圧倒的な存在感を放ちます。信頼できる相手には心を開いて情報を分かち合うことで、孤立を避け、人生をさらにスムーズに展開していけるでしょう。
Mercury,Scorpio,2,隠れた才能を掘り起こし、言葉でその価値を確立する,自分の隠れた才能や本質的な価値を深く見極め、言葉や知恵を活かして豊かさを築くでしょう。,隠れた価値や才能を深く洞察し、粘り強い思考で本質を見極め、新たな豊かさを創造する力があります。,物質的な豊かさや所有物に執着しやすく、強欲になったり人への不信感につながることがあります。心の豊かさにも目を向けてみましょう。,自分の考えや価値観を簡単には曲げず、周囲に芯の強い人という印象を与えやすいでしょう。,本質的な価値を見抜く力と徹底した管理能力で、資産運用など実務で安定を築きます。,所有への執着を緩め、資源を循環させる意識を持つことで、物質的安定と深い精神的満足感を両立できます。,隠された価値を見抜く知性と不屈の交渉力が、目に見えない資源を巨大な富に変える配置。,あなたは自らの隠れた才能や本質的な価値を深く掘り下げ、言葉や知恵を活かして決して揺らがない豊かな経済基盤を築き上げます。所有への執着を手放し、得たものを循環させる視点を持つことで、さらなる価値と繁栄を生み出すことができるでしょう。
Mercury,Scorpio,3,知識の奥深さを探求し、言葉で真実を解き明かす,物事の本質を深く探求し、得た知識や真実を説得力のある言葉で周りに伝えていくでしょう。,物事の本質や人の心理を鋭く理解し、深い洞察力で真実を探求し、言葉で的確に伝える発言力があります。,特定の考えに深く執着し、疑念を抱きやすい傾向があります。オープンなコミュニケーションを心がけることで、より建設的な解決に繋がります。,会話には洞察や探りが深く、相手の本音を見抜く人として周囲には映りやすいでしょう。,鋭い分析力と重みのある言葉で、調査や研究、コミュニケーションで深い信頼を築きます。,批判だけでなく他者の良い面を見る努力で、あなたの説得力が温かくなり、影響力がさらに高まるでしょう。,物事の深層を暴く徹底的な調査能力が、周囲を震わせる濃密な情報交換として現れる配置。,物事の本質を深く探求する知性と、相手の心の奥底を射抜くような鋭いコミュニケーション能力があなたの強みです。真実を解き明かす際には、言葉が辛辣になりすぎないよう、慈悲深さを伴った表現を意識することで、より多くの人から信頼を得られるでしょう。
Mercury,Scorpio,4,家族や心の基盤について深く考え、本音を語り合う,家族や自分のルーツについて深く掘り下げ、本音で語り合うことで心の基盤を固めます。,家族や心の基盤について深く洞察し、愛情を理解することで、安心できる居場所を守り育むことができます。,家族に対し執着心が強くなり、感情的に支配しようとしたり、極端に内向的になることがあります。家族との健全な距離感を意識すると安心です。,身近な人には深い本音を交わしやすく、表面的な会話より濃い対話を求めやすいでしょう。,深い洞察力と守り抜く力で、家業の再建や不動産関連の実務で力を発揮します。,激しい感情を正論でぶつけず、家族に穏やかな受容を心がけることで、家庭内の信頼が深まり安心感が生まれます。,家系の秘密や家族の心理を鋭く察知し、深く濃密な対話を通じて家庭の絆を再構築する配置。,あなたは家族や自身のルーツについて深く掘り下げ、本音で語り合うことで心の基盤を固めていきます。身内を守る強い意志を持つ一方で、支配的にならず家族を信じて見守る大らかさを持つことで、より深い絆が育まれるでしょう。
Mercury,Scorpio,5,深い洞察からインスピレーションを得て、創造的に表現する,深い洞察力と情熱を込めて、創造的な自己表現や恋愛、楽しみを魅力的に展開していくタイプです。,深い洞察から情熱的な発想を生み出し、魅力的に表現する豊かな創造力で、人々を楽しませることができます。,恋愛において執着心が強くなり、嫉妬や支配欲が芽生えやすい傾向があります。相手を尊重し、自由な愛情を育むことを心がけましょう。,表現に濃さと独特の引力があり、忘れにくい印象を残す話し方になりやすいでしょう。,情熱的で深みのある創造性を活かし、芸術やエンタメ分野で才能を放ちます。,他者の評価に左右されず魂が震える表現を追求することで、時代を超えて人の心に刺さる作品を生み出せるでしょう。,深淵を覗くようなテーマの創作に没頭し、魂を揺さぶる激しい情熱を知的な表現に込める配置。,あなたは深い洞察力と情熱を込めて、創造的な自己表現や恋愛、楽しみを魅力的に展開していくことができます。対象を独占しようと思考が偏らないよう、健全な距離感を保ち、相手の自由を認める理性が、真の喜びへと繋がるでしょう。
Mercury,Scorpio,6,仕事や日々の業務に深く集中し、本質を見抜く思考を活かす,仕事や日々の業務に深く集中し、問題の本質を見抜く思考で効率的な改善を導くタイプです。,日々の業務に深く集中し、問題の本質を見抜く思考力で、より良い改善策を生み出すことができます。,仕事に没頭しすぎて、周囲を支配しようとしたり、極端に疲弊しやすい傾向があります。適度な休憩を取り、心身のバランスを保ちましょう。,表には静かでも仕事や役割には深く入り込み、本気度の高い人として見られやすいです。,物事の本質を見抜く集中力で、日々の業務に深く関わり成果を出しやすいでしょう。,完璧を求めすぎず適度なゆとりを持つことで、安定した高いパフォーマンスを無理なく継続できるようになります。,現場の隠れた問題点を暴き出し再生させる知性が、過酷な実務を根底から改善する配置。,あなたは相手の心に深く寄り添い、本音で対話することで、信頼に基づいた強固な関係を築き上げます。嫉妬や疑念に思考が支配されないよう、自分自身の情緒を自立させ、相手を縛りすぎないことが、真の絆を育む鍵となります。
Mercury,Scorpio,7,相手の心に深く寄り添い、本音で向き合う対話をする,相手の心に深く寄り添い、本音で対話することで、信頼に基づいた強固な関係を築いていきます。,相手の心を深く洞察し、誠実な思考と深い理解力で、揺るぎない信頼関係を築くことができます。,対人関係で嫉妬や執着心が強くなり、相手をコントロールしようとしがちです。信頼をベースに、お互いを尊重する関係性を築くことを意識しましょう。,一対一の関係では深い本音のやり取りを求め、軽くは関わらない相手として映るでしょう。,深い洞察力と真実を求める姿勢で、心理カウンセリングや法律分野で力を発揮します。,相手を尊重しコントロールしないことで、お互いを高め合える究極のパートナーシップを築けるでしょう。,対人関係において相手の魂の深層まで踏み込む対話を交わし、運命的な深い絆を築く配置。,あなたは他者の心理や秘密の知識、共有財産の管理など、通常触れられない領域の核心を掌握する強い洞察力を持っています。負の感情に深入りせず、ご自身の目的を清らかに保ち、自己を浄化する知恵を持つことで、大きな変容を成し遂げられるでしょう。
Mercury,Scorpio,8,本質を見抜く洞察力で、自分や状況を深く変容させる,物事の深層にある真理を探求し、言葉の力で自分や状況を根本から変容させることを得意とします。,物事の本質を見抜く鋭い洞察力と精神的な強さで、困難な状況を乗り越え、変革をもたらすことができます。,物事を深く考えすぎて極端な思考に陥り、支配欲や破壊衝動に繋がりやすいことがあります。心の奥底にある感情を穏やかに見つめましょう。,信頼が深まるほど会話も濃くなり、秘密や核心を共有しやすい関係を築くでしょう。,組織の深部を理解する力と再生能力で、資産運用や危機からの再編で真価を発揮します。,他者と深くリソースを共有する際に信頼を深めることで、個人の力を超えた大きな変容を社会にもたらせます。,共有するエネルギーや秘密を徹底的に分析し、他者との深い一体化を言葉と洞察で果たす配置。,あなたは深遠な真理や哲学に対し一切の妥協を許さず、徹底的に探求することで、世界観を根本から作り替えるほどの高い知性を発揮します。ご自身の思想が絶対だと信じるあまり他者を論破するのではなく、異なる考えも真理の一部として受け入れる寛容さが、知性をさらに深めることでしょう。
Mercury,Scorpio,9,深い真理を探求し、哲学的な思考を言葉で表現する,深遠な真理や哲学を追求し、言葉を尽くしてその洞察を伝えることで、新たな価値を生み出します。,深い探究心と哲学的な思考で物事の真理を洞察し、揺るぎない信念を持ってそれを表現できる強みです。,自分の思想や信念に深く執着しすぎて、視野が狭くなりがちです。時には異なる視点を受け入れ、柔軟に考えることを心がけると良いでしょう。,信念や思想を深く掘り下げて語り、簡単には揺れない考えを持つ人として見られやすいです。,真理を追究する探究心で、学問研究や宗教、神秘的な分野で思想を広める役割を担います。,知識を深めるだけでなく現実社会に役立てることで、広い視野が人生を導く力強い知恵へと進化するでしょう。,生と死、オカルト等の深遠な真理を探求し、高度な学びを通じて精神の変容を追求する配置。,社会的な役割においては、物事の急所を見抜き、不屈の闘志で困難を打破して権力を掌握するための知的な戦略に長けています。目的のために冷徹な判断を下しすぎないよう、誠実な人間味をアピールすることで、周囲からの真の信頼と成功を築けるでしょう。
Mercury,Scorpio,10,社会の深層に鋭い洞察を向け、本質を突き止める発言をする,社会的な役割においては、物事の本質を鋭く見抜き、核心を突く発言で影響力を発揮するでしょう。,社会の本質を鋭く洞察し、強い意志と判断力で、問題を根本から解決して新たな道を切り開くことができます。,社会的地位や評価に執着しやすく、権力や支配欲が強くなりがちです。周囲との協調性を意識することで、より良い関係を築きやすくなります。,社会の中では発言に圧や説得力があり、強い意志を持つ人として周囲に映りやすいでしょう。,鋭い洞察力と影響力が評価され、社会で重要な役割を担いやすいでしょう。,肩書きに固執せず内面的な誠実さを語ることで、周囲から心から畏敬される指導者としての地位を確立できます。,社会的な裏側を見通す洞察力でタブーに挑み、劇的な再生を成し遂げるリーダーとして活躍する配置。,あなたは志を共にする仲間との強固な絆の中で、現状を根本から覆すような革新的な提案を行い、理想を実現する知恵を持っています。閉鎖的な集団に陥らず、開かれた社会との接点を保ち、客観的な視点を持つことが、より大きな成功と貢献へと繋がります。
Mercury,Scorpio,11,仲間と深い絆で結ばれ、本音で語り合い未来を創造する,仲間と深い絆で結ばれ、本音で語り合いながら、共通の理想やコミュニティの未来を力強く創造します。,仲間の心を深く洞察し、強い絆で結ばれた関係を築き、未来を創造するために結束して再生できる力があります。,仲間との関係で支配的になったり、閉鎖的な関係に執着しがちです。オープンな心で多様な人々と交流することで、新たな発見があるでしょう。,仲間の中でも表面的な交流では終わらず、グループの核心に関わる存在になりやすいでしょう。,深い共感と強い連帯感を活かし、社会変革やグループ活動で実務的な貢献をします。,既存の枠組みを恐れず仲間と共に変容することで、理想とする社会をより確実に形にできるでしょう。,強い信念を共有する同志と極秘の情報を共有し、社会を根底から変える未来を密かに練る配置。,あなたは潜在意識の奥深くに眠る感情や、目に見えないエネルギーを言葉として引き出し、人知れず深い癒しを施す精神的な働きを持っています。強い直感力を持ちながらも、ネガティブな妄想に囚われず、現実の明るい側面に意識を向けることが、心の平安を保つ鍵となるでしょう。
Mercury,Scorpio,12,自身の深層心理を探り、内なる声に耳を傾け表現する,自身の深層心理を探求し、言葉を通して内なる声に耳を傾けることで、深い癒しを促します。,自身の内面を深く洞察し、直感的な理解力で、心の奥底にある声を再生し、表現することができます。,自分の内面に深く執着し、秘密を抱え込みやすく孤立しがちです。信頼できる人に心の内を打ち明けることで、心が軽くなるでしょう。,表には出にくくても内面の思考は深く、静かに本質を見抜く人として周囲には映るでしょう。,豊かな想像力と目に見えない本質を捉える力で、カウンセリングや癒やし分野で力を発揮します。,内面の深い感情を恐れず言語化することで、精神的な混乱を避けクリアな直感を現実世界で活かせます。,潜在意識にある強烈な思考を一人の時間で掘り下げ、神秘的な知恵や癒やしの力を密かに得る配置。,あなたは自身の深層心理を探求し、言葉を通して内なる声に耳を傾けることで、深い癒しを促すことができます。孤独な時間を楽しみながらも、ネガティブな妄想に思考が走りすぎないよう、現実の明るい側面に意識を向けることが、心の健やかさを保つ鍵となるでしょう。
Mercury,Sagittarius,1,広い世界を探求し、自分らしい哲学を言葉で表現する,広い世界を探求する自由な精神を持ち、自分らしい哲学を言葉で表現し印象を形作るタイプです。,広い視野で思想を探究し、高い理念を深く理解することで、自分らしい意見を自信を持って発信できます。,楽観的になりすぎて、軽率な考えや理想ばかりが先行し、視野が散漫になりやすいです。時には現実的な視点も取り入れると良いでしょう。,あなたの話し方はのびやかで率直で、自由で前向きな人として周囲に見られやすいでしょう。,高い向上心と自由な発想力を活かし、新規事業や海外関連の分野で個性を輝かせるでしょう。,楽観的な展望と現実的な詳細に目を向けることで、持ち前の推進力がより確実な成果へと結びつくでしょう。,無限の自由を信じる壮大な知性と冒険心が、周囲を鼓舞するダイナミックな個性となる配置。,あなたは自由奔放な精神と広い視野を持ち、常に未来の可能性を楽観的に語るダイナミックな自己表現の持ち主です。率直な話し方は魅力的ですが、大雑把な判断を避け、具体的なプランを立てる習慣を持つことで、掲げた理想を確実に現実へと導けるでしょう。
Mercury,Sagittarius,2,自分の価値観を探求し、才能を広げて豊かさを築く,自分の才能や価値観を自由に探求し、広い視野で言葉や知識を活かし豊かな財産を築くでしょう。,広い視野で物事の価値を見極め、豊かな発想と拡張思考で、自身の才能を広げながら豊かさを築ける強みです。,理想を追い求めすぎて、衝動的な浪費をしてしまったり、金銭的な判断が甘くなりがちです。本当に必要なものか、冷静に見極める意識が大切です。,自分の価値観や考えを明るく堂々と語り、おおらかな人という印象を与えやすいでしょう。,広い視野と大胆な判断力で、海外ビジネスや教育関連で豊かさを築くでしょう。,資源管理だけでなく新しい可能性に投資することで、経済的な安定と精神的な自由を同時に手に入れられます。,精神的な自由を得るための大胆な稼ぎ方を提案し、広い視点で経済活動を活性化させる配置。,あなたは自身の知識や精神的な高みを経済的な豊かさに結びつけるための、大胆で楽観的な商才に恵まれています。大きな夢を描くだけでなく、収支を客観的な数字で把握し、現実的な金銭管理の基盤を固める努力が、さらなる繁栄へと繋がります。
Mercury,Sagittarius,3,好奇心いっぱいに学びを深め、言葉で広い世界へ発信する,好奇心いっぱいに新しい知識を学び、その情報を自分の言葉で広い世界へ発信していくでしょう。,旺盛な学習意欲と探究心で知識を深め、広い視野から得た思想を人々に伝える高い発信力があります。,楽観的な気持ちから、発言が誇張されたり軽率になり、知識が浅くなりがちです。言葉を発する前に、一度立ち止まって考える習慣を持つと良いでしょう。,考えを軽やかに広げながら話し、視野を広げる会話をする相手として好まれやすいでしょう。,高い知的好奇心と明快な伝達力で、教育や出版、ジャーナリズムで信頼を得ます。,情報の深さを追求しつつ聞き手に合わせた表現を心がけることで、あなたの説得力は多くの人に届く知恵に変わります。,理想を語るスケールの大きな言葉を使い、周囲の人々の視野を一気に広げる発信を行う配置。,あなたは広範な分野への飽くなき知的好奇心と、理想を追い求める活発なコミュニケーションで、常に新しい情報を循環させます。学ぶ楽しさを周囲に伝えながら、一つのことに集中して専門性を磨く継続力を意識することで、知性をさらに深めることができるでしょう。
Mercury,Sagittarius,4,哲学的に思考を深め、家庭や心の基盤を広げて安定させる,哲学的な視点から物事を深く考え、家族や心の基盤を広げ、精神的な安定を求めるタイプです。,高い理念と信念を持って家庭や心の基盤を大切にし、哲学的な思考で安心できる居場所を広げ安定させる力があります。,自分の思想を家族に押し付けたり、家庭を軽視しがちです。家族の意見にも耳を傾け、お互いの価値観を尊重し合うことを意識しましょう。,親しい相手にも率直で開放的に話し、窮屈さのない心地よい関係を築きやすいでしょう。,自由な発想で家庭の基盤を築き、在宅での研究活動などで才能を発揮します。,家庭に静寂と秩序を保つことで、知的好奇心と内面の安らぎがバランスよく両立し、心が満たされるでしょう。,家庭内に常に外の世界の情報や新しい哲学を持ち込み、自由で開放的な居場所を言葉で作る配置。,あなたは開放的で自由な家庭環境を築く議論を好み、家族と共に精神的な冒険を計画する、明るく前向きな対話の持ち主です。日々の地味な家事や義務にも哲学的な意味を見出すことで、足元の生活基盤も豊かさに満ちたものとなるでしょう。
Mercury,Sagittarius,5,自由な発想で探求し、創造的な自己表現を楽しむ,自由な発想で探求心を満たし、知的な楽しみや恋愛、創造的な自己表現を満喫するタイプです。,自由な発想と高い理念に基づいて、創造的な表現を楽しむことができます。あなたの魅力的な表現は人々を惹きつけます。,恋愛において理想を追い求めすぎて、発言が誇張されたり気分で物事を決めがちです。地に足をつけて現実的な視点を持つことを心がけましょう。,表現に伸びやかさや明るさがあり、前向きで魅力的な人として周囲の印象に残りやすいです。,溢れる創造性と冒険心を活かし、スポーツや旅行企画で才能を爆発させます。,楽しみを自己満足で終わらせず他者と分かち合うことで、一時の情熱が価値ある作品へと昇華されるでしょう。,未知への挑戦や哲学的な遊びを楽しみ、自らの理想をダイナミックなアイデアで表現する配置。,あなたは趣味、恋愛、創造活動において、未知の体験を伴う遊びや、お互いの精神を高め合う知的な冒険心に溢れています。ドラマチックなアイデアで人生を楽しみつつ、情熱を形にするための粘り強さを持つことで、周囲からの信頼も深まるでしょう。
Mercury,Sagittarius,6,仕事を通して真理を探求し、新たな視点で業務を改善する,仕事を通して真理を探求し、新たな視点や哲学的な思考で業務を改善していくでしょう。,広い視野で物事の本質を捉え、日々の業務に高い理念と学習力を活かし、積極的に改善していく行動力があります。,仕事に理想を求めすぎて、飽きてしまい継続が難しくなりがちです。目の前の小さな達成感を積み重ねることで、充実感が増すでしょう。,仕事や日常の中でも大きな視点を共有し、周囲を明るくする人として見られやすいでしょう。,広い視点で仕事の真理を探求し、業務をより良く改善していく才能を発揮するでしょう。,細かな作業にも高い目的意識を持つことで、ルーチンワークの飽きを克服し、安定した高いパフォーマンスを継続できるでしょう。,高い目的意識を持って現場の業務をマクロの視点で見直し、活気ある労働環境を提案する配置。,あなたは仕事の実務において大局的な視点から改善を提案し、向上心を持って専門知識を磨き上げる学習意欲に満ちています。単調なルーチンワークにも常に新しい発見を見出す工夫を凝らすことで、有能な教育者や専門家としての資質を大いに発揮できるでしょう。
Mercury,Sagittarius,7,広い視野で人と対話し、真実を探求しながら関係を深める,真実を追求する対話を通して、人との関係を深め、対等なパートナーシップを大切にするタイプです。,広い視野と深い理解力で人と対話し、真理を探求しながら協力関係を築けるのが強みです。,楽観的な気持ちから、自分の思想を押し付けてしまいがちです。相手の意見にも耳を傾け、関係を大切にすると調和しやすくなります。,一対一の対話では、広い視野で自由に語り合うことを好み、開放的な相手として好感を持たれやすいでしょう。,オープンな社交性と交渉力を武器に、国際的な場や自由な協力関係の中で活躍します。,相手の自由を尊重し自分の意志を誠実に伝えることで、お互いに刺激を与え合える持続可能な関係が築けるでしょう。,互いの自由を尊重し知性を高め合う対人関係を求め、共に真理を語る開かれた絆を築く配置。,あなたにとって対話は、互いの視野を広げ、深い真実へと到達するための大切な探求の場となるでしょう。相手の自由と知性を尊重しながら、開かれたコミュニケーションを通じて本質的な絆を育んでいきます。
Mercury,Sagittarius,8,哲学的な探求を通して、人生や共有するものを変容させる,物事の本質を深く探求し、得た気づきを言葉にすることで、人との絆や関係性を変容させるでしょう。,哲学的な探求心と鋭い洞察力で、共有する物事や関係性を深く理解し変容させる力があります。,理想を追い求めすぎて、現実から目を背けてしまうことがあります。地に足をつけて物事を見つめると良いでしょう。,深い関係では本音を開きつつも広い視点を持ち込み、変化を前向きに語ることで関係を深める傾向があります。,物事の本質を見抜く探求心を活かし、哲学研究や深い信頼関係で変革を促す分野で活躍します。,他者と深いレベルで知恵を共有する際の誠実な姿勢を養うことで、個人の力を超える大きな変容を社会にもたらせるでしょう。,信念をかけた深い絆を通じて精神的な限界を突破し、死生観を哲学的に解釈し再生する配置。,あなたは物事の本質を深く探求し、得られた哲学的な洞察を言葉にすることで、他者との共有価値や深い絆をより高次のレベルへと変容させる力を持っています。その知性は、人生のあらゆる局面において変革の知恵をもたらし、再生へと導くでしょう。
Mercury,Sagittarius,9,終わりなき真理の探求に没頭し、深い知恵を言葉で表現する,終わりなき真理の探求に喜びを感じ、得た深い知恵や哲学的な思考を言葉で表現することを大切にします。,真理への飽くなき探求心と、深い知恵を言葉にして多くの人に伝える優れた発信力があります。,視野が広がりすぎて、現実離れした考えになりがちです。具体的な計画を立て、地に足をつける意識を持つと良いでしょう。,自身の思想や信念を生き生きと語りやすく、価値観を共有できる対話を通じて人と深く繋がりやすいでしょう。,高い理想と冒険心で真理を探求し、高等教育や海外で多くの人にインスピレーションを与えるでしょう。,知識だけでなく自身の信念を行動に移す意識を持つことで、あなたの広い視野は社会を導く力強い知恵へと進化するでしょう。,普遍的な真理の探求に知性を捧げ、高度な学びを通じて自らの思想を神聖な域へ高める配置。,あなたは普遍的な真理への飽くなき探求心に喜びを感じ、そこで得た哲学的な思考や深い知恵を言葉にして表現していくでしょう。そのダイナミックな知性は、あなたの理想をより高みへと導き、真の英知として周囲に光を灯します。
Mercury,Sagittarius,10,社会の真理を探求し、理想を掲げて発言し道を切り拓く,社会における真実や理想を探求し、自らの言葉で発信することで、リーダーシップを発揮していくでしょう。,社会の真理を探求し、理想を掲げて道を切り拓く指導力と、明確に伝える発言力が魅力です。,理想を先行させすぎて、独りよがりな考えになりがちです。周囲の意見も取り入れることで、より良い評価に繋がります。,社会的な場では理想や未来の展望を語る力が強く、前向きな旗振り役として周囲を導く存在になりやすいでしょう。,社会の真理を探求し、掲げた理想を発信することで大きな影響力を持ち、道を切り拓くでしょう。,肩書きや名声に執着せず内面的な真理に従って行動することで、周囲から心から尊敬される指導者としての地位を確立できるでしょう。,専門知識や広いビジョンを持って社会的な発信を行い、理想を語る先導者として影響力を持つ配置。,あなたは社会の真理を深く探求し、その洞察を基に高い理想を掲げ、自らの言葉で未来への道を切り拓いていくリーダーです。専門的な知恵と広い視野で、人々を導く先駆者として大きな影響力を発揮していくでしょう。
Mercury,Sagittarius,11,仲間と高みを目指して探求し、未来の理想を語り合う,高い理想を持つ仲間と共に未来を語り合い、探求心に満ちた言葉でコミュニティを活性化させるタイプです。,仲間と未来の理想を語り合い、新たな発想で高みを目指せる、人を鼓舞する企画力に優れています。,理想が高すぎて計画が甘くなりがちです。仲間との協力や現実的な視点を取り入れると、目標達成がスムーズになります。,仲間との交流では自由な発想を共有し、グループに新たな広がりをもたらす存在として受け入れられやすいです。,自由な精神で理想を共有する仲間と高みを目指し、未来志向のコミュニティで中心的な役割を担います。,個人の自由を大切にしつつ共通の目的に向かって協力することで、あなたの独自のビジョンが仲間に支持され形になるでしょう。,世界中の仲間と未来の理想を自由に議論し、国境のない情報ネットワークを拡大させる配置。,あなたは高い理想を分かち合う仲間たちと共に、未来の可能性を自由に語り合い、探求心に満ちた言葉でコミュニティを活性化させるでしょう。多様な人々を繋ぎながら、人類の進歩に貢献する壮大なビジョンを創造していきます。
Mercury,Sagittarius,12,内なる真理を探求し、精神的な気づきを言葉にする,内なる真理や精神世界を探求し、そこで得た気づきや癒しを、言葉を通して表現していく性質を持っています。,内なる真理を探求し、豊かな想像力と直感的な哲学で精神的な気づきを言葉にできます。,理想を追い求めるあまり、現実逃避し孤立してしまうことがあります。内面を見つめ、冷静に状況を整理すると安心です。,表にはあまり出さなくても、内面には大きな思想世界を秘め、静かに視野の広い人として映りやすいでしょう。,豊かな想像力と精神的な自由を追求し、内なる真理を探求する癒やしの分野で才能を発揮するでしょう。,孤独を恐れず静かに内面を整える習慣を持つことで、宇宙的なインスピレーションを現実世界で活かす知恵が湧き出てくるでしょう。,宇宙の真理や自由への憧れを一人の時間で思索し、瞑想的な旅を通じて内なる知恵を深める配置。,あなたは内なる真理や精神世界を探求し、そこで得た宇宙的な気づきや深い直感を言葉として表現する資質を持っています。目に見えない広大な理想郷を空想し、その哲学的な精神活動を通して、癒しと新たなビジョンを現実へと繋げていくでしょう。
Mercury,Capricorn,1,責任感を持って目標を達成し、自分自身の価値を確立する,責任感と計画性を持って自分を表現し、誠実な言葉遣いで周囲に信頼感を与えるでしょう。,責任感を持って目標を計画的に達成し、現実的な思考で自分らしい価値を確立できるのが強みです。,悲観的になりがちで、判断が硬直化しやすい傾向があります。柔軟な考え方を取り入れると、新たな道が開けるでしょう。,話し方には落ち着きと現実感がにじみやすく、周囲からは責任感のある堅実な人として見られやすいでしょう。,実務的な管理能力と責任感を活かし、組織の基盤作りで揺るぎない信頼を勝ち取るでしょう。,感情を抑えすぎず適度に表現する習慣を持つことで、持ち前の誠実さが周囲に温かく伝わるでしょう。,落ち着いた語り口と強い責任ある知性が、周囲から信頼される誠実な個性を形成する配置。,あなたは規律正しく論理的な思考を持ち、責任感を持って目標を達成することで、揺るぎない自分自身の価値を確立していきます。誠実な言葉遣いと質実剛健な自己表現は、周囲からの厚い信頼を築き、あなたの社会的なアイデンティティを確かなものにするでしょう。
Mercury,Capricorn,2,堅実な努力で才能を開花させ、確かな豊かさを築き上げる,堅実な努力で才能を開花させ、計画的に思考を整理しながら、自分の力で確かな豊かさを築き上げるタイプです。,堅実な努力と計画性で才能を開花させ、確かな豊かさを築き上げる優れた資産管理能力があります。,物質的な価値にこだわりすぎると、新しいチャンスを逃し停滞しやすくなります。時には大胆な変化も受け入れると良いでしょう。,自分の考えや価値観を堅実に示すため、周囲からは揺るぎない信頼感を抱かれやすいでしょう。,優れた経済感覚と無駄のない管理能力を武器に、堅実に才能を開花させ安定した豊かさを築きます。,物質的な成功だけでなく精神的な充足にも目を向けることで、経済的な安定がより確かな安心感へと変わるでしょう。,伝統的な知恵と着実な管理能力を使い、社会的に認められる堅実な方法で財を築く配置。,あなたは長期的な視点と堅実な努力によって才能を開花させ、計画的に思考を整理しながら、自分の力で確かな豊かさを築き上げます。卓越した実務知性で確実な利益を生み出し、揺るぎない安心感を手にすることでしょう。
Mercury,Capricorn,3,地道な学びを積み重ね、計画的に知識を伝え、目標を達成する,地道な学びを積み重ね、計画的に情報を整理・伝達することで、信頼されるコミュニケーションを築きます。,地道な学びを計画的に積み重ね、現実的な思考と高い説得力で知識を伝え、目標を達成できます。,批判的な思考に陥りやすく、発言が悲観的になりがちです。前向きな言葉を選び、柔軟な発想を心がけると良いでしょう。,言葉には筋道と重みが感じられやすく、現実的でわかりやすい話し方をする人として受け取られやすいでしょう。,論理的で正確なコミュニケーションで、地道に学んだ知識を計画的に伝え高い評価を得ます。,柔軟な思考と相手に配慮した言葉選びをすることで、持ち前の説得力がより円滑な協力関係を生み出すでしょう。,実務的で重みのある言葉を使い、日常の情報を秩序立てて正確に処理・伝達する配置。,あなたは地道な学びを積み重ね、論理的かつ計画的に情報を整理・伝達することで、周囲からの厚い信頼を得るでしょう。責任感に満ちた正確なコミュニケーションは、目標達成へと繋がり、有能な実務家として高く評価されます。
Mercury,Capricorn,4,堅実な思考で基盤を固め、目標を達成し安定を築く,堅実な思考で家族や自分の基盤を大切にし、安定した心の土台を築くための対話を重視するでしょう。,堅実な思考で基盤を固め、責任感と守護の精神で目標を達成し、安定した居場所を築く構築力があります。,家庭内で感情を抑圧し、関係を支配しがちです。家族の気持ちを尊重し、穏やかな対話を心がけると良いでしょう。,親しい人には責任ある発言をしやすく、身内を支える頼もしい存在として慕われる傾向があります。,堅実な思考と責任感で基盤を固め、家業の維持や家庭内の秩序を整える実務で活躍するでしょう。,厳格になりすぎず家族との間に情緒的な交流を増やすことで、家庭が心休まる真の安らぎの場となるでしょう。,家族の規律や家系の伝統を守る知性を発揮し、盤石な家庭環境を言葉で支える配置。,あなたは堅実な思考で家族や自身の基盤を大切にし、安定した心の土台を築くための対話を重視します。家庭の規律や伝統的な価値観を言葉で伝えることで、盤石な環境を創造し、目標達成へと繋がる安心感を育むでしょう。
Mercury,Capricorn,5,目標達成のため、創造的な発想を具体的に表現する。,目標達成のため、自分の創造的なアイデアを論理的に表現し、具体的な形にして楽しみを見出すタイプです。,計画性と持続的な努力で創造的な発想を具体的に表現し、楽しみながら目標を達成できる力があります。,恋愛で打算的になり、感情表現が硬くなりがちです。素直な気持ちを大切にし、心をオープンにすると関係が深まります。,表現には節度と品格がにじみやすく、落ち着いた大人の魅力を持つ人として印象に残りやすいでしょう。,伝統的な美意識と職人気質で創造性を具体的に表現し、長期的な創作活動で才能を放ちます。,評価を気にしすぎず純粋な楽しみを追求する時間を設けることで、自己肯定感がより健全な形で育まれるでしょう。,結果を出すことに執着する緻密な思考が、歴史ある趣味や創作活動の完成度を高める配置。,あなたは目標達成のために創造的な発想を論理的に表現し、具体的な形にすることで深い喜びと楽しみを見出すでしょう。時間をかけて高度な技術を習得し、社会的にも認められるような完成度の高い自己表現を目指します。
Mercury,Capricorn,6,計画的に実務をこなし、思考を整理し的確に伝える。,計画的に実務をこなし、思考を整理して的確に伝えることで、周囲への貢献を大切にする性質です。,計画的に実務をこなし、思考を整理して的確に伝えられる、優れた仕事判断力と実務力があります。,仕事で完璧を求めすぎ、周囲を支配しがちです。時には適度な休息を取り、他者に任せることも大切です。,仕事や役割の中で説明力と管理力を発揮しやすく、信頼して任せられる人として高く評価されやすいでしょう。,計画的に業務を組み立て着実にこなし、思考を整理して的確に伝える力で成果を出すでしょう。,完璧を目指しすぎず適度な休息を意識することで、心身を酷使せず安定した高いパフォーマンスを継続できるでしょう。,完璧なワークフローと組織管理への献身が、仕事の現場に絶対的な信頼と効率をもたらす配置。,あなたは計画的に実務をこなし、思考を整理して的確に伝えることで、周囲への貢献を大切にする性質を持っています。完璧なマニュアル作成や規律正しい実務遂行は、組織に信頼と効率をもたらすでしょう。
Mercury,Capricorn,7,目標達成のため、人との対話で建設的に思考する。,目標達成のため、人との対話で建設的に思考を巡らせ、信頼できるパートナーシップを築くでしょう。,責任感を持ち、人との信頼関係を大切に建設的な対話を通して目標達成へと導く構築力があります。,人間関係で感情を抑え、打算的になりがちです。相手の気持ちに寄り添い、心を開くことで信頼が深まります。,一対一の関係では誠実で現実的な対話を好み、長く信頼できるパートナーとして見られやすいでしょう。,誠実な対人態度と建設的な思考で、長期的な契約や社会的責任を伴うパートナーシップで信頼を築きます。,相手に過度な期待をせず自立した関係を意識することで、お互いに支え合える強固な絆が構築できるでしょう。,社会的信頼をベースにした責任ある対話を交わし、共に実益を生む強固な契約の絆を築く配置。,あなたは目標達成のため、人との対話で建設的に思考を巡らせ、信頼できるパートナーシップを築き上げるでしょう。社会的信用を第一に考え、誠実で論理的な合意形成を通じて、強固な協力関係を育みます。
Mercury,Capricorn,8,計画的に本質を深く探求し、言葉で変革を促す。,物事の本質を深く、計画的に探求し、得た気づきを言葉で伝えることで、変革を促すタイプです。,計画的に物事の本質を深く探求し、確固たる意志と統率思考で変革を促す力に優れています。,深い関係において、権力への執着や支配欲が出やすい傾向があります。相手との平等な関係を意識すると良いでしょう。,深い関係では慎重に言葉を選び、重みのある本音の交流を通じて強い信頼関係を築きやすいでしょう。,計画的に本質を深く探求し、組織の資産管理や秘密性の高い研究職で強みを発揮するでしょう。,他者と資源を共有する不安を克服し信頼を深めることで、個人の力を超えた大きな価値を受け継げるでしょう。,共有資産や伝統を厳格なデータで管理し、責任を持って継承することで深い絆を維持する配置。,あなたは物事の本質を深く、計画的に探求し、得られた気づきを言葉で伝えることで変革を促す力を持っています。他者と共有する資産や深い絆に対し、責任を持って秩序をもたらし、複雑な問題も不屈の精神で解決へと導くでしょう。
Mercury,Capricorn,9,高い目標のため、深く探求し得た思考を伝える。,高い目標のために深く探求し、そこで得た知恵や論理的な思考を、責任感を持って周囲に伝えていきます。,高い目標のために現実的な哲学を深く探求し、確固たる信念を言葉で伝える構築思考が強みです。,思考が硬直化し、保守的になり視野が狭くなりがちです。新しい情報や多様な意見に触れることで、新たな気づきがあります。,信念や考えを現実的に構築して語るため、筋の通った確固たる思想を持つ人として見られやすいでしょう。,実用的な哲学や長期的な視点を武器に、学問研究や伝統を重んじる教育で着実な成果を収めるでしょう。,抽象的な概念を現実的な成果に結びつけることで、広い視野が人生を導く力強い知恵となり周囲の信頼も高まるでしょう。,社会の規律や古の知恵を実用的な真理として学び、格式高い学びを通じて魂の品格を磨く配置。,あなたは高い目標のために深く探求し、権威ある学問や哲学から得た知恵や論理的な思考を、責任感を持って周囲に伝えていくでしょう。社会の土台を支える確固たる理論を構築し、精神的に自立した高い知性で人々を導きます。
Mercury,Capricorn,10,社会的目標達成に向け、論理的に思考し発信する。,社会的な目標達成に向け、論理的に思考を組み立て、自らの言葉で明確に発信していくことを大切にします。,社会的目標の達成に向け、論理的な思考と責任感で人々を統率し、成果を構築する判断力があります。,社会的な評価にこだわりすぎ、周囲に冷酷になりがちです。共感の心を持ち、協調性を大切にすると良いでしょう。,社会的な場では発言に強い責任感がにじみ、実績を積み重ねることで厚い信頼を得る人物として映りやすいです。,社会的目標達成に向けた論理的思考で、実務力と判断力が評価され責任ある立場を担うでしょう。,結果だけでなく内面的な充足感を大切にすることで、周囲の評価に左右されない真の自信と地位を確立できるでしょう。,戦略的な思考と実務能力を社会で発揮し、野心を着実に現実化して権威ある地位を築く配置。,あなたは社会的な目標達成に向け、論理的に思考を組み立て、自らの言葉で明確に発信していくことを大切にします。着実な野心と長期的な計画性、完璧な実務能力によって、権威ある地位を築き、社会に大きな影響を与えるでしょう。
Mercury,Capricorn,11,仲間と共に理想へ向かい、計画的な思考で語り合う。,仲間と共に理想へ向かい、計画的な思考で語り合うことで、目標達成に貢献できる関係を築くでしょう。,仲間と共に理想へ向かい、計画的な思考と統率力で、未来を築くための組織構築に優れています。,仲間との関係で保守的になり、集団を支配しようとしがちです。多様な意見を尊重し、オープンな姿勢を心がけましょう。,仲間の中では計画性のある意見を出し、グループの目標を着実に形にする頼もしい存在として受け入れられやすいです。,計画的な思考で仲間と理想へ向かい、ネットワーク運営や具体的な目的を持つ組織活動で中心となります。,既存の枠組みを守るだけでなく新しい風を仲間のために取り入れることで、理想とする未来をより確実に形にできるでしょう。,実力派の仲間と現実的な社会変革を議論し、秩序ある未来のネットワークを計画的に広げる配置。,あなたは明確な目標を持つ仲間と共に理想へ向かい、計画的な思考で語り合うことで、目標達成に貢献できる関係を築きます。実務的な調整や組織運営に長け、規律正しいネットワークの中で現実的な未来社会の構築に尽力するでしょう。
Mercury,Capricorn,12,内面の思考を深く見つめ、目標達成に繋がる言葉にする。,内面の思考を深く見つめ、精神的な気づきを具体的な言葉にすることで、目標達成へとつなげるでしょう。,内面を深く見つめ、精神的な忍耐力と内省思考で目標達成に繋がる言葉を生み出す持続理解が強みです。,悲観的な思考に陥り、感情を抑圧して孤立しがちです。信頼できる人に気持ちを打ち明けることで、心が軽くなるでしょう。,表では控えめでも、内面では考えを緻密に積み重ね、静かに周囲を支える堅実な人として映りやすいでしょう。,内面の思考を深く見つめ、目標達成に繋がる言葉で、裏方での支援や創作活動に才能を活かします。,孤独を恐れず静寂の中で内面を整えることで、潜在意識にある知恵を現実世界で活かす力が湧き出てくるでしょう。,内なる責任感や秩序を一人の時間で静かに練り上げ、人知れず社会を支えるための知恵を蓄える配置。,あなたは内面の思考を深く見つめ、精神的な気づきを具体的な言葉にすることで、目標達成へとつなげる力を秘めています。自分自身の厳格な反省や目に見えない秩序の探求を通して、人知れず社会を支える知恵を蓄えていくでしょう。
Mercury,Aquarius,1,革新的な思考で自分を表現し、新しい道を切り拓く。,革新的な思考で自分を表現し、独自の視点から新しい道を切り拓いていくことを大切にするタイプです。,独創的な発想力と自立した知性で、革新的な自己表現をしながら新しい道を切り拓くのが強みです。,独自の思想が強すぎて、反骨精神から孤立しがちです。多様な考えを尊重し、協調性を大切にすると良いでしょう。,考え方や話し方に独自の個性があらわれやすく、自由でユニークな人として周囲から注目されやすいでしょう。,独創的なアイデアと客観的な視点で、革新を求められる現場やフリーランスとして個性を輝かせるでしょう。,独自の意見を大切にしつつ周囲との情緒的な繋がりも意識することで、革新的な提案がより多くの人に受け入れられるでしょう。,独創的でクールな知性と客観的な視点が、時代の先を行くユニークな個性を際立たせる配置。,あなたは既存の枠に捉われない革新的な思考で自分を表現し、独自の視点から新しい道を切り拓いていくパイオニアです。その独創的で進歩的な知性は、客観的な言葉を通して、周囲に新鮮な視点と変化をもたらすでしょう。
Mercury,Aquarius,2,独自の視点で才能を発掘し、新しい価値を創造する。,独自の視点で才能を発掘し、既成概念にとらわれない新しい価値を言葉で創造していくでしょう。,独自の視点で才能を発掘し、革新的な発想で新しい価値を創造できる優れた判断力があります。,独自の価値観に固執し、収入への不安を抱えがちです。柔軟な発想で、新しい視点を取り入れると安心です。,独自の価値観を明確に言葉で示し、他人に流されない芯の強さを持つ人という印象を与えやすいでしょう。,独自の視点と先歩的な金銭感覚で、ITや発明など新しい価値を創造する分野で基盤を築きます。,物質的な所有に固執せず知識やネットワークを共有することで、経済的な安定と精神的な自由を同時に手に入れられるでしょう。,革新的なアイデアやデジタル技術を駆使し、既存の枠に囚われない独自の経済基盤を築く配置。,あなたは独自の視点で才能を発掘し、既成概念にとらわれない新しい価値を言葉で創造していく力を持っています。最新テクノロジーや独自の合理性を活かし、自由な方法で経済的価値を生み出す未来志向の戦略家となるでしょう。
Mercury,Aquarius,3,新しい情報や学びを探求し、独自の視点で発信する。,新しい情報や学びを探求し、独自の視点や革新的なアイデアを自分の言葉で周りに発信します。,新しい情報や学びを探求し、独自の視点と革新的な知性で発信できる優れた企画力があります。,奇抜な発言で共感を得られにくいことがあります。相手の気持ちを想像し、言葉を選ぶことでコミュニケーションが円滑になります。,発想や会話に常に新しさが感じられ、周囲に知的刺激を与える存在として魅力的に映りやすいでしょう。,論理的で公平なコミュニケーション能力を活かし、新しい情報発信や教育の場で信頼を築きます。,論理だけでなく共感を持って語り合う姿勢を養うことで、持ち前の説得力がより多くの人の心を動かす知恵へと変わるでしょう。,常識を打ち破る斬新な情報を発信し、インターネットやSNSで広く知的な革命を先導する配置。,あなたは新しい情報や学びを飽くなき探求心で追い求め、独自の視点や革新的なアイデアを自分の言葉で周りに発信します。広範囲に及ぶネットワークを介した自由な情報交換を通じて、常に未来を見据え、知的な革命を先導するでしょう。
Mercury,Aquarius,4,独自の視点で基盤を見直し、新しい考えを伝える。,独自の視点で家族や心の基盤を見直し、新しい考えを伝えることで、より自由な安心感を築くでしょう。,独自の視点と革新的な思考で基盤を見直し、自立した判断力で新しい考え方を伝えられます。,独自の考えから、家族と疎遠になったり感情が希薄になったりしがちです。温かい心で家族と向き合う時間を大切にしましょう。,親しい人にも一定の自由な距離感で接し、風通しの良いさっぱりとした関係を築きやすいでしょう。,独自の視点で自由な家庭環境を築き、在宅技術作業や家を交流の場とする活動で才能を発揮します。,家族に対して一定の距離を保ちつつ深い理解を注ぐことで、個人の自由と家庭の安らぎがバランスよく両立できるでしょう。,自由で自律した個が集まる開放的な家庭を理想とし、未来的で風通しの良い居場所を作る配置。,あなたは独自の視点で家族や心の基盤を見直し、新しい考えを伝えることで、より自由で開放的な安心感を築き上げます。伝統に縛られないモダンな知恵で家庭内の風通しを良くし、互いを尊重する心地よい居場所を創造していくでしょう。
Mercury,Aquarius,5,革新的な発想を言葉にし、創造的に自己表現する。,革新的な発想を言葉にし、創造的に自己表現することで、型にはまらない楽しみを見出すタイプです。,革新的な発想と独創的な表現力で、あなたらしい個性を創造的に自己表現できるのが強みです。,恋愛において自己中心的になり、感情表現が希薄になりがちです。相手の気持ちを尊重し、素直な心で接すると良いでしょう。,表現にはオリジナリティがにじみ、型にはまらない面白さを持つ魅力的な人として印象に残りやすいでしょう。,斬新な創造性と遊び心を活かし、デジタルアートなど独創的な企画で才能を放つでしょう。,楽しみを自己満足で終わらせず仲間と分かち合う喜びを意識することで、あなたの閃きが普遍的な価値ある実績へと昇華されるでしょう。,最新技術や個性的な趣味を楽しみ、自らの独創性を客観的なアイデアとして軽やかに表現する配置。,あなたは革新的な発想を言葉にし、型にはまらない創造的な自己表現を通して、独自の楽しみを見出すでしょう。知的な刺激に満ちたクリエイティブな活動を通じて、人々を驚かせ、新たな価値を生み出す喜びを感じます。
Mercury,Aquarius,6,独自のアイデアで実務を効率化し、考えを伝える。,独自のアイデアで実務を効率化し、考えを明確に伝えることで、より良い働き方を追求するでしょう。,独自のアイデアで実務を効率化し、革新的な発想と鋭い分析思考で、考えを的確に伝えられます。,仕事で反骨精神が強すぎて、協調性が不足し不安定になりがちです。チームワークを大切にすると、より良い成果に繋がります。,仕事や日常の中で独自の工夫を言葉にし、発想力豊かな実務家として周囲から高く評価されやすいでしょう。,独自のアイデアで合理的に業務を改善し、その効率化を周囲に伝えることで成果を出すでしょう。,周囲の感情的な動きを冷静に観察し柔軟に対応することで、高いパフォーマンスと良好な職場環境を両立できるでしょう。,合理的なシステム構築と人道的な視点が、仕事の現場に画期的な業務フローと自由をもたら配置。,あなたは独自のアイデアで実務を効率化し、その考えを明確に伝えることで、より良い働き方を追求するでしょう。仕事の現場にシステム改革や最新技術を導入し、合理的なアプローチで画期的な業務フローを創造していきます。
Mercury,Aquarius,7,独自の視点で人と対話し、革新的な関係を築く。,独自の視点で人と対話し、自由で対等な関係を築きながら、革新的なアイデアを生み出すでしょう。,独自の視点と革新的な発想で人々と深く交流し、対話を通して新しい関係性を築くのが得意です。,人間関係で距離を取りがちで、感情表現が希薄になりやすいです。心を開いて人との繋がりを大切にすると良いでしょう。,一対一の関係では対等さと自由を大切にし、風通しの良い爽やかな相手として見られやすいでしょう。,公平な社交性と交渉力を武器に、異業種交流や自由なパートナーシップで革新的な関係を築きます。,相手の自由を尊重し自分の意志を誠実に伝えることで、お互いに刺激を与え合える持続可能な関係が築けるでしょう。,自律した親友のような対人関係を求め、互いの個性を尊重し合うクールな知性の絆を築く配置。,あなたは独自の視点で人と対話し、互いの独立性を尊重した自由で対等な関係を築くことを大切にします。知的な友情に基づいたパートナーシップは、革新的なアイデアを生み出す土壌となり、公平な判断力で厚い信頼を得るでしょう。
Mercury,Aquarius,8,独自の洞察で本質を見極め、変革の思考を伝える。,物事の本質を独自の洞察で見極め、変革を促す思考を言葉にすることで、深く人々と関わるでしょう。,独自の洞察力と革新的な思考で物事の本質を見極め、変革をもたらす発想を伝えられるのが強みです。,極端な思想に傾き、孤立感から破壊的な衝動を抱えがちです。心の声に耳を傾け、穏やかな方法で自己表現をすると良いでしょう。,深い関係でも自分らしい視点を保ち、独特の距離感で本音を交わすことで深い絆を育む傾向があります。,独自の洞察で本質を見抜き、変革を促す思考を活かし、金融やITなどの分野で活躍します。,他者と深いレベルで資源を共有する際の理屈を捨て信頼を深めることで、個人の力を超える大きな変容を社会にもたらせるでしょう。,共有するシステムや理念を客観的に分析し、共通の目的を通じた知的な融合で関係を更新する配置。,あなたは物事の本質を独自の洞察で見極め、変革を促す思考を言葉にすることで、深く人々と関わります。客観的で斬新な視点から古いシステムを合理的に解体・再構築し、他者と共有する価値を更新していく力があるでしょう。
Mercury,Aquarius,9,独自の哲学を探求し、新しい時代への思考を伝える。,独自の哲学や未来を見据えた知を探求し、新しい時代への思考を言葉にして周りに発信していくタイプです。,独自の哲学を探究し、革新的な知性で新しい時代の思想を伝え、理念を深く理解できるのが強みです。,思想が極端になり、伝統を否定しがちです。既存の価値観にも目を向け、多角的な視点を持つことで視野が広がります。,独自の思想や視点を自然に語りやすく、周囲に新たな気づきや刺激を与える視野の広い人として映りやすいでしょう。,独自の哲学と自由な探求心を武器に、新しい時代への思考を学問や出版を通じて広めるでしょう。,知識だけでなく自身の信念を行動に移す意識を持つことで、あなたの広い視野は社会を導く力強い知恵へと進化するでしょう。,博愛主義や宇宙の法則を真理として追求し、人類の意識をアップデートするための学びを究める配置。,あなたは独自の哲学や未来を見据えた知を探求し、新しい時代への思考を言葉にして周りに発信していくタイプです。最先端の学問や普遍的な人類愛に基づいた世界観を構築し、既成概念を打ち破る先見性で人々を魅了するでしょう。
Mercury,Aquarius,10,独自の視点で社会に革新をもたらす思考を発信する。,独自の視点で社会に革新をもたらす思考を発信し、新しい時代のリーダーとして活躍するでしょう。,独自の視点と革新的な企画思考で社会に新しい風を吹き込み、改革を統率する発信力があります。,権威に反発しやすく、社会的な評価で衝突を招きがちです。協調性を意識し、穏やかなアプローチを心がけると良いでしょう。,社会的な場では個性的な発言が注目されやすく、新しい流れや変化を生み出す人として見られやすいでしょう。,独自の視点と革新的な思考を発信することで、社会に新しい価値をもたらす立場を築くでしょう。,肩書きや名声に執着せず内面的な真理に従って行動することで、周囲から心から尊敬される指導者としての地位を確立できるでしょう。,革新的な発想を社会で展開し、分散型のリーダーシップで新しい価値観を象徴する地位を築く配置。,あなたは独自の視点で社会に革新をもたらす思考を発信し、新しい時代のリーダーとして活躍するでしょう。既存の枠組みを刷新する先駆者として、客観的な戦略と独自のアイデアで新しい価値観を象徴する地位を確立します。
Mercury,Aquarius,11,仲間と共に理想を語り、革新的な思考で未来を創る。,仲間と共に理想を語り合い、革新的な思考で未来を創造していくことを大切にするタイプです。,仲間と未来の理想を語り合い、革新的な思考で未来を創る企画力と、先導する力に優れています。,理想が高すぎて独走し、仲間との間に溝が生まれがちです。チームとの調和を大切にし、共に行動する意識が大切です。,仲間の中では未来志向の意見を共有し、グループに新鮮な風を吹き込む存在として頼られやすいでしょう。,仲間と共に理想を語り、革新的な思考で未来を創る、コミュニティの中心的な役割を担います。,個人の自由を大切にしつつ共通の目的に向かって協力することで、あなたの独自のビジョンが仲間に支持され形になるでしょう。,人類の進化を夢見る世界中の仲間と繋がり、ネットワークを駆使して未来の理想を形にする配置。,あなたは年齢や立場を超えた自由なコミュニティの中で、仲間と共に理想を語り合い、革新的な思考で未来を創造していくことを大切にします。人類の幸福のための新しい提案を行い、多種多様な人々を繋ぐ知的なハブとして活躍するでしょう。
Mercury,Aquarius,12,内なる直感を探求し、独自の思考で新しい道を拓く。,内なる直感や潜在意識を探求し、独自の思考で新しい道を拓くための言葉を見つけ出すでしょう。,内なる直感を探求し、精神を革新する独自の思考と豊かな想像力で、新しい道を切り拓けます。,現実から離れ、孤立した思想に陥り混乱しがちです。地に足をつけて現実と向き合い、内面の声に耳を傾けると安心です。,表には出しすぎなくても内面では自由な発想が広がり、どこか掴みきれないユニークな知性を持つ人として映りやすいです。,豊かな想像力と自由な発想を活かし、芸術や瞑想を通じた癒やしの分野で実力を発揮するでしょう。,静かな時間で内面を整えることで、豊かなひらめきを現実世界で活かす知恵が湧いてくるでしょう。,人類全体の幸福への祈りや斬新な直感を一人の時間で思索し、目に見えない次元で思考を深める配置。,あなたは内なる直感や潜在意識を探求し、独自の思考で新しい道を拓くための言葉を見つけ出すでしょう。集合無意識から得た独創的なインスピレーションを言語化し、人知れず未来のビジョンを育む精神的な活動に深い喜びを感じます。
Mercury,Pisces,1,共感力と直感で、自分らしい表現を言葉にする。,自分の直感を信じ、共感力あふれる言葉で魅力的な自分を表現するタイプです。,あなたは共感と思考力で自分を表現し、直感を活かして豊かな言葉で伝える才能があります。,思考が曖昧になり感情に流されがちなので、自分の気持ちと向き合い、明確な言葉で表現する練習をすると良いでしょう。,あなたの言葉には優しさや感受性がにじみ、親しみやすい人として周囲から好意的に見られやすいでしょう。,深い共感力と豊かな想像力で、福祉や芸術、カウンセリングであなたらしい個性を輝かせます。,自分の感受性を信じつつ明確な線引きをすることで、本来の癒やしの力を発揮できるようになります。,境界線のない柔らかな感受性が言葉に溢れ出し、全てを包み込む癒やし手のような個性を放つ配置。,あなたの思考は、豊かな想像力と深い共感力を通して、言葉を超えた感覚を伝える情緒的な表現として現れます。直感的な対話で周囲の心を優しく癒やしながらも、他者の感情と自身の考えを明確に区別する意識が、揺るぎない自己を確立する鍵となるでしょう。
Mercury,Pisces,2,共感力で他者の価値を感じ取り、自身の才能を表現する。,豊かな感性で他者の価値を理解し、自分の才能を言葉で表現して豊かさを築きます。,豊かな感性で物事の本質や価値を深く理解し、その魅力を言葉で伝えることに優れています。,価値観が曖昧になり浪費したり人に依存しやすいので、本当に大切なものを冷静に見極める時間を持ちましょう。,自分の価値観を感覚的に語ることが得意で、包み込むような穏やかな雰囲気を周囲に与えやすいでしょう。,優れた直感と感受性を活かし、芸術や癒やしで精神的価値を創造し、経済的な安定を築くでしょう。,物質だけでなく心も満たすことを大切にすると、経済的な安心と心の平安を得られるでしょう。,目に見えない愛や徳を価値の核に置き、直感に従って大いなる流れから必要な豊かさを得る配置。,あなたは芸術的な感性や癒やしの才能を活かし、直感的なマネーセンスで経済的な価値を生み出す力を持っています。物質的な豊かさよりも本質的な価値を大切にする傾向がありますが、具体的な収支管理を意識することで、より安定した基盤を築き、才能を最大限に開花させることができるでしょう。
Mercury,Pisces,3,共感力で学びを深め、感受性豊かな言葉で伝える。,感受性豊かに学びを深め、心に響く言葉で周りの人との交流を大切にします。,繊細な感性と共感力で相手の心を深く理解し、想像力豊かな言葉で伝えるのが得意です。,思考が混乱して曖昧な発言をしがちなので、情報を整理し、一つずつ丁寧に伝えることを心がけると安心です。,会話には想像力と繊細なニュアンスが乗りやすく、感覚的に深く通じ合える相手として好まれやすいでしょう。,豊かな感性と言葉で、詩作や物語制作、教育の場で人の心に寄り添い、深い信頼を築きます。,直感的なひらめきを論理的に整理して伝えることで、あなたの言葉が多くの心に響く知恵に変わります。,詩的で幻想的なメタファーを使い、相手の心の一番深い部分に優しく癒やしを届ける配置。,あなたの思考は、詩的で情緒豊かなコミュニケーションを通じて、目に見えない感覚を言葉にする独自の表現力として発揮されます。心に響く優しい対話で身近な環境に安らぎをもたらしますが、情報伝達においては、要点を明確に整理する工夫があなたの魅力をさらに際立たせるでしょう。
Mercury,Pisces,4,共感力で家族や心の基盤を大切にし、思いを言葉にする。,家族への深い共感と愛情を言葉にし、心の拠り所となる安心できる家庭を築きます。,家族や大切な人の気持ちを深く理解し、温かい言葉で安心できる居場所を作る包容力があります。,家族との境界線が曖昧になり感情が混乱しやすいので、自分と相手の気持ちを尊重し、適度な距離感を保つと良いでしょう。,親しい人とのやり取りでは深い情緒が表れやすく、あなたの優しさが相手を受け止める存在になりやすいでしょう。,家族への愛情と共感力で、癒やしの空間作りや心のケアに関わる実務で活躍し、信頼されます。,他者の感情を吸収しすぎないよう、自分だけの静かな時間を確保することで、心の安らぎを保てるでしょう。,家族との霊的な繋がりを大切にする対話を好み、慈悲に満ちた安らげる聖域を言葉で作る配置。,あなたの思考は、家庭内の不和を慈愛に満ちた対話で和らげ、家族の心を癒やす温かい居場所を創り出す知恵として輝きます。家族への深い理解と共感は素晴らしい資質ですが、時には一人の静かな時間を持つことで、心の中の調和を保ち、より多くの愛情を周囲に注げるでしょう。
Mercury,Pisces,5,豊かな感受性と直感で、創造的な発想を言葉にする。,豊かな感性と直感で創造性を発揮し、心のときめきを言葉で表現する才能があります。,豊かな感性と想像力でユニークな発想を生み出し、魅力的な表現で喜びを創造できます。,恋愛で理想や幻想を抱き感情が迷走しやすいので、現実と向き合い、自分の心の声に耳を傾ける時間を大切にしましょう。,あなたの表現には夢や豊かな感性がにじみ、周囲にはロマンチックで印象的な人として記憶に残りやすいでしょう。,溢れる想像力と繊細な表現力を活かし、音楽や映像など夢のあるクリエイティブな分野で才能を開花させます。,楽しみを自己満足で終わらせずに形に残すことで、ひらめきが価値ある作品へと昇華されます。,夢や幻想の世界に浸った創作を楽しみ、神秘的な悦びを優しく繊細なアイデアで表現する配置。,あなたの思考は、夢やファンタジーの世界を形にする豊かな想像力となり、ロマンチックな表現を追求する喜びを創作活動にもたらします。天性の芸術性を持ち、心のときめきを言葉で表現する才能に溢れていますが、その情熱を具体的な作品として完成させる粘り強さが、あなたの才能をさらに輝かせるでしょう。
Mercury,Pisces,6,人に寄り添い、思いやりを持って仕事や奉仕に取り組む,感受性豊かに人の心に寄り添い、思いやりの言葉で仕事や奉仕に取り組むことを大切にします。,人に寄り添う深い共感力で、実務を通して周囲を癒し、献身的に支えることが得意です。,人に尽くしすぎて自己犠牲的になりやすいので、自分の心と体を休ませ、現実逃避せずにバランスを取ることが大切です。,相手にそっと寄り添うような伝え方をし、周囲からは優しく献身的な人として信頼されやすいでしょう。,人に寄り添う思いやりと柔軟な思考で、状況に応じた業務でスムーズに成果を出せるでしょう。,周囲の期待に応えるだけでなく自分を大切にすることで、安定した成果と健康な毎日を両立できます。,苦しむ人への献身的な奉仕が、職場や日常の現場を優しい言葉と気遣いで浄化する配置。,あなたの思考は、仕事の現場で奉仕的なサポートや癒やしの活動を通じて、インスピレーションを活かした独自の実務遂行として発揮されます。周囲の痛みを敏感に察し、思いやりの言葉で寄り添うことができる一方で、自身の現実的な限界を理解し、役割を明確に線引きすることが、あなた自身の心を守る大切な知恵となるでしょう。
Mercury,Pisces,7,相手の気持ちを深く理解し、心を通わせる言葉を紡ぐ,相手の気持ちを深く共感し、心を通わせる優しい言葉で素晴らしい関係を築くでしょう。,相手の気持ちを深く理解し、温かい共感力で心を通わせる、癒しに満ちた交流が強みです。,対人関係で相手に依存し境界線が曖昧になりがちなので、自分の軸を持ち、健全な関係性を築くことを意識しましょう。,一対一では相手の気持ちに深く共鳴しやすく、受容的でやわらかな雰囲気が周囲に安心感を与えやすいでしょう。,深い共感力と社交性を武器に、カウンセリングや広報、心を通わせる人間関係で活躍するでしょう。,相手の影響を受けすぎないよう自立心を養うことで、互いに高め合う関係を築けるでしょう。,対人関係において魂レベルでの共感を言葉にし、互いを救い合う境界線のない絆を築く配置。,あなたの思考は、対人関係において相手の言葉の裏にある感情までを深く察知し、お互いが溶け合うような共感に基づいた情緒的な対話を生み出します。相手を丸ごと受け入れる優しい資質は素晴らしい絆を築きますが、冷静な視点を保ち、自立した判断を意識することが、健全で豊かな関係性を育む鍵となるでしょう。
Mercury,Pisces,8,深い洞察と共感力で、本質を見抜く言葉を発する,共感力と鋭い洞察力で物事の本質を見抜き、深いつながりを生む言葉を紡ぎます。,深い洞察力と共感力で物事の本質を見抜き、人の心に寄り添う想像力に優れています。,深い関係で幻想を抱き執着しやすく、感情が極端になりがちです。現実と向き合い、心の安定を心がけましょう。,深い関係では境界を越える本音の共有を好み、心の奥で深くつながるような対話を求めやすいでしょう。,直感的な洞察力と癒やしの力を活かし、心理学や精神的な再生に関わる仕事で本質を見抜きます。,他者との深い結びつきを恐れず受け入れることで、社会に大きな癒やしをもたらせるでしょう。,他者と感情的に溶け合う情報を共有し、深い慈悲による浄化を通じて関係を精神的に再生する配置。,あなたの思考は、他者と共有する深い感情や潜在意識の核心に直感的に飛び込み、魂の癒やしや根本的な再生を促す知恵として発揮されます。高い洞察力と共感力で物事の本質を見抜く才能は素晴らしいものですが、目に見えない世界で得た精神性を、具体的な日常生活の改善へと繋げることが、あなたの力を最大限に活かす道となるでしょう。
Mercury,Pisces,9,直感と共感で世界の真理を探求し、知恵を言葉にする,直感と共感で世界の真理を探求し、得た知恵を独自の視点で言葉にして伝えます。,直感と共感で世界の真理を探求し、哲学的な思考を深め、知恵を言葉にする才能があります。,理想を追い求めるあまり現実逃避し、視野が曖昧になりがちです。地に足をつけて、多様な視点を取り入れると良いでしょう。,理想や精神性を込めて語る傾向があり、感性豊かな独自の価値観を持つ人として周囲から見られやすいでしょう。,高い理想と探求心で世界の真理を探究し、学問や癒やしの思想を広める役割で活躍します。,直感的な知識を現実的な行動に活かすことで、あなたの広い視野が社会を導く知恵へと進化します。,無条件の愛を世界の真理として追求し、神秘的な学びを通じて魂を救済する哲学を深める配置。,あなたの思考は、宇宙的な真理や神秘主義、全ての境界を越えた博愛的な哲学を深く探求し、インスピレーションによって高い教えを吸収していくことで豊かな知恵となります。慈愛に満ちた理想を抱き、独自の視点でそれを言葉にする才能がありますが、あなたの信念を他者にも理解されるよう、論理的な説明を心がけることが、さらに多くの共感を生むでしょう。
Mercury,Pisces,10,共感力で人々の心を動かし、社会で確固たる地位を築く,人々の心に深く響く言葉で共感を呼び、社会的な使命や目標を達成するタイプです。,あなたの温かい共感力は人々の心を動かし、癒しを社会に広める影響力のある発信力となります。,他者からの評価に依存し、現実逃避して判断が曖昧になりがちです。自分の軸を持って、信念に基づいた行動を心がけましょう。,社会的な場でもやわらかな影響力を持ち、包容力のある話し手として多くの人に受け入れられやすいでしょう。,豊かな感性と共感を活かした発信で人々の心を動かし、社会で確固たる地位を築くでしょう。,肩書きに執着せず内なる真理に従うことで、周囲から心から尊敬される指導者となれるでしょう。,芸術や福祉の分野で感性を活かした発信を行い、人々の心の拠り所として認められる地位を築く配置。,あなたの思考は、芸術や癒やし、あるいは精神的な指導を通じて人々に夢を与え、その豊かな感性が社会的なキャリアの中で公的に認められるための戦略として輝きます。直感的なリーダーシップで人々の心に深く響く言葉を届けることができますが、公の場での発言においては、目標を明確にし、誠実な行動で信頼を築くことが、揺るぎない地位へと繋がるでしょう。
Mercury,Pisces,11,仲間と共感で繋がり、理想を語り合い未来を形作る,仲間と共感で深く繋がり、理想の未来について語り合うことで絆を育むでしょう。,仲間と深く共感し合い、未来への理想を分かち合うことで、癒しと創造の交流を育めます。,仲間との関係で境界が曖昧になり、理想を見失いがちです。自分の意見を大切にし、健全な距離感を保つと良いでしょう。,仲間に対しても共感的に言葉を向け、その存在は場を和らげるため、好感を持たれやすい傾向があります。,理想を共有する仲間と繋がり、非営利やグローバルな活動で中心となり、人々に貢献するでしょう。,個人の自由を尊重しつつ共通の目的に協力することで、独自のビジョンが仲間の支持を得て形になります。,人類の平和を夢見る仲間と癒やしのビジョンを共有し、理想の未来を感覚的な言葉で描き出す配置。,あなたの思考は、理想を共にする仲間たちと慈悲深い社会貢献の提案を分かち合い、心の繋がりを重視したネットワークを構築するための知恵として発揮されます。共感によって仲間と深く結びつき、理想の未来を語り合うことで絆を育みますが、具体的な計画を形にするためには、同じ志を持つ実務家との協力が、その夢を実現する重要な鍵となるでしょう。
Mercury,Pisces,12,豊かな感性で内面と向き合い、癒しや気づきを言葉にする,豊かな感性で内面と向き合い、癒しや深い気づきを言葉にして表現する才能があります。,豊かな感性で内面と向き合い、直感的な洞察力で心の癒しや気づきを言葉にできます。,無意識の領域に深く潜り込み現実逃避しやすいため、自分を見失わないよう、現実と内面のバランスを意識しましょう。,多くを語らなくても深い共感性がにじみ、静かに相手を受け止める温かい人として周囲には映りやすいでしょう。,豊かな感性と想像力を活かし、瞑想や芸術を通じた普遍的な癒やしの分野で実力を発揮します。,静かな時間で内面を整えることで、豊かなひらめきを現実世界で活かす知恵が湧いてくるでしょう。,宇宙との一体感や孤独な祈りの中に思考を沈め、目に見えない次元の知恵を密かに受け取る配置。,あなたの思考は、深い瞑想や潜在意識から湧き上がるイメージを整理し、人知れず他者を救うための祈りの言葉へと昇華されるような、豊かな内面世界から生まれます。高い神秘性を秘め、癒しや深い気づきを言葉にする才能がありますが、一人の時間を聖域として大切にしつつ、信頼できる相手との対話を通じて、現実世界との調和を保つことが大切です。
Venus,Aries,1,自分の個性を情熱的に表現し、魅力的な存在として輝く,情熱的に自分を表現し、個性を際立たせることで周囲を惹きつける魅力があります。,あなたは情熱的に自分の個性を表現し、その魅力で人との関係を主体的に育むことができます。,恋愛や自己表現で衝動的になりやすく、飽きてしまいがちです。少し立ち止まり、相手の気持ちを考えることで関係が深まります。,好意や魅力を率直に表す傾向があり、明るくストレートな個性的な人として周囲に映りやすいでしょう。,溢れる情熱と素早い行動力で、独自のスタイルを表現し周囲を惹きつける魅力的な存在として輝きます。,衝動に流されず本当に好きなことを深掘りすることで、あなたの魅力は持続的な影響力へと繋がります。,情熱的で素直な愛情表現が、周囲を惹きつけるチャーミングで活動的な魅力となる配置。,あなたは新しい体験を自ら切り拓き、情熱的に自分を率直に表現することで、周囲を惹きつける華やかな魅力を放ちます。その個性的な輝きは多くの喜びをもたらしますが、対人関係においては、相手の立場を尊重する視点を持つことで、さらに豊かな人間関係を築くことができるでしょう。
Venus,Aries,2,自分の才能を積極的に活かし、独自の価値や豊かさを生み出す,自分の才能を信じ、情熱と行動力で独自の価値を生み出し豊かな財産を築くでしょう。,自分の才能を信じて積極的に行動し、独自の価値を生み出す自立心と率直な魅力が強みです。,欲しいものを衝動的に消費し、後で後悔しやすい傾向があります。一度冷静になり、本当に価値があるか見極める習慣が大切です。,自分の好き嫌いをはっきりと示すため、芯のある魅力的な人という印象を周囲に与えやすいでしょう。,金銭への積極的な開拓精神を活かし、自力で道を切り拓くビジネスで豊かな収益を築くでしょう。,衝動買いを控え、本当に価値あるものに投資することで、経済と心の満足を得られるでしょう。,自らの感性で何かを勝ち取り稼ぐことに喜びを感じ、スピーディーな購買意欲を持つ配置。,あなたの喜びは、自分の欲しいものを自力で手に入れることや、五感に訴える即時的な快楽を通じて深く満たされます。情熱と行動力で独自の価値を創造し、豊かな財産を築く才能に恵まれていますが、衝動買いを抑えるセルフコントロールを意識することで、より堅実な豊かさを手に入れることができるでしょう。
Venus,Aries,3,好奇心いっぱいに学び、感じたことを素直に表現する,好奇心のままに積極的に学び、感じたことを素直に言葉にして周りと交流します。,好奇心いっぱいに学び、感じたことを素直で軽快な魅力ある言葉で表現する発信力に優れています。,恋愛やコミュニケーションで短気になり、軽率な発言をしがちです。言葉を発する前に一拍置くことで、より良い関係を築けます。,好意を言葉や態度ですぐ伝えやすく、テンポの良い軽快なやり取りを通じて相手との距離を縮めるでしょう。,歯切れの良い会話と積極的な発信力で、興味を持った情報を広め、交流の場で信頼を得るでしょう。,相手の言葉に耳を傾ける余裕を持つことで、あなたの率直さが魅力的な対話へと変わるでしょう。,刺激的で知的な会話に楽しみを見出し、直感的な言葉で周囲に明るい喜びを届ける配置。,あなたの喜びは、刺激的な会話や新しい情報の交換、そして思い立ったらすぐに出かける行動によって豊かに育まれます。機転の利く社交性で好奇心のままに学び、感じたことを素直に表現する魅力がありますが、深い人間関係を築くためには、興味の対象が移り変わっても持続性を意識することが大切です。
Venus,Aries,4,情熱を持って家庭を築き、安心できる居場所を作る,情熱的な愛情で家族を大切にし、自分らしい安心できる温かい家庭を築くタイプです。,情熱的な愛情で家庭を守り、安心できる居場所を作るために率直に行動できる強みがあります。,家庭で感情が衝動的になり、支配的になってしまいがちです。家族の気持ちを尊重し、穏やかな心で向き合うと安心です。,身近な相手には率直な愛情表現を見せやすく、親しい関係ほど情熱的な関わり方になる傾向があります。,家族への率直な愛情と決断力で、活気ある家庭環境を作り、身内を明るくリードする力を発揮します。,家庭で寛容さを大切にすることで、安心できる居場所と良好な人間関係を維持できるようになります。,家庭内に活気と新鮮な喜びを求め、身内に対して率直で情熱的な愛を注ぐ配置。,あなたの喜びは、家庭内を活気づけることや、自立した個性を認め合う身内との関わりによって深く満たされます。情熱的な愛情で家族を大切にし、自分らしい安心できる温かい家庭を築く才能がありますが、時には家庭に安らぎの時間を確保する配慮をすることで、より深い絆が育まれるでしょう。
Venus,Aries,5,自分の心を表現し、遊び心と情熱で新たな喜びを創造する,遊び心と情熱で自己表現を楽しみ、心の赴くままに喜びや創造性を生み出すでしょう。,遊び心と情熱を持って自分を表現し、常に新たな喜びを創造できる魅力的な才能があります。,恋愛や創造で気分が優先し衝動的になりがちなので、自分だけでなく相手や周囲との調和を心がけることで、満足感が増します。,自分らしい魅力を積極的に表し、情熱的で印象深い人として周囲の心に残りやすいでしょう。,圧倒的な創造性と存在感で、スポーツやエンタメ、独自の表現を形にする分野で才能を放ちます。,楽しみを周囲と分かち合うことで、一時の情熱が多くの人に届く実績へと昇華されるでしょう。,恋の駆け引きや勝負事に強い悦びを感じ、自らの情熱をダイレクトに表現して楽しむ配置。,あなたの喜びは、ドラマチックな恋愛や情熱をぶつける自己表現を通じて深く満たされ、心の赴くままに創造性を発揮します。圧倒的な創造力に恵まれていますが、一過性の熱狂で終わらせず、その楽しみを継続させる仕組みを意識することで、より安定した喜びと充実感を得られるでしょう。
Venus,Aries,6,情熱を持って仕事に取り組み、日々の業務に喜びを見出す,日々の仕事に情熱的に取り組み、自分の役割を果たすことに喜びと充実感を感じます。,情熱を持って仕事に取り組み、日々の実務に喜びを見出し、積極的に改善していく意欲が強みです。,仕事で短気になり独断で物事を進めがちなので、周囲の意見に耳を傾け、協力することで人間関係が円滑になります。,好意を行動で示しやすく、気持ちの分かりやすい実務的な人として、周囲から頼りにされる傾向があります。,情熱と活気を持ち込み、日々の業務を楽しみながら活性化させることで、高い成果を発揮するでしょう。,焦らず丁寧な確認を心がけることで、高い実務能力が周囲からの信頼と好意へと繋がるでしょう。,仕事の現場を自らの熱意で活気づけることに喜びを覚え、テキパキと動く役割を好む配置。,あなたの喜びは、現場で主導権を握って実務を改善することや、目標に向かって切磋琢磨する仕事仲間との交流によって深く満たされます。日々の仕事に情熱的に取り組み、有能な推進力を発揮する資質は素晴らしいものですが、周囲に自分と同じスピード感を強要せず、柔軟な対応を心がけることで、チーム全体の調和をさらに高めることができるでしょう。
Venus,Aries,7,積極的な行動で出会いを求め、情熱的な関係を築く,積極的に行動して出会いを求め、情熱的で対等なパートナーシップを築くでしょう。,積極的な行動力で出会いを求め、情熱的で率直な愛情で魅力的な関係を築くことができます。,対人関係で自己主張が強くなり対立しがちです。相手の意見にも耳を傾け、調和を意識することで、より良い関係が生まれます。,一対一の関係では自分から積極的に距離を縮め、率直で対等な信頼関係を築きやすいでしょう。,活発な社交性と交渉センスを活かし、営業やパートナーシップを通じて人生の喜びを享受するでしょう。,相手の意見を尊重し対等に話し合うことで、真の協力関係を築けるようになるでしょう。,対人関係において情熱的なアプローチを好み、刺激をくれる相手に強い魅力を感じる配置。,あなたの喜びは、率直に意見を戦わせ、互いに刺激を与え合える対等なパートナーシップを築く中で深く満たされます。積極的な社交性で出会いを求め、情熱的な関係を育むことができますが、時には相手との調和を図る歩み寄りの姿勢を意識することが、より長く豊かな絆を育む鍵となるでしょう。
Venus,Aries,8,変化を恐れず飛び込み、深い絆を通して新たな価値を見出す,変化を恐れず情熱的に飛び込み、深い絆を通して新たな価値と喜びを見出すでしょう。,変化を恐れず情熱的に飛び込み、深い絆を通して新たな価値と再生の魅力を見出すことができます。,深い関係において、愛情が極端になり嫉妬や支配欲が出やすい傾向があります。相手を信頼し、自由を尊重することが大切です。,親密になるほど本音や情熱を強く示し、深く濃い絆で結ばれるような関係を求める傾向があります。,強い情熱と洞察力で、深い絆や秘密性の高い職務を通じ、自己変容に喜びを見出すでしょう。,コントロール欲を抑え他者を信頼することで、深い結びつきを通じて大きな変容を成し遂げられます。,深く激しい絆の中に悦びを見出し、一途な情熱を通じて自らの魅力を刷新していく配置。,あなたの喜びは、深い情緒的な一体化や、スリルを伴う共有体験を追求する中で深く満たされます。変化を恐れず情熱的に飛び込み、強烈な魅力を放ちますが、相手を支配しようとする衝動を抑え、お互いが自立した関係性を築くことを意識することで、より長期的に豊かな絆を育むことができるでしょう。
Venus,Aries,9,未知の知識や文化を情熱的に探求し、人生の喜びを見つける,未知の知識や文化を情熱的に探求し、人生を豊かにする喜びを見つけるでしょう。,未知の知識や文化を情熱的に探求し、人生の喜びを見つける開放的で魅力的な探究心が強みです。,自分の信念を衝動的に押し付けがちなので、多様な価値観を認め、柔軟な姿勢で人や学びと向き合うことで、視野が広がります。,好きな相手には自分の価値観を率直に共有し、情熱と熱量のある対話を好む傾向があります。,高い理想と挑戦心で、海外活動や学問、新しい思想の普及で先駆者として人生を楽しむでしょう。,理想を現実的な行動に落とし込むことで、広い視野が社会に役立つ具体的な形へと変わるでしょう。,未知の文化や哲学への冒険に美徳を感じ、開拓精神を楽しみながら理想を追う配置。,あなたの喜びは、未知の思想への挑戦や、精神的な冒険を伴う学びを共有することによって深く満たされます。理想を追求する情熱を持ち、人生を豊かにする知を探求する才能がありますが、独善的な正義感に陥ることなく、多様な美学を受け入れる広い視野を持つことで、さらなる喜びと成長を経験できるでしょう。
Venus,Aries,10,社会で自分の情熱を表現し、目標達成と成功を追求する,社会的な目標へ情熱的に取り組み、自分の使命を表現することで成功を追求します。,社会で自分の情熱を表現し、その魅力で人々を惹きつけ、目標達成へと導く開拓力があります。,目標達成に強引になり独断で進めがちなので、周囲の意見を尊重し、協調性を意識することで、より大きな成功に繋がります。,対人面でもあなたの主導性が自然と表れ、華やかで前向きな魅力的な存在として見られやすいでしょう。,情熱的な行動力と魅力で社会的な注目を集めやすく、目標達成へと導く力があります。,結果だけでなく周囲の協力に感謝することで、リーダーとしての品格が備わり真の成功を手に入れられます。,社会的な舞台で注目されトップを目指す過程に喜びを覚え、華々しい成功を愛する配置。,あなたの喜びは、独自の肩書きで社会に打って出ることや、華やかな舞台でリーダーシップを発揮することによって深く満たされます。情熱的に社会的な目標へ取り組み、自分の使命を表現することで成功を追求しますが、評価を急ぎすぎず、着実に信頼を積み重ねる姿勢が、揺るぎない公的な成功へと繋がるでしょう。
Venus,Aries,11,仲間と共に理想を追い求め、積極的に新しい絆を育む,仲間と情熱的に理想を語り合い、積極的に行動することで新しい絆を育むでしょう。,仲間と共に理想を追い求め、積極的に新しい絆を育み、魅力的な企画力で未来を創り出せます。,仲間との関係で独りよがりになり衝動的に判断しがちです。周囲の意見を聞き、共に歩むことを意識すると、良い関係が築けます。,仲間の中でも好意や親しみをストレートに示し、集まりの中で場を活気づける存在になりやすいでしょう。,進歩的なアイデアと仲間を牽引する力で、社会変革や革新的なネットワーク運営で輝きを放ちます。,個人の主張を大切にしつつ全体の調和を図ることで、あなたのビジョンが仲間に受け入れられやすくなります。,未来を語り合う熱い仲間との交流を楽しみ、理想の実現にワクワクする喜びを見出す配置。,あなたの喜びは、現状打破を目指す革新的な仲間との交流や、未来を切り拓くプロジェクトを通じて深く満たされます。先駆的な連帯を好み、情熱的に理想を語り合うことで新しい絆を育みますが、独断専行にならず、仲間の同意形成を丁寧に行う配慮が、その大きな夢を実現する重要な鍵となるでしょう。
Venus,Aries,12,内なるインスピレーションに従い、癒しや安らぎを求める,内なるインスピレーションに情熱的に従い、心の奥底で安らぎや癒しを求めるタイプです。,あなたの内なるインスピレーションと秘めた情熱は、直感的な愛情で周囲に癒しと安らぎをもたらします。,内面で葛藤を抱え現実逃避しやすいため、心の状態を穏やかに保ち、焦らず自分のペースで癒しに向き合うと良いでしょう。,表には強く出ないこともありますが、内面では熱い好意を抱きやすく、静かに深い愛情を育む傾向があります。,豊かな想像力と直感に従い、創作や癒やしの活動で精神を整え、心の安らぎを求めるでしょう。,内なる情熱を創作活動で表現することで、心の混乱を避けクリアな直感を保てるようになるでしょう。,人知れず燃え上がる秘密の恋や、一人の時間で楽しむ情熱的な趣味を密かに慈しむ配置。,あなたの喜びは、一人で密かに情熱を注ぐ趣味や、内面的なビジョンを育てる静かな時間によって深く満たされます。内なるインスピレーションに情熱的に従い、心の奥底で安らぎや癒しを求めるタイプですが、潜在的な表現欲求を満たすため、適切な自己開示の場を持つことが、あなたの世界を広げる大切な一歩となるでしょう。
Venus,Taurus,1,豊かな感性で自分を表現し、揺るぎない魅力を放つ,豊かな感性と安定した魅力で自分を表現し、周りを惹きつける存在感を放つでしょう。,豊かな感性で自分を表現し、その安定した魅力と包容力で周囲に安心感を与えることができます。,自分らしさを表現する際に頑固になり、変化を拒否しがちです。新しい価値観や表現方法を取り入れる柔軟性を持つと良いでしょう。,あなたからは自然体の魅力がにじみ、落ち着きと安心感のある人として周囲から親しまれやすいでしょう。,穏やかな存在感と優れた五感を活かし、美と健康に関わる専門職であなたらしい個性を輝かせます。,こだわりを大切にしつつ新しい変化を柔軟に受け入れることで、内面の安定がより強固になるでしょう。,穏やかで洗練された美しさと安定感が、周囲を和ませる豊かな魅力として表れる配置。,あなたの喜びは、心地よい五感の充足と、自分自身の美意識を安定して表現することによって深く満たされます。豊かな感性と揺るぎない魅力で周囲を惹きつける存在感を放ちますが、変化を拒む頑固さが対人関係の柔軟性を損なわないよう、意識的に心をオープンにすることが、さらなる魅力を引き出すでしょう。
Venus,Taurus,2,才能を活かして着実に豊かさを築き、本質的な価値を大切にする,自分の才能を活かし、じっくりと豊かな財産を築き、本質的な価値を大切にするタイプです。,自分の才能を活かして着実に豊かさを築き、本質的な価値を大切にする持続的な魅力があります。,物や財産への執着が強くなり、変化を嫌う傾向があります。新しい価値観も受け入れることで、豊かさの可能性が広がります。,自分の好みや価値観を安定して示すため、周囲には信頼できる穏やかな人という印象を与えやすいでしょう。,優れた金銭感覚と審美眼を活かし、財務や高品質な商売で着実に豊かな基盤を築くでしょう。,物への執着を手放し内面的なスキルを磨くことで、より大きな豊かさを循環させられるでしょう。,五感を満たす上質なものを所有することに深い悦びを感じ、物質的な豊かさを愛する配置。,あなたの喜びは、確実な資産の蓄積や、真に価値のある高品質な物品を所有することによって深く満たされます。自分の才能を活かし、じっくりと豊かな財産を築き、本質的な価値を大切にするタイプですが、所有すること自体が目的とならないよう、豊かさを循環させる意識を持つことが、より持続的な幸福に繋がるでしょう。
Venus,Taurus,3,じっくりと学びを深め、五感を通して得た喜びを分かち合う,五感で感じた喜びを言葉にし、じっくりと学びを深めて周りと豊かに分かち合います。,じっくりと学びを深め、五感を通して得た喜びを穏やかな言葉で分かち合う、説得力のある魅力があります。,思考が停滞し頑固な発言をしてしまいがちなので、柔軟な視点を持つことで、新たな発見や人との繋がりが生まれるでしょう。,あなたの言葉や態度にはやわらかさがあり、心地よく会話できる相手として周囲から受け入れられやすいでしょう。,丁寧な言葉選びと実用的な知識で、美的な教育やライティング、心地よい交流で信頼を得るでしょう。,自説に固執せず多様な意見に耳を傾けることで、あなたの言葉が洗練され周囲との調和が深まります。,丁寧で美しい言葉のやり取りに楽しみを見出し、身近な交流に豊かな彩りを添える配置。,あなたの喜びは、具体的で美しい言葉のやり取りや、身近な環境での穏やかな交流によって深く満たされます。一貫した思考で信頼を集め、じっくりと学びを深めて五感で感じた喜びを周囲と分かち合うことができますが、新しい考え方にも意識的に触れることで、あなたの世界はさらに豊かに広がるでしょう。
Venus,Taurus,4,穏やかな愛情で家庭を育み、安心できる居場所を作る,穏やかな愛情で家庭を育み、安心できる心の土台を築くことで喜びを感じるタイプです。,穏やかな愛情で家庭を育み、安心できる居場所を作る包容力と、揺るぎない守護の魅力があります。,家族や慣れた環境に執着し、変化を拒否しがちです。少し勇気を出して新しいものを受け入れることで、世界が広がります。,親しい人には特に包容力があり、安心できる居場所のように優しく受け止める存在になりやすいでしょう。,穏やかな愛情で心地よい家庭環境を築き、住宅デザインや家族の安らぎに関わる活動で活躍します。,家での心地よさを保ちつつ社会との繋がりを大切にすることで、心の自立と安心感を両立できます。,質の良い調度品に囲まれた平穏な家庭環境に喜び、家族との安定した絆を慈しむ配置。,あなたの喜びは、豪華で快適な住環境を整えることや、家族との伝統的で安定した絆を育むことによって深く満たされます。穏やかな愛情で家庭を大切にし、安心できる心の土台を築く才能に恵まれていますが、保守的になりすぎて外の世界を遮断しないよう、常に開かれた姿勢を保つことが、さらなる幸福への鍵となるでしょう。
Venus,Taurus,5,美意識を活かし、五感で楽しむ豊かな創造性を表現する,美意識を活かし、五感で楽しむ豊かな創造性を表現することで喜びを見つけるでしょう。,あなたの美しい感性と創造性は、五感を満たす豊かな表現を生み出し、愛情を持続させる魅力です。,恋愛や快楽に執着し所有欲が強くなりがちなので、相手を尊重し、心のゆとりを持つことで、より深い愛情を育めるでしょう。,魅力や豊かな感性を無理なく表現し、上品であたたかみのある人として周囲に印象を残しやすいでしょう。,洗練された美意識と職人気質のこだわりで、芸術制作や伝統芸能といった創作活動で才能を放ちます。,楽しみを独り占めせず周囲と分かち合うことで、自己表現の幅が広がり多くの支持を得られるでしょう。,美しい芸術や美食を心ゆくまで楽しみ、五感を満たす趣味を極めることに悦びを得る配置。,あなたの喜びは、五感を満たす美食や芸術、そして時間をかけて育てる伝統的な趣味を通じて深く満たされます。美意識を活かし、豊かな創造性を表現することで安定した幸福を追求しますが、時には変化を恐れず新しい刺激を取り入れる勇気が、あなたの人生にさらなる彩りをもたらすでしょう。
Venus,Taurus,6,堅実に日々の仕事に取り組み、喜びと充実感を感じる,日々の仕事を堅実にこなし、自分の役割に喜びと充実感を見出すことを大切にします。,堅実に日々の仕事に取り組み、その誠実な愛情と安定感で周囲からの信頼を築くことができます。,日常や仕事で変化を嫌い、惰性で過ごしてしまいがちです。新しい方法を試したり、小さな変化を楽しんでみると良いでしょう。,日々の行動の中で好意や誠実さが伝わり、丁寧に関係を育む人として周囲から信頼されやすいでしょう。,心地よさと安定感を大切に、日々の業務を着実に支える働き方で喜びを感じられるでしょう。,完璧を目指しすぎず、適度な休息を習慣にすることで、安定した高いパフォーマンスを続けられるでしょう。,心地よく整えられた環境で着実に働くことに喜びを感じ、日常の役割を美的にこなす配置。,あなたの喜びは、整った職場で丁寧に役割を果たすことや、実務を通じた誠実なサポートによって深く満たされます。日々の仕事を堅実にこなし、現場に安心感をもたらす素晴らしい資質を持っていますが、完璧を求めすぎず、他者の不備にも寛容な心を持つことで、より調和の取れた職場環境を築けるでしょう。
Venus,Taurus,7,安定した関係の中で、信頼できる愛情と豊かな価値観を育む,安定した関係の中で、信頼できる相手と豊かな愛情や価値観を育むことを大切にします。,安定を基盤に、信頼できる人との関係を心地よく育む調和的な魅力が強みです。,対人関係で相手に依存しすぎると、嫉妬心が芽生えやすいでしょう。関係にゆとりを持つことを意識すると安心です。,一対一の関係では安定と安心を大切にし、長く信頼できる相手として自然と好まれやすいでしょう。,誠実な態度と安定した交渉力で、長期的な契約や良好なパートナーシップを築く仕事で信頼を得られます。,相手に寄り添いつつ自分のペースも大切に対話することで、お互いを尊重し合える関係が育めるでしょう。,対人関係に長期的な安定と誠実さを求め、穏やかで価値観の合う相手を深く愛する配置。,あなたにとって、愛や喜びは信頼できるパートナーと永続的で安定した絆を築くことで深く育まれます。心地よい落ち着いた関係性の中で、共に新しい価値を創造していくことで、二人の愛情は一層豊かなものとなるでしょう。
Venus,Taurus,8,深い絆を通じて変容を恐れず、本質的な愛と価値を共有する,深い絆で結ばれた関係の中で、本質的な愛と価値を分かち合い、共に成長していくタイプです。,安定を基盤に、深い絆で結ばれた相手と本質的な価値を共有できる洞察力に優れています。,人との深い絆に執着しすぎると、相手を支配したがる傾向があります。手放す勇気を持つことで、より豊かな愛が育めます。,深い関係になるほど愛着が増し、簡単には揺るがない、濃い信頼関係を築く傾向があります。,組織の資産管理や深い洞察力を活かし、金融・研究など専門的な分野で喜びを見出せるでしょう。,人と協力する不安を手放し信頼を深めることで、一人では叶えられない大きな価値を受け取れるでしょう。,深い絆の中で受け継がれる豊かな財産や情報を慈しみ、確実な愛に身を委ねる配置。,あなたにとって愛や喜びは、特定の相手との深い精神的な結合や、共有する価値の中で本質を見出すことから生まれます。その一途な愛情は時に深い所有欲として現れることもありますが、相手の個を尊重することで、より豊かな絆を育むことができるでしょう。
Venus,Taurus,9,安定した基盤から視野を広げ、真実の愛と価値を探求する,安定した基盤を持ちながら、広い視野で真実の愛や価値観を探求し、人生を豊かにする性質です。,安定した価値観を大切にしながら、真実の愛を探求し続ける穏やかな哲学を持っています。,自分の恋愛観や考え方に固執しすぎると、視野が狭まりがちです。新しい価値観を受け入れる柔軟さを意識すると良いでしょう。,好きなものや価値観を穏やかに共有するため、周囲からは落ち着いた感性の持ち主として見られやすいでしょう。,実用的な哲学と長期的な視点を武器に、学問や伝統文化、教育活動で着実な成果を収めます。,理想を現実の生活にどう活かすかを考えることで、精神的な探求が具体的な成功へと繋がりやすくなります。,普遍的で美しい真理の探求に喜びを覚え、時間をかけて格調高い哲学を深める配置。,あなたにとって愛や喜びは、普遍的で揺るぎない真理の探求や質の高い学びを通じて、精神的な豊かさを追求する中で見出されます。自らの感覚を大切にしつつも、異なる美意識にも心をひらくことで、より深い洞察と洗練された価値観を育むことができるでしょう。
Venus,Taurus,10,社会的役割の中で、安定した価値観と美意識を表現する,社会的な役割を果たす中で、心地よさや美意識を大切にし、安定した価値観を表現するタイプです。,信頼を大切にし、安定した価値観で社会に貢献できるため、確実な成果を継続して生み出します。,社会的な評価に固執しすぎると、変化を恐れて停滞しやすくなります。新しい挑戦にも目を向けることで、成長に繋がるでしょう。,社会的な場では安定感のある魅力がにじみ、品のある信頼感を自然と周囲に与えやすいでしょう。,安定した価値提供で社会的に高く評価され、着実に信頼を築いて活躍できるでしょう。,結果だけでなく内面の満足感を大切にすることで、周囲に左右されない真の自信と地位を確立できるでしょう。,優雅な立ち振る舞いで社会的な信頼を得ることに喜びを感じ、安定した地位を愛する配置。,あなたは着実な実績を積み重ね、社会的な地位を確立し、品格ある公的なイメージを保つことに喜びを感じます。周囲からの信頼を得る成功者となるでしょうが、時には外聞よりもご自身の本音を大切にすることで、内面の充実も伴う真の豊かさを手に入れることができます。
Venus,Taurus,11,信頼できる仲間と共に、安定した未来と豊かな価値を築く,信頼できる仲間と共に、安定した未来を築き、豊かな価値観や喜びを分かち合うことを大切にします。,信頼できる仲間との友情を長く大切にし、共に安定した未来を築いていける確かな安定感が魅力です。,仲間との関係が惰性になりやすく、特定の関係に依存しすぎると閉鎖的になりがちです。新たな交流にも目を向けることで、世界が広がるでしょう。,仲間との関係では穏やかで安心できる関わり方をし、自然と信頼を集める存在として受け入れられやすいでしょう。,価値観を共有する仲間と絆を深め、穏やかなコミュニティ運営や理想を追求する活動で喜びを見出すでしょう。,今の安定に安住せず仲間と共に未来の変化を受け入れることで、より大きな目的を達成できるでしょう。,確かな価値観を持つ仲間と穏やかに繋がり、豊かで安定した未来を共に夢見る配置。,あなたにとって愛や喜びは、共通の趣味や価値観を持つ信頼できる仲間との長期的な交流の中で育まれます。安定した連帯感を大切にしますが、時には新しい出会いにも心を開くことで、コミュニティはさらに豊かになり、未来への展望も広がっていくでしょう。
Venus,Taurus,12,内なる平和と安定を通じて、豊かな愛情と価値観を育む,心穏やかな内省を通じて、豊かな愛情や価値観を育み、安心できる心の平和を求める性質です。,内なる平和と安定を大切にし、穏やかな愛情で周囲を包み込む深い包容力に恵まれています。,内なる感情が停滞し、過去の出来事に執着しすぎると、心を閉ざしがちです。自分を許し、感情を解放する時間を持つと良いでしょう。,表立ってアピールしなくても、あなたのやさしい魅力がにじみ、静かに愛情を伝える人として映る傾向があります。,目に見えない精神的な価値や平穏を追求し、瞑想や芸術、奉仕活動で社会に癒やしを与えるでしょう。,一人で内省する時間を大切に育むことで、内なる豊かさを現実で活かす知恵が湧いてくるでしょう。,内面にある豊かな美意識を一人の時間で静かに味わい、目に見えない次元の美を慈しむ配置。,あなたは一人静かに五感の喜びを味わい、内面的な深い感性を磨くことで、真の愛と喜びを見出します。豊かな審美眼を秘めていますが、現実の世界との接点を持つことを意識することで、その繊細な価値観はより確かに安定し、実生活にも豊かな彩りをもたらすでしょう。
Venus,Gemini,1,軽やかな知性で自分を表現し、多彩な愛と価値観を追求する,軽やかな知性や好奇心を活かし、自分らしい表現で魅力を発揮するタイプです。,軽やかな知性と機知に富んだ対話で、自分らしい魅力を表現し、素敵な関係を育めます。,軽やかな振る舞いが、時に軽薄な印象を与え、気分で態度が変わりやすいでしょう。落ち着いて物事に向き合うことで、信頼感が増します。,軽やかで親しみやすい魅力が自然と表れ、周囲からは話しかけやすい人として見られやすいでしょう。,多才な表現力と素早い適応力を活かし、放送・広告・情報仲介などで個性を輝かせ活躍できます。,目標を絞り一つのことを深く探求することで、持ち前の器用さが確かな成果に結びつくでしょう。,軽やかで親しみやすい社交性と多才さが、変化し続ける魅力的な個性として表れる配置。,あなたは常に新しい情報を好奇心旺盛に吸収し、軽やかに自分をアップデートしながら魅力を発揮する方です。多才で社交的な知性が輝きますが、誠実な自己表現を心がけることで、あなたの個性はより深く人々の心に響き、揺るぎない魅力を放つでしょう。
Venus,Gemini,2,知的な好奇心を活かし、多様な価値や才能を育み愛する,知的な好奇心を満たしながら、多様な才能や価値観を育み、豊かさを築くことを大切にします。,鋭い情報感覚と柔軟な思考力で、多様な価値を見つけ出し、優れた商才を発揮できます。,知的な好奇心から衝動的に散財しやすく、価値観が分散しがちです。本当に大切なものを見極める冷静さを心がけると安心です。,自分の好みや価値観を軽快に言葉にするため、周囲には柔軟でセンスの良い人という印象を与えやすいでしょう。,情報を価値に変える力と巧みな話術を活かし、販売や営業、複数の収入源で経済的な成功を収めます。,知識をただ集めるだけでなく、実生活に活かす方法を学ぶことで経済的な基盤を強固に築けるでしょう。,多彩なスキルや情報を活用して稼ぐことに楽しみを感じ、知的な満足を所有する配置。,あなたは知的な好奇心と多彩な才能を活かし、流動的な経済活動や幅広い興味への投資から愛と喜びを見出します。優れた商才をお持ちですが、軸となる安定した収入源を意識することで、あなたの知的な豊かさは一層広がり、確かな価値へと繋がっていくでしょう。
Venus,Gemini,3,積極的に学び、言葉で愛や価値観を伝え、軽やかに交流する,新しいことを積極的に学び、言葉を通して愛や価値観を伝え、軽やかに交流を楽しむ性質です。,会話の魅力と優れた機転で、自分の考えや価値観を軽やかに伝え、豊かな交流を生み出します。,軽率な発言で相手を傷つけたり、恋愛関係が散漫になりがちです。言葉を選ぶ丁寧さを意識すると、より良い関係が築けるでしょう。,会話の中で好意を伝えることが得意で、テンポの良いやり取りを楽しめる相手として好まれるでしょう。,優れた情報収集力と伝達力を活かし、教育やジャーナリズム、地域活動でリーダーシップを発揮します。,情報の正確さを意識し思慮深く発言することで、知的な影響力と周囲からの信頼がさらに高まるでしょう。,絶え間ない会話や学びの中に喜びを見出し、情報のハブとして交流することを楽しむ配置。,あなたは知的好奇心を刺激する会話や、SNSなどを通じた情報収集・発信の中で愛と喜びを見出します。優れた言語的センスで多くの人と軽やかに交流するでしょうが、情報の量だけでなく質を追求することで、より深く豊かな人間関係と学びを築くことができます。
Venus,Gemini,4,家庭で知的な対話を楽しみ、安心できる愛と価値を築く,家庭では知的な対話を楽しみ、安心できる環境で愛や価値観を育むことを大切にします。,家庭での知的な対話を楽しみ、柔軟な愛情で心地よい安心感を築くことに長けています。,情報過多になりやすく、家庭内で感情が分散して混乱しがちです。時にはデジタルデトックスをして、心穏やかな時間を持つと良いでしょう。,親しい人とは気軽に話して距離を縮めやすく、家庭的な場でも空気を明るくする傾向があります。,知的な対話で家庭環境を豊かにし、在宅での知的作業や教育関連の活動で活躍しやすいでしょう。,内面の落ち着きを保つため静かな時間を持つことで、思考を建設的に整えることができるでしょう。,会話の絶えない風通しの良い家庭環境に喜びを感じ、家族とカジュアルに楽しむ配置。,あなたは家族との知的な議論や、友人が集まる変化に富んだ家庭環境から愛と喜びを感じます。自由で風通しの良い居場所を好みますが、時には静かに内省する時間を持つことで、あなたの精神的な安定は深まり、家庭にはより穏やかで確かな愛が育まれるでしょう。
Venus,Gemini,5,知的な遊び心で創造性を発揮し、自由に愛と喜びを表現する,知的な遊び心を発揮し、創造的な自己表現を通じて、愛と喜びを自由に楽しむタイプです。,遊び心に富んだ知的な魅力で、創造性を発揮し、恋愛や楽しみを軽やかに表現します。,恋愛において気分が優先され、飽きやすい傾向があります。関係の深さも大切にすることで、より豊かな愛を育めるでしょう。,遊び心のある表現が魅力となり、明るく気の利いた人として周囲の印象に残りやすいでしょう。,多彩なアイデアと遊び心を活かし、企画制作やゲーム開発、子供向け教育分野で才能を開花させます。,表現の過程を大切にすることで、一時の閃きが価値ある作品へと昇華されやすくなるでしょう。,知的なゲームや多彩な趣味に悦びを感じ、自由で軽やかな恋愛や自己表現を好む配置。,あなたは言葉遊びやゲーム、多趣味な活動を軽やかに楽しみ、知的な喜びを追求することで愛と喜びを見出します。自由な表現の中で輝く方ですが、対象への深い愛着を育む意識を持つことで、あなたの創造性はより豊かな実を結び、真の満足感へと繋がるでしょう。
Venus,Gemini,6,知性を活かして実務を楽しみ、心地よい環境で価値を生み出す,知性を活かして実務を楽しみ、心地よい環境で価値を生み出すことに喜びを感じるタイプです。,実務においても機転を利かせ、軽快な協力と改善の交流を通じて、心地よい価値を生み出す才能があります。,日常の細かいことに神経質になり、人間関係が散漫になりがちです。一つ一つの繋がりを丁寧に育むことで、安定感が生まれます。,好意を言葉や気配りで示すことが得意で、器用に関係をつなぐ人として周囲に見られやすいでしょう。,軽やかな知性とコミュニケーションで、日々の業務を円滑に進め、職場に心地よさをもたらします。,心身の健康のため神経を鎮める習慣を持つことで、マルチタスクによる消耗を防げるようになるでしょう。,器用にタスクをこなす働き方に楽しみを覚え、職場のコミュニケーションを明るくする配置。,あなたは機転を利かせ複数の業務を器用にこなし、職場での円滑な情報共有を通じて愛と喜びを見出します。優れた事務能力で周囲から重宝されるでしょうが、時には意識的に情報から離れて休息を取ることで、常に心地よく価値を生み出し続けることができます。
Venus,Gemini,7,軽やかな対話で関係を深め、知的な愛と価値観を共有する,軽やかな対話を通して人との関係を深め、知的な愛や価値観を共有することを大切にします。,軽やかな会話で人との関係を深め、知的な交流を通じて相互理解を育む社交的な魅力があります。,対人関係で優柔不断になりやすく、言葉で相手を操作しがちです。誠実な対話と決断力を意識すると、信頼関係が深まるでしょう。,一対一の関係では対話そのものを楽しみやすく、話していて飽きない相手として周囲に好まれやすいでしょう。,優れた会話術と交渉力を武器に、仲介業や接客、共同事業で良好な関係を築き成功するでしょう。,相手の言葉の奥にある感情を汲み取る努力をすることで、知的交換以上の深い信頼関係が育めるでしょう。,言葉のキャッチボールを楽しめる関係に魅力を感じ、知的な刺激をくれる相手を愛する配置。,あなたは知的な刺激を与え合えるパートナーシップや広範な交友関係の中で愛と喜びを見出します。軽やかな会話を重視する一方で、相手の感情的なニーズにも心を配ることで、あなたの人間関係はより深い絆へと発展し、豊かな愛情を育むことができるでしょう。
Venus,Gemini,8,深い対話で関係を変化させ、本質的な愛と価値を探求する,深い対話で関係を変化させながら、本質的な愛と価値を探求し、共に成長していく性質です。,深い対話を通じて本質的な愛と価値を探求し、知的な洞察力で人との結びつきを豊かにします。,深い関係の中で疑念を抱きやすく、感情が分散しがちです。相手を信頼し、素直な気持ちで向き合うことを心がけると良いでしょう。,表面的には軽やかでも、親しくなると深い会話を求め、知的なつながりを重視する傾向があります。,深い知性と調査能力を活かし、心理分析や資産運用など専門的な情報分野で強みを発揮します。,秘密を守り真実を探求する誠実さを養うことで、周囲からの深い信頼を得て重要な役割を任されるでしょう。,他者の心理や秘密を分析することに悦びを感じ、知的な共有を通じて関係を深める配置。,あなたは他者の心理的な核心に迫る情報共有や、深い探求を通じて愛と喜びを見出します。知的な好奇心から深い絆を求める一方で、秘密の扱いに慎重さを持ち、信頼関係を大切にすることで、変化を恐れずに本質的な愛と価値を分かち合うことができるでしょう。
Venus,Gemini,9,知的な探求心で世界を広げ、多様な愛と価値観を見つける,知的な探求心を持って世界を広げ、多様な愛や価値観を見つけることに喜びを感じます。,自由な交流と旺盛な知的好奇心で、学びを深め、世界を広げる開放的な魅力があります。,思想が軽薄になりやすく、恋愛において信念が薄まりがちです。深く物事を考え、自分なりの確かな軸を持つことを意識すると安心です。,好きな相手とは価値観や知識を共有し、会話を通じて共に世界を広げていく関係を好みやすいでしょう。,広い知識欲と語学力を活かし、出版や留学支援、哲学的な活動で多くの人に良い影響を与えます。,情報の中から普遍的な真理を見出す意識を持つことで、知識が知恵へと進化し人生の指針が明確になるでしょう。,多様な思想や文化を軽やかに渡り歩くことに喜びを覚え、学びを通じて精神を遊ばせる配置。,あなたは多様な思想に触れる学びや、興味の向くままに世界を巡る精神的な旅から愛と喜びを見出します。広い視野で様々な価値観を探求するでしょうが、得た知識を自らの確かな指針に統合することで、知的な探求心はより豊かな愛へと繋がり、あなたの人生を豊かにするでしょう。
Venus,Gemini,10,社会で知性を活かし、コミュニケーションで愛と価値を広める,社会的な場面で知性を活かし、コミュニケーションを通じて愛と価値観を広めることを得意とします。,優れた機転と社交的な発信力で、社会において人々に愛と価値を伝えることに優れています。,社会的な評価に依存し、発言が軽率になりがちです。自分の考えをしっかりと持ち、責任ある行動を心がけることで、信頼を得られるでしょう。,社会的な場では発信力や社交性が魅力となり、周囲からは感じの良い人として見られやすいでしょう。,優れたコミュニケーション力と柔軟性で、社会的に高く評価され幅広い分野で活躍しやすいでしょう。,肩書きや評判に惑わされず長期的な視点でキャリアを築くことで、社会的な影響力が安定するでしょう。,多才さを活かして社会でスマートに立ち振る舞い、変化のあるポジションを愛する配置。,あなたは情報発信や交渉力を活かしたキャリアを築き、多才な専門家として注目されることで愛と喜びを見出します。機転の利く対応で社会から評価されますが、一貫した専門性を確立することで、あなたの知性はさらに輝き、社会的な信頼と共に豊かな価値を広めることができるでしょう。
Venus,Gemini,11,仲間と知的な対話を楽しみ、共に理想の未来を創造する,仲間と知的な対話を楽しみながら、共に理想の未来を創造し、コミュニティを大切にします。,仲間との友情を大切にし、軽やかな魅力と企画発想力で共に未来を創造していくのが得意です。,仲間との関係が浅くなりがちで、情報過多で集中力が分散しやすいでしょう。大切な人との深い対話を心がけると、絆が深まります。,仲間の中では自然と人をつなぐことが得意で、グループに軽やかさをもたらす存在として受け入れられやすいでしょう。,多様な人脈と情報交換のセンスを活かし、SNS運営やグループの調整役として活躍できるでしょう。,自身の意見も大切にしつつ仲間の声に耳を傾けることで、個性を活かし理想の未来を追求できるでしょう。,趣味やトレンドを共有する仲間とのネットワークを楽しみ、自由で知的な未来を夢見る配置。,あなたはトレンドを共有する友人とのネットワーキングや、趣味で繋がるグループ活動から愛と喜びを感じます。最新の情報が集まる軽やかな交流を楽しみますが、核となる深い友情を大切にすることで、理想の未来を共に創造する揺るぎないコミュニティを築くことができるでしょう。
Venus,Gemini,12,静かな内省を通じて、心穏やかな愛と価値観を見出す,静かな内省を通じて、心穏やかな愛や価値観を見出し、精神的な豊かさを求めるタイプです。,内面と深く対話することで、直感的に物事を理解し、想像力豊かな魅力を発揮できます。,思考が迷路に入り込み感情が混乱し、現実逃避しやすくなります。静かに内省する時間を取り、感情を整理することを心がけると良いでしょう。,表では控えめでも、内面ではつながりを求め、さりげない言葉で好意を伝える人として映る傾向があります。,豊かな想像力と目に見えない情報を活かし、カウンセリングや創作活動で癒やしと才能を発揮します。,思考を言語化する習慣を持つことで、心の安定と創造的な閃きを両立できるようになるでしょう。,匿名のSNSや空想の中で自由な恋を楽しみ、内面にある多彩な感性を密かに慈しむ配置。,あなたは匿名の交流や想像力豊かな読書、秘密の知的な研究を通して愛と喜びを育みます。内面に豊かな思考を秘めていますが、空想の世界に留まらず、現実社会でご自身の考えを形にする出口を見つけることで、その価値観はより確かに輝き、心穏やかな愛へと繋がるでしょう。
Venus,Cancer,1,優しい心で自分を包み込み、安心できる愛と価値を育む,優しい心と温かい雰囲気で、周りに安心感を与えるような魅力を自然と表現するタイプです。,優しい心と共感力で自分自身を表現し、周囲の人を包み込むような守護愛情が魅力です。,感情が過敏になりすぎて、自己防衛的になったり、人に依存しがちです。自分を大切にすることで、心の安定を保てるでしょう。,やわらかく親しみやすい魅力が自然とにじみ出て、安心感のある人として周囲に見られやすいでしょう。,深い共感力と細やかな気配りを活かし、対人援助や教育分野で周囲を安心させる存在として活躍します。,感情を大切にしつつ客観的な視点を持つことで、豊かな感受性が建設的なリーダーシップへと繋がるでしょう。,包容力溢れる優しさと情緒的な魅力が、周囲を癒やす慈愛に満ちた個性となる配置。,あなたは自身の繊細な感性を大切に守りながら、情緒的な優しさをストレートに表現することで愛と喜びを育みます。共感力に溢れ、周囲に安心感を与える魅力を持っていますが、他者の反応に過敏になりすぎず、適度な心の境界線を持つことで、ご自身の内なる平和も守られるでしょう。
Venus,Cancer,2,安心できる才能と価値を大切に、豊かな心を育てる,安心できる自分自身の才能や価値観を大切にし、心の豊かさを育むことに喜びを感じます。,安心感を大切にする家庭的な感覚で、豊かな価値を築き、愛情を丁寧に育む力があります。,不安を感じると衝動的に浪費したり、所有物に執着しがちです。感情に流されず、本当に大切なものを見極める習慣が大切です。,自分が大切にしたいものを情感豊かに示すため、温かく誠実な人という印象を与えやすいでしょう。,優れた経済感覚と育成能力を武器に、家計管理や不動産、生活密着サービスで安定した収益を上げます。,物質だけでなく心の充足感を大切にすることで、物心両面での真の安定と安心を手に入れられるでしょう。,家族や愛する人を守るための富を築くことに喜びを感じ、情愛に基づく財を愛する配置。,あなたは愛着のあるものを大切に所有し、身内を守るための経済活動を行うことで愛と喜びを感じます。感情的な満足が金運を支える力となりますが、不安からくる過度な溜め込みを避け、豊かさを大切な人と分かち合うことで、心の充実と共にさらなる繁栄を築くことができるでしょう。
Venus,Cancer,3,共感的な対話で学びを深め、心を込めて愛情を伝える,共感的な対話で学びを深め、心を込めて愛情や大切な価値観を周りに伝えることを得意とします。,相手に寄り添う共感的な対話と柔和な表現で、心からの愛情を伝達する能力に優れています。,感情に流されて発言しやすく、過去の出来事に執着しがちです。一呼吸置いてから話すことで、誤解なく気持ちを伝えられるでしょう。,会話に思いやりが自然とにじみ出て、共感しながら話せる相手として周囲に好まれやすいでしょう。,温かなコミュニケーション能力を活かし、カウンセリングや地域広報活動で人々の信頼を得るでしょう。,感情を言葉にする際、理論的な裏付けを持つことで、共感力が多くの人に届く知恵に変わるでしょう。,相手の心に寄り添う優しい言葉を交わすことに楽しみを見出し、身近な温かい交流を好む配置。,あなたは心のこもった親密な対話や、身近な人々への細やかな気配りを通じて愛と喜びを育みます。聞き上手で周囲から愛される存在ですが、感情的な身内びいきに陥らないよう、客観的な視点を保つことで、より深く、温かい共感的な交流を広げることができるでしょう。
Venus,Cancer,4,家庭に深い愛情を注ぎ、安心できる確かな基盤を築く,家庭に深い愛情を注ぎ、安心できる確かな心の基盤を築くことを最も大切にするタイプです。,深い家庭愛情と包容力で、人々に心地よい安心感を与える居場所を作り出すことが得意です。,家族に依存しすぎると、時に感情的になり、閉鎖的になりがちです。互いを尊重し、適度な距離感を意識することで、調和しやすくなります。,親しい人には特に愛情深くなりがちで、周囲からは守ってくれる安心感のある存在として見られやすいでしょう。,深い愛情と包容力を持ち、家庭的な職場や伝統を重んじる場所で人々の心の拠り所となれるでしょう。,家族への献身と自己実現のバランスを大切にすることで、私生活の充実が社会的な活力に繋がるでしょう。,情緒的な繋がりに満ちた居場所を人生の宝物とし、家庭を聖域として愛し守る配置。,あなたは家族との温かな団らんや、安心できる居心地の良い住まいを整える中で愛と喜びを感じます。家庭生活を至上の喜びとする資質ですが、排他的になりすぎず、外部の人々にも心をひらくことで、あなたの基盤となる愛情はさらに広がり、揺るぎない心の豊かさを築くでしょう。
Venus,Cancer,5,豊かな感情を込めて創造し、愛と喜びを育む表現をする,豊かな感情を込めて創造性を発揮し、愛と喜びを育むような表現を大切にするタイプです。,豊かな感情を込めた表現で人々を魅了し、愛と喜びを育む包容力に満ちた長所があります。,恋愛に依存しやすく、気分によって感情が揺れ動きがちです。自分の感情と向き合い、心の安定を保つことを心がけると良いでしょう。,愛情表現にあたたかさや情の深さがにじみ出て、やさしい魅力として周囲の印象に残りやすいでしょう。,豊かな感受性と創造力を武器に、子供向けコンテンツや料理、演劇などで才能を輝かせ活躍します。,周囲の反応に惑わされず純粋な創作意欲を育むことで、普遍的な感動を生み出せるようになるでしょう。,身内への愛や育てる喜びの中で感性を輝かせ、豊かな情愛を素直に表現して楽しむ配置。,あなたは愛する人を育てる活動や、感情を込めた創作、情緒的な喜びを分かち合う遊びを通して愛と喜びを感じます。慈愛に満ちた豊かな表現で周囲を包み込みますが、相手の自由を尊重することで、その愛情はより健全に育まれ、深い絆となっていくでしょう。
Venus,Cancer,6,心を込めた奉仕で人を癒やし、実務に愛と価値を見出す,心を込めた奉仕で人を癒やし、日々の実務に愛と価値を見出すことに喜びを感じるタイプです。,日常の実務においても献身的な愛情と世話の力で、人々を癒し、温かい関係を継続できます。,人を心配しすぎて過干渉になり、疲れてしまいがちです。相手を信頼し、自分自身の心身のケアも大切にすることで、調和が生まれます。,気配りや世話焼きの形で好意を示すため、細やかに支えてくれる人として周囲に見られやすいでしょう。,配慮と思いやりを持って業務に関わることで、人から感謝され、心地よく仕事に取り組めるでしょう。,周囲の期待に応えすぎず自分を大切にすることで、持続可能な奉仕と健康な生活を両立できるでしょう。,周囲をケアしサポートする役割に深い悦びを感じ、職場を家族のように温めて働く配置。,あなたは仲間のために献身的に働き、生活の細かなニーズをケアする実務を通して愛と喜びを感じます。職場に和気あいあいとした温かい雰囲気をもたらしますが、時にはお節介になりすぎず、適度な距離感を保つことで、あなたの奉仕はより多くの人々に届き、確かな価値を生み出すでしょう。
Venus,Cancer,7,相手を優しく包み込み、深い共感で愛と絆を育む,相手を優しく包み込み、深い共感を通じて愛と絆を育むことを大切にするタイプです。,相手を優しく包み込む包容力と深い共感力で、信頼に満ちた絆を育むことに優れています。,対人関係で相手に依存しすぎると、嫉妬心が芽生えがちです。自分自身の心の安定を意識し、相手を信頼する気持ちを持つと良いでしょう。,一対一の関係では心のつながりを大切にし、優しく寄り添ってくれる相手として受け入れられやすいでしょう。,情緒的な交渉力を活かし、コンサルティングや接客、パートナーを支える役割で深い信頼を築きます。,相手に寄り添いつつ自分の意志を明確に伝えることで、真の相互理解に基づいた関係が育めるでしょう。,家族のような深い親密さをパートナーに求め、情緒的な一体感を得る関係を深く愛する配置。,あなたは家族同然の深い情緒的結びつきを持つパートナーと、支え合う絆を築くことで愛と喜びを感じます。献身的な愛情を惜しみなく注ぎますが、相手への依存や独占欲に注意し、お互いが自立した信頼関係を意識することで、より深く豊かな愛情を育むことができるでしょう。
Venus,Cancer,8,深い愛情で人と繋がり、心の変化と共に価値観を育む,深い愛情で人と繋がり、心の変化を恐れずに共に価値観を育んでいくことを得意とします。,深い愛情で人と結びつき、心の変化にも寄り添いながら価値観を育む洞察力があります。,深い関係の中で感情的に執着しやすく、嫉妬や支配欲が強まりがちです。相手を信じ、変化を受け入れる心のゆとりを持つと安心です。,深い関係になるほど情が濃くなり、お互いに強い結びつきを求める傾向があるでしょう。,深い愛情と洞察力で心理療法や共同資産管理など、人の心の再生に関わる仕事で活躍できます。,人と深く繋がる恐れを手放すことで、あなたの癒やしの力が社会的な大きな価値へと昇華されるでしょう。,他者の感情を自分のことのように大切にし、深い絆や伝統の中に悦びを見出す配置。,あなたは特定の相手との密接な精神的一体化や、家系から受け継ぐ深い絆を維持することから愛と喜びを見出します。強固な融合を求める深い愛情を持つ資質ですが、感情的なドラマに流されず冷静な視点を持つことで、より本質的な愛と価値観を育むことができるでしょう。
Venus,Cancer,9,広い世界への探求心が、愛情と価値観を育む喜びとなる,広い世界への探求心が、愛情や価値観を育む喜びとなり、人生を豊かにする性質です。,確かな信念と共感力で物事を深く理解し、心のこもった愛情で視野を広げていく才能があります。,感情的な偏見から信念が固定され、視野が狭くなりがちです。新しい考え方にも耳を傾けることで、世界が広がり、心が豊かになるでしょう。,好きな相手には自分の想いや価値観を情感豊かに伝え、思いの深い人として見られやすいでしょう。,高い理想と人道的な精神を武器に、教育や海外ボランティアなど精神的な活動で先駆者となるでしょう。,高い理想を身近な人への具体的な愛に変換することで、広い視野が現実世界での貢献に繋がるでしょう。,慈しみこそが世界の真理であると信じることに喜びを覚え、学びを通じて心を豊かにする配置。,あなたは情緒的な信念に基づく思想の探求や、心の平安を求める精神的な学びを通じて愛と喜びを育みます。慈悲深い価値観で世界を広げていきますが、感情に流されず理論とのバランスを保つことで、あなたの探求心は真の愛と豊かな価値観へと繋がり、人生を深く豊かにするでしょう。
Venus,Cancer,10,社会的役割を通じて、共感と愛情を届け、確かな価値観を築く,社会的な役割を通じて、共感と愛情を届け、人々の心に確かな価値観を築くことを使命とします。,社会的な役割においても、共感と配慮に満ちた行動で信頼を築き、確かな価値を生み出す包容力に優れています。,社会的な評価に依存しやすく、家族を優先しすぎて感情で判断しがちです。客観的な視点も取り入れることで、より調和が生まれます。,社会的な場でも包容力のある魅力がにじみ出て、面倒見の良い人として周囲に受け取られやすいでしょう。,温かい対人配慮と共感力が社会的に評価され、多くの人々と確かな信頼関係を築きやすいでしょう。,仕事の結果と自身の心の満足感を大切にすることで、周囲から愛され尊敬されるリーダーになれるでしょう。,大衆の心に寄り添う役割を社会で担うことに誇りを感じ、人々に慕われる地位を愛する配置。,あなたは大衆のニーズに応える保護的なキャリアや、地域社会に貢献する役割を全うすることで愛と喜びを見出します。親しみやすい権威として慕われるでしょうが、プライベートを犠牲にしすぎず、公私のバランスを保つことで、共感と愛情を届けるあなたの使命はより長く、確かな価値を築いていくでしょう。
Venus,Cancer,11,仲間を慈しむ気持ちが、理想の未来を築く価値となる,仲間を慈しむ気持ちを大切にし、共に理想の未来を築くことに価値を見出すタイプです。,仲間を深く慈しみ、共感力で支えながら、共に理想の未来を築き上げていく支援の力があります。,身内を偏重しすぎたり、集団に感情的に同調しがちです。個々の意見を尊重し、健全な関係性を築くことを意識すると良いでしょう。,仲間の中では自然と気持ちを支える役になり、グループの安心感をつくる存在として受け入れられやすいでしょう。,仲間への深い愛情を活かし、非営利団体や地域コミュニティ活動で理想の未来を築くことに貢献します。,既存を守りつつ新しい風を取り入れる柔軟さを持つことで、理想とする未来をより確実に形にできるでしょう。,家族のような仲間との親密なネットワークを楽しみ、安心できるコミュニティを愛する配置。,あなたは気心の知れた仲間と家族のように過ごす時間や、互いを守り合うコミュニティ活動から愛と喜びを感じます。高い結束力を誇るコミュニティを築きますが、新規メンバーにも寛容な心で接することで、あなたの連帯はさらに広がり、共に理想の未来を創造する豊かな価値を生み出すでしょう。
Venus,Cancer,12,秘めたる愛情で誰かを癒し、内なる価値観を静かに育てる,秘めたる愛情で誰かを癒し、内なる価値観を静かに育むことに喜びを感じるタイプです。,静かな心で他者の感情に深く共感し、秘めた愛情で癒しをもたらす温かい包容力があります。,感情が迷走しやすく、現実逃避して孤立しがちです。自分自身の感情を丁寧に観察し、心の声に耳を傾ける時間を大切にしましょう。,表には控えめでも、深い愛情を静かに抱き、相手を思いやる人として映ることが多いでしょう。,秘めたる愛情で人の心に寄り添い、癒やしのケアや裏方で献身的に社会を支えるでしょう。,内なる豊かな感情を独りで抱え込まず表現する場を持つことで、清らかな直感を保ち精神的な混乱を避けられます。,内面の繊細な愛情を一人の時間で静かに育み、目に見えない次元で世界を慈しむ配置。,あなたは一人静かに過去の思い出を慈しみ、内面的な感情の世界を深く味わうことで愛と喜びを見出します。深い共感力を秘めていますが、他者の悲しみをすべて背負い込まず、ご自身の心の浄化を大切にすることで、その秘めたる愛情はより穏やかに、豊かな価値観を育んでいくでしょう。
Venus,Leo,1,自分らしさを情熱的に表現し、個性に輝きと愛を宿す,心惹かれるものを自分らしく表現することで、魅力と華やかさに溢れた第一印象を与えるでしょう。,華やかな魅力と自信に満ちた愛情表現で、自分らしく輝きながら素敵な関係を築けるのが強みです。,自己表現の場で目立ちたがり、意見を押しつけがちです。周りの声にも耳を傾けることで、調和が生まれるでしょう。,あなたの華やかで印象的な魅力は周囲の目を惹き、自然と存在感のある人として見られやすいでしょう。,堂々とした存在感と華やかな表現力で、表舞台やクリエイティブな分野で中心的に活躍するでしょう。,周囲の称賛を求めすぎず内なる自己肯定感を育むことで、持ち前のリーダーシップがより自然で力強いものになるでしょう。,主役としての華やかなオーラと自信が、周囲を圧倒するドラマチックな魅力となる配置。,あなたは情熱的な自己表現を通じて、周囲を魅了する華やかなオーラを放ちます。内側から湧き上がる純粋な誇りを大切にすることで、真に揺るぎない魅力を確立していくでしょう。
Venus,Leo,2,創造的な才能で豊かさを生み出し、独自の価値観を育む,好きなことや得意なことを活かして、自分らしい創造的な方法で豊かさを生み出す性質です。,豊かな創造力と魅力で、自らの価値を高めながら収入を生み出し、確かな豊かさを築くことができます。,見栄を張って衝動的に散財しやすいため、本当に価値あるものか一度立ち止まって考える習慣が大切です。,自分の好きなものや価値観に誇りを持ち、自信に満ちた魅力的な人という印象を与えやすいでしょう。,華やかな才能を活かして、高級品や娯楽産業、自己プロデュースで大きな収益を上げやすいでしょう。,見栄や外見にこだわりすぎず本質的な価値を磨く意識を持つことで、経済的な成功を長期的に維持できるようになります。,自慢できる豪華なものやブランドを所有することに喜びを感じ、自己価値を高く保つ配置。,あなたは独自の創造的な才能を活かし、他者に依存しない豊かな価値と財産を築き上げます。外面的な贅沢だけでなく、本当に心満たされる本質的な豊かさを追求することが、揺るぎない安心感へと繋がります。
Venus,Leo,3,表現を通して学びを深め、明るい対話で愛と価値を広げる,心ときめく知識や情報を、自分らしく明るく表現することで周りとの交流を深めるタイプです。,持ち前の魅力と愛嬌を活かして、あなたの考えや気持ちを楽しく伝える優れた発信力があります。,注目を集めたいあまり、発言が誇張されがちです。言葉を選ぶ際は、一歩引いて客観的に見ると安心です。,言葉や態度に明るさと華やかさが滲み、会話の相手に強く印象を残す魅力があるでしょう。,ドラマチックな表現力と説得力ある対話で、プレゼンや司会、教育の場で輝きを放ちます。,他者の意見にも光を当て賞賛する習慣を持つことで、自身の発言力は強化され周囲を惹きつける魅力も深まります。,ドラマチックで魅力的な言葉で周囲を惹きつけることを楽しみ、華やかな発信を行う配置。,あなたは心ときめく知識や情報を、ドラマチックで魅力的な言葉で表現することで、周囲と深い交流を育みます。自身の輝かしい表現だけでなく、相手の言葉に耳を傾け、その魅力を引き出すことで、より豊かな対話が生まれるでしょう。
Venus,Leo,4,創造性を発揮し、愛情豊かな家庭と心の基盤を築く,好きなものに囲まれた創造的な空間で、愛情豊かな家庭と揺るぎない心の安定を築くでしょう。,温かい愛情と誇りを持って家庭を大切にし、心地よい居場所を育む力に優れています。,家庭で自分の意見を主張しすぎると、衝突を生みやすい傾向があります。家族の気持ちを尊重すると、穏やかになれます。,親しい人には温かく堂々とした愛情を示し、家庭や身近な場で中心的な存在になりやすいでしょう。,創造性を活かした家庭の基盤作りや、住宅・空間演出の仕事で、愛情豊かな才能を発揮するでしょう。,身内を支配しようとせず寛大な愛で包むことを意識することで、家族や基盤との間に真の尊敬と平穏が生まれます。,家の中では「王」として家族を明るく照らし、自慢できる豪華な家庭環境を愛する配置。,あなたは愛と創造性に満ちた空間を大切にし、家族と共に誇り高く温かい家庭を築いていきます。家族を照らす主役として輝きながらも、それぞれの自主性を尊重する姿勢が、真の安心感と絆を育む鍵となります。
Venus,Leo,5,遊びや恋愛に創造性を注ぎ、心から人生を楽しむ,心ときめくことや恋愛に情熱を注ぎ、自分らしい創造的な表現で人生を最大限に楽しむタイプです。,恋愛や遊びに情熱と創造的な魅力を注ぎ、人生を心から楽しむ表現力豊かな長所があります。,恋愛において、自己中心的になったり感情を誇張しがちです。相手の気持ちを大切にすることで、絆が深まります。,あなたらしい魅力を生き生きと表すため、華やかで印象的な人物として記憶に残りやすいでしょう。,圧倒的な創造性と主役級の存在感で、芸術やエンタメ、スポーツ分野で多くの人を魅了するでしょう。,遊び心を忘れず完成度を高める努力をすることで、一時の流行に流されない確かな実績を築くことができるでしょう。,自らの才能を披露し喝采を浴びることに最高の悦びを感じ、全力で遊び創作する配置。,あなたは心ときめく遊びや恋愛に惜しみない情熱を注ぎ、創造的な自己表現を通して人生を最大限に楽しむでしょう。他者の評価に囚われず、内なる純粋なワクワクに従うことで、本当の喜びと安定を手に入れることができます。
Venus,Leo,6,日々の仕事に情熱を注ぎ、創造的な喜びと価値を届ける,好きなことには惜しみなく情熱を注ぎ、創造的な喜びを日々の仕事や奉仕活動で表現するでしょう。,日々の仕事に誠実な愛情と主導力を発揮し、周囲を魅了しながら貢献できることが強みです。,仕事で評価にこだわりすぎて、周りにも完璧を求めがちです。チームワークを意識すると、スムーズに進むでしょう。,日常や仕事の場面でも感じの良さが際立ち、周りの人が気持ちよく関われる人として見られやすいでしょう。,日々の業務に情熱を注ぎ、主体的に楽しみながら、創造的な喜びと価値を届けられるでしょう。,裏方の仕事にも尊い価値を見出し感謝を忘れないことで、自己管理能力が高まり職場の士気を高めることができます。,クリエイティブな仕事に自負を持って取り組むことに喜びを覚え、現場を華やかにする配置。,あなたは日々の仕事に深い情熱と創造性を注ぎ込み、自身の美学を反映させた成果で周囲に喜びと価値を届けます。外からの称賛だけでなく、自らの内なる努力と成果を認め、労う習慣が、持続的なモチベーションを育むでしょう。
Venus,Leo,7,パートナーと創造性を分かち合い、喜びあふれる関係を築く,好きなものや喜びを共有し、パートナーと創造的な関係を築くことで、対等な愛を育むタイプです。,パートナーシップに華やかさと温かい愛情を注ぎ、信頼できる良好な関係を築けるのが強みです。,人間関係で主導権を握りたくなり、相手の意見を尊重しにくい傾向があります。譲り合う気持ちが大切です。,一対一の関係では相手を特別に扱い、情熱的で分かりやすい愛情表現をする人として映りやすいでしょう。,華やかな社交性と対人折衝のセンスで、営業や広報、パートナーシップを通じて社会的な評価を得やすいでしょう。,自分だけでなく相手も輝けるような関わり方を意識することで、お互いを高め合えるドラマチックな関係が築けます。,パートナーと共に人生の舞台で輝くことに魅力を感じ、誇り高い相手との劇的な恋を好む配置。,あなたは魅力的で尊敬できるパートナーと、互いの創造性を分かち合う喜びあふれる関係を築きます。相手をライバルと見なすのではなく、真に協力し合い、共に輝くことを目指すとき、揺るぎない愛の絆が生まれるでしょう。
Venus,Leo,8,創造的な愛で深い絆を築き、互いの価値観を変容させる,心惹かれる対象と深い絆で結ばれ、共有する中で互いの価値観を創造的に変容させていくでしょう。,深い魅力と強い結束力で、大切な人との絆を再生しながらより濃密な愛情を育むことができます。,深い関係で支配的になったり、愛情表現が極端になりがちです。相手の自由も尊重すると、安定した関係になります。,深い関係になるほど情熱と誇りが表れやすく、相手の心に強く残る濃い絆を築く傾向があります。,強い意志と洞察力で、組織再編や資産管理、信頼に基づく秘密性の高い職務で強みを発揮します。,コントロール欲を抑え他者に権限を委ねる勇気を持つことで、深い絆を通じて個人の力を超えた変容を成し遂げられます。,共有する絆を特別な伝説にしたいという情熱を注ぎ、ドラマチックな愛を深く追求する配置。,あなたは心惹かれる対象と深い一体感を求め、共有する中で互いの価値観を創造的に変容させていくでしょう。情熱的なドラマに心を奪われすぎず、深い愛の中に静けさを見出すことが、真実の絆を育む大切な要素となります。
Venus,Leo,9,創造的な探求を通じて、世界に愛と価値を見出す,好きな学びや探求に情熱を傾け、自分らしい高い視点から世界の奥深さや価値を見出すタイプです。,理想を情熱的に表現する開放的な愛情で、学びや視野を広げながら心地よい関係を育むことが得意です。,自分の考えを誇張して伝えがちなので、多様な価値観を受け入れる意識を持つと、より豊かな視野が広がるでしょう。,好きな相手には理想や信念を堂々と共有し、情熱的な語り手として強く印象づけやすいでしょう。,高い理想と探求心で、高等教育や出版、哲学的な活動を通じて人々に創造的なインスピレーションを与えるでしょう。,知識をひけらかさず真理を謙虚に探求する姿勢を持つことで、広い視野が社会を導く普遍的な知恵へと進化するでしょう。,高潔な理想や壮大な哲学を追求することに喜びを覚え、精神的な学びを華麗に楽しむ配置。,あなたは高潔な理想と情熱を持って知の探求に没頭し、自分らしい高い視点から世界の奥深さや価値を見出します。確固たる信念を持つ一方で、謙虚に多様な真理に耳を傾けることで、あなたの世界観はさらに広がりを増すでしょう。
Venus,Leo,10,社会で創造性を発揮し、愛と価値で輝くキャリアを築く,好きな仕事に情熱を注ぎ、創造的な才能を発揮することで、社会で輝くキャリアと評価を築くでしょう。,華やかな魅力と優れた統率力で、社会的な役割において周囲を惹きつけ、素晴らしい成果を生み出します。,社会的な場で評価にこだわり、強引になりがちです。周囲との協調性を意識すると、信頼関係が築きやすくなります。,社会的な場ではあなたの魅力と存在感が際立ち、華やかな中心人物として注目されやすいでしょう。,持ち前の魅力と存在感が評価され、社会で創造性を発揮しながら輝くキャリアを築きやすいでしょう。,肩書きや権威に頼らず真の人徳を磨くことに努めることで、周囲から心から敬愛されるリーダーになれるでしょう。,社会的な成功を自らの誇りとして強く求め、注目を浴びる華やかなポジションを愛する配置。,あなたは社会的な舞台で情熱的に創造性を発揮し、輝かしいキャリアと高い評価を築いていきます。公的な顔を演じることに疲れを感じたら、素の自分を慈しむ時間を持つことで、内側から溢れる真の充実感を取り戻せるでしょう。
Venus,Leo,11,仲間と共に創造性を追求し、未来を愛と価値で彩る,同じ理想を持つ仲間と好きなことを共有し、創造的な活動を通じて未来のビジョンを彩るタイプです。,魅力的な企画力と温かい友情表現で、仲間を鼓舞しながら未来に向かって共に進むことができる強みです。,仲間との活動で目立ちたがり、独りよがりになる傾向があります。皆で喜びを分かち合う気持ちが大切です。,仲間の中では明るさや愛嬌で場を盛り上げ、グループの中心的な存在になりやすい傾向があります。,独自の理想と仲間を鼓舞する力で、社会貢献や大規模なコミュニティ活動で輝きを放ちます。,個性を発揮しつつ他者の独自性も認める寛容さを養うことで、あなたのビジョンが多くの仲間に支持され形になります。,才能ある仲間と壮大な未来を語り合うことを楽しみ、ドラマチックな理想の輪を広げる配置。,あなたは同じ理想を抱く仲間たちと創造的な活動を共有し、共に未来のビジョンを鮮やかに彩っていきます。自身の意見を主張するだけでなく、仲間の才能を見出し、輝かせるプロデューサーとしての視点が、豊かな協働を生み出すでしょう。
Venus,Leo,12,内なる創造性を育み、秘めたる愛と心の価値を輝かせる,内なる世界に心惹かれるものを見つけ、秘めた創造性を活かすことで、心の癒やしと愛を育むでしょう。,秘めた誇りと豊かな想像力を持ち、精神的な愛情で人々の心を癒すことができる魅力があります。,内向的になりすぎると、現実から目を背けがちです。少しずつ自分の殻を破ることで、心が癒されるでしょう。,表には強く出さなくても内面に強い愛情と誇りを抱き、静かながらも華やかな魅力を感じさせやすいでしょう。,豊かな想像力と深い内面世界を活かし、人知れず創作や癒やしの活動で、秘めたる力を発揮するでしょう。,孤独を恐れず静寂の中で内面を整える習慣を持つことで、創造的なエネルギーを社会のために役立てられるでしょう。,内面にある王者のような創造性を一人の時間で静かに練り、密かな表現活動を慈しむ配置。,あなたは内なる世界に深く心惹かれるものを見つけ、秘めた創造性を育むことで、心の癒やしと真の愛を育みます。豊かな空想力に加え、その素晴らしいビジョンを現実世界で表現する勇気を持つことが、自己実現へと繋がります。
Venus,Virgo,1,自分を磨き高め、洗練された愛と価値観を育む,好きなことや関心事を丁寧に磨き上げ、洗練された魅力と知的な印象で自分自身を表現するタイプです。,慎重な魅力と誠実な愛情で、自分自身を深く分析しながら洗練された自己表現ができます。,自分に完璧を求めすぎて、批判的になったり不安を感じやすいでしょう。ありのままの自分を受け入れる意識が大切です。,控えめながらも清潔感のある魅力があり、きちんとした誠実な人として見られやすいでしょう。,緻密な分析力と実務能力で、専門職や技術職で個性を発揮し、周囲から厚い信頼を得るでしょう。,欠点だけでなく全体を肯定する視点を持つことで、持ち前の観察力がより生産的なアドバイスへと変わるでしょう。,清潔感と整った品格が個性に表れ、物事を完璧に整理することに美徳と喜びを感じる配置。,あなたは自身の内面や関心事を丁寧に磨き上げ、洗練された魅力と知的な印象で自分自身を表現します。完璧さを追求する厳しさに加え、自身の欠点さえも愛する寛容さを身につけることで、あなた本来の輝きが解き放たれるでしょう。
Venus,Virgo,2,才能を分析し改善することで、着実な価値と豊かさを築く,好きなことを分析し改善することで、着実に自分の才能を伸ばし、堅実な豊かさを築き上げるでしょう。,優れた実利感覚と計画性で、価値あるものを整理し、着実に豊かさを築き上げる能力に優れています。,完璧を求めすぎて、節約しすぎたり細部にこだわりがちです。心にゆとりを持つと、もっと豊かさを感じられます。,自分の好みや価値観を丁寧に示し、堅実で誠実な人という印象を与えやすい傾向があります。,優れた金銭感覚と実務能力を武器に、経理や商品開発で安定した基盤を築き、着実に成果を出します。,物質的な完璧さを追求しすぎず適度なゆとりを持つことで、精神的な安心感と経済的な安定を同時に手に入れられます。,緻密な管理や実用的なスキルの習得に楽しみを覚え、無駄のない着実な豊かさを愛する配置。,あなたは好きな物事を分析し、改善を重ねることで着実に才能を伸ばし、堅実な豊かさを築き上げます。節約や効率性だけでなく、時には感性を豊かにするための投資も大切にすることで、心豊かな充足感がもたらされるでしょう。
Venus,Virgo,3,実用的な学びを深め、的確な対話で愛と価値を育む,好きな学びを深め、実用的な知識を的確な言葉で伝えることで、人との交流に価値を生むタイプです。,細やかな配慮力と分析的な表現力で、相手を思いやった丁寧な対話ができることが強みです。,思考が過剰になり、神経質に批判的な発言をしてしまいがちです。少し力を抜くと、心が軽くなるでしょう。,言葉に配慮と繊細さが出やすく、丁寧で感じのよい話し相手として好意的に受け取られやすいでしょう。,正確な情報処理と整理能力で、編集や実務教育、的確な対話を通じて信頼を築くでしょう。,論理だけでなく相手の感情にも配慮した言葉を選ぶことで、持ち前の説得力がより温かいものになるでしょう。,正確な情報を整理して伝えることに心地よさを感じ、日常を整えるための対話を好む配置。,あなたは整理整頓された心地よい空間を創造し、実用的な愛をもって家族にとって安心できる家庭の基盤を築きます。規律ある生活を大切にしながらも、遊び心と柔軟な心で家族の個性を尊重することが、真の調和を生み出します。
Venus,Virgo,4,家庭環境を整え、実用的な愛で安心の基盤を築く,好きなものに囲まれた整理された空間で、実用的な愛をもって安心できる家庭の基盤を築くでしょう。,実務的な愛情と守護の配慮で、家庭環境を整え、安心できる居場所を作り出すことに長けています。,家庭で心配しすぎて細部に干渉しがちですが、家族を信頼し任せることも大切です。,親しい人には細やかな気遣いが自然に出やすく、安心して頼れる相手として信頼されやすいでしょう。,几帳面な管理能力で、整理収納や健康管理など家庭の質を高める実務で才能を発揮するでしょう。,家庭内の完璧さを求めすぎず適度なリラックスを心がけることで、家族との間に和やかで安心できる関係が生まれます。,秩序と清潔さが保たれた家庭環境に安らぎと喜びを感じ、実務的なケアで家族を支える配置。,あなたは趣味や恋愛において、細やかな改善を重ねることで洗練された喜びと自己表現を味わいます。成果や完成度へのこだわりも大切ですが、純粋に「楽しむ」という気持ちを忘れないことが、あなたの心を真に満たす鍵となるでしょう。
Venus,Virgo,5,趣味や恋愛に改善の視点を取り入れ、洗練された喜びを味わう,好きな趣味や恋愛において、細やかな改善を重ねることで、洗練された喜びと自己表現を味わうタイプです。,繊細な魅力と技巧的な表現力で、控えめながらも洗練された愛情を創造的に楽しむことができます。,恋愛で相手を分析しすぎたり、批判的になりがちです。もっと感情を解放すると、自然な愛を育めます。,表現に上品さや繊細さがにじみ、控えめながらも印象に残る魅力として周囲に映りやすいでしょう。,緻密な表現力と職人気質のこだわりを活かし、文芸や技術を伴う創作活動で才能を開花させるでしょう。,評価を気にしすぎず創作の喜びを大切にすることで、自己批判を越え真に独自性のある作品を生み出すことができるでしょう。,職人的なこだわりを持って趣味を極めることに悦びを覚え、緻密な完成度を愛でる配置。,あなたは日々の実務にきめ細やかな改善を施し、奉仕の心で周りに貢献することで、確かな価値と喜びを生み出します。誰かの役に立つ喜びを深く感じつつも、自分自身の心身を労り、適切な休息と報酬を確保することが大切です。
Venus,Virgo,6,日々の実務を改善し、奉仕の心で愛と価値を生み出す,好きな実務をきめ細やかに改善し、奉仕の心で周りに貢献することで、確かな価値と喜びを生み出すでしょう。,奉仕の愛情と優れた実務力で、常に改善を意識しながら日々の業務を丁寧にこなせるのが強みです。,仕事で完璧を追求しすぎて、過労や神経質になりやすいでしょう。時には休息を取り、自分を労わることが大切です。,好意を実際の行動や細やかな気配りで示し、誠実に支える人として周囲から信頼されやすいでしょう。,細やかな配慮と奉仕の心で、日々の実務の質を高め、着実に貢献できるでしょう。,心身の限界を超えて働こうとせず適度な休息を組み込むことで、安定した高いパフォーマンスを継続できるでしょう。,完璧なルーチンと献身的な実務に楽しみを見出し、役に立つ役割を果たすことを愛する配置。,あなたは人間関係において、好きなことを通じて細やかな改善を重ね、誠実な愛と対等な価値観を分かち合います。相手の些細な点に目を向けるだけでなく、情緒的な側面を深く受容することで、より豊かな絆が育まれるでしょう。
Venus,Virgo,7,人間関係の改善に努め、誠実な愛と価値を分かち合う,人間関係において、好きなことを通じて細やかな改善を重ね、誠実な愛と対等な価値観を分かち合うタイプです。,誠実な愛情と深い理解力で、人間関係を丁寧に調整し、協調性のある絆を築くことに優れています。,対人関係で相手の細部が気になり、批判的になりがちです。完璧でなくても大丈夫と受け止めると、楽になります。,一対一の関係では相手に合わせる配慮があり、きめ細かな関わり方をする人として見られやすいでしょう。,冷静な分析力と丁寧な対応で、秘書、法務、コンサルティング職で厚い信頼を築くでしょう。,相手の至らなさを指摘せずサポートする姿勢を強調することで、お互いに高め合える円滑な関係が構築できるでしょう。,対人関係に誠実さと実務的なサポートを求め、互いの生活を整え合える関係を好む配置。,あなたは心惹かれる対象と深い絆を結び、丁寧に分析と改善を重ねながら、真の愛と価値観へと変容していきます。細部にこだわりすぎず、大らかで寛容な心を持つことが、お相手との関係をより深く、そして自由に育む鍵となるでしょう。
Venus,Virgo,8,深い絆を分析し改善することで、真の愛と価値観へと変容する,好きなことを通じて深い絆を結び、丁寧に分析と改善を重ねながら、真の愛と価値観へと変容するでしょう。,鋭い心理分析と深い配慮で、人との結びつきをより良い形に再生する理解力があるのが強みです。,深い関係で疑心暗鬼になり、分析しすぎると感情が疲弊します。素直な気持ちで向き合うと、安心感が生まれます。,深い関係になるほど慎重さが増し、簡単には心を許さない誠実な人として相手に映りやすいでしょう。,深い洞察力と緻密な調査能力で、会計監査や心理分析など専門的なリサーチ職で強みを発揮します。,秘密を守りつつ真実を追求する誠実さを養うことで、深い信頼を得て重要な役割を任せられるようになるでしょう。,共有資産や深い絆を細部まで管理・分析することに喜びを感じ、誠実に関係を深める配置。,あなたは好きな探求や学びに没頭し、得た知識を洗練させることで、自分自身の高い価値観を育みます。分析的な知性を持つ一方で、正しさだけを追求するのではなく、多様な解釈を受け入れる柔軟さが、あなたの学びを深めるでしょう。
Venus,Virgo,9,探求の中で学びを深め、洗練された愛と価値観を育む,好きな探求や学びに没頭し、得た知識を洗練させることで、自分自身の高い価値観を育むでしょう。,理性的な愛情と深い探究心で、物事を分析的に学び、視野を広げることに長けています。,理屈で物事を考えすぎて、視野が狭くなりがちです。時には直感を信じると、新しい発見があるでしょう。,好きな相手とは価値観を丁寧にすり合わせ、理性的で誠実な人として見られやすい傾向があります。,向上心と緻密な学究心で、学問研究や教育活動を通じて洗練された価値観を広めるでしょう。,知識をただ整理するだけでなく自身の信念に結びつけて発信することで、広い視野が人生を導く力強い知恵になります。,実用的で具体的な真理を学ぶことに悦びを覚え、知識の整理を通じて精神を整える配置。,あなたは好きな仕事を通じて社会に貢献し、洗練された視点と堅実な価値観で、高い評価を得るでしょう。完璧を求める厳しさもあなたの魅力ですが、適正な目標を設定し、自分自身を労うことで、着実にキャリアを築いていけます。
Venus,Virgo,10,仕事を通じて貢献し、洗練された愛と価値観を社会に示す,好きな仕事を通じて社会に貢献し、洗練された視点と堅実な価値観で、高い評価を得るタイプです。,優れた実務能力と改善力で社会から信頼を得て、魅力的に貢献できることが強みです。,社会的な評価を気にしすぎて、完璧を求め仕事優先になりがちです。自分のペースを大切にすると、心が安定します。,社会的な場ではきちんとした印象が魅力となり、信頼感のある人として高く評価されやすいでしょう。,丁寧さと実務能力が評価され、仕事を通じて社会に貢献しながら厚い信頼を得やすいでしょう。,結果だけでなく自分自身の内面的な充足感を大切にすることで、周囲の期待に負けない真の自信と地位を確立できます。,専門スキルを社会で発揮して貢献することに喜びを感じ、有能な実務家として認められる配置。,あなたは好きな活動や共通の未来像を持つ仲間と、高め合う関係の中で貢献する喜びを知ります。理屈だけでなく、仲間の感情や意欲を尊重する温かい配慮が、より強固なチームワークと創造的な成果を生み出すでしょう。
Venus,Virgo,11,仲間との交流を通じ、高め合う愛と貢献の喜びを知る,好きな活動や共通の未来像を持つ仲間と、高め合う関係の中で貢献する喜びを知るタイプです。,仲間との交流を計画的に調整し、実務的な協力で未来志向の目標達成に貢献できるのが強みです。,仲間に対して細部が気になり、批判的になりやすいでしょう。完璧でなくても良いと受け止めると、関係がスムーズに。,仲間の中では細やかな配慮や実務的な支えが際立ち、頼りになる存在として親しまれやすいでしょう。,整理されたビジョンと実務的な貢献で、福祉団体や目的を持つグループ運営で活躍します。,理想だけでなく現実に即した改善策を仲間と形にすることで、集団の中での信頼と独自の地位がより強固になります。,改善目標を持つ仲間との実務的な交流を楽しみ、計画的な未来を共に描くことに喜びを得る配置。,あなたは内なる世界を深く見つめ、純粋で控えめな愛をもって心の癒やしと価値を育みます。自分自身の不完全さも受け入れ、慈愛の心で包み込むことが、あなたの内面に揺るぎない平和と充足をもたらすでしょう。
Venus,Virgo,12,内なる世界を磨き、純粋で控えめな愛と価値を育む,好きなことや内なる世界を深く見つめ、純粋で控えめな愛をもって心の癒やしと価値を育むでしょう。,静かな献身と内省的な愛情で、心の内面を整理し、周囲に精神的な安らぎを与えることができます。,自分を批判しすぎて不安になりがちなので、自分を労わる時間を持ち、完璧でなくても大丈夫と受け入れましょう。,表には控えめでも内面に献身的な愛情を抱きやすく、静かに尽くす人として魅力的に映りやすいでしょう。,繊細な感性と内省的な実務能力を活かし、匿名での支援や静かな環境での創作活動に長けるでしょう。,内面的な不安を整理するため思考を書き出す習慣を持つことで、精神的な混乱を避けクリアな分析力を活かせます。,内面にある完璧主義を一人の時間で静かに調整し、人知れぬ奉仕を慈しむ配置。,あなたは内なる世界を深く見つめ、純粋で控えめな愛をもって心の癒やしと価値を育みます。自分自身の不完全さも受け入れ、慈愛の心で包み込むことが、あなたの内面に揺るぎない平和と充足をもたらすでしょう。
Venus,Libra,1,持ち前の優雅さで、自分自身の魅力を最大限に引き出す,好きなものを通じて自分を優雅に表現し、持ち前の洗練された美意識で魅力的な第一印象を与えるでしょう。,持ち前の社交的な魅力と愛嬌で、調和の取れた自己表現ができ、人々に心地よさを与えます。,周りの評価を気にしすぎて、自分の意見が曖昧になりがちです。自分の「好き」を大切にすると、魅力が輝きます。,柔らかく洗練された魅力が自然とにじみ出て、感じの良い人として周囲に親しまれやすいでしょう。,洗練された社交性と公平な判断力で、交渉や広報、対話を通じてあなたの個性を輝かせるでしょう。,自分の意見を後回しにせず対等に主張する勇気を持つことで、持ち前の調和力がより強固な信頼へと繋がるでしょう。,洗練された美的センスと社交性が個性に表れ、他者と調和することに最高の悦びを感じる配置。,あなたは持ち前の優雅さと洗練された美意識で、自分自身の魅力を最大限に引き出し、周囲を惹きつけます。他者の評価に過度に依存せず、自身の内なる声に従って自己決定をすることで、あなた本来の輝きを放つことができます。
Venus,Libra,2,美意識と公平さで、豊かさと調和ある価値を築く,好きなものを公平な視点と美意識で選び取り、調和のとれた豊かな財産と自己価値を築くタイプです。,優れた美的感覚と調整力で、財務を含めた資源に調和をもたらし、価値ある豊かさを築けるのが強みです。,見栄を張ったり、人との比較で衝動的に浪費しやすいでしょう。本当に必要なものか、自分の価値基準で選ぶことが大切です。,自分の価値観や美意識を上品に示すため、センスの良い人という印象を与えやすい傾向があります。,優れた審美眼とバランス感覚で、ファッションやデザインなど、美しいものを扱う仕事で基盤を築きます。,物質的な価値だけでなく自分自身の納得感も大切にすることで、経済的な安定と精神的な充足を同時に手に入れられます。,美意識や人脈を活かした収入に喜びを覚え、洗練されたものを所有することを愛する配置。,あなたは美意識と公平な視点をもって、調和の取れた豊かな財産と自己価値を築き上げます。表面的な美しさだけでなく、実質的な安定と心の充足に焦点を当てることで、あなたらしい真の豊かさを享受できるでしょう。
Venus,Libra,3,知的な交流を通じて、バランスの取れた愛と価値を広げる,好きなテーマについて知的に交流し、バランスの取れた言葉で人々に愛と価値観を伝えるタイプです。,洗練された対話力と説得力で、相手の心に響く表現ができ、人との絆を深めることができます。,周りに合わせすぎて、自分の意見が曖昧になりがちです。自分の考えをしっかりと持つことで、信頼感が増します。,会話にやわらかさと品が自然と出て、気持ちよくやり取りできる相手として好まれやすいでしょう。,洗練された言葉選びと公平な伝達力で、仲介や交渉、美しい情報整理の職種で信頼を築きます。,表面的な美しさだけでなく本音で議論する姿勢を養うことで、あなたの説得力が多くの人の心を動かす知恵に変わります。,公平で客観的な言葉を交わすことに楽しみを見出し、日常の交流に美的な調和をもたらす配置。,あなたは知的な交流を通じて、バランスの取れた言葉で人々に愛と価値観を伝える才能に恵まれています。調和を重んじる姿勢は素晴らしいですが、自身の本音や主張を大切に表現することで、より深いつながりを築けるでしょう。
Venus,Libra,4,心安らぐ家庭を築き、人との調和を重んじる愛を育む,好きなものを配置して心安らぐ空間を創り、人との調和を重んじる愛で安心できる家庭を築くでしょう。,美意識と細やかな配慮で家庭に調和をもたらし、みんなが心安らげる居場所を作り出せるのが強みです。,家庭内で衝突を避けすぎると、優柔不断になりやすい傾向があります。自分の気持ちを伝える練習をすると安心です。,親しい人との間では穏やかな空気を重視し、場を和ませる存在として親しまれやすいでしょう。,穏やかで論理的な家庭環境を築き、インテリアデザインや生活の質を高める実務で活躍しやすいでしょう。,家族に過剰に気を遣いすぎず本音の交流を大切にすることで、家庭内での信頼が深まり揺るぎない安心感が生まれます。,洗練されたセンスで整えられた平和な家庭に喜びを感じ、家族間の美的な均衡を愛する配置。,あなたは洗練されたセンスで心安らぐ家庭空間を創り、人との調和を重んじる愛で安心の基盤を築きます。摩擦を恐れず、対話を通じて問題解決に取り組むことで、家族との間に真の理解と穏やかな平和をもたらすことができます。
Venus,Libra,5,美意識を活かした創造で、喜びと調和ある愛を表現する,好きなものや美意識を活かして、喜びと調和に満ちた自己表現を楽しみ、恋愛を大切にするタイプです。,社交性を活かして美的な創造力を発揮し、魅力的な恋愛や楽しい時間を築くことに優れています。,恋愛で相手に合わせすぎたり、評価を求めがちです。自分軸を大切にすると、より健全な関係が築けるでしょう。,あなたの魅力や美意識を自然に表現しやすく、華やかで好感度の高い人として印象に残りやすいでしょう。,卓越したセンスと社交性で、芸術、イベント企画、デザイン関連のクリエイティブ分野で才能を放ちます。,楽しみを他者との比較で判断せず純粋な表現を追求することで、一時の流行に左右されない確かな実績を築けます。,優雅な社交や洗練された恋愛を心ゆくまで楽しみ、美的な調和を自己表現する配置。,あなたは美意識を活かした創造的な表現で、喜びと調和に満ちた人生を楽しみ、恋愛を大切にします。他者の視線よりも、あなた自身が心から楽しめる基準を持つことで、真に満たされた自己表現と安定した愛を育むことができます。
Venus,Libra,6,日常業務に調和をもたらし、周囲に心地よさを提供する愛,好きな作業に美意識と調和をもたらし、日々の業務を通じて周囲に心地よさを提供する愛の持ち主です。,協調性と愛情に満ちた調整力で、日々の業務を円滑に進め、常に改善を意識できることが強みです。,仕事で優柔不断になり、判断が遅れやすい傾向があります。小さなことでも決断する習慣をつけると、自信がつきます。,人間関係の調整を自然にこなし、周囲の人を気持ちよく支えてくれる人として見られやすいでしょう。,調和を大切に業務を整え、周囲に心地よさを提供する力があります。,自分を犠牲にせず適度な自己主張を心がけることで、安定した高いパフォーマンスを継続できます。,平和で美しい職場環境で働くことに喜びを感じ、対人関係の調整役を美的にこなす配置。,あなたは日々の業務に美意識と調和をもたらし、周囲に心地よさを提供することで愛と価値を生み出します。協力的な姿勢は素晴らしいですが、自身の心身のバランスを保つため、時には「NO」と伝える勇気を持つことも大切です。
Venus,Libra,7,素晴らしい人間関係を築き、愛と公平さで結びつく喜び,人との出会いや関係性を大切にし、美しく公平なパートナーシップを築いていくことを喜びとするタイプです。,人間関係を調和させ、魅力的な社交性で人と協力し、心地よい絆を育むことに優れています。,他者に合わせすぎて優柔不断になりがちなので、自分の気持ちを大切にすることも意識すると良いでしょう。,あなたは一対一の関係で対等さと心地よさを大切にし、洗練された魅力を持つ人として映りやすいでしょう。,公平な交渉力と洗練された社交術で、営業やコンサル、対人業務で成果を出しやすいでしょう。,相手に合わせすぎず対等な立場で話し合うことを意識すると、真の相互理解に基づいた関係が構築できます。,パートナーシップの調和を人生の宝物とし、鏡のような相手との対話を深く愛する配置。,あなたは、人と人との調和を何よりも大切にし、美しく洗練されたパートナーシップを育むことに深い喜びを感じます。相手と対等な立場で心を通わせることで、真の絆と豊かな愛を築き上げていくでしょう。
Venus,Libra,8,深い絆の中で自己を変容させ、美しい愛と価値を見出す,誰かと深く繋がり、共有する喜びから新しい価値を見出し、関係性の中で自分を成長させることを大切にします。,人の心を深く理解し、大切な人との間に心地よい調和と強い絆を築ける魅力があります。,深い関係で相手に依存し、優柔不断な支配に陥りやすいので、健全な自立を心がけると良いでしょう。,深い関係でも穏やかな均衡を保ち、相手と美しい距離感で心地よい絆を築く傾向があるでしょう。,物事の本質と関係性のバランスを見抜き、カウンセリングや共同資産管理で強みを発揮します。,猜疑心を抑え客観的なデータで判断する習慣を持つことで、社会に大きな変容をもたらすことができるでしょう。,共有資産や絆を公平な視点で管理することに悦びを感じ、調和ある一体化を追求する配置。,あなたは、大切な人との深い絆や共有する喜びを通して、新たな価値観を発見し、自己を美しく変容させていく才能を持っています。相手と心から一体となることで、理性と感情の調和した豊かな愛の世界を創造するでしょう。
Venus,Libra,9,探求の旅を通じて、世界と調和する愛と価値観を育む,異文化や哲学的な学びを通して、世界と調和する普遍的な美しさや価値観を見出していくことを喜びます。,高い美意識と哲学的な対話を通じて、人との理想的な関係性を広げていけるのが強みです。,他者に合わせすぎて信念が曖昧になりやすいので、自分の考えをじっくり深める時間を持ちましょう。,好きな相手とは価値観の違いを楽しみながら語り合い、広い視野を持つ人として好感を持たれやすいです。,高い美意識と公平な探求心で、教育・出版・法律など思想を広める役割で活躍します。,知識を整理するだけでなく信念を現実の行動に落とし込むことで、広い視野が人生を導く力強い知恵へと進化します。,普遍的な平和や美意識を真理として学ぶことに喜びを覚え、精神的なバランスを学びで整える配置。,あなたは、異文化との交流や哲学的な探求を通じて、世界に存在する普遍的な美しさや調和を見出すことに深い喜びを感じます。広い視野で真理を学ぶことで、あなたの内なる愛と価値観を育み、人生を豊かに彩るでしょう。
Venus,Libra,10,社会的役割を全うし、平和と調和を重んじる愛を広める,社会的な活動や仕事を通して、多くの人との調和やバランスを大切にし、美しく公平な関係を築くことを喜びます。,社会の中で優れた調整力と魅力的な人柄で、周囲から厚い信頼を得られる長所があります。,他者の評価を気にしすぎて決断を避ける傾向があるので、自分の信念に基づいて行動すると安心です。,社会的な場ではあなたの対人センスの良さが魅力となり、品のある素敵な人として見られやすいでしょう。,対人スキルと美意識が評価され、調和をもたらす存在として社会的な信用を築くでしょう。,世間体や他人の評価に惑わされず信念に基づき誠実に語ることで、周囲から心から尊敬される指導者となれます。,社交性と美的イメージを社会的な武器として活かし、周囲からの評判や好感度を愛する配置。,あなたは、持ち前の社交性と洗練された美的センスを活かし、社会的な舞台で輝くことに喜びを感じます。公的な役割を通して多くの人々と調和の取れた関係を築き、尊敬と好意を集めることで、あなたらしい愛を広めていくでしょう。
Venus,Libra,11,仲間との絆を大切にし、未来への調和ある愛を育む,友人や仲間との調和を重視し、共に未来の理想を語り合いながら、美しいコミュニティを築いていくことを大切にします。,友情を大切にし、仲間と調和しながら未来に向けた企画に協力できる高い社交力が魅力です。,仲間を優先しすぎて集団に迎合しがちなので、自分らしい判断基準を持つことを意識すると良いでしょう。,仲間の中では自然と人をつなぐ役割を担い、グループの雰囲気を穏やかに整える存在になりやすいでしょう。,平和的な対人センスと広いネットワークを活かし、グループ活動やSNS運営で輝きます。,個人の意見を大切にしつつ全体の調和を図ることで、独自のビジョンが多くの仲間に支持され形になります。,洗練された仲間との調和あるネットワークを楽しみ、平和で美しい未来を共に夢見る配置。,あなたは、友人や仲間との調和を心から大切にし、平和で美しい未来を共に創造することに喜びを見出す人です。洗練されたグループ活動やネットワークを通じて、互いの理想を尊重し高め合いながら、確かな絆を育んでいくでしょう。
Venus,Libra,12,内なる平和を求め、無意識のレベルで愛と調和を育む,人知れず他者に尽くしたり、美しいものを無償で提供したりすることで、内なる調和と癒しを求める性質です。,静かで優美な精神性と高い共感力で、人々の心に穏やかな調和をもたらすことができます。,現実から目を背け関係に依存しやすいので、自分の内面と向き合い、自立を育むことを心がけましょう。,表立って主張しすぎなくてもやわらかな魅力がにじみ出て、静かに周囲からの好感を集めやすいでしょう。,豊かな想像力と目に見えない情報を整理し、カウンセリングや裏方で力を発揮します。,一人の時間を大切にし内面を整える習慣を持つことで、周囲に影響されずクリアな直感を現実世界で活かせます。,内面にある高い美意識を一人の時間で静かに慈しみ、目に見えない次元の調和を愛する配置。,あなたは、内なる世界に深く静かな平和と調和を求め、目に見えない次元の美を慈しむ人です。芸術鑑賞や瞑想的な時間を大切にすることで、心に秘めた高い審美眼を育み、そこから得られる愛と癒しを密やかに広げていくでしょう。
Venus,Scorpio,1,真の自分を深く追求し、揺るぎない愛と価値を確立する,自分の魅力を深く掘り下げて表現し、強い個性と揺るぎない存在感を印象づけていくことを大切にするタイプです。,深い洞察力と一途な情熱で、自分自身の魅力を揺るぎなく表現できるところが強みです。,愛情が強すぎて嫉妬や執着につながりやすいので、相手を信頼し、自由な関係を意識すると良いでしょう。,あなたからは静かながらも強い引力がにじみ出て、印象深く忘れがたい人として周囲に映りやすいでしょう。,強い意志と鋭い洞察力で物事の本質を追求し、専門職や危機管理の現場で個性を輝かせます。,内に秘めた情熱を論理的な言葉に変える習慣を持つことで、持ち前のカリスマ性が周囲に安心感を与える力へと変わります。,底知れない洞察力とミステリアスな色気が個性に表れ、本質に深く関わることに悦びを感じる配置。,あなたは、物事の本質を深く見抜く洞察力と、揺るぎない自己を確立していく情熱を持つ人です。自己変容を恐れず、真の自分を追求し表現することで、周囲を惹きつける強い魅力と確かな愛の形を築き上げていくでしょう。
Venus,Scorpio,2,強い探究心で本質的な価値を見出し、深い愛を育む,自分の才能や価値を徹底的に磨き上げ、深い情熱をもって豊かさを築き、本質的な満足感を求めるタイプです。,本質的な価値を見抜く鋭い洞察力と、どんな状況も再生させる粘り強い魅力があります。,物や人への所有欲が強くなりがちなので、手放す勇気を持ち、感謝の気持ちを大切にすると安心です。,あなたの好きなものや価値観は簡単には揺るがず、芯の強い誠実な人という印象を与えやすいでしょう。,本質を見抜く力と徹底した管理能力で、金融や資産運用で安定を築くことができるでしょう。,所有への執着を緩め資源を循環させる意識を持つことで、物質的な安定と深い精神的な満足感を両立できます。,揺るぎない富や絶対的なリソースを独占することに楽しみを感じ、強固な財を愛する配置。,あなたは、自らの才能や価値を深く追求し、揺るぎない豊かさを築くことに情熱を注ぎます。特定の対象への深い集中力と探究心をもって、本質的な価値を見出し、心の奥底から満たされる愛と満足感を味わうでしょう。
Venus,Scorpio,3,深い探求心で学びを深め、真実を伝える愛を育む,表面的な情報だけでなく、物事の本質を深く探求し、言葉を通して真実の情報を伝えることに喜びを感じます。,人の心を深く理解し、真実を見抜く洞察力と情熱的な表現力で伝えることに優れています。,感情が強すぎて疑念を抱きやすいので、言葉で相手を操作せず、心を開いて対話することを意識しましょう。,あなたの言葉や視線には深さが宿りやすく、どんな会話でも相手に強い印象を残す傾向があります。,鋭い分析力と重みのある言葉で、調査・研究や本質的なコミュニケーションで信頼を得ます。,批判的な視点だけでなく他者の良い面を見出す努力をすることで、持ち前の説得力が温かみと影響力を増します。,言葉の裏側を読み取り真実を暴く対話に悦びを見出し、濃密な情報交換を好む配置。,あなたは、物事の表面的な情報にとどまらず、その奥に潜む真実を深く探求することに喜びを感じる人です。洞察力に富んだ言葉で本質を伝え、濃密なコミュニケーションを通じて、心からの愛と理解を育んでいくでしょう。
Venus,Scorpio,4,家族との間に深い絆を築き、真の愛情で基盤を固める,家族や大切な人との間に揺るぎない深い絆を築き、心から安心できる居場所を守っていくことを大切にします。,家族や大切な居場所に対して深い愛情を注ぎ、揺るぎない絆を築く守護本能が強みです。,家族への愛情が執着になりやすいので、お互いを尊重し、適度な距離感を保つことを心がけると良いでしょう。,親しい相手には特に情が深く、その人を強く守ろうとする愛情深い人として見られやすいでしょう。,家族や基盤への深い洞察と守る力を持ち、家業の再建や心理的な安全を守る分野で活躍します。,内面の激しい感情を正論でぶつけず穏やかな受容を心がけることで、家庭内の信頼が深まり安心感が生まれます。,家族との深い因縁や絆の中に身を沈めることに喜びを感じ、家庭を絶対的な聖域とする配置。,あなたは、家族や大切な人々との間に、運命的な深いつながりと揺るぎない絆を築くことに最高の喜びを感じます。心から安心できる聖域を守り、そこに真の愛情を注ぐことで、あなたの人生の確固たる基盤を築き上げていくでしょう。
Venus,Scorpio,5,強い情熱を創造に注ぎ込み、本質的な愛と喜びを表現する,自分の深い情熱や感情を、恋愛や創造的な活動を通して表現し、本質的な喜びを追求するタイプです。,深い情熱を創造的な活動に注ぎ込み、人を惹きつける魅力で喜びを表現できる長所があります。,恋愛で嫉妬心や支配欲が強くなりがちなので、相手を信頼し、自分の情熱を創造に活かすと良いでしょう。,あなたの愛情表現には濃さと強い引力があり、周囲に忘れられないほどの魅力を感じさせるでしょう。,情熱的で深みのある創造性を活かし、芸術制作やクリエイティブな分野で才能を放ちます。,他者の評価に惑わされず魂が震える表現を追求することで、時代を超えて人の心に刺さる作品を生み出せます。,命がけの情熱を創作や恋愛に注ぐことで感性を爆発させ、深淵を覗くような表現を愛する配置。,あなたは、内なる深い情熱と感情を、恋愛や創造的な表現活動へと惜しみなく注ぎ込むことで、本質的な喜びを見出します。魂が揺さぶられるような体験を通して、あなたならではの力強い愛と活力を世界に示していくでしょう。
Venus,Scorpio,6,日常業務に深く情熱を注ぎ、真摯な愛と価値を表現する,日常の仕事や習慣に強いこだわりと情熱を注ぎ込み、細部まで徹底的に調整することで深い満足感を得ます。,日々の業務に集中して愛情を注ぎ、状況を改善する強い意志と揺るぎない忠誠心があります。,仕事や人間関係に執着しすぎて疲労困憊になりがちなので、時には休息を取り、心を解放すると安心です。,表には控えめでも好意を真剣に示しやすく、本気で向き合う誠実な人として信頼されやすいでしょう。,深い情熱を日常業務に注ぎ込み、真摯な姿勢で質の高い仕事を生み出すでしょう。,完璧を求めすぎず適度なゆとりを持つことで、安定した高いパフォーマンスを継続できるようになります。,組織の根本問題を解決する過酷な仕事にやりがいを感じ、極限の献身を美徳とする配置。,あなたは、日々の業務や役割に深い情熱と集中力を注ぎ込み、根本的な問題解決を通じて大きな喜びを感じます。献身的な姿勢で細部まで徹底的に取り組むことで、真摯な愛と揺るぎない価値を生み出していくでしょう。
Venus,Scorpio,7,パートナーと魂レベルで結びつき、深い愛と価値を共有する,特定の相手と魂レベルで深く結びつき、お互いのすべてを分かち合うような真剣な関係性を築くことを大切にします。,深い洞察力でパートナーと魂の絆を築き、揺るぎない忠誠心と愛情を育むことに優れています。,パートナーへの嫉妬や支配欲が強くなりやすいので、深い信頼関係を築くことを意識すると良いでしょう。,一対一の関係では深く結びつこうとし、表面的な付き合いより濃い絆を大切にする傾向があるでしょう。,深い洞察力と真実を求める姿勢で、心理カウンセリングや長期的な折衝で力を発揮します。,相手をコントロールせず一人の自立した個人として尊重することで、高め合える究極のパートナーシップを築けます。,運命的な深い絆をパートナーに求め、相手との一体化を通じてのみ得られる愛を愛する配置。,あなたは、特定の相手と魂のレベルで深く結びつき、人生のすべてを分かち合うような真剣な関係性を築くことに喜びを感じます。究極の信頼と一体感を求めることで、揺るぎない深い愛と価値をパートナーシップの中に育んでいくでしょう。
Venus,Scorpio,8,変容の経験を通じて、魂レベルで深い愛と価値観を育む,他者との深い関わりや共有の中から、自分自身を変容させ、新しい価値や愛を創造していくことを喜びとします。,物事の本質を見抜く洞察力と、困難を乗り越え再生させる精神的な強さが魅力です。,極端な愛情が支配欲や破壊衝動に繋がることもあるので、心の平穏を保ち、穏やかさを大切にしましょう。,親密な関係では愛情や信頼の濃さが際立ち、相手と心の深いところでつながろうとするでしょう。,組織の深部を理解する力と再生能力を活かし、資産運用や危機的な再編で真価を発揮します。,他者と深くリソースを共有する際に理屈を捨て信頼を深めることで、社会に大きな変容をもたらせるでしょう。,共有するエネルギーや絆に深く依存し、死と再生を繰り返すような濃密な体験を慈しむ配置。,あなたは、他者との深い共有体験や、人生における変容のプロセスを通じて、魂レベルでの愛と価値観を育んでいきます。神秘的な経験から新たな価値を創造し、自己を深く成長させることに大きな喜びを感じるでしょう。
Venus,Scorpio,9,高い精神性を追求し、真実の愛と価値観を深く探る,表面的な知識にとどまらず、物事の根源的な真理を深く探求し、独自の価値観や哲学を確立していくタイプです。,真実を探求する哲学的な視点と揺るぎない信念で、深い愛情と絆を育むことができます。,思想が極端になり視野が狭くなりがちなので、多様な意見に耳を傾け、柔軟な心を持つと良いでしょう。,好きな相手には自分の価値観や信念を深く共有し、簡単には揺れない芯のある人として見られやすいでしょう。,真理を追究する強い探究心で、学問研究や神秘的な分野で信念を持って思想を広めます。,知識を深めるだけでなく現実社会に役立つ形へ変換することで、広い視野が人生を導く力強い知恵へと進化します。,生と死、宇宙の神秘といった深遠な真理を学ぶことに悦びを覚え、精神の深掘りを愛する配置。,あなたは、物事の根源的な真理や深遠な神秘を深く探求することに、尽きることのない喜びを見出します。高い精神性を追求し、信念に基づいた哲学を確立していくことで、揺るぎない愛と価値観を育むことができるでしょう。
Venus,Scorpio,10,社会で本質的な魅力を発揮し、深い信頼と価値を築く,社会的な役割を深く探求し、その道のプロフェッショナルとして揺るぎない信頼と確固たる評価を築いていくタイプです。,社会に深い影響を与える魅力と、本質を見抜く力で人々を統率できる優れた才能があります。,社会的評価や権力に執着しすぎてしまうので、内なる価値を追求し、心の充実を大切にすると安心です。,社会的な場でもあなた独特の魅力や吸引力がにじみ出て、印象の強い存在として周囲に映りやすいでしょう。,深く関わる影響力が評価され、社会で本質的な価値を築く重要な役割を担うでしょう。,肩書きや権力に固執せず内面的な誠実さを語ることで、周囲から心から畏敬される指導者としての地位を確立できます。,社会的な裏側をコントロールする役割に誇りを感じ、徹底した支配力を持つ地位を愛する配置。,あなたは、社会的な役割を深く探求し、その道のプロフェッショナルとして揺るぎない信頼と確かな評価を築くことに喜びを感じます。圧倒的なカリスマ性と再生力で、社会に本質的な変革をもたらすことで、あなた自身の価値を確立していくでしょう。
Venus,Scorpio,11,仲間と深い絆で結ばれ、理想を共に追求する,限られた親しい仲間と深い絆で結ばれ、未来の理想や共通の目標に向かって情熱的に進んでいくことを喜びます。,仲間との間に深い信頼と結束力を築き、どんな困難も乗り越えて未来を再生させる力があります。,仲間との関係に執着し、閉鎖的になりやすいので、オープンな心で新しい交流を楽しむと良いでしょう。,仲間とのつながりも表面的なものでは終わらず、グループの核となるような深い絆を築きやすいでしょう。,深い共感と強い連帯感を活かし、社会変革を目指すグループ活動で実務的な貢献をします。,既存の枠組みを恐れず仲間と共に変容することで、理想とする社会をより確実に形にできるでしょう。,強い信念を共有する同志との深い結束を楽しみ、社会を根底から変える未来を夢見る配置。,あなたは、強い信念を共有する限られた仲間と深い絆で結ばれ、未来の理想を情熱的に追求することに喜びを感じます。固い結束力で共に目標へ向かうことで、社会に大きな影響を与える愛と価値を創造していくでしょう。
Venus,Scorpio,12,内面の深い感情と向き合い、真実の愛と価値を見出す,内面の感情や隠されたものに深く向き合い、そこから得られる真実の愛や癒しを大切にする、神秘的な性質です。,秘めた情熱と精神的な洞察力で、内面の深い部分から自己を再生させる強さがあります。,内面にこだわり秘密主義になりがちなので、時には心をオープンにして、他者と分かち合うと良いでしょう。,表には出にくくても内面の愛情はとても深く、静かに相手を強く思う優しい人として映りやすいでしょう。,豊かな想像力と目に見えない本質を捉え、カウンセリングや芸術で癒やしを提供します。,内面の深い感情を恐れず言語化する習慣を持つことで、精神的な混乱を避けクリアな直感を活かせます。,内面にある強烈な情念を一人の時間で静かに変容させ、目に見えない次元の癒やしを愛する配置。,あなたは、内なる深い感情や隠された世界に静かに向き合うことで、真実の愛と癒しを見出す神秘的な資質を持っています。自己の内面を探求し、秘密の情熱を育むことで、あなたの魂に深い調和と価値をもたらすでしょう。
Venus,Sagittarius,1,自由な精神で自分を表現し、理想の愛と価値観を探求する,自分の魅力を開放的に表現し、自由な精神で新しい可能性を探求することで、生き生きとした印象を与えるタイプです。,自由で明るく開放的な魅力があり、自分らしく表現することで人々を惹きつける長所です。,恋愛で理想を追い求めすぎて軽率になりがちなので、目の前の関係に誠実に向き合うと良いでしょう。,あなたからはのびやかで明るい魅力が放たれ、自由で親しみやすい人として見られやすいでしょう。,高い向上心と自由な発想力で、新規事業の立ち上げや海外関連で個性を輝かせるでしょう。,楽観的な展望を持ちつつ現実的な詳細に目を向けることで、持ち前の推進力がより確実な成果へと結びつきます。,無限の自由と楽観的な精神が個性に表れ、未知の世界へ挑戦することに喜びを感じる配置。,あなたは、持ち前の自由な精神と楽観的な態度で、自らの魅力を開放的に表現することに喜びを感じます。未知の可能性を探求し、ダイナミックに世界へと飛び出すことで、あなたならではの生き生きとした愛と価値観を広げていくでしょう。
Venus,Sagittarius,2,探求心で才能を磨き、精神的な豊かさと価値を広げる,自分の才能や価値観を積極的に探求し、精神的な豊かさや知的な満足を広げていくことに喜びを感じます。,楽観的で開かれた感覚を持ち、新しい価値観や才能をどんどん広げていけるのが強みです。,理想を追い求めるあまり浪費しやすい傾向があるので、本当に必要なものか冷静に見極める習慣が大切です。,自分の好きなものや価値観をおおらかに示し、器の大きな温かい人という印象を与えやすいでしょう。,広い視野と大胆な投資判断を武器に、海外ビジネスや教育関連で安定を築きます。,手元の資源を管理するだけでなく新しい可能性に投資し続けることで、経済的な安定と精神的な自由を手に入れられます。,精神的な自由を確保するための大胆な稼ぎ方に楽しみを感じ、広い視点で所有を捉える配置。,あなたは、自らの才能や価値を積極的に探求し、精神的な豊かさと知的な満足を広げることに喜びを見出します。大胆な経済活動や未来への投資を通じて、自由を確保しながら、あなたならではの愛と価値を築いていくでしょう。
Venus,Sagittarius,3,知的好奇心を持って学び、言葉で愛と価値を広めていく,広い視野で知識を学び、それを言葉や情報として自由に発信することで、知的な交流を深めることを大切にします。,開かれた対話と学ぶ魅力で、広い視野から得た知識を発信し、周囲に伝達できます。,軽率な発言や誇張表現をしてしまいがちなので、言葉を選ぶ際は一呼吸置いて、誠実さを意識しましょう。,あなたの会話には明るさと開放感があり、話していると気持ちが軽くなる相手として好まれやすいでしょう。,高い知的好奇心と明快な伝達力で、教育やジャーナリズムなど知識を広める分野で信頼を得ます。,情報の深さを追求しつつ聞き手に合わせた表現を心がけることで、持ち前の説得力がより多くの人に届く知恵に変わります。,壮大な理想や哲学を語り合うことに悦びを見出し、知的なフロンティアを求めて発信する配置。,あなたは、知的な好奇心と広い視野で哲学や高度な知識を学び、それを言葉や情報として自由に発信することに喜びを感じます。壮大な理想や真理を探求し、人との知的な交流を深めることで、愛と価値を世界に広げていくでしょう。
Venus,Sagittarius,4,精神的な自由を基盤に、心豊かな愛と価値観を育む,家庭や心の基盤においても、縛られることのない自由な精神を大切にし、豊かな価値観を育んでいくタイプです。,精神的な自由を大切にし、家族や居場所にも明るい理念と愛情を育むことができます。,自由を優先しすぎて家庭を軽視しがちなので、家族との時間を大切にし、基盤を固めることを意識しましょう。,親しい人にも窮屈さを持ち込まず、自然体で風通しの良い心地よい関係を築く傾向があるでしょう。,自由で風通しの良い基盤を築く力を持ち、在宅での研究や学びの場で才能を発揮します。,家庭に静寂と秩序を保つ工夫をすることで、知的好奇心と内面の安らぎがバランスよく両立できるようになります。,家庭を「精神の遠征の拠点」と捉え、束縛のない自由で開放的な居場所を愛する配置。,あなたは、家庭や心の拠り所においても、精神的な自由と開放的な環境を何よりも大切にする人です。常に新しい思想や人々との交流を歓迎し、豊かな価値観を育むことで、あなたらしい愛と安心感を築いていくでしょう。
Venus,Sagittarius,5,冒険心と創造性を活かし、喜びと愛を表現する,冒険心や探求心を活かし、恋愛や創造的な活動を通して、喜びと情熱を自由に表現することを大切にします。,冒険心と楽観的な魅力で、恋愛や創造に情熱を注ぎ、喜びを表現することに優れています。,恋愛で理想を追い求めすぎて誇張しがちなので、現実的な視点も持ち、地に足をつけることを心がけましょう。,あなたの魅力や愛情表現はのびのびとストレートで、明るく前向きな人として印象に残りやすいでしょう。,溢れる創造性と冒険心を活かし、スポーツや旅行企画など自由な発想を形にするでしょう。,楽しみを自己満足で終わらせず他者と分かち合う喜びを意識すると、一時の情熱が価値ある作品へと昇華されます。,ダイナミックな冒険や高度な学びを楽しみ、自らの理想をスケール大きく表現して喜ぶ配置。,あなたは、冒険心と探求心に満ちた感性を活かし、恋愛や創造的な活動を通して、喜びと情熱を自由に表現する人です。未知の可能性を広げるダイナミックな自己表現を通じて、あなたらしい愛と活力を世界に示していくでしょう。
Venus,Sagittarius,6,理想を追求しながら、毎日の仕事に喜びと価値を見出す,理想を追求しながら、日常の仕事や習慣に喜びと意味を見出し、向上心を持って取り組むことを大切にするタイプです。,柔軟な愛情を持ち、前向きに協力しながら日々の業務を改善していける意欲が強みです。,理想が高すぎて飽きっぽくなり、物事を継続しにくい面があるので、小さな目標から着実にこなすと良いでしょう。,日常の中でも明るさと好意を行動で示しやすく、前向きで感じの良い人として見られやすいでしょう。,自由な発想で日々の業務を広げ、理想を追求しながら仕事に喜びと価値を見出すでしょう。,細かな作業にも高い目的意識を持つことで、ルーチンワークへの飽きを克服し高いパフォーマンスを継続できます。,高い目的意識を持って広報や教育の仕事に邁進することに喜びを感じ、現場を活気づける配置。,あなたは、高い目的意識を持って日々の仕事や習慣に取り組み、そこに喜びと深い意味を見出すことを大切にします。自律的に専門技術を磨き、現場を活気づけることで、あなたならではの愛と価値を表現していくでしょう。
Venus,Sagittarius,7,広い視野で人と繋がり、共に成長する愛と価値を育む,広い視野と自由な精神で人との繋がりを求め、共に成長できるようなパートナーシップを築いていくことを喜びます。,自由でオープンな愛情を持ち、高い理念を共有できる人々と良好な関係を築けます。,自分の信念を押し付けがちなので、異なる意見にも耳を傾け、相手を尊重する姿勢を大切にすると良いでしょう。,一対一の関係でも自由さと誠実さを両立し、風通しの良い相手として心地よい好感を持たれやすいです。,オープンな社交性と交渉力を武器に、国際ビジネスや広報、自由なパートナーシップで活躍します。,相手の自由を尊重しつつ自分の意志を誠実に伝えることで、お互いに高め合える関係が構築できます。,互いの自由を尊重し高め合える関係に魅力を感じ、共に未知の世界を旅する相手を愛する配置。,あなたは、広い視野と自由な精神で人との繋がりを求め、互いを高め合える発展的なパートナーシップを築くことに喜びを感じます。多様な交友関係の中で理想を共有し、共に成長していくことで、豊かな愛と価値を育んでいくでしょう。
Venus,Sagittarius,8,真理を探求し、深く本質的な愛と価値で変化を遂げる,人と深く共有する経験や、真理の探求を通して、自分自身を豊かに変容させていくことに喜びを感じます。,真理を探求する深い愛情と、精神的なつながりを通じて再生していく力があります。,理想を追求するあまり現実逃避しがちなので、地に足をつけ、目の前の課題にじっくり向き合うと良いでしょう。,深い関係でもお互いを縛りすぎず、本音を共有しながら精神的な広がりを求める傾向があるでしょう。,物事の本質を見抜く探求心で、哲学的な研究や金融、精神的な再生に関わる仕事で活躍します。,他者と深く知恵を共有する際の誠実さを養うことで、社会に大きな変容をもたらすことができるでしょう。,信念を共にする深い絆を通じて精神を拡張することに悦びを覚え、死生観を哲学的に慈しむ配置。,あなたは、人との深い共有体験や真理の探求を通じて、自己を豊かに変容させることに喜びを感じます。信念を共にする絆を大切にし、精神的な成長を通して、本質的な愛と価値を創造していくでしょう。
Venus,Sagittarius,9,高い理想を追求し、哲学的な愛と価値観を世界に広げる,哲学や学問、海外体験を通して高い理想を追求し、自分なりの愛と価値観を広めていくことを大切にします。,哲学的な探究心と高い理想を持ち、人々と愛や価値観を共有できるのが強みです。,理想を語りすぎて現実を軽視しがちなので、具体的な計画を立て、着実に進めることを意識すると良いでしょう。,好きな相手とは理想や価値観を語り合いやすく、話していて世界が広がるような魅力的な人として映ります。,高い理想と冒険心で、高等教育や学問研究、海外活動で多くの人にインスピレーションを与えます。,知識を集めるだけでなく信念を現実の行動に落とし込むことで、広い視野が社会を導く力強い知恵へと進化します。,普遍的な真理や遠い世界の文化に触れることに深い喜びを感じ、学びを通じて魂を解放する配置。,あなたは、哲学や学問、海外での体験を通して高い理想を追求し、普遍的な真理に触れることに深い喜びを感じます。精神的な成長を大切にしながら、あなたならではの愛と価値観を世界へと広げていくことができるでしょう。
Venus,Sagittarius,10,社会的な理想を追求し、愛と価値を広めるキャリアを築く,社会的な理想を追求し、自由な精神で広い世界に貢献するようなキャリアや公的な役割を築いていくタイプです。,明るく魅力的な社交性で理想を追求し、人々を導いていける指導力を発揮できます。,理想先行で独善的になりがちなので、周囲の意見にも耳を傾け、協力する姿勢を大切にすると良いでしょう。,社会的な場ではあなたの明るい魅力と前向きさが際立ち、周囲にとても良い印象を与えやすいでしょう。,開放的な発信力と理想を追求する姿勢が評価され、社会で活躍するキャリアを築くでしょう。,肩書きや名声に執着せず内面的な真理に従うことで、周囲から心から尊敬される指導者としての地位を確立できます。,高い専門性やビジョンを持って社会を先導することに誇りを感じ、広い影響力を愛する配置。,あなたは、社会的な理想を追求し、自由な精神で広い世界に貢献するキャリアを築くことに深い喜びを感じます。高い専門性とビジョンを持って社会を先導することで、あなたらしい愛と価値を広く伝えていくことができるでしょう。
Venus,Sagittarius,11,理想を共有する仲間と、自由に未来を創造していく,理想を共有できる仲間と共に、自由な発想で未来のビジョンを描き、コミュニティを広げていくことを喜びます。,理想を共有する仲間と自由に交流し、未来に向けた楽しい企画を発想できる長所です。,理想ばかり追い求め計画が甘くなりがちなので、現実的な視点も持ち、着実に目標を立てると良いでしょう。,仲間の中では自由な親しさを広げ、グループに楽しい雰囲気をもたらす存在になりやすいでしょう。,自由な精神と理想を共有する仲間と、SNS運営やグローバルな活動で中心的な役割を担います。,個人の自由を大切にしながら共通の目的に協力することで、独自のビジョンが多くの仲間に支持され形になります。,世界中の仲間と理想の未来を語り合うことを楽しみ、博愛的なネットワークを愛する配置。,あなたは、理想を共有できる仲間と共に、自由な発想で未来のビジョンを描くことに大きな喜びを感じます。国境や属性を超えた広範なネットワークを築きながら、博愛的な精神で愛と価値を世界に広げていくでしょう。
Venus,Sagittarius,12,内なる探求を通して、精神的な自由と愛を見つける,内なる探求や瞑想を通して、精神的な自由や普遍的な愛を見出し、心の安らぎを得ることを大切にするタイプです。,内なる理想を大切にし、精神的な自由と豊かな想像力で愛情を育むことができます。,理想にばかり目を向け現実から逃避しがちなので、地に足をつけて、今ここにある幸せを見つけましょう。,表では控えめでも内面には大きな理想や愛情を抱きやすく、静かな優しさとして周囲に映りやすいでしょう。,豊かな想像力と精神の自由を活かし、芸術や癒やしの分野であなたの実力を発揮しやすいでしょう。,孤独を恐れず静かな場所で内面を整えることで、インスピレーションを現実で活かす知恵が湧いてくるでしょう。,内なる自由への憧れを瞑想や独り旅で静かに深め、宇宙的な意識と繋がることを密かに楽しむ配置。,あなたは、内なる探求や瞑想的な時間を大切にし、精神的な自由と普遍的な愛を見出すことに深い喜びを感じる人です。独り静かに宇宙の神秘に思いを馳せることで、あなたの魂に安らぎと豊かな価値をもたらしていくでしょう。
Venus,Capricorn,1,誠実な姿勢で自分を表現し、着実に愛と価値を築く,好きなものを着実に育むように、真面目な姿勢で自分を表現し、信頼できる印象を与える性質です。,落ち着いた魅力と責任感で、誠実に自分を表現し信頼関係を築く力があります。,感情を抑え込みがちで、時に打算的になることも。素直な気持ちを表現すると、周りとの関係が温かくなります。,落ち着いた魅力がにじみ、周りからは誠実で頼りになる人として受け入れられやすいでしょう。,強靭な精神力と責任感を持ち、品位と実力を兼ね備えたリーダーとして信頼を得やすいでしょう。,成功への執着を社会基盤への貢献に昇華することで、周囲から尊敬される真の指導力が覚醒するでしょう。,落ち着きと強い責任感が個性に表れ、目標を計画的に達成することに美徳と喜びを感じる配置。,あなたは責任ある立場を誠実に引き受け、節度ある規律の中で着実に成果を積み重ねることに喜びを見出します。その信頼される落ち着いた魅力は、周囲の人々に安心感を与え、揺るぎない愛と価値を育んでいくでしょう。
Venus,Capricorn,2,努力で才能を磨き、堅実な価値と豊かな愛を育む,好きなことへの努力を惜しまず、自分の才能を活かして、着実に財産と自己価値を築き上げるタイプです。,計画的に価値を積み上げる優れた構築力で、豊かな資産と安定した関係を築けます。,堅実さが行き過ぎて守銭奴になったり、変化を恐れて停滞しやすいため、新しい価値観も柔軟に受け入れてみましょう。,自分の価値観を現実的に大切にするため、周囲からは堅実で信頼できる人という印象を与えやすいでしょう。,着実な経済感覚と不屈の忍耐力で、伝統ある資産を扱う実務を通じて確かな富を築けます。,所有の不安を手放し社会の基盤維持に投資することで、揺るぎない豊かさと安定を手にできるでしょう。,確かな社会的実績や伝統的な資産を所有することに楽しみを覚え、実利的な富を愛する配置。,あなたは長期的な安定を見据え、歴史的・社会的価値を持つものを通じて確かな財産を築き上げることに喜びを感じます。堅実な価値観は、努力を惜しまぬ姿勢となり、あなたの才能を着実に豊かな愛と自己価値へと昇華させるでしょう。
Venus,Capricorn,3,着実に学びを深め、信頼される言葉で愛と価値を伝える,好きなことを深く学び、その知識を言葉にして、周りの人々と信頼に基づく交流を育むことを大切にします。,現実的な視点と計画性をもって伝え、信頼される言葉で相手を納得させる説得力に優れます。,悲観的な発言や批判的な思考に陥りがちです。ポジティブな視点を持つことで、心が軽くなり周囲との会話も弾みます。,言葉に節度と安定感がにじみ、きちんとした話し方をする信頼できる人として受け入れられやすいです。,論理的で正確な伝達力と調査能力を活かし、実務教育や組織運営の情報整理で影響力を発揮します。,表面的な速さより情報の整合性と実用性を重視することで、言葉に社会を動かす重みが宿るでしょう。,正確で役に立つ情報を秩序立てて伝えることに悦びを感じ、重みのある責任ある対話を好む配置。,あなたは実用的で論理的な情報の交換や、礼儀正しく秩序あるコミュニケーションを通じて、深い喜びを見出すでしょう。その信頼ある知性は、着実に学びを深め、人々に心から信頼される言葉で温かな愛と価値を伝えていく力となります。
Venus,Capricorn,4,安定した基盤を築き、家族や伝統に深い愛を注ぐ,好きなものを大切に育むように、安定した家庭を築き、心の土台となる家族や伝統に深い愛情を注ぎます。,安定した家庭を築き、家族や大切な人たちを守り育む責任感と構築力に恵まれています。,家庭内で感情を抑圧したり、支配的になりがちです。家族の意見を尊重し、穏やかな心で向き合うと、絆が深まるでしょう。,親しい人には責任ある愛情表現をするため、身内を支える頼もしい存在として信頼されやすいでしょう。,愛ある責任感で規律正しい安定した基盤を築き、伝統を重んじ家族や一族を支える役割で活躍できます。,家庭での管理欲を手放し家族の自立を尊重することで、内面から揺るぎない安心感が湧き上がるでしょう。,伝統を守る厳格で盤石な家庭環境を宝物とし、実務的な管理で家族を支えることを愛する配置。,あなたは伝統を重んじる規律ある家庭や、盤石な基盤の上に成り立つ安定した住環境を維持することに深い喜びを感じます。その強い家族への責任感は、安定した基盤を築き、心の土台となる家族や伝統に温かい愛情を注ぐ原動力となるでしょう。
Venus,Capricorn,5,目標を持って創造し、洗練された形で愛と喜びを表現する,好きなことには目標を持って取り組み、洗練された表現で楽しみや喜びを形にし、愛情を育むタイプです。,節度ある魅力と努力で愛情を深め、創造的な活動や楽しみを持続させる力があります。,恋愛において感情を抑制し、打算的になりやすいかもしれません。心のままに愛情を表現すると、関係がより豊かになります。,華美でなくても落ち着いた魅力がにじみ、周囲には品のある人として深く印象に残りやすいでしょう。,職人気質のこだわりと集中力を活かし、伝統芸能や建築など熟練を要する分野で卓越した才能を発揮します。,楽しみを不変の価値を創る自己修練と捉えることで、一時の閃きが歴史に残る実績へと昇華するでしょう。,結果が出る趣味や歴史ある芸術を嗜むことに悦びを覚え、格調高い自己表現を好む配置。,あなたは結果を伴う習い事や長期的な鍛錬を必要とする趣味、そして誠実な自己表現を通して深い喜びを得ます。目標を持って創造するその姿勢は、洗練された形で楽しみや喜びを形にし、あなたの愛情を豊かに育んでいくでしょう。
Venus,Capricorn,6,責任感を持って仕事に励み、実用的な愛と価値を生み出す,好きなことに責任感を持って取り組み、日々の仕事や習慣を通して、実用的な価値と喜びを生み出す性質です。,誠実に人の役に立つことを喜び、優れた管理能力と実務への愛情で着実に成果を出せます。,仕事で過労になりやすく、人間関係を管理しようとしがちです。適度な休息と、相手への信頼が心地よい毎日を築きます。,好意を実際の責任感や行動で示すため、誠実で何でも任せられる人として評価されやすいでしょう。,責任感を持って、日々の安定した業務を支える縁の下の力持ちとして活躍しやすいでしょう。,完璧主義のプレッシャーを抑え合理的な判断を実務に活かすことで、高いパフォーマンスを継続できるでしょう。,完璧なルーチンと実務的な責任を果たすことに喜びを感じ、有能な働き手であることを愛する配置。,あなたは整理された職場で自らの役割を完遂し、実務能力を活かして周囲に貢献することに大きな喜びを見出します。その責任感を持って仕事に励む姿勢は、実用的な愛と価値を生み出し、あなたの有能さを揺るぎない信頼へと変えていくでしょう。
Venus,Capricorn,7,誠実な態度で人と向き合い、信頼を築く愛を育む,好きなものを選ぶように、誠実な態度で人と向き合い、信頼に基づく対等なパートナーシップを育むことを大切にします。,責任感ある愛情で人との信頼関係を大切にし、堅実な努力で良好な絆を築ける才能があります。,対人関係で相手を支配しようとしたり、打算的になったりしやすいでしょう。素直な気持ちで接すると、心からの信頼が生まれます。,一対一の関係では真面目さと継続性を重視するため、長く付き合える誠実な相手として見られやすいでしょう。,社会的責任を伴うパートナーシップで自分を磨き、実力者との信頼に基づく契約で成果を出します。,相手を利用する欲求を手放し人格を尊重することで、依存を超えた真の協力関係を築けるでしょう。,社会的信頼をベースにした誠実な対人関係を求め、共に責任を背負える堅実な相手を深く愛する配置。,あなたは社会的信頼に基づいた誠実で長期的なパートナーシップや、共に責任を果たす堅実な関係を築くことに喜びを見出します。その誠実な態度で人と向き合う姿勢は、確固たる絆を育み、揺るぎない信頼に満ちた愛を創造していくでしょう。
Venus,Capricorn,8,責任感を持って深く関わり、本質的な愛と価値で変化を遂げる,好きなことには責任感を持って深く関わり、本質的な愛と価値を通じて、大きな変化と再生を経験するでしょう。,深い責任感と強い意志力で人と結合し、関係や状況をより良い方向へ再生させる力があります。,深い関係において権力や支配欲が顔を出すことがあります。相手を尊重し、寛容な気持ちを持つことで、穏やかな関係を築けます。,深い関係では簡単に揺らがない責任感を示し、人との間に重みのある信頼を築く傾向があります。,組織の深部や共有財産に関わり、重い責任を引き受け極限の課題を解決するリーダーとして活躍できます。,支配欲を社会全体の安定に転換し他者の期待に応えることで、精神的にも物質的にも豊かな成果を得られるでしょう。,共有資産や家系の伝統を厳格に管理することに楽しみを覚え、長期的な信頼の維持を愛する配置。,あなたは伝統ある資産の継承や管理、そして特定の相手との精神的に純化された規律ある深い交流に喜びを見出します。責任感を持って深く関わるその姿勢は、本質的な愛と価値を通じて、あなた自身に大きな変化と再生をもたらすでしょう。
Venus,Capricorn,9,高い目標のため探求し、専門的な愛と価値観を深める,好きな分野を深く探求し、高い目標を持って学問や哲学を追求することで、専門的な価値観と愛情を深めます。,現実に基づいた深い哲学を持ち、節度ある愛情と揺るぎない信念で学びを深められます。,思考が硬直して視野が狭くなりがちです。新しい知識や価値観を積極的に取り入れることで、世界が広がり心が豊かになります。,好きな相手には現実的で筋の通った価値観を共有しやすく、堅実で頼りがいのある人として映るでしょう。,実用的な哲学と探求心で、学問や法律分野の基盤を支え、論理的な新機軸を打ち立てる権威となるでしょう。,抽象的な理想を社会を安定させる具体的なルールに落とし込むことで、広い視野が人生を導く知恵となるでしょう。,社会の規律や古の知恵を真理として学ぶことに喜びを覚え、格調高い学びで魂を磨く配置。,あなたは社会の規律や古の知恵に基づいた体系的な真理、そして格式ある学びの場での交流に大きな喜びを見出します。高い目標のために深く探求するその姿勢は、揺るぎない信念と共に、あなたの専門的な価値観と愛情を一層深めていくでしょう。
Venus,Capricorn,10,社会で目標を達成し、責任ある愛と価値を発揮する,好きなことに真摯に取り組み、社会的な目標を着実に達成することで、責任感と価値ある役割を担うタイプです。,社会からの信頼を大切にし、統率力と構築力で大きな成果を出し、着実にキャリアを築けます。,社会的な評価に執着しすぎて、周囲に冷淡になったり、横柄な態度になりがちです。謙虚な姿勢で人に接すると、信頼を得られます。,社会的な場では信頼感そのものが魅力となり、落ち着いた頼れる存在として高く評価されやすいでしょう。,信頼性とこれまでの実績が評価され、社会的に確固たる地位を築きやすいでしょう。,名声への執着を捨てて内面の正義に基づいて行動することで、心から尊敬される高潔な指導者となれるでしょう。,社会的な成功や責任ある地位に就くことに強い悦びを感じ、実績に裏打ちされた名声に安らぐ配置。,あなたは社会的な地位や名声を確立し、秩序ある環境で指導的な役割を果たすことに深い喜びを感じます。その成功への真摯な取り組みは、社会的な目標を着実に達成し、責任ある愛と価値を広く発揮していく原動力となるでしょう。
Venus,Capricorn,11,仲間と共に目標を達成し、喜びと価値を分かち合う,好きなことを共有できる仲間と共に、未来の目標を達成することで、喜びと価値を分かち合うことを大切にします。,組織や仲間からの信頼を得て、計画的な交流で長く安定した友情を育む力があります。,集団や組織の中で支配的になったり、閉鎖的な考えになりやすいでしょう。多様な意見に耳を傾けることで、調和が生まれます。,仲間の中では計画性と誠実さが際立ち、グループ全体をしっかりと支える頼れる存在になりやすいでしょう。,卓越したネットワークと現実的ビジョンで、社会システムを変える大規模プロジェクトを成功させます。,既存の停滞を合理性と責任感で打破し、実力者が評価される連帯を築くことで、理想が実現するでしょう。,志の高い実力派の仲間と現実的な未来を語ることを楽しみ、秩序あるネットワークを愛する配置。,あなたは志の高い実力者たちのコミュニティで具体的な社会改善を計画することや、秩序ある友人関係を通じて大きな喜びを得ます。有能な参謀として、仲間と共に未来の目標を達成し、価値ある喜びを分かち合うことに心を尽くすでしょう。
Venus,Capricorn,12,内面の安らぎを深め、静かに目標達成の喜びを味わう,好きなものを静かに育むように、内面の安らぎを深め、見えない努力を重ねて目標を達成する喜びを味わいます。,静かな忠誠心と精神的な忍耐力があり、長く深く愛情を育み内面の安定を保てます。,感情を抑圧し、孤立したり悲観的になりやすい傾向があります。自分の内面と向き合い、心安らぐ時間を持つことが大切です。,表向きは控えめでも内面には深い誠実さを秘め、静かに長く思い続ける深い人として映るでしょう。,目に見えない社会のエネルギーを扱い、精神世界探求や裏方の環境整備で絶大な力を発揮します。,内なる孤独を徹底的に浄化することで、潜在意識にある宇宙の秩序を現実で活かす力を得られるでしょう。,内なる強い自律心を一人の時間で静かに整え、人知れず責任を果たすことを密かに慈しむ配置。,あなたは一人で静かに情報の整理や研究を行うこと、そして人知れず社会を支える奉仕活動を行うことに深い喜びを見出します。高い忍耐力を秘め、内面の安らぎを深めながら、見えない努力の先にある目標達成の喜びを静かに味わうでしょう。
Venus,Aquarius,1,個性を輝かせ、自分らしい愛と価値を創造する,好きなものを自由に表現することで、個性的な魅力が輝き、周囲に独自の第一印象を与えるタイプです。,独自の魅力と自立心で、自由な発想を活かして自分らしく輝く表現力に優れています。,個性を追求するあまり、反骨精神が強まり孤立しやすいため、周囲との調和も意識すると、より良い自己表現に繋がります。,個性的でさっぱりした魅力がにじみ、自由で親しみやすい人として周囲に受け入れられやすいでしょう。,独創的で洗練された魅力を持ち、自由な発想と公平な社交性で独自の自己像を確立します。,個性を追求しつつ客観的なバランス感覚を持つことで、あなたの美学が社会に広く受け入れられるでしょう。,独特な感性とクールな自立心が個性に表れ、特定の枠に縛られない自由な在り方を愛する配置。,あなたは独自のユニークな視点を持ち、誰にも縛られない自由で自立した個性を確立することに深い喜びを見出します。その客観的で友好的な魅力は、あなたの個性を輝かせ、自分らしい愛と価値を創造する第一歩となるでしょう。
Venus,Aquarius,2,自由な発想で才能を活かし、新しい価値を創造する,好きなことには自由な発想で取り組み、独自の才能を活かして新しい価値と収入を生み出す性質を持っています。,独自の価値観と革新的な感覚を持ち、自由な発想で新しい価値を生み出す才能があります。,価値観が極端になり、収入面で不安を感じやすい傾向があります。柔軟な考え方で、多様な豊かさを受け入れると安心です。,自分の価値観や好みをはっきり持ち、他人に流されない個性的な人という印象を与えやすいでしょう。,革新的な価値基準と合理性で、デジタルや最新技術を収益に変え、独自の基盤を築くでしょう。,物質的な所有に固執せず情報共有や付加価値を重視することで、大きな豊かさが舞い込むでしょう。,革新的な方法や独自のネットワークで稼ぐことに喜びを感じ、自由を確保するための富を愛する配置。,あなたは革新的な方法やネットワークを駆使した経済活動、そして所有にこだわらない自由な資産形成に喜びを見出します。自立を好む自由な発想で才能を活かし、社会に新しい価値を創造していくことに充実感を得るでしょう。
Venus,Aquarius,3,自由な視点で学びを深め、新しいアイデアを発信する,好きなことを自由に学び、ユニークな視点で情報を発信することで、新しいアイデアを共有するタイプです。,自由な発想と知的な魅力で、多様な人々と交流し、新しいアイデアを生み出す力があります。,奇抜な発言や極端な思考に走り、共感を得にくいことがあります。相手の気持ちを想像して話すことで、円滑なコミュニケーションを築けます。,会話に独自性と軽やかさがあり、知的に刺激を与えてくれる面白い相手として見られやすいでしょう。,論理的で洗練された言葉と情報処理能力で、SNSや広報など情報の整理で影響力を発揮します。,表面的な交流に留まらず普遍的な美を発信することで、あなたの説得力が社会を動かす力となるでしょう。,常識を打ち破る斬新な情報を発信することに悦びを見出し、フラットで知的な交流を楽しむ配置。,あなたは常識に囚われない情報の交換や、インターネットを通じた広範でフラットなコミュニケーションに深い喜びを感じます。その先進的な知性は、自由な視点で学びを深め、新しいアイデアを世界に向けて発信していく原動力となるでしょう。
Venus,Aquarius,4,自分の居場所を自由に作り、心の安らぎを大切にする,好きな空間を自由に作り上げ、既成概念にとらわれず、自分らしくいられる居場所と心の安らぎを大切にします。,自立した愛情と革新的な感覚で、自分らしい自由な居場所や家庭を築くことができます。,家庭を疎かにしたり、感情表現が希薄になり孤立しがちです。家族との心の繋がりを大切にすることで、温かい居場所が生まれます。,親しい相手にも適度な自由を大切にするため、風通しの良いさっぱりした関係を築きやすいでしょう。,自由で風通しの良い、個々の自立を尊重する家庭を築き、それが心の安定へと繋がるでしょう。,既存の家庭観に縛られず理想の居場所をデザインすることで、あなたの内面的な活力が最大化されるでしょう。,個々の自由を尊重し合う開放的な家庭に楽しみを感じ、ユニークな家族関係を慈しむ配置。,あなたは個々のプライバシーを尊重し合う自由な家庭や、最先端技術を取り入れた合理的な居場所に深い喜びを感じます。既成概念にとらわれず、自分らしくいられる独自の居場所を自由に作り上げることで、心の安らぎを大切にするでしょう。
Venus,Aquarius,5,自由な発想で創造し、自分らしい喜びを表現する,好きなことを自由な発想で創造し、型にはまらない自分らしい表現で、喜びや楽しみを分かち合うタイプです。,独創的な表現力と友情の魅力で、個性を活かした自由な愛と喜びを分かち合えます。,恋愛において、奇抜な関係や距離感が生まれやすく、気まぐれになりがちです。相手との心の距離を縮めることで、深い愛情が育まれます。,愛情表現にオリジナリティが光り、型にはまらない個性的な魅力を持つ人として印象に残りやすいでしょう。,斬新なセンスと遊び心を活かし、デジタルアートや創作分野で自由な発想の才能を爆発させるでしょう。,楽しみを創造の限界を超える自己表現と捉えることで、一時の閃きが歴史に残る実績へと昇華するでしょう。,最新技術や個性的な趣味を楽しみ、自らの独創性を客観的な視点で表現することに悦びを得る配置。,あなたは独創的なデジタルアートや最新の趣味、そして友愛に基づいた自律的な恋愛を通して深い喜びを得ます。自由な発想で創造し、型にはまらない自分らしい表現で、喜びや楽しみを分かち合うことに充実感を見出すでしょう。
Venus,Aquarius,6,日常業務に新風を吹き込み、働きがいを見出す,好きなことには独自の視点で取り組み、日々の仕事や習慣に新風を吹き込み、働きがいを見出す性質です。,革新的な視点と分析力で実務を改善し、協力的な交流から新しい働きがいを生み出せます。,仕事で反骨精神が強すぎたり、協調性に欠け不安定になりやすいでしょう。チームワークを大切にすると、より大きな成果に繋がります。,日常や仕事の中でもさっぱりと好意を示し、誰とでも気楽に関われるフレンドリーな人として見られやすいです。,独自のやり方で業務を改善することを得意とし、周囲に新しい風を吹き込む力があります。,完璧主義のプレッシャーを抑え先見性を実務に活かすことで、高いパフォーマンスを継続できるでしょう。,合理的なシステムや人道的なプロジェクトの中で働くことに喜びを感じ、現場の改革を愛する配置。,あなたは合理的なシステムの中で自律的に働くことや、社会貢献度の高い革新的な実務に深い喜びを感じます。その効率化の才能を活かし、独自の視点で日々の仕事や習慣に新風を吹き込むことで、大きな働きがいを見出すでしょう。
Venus,Aquarius,7,自由な関係性を築き、対等なパートナーシップを楽しむ,好きな人とはお互いを尊重し、型にとらわれない自由で対等な関係性を築き、パートナーシップを楽しむタイプです。,自由で対等な関係を好み、深い理解と友情の気持ちで愛情を育むことができます。,対人関係で距離を取りすぎたり、感情が希薄になりやすいかもしれません。心を開いて寄り添うことで、深い絆を築きやすくなります。,一対一の関係でも対等さと自由を大切にするため、心地よい距離感が上手な相手として映りやすいでしょう。,公平な社交性と精神性を求めるパートナーシップを通じて、自立した個同士で信頼を築きます。,相手をコントロールする欲求を手放し真実の姿を尊重することで、依存を超えた真の絆を築けるでしょう。,自立した親友のような対人関係に魅力を感じ、依存のないクールで自由な絆を深く愛する配置。,あなたは依存のない自立したパートナーシップや、公平で友愛的な協力関係を築くことに深い喜びを感じます。お互いを尊重し、型にとらわれない自由で対等な関係性を築くことで、真に豊かなパートナーシップを楽しむことができるでしょう。
Venus,Aquarius,8,変化を恐れず、深い絆の中で新たな価値を見出す,好きなことには深く関わり、変化を恐れずに仲間と資源を共有することで、新たな価値を見出す性質です。,心理を革新する深い洞察力と魅力があり、関係や状況を再生する新しい価値を見出せます。,極端な思想に傾き、孤立したり、時には破壊的な衝動に駆られがちです。心の平穏を保ち、建設的な変化を目指すと良いでしょう。,深い関係でも自分らしさを失わず、独特の距離感を保ちながら確かな信頼を築く傾向があります。,共有データやネットワークの管理、人類の無意識に関わる領域で、美的センスと管理能力を発揮します。,支配欲を情報共有と変容のエネルギーに変え、公平なリーダーとなることで、強大な影響力を持てるでしょう。,共有するシステムや理念に知的な絆を感じ、共通の目的を通じた合理的な融合を慈しむ配置。,あなたは共有されるシステムや理念の改善に関わること、そして特定の相手と知的で革新的な融合を図ることに深い喜びを感じます。変化を恐れずに仲間と資源を共有することで、深い絆の中で新たな価値を見出し、心からの充足を得るでしょう。
Venus,Aquarius,9,自由に理想を追い求め、新たな真理を発見する,好きなことを自由に探求し、独自の視点から学問や哲学を深め、新しい真理や理想を発見するタイプです。,理想を共有する探究心と自由な愛情で、真理を探究し、視野を広げられる力があります。,思想が極端になり、伝統を否定したり、理念が暴走しがちです。多様な意見を取り入れ、柔軟な視点を持つと、バランスが取れます。,好きな相手には独自の思想や視点を共有しやすく、刺激的な対話を楽しめる個性的な人として映るでしょう。,高い美意識と客観的な探求心で、学問や先進的思想分野において独自の美学に基づいた思想を築けます。,抽象的な理想を対立解消の仕組みに落とし込むことで、広い視野が社会を導く力強い知恵となるでしょう。,博愛主義や宇宙的な法則を学ぶことに悦びを覚え、人類の進歩に貢献する思想を愛する配置。,あなたは博愛主義的な思想や宇宙の法則を学び、未来を俯瞰するような視点を共有することに深い喜びを見出します。広い視野で自由に理想を追い求め、独自の視点から学問や哲学を深めることで、新たな真理を発見していくでしょう。
Venus,Aquarius,10,社会に新しい価値を提供し、独自のキャリアを築く,好きなことに独自の視点で取り組み、社会に新しい価値を提供することで、自分らしいキャリアを築いていくでしょう。,社会に新しい価値をもたらす企画力と、個性的な魅力で独自のキャリアを築けます。,権威に反発しやすく、社会的な評価で衝突したり、組織を離脱しがちです。自分の意見を伝えつつ、協調性を持つと道が開けます。,社会的な場では個性そのものが魅力となり、周囲に新鮮で知的な印象を与えやすいでしょう。,独自性や新しさが評価されやすく、個性を活かした自分らしいキャリアを築いていけるでしょう。,名声への執着を捨て内面の普遍的な真理に基づいて行動することで、心から尊敬される指導者となれるでしょう。,革新的な活動を通じて社会的な役割を担うことに誇りを感じ、自由なリーダーシップを愛する配置。,あなたは革新的な活動で社会に新たな価値を提示し、ネットワーク型リーダーシップを発揮することに深い喜びを見出します。時代の先駆者として、独自の視点で社会に貢献することで、あなたらしいキャリアを着実に築き上げていくでしょう。
Venus,Aquarius,11,理想を共有する仲間と、新しいコミュニティを創る,好きなことを共有する仲間と共に、未来の理想に向かって新しいコミュニティを創造していくことに喜びを感じます。,友情を大切にし、未来志向の企画力で新しいコミュニティを築き、皆を魅了します。,理想を追い求めすぎて集団から孤立したり、独走しがちです。仲間と協力し、現実的な視点も持つことで、目標達成に近づけます。,仲間の中では友情ベースの親しさを広げ、グループに新鮮で自由な空気をもたらす存在になりやすいでしょう。,ネットワーク力と自由な精神を活かし、社会を変える大規模な共同体でリーダーとして活躍します。,既存の腐敗を透明性と公正さで打破し、全員が対等な連帯を築くことで、理想が実現するでしょう。,志を同じくする世界中の仲間との交流を楽しみ、ネットワークを通じて未来を共に夢見る配置。,あなたは人類の進化や社会変革を夢見る自由な仲間との交流、そしてフラットな組織活動に深い喜びを感じます。理想の未来を描きながら、好きなことを共有する仲間と共に、新しいコミュニティを創造していくことに情熱を注ぐでしょう。
Venus,Aquarius,12,内なる自由を追求し、心の奥底で喜びを見出す,好きなことへの探求を通して、心の奥底にある自由と喜びを見出し、内面の癒しや手放しを体験するタイプです。,秘めた自由な心と精神的な革新性があり、想像力豊かな愛情で内面を豊かにできます。,現実離れした思考に陥りやすく、孤立して心が混乱しがちです。地に足をつけて現実と向き合うことで、心の平穏を取り戻せます。,表向きは控えめでも内面に自由な愛情観を抱き、どこか掴みきれない魅力的な人として映るでしょう。,目に見えない情報の流れを捉え、精神世界や裏方の環境整備で絶大な力を発揮しやすいでしょう。,内なる孤独を徹底的に浄化することで、潜在意識にある宇宙の知恵を現実で活かす力を得られるでしょう。,人類全体の幸福への祈りを一人の時間で静かに深め、目に見えない次元の革命を密かに慈しむ配置。,あなたは一人でインターネットの世界を探索することや、未来予測、宇宙の神秘に思いを馳せる静かな時間に深い喜びを見出します。その独創的な内面は、好きなことへの探求を通して、心の奥底にある自由と喜びを見出し、あなた自身の癒しへと繋がるでしょう。
Venus,Pisces,1,他者と共感し、自分らしい豊かな愛情を育む,好きなものを慈しむように、共感力豊かに自分を表現し、周囲に温かく魅力的な第一印象を与えるタイプです。,柔和な魅力と豊かな共感力で、直感的に愛情を表現し、穏やかな関係を築く才能があります。,自分と他者の境界が曖昧になり、感情が混乱し自己表現が難しくなりがちです。自分の意見をはっきり伝える練習をしてみましょう。,やわらかく優しい魅力が自然ににじみ、誰からも親しみやすい温かい人として見られやすいでしょう。,深い共感力と豊かな想像力を活かし、福祉や芸術、カウンセリング分野で個性を輝かせるでしょう。,境界線を保ち感受性を信頼することで、周囲に振り回されず本来の癒やしの力を発揮できるでしょう。,境界線のない柔らかな共感力が個性に表れ、全てを許し受け入れることに最高の悦びを感じる配置。,あなたは周囲の感情を繊細に感じ取り、境界のない深い優しさを自己表現の核とすることに大きな喜びを感じます。その共感力豊かな魅力は、あなたらしい豊かな愛情を育み、温かく周囲の人々を惹きつけるでしょう。
Venus,Pisces,2,共感力を活かし、精神的な豊かさと価値を創造する,好きなことへの感受性を活かし、共感力を通じて、心の豊かさや精神的な価値を創造していく性質です。,豊かな感性と芸術性で心の価値を創造し、共感を通じて人々に喜びをもたらす力があります。,価値観が曖昧になり、衝動的な浪費や他者への依存に繋がりやすい傾向があります。自分の選択に自信を持つことが大切です。,自分の価値観に感性や情緒が強く結びつき、優しく包み込むような雰囲気を与える傾向があります。,優れた直感と感受性を活かし、芸術や癒やしなど精神的価値を収益に変えて経済的な安定を築けます。,物質的な豊かさだけでなく内面の充足感を大切にすることで、経済的な安心と心の平安を手に入れられます。,形に囚われない愛や徳を価値の核に置き、流れに身を任せて受け取る豊かさを愛する配置。,あなたは直感に従った経済活動や、目に見えない価値、芸術的な対象への投資に深い喜びを見出します。感受性と共感力を活かすことで、心の豊かさと精神的な価値を創造し、それがあなた自身の豊かさを引き寄せるでしょう。
Venus,Pisces,3,感受性豊かに学び、心温まる言葉で表現する,好きなことを感受性豊かに学び、心温まる言葉で表現することで、人との優しい交流を深めるタイプです。,豊かな感性で対話し、想像力あふれる表現で相手の心に寄り添い深く理解する力があります。,思考が混乱しやすく、曖昧な発言で誤解を招きがちです。情報を整理し、伝えたいことを明確に意識すると、スムーズに話せます。,言葉にやさしさや想像力がにじみ、感覚的に通じ合える温かい相手として周囲に好まれやすいでしょう。,豊かで情緒的なコミュニケーション力で、詩作や物語、優しい教育の場で人々の信頼を築くでしょう。,直感的な閃きを論理的に整理して伝えることで、あなたの説得力が多くの人の心に深く届く知恵となるでしょう。,詩的で幻想的な言葉を交わすことに楽しみを見出し、日常の交流に神秘的な彩りを添える配置。,あなたは詩的で感覚的な言葉のやり取りや、イメージ豊かな情報の収集に深い喜びを感じます。その感受性豊かな学びと表現力は、心温まる言葉を通じて人との優しい交流を深め、周囲に癒しをもたらすでしょう。
Venus,Pisces,4,心安らぐ家庭を築き、家族への深い愛情を育む,好きなものを大切にするように、家族への深い愛情を育み、心安らぐ居場所を築くことを喜びとするタイプです。,家族に深く共感し、包容力と癒しの愛情で、温かく安らげる家庭を築く才能があります。,家庭に依存しすぎたり、感情が混乱し、家族との境界が曖昧になりがちです。自立心を育むことで、より健全な関係を築けます。,親しい人には特に情の深さが表れ、そばにいるだけで癒やしや安心を与える存在になりやすいでしょう。,献身的で愛情深い家庭を築き、在宅での福祉や癒やし、家族の心のケアで実力を発揮するでしょう。,他者の感情を吸収しすぎず静かな時間を確保することで、情緒的な安定と深い安らぎを維持できるでしょう。,霊的な安らぎに満ちた境界線のない家庭を宝物とし、家族を無条件に愛することを慈しむ配置。,あなたはすべてを包み込む慈愛に満ちた家庭や、精神的な静寂を保てる聖域のような居場所に深い喜びを見出します。家族への深い愛情を育み、心安らぐ居場所を築くことで、あなた自身もまた深い安らぎを得るでしょう。
Venus,Pisces,5,豊かな想像力で創造し、感動と喜びを分かち合う,好きなことを豊かな想像力で創造し、人々との感動や喜びを分かち合うことで、愛情を表現するタイプです。,夢幻的な魅力と豊かな芸術性で、ロマンあふれる表現を楽しみ、感動を分かち合えます。,恋愛において幻想を抱きやすく、感情が迷走して自己を見失いがちです。現実を見つめ、自分を大切にすることで、真実の愛を育めます。,愛情表現に夢やロマンが込められ、印象的でやわらかな魅力として周囲の心に残りやすいでしょう。,溢れる想像力と繊細な表現力で、音楽や映像など夢のあるクリエイティブ分野で才能を開花させます。,楽しみを自己満足で終わらせず形に残すことで、インスピレーションが価値ある作品へと昇華するでしょう。,夢や空想の世界で自由に創作活動を楽しみ、神秘的な悦びに浸る自己表現を愛する配置。,あなたは幻想的なアートやロマンチックな恋愛、そして想像力豊かな遊びを通して深い喜びを得ます。その高い芸術性と豊かな想像力で創造したものは、人々と感動や喜びを分かち合い、あなたの愛情を優しく表現するでしょう。
Venus,Pisces,6,奉仕の心で人を癒し、調和のとれた日々を送る,好きなことには奉仕の心で取り組み、人を癒す役割を果たすことで、調和のとれた日々を送ることを大切にします。,献身的な愛情と共感力で人々を癒し、奉仕の心で調和の取れた日常を築くことができます。,自己犠牲的になりやすく、疲労が蓄積し現実逃避しがちです。自分の心と体を労わり、適度に休息をとることで、心身のバランスが保たれます。,相手に寄り添う形で好意を示すため、やさしく献身的な温かい人として周囲に見られやすいでしょう。,人への共感力と柔軟性を活かし、日々の業務をスムーズに進めやすいでしょう。,周囲の期待に応えようと自分を後回しにせず、安定した高いパフォーマンスと健康な生活を両立できます。,苦しむ人への献身的な奉仕やケアに深い悦びを覚え、職場を愛で満たして働く配置。,あなたは献身的な奉仕や癒しに関わる実務、そして精神的な調和を重視する日々のルーチンに深い喜びを見出します。その慈悲深い働きは、奉仕の心で人々を癒し、あなた自身の調和のとれた日々へと繋がっていくでしょう。
Venus,Pisces,7,相手に深く共感し、愛情あふれる関係を築く,相手に深く共感し、愛を育むことで、理想的で平等なパートナーシップを築いていくタイプです。,相手の気持ちに深く共感し、温かい包容力で癒しのある関係を築き続けるのが強みです。,人との関係で境界が曖昧になり依存しがちなので、自分らしさを大切にすると調和しやすくなります。,一対一の関係では相手に深く共感し、包み込むような優しさで受け入れやすいでしょう。,深い共感力と社交性を武器に、対話やパートナーシップの場で活躍するでしょう。,相手の影響を強く受けすぎないよう自立心を養うことで、刺激を与え合える持続可能な関係が構築できます。,パートナーとの魂レベルでの一体感を求め、互いを許し救い合う境界線のない愛を深く愛する配置。,あなたはパートナーと魂が深く共鳴し合うような、理想的な愛の関係性を求めるでしょう。互いの存在を癒やし、許し合う献身的な絆を育むことで、限りない喜びと一体感を感じられます。
Venus,Pisces,8,深い共感力で相手と繋がり、魂の変容を経験する,人との深い心の繋がりを求め、互いの魂を分かち合うことで、自己の変容を経験するでしょう。,相手の深い感情に寄り添い、魂の繋がりを感じさせるような心地よい癒しを与えられます。,深く共感するあまり感情が極端になりがちなので、客観的な視点を持つことで安定しやすくなります。,深く心を通わせる関係では、情緒的な一体感を求め絆を育む傾向があるでしょう。,本質を見抜く直感力と癒やしの力で、深い信頼関係を築く仕事で活躍するでしょう。,他者と深く融合する恐れを捨て変容を受け入れることで、個人の力を超える大きな癒やしを社会にもたらせるでしょう。,他者と感情的に完全に溶け合うことに喜びを感じ、深い慈悲を通じた浄化と再生を慈しむ配置。,あなたは他者との深い心理的融合の中に、この上ない愛と喜びを見出すでしょう。目に見えないエネルギーを分かち合うことで、互いの魂が浄化され、自己の変容を経験する豊かな関係性を築きます。
Venus,Pisces,9,精神的な探求を深め、普遍的な愛と価値を見出す,精神的な探求や学びを深め、普遍的な愛や価値観を追求することで、心の豊かさを育むタイプです。,豊かな想像力と深い共感力で、理想の愛や普遍的な価値を見出し学びを深めます。,理想を追い求めすぎて現実から逃避しがちなので、地に足をつけて考えることで道が開けるでしょう。,好きな人とは理想や精神性を分かち合い、豊かな感性を魅力として示しやすいでしょう。,高い理想と探求心で、世界に癒やしをもたらす思想を広める役割を担うでしょう。,直感的な知識を現実的な行動に落とし込む意識を持つことで、広い視野が社会を導く力強い知恵へと進化します。,宇宙的な愛や神秘を真理として学ぶことに悦びを覚え、境界線を消していく精神世界を愛する配置。,あなたは普遍的な愛や霊的な真理を探求する旅に、尽きることのない喜びと心の豊かさを見出すでしょう。精神的な彷徨さえも肯定し、あらゆる境界線を超えた慈愛へと辿り着く崇高な学びを人生の糧とします。
Venus,Pisces,10,奉仕の精神で社会に貢献し、心の豊かさを広げる,人々の役に立つ仕事や社会貢献を通して、心からの喜びと高い評価を得ていくでしょう。,持ち前の包容力と癒しの魅力で社会に貢献し、心地よい人間関係を広げられます。,他者の評価に依存し現実逃避しやすい傾向があるため、自分の価値観を信じることが大切です。,社会的な場でも柔らかな魅力と包容力で、多くの人から自然と好感を持たれやすいでしょう。,優しさや豊かな感性が評価され、支援的な立場で社会からの信頼を得やすいでしょう。,肩書きや名声に執着せず内面的な真理に従うことで、周囲から心から尊敬される指導者としての地位を確立できます。,癒やしや福祉の分野で社会的な顔を持ち、人々の心の拠り所となる役割を愛する配置。,あなたは芸術や医療、福祉など、人々を癒やす公的な役割を果たすことに大きな喜びと充実感を得るでしょう。社会に慈愛を提供することで多くの人に慕われ、自身の心の豊かさも大きく広がっていきます。
Venus,Pisces,11,仲間と心を通わせ、理想を分かち合う喜びを味わう,共通の理想を持つ仲間と深く共感し合い、共に未来を創造していくことに喜びを感じるでしょう。,仲間と深く共感し合い、想像力豊かな企画で未来を共に創造できるのが長所です。,仲間との境界が曖昧になり集団に依存しやすいので、自分の意見もしっかり持つと良いでしょう。,仲間には深く共感して接し、その優しい人柄で集まりの場を和ませる存在になりやすいでしょう。,理想を分かち合う仲間と共に、福祉やグローバルな活動で中心的な役割を担います。,個人の自由を大切にし共通の目的に協力する姿勢で、独自のビジョンが多くの仲間に支持され形になります。,人類の平和を共に夢見る仲間との交流を楽しみ、癒やしのビジョンを共有することに喜びを得る配置。,あなたは理想の平和を夢見る優しい仲間たちと心を通わせ、深い共感の中に喜びを見出します。共に境界のないネットワークを築き、人類の癒やしと未来を創造していくことに、人生の大きな充実感を得るでしょう。
Venus,Pisces,12,共感力で心の内側を深く愛し、見えない価値を大切にする,自分自身の心の奥深くにある感情を深く愛し、見えない世界や精神的な豊かさを大切にするタイプです。,鋭い直感と深い共感力で心の内側を癒し、見えないものに愛を見出すことができます。,現実から逃避し自分を見失いがちなので、内省しつつも現実世界との繋がりを意識すると安心です。,表には出にくいものの、深い愛情と共感で相手を静かに受け止める優しい人として映るでしょう。,豊かな想像力を活かし、芸術や癒やしを通じて見えない価値を形にする才能を発揮します。,孤独を恐れず静寂で内面を整える習慣を持つことで、宇宙的なインスピレーションを現実で活かす知恵が湧きます。,宇宙との一体感や孤独な祈りの中に深い喜びを感じ、目に見えない愛の次元を密かに慈しむ配置。,あなたは深い瞑想や静かな祈りを通して、宇宙との一体感に包まれるような至福の喜びを感じるでしょう。自身の心の奥深くにある感情や、目に見えない精神的な豊かさを慈しむことで、内なる世界が満たされていきます。
Mars,Aries,1,新しい挑戦で自分を表現し、行動力で道を切り開く,自分の直感を信じ、新しいことへ情熱的に挑戦することで、自分らしい魅力を輝かせていくでしょう。,自分の直感を信じて即座に行動でき、新しい道を切り開く突破力と闘志が強みです。,自分の意見を主張しすぎて衝動的になりがちなので、一呼吸置いてから行動すると円滑に進みます。,自己主張がまっすぐ表に出やすく、率直で勢いのある行動派として周囲から見られやすいでしょう。,圧倒的な行動力と決断力で、新規事業やリーダーシップが必要な場で個性を輝かせるでしょう。,一時の衝動に流されず周囲との調和を図る意識で、持ち前の推進力がより確実な成果へと結びつきます。,圧倒的な瞬発力と勇気が自己表現の核となり、常に先頭を切って道を切り拓く配置。,あなたは純粋な衝動と直感を信じ、新しい挑戦へと情熱的に飛び込むことで、自分らしい魅力を爆発的に輝かせます。開拓者精神にあふれ、誰よりも早く道を切り拓く瞬発力で、独自の自己表現を確立するでしょう。
Mars,Aries,2,積極的な行動で才能を開花させ、新たな価値を創造する,自分の才能や能力を活かすために積極的行動を起こし、豊かな財産や自己価値を築くでしょう。,誰にも頼らずスピーディーに物事を実行し、自らの行動で価値を生み出す力があります。,欲しいものを衝動的に判断して浪費しやすいので、本当に必要か冷静に見極める習慣が大切です。,自分の価値観や立場をはっきりと打ち出すため、芯の強い頼れる人という印象を与えやすいでしょう。,積極的な開拓精神と稼ぐ才能を活かし、実力主義の営業や起業で基盤を築くでしょう。,衝動的な支出を抑え長期的な資産形成を学ぶことで、経済的な安定と精神的な余裕を同時に手に入れられます。,自らの実力で即座に稼ぎ出すことに全力を注ぎ、欲しいものを瞬時に手に入れる配置。,あなたは自らの才能と能力を信じ、積極的な行動力で豊かな財産と自己価値を築き上げていくでしょう。自分の力で資源を勝ち取り、経済的な自立を確立することに情熱を燃やすことで、大きな喜びを感じます。
Mars,Aries,3,好奇心に従い学びを深め、行動力で情報を発信していく,新しいことへの好奇心に突き動かされ、学んだ知識をすぐに自分の言葉で発信していくタイプです。,瞬発力と機動性を活かして情報を素早く捉え、自分の考えを積極的に発信できます。,気持ちが焦ると短絡的な思考になりがちです。言葉を発する前に一拍置くことで、誤解を防ぎやすくなります。,言葉や反応に瞬発力があり、テンポの速い活発でエネルギッシュなコミュニケーションを好むでしょう。,迅速な情報処理と積極的な対話力で、メディアや教育の場で信頼を築いていけるでしょう。,断定的な物言いを避け相手の意見に耳を傾けることで、持ち前の説得力が洗練され円滑な関係を生み出します。,ひらめきを即座に言葉の攻撃力に変え、スピーディーな知性で周囲を圧倒する配置。,あなたは新しいことへの旺盛な好奇心に突き動かされ、学んだ知識を即座に自分の言葉で発信していくでしょう。刺激的な情報収集と迅速な議論・交渉において鋭い行動力を発揮し、周囲を魅了する知性を輝かせます。
Mars,Aries,4,自分の基盤を積極的に開拓し、安心できる居場所を作る,自分の内なる情熱に従い、安心できる居場所や揺るぎない心の基盤を自ら積極的に築いていくでしょう。,持ち前の決断力と行動本能で、自ら安心できる居場所や基盤を築き守り抜けます。,家庭内で意見が衝突しがちなので、相手の気持ちを尊重し、穏やかに話し合うことを心がけると良いでしょう。,身近な相手には特に率直で、大切な人を守るために強い責任感を発揮しやすいでしょう。,強い行動力と決断力で、基盤を守るための改革や安全を確保する実務で力を発揮します。,家庭内での議論を勝ち負けでなく共感で話すことで、安心できる居場所と良好な人間関係を維持できるでしょう。,家庭内での主導権を激しく奪い合い、自らの手で独自の居場所を死守する配置。,あなたは内なる情熱に従い、安心できる居場所や揺るぎない心の基盤を自らの手で積極的に築いていくでしょう。家庭においても主導権を確保し、自分の理想とする住環境をダイナミックに刷新していくエネルギーを持っています。
Mars,Aries,5,情熱を持って創造性を発揮し、自らを表現して楽しむ,自分の創造性を情熱的に表現し、好きなことや恋愛を心から楽しみ、人生を謳歌するタイプです。,燃えるような情熱と表現力で創造性を発揮し、ここぞという時の勝負強さがあります。,恋愛で衝動的に行動し、自己顕示欲が強くなりがちです。相手の気持ちを考えることで調和しやすくなります。,自分らしさを前面に押し出しやすく、情熱的で存在感があり魅力的な人物として印象に残るでしょう。,斬新なアイデアと遊び心を活かした自己表現で、クリエイティブな分野で才能を発揮します。,楽しみを論理で固めすぎず感性のままに表現する時間を設けることで、閃きが多くの人に届く作品へと昇華されます。,勝負事や創作に情熱を爆発させ、負けず嫌いな姿勢でドラマチックに自己を押し出す配置。,あなたは自身の創造性を情熱的に表現し、好きなことや恋愛を心から楽しみながら人生を謳歌するでしょう。リスクを恐れず勝負事に挑み、独創的な自己表現を通して圧倒的な生命力を輝かせます。
Mars,Aries,6,日々の業務に意欲的に取り組み、新しい働き方を追求する,日々の仕事や生活習慣に対し情熱的に向き合い、新しい方法をどんどん取り入れて効率化を図るでしょう。,日々の実務に集中して意欲的に取り組み、効率的に改善できる行動力が光ります。,仕事で短気になり独断で進めがちなので、周囲と協力し、休憩を挟んで効率化を図ると良いでしょう。,日々の行動で率先して信頼を示し、周囲からは頼れる実務的な存在として見られやすいでしょう。,意欲的な行動力で日々の業務を積極的に推し進め、新しい働き方を発揮しやすいでしょう。,焦りによるミスを防ぐ丁寧な確認作業をルーチン化することで、高い実務能力が職場での揺るぎない信頼に繋がります。,現場の課題を強引なまでの突破力で解決し、多忙な業務を圧倒的なスピードで片付ける配置。,あなたは日々の仕事や生活習慣に情熱的に向き合い、新しい方法をどんどん取り入れて効率化を図るでしょう。現場の課題を即座に解決する突破力と、独自のスピード感で実務をこなす有能な働き手となります。
Mars,Aries,7,対人関係で率先して行動し、新たな絆を築き上げる,対人関係において積極的に行動し、新しい出会いを求めることで、対等な関係性を築き上げるでしょう。,率先して行動する主導力と優れた交渉力で、新しい人間関係を切り開くことができます。,対人関係で自己主張が強すぎて衝突しがちなので、相手の意見に耳を傾けることで良い関係が築けます。,一対一の関係では率直に意見を交わし、対等な関係性の中で自分らしさを発揮しやすいでしょう。,活発な交渉力と決断力を武器に、営業やパートナーシップの場で道を切り拓き活躍します。,相手の意見を尊重しつつ自分の意志を論理的に伝えることで、自立した持続可能な協力関係が構築できます。,対人関係において正面から衝突することを恐れず、戦いを通じて強い絆を結ぶ配置。,あなたは対人関係において積極的に行動し、新しい出会いを求めることで、対等で刺激的な関係性を築き上げるでしょう。ライバルとの切磋琢磨や率直な交渉を通して、より強い絆を結び、自己を成長させていきます。
Mars,Aries,8,変容を恐れず大胆に行動し、深く本質的な変化を促す,深い絆を求める情熱に突き動かされ、変化を恐れることなく、本質的な変容を大胆に促していくでしょう。,物事の本質を見抜く洞察力と、大胆に行動して深い変化を促す突破力があります。,物事を極端に考え支配的になりやすいので、柔軟な思考で手放す勇気を持つと心が軽くなります。,関係が深まるほど本音や意志をはっきり示し、深く濃い信頼関係を築く傾向があるでしょう。,鋭い洞察力と本質を見抜く力で、深い信頼関係を要する職務で強みを発揮するでしょう。,猜疑心を抑え客観的なデータで判断する習慣を持つことで、個人の力を超えた大きな変容を社会にもたらせます。,極限状態での生存本能を剥き出しにし、深い絆や共有財産のために激しく戦う配置。,あなたは深い絆や共有財産を求める情熱に突き動かされ、変化を恐れずに本質的な変容を大胆に促していくでしょう。極限状態でも驚異的な活力を発揮し、特定の相手との濃密なエネルギー交換の中で自己を深化させます。
Mars,Aries,9,探求心と行動力で未知の世界へ飛び込み、真理を見出す,探求心に突き動かされ、未知の世界へ飛び込む行動力で、真実や普遍的な価値を見出していくタイプです。,揺るぎない行動信念と開拓心で、未知の領域を貪欲に探求できるのが強みです。,独善的な思想に傾き視野が狭くなりがちなので、多様な視点を取り入れることで、より深く学べるでしょう。,自分の考えや信念を情熱的に語り、互いの価値観を深め合う対話を好む傾向があるでしょう。,高い向上心と冒険心で、高等教育や未知の分野を開拓する先駆者として活躍できるでしょう。,抽象的な理想を具体的な行動計画に落とし込む意識で、広い視野が人生を導く力強い知恵となり周囲を牽引できます。,未知の領域へ単身で乗り込む冒険心を持ち、理想の追求のために攻撃的なまでに動く配置。,あなたは飽くなき探求心と行動力に突き動かされ、未知の世界へと果敢に飛び込み、真実や普遍的な価値を見出すでしょう。精神的なフロンティアを開拓する旅を通して、高い理想を追求し、自己の視野を広げていきます。
Mars,Aries,10,社会でリーダーシップを発揮し、情熱的に目標を達成する,社会的な目標に向かって情熱的に行動し、自らリーダーシップを発揮することで、評価と使命を達成するでしょう。,優れた統率力と実行力で目標を達成し、新しい道を切り開く開拓精神があります。,社会的な場で独断的になり、評価に執着しがちなので、周囲と協調することで信頼が得られるでしょう。,周囲を率先して引っ張る姿勢が自然に表れ、リーダー的な頼もしい存在として見られやすいでしょう。,情熱的な行動力が評価され、社会でリーダー的な役割を任されやすいでしょう。,肩書きや名声に執着せず内面的な真理を誠実に語ることで、周囲から心から尊敬される真の指導者となれるでしょう。,社会的な成功を自らの力で強引に勝ち取り、独自のキャリアを野心的に突き進む配置。,あなたは社会的な目標に向かって情熱的に行動し、自らリーダーシップを発揮することで、評価と使命を達成していくでしょう。独自のキャリアを野心的に突き進み、組織を牽引する存在として、社会に大きな影響を与えます。
Mars,Aries,11,仲間と共に理想を追い、情熱を持って新しい未来を創る,理想を追い求める情熱に突き動かされ、仲間と共に積極的に行動することで、新しい未来を創造していくでしょう。,仲間を先導する企画力と行動力で、未来を見据えた新しい計画を立てられます。,理想に向かって独走し衝動的な判断をしがちなので、仲間とじっくり話し合うことを意識すると良いでしょう。,仲間の中では率先して行動し、グループの目標達成に向けて力強く推し進める存在になるでしょう。,進歩的なアイデアで仲間を鼓舞し、未来志向のグループ活動で輝かしい力を発揮します。,個人の意見を大切にし全体の調和を図るロジックを持つことで、独自のビジョンが多くの仲間に支持され形になります。,未来を阻む壁を仲間と共に壊し、革新的な理想のために先陣を切って行動する配置。,あなたは理想を追い求める情熱に突き動かされ、革新的な未来を創造するために仲間と共に積極的に行動するでしょう。古い慣習を打破するグループ活動で先陣を切り、同志との強い結束力で新しい時代を切り拓いていきます。
Mars,Aries,12,内なる衝動に素直に行動し、見えない世界を探求する,内なる衝動に素直に従い、見えない世界や精神的な探求をすることで、心の癒やしや解放へと導かれるでしょう。,鋭い直感力と精神的な闘志で、見えない内なる世界を力強く探求できます。,衝動的に現実から逃避し内面で葛藤しやすいので、落ち着いて自分と向き合う時間を持つと安心です。,表には強く出なくても内面に情熱を秘め、見えないところで相手を力強く支える傾向があるでしょう。,豊かな想像力と直感的な知性を活かし、見えない情報を整理する役割で力を発揮します。,内面に湧き上がる衝動を言語化する習慣を持つことで、精神的な混乱を避けクリアな直感を現実で役立てられます。,抑えきれない怒りや情熱を一人の時間で爆発させ、内面にある開拓精神を密かに燃やす配置。,あなたは内なる衝動に素直に従い、見えない世界や精神的な探求をすることで、心の癒やしと解放を求めるでしょう。一人で秘密裏に進めるプロジェクトや、密かに燃やす開拓精神の中に、潜在的な巨大なエネルギーを発揮します。
Mars,Taurus,1,着実な行動で自分らしさを確立し、安定した道を歩む,焦らず自分のペースで行動し、五感を活かすことで、着実に自分らしい魅力を確立していくでしょう。,物事を着実に実行する持久力と安定感で、自分らしく道を切り拓く力があります。,頑固になり変化を拒みがちなので、新しい視点を受け入れることで、より自分らしく成長できるでしょう。,落ち着いた中に確かな迫力がにじみ、安定感のある頼りになる人として安心されやすいでしょう。,安定した思考と実務能力で、品質管理や専門技術を要する職種で着実に信頼を築きます。,自分のペースを守りつつ新しい価値観を柔軟に取り入れることで、思考の固定化を防ぎ可能性を広げられます。,揺るぎない執着心と粘り強い行動力が、確固たる存在感として表に現れる配置。,あなたは焦らず自分のペースで行動し、五感を活かすことで、着実に自分らしい魅力を確立していくでしょう。一度決めたことは粘り強い努力と肉体的な持続力で完遂し、揺るぎない存在感を放ちます。
Mars,Taurus,2,才能を着実に活かし、揺るぎない価値や財産を築く,自分の才能や資質をじっくりと活かし、着実な努力を重ねることで、揺るぎない財産と自己価値を築くでしょう。,持ち前の継続力と安定した稼働力で、着実に価値や豊かさを築き上げるのが強みです。,所有物に執着しすぎて停滞しがちなので、時には手放すことで新たな価値や豊かさが見つかるでしょう。,自分の価値観を揺るがさず守るため、周囲には芯が強くぶれない誠実な人という印象を与えるでしょう。,優れた経済感覚と粘り強い交渉力で、資産運用や実務で安定した収益を上げられます。,所有への執着を手放し知恵を循環させる意識を持つことで、物質的な安定と精神的な満足を両立できます。,物質的な安定と富を執念深く追い求め、着実な歩みで財産を築き上げる配置。,あなたは自分の才能と資質をじっくりと活かし、着実な努力を重ねることで、揺るぎない財産と自己価値を築き上げるでしょう。物質的な豊かさを追求する強い行動力と執着心で、確かな成果を手に入れていきます。
Mars,Taurus,3,じっくりと学びを深め、地に足のついた情報を発信する,じっくりと学びを深め、五感を活かした体験を元に、地に足のついた実用的な情報を発信していくでしょう。,落ち着いて物事を深く考え、持続的な発信で人々を納得させる説得力があります。,頑固な発言になり思考が停滞しやすいので、柔軟な視点を持つことでコミュニケーションが円滑になります。,言葉に粘り強さと重みがあり、じっくりと着実に伝えることで周囲から信頼されやすいでしょう。,丁寧な言葉選びと実用的な知識を活かし、地域に根ざした教育や伝達で信頼を得るでしょう。,自説に固執せず多様な意見を冷静に比較する習慣で、持ち前の説得力が洗練され周囲との調和が深まります。,具体的で確実な情報を得るために執拗に動き、一度決めた主張を絶対に曲げない配置。,あなたはじっくりと学びを深め、五感を活かした体験を元に、地に足のついた実用的な情報を発信していくでしょう。具体的で正確なコミュニケーションを徹底する行動力を持ち、一貫した主張で周囲に信頼感を与えます。
Mars,Taurus,4,確かな行動で家庭を安定させ、揺るぎない基盤を築く,家庭や自分の居場所を大切にし、着実な行動で揺るぎない基盤を築き、心の安定を求めるタイプです。,揺るぎない継続力と安定した守備力で、家庭や自分の基盤をしっかりと築けます。,家庭内で変化を拒み停滞しがちなので、新しい風を取り入れることで、より安心できる場所になるでしょう。,親しい相手には安定した態度で接し、大切な人にとって安心できる揺るぎない存在となるでしょう。,穏やかで論理的な視点で、家計管理や生活の質の向上に関わる実務で活躍しやすいでしょう。,家族に正論を押し付けず情緒的な交流を大切にすることで、家庭内の信頼が深まり揺るぎない安心感が生まれます。,家庭の安全と資産を盤石にするために奔走し、居場所を守るために頑固な防衛力を示す配置。,あなたは家庭や自分の居場所を何よりも大切にし、着実な行動で揺るぎない基盤を築き、心の安定を求めるでしょう。家庭の安全と資産を盤石にするために奔走し、居場所を守るために頑固なまでの防衛力を発揮します。
Mars,Taurus,5,感性を活かし、着実に創造性を育み、喜びを表現する,自分の五感を通して創造性をじっくりと育み、好きなことや恋愛を着実に楽しみながら表現するタイプです。,感覚を活かした表現力と持続する情熱で、安定的に創造の喜びを生み出せます。,恋愛で所有欲が強くなりがちなので、相手の自由を尊重することで、より豊かな関係を育めます。,自身の魅力や表現をじっくりと育み、落ち着いた華やかさで周囲に良い印象を残しやすいでしょう。,洗練された美意識と職人気質のこだわりで、芸術制作や創作活動で才能を放つでしょう。,評価を気にしすぎず純粋な楽しみを追求する時間を設けることで、自己肯定感がより健全に育まれます。,五感を満たす快楽や芸術的な完成度に執着し、時間をかけて最高の結果を出しに行く配置。,あなたは自分の五感を通して創造性をじっくりと育み、好きなことや恋愛を着実に楽しみながら表現するでしょう。五感を満たす趣味の追求や、時間をかけて芸術的な完成度を高めることに喜びを感じ、安定した喜びを求めます。
Mars,Taurus,6,日々の業務を着実にこなし、安定した成果を出す,日々の仕事やルーティンを着実にこなし、丁寧に調整することで、安定した確かな成果を積み重ねていくでしょう。,日々の実務に忍耐強く取り組み、継続する力で安定した成果を出せるのが強みです。,仕事で変化を拒み惰性で作業しがちなので、新しいやり方を取り入れることで、効率が上がるでしょう。,日々の行動を通して誠実さと着実さを示し、粘り強く周囲の信頼を積み上げる人として見られやすいでしょう。,粘り強く作業を継続する力があり、日々の業務で安定した成果を出しやすいでしょう。,完璧主義によるストレスを溜めないよう適度な休息をルーチンに組み込むことで、高いパフォーマンスを継続できます。,驚異的な持久力で過酷なルーチンをこなし、現場の実務を徹底的にやり抜く配置。,あなたは日々の仕事やルーティンを着実にこなし、丁寧に調整することで、安定した確かな成果を積み重ねていくでしょう。驚異的な持久力と徹底した実務遂行力で、過酷な状況でも目標を達成する信頼される存在です。
Mars,Taurus,7,安定と信頼を重視し、着実に対人関係を築いていく,安定と信頼を何よりも重視し、じっくりと関係性を育むことで、揺るぎないパートナーシップを築いていくでしょう。,粘り強さと信頼関係を築く力で、人との繋がりを安定的に育むことに優れています。,対人関係で相手に固執し、依存や嫉妬に陥りがちなので、自立心を大切にすると良いでしょう。,一対一の関係では安定感を重視し、着実に長く付き合える頼りがいのある相手として安心されるでしょう。,誠実な態度と安定した交渉力で、長期的な関係を築くビジネスで厚い信頼を得るでしょう。,相手に合わせすぎず自分の心地よいペースで対話することで、お互いに自立した持続可能な関係が構築できます。,対人関係において誠実さと安定を強く求め、一度信頼した相手と粘り強く向き合う配置。,あなたは安定と信頼を何よりも重視し、じっくりと関係性を育むことで、揺るぎないパートナーシップを築いていくでしょう。対人関係において誠実な行動力を発揮し、一度信頼した相手とは粘り強く協力体制を構築します。
Mars,Taurus,8,深い絆や共有財産を着実に育み、安定した変容を経験する,深い絆や共有財産をじっくりと育み、安定した基盤の上で、人生の本質的な変容を経験するでしょう。,深い洞察力と執念を持って物事を継続させ、本質的な再生を促す力があります。,深い関係で執着し手放せない傾向があるので、時には思い切って手放すことで新たな道が開けるでしょう。,深い関係になるほど一途な愛情と強い絆を示し、揺るぎない信頼関係を築きやすいでしょう。,組織の資産を管理する能力と深い洞察力で、金融や専門研究で大きな役割を果たすでしょう。,他者とリソースを共有する不安を克服し信頼を深めることで、個人の力を超える大きな価値を受け取れます。,受け継ぐべき資産や深い絆を執着心で維持し、長期的な戦いを通じて利益を得る配置。,あなたは深い絆や共有財産をじっくりと育み、安定した基盤の上で、人生の本質的な変容を経験するでしょう。受け継ぐべき資産や特定の相手との深い肉体的・精神的な絆を、揺るぎない執着心で維持していく力があります。
Mars,Taurus,9,じっくりと真理を探求し、安定した信念を築き上げる,じっくりと時間をかけて真理を探求し、着実に学びを深めることで、揺るぎない信念を築き上げていくでしょう。,じっくりと探求を深め、揺るぎない信念と実践力で確かな学びを継続できます。,思想が固執し視野が狭くなりがちなので、多様な意見に耳を傾けることで、より深い学びが得られます。,自分の信念をじっくりと貫き、地に足のついた堅実な価値観を持つ人として周囲から見られやすいでしょう。,実用的な視点と長期的な探求心で、学問や伝統を重んじる教育で着実な成果を収めるでしょう。,抽象的な概念を現実的な成果に結びつける意識で、広い視野が人生を導く知恵となり周囲からの信頼も高まります。,実利に基づいた真理を徹底的に究め、一度信じた哲学を何年かけても実践し続ける配置。,あなたはじっくりと時間をかけて真理を探求し、着実に学びを深めることで、揺るぎない信念を築き上げていくでしょう。普遍的で実益のある哲学を徹底的に究め、一度信じた道を何年かけても実践する行動力を持っています。
Mars,Taurus,10,社会で着実に実績を積み重ね、安定した地位を確立する,社会的な目標に向かって着実な努力を続け、確かな実績を積み重ねることで、安定した地位を確立するでしょう。,物事を着実に構築する力と継続力で、社会で安定した成果を出し続けられます。,社会的な評価に固執し停滞しがちなので、新しい挑戦を恐れずに踏み出すことで、道が開けるでしょう。,社会的な場では着実さと持久力が際立ち、周囲からは安定した実力者として高く評価されやすいでしょう。,継続力が評価され、社会で着実に実績を積み重ね、信頼ある立場を築きやすいでしょう。,結果だけでなく内面的な満足度も大切にすることで、周囲の期待に押しつぶされない真の自信と地位を確立できます。,社会的な地位を時間をかけて着実に手に入れ、不動の名声を築くために粘り強く働く配置。,あなたは社会的な目標に向かって着実な努力を続け、確かな実績を積み重ねることで、安定した地位を確立していくでしょう。盤石なキャリアと社会的な信頼を勝ち取るため、粘り強い行動力で不動の名声を築き上げます。
Mars,Taurus,11,信頼できる仲間と安定した関係を築き、理想を追求する,信頼できる仲間と安定した関係をじっくりと育み、共に理想の未来を具体的に追求していくタイプです。,優れた計画力と信頼を築く力で、仲間と協力しながら理想の未来を創造できます。,仲間との関係で閉鎖的になり依存しがちなので、新しい出会いを求めることで視野が広がるでしょう。,仲間の中では前に出るより継続的なサポートを好み、信頼の厚い縁の下の力持ちとなるでしょう。,価値観を共にする仲間との絆を大切にし、コミュニティ運営で実務的な貢献を発揮します。,現状の安定に満足せず未来の変化を仲間と共に受け入れることで、より普遍的で大きな目的を達成できます。,安定した未来を目指す仲間と強固に繋がり、具体的な理想を現実化するために歩み続ける配置。,あなたは信頼できる仲間と安定した関係をじっくりと育み、共に理想の未来を具体的に追求していくでしょう。共通の価値観を持つ集団との協力に力を注ぎ、着実な行動力で未来計画を実現する存在となります。
Mars,Taurus,12,心の内面と着実に向き合い、精神的な安定と豊かさを育む,自分の内面と着実に向き合い、五感を通して心の癒やしを見つけることで、精神的な豊かさを育むでしょう。,強い忍耐力と内省力で、心の内面とじっくり向き合い精神的な安定を育めます。,内面で思考が停滞し感情を抑圧しがちなので、素直な気持ちを表現することで心が軽くなるでしょう。,表には出にくいものの内面に粘り強さを秘め、静かに相手を支える頼もしい人として映りやすいでしょう。,心の内面と着実に向き合い、見えない価値や精神的な豊かさを育む活動で社会に癒やしをもたらします。,孤独を恐れず内省の時間を豊かに育むことで、潜在意識の豊かさを現実世界で活かせる知恵が湧いてくるでしょう。,内面にある強い所有欲を一人の時間でコントロールし、密かな野心を時間をかけて育む配置。,あなたは自分の内面と着実に向き合い、五感を通して心の癒やしを見つけることで、精神的な豊かさを育むでしょう。人知れず行う瞑想や、内面的な欲望を静かに整理・管理するプロセスに力を注ぎ、深い安定感を得ます。
Mars,Gemini,1,知的な好奇心で自ら動き、自分らしさを表現する,知的な好奇心を行動に移し、洗練された魅力で自分らしさを表現していくタイプです。,知的な好奇心で情報を素早くキャッチし、機転を利かせて自分らしく表現する発信力が強みです。,好奇心から行動が急ぎすぎ、落ち着きを欠くと衝突しがち。一呼吸置いて周囲を見渡すと穏やかになります。,知的な反応の速さや言葉の機転が際立ち、周囲からは機転の利く人として見られやすいでしょう。,多彩な表現力と素早い適応力で、情報発信や仲介の役割で自分らしい個性を輝かせられるでしょう。,一貫性のある目標を持ち一つのことを掘り下げる意識を持つことで、持ち前の器用さがより確かな成果に結びつくでしょう。,軽やかで多才な動きが自己表現に表れ、言葉を武器に複数のことを同時に進める配置。,知的好奇心が行動の原動力となり、多角的な情報収集と軽快なフットワークで自分らしい魅力を洗練させていきます。興味が多岐にわたるため、一つのテーマにじっくりと向き合う集中力を養うことで、あなたの才能はより深く開花するでしょう。
Mars,Gemini,2,知性を生かして才能を磨き、独自の価値を創造する,知的好奇心と行動力で新しい才能を開花させ、独自の価値観で豊かさを築くでしょう。,情報を敏感に捉える商才と優れた判断力で、あなた独自の価値を生み出す力に優れています。,多彩な情報に目を奪われ、価値基準が散漫になり浪費しがちです。本当に大切なものか見極める意識が大切です。,自分の考えや価値観を素早く明確に伝えやすく、周囲からは頭の回転が速い人という印象を与えやすいです。,情報を価値に変える巧みな話術を活かし、多様な収入源を持つ働き方で経済的な成功を収めやすいでしょう。,知識を集めるだけでなく実利に結びつける方法を学ぶことで、経済的な基盤をより強固に築き上げられるでしょう。,多彩なスキルと情報収集力を武器に、流動的な稼ぎ方を次々と実行する配置。,あなたは知的好奇心と行動力を駆使し、多彩なスキルや情報を独自の経済的価値へと変えていく才能に恵まれています。機転の利く稼ぎ方で複数の収入源を築けますが、豊かさを安定させるためには、資産の核を意識した賢明な管理が大切です。
Mars,Gemini,3,好奇心旺盛に学び、言葉で積極的に情報発信する,好奇心いっぱいに知識を吸収し、言葉や情報を通じて積極的に発信していく行動派です。,会話力と素早い反応力で、知的好奇心を刺激する情報発信ができる発想力が魅力です。,思考があちこちに飛びやすく、軽率な発言や多弁になりがちです。言葉を選ぶ前に一拍置くと安心です。,会話のテンポが自然と速くなる傾向があり、活発で知的な刺激を与えられる相手として受け入れられやすいです。,圧倒的な情報収集力と伝達力で、教育やジャーナリズム、地域コミュニティを活性化するリーダーとして活躍します。,情報の正確さを意識し思慮深い発言を心がけることで、知的な影響力と周囲からの信頼がさらに高まるでしょう。,好奇心のままに日常を動き回り、切れ味鋭い言葉で情報のネットワークをかき回す配置。,旺盛な好奇心が行動力となり、得た知識や情報を言葉に乗せて軽やかに発信することで、周囲を巻き込みます。議論ではその鋭い言語能力を発揮しすぎず、相手との建設的な合意形成を優先する姿勢が、より豊かな交流を生み出すでしょう。
Mars,Gemini,4,家族との対話を通じて、知的に安心の基盤を築く,知的なコミュニケーションを大切にし、家族との対話を通じて安心できる居場所を築きます。,柔軟な思考で家庭内の対話を大切にし、安心できる居場所を築く知的防衛力があります。,家庭内で情報過多になりやすく、落ち着きを欠くと混乱しがちです。家族との対話を大切に、ゆったり過ごす時間を持ちましょう。,身近な相手にはフランクに言葉を交わしやすく、家庭内でも会話の流れを活発にする存在として親しまれやすいでしょう。,知的な対話で安心できる家庭環境を築き、在宅での知的作業や教育関連の活動で力を発揮しやすいでしょう。,内面の落ち着きを保つため静寂の時間を持つことで、絶え間ない思考を建設的に制御できるようになるでしょう。,家の中でも絶えず動き回り、家族との知的な議論を活発に交わすことで活気を得る配置。,ご家族との活発な議論や頻繁な模様替えを通じて、情報が行き交う賑やかで知的な居場所を創造します。この活気ある環境があなたに喜びをもたらしますが、心身の安定のためには、意識的に静寂な時間を設け、休息を確保することが重要です。
Mars,Gemini,5,遊び心と知性で新しいアイデアを生み、表現を楽しむ,遊び心と知性を活かして新しいアイデアを生み出し、表現する楽しさを追求していくでしょう。,遊び心と知性にあふれ、新しいアイデアを楽しみながら豊かに表現できる創造性が強みです。,好奇心から気分が変わりやすく、恋愛では飽きっぽい面が出がちです。じっくりと関係を育む意識が深まりに繋がります。,遊び心ある表現に知的な勢いが加わり、明るく面白い人として印象に残りやすいでしょう。,多彩なアイデアと遊び心を活かし、企画制作、ゲーム開発や子供向け教育コンテンツで才能を開花させます。,自己表現を楽しむだけでなく完成させるプロセスを大切にすることで、一時の閃きが価値ある作品へと昇華されるでしょう。,知的なゲームや多彩な遊びに情熱を分散させ、器用な立ち回りで自己を表現する配置。,遊び心と知性を最大限に活かし、知的なゲームや多趣味な活動、言葉を駆使した創造的な自己表現に情熱を注ぎます。多彩な才能はあなたの魅力ですが、特定の分野で専門性を深める努力も並行することで、より大きな達成感を得られるでしょう。
Mars,Gemini,6,知的な工夫で仕事を効率化し、テキパキとこなす,知的な工夫で日々の仕事を効率的にこなし、テキパキと順応性高く調整していく能力があります。,優れた情報処理能力と機転で、日常の作業を効率的に改善していく実行力があります。,複数の作業を同時にこなそうとし、注意が散漫になりがちです。一つのことに集中すると、神経疲労も和らぎます。,知的な情報処理や段取りの速さが際立ち、器用で頼れる有能な人として見られやすいでしょう。,知的な工夫で複数の業務を同時にこなし、効率よくテキパキと柔軟に対応する力を発揮しやすいでしょう。,心身の健康のため神経の興奮を鎮める習慣を持つことで、過度なマルチタスクによる消耗を防げるようになるでしょう。,多忙な現場で細かなタスクを素早く処理し、知的な工夫で実務を効率化する配置。,知的な工夫と順応性の高さで、日々の仕事を効率的にこなし、複数のタスクをテキパキと処理する能力に優れています。現場の機動力を高める一方で神経を使いやすいため、デジタルデトックスなどを通じて脳を休める習慣が、長く活躍し続けるための鍵となります。
Mars,Gemini,7,知的な対話で人との関係を深め、積極的に協働する,知的な会話を楽しみながら人との関係を深め、積極的に協働して信頼を築くことを大切にします。,知的な対話力と機転を利かせた交渉で、人と協力しながら良好な関係を築くのが得意です。,情報量が多く優柔不断になりやすく、言葉選びも散漫になりがちです。誠実な対話を心がけると、関係が深まります。,一対一の関係では言葉による活発なやり取りを好み、知的な刺激を与えられる相手として映りやすいでしょう。,優れた会話術と交渉力を武器に、仲介業や共同事業など、人との対話を通して良好な関係を築く力があります。,相手の言葉の裏にある感情を汲み取る努力をすることで、知的交換以上の深い信頼関係を構築できるでしょう。,言葉のやり取りを対人関係の勝負と捉え、刺激的な議論を楽しめる相手を求める配置。,知的な刺激を求める対人交渉や、風通しの良いパートナーシップの構築に行動力を発揮します。多くの人との交流から喜びを得ますが、関係が表面的になりすぎないよう、特定の相手と深く向き合う時間を持つことで、より本質的な絆を育めるでしょう。
Mars,Gemini,8,探求心と情報分析力で、本質的な変化を促す,深い探求心と情報分析力で物事の本質を見抜き、周囲に大きな変化をもたらす行動力があります。,鋭い洞察力と探求心で情報の奥深くに分け入り、本質を見抜く知性が際立っています。,思考が複雑になりすぎると疑念を抱きやすく、秘密めいた行動になりがち。オープンな対話を意識すると関係が深まります。,軽やかな印象ながら、深い話では鋭く本質に踏み込む傾向があり、相手の本音を引き出しやすいでしょう。,深い知性と調査能力を活かし、心理分析や他者の資産運用に関する情報を取り扱う仕事で強みを発揮します。,秘密を守り真理を追求する誠実さを養うことで、他者からの深い信頼を得て重要な役割を任されるようになるでしょう。,他者の心理的な隙を鋭く突く洞察力を持ち、知的な駆け引きを通じて深い絆を扱う配置。,あなたは深い探求心と鋭い洞察力で物事の本質を見抜き、他者の心理分析や秘密の調査、知的な共有財産の活用に力を発揮します。情報の裏を読みすぎることで猜疑心を強めないよう、客観的な事実に基づいた判断を心がけることが、健全な行動へと繋がります。
Mars,Gemini,9,幅広い知識を探求し、知的好奇心を満たす旅に出る,知的好奇心に導かれ、幅広い知識を探求し、新たな視点や学びを求めて行動する探求者です。,旺盛な探究心と学習力で、幅広い知識を吸収し、独自の思想を発信できるでしょう。,幅広い知識に興味を持ちすぎると、思想が拡散しやすくなります。深く掘り下げる視点を持つと、より確かな信念に繋がります。,自分の考えや信念を知的な好奇心とともに軽やかに広げやすく、価値観の議論を楽しむ傾向があります。,広い知識欲と語学力を活かし、出版や留学支援、哲学的な思想を広める活動で多くの人に良い影響を与えるでしょう。,膨大な情報の中から普遍的な真理を見出す意識を持つことで、知識が知恵へと進化し人生の指針がより明確になるでしょう。,多様な知識や文化を求めて軽快に動き、知的な冒険心で精神的な自由を獲得する配置。,知的好奇心に導かれ、多様な教養の習得や世界を巡る知的な冒険を通して、新たな視点や学びを追求します。ただ情報を集めるだけでなく、そこで得た知識を自らの哲学へと昇華させる姿勢が、あなたの人生をより豊かなものにするでしょう。
Mars,Gemini,10,知的なコミュニケーションで社会を動かし、目標を達成する,知的なコミュニケーション能力で社会に影響を与え、自身の目標を着実に達成していくタイプです。,状況に応じた機転の利く判断力と、情報を統率して社会に発信する力が強みです。,社会での評価を気にしすぎて、発言が軽率になったり方針が迷走しがちです。自分の軸をしっかり持つことで、信頼に繋がります。,社会的な場では発信力と知的な反応の速さが際立ち、機動力のある有能な人として見られやすいでしょう。,スピーディーな対応力と情報処理能力が評価され、知的なコミュニケーションで社会的な活躍の幅を広げやすいでしょう。,肩書きや評判に一喜一憂せず長期的なキャリア形成を見据えることで、社会的な影響力がより安定したものになるでしょう。,情報発信力や交渉術を社会的な武器にし、複数の肩書きを器用に使い分けて活躍する配置。,情報発信力や交渉術を武器に、知的なコミュニケーション能力で社会に影響を与え、自身の目標を着実に達成していきます。臨機応変な対応は評価されますが、社会的な信頼を築くためには、あなたの信念に基づく一貫したメッセージを発信し続けることが大切です。
Mars,Gemini,11,知的な仲間と交流し、未来のために共に活動する,知的な好奇心を持つ仲間と交流し、共に未来の理想像を実現するために積極的に行動します。,仲間との情報共有や交流を通じて、未来へ繋がる独創的な企画を発想できる力があります。,多くの情報と浅い関係に流され、仲間との繋がりが分散しがちです。本当に大切な人との深い交流を心がけると良いでしょう。,仲間の中では情報や意見をすばやく共有し、活発な議論を促すため、場を動かす存在になりやすいでしょう。,多様な人脈と情報交換のセンスを活かし、SNS運営や異業種交流の場での調整役として活躍できます。,独自の意見を大切にしながら仲間の声に耳を傾けることで、集団の中で個性を埋没させず理想を追求できるでしょう。,趣味やトレンドで繋がる仲間と活発に交流し、多角的なアイデアで未来を切り拓く配置。,知的な好奇心でつながる仲間たちと積極的に交流し、共に未来の理想像を実現するために行動します。多角的な視点から希望を描く才能がありますが、活動が散漫にならないよう、優先順位を明確にすることで、より具体的な成果へと結びつくでしょう。
Mars,Gemini,12,内面と向き合い、知的な考察で心の奥深くを探る,自分の内面と深く向き合い、知的な考察を通して心の奥底にある癒やしを求める性質です。,豊かな想像力と内省的な知性で、心の奥深くに秘められた情報を直感的に理解できるでしょう。,思考が堂々巡りになり、情報過多で心の混乱や不安を増幅させがちです。静かに内省する時間を意識すると、心が落ち着きます。,表では控えめな印象ですが、内面では常に知的な考察を巡らせ、静かに状況を読んで先回りしやすいでしょう。,豊かな想像力と目に見えない情報を活かし、カウンセリングや創作活動を通じて内面と向き合い才能を発揮します。,内面的な混乱を整理するため思考を言語化する習慣を持つことで、精神的な安定と創造的な閃きを両立できるでしょう。,匿名の場所での発信や空想の中で闘争心を燃やし、内面にある知的な衝動を密かに処理する配置。,自分の内面と深く向き合い、匿名での知的活動や、雑多な情報を整理するプロセスに行動力を発揮します。無意識下の思考が非常に活発なため、瞑想などで意識の焦点を絞る訓練をすることで、雑念に振り回されず心の奥底にある癒やしを求めることができます。
Mars,Cancer,1,感情を大切に自分を守り、強く行動する,豊かな感情を大切にしながら、自分らしさを守るためにパワフルに行動していく人です。,豊かな包容力と本能的な守護力で、大切なものを守るために力強く行動できるのが魅力です。,感受性が豊かな分、感情的になりやすく、自分を守るために防衛的になりがち。心をオープンにすると、表現が豊かになります。,感情と行動が強く結びつく傾向があり、親しみやすいのに内に強さを持つ人として見られやすいでしょう。,深い共感力と細やかな気配りを活かし、人や組織を育成する分野で周囲を安心させる存在として活躍できます。,自分の感情を大切にし客観的な視点を養うことで、感受性の豊かさをより建設的なリーダーシップへと繋げられるでしょう。,愛する人を守るための献身的な行動力が、情緒豊かな自己表現として表れる配置。,あなたは豊かな感情を大切にし、自身の繊細な感受性や自分らしさを守るためにパワフルに行動します。身内を守る強さを持つ反面、気分の浮き沈みが行動を左右しやすいため、感情に飲まれず冷静に状況を見つめる意識が、より安定した自己主張へと繋がるでしょう。
Mars,Cancer,2,大切なものを守り育むことで、自身の価値を高める,大切なものを守り育むために行動し、それを通じて自分自身の価値や豊かさを高めていくでしょう。,安心感を確保する力が強く、大切な人や物を守り育むことで、自身の価値を高めます。,不安な気持ちから衝動的に浪費したり、所有物に執着しがちです。感情だけで判断せず、落ち着いて見極めると安心です。,守りたいものへの情熱をはっきりと示しやすく、周囲からは情の深い誠実な人という印象を与えやすいでしょう。,優れた経済感覚と育成能力を武器に、生活に密着したサービス業で安定した収益を上げ、価値を高めるでしょう。,形ある豊かさだけでなく内面の充足感を重視することで、物心両面での真の安定と安心を手に入れられるでしょう。,身内の生活を守るための経済活動に情熱を燃やし、感情的な愛着を富に変える配置。,愛着のあるものを所有することや、ご家族の生活基盤を盤石にするための経済活動に情熱を注ぎ、自身の価値を高めていきます。情緒的動機が稼ぐ力を支えますが、不安からくる過度な溜め込みを避け、豊かさを循環させる意識を持つことが、真の安心感をもたらします。
Mars,Cancer,3,共感力で学びを深め、心温まる交流を広げる,持ち前の共感力で深く学び、心温まる言葉で周りの人たちとの交流を広げていくでしょう。,相手の感情を深く理解し、心に寄り添う共感力で温かいメッセージを伝えられます。,感情が先走って発言しがちで、過去の出来事に執着しやすい面も。一度冷静に言葉を選ぶと、より穏やかな交流に繋がります。,言葉に温かい感情がこもりやすく、相手の気持ちを大切にする親身な人として受け取られやすいでしょう。,聞き上手で温かいコミュニケーション能力を活かし、カウンセリングや地域活動で人々の信頼を得られるでしょう。,感情を言葉にする際に理論的な裏付けを持つ意識を持つことで、持ち前の共感力がより多くの人に届く知恵に変わるでしょう。,身近な人を守るための言葉を使い、家族のような仲間を応援するために奔走する配置。,持ち前の共感力と行動力で、身近な人々を守るための情報収集や、情緒に訴えかける献身的なコミュニケーションを大切にします。聞き上手で心温まる交流を広げますが、身内びいきな主張にならないよう、客観的な視点を保つことが、より信頼される関係を築く鍵です。
Mars,Cancer,4,家族や居場所を守るため、強い情熱で行動する,家族や大切な居場所を守るために、深い情熱と持ち前の行動力で尽力するタイプです。,温かい包容力と強い防衛本能で、家族や大切な居場所を全力で守り抜く力があります。,家族への愛情が深い分、依存や感情的な支配に繋がりやすい面も。それぞれの自立を尊重すると、心が安らぎます。,親しい人には特に守ろうとする情熱が強く出やすく、身内を大切にする人として厚く信頼されやすいでしょう。,身内を守る愛情と包容力を持ち、家庭的な職場や伝統を重んじる場所で人々の心の拠り所となるでしょう。,家族への献身と自己実現のバランスを意識することで、プライベートの充実がそのまま社会的な活力へと還元されるでしょう。,家庭や地元の平和を死守するために戦い、情緒的な絆を守ることにエネルギーを注ぐ配置。,ご家族の安全確保や家事、親密な居場所の維持に深い情熱と行動力を注ぎ、大切な場所を守り抜きます。家庭内にエネルギーが向かいますが、干渉が過ぎて摩擦を招かないよう、ご家族それぞれの自律性を尊重する配慮が、調和のとれた関係を育むでしょう。
Mars,Cancer,5,豊かな感情で創造性を育み、表現を楽しむ,豊かな感情を原動力に創造性を育み、自分らしい表現を通じて人生の喜びを楽しむ人です。,豊かな愛情と情熱で、人を惹きつける魅力あふれる創造性を表現できるでしょう。,恋愛で感情的になりやすく、依存したり気分を優先しがちです。相手の気持ちを尊重すると、安定した関係を築けます。,自己表現に豊かな感情が乗りやすく、情熱的で愛情深い魅力的な人として印象に残りやすいでしょう。,豊かな感受性と創造力を武器に、子供向けコンテンツや料理、演劇など感情を表現する分野で才能を輝かせます。,他者の反応に一喜一憂せず純粋な創作意欲を育むことで、時代に左右されない普遍的な感動を生み出せるようになるでしょう。,育てる喜びや身内への愛に情熱を傾け、豊かな感情を創作活動に激しくぶつける配置。,あなたは豊かな感情を原動力に創造性を育み、愛する対象を育む活動や、自分の感情を込めた手作りの創作に喜びを見出します。献身的な創造力を持つ一方で独占欲が強まりやすいため、相手の自由を尊重し、与える愛の形を模索することが、より深い充足感へと繋がります。
Mars,Cancer,6,誰かのために献身的に働き、世話を焼くことで能力を発揮する,誰かのために献身的に行動し、世話を焼くことで自身の能力を最大限に発揮できるタイプです。,誰かのために献身的に尽くす世話好きで、地道な努力を続ける粘り強さがあります。,人の世話を焼きすぎたり、心配しすぎて過干渉になりがちです。相手を信頼し任せることも、心のゆとりに繋がります。,相手の状態に共感してすぐ行動しやすく、面倒見のよい実務的な人として頼られやすいでしょう。,誰かのために献身的に働き、世話を焼くことで能力を発揮します。責任感が評価されやすいでしょう。,周囲の期待に応えようと自分を後回しにしない意識を持つことで、持続可能な奉仕と健康な生活を両立できるでしょう。,周囲をケアしサポートする役割に全力を注ぎ、職場を家族のように温めるために働く配置。,家族同然の深い絆を持つパートナーを守ることや、情緒的な協力体制を築くことに全力を尽くします。尽くす力が強い一方で、相手への依存や過干渉が出やすいため、互いの自立を前提とした関係作りを心がけることが、健全で長続きする絆を育むでしょう。
Mars,Cancer,7,感情を共有し、大切なパートナーを全力で守り抜く,感情を深く共有し、大切なパートナーや人との関係を全力で守り抜くことを大切にします。,相手を包み込むような共感力と強い守護力で、大切な人との関係を深められます。,パートナーに深く関わりたい気持ちが、依存や嫉妬に繋がりやすい面も。お互いの独立心を大切にすると、関係が健全になります。,一対一の関係では相手の気持ちを大切に守りながら深く関わり、情のある相手として見られやすいでしょう。,情緒的な結びつきを重視する交渉力で、パートナーを支える役割やコンサルティングで深い信頼を築きます。,相手の感情を汲み取りつつ自分の意志を明確に伝えることで、真の相互理解に基づいた関係を構築できるでしょう。,対人関係において相手を守りたいという強い思いが、時に激しいお節介や保護欲として出る配置。,あなたは特定の相手との密接な精神的一体化や、家系的な絆を固守することに行動力を発揮し、深い感情の交流から変容を促します。強烈な執着心を伴うこともあるため、感情的なもつれを避け、クリーンな共有関係を維持する努力が、心の平安をもたらします。
Mars,Cancer,8,深い感情の交流を通じて、変容を求める行動をする,深い感情の交流や共感を求める行動から、自分自身や他者との関係に大きな変容を促します。,深い感情を共有し、物事の本質を洞察する力と、困難から立ち直る再生力が強みです。,深い感情の交流を求めすぎるあまり、執着や支配欲、嫉妬に繋がりがち。相手の自由を尊重すると、関係が豊かになります。,深い関係になるほど感情的な結びつきがより強まり、濃密な信頼関係を築きやすいでしょう。,深い洞察力と受容力を活かし、心理療法や共同資産管理など、他者との深い絆が必要な仕事で活躍します。,他者と深く融合する際の恐れを手放すことで、本来持つ癒やしの力が社会的な大きな価値へと昇華されるでしょう。,深い絆や家族の遺産を必死に守り抜き、情緒的な一体感のために自己を犠牲にする配置。,情緒的な拠り所となる信念の探求や、心の平安を求める精神的な学びに情熱を注ぎ、自身のルーツや感情の真理を探求します。深い慈愛に基づいた思想を持つあなたですが、感情論で理屈を拒絶しないよう、論理的な裏付けも大切にする姿勢が、より普遍的な真理へと導くでしょう。
Mars,Cancer,9,自身のルーツや感情の真理を探求し、信念を深める,自身のルーツや感情の真理を探求し、心から納得できる信念を深めるために行動するでしょう。,確固たる信念と共感する心で、人々の感情を深く理解し、守る思想を持っています。,感情に流されやすく、特定の思想や信念に執着しがちです。多様な視点を取り入れることで、視野が広がり穏やかになります。,自分の信じることを温かい感情をこめて語りやすく、思いの強い誠実な人として受け取られやすいでしょう。,高い理想と人道的な精神を武器に、教育や海外でのボランティア活動で精神的な向上を促す先駆者となるでしょう。,抽象的な理想を身近な人への具体的な愛に変換する意識を持つことで、広い視野が現実世界での確かな貢献に繋がるでしょう。,愛や慈しみこそが守るべき真理であると信じ、精神的な学びを心の安らぎのために深める配置。,大衆のニーズを保護するような公的役割や、家庭的な支援を行うキャリア形成を通して、社会に貢献し自身の使命を達成します。慕われるリーダーとなりますが、公務に私情を持ち込みすぎないよう、公平な判断基準を維持することが、長期的な信頼と成功に繋がります。
Mars,Cancer,10,誰かを守り育む仕事で、社会に貢献し達成する,誰かを守り育む仕事を通じて、社会に貢献し自身の使命を達成していくことを目指します。,温かい包容力で社会の信頼を築き、誰かを守り育むことで大きな成果を出すでしょう。,社会での評価を気にしすぎると、家族を優先するあまり感情的な判断になりがち。公私を切り分ける意識が大切です。,社会的な場でも保護者的な温かい姿勢がにじみやすく、面倒見のよい頼りになる人として見られやすいでしょう。,誰かを守り育む仕事で、あなたの配慮や責任感が評価され、社会から厚い信頼を得やすいでしょう。,仕事の結果だけでなく自身の情緒的な満足も大切にすることで、愛され尊敬されるリーダーとしての地位を確立できるでしょう。,大衆を養い守るための役割を社会で担い、情の厚いリーダーとして地位を築く配置。,あなたは家族のように信頼できる仲間とのコミュニティ活動や、互助的なネットワーク構築に情熱を注ぎ、安心して活動できる場を築きます。団結力は高いものの、グループ外に対して排他的になりやすいため、開かれた交流を心がけることが、より大きな影響力を持つための鍵となるでしょう。
Mars,Cancer,11,大切な仲間と繋がり、安心して活動できる場を作る,大切な仲間と心で繋がり、みんなが安心して活動できる温かいコミュニティを築くでしょう。,仲間を大切に守り、共感力で交流を深め、未来へ向かう活動を力強く支援できます。,大切な仲間への感情移入が強く、身内びいきや集団依存に繋がりがち。広い視野で人々と接すると、心が広がります。,仲間の中では自然と仲間を守ろうとする行動が出やすく、グループの安心感を支える存在になりやすいでしょう。,志を同じくする仲間への深い愛情を活かし、非営利団体や地域コミュニティで助け合いの活動に活躍します。,既存コミュニティを守るだけでなく新しい風を取り入れる柔軟さを持つことで、理想とする未来をより確実に形にできるでしょう。,家族同然の仲間と未来を夢見、安心できる居場所を作るために情熱を注ぐ配置。,一人で静かに思い出を慈しむ時間や、内面的な感情の海を浄化するプロセスに行動力を発揮し、精神的な癒やしを求めます。慈悲深い活力を秘めるあなたですが、被害妄想から内向的にならないよう、前向きな奉仕活動でエネルギーを昇華させることが、心の解放へと繋がります。
Mars,Cancer,12,内なる感情を守り、精神的な癒しを求める,内なる感情を守りながら、精神的な癒やしを求め、深く心を解放していく行動を大切にします。,鋭い直感力と内面を守る力で、心に寄り添い、精神的な癒しを生み出せるでしょう。,感受性が鋭い分、感情が迷走しやすく、現実逃避や孤立を選びがちです。安心できる場所で心を休ませることを大切に。,表には出にくくても内面では大切なものを守ろうとする意識が強く、陰で相手を支える人として映りやすいでしょう。,目に見えない不安や痛みを癒やす力を持ち、芸術療法や献身的な裏方サポートで社会を支え、才能を発揮します。,内面に潜む豊かな感情を独りで抱え込まず表現する場を持つことで、精神的な混乱を避け清らかな直感を維持できるでしょう。,内面にある繊細な怒りや悲しみを一人の時間で浄化し、人知れぬ場所で深い奉仕に励む配置。,あなたは内なる感情を守りながら、精神的な癒やしを求め、深く心を解放していく行動を大切にします。慈悲深い活力を秘めるあなたですが、被害妄想から内向的にならないよう、前向きな奉仕活動でエネルギーを昇華させることが、心の解放へと繋がります。
Mars,Leo,1,情熱的に自分を表現し、輝く個性で行動する,情熱的に自分を表現し、輝く個性で周りを魅了しながら主体的に道を切り開いていくでしょう。,確かな自信と統率力で、自分の個性を堂々と表現し、周囲を惹きつける行動力が強みです。,自分を表現したい気持ちが強く、誇張したり自己顕示欲が強くなりがち。周囲の意見を聞くことで、表現がより豊かになります。,堂々とした情熱的な行動力が際立ち、自然と存在感のある華やかな人として見られやすいでしょう。,堂々とした存在感と華やかな表現力を活かし、表舞台やクリエイティブな分野で中心人物として活躍できるでしょう。,周囲からの称賛を求めすぎず内なる自己肯定感を育むことで、持ち前のリーダーシップがより自然で力強いものになるでしょう。,堂々とした圧倒的な存在感で周囲を率い、ドラマチックな行動で主役を演じきる配置。,堂々とした自己表現と周囲を牽引する力強いリーダーシップで、情熱的に自分を輝かせ、道を切り開きます。圧倒的なカリスマ性を放ちますが、承認欲求が強すぎてワンマンにならないよう、他者の才能をも引き出し、共に輝かせる視点を持つことが、より大きな成功に繋がるでしょう。
Mars,Leo,2,自分の才能と情熱を活かし、華やかに価値を創造する,自分の才能と情熱を惜しみなく発揮し、華やかに価値を創造して豊かな財産を築くタイプです。,独自の才能で華やかに価値を創造し、ここぞという時に勝負強さを発揮できるでしょう。,自分の価値を高めたい気持ちが、見栄のための浪費や自尊心過剰に繋がりがち。内面を磨くことで、真の豊かさを得られます。,自分の価値や才能を情熱的に示しやすく、自信に満ちた輝かしい人という印象を与えやすいでしょう。,華やかな才能と自己プロデュース力を活かし、高級品ビジネスや娯楽産業で安定した収益を上げられます。,見栄や外見にこだわりすぎず本質的な価値を磨く意識を持つことで、経済的な成功を長期的に維持できるでしょう。,自らの才能を誇らしく稼ぎに変え、豪華で価値あるものを手に入れることに執念を燃やす配置。,あなたは自らの才能を独自のブランドとして確立し、高い経済的価値を手に入れるための野心に満ちています。情熱を惜しみなく発揮し、華やかに価値を創造できますが、見栄のための過度な支出で資産を減らさないよう、実利に基づいた堅実な管理を心がけましょう。
Mars,Leo,3,表現欲を刺激する学びで、情熱的に言葉を伝える,表現欲を刺激される学びを積極的に追求し、情熱的な言葉で周りにメッセージを伝えていくでしょう。,優れた表現力と決断力で、自分の考えを情熱的に発信し、周囲を魅了できます。,注目されたい気持ちから発言が誇張され、自己主張が強くなりがち。相手の意見にも耳を傾けると、より良い交流に繋がります。,言葉や振る舞いに情熱と華やかさが際立ち、場を明るく引っ張る魅力的な相手になりやすいでしょう。,ドラマチックで説得力のあるコミュニケーションを活かし、プレゼンテーションや教育の場で輝きを放ちます。,他者の意見にも光を当て賞賛する習慣を持つことで、自身の発言力が強化され周囲を惹きつける魅力がさらに深まるでしょう。,表現力豊かな魅力的な言葉で周囲を鼓舞し、日常の会話をエンターテインメントにする配置。,ドラマチックなプレゼンテーションや人目を惹く言葉を用いた自己アピールで、表現欲を刺激される学びを情熱的に伝えます。表現の天才であるあなたですが、自分の意見を押し通そうとしすぎず、他者の声を取り入れる余裕が、より質の高い交流と表現を生み出すでしょう。
Mars,Leo,4,家庭や居場所を自分らしく演出する情熱と行動力,情熱と行動力で、家庭や自分の居場所を自分らしく華やかに演出し、心の土台を築きます。,家族を大切に守り、誇りを持って家庭を自分らしく豊かに演出する力に優れています。,家族や家庭に情熱を注ぐあまり、支配的になったり感情が誇張されがち。家族の個性を尊重すると、和やかな関係になります。,親しい人の前では情熱的な主導性がはっきり出やすく、家庭内でも中心的な存在になりやすいでしょう。,家庭内での強いリーダーシップと誇りを持ち、家系を守る役割や、演出を伴う空間作りの仕事で才能を発揮します。,身内を支配しようとせず寛大な愛で包むことを意識することで、家族や基盤との間に真の尊敬と平穏が生まれるでしょう。,家庭の中で絶対的なリーダーシップを発揮し、誇り高い理想の居場所を自らの手で築く配置。,あなたは家庭内での絶対的な主導権確保や、自分が誇れるような豪華な居場所の構築に情熱と行動力を注ぎます。家族を力強く守る一方で、一方的な支配にならないよう、ご家族それぞれの個性を尊重し称え合う姿勢が、真に温かい心の土台を築きます。
Mars,Leo,5,創造性を爆発させ、楽しみながら自己表現を追求する,持ち前の創造性を爆発させ、楽しみながら堂々と自分らしい表現を追求していく行動派です。,豊かな情熱と創造力で、常に主役として輝き、自分を表現することを楽しめます。,恋愛でドラマティックな展開を求め、自己顕示欲が強くなりがちです。相手の気持ちを第一に考えると、深く愛を育めます。,自己表現に情熱と華やかな迫力が加わり、印象に残る魅力的な人物として見られやすいでしょう。,圧倒的な創造性と主役級の存在感を活かし、芸術やエンターテインメントの分野で多くの人を魅了するでしょう。,遊び心を持ちつつ完成度を高める努力を惜しまないことで、一時の流行に流されない確かな実績を築けるでしょう。,自分にしかできない表現や創作に情熱の全てを注ぎ、人生を最高に楽しむために動く配置。,独創的な自己表現、華やかな恋愛、自分が主役として輝く遊びや創作に情熱を注ぎ、創造性を爆発させます。強烈な創造のエネルギーを持つあなたですが、他者の評価を気にしすぎず、純粋な喜びの衝動に従うことが、揺るぎない安定と深い満足感をもたらす鍵となるでしょう。
Mars,Leo,6,日々の仕事に情熱を注ぎ、自己表現の場へと変える,日々の仕事に情熱を注ぎ込み、自分らしさを輝かせながら自己表現の場へと変えていくでしょう。,日々の仕事に情熱を注ぎ、自らリードしながら改善していく、優れた主導力があります。,仕事で高い評価を求めすぎるあまり、完璧主義や支配的になりがちです。周囲と協力する意識が、より良い結果に繋がります。,仕事や役割の中でも情熱的に主導性を発揮しやすく、頼れるまとめ役として高く評価されやすいでしょう。,日々の業務に情熱を注ぎ、主体的にチームを引っ張るリーダーシップを発揮しやすいでしょう。,裏方の仕事にも尊い価値を見出し周囲に感謝することで、自己管理能力が向上し職場の士気を高められます。,自らの誇りをかけた仕事に全力で挑み、現場を活気づけるクリエイティブな実行力を示す配置。,仕事において特別な専門性を発揮し、自分の美学を反映させた実務を完遂することで、日々の業務を自己表現の場へと変えます。現場を活性化させる力がありますが、称賛がないと意欲が低下しやすいため、自らの成果を客観的に肯定する力を養うことが、持続的な情熱と成長に繋がります。
Mars,Leo,7,人との出会いを刺激に変え、ドラマチックな関係を築く,人との出会いを刺激に変え、情熱的なアプローチでドラマチックな関係性を築いていくタイプです。,自分の魅力を堂々と表現し、人との関係を情熱的に主導することで、深い信頼を築き、協働で成果を生み出す強みがあります。,対人関係で自分の意見を強く主張しすぎると、衝突が生じやすいです。相手の立場も尊重することで、調和が生まれるでしょう。,一対一の関係では相手に情熱的に向き合い、自信に満ちた頼れる存在として映りやすいでしょう。,華やかな社交性と交渉力で、人との出会いを刺激に変え、営業や広報で輝かしい成果を出しやすいでしょう。,自分だけでなく相手も輝ける関わり方を意識することで、お互いを高め合えるドラマチックな関係が築けます。,パートナーと共に人生の舞台を輝かせることに情熱を注ぎ、互いを高め合う劇的な関係を好む配置。,あなたは人との出会いを人生を彩る舞台と捉え、情熱的なアプローチでドラマチックな関係性を築いていくでしょう。互いに尊敬し高め合える絆を強く求めますが、真の協調と信頼を育むことで、関係性はより輝きを増します。
Mars,Leo,8,深い探求と変容を恐れず、情熱的に本質を追求する,恐れを知らない情熱で、物事の奥底や人との深い絆を探求し、自らを変容させていくタイプです。,強烈な意志と深い洞察力で物事の本質を追求し、情熱的に自己表現することで、変化を恐れず大きな成果につなげられます。,深い関係性において、強い支配欲や執着が出やすい傾向です。相手を尊重し、柔軟な思考を心がけることで、穏やかな関係が保てます。,深い関係では誇り高い情熱を示し、相手と忘れがたいほどの強い絆を築くでしょう。,強い意志力と洞察力で物事の本質を深く探求し、組織の変革や資産管理で強みを発揮するでしょう。,コントロール欲を抑え他者に権限を委ねることで、深い絆を通じて個人の力を超えた大きな変容を成し遂げられます。,共有する絆やエネルギーを劇的に変容させ、魂を震わせる深い愛のために戦う配置。,あなたは物事の奥底や人との深い絆を探求することに情熱を燃やし、魂を揺さぶるような変容を恐れません。その強烈な影響力を愛に基づく責任へと向け、真に深い一体感を築くことで、内なる力を昇華させていくでしょう。
Mars,Leo,9,壮大なビジョンを抱き、理想を求めて情熱的に探求する,壮大なビジョンを胸に、理想や真実を求めて情熱的に探求し、視野を広げていくタイプです。,壮大な理念を情熱的に表現し、揺るぎない信念と優れた指導力で、自ら学びを深めながら視野を広げ、成果を生み出すことができます。,自分の思想を強く主張しすぎて、独善的になりがちです。異なる視点にも耳を傾け、謙虚に学ぶ姿勢が視野を広げるでしょう。,自分の信念や理想を堂々と語るため、周囲には熱い情熱を持った魅力的な人物として印象に残るでしょう。,高い理想と探求心を武器に、高等教育や出版で信念を伝え、人々にインスピレーションを与えるでしょう。,知識をひけらかさず真理を謙虚に探求することで、広い視野が社会を導く普遍的な知恵へと進化します。,高潔な理想を哲学として掲げ、自らの思想を華々しく世界へ示すために行動する配置。,あなたは高潔な理想と壮大なビジョンを胸に抱き、真実を求めて情熱的に探求し、自身の視野を劇的に広げていきます。そのダイナミックな学びと探究心は、謙虚に多様な真理に耳を傾けることで、さらに深みを増すでしょう。
Mars,Leo,10,キャリアを通して自己表現し、社会で輝かしい存在となる,仕事や社会的な役割において、情熱的に自己表現し、輝かしいキャリアと社会的な評価を築き上げるタイプです。,優れたリーダーシップと開拓力で、社会において情熱的に自己表現し、堂々と人や物事を統率しながら輝かしい成果を築く力があります。,社会的な評価に執着しすぎると、周りを支配的に見てしまいがちです。周りの意見も尊重し、協調性を意識すると良いでしょう。,社会的な場では自然と中心的な存在になり、リーダーシップを発揮する統率力ある人として見られやすいでしょう。,存在感と行動力が評価され、キャリアを通して自己表現することで社会で輝かしい存在となります。,肩書きや権威に頼らず真の人徳を磨くことに努めることで、心から敬愛されるリーダーとしての地位を築けます。,社会的な成功を自らの伝説として刻むべく、圧倒的なカリスマ性で頂点を目指す配置。,あなたは社会的な役割やキャリアにおいて、情熱的に自己を表現することで輝かしい評価と地位を築き上げていくでしょう。指導者としての成功を収める一方で、公的な顔と素の自分とのバランスを大切にすることで、内なる情熱を長く燃やし続けることができます。
Mars,Leo,11,仲間と共に理想を追い、情熱的に未来を創造する,理想の未来を情熱的に描き、仲間たちと協力して、創造的なコミュニティを築き上げていくタイプです。,理想を追い求める情熱的な自己表現で、仲間を鼓舞し、企画を主導する先導力で、未来志向の目標を着実に達成できる強みです。,仲間と活動する際、独走しすぎたり注目を求めすぎたりしがちです。周りの意見を聞き、調和を大切にすると良いでしょう。,仲間の中ではあなたの情熱が際立ち、皆を鼓舞し、活気を与える主役のような存在になりやすいでしょう。,独自の理想で仲間を鼓舞し、進歩的なグループ運営や社会貢献で未来を創造し輝かしい成果を出します。,個性を発揮しつつ他者の独自性を認める寛容さを養うことで、独自のビジョンが多くの仲間に支持され形になります。,魅力的な仲間と共に壮大な未来を語り、ドラマチックな変革のためにリーダーシップを執る配置。,あなたは情熱的な理想の未来を描き、個性的で創造的な仲間たちとの交流を通じて、活力あるコミュニティを築き上げていくでしょう。グループの中心として輝きながらも、仲間の才能をプロデュースする視点を持つことで、より壮大な未来が拓きます。
Mars,Leo,12,秘めたる情熱を解き放ち、内なる創造性を表現する,内面に秘めた情熱と創造性を解放し、無意識の世界からインスピレーションを得て表現していくタイプです。,内面に秘めた情熱と豊かな想像力を表現することで、精神的な誇りを感じながら、癒しと創造的な成果を生み出すことができます。,現実から逃避し、自分だけの世界に閉じこもりがちです。内なる情熱を創造的に表現する機会を見つけると、心が満たされます。,表立って行動しなくても、内には強い誇りと情熱を秘め、静かながらも確かな存在感を放ちやすいでしょう。,豊かな想像力と深い内面世界を活かし、秘めた情熱で創作や精神的な探求を通じて人を癒やす力を発揮します。,孤独を恐れず静寂の中で内面を整えることで、無意識下にある創造的なエネルギーを社会のために役立てられます。,内なる王者のような情熱を一人の時間で静かに練り、密かな創作活動を劇的に進める配置。,あなたは内面に秘めた強固な情熱と創造性を持ち、無意識の世界から得たインスピレーションで独自の理想世界を構築します。その豊かな内面的なビジョンを現実世界に表現していく勇気を持つことで、真の自己解放へと繋がるでしょう。
Mars,Virgo,1,完璧を目指す情熱で、自分自身を磨き高めていく,完璧を目指す情熱で、自分自身の立ち居振る舞いや第一印象を緻密に磨き上げていくタイプです。,鋭い分析力と改善力で自分自身を磨き続け、実務能力を活かして着実に自己表現し、完璧を目指す情熱が強みです。,完璧主義が過ぎると、自分自身を批判しがちです。頑張っている自分を認め、少し肩の力を抜くことで、心が軽くなります。,きびきびとした動きと細やかな気配りが際立つため、周りからは誠実で頼れる人として見られやすいでしょう。,緻密な分析力と実務能力を活かし、正確さが求められる専門職で個性を発揮し厚い信頼を得るでしょう。,欠点だけでなく全体を肯定する視点を持つことで、持ち前の観察力が生産的なアドバイスへと変わります。,精密な実行力と規律ある行動が個性に表れ、物事を完璧に整えるために尽力する配置。,あなたは完璧を目指す情熱で、自身の立ち居振る舞いや第一印象を緻密に磨き上げ、実務的かつ分析的な有能さを発揮します。しかし、自分を厳しく律しすぎず、心身のバランスを保つための適度な緩和を取り入れることで、より持続的な輝きを放つでしょう。
Mars,Virgo,2,才能を分析し、確実な行動で豊かさを築き上げる,自分の才能を分析し、計画的かつ確実な行動で、着実に豊かさや自己価値を築き上げていくタイプです。,優れた管理力と計画性で、自らの才能や資源を効率よく整え、確実な行動で着実に豊かさを築き上げる力があります。,節約が行き過ぎて不安が募ったり、細部に執着しがちです。時には自分を労わり、心のゆとりを大切にすることで、穏やかになれます。,自分の価値観を現実的に大切にする姿勢は、周囲に堅実で信頼できる人という印象を与えやすいでしょう。,優れた金銭感覚と実務能力で才能を活かし、品質にこだわった商品開発や経理で安定した基盤を築きます。,物質的な完璧さを追求しすぎず適度なゆとりを持つことで、精神的な安心感と経済的な安定を両立できます。,緻密な金銭管理や専門スキルの習得に全力を注ぎ、実務的な方法で財産を盤石にする配置。,あなたは自身の才能を緻密に分析し、計画的かつ確実な行動で、着実に豊かな生活基盤と自己価値を築き上げます。無駄を省く賢さを持つ一方で、必要に応じた投資を忘れず、生活の喜びを育むバランス感覚がさらなる豊かさを引き寄せるでしょう。
Mars,Virgo,3,論理的な思考で学びを深め、緻密に情報を発信する,論理的な思考で学びを深め、緻密に情報を整理し、言葉を通して的確に発信していくことを大切にします。,論理的な思考力と優れた整理力で深く学び、分析に基づいた発信力で、緻密に情報を伝え成果につなげることに優れています。,思考が過剰になり神経が疲弊しやすい傾向です。批判的な発言もしがちなので、一度冷静になってから言葉を選ぶと良いでしょう。,言葉に整理力と鋭さがあり、物事を筋道立てて明確に伝える人として周囲に受け入れられやすいでしょう。,正確な情報処理と整理能力を活かし、編集や実務教育で論理的に情報を発信し信頼を築きます。,論理的な正しさだけでなく相手の感情にも配慮することで、持ち前の説得力がより温かなものになります。,正確な情報を分析して伝えることに情熱を燃やし、日常の不備を徹底的に修正する配置。,あなたは論理的な思考で学びを深め、正確な情報を緻密に整理し、実生活に役立つ知識を的確に発信していきます。その鋭い分析的知性を、他者の多様な視点を受け入れ、寛容な言葉で伝えることで、より多くの人に影響を与えるでしょう。
Mars,Virgo,4,理想の居場所を目指し、計画的に環境を整える,理想の居場所を求めて計画的に行動し、整頓された家庭や心の土台を着実に築き上げていくタイプです。,実務的な能力と計画的な継続管理で、理想の居場所を整え、安定した基盤を築く行動力があり、成果へとつなげられます。,家庭に対して細部まで完璧を求め、心配しすぎると批判的になりがちです。家族の意見を尊重し、安心できる場を心がけると良いでしょう。,親しい関係ほど細やかな気遣いと管理力を発揮し、生活を整える頼りになる存在として頼られやすいでしょう。,几帳面な管理能力で生活の質を高め、理想の居場所を目指し計画的に環境を整える活動で活躍します。,家庭内の完璧さを求めすぎず適度なリラックスを心がけることで、家族との間に和やかで安心できる関係が生まれます。,家庭内の秩序とルールを厳格に守り、実務的なサポートを通じて居場所を整える配置。,あなたは理想の居場所を求めて計画的に行動し、整理整頓された清潔な住まいと心の土台を着実に築き上げていきます。家族のために細やかに奉仕しつつも、管理が行き過ぎないよう遊び心を取り入れることで、真に心安らぐ空間を創り出すでしょう。
Mars,Virgo,5,細部にこだわり、精度の高い表現で喜びを創造する,細部にまでこだわった精度の高い自己表現を追求し、実用的な楽しみや喜びを創造していくタイプです。,細部にまでこだわる技巧と繊細な創造力で、質の高い表現を生み出し、楽しみながら精度の高い作品を制作する力があります。,恋愛や創造の場面で分析的になりすぎると、相手に批判的になり気疲れしやすいでしょう。心のままに楽しむゆとりを持つと安心です。,あなたの表現は技巧的で正確さに富み、細やかな魅力を持つ人として周囲に強い印象を残しやすいでしょう。,緻密な表現力と職人気質のこだわりで、高度な技術を伴う創作活動で才能を開花させ喜びを創造します。,評価を気にしすぎず創作の喜びを大切にすることで、自己批判の壁を越え真に独自性のある作品を生み出せます。,職人的なこだわりを持って趣味や創作に没頭し、極めて高い完成度を執拗に追求する配置。,あなたは細部にまでこだわる情熱で、精度の高い自己表現を追求し、実用的な楽しみや喜びを創造することに喜びを見出します。完璧な完成度を目指しながらも、成果だけでなく創作のプロセスそのものを楽しむことで、あなた自身の内側から真の喜びが湧き上がるでしょう。
Mars,Virgo,6,日々の業務を完璧にこなし、実用的な成果を出す,日々の業務や習慣を完璧にこなし、細やかな気配りと実用的な行動で、着実に成果を出していくタイプです。,高い実務能力と管理力で、日々の業務を効率よく改善し、完璧を追求する行動力で着実に実用的な成果を生み出すことに優れています。,仕事や日常で完璧にこだわりすぎると、過労や神経疲労につながりやすいです。適度な休息を取り、自分を労わる時間を大切にしましょう。,日常業務や仕事で実力を発揮しやすく、有能で信頼される実務家として周囲に高く評価されるでしょう。,効率を意識し正確に業務を進め、日々の仕事で実用的な成果を着実に達成しやすいでしょう。,心身の限界を超えずに適度な休息をスケジュールに組み込むことで、安定した高いパフォーマンスを継続できます。,完璧な役割遂行と献身的な実務に全エネルギーを傾け、現場の混乱を緻密に解決する配置。,あなたは日々の業務や習慣を完璧にこなし、細やかな気配りと実用的な行動で、着実に信頼される成果を出していきます。抜群の事務能力を持つ一方で、過剰な責任感で自分を追い詰めず、適度な休息を意識することで、その実力を長く発揮できるでしょう。
Mars,Virgo,7,相手の役に立つことで、信頼関係を築き上げる,相手の役に立つことを通して、緻密な気配りで信頼関係を築き、健全なパートナーシップを育むタイプです。,相手を深く分析し理解する力と、細やかな関係調整力で、人との協働を円滑に進め、厚い信頼関係と実りある成果を築き上げます。,対人関係で相手に完璧を求めすぎると、批判的になり神経が疲弊しがちです。相手のありのままを受け入れることで、心が楽になります。,一対一の関係では相手をよく観察し、誠実で実際的な対応ができる頼りになる人として映りやすいでしょう。,冷静な分析力と丁寧な対応で相手の役に立ち、専門知識を活かしたコンサルティングで信頼を築きます。,相手の至らなさを指摘せずサポートする姿勢を強調することで、お互いを高め合える円滑な関係が築けます。,誠実さと実務的な協力関係を対人関係に求め、互いを律し高め合うための交渉を厭わない配置。,あなたは相手の役に立つことを通して、緻密な気配りと誠実なサポートで揺るぎない信頼関係を築き上げます。実務的な絆を大切にしながらも、相手を情緒的に受容する視点を持つことで、より深く豊かなパートナーシップが育まれるでしょう。
Mars,Virgo,8,問題の本質を見極め、粘り強く改善を追求する,問題の本質を深く見極め、粘り強く改善を追求することで、物事の変容や深い結びつきを形にするタイプです。,鋭い心理分析と深い洞察力で問題の本質を見極め、改善を追求する粘り強い行動力で、物事を再生し、確かな成果につなげられます。,深い関係において、疑念を抱きすぎたり分析に執着しがちです。心を休ませ、相手を信頼することを心がけると、内面が癒やされます。,深い関係では慎重さと分析力が際立つため、簡単には心を開かないけれど信頼できる人として見られやすいでしょう。,深い洞察力と緻密な調査能力を活かし、問題の本質を見極め粘り強く改善を追求する力を発揮します。,秘密を守り真実を追求する誠実さを養うことで、他者からの深い信頼を得て重要な役割を任せられます。,共有資産や深い絆を緻密なデータで管理し、実務的な問題を解決して関係を刷新する配置。,あなたは問題の本質を深く見極め、粘り強く改善を追求することで、物事をより良い方向へと変容させる行動力を持っています。共有する絆や資産を緻密に管理しつつも、大局を見て寛容な姿勢を保つことで、真に深い信頼関係を築き上げるでしょう。
Mars,Virgo,9,高度な知識を追求し、実用的な哲学を探求する,高度な学問や哲学を実用的な視点から追求し、探求心を持って行動することで、確かな見識を身につけます。,深い理解力と分析的な思考で、高度な理論を探求し、実用的な哲学を追求する情熱的な行動力で、学びを成果につなげます。,理屈に偏りすぎて他者の思想を批判し、視野が狭くなりがちです。多様な考え方に触れ、柔軟な視点を持つと、新しい発見があるでしょう。,自分の考えや信念を現実に沿って論理的に整理するため、理性的で筋の通った人として受け入れられやすいでしょう。,向上心と緻密な学究心で高度な知識を追求し、実用的な教育活動で活躍できるでしょう。,知識を整理するだけでなく信念に結びつけて発信することで、広い視野が人生を導く力強い知恵になります。,実生活に直結する専門知識を極めることに情熱を燃やし、情報を整理して人生の指針を立てる配置。,あなたは高度な学問や哲学を実用的な視点から追求し、探求心を持って行動することで確かな見識と知恵を身につけます。鋭い分析力を持つ一方で、理論の正しさだけでなく現実の多様な解釈を受け入れる柔軟な学びが、あなたの世界をさらに広げるでしょう。
Mars,Virgo,10,緻密な計画でキャリアを築き、社会に貢献する,緻密な計画と実用的な行動力でキャリアを着実に築き、社会的な使命を全うすることで貢献していくタイプです。,高い実務能力と改善力で社会的な役割を統率し、緻密な計画に基づく行動で、信頼される確かな成果を築き上げる力があります。,評価への不安から完璧主義になり、仕事に執着しすぎると疲弊しがちです。適度に肩の力を抜き、自分を労わる時間も大切にしましょう。,社会的な場では有能さと正確さが際立つため、責任感の強い信頼できる人として高く評価されやすいでしょう。,実務力や改善力が評価され、緻密な計画でキャリアを築き、社会に貢献することで信頼を得やすいでしょう。,結果だけでなく内面的な充足感を大切にすることで、周囲の期待に押しつぶされない真の自信と地位を確立できます。,卓越した実務能力を社会的な武器にし、着実な貢献によって揺るぎない地位を獲得する配置。,あなたは緻密な計画と実用的な行動力で着実にキャリアを築き、社会的な使命を全うすることで貢献していくタイプです。信頼される専門家として高く評価されますが、完璧主義がストレスにならないよう、適度な妥協を自分に許すことが、長く活躍するための鍵となるでしょう。
Mars,Virgo,11,仲間と協力し、より良い社会の実現に向けて行動する,仲間と協力し、緻密な計画と行動力で、より良い未来の実現やコミュニティの改善に貢献していくタイプです。,優れた計画力と実務的な協力で仲間と組織を調整し、より良い社会を目指す未来志向の行動力で、着実に成果を生み出します。,仲間に対し完璧を求めすぎると、批判的になったり神経が疲弊しやすい傾向です。互いの良い点を認め合うことで、調和が生まれるでしょう。,仲間の中では実務や調整役を率先して担い、皆が活動しやすいよう場を整える頼れる存在になりやすいでしょう。,整理されたビジョンと実務的な貢献で、仲間と協力しより良い社会の実現に向けた行動で活躍します。,理想を追うだけでなく現実に即した改善策を仲間と形にすることで、集団の中での信頼と独自の地位が強固になります。,具体的な社会改善を目指す仲間と協力し、緻密な計画を立てて理想の未来を構築する配置。,あなたは共通の改善目標を持つ仲間と協力し、緻密な計画と行動力で、より良い未来の実現やコミュニティの改善に貢献します。有能な参謀として重宝される一方で、理屈だけでなく温かな配慮で仲間のやる気を育むことで、活動はさらに大きく花開くでしょう。
Mars,Virgo,12,内なる完璧を求め、精神的な平穏と改善を目指す,内なる完璧を求め、自己の内面や無意識の領域を探求し、精神的な癒しと改善を追求するタイプです。,優れた内省分析力と精神整理の能力で、内面を磨き、忍耐力を持って癒しと心の平穏を追求し、自分自身を高めることができます。,無意識のうちに自己批判が強まり、不安が増幅し思考の迷路に陥りがちです。自分に優しく、心の平穏を保つことを意識すると良いでしょう。,表立っては控えめでも、鋭い観察眼で静かに周囲を支える、思慮深い人として映りやすいでしょう。,繊細な感性と内省的な実務能力を活かし、内なる完璧を求める静かな創作活動で才能を発揮します。,内面的な不安を整理するために思考を書き出すことで、精神的な混乱を避けクリアな分析力を現実世界で活かせます。,内面にある完璧主義を一人の時間で静かに調整し、人知れぬ実務や奉仕にエネルギーを使う配置。,あなたは内なる完璧を求め、自己の内面や無意識の領域を探求することで、精神的な癒しと改善を追求します。高い内省能力を秘め、人知れず他者をサポートする一方で、自分自身の不備も慈愛をもってあるがままに許すことが、真の平穏へと繋がるでしょう。
Mars,Libra,1,バランス感覚で自分を表現し、洗練された個性を築く,洗練されたバランス感覚で自分自身を美しく表現し、調和の取れた第一印象を大切にするタイプです。,優れた調整力と社交性を活かし、洗練された対人感覚で自分を表現し、常に調和を意識して行動できる点が強みです。,他者優先が過ぎると、自己表現が曖昧になり優柔不断になりがちです。自分の意見も大切にし、バランスを取ることを心がけると安心です。,あなたの対人姿勢は洗練され行動力があり、周囲からは感じの良い魅力的な人として親しまれやすいでしょう。,洗練された社交性と公平な判断力で、対人交渉や調整が必要な現場でリーダーシップを発揮するでしょう。,自分の意見を後回しにせず対等な立場で主張する勇気を持つことで、持ち前の調和力が確かな成果に繋がります。,洗練された社交性と美意識を行動の指針とし、他者と調和しながら自己を表現する配置。,あなたは洗練されたバランス感覚で自分自身を美しく表現し、調和の取れた第一印象を大切にしながら個性を築きます。高い調整能力を持つ一方で、周囲に配慮しすぎず、自分軸の主張を明確にすることで、あなたらしさが一層輝きを放つでしょう。
Mars,Libra,2,美意識と公平さで、共感される価値と豊かさを生む,美意識と公平さを大切にし、人々に共感される価値や豊かさを、調和的な行動で築き上げていくタイプです。,美意識と公平な価値調整の感覚を活かし、他者と調和しながら行動することで、共感を呼ぶ豊かさを生み出すことができます。,見栄のために浪費したり、価値の判断が迷走しがちです。本当に必要なものかじっくり考え、自分の基準を持つことを心がけると良いでしょう。,自分の価値観を人との調和を保ちながら表現し、周囲にバランス感覚のある穏やかな人という印象を与えやすいでしょう。,バランスの取れた価値基準と美意識を活かし、ファッションやデザインで共感される豊かさを生み出します。,物質的な価値だけでなく自分自身の納得感も大切にすることで、経済的な安定と精神的な充足を両立できます。,美意識や対人スキルを活かしてスマートに稼ぎ、上品な生活環境を整えるために動く配置。,あなたは美意識と公平さを大切にし、洗練された対人スキルを活かした調和的な行動で、人々に共感される価値と豊かさを築きます。上品な生活を追求する一方で、見栄のための支出には注意し、実質的な財政基盤を堅固に保つことが長期的な安定へと繋がるでしょう。
Mars,Libra,3,人との対話や学びを通して、調和を広げる行動を起こす,人との対話や学びを重視し、調和的なコミュニケーションを通して、より良い関係性を広げるタイプです。,優れた対話力と説得力、そして調停力で、人と人との調和を生み出す行動ができ、円滑なコミュニケーションを築くことに優れています。,他者に合わせすぎて、発言が曖昧になったり思考が優柔不断になりがちです。自分の意見も大切にし、自信を持って伝えることを心がけましょう。,対話の中で場の流れを整えつつ自分の意見も伝え、気の利く話し相手として周囲から好感を持たれやすいでしょう。,洗練された言葉選びと公平な伝達力で、人との対話や学びを通して調和を広げる行動で信頼を築きます。,表面的な美しさだけでなく本音で議論する姿勢を養うことで、持ち前の説得力がより多くの人の心を動かす知恵に変わります。,客観的で公平な対話を日常の交流にもたらし、言葉で美的なバランスを調整する配置。,あなたは人との対話や学びを重視し、公平で洗練されたコミュニケーションを通じて、関係性の調和を広げる行動を大切にします。仲裁役として知性を発揮する一方で、時には明確な意思表示をすることで、議論の本質を深め、より健全な関係性を築くことができるでしょう。
Mars,Libra,4,家庭や居場所を整え、心の平和と安定を築くために行動する,家庭や居場所を調和で満たすため、心の平和と安定を築くために積極的に行動していくタイプです。,美意識と関係配慮の心で家庭や居場所を調和させ、心の平和と安定を築くための行動力があり、周囲に安らぎをもたらします。,家庭内で衝突を恐れるあまり、判断が迷走しがちです。時には自分の意見も伝え、皆で協力して解決していく意識を持つと安心です。,親しい関係では穏やかな均衡を保とうとし、皆が心地よくいられるよう場を整える存在になりやすいでしょう。,穏やかで論理的な環境を築く力を持ち、家庭や居場所を整え心の平和と安定を生む活動で活躍しやすいでしょう。,家族に気を遣いすぎず本音の交流を大切にすることで、家庭内での信頼が深まり揺るぎない安心感が生まれます。,家族間の調和を第一に考えて行動し、洗練された平穏な居場所を維持するために奔走する配置。,あなたは家庭や居場所を調和で満たすため、美しく洗練された環境を整え、心の平和と安定を築くために積極的に行動します。家族間の摩擦を嫌いながらも、平和を維持するために不満を溜め込まず、冷静な対話で問題を解決する姿勢が、より深い絆を生むでしょう。
Mars,Libra,5,喜びや創造性を追求し、人との関係性に美と調和をもたらす,喜びや創造性を追求し、人との関係性や自己表現に美と調和をもたらす行動を大切にするタイプです。,持ち前の魅力的な表現力と美的創造力で、喜びを生み出す行動ができ、人との関係性に美しい調和をもたらすことに優れています。,恋愛や創造において、相手の評価を優先しすぎて依存しがちです。自分の心の声にも耳を傾け、自立した関係を育むと良いでしょう。,魅力的な表現に社交性が加わり、華やかで感じの良い人として周囲に強い印象を残しやすいでしょう。,卓越したセンスと社交性で、芸術制作やイベント企画などクリエイティブな分野で才能を放ちます。,楽しみを他者と比較せず純粋な自己表現を追求することで、一時の流行に左右されない確かな実績を築けます。,優雅な遊びや社交的な恋愛を楽しみ、美的な調和を大切にした自己表現に情熱を注ぐ配置。,あなたは喜びや創造性を追求し、優雅な社交や洗練された表現を通して、人との関係性に美と調和をもたらします。高い美的センスを持つ一方で、他者からの評価よりも自分自身が純粋に熱中できる対象を持つことで、内なる輝きをより深く表現できるでしょう。
Mars,Libra,6,日々の仕事や奉仕活動で、人と協力し調和を生み出す,日々の仕事や奉仕活動で人と協力し、調和的な関係を築きながら、公平な解決策を生み出すタイプです。,優れた協働力と調整力で、日々の仕事や実務を円滑に進め、調和を意識した行動で、着実に実用的な成果を生み出すことができます。,仕事で優柔不断になり、判断が遅れたり責任回避しがちです。自分の意見を明確に持ち、主体的に行動することで、良い成果に繋がるでしょう。,人との連携の中で最も力を発揮しやすく、周囲からは調整力に長けた協力的な人として評価されやすいでしょう。,人と協力して調整を行いながら、日々の仕事や奉仕活動で調和を生み出しバランスよく業務を進めます。,自分を犠牲にせず適度な自己主張を心がけることで、安定した高いパフォーマンスを継続できます。,職場環境を美しく整え、人間関係の調整役として立ち回ることで業務を円滑に進める配置。,あなたは日々の仕事や奉仕活動において、人と協力し調和的な関係を築きながら、公平な解決策を生み出すことに長けています。職場の人間関係を円滑に調整する能力は素晴らしいですが、周囲への過剰な気遣いよりも適度な自己主張を保つことで、真の貢献を果たすことができます。
Mars,Libra,7,パートナーシップを重視し、公平性と調和を保ちながら行動する,パートナーシップを重視し、常に公平性と調和を保ちながら、相手と共に積極的に行動していくタイプです。,社交的な魅力と協力力を活かし、パートナーシップを重視して関係性を調和させながら、公平に行動し成果へとつなげる力があります。,対人関係で相手に依存しすぎると、判断が迷走しがちです。自分の意見もしっかり持ち、対等な関係を築くことで、より調和が生まれます。,一対一の関係では対等な立場を大切にするため、話し合いで信頼関係を築ける誠実な相手として映りやすいでしょう。,公平な対人交渉力と洗練された社交術で、パートナーシップを重視する業務で大成するでしょう。,相手に合わせすぎず対等な立場で話し合うことで、依存を排除した真の相互理解に基づいた関係が築けます。,パートナーシップの調和のためにエネルギーを使い、常に相手とのバランスを考えた行動を取る配置。,あなたはパートナーシップを人生の重要な舞台と捉え、常に公平性と調和を保ちながら相手と共に積極的に行動していきます。洗練された社交性で均衡の取れた関係を築きつつも、自己を抑圧せず、自律した個としての強さを保つことで、揺るぎない絆を深めるでしょう。
Mars,Libra,8,深い絆を育み、他者と調和しながら本質的な変化を追求する,他者との深い絆を育み、調和を保ちながら、物事の本質的な変化や共有を追求していく行動力があります。,深い心理理解と関係洞察力を活かし、他者と調和を保ちながら深い絆を育む行動力があり、本質的な変化を追求できます。,深い関係性において、相手を操作したり執着しがちです。相手の気持ちを尊重し、心のゆとりを持って接することで、信頼関係が深まります。,深い関係でも常に均衡を意識し、落ち着いた距離感を保ちながら信頼を築いていく傾向があります。,物事の本質や関係性のバランスを見抜く力を活かし、他者と調和しながら本質的な変化を追求するでしょう。,猜疑心を抑え客観的なデータで判断することで、個人の力を超えた大きな変容を社会にもたらします。,共有資産や深い絆を公平な視点で扱い、他者との調和ある一体化のために尽力する配置。,あなたは他者との深い絆を育むことに情熱を注ぎ、調和を保ちながら物事の本質的な変化や共有を追求します。共有する資産や精神的な融合においても理性を保ちつつ、時には本音の衝突を恐れずに踏み込むことで、真に揺るぎない信頼関係を築き上げるでしょう.
Mars,Libra,9,広い視野で真理を探求し、多様な意見を調和させて行動する,広い視野で真理を探求し、多様な意見を調和させながら、高い視点から行動を起こしていくタイプです。,広い視野で真理を探求する理解力と、多様な意見を調和させる対話力で、理想の実現に向けた行動力を発揮できます。,自分の思想や信念が曖昧になり、判断に迷いやすい傾向です。様々な視点を取り入れつつ、自分の意見を明確に持つことが大切です。,価値観の違いも対話で柔軟に調整し、広い視野で人々と関わるため、好感を持たれやすいでしょう。,高い美意識と公平な探求心で真理を追求し、広い視野で多様な意見を調和させ多くの人に影響を与えるでしょう。,知識を整理するだけでなく信念を行動に落とし込むことで、広い視野が人生を導く力強い知恵へと進化します。,客観的な正義や平和を真理として学び、世界を美しく整えるための活動に情熱を燃やす配置。,あなたは広い視野で真理を探求し、多様な意見を調和させながら、普遍的な正義や平和、美学を求めて行動します。客観的な理想を追求しつつも、現実の泥臭い課題にも目を向け、具体的な解決策を模索することで、あなたの理想は現実世界に根付き、より確かなものとなるでしょう。
Mars,Libra,10,社会的な目標達成に向け、公平な態度で調和を築きながら行動する,社会的な目標達成に向け、常に公平な態度で調和を築きながら、積極的に行動していくタイプです。,優れた社交力と調整力で、社会的な役割において信頼を築き、公平な態度で調和を保ちながら、着実に目標を達成する強みがあります。,評価に依存し、決断や責任を回避しがちです。自分の意見を明確にし、主体的に行動することで、社会的な信頼を得やすくなるでしょう。,社会的な場では優れた対人調整力を発揮し、洗練されたスマートな人として周囲から高く評価されやすいでしょう。,公平な態度と対人スキルが評価され、調和を築きながら社会的な目標達成に向けて信用を得やすいでしょう。,世間体や評価に惑わされず自身の信念に基づいて誠実に語ることで、心から尊敬される真の指導者となれます。,社交性と美的センスを社会的な武器にし、平和を愛する洗練されたリーダーとして活躍する配置。,あなたは社会的な目標達成に向け、持ち前の社交性と美的センスを活かして、常に公平な態度で調和を築きながら積極的に行動します。洗練されたリーダーシップを発揮しつつも、公的なイメージに囚われすぎず、本心からの行動を大切にすることで、長く輝かしいキャリアを築き上げるでしょう。
Mars,Libra,11,仲間との協調性を大切にし、調和ある未来を追求する行動,仲間との協調性を大切にし、調和の取れた未来を追求するために、コミュニティで積極的に行動するタイプです。,優れた社交力と協力的な企画力で、仲間との調和を大切にしながら、未来志向の目標達成に向けて積極的に行動する力があります。,仲間に対して迎合しすぎたり、判断が迷走し依存的になりがちです。自分の意見も大切にし、協力することで、より良い関係が築けるでしょう。,仲間の中では人をつなぎ、グループの調和を保ちながら、皆を動かす均衡役になりやすいでしょう。,平和的な対人センスと広いネットワークを活かし、仲間と協調し調和ある未来を追求する活動で輝きます。,個人の意見を大切にしつつ全体の調和を図ることで、独自のビジョンが多くの仲間に支持され形になります。,洗練された仲間と平和な未来を夢見、調和のとれたネットワークを広げるために行動する配置。,あなたは仲間との協調性を大切にし、調和の取れた未来を追求するため、平和主義で洗練されたグループ活動に積極的に貢献します。公平な未来を描きながらも、時には衝突を恐れずに必要な変革をスマートに提案する強さを持つことで、理想は現実のものとなるでしょう。
Mars,Libra,12,内なる声に耳を傾け、心の平穏と調和のために行動する,内なる声に耳を傾け、心の平穏と調和のために、自己の内面と向き合い癒しを求めて行動するタイプです。,豊かな想像力と共感的な理解で内なる声を調和させ、心の平穏と癒しを追求する行動力があり、周囲に穏やかさをもたらします。,他者優先が過ぎると、現実を回避したり自分を見失いがちです。心の声に耳を傾け、自分自身を大切にすることで、内面の平和が訪れます。,表立って前へ出るよりも、静かに人との関係性を整え、場全体の調和を保つ人として映りやすいでしょう。,豊かな想像力と洞察力で、カウンセリングや裏方での調整、静かな創作活動で力を発揮するでしょう。,一人の時間を大切にし内面を整える習慣を持つことで、クリアな直感を現実世界で活かせます。,内面にある高い美意識を一人の時間で思索し、芸術的な感性を静かな場所で磨き上げる配置。,あなたは内なる声に耳を傾け、心の平穏と調和のために、自己の内面と向き合い癒しを求めて行動します。高い審美眼を秘め、瞑想的な活動で理想的な調和をイメージしつつも、その豊かな感性を現実世界へと表現することで、真の自己充足を見出すでしょう。
Mars,Scorpio,1,自分の本質と向き合い、揺るぎない自己を徹底的に確立する,自分の本質を深く見つめ、欲しいものへ徹底的に行動することで、揺るぎない自分を表現していくタイプです。,物事の本質を深く見抜き、揺るぎない意志と集中力で、あなたらしい自己表現を形にする力があります。,自分の考えに執着しすぎると、行動が前のめりになり周りと衝突しやすいので、柔軟な姿勢を意識すると良いでしょう。,静かながらも揺るぎない存在感がにじみやすく、周りからは安易に流されない芯の強い人として見られやすいでしょう。,強い意志と鋭い洞察力で物事の本質を追求し、専門職や極限の現場で個性を発揮します。,内に秘めた激しい情熱を論理的な言葉で表現することで、あなたのカリスマ性は周囲に安心感を与える力へと変わるでしょう。,底知れない洞察力と強靭な意志が表に現れ、本質を貫くために徹底的な行動を取る配置。,あなたの行動力は、物事の深奥を見通す鋭い洞察力と、揺るぎない自己を確立するための劇的な変容を促す強烈なエネルギーとなります。その圧倒的なカリスマ性は人々を惹きつけますが、他者への深い信頼を育むことで、より調和の取れた力強い自己表現が可能になるでしょう。
Mars,Scorpio,2,秘めた才能を徹底的に活かし、本質的な豊かさを手に入れる,秘めた才能を徹底的に活かす行動力で、本質的な豊かさや自分らしい価値を築き上げていくでしょう。,秘めた才能を掘り起こし、困難を乗り越える執念と再生力で、本質的な豊かさを築ける強みがあります。,物や人への所有欲が強すぎると、時に強欲に見られがちです。信頼をベースに関係を築くことで豊かさが深まります。,自分の価値観や大切なものを深く守ろうとするため、周囲には芯の強い人という印象を与えやすいでしょう。,本質を見抜く力と徹底した管理能力で、金融や資産運用など実利的な実務で安定を築くでしょう。,所有への強い執着を緩め資源の循環を意識することで、物質的安定と精神的な満足を両立できるでしょう。,不屈の生存本能で巨大な富を追求し、目に見えない資源を自らの力で手に入れる配置。,あなたの行動力は、心底から価値あると感じるものへの深い集中力となり、揺るぎない財政基盤を徹底して築き上げるでしょう。確実な所有を好む性質ですが、物質的な執着から解放され、豊かさを循環させる意識を持つことで、精神的にも満たされた真の豊かさを手に入れます。
Mars,Scorpio,3,表面に惑わされず、物事の本質を深く学び探求する行動,物事の本質を深く探求する知的好奇心が旺盛で、得た情報を言葉や交流で表現する行動力があります。,表面的な情報に惑わされず、物事の本質を深く探究し、その洞察を力強く伝えることに優れています。,考えに固執しやすく、時に疑い深くなりがちです。オープンな視点を持つことで、より深く本質が見えてくるでしょう。,言葉に鋭さと深みが宿りやすく、物事の本質を突く話し方をする人として周囲に受け入れられやすいです。,鋭い分析力と重みのある言葉で、調査・研究や本質的な対話を通して深い信頼を築きます。,批判だけでなく他者の良い面を見出す努力をすることで、あなたの説得力は温かさを増し影響力が高まるでしょう。,言葉の裏側を暴く徹底的な調査に情熱を燃やし、核心を突く情報交換で周囲を動かす配置。,あなたの行動力は、表面的な情報に惑わされることなく物事の真髄を深く探求し、その本質を言葉や交流で鋭く表現する力となります。優れた洞察力は時に核心を突きすぎることがあるため、相手への配慮と節度を保つことで、より建設的で信頼されるコミュニケーションを築けるでしょう。
Mars,Scorpio,4,心の奥深くにある基盤を探り、揺るぎない安心感を築く,心の奥深くにある基盤を探り、欲しいものを手に入れる行動力で、揺るぎない安心感の場所を築くタイプです。,家族や大切な場所を守り抜く強い意志と深い愛情で、揺るぎない安心感を築き上げる力があります。,家族への愛情が深いあまり、支配的になりやすい傾向があります。お互いの感情を尊重し、安心できる場を作ることを大切に。,親しい人には強い愛情と守りの気持ちが向きやすく、深く濃い絆を築ける人として受け止められやすいでしょう。,深い洞察力と守り抜く力で、家業再建や不動産、安心を築く実務で力を発揮するでしょう。,内なる感情を正論でぶつけず穏やかな受容を心がけることで、家族との信頼が深まり安心感が生まれます。,家系や居場所の深い因縁と向き合い、魂の底から強固な基盤を再構築するために戦う配置。,あなたの行動力は、家族との運命的な深い絆を守り育むこと、そして外部から守られた揺るぎない心の聖域を築くことに向けられます。身内への深い情愛は大きな力となりますが、家族一人ひとりの自主性を尊重し、支配的になりすぎない温かい配慮が、真の安心感を育む鍵となるでしょう。
Mars,Scorpio,5,深い情熱を傾け、本質的な喜びを生み出す創造的な行動,深い情熱と本質的な喜びを追求する行動力で、自分らしい創造的な表現や楽しい体験を生み出すでしょう。,深い情熱と集中力で物事の本質を捉え、魅力あふれる創造力で心からの喜びを生み出すことに優れています。,恋愛において深い情熱が、嫉妬や支配欲に変わりやすいので、相手を信頼し尊重する気持ちを大切にしましょう。,自己表現に深い情熱と引力が出やすく、忘れられない強い魅力を持つ人として周囲の印象に残りやすいでしょう。,深い情熱と創造性で芸術やエンタメ、一点集中を要する分野で才能を放つでしょう。,他者の評価に惑わされず魂が震える表現を追求することで、時代を超えて人の心に深く響く作品を生み出せます。,命がけの情熱を創作や恋愛にぶつけ、深淵を覗くような表現を完遂することに執念を燃やす配置。,あなたの行動力は、魂を揺さぶるような深い恋愛や、命がけとも思えるほど情熱を傾ける創造的な自己表現において爆発的に発揮されます。極限的な喜びを追求する情熱は、嫉妬や執着に囚われることなく、純粋な創造力へと昇華させることで、あなた自身の本質的な輝きを放つでしょう。
Mars,Scorpio,6,日々の業務に深く集中し、問題の本質を解決する行動力,日々の業務に深く集中し、問題の本質を見抜く行動力で、欲しい成果を着実に達成していくでしょう。,日々の業務に深く集中し、問題の本質を見極めて根本から改善する、強い再生力と行動力が強みです。,仕事に没頭しすぎて、周りを巻き込み支配的になりがちです。協力と休息を意識することで、無理なく続けられます。,表向きは控えめでも仕事や役割には深く集中し、本気度の高い真剣な人として周囲に受け入れられやすいです。,問題の本質を見極め、深く集中して日々の業務に取り組むことで大きな成果を出すでしょう。,完璧を求めすぎず適度なゆとりを持つことで、安定した高いパフォーマンスを無理なく継続できるでしょう。,組織の闇や根本的な問題を解決するために献身し、極限の現場を根底から作り直す配置。,あなたの行動力は、日々の業務における根本的な問題を見抜き、どんな過酷な状況下でも献身的に解決へと導く驚異的な集中力として発揮されます。その揺るぎない探求心は素晴らしいものですが、心身の限界を超えずに、適度な休息と緩和を取り入れることが、持続的な成果を生む秘訣となるでしょう。
Mars,Scorpio,7,人との深い絆を求め、本質的な関係性を築くために行動する,人との本質的な深い絆を求め、欲しい関係を築くために、対等で真剣なパートナーシップを形成するでしょう。,人との関係の本質を深く洞察し、揺るぎない忠誠心と信頼で、強固な絆を築き上げる行動力があります。,人との深い関係を求めるあまり、嫉妬や支配欲が顔を出すことも。相手の自由を尊重することで、絆が深まります。,一対一の関係では深く関わろうとしやすく、表面的な付き合いより本気の絆を求める傾向があります。,深い洞察力と真実を追求する姿勢で、カウンセリングや法律分野での活躍が期待できるでしょう。,相手をコントロールせず自立した個人として尊重することで、お互いを高め合えるパートナーシップを築けます。,運命的な深い絆を対人関係に求め、相手との一体化を成し遂げるために全霊を注ぐ配置。,あなたの行動力は、互いの魂が深く共鳴するような一体感のあるパートナーシップを築き、維持するために注がれます。究極の信頼関係を求める情熱は素晴らしいですが、相手をコントロールしようとするのではなく、自由を認め尊重する姿勢が、かけがえのない長期的な絆を育むでしょう。
Mars,Scorpio,8,本質的な変容を恐れず、生まれ変わる力を発揮する行動,本質的な変容を恐れず、欲しいものへ向かって行動し、深い繋がりや再生を通じて生まれ変わる力を発揮します。,困難を乗り越え自らを再生させる強い精神力と洞察力で、深い結びつきの中で変革を起こせるのが強みです。,物事を深く考えすぎ、極端な方向へ進みがちです。変化を恐れず、新しい視点を取り入れることで道が開けます。,信頼関係においては本音と覚悟を重視し、お互いの成長を促す濃密な関係を築きやすいでしょう。,組織の変革や再生を促す力で、資産運用、心理療法、再編に関わる実務で真価を発揮します。,他者と深い信頼関係を築きリソースを共有することで、個人の力を超える大きな変容を社会にもたらせるでしょう。,共有するエネルギーや秘密を徹底的に管理し、死と再生を繰り返すような濃密な体験を求める配置。,あなたの行動力は、特定の相手との深い共有や、生死や神秘に関わる体験、そして受け継がれてきた遺産の変容と再生に注がれます。その過程で強大な影響力を発揮しますが、感情的な執着に囚われすぎず、冷静で客観的な管理能力を磨くことで、真の変容と力を使いこなせるでしょう。
Mars,Scorpio,9,表面に惑わされず、真理の核心を深く探求し、行動する,表面に惑わされず真理の核心を深く探求し、欲しい知識や高い視点を求めて積極的に行動するタイプです。,表面的なことに囚われず、真理の核心を深く探求し、揺るぎない信念で行動できる洞察力に優れています。,自分の考えに強く執着しすぎて、視野が狭くなりがちです。多様な意見に耳を傾けることで、新しい発見があるでしょう。,信念や考えを深く掘り下げて語るため、揺るぎない思想の持ち主として周囲に受け入れられやすいです。,真理を深く探求する力で、学問、宗教、神秘的な分野において信念を広める役割を担います。,知識を深めるだけでなく現実社会で活かす意識を持つことで、人生を導く力強い知恵へと進化します。,生と死の神秘を真理として探求し、高度な学びを通じて魂の覚醒を果たすために行動する配置。,あなたの行動力は、深遠な真理や生死の神秘を徹底的に探求し、確固たる信念に基づいた精神的な旅へとあなたを駆り立てます。その強い探求心と洞察力は素晴らしいものですが、自らの価値観を絶対視せず、他者の多様な視点にも寛容であることで、より深遠な智慧に辿り着けるでしょう。
Mars,Scorpio,10,社会的目標の本質を見極め、徹底した行動で達成する,社会的目標の本質を見極め、欲しい地位や評価を徹底した行動力で掴み取ることを大切にするタイプです。,社会的な目標の本質を見極め、強い意志と再生力で、周囲を統率しながら確実に成果を出す力があります。,社会的な評価や権力にこだわりすぎると、支配的になりやすいので、謙虚な姿勢を心がけることで信頼を得られます。,社会的な場では強い意志と圧のある行動力が表れやすく、物事を力強く動かす人として周囲に映りやすいでしょう。,社会的目標の本質を見極め、粘り強い行動力で影響力を発揮し、重要な役割を担います。,肩書きに固執せず内なる誠実さを語ることで、周囲から心から尊敬される指導者としての地位を確立できるでしょう。,圧倒的なカリスマ性で社会のタブーを突破し、劇的な変容を成し遂げて権力を握る配置。,あなたの行動力は、圧倒的なカリスマ性を伴い、社会の核心を担う役割や、根本的な変革を成し遂げるキャリア形成において力強く発揮されます。その不屈の再生力とリーダーシップは真の強みですが、権力を独占するのではなく、周囲と力を分かち合うことで、より確固たる成功と深い信頼を築けるでしょう。
Mars,Scorpio,11,仲間との深い絆を大切にし、理想の実現に情熱を燃やす,仲間との深い絆を大切にし、理想の未来像を実現するため、欲しいものを情熱的に追い求める行動力があります。,仲間との深い絆を大切にし、強い信頼と再生力で、理想の未来を共に実現していく行動力があります。,仲間との絆を大切にするあまり、閉鎖的になったり支配的になりがちです。オープンな交流を心がけると良いでしょう。,仲間との結びつきを深く大切にするため、グループの中では中心的な存在になりやすいでしょう。,深い共感と強い連帯感で、社会変革組織や志を共にするグループ活動で貢献するでしょう。,既存の枠組みを恐れず仲間と共に未来へ変容することで、理想とする社会をより確実に形にできます。,強い信念を共有する同志と深く繋がり、社会を根底から変えるための変革を断行する配置。,あなたの行動力は、強い絆で結ばれた仲間と共に、社会の根底から変革をもたらすような大きな理想の実現に情熱を燃やすでしょう。高い結束力はあなたの強みですが、特定のグループに閉じこもらず、開かれた連帯意識を持つことで、より多くの人々との繋がりを広げ、大きなムーブメントを生み出せます。
Mars,Scorpio,12,内なる世界を深く探求し、心の奥底からの変容を促す,内なる世界を深く探求し、欲しい癒しや手放しを通して、無意識レベルでの大きな変容を促す行動をします。,内なる世界を深く洞察し、鋭い直感と再生力で、心からの癒しと自己変容を促せる力を持っています。,自分の内面に深くこだわりすぎて、秘密を抱え込み孤立しやすい傾向が。信頼できる人に打ち明ける勇気も大切です。,表には出しにくいかもしれませんが、内面には強い闘志を秘め、静かな迫力を感じさせる人として映りやすいでしょう。,豊かな想像力と洞察力で、カウンセリングや芸術を通じた癒やしの分野で才能を発揮します。,内なる深い感情を恐れず言語化する習慣を持つことで、クリアな直感を現実世界で活かせます。,潜在意識に潜む強大な情念を一人の時間で変容させ、目に見えない次元で深い癒やしを完遂する配置。,あなたの行動力は、深い内省の時間を通して心の奥底にある感情と向き合い、内なる秘密の情熱を静かに育むことで、潜在的な変容の力を蓄えます。神秘的な活力を秘めるあなたですが、負の感情に囚われすぎず、常に前向きな再生のイメージを持つことで、内側から深い癒しと覚醒を促せるでしょう。
Mars,Sagittarius,1,自由な精神で新たな自己を探求し、行動力で道を切り開く,自由な精神で新たな自己を探求し、欲しいものへ行動力豊かに突き進むことで、自分らしさを表現するでしょう。,広い視野と探究心で、理想の自己表現を追求し、行動力で新たな道を切り開くことができる強みです。,理想を追い求めるあまり、行動が軽率になりがちです。一歩立ち止まって全体像を見ることで、計画がまとまります。,のびやかで率直な行動姿勢になりやすく、周りからは前向きで開放的な人として受け入れられやすいでしょう。,高い向上心と自由な発想力で、新規事業や海外関連など広い視野が求められる場で輝くでしょう。,楽観的な展望と現実的な視点を併せ持つことで、持ち前の推進力がより確実な成果へと結びつくでしょう。,無限の自由を信じる冒険心が行動の核となり、未知の世界へダイナミックに飛び出す配置。,あなたの行動力は、無限の自由を愛し、未知の領域へダイナミックに飛び込んでいく能動的な自己表現として輝きを放ちます。楽観的な開拓精神は素晴らしいですが、細部を疎かにしないよう着実な確認作業を習慣にすることで、あなたの冒険はより確かな成果へと結びつくでしょう。
Mars,Sagittarius,2,探求心と行動力で、独自の価値と豊かさをどこまでも広げる,探求心と行動力で、欲しいものを手に入れ、独自の価値観と豊かさをどこまでも広げていく性質があります。,探求心と楽観的な行動力で、あなた独自の価値や才能を無限に広げ、豊かさを築き上げる力があります。,楽観的な気持ちから、つい衝動買いをして浪費しやすい傾向があります。本当に必要か一度立ち止まって考えると安心です。,自分の価値観を明るく堂々と守るため、周りの人にはおおらかな印象を与えやすいでしょう。,広い視野と大胆な行動力で、海外ビジネスや知的好奇心を活かす働き方で基盤を築きます。,手元の資源管理に加え新たな可能性に投資し続けることで、経済的な安定と精神的自由を同時に手に入れられます。,精神的な自由を確保するための富を大胆に狙い、広い視点で経済的な成功を勝ち取る配置。,あなたの行動力は、精神的な自由を追求するために、大胆な経済活動や将来への投資、あるいは海外に関連するビジネスにおいて大きく発揮されます。豊かな財を築く可能性を秘めていますが、支出の管理を疎かにせず、現実的な収支バランスを把握することで、着実に豊かさを拡大できるでしょう。
Mars,Sagittarius,3,好奇心のままに学びを深め、得た知識を積極的に発信する,好奇心のままに学びを深め、欲しい情報を言葉や交流を通して積極的に発信していく行動力に溢れています。,理想の居場所を見つけ、自分の信念や理念を守り抜く強い行動力で、確かな基盤を築くことができます。,気持ちが高まると、発言が誇張されたり軽率になりやすいので、言葉を発する前に少し考える習慣が大切です。,言葉や動きに勢いと広がりがあるため、話す相手の視野を広げる人として好まれやすいでしょう。,高い知的好奇心と明快な伝達力で、教育や出版、ジャーナリズムで信頼を得るでしょう。,知識を深めつつ聞き手に合わせた表現を心がけることで、あなたの説得力は多くの人に届く知恵に変わります。,理想を語るスケールの大きな言葉を使い、周囲の視野を広げるための発信を精力的に行う配置。,あなたの行動力は、哲学的な議論や高度な知識を求めて積極的に情報交換を行うこと、そして頻繁な移動を通して視野を広げることに向けられます。知的な刺激を好むあまり、理想論に傾きがちになることもあるため、具体的な事実に基づいた発信を心がけることで、より説得力のあるメッセージを届けられるでしょう。
Mars,Sagittarius,4,理想の居場所を探し求め、確かな基盤を築く行動力,理想の居場所を探し求め、欲しい安心感を築くため、フットワーク軽く行動し、心の確かな基盤を作るでしょう。,旺盛な冒険心と情熱で、自由な発想から生まれる創造性を表現し、人生を心ゆくまで楽しむ力があります。,自分の理想や信念を家族に押し付けがちですが、それぞれの意見を尊重することで、より良い家庭が築けます。,親しい人にも率直で風通しの良い態度を見せるため、伸びやかで窮屈さのない関係を築きやすいでしょう。,理想を追求し、在宅での研究や学びの場づくりなど、自由な環境で実務的な才能を発揮します。,家庭に静寂と秩序を保つ工夫をすることで、知的好奇心と内なる安らぎがバランスよく両立するでしょう。,家庭を活動の拠点として開放し、常に新しい刺激や哲学を持ち込んで活気づける配置。,あなたの行動力は、開放的で自由な家庭環境を築き、常に新しい思想や人々が訪れる活気ある居場所を創造することに注がれます。家族との理想を共有する喜びは大きいですが、時には落ち着きを欠きやすいため、足元の生活基盤を安定させる意識を持つことで、より確かな安心感を得られるでしょう。
Mars,Sagittarius,5,自由な発想で創造性を表現し、人生を楽しむ行動力,自由な発想と行動力で、欲しい楽しみや喜びを追求し、自分らしい創造的な表現で人生を謳歌するでしょう。,理想を追い求める情熱と学習意欲で、日々の実務を着実に改善し、前向きな行動力で成果を出すのが得意です。,恋愛に対して理想が高くなりすぎて、気分にムラが出やすい傾向が。相手の良い面を見て、ありのままを受け入れると安心です。,自己表現に伸びやかさと情熱が出やすく、明るく魅力的な存在感を持つ人として印象に残りやすいでしょう。,溢れる創造性と冒険心で、スポーツ、旅行企画、自由なクリエイティブ分野で才能が輝くでしょう。,楽しみを分かち合う喜びを意識することで、一時の情熱が他者に伝わる価値ある作品へと昇華されるでしょう。,未知への挑戦を最高の遊びと捉え、自らの理想をダイナミックな行動で表現する配置。,あなたの行動力は、未知への挑戦を伴う遊びや、自身の可能性を大きく広げる創造的な自己表現、そして冒険的な恋愛を通してダイナミックに発揮されます。その自由で豊かな創造性は素晴らしいものですが、無責任な行動にならないよう、周囲に与える影響を考慮することで、より充実した人生を謳歌できるでしょう。
Mars,Sagittarius,6,理想を追求し、日々の実務に情熱を注ぐ行動力,理想を追求する情熱と行動力で、欲しい成果を目指し、日々の実務や習慣を着実にこなしていくタイプです。,人との関係性を探求し、理想のパートナーと理念を共有しながら、共に未来を切り開く行動力があります。,仕事で理想を追い求めるあまり、飽きて継続力が不足しがちです。小さな目標を立て、コツコツ続ける意識を持つと良いでしょう。,日常や仕事の中でも常に前向きな姿勢で取り組み、周囲を元気づける存在として受け入れられやすいでしょう。,理想を追求する情熱を日々の業務に注ぎ、自由な発想で実務に取り組むことで成果を出します。,細かな作業にも高い目的意識を持つことで、ルーチンワークを克服し安定したパフォーマンスを継続できます。,高い目的意識を持って現場の改善に挑み、未来への希望を労働環境に持ち込む配置。,あなたの行動力は、高い目的意識を持って専門技術を磨き、自律的に動ける自由な労働環境を築くことに向けられます。現場を明るく導く素晴らしい資質ですが、ルーチンワークに飽きやすい傾向があるため、日々の業務の中に新たな学びや発見を見出す工夫をすることで、情熱を持続させられるでしょう。
Mars,Sagittarius,7,理想のパートナーと出会い、共に未来を切り開く行動力,理想のパートナーと出会うため積極的に行動し、対等な関係性で共に未来を切り開くことを大切にします。,物事の真理を深く探究し、自らを変革しながら、人々と深い精神的な結びつきを求める行動力に優れます。,自分の考えを強く主張しすぎて、人間関係で衝突しやすい傾向があります。相手の意見にも耳を傾けることで、関係が深まります。,一対一の関係でも自由で伸びやかなやり取りを好むため、窮屈さを感じさせない相手として好感を持たれやすいでしょう。,オープンな社交性と交渉力で、国際ビジネスや広報、自由なパートナーシップで活躍するでしょう。,相手の自由を尊重し自分の意志を誠実に伝えることで、刺激し合える持続可能な関係を築けます。,互いの自由を尊重し高め合える関係に情熱を燃やし、共に真理を追う仲間を求める配置。,あなたの行動力は、互いの自由を尊重し、共に高め合える発展的なパートナーシップを築くこと、そして多様な人々との交友関係を広げることに向けられます。理想を共有する絆を大切にしますが、相手を束縛せず、かつ放任しすぎない絶妙な距離感を保つことで、真に豊かな関係性を育めるでしょう。
Mars,Sagittarius,8,真理を探究し、深い関係や自己変革を求める行動力,真理を探究する行動力で、欲しい深い繋がりや自己変革を求め、共にある資源から新たな再生を生み出すでしょう。,飽くなき探求心と哲学的な洞察力で、未知の世界や真理を追求し、強い信念で行動できるのが強みです。,真理を探求するあまり、思想が極端になりがちです。現実とのバランスを取りながら、視野を広げることを意識しましょう。,深い関係でも本音を率直に開示し、変化を前向きに受け止めることで風通しの良い絆を築きやすいでしょう。,物事の本質を見抜き、深い探求心で哲学研究や金融、精神的な再生に関わる仕事で活躍します。,他者と知恵を誠実に共有することで、個人の力を超える大きな変容を社会にもたらすことができるでしょう。,信念を共にする深い絆を通じて精神を拡張し、哲学的な変容のために魂を燃やす配置。,あなたの行動力は、深い絆を通じて自己を拡張し、共通の理想を実現するためのダイナミックな共有財産の運用に注がれます。真理を探究し、自己変革を求める情熱は素晴らしいですが、感情的な細部を見過ごしがちなため、相手の心の微細な変化にも丁寧に寄り添うことで、より豊かな関係性を築けるでしょう。
Mars,Sagittarius,9,飽くなき探求心で、未知の世界や真理を追求する行動力,飽くなき探求心と行動力で、欲しい知識や高い視点を求め、未知の世界や真理をどこまでも追求していくでしょう。,壮大な社会理念を掲げ、開拓心と指導力をもって行動し、理想のキャリアを築き上げる力があります。,理想を語りすぎて現実離れしたり、視野が広がりすぎて散漫になりがちです。具体的な行動計画を立てることで、着実に進めます。,自分の信念や思想を熱を込めて語るため、価値観の対話を楽しむ知的な人として周囲に映りやすいでしょう。,高い理想と冒険心で、高等教育や学問研究、海外での活動で多くの人にインスピレーションを与えるでしょう。,知識を信念と共に現実の行動へ落とし込むことで、広い視野が社会を導く力強い知恵へと進化します。,普遍的な真理の探求に全力を注ぎ、高度な学びを通じて自らの思想を神聖な域へ導く配置。,あなたの行動力は、普遍的な真理の探求、高度な学びや精神的な旅を通して自己を成長させるプロセスにおいて力強く発揮されます。その学識ある価値観は魅力的ですが、理論に偏ることなく、得た知識を実生活の改善にどう活かすかを意識することで、より実践的で豊かな智慧を生み出せるでしょう。
Mars,Sagittarius,10,理想のキャリアを追い求め、社会で活躍する行動力,理想のキャリアを追い求め、社会で活躍するため、欲しい地位や評価を掴むために情熱的に行動するタイプです。,仲間と共に理想の未来を具体的に企画し、皆を鼓舞する発想力と、それに向けた行動力に優れています。,自分の理想が先行しすぎて、独善的になりがちです。周りの意見を取り入れながら、現実的な目標設定を心がけましょう。,社会的な場では理想や未来の展望に向かって積極的に動き、周囲からは旗振り役として見られやすいでしょう。,理想を追い求める行動力と発信力で、社会的に活躍し、高い評価を得るでしょう。,肩書きに執着せず内なる真理に従って行動することで、周囲から尊敬される指導者としての地位を確立できます。,専門知識や広いビジョンを武器に社会を先導し、理想を語るリーダーとして影響力を持つ配置。,あなたの行動力は、広いビジョンを持って社会を先導するキャリアや、専門知識を活かした自由な立場で成功を掴むことに情熱を注ぎます。良心的なリーダーとして人々を鼓舞しますが、高すぎる理想を周囲に強要するのではなく、現実的な段階を踏む姿勢が、確かな信頼と成果に繋がるでしょう。
Mars,Sagittarius,11,志を同じくする仲間と理想の未来へ向かう行動力,志を同じくする仲間と理想の未来へ向かい、欲しい未来像の実現のためにコミュニティ活動に積極的に行動するでしょう。,内なる探求心と豊かな想像力で、見えない世界の真理を探究し、直感を信じて行動できる力があります。,仲間との理想を追い求めるあまり、計画が甘くなりがちです。現実的な視点も取り入れることで、目標達成に近づけます。,仲間の中では自由な発想で場を広げやすく、グループに活気をもたらす存在として受け入れられやすいでしょう。,自由な精神で仲間と理想を共有し、SNS運営やグローバルな活動で中心的な役割を担います。,個人の自由を尊重し共通の目的に協力することで、あなたのビジョンは多くの仲間に支持され形になるでしょう。,世界中の仲間と未来の理想を語り合い、自由な情報ネットワークを広げるために奔走する配置。,あなたの行動力は、国境や属性を超えた広範なネットワークでの交流や、自由な未来を夢見るグループ活動において力強く発揮されます。博愛精神に富み、多くの人々と繋がりますが、関係が広く浅くなりがちなので、核となる友人との深い絆を大切にすることで、心の安定と充実を得られるでしょう。
Mars,Sagittarius,12,内なる探求心に従い、見えない世界へ踏み出す行動力,内なる探求心に従い、見えない世界へ踏み出す行動力で、欲しい癒しや手放しを通して自分を解放していくでしょう。,責任感が強く、計画的に行動して目標を着実に達成し、自分らしい表現を確立できる実行力があります。,理想の世界に心を馳せすぎて、現実逃避しがちです。内なる声に耳を傾けつつ、地に足をつけることで心が安定します。,表向きは控えめでも内面に強い理想と闘志を抱き、静かに深い視野を広げる人として周囲に映りやすいでしょう。,豊かな想像力と精神的な探求心で、瞑想や芸術を通じた癒やしの分野で才能を発揮します。,孤独を恐れず静かに内面を整えることで、宇宙的なインスピレーションを現実世界で活かせます。,宇宙の真理や自由への憧れを一人の時間で追求し、内なる旅を通じて精神の解脱を目指す配置。,あなたの行動力は、独りで精神的な旅に出たり、抽象的な思想や宇宙の神秘に思いを馳せる静かな探求活動において深く発揮されます。豊かな精神性を秘めていますが、現実社会から乖離しすぎないよう、その内なる探求を具体的な表現方法へと昇華させることで、社会との美しい接点を見つけられるでしょう。
Mars,Capricorn,1,目標達成に向け着実に努力し、自分らしさを確立する,目標達成に向け着実に努力し、欲しいものを手に入れる行動力で、責任感ある自分らしさを確立するでしょう。,計画性と優れた継続力で、才能や価値を堅実に高め、着実に豊かさを築き上げる行動力に優れています。,自分を表現する際、硬くなりがちで支配的に見られることも。柔軟な態度を意識することで、スムーズな交流が生まれます。,引き締まった行動姿勢が前に出やすく、責任感のあるしっかりした人として周囲に受け入れられやすいでしょう。,強靭な精神力と責任感で組織や長期プロジェクトを牽引し、圧倒的な実務能力を発揮します。,自身の厳格さを他者に強要せず柔軟に対話することで、あなたの統率力は信頼される指導力へと変わります。,強い責任感と不屈の忍耐力が自己表現の核となり、野心を着実に形にしていく配置。,あなたの行動力は、責任ある立場を引き受け、自己管理を徹底しながら着実に成果を出すストイックな姿勢において最も輝きます。その信頼される落ち着いた魅力は素晴らしいですが、自分を厳しく律しすぎて感情を抑圧しないよう、適度に心と体を緩める余裕を持つことが、あなたらしさを輝かせ続ける秘訣となるでしょう。
Mars,Capricorn,2,堅実な努力で才能や価値を高め、豊かさを築く行動力,堅実な努力と行動力で、欲しい豊かさや自己価値を着実に高め、安定した未来を築き上げていくでしょう。,現実的な思考力と計画性で、目標達成のために学びを深め、説得力ある発信で成果を出す力があります。,お金や物に執着しすぎて、保守的になりやすい傾向があります。時には新しい価値観を受け入れると、豊かさが広がります。,自分の価値観や立場を現実的に守るため、堅実で信頼できる人という印象を周りに与えやすいでしょう。,堅実な経済感覚と忍耐力で、資産形成や不動産、長期的なビジネスで確固たる基盤を築くでしょう。,手元の資源管理に加え次世代への投資も考慮に入れることで、物質的安定と社会貢献を同時に成し遂げられます。,伝統的な価値や着実な管理を重んじて稼ぎ、社会的に認められる堅実な財を築く配置。,あなたの行動力は、長期的な安定を見据えた堅実な資産形成や、社会的価値に裏打ちされた盤石な財政基盤を築くことに力強く注がれます。堅実な価値観はあなたの強みですが、ただ節約するだけでなく、感性を豊かにするための必要な投資も忘れずに、心も満たされる豊かな未来を創造してください。
Mars,Capricorn,3,目標達成のため学びを深め、具体的な行動で成果を出す,目標達成のため学びを深め、欲しい情報を具体的な行動で発信し、着実に成果を出していくでしょう。,家族や大切な居場所に対し強い責任感を持ち、安定した基盤を着実に築き、守り抜く行動力があります。,思考が硬くなりがちで、悲観的になったり批判的になりやすいです。ポジティブな視点を取り入れることで、心が軽くなります。,言葉に重みと現実感が出やすく、筋の通った話し方をする誠実な人として周囲に受け入れられやすいでしょう。,論理的で正確な伝達力で、教育、実務的な執筆、法務関連のコミュニケーションで信頼を築きます。,正論だけでなく相手の感情に配慮した表現を心がけることで、説得力は温かさを増し協力体制が整います。,正確で重みのある言葉を使い、日常の情報を秩序立てて処理するために精力的に動く配置。,あなたの行動力は、実用的で論理的な情報の交換や、礼儀正しく秩序立った効率的なコミュニケーションにおいて鋭く発揮されます。その信頼ある知性は素晴らしいですが、事務的になりすぎて情緒を欠くことがないよう、相手の心に寄り添う温かな言葉選びを意識することで、より深い繋がりを築けるでしょう。
Mars,Capricorn,4,確固たる基盤を築き、家族や自分を守る責任感ある行動力,家族や自分を守る責任感と行動力で、欲しい確固たる基盤を築き、揺るぎない安心感を形にしていくタイプです。,計画的に努力を重ね、創造性を具体的な形で表現する持続力と、楽しみを形にする行動力に優れています。,家庭において感情を抑圧し、支配的になりやすい傾向が。家族の気持ちに寄り添い、感情を表現することで温かい絆が深まります。,親しい人には責任を持って向き合い、家庭や身内を支える頼りになる人として信頼されやすいでしょう。,厳格な責任感で家系再興や土地管理、伝統を次世代へ繋ぐ実務で卓越した才能を発揮します。,家庭に安らぎと笑顔を保つ工夫をすることで、責任感と内面の安らぎが両立し心の拠り所となるでしょう。,家系の伝統や規律を厳格に守り、盤石な家庭の基盤を自らの手で維持するために戦う配置。,あなたの行動力は、伝統を重んじる規律ある家庭環境を維持し、盤石な基盤の上に成り立つ安定した住まいを整えることに深く注がれます。家族への強い責任感は素晴らしいですが、厳格になりすぎず、家庭の中にリラックスできる遊び心を取り入れることで、温かく揺るぎない安心感を築けるでしょう。
Mars,Capricorn,5,計画的に創造性を発揮し、楽しみを具体的な形にする行動力,計画的に創造性を発揮し、欲しい楽しみや喜びを具体的な行動で形にして、自分らしい表現を生み出すでしょう。,日々の実務を着実に、そして計画的に管理・実行し、責任感ある行動力で目標達成へと導く力があります。,恋愛や創造において感情表現が硬くなりがちです。素直な気持ちを伝えることで、相手との心の距離が縮まるでしょう。,自己表現には抑制と品格が感じられ、落ち着いた魅力を持つ人として周囲の印象に残りやすいでしょう。,職人気質のこだわりと卓越した技巧で、伝統芸能や建築など、計画的な創造性を発揮します。,楽しみを仕事のように捉えずリラックスする時間を設けることで、自己肯定感が育まれ創造性が輝きます。,結果を出すことに執念を持って趣味を極め、社会的な価値のある完成度を追求する配置。,あなたの行動力は、結果を伴う習い事や長期的な鍛錬を要する伝統的な趣味、そして誠実で計画的な自己表現において発揮されます。遊びの中にも意味や成果を求めるあなたですが、純粋に楽しむことそのものを罪悪感なく受け入れる心の余裕が、あなたの創造性をさらに豊かにし、精神的な安定をもたらすでしょう。
Mars,Capricorn,6,日々の実務を着実にこなし、目標達成へ導く行動力,日々の実務を着実にこなし、欲しい目標達成へ導くため、計画性と行動力で結果を出していくタイプです。,日々の実務を計画的にこなし、責任感と管理力で着実に成果へ導く行動力が強みです。,仕事において完璧を求めすぎ、過労になったり周りを支配しがちです。適度な休息と協力意識で、調和が生まれます。,仕事や役割の中で最も実力を発揮しやすく、真面目で頼りになる人として周囲から評価されやすいでしょう。,計画性を持って日々の実務を着実にこなし、大きな成果を積み上げやすいでしょう。,自分や周りに完璧を求めすぎず心に余裕を持つことで、安定した高い成果と良い人間関係を築けます。,完璧な実務遂行と組織運営に献身し、現場に絶対的な信頼と秩序をもたらすために働く配置。,あなたの行動力は、整理された職場で与えられた役割を完璧に完遂し、その実務能力を活かして周囲の期待に応えることで最大限に発揮されます。その有能さは社会から深く信頼されますが、過剰な義務感から自分を追い詰めすぎないよう、適正な目標設定と計画的な休息を心がけることが、持続的な成功への鍵となるでしょう。
Mars,Capricorn,7,信頼できるパートナーと協力し、共に目標達成へ向かう,信頼できるパートナーと協力し、目標達成へ着実に進むことで、深い絆を築き上げていく性質です。,責任感と信頼関係を重視し、パートナーと協力して確かな目標を達成する構築力に優れています。,真面目さが強すぎて関係を支配しがちですが、相手の感情も尊重することで温かい絆が育まれるでしょう。,一対一の関係では責任感と継続性を大切にし、誠実で長く付き合える相手として信頼されやすいでしょう。,誠実な対人態度と安定した交渉力で、信頼できるパートナーシップを築き活躍します。,相手を尊重し自立した個人として接することで、お互いに高め合える持続可能な関係が構築できるでしょう。,社会的信頼に基づいた責任ある関係を求め、共に実益を生む強固な契約のために動く配置。,あなたの行動力は、信頼できるパートナーと共に具体的な目標を着実に達成していく中で輝きを放ちます。深い責任感と誠実さをもって築き上げる協力関係は、揺るぎない絆となり、お互いを高め合う力となるでしょう。
Mars,Capricorn,8,深い関係性で共有目標を達成し、自己変容へ挑む行動力,深い関係性の中で共有目標を達成し、自己変容へ着実に取り組むことで、大きな成果を生み出す行動力があります。,深い関係性の中で計画的に行動し、強い意志と統率力で自己変革を成し遂げる力があります。,目標達成への意欲が強すぎると、共有関係で権力に執着しがちです。柔軟な思考で、共に歩むことを大切にしましょう。,深い関係では簡単に揺らがない意志が表れ、重みのある信頼関係を築く傾向があるでしょう。,組織の深部を理解し不屈の精神力で、困難な状況を再生させる実務で真価を発揮します。,猜疑心を乗り越え誠実に他者と協力しリソースを共有することで、個人の力を超える大きな価値を成し遂げられるでしょう。,共有資産や伝統を厳格な規律で管理し、責任を持って継承するために全力を注ぐ配置。,あなたの行動力は、他者との深い繋がりの中で共通の目標へと向かう時に最も力強く発揮されます。その過程で自らの変容を恐れず着実に挑むことで、精神的な成長と確かな成果を手にするでしょう。
Mars,Capricorn,9,高い目標を掲げ、真理や知識を着実に探求し達成する行動力,高い目標を掲げ、真理や知識を着実に探求することで、確固たる信念を築き上げていく行動力を持っています。,現実的な視点から学びを深め、揺るぎない信念を構築しながら真理を探究する行動力が強みです。,真面目さが裏目に出て、自分の考えに固執し視野が狭まりがちです。新しい視点を受け入れる柔軟さを意識しましょう。,自分の信念を現実的に積み上げて語りやすく、筋道立てて考える人という印象を与えやすいです。,実用的な哲学と長期的な視点を活かし、学問や法律、教育分野で着実な成果を収めます。,抽象的な概念を現実の成果に結びつける意識を持つことで、広い視野が力強い知恵となり周囲からの信頼も高まるでしょう。,社会の規律や古の知恵を真理として学び、格式高い学びを通じて魂の品格を磨き上げる配置。,あなたは高い理想を掲げ、真理や知識の探求に粘り強く情熱を注ぐことで、揺るぎない信念を確立していく人です。着実な学びと実践を通して得られた確かな知性は、あなたの生き方を深く支え、行動の指針となるでしょう。
Mars,Capricorn,10,社会的な目標達成へ向かい、着実にキャリアを築く行動力,社会的な目標達成へ向かい、着実な努力でキャリアを着実に築き、社会的な評価を得ていく行動力があります。,社会的な目標達成に対し強い責任感を持ち、着実な行動でキャリアを築き上げていく構築力があります。,社会的目標達成へ真面目に取り組むあまり、専横的になりやすい傾向が。周囲の声に耳を傾け、温かい視点を持つと良いでしょう。,社会的な場では責任感と統率力が際立ち、実績で信頼を得る人物として見られやすいでしょう。,責任感と着実な実績が評価され、社会的な地位を確立しやすいでしょう。,肩書きや名声に囚われず、内なる真理に従って行動することで、周囲から心から尊敬される指導者としての地位を築けるでしょう。,戦略的な思考と実力で社会の頂点を目指し、着実な実績によって強大な権威を確立する配置。,あなたの行動力は、明確な社会貢献の目標に向かって着実に努力を重ね、確かなキャリアを築き上げていく中で最大限に発揮されます。実直な働きぶりが周囲からの信頼と評価を集め、社会の中で揺るぎない地位を確立する原動力となるでしょう。
Mars,Capricorn,11,仲間と協力し、共通の目標を確実に達成する行動力,仲間と協力しながら、共通の目標を着実に達成していくために、具体的な行動を起こすことを大切にするタイプです。,仲間との協力体制を計画的に構築し、共通の目標を着実に達成へと導く統率力が強みです。,仲間との目標達成に熱心なあまり、集団を支配しがちです。皆の意見を聞き、風通しの良い関係を築きましょう。,仲間の中では計画性と実行力を発揮しやすく、グループをまとめ上げる存在として頼られやすいでしょう。,現実的なビジョンと責任感で仲間を導き、組織運営や社会貢献でリーダーシップを発揮します。,現状の安定に満足せず仲間と未来の変化を受け入れることで、より普遍的で大きな目的を確実に達成できるでしょう。,実力派の仲間と現実的な社会変革を計画し、秩序ある未来を具体的に構築するために動く配置。,あなたは志を共にする仲間たちと共に、現実的な目標に向かって着実に歩みを進めることに情熱を燃やします。チームの中で具体的な行動を起こし、確かな成果を生み出すことで、深い信頼と結束を築き上げるでしょう。
Mars,Capricorn,12,内なる目標を定め、隠れた才能を着実に開花させる行動力,内なる目標を定め、隠れた才能を信じて着実に努力を重ね、密かに大きな成果を出す行動力を持っています。,内なる目標に向けて忍耐強く内省を重ね、持続力で着実に才能を開花させる力があります。,真面目さが裏目に出て、感情を抑圧し孤立しやすくなります。時には人に頼り、心の内を打ち明けることも大切です。,表では控えめでも内面に強い責任感を秘め、静かに支える堅実な人として映りやすいでしょう。,静かな環境での自己探究と実務力で、裏方や調整役として着実に力を発揮します。,孤独を恐れず内省の時間を大切に育むことで、潜在意識の知恵を現実世界で役立てる具体的な方法が見つかるでしょう。,内なる責任感や秩序を一人の時間で研ぎ澄まし、人知れず社会を支えるための力を蓄える配置。,あなたは内なる声に耳を傾け、心に定めた目標に向かって密かに、しかし着実に努力を重ねる情熱を持っています。人知れず育んだ隠れた才能は、やがて大きな成果として現実世界に花開き、周囲を静かに驚かせるでしょう。
Mars,Aquarius,1,独自の視点で自分らしさを確立し、新しい道を切り開く行動力,独自の視点を大切にし、自分らしい方法で新しい道を切り開くことを恐れない、革新的な行動力があります。,独創的な視点と自立心で、自分らしい表現を通して新しい道を切り開く改革力が強みです。,独自のこだわりが強すぎて、周囲に反発し孤立しがちです。自分の考えを伝えつつ、他者との調和も大切にしましょう。,個性的で自由な行動が自然と表れ、独自の感性を持つ人として周囲に映りやすいでしょう。,独創的なアイデアと独立心で、革新的な技術や社会改革の分野で個性を輝かせます。,自身の個性を主張しつつ他者の多様性を尊重する対話で、持ち前の推進力がより多くの支持を集める力へと変わるでしょう。,独創的な感性と客観的な視点が行動の核となり、時代の先を行く先駆者として動く配置。,あなたは独自の視点と革新的な行動力で、誰にも真似できない自分らしい道を果敢に切り拓いていきます。既成概念にとらわれず、自由な発想を原動力に行動することで、揺るぎない個性を確立するでしょう。
Mars,Aquarius,2,革新的なアイデアで独自の価値を生み出し、財を築く行動力,革新的なアイデアを活かして独自の価値を生み出し、新しい方法で自分の財産を築いていく行動力があります。,革新的な発想力で独自の価値を生み出し、新しい視点から豊かさを築き上げる行動力があります。,独自の価値観が強すぎて、金銭感覚が極端になりがち。バランス感覚を意識し、安定した基盤を築く工夫が大切です。,自分なりの価値観を強く持ちやすく、他人に流されない芯のある人という印象を与えやすいです。,独創的な価値観とアイデアで、ITや新技術を活かしたビジネスの基盤を築きます。,既存の枠に捉われず未来の需要を先取りする投資を行うことで、経済的な安定と精神的な自由を手に入れられるでしょう。,革新的な方法や独自のネットワークを駆使して稼ぎ、自由を確保するための富を築く配置。,あなたの行動力は、革新的なアイデアと独自の視点をもって、今までにない価値を生み出すことに情熱を注ぎます。既成概念にとらわれない新しい方法で財を築き、あなたの理想とする自由な生き方を形にしていくでしょう。
Mars,Aquarius,3,自由な発想で学び、新しい知識を発信し社会を変革する行動力,自由な発想で新しい知識を学び、積極的に発信することで、周囲に変革をもたらす行動力を持っています。,自由な発想で新しい知識を学び、対話と企画力で社会に変革をもたらす発信力が強みです。,自由な発想は素晴らしいですが、発言が奇抜になり共感を得にくいことも。相手の立場を想像する一呼吸を大切に。,考え方や発言に独自性が光り、知的で刺激的なコミュニケーションを好む傾向があるでしょう。,進歩的な思考と論理的な伝達力で、SNSや教育を通じ高い影響力を発揮します。,自説に固執せず相手の感情的な納得も考慮した表現で、持ち前の説得力がより普遍的な知恵として広まるでしょう。,常識を打ち破る情報を武器に社会へ問いかけ、デジタル空間で知的な革命を先導する配置。,あなたは自由な発想で新しい知識を貪欲に学び、それを積極的に社会へ発信することで周囲に変革をもたらす行動力に満ちています。既成概念にとらわれない独自の視点から、人々の意識を刺激し、未来へと導くパイオニアとなるでしょう。
Mars,Aquarius,4,新しい視点で家庭や基盤を築き、自由で快適な場所を創造する,既成概念にとらわれず、自分にとって心地よい自由な家庭や心の基盤を創造していくことに情熱を燃やします。,自立心と革新意識を活かし、新しい視点で自由かつ快適な家庭や基盤を創造できます。,自分の世界を大切にするあまり、家庭が疎遠になりがちです。感情を伝え、心温まる交流を心がけましょう。,親しい人にも一定の自由を保ちやすく、お互いを尊重し合う距離感が上手な人として受け取られやすいです。,自由な発想で快適な基盤を築き、在宅での研究や交流の場で実務的な才能を発揮します。,家庭に自分だけの静かな空間を作り内面を整理する習慣で、思考の動きを建設的に制御できるようになるでしょう。,個の自由を尊重し合う開放的な家庭を理想とし、未来的で風通しの良い居場所を作る配置。,あなたは既成概念にとらわれず、自分にとって最も心地よく自由な家庭や心の基盤を創造することに情熱を傾けます。新しい視点を取り入れ、誰もが個性を尊重し合える革新的な居場所を築き上げるでしょう。
Mars,Aquarius,5,独自の発想で創造性を発揮し、楽しみながら行動する,独自の発想でクリエイティブな活動を楽しみ、自分らしく表現することで喜びを感じて行動するタイプです。,独自の創造性と革新的な発想で、楽しみながら個性豊かな自己表現を発揮できるのが強みです。,独自の創造性を発揮するあまり、恋愛で自己中心的になりやすい傾向が。相手の気持ちに寄り添う温かさを大切に。,表現にオリジナリティが表れやすく、型にはまらない魅力を持つ人として周囲の印象に残りやすいでしょう。,斬新なアイデアと遊び心で、クリエイティブな制作活動で独自の才能を放ちます。,楽しみを論理で固めず感性のまま表現する時間を設けることで、閃きが多くの人に届く価値ある作品へと昇華されるでしょう。,最新技術や個性的な趣味を楽しみ、自らの独創性を客観的なアイデアで表現することに情熱を燃やす配置。,あなたの行動力は、独自の発想から生まれるクリエイティブな活動を通して、伸びやかに表現されることに喜びを見出します。既成の枠にとらわれず、自由な探求心をもって楽しみながら行動することで、唯一無二の創造性を開花させるでしょう。
Mars,Aquarius,6,斬新なアイデアで仕事の効率を高め、行動する,斬新なアイデアを積極的に取り入れ、仕事の効率を革新的に高めていくことに情熱を燃やす性質です。,斬新な発想と優れた分析力で、日常の業務を革新し効率を高めることに優れています。,斬新なアイデアで仕事を進めるあまり、協調性が不足しがちです。チームワークを大切にすることで、成果が安定します。,仕事や役割の中で独自の工夫を見せやすく、発想力のある実務家として評価されやすいでしょう。,斬新なアイデアで業務の効率や仕組みを改善し、実務で成果を出しやすいでしょう。,周囲と歩調を合わせ適度な柔軟性と共感を意識することで、高い実務能力が職場の信頼と協力体制を築くでしょう。,合理的なシステム構築と人道的な視点で現場を改革し、業務の効率化と自由を同時に実現する配置。,あなたは斬新なアイデアを積極的に取り入れ、仕事のプロセスを革新的に高めていくことに並々ならぬ情熱を燃やします。既存のやり方にとらわれず、より効率的で未来的な働き方を追求することで、周囲に大きな影響を与えるでしょう。
Mars,Aquarius,7,自由な発想で人々と交流し、新しい関係を築く,自由な発想で人々と対等に交流し、型にはまらない新しいパートナーシップを築いていくことを大切にします。,独立した関係性を尊重し、自由な発想の共有を通じて人々と新しい交流を築くのが得意です。,自由な交流を求めるあまり、人との距離を取りすぎて感情が伝わりにくくなることも。心を開く一歩が、深い絆に繋がります。,一対一の関係でも対等さと自由を大切にし、風通しのよい関係を築く傾向があるでしょう。,独創的な社交性と交渉力で、国際的な交流や自立を重んじるパートナーシップで活躍します。,相手の自由を尊重し自分の意志を誠実に伝えることで、お互いに刺激し合える持続可能な協力関係が構築できるでしょう。,自立した親友のような対人関係を理想とし、互いの自由を守るための合理的な協力を行う配置。,あなたは自由な発想で人々と交流し、型にはまらない新しいパートナーシップを築き上げることに喜びを見出します。互いの個性を尊重し、対等な立場で高め合える関係性を求めるその行動は、未来に向けた豊かな繋がりを生み出すでしょう。
Mars,Aquarius,8,古い常識を打ち破り、深い変革を大胆に進める,古い常識を打ち破り、既存の枠にとらわれない大胆な変革を促すことで、再生を形にしていく行動力があります。,鋭い洞察力と心理革新の思考で、古い常識を打ち破り大胆な変革を推進する力があります。,古い常識を打ち破る意欲は素晴らしいですが、極端な思想に傾き孤立しがち。共感を得ながら進むことを意識しましょう。,深い関係でも自分らしさを失いにくく、独特の距離感で互いを尊重し信頼を築くでしょう。,深い洞察力と独自の探究心で、先端科学や心理分野での精神的な再生に関わり活躍します。,他者とリソースを共有する際は理屈よりも信頼を深めることで、個人の力を超える大きな変容を社会にもたらせるでしょう。,共有するシステムや理念を知的にアップデートし、共通の目的を通じた革新的な融合を図る配置。,あなたの行動力は、古い常識や既成概念を打ち破り、社会や組織に深い変革をもたらす時に最も力強く発揮されます。大胆な発想と冷静な視点で再生のプロセスを推し進め、未来に向けた新たな形を創造するでしょう。
Mars,Aquarius,9,既存の枠を超え、新たな真理を探求し行動する,既存の枠にとらわれず、新たな真理や哲学を自由に探求し、独自の視点から行動を起こすことを大切にします。,既存の枠に囚われず、革新的な思想と探究心で新たな真理を追求する理念力が強みです。,新しい真理を探求するあまり、思想が極端になりがちです。伝統や他者の意見にも耳を傾けることで、視野が広がります。,独自の思想や視点を自然と語りやすく、視野の広い人として周囲に刺激を与えやすいでしょう。,高い理想と冒険的な知性で、未知の分野を論理的に開拓する先駆者として活躍できます。,抽象的な理想を具体的な行動計画に落とし込むことで、広い視野が力強い知恵となり周囲を牽引できるでしょう。,博愛主義や宇宙の法則を真理として探求し、人類の意識を更新するための活動に情熱を注ぐ配置。,あなたは既存の枠にとらわれず、新たな真理や哲学を自由に探求することに深い情熱を傾けます。その独自の視点から導き出された知識や智慧を基に行動することで、社会に新しい価値観や可能性を提示するでしょう。
Mars,Aquarius,10,独自のビジョンで社会に変革をもたらし、目標を達成する,独自のビジョンを掲げ、社会に革新的な変革をもたらすことで、大きな目標達成へと情熱的に行動します。,独自のビジョンを掲げ、社会に革新をもたらす企画力と改革統率力で目標を達成します。,社会に変革をもたらす情熱は尊いですが、権威に反発し衝突しがち。時には協調性を持つことで、より大きな成果に繋がります。,社会的な場では個性と改革性が目立ちやすく、新しい流れを作る人として注目されやすいでしょう。,革新性や独自のビジョンが高く評価され、新しい立場で社会に変革をもたらすでしょう。,肩書きや名声に囚われず内なる真理を誠実に語ることで、周囲から心から尊敬される真の指導者となれるでしょう。,革新的な活動を社会で展開し、ネットワーク型のリーダーシップで新しい時代を切り拓く配置。,あなたは独自の未来像を掲げ、社会に革新的な変革をもたらすために情熱的に行動します。その独創的なビジョンと行動力は、大きな目標達成へと導き、新しい時代の価値観を創造するリーダーシップを発揮するでしょう。
Mars,Aquarius,11,志を同じくする仲間と協力し、理想を追求する,志を同じくする仲間と共に、理想とする未来像やコミュニティの実現へ向かって、積極的に行動する性質です。,未来を見据えた企画力と先導力で、仲間とともに理想の社会を革新していくことが得意です。,高い理想を追求するあまり、独走し集団から浮きがちです。仲間の意見にも耳を傾けることで、皆で理想に近づけるでしょう。,仲間の中では未来志向や独自の発想を共有しやすく、グループに新風を吹き込む存在になりやすいでしょう。,進歩的なアイデアと知性で仲間を鼓舞し、未来志向のコミュニティで中心的に輝きます。,個人の意見を大切にしつつ全体の調和を図ることで、独自のビジョンが多くの仲間に支持され形になるでしょう。,人類の進化を夢見る仲間と繋がり、テクノロジーや独自の理論で理想の未来を形にする配置。,あなたは志を同じくする仲間たちと手を携え、理想とする未来像やコミュニティの実現へ向かって積極的に行動します。共に知恵を出し合い、既成概念にとらわれない自由な発想で、未来を創造していく喜びを感じるでしょう。
Mars,Aquarius,12,既成概念にとらわれず、内なる精神を探求する,既成概念にとらわれず、内なる精神世界を自由に探求し、心の深い部分から癒しと解放を求める行動力があります。,既成概念にとらわれず、直感的な発想と想像力で内なる精神を深く探求する力があります。,内なる探求に没頭するあまり、現実離れし孤立しがちです。適度に休息を取り、日常とのバランスを保つことが大切です。,表には出しすぎなくても内面の自由さがにじみ、どこか掴みきれない魅力として周囲に映りやすいでしょう。,豊かな想像力と直感的な知性で、カウンセリングや目に見えない情報を整理する役割で力を発揮します。,内面に湧き上がる衝動を言語化する習慣を持つことで、クリアな直感を現実世界で役立てられるようになるでしょう。,人類全体の幸福への祈りや斬新な直感のためにエネルギーを使い、目に見えない次元で変革を促す配置。,あなたは既成概念にとらわれることなく、内なる精神世界を自由に探求することに情熱を注ぎます。心の深い部分に眠る真実と向き合い、自らの内側から癒しと解放を見出すことで、新しい自己へと変容していくでしょう。
Mars,Pisces,1,繊細な感性で自分を表現し、直感に従って行動する,繊細な感性を活かして自分を表現し、直感を信じて行動することで、周囲に優しく穏やかな印象を与えます。,繊細な感性と共感力、直感力を活かして、柔軟に行動しながら自分を表現できるのが強みです。,繊細さが裏目に出て、自己表現が曖昧になりがちです。自分の気持ちを明確に伝える練習をすると良いでしょう。,やわらかな印象ながらも行動力がにじみ、感受性の高い人として周囲に受け止められやすいでしょう。,深い共感力と豊かな想像力を活かし、福祉や芸術、カウンセリングで個性を輝かせます。,境界線を明確に保ちつつ感受性を信頼することで、周囲に振り回されず本来の癒やしの力を発揮できるようになるでしょう。,境界線のない深い共感力が行動の原動力となり、全てを包み込む優しさで自己を表現する配置。,あなたは繊細で豊かな感性を持ち、研ぎ澄まされた直感に従って行動することで、自分らしさを表現していく人です。その優しく穏やかな振る舞いは周囲に深い癒やしと安らぎをもたらし、人々の心を惹きつけるでしょう。
Mars,Pisces,2,豊かな感性を活かし、共感から生まれる価値を創造する,豊かな感性を活かし、人々の共感を呼ぶ価値を創造することで、精神的な豊かさを感じていくタイプです。,豊かな感性と共感力を活かし、心に響く芸術的な価値を創造していくことに優れています。,豊かな感性で共感するあまり、金銭の判断が曖昧になり浪費しがちです。一度立ち止まって、本当に必要か見極めましょう。,自分の価値観を感覚的に大切に守り、優しさの中に芯のある人という印象を与えやすいです。,優れた直感と感受性を武器に、芸術や癒しで精神的価値を生み経済基盤を築きます。,物質的な豊かさだけでなく内面的な充足感を大切にすることで、経済的な安心と心の平安を手に入れられるでしょう。,目に見えない愛や徳を価値の核に置き、直感に従って必要な豊かさを引き寄せるために動く配置。,あなたは豊かな感性を原動力とし、人々の心に響く、共感から生まれる価値を創造することに情熱を傾けます。目に見えない精神的な豊かさを追求するその行動は、やがて現実世界にも穏やかな恵みをもたらすでしょう。
Mars,Pisces,3,感受性豊かに学び、心からの言葉で共感を広げる,感受性豊かに学び、心からの言葉で人々との共感を広げながら、優しく穏やかなコミュニケーションを大切にします。,感受性豊かに学び、想像力と共感理解を活かして心に響く言葉で感動を発信できます。,感受性豊かゆえに、発言が曖昧になったり思考が混乱しがちです。情報を整理し、言葉を明確にすることで誤解を防ぎます。,言葉に想像力ややわらかさがにじみ、感覚的に通じ合える相手として好感を持たれやすいでしょう。,豊かな情緒的コミュニケーションで、詩作や物語制作、教育の場で信頼を築きます。,直感的な閃きを論理的に整理して伝える習慣で、持ち前の説得力が多くの人の心に深く届く知恵に変わるでしょう。,詩的で幻想的な言葉を使い、相手の心の一番深い部分に癒やしを届けるために奔走する配置。,あなたは感受性豊かに物事を深く学び、その経験を心からの言葉で表現することで、人々の間に温かい共感を広げます。優しく穏やかなコミュニケーションを通じて、多くの人々の心に寄り添い、希望のメッセージを届けるでしょう。
Mars,Pisces,4,優しい心で家族や大切な基盤を築き、安心を育む,優しい心で家族や大切な心の基盤を築き、安心感に満ちた居場所を育むために、献身的に行動する性質です。,優しい心と深い共感、包容力で家族や大切な基盤に安心をもたらし、癒しを育む力があります。,優しい心で家族を大切にするあまり、依存的になったり境界が曖昧になりがち。自立した関係性を育むと良いでしょう。,親しい人には特に情の深さが表れ、癒やしや安心感を与える存在として受け止められやすいでしょう。,献身的な優しさで安心できる基盤を築き、在宅での心のケアや癒しに関わる実務で活躍します。,他者の感情に流されず自分だけの静かな時間を確保することで、情緒的な安定と深い安らぎを維持できるでしょう。,家族との霊的な繋がりを死守し、全てを許し合える慈悲に満ちた聖域を維持するために尽力する配置。,あなたは深い愛情と優しい心をもって、家族や大切な人々のための揺るぎない基盤を築くことに献身的に行動します。安心感に満ちた温かい居場所を育むことで、周囲に深い安らぎと幸福感をもたらすでしょう。
Mars,Pisces,5,豊かな感性で心を動かす創作活動に情熱を注ぐ,豊かな感性を活かし、人々の心を揺さぶる創作活動に情熱を注ぎ、夢やロマンを表現していくタイプです。,豊かな感性と想像力で心を動かす芸術表現に情熱を注ぎ、人々に魅力と感動を与えられます。,豊かな感性ゆえに、恋愛に幻想を抱き感情が迷走しがちです。現実を直視し、自分らしさを見失わないことが大切。,自己表現に夢や感性が豊かに乗りやすく、ロマンチックで印象的な魅力として人々の心に残るでしょう。,溢れる想像力と繊細な表現力で、音楽や映像など夢のある創作活動で才能を開花させます。,楽しみを自己満足で終わらせず形に残す努力をすることで、インスピレーションが価値ある作品へと昇華されるでしょう。,夢や幻想の世界に没頭して創作を楽しみ、神秘的な悦びを優しく繊細に表現する配置。,あなたは豊かな感性を最大限に活かし、人々の心を深く揺さぶる創作活動に情熱を注ぎます。夢やロマンに満ちた内なる世界を自由に表現することで、多くの人々に感動とインスピレーションを与えるでしょう。
Mars,Pisces,6,人の痛みに寄り添い、献身的に奉仕する仕事に励む,人の痛みに深く寄り添い、献身的に奉仕する仕事に情熱を注ぐことで、誰かの役に立つ喜びを感じるでしょう。,人の痛みに深く共感し、献身的な奉仕の精神と癒しの力で日々の仕事に励むことが強みです。,人に寄り添うあまり、自己犠牲に陥り疲労が蓄積しがちです。自分の心と体を労わる時間を持つことを意識しましょう。,相手に寄り添いながら支える形で動きやすく、優しく献身的な人として周囲に映りやすいでしょう。,人の心に寄り添い、状況に合わせた柔軟な対応力で日々の実務に励みやすいでしょう。,周囲の期待に応えつつ自分を大切に意識することで、安定した高い成果と健康な生活を両立できるでしょう。,苦しむ人への献身的な奉仕にエネルギーを捧げ、職場や日常の現場を愛で浄化するために働く配置。,あなたは人の痛みに深く寄り添い、献身的な奉仕を通じて誰かの役に立つことに無上の喜びを感じる人です。その優しい行動は、周囲に癒やしと安らぎをもたらし、温かい愛の光で世界を照らすでしょう。
Mars,Pisces,7,相手の気持ちに寄り添い、深い共感で絆を築く,相手の気持ちに深く寄り添い、共感し合うことで、精神的な絆の強いパートナーシップを築き上げる性質です。,相手の気持ちに深く寄り添い、包容力と癒しの交流で人々と確かな共感関係を築けます。,相手に寄り添う優しさゆえに、関係性が依存的になりがちです。互いの自立を尊重することで、より健全な絆が深まります。,一対一の関係では相手に深く共鳴しやすく、受容的でやさしい相手として信頼されやすいでしょう。,深い共感力と社交性で、カウンセリングや広報、情緒的なパートナーシップで活躍します。,相手の影響を受けすぎず自立心を養うことで、お互いに刺激し合える持続可能な関係が構築できるでしょう。,対人関係において魂レベルの一体感を求め、互いを救い合う境界線のない絆のために尽力する配置。,あなたは相手の気持ちに深く寄り添い、心の奥底で共感し合うことで、精神的な絆の強いパートナーシップを築き上げます。その献身的な愛情と理解は、お互いを深く癒やし、魂レベルで結びつくような関係性を育むでしょう。
Mars,Pisces,8,深い共感力で他者の変容を促し、再生を助ける,深い共感力で他者の変容を優しく促し、再生へと導くことで、大きな癒しをもたらす行動力を持っています。,深い共感力と精神的な洞察力で、他者の変容を促し再生へと導く想像力に優れています。,深い共感力は素晴らしいですが、関係に執着し幻想を抱きがち。現実を見つめ、健全な心の繋がりを育むと良いでしょう。,深い関係では境界を越えて関わり、心の奥で強く結びつくような絆を築く傾向があるでしょう。,物事の本質を見抜く直感力と癒やしで、心理やスピリチュアルな分野での再生に関わり活躍します。,他者と深く融合する恐れを捨て変容を受け入れることで、個人の力を超える大きな癒やしを社会にもたらせるでしょう。,他者と感情的に溶け合う体験を通じて精神を浄化し、深い慈悲による再生を果たす配置。,あなたは深い共感力をもって他者の内面に寄り添い、優しく変容を促すことで、その再生を助ける特別な才能を持っています。心の奥底から湧き出る慈愛は、周囲に大きな癒やしをもたらし、新しい希望へと導く行動力となるでしょう。
Mars,Pisces,9,スピリチュアルな真理を探求し、直感で行動する,スピリチュアルな真理を探求し、直感を信じて行動することで、普遍的な癒しや教えを広めることを大切にします。,スピリチュアルな真理を精神的に探究し、共感的な思想と想像力で直感的に行動できます。,スピリチュアルな探求は尊いですが、思想が幻想的になり現実離れしがち。地に足をつけてバランスを取ると良いでしょう。,理想や精神性を込めて語りやすく、感性豊かな価値観を持つ人として周囲に受け止められやすいでしょう。,高い理想と探求心で、学問や宗教、癒しをもたらす思想を広める役割を担います。,直感的な知識を現実的な行動に落とし込むことで、広い視野が社会を導く力強い知恵へと進化するでしょう。,無条件の愛を世界の真理として追求し、神秘的な学びを通じて魂を救済するために奔走する配置。,あなたはスピリチュアルな真理を探求し、自らの直感を信じて行動することで、普遍的な癒やしと教えを世界に広める使命を帯びています。深い慈愛と洞察力をもって、人々の心に安らぎと希望をもたらすでしょう。
Mars,Pisces,10,人々を癒し、社会に貢献する使命に情熱を燃やす,人々を癒し、社会に貢献する崇高な使命を抱き、その理想の実現へ向かって情熱的に行動していくタイプです。,人々への深い共感と包容力で、社会を癒し、貢献していく使命に情熱を燃やすことができます。,人を癒す使命感は素晴らしいですが、評価に依存し現実逃避しがち。自分の軸をしっかり持ち、客観的な判断を心がけましょう。,社会的な場でもやわらかな影響力を持ちやすく、包容力のある人として周囲に慕われやすいでしょう。,共感力や柔軟性が高く評価され、人々を癒し支援する役割で厚い信頼を得やすいでしょう。,肩書きや名声に囚われず内なる真理に従って行動することで、周囲から心から尊敬される指導者としての地位を確立できるでしょう。,芸術や福祉の分野で慈愛に満ちたリーダーシップを発揮し、心の拠り所となる役割を完遂する配置。,あなたは人々を癒やし、社会に貢献するという崇高な使命を抱き、その理想の実現へ向かって情熱的に行動する人です。深い慈愛と共感力をもって、多くの人々の心の拠り所となり、世界に温かい光をもたらすでしょう。
Mars,Pisces,11,仲間と心を通わせ、理想のコミュニティを築く,仲間と心を通わせ、互いに共感し合うことで、理想とする温かいコミュニティを築き上げることに情熱を燃やします。,仲間と心を通わせ深い共感でつながり、癒しのある交流を通して理想のコミュニティを築けます。,仲間と心を通わせる優しさゆえに、集団に依存しがちです。自分と他者の境界線を意識することで、健全な関係が築けます。,仲間に対しても共感的に関わり、場を和ませる存在として好感を持たれやすいでしょう。,自由な精神と仲間との絆を活かし、福祉やグローバルな活動で中心的な役割を担います。,個人の自由を大切にし共通の目的に協力する姿勢を持つことで、独自のビジョンが多くの仲間に支持され形になるでしょう。,人類の平和を夢見る仲間と癒やしのビジョンを共有し、理想の未来を感覚的な行動で描き出す配置。,あなたは心を通わせる仲間たちと共に、互いに深く共感し合うことで、理想とする温かいコミュニティを築き上げることに情熱を燃やします。純粋な愛と奉仕の精神で行動することで、誰もが安心して心を開ける場所を創造するでしょう。
Mars,Pisces,12,無意識の領域を探求し、深い内面と向き合う,無意識の領域を探求し、深い内面と向き合うことで、心の奥底から癒しと解放を得ることを大切にするタイプです。,相手の心に深く共鳴し、直感で本質を洞察する力で、癒しをもたらす行動ができるのが強みです。,内面の探求は大切ですが、現実逃避し自己を見失いがちです。心身のバランスを保ち、地に足をつけることを意識しましょう。,表には出にくくても深い共感性と内的な意志がにじみ、静かに相手を支える人として映りやすいでしょう。,豊かな想像力で人々の心を癒やし、芸術や精神的な分野で才能を発揮できるでしょう。,孤独を恐れず静かに内面と向き合うことで、直感が磨かれ現実世界で活かせる知恵が湧いてくるでしょう。,宇宙との一体感や孤独な祈りの中にエネルギーを向け、目に見えない次元の愛を体現するために動く配置。,あなたは無意識の領域を深く探求し、自身の内面と誠実に向き合うことで、心の奥底からの癒やしと解放を求める人です。その静かで繊細な行動は、計り知れない直感力と洞察力を育み、魂の深い安らぎへと導くでしょう。
Jupiter,Aries,1,新しい挑戦で自分を表現し、大きく成長していく,自分らしさを追求し、新しいことにどんどん挑戦して、大きく成長していくタイプです。,どんな困難も乗り越える楽観的な開拓力で、新しい道を切り開き、周囲を先導できるのが長所です。,自分を信じる気持ちが強すぎて独りよがりになりがちです。周囲の声にも耳を傾けることで、さらに大きく成長できるでしょう。,活発で前向きな姿勢が自然に表れやすく、明るく頼りになる人として受け入れられるでしょう。,圧倒的な行動力と決断力で、新規事業やリーダーシップが必要な分野でチャンスを掴めるでしょう。,衝動に流されず周囲との調和を大切にすることで、あなたの行動力は確実な拡大へと結びつきます。,未知の領域へ飛び込む勇気と開拓精神が、自分自身の可能性を最大限に引き出し幸運を呼ぶ配置。,あなたは自らの直感を信じ、新しいことへ臆することなく飛び込む勇敢な精神が、自身の成長と拡大を力強く牽引します。その開拓者精神は周囲を巻き込みながら新たな道を切り開き、自己表現の場を広げることで大きな幸運を引き寄せるでしょう。
Jupiter,Aries,2,自分の才能を信じて行動し、豊かさを拡大する,自分の才能と行動力を信じ、積極的に挑戦することで、財産や自己価値をどんどん増やしていくタイプです。,自分の才能を信じて自立的に行動することで、豊かさを拡大し、着実に稼ぐ力に優れています。,欲しいものがたくさんあって浪費しがちですが、本当に必要か考える時間を設けると安心です。,自分の価値観を堂々と示し、器の大きな人として周囲に頼られる傾向があるでしょう。,積極的な開拓精神を武器に、実力主義の営業や起業で大きな豊かさを引き寄せます。,衝動的な出費を抑え計画的な資産形成を学ぶことで、経済的な安定と心の余裕を同時に手に入れられます。,独自の直感とスピード感を持って稼ぐ力が、経済的なチャンスと所有の拡大をもたらす配置。,あなたには、自分の才能と行動力を信じて積極的に挑戦することで、財産や自己価値を豊かに拡大していく力が備わっています。独自の価値観を確立し、スピーディーな決断力でチャンスを掴むことで、経済的な豊かさと揺るぎない自信を築き上げていくでしょう。
Jupiter,Aries,3,知的好奇心に従い、学びと発信で世界を広げる,新しいことへの知的好奇心旺盛で、学んだ知識を積極的に発信しながら、自分の世界を広げていくタイプです。,知的好奇心と行動力で新しい知識を吸収し、その学びを周囲に伝える高い発信力が強みです。,多くの知識を伝えるのは素晴らしいですが、軽率な発言や早合点には注意しましょう。冷静さが大切です。,考えや言葉に勢いと明るさが加わり、話していて元気をもらえる親しみやすい相手になりやすいでしょう。,迅速な情報処理と積極的な対話力で、メディアや教育分野、折衝業務で発展を遂げるでしょう。,断定せず相手の意見に耳を傾けることで、あなたの説得力が増し円滑な人間関係を築けるでしょう。,ひらめきを即座に伝える発信力が周囲を惹きつけ、知的なネットワークを急速に広げる配置。,あなたは新しいことへの知的好奇心に満ち溢れ、学んだ知識を積極的に発信することで、自己の世界を大きく広げていきます。素早い思考と優れた伝達能力は、知的な交流を通じて人々を惹きつけ、常に新しい学びと成長の機会をもたらすでしょう。
Jupiter,Aries,4,自らの手で安定した基盤を築き、安心を広げる,自分の力で安心できる心の居場所を築き、家族や大切な人とのつながりを育みながら、心の豊かさを広げます。,自らの力で安心できる居場所を開拓し、大切なものを守り育む力で、揺るぎない基盤を築けます。,家庭ではつい独断的になりがちですが、家族の意見を尊重することで、より温かい関係を築けるでしょう。,親しい人には率直でおおらかな態度を見せやすく、温かく守ってくれる人として受け入れられやすいでしょう。,家族や基盤への情熱を活かし、家業改革や住環境の拡大に関わる実務で幸運を発揮するでしょう。,家庭での話し合いは共感を大切にすることで、安心できる居場所と良好な関係が深まります。,自立心旺盛な家族関係を築くことで、家庭内に絶え間ない活気と発展の機会が訪れる配置。,あなたは自らの手で安心できる心の居場所を積極的に築き、自立した家族や大切な人とのつながりを通じて、内なる豊かさを広げていく人です。活動的な住環境や新鮮な家庭のあり方を追求することで、プライベートが充実し、心の奥底から深い安心感を得られるでしょう。
Jupiter,Aries,5,創造性を発揮し、楽しみながら可能性を広げる,遊び心と情熱をもってクリエイティブな表現に取り組み、人生を楽しみながら可能性を広げていくタイプです。,湧き上がる情熱を行動に移し、創造的なアイデアを豊かに表現できる、遊び心あふれる長所があります。,創造性や愛情表現が豊かなのは魅力ですが、衝動的な行動や誇張表現は控えることで、より信頼を得られます。,自分らしさをのびのびと表現するため、情熱的で魅力的な存在として周囲に印象を残しやすいでしょう。,斬新なアイデアと遊び心を活かし、クリエイティブな表現や独自の理論で才能を拡大させるでしょう。,楽しみを論理で固めず感性のまま表現することで、あなたのひらめきは多くの人に届く作品へと昇華されます。,大胆な自己表現や創作活動に情熱を注ぐことで、人生を楽しむためのチャンスが次々と現れる配置。,あなたは遊び心とほとばしる情熱を持ってクリエイティブな表現に取り組み、人生を心ゆくまで楽しみながら可能性を広げていく人です。リスクを恐れずに新しい楽しさを追求し、独自の感性をダイナミックに打ち出すことで、あなたの個性が輝き、人々を魅了するでしょう。
Jupiter,Aries,6,新しい仕事に意欲的に取り組み、大きく成長する,意欲的に新しい仕事や日々のタスクに挑戦し、周りの役に立ちながら、大きく成長していくことを大切にします。,日々の業務に前向きに行動し、改善を重ねることで、実務能力を大きく発展させられるのが強みです。,仕事への意欲が強すぎて過活動になりがちです。休息も大切にし、周りと協力することで、無理なく進められます。,行動で前向きさを示しやすく、頼りになる実務的な存在として周囲から信頼される傾向があるでしょう。,前向きな推進力で現場を活性化させ、新しい仕事や業務を着実に広げていけるでしょう。,焦らず丁寧な確認作業を習慣にすることで、あなたの実務能力は職場で揺るぎない信頼へと繋がります。,現場の課題を突破する実行力が、職場での信頼と役割の拡大をダイナミックに加速させる配置。,あなたは新しい仕事や日々のタスクに意欲的に挑戦し、周囲の役に立つことを通じて、自己を大きく成長させていきます。スピーディーな実行力と現場を牽引するリーダーシップは、困難な課題をも即座に改善し、あなたの仕事に目覚ましい成果と信頼をもたらすでしょう。
Jupiter,Aries,7,積極的な出会いで、人間関係を広げ発展させる,積極的に人と関わり、対等なパートナーシップを築くことで、人間関係を大きく広げ、発展させていくタイプです。,積極的に関係を築き、周囲を巻き込みながら協働することで、人間関係を大きく発展させる交渉力があります。,対人関係では自己主張が強くなりすぎると衝突しがちです。相手の意見にも耳を傾けることで、良い関係が築けます。,一対一の関係では率直で開放的に関わり、対等な関係の中で自分らしさを発揮できるでしょう。,活発な交渉力と決断力で、営業やパートナーと新しい道を切り拓く仕事で成功を収めます。,相手を尊重しつつ論理的に意志を伝えることで、自立した持続可能な協力関係が構築できるでしょう。,対人関係において積極的なリードを好み、刺激的な協力者との出会いから幸運が舞い込む配置。,あなたは積極的に人と関わり、対等なパートナーシップを築くことを通じて、人間関係を大きく広げ発展させていく人です。率直な働きかけと、共に新しい世界を切り拓こうとする姿勢が良縁を引き寄せ、刺激的な協力者との出会いがあなたの世界を豊かに彩るでしょう。
Jupiter,Aries,8,新たな挑戦を通じて、深く大きな変化を遂げる,他者との深い関係や共有資源を通じて、新たな自分へと変容し、豊かな可能性を広げていくことを喜びます。,深い洞察力と行動力で困難な状況を突破し、自分自身を大きく変容させながら成長できる力があります。,深い関係になるほど支配欲が出てしまいがちですが、相手の自由を尊重することで、より豊かな絆が生まれます。,関係が深まるほど本音や信頼を大きく開き、相手と濃く強い結びつきを築きやすいでしょう。,鋭い洞察力と本質を見抜く思考で、金融調査や心理分析など探求する分野で強みを発揮します。,猜疑心を手放し客観的に判断することで、あなたの行動は社会に大きな変容をもたらすことができます。,共有財産や深い絆において主導権を握ることで、大きな変容と豊かさを手にする配置。,あなたにとって、他者との深い関係や共有資源を通じて、新たな自分へと変容していくことが、大きな成長と豊かな可能性を広げる喜びとなります。変容を恐れず大胆な決断力で挑むその姿勢は、共有財産の運用や深い絆において主導権を握り、計り知れない恩恵をもたらすでしょう。
Jupiter,Aries,9,広い視野で真理を探求し、新たな学びで成長する,広い視野で真理を探求し、未知の学問や文化に触れることで、自分自身を大きく成長させていく性質です。,強い信念と開拓精神で未知の領域を探求し、広い視野で学びを拡大していくことが得意です。,自分の思想を強く持ちすぎると、視野が狭くなりがちです。様々な考え方に触れることで、学びが深まります。,自分の考えや信念を前向きに語り、共に価値観を広げるような対話を好む傾向があるでしょう。,高い向上心と冒険的な知性を武器に、高等教育や未知の分野を論理的に開拓し発展できるでしょう。,理想を行動計画に落とし込むことで、あなたの広い視野は知恵となり周囲を力強く牽引できるでしょう。,精神的な冒険を恐れず理想を追い求める姿勢が、高度な学びや遠方での発展を約束する配置。,あなたは広い視野で真理を探求し、未知の学問や異文化に触れることを通じて、自分自身を大きく成長させていく性質を持っています。高い理想に向けた迷いのない探求心と、自らの信念で人生を切り拓く強さは、あなたに深い智慧と精神的な豊かさをもたらすでしょう。
Jupiter,Aries,10,新たな目標に挑戦し、社会で大きな成功を掴む,新しい目標に意欲的に挑戦し、社会での役割を果たすことで、大きな成功と評価を掴み、道を切り開くタイプです。,決断力と行動力で新たな分野を切り開き、リーダーシップを発揮して社会的な成功を収める力があります。,社会での評価を過信しすぎると、独りよがりになりやすいので注意しましょう。謙虚な姿勢が、成功への鍵です。,社会的な場では周囲を引っ張る姿勢が自然に表れ、大きなビジョンを示すリーダーとして見られやすいでしょう。,行動力と拡張性が高く評価され、新しい目標に挑戦する重要な役割を任されやすいでしょう。,肩書きにこだわらず内なる真理を語ることで、周囲から尊敬される真の指導者としての地位を確立できます。,社会的な野心を直情的に追い求める行動力が、独自のキャリアにおける成功と地位をもたらす配置。,あなたは新しい目標に意欲的に挑戦し、社会での先駆的な役割を果たすことで、大きな成功と評価を掴み、自らの道を力強く切り開いていく人です。その独立心と勝負強さがキャリアにおける発展を後押しし、あなた独自の確固たる地位と名声を築き上げていくことでしょう。
Jupiter,Aries,11,新しい仲間との出会いで、理想の未来を広げる,新しい仲間との出会いを大切にし、未来への理想を共有することで、自分の可能性と世界を大きく広げます。,豊かな発想力と行動力で新しい仲間を巻き込み、理想の未来を創造する企画力に優れています。,仲間との目標達成で独走しがちですが、皆の意見を聞くことで、より現実的で素晴らしい未来を築けるでしょう。,仲間の中でも率先して活発に動き、グループを勢いよく前に進める存在になりやすいでしょう。,進歩的なアイデアと仲間を鼓舞する知性で、革新的なコミュニティやグループ活動で輝くでしょう。,個を大切にしつつ全体の調和を図ることで、あなたのビジョンは多くの仲間に支持され形になります。,革新的なビジョンを持つ仲間を募ることで、理想の未来を強引かつ速やかに形にしていく配置。,あなたは新しい仲間との出会いを大切にし、未来への理想を共有することで、自身の可能性と世界を大きく広げていきます。革新的なビジョンを掲げ、持ち前のリーダーシップで集団を活性化させることで、理想の未来を力強く実現していくでしょう。
Jupiter,Aries,12,内なる直感を信じ、精神的な豊かさを育む,内なる直感を信じ、過去を手放すことで精神的な癒やしを得て、心の豊かさを大きく広げていくタイプです。,内なる勇気と直感を信じて精神的な領域を探求し、自分自身を深く癒し、成長させることができます。,現実から目を背けて衝動的な行動をとりがちですが、心と向き合う時間を持つことで、癒しへと繋がるでしょう。,表立って目立つことは少なくても、見えないところで相手を温かく励まし支える存在になりやすいでしょう。,豊かな想像力と直感的な知性で、カウンセリングや目に見えない情報を整理する役割で力を発揮します。,内なる衝動を言葉にすることで、精神的な混乱を避けクリアな直感を現実世界で役立てられます。,内面にある開拓精神を精神的な活動で育むことで、目に見えない守護と深い叡智を得る配置。,あなたは内なる直感を深く信じ、過去を手放すことを通じて精神的な癒やしを得て、心の豊かさを大きく広げていく人です。精神世界への果敢な探求や目に見えない場所での積極的な奉仕活動は、あなたに深い叡智と、困難を突破する強いインスピレーションをもたらすでしょう。
Jupiter,Taurus,1,揺るぎない自分を確立し、着実に豊かな自己を育む,揺るぎない自分らしさを大切にし、着実に自分の魅力を育むことで、豊かな自己を確立していくタイプです。,安定した持続力と揺るぎない信頼感で、自分らしさを着実に表現し、大きく成長できるのが強みです。,自分の考えを頑固に守りすぎると、成長が停滞しがちです。新しい視点を取り入れることで、豊かな自己が育ちます。,落ち着いたおおらかさが自然とにじみ出て、周囲からは安心感のある人として見られやすいでしょう。,安定した思考と優れた実務能力で、品質管理や専門技術分野で着実な発展を遂げるでしょう。,自分のペースを守りつつ新しい価値観を取り入れることで、思考が柔軟になり可能性を広げられます。,揺るぎない安定感と豊かな美意識が個性に表れ、確実な実績を積み上げることで人生が繁栄する配置。,あなたは揺るぎない自分らしさを大切にしながら、着実に自身の魅力を育むことで、豊かな自己を確立していく人です。五感を満たす安定感と、粘り強く物事に取り組む姿勢は、周囲に深い安心感を与え、あなたの人生を確かな繁栄へと導くでしょう。
Jupiter,Taurus,2,自分の才能を活かし、安定した豊かさを着実に築く,自分の才能や価値観を活かし、着実な努力を重ねることで、安定した収入や豊かな財産を築いていくタイプです。,安定した基盤の上で才能を活かし、着実に豊かさを築き、継続的に発展させていける蓄財力が強みです。,物質的な豊かさに執着しすぎると、新しい価値の発見が停滞しがちです。心の満足にも目を向けると良いでしょう。,自分の価値観を豊かさと結びつけて示し、周囲に安定感のある人という印象を与えやすいでしょう。,優れた経済感覚と粘り強い交渉力で、財務管理や資産運用で安定した豊かさを築きます。,所有の執着を手放し知恵を分かち合うことで、物質的な安定と精神的な満足を両立できます。,五感を満たす確かな富を築く才能に恵まれ、物質的な豊かさが時間を追うごとに拡大する配置。,あなたは自身の才能や価値観を大切にしながら、着実な努力を重ねることで、安定した収入や豊かな財産を着実に築き上げていく人です。五感を満たす確かな富をじっくりと育む才能に恵まれ、時間を追うごとに物質的な豊かさと揺るぎない安心感を拡大させていくでしょう。
Jupiter,Taurus,3,着実な学びを通して、実践的な知識を広げる,五感を使いながら着実に学びを深め、得た知識を実践的に活用することで、自分の世界を広げていくタイプです。,落ち着いた姿勢で深く学び続け、その知識を説得力のある言葉で伝えることができるのが長所です。,自分の考えに固執しすぎると、発言が頑固になり、思考が停滞しやすくなります。柔軟な視点を持つと良いでしょう。,言葉に穏やかさと包容力がにじみ、話を聞くのが上手で説得力のある人として受け取られやすいでしょう。,丁寧な言葉選びと実用的な知識で、実務教育やライティング分野で着実な発展を遂げるでしょう。,自説に固執せず多様な意見を冷静に聞くことで、あなたの説得力が増し周囲との調和が深まります。,具体的で価値のある情報を丁寧に伝える知性が、安定した対人交流と知識の蓄積を促す配置。,あなたは五感を使いながら着実に学びを深め、得た知識を実践的に活用することで、自分の世界を豊かに広げていく人です。具体的で価値のある情報を丁寧に伝える知性は、安定した対人交流と知識の蓄積を促し、周囲からの厚い信頼を築き上げていくでしょう。
Jupiter,Taurus,4,安心できる基盤を築き、内面の豊かさを育む,安心できる家庭や居場所を築き、心のゆとりを大切にすることで、内面から豊かな自分を育んでいくタイプです。,安心できる家庭や居場所を大切に守り、内面の豊かさを育みながら、安定した基盤を築けるのが強みです。,家庭環境に固執しすぎると、変化を拒否して閉鎖的になりがちです。適度な開放性が、心の豊かさにつながります。,親しい人にはゆったりとした包容力を見せ、相手にとって居心地のよい安心できる存在になりやすいでしょう。,穏やかで論理的な基盤を築き、住宅デザインや家計管理の実務で豊かさを広げやすいでしょう。,家族に正論を押し付けず心の交流を大切にすることで、家庭に揺るぎない安心感が生まれるでしょう。,伝統と豊かさを重んじる家庭環境を作ることで、盤石な基盤と安らぎが人生を支える配置。,あなたは安心できる家庭や居場所を築き、心のゆとりを大切にすることで、内面から豊かな自分を育んでいく人です。伝統と豊かさを重んじる安定した生活基盤を築く力は、精神的な充足感をもたらし、あなたの人生を盤石な安らぎで支えるでしょう。
Jupiter,Taurus,5,豊かな感性で創造性を表現し、喜びを広げる,豊かな感性を活かして五感で楽しみを味わい、安定した自己表現で喜びを広げていくことを大切にするタイプです。,豊かな芸術性と安定した表現力で、あなた自身の魅力を着実に広げ、周囲に喜びをもたらすことができます。,創造性や恋愛において、快楽や執着が強くなりすぎるとバランスを崩しがちです。心の平穏を保つよう意識しましょう。,自分の魅力や感性を豊かに表現し、穏やかで華やかな人として周囲に良い印象を残しやすいでしょう。,洗練された美意識と職人気質のこだわりを活かし、芸術制作や創作活動で才能を発揮します。,評価を気にせず純粋な楽しみを追求することで、健全な自己肯定感が育まれ心が豊かになるでしょう。,芸術的な感性や美を追求する趣味が、豊かな自己表現と洗練された喜びを人生に招く配置。,あなたは日々の仕事や習慣に着実に丁寧に取り組むことで、ゆっくりと着実に成果を出し、大きく成長していく人です。その地道な努力と安定した実務能力は、職場に揺るぎない信頼と安定をもたらし、専門性を深めることで確固たる地位を築き上げるでしょう。
Jupiter,Taurus,6,着実な仕事ぶりで成果を出し、着実に成長を遂げる,日々の仕事や習慣に着実に丁寧に取り組み、着実に成果を出すことで、ゆっくりと大きく成長していくタイプです。,安定した実務能力で着実に成果を出し、継続的な改善を重ねることで、周囲から深い信頼を得られます。,仕事で変化を避けすぎると、惰性になり停滞しがちです。新しい工夫を取り入れることで、着実な成長へと繋がります。,日々の行動で安定した善意を示し、着実に信頼を広げる人として周囲から見られやすいでしょう。,安定した運用で着実に業務を拡大し、仕事を通じて堅実に成長していくことができるでしょう。,完璧主義を手放し適度な休息を取り入れることで、安定した高いパフォーマンスを継続できます。,着実で丁寧な仕事ぶりが現場に安定をもたらし、専門的な実務能力が着実に開花する配置。,あなたは信頼できる人との関係を大切にし、着実に絆を深めることを通じて、安心できるパートナーシップを育んでいく人です。誠実で穏やかな付き合い方は、長期的な信頼関係を築く力となり、あなたの人生に豊かな繁栄と確かな結びつきをもたらすでしょう。
Jupiter,Taurus,7,信頼できる人間関係を築き、絆を深める,信頼できる人との関係を大切にし、着実に絆を深めることで、安心できるパートナーシップを育んでいくタイプです。,信頼関係を大切に育み、調和の取れた安定した人間関係を築き、周囲との絆を深められるのが強みです。,対人関係で相手に依存しすぎたり、関係に固執しすぎると嫉妬心が生まれがちです。お互いの自立を尊重しましょう。,一対一の関係では安心感と誠実さを大切にし、長く付き合える誠実な相手として好まれやすいでしょう。,誠実な対人態度と交渉力で、長期的な関係を重視するビジネスで信頼と発展を築くでしょう。,相手に合わせすぎず自分のペースで対話することで、自立した持続可能な関係が構築できるでしょう。,誠実で長期的な信頼関係を築く力が、安定したパートナーシップと繁栄を呼び寄せる配置。,あなたは他者との深い結びつきや共有資源を通じて、着実に内面の変容を促し、豊かな可能性を広げていくことに喜びを見出す人です。受け継ぐべき財産や深い絆を確実に管理するその力は、安定した共有基盤を築き、他者からの計り知れない恩恵を大きく膨らませるでしょう。
Jupiter,Taurus,8,安定した基盤の上で、深い変容と豊かさを享受する,他者との深い結びつきや共有財産を通じて、着実に内面の変容を促し、豊かな可能性を広げていくことを喜びます。,揺るぎない安定感と深い洞察力で、困難な状況も乗り越え、自己を再生し豊かな資源を拡大できます。,深い関係になるほど執着や支配欲が強くなりがちです。手放す勇気を持つことで、真の豊かさが見えてくるでしょう。,深い関係になるほど信頼や愛着が強まり、相手とゆるぎない温かい絆を築きやすいでしょう。,組織の資産管理能力と深い洞察力で、金融や専門研究分野で大きな発展を遂げます。,共有への不安を乗り越え信頼を深めることで、個人の力を超える大きな価値を受け取れるでしょう。,受け継ぐべき財産や深い絆を確実に管理することで、他者からの恩恵を大きく膨らませる配置。,あなたは普遍的な真理や哲学を安定的に探求し、着実に知識を深めることを通じて、自分の世界を大きく広げていく人です。実利を伴う高度な学びと確かな価値観に裏打ちされた探求心は、時間をかけて揺るぎない智慧を身につけ、精神的な豊かさをもたらすでしょう。
Jupiter,Taurus,9,安定した探求で真理を見つけ、深い知識を広げる,普遍的な真理や哲学を安定的に探求し、着実に知識を深めることで、自分の世界を大きく広げていくタイプです。,揺るぎない信念に基づき、実践的な知恵と深い学びを追求し続けることで、視野を広げていける強みです。,自分の思想に固執しすぎると視野が固定されがちです。新しい知識や異なる視点を受け入れることで、学びが深まります。,自分の信念を穏やかに広げやすく、地に足のついた安定した価値観を持つ人として見られやすいでしょう。,実用的な哲学と長期的な視点を武器に、学問研究や伝統を重んじる教育で発展できるでしょう。,抽象的な概念を現実の成果に結びつけることで、あなたの知恵は周囲の信頼を高めるでしょう。,普遍的な真理を具体的に学ぶ姿勢が、精神的な豊かさと揺るぎない人生観を構築する配置。,あなたは地道な努力で着実にキャリアを積み重ね、社会での役割を果たすことを通じて、揺るぎない成功を掴んでいく人です。伝統や実利を重んじる堅実な働き方は、確固たる名声と地位を築き、あなたに社会的信頼と豊かな実りをもたらすでしょう。
Jupiter,Taurus,10,着実にキャリアを積み、社会で揺るぎない成功を掴む,地道な努力で着実にキャリアを積み重ね、社会での役割を果たすことで、揺るぎない成功を掴んでいくタイプです。,着実な努力と継続的な成果で社会からの信頼を築き、揺るぎないキャリアと成功を構築できるのが強みです。,社会的評価を気にしすぎて保守的になると、成長が停滞しがちです。時には大胆な挑戦も、成功への道となるでしょう。,社会的な場では安定感と豊かさが際立ち、周囲から信頼の厚い人物として高く評価されやすいでしょう。,継続的な成果が評価され、社会で安定した信頼を集めることで揺るぎない成功を掴めるでしょう。,結果だけでなく内面の満足度も大切にすることで、揺るぎない自信と確固たる地位を確立できます。,伝統や実利を重んじる社会的な顔が信頼され、堅実な努力が確固たる名声と地位に繋がる配置。,あなたは信頼できる仲間と協力し、着実に未来の理想を形にすることで、安定したコミュニティを築いていく人です。価値観を共有する確かな人脈は、長期的な利益をもたらすネットワークへと発展し、あなたの人生に豊かなチャンスと安定した未来を広げるでしょう。
Jupiter,Taurus,11,信頼できる仲間と協力し、目標を安定的に実現する,信頼できる仲間と協力し、着実に未来の理想を形にすることで、安定したコミュニティを築いていくタイプです。,信頼できる仲間との安定した協力関係を築き、友情を育みながら理想の未来を着実に実現できるのが強みです。,仲間との交流で依存しすぎたり、閉鎖的になると目標達成が難しくなります。お互いを尊重し、自立した関係を築きましょう。,仲間の中では無理に前へ出るよりも、安定した支え役として信頼を集める存在になりやすいでしょう。,価値観を共にする仲間と穏やかなコミュニティを築き、実務的な発展を支える役割で輝きます。,現状に満足せず仲間と変化を受け入れることで、より普遍的で大きな目的を達成できるでしょう。,価値観を共有する仲間と豊かさを追求することで、安定した未来のネットワークが広がる配置。,あなたは信頼できる仲間たちと協力しながら、未来の理想を着実に形にし、安定したコミュニティを築いていきます。着実な努力と温かい人間関係の中で、新たな変化も受け入れる風通しの良さを保つことで、あなた自身の成長も大きく広がるでしょう。
Jupiter,Taurus,12,内なる安らぎを見つけ、精神的な豊かさを安定させる,内なる安らぎを見つけ、過去を手放すことで精神的な癒やしを得て、心の豊かさを安定させていくタイプです。,内省力と忍耐力で心の安らぎを見つけ、精神的な安定と豊かさを着実に育んでいける力があります。,内面の安らぎを求めすぎると、執着思考で停滞しがちです。時には現実から離れて、心を自由にすることも大切ですよ。,表立って目立つことはなくても、穏やかな包容力がにじみ、静かに安心を与える人として映りやすいでしょう。,目に見えない価値や精神的平穏を追求し、芸術や奉仕活動で社会に癒やしと拡大を与えます。,孤独を恐れず内省の時間を大切にすることで、内なる豊かさを活かす知恵が湧いてくるでしょう。,内面的な豊かさを一人の時間で静かに深めることで、精神的な充足感と幸運が密かに育まれる配置。,あなたは内なる安らぎを見つけ、過去を手放すことを通じて精神的な癒やしを得て、心の豊かさを安定させていく人です。静かな環境での創作活動や精神生活は、目に見えない豊かな感性を育み、あなたの内面に深い充足感と穏やかな幸運をもたらすでしょう。
Jupiter,Gemini,1,知性を磨き、柔軟な発想で自分らしさを広げる,知性を磨き、柔軟な発想で様々な自分を表現することで、好奇心旺盛に個性を広げていくタイプです。,優れた機転と発信力で知性を広げ、柔軟な発想で自分らしさを豊かに表現できるのが長所です。,多くの知識を表現するのは素晴らしいですが、話が散漫になりすぎないよう、時には沈黙も意識すると良いでしょう。,軽やかで開放的な話し方になりやすく、周囲からは話していて楽しい人として親しまれやすいでしょう。,多才な表現力と素早い適応力で、放送や広告、情報仲介の分野で個性を輝かせ発展を遂げます。,一貫した目標を持ち一つのことを掘り下げることで、あなたの器用さは確かな拡大に結びつきます。,軽やかな知性と多彩なコミュニケーション能力が、多くのチャンスを呼び込む魅力的な個性となる配置。,あなたは知性を磨き、柔軟な発想で様々な自分を表現することで、好奇心旺盛に個性を広げていく人です。その軽やかなコミュニケーション能力と多様な情報を取り入れる力は、あなたの知的な魅力を際立たせ、多くの新しいチャンスを引き寄せるでしょう。
Jupiter,Gemini,2,知的な才能と情報で、新しい価値と豊かさを生み出す,知的な才能や新しい情報を活用し、様々な方法で価値を生み出すことで、豊かな財産を築いていくタイプです。,豊かな情報収集力と商才に優れ、柔軟な判断力で新しい価値を生み出し、豊かさを拡大できます。,新しい価値に惹かれ、判断に迷って浪費しがちです。本当に大切なものを見極める時間を、意識して持つと安心です。,自分の価値観を柔軟に広げるため、頭の回転が速く器用な人という印象を与えやすいでしょう。,情報を価値に変える力や巧みな話術を活かし、販売や営業で経済的な発展を収めるでしょう。,知識をただ集めるだけでなく実利に繋げることで、経済的な基盤をより強固に築けるでしょう。,多彩なスキルと情報を掛け合わせて稼ぐ力が、流動的で多様な収入源を次々と生み出す配置。,あなたは知的な才能と新しい情報を活用し、様々な方法で価値を生み出すことで、豊かな財産を築いていく人です。多彩なスキルと情報交換を掛け合わせる力は、流動的で多様な収入源を次々と生み出し、あなたの経済的な可能性を大きく広げてくれるでしょう。
Jupiter,Gemini,3,好奇心旺盛に学び、情報を通して知識を広げる,好奇心旺盛に様々な情報を学び、コミュニケーションを通じて知識を広げ、自分の世界を豊かにしていくタイプです。,好奇心旺盛な学習力と機転の利く発信力で、知識を広げながら思考や伝達を発展させられるのが強みです。,好奇心から多くの知識を得ますが、話が軽口になりがちです。一つ一つの情報を深く掘り下げる意識が大切です。,会話のテンポや情報量が豊かになりやすく、知的で親しみやすい相手として好まれる傾向があるでしょう。,圧倒的な情報収集力と伝達力で、教育やジャーナリズム、地域社会の活性化で発展します。,情報の正確さを意識し思慮深く発言することで、知的な影響力と周囲からの信頼が高まります。,旺盛な好奇心が情報の収集と伝達を加速させ、広範な知識と豊かな人脈が人生を潤す配置。,あなたは好奇心旺盛に様々な情報を学び、コミュニケーションを通じて知識を広げることで、自分の世界を豊かにしていく人です。旺盛な知的好奇心は、情報の収集と伝達を加速させ、広範な知識と人脈を築きながら、あなたの人生を常に新しい刺激で満たしてくれるでしょう。
Jupiter,Gemini,4,知的な対話で心の基盤を豊かにし、安定を築く,知的な対話や情報交換を通して、心の安定した居場所を築き、内面の豊かさを広げていくことを大切にします。,柔軟な知性と深い理解力で豊かな対話を促進し、家庭や心の基盤を安定させ、安心感を広げられます。,家庭の情報が多すぎると心が落ち着かず、混乱を招きがちです。本当に必要な情報だけを選ぶように意識すると良いでしょう。,親しい人との会話が特に豊かになりやすく、家庭の中でも場を明るくする存在として親しまれるでしょう。,知的な対話に満ちた基盤を築き、在宅での知的作業や教育関連の活動で発展しやすいでしょう。,静寂の時間を持つことで内面の落ち着きが保たれ、思考を建設的に制御できるでしょう。,会話と情報が絶えない風通しの良い家庭環境が、家族の絆を軽やかに発展させる配置。,あなたは知的な対話や情報交換を通して、心の安定した居場所を築き、内面の豊かさを広げていくことを大切にする人です。会話と情報が絶えない風通しの良い家庭環境は、あなたの心を豊かに育み、家族の絆を軽やかに発展させる安定した基盤となるでしょう。
Jupiter,Gemini,5,知的な発想で創造性を広げ、表現する喜びを深める,知的な発想と柔軟な表現力で、人生の楽しみや喜びを広げ、クリエイティブな自己表現を深めていくタイプです。,豊かな創作発想と遊び心にあふれ、機知に富んだ表現力で創造性を広げ、周りに喜びをもたらします。,創造性や恋愛で感情が変わりやすく、飽きっぽくなりがちです。一つのことを深く楽しむ視点も大切にすると良いでしょう。,遊び心のある表現が広がりやすく、明るく面白い人として周囲に良い印象を残しやすいでしょう。,多彩なアイデアと遊び心を活かし、企画制作や教育コンテンツ開発で才能を開花させるでしょう。,自己表現を楽しみプロセスも大切にすることで、あなたの閃きは価値ある作品へと昇華されます。,知的な遊びや多才な趣味を楽しむ姿勢が、クリエイティブな表現の幅と喜びを拡大させる配置。,あなたは知的な発想と柔軟な表現力を活かし、人生の楽しみや喜びを広げながら、クリエイティブな自己表現を深めていく人です。遊び心に満ちた多才な趣味や活動は、独創的なアイデアを次々と生み出し、あなたの表現の幅と人生の喜びを大きく拡大させるでしょう。
Jupiter,Gemini,6,知的な工夫で仕事の効率を高め、大きく成長する,知的な工夫で仕事の効率を高め、新しい情報を取り入れながら、大きく成長していくことを楽しむタイプです。,情報を分析し機転を利かせ、効率よく仕事を進める改善知性が強みです。,仕事で情報過多になり、神経質で散漫になりがちです。優先順位をつけて集中することで、効率よく進められるでしょう。,情報共有や説明が自然と得意なため、器用で頼れる人として周囲から評価されやすいでしょう。,情報や知識を巧みに扱い、日々の業務を効率化しながら大きく成長するでしょう。,心身の健康のために神経を鎮める習慣を持つことで、過度なマルチタスクによる消耗を防げ、仕事の効率がさらに高まるでしょう。,器用な実務能力が多忙な現場での評価を高め、多彩な役割をこなすことで可能性が広がる配置。,あなたは知的な工夫で仕事の効率を高め、新しい情報を取り入れながら、大きく成長していくことを楽しむ人です。器用な実務能力と臨機応変な対応力は、多忙な現場で高い評価を得て、多彩な役割をこなすことであなたの可能性を広げてくれるでしょう。
Jupiter,Gemini,7,知的好奇心で人と深く繋がり、共に成長していく,知的な対話を楽しみ、人との出会いを通じて共に成長し、関係性を広げていく性質です。,知的な対話を通じて人との関係を深め、スムーズな協力関係を築く調整力があります。,多くの関係に気を配りすぎると優柔不断になりやすいです。大切な人との深い絆を意識すると、心が落ち着き関係が安定します。,一対一の関係では対話を通じて絆を深めやすく、話すことで互いに刺激し合える存在として受け入れられやすいでしょう。,優れた会話術と交渉力を武器に、共同事業や接客で人々と深く繋がり、共に発展するでしょう。,相手の言葉の裏にある感情を汲み取る努力をすることで、知的交換以上の深い信頼関係を築き、共に成長へと繋がります。,言葉を介した活発な交流が対人関係に活気を与え、多彩な協力者との出会いで人生が好転する配置。,あなたは知的好奇心を原動力に、人との活発な対話を通じて関係性を広げ、共に高め合うことを喜びとします。多様な出会いの中で新たな視点を取り入れながら、表面的なやり取りに終わらず誠実な交流を重ねることで、あなたの世界は無限に広がっていくでしょう。
Jupiter,Gemini,8,知的な探求心で内なる変革を促し、大きく成長する,深い知識を探求し、人との結びつきや内面の変革を通じて、大きく成長するタイプです。,物事の本質を探究する知性と、人の心や隠された真実を見抜く優れた洞察力があります。,多くの情報に触れすぎると、疑心暗鬼になり思考が混乱しがちです。心と体の声に耳を傾けることで、落ち着いて判断できるようになります。,表面は軽やかでも知的な探求心で深い話題にも開いていき、本音で語り合える交流を楽しみやすいでしょう。,深い知性と調査能力を活かし、他者の資産運用や心理分析で本質を探求し、大きく成長します。,秘密を守りつつ真実を追求する誠実さを養うことで、他者からの深い信頼を得て、さらに重要な役割を任せられるでしょう。,他者の心理や情報を分析する力が、知的な共有を通じた深い絆と恩恵の拡大をもたらす配置。,あなたは深い知的な探求心を持ち、共有される情報や共同関係の中で、内面の大きな変革と成長を遂げていきます。鋭い分析力で危機を乗り越える一方で、言葉には常に温かい配慮を忘れず、深い信頼を築きながら豊かな恩恵を受け取るでしょう。
Jupiter,Gemini,9,高い知的好奇心で学びを深め、視野を広げる,幅広い知的好奇心で学問や哲学を探求し、異文化を通して自分の世界を広げていくタイプです。,幅広い分野に知的探究心を向け、学んだ知識を広めていく発信力に優れています。,知識の幅を広げすぎると、内容が浅くなったり話が大げさになりがちです。一つのテーマを深く探求すると、自信に繋がります。,学びや哲学を共有する対話を好み、互いの視野を広げられる話し相手として周囲に好感を持たれやすいです。,広い知識欲と語学力を活かし、出版や留学支援で知を広め、多くの人に良い影響を与えるでしょう。,膨大な情報の中から普遍的な真理を見出す意識を持つことで、知識が知恵へと進化し、人生の指針がより明確になるでしょう。,多様な思想や文化を軽やかに渡り歩く知性が、精神的な自由と広い視野をダイナミックに広げる配置。,あなたは尽きることのない知的好奇心に導かれ、学問や哲学、異文化との交流を通して、自身の世界観を大きく広げていきます。広範な知識はあなたに精神的な自由をもたらしますが、情報収集そのものが目的化しないよう、自分自身の確固たる指針を持つことが、さらなる深い学びへと繋がるでしょう。
Jupiter,Gemini,10,知性を活かした発信で、社会的な影響力を拡大する,知的なコミュニケーション能力を活かし、社会的な役割を広げ、影響力のある存在として活躍するタイプです。,社会に向けて情報を発信し、機転を利かせた判断で物事をまとめ上げる統率力があります。,多くの情報に振り回されて発言が軽率になったり、方針が迷走しがちです。自分の軸をしっかり持ち、落ち着いて判断することが大切です。,社会的な場では知的な発信力と情報感度の高さが目立ち、柔軟な思考力を持つ人として評価されやすいでしょう。,知的な発信力と柔軟性が高く評価され、社会的なキャリアを大きく広げ活躍できるでしょう。,肩書きや評判に一喜一憂せず長期的なキャリアを見据えることで、社会的な影響力がより安定し、発展へと繋がります。,情報発信力や交渉術を社会で活かすことで、変化に富んだ成功と華やかなキャリアを築く配置。,あなたは持ち前の知的なコミュニケーション能力を活かし、社会で多様な役割を担いながら、影響力のある存在として活躍します。臨機応変な対応力と責任感ある情報発信を心がけることで、あなたのキャリアは大きく広がり、社会に確かな足跡を残すでしょう。
Jupiter,Gemini,11,知識を分かち合う仲間と繋がり、未来の可能性を広げる,知識を分かち合える仲間との交流を大切にし、共に未来の可能性を広げていくことを楽しむタイプです。,仲間と情報を共有しながら、新しいアイデアを形にする企画発想力と優れた交流力が強みです。,多くの情報や人との繋がりを求めすぎると、関係が浅くなりがちです。本当に大切な仲間と深く交流することを意識すると良いでしょう。,仲間の中では情報を広くつなぎ、知識を分かち合うことでグループに新しい流れを生む存在になりやすいでしょう。,多様な人脈と情報交換のセンスを活かし、仲間と繋がり未来へ貢献する調整役として発展します。,自身の独自の意見を大切にし仲間の声も聴くことで、集団の中で個性を埋没させず、理想を追求できるでしょう。,共通の関心を持つ仲間とのネットワークを広げることで、未来に向けた多様な可能性が開花する配置。,あなたは知識を分かち合える仲間との交流を何よりも大切にし、共に未来の可能性を探求することに大きな喜びを感じます。多様な人々と軽やかに繋がりながらも、心の通じ合う深い絆を育むことで、あなたの未来は希望に満ちたものとなるでしょう。
Jupiter,Gemini,12,深い内省と学びで、心の豊かさを広げ成長する,深い内省と知的な探求を通して、心の中に潜む可能性を広げ、癒やしと成長を促す性質です。,じっくりと内省を重ねる知性と、想像力豊かな直感で物事を深く理解する力があります。,多くの情報に触れすぎると思考が混乱し、不安が増幅されがちです。静かな場所で心を落ち着かせ、自分と向き合う時間を持ちましょう。,表向きは控えめでも、内面では知的好奇心が豊かに広がり、物事を深く見つめる静かな観察者として映りやすいでしょう。,豊かな想像力と洞察力を活かし、カウンセリングや創作で人々の心の豊かさを広げ、大きく成長します。,内面的な混乱を整理するために思考を言語化する習慣を持つことで、精神的な安定と創造的な閃きを両立できます。,内面にある多彩な思考を空想や表現で整理することで、知的なインスピレーションが密かに湧く配置。,あなたは深い内省と知的な探求を通じて、心の中に秘められた可能性を大きく広げ、癒やしと成長を促していきます。静寂の中で情報と思考を整理する時間を大切にすることで、内なる対話から豊かなインスピレーションが湧き出し、魂が満たされるでしょう。
Jupiter,Cancer,1,心が満たされることで、自分らしさを大きく開花させる,心が満たされることで、穏やかで魅力的な自分を自然と表現し、周りに良い印象を与えるタイプです。,温かい包容力と深い共感力で、あなたらしさを守り育むことができるのが強みです。,感情が豊かすぎて、自分を守ろうと内向的になりがちです。信頼できる人に心を開くことで、自分らしさを自然に表現できるようになります。,親しみやすく包容力のある雰囲気が自然とにじみ出て、周囲に安心感を与える人として受け入れられやすいでしょう。,深い共感力と細やかな気配りで人を安心させ、対人援助や教育・育成分野で自分らしく発展します。,自分の感情を大切にし客観的な視点も養うことで、豊かな感受性を建設的なリーダーシップへと繋げ、さらに輝くでしょう。,深い共感力と慈愛に満ちた個性が周囲を和ませ、育てる力を通じて人生が大きく発展する配置。,あなたは心が満たされる時、穏やかで魅力的な個性を自然と輝かせ、周囲に温かい良い印象を与えます。豊かな感受性と他者を慈しむ姿勢は、あなたにとって揺るぎない居場所を築く力となり、冷静な自己判断を保ちながら人生の発展へと繋がるでしょう。
Jupiter,Cancer,2,穏やかな心で才能を育て、豊かな財産を築き上げる,穏やかな心を基盤に、自分自身の才能を大切に育て、精神的にも物質的にも豊かな財産を築く性質です。,安定した基盤を築き、大切なものを守り育てることで豊かさを生み出す力に優れています。,不安な気持ちから衝動的に物を買ったり、所有に執着しすぎることがあります。本当に大切なものを見極める習慣を持つと安心です。,自分が大切にしたい価値観を温かく育む姿勢は、情の深さと穏やかな誠実さとして周囲に伝わりやすいです。,優れた経済感覚と育成能力で、生活に密着したサービス業や不動産で安定した豊かさを築くでしょう。,形ある豊かさだけでなく内面の充足感を重視することで、物心両面での真の安定と安心を手に入れ、才能が開花するでしょう。,家族や身内を潤すための経済的なセンスが、情緒的な繋がりをベースにした富の拡大を招く配置。,あなたは穏やかな心を基盤に、自身の才能を大切に育み、精神的にも物質的にも豊かな財産を築き上げます。身近な人々を慈しみ、安心感を育む活動を通じて、あなたの財産は着実に拡大し、身内意識に囚われず公平な視野を持つことで、より深い充足感をもたらすでしょう。
Jupiter,Cancer,3,温かい交流の中で学びを深め、心を豊かに広げる,身近な人との温かい交流を通して、情報や知識を吸収し、心を豊かに広げていくことを大切にするタイプです。,共感力あふれる対話を通して、相手の感情を深く理解し記憶する力があります。,感情的になりやすく、過去の出来事に執着しがちです。今ここに意識を集中し、穏やかな気持ちでコミュニケーションをすると良いでしょう。,言葉には思いやりと共感が自然に宿り、話す相手の心をそっと温めるような存在として好まれやすいでしょう。,温かいコミュニケーション能力を活かし、カウンセリングや執筆で人々の信頼を得て発展するでしょう。,感情を言葉にする際に理論的な裏付けを持つ意識を持つことで、持ち前の共感力がさらに多くの人に届く知恵に変わるでしょう。,相手の心に届く優しい言葉使いが、身近な環境に温かな信頼と情報の輪を広げる配置。,あなたは身近な人との温かい交流を通して、情報や知識を吸収し、心を豊かに広げていきます。共感性の高い言葉と、相手の心に寄り添う姿勢は、あなたの周りに深い信頼の輪を広げ、主観的な感情に流されずに客観性も意識することで、人生の学びをさらに深めてくれるでしょう。
Jupiter,Cancer,4,心安らぐ居場所を築き、人生の確かな基盤を育む,心から安らげる家庭や居場所を大切にし、そこから人生の豊かな基盤を築き、安心感を広げるタイプです。,温かい包容力で、誰もが安心できる居場所や確かな基盤を築き上げるのが得意です。,家族への依存や感情的な支配に陥りやすく、心が閉鎖的になりがちです。自分の足で立ち、穏やかな気持ちで家族と向き合うと良いでしょう。,親しい人に対しては特に包み込むような優しさを見せ、相手にとって心安らぐ拠り所のような存在になりやすいでしょう。,深い愛情と包容力で人々を包み込み、安心できる居場所を築き、心の拠り所として大きく発展します。,家族への献身と自己実現のバランスを意識することで、プライベートの充実が社会的な活力に繋がり、人生の基盤が育まれます。,情緒的な繋がりに満ちた居場所を作ることで、家族からの守護と揺るぎない安心感が拡大する配置。,あなたは心安らぐ家庭や居場所を何よりも大切にし、そこから人生の豊かな基盤と揺るぎない安心感を築き上げていきます。身近な人々との温かい繋がりを基盤としながらも、閉鎖的にならず外の世界との交流を忘れず、あなた自身の幸福感を大きく広げるでしょう。
Jupiter,Cancer,5,温かい気持ちを込めて表現し、創造性を大きく育む,温かい気持ちを込めた表現を通して、喜びや恋愛を豊かに育み、創造的な自己表現を楽しむタイプです。,豊かな情愛を込めて表現することで、周りを魅了し、大きな喜びを育むことができます。,恋愛や創造活動において、気分に流されて感情的になりがちです。穏やかな心で表現することで、相手との絆が深まりやすくなります。,愛情表現には温かさと豊かさがにじみ出て、親しみやすく魅力的な人物として周囲の心に残りやすいでしょう。,豊かな感受性と創造力で、子供向けコンテンツや演劇など、温かい表現分野で才能を大きく拡大します。,他者の反応に一喜一憂せず純粋な創作意欲を育むことで、時代に左右されない普遍的な感動を生み出し、創造性がさらに輝くでしょう。,愛する人を慈しむ喜びを表現の源泉とすることで、情緒豊かでドラマチックな人生が開ける配置。,あなたは温かい気持ちを込めた表現を通じて、人生の喜びや恋愛を豊かに育み、その創造性を最大限に楽しむでしょう。大切な人々への慈しみと適度な距離感を保つことで、あなたの生み出す温かい創造性は、多くの人々に感動を与え、幸運を引き寄せます。
Jupiter,Cancer,6,献身的に役割を果たすことで、信頼と成長を広げる,献身的に人や社会に奉仕することで、日々の仕事や習慣の中に喜びを見出し、信頼と成長を広げます。,人を思いやる献身的な世話の力で、地道な努力を続け信頼を育むことに長けています。,周りを心配しすぎて過干渉になったり、疲労をため込みがちです。自分と他人の境界線を意識し、適度な休息を心がけると安心です。,気配りや世話焼きの形で温かい善意を示し、周りから信頼される面倒見のよい人として頼られやすいでしょう。,周囲を温かく支え、献身的に役割を果たすことで、現場全体の信頼を得ながら業務を広げ成長するでしょう。,周囲の期待に応えようと自分を後回しにしないことで、持続可能な奉仕と健康な生活を両立し、成長へと繋がるでしょう。,周囲への細やかな配慮とサポートが評価され、職場において不可欠で愛される存在として発展する配置。,あなたは献身的に人や社会に奉仕することで、日々の仕事や習慣の中に大きな喜びと成長を見出します。実務に心を込めて取り組む姿勢は、周囲からの深い信頼を築き、他人の感情を引き受けすぎないよう注意することで、あなた自身を温かい存在として大きく発展させていくでしょう。
Jupiter,Cancer,7,共感力で人との縁を深め、関係性を豊かに広げる,豊かな共感力と愛情で、人との縁を深く結び、お互いを育みながら関係性を豊かに広げていくタイプです。,温かい共感力で人との繋がりを包み込み、協力し合える強い信頼関係を築くことができます。,対人関係で感情が過剰になり、相手に依存したり嫉妬しがちです。相手を尊重し、穏やかな心で接することで、より良い関係を築けます。,一対一の関係では心のつながりを大切にするため、相手に優しく寄り添う温かい存在として受け入れられやすいでしょう。,情緒的な結びつきを大切にする交渉力で、コンサルティングや接客で深い信頼関係を築き発展します。,相手の感情を汲み取りつつ自分の意志を明確に伝えることで、真の相互理解に基づいた豊かな関係性がさらに構築できるでしょう。,家族のような親密な絆をパートナーと築くことで、互いを支え合う幸福な関係性が広がる配置。,あなたは豊かな共感力と深い愛情をもって、人との縁を深く結び、お互いを育みながら関係性を豊かに広げていきます。情の深さは協力関係を強固にしますが、互いの自立を尊重することで、より成熟した幸福な絆を築き、大きく発展するでしょう。
Jupiter,Cancer,8,感情を深く分かち合い、内なる変革を大きく育む,感情を深く分かち合うことで、共有する財産や関係性から大きな恩恵を得て、内なる変革を育む性質です。,相手の感情を深く理解し、心の再生を促すような強い結束力を育むことに長けています。,深い関係において感情が執着に変わり、嫉妬や支配欲が顔を出すことも。相手を信頼し、互いの自由を尊重すると心が安らぎます。,深い関係を築くほど情の結びつきが強まり、相手と感情を分かち合う濃い信頼関係を育みやすいでしょう。,深い洞察力と受容力で、心理療法や看取りなど、人と深く関わる変容の場で才能を大きく開花させます。,他者と深く融合する際の恐れを手放すことで、本来の癒やしの力が社会的な価値へと昇華され、大きな変革を促すでしょう。,他者との感情的な一体化と深い信頼が、共有される資産や情緒的な遺産を豊かにする配置。,あなたは感情を深く分かち合うことで、共有する財産や関係性から大きな恩恵を受け取り、内なる変革を育んでいきます。人の想いを汲み取るあなたの力は、過去の絆を大切にしつつも、常に前向きな変容へとあなたを導き、豊かな人生を創造するでしょう。
Jupiter,Cancer,9,精神的な探求を通して、心豊かな哲学を育む,心の奥深い探求や精神世界への関心を通して、自分なりの哲学を育み、人生を豊かに広げるタイプです。,豊かな情感で他者の信念に共感し、自分と周りの心を育む哲学を深く探求できます。,感情に流されすぎて、偏った信念に固執したり視野が狭くなりがちです。様々な意見に耳を傾け、心を柔軟に保つことを意識すると良いでしょう。,自分の信じることを情感豊かに語り、相手と心の思いを共有する温かい対話を大切にする傾向があります。,高い理想と人道的な精神を活かし、教育や海外支援で人々の精神的な向上を促し、発展を築くでしょう。,抽象的な理想を身近な人への具体的な愛に変える意識を持つことで、広い視野が現実世界での確かな貢献へと繋がるでしょう。,慈しみと愛を真理として探求する姿勢が、精神的な安らぎと魂の成長を大きく促す配置。,あなたは心の奥深い探求や精神世界への関心を通じて、自分なりの豊かな哲学を育み、人生を広げていきます。情緒に裏打ちされたあなたの思想は確かな指針となりますが、身内だけの論理に固執せず外部の多様な視点も受け入れることで、さらに深い精神的な成長を遂げるでしょう。
Jupiter,Cancer,10,育成や共感力で社会に貢献し、影響力を広げる,育成や共感力を活かして社会に貢献し、人々の心を動かす役割を担うことで、大きな影響力を広げるでしょう。,温かい包容力で人々を包み込み、社会全体に信頼と安心を広げていくことができます。,社会での評価を気にしすぎたり、家族を優先しすぎて感情的な判断に陥りがちです。客観的な視点を持つことで、バランスが取れるでしょう。,社会的な場でも包容力や思いやりが自然とにじみ、周りからは面倒見のよい信頼される人として見られやすいでしょう。,温かい保護力と支援力が社会から高く評価され、信頼ある立場で人々に貢献し影響力を広げるでしょう。,仕事の結果だけでなく自身の情緒的な満足も大切にすることで、周囲から愛され尊敬されるリーダーとしての地位を確立できるでしょう。,大衆の心理を汲み取る包容力を社会で発揮し、人々に慕われるリーダーとして地位を築く配置。,あなたは育成や共感力を活かして社会に貢献し、人々の心を深く動かす存在として、大きな影響力を広げます。周囲を家族のように大切にする温かい姿勢と公明正大な判断を心がけることで、社会的な信頼と確固たる地位を築いていくでしょう。
Jupiter,Cancer,11,仲間との温かい絆を育み、共に未来を広げる,友人やコミュニティとの温かい絆を大切にし、共に未来の理想や可能性を広げていくことを楽しむタイプです。,仲間を心から大切にし、温かい共感力で皆を支え、共に未来を築く支援力があります。,身近な仲間との感情的な絆を重視しすぎて、他の意見に耳を傾けにくいことがあります。多様な価値観を受け入れると視野が広がるでしょう。,仲間の中では自然と保護者的な役割を担い、グループを温かく支える安心感のある存在として受け入れられやすいです。,志を同じくする仲間への深い愛情を活かし、地域コミュニティや団体活動で未来へ大きく貢献します。,既存のコミュニティを守るだけでなく新しい風を取り入れることで、理想とする未来をより確実に形にし、仲間と未来を広げられます。,志を同じくする仲間を家族のように大切にすることで、安心感に満ちたコミュニティが発展する配置。,あなたは友人やコミュニティとの温かい絆を何よりも大切にし、共に未来の理想や可能性を広げることに大きな喜びを感じます。安心感に満ちたコミュニティの中で、お互いの成長を喜びながらも、仲間内の甘えに流されず適度な緊張感を保つことで、あなたの人生は豊かに発展していくでしょう。
Jupiter,Cancer,12,内なる感情を育み、心の奥底で精神的な成長を遂げる,心の奥底にある感情を大切に育み、内なる癒やしと精神的な成長を経験することで、魂の豊かさを広げるでしょう。,豊かな共感力と直感で、自分の内面を深く包み込み、精神的な成長を促すことができます。,感情が繊細になりすぎて、傷つきやすくなったり現実から逃避しがちです。心と体を大切にし、癒しの時間を意識すると安心です。,表には出さなくても、深い共感性と思いやりがにじみ出て、陰でそっと人を支える優しい人として映りやすいでしょう。,目に見えない不安を癒やす力で、カウンセリングや裏方で献身的に人々を支え、大きく精神的成長を遂げます。,内面に潜む豊かな感情を独りで抱え込まず表現する場を持つことで、精神的な混乱を避け、清らかな直感を維持できるでしょう。,深い共感力や祈りの力を精神世界で磨くことで、目に見えない次元からの恩恵を豊かに受ける配置。,あなたは心の奥底にある感情を大切に育み、内なる癒やしと精神的な成長を経験することで、魂の豊かさを広げます。深層心理からの豊かな共感力は他者を救いますが、自分と他者の感情の境界線を意識し、静かな内省の時間を設けることで、より深い恩恵を受け取るでしょう。
Jupiter,Leo,1,情熱的な自己表現で、自分らしさを大きく開花させる,持ち前の情熱と華やかさで、自分らしい個性を堂々と表現し、周りに強い印象を与えることで魅力を開花させます。,華やかな存在感と揺るぎない自信で、周りを惹きつけながら自分らしさを表現できるのが強みです。,自分への誇りが高すぎると、表現が大げさになったり支配的に見られがちです。周りの意見も尊重すると、より魅力が輝きます。,堂々とした明るさが自然に表れやすく、情熱的で華やかな存在として周囲に強い印象を与えやすいでしょう。,堂々とした存在感と華やかな表現力で、表舞台やクリエイティブな分野で中心人物として輝き、発展します。,周囲からの称賛を求めすぎず内なる自己肯定感を育むことで、持ち前のリーダーシップがより自然で力強いものになるでしょう。,圧倒的な華やかさと自信に満ちた個性が人々を惹きつけ、主役としての栄光を掴み取る配置。,あなたは持ち前の情熱と華やかさで、自分らしい個性を堂々と表現し、周囲に強い印象を与えながら魅力を開花させます。自信を持って表舞台に立つことで運気が大きく拓けますが、常に謙虚な心を持つことで、より多くの人々に愛される存在となるでしょう。
Jupiter,Leo,2,創造性を活かした表現で、独自の価値や財産を築く,創造的な表現力や才能を活かして、自分自身の価値を高め、豊かな収入や財産を築き上げていくタイプです。,自身の表現力で新しい価値を生み出し、魅力的な才能を収益へと繋げる力があります。,見栄を張るために浪費しすぎたり、所有物に執着しがちです。本当に大切な価値を見極め、心の豊かさを優先すると安心です。,自分の価値を深く信じ堂々と示すため、周囲からは自信と器の大きさを感じさせる人として映りやすいです。,自己価値を高く保つ力と華やかな才能で、自己プロデュースや娯楽産業で独自の豊かさを大きく広げます。,見栄や外見にこだわりすぎず本質的な価値を磨く意識を持つことで、経済的な成功を長期的に維持できるようになるでしょう。,自らの才能をブランド化して稼ぐ才能に恵まれ、誇りを持てる豪華な豊かさが拡大する配置。,あなたは創造的な表現力と才能を存分に活かし、自分自身の価値を高めながら、豊かな収入と財産を築き上げます。自己価値を高く設定し、気前良く行動することで経済的な成功を引き寄せますが、見栄のための浪費や過度なリスクに注意することで、その豊かさはあなたの誇りとなるでしょう。
Jupiter,Leo,3,創造的な学びで知性を磨き、魅力的に発信する,創造的な発想力と表現力で、日々の学びや情報を魅力的に発信し、人との交流を豊かに広げていくタイプです。,豊かな表現力と知性を活かして、自信を持って自分の考えを魅力的に発信できます。,周囲の注目を集めようと、発言が誇張されたり自己主張が強くなりがちです。聞き上手になることで、信頼関係が深まるでしょう。,表現や会話に明るさとスケール感があり、持ち前の創造性で周囲の場を活気づける人として見られやすいでしょう。,ドラマチックで説得力のある表現力で、プレゼンテーションや教育の場で魅力を発揮し、発展するでしょう。,他者の意見にも光を当て賞賛する習慣を持つことで、自身の発言力がより強化され、周囲を惹きつける魅力がさらに深まるでしょう。,ドラマチックで魅力的な言葉を操る発信力が、周囲を巻き込んで知的な影響力を高める配置。,あなたは創造的な発想力と表現力を活かし、日々の学びや情報を魅力的に発信することで、人との交流を豊かに広げていきます。熱意を持って考えを伝える力は大きな影響力を生みますが、常に相手の反応に心を配ることで、さらなる信頼と共感を築くでしょう。
Jupiter,Leo,4,創造性を発揮し、心の豊かな基盤を築き上げる,創造的なアイデアと情熱を注ぎ込み、家庭や心の拠点を豊かにすることで、揺るぎない精神的な基盤を築きます。,家族や大切な場所を温かく守り、誇りを持てる安心の基盤を築き上げる力に優れています。,家庭内で自分の意見を押し通し、自尊心から衝突しがちです。家族の気持ちを尊重し、穏やかな気持ちで接することを心がけましょう。,親しい人の前では特に温かく堂々と振る舞い、周囲を守り支える頼りになる中心人物として見られやすいでしょう。,強いリーダーシップと誇りを持ち、演出を伴う空間作りや基盤を築く分野で創造性を発揮し、発展します。,身内を支配しようとせず寛大な愛で包むことを意識することで、家族との間に真の尊敬と平穏が生まれ、基盤が築かれるでしょう。,家系を誇りとし明るい家庭環境を築くことで、家族の繁栄と輝かしい居場所を手にする配置。,あなたは創造的なアイデアと情熱を注ぎ込み、家庭や心の拠点を豊かにすることで、揺るぎない精神的な基盤を築き上げます。寛大な心で家族の意思を尊重し、自宅を明るく活気に満ちた社交の場とすることで、あなた自身の人生も輝かしく繁栄していくでしょう。
Jupiter,Leo,5,情熱的な自己表現を通して、喜びと創造性を無限に広げる,情熱的な自己表現を通して、人生の喜びや楽しみを最大限に広げ、創造性を豊かに発揮していくことを大切にします。,魅力あふれる情熱的な表現で、無限に創造性を広げ、周りに喜びをもたらすことができます。,恋愛や創造において自己顕示欲が強くなり、感情がドラマチックになりがちです。相手の気持ちも大切にすると、関係が深まるでしょう。,のびのびとした情熱的な自己表現が魅力となり、華やかで周囲の心に残る人物として印象を与えやすいでしょう。,圧倒的な創造性と主役級の存在感で、芸術やエンターテインメント分野で多くの人を魅了し、発展するでしょう。,遊び心を持ち続けながらも完成度を高める努力を惜しまないことで、一時の流行に流されない確かな実績を築けるでしょう。,創造の喜びを全力で表現する姿勢が、称賛を伴う成功と圧倒的な人生の充実をもたらす配置。,あなたは情熱的な自己表現を通して、人生の喜びや楽しみを最大限に広げ、豊かな創造性を存分に発揮していきます。心から人生を楽しむ姿勢は幸運を引き寄せ、あなた自身のリーダーシップを発揮しながら、その喜びを周囲と分かち合うことで、より輝かしい成功を掴むでしょう。
Jupiter,Leo,6,創造性を実務に活かし、大きな成果と成長を掴む,創造的な視点と情熱を仕事や日々の習慣に活かし、大きな成果を出すことで、自分自身の成長を実感するタイプです。,高い仕事意欲と主導力で、現状を改善し、実務において大きな成果へと繋げられるでしょう。,仕事で評価を気にしすぎたり、完璧を求めすぎて周りに厳しくなりがちです。協調性を意識すると、より良い成果に繋がるでしょう。,仕事や役割の中でも前向きで明るい存在感を発揮し、周囲から頼りになる人として高く評価されやすいでしょう。,前向きな存在感で現場の士気を高め、実務に創造性を活かしながら、大きく成果を広げ成長するでしょう。,裏方の仕事にも尊い価値を見出し周囲に感謝することで、自己管理能力が向上し、職場の士気をさらに高められるでしょう。,クリエイティブな自負を持って役割を果たすことで、現場を鼓舞しキャリアの可能性を広げる配置。,あなたは創造的な視点と情熱を仕事や日々の習慣に注ぎ込み、大きな成果を出すことで、自分自身の成長を強く実感します。自らの手で物事を形にする喜びを追求し、プライドが邪魔をしない素直な心で周囲の意見を受け入れることで、あなたのキャリアは大きく発展していくでしょう。
Jupiter,Leo,7,創造的な表現で人と繋がり、関係性を大きく広げる,創造性豊かな自己表現を通して、人との出会いやパートナーシップを広げ、関係性を豊かに発展させるタイプです。,華やかな存在感で人との関係を主導し、協力し合える強い信頼関係を築く力があります。,対人関係で自分が主役になりたがり、相手を支配しがちです。相手の意見を尊重し、共に輝くことを意識すると関係が深まるでしょう。,一対一の関係では相手を大きく受け止める寛大さがあり、誠実で明るい魅力的な人として映りやすいでしょう。,華やかな社交性と対人折衝のセンスを武器に、営業や広報で人々と繋がり、社会的な評価と発展を得ます。,自分だけでなく相手も輝けるような関わり方を意識することで、お互いを高め合えるドラマチックな関係がさらに構築できるでしょう。,華やかで魅力的なパートナーとの出会いに恵まれ、共に高め合う劇的な関係性が幸運を呼ぶ配置。,あなたは創造性豊かな自己表現を通じて、人との出会いやパートナーシップを広げ、関係性を豊かに発展させていきます。寛大さと対等な心を大切にすることで、互いの創造性を刺激し合い、人生を大きく彩る素晴らしい人間関係を築くでしょう。
Jupiter,Leo,8,創造的表現で人生を刷新し、豊かな変化を得る,創造的な表現力で、人との深い結びつきや共有する豊かさを広げ、人生に大きな変革と再生をもたらすでしょう。,強烈な魅力と鋭い洞察力で、深い繋がりの中で物事を刷新し、再生へと導く統率力があります。,深い関係で自分の意見に執着しすぎて、支配的になったり極端な考えになりがちです。相手の心に寄り添うことで、心が安定します。,深い関係になるほど情熱や誇りが豊かに表れ、相手と濃く前向きな強い絆を築きやすい傾向があります。,強い意志力と洞察力で、組織改革や資産管理など変革を伴う職務でリーダーシップを発揮し、発展します。,コントロール欲を抑え他者に権限を委ねる勇気を持つことで、深い絆を通じて個人の力を超えた大きな変容を成し遂げられるでしょう。,深い絆や共有されるエネルギーをドラマチックに変容させ、魂レベルでの再生と繁栄を得る配置。,あなたは創造的な表現力で、人との深い結びつきや共有する豊かさを広げ、人生に大きな変革と再生をもたらします。強固な自尊心で困難を乗り越え、徹底的に自分を貫く姿勢は恩恵を呼びますが、冷静に引き際を見極めることで、さらなる発展へと繋がるでしょう。
Jupiter,Leo,9,創造力を活かした学びで、専門性を深め視野を広げる,創造力と情熱を持って学問や哲学を探求し、専門的な知識を深めることで、自分の世界を大きく広げていくでしょう。,情熱的な信念を持って自身の理念を表現し、人々を導く優れた指導力に恵まれています。,自分の思想を誇張し、独善的になりがちです。多様な考え方に触れ、心を柔軟に保つことで、学びが深まり視野も広がるでしょう。,自分の信念や理想を堂々と語るため、周囲からは熱意に満ちた魅力的な人物として印象に残りやすいでしょう。,高い理想と探求心で、教育や出版で創造的な学びを深め、信念を持って人々にインスピレーションを与えます。,知識をひけらかさず真理を謙虚に探求する姿勢を持つことで、広い視野が社会を導く普遍的な知恵へと進化するでしょう。,高潔な理想を哲学として掲げる姿勢が、精神的な高揚と世界に向けた広い影響力を拡大させる配置。,あなたは創造力と情熱を注ぎ、学問や哲学を探求することで、専門的な知識を深め、自分の世界を大きく広げていきます。自由で創造的な思想はあなたの運気を拓きますが、傲慢さが知識の吸収を妨げないよう、常に新しい学びに対してオープンであることで、高潔な理想と広い視野があなたを豊かな人生へと導くでしょう。
Jupiter,Leo,10,個性を輝かせ、社会的な舞台でリーダーシップを発揮する,持ち前の個性を輝かせ、社会的な舞台でリーダーシップを発揮することで、大きな評価と影響力を得て活躍します。,輝かしいリーダーシップで社会を統率し、大きな実績を積み重ねることで影響力を広げられます。,社会での評価を気にしすぎたり、支配的になりがちです。周りの意見に耳を傾け、協力する姿勢を心がけると、信頼が集まるでしょう。,社会的な場では自然と中心的な存在感を放ち、その個性と明るさでリーダーシップを発揮しやすいでしょう。,あなたの華やかな表現力と存在感が評価され、社会的な舞台でリーダーシップを発揮し、大きく活躍します。,肩書きや権威に頼らず真の人徳を磨くことで、周囲から心から敬愛されるリーダーとしての地位を不動のものにできるでしょう。,社会的な舞台でカリスマ性を発揮し、時代の寵児として華々しい地位と成功を確約する配置。,あなたは持ち前の個性を輝かせ、社会的な舞台でリーダーシップを堂々と発揮することで、大きな評価と影響力を得て活躍します。自分自身を誠実に表現し、着実に実績を積み重ねることで、あなたのキャリアは華々しく広がり、多くの人々から賞賛される存在となるでしょう。
Jupiter,Leo,11,表現力を活かして仲間を巻き込み、未来を創造する,魅力的な表現力で仲間を惹きつけ、共に未来への理想やビジョンを創造し、コミュニティの可能性を広げるタイプです。,仲間を鼓舞する表現力で、未来に向けた企画を主導し、皆を先導する力が強みです。,注目されたい気持ちが強すぎて、独走したり集団を支配しがちです。仲間との協調性を大切にすると、共に素晴らしい未来を創れます。,仲間の中では明るい表現力で場を盛り上げ、グループの中心的存在として自然と周囲を巻き込みやすいでしょう。,独自の理想と仲間を鼓舞する力を活かし、社会貢献やコミュニティ活動で未来を創造し、大きく発展します。,個性を発揮しながらも他者の独自性を認める寛容さを養うことで、独自のビジョンが多くの仲間に支持され、形になるでしょう。,魅力的な仲間と共に壮大な未来を夢見ることで、ドラマチックな社会変革を先導する配置。,あなたは魅力的な表現力で仲間たちを惹きつけ、共に未来の理想やビジョンを創造し、コミュニティの可能性を大きく広げていきます。楽しさを追求する姿勢で多くの仲間を増やしながらも、リーダーとして調和を意識することで、皆の主体性を尊重し、輝かしい未来を築き上げるでしょう。
Jupiter,Leo,12,内なる創造性を解き放ち、精神的な豊かさを育む,内なる創造性を解き放ち、無意識の探求や癒やしを通して、精神的な豊かさと成長を深く育んでいくタイプです。,豊かな想像力で内なる光を表現し、心の誇りや癒しを広げて精神的に成長できる強みがあります。,自分の世界にこもりすぎて孤高になったり、現実逃避しがちです。心を開いて周りと繋がり、穏やかな気持ちで過ごすと安心です。,表には出さなくても、内なる誇りや温かさが静かににじみ出て、穏やかながらも確かな存在感を放ちやすいでしょう。,内なる豊かな創造性を活かし、匿名での表現や精神的な探求、人を癒やす活動で幸運を掴むでしょう。,孤独を恐れず静かな場所で内面を整えることで、豊かな創造性が社会を照らす力となるでしょう。,内なる創造性を密かな場所で輝かせることで、芸術的な霊感や精神的な誇りが豊かに育つ配置。,あなたは内なる高貴な精神性を大切にし、目に見えない場所で育まれる豊かな創造性を宿しています。孤独の中でも誇りを失わずに自己を表現し続けることで、魂の奥底から精神的な豊かさと確かな成長を実感できるでしょう。
Jupiter,Virgo,1,完璧を目指す努力で、より良い自分へと成長する,完璧を目指す努力を重ねながら、周囲に最高の自分を見せ、大きく成長していく性質です。,自分を深く分析して常に改善し、自己表現を磨きながら着実に成長していく実務発展の強みがあります。,自分にも他人にも批判的になりすぎると、神経質になりがちです。完璧でなくても良いと自分を許すと心が軽くなりますよ。,落ち着いた振る舞いと誠実さで、周囲からは信頼できるしっかりした人として見られやすいでしょう。,緻密な分析力と実務能力を活かし、正確さが求められる専門分野で着実に発展できるでしょう。,欠点だけでなく全体を肯定する視点を持つことで、あなたの観察力は生産的なアドバイスへと輝き成長につながります。,清潔感と誠実な実務能力が個性に宿り、完璧な役割遂行を通じて人生の安定と信頼を広げる配置。,あなたは几帳面な自己管理と実務的なスキルを絶えず磨き上げながら、常に最高の自分を目指す人です。その誠実で分析的な振る舞いは周囲からの厚い信頼を勝ち取り、現実的な努力の積み重ねがあなたの人生を大きく発展させていくでしょう。
Jupiter,Virgo,2,効率を追求し、独自のスキルでお金と価値を高める,独自のスキルを磨き効率を追求することで、着実に収入や自己価値を高めていくタイプです。,優れた管理力と計画性で、資産や才能を効率的に整理・活用し、豊かさを確実に広げられます。,お金や持ち物について細かく心配しすぎると、不安が募りがちです。本当に大切なものに意識を向けると安心できますよ。,自身の価値観を現実的に育むため、堅実で信頼できる安定した人という印象を与えやすいでしょう。,優れた金銭感覚と実務の要領の良さで、高品質な商品開発や技術提供で豊かな価値を築きます。,物質的な完璧さよりも心にゆとりを持つことで、安心感と経済的な安定を同時に得られるでしょう。,緻密な管理と専門技術を活かした蓄財が、無駄のない着実な豊かさを長期的に形成する配置。,あなたは独自のスキルを磨き上げ、効率を徹底的に追求することで、着実に自身の価値と豊かさを高めていく才能を持っています。緻密な資産管理と実務によって経済的な安定を築き、無駄を省く賢明な姿勢があなたに長期的な繁栄をもたらすでしょう。
Jupiter,Virgo,3,論理的な学びと発信で、知性を磨き成長する,論理的な学びを深め、効率的に情報を発信することで、知性を磨き成長していく性質です。,論理的な分析力と整理力で思考を深め、知性あふれる言葉で効果的に伝える発信力に優れています。,考えすぎて神経が疲れてしまうと、批判的な発言になりがちです。たまには深く考えず、心を休める時間を作りましょう。,考えや言葉を丁寧に整えるため、わかりやすく誠実な話し方をする人として受け取られやすいでしょう。,正確な情報処理と整理能力を活かし、実務教育やデータに基づいた発信で信頼を築き発展できるでしょう。,論理だけでなく相手の感情も思いやる言葉選びをすることで、あなたの説得力は温かさを増し、より多くの人を動かすでしょう。,正確で整理された情報を扱う知性が、日常の不備を改善し、役立つ知識のハブとして発展する配置。,あなたは論理的な学びを深め、正確な情報を効率的に処理・発信する才能に恵まれています。実用的なスキルと知的な対話によって人脈を広げながら、知識を実生活に役立てることで知性を磨き、大きく成長していくでしょう。
Jupiter,Virgo,4,基盤を丁寧に整え、家族と共に安定した幸せを築く,家庭の基盤を丁寧に整えながら、家族と共に安定した安心感を築き、心を豊かにするタイプです。,家庭を実務的に整理し、安心できる居場所を継続的に管理することで、安定した基盤を築けるでしょう。,家族のことに心配しすぎたり細部まで干渉しすぎたりすると、関係がぎくしゃくしがち。信頼を大切に、ゆったり構えましょう。,親しい人には細やかな配慮が豊かに表れやすく、安心して頼れる温かい存在になりやすいでしょう。,几帳面な管理能力で、家事の効率化や整理収納など、家庭の基盤を整える仕事で発展を支えるでしょう。,家庭内の完璧さにこだわりすぎずリラックスを心がけることで、家族と和やかで安心できる関係を育めるでしょう。,秩序と清潔さを保った家庭環境を作ることで、家族の健康と実務的な基盤が豊かに整う配置。,あなたは家庭の基盤を丁寧に整え、規律ある私生活を大切にすることで、心の平安と豊かな安心感を育みます。家族への細やかな配慮が絆を深め、安定した環境の中で全員が穏やかな幸せを享受できるような土台を築いていくでしょう。
Jupiter,Virgo,5,趣味や自己表現を洗練させ、大きな満足を得る,趣味や自己表現を徹底的に洗練させることで、大きな喜びと満足感を広げていくタイプです。,繊細な感性と優れた技巧で創造性を発揮し、作品を磨き上げることで大きな喜びと満足を得る制作力があります。,恋愛を分析しすぎたり、相手に批判的になりすぎると、気疲れしてしまいがち。もっと心のままに楽しむと良いでしょう。,自己表現に繊細な技巧が加わり、上品で丁寧な、心に残る魅力を持つ人として印象に残りやすいでしょう。,緻密な表現力と職人気質のこだわりを活かし、文芸や高度な技術を要する創作活動で才能を開花させるでしょう。,評価を気にせず創作の喜びを大切にすることで、あなたらしい独自の世界観が輝き成長につながります。,職人的なこだわりを趣味や創作に注ぐことで、緻密な完成度を誇る独自の表現が評価される配置。,あなたは趣味や自己表現において、職人のように細部までこだわり、徹底的に洗練させることで大きな喜びを見出します。技術を伴う創作を通して完成度の高い表現を追求し、秩序ある楽しみ方が精神的な充足感と揺るぎない満足感をあなたにもたらすでしょう。
Jupiter,Virgo,6,効率を追求し、仕事や日々の生活を改善し成長する,日々の仕事や生活習慣を効率的に改善し、奉仕の精神で着実に成長していくタイプです。,日常や仕事の改善点を的確に見抜き、優れた実務能力と管理力で効率的に拡大・発展させていくのが得意です。,仕事で完璧を求めすぎると、神経質になり過労につながりやすいでしょう。時には肩の力を抜いて、力を抜くことも大切です。,日常や仕事の中で実力を伸ばしやすく、有能で信頼できる人として高く評価される傾向があります。,改善を積み重ねることで、日々の業務の質を高め、仕事の範囲を大きく広げて活躍できるでしょう。,心身の限界を超えずに適度な休息を意識することで、安定した高いパフォーマンスを継続できるでしょう。,献身的な奉仕と完璧な事務能力が評価され、仕事の現場で絶大な信頼と役割の拡大を得る配置。,あなたは日々の仕事や生活習慣を効率的に改善し、献身的な奉仕の精神で着実に成長を重ねていきます。その高い実務能力と専門性は社会から絶大な信頼と評価を集め、あなたの人生のフィールドを大きく広げることでしょう。
Jupiter,Virgo,7,パートナーシップを改善し、互いに高め合う関係を築く,パートナーシップを改善し、互いに高め合うことで、より良い関係を築き発展させるタイプです。,人との関係を深く分析し、協調性を大切にすることで、互いに高め合うパートナーシップを築けるでしょう。,対人関係で相手に完璧を求めすぎると、批判的になり神経が疲弊しがちです。相手の個性を受け入れると、心が楽になります。,一対一の関わりでは相手への細やかな配慮が豊かに広がり、誠実で丁寧な人として見られやすいでしょう。,冷静な分析力と丁寧な対応力で、専門知識を活かしたコンサルティング職などで信頼と活躍の場を広げます。,相手の欠点を指摘せずサポートする姿勢を意識することで、互いに高め合える円滑な関係が築けるでしょう。,実務的な協力と誠実さをベースにした関係を築き、互いを高め合える整った絆を広げる配置。,あなたは対人関係において実務的なサポートと細やかな気配りを惜しまず、誠実なパートナーシップを築き上げることを大切にします。相手の役に立つことで深い信頼を得て、互いに高め合えるより良い関係性を発展させていくでしょう。
Jupiter,Virgo,8,深い洞察で困難を乗り越え、自己変革を遂げる,困難な状況に深く向き合い洞察することで、自己を変革させ大きく発展する性質を持っています。,鋭い心理分析と深い洞察力で物事の本質を理解し、困難を乗り越え自分自身を再生させる強みがあります。,物事を深く分析しすぎると疑念が募り、内面が疲れやすい傾向があります。時には直感を信じ、心のゆとりを大切にしましょう。,深い関係においては慎重さと分析力が強まり、簡単には揺るがない強い信頼を築きやすいでしょう。,深い洞察力と緻密な調査能力を活かし、会計監査や心理分析など、本質を解明する分野で発展します。,秘密を守り真実を追求する誠実さを養うことで、あなたの信頼はさらに深まり成長につながります。,共有資産の緻密な管理や心理分析を通じて、他者からの信頼と実利的な恩恵を最大化する配置。,あなたは困難な状況に深く向き合い、物事の本質を鋭く洞察することで、自己の大きな変革を促す力を秘めています。他者との深い関わりや共有財産の緻密な管理を通して恩恵を受け、裏方として徹底的にサポートする姿勢があなたを大きく発展させるでしょう。
Jupiter,Virgo,9,学びを深め、専門性を高めることで視野を広げる,専門的な学びを深く追求し、論理的な視点を持つことで、知識を広げ大きく成長するタイプです。,論理的な分析力と深い理解力で理論を探求し、専門的な学びを深めて大きく視野を広げられます。,理屈にこだわりすぎると、他者の意見に批判的になり視野が狭くなりがち。多様な考えを受け入れることで、世界が広がります。,考えや信念を理性的に広げやすく、筋道が通っていて誠実な人として受け取られやすいでしょう。,向上心と緻密な学究心で、専門分野の学問研究や実用的な教育活動を通して大きく発展できるでしょう。,知識を信念と結びつけて発信する意識を持つことで、広い視野があなたの人生を導く力強い知恵となるでしょう。,実生活に役立つ専門知を真理として追求し、情報を整理することで精神的な指針を確かなものにする配置。,あなたは実用的な学問を深く探求し、論理的な思考で真理を解明することに大きな喜びを見出します。緻密な体系を持つ思想や海外の文化から学びを得ることで知識を広げ、確かな専門性と豊かな視野を確立しながら大きく成長していくでしょう。
Jupiter,Virgo,10,効率的な働き方で社会に貢献し、キャリアを築く,効率的な働き方を追求し、社会に貢献することで、自分の使命やキャリアを広げていくタイプです。,実務を改善し成果を出すことで、社会的な役割を着実に発展させ、周囲からの厚い信頼感を得られます。,社会的な評価を気にしすぎて、仕事で完璧を求めすぎると疲れてしまいがち。自分を信じて、着実に進むことを意識しましょう。,社会的な場では有能さと堅実さが際立つため、責任感のある人物として高く評価されやすいでしょう。,実務の精度と確かな成果で高く評価され、社会的な信頼を大きく拡大しキャリアを築きやすいでしょう。,結果だけでなく内面の充足感を大切にすることで、真の自信と揺るぎない地位が築かれ成長につながります。,卓越した専門技術を社会で発揮することで、実務家としての確固たる地位と実績を築き上げる配置。,あなたは効率的な働き方を追求し、卓越した実務能力で社会に貢献することで、自身の使命とキャリアを大きく広げていきます。現場の秩序を完璧に整える力は組織で重宝され、確固たる地位と名声を築き上げることで人生の成功を掴むでしょう。
Jupiter,Virgo,11,仲間との関係を改善し、理想を追求する活動を広げる,仲間との関係を改善し、理想とする未来のために活動の幅を広げていくことを大切にします。,優れた計画力と組織調整能力で仲間と実務的に協力し、理想の未来へ向かう活動を大きく発展させます。,仲間に対して細部まで干渉したり批判的になったりすると、神経が疲弊しがちです。お互いの良い部分を認め合うと良いでしょう。,仲間の中では調整役や実務役として活躍し、現実的にグループを支える頼もしい存在になりやすいでしょう。,整理されたビジョンと実務的な貢献で、グループ活動や福祉支援を通して発展を力強く支えられるでしょう。,理想を追うだけでなく現実的な改善策を仲間と形にすることで、信頼と独自の地位が強固になるでしょう。,具体的な社会改善を目指す仲間と繋がることで、機能的で計画的な未来のビジョンが発展する配置。,あなたは共通の目的を持つ仲間との関係を改善し、実務的な連携を通して理想とする未来の実現を目指します。知的なコミュニティや友人関係の中で効率的な社会貢献活動を広げながら、役立つネットワークを構築することでチャンスを掴んでいくでしょう。
Jupiter,Virgo,12,内省を通じて心を整え、精神的な平穏と成長を得る,内省を通じて心を丁寧に整え、精神的な平穏と癒しを広げながら、成長していく性質です。,内面を深く分析し精神を整理することで、心の平穏と癒しを広げ、忍耐強く成長できる強みがあります。,考え込みすぎて自己批判に陥ると、不安が増幅しがちです。意識的に休む時間を取り、心の声に耳を傾けると良いでしょう。,表には控えめでも内面には鋭い観察眼と誠実さが広がり、静かに物事を整える人として映りやすいでしょう。,繊細な感性と実務能力を活かし、匿名での支援や静かな環境での創作活動で、大きな幸運を掴めるでしょう。,不安な思考を書き出し内面を整えることで、あなたのクリアな分析力が現実世界でさらに輝き成長につながります。,内面にある完璧主義を浄化の力に変えることで、人知れぬ奉仕活動や精神的な安らぎが深まる配置。,あなたは内省を通じて心を丁寧に整え、目に見えない奉仕活動や静かな実務に没頭することで精神的な平穏を育みます。潜在的な問題を見抜いて浄化する力があなたに備わっており、内面の豊かさを広げながら大きく成長していくでしょう。
Jupiter,Libra,1,バランス感覚を磨き、自分らしい魅力を確立する,持ち前のバランス感覚を活かして、自分らしい魅力を確立し、大きく発展していく性質です。,優れた調和力と社交性で人との絆を深め、自分らしい魅力を活かして自己表現を広げていけるでしょう。,他者の評価を気にしすぎて優柔不断になりがちですが、自分の意見も大切にすると、より自分らしく輝けるでしょう。,柔らかく洗練された印象があり、周囲からは感じの良い魅力的な人として親しまれやすいでしょう。,洗練された社交性と公平な判断力で、対人交渉や調和が必要な現場で活躍し、チャンスを掴むでしょう。,自分の意見を大切に対等な立場で主張する勇気を持つことで、幸運がより確実なものとなるでしょう。,洗練された社交性と美的バランス感覚が、調和のとれた魅力的な人間関係と人生の機会を広げる配置。,あなたは持ち前の洗練された社交性と調和のとれた自己表現で、周囲に常に好印象を与える才能に恵まれています。優れたバランス感覚を活かして自分らしい魅力を確立し、対人関係を通して多くのチャンスを掴みながら大きく発展していくでしょう。
Jupiter,Libra,2,美意識を活かした才能で、豊かな価値を創造する,美意識と才能を活かし、人との調和を大切にしながら、豊かな価値を創造していくタイプです。,優れた美意識とバランス感覚で価値を見極め、才能と資産を豊かに調整し成長させる財務感覚があります。,見栄を張るために衝動的な浪費をしがちなので、本当に価値があるか自分の心に問いかける習慣を持つと安心です。,自身の価値観や美意識を豊かに表現するため、品があり魅力的な人という印象を与えやすいでしょう。,バランスの取れた美意識と対人スキルを活かし、デザインや美しいものを扱う実務で豊かな収益を築くでしょう。,物質的な価値だけでなく心の納得感を大切にすることで、経済と精神が満たされ成長につながります。,美意識や対人スキルを活かした収入に恵まれ、上品で洗練された経済基盤をスマートに築く配置。,あなたは持ち前の美意識と洗練されたセンスを活かし、人との調和を大切にしながら豊かな価値を創造します。人脈を介した経済活動や公平な取引によって豊かさを築き、上質なものを所有することで精神的な充足感も得られるでしょう。
Jupiter,Libra,3,公平な対話から学びを得て、コミュニケーション力を高める,公平な対話を重んじ、人との交流から多くのことを学び、知性を高めていくタイプです。,公平な対話力と説得力で人との意見を調和させ、コミュニケーションを通じて知性を高められるでしょう。,他者に合わせすぎて意見が曖昧になりがちですが、自分の考えも大切にすることで、より調和のとれた対話ができます。,対話の中で場を広く和ませるのが得意で、話しやすく気の利く親しみやすい人として見られやすいでしょう。,洗練された言葉選びと公平な伝達力で、交渉や仲介、情報整理の分野で活躍し、大きく発展できるでしょう。,表面的な美しさだけでなく本音で議論する姿勢を持つことで、あなたの説得力は多くの人の心を動かすでしょう。,公平で客観的な言葉を交わす力が、周囲に美的な調和をもたらし、良質な情報の交流を促す配置。,あなたは礼儀正しくスマートな対話を重んじ、他者の意見を尊重する学びを通して知性を高めていく才能を持っています。周囲との橋渡し役を担うことでネットワークを広げ、言葉の美しさと公平な姿勢があなたのコミュニケーション力を大きく発展させるでしょう。
Jupiter,Libra,4,家庭の調和を大切にし、穏やかな心の基盤を築く,家庭の調和を何よりも大切にし、穏やかで心地よい心の基盤を築き、安心感を広げるタイプです。,美意識と細やかな配慮で家庭の調和を大切にし、誰もが心穏やかに過ごせる安心の基盤を築けます。,家庭内で衝突を避けすぎて、決断が優柔不断になりがちです。時には自分の意見を伝え、皆で解決策を探すと良いでしょう。,親しい人との関係では穏やかさや調和を大切にし、場の雰囲気を和ませる優しい存在になりやすいでしょう。,穏やかで調和のとれた家庭環境を築き、生活の質を高めるサロン運営や不動産関連で活躍できるでしょう。,家族に気を遣いすぎず本音で交流することで、家庭内の信頼が深まり心安らぐ基盤を築けるでしょう。,洗練された社交の場として家庭を整えることで、家族間の調和と美的な居場所が人生を彩る配置。,あなたは家庭の調和を何よりも大切にし、美的センスを活かした穏やかで心地よい住まいを整えることで心の基盤を築きます。家族との対等な関係の中で私生活の平和が精神の安定を支え、豊かな安心感を広げながら幸福な人生を歩むでしょう。
Jupiter,Libra,5,美的センスを活かした創造で、喜びを分かち合う,美的センスを活かした創造で喜びを分かち合い、豊かな自己表現を通じて楽しみを広げるタイプです。,美的センスを活かした創造力と魅力的な表現で、周囲を巻き込みながら喜びを広げ、発展させられます。,恋愛で相手の評価を優先しすぎると、依存的になりがちです。自分の気持ちも大切にすると、より良い関係が築けます。,対人への配慮を実務に活かしやすく、感じよく調整してくれる信頼できる人として評価されやすいでしょう。,卓越したセンスと社交性を活かし、芸術やイベント企画など、創造的な分野で才能を爆発させ活躍します。,他者と比較せず純粋な表現を追求することで、あなたらしい実績が輝き、喜びと成長につながります。,優雅な遊びや洗練された恋愛を楽しむ姿勢が、美的センスに溢れた豊かな自己表現を加速させる配置。,あなたは美的センスを活かした優雅な自己表現や、洗練されたクリエイティブな活動を通して喜びを分かち合います。他者と共に楽しみながら人生に豊かな彩りをもたらし、その魅力的な表現は周囲から自然と注目を集めるでしょう。
Jupiter,Libra,6,バランスの取れた働き方で、人間関係と成果を両立,バランスの取れた働き方を大切にし、人間関係を円滑にしながら仕事の成果を広げるタイプです。,優れた調整力と改善意識で、人との協力を広げながら仕事を進め、日常の実務に調和と発展をもたらします。,仕事で判断を遅らせたり責任を回避しすぎたりすると、優柔不断になりがち。自分の判断力を信じ、行動しましょう。,一対一の関係では対等さと心地よさを大切にするため、洗練された魅力的な人として映りやすいでしょう。,人間関係の調整力を活かし、業務全体を円滑に進めることで、仕事の範囲を大きく広げて活躍できます。,自分を犠牲にせず適度に主張を心がけることで、安定した高いパフォーマンスを継続できるでしょう。,人間関係の調整と美しい環境作りが評価され、職場での調和とスムーズな業務運営を導く配置。,あなたは対人調整能力と美的感覚を活かした働き方で、職場環境に調和をもたらし周囲から高い評価を得ます。協力体制を築くことで仕事の成果を大きく広げ、人間関係と業務遂行のバランスを見事に両立させていくでしょう。
Jupiter,Libra,7,人との調和を大切にし、素晴らしい人間関係を築く,人との調和を何よりも大切にし、素晴らしいパートナーシップを築き、共に発展していくタイプです。,持ち前の社交性と協力する力で、人との関係を調和させながら、素晴らしいパートナーシップを築けるでしょう。,対人関係で相手に迎合しすぎると、依存的な関係になりがちです。自分の軸をしっかり持ち、自立心を育むと良いでしょう。,深い関係でも心の均衡を保ちながら信頼を深め、落ち着いた穏やかな関係を築く傾向があります。,公平な対人交渉力と洗練された社交術で、営業やコンサルティングなどパートナーシップで大成するでしょう。,相手に合わせすぎず対等な立場で話し合うことで、真の相互理解が深まり素晴らしい関係を築けるでしょう。,対人関係における調和と美徳を大切にすることで、幸福でバランスの取れたパートナーシップが発展する配置。,あなたは対人関係の調和と洗練された社交性を何よりも大切にし、素晴らしいパートナーシップを築く才能に恵まれています。公平な視点を持つ人との出会いが人生を大きく好転させ、共に発展していく中で深い幸福を実感するでしょう。
Jupiter,Libra,8,深い関係性の調和から、自己の大きな変革を促す,人との深い関係性における調和から、自己の大きな変革を促し、大きく成長する性質を持っています。,人の心理を深く理解し、関係性の洞察力と調整力で、深い絆を築きながら自己の大きな変革を促します。,深い関係性において、相手を優柔に操作し執着しすぎると、かえって心の距離ができてしまいがち。信頼を大切にしましょう。,価値観の違いも対話で橋渡しし、広い視野で関われる包容力のある人として好感を持たれやすいでしょう。,物事の本質やバランスを見抜く力で、カウンセリングや共同資産管理など、深い信頼を築く分野で発展します。,猜疑心を抑え客観的な視点で判断することで、社会に大きな変革をもたらす力が輝き成長につながります。,共有資産や深い絆を公平な視点で管理することで、他者との円滑な融合と物質的な恩恵を得る配置。,あなたは他者との深い情緒的結びつきや共同での活動において調和を保ちながら、自己の大きな変革を促す力を秘めています。対人スキルを活かして価値ある遺産や権利を引き継ぎ、人との絆があなたの人生を経済的にも精神的にも豊かにしていくでしょう。
Jupiter,Libra,9,人との対話や学びから視野を広げ、豊かに成長する,人との対話や高度な学びから視野を広げ、哲学的な視点を持つことで豊かに成長していくタイプです。,対話を通じて様々な思想や理念を調和させ、深い理解力で学びを広げ、豊かな視野と知性を発展させます。,自分の信念が曖昧になり、思想や判断が迷走しがちです。様々な情報を吟味し、自分なりの軸を確立すると良いでしょう。,社会的な場では対人センスの良さが際立ち、品のある洗練された人物として高く評価されやすいでしょう。,高い美意識と公平な探求心で、高等教育や法律、洗練された思想を広める役割で大きく発展できるでしょう。,知識を信念と結びつけ行動に移すことで、広い視野があなたの人生を導く力強い知恵となるでしょう。,普遍的な正義と平和を真理として探求する姿勢が、精神的な調和と広い世界観を構築する配置。,あなたは洗練された哲学や芸術的な探求を通して、他者の意見を取り入れながら高次元の調和を目指す知性を持っています。人との対話や高度な学びから視野を広げ、海外交流や法的な知識があなたの人生を精神的にも物質的にも豊かに成長させるでしょう。
Jupiter,Libra,10,公平な姿勢で社会貢献し、キャリアを広げ成功を掴む,公平な姿勢で社会に貢献し、人との調和を大切にすることで、キャリアを広げ成功を掴むタイプです。,公平な姿勢で社会との調和を図り、社交性を活かしてキャリアを発展させ、周囲からの信頼感を高めます。,社会的な評価を気にしすぎて、決断を避け責任を回避しがち。自分の価値を信じて、勇気を持って行動すると良いでしょう。,仲間の中では人をつなぐ調整役を担い、グループの雰囲気を穏やかに整える存在になりやすいでしょう。,優れた調整力と対人感覚が高く評価され、社会的な信用を大きく広げ、キャリアを築きやすいでしょう。,他人の評価に惑わされず信念に基づき誠実に語ることで、あなたへの尊敬は深まり成長につながります。,外交能力や美的イメージを社会で活かすことで、平和を愛するリーダーとして高い評価を得る配置。,あなたは持ち前の社交性と優れた美的感覚を活かした職業で、周囲との調和を保ちながらスマートにキャリアを築き上げていきます。公平な判断力で社会に貢献し、その姿勢が揺るぎない信頼と成功をあなたの人生にもたらすでしょう。
Jupiter,Libra,11,仲間と協力し合い、理想の未来へ向かって共に発展する,仲間と協力し合い、理想の未来へ向かって共に発展することで、コミュニティを広げるタイプです。,社交性を活かし仲間と調和を図ることで、企画力を発揮して理想の未来へ向かう活動を協力して発展させます。,仲間や集団に迎合しすぎると、判断が迷走し依存しがちです。自分の意見も持ちつつ、調和を意識すると良いでしょう。,表立って前に出るより静かに関係を整えるため、陰で調和を保つ穏やかな人として映りやすいでしょう。,平和的な対人センスと広いネットワークで、SNS運営や交流会などグループ活動を通して発展できるでしょう。,個人の意見と全体の調和を図るロジックを持つことで、あなたのビジョンは多くの仲間に支持されるでしょう。,洗練された仲間と平和な未来を構想することで、調和のとれた理想のネットワークが広がる配置。,あなたは洗練された趣味や文化的なネットワークを通じて、平和を愛する仲間と協力し合いながら理想の未来を共に創造します。グループの調停役としての才能を発揮し、交流があなたの人生の可能性を多方面に広げ、共に発展していく喜びを実感するでしょう。
Jupiter,Libra,12,内面の調和を大切に、精神性を高め癒しを広げる,内面の調和を大切にし、精神性を高めることで、癒しを広げ、心を穏やかにするタイプです。,豊かな想像力と共感力で内面の調和を保ち、精神性を高めることで、癒しを広げながら成長できるでしょう。,現実回避をして関係に依存しすぎると、自己が曖昧になりやすいです。自分の内面と向き合い、自立心を育むと良いでしょう。,静かでも確かな存在感がにじみ出るため、奥の深い魅力的な人として印象に残りやすいでしょう。,豊かな想像力と目に見えない情報を整理する力で、カウンセリングや裏方での調整業務で力を発揮します。,一人の時間を大切にし内面を整えることで、クリアな直感が現実世界で輝き、成長につながります。,内面にある美意識を静かな時間で慈しむことで、精神的なバランスと芸術的な霊感を密かに深める配置。,あなたは隠れた場所での奉仕活動や芸術的なインスピレーションを通して、内面の調和を大切に育みます。精神的な平和を求めることで深い安心感を得て、無意識下で保たれる調和の力が他者を癒やしながら、あなた自身の精神性も大きく高めていくでしょう。
Jupiter,Scorpio,1,自分の奥底を探求し、真の自分を確立して発展する,自分の奥底を深く探求し、真の自分を確立することで、大きく発展していく性質を持っています。,鋭い洞察力と強い意志力で自己を深く探求し、逆境から立ち直る再生力で、自分らしさを確立できます。,特定の物事や人への執着が強すぎると、嫉妬心が生まれがちです。心にゆとりを持ち、柔軟な思考を心がけると良いでしょう。,静かでも確かな存在感がにじみ出るため、奥の深い魅力的な人として印象に残りやすいでしょう。,強い意志力と鋭い洞察力で、物事の本質を追求する専門職や、重要な判断が求められる現場でチャンスを掴むでしょう。,内なる情熱を論理的な言葉で表現することで、あなたのカリスマ性が周囲に安心感をもたらし成長につながります。,強烈な意志と神秘的なオーラが個性に宿り、本質を貫く姿勢が圧倒的な影響力とチャンスを呼ぶ配置。,あなたは物事の核心を見抜く鋭い洞察力と強靭な精神的スタミナを持ち、自身の奥底を深く探求して真の自分を確立します。何事も徹底的に取り組む姿勢は周囲を圧倒するほどの力強さがあり、一つのことを深く掘り下げることで大きな成功と発展を掴むでしょう。
Jupiter,Scorpio,2,洞察力で価値の本質を見抜き、才能や財産を大きく育む,鋭い洞察力で物事の本質を見抜き、才能や財産を深く育み、豊かな価値を創造していくタイプです。,鋭い財務洞察力と執念で価値の本質を見抜き、才能や資産を大きく育み発展させる力があります。,物やお金への執着が強くなると、強欲になり不信感を抱きがちです。手放すことの豊かさを知り、信頼を大切にしましょう。,自身の価値観を深く信じて広げるため、芯の強さと温かい重みを感じさせる傾向があります。,本質的な価値を見抜く力と徹底した管理能力で、金融や資産運用、希少品を扱う実務で大きく発展します。,所有への執着を緩め資源を循環させることで、物質的安定と深い満足感を両立できるでしょう。,不屈の生存本能と洞察力を活かした蓄財が、目に見えない資源を巨大な富へと変える配置。,あなたは鋭い洞察力で物事の本質を見抜き、特定の専門分野を深く極めることで自身の才能と財産を大きく育みます。他者の資産を深く管理・活用する能力に長け、不屈の意志で強固な経済的基盤を築きながら豊かな価値を創造していくでしょう。
Jupiter,Scorpio,3,物事の本質を深く学び、影響力のある言葉を発信する,物事の本質を深く探求し、得た知識を影響力のある言葉で発信し、知性を発展させるタイプです。,探究力と心理理解で物事の本質を深く洞察し、影響力のある言葉を発信して人々の心に響かせます。,疑念に囚われ、思考が執着しすぎると、秘密を抱え込みがちです。時には心を開き、信頼できる人に相談すると良いでしょう。,言葉に深い洞察と説得力が宿るため、物事の本質を見抜く人として周りから見られやすいでしょう。,鋭い分析力と言葉に重みを持たせる力で、調査や研究、本質を突くコミュニケーションで発展を遂げます。,批判だけでなく他者の良い面を見出す努力をすることで、あなたの説得力は温かく輝き成長につながります。,言葉の裏側にある真実を見抜く知性が、深く濃密な情報交換を通じて状況を劇的に好転させる配置。,あなたは物事の本質を深く探求する徹底的な調査能力と、言葉の裏にある意図を読み取る鋭い洞察力を持っています。真実を追究する学びによって知性を発展させ、得た知識を影響力のある言葉で発信することで周囲に大きな変化をもたらすでしょう。
Jupiter,Scorpio,4,家族との深い絆を礎に、心の安定と成長を築く,家族との深い絆を心の礎として、揺るぎない安心感を築き、精神的な成長を遂げていくタイプです。,家族への深い愛情と守護本能で強い絆を築き、心の安定した基盤を作りながら、共に成長できるでしょう。,家族への執着が強すぎると、感情的に支配的になりがちです。相手を信頼し、それぞれの個性を尊重することを心がけましょう。,親しい人には深い愛情と守りの強さを見せるため、心から信頼できる頼もしい相手として受け取られやすいでしょう。,基盤に対する深い洞察と守り抜く力で、家業の再興や不動産、心の安全を守る実務で幸運を発揮できるでしょう。,激しい感情を穏やかに受け止めることで、家庭内の信頼が深まり心安らぐ絆を築けるでしょう。,家族の深い因縁を再生させる力を持つことで、魂の底から強固で豊かな居場所を確立する配置。,あなたは家族との深い絆や先祖から受け継いだ精神的基盤を心の礎とし、私生活を聖域として守ることで内面のパワーを充電します。身内への深い愛が揺るぎない安心感と心の安定をもたらし、それがあなたの精神的な成長を大きく支えていくでしょう。
Jupiter,Scorpio,5,内なる情熱から創造性を開花させ、喜びを広げていく,内なる情熱から豊かな創造性を開花させ、深い喜びを広げていく自己表現を大切にするタイプです。,内なる情熱と集中力で創造性を深掘りし、魅力的な表現で喜びを広げながら、大きく発展させていけます。,恋愛で相手に執着しすぎると、嫉妬や支配欲が生まれがち。相手の自由を尊重し、信頼を育むことで心が安定します。,自己表現に深い情熱と引力が加わるため、忘れにくい魅力を持つ人として強く印象に残りやすいでしょう。,情熱的で深みのある創造性を活かし、芸術やエンタメ、一点集中で才能を爆発させる分野で活躍できるでしょう。,他者の評価に惑わされず魂が震える表現を追求することで、あなたの創造性が輝き成長につながります。,命がけの情熱を創作や恋愛にぶつける姿勢が、深淵な悦びと魂を震わせる表現力を開花させる配置。,あなたは内なる情熱から豊かな創造性を開花させ、情熱的で没頭するような趣味や深い変容を伴う創造活動を通して喜びを広げていきます。真剣に楽しむ姿勢が独自の魅力を放ち、極限まで自己を表現する力があなたに深い充足感をもたらすでしょう。
Jupiter,Scorpio,6,集中力と探求心で実務を深め、確かな成果を生み出す,集中力と深い探求心で実務に取り組み、確かな成果を生み出すことで、大きく発展するタイプです。,深い集中力と強い意志で実務を改善し、着実に成果を生み出す再生能力が強みです。,仕事に執着しすぎて周囲を支配的に動かそうとすると、極端な疲労につながりがち。適度に休息を取ると良いでしょう。,役割や仕事に深く集中して取り組むため、本気で関わる信頼できる人として評価されやすいでしょう。,深い探求心で重要業務に集中し、着実に成果を広げやすいでしょう。,完璧を求めすぎて自分や周囲を追い詰めずゆとりを持つことで、安定した高いパフォーマンスを継続できます。,組織の根本問題を解決する献身的な実力によって、過酷な現場を再生させ、絶大な信頼を得る配置。,あなたは集中力と深い探求心で実務の核心に迫り、根源的な問題をも解決に導くことで、確かな成果と周囲からの厚い信頼を築き上げます。その研ぎ澄まされた専門性を追求する生き方は、困難な状況をも乗り越える力となり、着実にあなた自身の可能性を大きく広げていくでしょう。
Jupiter,Scorpio,7,相手と深く向き合うことで、人間関係が大きく発展する,表面的な関係でなく、深く相手と向き合うことで、人間関係を大きく発展させていく性質です。,相手の本質を見抜く洞察力と、深い信頼と忠誠心で人間関係を育むことに優れています。,人間関係で相手への執着が強くなりがちなので、相手を信頼し、自由を尊重する意識が大切です。,一対一の関係では、表面的な付き合いより本気の絆を求め深く結びつこうとするでしょう。,深い洞察力で相手と向き合い、心理や法律、信頼が大切な交渉で強みを発揮します。,相手を尊重し自立した個人として接することで、お互いに高め合える豊かな関係を築けるでしょう。,運命的な深い絆をパートナーと結ぶことで、相手との一体化を通じた劇的な人生の変容を経験する配置。,あなたは表面的な関わりに留まらず、相手の心の奥底まで深く向き合うことで、真に豊かな人間関係を築き上げ、人生の大きな転機を迎えます。その深い洞察力と信頼に基づく結びつきは、あなたに計り知れない恩恵をもたらし、共に成長する喜びを実感させてくれるでしょう。
Jupiter,Scorpio,8,深い変容を経験し、魂の成長と共に豊かさを得る,人生に深い変容が訪れるほど、内面が成長し、他者との共有を通じて豊かな恩恵を得るタイプです。,物事の深層を見抜く鋭い洞察力で、困難な状況を乗り越え精神的に成長できる強さがあります。,深い関係性で物事を極端に考えがちなので、柔軟な視点を持つと感情の波も穏やかになるでしょう。,信頼関係では本音と深いつながりを重視し、濃密で特別な絆を築きやすいでしょう。,組織の深部を理解し、資産運用や再生実務で危機を好機に変え、大きく成功するでしょう。,他者と深く資源を共有する際は理屈より信頼を大切にすることで、個人の力を超える大きな変容をもたらすでしょう。,共有資産や絆を徹底的に深める力が、他者からの強大な力や遺産を豊かに受け継ぐことに繋がる配置。,あなたの人生は深い変容の旅路を辿り、その度に魂が大きく成長し、物事の本質を徹底的に掘り下げることで内面の豊かさを得ていきます。極限状態からの回復力を秘め、他者と深く共有する体験を通して、計り知れない恩恵と新たな豊かさを引き寄せるでしょう。
Jupiter,Scorpio,9,精神世界を深く探求し、本質的な真理を見出して成長する,精神世界や哲学、海外の文化など、奥深い真理を探求することで、大きく視野を広げて成長します。,精神世界を深く探求し、本質的な真理を見出す鋭い洞察力と揺るぎない信念が強みです。,学びや信念に対し執着しすぎて視野が狭くなりがちです。時には立ち止まり、多様な考えを受け入れることで成長できます。,信念や考えを深く掘り下げて語るため、簡単には揺るがない強い思想の持ち主として見られやすいでしょう。,真理を探究する強い信念で、学問や神秘的な分野で思想を広げ、道を切り拓きます。,知識を深めるだけでなく現実で活かす意識を持つことで、広い視野が人生を導く力強い知恵へと進化するでしょう。,生と死の神秘を真理として探求する姿勢が、精神的な解脱と高度な叡智の獲得を大きく促す配置。,あなたは精神世界の奥深くに宿る神秘や哲学的な真理を探求することで、内なる知性を研ぎ澄まし、高次元の智慧を獲得していきます。その揺るぎない信念に基づいた探求心は、あなたの視野を無限に広げ、魂を深い次元へと導く成長の糧となるでしょう。
Jupiter,Scorpio,10,社会の深層を見抜き、強い影響力でキャリアを確立する,物事の本質を見抜く洞察力で、社会において強い影響力を発揮し、大きなキャリアを築いていくでしょう。,社会の深層を見抜く洞察力と、逆境をバネに力強く再生し、大きな影響力を発揮できます。,社会的評価や権力への執着が強すぎると、周りが見えなくなりがちです。力を健全に使う意識が大切です。,社会では強い存在感と影響力を発揮し、揺るぎない意志で物事を動かす人として映りやすいでしょう。,深い洞察力と強い影響力が評価され、重要な立場でキャリアを確立しやすいでしょう。,権力に固執せず内なる誠実さを語ることで、周囲から心から尊敬される真の指導者となれるでしょう。,圧倒的なカリスマ性で社会の変革を主導し、劇的な再生を成し遂げて強大な影響力を持つ配置。,あなたは物事の本質を見抜く卓越した洞察力とカリスマ性で、社会の深層に強く働きかけ、周囲に計り知れない影響力を発揮します。その揺るぎないプロ意識と集中力は、あなた自身のキャリアを着実に確立し、組織の核心で確固たる存在感を示すでしょう。
Jupiter,Scorpio,11,仲間と深い絆を結び、共有する理想へ大きな影響力を発揮,仲間と深い絆で結ばれることで、共有する未来の理想を大きく発展させ、影響力を発揮するタイプです。,仲間と深い信頼で結びつき、どんな困難も乗り越えて理想を形にする強い結束力と再生力があります。,仲間との関係で執着が強まり、支配的になったり閉鎖的になったりしがちです。オープンな心を心がけると良いでしょう。,仲間との結びつきも非常に深く、グループの中心となる頼れる存在として受け入れられやすいでしょう。,深い共感と連帯感で仲間と志を共にし、社会変革を目的とした活動で発展を遂げます。,既存の枠組みを恐れず仲間と共に未来へ変化することで、理想とする社会をより確実に形にできるでしょう。,強い信念を共有する同志と結束することで、社会を根底から変えるための未来が具体化する配置。,あなたは深い信頼で結ばれた仲間たちと、未来を共有する崇高な理想に向かって進むことで、大きな幸運と発展を引き寄せます。その強固な絆は、あなたが持つ影響力を最大限に発揮させ、共に社会に根源的な変化をもたらす原動力となるでしょう。
Jupiter,Scorpio,12,潜在意識と向き合い、内なる癒しや深い気づきを得て成長,潜在意識の奥深くを探求し、内なる癒しや手放しを経験することで、魂を大きく成長させていくでしょう。,潜在意識と深く向き合い、内なる直感と精神的な強さで自己を癒し成長させることに優れています。,内面や秘密に執着しすぎて孤立しがちです。時には心を開いて、信頼できる人に話してみることで癒されます。,表には出にくいものの、内なる強さと深い洞察がにじみ、静かな迫力を感じさせる人として映るでしょう。,豊かな想像力で本質を捉え、カウンセリングや芸術で深い癒やしを生み出すでしょう。,内なる深い感情を恐れず言葉にする習慣を持つことで、クリアな直感を現実で活かせるようになるでしょう。,潜在意識に潜む情念を精神的な力に変えることで、深い癒やしと人知れぬ強大な守護を得る配置。,あなたは潜在意識の奥深くへと沈潜し、内なる癒しや手放しを経験することで、魂の深い気づきと共に大きく成長していきます。孤独の中で徹底的に自己と向き合うその時間は、深い慈悲の心を育み、無意識のうちに周囲の人々をも救い導く力となるでしょう。
Jupiter,Sagittarius,1,自由に冒険し、知的好奇心で自己の可能性を大きく広げる,持ち前の自由な冒険心を発揮して、自分らしさを大きく表現し、可能性を広げていくタイプです。,豊かな探究心と楽観的な精神で、自由に自己表現し可能性を広げる力が強みです。,自分を過信し大風呂敷を広げがちなので、現実的な計画を立て、地に足をつける意識を持つと良いでしょう。,のびやかで前向きな自己表現になりやすく、自由でおおらかな人として周囲に受け入れられるでしょう。,高い向上心と自由な発想で、海外や広い視野が求められる分野でチャンスを掴みます。,楽観的に未来を見据えつつ現実的な詳細に目を向けることで、持ち前の推進力がより確実な成果に結びつくでしょう。,無限の自由を信じる楽観と冒険心が、自己の可能性を世界へとダイナミックに広げる配置。,あなたは持ち前の自由奔放な冒険心と楽観的な精神で、常に高い理想を追い求め、自己の可能性を無限に広げていきます。広い世界へ臆することなく飛び出すことで、そのオープンな個性は輝きを増し、あなたらしい生き方を通して多くのチャンスを引き寄せるでしょう。
Jupiter,Sagittarius,2,高い理想を追求し、才能と価値観を広げて豊かになる,高い理想を追い求め、惜しみなく自己投資することで、自身の才能と価値観を広げ、豊かになるでしょう。,高い理想を追求することで、才能と価値観を大きく広げ豊かさを引き寄せる力があります。,理想を追い求めすぎて浪費したり、金銭感覚が甘くなりがちです。計画的な消費を心がけると安心です。,自分の価値観を大きく明るく示しやすく、周囲には器の大きい懐の深い人という印象を与えやすいです。,広い視野と知的好奇心を活かし、海外ビジネスや教育分野で才能を収益に変え発展します。,手元の資源を管理しつつ新しい可能性に投資することで、経済的安定と精神的自由を同時に得られるでしょう。,精神的な自由を追求するための大胆な稼ぎ方が、広い視点での経済的な成功と豊かさを招く配置。,あなたは高い理想を追い求め、スケールの大きな金銭感覚を活かして、惜しみなく自己投資することで才能と価値観を大きく広げます。知識を資本に変える力や未知の分野への探求心が、あなたに豊かな実りをもたらし、精神的にも経済的にも満たされた人生を築くでしょう。
Jupiter,Sagittarius,3,広い視野で深く学び、その知恵を積極的に発信し発展する,広い視野で学んだ知識や知恵を、自身の言葉を通して積極的に発信し、周りを豊かにしていく性質です。,広い視野で知的好奇心を満たし、深く学んだ知恵を積極的に発信することで発展します。,楽観的になりすぎると、発言が誇張されたり軽率になりがちです。一度言葉を吟味する習慣が大切です。,考えや言葉が自然に広がり、話している相手の視野も広がるような魅力的な人として好まれやすいでしょう。,高い知的好奇心と明快な伝達力で、教育やメディア分野で広く信頼を得て発展します。,知識を深めつつ聞き手に合わせた表現を心がけることで、説得力が多くの人に届く温かな知恵に変わるでしょう。,壮大な理想を語る言葉が周囲をインスパイアし、知的な探求の輪を国境を越えて広げる配置。,あなたは旺盛な探究心と広い視野で深く学びを深め、得た知恵を自身の言葉で積極的に発信することで、周囲の世界を豊かに照らします。その知的な冒険は多くの人脈を引き寄せ、多様な知識を統合しながら、あなた自身の可能性を大きく発展させていくでしょう。
Jupiter,Sagittarius,4,精神的な自由を追求し、心の基盤を豊かに築き上げる,心の自由と探求を大切にすることで、精神的な豊かさを感じながら、揺るぎない心の基盤を築くタイプです。,精神的な自由を追求し、揺るぎない信念と明朗さで心の豊かな基盤を築き上げます。,自分の思想を家庭に押し付けがちなので、家族の意見を尊重し、穏やかな対話を心がけると良いでしょう。,親しい人にも開放的で率直に接するため、風通しのよい窮屈さを感じさせない関係を築きやすいでしょう。,自由な発想で家庭を学びの場とし、不動産や広い土地に関わる実務で発展するでしょう。,家庭に穏やかさと秩序を保つ工夫をすることで、外への好奇心と内なる安らぎがバランスよく両立するでしょう。,家庭を精神的な成長の拠点とすることで、常に開放的で自由な喜びが家の中に満ちる配置。,あなたは心の自由と精神的な探求を最も大切にすることで、開放的で広々とした心の基盤を豊かに築き上げていきます。家族との関係においても精神的なつながりを重視し、移動や多文化な体験を通して、揺るぎない幸福と深い安心感を得るでしょう。
Jupiter,Sagittarius,5,冒険心を持って創造性を発揮し、楽しみながら可能性を広げる,冒険心と好奇心いっぱいに、創造的な自己表現や恋愛、人生の楽しみを大きく広げていく性質です。,冒険心と情熱をもって創造性を大きく発揮し、楽しみながら可能性を広げることに優れています。,恋愛で理想が高すぎたり、気分が楽観的になりすぎて失敗しがちです。地に足の着いた行動を意識しましょう。,自己表現に明るさと開放感が強く出やすく、魅力的で前向きな人物として印象に残りやすいでしょう。,溢れる創造性と冒険心で、旅行や自由な発想を形にする分野で才能を爆発させます。,楽しみを他者と分かち合う喜びを意識することで、一時の情熱が価値ある実績へと昇華されるでしょう。,未知への挑戦や哲学的な遊びを楽しむ姿勢が、スケールの大きな自己表現と喜びを人生にもたらす配置。,あなたは冒険心と尽きることのない好奇心をもって、ダイナミックな自己表現や創造的な活動に心から喜びを見出します。人生を壮大なゲームのように楽しみながら、スポーツや教育的な活動を通して、あなたの才能と可能性を大きく広げていくでしょう。
Jupiter,Sagittarius,6,広い視野で実務に取り組み、新しい方法で成果を拡大する,広い視野と自由な発想で仕事に取り組み、効率的な新しい方法を見出すことで、大きな成果を拡大します。,広い視野で実務に改善意欲を持って取り組み、新しい方法で成果を拡大する学習力があります。,仕事で理想が高すぎて飽和状態になったり、継続が難しくなったりしがちです。現実的な目標設定が大切です。,日常や仕事の中にも楽観性を持ち込みやすく、周囲の人々を明るくする存在として見られやすいでしょう。,広い視野で現場に新しい可能性をもたらし、実務で成果を大きく拡大しやすいでしょう。,細かい作業にも高い目的意識を持つことで、安定した高いパフォーマンスを継続できるようになるでしょう。,高い目的意識を仕事に持ち込むことで、現場を活気づけ、専門分野での大きな発展を遂げる配置。,あなたは広い視野と自由な発想で実務に取り組み、効率的な新しい方法を見出すことで、大きな成果と自身の可能性を拡大します。専門性を活かした働き方や人道的な奉仕にやりがいを感じ、業務改善を通じて周囲からの評価と信頼を着実に高めていくでしょう。
Jupiter,Sagittarius,7,多様な人との交流で視野を広げ、対人関係を豊かにする,自由な交流を通じて多様な人との出会いを楽しみ、対人関係を大きく豊かにすることで、視野を広げるタイプです。,開放的な心で多様な人々と交流し、共に理念を探求することで豊かな人間関係を築けます。,人間関係で自分の信念を押し付けがちなので、相手の多様な意見を尊重し、歩み寄る心を大切にしましょう。,一対一の関係でも自由さと誠実さを大切にするため、風通しのよい相手として好感を持たれやすいです。,オープンな社交性と交渉力で、国際的な広報や自由な協力関係で大きく発展します。,相手の自由を尊重し意志を誠実に伝えることで、お互いを高め合える持続可能な関係が築けるでしょう。,互いを高め合える自由な関係をパートナーと築き、共に真理を追う旅を通じて幸福が拡大する配置。,あなたは開放的な心で多様な人々との自由な交流を楽しみ、知的な刺激を与え合うパートナーシップを通して対人関係を大きく豊かにします。広い世界へと視野を広げてくれる他者との出会いが多くの幸運を運び、あなたの人生をより一層豊かなものへと導くでしょう。
Jupiter,Sagittarius,8,困難な変化を恐れず、真理を探求し精神的に大きく成長,困難な変化も恐れず真理を探求することで、精神的に大きく成長し、他者との深い結びつきを豊かにします。,困難な変化を恐れず、真理を探求する精神的な強さと洞察力で大きく成長できます。,深い関係性で思想が極端になり、理想に逃避しがちです。現実と向き合い、地に足をつけることで安定します。,深い関係でも閉鎖的にならず、本音や前向きな変化を積極的に共有しやすい傾向があります。,物事の本質を見抜く力と探求心で、金融や再生、哲学的な分野で大成するでしょう。,他者と深く知恵を共有する際の誠実さを養うことで、個人の力を超える大きな変容を社会にもたらすでしょう。,信念をかけた深い絆を通じて精神を拡張させる力が、魂の再生と大きな精神的遺産をもたらす配置。,あなたは困難な変化や未知の分野への挑戦を恐れず、深い精神的な冒険を通して真理を探求し、魂を大きく成長させます。他者との深い結びつきを通じて共有する資源や経験を大胆に活用することで、計り知れない豊かさと人生の哲学を確立していくでしょう。
Jupiter,Sagittarius,9,飽くなき探求心で真理を求め、知的な視野を無限に広げる,飽くなき探求心と広い視野を持ち、哲学や学問、海外の文化を通して、知的な世界を大きく広げます。,飽くなき探求心で真理を追求し、信念を持って知的な視野を無限に広げることが得意です。,思想が誇張されがちで現実を軽視しやすいため、地に足の着いた学習と視野を広げる意識が大切です。,自分の信念や思想をのびのびと語り、価値観の対話を楽しむ知的な人として映りやすいでしょう。,高い理想と冒険心で、高等教育や学問、海外を拠点に多くの人に影響を与え発展します。,知識だけでなく信念を行動に移すことで、広い視野が社会を導く力強い知恵へと進化するでしょう。,普遍的な真理の探求を人生の使命とすることで、高度な学びと精神的な境地を極限まで広げる配置。,あなたは飽くなき探求心と広い視野を持って、高度な学問や哲学、海外の文化に深く触れることで、知的な世界を無限に広げます。その探究心の強さは、あなたの信念を社会に向けて堂々と発信し、人生の可能性を最大限に引き上げる大きな力となるでしょう。
Jupiter,Sagittarius,10,広い視野で社会貢献し、キャリアを大きく発展させる,広い視野と理想を掲げて社会に貢献し、大きな使命感を持って、自身のキャリアを大きく発展させるタイプです。,広い視野と高い理想で社会に貢献し、卓越した指導力と発展力でキャリアを確立します。,独善的な思想に陥り、社会的評価を誇張しがちです。謙虚な姿勢で周囲の意見を聞くことが大切です。,社会的な場では理想や展望を広く示し、前向きな行動を促す旗振り役として見られやすいでしょう。,高い理念と発信力が評価され、社会に大きな影響力を持つキャリアを築きやすいでしょう。,名声に執着せず内なる真理に従って行動することで、周囲から心から尊敬される指導者となれるでしょう。,広いビジョンを持って社会を先導する力が評価され、理想を体現するリーダーとして成功する配置。,あなたは広い視野と高い理想を掲げ、自由で冒険的な精神をもって社会に貢献することで、自身のキャリアを大きく発展させます。教育や出版といった分野で大きな使命感を発揮し、広い視野で戦略を立てる力が、あなたを社会をリードする成功へと導くでしょう。
Jupiter,Sagittarius,11,仲間と共に理想を追い求め、視野を広げ成長する,仲間と共に未来の理想を追い求め、自由な交流を通じて視野を広げ、共に成長していくことを大切にします。,仲間を鼓舞する発想力と、理想を追い求める企画力で共に視野を広げ成長できます。,仲間との理想追求で計画が甘くなりがちです。現実的な視点を持ち、具体的な目標設定を心がけましょう。,仲間の中では自由な発想と希望を共有し、グループに新たな広がりをもたらす存在として慕われやすいです。,自由な精神で仲間と理想を共有し、グローバルな活動で中心的な役割を担い発展します。,個人の自由を大切にしつつ共通の目的に協力することで、独自のビジョンが多くの仲間に支持されるでしょう。,世界中の仲間と未来を語り合うことで、博愛的な理想が現実的なネットワークとして発展する配置。,あなたは未来志向の友人関係やグローバルな活動を通じて、自由な志を持つ仲間たちと共通の理想を追い求めることで大きな幸福を得ます。仲間との協力と交流は、あなたの視野を無限に広げ、共に成長しながら人道的な活動で多くの賛同を集める力となるでしょう。
Jupiter,Sagittarius,12,内なる探求で精神性を高め、心の豊かさを広げる,内なる探求を通じて精神性を高め、心の豊かさを大きく広げながら、無意識の癒しを経験していくでしょう。,内なる精神世界を探求し、豊かな想像力と直感で心の豊かさを広げられるのが強みです。,理想に逃避し妄想が膨らみがちなので、現実感覚を大切にし、時には周りと繋がることで孤立を防げます。,表では控えめでも内面に大きな理想を抱き、静かに深い視野を広げていく人として映りやすいでしょう。,豊かな想像力と精神的な自由で、芸術を通じた癒やしの分野で才能を大きく発揮します。,孤独を恐れず静かに内面を整える習慣を持つことで、宇宙的なひらめきを現実で活かす知恵が湧くでしょう。,宇宙の真理や自由への憧れを一人の時間で育むことで、精神的な解脱と大いなる安心感を得る配置。,あなたは精神的な自由を求めて内なる探求を続け、目に見えない守護を信じる心と共に、魂の深い慈悲と智慧を獲得していきます。孤独を恐れずに理想を追求するその姿勢は、あなたの内面を豊かにし、無意識の癒しを通じて心の広がりをもたらすでしょう。
Jupiter,Capricorn,1,目標を着実に達成し、確固たる自分らしさを築く,目標を着実に達成しながら、自分の可能性を広げていき、堅実で確かな自分らしさを確立するタイプです。,強い責任感と実行力で目標を着実に達成し、確固たる自分らしさを築く構築力があります。,自己表現が硬直的になり、評価への執着が出がちです。もっと柔軟に、自分らしさを表現することを意識しましょう。,落ち着いた貫禄が自然とにじみ出て、周囲からは責任感のある頼れる人として見られやすいでしょう。,強靭な精神力と責任感で、組織構築や重職で着実に成果を出し、圧倒的な発展を遂げます。,厳格さを他者に強要せず柔軟な対話を心がけることで、信頼される温かな指導力へと変わるでしょう。,強い責任感と規律ある自己制御が、信頼される野心家として着実な人生の成功を形にする配置。,あなたは厳格な自己規律と社会的な責任感を胸に、目標を着実に達成しながら、堅実で確かな自分らしさを確立していきます。時間をかけて権威を築く真面目な生き方は、長期的な成功へと繋がり、あなた自身の可能性を大きく広げることでしょう。
Jupiter,Capricorn,2,努力で才能を開花させ、着実に財産を増やす,地道な努力を重ねることで才能を開花させ、確実な方法で財産を増やし、自己価値を高めていくでしょう。,計画性と継続力で才能を着実に開花させ、豊かな財産を築き上げる資産構築力に優れています。,金銭や所有に保守的になりすぎて、新しいチャンスを逃しがちです。時には思い切った投資も検討してみましょう。,自分の価値観を現実的に拡大し、堅実で信頼できる人という印象を周囲に与えやすいでしょう。,着実な経済感覚と忍耐力で、堅実な資産形成や伝統的なビジネスで豊かさを築きます。,資源を守りつつ次世代への投資も考慮に入れることで、物質的安定と社会貢献を同時に成し遂げられるでしょう。,伝統的な価値や着実な管理能力を活かした蓄財が、社会的に認められる堅固な富を形成する配置。,あなたは地道な努力と計画的な資産運用を通して、自身の才能を着実に開花させ、豊かな財産を築き上げていきます。無駄を省き、伝統的な価値を大切にする姿勢が長期的な安定をもたらし、揺るぎない自己価値を確立することに繋がるでしょう。
Jupiter,Capricorn,3,実用的な学びを深め、確かな知識を発信する,実用的な知識を深く学び、その確かな情報を責任感を持って発信することで、言葉の可能性を広げます。,実用的な知性を計画的に深め、確かな知識と説得力で周囲に伝える発信力が強みです。,思考が硬直的になり、悲観的な発言や批判をしがちです。ポジティブな視点を持つことで、柔軟性が生まれます。,言葉に重みと構築性が出やすく、筋の通った誠実な話し方をする人として受け取られやすいでしょう。,論理的で正確な伝達力で、教育や実務的な執筆、法的な分野で信頼を得て発展します。,正論だけでなく相手の感情に配慮した表現を心がけることで、温かな説得力が生まれ協力体制が整うでしょう。,実務的で重みのある言葉を使い、日常の情報を秩序立てる知性が、着実な知識の拡大に繋がる配置。,あなたは実用的な知識を深く探求し、権威ある学びを通して社会で通用する確かな知性を育みます。その責任感あるコミュニケーションは、目的を明確にしながら言葉の可能性を広げ、周囲に信頼と説得力をもたらすでしょう。
Jupiter,Capricorn,4,安定した基盤を築き、家族や住まいを豊かにする,安定した基盤と責任感を大切に、家族や住まいを豊かに整えることで、心の土台を確かなものにするタイプです。,強い責任感で安定した基盤を築き、家族や大切な居場所を豊かに守り育む力があります。,家庭で感情を抑え込み、支配的になりがちです。オープンなコミュニケーションを心がけると、より良い関係が築けます。,親しい相手には責任ある態度を見せやすく、家庭や身内を支える頼りになる人として信頼されやすいでしょう。,規律ある家庭を築き、伝統を次世代に繋ぐ実務や土地の管理で幸運を発揮するでしょう。,家庭に安らぎと笑顔を保つ工夫をすることで、責任感と内面の安らぎがバランスよく両立し心の拠り所となるでしょう。,伝統を守り盤石な家庭環境を築くことで、家族の安定と家系の繁栄が人生の基盤を支える配置。,あなたは安定した基盤と強い責任感を大切に、家族や住まいを豊かに整えることで、揺るぎない心の土台を築き上げます。格式ある家庭環境の維持や伝統的な価値を守ることは、あなたに深い心の平安をもたらし、着実に運気を高めていくでしょう。
Jupiter,Capricorn,5,計画的に創造性を発揮し、楽しみを広げていく,計画的に楽しみを見つけ、責任感を持って創造性を発揮することで、着実に人生の喜びを広げていくでしょう。,計画的に創造性を発揮し、努力を惜しまず楽しみながら可能性を広げていく持続力が強みです。,恋愛や創造性において打算的になり、感情を抑えがちです。素直な気持ちを表現することで、より豊かになります。,自己表現に節度と品格がにじみやすく、落ち着いた大人の魅力を持つ人として印象に残りやすいでしょう。,職人気質のこだわりと卓越した技巧で、伝統芸能や建築分野で才能を大きく開花させます。,楽しみを仕事と分け純粋なリラックス時間を設けることで、健全な自己肯定感が育まれ創造性が輝くでしょう。,結果を出すことに執念を燃やす趣味や創作が、社会的に高い評価を得る完成度へと発展する配置。,あなたは古典的な芸術や伝統を重んじる趣味、あるいは計画的な創作活動を通して、責任感をもって創造性を発揮します。規律ある楽しみ方で時間をかけて技を磨くその姿勢は、あなたの人生に豊かな喜びをもたらし、着実に可能性を広げていくでしょう。
Jupiter,Capricorn,6,地道な努力で実力をつけ、仕事の幅を広げる,地道な努力を重ねて実力をつけ、仕事の幅を堅実に広げていくことで、自身の可能性を大きく発展させるタイプです。,地道な努力と優れた管理能力で実力をつけ、仕事の幅を着実に広げられる実務力があります。,仕事で完璧を求めすぎて過労になりがちです。時には適度に力を抜き、周囲と協力することで調和しやすくなります。,仕事や役割の中で着実に実力を広げ、真面目で安心して任せられる人として高く評価されやすいでしょう。,計画的に業務を積み重ね、地道な努力で着実に成果を拡大しやすいでしょう。,完璧を求めすぎて自分や周囲を追い詰めずゆとりを持つことで、安定した高いパフォーマンスを継続できます。,完璧な実務と組織への貢献が評価され、職場での権威と重要な役割が着実に拡大する配置。,あなたは組織における管理業務や社会貢献度の高い実務に地道な努力を重ねることで、確かな実力と信頼を築き上げます。その誠実な職務遂行能力は、あなたの仕事の幅を堅実に広げ、着実な出世と共に自身の可能性を大きく発展させていくでしょう。
Jupiter,Capricorn,7,信頼関係を築き、人との縁を大切に発展させる,相手との信頼関係を大切に育むことで、着実に人との縁を深め、堅実なパートナーシップを築いていくでしょう。,責任感を持って人との信頼関係を築き、協力しながら縁を大切に発展させる構築力に優れています。,対人関係で相手を支配したり、感情を抑圧しがちです。心を開いて、相手の気持ちに寄り添うことを大切にしましょう。,一対一の関係では責任感と継続性を大切にするため、誠実で信頼できる相手として見られやすいでしょう。,誠実な態度と安定した交渉力で、長期的な提携や契約実務で信頼を築き発展します。,相手を尊重し自立した個人として接することで、お互いに高め合える持続可能な関係が築けるでしょう。,社会的信頼に基づいた誠実な関係を築く力が、実利を伴う強固なパートナーシップを広げる配置。,あなたは時間をかけて築く信頼関係を何よりも大切にし、社会的地位のある人々とも堅実なパートナーシップを育んでいきます。その誠実な対人態度は、実利を伴う豊かな人間関係を呼び込み、あなたの人生に確かな基盤と安定をもたらすでしょう。
Jupiter,Capricorn,8,深い洞察力で変革を促し、他者と豊かさを分かち合う,深い洞察力と責任感で変革を促し、他者との共有を通じて、大きな豊かさと再生の可能性を広げるでしょう。,深い洞察力と強い意志で変革を計画し、他者と豊かさを分かち合う統率力があります。,深い関係性において権力に執着し、支配的になりがちです。他者と対等な関係を築くことで、より豊かな絆が生まれます。,深い関係では揺るがない強い意志が表れ、重みのある確かな信頼関係を築きやすいでしょう。,組織の深部を理解し、資産管理や再生実務で真価を発揮し、大きく大成するでしょう。,猜疑心を抑え他者と誠実に資源を共有することで、個人の力を超える大きな社会的価値を成し遂げられるでしょう。,共有資産や伝統を責任持って管理することで、家系や他者からの恩恵を確実に維持し発展させる配置。,あなたは伝統ある財産の継承や共同事業の管理において深い洞察力と責任感を持ち、変革を促すことで大きな豊かさを生み出します。粘り強い探求と他者との共有を通じて、実質的な豊かさを拡大させながら、再生の可能性を広げていくでしょう。
Jupiter,Capricorn,9,高度な専門性を追求し、着実に知識を深める,高度な専門性を追求し、哲学や学問を地道に深めることで、確かな知識と高い視点を着実に広げていくタイプです。,現実的な視点から物事を深く探求し、高度な専門性と揺るぎない信念を築き上げる力に優れています。,学びや思想が硬直的になり、視野が狭くなりがちです。新しい情報にも目を向け、柔軟な思考を心がけましょう。,自分の信念を現実的に積み上げて広げるため、筋道のあるしっかりとした考え方をする人として見られやすいです。,実用的な哲学や長期視点で、学問研究や法律、社会基盤を支える教育で発展します。,抽象的な概念を現実的な成果に結びつける意識を持つことで、広い視野が信頼される知恵となるでしょう。,社会の規律や古の知恵を真理として学ぶ姿勢が、格式高い精神性と現実的な知恵を拡大させる配置。,あなたは実用的な哲学や権威ある学問を地道に深めることで、高度な専門性を追求し、確かな知識と高い視点を着実に広げます。社会の規律に基づいた計画的な探求は、あなたの知性を磨き上げ、揺るぎない専門家としての道を拓いてくれるでしょう。
Jupiter,Capricorn,10,社会的な目標を着実に達成し、地位を確立する,社会的な目標を着実に達成し、責任感を持って公的な役割を果たすことで、確固たる地位を確立するでしょう。,社会的な目標を着実に達成し、確かな実績と信頼感でリーダーとしての地位を確立します。,社会的評価に執着し、冷酷な態度になりがちです。周りの意見も尊重し、共感する心を持つことが大切です。,社会的な場では責任感と統率力が際立ち、確かな実績で信頼を得る人物として受け入れられやすいでしょう。,着実な成果が組織で評価され、実績が肩書きや責任として可視化されやすいでしょう。,名声に執着せず内なる真理に従って行動することで、周囲から心から尊敬される指導者になれるでしょう。,戦略的な野心を着実に形にすることで、組織の頂点で強大な権威と地位を獲得する配置。,あなたは野心的なキャリア形成と長年の地道な努力を通して、社会的な目標を着実に達成し、確固たる地位を確立します。規律正しく公的な役割を果たすその姿勢は、組織での堅実な昇進と社会的な権威をもたらし、あなたを大きな成功へと導くでしょう。
Jupiter,Capricorn,11,仲間と協力し、着実に大きな理想を実現する,仲間と協力し、共通の理想を掲げて着実に努力することで、コミュニティに大きな発展をもたらすタイプです。,優れた計画力と統率力で仲間と協力し、大きな理想を着実に実現する組織構築力が強みです。,仲間との関係で支配的になったり、保守的になりがちです。柔軟な姿勢で多様な意見を受け入れることを大切にしましょう。,仲間の中では計画性と実行力を発揮し、グループの理想を着実に形にする頼れる人として慕われるでしょう。,現実的なビジョンと責任感で、大規模組織運営や社会変革でリーダーシップを発揮します。,現状に満足せず未来への変化を仲間と共に受け入れることで、普遍的な大きな目的を確実に達成できるでしょう。,志の高い仲間と現実的な社会変革を計画することで、秩序ある未来へのネットワークが具体化する配置。,あなたは社会的責任を共有する仲間たちや年長者との有益なネットワークを通じて、共通の理想を着実に実現していきます。秩序ある社会貢献を果たすことで大きな恩恵を受け、その組織力はコミュニティに計り知れない発展をもたらすでしょう。
Jupiter,Capricorn,12,内なる努力で精神性を高め、心の平安を広げる,内なる努力と規律によって精神性を高め、心の平安を広げることで、穏やかな癒しと解放を得ていくでしょう。,内面世界を深く見つめ、精神的な強さで心の平安を広げられる持続力があります。,感情を抑圧し、悲観的になり孤立しがちです。心の声に耳を傾け、時には人に頼ることで癒されます。,表では控えめでも内面に強い責任感と理想を抱き、静かに周囲を支える堅実な人として映りやすいでしょう。,静かな環境での自己探究と確かな実務能力を活かし、社会貢献で心を豊かにするでしょう。,孤独を恐れず内省の時間を大切にすることで、現実世界で役立つ知恵が湧き出てくるでしょう。,内なる責任感を静かな場所で研ぎ澄ますことで、人知れず社会を支える深い精神的基盤を得る配置。,あなたは内なる規律と深い探求心を通じて、静かな場所で精神性を高め、揺るぎない心の平安を築き上げます。その静かなる努力は、人知れず社会を支える慈愛に満ちた力となり、穏やかな癒しと解放をあなた自身にもたらすでしょう。
Jupiter,Aquarius,1,独自の視点で自分らしさを磨き、新境地を開拓する,枠にとらわれない発想で自分らしさを磨き、常に新しい自分を開拓していく性質です。,独自の視点で自分を表現し、自立心を持って新しい世界を切り開く改革力が強みです。,独自の視点が強すぎると、孤立しがちです。周囲の声にも耳を傾けることで、視野が広がるでしょう。,個性的で自由な自己表現が輝き、独自の感性を持つ魅力的な人として見られやすいでしょう。,独創的なビジョンと友愛の精神で、革新的なアイデアを広げ周囲を牽引するでしょう。,個性を追求しつつも客観的な視点を保つことで、独自の才能がさらに社会に広く受け入れられます。,独創的な感性と自由な精神が個性に溢れ、時代の先を行く先駆者として多くのチャンスを掴む配置。,あなたは既存の枠にとらわれない独創的な視点と自由な精神で、自分らしい生き方を開拓していくパイオニアです。その先鋭的な個性と未来を見据える力は、多くの人々を惹きつけ、新たな時代の潮流を創り出すきっかけとなるでしょう。
Jupiter,Aquarius,2,革新的なアイデアで、新しい価値や財産を生み出す,独創的なアイデアで新しい価値を生み出し、自分の才能を活かして豊かさを広げるタイプです。,革新的なアイデアで、これまでにない新しい価値や豊かな財産を生み出す発想力に優れています。,独自の価値観に固執しすぎると、経済的な不安を招くことも。柔軟な視点を持つと安心です。,独自の価値観を大切に育むため、他人に流されない芯の強い人という印象を与えやすいでしょう。,革新的な技術や独自のネットワークで、これまでにない新しい価値を生み出す才能があります。,物質的な所有に固執せず、情報の共有や循環を意識すると、結果的に大きな豊かさが舞い込むでしょう。,革新的なアイデアやネットワークを活かした稼ぎ方が、既存の枠を超えた独自の豊かさを構築する配置。,あなたは常識にとらわれない革新的なアイデアと、未来を見据える独特の才能で、新しい価値や財産を創造します。物欲を超えた知的な自由を重んじ、その個性的な働き方があなた自身の豊かな未来を拓くでしょう。
Jupiter,Aquarius,3,先進的な学びを深め、ユニークな情報を発信する,新しい知識への探求心が旺盛で、ユニークな情報や考えを周りに発信して交流を広げます。,斬新な発想力で深い学びを広げ、独自の視点から素晴らしい情報を発信する企画力が強みです。,意見が奇抜になりすぎて、共感を得にくいことがあります。言葉を選ぶと、伝わりやすくなりますよ。,広い視野と独自の考え方が光り、周囲に知的刺激を与える存在として魅力的に映るでしょう。,卓越した情報処理とフラットな伝達力で、SNSや教育の場で広い影響力を発揮します。,専門性を深めつつも多様な価値観に触れ続けることで、知的なチャンスがさらに拡大します。,常識を打ち破る情報を発信する知性が、デジタル空間での広い影響力と知的なコミュニティを広げる配置。,あなたは未来を見据える鋭い知性と、新しい知識への飽くなき探求心によって、常に時代の先を行く情報を深く学びます。そのユニークな視点から発信される斬新なアイデアは、多くの人々の知的な好奇心を刺激し、交流の輪を広げるでしょう。
Jupiter,Aquarius,4,自由な発想で、家庭や心の拠り所を豊かにする,自由で革新的な発想で家庭環境を豊かにし、自分らしい安心できる心の土台を築くタイプです。,自由な発想と革新的な意識で、自分らしい安らぎの基盤を築く自立心が優れています。,自由を求めすぎると、家族との距離が離れてしまいがち。心の繋がりを意識すると、温かい絆が深まります。,親しい人にも自由を尊重し、心地よく風通しの良い関係を築くことを大切にするでしょう。,自由な発想で、風通しの良い家庭や仲間との共同体を基盤に、精神的な安定を得ます。,既存の家族観に縛られず、理想の居場所を自ら定義することで、内面的な活力が最大化されます。,自由で自律した個を尊重する家庭環境を築くことで、未来的で開放的な安らぎが人生を支える配置。,あなたは自由で革新的な発想を大切にしながら、友人関係のように対等で開放的な家庭環境を築き上げます。多様な価値観が尊重されるその心の拠り所は、あなたにとって精神的な解放と、未来へと向かう大きな安らぎとなるでしょう。
Jupiter,Aquarius,5,独創的な表現で自己を解放し、楽しみを広げる,独創的なアイデアを表現することで自分らしさを解放し、新しい形の喜びや楽しみを広げるタイプです。,独創的な表現で自分らしさを自由に楽しみ、周囲を魅了する創造力と革新性があります。,恋愛や遊びで自己中心的になりがちなので、相手の気持ちを尊重することを意識すると、より豊かな関係を築けます。,表現にオリジナリティが大きく表れ、型にはまらない魅力を持つ人として印象に残りやすいでしょう。,斬新なクリエイティビティと遊び心で、テクノロジーや創作活動に大きな喜びを見出すでしょう。,楽しみを自分一人で終わらせずグループで共有することで、一時の閃きが社会的な成功へと繋がります。,最新技術や独創的な表現を楽しむ姿勢が、斬新なアイデアを伴う喜びと成功を人生に招く配置。,あなたは独創的なアイデアと最新の技術を駆使して、自分らしい表現方法で心を解き放ち、新しい喜びを生み出します。時代の先を行くその創造性は、周囲に新鮮な刺激を与え、あなたの人生に豊かな楽しみをもたらすでしょう。
Jupiter,Aquarius,6,斬新な方法で業務を効率化し、仕事を発展させる,既存のやり方にとらわれず、革新的な方法で仕事や日々の習慣を発展させていくことに長けています。,斬新な発想で業務を効率化し、日々の仕事を大きく発展させる優れた改善力があります。,独自のやり方にこだわりすぎると、周囲との協調が難しくなることも。協力する姿勢を心がけるとスムーズです。,仕事や役割の中で独自の工夫を広げ、発想力のある実務家として周囲から評価されやすいです。,斬新な仕組みを取り入れ、業務を効率化しながら仕事の可能性を大きく広げられるでしょう。,効率化を追求しつつ同僚との協力関係を大切にすると、職場での信頼とチャンスがより強固になります。,合理的なシステム構築と人道的な視点が評価され、現場の変革を伴う役割の拡大を導く配置。,あなたは既存の概念にとらわれず、革新的な視点と最新技術を活かして、仕事や日々の業務を劇的に効率化します。その合理的な改善能力は、働く環境をより良く発展させ、あなた自身の役割を大きく広げることでしょう。
Jupiter,Aquarius,7,自由な関係を築き、多様な人脈を広げていく,枠にとらわれない自由な関係を大切にし、多様な人々との出会いを広げてパートナーシップを育むタイプです。,自由な発想で人々と繋がり、互いを理解し高め合う豊かな人間関係を築く才能があります。,対人関係で距離を取りすぎると、感情が伝わりにくくなることも。心の交流を大切にすると、より深い絆が生まれます。,一対一の関係でも対等さと自由を重視し、風通しのよい心地よい相手として見られやすいでしょう。,多様な人々との対等な関係を築き、自由なパートナーシップを通じて人生を広げます。,相手の個性を尊重し適度な距離感を保つことで、互いを高め合える最強の協力関係が築けるでしょう。,自立した親友のような対人関係を広げることで、互いの自由を尊重し合える幸運な絆が発展する配置。,あなたは対等で自由な関係性を重んじ、枠にとらわれない開かれた心で多様な人々との出会いを広げていきます。その個性的な社交は、互いの自立を尊重し合える豊かな人脈と、幸運なパートナーシップを育むでしょう。
Jupiter,Aquarius,8,既成概念を打ち破り、大きな変革と豊かさをもたらす,既成概念を打ち破る大胆な発想で、共有する財産や深い絆を通して大きな変革と豊かさをもたらします。,既成概念を打ち破る洞察力で、大きな変革と新しい豊かさを生み出す力が強みです。,極端な思想に傾くと、孤立を感じやすくなります。心の安定を保ち、多様な考えを受け入れる柔軟さが大切です。,深い関係でも自分らしさを大切にし、独特の距離感で信頼を築く傾向があります。,共有された情報や他者の変革を促す専門分野で、既成概念を打ち破るパワーを発揮します。,支配欲を手放し情報の透明性を重んじる運用を心がけることで、個人の力を超えた豊かさが舞い込みます。,共有するシステムや理念を客観的にアップデートする力が、知的な融合を通じた恩恵の拡大をもたらす配置。,あなたは既成概念に囚われず、大胆な発想力で共有する資源やシステムに革新をもたらし、大きな変容を促します。知的な絆で結ばれた共同作業を通じて、既存の枠を超えた新たな豊かさと恩恵を社会に広げていくでしょう。
Jupiter,Aquarius,9,既成概念にとらわれず、新しい知識や真理を探求する,既成概念にとらわれず、自由な発想で新しい知識や真理を探求し、視野を広げていくことに喜びを感じます。,既成概念にとらわれず、新しい知識や真理を探求し、理念を広げる強い探究心があります。,新しい思想を追求するあまり、既存のものを否定しがちです。伝統にも目を向けることで、より深い洞察が得られます。,独自の思想や広い視点を語る傾向があり、周囲に知的刺激を与える人として映りやすいでしょう。,高い理想と客観的な探求心で、学問や国際的な活動で新しい真理を探求するでしょう。,抽象的な理想を具体的な社会システムに落とし込むことで、広い視野が人生を導く力強い知恵となるでしょう。,博愛主義と宇宙法則を真理として学ぶ姿勢が、人類の進化に貢献する広い精神性を構築する配置。,あなたは既存の概念にとらわれず、自由で独創的な発想で新しい知識や普遍的な真理を探求することに深い喜びを見出します。国境や文化を超えた未来志向の学びは、あなたの視野を大きく広げ、人類全体の進化に貢献する広い精神性を育むでしょう。
Jupiter,Aquarius,10,革新的な視点で社会に貢献し、新しいキャリアを築く,革新的なアイデアで社会に貢献し、未来を見据えた新しい働き方やキャリアを築き上げていくことに情熱を燃やします。,革新的な視点で社会を改革し、新しいリーダーシップと企画力で大きな成果を上げられます。,反骨精神が強すぎると、組織や権威との衝突を招きやすいです。調和を意識することで、あなたの才能が社会に活かされます。,社会的な場では個性と革新性が輝き、新しい流れを作る人として注目されやすいでしょう。,革新的な視点と先見性が評価され、社会に貢献する新しいキャリアを築くでしょう。,名声に執着せず内面の普遍的な真理に基づいて行動すると、周囲から厚い信頼を寄せられます。,革新的な活動を社会で展開することで、ネットワーク型のリーダーシップとして新しい成功を築く配置。,あなたは革新的なアイデアと未来を見据える視点をもって、既存の社会システムを改革するような独自のキャリアを築き上げます。その先進的な活動は、多くの人々を巻き込むネットワーク型のリーダーシップとして、社会に新たな価値と貢献をもたらすでしょう。
Jupiter,Aquarius,11,ユニークな仲間との交流で、未来を広げ成長する,自由な発想を持つ仲間と交流することで未来のビジョンを広げ、理想のコミュニティを創造していくタイプです。,ユニークな仲間と共に未来を企画し、新しい価値を創造して皆を導く先導力があります。,高い理想を追求しすぎて、仲間と意見が対立し独走しがちです。協力し合うことで、共に素晴らしい未来を創れます。,仲間とは未来志向の独自の発想を共有し、グループに新風を吹き込む存在になりやすいでしょう。,卓越したネットワーク力と自由な精神を活かし、未来を広げるコミュニティで活躍します。,グループでの主導権争いを避け、全員が対等に繋がる連帯を作ることで理想が実現に向かいます。,人類全体の進化を夢見る仲間と繋がることで、理想の未来を引き寄せる強大なコミュニティが発展する配置。,あなたは自由な発想を持つユニークな仲間たちとの交流を通じて、未来のビジョンを大きく広げ、理想のコミュニティを創造していきます。多様性を認め合う人道的なネットワークは、あなたの人生を豊かにし、人類全体の進化を夢見る大きな力となるでしょう。
Jupiter,Aquarius,12,新しい視点で内面を探求し、心の豊かさを育む,既成概念にとらわれず、新しい視点で自分の内面を探求し、心の奥深くに癒しと豊かさを育む性質です。,新しい視点で内面を探求し、直感と想像力で心の豊かさを育む精神革新が強みです。,独自の思考に没頭しすぎて、現実から離れてしまうことも。心の安定のためにも、地に足をつける意識を持つと良いでしょう。,表には出にくくても内面の自由さがにじみ、どこか掴みきれない魅力として映りやすいでしょう。,目に見えない情報の流れを捉え、精神世界の探求や裏方での環境整備で真価を発揮します。,内面の孤独を浄化し宇宙的な知恵を世に還元することで、深い充足感に満たされるでしょう。,人類の平和への祈りや直感を一人の時間で深めることで、目に見えない次元での変革と守護を得る配置。,あなたは既成概念にとらわれず、新しい視点で自己の内面を深く探求することで、心の奥深くに癒しと精神的な豊かさを育みます。一人静かに未来の可能性を夢想する時間は、集合無意識との繋がりを感じさせ、大きな博愛精神で他者を救う力となるでしょう。
Jupiter,Pisces,1,豊かな共感力で自分自身を広げ、大きく成長する,豊かな感受性と共感力で自分らしさを表現し、周囲に温かい印象を与えながら大きく成長していくタイプです。,豊かな共感力と想像力で自分自身を大きく広げ、温かく包み込むような表現力が強みです。,感受性が豊かすぎて、自分の輪郭が曖昧になりがちです。現実感を大切にすることで、自分らしさが明確になります。,やわらかく包み込むような雰囲気があり、優しく親しみやすい人として周囲に受け入れられやすいでしょう。,深い共感力と慈愛のオーラで周囲を癒やし、豊かな自分を広げるリーダーシップを発揮します。,自分の繊細さを肯定し直感を信じて行動することで、周囲から愛され幸運を掴みます。,無限の慈悲と柔らかな共感力が個性に溢れ、全てを包み込む癒やしの力が人生の機会を広げる配置。,あなたは無限の慈悲と豊かな感受性を持ち、その共感力で自分らしさを表現しながら大きく成長していきます。全てを温かく包み込むようなあなたの存在は、周囲の人々に深い癒やしを与え、人生に多くの幸運な機会を引き寄せるでしょう。
Jupiter,Pisces,2,人への共感を通じて才能を開花させ、豊かさを築く,人の気持ちに寄り添うことで自分の才能を開花させ、精神的にも物質的にも豊かな価値を築き上げていくタイプです。,人への深い共感を通じて、豊かな感性と芸術性で新しい価値や才能を開花させられます。,判断が曖昧になりやすく、浪費や依存につながることも。自分の価値観をしっかり持ち、お金と向き合うことが大切です。,感性豊かに価値観を広げ、やさしく包容力のある人という印象を周囲に与えやすいでしょう。,卓越した感性と直感を活かし、芸術や癒やしの分野で豊かな価値と収益を築く才能があります。,物質的な執着を手放し豊かさを救済のために使うことで、不思議と必要な富が舞い込むでしょう。,目に見えない愛や徳を価値の根源とすることで、大いなる流れから必要な豊かさが豊潤に流れ込む配置。,あなたは人々の心に深く寄り添い、その共感力こそがあなた自身の才能を開花させる鍵となります。目に見えない愛や徳を価値の根源とすることで、精神的な豊かさだけでなく、物質的な豊かさも自然と引き寄せるでしょう。
Jupiter,Pisces,3,温かい心で学びを深め、感動を言葉で分かち合う,豊かな感受性で学びを深め、心に響く言葉で感動を分かち合い、周囲との温かい交流を広げることを大切にします。,豊かな感性で学びを深め、共感力あふれる言葉で人々に感動を伝える表現力が強みです。,思考が混乱し、発言が曖昧になりがちです。伝えたいことを整理し、明確に表現するよう心がけると誤解を防げます。,言葉に想像力とやわらかさがにじみ、感覚的に通じ合える相手として好感を持たれやすいでしょう。,情緒的なコミュニケーションで物語制作や教育を深め、温かい感動と言葉で影響力を発揮します。,表面的な論理よりも相手の魂に寄り添う言葉を意識することで、発信力が癒やしの力になります。,詩的で幻想的なメタファーを使う知性が、相手の心に癒やしを届け、精神的な交流の輪を広げる配置。,あなたは豊かな感受性と詩的な感性で学びを深め、その心の奥底から湧き上がる感動を温かい言葉で表現します。あなたの心に響くメッセージは、人々の心を癒やし、精神的な交流の輪を広げるでしょう。
Jupiter,Pisces,4,共感力で家庭の絆を深め、心の安定を大きく広げる,豊かな共感力で家族の絆を深め、温かい家庭を築くことで、心の安らぎを大きく広げていくタイプです。,深い共感力と温かい包容力で、家庭の絆を深め、心の安定した居場所を築くことができます。,家庭に依存し感情が混乱しやすいため、自分軸を持つことが大切です。心地よい境界線を意識すると、心の安定につながります。,親しい人には情の深さが表れやすく、癒やしや安心感を与える存在として信頼されるでしょう。,慈愛に満ちた家庭を築き、心の安らぎを広げます。そこがあなたの活力の源泉となるでしょう。,家族との情緒的な癒着に注意し自立を促すことで、内面から湧き上がる不動の安心感を得られるでしょう。,霊的な安らぎに満ちた境界線のない家庭を築くことで、家族の無条件の愛と慈悲が人生を支える配置。,あなたは豊かな共感力と慈悲深い心で家族の絆を深く結びつけ、情緒あふれる温かい家庭を築き上げます。その霊的な安らぎに満ちた居場所は、あなたの心の安定を大きく広げ、人生の幸福な基盤となるでしょう。
Jupiter,Pisces,5,感受性豊かな創造力で、喜びと感動を世界に届ける,豊かな感受性を活かした表現で、人々に喜びと感動を届け、心の底から楽しめる自分らしい人生を創造していきます。,感受性豊かな創造力でロマンを描き、芸術的な表現で人々に喜びと感動を届けられます。,恋愛で幻想を抱きやすく、感情が迷走しがちです。現実的な視点を持つことで、より健全で充実した愛情を育めるでしょう。,自己表現に夢と感性が豊かに乗り、ロマンチックで印象的な魅力として周囲に記憶されるでしょう。,溢れる想像力と繊細な表現で、音楽や映像などクリエイティブな分野で才能を開花させます。,楽しみを真剣な自己探求として取り組むことで、一時の閃きが歴史的な実績へと昇華されます。,夢や幻想を創作の源泉とする姿勢が、神秘的な悦びと心を震わせる自己表現を無限に生み出す配置。,あなたは豊かな感受性と無限の想像力を活かし、夢や幻想を源泉とした芸術活動で人々に深い喜びと感動を届けます。心を震わせる自己表現を通じて、心の底から楽しめる自分らしい人生を創造し、その輝きを世界に広げていくでしょう。
Jupiter,Pisces,6,人に寄り添う仕事で貢献し、日々の中で成長を実感する,人々の役に立つ仕事に喜びを感じ、献身的な奉仕を通じて、日々の生活の中で精神的な成長を実感するタイプです。,人に深く共感し、献身的な姿勢で日々の中で人を癒し、大きく貢献できる力が強みです。,他者を優先しすぎて自己犠牲になり、疲れが溜まりやすいです。自分の心と体を労わる時間も大切にしてくださいね。,相手に寄り添い支える姿勢が広がり、優しく献身的な人として周囲に受け入れられやすいでしょう。,豊かな共感力と柔軟さを活かし、人に寄り添う仕事で貢献し支援の幅を広げるでしょう。,完璧主義のプレッシャーを抑えゆとりを実務に組み込むことで、高いパフォーマンスを維持できます。,献身的な奉仕とケアを現場に持ち込むことで、日常の役割が癒やしと浄化を伴うものとして発展する配置。,あなたは人々の心に寄り添い、献身的な奉仕を通じて社会に貢献することに深い喜びを見出します。癒やしや福祉といった分野で日々の実務をこなしながら、精神的な成長を実感し、あなたの役割は大きく発展していくでしょう。
Jupiter,Pisces,7,深い共感で人と繋がり、豊かな人間関係を育む,深い共感力で人々と心を通わせ、温かく包み込むような豊かな人間関係やパートナーシップを育むことを大切にします。,深い共感力と温かい包容力で、人と人との絆を深め、豊かな人間関係を育むことが得意です。,相手に感情移入しすぎて、関係が依存的になりやすいです。適切な境界線を意識すると、対人関係が安定するでしょう。,一対一の関係では相手に深く共鳴し、受容的でやさしい相手として魅力的に映るでしょう。,深い共感で人と繋がり、魂を分かち合うパートナーシップを通じて、幸運を呼び込むでしょう。,相手に依存しすぎず互いの精神的自由を尊重することで、依存を超えた真の絆が築けるでしょう。,パートナーと魂レベルで溶け合う関係を築くことで、互いを許し救い合う聖なる絆が幸福を運ぶ配置。,あなたは境界線のない深い共感力で人々と心を通わせ、温かく包み込むような豊かな人間関係を育むことに喜びを感じます。魂レベルで溶け合う聖なる絆は、あなたに大きな幸福をもたらし、人生を好転させる力となるでしょう。
Jupiter,Pisces,8,他者との深い繋がりから、新たな自分へと変容する,他者との深い精神的な結びつきを通じて、内面から大きく変容し、新しい自分へと生まれ変わる可能性を広げます。,深い共感力と豊かな想像力で、他者との繋がりから新たな自分へと大きく変容できます。,感情が極端になりやすく、執着や依存に繋がりやすいです。冷静に状況を見つめることで、心穏やかに過ごせます。,深い関係では境界を越えて関わり、心の奥で強く結びつくような繋がりを築く傾向があります。,共有された深い感情や精神的な遺産、生と死の神秘に関わる分野で大きな力を発揮します。,支配欲を「救済と変容」のエネルギーに転換することで、莫大な精神的・物質的豊かさを得られます。,他者との情緒的な一体化を徹底的に深める力が、深い慈悲を通じた再生と精神的な豊かさをもたらす配置。,あなたは他者との情緒的な深い繋がりを通じて、内面から大きく変容し、新しい自分へと生まれ変わる可能性を秘めています。その深い慈悲と一体化する力は、精神的な豊かさをもたらし、他者を癒やす再生のプロセスを体験するでしょう。
Jupiter,Pisces,9,豊かな精神性で真理を探求し、知恵を広げ成長する,豊かな精神性と直感力で人生の真理を探求し、魂の成長を促すような高い視点と知恵を広げていくタイプです。,豊かな精神性と深い共感力で真理を探求し、壮大な知恵を広げ成長させる力があります。,理想を追い求めすぎて現実離れした思想に傾きがちです。地に足をつけて物事を考えると、視野がより明確になります。,理想や精神性を込めて語るため、感性豊かな価値観を持つ人として周囲に映りやすいでしょう。,高い理想と慈愛に満ちた探求心で、学問や癒やしの思想を通じて真理を広げ成長するでしょう。,抽象的な理想を「魂を救うための具体的な行動」に落とし込むことで、力強い知恵となるでしょう。,無条件の愛を世界の真理として探求する姿勢が、魂の救済と宇宙的な叡智の獲得を大きく促す配置。,あなたは豊かな精神性と直感力を活かし、無条件の愛を世界の真理として探求することで、魂の成長を大きく促します。神秘思想や芸術を通じた深い共感は、あなたに宇宙的な叡智をもたらし、人生の視野と知恵を無限に広げていくでしょう。
Jupiter,Pisces,10,社会に共感を広げ、大きな目標を達成し貢献する,人々への共感を力に、社会の役に立つ大きな目標を達成し、多くの人に希望を与える公的な役割を果たすタイプです。,温かい包容力と深い共感力で社会に影響を与え、大きな目標を達成し貢献できる力が強みです。,他者からの評価に依存し、現実逃避しやすいため注意が必要です。自分の判断を信じることで、社会で活躍できるでしょう。,社会的な場でもやわらかな影響力があり、包容力のある人として周囲に受け入れられやすいでしょう。,豊かな共感力と感性が評価され、社会に貢献する支援的な立場で影響力を広げるでしょう。,名声への執着を捨て「真実の愛」に基づいて行動することで、周囲から心から尊敬される指導者となれます。,芸術や福祉の分野で慈悲深い影響力を発揮し、人々の心の拠り所となるような地位を築く配置。,あなたは人々への深い共感を力に変え、芸術や福祉といった分野で社会に貢献する大きな目標を達成します。理想を形にしようとする献身的な姿勢は、多くの人々の心の拠り所となり、公的な役割を通じて希望を与えるでしょう。
Jupiter,Pisces,11,仲間と共感し合い、理想を追い求めて大きく発展する,仲間と共感し合いながら理想の未来を描き、愛と調和に満ちたコミュニティを築き上げていくことに喜びを感じます。,仲間と深く共感し合い、想像力豊かな企画力で理想を追い求め、未来を大きく発展させられます。,仲間との境界線が曖昧になり、理想を見失いやすいです。自分の意見をしっかり持つことで、良い関係を築けます。,仲間に対しても共感的に関わるため、場を和らげる存在として周囲から好感を持たれやすいでしょう。,自由な精神と理想を共有する仲間と共感し合い、社会を良い方向へ導くリーダーとなるでしょう。,グループ内での主導権争いを避け、全員が幸福になれる連帯を作ることで理想が実現するでしょう。,人類の平和を夢見る仲間と癒やしのビジョンを共有することで、博愛的な理想のコミュニティが発展する配置。,あなたは人類の平和を夢見る仲間たちと深い共感を分かち合いながら、愛と調和に満ちた理想のコミュニティを築き上げていくでしょう。精神的な絆で結ばれたネットワークは、あなたの理想を大きく発展させ、人生に豊かな喜びをもたらします。
Jupiter,Pisces,12,秘められた内面を探り、深い癒しと成長を得る,瞑想やスピリチュアルな探求を通じて、自分の内面と深く向き合い、心の奥深くに癒しと精神的な豊かさを育みます。,秘められた内面を直感的に探求し、深い共鳴と癒しの力で大きく成長できる才能があります。,現実逃避に陥り、自分を見失いやすい傾向があります。内面と向き合いながらも、現実と繋がる意識が大切です。,表には出にくくても深い共感性と受容力がにじみ、静かに相手を支える人として周囲に映るでしょう。,目に見えないエネルギーを扱う力を持ち、精神世界の探求や救済の場で絶大な力を発揮します。,深層の悲しみを浄化し宇宙的な知恵を活かすことで、内面から深い平安と幸運を得られます。,宇宙との一体感を孤独な祈りの中で体現することで、無限の愛と深い精神的な充足感を密かに得る配置。,あなたは瞑想やスピリチュアルな探求を通じて、秘められた内面世界へと深く沈潜し、心の奥深くに癒しと精神的な豊かさを育みます。宇宙との一体感を孤独な祈りの中で体現することで、無限の愛と深い充足感が人生を支えるでしょう。
Saturn,Aries,1,困難に立ち向かい、自分らしい生き方を確立する,困難に立ち向かいながら自分自身の生き方を確立し、揺るぎない個性と存在感を築き上げていく性質です。,困難にも自制心を持って立ち向かい、自分らしい生き方を切り開く実行力と開拓力が強みです。,自分に厳しくなりすぎて、自己表現が萎縮しがちです。肩の力を抜いて、素直な気持ちを表現すると良いでしょう。,自己表現には慎重さが出やすいですが、芯の強さと責任感を感じさせる人として信頼されやすいでしょう。,責任感と自己抑制を活かし、着実な一歩で自分らしい自立したリーダーシップを確立するでしょう。,即断即決を控え計画性を持ち粘り強く取り組むことで、持ち前の突破力が揺るぎない実力に変わります。,衝動を抑え自制心を学ぶことが課題。時間をかけて独自のリーダーシップと確固たる自立心を確立する配置。,あなたは先駆的な行動力で困難に立ち向かいながら、時間をかけて揺るぎない自分らしい生き方と個性を確立していきます。衝動を抑え、慎重な自己管理を学ぶことで、確固たるリーダーシップと自立した存在感を築き上げるでしょう。
Saturn,Aries,2,努力を重ねて才能を磨き、確かな価値を築き上げる,自分の才能や資質を磨くために地道な努力を重ね、揺るぎない自信と確かな豊かさを築き上げていくタイプです。,努力を重ねて確かな価値を築き、自立した基盤を堅実に管理できる持久力と構築力があります。,欠乏への不安から、お金や物に固執しがちです。心の豊かさに目を向けることで、安心感が増し、ゆとりが生まれます。,自分の価値観を簡単には曲げず、堅実で自立心のある人という印象を周囲に与えやすいでしょう。,堅実な金銭感覚を武器に、努力を重ねて確かな自己価値と経済的な自立を築き上げるでしょう。,衝動買いを避けて資産の安定を優先し地道に努力することで、将来にわたる確かな豊かさを手に入れられます。,金銭獲得に対する苦手意識や焦燥を、自力の努力と工夫で克服し、堅実な経済基盤を築き上げる配置。,あなたは自らの才能や資質を地道な努力で磨き上げ、堅実な経済基盤と揺るぎない自己価値を築き上げていきます。金銭に対する苦手意識や焦燥を克服することで、あなたの人生には確かな豊かさと深い安心感がもたらされるでしょう。
Saturn,Aries,3,計画的に学びを深め、自分の言葉で堂々と発信する,論理的に学びを深め、自分の考えを明確な言葉で堂々と発信することで、周囲との信頼できる交流を築くタイプです。,計画的に学びを深め、鍛え抜かれた思考力と優れた判断力で自分の意見を発信できる強みです。,思考が緊張し、短気な発言や独断に繋がりやすいです。一呼吸置いてから話すことで、円滑なコミュニケーションが可能です。,言葉を選びながらも意見をはっきり示し、真面目で筋の通った相手として周囲に映りやすいでしょう。,正確で論理的なコミュニケーションを武器に、情報の整理や教育の場で高い信頼を築きます。,言葉の重みを自覚し誠実な発信を心がけることで、持ち前の説得力がより確かな影響力に変わるでしょう。,言葉の未熟さや短気を自戒し、論理的で責任ある発信スキルを厳しく鍛え上げることで知性を磨く配置。,あなたは論理的な思考と計画性をもって深く学びを深め、自分の言葉で堂々と意見を発信することで周囲との信頼を築きます。言葉の未熟さや性急さを自戒しながら発信スキルを厳しく鍛え上げることで、独自の知性と影響力を発揮していくでしょう。
Saturn,Aries,4,家庭の基盤をしっかり築き、自分らしい安らぎを得る,困難を乗り越えて家庭の基盤をしっかり築き、心の奥底に自分らしい安心感と揺るぎない心の拠り所を見つけます。,責任感と守護力で家庭の基盤をしっかり築き、自立した安らぎの場所を作れる強みです。,家庭に対して責任を感じすぎて、自分を追い込みがちです。完璧を目指さず、心のゆとりを持つことで、安らぎが得られます。,身近な人には責任感が強く、守るべき相手には本気で向き合う人として信頼されやすいでしょう。,規律ある家庭を築き、家系や不動産に関する実務で真価を発揮し、基盤を整えるでしょう。,家族への厳しさを緩め心の触れ合いを大切にすることで、家庭が安らぎと成長の場所になります。,家庭内の不和や孤独を乗り越え、自らの手で一から強固な心の拠り所を作り上げる責任を負う配置。,あなたは家庭内の課題や不和を乗り越え、自らの手で強固な基盤を築き上げるという責任を担います。その努力を通じて、心の奥底に揺るぎない安心感と自分らしい安らぎの拠り所を見つけ、精神的な安定を手に入れるでしょう。
Saturn,Aries,5,創造力を形にし、独自の表現で喜びを生み出す,試行錯誤しながらも自分の創造性を形にし、独自の表現方法を確立することで、深い喜びと充実感を得るタイプです。,強い意志力で創造力を着実に形にし、独自の表現で人々に喜びを生み出すことが得意です。,恋愛や自己表現で不器用になり、自分を抑圧しがちです。素直な感情を大切にすることで、魅力が輝き、喜びが増します。,自己表現には抑制がかかることもありますが、誠実で本気度の高い人として印象に残りやすいでしょう。,職人気質のこだわりと努力を活かし、独自の表現で確固たる才能を確立し喜びを生み出します。,楽しみを義務感にせず純粋にワクワクする時間を作ることで、自己肯定感が育まれ創造性が輝きます。,素直な自己表現への恐怖を克服し、独自のクリエイティブな分野でストイックに実績を積む配置。,あなたは試行錯誤を重ねながら、素直な自己表現への恐怖を克服し、自らの創造力を独自の形で具現化していきます。ストイックな探求心と時間をかけた創作活動を通じて、深い喜びと揺るぎない充実感を人生に生み出すでしょう。
Saturn,Aries,6,責任感を持って仕事に取り組み、健康的な習慣を作る,責任感を持って仕事に真摯に取り組み、自分に合った健康的な習慣を確立することで、着実に成果を積み重ねていきます。,責任感を持って即座に動き、実務を改善しながら長期的な成果を築ける行動管理能力が強みです。,仕事で焦燥感が募り、過労や独断に繋がりやすいです。完璧を目指しすぎず、適度な休息を心がけることで、安定します。,行動に無駄が少なく効率的で、実務面で信頼できる堅実な存在として周囲に映るでしょう。,日々の業務に責任感と粘り強さで取り組み、着実に成果を出せるでしょう。,自分を無理しすぎず健康管理も仕事の一部と捉えることで、安定した高いパフォーマンスを長く維持できるでしょう。,現場の混乱を一人で引き受ける重責を担い、圧倒的な実務能力を身につけることで社会に貢献する配置。,自らの先駆的な行動力と責任感を胸に、どんな困難な仕事にも真摯に取り組み、着実に成果を積み重ねていきます。自分に合った健康的な習慣を大切にすることで、心身ともに充実した状態で社会に貢献し、揺るぎない実力を発揮するでしょう。
Saturn,Aries,7,自立した関係性を築き、信頼できるパートナーを得る,困難を乗り越えながら、主体的に対等で信頼できるパートナーシップを築き上げることを大切にするタイプです。,積極的に関係性を築き、責任感と交渉力で協働を主導し、長期的な信頼を生み出すことができます。,パートナーシップで自分の意見を強く主張しすぎると、関係が硬直化しやすいので、相手の意見にも耳を傾ける意識が大切です。,一対一の関係では責任感を持ち、対等な真面目な相手として信頼されやすいでしょう。,誠実な態度と契約を重んじる心で、長期的な提携や社会的パートナーシップにおいて確かな信頼を築きます。,相手に依存せず自立した個人として対等に話し合うことで、お互いを高め合える持続可能な関係が構築できるでしょう。,対人関係での衝突を教訓に、相手を尊重する忍耐強さを学び、対等で強固な契約関係を築く配置。,主体的な行動力と誠実さで、対等な関係を築き、深い信頼で結ばれたパートナーシップを大切にします。困難を乗り越えるたびに絆は強まり、自立した個人として互いを尊重し合う関係を築き上げていくでしょう。
Saturn,Aries,8,困難を乗り越え、内なる変化を受け入れ強く成長する,試練を通して、他者との深い絆や内なる変革を主体的に受け入れ、力強く再生していく性質を持っています。,危機に直面しても即座に動く洞察力と、再生意志で困難を乗り越える強い精神力を持っています。,親しい人との関係で極端な防衛や支配欲が出やすい傾向があります。信頼して手放すことを意識すると、より豊かな繋がりが生まれるでしょう。,深い関係になるほど本気度が表れ、真剣に向き合う人として信頼されやすいでしょう。,組織の深部を支える忍耐力と管理能力を活かし、資産運用や秘密性の高い職務で実力を発揮します。,疑う気持ちを抑え他者とリソースを共有する際の誠実さを養うことで、個人の力を超えた大きな社会的価値を成し遂げられるでしょう。,深い絆への恐怖や性的葛藤を乗り越え、他者の遺産やエネルギーを責任を持って管理する術を学ぶ配置。,人生の試練を主体的に受け入れ、それを深い変革の機会として力強く乗り越えていく精神力を持っています。他者との真摯な絆を通して内なる豊かさを発見し、より強く生まれ変わることで、本質的な成長を遂げるでしょう。
Saturn,Aries,9,高い目標に向かって学び、真理を追求し続ける,高い理想を掲げ、困難を乗り越えながら、自らの信念を深め、真理を探求し続けることを大切にするタイプです。,揺るぎない信念を持って即座に学び、開拓精神で真理を探究し続けることができるのが強みです。,自分の信念に焦りから固執しすぎると、視野が狭くなりがちです。時には立ち止まり、多様な視点を取り入れる心がけが大切です。,自分の信念を厳しく追求しながら語り、意志の強い人として尊敬されやすいでしょう。,実用的で堅実な哲学を武器に、学問研究や法律、高等教育の分野で着実な成果を収めます。,抽象的な理想を現実の成果に結びつける意識を持つことで、広い視野が人生を導く力強い知恵となり周囲からの信頼も高まるでしょう。,無知への恐怖からストイックに学び続け、独自の哲学を体系化することで精神的な権威となる配置。,高い理想を胸に、自らの信念を深めるために真理を探求し続ける求道者のような資質を持っています。困難を乗り越えるたびに確固たる哲学を築き上げ、高度な学びを通して精神的な豊かさと揺るぎない指針を確立するでしょう。
Saturn,Aries,10,社会的責任を果たし、揺るぎないキャリアを築く,自分の力で社会的な役割を確立し、試練を乗り越えて揺るぎないキャリアと評価を築き上げていく性質です。,責任感と即座の実行力で集団を統率し、新しい分野を切り開きながら社会的な成果を築けます。,仕事や社会的な役割で、強引な態度になり周囲を圧迫しがちです。柔軟な姿勢を意識すると、スムーズに物事が進みやすくなります。,社会的な場では責任感ある先導力が際立ち、頼りがいのあるリーダーとして見られやすいでしょう。,着実な実績と責任感が評価され、社会的キャリアの中で重要な立場を任されやすいでしょう。,結果だけでなく自身の内面的な真理に従って行動することで、周囲から心から尊敬される真の指導者となれるでしょう。,キャリアにおける挫折を糧に、不屈の精神で独自の地位をゼロから勝ち取り、社会を先導する配置。,揺るぎない責任感と開拓者精神で、自らの力で社会的な役割を確立し、独自のキャリアパスを切り拓いていきます。数々の試練を乗り越えることで、着実な実績と深い信頼を積み重ね、確固たる評価と地位を築き上げるでしょう。
Saturn,Aries,11,仲間との目標達成に貢献し、理想の未来を創造する,理想の未来を信じ、仲間と共に試練を乗り越えながら、主体的にコミュニティや目標達成に貢献するタイプです。,未来を見据えた企画力と、即座に仲間を先導し目標を達成へと導く実行統率力があります。,理想を追求するあまり、周囲と足並みを揃えずに独走しがちです。仲間との対話を大切にすることで、より良い未来を築けるでしょう。,仲間の中では自ら責任ある役割を背負い、集団を引き締める頼れる存在になりやすいでしょう。,現実的なビジョンと仲間への責任感で、コミュニティ運営や社会貢献活動に実務的なリーダーシップを発揮します。,現状の安定に満足せず未来への変化を仲間と共に受け入れることで、より普遍的で大きな目的を確実に達成できるでしょう。,理想を語るだけでなく実行する責任を負い、未熟な仲間を率いて現実的な社会改革に挑む配置。,理想の未来を信じ、自らの先駆的な行動力で仲間を鼓舞し、共通の目標達成に向けて主体的に貢献します。困難な試練も共に乗り越えることで、揺るぎない絆で結ばれたコミュニティを築き、変革のリーダーとして輝くでしょう。
Saturn,Aries,12,内なる不安と向き合い、新たな自分を切り拓く覚悟,内なる不安や困難に自ら向き合い、癒しや手放しを通じて、新しい自分を切り開いていく覚悟を持つ性質です。,内なる勇気と強い精神力で直感を統制し、困難に即座に向き合い自分を鍛え成長できます。,内面の不安を抑え込みすぎると、感情が硬直して孤立しやすくなります。自分の感情に優しく向き合う時間を意識すると良いでしょう。,表には出なくても内面に強い責任感を秘め、静かに状況を導く人として映りやすいでしょう。,静かな環境での内省と実務能力を活かし、精神的な基盤の整備や裏方での支援活動で安定を発揮します。,孤独を恐れず内面を整える習慣を持つことで、潜在意識にある知恵を現実世界で役立てる具体的な方法が湧いてくるようになるでしょう。,内面の怒りや孤独を静かに統制し、目に見えない次元で独自の精神的基盤を密かに構築する配置。,内なる不安や潜在的な困難にも臆することなく、自らの先駆的な精神で勇敢に向き合う覚悟を持っています。深い洞察と自己癒しのプロセスを通して、古い自分を手放し、新たな精神的な基盤を確立することで、真の自己を切り拓いていくでしょう。
Saturn,Taurus,1,揺るぎない自分軸を確立し、着実に歩む,じっくりと時間をかけ、自分らしい第一印象を確立し、揺るぎない自分軸で着実に人生を歩むことを大切にします。,安定した自分軸と優れた自己管理能力で、持続的に価値ある表現を築き続けることができます。,自分を表現する際、頑固になりすぎて変化を嫌う傾向があります。新しい考え方を受け入れる柔軟な姿勢を意識すると良いでしょう。,落ち着きと慎重さが自然とにじみ出て、安定感のある人として周囲に安心感を与えやすいです。,安定した思考と優れた実務能力を活かし、品質管理や専門技術の分野で着実な成果を上げます。,自分のペースを守り新しい価値観を柔軟に取り入れることで、思考の固定化を防ぎ実力を大きく広げられるでしょう。,慎重さと粘り強さが個性の核。時間をかけて着実に、誰にも揺るがされない確固たる自己を形成する配置。,じっくりと時間をかけて、自分自身の本質を深く見つめ、揺るぎない自己の軸を確立していきます。その着実な歩みと安定感は周囲からの厚い信頼を集め、確固たる存在感として輝きを放つでしょう。
Saturn,Taurus,2,自分の才能を活かし、価値ある豊かさを着実に築く,自分の才能と価値を信じ、着実に努力を重ねることで、安定した収入と豊かな財産を築き上げていく性質です。,堅実な財務管理と強い継続力で、自身の価値や資源を着実に増やし安定した豊かさを築けます。,物や財産への執着が強く、手放せないと感じることがあるかもしれません。本当に大切なものを見極めることで、心にゆとりが生まれます。,自分の価値観や基盤を堅実に守るため、信頼できる誠実な人という印象を与えやすいです。,優れた経済感覚と粘り強い交渉力で、財務管理や資産運用など価値ある実務で安定した地盤を築きます。,所有への執着を緩め知恵を循環させる意識を持つことで、物質的な安定と精神的な満足を両立できるようになるでしょう。,物質的な欠乏感への恐怖から節約と管理を徹底し、晩年に向けて盤石な資産を築き上げる配置。,自らの才能と価値を深く信じ、着実な努力を重ねることで、揺るぎない経済的な基盤を築き上げていきます。堅実な資質を活かして安定した収入と豊かな財産を生み出し、人生に深い安心感と充足をもたらすでしょう。
Saturn,Taurus,3,じっくり学び、確かな知識と伝え方を身につける,じっくりと学びを深め、確かな知識と言葉の力を身につけて、丁寧なコミュニケーションを築くことを大切にします。,安定した思考力と持続的な知性で、人々に納得感を与える説得力のある伝え方が強みです。,自分の考えに固執しやすく、言葉が頑固になりがちです。異なる意見にも耳を傾けることで、思考がより豊かになるでしょう。,言葉に重みと慎重さがあり、軽々しい発言をしない信頼できる人として受け取られやすいです。,丁寧な言葉選びと実用的な知識を活かし、実務教育や正確な情報伝達で確固たる信頼を勝ち取ります。,自説に固執せず多様な意見を冷静に比較する習慣を持つことで、持ち前の説得力がより洗練され周囲との調和が深まるでしょう。,知識の習得に時間はかかるが、一度身につけたスキルを絶対的な武器に変え、着実な交流を行う配置。,じっくりと時間をかけ、実用的で確かな知識と言葉の力を深く身につけていくことを大切にします。その揺るぎない専門性と丁寧なコミュニケーションは、人々に安心感を与え、着実な交流を育む礎となるでしょう。
Saturn,Taurus,4,家族や心の基盤を大切に、安定した土台を築く,家庭や心の基盤を何よりも大切にし、時間をかけて安心できる安定した土台を築き上げていく性質を持っています。,家族や大切な居場所を守る責任感が強く、安定した心の基盤を築き続けることができます。,家庭や慣れた環境に固執し、変化を拒否しがちですが、時には新しい風を取り入れると、心の安定に繋がるでしょう。,親しい相手には安定した態度で接し、身内を大切に守る信頼のおける存在として慕われやすいでしょう。,穏やかで論理的な家庭環境を築く責任感を持ち、生活の質を守る実務で真価を発揮します。,家族に過剰な正論を押し付けず情緒的な交流を大切にすることで、揺るぎない安心感が生まれ家庭内の信頼も深まるでしょう。,伝統や家系の重圧を背負い、家族のために安定した環境を維持し続ける現実的な責任を果たす配置。,家庭と心の基盤を何よりも大切にし、じっくりと時間をかけて揺るぎない安心感に満ちた土台を築き上げます。その安定した基盤は、あなた自身の心の拠り所となり、人生全体を豊かに支える力となるでしょう。
Saturn,Taurus,5,楽しみながら創造し、形ある喜びを生み出す,楽しみや喜びを形にするために着実に努力し、五感を活かした創造的な自己表現を大切にするタイプです。,魅力を安定的に保ち、楽しみながら芸術的な表現を持続させることで、形ある喜びを生み出せます。,恋愛や創造的な活動において、執着や抑圧を感じやすい傾向があります。心のままに楽しむことを意識すると、喜びが広がります。,自己表現は控えめでも着実で、時間をかけてじんわりと魅力を伝える人として印象に残ります。,洗練された美意識と職人気質のこだわりで、長期的な訓練を要する創作活動に確かな才能を確立します。,評価を気にしすぎず純粋な楽しみを追求する時間を設けることで、自己肯定感が健全に育まれ創造性が輝くでしょう。,遊びや恋愛に慎重すぎる傾向があるが、職人的なこだわりで趣味を形にし、価値ある作品を残す配置。,五感を研ぎ澄ませ、楽しみや喜びを形にするために、職人的なこだわりを持って着実に創造のプロセスを歩みます。その努力は質の高い自己表現として結実し、あなた独自の美しい価値を世に生み出すでしょう。
Saturn,Taurus,6,日々の業務を着実にこなし、健康な生活を築く,日々の仕事や習慣を着実にこなし、自分の役割と調整を大切にすることで、心身の健康な生活を築くタイプです。,忍耐強く地道に実務に取り組み、継続的な改善で安定した成果を確実に生み出すことができます。,仕事や日々のルーティンで、変化を嫌って惰性になりがちです。少しずつ新しい方法を取り入れると、気分転換になるでしょう。,日々の行動を通して誠実さを積み上げ、堅実に信頼を築く人として高く評価されやすいでしょう。,安定した運用を守りながら、日々の業務を着実に支えることで組織に貢献しやすいでしょう。,完璧主義によるストレスを溜めないよう適度な休息を意識することで、安定した高いパフォーマンスを継続できるでしょう。,過酷なルーチンを忍耐強くこなし、現場の実務を完璧に管理する「プロの働き手」として信頼を得る配置。,日々の業務や習慣を責任感を持って着実にこなし、心身の健康を大切にすることで安定した生活基盤を築きます。その卓越した実務能力と安定感は、周囲からの厚い信頼を勝ち得て、どんな現場でもプロフェッショナルとして貢献するでしょう。
Saturn,Taurus,7,誠実な関係を築き、人との絆を安定させる,誠実さと信頼を基盤に、じっくりと時間をかけて人との絆を深め、安定した対等なパートナーシップを築く性質です。,誠実な態度で安定した信頼関係を築き、人との絆を持続させることで長期的な協働を叶えます。,親しい関係で相手に依存したり、嫉妬を感じやすい傾向があります。お互いの自立を尊重することで、より安定した絆が育まれます。,一対一の関係では安定と継続を重んじ、長く深く付き合える真面目な相手として安心されやすいです。,誠実な態度と安定した交渉力で、長期契約が重要なビジネスやパートナーシップに揺るぎない発展を築きます。,相手に合わせすぎず心地よいペースで対話することで、お互いに自立した持続可能な関係が構築できるでしょう。,結婚や契約に重い責任を感じ、長期的に安定した、実利を伴う誠実なパートナーシップを築く配置。,誠実さと深い信頼を基盤に、じっくりと時間をかけて人との絆を育み、揺るぎないパートナーシップを築き上げます。対等な関係を何よりも大切にすることで、互いを尊重し、共に成長していく豊かな関係性を享受するでしょう。
Saturn,Taurus,8,共有する深い絆の中で、着実に変化を受け入れる,他者と深い絆を共有し、時間をかけて変革を受け入れ、内なる力を着実に再生させていくことを大切にするタイプです。,粘り強く深い洞察力を持ち、変化を乗り越えて再生を持久させる強い精神力が強みです。,親しい人との関係で執着しすぎたり、喪失への恐れを感じがちです。変化を自然に受け入れることで、心が楽になります。,深い関係になるほど愛着と責任感が強まり、簡単には揺るがない確かな絆を築きやすいでしょう。,組織の資産管理能力と深い洞察力を活かし、金融や専門研究職で安定した成果を収めるでしょう。,他者とリソースを共有する際の不安を克服し信頼を深めることで、個人の力を超えた大きな価値を受け取れるようになるでしょう。,家系の借金や重い遺産を引き受ける可能性があるが、不屈の努力で財産を立て直し守り抜く配置。,他者との深い絆を大切にし、その中で起こる変革をじっくりと時間をかけて受け入れていく強さを持っています。困難を乗り越えるたびに内なる力が着実に再生され、精神的な豊かさと揺るぎない土台を築き上げるでしょう。
Saturn,Taurus,9,じっくりと知識を深め、揺るぎない真理を探求する,じっくりと時間をかけて知識を深め、揺るぎない真理を探求することで、確固たる哲学を築き上げていく性質です。,揺るぎない信念と実践力で、哲学的な探求を持続させながら、学びを深めていく長所があります。,自分の考え方に固執しやすく、視野が狭くなりがちです。新しい情報や異なる価値観にも意識を向けると、学びが深まるでしょう。,自分の信念をじっくりと育て、地に足のついた堅実な考え方をする人として見られやすいでしょう。,実用的な哲学と長期的な視点で、学問研究や伝統を重んじる教育活動で着実な発展を築きます。,抽象的な概念を現実的な成果に結びつける意識を持つことで、広い視野が人生を導く力強い知恵となり周囲の信頼も高まるでしょう。,普遍的で実用的な真理を時間をかけて探求し、揺るぎない信念に基づいた人生観を確立する配置。,じっくりと時間をかけて知識を深め、揺るぎない真理を探求することで、確固たる独自の哲学を築き上げていきます。その深い洞察と普遍的な視点は、あなた自身の人生観を豊かにし、人々に確かな指針を示すでしょう。
Saturn,Taurus,10,社会で確固たる地位を築き、着実に目標を達成する,社会的な責任を重んじ、着実に努力を重ねることで、揺るぎない地位と評価を築き、目標を達成していく性質です。,社会からの信頼を大切にし、着実に目標を達成する構築力と、継続的に成果を生み出すことができます。,社会的な評価や地位に固執し、保守的になりすぎると停滞しがちです。変化を恐れず、柔軟な対応を心がけることで道が開けます。,社会的な場では安定感と継続力が際立ち、着実に実績を積む堅実な人として高く評価されやすいです。,継続力と堅実さが評価され、社会的なキャリアの中で長期的な信頼を得やすいでしょう。,結果だけでなく自分自身の内面的な満足度も大切にすることで、周囲に押しつぶされない真の自信と地位を確立できるでしょう。,着実な実績のみを信じ、長期的な計画のもとで社会的な地位と不動の信頼を勝ち取る配置。,社会的な責任を深く理解し、着実な努力と長期的な視点で、揺るぎない地位と評価を築き上げていきます。確固たる実績によって得られる信頼は、あなたのキャリアを盤石なものとし、目標達成へと導くでしょう。
Saturn,Taurus,11,信頼できる仲間と共に、着実に理想を追求する,信頼できる仲間と共に、理想の未来像を着実に追い求め、コミュニティに貢献することを大切にするタイプです。,安定した信頼性と友情を持続させる力があり、仲間との協力関係を着実に築き、理想を追求できます。,仲間との関係で惰性になったり、依存しがちな傾向があります。新しい出会いや多様な交流を意識すると、世界が広がるでしょう。,仲間の中では無理せず土台を支える役回りで、じっくりと信頼を築く厚い存在になりやすいでしょう。,価値観を共にする仲間と、穏やかなコミュニティ運営や長期的な理想を共有する活動で実務を支えます。,現状の安定に満足せず未来への変化を仲間と共に受け入れることで、より普遍的で大きな目的を達成できるようになるでしょう。,少数の信頼できる仲間とだけ深く繋がり、現実的な利益を共有する安定したコミュニティを維持する配置。,信頼できる仲間と共に、理想の未来像を着実に追い求めることに深い喜びと責任を感じます。盤石な協力関係を築きながら、コミュニティに貢献することで、共に豊かな未来を創造していくでしょう。
Saturn,Taurus,12,内なる不安を癒し、心の安定を着実に築く,内なる不安とじっくり向き合い、癒しと手放しを通じて、心の安定を着実に築き上げていくことを大切にします。,忍耐強く内省を持続させることで、精神的な安定と心の癒しを自ら着実に築き上げられます。,内面に不安を抱え込みやすく、感情を抑圧しがちです。自分の気持ちを素直に受け止め、表現することを心がけると安心です。,表には出なくても内面の粘り強さがにじみ、静かに物事を支える信頼できる人として映りやすいです。,精神的な平穏や目に見えない価値を追求し、瞑想や奉仕活動を通じて心の着実な土台を築きます。,孤独を恐れず内省の時間を豊かに育むことで、潜在意識にある豊かさを現実世界で活かす知恵が湧いてくるようになるでしょう。,五感の快楽に対する制限を通じて精神を律し、一人きりの時間で内なる豊かさを静かに守る配置。,内なる不安とじっくりと向き合い、癒しと手放しのプロセスを通して、心の奥底に揺るぎない安定を築き上げていきます。一人の時間で精神的な豊かさを育むことで、深い安心感と共に新たな自分へと再生するでしょう。
Saturn,Gemini,1,知性を磨き、自分らしい表現で存在感を確立する,知性を磨き、言葉や表現力を通して自分らしい存在感を確立し、周囲に確かな第一印象を与えることを大切にします。,論理的な思考力と的確な判断力で情報を管理し、責任を持って自己表現を発信できるのが強みです。,自分を表現する時に神経質になりすぎ、疑心暗鬼になりがちです。リラックスして、ありのままの自分を見せることを意識すると良いでしょう。,考えながら話す慎重さが表れやすく、知的で落ち着いた雰囲気の人として見られやすいでしょう。,多才な表現力と素早い適応力を活かし、情報の仲介や調整が必要な現場で確実な実力を発揮します。,一貫性のある目標を持ち一つのことを掘り下げる意識を持つことで、持ち前の器用さがより確かな成果に結びつくでしょう。,言葉への苦手意識を克服するため多角的に学び、論理的で説得力のあるコミュニケーションを確立する配置。,知性を磨き、言葉や表現力を通して自分らしい存在感を確立していくことを大切にします。論理的で説得力のあるコミュニケーションを築くことで、周囲に確かな第一印象を与え、揺るぎない個性を発揮するでしょう。
Saturn,Gemini,2,知性を活かして稼ぎ、独自の価値観で財を築く,知的な才能やコミュニケーション能力を活かして、自分の力で安定した収入源を築き、価値ある財産を生む性質です。,優れた情報管理能力と商才を活かし、的確な価値判断で豊かさを築けるビジネスセンスがあります。,損得勘定に囚われすぎると、本当に大切な価値を見失いがちです。自分にとっての真の豊かさを見つけると、心が満たされるでしょう。,自分の考えや価値観を大切にし、慎重で堅実な人という信頼感のある印象を与えやすいです。,情報を価値に変える知性と巧みな実務能力で、販売や営業、複数業務管理で安定した働き方を築きます。,知識を集めるだけでなく実利に結びつける方法を学ぶことで、経済的な基盤をより強固に築けるようになるでしょう。,情報の扱い方や多彩なスキルを磨くことで、不安定な経済状況を打破し、知的な富を築く配置。,知的な才能と卓越したコミュニケーション能力を活かし、独自の価値観で安定した収入源を築き上げていきます。多彩なスキルを組み合わせることで経済的な基盤を盤石にし、知的な豊かさを生み出すでしょう。
Saturn,Gemini,3,論理的に学びを深め、言葉で的確に伝える力を養う,知的好奇心を持って学びを深め、論理的な思考と言葉で、的確に情報を伝え、交流を築くことを大切にするタイプです。,鍛えられた知性と高い分析力で、情報を論理的に整理し、説得力ある発信ができるのが長所です。,思考が過剰になりすぎて言葉に詰まったり、批判的になりがちです。もっと軽やかに、素直な気持ちを伝えることを意識すると良いでしょう。,言葉選びに厳密さがあり、筋道の通った丁寧な話し方をする知的で誠実な人として受け取られやすいです。,圧倒的な情報収集力と伝達力を活かし、教育や情報の整理・解析分野で高い専門性を確立します。,情報の正確さを意識しつつ思慮深い発言を心がけることで、知的な影響力と周囲からの信頼がさらに高まるでしょう。,浅薄な知識を嫌い、情報の正確性をストイックに追求することで、教育や伝達の専門家となる配置。,知的好奇心を原動力に学びを深く追求し、論理的な思考と言葉で情報を的確に伝える力を養います。その正確な情報伝達と誠実な交流は、専門家としての信頼を築き、周囲に確かな知恵と理解をもたらすでしょう。
Saturn,Gemini,4,知的なコミュニケーションで、安心できる家庭を築く,知的なコミュニケーションを大切にし、安心できる心の基盤と家庭を築き、安定したルーツを持つことを重んじます。,高い理解力と内的整理能力で、家庭での対話を大切にし、安心できる心の基盤を築けます。,家庭内で情報過多になり、落ち着かない気持ちになりがちです。時にはデジタルデトックスをして、穏やかな時間を意識すると良いでしょう。,身近な人との会話では慎重さが見られ、軽さより信頼を重視する真面目な関係を築きやすいでしょう。,知的な刺激と秩序ある家庭環境を築き、在宅での知的作業や教育関連の基盤で着実な活動を続けます。,内面の落ち着きを保つために静寂の時間を持つよう意識することで、絶え間ない思考の動きを建設的に制御できるでしょう。,家族間のコミュニケーション不足を調整する役割を担い、論理的なルールで家庭を管理する配置。,知的なコミュニケーションを重視し、論理的なルールと対話を通して安心できる心の基盤と家庭を築き上げていきます。家族との安定した関係性は、あなたの心の拠り所となり、知的な刺激に満ちた豊かな居場所となるでしょう。
Saturn,Gemini,5,知的な発想で創造し、軽やかに自己表現する,知的な発想で楽しみを創造し、遊び心ある表現で自分らしさをアピールすることを大切にする、軽やかなタイプです。,豊かな機知と鍛えられた表現力で、知的な発想からユニークな創造を形にできる魅力があります。,恋愛や創造的な活動で不安を感じやすく、承認を求めすぎる傾向があります。ありのままの自分を愛すると、自信に繋がるでしょう。,自己表現には工夫と抑制が同時に表れ、知的で控えめな魅力として印象に残りやすいでしょう。,多彩なアイデアと粘り強さで、企画制作や文芸、論理的思考が必要な趣味の分野で才能を確立します。,表現を楽しむだけでなく完成までのプロセスを大切にすることで、一時の閃きが価値ある実績へと昇華されるでしょう。,知的なコンプレックスを創作のエネルギーに変え、緻密に構成された表現で評価を得る配置。,知的な好奇心と遊び心あふれる発想で、楽しみながら独自の創造性を形にし、軽やかに自己表現していきます。緻密に構成された作品は周囲から高い評価を得て、あなたの個性と才能を輝かせる豊かな喜びとなるでしょう。
Saturn,Gemini,6,知的に効率化を図り、日々の仕事を着実にこなす,日々の業務を知的に効率化し、責任感を持って着実にこなし、習慣や調整を通じて安定した生活を築くタイプです。,優れた分析力と改善知性で、効率的な作業管理を行い、日々の実務で着実に成果を生み出せます。,仕事で完璧を求めすぎて神経が疲れ、散漫になりがちです。時には肩の力を抜いて、休む時間を大切にすると良いでしょう。,情報整理や実務的な伝達に長けており、正確で頼れる仕事人として周囲に見られやすいでしょう。,情報を整理する知性を活かし、日々の業務を正確かつ効率的に進めることで成果を出しやすいでしょう。,心身の健康を保つために神経の興奮を鎮める習慣を持つことで、過度なマルチタスクによる消耗を防げるようになるでしょう。,多忙な事務作業を正確にこなす責任を負い、実務上の情報伝達を効率化するシステムを構築する配置。,知的な発想で日々の業務を効率化し、責任感を持って着実にこなしながら、安定した生活基盤を築きます。多忙な実務をシステム的に処理する能力は高く評価され、プロフェッショナルとして周囲に貢献するでしょう。
Saturn,Gemini,7,知的な対話で信頼を築き、人との関係を深める,知的な対話と誠実なコミュニケーションを大切に、人との信頼関係を築き、対等なパートナーシップを育む性質です。,責任感ある対話と調整力で、お互いの理解を深め、円滑な交渉で協力関係を築けるのが強みです。,人間関係で優柔不断になり、言葉で自分を守ろうとしがちです。素直な気持ちで向き合うことで、より深い信頼を築けるでしょう。,一対一の関係では言葉に責任を持ち、話し合いを大切にする真面目な相手として信頼されやすいです。,優れた会話術と誠実な交渉力で、仲介や接客、長期的なパートナーシップで確固たる信頼を築きます。,相手の言葉の裏にある感情を汲み取る努力をすることで、知的交換以上の深い信頼関係を構築できるようになるでしょう。,対人関係に知的な誠実さを求め、言葉の重みを理解する相手と長期的に安定した絆を築く配置。,知的な対話と誠実なコミュニケーションを何よりも大切にし、人との間に深い信頼関係を築き上げます。対等なパートナーシップを育むことで、互いを尊重し、共に成長していく豊かな関係性を享受するでしょう。
Saturn,Gemini,8,知的に物事を探求し、本質的な変化を受け入れる,知的好奇心を持って物事の本質を探求し、他者との深い絆や内なる変化を論理的に受け入れ、再生を促すタイプです。,深い洞察力と探究知性で、心理を分析し、本質的な学びや人との結びつきを生み出せる長所があります。,深い関係で疑念を抱きやすく、思考に囚われがちです。オープンな心で相手と接することを意識すると、信頼関係が深まります。,深い関係になるほど本音を慎重に見極め、簡単には気を許さない真剣な人として見られやすいです。,深い知性と調査能力を活かし、心理分析や秘密性の高いリサーチ業務で確固たる実力を発揮します。,秘密を守りつつ真実を追求する誠実さを養うことで、他者からの深い信頼を得て重要な役割を任せられるようになるでしょう。,他者の心理分析や秘密の管理に慎重を期し、深い絆において知的な責任を全うする配置。,知的好奇心を原動力に物事の本質を深く探求し、他者との深い絆や内なる変化を論理的に受け入れていく資質を持っています。鋭い洞察力で問題を解決し、再生を促すことで、本質的な成長と変容を遂げるでしょう。
Saturn,Gemini,9,知的好奇心を満たし、深い知識を探求し続ける,知的好奇心を原動力に、深い知識や哲学を探求し、学びを通して高い視点と確固たる信念を築き上げていく性質です。,鍛えられた学習意欲と探究心で、思想を整理しながら深い学びを追求し、視野を広げられます。,様々な情報に飛びつきすぎて、思想が拡散し浅くなりがちです。一つのテーマを深く掘り下げる時間を意識すると、学びが定着します。,自分の考えや思想を時間をかけて固め、知的に鍛えられた深い見識を持つ人として受け取られやすいです。,広い知識欲と正確な解析力を活かし、出版や実務教育、思想体系化の活動で専門性を高め発展します。,膨大な情報の中から普遍的な真理を見出す意識を持つことで、知識が実体験を伴う知恵へと進化し人生の指針が明確になるでしょう。,多様な思想を一つ一つ厳格に検証し、広範な知識を体系的な哲学へと昇華させる配置。,知的好奇心を原動力に、多様な思想や深い知識を厳格に探求し続けることに喜びと責任を感じます。広範な学びを通して体系的な哲学を築き上げ、高い視点と揺るぎない信念で真理を追求するでしょう。
Saturn,Gemini,10,知性を活かして社会で活躍し、キャリアを確立する,知性を活かして社会的な役割を果たし、キャリアを着実に確立することで、周囲から高く評価されることを大切にします。,的確な判断力と情報統率力で、社会に向けて責任ある発信を行い、着実にキャリアを築けます。,社会での評価を気にしすぎて、発言が硬くなったり迷走しがちです。自分の軸を大切に、自信を持って行動することを心がけましょう。,社会的な場では発言に責任感と現実味があり、慎重で信頼できる人として評価されやすいでしょう。,知的な判断の正確さと優れた言語化能力が評価され、社会的なキャリアで厚い信頼を得やすいでしょう。,評判に一喜一憂せず長期的なキャリア形成を見据えて専門性を磨くことで、社会的な影響力がより安定したものになるでしょう。,情報や交渉のプロとして社会的な顔を持ち、言葉を武器に着実にキャリアの階段を上る配置。,知性を最大限に活かし、情報や交渉のプロとして社会的な役割を果たすことで、揺るぎないキャリアを着実に確立していきます。臨機応変な対応力と一貫した姿勢が周囲からの高い評価と信頼を勝ち取り、成功へと導くでしょう。
Saturn,Gemini,11,仲間と知的に協力し、共通の目標実現に貢献する,仲間と知的に協力し合い、理想の未来像を具体化するため、コミュニティに貢献することを大切にするタイプです。,協力的な知性と優れた情報整理・企画管理能力で、仲間と共に未来の目標達成に貢献できます。,仲間との関係が表面的なものになりがちで、情報過多で集中できないことも。じっくりと対話する時間を設けると、絆が深まります。,仲間の中では情報を整理して伝える役になり、場を引き締める知的な存在として頼られやすいでしょう。,多様な人脈を論理的に整理するセンスを活かし、グループの調整役として着実に貢献するでしょう。,独自の意見を大切にしながら仲間の声を冷静に聴くことで、集団の中で個性を活かした理想を追求できるでしょう。,知的な理想を共有する仲間を選別し、無駄のないネットワークを通じて未来の基盤を整える配置。,知的な理想を共有する仲間と共に、具体的な未来像の実現に向けて協力し、コミュニティに貢献することを大切にします。無駄のないネットワークと丁寧な合意形成を通じて、有益な交流を広げながら、揺るぎない未来の基盤を整えていくでしょう。
Saturn,Gemini,12,内なる思考を整理し、知的に心の安定を築く,内なる思考を整理し、知的な分析を通じて心の奥底にある不安を癒し、安定した精神状態を築き上げていく性質です。,内なる思考を整理し、知的な洞察力で心の安定を築ける内省力が強みです。,思考が複雑になりやすく、不安が増幅しがちです。瞑想やジャーナリングで心を整理する時間を意識すると、心が落ち着くでしょう。,表には多くを出さずとも内面で思考を深め、静かに状況を読む知的な人として映りやすいでしょう。,豊かな想像力で心の整理を助け、裏方や創作で実力を発揮しやすいでしょう。,思考を言語化する習慣を持つことで、内面の混乱が整理され精神的な安定と実務的な貢献を両立できます。,雑多な思考を整理し瞑想的な沈黙を学ぶことで、内面にある知的な混乱を鎮め、叡智を得る配置。,内なる思考の雑音を静かに整理し、知的な分析を通じて心の奥深くにある不安を優しく癒していきます。孤独な思索を重ねることで真の叡智と精神的な安定を手に入れ、豊かな内面世界を築き上げるでしょう。
Saturn,Cancer,1,大切な自分を育み、責任感を持って真の自己を確立する,多くの経験から学び、大切な自分を育むように、責任感を持って揺るぎない自分らしさを築く性質です。,大切な自分を育む守護力と、感情を穏やかに管理し責任を持って自己を確立できる包容力があります。,感情が過敏になり、自分を守ろうとしすぎて自己表現が萎縮しがちです。安心して自分を表現できる場を見つけると良いでしょう。,親しみやすさの中に思慮深さがにじみ、優しくも芯の強い人として見られやすいでしょう。,安定した情緒と責任感で、周囲に安心感を与えるリーダーシップを発揮するでしょう。,感情の波に左右されず冷静に判断する習慣を持つことで、持ち前の共感力がより建設的な支援に繋がります。,感情を表に出すことへの臆病さを克服し、真の慈愛と安定感を持つ大人としての個性を確立する配置。,あなたは多くの経験から学びを得て、大切な自分を慈しむように育みながら、揺るぎない自己を確立していきます。感情の波を乗り越え、真の安定感と慈愛に満ちた大人として、周囲を優しく包み込む存在となるでしょう。
Saturn,Cancer,2,安定した価値観を育み、財産や才能を責任を持って築き上げる,試練を乗り越えながら、自分の価値観を大切に育み、才能や財産を責任感を持って着実に築き上げていくタイプです。,安心できる基盤を築き、大切な財産や才能を責任感を持って守り育てる蓄積力に優れています。,感情的な不安から、物への執着や欠乏感が強まりやすいかもしれません。本当に大切なものを見極める視点を持つと安心です。,自分の大切なものを強く守り、情け深く信頼できる堅実な人という印象を与えやすいです。,家族や生活基盤を守る経済感覚に優れ、不動産や家業で安定した富を築きます。,損得だけでなく心の満足を重視した投資を心がけることで、経済的な安定と精神的な充足を両に入れられます。,家族を守らなければならないという強い責任感から、情緒を排した冷徹な金銭管理を身につける配置。,家族や大切なものを守る強い責任感から、あなたは自身の才能や価値観を大切に育み、着実に財産を築き上げていきます。情緒に流されず培われた堅実な管理能力は、揺るぎない安心感と豊かな循環を生み出す礎となるでしょう。
Saturn,Cancer,3,周りの人々を思いやる学びを深め、言葉に責任を持つ,人との交流を大切にしながら深く学び、言葉に責任を持って、周りの人々を思いやるコミュニケーションを築きます。,相手に寄り添う共感理解力と、言葉に責任を持ち慎重に伝えることで信頼を築くことができます。,感情的になり、過去の出来事に囚われ発言が停滞しがちです。今の気持ちを穏やかに伝える練習をすると良いでしょう。,感情をすぐに言葉にせず、思慮深く選びながら話すため、落ち着いた人として受け取られやすいでしょう。,共感と丁寧な言葉選びで、教育やカウンセリングの場で高い信頼を得て発展するでしょう。,主観だけでなく客観的なデータも取り入れた発信を意識することで、持ち前の説得力が多くの人に届く知恵に変わります。,身近な人への言葉選びに慎重を期し、情緒的な繋がりを論理的に守るための対話術を学ぶ配置。,あなたは周りの人々への深い思いやりから、言葉の一つひとつに責任を持ち、共感を大切にした対話術を身につけていきます。身近な人との情緒的な絆を育みながら、客観性も兼ね備えた信頼されるコミュニケーションの担い手となるでしょう。
Saturn,Cancer,4,家族や大切な居場所を守り育て、安定した心の基盤を築く,困難があっても、家族や心の拠り所となる居場所を大切に守り、責任感を持って安定した基盤を築く性質です。,家族や大切な居場所を責任感を持って守り、皆が安心して過ごせる心の基盤を築く力があります。,家族や身近な関係を大切にしすぎて、感情を抑え込み内にこもりやすいかもしれません。自分の心を開放する時間を持つと良いでしょう。,親しい相手や家族には強い責任感が表れ、頼れる心の支えとして深く信頼されやすいでしょう。,規律ある家庭を築き、家系継承や不動産管理で基盤を守る大切な役割を担うでしょう。,家族への責任感と自分自身の自由のバランスを取ることで、家庭が真の安らぎと成長の場所になります。,家庭内での孤独や厳しいしつけを経験するが、最終的に理想の居場所を自らの責任で守り抜く配置。,あなたは心の拠り所となる居場所や家族を、どんな困難があっても責任感を持って大切に守り抜く人です。献身的な努力を通じて揺るぎない基盤を築き、内なる安定感とともに、開かれた心で豊かな家庭を育んでいくでしょう。
Saturn,Cancer,5,育む視点を持って創造性を発揮し、楽しみながら責任を果たす,育む視点で楽しみや創造性を形にし、恋愛や自己表現においても責任感を持って取り組むことを大切にします。,情熱的な愛情と責任感で、創造的な表現を育み、周りを楽しませる温かい包容力が強みです。,恋愛や楽しみの場面で感情が過敏になり、不安から自己防衛に走りがちです。素直な気持ちを大切に、心を開く練習をしてみましょう。,愛情表現に少し照れが出ますが、その分誠実で一途な人として心に残る印象を与えやすいでしょう。,繊細な感性とこだわりを活かし、教育や情緒豊かな創作で才能を開花させるでしょう。,評価を気にせずありのままの自分を表現する時間を設けることで、自己肯定感が育まれ創造性がさらに輝きます。,感情的な喜びを抑えがちだが、育てることや伝統的な表現に情熱を注ぎ、確かな成果を残す配置。,あなたは育む視点を持って創造性を発揮し、楽しみながら自己表現や恋愛において責任を果たします。伝統的な表現や育成に情熱を注ぎ、確かな成果を残しながらも、見守るような深い愛で喜びを分かち合うでしょう。
Saturn,Cancer,6,日々の仕事や健康管理で、大切なものを守る責任を全うする,日々の仕事や生活の管理を通じて、大切なものを守り育むように責任感を持って、着実に務めを果たすタイプです。,献身的な心で日々の実務や健康を丁寧に管理し、責任感を持って継続的に大切なものを守れます。,日常の心配事が多く、過干渉になりがちです。すべてを抱え込まず、適度に手放すことを意識すると疲労も和らぎます。,相手の状況を察して支える責任感が強く、きめ細やかな面倒見のよさで頼られる傾向があります。,配慮と責任感で、日々の実務や現場をしっかりと支える力があります。,自分を犠牲にせず適度な休息と境界線を意識することで、安定した高いパフォーマンスを無理なく継続できます。,職場の人間関係や環境を家族のように守る責任を負い、献身的な実務で現場を下支えする配置。,あなたは日々の仕事や生活の管理において、大切なものを守り育むように責任感を全うします。職場の環境や人間関係を家族のように献身的に支え、現場の潤滑油として重宝されながら、自らの心身も大切に守り抜くでしょう。
Saturn,Cancer,7,大切な人との絆を守り育て、関係に責任感を持って向き合う,大切な人との絆を育むように、パートナーシップに責任感を持って向き合い、安定した関係を築いていく性質です。,深い共感力で大切な人との絆を守り育て、責任感を持って信頼できる関係を築けるのが強みです。,大切な人との関係で感情が過敏になり、依存や嫉妬から相手を支配しようとしがちです。互いを尊重する関係を心がけると良いでしょう。,一対一の関係では心のつながりを大切に守ろうとし、誠実で信頼できる人として見られやすいでしょう。,誠実な対人態度と交渉力で、長期的な信頼関係が求められる場で成果を上げやすいでしょう。,相手に依存せず自立した個人として互いを尊重し合うことで、お互いに高め合える持続可能な関係が築けます。,パートナーに親のような役割や厳格さを求めがちだが、誠実なケアを通じて深い絆を完成させる配置。,あなたは大切な人との絆を育むように、パートナーシップに深い責任感を持って向き合います。誠実なケアを通じて揺るぎない信頼関係を築き、互いの個性を尊重しながら、安定した愛情に満ちた関係を完成させていくでしょう。
Saturn,Cancer,8,他者との深い絆を大切にし、変化を通じて責任を果たす,人との深い絆を大切に育み、試練や変化を通して、共有する資源や関係に責任感を持って向き合うタイプです。,深い感情を大切に管理し、相手の心を深く洞察することで、困難を乗り越える再生力があります。,深い絆や共有の場面で、感情的な執着や喪失の恐怖を感じやすいでしょう。手放す勇気を持つことで、より豊かな関係が築けます。,深い関係になるほど情と責任感が強く、信頼に基づく固い絆をじっくりと築きやすいでしょう。,組織を守る忍耐力と管理能力を活かし、金融や心理的サポートで実力を発揮するでしょう。,猜疑心を抑え他者とリソースを共有する際の誠実さを養うことで、個人の力を超えた大きな社会的価値を成し遂げられます。,深い親密さへの恐怖を乗り越え、家族や先祖から引き継いだ重い課題を責任を持って解消する配置。,あなたは人との深い絆を大切に育み、共有する資源や関係に対して揺るぎない責任感を持って向き合います。試練や変化を通して心の奥底にある課題を解消し、感情的なもつれを清らかに解き放つことで、真に強固な一体感を築き上げるでしょう。
Saturn,Cancer,9,高い理想を掲げ、大切なものを守るための探求に責任を持つ,困難を乗り越えながら、高い理想を追い求め、大切なものを守るための探求に、責任感を持って取り組む性質です。,共感に基づいた確固たる信念を持ち、大切な理想を守り育てるための探求に責任感を発揮できます。,感情的な思い入れが強すぎると、考え方や信念が偏りがちです。様々な視点を取り入れることで、視野が広がりやすくなります。,自分の信念を感情と責任感をもって語るため、周囲からは情熱的で思いの深い人として受け取られやすいでしょう。,道徳的な哲学と長期視点で、学問や伝統教育、精神的な活動で着実な発展を遂げるでしょう。,抽象的な理想を現実の成果に結びつける意識を持つことで、広い視野が人生を導く力強い知恵となり信頼も高まります。,愛こそが世界の規律であると信じ、精神的な学びを通じて心の安全地帯を理論的に構築する配置。,あなたは大切なものを守るという高い理想を掲げ、精神的な探求に深い責任感を持って取り組むでしょう。慈悲深い価値観を心の拠り所としながら、感情と論理の統合を通じて、揺るぎない信念と知的な心の安全地帯を築き上げていきます。
Saturn,Cancer,10,キャリアを通じて社会に貢献し、人々の暮らしを守る責任,キャリアを通じて社会に貢献し、人々の暮らしを守るという大切な使命を、責任感を持って着実に果たしていくタイプです。,社会において信頼される責任感を持ち、人々を包み込むような温かさで社会貢献できるのが強みです。,社会での評価やキャリアにおいて、家族を優先しすぎたり感情で判断しがちです。客観的な視点を取り入れるとバランスが取れます。,社会的な場では、保護者のような責任感が自然とにじみ出て、面倒見のよい人として見られやすいでしょう。,保護的な責任感が評価され、社会で安定した立場を築き、活躍しやすいでしょう。,結果だけでなく内面的な誠実さを大切にすることで、周囲から心から尊敬される真の指導者となれるでしょう。,大衆をケアする役割を社会的な重責として担い、人々に安心を与える権威として成功する配置。,あなたは人々の暮らしを守るという強い使命感を胸に、キャリアを通じて社会へ貢献していきます。大衆をケアする温かい責任感を果たすことで、慕われるリーダーとして確かな社会的権威と安心感を築き上げるでしょう。
Saturn,Cancer,11,仲間や理想を守り、社会貢献へ責任感を持って取り組む,困難の中でも、仲間や理想を大切に守り、コミュニティや社会貢献に責任感を持って着実に取り組んでいく性質です。,共感力で仲間を深く理解し、未来への理想を守り育てるために責任感を持って支援できる包容力があります。,仲間との関係で感情が過敏になり、身内を優先しすぎたり、集団に依存しがちです。個々の意見を尊重する意識を持つと良いでしょう。,仲間の中では自然と支え役や保護者になり、グループ全体の安定を守る頼もしい存在として慕われるでしょう。,仲間との絆を大切にし、コミュニティ運営や地域貢献で実務的なリーダーシップを発揮するでしょう。,現状の安定に満足せず未来への変化を仲間と共に受け入れることで、より普遍的で大きな目的を達成できるようになります。,感情的に繋がれる限られた仲間を大切にし、家族のような強固なコミュニティを維持する配置。,あなたは困難の中でも、家族のように感情的に繋がれる仲間や大切な理想を責任感を持って守り抜きます。強固なコミュニティを築きながら、内なる団結力を社会貢献へと繋げ、開かれた心で未来を創造していくでしょう。
Saturn,Cancer,12,内面と向き合い、心の奥底で大切なものを守る責任を全うする,試練を乗り越えながら内面と深く向き合い、心の奥底で大切なものを守り抜くことに責任感を持って取り組む性質です。,内面と深く向き合い、心の奥底で大切なものを守り育てる精神的な包容力と直感力に優れています。,無意識のうちに感情が迷走し、傷つきやすさから現実逃避しがちです。自分の心と向き合い、癒す時間を大切にしましょう。,表には出さずとも内面には深い責任感があり、陰でそっと人を守るような温かい存在として映るでしょう。,豊かな想像力と本質を見抜く力で、カウンセリングや裏方支援で安定した活躍をします。,孤独を恐れず内省の時間を豊かに育むことで、潜在意識にある知恵を現実世界で活かす具体的な方法が湧いてくるでしょう。,内面の繊細な感情を厳しく律し、一人の時間で孤独を浄化することで、深い精神的守護を得る配置。,あなたは内面の繊細な感情と深く向き合い、心の奥底で大切なものを守り抜くという責任感を全うします。孤独な思索を通じて悲観的な感情を浄化し、深い精神的な守護を得ながら、揺るぎない心の平和を築き上げるでしょう。
Saturn,Leo,1,自分らしさを情熱的に表現し、責任感を持って自己を確立する,試練を乗り越えながら、情熱的に自分らしさを表現し、責任感を持って揺るぎない自己を確立していくタイプです。,自分らしさを情熱的に表現し、責任感を持って周囲を統率しながら自己を確立する強さがあります。,自分のプライドを守ろうとしすぎて、自己表現が硬直したり承認に執着しがちです。ありのままの自分を受け入れると楽になります。,堂々とした振る舞いの中に自制心が宿り、気品と落ち着きのある人として見られやすいでしょう。,堂々とした存在感と自己規律で、表現やクリエイティブな分野で確固たる地位を築くでしょう。,自信を持ちつつも周囲の意見に耳を傾ける柔軟さを養うことで、統率力が多くの人から信頼されるカリスマ性へと変わります。,自己表現へのコンプレックスを克服し、時間をかけて本物の威厳とカリスマ性を備えた個性を築く配置。,あなたは情熱的に自分らしさを表現し、責任感を持って揺るぎない自己を確立していく人です。時間をかけて本物の威厳とカリスマ性を備えた個性を築き上げ、周囲と調和しながら圧倒的な存在感を発揮するでしょう。
Saturn,Leo,2,情熱を注いで新たな価値を創造し、豊かさを責任を持って築く,自分の才能に情熱を注ぎ、新たな価値を生み出すことで、豊かさを責任感を持って着実に築き上げていく性質です。,情熱を注いで新たな価値を創造し、揺るぎない自己信頼で豊かさを着実に築き上げる力があります。,見栄を張ってしまい、物やお金に緊張感を感じやすいかもしれません。本当に価値あるものを見極める冷静な視点を持つと安心です。,自分の価値観や誇りを大切に守り、言動に一貫性のある筋の通った人という印象を与えやすいでしょう。,自己表現を収益に変える力で、芸術やエンタメ、独自の才能を活かす実務で安定を築きます。,手元の資源を守るだけでなく次世代への投資も考慮に入れることで、物質的な安定と社会的な賞賛を同時に手に入れられます。,自らの才能を過小評価せず、誇りを持てる実績を積むことで、揺るぎない自己価値と富を確立する配置。,あなたは自身の才能に情熱を注ぎ、新たな価値を創造することで、責任感を持って豊かさを着実に築き上げていきます。誇りを持てる実績を積み重ね、盤石な自己価値と富を確立しながら、賢明な管理でその豊かさを守り抜くでしょう。
Saturn,Leo,3,表現豊かな学びを通して、言葉に責任を持ち周囲を導く,表現することへの情熱を持ち、学びを深めながら、言葉に責任感を持って周りの人々を導いていくタイプです。,表現豊かな言葉で周囲を導き、伝えることに責任を持ち、人々の思考をまとめていけるのが強みです。,注目されたい気持ちから発言を誇張し、自己主張が強くなりがちです。落ち着いて話すことで、信頼感が深まるでしょう。,言葉に重みと節度があり、軽々しい発言はせず、信頼のおける話し方をする人として受け取られやすいです。,説得力ある言葉と情熱的な伝達力で、教育や講演、表現活動で高い信頼を得て発展するでしょう。,正論だけでなく相手の感情に配慮した表現を心がけることで、持ち前の説得力が温かなものになり協力体制が整います。,派手な言葉に頼らず、内容の伴う重厚な発信を心がけることで、知的な信頼と影響力を得る配置。,あなたは表現することへの情熱を学びの原動力とし、言葉の一つひとつに責任感を持って周囲を導きます。内容の伴う重厚な発信で知的な信頼と影響力を築き、思慮深く他者の意見にも耳を傾けることで、真のリーダーシップを発揮するでしょう。
Saturn,Leo,4,家族や居場所を情熱的に築き上げ、安定した心の基盤を固める,情熱を持って家族や大切な居場所を築き、どんな困難があっても、揺るぎない心の基盤を責任感で固める性質です。,家族や大切な居場所を情熱と責任感で守り、温かい心で揺るぎない心の基盤を築き上げます。,家庭内でプライドが衝突しやすく、感情を誇張したり支配的になりがちです。家族の意見を尊重し、穏やかな対話を心がけましょう。,親しい人には責任感と誇りをもって接し、家庭や身近なコミュニティで頼りになる存在となりやすいでしょう。,規律と誇りある家庭を築き、家族の才能を育む活動や家計管理で真価を発揮するでしょう。,家庭の中に安らぎと笑顔を保つ工夫をすることで、責任感と内面の安らぎがバランスよく両立し心の拠り所となります。,家庭内で主導権を握る責任を負い、威厳のある家主として家族を導き、盤石な基盤を作る配置。,あなたは情熱を持って家族や大切な居場所を築き、どんな困難があっても揺るぎない心の基盤を責任感で固めます。威厳と包容力のある家主として家族を導き、皆が主役となれる明るく盤石な家庭を築き上げていくでしょう。
Saturn,Leo,5,創造的な情熱を真摯に育み、喜びを形にする責任を果たす,創造性への情熱を大切に育み、楽しみや自己表現を通じて、喜びを形にする責任感を着実に果たすタイプです。,創造的な情熱を真摯に育み、喜びや楽しみを形にするための表現力と責任感に優れています。,恋愛や創造の場で、承認欲求から自己を抑圧し不器用になりがちです。素直な気持ちを大切に、自由に表現する喜びを味わいましょう。,自己表現は控えめながらも、真面目で本気度の高い魅力として、周囲に深く印象を残しやすいでしょう。,圧倒的なこだわりと技巧を活かし、演劇やデザインなど完成度の高い表現で才能を確立します。,楽しみを仕事のように捉えず純粋にリラックスする時間を設けることで、自己肯定感が育まれ創造性がさらに輝きます。,注目されることへの恐怖を捨て、ストイックな自己研鑽を通じて、唯一無二の表現者として完成する配置。,あなたは創造性への情熱を真摯に育み、自己研鑽を重ねることで、唯一無二の表現者として喜びを形にする責任を果たします。注目されることを恐れず、心から楽しむ姿勢を大切にすることで、持続的な成功と豊かな自己表現を実現するでしょう。
Saturn,Leo,6,仕事に情熱を注ぎ、創造的に実務をこなし責任を果たす,仕事に情熱を傾け、創造性を発揮しながら、日々の実務や責任を粘り強く着実に果たしていくタイプです。,仕事に情熱を注ぎ、創造的に実務をこなしながら、責任感を持って主導的に改善を進める力があります。,仕事で評価を強く求め、完璧主義から周囲に厳しくなりがちです。力を抜いて、協調性を大切にすると良い成果に繋がります。,仕事や役割において責任を強く背負い、頼りになる存在感のある実務家として高く評価されやすいでしょう。,誇りを持って自分の役割を果たし、実務を通して周囲をしっかりと支えるでしょう。,自分や周囲に完璧を求めすぎず適度なゆとりを持つことで、安定した高いパフォーマンスと良好な関係を両立できます。,クリエイティブな仕事の現場でリーダーとしての責任を負い、実力で周囲を認めさせる配置。,あなたは仕事に深い情熱を注ぎ、創造性を発揮しながら日々の実務や責任を粘り強く果たしていきます。クリエイティブな現場でリーダーシップを発揮し、周囲から実力を認められながらも、健全なペースで成果を築き上げていくでしょう。
Saturn,Leo,7,喜びを分かち合う関係を築き、パートナーシップに責任を持つ,人との関係に情熱と喜びを見出し、パートナーシップにおいては、揺るぎない責任感を持って向き合う性質です。,喜びを分かち合う関係を情熱的に築き、責任感と誠実さで、揺るぎない信頼関係を育めます。,対人関係で主役意識が強く、プライドの衝突から関係が硬直しやすいでしょう。相手の意見を尊重し、歩み寄る意識を持つと安心です。,一対一の関係では誠実さと自尊心が表れ、相手に真剣な対応を求めるような存在として映りやすいでしょう。,誠実な対人態度と社交性で、長期的な提携やパートナーシップを成功させ発展するでしょう。,相手をコントロールせず自立した個人として尊重することで、お互いに高め合える持続可能な関係が築けるでしょう。,華やかな相手に引け目を感じがちだが、互いのプライドを尊重し合う高潔なパートナーシップを築く配置。,あなたは人との関係に情熱と喜びを見出し、パートナーシップには揺るぎない責任感を持って向き合います。互いのプライドと尊厳を尊重し合う高潔な絆を築き上げ、共に喜びを分かち合いながら、ドラマチックで豊かな関係性を育むでしょう。
Saturn,Leo,8,変化を恐れず創造的に対応し、人との深い絆に責任を果たす,変化を恐れず、情熱的に人との深い絆を築き、共有する資源や関係に責任感を持って向き合うタイプです。,変化を恐れず創造的に対応し、深い絆に責任を果たしながら、強い意志で再生を導く洞察力があります。,深い関係において、支配欲や執着から極端な防衛に走りがちです。信頼を基盤に、相手を尊重する姿勢が絆を深めるでしょう。,深い関係では誇りと覚悟をもって向き合い、重みのある真剣で強固な絆を築きやすいでしょう。,組織の再生能力と深部理解で、資産管理や事業承継、困難な実務で真価を発揮し大成します。,猜疑心を抑え他者とリソースを共有する際の誠実さを養うことで、個人の力を超えた大きな社会的価値を成し遂げられます。,共有するエネルギーの劇的な変容を責任持って管理し、魂を磨く深い絆を通じて自己を刷新する配置。,あなたは変化を恐れることなく、情熱的に人との深い絆を築き、共有する資源や関係に責任感を持って向き合います。魂を磨くような変容のプロセスを通じて自己を刷新し、その強烈な影響力を建設的に活かすことで、新たな価値を創造していくでしょう。
Saturn,Leo,9,高い理想を掲げ、情熱を持って真理を探求し責任を果たす,高い理想を掲げ、情熱と責任感を持って真理を探求し、困難があっても揺るぎない信念を築き上げていくタイプです。,高い理想を掲げ、情熱的に真理を探求し、責任感を持って周囲を導く揺るぎない信念が強みです。,自分の考えを誇張し、独善的になりやすい傾向があります。他者の意見にも耳を傾けることで、学びがさらに深まるでしょう。,自分の信念や理想を真摯に磨き、その信条を真剣に生きる誠実な人として見られやすいでしょう。,独創的な哲学と長期視点で、学問研究や法律、社会基盤を支える教育で着実な発展を遂げるでしょう。,抽象的な概念を現実的な成果に結びつける意識を持つことで、広い視野が人生を導く力強い知恵となり信頼も高まります。,高潔な理想を空論に終わらせず、厳格な学びを通じて普遍的な真理へと体系化する配置。,あなたは高い理想を掲げ、情熱と責任感を持って真理を探求し、揺るぎない信念を築き上げていきます。厳格な学びを通じて普遍的な真理を体系化し、具体的な実践を伴う誠実な姿勢で、多くの人々からの真の信頼を獲得するでしょう。
Saturn,Leo,10,創造性を社会貢献に活かし、キャリアを通じて責任を果たす,創造性を発揮して社会に貢献し、キャリアを通じて、情熱と責任感を持って公的な役割を果たしていくタイプです。,創造性を活かし社会に貢献することで、責任感と実績を伴う確固たるリーダーシップを発揮できます。,社会的な場で評価に執着し、支配的になりがちです。謙虚な姿勢を心がけ、周囲との調和を大切にすると、より尊敬されるでしょう。,社会的な場では責任感を伴う存在感が際立ち、厳格でありながらも頼れるリーダーとして見られやすいでしょう。,責任感と存在感が評価され、キャリアを通じて中心的な立場で活躍しやすいでしょう。,名声に執着せず内面的な真理に従って行動することで、周囲から心から尊敬される指導者としての地位を不動にできます。,社会的な成功を自らの誇りと定め、一切の妥協を排して頂点へと登り詰め、権威を確立する配置。,あなたは創造性を社会貢献に活かし、キャリアを通じて情熱と責任感を持って公的な役割を果たします。一切の妥協を排して頂点を目指すことで揺るぎない権威を確立し、周囲との協調を大切にしながら持続的な成功を築き上げるでしょう。
Saturn,Leo,11,仲間と喜びを分かち合い、未来へ向けた創造に責任を持つ,仲間と喜びを分かち合いながら、未来へ向けた理想を情熱的に創造し、責任感を持って着実に実現していく性質です。,仲間を鼓舞する先導力と、未来への創造に責任感を持って取り組み、素晴らしい企画を統率できます。,仲間との活動で注目を集めたい気持ちから独走しがちです。みんなで協力し、それぞれの役割を尊重することで、チームが輝きます。,仲間の中では自ら責任を背負い、集団全体の結束を引き締める、縁の下の力持ちのような存在になりやすいでしょう。,現実的なビジョンと仲間への責任感で、大規模な組織や社会変革でリーダーシップを発揮します。,現状の安定に満足せず未来への変化を仲間と共に受け入れることで、より普遍的で大きな目的を確実に達成できるようになります。,才能ある仲間を厳選して率い、ドラマチックな未来を現実化するための組織的な土台を作る配置。,あなたは仲間と喜びを分かち合いながら、未来へ向けた理想を情熱的に創造し、責任感を持って着実に実現していきます。才能ある仲間たちを率いて組織的な土台を築き、丁寧な合意形成を通じて革新的な連帯を主導するでしょう。
Saturn,Leo,12,内なる情熱と向き合い、心の奥底で創造的な責任を果たす,試練の中で内なる情熱と向き合い、心の奥底にある創造性を責任感を持って形にし、癒やしを求めるタイプです。,内なる情熱と向き合い、心の奥底で創造的な責任を果たす、揺るぎない自己信念が強みです。,心の奥底でプライドが高まり、孤高になって現実逃避しがちです。無理せず、自分の内面とゆっくり向き合う時間を持ちましょう。,表立って華やかさを出さずとも、内面の強い誇りから静かな威厳を感じさせる人として映りやすいでしょう。,静かな自己探求と実務能力で、匿名での社会貢献や精神的な基盤整備で活躍を広げるでしょう。,孤独を恐れず内省の時間を豊かに育むことで、潜在意識にある知恵を現実世界で役立てる具体的な方法が湧いてくるでしょう。,内面にある肥大したエゴを静かに統制し、孤独な場所で真の創造性を密かに磨き上げる配置。,あなたは試練の中で内なる情熱と深く向き合い、心の奥底にある創造性を責任感を持って形にすることで癒やしを見出します。孤独な場所で真の創造性を密かに磨き上げ、健全なアウトプットを通じて、内なる威厳と精神的な豊かさを獲得するでしょう。
Saturn,Virgo,1,自己を分析し磨き上げ、責任感を持って自分らしさを確立する,自分自身を深く分析し磨き上げながら、責任感を持って揺るぎない自己を確立し、誠実な第一印象を与える性質です。,自分自身を客観的に分析し、責任感を持って改善を重ねることで、自己を確立できる能力があります。,完璧主義になりやすく、自己批判で自分を追い込みがちです。時には肩の力を抜き、自分に優しく接する時間を大切にしましょう。,きちんとした振る舞いが自然と表れるため、誠実で細やかな気配りができる人として見られやすいでしょう。,緻密な分析力と自己管理能力で、専門技術や調査研究の場で着実な地位を築くでしょう。,自分に厳しくなりすぎず適度な柔軟性を養うことで、持ち前の有能さが周囲を安心させる指導力へと変わります。,過度な批判精神を自己規律に変え、緻密で非の打ち所がない有能な個性を完成させる配置。,あなたは自分自身を深く分析し磨き上げることで、責任感を持って揺るぎない自己を確立していきます。緻密で有能な個性は多くの人から信頼されますが、柔軟な意識で変化を受け入れることで、さらなる成長と誠実な魅力を放つでしょう。
Saturn,Virgo,2,才能を磨き、価値を高める責任を果たす,自分の才能を分析し、着実に磨き上げることで、責任感を持って自己価値や収入を築き上げていくタイプです。,計画性と優れた管理能力で、大切な才能や資源を磨き上げ、着実に価値を高める責任感に優れています。,欠乏不安から節約しすぎたり、細部にこだわりすぎてしまいがちです。心の豊かさを大切に、バランスの取れた選択を心がけましょう。,自分の価値観を現実的に見極め管理し、堅実で揺るぎない信頼感を相手に与えやすいでしょう。,実利的な金銭感覚と管理能力で、財務や分析、緻密な計算を要する仕事で安定を築きます。,手元の数字だけでなく長期的な可能性に目を向けることで、物質的な安定と精神的な満足を同時に得られるでしょう。,一円の無駄も許さない徹底した管理能力を身につけ、実務的なスキルを確かな資産に変える配置。,あなたは自身の才能を深く分析し、着実に磨き上げることで、責任感を持って自己価値と収入を築き上げていきます。徹底した管理能力で実務的なスキルを確かな資産に変え、無駄のない財政基盤を築きながら、チャンスを活かす賢明な選択ができるでしょう。
Saturn,Virgo,3,学びを深め、伝え方を改善する責任を担う,論理的に学びを深め、言葉や伝え方を改善しながら、責任感を持って周りとのコミュニケーションを築く性質です。,論理的な分析力と整理された知性で、学びを深め、明確に伝える責任感と改善能力に長けています。,思考が過多になり神経質に、批判的な発言をしてしまいがちです。言葉を選ぶ前に一呼吸置くことで、円滑なコミュニケーションに繋がります。,言葉に整理力と正確さが表れ、丁寧で筋道の通った話し方をする人として好意的に受け取られやすいでしょう。,正確で論理的なコミュニケーションで、実務教育やライティングの場で高い信頼を得て発展するでしょう。,正論だけでなく相手の感情に配慮した表現を心がけることで、持ち前の説得力が温かなものになり協力体制が整います。,情報の正誤を厳格に選別する責任を負い、正確無比な伝達者として周囲の混乱を整える配置。,あなたは論理的に学びを深め、言葉や伝え方を改善しながら、責任感を持って周囲とのコミュニケーションを築きます。正確無比な伝達者として混乱を整え、多くの人から言語的な信頼を得る一方で、心の通う深い交流を大切にするでしょう。
Saturn,Virgo,4,家庭や心の基盤を整え、安定を築く責任,家庭環境や心の基盤を分析し、整えることで、どんな困難があっても安定を築き、責任を果たすタイプです。,家庭や心の基盤を整え、実務能力と継続的な管理で、安心できる安定した居場所を築く責任感があります。,家庭のことで心配しすぎたり、細部まで干渉し批判的になりがちです。家族の自主性を尊重し、見守ることで心の安定が深まります。,身近な関係ほど細やかな責任感が表れるため、暮らしを丁寧に整える頼れる存在として慕われるでしょう。,規律ある家庭を築き、家族の健康や家計管理など生活基盤を支える実務で真価を発揮します。,家庭の中に安らぎと余裕を保つ工夫をすることで、責任感と内面の安らぎがバランスよく両立し心の拠り所となります。,家族の健康管理や日常の不備を完璧に整える役割を担い、清潔で秩序ある家庭を維持する配置。,あなたは家庭環境や心の基盤を深く分析し、どんな困難があっても安定を築き、責任を果たす人です。清潔で秩序ある居住空間を完璧に整え、家族の健康と平穏を守りながら、開かれた心で外部の価値観も受け入れる豊かさを育むでしょう。
Saturn,Virgo,5,創造性を磨き、細部にこだわり表現する責任,創造性を細部にまでこだわって磨き上げ、楽しみや自己表現に責任感を持って取り組み、形にする性質です。,繊細な表現力と細部にこだわる技巧を鍛錬し、創造的な楽しみを責任感を持って形にするのが得意です。,恋愛や楽しみの場面で分析しすぎたり、批判的になって気疲れしがちです。完璧でなくても、素直に喜びを感じることを大切にしましょう。,自己表現は慎重になりやすいですが、その上品さと誠実さが魅力として深く印象に残るでしょう。,職人気質のこだわりと卓越した技巧で、伝統芸能や精密な創作活動で才能を確立するでしょう。,楽しみを分析しすぎず純粋にリラックスする時間を設けることで、自己肯定感が育まれ創造性がさらに輝きます。,遊びの中にさえ完璧さを求め、職人的な技術を磨き上げることで、高度な創作活動を完遂する配置。,あなたは創造性を細部にまでこだわり磨き上げ、楽しみながら自己表現に責任感を持って取り組む人です。職人的な技術で高度な創作活動を完遂し、知的な喜びを追求するだけでなく、対象への深い愛着を育みながら真の傑作を生み出すでしょう。
Saturn,Virgo,6,日々の業務を効率化し、責任感を持って改善する,日々の仕事や習慣を分析し、効率化することで、責任感を持って改善し、着実に奉仕の役割を果たすタイプです。,日々の実務を効率的に管理し、責任感を持って改善を重ねることで、安定した長期成果を生み出すことに優れています。,完璧を追求しすぎて、神経過敏になり過労に陥りやすい傾向があります。適度に休息を取り、自分を労わることを忘れないでください。,日常や仕事の場で抜群の責任感を発揮し、有能で信頼されるプロフェッショナルとして高く評価されやすいでしょう。,高い正確さと管理意識で、日々の業務を着実に支える力があります。,完璧を求めすぎず適度なゆとりを持つことで、安定した高いパフォーマンスと良好な人間関係を築けるでしょう。,完璧主義ゆえの過労に注意しつつ、実務の現場で絶対的な秩序を作り出す「管理の達人」となる配置。,日々の業務や習慣を深く見つめ、持ち前の実務的な分析力と強い責任感で、より効率的で質の高い改善へと導きます。周囲の信頼を厚く得られますが、完璧を追求するあまり他者に厳しくなりすぎず、温かい心でチーム全体の成長を見守ることが、あなたの真の強みとなるでしょう。
Saturn,Virgo,7,人との関係を丁寧に分析し、良好な関係を築く責任,人との関係を深く見つめ、責任感を持って安定したパートナーシップを築いていくタイプです。,人との関係性を丁寧に分析し、協働の責任を果たすことで、安定した良好な人間関係を築くことに長けています。,人間関係で相手に完璧を求めすぎると、批判的になり神経が疲れがち。相手の多様性を認める心の余裕が大切です。,一対一の関係では相手への配慮と責任感が強く、誠実で丁寧な人として信頼されやすいでしょう。,誠実な交渉力と安定した関係性で、長期的な契約やパートナーシップを築き、発展するでしょう。,相手を分析しすぎず自立した個人として尊重することで、お互いを高め合える持続可能な関係を築けるでしょう。,対人関係に潔癖さと誠実さを求め、互いの生活を実務的に支え合える堅実な絆を築く配置。,あなたは、人との関係性を深く丁寧に分析し、互いを支え合う安定したパートナーシップを築くことに、強い責任感と誠実さを感じます。確かな協力関係を築き上げる一方で、時に人間関係が事務的になりがちなので、心からの深い交流を大切にすることで、より豊かな絆が育まれるでしょう。
Saturn,Virgo,8,深い関係性や変化に真摯に向き合い、改善する,共有する財産や深い絆について真剣に考え、責任感を持って確かな土台を築くタイプです。,物事の本質を深く洞察し、変化の過程を丁寧に分析することで、課題を着実に改善する再生力が強みです。,物事や人との深い関係において、分析しすぎて疑心暗鬼になりがち。時には流れに身を任せ、心を休ませましょう。,深い関係ほど相手を慎重に観察し、信頼できる人だけに心を開く傾向があります。,組織の深部を理解し再生させる力で、資産管理や困難な状況からの再生を成功させ大成します。,猜疑心を抑え、他者と誠実に協力することで、個人の力を超えた大きな社会的価値を成し遂げられるでしょう。,共有財産や絆の細部までを厳格に管理する責任を負い、実務的な処理を通じて問題を解決する配置。,共有する財産や深い絆、そして人生における大切な変容のプロセスに、あなたは真摯に向き合い、責任感を持って確かな土台を築き上げます。細部にわたる分析力で実務的な問題解決に長けていますが、独占欲を手放し、公平な管理を心がけることで、周囲からの信頼は一層深まるでしょう。
Saturn,Virgo,9,専門知識を深め、探求心を活かし改善に努める,専門知識や哲学的な探求に真摯に向き合い、学んだことを着実に自分のものにしていくタイプです。,物事を深く探究し、論理的な分析力と理解力で、知を体系化して長期的な成果へとつなげられます。,学ぶことに対し、理屈にこだわりすぎて他者の意見を批判しがち。様々な視点を取り入れることで、視野が広がります。,自分の考えや信念を理性的に深く掘り下げ、筋道の通った思想を持つ人として評価されやすいでしょう。,実践的な知識と長期的な視点で、学術研究や教育の場で社会の基盤を支えるでしょう。,抽象的な概念を現実の成果に結びつけることで、広い視野が人生を導く力強い知恵となり信頼も深まるでしょう。,実用的な専門知識をストイックに究め、膨大なデータを整理して普遍的な理論へと構築する配置。,あなたは専門知識や哲学的な探求に対し、持ち前の実務的な分析力で真摯に向き合い、学んだことを着実に自身の揺るぎない知恵へと昇華させます。実用的な専門性を深く極めることができますが、単なる情報収集に終わらず、その知識を人生の普遍的な哲学として深めていくことで、あなた自身の世界観はより豊かになるでしょう。
Saturn,Virgo,10,社会的役割を全うし、目標達成のために業務を改善する,社会での自分の役割を深く考え、責任感を持って実務を改善し、着実に目標を達成するタイプです。,自身の社会的役割を深く理解し、実務を責任感を持って改善し続けることで、揺るぎない信頼と成果を築けます。,社会的な役割を完璧にこなそうと頑張りすぎ、評価が気になりがち。時には力を抜いて、過程を楽しむことも大切です。,社会的な場では細部まで責任を持って整え、周囲からは頼れる実務派として深く信頼されやすいでしょう。,高い実務能力と責任感で、社会的な役割を全うし確固たる信頼を築きやすいでしょう。,名声に執着せず内なる真理に従って行動することで、周囲から心から尊敬される指導者としての地位を築けるでしょう。,卓越した実務能力と分析力を社会的な武器にし、有能な専門家として揺るぎない地位を得る配置。,社会における自身の役割を深く自覚し、卓越した実務能力と分析力で業務を改善しながら、着実に目標を達成していくことに大きな責任を感じます。揺るぎない地位と信頼を築くことができる一方で、その地位の維持に固執しすぎず、常に時代のニーズに合わせて価値観を更新していく柔軟性が、あなたの成功をさらに盤石なものにするでしょう。
Saturn,Virgo,11,仲間との協力体制を整え、より良い未来を共につくる責任,仲間との関係やコミュニティのあり方を丁寧に考え、理想の未来像を責任を持って実現していくタイプです。,組織内の協力体制を緻密に調整し、責任感を持って計画的に実務を遂行することで、未来への成果を生み出せます。,仲間に対し完璧を求めすぎ、批判的になり神経をすり減らしがち。互いの違いを認め、寛容な心を持つと良いでしょう。,仲間との関係では調整役や実務役を担い、グループを現実的に支える存在として頼りにされやすいでしょう。,現実的なビジョンと仲間への責任感で、組織運営や社会変革を導くリーダーシップを発揮します。,現状に満足せず未来への変化を仲間と受け入れることで、より普遍的で大きな目的を確実に達成できるでしょう。,具体的な社会改善を掲げる仲間と協力し、無駄のない計画的なネットワークを運営する配置。,あなたは、仲間との関係性やコミュニティのあり方を深く丁寧に分析し、理想とする未来像を責任感を持って着実に実現していくことに、大きな喜びを感じます。具体的な社会改善に貢献できる才能がありますが、独断に走らず、組織内のメンバーと心からの対話を重ねることで、より強固で持続可能な協力体制を築き上げることができるでしょう。
Saturn,Virgo,12,内面と深く向き合い、心の状態を整える責任,自分の内面と深く向き合い、無意識の課題を一つずつ丁寧に乗り越え、心の土台を築くことに責任を感じるタイプです。,自分と深く向き合い、内面を冷静に分析して精神を整理することで、心の安定と癒しを生み出す力があります。,自分の内面を深く考えすぎると、自己批判に陥り不安が増幅しがち。ありのままの自分を受け入れる優しさを持ちましょう。,表には控えめでも内面で深く考え抜き、静かに全体を整えサポートする人として受け入れられやすいです。,静かな環境での自己探究と実務能力を活かし、社会貢献や精神的な基盤整備で活躍します。,孤独を恐れず内省の時間を大切に育むことで、潜在意識の知恵を現実世界で活かす具体的な方法が見つかるでしょう。,内面にある完璧主義を浄化し、人知れず他者をサポートする奉仕を通じて精神的な平安を得る配置。,あなたは自分の内面や潜在意識と深く向き合い、心の奥底にある課題を一つずつ丁寧に乗り越え、揺るぎない精神的な土台を築くことに、強い責任感と使命を覚えます。内面の規律を保ちながら精神的な平安を得られますが、溜め込んだ感情を抑圧しすぎず、芸術活動などを通して表現することで、より深い心の解放と自己理解へと繋がるでしょう。
Saturn,Libra,1,周囲との調和を大切にしながら、自分らしさを確立する,周囲とのバランスを大切にしながら、責任感を持って自分らしいスタイルや第一印象を確立していくタイプです。,周囲との調和を大切にしながら、責任感を持って自分らしい表現を確立し、安定した関係性を築くことに優れています。,周りの意見を優先しすぎて、自分の意見が言えず優柔不断になりがち。あなたの個性を大切に表現すると良いでしょう。,落ち着いた上品な社交性が自然とにじみ出て、周囲からは感じがよく礼儀正しい人という印象を与えやすいです。,洗練された社交性と公平な判断力で、対人交渉や調和が必要な現場でチャンスを掴みます。,自分の意見を後回しにせず対等に主張する勇気を持つことで、幸運がさらに確実なものとなるでしょう。,社交への苦手意識を克服し、洗練された品格と公平な判断力を持つ、調和のとれた個性を確立する配置。,周囲との調和を大切にしながら、あなたは自分らしいスタイルや第一印象を責任感を持って確立し、洗練された品格と公平な判断力で信頼を集めます。礼儀正しく誠実な振る舞いは周りに安心感を与えますが、他者の視線を気にしすぎて自分自身の決断を躊躇しないよう、内なる声にも耳を傾けることが大切です。
Saturn,Libra,2,才能を活かし、公平な価値交換で財産を築く責任,自分の才能を活かし、公平な価値交換を通じて、着実に豊かさと自己価値を築くことに責任を感じます。,優れた美意識とバランス感覚で、物事の価値を公平に見極め、責任感を持って安定した財産を築くのが得意です。,見栄や評価を気にしすぎて、お金の使い方に迷いが生じやすい傾向です。本当に大切なものを見極める習慣が大切です。,自分の価値観をバランス感覚を大切にしながら守るため、上品で堅実な人という印象を与えやすいでしょう。,バランスの取れた価値基準を活かし、美的センスや対人スキルを収益に変えていくでしょう。,物質的な価値に加え自分自身の納得感も大切にすることで、経済的安定と精神的充足を同時に得られるでしょう。,美意識や対人スキルをストイックに磨き、洗練された方法で安定した経済基盤を築く配置。,あなたは、自身の才能や美意識、そして洗練された対人スキルを活かし、公平な価値交換を通じて着実に豊かさと自己価値を築き上げることに深い責任を感じます。バランスの取れた金銭管理で安定した経済基盤を維持できますが、外聞や見栄のための支出を律する自制心を養うことで、真に豊かな人生を創造できるでしょう。
Saturn,Libra,3,公平な視点で学び、調和的な対話と発信に努める,公平な視点から学びを深め、調和を大切にした対話を通じて、着実に知識を自分のものにするタイプです。,公平な視点と調和的な対話で物事を深く考え、責任感を持って人々に伝え、説得力のある発信ができる強みです。,周りに合わせようとしすぎて、自分の意見が曖昧になりがち。時には自分の考えを伝える勇気も大切です。,言葉遣いに配慮と節度があり、穏やかで理性的な話し相手として周囲から信頼されやすいでしょう。,洗練された言葉と公平な伝達力で、仲介や交渉、情報整理の職種で才能を発揮するでしょう。,表面的な美しさだけでなく本音で議論する姿勢を養うことで、持ち前の説得力がさらに多くの人の心を動かすでしょう。,客観的で公平な情報のやり取りを自らに課し、言葉による調和をもたらす調整役として活躍する配置。,あなたは公平な視点から学びを深め、調和を大切にした対話を通じて知識を着実に自分のものとし、洗練されたコミュニケーションで周囲に安定をもたらします。公平な情報伝達によって仲裁役として重宝されますが、誰にでも良い顔をする八方美人な態度にならないよう、時には明確な意思表示をすることで、揺るぎない信頼を築けるでしょう。
Saturn,Libra,4,家庭や心の基盤を整え、安心できる調和を築く責任,家庭や心の安定を何よりも大切に考え、安心できる調和の取れた土台を責任感を持って築いていくタイプです。,心の基盤や家庭環境を美意識と責任感を持って整え、安心できる調和と安定した居場所を築くことに優れています。,家庭内で衝突を避けすぎ、問題が解決しにくくなることも。安心して意見を伝えられる環境を心がけると良いでしょう。,親しい間柄でも均衡と礼節を重んじるため、落ち着いて安心できる人間関係を築きやすいでしょう。,論理的な視点で安心できる基盤を築き、生活向上や不動産関連の実務で発展を遂げるでしょう。,家族に気を遣いすぎず本音で交流することで、家庭内での信頼が深まり、より大きな安心感が生まれるでしょう。,家庭内の不調和を調整する重責を担い、美的なバランスと平和が保たれた居場所を維持する配置。,あなたは家庭や心の安定を何よりも大切に考え、安心できる調和の取れた土台を築くことに強い責任感を抱き、家族間の礼節と平和を維持する役割を自然と担います。安定した住環境を整えることができますが、表面的な平穏を守るあまり本音を抑圧しすぎないよう、心を開いた対話を大切にすることで、より深い安心感が生まれるでしょう。
Saturn,Libra,5,美的感覚を活かし、調和の取れた創造性を表現する,美的センスを活かした自己表現や創造活動を通して、喜びや楽しみを安定して形にすることに責任を感じます。,優れた美的感覚で調和の取れた創造性を表現し、責任感を持って楽しみを追求することで、安定した成果を生み出せます。,恋愛や創作で、相手の評価を気にしすぎて自分を見失いがち。心のまま、ありのままの魅力を表現すると良いでしょう。,自己表現は品と慎重さがあり、控えめながらも洗練された魅力として周囲に印象を残しやすいでしょう。,卓越した美的センスと社交性で、芸術やイベント企画、デザイン分野で才能を爆発させます。,楽しみを他者と比較せず、自身の純粋な表現を追求することで、時代を超えて輝く確かな実績を築けるでしょう。,社交的な場での振る舞いを厳しく律し、洗練された調和を重んじる創作や遊びを完遂する配置。,あなたは持ち前の美的センスと調和的な対人感覚を活かし、自己表現や創造活動を通して、喜びや楽しみを安定して形にすることに深い責任を感じます。時間をかけて洗練された独自の表現を完成させる才能がありますが、他者の評価を恐れて自由な感性を制限しないよう、内なる創造性を伸びやかに解き放つことが大切です。
Saturn,Libra,6,日々の業務で協力し、調和を保ちながら責任を果たす,日々の仕事や習慣において、周囲との調和を大切にしながら、責任感を持って着実に調整し成果を出します。,日々の実務において、協力者との調和を保ちながら、責任感を持って改善し、安定した成果を出すことに優れています。,日々の仕事で周りに合わせすぎると、決断が遅れて責任回避しがち。時には自分の判断を信じて行動することも大切です。,対人配慮と責任感を実務に活かし、信頼できる調整役として周囲から頼りにされやすいでしょう。,日々の業務で調整力を発揮し、安定した運営を支え信頼を得やすいでしょう。,自分を犠牲にせず適度な主張を心がけることで、安定した高いパフォーマンスを無理なく継続できるでしょう。,職場環境の整備や対人関係の調整を責任持って行い、平和で機能的なワークフローを作る配置。,日々の仕事や習慣において、あなたは周囲との調和を何よりも大切にしながら、責任感を持って着実に調整を行い、質の高い成果へと導きます。有能なサポーターとして高く評価されますが、他者への過剰な配慮が精神的な疲弊を招かないよう、自分自身の心身のバランスも大切にすることで、より長く貢献できるでしょう。
Saturn,Libra,7,人との関係に真摯に向き合い、調和と公平を追求する,パートナーシップや対等な人間関係を大切にし、調和と公平性を責任感を持って築き上げていくタイプです。,人との関係に真摯に向き合い、調和と公平を追求することで、責任感のある協力体制を築き、長期的な信頼を育めます。,人との関係で相手に合わせすぎ、依存的になったり判断を迷ったりしがち。健全な距離感を保つことを心がけましょう。,一対一の関係では対等さと約束を重んじ、誠実に向き合う人として相手から深く信頼されやすいでしょう。,公平な交渉力と洗練された社交術で、営業やコンサル、良きパートナーシップを築き大成します。,相手に合わせすぎず対等な立場で話し合うことで、依存を排除した真の相互理解を深めることができるでしょう。,パートナーシップに重い責任を負うが、時間をかけて公平で洗練された最高の絆を完成させる配置。,あなたはパートナーシップや対等な人間関係を何よりも大切にし、調和と公平性を責任感を持って築き上げることに、深い喜びと使命を感じるでしょう。慎重な契約関係で確固たる土台を築くことができますが、相手に完璧な調和を求めすぎて関係が硬直しないよう、時には柔軟な心で相手を受け入れることが、より豊かな絆を育みます。
Saturn,Libra,8,共有する深い関係性の中で、調和と変容を促す責任,共有する深い関係や変容のプロセスで、調和を保ちつつ責任感を持って、安定した基盤を作り上げます。,物事の本質を深く理解し、関係性の均衡感覚を保ちながら、責任感を持って変革を促し、安定した成果を築く力があります。,深い関わりの中で、相手に遠慮しすぎて執着を生みやすいです。互いの尊重を大切に、穏やかな関係を育みましょう。,深い関係でも均衡と信頼を慎重に育むため、落ち着いた安定した絆を築く傾向があります。,物事の本質を見抜き、カウンセリングや共同資産管理など深い信頼が必要な交渉で発展します。,猜疑心を抑え客観的なデータで判断する習慣を持つことで、個人の力を超えた大きな変容を社会にもたらすでしょう。,共有資産や深い絆のバランスを公平に管理する責任を担い、調和のとれた融合を目指す配置。,あなたは共有する深い関係性や人生における大きな変容のプロセスにおいて、調和を保ちながら責任感を持って安定した基盤を作り上げることに尽力します。他者の資産やエネルギーを公平に管理する責務を果たす中で、時に権利関係の調整に多くの時間を要し、自己の自由が制限されやすいと感じるかもしれません。
Saturn,Libra,9,幅広い知識を探求し、客観的視点で調和をもたらす,幅広い学問や哲学を客観的に探求し、得た知識を社会に調和をもたらす形で責任を持って活用します。,幅広い知識を探求し、多様な思想を調和させることで、客観的な視点から責任を持って長期的な理解を深められます。,学びや思想において、他者の意見に左右されて信念が揺らぎがち。自分らしい価値観を大切に育むと良いでしょう。,異なる価値観も理性的に整理し、バランスの取れた考え方ができる人として周囲から評価されやすいでしょう。,高い美意識と公平な探求心で、教育・法律・出版など洗練された思想を広める分野で活躍します。,知識を整理するだけでなく信念を行動に移すことで、広い視野が人生を導く力強い知恵となりあなたを導くでしょう。,客観的な正義や平和を哲学としてストイックに探求し、バランスの取れた世界観を構築する配置。,あなたは幅広い学問や哲学を客観的な視点で深く探求し、得た知識を社会に調和をもたらす形で責任を持って活用しようとします。精神的な教養を深め、普遍的な正義や美学を追求する一方で、理想の調和にこだわりすぎず、現実的な問題解決にも目を向ける実務的な視点が、あなたの知性をより輝かせるでしょう。
Saturn,Libra,10,社会での役割を全うし、公平で調和の取れた社会を築く,社会での自分の役割を深く自覚し、公平で調和の取れた社会を築くため、責任感を持って努力するタイプです。,社会の調和を大切にし、自身の役割を責任感を持って全うすることで、周囲からの信頼と安定した成果を築くことができます。,社会での役割で、人からの評価に依存しすぎて決断を避けがち。自分の軸を持って行動することで、自信につながります。,社会的な場では対人センスと責任感が光り、品のある信頼される人物として高く評価されやすいでしょう。,公平な姿勢と優れた対人バランス感覚が評価され、社会的信用を築きやすいでしょう。,他人の評価に惑わされず信念に基づいて誠実に語ることで、周囲から心から尊敬される指導者となれるでしょう。,外交能力や美的センスを社会的な公約として果たし、調和を重んじるリーダーとして地位を築く配置。,あなたは社会での自分の役割を深く自覚し、公平で調和の取れた社会を築くため、責任感を持って努力を重ね、洗練された社交性と外交手腕で揺るぎない地位を確立します。公平なリーダーとして尊敬を集めることができますが、イメージ維持のために無理を重ねすぎず、ご自身の心身の健康を大切にすることが、長期的な成功と幸福に繋がるでしょう。
Saturn,Libra,11,仲間との協力で理想を実現し、調和的なコミュニティを築く,仲間との協力や調和を大切にし、理想とするコミュニティや未来像を責任感を持って着実に実現します。,仲間との調和を大切にし、協力しながら未来を企画することで、責任感を持って安定したコミュニティを築くことに優れています。,仲間との活動で周りに迎合しすぎ、自分の意見を見失いがち。自らの意志で貢献する姿勢が、より良い未来を築きます。,仲間との関係では人間関係の秩序を大切にし、グループ全体を整える存在として貢献しやすいでしょう。,平和的な対人センスと広いネットワークで、SNS運営やグループ活動を通じ発展を遂げます。,個人の意見を大切にしつつ全体の調和を図ることで、独自のビジョンが多くの仲間に支持され実現するでしょう。,洗練された価値観を持つ仲間を厳選し、公平で平和な未来のための組織的な基盤を作る配置。,あなたは仲間との協力や調和を何よりも大切にし、理想とするコミュニティや未来像を責任感を持って着実に実現するため、多様な価値観が共存するネットワークの秩序を守る役割を担います。平和的な連帯を主導する中で、集団の和を優先するあまり個人の創造的な主張を埋没させないよう、それぞれの個性を尊重し、活かす意識を持つことが、より豊かな未来を創造する鍵となるでしょう。
Saturn,Libra,12,内面世界と向き合い、心の平穏と調和を築く責任,自分の内面と真摯に向き合い、心の平穏や調和を大切にしながら、着実に心の土台を築くことに責任を感じます。,自分の内面と深く向き合い、共感力と想像力を活かして精神的な調和を保ち、心の平穏を安定させる責任感があります。,他者の影響を受けすぎて、自分の心の奥底と向き合うことを避けがち。自己を見つめ、心を癒す時間を大切にしましょう。,表には出ずに静かに人間関係の均衡を保ち、陰で全体を整える存在として貢献するでしょう。,豊かな想像力と見えない情報を整理する力で、カウンセリングや裏方での調整で活躍します。,一人の時間を大切にし内面を整える習慣を持つことで、周囲に惑わされずクリアな直感を現実で活かせるでしょう。,内面にある不調和を静かに整理し、一人の時間で精神的なバランスを整えることで深い平安を得る配置。,あなたは自分の内面世界と真摯に向き合い、心の平穏と調和を大切にしながら、揺るぎない精神的な土台を築くことに深い責任を感じます。精神的な平安を自ら構築できる強みがありますが、他者との境界線が曖昧になりすぎないよう注意し、時には積極的に心を開くことで、より豊かな人間関係と深い心の繋がりを得られるでしょう。
Saturn,Scorpio,1,自分自身の本質を探求し、深く強い個性を確立する,自分自身の本質を深く掘り下げ、責任感を持って強く揺るぎない個性を確立していくタイプです。,深い洞察力と集中力で自己の本質を探求し、責任感を持って強い意志を管理することで、揺るぎない個性を確立できます。,自分らしさを表現する際、こだわりが強すぎて疑心暗鬼になりがち。心をオープンにすることで、より魅力が輝きます。,静かな佇まいの中にも強い意志が宿り、周りからは決して流されない芯のある人として映りやすいでしょう。,強い意志と鋭い洞察力で、物事の本質を追求する専門職や困難な現場でチャンスを掴みます。,内なる情熱を論理的な言葉に変換することで、持ち前のカリスマ性が周囲に安心感を与える力へと変わるでしょう。,強すぎる情念と洞察力を自制し、本質を見抜く静かな威厳を備えた圧倒的な個性を確立する配置。,あなたは自分自身の本質を深く掘り下げ、強靭な精神力と自制心をもって、強く揺るぎない個性を確立することに深い責任と情熱を燃やします。本質を見抜く洞察力で圧倒的な存在感を放つ一方で、警戒心の強さから孤立しないよう、他者への信頼を意識的に育むことで、あなたの影響力はさらに広がるでしょう。
Saturn,Scorpio,2,才能を深く探究し、本質的な価値と財産を築く責任,自分の才能や資質を深く探求し、本質的な価値と確かな財産を責任感を持って築き上げていくタイプです。,優れた財務洞察力と執念で物事の価値を深く探究し、責任感を持って資源を管理することで、安定した財産を築けます。,物やお金への執着が強すぎると、不安や不信感を抱きやすい傾向。本当に大切なものを見つめると心が豊かになります。,自分の価値観や基盤を深く守り抜き、周囲には芯の強さと揺るぎない重みを感じさせるでしょう。,本質的な価値を見抜き管理する力で、金融や資産運用など希少価値を扱う実務で発展するでしょう。,所有への執着を緩め資源を循環させる意識を持つことで、物質的安定と深い満足感を両立できるようになるでしょう。,巨大な富への執着を健全な管理能力に変え、目に見えない資源を責任持って富に変換する配置。,あなたは自身の才能や資質を深く探求し、本質的な価値と確かな財産を責任感を持って築き上げることに、揺るぎない信念を抱いています。徹底した資産管理で強固な経済基盤を築くことができますが、失うことへの過度な執着が柔軟な経済活動を妨げないよう、心のゆとりを持つことが、さらなる豊かさへと繋がるでしょう。
Saturn,Scorpio,3,深い洞察で学びの課題を乗り越え、真実を伝える,深い洞察力で学びやコミュニケーションの課題を乗り越え、真実を伝えることを責任感を持って形にします。,物事の真実を深く探究し、鋭い洞察力で心理を理解することで、責任感を持って学びを伝え、安定した知性を築きます。,深く考えすぎて、疑念にとらわれたり秘密を抱え込みがち。素直な心で周囲と接すると、信頼関係が深まります。,言葉には慎重さと鋭さが宿り、相手の本質を見抜くような深い洞察力を持つ人として受け取られやすいでしょう。,鋭い分析力と重みのある言葉で、調査・研究や本質を伝えるコミュニケーションで発展します。,批判的な視点だけでなく他者の良い面を見出すことで、持ち前の説得力がさらに温かさを増し影響力も高まるでしょう。,安易な発言を控え、物事の核心を突く重みのある言葉を使い、深い情報を正確に扱う配置。,あなたは深い洞察力で学びやコミュニケーションの課題を乗り越え、物事の核心を突く真実を、責任感を持って重みのある言葉で伝達することに長けています。鋭い知性で周囲からの信頼を得られる一方で、言葉で相手を追い詰めすぎたり、秘密主義に陥ったりしないよう、温かい配慮を忘れないことが、より深い理解と共感を生み出すでしょう。
Saturn,Scorpio,4,揺るぎない心の基盤を築くため、課題に真摯に向き合う,家庭や心のルーツにある深い課題に真摯に向き合い、責任感を持って揺るぎない心の土台を築き上げます。,深い愛情と守護本能で家庭や心の基盤を守り、責任感を持って困難と向き合い、揺るぎない安心と安定を築けます。,家庭や親しい人への執着が強すぎると、感情的になったり頑なになりがち。相手の自由を尊重すると心が軽くなります。,親しい相手には情の深さと強い絆を求め、本気で向き合う濃い人間関係を築く傾向があるでしょう。,基盤への深い洞察力と守り抜く力で、家業や不動産、心理的な安全を守る実務で活躍します。,内なる感情を正論でぶつけず穏やかな受容を心がけることで、家庭内の信頼が深まりより大きな安心感が生まれるでしょう。,家系の闇や重い因縁を一身に背負い、それを克服して魂レベルでの強固な基盤を再建する配置。,あなたは家庭や心のルーツにある深い課題に真摯に向き合い、責任感を持って揺るぎない精神的な土台と、安心できる聖域を自らの手で築き上げようとします。家族への責任感は非常に強いですが、内面の葛藤を家庭内に持ち込み、閉鎖的な環境を作りすぎないよう、心の開放と健全な境界線を意識することで、より深い安らぎを得られるでしょう。
Saturn,Scorpio,5,魂の奥底から湧く創造性を、責任を持って形にする,魂の奥底から湧き上がる創造性を大切にし、責任感を持って表現することで、真の喜びを形にするタイプです。,内なる情熱と集中力で深い創造性を発揮し、責任感を持って魅力を管理することで、安定した楽しみを生み出す力があります。,恋愛や創作で、執着が強くなり嫉妬や支配欲が湧きやすい傾向。ゆとりを持つことで、より豊かな関係を築けます。,自己表現には抑制がかかることもありますが、深く印象に残る忘れがたい魅力として周囲に映るでしょう。,情熱的で深みのある創造性を活かし、芸術やエンタメなど一点集中分野で才能を発揮します。,他者の評価に惑わされず魂が震える表現を追求することで、時代を超え人の心に深く響く作品を生み出せるでしょう。,激しい情熱をストイックな創作に昇華させ、死生観を問うような重厚な表現で評価を得る配置。,あなたは魂の奥底から湧き上がる激しい創造性を大切にし、特定の対象に責任感と情熱を込めて取り組むことで、唯一無二の表現と真の喜びを形にします。圧倒的な成果を残せる一方で、情熱が強迫観念に変わり、創作の楽しみを損なわないよう、心のバランスを保ち、適度な休息を取ることが、あなたの才能を長く輝かせる秘訣です。
Saturn,Scorpio,6,徹底した責任感で日々の実務に挑み、着実に成果を出す,日々の実務に徹底した責任感で挑み、課題を乗り越えながら着実に成果を出し、安定した基盤を築きます。,徹底した集中力と改善意識で日々の実務に挑み、責任感を持って課題を乗り越えることで、着実な長期成果を生み出します。,仕事へのこだわりが強すぎると、周りを支配したり極度に疲弊しがち。時には人に任せ、心と体を休ませましょう。,表向きは控えめでも仕事や役割には深く真剣に向き合い、本気度の高い人として信頼されやすいでしょう。,どんな困難な課題にも粘り強く取り組み、着実に成果を出し続ける力があるでしょう。,完璧を求めすぎず適度なゆとりを持つことで、安定した高いパフォーマンスを無理なく継続できるでしょう。,過酷な現場やタブーを扱う仕事に献身し、極限の状況を徹底的に管理・再生させる責任を果たす配置。,あなたは日々の実務に徹底した責任感と驚異的な集中力で挑み、どんな困難な課題も乗り越えながら着実に成果を出し、揺るぎない安定した基盤を築き上げます。現場を刷新する能力に長けていますが、自分も周囲も完璧に追い詰めすぎると心身の疲弊を招きかねないので、適度な休息を取り、心のゆとりを保つことが、持続的な貢献へと繋がるでしょう。
Saturn,Scorpio,7,パートナーとの絆を深め、誠実に向き合い信頼を築く,パートナーとの深い絆を大切にし、誠実に向き合うことで、責任感を持って揺るぎない信頼関係を築くタイプです。,深い洞察力と忠誠心でパートナーシップを育み、責任感を持って信頼関係を築くことで、揺るぎない絆を安定させられます。,人との関係で、嫉妬や執着、支配欲が湧きやすい傾向です。相手を信頼し、自由を尊重すると絆が深まります。,一対一の関係では深く関わる責任を重んじるため、軽いつき合いをしない誠実な人として映りやすいでしょう。,深い洞察力と真実を求める姿勢で、カウンセリングや法律など信頼が必要な交渉で活躍します。,相手をコントロールせず自立した個人として尊重することで、お互いを高め合える究極の関係を築けるでしょう。,裏切りへの恐怖を乗り越え、魂レベルで溶け合うような絶対的に誠実な絆を長期的に築く配置。,あなたはパートナーとの深い絆を何よりも大切にし、魂レベルで誠実に向き合うことで、責任感を持って揺るぎない信頼関係を築き上げます。運命を共にする覚悟で深い関係を育めますが、相手を試すような行動や裏切りへの過度な恐怖が絆を壊さないよう、心を開いて相手を信頼することが、真の安定をもたらすでしょう。
Saturn,Scorpio,8,困難な変革を乗り越え、真の自分へと生まれ変わる,困難な変革に真摯に向き合い、責任感を持って魂を再生させ、真の自分へと生まれ変わることを大切にします。,深い洞察力と精神的な強さで困難な変革を乗り越え、責任感を持って再生することで、揺るぎない自分へと成長できます。,変化や深い関係性の中で、極端な思考や支配欲に駆られがち。手放す勇気を持つことで、真の強さが生まれます。,信頼関係においては覚悟や本音を重視し、深く濃密で揺るぎない絆を築く傾向があるでしょう。,組織の深部を理解し再生させる力で、資産運用や心理療法、危機からの再編で大成します。,他者と深いレベルで信頼を深めることで、個人の力を超えた大きな変容を社会にもたらすことができるでしょう。,他者からの重い期待や遺産を責任持って管理し、深い絆を通じた劇的な自己再生を完遂する配置。,あなたは人生における困難な変革に真摯に向き合い、責任感を持って魂を再生させることで、真の自分へと生まれ変わることを深く追求します。組織の負債や深い感情のしがらみを清算し、不動の権威と資源を継承する力を持ちますが、支配欲に囚われたり心理的な重圧に負けたりしないよう、心の解放を意識することが大切です。
Saturn,Scorpio,9,探究心を深め、本質的な知識を責任を持って追求する,深い探究心で本質的な知識や哲学を追求し、得た学びを責任感を持って自分の土台とすることに努めます。,哲学的な洞察力と強い信念で真理を探究し、責任感を持って本質的な知識を追求することで、深い学びを安定させます。,学びや思想に対し、こだわりが強すぎて視野が狭まりがち。様々な視点を受け入れる柔軟性が、あなたの探求を深めます。,自分の信念や考えを深く掘り下げて鍛え抜き、揺るがない強固な思想の持ち主として見られやすいでしょう。,真理を追究する探究心で、学術研究や神秘的な分野において深い信念を持って思想を広めます。,知識を深めるだけでなく現実社会に役立つ形へ変換することで、広い視野が力強い知恵となり人生を導くでしょう。,生と死の真理をストイックに追求し、高度な神秘学や心理学を体系化して精神の権威となる配置。,あなたは深い探究心で本質的な知識や哲学を追求し、生死や心理の深層を厳格に研究することで、得た学びを責任感を持って揺るぎない自身の土台とします。精神的な探究を極め、体系的な哲学を確立できる一方で、自説への過度な固執が極端な教条主義に繋がらないよう、常に広い視野を持ち、柔軟な心で真理を追求することが重要です。
Saturn,Scorpio,10,社会の中で本質的な役割を見つけ、責任を持って目標達成する,社会での自分の本質的な使命を見つけ、責任感を持って目標を達成し、揺るぎない評価を築き上げるタイプです。,社会の本質を深く洞察し、強い意志と責任感で困難を乗り越えることで、着実に目標を達成し、安定した成果を生み出します。,社会での目標達成で、権力や評価への執着が強くなりがち。共感を大切にすることで、大きな成果につながるでしょう。,社会的な場では強い責任感が表れ、確固たる意志で物事を動かすリーダーシップのある人として映りやすいでしょう。,優れた耐久力と強い責任感が評価され、社会で重要な重責を任されやすいでしょう。,権力に固執せず内なる誠実さを語ることで、周囲から心から畏敬される指導者としての地位を確立できるでしょう。,圧倒的な支配力や洞察力を社会的な責任として使い、劇的な変容を成し遂げるリーダーとなる配置。,あなたは社会での本質的な使命を見つけ、不屈の再生力と徹底的な探究心を武器に、責任感を持って目標を達成し、揺るぎない評価と強固な権威を築き上げます。挫折を乗り越え大きな成功を収めることができますが、権力を独占しようとせず、常に透明性を保ちながら周囲と協調することで、あなたの地位は永続的に輝くでしょう。
Saturn,Scorpio,11,信頼できる仲間と共に、コミュニティの課題に深く向き合う,信頼できる仲間と共に、コミュニティの課題に深く向き合い、理想とする未来像を責任感を持って形にしていきます。,信頼できる仲間と深く結束し、責任感を持ってコミュニティの課題に再生力で向き合い、安定した未来を築くことができます。,仲間との活動で、特定の人や考えに執着し閉鎖的になりがち。多様な意見を受け入れ、オープンな心で交流すると良いでしょう。,仲間との結びつきを深く真剣に捉え、グループの結束を強める核となる存在として頼りにされやすいでしょう。,深い共感と連帯感を活かし、社会変革を目的としたグループ活動で発展を遂げられるでしょう。,既存の枠組みを恐れず仲間と共に未来へ変容することで、理想とする社会をより確実に形にできるでしょう。,信念を共有する少数の同志と結束し、社会の根底を変えるための強固な組織を維持する配置。,あなたは信頼できる仲間と深く結束し、コミュニティの根底にある課題に真摯に向き合いながら、理想とする未来像を責任感を持って着実に形にしていきます。志を同じくする少数精鋭の仲間と強固な連帯を築けますが、外部に対して排他的になりすぎず、開かれた心で新たな繋がりを育むことで、活動の幅は無限に広がるでしょう。
Saturn,Scorpio,12,秘めた内面と真摯に向き合い、心の奥底にある課題を乗り越える,秘めた内面や心の奥底にある課題に真摯に向き合い、責任感を持って克服し、揺るぎない心の土台を築きます。,心の奥底を深く洞察し、自分自身を癒しながら再生させる力と、どんな秘密にも耐え抜く精神力が強みです。,自分の内面と深く向き合うあまり、秘密主義になり孤立しやすい傾向。信頼できる人に心の内を打ち明けると良いでしょう。,表には出にくくても内面の強さと秘めた迫力がにじみ、静かな存在感で周囲に影響を与える人として映るでしょう。,豊かな想像力と本質を見抜く力で、カウンセリングや芸術を通じた癒やしの分野で大きく活躍できるでしょう。,内面の深い感情を恐れずに言葉にする習慣で、クリアな直感を現実で活かせるでしょう。,潜在意識に潜む強烈な恐れを静かに統制し、孤独な場所で精神的な脱皮を繰り返す配置。,あなたの内側には、心の奥底に秘められた深いテーマと向き合い、それを乗り越える強い責任感が宿っています。真摯な探求心で内面の執着を浄化し、揺るぎない心の土台を築きながら、潜在的な力を再生へと導くでしょう。
Saturn,Sagittarius,1,哲学的な探求を通じて、自己の確立と成長に責任を持つ,高い理想を追求する中で試練を乗り越え、あなたらしい堂々とした個性を確立していくタイプです。,揺るぎない信念と探究心で視野を広げ、自分を鍛錬しながら成長できる力が強みです。,理想を追い求めるあまり独りよがりになりがちなので、柔軟な視点を持つと人間関係が豊かになるでしょう。,のびやかな雰囲気の中に節度が感じられ、信念を持った真面目な人という印象を与えやすいでしょう。,高い向上心と自由な発想力を活かし、海外関連や広い視野が求められる場で多くのチャンスを掴みます。,楽観的な展望を持ちつつ現実にも目を向けることで、持ち前の推進力が確実な成果に結びつきます。,奔放さを抑え、高い道徳心と広い視野を兼ね備えた、知的な冒険家としての個性を確立する配置。,あなたは、自由な探求心と高い理想を胸に、自らの個性と生き方を確立する責任を背負っています。知的な教養と実践的な行動力を通して試練を乗り越え、あなたらしい堂々たる存在感を築き上げていくでしょう。
Saturn,Sagittarius,2,探求を通じて得た知識で、揺るぎない自己価値を築く,哲学的な探求から得た知識を活かし、揺るぎない自信と確かな財産を築き上げていくでしょう。,探求心から得た知識を活かし、計画的に自己価値と資源を築き、持続的な成長を実現できます。,理想を優先しすぎて現実的な判断が甘くなりがちです。物事を多角的に見つめる習慣が大切です。,理想を持ちつつも現実的な視点で自分の価値観を築くため、堅実な理想家として見られやすいでしょう。,広い視野と大胆な投資判断で、海外ビジネスや教育、知的好奇心を収益に変える形で発展を築きます。,手元の資源管理に加え新しい可能性にも投資することで、経済的安定と精神的自由を同時に得られます。,精神的な自由を得るための経済的責任を負い、広い視点に基づいた着実な蓄財を行う配置。,あなたは、哲学的な探求から得た深い知識を活かし、揺るぎない自己価値と確かな財産を築き上げる資質を持っています。高度な専門分野における探求を着実に形にすることで、精神的な豊かさと物質的な豊かさの両方を手にするでしょう。
Saturn,Sagittarius,3,探求の学びを深め、責任感を持って真実を伝える,探求心を深めることで得た知識を、責任感を持って自分の言葉で周りに伝えていくことを大切にします。,幅広い視野で思想を整理し深く学び、責任感を持って真実を伝える発信力に優れています。,自身の考えに自信過剰になり、発言が誇張しがちです。客観的な事実確認を心がけると安心です。,理想と責任感が言葉に宿りやすく、真剣に自分の考えを伝えようとする人として受け入れられやすいでしょう。,高い知的好奇心と明快な伝達力で、教育や出版、ジャーナリズムで広く信頼を得て発展を築きます。,情報の深さを追求しつつ聞き手に合わせた表現を心がけると、説得力が増し知恵が多くの人に届くでしょう。,壮大な理想を具体的な言葉にする責任を負い、高度な知識を分かりやすく体系化して伝える配置。,あなたは、自由な探求心を深め、真実を見極める知恵を責任感を持って世に伝える使命を抱いています。高度な専門知識をストイックに学び、それを誰もが理解できる言葉で表現することで、揺るぎない知的な信頼を築くでしょう。
Saturn,Sagittarius,4,揺るぎない心の基盤を築き、高い理想を追求する,高い理想と探求心を持ちながら、試練を乗り越えて安心できる確固たる心の居場所を築いていくでしょう。,揺るぎない信念と哲学を基盤に、高い理想を追求しながら心の安定を保つ規律があります。,高い理想を追求するあまり、家族の意見を軽視しがちです。身近な人との対話を大切にしましょう。,親しい人とは誠実かつ率直に向き合い、自由な雰囲気の中で責任感のある関係を築きやすいでしょう。,自由で開かれた家庭環境を築き、家を学びの場とする活動や広い土地に関わる実務で発展を遂げます。,家庭に静けさと秩序を保つ工夫をすることで、外に向かう好奇心と内面の安らぎがバランスよく両立します。,家庭内に自由と規律の両立を求め、常に新しい哲学を持ち込んで活気づける責任を果たす配置。,あなたは、自由な探求心と高い理想を抱き、内なる心の基盤を確固たるものに築き上げる責任を担っています。家族と共に学び、成長できる高潔な居場所を守り抜くことで、揺るぎない安心感と精神的な豊かさを手に入れるでしょう。
Saturn,Sagittarius,5,探求心から生まれる創造性を、責任を持って表現する,探求心から生まれる創造性を責任感を持って表現し、人生の喜びや楽しみを確かな形にしていくでしょう。,探求心から生まれた理想を、鍛錬された創造性で責任を持って表現し、情熱を管理できます。,恋愛や趣味で理想が高くなりすぎると、現実とのギャップに戸惑うかもしれません。柔軟な心で向き合うと良いでしょう。,自己表現には高い理想と抑制が同居し、真面目さの中にも魅力が光る人として印象に残りやすいでしょう。,溢れる創造性と冒険心で、スポーツや旅行企画、自由な発想を形にする分野で才能を大きく開花させます。,楽しみを分かち合う喜びを意識することで、一時の情熱が価値ある実績へと昇華され、さらに輝き成長につながります。,無謀な賭けを控え、高い理想に基づいた自己表現や高度な学びにストイックに情熱を注ぐ配置。,あなたは、自由な探求心から生まれる豊かな創造性を、責任感を持って現実世界で表現することを使命としています。高度な技術や深い思想を伴う創作活動を通して、人生の喜びや楽しみを確かな形として世に示していくでしょう。
Saturn,Sagittarius,6,探求心を持って仕事に励み、責任ある役割を全うする,高い理想を掲げて仕事に取り組み、責任感を持って探求することで、確かな成果や習慣を築くタイプです。,探求心と学習力で日常業務を改善し、責任を持って行動を管理しながら長期的な成果を出せます。,理想を追い求めすぎて、現実的な仕事で飽きを感じやすくなる傾向があります。地道な努力を大切にしましょう。,日常や仕事において理想を現実に結びつけ、常に前向きで責任感のある人として高く評価されやすいでしょう。,広い視点と責任感を持ち、日々の業務を計画的に着実に進めていくことができます。,細かい作業にも高い目的意識を持つことで、安定した高いパフォーマンスを継続できるでしょう。,高い目的意識を持って過酷な業務に挑み、現場に普遍的な正義と活気をもたらす責任を負う配置。,あなたは、自由な探求心と高い理想を胸に、仕事における責任ある役割を全うすることを使命としています。専門知識を活かして現場に高い倫理観と実務的な改善をもたらし、確かな成果と健全な習慣を築き上げていくでしょう。
Saturn,Sagittarius,7,理想の人間関係を築き、誠実に責任を果たし信頼を得る,理想的な人間関係を追求し、誠実に責任を果たすことで、揺るぎないパートナーシップを築き上げます。,理想の関係を深く探究し、理念を共有しながら誠実に対話することで、信頼を築くことができます。,自分の信念を相手に押し付けがちになるかもしれません。相手の意見を尊重することで調和が生まれます。,一対一の関係では自由を尊重しつつ約束を守り、相手からは誠実で信頼できる人として映りやすいでしょう。,オープンな社交性と交渉力を活かし、国際ビジネスや広報、自由な関係性の中で大きく発展を遂げます。,相手の自由を尊重し自分の意志を伝えることで、お互いを高め合える持続可能な関係が構築できるでしょう。,互いの自由を尊重する難しい契約を全うし、共に高め合える知的なパートナーシップを築く配置。,あなたは、自由な探求心をもって理想的な人間関係を追求し、誠実に責任を果たすことで揺るぎない信頼を築きます。互いの自由と成長を尊重し合えるパートナーシップを育み、人生を豊かにする協力者との出会いを引き寄せるでしょう。
Saturn,Sagittarius,8,探求心を持って深い変容に挑み、責任を果たす,人生における深いテーマを探求し、試練を乗り越えることで、真の変容と結びつきを形にするタイプです。,物事を深く探究し、洞察力で再生の思想を生み出し、深い変容を責任を持って達成できます。,自分の考えが極端になりやすい傾向があるため、物事の多様な側面を見るように心がけると良いでしょう。,深い関係では本音と信念を大切にし、簡単には揺らぐことのない、固い信頼関係を築きやすいでしょう。,物事の本質を見抜き、深い探求心で哲学研究や金融、再生に関わる仕事で大きな成功を収めるでしょう。,他者と知恵を分かち合う誠実さを養うことで、個人の力を超えた大きな変容を社会にもたらすでしょう。,信念をかけた深い絆の維持に責任を負い、哲学的な対話を通じて関係を精神的に高める配置。,あなたは、人生における深いテーマに自由な探求心で挑み、責任感を持って内なる変容を成し遂げる使命を帯びています。共有される理念を厳格なルールで管理し、深い関わりの中から確かな知恵と真の結びつきを形にしていくでしょう。
Saturn,Sagittarius,9,高い理想を掲げ、知的な探求に責任を持って挑む,高い視点と探求心を持って学びを深め、人生の哲学や知恵を責任感を持って築き上げていくでしょう。,哲学的な探求を鍛錬し、高い理念を持って学び続けることで、視野を広げられる強みがあります。,壮大な理想に囚われて現実を見落としがちです。具体的な計画を立てると、目標達成に繋がるでしょう。,自分の信念や思想を深く探求し、真剣に学び続ける知的な人として周囲から見られやすいでしょう。,高い理想と冒険心で、高等教育や学問研究、海外を拠点とした活動で多くの人に影響を与え発展します。,知識だけでなく信念を行動に移すことで、広い視野が社会を導く力強い知恵へと進化するでしょう。,普遍的な真理への疑いをストイックな探求で払拭し、高度な叡智を体系化して世界に伝道する配置。,あなたは、高い理想と自由な探求心をもって、人生の哲学や知恵を築き上げる責任を担っています。真理の探求を生涯の任務とし、普遍的な哲学を体系化することで、揺るぎない精神的な権威を確立するでしょう。
Saturn,Sagittarius,10,探求心を持って社会に貢献し、責任ある立場で成長する,社会における責任ある立場に立ち、探求心と高い理想を持って自身の使命やキャリアを築き上げていきます。,社会的な理念と探究心を原動力に、指導的な立場で責任を果たしながら成長できるでしょう。,理想が高すぎるあまり、周囲からの評価を過信しがちです。謙虚な姿勢を心がけると、成長に繋がります。,社会的な場では理想を現実と調和させ、責任感のある指導的存在として周囲から見られやすいでしょう。,崇高な理念を現実にする力が評価され、社会的に大きな影響力を持つ立場を築きやすいでしょう。,名声に執着せず真理に従って行動することで、周囲から尊敬される指導者としての地位を確立できます。,広いビジョンと専門性を社会的な武器にし、理想を体現する良心的な権威として地位を築く配置。,あなたは、自由な探求心と高い理想を抱き、社会における責任ある立場を通じて自身の使命とキャリアを築き上げます。高い倫理観に基づいた公正な活動で社会をリードし、良心的な指導者として大きな成功を収めるでしょう。
Saturn,Sagittarius,11,高い志を持つ仲間と、未来への責任を共有する,高い理想を共有できる仲間と共に、未来に向けたビジョンを責任感を持って着実に形にしていくでしょう。,未来の理想を企画し、仲間を統率しながら、革新的な発想を責任を持って管理できる力が強みです。,理想の追求に夢中になり、現実的な計画がおろそかになりやすい傾向があります。仲間と協力することで安心です。,仲間と大きな理想を共有しつつ現実的に考え、集団の進むべき方向性を整える存在になりやすいでしょう。,自由な精神で理想を共有する仲間と、未来志向のコミュニティやグローバルな活動で中心的な役割を担います。,自由を大切にしつつ共通の目的に協力することで、独自のビジョンが多くの仲間に支持されるでしょう。,博愛主義を現実のシステムにする責任を負い、世界中の仲間と強固な未来の基盤を作る配置。,あなたは、高い理想を共有できる仲間と共に、未来に向けた壮大なビジョンを責任感を持って着実に形にしていくでしょう。国際的・知的なネットワークの中で秩序を保ちながら理想を現実化することで、強固な連帯を築き、新たな時代を創造します。
Saturn,Sagittarius,12,精神的な探求を深め、内面の課題に責任を持って向き合う,精神的な探求を通じて内なる課題に責任を持って向き合い、心の癒しや解放を確かなものにしていくでしょう。,精神的な探求を深め、直感的な哲学で内面の課題と向き合い、癒しを生み出す規律があります。,理想の世界に没頭しすぎて、現実から目を背け孤立しがちです。内面と向き合う時間を持つと良いでしょう。,表には出さずとも内面に強い理想を抱え、静かに自分の信念を守り続ける人として映りやすいでしょう。,豊かな想像力と精神的な自由を追求し、芸術を通じた癒やしの分野で実務的な才能を発揮し拡大するでしょう。,孤独を恐れず静寂の中で内面を整える習慣が、宇宙のインスピレーションを現実で活かす知恵を育みます。,内なる自由への渇望を瞑想的に統制し、孤独な場所で宇宙的な真理を静かに悟る配置。,あなたは、自由な探求心をもって精神的な領域を深く掘り下げ、内なる課題に責任を持って向き合います。潜在意識の放浪癖を静かに統制し、孤独な学びの中から確かな真理を見出すことで、心の癒しと解放を確かなものにするでしょう。
Saturn,Capricorn,1,粘り強く努力し、確固たる自分らしさを確立する,粘り強く努力を重ねることで試練を乗り越え、あなたらしい確固たる自分自身を確立していくタイプです。,強い責任感と自己統率力で、着実に物事を構築し、確固たる自分らしさを表現できるでしょう。,自分に厳しすぎると表現が硬くなりがちです。時には肩の力を抜いて、柔軟な自己表現を心がけると良いでしょう。,落ち着いた風格と威厳が自然に表れ、責任感の強い人として周囲から一目置かれやすいでしょう。,強靭な精神力と責任感を活かし、組織構築や長期プロジェクト、伝統的な重職で大きく発展を遂げます。,厳格さを他者に強要せず柔軟な対話を心がけることで、統率力が信頼される指導力へと変わるでしょう。,若いうちから苦労を重ねるが、不屈の忍耐と努力で誰もが認める圧倒的な社会的個性を確立する配置。,あなたは、野心的な構築力と厳しい規律を胸に、粘り強い努力を重ねることで確固たる自分らしさを確立します。社会的に信頼される個性を築き上げ、晩年に向けて揺るぎない安定感と充実した自己表現の喜びを手にするでしょう。
Saturn,Capricorn,2,着実に努力を重ね、揺るぎない才能と価値を築き上げる,着実に努力を重ねることで、あなた自身の揺るぎない才能と確かな財産を築き上げていくでしょう。,計画性と継続力を活かし、着実に努力を重ねることで、揺るぎない資産を構築する力があります。,堅実さが行き過ぎると、新しい価値観を受け入れにくくなる傾向があります。柔軟な発想を取り入れてみましょう。,自分の価値観や基盤を現実的にしっかりと築くため、堅実で信頼できる人という印象を与えやすいです。,着実な経済感覚と忍耐力で、堅実な資産形成や伝統的なビジネスで確固たる基盤を築き豊かになります。,資源を守るだけでなく次世代へ投資することで、物質的な安定と社会的な貢献を同時に成し遂げられます。,金銭への厳格な規律を持ち、時間をかけて巨大で揺るぎない実利的な資産を築き上げる配置。,あなたは、野心的な構築力と堅実な努力を重ねることで、揺るぎない自己価値と確かな才能を築き上げます。誰にも脅かされない盤石な資産を自力で確立し、豊かな人生を創造していくでしょう。
Saturn,Capricorn,3,実践的な学びを重ね、着実に知識を深め発信する,実践的な学びを地道に深め、試練を通じて得た知識を責任感を持って着実に発信していくでしょう。,現実的な知性と計画力で深く思考を構造化し、高い説得力を持って物事を伝えられます。,思考が硬くなりがちで、悲観的な発言が増える傾向があります。前向きな言葉を選ぶことを意識すると良いでしょう。,言葉に重みと現実感が宿りやすく、筋の通った話し方をする思慮深い人として受け入れられやすいでしょう。,論理的で正確な伝達力で、教育や実務的な執筆、法的分野で高い信頼を得て大きく発展するでしょう。,正論だけでなく相手の感情に配慮した表現で、あなたの説得力が温かくなり協力体制が整うでしょう。,言葉の正確性と実用性を極限まで高め、無駄のない責任ある伝達者として絶対的な信頼を得る配置。,あなたは、実践的な学びを地道に深め、試練を通じて得た知識を責任感を持って着実に発信します。礼儀正しく実用的なコミュニケーションスキルで社会的な信頼を築き、揺るぎない知的な影響力を構築していくでしょう。
Saturn,Capricorn,4,堅実な努力で、家族や心の基盤を確固たるものにする,堅実な努力を重ねることで、家族との絆や心の基盤を揺るぎないものに築き上げていくでしょう。,家庭への責任感が強く、堅実に基盤を構築することで、安定した心の居場所を築くことができます。,家族に対して厳しくなりすぎたり、感情を抑圧しがちです。素直な気持ちを伝えることで、心が和らぎます。,親しい相手には責任感と保護の意識が強く、家庭を温かく支える頼りになる存在として信頼されやすいでしょう。,規律ある家庭を築く力を持ち、伝統を次世代へ繋ぐ実務や土地の管理で幸運を発揮できるでしょう。,家庭に安らぎと笑顔を保つ工夫をすることで、責任感と内面の安らぎが両立し心の拠り所となるでしょう。,家系の伝統や家名を背負い、家族のために盤石で秩序ある家庭環境を維持し続ける配置。,あなたは、野心的な構築力と堅実な努力を重ねることで、家族との絆や心の基盤を揺るぎないものに築き上げます。家系の伝統と規律を守り、安定した社会的基盤を確立することで、あなた自身と家族に確かな安心感をもたらすでしょう。
Saturn,Capricorn,5,創造的な活動に責任を持ち、確かな喜びを形にする,創造的な活動に責任を持って取り組み、着実な努力を通じて、確かな喜びと自己表現を形にするでしょう。,計画的な創造力と持続する努力で、楽しみながら確かな喜びを形にする表現力があります。,恋愛において感情表現が苦手で、打算的になりやすいかもしれません。素直な気持ちを伝えることが大切です。,自己表現はやや控えめですが、真面目で品のある個性的な魅力として周囲に印象を残しやすいでしょう。,職人気質のこだわりと卓越した技巧で、伝統芸能や建築、長期的な訓練を要する分野で才能が開花します。,楽しみを純粋にリラックスする時間と捉えることで、自己肯定感が育まれ創造性がさらに輝きます。,遊びにも結果と評価を求め、長い年月をかけて唯一無二の伝統的な自己表現を完成させる配置。,あなたは、野心的な構築力と着実な努力をもって創造的な活動に責任を持ち、確かな喜びを形にしていきます。時間をかけて技術を究める伝統的な創作に没頭し、誠実な自己表現で揺るぎない実績を残すでしょう。
Saturn,Capricorn,6,実務に真摯に取り組み、健康的な習慣を築き上げる,仕事や日々の習慣に真摯に向き合い、試練を乗り越えることで、健康的で確かな土台を築き上げるでしょう。,仕事への強い責任感と管理力で、実務を統率しながら着実に長期的な成果を積み上げられます。,仕事に対して完璧主義になりすぎて、自分や周囲を追い込みがちです。適度な休息を心がけると安心です。,仕事や役割において責任感が最も輝き、真面目で安心して任せられる人として高く評価されやすいでしょう。,計画と規律を重んじ、安定した業務遂行能力で日々の実務において信頼を得るでしょう。,自分や周囲に完璧を求めすぎず意識することで、安定した高いパフォーマンスと良好な関係を両立できます。,完璧な実務遂行と徹底した組織管理に全霊を捧げ、社会を支える不可欠な「柱」となる配置。,あなたは、野心的な構築力をもって仕事や日々の習慣に真摯に向き合い、健康的で確かな土台を築き上げる責任を担っています。組織のルールを完璧に守り、卓越した管理能力で現場を統制することで、プロとして絶大な信頼を得るでしょう。
Saturn,Capricorn,7,対人関係に責任を持ち、堅実な信頼関係を築き上げる,対人関係に責任感を持って堅実に向き合い、試練を乗り越えることで確固たる信頼関係を築き上げます。,対人関係に責任を持ち、協働を積み上げる構築力で、堅実な信頼関係を築くことができます。,対人関係で感情を抑え込み、相手を支配的に見てしまう傾向があります。心を開き、対等な関係を築きましょう。,一対一の関係では誠実さと継続性を重んじ、長く深く信頼できる相手として周囲から見られやすいでしょう。,誠実な対人態度と安定した交渉力で、長期的な提携や社会的責任を果たすパートナーシップで発展します。,相手をコントロールせず一人の個人として尊重することで、お互いを高め合える関係が築けるでしょう。,パートナーシップを神聖な契約と捉え、長期的な信頼と実利を伴う強固な絆を完成させる配置。,あなたは、野心的な構築力をもって対人関係に責任感を持って堅実に向き合い、確固たる信頼関係を築き上げます。社会的信用に基づいた厳格で誠実なパートナーシップを通して、共に大きな成果を収める喜びを知るでしょう。
Saturn,Capricorn,8,共有する財産や関係に責任を持ち、確かな変革を促す,共有する財産や深い関係に責任を持ち、着実な努力を通じて、真の変革と再生を形にしていくでしょう。,確かな意志力と統率力で、物事を再生させる計画を立て、責任を持って変革を促せるでしょう。,深い関係において、権力や支配欲が強くなりがちです。相手の立場を尊重し、信頼を深めることが大切です。,深い関係では責任と覚悟が強く、お互いに重みのある揺るぎない信頼関係を築きやすいでしょう。,組織の深部を見通す力と不屈の精神で、資産管理や再生実務で真価を発揮し大成を遂げるでしょう。,猜疑心を抑え他者と誠実にリソースを共有することで、個人の力を超えた大きな社会的価値を成し遂げられます。,共有資産や伝統的な権利を厳格に管理する責任を全うし、家系の力を盤石に維持する配置。,あなたは、野心的な構築力をもって共有する財産や深い関係に責任を持ち、着実な努力を通じて真の変革と再生を促します。家系の資産や伝統的な組織の維持において重い責任を果たし、大きな権威を継承していくでしょう。
Saturn,Capricorn,9,広い視野で探求し、人生の哲学を堅実に築き上げる,広い視野と実践的な学びを通して、試練を乗り越えながら人生の哲学を堅実に築き上げていくでしょう。,現実的な哲学と探究心で学びを深め、揺るぎない信念を構築する力が強みです。,自分の考え方に固執しやすく、新しい知識や視点を受け入れにくいかもしれません。柔軟な思考を心がけましょう。,自分の信念を現実的に築き上げ、常に筋道のある論理的な考え方をする人として見られやすいでしょう。,実用的な哲学と長期的な視点で、学問研究や法律、教育活動で着実な発展を収めるでしょう。,抽象概念を現実の成果に結びつける意識で、広い視野が人生を導く知恵となり周囲の信頼も高まります。,社会の規律や古の知恵をストイックに究め、格式高い哲学を人生の不動の指針とする配置。,あなたは、野心的な構築力と広い視野で探求を深め、人生の哲学を堅実に築き上げる使命を帯びています。社会の根幹をなす法や規律をストイックに学び、現実的な真理を確立することで、多くの人の精神的な支柱となるでしょう。
Saturn,Capricorn,10,社会的役割に責任を持ち、確固たるキャリアを達成する,社会的な役割に責任感を持って取り組み、粘り強く努力することで、確固たるキャリアを築き上げます。,社会的な統率力と信頼感で、着実に実績を構築し、責任を持ってキャリアを達成できるでしょう。,社会的評価にこだわりすぎ、周囲に対して厳しくなりがちです。共感の心を忘れずに接すると良いでしょう。,社会的な場では責任感と統率力が際立ち、確かな実績で周囲からの信頼を得る人物になりやすいでしょう。,実績と責任を地道に積み重ねることで、社会的に確固たる地位を確立しやすいでしょう。,名声に執着せず真理に従って行動することで、周囲から尊敬される指導者としての地位を不動にできます。,あらゆる試練を乗り越え、組織の頂点で強大な権威を振るい、社会の秩序を維持する地位を得る配置。,あなたは、野心的な構築力をもって社会的な役割に責任感を持って取り組み、確固たるキャリアを築き上げます。一切の妥協を排した粘り強い努力を重ねることで、揺るぎない地位と名声を確立し、社会の頂点を極める実力を手にするでしょう。
Saturn,Capricorn,11,仲間との関係に責任を持ち、未来への理想を着実に形にする,仲間との関係に責任を持ち、未来への理想を掲げながら、着実な努力で夢を形にしていくでしょう。,仲間と共に未来の理想を計画し、組織を構築する統率力で着実に形にする力があります。,集団を支配しようとしたり、閉鎖的になりがちです。多様な意見を取り入れることで、より良い未来を築けます。,仲間との活動では計画性と実行力を発揮し、集団の目標を着実に形にする頼れる人として評価されやすいでしょう。,現実的なビジョンと仲間への責任感で、組織運営や社会変革を目的とした活動でリーダーシップを発揮します。,現状に満足せず未来の変化を仲間と受け入れることで、普遍的な大きな目的を確実に達成できるでしょう。,志の高い実力派の仲間とだけ繋がり、具体的で秩序ある未来のシステムを構築・維持する配置。,あなたは、野心的な構築力をもって仲間との関係に責任を持ち、未来への理想を着実な努力で形にしていきます。志高い実力者たちとの結束を築き、組織の中核として社会貢献を果たすことで、未来を動かす大きな夢を実現するでしょう。
Saturn,Capricorn,12,内なる世界に責任を持ち、地道な努力で癒しを達成する,内なる世界に責任を持って地道に努力し、試練を乗り越えることで、確かな癒しと解放を形にするタイプです。,高い精神的忍耐力と内省力で、地道な努力を続けながら、内面の癒しを達成できます。,感情を抑え込み、孤立しがちになるかもしれません。自分の気持ちを認め、穏やかな時間を持つことが大切です。,表では控えめでも内面に強い責任感を抱え、静かに周囲や全体を支える人として映りやすいでしょう。,静かな自己探究と実務能力を活かし、匿名での社会貢献や精神的な基盤の整備で大きく発展するでしょう。,孤独を恐れず内省の時間を育むことで、潜在意識の知恵を現実で役立てる具体的な方法が湧いてくるでしょう。,内なる責任感や孤独を究極の自律心に変え、人知れず世界を支える精神的な巨頭となる配置。,あなたは、野心的な構築力をもって内なる世界に責任を持ち、地道な努力で深い癒しと解放を達成します。内面の自責の念を静かに浄化し、精神的な規律を学ぶことで、人知れず他者を支える安寧の力を獲得するでしょう。
Saturn,Aquarius,1,革新的な方法で自分を確立し、未来に責任を持つ,革新的な方法で試練を乗り越え、未来を見据えたあなたらしい独自の個性を確立していくタイプです。,強い独立心と構想力で、革新的な自己表現を確立し、改革を責任を持って管理できるでしょう。,独自の理想を追求しすぎて孤立しがちです。異なる意見にも耳を傾けることで、視野が広がるでしょう。,個性的でありながら適度な距離感を保ち、独自の視点を持つ真面目な人として見られやすいでしょう。,独創的な思考力と客観性で、最新技術や社会改革、自由な立場で独自の地位を築けるでしょう。,論理だけでなく他者の感情にも配慮する柔軟さが、先見性を多くの人に受け入れられる力へと変えるでしょう。,変人扱いへの恐怖を乗り越え、独創的でありながら論理的な説得力を持つ、時代の先駆者となる配置。,あなたは、博愛的な独立心と革新的な視点を持ち、未来を見据えた独自の個性を確立する責任を担っています。迎合することなく自律した自己を貫き、論理的な一貫性で周囲からの揺るぎない信頼を築き上げるでしょう。
Saturn,Aquarius,2,革新的な視点で価値を創造し、経済的基盤を確かなものにする,革新的なアイデアを活かして試練を乗り越え、揺るぎない自己価値と確かな経済基盤を築くタイプです。,独自の視点で革新的な価値を生み出し、責任ある管理力で豊かな財産を築き上げます。,独自の価値観に固執しすぎると、経済的な面で不安を感じやすくなります。柔軟な発想でチャンスを掴みましょう。,自分なりの価値観をしっかりと守り、周囲に流されることなく自分の道を歩む人という印象を与えやすいでしょう。,革新的な価値観と合理性で、デジタル資産や最新技術、独自のスキルを収益に変えていくでしょう。,物質的な安定だけでなく社会全体の利益を意識すると、経済的成功と精神的自由を同時に得られるでしょう。,革新的な方法での稼ぎ方に責任を負い、既存の枠に囚われない自由な経済基盤を確立する配置。,あなたは、博愛的な独立心と革新的なアイデアを活かし、揺るぎない自己価値と確かな経済基盤を築き上げます。革新的な技術やネットワークを駆使して自立した経済基盤を確立し、所有に固執しない新しい富の管理を身につけるでしょう。
Saturn,Aquarius,3,革新的な学びを深め、独自の視点で発信し着実に形にする,革新的な視点で学びを深め、試練を通じて得た知識を責任感を持って独自の言葉で発信していくでしょう。,革新的な知性と企画力で発想を整理し、独自の思考を着実に伝達できる強みがあります。,独自の考えに偏り、共感を得にくい発言をしがちです。相手の立場に立って言葉を選ぶと良いでしょう。,考え方や発言に独自性と慎重さが共存し、知的で筋の通った人として周囲から見られやすいでしょう。,論理的な言葉選びと巧みな表現力で、SNSやプログラミング、情報発信で高い信頼を得て発展します。,情報の美しさだけでなく心に響く表現を追求することで、説得力が多くの人を動かす力になるでしょう。,斬新な情報を発信することに慎重を期し、客観的で裏付けのある知的な革命を先導する配置。,あなたは、博愛的な独立心と革新的な視点で学びを深め、独自の知識を責任感を持って着実に発信します。常識を疑う客観的な知性に基づいた合理的な伝達を確立し、独創的な視点で社会に貢献していくでしょう。
Saturn,Aquarius,4,新しい家族の形や安心できる場所を責任を持って築く,新しい家族の形や安心できる心の居場所を、責任感を持って着実に築き上げていくタイプです。,革新的な意識と自立心で、新しい形の家庭や安心できる基盤を責任を持って築き上げます。,理想を優先しすぎて、家庭が疎遠になり感情が希薄になりがちです。温かい心で家族と向き合うと安心です。,親しい人とも一定の自由な距離感を保ち、さっぱりしつつ責任感のある関係を築きやすいでしょう。,自由で論理的な家庭を築き、在宅ワークや交流の場としての家作りなど、新しい生活基盤で発展を遂げます。,家族に理屈だけでなく情緒的な対話を大切にすることで、信頼が深まり揺るぎない安心感が生まれます。,個の自由を尊重し合う特異な家庭環境を維持する責任を負い、開かれた居場所を管理する配置。,あなたは、博愛的な独立心をもって、新しい家族の形や安心できる心の居場所を責任感を持って築き上げます。個のプライバシーを尊重し合う自由な家庭運営を確立し、安定した居場所を維持することで、精神的な拠り所を創造するでしょう。
Saturn,Aquarius,5,革新的な表現で創造性を追求し、責任を持って形にする,革新的な自己表現を追求し、創造性を責任感を持って形にすることで、人生の楽しみを築き上げます。,個性を鍛錬し、革新的な発想で自由な創造性を追求し、責任を持って表現する力に優れています。,恋愛や創造性において、自己中心的になり感情が希薄になる傾向があります。相手の気持ちを大切にしましょう。,自己表現は独自性と抑制が調和し、型にはまらない真面目な魅力として印象に残りやすいでしょう。,斬新なセンスと独創性を活かし、デジタルアートやイベント企画、自由な発想を形にする分野で才能が爆発します。,楽しみを比較せず直感的な表現を追求することで、時代に左右されない確かな実績を築けるでしょう。,独創的な趣味や表現にストイックに取り組み、最新技術を駆使して価値ある成果を形にする配置。,あなたは、博愛的な独立心をもって革新的な自己表現を追求し、創造性を責任感を持って形にします。独自のテクノロジーや先進的な美学を用いた創作活動を継続することで、人生の楽しみを築き、揺るぎない創造的な自由を手にするでしょう。
Saturn,Aquarius,6,革新的なアプローチで仕事に取り組み、着実に成果を出す,革新的なアプローチで仕事に取り組み、試練を乗り越えることで、着実に成果やより良い習慣を築くでしょう。,革新的な発想で仕事の改善に取り組み、着実に成果を出す分析管理能力に優れています。,独自のやり方にこだわりすぎると、周囲との協調性が失われがちです。チームワークを意識すると良いでしょう。,仕事や役割では独自の工夫を堅実に形にし、発想力のある実務家として高く評価されやすいでしょう。,革新的なアプローチで仕組みを整え、着実に業務改善を進めながら成果を出せるでしょう。,自分を犠牲にせず適度に意見を伝えることで、高いパフォーマンスと良好な関係を保てるでしょう。,合理的なシステム構築を仕事の現場で完遂し、人道的な視点を保ちながら業務を改革する配置。,専門知識と独立した視点から、仕事の現場における非効率な慣習や仕組みを大胆に刷新していくでしょう。合理的なシステムを構築する中で、人々の感情や対話を大切にすることで、確かな成果と信頼を築き上げます。
Saturn,Aquarius,7,革新的な対人関係を築き、協力しながら責任を果たす,試練を乗り越え、共に成長できる革新的な関係を築き、パートナーと協力して責任を果たすことを大切にします。,独立した関係性を築きながら、革新的なアイデアを共有し協力できる責任感があります。,自分の考えに固執し人との間に距離を作りやすいので、時には柔軟な姿勢で心を開くと良いでしょう。,一対一の関係では対等さと自由を尊重し、距離感を保ちながら誠実に向き合う人として映りやすいでしょう。,公平な交渉力と進歩的な社交術を武器に、革新的な対人関係を築き、グローバルな提携で大成します。,相手に合わせすぎず対等に話し合うことを意識すると、真の相互理解が深まるでしょう。,依存のない自立した対人関係を求め、互いの個性を尊重し合うクールで強固な絆を築く配置。,人間関係において、お互いの自立を尊重しながら、しがらみのない対等で風通しの良い絆を築くことを大切にします。理性的な視点で関係性を構築する一方で、心の温かさを忘れずに共有することで、共に成長できる協力者との関係を深めていけるでしょう。
Saturn,Aquarius,8,共有や変革に責任を持ち、新しい未来の形を創造する,困難を乗り越え、人との深い絆や共有財産を、新しい価値観で着実に築き上げていく性質です。,深い洞察力で心理的な変革を促し、新しい未来を創造する責任感に優れています。,極端な考えに囚われ孤立しやすいため、他者と深く関わる際は、相手の意見も尊重することを意識しましょう。,深い関係でも自立性を大切にし、独自の距離感を保ちながら慎重に信頼を築く傾向があります。,物事の本質や新しいシステムを見抜く力を活かし、変革に責任を持ちながら、独自の交渉や研究で発展します。,猜疑心を抑え客観的な判断を心がけることで、社会に大きな変容をもたらすことができるでしょう。,共有する理念やシステムのアップデートに責任を負い、知的な融合を通じて関係を刷新する配置。,共有する資源やシステムに対し、透明性と合理性を重んじながら、新しい価値観で責任を持って管理し、確かな変革を促します。表面的な調和だけでなく、時には本音をぶつけ合うことで、人との深い絆を育み、組織や関係性における真の変容と成長を実現するでしょう。
Saturn,Aquarius,9,革新的な探求を深め、高い理想の実現に責任を持つ,広い視野と探究心で、既存の考え方を越える哲学や学問を責任を持って確立していくタイプです。,革新的な思想で物事を深く探求し、高い理想を着実に実現する責任感があります。,自分の理念に固執しすぎて視野が狭くなりがちです。新しい学びには、先入観なく触れることを心がけると良いでしょう。,独自の思想や視点を深め、理性的で一貫性のある誠実な人として周囲から見られやすいでしょう。,高い理想と客観的な探求心で革新的な学びを深め、先進的な思想を広める役割で責任を持って拡大を遂げます。,知識を整理し自身の信念を行動に移すことで、広い視野が人生を導く力強い知恵となるでしょう。,博愛主義や宇宙の法則を論理的に検証し、人類の進歩に貢献する普遍的な真理を確立する配置。,特定の枠にとらわれず、広い視野で真理を探求し、人類の進歩に貢献する普遍的な価値体系を責任を持って確立しようとします。その高い理想や深い洞察を、現実世界に根差した地道な検証を通じて具現化することで、確固たる知識と英知を築き上げていくでしょう。
Saturn,Aquarius,10,革新的なアイデアで社会に貢献し、責任を持って目標達成,社会的な使命を革新的な視点で捉え、困難を乗り越えて責任ある役割を確立していくでしょう。,革新的な社会構想を描き、それを実現するための企画力と統率力に優れています。,権威に反発しやすく、社会での評価や目標達成において周囲と衝突しがちです。柔軟な姿勢が道を拓きます。,社会的な場では個性と責任感が際立ち、新しい流れを現実にする頼れる人として評価されやすいでしょう。,革新的なアイデアで社会に貢献し、独自性と構造化する力で責任ある社会的役割を築きやすいでしょう。,他人の評価に惑わされず信念に基づき誠実に語ることで、周囲から心から尊敬されるでしょう。,革新的な活動を社会的な使命として果たし、ネットワーク型のリーダーとして成功を築く配置。,革新的な視点と独立した精神で社会的な使命に取り組み、既存の枠を超えた新しいリーダーシップを確立していきます。時代の先駆者として大きな成功を収める一方で、周囲との協調を大切にし、戦略的な調和を保つことで、より強固な基盤を築けるでしょう。
Saturn,Aquarius,11,仲間との絆を大切にし、革新的な理想を現実にする,未来を見据えた理想を掲げ、信頼できる仲間たちと協力しながら、新しいコミュニティを築き上げる性質です。,仲間と共に革新的な未来を企画し、理想を現実にするための優れた統率力があります。,高い理想を追求しすぎて、仲間との足並みが乱れることがあります。時には周りと協力し、調和を大切にしましょう。,仲間の中では未来志向と独自性を発揮し、集団の枠組みを整える頼りになる存在になりやすいでしょう。,平和的な対人センスと広いネットワークを活かし、革新的な理想を現実にする仲間との活動で発展します。,個人の意見を大切にしつつ全体の調和を図ることで、独自のビジョンが仲間に支持されるでしょう。,理想を夢見るだけでなく現実化する責任を負い、強固な志を持つ仲間と未来の土台を作る配置。,未来を見据えた壮大な理想を掲げ、志を同じくする仲間たちと共に、革新的なコミュニティや社会活動の基盤を築き上げます。友情と責任感を大切にしながらも、自分自身を縛りすぎることなく、フラットな関係性の中で最大限の力を発揮し、理想を現実へと導くでしょう。
Saturn,Aquarius,12,内なる世界を見つめ、革新的な方法で癒しを確立する,内面の課題に客観的に向き合い、古い概念を手放すことで、自分らしい癒しと解放の道を確立します。,内面を見つめ、直感的な構想で精神的な革新を促し、癒しを確立する力があります。,自分の世界にこもりがちで、現実離れした思考に陥りやすい傾向があります。内面の声と現実のバランスを意識しましょう。,表には出しませんが内面の自由意識が強く、思慮深く独自の視点を持つ人として映りやすいでしょう。,豊かな想像力で内なる世界を見つめ、目に見えない情報を整理し、革新的な方法で癒しを確立するでしょう。,一人の時間を大切にし内面を整えることで、周囲に惑わされずクリアな直感を活かせるでしょう。,人類の幸福への祈りを静かに統制し、一人の時間で目に見えない次元の革命を密かに進める配置。,孤独な時間の中で深く内省し、潜在意識の領域にある課題や古い概念に客観的に向き合うことで、革新的な癒やしと精神的な解放の道を確立します。内なる絶対的な自由を手に入れる一方で、社会との健全な繋がりを保ち、その洞察を周囲に還元していくことで、より豊かな人生を創造できるでしょう。
Saturn,Pisces,1,思いやりを持って自分を確立し、内なる責任を果たす,試練を乗り越えながら、感受性豊かな自分らしさを確立し、周りに共感を呼ぶような印象を築きます。,深い共感力で他者を受け止めながら、自分を確立できる責任感と精神的な感受性が強みです。,自分らしさが曖昧になりやすく、不安や他人の感情に影響されがちです。時には立ち止まり、自分の軸を明確にしましょう。,やわらかな雰囲気の中にも慎重さがにじみ出て、静かで思慮深い人として見られやすいでしょう。,深い共感力と誠実さで思いやりを持って自分を確立し、人の心に寄り添う職種で着実な地位を築けます。,境界線を保ち感受性を信じることで、周囲に振り回されず本来の癒やしの力を発揮できるでしょう。,境界線のなさに伴う混乱を自制し、深い慈悲を持ちながらも現実を直視できる個性を確立する配置。,深い共感力と豊かな感受性を持ちながらも、その力を健全にコントロールすることで、癒やしや芸術を通じて唯一無二の自分らしさを確立していきます。自己犠牲に陥ることなく、自らの精神的な境界線を明確に保つことで、周囲に安心感と共感をもたらす、確固たる存在となるでしょう。
Saturn,Pisces,2,思いやりを持って価値を創造し、着実に財産を築き上げる,困難を乗り越えて、共感力や奉仕の精神を活かし、自分らしい価値ある財産を築き上げていくでしょう。,豊かな感性で芸術的な価値を創造し、共感を呼びながら着実に財産を築ける力があります。,価値観が曖昧で衝動的に浪費したり人に依存しやすい傾向があります。本当に大切なものを見極める習慣が安心に繋がります。,自分の価値観を感性と現実の両面から大切に守り、やさしさの中にも芯の強さを感じさせるでしょう。,優れた直感と感性で精神的な価値を創造し、芸術や癒やしを通して着実に財産を築き安定できるでしょう。,物質的な成功と同時に内面的な充足感を大切にすると、心の平安も手に入れられるでしょう。,目に見えない価値への投資に慎重を期し、直感と現実的な管理を両立させて富を維持する配置。,豊かな感性と深い共感力を活かし、直感から生まれる独自の価値を、着実な実務管理によって具体的な財産へと変えていきます。他者への健全な奉仕を大切にする一方で、経済的な自立心を持つことで、晩年に向けて安定した豊かな生活基盤を築き上げることができるでしょう。
Saturn,Pisces,3,心を込めた学びを深め、責任を持ってメッセージを伝える,感受性豊かな視点で情報や知識を深く学び、人々の心に寄り添う言葉で伝えることを大切にするタイプです。,豊かな感性で相手を深く理解し、想像力豊かな対話で共感性の高いメッセージを伝えられます。,思考が混乱しやすく、発言が曖昧になりがちです。言葉にする前に一度整理すると、周りにも伝わりやすくなります。,言葉はやわらかく慎重さがあり、相手に静かに寄り添う聞き上手な話し相手として受け取られやすいでしょう。,情緒的なコミュニケーション能力で心を込めた学びを伝え、優しさが求められる現場で信頼と発展を得ます。,直感的な閃きを論理的に整理して伝えることで、説得力が心に響く知恵となるでしょう。,詩的な感性を論理的な言葉にする責任を負い、目に見えない救いを具体的に伝える配置。,詩的で繊細な感性から得た直感を、正確で温かい言葉に昇華させ、人々の心に深く響くメッセージを責任を持って伝えていきます。豊かな共感力で信頼を築く一方で、現実的な根拠や客観的な視点を大切にすることで、より多くの人に確かな希望と癒やしをもたらすでしょう。
Saturn,Pisces,4,思いやりを込めて基盤を築き、安定した心の拠り所にする,心の安らぎとなる家庭や心の拠り所を、深い共感と責任感を持って着実に築き上げる性質を持っています。,家庭や居場所に共感と包容力をもたらし、心の拠り所となる癒しの基盤を築ける責任感があります。,家庭や身近な関係に依存しやすく、感情の境界線が曖昧になりがちです。自立心を育むことで、心の安定が図れます。,親しい人には深い情と強い責任感を向け、静かに相手を支える頼りになる存在になりやすいでしょう。,献身的な愛情と思いやりで安定した基盤を築き、家族のケアや癒やしの空間作りで真価を発揮します。,他者の感情を吸収しすぎないよう静かな時間を確保すると、情緒的な安定と安らぎを得られます。,情緒的な混乱を整える調整役を家庭内で担い、無条件の愛を現実の形として維持する配置。,深い慈愛と責任感をもって、家族や大切な人々のための安定した心の拠り所を、聖域のように静かで安らげる場所として着実に築き上げます。無条件の愛を注ぎつつも、健全な境界線を保ち、相手の自立を尊重することで、真に強く、穏やかな基盤を育むことができるでしょう。
Saturn,Pisces,5,感受性を活かして創造し、責任を持って表現する,試練を経て、豊かな感受性を活かした表現や創造性を磨き、責任感を持って自分らしさを確立するでしょう。,豊かな感受性で芸術的な創造を深め、ロマンを責任を持って表現できる力があります。,恋愛に幻想を抱きやすく、感情が迷子になりがちです。現実と理想のバランスを意識することで、より穏やかな関係を築けます。,自己表現に夢や感性がにじみ出ますが、抑制が効いているため、繊細で印象的な魅力として残るでしょう。,溢れる想像力と繊細な表現力で、感受性を活かし、夢のあるクリエイティブな分野で才能を確立します。,楽しみを形に残す努力をすることで、一時のインスピレーションが価値ある作品へ昇華されるでしょう。,夢想を空論に終わらせず、ストイックな創作を通じて神秘的な悦びを形ある作品へと昇華させる配置。,豊かな感受性と想像力を活かし、芸術や癒やしの活動を通じて、責任感を持って形ある価値を創造し、確固たる自分らしさを表現します。一見夢想的なアイデアも、ストイックな探求心と誠実な愛をもって現実世界に昇華させることで、人々の心に深く響く作品を生み出すことができるでしょう。
Saturn,Pisces,6,人に寄り添う仕事で、責任感を持ち日々の課題に取り組む,人に寄り添う奉仕の精神を持ち、日々の仕事や習慣を責任感と共感力で着実に形にしていく性質です。,深い共感力と献身的な奉仕の精神で、人々に癒しをもたらす責任感があります。,責任感から自己犠牲しやすく、疲労が蓄積しがちです。休息をしっかり取り、自分の限界を尊重することが大切です。,相手にやさしく寄り添いながらも責任感を持ち、献身的に役割を果たす人として見られやすいでしょう。,人に寄り添う仕事に責任感を持ち、見えにくい負荷も引き受けながら、粘り強く日々の業務を支えやすいでしょう。,周囲の期待に応えつつも自分を大切にすることで、安定した成果と健康な生活を両立できます。,苦しむ人への奉仕を義務として果たし、現場の混乱を慈悲と規律で浄化する役割を担う配置。,深い共感力と奉仕の精神をもって、人々の心身の不調や現場の混沌を癒やし、日々の業務に秩序と調和をもたらす役割を責任感を持って果たします。誰かの支えとなる喜びを感じる一方で、自己犠牲に陥ることなく、自分自身を大切にすることで、長期的に健全な形で貢献し続けることができるでしょう。
Saturn,Pisces,7,人との共感から生まれる関係に、誠実に向き合い責任を果たす,困難を乗り越え、相手への深い共感と責任感を持って、信頼できるパートナーシップを築き上げるでしょう。,他者と深く共感し、包容力と責任感を持って癒しの交流関係を築けるのが強みです。,人との関係で依存しやすく、感情の境界線が曖昧になりがちです。健全な距離感を意識すると、より良い関係が育めます。,一対一の関係では共感を大切にし、責任感のある受容的な誠実な相手として映りやすいでしょう。,深い共感力と社交性を武器に、人との共感から生まれる情緒的な関係に誠実に向き合い発展するでしょう。,相手の影響を受けすぎないよう自立心を育むことで、刺激し合える関係を築けるでしょう。,境界線のない依存を戒め、互いを救い合いながらも自立した、魂レベルでの誠実な絆を築く配置。,魂のレベルで共鳴する深い共感力を持ち、互いの自立を尊重し合える、誠実で信頼できるパートナーシップを責任感を持って築き上げます。理想を追い求めつつも、相手の現実を直視する勇気を持ち、依存関係に陥ることなく、真に強く温かい絆を育むことができるでしょう。
Saturn,Pisces,8,他者との深い絆を通じて、自分自身の変容に責任を持つ,人との深い絆を通じて試練を乗り越え、共感力で共有の価値や精神的な再生を責任を持って形にします。,深い精神的洞察力と共感力で、自己の変容を促し、新しい自分に生まれ変わる力があります。,深い関係において執着や幻想を抱きやすく、感情が極端になりがちです。冷静さを保ち、現実を見つめることで穏やかになれます。,深い関係では境界を越えて共感しつつも慎重で、静かに信頼の厚い絆を築く傾向があるでしょう。,直感的な洞察力と癒やしの力で、他者との深い絆を通じて、自分自身の変容に責任を持って発展します。,他者との深い融合を恐れず変容を受け入れることで、社会に大きな癒やしをもたらすでしょう。,情緒的な一体化に伴う痛みを責任持って受け入れ、深い慈悲を通じた自己の浄化を完遂する配置。,他者との深い絆や共有の経験を通じて、目に見えないエネルギーや心理的な変容のプロセスに責任を持って向き合い、精神的な再生を促します。困難な状況や負の感情に深く共感しつつも、それに同化することなく、自己の浄化と成長を果たすことで、真の癒やしと力を得られるでしょう。
Saturn,Pisces,9,広い視野で探求し、共感力で真理を深く追求する責任,感受性豊かな視点で真理を探求し、困難を乗り越えながら、独自の哲学や高い学問を確立していくでしょう。,精神的な探求心と共感の哲学を持ち、真理を深く追求する責任感に優れています。,理想や幻想に囚われやすく、現実的な学びや視野が曖昧になりがちです。地に足をつけて物事を考えることが大切です。,理想や精神性を真剣に受け止め、感性豊かで揺るぎない信念を持つ人として見られやすいでしょう。,高い理想と人道的な精神で広い視野を探求し、世界に癒やしをもたらす思想を広める役割で大成します。,直感的な知識を行動に移すことで、広い視野が社会を導く力強い知恵へと進化するでしょう。,無条件の愛を真理としてストイックに探求し、神秘的な学びを通じて魂の救済を理論化する配置。,無条件の愛や霊的な真理を深い共感力で探求し、厳格な学びを通じて独自の哲学や高い学問を責任を持って確立していきます。神秘的な領域に深く没頭しつつも、それを現実社会に応用する地に足のついた実践を繰り返すことで、揺るぎない英知と人々の救済をもたらすことができるでしょう。
Saturn,Pisces,10,社会貢献に共感を活かし、責任ある役割を確立する,共感力と奉仕の精神を活かし、社会的な責任を果たすことで、着実に自分の使命と評価を確立します。,深い社会共感と包容力で人々を癒し、責任感を持って社会に貢献できるのが強みです。,社会での評価を気にしすぎたり、現実から目を背けがちです。自分の内なる声に耳を傾け、自立した判断を心がけましょう。,社会的な場でもやわらかな責任感がにじみ出て、周囲を優しく包み込むような包容力のある人として受け取られやすいでしょう。,献身性と受容力を活かした社会貢献に共感を持ち、責任ある支援的立場で信頼を得やすいでしょう。,肩書きにこだわらず内なる真理に従うことで、周囲から心から尊敬される指導者となるでしょう。,福祉や芸術の分野で重い責任を負うが、人々の心の拠り所となる確固たる地位を築く配置。,深い共感力と慈愛の精神を活かし、芸術や福祉、医療といった分野で人々の期待に応える責任ある役割を全うすることで、確固たる社会的使命と評価を確立します。公的な成功を収める一方で、内面的な静寂を守る時間を大切にし、心身のバランスを保つことで、長期的に献身的な貢献を続けることができるでしょう。
Saturn,Pisces,11,仲間との絆を大切にし、共感力で未来を共に創る責任,感受性豊かな仲間との絆を大切にし、共感力と責任感を持って、理想の未来を共に築き上げるでしょう。,仲間と深く共感し、癒しと想像力で未来を共に企画できる責任感があります。,仲間との関係で依存しやすく、理想が曖昧になりがちです。自分の意見を大切にし、自立した交流を心がけると良いでしょう。,仲間に対しては共感的に関わり、責任を持って静かに場を支える、信頼できる存在になりやすいでしょう。,自由な精神で理想を共有する仲間との絆を大切にし、共感力で未来を共に創る活動で中心的な役割を担います。,個人の自由を大切にし共通の目的に協力すると、独自のビジョンが仲間に支持されるでしょう。,平和へのビジョンを現実の行動にする責任を負い、癒やしのコミュニティを組織的に支える配置。,感受性豊かな仲間たちと共に、理想とする平和な未来のビジョンを共有し、その実現に向けて献身的な共感力と責任感を持って現実的な基盤を築き上げます。仲間への深い善意を大切にしつつも、それが重荷とならないよう健全なバランスを保つことで、真の幸福に満ちたコミュニティを創造していくことができるでしょう。
Saturn,Pisces,12,内なる声に耳を傾け、癒しの責任と課題に向き合う,内なる癒しや解放に向き合い、試練を通して無意識の課題に共感的に寄り添い、責任を持って手放すでしょう。,内なる精神と共鳴し、直感的な洞察力で癒しの課題に責任を持って向き合える力があります。,現実逃避しやすく、自分を見失いがちです。内なる世界と現実のバランスを取り、自分の居場所を見つけることを意識しましょう。,表には出にくい深い共感性と責任感を持ち、静かに相手を受け止める包容力のある人として映りやすいでしょう。,豊かな想像力で内なる声に耳を傾け、瞑想や芸術を通じた普遍的な癒やしの分野で実力と安定を発揮します。,孤独を恐れず静寂の中で内面を整えることで、インスピレーションを現実で活かす知恵が湧くでしょう。,宇宙的な孤独を静かに受け入れ、一人の時間で深い祈りと浄化を行うことで、絶対的な平安を得る配置。,内なる悲しみや無意識の課題に深い共感力を持って向き合い、精神的な浄化と統制を繰り返すことで、癒やしと解放の道を責任感を持って確立します。宇宙的な孤独を受け入れ、潜在的な不安をすべてを許す力に変えるほどの忍耐を持つことで、内なる絶対的な平安と守護を手に入れることができるでしょう。
Uranus,Aries,1,既存の枠を破り、自分らしく新たな道を切り開く,既存の枠にとらわれず、自分らしく自由に、周りの人を驚かせるような個性的な魅力を発揮していくタイプです。,既存の枠を打ち破る革新力と突破力で、自分らしく新しい道を切り開く自立心が強みです。,自分のやり方で急進的に進むあまり、周りとの間に断絶が起きやすい傾向があります。時には立ち止まり、周囲との調和を意識しましょう。,率直で独立心が強く、自分のペースを大切にする個性的な人として周囲から見られやすいでしょう。,独自の価値観と独創的な行動力で、既存の枠を破り自分らしい新たな道を切り開き周囲を驚かせるでしょう。,変化を恐れず直感に従うことで、革新的なチャンスを掴み自己実現が加速するでしょう。,強烈な個性を持ち、古い自分を壊し続けることで独自の道を切り拓く、天性の革命児配置。,既存の枠組みにとらわれず、直感的な行動力で自分らしい道を力強く切り開き、独自のアイデンティティを確立する天性のパイオニアです。その革新的な魅力は周囲を驚かせますが、単独行動に走らず、協調性を大切にすることで、より大きな変革の波を起こすことができるでしょう。
Uranus,Aries,2,自分の才能を革新的に使い、独自の価値を自由に生み出す,独自の才能やアイデアを活かし、これまでの常識にとらわれない方法で、自分だけの価値や財産を築き上げます。,独自の価値観で才能を革新的に活かし、自立して新しい豊かさを生み出す力に優れています。,価値観が変わりやすく、衝動的な消費で収入が不安定になることがあります。計画性を持つことで、安心感が得られます。,独自の価値観をはっきりと打ち出すため、他人に流されない芯の強い人という印象を与えやすいでしょう。,最先端テクノロジーを使い、独創的な稼ぎ方で才能を革新的に活かし、独自の価値を自由に生み出します。,所有の概念を刷新し資源を循環させることで、精神と物質の豊かさを両立できるでしょう。,独自の稼ぎ方や突発的な財運を持ち、経済的自立のために既存の枠を破壊する配置。,独自の感性と先駆的なアイデアを活かし、これまでの常識にとらわれない方法で、自分だけの価値や財産を自由に創造していきます。独創的な手段で経済的自立を果たす推進力を持つ一方で、計画性を持って金銭を管理することで、安定と豊かな未来を両立させることができるでしょう。
Uranus,Aries,3,斬新な発想で学びを深め、自由に意見を発信する,斬新な発想で情報を収集し、既存の枠にとらわれないユニークな言葉で、自分の意見を積極的に伝えます。,斬新な発想力と機転の利く伝達力で、独自の直感に基づいた意見を自由に発信できます。,思考が急進的で、奇抜な発言で周囲を驚かせがちです。一呼吸置いてから話すことで、円滑なコミュニケーションに繋がります。,発言や反応に切れ味があり、刺激的でテンポの良い活発な会話をする相手として見られやすいでしょう。,進歩的な思考と論理的な伝達力で、斬新な発想を自由に発信し、新しいネットワークで影響力を発揮します。,自説に固執せず多様な視点を取り入れることで、説得力ある知恵がより広がるでしょう。,ひらめきが稲妻のように鋭く、常識を覆す発言で周囲の知覚に風穴を開ける配置。,稲妻のような鋭いひらめきと斬新な言語センスで、既存の枠にとらわれない独自の知性を発揮し、周囲の知覚に新しい風を吹き込みます。知的好奇心旺盛に情報を探求し、自身のユニークな発想を積極的に発信する一方で、落ち着きを持って言葉を選ぶことで、より深く人々に理解されるでしょう。
Uranus,Aries,4,自分の基盤を刷新し、心のよりどころを自由に築く,伝統にとらわれず、自分らしい革新的な方法で、自由で心地よい家庭や心の拠り所を築き上げていくでしょう。,既存の概念を打ち破る革新力で、自分の基盤や心のよりどころを自由に築ける自立心があります。,安定を拒否しやすく、家庭や心の基盤で急な変化を求めることがあります。内なる衝動と現実のバランスを意識しましょう。,身近な関係でも自立性を大切にし、近しい人ほど自分らしい自由な距離感を保つ傾向があります。,自由で風通しの良い革新的な基盤を刷新し、在宅での研究や社会交流で心のよりどころを自由に築くでしょう。,一人の時間を確保し内面の落ち着きを保つことで、思考を建設的に制御できるでしょう。,家庭環境やルーツに突発的な変化が起きやすく、縛られない新しい居場所を自ら作る配置。,伝統的な価値観に縛られることなく、自分らしい革新的な方法で、自由で心地よい家庭や心の拠り所を自らの手で築き上げていきます。強い自立心から生まれる変化は、時に安らぎを求める心を揺るがすこともありますが、内なる落ち着きを大切にすることで、確かな基盤を確立できるでしょう。
Uranus,Aries,5,創造性を爆発させ、自由な発想で新しい喜びを生み出す,斬新なアイデアと自由な発想で、自分らしい喜びや創造性を追求し、型破りな方法で表現することを楽しみます。,創造性を爆発させ、情熱的な革新力で個性的な表現と新しい喜びを生み出せるのが強みです。,恋愛や創造面で衝動的に行動し、気分が暴走しがちです。時には冷静になり、じっくりと関係を育むことを大切にしましょう。,自己表現に勢いと独自性が溢れ、印象の強い個性的な人として人々の記憶に残りやすいでしょう。,斬新なアイデアと遊び心で創造性を爆発させ、デジタルアートなど新しいエンタメ分野で喜びを生み出します。,楽しみを感性のままに表現する時間を作ることで、閃きが多くの人に届く作品へ昇華されるでしょう。,斬新すぎる自己表現や、スリリングで予測不能な恋愛・遊びを通じて個性を爆発させる配置。,斬新なアイデアと型破りな手法で、自分らしい喜びと創造性を爆発させ、スリリングな表現を通じて周囲を驚かせます。強い個性を創造的な力へと転換する才能を持つ一方で、周囲への配慮を忘れず、健全なバランスを保つことで、その才能はさらに輝きを増すでしょう。
Uranus,Aries,6,働き方を革新し、日々の業務に自由な発想を取り入れる,既存の働き方にとらわれず、自由な発想で業務を革新し、効率的かつ創造的なルーティンを築き上げます。,日々の実務を革新的に改善し、自由な発想で効率を高める実務改革力に優れています。,既存のやり方に反発し、独断で仕事を進めがちです。過集中になりすぎず、周囲と協調する姿勢を大切にしましょう。,やり方に独自の工夫が表れやすく、仕事や日常の中で機動力があり、周囲を刺激する人として見られやすいでしょう。,素早い発想で現場のやり方を更新し、働き方を革新しながら日々の業務に自由な発想を取り入れやすいでしょう。,周囲と歩調を合わせる柔軟性を意識すると、高い実務能力が職場の信頼と協力体制を築くでしょう。,労働環境に劇的な変革をもたらし、独自の技術やスタイルで実務の常識を塗り替える配置。,既存の働き方や業務フローにとらわれず、独自の技術と自由な発想で革新をもたらし、効率的で創造的なルーティンを築き上げます。自律的な行動力で現場を刷新する才能を持つ一方で、自分のペースを大切にし、適度な緩和を取り入れることで、心身ともに健康的に貢献し続けられるでしょう。
Uranus,Aries,7,人間関係の枠を超え、新しい自由な繋がりを築く,既成概念にとらわれず、お互いの個性を尊重し合う、自由で新しいパートナーシップを築き上げることを好みます。,既存の関係の枠を超え、主体的な対話で新しい自由な繋がりを築く協働改革力があります。,人との関係で自己主張が強まり、対立が激化しやすい傾向があります。相手の意見にも耳を傾けることで、調和が生まれます。,一対一の関係では対等さと自由を強く求め、はっきりとした風通しの良い関係性を築きやすいでしょう。,独創的な社交性と交渉力で人間関係の枠を超え、国際ビジネスなどで新しい自由な繋がりを築き活躍します。,相手の自由を尊重し意志を誠実に伝えることで、刺激し合える協力関係を築けるでしょう。,対人関係に突然の出会いや別れが多く、互いに自立した電撃的な絆を求める配置。,既成概念にとらわれることなく、お互いの独立性と個性を尊重し合う、自由で刺激的なパートナーシップを築くことを喜びとします。新しい関係性を求める中で、急激な変化が衝突を招かぬよう、継続的な歩み寄りと対話を大切にすることで、深くて信頼できる絆を育んでいけるでしょう。
Uranus,Aries,8,限界を打ち破り、深い変容を通じて新たな自分に生まれ変わる,限界を打ち破る大胆さで、人との深い繋がりや共有の財産を、革新的な方法で大きく変容させていくでしょう。,限界を打ち破る変容力と深い洞察力で、常に新しい自分へと生まれ変われる再生力が強みです。,深い関係性で極端な反応を示しやすく、支配されることを拒否しがちです。時には相手に委ねることで、新しい発見があるでしょう。,深い関係ほど本音と自立性の両方を大切にし、濃密な繋がりと独自の距離感が共存しやすいでしょう。,深い洞察力と独自の探求心で限界を打ち破り、先端科学の研究や精神的な再生の職務で強みを発揮します。,他者との共有で理屈を捨て信頼を深めることで、社会に大きな変容をもたらすでしょう。,共有財産や絆に衝撃的な変容が訪れやすく、死生観や深い一体感において覚醒を経験する配置。,限界を打ち破る大胆な行動力で、共有の財産や深い人との絆を革新的に変容させ、精神的・経済的な再生を力強く果たします。極限状態で発揮される突破力は強みですが、強引な変革は摩擦を生むため、慎重な合意形成を心がけることで、真の覚醒と成長へと導くことができるでしょう。
Uranus,Aries,9,広い世界を探求し、自由な発想で新しい真理を発見する,広い世界を自由に探求し、既存の概念にとらわれない斬新な視点から、新しい真理を発見するタイプです。,自由な発想で思想を開拓し、古い信念を刷新しながら真理を探求する力に優れています。,独自の信念を衝動的に追い求め、視野が狭くなりがちです。時には立ち止まり、多様な考え方を受け入れることを意識しましょう。,自分の考えや信念を新鮮な形で語りやすく、周囲に刺激を与える独自の視点を持つ人として見られやすいでしょう。,高い理想と冒険的な知性で広い世界を探求し、自由な発想で新しい真理を発見する先駆者として発展します。,抽象的な理想を行動計画に落とし込むことで、広い視野が周囲を牽引する力強い知恵となるでしょう。,未知の思想へ突発的に飛び込み、伝統を打ち破る新しい真理をダイナミックに探求する配置。,既存の教義や枠にとらわれず、広い世界を自由に探求し、斬新な視点から独自の真理や思想をダイナミックに発見していきます。未知の領域へ飛び込む勇気を持つ一方で、客観的な視点を保ち、現実社会との接点を大切にすることで、その探求は真に深い英知へと繋がるでしょう。
Uranus,Aries,10,社会で新たな役割を創造し、既存の常識を打ち破る,既存の常識を打ち破り、自分らしく革新的な仕事や役割を社会の中で確立し、新しい評価を築きます。,既存の常識を打ち破る社会改革力と、新たな役割を開拓し統率する力があります。,社会での評価に対し反発しやすく、強硬な態度を取りがちです。周囲と協調することで、新たな道が開かれるでしょう。,社会的な場では先駆的な行動が目立ち、周囲を動かす改革的な存在として、注目を浴びやすいでしょう。,社会で新たな役割を創造し、既存の常識を打ち破る改革性や独立性で、新しい立場を切り開きやすいでしょう。,肩書きにこだわらず内なる真理を誠実に語ることで、心から尊敬される真の指導者となれるでしょう。,キャリアにおいて突然の転身を繰り返し、独自の肩書きで社会に新しい波を作る配置。,伝統的なキャリアパスにとらわれず、先駆的な行動力と革新的なアイデアで、社会に新しい波をもたらす独自の役割と地位を確立します。時代を先取りするリーダーシップを発揮する一方で、権威への反発心を戦略的な振る舞いに転換することで、組織内外から広く支持される存在となるでしょう。
Uranus,Aries,11,仲間と共に未来を創造し、新しい理想を自由に追求する,斬新なアイデアと未来への理想を胸に、志を同じくする仲間と協力して、新しいコミュニティを創造します。,仲間と共に未来を先導する革新的な企画力と、新しい理想を自由に追求する行動力が強みです。,高い理想に向かって独走しがちで、仲間との間に摩擦を生むことがあります。協調性を大切にすることで、理想が現実になります。,仲間の中でも率先して新しい流れをつくり、グループに刺激を与える起爆剤のような存在になりやすいでしょう。,進歩的なアイデアと仲間を鼓舞する力で、新しい理想を自由に追求し、未来志向のコミュニティ活動に貢献します。,個人の意見を尊重し調和を図ることで、独自のビジョンが仲間に支持され形になるでしょう。,急進的な理想を掲げる仲間と繋がり、古い社会構造を破壊する先駆的な活動を行う配置。,斬新なアイデアと未来への壮大な理想を胸に、志を同じくする仲間たちと共に、社会を刷新する新しいコミュニティを力強く創造します。進歩的なネットワークを築く才能を持つ一方で、理想を追求する情熱が周囲の理解を置き去りにしないよう、丁寧な対話を心がけることで、活動は着実に現実へと根差すでしょう。
Uranus,Aries,12,内なる世界を探求し、心の自由と革新を追求する,内なる声に耳を傾け、心の奥深くにある固定観念を手放すことで、自分らしい自由な癒しを追求します。,自分の直感を信じ、内なる世界を自由に探求し、心の奥底から新しい自分へと目覚めることができます。,内面の衝動に突き動かされ、現実から逃避し孤立しやすい傾向があります。心の声と向き合い、安定を意識しましょう。,表には出にくいですが、内面では強い自立心を持ち、独自の視点で物事を捉える傾向があります。,豊かな直感と想像力を活かし、人々に寄り添うカウンセリングや情報整理の分野で、独自の才能を発揮します。,心に湧き上がる衝動を言葉にする習慣を持つことで、あなたの直感が現実世界でより輝き、成長につながるでしょう。,潜在意識の中で革命的な直感が働き、人知れず精神世界の新しい扉をこじ開ける配置。,あなたの内なる世界では、古い固定観念を打ち破る革新的なエネルギーが密かに輝いています。自らの心の声に深く耳を傾け、精神的な自由と癒しを追求することで、あなたらしい新しい生き方が見出されるでしょう。
Uranus,Taurus,1,安定を基盤とし、自分らしさを刷新して自由に表現する,堅実なあなたですが、自分らしさの表現は常に新しく、自由な個性を周囲に印象づけるでしょう。,安定した土台を大切にしながらも、自分らしい新しい表現方法を追求し、個性豊かな魅力を発揮できます。,自分の考えに頑固になりがちですが、柔軟な姿勢を意識すると、新しい自分をスムーズに表現できるようになるでしょう。,落ち着いた印象を与えつつも独自の感覚がにじみ、静かな個性の持ち主として見られやすいでしょう。,安定を基盤に革新を融合させ、独自の美意識と五感を活かした自己表現で人々を惹きつけます。,変化を恐れず自分の感覚を信頼することで、これまでにない豊かな自己実現の道を切り拓けるでしょう。,安定を求める自分の中に突然の変革欲求が共存し、肉体や存在そのものを独自の形へ更新する配置。,あなたは堅実さを持ちながらも、自分らしい表現を常に新しく、自由に更新していく個性豊かな方です。確かな身体感覚と基盤を大切にしつつ、その中にしなやかな変化を取り入れることで、唯一無二の存在感を放ちます。
Uranus,Taurus,2,独自の才能で新しい価値を生み出し、財を自由に築く,堅実な価値観を持ちつつも、自分らしい発想で財を築き、経済的な自由を追求するタイプです。,堅実な基盤を築きつつ、独自の視点で新たな価値や資源を生み出し、経済的な自由を築ける才能があります。,物やお金への執着が強すぎると、急な変化に戸惑いやすいです。柔軟な視点を持つことで、安定しやすくなります。,自分の価値観や基準に独自性があり、芯が強く揺るがない感性を持つ人という印象を与えやすいです。,独創的な価値観と資源活用で、新しい収入源を築き、経済的な自由を実現できるでしょう。,所有への執着を手放し資源の共有を意識することで、物質的な安定と精神的な自由を同時に手に入れられます。,物質的な価値観が突然覆される経験を通じ、独自の感性による新しい富の概念を確立する配置。,あなたは堅実な価値観を持ちながらも、独自の才能と斬新な発想で新しい価値を生み出し、経済的な自由を追求します。具体的な成果を築き上げる力を持ちますが、変化の波を柔軟に捉えることで、より豊かな財を安定的に育んでいけるでしょう。
Uranus,Taurus,3,確かな知識を基に、新しい学びを自由に探求し発信する,堅実な知識をベースに、新しい情報や交流の形を探求し、独自の言葉で発信することを楽しむタイプです。,現実に基づいた確かな知識を基盤に、ユニークな発想と説得力で、新しい情報を伝える知性があります。,自分の考えに固執し、頑固な発言をしてしまいがちです。たまには新しい情報を試しに取り入れると、思考が深まります。,穏やかな話し方の中に独特の視点が混ざり、人には印象深く記憶に残る会話をする相手になりやすいでしょう。,鋭い五感と知性、伝達力を活かし、実務的な情報整理や独自の審美眼を活かした発信で影響力を発揮します。,感覚だけでなく客観的なデータも取り入れた表現をすることで、持ち前の説得力がさらに輝き、知恵となるでしょう。,五感に基づく情報収集に独自のルートを持ち、安定した知識に革新的な視点を持ち込む配置。,あなたは確かな知識を基盤とし、新しい学びを自由に探求しながら独自の言葉で発信していく探究者です。着実な学習と革新的な視点を融合させることで、周囲に新しい気づきをもたらすことができます。
Uranus,Taurus,4,安定した基盤の中で、心のよりどころを自由に刷新する,心の安定を重視しつつ、住まいや家族関係を刷新することで、心地よい基盤を自由に作っていくでしょう。,安定した基盤を大切にしながら、家庭や心のよりどころを自由に刷新し、安心できる場を築く力があります。,家庭や慣れた環境に固執しすぎると、変化を拒み孤立しがちです。少しずつ新しい刺激を取り入れると心が豊かになります。,親しい人との関係でも自分の居心地を大切にするため、独自の安心感を求める傾向があります。,革新的な視点で家庭環境を築き、住環境のデジタル化や新しい生活スタイル構築で発展するでしょう。,家族にペースを押し付けず対話を大切にすることで、家庭内の信頼が深まり、より安心感が生まれるでしょう。,住環境や基盤に予期せぬ変化が起きるが、最終的にハイテクで独自の心地よい居場所を築く配置。,あなたは心の安定を重視しながらも、住まいや家族との関係において、心地よい基盤を自由に刷新していくことを大切にします。伝統を尊重しつつも、合理性と快適さを追求することで、あなたにとって最適な心のよりどころを創造できるでしょう。
Uranus,Taurus,5,安定した土台の上で、自由な発想で喜びを創造する,安定した状況を好みつつ、遊びや恋愛、自己表現において新しいスタイルを大胆に取り入れ楽しむでしょう。,安定した環境の中で、独自の美意識と創造性を発揮し、人々に喜びを与える新しい楽しみを生み出せます。,楽しみや恋愛に執着しすぎると、所有欲が出てしまいがちです。相手の自由を尊重することで、関係がより調和します。,表現に感性の独自性が表れ、自然体なのに魅力的な個性を持つ人として周囲の印象に残りやすいです。,洗練されたセンスと遊び心を活かして、デザインや工芸、五感を刺激する新しい創作分野で才能を発揮しやすいでしょう。,評価を気にしすぎず純粋な楽しみを追求することで、一時の閃きが価値ある実績へと輝き成長につながります。,伝統的な美意識にデジタルや最新技術を融合させ、独自の悦びや創作の形を追求する配置。,あなたは安定した土台を好みながらも、遊びや恋愛、自己表現において自由な発想で喜びを創造する才能に溢れています。伝統的な美意識に独自の視点とエッセンスを加えることで、魅力的な表現スタイルを確立できるでしょう。
Uranus,Taurus,6,安定した仕事に変化を取り入れ、自由に自分らしく働く,堅実な仕事を基本に、習慣や業務プロセスを自由に革新し、独自の働き方を追求するタイプです。,堅実な実務の中で、常に新しい視点を取り入れ、効率的で持続可能な働き方を自由に構築できる能力があります。,仕事のやり方が硬直的になりがちで、変化に抵抗しやすいかもしれません。柔軟な発想で取り組むと、効率が上がります。,日常や仕事のやり方に独自の工夫が見られ、実務面でも自分流を持つ頼れる人として見られやすいでしょう。,安定を重視しながらも、既存業務に革新をもたらし、効率的な業務改善で組織を支える力となります。,自分を犠牲にせず適度な休息を意識することで、安定した高いパフォーマンスがさらに輝き、成長につながります。,ルーチンワークに独自の工夫を凝らし、最新のツールで実務を画期的に効率化する配置。,あなたは堅実な仕事の進め方を基本としつつも、日々の習慣や業務プロセスに革新的な変化を取り入れ、自分らしい働き方を追求します。粘り強く実務環境を改善する力は、常に合理的な判断を下す柔軟性と結びつくことで、最大限に発揮されるでしょう。
Uranus,Taurus,7,信頼できる関係の中で、自由な交流で新しい価値を創る,安定した人間関係を大切にしながらも、パートナーとの対等な関係を自由に刷新し、新しい価値を生み出します。,信頼に基づく安定した関係の中で、新しい視点を取り入れ、調和を保ちながら関係性を発展させるのが得意です。,特定の関係に固執し、依存や嫉妬の感情が出やすい傾向です。相手の個性も尊重すると、より良い関係が築けます。,一対一の関係では安定と自由の両方を求めるため、独自の距離感で深くつながることを好むでしょう。,誠実な対人態度と独自の社交術で、信頼と自由を両立させる革新的なパートナーシップを築けるでしょう。,相手に依存せず自立した個人として向き合うことで、お互いを高め合う関係を築き、より大きな成果を得られるでしょう。,パートナーとの関係に独自の距離感や契約形態を持ち、安定の中に自由を組み込む配置。,あなたは安定した人間関係を大切にしながらも、パートナーシップには自由で対等な新しい価値観を育みます。共通の基盤を持ちつつも、互いの自立を尊重し、常に新鮮な風を吹き込むことで、より豊かな関係性を築いていけるでしょう。
Uranus,Taurus,8,安定を土台に、共有する価値や深い関係を自由に刷新する,堅実さを保ちながら、他者との深い絆や共有する財産を新しい視点で捉え、変革をもたらす性質です。,安定した基盤の上で、共有する資源や深い関係性を再構築し、再生と革新をもたらす洞察力に優れています。,深い関係や共有する価値に執着しすぎて、手放せなくなることがあります。変化を受け入れることで、心が解放されます。,深い関係でも安心できる距離を大切にするため、落ち着いていながらも簡単には踏み込ませない人として映りやすいでしょう。,本質を見抜く力と独自の管理能力を活かして、金融や相続、専門的な研究など、深い信頼が必要な分野で成果を上げるでしょう。,他者とリソースを共有する不安を乗り越え信頼を深めることで、個人の力を超える大きな価値を受け取れるでしょう。,遺産や深い絆の維持に革新的な手法を導入し、物質的な共有を通じて精神的覚醒を得る配置。,あなたは堅実な視点を持ちながら、他者との深い絆や共有する財産に新しい光を当て、変革をもたらす資質を持っています。不変と思われた価値の仕組みを現実的な手法で刷新する力は、周囲への丁寧な説明を伴うことで信頼と発展に繋がります。
Uranus,Taurus,9,安定した視点から、未開の真理を自由に探求し発見する,堅実な視点を持ちつつ、常識にとらわれず哲学や学問を探求し、自由に世界観を広げることを楽しみます。,堅実な信念を持ちながら、新しい思想を自由に探求し、実践することで、常に視野を広げていける探求心があります。,自分の思想に固執し、視野が固定されがちです。時には保守的な考えを一旦手放し、新しい視点を取り入れると良いでしょう。,価値観や思想に独自の筋が通りやすく、現実感と独創性をあわせ持つユニークな人として見られやすいでしょう。,実用的な哲学と広い探求心を活かし、学問研究や法律、独自の価値観を広める教育活動で着実に発展するでしょう。,抽象的な理想を現実的な成果に結びつける意識を持つことで、広い視野が人生を導く力強い知恵となり成長します。,実利的な真理に独自の視点を加え、古い伝統の中に未来的な価値を見出す探求を行う配置。,あなたは堅実な視点を持ちながら、常識にとらわれず未開の真理を自由に探求し、独自の発見をもたらす知の開拓者です。伝統的な学問にも現代的な実用性を見出し再定義する力は、柔軟な思考を保つことでより普遍的な思想へと発展するでしょう。
Uranus,Taurus,10,堅実な社会活動を通し、自由に革新的な役割を担う,社会的評価を重んじながらも、独自のアイデアで仕事や使命を革新し、自由な形で貢献するでしょう。,堅実に社会貢献しながら、新しい役割や成果を生み出し、信頼を築きつつ社会に革新をもたらすことができます。,社会的評価に固執し、保守的になりがちです。現状維持だけでなく、新しい視点を取り入れることで、さらなる成長に繋がります。,社会的な場では安定した実力に新しさが加わり、独自の地位を築く革新的な人として評価されやすいでしょう。,独自の価値基準と堅実な姿勢で、社会で革新的な役割を担い、安定した個性で活躍できるでしょう。,結果だけでなく内面的な納得感を大切にすることで、揺るぎない自信と地位を確立し、さらに発展できるでしょう。,社会的な地位を独自の技術や実績で更新し、伝統ある分野に革命をもたらすリーダーとなる配置。,あなたは社会的な評価を重んじながらも、独自のアイデアで仕事や使命を革新し、自由な形で社会貢献を果たします。確実な実務実績を積み上げつつ、長期的な視点で業界のスタンダードを塗り替える影響力を持つでしょう。
Uranus,Taurus,11,信頼できる仲間と共に、新しい理想へ向かって自由に活動する,堅実な友情を基盤に、コミュニティや未来の理想像を自由に刷新し、新しい価値を創造していくでしょう。,信頼できる仲間と共に安定した関係を築き、未来を見据えた理想を自由に追求し、新たな価値を創造できます。,慣れた仲間との交流に固執し、新しい出会いを避けてしまいがちです。視野を広げると、素敵な縁が待っているでしょう。,仲間の中では無理せずとも独自の存在感を放ち、グループに新しい安定した土台をもたらしやすいでしょう。,価値観を共にする仲間との絆を大切にしながら、革新的なコミュニティ運営や理想を共有する活動で、実務面から貢献するでしょう。,現状の安定に満足せず未来への変化を仲間と受け入れることで、より大きな目的を達成し成長できます。,具体的な豊かさを目指す仲間と最新技術で繋がり、安定した未来を再構築する配置。,あなたは信頼できる友情を基盤に、コミュニティや未来の理想像を自由に刷新し、新しい価値を創造していく力を持ちます。実利を伴う進歩的なネットワークを築き、社会を物質面から変える大きな一歩を仲間と共に踏み出すでしょう。
Uranus,Taurus,12,内なる世界を深く見つめ、精神的な束縛から自由に解放される,安定を望みつつも、自分の無意識や過去の束縛から解放され、精神的な自由を追求することを大切にします。,安定した心の内側で、深く自分を見つめ、精神的な成長を促し、内なる自由を解き放つ力を持っています。,過去の考えに執着し、内向的になりがちです。心の奥深くを見つめ、新しい視点を取り入れると、解放へと繋がります。,表立って主張しなくても、内面では独自の価値観を強く守るため、静かで揺るがない個性として映りやすいでしょう。,目に見えない価値や精神的な平穏を独自の視点で追求する力があり、瞑想や芸術、隠れた奉仕活動の分野で安定的に実力を発揮するでしょう。,孤独を恐れず内省の時間を大切にすることで、潜在意識の豊かさが現実で活かされ、知恵が湧き出てくるでしょう。,内面にある頑固な執着を精神的な衝撃で手放し、目に見えない価値の変容を静かに経験する配置。,あなたは安定を望みつつも、自身の無意識や過去の束縛から解放され、内面からの精神的な自由を追求する方です。身体感覚を通じた瞑想や独自の精神修養により内面の安定を築き、着実に心の執着を手放していくでしょう。
Uranus,Gemini,1,知的好奇心を原動力に、自分自身の表現を自由に革新する,好奇心旺盛で、自分の見せ方や個性を常に刷新し、周りを飽きさせない自由な魅力を発揮する性質です。,知的な好奇心を原動力に、常に新しい発想で自分らしさを表現し、スピーディーに行動できる機動力があります。,興味が多岐にわたり、自己表現が散漫になりやすいです。一つのことに集中する時間を持つと、より魅力が増します。,発想や話し方に軽快な独自性があり、機転が利く知的な人として周囲から頼りにされやすいでしょう。,多才な思考力と素早い適応力を活かし、情報の仲介や最先端の調整が必要な現場で、革新的な実力を発揮しやすいでしょう。,一貫性のある目標を持ち一つのことを掘り下げることで、持ち前の器用さがさらに輝き、成長につながるでしょう。,多才で変化を厭わない個性が加速し、言葉と情報を武器に常に自己を刷新し続ける配置。,あなたは知的好奇心を原動力に、自分自身の表現を常に自由に革新し続ける、変幻自在な魅力の持ち主です。高い情報処理能力で自己をアップデートしながらも、その一貫性を持たせることで周囲からの揺るぎない信頼を得られるでしょう。
Uranus,Gemini,2,知的な発想で新しい価値を生み出し、経済的な自由を築く,豊かな知性を活かし、ユニークな方法で収入を得たり、自分自身の価値を自由に創造していくタイプです。,新しい情報を素早くキャッチし、柔軟な発想で価値や資源を刷新することで、経済的な自由を築く商才があります。,多くのことに興味を持ちすぎて、価値観や収入が定まりにくい傾向があります。本当に大切なものを見極める訓練が大切です。,自分の価値観を柔軟かつ独特な形で表すため、頭の回転が速い知的な人という印象を与えやすいです。,情報を価値に変える巧みな実務能力を活かし、デジタルビジネスや営業、複数の実務を管理する働き方で発展するでしょう。,知識を集めるだけでなく実利に結びつける方法を学ぶことで、経済的な基盤をより強固に築き成長できます。,多彩なスキルをハッキングするように使いこなし、流動的で予測不能な稼ぎ方を確立する配置。,あなたは豊かな知性を活かし、ユニークな発想で新しい価値や収入源を生み出し、経済的な自由を築きます。複数の情報源や知的能力を活用して多角的な収益ルートを構築できますが、目標への継続的な集中力がさらなる安定を生む鍵となります。
Uranus,Gemini,3,自由に学びを深め、知的な情報発信で新しいつながりを生む,活発な知的好奇心で新しい情報を収集し、独自の視点から言葉や交流の形を自由に刷新するでしょう。,知的好奇心に基づいて積極的に学びを深め、独自の視点と対話で新しい情報を発信し、周囲に刺激を与えられます。,情報が多すぎて思考がまとまりにくく、軽口を叩いてしまいがちです。一度立ち止まり、本当に伝えたいことを整理しましょう。,会話に新鮮なひらめきやユニークな視点が加わり、刺激的で面白い相手として見られやすいでしょう。,圧倒的な情報収集力と伝達力を活かし、教育やIT、メディアにおいて高い専門性と革新性を発揮するでしょう。,情報の正確さを意識し思慮深い発言を心がけることで、あなたの知的影響力がさらに輝き、成長につながります。,知的好奇心が爆発し、最新の通信手段や情報網を駆使して周囲の知性を刺激する配置。,あなたは活発な知的好奇心で学びを深め、独自の視点から言葉や交流の形を自由に刷新していきます。最新のデジタル技術や言語を駆使して情報伝達の常識を塗り替える力は、情報の真偽を精査する論理的な視点を持つことでより強く輝くでしょう。
Uranus,Gemini,4,知的な視点で、家庭や心の基盤を自由に刷新し快適にする,知的好奇心から、家庭や住まい、心の拠り所を常に新しい視点で見直し、自由に変化させていくタイプです。,知的な対話と柔軟な発想で、家庭や心の基盤を自由に刷新し、誰もが快適に過ごせる居場所を築くことができます。,家庭が落ち着かず、情報に振り回されやすい傾向です。心休まる居場所を意識して整えることで、心の安定に繋がります。,親しい人との間でも自由な対話を求め、家庭的な場でも風通しの良い関係を大切にする傾向があります。,知的な刺激と自由を重視した家庭環境を築き、在宅での知的作業や教育関連の分野で、革新的な活動で成果を出します。,内面の落ち着きを保つ静寂の時間を意識することで、思考の動きを建設的に制御し、心の平和が訪れるでしょう。,家庭内に常に新しい風や情報が吹き込み、家族関係に独自の距離感と軽やかさを持つ配置。,あなたは知的好奇心を抱き、家庭や住まい、心の拠り所を常に新しい視点で見直して自由に変化させていく方です。定住にとらわれず移動や情報の流動性を重視した新しい生活様式を楽しむ一方で、内面の深い安らぎを得る普遍的な拠り所を見つけることも大切です。
Uranus,Gemini,5,知的なひらめきで、遊び心あふれる自由な創造性を発揮する,持ち前の知性と遊び心を活かして、恋愛や自己表現において斬新なアイデアを自由に生み出すタイプです。,知的なひらめきと遊び心を大切に、自由な発想で新しい創造を生み出し、魅力的な表現で周囲を楽しませる才能があります。,恋愛や趣味に飽きやすく、気分が変わりやすい傾向があります。一つのことをじっくりと深めることで、より充実します。,表現に遊び心と独創性があり、型にはまらないユニークな面白さを持つ人として印象に残りやすいです。,多彩なアイデアを形にする独創性を活かし、企画制作や文芸、高度な論理を要する趣味の分野で、才能を発揮しやすいでしょう。,表現を楽しむだけでなく完成までのプロセスを大切にすることで、一時の閃きがさらに輝き、成長につながるでしょう。,言葉遊びやデジタルの遊びを極め、変幻自在な自己表現で周囲を驚かせ続ける配置。,あなたは持ち前の知性と遊び心を活かして、恋愛や自己表現において斬新なアイデアを自由に生み出し、周囲を魅了します。言葉遊びや最先端のメディアを駆使した知的なエンターテインメントは、心の情熱と結びつくことでより多くの共感を得るでしょう。
Uranus,Gemini,6,知的な情報収集で、実務のやり方を自由に革新し効率化する,知的な好奇心を活かして、仕事のやり方や日々の習慣を常に新しい視点で見直し、自由に改善していくタイプです。,優れた分析力と知性で情報を整理し、日常の実務を自由に刷新し、常に効率的な改善を続けられる強みがあります。,作業が散漫になりやすく、集中力が続かないと疲れが溜まりがちです。一つずつ丁寧にこなすと、達成感も増します。,仕事や日常では発想の切り替えが速く、柔軟で工夫に富んだ知的な人として周囲から見られやすいでしょう。,知的な情報収集力で、多角的な視点から実務のやり方を革新し、業務改善で成果を出せるでしょう。,心身の健康を保つため神経を鎮める習慣を持つことで、消耗を防ぎ、持ち前の能力がさらに輝き成長につながります。,複数の仕事を最新の知恵で並行処理し、労働の概念そのものを知的に変革する配置。,あなたは知的な好奇心を活かして、仕事のやり方や日々の習慣を常に新しい視点で見直し、自由に改善していくことができます。複数のタスクを並行処理する独自のワークスタイルで生産性を高めますが、情報過多による疲労を避けるため、意識的に思考を休める習慣を持つことが大切です。
Uranus,Gemini,7,知的な交流を通じて、自由で新しい対人関係を築き上げる,知的な交流を好み、パートナーシップや対人関係に常に新しい風を吹き込み、自由で対等な絆を育むでしょう。,知的な対話と柔軟な思考で、新しい人間関係を自由に構築し、互いに理解を深めながら協働できるのが強みです。,優柔不断になりやすく、言葉で相手を翻弄してしまうことがあります。誠実なコミュニケーションを心がけると良いでしょう。,一対一の関係では知的刺激と自由な会話を重視し、心地よい風通しの良さを与える相手として映りやすいです。,優れた会話術と進歩的な交渉力を活かし、仲介や契約、知性を刺激し合う革新的なパートナーシップを築けるでしょう。,相手の言葉の裏にある感情を汲み取る努力をすることで、より深い信頼関係を構築し、交流が豊かなものになるでしょう。,知的な刺激が絶えない突発的な出会いを好み、言語を通じた革命的な絆を求める配置。,あなたは知的な交流を好み、パートナーシップや対人関係に常に新しい風を吹き込み、自由で対等な絆を育みます。多様な人脈から新しい視点を取り入れる一方で、表面的な交流に終始せず一対一の対話を深めることで、より深い信頼関係を築けるでしょう。
Uranus,Gemini,8,知的な気づきで、本質的な変化を受け入れ自由な自分になる,知的な気づきを通して、本質的な変化を恐れず受け入れ、他者との深い関係性や共有財産を自由に刷新するタイプです。,知的な探求心と深い洞察力で、共有する価値や深い関係性を刷新し、本質的な変化を柔軟に受け入れられます。,疑念を抱きやすく、情報に執着しすぎると人間関係が複雑になりがちです。オープンな心で接すると、絆が深まります。,深い関係でも言葉を通じて新しい理解を求め、独特で本質的な本音の交わし方をする傾向があるでしょう。,深い知性と優れた調査能力を活かして、心理分析や機密情報の取り扱い、独自の視点によるリサーチ業務で実力を発揮しやすいでしょう。,秘密を守り真実を追求する誠実さを養うことで、他者からの信頼が深まり、あなたの能力がさらに輝き成長につながります。,他者の心理的な秘密を独自のネットワークで解析し、知的な共有を通じて深い絆を更新する配置。,あなたは知的な気づきを通して、本質的な変化を恐れず受け入れ、他者との深い関係性や共有財産を自由に刷新する力を持ちます。共同資産や他者の才能を独自のロジックで再編集し新たな価値を創出するその才能は、誠実な情報開示によって周囲との信頼を深めていくでしょう。
Uranus,Gemini,9,知的な探求心で、広く学びを深め、自由な思想を確立する,知的な探求心に富み、学問や哲学を通して新しい世界観を自由に創造し、独自の思想を確立するタイプです。,幅広い情報を探求し、知的な学びを深めることで、自由で新しい思想を確立し、視野を広げていける探求心があります。,多くの知識に触れすぎて、思想が拡散し信念が希薄になりがちです。深く掘り下げるテーマを見つけると、自信に繋がります。,思想や知識を自由に広げるため、常に視点の切れ味がある知的な人として周囲から見られやすいでしょう。,広い知識欲と革新的な解析力を活かし、出版や実務教育、思想を体系化するグローバルな活動で発展するでしょう。,膨大な情報の中から普遍的な真理を見出すことで、あなたの知恵が人生の指針となり、さらに発展するでしょう。,多様な思想をハッピングするように学び、移動と学びを通じて精神的なパラダイムシフトを起こす配置。,あなたは知的な探求心に富み、学問や哲学を通して新しい世界観を自由に創造し、独自の思想を確立する方です。複数の学問を横断的に組み合わせ、既存の概念を覆す新しい理論を構築する力は、興味の核心を見失わないことで真の専門性へと繋がります。
Uranus,Gemini,10,知的な情報発信を通じて、社会に革新と自由をもたらす,持ち前の知性を活かして、仕事や社会的役割に常に新しい視点をもたらし、自由な発想で社会に貢献するでしょう。,優れた機転と判断力で情報を活用し、社会の課題に新しい解決策を生み出し、革新的な成果を出せるでしょう。,発言が軽率になりやすく、社会的な評価も分散しがちです。一貫した方針を持つことで、信頼感がぐっと高まります。,社会的な場では発信力と独創性が目立ち、情報感度が高く新しい視点を持つ人として評価されやすいです。,新しい情報感覚と優れた発信力で、社会に革新をもたらし、キャリアの幅を広げて活躍するでしょう。,評判に一喜一憂せず長期的なキャリアを見据え専門性を磨くことで、社会的な影響力が安定し、成長につながります。,情報社会の先導者として突然の脚光を浴び、複数の分野を跨ぐ革新的なキャリアを築く配置。,あなたは持ち前の知性を活かして仕事や社会的役割に常に新しい視点をもたらし、自由な発想で社会に貢献します。メディアや通信、教育などの分野で独自のポジションを確立しキャリアを刷新する力は、長期的な目標に一貫性を持たせることでより大きな信頼と成功に繋がるでしょう。
Uranus,Gemini,11,知的な好奇心で、未来の理想を自由に共有する仲間と出会う,知的な刺激を求め、既存の枠にとらわれずに新しい仲間やコミュニティと出会い、未来の理想を自由に描く性質です。,知的な交流を通じて、未来の理想を自由に語り合える仲間と出会い、新しい企画や発想で未来を創造できるでしょう。,多くの人との交流を求めるあまり、関係が浅くなりがちです。心から共鳴する仲間を大切にすることで、絆が深まります。,仲間の中では新しい話題や視点を持ち込み、グループに知的な刺激を与える存在になりやすいでしょう。,多様な人脈を論理的に繋ぐセンスを活かし、SNS運営や異業種交流、コミュニティの調整役として革新的に貢献するでしょう。,独自の意見を大切にしながら仲間の声を冷静に聴くことで、集団の中で個性を活かし、より大きな成果を得られるでしょう。,SNSや最新のコミュニティを介して多様な仲間と繋がり、未来のビジョンを絶えず更新する配置。,あなたは知的な刺激を求め、既存の枠にとらわれずに新しい仲間やコミュニティと出会い、未来の理想を自由に描きます。情報の共有を通じたフラットなネットワーク形成に長けていますが、アイデアの提示だけでなく現実的な実行力を伴う仲間選びが、あなたのビジョンを具現化する鍵となるでしょう。
Uranus,Gemini,12,知的な気づきで、潜在意識を探求し内面の自由を解放する,知的な気づきを通して、無意識の制限から自分を解き放ち、内面から自由に癒されることを大切にするタイプです。,知的な内省と豊かな想像力で、潜在意識からの気づきを得て、内面の自由を解放し、自己理解を深められるでしょう。,頭の中の情報が整理しきれず、不安が増幅しがちです。静かな時間を作り、自分の内面に意識を向けると心が落ち着きます。,表では控えめに見えても、内面では発想が自由に広がり、静かながらも知的な観察者として映りやすいでしょう。,豊かな想像力と、目に見えない情報を整理する力を活かし、カウンセリングや匿名活動、裏方での調整役として実力を発揮するでしょう。,内面の混乱を整理するため思考を言語化する習慣を持つことで、精神的な安定と実務的な貢献を両立し成長できます。,匿名のネットワークや空想の中で革命的な思考を巡らせ、内面で知的な覚醒を密かに果たす配置。,あなたは知的な気づきを通して、言語化困難な無意識の情報や潜在意識の制限から自分を解き放ち、内面から自由に癒されることを大切にします。直感的な知性で時代の流れを掴む一方で、理論武装で本心を隠しすぎないよう、内面の静寂と向き合う時間を持つことで真の自由を得られるでしょう。
Uranus,Cancer,1,心を守りつつ、自分自身の殻を破り自由に個性を表現する,感情を大切にしつつ、自分自身の表現方法を自由に刷新し、親しみやすくも新しい魅力を放つ性質です。,豊かな共感力で大切なものを守り育てながら、自分らしい個性を自由に表現し、新しい魅力を発揮できるのが強みです。,感情が過敏になり、自分を守ろうとして内向的になったり、急に爆発しがちです。感情を穏やかに表現することを意識しましょう。,やわらかな雰囲気の中に独自の距離感がにじみ、親しみやすくも奥深い人として見られやすいでしょう。,情緒的な感性と革新性を活かし、新しい家族像や自己イメージを構築。感受性を信じ、安心感と驚きを与えるリーダーシップで活躍するでしょう。,周囲を気にしすぎず、感情の波を直感的な行動に変えることで、あなたの個性が輝き、成功を呼び寄せます。,情緒的な自分の中に突然の自立心が芽生え、家族や仲間に依存しない独自の存在感を放つ配置。,あなたは感情を大切にしながらも、自分自身の表現方法を自由に刷新し、親しみやすくも新しい魅力を放つ方です。伝統的な家族像や帰属意識にも独自の感性で新風を吹き込むことができますが、感情のバランスを保つことで周囲との調和をさらに深められるでしょう。
Uranus,Cancer,2,心の豊かさを土台に、新しい価値観で経済的な自由を築く,感受性豊かに、自分自身の価値観や収入の得方を自由に刷新し、心の充足を伴う豊かさを追求するタイプです。,心の安心感を大切にしながら、独自の価値観で経済的な豊かさを築き、新しい資源を生み出す才能に恵まれています。,感情の変動によって不安から浪費したり、所有物に執着しがちです。本当に大切な価値を見極めることが心の安定に繋がります。,自分が安心できる価値観に独自性があり、感情面でも他人に流されない芯の強い人という印象を与えやすいです。,衣食住など身近な分野で、最新技術や独自の感性を活かし、共有・循環をベースにした豊かさを追求し、経済的自由を実現するでしょう。,形ある資産だけでなく心の繋がりや安心感に投資することで、経済的な自立と精神的な満足を両立し、成長できます。,身内を守るための経済活動に革新的な手法を取り入れ、感情的な絆を富に変える独自のセンスを持つ配置。,あなたは感受性豊かに、自分自身の価値観や収入の得方を自由に刷新し、心の充足を伴う豊かさを追求します。生活の基盤や愛着ある対象を守るために独自の経済活動を行うことができますが、感情に左右されない資産運用のルールを持つことで、より安定した繁栄を築けるでしょう。
Uranus,Cancer,3,心の感覚を大切に、新しい視点で学びを深め自由に伝える,感受性を活かして、新しい情報や知識を自由に吸収し、自分の言葉で心に響く交流を創り出すタイプです。,豊かな感情と共感力を活かし、心を通わせる対話で、新しい情報を自由に伝え、周囲の理解を深めることができます。,感情が過敏になり、過去の出来事に囚われた発言をしがちです。冷静さを意識することで、より穏やかな対話ができます。,気持ちを表す言葉に独特の感性が表れやすく、人の心に深く印象が残る話し方をする相手として受け取られやすいです。,共感に基づいた鋭い知性と伝達力を活かして、地域ネットワークや身近な情報の整理で、革新的なコミュニケーションを確立できるでしょう。,主観だけでなく客観的なデータも取り入れオープンな対話を意識することで、持ち前の説得力が知恵へと変わり成長を促します。,身近な交流において心に突き刺さるような鋭い言葉を使い、家族観や愛着に新しい視点を与える配置。,あなたは心の感覚を大切にし、感受性を活かして新しい情報や知識を自由に吸収し、心に響く交流を創造する方です。共感を呼ぶ独自の表現手法で身近なコミュニティに新風を吹き込む一方で、客観的な事実確認を怠らずに伝えることで、より深い信頼を築けるでしょう。
Uranus,Cancer,4,安心できる場所を大切に、住まいや家族関係を自由に刷新する,安心できる心の基盤を求めつつ、家庭やルーツといった心のよりどころを自由に刷新し、心地よさを追求するでしょう。,豊かな包容力で安心できる基盤を守りつつ、家庭や居場所を自由に刷新し、皆が心地よく過ごせる環境を築けます。,家族関係で感情的になり、反発を招いたり内向的になりがちです。相手の気持ちを尊重することで、より良い絆が深まります。,親しい相手には安心感を求めつつも、心地よい距離感を保つことで、より深く心を開くことができるでしょう。,血縁を超えたコミュニティのような、革新的な家庭環境を築きます。在宅活動や住環境のデジタル化で真価を発揮し、新しい基盤を築くでしょう。,家庭の中に安らぎと自由を両立させる工夫をすることで、情緒的な安定と社会的活躍を両立し、成長につながります。,家系やルーツからの突然の離脱や移動を経験し、血縁に縛られない「魂の家族」との居場所を作る配置。,あなたは安心できる心の基盤を求めつつ、家庭やルーツといった心のよりどころを自由に刷新し、心地よさを追求します。情緒的な自立を求め住居や家族のあり方をドラスティックに変える力は、普遍的な心の拠り所を育む意識を持つことで、より深い安らぎへと繋がるでしょう。
Uranus,Cancer,5,感情を解き放ち、心ゆくままに自由な創造性を表現する,感受性を活かし、楽しみや恋愛、自己表現において既成概念にとらわれず、感情豊かに自由に創造するでしょう。,豊かな感受性と情愛を土台に、自由な発想で新しい創造性を開花させ、魅力的な表現で周囲を惹きつける力があります。,恋愛で感情が揺れやすく、不安になったり気分屋になりがちです。心の安定を意識すると、より穏やかな関係を築けます。,愛情表現や創造性に感性の独自性があり、やわらかい雰囲気の中にユニークな個性が光る人として印象に残りやすいです。,繊細な感性と遊び心を活かし、伝統のリメイクや子供の教育分野で才能を爆発させるでしょう。共感を呼ぶ独創性で、多くの人々を魅了します。,純粋な楽しみを追求し客観的な視点を持つことで、一時の閃きが価値ある実績へと輝き成長につながります。,育てることや愛することに独自のスタイルを持ち、伝統的な家庭観を破壊する新しい喜びを追求する配置。,あなたは感受性を活かして、楽しみや恋愛、自己表現において既成概念にとらわれず、感情豊かに自由に創造する方です。育む対象や趣味に対して型破りな深い愛情を注ぎ、独自の創作世界を築く一方で、感情の押し付けにならないよう他者の自由を尊重することも大切です。
Uranus,Cancer,6,心地よい環境で働くために、日常業務に革新と自由を取り入れる,感情を大切に、仕事の進め方や日々の習慣に新しい風を吹き込み、自分らしく自由に働く環境を創造します。,日常業務に革新的なアイデアを導入し、周囲へのきめ細やかな配慮で心地よい環境を作り出すのが得意です。,仕事や日常で心配しすぎたり、過干渉になりがちです。時には肩の力を抜いて、リラックスする時間を大切にしましょう。,相手を支えるやり方に独自の工夫が表れ、人とは一味違う、温かくも個性的な気配りをする人として見られやすいでしょう。,相手への配慮を忘れず、働き方や支援方法を革新し、心地よい業務環境を作ります。,完璧主義を手放し適度なゆとりを持つことで、安定した成果と良い関係を築け、心穏やかに進めるでしょう。,職場のケア体制を最新技術で改革し、心理的な安全性を保ちながら労働環境を刷新する配置。,心地よさを大切にするあなたは、職場に新しい風を吹き込み、アットホームで機能的な環境を創造する才能に恵まれています。献身的に現場を改善する一方で、他者の感情に寄り添いすぎず、健全な境界線を保つことで、あなた自身の心も守られるでしょう。
Uranus,Cancer,7,相手を守り育む関係性の中で、新しい絆と自由な発想を生み出す,相手を大切に育みながら、型にはまらない自由な発想で新しい関係性を築くタイプです。,相手を温かく包み込みながら、斬新な発想で新しい協力関係を築ける共感力と協力性があります。,感情が先走ると、対人関係で依存や嫉妬心から急な変化を起こしがちです。一度冷静になり、穏やかに相手を尊重することを意識すると良いでしょう。,一対一の関係では情の深さを大切にしつつ、お互いの自由を尊重した心地よい絆を築きやすいでしょう。,深い共感力と進歩的な社交術で、革新的なパートナーシップを築き、社会的な信頼を得ます。,相手の影響を受けすぎず自立した個人として向き合うことで、互いを高め合う良い関係が築けるでしょう。,対人関係に家族のような親密さと、突然の自律を同時に求め、風変わりな絆を愛する配置。,あなたは相手を深く慈しみながらも、互いの自立を尊重する新しい形のパートナーシップを築こうとします。その独創的な絆は深い共感から生まれますが、自由と独占欲のバランスを意識することで、より安定した関係を育むことができるでしょう。
Uranus,Cancer,8,心の奥底で変革を促し、安心できる関係から新しい自分へ,安心して心を通わせられる関係の中で、変革を恐れず新しい自分へと生まれ変わることを大切にします。,人の心に深く寄り添い、内なる変革を促すことで、再生を助ける力と鋭い洞察力に優れています。,感情的な執着が先走ると、深い関係で支配欲や喪失恐怖から変化が急になりやすいです。穏やかな心で相手と向き合うことを大切にしましょう。,深い関係では、情の結びつきと個々の自立心を大切にするため、独特の濃い絆を築きやすいでしょう。,本質を見抜く力と再生能力で、金融や心理学など専門分野で独自の成果を上げます。,共有への不安を乗り越え信頼を深めることで、個人の力以上の大きな価値を受け取れ、新たな自分になれるでしょう。,深い絆や遺産の継承において劇的な変化を経験し、感情的な共有を通じて魂の自立を得る配置。,あなたは心の奥底で深い変革を促し、時に過去のしがらみを断ち切ることで、感情の解放と精神的な再生を経験します。この変容への高い適応力は、内面の安定を保ち、感情的な傷に起因する極端なリセットを避けることで、真の新しい自分へと導かれるでしょう。
Uranus,Cancer,9,安心できる場所から、新しい知識や広い世界へ自由に飛び立つ,心が安らぐ場所を基盤に、自由な発想で新しい知識や広い世界を探求していく性質です。,揺るぎない共感と優しい信念を持ち、新しい視点を取り入れることで、思想や学びを深められるのが強みです。,感情的な考えが先走ると、学びや視野が偏った信念に固執しやすくなります。柔軟な心で様々な意見を受け入れることを意識すると良いでしょう。,感受性豊かに独自の視点で考えを語りやすく、ユニークな信念を持つ思想家として見られやすいでしょう。,高い探求心と道徳的な哲学で、伝統を刷新する学問研究や新しい思想を広める役割で活躍します。,直感を現実の行動につなぐ意識を持つことで、広い視野が社会を導く知恵となり、多様な考えを受け入れられるでしょう。,愛や慈しみに関する哲学を独自に構築し、心の安らぎを求める探求に革命的な視点を持つ配置。,あなたは心の奥深くに根差した真理を、独自の視点と豊かな感受性で探求し、新しい精神的な拠り所を築き上げます。共感に基づいた高い学習能力を持つ一方で、懐古と革新の調和を意識することで、より普遍的で確かな思想へと深まっていくでしょう。
Uranus,Cancer,10,誰かの支えになることで、社会に新しい風を吹き込み活躍する,誰かの心を支え、育むことで、社会に新しい風を吹き込みながら公的な役割で活躍するタイプです。,人々を包み込む大きな心で社会を支え、斬新な発想で信頼関係を築き、新しい価値を生み出す力があります。,感情的な判断が先走ると、社会での評価を家族に依存しがちです。感情に流されず、客観的に物事を判断する視点を持つことを心がけると安心です。,社会的な場では、包容力の中に斬新なアイデアが光り、型にはまらない存在として注目されやすいでしょう。,独自の保護力や支援姿勢が評価され、社会で新しい信頼を築き、独自の活躍をします。,評判に惑わされず内面の納得感を貫くことで、周囲から心から尊敬される指導者として輝くでしょう。,大衆の心理を掴む革新的なリーダーとして台頭し、情緒的な共感を武器に社会を塗り替える配置。,あなたは人々の心に寄り添いながら、社会に新しい保護や支援の形をもたらし、公的な場で唯一無二の存在として活躍します。育てる才能を社会で最大限に活かすためには、プロフェッショナルとしての客観性を保ち、公私の境界を意識することが成功の鍵となるでしょう。
Uranus,Cancer,11,仲間を大切に育みながら、型にはまらない理想の未来を築く,仲間を家族のように大切に育み、自由な発想で理想の未来を創造するコミュニティを築くタイプです。,仲間を大切に育み、共感的な交流を通して、未来に向けた新しい理想の形を創造する支援力に優れています。,感情的な同調が先走ると、仲間内で身内を優先しすぎたり依存しやすくなります。広い視野で、多様な意見を受け入れる姿勢が大切です。,仲間の中では繊細に空気を読みながらも、独自の視点でグループに穏やかな変革をもたらしやすいでしょう。,仲間との絆を大切に、革新的なコミュニティ運営や社会貢献でリーダーシップを発揮します。,現状に満足せず仲間と共に古い習慣を刷新することで、理想の社会を形にし、より広い視野で進めるでしょう。,志を同じくする仲間と独自の共同体を作り、安心できる未来のために伝統的な枠組みを壊す配置。,あなたは家族のような深い絆で結ばれた仲間と共に、型にはまらない自由な発想で理想の未来を創造するコミュニティを築きます。仲間を大切に守り育む進歩的な活動は、開かれた心でより多くの人々を迎え入れることで、さらなる広がりを見せるでしょう。
Uranus,Cancer,12,心の奥深くで変化を受け入れ、内なる自由を見つける,内なる感情と向き合い変化を受け入れることで、心の奥底にある本当の自由を見つけていく性質です。,豊かな共感力と鋭い直感で内なる変化を受け入れ、自分自身を深く癒し、精神的な自由を見つけることができます。,感情の迷走が先走ると、無意識に現実から逃避して孤立しがちです。不安な時は信頼できる人に相談し、一人で抱え込まないことを大切にしましょう。,表には見えなくても、深い感受性と自立心を秘めており、心の距離感を静かに選ぶ人として映りやすいでしょう。,豊かな想像力で潜在意識を刷新し、カウンセリングや裏方で革新的な安定と自由を発揮します。,孤独を恐れず静かに内面を整えることで、現実世界で役立つひらめきが生まれ、知恵として輝くでしょう。,内面にある繊細な感受性が突然のインスピレーションで覚醒し、目に見えない次元で深い癒やしを得る配置。,あなたは心の奥深くにある感情と向き合い、独自のイメージワークなどを通じて負の感情を浄化し、精神的な自由と自立へと到達します。時代の深層心理を掴む繊細な直感力は、現実的な活動とバランスを取ることで、被害妄想的な不安に囚われることなく真の癒やしとなるでしょう。
Uranus,Leo,1,枠にとらわれない発想で、自分らしさを大胆に表現する,枠にとらわれない自由な発想と個性的な表現で、自分らしさを大胆にアピールしていく性質です。,枠にとらわれない大胆な発想で自分らしさを表現し、周囲を惹きつける輝く個性と優れた統率力が強みです。,自分の誇りが先走りすぎると、自己表現が過剰になり反発を招きやすいです。時には一歩引いて、周囲の意見を聞くことを意識すると良いでしょう。,個性や存在感がはっきりと表れやすく、目を引くようなユニークな魅力を持つ人として見られやすいでしょう。,圧倒的なカリスマ性と独創性で、クリエイティブな分野で新しいイメージを構築し活躍します。,自信を持ちつつ周囲の意見も尊重する柔軟さを養うことで、あなたの表現は多くの人を魅了するでしょう。,圧倒的な存在感と誰も真似できない独自のオーラを持ち、主役として人生に革命を起こし続ける配置。,あなたは圧倒的な存在感とドラマチックな個性で、周囲を驚かせながら唯一無二の自分らしさを大胆に表現します。その強烈な自己主張は、客観的な視点を持ち、周囲の意見にも耳を傾けることで、さらに輝きを増し、より多くの人々を魅了するでしょう。
Uranus,Leo,2,独自の才能を創造的に発揮し、新しい価値や豊かさを生む,独自の才能を創造的に発揮し、誰も思いつかないような新しい価値や豊かな財産を築くタイプです。,独自の才能を魅力的に表現し、創造的なアイデアで新しい価値や豊かさを生み出す力に優れています。,誇りが先走ると、見栄を張って衝動的な浪費をしやすくなります。本当に価値あるものか、一度冷静になって見極める習慣が大切です。,自分の価値観や美意識に独自の誇りを持ちやすく、周囲には華やかで魅力的な人という印象を与えやすいでしょう。,自己表現を収益に変える独創力で、芸術やエンタメ分野で新しい価値と安定を築きます。,手元の資源を守るだけでなく未来に大胆に投資することで、経済的な成功と社会的な賞賛を手にするでしょう。,自らの才能を独自のブランドとして爆発させ、豪華で斬新な価値を創造して稼ぐ才能を持つ配置。,あなたは独自の才能を創造的にブランド化し、型破りな発想と手法で新たな富や価値を生み出す力を持っています。自分にしかできない稼ぎ方を開拓するその力は、堅実な資産管理の意識を併せ持つことで、安定した豊かさへと繋がっていくでしょう。
Uranus,Leo,3,遊び心を持って新しいことを学び、自分の言葉で楽しく発信する,遊び心を持って新しい知識を積極的に学び、オリジナリティあふれる言葉で周りに楽しく発信する性質です。,遊び心ある創造的な知性で新しいことを学び、魅力的な言葉で楽しく発信し、人々の心を惹きつけるのが得意です。,注目されたい気持ちが先走ると、発言が誇張され自己主張が強すぎることがあります。言葉を発する前に、一呼吸置くことを心がけると安心です。,発言や表現に独特の華やかさが出やすく、周囲からは印象に残る個性的な話し手として見られやすいでしょう。,情熱的な言葉選びと伝達力で、教育や表現活動において高い影響力と信頼を得て発展します。,正論だけでなく相手の感情に配慮した表現を心がけることで、あなたの知性は多くの人の心を動かすでしょう。,表現力豊かな魅力的な発信で周囲を驚かせ、日常の会話にエンターテインメントの革命を起こす配置。,あなたは華やかでインパクトのある表現力で、独自の知見を堂々と発信し、多くの人々に強い影響を与えることができます。その才能は、他者の知性も尊重し、対等な議論を心がけることで、さらに深みと広がりを持ち、豊かなコミュニケーションを築くでしょう。
Uranus,Leo,4,個性的なアイデアで、居心地の良い場所を自由に作り上げる,持ち前のユニークな発想で、居心地の良い、自分らしい場所を自由に創造することを大切にするタイプです。,個性的なアイデアで居心地の良い空間を自ら作り上げ、大切に守りながら、誇りを持って新しい居場所を築きます。,誇りが先走ると、家庭内で自分の意見ばかり主張し、衝突が起きやすくなります。家族の気持ちを尊重し、歩み寄る姿勢を意識すると良いでしょう。,親しい人の前では自分らしさを強く表現しやすく、家庭でも独自の存在感を輝かせる傾向があります。,自由な発想で家族の才能を育む環境を築き、新しい生活基盤の整備で真価を発揮します。,家庭に安らぎと笑顔を保つ工夫をすることで、責任感と内面の落ち着きが両立し、心が満たされるでしょう。,家庭内に王者のような威厳と、常に新しい刺激を持ち込み、自慢できる独自の拠点を築く配置。,あなたは王宮のような個性的な住まいを築いたり、伝統的な家風を大胆に塗り替えたりと、持ち前のユニークな発想で居心地の良い自由な場所を創造します。自律的な私生活を構築するその才能は、家族一人ひとりの個性を尊重する寛容さを持つことで、より豊かな心の拠り所となるでしょう。
Uranus,Leo,5,自由な発想と情熱で、心の赴くままに創造を楽しむ,自由な発想と情熱を注ぎ込み、心の赴くままに楽しみながら個性的な自己表現をしていくタイプです。,自由な発想と情熱的な表現力で、創造することや人生を楽しむことを、常に新しい視点で追求できる強みです。,誇りが先走ると、恋愛や創造で気分が暴走しドラマチックになりがちです。落ち着いて自分の感情を見つめ、冷静な判断を心がけましょう。,自己表現に独創性と華が強く表れやすく、型にはまらない魅力で周囲に印象を残しやすいでしょう。,圧倒的なこだわりと独創的な技巧で、エンタメやデザイン分野で才能を爆発させ活躍します。,楽しみを仕事のように考えず純粋にリラックスすることで、自己肯定感が育まれ創造性がさらに輝くでしょう。,独創的なクリエイティビティに情熱を燃やし、衝撃的でドラマチックな自己表現で人生を彩る配置。,あなたは舞台や芸術、娯楽の世界で前衛的なパフォーマンスを披露し、時代を象徴するような強烈なクリエイティビティを発揮します。承認欲求に囚われることなく、表現の本質を深く追求することで、あなただけの情熱が注ぎ込まれた真に感動的な作品を生み出すことができるでしょう。
Uranus,Leo,6,日々の仕事に遊び心を取り入れ、新しいやり方で効率化する,日々の仕事に遊び心を取り入れ、型にはまらない斬新な方法で効率化を図り、自由な時間を作るタイプです。,日々の仕事に遊び心と新しい視点を取り入れ、効率的に改善を主導しながら、周囲を巻き込む統率力があります。,評価への反発心が先走ると、仕事で完璧を求めすぎたり支配的になりがちです。力を抜いて、周りの意見も取り入れるとスムーズに進むでしょう。,仕事や役割の中でも独自の表現ややり方が目立ち、存在感のある魅力的な人として見られやすいでしょう。,創造性を持ち込みながら現場の流れを革新し、効率の良い新しい働き方を生み出します。,自分や周囲に完璧を求めすぎずゆとりを持つことで、安定した成果と良い人間関係が両立できるでしょう。,仕事の現場に独自の誇りと革新的なアイデアを持ち込み、現場を華やかにアップデートする配置。,あなたは職場で独自のリーダーシップを発揮し、創造性を重視した全く新しい働き方を定着させることで、現場に活気と革新をもたらします。現場の士気を高める改革力は、実務的な合理性も大切にし、周囲と協調することで、より多くの人々を巻き込む大きな力となるでしょう。
Uranus,Leo,7,刺激的な出会いの中で、個性を輝かせ新しい関係を築く,刺激的な出会いを求め、自分の個性を輝かせながら、対等で自由な新しいパートナーシップを築く性質です。,持ち前の魅力で出会いを刺激的にし、新しい信頼関係を築きながら、個性的に輝く関係性を作り出すのが得意です。,対人関係で主役になりたい気持ちが先走ると、関係性を支配し衝突を招きやすいです。相手の意見も尊重し、協力する姿勢を意識すると良いでしょう。,一対一の関係では、対等さを大切にしつつ自分らしさを強く表現し、印象深い相手として映りやすいでしょう。,誠実で華やかな社交術を武器に、革新的なパートナーシップを築き、社会貢献で発展します。,相手をコントロールせず自立した個人として尊重することで、互いに高め合える持続的な関係を築けるでしょう。,カリスマ的な相手との電撃的な出会いを好み、互いの個性を最大限に輝かせる独自の絆を築く配置。,あなたは互いを高め合うような華やかで刺激的なパートナーシップを求め、対等かつ自由な関係性を築く才能に恵まれています。対人関係に新鮮な驚きをもたらすその力は、自分が中心であることに固執せず、他者の個性を深く尊重することで、より豊かな協力関係を育むでしょう。
Uranus,Leo,8,恐れずに変化を受け入れ、情熱を持って新しい自分に生まれ変わる,変革を恐れることなく情熱を持って変化を受け入れ、全く新しい自分へと生まれ変わることを大切にします。,変化を恐れず情熱的に受け入れ、深い洞察力で自らの変容を統率し、新しい自分に生まれ変われるのが強みです。,支配欲や執着心が先走ると、深い関係で極端な反応をしてしまいがちです。感情的にならず、相手の気持ちを冷静に受け止めることを心がけると安心です。,深い関係では強い個性を発揮しつつ、濃い結びつきを求めやすく、忘れがたい絆を築く傾向があります。,組織の深部を理解する力と再生能力で、資産管理や困難からの再生実務で大成します。,疑う心を抑え共有への誠実さを養うことで、個人の力以上の大きな社会的価値を成し遂げられるでしょう。,共有するエネルギーや絆をドラマチックに破壊・再生し、特別な体験を通じて魂を覚醒させる配置。,あなたは継承された意志を独自に解釈し、情熱的な力で組織や自己を根本から再生させる、危機をチャンスに変えるカリスマ性を宿しています。その変革の力は、強引な支配ではなく、共有する他者の自尊心を深く考慮することで、真に調和のとれた新しい創造へと繋がるでしょう。
Uranus,Leo,9,自分の直感を信じ、新しい知識や思想を自由に探求する,自分の直感を信じ、常識にとらわれない自由な発想で、新しい知識や哲学を情熱的に探求するタイプです。,自分の直感を信じ、情熱的に新しい知識や思想を探求し、独自の理念を表現しながら周囲を導く指導力があります。,誇りが先走ると、自分の思想を誇張し独善的になりがちです。多様な考え方があることを知り、柔軟な視点を持つことを意識すると良いでしょう。,自分の理想や信念を独自のスタイルで語りやすく、強い発信力を持つ人として周囲から注目されやすいでしょう。,独創的な哲学と長期的な視点で、学問や教育活動において着実な発展を遂げるでしょう。,抽象的な概念を現実の成果につなげる意識を持つことで、人生を導く知恵となり、周囲の信頼も高まるでしょう。,壮大な理想を独自の哲学として掲げ、精神的な学びを通じて世界を驚かせるビジョンを持つ配置。,あなたは独自の人生哲学を世界に向けて堂々と提唱し、既存の権威をも揺るがすほどの新しい思想を情熱的に広めていくでしょう。精神的な開拓精神に満ちたその知性は、多角的な知見を柔軟に取り入れることで、独善に陥ることなく、より深遠な真理へと到達します。
Uranus,Leo,10,独自のアイデアで社会に貢献し、新しいリーダーとして活躍する,独自のアイデアで社会に新しい風を吹き込み、個性的なリーダーとして情熱的に活躍することを大切にします。,独自のアイデアと優れた統率力で社会に新しい風を吹き込み、革新的な成果を生み出すリーダーシップが強みです。,誇りが先走ると、社会的な場面で支配的になり、独りよがりな行動を取りがちです。周囲との協調を大切にすることで、より良い結果に繋がります。,社会的な場では独自のリーダー性が発揮されやすく、新しい流れをつくる中心人物として注目を浴びやすいでしょう。,独自の存在感とアイデアが評価され、リーダーとして社会に貢献し活躍します。,名声に執着せず内面の真理に従って行動することで、周囲から心から尊敬される指導者として輝くでしょう。,社会の頂点に独自のスタイルで君臨し、カリスマ的な変革者として時代にその名を刻む配置。,あなたは独創的なカリスマとして社会の頂点に君臨し、時代遅れのキャリア構造を打ち破ることで、劇的な成功と変革をもたらすでしょう。職業上の輝かしい飛躍は、謙虚な自己省察を忘れず、周囲への感謝を持つことで、さらに盤石なものへと育まれていきます。
Uranus,Leo,11,仲間と共に理想を追求し、個性豊かなコミュニティを創造する,仲間と共に理想を追い求め、自由な発想で誰もが輝けるような個性豊かなコミュニティを創造するタイプです。,仲間を鼓舞し、未来を見据えた斬新な企画力と革新的なアイデアで、個性豊かなコミュニティを創造する力があります。,独走し注目されたい気持ちが先走ると、仲間を支配して衝突を招きやすいです。チームワークを大切にし、協力することで調和が生まれるでしょう。,仲間の中でも個性が際立ちやすく、グループに創造的でエネルギッシュな刺激を与える存在になりやすいでしょう。,現実的なビジョンと責任感で、大規模な組織運営や社会変革を牽引するリーダーシップを発揮します。,現状に満足せず未来の変化を仲間と共に受け入れることで、より大きな目的を確実に達成できるでしょう。,才能ある仲間を率いて壮大な未来を構想し、ドラマチックな社会変革を先導する配置。,あなたは進歩的なビジョンを掲げ、自分が中心となって先駆的なグループを率いることで、輝かしい未来を創造する強力なネットワークを築きます。その才能は、グループの利益を優先し、仲間一人ひとりの個性を輝かせることで、より強固で豊かなコミュニティへと発展していくでしょう。
Uranus,Leo,12,創造性を内面に向け、心の奥底で新しい発見と自由を得る,内なる創造性を解き放ち、心の奥深くで新たな発見と自由を見つけることで自分自身を癒やす性質です。,豊かな創造性を内面に向け、独創的な発想で心の奥底を探求し、精神的な新しい発見と自由を輝かせられます。,孤高の精神や自己劇場が先走ると、現実逃避し孤独を感じやすくなります。内面の創造性を大切にしつつ、人との繋がりも意識すると良いでしょう。,表には出しきらなくても内面の個性が非常に強く、静かな華やかさや魅力を感じさせる人として映りやすいでしょう。,静かな自己探究で実務能力を高め、匿名での社会貢献や精神的な基盤整備で活躍します。,孤独を恐れず内省の時間を大切に育むことで、内なる知恵が湧き出て、現実で役立つひらめきを得られるでしょう。,内面にある強烈な自己主張を静かな場所で磨き、人知れず独自の創造性を爆発させる配置。,あなたは内なる創造性の源泉を深く掘り起こし、目に見えない次元での自己表現を完成させることで、卓越したインスピレーションを得ます。その神秘的な才能は、現実世界での具体的なアウトプットを意識することで、内面の万能感に溺れることなく、真の豊かさをもたらすでしょう。
Uranus,Virgo,1,自分の可能性を分析し、新しい自分へと変化させる自由を持つ,自分自身を深く分析し、より良い方法で変化を加えながら、新しい自分を自由に表現する性質です。,鋭い分析力で自己の可能性を見つめ、革新的な視点から改善を重ね、新しい自分へと進化できるのが強みです。,完璧を求めすぎるあまり、自己表現が神経質になり批判的になりがちです。少し肩の力を抜いて、ありのままを受け入れることを意識しましょう。,整った印象の中に独自の工夫が光り、きちんとしていて少し個性的な人として周囲から見られやすいでしょう。,緻密な分析力と合理性で、ITや専門技術の分野で革新的な地位を築き活躍します。,自分に厳しすぎず適度な柔軟性を養うことで、あなたの有能さは周囲を安心させる指導力となるでしょう。,緻密な分析力と潔癖な自己規律の中に独自の視点を持ち、完璧を求めて自己を更新し続ける配置。,あなたは緻密な自己管理と合理的な分析力によって、洗練されたプロフェッショナルとしての独自の個性を確立します。無駄を省きながら自己を磨くその姿勢は、適度な自己受容を心がけることで、自己肯定感を育み、揺るぎない自信へと繋がるでしょう。
Uranus,Virgo,2,才能を分析し、より良い方法で新たな価値や豊かさを築く,自分の才能を分析し、創意工夫を凝らした独自のやり方で、新たな価値や財産を築くことを大切にします。,才能や資源を効率的に管理し、改革的なアイデアで整理することで、新しい価値と豊かさを生み出すことができます。,完璧さを求める気持ちが先走ると、不安から蓄財に執着したり、節約しすぎたりしがちです。心のゆとりを大切に、バランスを取ることを意識しましょう。,自分の価値観や基準に独自の合理性を持ちやすく、現実的ながらも型にはまらない印象を与えやすいでしょう。,実利的な金銭感覚とシステム管理能力で、財務分析やプログラミング分野で安定を築きます。,手元の数字だけでなく長期的な可能性に目を向けることで、物質的・精神的な満足を両立できるでしょう。,実務的な管理能力にデジタルの正確さを融合させ、緻密で革新的な方法で財を築く配置。,あなたは詳細なデータ分析と独自の技術を駆使し、効率的かつ確実に資産を運用・獲得していく合理的な金銭管理能力に恵まれています。その才能は、細部にこだわりすぎず全体を俯瞰する視点を持つことで、大きなチャンスを逃さず、さらなる豊かさを築き上げるでしょう。
Uranus,Virgo,3,効率的な学びで知識を深め、新しい視点で意見を交わす,効率的に知識を学び、新しい視点や斬新なアイデアを取り入れながら、建設的な意見を交わすタイプです。,論理的な思考力と分析的な知性で学びを深め、新しい視点を取り入れながら、意見を整理して伝えるのが得意です。,完璧を求めすぎると、思考が過剰になり神経疲労を起こし、批判的な発言をしやすくなります。冷静に状況を分析し、優しい言葉を選ぶと安心です。,言葉や考え方に分析力と独創性が混ざり合い、頭の冴えたユニークな相手として受け取られやすいでしょう。,正確で論理的なコミュニケーションを武器に、実務教育や情報整理で高い信頼を得て発展します。,正論だけでなく相手の感情に配慮した表現で、あなたの説得力は温かさを増し、協力体制も整うでしょう。,正確な情報を処理する知性に鋭い批判精神が加わり、日常の不備を独自の理論で修正する配置。,あなたは正確な情報処理と独自の論理構築によって、実用性の高い知識を社会に広める鋭い分析的知性を持っています。その知性は、言葉の不備を指摘しすぎるのではなく、寛容な対話姿勢を心がけることで、より円滑で建設的な交流を生み出すでしょう。
Uranus,Virgo,4,住まいや基盤を見直し、より快適で自由な環境を整える,居住環境や心の基盤を見直し、より快適で自由な状態にするため、改善と工夫を大切にする性質です。,住まいや基盤を効率的に見直し、新しい視点で整理・管理することで、快適で自由な環境を整えることができます。,完璧を求めすぎるあまり、家庭内で家族を批判したり、細部に干渉しがちです。心のゆとりを持ち、温かい目で家族を見守ることを意識すると良いでしょう。,親しい関係では細やかな配慮をしつつも、独自のやり方を保ち、心地よい安心感をつくりやすいでしょう。,合理的な家庭環境を築き、家族の健康管理やスマートホーム化など生活基盤で真価を発揮します。,家庭に安らぎと余裕を保つ工夫をすることで、責任感と内面の落ち着きが両立し、心が満たされるでしょう。,整理整頓された家庭環境に最新のシステムを導入し、秩序ある独自の居場所をストイックに守る配置。,あなたは家事の自動化や生活動線の徹底した合理化を通じて、機能的でストレスのない住環境を築き、清潔で整った私生活を好みます。その実務的な分析力は、完璧主義が家族に及ばないよう、適度な「遊び」や心のゆとりを取り入れることで、真の安らぎと快適さをもたらすでしょう。
Uranus,Virgo,5,趣味や創造活動を分析し、新しいアイデアでより洗練させる,趣味や創造性を分析し、新しいアイデアを取り入れて、より洗練された自己表現を楽しむタイプです。,趣味や創造活動を緻密に分析し、新しいアイデアで洗練させることで、技巧を革新しより繊細に表現できるのが強みです。,完璧を求めすぎると、恋愛や創造活動で分析的になりすぎて疲れやすいです。心の赴くままに楽しみ、完璧でなくても良いと割り切る意識が大切です。,表現には繊細さと独自の技巧が光り、静かな個性を持つ人として周囲に印象を残しやすいでしょう。,職人気質のこだわりと独自の技巧で、精密な創作活動やデジタル分野で才能を確立します。,楽しみを分析しすぎず純粋にリラックスすることで、自己肯定感が育まれ創造性がさらに輝くでしょう。,職人的な技術を趣味や創作に注ぎ、緻密な完成度の中に斬新なひらめきを込める配置。,あなたは緻密な計算と技術に裏打ちされた独自の創作活動を通して、マニアックでありながら完成度の高い世界観を提示します。職人的な創造性を発揮するその才能は、技法に固執しすぎず、表現の根底にある純粋な情熱を大切にすることで、より豊かな感動を生み出すでしょう。
Uranus,Virgo,6,仕事のやり方を効率化し、日々の生活にゆとりと自由を生む,仕事のやり方を合理的に改善し、効率化を図ることで、日々の生活にゆとりと自由を生み出すタイプです。,実務能力の高さで仕事のやり方を効率的に改善し、新しい発想で刷新することで、日々の生活にゆとりを生み出します。,完璧を追求するあまり、仕事で過労になったり神経過敏になりがちです。適度な休息をとり、完璧でなくても良いと自分を許すことを意識しましょう。,日常や仕事の中で改善や工夫を自然に持ち込み、発想力のある実務家として周囲から見られやすいでしょう。,効率や仕組みを刷新し業務精度を上げることで、日々の仕事にゆとりを生み出します。,自分や周囲に完璧を求めすぎずゆとりを持つことで、安定した成果と良好な関係を両立できるでしょう。,完璧な事務能力と革新的なシステム構築を両立させ、仕事の現場に絶対的な効率化をもたらす配置。,あなたは仕事の仕組みを科学的な視点で徹底的に効率化し、独自の健康メソッドを日常に取り入れることで、現場の課題を解決する高い実務能力を発揮します。その才能は、過度な節制や改善欲求に囚われず、意識的な休息を大切にすることで、心身の健康を保ちながら最大の成果を上げられるでしょう。
Uranus,Virgo,7,対人関係を改善し、互いに支え合う新しい関係性を築く,対人関係のあり方を見直し、互いに支え合いながら、より自由で建設的な新しい絆を築く性質です。,対人関係を冷静に分析し、新しい視点から調整することで、互いに支え合う質の高い協力関係を築けるのが強みです。,完璧を求めすぎると、対人関係で批判的になったり細部に干渉しがちです。相手の個性を受け入れ、寛容な心で接することを心がけると良いでしょう。,一対一の関係では、対話や役割分担に独自のバランスを求め、実際的で自由な相手として映りやすいでしょう。,誠実な対人態度と合理的な交渉力で、社会的責任を果たすパートナーシップを築き発展します。,相手を分析しすぎず自立した個人として尊重することで、互いを高め合える持続的な関係を築けるでしょう。,対人関係に誠実さと独自の規律を求め、互いを律しながら高め合う知的な絆を築く配置。,あなたは対人関係において互いの役割や責任範囲を明確にし、知的な精査に基づく合理的な協力体制を築くことを得意とします。その建設的なアプローチは、論理を超えた情緒的な共感も大切にすることで、より温かく深い絆を育むことに繋がるでしょう。
Uranus,Virgo,8,共有する仕組みを見直し、大胆な変革で新しい価値と自由を生む,共有の仕組みを改善し、大胆な変革を恐れず、より新しい価値と自由な関係性を作り出すことを目指します。,深い心理分析と鋭い洞察力で共有の仕組みを見直し、大胆な変革を通じて新しい価値と自由を生み出すことができます。,完璧を追求しすぎると、深い関係で相手に疑念を抱き、内面が疲労しがちです。相手を信頼し、自分も力を抜くことで心の調和が保てます。,深い関係では相手を細かく理解しようと努め、独特の慎重さで深く信頼を築く傾向があるでしょう。,組織の深部を理解する力と再生能力で、資産管理や困難からの再生実務で大成します。,疑う心を抑え共有への誠実さを養うことで、個人の力以上の大きな社会的価値を成し遂げられるでしょう。,共有資産や深い絆の細部を鋭く分析し、実務的な処理を通じて関係を根本から変革する配置。,あなたは組織の不透明な資産や自身の心理的課題を冷徹なまでに分析し、徹底的に浄化・整理することで、根源的な改善と変革をもたらします。その鋭い洞察力と実行力は、他者の隠れた感情にも配慮し、慎重なアプローチを心がけることで、より建設的な変化へと繋がるでしょう。
Uranus,Virgo,9,探求の視野を広げる改善で、新しい真理や世界観を自由に構築する,探求心を研ぎ澄ませて視野を広げ、新しい視点を取り入れながら、独自の真理や世界観を自由に構築するタイプです。,論理的な探求心と改革的な知性で学びを深め、新しい視点で思想を整理し、自分だけの世界観を構築できます。,完璧さを求めるあまり、理屈に偏ったり思想を批判し、視野が狭くなりがちです。多様な価値観を受け入れ、柔軟な視点を持つことを意識すると良いでしょう。,考えや信念を理性的かつ独自に組み立てやすく、鋭い視点を持つ知的な人として見られやすいでしょう。,実用的な哲学と長期的な視点で、学問研究や社会を支える教育活動で着実に発展します。,抽象的な概念を現実の成果につなげる意識を持つことで、人生を導く知恵となり、周囲の信頼も高まるでしょう。,専門知識の探求に独自のメソッドを持ち、膨大なデータを整理して新しい真理を体系化する配置。,あなたは具体的なエビデンスに基づいた独自の学問体系を構築し、実利に直結する専門性を深めることで、真理に迫る実証的な知性を発揮します。その探求心は、証明できない事象にも心を開き、直感の価値を認めることで、より広く深い世界観を自由に構築できるでしょう。
Uranus,Virgo,10,社会の仕組みを改善し、効率的な改革でキャリアと自由を確立する,社会の仕組みを効率的に改善することで、公的な役割の中でキャリアと新しい自由を確立していく性質です。,実務を効率的に刷新し、社会の仕組みを改善することで、信頼を築きながらキャリアと自由を確立できるのが強みです。,完璧主義が先走ると、仕事への執着や評価不安から無理をしがちです。完璧でなくても価値があることを知り、自分を労わることを大切にしましょう。,社会的な場では、問題に気づき改善する姿勢が目立ち、実用的なアイデアで評価される傾向があるでしょう。,改善力と合理性が評価され、専門的な信頼を得てキャリアと自由を確立します。,名声に執着せず内面の真理に従って行動することで、周囲から心から尊敬される指導者として輝くでしょう。,卓越した実力と革新的な実務能力で社会に貢献し、有能な専門家として独自の地位を築く配置。,あなたは専門技術や高度な分析スキルによって職業分野に革命をもたらし、実力本位の確固たる社会的地位を築きます。無駄のないキャリア形成を進めるその才能は、評価基準を柔軟に捉え、長期的な視点を持つことで、あなた自身も周囲も追い詰めることなく、真の成功を掴むでしょう。
Uranus,Virgo,11,仲間との関係を改善し、未来の理想へ向かい自由に貢献する,仲間との関係を改善し、誰もが自由に貢献できるような理想的な未来へ向かうコミュニティを築くタイプです。,仲間との関係や組織を効率的に改善し、新しい計画を立てることで、未来の理想へ向かって自由に貢献できる強みです。,完璧を求めすぎると、仲間を批判したり細部に干渉し、神経疲労を起こしがちです。お互いの違いを認め合い、協力することで良い関係が築けます。,仲間の中では実務面で新しい工夫を持ち込み、グループを効率化する頼れる存在になりやすいでしょう。,現実的なビジョンと仲間への責任感で、大規模な組織運営や社会変革を牽引する力があります。,現状に満足せず未来の変化を仲間と共に受け入れることで、より大きな目的を確実に達成できるでしょう。,具体的な改善を目指す仲間を厳選し、計画的で機能的な未来を構築するための変革を行う配置。,あなたは明確な目的と実益を持つ進歩的なネットワークに参加し、実務的な分析力で社会の無駄を削ぎ落とす活動に貢献します。効率的な社会変革を目指すその才能は、実務の正しさだけでなく、仲間の理想や熱意を尊重することで、より大きなムーブメントを生み出すでしょう。
Uranus,Virgo,12,内面の整理と改善を通して、心の奥底からの自由を手に入れる,内面を深く見つめ改善することで、心の奥底にある執着を手放し、精神的な自由を手に入れていく性質です。,内面を深く見つめ、心を整えることで、新しい気づきや改善のひらめきが生まれる強みです。,完璧を求めすぎると、思考が迷路に入り込み自己批判的になり、不安が増幅しがちです。ありのままの自分を受け入れ、心穏やかに過ごすことを意識しましょう。,表には控えめでも、内面では独自の思考で物事を整理し、静かに全体を見つめる人として映りやすいでしょう。,静かな環境での深い自己探究と実務能力で、精神的な基盤を整える分野で力を発揮するでしょう。,孤独を恐れず内省の時間を大切にすることで、心の奥底にある知恵が現実で活かせるでしょう。,内面にある完璧主義を一人の時間で静かに調整し、人知れぬデータ整理や精神修行で覚醒する配置。,持ち前の鋭い分析力で心の奥底を深く見つめ、絡み合った感情の糸を一つ一つ丁寧に解きほぐしていくでしょう。内面の混沌を整理し、執着を手放すことで、真に自由で健やかな精神性を手に入れることができます。
Uranus,Libra,1,調和を大切にしつつ、自由な発想で自分らしい生き方を追求する,調和を大切にしながらも、型にはまらない自由な発想で、自分らしい個性を表現するタイプです。,社交性を活かし、人との調和の中で新しい関係性を築き、自分らしい表現を生み出す力があります。,他人の評価を気にしすぎて自分の意見が曖昧になりがちなので、自分の軸を大切にすると調和しやすくなります。,柔らかい雰囲気の中にも独特の距離感を持ち、心地よい新鮮さを感じさせる人として見られやすいでしょう。,洗練された社交性と公平な判断力で、対人交渉や調和が求められる場で活躍できるでしょう。,自分の意見を臆せず対等な立場で主張することで、確かな幸運が訪れやすくなるでしょう。,洗練された美意識と社交性の中に独自のバランスを持ち、調和を保ちながら人生を更新する配置。,あなたは洗練された美的感覚と調和を重んじる心を持ちながら、型にとらわれない自由な発想で自分自身を表現していきます。他者との対等な関係性の中で常に新しい自分を演出することで、社会と共鳴しながら独自の生き方を確立するでしょう。
Uranus,Libra,2,公平な視点で新しい価値を見出し、才能と調和で豊かさを築く,公平な視点で新しい価値観を見つけ、自分らしい才能を活かして、豊かな財産を築く性質を持っています。,公平な視点と優れた美的感覚で、新しい価値や才能を見出し、豊かさをもたらす力があります。,人の目を意識した見栄で浪費しがちです。本当に価値あるものか、じっくり考えてから決める習慣が大切です。,独自の価値観や美意識を大切にするため、流行に流されない芯のある人という印象を与えやすいでしょう。,公平な視点で新しい価値を見出し、デザインや対人スキルを活かして豊かさを築くでしょう。,物質的な価値と自分自身の納得感を大切にすることで、経済と精神の両方が満たされるでしょう。,美意識や対人スキルを活かした革新的な稼ぎ方を持ち、洗練されたものを独自のセンスで所有する配置。,公平で洗練された視点から新しい価値を見出し、類まれな美的センスや対人スキルを活かして独自の財を築くことができます。共同事業や契約においてバランスの取れた関係を重視することで、安定した豊かさを創造していくでしょう。
Uranus,Libra,3,柔軟な発想で学びを深め、対話を通じて調和と変革を促す,柔軟な発想で学びを深め、対話を通して新しい視点をもたらし、調和的なコミュニケーションを大切にします。,対話を通じて人々の思考に変革をもたらし、調和を保ちながら説得力を持って物事を解決できる知性があります。,周囲に合わせて意見が曖昧になりやすいので、自分の考えを整理して伝えることを意識すると安心です。,会話には独特のセンスとひらめきがあり、周囲からは話していて刺激的で楽しい相手として好まれるでしょう。,洗練された言葉と公平な伝達力で、仲介や交渉、情報整理の分野で力を発揮しやすいでしょう。,表面だけでなく本音で議論する姿勢を大切にすることで、あなたの説得力が多くの人の心を動かすでしょう。,客観的で公平な対話に独自の視点を加え、言葉のやり取りを通じて周囲に美的な革命を起こす配置。,柔軟な発想で知的な探求を深め、洗練された対話術によって異なる意見を調和へと導くことができます。公平な視点から新しい情報や価値観をもたらし、言葉を通じて人々の思考に変革を促していくでしょう。
Uranus,Libra,4,家族や住まいのあり方を変革し、調和のとれた自由な基盤を作る,家族や住まいのあり方を自由に革新し、調和の取れた心地よい心の拠り所を築くことを大切にします。,美意識と調和の感覚で、家族との関係や居場所を刷新し、心地よい新しい基盤を築く力があります。,家庭内で衝突を避けるあまり、大切な決断を迷走しがちです。時には率直な対話が調和を生みます。,親しい関係でもお互いの心地よい距離感を大切にし、穏やかで自由な絆を築くことを得意とするでしょう。,穏やかで論理的な基盤を築く力で、サロン運営や生活の質を高める仕事で成果を出すでしょう。,家族に気を遣いすぎず本音で交流することで、家庭内の信頼が深まり安心感が生まれるでしょう。,洗練された調和の中に自由を組み込んだ家庭環境を築き、社交の場として居場所をアップデートする配置。,あなたは家族との調和を重んじつつも、既存の枠にとらわれない自由な発想で理想の住まいと心の拠り所を築き上げます。互いの個性を尊重し、心地よいプライバシーを保ちながら、美しく開かれた生活環境を創造していくでしょう。
Uranus,Libra,5,調和を重んじつつ、自由な発想で創造性を発揮し楽しむ,調和を重んじながらも、自由な発想で創造性を表現し、人生を楽しく彩ることを大切にするタイプです。,自由な発想と美的センスで、新しい魅力を創造し、楽しみや恋愛においても革新的なアプローチができます。,恋愛で相手の評価に依存したり、気分に迎合しすぎたりしないよう、自分の喜びを大切にすると良いでしょう。,表現には美意識と独創性が光り、周囲からは洗練された個性を持つ魅力的な人として印象に残るでしょう。,卓越したセンスと社交性を活かし、芸術やイベント企画、デザインで才能を開花させるでしょう。,楽しみを他者と比較せず純粋な表現を追求することで、時代を超えた実績を築けるでしょう。,優雅な社交や洗練された恋愛を楽しみながら、美的なバランスを破壊する斬新な自己表現を試みる配置。,調和の取れた美しい世界観を大切にしながらも、自由で斬新な発想で自己を表現し、人生に豊かな彩りをもたらします。洗練されたアートや独自の恋愛観を通じて、人間関係の中に新しい美しさや喜びを創造していくでしょう。
Uranus,Libra,6,調和を意識した新しい働き方で、日々の実務と健康を革新する,調和を意識した新しい働き方で、日々の実務を革新し、心身のバランスを大切にするタイプです。,調和を重んじ、優れた調整力でチームや実務を革新し、より良い働き方を生み出す改善意識があります。,仕事で優柔不断になり、決断が遅れやすい傾向があります。自分の意見を持って行動することで、スムーズに進みます。,仕事や日々の役割の中で人間関係の調整に独自の工夫を発揮し、柔軟で頼りになる調整役として見られやすいです。,調和を意識し、関係性のルールを見直しながら業務を調整する力で活躍できるでしょう。,自分を犠牲にせず適度な主張を心がけることで、安定した高いパフォーマンスを継続できるでしょう。,職場の人間関係を独自の調整力で改革し、美しく機能的なワークフローを現場にもたらす配置。,職場の人間関係に調和をもたらしながら、革新的な発想で日々の実務プロセスを改善し、効率性と美しさを両立させる働き方を追求します。心身のバランスを大切にし、協力と自立が共存する理想的な職場環境を創造していくでしょう。
Uranus,Libra,7,対人関係に新しい風を吹き込み、自由で調和的な絆を築く,対人関係に新しい風を吹き込み、自由で調和の取れた、対等なパートナーシップを築くことを大切にします。,魅力的な社交性を持ち、人との関係性に新しい調和と協力を生み出すことができる関係刷新力が強みです。,対人関係で相手に迎合し依存しがちなので、自分軸を持つことで、より健全で自由な関係が築けます。,一対一の関係では対等さと自由な関係性を重視し、心地よく風通しの良い相手として周囲に映るでしょう。,公平な交渉力と洗練された社交術を武器に、営業やコンサルティングで力を発揮します。,相手に合わせすぎず対等な立場で話し合うことで、真の相互理解が構築できるでしょう。,パートナーシップに独自の公平さと自由を持ち込み、互いを自立した個として尊重する絆を築く配置。,対人関係に新しい風を吹き込み、既存の枠にとらわれない自由で対等なパートナーシップを築き上げます。互いの個性を尊重し、調和の取れた刺激的な交流を通じて、より豊かな人間関係を創造していくでしょう。
Uranus,Libra,8,共有する関係の中で深い変革を起こし、調和と自由を実現する,共有する関係の中で深い変革を促し、調和を保ちながらも、根本的な自由を追求していくタイプです。,人の心の奥底を理解し、深い関係性の中に調和と均衡をもたらす革新的な洞察力に優れています。,深い関係で相手を操作したり、優柔不断な支配に執着したりしがちなので、真の共有を意識しましょう。,深い関係においても依存しない均衡を求め、周囲とは独特に洗練された親密な関係を築く傾向があります。,物事の本質とバランスを見抜く力で、カウンセリングや共同資産管理で成果を出すでしょう。,疑う心を抑え客観的なデータで判断する習慣を持つことで、社会に大きな変容をもたらすでしょう。,共有資産や深い絆を公平な視点で再定義し、他者との調和ある融合の中に変革を求める配置。,他者と深く共有する関係性の中で、調和を保ちつつも根本的な変革を促し、新しい自由を実現していくでしょう。共有財産や深い絆において公平な視点と洗練された合意形成を大切にすることで、関わるすべての人にとってより良い再生を創造します。
Uranus,Libra,9,探求の視野を広げ、新しい哲学や世界観で調和と自由を得る,探求の視野を広げ、新しい哲学や世界観で心の調和と自由を見つけることを大切にするタイプです。,新しい思想や理念に対しても柔軟に対話し、調和を保ちながら改革的な理解を深めることができます。,思想や信念が優柔不断になりがちです。多様な意見に触れつつ、自分の心に響くものを探求すると良いでしょう。,価値観の違いを楽しみながら自身の思想を広げ、周囲からは視野の広い魅力的な人として好感を持たれるでしょう。,高い美意識と公平な探求心で、教育や出版を通じて洗練された思想を広め貢献できます。,知識だけでなく信念を行動に移すことで、広い視野が人生を導く力強い知恵となるでしょう。,普遍的な正義や平和を独自の哲学として学び、世界を美しく整えるための革新的な思想を持つ配置。,探求の視野を広げ、多様な価値観を調和させることで、普遍的で新しい哲学や世界観を創造していきます。公平な視点から真理を見つめ、心の奥底からの自由と深い安らぎを見出すことができるでしょう。
Uranus,Libra,10,社会に新しい調和をもたらし、自由な発想でキャリアを築く,社会に新しい調和をもたらすため、自由な発想で独自のキャリアを築き、貢献していく性質があります。,優れた社交性と信頼感で、社会的な役割やキャリアに調和をもたらし、新しい価値を創造できます。,周囲の評価に依存し、重要な決断や責任を回避しがちです。勇気を持って一歩踏み出すと、道が開けます。,社会的な場では対人センスと革新性を発揮し、周囲からは洗練された新しい風を吹き込む改革者として映るでしょう。,新しい対人感覚が評価され、調和をもたらす独自の社会的立場を築けるでしょう。,他人の評価に惑わされず信念に基づいて語ることで、周囲から心から尊敬される指導者となれるでしょう。,外交能力や美的イメージを社会で活かし、平和を愛する洗練された変革者として成功する配置。,社会に新しい調和をもたらすため、持ち前の洗練された美的センスと卓越した社交性で、独自のキャリアパスを切り開いていくでしょう。人脈を活かし、自由な発想で新しい価値を創造することで、社会にポジティブな変革を促す存在となります。
Uranus,Libra,11,仲間とのつながりを革新し、調和を保ちながら未来を創造する,仲間とのつながりを革新し、調和を保ちながら、自由な発想でより良い未来を創造するタイプです。,仲間との関係に調和をもたらし、協力しながら未来志向の新しい企画を成功させる企画力があります。,仲間との関係で集団に迎合し、自分の意見を見失いがちです。健全な自立心が、より良い未来を創ります。,仲間との関係では人と人を新しくつなぐことを得意とし、グループに心地よい風通しをもたらす存在になりやすいでしょう。,平和的な対人センスと広いネットワークを活かし、SNS運営や交流会で成果を出すでしょう。,個人の意見を尊重し全体の調和を図ることで、あなたの独自のビジョンが多くの仲間に支持されるでしょう。,洗練された仲間と平和な未来を構想し、調和のとれた自由なネットワークを世界に広げる配置。,仲間とのつながりを大切にしながらも、既存の枠にとらわれない自由な発想で、未来に向けた調和的なビジョンを創造していきます。平等で開かれたネットワークを形成し、洗練された交流を通じて社会に新しい可能性をもたらすでしょう。
Uranus,Libra,12,内面の調和とバランスを保ち、精神的な自由を手に入れる,内面の調和とバランスを大切にし、無意識の制限を打ち破ることで、精神的な自由を手に入れる性質です。,豊かな共感力と想像力で、内面の精神的な調和を保ち、心の奥底から癒しと自由を生み出します。,現実を避け、自己が曖昧になりやすい傾向があります。自分の感情と向き合い、内面の調和を大切にしましょう。,表には出なくても内面では関係性の自由を重んじ、静かに心地よい距離感を整える人として周囲に映りやすいでしょう。,豊かな想像力と見えない情報を整理する力で、カウンセリングや裏方で活躍できます。,一人の時間を大切にし内面を整えることで、クリアな直感を現実で活かせるでしょう。,内面にある高い美意識を一人の時間で磨き上げ、目に見えない次元での調和を静かに探求する配置。,内面に潜む無意識の制限を打ち破り、心の奥深くに調和とバランスをもたらすことで、真の精神的な自由を手に入れるでしょう。集合意識の中の不調和を敏感に察知し、それを内面で癒やすことで、穏やかで美しい精神世界を確立していきます。
Uranus,Scorpio,1,深層からの変容を通じて、自分自身を革新し自由に表現する,内面の深い変容を通して、型にはまらない自分らしさを自由に表現し、新しい個性を創造するタイプです。,鋭い洞察力と強い意志で、自分自身を深く変容させ、新たな自己表現を創造する力が強みです。,物事への執着心が強すぎると、疑念を抱きやすく極端になりがちです。心の余裕を持つと、柔軟に対応できます。,静かな雰囲気の中にも独特の迫力があり、周囲からは簡単に読めないミステリアスな人として印象に残るでしょう。,強い意志と鋭い洞察力で、物事の本質を追求する専門職や困難な状況で成功するでしょう。,秘めた情熱を論理的に言葉にする習慣を持つことで、あなたのカリスマ性は安心感を与える力へと変わるでしょう。,底知れない洞察力と強靭な意志が表に現れ、魂の深層から自己を劇的に再生させ続ける配置。,あなたは魂の深層から湧き上がるような変容の力を持ち、常に自分自身を根底から刷新し続けることで、型破りな個性を自由に表現します。圧倒的な洞察力と強靭な意志で、物事の本質を深く捉え、周囲に揺るぎない影響を与えていくでしょう。
Uranus,Scorpio,2,深い探求を通じて、価値観を革新し才能と財産を自由にする,深い探求心で価値観を革新し、自分自身の才能を活かして、豊かさと精神的な自由を追求します。,財産や資源の本質を見抜く洞察力で、価値観を深く刷新し、豊かさを創造する力が強みです。,財産や所有物への執着が強くなり、不信感を抱きやすい傾向があります。本当に大切な価値を見出すと良いでしょう。,自分の価値観を深く独自に大切にするため、周囲からは簡単には揺らがない強い芯のある人という印象を与えやすいです。,本質的な価値を見抜き、徹底した管理能力で金融や資産運用で成果を出しやすいでしょう。,所有への執着を緩め資源を循環させることで、物質的な安定と深い満足感を両立できるでしょう。,不屈の生存本能で巨大な富を追求し、目に見えない資源を独自の力で手に入れる執念を持つ配置。,深い探求心と洞察力で既存の価値観を根本から革新し、目に見えない資源や隠された可能性の中から独自の豊かさを創造する才能を持ちます。不屈の意志で具体的な財産を築き上げ、それを通じて精神的な自由と揺るぎない安心感を追求していくでしょう。
Uranus,Scorpio,3,深い洞察で学びを革新し、本質を突く言葉で自由に発信する,深い洞察力で学びを革新し、本質を突く言葉で、自由に新しい情報を発信していくことを大切にします。,鋭い洞察力で物事の本質を探究し、革新的な思考と伝達で新しい知性をもたらす発信力があります。,思考に執着し疑念を抱きがちです。オープンな心で情報を共有することで、新たな気づきが生まれます。,発言には鋭さと深い洞察が宿りやすく、周囲からは物事の本質を突く相手として見られやすいでしょう。,鋭い分析力と重みのある言葉で、調査や研究、本質を突くコミュニケーションで活躍するでしょう。,批判だけでなく相手の良い面を見出す努力をすることで、あなたの説得力が温かく影響力のあるものになるでしょう。,言葉の裏側を暴く徹底的な調査に情熱を燃やし、核心を突く情報交換で状況を劇的に変える配置。,あなたは深い洞察力で物事の本質を深く見抜き、既存の常識を打ち破るような革新的な学びを通じて、独自の真理を追求します。言葉の裏側にある真実を鋭く捉え、核心を突くメッセージで人々の思考に劇的な変革をもたらすでしょう。
Uranus,Scorpio,4,家族や基盤の深い問題に変革をもたらし、自由な安心を築く,家族や心の基盤にある深い問題に変革をもたらし、何にも縛られない自由な安心感を築くタイプです。,家庭や心の深い問題にも果敢に取り組み、自由で安心できる新しい基盤を築き守る変容力があります。,家族への執着が強く、感情的に支配しすぎると関係が極端になりやすいので、信頼し見守る姿勢が大切です。,親しい相手には深い関わりと心地よい距離感の両方を求め、周囲とは独特の親密な関係を築く傾向があります。,深い洞察と守り抜く力で、家業再興や心理的な安全を守る仕事で成果を出すでしょう。,激しい感情を家族にぶつけず穏やかな受容を心がけることで、信頼と安心感が生まれるでしょう。,家系や居場所の深い因縁を独自の力で断ち切り、魂の底から強固な基盤を再構築する配置。,あなたは家族や心の基盤に深く根ざした問題に果敢に挑み、既存の常識を覆すような変革をもたらします。家系に伝わる因縁さえも独自の力で断ち切り、魂の奥底から何にも縛られない自由で強固な安心感を築き上げていくでしょう。
Uranus,Scorpio,5,創造性を深く掘り下げ、型破りな表現で自由に楽しむ,創造性を深く掘り下げ、型破りな表現で自分を自由に楽しみ、人生に刺激的な彩りを与えるタイプです。,情熱と集中力で創造性を深く探求し、型破りな表現で人々に新しい魅力と楽しみをもたらします。,恋愛において相手への執着や嫉妬心が強くなりがちです。相手の自由を尊重することで、より豊かな関係が育めます。,自己表現には深みと強い個性が光り、周囲からは忘れがたい魅力を持つ人として深く印象に残るでしょう。,情熱と深みのある創造性で、芸術やエンタメ、一点集中する分野で才能を開花させるでしょう。,他者の評価に惑わされず魂が震える表現を追求することで、心に深く刺さる作品を生み出せるでしょう。,命がけの情熱を創作や恋愛にぶつけ、深淵を覗くような表現で自分自身を覚醒させる配置。,あなたは人間の深淵や禁忌に果敢に切り込み、魂を揺さぶるような型破りな表現で独自の創造性を深く掘り下げていきます。創作や恋愛に命がけの情熱を注ぎ込むことで、人生に刺激的な彩りを与え、真の自由と喜びを享受するでしょう。
Uranus,Scorpio,6,実務や健康の深い課題に変革を起こし、自由な働き方を築く,仕事や健康の深い課題に変革を起こし、自分らしい自由な働き方で、日々の生活を充実させるタイプです。,集中力と強い改善意志で、実務や健康の深い課題に変革を起こし、新しい働き方を再生できます。,仕事への執着が強すぎると、周囲を支配したり極端な疲労につながりやすいので、適度な休息を心がけましょう。,仕事や役割の中で深い集中力と独自のやり方を発揮し、周囲からは本気度が高く信頼できる人として見られやすいです。,深い課題に切り込み、業務の構造を根本から変えることで成果を出しやすいでしょう。,完璧を求めすぎず適度なゆとりを持つことで、安定した高いパフォーマンスを継続できるでしょう。,組織の闇や根本的な問題を解決するために献身し、極限の現場を根底から変革する力を持つ配置。,あなたは仕事や健康の根深い課題に徹底的に向き合い、現状を根本から変革する力を持ちます。組織の闇や現場の問題を鋭くえぐり出し、自分らしい自由な働き方や独自の健康法を追求することで、日々の生活を充実させていくでしょう。
Uranus,Scorpio,7,深い絆で結ばれた関係性を築き、自由な対人関係を革新する,深い絆で結ばれた関係性を求め、対人関係に新しい風を吹き込み、自由で本質的なつながりを築きます。,人との深い関係性を築く洞察力と信頼感で、自由で革新的な対人関係を創造する強みがあります。,対人関係で嫉妬や支配欲が強くなりがちです。相手を信頼し、健全な距離感を保つことで良い絆が深まります。,一対一の関係では深い絆を求めますが、支配されることを嫌い、濃密さの中に自由を必要とする傾向があります。,深い洞察力と真実を求める姿勢で、心理カウンセリングや法律で成功を収めるでしょう。,相手をコントロールせず自立した個人として尊重することで、高め合える関係が構築できるでしょう。,運命的な深い絆を対人関係に求め、相手との一体化を通じてのみ得られる劇的な変容を好む配置。,あなたは対人関係において、魂レベルでの深い絆と宿命的な一体感を求め、既存の枠にとらわれない自由な関係性を築きます。互いの独立を尊重しながらも、本質的なつながりを追求することで、関係性の中に劇的な変革と再生をもたらすでしょう。
Uranus,Scorpio,8,深い変容のプロセスを革新し、根本的な自由と再生を手に入れる,深い変容のプロセスを恐れず革新し、根本的な自由と再生を通じて、人生を大胆に再構築するタイプです。,鋭い洞察力と精神的な強さで、深い変容のプロセスを革新し、根本的な再生を成し遂げられます。,物事を極端に考え、支配欲や破壊衝動に駆られがちです。感情をコントロールし、心の穏やかさを保つと安心です。,深い関係では本音での交流や変化を強く求め、周囲とは強烈で忘れがたい特別な絆を築く傾向があるでしょう。,組織の深部を理解し再生させる力で、資産運用や心理療法で大きく活躍できるでしょう。,他者と深い共有をする際は理屈を捨て信頼を深めることで、個人の力を超えた変容を社会にもたらすでしょう。,共有資産や秘密を徹底的に管理し、死と再生を繰り返すような体験を通じて真理に到達する配置。,あなたは人生における深い変容のプロセスを恐れることなく、根源的なレベルでの革新を主導し、自己を再構築する力を持ちます。他者と共有する資産や秘密の真実を徹底的に探求することで、根本的な自由と劇的な再生を成し遂げるでしょう。
Uranus,Scorpio,9,真理を深く探求し、常識を覆す新しい自由を見出す,真理を深く探求し、常識を覆すような新しい視点から、本当の自由を見出すことを大切にします。,既成概念を覆す深い探求心と洞察力で、新しい思想や哲学を創造し、自由を見出すことができます。,思想や信念に執着しすぎて視野が狭くなりがちです。多様な考え方を受け入れることで、世界が広がります。,信念や思想を独自の深い視点で語るため、周囲からは揺るがない確固たる価値観を持つ人として見られやすいでしょう。,真理を深く探求する力で、学問研究や神秘的な分野において思想を広め貢献できます。,知識を深めるだけでなく現実社会で活かす意識を持つことで、広い視野が人生を導く知恵へと進化するでしょう。,生と死の神秘を独自の哲学として探求し、高度な学びを通じて精神の覚醒を果たす配置。,あなたは真理を深く探求する飽くなき情熱を持ち、生と死の神秘やオカルトといった既存の常識を覆すような新しい視点から、本当の自由を見出すでしょう。高度な専門知識と独自の洞察力を駆使して、物事の根源にある真実を解明し、精神の覚醒を遂げていきます。
Uranus,Scorpio,10,社会の根幹に変革を起こし、新たな働き方や生き方を追求する,社会の根幹に変革を起こすことを恐れず、自分らしい新しい働き方や生き方を自由に追求していくタイプです。,社会の深層を洞察し、強い意志で根本的な改革を推進することで、新たな役割や成果を生み出す再生力があります。,権力や評価に執着し、周囲を支配しがちです。自分の成果を信頼し、自然体でいることが大切です。,社会的な場では独特の存在感と変革への情熱がにじみ、強い影響力を持つ人として周囲に映るでしょう。,社会に変革をもたらす力や突破力が評価され、重要な役割を担うでしょう。,権力に固執せず内面の誠実さを語ることで、周囲から心から尊敬される指導者としての地位を確立できるでしょう。,圧倒的なカリスマ性で社会のタブーを突破し、劇的な変容を成し遂げて強大な影響力を持つ配置。,あなたは社会の根幹に潜む問題を見抜き、不屈の意志と圧倒的なカリスマ性で既存の権力構造に変革を起こし、新たな時代の潮流を創り出します。自分らしい新しい働き方や生き方を自由に追求することで、社会全体に強大な影響力を持つ存在となるでしょう。
Uranus,Scorpio,11,仲間と深く結びつき、型破りなコミュニティで自由を創造する,仲間と深く結びつき、型破りなコミュニティの中で、共通の理想に向かって自由に未来を創造するタイプです。,仲間と深い信頼関係で結束し、未来志向のアイデアでコミュニティを再生・改革できる力が強みです。,仲間との関係で支配的になったり、閉鎖的になったりしやすい傾向があります。信頼とオープンな対話が未来を築きます。,仲間とのつながりにも深い結束と革新性をもたらし、グループの核を変えるような存在になりやすいでしょう。,深い共感と強い連帯感を活かし、社会変革やグループ活動で大きく活躍するでしょう。,既存の枠を恐れず仲間と共に変容することで、理想とする社会をより確実に形にできるでしょう。,強い信念を共有する同志と深く繋がり、社会を根底から変えるための変革を断行する配置。,あなたは強い信念を共有する仲間と深く結びつき、既存の枠にとらわれない型破りなコミュニティを形成し、共通の理想に向かって未来を創造します。社会の深部に隠された問題を変革する確固たるビジョンを掲げ、自由な発想で大胆な行動を断行していくでしょう。
Uranus,Scorpio,12,内面の奥深くを探求し、心の制限を打ち破る自由を手に入れる,内面の奥深くを探求し、心の制限を打ち破ることで、精神的な自由と深い癒やしを手に入れるタイプです。,内面を深く洞察し、精神的な変容を通して心の制限を打ち破り、真の自由と癒しを創造できます。,内面に執着し秘密主義になりがちなので、心を開いて信頼できる人に相談すると、癒しと自由が訪れます。,表には出にくくとも内面の変化力と独立性が強く、静かな迫力を感じさせる人として周囲に映りやすいでしょう。,豊かな想像力で本質をキャッチし、カウンセリングや芸術で癒やしの力を発揮するでしょう。,内面に湧く深い感情を恐れず言語化することで、クリアな直感を現実で活かせるでしょう。,潜在意識に潜む強大な情念を一人の時間で変容させ、目に見えない次元で深い癒やしを得る配置。,あなたは内面の奥深くに潜む潜在意識や強大な情念を徹底的に探求し、心の制限を打ち破ることで精神的な自由と深い癒やしを自らの手で掴みます。自己の内なる闇を直視し、それを創造的な力へと変容させることで、魂の覚醒を遂げていくでしょう。
Uranus,Sagittarius,1,探求と冒険を通じて、自分らしい新しい生き方を自由に創造する,探求と冒険を恐れず、自分らしい新しい生き方を自由に創造し、その姿を表現していくことを大切にします。,広い視野と探究心で、新しい信念を革新し、自分らしい自由な自己表現を創造できる力が強みです。,理想を追い求めすぎて独善的になったり、視野が拡散したりしがちです。一度立ち止まって、現状を見つめると良いでしょう。,のびやかで自由な個性が周囲に伝わりやすく、前向きで開放的な人として親しみを持って見られやすいでしょう。,高い向上心と自由な発想力で、海外関連や広い視野が求められる場で活躍できるでしょう。,楽観的な展望と現実的な視点を持つことで、あなたの推進力がより確実な成果へと結びつくでしょう。,無限の自由を信じる冒険心が自己を突き動かし、未知の世界へダイナミックに飛び出し続ける配置。,あなたは無限の自由を信じ、既存の常識にとらわれない奔放な精神で、常に新しい生き方を創造し、自分らしく表現していきます。未知の世界への飽くなき探求心と高い冒険心に突き動かされ、ダイナミックに人生を切り拓くパイオニアとなるでしょう。
Uranus,Sagittarius,2,探求心で新しい価値を見出し、独自の才能や財産を自由に築く,探求心を持って新しい価値観を見つけ、独自の才能を活かし、自分らしい豊かな財産を自由に築くタイプです。,冒険心と広い視野で、既存の価値観を刷新し、独自の才能や財産を自由に築くことができます。,楽観的に判断して浪費しやすい傾向があります。本当に必要か、予算と照らし合わせて考える習慣が大切です。,自分の価値観を独自に大きく広げるため、周囲からは他人に縛られない自由な人という印象を与えやすいでしょう。,広い視野と大胆な判断で、海外ビジネスや知的好奇心を収益に変え成果を出すでしょう。,手元の資源管理だけでなく新しい可能性に投資し続けることで、経済的安定と精神的自由を得られるでしょう。,精神的な自由を得るための富を大胆に狙い、広い視点で独自の経済的な成功を勝ち取る配置。,あなたは自由な探求心で既存の枠にとらわれない新しい価値観を見出し、独自の才能を活かして豊かな財産を築き上げます。精神的な自由と拡大を追求するため、海外投資や高度な知識の収益化など、大胆な視点で経済的な成功を勝ち取っていくでしょう。
Uranus,Sagittarius,3,探求を通じて自由に学び、独創的な発信で知の世界を広げる,探求を通じて自由に学び、独創的なアイデアや言葉で、知の世界を広げることを大切にするタイプです。,知的な冒険心と探求心で、学習方法を革新し、独創的な思考を発信して知の世界を広げられます。,楽観的になりすぎると、発言が誇張されたり、考えが浅薄になったりしがちです。一呼吸置いて言葉を選びましょう。,言葉や考え方に自由さと新鮮さがあり、周囲からは話していて視野が広がる楽しい相手として好まれやすいでしょう。,高い知的好奇心と明快な伝達力で、教育やジャーナリズムで信頼を築き活躍します。,情報の深さと聞き手のレベルに合わせた表現を心がけることで、説得力が多くの人に届く知恵に変わるでしょう。,理想を語るスケールの大きな言葉を使い、周囲の視野を広げるための発信を精力的に行う配置。,あなたは自由な探求心で知の世界を広げ、哲学的な視点と広範な知識を融合させた独創的なアイデアを伝えます。スケールの大きな言葉で人々の視野を広げ、既存の思考体系を革新するような進歩的なコミュニケーションを創造していくでしょう。
Uranus,Sagittarius,4,探求心で家庭や心の基盤を刷新し、自由な安らぎを見つける,探求心を持って家庭や心の基盤を刷新し、何にも縛られない自由な安らぎと居場所を見つけるタイプです。,広い視野と哲学的な探求心で、家庭や心の基盤を刷新し、自由で安らげる居場所を築けます。,自分の思想を押し付けたり、家庭を軽視したりしがちです。家族の意見にも耳を傾けることで、安らぎが深まります。,親しい関係でも窮屈さを持ち込まず、お互いが自由に過ごせる風通しの良い関係を築くことを得意とします。,自由で風通しの良い基盤を築く力で、学びの場や広い土地に関わる仕事で成果を出すでしょう。,家庭に静寂と秩序を保つ工夫をすることで、好奇心と内面の安らぎがバランスよく両立できるでしょう。,家庭を活動の拠点として開放し、常に新しい刺激や哲学を持ち込んで居場所を更新する配置。,あなたは探求心に突き動かされ、家庭や心の基盤に新しい風を吹き込み、何にも縛られない自由な安らぎと居場所を創造します。海外移住や多拠点生活といった既存の定住概念を覆すようなライフスタイルを実践し、常に精神的な拡大を追求していくでしょう。
Uranus,Sagittarius,5,探求心から生まれる創造力で、自由に自分を表現し楽しむ,探求心から生まれる創造力で、自分を自由に表現し、人生を冒険のように楽しむことを大切にするタイプです。,広い視野と冒険心から、情熱的に新しい創造性を発揮し、自由に自分を表現して楽しめる強みです。,恋愛で理想を追い求めすぎて、現実とのギャップに苦しむことがあります。相手の良い面を素直に受け止めると良いでしょう。,表現には伸びやかさと独創性が光り、周囲からは明るく型にはまらない魅力的な人として印象に残るでしょう。,溢れる創造性と冒険心で、スポーツや旅行企画など自由な発想を形にする分野で才能を開花させるでしょう。,楽しみを自己満足で終わらせず他者と分かち合うことで、情熱が価値ある実績へと昇華されるでしょう。,未知への挑戦を最高の遊びと捉え、自らの理想をダイナミックな行動で表現して喜ぶ配置。,あなたは探求心から生まれる無限の創造力を持ち、既存の枠にとらわれない自由な発想で自分自身を表現し、人生をまるで壮大な冒険のように楽しみます。異文化や多様な思想を融合させた斬新な表現を通して、常に新しい芸術や遊びのフロンティアを切り拓いていくでしょう。
Uranus,Sagittarius,6,探求心で仕事のやり方を革新し、自由な働き方を実現する,探求心を持って仕事のやり方を革新し、自分らしい自由な働き方を追求することで、日々を充実させるタイプです。,視野を広げ、日々の仕事や習慣を積極的に改善する探究心と、それを形にする行動力があります。,仕事で理想が高すぎて飽和状態になったり、継続が難しくなったりしがちです。現実的な目標設定が安心に繋がります。,日常や仕事の中に新しい視点を持ち込むため、周囲からは柔軟で前向きな姿勢を持つ人として見られやすいでしょう。,探求心と新しい視点で、現場の業務を革新し仕事の幅を広げやすいでしょう。,細かな作業にも高い目的意識を持つことで、安定した高いパフォーマンスが無理なく継続できるようになります。,高い目的意識を持って現場の改善に挑み、未来への希望を労働環境に持ち込む革命を行う配置。,あなたは深い探求心をもって仕事の現場に革新をもたらし、専門性を活かした自由で自律的な働き方を追求していきます。細やかな実務への敬意と、壮大な理想の両方を大切にすることで、日々の労働はあなたにとって最高の学びの場となるでしょう。
Uranus,Sagittarius,7,探求の旅で出会う人々と、型にはまらない自由な関係を築く,探求の旅で出会う人々と、既存の枠にとらわれない対等で自由な関係を築くタイプです。,広い視野で人と関わり、互いの理念を共有しながら、型にはまらない自由な関係を築く力があります。,理想を追い求めすぎて、対人関係で意見が衝突しやすいかもしれません。相手の考えも尊重すると関係が深まりやすいでしょう。,一対一の対等な関係を好み、風通しの良い自由な人として好感を持たれやすいでしょう。,オープンな社交性と交渉力を武器に、国際ビジネスや広報で自由に活躍できるでしょう。,相手の自由を尊重し誠実に意志を伝えることで、お互いに高め合える素敵な関係が長く続くでしょう。,互いの自由を尊重し高め合える関係に情熱を燃やし、共に真理を追う自由な絆を築く配置。,あなたは自由な探求心から多様な人々との出会いを求め、国籍や思想を超えた高潔で開かれた関係性を築いていきます。互いの精神的な自由を尊重し合う一方で、深いつながりを育む責任感を大切にすることで、真に豊かなパートナーシップが生まれるでしょう。
Uranus,Sagittarius,8,探求の旅で深い変容を遂げ、内なる自由を解き放つ,探求の旅で深い変容を遂げ、共有財産や他者との結びつきにおいて、内なる自由を解き放つタイプです。,深い精神の探求を通じて、物事の本質を見抜く洞察力と、大胆な変革を促す思想が強みです。,自分の信念に深く執着しすぎると、深い関係で孤立しがちです。柔軟な姿勢で他者と歩み寄ると安心です。,深い関係でも閉鎖的にならず、変化や本音を前向きに共有しやすい傾向があります。,本質を見抜く探求心を活かし、深い信頼に基づいた研究や再生事業で大成するでしょう。,他者と深く誠実に知恵を分かち合うことで、あなた自身の枠を超えた大きな変容を社会にもたらすでしょう。,信念を共にする深い絆を通じて精神を拡張し、哲学的な変容を伴う恩恵を豊かに得る配置。,あなたは他者との深い関わりや共有する経験を通して、自身の哲学を根底から見つめ直し、精神的な変容を遂げていくでしょう。理想を追求する情熱を大切にしつつ、現実的な義務や資産管理にも目を向けることで、より深い自由と豊かな再生を体験できます。
Uranus,Sagittarius,9,飽くなき探求心で真理を求め、精神の自由を無限に広げる,飽くなき探求心で哲学や学問の既成概念を打ち破り、精神の自由を無限に広げていくタイプです。,飽くなき探求心で哲学的な真理を求め、信念を常に刷新して新しい価値を生み出す才能に優れています。,自由な思想を誇張しすぎて現実離れしないよう、地に足のついた視点を持つことを意識すると良いでしょう。,自身の思想や信念を自由に語り、相手に新しい価値観の広がりをもたらす人として映りやすいでしょう。,高い理想と冒険心を活かし、学問研究や海外での活動で多くの人に影響を与えるでしょう。,知識を集めるだけでなく信念を行動に移すことで、あなたの広い視野が社会を導く力強い知恵へと輝きを増します。,普遍的な真理の探求に独自の手法で挑み、高度な学びを通じて自らの思想を神聖な域へ導く配置。,あなたは飽くなき探求心で既存の枠組みにとらわれず、独自の批判的知性で真理を深く見つめ、精神の自由を無限に広げていくでしょう。自身の真理を揺るぎなく追求しながらも、多様な視点や異論を受け入れる寛容さを持つことで、より普遍的な叡智に到達できます。
Uranus,Sagittarius,10,探求心と広い視野で社会を革新し、自由なキャリアを築く,探求心と広い視野を活かし、社会の仕組みを革新することで、自分らしい自由なキャリアを築いていきます。,広い視野と開拓精神で社会のあり方を革新し、新しい指導理念を打ち立てていく力があります。,高い理想を追求するあまり、独りよがりになりがちです。周囲の意見も聞くことで、より良い評価に繋がりやすくなります。,社会的な場では理想や展望に新しさがあり、時代の先を見据える人として見られやすいでしょう。,革新的な理念と発信力で、社会に大きな影響力をもたらし活躍するでしょう。,名声に執着せず内なる真理に従って行動することで、周囲から心から尊敬される指導者としての信頼を得られるでしょう。,専門知識や広いビジョンを武器に社会を先導し、理想を語る変革的リーダーとして活躍する配置。,あなたは探求心と広い視野を活かし、社会の仕組みを革新することで、自分らしい自由なキャリアを築き上げていきます。壮大なビジョンで人々を導く一方で、着実な実績を積み重ねることで周囲からの信頼を得て、真のリーダーとして時代を先導するでしょう。
Uranus,Sagittarius,11,探求仲間と共に、理想を追求する自由なコミュニティを築く,理想を共有する探求仲間と共に、既存の枠にとらわれない自由なコミュニティを創造していくでしょう。,理想の未来を仲間と共に描き、新しい企画で周囲を鼓舞しながら、自由なコミュニティを築けるでしょう。,壮大な理想を持つのは素晴らしいですが、計画が甘くなりがちです。仲間との連携を大切にすると実現しやすくなります。,仲間との交流では自由な発想で、グループの可能性を広げる未来志向の存在になりやすいでしょう。,自由な精神と理想を共有する仲間と、グローバルな活動で中心的な役割を担うでしょう。,個人の自由を大切にしつつ共通の目的に協力することで、あなたの独自のビジョンが多くの仲間に支持されます。,世界中の仲間と未来の理想を語り合い、自由な情報ネットワークを広げるために奔走する配置。,あなたは理想を共有する探求仲間と共に、国境や人種を超えた広範なネットワークを築き、人類全体の幸福を目指す自由なコミュニティを創造していくでしょう。壮大なビジョンを掲げるだけでなく、それを現実のものとするための具体的な行動を伴わせることで、真の変革を巻き起こすことができます。
Uranus,Sagittarius,12,内面の探求で潜在意識を解放し、精神的な自由を手に入れる,内面を深く探求することで潜在意識の制約から解放され、精神的な自由を手にできる性質です。,内面を深く探究し、自由な発想と直感的な哲学で、あなた自身の可能性を広げられるでしょう。,理想を追い求めるあまり、現実から目をそむけがちです。時には立ち止まって自分と向き合う時間も大切にしましょう。,表にはあまり出ませんが、内面では大きな自由意識を抱き、独自の行動へと繋がる傾向があります。,豊かな想像力と自由な精神で、芸術や癒やしの分野で才能を大きく発揮します。,孤独を恐れず静かに内面を整える習慣を持つことで、素晴らしいひらめきを現実世界で活かす知恵が湧くでしょう。,宇宙の真理や自由への憧れを一人の時間で追求し、内なる旅を通じて精神の覚醒を目指す配置。,あなたは内面を深く探求し、潜在意識の制約から解放されることで、精神的な自由と覚醒を手に入れるでしょう。卓越した洞察力で真理を追求する一方で、現実社会との調和を保ち、公私のバランスを大切にすることで、その精神的な豊かさはより輝きを増します。
Uranus,Capricorn,1,高い目標を達成し、自分自身の新たな可能性を自由に開拓する,高い目標を掲げ、自分自身の見せ方を革新することで、新たな可能性を自由に開拓していくタイプです。,責任感と自己統率力を持ち、自分らしい表現を革新的に構築して新しい価値を生み出せるのが強みです。,自分を厳しく律しすぎて、周りから孤立したり、自分自身を圧迫したりしないよう、柔軟な発想を大切にしましょう。,落ち着いた印象の中に独自の意志がにじみ、堅実なのに型にはまらない人として見られやすいでしょう。,強靭な精神力と責任感を活かし、組織構築や長期プロジェクトで発展を遂げるでしょう。,厳格さを他者に押し付けず柔軟な対話を心がけることで、あなたの統率力が信頼される指導力へと変わっていくでしょう。,強い責任感と規律ある自己制御をベースにしつつ、既存の社会システムを塗り替える実力派個性の配置。,あなたは高い目標を掲げ、伝統を尊重しつつも、時代に合わせた新たな自己表現と組織力を冷静に構築していきます。慎重さの中に大胆な革新を取り入れることで、揺るぎない自分らしさを確立し、無限の可能性を自由に開拓していくでしょう。
Uranus,Capricorn,2,目標達成で得た価値を革新し、独自の才能で財産を築き自由になる,目標達成を通じて、既存の価値観にとらわれず独自の才能を活かし、自由な財産を築く性質です。,優れた計画性で資産や財産のあり方を改革し、独自の視点で新しい価値を生み出す才能があります。,お金や持ち物に対して固執しすぎると、新しいチャンスを逃しがちです。変化を受け入れることで豊かさが循環するでしょう。,自分の価値観を独自のやり方で築き、現実感覚のある個性派という印象を与えやすいでしょう。,着実な経済感覚と不屈の忍耐力で、資産形成や伝統的なビジネスで豊かさを築くでしょう。,手元の資源を守るだけでなく次世代への投資も考慮に入れることで、安定と社会貢献を同時に成し遂げられるでしょう。,伝統的な価値を独自の視点で再定義し、社会的に認められる形で堅実かつ革新的な財を築く配置。,あなたは目標達成のために独自の才能を活かし、既存の価値観にとらわれない方法で堅実かつ革新的な財産を築きます。所有への深い責任感を持ちながらも、常に新しい価値観やシステムの代謝を取り入れることで、経済的な自由と安定を両立させるでしょう。
Uranus,Capricorn,3,目標達成のための学びを革新し、自由な発信で知を深める,目標達成に向けた学び方を革新し、自由な発信を通じて、新しい知識を深く探求していくタイプです。,現実的な知性と計画力で、考え方や伝え方を改革し、人々を納得させる優れた説得力があります。,思考が硬直して悲観的な発言になりがちです。意識的にポジティブな側面を探すと、コミュニケーションが円滑になります。,言葉や考え方に現実性と新しさが同居し、筋の通った発想をする人として受け取られやすいでしょう。,論理的で正確な伝達力を活かし、教育や執筆、法律分野で高い信頼を得るでしょう。,正論だけでなく相手の感情に配慮した表現を心がけることで、あなたの説得力は温かなものになり協力体制が整います。,正確で重みのある言葉に鋭い視点を加え、日常の情報を秩序立てて変革するために動く配置。,あなたは目標達成のために学び方と発信を革新し、実用的な論理と長期的な戦略を組み合わせて、社会に影響を与える知性を構築していきます。正確さを追求する一方で、適度な柔軟性とスピード感を持つことで、あなたのメッセージはより広く深く人々の心に届くでしょう。
Uranus,Capricorn,4,目標達成のために、家庭や基盤を革新し自由な場所を築く,高い目標達成のために、家庭の形や心の基盤を革新し、自分にとって自由で安らげる場所を築くでしょう。,家庭や生活の基盤を責任感を持って再構築し、安心できる自分らしい居場所を作り出す力があります。,家庭内で自分の考えを押し付けがちなので、家族の感情を尊重し、心の声に耳を傾けることを意識すると良いでしょう。,親しい関係では責任感を持ちつつも、独自のルールで安定感をつくる傾向があるでしょう。,規律ある基盤を築く力で、伝統継承や土地管理の実務で幸運を発揮するでしょう。,家庭に安らぎと笑顔を保つ工夫をすることで、責任感の強さと内面の安らぎがバランスよく心の拠り所となります。,家系の伝統や規律を守りつつ、家庭内に最新の合理性を持ち込み、盤石な基盤を維持する配置。,あなたは高い目標達成のために、家庭や心の基盤に革新をもたらし、自分にとって自由で安らげる場所を築いていくでしょう。合理的な管理と効率性を追求しながらも、私生活では感情を豊かに解放することで、心からの安定と深い充足感を得られます。
Uranus,Capricorn,5,創造的な目標を達成し、喜びと共に自由に自分を表現する,創造的な目標を達成し、楽しみや恋愛においても既存の枠を超え、自由に自分を表現するタイプです。,計画的に創造的な活動に取り組み、努力を重ねて新しい表現方法を生み出す才能に優れています。,恋愛や創造において感情を抑え込みがちです。素直な気持ちを表現することで、喜びが深まりやすくなります。,自己表現に節度と独自性があり、静かなのに印象に残る魅力を持ちやすいでしょう。,職人気質のこだわりと卓越した技巧で、伝統芸能や建築分野で才能を開花させるでしょう。,楽しみを仕事のように捉えず純粋にリラックスすることで、自己肯定感が健全に育まれ創造性がさらに輝くでしょう。,結果を出すことに執念を燃やす趣味を極め、社会的な価値のある斬新な完成度を追求する配置。,あなたは創造的な目標を達成するために、古典と革新を融合させた独自の表現方法で、喜びと共に自分を自由に解き放ちます。社会的評価を意識しつつも、内なる遊び心と純粋な創造の衝動を大切にすることで、あなたの表現は唯一無二の輝きを放つでしょう。
Uranus,Capricorn,6,目標達成のために仕事の仕組みを革新し、自由な働き方を確立する,目標達成のため、仕事の仕組みや日々の習慣を革新し、自分らしい自由な働き方を確立するでしょう。,実務能力と計画性で仕事の仕組みを改革し、効率的な管理で新しい価値を生み出すのが得意です。,仕事で完璧を求めすぎると、過労や周囲への強制になりがちです。時には肩の力を抜いて、柔軟に対応すると良いでしょう。,仕事や役割の中で現実を変える工夫をし、発想力のある実務家として評価されやすいでしょう。,古い仕組みを現実的に見直し、業務を改善しながら自由な働き方を確立しやすいでしょう。,自分や周囲に完璧を求めすぎず心にゆとりを持つことで、安定した高いパフォーマンスと良好な関係を両立できます。,完璧な実務遂行と組織管理の中に革新的なツールを導入し、現場に絶対的な信頼と効率をもたらす配置。,あなたは目標達成のために、仕事の仕組みや日々の習慣を革新し、自分らしい自由な働き方を確立していきます。高い組織刷新力と自己規律を発揮しつつも、適度な遊び心や柔軟性を取り入れることで、あなたも周囲も共に生き生きと輝ける職場環境を創造するでしょう。
Uranus,Capricorn,7,高い目標を共有する相手と、型破りな自由な関係を築く,高い目標を共有できる相手と、既存の概念にとらわれない対等で自由なパートナーシップを築く性質です。,責任感を持って人と信頼関係を築き、協働しながら関係性を革新的に構築していく力があります。,対人関係で相手をコントロールしようとしがちです。相手の感情を尊重し、対等な関係を築くことを意識すると安心です。,一対一の関係では責任感と自由を両立し、成熟した距離感を持つ相手として映りやすいでしょう。,誠実な態度と安定した交渉力で、長期的な提携やパートナーシップで発展します。,相手をコントロールせず一人の自立した個人として尊重することで、お互いに高め合える長く続く関係が築けます。,社会的信頼に基づいた責任ある関係を求め、共に実益を生む強固で合理的な絆を築く配置。,あなたは高い目標を共有できる相手と、既存の枠にとらわれない型破りな自由な関係を築き上げていくでしょう。戦略的で自律的なパートナーシップを大切にしながらも、義務を超えた真心で関わることで、お互いを深く信頼し高め合える絆が育まれます。
Uranus,Capricorn,8,困難な目標を達成し、自己を深く変容させることで自由を得る,困難な目標を達成することで自己を深く変容させ、共有する資源や関係において自由を手に入れるでしょう。,強い意志と統率力で、困難な状況を乗り越え、自己再生を促すような変革をもたらす才能があります。,深い関係において、権力や支配欲が強く出がちです。相手の自立を促し、相互理解を深めることで調和しやすくなります。,深い関係では信頼を重んじつつ、自分の裁量を保つため独特の緊張感が生まれることもあります。,組織の深部理解と不屈の精神力で、資産管理や再生実務で真価を発揮し大成します。,猜疑心を手放し他者と誠実に協力することで、あなたの力だけでは成し得ない大きな社会的価値を生み出せるでしょう。,共有資産や伝統を厳格な規律で管理し、責任を持って継承しつつシステムを刷新する配置。,あなたは困難な目標を達成するプロセスを通じて自己を深く変容させ、共有する資源や関係において真の自由を手に入れます。徹底した再建計画で確実な再生力を発揮しつつ、変化の自然な流れを信頼して受け入れることで、内なる変革はより大きな豊かさをもたらすでしょう。
Uranus,Capricorn,9,高い目標を達成するため、探求を通じて革新と自由を追求する,高い目標達成のため、探求を通じて哲学や学問を革新し、既成概念にとらわれない自由な視点を追求します。,現実的な視点から物事を深く探究し、哲学的な信念を刷新しながら、新しい学びを構築できるでしょう。,自分の思想が硬直して視野が狭くなりがちです。新しい知識や異なる意見にも耳を傾けることで、世界が広がるでしょう。,信念や思想を現実的かつ独自に築き、時代感覚のある人として見られやすいでしょう。,実用的な哲学と長期的な視点で、学問研究や社会を支える教育活動で発展するでしょう。,抽象的な概念を現実的な成果に結びつける意識を持つことで、あなたの広い視野は力強い知恵となり信頼も高まります。,社会の規律や古の知恵を独自の真理として学び、格式高い学びを通じて魂の品格を磨き上げる配置。,あなたは高い目標達成のために、探求を通じて哲学や学問に革新をもたらし、既成概念にとらわれない自由な視点を追求します。建設的な知性で真理に迫りながらも、純粋な探求心を忘れずに持ち続けることで、あなたの思想は社会に深く根差し、未来を照らす光となるでしょう。
Uranus,Capricorn,10,社会に新しい価値をもたらし、キャリアで自由を掴む,社会に新しい価値をもたらすことで、既存の枠にとらわれないキャリアと公的な役割において自由を掴むでしょう。,確かな統率力で社会の仕組みを改革し、具体的な実績を積み重ねながら新しい価値を生み出せます。,社会的な評価に執着しすぎて、冷酷な態度になりがちです。周囲への配慮を忘れず、温かい心で接すると良いでしょう。,社会的な場では組織や仕組みを新しく変え、現実を動かす改革者として映りやすいでしょう。,構造改革の実行力で高く評価され、新しい責任を任される機会が多いでしょう。,名声に執着せず内なる真理に従って行動することで、周囲から心から尊敬される指導者としての揺るぎない地位を築けます。,戦略的な思考と実力で社会の頂点を目指し、実績によって強大な権威と変革を確立する配置。,あなたは社会に新しい価値をもたらすことで、既存の枠にとらわれないキャリアと公的な役割において自由を掴みます。圧倒的な実績で成功を収める一方で、周囲との調和を大切にし、戦略的な振る舞いを心がけることで、あなたの革新は社会全体に深く浸透していくでしょう。
Uranus,Capricorn,11,志高い仲間と繋がり、新しい未来を共に創造する,志高い仲間と繋がり、既存のコミュニティの枠を超えて、新しい未来の理想を共に創造していくタイプです。,計画的に組織を構築し、仲間と共に未来の理想を改革しながら、新しい価値を生み出す統率力があります。,仲間との活動で自分の考えを押し付けがちです。多様な意見を取り入れ、開かれた関係を築くことで未来が豊かになるでしょう。,仲間の中では理想を形にする工夫を持ち込み、グループに新しい構造をもたらしやすいでしょう。,現実的なビジョンと責任感で、大規模な組織運営や社会変革でリーダーシップを発揮します。,現状の安定に満足せず未来への変化を仲間と共に受け入れることで、より大きな目的を確実に達成できるでしょう。,実力派の仲間と現実的な社会変革を計画し、秩序ある未来を具体的に構築するために動く配置。,あなたは志高い仲間と繋がり、既存のコミュニティの枠を超えて、新しい未来の理想を共に創造していきます。組織的な変革力と効率性を追求しつつも、関わる一人ひとりの感情を大切にすることで、揺るぎない絆のもとで理想は着実に現実へと形作られるでしょう。
Uranus,Capricorn,12,内なる可能性を解き放ち、心の自由と成長を達成する,無意識の制約を打ち破ることで内なる可能性を解き放ち、心の自由と精神的な成長を達成するでしょう。,精神的な忍耐力と自己を構築する力で、内面の改革を持続させ、心の自由を育めるでしょう。,内面にこもりすぎて孤立し、感情を抑圧しがちです。心の声に耳を傾け、時には人に頼ることで癒しが得られるでしょう。,表には出しにくくても内面では独立性と構想力を持ち、静かに流れを変える人として映りやすいでしょう。,静かな探究心と実務能力を活かし、精神的な基盤整備や社会貢献で拡大を発揮するでしょう。,孤独を恐れず内省の時間を大切に育むことで、潜在意識の知恵を現実世界で役立てる具体的な方法が湧いてくるでしょう。,内なる責任感や秩序を一人の時間で研ぎ澄まし、人知れず社会を支えるための力を蓄える配置。,あなたは無意識の制約を打ち破ることで内なる可能性を解き放ち、心の自由と精神的な成長を達成します。強靭な精神基盤を静かに構築しつつも、自身の感情を豊かに受け入れ、癒やしの時間を持つことで、あなたの内なる輝きはより一層増していくでしょう。
Uranus,Aquarius,1,既存の枠を壊し、あなたらしい自由な生き方を創造する,既存の枠にとらわれず、自分自身の見せ方や第一印象を革新し、あなたらしい自由な生き方を創造します。,既存の枠にとらわれない独創力と自由な意志で、あなたらしい生き方を改革していく力があります。,独創的な自己表現を追求するあまり、孤立しがちです。周囲との協調も意識すると、より広い理解を得られるでしょう。,個性と自由さが最も自然に表れ、独自のスタンスを持つ人として見られやすいでしょう。,独創的な思考力と客観性で、最新技術や社会改革分野で独自の地位を築くでしょう。,論理的な一貫性を持ちつつ他者の感情にも配慮することで、あなたの先見性は多くの人に受け入れられる力へと変わります。,究極の独創性とクールな自立心が個性に宿り、時代の先を走り続ける生粋のイノベーター配置。,あなたは既存の枠にとらわれず、一切の因習を排した独自の個性を確立し、あなたらしい自由な生き方を創造していきます。唯一無二の存在として周囲を啓蒙しながらも、人との対話を大切にし、共感性を育むことで、あなたの革新は社会に広く受け入れられるでしょう。
Uranus,Aquarius,2,独自の才能で新しい価値を生み出し、経済的な自由を得る,独自の才能で新しい価値を生み出し、既存の収入源にとらわれない革新的な方法で経済的な自由を得るでしょう。,独自の視点から新しい価値を創造し、自らの才能で経済的な自由を築き上げる力があります。,価値観が極端になり、経済的な安定を揺るがしやすい傾向があります。柔軟な視点を持つことで、新たな豊かさに繋がるでしょう。,自分なりの価値観を明確に持ちやすく、他人に左右されない人という印象を与えやすいでしょう。,革新的な価値基準と合理性で、最新テクノロジーや独自のスキルを収益に変えるでしょう。,物質的な安定だけでなく社会全体の利益も考慮することで、経済的成功と精神的な自由を同時に得られるでしょう。,革新的なデジタル資産や独自のネットワークを駆使し、自由を確保するための富をスマートに築く配置。,あなたは独自の才能と革新的な方法で新しい価値を生み出し、既存の収入源にとらわれない経済的な自由を手に入れるでしょう。金銭への執着を否定するのではなく、現実的な利得も正当に評価することで、あなたの独創性は安定した豊かな生活基盤を築き上げます。
Uranus,Aquarius,3,自由な発想で学び、革新的な情報や思想を発信する,自由な発想で学びの形を革新し、新しい情報や思想を積極的に発信していくことを大切にするタイプです。,型にはまらない自由な発想力と知性で、革新的なアイデアを企画し、周りに伝えることに優れています。,奇抜な発想は素晴らしいですが、共感を得にくい発言になりがちです。相手の立場を理解する気持ちを大切にしましょう。,考え方や発言に新鮮な独自性があり、周囲からは知的刺激の強い相手として見られやすいでしょう。,論理的な言葉選びと巧みな表現力で、情報発信やプログラミング分野で信頼を得るでしょう。,情報の美しさだけでなく相手の心に響く表現を追求することで、あなたの説得力が多くの人を動かす力になります。,常識を打ち破る情報を武器に社会へ問いかけ、デジタル空間で知的な革命を常に先導する配置。,あなたは自由な発想で学びの形を革新し、独創的な情報や思想を積極的に発信することで、社会に新たな知をもたらします。天才的な閃きで世界を啓蒙する一方で、具体例を交えながら丁寧に説明する工夫を凝らすことで、あなたのメッセージはより多くの人々の心に深く響くでしょう。
Uranus,Aquarius,4,新しい家族の形を築き、心の安らぎと自由を追求する,既存の家庭像にとらわれず、新しい家族の形を築きながら、心の安らぎと自由な基盤を追求する性質です。,自由な意識で家庭や基盤のあり方を革新し、あなたらしい独立した居場所を築く力があります。,独自の理想を追求するあまり、家庭や大切な人との繋がりが希薄になりがちです。温かい感情を表現すると安心です。,親しい人にも自由を尊重した関わり方をし、風通しの良いさっぱりした関係を築きやすいでしょう。,自由で論理的な環境を築き、在宅ワークや交流の場作りで新しい生活基盤を発展させます。,家族に過剰に理屈で接せず情緒的な対話を大切にすることで、家庭の信頼が深まり揺るぎない安心感が生まれるでしょう。,個の自由を尊重し合う開放的な家庭を理想とし、未来的でハイテクな居場所を自ら作る配置。,あなたは既存の家庭像にとらわれず、新しい家族の形を築きながら、心の安らぎと自由な基盤を追求していきます。合理的で進歩的な私生活を営みつつも、温かな情緒の交流を大切にすることで、家族という名のコミュニティは揺るぎない愛と絆で満たされるでしょう。
Uranus,Aquarius,5,型破りなアイデアで表現し、喜びとワクワクを創造する,型破りなアイデアで自分を表現し、楽しみや恋愛においても既存の枠を超えた喜びとワクワクを創造するでしょう。,自由な発想で個性を表現し、常に新しいものを創造することで、周囲に喜びと楽しみを与えられます。,創造性や恋愛において、自己中心的で感情が希薄になりがちです。相手の気持ちを考慮すると、関係が深まりやすくなります。,表現にオリジナリティが強く出やすく、型にはまらない魅力で周囲に印象を残しやすいでしょう。,斬新なセンスと独創性で、デジタルアートやイベント企画で才能を爆発させるでしょう。,楽しみを比較や論理で判断せず、自分自身の直感的な表現を追求することで、時代に左右されない実績を築けます。,最新技術や超個性的な趣味を楽しみ、自らの独創性を客観的なアイデアで表現して輝く配置。,あなたは型破りなアイデアで自分を表現し、楽しみや恋愛においても既存の枠を超えた喜びとワクワクを創造します。稀有な創造性を発揮しながらも、普遍的な人間性を表現に込めることで、あなたの独創的な作品は多くの人々の心に深く共鳴し、感動を与えるでしょう。
Uranus,Aquarius,6,働き方や習慣を改革し、日々の生活に自由を取り入れる,働き方や日々の習慣を大胆に改革し、既存の枠にとらわれずに自由な生き方を確立していくタイプです。,鋭い分析力と改善発想で、日々の作業や習慣を革新し、新しい効率的な方法を生み出すのが得意です。,仕事で反骨精神を発揮しすぎて、協調性が不足しがちです。周囲と協力することで、より安定した成果に繋がるでしょう。,仕事や日常でも独自の工夫をどんどん試し、革新的な実務家として見られやすいでしょう。,新しい仕組みや働き方を日常業務に定着させ、生産性を高めることが得意でしょう。,自分を犠牲にせず適度な主張を心がけることで、安定した高いパフォーマンスと良好な関係を継続できるでしょう。,合理的なシステム構築と人道的な視点で現場を改革し、業務の効率化と自由を同時に実現する配置。,あなたは働き方や日々の習慣を大胆に改革し、既存の枠にとらわれない自由な生き方を確立していきます。職場を民主的に刷新する力と個人の自由を尊重しつつも、組織全体の調和を大切にすることで、あなたも仲間も共に輝ける最適な環境を創造できるでしょう。
Uranus,Aquarius,7,自由な精神で人々と繋がり、新しい関係性を築き上げる,自由な精神で人々と繋がり、既存のパートナーシップの形を革新しながら、新しい対等な関係性を築くでしょう。,独立した精神と自由な発想で人々と深く交流し、互いの理解を深めながら新しい関係性を築く力があります。,人との間に距離を置きすぎて、感情的な繋がりが希薄になりがちです。心を開いて関わることで、温かい関係が築けます。,一対一の関係では対等さと自由を求め、風通しの良い関係を築く相手として映りやすいでしょう。,公平な交渉力と進歩的な社交術で、グローバルな提携や広報分野で大成するでしょう。,相手に合わせすぎず対等な立場で話し合うことで、お互いを深く理解し合える、より良い関係が築けるでしょう。,自立した親友のような対人関係を理想とし、依存のないクールで自由な絆を広げる配置。,あなたは自由な精神で人々と繋がり、互いの個性を最大限に尊重し、束縛のない対等な関係性を築き上げます。自由な交流から多くを学びながらも、時には自身の脆さをさらけ出す勇気を持つことで、表面的な関係を超えた深い信頼と温かい絆が生まれるでしょう。
Uranus,Aquarius,8,既存の価値観を刷新し、根源的な変革と自由を実現する,既存の価値観を刷新し、深い結びつきや共有資源において、根源的な変革と精神的な自由を実現する性質です。,深い洞察力で心理や既存の価値観を革新し、再生を促すような新しい考え方を生み出す才能があります。,独自の思想が極端になり、孤立しがちです。物事を破壊的に捉えるのではなく、建設的な変化を意識すると良いでしょう。,深い関係でも自分らしさを失わず、独特の距離感で信頼を築く傾向があるでしょう。,本質を見抜く力と新しいシステム導入で、資産管理や研究分野で発展するでしょう。,猜疑心を手放し客観的なデータに基づいて判断することで、あなたの枠を超えた大きな変容を社会にもたらすでしょう。,共有するシステムや理念を客観的にアップデートし、共通の目的を通じた革新的な融合を図る配置。,あなたは既存の価値観を刷新し、共有資源や深い結びつきにおいて、根源的な変革と精神的な自由を実現します。抜本的な改革力を発揮しつつも、他者の感情や執着に丁寧な配慮を忘れないことで、あなたの変革は大きな共感と共に受け入れられ、真の調和を生み出すでしょう。
Uranus,Aquarius,9,既成概念にとらわれず、新たな真理を探求し発表する,既成概念にとらわれず、新しい視点から真理を探求し、その革新的な哲学や学問を自由に発表していくタイプです。,既成概念にとらわれず、新しい思想を革新する探究心と、独自の理念を生み出す力に優れています。,既成概念を否定しすぎて、独りよがりな思想に陥りがちです。伝統や他者の意見にも学ぶ姿勢を持つと視野が広がります。,独自の思想や未来志向を自然に語り、刺激的で視野の広い人として見られやすいでしょう。,高い理想と客観的な探求心で、教育や出版、先進的な思想を広める役割で活躍します。,知識を整理するだけでなく信念を行動に移すことで、あなたの広い視野が人生を導く力強い知恵となるでしょう。,博愛主義や宇宙の法則を真理として探求し、人類の意識を更新するための活動に情熱を注ぐ配置。,あなたは既成概念にとらわれず、新たな真理を深く探求し、その革新的な哲学や学問を自由に発表していきます。高い客観性で真理に迫りながらも、多様な視点への寛容さを保つことで、あなたの提唱する思想は世界をより良い方向へ導く光となるでしょう。
Uranus,Aquarius,10,独自のビジョンで社会を変え、キャリアで自由を表現する,独自のビジョンで社会の仕組みを革新し、公的な役割やキャリアにおいて自分らしい自由を表現していくでしょう。,改革を統率する力と優れた企画力で、社会に新しい価値をもたらし、キャリアを刷新できるでしょう。,既存の権威に反発しすぎて、社会との衝突や組織からの離脱を招きがちです。調和を意識すると、スムーズに活動できるでしょう。,社会的な場では個性と改革性が非常に目立ち、新しい流れを象徴する存在として映りやすいでしょう。,あなたの革新性が高く評価され、独自の視点で社会に貢献する立場を築きやすいでしょう。,他人の評価に惑わされず自身の信念に基づいて誠実に語ることで、周囲から心から尊敬される指導者となれるでしょう。,革新的な活動を社会で展開し、ネットワーク型のリーダーシップで新しい時代を切り拓く配置。,あなたは独自のビジョンで社会の仕組みを革新し、公的な役割やキャリアにおいて自分らしい自由を表現していきます。真の実力で時代を刷新する成功を収める一方で、戦略的な協調姿勢を大切にすることで、あなたの革新はより広範囲に受け入れられ、社会に深く根付くでしょう。
Uranus,Aquarius,11,自由な精神を持つ仲間と、未来の理想を共に実現する,自由な精神を持つ仲間と共に、既存の枠を超えたコミュニティを創造し、未来の理想を共に実現します。,未来を見据えた企画力と仲間を革新的に先導する力で、新しい理想を共に実現できるでしょう。,理想を追い求めるあまり、独走してしまい仲間と意見が対立しがちです。皆の意見を聞くことで、より良い未来を築けます。,仲間とは未来志向や独自の発想を広く共有し、グループに新風を吹き込む中心になりやすいでしょう。,平和的な対人センスと広いネットワークを活かし、コミュニティ運営やSNSで発展するでしょう。,個人の意見を大切にしつつ全体の調和を図ることで、あなたの独自のビジョンが多くの仲間に支持されるでしょう。,人類の進化を夢見る仲間と繋がり、テクノロジーや独自の理論で理想の未来を形にする配置。,あなたは自由な精神を持つ仲間と共に、既存の枠を超えたコミュニティを創造し、未来の理想を現実のものとして実現していきます。壮大なビジョンで変革の旗振り役を担いながらも、現実的な着地点を探る粘り強さを持つことで、あなたの理想は社会全体に深く根差し、多くの人々に希望を与えるでしょう。
Uranus,Aquarius,12,無意識の制約から解放され、内なる自由を追求する,無意識の制約から解放されるための変革を体験し、内なる心の自由を深く追求していく性質です。,無意識の制約から自由になり、直感的なひらめきで心の安らぎや新しい価値を生み出す力があります。,独創的な思想に浸りすぎて、現実から離れ孤立しがちです。地に足をつけて、心穏やかに過ごす時間も大切にしましょう。,表には出しきらなくても内面では非常に自由で、掴みきれない魅力を持つ人として映りやすいでしょう。,豊かな想像力と目に見えない情報を整理する力で、カウンセリングや精神世界の探求で力を発揮するでしょう。,一人の時間を大切にし内面を整えることで、クリアな直感を現実で活かせるでしょう。,人類全体の幸福への祈りや斬新な直感のためにエネルギーを使い、目に見えない次元で変革を促す配置。,博愛的な独立心を持つあなたは、潜在意識や精神世界の深遠な領域に革新の光をもたらします。人類共通の無意識にアクセスし、古い観念を独自の直感で刷新することで、心の底からの自由を追求し、自己変革を遂げていくでしょう。
Uranus,Pisces,1,直感を信じ、あなた自身の自由な可能性を切り開く,枠にとらわれず、あなた自身の直感を信じ、自由な感性で新しい魅力を表現するタイプです。,深い共感力と自由な発想で、あなたらしい表現を通じて新しい可能性を切り開くことができます。,自分らしさが曖昧になりやすく、感情の混乱から人間関係に距離ができがちです。自分の感覚を大切にすると良いでしょう。,柔らかな雰囲気の中に独自の感性が光り、優しくもミステリアスな人として見られやすいでしょう。,深い共感力と誠実さを活かし、福祉や芸術、人の心に寄り添う職種で着実な地位を築くでしょう。,自分の感受性を信頼しつつ境界線を保つことで、本来の癒やしの力を発揮できるでしょう。,境界線のない深い共感力が個性に溢れ、目に見えない次元の変革を自己表現を通じて体現する配置。,枠にとらわれない豊かな感性と直感を信じ、あなたは独自の魅力と自己表現を絶えず更新していきます。内なるインスピレーションに導かれるまま、自由な可能性を切り開き、あなた自身の生き方そのものをアートのように創造するでしょう。
Uranus,Pisces,2,繊細な感性を活かし、独自の価値と豊かさを創造する,繊細な感性を活かし、既存の常識を超えた自由な発想で、あなた独自の豊かな価値を創造するでしょう。,繊細な感性で独自の価値を見出し、芸術的なひらめきで豊かな創造力を発揮できます。,価値観が曖昧になりやすく、衝動的な浪費や他者への依存に繋がりやすいです。冷静に判断する時間を大切にしましょう。,独自の感覚で自分の価値観を大切にし、優しさの中に芯の強さも感じさせるでしょう。,優れた直感と感性を武器に、芸術や癒やしで精神的な価値を実務的な収益に変え、安定を築くでしょう。,内面の充足感を大切にすることで、経済的な安心感と心の平安を同時に得られるでしょう。,目に見えない愛や徳を価値の核に置き、直感に従って予測不能な豊かさを引き寄せる配置。,あなたは繊細な感性と自由な発想を活かし、既存の枠を超えた独自の価値と豊かさを創造する才能に恵まれています。癒やしや奉仕の心を持って財を循環させ、物質的な執着を超えた精神的にも満たされる豊かさを手にするでしょう。
Uranus,Pisces,3,直感的な学びを深め、インスピレーションを自由に伝える,直感的に受け取った情報を、あなたらしい自由な言葉で表現し、周りとの新しいコミュニケーションを築くでしょう。,豊かな想像力と共感力で、直感的なひらめきを新しい形で伝え、理解を深めることに優れています。,思考が混乱しやすく、曖昧な発言で誤解を招きがちです。発言する前に一度整理することを心がけると安心です。,言葉に豊かな感性とひらめきが宿り、独特のニュアンスで周囲を惹きつける話し手になりやすいでしょう。,情緒的なコミュニケーション能力を活かし、物語制作や教育など、優しさが求められる現場で信頼と発展を得るでしょう。,直感の閃きを論理的に整理して伝えることで、持ち前の説得力が多くの人に届く知恵に変わります。,詩的で幻想的なメタファーを使い、相手の心の一番深い部分に癒やしと覚醒を届ける配置。,直感で受け取ったインスピレーションを、イメージやシンボルに溢れる独自の言語感覚で自由に表現する才能を持つあなた。その共感的な情報発信は他者の心に深く浸透し、新しいコミュニケーションの扉を開く力となるでしょう。
Uranus,Pisces,4,心の拠り所を再構築し、安心感と精神的な自由を得る,既存の家庭のあり方や心の拠り所を自由に再構築し、あなたにとって本当の安心感と精神的な自由を見つけます。,深い共感力と包容力で、心の基盤や居場所を刷新し、安心できる癒しの空間を創造できます。,家庭や心の基盤で感情が混乱し、依存的な関係になりやすいです。自分の心の境界線を意識すると調和しやすくなります。,親しい人には深い愛情と自由な心が同居し、あなたらしい心地よい距離感を築きやすいでしょう。,献身的で愛情深い家庭環境を築く責任感で、家族のケアや家を癒やしの空間にする実務で真価を発揮するでしょう。,自分だけの静かな時間を確保することで、他者の感情に流されず情緒的な安定を維持できるでしょう。,家族との霊的な繋がりの中に突然のインスピレーションが訪れ、慈悲に満ちた聖域を維持する配置。,あなたは既存の家庭のあり方や心の拠り所に囚われず、献身的な共感力で新しい基盤を自由に再構築します。誰に対しても開かれた、あるいは神秘的な生活空間を築き、その中で真の安心感と精神的な自由を見出すでしょう。
Uranus,Pisces,5,豊かな感性で表現し、自由で感動的な創造を生み出す,あなたの豊かな感性で、型にはまらない自由な表現や恋愛を楽しみ、周囲に感動を与えることを大切にします。,豊かな想像力と共感力で、芸術的な表現や魅力的なアイデアを生み出し、人々を楽しませることに優れています。,恋愛や創造面で理想を追い求めすぎて、感情が迷走しがちです。現実的な視点を持つことで、より豊かな関係を育めます。,自己表現に夢と独創性が強くにじみ、印象的でロマンチックな魅力として記憶に残りやすいでしょう。,溢れる想像力と繊細な表現力を活かし、音楽や映像など夢あるクリエイティブな分野で才能を発揮するでしょう。,楽しみを形に残す努力をすることで、インスピレーションが価値ある作品へと昇華されるでしょう。,夢や幻想の世界に没頭して独自の創作を楽しみ、神秘的な悦びを斬新に表現する配置。,あなたは型にはまらない豊かな感性を活かし、自由な表現や恋愛を通して周囲に感動を与えることを大切にします。夢や幻想、あるいは人々の心に寄り添うテーマで独自の芸術を生み出し、深い共感を呼び起こす創造の喜びを味わうでしょう。
Uranus,Pisces,6,奉仕の精神で働き、日々の業務に新しい風を吹き込む,既存の働き方や日々の習慣にとらわれず、あなたの直感と奉仕の精神で、新しい風を吹き込む性質です。,献身的な共感力と癒しの精神で、日々の業務やルーティンを刷新し、新しい価値を生み出すことができます。,仕事で自己犠牲しすぎて疲労が蓄積し、現実逃避に陥りやすいです。自分の限界を認識し、休息を優先しましょう。,相手に寄り添う際にあなた独自の工夫が光り、柔軟で感受性豊かな人として見られやすいでしょう。,柔軟な感性を活かし、日々の業務に新しい風を吹き込み、既存のやり方をより良く更新できるでしょう。,自分を後回しにしない意識を持つことで、安定したパフォーマンスと健康な生活を両立できます。,苦しむ人への献身的な奉仕に独自のスタイルを持ち、現場を愛と癒やしで劇的に浄化する配置。,あなたは直感と奉仕の精神を携え、既存の働き方や日々の習慣に新しい風を吹き込むパイオニアです。職場に癒やしや精神的な価値をもたらし、環境そのものを刷新することで、人々の心と身体をサポートするでしょう。
Uranus,Pisces,7,境界を超えた共感で、自由で深い人間関係を築く,従来のパートナーシップにとらわれず、深い共感力で自由な人間関係を築き、新鮮な刺激を大切にするタイプです。,深い共感と包容力で、人間関係や協力関係を刷新し、互いに癒しを与えながら新しい価値を創造できます。,対人関係で境界線が曖昧になり、依存的な関係に陥りやすいです。健全な距離感を保つことを意識すると良いでしょう。,一対一では共感しつつ自由なつながりを求め、やわらかく風通しのよい相手として映りやすいでしょう。,深い共感力と社交性を武器に、カウンセリングや広報など、魂が触れ合う情緒的な関係の中で発展を遂げるでしょう。,自立心を養うことで、相手の影響を受けすぎず刺激を与え合える持続可能な関係を築けるでしょう。,対人関係において魂レベルの一体感を求め、互いを救い合う境界線のない絆に革命を見出す配置。,あなたは従来のパートナーシップにとらわれることなく、境界を超えた深い共感力で自由な人間関係を築き上げる才能に恵まれています。互いの心の痛みや理想を共有し、言葉を超えた深い信頼と新鮮な刺激に満ちた精神的な結びつきを大切にするでしょう。
Uranus,Pisces,8,共感力で古い価値観を壊し、精神的な変革を体験する,人との深い共感を通じて、あなた自身の古い価値観を刷新し、精神的な大きな変革を体験していくでしょう。,想像力豊かな共感力と深い洞察で、古い価値観を壊し、精神的な再生や変容を促すことができます。,深い関係において感情が極端になりやすく、幻想に執着しがちです。客観的な視点を取り入れると冷静でいられます。,深く共感しつつも独自の距離感を大切にし、不思議な魅力を持つ奥深い関係を築きやすいでしょう。,直感的な洞察力と癒やしの力を活かし、心理学や精神医学、深い信頼に基づく仕事で発展を遂げるでしょう。,変容を受け入れることで、恐れを捨てて個人の力を超える大きな癒やしを社会にもたらすでしょう。,他者と感情的に溶け合う体験を通じて精神を浄化し、深い慈悲による再生と覚醒を果たす配置。,あなたは深い共感力をもって他者と深く関わる中で、自身の古い価値観を大胆に刷新していきます。感情的なこだわりやしがらみを無私の精神で手放し、魂の深いレベルでの精神的な変革と再生を体験するでしょう。
Uranus,Pisces,9,スピリチュアルな探求を通し、新たな真理を解き放つ,既存の枠に囚われず、スピリチュアルな探求心で世界の真理を解き放ち、あなた自身の自由な哲学を追求します。,精神的な探究心と豊かな想像力で、共感を伴う独自の哲学を築き、視野を広げることに長けています。,理想を追い求めすぎて現実から目を背け、思考が曖昧になりやすいです。地に足をつけて物事を考える習慣が大切です。,理想や精神性を独自の感性で語り、感覚的に周りの世界を広げる人として見られやすいでしょう。,高い理想と人道的な精神を武器に、学問研究や世界に癒やしをもたらす思想を広める役割で大成するでしょう。,直感的な知識を現実の行動に落とし込む意識を持つことで、広い視野が社会を導く知恵に進化します。,無条件の愛を世界の真理として追求し、神秘的な学びを通じて魂の救済を世界に広める配置。,既存の枠に囚われることなく、あなたはスピリチュアルな探求心で世界の真理を解き放つ自由な哲学を追求します。宗教や哲学を超えた宇宙的な法則を独自の直感で探究し、人々の心を救うための新しい精神的真理を指し示すでしょう。
Uranus,Pisces,10,繊細な感性で社会に貢献し、自由な役割を確立する,あなたの繊細な感性を活かし、既存の常識にとらわれない自由な発想で社会に貢献し、独自の役割を確立します。,深い共感力と包容力で、社会に癒しと新しい変化をもたらし、独自の役割を確立できるでしょう。,社会での評価を気にしすぎて現実逃避し、判断が曖昧になりがちです。自分軸をしっかり持つことを意識しましょう。,社会的な場では、柔らかな影響力の中に新しい発想がにじみ、独自の感性を活かす人として映りやすいでしょう。,独自の感性や共感力が評価され、社会で新しい支援的な立場を確立し、多くの人の力になれるでしょう。,肩書きに執着せず内なる真理に従うことで、周囲から心から尊敬される指導者としての地位を築けるでしょう。,芸術や福祉の分野で慈愛に満ちたリーダーシップを発揮し、心の拠り所となる独自の地位を築く配置。,あなたは繊細な感性と既存の常識にとらわれない自由な発想で、社会に新しい風を吹き込むことができます。福祉や芸術、スピリチュアルな分野で独自の地位を確立し、目に見えない価値を社会に実装することで、あなたらしい自由な役割を築き上げるでしょう。
Uranus,Pisces,11,仲間と共感し合い、自由な発想で未来を革新する,自由な発想を持つ仲間たちと共感し合い、既存の枠を超えたコミュニティを創造しながら、未来を革新していくでしょう。,仲間との共感を通じて、未来を刷新する想像力豊かなアイデアを生み出し、癒しと交流を深めることができます。,仲間との関係で境界線が曖昧になり、集団に依存しやすいです。自分の理想を明確にすると迷いが少なくなるでしょう。,仲間と共感しつつ新しい風を吹き込み、グループに良い変化を柔らかな力でもたらす存在になりやすいでしょう。,自由な精神と理想を共有する仲間と、非営利団体やグローバルな活動で中心的な役割を担うでしょう。,個人の自由を大切にし協力することで、独自のビジョンが多くの仲間に支持され、未来を革新する力になります。,人類の平和を夢見る仲間と癒やしのビジョンを共有し、理想の未来を感覚的な行動で描き出す配置。,あなたは自由な発想を持つ仲間たちと深く共感し合い、既存の枠にとらわれない革新的なコミュニティを創造します。傷ついた人々を救済する理想主義的なネットワークを通じて、社会全体の精神的進化を主導し、明るい未来を切り拓いていくでしょう。
Uranus,Pisces,12,深い共感力で内面を刷新し、心の自由を追求する,無意識の深い領域を探求し、心の制限を手放すことで、あなた自身の内面を刷新し精神的な自由を追求するタイプです。,深い精神的な共鳴と直感的な洞察力で、内面を刷新し、心の癒しを革新的に探求できる強みです。,現実から目を背けがちで、自分らしさを見失い孤立しやすいです。内面の声に耳を傾け、自分を癒す時間を持ちましょう。,表には出にくくても深い感受性と自由な精神を秘め、静かに独自の世界を生きる人として映りやすいでしょう。,豊かな想像力と精神的な自由を追求し、瞑想や芸術を通じた癒やしの分野で実力と安定を発揮するでしょう。,孤独を恐れず静寂の中で内面を整えることで、宇宙的インスピレーションを活かす知恵が湧くでしょう。,宇宙との一体感や孤独な祈りの中にエネルギーを向け、目に見えない次元の愛を密かに体現する配置。,あなたは無意識の深い領域を探求する中で、心の制限を手放し、内面を深く刷新していきます。集合無意識にある救済のビジョンをいち早く察知する鋭い共感力で、あなた自身の精神的な自由を追求し、心の奥底から解き放たれる感覚を味わうでしょう。
Neptune,Aries,1,自分らしく行動し、理想の自分を表現して共感を得る,あなた自身の直感を信じて、理想の自分を積極的に表現し、人々の共感を呼びながら自分らしい道を切り開くでしょう。,直感的なひらめきと感受性を活かして、新しい道を切り開き、あなたらしい自己表現を共感へと繋げます。,焦りが強まると自分らしさが曖昧になり、衝動的に迷走しがちです。一度立ち止まり、本当に望むものを見つめ直しましょう。,柔らかな雰囲気の中に直感的な行動力が光り、不思議な魅力で周囲の印象に残りやすいでしょう。,直感的なインスピレーションと行動力で、新しい自己イメージを構築し、周囲に夢や希望を与える先駆者として活躍します。,「なんとなく」の予感を信じ形にすることで、停滞を打破し成功を呼び寄せる勇気が湧くでしょう。,直感のままに突き進む純粋な情熱を持ち、自らの存在そのものが夢や理想を体現する配置。,あなたは直感を信じ、理想の自分を積極的に表現することで周囲の共感を自然と集めます。その純粋な情熱はあなたの個性を唯一無二のものとし、自分らしい道を力強く切り開いていく原動力となるでしょう。
Neptune,Aries,2,新しい行動で才能を活かし、理想の価値を創造する,あなた自身の行動力と才能を活かし、理想の豊かさを追求することで、新しい価値を創造していくことを大切にします。,鋭い直感と感受性で独自の価値を創造し、自立心を持って豊かな資質を現実化する力があります。,衝動的な判断で浪費しやすく、価値観が曖昧になりがちです。本当に必要か冷静に見極める習慣を持つと安心です。,自分の価値観を感覚的に広げようとし、直感に従って行動する人という印象を与えやすいでしょう。,目に見えない価値や独自の感性を活かし、新しい経済基盤や才能を築き、精神的充足と物質的豊かさを両立させるでしょう。,形あるものだけでなく芸術的センスにも投資することで、独自の豊かさを追求しさらに発展できます。,直感に頼った経済活動を行い、形のない理想やイメージを価値あるものに変えていく配置。,あなたは自身の行動力と才能を活かし、理想の豊かさを追求することで新しい価値を創造します。物質的な価値に囚われず、直感と豊かな感性を基盤に、精神的な充足を伴う独自の財を築き上げるでしょう。
Neptune,Aries,3,積極的に学びを深め、理想を言葉で伝え共感を広げる,積極的に新しいことを学び、あなたの理想や夢を言葉で伝えることで、周囲の人々との共感の輪を広げていくでしょう。,直感的なひらめきを素早く形にし、感受性豊かな言葉で共感を引き出し、メッセージを伝えることに優れています。,焦りから早合点しやすく、曖昧な発言で誤解を招きがちです。言葉を発する前に一呼吸置くことを心がけると良いでしょう。,言葉には直感やひらめきが自然と混ざり、感覚的に相手の理解を促す話し手として受け取られやすいでしょう。,共感と鋭い知性、伝達力を活かし、メディアやネットワークで夢のあるコミュニケーションを確立し活躍するでしょう。,主観に客観的なデータも取り入れることで、あなたの説得力が多くの人に届く知恵に変わるでしょう。,ひらめきがそのまま言葉となり、周囲の意識を直感的・刺激的に塗り替える知性の配置。,あなたは直感と思考が一体となった独自の知性を持ち、理想や夢を言葉にすることで周囲との共感の輪を広げます。高度な想像力を必要とする分野では特にその能力が輝き、イメージに満ちた表現で人々の心を動かすでしょう。
Neptune,Aries,4,新しい視点で家庭や心の基盤に理想を築き、共感を育む,あなた自身の情熱と理想で、家庭や心の拠り所を築き、人々と共感し合うことで、深い安心感を育むでしょう。,家族や大切な人への深い感受性と直感で、安心できる温かい居場所を築き、内なる情熱を注ぎます。,家庭や心の基盤で感情が暴走しやすく、内向的に逃避しがちです。感情を穏やかに表現する練習をすると良いでしょう。,親しい人には自然体で心を開き、感覚的に相手に寄り添う温かい関係を築きやすいでしょう。,理想的で自由な家庭環境を築く力で、家を癒やしの聖域とする活動で真価を発揮し、新しい基盤を作るでしょう。,家庭に安らぎと自由を両立させる工夫が、情緒的安定と社会的な活躍をバランスよく両立させます。,家庭内に絶え間ない夢と活気を求め、理想の居場所を求めて常に心を燃やす配置。,あなたは自身の情熱と理想を家庭や心の基盤に投影し、新しい視点での安心感を築き上げます。精神的な理想郷を内側に構築しながら、人々と共感し合うことで、真に満たされた心の拠り所を育むでしょう。
Neptune,Aries,5,自分の創造性を発揮し、理想を表現して共感を生み出す,自分の直感を信じて創造性を発揮し、理想を大胆に表現することで、人々の心を動かし共感を生み出すタイプです。,豊かな創造力と情熱的な直感で、魅力的な表現を生み出し、人々を楽しませることに優れています。,恋愛や創造で理想を追い求めすぎて、衝動的に関係を進めがちです。相手をありのままに受け入れることが大切です。,自己表現に夢や情熱が色濃く現れ、印象的で人を惹きつける魅力として記憶に残りやすいでしょう。,溢れる想像力と遊び心を活かし、ファンタジーや音楽、映像など新しい表現分野で才能を爆発させるでしょう。,純粋にリラックスして表現を楽しむことで、一時の閃きが価値ある実績へと昇華されるでしょう。,燃え上がるようなロマンを自己表現にぶつけ、ドラマチックで幻想的な喜びを追い求める配置。,あなたは直感を信じて創造性を存分に発揮し、理想の世界を大胆な表現で具現化していきます。現実離れした没入感と美意識が独創的な芸術活動の源泉となり、人々の心を深く動かす共感を生み出すでしょう。
Neptune,Aries,6,日常の仕事に新しい理想を描き、共感と行動で貢献する,日々の仕事や習慣にあなたの理想を描き、情熱的な行動と奉仕の精神で、周囲からの共感と貢献を大切にします。,献身的な行動力と直感的な改善意識で、日々の業務に新しい理想を吹き込み、人々に貢献します。,仕事で焦りが強まり、自己犠牲しすぎて疲労が蓄積しやすいです。自分のペースを大切にし、適度な休息を心がけましょう。,行動の中に直感的な気配りが自然と表れ、周囲の人をそっと助ける温かい人として見られやすいでしょう。,直感的なひらめきを活かし、現場で柔軟に動き、日々の業務に新しい理想を描きながら貢献できるでしょう。,完璧主義を捨てて適度なゆとりを持つことで、安定したパフォーマンスと良好な人間関係を両立できます。,理想の働き方を求めて献身し、仕事の現場に直感的な鋭さと夢を持ち込む配置。,あなたは日々の仕事や習慣に新しい理想を描き、情熱的な行動と奉仕の精神で周囲に貢献します。労働環境に癒やしと精神的な価値をもたらし、その献身的な姿勢は多くの共感を呼び、新しい働き方の可能性を広げるでしょう。
Neptune,Aries,7,新しい対人関係で理想を共有し、深く共感し合う,あなたの理想を共有できるパートナーを求め、情熱的に深く共感し合うことで、新しい対人関係を築くでしょう。,鋭い直感と感受性で人々と深く共鳴し、積極的な行動を通じて理想的な協力関係を築けるのが強みです。,対人関係で理想を相手に投影しすぎると、対立や混乱を招きがちです。相手を尊重する姿勢が調和に繋がるでしょう。,一対一の関係では相手を直感的に感じ取り、自然体で心地よく関われる相手として映りやすいでしょう。,深い共感力と夢ある社交術で、理想を分かち合うパートナーシップや革新的な提携を築き、チャンスを掴むでしょう。,自立した個人として向き合い境界線を引く勇気が、高め合える持続可能な関係を構築するでしょう。,パートナーに英雄的な理想を投影し、共に情熱的な夢を追いかける関係を望む配置。,あなたは自身の理想を共有できる新しい仲間を求め、情熱的な共感を通じて新しい対人関係を築きます。自己と他者の境界が消失するほど深く一体となる関係を望み、互いの夢を分かち合いながら魂の絆を育むでしょう。
Neptune,Aries,8,変化を恐れず行動し、深い共感で理想の変容を遂げる,変化を恐れずに理想を追求する行動力があり、深い共感を通じて、あなた自身の大きな変容を遂げるでしょう。,鋭い直感と深い洞察力で、変化を恐れず理想の変容を遂げ、人々の心の再生を助ける力があります。,深い関係で感情が極端になり、相手を支配したいという幻想を抱きがちです。執着を手放すことで心が軽くなります。,深い関係では感覚的な共鳴を求め、心の奥底で深くつながる温かい関係を築きやすいでしょう。,本質を見抜く力と癒やしを活かし、心理学やスピリチュアル、深い信頼が必要な研究で独自の成果を上げるでしょう。,他者との信頼を深め精神的な変容を受け入れることで、個人の力を超えた大きな価値を受け取れます。,共有するエネルギーの中で強烈な変容を夢見、深い絆の中に神秘的な勇気を見出す配置。,あなたは変化を恐れることなく理想を追求する行動力があり、深い共感を通じて大きな変容を体験します。他者の感情エネルギーに無意識に同調しながら、魂の奥底で新たな自分へと生まれ変わるような深い変革を遂げていくでしょう。
Neptune,Aries,9,新しい知を探求し、理想のビジョンを広げて共感を集める,積極的に新しい知を探求し、あなたの理想のビジョンを掲げることで、多くの人々の共感を集め、広げていくでしょう。,直感的な信念を原動力に、精神的な探求を深め、感受性豊かに新しい知の世界を切り拓くことができます。,理想を追い求めすぎて思想が迷走し、視野が狭くなりがちです。多角的な視点を取り入れることで、より深く学べます。,信念や理想を直感的に熱く語り、情熱的な思想を持つ人として周囲に共感されやすいでしょう。,崇高な哲学と高い探求心を武器に、芸術や世界に希望をもたらす新しい思想を広める役割で大成するでしょう。,直感的な知識を現実の行動に落とし込むことで、多様な価値観を認め、社会を導く知恵に進化します。,未知の真理へ向かって盲目的に飛び込み、精神的な冒険の中に至高の理想を見る配置。,あなたは既存の枠組みにとらわれず、新しい知を積極的に探求し、理想のビジョンを広げる探求者です。論理を超えた直感的な真理を優先するその姿勢は、多くの人々の共感を集め、より高次の世界観へと導くでしょう。
Neptune,Aries,10,社会で新しい理想を掲げ、行動で共感を集め道を拓く,社会の中であなたの理想を情熱的に掲げ、行動力で多くの共感を集めながら、新しい道を切り拓いていくことを大切にします。,社会への鋭い直感と開拓精神で、感受性豊かな影響力を発揮し、理想の未来を切り拓く力があります。,社会での評価を気にしすぎて焦りが強まり、独断で迷走しがちです。自分軸を大切に、地に足をつけて行動しましょう。,社会的な場では直感と行動力が合わさり、独特の存在感を放つ人として周囲に映りやすいでしょう。,豊かな感性や独自のビジョンが評価され、社会で個性的な立場を築き、新しい理想を掲げて活躍できるでしょう。,評判に惑わされず内面の納得感を貫くことで、周囲から心から尊敬される指導者としての地位を確立できます。,社会的な成功を一つの壮大な物語として捉え、理想のリーダー像を追い求める配置。,あなたは社会の中で理想を情熱的に掲げ、行動力で多くの共感を集めながら新しい道を切り拓くパイオニアです。イメージやカリスマ性を活かして象徴的な役割を担い、大衆に夢や希望を提示することで、独自の貢献を果たすでしょう。
Neptune,Aries,11,新しい仲間と理想を共有し、共感の輪を広げていく,あなたの理想を共有できる新しい仲間を求め、情熱的な行動でコミュニティを広げ、共感の輪を深めていくでしょう。,理想を先導する直感的な企画力と、仲間と深く共鳴し合い、未来を形にする力に優れています。,理想を追い求めすぎて独走し、仲間を置き去りにしがちです。周囲との調和を意識することで、協力関係が深まります。,仲間といると自然と理想を語り、グループに夢や希望をもたらす存在になりやすいでしょう。,理想を共にする仲間との絆を大切にし、人道的な活動やコミュニティで精神的なリーダーシップを発揮するでしょう。,現状に満足せず仲間と理想を追求することで、普遍的で大きな目的を確実に形にできるでしょう。,革新的な理想を語る仲間に心酔し、未来への希望を熱狂的に信じて突き進む配置。,あなたは自身の理想を共有できる新しい仲間を求め、情熱的な行動でコミュニティを広げ、共感の輪を深めていきます。境界のない理想主義を掲げる集団に惹かれることで、共に未来への夢を育み、その実現に向けて熱意を注ぐでしょう。
Neptune,Aries,12,内なる探求を通して、理想の心と共感を育む,あなた自身の内なる探求を通して、無意識の領域で理想の心境を育み、深い共感力を大切にするタイプです。,精神的な覚醒を促す直感力で、感受性豊かに内面を浄化し、心の癒しを深めることができます。,衝動的に現実逃避しやすく、自分を見失い孤立しがちです。内面と向き合い、心の声に耳を傾ける時間を持ちましょう。,表には出にくくても強い直感と精神性を秘め、静かに周りの人を支える温かい存在として映りやすいでしょう。,豊かな想像力と目に見えない情報を整理する力を活かし、芸術や瞑想、裏方での支援活動で絶大な力を発揮するでしょう。,孤独を恐れず静寂の中で内面を整えることで、宇宙的インスピレーションを活かす知恵が湧くでしょう。,内面で燃える静かな情熱を瞑想や芸術に昇華し、人知れず宇宙的な勇気を得る配置。,あなたは内なる探求を通して、無意識の領域で理想の心境を育み、深い共感力を大切にする人です。集合無意識からの情報を直感的に受信する才能を持ち、一人で過ごす時間に精神的な覚醒や高度なインスピレーションを得て、心を豊かにしていくでしょう。
Neptune,Taurus,1,安定した自分軸で、理想の姿を表現し共感を呼ぶ,安定した自分軸を大切にし、あなたの理想の姿を穏やかに表現することで、人々の共感を自然と集めるでしょう。,安定した感受性で美的センスを活かし、包容力のあるあなたらしい表現で周囲に安心感を与えます。,変化を拒否しがちで、停滞した状態に執着して自分らしさを見失いやすいです。新しい視点を取り入れると良いでしょう。,穏やかで落ち着いた雰囲気が自然とにじみ出て、周囲に優しい安心感を与える人として見られやすいでしょう。,安定した基盤と芸術的感性で、独自の美意識や五感を活かした新しい自己表現で周囲を惹きつけ、活躍するでしょう。,変化を恐れず自分の感覚を信頼することで、これまでにない豊かさを伴う自己実現の道を切り拓けます。,穏やかで豊かな美意識が個性に溶け込み、五感を通じて理想の美を体現する配置。,あなたは安定した自分軸を持ち、理想の姿を穏やかに表現することで、周囲の共感を自然と集めます。五感や身体的感覚を通じて精神的な充足を求め、その穏やかで芸術的な雰囲気が、あなた自身の魅力となるでしょう。
Neptune,Taurus,2,安定した価値観と才能で、理想の豊かさを追求し共感を得る,確かな価値観と才能を活かし、理想の豊かさを追求することで、人々と共感し合いながら、安定した財産を築くでしょう。,豊かな感性と美的センスで、安定した価値や資源を見極め、理想の豊かさを築くことに優れています。,物質的な所有に固執しやすく、現実逃避から浪費に繋がりがちです。本当に大切なものを見極める習慣が安心に繋がります。,自分の価値観に感覚的な豊かさを求め、柔らかな感性を持つ人という印象を与えやすいでしょう。,独創的な資源活用や価値観の刷新で、新しい収入源と経済的自由を築き、感性が豊かさを生む不思議な力を発揮するでしょう。,所有への執着を手放し資源を共有することで、物質的安定と精神的な自由を同時に得られるでしょう。,物質的な豊かさの中に神秘的な価値を見出し、直感で豊かさを引き寄せる才能を持つ配置。,あなたは確かな価値観と才能を活かし、理想の豊かさを追求することで人々と共感を分かち合います。物質的な富に囚われず、直感や感性に基づいた流動的な財の循環を大切にし、目に見えない美的価値を資産とする豊かな人生を築くでしょう。
Neptune,Taurus,3,安定した基盤で学びを深め、理想を言葉で伝え共感を広げる,落ち着いて学びを深め、あなたの理想を穏やかな言葉で伝えることで、周囲との共感の輪を着実に広げていくでしょう。,穏やかな感受性と安定した表現力で、共感を呼び、人々に深く理解される言葉を伝えることに長けています。,思考が停滞し頑固な発言になりがちで、判断が曖昧になりやすいです。柔軟な発想を取り入れると、円滑な交流ができます。,話す言葉には穏やかな感性が宿り、静かに人々の共感を呼ぶ話し方として受け取られやすいでしょう。,五感を通じた鋭い知性と伝達力を活かし、情報の整理や独自の審美眼で発信し、影響力を発揮するでしょう。,感覚だけでなく客観的データも取り入れることで、説得力が多くの人に届く知恵に変わり成長を加速させます。,心地よい響きや美しい言葉での対話を好み、日常の交流に豊かな彩りを添える配置。,あなたは落ち着いた基盤で学びを深め、理想を穏やかな言葉で伝えることで周囲との共感の輪を着実に広げます。音感や映像、触覚といった五感を直感的に捉え、感覚に直接訴えかける独自の表現スタイルで人々の心を豊かにするでしょう。
Neptune,Taurus,4,安定した家庭や心の基盤に、理想を築き共感を育む,安定した家庭環境や心の基盤を理想とし、人々と共感し合いながら、安心できる穏やかな居場所を築くことを大切にします。,深い感受性と包容力で、家族や大切な人の心に寄り添い、安心できる温かい基盤を築くことができます。,家庭や安心できる場所への執着が強まり、感情が停滞しやすいです。自立心を育むことで、心の安定に繋がるでしょう。,親しい人には特に深い安心感を与え、柔らかな優しさで包み込むような関係を築きやすいでしょう。,穏やかで豊かな芸術的家庭環境を築き、住環境の美化や独自の生活スタイルを構築することで発展し、活躍するでしょう。,家族との対話を大切にすることで、家庭内の信頼が深まり安心感が生まれ、生活の質が底上げされます。,地上に楽園のような家庭を作ることを夢見、美しく穏やかな居場所に安らぎを見る配置。,あなたは安定した家庭や心の基盤に理想を築き、人々と共感を育むことを大切にします。住環境には芸術的な安らぎや隠れ家的な性質を求め、言葉を超えた情緒的な一体感で満たされた精神的な聖域を育むでしょう。
Neptune,Taurus,5,安定した創造力で理想を表現し、人々と共感し合う,穏やかで安定した創造性を活かし、あなたの理想を形にすることで、人々との深い共感を楽しみ、表現していくでしょう。,豊かな芸術的感性で、安定した魅力的な表現を生み出し、人々に喜びと癒しを与えることに長けています。,恋愛や楽しみで快楽を優先し、現実逃避から関係に執着しがちです。心の満足感を大切にすると、より豊かになれます。,自己表現には豊かな感性と美意識がにじみ出て、静かで奥深い魅力として印象に残りやすいでしょう。,洗練されたセンスと遊び心を活かし、デザインや工芸、五感を刺激する新しい創作分野で才能を発揮するでしょう。,評価を気にせず純粋な楽しみを追求することで、一時の閃きが価値ある実績へと昇華されるでしょう。,五感を満たす芸術や美食を理想とし、豊かな感性を通じて極上の喜びを表現する配置。,あなたは穏やかで安定した創造性を活かし、理想を形にすることで人々と深い共感を分かち合います。素材の質感や美的完成度に没入する芸術制作や娯楽を通じて官能的な充足を追求し、心と身体が満たされる喜びを表現するでしょう。
Neptune,Taurus,6,安定した実務を通して、理想を実現し共感を呼ぶ,日々の仕事や習慣を安定してこなし、あなたの理想を着実に実現することで、人々の共感を呼び、貢献していくでしょう。,安定した実務の中で、感受性豊かに人々を支援し、穏やかに奉仕を続けることができます。,日常業務で惰性に流されたり自己犠牲したりして、停滞しがちです。新しいやり方を試すことで、活力が湧いてくるでしょう。,日常の中で自然と相手を支え、穏やかで頼れる実務家として周囲から信頼されやすいでしょう。,穏やかな感覚と共感力で、周囲が心地よく働けるよう実務面で支え、理想を実現します。,自分を犠牲にせず適度な休息を意識し、五感を満たす環境を整えることで、安定した高いパフォーマンスが維持できます。,心地よい環境での奉仕を理想とし、日常の実務の中に美的な調和を持ち込む配置。,あなたは、仕事の現場で高度な審美眼と繊細な感覚を活かし、専門的な業務を通して理想を追求します。日々の実務に美的な調和をもたらすことで、周囲に深い共感を呼び、癒しと貢献を広げていくでしょう。
Neptune,Taurus,7,安定した人間関係の中で、理想を共有し深く共感する,安定した関係の中で、相手に深く共感し、理想を共有することで素敵なパートナーシップを築いていくでしょう。,安定と信頼を大切にし、感受性豊かな愛情で人々と深くつながり、安らぎのある関係を築けます。,特定の人との関係に強くこだわり、依存的になりやすい傾向です。お互いの心地よい距離感を意識すると、より健全な関係が築けます。,一対一の対人関係では安らぎを大切にし、心地よい相手として好感を持たれやすいでしょう。,誠実な社交術で深い信頼を築き、質の高いパートナーシップで理想を形にするでしょう。,相手に依存せず自立した個人として対等に向き合うことで、お互いを高め合える持続可能な信頼関係が築けるでしょう。,パートナーに安定と美的な理想を求め、穏やかで官能的な絆に身を委ねる配置。,対人関係において、あなたは美意識や価値観を深く共有できる相手と、強い精神的な絆を築こうとします。パートナーの資質や魅力を理想化し、共感を通じて互いの物質的安定と心の安心感を育んでいくでしょう。
Neptune,Taurus,8,安定した信頼関係を通じて、理想の変容と共感を深める,安定した信頼関係の中で、大切な人と深く結びつき、共有する中で理想的な変化を経験するでしょう。,安定した深い絆の中で、鋭い洞察力と豊かな感受性で人々の再生を促し、癒しを与える力があります。,人との深い関係や共有する物事に執着しやすく、手放すことに迷いを感じがちです。心のゆとりを持つと、新たな展開を受け入れやすくなります。,深い関係では感覚的な結びつきを重視し、静かで安定した信頼関係を築きやすいでしょう。,本質を見抜く力で深い信頼が必要な専門分野や金融で、目に見えない流れを掴み成果を出すでしょう。,他者とリソースを共有する不安を乗り越え信頼を深めることで、個人の力を超える大きな価値が受け取れるでしょう。,共有される富や深い絆を豊かな泉のように捉え、物質的な一体感の中に夢を見る配置。,あなたは共有財産や深い親密さにおいて、他者との物質的な境界を超えて一体化するような関係性を求めます。深い共感力で他者のリソースを癒しの力に変え、共に理想的な変容を経験することで、揺るぎない信頼関係を築いていきます。
Neptune,Taurus,9,安定した知の探求で、理想のビジョンを広げ共感を呼ぶ,哲学や学問をじっくり探求し、その理想的な考え方を多くの人に共感をもって伝えていくでしょう。,安定した価値観と穏やかな哲学を持ち、豊かな感受性で真理を探究し、人々の共感を呼ぶことができます。,自分の考えや理想に固執し、新しい学びや視点を取り入れにくいことがあります。柔軟な心で、視野を広げることを意識すると良いでしょう。,価値観や理想を穏やかに語るため、周囲からは柔らかな思想を持つ人として見られやすいでしょう。,実用的な哲学と探求心で、学問や教育を通じ真理を美しく伝え、共感を広げるでしょう。,抽象的な理想を現実の成果に結びつける意識を持つと、広い視野が人生を導く力強い知恵となるでしょう。,普遍的な美や豊かさを世界の真理として信じ、格調高い哲学を優雅に学ぶ配置。,思想や高度な学びの分野では、地球の美しさや自然の法則を直感的に信奉し、感覚的な納得を真理の基準とします。美しい環境や異文化の物質的な魅力に触れることで精神的な飛躍を遂げ、その理想的なビジョンを多くの人々に共感をもって伝えていくでしょう。
Neptune,Taurus,10,社会で安定した理想を追求し、共感を呼び目標を達成する,社会の中で、人々の共感を呼ぶような理想的な仕事や使命を、着実に形にしていくことを目指します。,社会において安定した信頼感を築き、豊かな感受性で人々を包み込み、目標を達成する魅力があります。,社会的な評価や安定にこだわりすぎて、新しい挑戦に踏み出せないことがあります。自分の軸を大切にしつつ、変化を楽しむと良いでしょう。,社会的な場では穏やかな影響力を持ち、周囲からは安心感のある人物として映りやすいでしょう。,豊かな感性で生み出す価値提供が評価され、社会的な信頼を得て、目標を達成しやすいでしょう。,結果だけでなく内面的な納得感を大切にすることで、周囲の期待に左右されない真の自信と地位を確立できます。,美意識や豊かなイメージを社会的な武器にし、洗練された成功を優雅に追い求める配置。,キャリアにおいて、あなたは美術、美容、癒やしといった生活産業を通じて、象徴的な社会的地位を築き上げます。独自のセンスが大衆の潜在的な憧れを具現化し、形に残る成果以上に人々の心に深く響く理想を社会に提供するでしょう。
Neptune,Taurus,11,安定した仲間と理想を分かち合い、共感の絆を深める,信頼できる仲間たちと理想の未来を分かち合い、深い共感でコミュニティの絆を育んでいくでしょう。,穏やかで安定した友情を大切にし、豊かな感受性で仲間と深く共感し、支え合うことができます。,仲間との関係が惰性になりやすく、特定のグループに依存しがちです。多様な人々との交流を大切にすると、新たな気づきが生まれます。,仲間の中では落ち着いた空気を生み出し、場を和ませる存在として自然と受け入れられやすいでしょう。,価値観を共有する仲間と深い絆を結び、コミュニティ活動で理想を形にする精神的支柱となるでしょう。,現状の安定に満足せず仲間と共に変化を受け入れることで、より普遍的で大きな目的が達成できるでしょう。,豊かさを分かち合う穏やかな仲間と繋がり、美しい未来を現実的な夢として描く配置。,あなたは共通の美的感覚や価値観を持つ、緩やかな連帯を好む傾向があり、お互いの感性を刺激し合うネットワークの中で輝きます。未来の目標設定が曖昧でも、現状の充足と仲間との穏やかな共感の絆を大切に育みながら、理想を分かち合っていくでしょう。
Neptune,Taurus,12,心の奥底で理想を描き、穏やかな共感で癒しを広げる,穏やかな共感力で、心の奥底の理想を大切に育み、自分や周りの人を癒していく性質を持っています。,静かで穏やかな心で精神的な安定を保ち、豊かな感受性で人々の内面を深く癒すことができます。,内面にこもりすぎて停滞したり、特定の思考に執着してしまいがちです。外の世界に目を向け、心に休息を与える時間を意識すると良いでしょう。,表には出にくくても深い共感力を持ち、静かにそっと寄り添う人として映りやすいでしょう。,独自の視点で精神的な価値を追求し、芸術や奉仕活動を通して、人々に穏やかな癒しを広げます。,孤独を恐れず内省の時間を育むことで、潜在意識の豊かさを現実世界で活かす知恵が湧いてくるでしょう。,内面にある豊かな美意識を独りの時間で慈しみ、静かな場所で物質を超えた美を味わう配置。,内面世界において、あなたは非常に豊かな美的イメージを構築し、独りで感覚的な喜びに浸る時間を深く必要とします。潜在的な物質的欠乏感を内なるイメージの豊かさで満たし、穏やかな共感力で自分自身を癒しながら精神的な安定を維持するでしょう。
Neptune,Gemini,1,知識を広げながら自分らしさを探求し、人々と深く共感する,知的な好奇心と共感力で、自分らしさを自由に表現し、周囲に魅力的な第一印象を与えるでしょう。,豊かな感性を持つ知性で、直感的な発想を柔軟に表現しながら、自分らしく活躍できる強みがあります。,自分の考えを表現する際に、発言が曖昧になったり情報に迷走しやすかったりします。一度立ち止まり、本当に伝えたいことを整理すると良いでしょう。,柔らかく自由な雰囲気が表れやすく、話しているうちに不思議と人を惹きつけるでしょう。,多才な知性と適応力を活かし、情報発信やメディアで、夢のある自己表現を確立するでしょう。,一貫した目標を持ち、一つのことを掘り下げることで、持ち前の器用さがさらに確かな成果につながるでしょう。,変幻自在な言葉と知性が個性を彩り、多彩なイメージを軽やかに発信する配置。,あなたは言語や情報、知識の海を漂うように流動的な個性を持ち、情報の吸収そのものが自己のアイデンティティとなります。自分が何を考えているのか客観視しにくい面もありますが、その多才で変幻自在な自己表現で周囲に魅力的な第一印象を与えるでしょう。
Neptune,Gemini,2,知性を磨き、独自の価値観で共感を呼び、豊かさを築く,豊かな知性と共感力を活かし、独自の価値を生み出すことで、経済的な豊かさを築くタイプです。,鋭い情報感性で独自の価値を生み出し、想像力豊かに豊かさを築く商才に優れています。,自分の価値観が定まらず、衝動的な判断で浪費しやすい傾向があります。本当に大切なものを見極める時間を意識すると、安心できます。,自分の価値観を感覚と言葉で広げる傾向があり、周囲からは柔軟な人という印象を与えやすいです。,情報を価値に変える巧みな実務力で、創作や複数の仕事を通じて、豊かな価値を築くでしょう。,知識を集めるだけでなく実利に結びつける方法を学ぶことで、経済的な基盤をより強固に築けるでしょう。,情報や知識といった無形の財産を価値の核に置き、多彩な方法で富を夢見る配置。,あなたは知的なアイデアや文筆、情報仲介といった実体のないスキルから収入を得ることに長けています。金銭管理が非常に曖昧に感じることもありますが、予測不能な情報の波を乗りこなし、独自の知性で豊かな価値を築き上げていくでしょう。
Neptune,Gemini,3,好奇心で学びを深め、言葉を通して理想と共感を広げる,好奇心いっぱいの知性と共感で、言葉や情報を介して理想を伝え、多くの人との交流を深めます。,豊かな想像力と知性で、言葉や情報を巧みに操り、相手の心に共感を呼ぶ対話と発信力があります。,思考が散漫になり、物事を深く理解する前に軽口をたたきがちです。情報をじっくりと吟味し、深く考える時間を大切にすると良いでしょう。,会話に想像力や直感が混ざりやすく、感覚的に通じ合える相手として好まれる傾向があります。,豊かな情報収集力と表現力で、文芸や教育を通じ、人々の想像力を刺激し共感を広げます。,情報の正確さを意識し思慮深い発言を心がけることで、あなたの知的な影響力と信頼がさらに高まるでしょう。,言葉の境界を溶かすような詩的な表現力を持ち、情報の海を泳ぐように交流する配置。,コミュニケーションにおいては、言葉の裏にあるニュアンスを敏感に察知し、多角的な情報を同時に処理する能力に優れています。論理的な一貫性よりも豊かな想像力を優先し、情緒的な物語を通じて多くの人との交流を深め、理想と共感を広げていくでしょう。
Neptune,Gemini,4,知的な対話で心の基盤を整え、理想の居場所と共感を育む,知的な対話や深い共感を通して、心から安らげる理想の家庭や心の拠り所を育んでいくでしょう。,柔軟な知性と豊かな感性で家族や仲間と深く共感し、安心できる居場所や基盤を築けるでしょう。,家庭や心の基盤が落ち着かず、情報に振り回されてしまいがちです。心穏やかに過ごせる空間や時間を作ることを意識すると、安心できます。,親しい人との対話を大切にし、心の通じ合う柔らかなコミュニケーションを築きやすいでしょう。,知的な刺激を求める基盤を築き、在宅での創作や教育活動を通じて、理想的な居場所を育むでしょう。,内面の落ち着きを保つために静寂の時間を持つことで、思考の動きを建設的に制御できるようになるでしょう。,会話の絶えない開かれた家庭を理想とし、言葉を通じて家族と心の境界を溶かし合う配置。,あなたは家庭環境に常に新しい情報や不特定のゲストを迎え入れ、居住地の境界が曖昧な生活を好むでしょう。家族との対話が情緒的かつ抽象的になりやすい傾向がありますが、知的な刺激を優先した開かれた居場所を育み、心安らぐ理想の基盤を築きます。
Neptune,Gemini,5,知的な創造性で喜びを表現し、共感の輪を広げて理想を形にする,知的な遊び心と共感力で、理想を形にする自己表現を楽しみ、人々に喜びを広げていくでしょう。,豊かな想像力と遊び心で、クリエイティブな発想を形にし、魅力的な表現で周囲を楽しませる才能があります。,恋愛で理想を追いすぎ、関係が軽薄になったり飽きやすくなったりしがちです。相手の個性を受け入れ、地に足のついた愛情を育むと良いでしょう。,表現に遊び心と夢が混ざりやすく、周囲に独特の感性を持つ人として印象に残りやすいでしょう。,多彩なアイデアと独創性で、デザインや知的な創造活動を通じ、人々と共感し理想を形にするでしょう。,表現を楽しむだけでなく完成させるプロセスを大切にすると、一時の閃きが価値ある実績へと昇華されます。,知的なゲームや言葉遊びを趣味とし、変幻自在なアイデアで自己を表現して楽しむ配置。,あなたはSNSやメディア、あるいは言葉を駆使した自己表現に深く没入し、知的なゲームのような娯楽を追求します。言葉の誘惑に惹かれやすい面もありますが、その知的な創造性で人々を魅了し、共感の輪を広げながら理想を形にしていくでしょう。
Neptune,Gemini,6,知恵を活かし日々の仕事を理想的にこなし、共感で人を助ける,知性と共感力を活かし、理想的な働き方で日々の仕事に奉仕し、周りの人々を助けるタイプです。,鋭い感性で情報を分析し、柔軟な知性で日々の実務や奉仕に取り組み、状況を改善できる能力があります。,日々の仕事や作業が散漫になり、神経質になりがちです。一つ一つのタスクに集中し、自分の心と体を労わることを意識すると良いでしょう。,言葉や情報を通じて人を支えやすく、柔軟なサポート役として周囲から信頼されやすいでしょう。,豊かな知恵と柔軟な発想で、日々の実務を理想的にこなし、周囲から共感を得やすいでしょう。,心身の健康を保つために神経を鎮める習慣を持つことで、過度なマルチタスクによる消耗を防げるでしょう。,多忙な業務を魔法のようにこなし、職場のコミュニケーションに夢と潤いを与える配置。,仕事においては、情報処理やコミュニケーションの分野で直感的に全体像を把握する役割を担い、柔軟な適応力で非定型な実務をこなします。職場の噂話や情報の混乱に神経が過敏になりやすいですが、知性と共感力を活かし、理想的な働き方で人々を助けるでしょう。
Neptune,Gemini,7,知的なコミュニケーションで絆を深め、理想の人間関係を築く,知的なコミュニケーションと共感を通して、理想的なパートナーシップや対等な人間関係を築くでしょう。,柔軟な知性と柔和な魅力で、人々と深く共感し、穏やかな対話で理解し合う関係を築けます。,対人関係で優柔不断になりやすく、言葉で相手を翻弄してしまうことがあります。正直な気持ちを伝える勇気を持つと、信頼が深まります。,一対一の関係では会話を通して共感を深め、理解し合える相手として周囲に映りやすいでしょう。,優れた会話術と交渉力で、理想的なパートナーシップを築き、言葉を通じて深い共感を育むでしょう。,相手の言葉の裏にある「行間」を読み取る努力で、知的交換以上の深い信頼関係を築けるようになるでしょう。,知的な刺激をくれる相手に夢を見がちで、言葉のキャッチボールの中に絆を見る配置。,あなたは対人関係において知的な刺激や多様な情報をもたらす相手をパートナーとして強く求めます。約束や契約が曖昧になりやすい傾向もありますが、対話を通じて相手と心理的に深く同化することで、理想的な人間関係の絆を育むでしょう。
Neptune,Gemini,8,知的な洞察で深い変容を促し、共感を通して新たな理想を見出す,知的な洞察力と共感で、深く人と繋がり、共有する中で理想的な変容を経験していくタイプです。,鋭い洞察力と豊かな感受性で、人々の心の奥底を深く理解し、真実を探求できる知性があります。,人との深い関係で疑念を抱きすぎたり、思考に執着しがちです。相手への信頼を大切にし、心をオープンにすると、より豊かな関係が築けます。,深い関係では言葉を越えた感覚的な理解を求め、不思議な信頼関係を築きやすいでしょう。,深い知性と調査能力で、心理分析や機密業務、研究を通じて、隠された真実を解き明かすでしょう。,秘密を守りつつ真実を追求する誠実さを養うことで、他者からの深い信頼を得て重要な役割を任せられます。,他者の心理や秘密を知的に分析することに魅了され、共有する情報に深い意味を見出す配置。,あなたは共有財産や秘密情報、深層心理において、情報の裏側に潜む真実を直感で探り当てる才能を持っています。共有されるデータや権利が不透明に感じられることもありますが、複雑な人脈や情報を介して目に見えない利益を得ながら、深い変容と共感を経験するでしょう。
Neptune,Gemini,9,知的な探求心で理想を追い、共感の視点から真実を学ぶ,知的な探求心と共感で、哲学や学問を深く学び、理想的な高い視点から真実を見出していくでしょう。,豊かな感性と知性で真理を探求し、想像力豊かな視点で、人々と共感し合える哲学を持っています。,多くの情報に触れて思想が拡散し、信念が揺らぎやすい傾向です。自分にとって本当に大切な学びや真実を見極める力を養うと良いでしょう。,思想や理想を自由に語るため、想像力の豊かな人として周囲から見られやすいでしょう。,広い知識欲と解析力で、出版や創作を通じて思想を広め、真理を伝える語り部として活躍するでしょう。,膨大な情報から普遍的な真理を見出し、信念を具体化することで、知識が人生を飛躍させる知恵へと変わります。,多様な思想をハッピングするように学び、言葉を超えた世界の真理を求めて知性を遊ばせる配置。,思想や宗教、あるいは海外の文化に対して多角的な視点から抽象的な真理を追い求める精神性を持っています。特定の理論を絶対視せず、情報の波を乗りこなすことで独自の現代的な宇宙観を構築し、知的な探求心で理想を追い、共感の視点から真実を学ぶでしょう。
Neptune,Gemini,10,知性で社会に貢献し、理想的な目標を掲げ共感を広める,知性と共感力を活かし、社会に貢献する理想的な仕事や使命を掲げ、多くの人々の賛同を集めるでしょう。,鋭い感性と柔軟な知性で、社会に役立つ情報を発信し、人々の心に影響を与えることができます。,社会的な場面で発言が軽率になりやすく、方針が曖昧になりがちです。自分の意見をしっかりと持ち、責任感を持って行動すると良いでしょう。,社会的な場では柔らかな発信力がにじみ、独特の感性を持つ人として周囲に映りやすいでしょう。,豊かな言葉とイメージの感性が評価され、社会に理想を発信するリーダーとして活躍するでしょう。,評判に一喜一憂せず長期的な視点で専門性を磨くことで、社会的な影響力と揺るぎない信頼を築けるでしょう。,多彩なイメージや発信力を社会で活かし、メディアや情報の世界で理想を形にする配置。,キャリアにおいて、あなたは文筆や放送、ITなどの情報産業で時代の空気感を察知して表現する役割で成功を収めます。職業的な肩書きが複数存在し、社会的なイメージが常に変化し続ける特徴を持ちながらも、知性で社会に貢献し、理想的な目標を掲げて共感を広めていくでしょう。
Neptune,Gemini,11,知的な仲間と理想を分かち合い、共感で未来を創造する,知的な仲間と理想の未来を語り合い、共感の輪を広げながら、新しいコミュニティを創造するでしょう。,豊かな感受性と知性で仲間と活発に交流し、新しい発想で未来を共鳴させ、創造する力があります。,仲間との関係が浅くなりがちで、多くの情報に振り回されやすい傾向です。本当に心を通わせられる人との絆を深めることを大切にしましょう。,仲間の中では言葉を通して夢や理想を共有し、場に想像力をもたらす存在になりやすいでしょう。,多様な人脈を繋ぐセンスで、コミュニティ運営や交流を通じ、仲間の理想を実現する貢献者となります。,独自の意見を大切にしつつ仲間の声を冷静に聞くことで、集団の中で個性を活かした理想を追求できるでしょう。,趣味や関心を共有するネットワークに属し、自由な対話を通じて理想の未来を夢見る配置。,あなたはネットワークにおいて、多様な情報が飛び交う流動的なコミュニティを好み、博愛的な情報交換を大切にします。友人関係が広範で曖昧になりやすい面もありますが、そこからもたらされるインスピレーションが未来を切り拓き、知的な仲間と理想を分かち合い、共感で未来を創造するでしょう。
Neptune,Gemini,12,内なる知性で理想を深く探求し、共感力で心を癒す,内なる知的な探求と深い共感力で、自分や人の心を癒しながら、理想的な精神世界を築くでしょう。,鋭い直感力と豊かな想像力で、人々の内面を深く理解し、癒しをもたらす知性に優れています。,思考が堂々巡りになりやすく、情報過多で不安が増幅しがちです。静かな時間を作り、瞑想などで心の声に耳を傾けると良いでしょう。,表には控えめでも内面では想像力が広がり、静かな観察者として周囲に映りやすいでしょう。,豊かな想像力と情報を整理する力で、カウンセリングや創作を通じ、心を癒やす理想を形にするでしょう。,内面的な混乱を言語化する習慣を持つことで、精神的な安定と実務的な貢献を両立できるようになるでしょう。,内面に渦巻く雑多なイメージを空想や文筆で整理し、目に見えない次元の知性を深める配置。,あなたは無意識領域で膨大な思考や情報を処理しており、夢や瞑想を通じて高度なアイデアを具現化する才能があります。潜在的な誤解される恐怖を非言語的な知性で浄化することで精神的な自由を確保し、内なる知性で理想を深く探求し、共感力で心を癒していきます。
Neptune,Cancer,1,感情豊かに自分を慈しみ、共感力で理想の自己を築く,豊かな感情と共感力で、理想の自分を優しく育み、心温まる魅力で周囲を惹きつける性質を持っています。,豊かな感情と鋭い直感で、周囲に深い共感と包容力を与えながら、自分らしく表現できる強みがあります。,感情が過敏になり、自己防衛的になったり他者に依存しがちです。自分の感情を優しく見つめ、心の境界線を明確にすると安心できます。,やさしい雰囲気が自然とにじみ出て、周囲に安心感を与える人として見られやすいでしょう。,深い共感力と包容力で、集団の感情を汲み取り、理想へと導く情緒豊かなリーダーシップを発揮します。,過去の感情的な傷を癒やし慈愛を解放することで、周囲に安心感を与える不思議な魅力が覚醒するでしょう。,溢れるような慈愛と情緒的な魅力が個性に滲み出し、人々の心を癒やす慈母のような配置。,あなたは情緒的な感受性が極めて高く、周囲の感情を吸収して自己の個性として昇華させる才能を持っています。自己と他者の情緒的な境界が薄く強い同情心や保護欲を持つため、その心温まる魅力で周囲に癒やしを与える存在として深く認識されるでしょう。
Neptune,Cancer,2,心温まる共感で才能を育み、安心できる豊かな価値を築く,温かい共感力で自分の才能を育み、安心できる豊かな環境を築くことで、精神的な豊かさも大切にします。,安心感を大切にし、豊かな感受性と保護的な愛情で、価値あるものや人を育むことができるでしょう。,不安から浪費したり、感情的に判断し所有物に執着しやすい傾向です。本当に大切な価値を見極め、心の安定を優先すると良いでしょう。,自分の価値観を感情と共に大切に守るため、情の深い人という印象を与えやすいでしょう。,家族や身内を大切にする直感力で、深い共感から価値を生み出し、安心できる豊かな基盤を築きます。,物質的な所有に固執せず情緒的な豊かさを基盤に据えることで、必要な富が自然と引き寄せられるでしょう。,愛する人を守るための富を理想とし、情緒的な満足感を豊かさの基準とする配置。,経済活動において、あなたは感情的な満足や身近な人々を守るために無意識に財を動かす傾向があります。金銭的な不安を情緒的な絆で解消しようとし、家庭的な分野やケアに関わる仕事で不思議な収入を得ながら、心温まる共感で才能を育み、安心できる豊かな価値を築いていくでしょう。
Neptune,Cancer,3,心で感じた学びを分かち合い、共感で理想的な絆を育む,心で感じたことを温かく伝え、共感を通して、理想的な人間関係の絆を育んでいくことを大切にします。,豊かな感情で人々の心に寄り添い、深い共感力で対話しながら、温かい理解を育むことに長けています。,感情的に発言しやすく、過去の出来事に執着して情緒が混乱しがちです。感情の波を受け止めつつ、客観的に物事を捉える練習をしましょう。,言葉に思いやりや感情が宿るため、周囲からは共感を呼ぶ話し方として受け取られやすいでしょう。,感情的な深みと洞察力で、人々の心に響く言葉を生み出し、深い共感の絆を育むでしょう。,表面的な会話を避け相手の魂に届く真実の交流を求めることで、発信力が人々を癒やす力へと進化します。,相手の心に優しく寄り添う言葉を使い、身近な交流の中に情緒的な一体感を作る配置。,コミュニケーションにおいては、言葉の裏にある感情の揺らぎを敏感に察知し、共感に基づいた温かい伝達を行います。身近な人々との間で境界線が曖昧になりやすいですが、情緒的な物語を通じて深く意思疎通を図り、心で感じた学びを分かち合い、理想的な絆を育んでいくでしょう。
Neptune,Cancer,4,心温まる共感で安心できる居場所を創り、理想の家庭を育む,心温まる共感力で、安心できる理想の家庭や居場所を築き、人々の心の土台を育むことを大切にします。,豊かな愛情と包容力で、人々に安心感を与え、心の拠り所となる居場所を温かく育むことができます。,家族に依存したり、感情で支配しようとしがちです。お互いの自立を尊重し、心地よい距離感を保つことを意識すると、より豊かな関係が築けます。,親しい人には特に深い安心感を与え、包み込むような温かい関係を築きやすいでしょう。,深い慈愛と共感力で、家族を癒やす理想的な居場所を創造し、安心できる環境を育むでしょう。,他者の感情を吸収しすぎず、自分だけの静かな時間を確保することで、内面の安定が保てるでしょう。,聖域のような家庭を理想の全てとし、無条件の愛に満ちた居場所に安らぎを求める配置。,あなたは家庭やルーツに対して絶対的な理想を投影し、家族関係に宗教的なまでの献身や一体感を求めます。住環境を精神的なシェルターと見なし、情緒的なルーツを求めて内面的な探索を繰り返しながら、心温まる共感で安心できる理想の家庭を育んでいくでしょう。
Neptune,Cancer,5,心のこもった創造で喜びを育み、共感を通して理想を表現する,心のこもった表現で喜びを育み、深い共感を通して、人々を癒すような理想的な創造性を発揮します。,豊かな情愛と魅力にあふれ、人々の心を包み込む温かい表現で、創造的な喜びを育むことができます。,恋愛で感情的になりやすく、気分を優先して関係が劇場型になりがちです。相手の気持ちを尊重し、心のバランスを保つことを心がけると良いでしょう。,愛情表現に感性とロマンが混ざりやすく、やさしい魅力として周囲に印象を残すでしょう。,情緒豊かで夢見心地な創造性を活かし、芸術や表現活動を通して、人々と共感し理想を形にします。,楽しみを義務感にせず感性のままに過ごすことで、人々の心に深く響くインスピレーションが湧きあがるでしょう。,育てる喜びや身内への愛を自己表現の源泉とし、純粋な情愛をドラマチックに表現する配置。,あなたは創作活動において、過去の記憶や母性的な情愛をテーマにした没入感のある表現を得意とします。恋愛や遊びでは相手を子供のように慈しむか、あるいは自分が依存することで情緒的な充足を得ようとし、心のこもった創造性で喜びを育み、共感を通して理想を表現するでしょう。
Neptune,Cancer,6,心を込めて日々の仕事に尽くし、共感で人を癒し理想を形にする,心を込めた奉仕精神と共感力で、理想的な日々の仕事を通じて、周りの人々を癒し支えるタイプです。,豊かな共感力と献身的な精神で、人々の世話をし、日々の実務を通して温かく奉仕できるでしょう。,日々の仕事で過干渉になったり、心配しすぎて疲労が溜まりがちです。自分のペースを大切にし、適度に休息を取ることを意識すると良いでしょう。,相手の状態に自然と気づきやすく、やさしく支える人として周囲から信頼されやすいでしょう。,深い共感力で相手に寄り添い、心を込めて日々の業務を支え、理想を実現するでしょう。,完璧を求めず適度なゆとりを持つことで、安定したパフォーマンスと良好な人間関係を両立できます。,周囲への献身を至上の喜びとし、職場を愛と優しさで満たす役割を夢見る配置。,仕事の現場において、あなたは他者への奉仕やケアの役割を無意識に引き受け、感情的に尽くしすぎる傾向があります。職場の雰囲気に心身が左右されやすいですが、福祉や看護、あるいは衣食住を扱う分野で深い共感力を発揮し、心を込めて日々の仕事に尽くし、人々を癒やし理想を形にするでしょう。
Neptune,Cancer,7,感情豊かな共感で絆を深め、理想の人間関係を築き守る,感情豊かな共感力で、理想的なパートナーシップや人間関係を築き、その絆を大切に守り育みます。,豊かな共感と愛情で人々を包み込み、深い信頼関係を築き、温かい協力関係を発揮できるでしょう。,人との関係で依存的になったり、感情で相手を操作しようとしがちです。お互いの心を尊重し、健全な距離感を保つことを心がけると安心です。,一対一の関係では共感や感情のつながりを重視し、寄り添う相手として周囲に映りやすいでしょう。,深い共感力で慈愛に満ちたパートナーシップを築き、相手に寄り添い理想的な絆を育むでしょう。,相手に依存せず自立した個人として向き合うことで、真の相互理解と深い絆が構築できるでしょう。,パートナーに無条件の愛と保護を求め、家族のような深い親密さの中に絆を見る配置。,あなたはパートナーシップにおいて、自分を丸ごと包み込んでくれる相手や、逆に自分が救済すべき脆い相手を強く求めます。情緒的な共依存に陥りやすい性質も持ちますが、深い心の交流を人生の支柱とすることで、感情豊かな共感で絆を深め、理想の人間関係を築き守るでしょう。
Neptune,Cancer,8,深い感情の共感で変容を体験し、理想的な絆を守り育む,深い感情の共感を通して、大切な人との絆を育み、理想的な再生や変容を体験するでしょう。,深い感情と鋭い心理洞察力で人々と共感し、心の再生を促しながら、豊かな癒しを与えることができます。,深い関係や共有する物事に感情的に執着し、嫉妬心を抱きがちです。手放す勇気を持ち、相手の自由を尊重することで、心が穏やかになります。,深い関係では感情の結びつきが強まり、心の奥で深く通じ合う関係になりやすいでしょう。,深い洞察力と癒やしの力で、心理分析や専門職を通して、理想的な絆を守り育むでしょう。,他者とリソースを共有する不安を克服し信頼を深めることで、個人の力を超える大きな変容をもたらせます。,深い絆を通じて相手と溶け合うことに憧れ、情緒的な遺産を魂の拠り所とする配置。,あなたは共有財産や遺産、あるいは深い絆において、相手の苦しみや喜びを自分のものとして同化する傾向があります。家系の隠された感情的な秘密を直感で察知し、深い共感を通じて他者のリソースを癒やしの力に変えながら、理想的な再生や変容を体験していくでしょう。
Neptune,Cancer,9,心で感じた真理を探求し、共感で理想を広げ守り育む,心で感じる共感力で、理想的な哲学や真理を探求し、それを多くの人々に広げ育んでいくでしょう。,揺るぎない信念と豊かな情感で、人々を深く理解し、温かい共感をもって真理を探求できるでしょう。,感情的に特定の考えに偏執し、視野が狭くなりがちです。多様な視点を受け入れ、冷静に物事を判断する力を養うと良いでしょう。,自分の信じることを感情とともに語り、温かい思想を持つ人として周囲に映りやすいでしょう。,崇高な博愛精神と探求心で、芸術や思想を通じ、世界を癒やす理想を広げ、大成するでしょう。,直感的な知識を現実的な行動に落とし込むことで、広い視野が多くの人を導く力強い知恵となるでしょう。,慈しみこそが世界の真理であると信じ、精神的な学びの中に心の安らぎを求める配置。,思想や宗教、あるいは海外の文化において、あなたは民族的な伝統や伝承に強く惹かれ、情緒的な繋がりをベースにした世界観を構築します。理論よりも魂の郷愁を真理の基準とし、精神的な拠点を求めて探求することで、心で感じた真理を探求し、共感で理想を広げ育んでいくでしょう。
Neptune,Cancer,10,共感力で社会に貢献し、理想的な目標を優しく育み達成する,優しさと共感力で、社会に貢献する理想的な仕事や使命を育み、人々からの評価を得るタイプです。,豊かな包容力と共感で社会に貢献し、人々に安心感を与えながら、信頼と影響力を築くことができます。,社会的な評価を気にしすぎたり、感情的に物事を判断しがちです。自分の内なる声に耳を傾け、心を落ち着かせる時間を大切にしましょう。,社会的な場でも包容力がにじみ出て、安心感のある人として周囲に映りやすいでしょう。,豊かな共感力と包容力が評価され、社会に貢献し、理想的な目標を優しく達成するでしょう。,評判に惑わされず内面的な納得感を貫くことで、周囲から心から尊敬される指導者としての地位を確立できます。,大衆の心を癒やす役割を社会的な使命とし、慕われるリーダーとして理想を追求する配置。,キャリアにおいて、あなたは人々の情緒を癒やす職業や衣食住に関わる分野で、象徴的な保護者として成功を収めます。社会的な責任を情緒的な重圧として感じやすい面もありますが、大衆の心に寄り添う姿勢が名声に繋がり、共感力で社会に貢献し、理想的な目標を優しく育み達成するでしょう。
Neptune,Cancer,11,仲間と理想を分かち合い、共感でコミュニティを守り育む,温かい共感力で仲間と理想の未来を分かち合い、心の通じ合うコミュニティを大切に育んでいくでしょう。,豊かな感受性と共感力で仲間と深く交流し、温かく守り育てることで、強い絆と支援力を発揮できます。,身内や特定のグループに偏重し、感情的に同調しすぎてしまいがちです。多様な意見を尊重し、広い視野で物事を捉える意識を持つと良いでしょう。,仲間の中では自然と守り役になり、グループに温かさをもたらしやすい傾向があります。,理想を共にする仲間との絆を大切にし、コミュニティ運営で、理想を育むリーダーシップを発揮します。,現状の安定に満足せず仲間と共に古い習慣を刷新することで、理想とする社会をより確実に形にできます。,家族のような温かなコミュニティを夢見、仲間と共に安心できる未来を分かち合う配置。,あなたはネットワークにおいて、家族のように親密で閉鎖的なグループを好み、仲間を情緒的に守る役割を担うことを喜びとします。友人との境界が消失してトラブルになることもありますが、無私の献身が将来の大きな守護を得る鍵となり、仲間と理想を分かち合い、共感でコミュニティを守り育んでいくでしょう。
Neptune,Cancer,12,内なる感情で理想を育み、共感力で自分や人を癒し守る,内なる理想を慈しみ育み、深い共感力で自分自身や人々を癒し、心の安らぎを与える性質を持っています。,豊かな感受性と直感力で、あなた自身の内面や周囲の人々を優しく癒し、守り育む力に優れています。,感情が迷走して現実から逃避したり、孤立してしまいがちです。穏やかな環境で心を落ち着かせ、自分を癒す時間を大切にすると良いでしょう。,表には出にくくても深い共感性があり、静かに人を癒やす存在として周囲に映りやすいでしょう。,豊かな想像力と共感力で、人々を癒す芸術やカウンセリング、裏方調整で絶大な力を発揮します。,孤独を恐れず静かな場所で心を整える習慣を持つことで、あなたのインスピレーションが現実世界で役立つ知恵に変わります。,内面にある繊細な慈愛を静かに育み、目に見えない次元で世界を優しく抱擁する配置。,あなたは無意識の奥底で、究極の安心感と包み込むような愛を求める魂を持っています。深い瞑想や内なる探求を通じて、集合無意識の母性的なエネルギーと繋がり、その無限の愛で自分自身や人々を癒し守る、温かい精神的守護を確立していくでしょう。
Neptune,Leo,1,夢を表現し、自分らしい輝きで周りの心を惹きつける,夢を表現する天性の魅力で、周りの人々の心を惹きつける才能を持っています。,夢を表現する豊かな感性と直感力で、あなたらしい輝きと魅力をもって周りを惹きつけることができます。,自分を良く見せようとしすぎると、自己表現が過剰になりがち。等身大のあなたを大切にすると良いでしょう。,あなたのやわらかな華やかさが自然とにじみ出て、不思議と人を惹きつける存在として見られやすいでしょう。,夢のある表現力で自己を輝かせ、クリエイティブな分野で周囲を魅了するカリスマ性を発揮します。,自分の情熱を信じ、周囲への感謝を忘れないことで、あなたの表現が多くの人に愛される魅力に変わるでしょう。,圧倒的な華やかさと王者のような夢を纏い、ドラマチックな人生を演じきるスター性の配置。,あなたはまるで舞台の主人公のように、華やかでドラマチックなオーラを自然と纏い、周りの人々を惹きつけます。その圧倒的な表現力とカリスマ性で、自らの理想を生きる姿を見せることで、多くの人に夢と深いインスピレーションを与える存在となるでしょう。
Neptune,Leo,2,豊かな感性で才能を開花させ、人々の共感を呼ぶ価値を創造する,豊かな感性で独自の価値を創造し、多くの人の共感を呼ぶ才能を収入に変えることができます。,豊かな感性で独自の価値を創造し、魅力的な表現で多くの人々の共感を呼ぶ才能があります。,見栄のために衝動的に浪費しやすいので、本当に価値があるか、一度冷静に見極める時間を持ちましょう。,自分の価値観や美意識を感覚的に大切にし、上品で心に残る印象を与える人として受け入れられやすいでしょう。,豊かな感性で独自の才能を活かし、芸術やエンタメで人々の共感を呼ぶ価値を創造し発展します。,物質的な安定だけでなく、あなたの感性が生み出す価値を信じることで、経済的な成功と心の満足を同時に得られます。,自らの才能を輝かしい財産へと変える夢を持ち、豪華で誇らしい豊かさを愛する配置。,あなたは経済活動において、自身の才能やブランド力を絶対的なものと捉え、壮大な理想やドラマチックな演出のためなら富を惜しまないでしょう。金銭的な価値を自己表現の一部として捉えることで、クリエイティブな分野で予測不能なほどの輝かしい成功を収める可能性を秘めています。
Neptune,Leo,3,創造性を言葉に乗せ、理想のビジョンを語り共感を広げる,創造的な言葉で理想のビジョンを語り、人々の心に響く共感を広げていくタイプです。,創造性豊かな感性で理想のビジョンを言葉にし、魅力的な発信力で人々に共感を広げられます。,注目されたい気持ちから発言を誇張しがちです。素直な言葉で話すことを意識すると、より信頼関係が深まります。,あなたの言葉にはドラマ性や柔らかな表現力がにじみ、印象に残る魅力的な話し手として受け取られやすいでしょう。,情熱的な言葉と豊かな想像力で、人々の心を震わせる教育やコミュニケーションで信頼を得るでしょう。,正論だけでなく、相手の感情に寄り添う温かい表現を心がけることで、あなたの知性がより多くの人の心を動かすでしょう。,魅力的な言葉で人々を魅了することを楽しみ、日常の発信をエンターテインメントにする配置。,あなたはコミュニケーションにおいて、誇張されたとも思えるほど壮大なアイデアを劇的な言葉で語り、人々の心を強く惹きつけます。情報の真偽よりも、それが生み出す感動やインパクトを大切にし、エンターテインメントのような発信を通じて多くの共感を広げていくでしょう。
Neptune,Leo,4,創造的な空間で理想の居場所を作り、家族や仲間と心を通わせる,創造性を発揮して理想の家庭や居場所を築き、家族や仲間と心を通わせることを大切にします。,創造的な魅力で理想の温かい居場所を作り、家族や大切な人々の心を優しく守り育むことができます。,家庭内で自分を押し付けがちですが、みんなの気持ちに寄り添うことで、穏やかで安心できる居場所になります。,親しい人には温かく夢のある関わり方をし、心を照らすような存在として受け入れられやすいでしょう。,創造的で理想的な家庭を築き、家族の才能を育む活動や独自の美学で生活の質を高めるでしょう。,家庭の中に安らぎと笑顔を保つ工夫をすることで、責任感と内面の安らぎが両立し、あなたの心の拠り所となります。,家の中に理想の王国を築くことを夢見、家族を明るく照らす太陽のような居場所を好む配置。,あなたは家庭生活を自分だけの特別な聖域や舞台のように捉え、理想の住環境を追求することで現実の生活感を洗練させようとします。居住空間を精神的なプライドの拠点として維持し、家族には独自の誇りを投影しながら、心を通わせる豊かな居場所を創造するでしょう。
Neptune,Leo,5,豊かな発想で創造性を表現し、夢と感動を人々と分かち合う,豊かな発想力で創造性を表現し、喜びや感動を分かち合うことで夢を実現するタイプです。,豊かな感性と情熱で夢や理想を創造的に表現し、人々に感動と喜びを分かち合える魅力があります。,恋愛でドラマチックな展開を求め、気分で行動しがち。相手の気持ちを大切にすることで、真実の愛が育まれます。,あなたの自己表現にはロマンや創造性が強くにじみ、魅力的で忘れがたい印象を残す人となるでしょう。,圧倒的なこだわりと独創的な技巧で、デザインやステージなど華やかな創作分野で才能を爆発させます。,楽しみを仕事のように捉えず、純粋にリラックスして表現することで、自己肯定感が育まれ創造性がさらに輝きます。,至高のクリエイティビティを自己表現に注ぎ、人生そのものを最高傑作にしようと夢見る配置。,あなたは創作や恋愛、そしてレジャーにおいて、常に陶酔感のあるロマンスや芸術的な表現に深く没頭する傾向があります。現実の相手を理想のパートナーとして神格化し、ドラマチックな展開を繰り返すことで、豊かな発想と創造性を分かち合い、夢を実現していくでしょう。
Neptune,Leo,6,創造力を実務に活かし、理想を形にして人々の心を豊かにする,創造力を仕事や奉仕に活かし、理想を形にすることで周りの心を豊かにする喜びを感じます。,豊かな創造力と感性で日々の実務を理想的に改善し、周囲の人々をサポートできる奉仕の精神に優れています。,評価を気にしすぎると完璧を求め、無理しがちです。自分のペースを大切にすると、心穏やかに過ごせます。,日常の中でもやさしさと華やかさを自然ににじませ、周囲からは感じの良い魅力的な人として見られやすいでしょう。,豊かな感性や表現力を実務に活かし、理想を形にする創造的な貢献で人々の心を豊かにします。,自分や周囲に完璧を求めすぎないよう意識することで、安定した成果と良好な人間関係を両立できるでしょう。,自負を持って華やかに働くことを理想とし、仕事の現場に創造的な活気を与える配置。,あなたは仕事の現場において、自身のクリエイティブな理想を何よりも最優先し、実務的なルールよりも独自の表現スタイルを追求します。定型業務には苦痛を感じやすいかもしれませんが、自分にしかできない特殊な役割を通じて、現場に新たな活気を与え、人々の心を豊かにしていく喜びを見出すでしょう。
Neptune,Leo,7,魅力的な表現力で理想のパートナーシップを築き、深い共感で結びつく,魅力的な表現力で理想のパートナーシップを築き、魂レベルで深く共感し合うことができます。,魅力的な表現力と豊かな感受性で、理想的なパートナーシップを築き、深い共感で人々との絆を育めます。,対人関係で主導権を握りたくなりますが、相手の意見も尊重すると、より調和のとれた関係を築けるでしょう。,一対一の関係では相手を特別な存在として見つめ、夢や理想を共有できる相手として映りやすいでしょう。,魅力的な表現力と誠実な社交性で、理想を分かち合う革新的なパートナーシップを築き発展します。,相手をコントロールせず、一人の自立した個人として尊重することで、お互いに高め合える関係が築けるでしょう。,ドラマチックで輝かしいパートナーに理想を投影し、共に注目を浴びる関係を望む配置。,あなたは対人関係において、自分をより一層輝かせてくれるスターのような相手に惹かれ、その才能に自身の夢を重ね合わせようとします。時に相手の弱点を見落とすこともあるかもしれませんが、共に高い理想を目指すことで、魂レベルで深く共感し合う伝説的なパートナーシップを築き上げるでしょう。
Neptune,Leo,8,創造的変容を通して理想を追求し、魂レベルで人々と共鳴する,創造的な変容を恐れず理想を追求し、人々と魂レベルで深く共鳴していく性質を持っています。,創造的な表現と深い洞察力で、魂レベルでの理想を追求し、人々との深いつながりを生み出す魅力があります。,深い関係になるほど相手を理想化し、執着しがちです。ありのままを受け入れることで、心が楽になります。,深い関係においては相手に強い憧れや一体感を抱き、魂レベルで印象深い絆を築きやすいでしょう。,組織の深部を理解し、困難からの再生を支援する力で、資産管理など創造的な変容を追求し大成します。,猜疑心を抑え、他者と誠実に協力することで、個人の力を超える大きな社会的価値を成し遂げられるでしょう。,共有する絆を特別な伝説にしたいと願い、魂を震わせる劇的な一体感に魅了される配置。,あなたは共有財産や深い絆において、他者のカリスマ性や資源を積極的に吸収し、劇的な自己変容を遂げながら理想を追求します。物質的な管理には無頓着になりがちですが、執着を手放すことで無限の創造的リソースを得て、人々との間に魂レベルでの深い共鳴を生み出すでしょう。
Neptune,Leo,9,創造的に世界を探求し、理想の哲学を分かち合い共感を呼ぶ,創造的に世界を探求し、自らの理想の哲学を分かち合うことで人々の共感を呼ぶでしょう。,創造的な感性と魅力的な表現力で、壮大な理想や哲学を探求し、人々に共感を広める力があります。,自分の考えが唯一だと過信しがちですが、様々な視点を取り入れると、学びが深まり視野が広がります。,あなたの理想や信念は物語のように語られ、感性豊かな世界観を持つ魅力的な人として見られやすいでしょう。,理想の哲学を探求し、学問研究や教育活動で長期的な視点から社会の基盤を支え、発展します。,抽象的な概念を現実の成果に結びつける意識を持つことで、あなたの知恵が人生を導き、周囲の信頼も高まります。,高潔な理想を哲学として掲げ、精神的な学びの中に自らの誇りと輝きを見出す配置。,あなたは思想や学問において、自らの意志が神聖な力と繋がっているという壮大な理想主義を持ち、精神的な探求の旅を続けます。独自の哲学を絶対的な真理として信奉し、その輝かしい信念をもって迷える人々を導くことで、深い共感を広げていくでしょう。
Neptune,Leo,10,創造的な仕事を通して理想を社会に示し、人々を感動させる,創造的な仕事を通して理想の社会像を示し、多くの人々に感動を与える使命感を持っています。,創造的な表現力と豊かな直感で理想のビジョンを社会に示し、大きな影響力で人々を感動させる力があります。,社会的な評価を求めすぎて周りを顧みなくなりがち。謙虚な姿勢を心がけると、周囲からの信頼も深まります。,社会的な場では華やかな存在感の中に魅惑的な雰囲気がにじみ、周囲に強い印象を残す存在となりやすいでしょう。,創造的な感性と豊かな表現力で、理想を社会に示す仕事で人々の心を感動させ、注目を集めるでしょう。,名声に執着せず、内面的な真理に従って行動することで、周囲から心から尊敬される指導者としての地位を確立できます。,社会的な成功を自らの栄光として夢見、カリスマ的な変革者として脚光を浴びることを好む配置。,あなたはキャリアにおいて、芸能や芸術、あるいは象徴的なリーダーとして成功を収め、社会に理想の光を照らします。脚光を浴びる中で時に浮き沈みを経験することもあるかもしれませんが、その創造的な仕事を通して大衆に夢と感動を与え、計り知れない影響力を持つでしょう。
Neptune,Leo,11,創造的な仲間と理想の未来を共有し、共に感動を分かち合う,創造的な仲間と理想の未来を共有し、共に感動を分かち合うことを大切にするタイプです。,創造的な表現力で理想の未来を描き、仲間を鼓舞しながら感動を分かち合えるリーダーシップが強みです。,仲間との活動で注目されたい気持ちが強まり、独走しがちです。みんなの意見を聞くことで、一体感が生まれます。,仲間の中では夢や創造性を共有し、場に明るい理想を持ち込む希望に満ちた存在として受け入れられやすいでしょう。,創造的なビジョンと仲間への責任感で、組織運営や社会変革を目的とした活動でリーダーシップを発揮します。,現状に満足せず、未来への変化を仲間と共に受け入れることで、より大きな目的を確実に達成できるようになります。,才能ある仲間と壮大な未来を語り合い、ドラマチックな理想の輪を広げることに喜びを見る配置。,あなたはネットワークにおいて、個性的で華やかな才能を持つ仲間たちを惹きつけ、未来を輝かせるためのドラマチックなプロジェクトを主導するでしょう。友人関係を理想化しやすい面もありますが、集団の中で独自の主役的なポジションを築きながら、共に感動を分かち合う喜びを何よりも大切にします。
Neptune,Leo,12,内なる創造性を解き放ち、理想の精神世界で深い共感を得る,内なる創造性を解き放ち、理想の精神世界で深い癒やしと共感を見つけることができます。,内なる豊かな創造性を輝かせ、理想の精神世界を表現することで深い共感と癒しを生み出す力があります。,自分の世界にこもり、現実から目を背けがちですが、心を開くことで周りとの繋がりを感じ、心が癒されます。,表には強く出なくても内面のロマンや誇りがにじみ、静かな華を感じさせる魅力的な人として映りやすいでしょう。,内なる創造性と深い洞察力で、静かな環境での自己探究や精神的な基盤整備で社会貢献を拡大します。,孤独を恐れず内省の時間を豊かに育むことで、あなたの潜在意識にある知恵が現実で役立つ具体的な方法となるでしょう。,内面にある王者のような創造性を密かに温め、一人の時間で壮大な夢を形にする配置。,あなたは無意識の深い領域に壮大な創造的野心を抱えており、孤独な時間の中で真の自己を空想し、その理想像を構築します。潜在的な承認欲求を内面的な確信へと昇華させることで、目に見えない次元で絶対的な自信を獲得し、内なる創造性を解き放って深い癒やしと共感を見つけ出すでしょう。
Neptune,Virgo,1,自分を磨き理想の姿を目指し、周りの共感を得ていく,自分自身を細やかに磨き上げ、理想の姿で周りの人々の共感を自然と集めるでしょう。,繊細な感性で自分自身を磨き、理想の自己表現を追求することで、周囲の人々からの共感を深められます。,自分に厳しすぎて完璧を求めがちですが、少し肩の力を抜いて、ありのままの自分を受け入れると心が楽になります。,控えめで繊細な雰囲気が自然と表れやすく、静かに周りに気を配れる誠実な人として見られやすいでしょう。,緻密な分析力と繊細な感覚を融合させ、専門技術や正確さが求められる現場で理想的な成果を発揮します。,自分に厳しくなりすぎず、適度な柔軟性を養うことで、あなたの有能さが周囲を安心させる実用的な指導力へと変わります。,潔癖なまでの誠実さと実務的な美徳が個性に表れ、完璧な役割を演じることで理想を追う配置。,あなたは極めて繊細で潔癖な感受性を持っており、自分自身を完璧な秩序の中に置こうとする個性を形成します。自己と環境の微細な不調和にも敏感でありながら、儚げでいて有能な印象を周囲に与え、その姿で実務的な癒やしを体現することで自然と人々の共感を集めるでしょう。
Neptune,Virgo,2,実用的な知恵で価値を高め、人々の共感を呼ぶ理想を形にする,実用的な知恵を活かし、人々の共感を呼ぶ理想の価値や収入を丁寧に築いていきます。,実用的な知恵と豊かな感性で、理想的な価値や資源を創造し、人々の共感を呼ぶ才能があります。,細かいことが気になり、お金や物を溜め込みがちです。本当に必要なものを見極めると、心のゆとりが生まれます。,自分の価値観に感受性と慎ましさがにじみ、誠実でやさしい印象を与える人として受け入れられやすいでしょう。,実用的な知恵と鋭い直感を活かし、財務分析やITなど緻密な計算を要する仕事で安定を築きます。,手元の数字だけでなく、長期的な可能性に目を向けることで、物質的な安定と精神的な満足を同時に得られるでしょう。,緻密な管理と実務スキルを確かな価値とし、無駄のない洗練された豊かさを理想とする配置。,あなたは経済活動において、細部へのこだわりを活かした実務や技術で収入を得ますが、収支管理には無頓着になりやすい傾向があります。しかし、他者のために無償で奉仕するその誠実な行為が巡り巡って不思議な金運を引き寄せ、実用的な知恵と共感によって理想の豊かさを丁寧に築き上げていくでしょう。
Neptune,Virgo,3,論理的な学びと発信で、理想のビジョンを明確に伝え共感を得る,論理的な学びを深め、理想のビジョンを明確な言葉で伝え、共感を広げるタイプです。,論理的な思考力と豊かな感性で物事を整理し、理想のビジョンを明確に伝え、共感の輪を広げられます。,完璧を求めるあまり、批判的な発言が増え、考えすぎて疲れてしまうことがあります。たまには深く考えず、リラックスする時間も大切です。,あなたの言葉には繊細さや配慮がにじみ、やわらかく丁寧に伝える誠実な話し手として受け取られやすいでしょう。,論理的な学びと正確なコミュニケーションで、実務教育や執筆など情報を整理する仕事で信頼を得て発展します。,正論だけでなく、相手の感情に配慮した表現を心がけることで、あなたの説得力が温かくなり協力体制が整います。,正確で役に立つ情報を整理することに喜びを感じ、知的な秩序の中に美徳を見る配置。,あなたはコミュニケーションにおいて、情報の微細なズレさえ許容できず完璧な伝達を求めるため、深く考えすぎて迷走することもあります。しかし、実務的なやり取りにはストレスを感じやすい反面、分析や校正の分野では神秘的な洞察力を発揮し、論理的な学びと発信を通して理想のビジョンを明確に伝え、共感を広げていくでしょう。
Neptune,Virgo,4,実用的な改善で安心できる基盤を作り、理想の家庭で心を通わせる,実用的な改善で安心できる基盤を作り、理想の家庭で心を通わせることを大切にします。,実用的な知恵と豊かな共感力で、安心できる理想の居場所や家庭を築き、人々を優しく守る配慮があります。,家庭のことに心配しすぎたり、細かく干渉しがちです。家族を信じ、ゆったりとした気持ちで過ごすことを心がけると良いでしょう。,親しい人には細やかな思いやりを向けやすく、静かに心の基盤を整えてくれる温かい存在になりやすいでしょう。,実用的な知恵と細やかな配慮で理想の家庭基盤を築き、家族の健康管理や生活支援で真価を発揮します。,家庭の中に安らぎと余裕を保つ工夫をすることで、責任感と内面の安らぎが両立し、あなたの心の拠り所となります。,秩序と清潔さが保たれた家庭を理想とし、細やかなケアで家族を支える居場所に安らぐ配置。,あなたは家庭生活において、完璧な秩序や清潔さを追求するあまり、現実の家族の不完全さに幻滅を感じることもあるかもしれません。しかし、家族の健康問題には過敏ながらも深い慈愛を持って細やかにケアすることで、家庭を精神的な癒やしの場へと変え、安心できる基盤の上で理想の心を通わせるでしょう。
Neptune,Virgo,5,創造性を分析し磨き上げ、理想の表現で感動と共感を分かち合う,創造性を分析し磨き上げ、理想の表現で人々との感動や共感を分かち合うでしょう。,繊細な感性で創造性を磨き上げ、理想を技巧的に表現することで、人々に深い感動と共感を分かち合えます。,恋愛を分析しすぎて、相手に批判的になり、疲れてしまうことがあります。感覚を大切にすると、関係がより豊かになります。,あなたの表現には繊細さと幻想味が混ざり、控えめながらも印象に残る魅力として映りやすいでしょう。,職人気質のこだわりと精密な技巧で、デジタルクリエイティブなど理想の表現を形にする創作活動で才能を確立します。,楽しみを分析しすぎず、純粋にリラックスする時間を設けることで、自己肯定感が育まれ創造性がさらに輝きます。,職人的なこだわりを趣味や創作に注ぎ、緻密な完成度の中に至上の悦びを見出す配置。,あなたは趣味や創作において、職人的な完璧さを追求し、緻密な計算と最新の感性を融合させた作品を生み出します。恋愛では相手の欠点を管理し改善しようと献身的に尽くしますが、情緒的な安定を実務的な奉仕に見出すことで、創造性を磨き上げ、理想の表現を通じて人々と感動や共感を分かち合うでしょう。
Neptune,Virgo,6,日々の実務を改善し、理想的な貢献で人々の心を癒し共感を得る,日々の実務を改善し、理想的な貢献を通して人々の心を癒し、共感を得る性質です。,日々の実務を改善する力と豊かな感受性で、人々の心を癒し、理想的な貢献ができる奉仕の精神に優れています。,仕事で完璧を目指しすぎて、過労や神経質になりがちです。無理せず、自分の体と心の声に耳を傾けてあげましょう。,相手を助けることに自然と意識が向き、献身的でやさしい実務家として周囲から見られやすいでしょう。,繊細な感覚で日々の実務を丁寧に改善し、人々の心を癒す理想的な貢献で信頼と共感を得るでしょう。,自分や周囲に完璧を求めすぎず、適度なゆとりを持つことで、安定した成果と良好な人間関係を両立できるでしょう。,完璧な奉仕活動を人生の理想とし、現場を整える実務の中に神秘的な満足感を得る配置。,あなたは仕事の現場において、目に見えない細菌や毒素、あるいは他者の心理的不調を改善することに深い使命感を抱きます。職場環境の些細な不快感で体調を崩しやすい面もありますが、代替医療や衛生管理の分野で魔法のような改善力を発揮し、理想的な貢献を通して人々の心を癒し、共感を得ていくでしょう。
Neptune,Virgo,7,関係性を丁寧に改善し、理想のパートナーシップで深い共感を育む,関係性を丁寧に改善しながら、理想のパートナーシップで深い共感を育むことを大切にします。,繊細な感受性で人間関係を丁寧に調整し、理想のパートナーシップを築きながら深い共感を育むことができます。,人との関係で相手の細部に干渉し、批判的になりがちです。相手を尊重することで、心地よい関係を築きやすくなります。,一対一の関係では相手に細やかに寄り添い、受容的で丁寧な心の深い相手として映りやすいでしょう。,誠実な対人態度と合理的な交渉力で、理想のパートナーシップを築き、社会的責任を果たす提携で発展します。,相手を分析しすぎず、一人の自立した個人として尊重することで、お互いに高め合える関係が築けるでしょう。,誠実で実務的なサポートをパートナーに求め、互いを律し合う整った関係に理想を見る配置。,あなたは対人関係において、自分を実務的にサポートしてくれる完璧な存在、あるいは逆にあなたの細やかな管理が必要な相手に惹かれる傾向があります。時に相手に過度な期待をして批判的になることもありますが、共に奉仕の道を歩むことで関係性を丁寧に改善し、理想のパートナーシップの中で深い共感を育んでいくでしょう。
Neptune,Virgo,8,内なる変容を緻密に改善し、理想の深みで人々と共鳴する,内なる変容を緻密に改善することで、理想の深みで人々と魂レベルの共鳴を生み出します。,繊細な心理分析と深い洞察力で、内なる変容を理想的な形で促し、人々と魂レベルで共鳴できる力があります。,相手を深く知ろうとするあまり、疑念を抱き分析しすぎると、心が疲れてしまいます。直感を信じ、ゆだねることも大切です。,深い関係では相手を繊細に感じ取りやすく、静かに心の奥へと入り込む深い絆を築きやすいでしょう。,組織の深部を理解し、困難からの再生を支援する力で、緻密な資産管理など理想の変容を追求し大成します。,猜疑心を抑え、他者と誠実に協力することで、個人の力を超える大きな社会的価値を成し遂げられるでしょう。,共有する絆や資産を細部まで管理することに惹かれ、実務的な融合の中に深い意味を見出す配置。,あなたは共有財産や深い絆において、他者の負債や秘密を実務的に清算しようと努めながらも、同時に心理的な闇に無意識に同調する繊細さを持っています。エネルギーの漏出には注意が必要ですが、精神的な浄化技術を身につけることで資源を合理的に管理し、内なる変容を緻密に改善しながら理想の深みで人々と魂レベルの共鳴を生み出すでしょう。
Neptune,Virgo,9,体系的な探求を通して理想の真理を見つけ、人々に共感を呼ぶ,体系的な探求を通して理想の真理を見つけ出し、人々に共感を呼ぶ哲学を築くでしょう。,体系的な探求と豊かな感性で理想の真理を見出し、深い理解力をもって人々に共感を広めることができます。,物事を理屈で捉えすぎて、視野が狭くなりがちです。時には柔軟な発想で、様々な意見を受け入れてみましょう。,理想や思想を繊細に整理しながら語り、静かな信念を持つ思慮深い人として周囲から見られやすいでしょう。,体系的な探求と実用的な哲学で、学問研究や教育活動を通して理想の真理を分かち合い発展します。,抽象的な概念を現実の成果に結びつける意識を持つことで、あなたの知恵が人生を導き、周囲の信頼も高まります。,実生活に役立つ専門知を真理として学び、情報の整理を通じて精神を整えることに理想を見る配置。,あなたは思想や高度な学びにおいて、神秘的な現象を論理やデータで証明しようとするストイックな精神性を持っています。時に真理のハードルを上げすぎて自説に迷うこともあるかもしれませんが、地道な研究を通じて形のない世界を形にする英知を得て、体系的な探求を通して理想の真理を見つけ出し、人々に共感を呼ぶ哲学を築き上げるでしょう。
Neptune,Virgo,10,実務を改善し、理想的な社会貢献で人々の共感を獲得する,実務を改善する中で理想的な社会貢献を見つけ、多くの人々の共感を獲得するでしょう。,実務を改善する力と豊かな感受性で理想的な社会貢献を実現し、多くの人々からの信頼と共感を獲得できます。,仕事で評価を気にしすぎて完璧を求め、執着しがちです。肩の力を抜くと、本来の能力が発揮されやすくなります。,社会的な場ではやわらかな実務感覚がにじみ、誠実で感じの良い信頼できる人として評価されやすいでしょう。,丁寧な実務改善と豊かな感受性で、人々に共感を呼ぶ理想的な社会貢献を通して信頼と評価を得るでしょう。,名声に執着せず、内面的な真理に従って行動することで、周囲から心から尊敬される指導者としての地位を不動にできます。,卓越した実務家として社会に貢献することを夢見、有能な専門職として地位を築く配置。,あなたはキャリアにおいて、医療や分析、あるいは秘書的な業務などで他者のために完璧な奉仕をすることで成功を収めます。公的な責任を完璧に果たそうと努める中で疲弊しやすい面もありますが、その誠実さが絶対的な信頼の基盤となり、実務を改善しながら理想的な社会貢献を通じて多くの人々の共感を獲得するでしょう。
Neptune,Virgo,11,仲間との関係を改善し、理想の未来を共に見据え、深い共感を分かち合う,仲間との関係性を改善し、理想の未来を共に描く中で深い共感を分かち合うことを大切にします。,組織や計画を調整する実務能力と深い共感力で、仲間と共に理想の未来を目指し、協力し合うことができます。,仲間に対して細かく干渉したり、批判しすぎると、お互い疲れてしまいます。信頼することで、より良い関係が生まれます。,仲間の中では細やかな配慮で場を支え、静かな調整役として多くの人に頼られる存在になりやすいでしょう。,現実的なビジョンと仲間への責任感で、組織運営や社会変革を通して理想の未来を築くリーダーシップを発揮します。,現状に満足せず、未来への変化を仲間と共に受け入れることで、より大きな目的を確実に達成できるようになります。,改善目標を持つ仲間と計画的に繋がり、機能的で理想的な未来をコツコツと築く配置。,あなたはネットワークにおいて、社会を具体的に改善しようとする奉仕団体や健康に関わるグループに深く惹かれます。仲間の欠点に敏感になりやすい面もありますが、細やかな調整役を引き受けることで未来のビジョンを具体化し、仲間との関係性を改善しながら理想の未来を共に見据え、深い共感を分かち合うことを大切にするでしょう。
Neptune,Virgo,12,内面を丁寧に分析し、理想の精神世界で静かな共感を見出す,内面を丁寧に分析することで、理想の精神世界で静かな癒やしと共感を見つけ出すでしょう。,繊細な直感力で内面を深く分析し、精神的な浄化を通して、理想の静かな共感と癒しを見出すことができます。,内面を深く考え込み、自己批判に陥りがちです。無理に答えを出さず、ゆったりと自分を癒す時間を持ちましょう。,表には出にくくても深い感受性と奉仕性があり、静かに全体を癒やす温かい人として映りやすいでしょう。,内面を丁寧に分析し、静かな自己探究と実務能力を活かし、理想の精神世界で人々の共感を深めるでしょう。,孤独を恐れず内省の時間を豊かに育むことで、あなたの潜在意識にある知恵が現実で役立つ具体的な方法となるでしょう。,内面にある完璧主義を一人の時間で静かに調整し、人知れぬ奉仕や浄化に夢を託す配置。,あなたは内面世界において、心の中の不完全さを常に浄化し、一人の時間で精神的な整理整頓を行うことを大切にします。潜在的な病気への不安を内なるヒーリング能力の覚醒へと転換することで、目に見えない次元での強固な精神防衛を確立し、内面を丁寧に分析しながら理想の精神世界で静かな癒やしと共感を見つけ出すでしょう。
Neptune,Libra,1,調和を大切に、自分らしい美しさで理想の姿を表現し共感を呼ぶ,調和を大切にし、自分らしい美しさで理想の姿を表現することで共感を呼ぶタイプです。,魅力的な調和感覚と豊かな感受性で、自分らしい美しさを表現し、周囲からの共感を深めることができます。,周りの意見を優先しすぎて、自分の意見が分からなくなりがちです。時には自分の直感を信じて表現すると良いでしょう。,やわらかく洗練された雰囲気が自然ににじみ、上品で親しみやすい魅力的な人として見られやすいでしょう。,洗練された社交性と共感力で、対人交渉や調和が必要な現場で理想の自己表現を確立し活躍するでしょう。,自分の意見を後回しにせず、対等な立場で主張する勇気を持つことで、あなたの優雅さがより強力な影響力に変わります。,洗練された美的センスと社交性が個性に溶け込み、調和そのものを生きる魅力的な配置。,あなたは対人関係における理想を自己のアイデンティティに投影し、洗練された社交性とどこか掴みどころのない魅力を併せ持ちます。自己と他者の境界が調和の名の下に曖昧になりやすい傾向もありますが、周囲の期待を無意識に演じることで、自分らしい美しさで理想の姿を表現し、人々の共感を深く呼び起こすでしょう。
Neptune,Libra,2,調和を重んじ、才能で理想的な豊かさや価値を築く,調和を重んじながら、自身の才能を活かして理想的な豊かさや価値を築いていきます。,美的センスと調整力で理想的な価値や豊かさを築き、多くの人々に共感される才能に恵まれています。,他人の目を気にして浪費したり、買い物の判断に迷いやすいです。本当に必要なものか、自分の基準で考えると安心です。,自分の価値観や美意識に理想を重ねやすく、感性の美しい人という印象を周囲に与えやすいでしょう。,調和を重んじ、バランスの取れた価値基準で、芸術やデザイン、対人スキルを活かして豊かさを築き発展します。,物質的な価値だけでなく、精神的な充足感も大切にすることで、経済的な安定と幸福を同時に得られるでしょう。,美意識や対人スキルを活かした収入を理想とし、洗練されたものをスマートに所有する配置。,あなたは経済活動において、審美性や対人関係の調和を何よりも大切にするため、物質的な管理を後回しにしがちです。時に契約上の不透明さや美的なものへの直感的な支出を経験することもありますが、その豊かな感性を活かすことで流動的な収入源を築き、理想的な豊かさと価値を創造していくでしょう。
Neptune,Libra,3,バランス感覚を活かし、学びと発信で共感の輪を広げる,優れたバランス感覚で学びと発信を行い、人々の心に響く共感の輪を広げるでしょう。,調和を重んじる知性と豊かな感性で、理想のビジョンを対話を通して伝え、共感の輪を広げられます。,周りに合わせすぎて、自分の意見が曖昧になりがちです。自信を持って発言すると、より良いコミュニケーションが生まれます。,あなたの会話にはやわらかさと曖昧な魅力が混ざり、心地よい話し相手として多くの人に好まれやすいでしょう。,バランス感覚と洗練された言葉選びで、仲介や教育、情報整理を通して共感の輪を広げ、信頼を得て発展します。,表面的な平穏だけでなく、本音で交流を大切にすることで、あなたの説得力がより多くの人の心を動かすでしょう。,公平で客観的な言葉使いで調和をもたらし、日常の交流を美的にデザインする配置。,あなたはコミュニケーションにおいて、言葉の客観性よりも関係性の円滑さや洗練されたイメージを優先する傾向があります。思考が他者の意見に左右されやすい面もありますが、社交における高度な調整能力や芸術的な伝達力を発揮し、その優れたバランス感覚で学びと発信を通じて人々の心に響く共感の輪を広げていくでしょう。
Neptune,Libra,4,温かい家庭を築き、共感と理想で心の基盤を整える,温かい家庭を築くことを大切にし、共感と理想で心の基盤を豊かに整えていく性質です。,調和のとれた美意識と深い共感力で、理想の温かい家庭を築き、人々の心の基盤を優しく整えることができます。,家庭内で衝突を避けすぎて、物事を決めきれなくなることがあります。家族としっかり話し合うことで、基盤が安定します。,親しい人との関係では穏やかな空気を保ち、やさしい調和をつくる温かい存在として受け入れられやすいでしょう。,調和と共感を大切にし、穏やかで芸術的な家庭を築き、家族の調和を守る実務で幸運を発揮するでしょう。,家族に過剰に気を遣いすぎず、本音で対話を心がけることで、家庭内での信頼が深まり安心感が生まれるでしょう。,洗練されたセンスで整えられた平和な家庭を夢見、家族間の美しい均衡に安らぎを置く配置。,あなたは家庭環境において、形式的な平和や美しさを過度に追求するため、現実の不和を無意識に無視してしまう傾向があるかもしれません。家族との境界が情緒的に同化しているからこそ、理想の居場所を求めて現実離れした住環境を設計することもありますが、共感と理想を大切に、温かい心の基盤を豊かに整えていくでしょう。
Neptune,Libra,5,調和を大切に、理想の喜びを創造的に表現し共感を呼ぶ,調和を大切にしながら、理想の喜びを創造的に表現し、多くの人々の共感を呼びます。,美的センスと豊かな感受性で、理想の喜びや感動を創造的に表現し、人々に共感を広める魅力があります。,恋愛で相手に合わせすぎて、自分を見失いがちです。自分の気持ちも大切にすることで、バランスの良い関係が築けます。,あなたの表現には美意識とロマンがにじみ、印象的で魅力的な人として記憶に残る傾向があります。,卓越したセンスと遊び心で、デザインやイベント企画など人との交流を楽しむ創造的な分野で才能を爆発させます。,楽しみを他者と比較せず、自分自身の純粋な喜びを追求することで、時代に左右されない実績を築けるでしょう。,優雅な社交や洗練された恋愛を理想とし、美的なバランスを自己表現として追求する配置。,あなたは創作や恋愛において、洗練された究極の美や理想のパートナーシップに深く陶酔し、形式上の調和に強い執着を見せます。現実の人間関係における泥臭い側面を回避しようとする性質もありますが、調和を大切にしながら理想の喜びを創造的に表現することで、多くの人々の共感を呼び起こすでしょう。
Neptune,Libra,6,協調性を活かし、日々の仕事や健康を通じて理想を追求する,協調性を活かし、日々の仕事や健康を通して理想的な生き方を追求していくタイプです。,協調性を活かした調整力で、日々の業務を円滑に進め、共感をもって人を支える奉仕の心が強みです。,仕事で優柔不断になりやすく、判断が遅れがちです。早めに決断することを意識すると、スムーズに物事が進みます。,人との調和を大切にしながら支え、感じよく寄り添う温かい人として周囲から見られやすいでしょう。,協調性を大切にしながら、周りと調和してスムーズに業務を進めることができます。,自分を犠牲にしてまで人に合わせず、適度な主張を心がけることで、安定したパフォーマンスを継続できます。,職場環境の調和を保つことを使命とし、美しく円滑な人間関係を現場に作る配置。,日々の仕事では、持ち前の協調性と繊細な感性を活かし、周囲との調和を何よりも大切にしながら理想を追求するでしょう。職場の人間関係や環境に深く共感し、その調和があなたの心と体の健やかさに直結していることを、無意識のうちに感じ取っています。
Neptune,Libra,7,人との調和を大切に、深い共感で理想の関係を育む,相手と深く共感し、理想的なパートナーシップや対等な関係性を築くことを大切にします。,人との調和を大切にし、豊かな社交性と包容力で理想的な人間関係を築く魅力があります。,人に合わせすぎて自分の意見が曖昧になりがちなので、相手を尊重しつつも自分の気持ちを大切にすると良いでしょう。,一対一の関係では調和を重んじ、相手を優しく受け入れる理想的な人として映りやすいでしょう。,公平な交渉力と理想を語る社交術で、人との調和を築き、互いを高め合う関係で発展するでしょう。,相手に合わせすぎず対等な立場で向き合うことで、依存を越えた真の相互理解を構築できます。,パートナーとの完全な調和を夢見、鏡合わせのような美しい関係性に身を委ねる配置。,あなたは対人関係において、まるで魂が溶け合うような深い一体感を理想とし、相手と心の境界を超えた共感を育むでしょう。高い共感能力は、時に夢のようなロマンティックな関係を追い求める原動力となり、豊かな人間関係を築く力へと昇華されます。
Neptune,Libra,8,共有や変容の中で、調和と共感を大切に理想を追求する,人と深く共有することを通して、理想的な絆を育み、共感と共に新たな価値を生み出すタイプです。,深い共感力と洞察力で、人との繋がりの中に調和をもたらし、理想を追求できる長所があります。,深い関係で相手に合わせすぎると、無意識に依存や執着に陥りがちです。健全な距離感を意識すると調和しやすくなります。,深い関係では相手と一体感を求め、調和のとれた美しい絆を静かに育む傾向があります。,本質と調和を見抜く力を活かし、共有の財産や深い信頼に基づく交渉で成功を収めるでしょう。,猜疑心を抑え客観的なデータで判断することで、個人の力を超える大きな変容を社会にもたらします。,共有される絆やエネルギーを公平な視点で捉え、調和ある一体化の中に救済を見る配置。,人と深く共有する領域において、あなたは理想的な調和と共感を追求し、それを通じて新たな価値を生み出すことを大切にします。他者の感情を鏡のように映し出す共感力は、時に境界を曖昧にするほど深く、あなた自身の魂を変容させる豊かな体験をもたらします。
Neptune,Libra,9,調和を保ちながら、理想の探求と学びを通じて共感を広げる,高い理想と共感の心で、哲学や学問を深く探求し、世界との調和を求めることを大切にします。,思想や哲学に調和と美を見出し、共感を広げながら理想的な学びを探求できる才能があります。,周りの意見に流されやすく、自分の信念が揺らぎがちです。様々な考えを参考にしつつ、最終的には自分の直感を信じると良いでしょう。,感性豊かに理想を語り、調和を重んじる美しい世界観を持つ人として周囲に共感を広げやすいです。,高い美意識と公平な探求心で、洗練された思想や学びを広める役割で活躍できるでしょう。,知識を整理するだけでなく信念を行動に移すことで、広い視野が人生を導く力強い知恵へと変わります。,普遍的な正義や平和を世界の真理として信じ、バランスの取れた精神世界を優雅に探求する配置。,あなたは思想や高度な学びを通じて、普遍的な平和や法的正義といった抽象的な理想を深く探求し、人々の調和を真理と捉えるでしょう。論理を超えた共感と直感で、理想的な社会規範を探し求める精神の旅へと誘われます。
Neptune,Libra,10,社会で調和を意識し、理想のキャリアや目標を共感で実現する,社会の中で調和を大切にしながら、理想的な使命を見つけ、人々に共感される働き方を追求するでしょう。,優れた調整力と社会的な魅力で、人々の信頼を集めながら理想の目標を実現する力が強みです。,人からの評価を気にしすぎると、決断や責任を回避しがちです。自分の価値観に基づいた行動を心がけることで、自信へと繋がります。,社会的な場では穏やかな魅力がにじみ、洗練された調和を重んじる人として周囲に映りやすいでしょう。,柔らかな対人感覚と優れた美意識が評価され、調和を大切にするリーダーとして活躍できます。,他人の評価に惑わされず自身の信念で誠実に語ることで、周囲から心から尊敬される指導者となれます。,外交能力や美的イメージを社会で活かし、平和を愛する洗練された成功者として理想を追う配置。,あなたはキャリアにおいて、人々に共感を呼ぶ理想的な使命を見つけ、調和を重んじる働き方を追求するでしょう。広報や外交、芸術といった分野で、洗練されたイメージを通じて平和の象徴となり、社会に大きな影響力をもたらします。
Neptune,Libra,11,仲間やコミュニティと共に、調和の中で理想を追求し共感を育む,理想や未来のビジョンを仲間と共感し合い、調和の取れたコミュニティの中で喜びを分かち合うタイプです。,仲間との友情や調和を大切に、未来の夢を共感と共に創造していく企画力に優れています。,仲間との調和を重んじるあまり、集団に迎合してしまいがちです。自分の意見も大切にすることで、より良い関係を築きやすくなります。,仲間と理想や調和を共有し、穏やかな雰囲気でコミュニティを和ませる存在として親しまれやすいです。,平和的な対人センスとネットワークを活かし、コミュニティの調和や理想の活動で貢献できるでしょう。,個人の意見を大切にしつつ全体の調和を図ることで、独自のビジョンが多くの仲間に支持されます。,洗練された仲間と平和な未来を語り合い、調和のとれたネットワークを広げる夢を持つ配置。,理想や未来のビジョンを共有できる仲間たちと、調和の取れたコミュニティを築き、喜びを分かち合うことを大切にします。あなたは個人の主張よりも集団全体の調和を優先する傾向があり、その博愛的な心で穏やかなネットワークを広げていくでしょう。
Neptune,Libra,12,内面の声に耳を傾け、調和の中で理想と共感に満ちた癒やしを得る,境界を越えた共感力で、人や自分自身の心の奥深くを癒やし、調和に満ちた理想的な状態を目指すでしょう。,内面の声に耳を傾け、精神的な調和を保ちながら、共感と想像力で人々に癒しを与えることができます。,他者に合わせすぎると現実から目を背け、自己を見失いがちです。一人で静かに自分と向き合う時間を持つことを心がけましょう。,表には強く出なくても、内面の美しい感性で静かに周囲との調和を整える人として映りやすいでしょう。,豊かな想像力と共感力で、人々の心に寄り添い、癒やしをもたらす支援活動で才能を発揮します。,一人の時間を大切にし内面を整えることで、周囲に惑わされずクリアな直感を現実で活かせます。,内面にある高い美意識を一人の時間で慈しみ、目に見えない次元の調和を密かに愛でる配置。,あなたは内なる声に耳を傾け、他者からの評価という理想像を浄化し、一人の時間で精神的な調和を再構築するでしょう。潜在意識の奥底で真の平和を築く力を磨きながら、境界を超えた共感力で自分自身と周囲を癒やしていきます。
Neptune,Scorpio,1,深い洞察力で、理想の自分を確立し共感を呼ぶ,深い洞察力と共感力で、理想の自分を表現し、出会った人に強い印象を与える性質を持っています。,深い洞察力と豊かな感受性で、理想の自分を再生し、魅力的に表現できる力が強みです。,自分への執着が強まると、疑念や感情が極端になりがちです。心を落ち着かせ、客観的に自分を見つめる時間を大切にしましょう。,静かな雰囲気の中に深い感受性がにじみ、本質を見抜く奥の深い人として印象に残りやすいでしょう。,深い洞察力と強い精神力で、物事の本質を追求し、理想の自分を確立するでしょう。,内に秘めた情熱を論理的な言葉に変えることで、持ち前のカリスマ性が周囲に安心感を与える力へと変わります。,底知れない洞察力と神秘的なオーラを纏い、魂の本質を貫く強烈な個性を放つ配置。,あなたは内面に強烈な洞察力と神秘性を秘め、他者の深層心理を無意識に察知する磁力のような個性を放ちます。自己と他者の魂の境界を超えようとする深い共感力は、徹底的な自己変容を経て、周囲を惹きつけるカリスマ的な存在感を確立するでしょう。
Neptune,Scorpio,2,内なる価値観を探求し、理想の豊かさを共感と共に手に入れる,内なる深い価値観を探求し、理想の豊かさや才能を共感と共に育み、自分らしく確立するタイプです。,内なる価値観を深く探求し、独自の視点で豊かさを再生する、優れた資源感知の能力があります。,物やお金への執着が強まると、浪費や欠乏への不安に囚われがちです。本当に大切なものを見極め、心を満たす工夫をすると安心です。,自分の深い価値観や感情を大切に抱え、安易には揺るがない芯の強い人という印象を与えやすいです。,本質的な価値を見抜く力があり、希少なものや深い価値を持つ分野で豊かさを築けるでしょう。,所有への執着を緩め資源を循環させることで、物質的安定と深い満足感を両立できるようになります。,不屈の生存本能と執着心を富の源泉とし、巨大な資源を所有することに夢を見る配置。,あなたは内なる深い価値観を探求し、理想の豊かさや才能を共感と共に育み、自分らしく確立していきます。目に見えないエネルギーや他者の資源を扱うことに長け、金銭的価値を支配力や再生と結びつけながら、直感的に大規模な資産を動かす才能を発揮するでしょう。
Neptune,Scorpio,3,深層を探る学びで、理想を伝え共感のメッセージを届ける,深層を探るような学びを通して、理想のメッセージを伝え、人々の心に深く響く共感を呼び起こします。,深い心理理解と洞察力で、心に響くメッセージを発信し、人々と共感できる知性があります。,思考が特定のことに執着しすぎると、疑念を抱いたり秘密主義になったりしやすいでしょう。柔軟な発想を心がけると心が軽くなります。,言葉に深い洞察や含みがにじみ、本質を探求するような奥深い対話をする人として受け取られやすいです。,鋭い分析力と深みのある言葉で、本質を伝えるコミュニケーションにおいて、大きな力を発揮します。,批判だけでなく他者の良い面を見出す努力をすることで、持ち前の説得力が温かな影響力へと高まります。,言葉の裏側を見抜く力に魅了され、深い情報交換を通じて真実を暴くことに快感を覚える配置。,あなたはコミュニケーションにおいて、言葉の表面ではなく深層にある意図や秘密を直感的に解読し、深く共感するメッセージを伝えます。心理学や神秘学への深い探求心は、情報の裏側を暴くような、あるいは相手の魂を陶酔させるような独自の表現スタイルを生み出すでしょう。
Neptune,Scorpio,4,内なる基盤を深く見つめ、理想の安心と共感を育む,内なる基盤やルーツを深く見つめ、人との共感によって理想の安心感と心のよりどころを築くでしょう。,内なる基盤を深く見つめ、大切な人や場所を守りながら、共感で安心感を育む力が強みです。,家庭や身近な人への執着が強まると、感情的になったり内向的になりすぎたりしがちです。適切な距離感を保つことで、調和しやすくなります。,親しい人には深い情を向けやすく、静かに心と心がつながるような絆を大切にする関係を築きます。,基盤を深く見つめ守り抜く力で、家族や人々に理想の安心感を与え、共感を育むでしょう。,内面の激しい感情を理屈でぶつけず穏やかな受容を心がけることで、家庭の信頼が深まり安心感が生まれます。,家系や居場所の深い因縁に惹きつけられ、魂の底から強固な基盤を再生させることを夢見る配置。,あなたは内なる基盤やルーツを深く見つめ、人との共感によって理想の安心感と心のよりどころを築いていきます。家庭環境や血縁関係に目に見えない強い執着を抱き、住環境を精神的な再生の場と見なすことで、情緒的な深い繋がりを体験するでしょう。
Neptune,Scorpio,5,内なる情熱から、理想の創造性を表現し共感を呼び覚ます,内なる深い情熱から、理想の創造性を自由に表現し、人々の心に感動と共感を呼び覚ますでしょう。,内なる情熱と深い感受性から、独創的なアイデアを生み出し、魅力的に表現できる才能があります。,恋愛に執着しすぎると、嫉妬や相手への支配幻想を抱きがちです。信頼を深め、自分の時間も大切にすると心が落ち着きます。,自己表現に深い情熱と幻想的な魅力が混ざり、忘れがたい強い印象を残す人として受け取られやすいです。,情熱的で深みのある創造性を活かし、一点集中で取り組む分野で、圧倒的な才能を発揮するでしょう。,他者の評価に一喜一憂せず、魂が震える表現を追求することで、時代を超えて人の心に響く作品を生み出せます。,命がけの情熱を創作や恋愛にぶつけ、深淵を覗くような表現に恍惚とした喜びを感じる配置。,あなたは内なる深い情熱から、理想の創造性を自由に表現し、人々の心に感動と共感を呼び覚まします。創作や恋愛において魂レベルの融合やタブーへの没入を追求し、圧倒的な熱量を持つ芸術的な表現を通じて、感情の極北で自己の境界を超越する体験を得るでしょう。
Neptune,Scorpio,6,日々の業務に深い洞察をもたらし、理想と共感で健康を育む,日々の仕事や習慣に深い洞察をもたらし、理想と共感を大切にしながら、より良い変化を生み出すでしょう。,日々の業務に深い洞察をもたらし、人々に共感しながら、理想を追求して改善していく力が強みです。,仕事への執着が強まると、頑張りすぎて疲労が溜まりやすい傾向があります。適度な休憩と気分転換を意識して、心身を労わると良いでしょう。,表には控えめでも、相手の心を深く感じ取り、静かに寄り添い支える信頼される存在となるでしょう。,見えにくい問題にも感覚的に気づき、日々の業務で深い洞察力を発揮しやすいでしょう。,完璧を求めすぎず、自分や周囲に適度なゆとりを持つことで、安定したパフォーマンスを継続できます。,組織の闇や根本問題を解決することに献身し、極限の現場を再生させる役割に魅了される配置。,あなたは日々の仕事や習慣に深い洞察をもたらし、理想と共感を大切にしながら、より良い変化を生み出すことを目指します。職場環境の心理的な側面や他者の苦しみに深く共感し、献身的に癒やしと再生の役割を担うことで、心身の奥底にある調和を取り戻すでしょう。
Neptune,Scorpio,7,パートナーシップで深い共感を育み、理想の関係を築く,相手と魂のレベルで深く共感し、理想のパートナーシップや対等な人間関係を築くことを大切にします。,パートナーの深い感情を洞察し、揺るぎない信頼と共感で理想の関係を築く包容力があります。,人間関係において執着が強まると、嫉妬や相手を支配したい気持ちになりがちです。信頼を深め、お互いを尊重する関係を心がけると良いでしょう。,一対一の関係では相手と深い共鳴を感じ、運命的な濃い絆を求める傾向があるでしょう。,深い洞察力と真実を求める姿勢を活かし、厚い信頼が必要なパートナーシップで成功します。,相手をコントロールせず、一人の自立した個人として尊重することで、お互いを高め合える関係を構築できます。,運命的な深い絆をパートナーに求め、相手との一体化を通じてのみ得られる恍惚を追い求める配置。,あなたはパートナーシップにおいて、相手の心理的な深層や秘密まで共有し、魂のレベルで深く共感する理想の関係を築くことを大切にします。運命的な絆を通じて、自己の存在が相手と一体となるような変容のプロセスを経験し、深い癒やしと再生を見出すでしょう。
Neptune,Scorpio,8,変化を恐れず、深い共感と共に理想の自己変革を成し遂げる,人と深く共有することで、変化を恐れずに自己変革を促し、理想的な魂の結びつきを求めるタイプです。,変化を恐れず、深い洞察力と感受性で自己を再生し、精神的な強さへと変える力に優れています。,人との深い関係で極端な思考に陥ったり、相手を支配したい幻想を抱きがちです。心の奥底にある感情を穏やかに見つめる練習が大切です。,深い関係では相手との心の境界が溶け合うほどの一体感を求め、強い共感を育みやすいでしょう。,組織の深部を理解し再生させる力を活かし、変革を伴う実務で大きな成功を収めるでしょう。,他者と深いレベルでリソース共有を恐れず信頼を深めることで、個人の力を超える大きな変容を社会にもたらします。,共有される秘密やエネルギーに深く溺れ、死と再生を繰り返すような体験に魂の救いを見る配置。,人と深く共有する体験を通じて、あなたは変化を恐れずに理想の自己変革を成し遂げ、魂の結びつきを求めます。共有財産や深い親密さの中で、他者のリソースと完全に融合しようとすることで、魂の変容を伴う巨大なエネルギーを享受し、新たな自分へと再生するでしょう。
Neptune,Scorpio,9,哲学的な探求を深め、理想の世界観と共感を広げる,哲学的な探求を深め、理想の世界観を追求しながら、人々と普遍的な共感を分かち合おうとします。,真理を探求する深い哲学的な思考で、自身の信念と理想を育み、共感を広げる探究心があります。,特定の思想や信念に執着しすぎると、視野が狭くなりがちです。様々な情報を取り入れ、柔軟な視点を持つことを心がけると良いでしょう。,深い感覚で思想や信念を語り、神秘的な世界観を持つ探求心旺盛な人として見られやすいでしょう。,真理を追究する強い探求心で、深い信念を持って活動し、理想の世界観を広げられます。,知識を深めるだけでなく、現実社会に役立つ形へ変換することで、広い視野が人生を導く力強い知恵へと進化します。,生と死、宇宙の神秘を究極の真理として探求し、精神の深掘りの中に覚醒を夢見る配置。,あなたは思想や宗教、あるいは極限状態の学びにおいて、既存の知性を超える深遠な真理を探求し、理想の世界観を広げようとします。神秘主義的な体験を真理の基準とし、精神的な旅を通じて魂の死と再生を体現することで、人々と普遍的な共感を分かち合うでしょう。
Neptune,Scorpio,10,社会的使命に深くコミットし、理想を掲げ共感を呼ぶ,社会的使命に深くコミットし、理想を掲げて人々に共感を呼び、大きな影響を与えるリーダーとなるでしょう。,社会の深層を洞察する力と影響力で、人々の共感を呼び、理想を掲げて導いていける魅力があります。,社会での地位や評価に執着しすぎると、支配的になりがちです。他人を尊重し、本来の目標を達成することに集中すると良いでしょう。,社会的な場では静かな迫力と深い吸引力がにじみ、強く印象に残る存在として周囲に映りやすいです。,深い感受性や神秘的な魅力が評価され、重要な立場で人々の共感を呼ぶでしょう。,権力に固執せず、自身の内なる誠実さを貫くことで、周囲から心から畏敬される指導者となれるでしょう。,圧倒的なカリスマ性で社会のタブーを扱い、劇的な変容を成し遂げる支配的な地位を夢見る配置。,あなたは社会的使命に深くコミットし、理想を掲げて人々に共感を呼び起こし、大きな影響を与えるリーダーとなるでしょう。組織の核心部分の管理や再生に携わり、心理的な影響力を駆使することで、カリスマ的かつミステリアスな存在感を放ちながら、時代を動かす象徴的な力を発揮します。
Neptune,Scorpio,11,仲間との深い繋がりの中で、理想の未来を共感と共に創造する,理想の未来を仲間と深く共有し、共感を大切にしながら、強い絆で結ばれたコミュニティを創造するでしょう。,仲間との深い信頼と結束を大切にし、共感をもって理想の未来を共に創造する力が強みです。,仲間や集団への執着が強まると、閉鎖的になったり支配的になりがちです。広い心で多くの人と繋がる意識を大切にしましょう。,仲間との絆に深さを求め、グループの感情的な核となり、強い共感でつながりやすいでしょう。,深い共感と強い連帯感を活かし、志を共にする仲間と共に、理想の未来を創造するでしょう。,既存の枠組みを壊すことを恐れず仲間と変容することで、理想とする社会をより確実に形にできます。,強い信念を共有する同志と深く結束し、社会を根底から変えるための変革に夢を託す配置。,あなたは理想の未来を仲間と深く共有し、共感を大切にしながら、強い絆で結ばれたコミュニティを創造します。志を共にする同志と魂のレベルで連帯することで、社会を根底から変容させるようなダイナミックな理想を掲げ、その実現に向けて秘密裏に、しかし着実に力を尽くすでしょう。
Neptune,Scorpio,12,精神世界を深く探求し、理想の共感と癒やしを見出す,精神世界を深く探求することで、無意識の境界を越え、理想の共感と癒やしを見出すことを大切にします。,精神世界を深く洞察し、内的な再生を通じて、神秘的な共感と癒しを見出す感受性があります。,自分の内面世界に執着しすぎると、秘密主義になり孤立しがちです。心を開き、信頼できる人に気持ちを打ち明けることで、癒しへと繋がります。,表には出にくいですが、内面の深い感受性と洞察が静かな迫力となり、周囲に共感を呼びやすいです。,豊かな想像力と精神的な本質を見抜く力で、芸術や癒やしの分野で共感を広げ活躍できます。,内面の深い感情を恐れず言語化することで、精神的な混乱を避けクリアな直感を現実で活かせます。,潜在意識に潜む強大な情念を一人の時間で変容させ、目に見えない次元で深い癒やしを完遂する配置。,あなたは精神世界を深く探求することで、無意識の境界を越え、理想の共感と癒やしを見出すことを大切にします。内なる覚醒を通じて強烈な破壊衝動や執着を癒やし、強大な精神的パワーを獲得することで、人知れず他者の魂の浄化を行い、目に見えない次元で強力な影響力を行使する能力を秘めているでしょう。
Neptune,Sagittarius,1,広い視野で自分を探求し、理想の自己を共感と共に確立する,広い視野で自分自身を探求し、理想の自己像を表現することで、人々に共感を呼ぶでしょう。,広い視野と自由な探求心で、理想の自分を表現し、人々に共感を広げられる魅力があります。,楽観的になりすぎると、理想が肥大して独りよがりになりがちです。現実的な視点を持ち、地に足の着いた目標設定を心がけると良いでしょう。,のびやかな雰囲気の中に理想や夢がにじみ、自由な感性で共感を呼ぶ人として見られやすいでしょう。,高い向上心と自由な発想力を活かし、広い視野が求められる分野で、理想の自己を確立できるでしょう。,楽観的な展望を持ちつつ、現実的な詳細に目を向けることで、推進力がより確実な成果へと結びつきます。,無限の自由と楽観的な精神が個性に宿り、未知の世界へ飛び出す冒険家のような魅力を持つ配置。,あなたは広大な視野と楽観的な理想主義を持ち、既存の教義に囚われない自由な個性を形成します。自己を真理を求める旅人として定義し、精神的な放浪を通じて周囲に未知の可能性を提示することで、理想の自己像を確立し人々に共感を呼ぶでしょう。
Neptune,Sagittarius,2,探求心で自分の才能を広げ、理想的な価値観と豊かさを手に入れる,探求心で自分の才能を広げ、理想的な価値観と豊かさを手に入れることを大切にするタイプです。,探求心と豊かな感性で自身の価値観を広げ、理想の豊かさを冒険的に手に入れる才能があります。,理想を追い求めすぎて、金銭感覚が甘くなりがちです。衝動的な買い物は控え、本当に価値あるものか一度立ち止まって考えると安心です。,自分の価値観を理想や精神性と結びつけ、おおらかで探求心のある人という印象を与えやすいでしょう。,広い視野と探求心で知的好奇心を収益に変え、理想的な価値観と豊かさを手に入れられます。,手元の資源を守るだけでなく、新しい可能性に投資することで、経済的安定と精神的自由を同時に得られます。,精神的な自由を得るための富を理想とし、広い視点での大胆な成功を夢見る配置。,あなたは探求心を通じて自身の才能を広げ、理想的な価値観と豊かさを手に入れることを大切にします。経済活動においては、学問や海外、思想的なプロジェクトを支援するために、実体のない資源を直感的に動かし、金銭的安定よりも理想の実現を優先する流動的な財政感覚を発揮するでしょう。
Neptune,Sagittarius,3,真理を探求し、感動を呼ぶ学びや発信で人々と共感し合う,真理を探求し、感動を呼ぶような学びや発信を通して、多くの人々と深く共感し合うでしょう。,広い視野と想像力豊かな知性で、真理を探求し、感動を呼ぶ発信で共感を広げられる長所があります。,楽観的になりすぎると、発言が誇張されたり、思考が浅くなりがちです。言葉を発する前に一拍置くことを意識すると良いでしょう。,言葉に理想や豊かな想像力が混ざり、話すことで相手の世界を広げる魅力的な存在として好まれやすいです。,高い知的好奇心と明快な伝達力で、感動を呼ぶ学びや発信を通じて共感を広げるでしょう。,情報の深さを追求しつつ、聞き手に合わせた表現を心がけることで、説得力が多くの人に届く知恵へと変わります。,壮大な理想や哲学を語り、周囲の視野を広げるための発信に情熱を燃やす配置。,あなたは真理を探求し、感動を呼ぶような学びや発信を通して、多くの人々と深く共感し合うことを目指します。コミュニケーションでは抽象的な哲学や未来のビジョンを語り、論理的な細部よりも全体の意味や理想を重視することで、国境や人種を超えた広範な発信を行う才能を発揮するでしょう。
Neptune,Sagittarius,4,精神的な探求を通じて、理想の心のよりどころを築き共感を広げる,精神的な探求を通じて、人との共感を広げながら、理想の心のよりどころを築くことを大切にします。,精神的な探求を通じて理想の心のよりどころを築き、共感を広げながら安心感を育む力に優れています。,自分の理想や思想を優先しすぎて、家庭を軽視しがちです。身近な人との対話を大切にし、心の基盤をしっかりと築くことを心がけましょう。,親しい相手にも開放的でやさしく接し、精神的な広がりを持つ窮屈さのない関係を築きやすいでしょう。,自由な精神で探求を深め、理想の心のよりどころを築く活動で人々の共感を広げられます。,家庭に静寂と秩序を保つ工夫をすることで、外に向かう好奇心と内面の安らぎがバランスよく両立します。,家庭を精神の自由な拠点と捉え、常に新しい刺激や理想を持ち込む居場所を好む配置。,あなたは家庭生活において精神的な自由を最優先し、場所や血縁に縛られない理想の故郷を追い求めます。住環境を哲学的な探求の場と見なし、常に未知の刺激や旅の気配が漂う開放的な居場所を構築することで、人との共感を広げながら理想の心のよりどころを築くでしょう。
Neptune,Sagittarius,5,自由な発想を探求し、夢を形にする創造性で人々に感動を与える,自由な発想を探求し、夢を形にする創造性で人々に感動を与え、喜びを共有していくでしょう。,自由な発想と冒険心で理想の創造性を表現し、情熱をもって人々に感動を与える魅力があります。,恋愛や創造性において理想を追い求めすぎて、現実から離れてしまいがちです。地に足の着いた楽しみを見つけることで、心が満たされやすくなります。,自己表現に夢とロマンが大きく乗り、明るく感動的な魅力で周囲に印象を残す人となるでしょう。,溢れる創造性と冒険心を活かし、自由な発想で夢を形にする分野で才能が爆発するでしょう。,楽しみを自己満足で終わらせず他者と分かち合う喜びを意識することで、一時の情熱が価値ある実績へと昇華されます。,未知への挑戦を至上の遊びとし、自らの理想をダイナミックな行動で表現することに酔いしれる配置。,あなたは自由な発想を探求し、夢を形にする創造性で人々に感動を与え、喜びを共有していくでしょう。創作やレジャーでは壮大なテーマや異文化の美を取り入れ、精神的な高揚感を伴う自己表現を楽しむ一方で、恋愛においても互いの自由を尊重する高次の理想を追求します。
Neptune,Sagittarius,6,理想を追い求める探求心で、日々の仕事に意味と奉仕の心を見出す,理想を追い求める探求心で、日々の仕事に深い意味と奉仕の心を見出し、人々に貢献するでしょう。,理想を追い求める探求心で、日々の仕事に深い意味と奉仕の心を見出し、成長できる学習力が強みです。,理想を追い求めすぎると、仕事が飽和し継続が難しくなりがちです。現実的な目標設定と計画を大切にすると安心です。,日常や仕事にも理想を追求し、前向きで心やさしい人として周囲に温かく見られやすいでしょう。,理想を追い求める探求心で、日々の仕事に意味を見出し、現場を広げる力を発揮しやすいでしょう。,細かな作業にも高い目的意識を持つことで飽きを克服し、安定したパフォーマンスを継続できます。,高い目的意識を持って現場を改革し、仕事を通じて未来への希望を形にすることを理想とする配置。,あなたは理想を追い求める探求心で、日々の仕事に深い意味と奉仕の心を見出し、人々に貢献するでしょう。専門的な知恵や高い倫理観を要する業務に没頭し、現場に理想主義をもたらすことで、自由な裁量権を持つ環境で癒やしと導きの力を存分に発揮します。
Neptune,Sagittarius,7,広い視野で真実を探求し、理想のパートナーシップを築き共感し合う,広い視野で真実を探求し、理想のパートナーシップを築き、互いに深く共感し合うことを大切にします。,広い視野で真実を探求し、理想のパートナーシップを築き、深い共感で人々と結びつく力があります。,自分の理想や信念を相手に押し付け、人間関係を軽視しがちです。相手の意見にも耳を傾けることで、調和のとれた関係を築きやすくなります。,一対一の関係では自由さと精神的な共鳴を大切にし、開放的で共感し合える相手として映るでしょう。,オープンな社交性と精神的な交渉力で、理想のパートナーシップを築き、互いを高め合うでしょう。,相手の自由を尊重しつつ、自分の意志を誠実に伝えることで、お互いを高め合える持続可能な関係が構築できます。,互いの自由を高め合える関係に夢を見、共に真理を追う旅をするようなパートナーを望む配置。,あなたは広い視野で真実を探求し、互いに深く共感し合える理想のパートナーシップを築くことを大切にします。自分を高い次元へ導いてくれる師のような存在や、異文化を持つ相手に惹かれ、共に高次の理想を追求することで精神的な絆を深めていくでしょう。
Neptune,Sagittarius,8,深い探求を通じて自己変容を促し、理想の共有で魂の絆を結ぶ,深い探求を通じて自己変容を促し、理想の共有を通して人々と魂の絆を結ぶことを大切にします。,深い探求を通じて自己変容を促し、理想を共有することで、魂の絆を結ぶ洞察力に優れています。,人との深い関係で理想に逃避し、特定の思想に執着しがちです。現実的な視点を持ち、お互いを尊重する気持ちを大切にすると良いでしょう。,深い関係でも重くなりすぎず、理想や真実を共有することで魂の絆を育むことを求めるでしょう。,物事の本質を見抜く探求心で、自己変容を促し、理想を共有する深い絆を築き大成します。,他者と深いレベルで知恵を共有する誠実さを養うことで、個人の力を超える大きな変容を社会にもたらします。,信念を共にする絆を通じて精神を拡張し、哲学的な変容を伴う恩恵に魅了される配置。,あなたは深い探求を通じて自己変容を促し、理想の共有を通して人々と魂の絆を結ぶことを大切にします。共有財産や深い絆において、精神的な高揚と共通の信念をベースにした資源管理を行うことで、他者からの予期せぬ恩恵や知恵の継承を経験し、意識の拡大を遂げるでしょう。
Neptune,Sagittarius,9,終わりなき探求の旅で、普遍的な真理と理想を追い求め人々と共感する,終わりなき探求の旅で、普遍的な真理と理想を追い求め、人々と感動的な共感を分かち合うでしょう。,終わりなき探求の旅で、哲学的な感性と信念に基づき、普遍的な真理と理想を追い求める力が強みです。,楽観的になりすぎると、思想が誇張され視野が拡散し、現実を軽視しがちです。地に足の着いた学びを意識すると良いでしょう。,理想や真理をのびのびと語り、精神性の高い価値観を持つ探求者として周囲に共感を広げやすいです。,高い理想と冒険心を武器に、普遍的な真理を探求し、多くの人に夢を与え発展するでしょう。,知識を集めるだけでなく信念を行動に移すことで、広い視野が社会を導く力強い知恵へと進化します。,普遍的な真理の探求に生涯を捧げ、高度な学びを通じて魂を解放することを究極の理想とする配置。,あなたは終わりなき探求の旅で、特定の教条に囚われず、全宇宙的な真理を直感的に追い求めます。精神的な旅を通じて既存の意識を溶解させ、人類を導くための新たな理想を構築することで、人々と感動的な共感を分かち合っていくでしょう。
Neptune,Sagittarius,10,広い視野で理想を追い求め、社会に貢献する生き方で共感を呼ぶ,広い視野で理想を追い求め、社会に貢献する生き方を通して、多くの人々の共感を呼び起こすでしょう。,広い視野で理想を追求し、社会に貢献する生き方を通じて、多くの人々の共感を呼ぶ影響力があります。,社会で理想を追い求めすぎて、独りよがりになったり、評価を誇張しがちです。謙虚な姿勢と現実的な目標を大切にすると良いでしょう。,社会的な場では理想主義的な印象がにじみ、夢や希望を語り、人々に共感を呼ぶ存在として映りやすいでしょう。,理念やビジョンの強さが評価され、社会に貢献する生き方で大きな影響力を持つでしょう。,名声に執着せず、自身の内なる真理に従って行動することで、周囲から尊敬される指導者となれるでしょう。,広いビジョンを持って社会を先導し、理想を体現する良心的な権威として活躍することを夢見る配置。,あなたは広い視野で理想を追い求め、社会に貢献する生き方を通して、多くの人々の共感を呼び起こすでしょう。教育や宗教、学術、あるいは海外に関わる分野で象徴的な導き手として成功を収め、その理想主義的な姿勢で大衆に未来への希望を示すことで名声を確立します。
Neptune,Sagittarius,11,理想を共有できる仲間と共に、未来を探求し感動を分かち合う,理想を共有できる仲間と共に、未来を探求し、感動を分かち合うようなコミュニティを築くタイプです。,理想を共有できる仲間と共に、未来を探求し、感動を分かち合いながら皆を鼓舞できる力が強みです。,仲間との未来の計画で、理想が先行しすぎて計画が甘くなりがちです。現実的な視点を持ち、具体的な計画を立てることを心がけると良いでしょう。,仲間とは希望や理想を共有し、グループに明るい未来への空気をもたらす存在として慕われやすいです。,自由な精神で理想を共有する仲間と共に、未来を探求し、大きな感動を分かち合えるでしょう。,個人の自由を大切にしつつ共通の目的に協力することで、独自のビジョンが多くの仲間に支持されます。,世界中の仲間と博愛的な未来を語り合い、自由なネットワークの中に希望を見る配置。,あなたは理想を共有できる仲間と共に、未来を探求し、感動を分かち合うようなコミュニティを築くでしょう。世界中の個性的な人々と繋がり、博愛的な理想を現実化するためのダイナミックなネットワークの中で、集団のビジョンに没入することで自己を大きく拡大させていきます。
Neptune,Sagittarius,12,内なる真理を探求し、理想の精神世界を築き共感を深める,内なる真理を探求し、理想の精神世界を築くことを通して、人々と深い共感を分かち合い癒やしを広げます。,広い視野と豊かな想像力で、内なる真理を探究し、人々に癒しと共感をもたらす力に優れています。,現実逃避をして理想の世界に浸りすぎると、妄想が広がり孤立しがちです。現実と向き合い、地に足の着いた癒しを見つけると心が落ち着きます。,表には出にくいですが、内面に大きな理想を抱き、静かに精神的な広がりを持つ人として映りやすいでしょう。,豊かな想像力と精神的な探求心で、芸術や癒やしの分野で大きく活躍できるでしょう。,孤独を恐れず静かに内面を整えることで、宇宙からのひらめきを現実で活かす知恵が湧いてくるでしょう。,宇宙の真理や自由への憧れを一人の時間で深め、内なる旅を通じて精神の悟りを目指す配置。,無意識の深淵において、あなたは不自由への潜在的な恐れを乗り越え、内なる広大な宇宙を発見する旅を重視します。この精神的な探求は、孤独な時間の中で無限の自由とつながり、魂の安らぎを見出すでしょう。
Neptune,Capricorn,1,目標達成を通じて、理想の自分を現実化し共感を呼ぶ存在となる,理想の自分像を明確にし、誠実に努力することで周りに深く共感される性質です。,責任感と直感力で理想の自分を着実に形にし、現実的な自己表現で周りの共感を呼ぶことができます。,理想を追い求めるあまり、自分を厳しく評価しすぎてしまうことがあります。時には自分を認め、労ることで心の余裕が生まれるでしょう。,落ち着いた印象の中にやわらかさがにじみ、堅実ながらもミステリアスな魅力として映りやすいでしょう。,強靭な精神力と責任感で、理想を現実にする力を発揮し、伝統的な重職で活躍します。,自身の厳しさを他者に強要せず柔軟に話し合うことで、あなたの統率力は多くの人から信頼される指導力に変わるでしょう。,強い責任感と規律ある自己制御をベースにし、社会的な成功を理想の形として体現する配置。,あなたは伝統的な規律や社会的野心を追求しながらも、その根底には深い理想と自己犠牲の精神を秘めています。表向きは堅実に見えますが、内面では社会全体のシステムをより良い形へと静かに変革しようと働きかけるでしょう。
Neptune,Capricorn,2,理想を掲げ着実に目標達成し、価値あるものや豊かさを築き上げる,高い理想を掲げ、着実な努力で豊かさを築き、揺るぎない自己価値を確立するタイプです。,堅実な感性と実利的な直感で、理想の豊かさを着実に築き上げる才能に恵まれています。,お金や持ち物に対して不安を感じ、守ろうとしすぎると停滞しがちです。心の豊かさに目を向けることで、安心感が得られます。,理想と現実の両方で価値観を大切にするため、静かな芯のある誠実な人という印象を与えやすいです。,着実な経済感覚と忍耐力で、堅実な資産形成や価値ある実務において基盤を築くでしょう。,手元の資源を守るだけでなく次世代への投資も考えることで、物質的な安定と社会への貢献を両立できます。,伝統的な価値や着実な管理能力を富の基盤とし、社会的に認められる堅実な繁栄を夢見る配置。,あなたは経済活動において実利的な管理能力を発揮しながらも、得た富を社会全体の救済や理想の実現に捧げることを本質的な目的とします。物質的な安定への深い執着は、高次の精神的な使命感と結びつき、公的な資金や社会的な仕組みを動かす力となるでしょう。
Neptune,Capricorn,3,現実的な学びで目標達成し、理想のメッセージを伝え共感を広げる,現実的な学びを深め、理想を伝える言葉で多くの人々の共感を呼び起こすことを大切にします。,現実的な知性と計画性で思考を深め、心に響く言葉で人々に共感を広める説得力が強みです。,物事を悲観的に考えたり、思考が硬直して批判的になりやすい傾向があります。柔軟な視点を持つことで、新たな発見があるでしょう。,現実感と豊かな感性が言葉に宿り、落ち着いていながらも心に残る話し方として受け入れられやすいでしょう。,論理的で正確な伝達力を活かし、教育や情報の整理で高い信頼を得て発展するでしょう。,正論だけでなく相手の感情に配慮して伝えることで、あなたの説得力は温かさを増し、協力体制が整うでしょう。,正確で重みのある言葉を使い、日常の情報を秩序立てて処理することに理想を見る配置。,コミュニケーションでは論理的整合性を重んじつつ、抽象的な理想や社会的なビジョンを現実の行動へと具体的に落とし込みます。既存の組織に潜む矛盾を鋭く察知し、事務的な伝達や着実な行動を通じて静かに、しかし確実に秩序を刷新していくでしょう。
Neptune,Capricorn,4,理想の家庭や安心できる基盤を、着実な努力で築き共感を育む,理想の家庭像を描き、着実に努力して安心できる基盤を築き、家族の心の繋がりを深めます。,責任感と共感で、安心できる家庭や居場所を丁寧に築き、人々を守り育むことができます。,家庭内で自分の考えに固執し、感情を抑圧しがちです。心を開いて、家族の意見に耳を傾けることで、温かい関係を築けます。,親しい人には責任感と深い優しさを静かに示し、相手に安心感を与える関係を築きやすいでしょう。,規律ある家庭環境を築き、伝統や生活基盤を支える実務で安定した活躍が期待できます。,家庭に安らぎと笑顔を保つ工夫をすることで、責任感と内なる安らぎが両立し、心の拠り所となるでしょう。,伝統を守り抜く盤石な家庭環境を宝物とし、家系の繁栄と秩序を居場所の安らぎとする配置。,あなたは家庭やルーツに対し、揺るぎない安定と伝統的な形式を強く求める傾向があります。時に現実の家族の不完全さを受け入れがたいこともありますが、居住空間を社会的な責任やプライドの象徴とすることで、規律ある安心感を築き上げます。
Neptune,Capricorn,5,理想の夢を現実的に創造し、形にする喜びで人々の共感を得る,夢や理想を現実的な形で表現し、その喜びを通して多くの人々と感動を分かち合うタイプです。,節度ある表現と計画性で、豊かな創造性を着実に形にし、長く愛される魅力を持つことができます。,恋愛や創造において感情を抑え込み、打算的になりやすいかもしれません。素直な気持ちを表現することで、喜びが深まります。,自己表現は節度がありながらも幻想的な魅力がにじみ、控えめでも印象に残る人として映りやすいでしょう。,職人気質のこだわりと卓越した技巧で、伝統芸能や建築分野で才能を開花させるでしょう。,楽しみを仕事とせず純粋にリラックスする時間を設けることで、自己肯定感が育まれ創造性がさらに輝きを増すでしょう。,結果を出すことに執念を燃やす趣味を極め、社会的に評価される完成度の中に喜びを見出す配置。,創作や娯楽において、あなたは古典的な美や職人的な技術を理想とし、精緻な形式美の中に深く没頭する喜びを見出します。恋愛では相手の社会的責任やステータスに理想を重ねやすく、遊びにおいても計画的で品格ある陶酔を求めるでしょう。
Neptune,Capricorn,6,理想を掲げて着実に実務をこなし、奉仕の精神で共感を呼ぶ,理想を心に秘め、日々の仕事や奉仕に誠実に取り組み、周囲から深い共感を呼ぶでしょう。,責任感と管理能力を活かし、実務を通じて人々に奉仕することで、深い共感を生み出せます。,完璧を求めすぎて自分を追い込み、過労や自己犠牲に陥りがちです。時には肩の力を抜き、休息をとることを意識すると良いでしょう。,仕事や日常の中で理想を静かに実現していくため、誠実で感じの良い人として周囲に認められやすいでしょう。,曖昧な状況でも着実に業務を支え、奉仕の精神で理想的な実務能力を発揮しやすいでしょう。,自分や周囲に完璧を求めすぎず心に余裕を持つことで、安定した高いパフォーマンスと良好な関係を両立できます。,完璧な実務と組織への貢献を理想とし、現場に絶対的な信頼と秩序をもたらすことに献身する配置。,あなたは仕事の現場で高度な管理業務や奉仕的な実務を黙々と遂行し、職務の完璧さの中に自己の深い救済を見出すでしょう。しかし、過剰な責任感から心身を酷使しやすく、職場の非合理な圧力による見えにくいストレスを抱え込みやすい傾向もありますのでご自愛ください。
Neptune,Capricorn,7,理想の人間関係やパートナーシップを、信頼と努力で築き共感する,理想のパートナーシップを追求し、信頼と努力によって深く共感し合える関係を築くでしょう。,責任感と愛情を込めて、堅実な努力で信頼関係を築き、人々と深く共鳴できるのが強みです。,人間関係で相手を支配したり、感情を抑圧しがちです。相手の気持ちを尊重し、素直な心で接することで、より良い関係が築けます。,一対一の関係では責任と深い共感を大切にし、相手からは落ち着いた信頼できる人として映りやすいでしょう。,誠実な対人態度と交渉力で、理想的なパートナーシップを築き、長期的な提携で発展します。,相手をコントロールせず自立した個人として尊重することで、お互いを高め合える持続可能な関係を築けるでしょう。,社会的信頼に基づいた誠実な関係を求め、共に責任を背負える強固な絆に理想を見る配置。,対人関係においては、社会的信頼や地位を持つ相手に理想を重ね、契約に基づいた安定の中に精神的な平穏を求めます。時に相手の義務や重荷を自ら背負うこともありますが、それを通じて実利を伴う強固で深いパートナーシップを築き上げるでしょう。
Neptune,Capricorn,8,深い変容を通じて理想を追求し、魂の繋がりや共感を達成する,深い変容を恐れず理想を追求し、魂の結びつきや共感を通じて、新たな価値を生み出します。,深い洞察力と精神的な持久力で、変容を乗り越え、人々と魂の共感を育むことができます。,深い関係において権力や支配欲にとらわれ、考え方が極端になりやすい傾向があります。他者との真の共有を意識すると調和します。,深い関係では現実的な信頼を基盤に、感覚的なつながりを求め、静かな信頼関係を築きやすいでしょう。,組織の深部理解と再生能力で、資産管理や事業承継など困難な実務で真価を発揮し大成します。,猜疑心を抑え他者と誠実にリソースを共有することで、個人の力を超えた大きな社会的価値を成し遂げられるでしょう。,共有資産や伝統を厳格に管理することに惹かれ、責任ある継承の中に深い意味を見出す配置。,共有財産や遺産、組織の権利関係において、あなたは古いしがらみや不透明な契約を整理し、合理的な管理を目指します。他者の重い責任を継承することが少なくありませんが、それを果たすことで心理的な安定と深い充足感を得るでしょう。
Neptune,Capricorn,9,高い目標を達成し、普遍的な真理を探求することで理想を共有する,高い理想を掲げ、知的な探求を通じて普遍的な真理を探し、多くの人々と共感を分かち合います。,現実的な哲学と揺るぎない信念で、普遍的な真理を探究し、理想を共有できる強みがあります。,自分の考え方に固執し、視野が狭くなりがちです。新しい知識や異なる価値観にも目を向けることで、世界が広がります。,理想や思想を現実感を持って語るため、静かながらも芯のある説得力を持つ人として見られやすいでしょう。,実用的な哲学と長期的な視点で、学問研究や社会を支える教育活動で着実に発展するでしょう。,抽象的な概念を現実の成果に結びつけることで、広い視野が人生を導く力強い知恵となり、周囲の信頼も高まるでしょう。,社会の規律や古の知恵を世界の真理として学び、格式高い学びを通じて魂の品格を磨く配置。,思想や高度な学びにおいて、あなたは既存の歴史や伝統的な英知を理想化し、それが現実社会で機能する規範となるよう努めます。精神的な探求を公的な義務と捉え、ストイックな努力を通じて目に見えない真理を体系的に解き明かしていくでしょう。
Neptune,Capricorn,10,社会的な目標を達成し、理想の社会を築くことで共感を広げる,社会的な理想を掲げ、着実な努力で使命を全うし、多くの人々の心を動かす存在となるでしょう。,社会的な責任感と共感力で、理想の社会を着実に築き、周囲からの厚い信頼を得ることができます。,社会的な評価にこだわり、周囲に対して冷酷になったり、独りよがりになりやすい傾向があります。他者への配慮を心がけると良いでしょう。,社会的な場では堅実さの中に独特のやわらかな魅力がにじみ、印象深く人々の記憶に残る人となるでしょう。,見えない領域を扱う力が評価され、責任ある立場で理想を現実にする社会貢献を担うでしょう。,名声に執着せず内なる真理に従って行動することで、周囲から心から尊敬される指導者としての地位を築けるでしょう。,戦略的な野心を着実に形にし、組織の頂点で正当な権威を振るう成功を夢見る配置。,あなたはキャリアにおいて公的機関や伝統的な企業、あるいは管理職として成功を収め、社会の安定を守る理想的な権威を体現するでしょう。その厳格な社会的イメージの裏には、大衆を温かく包み込むような象徴的な保護力が秘められています。
Neptune,Capricorn,11,理想の未来を目指す仲間と、共に目標達成し感動を分かち合う,理想を共有できる仲間と共に、未来の目標達成を目指し、深い感動を分かち合うことを大切にします。,計画性と安定した協力関係で、仲間と共に理想の未来へ向かい、共感の輪を広げられます。,仲間との関係で自分の意見を押し付けたり、閉鎖的になりがちです。多様な意見を受け入れることで、豊かな未来が拓けるでしょう。,仲間の中では理想を現実に形にしようと努力し、静かにグループを支える頼れる存在として貢献するでしょう。,現実的なビジョンと責任感で、大規模な組織運営や社会変革においてリーダーシップを発揮します。,現状に満足せず未来の変化を仲間と共に受け入れることで、より普遍的で大きな目的を確実に達成できるようになります。,志の高い仲間と現実的な社会変革を語り、秩序ある未来を具体的に構築することに夢を託す配置。,あなたはネットワークを通じて社会的地位の高い人々や専門家集団と繋がり、長期的な社会改善を目指す保守的な理想を掲げます。友人関係を慎重に選び、共通の義務を共に果たすことで、未来の安定を確かなものにしていくでしょう。
Neptune,Capricorn,12,内面と向き合い理想を追求し、心の平和と深い共感を達成する,内なる理想と向き合い、心の奥深くで癒やしと解放を求めることで、深い共感を得るでしょう。,精神的な忍耐力と内面を深く見つめる力で、心の平和を築き、癒しと共感をもたらすことができます。,感情を抑圧し、孤立感や悲観的な思考に陥りやすい傾向があります。自分の内面と向き合い、心のケアを大切にしてくださいね。,表には出にくくても、内なる理想と責任感で静かに全体を支え、献身的な人として周囲に映りやすいでしょう。,静かな環境での自己探求と貢献を活かし、精神的な基盤整備や社会貢献で拡大を発揮します。,孤独を恐れず内省の時間を豊かに育むことで、潜在意識の知恵を現実で役立てる具体的な方法が湧いてくるでしょう。,内なる責任感を静かな場所で研ぎ澄まし、人知れず社会を支える精神的な支柱となることを夢見る配置。,あなたは無意識の深淵で社会的な抑圧や義務感を処理し、孤独な時間の中で精神的な秩序と、その奥にある自由を統合していきます。人知れず社会を支えるための深い思索を重ね、内面的な規律を保つことで心の安寧を確立するでしょう。
Neptune,Aquarius,1,革新的な視点で理想の自己を確立し、独自性で共感を呼び起こす,独自の理想を表現することで、多くの人々の心に響く新しい自分を形にしていくでしょう。,自由な発想と直感的なひらめきで、独創性あふれる自己表現を通じて共感を呼ぶことができます。,独自の考え方を主張しすぎて、周囲から孤立したり、極端になりやすい傾向があります。時には柔軟な姿勢を持つと良いでしょう。,やわらかな雰囲気の中に独自の自由さがにじみ、ミステリアスで魅力的な人として周囲に映りやすいでしょう。,独創的な思考力と客観性を活かし、最新技術や社会改革で独自の地位を築くでしょう。,論理性を保ちつつ他者の感情にも配慮することで、あなたの先見性は多くの人に受け入れられる力に変わるでしょう。,独創的な感性と自由な精神が個性に宿り、時代の先を行く先駆者として理想を生きる配置。,あなたは博愛主義と独創的な理想を個性の核とし、既存の枠に囚われない未来的な人間像を鮮やかに体現します。自己と社会の境界を友愛の精神で溶かし、誰もが平等であるという高潔な理想を周囲に示していくでしょう。
Neptune,Aquarius,2,革新的な才能を発揮し、未来に向けた普遍的な価値を創造する,革新的な視点から普遍的な価値を生み出し、理想を追求することで豊かな未来を築くでしょう。,独自の感性と革新的なアイデアで、未来に向けた新しい価値や豊かさを創造できる才能があります。,価値観が極端になり、収入面で不安を感じやすいかもしれません。柔軟な考え方で、多様な豊かさを受け入れると安心です。,理想や未来を大切にする独自の価値観を持ち、ユニークな感性を持つ人という印象を周囲に与えやすいです。,革新的な価値基準と合理性で、最新テクノロジーや独自のスキルを収益に変えられます。,物質的な安定だけでなく社会全体の利益も考えることで、経済的な成功と精神的な自由を同時に得られるでしょう。,革新的な方法や独自のネットワークを富の源泉とし、自由を確保するための豊かさを夢見る配置。,経済活動において、あなたは所有の概念を超越し、ネットワークや共有システムを通じて自由で流動的な資産運用を行います。富を個人のものではなく全体の循環と捉えることで、直感的に必要なリソースを引き寄せる不思議な力を持つでしょう。
Neptune,Aquarius,3,革新的な学びと発信で、理想の未来を語り人々の共感を呼ぶ,斬新な発想で未来の理想を語り、言葉や情報を通じて多くの人々の共感を呼び起こすタイプです。,斬新な発想と知性で未来へのビジョンを語り、人々の心に響く共感を広げることに優れています。,思考が極端になり、奇抜な発言で共感を得にくいことがあります。言葉を選ぶ際、相手の立場を考えることで、より伝わりやすくなります。,言葉や考え方に幻想性と独自性が混ざり、感性豊かな刺激を与える魅力的な人として見られやすいでしょう。,論理的な言葉選びと巧みな表現力で、SNSや情報整理・拡散において高い信頼を得るでしょう。,情報の美しさだけでなく相手の心に響く表現を追求することで、あなたの説得力が多くの人を動かす力になるでしょう。,常識を打ち破る斬新な情報を発信し、デジタル空間で知的なコミュニティを広げることに喜びを感じる配置。,コミュニケーションでは最新の通信手段を駆使し、国境や時間を超えた抽象的な情報の交換を深く好みます。あなたの思考は人類全体の進化やテクノロジーへと向かい、直感的なアイデアで既存の偏見や固定観念を優しく溶解させていくでしょう。
Neptune,Aquarius,4,未来を見据えた理想を掲げ、温かい家庭を築く,理想的な未来を見据え、個性を尊重し合う家庭を築き、心のつながりを大切にするタイプです。,自由な発想と共感力で、未来を見据えた新しい形の家庭や安心できる基盤を築くことができます。,家庭内で感情が希薄になり、孤立感を感じやすいかもしれません。意識的に家族とのコミュニケーションを深めることで、心が満たされます。,親しい人とも自由な距離感を保ち、お互いを尊重するやわらかく風通しのよい関係を築きやすいでしょう。,自由で論理的な家庭環境を築き、在宅ワークや交流の場として新しい生活基盤で発展します。,家族に理屈で接しすぎず情緒的な対話を大切にすることで、家庭の信頼が深まり揺るぎない安心感が生まれるでしょう。,自由で自律した個を尊重する家庭を理想とし、未来的で開放的な居場所に安らぎを見る配置。,家庭生活において、あなたは血縁を超えた同志との共同生活や、機能的で境界のない開かれた住環境を理想とします。家族との関係を論理的な友愛として定義し、居住空間を未来的な思想を育む拠点として活用するでしょう。
Neptune,Aquarius,5,独自の視点で創造性を発揮し、理想の未来を描き出す,独自の感性で理想の未来を描き出し、創造的な表現を通じて多くの人々と感動を分かち合います。,自由な発想と独自の表現力で、革新的な創造性を発揮し、周囲を魅了する力があります。,恋愛や創造において、感情表現が希薄になりがちです。自分の気持ちを素直に伝えることで、相手との絆が深まりやすくなります。,表現には独創性と夢が強くにじみ、型にはまらない個性的な魅力を持つ人として印象に残りやすいでしょう。,斬新なセンスと独創性で、デジタルアートなど自由な発想を形にする表現分野で才能を開花させます。,楽しみを比較や論理で判断せず、直感的な表現を追求することで、時代に左右されない実績を築けるでしょう。,最新技術や個性的な趣味を楽しみ、自らの独創性を客観的なアイデアで表現することに魅了される配置。,創作や娯楽において、あなたはデジタルアートやコミュニティ活動、最新テクノロジーを融合させた独創的な表現に深く没頭します。恋愛では束縛を嫌い、精神的な共鳴を何よりも重視する自由な関係性の中に理想の愛を見出すでしょう。
Neptune,Aquarius,6,革新的な視点で日々の仕事に取り組み、社会貢献を目指す,革新的な発想で日々の仕事や奉仕に取り組み、理想の社会貢献を目指すことを大切にします。,革新的な発想と鋭い分析力で、日々の実務を改善し、社会に貢献する奉仕の精神が強みです。,仕事や日常で協調性に欠け、不安定になりやすい傾向があります。周囲と協力する姿勢を意識すると、スムーズに物事が進みます。,日常や仕事にも理想や独自の感覚を大切にし、物事への見方が柔軟で魅力的な人として見られやすいでしょう。,革新的な感性と発想力で、既存のやり方を更新し日々の業務で成果を出しやすいでしょう。,自分を犠牲にせず適度な主張を心がけることで、安定した高いパフォーマンスと良好な関係を継続できるでしょう。,合理的なシステムと人道的な視点で現場を改革し、仕事の中に自由と平等を持ち込むことを夢見る配置。,仕事では非定型な業務や社会貢献度の高いプロジェクトに意欲的に従事し、現場の非合理な上下関係を排除しようとします。職場のデジタル環境や対人ネットワークに敏感で合理的な理想を追求しますが、時に現実との乖離に直面することもあるでしょう。
Neptune,Aquarius,7,革新的な発想で人々と深く共感し、理想の関係を築く,革新的な視点で人々と深く共感し、お互いを高め合える理想的なパートナーシップを築きます。,独立した精神と深い共感力で、人々と新たな友情を築き、理解と交流を広げることに優れています。,人との間に距離を置きすぎたり、感情表現が希薄になりがちです。心を開いて接することで、温かい人間関係を築けるでしょう。,一対一の関係では自由さと精神的な共感を重視し、風通しが良く尊重し合える相手として映りやすいでしょう。,公平な交渉力と進歩的な社交術を活かし、グローバルな提携や広報で大きく大成します。,相手に合わせすぎず対等な立場で話し合うことで、依存を排除した真の相互理解が構築できるでしょう。,自立した親友のような関係をパートナーに求め、依存のないクールで自由な絆を理想とする配置。,対人関係において、あなたは互いの独立性を尊重しつつ共通の理念で繋がる、境界のないネットワーク型のパートナーシップを求めます。相手を同志として理想化し、執着のない開かれた関係を通じて深い精神的な充足を得るでしょう。
Neptune,Aquarius,8,深い変容を恐れず、未来への理想を共有し共感を広げる,変化を恐れず理想を追求し、未来に向けた深い繋がりを通じて、新たな価値観を共有するでしょう。,革新的な洞察力と感性で、深い変容を乗り越え、人々と理想の未来を共有できる力が強みです。,極端な思想に囚われ、孤立感を深めやすいかもしれません。心の声に耳を傾け、穏やかな視点を持つことで、内面が安定します。,深い関係でも相手と適度な距離感を保ち、それぞれの個性を尊重しながらも心でつながろうとするでしょう。,物事の本質を見抜き新しいシステムを創る力で、資産管理や研究分野で大きく発展するでしょう。,猜疑心を抑え客観的なデータで判断することで、個人の力を超えた大きな変容を社会にもたらすことができるでしょう。,共有するシステムや理念を客観的にアップデートし、共通の目的を通じた革新的な融合を夢見る配置。,共有財産やデータベース、エネルギーの循環において、あなたは個人の所有を排した公平な資源管理を理想とします。予期せぬ情報の開示やネットワークを介した資源の流入を経験しながら、深い心理的な一体化を遂げていくでしょう。
Neptune,Aquarius,9,高い理想を掲げ、探求心を持って未来の真実を追求する,理想を掲げ、知的な探求を通じて未来の真実を追い求め、新たな視点を広げていくでしょう。,革新的な思想と探究心で、未来の真実を追求し、人々と高い理想を分かち合うことができます。,思想が極端になり、既存の価値観を否定しがちです。伝統や多様な考え方にも敬意を払うことで、より広い視野が得られます。,理想や思想を独自の感性で語り、未来を見据えた豊かな世界観を持つ人として周囲に映りやすいでしょう。,高い理想と客観的な探求心で、高等教育や先進的な思想を広める役割で大きく拡大します。,知識の整理だけでなく信念を現実行動に落とし込むことで、広い視野が人生を導く力強い知恵となるでしょう。,博愛主義や宇宙の法則を真理として探求し、人類の意識を更新するための思想に魅了される配置。,思想や高度な学びにおいて、あなたは宇宙の法則や人類の進化を抽象的な真理として深く探求します。特定の文化に囚われることなく情報の波を軽やかに乗りこなし、既存のドグマを打ち破る革新的な精神性を確立していくでしょう。
Neptune,Aquarius,10,革新的なビジョンで社会貢献し、理想的な未来を創造する,革新的なビジョンを掲げ、社会に貢献することで、理想的な未来を創造する使命を果たすでしょう。,革新的な企画力と影響力で、社会に貢献し、理想的な未来を築き上げることを得意としています。,権威に反発しやすく、社会的な評価で衝突を招きやすい傾向があります。周囲との調和を意識することで、スムーズに目標達成できます。,社会的な場では独特の理想主義がにじみ、現状に新しい風を吹き込む魅力的な人として映りやすいでしょう。,独自の理想や未来感覚が評価され、革新的なビジョンで新しい立場を築き社会貢献できるでしょう。,他人の評価に惑わされず自身の信念に従い誠実に語ることで、周囲から心から尊敬される指導者となれるでしょう。,革新的な活動を通じて社会的な役割を担い、ネットワーク型のリーダーシップで新しい成功を夢見る配置。,あなたはキャリアにおいてITや宇宙開発、あるいは社会起業家として成功を収め、社会を刷新する理想的な改革者としての地位を築きます。その未来的で象徴的な社会的イメージは、大衆が潜在的に描く未来像を鮮やかに具現化するでしょう。
Neptune,Aquarius,11,仲間と共に革新的な理想を追い、共感で未来を切り拓く,理想の未来を目指す仲間と手を取り合い、共感と連帯で新しいコミュニティを築くでしょう。,革新的な想像力と未来への共鳴力で、仲間と共に理想を追い、新しい道を切り拓けます。,理想を追い求めるあまり、集団の中で独走し、分裂を招きやすいかもしれません。仲間との協調を大切にすることで、理想が共有されます。,仲間と理想やビジョンを共有し、グループに新しい希望や夢をもたらすことができる存在として期待されるでしょう。,平和的な対人センスと広いネットワークで、コミュニティ運営や調和を目的とした活動で発展します。,個人の意見を大切にしつつ全体の調和を図ることで、独自のビジョンが多くの仲間に支持されるでしょう。,人類全体の進化を夢見る仲間と繋がり、理想の未来を共同体の中で描き出す配置。,あなたはネットワークにおいて国境や属性を完全に超えた広範な仲間と繋がり、理想の未来を実現するための博愛的な活動を主導します。友人関係を絶対的な価値と捉え、集団の壮大なビジョンに自己を捧げることで深い充足感を得るでしょう。
Neptune,Aquarius,12,内なる世界で革新的な理想を探し、深い共感で魂を満たす,内なる革新的な理想を探求し、心の奥深くで癒やしと解放を求めることで、魂を満たします。,自由な想像力と直感的な発想で、内なる精神を革新し、人々を癒し深い共感をもたらすことができます。,現実から離れ、孤立した思想に陥り混乱しやすい傾向があります。地に足をつけて現実と向き合うことで、心が安定します。,表には出にくくても、内なる理想と自由への感受性が高く、静かに独自の世界を大切にする人として映ります。,豊かな想像力と目に見えない情報整理の力で、カウンセリングや支援活動で実力を発揮するでしょう。,一人の時間を大切にし内面を整えることで、周囲の影響を受けずにクリアな直感を現実で活かせるでしょう。,人類の幸福への祈りや斬新な直感を一人の時間で深め、目に見えない次元の変革に夢を見る配置。,あなたは無意識の領域で集合無意識と深く繋がり、突然のインスピレーションを通じて宇宙の真理や人類の未来を察知します。潜在的な孤独感は全人類との一体感へと昇華され、内面で精神的な覚醒を完成させるでしょう。
Neptune,Pisces,1,無条件の愛と共感を体現し、理想の自分を生きる,無条件の愛と共感を体現し、ありのままの理想の自分として周囲に溶け込んでいくタイプです。,豊かな共感力と想像力で、人々の心を深く理解し、愛をもって自分を表現できるのが強みです。,自分と他者の境界が曖昧になり、感情が混乱しやすい傾向があります。自分の気持ちを大切にすることで、心の軸が定まります。,感受性の高さがそのままやわらかな雰囲気ににじみ、優しく神秘的な魅力を持つ人として見られやすいでしょう。,深い共感力と慈愛で、福祉や芸術、人の心に寄り添う職種で圧倒的な地位を築くでしょう。,境界線を保ちつつ感受性を信頼することで、周囲に振り回されず本来の癒やしの力を最大限に発揮できます。,無限の慈悲と柔らかな共感力が個性に溢れ、目に見えない愛の次元そのものを生きる配置。,あなたは極めて繊細な感受性と深い博愛精神を宿し、目に見えないエネルギーを体現するような神秘的な個性を形成します。自己と他者の境界が薄いため周囲のあらゆる影響を吸収し、人々を温かく包み込む掴みどころのない癒やしを与える存在となるでしょう。
Neptune,Pisces,2,共感力を活かして独自の価値を創造し、理想を実現する,深い共感力で独自の価値を生み出し、理想を追求することで心の豊かさを築いていくでしょう。,豊かな感性と包容力で、芸術的な価値を創造し、人々に心の豊かさをもたらすことができます。,価値判断が曖昧になり、浪費したり依存しがちです。一度立ち止まって、本当に必要なものか見極める習慣を持つと良いでしょう。,自分の価値観を感性や共感と深く結びつけ、周囲を優しく包み込むような温かい人という印象を与えやすいです。,優れた直感と芸術性で、癒やしや音楽を通して精神的な価値を収益に変え発展します。,物質的な成功だけでなく内面的な充足感を大切にすることで、経済的な安心感と心の平安を同時に手に入れられます。,目に見えない愛や徳を最大の価値とし、大いなる流れから必要な豊かさを引き寄せる才能を持つ配置。,経済活動において、あなたは物質的な富を水のように流動的なものと捉え、直感と献身に基づいた財政運営を行います。金銭への執着はほとんどありませんが、精神的な奉仕を通じて予期せぬ豊かさを享受する不思議な運を持つでしょう。
Neptune,Pisces,3,共感的な対話を通じて学びを深め、心に響く言葉を発信する,共感的な対話を通じて学びを深め、心に響く言葉で人々の心を癒やし、理想を伝えます。,豊かな感性と思考力で、人々と深く共感し、想像力あふれる言葉で心を伝えることに優れています。,思考が混乱し、曖昧な発言をしやすいかもしれません。情報を整理し、簡潔に伝えることを意識すると、誤解が減り安心です。,言葉には豊かな想像力と深い共感性が表れ、感覚的に通じ合える魅力的な相手として好まれやすいでしょう。,情緒的なコミュニケーション能力で、物語や教育など優しさが求められる現場で高い信頼を得るでしょう。,直感的なひらめきを論理的に整理して伝えることで、説得力が多くの人の心に深く届く知恵に変わるでしょう。,詩的で幻想的なメタファーを自在に操り、相手の心に癒やしと救いを与える対話を好む配置。,コミュニケーションでは言葉を介さないテレパシー的な共感や、詩的・映像的な直感による情報伝達を得意とします。あなたの思考は論理の枠を超えて広がり、夢や無意識の世界を優美に言語化するクリエイティブな才能を発揮するでしょう。
Neptune,Pisces,4,深い共感で家族を包み込み、理想的な安心の場を築く,無条件の愛で家族を包み込み、深く共感し合える理想の家庭や安心できる心の土台を築くでしょう。,深い共感と包容力で、家族や大切な人々に安心感を与え、心温まる癒しの基盤を築けます。,家庭内で感情が混乱したり、依存しがちです。自立心を育み、心の境界線を意識することで、より安定した関係を築けます。,親しい人には特に深い受容性を示し、相手に癒やしと安心を与えることができる温かい存在となるでしょう。,献身的で愛情深く、家族のケアや家を安らぎの空間にする実務で、あなたの真価を発揮します。,他者の感情を吸収しすぎないよう自分だけの静かな時間を確保することで、情緒的な安定と深い安らぎを維持できます。,霊的な安らぎに満ちた境界線のない家庭を理想とし、家族の無条件の愛にすべてを委ねる配置。,家庭生活において、あなたは形のない深い安らぎやスピリチュアルな絆を求め、居住空間を精神的なシェルターとして構築します。家族との境界が情緒的に溶け合い、目に見えないカルマの癒やしをテーマにした聖なる居場所を大切にするでしょう。
Neptune,Pisces,5,豊かな共感力で想像力を広げ、理想を形にする表現活動,豊かな共感力と想像力で理想の夢を形にし、芸術的な表現で多くの人々に感動を与えるタイプです。,豊かな共感力と想像力で、芸術的な表現を通じて人々を魅了し、ロマンあふれる世界を創り出します。,恋愛や創造において幻想を抱きやすく、感情が迷走しがちです。現実と理想のバランスをとることで、豊かな表現が生まれます。,自己表現には夢やロマンが強く乗り、繊細でありながらも印象深く心に残る魅力を持つ人として映るでしょう。,溢れる想像力と繊細な表現力で、音楽や映像など夢のあるクリエイティブ分野で活躍できます。,楽しみを自己満足で終わらせず形に残す努力をすることで、一時のインスピレーションが価値ある作品へ昇華されるでしょう。,夢や幻想の世界を創作の源泉とし、神秘的な悦びに浸る自己表現を無限に生み出す配置。,創作や娯楽において、あなたは現実の境界を完全に超えた夢想的でロマンチックな世界に深く没入するでしょう。恋愛では自己犠牲的な献身を究極の愛と理想化し、相手と魂のレベルで一体となるような陶酔感を求めます。
Neptune,Pisces,6,共感力を活かした奉仕活動で、理想的な社会に貢献する,深い共感力を活かし、奉仕の精神で日々の仕事に取り組み、理想的な社会貢献を目指します。,豊かな感受性で人々に共感し、日々の業務や活動を通じて献身的にサポートできる癒しの力があります。,自己犠牲に陥り、現実逃避しやすいため、疲労をためやすい傾向があります。自分の心と体を労る時間を大切にしましょう。,相手に寄り添いながら自然と助けることができるため、優しく献身的な人として周囲に慕われやすいでしょう。,共感と受容の心で、柔軟にチームや業務を支える縁の下の力持ちとして活躍するでしょう。,自分を後回しにせず周囲の期待に応えることで、安定したパフォーマンスと健康的な生活が両立し、能力がさらに輝き成長につながるでしょう。,献身的な奉仕とケアを人生の使命とし、日常の現場を愛と癒やしで浄化することに恍惚とする配置。,あなたは深い共感力と奉仕の精神をもって、医療や福祉、癒やしの現場で人々の苦しみを救うことに生きがいを感じるでしょう。時に周囲のエネルギーに敏感で心身が消耗することもありますが、その献身的な愛が社会全体に温かい光を届けます。
Neptune,Pisces,7,深い共感で人々と繋がり、魂が響き合う理想の関係を築く,誰とでも深い共感で心を通わせ、魂レベルで響き合うような理想のパートナーシップを築く性質です。,相手に深く共感し、包み込むような優しさで人との絆を育む、温かい癒しの交流が強みです。,人と深く共感しすぎて、関係の境界が曖昧になりやすいかもしれません。適切な距離感を意識すると、心穏やかに過ごせるでしょう。,一対一の関係では相手に深く共感し、包み込むような優しさで受け入れられやすいでしょう。,深い共感力と精神的な社交術を活かし、カウンセリングなど人との絆を深める仕事で発展しやすいでしょう。,相手の影響を受けすぎず自立心を養うことで、お互いに刺激を与え合える関係を築き、あなたの成長へとつながります。,パートナーと魂レベルで溶け合うことを究極の理想とし、境界線のない救済的な絆に身を委ねる配置。,あなたは対人関係において、無条件の愛と赦しで相手の全てを受け入れ、魂が深く響き合う理想的な絆を育むことを望むでしょう。時に境界線が曖昧になることもありますが、深い共鳴を通じて真の魂のパートナーシップを築き上げていきます。
Neptune,Pisces,8,深い共感力で変容を促し、理想的な絆を育む,深い共感力で相手の心を癒やし、理想的な深い絆や共有財産を育んで再生へと導くタイプです。,豊かな想像力と深い精神的な洞察力で、人々の変容を促すような共感と強い絆を育む力があります。,深い関係で境界が曖昧になり、感情が極端になったり執着しやすくなります。現実的な視点を持つことで、健全な関係を築けます。,深い絆を求め、相手と心が溶け合うような一体感で強くつながる傾向があります。,直感的な洞察力と癒やしの力を活かし、心理学や再生を促す仕事で深く貢献し、発展を遂げるでしょう。,恐れを捨てて変化を受け入れることで、個人の力を超える癒やしを社会にもたらし、あなたの能力がさらに輝き成長につながります。,他者と感情的に溶け合う体験を通じて精神を浄化し、深い慈悲による再生と救いを見る配置。,あなたは共有財産や深い絆において個人の境界を超え、宇宙的なエネルギーに身を委ねることで、根源的な変容を経験するでしょう。時に不透明な状況や心理的な再生を経験することもありますが、深い瞑想的なプロセスを通じて真の精神的豊かさを享受します。
Neptune,Pisces,9,高い理想と深い共感で、精神的な真理を探求する旅に出る,高い理想と直感を信じ、哲学や精神的な学びを通じて、世界の真理を深く探求する旅に出る性質です。,高い理想と深い共感力で、精神的な真理や哲学を探求し、視野を広げる豊かな想像力に優れています。,理想を追い求めすぎて、現実から逃避したり視野が曖昧になりがちです。地に足をつけて学ぶことで、真の洞察が得られるでしょう。,高い理想や精神性を自然に語り、感性豊かな価値観を持つ人として周囲に映るでしょう。,高い理想と人道的な精神を武器に、学問や独自の思想で世界を癒やす役割で大成するでしょう。,直感的な知識を現実の行動に落とし込むことで、広い視野が社会を導く知恵となり、能力がさらに輝き成長につながります。,無条件の愛を世界の真理として探求し、神秘的な学びを通じて魂の救済を追求する配置。,あなたは思想や宗教、高度な学びにおいて、論理を超えた絶対的な愛やワンネスを真理として深く探求するでしょう。精神的な覚醒を通じて既存の意識を溶解させるような変容を経験し、人類を癒やす高次の英知を確立していきます。
Neptune,Pisces,10,共感力を活かし社会貢献することで、理想の世界を創造する,生まれ持った共感力と奉仕の精神を活かし、理想の社会を目指して人々に癒やしや貢献をする使命を持っています。,社会的な場で豊かな共感力と包容力を発揮し、人々に癒しを与えながら理想の世界を創造できる影響力があります。,人からの評価に依存し、現実逃避や判断が曖昧になりやすい傾向があります。自分の軸をしっかり持つことで、自信を持って進めます。,社会的な場では柔らかな影響力と包容力がにじみ、周りに優しい印象を残しやすいでしょう。,共感性や癒やしの力が評価され、人々を支援する立場で社会に良い影響をもたらすでしょう。,肩書きに執着せず内なる真理に従うことで、周囲から尊敬される指導者として、より大きな成果を得られるでしょう。,芸術や福祉の分野で慈愛に満ちたリーダーシップを発揮し、心の拠り所となる理想の地位を築く配置。,あなたはキャリアにおいて、芸術や音楽、福祉や精神的な分野で成功を収め、社会を癒やす象徴的な救済者としての地位を築くでしょう。聖職者のような温かいイメージをまとい、直感に従うことで時代が求める癒やしと希望を提供します。
Neptune,Pisces,11,仲間と共感し合い、理想的なコミュニティを築き上げる,理想や夢を共有する仲間たちと深く共感し合い、精神的に結びついた温かいコミュニティを築き上げることを大切にします。,仲間と深く共感し合い、豊かな想像力で理想の未来を企画する力や、癒しを与える温かい交流が強みです。,仲間との一体感を求めすぎて、集団に依存したり理想を見失いがちです。自分らしさを大切にすることで、より良い関係が築けます。,仲間に対して共感的に関わり、その場を優しく包み込むような存在として受け入れられやすいです。,理想を共有する仲間と共に、未来志向の活動で中心的な役割を担い、社会変革を牽引するでしょう。,個人の自由を大切にし共通の目的に協力することで、あなたのビジョンが多くの仲間に支持され、能力がさらに輝き成長につながります。,人類の平和を夢見る仲間と癒やしのビジョンを共有し、理想の未来を祈りの中で描き出す配置。,あなたは理想郷を夢見る優しい仲間たちと深く繋がり、境界のない博愛的な世界を共に創造していくでしょう。友人関係を魂の家族のように大切にし、集団の理想に没入することで、未来への温かいビジョンを形にしていきます。
Neptune,Pisces,12,内なる宇宙で深い共感と理想を探し、魂を癒やす,内なる宇宙で深い共感と理想を探求し、過去の傷を癒やしながら、手放すことで魂の解放を目指す性質です。,高い感受性と直感的な洞察力で人々の内面に深く共鳴し、癒しを与える特別な精神的な力があります。,現実から逃避し、自己喪失感や孤立を感じやすいかもしれません。内面と向き合いながらも、現実とのバランスを保つと安心です。,表には出ずとも深い共感と精神性がにじみ、静かに相手を受け止める人として映りやすいでしょう。,豊かな想像力と目に見えない情報を整理する力で、芸術や裏方支援で人々の心を癒やす力を発揮します。,孤独を恐れず内面を整える習慣を持つことで、宇宙的な知恵が湧き、あなたの能力がさらに輝き成長につながります。,宇宙との一体感を孤独な祈りの中で体現し、無限の愛と深い充足感に満たされる究極の癒やしの配置。,あなたは内なる宇宙との一体感を常に感じ、一人の時間を通して無限のインスピレーションを受け取るでしょう。無意識下にあるあらゆる境界を溶解させることで、目に見えない次元で至上の自由と深い覚醒を完成させます。
Pluto,Aries,1,過去の自分を超え、新たな情熱で生まれ変わる,過去の自分を打ち破るほどの情熱で、新たな自分自身へと生まれ変わり、周りに強い印象を与えるタイプです。,強い意志と情熱で過去の自分を大胆に突破し、自己を根本から変えながら新しい自分を再生する力があります。,自分の主張が強すぎると、支配的になったり極端な行動を取りがちです。周りの意見も尊重する意識を持つと、より良い関係を築けるでしょう。,強い存在感と意志が自然とにじみ出て、周囲に強い影響を与える人物として印象に残りやすいです。,圧倒的な意志と自己変革能力で、未踏の分野を切り拓く不屈のリーダーシップを発揮し、大成するでしょう。,内なる強大なエネルギーを恐れず正しく行使することで、運命を好転させるチャンスを掴み、能力がさらに輝き成長につながるでしょう。,圧倒的な自己主張とカリスマ性を持ち、自分自身の存在を何度も破壊し再定義しながら突き進む配置。,あなたは個人のアイデンティティを根本から破壊し、常に新しい自分へと再構築し続ける強烈な生命力と自己主張の持ち主です。危機的な状況においてこそ真の力が発揮され、周囲に圧倒的なカリスマ性と変革のエネルギーをもたらすでしょう。
Pluto,Aries,2,自身の才能を究極まで磨き、新たな価値を創造する,自分の持つ才能や能力を徹底的に磨き上げ、これまでの価値観を覆すような形で、豊かさを創造する性質です。,優れた実行力と洞察力で自身の才能や資源を深く見極め、大きな変革を遂げて新たな価値を創造できます。,欲しいものへの執着が強く、強欲になったり極端な浪費をしてしまいがちです。本当に必要なものか見極める冷静さを大切にしましょう。,自分の価値観や判断を強く貫くため、周りからは揺るがない人という印象を与えやすいでしょう。,独自の価値基準と情熱的な執着心で、ゼロから経済基盤を築き、新たな価値を創造する力があります。,形ある資産へのこだわりを手放し、才能を磨くことで、不滅の豊かさと経済的な自立を手に入れ、能力がさらに輝き成長につながります。,金銭や所有に対して異常なまでの執着と爆発力を持ち、経済状況の極端な破壊と再生を経験する配置。,あなたは経済基盤や才能において、ゼロか百かという極端な変動を経験しながら、物質的な価値観を根底から変容させていくでしょう。徹底した集中力で巨万の富を築くか、あるいは全てを失うリセットを経て、真の豊かさとは何かを深く学び再生します。
Pluto,Aries,3,強い探求心で学びを深め、言葉で変革の火を灯す,強い探求心で深い学びを追求し、自らの言葉や情報発信で、周囲に大きな変革の火を灯すタイプです。,鋭い洞察力で思考を深く掘り下げ、言葉を通じて変革を促す強い影響力と、物事を突破する発信力が強みです。,思考が極端になり、攻撃的な発言で周りを支配しようとしがちです。言葉を発する前に一呼吸置くことで、穏やかなコミュニケーションを促せます。,言葉に力強さと迫力が宿り、相手の心に響く強い影響力を持つ話し手として見られやすいでしょう。,鋭い洞察力と徹底的な調査力で、言葉や情報を通じ社会の深層に光を当て、変革を促すでしょう。,物事の深層にある真実を言葉にすることで、あなたの説得力は人々の意識を根本から変える力に変わり、さらに大きな成果を得られるでしょう。,言葉に強大な魔力と破壊力が宿り、知的な探求において極限まで真理を暴き出そうとする配置。,あなたの言葉や思考には強烈な破壊力と説得力が宿り、既存の教育や情報ネットワークを根底から刷新する力を持ちます。徹底した調査能力と深い洞察力で情報の裏側に隠された真実を暴き出し、鋭いコミュニケーションで変革の火を灯すでしょう。
Pluto,Aries,4,自らの手で基盤を再構築し、家族と共に再生を遂げる,家庭や心の基盤を自らの手で根本から再構築し、時には家族を巻き込みながら、力強く再生していく性質です。,強い意志と情熱で家庭や基盤を深く守り、変革を促すことで、安心して再生できる居場所を作り出すことができます。,家庭内で感情が爆発しやすく、支配的になりがちです。心穏やかに過ごすため、自分の感情と向き合い、適切な表現を心がけましょう。,親しい関係ほど本気で向き合うため、家族や身近な人に強い影響を与える存在になりやすいでしょう。,家系やルーツの課題を乗り越え、自らの手で強固な心の基盤と家族関係を再構築する再生の力があります。,過去のしがらみを浄化し精神的基盤を整えることで、内面から湧き上がる安心感と活力を両立でき、より大きな成果を得られるでしょう。,家庭環境やルーツを根底から作り変える宿命を持ち、自らの手でゼロから強固な地盤を再建する配置。,あなたは家庭環境やルーツにおいて、不可逆的な崩壊と再生を経験しながら、心理的な基盤を徹底的に作り替えていくでしょう。家族関係における力学や居住地の抜本的な変更を通じて、自らの手で強固な基盤を再構築し、究極的な自律を確立します。
Pluto,Aries,5,情熱を注ぐ創造活動で、新たな自分に生まれ変わる,自身の情熱を創造的な活動や恋愛に注ぎ込むことで、根本から自分自身を変え、新たな自己へと生まれ変わるタイプです。,ほとばしる情熱で創造的な活動に集中し、自己表現を深く変容させることで、新たな自分に生まれ変わる表現力があります。,恋愛で嫉妬深くなり、相手を支配しようと気分が暴走しがちです。信頼を大切に、相手の気持ちを尊重するゆとりを持つと良いでしょう。,自己表現に情熱と迫力がにじみ、一度会ったら忘れられない強い印象を残す人物として映りやすいでしょう。,極限の集中力と圧倒的な自己表現力で、芸術や勝負事など情熱を注ぐ分野で才能を爆発させるでしょう。,楽しみを単なる娯楽とせず真剣に取り組むことで、あなたの情熱は歴史に残る実績へと昇華され、能力がさらに輝き成長につながります。,創作活動や恋愛に命がけの情熱を注ぎ、自己表現を通じて魂の死と再生を経験する劇的な配置。,あなたは自己表現や創作活動、恋愛において、強烈な衝動と執着を伴う徹底的な没入を経験するでしょう。既存の枠を破壊するような極端な表現や、命がけの情熱を通じて自己の限界を突破し、新しい自分に生まれ変わります。
Pluto,Aries,6,行動力で日々の習慣を見直し、新たな自分を再生する,日々の仕事や習慣に力強く変革をもたらし、活動的に行動することで、より生産的な自分へと再生していく性質です。,日々の実務に集中して取り組み、行動力で改善点を突破しながら、努力を通じて新しい自分を再生する力があります。,仕事で支配的になり、無理をして過労になりやすい傾向があります。自分の限界を認識し、適切な休息を取ることが大切です。,仕事や役割には強い集中力で取り組み、本気度の高い信頼できる人として周囲から評価されやすいです。,強い推進力と行動力で、日々の業務や現場の停滞を断ち切り、新たな流れを生み出すでしょう。,完璧を求めるエネルギーを自身の技術向上に向けることで、限界を超えた高いパフォーマンスを安定して発揮でき、能力がさらに輝き成長につながります。,労働や健康において極限まで自分を追い込み、過酷な環境を根底から変革させる力を持つ配置。,あなたは仕事や労働環境において、極限状態での任務遂行や組織の抜本的な改革を断行する強い変革者です。自己の健康を顧みないほどの徹底した働き方で既存の権威構造を破壊し、より生産的な環境へと力強く再生させるでしょう。
Pluto,Aries,7,積極的に人と向き合い、関係性の中で大きく変化する,パートナーシップや対人関係に積極的に深く関わることで、自分自身も大きく変容し、新しい関係性を築くタイプです。,積極的に人との関係性を主導し、強烈な信頼関係を築きながら、共に大きな変容を遂げる協働力に優れています。,人間関係で対立しやすく、相手を支配しようと嫉妬に囚われがちです。相手の立場を理解し、尊重する姿勢を心がけると安心です。,一対一の関係では深く濃密に関わり、相手に良い意味で強い影響を与える存在になりやすいでしょう。,宿命的な出会いや深い対人関係を通じて、自己を変容させながら強固な信頼に基づいたパートナーシップを築きます。,相手をコントロールする欲求を捨て対等に魂をぶつけ合うことで、お互いに再生し合える関係を築き、あなたの能力がさらに輝き成長につながります。,対人関係において相手を支配するか支配されるかの極端な体験を通じ、絆を劇的に変容させる配置。,あなたはパートナーシップにおいて、極限的な権力闘争や心理的変容を経験しながら、深く関わることで自己を完全に作り替えていくでしょう。運命を根底から変えるような強烈な影響力を持つ人物を引き寄せ、関係性を通じて新たな自分へと再生します。
Pluto,Aries,8,自らの意志で根源的な変革に挑み、大きく生まれ変わる,自らの強い意志で、深い人間関係や共有財産を通じて根源的な変革に挑み、生まれ変わりを体験する性質です。,鋭い洞察力と行動力で、物事を根源から変容させ、自分自身や状況を力強く再生に導く支配力があります。,極端な思考に囚われ、執着や破壊衝動に駆られやすいかもしれません。冷静な視点を取り戻し、自分を客観視することを意識しましょう。,関係が深まるほど本音や覚悟を求め、極めて濃密で強い信頼関係を築く傾向があるでしょう。,金融や心理学など深い領域で、強大なパワーをコントロールし、他者のリソースを再生させる才能を発揮します。,自身の深い欲望や影を受け入れることで、宇宙的な豊かさと変容のエネルギーを使いこなし、能力がさらに輝き成長につながります。,生死に関わる体験や深い共有財産の扱いに強大な権力を持ち、極限の融合を通じて覚醒する配置。,あなたは共有財産や遺産、あるいは生死に関わる領域において、絶対的な支配と再生のプロセスを経験するでしょう。他者の資源を徹底的に掌握する力を持つか、あるいは極限の危機を通じて精神的な覚醒を遂げ、大きく生まれ変わります。
Pluto,Aries,9,行動力で真理を探究し、新たな世界観を築き上げる,探究心と行動力で真理を追求し、時には海外での経験を通じて、これまでの価値観を覆すような世界観を築くタイプです。,強い探究心と行動力で信念を突破し、真理を深く追求することで、新たな思想や世界観を変革する力があります。,独善的な思想に陥り、信念に執着し視野が狭くなりがちです。様々な意見に触れ、柔軟な視点を持つことで、新たな発見があるでしょう。,信念や思想を力強く語り、相手の価値観に良い意味で大きな影響を与える人物として見られやすいでしょう。,既存の概念を問い直し、実体験に基づいた強靭な哲学や思想を確立し、世界を導く真理の探究者となるでしょう。,抽象的な議論で終わらせず信念を現実の行動で証明することで、あなたの広い視野は人生を導く知恵となり、能力がさらに輝き成長につながります。,既存の思想を破壊して独自の真理を追求し、精神的な冒険において圧倒的な信念を貫く配置。,あなたは思想や宗教、高度な学びにおいて、既存の信念体系を徹底的に解体し、究極の真理を再構築する探求者です。海外での極限体験や哲学的な探求を通じて、人類の意識を根本から変容させるような英知を求め、新たな世界観を築き上げます。
Pluto,Aries,10,行動で社会に影響を与え、新たなキャリアを切り開く,社会的な役割やキャリアにおいて、自らの行動で大きな変革をもたらし、強い影響力で新たな道を切り開く性質です。,行動力と権威をもって社会を統率し、これまでの実績を大きく変容させながら、新たなキャリアを切り開く力があります。,権力に執着し、専横的な態度で評価を支配しようとしがちです。周りの意見に耳を傾け、謙虚な姿勢を大切にすると良いでしょう。,社会的な場では圧倒的な意志力が表れ、強いリーダーシップを発揮する人物として認められやすいでしょう。,強い突破力と意志が評価され、大きな責任を担うことで社会に変革をもたらすキャリアを切り開くでしょう。,名声への執着を手放し純粋な志で行動することで、周囲から畏敬される真のリーダーとしての地位を確立し、能力がさらに輝き成長につながります。,社会的な地位を自らの力で強引に勝ち取り、権力の頂点を目指してキャリアを激変させる配置。,あなたはキャリアにおいて既存の社会構造を破壊し、新しい時代を創設するような圧倒的な権威を確立する力を持ちます。社会的地位の急落と再浮上を経験することもありますが、最終的には独裁的なまでの指導力を発揮し、社会に大きな変革をもたらすでしょう。
Pluto,Aries,11,仲間と共に理想を追求し、未来を大きく変えていく,志を共にする仲間たちと共に、理想の未来像を実現するために、コミュニティを根本から変革していくタイプです。,行動力とリーダーシップで集団を先導し、大きな影響力で未来志向の理想を追求しながら、社会を改革する力があります。,理想を追い求めるあまり独走し、集団を支配しようとしがちです。仲間の意見を尊重し、協力することで、より良い未来を築けます。,仲間の中では変化の起点となり、グループの方向性を大きく動かす強い存在として活躍しやすいでしょう。,志を同じくする仲間と共に、社会の古いシステムを変革し、新しい未来を創造するリーダーシップを発揮します。,グループ内の権力争いを避け自立した個として繋がる理想を追求することで、独自のビジョンが多くの仲間に支持され、能力がさらに輝き成長につながります。,理想を共有する仲間と既存の社会構造を破壊し、急進的な変革を成し遂げるために戦う配置。,あなたはネットワークや将来計画において、社会の不条理を根底から是正しようとする急進的なグループを主導するでしょう。友人関係においても徹底した忠誠心を重んじ、志を共にする仲間たちと共に集団を介して究極の理想を追求し、未来を大きく変えていきます。
Pluto,Aries,12,内面と向き合い、無意識の深い変容から再生する,内面の奥深くにある無意識と徹底的に向き合い、自己の深い変容を促すことで、力強い再生を遂げる性質です。,鋭い直感と洞察力で内面と深く向き合い、精神を根本から再生させることで、自分自身を大きく変容させる力があります。,内面の葛藤から破壊衝動を感じたり、孤立しやすくなります。自分を癒す時間を持ち、穏やかな気持ちで内面と向き合うと良いでしょう。,表には出にくくても内面の強い意志がにじみ、静かな迫力を感じさせる人物として映りやすいでしょう。,目に見えないエネルギーを扱い、精神世界を探求したり裏方で抜本的な調整を行ったりして絶大な力を発揮します。,自身の深層心理を徹底的に浄化することで、潜在意識の知恵を現実世界で活かす力が湧き、あなたの能力がさらに輝き成長につながります。,潜在意識に眠る強大な破壊衝動を一人の時間でコントロールし、内面で魂の脱皮を繰り返す配置。,あなたは無意識領域に強大な破壊的エネルギーを秘めており、内面的な闇と徹底的に向き合い浄化することで究極の精神力を得るでしょう。潜在的な恐怖を克服するプロセスを通じて、目に見えない次元での支配的な洞察力を開花させ、力強い再生を遂げます。
Pluto,Taurus,1,確かな自分を土台に、じっくりと自己を根本から変える,確固たる自分を土台に、時間をかけて自己を根本から変容させ、新たな魅力で周囲に強い印象を与える性質です。,安定した基盤と揺るぎない意志力で、自己表現をじっくりと変容させ、新たな自分へと着実に再生する力があります。,自分の考えに固執しすぎると、頑固になり、物事が停滞しがちです。柔軟な視点を取り入れることで、変化を受け入れやすくなります。,静かな雰囲気の中に揺るがない意志がにじみ、周囲からは重厚感のある人物として見られやすいでしょう。,圧倒的な持久力と自己信頼で、現実世界に確固たる基盤を築き、一度決めたことをやり遂げる力があります。,古い価値観を壊し、自身の感覚で新しい自己イメージを築くことで、時代に左右されない強固な個性が確立し、能力がさらに輝き成長につながります。,揺るぎない執着心と強靭な肉体的な存在感を持ち、物質的な次元から自己を根本的に作り変える配置。,あなたは物質的な安定や身体的感覚に強固な執着を持ち、ゆっくりとしかし確実に自分自身の物理的な在り方を根底から変容させていくでしょう。不屈の忍耐力と地道な努力で絶対的な実力を構築し、確かな自分を土台に新たな魅力を放ちます。
Pluto,Taurus,2,才能と価値観をじっくり深掘りし、豊かさを変革する,自分の才能や価値観をじっくりと深掘りし、安定した基盤の上で、豊かな財産や自己価値を根本から変革するタイプです。,安定した視点と深い洞察力で、才能や資源をじっくりと見極め、豊かさを根源から変革し、蓄積できる力があります。,所有物への執着が強くなり、手放せなかったり強欲になりがちです。本当に必要なものか見極め、心のゆとりを持つと良いでしょう。,自分の価値観や所有感覚を強く守るため、周囲からは簡単には動かない芯のある人という印象を与えやすいでしょう。,物質的な豊かさへの執着と卓越した才能で、経済システムを変えるような巨大な富を築く可能性があります。,所有への執着を手放し資源を循環させる術を学ぶことで、不滅の財産と精神的な自立を手に入れ、能力がさらに輝き成長につながります。,富の所有に対して異常な才能と執念を持ち、莫大な財産を築くか、すべてを失い再生する配置。,あなたは資産運用において執念に近い徹底した管理を行い、物質的な豊かさに対して絶対的な支配権を確立しようとします。土地や資源など形ある富の価値を根本から再定義し、盤石な経済基盤を築き上げることで、自己価値を大きく変革していくでしょう。
Pluto,Taurus,3,深く安定した学びを通じ、知性を磨き世界を変える,安定した学びの姿勢で深く知性を磨き、言葉や情報発信を通じて、周囲の世界に根源的な変化をもたらす性質です。,現実を深く洞察し、安定した思考で学びを深めることで、人々に大きな変革を促す説得力と持続力が強みです。,思考が停滞し頑固な発言になり、情報を支配しようとしがちです。多様な意見を受け入れ、学び続ける姿勢が大切になります。,言葉に重みと深い説得力が宿り、静かながらも影響力のある話し手として見られやすいでしょう。,徹底した論理性と深い洞察力で、専門知識の伝達や情報整理に圧倒的な影響力を発揮するでしょう。,表面的な情報交換でなく真実を掘り下げて発信することで、言葉に説得力が宿り、周囲の思考を変容させ、能力がさらに輝き成長につながります。,具体的で実利的な情報を徹底的に究め、一度決めた主張を絶対に曲げない強固な知性を持つ配置。,あなたは実利的な情報や技術に対し徹底的な調査と習得を繰り返し、深く安定した知性を磨き上げていきます。周囲の思考回路に影響を与えるような重みと説得力あるコミュニケーションで、既存の知識体系を物理的な実利に基づいて刷新するでしょう。
Pluto,Taurus,4,家庭や心の基盤を深く見つめ直し、安定を再構築する,家庭や心の基盤を深く安定的に見つめ直し、時間をかけて根本から再構築することで、安心できる土台を築くタイプです。,安定した心と継続力で家庭や基盤を深く守り、変容を促すことで、安心して過ごせる居場所を再構築できます。,家庭に固執し、感情が停滞したり支配的になりがちです。家族の気持ちを尊重し、お互いの成長を促す関係を築くと良いでしょう。,親しい人との関係を深く守ろうとするため、家族の中で揺るぎない強い存在感を持ちやすいでしょう。,家系の伝統を自らの代で根本から刷新し、新しい価値観に基づいた強靭な家族の基盤を再構築するでしょう。,家庭や住まいへのこだわりを癒やしと再生のエネルギーに変えることで、内面から湧き上がる不動の安心感を手に入れ、能力がさらに輝き成長につながります。,土地や家系の遺産に深く縛られつつも、伝統的な居場所を盤石な城へと作り変える責任を負う配置。,あなたは家庭や住環境において、不動産や土地の継承に深く関わり、家族の物質的基盤を徹底的に管理し再生させるでしょう。ルーツに対する強い執着を原動力に、居住空間を絶対的な安全圏として構築するためのたゆまぬ努力を払い、安定した基盤を再構築します。
Pluto,Taurus,5,じっくりと創造性を深め、新たな自己表現を生み出す,じっくりと自身の創造性を深掘りし、恋愛や楽しみを通じて、揺るぎない自己表現のスタイルを確立していく性質です。,五感を活かした官能的な魅力と持続力で、創造性を深く探求し、独自の表現力で新しい価値を生み出すことができます。,快楽への執着が強く、恋愛で相手を支配しようと嫉妬に苦しみがちです。信頼関係を大切に、自由な心を育むと安心できるでしょう。,自己表現に濃い魅力と持続力がにじみ、一度見たら忘れがたい強い印象を残す人物になりやすいでしょう。,五感を刺激する創造性と集中力で、芸術や工芸、投資の分野で才能を爆発させ、大きく活躍するでしょう。,楽しみを極限まで追求し魂が満足するものを形にすることで、一時の遊びが一生を支える実績へと昇華され、能力がさらに輝き成長につながります。,五感を満たす快楽や芸術的な完成度に執着し、時間をかけて究極の美を現実化しようとする配置。,あなたは創作活動において素材や触感に究極のこだわりを持ち、物理的な完成度を極限まで追求することで、揺るぎない自己表現を確立します。恋愛や娯楽においても肉体的な充足や所有に深く情熱を注ぎ、絶対的な美的価値の獲得を目指すでしょう。
Pluto,Taurus,6,日々の仕事や習慣を根本から見直し、着実に再生する,日々の仕事や習慣を地道に根本から見直し、着実な努力を重ねることで、安定した新しい自分へと再生していくタイプです。,実務に深く集中し、揺るぎない努力と持久力で、日々の習慣や仕事を根本から改善・再生していく力があります。,惰性で仕事をし、強迫的に作業を進め、過労になりやすい傾向があります。時には立ち止まり、本当に必要なことか見直す時間も大切です。,仕事や役割に深く入り込み、粘り強く物事を着実に進める人として周囲から深く信頼されやすいでしょう。,既存の運用システムを根本から見直し、着実に立て直すことで、現場に大きな再生をもたらすでしょう。,完璧主義による自己犠牲を避け、自身のペースで効率的なシステムを構築することで、周囲に恩恵を与え、能力がさらに輝き成長につながります。,驚異的な耐久力で過酷な実務をこなし、現場の古いシステムを徹底的に合理化して再建する配置。,あなたは仕事において身体のメカニズムや実務技術の極限までを追求し、現場の労働環境を物理的に作り替える力を持ちます。極めて高い専門性と忍耐力で既存の生産システムを根底から合理化・強化することで、着実に新しい自分へと再生していくでしょう。
Pluto,Taurus,7,安定した関係性で深く向き合い、パートナーシップを再生する,安定した関係性の中でパートナーと深く向き合い、揺るぎない信頼のもと、二人の絆を根本から再生していく性質です。,安定した信頼関係を大切に育み、深い結束力でパートナーシップを根本から再生へと導くことができる強みです。,人間関係で依存しやすく、相手に嫉妬したり固執しがちです。お互いの独立性を尊重し、健全な関係性を築くことを心がけましょう。,一対一の関係では深い絆と強い結びつきを求め、濃密で特別な関係を築きやすいでしょう。,一対一の関係で相手の人生を根本から変えるような強い影響力を持ち、宿命的なパートナーシップを築くでしょう。,相手を所有する欲求を捨て、互いの自立を尊重する深い絆を築くことで、依存を超えた真のパートナーシップを構築し、能力がさらに輝き成長につながります。,対人関係において強固で永続的な独占欲を持ち、逃れられない運命的なパートナーを得る配置。,あなたはパートナーシップにおいて経済的かつ物質的な結びつきを重視し、相手と共同で盤石な基盤を築こうとするでしょう。他者との契約では絶対的な忠誠を求め、実利を伴う強固な協力関係を通じて、二人の絆を根本から再生していきます。
Pluto,Taurus,8,安定した環境で深く根源的な変容を経験し、再生する,安定した環境と深い人間関係の中で、根源的な変容をじっくりと経験し、強固な再生を遂げるタイプです。,安定した環境で物事を深く洞察し、持久力をもって資源や関係性を再生へと導き、強固に再建できる力があります。,物事への執着が強く、支配欲が高まり手放せない傾向があります。時には手放す勇気を持つことで、新たな豊かさが訪れるでしょう。,深い関係では変容の力が働き、互いの人生を大きく変えるような特別な関係を築きやすいでしょう。,金融や他者と共有する深い感情の領域で、真のパワーを覚醒させ、再生を促す力を発揮するでしょう。,執着心や嫉妬を他者を救うエネルギーへと昇華させることで、精神的にも物質的にも豊かさを得て、能力がさらに輝き成長につながります。,共有資産や伝統を徹底的に管理し、物質的な継承を通じて巨大な権力を手にする配置。,あなたは共有財産や遺産、集団の資源管理において実質的な支配権を握り、富の再分配を徹底的に行う力を持ちます。物理的な死生観やエネルギーの循環を直視し、物質的な継承を通じて自己の根源的な変容を経験し、力強く再生するでしょう。
Pluto,Taurus,9,じっくりと真理を探究し、深い洞察から新たな哲学を築く,じっくりと時間をかけて真理を探究し、深い洞察力で、これまでの常識を覆すような独自の哲学を築き上げる性質です。,安定した信念と持続力で真理を深く探求し、実践的な哲学を築きながら、これまでの思想を大きく変革できます。,自分の思想に固執しすぎて、保守的になったり視野が狭くなりがちです。新しい情報や多様な視点を取り入れることで、世界が広がるでしょう。,自身の思想や価値観を徹底的に追求し、強い信念を持つ人として周囲から深く尊敬されやすいでしょう。,実利的な哲学と徹底した探求心で、学問や法律分野の既存概念を覆す新しい思想を打ち立てるでしょう。,目に見える成果と理想を両立させる方法を追求することで、広い視野が社会を導く知恵となり、多くの信頼を得て、能力がさらに輝き成長につながります。,実利に基づいた真理を徹底的に掘り下げ、揺るぎない人生観を構築するために学び抜く配置。,あなたは思想や学問において、物理法則や自然界のメカニズムに基づいた絶対的な真理をじっくりと探求するでしょう。抽象論を排し実証可能な英知を求めて精神的な旅を続け、深い洞察力で既存の学説を物理的な事実に基づいて刷新します。
Pluto,Taurus,10,社会での役割をじっくりと見直し、確固たる変化を遂げる,社会的な役割やキャリアをじっくりと見直し、確固たる信念を持って、周囲も認める大きな変化を成し遂げるタイプです。,安定した視点と継続的な統率力で社会構造を深く構築し、確固たる権威で大きな変革を遂げながら成果を生み出せます。,社会での評価に固執し、保守的で支配的な態度になりがちです。柔軟な姿勢で変化を受け入れることで、新たな道が開けるでしょう。,社会的な場では持続力と影響力が際立ち、重厚感のある頼れる人物として高く評価されやすいでしょう。,価値を再構築する確かな力が評価され、強い信頼を得て、社会に安定と変革をもたらすでしょう。,評判に惑わされず内面的な納得感と誠実さを貫くことで、周囲から尊敬される指導者としての地位を確立し、能力がさらに輝き成長につながります。,社会的な地位を時間をかけて着実に、かつ強固に築き上げ、不動の名声を確立する配置。,あなたはキャリアにおいて不動産や金融、製造業などで絶対的な地位を築き、社会の物質的基盤を支配する力を持ちます。一度確立した権威は極めて強固であり、じっくりと時間をかけて既存の秩序を塗り替える影響力を行使し、確固たる変化を遂げるでしょう。
Pluto,Taurus,11,仲間との絆を深く見つめ、コミュニティのあり方を変革する,仲間との絆を深く見つめ直し、理想の未来像を実現するために、コミュニティのあり方を根本から変革していく性質です。,仲間との信頼を深く持続させ、揺るぎない結束力で集団をまとめ、組織を大きく変革していく力があります。,仲間との関係に固執しすぎて、閉鎖的になったり集団を支配しようとしがちです。開かれた心で新たな繋がりも大切にしましょう。,仲間との関係を深く築くため、グループの基盤を良い方向に変える揺るぎない存在になりやすいでしょう。,価値観を共にする仲間とのネットワークを活かし、社会の価値基準を変える大規模なプロジェクトで大成するでしょう。,既存のコミュニティの腐敗を打破し新しい連帯の形を作ることで、理想とする社会を確実に実現し、能力がさらに輝き成長につながります。,安定した未来を目指す仲間と強固に繋がり、具体的な富を現実化するための組織を構築する配置。,あなたは具体的な利益を共有する組織において徹底した統制と協力を行い、未来の物質的安定を確実に築き上げるでしょう。友人関係においても実利的な信頼を基準とし、共通の財産を守るための強固なネットワークを構築しながら、コミュニティのあり方を変革していきます。
Pluto,Taurus,12,内面の奥深くをじっくり探求し、秘めた力を開花させる,内面の奥深くにある無意識とじっくり向き合い、秘められた潜在能力を開花させることで、自己を根本から再生する性質です。,安定した精神力で内面を深く見つめ、自分を癒し、秘めた力を再生させる忍耐力が強みです。,内面にこもり停滞し、執着的な思考で孤立しやすくなります。時には外の世界に目を向け、心に風を通す時間を持つと良いでしょう。,表には出にくくても内面の強い意志がにじみ、静かながらも揺るぎない迫力を感じさせる人物として映りやすいでしょう。,内面の奥深くにある価値を探求し、裏方で精神的な支援や財政面で絶大な力を発揮します。,深い場所にある所有欲や不安を丁寧に手放すことで、宇宙からの豊かな恵みを現実世界へ引き寄せる力が高まります。,内面にある強烈な所有欲を精神的な力に変え、孤独な時間の中で目に見えない価値を育む配置。,あなた内なる無意識の領域へと深く潜り、物質的な執着や欠乏感を丁寧に浄化することで、揺るぎない内面的な豊かさを育んでいくでしょう。人知れず秘めた力を磨き上げ、目に見えない形で現実世界に大きな影響を与え、自己の根源的な再生を遂げます。
Pluto,Gemini,1,知的好奇心と交流で自己を深く変革し、新たな自分へ,知的な好奇心と交流を通じて、自分自身の見せ方を根本から変え、新しい魅力を生み出す性質です。,鋭い知性と発信力で、自分を深く見つめ変革し、新しい自己表現を生み出すことができます。,知的好奇心が散漫になりがちだと、多弁になり言葉で人を操ろうとすることが。相手の意見を尊重し、調和を心がけると安心です。,知的な鋭さと強い意志が言葉の端々ににじみ、周囲に言葉の力を感じさせる人物として見られやすいでしょう。,驚異的な知力と情報収集力を活かし、言葉で人々の思考の枠組みを根底から変革する力を発揮するでしょう。,表面的な知識に捉われず、心の奥から湧く真実の言葉を発信することで、あなたの魅力が輝き、周囲に良い影響を与えるでしょう。,多才で切れ味の鋭い知性が個性に宿り、言葉を武器に他者の意識を根底から揺さぶる配置。,あなたの知的好奇心と情報処理能力は極限まで高められ、言葉を通じて周囲の心を惹きつける鋭敏な個性を形成します。常に自身の知性を磨き続け、情報の流れを巧みに乗りこなすことで、あなた自身を根底から変容させ、新たな魅力へと生まれ変わらせていくでしょう。
Pluto,Gemini,2,知性で才能と価値観を深掘りし、豊かさを劇的に変える,持ち前の知性を活かして才能や価値観を深掘りし、自分らしい豊かさや収入を劇的に変えていくでしょう。,情報を巧みに活用する商才と深い洞察力で、価値を創造し豊かさを変容させる力があります。,思考が拡散しやすいと、価値観が定まらず浪費したり、迷走しがちです。本当に大切なものを見極める冷静な視点を意識しましょう。,自分の考えや価値観を深く大切にし、理屈を通して揺るがない信念を持つ人という印象を与えやすいです。,情報を価値に変える卓越した知性で、経済システムを革新し、新しい収益の形を築き上げるでしょう。,物を所有する概念を手放し、知恵や人脈を循環させることで、尽きない豊かさと自由な精神を手に入れられるでしょう。,多彩なスキルと情報を極限まで活用し、知的なハッキングのように富を引き寄せる才能を持つ配置。,情報やデータ、そして知的所有権をあなたの強力な武器とし、流動的かつ爆発的な資産を築き上げる才能に恵まれています。金銭的な価値を情報の優位性と捉え、既存の経済システムを通信技術や知恵によって根本から刷新することで、あなたらしい豊かさを創造するでしょう。
Pluto,Gemini,3,知的な探究と発信で、学びのスタイルを根源から変える,新しい知識への探求心を持ち、情報との関わり方やコミュニケーションを根本から変えていくタイプです。,鋭い知性と深い洞察力で物事を捉え、影響力のある発信を通じて人々の思考を変革する力が強みです。,思考が散漫になると、言葉が攻撃的になったり、情報で相手を操ろうとしがち。客観的な視点を持ち、冷静に対話することを心がけましょう。,言葉や情報に深い洞察力が宿りやすく、会話では物事の核心を突く人物として受け入れられやすいです。,言葉に宿る破壊と再生の力を使いこなし、教育やメディアで相手の意識を根本から変える影響力を発揮します。,表面的な会話だけでなく、物事の核心を突く発言を心がけることで、あなたの説得力が社会を動かす力へと変わっていくでしょう。,情報の裏側を暴くことに執念を燃やし、切れ味鋭い言葉で日常の常識を破壊し再生させる配置。,あなたはコミュニケーションにおいて、相手の心理を深く見透かすような洞察力と、情報の真実を徹底的に探る調査能力を発揮します。言葉の力で既存の社会通念を刷新し、新しい教育や情報伝達のあり方を提示することで、学びのスタイルを根源から変えていくでしょう。
Pluto,Gemini,4,知性で家庭や心の基盤を見直し、深く安心を再構築する,知的な探求心で家庭や心の基盤を深く見つめ直し、揺るぎない安心感を再構築していく性質です。,深い理解力と記憶力で、家庭や心の基盤を見つめ直し、安心できる居場所を再構築する力があります。,思考が多岐にわたると、家庭内で言葉で人を支配したり、混乱を招きがち。家族の気持ちに寄り添い、落ち着いた対話を意識しましょう。,親しい人との対話に深さを求め、相手の感情の核心に触れるような、本質的な関係を築きやすいでしょう。,知性で家庭やルーツの根源を見つめ、古い偏見を清算し、深く繋がる新しい家族像を再構築するでしょう。,心の不安を知性で隠さず、自分の感情を素直に受け入れることで、揺るぎない安心感と知的なエネルギーが満ち溢れていくでしょう。,家庭内でのコミュニケーションに強烈な力関係が働き、言葉によって居場所を何度も作り変える配置。,家庭環境においては、知的な支配関係や情報の不透明さに深く向き合い、それらを解体し新たな基盤を再生する力を秘めています。住居を頻繁に変更したり複数の拠点を活用したりすることで、居住の概念を情報の流動性に基づいて刷新し、揺るぎない心の安心感を築き上げていくでしょう。
Pluto,Gemini,5,知的な発想と表現で、創造性を劇的に開花させる,知的なアイデアと発想力で、あなたの楽しみや自己表現を根本から変え、創造性を劇的に開花させるでしょう。,知的な発想力と魅力的な表現力で、創造性を劇的に開花させ、多くの人に楽しみをもたらすことができます。,知的好奇心が恋愛に向きすぎると、相手を駆け引きで操ろうとすることが。素直な気持ちを大切にし、信頼関係を育むと良いでしょう。,あなたの表現は鋭さと独特の魅力が混ざり、周囲の心に深く印象に残る言葉を紡ぐ人物になりやすいです。,知的好奇心と圧倒的な集中力で、文芸や情報分析など知的な創作分野で才能を爆発的に開花させるでしょう。,楽しみを単なる遊びで終わらせず、知的に深く探求することで、ふとした閃きが世界を変える素晴らしい実績につながるでしょう。,知的なゲームや多彩な遊びに狂気的な情熱を注ぎ、独創的な表現で周囲の知覚を変容させる配置。,創作活動においては、メディアや言語を巧みに駆使し、大衆の知性を深く刺激する衝撃的な表現を生み出す才能に溢れています。恋愛においても知的な駆け引きや刺激を深く追求することで、従来のロマンスを情報の交換として再定義し、あなたの創造性を劇的に開花させていくでしょう。
Pluto,Gemini,6,知識と工夫で日々の仕事を刷新し、新たな自分へ生まれ変わる,知識と工夫を凝らし、日々の仕事や習慣を根本から見直し、新しい自分へと生まれ変わっていくタイプです。,鋭い洞察力と分析力で実務を深く見つめ、知識と工夫で日常を刷新する優れた改善力があります。,思考が散漫になりがちだと、神経疲労や思考過多になり、完璧を求めすぎることが。意識的に休憩をとり、心身を労わると安心です。,仕事や日々の役割の中で深い洞察力を発揮し、状況を正確に見抜く人として周囲から頼られやすいでしょう。,情報や仕組みの根本を見直すことで、日々の業務を刷新し、効率的な働き方へと変容させることが得意でしょう。,完璧を求めすぎず、本当に大切な情報を見極めることで、無理なく高いパフォーマンスを継続して発揮できるようになります。,多忙な現場で緻密なシステム構築を完遂し、知的な工夫で労働の常識を塗り替える配置。,あなたは仕事において、IT技術やAI、そして高度な事務処理能力を最大限に活用し、現場の情報管理を根本から刷新する才能を持っています。時に神経を酷使する傾向があるかもしれませんが、情報の最適化を通じて労働環境を抜本的に作り替えることで、新しい自分へと生まれ変わっていくでしょう。
Pluto,Gemini,7,対話と理解を深め、人間関係を根本から変革し再生させる,知的な対話と深い理解を大切にし、人間関係やパートナーシップを根本から変革し再生させていくでしょう。,相手を深く理解する洞察力と優れた交渉力で、人間関係を根本から変革し再生させる力が強みです。,思考が多岐にわたると、言葉で相手を操ろうとしたり、不信感を招きがち。正直なコミュニケーションを心がけ、信頼を築くことが大切です。,一対一の関係では知的な駆け引きや深い対話が生まれやすく、相手に強い影響を与える関係を築きやすいでしょう。,知的な対話によって、パートナーシップを深く変容させ、お互いの自己再生を促すような関係性を築けるでしょう。,相手を論破するより心の共感を大切にすることで、最高のパートナーシップが育まれ、知的な成長も促されるでしょう。,知的な議論を介して相手を翻弄し、言葉のやり取りを通じて深い絆を劇的に変質させる配置。,あなたは対人関係において、知的な刺激を交換し合う強烈なパートナーシップや、徹底した情報の共有に基づいた深い契約関係を築き上げます。相手との対話や交渉を通じて自身の思考回路を根底から見直し、新しい知的な人脈を構築することで、人間関係を深く変革し再生させていくでしょう。
Pluto,Gemini,8,深い洞察力で真実を追求し、人生の本質的な変容を促す,鋭い知的な洞察力で物事の真実を追求し、共有する関係性や人生そのものを深く変容させていく性質です。,鋭い洞察知性で心理や秘密を深く探究し、人生の本質的な変容を促す力があなたにはあります。,思考が散漫になりがちだと、疑念過多や情報操作に陥りやすい傾向です。物事の本質を見極める冷静さと、相手への信頼を意識しましょう。,言葉や情報を通じて深い心の結びつきが生まれやすく、相手と秘密や核心を共有する関係になりやすいでしょう。,秘密の情報や深層心理の分析に深い洞察力を発揮し、真実を掴んで他者の本質的な変容を促す力を持ちます。,他者の知恵や力を預かり、それを大きく育てる術を学ぶことで、あなたの影響力は個人を超え、社会を動かす力となるでしょう。,他者の心理の隙を鋭く突く洞察力を持ち、共有される情報や秘密を通じて強大な権力を振るう配置。,あなたは共有されるデータや秘密情報、あるいは他者の深層心理を徹底的に分析することで、情報の力をもって周囲に大きな影響を与える能力を秘めています。遺産や権利の継承においては、情報の不透明さを排除し合理的な再編を断行することで、人生の本質的な変容を力強く促していくでしょう。
Pluto,Gemini,9,広い視野で知識を深め、世界観を根本から変容させ再生する,知識を深く追求し広い視野を持つことで、哲学や世界観を根本から変え、新しい価値観を生み出すでしょう。,探究心あふれる知性と優れた学習力で、広い視野を持ち世界観を根本から変革する力が強みです。,知識欲が散漫になりすぎると、自分の思想を誇示したり、視野が狭くなりがち。多様な意見に耳を傾け、柔軟な心を持つと良いでしょう。,思想や知識を深く追求するため、周囲からは強い説得力を持つ、知的で魅力的な人物として見られやすいでしょう。,多角的な視点と徹底した探求心で、学問や出版を通じて既存の真理を根底から見直し、新しい世界観を提示するでしょう。,多くの情報から普遍的な真実を探し求めることで、あなたの知識は実体験に基づく知恵となり、人々を導く光となるでしょう。,多様な知識を極限まで貪り、知的な冒険を通じて精神的なパラダイムシフトを何度も経験する配置。,あなたは思想や学問において、既存の理論を横断的に分析し解体することで、独自の多角的な宇宙法則を体系化する知的な探求者です。情報の海を精神的な旅の場とし、知的な覚醒を通じて人類の意識を更新するような英知を提唱することで、あなたの世界観を根本から変容させ再生していくでしょう。
Pluto,Gemini,10,知性と情報発信で社会に貢献し、キャリアを革新的に再生する,知的な情報発信と貢献を通じて、あなたの仕事や社会的な役割を根本から変え、革新的なキャリアを築きます。,知性あふれる情報統率力と影響力で、社会に貢献しながらキャリアを革新的に再生できるでしょう。,社会的な場で発言が多すぎたり、評価を操作しようとすると方針が迷走しがち。周囲の意見も尊重し、協調性を大切にすると良いでしょう。,社会的な場面では言葉に強い影響力が宿り、あなたの発信力で周囲を動かす存在として認められやすいでしょう。,知的な情報発信力と影響力が評価され、社会を革新するようなキャリアで活躍する力を発揮するでしょう。,周りの評判に流されず、心から湧き出る真実を伝えることで、周囲に尊敬される権威となり、キャリアも発展するでしょう。,情報発信力や交渉術を究極の武器にし、社会的な成功を情報操作や言葉で掴み取る配置。,あなたはキャリアにおいて、広報やメディア、あるいは教育の分野で絶大な影響力を持ち、社会的な情報の流れを支配する能力に長けています。多才な策士としての社会的なイメージを確立し、情報の力で既存の権威を塗り替えることで、革新的なキャリアを築き上げていくでしょう。
Pluto,Gemini,11,仲間との対話で未来を再構築し、理想のコミュニティを創造する,仲間との知的な対話を通して未来像や理想のコミュニティを再構築し、新たな目標を創造するタイプです。,優れた企画知性と集団への発信力で、仲間と共に未来を再構築し理想のコミュニティを創造できます。,思考が多岐にわたると、人間関係が浅くなったり、情報で他人を支配しようとしがち。仲間との深い絆を大切に、真摯な交流を意識しましょう。,仲間との対話からグループに変化をもたらし、知的な刺激を与える中心的存在として受け入れられやすいです。,仲間との対話と卓越した情報ネットワークで、社会の情報の流れを変えるような革命的なコミュニティを構築するでしょう。,情報の透明化で組織の課題を乗り越え、皆が幸福になるために知性を使うことで、真のリーダーとして支持されるでしょう。,趣味やトレンドを共有する仲間とネットワークを組み、情報の力で未来を劇的に変革する配置。,あなたは最新の情報や技術を共有する、属性に囚われない急進的なネットワークを主導する力を持ちます。友人関係においても知的な忠誠と情報の互恵性を深く求め、そのネットワークの力で未来の社会システムを根本から刷新し、理想のコミュニティを創造していくでしょう。
Pluto,Gemini,12,内なる思考を探求し、潜在意識を根源から変えて癒しを得る,自分の内なる思考を深く探求し、潜在意識を根本から変えることで、真の癒しと手放しを得るでしょう。,内省的な知性と深層思考で、自身の内面を癒し、潜在意識を根本から変容させる想像力に優れています。,内面に深く潜り込みすぎると、思考の迷路に入り込み不安が増幅しがちです。信頼できる人に相談したり、適度な気分転換を心がけましょう。,表には出にくくても内面の思考は非常に深く、静かに物事の本質を見抜く思慮深い人物として映りやすいでしょう。,目に見えない無意識の情報に深くアクセスし、裏方で精神世界の分析や体系化において絶大な力を発揮するでしょう。,知的な傲慢さや不安を手放し、深く内省する時間を持つことで、宇宙のメッセージを伝え、人々の心を癒やす力となるでしょう。,匿名の場所での発信や空想の中で強大な知性を練り、内面で言語を超えた真理を悟る配置。,あなたは無意識領域に蓄積された膨大な情報を徹底的に整理し、夢や直感を通じて革新的な知性を生み出す才能を秘めています。人知れず高度な通信技術や暗号に関心を抱き、内面で情報の再編を行うことで、精神的な自由を確保し、深い癒しを得ていくでしょう。
Pluto,Cancer,1,安心感を基盤に自己と向き合い、新しい自分へと生まれ変わる,安心感を大切にしながら、自分自身の見せ方や第一印象を根本から変え、新しい自分へと生まれ変わるでしょう。,豊かな共感力と深い愛情で、自己表現を根源から変容させ、新たな自分へと生まれ変わる意志が強みです。,感情的になりすぎると、自己表現が爆発的になったり、相手に依存しがち。自分の心を穏やかに保ち、自立した表現を意識すると良いでしょう。,感情の深さと独特の存在感がにじみ、出会った人の心に強く印象を残す人物として見られやすいでしょう。,深い共感力と「守り抜く」意志で、人々を情緒的に牽引する新しい自己を構築し、愛のために覚醒する力を発揮するでしょう。,過去の傷を癒やし、あなた自身の内なる優しい強さを解放することで、周囲に安心感をもたらす真のリーダーシップが育まれるでしょう。,深い共感力の中に圧倒的な支配力が共存し、愛する人を守るために自己を極限まで捧げる配置。,あなたは極めて強い情緒的なエネルギーを秘め、家族や大切な集団を守るために絶対的な力を発揮する慈愛と威厳を兼ね備えた個性を形成します。内面的な防衛本能が極限まで高まっており、かけがえのないものを守るために自己を根底から変容させ、新たな自分へと力強く生まれ変わっていくでしょう。
Pluto,Cancer,2,感情と直感を信じ、独自の価値や財産を深く育て再生させる,感情と直感を深く信じ、あなたならではの才能や自己価値を育て、豊かな財産を再生させていくタイプです。,優れた保護力と資源管理能力で、独自の価値や財産を深く育て、豊かさを再生させることに優れています。,感情が過敏になりがちだと、物への執着が強まり、不安から浪費しやすい傾向です。本当に大切な価値を見つめ直すと安心です。,自分の大切にしたい価値観を強く抱え、周囲からは情が深く頼りがいのある人という印象を与えやすいでしょう。,家族や愛するものを守るため、徹底した価値観を基盤に強固な収益をゼロから築き上げる力を発揮します。,所有の概念を分かち合いの循環に変えることで、物質的な安定と共に、心からの深い満足感を得られるようになります。,身内を養うための経済活動に異常な執念を持ち、家族の繁栄のために富を根底から築く配置。,あなたは経済活動において、家族や大切な人の安全を守るために徹底した資産形成と防衛を追求します。土地や不動産、あるいは食料など生存に直結する資源に対して絶対的な支配権を求めることで、家庭的な基盤を強化し、あなたならではの豊かな財産を深く育て再生させていくでしょう。
Pluto,Cancer,3,心を通わせた学びと交流で、自身の考え方を根本から変える,心を込めた学びと交流を通じて、物事の捉え方やコミュニケーションの仕方を根本から変えていくでしょう。,感情を深く洞察し共感的な対話を通じて、自身の考え方や学びを根本から変える力に優れています。,感情が揺れ動くと、過去に執着したり、情緒的な発言で混乱を招きがちです。冷静さを保ち、今の状況に集中することを心がけましょう。,あなたの言葉には感情の重みが乗りやすく、相手の心を深く揺さぶるような話し方として受け入れられやすいでしょう。,感情的な深みと鋭い洞察力で、人々の心に深く響く言葉や共感を呼ぶ情報発信において影響力を発揮します。,表面的な会話を超え、相手の心に響く真実の交流を求めることで、あなたの言葉が人々の心を癒やし、再生させる力となるでしょう。,心に突き刺さるような情緒的な言葉を使い、身近な人々を精神的に導き、変容させる配置。,あなたはコミュニケーションにおいて、相手の感情的な痛みを鋭く察知し、情緒的な共鳴を通じて人々の心へと深く入り込む才能を持っています。身近な人脈や地域社会における古い情緒的な因縁を徹底した対話によって清算し再生させることで、自身の考え方を根本から変えていくでしょう。
Pluto,Cancer,4,家族や居場所を深く見つめ直し、心の基盤を再構築する,家族や自分の居場所を深く見つめ直すことで、心の基盤を根本から再構築し、揺るぎない安心を得るでしょう。,深い愛情と守護の力で、家族や居場所の基盤を再構築し、安心できる心の土台を再生できます。,家族への感情が強すぎると、相手を支配したり、内向的になりやすい傾向です。家族との健全な距離感を保つことを意識すると良いでしょう。,親しい関係ほど深く結びつき、家族や身近な人に対しては、特に大きな影響を与える存在になりやすいでしょう。,家系の負の感情を自らの代で浄化し、究極の安らぎを与える「心の聖域」としての家庭を再構築する力を発揮します。,家族への支配欲や依存を手放し、自立した愛情で繋がることで、深い安心感と共に、次世代へ豊かな基盤を築けるでしょう。,家庭や地元の因縁を一身に引き受け、破壊された居場所を魂の聖域として再建する配置。,あなたは家庭やルーツにおいて、血縁による支配や因縁と深く向き合い、それらを自らの手で徹底的に破壊し再生させる力を秘めています。居場所に対する強烈な執着を原動力に、盤石な魂の拠り所を構築するために極限の努力を払い、心の基盤を根本から再構築していくでしょう。
Pluto,Cancer,5,心を込めて創造性を育み、深い喜びと共に表現を再生する,心を込めて創造性を育み、深い喜びを感じながら自己表現を再生させ、人生を豊かにしていくタイプです。,情熱と創造力で魅力的な表現を生み出し、深い喜びと共に自己の創造性を再生させる強みがあります。,恋愛で感情的になりすぎると、相手に依存したり、嫉妬心が強まることがあります。自分自身の心の安定を大切にすると良いでしょう。,あなたの愛情表現には濃さと情熱が混ざり、周囲にとって印象的で忘れがたい人物として心に残るでしょう。,圧倒的な情熱と母性的な献身で、育児や感情豊かな創作分野で周囲を驚かせる才能を爆発的に開花させるでしょう。,楽しみを魂を育む大切なプロセスとして捉えることで、あなたの創造性が輝き、人々を惹きつけるカリスマ性が開花するでしょう。,育てることや愛することに命を懸け、豊かな感情を爆発させてドラマチックに自己を表現する配置。,あなたは創作や恋愛において、母性的な情愛や保護衝動が極限まで高まり、相手と深く一体化することに執着する傾向があります。子供や教育に対しても徹底的に関与し、感情的な没入を通じて自身の創造性を根底から刷新することで、深い喜びと共に自己表現を再生させていくでしょう。
Pluto,Cancer,6,心の安定を大切に、仕事や習慣を根本から見直し再生する,心の安定を何よりも大切にしながら、仕事や日々の習慣を根本から見直し、健やかな自分へと再生するでしょう。,献身的な集中力と世話好きの心で、日々の仕事や習慣を根本から変革し、より良い自分を再生できます。,感情的になりがちだと、仕事や日常で過干渉になったり心配しすぎて疲労が蓄積します。肩の力を抜き、適度な休息を心がけると安心です。,身近な役割でも感情の集中力が強く、真剣に相手を支える頼れる人として周囲から深く信頼されやすいでしょう。,心の安定を基盤に、支援や保護のあり方を深く見直し、日々の仕事や習慣を根本から再生するでしょう。,完璧主義を手放し、心を癒やす時間を優先することで、高いパフォーマンスを長く続けられ、人への貢献が深い信頼を生むでしょう。,周囲への献身が極限に達し、職場の環境やケアのあり方を根本から作り変える力を持つ配置。,あなたは仕事において、他者のケアや生活環境の改善に極限まで身を投じ、現場の福祉や保健体制を抜本的に作り替える才能を秘めています。職場の人間関係を家族的な連帯へと再生させる重要な役割を担い、献身的な実務能力で周囲を圧倒することで、健やかな自分へと再生していくでしょう。
Pluto,Cancer,7,感情的な絆を深め、人間関係を根底から変容させ再生する,感情的な深い絆を大切にし、人間関係やパートナーシップを根底から変容させ、新たな関係性を築くでしょう。,豊かな共感力と深い信頼を築き、人間関係を根底から変容させ、強固な絆を再生させる力が強みです。,対人関係で感情的になりすぎると、相手に依存したり、感情で操ろうとしがち。互いを尊重し、健全な関係性を築くことを意識しましょう。,一対一の関係では情の深い結びつきを求め、相手と根底から強い信頼関係を築く傾向があるでしょう。,感情的な深みと強い絆で、パートナーシップを根底から変容させ、魂の再生を促すような関係性を築けるでしょう。,相手を感情で支配する欲求を手放し、互いの自立を尊重することで、深い絆が生まれ、最高のパートナーシップを築けるでしょう。,対人関係において家族同然の深い一体感を求め、逃げ場のないほど濃密な絆を経験する配置。,あなたはパートナーシップにおいて、情緒的な深い絆と一体感を絶対的な条件とし、相手と心理的に融合することを強く求めます。相手が情緒的な危機に陥った際には、身を挺して守ることで関係性を究極的なものへと変容させ、人間関係を根底から再生させていくでしょう。
Pluto,Cancer,8,内なる感情を深く探求し、人生の核心的な変容を促す,内なる感情を深く探求し、他者との強い絆や共有する財産、人生そのものの核心的な変容を促す性質です。,深い洞察力と感情の理解で、共有される絆を育み、人生の核心的な変容を促す再生力に優れています。,深い関係性で感情が揺れ動くと、執着や支配欲が強まり極端な反応になりがちです。心を落ち着かせ、バランスの取れた対応を心がけましょう。,特に深い関係性では感情が強く融合し、相手にとっても人生を変えるほどの重要な関係になりやすいでしょう。,家系の財産や深い感情、生と死の神秘を探求し、極限の経験を通じて人生の本質的な変容を促す力を発揮します。,他者の心の痛みや資源を再生する力を学ぶことで、社会に大きな恵みをもたらし、精神的な豊かさと成功を手にするでしょう。,深い絆や遺産の継承において壮絶な体験をし、情緒的な一体化を通じて魂の再生を果たす配置。,あなたは共有財産や遺産、あるいは集団の深層心理に潜む家族的なしがらみや古い執着を徹底的に清算し、新たな関係性を再生させる力を持ちます。不可避な情緒的継承を通じて自己の魂を根底から変容させ、真の精神的自立を勝ち取ることで、人生の核心的な変容を力強く促していくでしょう。
Pluto,Cancer,9,精神的な探求を通じて、深い感情と世界観を再構築する,精神的な探求に深く心を傾け、哲学や高い視点を通して、あなたの世界観を根本から再構築していくでしょう。,深い共感力と守護の精神で、信念や世界観を再構築し、精神的な学びを深めることができます。,感情的な信念に囚われすぎると、視野が狭くなり、偏った思想になりがちです。多角的な視点を持ち、柔軟な心で学ぶと良いでしょう。,感情と信念が強く結びつき、聞く人の心を深く動かすような熱い思想を語る人物として見られやすいでしょう。,高い理想と母性的な探求心で、学問や思想の分野で既存の枠組みを根底から見直し、世界を癒やす力を発揮するでしょう。,理想を「家族のような世界」を作る具体的な行動に変え、新しい価値観を学ぶことで、あなたの愛が世界を導く大きな力となるでしょう。,愛こそが宇宙の真理であると信じ抜き、精神的な学びを心の安らぎのために徹底的に深める配置。,あなたは思想や学問において、民族的なルーツや心理学を深く掘り下げ、そこから独自の宇宙観を構築する探求者です。海外の文化を人類の家族という温かい視点で分析し、情緒的な繋がりを基準とした新しい精神性の規範を確立することで、あなたの世界観を根本から再構築していくでしょう。
Pluto,Cancer,10,共感と養育の精神で社会貢献し、キャリアを深く刷新する,共感と養育の精神で社会に深く貢献し、あなたの仕事や公的な役割、キャリアを根本から刷新していくでしょう。,豊かな包容力と深い信頼で人々を導き、社会に貢献しながらキャリアを刷新する優れた支配力があります。,社会的な評価を感情で判断したり、家族を優先しすぎると依存的になりがち。客観的な視点を持ち、自分の信念を大切にすると良いでしょう。,社会的な場でも情の深さと強い責任感がにじみ、周囲に大きな影響力を持つ人物として映りやすいでしょう。,守る力や再建力が評価され、共感と養育の精神で社会貢献する重要なキャリアで活躍するでしょう。,評判に惑わされず、誠実な心を貫くことで、周囲から「心の親」として慕われ、共感と成長を基盤にキャリアを発展させられるでしょう。,大衆を養い守る役割を社会的な公約として担い、情の厚い、しかし逆らえない指導者となる配置。,あなたはキャリアにおいて、不動産や公共福祉の分野で揺るぎない地位を築き、社会の保護者としての権威を確立するでしょう。慈愛に満ちたリーダーとしての社会的なイメージを確立し、大衆に深い安心を与えるシステムを構築することで、あなたのキャリアを根本から刷新していきます。
Pluto,Cancer,11,仲間と感情的に繋がり、コミュニティを深く変革し再生する,仲間と感情的に深く繋がり、未来の理想像やコミュニティを根本から変革し、新たな希望を生み出すでしょう。,仲間への深い共感と支援力で、コミュニティを強く結束させ、未来志向で変革し再生させる力が強みです。,感情的になりがちだと、身内を偏重したり、集団に依存しやすい傾向です。個人の意見を尊重し、健全な関係性を築くことを意識しましょう。,仲間との結びつきが非常に濃くなりやすく、グループの中で感情的な中心となる存在になりやすいでしょう。,志を共にする「家族のような仲間」と共に、社会のシステムを根底から変革し、新しい未来を創造するでしょう。,コミュニティの課題を共感と連帯で乗り越え、皆の幸福のために力を使うことで、あなたは真のリーダーとして支持されるでしょう。,家族同然の仲間と未来を夢見、安心できる居場所を作るために古い社会システムを壊す配置。,あなたは家族のような強い絆で結ばれたコミュニティを主導し、社会の不条理から仲間を守るために徹底的な活動を展開するでしょう。友人関係においても絶対的な忠誠と情緒的な共有を深く求め、未来の理想郷を共同で構築することで、コミュニティを深く変革し再生させていきます。
Pluto,Cancer,12,深い感情と内面を見つめ、潜在意識を癒し生まれ変わる,深い感情と内面を徹底的に見つめ、潜在意識を癒すことで、過去を手放し新しい自分へと生まれ変わるでしょう。,深い精神的な共感力で内面を癒し、潜在意識を根源から変容させ、自分自身を再生させる力があります。,感情が迷走しすぎると、現実から逃避したり、孤立しがちです。自分の感情と向き合い、心安らぐ時間を見つけることを心がけましょう。,表には出にくくても内面の感情は非常に深く、静かながらも底知れない迫力を感じさせる人物として映りやすいでしょう。,集合的な悲しみや無意識を癒やす力を持ち、裏方で献身的に調整し、精神世界の探求に絶大な力を発揮します。,深い孤独や不安を癒やすことで、潜在意識の知恵を現実で活かせるようになり、人々を癒やし文明を変える偉業につながるでしょう。,内面にある繊細な怒りや悲しみを一人の時間で極限まで浄化し、深い癒やしの力を密かに得る配置。,あなたは無意識領域にある過去のトラウマや家族の因縁を徹底的な内的作業を通じて癒やし、強大な情緒的パワーを獲得するでしょう。人知れず他者をケアする技術を磨き、内面的な安らぎの定義を自らの手で根底から刷新することで、新しい自分へと生まれ変わっていきます。
Pluto,Leo,1,創造と情熱で自己表現し、自分自身を根本から変え輝く,創造的な情熱を活かして自己表現することで、あなた自身の魅力や第一印象を根本から変え、輝きを放ちます。,圧倒的な表現力と意志の強さで、自己を根本から変容させ、魅力的に輝くリーダーシップを発揮できます。,プライドが高くなりがちだと、自己顕示欲が強く出たり、誇張しすぎる傾向です。謙虚な姿勢を大切に、自然体で表現すると良いでしょう。,存在感とカリスマ性が自然とにじみ出て、多くの人を惹きつける魅力的な人物として周囲に見られやすいでしょう。,圧倒的なカリスマ性と自己信頼で、人々の創造性を刺激するような「王」として中心で輝く力を発揮します。,自己中心的な欲求を手放し、他者を輝かせる情熱を解放することで、真の指導力が目覚め、時代を牽引する存在となれるでしょう。,圧倒的な存在感と王者のような威厳を放ち、自らを劇的なスターとして何度も生まれ変わらせる配置。,あなたは圧倒的な自己肯定感とカリスマ性を個性の核とし、周囲を惹きつける強烈な存在感を放ちます。自分自身を理想の王として体現するために自己を徹底的に磨き上げ、既存の社会的枠組みを自らの意志で塗り替えることで、根本から輝きを放つ新たな自分へと変容していくでしょう。
Pluto,Leo,2,創造性と情熱で才能を開花させ、新たな価値を築き上げる,豊かな創造性と情熱をもってあなたの才能を開花させ、自分自身の力で新たな価値や豊かさを築き上げるタイプです。,確固たる自尊心と創造性で、価値観を深く変容させ、財力を生み出す魅力的な才能が強みです。,プライドが高まりすぎると、見栄のための浪費や、過剰な自尊心につながりやすいです。本当に必要な価値を見極めることを意識しましょう。,自分の誇りや価値観を強く大切にするため、周囲には堂々として揺るがない人物という印象を与えやすいです。,自己表現と創造性を価値に変える才能で、エンターテインメントや独自のブランドを通じて莫大な富を築き上げるでしょう。,所有の概念を社会への価値証明に変えることで、物質的な成功と自信を得られ、大胆な直感で世界規模の豊かさを築けるでしょう。,自らの才能を独自のブランドとして確立することに執念を燃やし、誇り高い巨大な富を築く配置。,あなたは独自の才能やブランド力を絶対視し、自らの価値を極限まで高めることで、巨万の富を築き上げる力を秘めています。金銭的価値を自己表現の手段と捉え、クリエイティブな分野やエンターテインメントにおいて絶対的な支配権を確立することで、あなたならではの豊かな価値を創造していくでしょう。
Pluto,Leo,3,創造的な学びと発信で、知的好奇心と表現力を変革する,創造的な学びと情熱的な発信を通じて、知的好奇心と表現力を根本から変革し、新しい自分を見出すでしょう。,創造的な知性と魅力的な発信力で、人々の思考や伝え方を根本から変革し、新たな価値を生み出せます。,プライドが高くなりがちだと、発言を誇張したり、注目されたい気持ちが強まる傾向。誠実な言葉を選び、相手を尊重する姿勢が大切です。,言葉に迫力と豊かな表現力が宿り、周りの人を惹きつける魅力的な話し手として見られやすいでしょう。,情熱的で力強い言葉と豊かな想像力で、人々の心を震わせるドラマチックな表現や伝達において影響力を発揮します。,表面的な会話を超え、感動を呼ぶ真実を伝えることで、あなたの言葉が多くの人を動かし、知的な影響力を社会にもたらすでしょう。,表現力豊かな魅力的な言葉で人々を熱狂させ、日常の会話にドラマチックな革命を起こす配置。,あなたはコミュニケーションにおいて、ドラマチックな言葉と圧倒的な演出力を巧みに駆使し、人々の意識を劇的に変容させる才能を持っています。既存のメディアや教育の場において、自らのアイデアを絶対的な真理として提示し情報の発信源を掌握することで、あなたの表現力を根源から変革していくでしょう。
Pluto,Leo,4,創造力を活かして家庭や居場所を再構築し、深く根付く,創造的な発想で家庭や居場所を再構築し、心の基盤を深く根付かせることで、揺るぎない安心感を得るでしょう。,深い愛情と誇りを持って家庭を統率し、居場所の基盤を根本から変革して、安らぎを創造できます。,家庭内でプライドがぶつかり合うと、支配的になったり、感情を誇張しがちです。家族の気持ちを思いやり、穏やかな対話を心がけましょう。,親しい人との関係でも存在感が大きく、家庭や身近なコミュニティでは中心人物になりやすい傾向があります。,家系の確執を自らの代で清算し、誇り高く愛に満ちた「魂の拠点」としての家庭を創造的に再構築するでしょう。,家庭での支配欲を手放し、家族の個性を尊重することで、揺るぎない安心感を得られ、次世代へ豊かな心の基盤を築けるでしょう。,家庭内で絶対的なリーダーシップを発揮し、誇り高い理想の居場所を自らの手で死守する配置。,あなたは家庭生活を自らの権威の象徴と捉え、居住環境を豪華で盤石な宮殿として徹底的に作り上げるでしょう。家族内においては支配的な役割を担いやすく、居場所を通じて自らの誇りと伝統を再生させることに深く執着することで、揺るぎない心の基盤を築き上げていきます。
Pluto,Leo,5,創造的な情熱を徹底的に追求し、自己表現を生まれ変わらせる,創造的な情熱を徹底的に追求し、心から楽しみながら自分らしい自己表現を生まれ変わらせていくタイプです。,溢れる情熱と創造力で、自己表現を深く変容させ、常に主役として輝き周囲を魅了する力が強みです。,恋愛で自己表現が強すぎると、自己顕示欲や嫉妬心が高まりがちです。相手の気持ちを大切にし、素直な愛情を育むと良いでしょう。,あなたの自己表現には圧倒的な魅力と情熱が表れやすく、周囲の心に忘れがたい存在として印象に残るでしょう。,圧倒的なこだわりと集中力で、舞台や芸術など創造的な自己表現において周囲を畏怖させるほどの才能を爆発させます。,楽しみを創造のプロセスとして深く追求することで、あなたの閃きが歴史を変える実績となり、素晴らしい才能が開花するでしょう。,自分にしかできない表現に命のすべてを注ぎ、圧倒的なクリエイティビティで時代に名を刻む配置。,あなたは創作や恋愛、あるいは投資において、命がけの情熱と徹底的な没入を経験し、周囲を驚かせる衝撃的な成果を生み出すでしょう。自らの表現活動に究極の美的価値を求め、従来の娯楽の枠を超えたドラマチックな体験を通じて、あなたらしい自己表現を生まれ変わらせていきます。
Pluto,Leo,6,創造的な情熱で仕事や習慣を刷新し、日々の生活を再生する,創造的な情熱を注ぎ込み、仕事や日々の習慣を根本から刷新することで、充実した毎日を再生させていくでしょう。,創造的な情熱で仕事や日々の習慣を統率し、効果的な改善へと導く実務集中力が強みです。,仕事で評価への執着が強すぎると、完璧を求めすぎて周囲を支配しがちです。肩の力を抜き、協力し合う姿勢を大切にすると安心です。,役割や仕事に強い誇りと集中力を持ち、その熱意で周囲を自然と引き込む人物として見られやすいでしょう。,強い意志と創造性で、日々の仕事や現場をより良い流れに変えていけます。,完璧主義を緩め創造性を仕事に活かすことで、質の向上と周囲からの深い信頼につながります。,自らの誇りをかけた仕事に全力を傾け、現場を劇的に活気づけるクリエイティブな独裁者となる配置。,あなたは創造的な情熱を仕事に注ぎ込み、日々のルーティンや職場環境を根本から刷新する力があります。自らの専門性と指導力を最大限に発揮し、非効率な組織を唯一無二の職務環境へと生まれ変わらせるでしょう。
Pluto,Leo,7,創造性を発揮し、人との絆を深く変え、新たな関係を築く,創造的な情熱を活かし、人との深い絆の中で、関係性を大きく変革していく性質です。,持ち前の魅力で人との関係を深く変容させ、強い信頼関係を築き協働を統率できる能力に優れています。,自分が主役でいたい気持ちが強まり、相手を支配しがちなので、パートナーの意見にも耳を傾けることで関係が調和しやすくなります。,一対一の関係では、情熱的で深いつながりを築きやすく、相手の心に強く印象づけられるでしょう。,創造的な情熱が深い絆を生み、人との出会いがあなたを大きく変革させます。,相手を尊重し深い絆を築くことで、真のパートナーシップが育まれ、最強の味方を得られるでしょう。,パートナーと共に人生の舞台で輝くことに命を燃やし、互いを高め合う劇的で激しい絆を好む配置。,あなたはパートナーシップにおいて、互いの創造性を刺激し合い、共に輝く関係性を強く求めます。深い絆の中で劇的な変容を経験し、相手の成功が自らの人生をも華やかに刷新する契機となるでしょう。
Pluto,Leo,8,創造的な活動が、自己と他者の深い変革を促し再生する,創造的な活動を通じて、他者との深い繋がりの中で、自分自身を根本から変革し再生していくタイプです。,深い洞察力で物事の本質を捉え、創造的な魅力で自己と他者の再生を促す力があります。,深い絆を築く際、自分の考えに固執しすぎて相手を支配しがちです。柔軟な心を持つことで、より豊かな関係が築けるでしょう。,深い関係では情熱的に相手と向き合い、変容を促すような強烈な結びつきを生みやすいでしょう。,深い情熱と創造性で、共同事業や専門分野に真の変革を起こすでしょう。,他者の情熱を再生させるリーダーとなり、支配欲を癒やしに変えることで、精神的豊かさとカリスマ的成功につながります。,共有するエネルギーや絆を劇的に変容させ、魂を震わせる深い愛のために自己を壊し再生する配置。,あなたは創造的な活動を通じて、他者との深い絆や共有するエネルギーを根本から変革していきます。心理的な影響力と統率力で大規模なリソースを動かし、その中で自分自身をより誇り高く再生させるでしょう。
Pluto,Leo,9,創造的な探求を通して、深い知恵と新しい自分を発見する,創造的な好奇心に突き動かされ、深い学びや探求を通して、新たな世界観を切り開いていくでしょう。,強い信念と魅力的な表現力で、人々の学びや視野を広げ、深い知恵へと導く指導力が強みです。,自分の思想や信念を誇張し、独善的になりがちです。他者の意見にも耳を傾け、視野を広げることで、より深い学びが得られます。,理想や思想を情熱的な表現力で語るため、周囲からはカリスマ性のある人物として見られやすいでしょう。,高邁な理想と不屈の探求心で、新たな思想を打ち立てる創造者です。,理想を「希望の物語」として具体化し、常に新しい創造性に触れることで、世界規模での大成につながるでしょう。,高潔な理想を哲学として掲げ、自らの思想を華々しく世界へ示すために圧倒的な行動を取る配置。,あなたは創造的な好奇心に突き動かされ、深い思想や学問を通して、自身の意志が神聖な力と繋がるような英雄的哲学を確立します。その独自の美学と輝かしい信念は、新たな世界観を切り開き、時代を導く知恵となるでしょう。
Pluto,Leo,10,創造性を発揮し、社会や仕事に大きな変革と新たな価値を生み出す,創造性を存分に発揮し、社会や仕事のあり方を根本から変革していく使命感を持つタイプです。,創造的な魅力と確かな実績で社会的な役割を統率し、大きな変革と新たな価値を生み出す能力があります。,社会的な立場や評価に強く執着し、専横的になりがちです。謙虚な姿勢を心がけることで、周囲との調和が生まれやすくなります。,社会的な場では強い存在感を放ち、周囲から自然と行動を導くリーダーとして期待されやすいです。,創造的な存在感と統率力で、社会に変革をもたらすリーダーとして活躍します。,名声より純粋な志で行動し、困難を再生の糧にすることで、長期的な成功を持続できるでしょう。,社会的な成功を自らの伝説として刻むべく、圧倒的なカリスマ性で頂点を極める配置。,あなたは社会や仕事のあり方を根本から変革する使命感を持ち、芸能や政治、クリエイティブな分野で圧倒的な創造性を発揮します。自らの誇りをかけた活動で既存の権威を塗り替え、社会にその名を刻む象徴的なリーダーとなるでしょう。
Pluto,Leo,11,仲間との創造的な活動が、グループに変革と新たな可能性をもたらす,創造的なアイデアで仲間たちを巻き込み、グループやコミュニティに大きな変革と新しい未来をもたらすでしょう。,創造的な企画力と強い影響力で仲間を鼓舞し、グループに未来への変革と新たな可能性をもたらします。,自分が注目されたい気持ちから独走し、グループを支配しようとしがちです。仲間との協調を意識することで、一体感が深まるでしょう。,仲間の中では中心的存在になりやすく、グループ全体に強い影響を与え、変革をもたらすでしょう。,卓越したネットワークと創造的ビジョンで、仲間と社会に変革を起こすリーダーです。,既存の停滞を創造性で打破し、大義のために情熱を使うことで、カリスマリーダーとして絶大な支持を得られるでしょう。,魅力的な仲間と共に壮大な未来を語り、ドラマチックな社会変革のために先頭に立つ配置。,あなたは創造的なアイデアで個性的で才能豊かな仲間たちを巻き込み、グループやコミュニティに大きな変革をもたらします。互いの独立心と輝きを尊重しながら、未来を華やかに彩る壮大なプロジェクトを力強く推進していくでしょう。
Pluto,Leo,12,創造性で内面深くを探求し、魂の変容と新たな自分を呼び覚ます,内なる創造性を使い、無意識の奥深くを探求することで、魂の深い変容を経験し、新しい自分へと生まれ変わります。,豊かな想像力と内なる魅力で精神を創造的に探求し、魂の深い変容を促して再生へと導く力があります。,内面に深く潜りすぎると、現実から目を背け孤高になりがちです。外の世界とのつながりを大切にすると、心の安らぎに繋がります。,表には出にくくても内面の強い意志を感じさせ、静かに周囲に影響を与える存在として映りやすいです。,秘めた創造的エネルギーで、裏方や精神世界で魂を揺さぶる変革を起こします。,内面の傲慢さや孤独を浄化し、瞑想や創作を大切にすることで、生命の知恵が湧き偉業を成し遂げられるでしょう。,内なる王者のような情熱を一人の時間で静かに練り、密かな創作活動を劇的に進める配置。,あなたは内なる創造性と強烈な野心を無意識の奥深くへと向け、孤独な時間の中で真の王としての自己を磨き上げます。魂の深い変容を経て、潜在的な承認欲求は揺るぎない内面的な確信へと転換され、絶対的な自信と安寧を自らの手で築き上げるでしょう。
Pluto,Virgo,1,自分を深く見つめ、改善を重ねることで、新しい自分に生まれ変わる,自分自身を深く見つめ、改善を重ねることで、周囲に与える印象や、自分のあり方を根本から変えていくでしょう。,鋭い分析力と改善への強い意志で、自己表現を磨き上げ、新しい自分に生まれ変わる力が強みです。,完璧さを追求するあまり、自分や他者に神経質になり批判的になりがちです。完璧主義を手放し、おおらかさを意識すると良いでしょう。,静かな雰囲気の中に鋭い洞察力がにじみ、物事の本質を見抜く人として周囲から頼りにされやすいでしょう。,緻密な分析と徹底した実務能力で、専門分野の改善に力を発揮します。,自己否定を手放し能力を社会に活かすことで、質の極致を追求する唯一無二の専門家になれるでしょう。,精密な実行力と潔癖な自己規律が極限に達し、物事を完璧に整えるために自己を律し続ける配置。,あなたは極めて精密な分析能力と合理性を個性の核とし、自らの心身を完璧にコントロールしようとします。微細な不調和も見逃さず徹底した自己管理を通じて、周囲に与える印象や、自分のあり方を根本から変えていく実務的な変革者となるでしょう。
Pluto,Virgo,2,才能や価値観を磨き上げ、お金との向き合い方を根本から変える,自分の才能や価値観を徹底的に磨き上げ、お金や物質的な豊かさとの向き合い方を根本から変えていく性質です。,優れた管理力と実利的な洞察力で、価値や資源を整理し、豊かな未来を創造する力が強みです。,お金や所有物に対し欠乏感や完璧さを求めすぎて、細部にこだわり節約しすぎがちです。心の豊かさを意識すると安心感が生まれます。,自分の価値観や基準を徹底的に守る姿勢は、周囲に揺るがない誠実な人物という印象を与えやすいです。,実利的な管理能力で、緻密なシステムを築き盤石な収益を生み出します。,「所有」より「管理と改善」を重視し、新しい技術へ大胆に投資することで、莫大な富をコントロールできるでしょう。,緻密な金銭管理や専門スキルの習得に全力を注ぎ、実務的な方法で盤石な財産を築き上げる配置。,あなたは自分の才能や価値観を徹底的に磨き上げ、経済活動において細部へのこだわりと高度な分析能力を発揮します。金銭管理に徹底した合理性をもって無駄を排除し、自らの力で盤石な資産と経済的な自律を築き上げるでしょう。
Pluto,Virgo,3,学び方や伝え方を徹底的に改善し、コミュニケーションで変革を起こす,言葉や情報の伝え方を徹底的に改善し、周囲とのコミュニケーションに大きな変革をもたらしていくタイプです。,論理的な洞察力と分析的な知性で、思考や伝達を徹底的に整理し、コミュニケーションに変革を起こせます。,思考が完璧さに囚われ、批判的な発言が増え神経が疲れやすい傾向です。柔軟な発想を心がけ、肩の力を抜くと楽になるでしょう。,言葉に深い分析力と鋭さが宿るため、相手の核心を突く的確なコミュニケーションをしやすいでしょう。,正確な情報整理と鋭い対話力で、教育やコミュニケーションに変革を起こします。,表面的な知識を嫌い、核心を論理的に伝えることで、知的な権威として周囲を導けるでしょう。,正確な情報を分析して伝えることに執念を燃やし、日常の不備を徹底的に修正して秩序を作る配置。,あなたはコミュニケーションにおいて、論理の矛盾を徹底的に突き、膨大なデータを処理する鋭い知性で情報の正確性を極限まで追求します。既存の情報処理システムや教育方法を合理化し刷新することで、周囲とのコミュニケーションに大きな変革をもたらすでしょう。
Pluto,Virgo,4,家庭のあり方を見直し、基盤を改善することで、安定と再生を掴む,家庭のあり方や心の基盤を徹底的に見直し、改善することで、深い安定と再生を掴むことを大切にします。,家庭の基盤を丁寧に整理し、実務的な管理能力で安定と安心感を生み出す継続的な力があります。,家庭や基盤に対し完璧さを求めすぎて、細部に干渉し批判的になりがちです。家族の個性を尊重すると、より安心できる場所になります。,親しい人との関係では細やかな観察力が働き、相手に深い理解を示す心強い存在になりやすいでしょう。,家庭の基盤を徹底的に改善し、安心できる健全な環境を再構築するでしょう。,過干渉を断ち家族の自立を支えることで、不動の安心感を得て、次世代に正しく生きる力を継承できます。,家庭内の秩序とルールを厳格に守り、実務的なサポートを通じて居場所を完璧に整える配置。,あなたは家庭環境や生活秩序において徹底した清潔さと合理性を追求し、機能的な居場所を作るために細部まで管理します。居住空間の不調和を排除し、家族の健康や生活動線を科学的に再構築することで、深い安定と再生を掴むでしょう。
Pluto,Virgo,5,創造的な楽しみを洗練させ、表現力を高めることで新たな魅力が生まれる,楽しみや自己表現の方法を洗練させることで、自分自身の魅力を大きく高め、根本的な変化を求めるタイプです。,繊細な観察力と集中力で技巧を磨き、洗練された表現力で新たな魅力を生み出すことに優れています。,恋愛や創造性を分析しすぎたり、批判的になったりして気疲れしがちです。心のままに楽しむことを意識すると、魅力が輝きだします。,表現に繊細さと深みが混ざるため、静かで洗練された魅力を持つ人物として周囲に印象を残すでしょう。,職人気質のこだわりと集中力で、緻密な創作分野に才能を発揮するでしょう。,楽しみを真剣な自己修練と捉え、完璧な完成度を追求することで、卓越した天才性が開花するでしょう。,職人的なこだわりを持って趣味や創作に没頭し、極めて高い完成度を執拗に追求する配置。,あなたは創作活動において職人的な完璧さを追求し、緻密な計算と技術を融合させた隙のない独創的作品を生み出します。娯楽や自己表現に対しても実用的価値と完成度を求め、自らのスキルを極限まで磨き上げることで新たな魅力を開花させるでしょう。
Pluto,Virgo,6,日々の仕事や生活習慣を改善し、効率を高めて自分自身を刷新する,日々の仕事や生活習慣を徹底的に改善し、効率と質を高めることで、自分自身を根本から刷新していく性質です。,優れた管理力と実務能力で、日々の習慣や仕事を根本から改善し、効率を高めることで自分自身を刷新します。,日常のタスクや仕事で完璧を求めすぎ、過労や神経過敏になりがちです。適度な休息と力を抜くことを心がけると、心身が安定します。,仕事や役割には徹底した集中力を発揮し、周囲から信頼される実務家として高く評価されやすいでしょう。,無駄を徹底的に見直し業務改善を進め、効率的な仕事の流れを築けます。,ゆとりを確保し仕事への執着を「社会全体の改善」に向けることで、実力者として深い信頼を得られるでしょう。,完璧な役割遂行と献身的な実務に全エネルギーを傾け、現場の混乱を緻密に解決する配置。,あなたは日々の仕事や生活習慣において、医療や分析、品質管理などの分野で完璧な実務を遂行するために自己を極限まで律します。現場の非効率なマニュアルを批判し、最新の科学的知見に基づいた合理的なシステムを再構築することで、自分自身を根本から刷新していくでしょう。
Pluto,Virgo,7,人間関係の質を高め、パートナーシップを根本から改善し再生する,人間関係やパートナーシップの質を深く見つめ、改善を重ねることで、関係性を根本から再生していくタイプです。,鋭い分析力と洞察力で人間関係を深く理解し、的確な調整によって協働を再生させる力が強みです。,人間関係で相手の完璧さを求め、細部に干渉し批判しがちです。相手の個性を受け入れると、心の繋がりがより深まるでしょう。,一対一の関係では相手を深く理解しようと努め、かけがえのない濃い信頼関係を築きやすいでしょう。,誠実さと緻密な交渉力で、質の高いパートナーシップを築き大成するでしょう。,相手の個性を尊重し融合させることで、真の絆を築き、共に目的を達成できる最強のパートナーを得られるでしょう。,誠実さと実務的な協力関係を対人関係に求め、互いを律し高め合うための交渉を徹底する配置。,あなたは対人関係において、実務的に有能で知的な刺激を与えてくれる相手を厳選し、互いの役割を明確にした徹底的な契約関係を築きます。協力者の健康状態を気遣いながらも、実利を伴う強固な絆を構築し、関係性を根本から再生していくでしょう。
Pluto,Virgo,8,深い絆や共有資産を徹底的に見直し、根本的な変容と再生を促す,他者との深い絆や共有するものを徹底的に見直し、根本的な変容を通して、自己と関係性を再生するタイプです。,深い洞察力と心理分析で物事の本質を理解し、共有する絆を根本から再生へと導く能力があります。,深い関係において相手を分析しすぎたり疑念を抱きがちで、内面が疲弊しやすい傾向です。相手を信頼する心を持つと、安心感が生まれます。,深い関係では相手の本質に踏み込むことで、互いの成長を促すような関係になりやすいでしょう。,組織の深部や共有資産の管理を通じて、真のパワーを発揮し再生を促します。,他者の課題を改善・再生させる役割を全うし、支配欲を奉仕に変えることで、カリスマ的な成功につながります。,共有資産や深い絆を緻密なデータで管理し、実務的な問題を解決して関係を刷新する配置。,あなたは他者との共有財産や遺産、組織の権利関係において、透明性を極限まで高めるための厳格な管理体制を構築します。他者の負債や不透明な秘密を実務的に清算するプロセスを通じて、自己と関係性の深い変容と再生を促すでしょう。
Pluto,Virgo,9,深い学びや探求を緻密に改善し、真理に近づき新たな知性を得る,深い学びや探求を緻密に改善することで、真理に近づき、新たな知性と世界観を切り開いていくでしょう。,理論を深く探求し、思想を緻密に分析する理解力で、知性を磨き真理へと近づく力が強みです。,学びや思想において理屈に偏重し、批判的になり視野が狭くなりがちです。多角的な視点を取り入れると、新しい発見があるでしょう。,思想や知識を徹底的に掘り下げ、深い洞察力を持つ人物として周囲から尊敬を集めやすいでしょう。,実用的な探求心と哲学で、学問や教育活動に大きな変革をもたらします。,理想を具体的なシステムに落とし込み、常に実務知識で自らを更新することで、世界規模での大成につながるでしょう。,実生活に直結する専門知識を極めることに情熱を燃やし、情報を整理して人生の指針を立てる配置。,あなたは思想や学問において、神秘的な現象や高度な知恵を論理とデータで解明しようとするストイックな探求心を持ちます。真理へのハードルを極限まで上げ、地道な研究を通じて形のない世界を実用的な英知へと再編し、新たな知性と世界観を切り開いていくでしょう。
Pluto,Virgo,10,キャリアや社会貢献のあり方を見直し、改善を通して大きな変革をもたらす,キャリアや社会貢献のあり方を見直し、改善を通して、自分の使命や社会的な役割を大きく変革していく性質です。,実務を統率する力と着実な改善によって、社会的な役割に大きな変革と信頼をもたらすことができます。,社会的な評価や仕事に対し完璧を求めすぎて、不安を感じやすい傾向です。努力も大切ですが、適度な休息も意識すると良いでしょう。,社会的な場では細部までやり抜く粘り強さが評価され、任されたことを確実に形にする人として信頼されやすいです。,優れた改善力と管理力で、仕事や社会に大きな変革を起こし信頼を得ます。,名声に執着せず現場の真理を貫くことで、尊敬される指導者となり、長期的な成功を持続できるでしょう。,卓越した実務能力を社会的な武器にし、着実な貢献によって揺るぎない地位を獲得する配置。,あなたはキャリアにおいて医療や科学、データ解析の分野で絶対的な地位を築き、社会の機能を正常化させる重要な役割を担います。社会的職務を完璧に全うしようと自己を犠牲にしがちですが、その誠実さが大きな変革をもたらし、確固たる名声へと繋がるでしょう。
Pluto,Virgo,11,仲間との関係性や目標を改善し、グループの理想を大きく変革する,仲間との関係性や理想を改善し、グループの目標や未来像に大きな変革をもたらしていくことを大切にします。,優れた計画管理能力と実務協力で組織を改善し、仲間と共に未来の理想を大きく変革できるでしょう。,仲間との活動で完璧を求めすぎ、細部に干渉し批判的になりがちです。皆の意見を尊重し、おおらかな気持ちで接すると良いでしょう。,仲間の中では状況を見抜く役割を担い、グループに大きな影響を与えて良い変化を促すでしょう。,現実的ビジョンと強い責任感で、仲間と共に社会変革のリーダーとして活躍します。,コミュニティの無駄を排除し、大義のために知性を使うことで、カリスマとして絶大な支持を得られるでしょう。,具体的な社会改善を目指す仲間と協力し、緻密な計画を立てて理想の未来を構築する配置。,あなたは社会を具体的に改善しようとする奉仕団体や高度な技術者のネットワークを主導し、共通の課題解決に徹底して取り組みます。仲間との関係性や理想を改善しながら、実力と合理性をもって未来のビジョンを確実なステップで具現化していくでしょう。
Pluto,Virgo,12,内面を見つめ、精神性を高めることで、魂の深い変容と再生を経験する,内面を深く見つめ、精神性を高めることで、無意識領域での深い変容を経験し、魂の再生を求めるタイプです。,鋭い内省と精神の整理を通して、内面を深く変容させ、魂の再生を促す力が強みです。,内面を探求しすぎると、自己批判や不安が増幅し、思考の迷路に入りがちです。信頼できる人に話を聞いてもらうと、心が癒されます。,表には出にくくても、内面の深い分析力で物事の本質を静かに見抜く人物として映りやすいでしょう。,見えない情報の分析力で、裏方や精神世界で抜本的な環境整備に貢献します。,自己批判や不安を浄化し研究を大切にすることで、宇宙の秩序を活かす知恵が湧き、偉業を成し遂げられるでしょう。,内面にある完璧主義を一人の時間で静かに調整し、人知れぬ実務や奉仕にエネルギーを使う配置。,あなたは無意識領域にある思考の不備や身体的不安を徹底的に分析し、孤独な時間の中で精神的な整理整頓を極めます。潜在的な不安を内なるヒーリング能力の覚醒へと転換させ、魂の深い変容を経て強固な精神的再生を遂げるでしょう。
Pluto,Libra,1,周囲との調和を追求し、バランスを通して自分自身を大きく変革する,人との調和を追求し、バランスを保つことで、自分自身の印象やあり方を大きく変革していくことを大切にします。,人間関係への深い洞察力と優れた調整力で、自己表現を洗練させ、魅力的に変容させる力が強みです。,周囲の評価を気にしすぎて自己表現が曖昧になり、優柔不断になりがちです。自分の意見を大切にすると、自信を持って進めます。,静かな存在感と鋭い対人感覚がにじみ、人の本質を見抜く人物として周囲から一目置かれやすいでしょう。,洗練された社交性と調和の力で、人間関係に変革を起こし信頼を得るでしょう。,健全な対立を恐れず真実を追求することで、真の社交力が覚醒し、信頼される指導者になれるでしょう。,洗練された社交性と公平な判断力が極限に達し、他者との調和を通じて自己を刷新し続ける配置。,あなたは対人関係の均衡を保つために自己を徹底的に改造し、他者との関わりを通じてアイデンティティを根本から刷新し続けます。その洗練された社交性の裏には周囲の人間関係の構造を根底から変容させる力が秘められており、調和の中で自分自身を大きく変革していくでしょう。
Pluto,Libra,2,自分の才能や価値観を人との調和の中で見つめ直し、新たな豊かさを得る,人との調和の中で自分の才能や価値観を深く見つめ直し、新たな豊かさや自己肯定感を生み出すタイプです。,美的な価値観と優れた調整力で、才能や資源を深く変容させ、新たな豊かさを生み出すことができます。,他者の目を意識し、見栄を張って浪費したり判断が迷走しがちです。本当に必要なものか、自分の価値基準で選ぶことが大切です。,自分の価値観や美意識を大切に守り、揺るがない審美眼を持つ人として周囲に印象を与えやすいです。,優れた審美眼と交渉力で、デザインや芸術分野で豊かな価値を築くでしょう。,「所有」を「分配」に変え、センスと人脈を信じて投資することで、世界規模の資産をコントロールできるでしょう。,美意識や対人スキルを活かしてスマートに稼ぎ、上品で洗練された経済基盤を築く配置。,あなたは経済活動において、契約や交渉、美的価値の操作を通じて、人との調和の中で新たな豊かさや自己肯定感を生み出します。所有の概念を対人関係や社会的な公正さと結びつけ、物質的な価値を客観的な力学に基づいて再定義していくでしょう。
Pluto,Libra,3,コミュニケーションの中で調和を図り、学びを通して言葉に深い力を与える,コミュニケーションに調和をもたらし、学びを通して言葉に深い力を与え、周囲との交流を変えていく性質です。,優れた調停知性と説得力で対話を深く調整し、コミュニケーションに調和と新たな変革をもたらします。,周囲に合わせようとしすぎて、自分の意見が曖昧になったり、相手を操作しがちです。率直なコミュニケーションを心がけると良いでしょう。,言葉に説得力と深い心理的洞察が宿り、相手の心に響く、人を動かす話し方ができるでしょう。,洗練された言葉と交渉力で、対話を通じて調和と変革をもたらすでしょう。,社交辞令を嫌い「公平な真実」を伝えることで、知的な権威として人々の意識を変革できるでしょう。,客観的で公平な対話を日常の交流にもたらし、言葉で美的なバランスを調整する配置。,あなたはコミュニケーションにおいて、論理的な正義と均衡を追求するために言葉を武器として使い、情報の不均衡を徹底的に是正します。対人折衝や法的議論では相手の主張を根底から崩し、自らの論理を究極の正解として提示することで周囲との交流に深い力を与え、調和をもたらすでしょう。
Pluto,Libra,4,家庭や家族との調和を築き、心の基盤を深く変革し安定させる,家庭や家族との調和を築きながら、心の基盤を深く変革していくことで、揺るぎない安定を求めるタイプです。,美意識に基づいた調整力で家庭に調和をもたらし、心の基盤を深く変革して安定させる力があります。,家庭内で衝突を避けようとしすぎて、判断が優柔不断になりがちです。自分の心の声を大切にすると、安心できる居場所になります。,親しい関係では深い結びつきが生まれ、相手の人生を豊かに変えるような強い影響を与えるでしょう。,家族との調和を大切にし、基盤を整えることで心の安定と平和を再構築します。,優柔不断を断ち切り真実を土台にすることで、不動の安心感を得て、調和ある生き方を次世代に継承できるでしょう。,家族間の調和を第一に考えて行動し、洗練された平穏な居場所を維持するために尽力する配置。,あなたは家庭環境において、表面的な平和の裏に潜む心理的な支配関係を徹底的に清算・再生し、家族との境界線を法的な契約や合理的な合意によって引き直します。心の基盤を深く変革し、居住空間を精神的な均衡の拠点として構築することで、揺るぎない安定を掴むでしょう。
Pluto,Libra,5,創造性や自己表現に調和をもたらし、心からの喜びと新たな魅力を生み出す,創造的な表現に調和をもたらし、心からの喜びを通して、新たな自分自身の魅力と楽しみを生み出すでしょう。,美的センスと豊かな感受性で創造的な表現を深め、心からの喜びと新たな魅力を生み出すことに優れています。,恋愛や創造性において、他者の評価に依存したり相手を支配しがちです。自分の内なる喜びを追求すると、心が満たされやすくなります。,自己表現に独特の魅力と深みが混ざり、周囲の人々に強い引力を感じさせる人物として印象に残るでしょう。,卓越したセンスと集中力で、芸術や対人関係の場で創造性を開花させます。,楽しみを真剣な自己表現とし、自分の美を追求することで、歴史に残る実績と唯一無二の天才性が開花するでしょう。,優雅な遊びや社交的な恋愛を楽しみ、美的な調和を大切にした自己表現に情熱を注ぐ配置。,あなたは創作活動や恋愛において、究極の美と完璧な調和を追求し、相手との関係を一つの芸術作品のように丁寧に育みます。自己表現が他者との均衡を崩すほど強力になることがありますが、美的な没入を通じて自己の限界を突破し、心からの喜びと新たな魅力を生み出すでしょう。
Pluto,Libra,6,日々の仕事や健康管理に調和をもたらし、効率と質を根本から変革する,仕事や健康管理に調和をもたらし、効率と質を根本から変革することで、日々の生活を刷新していくでしょう。,優れた調整力と改善意識で日々の実務や協働を管理し、効率と質を根本から変革できる力が強みです。,日常の仕事で周りに合わせすぎて、判断が遅れたり責任回避しがちです。自分のペースを大切にすると、効率良く進められるでしょう。,仕事や役割の中で強い対人調整力を発揮し、場のバランスを良い方向に変える人物として見られやすいでしょう。,関係性の調和を図りながら業務環境を刷新し、効率を高めていけるでしょう。,客観的な判断を実務に活かし、公正な評価を追求することで、実力者としての深い信頼を得られるでしょう。,職場環境を美しく整え、人間関係の調整役として立ち回ることで業務を円滑に進める配置。,あなたは仕事の現場において、対人調整や法的実務のシステムを抜本的に改革し、非効率な人間関係のしがらみを徹底的に排除します。労働環境の公正さを極限まで追求し、実務的なバランスを保つために自己を律することで、日々の仕事や健康管理に調和をもたらし、質を根本から変革していくでしょう。
Pluto,Libra,7,人間関係やパートナーシップの調和を追求し、深い変容と新たな絆を築く,人間関係やパートナーシップの調和を追求し、深い変容を経て、強い絆を築き上げていくことを大切にします。,持ち前の社交性と協力性で人との関係を深く調整し、新たな絆を築き変容を促す魅力があります。,人間関係で相手に依存したり、支配的になり嫉妬しがちです。お互いの自立を尊重することで、健全な関係が築けるでしょう。,一対一の関係では深い心理的な結びつきが生まれ、互いの人生に良い影響を与えるパートナーになりやすいです。,人との深い繋がりを通じて、自分自身を大きく変革させ新たな絆を築きます。,相手の真実を認め合う深い絆を築くことで、真のパートナーシップが生まれ、最強の味方を得られるでしょう。,パートナーシップの調和のためにエネルギーを使い、常に相手とのバランスを考えた行動を取る配置。,あなたはパートナーシップにおいて、運命的な相手との間で極限の心理的変容や権力闘争を経験し、深い変容を経て強い絆を築きます。対人関係を通じて自己の脆弱性を破壊し、他者との絶対的な契約を介して社会的・精神的な再生を遂げるプロセスを繰り返すことで、真の調和を追求するでしょう。
Pluto,Libra,8,人との絆で深く繋がり、新たな自分へと生まれ変わる,人との深い絆の中で、共有する価値観や資源を見つめ直し、自分自身を根本から再生していくタイプです。,深い洞察力で人との心理を理解し、絆を調整することで、新たな自分へと変容を促す力が強みです。,深い関係において、相手を操作したり執着し、優柔不断になりがちです。信頼を基盤に、対等な関係を築くことを意識すると良いでしょう。,深い関係では強烈な一体感が生まれやすく、互いの変容を促すような運命的な絆を感じやすいでしょう。,人との深い絆や共同資産を通じて、真のパワーを覚醒させ変革を促します。,他者のリソースを公正に再生させ、支配欲を癒やしに変えることで、精神的な豊かさとカリスマ的な成功につながります。,共有資産や深い絆を公平な視点で扱い、他者との調和ある一体化のために尽力する配置。,あなたは共有財産や遺産、深い絆において、他者との権利関係を徹底的に明確化し、資源の再分配を公平に行います。深い親密さの中にある支配欲求を直視し、エネルギーの共有を通じて自己を根底から変容させることで、人との絆で深く繋がり、新たな自分へと生まれ変わるでしょう。
Pluto,Libra,9,調和の中で真理を探求し、新たな視点で世界を拓く,調和を重んじながら真理を探求し、哲学や学びを通して、世界を見る新たな高い視点を手に入れるでしょう。,理念的な対話と調整哲学で思想を深め、調和の中で真理を探求し、新たな視点を開拓できます。,自分の思想や信念が優柔不断になり、判断が迷走しがちです。自分の軸をしっかり持つことで、心の安定に繋がるでしょう。,思想や価値観に強い影響力があり、人々の考え方をより良い方向へと変える人物として見られやすいでしょう。,高い美意識と公平性で、法律や哲学の分野に新たな思想を打ち立てます。,正義を具体的な仕組みに落とし込み、多様な価値観を認めることで、世界規模での大成につながるでしょう。,客観的な正義や平和を真理として学び、世界を美しく整えるための活動に情熱を燃やす配置。,あなたは思想や学問において、普遍的な正義、法、あるいは美学について、既存の枠組みを破壊するような究極の真理を探求します。精神的な旅を通じて多様な価値観を統合し、人類の意識を更新するような革新的な社会規範を提唱することで、新たな視点で世界を拓くでしょう。
Pluto,Libra,10,公平な姿勢で社会に貢献し、キャリアを刷新する,公平な姿勢で社会に貢献し、キャリアや公的な役割のあり方を根本から刷新していく使命感を持っています。,社交的な魅力と優れた調整力で社会に貢献し、公平な姿勢でキャリアを刷新する信頼感があります。,社会的な評価を気にしすぎて、決断や責任を回避しがちです。自分の信念を貫くことで、信頼が生まれ、評価も自然とついてきます。,社会的な場では人間関係の力学を深く理解し、強い影響力で良い流れを生み出す人物として映るでしょう。,公平な姿勢と優れた交渉力で、社会貢献しキャリアを刷新するでしょう。,名声より公平な真理で行動し、困難を再生の糧にすることで、高潔な指導者として長期的な成功を得られるでしょう。,社交性と美的センスを社会的な武器にし、平和を愛する洗練されたリーダーとして活躍する配置。,あなたはキャリアにおいて外交、法律、芸術などの分野で絶対的な地位を築き、社会のバランスを左右する象徴的なリーダーとなるでしょう。社会的地位の変動が激しいことがあっても、不屈の交渉力で自らの権威を再構築し、公平な姿勢で既存の秩序を塗り替えて社会に貢献します。
Pluto,Libra,11,仲間と協力し未来を創造、新たなビジョンで生まれ変わる,仲間と協力し調和を保ちながら、未来のビジョンを大きく変革し、新たなコミュニティを築き上げるタイプです。,社交力と企画協力で仲間との調和を図り、共に未来を創造し、新たなビジョンへと変容させる力が強みです。,仲間との関係で集団に迎合しすぎて、判断が迷走し依存しがちです。自分らしさを大切にすると、より良い協力関係が築けるでしょう。,仲間の関係性に良い変化を起こし、グループ全体を新たな流れへと導く存在になりやすいでしょう。,平和的な対人センスとネットワークで、仲間と社会に変革を起こすでしょう。,不公平を透明性と公正さで打破し、大義のために知性を使うことで、カリスマとして絶大な支持を得られるでしょう。,洗練された仲間と平和な未来を夢見、調和のとれたネットワークを広げるために行動する配置。,あなたは博愛精神に基づいた社会改善を目指すネットワークを主導し、不公正な社会構造を根底から是正しようとします。仲間との調和を大切にしながら絶対的な信頼と客観性を求め、ネットワークの力で未来の理想を具現化し、新たなビジョンへと生まれ変わるでしょう。
Pluto,Libra,12,内面の調和を追求し、魂の深い再生を体験する,内面の調和を追求し、無意識の奥深くと向き合うことで、魂の深い再生を体験していくことを大切にします。,内面の調和を大切にし、共感力で人々を癒しながら、深く精神的な再生を導く力があります。,内面が他者との関係に依存し、現実回避したり自己が曖昧になりがちです。自分自身の内側と向き合う時間を大切にすると良いでしょう。,表には出にくくても人間関係の本質を深く見抜き、静かに周囲に影響を与える人物として映りやすいでしょう。,内面の調和を深く追求し、精神世界や裏方で人間関係の調整役として絶大な力を発揮します。,自身の寂しさや他者への依存と向き合うことで、内なる知恵と深い愛が湧き、人々の心を癒やす偉業につながります。,内面にある高い美意識を一人の時間で思索し、芸術的な感性を静かな場所で磨き上げる配置。,あなたは無意識の深部に潜む人間関係の葛藤や不公平感を徹底的に浄化し、内なる平和と調和を再構築する力を持っています。ひそやかに平和への道を模索し、孤独な時間の中で精神的な均衡を究極のレベルまで高めていくでしょう。
Pluto,Scorpio,1,自分の本質を深く探り、真の自分へと生まれ変わる,自分の内面を深く探求し、生まれ変わったかのように新たな自分を周りに見せていく性質です。,鋭い洞察力で自分の本質を見極め、揺るぎない意志力で自分を再生させる力強さが強みです。,物事を深く考えすぎると疑念や極端な思考に陥りがちです。心を解放し、素直に表現することを心がけると良いでしょう。,深い洞察力と存在感がにじみやすく、周囲に強い印象を残す人物として見られやすいでしょう。,不屈の精神力と深い洞察力で、困難な状況でも自分を再生させ、強靭な自己像を確立するでしょう。,内なる激しい感情を真実を追求する力に変えることで、周囲を惹きつける真のカリスマ性が覚醒するでしょう。,底知れない洞察力と強靭な意志が表に現れ、本質を貫くために徹底的な行動を取る配置。,あなたは強固な意志と圧倒的な再生能力を持ち、自らを劇的に変革しながら、より強力な存在へと生まれ変わる力があります。他者の本質や隠された真実を見抜く深い洞察力を個性とし、周囲を惹きつけるほどのカリスマ性を放つでしょう。
Pluto,Scorpio,2,秘めた才能と価値観を掘り起こし、豊かさを再生する,秘めた才能や価値観を徹底的に見つめ直し、自分らしい方法で豊かな収入や財産を築いていくタイプです。,隠れた才能や価値観を深く掘り起こし、独自の洞察力で資源を豊かに再生する力があります。,物質的な豊かさに執着しすぎると強欲になりやすいです。本当に大切な価値を見極め、分かち合う心を育むと良いでしょう。,自分の価値観や信念を揺るぎなく守り、芯の強い信頼できる人という印象を与えやすいでしょう。,本質的な価値を見抜く鋭い集中力で、人の深層心理や金融・資源に関わる分野で莫大な富を築き上げるでしょう。,「所有」の概念を超え、眠る資源を再生するビジネスに取り組むことで、大きな豊かさと揺るぎない自信が育まれます。,不屈の生存本能で巨大な富を追求し、目に見えない資源を自らの力で手に入れる配置。,あなたは経済活動において、他者の資源や見えないエネルギーを徹底的に見極め、大きな豊かさを創造する才能を秘めています。金銭的価値を生存のための絶対的な力と捉え、極限を乗り越えることで揺るぎない資産を形成していくでしょう。
Pluto,Scorpio,3,本質を深く学び、言葉で真実を伝え思考を刷新する,本質を深く探求し、言葉で真実を伝えることで、周囲の思考にも深い変化をもたらすタイプです。,物事の本質を深く探究し、その洞察力を活かして真実を言葉で伝え、人々の思考を刷新できます。,考えに囚われすぎて秘密を抱え込みがちです。オープンな心でコミュニケーションを取ることを意識すると、思考が広がります。,言葉に鋭い洞察力が宿りやすく、物事の本質を突く話し手として周囲から尊敬されやすいでしょう。,鋭い分析力と重みのある言葉で、調査や機密情報に関わり、本質を突いた表現で大きな影響力を発揮します。,情報の真実を深く追求し誠実に伝えることで、あなたの説得力は人々の意識を変える力へと進化するでしょう。,言葉の裏側を暴く徹底的な調査に情熱を燃やし、核心を突く情報交換で周囲を動かす配置。,あなたはコミュニケーションにおいて、情報の裏に隠された秘密や真実を暴くことに強い情熱を傾け、言葉で人々の心理に深い影響を与える力を持っています。徹底した調査と分析を通じて既存の知識を刷新し、人間の深層心理を揺さぶるような鋭いメッセージを伝えていくでしょう。
Pluto,Scorpio,4,根源的な基盤を見つめ直し、心の拠り所を再生する,家庭やルーツ、心の拠り所を深く見つめ直し、根本から変化させ、揺るぎない心の安定を築く性質です。,大切な基盤や心の拠り所を守り抜き、深い愛情と意志力で安心できる場所を再生する力があります。,家族への思いが強すぎて、知らずに感情的に支配的になることがあります。お互いの尊重を大切にすると、より調和しやすいでしょう。,親しい人との間では特に深い絆が生まれやすく、お互いの人生を大きく変える関係になる傾向があります。,家系の深い因縁を根本から清算し、揺るぎない絆と魂の安らぎを守る「聖域」としての家庭を再構築するでしょう。,家庭での執着を手放し深い信頼を築くことで、揺るぎない安心感が生まれ、魂の強さを次世代へ継承できます。,家系や居場所の深い因縁と向き合い、魂の底から強固な基盤を再構築するために戦う配置。,あなたは家庭やルーツにおいて、血縁や伝統による深い因縁と向き合い、自らの手でそれを断ち切り新たな絆を再生させる運命を担っています。住環境を精神的な死と再生の場と捉え、居住空間を通じて魂の基盤を根底から作り替えるでしょう。
Pluto,Scorpio,5,内なる情熱を解き放ち、真の創造性を発揮する,内に秘めた情熱を解き放ち、恋愛や創造的な活動を通じて、心から楽しめる自己表現を追求するタイプです。,内なる深い情熱を集中させ、人々の心を惹きつける魅力で、真の創造性を発揮できる才能があります。,恋愛や創作活動で相手や結果に執着しすぎると、嫉妬心が生まれがちです。相手の自由を尊重することで、関係が深まります。,表現に強い魅力と奥深さが宿りやすく、忘れがたい個性的な人として周囲に記憶されやすいでしょう。,深く情熱的な創造性と極限の集中力で、芸術や勝負事など一点集中の分野で圧倒的な才能を爆発させるでしょう。,遊び心を真剣な自己探究に向けることで、唯一無二の閃きが生まれ、世界に類稀な天才性が花開くでしょう。,命がけの情熱を創作や恋愛にぶつけ、深淵を覗くような表現を完遂することに執念を燃やす配置。,創作や恋愛、レジャーにおいて、あなたは生死や禁忌に深く没入することで、圧倒的な熱量を帯びた表現を生み出すでしょう。特に恋愛では相手との一体感を強く求める傾向があり、極限の感情体験を通じて自身の創造性を根底から刷新していきます。
Pluto,Scorpio,6,日々の仕事に深く没頭し、働き方と健康を刷新する,仕事や日々の習慣、健康を根本から見直し、深く没頭することで、より健全で充実した毎日を築く性質です。,日々の実務に深く集中し、揺るぎない意志力で問題の本質を改善し、効率的に成果を再生できます。,仕事に没頭しすぎて、周りを巻き込んだり疲労を溜め込みがちです。休息をしっかり取り、柔軟な姿勢を心がけると安心です。,仕事や日々の役割の中で強い集中力を発揮し、周囲を動かすほどの大きな影響力を持つ存在になりやすいでしょう。,仕事の根本課題に深く切り込み、現場を抜本的に再構築する力があり、大きな成果を出しやすいでしょう。,完璧主義を手放し洞察力をリスク管理に活かすことで、社会を改善する実力と揺るぎない信頼を得られます。,組織の闇や根本的な問題を解決するために献身し、極限の現場を根底から作り直す配置。,あなたは仕事において、再生医療や深層心理、危機管理といった極限的な分野で徹底した実務を遂行する力を秘めています。現場の根深い問題に切り込み、急進的な組織改革を断行することで、労働環境を根底から再生させる役割を担うでしょう。
Pluto,Scorpio,7,人と深く向き合い、関係性の中で自己を再生する,人と深く向き合い、対等な関係性の中で自分を再生し、真のパートナーシップを築き直す性質です。,人と深く向き合い、本質的な洞察力で強固な信頼関係を築き、絆の中で自己を再生する力があります。,人との関係で執着心が強まり、嫉妬や支配的になりやすいです。相手を信頼し、健全な距離感を保つことを意識しましょう。,一対一の深い関係では強烈な結びつきが生まれやすく、運命的なパートナーシップを築く傾向があります。,深い縁や極限のパートナーシップを通して、自己を根本から再構築する力があり、魂を分かち合う関係を築くでしょう。,相手を支配する欲求を捨て、魂の自由を尊重することで、深い絆が生まれ、最高のパートナーシップが育まれます。,運命的な深い絆を対人関係に求め、相手との一体化を成し遂げるために全霊を注ぐ配置。,あなたはパートナーシップにおいて、魂のレベルでの深い融合や運命的な出会いを通じて、自己を完全に破壊し再生させる経験をするでしょう。対人関係では絶対的な忠誠を求め、深い絆を通して自身の存在を究極的に変容させていきます。
Pluto,Scorpio,8,極限の体験を通じて、魂の深い変容を遂げる,他者との深い関係性や共有財産を通じて、困難を乗り越え、魂の奥底から生まれ変わっていく性質です。,極限の状況でも、深い洞察力と強い精神力で魂の再生を促し、新たな力を生み出すことができます。,物事を突き詰めすぎて極端な思考に陥り、強い支配欲が生まれやすいです。心のゆとりを持ち、柔軟な視点を持つと良いでしょう。,深い関係においては、強い一体感と再生の力が働き、お互いの人生を大きく変えるような絆になりやすいでしょう。,他者との共有財産や深い情熱、生と死の神秘を通じて、極限の経験から真のパワーを覚醒させ再生を導きます。,他者の負の側面を再生させるリーダーとなることで、精神的な豊かさとカリスマ的な成功を掴めるでしょう。,共有するエネルギーや秘密を徹底的に管理し、死と再生を繰り返すような濃密な体験を求める配置。,あなたは共有財産や遺産、集団の深層エネルギーを完全に掌握し、古い不透明なエネルギーを清算・再生する天性の才能を持っています。不可避な危機や継承を通じて巨大なリソースを獲得する力があり、心理的な死と再生を究めることで真の力を手にするでしょう。
Pluto,Scorpio,9,根源的な真理を探求し、深い知恵で世界を再生する,哲学や学問、異文化への深い探求を通じて、根源的な真理を見つけ出し、世界観を刷新していくタイプです。,根源的な真理を深く探究し、揺るぎない信念と洞察力で、人々に新たな知恵と再生をもたらします。,自分の信念に固執しすぎると、視野が狭くなりがちです。多様な意見に耳を傾け、新しい学びを受け入れると世界が広がります。,思想や信念を深く追求する傾向があり、説得力に富んだ話し手として周囲から認められやすいでしょう。,真理を探求する不屈の心で、学問や神秘思想の分野で既存の価値観を刷新し、新しい真理を打ち立てるでしょう。,抽象的な理想を具体的な知恵に変え、常に学び続けることで、世界を導くほどの深い信頼を得られるでしょう。,生と死の神秘を真理として探求し、高度な学びを通じて魂の覚醒を果たすために行動する配置。,あなたは思想や宗教、あるいは極限的な学びの体験を通じて、人類の意識の根源に触れるような深遠な真理を探求します。精神的な旅路を通して既存の知性を破壊し、人間の生死に関わるような究極の英知を体系化していくでしょう。
Pluto,Scorpio,10,社会の根幹に変革をもたらし、使命を果たす,社会的な役割やキャリアを根本から変革し、使命を果たすことで、社会に強い影響力を与えるタイプです。,社会の本質を深く洞察し、強い意志力で変革を促すことで、大きな成果と再生をもたらすリーダーシップがあります。,社会での評価や権力に執着しすぎると、支配的になりやすいです。真の貢献を目指し、周りの意見を尊重すると良いでしょう。,社会的な場では強い影響力を自然と放ち、周囲からは強い存在感を持つ人物として受け止められやすいでしょう。,社会に変革をもたらす深い変容力や指導力が評価され、大きな責任を担いながら使命を果たすでしょう。,名声への執着を手放し真実に基づいて行動することで、社会に変革をもたらす真の指導者となれるでしょう。,圧倒的なカリスマ性で社会のタブーを突破し、劇的な変容を成し遂げて権力を握る配置。,あなたはキャリアにおいて、組織の再生や諜報、深層心理といった分野で絶対的な地位を築き、社会を背後から動かす権威を確立するでしょう。ミステリアスな存在感を放ちながらも、圧倒的な影響力で時代を力強く先導していきます。
Pluto,Scorpio,11,仲間と深く結束し、未来へのビジョンを再生する,志を共にする仲間と深く結束し、未来のビジョンや理想を再構築していくことに情熱を燃やす人です。,仲間と深く結束し、強い信頼関係を築くことで、未来へのビジョンを再生し、共に困難を乗り越えることができます。,仲間との関係で執着が強まり、閉鎖的な集団を作りがちです。多様な人を受け入れ、開かれた関係を築くことを意識しましょう。,仲間の関係性を深く変える力があり、グループの中で中心的な存在として頼られる傾向があります。,深い連帯感と独自のビジョンで、社会の古いシステムを変革し、志を同じくする仲間と「魂の連帯」を築きます。,既存の枠組みを超え、真実に基づいた新しい連帯を作ることで、カリスマとして社会に貢献できるでしょう。,強い信念を共有する同志と深く繋がり、社会を根底から変えるための変革を断行する配置。,あなたは志を共にする少数精鋭の仲間たちと深く結束し、社会の根底を刷新するための徹底したプロジェクトを秘密裏に推進する力を持っています。友人関係においても生死を共にするような強烈な連帯を求め、未来の理想を力強く現実化していくでしょう。
Pluto,Scorpio,12,内面の深淵を探り、魂の根源から自己を再生する,無意識の領域を深く探求し、過去を手放して癒やすことで、魂の根源から自己を再生していく性質です。,内面の深淵を深く洞察し、魂の根源から自己を再生することで、癒しと新たな強さを生み出すことができます。,内面に深く囚われすぎると、秘密主義になり孤立しやすいです。信頼できる人に心を開き、癒しを受け入れると良いでしょう。,表には出にくいですが内面の洞察力が非常に深く、静かながらも強い影響力を持つ人物として映りやすいでしょう。,目に見えない精神的エネルギーを扱い、精神世界の探求や、裏方での抜本的な救済に絶大な力を発揮します。,内なる情熱や不安を癒やし内省を深めることで、人々の魂を救い、文明を再生させる知恵が湧き上がります。,潜在意識に潜む強大な情念を一人の時間で変容させ、目に見えない次元で深い癒やしを完遂する配置。,あなたは無意識の深部に潜む巨大な破壊的エネルギーを徹底的に浄化し、集合無意識に影響を与えるほどの精神的な力を獲得するでしょう。ひそかに他者の魂の浄化を促し、目に見えない次元で絶対的な支配力を行使する能力を秘めています。
Pluto,Sagittarius,1,探求の旅で自分を刷新し、新たな自己を見つける,探求心と冒険心に溢れ、常に自分を刷新していくことで、周りにも良い影響を与える性質です。,広い視野で真理を探究し、揺るぎない信念の力で、自己表現を刷新し、新たな自分を発見できます。,楽観的になりすぎて独善的になりがちです。周りの意見にも耳を傾け、バランスの取れた自己表現を心がけると良いでしょう。,強い信念と存在感が自然とにじみ出て、人々を惹きつける魅力的な人物として見られやすいでしょう。,高い向上心と自由な発想で既存の価値観を覆し、世界を股にかけるような精神的な冒険家として活躍するでしょう。,自身の信念を再構築し、普遍的な真理を探求することで、時代を先導する真の指導者として輝くでしょう。,無限の自由を信じる冒険心が行動の核となり、未知の世界へダイナミックに飛び出す配置。,あなたは自由と冒険への尽きない欲求を持ち、既存の道徳や宗教的枠組みを越えて未知の真理を追い求める個性を持っています。精神的な旅路を通じて常に自己を刷新し続け、世界規模で影響を及ぼすようなダイナミックな変革者となるでしょう。
Pluto,Sagittarius,2,広い視点で真の価値を探求し、豊かな財産を築く,広い視野で真の価値観を探求し、才能を活かして、豊かさと自己価値を根本から再構築するタイプです。,広い視野で真の価値を探求し、独自の理念に基づいて、豊かさと財産を力強く拡張していくことができます。,理想を追い求めすぎて衝動的に浪費しやすい傾向があります。本当に価値あるものか、一度冷静に考える習慣が大切です。,自分の信念や価値観を揺るぎなく守り、周囲からは芯の強い信頼できる人という印象を与えやすいです。,広い視野と大胆な決断力で、海外ビジネスや教育など、知的好奇心から巨大な富を築き上げるでしょう。,「所有」の概念を捨て、知恵と可能性を世界に広げることで、精神的自由と大きな豊かさを手にできます。,精神的な自由を確保するための富を大胆に狙い、広い視点で経済的な成功を勝ち取る配置。,あなたは経済活動において、思想や学問、海外取引など広範な視野に基づき、爆発的な資産形成を成し遂げる才能を秘めています。金銭的安定よりも精神的な拡大に価値を見出し、理想を実現するための富を極限の状態から生み出す力を持つでしょう。
Pluto,Sagittarius,3,高度な学びを探求し、知見を深めて思考を刷新する,高度な学びや広い情報に触れることで、言葉や思考の枠を根本から刷新し、周りにも新たな視点をもたらします。,高度な学びを探求し、深い洞察力で得た知見を積極的に発信することで、人々の思考に影響を与えます。,考えが浅いまま誇張した発言をしがちです。話す前に一度立ち止まり、言葉に重みを持たせることを心がけると安心です。,言葉に深い思想の力が宿りやすく、人の考え方を豊かに変えるような話し手として見られやすいでしょう。,高い知的好奇心と明快な伝達力を活かし、教育や出版、新しい思想の普及で圧倒的な影響力を発揮するでしょう。,表面的な知識を超え、本質を深く広く伝えることで、あなたの知性は人々の意識を変える力に進化するでしょう。,理想を語るスケールの大きな言葉を使い、周囲の視野を広げるための発信を精力的に行う配置。,あなたはコミュニケーションにおいて、多言語や多文化、最新の哲学を駆使し、既存の情報網をグローバルに刷新する役割を担います。国境を越えるような普遍的で衝撃的なアイデアを発信し、人々の意識を根本から覚醒させる力を秘めているでしょう。
Pluto,Sagittarius,4,広い視野で基盤を再構築し、心の安定を得る,自分のルーツや心の基盤を広い視野で見つめ直し、理想の家庭や心の安定を築き直す性質です。,広い視野と哲学的な思考で、安心できる基盤を再構築し、揺るぎない信念で心の安定を築くことができます。,自分の思想を家族に押し付け、家庭を軽視しがちです。お互いの価値観を尊重し、穏やかな家庭を築くことを意識しましょう。,親しい関係でも自分の信念を強く示し、相手に深い影響を与える存在になりやすいでしょう。,古い慣習や偏見を自らで刷新し、自由で魂の成長を促す「学びの場」としての家庭を再構築する力を持つでしょう。,家庭での過度な期待を手放し自立を尊重することで、揺るぎない安心感が生まれ、真の自由を次世代へ継承できます。,家庭を活動の拠点として開放し、常に新しい刺激や哲学を持ち込んで活気づける配置。,あなたは家庭環境やルーツに対して、場所や血縁に縛られない開かれた理想を求め、伝統的な家族観を徹底的に刷新していくでしょう。住居を精神的な旅の拠点と捉え、頻繁な環境変化を通じて自身の居場所の概念をグローバルに広げていきます。
Pluto,Sagittarius,5,自由な探求心で創造性を爆発させ、喜びを生む,自由な精神で楽しみや恋愛を探求し、独自の創造性で自分を表現することで、周囲にも喜びをもたらすタイプです。,自由な探求心と情熱的な表現力で、創造的な理念を実現し、人々に大きな喜びと感動を与えられます。,恋愛や創作で理想を追いすぎ、現実離れした表現になりがちです。地に足をつけて、等身大の魅力を表現すると良いでしょう。,自己表現に理想と情熱が混ざりやすく、周囲に強く印象を残す魅力的な人物として見られやすいでしょう。,溢れる創造性と冒険心を活かし、スポーツや旅行、哲学的なテーマを伴う創作分野で才能を爆発させるでしょう。,楽しみを自己研鑽として深めることで、一時の閃きが歴史に残る実績となり、あなたの天才性が世界に花開きます。,未知への挑戦を最高の遊びと捉え、自らの理想をダイナミックな行動で表現する配置。,あなたは創作活動やレジャーにおいて、壮大なテーマや異文化の美を最新技術で表現し、思想的な刺激を伴う独創的な娯楽を追求します。恋愛では互いの成長と自由を絶対条件とし、既存の枠を超えた発展的な関係を築くことを好むでしょう。
Pluto,Sagittarius,6,理想を追い求め仕事を見直し、より良い毎日を築く,理想を追い求め、仕事や日々の習慣を根本から見直すことで、より健全で豊かな生活基盤を築いていく性質です。,常に理想を追い求め、広い視野で仕事の改善を探究し、行動力と集中力でより良い日々を築けます。,仕事で理想を追い求めすぎると、飽きてしまい継続が難しくなりがちです。現実的な目標設定と地道な努力を大切にしましょう。,仕事や役割の中でも理想を追求し、周囲を前向きに動かすリーダーシップを発揮する傾向があります。,理想を追求し、理念や価値観の根本的な刷新を通して、日々の仕事の現場を大きく変革するでしょう。,完璧主義を手放し広い視野を実務に活かすことで、社会の意識向上に貢献し、揺るぎない信頼を得られるでしょう。,高い目的意識を持って現場の改善に挑み、未来への希望を労働環境に持ち込む配置。,あなたは仕事において、専門知識を活かした自律的な働き方を追求し、現場に高い倫理観とグローバルな視点をもたらすでしょう。独自のビジョンで業務を改善し、ルーチンワークを高度な専門作業へと抜本的に刷新する力を持っています。
Pluto,Sagittarius,7,人と真実を探求し、関係性を深く刷新する,人と真実を探求しながら深い関係性を築き、対等なパートナーシップの中で自分を成長させるタイプです。,人と真実を探求する中で、理念を共有し自由な対話を通じて、関係性を深く刷新していく力があります。,自分の信念を相手に押し付け、関係を軽視しがちです。相手の意見にも耳を傾け、互いを尊重する姿勢が大切です。,一対一の関係では価値観の深い共有を求め、お互いの人生に良い影響を与える関係になりやすいでしょう。,精神的な高まりを求める宿命的なパートナーシップを通して、自己の価値観を根本から再構築し、魂の冒険を共にするでしょう。,相手への理想を捨て互いの自由を尊重することで、世界観を広げ、最高のパートナーシップを築けるでしょう。,互いの自由を尊重し高め合える関係に情熱を燃やし、共に真理を追う仲間を求める配置。,あなたは対人関係において、互いの知的な探求を応援し、成長を阻害しない開かれたパートナーシップを求めます。相手の思想的な転換や海外移住を機に人生が大きく刷新されやすく、自由な連帯を通じて成功を収めるでしょう。
Pluto,Sagittarius,8,高次の真実を探求し、魂の変容と再生を経験する,高次の真実を探求し、他者との深い結びつきの中で、魂の変容と再生を経験する性質です。,高次の真実を探求する深い洞察力と、再生の思想によって、魂を成長させ、変容を経験できます。,自分の思想に固執しすぎると、理想に逃避し現実を見失いがちです。地に足をつけて、柔軟な視点を持つと良いでしょう。,深い関係では信念を通じた大きな変化が起こり、強い精神的な結びつきが生まれやすいでしょう。,共有された知恵や海外の複雑な権利を通して、極限の経験から真のパワーを覚醒させ、再生と拡大をもたらします。,他者の可能性を広げるリーダーとなることで、教育と拡大のエネルギーが精神的な豊かさと成功につながります。,信念を共にする深い絆を通じて精神を拡張し、哲学的な変容のために魂を燃やす配置。,あなたは共有財産や遺産、組織の理念において、精神的な高揚感を伴う劇的な改革を主導する力を持っています。他者からの予期せぬ知恵の継承や海外資産の変動を経験しながらも、広い視野でそれらを合理的に管理していくでしょう。
Pluto,Sagittarius,9,深遠な真理を探求し、新たな自分へと生まれ変わる,哲学や学問、海外への探求を通じて、深い真理を追求し、常に新たな自分へと生まれ変わる性質です。,深遠な真理を探求し、哲学的な視点で自己を革新することで、揺るぎない信念と新たな自分を築けます。,自分の考えを誇張し、現実を軽視しがちです。地に足をつけて物事を考え、多角的な視点を持つことを心がけましょう。,思想や哲学を深く追求する傾向があり、人の価値観に良い影響を与えるような人物になりやすいでしょう。,高い理想と不屈の探求心で、学問や独自の哲学の分野で既存の価値観を根底から覆す思想を打ち立てるでしょう。,抽象的な理想を具体的な指針に変え、常に新しい創造性を学ぶことで、世界を導く知恵と信頼を得られます。,普遍的な真理の探求に全力を注ぎ、高度な学びを通じて自らの思想を神聖な域へ導く配置。,あなたは思想や宗教体系を横断的に統合し、独自の普遍的な宇宙法則や未来の教育論を提唱するでしょう。精神的な覚醒を通じて既存の知識を破壊し、人類の意識を広げるための革新的な英知を世界に提示する役割を担います。
Pluto,Sagittarius,10,理想を追求し、社会に貢献する形で自己を刷新する,理想を追求し、自身のキャリアや公的な役割を刷新することで、社会に貢献する使命を持つタイプです。,高い理想を追求し、広い視野と開拓精神で社会に貢献することで、大きな指導力と成果を発揮できます。,理想を追い求めるあまり、独善的になり評価を誇張しがちです。現実的な視点を持ち、謙虚な姿勢を心がけると良いでしょう。,社会的な場では理想を掲げて良い変化を起こし、強い指導力を感じさせる人物として映りやすいでしょう。,高い理想を追求する強い思想性と発信力が評価され、社会に大きな影響力を持つ存在として活躍するでしょう。,名声への執着を手放し普遍的な真理に基づいて行動することで、高いビジョンを示す真の指導者となれるでしょう。,専門知識や広いビジョンを武器に社会を先導し、理想を語るリーダーとして影響力を持つ配置。,あなたは教育や学術、法律、国際的な分野で独自の成功を収め、社会に未来の指針を示す象徴的な指導者となるでしょう。社会的な立場が突然グローバルに拡大しやすく、高い倫理観に基づいた変革を力強く主導していきます。
Pluto,Sagittarius,11,志を同じくする仲間と理想を追い、共に進化を遂げる,志を同じくする仲間と未来の理想を共有し、コミュニティ活動を通じて共に進化していくタイプです。,志を同じくする仲間を鼓舞し、未来志向の企画力で、共に理想を追求し、大きな変革を成し遂げられます。,理想が高すぎて計画が甘くなり、仲間との協力をおろそかにしがちです。現実的な目標設定とチームワークを大切にしましょう。,仲間の理想や方向性に良い変化をもたらし、グループに大きな影響を与える存在になりやすいでしょう。,卓越したネットワーク力と仲間を活かし、社会の価値観をポジティブに変える大規模な共同体でリーダーシップを発揮します。,既存の閉塞感を打ち破り、自由な理想で新しい連帯を作ることで、真のカリスマリーダーとして活躍できるでしょう。,世界中の仲間と未来の理想を語り合い、自由な情報ネットワークを広げるために奔走する配置。,あなたは世界中の個性的な仲間と深く繋がり、理想の未来を現実化するためのダイナミックなコミュニティを築いていくでしょう。友人関係においても知的な独立心を重視し、多様な価値観を統合した革新的な活動に情熱を注ぎます。
Pluto,Sagittarius,12,内なる真実を探求し、魂の深い部分から生まれ変わる,内なる真実を探求し、手放しと癒やしを通じて、魂の深い部分から生まれ変わっていく性質です。,広い視野と直感的な哲学で、内なる真実を深く探求し、魂の深い部分から自分を再生させる力があります。,理想に逃避し、妄想が膨らみ孤立しがちです。現実と向き合い、内面の声に耳を傾けることで、心穏やかに過ごせるでしょう。,表には出にくいですが精神的な信念が非常に強く、静かながらも影響力を持つ人物として映りやすいでしょう。,目に見えない精神的エネルギーを扱い、精神世界の探求や、裏方でのグローバルな救済に絶大な力を発揮します。,内なる傲慢さや孤独と向き合い癒やすことで、宇宙の知恵を活かし、人々の心を勇気づける偉業につながります。,宇宙の真理や自由への憧れを一人の時間で追求し、内なる旅を通じて精神の解脱を目指す配置。,あなたは無意識の領域に潜む不自由さへの恐怖を深く処理し、思索を通じて内なる広大な宇宙を発見するでしょう。潜在的な放浪癖を精神的な探求へと昇華させ、孤独な時間の中で自分らしい自由の定義を独自に刷新していきます。
Pluto,Capricorn,1,高い目標を達成し、揺るぎない自分を再構築する,高い目標と責任感で自分を律し、揺るぎない自分を再構築し、周りに強い印象を与えるタイプです。,強い責任感と優れた構築力で、自分自身を深く変容させながら、目標を達成する統率力を発揮できます。,自分の意見に固執し、権威に縛られがちです。もっと肩の力を抜いて、柔軟な自己表現を心がけると良いでしょう。,強い責任感と存在感が自然とにじみ、信頼できる重みのある人物として見られやすいでしょう。,強靭な精神力と責任感で古い組織を根本から改革し、全く新しい権威を構築する不屈のリーダーとして活躍するでしょう。,成功への執着を手放し社会貢献のために力を尽くすことで、周囲から絶対的な信頼を得る実力者になれるでしょう。,強い責任感と不屈の忍耐力が自己表現の核となり、野心を着実に形にしていく配置。,あなたは伝統的な規律や社会的地位に対して強烈な野心を抱き、既存の組織構造を内側から合理的に解体・刷新する個性を持っています。不屈の忍耐力で確固たる実力を築き、時間をかけて確実に社会的秩序を変革していくでしょう。
Pluto,Capricorn,2,努力を重ねて確かな価値を築き、財産を根底から変える,地道な努力で確かな価値と収入を築き、豊かさと自己価値を根本から変革していく性質です。,努力を重ねて確かな資産を構築し、優れた財務支配力と継続力で、価値を根底から変えることができます。,物質的な豊かさに執着しすぎると、強欲になり停滞しがちです。分かち合う心を大切にし、新しい価値観を取り入れると良いでしょう。,自分の価値観や基盤を揺るぎなく守り、周囲からは信頼できる芯の強い人という印象を与えやすいです。,着実な経済感覚と不屈の忍耐力で、伝統あるビジネスや価値を扱う実務で、誰にも崩せない巨大な富を築き上げます。,「所有」の概念を超え、社会の仕組みを再生する投資をすることで、揺るぎない豊かさと安定を築けるでしょう。,伝統的な価値や着実な管理を重んじて稼ぎ、社会的に認められる堅実な財を築く配置。,あなたは経済活動において、伝統的産業に最新の管理手法を導入し、合理的な手段で盤石な資産を形成する力を秘めています。物質的な安定を組織的な支配力と捉え、既存の経済システムを利用しながら独自の強固な財政基盤を確立するでしょう。
Pluto,Capricorn,3,知性を磨き目標を達成することで、発信する力が深まる,地道な学習と努力で知性を磨き、目標達成を通じて、説得力のある言葉で思考を刷新していく性質です。,現実的な知性と計画的な洞察力で、思考を深く構造化し、揺るぎない説得力で物事を伝えられます。,悲観的な考えに囚われ、批判的な発言をしがちです。ポジティブな側面を見つけ、柔軟な思考を心がけると良いでしょう。,言葉に現実的な説得力と重みが宿り、周囲の人々を良い方向へ動かす話し手として見られやすいでしょう。,論理的で正確な伝達力と徹底した調査能力で、実務や法的分野で信頼を築き、圧倒的な影響力を発揮するでしょう。,表面的な知識を超え、論理的に本質を伝えることで、あなたの説得力は社会のルールを変える力に進化します。,正確で重みのある言葉を使い、日常の情報を秩序立てて処理するために精力的に動く配置。,あなたは論理的整合性と実益を重視し、既存の事務手続きや教育システムを徹底的に合理化・刷新する役割を担います。情報の正確性を極限まで追求し、無駄を排した効率的なコミュニケーション環境を組織の根底から構築していくでしょう。
Pluto,Capricorn,4,努力によって強固な基盤を築き、家族との絆を再生する,地道な努力で揺るぎない家庭基盤を築き、家族との絆を再生することで、心の安定を再構築する性質です。,強い責任感で大切な基盤を構造的に築き、家族との絆を深く守りながら、安定した居場所を再生できます。,家庭内で感情を抑圧し、支配的になりがちです。家族の気持ちに寄り添い、お互いを尊重する温かい関係を築きましょう。,親しい関係でも責任感と影響力が強く働き、お互いの関係をより良い方向へ大きく変える存在になりやすいでしょう。,家系の厳しすぎる規律や確執を清算し、規律正しくも愛ある責任を分かち合う「究極の基盤」としての家庭を再構築するでしょう。,家庭での支配欲を手放し自立を尊重することで、揺るぎない安心感が生まれ、真の自立を次世代へ継承できます。,家系の伝統や規律を厳格に守り、盤石な家庭の基盤を自らの手で維持するために戦う配置。,あなたは家庭やルーツにおいて、古い因縁や伝統を重荷と感じつつも、自らの手で合理的かつ機能的な新しい基盤を築いていきます。居住環境の突然の変化を、より自立した生活を営むための合理的な刷新のプロセスとして前向きに活用するでしょう。
Pluto,Capricorn,5,高い目標を目指す中で、創造的な自己表現が生まれ変わる,高い目標を目指す中で、楽しみや恋愛観が深く変容し、独自の創造的自己表現を追求するタイプです。,計画的に物事を積み上げ、努力を惜しまない表現力で、創造性を深く変容させ、大きな喜びを生み出せます。,恋愛や創作で打算的になり、感情表現が硬くなりがちです。心のままに素直な気持ちを表現することで、関係が深まります。,自己表現に威厳と重みが混ざりやすく、周りに強い印象を残す存在感のある人物として記憶されやすいでしょう。,職人気質のこだわりと極限の集中力で、伝統芸能や建築、長期的な訓練を要する分野で才能を爆発させるでしょう。,楽しみを伝統の継承と自己修練に活かすことで、一時の閃きが歴史に残る実績となり、あなたの天才性が世界に花開きます。,結果を出すことに執念を持って趣味を極め、社会的な価値のある完成度を追求する配置。,あなたは創作活動において精密な技術やブランド性を重視し、実務的価値と独創性を両立させた表現スタイルを確立するでしょう。恋愛や遊びに対しても社会的な責任と自由のバランスを合理的に設計し、計画的な刷新を試みることで、より深い喜びを見出します。
Pluto,Capricorn,6,日々の努力で実務能力を高め、健全な生活基盤を再構築,日々の努力で実務能力と健康を根本から見直し、責任感ある健全な生活基盤を築き直す性質です。,日々の努力を積み重ね、実務を構造的に管理することで、大きな成果を生み出すことができます。,仕事で完璧を求めすぎると、自分や周りに厳しくなり過労につながりやすいです。適度な休息と柔軟性を大切にしましょう。,仕事や役割では強い集中力と責任感を発揮し、周囲から深く信頼される人物として見られやすいでしょう。,仕組みや運用を根本から立て直し、日々の業務を力強く支えるでしょう。,社会貢献を意識して仕事に取り組むことで、あなたは業界で信頼される実力者へと成長できます。,完璧な実務遂行と組織運営に献身し、現場に絶対的な信頼と秩序をもたらすために働く配置。,あなたは日々の仕事において、古くなった慣習を合理的な視点から見直し、実力に基づいた新しい働き方を情熱的に構築していくでしょう。非効率な労働から自分と周囲を解放し、責任感を持って健全な生活基盤を築き直すことに深い喜びを感じます。
Pluto,Capricorn,7,責任感を持ち関係を深め、パートナーシップを再生させる,責任感を持って人間関係と向き合い、パートナーと真に対等な絆を築き直すことを大切にするタイプです。,強い責任感で人との信頼関係を築き、協働を通じて大きな変化を生み出す構築力に優れています。,人間関係で主導権を握りたくなり、相手の感情を抑圧しがちです。心を開いて、打算のない繋がりを大切にすると良いでしょう。,一対一の関係では責任感を持って深い絆を築き、互いの人生に良い影響を与え合えるでしょう。,深い責任感でパートナーと結束し、互いを高め合う関係を築くことで自己を再生します。,相手の人格を尊重し、対人関係の葛藤を成長の機会と捉えることで、人生の最強の味方を得られるでしょう。,社会的信頼に基づいた責任ある関係を求め、共に実益を生む強固な契約のために動く配置。,あなたはパートナーシップにおいて、互いの野心と自立を認め合い、真に対等で強固な絆を築くことを深く追求します。相手の社会的地位の変化があなたの人生の転機となることもありますが、それを通じて信頼に基づく協力関係を再構築し、より深いつながりへと導くでしょう。
Pluto,Capricorn,8,困難を乗り越え目標達成し、根源的な変革を成し遂げる,人との深い絆や共有する財産を通じて、困難を乗り越えながら自分自身を根本的に変容させていく性質を持っています。,困難な状況でも強い意志力で目標を達成し、物事を根本から再生させる統率力があります。,深い関係性において権力への執着や支配欲が強まりやすいので、相手を尊重し、穏やかな共有を心がけると良いでしょう。,深い関係では困難を乗り越える強い覚悟が生まれ、運命的な絆を感じやすいでしょう。,組織の深部や共有財産に関わり、困難を乗り越えることで真の変革力を発揮します。,支配欲を社会全体の安定へと転換しリーダーシップを発揮することで、精神的に豊かでカリスマ的な成功を掴めます。,共有資産や伝統を厳格な規律で管理し、責任を持って継承するために全力を注ぐ配置。,あなたは共有財産や組織の権利関係において、透明性の高い管理システムを導入することで、古い負債を清算し根源的な変革を成し遂げる力を持ちます。予期せぬ社会的責任の継承や資産の変動を経験するたびに、その実務的な処理能力で組織の基盤を刷新し、困難を乗り越えながら目標達成へと向かうでしょう。
Pluto,Capricorn,9,高い目標の追求を通じて、真理への探求心が深まる,高い目標を掲げ、哲学や学問、海外での経験を通して、真理を探究し自分の世界観を根底から変革していくタイプです。,現実を深く見つめる哲学的な視点と、確固たる信念を築き上げる探究心を持っています。,自分の考えが硬直して視野が狭くなりがちです。新しい視点や多様な意見に耳を傾けることで、学びが深まります。,思想や信念を現実的に追求する姿勢は、周囲に強い説得力を持つ人物として映るでしょう。,実用的な探求心と不屈の精神で、社会の根幹を覆すような深い思想を打ち立てるでしょう。,理想を具体的に社会へ活かし、常に学び続けることで、広い視野が信頼を集め世界規模での大成につながります。,社会の規律や古の知恵を真理として学び、格式高い学びを通じて魂の品格を磨き上げる配置。,あなたは既存の法や歴史、伝統的な知恵を最新の論理で再構成し、現実社会に機能する新しい規範を確立しようとする深い探求心を持っています。精神的な探求を壮大な社会プロジェクトとして捉え、既存の知識を実用的な英知へと抜本的に刷新することで、真理への洞察を深め、自身の世界観を根底から変革していくでしょう。
Pluto,Capricorn,10,努力で目標を達成し、社会での役割を根本的に変える,社会的な使命や仕事において、徹底的に努力し大きな達成をすることで、自分自身の社会的な役割を根本から変革していく性質です。,社会的な役割を深く理解し、確かな実績を積み上げることで周囲を統率する力があります。,社会的な評価にこだわりすぎて、周りに対して冷酷になりがちです。優しさを忘れず、周囲との調和を意識すると良いでしょう。,社会的な場では圧倒的な統率力と影響力を持ち、強いリーダーシップを発揮するでしょう。,構造を掌握し、目標達成への努力が評価され、権限ある立場で社会貢献を果たすでしょう。,名声より内なる正義を選び、高いビジョンを提示し続けることで、心から尊敬される高潔な指導者になれます。,戦略的な思考と実力で社会の頂点を目指し、着実な実績によって強大な権威を確立する配置。,あなたは官公庁や大企業、あるいは政治の分野で独自の専門性を発揮し、既存の権威を合理的に塗り替えるリーダーとなる資質を秘めています。社会的な立場が突然の抜擢により変化しやすい傾向がありますが、たゆまぬ努力で実力をアップデートし続けることで地位を確立し、自身の役割を根本的に変革していくでしょう。
Pluto,Capricorn,11,仲間と共に目標を成し遂げ、理想の未来を創造する,友人やコミュニティとの関係性を通じて、理想の未来を現実のものとするために深く変容し、大きな目標を達成していくタイプです。,仲間をまとめ、目標達成のための計画を立てることで、理想の未来を築き上げる組織構築力があります。,仲間との関係で支配的になり、意見が硬直しやすい傾向があります。多様性を認め、柔軟な発想を大切にしましょう。,仲間の目標達成へ現実的な変化をもたらし、グループに良い影響を与える存在として頼られるでしょう。,卓越したネットワーク力と現実的なビジョンで、社会を変える大規模な共同プロジェクトを成功させるでしょう。,合理性と責任感でコミュニティを改革し、大義に情熱を注ぐことで、あなたはカリスマリーダーとして絶大な支持を得られます。,実力派の仲間と現実的な社会変革を計画し、秩序ある未来を具体的に構築するために動く配置。,あなたは実力者や年長者と連携し、具体的で組織的な社会改善を目指す進歩的な実務家集団を主導する才能に恵まれています。友人関係においても結果と実益を重視し、共通の課題解決に向けた長期的な連帯を構築することで、仲間と共に理想の未来を創造し、大きな目標を達成していくでしょう。
Pluto,Capricorn,12,内なる目標を達成し、潜在意識の奥底から生まれ変わる,潜在意識の奥底と深く向き合い、過去のしがらみを手放すことで、内なる目標を達成し、自分を生まれ変わらせることを大切にします。,内面と深く向き合い、精神的な強さで自分自身を再構築していく再生の力を持っています。,感情を抑圧しすぎて孤立しやすいため、心の奥底にある気持ちを素直に受け止め、癒す時間を設けると安心です。,内面の責任感と強い意志が秘められ、静かな迫力を持つ人物として周囲に感じられやすいでしょう。,目に見えない社会のエネルギーを扱い、裏方から抜本的な環境整備で絶大な力を発揮するでしょう。,孤独の中で瞑想と探求を深め内面を浄化することで、人々の無意識を安定させ、文明再生の偉業を成し遂げられます。,内なる責任感や秩序を一人の時間で研ぎ澄まし、人知れず社会を支えるための力を蓄える配置。,あなたは無意識領域にある抑圧や義務感を、自律的な内的覚醒によって合理的に処理し、精神的な自由を獲得する力を秘めています。孤独な時間の中で精神的な秩序を刷新しながら、人知れず社会の古い枠組みを修正するための策を練り、内なる目標を達成することで、潜在意識の奥底から生まれ変わるでしょう。
Pluto,Aquarius,1,独自の視点で革新を起こし、新しい自分へと生まれ変わる,既存の枠にとらわれず、自分自身の個性や第一印象を根本的に変えることで、新しい自分へと生まれ変わる性質です。,独自の視点と自由な精神で、新しい自分を表現し革新を起こす独創力が強みです。,独自の意見を強く持ちすぎて孤立しがちです。周囲の意見も尊重することで、より豊かな自己表現につながります。,独特の存在感と強い意志がにじみ、個性的で魅力的な人物として周囲に映るでしょう。,独創的な思考と客観性で社会の古い常識を打ち破り、自由な立場で独自の地位を築くでしょう。,集団に囚われず独自の知性を解放し、人類全体の進歩に貢献することで、畏敬される指導者になれるでしょう。,独創的な感性と客観的な視点が行動の核となり、時代の先を行く先駆者として動く配置。,あなたは博愛主義と独創的な理想を個性の核とし、既存の属性に縛られない未来的な人間像を体現する変革者です。自己と社会の境界を友愛によって溶解させ、誰もが平等であるという抽象的な理想を周囲に提示することで、独自の視点から革新を起こし、新しい自分へと生まれ変わる力を発揮するでしょう。
Pluto,Aquarius,2,革新的なアイデアで独自の価値を生み出し、財産を刷新する,独自の視点やアイデアで、自分自身の才能や収入の得方を根本的に変容させ、新たな価値を創造していく性質を持っています。,既存の枠にとらわれず、革新的なアイデアで独自の価値を生み出す力に優れています。,独自の価値観に固執しすぎると、収入面で不安を感じやすくなります。柔軟な発想で、多様な豊かさを受け入れましょう。,独自の価値観を大切に守るため、他人に流されない芯の強い人という印象を与えるでしょう。,革新的な価値観と合理性で、独自のスキルやテクノロジーを収益に変え、財産を築きます。,「所有」の概念を刷新し、情報とネットワークに投資することで、世界規模の成功と精神的自由を掴めるでしょう。,革新的な方法や独自のネットワークを駆使して稼ぎ、自由を確保するための富を築く配置。,あなたは所有の概念そのものを刷新するような、革新的なアイデアと独自の視点で、自らの才能や収入の得方を根本的に変容させていきます。ネットワークやテクノロジー、あるいは共有システムを駆使して自立した資産を築き、富を個人の所有ではなく全体の循環と捉えることで、既存の経済システムに依存しない新たな価値を創造するでしょう。
Pluto,Aquarius,3,革新的な学びと発信で、周囲との対話に変化をもたらす,斬新な発想で情報を学び、それを言葉にして周りに伝えることで、人々の考え方や交流のあり方を根本的に変えるタイプです。,斬新な発想で知性を突破し、周囲に新しい視点をもたらす優れた企画力があります。,独創的な発言が、周囲との共感不足を招きやすいでしょう。相手の立場を考え、言葉を選んで伝えることを意識すると安心です。,言葉や発想に強い独自性と影響力があり、周囲に良い刺激を与える人として見られやすいでしょう。,論理的な言葉と卓越した情報処理能力で、情報発信や対話に圧倒的な影響力を持ちます。,普遍的な真理を発信し、情報の透明化を意識することで、知的な権威として人々の意識を変容させられるでしょう。,常識を打ち破る情報を武器に社会へ問いかけ、デジタル空間で知的な革命を先導する配置。,あなたは最新の通信技術やネットワークを駆使し、革新的なアイデアを瞬時に広範へ拡散させる才能に恵まれています。人類の進化を思考の核に据え、フラットな情報交換を通じて既存の偏見を打ち破ることで、人々の意識を根底から覚醒させ、周囲との対話に根本的な変化をもたらすでしょう。
Pluto,Aquarius,4,自由な発想で生活基盤を改革し、安心できる場を再構築,既存の概念にとらわれず、家庭や心の拠り所を根本から改革し、自分にとって最適な基盤を築き直す性質を持っています。,自由な意識で生活の基盤を革新し、あなたらしい安心できる居場所を築くことができます。,家庭を疎かにしたり、感情表現が希薄になり孤立しやすくなります。大切な人との心の交流を意識すると良いでしょう。,親しい人との関係でも独自の信念を示すことで、関係に新しい変化をもたらすでしょう。,古い価値観や執着を刷新し、自由で風通しの良い、魂が自立できる安心の場を再構築します。,家族の個性を尊重し、客観的な視点で不和を解消することで、内なる安心感を得て自由な生き方を次世代へ継承できます。,個の自由を尊重し合う開放的な家庭を理想とし、未来的で風通しの良い居場所を作る配置。,あなたは血縁を超えた同志との共同生活や、機能的で境界のない開かれた住環境を理想とし、自由な発想で生活基盤を根本から改革しようとします。家族との関係を合理的で自律的な連帯として再編し、居住空間を未来的な思想の拠点として活用することで、心から安心できる場所を再構築していくでしょう。
Pluto,Aquarius,5,独創的なアイデアで創造性を爆発させ、自己表現を変容させる,斬新な発想で楽しみや創造性を追求し、自分らしい表現方法を根本的に変えることで、人生をより豊かにするタイプです。,自由な発想で個性を表現し、革新的な創造力で周囲を魅了する才能があります。,恋愛において自己中心的になり、感情表現が希薄になりがちです。相手の気持ちに寄り添い、心を通わせることを大切にしましょう。,自己表現に独創性と強い個性がにじみ、周囲に深く印象を残す魅力的な人物となるでしょう。,斬新なセンスと極限の集中力で、デジタルアートなど自由な発想の分野で才能を爆発させるでしょう。,常識にとらわれず「新しい美」を純粋に追求することで、唯一無二の天才性が開花し歴史を塗り替える実績へとつながります。,最新技術や個性的な趣味を楽しみ、自らの独創性を客観的なアイデアで表現することに情熱を燃やす配置。,あなたはデジタル表現やコミュニティを巻き込んだ独創的な創作を行い、既存の芸術の枠を完全に超える活動を楽しむことで、創造性を爆発させます。恋愛においても束縛を嫌い、精神的な共鳴を重視する自由な関係性を徹底的に追求することで、自分らしい表現方法を根本的に変容させていくでしょう。
Pluto,Aquarius,6,仕事のやり方を革新し、効率的で健康的な習慣を築く,仕事の進め方や日々の習慣を、革新的なアイデアで根本的に変え、より良い方法を追求していくことを大切にします。,鋭い分析力で既存のやり方を改善し、効率的に実務を革新していくことができます。,仕事で反骨精神が強まり協調性が不足しやすいため、周囲との連携を意識すると安定して物事を進められます。,仕事や役割において独自の方法を貫き、良い変化を起こす人物として周囲に頼られるでしょう。,仕事の仕組みそのものを革新し、効率的で健康的な働き方を現場に築きやすいでしょう。,完璧を求めすぎず、社会全体の進歩を意識して働くことで、信頼される絶対的な実力者へと成長できるでしょう。,合理的なシステム構築と人道的な視点で現場を改革し、業務の効率化と自由を同時に実現する配置。,あなたはノマド的な働き方や社会貢献度の高い革新的なプロジェクトを推進し、非合理な組織命令を排除した自律的なワークスタイルを確立します。実務の現場をネットワーク型組織へと刷新し、生産性を飛躍的に高めることで、効率的で健康的な習慣を築き、仕事のやり方を根本的に革新していくでしょう。
Pluto,Aquarius,7,新しい価値観で人と深く関わり、対人関係を刷新する,斬新な視点で人との関わり方を見直し、パートナーシップにおいて真の対等性と自由な関係を築き直す性質です。,独立した視点で人と深く交流し、新しい発想を共有することで関係性を変える力があります。,人間関係で距離を取りすぎたり、感情表現が希薄になりがちです。心を開いて、温かい交流を心がけると良いでしょう。,一対一の関係では独特で深い絆が生まれ、互いに良い影響を与え合う存在になるでしょう。,公平な社交性でパートナーと深く関わり、新しい価値観で互いを高め合う関係を再構築します。,相手の真実の姿を尊重し、葛藤を「真の自由」を学ぶ機会と捉えることで、人生の最強の味方を得られるでしょう。,自立した親友のような対人関係を理想とし、互いの自由を守るための合理的な協力を行う配置。,あなたは互いの個性を完全に独立させた上で、共通の理念で繋がる究極の友愛的パートナーシップを求めるでしょう。協力者との対等な議論があなたの人生を加速させ、執着のない開かれた関係が革新的な成果をもたらすことで、新しい価値観で人と深く関わり、対人関係を根本から刷新していきます。
Pluto,Aquarius,8,革新的な視点で深く変化を受け入れ、人生を根本から変える,革新的な視点で人生の深い変化を受け入れ、他者との共有や再生の経験を通して、自分自身を根本から変容させる性質です。,鋭い洞察力で物事の本質を見抜き、新しい思考で人生を再生させる力に優れています。,極端な思想に傾き、孤立しやすくなります。多様な価値観を受け入れ、穏やかな心の状態を保つことが大切です。,深い関係では前向きな変化と再生の力が働き、人生を良い方向へ導く強い絆となるでしょう。,共有されたデータやネットワークを分析し、情報の再生と主導権を握る変革の力を発揮します。,支配欲を「情報の共有と変容」へ転換しリーダーシップを発揮することで、精神的に豊かでカリスマ的な成功を掴めます。,共有するシステムや理念を知的にアップデートし、共通の目的を通じた革新的な融合を図る配置。,あなたは共有財産、データベース、あるいはエネルギーの循環において、個人の所有を排した公平な資源管理を理想とします。予期せぬ情報の開示やネットワークを介した資源の流入を経験するたびに、革新的な視点で深い変化を受け入れ、共有の定義を刷新することで、人生を根本から変容させていくでしょう。
Pluto,Aquarius,9,革新的な探求心で真理を追求し、未来の知を創造する,既存の概念にとらわれず、高い視点から哲学や学問を探求し、革新的な知恵で世界観を根本から変容させる性質です。,既存の概念にとらわれない探究心で、新しい思想や理念を築き上げる力があります。,独自の思想に傾倒しすぎて、伝統的な学びを否定しがちです。過去の叡智も尊重することで、視野が広がるでしょう。,思想や未来像に強い影響力があり、人々の価値観に新しい視点をもたらすでしょう。,高い理想と客観的な探求心で、既存の価値観を覆すような先進的な思想を打ち立てるでしょう。,理想を「具体的なネットワーク」に活かし、常に最新の知見でアップデートすることで、信頼を集め世界規模での大成につながります。,博愛主義や宇宙の法則を真理として探求し、人類の意識を更新するための活動に情熱を注ぐ配置。,あなたは宇宙法則や人類の進化など壮大なテーマを学び、特定の文化に縛られない普遍的で博愛的な精神性を確立する探求者です。突然の意識の拡大を経験し、その先見性を活かして未来の指針を示すことで、革新的な探求心で真理を追求し、新たな知を創造していくでしょう。
Pluto,Aquarius,10,新しい視点で社会を刷新し、公の場で活躍する,社会的な使命や仕事において、革新的な視点で根本的な変化を起こし、公の場で新しい価値を創造していくことを大切にします。,革新的な企画力で社会に新しい風を吹き込み、リーダーシップを発揮して改革を統率できます。,権威に反発しやすく、社会での評価や組織との衝突を招きがちです。協調性を意識すると、スムーズに活動できます。,社会的な場では改革的な影響力を持ち、新しい時代を創造する人物として映りやすいでしょう。,改革力と独自性が評価され、新しい視点で社会を刷新する権威を築きやすいでしょう。,名声より普遍的な真理を選び、未来のビジョンを提示し続けることで、心から尊敬される革新的な指導者になれます。,革新的な活動を社会で展開し、ネットワーク型のリーダーシップで新しい時代を切り拓く配置。,あなたはIT、宇宙開発、あるいは社会起業家として独自の地位を築き、ネットワーク型組織の象徴的なリーダーとして成功する資質を持っています。社会的な立場が変革そのものとなりやすく、新しい価値を社会に提供し続けることで、公の場で活躍し、新しい視点で社会を刷新していくでしょう。
Pluto,Aquarius,11,仲間と共に未来を創造し、大きな変化を生み出す,友人やコミュニティとの協力関係を通じて、理想とする未来を根本的に変え、大きな革新を生み出していくタイプです。,仲間を巻き込み、未来に向けた革新的な企画で変化を先導していく力があります。,高すぎる理想を追い求めすぎて、仲間との協調性が失われ独走しがちです。現実的な視点も取り入れると良いでしょう。,仲間の価値観や方向性に良い変化をもたらし、グループに大きな進展をもたらすでしょう。,卓越したネットワーク力と自由な精神で、社会の価値観を変える大規模なコミュニティを構築します。,透明性と公正さでコミュニティを改革し、大義に情熱を注ぐことで、あなたはカリスマリーダーとして絶大な支持を得られます。,人類の進化を夢見る仲間と繋がり、テクノロジーや独自の理論で理想の未来を形にする配置。,あなたは国境や属性を完全に超えた広範なネットワークを主導し、理想の未来を実現するための博愛的な活動に身を投じるでしょう。友人関係があなたの最大の資産となり、組織の刷新を通じて大きな社会変革を成し遂げることで、仲間と共に未来を創造し、世の中に大きな変化を生み出す力を発揮します。
Pluto,Aquarius,12,内なる革新を促し、隠された可能性を開花させる,無意識の奥底にある革新的な可能性を掘り起こし、過去のしがらみを手放すことで、自分自身の深い部分を生まれ変わらせる性質です。,豊かな想像力と鋭い直感で、内面から革新を起こし、新しい可能性を開花させます。,独自の世界観に没頭し、現実から離れて混乱しやすくなります。地に足をつけて、心穏やかな時間を大切にしましょう。,内面の独自の洞察と強い精神性が秘められ、静かに周囲に良い影響を与えるでしょう。,目に見えない情報を整理し、深層心理の分析を通じて、裏方から抜本的な調整で力を発揮するでしょう。,孤独の中で瞑想と探求を深め内面を浄化することで、人々の無意識を癒やし、文明再生の偉業を成し遂げられます。,人類全体の幸福への祈りや斬新な直感のためにエネルギーを使い、目に見えない次元で変革を促す配置。,あなたは無意識領域で人類全体の集合意識と繋がり、突然のインスピレーションを通じて宇宙の真理や人類の未来を察知する特別な感性を持っています。潜在的な孤独感を全人類との一体感へと転換し、内面で精神的な覚醒を完成させることで、内なる革新を促し、隠された可能性を大きく開花させていくでしょう。
Pluto,Pisces,1,魂レベルの共感を通して、本来の自分に生まれ変わる,魂レベルの深い共感力を通して、自分自身の個性や第一印象を根本的に変容させ、本来の自分へと生まれ変わることを大切にします。,深い共感力と豊かな想像力で、あなたの魂を表現し、周囲に感動を与えることができます。,自分と他者の境界が曖昧になり、感情が混乱しがちです。自分を大切にし、心の軸をしっかり保つことを意識しましょう。,静かな雰囲気の中に深い感受性と魅力がにじみ、人の心に強く印象を残すでしょう。,深い共感力と不屈の精神で人々の魂に寄り添い、癒やしのカリスマとして新しい自己像を確立します。,繊細な感受性を浄化し、他者を癒やす力として解放することで、魂から時代を癒やす唯一無二の存在になれます。,境界線のない深い共感力が行動の原動力となり、全てを包み込む優しさで自己を表現する配置。,あなたは極めて繊細な感受性と博愛精神を持ち、目に見えないエネルギーを体現するような神秘的な個性を形成します。自己と他者の境界が最も薄いため、周囲のあらゆる影響を吸収・投影しながら、魂レベルの深い共感力を通して本来の自分へと生まれ変わることを大切にするでしょう。
Pluto,Pisces,2,共感力を生かした独自の価値観で、豊かさを築く,豊かな感受性と共感力を活かして、自分自身の才能や収入の得方を根本的に変容させ、心の豊かさを築き上げるタイプです。,豊かな感性で独自の価値を見出し、深い包容力で周囲を豊かにする力に優れています。,価値観が曖昧で衝動的な浪費をしがちです。本当に必要なものか、冷静に判断する習慣を身につけると良いでしょう。,自分の価値観や感情を深く抱え、精神的な強さを持つ人という印象を周囲に与えるでしょう。,優れた直感と芸術性で精神的な価値を収益に変え、共感力を活かした独自の豊かさを築きます。,「所有」の概念を刷新し、富を「救済と循環」に使うことで、精神的な充足と世界を癒やす資産を得られるでしょう。,目に見えない愛や徳を価値の核に置き、直感に従って必要な豊かさを引き寄せるために動く配置。,あなたは物質的な富を水のように流動的なものと捉え、直感と献身に基づいた独自の財政運営を行います。金銭への執着は皆無に近いかもしれませんが、精神的な奉仕を通じて予期せぬ豊かさを享受する不思議な運を持ち、共感力を生かした独自の価値観で心の豊かさを築き上げるでしょう。
Pluto,Pisces,3,感受性豊かに学び、言葉で人々の心を動かす,感受性豊かに学び、言葉を通じて人々の心に深く響くメッセージを発信し、交流のあり方を根本的に変える性質です。,豊かな感受性で相手を深く理解し、想像力に富んだ表現で人々の心を動かす力があります。,思考が混乱しやすく、曖昧な発言で誤解を招きがちです。情報を整理し、言葉を明確に伝える意識を持つと安心です。,言葉に深い感情や洞察が混ざりやすく、人々の心を温かく動かす話し手として見られるでしょう。,情緒的な深みと鋭い洞察力で、人々の心を震わせる表現や物語制作に圧倒的な影響力を持ちます。,魂の真実を伝え、知性を「精神的な救済」に向けることで、人々の意識を変容させる知的な権威を確立できます。,詩的で幻想的な言葉を使い、相手の心の一番深い部分に癒やしを届けるために奔走する配置。,あなたは言葉を介さないテレパシー的共感や、詩的・映像的な直感による情報伝達を行うことで、人々の心に深く響くメッセージを発信します。思考が論理の枠を超えて拡散しやすく、夢や無意識の世界を言語化するクリエイティブな才能を発揮することで、感受性豊かに学び、言葉を通じて人々の心を動かすでしょう。
Pluto,Pisces,4,家庭やルーツへの深い共感で、心の基盤を再生する,家族やルーツへの深い共感を通して、心の基盤を根本的に変容させ、自分自身にとっての安心できる場所を再生していく性質です。,深い共感と包容力で、周囲に安心感と癒しをもたらし、心の基盤を築くことができます。,家庭に依存しやすく、感情が混乱しがちです。自立心を育み、健全な心の境界線を保つことを意識すると良いでしょう。,親しい関係では深い共感と強い結びつきが生まれ、互いに良い影響を与え合うでしょう。,家系の悲しみや因縁を清算し、慈愛に満ちた究極の癒やしの場として家庭を再構築します。,家族の精神的自立を尊重し、癒やしの力で不和を解消することで、内なる安心感を得て魂の平安を次世代へ継承できます。,家族との霊的な繋がりを死守し、全てを許し合える慈悲に満ちた聖域を維持するために尽力する配置。,あなたは形のない安らぎやスピリチュアルな絆を求め、居住空間を精神的なシェルターとして構築するでしょう。家族との境界が情緒的に完全に溶解しているため、目に見えないカルマや癒やしをテーマにした居場所を維持しながら、家庭やルーツへの深い共感を通して心の基盤を再生していきます。
Pluto,Pisces,5,豊かな感受性で創造力を発揮し、魂を表現する,豊かな感受性で創造性を爆発させ、魂が求める自己表現を追求することで、心の底から楽しみや喜びを生み出すタイプです。,豊かな感性で芸術的な表現を生み出し、ロマンと魅力で人々の心を惹きつける力があります。,恋愛で幻想を抱きやすく、感情が迷走しがちです。現実をしっかり見つめ、自分軸を保つことを大切にしましょう。,自己表現に神秘的な魅力と深みがにじみ、周囲に強く心に残る印象を与えるでしょう。,溢れる想像力と繊細な表現力を活かし、音楽や映像など夢のある分野で才能を爆発させるでしょう。,魂の救済を意識した自己探究と表現にこだわることで、卓越した天才性が開花し歴史を塗り替える実績へとつながります。,夢や幻想の世界に没頭して創作を楽しみ、神秘的な悦びを優しく繊細に表現する配置。,あなたは現実の境界を完全に超えた、夢想的でロマンチックな世界に没入することで、豊かな感受性で創造性を爆発させます。恋愛では自己犠牲的な献身を究極の愛として理想化し、相手と魂のレベルで一体化することに陶酔しながら、魂が求める自己表現を追求し心の底から楽しみや喜びを生み出すでしょう。
Pluto,Pisces,6,奉仕の精神で日常業務を改革し、癒しをもたらす,奉仕の精神と感受性を活かして、仕事の習慣や日々の調整を根本的に変革し、人々に深い癒しをもたらすことを大切にします。,深い共感と献身的な奉仕の精神で、人々に癒しをもたらし、日常をより良くする力があります。,自己犠牲をしすぎて疲労を溜め込み、現実逃避しやすくなります。無理せず、自分を労わる時間を設けることが大切です。,相手の状態を深く感じ取り、静かに寄り添い支える、信頼できる人物として慕われるでしょう。,見えにくい痛点を掘り起こし、奉仕の精神で日常業務を改革しながら癒やしをもたらすでしょう。,完璧を求めすぎず、人々の魂の救済を意識して働くことで、信頼される絶対的な実力者へと成長できるでしょう。,苦しむ人への献身的な奉仕にエネルギーを捧げ、職場や日常の現場を愛で浄化するために働く配置。,あなたは医療、福祉、あるいは癒やしの現場に従事し、他者の苦しみを救うことに自己の存在価値を見出すでしょう。職場のエネルギー的な不調和に敏感で心身を消耗しやすいかもしれませんが、その献身的な姿勢で大衆の救済となり、奉仕の精神で日常業務を改革し、深い癒しをもたらします。
Pluto,Pisces,7,深い共感で人間関係を変え、絆を再生させる,深い共感力で人との繋がりを根本的に変容させ、パートナーシップにおいて魂が求める真の絆を再生していく性質です。,深い共感と包容力で人々と心を通わせ、温かい交流を通じて絆を再生させる力があります。,人間関係で依存しやすく、相手との境界が曖昧になりがちです。自立心を大切にし、健全な距離感を保つと良いでしょう。,一対一の関係では深い精神的な共鳴が生まれ、運命的な絆を感じやすいでしょう。,深い共感力でパートナーと魂の絆を結び、究極の信頼関係を通じて自己を再生させるでしょう。,相手の魂の自由を尊重し、葛藤を「真の愛」を学ぶ機会と捉えることで、人生の最強の味方を得られるでしょう。,対人関係において魂レベルの一体感を求め、互いを救い合う境界線のない絆のために尽力する配置。,あなたはパートナーシップにおいて、無条件の愛や赦しを求め、相手のすべてを受け入れようとします。依存的な関係や実態のない救済を求める相手を惹きつけやすい傾向もありますが、深い共鳴を通じて魂の絆を構築することで、人間関係を根本的に変容させ、真の繋がりを再生していくでしょう。
Pluto,Pisces,8,集合的な無意識と繋がり、徹底的な変容を遂げる,人との深い結びつきや集合的な無意識を通して、自分自身を徹底的に変容させ、魂の再生を遂げることを大切にするタイプです。,豊かな想像力と深い洞察力で人々の心に寄り添い、共に再生へと導く共感力があります。,深い関係性で幻想に執着し、感情が極端になり依存しがちです。現実を受け入れ、バランスの取れた心の状態を保ちましょう。,深い関係では心と心の結びつきが強く、互いの再生を促すような力が働きやすいでしょう。,他者の深い感情や集合的な無意識と繋がり、神秘的な領域で真の変容力を覚醒させるでしょう。,支配欲を「無償の愛と再生」へ転換しリーダーシップを発揮することで、精神的に豊かでカリスマ的な成功を掴めます。,他者と感情的に溶け合う体験を通じて精神を浄化し、深い慈悲による再生を果たす配置。,あなたは個人の境界を捨てて宇宙的なエネルギーに身を委ねることで、集合的な無意識と深く繋がり、自分自身を徹底的に変容させます。不透明な継承や心理的な死と再生を経験しやすい傾向もありますが、深い瞑想的なプロセスを経て、真の精神的豊かさを享受し、魂の再生を遂げるでしょう。
Pluto,Pisces,9,精神世界を深く探求し、普遍的な真理を発見する,精神世界や哲学を深く探求し、宇宙の真理を発見することで、自分自身の世界観を根本的に変容させていく性質です。,豊かな想像力と共感に基づいた哲学で、精神世界を深く探究し真理を見出す力があります。,思想や理想に没頭しすぎて、現実逃避しやすくなります。地に足をつけて、物事を多角的に見ることで視野が広がります。,思想や精神性を深く追求する姿勢は、人々の心に良い影響を与えるでしょう。,高い理想と慈愛に満ちた探求心で、精神世界を癒やすような新しい思想を打ち立てるでしょう。,理想を「魂を救う仕組み」に活かし、常に自身の愛でアップデートすることで、信頼を集め世界規模での大成につながります。,無条件の愛を世界の真理として追求し、神秘的な学びを通じて魂の救済のために奔走する配置。,あなたは論理を完全に排した絶対的な愛やワンネスを真理として探求し、精神世界や哲学を深く掘り下げていくでしょう。精神的な覚醒を通じて既存の意識を完全に溶解させ、人類を癒やすための高次の英知を確立することで、宇宙の普遍的な真理を発見し、自身の世界観を根本的に変容させていきます。
Pluto,Pisces,10,共感の力で社会に貢献し、人々を癒す役割を担う,深い共感力と癒しの力で社会的な使命を全うし、人々の心に寄り添いながら、公の場で大きな影響を与えていくタイプです。,深い包容力と共感で社会に貢献し、人々を癒す大きな影響力を発揮できるのが強みです。,社会的な評価に依存しやすく、現実逃避や判断の曖昧さを招きがちです。自分の軸を持ち、自信を持って決断しましょう。,社会的な場でも静かな迫力と深い影響力があり、多くの人々を良い方向へ動かすでしょう。,深い共感力と再生力が評価され、人々を癒やす支援的な立場で社会に影響力を持つでしょう。,名声より「真実の愛」を選び、人々を救う決断をし続けることで、心から尊敬される指導者になれます。,芸術や福祉の分野で慈愛に満ちたリーダーシップを発揮し、心の拠り所となる役割を完遂する配置。,あなたは芸術、福祉、あるいは精神的な分野で成功を収め、社会を癒やす象徴的な救済者としての地位を築くでしょう。社会的なイメージが聖職者的であり、直感に従うことで時代が求める癒やしを提供し、深い共感の力で社会に貢献し、人々の心に寄り添う大切な役割を担います。
Pluto,Pisces,11,仲間と深く共感し、未来への理想を共に創造する,仲間やコミュニティと深く共感し合い、未来への理想を共に創造することで、社会に大きな変容をもたらすことを大切にします。,仲間と深く共感し、癒しと想像力に満ちた交流を通じて、未来を共に創造する企画力があります。,仲間や集団に依存しやすく、理想を見失いがちです。自分自身の夢を大切にし、健全な関係性を築くことを心がけましょう。,仲間との関係に深い共鳴が生まれやすく、グループに温かく良い影響を与えるでしょう。,自由な精神と深い共感力で仲間と連携し、社会を根底から変革する「魂の連帯」を構築します。,癒やしと創造の力でコミュニティを改革し、大義に情熱を注ぐことで、あなたはカリスマリーダーとして絶大な支持を得られます。,人類の平和を夢見る仲間と癒やしのビジョンを共有し、理想の未来を感覚的な行動で描き出す配置。,あなたは理想郷を夢見る優しい仲間と深く繋がり、境界線のない博愛的な世界を作るための活動を主導するでしょう。友人関係を魂の家族と見なし、集団の理想に没入することで未来へのビジョンを形にし、仲間と共に未来への理想を創造し、社会に大きな変容をもたらします。
Pluto,Pisces,12,無意識の深層を癒し、魂の真実と繋がる,無意識の奥底にある感情を癒し、過去の経験を手放すことで、魂の真実と繋がり、深い自己変容を遂げる性質です。,人の心の奥深くに共鳴し、直感的な洞察力で、内面に穏やかな癒しと素晴らしい変容をもたらすことができます。,現実逃避しすぎて自分を見失い、孤立しやすくなります。心の声に耳を傾け、自分を慈しむ時間を大切にすると安心です。,内面の精神性と深い洞察が秘められ、静かに人々を癒すような存在感を放つでしょう。,人々の心の奥底や見えない真実と向き合い、深い癒しや根本的な安心をそっと届けることで真価を発揮するでしょう。,心の奥底を癒し、一人静かに内省する時間を持つことで、あなたの潜在能力が目覚め、大きな使命を果たせるでしょう。,宇宙との一体感や孤独な祈りの中にエネルギーを向け、目に見えない次元の愛を体現するために動く配置。,あなたの深遠な内なる世界では、心の奥底に秘められた感情が癒され、過去の記憶が優しく手放されます。これによって魂の真実と深く繋がり、自己の根底から壮大な変容を経験するでしょう。そして、無意識の奥深くにあるあらゆる境界を超越し、内なる至高の自由と覚醒を、あなた自身の存在として完成させていくでしょう。
